{"type": "FeatureCollection", "features": [{"type": "Feature", "geometry": {"geodesic": false, "type": "Polygon", "coordinates": [[[119.55624217429664, 34.545073576929845], [119.55624217429664, 34.5447142508162], [119.55606251123982, 34.5447142508162], [119.55606251123982, 34.54453458775937], [119.55588284818299, 34.54453458775937], [119.55588284818299, 34.54435492470255], [119.55552352206935, 34.54435492470255], [119.55552352206935, 34.54417526164573], [119.55534385901252, 34.54417526164573], [119.55534385901252, 34.5439955985889], [119.5551641959557, 34.5439955985889], [119.5551641959557, 34.54381593553208], [119.55498453289887, 34.54381593553208], [119.55498453289887, 34.543636272475254], [119.55480486984204, 34.543636272475254], [119.55480486984204, 34.543456609418435], [119.55390655455793, 34.543456609418435], [119.55390655455793, 34.543636272475254], [119.55372689150111, 34.543636272475254], [119.55372689150111, 34.54381593553208], [119.55354722844429, 34.54381593553208], [119.55354722844429, 34.5439955985889], [119.55336756538746, 34.5439955985889], [119.55336756538746, 34.54417526164573], [119.55300823927381, 34.54417526164573], [119.55300823927381, 34.54435492470255], [119.55264891316017, 34.54435492470255], [119.55264891316017, 34.54453458775937], [119.55228958704652, 34.54453458775937], [119.55228958704652, 34.5447142508162], [119.55210992398969, 34.5447142508162], [119.55210992398969, 34.544893913873025], [119.55193026093286, 34.544893913873025], [119.55193026093286, 34.545073576929845], [119.55157093481922, 34.545073576929845], [119.55157093481922, 34.5447142508162], [119.55121160870557, 34.5447142508162], [119.55121160870557, 34.544893913873025], [119.5506726195351, 34.544893913873025], [119.5506726195351, 34.5447142508162], [119.55031329342145, 34.5447142508162], [119.55031329342145, 34.54435492470255], [119.55013363036463, 34.54435492470255], [119.55013363036463, 34.54453458775937], [119.54959464119416, 34.54453458775937], [119.54959464119416, 34.5447142508162], [119.54941497813734, 34.5447142508162], [119.54941497813734, 34.544893913873025], [119.54905565202368, 34.544893913873025], [119.54905565202368, 34.5447142508162], [119.54923531508051, 34.5447142508162], [119.54923531508051, 34.54453458775937], [119.54941497813734, 34.54453458775937], [119.54941497813734, 34.54435492470255], [119.54959464119416, 34.54435492470255], [119.54959464119416, 34.54417526164573], [119.5499539673078, 34.54417526164573], [119.5499539673078, 34.54435492470255], [119.55013363036463, 34.54435492470255], [119.55013363036463, 34.54417526164573], [119.55031329342145, 34.54417526164573], [119.55031329342145, 34.54435492470255], [119.55085228259192, 34.54435492470255], [119.55085228259192, 34.54417526164573], [119.5506726195351, 34.54417526164573], [119.5506726195351, 34.5439955985889], [119.55049295647828, 34.5439955985889], [119.55049295647828, 34.543636272475254], [119.5506726195351, 34.543636272475254], [119.5506726195351, 34.543456609418435], [119.55085228259192, 34.543456609418435], [119.55085228259192, 34.54327694636161], [119.55121160870557, 34.54327694636161], [119.55121160870557, 34.54291762024796], [119.55085228259192, 34.54291762024796], [119.55085228259192, 34.54309728330478], [119.55049295647828, 34.54309728330478], [119.55049295647828, 34.54327694636161], [119.55031329342145, 34.54327694636161], [119.55031329342145, 34.543456609418435], [119.55013363036463, 34.543456609418435], [119.55013363036463, 34.54381593553208], [119.54923531508051, 34.54381593553208], [119.54923531508051, 34.543636272475254], [119.54905565202368, 34.543636272475254], [119.54905565202368, 34.543456609418435], [119.54887598896686, 34.543456609418435], [119.54887598896686, 34.54381593553208], [119.54905565202368, 34.54381593553208], [119.54905565202368, 34.54435492470255], [119.54887598896686, 34.54435492470255], [119.54887598896686, 34.54453458775937], [119.54815733673956, 34.54453458775937], [119.54815733673956, 34.54435492470255], [119.54797767368274, 34.54435492470255], [119.54797767368274, 34.5439955985889], [119.54815733673956, 34.5439955985889], [119.54815733673956, 34.54381593553208], [119.54797767368274, 34.54381593553208], [119.54797767368274, 34.543636272475254], [119.54779801062593, 34.543636272475254], [119.54779801062593, 34.543456609418435], [119.5476183475691, 34.543456609418435], [119.5476183475691, 34.54327694636161], [119.54725902145545, 34.54327694636161], [119.54725902145545, 34.54309728330478], [119.54707935839862, 34.54309728330478], [119.54707935839862, 34.54291762024796], [119.54689969534179, 34.54291762024796], [119.54689969534179, 34.543456609418435], [119.54672003228498, 34.543456609418435], [119.54672003228498, 34.543636272475254], [119.54654036922815, 34.543636272475254], [119.54654036922815, 34.54381593553208], [119.54636070617133, 34.54381593553208], [119.54636070617133, 34.5439955985889], [119.54582171700086, 34.5439955985889], [119.54582171700086, 34.54381593553208], [119.54564205394404, 34.54381593553208], [119.54564205394404, 34.543456609418435], [119.54492340171673, 34.543456609418435], [119.54492340171673, 34.54327694636161], [119.54402508643261, 34.54327694636161], [119.54402508643261, 34.54309728330478], [119.5438454233758, 34.54309728330478], [119.5438454233758, 34.54291762024796], [119.54402508643261, 34.54291762024796], [119.54402508643261, 34.54255829413431], [119.54366576031897, 34.54255829413431], [119.54366576031897, 34.54237863107749], [119.54348609726215, 34.54237863107749], [119.54348609726215, 34.54201930496384], [119.54366576031897, 34.54201930496384], [119.54366576031897, 34.54183964190702], [119.5438454233758, 34.54183964190702], [119.5438454233758, 34.54148031579337], [119.54420474948944, 34.54148031579337], [119.54420474948944, 34.54183964190702], [119.54438441254626, 34.54183964190702], [119.54438441254626, 34.54165997885019], [119.54456407560309, 34.54165997885019], [119.54456407560309, 34.54148031579337], [119.54438441254626, 34.54148031579337], [119.54438441254626, 34.541300652736545], [119.54420474948944, 34.541300652736545], [119.54420474948944, 34.5409413266229], [119.54294710809167, 34.5409413266229], [119.54294710809167, 34.54076166356607], [119.54276744503485, 34.54076166356607], [119.54276744503485, 34.54058200050925], [119.54258778197803, 34.54058200050925], [119.54258778197803, 34.54040233745243], [119.5424081189212, 34.54040233745243], [119.5424081189212, 34.5402226743956], [119.54222845586438, 34.5402226743956], [119.54222845586438, 34.540043011338774], [119.54204879280755, 34.540043011338774], [119.54204879280755, 34.53968368522513], [119.54186912975074, 34.53968368522513], [119.54186912975074, 34.53950402216831], [119.54150980363708, 34.53950402216831], [119.54150980363708, 34.53932435911148], [119.54133014058026, 34.53932435911148], [119.54133014058026, 34.53896503299784], [119.54168946669391, 34.53896503299784], [119.54168946669391, 34.538605706884184], [119.54150980363708, 34.538605706884184], [119.54150980363708, 34.53824638077054], [119.54133014058026, 34.53824638077054], [119.54133014058026, 34.53788705465689], [119.54150980363708, 34.53788705465689], [119.54150980363708, 34.537707391600065], [119.54204879280755, 34.537707391600065], [119.54204879280755, 34.53734806548642], [119.54222845586438, 34.53734806548642], [119.54222845586438, 34.53716840242959], [119.54276744503485, 34.53716840242959], [119.54276744503485, 34.536988739372774], [119.54294710809167, 34.536988739372774], [119.54294710809167, 34.53662941325912], [119.54258778197803, 34.53662941325912], [119.54258778197803, 34.53680907631595], [119.5424081189212, 34.53680907631595], [119.5424081189212, 34.536988739372774], [119.54204879280755, 34.536988739372774], [119.54204879280755, 34.53716840242959], [119.54150980363708, 34.53716840242959], [119.54150980363708, 34.536988739372774], [119.54186912975074, 34.536988739372774], [119.54186912975074, 34.53680907631595], [119.54204879280755, 34.53680907631595], [119.54204879280755, 34.53662941325912], [119.5424081189212, 34.53662941325912], [119.5424081189212, 34.5364497502023], [119.54258778197803, 34.5364497502023], [119.54258778197803, 34.536270087145475], [119.54276744503485, 34.536270087145475], [119.54276744503485, 34.53609042408865], [119.54258778197803, 34.53609042408865], [119.54258778197803, 34.53591076103183], [119.5424081189212, 34.53591076103183], [119.5424081189212, 34.535731097975], [119.54258778197803, 34.535731097975], [119.54258778197803, 34.535551434918176], [119.54276744503485, 34.535551434918176], [119.54276744503485, 34.53537177186136], [119.54294710809167, 34.53537177186136], [119.54294710809167, 34.53519210880453], [119.54330643420532, 34.53519210880453], [119.54330643420532, 34.53465311963406], [119.54348609726215, 34.53465311963406], [119.54348609726215, 34.53447345657724], [119.5438454233758, 34.53447345657724], [119.5438454233758, 34.53465311963406], [119.54402508643261, 34.53465311963406], [119.54402508643261, 34.53447345657724], [119.54456407560309, 34.53447345657724], [119.54456407560309, 34.53465311963406], [119.54474373865992, 34.53465311963406], [119.54474373865992, 34.53447345657724], [119.54528272783038, 34.53447345657724], [119.54528272783038, 34.53429379352041], [119.54564205394404, 34.53429379352041], [119.54564205394404, 34.533934467406766], [119.54510306477356, 34.533934467406766], [119.54510306477356, 34.53357514129311], [119.54528272783038, 34.53357514129311], [119.54528272783038, 34.533395478236294], [119.5461810431145, 34.533395478236294], [119.5461810431145, 34.53321581517947], [119.54636070617133, 34.53321581517947], [119.54636070617133, 34.53303615212265], [119.54654036922815, 34.53303615212265], [119.54654036922815, 34.53285648906582], [119.54672003228498, 34.53285648906582], [119.54672003228498, 34.532676826008995], [119.54707935839862, 34.532676826008995], [119.54707935839862, 34.53213783683852], [119.54725902145545, 34.53213783683852], [119.54725902145545, 34.5319581737817], [119.54779801062593, 34.5319581737817], [119.54779801062593, 34.53213783683852], [119.54815733673956, 34.53213783683852], [119.54815733673956, 34.5319581737817], [119.54851666285322, 34.5319581737817], [119.54851666285322, 34.53177851072488], [119.54887598896686, 34.53177851072488], [119.54887598896686, 34.5319581737817], [119.54905565202368, 34.5319581737817], [119.54905565202368, 34.53231749989535], [119.54923531508051, 34.53231749989535], [119.54923531508051, 34.532497162952176], [119.54941497813734, 34.532497162952176], [119.54941497813734, 34.532676826008995], [119.54959464119416, 34.532676826008995], [119.54959464119416, 34.53321581517947], [119.54923531508051, 34.53321581517947], [119.54923531508051, 34.53375480434994], [119.54887598896686, 34.53375480434994], [119.54887598896686, 34.533934467406766], [119.54941497813734, 34.533934467406766], [119.54941497813734, 34.53375480434994], [119.5499539673078, 34.53375480434994], [119.5499539673078, 34.533934467406766], [119.55031329342145, 34.533934467406766], [119.55031329342145, 34.534114130463585], [119.55049295647828, 34.534114130463585], [119.55049295647828, 34.53429379352041], [119.55103194564875, 34.53429379352041], [119.55103194564875, 34.53447345657724], [119.55121160870557, 34.53447345657724], [119.55121160870557, 34.53465311963406], [119.5513912717624, 34.53465311963406], [119.5513912717624, 34.534832782690884], [119.55157093481922, 34.534832782690884], [119.55157093481922, 34.53501244574771], [119.55121160870557, 34.53501244574771], [119.55121160870557, 34.53519210880453], [119.55157093481922, 34.53519210880453], [119.55157093481922, 34.535551434918176], [119.55175059787605, 34.535551434918176], [119.55175059787605, 34.535731097975], [119.55193026093286, 34.535731097975], [119.55193026093286, 34.53591076103183], [119.55264891316017, 34.53591076103183], [119.55264891316017, 34.53609042408865], [119.55282857621698, 34.53609042408865], [119.55282857621698, 34.536270087145475], [119.55264891316017, 34.536270087145475], [119.55264891316017, 34.536988739372774], [119.55246925010334, 34.536988739372774], [119.55246925010334, 34.53680907631595], [119.55193026093286, 34.53680907631595], [119.55193026093286, 34.536988739372774], [119.55175059787605, 34.536988739372774], [119.55175059787605, 34.53716840242959], [119.55157093481922, 34.53716840242959], [119.55157093481922, 34.53734806548642], [119.55175059787605, 34.53734806548642], [119.55175059787605, 34.53752772854324], [119.55300823927381, 34.53752772854324], [119.55300823927381, 34.53734806548642], [119.55336756538746, 34.53734806548642], [119.55336756538746, 34.53752772854324], [119.55354722844429, 34.53752772854324], [119.55354722844429, 34.53716840242959], [119.55372689150111, 34.53716840242959], [119.55372689150111, 34.53734806548642], [119.55390655455793, 34.53734806548642], [119.55390655455793, 34.53752772854324], [119.55354722844429, 34.53752772854324], [119.55354722844429, 34.53788705465689], [119.55390655455793, 34.53788705465689], [119.55390655455793, 34.53806671771371], [119.55408621761475, 34.53806671771371], [119.55408621761475, 34.538605706884184], [119.5544455437284, 34.538605706884184], [119.5544455437284, 34.53896503299784], [119.55480486984204, 34.53896503299784], [119.55480486984204, 34.53932435911148], [119.55462520678523, 34.53932435911148], [119.55462520678523, 34.53950402216831], [119.5544455437284, 34.53950402216831], [119.5544455437284, 34.540043011338774], [119.55480486984204, 34.540043011338774], [119.55480486984204, 34.5402226743956], [119.5551641959557, 34.5402226743956], [119.5551641959557, 34.540043011338774], [119.55570318512618, 34.540043011338774], [119.55570318512618, 34.539863348281955], [119.55588284818299, 34.539863348281955], [119.55588284818299, 34.53968368522513], [119.55678116346711, 34.53968368522513], [119.55678116346711, 34.539863348281955], [119.55696082652393, 34.539863348281955], [119.55696082652393, 34.540043011338774], [119.55714048958076, 34.540043011338774], [119.55714048958076, 34.5402226743956], [119.55732015263759, 34.5402226743956], [119.55732015263759, 34.54058200050925], [119.55749981569441, 34.54058200050925], [119.55749981569441, 34.54076166356607], [119.55785914180805, 34.54076166356607], [119.55785914180805, 34.5409413266229], [119.55803880486488, 34.5409413266229], [119.55803880486488, 34.54112098967972], [119.5582184679217, 34.54112098967972], [119.5582184679217, 34.541300652736545], [119.55839813097853, 34.541300652736545], [119.55839813097853, 34.54148031579337], [119.55857779403536, 34.54148031579337], [119.55857779403536, 34.54183964190702], [119.55875745709217, 34.54183964190702], [119.55875745709217, 34.54201930496384], [119.558937120149, 34.54201930496384], [119.558937120149, 34.542198968020664], [119.55911678320582, 34.542198968020664], [119.55911678320582, 34.54237863107749], [119.55929644626265, 34.54237863107749], [119.55929644626265, 34.54255829413431], [119.55947610931948, 34.54255829413431], [119.55947610931948, 34.542737957191136], [119.5596557723763, 34.542737957191136], [119.5596557723763, 34.54291762024796], [119.55983543543311, 34.54291762024796], [119.55983543543311, 34.54309728330478], [119.5596557723763, 34.54309728330478], [119.5596557723763, 34.54327694636161], [119.558937120149, 34.54327694636161], [119.558937120149, 34.54309728330478], [119.55839813097853, 34.54309728330478], [119.55839813097853, 34.54327694636161], [119.5582184679217, 34.54327694636161], [119.5582184679217, 34.543636272475254], [119.55857779403536, 34.543636272475254], [119.55857779403536, 34.54381593553208], [119.55839813097853, 34.54381593553208], [119.55839813097853, 34.5439955985889], [119.55803880486488, 34.5439955985889], [119.55803880486488, 34.54417526164573], [119.55785914180805, 34.54417526164573], [119.55785914180805, 34.54435492470255], [119.55749981569441, 34.54435492470255], [119.55749981569441, 34.54453458775937], [119.55732015263759, 34.54453458775937], [119.55732015263759, 34.5447142508162], [119.55696082652393, 34.5447142508162], [119.55696082652393, 34.544893913873025], [119.55678116346711, 34.544893913873025], [119.55678116346711, 34.545073576929845], [119.55624217429664, 34.545073576929845]], [[119.54869632591004, 34.53303615212265], [119.54851666285322, 34.53303615212265], [119.54851666285322, 34.53285648906582], [119.54869632591004, 34.53285648906582], [119.54869632591004, 34.53303615212265]], [[119.54869632591004, 34.53357514129311], [119.54851666285322, 34.53357514129311], [119.54851666285322, 34.533395478236294], [119.54869632591004, 34.533395478236294], [119.54869632591004, 34.53357514129311]], [[119.54725902145545, 34.534114130463585], [119.54707935839862, 34.534114130463585], [119.54707935839862, 34.53375480434994], [119.54672003228498, 34.53375480434994], [119.54672003228498, 34.533934467406766], [119.54654036922815, 34.533934467406766], [119.54654036922815, 34.534114130463585], [119.5461810431145, 34.534114130463585], [119.5461810431145, 34.533934467406766], [119.54600138005767, 34.533934467406766], [119.54600138005767, 34.53357514129311], [119.5461810431145, 34.53357514129311], [119.5461810431145, 34.533395478236294], [119.54672003228498, 34.533395478236294], [119.54672003228498, 34.53321581517947], [119.54707935839862, 34.53321581517947], [119.54707935839862, 34.53303615212265], [119.54743868451227, 34.53303615212265], [119.54743868451227, 34.53321581517947], [119.5476183475691, 34.53321581517947], [119.5476183475691, 34.533395478236294], [119.54779801062593, 34.533395478236294], [119.54779801062593, 34.53375480434994], [119.54743868451227, 34.53375480434994], [119.54743868451227, 34.533934467406766], [119.54725902145545, 34.533934467406766], [119.54725902145545, 34.534114130463585]], [[119.5499539673078, 34.534832782690884], [119.54977430425099, 34.534832782690884], [119.54977430425099, 34.53465311963406], [119.5499539673078, 34.53465311963406], [119.5499539673078, 34.534832782690884]], [[119.54600138005767, 34.53609042408865], [119.54582171700086, 34.53609042408865], [119.54582171700086, 34.53591076103183], [119.54600138005767, 34.53591076103183], [119.54600138005767, 34.53609042408865]], [[119.54456407560309, 34.5364497502023], [119.54438441254626, 34.5364497502023], [119.54438441254626, 34.536270087145475], [119.54456407560309, 34.536270087145475], [119.54456407560309, 34.5364497502023]], [[119.54689969534179, 34.5364497502023], [119.54672003228498, 34.5364497502023], [119.54672003228498, 34.53591076103183], [119.54689969534179, 34.53591076103183], [119.54689969534179, 34.535731097975], [119.54725902145545, 34.535731097975], [119.54725902145545, 34.535551434918176], [119.54743868451227, 34.535551434918176], [119.54743868451227, 34.53519210880453], [119.54689969534179, 34.53519210880453], [119.54689969534179, 34.53537177186136], [119.54672003228498, 34.53537177186136], [119.54672003228498, 34.535551434918176], [119.5461810431145, 34.535551434918176], [119.5461810431145, 34.53537177186136], [119.54600138005767, 34.53537177186136], [119.54600138005767, 34.53501244574771], [119.54582171700086, 34.53501244574771], [119.54582171700086, 34.53465311963406], [119.54600138005767, 34.53465311963406], [119.54600138005767, 34.53447345657724], [119.5461810431145, 34.53447345657724], [119.5461810431145, 34.53429379352041], [119.54654036922815, 34.53429379352041], [119.54654036922815, 34.53465311963406], [119.54672003228498, 34.53465311963406], [119.54672003228498, 34.534832782690884], [119.54689969534179, 34.534832782690884], [119.54689969534179, 34.53501244574771], [119.54725902145545, 34.53501244574771], [119.54725902145545, 34.53465311963406], [119.54743868451227, 34.53465311963406], [119.54743868451227, 34.53447345657724], [119.54815733673956, 34.53447345657724], [119.54815733673956, 34.53465311963406], [119.54833699979639, 34.53465311963406], [119.54833699979639, 34.534832782690884], [119.54851666285322, 34.534832782690884], [119.54851666285322, 34.53501244574771], [119.54815733673956, 34.53501244574771], [119.54815733673956, 34.53519210880453], [119.54779801062593, 34.53519210880453], [119.54779801062593, 34.53537177186136], [119.5476183475691, 34.53537177186136], [119.5476183475691, 34.535731097975], [119.54779801062593, 34.535731097975], [119.54779801062593, 34.53609042408865], [119.54707935839862, 34.53609042408865], [119.54707935839862, 34.536270087145475], [119.54689969534179, 34.536270087145475], [119.54689969534179, 34.5364497502023]], [[119.54492340171673, 34.53662941325912], [119.54456407560309, 34.53662941325912], [119.54456407560309, 34.5364497502023], [119.54492340171673, 34.5364497502023], [119.54492340171673, 34.53662941325912]], [[119.54204879280755, 34.53806671771371], [119.54186912975074, 34.53806671771371], [119.54186912975074, 34.53788705465689], [119.54204879280755, 34.53788705465689], [119.54204879280755, 34.53806671771371]], [[119.5424081189212, 34.53824638077054], [119.54204879280755, 34.53824638077054], [119.54204879280755, 34.53806671771371], [119.5424081189212, 34.53806671771371], [119.5424081189212, 34.53824638077054]], [[119.55336756538746, 34.53824638077054], [119.55318790233063, 34.53824638077054], [119.55318790233063, 34.53806671771371], [119.55336756538746, 34.53806671771371], [119.55336756538746, 34.53824638077054]], [[119.54941497813734, 34.538605706884184], [119.54905565202368, 34.538605706884184], [119.54905565202368, 34.538426043827364], [119.54941497813734, 34.538426043827364], [119.54941497813734, 34.538605706884184]], [[119.54564205394404, 34.53878536994101], [119.54546239088721, 34.53878536994101], [119.54546239088721, 34.538605706884184], [119.54564205394404, 34.538605706884184], [119.54564205394404, 34.53878536994101]], [[119.54528272783038, 34.53896503299784], [119.54510306477356, 34.53896503299784], [119.54510306477356, 34.53878536994101], [119.54528272783038, 34.53878536994101], [119.54528272783038, 34.53896503299784]], [[119.54779801062593, 34.53896503299784], [119.5476183475691, 34.53896503299784], [119.5476183475691, 34.53878536994101], [119.54779801062593, 34.53878536994101], [119.54779801062593, 34.53896503299784]], [[119.55426588067158, 34.539144696054656], [119.55408621761475, 34.539144696054656], [119.55408621761475, 34.53896503299784], [119.55426588067158, 34.53896503299784], [119.55426588067158, 34.539144696054656]], [[119.55193026093286, 34.53968368522513], [119.55175059787605, 34.53968368522513], [119.55175059787605, 34.53950402216831], [119.55193026093286, 34.53950402216831], [119.55193026093286, 34.53968368522513]], [[119.55175059787605, 34.539863348281955], [119.55157093481922, 34.539863348281955], [119.55157093481922, 34.53968368522513], [119.55175059787605, 34.53968368522513], [119.55175059787605, 34.539863348281955]], [[119.55336756538746, 34.539863348281955], [119.55246925010334, 34.539863348281955], [119.55246925010334, 34.53968368522513], [119.55336756538746, 34.53968368522513], [119.55336756538746, 34.539863348281955]], [[119.5513912717624, 34.540043011338774], [119.55103194564875, 34.540043011338774], [119.55103194564875, 34.539863348281955], [119.5513912717624, 34.539863348281955], [119.5513912717624, 34.540043011338774]], [[119.54600138005767, 34.5402226743956], [119.54582171700086, 34.5402226743956], [119.54582171700086, 34.540043011338774], [119.54600138005767, 34.540043011338774], [119.54600138005767, 34.5402226743956]], [[119.5566015004103, 34.5402226743956], [119.55624217429664, 34.5402226743956], [119.55624217429664, 34.540043011338774], [119.5566015004103, 34.540043011338774], [119.5566015004103, 34.5402226743956]], [[119.54330643420532, 34.54040233745243], [119.5431267711485, 34.54040233745243], [119.5431267711485, 34.5402226743956], [119.54330643420532, 34.5402226743956], [119.54330643420532, 34.54040233745243]], [[119.55103194564875, 34.54040233745243], [119.5506726195351, 34.54040233745243], [119.5506726195351, 34.5402226743956], [119.55103194564875, 34.5402226743956], [119.55103194564875, 34.54040233745243]], [[119.54636070617133, 34.54076166356607], [119.54600138005767, 34.54076166356607], [119.54600138005767, 34.5402226743956], [119.5461810431145, 34.5402226743956], [119.5461810431145, 34.54040233745243], [119.54636070617133, 34.54040233745243], [119.54636070617133, 34.54076166356607]], [[119.55767947875124, 34.541300652736545], [119.55749981569441, 34.541300652736545], [119.55749981569441, 34.54112098967972], [119.55767947875124, 34.54112098967972], [119.55767947875124, 34.541300652736545]], [[119.55264891316017, 34.54165997885019], [119.55246925010334, 34.54165997885019], [119.55246925010334, 34.54148031579337], [119.55264891316017, 34.54148031579337], [119.55264891316017, 34.54165997885019]], [[119.5582184679217, 34.54237863107749], [119.55803880486488, 34.54237863107749], [119.55803880486488, 34.542198968020664], [119.5582184679217, 34.542198968020664], [119.5582184679217, 34.54237863107749]], [[119.55803880486488, 34.54255829413431], [119.55767947875124, 34.54255829413431], [119.55767947875124, 34.54237863107749], [119.55803880486488, 34.54237863107749], [119.55803880486488, 34.54255829413431]], [[119.54510306477356, 34.542737957191136], [119.54474373865992, 34.542737957191136], [119.54474373865992, 34.54255829413431], [119.54510306477356, 34.54255829413431], [119.54510306477356, 34.542737957191136]], [[119.54707935839862, 34.542737957191136], [119.54672003228498, 34.542737957191136], [119.54672003228498, 34.54255829413431], [119.54689969534179, 34.54255829413431], [119.54689969534179, 34.542198968020664], [119.54707935839862, 34.542198968020664], [119.54707935839862, 34.542737957191136]], [[119.55875745709217, 34.542737957191136], [119.55839813097853, 34.542737957191136], [119.55839813097853, 34.542198968020664], [119.5582184679217, 34.542198968020664], [119.5582184679217, 34.54183964190702], [119.55839813097853, 34.54183964190702], [119.55839813097853, 34.54201930496384], [119.55857779403536, 34.54201930496384], [119.55857779403536, 34.542198968020664], [119.55875745709217, 34.542198968020664], [119.55875745709217, 34.542737957191136]], [[119.54456407560309, 34.54291762024796], [119.54438441254626, 34.54291762024796], [119.54438441254626, 34.542737957191136], [119.54456407560309, 34.542737957191136], [119.54456407560309, 34.54291762024796]], [[119.55749981569441, 34.54291762024796], [119.55732015263759, 34.54291762024796], [119.55732015263759, 34.542737957191136], [119.55749981569441, 34.542737957191136], [119.55749981569441, 34.54291762024796]], [[119.55839813097853, 34.54291762024796], [119.5582184679217, 34.54291762024796], [119.5582184679217, 34.542737957191136], [119.55839813097853, 34.542737957191136], [119.55839813097853, 34.54291762024796]], [[119.54654036922815, 34.543636272475254], [119.5461810431145, 34.543636272475254], [119.5461810431145, 34.543456609418435], [119.54654036922815, 34.543456609418435], [119.54654036922815, 34.543636272475254]], [[119.55588284818299, 34.54381593553208], [119.55552352206935, 34.54381593553208], [119.55552352206935, 34.543636272475254], [119.55588284818299, 34.543636272475254], [119.55588284818299, 34.54381593553208]], [[119.55749981569441, 34.54435492470255], [119.55732015263759, 34.54435492470255], [119.55732015263759, 34.54417526164573], [119.55749981569441, 34.54417526164573], [119.55749981569441, 34.54435492470255]], [[119.55175059787605, 34.5447142508162], [119.55157093481922, 34.5447142508162], [119.55157093481922, 34.54453458775937], [119.55175059787605, 34.54453458775937], [119.55175059787605, 34.5447142508162]]]}, "properties": {"name": "cand01", "ptype": "hall", "confidence": "low", "rank": 1, "area_ha": 152.4, "rise_db": 12.0, "digitised_from": "Sentinel-1 VV rise 2022->2026, orbit 69"}}, {"type": "Feature", "geometry": {"geodesic": false, "type": "Polygon", "coordinates": [[[119.56774060993337, 34.5236936731678], [119.56774060993337, 34.52351401011098], [119.56809993604702, 34.52351401011098], [119.56809993604702, 34.52333434705415], [119.56774060993337, 34.52333434705415], [119.56774060993337, 34.52315468399733], [119.56809993604702, 34.52315468399733], [119.56809993604702, 34.52297502094051], [119.56827959910385, 34.52297502094051], [119.56827959910385, 34.52315468399733], [119.56863892521748, 34.52315468399733], [119.56863892521748, 34.52297502094051], [119.56845926216067, 34.52297502094051], [119.56845926216067, 34.52279535788368], [119.56827959910385, 34.52279535788368], [119.56827959910385, 34.52261569482686], [119.56809993604702, 34.52261569482686], [119.56809993604702, 34.52279535788368], [119.56774060993337, 34.52279535788368], [119.56774060993337, 34.52261569482686], [119.56738128381973, 34.52261569482686], [119.56738128381973, 34.522436031770035], [119.56702195770607, 34.522436031770035], [119.56702195770607, 34.52261569482686], [119.5672016207629, 34.52261569482686], [119.5672016207629, 34.52315468399733], [119.56684229464925, 34.52315468399733], [119.56684229464925, 34.52279535788368], [119.56666263159242, 34.52279535788368], [119.56666263159242, 34.522436031770035], [119.56612364242196, 34.522436031770035], [119.56612364242196, 34.52207670565639], [119.56594397936513, 34.52207670565639], [119.56594397936513, 34.52189704259956], [119.5657643163083, 34.52189704259956], [119.5657643163083, 34.521537716485916], [119.56594397936513, 34.521537716485916], [119.56594397936513, 34.52135805342909], [119.56630330547878, 34.52135805342909], [119.56630330547878, 34.52081906425862], [119.56594397936513, 34.52081906425862], [119.56594397936513, 34.520998727315444], [119.5657643163083, 34.520998727315444], [119.5657643163083, 34.52117839037227], [119.56540499019466, 34.52117839037227], [119.56540499019466, 34.52135805342909], [119.56522532713784, 34.52135805342909], [119.56522532713784, 34.521537716485916], [119.56504566408101, 34.521537716485916], [119.56504566408101, 34.52135805342909], [119.56432701185372, 34.52135805342909], [119.56432701185372, 34.52117839037227], [119.56450667491055, 34.52117839037227], [119.56450667491055, 34.520998727315444], [119.56468633796736, 34.520998727315444], [119.56468633796736, 34.52081906425862], [119.56486600102419, 34.52081906425862], [119.56486600102419, 34.5206394012018], [119.56504566408101, 34.5206394012018], [119.56504566408101, 34.520280075088145], [119.56522532713784, 34.520280075088145], [119.56522532713784, 34.520100412031326], [119.56486600102419, 34.520100412031326], [119.56486600102419, 34.52045973814497], [119.56468633796736, 34.52045973814497], [119.56468633796736, 34.520100412031326], [119.56486600102419, 34.520100412031326], [119.56486600102419, 34.5199207489745], [119.56450667491055, 34.5199207489745], [119.56450667491055, 34.520280075088145], [119.56432701185372, 34.520280075088145], [119.56432701185372, 34.520100412031326], [119.5641473487969, 34.520100412031326], [119.5641473487969, 34.5199207489745], [119.56378802268324, 34.5199207489745], [119.56378802268324, 34.51956142286085], [119.56396768574007, 34.51956142286085], [119.56396768574007, 34.51920209674721], [119.56432701185372, 34.51920209674721], [119.56432701185372, 34.51902243369038], [119.56468633796736, 34.51902243369038], [119.56468633796736, 34.518842770633555], [119.56558465325149, 34.518842770633555], [119.56558465325149, 34.518663107576735], [119.5657643163083, 34.518663107576735], [119.5657643163083, 34.51830378146308], [119.56666263159242, 34.51830378146308], [119.56666263159242, 34.518663107576735], [119.56648296853561, 34.518663107576735], [119.56648296853561, 34.518842770633555], [119.56666263159242, 34.518842770633555], [119.56666263159242, 34.51902243369038], [119.56684229464925, 34.51902243369038], [119.56684229464925, 34.518842770633555], [119.5672016207629, 34.518842770633555], [119.5672016207629, 34.518663107576735], [119.56702195770607, 34.518663107576735], [119.56702195770607, 34.51812411840626], [119.56684229464925, 34.51812411840626], [119.56684229464925, 34.517944455349436], [119.56702195770607, 34.517944455349436], [119.56702195770607, 34.51776479229261], [119.5672016207629, 34.51776479229261], [119.5672016207629, 34.51758512923579], [119.56756094687655, 34.51758512923579], [119.56756094687655, 34.51776479229261], [119.56774060993337, 34.51776479229261], [119.56774060993337, 34.517944455349436], [119.5679202729902, 34.517944455349436], [119.5679202729902, 34.51776479229261], [119.56809993604702, 34.51776479229261], [119.56809993604702, 34.51758512923579], [119.56827959910385, 34.51758512923579], [119.56827959910385, 34.517405466178964], [119.56809993604702, 34.517405466178964], [119.56809993604702, 34.517225803122145], [119.56827959910385, 34.517225803122145], [119.56827959910385, 34.51704614006532], [119.56881858827431, 34.51704614006532], [119.56881858827431, 34.517225803122145], [119.56953724050162, 34.517225803122145], [119.56953724050162, 34.51704614006532], [119.56935757744479, 34.51704614006532], [119.56935757744479, 34.51668681395167], [119.56989656661526, 34.51668681395167], [119.56989656661526, 34.51704614006532], [119.56971690355843, 34.51704614006532], [119.56971690355843, 34.517225803122145], [119.56953724050162, 34.517225803122145], [119.56953724050162, 34.51758512923579], [119.56935757744479, 34.51758512923579], [119.56935757744479, 34.51812411840626], [119.56899825133114, 34.51812411840626], [119.56899825133114, 34.517944455349436], [119.56827959910385, 34.517944455349436], [119.56827959910385, 34.51830378146308], [119.56809993604702, 34.51830378146308], [119.56809993604702, 34.518842770633555], [119.56863892521748, 34.518842770633555], [119.56863892521748, 34.5199207489745], [119.56881858827431, 34.5199207489745], [119.56881858827431, 34.520100412031326], [119.56899825133114, 34.520100412031326], [119.56899825133114, 34.520280075088145], [119.56935757744479, 34.520280075088145], [119.56935757744479, 34.52045973814497], [119.57043555578574, 34.52045973814497], [119.57043555578574, 34.520998727315444], [119.57061521884255, 34.520998727315444], [119.57061521884255, 34.52135805342909], [119.57043555578574, 34.52135805342909], [119.57043555578574, 34.521537716485916], [119.57079488189937, 34.521537716485916], [119.57079488189937, 34.521717379542736], [119.5709745449562, 34.521717379542736], [119.5709745449562, 34.52189704259956], [119.57133387106985, 34.52189704259956], [119.57133387106985, 34.521717379542736], [119.57151353412668, 34.521717379542736], [119.57151353412668, 34.52207670565639], [119.57133387106985, 34.52207670565639], [119.57133387106985, 34.52225636871321], [119.57043555578574, 34.52225636871321], [119.57043555578574, 34.522436031770035], [119.57025589272891, 34.522436031770035], [119.57025589272891, 34.52261569482686], [119.57007622967208, 34.52261569482686], [119.57007622967208, 34.52279535788368], [119.56971690355843, 34.52279535788368], [119.56971690355843, 34.52297502094051], [119.56935757744479, 34.52297502094051], [119.56935757744479, 34.52315468399733], [119.56899825133114, 34.52315468399733], [119.56899825133114, 34.52333434705415], [119.56863892521748, 34.52333434705415], [119.56863892521748, 34.52351401011098], [119.56827959910385, 34.52351401011098], [119.56827959910385, 34.5236936731678], [119.56774060993337, 34.5236936731678]], [[119.56774060993337, 34.51956142286085], [119.56756094687655, 34.51956142286085], [119.56756094687655, 34.51938175980403], [119.56738128381973, 34.51938175980403], [119.56738128381973, 34.51920209674721], [119.5672016207629, 34.51920209674721], [119.5672016207629, 34.51902243369038], [119.56738128381973, 34.51902243369038], [119.56738128381973, 34.518842770633555], [119.56774060993337, 34.518842770633555], [119.56774060993337, 34.51920209674721], [119.5679202729902, 34.51920209674721], [119.5679202729902, 34.51938175980403], [119.56774060993337, 34.51938175980403], [119.56774060993337, 34.51956142286085]], [[119.56666263159242, 34.51974108591767], [119.56648296853561, 34.51974108591767], [119.56648296853561, 34.51956142286085], [119.56666263159242, 34.51956142286085], [119.56666263159242, 34.51974108591767]], [[119.56648296853561, 34.520280075088145], [119.56630330547878, 34.520280075088145], [119.56630330547878, 34.520100412031326], [119.56648296853561, 34.520100412031326], [119.56648296853561, 34.520280075088145]], [[119.57043555578574, 34.52117839037227], [119.57025589272891, 34.52117839037227], [119.57025589272891, 34.520998727315444], [119.57043555578574, 34.520998727315444], [119.57043555578574, 34.52117839037227]], [[119.57025589272891, 34.521717379542736], [119.56989656661526, 34.521717379542736], [119.56989656661526, 34.521537716485916], [119.57007622967208, 34.521537716485916], [119.57007622967208, 34.52135805342909], [119.57025589272891, 34.52135805342909], [119.57025589272891, 34.521717379542736]], [[119.56809993604702, 34.52189704259956], [119.5679202729902, 34.52189704259956], [119.5679202729902, 34.521717379542736], [119.56809993604702, 34.521717379542736], [119.56809993604702, 34.52189704259956]], [[119.56863892521748, 34.522436031770035], [119.56827959910385, 34.522436031770035], [119.56827959910385, 34.52225636871321], [119.56863892521748, 34.52225636871321], [119.56863892521748, 34.522436031770035]]]}, "properties": {"name": "cand02", "ptype": "hall", "confidence": "low", "rank": 2, "area_ha": 27.3, "rise_db": 10.1, "digitised_from": "Sentinel-1 VV rise 2022->2026, orbit 69"}}, {"type": "Feature", "geometry": {"geodesic": false, "type": "Polygon", "coordinates": [[[119.5627100443423, 34.54040233745243], [119.5627100443423, 34.539863348281955], [119.56288970739912, 34.539863348281955], [119.56288970739912, 34.53950402216831], [119.5627100443423, 34.53950402216831], [119.5627100443423, 34.53932435911148], [119.56235071822866, 34.53932435911148], [119.56235071822866, 34.53950402216831], [119.56181172905818, 34.53950402216831], [119.56181172905818, 34.53932435911148], [119.56163206600137, 34.53932435911148], [119.56163206600137, 34.539144696054656], [119.56145240294454, 34.539144696054656], [119.56145240294454, 34.53896503299784], [119.56127273988771, 34.53896503299784], [119.56127273988771, 34.53878536994101], [119.56109307683089, 34.53878536994101], [119.56109307683089, 34.538426043827364], [119.56163206600137, 34.538426043827364], [119.56163206600137, 34.53806671771371], [119.56145240294454, 34.53806671771371], [119.56145240294454, 34.53788705465689], [119.5603744246036, 34.53788705465689], [119.5603744246036, 34.537707391600065], [119.56001509848994, 34.537707391600065], [119.56001509848994, 34.53734806548642], [119.55983543543311, 34.53734806548642], [119.55983543543311, 34.53680907631595], [119.56001509848994, 34.53680907631595], [119.56001509848994, 34.536988739372774], [119.56019476154677, 34.536988739372774], [119.56019476154677, 34.53716840242959], [119.56055408766042, 34.53716840242959], [119.56055408766042, 34.53734806548642], [119.56127273988771, 34.53734806548642], [119.56127273988771, 34.536988739372774], [119.56145240294454, 34.536988739372774], [119.56145240294454, 34.53680907631595], [119.56163206600137, 34.53680907631595], [119.56163206600137, 34.53662941325912], [119.56217105517183, 34.53662941325912], [119.56217105517183, 34.5364497502023], [119.56235071822866, 34.5364497502023], [119.56235071822866, 34.536270087145475], [119.5627100443423, 34.536270087145475], [119.5627100443423, 34.53609042408865], [119.56288970739912, 34.53609042408865], [119.56288970739912, 34.53591076103183], [119.56324903351278, 34.53591076103183], [119.56324903351278, 34.535731097975], [119.56396768574007, 34.535731097975], [119.56396768574007, 34.535551434918176], [119.56432701185372, 34.535551434918176], [119.56432701185372, 34.53537177186136], [119.56468633796736, 34.53537177186136], [119.56468633796736, 34.53519210880453], [119.56612364242196, 34.53519210880453], [119.56612364242196, 34.53537177186136], [119.5657643163083, 34.53537177186136], [119.5657643163083, 34.535551434918176], [119.56612364242196, 34.535551434918176], [119.56612364242196, 34.535731097975], [119.56666263159242, 34.535731097975], [119.56666263159242, 34.53662941325912], [119.56684229464925, 34.53662941325912], [119.56684229464925, 34.53680907631595], [119.56738128381973, 34.53680907631595], [119.56738128381973, 34.53716840242959], [119.56630330547878, 34.53716840242959], [119.56630330547878, 34.53734806548642], [119.56612364242196, 34.53734806548642], [119.56612364242196, 34.53752772854324], [119.56594397936513, 34.53752772854324], [119.56594397936513, 34.53788705465689], [119.56612364242196, 34.53788705465689], [119.56612364242196, 34.53824638077054], [119.56594397936513, 34.53824638077054], [119.56594397936513, 34.538426043827364], [119.56612364242196, 34.538426043827364], [119.56612364242196, 34.538605706884184], [119.56648296853561, 34.538605706884184], [119.56648296853561, 34.53896503299784], [119.56666263159242, 34.53896503299784], [119.56666263159242, 34.539144696054656], [119.56648296853561, 34.539144696054656], [119.56648296853561, 34.53932435911148], [119.56612364242196, 34.53932435911148], [119.56612364242196, 34.539144696054656], [119.56594397936513, 34.539144696054656], [119.56594397936513, 34.53878536994101], [119.56540499019466, 34.53878536994101], [119.56540499019466, 34.53896503299784], [119.56558465325149, 34.53896503299784], [119.56558465325149, 34.53932435911148], [119.5657643163083, 34.53932435911148], [119.5657643163083, 34.53968368522513], [119.56540499019466, 34.53968368522513], [119.56540499019466, 34.539863348281955], [119.56504566408101, 34.539863348281955], [119.56504566408101, 34.540043011338774], [119.56306937045595, 34.540043011338774], [119.56306937045595, 34.5402226743956], [119.56288970739912, 34.5402226743956], [119.56288970739912, 34.54040233745243], [119.5627100443423, 34.54040233745243]], [[119.56450667491055, 34.53591076103183], [119.56432701185372, 34.53591076103183], [119.56432701185372, 34.535731097975], [119.56450667491055, 34.535731097975], [119.56450667491055, 34.53591076103183]], [[119.56432701185372, 34.536988739372774], [119.56396768574007, 34.536988739372774], [119.56396768574007, 34.53662941325912], [119.56378802268324, 34.53662941325912], [119.56378802268324, 34.5364497502023], [119.56360835962643, 34.5364497502023], [119.56360835962643, 34.536270087145475], [119.56378802268324, 34.536270087145475], [119.56378802268324, 34.53609042408865], [119.5641473487969, 34.53609042408865], [119.5641473487969, 34.53662941325912], [119.56432701185372, 34.53662941325912], [119.56432701185372, 34.536988739372774]], [[119.56217105517183, 34.53788705465689], [119.561991392115, 34.53788705465689], [119.561991392115, 34.53752772854324], [119.56217105517183, 34.53752772854324], [119.56217105517183, 34.53788705465689]], [[119.56360835962643, 34.53788705465689], [119.5634286965696, 34.53788705465689], [119.5634286965696, 34.537707391600065], [119.56360835962643, 34.537707391600065], [119.56360835962643, 34.53788705465689]], [[119.56288970739912, 34.53806671771371], [119.5627100443423, 34.53806671771371], [119.5627100443423, 34.53788705465689], [119.56288970739912, 34.53788705465689], [119.56288970739912, 34.53806671771371]], [[119.56594397936513, 34.53824638077054], [119.5657643163083, 34.53824638077054], [119.5657643163083, 34.53806671771371], [119.56594397936513, 34.53806671771371], [119.56594397936513, 34.53824638077054]], [[119.56235071822866, 34.539144696054656], [119.56217105517183, 34.539144696054656], [119.56217105517183, 34.53896503299784], [119.561991392115, 34.53896503299784], [119.561991392115, 34.53878536994101], [119.56181172905818, 34.53878536994101], [119.56181172905818, 34.538605706884184], [119.56217105517183, 34.538605706884184], [119.56217105517183, 34.53878536994101], [119.56235071822866, 34.53878536994101], [119.56235071822866, 34.539144696054656]], [[119.56324903351278, 34.539144696054656], [119.56306937045595, 34.539144696054656], [119.56306937045595, 34.53896503299784], [119.56324903351278, 34.53896503299784], [119.56324903351278, 34.539144696054656]], [[119.5634286965696, 34.53932435911148], [119.56324903351278, 34.53932435911148], [119.56324903351278, 34.539144696054656], [119.5634286965696, 34.539144696054656], [119.5634286965696, 34.53932435911148]]]}, "properties": {"name": "cand03", "ptype": "hall", "confidence": "low", "rank": 3, "area_ha": 24.8, "rise_db": 11.4, "digitised_from": "Sentinel-1 VV rise 2022->2026, orbit 69"}}, {"type": "Feature", "geometry": {"geodesic": false, "type": "Polygon", "coordinates": [[[119.57456780609269, 34.53357514129311], [119.57456780609269, 34.533395478236294], [119.57438814303586, 34.533395478236294], [119.57438814303586, 34.53321581517947], [119.57420847997903, 34.53321581517947], [119.57420847997903, 34.53303615212265], [119.57402881692221, 34.53303615212265], [119.57402881692221, 34.53285648906582], [119.57384915386538, 34.53285648906582], [119.57384915386538, 34.532497162952176], [119.57366949080856, 34.532497162952176], [119.57366949080856, 34.53231749989535], [119.57331016469492, 34.53231749989535], [119.57331016469492, 34.53213783683852], [119.57313050163809, 34.53213783683852], [119.57313050163809, 34.53177851072488], [119.57295083858126, 34.53177851072488], [119.57295083858126, 34.53159884766805], [119.57277117552444, 34.53159884766805], [119.57277117552444, 34.53141918461123], [119.57259151246761, 34.53141918461123], [119.57259151246761, 34.531239521554404], [119.5724118494108, 34.531239521554404], [119.5724118494108, 34.531059858497585], [119.57223218635397, 34.531059858497585], [119.57223218635397, 34.53070053238393], [119.57205252329715, 34.53070053238393], [119.57205252329715, 34.53052086932711], [119.57169319718349, 34.53052086932711], [119.57169319718349, 34.53016154321346], [119.57151353412668, 34.53016154321346], [119.57151353412668, 34.52998188015664], [119.57133387106985, 34.52998188015664], [119.57133387106985, 34.529802217099814], [119.57115420801303, 34.529802217099814], [119.57115420801303, 34.52962255404299], [119.5709745449562, 34.52962255404299], [119.5709745449562, 34.52944289098617], [119.57079488189937, 34.52944289098617], [119.57079488189937, 34.52926322792934], [119.57061521884255, 34.52926322792934], [119.57061521884255, 34.52908356487252], [119.57043555578574, 34.52908356487252], [119.57043555578574, 34.528903901815696], [119.57025589272891, 34.528903901815696], [119.57025589272891, 34.52872423875887], [119.57007622967208, 34.52872423875887], [119.57007622967208, 34.52836491264522], [119.56989656661526, 34.52836491264522], [119.56989656661526, 34.5281852495884], [119.56971690355843, 34.5281852495884], [119.56971690355843, 34.52800558653158], [119.56953724050162, 34.52800558653158], [119.56953724050162, 34.52782592347475], [119.56935757744479, 34.52782592347475], [119.56935757744479, 34.527646260417924], [119.56917791438796, 34.527646260417924], [119.56917791438796, 34.527466597361105], [119.56899825133114, 34.527466597361105], [119.56899825133114, 34.52728693430428], [119.56881858827431, 34.52728693430428], [119.56881858827431, 34.52692760819063], [119.56863892521748, 34.52692760819063], [119.56863892521748, 34.526747945133806], [119.56845926216067, 34.526747945133806], [119.56845926216067, 34.52656828207699], [119.56863892521748, 34.52656828207699], [119.56863892521748, 34.52638861902016], [119.56899825133114, 34.52638861902016], [119.56899825133114, 34.526208955963334], [119.56935757744479, 34.526208955963334], [119.56935757744479, 34.526029292906514], [119.56971690355843, 34.526029292906514], [119.56971690355843, 34.52584962984969], [119.56989656661526, 34.52584962984969], [119.56989656661526, 34.52566996679286], [119.57025589272891, 34.52566996679286], [119.57025589272891, 34.52549030373604], [119.57043555578574, 34.52549030373604], [119.57043555578574, 34.525310640679216], [119.57079488189937, 34.525310640679216], [119.57079488189937, 34.525130977622396], [119.57169319718349, 34.525130977622396], [119.57169319718349, 34.525310640679216], [119.57187286024032, 34.525310640679216], [119.57187286024032, 34.526029292906514], [119.57205252329715, 34.526029292906514], [119.57205252329715, 34.526208955963334], [119.57223218635397, 34.526208955963334], [119.57223218635397, 34.52638861902016], [119.57295083858126, 34.52638861902016], [119.57295083858126, 34.52656828207699], [119.57313050163809, 34.52656828207699], [119.57313050163809, 34.526747945133806], [119.57348982775174, 34.526747945133806], [119.57348982775174, 34.52692760819063], [119.57366949080856, 34.52692760819063], [119.57366949080856, 34.52710727124746], [119.57348982775174, 34.52710727124746], [119.57348982775174, 34.527466597361105], [119.57384915386538, 34.527466597361105], [119.57384915386538, 34.527646260417924], [119.57420847997903, 34.527646260417924], [119.57420847997903, 34.5281852495884], [119.57402881692221, 34.5281852495884], [119.57402881692221, 34.52836491264522], [119.57366949080856, 34.52836491264522], [119.57366949080856, 34.52854457570205], [119.57313050163809, 34.52854457570205], [119.57313050163809, 34.52836491264522], [119.57259151246761, 34.52836491264522], [119.57259151246761, 34.5281852495884], [119.57187286024032, 34.5281852495884], [119.57187286024032, 34.52836491264522], [119.57133387106985, 34.52836491264522], [119.57133387106985, 34.5281852495884], [119.57115420801303, 34.5281852495884], [119.57115420801303, 34.52800558653158], [119.57151353412668, 34.52800558653158], [119.57151353412668, 34.527646260417924], [119.57079488189937, 34.527646260417924], [119.57079488189937, 34.527466597361105], [119.57061521884255, 34.527466597361105], [119.57061521884255, 34.526208955963334], [119.56971690355843, 34.526208955963334], [119.56971690355843, 34.52638861902016], [119.56953724050162, 34.52638861902016], [119.56953724050162, 34.52656828207699], [119.56917791438796, 34.52656828207699], [119.56917791438796, 34.52692760819063], [119.56935757744479, 34.52692760819063], [119.56935757744479, 34.52710727124746], [119.56953724050162, 34.52710727124746], [119.56953724050162, 34.52728693430428], [119.56971690355843, 34.52728693430428], [119.56971690355843, 34.527466597361105], [119.56989656661526, 34.527466597361105], [119.56989656661526, 34.52782592347475], [119.57007622967208, 34.52782592347475], [119.57007622967208, 34.52800558653158], [119.57025589272891, 34.52800558653158], [119.57025589272891, 34.5281852495884], [119.57043555578574, 34.5281852495884], [119.57043555578574, 34.52836491264522], [119.57061521884255, 34.52836491264522], [119.57061521884255, 34.52854457570205], [119.57079488189937, 34.52854457570205], [119.57079488189937, 34.52872423875887], [119.5709745449562, 34.52872423875887], [119.5709745449562, 34.528903901815696], [119.57115420801303, 34.528903901815696], [119.57115420801303, 34.52908356487252], [119.57133387106985, 34.52908356487252], [119.57133387106985, 34.52926322792934], [119.57151353412668, 34.52926322792934], [119.57151353412668, 34.52962255404299], [119.57169319718349, 34.52962255404299], [119.57169319718349, 34.529802217099814], [119.57187286024032, 34.529802217099814], [119.57187286024032, 34.52998188015664], [119.57205252329715, 34.52998188015664], [119.57205252329715, 34.53016154321346], [119.57223218635397, 34.53016154321346], [119.57223218635397, 34.530341206270286], [119.5724118494108, 34.530341206270286], [119.5724118494108, 34.53052086932711], [119.57259151246761, 34.53052086932711], [119.57259151246761, 34.53088019544076], [119.57295083858126, 34.53088019544076], [119.57295083858126, 34.531239521554404], [119.57313050163809, 34.531239521554404], [119.57313050163809, 34.53141918461123], [119.57348982775174, 34.53141918461123], [119.57348982775174, 34.53159884766805], [119.57366949080856, 34.53159884766805], [119.57366949080856, 34.5319581737817], [119.57384915386538, 34.5319581737817], [119.57384915386538, 34.53213783683852], [119.57402881692221, 34.53213783683852], [119.57402881692221, 34.53231749989535], [119.57492713220633, 34.53231749989535], [119.57492713220633, 34.5319581737817], [119.5747474691495, 34.5319581737817], [119.5747474691495, 34.53159884766805], [119.57492713220633, 34.53159884766805], [119.57492713220633, 34.53177851072488], [119.5754661213768, 34.53177851072488], [119.5754661213768, 34.53159884766805], [119.57564578443362, 34.53159884766805], [119.57564578443362, 34.53213783683852], [119.57510679526315, 34.53213783683852], [119.57510679526315, 34.53231749989535], [119.57528645831998, 34.53231749989535], [119.57528645831998, 34.532497162952176], [119.5747474691495, 34.532497162952176], [119.5747474691495, 34.53285648906582], [119.57456780609269, 34.53285648906582], [119.57456780609269, 34.53303615212265], [119.5747474691495, 34.53303615212265], [119.5747474691495, 34.53357514129311], [119.57456780609269, 34.53357514129311]], [[119.57115420801303, 34.526208955963334], [119.57079488189937, 34.526208955963334], [119.57079488189937, 34.526029292906514], [119.57115420801303, 34.526029292906514], [119.57115420801303, 34.526208955963334]], [[119.57295083858126, 34.52710727124746], [119.57277117552444, 34.52710727124746], [119.57277117552444, 34.52692760819063], [119.57295083858126, 34.52692760819063], [119.57295083858126, 34.52710727124746]]]}, "properties": {"name": "cand04", "ptype": "hall", "confidence": "low", "rank": 4, "area_ha": 15.8, "rise_db": 8.4, "digitised_from": "Sentinel-1 VV rise 2022->2026, orbit 69"}}, {"type": "Feature", "geometry": {"geodesic": false, "type": "Polygon", "coordinates": [[[119.58660523089988, 34.55585336033928], [119.58660523089988, 34.55567369728246], [119.58642556784307, 34.55567369728246], [119.58642556784307, 34.55531437116881], [119.58606624172941, 34.55531437116881], [119.58606624172941, 34.555134708111986], [119.58588657867259, 34.555134708111986], [119.58588657867259, 34.55477538199834], [119.58570691561576, 34.55477538199834], [119.58570691561576, 34.55441605588469], [119.58552725255893, 34.55441605588469], [119.58552725255893, 34.55423639282787], [119.58534758950212, 34.55423639282787], [119.58534758950212, 34.55405672977104], [119.58498826338847, 34.55405672977104], [119.58498826338847, 34.553697403657395], [119.5851679264453, 34.553697403657395], [119.5851679264453, 34.55351774060057], [119.58570691561576, 34.55351774060057], [119.58570691561576, 34.55333807754375], [119.58588657867259, 34.55333807754375], [119.58588657867259, 34.55315841448692], [119.58606624172941, 34.55315841448692], [119.58606624172941, 34.552978751430096], [119.58624590478624, 34.552978751430096], [119.58624590478624, 34.55261942531645], [119.58642556784307, 34.55261942531645], [119.58642556784307, 34.552439762259624], [119.58768320924082, 34.552439762259624], [119.58768320924082, 34.552260099202805], [119.58804253535448, 34.552260099202805], [119.58804253535448, 34.55190077308915], [119.58768320924082, 34.55190077308915], [119.58768320924082, 34.551541446975506], [119.587503546184, 34.551541446975506], [119.587503546184, 34.55100245780503], [119.58768320924082, 34.55100245780503], [119.58768320924082, 34.550822794748214], [119.58804253535448, 34.550822794748214], [119.58804253535448, 34.55064313169139], [119.5882221984113, 34.55064313169139], [119.5882221984113, 34.55046346863456], [119.58876118758177, 34.55046346863456], [119.58876118758177, 34.55100245780503], [119.5889408506386, 34.55100245780503], [119.5889408506386, 34.55118212086186], [119.58965950286589, 34.55118212086186], [119.58965950286589, 34.55100245780503], [119.58983916592271, 34.55100245780503], [119.58983916592271, 34.550822794748214], [119.59001882897954, 34.550822794748214], [119.59001882897954, 34.55046346863456], [119.58947983980906, 34.55046346863456], [119.58947983980906, 34.55028380557774], [119.58930017675225, 34.55028380557774], [119.58930017675225, 34.550104142520915], [119.58947983980906, 34.550104142520915], [119.58947983980906, 34.54992447946409], [119.58965950286589, 34.54992447946409], [119.58965950286589, 34.54974481640727], [119.58983916592271, 34.54974481640727], [119.58983916592271, 34.54956515335044], [119.59019849203636, 34.54956515335044], [119.59019849203636, 34.54974481640727], [119.59037815509319, 34.54974481640727], [119.59037815509319, 34.54992447946409], [119.59073748120683, 34.54992447946409], [119.59073748120683, 34.550104142520915], [119.59091714426366, 34.550104142520915], [119.59091714426366, 34.55028380557774], [119.59109680732048, 34.55028380557774], [119.59109680732048, 34.55046346863456], [119.59127647037731, 34.55046346863456], [119.59127647037731, 34.550822794748214], [119.59109680732048, 34.550822794748214], [119.59109680732048, 34.55100245780503], [119.59091714426366, 34.55100245780503], [119.59091714426366, 34.55118212086186], [119.59073748120683, 34.55118212086186], [119.59073748120683, 34.551361783918686], [119.59109680732048, 34.551361783918686], [119.59109680732048, 34.551541446975506], [119.59127647037731, 34.551541446975506], [119.59127647037731, 34.551361783918686], [119.59163579649095, 34.551361783918686], [119.59163579649095, 34.55100245780503], [119.59181545954777, 34.55100245780503], [119.59181545954777, 34.550822794748214], [119.5919951226046, 34.550822794748214], [119.5919951226046, 34.55064313169139], [119.59235444871825, 34.55064313169139], [119.59235444871825, 34.55118212086186], [119.59217478566143, 34.55118212086186], [119.59217478566143, 34.55172111003233], [119.59235444871825, 34.55172111003233], [119.59235444871825, 34.55279908837328], [119.59217478566143, 34.55279908837328], [119.59217478566143, 34.55261942531645], [119.59163579649095, 34.55261942531645], [119.59163579649095, 34.55279908837328], [119.59181545954777, 34.55279908837328], [119.59181545954777, 34.553697403657395], [119.59145613343412, 34.553697403657395], [119.59145613343412, 34.55351774060057], [119.59127647037731, 34.55351774060057], [119.59127647037731, 34.55333807754375], [119.59109680732048, 34.55333807754375], [119.59109680732048, 34.55315841448692], [119.59091714426366, 34.55315841448692], [119.59091714426366, 34.552978751430096], [119.59073748120683, 34.552978751430096], [119.59073748120683, 34.55261942531645], [119.59055781815, 34.55261942531645], [119.59055781815, 34.552260099202805], [119.59037815509319, 34.552260099202805], [119.59037815509319, 34.55208043614598], [119.59019849203636, 34.55208043614598], [119.59019849203636, 34.55190077308915], [119.59001882897954, 34.55190077308915], [119.59001882897954, 34.55172111003233], [119.58930017675225, 34.55172111003233], [119.58930017675225, 34.55190077308915], [119.58912051369542, 34.55190077308915], [119.58912051369542, 34.55208043614598], [119.5889408506386, 34.55208043614598], [119.5889408506386, 34.552260099202805], [119.58858152452494, 34.552260099202805], [119.58858152452494, 34.552439762259624], [119.5882221984113, 34.552439762259624], [119.5882221984113, 34.55261942531645], [119.58786287229765, 34.55261942531645], [119.58786287229765, 34.55279908837328], [119.587503546184, 34.55279908837328], [119.587503546184, 34.552978751430096], [119.58714422007036, 34.552978751430096], [119.58714422007036, 34.55315841448692], [119.58696455701353, 34.55315841448692], [119.58696455701353, 34.55333807754375], [119.58714422007036, 34.55333807754375], [119.58714422007036, 34.553877066714215], [119.587503546184, 34.553877066714215], [119.587503546184, 34.55423639282787], [119.58732388312718, 34.55423639282787], [119.58732388312718, 34.55441605588469], [119.58714422007036, 34.55441605588469], [119.58714422007036, 34.55459571894151], [119.58660523089988, 34.55459571894151], [119.58660523089988, 34.55477538199834], [119.58642556784307, 34.55477538199834], [119.58642556784307, 34.55531437116881], [119.58696455701353, 34.55531437116881], [119.58696455701353, 34.55585336033928], [119.58660523089988, 34.55585336033928]], [[119.58696455701353, 34.55405672977104], [119.5867848939567, 34.55405672977104], [119.5867848939567, 34.553877066714215], [119.58696455701353, 34.553877066714215], [119.58696455701353, 34.55405672977104]], [[119.58624590478624, 34.55441605588469], [119.58588657867259, 34.55441605588469], [119.58588657867259, 34.55423639282787], [119.58552725255893, 34.55423639282787], [119.58552725255893, 34.55405672977104], [119.58570691561576, 34.55405672977104], [119.58570691561576, 34.553877066714215], [119.58606624172941, 34.553877066714215], [119.58606624172941, 34.55405672977104], [119.58624590478624, 34.55405672977104], [119.58624590478624, 34.55441605588469]]]}, "properties": {"name": "cand05", "ptype": "hall", "confidence": "low", "rank": 5, "area_ha": 15.7, "rise_db": 7.9, "digitised_from": "Sentinel-1 VV rise 2022->2026, orbit 69"}}, {"type": "Feature", "geometry": {"geodesic": false, "type": "Polygon", "coordinates": [[[119.5799576977974, 34.52926322792934], [119.5799576977974, 34.52908356487252], [119.57977803474057, 34.52908356487252], [119.57977803474057, 34.528903901815696], [119.57941870862693, 34.528903901815696], [119.57941870862693, 34.52854457570205], [119.57852039334281, 34.52854457570205], [119.57852039334281, 34.52872423875887], [119.57834073028599, 34.52872423875887], [119.57834073028599, 34.528903901815696], [119.57798140417233, 34.528903901815696], [119.57798140417233, 34.52908356487252], [119.57762207805868, 34.52908356487252], [119.57762207805868, 34.52926322792934], [119.57744241500187, 34.52926322792934], [119.57744241500187, 34.52908356487252], [119.57708308888822, 34.52908356487252], [119.57708308888822, 34.52836491264522], [119.57672376277456, 34.52836491264522], [119.57672376277456, 34.5281852495884], [119.57636443666092, 34.5281852495884], [119.57636443666092, 34.52782592347475], [119.5761847736041, 34.52782592347475], [119.5761847736041, 34.527646260417924], [119.57600511054727, 34.527646260417924], [119.57600511054727, 34.52782592347475], [119.57582544749044, 34.52782592347475], [119.57582544749044, 34.527646260417924], [119.57600511054727, 34.527646260417924], [119.57600511054727, 34.527466597361105], [119.57564578443362, 34.527466597361105], [119.57564578443362, 34.52728693430428], [119.57600511054727, 34.52728693430428], [119.57600511054727, 34.52710727124746], [119.5761847736041, 34.52710727124746], [119.5761847736041, 34.52728693430428], [119.57636443666092, 34.52728693430428], [119.57636443666092, 34.52692760819063], [119.57672376277456, 34.52692760819063], [119.57672376277456, 34.52656828207699], [119.57690342583139, 34.52656828207699], [119.57690342583139, 34.52638861902016], [119.57762207805868, 34.52638861902016], [119.57762207805868, 34.526029292906514], [119.57780174111551, 34.526029292906514], [119.57780174111551, 34.52584962984969], [119.57798140417233, 34.52584962984969], [119.57798140417233, 34.52566996679286], [119.57852039334281, 34.52566996679286], [119.57852039334281, 34.52584962984969], [119.57834073028599, 34.52584962984969], [119.57834073028599, 34.526029292906514], [119.57798140417233, 34.526029292906514], [119.57798140417233, 34.52638861902016], [119.57816106722916, 34.52638861902016], [119.57816106722916, 34.526747945133806], [119.57834073028599, 34.526747945133806], [119.57834073028599, 34.52656828207699], [119.57852039334281, 34.52656828207699], [119.57852039334281, 34.526029292906514], [119.57887971945645, 34.526029292906514], [119.57887971945645, 34.52638861902016], [119.57941870862693, 34.52638861902016], [119.57941870862693, 34.52656828207699], [119.57959837168374, 34.52656828207699], [119.57959837168374, 34.526747945133806], [119.57977803474057, 34.526747945133806], [119.57977803474057, 34.52692760819063], [119.58013736085422, 34.52692760819063], [119.58013736085422, 34.52710727124746], [119.58031702391105, 34.52710727124746], [119.58031702391105, 34.527466597361105], [119.58049668696788, 34.527466597361105], [119.58049668696788, 34.527646260417924], [119.58067635002469, 34.527646260417924], [119.58067635002469, 34.52782592347475], [119.58085601308152, 34.52782592347475], [119.58085601308152, 34.52800558653158], [119.58103567613834, 34.52800558653158], [119.58103567613834, 34.52836491264522], [119.58121533919517, 34.52836491264522], [119.58121533919517, 34.52854457570205], [119.581395002252, 34.52854457570205], [119.581395002252, 34.528903901815696], [119.58121533919517, 34.528903901815696], [119.58121533919517, 34.52872423875887], [119.58103567613834, 34.52872423875887], [119.58103567613834, 34.52854457570205], [119.58085601308152, 34.52854457570205], [119.58085601308152, 34.52872423875887], [119.58031702391105, 34.52872423875887], [119.58031702391105, 34.52908356487252], [119.58013736085422, 34.52908356487252], [119.58013736085422, 34.52926322792934], [119.5799576977974, 34.52926322792934]], [[119.58031702391105, 34.52800558653158], [119.58013736085422, 34.52800558653158], [119.58013736085422, 34.52782592347475], [119.58031702391105, 34.52782592347475], [119.58031702391105, 34.52800558653158]], [[119.5799576977974, 34.52854457570205], [119.57959837168374, 34.52854457570205], [119.57959837168374, 34.52836491264522], [119.57977803474057, 34.52836491264522], [119.57977803474057, 34.5281852495884], [119.5799576977974, 34.5281852495884], [119.5799576977974, 34.52854457570205]]]}, "properties": {"name": "cand06", "ptype": "hall", "confidence": "low", "rank": 6, "area_ha": 12.6, "rise_db": 11.7, "digitised_from": "Sentinel-1 VV rise 2022->2026, orbit 69"}}, {"type": "Feature", "geometry": {"geodesic": false, "type": "Polygon", "coordinates": [[[119.58768320924082, 34.52045973814497], [119.58768320924082, 34.520280075088145], [119.587503546184, 34.520280075088145], [119.587503546184, 34.520100412031326], [119.58732388312718, 34.520100412031326], [119.58732388312718, 34.51956142286085], [119.587503546184, 34.51956142286085], [119.587503546184, 34.51938175980403], [119.58768320924082, 34.51938175980403], [119.58768320924082, 34.51920209674721], [119.58804253535448, 34.51920209674721], [119.58804253535448, 34.51902243369038], [119.5882221984113, 34.51902243369038], [119.5882221984113, 34.518842770633555], [119.58840186146813, 34.518842770633555], [119.58840186146813, 34.518663107576735], [119.5889408506386, 34.518663107576735], [119.5889408506386, 34.51848344451991], [119.58912051369542, 34.51848344451991], [119.58912051369542, 34.51812411840626], [119.58947983980906, 34.51812411840626], [119.58947983980906, 34.517944455349436], [119.58965950286589, 34.517944455349436], [119.58965950286589, 34.51776479229261], [119.59001882897954, 34.51776479229261], [119.59001882897954, 34.51758512923579], [119.59073748120683, 34.51758512923579], [119.59073748120683, 34.517405466178964], [119.59091714426366, 34.517405466178964], [119.59091714426366, 34.51704614006532], [119.59109680732048, 34.51704614006532], [119.59109680732048, 34.51686647700849], [119.59145613343412, 34.51686647700849], [119.59145613343412, 34.51668681395167], [119.5919951226046, 34.51668681395167], [119.5919951226046, 34.516507150894846], [119.59235444871825, 34.516507150894846], [119.59235444871825, 34.517944455349436], [119.59217478566143, 34.517944455349436], [119.59217478566143, 34.51812411840626], [119.5919951226046, 34.51812411840626], [119.5919951226046, 34.518663107576735], [119.59235444871825, 34.518663107576735], [119.59235444871825, 34.51938175980403], [119.5919951226046, 34.51938175980403], [119.5919951226046, 34.51956142286085], [119.59163579649095, 34.51956142286085], [119.59163579649095, 34.51974108591767], [119.59127647037731, 34.51974108591767], [119.59127647037731, 34.5199207489745], [119.59109680732048, 34.5199207489745], [119.59109680732048, 34.520100412031326], [119.59055781815, 34.520100412031326], [119.59055781815, 34.5199207489745], [119.59019849203636, 34.5199207489745], [119.59019849203636, 34.51974108591767], [119.59001882897954, 34.51974108591767], [119.59001882897954, 34.51956142286085], [119.58983916592271, 34.51956142286085], [119.58983916592271, 34.51938175980403], [119.58965950286589, 34.51938175980403], [119.58965950286589, 34.51920209674721], [119.58947983980906, 34.51920209674721], [119.58947983980906, 34.51902243369038], [119.58930017675225, 34.51902243369038], [119.58930017675225, 34.51920209674721], [119.58912051369542, 34.51920209674721], [119.58912051369542, 34.51938175980403], [119.5889408506386, 34.51938175980403], [119.5889408506386, 34.51956142286085], [119.58840186146813, 34.51956142286085], [119.58840186146813, 34.51938175980403], [119.5882221984113, 34.51938175980403], [119.5882221984113, 34.51956142286085], [119.58804253535448, 34.51956142286085], [119.58804253535448, 34.51974108591767], [119.58768320924082, 34.51974108591767], [119.58768320924082, 34.5199207489745], [119.58786287229765, 34.5199207489745], [119.58786287229765, 34.520100412031326], [119.58804253535448, 34.520100412031326], [119.58804253535448, 34.520280075088145], [119.58786287229765, 34.520280075088145], [119.58786287229765, 34.52045973814497], [119.58768320924082, 34.52045973814497]], [[119.59073748120683, 34.518663107576735], [119.59037815509319, 34.518663107576735], [119.59037815509319, 34.51830378146308], [119.59073748120683, 34.51830378146308], [119.59073748120683, 34.518663107576735]]]}, "properties": {"name": "cand07", "ptype": "hall", "confidence": "low", "rank": 7, "area_ha": 10.7, "rise_db": 8.1, "digitised_from": "Sentinel-1 VV rise 2022->2026, orbit 69"}}, {"type": "Feature", "geometry": {"geodesic": false, "type": "Polygon", "coordinates": [[[119.57151353412668, 34.550104142520915], [119.57151353412668, 34.54992447946409], [119.57133387106985, 34.54992447946409], [119.57133387106985, 34.54974481640727], [119.57151353412668, 34.54974481640727], [119.57151353412668, 34.54938549029362], [119.57169319718349, 34.54938549029362], [119.57169319718349, 34.54902616417997], [119.57205252329715, 34.54902616417997], [119.57205252329715, 34.54884650112315], [119.57223218635397, 34.54884650112315], [119.57223218635397, 34.548666838066325], [119.57259151246761, 34.548666838066325], [119.57259151246761, 34.5484871750095], [119.57277117552444, 34.5484871750095], [119.57277117552444, 34.54830751195268], [119.57313050163809, 34.54830751195268], [119.57313050163809, 34.54812784889585], [119.57366949080856, 34.54812784889585], [119.57366949080856, 34.547948185839026], [119.57384915386538, 34.547948185839026], [119.57384915386538, 34.547768522782206], [119.57402881692221, 34.547768522782206], [119.57402881692221, 34.54758885972538], [119.57420847997903, 34.54758885972538], [119.57420847997903, 34.54740919666856], [119.57456780609269, 34.54740919666856], [119.57456780609269, 34.547229533611734], [119.5747474691495, 34.547229533611734], [119.5747474691495, 34.54704987055491], [119.57492713220633, 34.54704987055491], [119.57492713220633, 34.54687020749809], [119.57528645831998, 34.54687020749809], [119.57528645831998, 34.54669054444126], [119.57582544749044, 34.54669054444126], [119.57582544749044, 34.546510881384435], [119.5761847736041, 34.546510881384435], [119.5761847736041, 34.54669054444126], [119.57636443666092, 34.54669054444126], [119.57636443666092, 34.54704987055491], [119.5761847736041, 34.54704987055491], [119.5761847736041, 34.547229533611734], [119.57600511054727, 34.547229533611734], [119.57600511054727, 34.547768522782206], [119.5761847736041, 34.547768522782206], [119.5761847736041, 34.54830751195268], [119.57582544749044, 34.54830751195268], [119.57582544749044, 34.5484871750095], [119.57564578443362, 34.5484871750095], [119.57564578443362, 34.54884650112315], [119.5754661213768, 34.54884650112315], [119.5754661213768, 34.54902616417997], [119.57528645831998, 34.54902616417997], [119.57528645831998, 34.5492058272368], [119.57510679526315, 34.5492058272368], [119.57510679526315, 34.54902616417997], [119.57492713220633, 34.54902616417997], [119.57492713220633, 34.5484871750095], [119.5747474691495, 34.5484871750095], [119.5747474691495, 34.54812784889585], [119.57456780609269, 34.54812784889585], [119.57456780609269, 34.547948185839026], [119.57438814303586, 34.547948185839026], [119.57438814303586, 34.54812784889585], [119.57384915386538, 34.54812784889585], [119.57384915386538, 34.54830751195268], [119.57366949080856, 34.54830751195268], [119.57366949080856, 34.5484871750095], [119.57331016469492, 34.5484871750095], [119.57331016469492, 34.548666838066325], [119.57295083858126, 34.548666838066325], [119.57295083858126, 34.54902616417997], [119.57277117552444, 34.54902616417997], [119.57277117552444, 34.5492058272368], [119.57259151246761, 34.5492058272368], [119.57259151246761, 34.54938549029362], [119.5724118494108, 34.54938549029362], [119.5724118494108, 34.54956515335044], [119.57259151246761, 34.54956515335044], [119.57259151246761, 34.550104142520915], [119.57151353412668, 34.550104142520915]]]}, "properties": {"name": "cand08", "ptype": "hall", "confidence": "low", "rank": 8, "area_ha": 6.5, "rise_db": 8.2, "digitised_from": "Sentinel-1 VV rise 2022->2026, orbit 69"}}, {"type": "Feature", "geometry": {"geodesic": false, "type": "Polygon", "coordinates": [[[119.55570318512618, 34.51812411840626], [119.55570318512618, 34.517944455349436], [119.55552352206935, 34.517944455349436], [119.55552352206935, 34.51758512923579], [119.55570318512618, 34.51758512923579], [119.55570318512618, 34.517405466178964], [119.55534385901252, 34.517405466178964], [119.55534385901252, 34.51776479229261], [119.55480486984204, 34.51776479229261], [119.55480486984204, 34.51758512923579], [119.5544455437284, 34.51758512923579], [119.5544455437284, 34.517405466178964], [119.55426588067158, 34.517405466178964], [119.55426588067158, 34.517225803122145], [119.5544455437284, 34.517225803122145], [119.5544455437284, 34.51686647700849], [119.55408621761475, 34.51686647700849], [119.55408621761475, 34.51668681395167], [119.55390655455793, 34.51668681395167], [119.55390655455793, 34.51632748783802], [119.55408621761475, 34.51632748783802], [119.55408621761475, 34.5161478247812], [119.55426588067158, 34.5161478247812], [119.55426588067158, 34.51560883561073], [119.55480486984204, 34.51560883561073], [119.55480486984204, 34.5154291725539], [119.55498453289887, 34.5154291725539], [119.55498453289887, 34.51524950949708], [119.5551641959557, 34.51524950949708], [119.5551641959557, 34.5154291725539], [119.55534385901252, 34.5154291725539], [119.55534385901252, 34.51578849866755], [119.55588284818299, 34.51578849866755], [119.55588284818299, 34.51596816172437], [119.55606251123982, 34.51596816172437], [119.55606251123982, 34.5161478247812], [119.55642183735347, 34.5161478247812], [119.55642183735347, 34.51596816172437], [119.55678116346711, 34.51596816172437], [119.55678116346711, 34.5161478247812], [119.55696082652393, 34.5161478247812], [119.55696082652393, 34.51668681395167], [119.55678116346711, 34.51668681395167], [119.55678116346711, 34.51686647700849], [119.5566015004103, 34.51686647700849], [119.5566015004103, 34.51704614006532], [119.55642183735347, 34.51704614006532], [119.55642183735347, 34.517405466178964], [119.55624217429664, 34.517405466178964], [119.55624217429664, 34.517944455349436], [119.55606251123982, 34.517944455349436], [119.55606251123982, 34.51812411840626], [119.55570318512618, 34.51812411840626]], [[119.55498453289887, 34.5161478247812], [119.55480486984204, 34.5161478247812], [119.55480486984204, 34.51578849866755], [119.55498453289887, 34.51578849866755], [119.55498453289887, 34.5161478247812]], [[119.5544455437284, 34.51632748783802], [119.55426588067158, 34.51632748783802], [119.55426588067158, 34.5161478247812], [119.5544455437284, 34.5161478247812], [119.5544455437284, 34.51632748783802]], [[119.55462520678523, 34.516507150894846], [119.5544455437284, 34.516507150894846], [119.5544455437284, 34.51632748783802], [119.55462520678523, 34.51632748783802], [119.55462520678523, 34.516507150894846]], [[119.55624217429664, 34.51686647700849], [119.55588284818299, 34.51686647700849], [119.55588284818299, 34.516507150894846], [119.55624217429664, 34.516507150894846], [119.55624217429664, 34.51686647700849]], [[119.5551641959557, 34.517405466178964], [119.55498453289887, 34.517405466178964], [119.55498453289887, 34.517225803122145], [119.5551641959557, 34.517225803122145], [119.5551641959557, 34.517405466178964]]]}, "properties": {"name": "cand09", "ptype": "hall", "confidence": "low", "rank": 9, "area_ha": 5.7, "rise_db": 9.5, "digitised_from": "Sentinel-1 VV rise 2022->2026, orbit 69"}}, {"type": "Feature", "geometry": {"geodesic": false, "type": "Polygon", "coordinates": [[[119.57151353412668, 34.52135805342909], [119.57151353412668, 34.52117839037227], [119.57133387106985, 34.52117839037227], [119.57133387106985, 34.520998727315444], [119.57115420801303, 34.520998727315444], [119.57115420801303, 34.5206394012018], [119.5709745449562, 34.5206394012018], [119.5709745449562, 34.52045973814497], [119.57061521884255, 34.52045973814497], [119.57061521884255, 34.520280075088145], [119.57043555578574, 34.520280075088145], [119.57043555578574, 34.520100412031326], [119.57025589272891, 34.520100412031326], [119.57025589272891, 34.5199207489745], [119.57007622967208, 34.5199207489745], [119.57007622967208, 34.51974108591767], [119.56989656661526, 34.51974108591767], [119.56989656661526, 34.51956142286085], [119.56953724050162, 34.51956142286085], [119.56953724050162, 34.51974108591767], [119.56971690355843, 34.51974108591767], [119.56971690355843, 34.5199207489745], [119.56953724050162, 34.5199207489745], [119.56953724050162, 34.51974108591767], [119.56935757744479, 34.51974108591767], [119.56935757744479, 34.51956142286085], [119.56953724050162, 34.51956142286085], [119.56953724050162, 34.51938175980403], [119.56971690355843, 34.51938175980403], [119.56971690355843, 34.51920209674721], [119.56953724050162, 34.51920209674721], [119.56953724050162, 34.51902243369038], [119.56935757744479, 34.51902243369038], [119.56935757744479, 34.518663107576735], [119.56953724050162, 34.518663107576735], [119.56953724050162, 34.51848344451991], [119.56989656661526, 34.51848344451991], [119.56989656661526, 34.51830378146308], [119.57007622967208, 34.51830378146308], [119.57007622967208, 34.51812411840626], [119.57025589272891, 34.51812411840626], [119.57025589272891, 34.51830378146308], [119.57043555578574, 34.51830378146308], [119.57043555578574, 34.51848344451991], [119.57061521884255, 34.51848344451991], [119.57061521884255, 34.518663107576735], [119.57079488189937, 34.518663107576735], [119.57079488189937, 34.51848344451991], [119.5709745449562, 34.51848344451991], [119.5709745449562, 34.51830378146308], [119.57079488189937, 34.51830378146308], [119.57079488189937, 34.51812411840626], [119.57061521884255, 34.51812411840626], [119.57061521884255, 34.517944455349436], [119.5709745449562, 34.517944455349436], [119.5709745449562, 34.51776479229261], [119.57115420801303, 34.51776479229261], [119.57115420801303, 34.51758512923579], [119.57133387106985, 34.51758512923579], [119.57133387106985, 34.517405466178964], [119.57151353412668, 34.517405466178964], [119.57151353412668, 34.51758512923579], [119.57187286024032, 34.51758512923579], [119.57187286024032, 34.51776479229261], [119.57205252329715, 34.51776479229261], [119.57205252329715, 34.51830378146308], [119.5724118494108, 34.51830378146308], [119.5724118494108, 34.51848344451991], [119.57259151246761, 34.51848344451991], [119.57259151246761, 34.518663107576735], [119.5724118494108, 34.518663107576735], [119.5724118494108, 34.518842770633555], [119.57205252329715, 34.518842770633555], [119.57205252329715, 34.518663107576735], [119.57151353412668, 34.518663107576735], [119.57151353412668, 34.51848344451991], [119.57133387106985, 34.51848344451991], [119.57133387106985, 34.518663107576735], [119.57115420801303, 34.518663107576735], [119.57115420801303, 34.518842770633555], [119.57133387106985, 34.518842770633555], [119.57133387106985, 34.51920209674721], [119.57151353412668, 34.51920209674721], [119.57151353412668, 34.51938175980403], [119.57133387106985, 34.51938175980403], [119.57133387106985, 34.51920209674721], [119.57043555578574, 34.51920209674721], [119.57043555578574, 34.51902243369038], [119.57007622967208, 34.51902243369038], [119.57007622967208, 34.51920209674721], [119.57025589272891, 34.51920209674721], [119.57025589272891, 34.51956142286085], [119.57061521884255, 34.51956142286085], [119.57061521884255, 34.5199207489745], [119.5709745449562, 34.5199207489745], [119.5709745449562, 34.520100412031326], [119.57115420801303, 34.520100412031326], [119.57115420801303, 34.520280075088145], [119.57133387106985, 34.520280075088145], [119.57133387106985, 34.5206394012018], [119.57151353412668, 34.5206394012018], [119.57151353412668, 34.52081906425862], [119.57169319718349, 34.52081906425862], [119.57169319718349, 34.520998727315444], [119.57187286024032, 34.520998727315444], [119.57187286024032, 34.52117839037227], [119.57169319718349, 34.52117839037227], [119.57169319718349, 34.52135805342909], [119.57151353412668, 34.52135805342909]]]}, "properties": {"name": "cand10", "ptype": "hall", "confidence": "low", "rank": 10, "area_ha": 5.0, "rise_db": 7.4, "digitised_from": "Sentinel-1 VV rise 2022->2026, orbit 69"}}, {"type": "Feature", "geometry": {"geodesic": false, "type": "Polygon", "coordinates": [[[119.52192653044328, 34.57166370933978], [119.52192653044328, 34.57148404628296], [119.52174686738645, 34.57148404628296], [119.52174686738645, 34.571304383226135], [119.52102821515916, 34.571304383226135], [119.52102821515916, 34.57076539405566], [119.52120787821598, 34.57076539405566], [119.52120787821598, 34.57058573099884], [119.5213875412728, 34.57058573099884], [119.5213875412728, 34.57040606794202], [119.52120787821598, 34.57040606794202], [119.52120787821598, 34.57022640488519], [119.52102821515916, 34.57022640488519], [119.52102821515916, 34.57004674182837], [119.52066888904551, 34.57004674182837], [119.52066888904551, 34.569867078771544], [119.52048922598868, 34.569867078771544], [119.52048922598868, 34.56968741571472], [119.52030956293186, 34.56968741571472], [119.52030956293186, 34.5695077526579], [119.52012989987504, 34.5695077526579], [119.52012989987504, 34.56932808960107], [119.51995023681822, 34.56932808960107], [119.51995023681822, 34.56968741571472], [119.52012989987504, 34.56968741571472], [119.52012989987504, 34.569867078771544], [119.51995023681822, 34.569867078771544], [119.51995023681822, 34.57004674182837], [119.51959091070457, 34.57004674182837], [119.51959091070457, 34.57040606794202], [119.5190519215341, 34.57040606794202], [119.5190519215341, 34.57004674182837], [119.51887225847727, 34.57004674182837], [119.51887225847727, 34.569867078771544], [119.51923158459091, 34.569867078771544], [119.51923158459091, 34.5695077526579], [119.51941124764774, 34.5695077526579], [119.51941124764774, 34.56932808960107], [119.51995023681822, 34.56932808960107], [119.51995023681822, 34.568968763487426], [119.52012989987504, 34.568968763487426], [119.52012989987504, 34.5687891004306], [119.52048922598868, 34.5687891004306], [119.52048922598868, 34.56914842654425], [119.52066888904551, 34.56914842654425], [119.52066888904551, 34.56932808960107], [119.52102821515916, 34.56932808960107], [119.52102821515916, 34.56968741571472], [119.5213875412728, 34.56968741571472], [119.5213875412728, 34.569867078771544], [119.52156720432963, 34.569867078771544], [119.52156720432963, 34.57004674182837], [119.52174686738645, 34.57004674182837], [119.52174686738645, 34.57022640488519], [119.52210619350011, 34.57022640488519], [119.52210619350011, 34.57040606794202], [119.52228585655692, 34.57040606794202], [119.52228585655692, 34.57058573099884], [119.52246551961375, 34.57058573099884], [119.52246551961375, 34.57076539405566], [119.52300450878423, 34.57076539405566], [119.52300450878423, 34.571124720169315], [119.5228248457274, 34.571124720169315], [119.5228248457274, 34.571304383226135], [119.52264518267057, 34.571304383226135], [119.52264518267057, 34.57148404628296], [119.52246551961375, 34.57148404628296], [119.52246551961375, 34.57166370933978], [119.52192653044328, 34.57166370933978]], [[119.52174686738645, 34.57076539405566], [119.5213875412728, 34.57076539405566], [119.5213875412728, 34.57058573099884], [119.52174686738645, 34.57058573099884], [119.52174686738645, 34.57076539405566]]]}, "properties": {"name": "cand11", "ptype": "hall", "confidence": "low", "rank": 11, "area_ha": 4.4, "rise_db": 9.2, "digitised_from": "Sentinel-1 VV rise 2022->2026, orbit 69"}}, {"type": "Feature", "geometry": {"geodesic": false, "type": "Polygon", "coordinates": [[[119.54564205394404, 34.5116562483606], [119.54564205394404, 34.511296922246956], [119.54582171700086, 34.511296922246956], [119.54582171700086, 34.51111725919013], [119.54564205394404, 34.51111725919013], [119.54564205394404, 34.5109375961333], [119.54546239088721, 34.5109375961333], [119.54546239088721, 34.51075793307648], [119.54510306477356, 34.51075793307648], [119.54510306477356, 34.51057827001966], [119.54474373865992, 34.51057827001966], [119.54474373865992, 34.51039860696283], [119.54456407560309, 34.51039860696283], [119.54456407560309, 34.51021894390601], [119.54474373865992, 34.51021894390601], [119.54474373865992, 34.510039280849185], [119.54510306477356, 34.510039280849185], [119.54510306477356, 34.50985961779236], [119.54528272783038, 34.50985961779236], [119.54528272783038, 34.50950029167871], [119.54546239088721, 34.50950029167871], [119.54546239088721, 34.50878163945142], [119.54564205394404, 34.50878163945142], [119.54564205394404, 34.50842231333777], [119.54600138005767, 34.50842231333777], [119.54600138005767, 34.50878163945142], [119.54636070617133, 34.50878163945142], [119.54636070617133, 34.50842231333777], [119.54689969534179, 34.50842231333777], [119.54689969534179, 34.508601976394594], [119.54672003228498, 34.508601976394594], [119.54672003228498, 34.50914096556507], [119.54707935839862, 34.50914096556507], [119.54707935839862, 34.50896130250824], [119.54743868451227, 34.50896130250824], [119.54743868451227, 34.50914096556507], [119.5476183475691, 34.50914096556507], [119.5476183475691, 34.50932062862189], [119.54779801062593, 34.50932062862189], [119.54779801062593, 34.50985961779236], [119.54689969534179, 34.50985961779236], [119.54689969534179, 34.50967995473554], [119.54672003228498, 34.50967995473554], [119.54672003228498, 34.50950029167871], [119.54654036922815, 34.50950029167871], [119.54654036922815, 34.50932062862189], [119.54636070617133, 34.50932062862189], [119.54636070617133, 34.50950029167871], [119.5461810431145, 34.50950029167871], [119.5461810431145, 34.50967995473554], [119.54636070617133, 34.50967995473554], [119.54636070617133, 34.50985961779236], [119.54654036922815, 34.50985961779236], [119.54654036922815, 34.51021894390601], [119.54600138005767, 34.51021894390601], [119.54600138005767, 34.510039280849185], [119.54546239088721, 34.510039280849185], [119.54546239088721, 34.51039860696283], [119.54564205394404, 34.51039860696283], [119.54564205394404, 34.51057827001966], [119.54582171700086, 34.51057827001966], [119.54582171700086, 34.51075793307648], [119.54600138005767, 34.51075793307648], [119.54600138005767, 34.5109375961333], [119.5461810431145, 34.5109375961333], [119.5461810431145, 34.511296922246956], [119.54582171700086, 34.511296922246956], [119.54582171700086, 34.5116562483606], [119.54564205394404, 34.5116562483606]]]}, "properties": {"name": "cand12", "ptype": "hall", "confidence": "low", "rank": 12, "area_ha": 4.4, "rise_db": 6.9, "digitised_from": "Sentinel-1 VV rise 2022->2026, orbit 69"}}, {"type": "Feature", "geometry": {"geodesic": false, "type": "Polygon", "coordinates": [[[119.57582544749044, 34.53159884766805], [119.57582544749044, 34.531239521554404], [119.57510679526315, 34.531239521554404], [119.57510679526315, 34.53088019544076], [119.57564578443362, 34.53088019544076], [119.57564578443362, 34.53070053238393], [119.57582544749044, 34.53070053238393], [119.57582544749044, 34.53052086932711], [119.57528645831998, 34.53052086932711], [119.57528645831998, 34.53070053238393], [119.57510679526315, 34.53070053238393], [119.57510679526315, 34.530341206270286], [119.57492713220633, 34.530341206270286], [119.57492713220633, 34.53088019544076], [119.5747474691495, 34.53088019544076], [119.5747474691495, 34.531059858497585], [119.57438814303586, 34.531059858497585], [119.57438814303586, 34.53088019544076], [119.5747474691495, 34.53088019544076], [119.5747474691495, 34.53052086932711], [119.57456780609269, 34.53052086932711], [119.57456780609269, 34.53070053238393], [119.57384915386538, 34.53070053238393], [119.57384915386538, 34.53052086932711], [119.57331016469492, 34.53052086932711], [119.57331016469492, 34.530341206270286], [119.57313050163809, 34.530341206270286], [119.57313050163809, 34.53016154321346], [119.57295083858126, 34.53016154321346], [119.57295083858126, 34.52962255404299], [119.57313050163809, 34.52962255404299], [119.57313050163809, 34.52944289098617], [119.57366949080856, 34.52944289098617], [119.57366949080856, 34.52926322792934], [119.57402881692221, 34.52926322792934], [119.57402881692221, 34.52962255404299], [119.57366949080856, 34.52962255404299], [119.57366949080856, 34.52998188015664], [119.57384915386538, 34.52998188015664], [119.57384915386538, 34.529802217099814], [119.57420847997903, 34.529802217099814], [119.57420847997903, 34.52998188015664], [119.57438814303586, 34.52998188015664], [119.57438814303586, 34.53016154321346], [119.57456780609269, 34.53016154321346], [119.57456780609269, 34.530341206270286], [119.5747474691495, 34.530341206270286], [119.5747474691495, 34.53016154321346], [119.57492713220633, 34.53016154321346], [119.57492713220633, 34.52998188015664], [119.57528645831998, 34.52998188015664], [119.57528645831998, 34.529802217099814], [119.57510679526315, 34.529802217099814], [119.57510679526315, 34.52962255404299], [119.57564578443362, 34.52962255404299], [119.57564578443362, 34.529802217099814], [119.5754661213768, 34.529802217099814], [119.5754661213768, 34.53016154321346], [119.57528645831998, 34.53016154321346], [119.57528645831998, 34.530341206270286], [119.57582544749044, 34.530341206270286], [119.57582544749044, 34.53052086932711], [119.57600511054727, 34.53052086932711], [119.57600511054727, 34.530341206270286], [119.57636443666092, 34.530341206270286], [119.57636443666092, 34.53016154321346], [119.57582544749044, 34.53016154321346], [119.57582544749044, 34.529802217099814], [119.5761847736041, 34.529802217099814], [119.5761847736041, 34.52962255404299], [119.57636443666092, 34.52962255404299], [119.57636443666092, 34.52944289098617], [119.57654409971775, 34.52944289098617], [119.57654409971775, 34.52962255404299], [119.57636443666092, 34.52962255404299], [119.57636443666092, 34.53016154321346], [119.57654409971775, 34.53016154321346], [119.57654409971775, 34.530341206270286], [119.57636443666092, 34.530341206270286], [119.57636443666092, 34.53052086932711], [119.5761847736041, 34.53052086932711], [119.5761847736041, 34.53070053238393], [119.57636443666092, 34.53070053238393], [119.57636443666092, 34.531059858497585], [119.57600511054727, 34.531059858497585], [119.57600511054727, 34.531239521554404], [119.5761847736041, 34.531239521554404], [119.5761847736041, 34.53141918461123], [119.57600511054727, 34.53141918461123], [119.57600511054727, 34.53159884766805], [119.57582544749044, 34.53159884766805]], [[119.57456780609269, 34.53052086932711], [119.57438814303586, 34.53052086932711], [119.57438814303586, 34.530341206270286], [119.57456780609269, 34.530341206270286], [119.57456780609269, 34.53052086932711]], [[119.57582544749044, 34.531059858497585], [119.57564578443362, 34.531059858497585], [119.57564578443362, 34.53088019544076], [119.57582544749044, 34.53088019544076], [119.57582544749044, 34.531059858497585]]]}, "properties": {"name": "cand13", "ptype": "hall", "confidence": "low", "rank": 13, "area_ha": 3.8, "rise_db": 7.5, "digitised_from": "Sentinel-1 VV rise 2022->2026, orbit 69"}}, {"type": "Feature", "geometry": {"geodesic": false, "type": "Polygon", "coordinates": [[[119.57654409971775, 34.522436031770035], [119.57654409971775, 34.52225636871321], [119.57636443666092, 34.52225636871321], [119.57636443666092, 34.52189704259956], [119.5761847736041, 34.52189704259956], [119.5761847736041, 34.521717379542736], [119.57600511054727, 34.521717379542736], [119.57600511054727, 34.52135805342909], [119.5761847736041, 34.52135805342909], [119.5761847736041, 34.52117839037227], [119.57654409971775, 34.52117839037227], [119.57654409971775, 34.520998727315444], [119.57672376277456, 34.520998727315444], [119.57672376277456, 34.52081906425862], [119.57690342583139, 34.52081906425862], [119.57690342583139, 34.5206394012018], [119.57726275194504, 34.5206394012018], [119.57726275194504, 34.52081906425862], [119.57762207805868, 34.52081906425862], [119.57762207805868, 34.520998727315444], [119.57834073028599, 34.520998727315444], [119.57834073028599, 34.52117839037227], [119.57816106722916, 34.52117839037227], [119.57816106722916, 34.52135805342909], [119.57708308888822, 34.52135805342909], [119.57708308888822, 34.521717379542736], [119.57726275194504, 34.521717379542736], [119.57726275194504, 34.52225636871321], [119.57690342583139, 34.52225636871321], [119.57690342583139, 34.522436031770035], [119.57654409971775, 34.522436031770035]]]}, "properties": {"name": "cand14", "ptype": "hall", "confidence": "low", "rank": 14, "area_ha": 2.3, "rise_db": 9.6, "digitised_from": "Sentinel-1 VV rise 2022->2026, orbit 69"}}, {"type": "Feature", "geometry": {"geodesic": false, "type": "Polygon", "coordinates": [[[119.58265264364975, 34.536270087145475], [119.58265264364975, 34.53609042408865], [119.58247298059294, 34.53609042408865], [119.58247298059294, 34.535551434918176], [119.58265264364975, 34.535551434918176], [119.58265264364975, 34.53537177186136], [119.58283230670658, 34.53537177186136], [119.58283230670658, 34.53519210880453], [119.5830119697634, 34.53519210880453], [119.5830119697634, 34.53501244574771], [119.58355095893387, 34.53501244574771], [119.58355095893387, 34.534832782690884], [119.584449274218, 34.534832782690884], [119.584449274218, 34.53465311963406], [119.58462893727481, 34.53465311963406], [119.58462893727481, 34.53447345657724], [119.58480860033164, 34.53447345657724], [119.58480860033164, 34.53429379352041], [119.58498826338847, 34.53429379352041], [119.58498826338847, 34.53447345657724], [119.5851679264453, 34.53447345657724], [119.5851679264453, 34.534832782690884], [119.58498826338847, 34.534832782690884], [119.58498826338847, 34.53501244574771], [119.58462893727481, 34.53501244574771], [119.58462893727481, 34.53519210880453], [119.58426961116118, 34.53519210880453], [119.58426961116118, 34.53537177186136], [119.58391028504752, 34.53537177186136], [119.58391028504752, 34.535551434918176], [119.5837306219907, 34.535551434918176], [119.5837306219907, 34.535731097975], [119.58355095893387, 34.535731097975], [119.58355095893387, 34.53591076103183], [119.58319163282023, 34.53591076103183], [119.58319163282023, 34.53609042408865], [119.58283230670658, 34.53609042408865], [119.58283230670658, 34.536270087145475], [119.58265264364975, 34.536270087145475]]]}, "properties": {"name": "cand15", "ptype": "hall", "confidence": "low", "rank": 15, "area_ha": 2.3, "rise_db": 9.1, "digitised_from": "Sentinel-1 VV rise 2022->2026, orbit 69"}}, {"type": "Feature", "geometry": {"geodesic": false, "type": "Polygon", "coordinates": [[[119.54582171700086, 34.507164671940004], [119.54582171700086, 34.50680534582636], [119.54600138005767, 34.50680534582636], [119.54600138005767, 34.506446019712705], [119.54546239088721, 34.506446019712705], [119.54546239088721, 34.506266356655885], [119.54528272783038, 34.506266356655885], [119.54528272783038, 34.50572736748541], [119.54546239088721, 34.50572736748541], [119.54546239088721, 34.50554770442859], [119.54600138005767, 34.50554770442859], [119.54600138005767, 34.50572736748541], [119.5461810431145, 34.50572736748541], [119.5461810431145, 34.50554770442859], [119.54654036922815, 34.50554770442859], [119.54654036922815, 34.50572736748541], [119.54707935839862, 34.50572736748541], [119.54707935839862, 34.50608669359906], [119.54689969534179, 34.50608669359906], [119.54689969534179, 34.506266356655885], [119.54725902145545, 34.506266356655885], [119.54725902145545, 34.50680534582636], [119.54707935839862, 34.50680534582636], [119.54707935839862, 34.50662568276953], [119.54689969534179, 34.50662568276953], [119.54689969534179, 34.506446019712705], [119.54636070617133, 34.506446019712705], [119.54636070617133, 34.50680534582636], [119.5461810431145, 34.50680534582636], [119.5461810431145, 34.507164671940004], [119.54582171700086, 34.507164671940004]], [[119.54582171700086, 34.50608669359906], [119.54564205394404, 34.50608669359906], [119.54564205394404, 34.50590703054223], [119.54582171700086, 34.50590703054223], [119.54582171700086, 34.50608669359906]]]}, "properties": {"name": "cand16", "ptype": "hall", "confidence": "low", "rank": 16, "area_ha": 2.2, "rise_db": 7.1, "digitised_from": "Sentinel-1 VV rise 2022->2026, orbit 69"}}, {"type": "Feature", "geometry": {"geodesic": false, "type": "Polygon", "coordinates": [[[119.54168946669391, 34.51345287892884], [119.54168946669391, 34.512913889758366], [119.54133014058026, 34.512913889758366], [119.54133014058026, 34.512734226701546], [119.5409708144666, 34.512734226701546], [119.5409708144666, 34.51183591141742], [119.54115047752343, 34.51183591141742], [119.54115047752343, 34.5116562483606], [119.54133014058026, 34.5116562483606], [119.54133014058026, 34.511476585303775], [119.54168946669391, 34.511476585303775], [119.54168946669391, 34.5116562483606], [119.54204879280755, 34.5116562483606], [119.54204879280755, 34.51183591141742], [119.54222845586438, 34.51183591141742], [119.54222845586438, 34.512195237531074], [119.54204879280755, 34.512195237531074], [119.54204879280755, 34.51255456364472], [119.54222845586438, 34.51255456364472], [119.54222845586438, 34.512913889758366], [119.5424081189212, 34.512913889758366], [119.5424081189212, 34.51309355281519], [119.54222845586438, 34.51309355281519], [119.54222845586438, 34.51327321587202], [119.54204879280755, 34.51327321587202], [119.54204879280755, 34.51345287892884], [119.54168946669391, 34.51345287892884]]]}, "properties": {"name": "cand17", "ptype": "hall", "confidence": "low", "rank": 17, "area_ha": 2.2, "rise_db": 7.6, "digitised_from": "Sentinel-1 VV rise 2022->2026, orbit 69"}}, {"type": "Feature", "geometry": {"geodesic": false, "type": "Polygon", "coordinates": [[[119.56827959910385, 34.552260099202805], [119.56827959910385, 34.55208043614598], [119.56809993604702, 34.55208043614598], [119.56809993604702, 34.55172111003233], [119.56899825133114, 34.55172111003233], [119.56899825133114, 34.551541446975506], [119.56917791438796, 34.551541446975506], [119.56917791438796, 34.55118212086186], [119.56971690355843, 34.55118212086186], [119.56971690355843, 34.550822794748214], [119.56989656661526, 34.550822794748214], [119.56989656661526, 34.55064313169139], [119.57025589272891, 34.55064313169139], [119.57025589272891, 34.55046346863456], [119.57061521884255, 34.55046346863456], [119.57061521884255, 34.55064313169139], [119.57079488189937, 34.55064313169139], [119.57079488189937, 34.550822794748214], [119.57061521884255, 34.550822794748214], [119.57061521884255, 34.55100245780503], [119.57043555578574, 34.55100245780503], [119.57043555578574, 34.55118212086186], [119.57025589272891, 34.55118212086186], [119.57025589272891, 34.551361783918686], [119.57007622967208, 34.551361783918686], [119.57007622967208, 34.551541446975506], [119.56971690355843, 34.551541446975506], [119.56971690355843, 34.55172111003233], [119.56917791438796, 34.55172111003233], [119.56917791438796, 34.55190077308915], [119.56899825133114, 34.55190077308915], [119.56899825133114, 34.55208043614598], [119.56863892521748, 34.55208043614598], [119.56863892521748, 34.552260099202805], [119.56827959910385, 34.552260099202805]]]}, "properties": {"name": "cand18", "ptype": "hall", "confidence": "low", "rank": 18, "area_ha": 1.8, "rise_db": 9.2, "digitised_from": "Sentinel-1 VV rise 2022->2026, orbit 69"}}, {"type": "Feature", "geometry": {"geodesic": false, "type": "Polygon", "coordinates": [[[119.54833699979639, 34.507883324167295], [119.54833699979639, 34.507703661110476], [119.54815733673956, 34.507703661110476], [119.54815733673956, 34.50752399805365], [119.54779801062593, 34.50752399805365], [119.54779801062593, 34.50734433499683], [119.5476183475691, 34.50734433499683], [119.5476183475691, 34.50680534582636], [119.54743868451227, 34.50680534582636], [119.54743868451227, 34.506446019712705], [119.5476183475691, 34.506446019712705], [119.5476183475691, 34.50662568276953], [119.54797767368274, 34.50662568276953], [119.54797767368274, 34.50680534582636], [119.54833699979639, 34.50680534582636], [119.54833699979639, 34.50698500888318], [119.54887598896686, 34.50698500888318], [119.54887598896686, 34.507164671940004], [119.54923531508051, 34.507164671940004], [119.54923531508051, 34.507703661110476], [119.54905565202368, 34.507703661110476], [119.54905565202368, 34.507883324167295], [119.54833699979639, 34.507883324167295]]]}, "properties": {"name": "cand19", "ptype": "hall", "confidence": "low", "rank": 19, "area_ha": 1.7, "rise_db": 5.9, "digitised_from": "Sentinel-1 VV rise 2022->2026, orbit 69"}}, {"type": "Feature", "geometry": {"geodesic": false, "type": "Polygon", "coordinates": [[[119.54905565202368, 34.50393073691717], [119.54905565202368, 34.50375107386035], [119.54869632591004, 34.50375107386035], [119.54869632591004, 34.503571410803524], [119.54833699979639, 34.503571410803524], [119.54833699979639, 34.5033917477467], [119.54815733673956, 34.5033917477467], [119.54815733673956, 34.50321208468988], [119.54833699979639, 34.50321208468988], [119.54833699979639, 34.50303242163305], [119.54977430425099, 34.50303242163305], [119.54977430425099, 34.5033917477467], [119.5499539673078, 34.5033917477467], [119.5499539673078, 34.50321208468988], [119.55013363036463, 34.50321208468988], [119.55013363036463, 34.5033917477467], [119.55031329342145, 34.5033917477467], [119.55031329342145, 34.50375107386035], [119.54977430425099, 34.50375107386035], [119.54977430425099, 34.50393073691717], [119.54905565202368, 34.50393073691717]], [[119.54887598896686, 34.5033917477467], [119.54869632591004, 34.5033917477467], [119.54869632591004, 34.50321208468988], [119.54887598896686, 34.50321208468988], [119.54887598896686, 34.5033917477467]]]}, "properties": {"name": "cand20", "ptype": "hall", "confidence": "low", "rank": 20, "area_ha": 1.6, "rise_db": 9.1, "digitised_from": "Sentinel-1 VV rise 2022->2026, orbit 69"}}, {"type": "Feature", "geometry": {"geodesic": false, "type": "Polygon", "coordinates": [[[119.57744241500187, 34.54758885972538], [119.57744241500187, 34.54740919666856], [119.57726275194504, 34.54740919666856], [119.57726275194504, 34.54704987055491], [119.57708308888822, 34.54704987055491], [119.57708308888822, 34.54687020749809], [119.57690342583139, 34.54687020749809], [119.57690342583139, 34.54669054444126], [119.57672376277456, 34.54669054444126], [119.57672376277456, 34.546510881384435], [119.57654409971775, 34.546510881384435], [119.57654409971775, 34.54615155527079], [119.57672376277456, 34.54615155527079], [119.57672376277456, 34.54597189221396], [119.57690342583139, 34.54597189221396], [119.57690342583139, 34.54615155527079], [119.57708308888822, 34.54615155527079], [119.57708308888822, 34.546510881384435], [119.57726275194504, 34.546510881384435], [119.57726275194504, 34.54687020749809], [119.57744241500187, 34.54687020749809], [119.57744241500187, 34.54704987055491], [119.57762207805868, 34.54704987055491], [119.57762207805868, 34.54687020749809], [119.57780174111551, 34.54687020749809], [119.57780174111551, 34.54669054444126], [119.57852039334281, 34.54669054444126], [119.57852039334281, 34.547229533611734], [119.57816106722916, 34.547229533611734], [119.57816106722916, 34.54740919666856], [119.57780174111551, 34.54740919666856], [119.57780174111551, 34.54758885972538], [119.57744241500187, 34.54758885972538]]]}, "properties": {"name": "cand21", "ptype": "hall", "confidence": "low", "rank": 21, "area_ha": 1.5, "rise_db": 7.0, "digitised_from": "Sentinel-1 VV rise 2022->2026, orbit 69"}}, {"type": "Feature", "geometry": {"geodesic": false, "type": "Polygon", "coordinates": [[[119.56738128381973, 34.55118212086186], [119.56738128381973, 34.55100245780503], [119.56702195770607, 34.55100245780503], [119.56702195770607, 34.550822794748214], [119.56684229464925, 34.550822794748214], [119.56684229464925, 34.55064313169139], [119.56666263159242, 34.55064313169139], [119.56666263159242, 34.55028380557774], [119.56648296853561, 34.55028380557774], [119.56648296853561, 34.550104142520915], [119.56612364242196, 34.550104142520915], [119.56612364242196, 34.54974481640727], [119.5657643163083, 34.54974481640727], [119.5657643163083, 34.54956515335044], [119.56558465325149, 34.54956515335044], [119.56558465325149, 34.54938549029362], [119.56540499019466, 34.54938549029362], [119.56540499019466, 34.54884650112315], [119.56558465325149, 34.54884650112315], [119.56558465325149, 34.54902616417997], [119.5657643163083, 34.54902616417997], [119.5657643163083, 34.5492058272368], [119.56594397936513, 34.5492058272368], [119.56594397936513, 34.54938549029362], [119.56630330547878, 34.54938549029362], [119.56630330547878, 34.54956515335044], [119.56648296853561, 34.54956515335044], [119.56648296853561, 34.54974481640727], [119.56666263159242, 34.54974481640727], [119.56666263159242, 34.54992447946409], [119.56684229464925, 34.54992447946409], [119.56684229464925, 34.55028380557774], [119.5672016207629, 34.55028380557774], [119.5672016207629, 34.55064313169139], [119.56756094687655, 34.55064313169139], [119.56756094687655, 34.55118212086186], [119.56738128381973, 34.55118212086186]]]}, "properties": {"name": "cand22", "ptype": "hall", "confidence": "low", "rank": 22, "area_ha": 1.5, "rise_db": 8.2, "digitised_from": "Sentinel-1 VV rise 2022->2026, orbit 69"}}, {"type": "Feature", "geometry": {"geodesic": false, "type": "Polygon", "coordinates": [[[119.54330643420532, 34.512734226701546], [119.54330643420532, 34.51255456364472], [119.5431267711485, 34.51255456364472], [119.5431267711485, 34.51201557447425], [119.54330643420532, 34.51201557447425], [119.54330643420532, 34.5116562483606], [119.54294710809167, 34.5116562483606], [119.54294710809167, 34.511476585303775], [119.5424081189212, 34.511476585303775], [119.5424081189212, 34.51111725919013], [119.54276744503485, 34.51111725919013], [119.54276744503485, 34.5109375961333], [119.54294710809167, 34.5109375961333], [119.54294710809167, 34.51075793307648], [119.5431267711485, 34.51075793307648], [119.5431267711485, 34.511476585303775], [119.54348609726215, 34.511476585303775], [119.54348609726215, 34.5116562483606], [119.54366576031897, 34.5116562483606], [119.54366576031897, 34.51183591141742], [119.54402508643261, 34.51183591141742], [119.54402508643261, 34.512195237531074], [119.5438454233758, 34.512195237531074], [119.5438454233758, 34.512734226701546], [119.54330643420532, 34.512734226701546]]]}, "properties": {"name": "cand23", "ptype": "hall", "confidence": "low", "rank": 23, "area_ha": 1.4, "rise_db": 6.1, "digitised_from": "Sentinel-1 VV rise 2022->2026, orbit 69"}}, {"type": "Feature", "geometry": {"geodesic": false, "type": "Polygon", "coordinates": [[[119.54959464119416, 34.50896130250824], [119.54959464119416, 34.50878163945142], [119.54887598896686, 34.50878163945142], [119.54887598896686, 34.508601976394594], [119.54833699979639, 34.508601976394594], [119.54833699979639, 34.50824265028095], [119.54869632591004, 34.50824265028095], [119.54869632591004, 34.50842231333777], [119.54977430425099, 34.50842231333777], [119.54977430425099, 34.508601976394594], [119.5499539673078, 34.508601976394594], [119.5499539673078, 34.50842231333777], [119.55013363036463, 34.50842231333777], [119.55013363036463, 34.50824265028095], [119.55031329342145, 34.50824265028095], [119.55031329342145, 34.50806298722412], [119.55049295647828, 34.50806298722412], [119.55049295647828, 34.507883324167295], [119.55085228259192, 34.507883324167295], [119.55085228259192, 34.50824265028095], [119.5506726195351, 34.50824265028095], [119.5506726195351, 34.508601976394594], [119.55049295647828, 34.508601976394594], [119.55049295647828, 34.50878163945142], [119.55013363036463, 34.50878163945142], [119.55013363036463, 34.50896130250824], [119.54959464119416, 34.50896130250824]]]}, "properties": {"name": "cand24", "ptype": "hall", "confidence": "low", "rank": 24, "area_ha": 1.4, "rise_db": 5.2, "digitised_from": "Sentinel-1 VV rise 2022->2026, orbit 69"}}, {"type": "Feature", "geometry": {"geodesic": false, "type": "Polygon", "coordinates": [[[119.52929271577305, 34.54669054444126], [119.52929271577305, 34.546510881384435], [119.52947237882988, 34.546510881384435], [119.52947237882988, 34.546331218327616], [119.52929271577305, 34.546331218327616], [119.52929271577305, 34.54615155527079], [119.52947237882988, 34.54615155527079], [119.52947237882988, 34.54597189221396], [119.5296520418867, 34.54597189221396], [119.5296520418867, 34.54579222915714], [119.52983170494353, 34.54579222915714], [119.52983170494353, 34.54561256610032], [119.53001136800036, 34.54561256610032], [119.53001136800036, 34.5454329030435], [119.53019103105717, 34.5454329030435], [119.53019103105717, 34.544893913873025], [119.530370694114, 34.544893913873025], [119.530370694114, 34.5447142508162], [119.53055035717082, 34.5447142508162], [119.53055035717082, 34.54453458775937], [119.53073002022765, 34.54453458775937], [119.53073002022765, 34.54435492470255], [119.53090968328448, 34.54435492470255], [119.53090968328448, 34.54417526164573], [119.53108934634129, 34.54417526164573], [119.53108934634129, 34.5439955985889], [119.53126900939812, 34.5439955985889], [119.53126900939812, 34.54435492470255], [119.53108934634129, 34.54435492470255], [119.53108934634129, 34.5447142508162], [119.53090968328448, 34.5447142508162], [119.53090968328448, 34.545073576929845], [119.53073002022765, 34.545073576929845], [119.53073002022765, 34.54525323998667], [119.53055035717082, 34.54525323998667], [119.53055035717082, 34.5454329030435], [119.530370694114, 34.5454329030435], [119.530370694114, 34.54561256610032], [119.53019103105717, 34.54561256610032], [119.53019103105717, 34.54579222915714], [119.53001136800036, 34.54579222915714], [119.53001136800036, 34.54615155527079], [119.52983170494353, 34.54615155527079], [119.52983170494353, 34.546331218327616], [119.5296520418867, 34.546331218327616], [119.5296520418867, 34.546510881384435], [119.52947237882988, 34.546510881384435], [119.52947237882988, 34.54669054444126], [119.52929271577305, 34.54669054444126]]]}, "properties": {"name": "cand25", "ptype": "hall", "confidence": "low", "rank": 25, "area_ha": 1.4, "rise_db": 7.2, "digitised_from": "Sentinel-1 VV rise 2022->2026, orbit 69"}}, {"type": "Feature", "geometry": {"geodesic": false, "type": "Polygon", "coordinates": [[[119.5461810431145, 34.51327321587202], [119.5461810431145, 34.51309355281519], [119.54600138005767, 34.51309355281519], [119.54600138005767, 34.51255456364472], [119.54636070617133, 34.51255456364472], [119.54636070617133, 34.51237490058789], [119.5461810431145, 34.51237490058789], [119.5461810431145, 34.512195237531074], [119.54636070617133, 34.512195237531074], [119.54636070617133, 34.51201557447425], [119.54654036922815, 34.51201557447425], [119.54654036922815, 34.512195237531074], [119.54672003228498, 34.512195237531074], [119.54672003228498, 34.51255456364472], [119.54707935839862, 34.51255456364472], [119.54707935839862, 34.512734226701546], [119.54725902145545, 34.512734226701546], [119.54725902145545, 34.512913889758366], [119.54743868451227, 34.512913889758366], [119.54743868451227, 34.51309355281519], [119.54725902145545, 34.51309355281519], [119.54725902145545, 34.51327321587202], [119.5461810431145, 34.51327321587202]]]}, "properties": {"name": "cand26", "ptype": "hall", "confidence": "low", "rank": 26, "area_ha": 1.3, "rise_db": 6.2, "digitised_from": "Sentinel-1 VV rise 2022->2026, orbit 69"}}, {"type": "Feature", "geometry": {"geodesic": false, "type": "Polygon", "coordinates": [[[119.51096708397702, 34.50680534582636], [119.51096708397702, 34.50662568276953], [119.51060775786337, 34.50662568276953], [119.51060775786337, 34.50572736748541], [119.51150607314749, 34.50572736748541], [119.51150607314749, 34.50590703054223], [119.51168573620431, 34.50590703054223], [119.51168573620431, 34.506266356655885], [119.51150607314749, 34.506266356655885], [119.51150607314749, 34.506446019712705], [119.51132641009066, 34.506446019712705], [119.51132641009066, 34.50680534582636], [119.51096708397702, 34.50680534582636]]]}, "properties": {"name": "cand27", "ptype": "hall", "confidence": "low", "rank": 27, "area_ha": 1.1, "rise_db": 8.3, "digitised_from": "Sentinel-1 VV rise 2022->2026, orbit 69"}}, {"type": "Feature", "geometry": {"geodesic": false, "type": "Polygon", "coordinates": [[[119.59145613343412, 34.52225636871321], [119.59145613343412, 34.52207670565639], [119.59127647037731, 34.52207670565639], [119.59127647037731, 34.521717379542736], [119.59109680732048, 34.521717379542736], [119.59109680732048, 34.521537716485916], [119.59091714426366, 34.521537716485916], [119.59091714426366, 34.52135805342909], [119.59073748120683, 34.52135805342909], [119.59073748120683, 34.520998727315444], [119.59127647037731, 34.520998727315444], [119.59127647037731, 34.52081906425862], [119.59181545954777, 34.52081906425862], [119.59181545954777, 34.52135805342909], [119.59163579649095, 34.52135805342909], [119.59163579649095, 34.52189704259956], [119.59181545954777, 34.52189704259956], [119.59181545954777, 34.52207670565639], [119.59163579649095, 34.52207670565639], [119.59163579649095, 34.52225636871321], [119.59145613343412, 34.52225636871321]]]}, "properties": {"name": "cand28", "ptype": "hall", "confidence": "low", "rank": 28, "area_ha": 1.1, "rise_db": 5.7, "digitised_from": "Sentinel-1 VV rise 2022->2026, orbit 69"}}, {"type": "Feature", "geometry": {"geodesic": false, "type": "Polygon", "coordinates": [[[119.57223218635397, 34.55477538199834], [119.57223218635397, 34.55441605588469], [119.5724118494108, 34.55441605588469], [119.5724118494108, 34.55423639282787], [119.57277117552444, 34.55423639282787], [119.57277117552444, 34.553877066714215], [119.57295083858126, 34.553877066714215], [119.57295083858126, 34.553697403657395], [119.57384915386538, 34.553697403657395], [119.57384915386538, 34.553877066714215], [119.57366949080856, 34.553877066714215], [119.57366949080856, 34.55405672977104], [119.57348982775174, 34.55405672977104], [119.57348982775174, 34.55423639282787], [119.57331016469492, 34.55423639282787], [119.57331016469492, 34.55441605588469], [119.57313050163809, 34.55441605588469], [119.57313050163809, 34.55459571894151], [119.57277117552444, 34.55459571894151], [119.57277117552444, 34.55477538199834], [119.57223218635397, 34.55477538199834]]]}, "properties": {"name": "cand29", "ptype": "hall", "confidence": "low", "rank": 29, "area_ha": 1.1, "rise_db": 11.7, "digitised_from": "Sentinel-1 VV rise 2022->2026, orbit 69"}}, {"type": "Feature", "geometry": {"geodesic": false, "type": "Polygon", "coordinates": [[[119.57708308888822, 34.56519583929413], [119.57708308888822, 34.5650161762373], [119.57744241500187, 34.5650161762373], [119.57744241500187, 34.564836513180474], [119.57726275194504, 34.564836513180474], [119.57726275194504, 34.56429752401], [119.57744241500187, 34.56429752401], [119.57744241500187, 34.564836513180474], [119.57762207805868, 34.564836513180474], [119.57762207805868, 34.564656850123654], [119.57780174111551, 34.564656850123654], [119.57780174111551, 34.56447718706683], [119.57798140417233, 34.56447718706683], [119.57798140417233, 34.56411786095318], [119.57816106722916, 34.56411786095318], [119.57816106722916, 34.56429752401], [119.57852039334281, 34.56429752401], [119.57852039334281, 34.56411786095318], [119.57887971945645, 34.56411786095318], [119.57887971945645, 34.56429752401], [119.57905938251328, 34.56429752401], [119.57905938251328, 34.564656850123654], [119.57887971945645, 34.564656850123654], [119.57887971945645, 34.564836513180474], [119.57870005639963, 34.564836513180474], [119.57870005639963, 34.56447718706683], [119.57852039334281, 34.56447718706683], [119.57852039334281, 34.564656850123654], [119.57780174111551, 34.564656850123654], [119.57780174111551, 34.56519583929413], [119.57708308888822, 34.56519583929413]]]}, "properties": {"name": "cand30", "ptype": "hall", "confidence": "low", "rank": 30, "area_ha": 1.0, "rise_db": 11.3, "digitised_from": "Sentinel-1 VV rise 2022->2026, orbit 69"}}, {"type": "Feature", "geometry": {"geodesic": false, "type": "Polygon", "coordinates": [[[119.58498826338847, 34.55944662147576], [119.58498826338847, 34.55926695841894], [119.584449274218, 34.55926695841894], [119.584449274218, 34.55908729536211], [119.58426961116118, 34.55908729536211], [119.58426961116118, 34.558727969248466], [119.584449274218, 34.558727969248466], [119.584449274218, 34.55854830619164], [119.58480860033164, 34.55854830619164], [119.58480860033164, 34.55836864313481], [119.58498826338847, 34.55836864313481], [119.58498826338847, 34.55854830619164], [119.5851679264453, 34.55854830619164], [119.5851679264453, 34.558907632305285], [119.58534758950212, 34.558907632305285], [119.58534758950212, 34.55908729536211], [119.58552725255893, 34.55908729536211], [119.58552725255893, 34.55944662147576], [119.58498826338847, 34.55944662147576]]]}, "properties": {"name": "cand31", "ptype": "hall", "confidence": "low", "rank": 31, "area_ha": 1.0, "rise_db": 6.5, "digitised_from": "Sentinel-1 VV rise 2022->2026, orbit 69"}}]}