{"type": "FeatureCollection", "features": [{"type": "Feature", "geometry": {"geodesic": false, "type": "Polygon", "coordinates": [[[118.42113098128321, 39.15217334306522], [118.42113098128321, 39.1519936800084], [118.41987333988544, 39.1519936800084], [118.41987333988544, 39.151814016951576], [118.41969367682863, 39.151814016951576], [118.41969367682863, 39.15145469083793], [118.42059199211275, 39.15145469083793], [118.42059199211275, 39.151095364724284], [118.42005300294227, 39.151095364724284], [118.42005300294227, 39.15091570166746], [118.41915468765815, 39.15091570166746], [118.41915468765815, 39.15073603861063], [118.41843603543086, 39.15073603861063], [118.41843603543086, 39.15055637555381], [118.4180767093172, 39.15055637555381], [118.4180767093172, 39.150376712496985], [118.41753772014674, 39.150376712496985], [118.41753772014674, 39.15055637555381], [118.41717839403309, 39.15055637555381], [118.41717839403309, 39.150376712496985], [118.41681906791945, 39.150376712496985], [118.41681906791945, 39.15019704944016], [118.4164597418058, 39.15019704944016], [118.4164597418058, 39.150376712496985], [118.41592075263532, 39.150376712496985], [118.41592075263532, 39.15001738638334], [118.41556142652168, 39.15001738638334], [118.41556142652168, 39.15019704944016], [118.41520210040802, 39.15019704944016], [118.41520210040802, 39.15055637555381], [118.4150224373512, 39.15055637555381], [118.4150224373512, 39.15073603861063], [118.41484277429439, 39.15073603861063], [118.41484277429439, 39.14983772332651], [118.41448344818073, 39.14983772332651], [118.41448344818073, 39.14965806026969], [118.4143037851239, 39.14965806026969], [118.4143037851239, 39.14947839721287], [118.41448344818073, 39.14947839721287], [118.41448344818073, 39.14929873415604], [118.41394445901025, 39.14929873415604], [118.41394445901025, 39.14911907109922], [118.41358513289661, 39.14911907109922], [118.41358513289661, 39.14929873415604], [118.41322580678296, 39.14929873415604], [118.41322580678296, 39.14911907109922], [118.41286648066932, 39.14911907109922], [118.41286648066932, 39.148939408042395], [118.41250715455567, 39.148939408042395], [118.41250715455567, 39.14875974498557], [118.41232749149884, 39.14875974498557], [118.41232749149884, 39.14858008192875], [118.41250715455567, 39.14858008192875], [118.41250715455567, 39.14840041887192], [118.41286648066932, 39.14840041887192], [118.41286648066932, 39.148220755815096], [118.41322580678296, 39.148220755815096], [118.41322580678296, 39.14804109275828], [118.41340546983979, 39.14804109275828], [118.41340546983979, 39.147681766644624], [118.4126868176125, 39.147681766644624], [118.4126868176125, 39.14804109275828], [118.41214782844202, 39.14804109275828], [118.41214782844202, 39.148220755815096], [118.41196816538519, 39.148220755815096], [118.41196816538519, 39.14840041887192], [118.41178850232838, 39.14840041887192], [118.41178850232838, 39.148220755815096], [118.41160883927155, 39.148220755815096], [118.41160883927155, 39.14804109275828], [118.41071052398743, 39.14804109275828], [118.41071052398743, 39.14714277747416], [118.41106985010107, 39.14714277747416], [118.41106985010107, 39.146783451360506], [118.4112495131579, 39.146783451360506], [118.4112495131579, 39.14642412524686], [118.41142917621472, 39.14642412524686], [118.41142917621472, 39.14624446219003], [118.41160883927155, 39.14624446219003], [118.41160883927155, 39.146064799133214], [118.41214782844202, 39.146064799133214], [118.41214782844202, 39.14570547301956], [118.41196816538519, 39.14570547301956], [118.41196816538519, 39.14552580996274], [118.41214782844202, 39.14552580996274], [118.41214782844202, 39.145166483849096], [118.41232749149884, 39.145166483849096], [118.41232749149884, 39.14498682079227], [118.41250715455567, 39.14498682079227], [118.41250715455567, 39.14480715773544], [118.4126868176125, 39.14480715773544], [118.4126868176125, 39.14462749467862], [118.41376479595344, 39.14462749467862], [118.41376479595344, 39.1444478316218], [118.41394445901025, 39.1444478316218], [118.41394445901025, 39.14426816856497], [118.41412412206708, 39.14426816856497], [118.41412412206708, 39.14408850550815], [118.4143037851239, 39.14408850550815], [118.4143037851239, 39.1437291793945], [118.41448344818073, 39.1437291793945], [118.41448344818073, 39.14336985328085], [118.41412412206708, 39.14336985328085], [118.41412412206708, 39.143190190224026], [118.41394445901025, 39.143190190224026], [118.41394445901025, 39.14229187493991], [118.41412412206708, 39.14229187493991], [118.41412412206708, 39.14193254882626], [118.4143037851239, 39.14193254882626], [118.4143037851239, 39.141752885769435], [118.41448344818073, 39.141752885769435], [118.41448344818073, 39.141573222712616], [118.41520210040802, 39.141573222712616], [118.41520210040802, 39.14121389659896], [118.41538176346485, 39.14121389659896], [118.41538176346485, 39.14085457048532], [118.4157410895785, 39.14085457048532], [118.4157410895785, 39.14139355965579], [118.41556142652168, 39.14139355965579], [118.41556142652168, 39.141752885769435], [118.41538176346485, 39.141752885769435], [118.41538176346485, 39.14211221188309], [118.41520210040802, 39.14211221188309], [118.41520210040802, 39.142471537996734], [118.41556142652168, 39.142471537996734], [118.41556142652168, 39.14229187493991], [118.4157410895785, 39.14229187493991], [118.4157410895785, 39.14211221188309], [118.41610041569214, 39.14211221188309], [118.41610041569214, 39.14193254882626], [118.41628007874897, 39.14193254882626], [118.41628007874897, 39.141752885769435], [118.4164597418058, 39.141752885769435], [118.4164597418058, 39.141573222712616], [118.41663940486262, 39.141573222712616], [118.41663940486262, 39.14121389659896], [118.41699873097626, 39.14121389659896], [118.41699873097626, 39.14229187493991], [118.41735805708991, 39.14229187493991], [118.41735805708991, 39.14211221188309], [118.41771738320357, 39.14211221188309], [118.41771738320357, 39.142471537996734], [118.41789704626038, 39.142471537996734], [118.41789704626038, 39.14265120105356], [118.41843603543086, 39.14265120105356], [118.41843603543086, 39.14283086411038], [118.41861569848768, 39.14283086411038], [118.41861569848768, 39.143010527167206], [118.41915468765815, 39.143010527167206], [118.41915468765815, 39.143190190224026], [118.41933435071498, 39.143190190224026], [118.41933435071498, 39.14336985328085], [118.41969367682863, 39.14336985328085], [118.41969367682863, 39.14354951633768], [118.42041232905592, 39.14354951633768], [118.42041232905592, 39.1437291793945], [118.42059199211275, 39.1437291793945], [118.42059199211275, 39.143908842451324], [118.42131064434004, 39.143908842451324], [118.42131064434004, 39.14426816856497], [118.42113098128321, 39.14426816856497], [118.42113098128321, 39.1444478316218], [118.42095131822639, 39.1444478316218], [118.42095131822639, 39.14498682079227], [118.42131064434004, 39.14498682079227], [118.42131064434004, 39.14480715773544], [118.42149030739687, 39.14480715773544], [118.42149030739687, 39.14462749467862], [118.42166997045369, 39.14462749467862], [118.42166997045369, 39.1444478316218], [118.42220895962416, 39.1444478316218], [118.42220895962416, 39.14426816856497], [118.42256828573781, 39.14426816856497], [118.42256828573781, 39.1444478316218], [118.42274794879464, 39.1444478316218], [118.42274794879464, 39.14462749467862], [118.42310727490828, 39.14462749467862], [118.42310727490828, 39.14480715773544], [118.4232869379651, 39.14480715773544], [118.4232869379651, 39.14498682079227], [118.42346660102193, 39.14498682079227], [118.42346660102193, 39.145166483849096], [118.42364626407876, 39.145166483849096], [118.42364626407876, 39.145346146905915], [118.42508356853334, 39.145346146905915], [118.42508356853334, 39.14552580996274], [118.42490390547651, 39.14552580996274], [118.42490390547651, 39.14570547301956], [118.4247242424197, 39.14570547301956], [118.4247242424197, 39.14588513607639], [118.42454457936287, 39.14588513607639], [118.42454457936287, 39.146783451360506], [118.42436491630605, 39.146783451360506], [118.42436491630605, 39.14732244053098], [118.42490390547651, 39.14732244053098], [118.42490390547651, 39.14714277747416], [118.42526323159016, 39.14714277747416], [118.42526323159016, 39.147502103587804], [118.42544289464699, 39.147502103587804], [118.42544289464699, 39.14732244053098], [118.42598188381746, 39.14732244053098], [118.42598188381746, 39.147502103587804], [118.42723952521523, 39.147502103587804], [118.42723952521523, 39.147681766644624], [118.4277785143857, 39.147681766644624], [118.4277785143857, 39.14786142970145], [118.42795817744252, 39.14786142970145], [118.42795817744252, 39.14804109275828], [118.42813784049935, 39.14804109275828], [118.42813784049935, 39.148220755815096], [118.42831750355617, 39.148220755815096], [118.42831750355617, 39.14875974498557], [118.42795817744252, 39.14875974498557], [118.42795817744252, 39.148939408042395], [118.4277785143857, 39.148939408042395], [118.4277785143857, 39.14911907109922], [118.42795817744252, 39.14911907109922], [118.42795817744252, 39.14929873415604], [118.42813784049935, 39.14929873415604], [118.42813784049935, 39.14911907109922], [118.42831750355617, 39.14911907109922], [118.42831750355617, 39.148939408042395], [118.42867682966983, 39.148939408042395], [118.42867682966983, 39.14875974498557], [118.42957514495394, 39.14875974498557], [118.42957514495394, 39.14947839721287], [118.42975480801076, 39.14947839721287], [118.42975480801076, 39.15001738638334], [118.42957514495394, 39.15001738638334], [118.42957514495394, 39.15019704944016], [118.42921581884029, 39.15019704944016], [118.42921581884029, 39.150376712496985], [118.42867682966983, 39.150376712496985], [118.42867682966983, 39.15145469083793], [118.428497166613, 39.15145469083793], [118.428497166613, 39.15163435389475], [118.42813784049935, 39.15163435389475], [118.42813784049935, 39.15145469083793], [118.42759885132888, 39.15145469083793], [118.42759885132888, 39.15163435389475], [118.4270598621584, 39.15163435389475], [118.4270598621584, 39.15145469083793], [118.42670053604476, 39.15145469083793], [118.42670053604476, 39.15163435389475], [118.42598188381746, 39.15163435389475], [118.42598188381746, 39.151275027781104], [118.42616154687428, 39.151275027781104], [118.42616154687428, 39.151095364724284], [118.42598188381746, 39.151095364724284], [118.42598188381746, 39.15091570166746], [118.42562255770382, 39.15091570166746], [118.42562255770382, 39.15073603861063], [118.42508356853334, 39.15073603861063], [118.42508356853334, 39.15055637555381], [118.42364626407876, 39.15055637555381], [118.42364626407876, 39.15073603861063], [118.4232869379651, 39.15073603861063], [118.4232869379651, 39.15055637555381], [118.42310727490828, 39.15055637555381], [118.42310727490828, 39.15019704944016], [118.42256828573781, 39.15019704944016], [118.42256828573781, 39.150376712496985], [118.42274794879464, 39.150376712496985], [118.42274794879464, 39.15055637555381], [118.42256828573781, 39.15055637555381], [118.42256828573781, 39.15091570166746], [118.42310727490828, 39.15091570166746], [118.42310727490828, 39.151095364724284], [118.42364626407876, 39.151095364724284], [118.42364626407876, 39.15091570166746], [118.4240055901924, 39.15091570166746], [118.4240055901924, 39.151095364724284], [118.42418525324922, 39.151095364724284], [118.42418525324922, 39.15145469083793], [118.42292761185145, 39.15145469083793], [118.42292761185145, 39.151275027781104], [118.42274794879464, 39.151275027781104], [118.42274794879464, 39.151095364724284], [118.42256828573781, 39.151095364724284], [118.42256828573781, 39.151275027781104], [118.42202929656733, 39.151275027781104], [118.42202929656733, 39.151095364724284], [118.4218496335105, 39.151095364724284], [118.4218496335105, 39.151275027781104], [118.42095131822639, 39.151275027781104], [118.42095131822639, 39.15163435389475], [118.42131064434004, 39.15163435389475], [118.42131064434004, 39.151814016951576], [118.42149030739687, 39.151814016951576], [118.42149030739687, 39.15217334306522], [118.42113098128321, 39.15217334306522]], [[118.41789704626038, 39.145166483849096], [118.41753772014674, 39.145166483849096], [118.41753772014674, 39.14498682079227], [118.41789704626038, 39.14498682079227], [118.41789704626038, 39.145166483849096]], [[118.41358513289661, 39.146603788303686], [118.41304614372613, 39.146603788303686], [118.41304614372613, 39.14642412524686], [118.41286648066932, 39.14642412524686], [118.41286648066932, 39.14624446219003], [118.41304614372613, 39.14624446219003], [118.41304614372613, 39.146064799133214], [118.41340546983979, 39.146064799133214], [118.41340546983979, 39.14624446219003], [118.41358513289661, 39.14624446219003], [118.41358513289661, 39.146603788303686]], [[118.41520210040802, 39.14696311441733], [118.4150224373512, 39.14696311441733], [118.4150224373512, 39.146603788303686], [118.41520210040802, 39.146603788303686], [118.41520210040802, 39.14642412524686], [118.41538176346485, 39.14642412524686], [118.41538176346485, 39.14624446219003], [118.4157410895785, 39.14624446219003], [118.4157410895785, 39.146603788303686], [118.41556142652168, 39.146603788303686], [118.41556142652168, 39.146783451360506], [118.41520210040802, 39.146783451360506], [118.41520210040802, 39.14696311441733]], [[118.41915468765815, 39.14732244053098], [118.41897502460132, 39.14732244053098], [118.41897502460132, 39.14714277747416], [118.41789704626038, 39.14714277747416], [118.41789704626038, 39.146783451360506], [118.41843603543086, 39.146783451360506], [118.41843603543086, 39.14642412524686], [118.41825637237403, 39.14642412524686], [118.41825637237403, 39.146064799133214], [118.41861569848768, 39.146064799133214], [118.41861569848768, 39.14624446219003], [118.41915468765815, 39.14624446219003], [118.41915468765815, 39.14642412524686], [118.4195140137718, 39.14642412524686], [118.4195140137718, 39.146603788303686], [118.41969367682863, 39.146603788303686], [118.41969367682863, 39.146783451360506], [118.4195140137718, 39.146783451360506], [118.4195140137718, 39.14696311441733], [118.41933435071498, 39.14696311441733], [118.41933435071498, 39.14714277747416], [118.41915468765815, 39.14714277747416], [118.41915468765815, 39.14732244053098]], [[118.41735805708991, 39.14858008192875], [118.41717839403309, 39.14858008192875], [118.41717839403309, 39.14840041887192], [118.41735805708991, 39.14840041887192], [118.41735805708991, 39.14858008192875]], [[118.42382592713557, 39.14875974498557], [118.42346660102193, 39.14875974498557], [118.42346660102193, 39.14858008192875], [118.4232869379651, 39.14858008192875], [118.4232869379651, 39.148220755815096], [118.42364626407876, 39.148220755815096], [118.42364626407876, 39.14840041887192], [118.42382592713557, 39.14840041887192], [118.42382592713557, 39.14875974498557]], [[118.41448344818073, 39.148939408042395], [118.4143037851239, 39.148939408042395], [118.4143037851239, 39.14858008192875], [118.41448344818073, 39.14858008192875], [118.41448344818073, 39.148939408042395]], [[118.41556142652168, 39.148939408042395], [118.41520210040802, 39.148939408042395], [118.41520210040802, 39.14875974498557], [118.4150224373512, 39.14875974498557], [118.4150224373512, 39.14858008192875], [118.41520210040802, 39.14858008192875], [118.41520210040802, 39.14840041887192], [118.41538176346485, 39.14840041887192], [118.41538176346485, 39.14858008192875], [118.41556142652168, 39.14858008192875], [118.41556142652168, 39.148939408042395]], [[118.42041232905592, 39.14911907109922], [118.42005300294227, 39.14911907109922], [118.42005300294227, 39.148939408042395], [118.41987333988544, 39.148939408042395], [118.41987333988544, 39.14858008192875], [118.41969367682863, 39.14858008192875], [118.41969367682863, 39.14840041887192], [118.41987333988544, 39.14840041887192], [118.41987333988544, 39.148220755815096], [118.42005300294227, 39.148220755815096], [118.42005300294227, 39.14840041887192], [118.42059199211275, 39.14840041887192], [118.42059199211275, 39.148939408042395], [118.42041232905592, 39.148939408042395], [118.42041232905592, 39.14911907109922]], [[118.41699873097626, 39.14947839721287], [118.41681906791945, 39.14947839721287], [118.41681906791945, 39.14929873415604], [118.41699873097626, 39.14929873415604], [118.41699873097626, 39.14947839721287]], [[118.41933435071498, 39.14965806026969], [118.41879536154451, 39.14965806026969], [118.41879536154451, 39.14947839721287], [118.41861569848768, 39.14947839721287], [118.41861569848768, 39.14965806026969], [118.41843603543086, 39.14965806026969], [118.41843603543086, 39.14947839721287], [118.41825637237403, 39.14947839721287], [118.41825637237403, 39.14929873415604], [118.41789704626038, 39.14929873415604], [118.41789704626038, 39.148939408042395], [118.41879536154451, 39.148939408042395], [118.41879536154451, 39.14911907109922], [118.41915468765815, 39.14911907109922], [118.41915468765815, 39.14929873415604], [118.41933435071498, 39.14929873415604], [118.41933435071498, 39.14965806026969]], [[118.42418525324922, 39.14965806026969], [118.4240055901924, 39.14965806026969], [118.4240055901924, 39.14947839721287], [118.42364626407876, 39.14947839721287], [118.42364626407876, 39.148939408042395], [118.42382592713557, 39.148939408042395], [118.42382592713557, 39.14929873415604], [118.42436491630605, 39.14929873415604], [118.42436491630605, 39.14947839721287], [118.42418525324922, 39.14947839721287], [118.42418525324922, 39.14965806026969]], [[118.41753772014674, 39.14983772332651], [118.41735805708991, 39.14983772332651], [118.41735805708991, 39.14965806026969], [118.41753772014674, 39.14965806026969], [118.41753772014674, 39.14983772332651]], [[118.42131064434004, 39.15019704944016], [118.42113098128321, 39.15019704944016], [118.42113098128321, 39.14983772332651], [118.42131064434004, 39.14983772332651], [118.42131064434004, 39.14965806026969], [118.42149030739687, 39.14965806026969], [118.42149030739687, 39.14983772332651], [118.42166997045369, 39.14983772332651], [118.42166997045369, 39.15001738638334], [118.42131064434004, 39.15001738638334], [118.42131064434004, 39.15019704944016]], [[118.4202326659991, 39.15055637555381], [118.42005300294227, 39.15055637555381], [118.42005300294227, 39.150376712496985], [118.4202326659991, 39.150376712496985], [118.4202326659991, 39.15055637555381]], [[118.42202929656733, 39.15055637555381], [118.4218496335105, 39.15055637555381], [118.4218496335105, 39.150376712496985], [118.42202929656733, 39.150376712496985], [118.42202929656733, 39.15055637555381]], [[118.42670053604476, 39.15055637555381], [118.42634120993111, 39.15055637555381], [118.42634120993111, 39.150376712496985], [118.42616154687428, 39.150376712496985], [118.42616154687428, 39.15001738638334], [118.42598188381746, 39.15001738638334], [118.42598188381746, 39.15019704944016], [118.42562255770382, 39.15019704944016], [118.42562255770382, 39.15001738638334], [118.42490390547651, 39.15001738638334], [118.42490390547651, 39.14947839721287], [118.4247242424197, 39.14947839721287], [118.4247242424197, 39.14929873415604], [118.42454457936287, 39.14929873415604], [118.42454457936287, 39.148939408042395], [118.4247242424197, 39.148939408042395], [118.4247242424197, 39.14875974498557], [118.42454457936287, 39.14875974498557], [118.42454457936287, 39.14840041887192], [118.42436491630605, 39.14840041887192], [118.42436491630605, 39.14786142970145], [118.42490390547651, 39.14786142970145], [118.42490390547651, 39.147681766644624], [118.42526323159016, 39.147681766644624], [118.42526323159016, 39.14804109275828], [118.42562255770382, 39.14804109275828], [118.42562255770382, 39.148220755815096], [118.42580222076063, 39.148220755815096], [118.42580222076063, 39.14840041887192], [118.42544289464699, 39.14840041887192], [118.42544289464699, 39.14875974498557], [118.42562255770382, 39.14875974498557], [118.42562255770382, 39.14858008192875], [118.42616154687428, 39.14858008192875], [118.42616154687428, 39.14911907109922], [118.42634120993111, 39.14911907109922], [118.42634120993111, 39.14929873415604], [118.42652087298794, 39.14929873415604], [118.42652087298794, 39.14947839721287], [118.42670053604476, 39.14947839721287], [118.42670053604476, 39.14965806026969], [118.42688019910157, 39.14965806026969], [118.42688019910157, 39.14983772332651], [118.4270598621584, 39.14983772332651], [118.4270598621584, 39.15001738638334], [118.42688019910157, 39.15001738638334], [118.42688019910157, 39.150376712496985], [118.42670053604476, 39.150376712496985], [118.42670053604476, 39.15055637555381]], [[118.42795817744252, 39.15055637555381], [118.42759885132888, 39.15055637555381], [118.42759885132888, 39.150376712496985], [118.42723952521523, 39.150376712496985], [118.42723952521523, 39.14983772332651], [118.42759885132888, 39.14983772332651], [118.42759885132888, 39.15001738638334], [118.42795817744252, 39.15001738638334], [118.42795817744252, 39.15055637555381]], [[118.42149030739687, 39.15091570166746], [118.42131064434004, 39.15091570166746], [118.42131064434004, 39.15073603861063], [118.42077165516957, 39.15073603861063], [118.42077165516957, 39.150376712496985], [118.42113098128321, 39.150376712496985], [118.42113098128321, 39.15055637555381], [118.42149030739687, 39.15055637555381], [118.42149030739687, 39.15091570166746]], [[118.42741918827205, 39.15091570166746], [118.4270598621584, 39.15091570166746], [118.4270598621584, 39.15073603861063], [118.42723952521523, 39.15073603861063], [118.42723952521523, 39.15055637555381], [118.42741918827205, 39.15055637555381], [118.42741918827205, 39.15091570166746]], [[118.42723952521523, 39.15145469083793], [118.4270598621584, 39.15145469083793], [118.4270598621584, 39.151275027781104], [118.42723952521523, 39.151275027781104], [118.42723952521523, 39.15145469083793]], [[118.42077165516957, 39.151814016951576], [118.42059199211275, 39.151814016951576], [118.42059199211275, 39.15163435389475], [118.42077165516957, 39.15163435389475], [118.42077165516957, 39.151814016951576]]]}, "properties": {"name": "cand01", "ptype": "hall", "confidence": "low", "rank": 1, "area_ha": 119.2, "rise_db": 9.5, "digitised_from": "Sentinel-1 VV rise 2022->2026, orbit 69"}}, {"type": "Feature", "geometry": {"geodesic": false, "type": "Polygon", "coordinates": [[[118.4405345914202, 39.150376712496985], [118.4405345914202, 39.15019704944016], [118.4398159391929, 39.15019704944016], [118.4398159391929, 39.15001738638334], [118.43963627613607, 39.15001738638334], [118.43963627613607, 39.14983772332651], [118.43945661307926, 39.14983772332651], [118.43945661307926, 39.14947839721287], [118.43891762390878, 39.14947839721287], [118.43891762390878, 39.14965806026969], [118.43873796085195, 39.14965806026969], [118.43873796085195, 39.14983772332651], [118.43855829779514, 39.14983772332651], [118.43855829779514, 39.14947839721287], [118.43873796085195, 39.14947839721287], [118.43873796085195, 39.14911907109922], [118.43891762390878, 39.14911907109922], [118.43891762390878, 39.14858008192875], [118.43837863473831, 39.14858008192875], [118.43837863473831, 39.14875974498557], [118.43783964556783, 39.14875974498557], [118.43783964556783, 39.14858008192875], [118.43765998251101, 39.14858008192875], [118.43765998251101, 39.14875974498557], [118.4374803194542, 39.14875974498557], [118.4374803194542, 39.148939408042395], [118.43730065639737, 39.148939408042395], [118.43730065639737, 39.14911907109922], [118.4374803194542, 39.14911907109922], [118.4374803194542, 39.14929873415604], [118.43765998251101, 39.14929873415604], [118.43765998251101, 39.14965806026969], [118.43676166722689, 39.14965806026969], [118.43676166722689, 39.14983772332651], [118.4360430149996, 39.14983772332651], [118.4360430149996, 39.14965806026969], [118.43586335194277, 39.14965806026969], [118.43586335194277, 39.14983772332651], [118.43568368888594, 39.14983772332651], [118.43568368888594, 39.14965806026969], [118.43550402582913, 39.14965806026969], [118.43550402582913, 39.14929873415604], [118.43568368888594, 39.14929873415604], [118.43568368888594, 39.14875974498557], [118.43586335194277, 39.14875974498557], [118.43586335194277, 39.14858008192875], [118.4360430149996, 39.14858008192875], [118.4360430149996, 39.14840041887192], [118.43622267805642, 39.14840041887192], [118.43622267805642, 39.148220755815096], [118.43640234111325, 39.148220755815096], [118.43640234111325, 39.14804109275828], [118.43658200417008, 39.14804109275828], [118.43658200417008, 39.14732244053098], [118.43694133028372, 39.14732244053098], [118.43694133028372, 39.14696311441733], [118.43712099334054, 39.14696311441733], [118.43712099334054, 39.14642412524686], [118.4374803194542, 39.14642412524686], [118.4374803194542, 39.14624446219003], [118.43765998251101, 39.14624446219003], [118.43765998251101, 39.146064799133214], [118.43783964556783, 39.146064799133214], [118.43783964556783, 39.14588513607639], [118.43819897168149, 39.14588513607639], [118.43819897168149, 39.14570547301956], [118.43837863473831, 39.14570547301956], [118.43837863473831, 39.145346146905915], [118.43855829779514, 39.145346146905915], [118.43855829779514, 39.145166483849096], [118.43873796085195, 39.145166483849096], [118.43873796085195, 39.14480715773544], [118.43891762390878, 39.14480715773544], [118.43891762390878, 39.14462749467862], [118.4390972869656, 39.14462749467862], [118.4390972869656, 39.14426816856497], [118.43927695002243, 39.14426816856497], [118.43927695002243, 39.14408850550815], [118.4398159391929, 39.14408850550815], [118.4398159391929, 39.14426816856497], [118.43999560224972, 39.14426816856497], [118.43999560224972, 39.14462749467862], [118.44017526530655, 39.14462749467862], [118.44017526530655, 39.14480715773544], [118.44035492836338, 39.14480715773544], [118.44035492836338, 39.14498682079227], [118.44089391753384, 39.14498682079227], [118.44089391753384, 39.145166483849096], [118.44107358059067, 39.145166483849096], [118.44107358059067, 39.145346146905915], [118.44143290670432, 39.145346146905915], [118.44143290670432, 39.145166483849096], [118.44179223281796, 39.145166483849096], [118.44179223281796, 39.145346146905915], [118.44197189587479, 39.145346146905915], [118.44197189587479, 39.14570547301956], [118.44179223281796, 39.14570547301956], [118.44179223281796, 39.14588513607639], [118.44161256976113, 39.14588513607639], [118.44161256976113, 39.146064799133214], [118.44107358059067, 39.146064799133214], [118.44107358059067, 39.146603788303686], [118.44089391753384, 39.146603788303686], [118.44089391753384, 39.146783451360506], [118.44017526530655, 39.146783451360506], [118.44017526530655, 39.147502103587804], [118.44035492836338, 39.147502103587804], [118.44035492836338, 39.14786142970145], [118.44017526530655, 39.14786142970145], [118.44017526530655, 39.14858008192875], [118.43999560224972, 39.14858008192875], [118.43999560224972, 39.14875974498557], [118.4398159391929, 39.14875974498557], [118.4398159391929, 39.14929873415604], [118.4405345914202, 39.14929873415604], [118.4405345914202, 39.14965806026969], [118.44089391753384, 39.14965806026969], [118.44089391753384, 39.14983772332651], [118.44107358059067, 39.14983772332651], [118.44107358059067, 39.150376712496985], [118.4405345914202, 39.150376712496985]], [[118.43945661307926, 39.14624446219003], [118.4390972869656, 39.14624446219003], [118.4390972869656, 39.14588513607639], [118.43927695002243, 39.14588513607639], [118.43927695002243, 39.14570547301956], [118.43945661307926, 39.14570547301956], [118.43945661307926, 39.14588513607639], [118.43963627613607, 39.14588513607639], [118.43963627613607, 39.146064799133214], [118.43945661307926, 39.146064799133214], [118.43945661307926, 39.14624446219003]], [[118.4390972869656, 39.148220755815096], [118.43873796085195, 39.148220755815096], [118.43873796085195, 39.14804109275828], [118.4390972869656, 39.14804109275828], [118.4390972869656, 39.148220755815096]], [[118.43945661307926, 39.14911907109922], [118.43927695002243, 39.14911907109922], [118.43927695002243, 39.148939408042395], [118.43945661307926, 39.148939408042395], [118.43945661307926, 39.14911907109922]]]}, "properties": {"name": "cand02", "ptype": "hall", "confidence": "low", "rank": 2, "area_ha": 22.0, "rise_db": 8.7, "digitised_from": "Sentinel-1 VV rise 2022->2026, orbit 69"}}, {"type": "Feature", "geometry": {"geodesic": false, "type": "Polygon", "coordinates": [[[118.41484277429439, 39.15935986533818], [118.41484277429439, 39.159180202281355], [118.41466311123756, 39.159180202281355], [118.41466311123756, 39.15864121311088], [118.4150224373512, 39.15864121311088], [118.4150224373512, 39.158461550054064], [118.41520210040802, 39.158461550054064], [118.41520210040802, 39.15810222394041], [118.41538176346485, 39.15810222394041], [118.41538176346485, 39.157742897826765], [118.41556142652168, 39.157742897826765], [118.41556142652168, 39.15684458254265], [118.41520210040802, 39.15684458254265], [118.41520210040802, 39.15756323476994], [118.4150224373512, 39.15756323476994], [118.4150224373512, 39.157742897826765], [118.41466311123756, 39.157742897826765], [118.41466311123756, 39.15792256088359], [118.41448344818073, 39.15792256088359], [118.41448344818073, 39.15810222394041], [118.4143037851239, 39.15810222394041], [118.4143037851239, 39.15828188699724], [118.41412412206708, 39.15828188699724], [118.41412412206708, 39.157742897826765], [118.41394445901025, 39.157742897826765], [118.41394445901025, 39.15792256088359], [118.41358513289661, 39.15792256088359], [118.41358513289661, 39.15810222394041], [118.41286648066932, 39.15810222394041], [118.41286648066932, 39.15792256088359], [118.4126868176125, 39.15792256088359], [118.4126868176125, 39.15702424559947], [118.41250715455567, 39.15702424559947], [118.41250715455567, 39.15684458254265], [118.41232749149884, 39.15684458254265], [118.41232749149884, 39.15702424559947], [118.41196816538519, 39.15702424559947], [118.41196816538519, 39.15684458254265], [118.41178850232838, 39.15684458254265], [118.41178850232838, 39.15666491948582], [118.41160883927155, 39.15666491948582], [118.41160883927155, 39.15684458254265], [118.41142917621472, 39.15684458254265], [118.41142917621472, 39.15756323476994], [118.41089018704426, 39.15756323476994], [118.41089018704426, 39.15738357171312], [118.41071052398743, 39.15738357171312], [118.41071052398743, 39.15720390865629], [118.41017153481695, 39.15720390865629], [118.41017153481695, 39.15756323476994], [118.40981220870331, 39.15756323476994], [118.40981220870331, 39.15612593031535], [118.40999187176013, 39.15612593031535], [118.40999187176013, 39.15594626725853], [118.41017153481695, 39.15594626725853], [118.41017153481695, 39.1557666042017], [118.40999187176013, 39.1557666042017], [118.40999187176013, 39.155407278088056], [118.40981220870331, 39.155407278088056], [118.40981220870331, 39.154868288917584], [118.40999187176013, 39.154868288917584], [118.40999187176013, 39.15289199529252], [118.41017153481695, 39.15289199529252], [118.41017153481695, 39.15091570166746], [118.41035119787378, 39.15091570166746], [118.41035119787378, 39.15055637555381], [118.41017153481695, 39.15055637555381], [118.41017153481695, 39.150376712496985], [118.40909355647601, 39.150376712496985], [118.40909355647601, 39.15019704944016], [118.40819524119189, 39.15019704944016], [118.40819524119189, 39.15001738638334], [118.40783591507825, 39.15001738638334], [118.40783591507825, 39.14983772332651], [118.40693759979413, 39.14983772332651], [118.40693759979413, 39.14947839721287], [118.40711726285095, 39.14947839721287], [118.40711726285095, 39.14965806026969], [118.40729692590777, 39.14965806026969], [118.40729692590777, 39.14947839721287], [118.40765625202143, 39.14947839721287], [118.40765625202143, 39.14965806026969], [118.40855456730554, 39.14965806026969], [118.40855456730554, 39.14983772332651], [118.40981220870331, 39.14983772332651], [118.40981220870331, 39.15001738638334], [118.40999187176013, 39.15001738638334], [118.40999187176013, 39.14983772332651], [118.41017153481695, 39.14983772332651], [118.41017153481695, 39.15001738638334], [118.41089018704426, 39.15001738638334], [118.41089018704426, 39.150376712496985], [118.41071052398743, 39.150376712496985], [118.41071052398743, 39.15073603861063], [118.41089018704426, 39.15073603861063], [118.41089018704426, 39.151095364724284], [118.41106985010107, 39.151095364724284], [118.41106985010107, 39.151814016951576], [118.41089018704426, 39.151814016951576], [118.41089018704426, 39.15235300612205], [118.41071052398743, 39.15235300612205], [118.41071052398743, 39.152532669178875], [118.41035119787378, 39.152532669178875], [118.41035119787378, 39.15307165834935], [118.4105308609306, 39.15307165834935], [118.4105308609306, 39.15343098446299], [118.41071052398743, 39.15343098446299], [118.41071052398743, 39.154149636690285], [118.4105308609306, 39.154149636690285], [118.4105308609306, 39.15468862586076], [118.41035119787378, 39.15468862586076], [118.41035119787378, 39.15450896280394], [118.41017153481695, 39.15450896280394], [118.41017153481695, 39.15504795197441], [118.41035119787378, 39.15504795197441], [118.41035119787378, 39.15522761503123], [118.4105308609306, 39.15522761503123], [118.4105308609306, 39.155407278088056], [118.41035119787378, 39.155407278088056], [118.41035119787378, 39.155586941144875], [118.41017153481695, 39.155586941144875], [118.41017153481695, 39.1557666042017], [118.41035119787378, 39.1557666042017], [118.41035119787378, 39.15612593031535], [118.41017153481695, 39.15612593031535], [118.41017153481695, 39.15666491948582], [118.41035119787378, 39.15666491948582], [118.41035119787378, 39.15684458254265], [118.4105308609306, 39.15684458254265], [118.4105308609306, 39.15666491948582], [118.41106985010107, 39.15666491948582], [118.41106985010107, 39.156485256429], [118.41142917621472, 39.156485256429], [118.41142917621472, 39.15666491948582], [118.41160883927155, 39.15666491948582], [118.41160883927155, 39.156485256429], [118.41178850232838, 39.156485256429], [118.41178850232838, 39.156305593372174], [118.41196816538519, 39.156305593372174], [118.41196816538519, 39.15612593031535], [118.41232749149884, 39.15612593031535], [118.41232749149884, 39.156305593372174], [118.41358513289661, 39.156305593372174], [118.41358513289661, 39.15612593031535], [118.41466311123756, 39.15612593031535], [118.41466311123756, 39.156305593372174], [118.41538176346485, 39.156305593372174], [118.41538176346485, 39.15612593031535], [118.41681906791945, 39.15612593031535], [118.41681906791945, 39.156305593372174], [118.41699873097626, 39.156305593372174], [118.41699873097626, 39.156485256429], [118.41681906791945, 39.156485256429], [118.41681906791945, 39.15684458254265], [118.41663940486262, 39.15684458254265], [118.41663940486262, 39.15702424559947], [118.41699873097626, 39.15702424559947], [118.41699873097626, 39.15810222394041], [118.41717839403309, 39.15810222394041], [118.41717839403309, 39.15792256088359], [118.41735805708991, 39.15792256088359], [118.41735805708991, 39.156485256429], [118.41753772014674, 39.156485256429], [118.41753772014674, 39.156305593372174], [118.41789704626038, 39.156305593372174], [118.41789704626038, 39.156485256429], [118.4180767093172, 39.156485256429], [118.4180767093172, 39.15702424559947], [118.41789704626038, 39.15702424559947], [118.41789704626038, 39.15882087616771], [118.41771738320357, 39.15882087616771], [118.41771738320357, 39.159000539224536], [118.41753772014674, 39.159000539224536], [118.41753772014674, 39.15882087616771], [118.41735805708991, 39.15882087616771], [118.41735805708991, 39.158461550054064], [118.41717839403309, 39.158461550054064], [118.41717839403309, 39.15828188699724], [118.41699873097626, 39.15828188699724], [118.41699873097626, 39.15810222394041], [118.41663940486262, 39.15810222394041], [118.41663940486262, 39.15828188699724], [118.4164597418058, 39.15828188699724], [118.4164597418058, 39.15864121311088], [118.41592075263532, 39.15864121311088], [118.41592075263532, 39.15882087616771], [118.4157410895785, 39.15882087616771], [118.4157410895785, 39.159000539224536], [118.41538176346485, 39.159000539224536], [118.41538176346485, 39.159180202281355], [118.41520210040802, 39.159180202281355], [118.41520210040802, 39.15935986533818], [118.41484277429439, 39.15935986533818]], [[118.41628007874897, 39.15828188699724], [118.41592075263532, 39.15828188699724], [118.41592075263532, 39.15756323476994], [118.41628007874897, 39.15756323476994], [118.41628007874897, 39.15828188699724]]]}, "properties": {"name": "cand03", "ptype": "hall", "confidence": "low", "rank": 3, "area_ha": 20.9, "rise_db": 6.9, "digitised_from": "Sentinel-1 VV rise 2022->2026, orbit 69"}}, {"type": "Feature", "geometry": {"geodesic": false, "type": "Polygon", "coordinates": [[[118.41717839403309, 39.178763475475165], [118.41717839403309, 39.17858381241834], [118.41699873097626, 39.17858381241834], [118.41699873097626, 39.178763475475165], [118.41628007874897, 39.178763475475165], [118.41628007874897, 39.17840414936151], [118.41610041569214, 39.17840414936151], [118.41610041569214, 39.178044823247866], [118.41592075263532, 39.178044823247866], [118.41592075263532, 39.17822448630469], [118.41538176346485, 39.17822448630469], [118.41538176346485, 39.17786516019104], [118.41556142652168, 39.17786516019104], [118.41556142652168, 39.17768549713422], [118.41520210040802, 39.17768549713422], [118.41520210040802, 39.178044823247866], [118.4150224373512, 39.178044823247866], [118.4150224373512, 39.17822448630469], [118.41484277429439, 39.17822448630469], [118.41484277429439, 39.17840414936151], [118.41448344818073, 39.17840414936151], [118.41448344818073, 39.17858381241834], [118.4143037851239, 39.17858381241834], [118.4143037851239, 39.17840414936151], [118.41214782844202, 39.17840414936151], [118.41214782844202, 39.178044823247866], [118.41196816538519, 39.178044823247866], [118.41196816538519, 39.17822448630469], [118.41089018704426, 39.17822448630469], [118.41089018704426, 39.1767871818501], [118.41071052398743, 39.1767871818501], [118.41071052398743, 39.17624819267963], [118.41089018704426, 39.17624819267963], [118.41089018704426, 39.17588886656598], [118.41106985010107, 39.17588886656598], [118.41106985010107, 39.17570920350916], [118.4112495131579, 39.17570920350916], [118.4112495131579, 39.17588886656598], [118.41142917621472, 39.17588886656598], [118.41142917621472, 39.1760685296228], [118.41340546983979, 39.1760685296228], [118.41340546983979, 39.17624819267963], [118.41358513289661, 39.17624819267963], [118.41358513289661, 39.17642785573645], [118.41394445901025, 39.17642785573645], [118.41394445901025, 39.176607518793276], [118.41412412206708, 39.176607518793276], [118.41412412206708, 39.1767871818501], [118.41394445901025, 39.1767871818501], [118.41394445901025, 39.17696684490692], [118.41412412206708, 39.17696684490692], [118.41412412206708, 39.177326171020574], [118.41394445901025, 39.177326171020574], [118.41394445901025, 39.17768549713422], [118.41376479595344, 39.17768549713422], [118.41376479595344, 39.17786516019104], [118.4143037851239, 39.17786516019104], [118.4143037851239, 39.177505834077394], [118.41448344818073, 39.177505834077394], [118.41448344818073, 39.177326171020574], [118.4143037851239, 39.177326171020574], [118.4143037851239, 39.17714650796375], [118.41448344818073, 39.17714650796375], [118.41448344818073, 39.17696684490692], [118.4143037851239, 39.17696684490692], [118.4143037851239, 39.176607518793276], [118.41448344818073, 39.176607518793276], [118.41448344818073, 39.1760685296228], [118.41484277429439, 39.1760685296228], [118.41484277429439, 39.17624819267963], [118.4150224373512, 39.17624819267963], [118.4150224373512, 39.17642785573645], [118.41520210040802, 39.17642785573645], [118.41520210040802, 39.176607518793276], [118.41538176346485, 39.176607518793276], [118.41538176346485, 39.17642785573645], [118.41556142652168, 39.17642785573645], [118.41556142652168, 39.17624819267963], [118.41592075263532, 39.17624819267963], [118.41592075263532, 39.17642785573645], [118.41628007874897, 39.17642785573645], [118.41628007874897, 39.176607518793276], [118.4164597418058, 39.176607518793276], [118.4164597418058, 39.17642785573645], [118.41681906791945, 39.17642785573645], [118.41681906791945, 39.176607518793276], [118.41699873097626, 39.176607518793276], [118.41699873097626, 39.17624819267963], [118.41735805708991, 39.17624819267963], [118.41735805708991, 39.17642785573645], [118.41789704626038, 39.17642785573645], [118.41789704626038, 39.17624819267963], [118.41843603543086, 39.17624819267963], [118.41843603543086, 39.17642785573645], [118.41861569848768, 39.17642785573645], [118.41861569848768, 39.176607518793276], [118.41879536154451, 39.176607518793276], [118.41879536154451, 39.17642785573645], [118.41897502460132, 39.17642785573645], [118.41897502460132, 39.176607518793276], [118.41915468765815, 39.176607518793276], [118.41915468765815, 39.17768549713422], [118.41843603543086, 39.17768549713422], [118.41843603543086, 39.17786516019104], [118.41825637237403, 39.17786516019104], [118.41825637237403, 39.17840414936151], [118.4180767093172, 39.17840414936151], [118.4180767093172, 39.17858381241834], [118.41771738320357, 39.17858381241834], [118.41771738320357, 39.178763475475165], [118.41717839403309, 39.178763475475165]], [[118.41448344818073, 39.178044823247866], [118.4143037851239, 39.178044823247866], [118.4143037851239, 39.17786516019104], [118.41448344818073, 39.17786516019104], [118.41448344818073, 39.178044823247866]]]}, "properties": {"name": "cand04", "ptype": "hall", "confidence": "low", "rank": 4, "area_ha": 20.4, "rise_db": 9.2, "digitised_from": "Sentinel-1 VV rise 2022->2026, orbit 69"}}, {"type": "Feature", "geometry": {"geodesic": false, "type": "Polygon", "coordinates": [[[118.45149403788645, 39.15522761503123], [118.45149403788645, 39.154868288917584], [118.45131437482964, 39.154868288917584], [118.45131437482964, 39.15450896280394], [118.45113471177281, 39.15450896280394], [118.45113471177281, 39.15432929974711], [118.45095504871598, 39.15432929974711], [118.45095504871598, 39.154149636690285], [118.45077538565916, 39.154149636690285], [118.45077538565916, 39.15450896280394], [118.45041605954552, 39.15450896280394], [118.45041605954552, 39.15432929974711], [118.45023639648869, 39.15432929974711], [118.45023639648869, 39.153969973633465], [118.45005673343186, 39.153969973633465], [118.45005673343186, 39.15343098446299], [118.44987707037504, 39.15343098446299], [118.44987707037504, 39.15289199529252], [118.44969740731821, 39.15289199529252], [118.44969740731821, 39.152532669178875], [118.44951774426139, 39.152532669178875], [118.44951774426139, 39.15217334306522], [118.44933808120457, 39.15217334306522], [118.44933808120457, 39.151814016951576], [118.44915841814775, 39.151814016951576], [118.44915841814775, 39.15145469083793], [118.44897875509092, 39.15145469083793], [118.44897875509092, 39.151095364724284], [118.4487990920341, 39.151095364724284], [118.4487990920341, 39.15073603861063], [118.44861942897727, 39.15073603861063], [118.44861942897727, 39.15055637555381], [118.44826010286363, 39.15055637555381], [118.44826010286363, 39.150376712496985], [118.44843976592045, 39.150376712496985], [118.44843976592045, 39.15001738638334], [118.4480804398068, 39.15001738638334], [118.4480804398068, 39.14983772332651], [118.44826010286363, 39.14983772332651], [118.44826010286363, 39.14947839721287], [118.4480804398068, 39.14947839721287], [118.4480804398068, 39.14911907109922], [118.44790077674998, 39.14911907109922], [118.44790077674998, 39.14875974498557], [118.44772111369315, 39.14875974498557], [118.44772111369315, 39.14840041887192], [118.44754145063632, 39.14840041887192], [118.44754145063632, 39.14858008192875], [118.44736178757951, 39.14858008192875], [118.44736178757951, 39.14875974498557], [118.44718212452268, 39.14875974498557], [118.44718212452268, 39.14840041887192], [118.44754145063632, 39.14840041887192], [118.44754145063632, 39.148220755815096], [118.44826010286363, 39.148220755815096], [118.44826010286363, 39.14804109275828], [118.44861942897727, 39.14804109275828], [118.44861942897727, 39.14786142970145], [118.44933808120457, 39.14786142970145], [118.44933808120457, 39.14804109275828], [118.44951774426139, 39.14804109275828], [118.44951774426139, 39.14840041887192], [118.44969740731821, 39.14840041887192], [118.44969740731821, 39.14875974498557], [118.44987707037504, 39.14875974498557], [118.44987707037504, 39.14911907109922], [118.45005673343186, 39.14911907109922], [118.45005673343186, 39.14965806026969], [118.45023639648869, 39.14965806026969], [118.45023639648869, 39.15001738638334], [118.45041605954552, 39.15001738638334], [118.45041605954552, 39.150376712496985], [118.45059572260233, 39.150376712496985], [118.45059572260233, 39.15055637555381], [118.45095504871598, 39.15055637555381], [118.45095504871598, 39.150376712496985], [118.45131437482964, 39.150376712496985], [118.45131437482964, 39.15073603861063], [118.45149403788645, 39.15073603861063], [118.45149403788645, 39.151275027781104], [118.4518533640001, 39.151275027781104], [118.4518533640001, 39.151814016951576], [118.45203302705693, 39.151814016951576], [118.45203302705693, 39.15217334306522], [118.45221269011375, 39.15217334306522], [118.45221269011375, 39.152532669178875], [118.45239235317058, 39.152532669178875], [118.45239235317058, 39.152712332235694], [118.45203302705693, 39.152712332235694], [118.45203302705693, 39.152532669178875], [118.4518533640001, 39.152532669178875], [118.4518533640001, 39.15217334306522], [118.45167370094327, 39.15217334306522], [118.45167370094327, 39.15163435389475], [118.45113471177281, 39.15163435389475], [118.45113471177281, 39.151814016951576], [118.45131437482964, 39.151814016951576], [118.45131437482964, 39.15217334306522], [118.45149403788645, 39.15217334306522], [118.45149403788645, 39.152712332235694], [118.45167370094327, 39.152712332235694], [118.45167370094327, 39.15289199529252], [118.4518533640001, 39.15289199529252], [118.4518533640001, 39.15343098446299], [118.45203302705693, 39.15343098446299], [118.45203302705693, 39.154149636690285], [118.4518533640001, 39.154149636690285], [118.4518533640001, 39.15522761503123], [118.45149403788645, 39.15522761503123]], [[118.4518533640001, 39.154149636690285], [118.45167370094327, 39.154149636690285], [118.45167370094327, 39.153969973633465], [118.4518533640001, 39.153969973633465], [118.4518533640001, 39.154149636690285]], [[118.45167370094327, 39.15432929974711], [118.45149403788645, 39.15432929974711], [118.45149403788645, 39.154149636690285], [118.45167370094327, 39.154149636690285], [118.45167370094327, 39.15432929974711]]]}, "properties": {"name": "cand05", "ptype": "hall", "confidence": "low", "rank": 5, "area_ha": 17.4, "rise_db": 11.1, "digitised_from": "Sentinel-1 VV rise 2022->2026, orbit 69"}}, {"type": "Feature", "geometry": {"geodesic": false, "type": "Polygon", "coordinates": [[[118.3992120883507, 39.16995998569079], [118.3992120883507, 39.16978032263397], [118.3984934361234, 39.16978032263397], [118.3984934361234, 39.16960065957714], [118.39795444695294, 39.16960065957714], [118.39795444695294, 39.16978032263397], [118.39759512083928, 39.16978032263397], [118.39759512083928, 39.169241333463496], [118.39741545778246, 39.169241333463496], [118.39741545778246, 39.16888200734985], [118.39777478389611, 39.16888200734985], [118.39777478389611, 39.16834301817938], [118.39759512083928, 39.16834301817938], [118.39759512083928, 39.16816335512255], [118.39741545778246, 39.16816335512255], [118.39741545778246, 39.167983692065725], [118.39777478389611, 39.167983692065725], [118.39777478389611, 39.167804029008906], [118.39759512083928, 39.167804029008906], [118.39759512083928, 39.16762436595208], [118.39741545778246, 39.16762436595208], [118.39741545778246, 39.16744470289525], [118.39669680555517, 39.16744470289525], [118.39669680555517, 39.167804029008906], [118.3970561316688, 39.167804029008906], [118.3970561316688, 39.167983692065725], [118.39723579472563, 39.167983692065725], [118.39723579472563, 39.16816335512255], [118.39669680555517, 39.16816335512255], [118.39669680555517, 39.168702344293024], [118.39651714249834, 39.168702344293024], [118.39651714249834, 39.16888200734985], [118.39633747944151, 39.16888200734985], [118.39633747944151, 39.168702344293024], [118.39615781638469, 39.168702344293024], [118.39615781638469, 39.16762436595208], [118.39633747944151, 39.16762436595208], [118.39633747944151, 39.16708537678161], [118.39651714249834, 39.16708537678161], [118.39651714249834, 39.16672605066796], [118.39687646861199, 39.16672605066796], [118.39687646861199, 39.166546387611135], [118.3970561316688, 39.166546387611135], [118.3970561316688, 39.166366724554315], [118.39723579472563, 39.166366724554315], [118.39723579472563, 39.16600739844066], [118.39777478389611, 39.16600739844066], [118.39777478389611, 39.16582773538384], [118.39831377306658, 39.16582773538384], [118.39831377306658, 39.16600739844066], [118.3984934361234, 39.16600739844066], [118.3984934361234, 39.16618706149749], [118.39867309918023, 39.16618706149749], [118.39867309918023, 39.16672605066796], [118.39813411000975, 39.16672605066796], [118.39813411000975, 39.166546387611135], [118.39777478389611, 39.166546387611135], [118.39777478389611, 39.16690571372479], [118.39795444695294, 39.16690571372479], [118.39795444695294, 39.16708537678161], [118.39831377306658, 39.16708537678161], [118.39831377306658, 39.16690571372479], [118.39885276223706, 39.16690571372479], [118.39885276223706, 39.16672605066796], [118.3992120883507, 39.16672605066796], [118.3992120883507, 39.166546387611135], [118.40046972974847, 39.166546387611135], [118.40046972974847, 39.16690571372479], [118.40029006669164, 39.16690571372479], [118.40029006669164, 39.16744470289525], [118.40046972974847, 39.16744470289525], [118.40046972974847, 39.16726503983843], [118.40082905586212, 39.16726503983843], [118.40082905586212, 39.16744470289525], [118.40100871891894, 39.16744470289525], [118.40100871891894, 39.167804029008906], [118.40082905586212, 39.167804029008906], [118.40082905586212, 39.16816335512255], [118.40064939280529, 39.16816335512255], [118.40064939280529, 39.16834301817938], [118.40029006669164, 39.16834301817938], [118.40029006669164, 39.1685226812362], [118.40082905586212, 39.1685226812362], [118.40082905586212, 39.169241333463496], [118.40064939280529, 39.169241333463496], [118.40064939280529, 39.16960065957714], [118.40046972974847, 39.16960065957714], [118.40046972974847, 39.16978032263397], [118.39957141446435, 39.16978032263397], [118.39957141446435, 39.16995998569079], [118.3992120883507, 39.16995998569079]], [[118.3970561316688, 39.16726503983843], [118.39687646861199, 39.16726503983843], [118.39687646861199, 39.16708537678161], [118.3970561316688, 39.16708537678161], [118.3970561316688, 39.16726503983843]], [[118.40011040363481, 39.16744470289525], [118.399930740578, 39.16744470289525], [118.399930740578, 39.16726503983843], [118.40011040363481, 39.16726503983843], [118.40011040363481, 39.16744470289525]], [[118.40064939280529, 39.167983692065725], [118.40046972974847, 39.167983692065725], [118.40046972974847, 39.167804029008906], [118.40064939280529, 39.167804029008906], [118.40064939280529, 39.167983692065725]], [[118.40029006669164, 39.16816335512255], [118.40011040363481, 39.16816335512255], [118.40011040363481, 39.167983692065725], [118.40029006669164, 39.167983692065725], [118.40029006669164, 39.16816335512255]], [[118.399930740578, 39.16888200734985], [118.39957141446435, 39.16888200734985], [118.39957141446435, 39.168702344293024], [118.399930740578, 39.168702344293024], [118.399930740578, 39.16888200734985]]]}, "properties": {"name": "cand06", "ptype": "hall", "confidence": "low", "rank": 6, "area_ha": 14.8, "rise_db": 9.6, "digitised_from": "Sentinel-1 VV rise 2022->2026, orbit 69"}}, {"type": "Feature", "geometry": {"geodesic": false, "type": "Polygon", "coordinates": [[[118.44682279840903, 39.143010527167206], [118.44682279840903, 39.14283086411038], [118.4466431353522, 39.14283086411038], [118.4466431353522, 39.14265120105356], [118.44646347229539, 39.14265120105356], [118.44646347229539, 39.14283086411038], [118.44592448312491, 39.14283086411038], [118.44592448312491, 39.14265120105356], [118.44538549395445, 39.14265120105356], [118.44538549395445, 39.142471537996734], [118.44520583089762, 39.142471537996734], [118.44520583089762, 39.14229187493991], [118.44412785255668, 39.14229187493991], [118.44412785255668, 39.14193254882626], [118.44394818949985, 39.14193254882626], [118.44394818949985, 39.14211221188309], [118.4435888633862, 39.14211221188309], [118.4435888633862, 39.14193254882626], [118.44340920032938, 39.14193254882626], [118.44340920032938, 39.141752885769435], [118.44251088504527, 39.141752885769435], [118.44251088504527, 39.141573222712616], [118.44197189587479, 39.141573222712616], [118.44197189587479, 39.14121389659896], [118.44215155893161, 39.14121389659896], [118.44215155893161, 39.14085457048532], [118.44233122198844, 39.14085457048532], [118.44233122198844, 39.14121389659896], [118.44269054810208, 39.14121389659896], [118.44269054810208, 39.14103423354214], [118.4428702111589, 39.14103423354214], [118.4428702111589, 39.14121389659896], [118.44304987421573, 39.14121389659896], [118.44304987421573, 39.14085457048532], [118.44269054810208, 39.14085457048532], [118.44269054810208, 39.1406749074285], [118.44251088504527, 39.1406749074285], [118.44251088504527, 39.14049524437167], [118.44233122198844, 39.14049524437167], [118.44233122198844, 39.140315581314844], [118.44251088504527, 39.140315581314844], [118.44251088504527, 39.140135918258025], [118.44269054810208, 39.140135918258025], [118.44269054810208, 39.140315581314844], [118.44304987421573, 39.140315581314844], [118.44304987421573, 39.140135918258025], [118.44322953727256, 39.140135918258025], [118.44322953727256, 39.1399562552012], [118.44304987421573, 39.1399562552012], [118.44304987421573, 39.13977659214437], [118.44269054810208, 39.13977659214437], [118.44269054810208, 39.13959692908755], [118.4428702111589, 39.13959692908755], [118.4428702111589, 39.139417266030726], [118.44269054810208, 39.139417266030726], [118.44269054810208, 39.1392376029739], [118.4428702111589, 39.1392376029739], [118.4428702111589, 39.13905793991708], [118.44322953727256, 39.13905793991708], [118.44322953727256, 39.138878276860254], [118.44340920032938, 39.138878276860254], [118.44340920032938, 39.13851895074661], [118.44376852644302, 39.13851895074661], [118.44376852644302, 39.13833928768978], [118.44394818949985, 39.13833928768978], [118.44394818949985, 39.13851895074661], [118.44412785255668, 39.13851895074661], [118.44412785255668, 39.13833928768978], [118.4443075156135, 39.13833928768978], [118.4443075156135, 39.13815962463296], [118.44448717867033, 39.13815962463296], [118.44448717867033, 39.13833928768978], [118.44466684172714, 39.13833928768978], [118.44466684172714, 39.138698613803435], [118.44448717867033, 39.138698613803435], [118.44448717867033, 39.138878276860254], [118.4443075156135, 39.138878276860254], [118.4443075156135, 39.138698613803435], [118.44394818949985, 39.138698613803435], [118.44394818949985, 39.13851895074661], [118.44376852644302, 39.13851895074661], [118.44376852644302, 39.138878276860254], [118.44394818949985, 39.138878276860254], [118.44394818949985, 39.13905793991708], [118.44412785255668, 39.13905793991708], [118.44412785255668, 39.1392376029739], [118.44484650478397, 39.1392376029739], [118.44484650478397, 39.139417266030726], [118.44448717867033, 39.139417266030726], [118.44448717867033, 39.13959692908755], [118.4443075156135, 39.13959692908755], [118.4443075156135, 39.13977659214437], [118.44466684172714, 39.13977659214437], [118.44466684172714, 39.13959692908755], [118.44484650478397, 39.13959692908755], [118.44484650478397, 39.1399562552012], [118.44466684172714, 39.1399562552012], [118.44466684172714, 39.140135918258025], [118.44592448312491, 39.140135918258025], [118.44592448312491, 39.1399562552012], [118.44610414618174, 39.1399562552012], [118.44610414618174, 39.140135918258025], [118.44646347229539, 39.140135918258025], [118.44646347229539, 39.140315581314844], [118.4466431353522, 39.140315581314844], [118.4466431353522, 39.1406749074285], [118.44700246146586, 39.1406749074285], [118.44700246146586, 39.14085457048532], [118.44718212452268, 39.14085457048532], [118.44718212452268, 39.14103423354214], [118.44700246146586, 39.14103423354214], [118.44700246146586, 39.14121389659896], [118.44718212452268, 39.14121389659896], [118.44718212452268, 39.141573222712616], [118.44700246146586, 39.141573222712616], [118.44700246146586, 39.14193254882626], [118.44736178757951, 39.14193254882626], [118.44736178757951, 39.14211221188309], [118.44754145063632, 39.14211221188309], [118.44754145063632, 39.142471537996734], [118.44736178757951, 39.142471537996734], [118.44736178757951, 39.14265120105356], [118.44718212452268, 39.14265120105356], [118.44718212452268, 39.14283086411038], [118.44700246146586, 39.14283086411038], [118.44700246146586, 39.143010527167206], [118.44682279840903, 39.143010527167206]], [[118.4435888633862, 39.13905793991708], [118.44340920032938, 39.13905793991708], [118.44340920032938, 39.138878276860254], [118.4435888633862, 39.138878276860254], [118.4435888633862, 39.13905793991708]], [[118.44322953727256, 39.13977659214437], [118.44304987421573, 39.13977659214437], [118.44304987421573, 39.1392376029739], [118.44322953727256, 39.1392376029739], [118.44322953727256, 39.13977659214437]], [[118.4435888633862, 39.140135918258025], [118.44340920032938, 39.140135918258025], [118.44340920032938, 39.1399562552012], [118.4435888633862, 39.1399562552012], [118.4435888633862, 39.140135918258025]], [[118.44628380923857, 39.14103423354214], [118.44574482006809, 39.14103423354214], [118.44574482006809, 39.1406749074285], [118.44556515701126, 39.1406749074285], [118.44556515701126, 39.14049524437167], [118.44628380923857, 39.14049524437167], [118.44628380923857, 39.14103423354214]], [[118.4466431353522, 39.14193254882626], [118.44646347229539, 39.14193254882626], [118.44646347229539, 39.14139355965579], [118.44628380923857, 39.14139355965579], [118.44628380923857, 39.14103423354214], [118.4466431353522, 39.14103423354214], [118.4466431353522, 39.14121389659896], [118.44682279840903, 39.14121389659896], [118.44682279840903, 39.14139355965579], [118.44700246146586, 39.14139355965579], [118.44700246146586, 39.141573222712616], [118.44682279840903, 39.141573222712616], [118.44682279840903, 39.141752885769435], [118.4466431353522, 39.141752885769435], [118.4466431353522, 39.14193254882626]], [[118.44682279840903, 39.142471537996734], [118.4466431353522, 39.142471537996734], [118.4466431353522, 39.14229187493991], [118.44682279840903, 39.14229187493991], [118.44682279840903, 39.142471537996734]]]}, "properties": {"name": "cand07", "ptype": "hall", "confidence": "low", "rank": 7, "area_ha": 14.4, "rise_db": 15.7, "digitised_from": "Sentinel-1 VV rise 2022->2026, orbit 69"}}, {"type": "Feature", "geometry": {"geodesic": false, "type": "Polygon", "coordinates": [[[118.43191076469265, 39.13833928768978], [118.43191076469265, 39.13815962463296], [118.431551438579, 39.13815962463296], [118.431551438579, 39.137979961576136], [118.43101244940853, 39.137979961576136], [118.43101244940853, 39.13780029851931], [118.4308327863517, 39.13780029851931], [118.4308327863517, 39.13762063546249], [118.43101244940853, 39.13762063546249], [118.43101244940853, 39.13744097240566], [118.4308327863517, 39.13744097240566], [118.4308327863517, 39.13708164629202], [118.43047346023806, 39.13708164629202], [118.43047346023806, 39.13690198323519], [118.43011413412441, 39.13690198323519], [118.43011413412441, 39.13672232017837], [118.42993447106758, 39.13672232017837], [118.42993447106758, 39.13690198323519], [118.42975480801076, 39.13690198323519], [118.42975480801076, 39.13708164629202], [118.42957514495394, 39.13708164629202], [118.42957514495394, 39.13726130934884], [118.42921581884029, 39.13726130934884], [118.42921581884029, 39.13690198323519], [118.42957514495394, 39.13690198323519], [118.42957514495394, 39.136542657121545], [118.42939548189712, 39.136542657121545], [118.42939548189712, 39.13636299406472], [118.42957514495394, 39.13636299406472], [118.42957514495394, 39.1361833310079], [118.43011413412441, 39.1361833310079], [118.43011413412441, 39.13600366795107], [118.43029379718124, 39.13600366795107], [118.43029379718124, 39.1361833310079], [118.4308327863517, 39.1361833310079], [118.4308327863517, 39.13600366795107], [118.43065312329489, 39.13600366795107], [118.43065312329489, 39.135824004894246], [118.4308327863517, 39.135824004894246], [118.4308327863517, 39.13600366795107], [118.43101244940853, 39.13600366795107], [118.43101244940853, 39.1361833310079], [118.4308327863517, 39.1361833310079], [118.4308327863517, 39.13636299406472], [118.43119211246535, 39.13636299406472], [118.43119211246535, 39.1361833310079], [118.43137177552218, 39.1361833310079], [118.43137177552218, 39.13600366795107], [118.431551438579, 39.13600366795107], [118.431551438579, 39.135824004894246], [118.43191076469265, 39.135824004894246], [118.43191076469265, 39.13564434183743], [118.43209042774947, 39.13564434183743], [118.43209042774947, 39.135285015723774], [118.43191076469265, 39.135285015723774], [118.43191076469265, 39.135105352666955], [118.43173110163582, 39.135105352666955], [118.43173110163582, 39.135285015723774], [118.43137177552218, 39.135285015723774], [118.43137177552218, 39.13492568961013], [118.43101244940853, 39.13492568961013], [118.43101244940853, 39.13474602655331], [118.43065312329489, 39.13474602655331], [118.43065312329489, 39.13492568961013], [118.4308327863517, 39.13492568961013], [118.4308327863517, 39.135105352666955], [118.43065312329489, 39.135105352666955], [118.43065312329489, 39.135285015723774], [118.42993447106758, 39.135285015723774], [118.42993447106758, 39.135105352666955], [118.42975480801076, 39.135105352666955], [118.42975480801076, 39.13456636349648], [118.42957514495394, 39.13456636349648], [118.42957514495394, 39.134386700439656], [118.42975480801076, 39.134386700439656], [118.42975480801076, 39.134207037382836], [118.42993447106758, 39.134207037382836], [118.42993447106758, 39.134386700439656], [118.43065312329489, 39.134386700439656], [118.43065312329489, 39.13456636349648], [118.43101244940853, 39.13456636349648], [118.43101244940853, 39.13474602655331], [118.43191076469265, 39.13474602655331], [118.43191076469265, 39.13492568961013], [118.4322700908063, 39.13492568961013], [118.4322700908063, 39.135105352666955], [118.43244975386312, 39.135105352666955], [118.43244975386312, 39.135285015723774], [118.43262941691995, 39.135285015723774], [118.43262941691995, 39.1354646787806], [118.43280907997676, 39.1354646787806], [118.43280907997676, 39.135824004894246], [118.43262941691995, 39.135824004894246], [118.43262941691995, 39.1361833310079], [118.43244975386312, 39.1361833310079], [118.43244975386312, 39.13636299406472], [118.4322700908063, 39.13636299406472], [118.4322700908063, 39.13708164629202], [118.43244975386312, 39.13708164629202], [118.43244975386312, 39.13726130934884], [118.43262941691995, 39.13726130934884], [118.43262941691995, 39.13744097240566], [118.43280907997676, 39.13744097240566], [118.43280907997676, 39.13780029851931], [118.43262941691995, 39.13780029851931], [118.43262941691995, 39.13815962463296], [118.43244975386312, 39.13815962463296], [118.43244975386312, 39.13833928768978], [118.43191076469265, 39.13833928768978]], [[118.43191076469265, 39.13690198323519], [118.43173110163582, 39.13690198323519], [118.43173110163582, 39.136542657121545], [118.43191076469265, 39.136542657121545], [118.43191076469265, 39.13690198323519]]]}, "properties": {"name": "cand08", "ptype": "hall", "confidence": "low", "rank": 8, "area_ha": 8.1, "rise_db": 7.0, "digitised_from": "Sentinel-1 VV rise 2022->2026, orbit 69"}}, {"type": "Feature", "geometry": {"geodesic": false, "type": "Polygon", "coordinates": [[[118.41286648066932, 39.1640311048156], [118.41286648066932, 39.16385144175878], [118.4126868176125, 39.16385144175878], [118.4126868176125, 39.16367177870195], [118.41250715455567, 39.16367177870195], [118.41250715455567, 39.16187514813372], [118.41232749149884, 39.16187514813372], [118.41232749149884, 39.16169548507689], [118.41250715455567, 39.16169548507689], [118.41250715455567, 39.161515822020064], [118.4126868176125, 39.161515822020064], [118.4126868176125, 39.16115649590642], [118.41286648066932, 39.16115649590642], [118.41286648066932, 39.1609768328496], [118.41448344818073, 39.1609768328496], [118.41448344818073, 39.16115649590642], [118.41466311123756, 39.16115649590642], [118.41466311123756, 39.16349211564513], [118.41448344818073, 39.16349211564513], [118.41448344818073, 39.16385144175878], [118.4143037851239, 39.16385144175878], [118.4143037851239, 39.1640311048156], [118.41286648066932, 39.1640311048156]]]}, "properties": {"name": "cand09", "ptype": "hall", "confidence": "low", "rank": 9, "area_ha": 7.7, "rise_db": 13.2, "digitised_from": "Sentinel-1 VV rise 2022->2026, orbit 69"}}, {"type": "Feature", "geometry": {"geodesic": false, "type": "Polygon", "coordinates": [[[118.42220895962416, 39.17139729014538], [118.42220895962416, 39.17121762708856], [118.42202929656733, 39.17121762708856], [118.42202929656733, 39.17103796403173], [118.4218496335105, 39.17103796403173], [118.4218496335105, 39.17085830097491], [118.42202929656733, 39.17085830097491], [118.42202929656733, 39.17049897486126], [118.42220895962416, 39.17049897486126], [118.42220895962416, 39.17031931180444], [118.42202929656733, 39.17031931180444], [118.42202929656733, 39.16995998569079], [118.42131064434004, 39.16995998569079], [118.42131064434004, 39.16978032263397], [118.42095131822639, 39.16978032263397], [118.42095131822639, 39.16995998569079], [118.42041232905592, 39.16995998569079], [118.42041232905592, 39.16978032263397], [118.4202326659991, 39.16978032263397], [118.4202326659991, 39.170139648747615], [118.42005300294227, 39.170139648747615], [118.42005300294227, 39.16995998569079], [118.41987333988544, 39.16995998569079], [118.41987333988544, 39.16978032263397], [118.41969367682863, 39.16978032263397], [118.41969367682863, 39.16906167040667], [118.41987333988544, 39.16906167040667], [118.41987333988544, 39.16834301817938], [118.42005300294227, 39.16834301817938], [118.42005300294227, 39.16816335512255], [118.42059199211275, 39.16816335512255], [118.42059199211275, 39.167983692065725], [118.42166997045369, 39.167983692065725], [118.42166997045369, 39.16816335512255], [118.42220895962416, 39.16816335512255], [118.42220895962416, 39.167983692065725], [118.42238862268098, 39.167983692065725], [118.42238862268098, 39.16816335512255], [118.42256828573781, 39.16816335512255], [118.42256828573781, 39.16906167040667], [118.42238862268098, 39.16906167040667], [118.42238862268098, 39.169241333463496], [118.42220895962416, 39.169241333463496], [118.42220895962416, 39.169420996520316], [118.42202929656733, 39.169420996520316], [118.42202929656733, 39.16960065957714], [118.4218496335105, 39.16960065957714], [118.4218496335105, 39.16978032263397], [118.42202929656733, 39.16978032263397], [118.42202929656733, 39.16995998569079], [118.42220895962416, 39.16995998569079], [118.42220895962416, 39.170139648747615], [118.42274794879464, 39.170139648747615], [118.42274794879464, 39.17121762708856], [118.42256828573781, 39.17121762708856], [118.42256828573781, 39.17139729014538], [118.42220895962416, 39.17139729014538]]]}, "properties": {"name": "cand10", "ptype": "hall", "confidence": "low", "rank": 10, "area_ha": 6.9, "rise_db": 9.9, "digitised_from": "Sentinel-1 VV rise 2022->2026, orbit 69"}}, {"type": "Feature", "geometry": {"geodesic": false, "type": "Polygon", "coordinates": [[[118.4563449404207, 39.15379031057664], [118.4563449404207, 39.15361064751981], [118.45616527736388, 39.15361064751981], [118.45616527736388, 39.15343098446299], [118.45598561430705, 39.15343098446299], [118.45598561430705, 39.15289199529252], [118.45580595125023, 39.15289199529252], [118.45580595125023, 39.15235300612205], [118.4556262881934, 39.15235300612205], [118.4556262881934, 39.15217334306522], [118.45544662513657, 39.15217334306522], [118.45544662513657, 39.151814016951576], [118.45526696207976, 39.151814016951576], [118.45526696207976, 39.151275027781104], [118.45508729902294, 39.151275027781104], [118.45508729902294, 39.15091570166746], [118.45490763596611, 39.15091570166746], [118.45490763596611, 39.150376712496985], [118.45472797290928, 39.150376712496985], [118.45472797290928, 39.15001738638334], [118.45454830985246, 39.15001738638334], [118.45454830985246, 39.14965806026969], [118.45436864679564, 39.14965806026969], [118.45436864679564, 39.14929873415604], [118.45418898373882, 39.14929873415604], [118.45418898373882, 39.148939408042395], [118.45400932068199, 39.148939408042395], [118.45400932068199, 39.14858008192875], [118.45382965762516, 39.14858008192875], [118.45382965762516, 39.14804109275828], [118.45364999456834, 39.14804109275828], [118.45364999456834, 39.14786142970145], [118.45347033151151, 39.14786142970145], [118.45347033151151, 39.14732244053098], [118.4532906684547, 39.14732244053098], [118.4532906684547, 39.14696311441733], [118.45311100539787, 39.14696311441733], [118.45311100539787, 39.146603788303686], [118.45293134234105, 39.146603788303686], [118.45293134234105, 39.14624446219003], [118.45275167928422, 39.14624446219003], [118.45275167928422, 39.14570547301956], [118.45257201622739, 39.14570547301956], [118.45257201622739, 39.14552580996274], [118.45239235317058, 39.14552580996274], [118.45239235317058, 39.14498682079227], [118.45221269011375, 39.14498682079227], [118.45221269011375, 39.14480715773544], [118.45203302705693, 39.14480715773544], [118.45203302705693, 39.14426816856497], [118.4518533640001, 39.14426816856497], [118.4518533640001, 39.143908842451324], [118.45167370094327, 39.143908842451324], [118.45167370094327, 39.14336985328085], [118.45149403788645, 39.14336985328085], [118.45149403788645, 39.143190190224026], [118.45131437482964, 39.143190190224026], [118.45131437482964, 39.142471537996734], [118.45113471177281, 39.142471537996734], [118.45113471177281, 39.14211221188309], [118.45095504871598, 39.14211221188309], [118.45095504871598, 39.14193254882626], [118.45131437482964, 39.14193254882626], [118.45131437482964, 39.14211221188309], [118.45149403788645, 39.14211221188309], [118.45149403788645, 39.142471537996734], [118.45167370094327, 39.142471537996734], [118.45167370094327, 39.143010527167206], [118.4518533640001, 39.143010527167206], [118.4518533640001, 39.14336985328085], [118.45203302705693, 39.14336985328085], [118.45203302705693, 39.1437291793945], [118.45221269011375, 39.1437291793945], [118.45221269011375, 39.14408850550815], [118.45239235317058, 39.14408850550815], [118.45239235317058, 39.1444478316218], [118.45257201622739, 39.1444478316218], [118.45257201622739, 39.14480715773544], [118.45275167928422, 39.14480715773544], [118.45275167928422, 39.145166483849096], [118.45293134234105, 39.145166483849096], [118.45293134234105, 39.14552580996274], [118.45311100539787, 39.14552580996274], [118.45311100539787, 39.14588513607639], [118.4532906684547, 39.14588513607639], [118.4532906684547, 39.14642412524686], [118.45347033151151, 39.14642412524686], [118.45347033151151, 39.146783451360506], [118.45364999456834, 39.146783451360506], [118.45364999456834, 39.14714277747416], [118.45382965762516, 39.14714277747416], [118.45382965762516, 39.147502103587804], [118.45400932068199, 39.147502103587804], [118.45400932068199, 39.14786142970145], [118.45418898373882, 39.14786142970145], [118.45418898373882, 39.14840041887192], [118.45436864679564, 39.14840041887192], [118.45436864679564, 39.14875974498557], [118.45454830985246, 39.14875974498557], [118.45454830985246, 39.14911907109922], [118.45472797290928, 39.14911907109922], [118.45472797290928, 39.14947839721287], [118.45490763596611, 39.14947839721287], [118.45490763596611, 39.14983772332651], [118.45508729902294, 39.14983772332651], [118.45508729902294, 39.15019704944016], [118.45526696207976, 39.15019704944016], [118.45526696207976, 39.15055637555381], [118.45544662513657, 39.15055637555381], [118.45544662513657, 39.151095364724284], [118.4556262881934, 39.151095364724284], [118.4556262881934, 39.15145469083793], [118.45580595125023, 39.15145469083793], [118.45580595125023, 39.151814016951576], [118.45598561430705, 39.151814016951576], [118.45598561430705, 39.15217334306522], [118.45616527736388, 39.15217334306522], [118.45616527736388, 39.152532669178875], [118.4563449404207, 39.152532669178875], [118.4563449404207, 39.15307165834935], [118.45652460347752, 39.15307165834935], [118.45652460347752, 39.15343098446299], [118.45670426653435, 39.15343098446299], [118.45670426653435, 39.15379031057664], [118.4563449404207, 39.15379031057664]]]}, "properties": {"name": "cand11", "ptype": "hall", "confidence": "low", "rank": 11, "area_ha": 6.7, "rise_db": 7.2, "digitised_from": "Sentinel-1 VV rise 2022->2026, orbit 69"}}, {"type": "Feature", "geometry": {"geodesic": false, "type": "Polygon", "coordinates": [[[118.46101617989812, 39.1519936800084], [118.46101617989812, 39.151814016951576], [118.4608365168413, 39.151814016951576], [118.4608365168413, 39.15145469083793], [118.46065685378447, 39.15145469083793], [118.46065685378447, 39.151095364724284], [118.46047719072764, 39.151095364724284], [118.46047719072764, 39.15073603861063], [118.46029752767083, 39.15073603861063], [118.46029752767083, 39.15055637555381], [118.460117864614, 39.15055637555381], [118.460117864614, 39.14983772332651], [118.45993820155718, 39.14983772332651], [118.45993820155718, 39.14947839721287], [118.45975853850035, 39.14947839721287], [118.45975853850035, 39.14929873415604], [118.45957887544353, 39.14929873415604], [118.45957887544353, 39.14875974498557], [118.4593992123867, 39.14875974498557], [118.4593992123867, 39.148220755815096], [118.45921954932989, 39.148220755815096], [118.45921954932989, 39.14804109275828], [118.45903988627306, 39.14804109275828], [118.45903988627306, 39.14786142970145], [118.45886022321623, 39.14786142970145], [118.45886022321623, 39.147681766644624], [118.45868056015941, 39.147681766644624], [118.45868056015941, 39.147502103587804], [118.45886022321623, 39.147502103587804], [118.45886022321623, 39.14714277747416], [118.45868056015941, 39.14714277747416], [118.45868056015941, 39.146783451360506], [118.45850089710258, 39.146783451360506], [118.45850089710258, 39.14624446219003], [118.45832123404577, 39.14624446219003], [118.45832123404577, 39.14570547301956], [118.45850089710258, 39.14570547301956], [118.45850089710258, 39.14552580996274], [118.45868056015941, 39.14552580996274], [118.45868056015941, 39.14570547301956], [118.45903988627306, 39.14570547301956], [118.45903988627306, 39.146064799133214], [118.45921954932989, 39.146064799133214], [118.45921954932989, 39.14642412524686], [118.4593992123867, 39.14642412524686], [118.4593992123867, 39.146603788303686], [118.45957887544353, 39.146603788303686], [118.45957887544353, 39.146783451360506], [118.4593992123867, 39.146783451360506], [118.4593992123867, 39.14714277747416], [118.45957887544353, 39.14714277747416], [118.45957887544353, 39.14732244053098], [118.45975853850035, 39.14732244053098], [118.45975853850035, 39.14786142970145], [118.45993820155718, 39.14786142970145], [118.45993820155718, 39.148220755815096], [118.460117864614, 39.148220755815096], [118.460117864614, 39.14875974498557], [118.46029752767083, 39.14875974498557], [118.46029752767083, 39.148939408042395], [118.46065685378447, 39.148939408042395], [118.46065685378447, 39.14911907109922], [118.4608365168413, 39.14911907109922], [118.4608365168413, 39.14965806026969], [118.46065685378447, 39.14965806026969], [118.46065685378447, 39.15001738638334], [118.46101617989812, 39.15001738638334], [118.46101617989812, 39.150376712496985], [118.46119584295495, 39.150376712496985], [118.46119584295495, 39.15091570166746], [118.46137550601176, 39.15091570166746], [118.46137550601176, 39.1519936800084], [118.46101617989812, 39.1519936800084]]]}, "properties": {"name": "cand12", "ptype": "hall", "confidence": "low", "rank": 12, "area_ha": 6.4, "rise_db": 10.4, "digitised_from": "Sentinel-1 VV rise 2022->2026, orbit 69"}}, {"type": "Feature", "geometry": {"geodesic": false, "type": "Polygon", "coordinates": [[[118.42562255770382, 39.16582773538384], [118.42562255770382, 39.165648072327016], [118.42274794879464, 39.165648072327016], [118.42274794879464, 39.16546840927019], [118.42256828573781, 39.16546840927019], [118.42256828573781, 39.16528874621337], [118.42238862268098, 39.16528874621337], [118.42238862268098, 39.164929420099725], [118.4218496335105, 39.164929420099725], [118.4218496335105, 39.16528874621337], [118.42202929656733, 39.16528874621337], [118.42202929656733, 39.165648072327016], [118.42166997045369, 39.165648072327016], [118.42166997045369, 39.16546840927019], [118.42113098128321, 39.16546840927019], [118.42113098128321, 39.16528874621337], [118.42095131822639, 39.16528874621337], [118.42095131822639, 39.165109083156544], [118.42059199211275, 39.165109083156544], [118.42059199211275, 39.16528874621337], [118.42041232905592, 39.16528874621337], [118.42041232905592, 39.165109083156544], [118.4202326659991, 39.165109083156544], [118.4202326659991, 39.164929420099725], [118.42041232905592, 39.164929420099725], [118.42041232905592, 39.1647497570429], [118.42149030739687, 39.1647497570429], [118.42149030739687, 39.16457009398607], [118.42166997045369, 39.16457009398607], [118.42166997045369, 39.16439043092925], [118.42220895962416, 39.16439043092925], [118.42220895962416, 39.16457009398607], [118.42310727490828, 39.16457009398607], [118.42310727490828, 39.164929420099725], [118.42292761185145, 39.164929420099725], [118.42292761185145, 39.165109083156544], [118.42364626407876, 39.165109083156544], [118.42364626407876, 39.1647497570429], [118.42382592713557, 39.1647497570429], [118.42382592713557, 39.16457009398607], [118.42418525324922, 39.16457009398607], [118.42418525324922, 39.16439043092925], [118.42436491630605, 39.16439043092925], [118.42436491630605, 39.16457009398607], [118.42454457936287, 39.16457009398607], [118.42454457936287, 39.164929420099725], [118.42436491630605, 39.164929420099725], [118.42436491630605, 39.16528874621337], [118.42454457936287, 39.16528874621337], [118.42454457936287, 39.165109083156544], [118.4247242424197, 39.165109083156544], [118.4247242424197, 39.164929420099725], [118.42490390547651, 39.164929420099725], [118.42490390547651, 39.1647497570429], [118.42526323159016, 39.1647497570429], [118.42526323159016, 39.164929420099725], [118.42562255770382, 39.164929420099725], [118.42562255770382, 39.1647497570429], [118.42598188381746, 39.1647497570429], [118.42598188381746, 39.16457009398607], [118.42634120993111, 39.16457009398607], [118.42634120993111, 39.1647497570429], [118.42652087298794, 39.1647497570429], [118.42652087298794, 39.164929420099725], [118.42634120993111, 39.164929420099725], [118.42634120993111, 39.165109083156544], [118.42616154687428, 39.165109083156544], [118.42616154687428, 39.16582773538384], [118.42562255770382, 39.16582773538384]]]}, "properties": {"name": "cand13", "ptype": "hall", "confidence": "low", "rank": 13, "area_ha": 5.8, "rise_db": 8.0, "digitised_from": "Sentinel-1 VV rise 2022->2026, orbit 69"}}, {"type": "Feature", "geometry": {"geodesic": false, "type": "Polygon", "coordinates": [[[118.38627634825937, 39.17337358377044], [118.38627634825937, 39.17085830097491], [118.3864560113162, 39.17085830097491], [118.3864560113162, 39.17067863791809], [118.38681533742985, 39.17067863791809], [118.38681533742985, 39.17085830097491], [118.38807297882762, 39.17085830097491], [118.38807297882762, 39.17103796403173], [118.38825264188443, 39.17103796403173], [118.38825264188443, 39.172295605429504], [118.38879163105491, 39.172295605429504], [118.38879163105491, 39.17265493154315], [118.38825264188443, 39.17265493154315], [118.38825264188443, 39.17319392071362], [118.3878933157708, 39.17319392071362], [118.3878933157708, 39.173014257656796], [118.38771365271397, 39.173014257656796], [118.38771365271397, 39.17319392071362], [118.38753398965714, 39.17319392071362], [118.38753398965714, 39.173014257656796], [118.38717466354349, 39.173014257656796], [118.38717466354349, 39.17247526848632], [118.38681533742985, 39.17247526848632], [118.38681533742985, 39.17319392071362], [118.38663567437303, 39.17319392071362], [118.38663567437303, 39.17337358377044], [118.38627634825937, 39.17337358377044]], [[118.38717466354349, 39.17211594237268], [118.38681533742985, 39.17211594237268], [118.38681533742985, 39.17175661625903], [118.38663567437303, 39.17175661625903], [118.38663567437303, 39.171576953202205], [118.38681533742985, 39.171576953202205], [118.38681533742985, 39.17103796403173], [118.38699500048668, 39.17103796403173], [118.38699500048668, 39.17193627931585], [118.38717466354349, 39.17193627931585], [118.38717466354349, 39.17211594237268]], [[118.38807297882762, 39.17211594237268], [118.38771365271397, 39.17211594237268], [118.38771365271397, 39.17193627931585], [118.38807297882762, 39.17193627931585], [118.38807297882762, 39.17211594237268]], [[118.3878933157708, 39.172834594599976], [118.38771365271397, 39.172834594599976], [118.38771365271397, 39.17265493154315], [118.3878933157708, 39.17265493154315], [118.3878933157708, 39.172834594599976]], [[118.38771365271397, 39.173014257656796], [118.38753398965714, 39.173014257656796], [118.38753398965714, 39.172834594599976], [118.38771365271397, 39.172834594599976], [118.38771365271397, 39.173014257656796]]]}, "properties": {"name": "cand14", "ptype": "hall", "confidence": "low", "rank": 14, "area_ha": 5.2, "rise_db": 8.3, "digitised_from": "Sentinel-1 VV rise 2022->2026, orbit 69"}}, {"type": "Feature", "geometry": {"geodesic": false, "type": "Polygon", "coordinates": [[[118.4556262881934, 39.115342416416325], [118.4556262881934, 39.1151627533595], [118.45544662513657, 39.1151627533595], [118.45544662513657, 39.11498309030268], [118.45526696207976, 39.11498309030268], [118.45526696207976, 39.11462376418903], [118.45508729902294, 39.11462376418903], [118.45508729902294, 39.11426443807538], [118.45490763596611, 39.11426443807538], [118.45490763596611, 39.113905111961735], [118.45472797290928, 39.113905111961735], [118.45472797290928, 39.11372544890491], [118.45454830985246, 39.11372544890491], [118.45454830985246, 39.11336612279126], [118.45436864679564, 39.11336612279126], [118.45436864679564, 39.113186459734436], [118.45472797290928, 39.113186459734436], [118.45472797290928, 39.11336612279126], [118.45490763596611, 39.11336612279126], [118.45490763596611, 39.113186459734436], [118.45526696207976, 39.113186459734436], [118.45526696207976, 39.11300679667762], [118.45544662513657, 39.11300679667762], [118.45544662513657, 39.11282713362079], [118.45580595125023, 39.11282713362079], [118.45580595125023, 39.11300679667762], [118.4563449404207, 39.11300679667762], [118.4563449404207, 39.11336612279126], [118.45670426653435, 39.11336612279126], [118.45670426653435, 39.11354578584808], [118.45688392959117, 39.11354578584808], [118.45688392959117, 39.11372544890491], [118.457063592648, 39.11372544890491], [118.457063592648, 39.113905111961735], [118.45724325570482, 39.113905111961735], [118.45724325570482, 39.114084775018554], [118.457063592648, 39.114084775018554], [118.457063592648, 39.11444410113221], [118.45742291876164, 39.11444410113221], [118.45742291876164, 39.11462376418903], [118.45724325570482, 39.11462376418903], [118.45724325570482, 39.11480342724585], [118.4563449404207, 39.11480342724585], [118.4563449404207, 39.11498309030268], [118.45598561430705, 39.11498309030268], [118.45598561430705, 39.115342416416325], [118.4556262881934, 39.115342416416325]]]}, "properties": {"name": "cand15", "ptype": "hall", "confidence": "low", "rank": 15, "area_ha": 5.1, "rise_db": 15.7, "digitised_from": "Sentinel-1 VV rise 2022->2026, orbit 69"}}, {"type": "Feature", "geometry": {"geodesic": false, "type": "Polygon", "coordinates": [[[118.43280907997676, 39.15325132140617], [118.43280907997676, 39.15307165834935], [118.43262941691995, 39.15307165834935], [118.43262941691995, 39.15289199529252], [118.43244975386312, 39.15289199529252], [118.43244975386312, 39.152532669178875], [118.43262941691995, 39.152532669178875], [118.43262941691995, 39.15235300612205], [118.43298874303359, 39.15235300612205], [118.43298874303359, 39.15217334306522], [118.43316840609042, 39.15217334306522], [118.43316840609042, 39.1519936800084], [118.43334806914724, 39.1519936800084], [118.43334806914724, 39.151814016951576], [118.43316840609042, 39.151814016951576], [118.43316840609042, 39.15163435389475], [118.4322700908063, 39.15163435389475], [118.4322700908063, 39.151814016951576], [118.43209042774947, 39.151814016951576], [118.43209042774947, 39.1519936800084], [118.4322700908063, 39.1519936800084], [118.4322700908063, 39.15235300612205], [118.43209042774947, 39.15235300612205], [118.43209042774947, 39.152532669178875], [118.43191076469265, 39.152532669178875], [118.43191076469265, 39.15235300612205], [118.43047346023806, 39.15235300612205], [118.43047346023806, 39.15217334306522], [118.43029379718124, 39.15217334306522], [118.43029379718124, 39.15163435389475], [118.43047346023806, 39.15163435389475], [118.43047346023806, 39.151814016951576], [118.4308327863517, 39.151814016951576], [118.4308327863517, 39.1519936800084], [118.43173110163582, 39.1519936800084], [118.43173110163582, 39.15145469083793], [118.43191076469265, 39.15145469083793], [118.43191076469265, 39.151275027781104], [118.43209042774947, 39.151275027781104], [118.43209042774947, 39.151095364724284], [118.43280907997676, 39.151095364724284], [118.43280907997676, 39.151275027781104], [118.43316840609042, 39.151275027781104], [118.43316840609042, 39.151095364724284], [118.43334806914724, 39.151095364724284], [118.43334806914724, 39.15091570166746], [118.43388705831771, 39.15091570166746], [118.43388705831771, 39.151095364724284], [118.43478537360183, 39.151095364724284], [118.43478537360183, 39.151275027781104], [118.43460571054501, 39.151275027781104], [118.43460571054501, 39.15145469083793], [118.43406672137453, 39.15145469083793], [118.43406672137453, 39.15163435389475], [118.43388705831771, 39.15163435389475], [118.43388705831771, 39.1519936800084], [118.43406672137453, 39.1519936800084], [118.43406672137453, 39.152532669178875], [118.43370739526088, 39.152532669178875], [118.43370739526088, 39.15289199529252], [118.43388705831771, 39.15289199529252], [118.43388705831771, 39.15307165834935], [118.43370739526088, 39.15307165834935], [118.43370739526088, 39.15325132140617], [118.43280907997676, 39.15325132140617]]]}, "properties": {"name": "cand16", "ptype": "hall", "confidence": "low", "rank": 16, "area_ha": 5.1, "rise_db": 6.8, "digitised_from": "Sentinel-1 VV rise 2022->2026, orbit 69"}}, {"type": "Feature", "geometry": {"geodesic": false, "type": "Polygon", "coordinates": [[[118.43730065639737, 39.140315581314844], [118.43730065639737, 39.140135918258025], [118.4360430149996, 39.140135918258025], [118.4360430149996, 39.139417266030726], [118.43514469971548, 39.139417266030726], [118.43514469971548, 39.1392376029739], [118.43424638443136, 39.1392376029739], [118.43424638443136, 39.13905793991708], [118.43406672137453, 39.13905793991708], [118.43406672137453, 39.138878276860254], [118.43424638443136, 39.138878276860254], [118.43424638443136, 39.138698613803435], [118.43478537360183, 39.138698613803435], [118.43478537360183, 39.13851895074661], [118.43496503665865, 39.13851895074661], [118.43496503665865, 39.13815962463296], [118.43550402582913, 39.13815962463296], [118.43550402582913, 39.13851895074661], [118.43568368888594, 39.13851895074661], [118.43568368888594, 39.138698613803435], [118.43586335194277, 39.138698613803435], [118.43586335194277, 39.138878276860254], [118.43640234111325, 39.138878276860254], [118.43640234111325, 39.13905793991708], [118.43765998251101, 39.13905793991708], [118.43765998251101, 39.1392376029739], [118.43801930862466, 39.1392376029739], [118.43801930862466, 39.139417266030726], [118.43837863473831, 39.139417266030726], [118.43837863473831, 39.13959692908755], [118.43873796085195, 39.13959692908755], [118.43873796085195, 39.140135918258025], [118.43819897168149, 39.140135918258025], [118.43819897168149, 39.1399562552012], [118.43801930862466, 39.1399562552012], [118.43801930862466, 39.13977659214437], [118.43765998251101, 39.13977659214437], [118.43765998251101, 39.140315581314844], [118.43730065639737, 39.140315581314844]], [[118.43496503665865, 39.138878276860254], [118.43478537360183, 39.138878276860254], [118.43478537360183, 39.138698613803435], [118.43496503665865, 39.138698613803435], [118.43496503665865, 39.138878276860254]]]}, "properties": {"name": "cand17", "ptype": "hall", "confidence": "low", "rank": 17, "area_ha": 4.9, "rise_db": 7.1, "digitised_from": "Sentinel-1 VV rise 2022->2026, orbit 69"}}, {"type": "Feature", "geometry": {"geodesic": false, "type": "Polygon", "coordinates": [[[118.39903242529388, 39.1602581806223], [118.39903242529388, 39.159898854508654], [118.39885276223706, 39.159898854508654], [118.39885276223706, 39.15971919145183], [118.3984934361234, 39.15971919145183], [118.3984934361234, 39.15935986533818], [118.39831377306658, 39.15935986533818], [118.39831377306658, 39.159180202281355], [118.39813411000975, 39.159180202281355], [118.39813411000975, 39.159898854508654], [118.39795444695294, 39.159898854508654], [118.39795444695294, 39.16007851756547], [118.39777478389611, 39.16007851756547], [118.39777478389611, 39.159898854508654], [118.39759512083928, 39.159898854508654], [118.39759512083928, 39.159539528395], [118.39741545778246, 39.159539528395], [118.39741545778246, 39.159180202281355], [118.39759512083928, 39.159180202281355], [118.39759512083928, 39.159000539224536], [118.39777478389611, 39.159000539224536], [118.39777478389611, 39.15756323476994], [118.3984934361234, 39.15756323476994], [118.3984934361234, 39.15738357171312], [118.39885276223706, 39.15738357171312], [118.39885276223706, 39.15810222394041], [118.39867309918023, 39.15810222394041], [118.39867309918023, 39.15828188699724], [118.39885276223706, 39.15828188699724], [118.39885276223706, 39.159180202281355], [118.39867309918023, 39.159180202281355], [118.39867309918023, 39.159539528395], [118.39885276223706, 39.159539528395], [118.39885276223706, 39.15935986533818], [118.39903242529388, 39.15935986533818], [118.39903242529388, 39.15792256088359], [118.3992120883507, 39.15792256088359], [118.3992120883507, 39.157742897826765], [118.39939175140752, 39.157742897826765], [118.39939175140752, 39.15756323476994], [118.39957141446435, 39.15756323476994], [118.39957141446435, 39.157742897826765], [118.399930740578, 39.157742897826765], [118.399930740578, 39.15810222394041], [118.39957141446435, 39.15810222394041], [118.39957141446435, 39.16007851756547], [118.3992120883507, 39.16007851756547], [118.3992120883507, 39.1602581806223], [118.39903242529388, 39.1602581806223]], [[118.3984934361234, 39.158461550054064], [118.39831377306658, 39.158461550054064], [118.39831377306658, 39.15828188699724], [118.3984934361234, 39.15828188699724], [118.3984934361234, 39.158461550054064]], [[118.3984934361234, 39.159180202281355], [118.39831377306658, 39.159180202281355], [118.39831377306658, 39.159000539224536], [118.3984934361234, 39.159000539224536], [118.3984934361234, 39.159180202281355]], [[118.39903242529388, 39.15971919145183], [118.39885276223706, 39.15971919145183], [118.39885276223706, 39.159539528395], [118.39903242529388, 39.159539528395], [118.39903242529388, 39.15971919145183]]]}, "properties": {"name": "cand18", "ptype": "hall", "confidence": "low", "rank": 18, "area_ha": 4.8, "rise_db": 8.2, "digitised_from": "Sentinel-1 VV rise 2022->2026, orbit 69"}}, {"type": "Feature", "geometry": {"geodesic": false, "type": "Polygon", "coordinates": [[[118.44233122198844, 39.15325132140617], [118.44233122198844, 39.15307165834935], [118.44215155893161, 39.15307165834935], [118.44215155893161, 39.15325132140617], [118.44179223281796, 39.15325132140617], [118.44179223281796, 39.15307165834935], [118.44161256976113, 39.15307165834935], [118.44161256976113, 39.152532669178875], [118.44179223281796, 39.152532669178875], [118.44179223281796, 39.15235300612205], [118.44197189587479, 39.15235300612205], [118.44197189587479, 39.15217334306522], [118.44215155893161, 39.15217334306522], [118.44215155893161, 39.1519936800084], [118.44251088504527, 39.1519936800084], [118.44251088504527, 39.15163435389475], [118.4428702111589, 39.15163435389475], [118.4428702111589, 39.15145469083793], [118.44304987421573, 39.15145469083793], [118.44304987421573, 39.15091570166746], [118.44322953727256, 39.15091570166746], [118.44322953727256, 39.15073603861063], [118.44340920032938, 39.15073603861063], [118.44340920032938, 39.15055637555381], [118.4435888633862, 39.15055637555381], [118.4435888633862, 39.15073603861063], [118.44412785255668, 39.15073603861063], [118.44412785255668, 39.151095364724284], [118.44448717867033, 39.151095364724284], [118.44448717867033, 39.151275027781104], [118.44466684172714, 39.151275027781104], [118.44466684172714, 39.15163435389475], [118.44448717867033, 39.15163435389475], [118.44448717867033, 39.151814016951576], [118.44466684172714, 39.151814016951576], [118.44466684172714, 39.1519936800084], [118.44448717867033, 39.1519936800084], [118.44448717867033, 39.15217334306522], [118.4435888633862, 39.15217334306522], [118.4435888633862, 39.1519936800084], [118.4428702111589, 39.1519936800084], [118.4428702111589, 39.15217334306522], [118.44304987421573, 39.15217334306522], [118.44304987421573, 39.152532669178875], [118.44322953727256, 39.152532669178875], [118.44322953727256, 39.15235300612205], [118.44340920032938, 39.15235300612205], [118.44340920032938, 39.152532669178875], [118.4435888633862, 39.152532669178875], [118.4435888633862, 39.152712332235694], [118.44322953727256, 39.152712332235694], [118.44322953727256, 39.15289199529252], [118.44304987421573, 39.15289199529252], [118.44304987421573, 39.15325132140617], [118.44233122198844, 39.15325132140617]], [[118.44412785255668, 39.1519936800084], [118.44376852644302, 39.1519936800084], [118.44376852644302, 39.151814016951576], [118.44412785255668, 39.151814016951576], [118.44412785255668, 39.1519936800084]]]}, "properties": {"name": "cand19", "ptype": "hall", "confidence": "low", "rank": 19, "area_ha": 4.7, "rise_db": 8.1, "digitised_from": "Sentinel-1 VV rise 2022->2026, orbit 69"}}, {"type": "Feature", "geometry": {"geodesic": false, "type": "Polygon", "coordinates": [[[118.42274794879464, 39.174451562111386], [118.42274794879464, 39.17409223599774], [118.42256828573781, 39.17409223599774], [118.42256828573781, 39.173912572940914], [118.42238862268098, 39.173912572940914], [118.42238862268098, 39.173732909884095], [118.42202929656733, 39.173732909884095], [118.42202929656733, 39.17355324682727], [118.42166997045369, 39.17355324682727], [118.42166997045369, 39.173732909884095], [118.42149030739687, 39.173732909884095], [118.42149030739687, 39.17409223599774], [118.42131064434004, 39.17409223599774], [118.42131064434004, 39.173912572940914], [118.42095131822639, 39.173912572940914], [118.42095131822639, 39.173732909884095], [118.42077165516957, 39.173732909884095], [118.42077165516957, 39.17355324682727], [118.42041232905592, 39.17355324682727], [118.42041232905592, 39.173732909884095], [118.41987333988544, 39.173732909884095], [118.41987333988544, 39.17319392071362], [118.42005300294227, 39.17319392071362], [118.42005300294227, 39.172834594599976], [118.4202326659991, 39.172834594599976], [118.4202326659991, 39.172295605429504], [118.42095131822639, 39.172295605429504], [118.42095131822639, 39.173014257656796], [118.42113098128321, 39.173014257656796], [118.42113098128321, 39.172834594599976], [118.42149030739687, 39.172834594599976], [118.42149030739687, 39.17265493154315], [118.42166997045369, 39.17265493154315], [118.42166997045369, 39.17247526848632], [118.42220895962416, 39.17247526848632], [118.42220895962416, 39.17265493154315], [118.42202929656733, 39.17265493154315], [118.42202929656733, 39.172834594599976], [118.42220895962416, 39.172834594599976], [118.42220895962416, 39.17319392071362], [118.42256828573781, 39.17319392071362], [118.42256828573781, 39.17337358377044], [118.42274794879464, 39.17337358377044], [118.42274794879464, 39.17319392071362], [118.42292761185145, 39.17319392071362], [118.42292761185145, 39.173014257656796], [118.42310727490828, 39.173014257656796], [118.42310727490828, 39.172834594599976], [118.42346660102193, 39.172834594599976], [118.42346660102193, 39.17355324682727], [118.4232869379651, 39.17355324682727], [118.4232869379651, 39.173912572940914], [118.42310727490828, 39.173912572940914], [118.42310727490828, 39.174451562111386], [118.42274794879464, 39.174451562111386]]]}, "properties": {"name": "cand20", "ptype": "hall", "confidence": "low", "rank": 20, "area_ha": 4.6, "rise_db": 7.6, "digitised_from": "Sentinel-1 VV rise 2022->2026, orbit 69"}}, {"type": "Feature", "geometry": {"geodesic": false, "type": "Polygon", "coordinates": [[[118.42346660102193, 39.126301862882585], [118.42346660102193, 39.12612219982576], [118.42364626407876, 39.12612219982576], [118.42364626407876, 39.12594253676893], [118.42346660102193, 39.12594253676893], [118.42346660102193, 39.12576287371211], [118.42310727490828, 39.12576287371211], [118.42310727490828, 39.125583210655286], [118.42238862268098, 39.125583210655286], [118.42238862268098, 39.12576287371211], [118.42202929656733, 39.12576287371211], [118.42202929656733, 39.125583210655286], [118.42220895962416, 39.125583210655286], [118.42220895962416, 39.12540354759846], [118.42238862268098, 39.12540354759846], [118.42238862268098, 39.12522388454164], [118.42274794879464, 39.12522388454164], [118.42274794879464, 39.12504422148481], [118.42310727490828, 39.12504422148481], [118.42310727490828, 39.12522388454164], [118.4232869379651, 39.12522388454164], [118.4232869379651, 39.124864558427994], [118.42310727490828, 39.124864558427994], [118.42310727490828, 39.12468489537117], [118.42292761185145, 39.12468489537117], [118.42292761185145, 39.12450523231434], [118.42238862268098, 39.12450523231434], [118.42238862268098, 39.12432556925752], [118.42220895962416, 39.12432556925752], [118.42220895962416, 39.124145906200695], [118.42238862268098, 39.124145906200695], [118.42238862268098, 39.12396624314387], [118.42256828573781, 39.12396624314387], [118.42256828573781, 39.12378658008705], [118.42346660102193, 39.12378658008705], [118.42346660102193, 39.124145906200695], [118.4247242424197, 39.124145906200695], [118.4247242424197, 39.12396624314387], [118.42508356853334, 39.12396624314387], [118.42508356853334, 39.124145906200695], [118.42526323159016, 39.124145906200695], [118.42526323159016, 39.12432556925752], [118.42508356853334, 39.12432556925752], [118.42508356853334, 39.12468489537117], [118.4247242424197, 39.12468489537117], [118.4247242424197, 39.124864558427994], [118.42454457936287, 39.124864558427994], [118.42454457936287, 39.12504422148481], [118.42436491630605, 39.12504422148481], [118.42436491630605, 39.12522388454164], [118.42418525324922, 39.12522388454164], [118.42418525324922, 39.12540354759846], [118.4240055901924, 39.12540354759846], [118.4240055901924, 39.12594253676893], [118.42382592713557, 39.12594253676893], [118.42382592713557, 39.12612219982576], [118.42364626407876, 39.12612219982576], [118.42364626407876, 39.126301862882585], [118.42346660102193, 39.126301862882585]]]}, "properties": {"name": "cand21", "ptype": "hall", "confidence": "low", "rank": 21, "area_ha": 4.5, "rise_db": 8.2, "digitised_from": "Sentinel-1 VV rise 2022->2026, orbit 69"}}, {"type": "Feature", "geometry": {"geodesic": false, "type": "Polygon", "coordinates": [[[118.40603928451, 39.1519936800084], [118.40603928451, 39.151814016951576], [118.40585962145319, 39.151814016951576], [118.40585962145319, 39.15163435389475], [118.40532063228271, 39.15163435389475], [118.40532063228271, 39.15145469083793], [118.40603928451, 39.15145469083793], [118.40603928451, 39.151275027781104], [118.40585962145319, 39.151275027781104], [118.40585962145319, 39.151095364724284], [118.40567995839636, 39.151095364724284], [118.40567995839636, 39.15091570166746], [118.40280534948718, 39.15091570166746], [118.40280534948718, 39.15073603861063], [118.40262568643035, 39.15073603861063], [118.40262568643035, 39.150376712496985], [118.40280534948718, 39.150376712496985], [118.40280534948718, 39.15019704944016], [118.40298501254401, 39.15019704944016], [118.40298501254401, 39.15001738638334], [118.4037036647713, 39.15001738638334], [118.4037036647713, 39.15019704944016], [118.40406299088494, 39.15019704944016], [118.40406299088494, 39.15001738638334], [118.40442231699859, 39.15001738638334], [118.40442231699859, 39.15019704944016], [118.40478164311224, 39.15019704944016], [118.40478164311224, 39.150376712496985], [118.40496130616907, 39.150376712496985], [118.40496130616907, 39.15019704944016], [118.40532063228271, 39.15019704944016], [118.40532063228271, 39.150376712496985], [118.40567995839636, 39.150376712496985], [118.40567995839636, 39.15055637555381], [118.40657827368048, 39.15055637555381], [118.40657827368048, 39.15073603861063], [118.40693759979413, 39.15073603861063], [118.40693759979413, 39.151275027781104], [118.40639861062365, 39.151275027781104], [118.40639861062365, 39.151095364724284], [118.40621894756683, 39.151095364724284], [118.40621894756683, 39.15145469083793], [118.40657827368048, 39.15145469083793], [118.40657827368048, 39.151814016951576], [118.40639861062365, 39.151814016951576], [118.40639861062365, 39.1519936800084], [118.40603928451, 39.1519936800084]]]}, "properties": {"name": "cand22", "ptype": "hall", "confidence": "low", "rank": 22, "area_ha": 4.3, "rise_db": 9.4, "digitised_from": "Sentinel-1 VV rise 2022->2026, orbit 69"}}, {"type": "Feature", "geometry": {"geodesic": false, "type": "Polygon", "coordinates": [[[118.4143037851239, 39.154868288917584], [118.4143037851239, 39.15432929974711], [118.41394445901025, 39.15432929974711], [118.41394445901025, 39.154149636690285], [118.41376479595344, 39.154149636690285], [118.41376479595344, 39.15432929974711], [118.41358513289661, 39.15432929974711], [118.41358513289661, 39.154149636690285], [118.41340546983979, 39.154149636690285], [118.41340546983979, 39.15379031057664], [118.41358513289661, 39.15379031057664], [118.41358513289661, 39.15361064751981], [118.41376479595344, 39.15361064751981], [118.41376479595344, 39.15325132140617], [118.41340546983979, 39.15325132140617], [118.41340546983979, 39.15289199529252], [118.41358513289661, 39.15289199529252], [118.41358513289661, 39.152712332235694], [118.41376479595344, 39.152712332235694], [118.41376479595344, 39.152532669178875], [118.41394445901025, 39.152532669178875], [118.41394445901025, 39.15235300612205], [118.41520210040802, 39.15235300612205], [118.41520210040802, 39.15325132140617], [118.4150224373512, 39.15325132140617], [118.4150224373512, 39.15343098446299], [118.41484277429439, 39.15343098446299], [118.41484277429439, 39.15379031057664], [118.41538176346485, 39.15379031057664], [118.41538176346485, 39.153969973633465], [118.41556142652168, 39.153969973633465], [118.41556142652168, 39.15432929974711], [118.41466311123756, 39.15432929974711], [118.41466311123756, 39.154868288917584], [118.4143037851239, 39.154868288917584]]]}, "properties": {"name": "cand23", "ptype": "hall", "confidence": "low", "rank": 23, "area_ha": 4.1, "rise_db": 9.0, "digitised_from": "Sentinel-1 VV rise 2022->2026, orbit 69"}}, {"type": "Feature", "geometry": {"geodesic": false, "type": "Polygon", "coordinates": [[[118.3932832074755, 39.17211594237268], [118.3932832074755, 39.17193627931585], [118.39310354441868, 39.17193627931585], [118.39310354441868, 39.17103796403173], [118.3932832074755, 39.17103796403173], [118.3932832074755, 39.17067863791809], [118.39346287053233, 39.17067863791809], [118.39346287053233, 39.17049897486126], [118.3932832074755, 39.17049897486126], [118.3932832074755, 39.170139648747615], [118.39310354441868, 39.170139648747615], [118.39310354441868, 39.16995998569079], [118.3932832074755, 39.16995998569079], [118.3932832074755, 39.16816335512255], [118.39346287053233, 39.16816335512255], [118.39346287053233, 39.167983692065725], [118.3932832074755, 39.167983692065725], [118.3932832074755, 39.167804029008906], [118.39346287053233, 39.167804029008906], [118.39346287053233, 39.16762436595208], [118.3932832074755, 39.16762436595208], [118.3932832074755, 39.16726503983843], [118.39346287053233, 39.16726503983843], [118.39346287053233, 39.16708537678161], [118.3932832074755, 39.16708537678161], [118.3932832074755, 39.16690571372479], [118.39346287053233, 39.16690571372479], [118.39346287053233, 39.16672605066796], [118.39364253358916, 39.16672605066796], [118.39364253358916, 39.16726503983843], [118.39400185970281, 39.16726503983843], [118.39400185970281, 39.16744470289525], [118.39418152275962, 39.16744470289525], [118.39418152275962, 39.16762436595208], [118.3947205119301, 39.16762436595208], [118.3947205119301, 39.167983692065725], [118.39454084887328, 39.167983692065725], [118.39454084887328, 39.16816335512255], [118.39418152275962, 39.16816335512255], [118.39418152275962, 39.167804029008906], [118.39400185970281, 39.167804029008906], [118.39400185970281, 39.16816335512255], [118.39364253358916, 39.16816335512255], [118.39364253358916, 39.16834301817938], [118.39382219664598, 39.16834301817938], [118.39382219664598, 39.1685226812362], [118.39400185970281, 39.1685226812362], [118.39400185970281, 39.168702344293024], [118.39382219664598, 39.168702344293024], [118.39382219664598, 39.16906167040667], [118.39400185970281, 39.16906167040667], [118.39400185970281, 39.169420996520316], [118.39382219664598, 39.169420996520316], [118.39382219664598, 39.16960065957714], [118.39346287053233, 39.16960065957714], [118.39346287053233, 39.16978032263397], [118.39364253358916, 39.16978032263397], [118.39364253358916, 39.16995998569079], [118.39382219664598, 39.16995998569079], [118.39382219664598, 39.170139648747615], [118.39418152275962, 39.170139648747615], [118.39418152275962, 39.16995998569079], [118.39436118581645, 39.16995998569079], [118.39436118581645, 39.17049897486126], [118.39418152275962, 39.17049897486126], [118.39418152275962, 39.17067863791809], [118.39400185970281, 39.17067863791809], [118.39400185970281, 39.17049897486126], [118.39382219664598, 39.17049897486126], [118.39382219664598, 39.17031931180444], [118.39364253358916, 39.17031931180444], [118.39364253358916, 39.17085830097491], [118.39346287053233, 39.17085830097491], [118.39346287053233, 39.17121762708856], [118.3932832074755, 39.17121762708856], [118.3932832074755, 39.17139729014538], [118.39346287053233, 39.17139729014538], [118.39346287053233, 39.171576953202205], [118.39364253358916, 39.171576953202205], [118.39364253358916, 39.17211594237268], [118.3932832074755, 39.17211594237268]]]}, "properties": {"name": "cand24", "ptype": "hall", "confidence": "low", "rank": 24, "area_ha": 3.8, "rise_db": 11.6, "digitised_from": "Sentinel-1 VV rise 2022->2026, orbit 69"}}, {"type": "Feature", "geometry": {"geodesic": false, "type": "Polygon", "coordinates": [[[118.42831750355617, 39.132769732928246], [118.42831750355617, 39.13259006987142], [118.42795817744252, 39.13259006987142], [118.42795817744252, 39.13241040681459], [118.42741918827205, 39.13241040681459], [118.42741918827205, 39.13223074375777], [118.4277785143857, 39.13223074375777], [118.4277785143857, 39.13205108070095], [118.42759885132888, 39.13205108070095], [118.42759885132888, 39.13187141764412], [118.42723952521523, 39.13187141764412], [118.42723952521523, 39.13133242847365], [118.42688019910157, 39.13133242847365], [118.42688019910157, 39.131512091530475], [118.42652087298794, 39.131512091530475], [118.42652087298794, 39.13133242847365], [118.42634120993111, 39.13133242847365], [118.42634120993111, 39.13115276541683], [118.42688019910157, 39.13115276541683], [118.42688019910157, 39.13097310236], [118.4270598621584, 39.13097310236], [118.4270598621584, 39.13079343930318], [118.42723952521523, 39.13079343930318], [118.42723952521523, 39.13043411318953], [118.42741918827205, 39.13043411318953], [118.42741918827205, 39.130074787075884], [118.42723952521523, 39.130074787075884], [118.42723952521523, 39.13025445013271], [118.4270598621584, 39.13025445013271], [118.4270598621584, 39.130074787075884], [118.42688019910157, 39.130074787075884], [118.42688019910157, 39.12971546096224], [118.4270598621584, 39.12971546096224], [118.4270598621584, 39.12953579790541], [118.42741918827205, 39.12953579790541], [118.42741918827205, 39.129356134848585], [118.42759885132888, 39.129356134848585], [118.42759885132888, 39.12899680873494], [118.4277785143857, 39.12899680873494], [118.4277785143857, 39.12863748262129], [118.428497166613, 39.12863748262129], [118.428497166613, 39.12881714567812], [118.42867682966983, 39.12881714567812], [118.42867682966983, 39.12899680873494], [118.42885649272664, 39.12899680873494], [118.42885649272664, 39.129176471791766], [118.42867682966983, 39.129176471791766], [118.42867682966983, 39.12899680873494], [118.428497166613, 39.12899680873494], [118.428497166613, 39.12881714567812], [118.42795817744252, 39.12881714567812], [118.42795817744252, 39.12899680873494], [118.42813784049935, 39.12899680873494], [118.42813784049935, 39.129356134848585], [118.42795817744252, 39.129356134848585], [118.42795817744252, 39.12953579790541], [118.42759885132888, 39.12953579790541], [118.42759885132888, 39.12971546096224], [118.42741918827205, 39.12971546096224], [118.42741918827205, 39.130074787075884], [118.4277785143857, 39.130074787075884], [118.4277785143857, 39.130613776246356], [118.42759885132888, 39.130613776246356], [118.42759885132888, 39.13079343930318], [118.42741918827205, 39.13079343930318], [118.42741918827205, 39.13097310236], [118.42759885132888, 39.13097310236], [118.42759885132888, 39.13115276541683], [118.4277785143857, 39.13115276541683], [118.4277785143857, 39.13133242847365], [118.42813784049935, 39.13133242847365], [118.42813784049935, 39.131512091530475], [118.42795817744252, 39.131512091530475], [118.42795817744252, 39.1316917545873], [118.42813784049935, 39.1316917545873], [118.42813784049935, 39.13187141764412], [118.42903615578346, 39.13187141764412], [118.42903615578346, 39.13223074375777], [118.42867682966983, 39.13223074375777], [118.42867682966983, 39.13259006987142], [118.428497166613, 39.13259006987142], [118.428497166613, 39.132769732928246], [118.42831750355617, 39.132769732928246]]]}, "properties": {"name": "cand25", "ptype": "hall", "confidence": "low", "rank": 25, "area_ha": 3.7, "rise_db": 7.4, "digitised_from": "Sentinel-1 VV rise 2022->2026, orbit 69"}}, {"type": "Feature", "geometry": {"geodesic": false, "type": "Polygon", "coordinates": [[[118.40945288258966, 39.17840414936151], [118.40945288258966, 39.17822448630469], [118.4089138934192, 39.17822448630469], [118.4089138934192, 39.178044823247866], [118.40873423036237, 39.178044823247866], [118.40873423036237, 39.17786516019104], [118.40909355647601, 39.17786516019104], [118.40909355647601, 39.17768549713422], [118.4089138934192, 39.17768549713422], [118.4089138934192, 39.177505834077394], [118.40927321953284, 39.177505834077394], [118.40927321953284, 39.17786516019104], [118.40945288258966, 39.17786516019104], [118.40945288258966, 39.17768549713422], [118.40999187176013, 39.17768549713422], [118.40999187176013, 39.177505834077394], [118.40981220870331, 39.177505834077394], [118.40981220870331, 39.177326171020574], [118.40963254564649, 39.177326171020574], [118.40963254564649, 39.17714650796375], [118.40945288258966, 39.17714650796375], [118.40945288258966, 39.17696684490692], [118.40927321953284, 39.17696684490692], [118.40927321953284, 39.17642785573645], [118.40945288258966, 39.17642785573645], [118.40945288258966, 39.17624819267963], [118.40855456730554, 39.17624819267963], [118.40855456730554, 39.1760685296228], [118.40873423036237, 39.1760685296228], [118.40873423036237, 39.174451562111386], [118.4089138934192, 39.174451562111386], [118.4089138934192, 39.17463122516821], [118.40909355647601, 39.17463122516821], [118.40909355647601, 39.17499055128186], [118.4089138934192, 39.17499055128186], [118.4089138934192, 39.17588886656598], [118.40909355647601, 39.17588886656598], [118.40909355647601, 39.1760685296228], [118.41017153481695, 39.1760685296228], [118.41017153481695, 39.17588886656598], [118.41035119787378, 39.17588886656598], [118.41035119787378, 39.1760685296228], [118.4105308609306, 39.1760685296228], [118.4105308609306, 39.1767871818501], [118.41035119787378, 39.1767871818501], [118.41035119787378, 39.177326171020574], [118.4105308609306, 39.177326171020574], [118.4105308609306, 39.17768549713422], [118.41035119787378, 39.17768549713422], [118.41035119787378, 39.17822448630469], [118.40981220870331, 39.17822448630469], [118.40981220870331, 39.17840414936151], [118.40945288258966, 39.17840414936151]], [[118.41017153481695, 39.17786516019104], [118.40999187176013, 39.17786516019104], [118.40999187176013, 39.17768549713422], [118.41017153481695, 39.17768549713422], [118.41017153481695, 39.17786516019104]]]}, "properties": {"name": "cand26", "ptype": "hall", "confidence": "low", "rank": 26, "area_ha": 3.7, "rise_db": 6.9, "digitised_from": "Sentinel-1 VV rise 2022->2026, orbit 69"}}, {"type": "Feature", "geometry": {"geodesic": false, "type": "Polygon", "coordinates": [[[118.42490390547651, 39.15971919145183], [118.42490390547651, 39.15935986533818], [118.42364626407876, 39.15935986533818], [118.42364626407876, 39.15882087616771], [118.42382592713557, 39.15882087616771], [118.42382592713557, 39.158461550054064], [118.42418525324922, 39.158461550054064], [118.42418525324922, 39.15882087616771], [118.42454457936287, 39.15882087616771], [118.42454457936287, 39.15864121311088], [118.4247242424197, 39.15864121311088], [118.4247242424197, 39.158461550054064], [118.42490390547651, 39.158461550054064], [118.42490390547651, 39.15828188699724], [118.42508356853334, 39.15828188699724], [118.42508356853334, 39.15810222394041], [118.42490390547651, 39.15810222394041], [118.42490390547651, 39.15792256088359], [118.4247242424197, 39.15792256088359], [118.4247242424197, 39.157742897826765], [118.42490390547651, 39.157742897826765], [118.42490390547651, 39.15756323476994], [118.42508356853334, 39.15756323476994], [118.42508356853334, 39.15738357171312], [118.42526323159016, 39.15738357171312], [118.42526323159016, 39.15720390865629], [118.42490390547651, 39.15720390865629], [118.42490390547651, 39.15684458254265], [118.42544289464699, 39.15684458254265], [118.42544289464699, 39.15702424559947], [118.42562255770382, 39.15702424559947], [118.42562255770382, 39.15738357171312], [118.42580222076063, 39.15738357171312], [118.42580222076063, 39.157742897826765], [118.42562255770382, 39.157742897826765], [118.42562255770382, 39.15810222394041], [118.42544289464699, 39.15810222394041], [118.42544289464699, 39.15828188699724], [118.42562255770382, 39.15828188699724], [118.42562255770382, 39.159180202281355], [118.42544289464699, 39.159180202281355], [118.42544289464699, 39.159539528395], [118.42526323159016, 39.159539528395], [118.42526323159016, 39.15971919145183], [118.42490390547651, 39.15971919145183]]]}, "properties": {"name": "cand27", "ptype": "hall", "confidence": "low", "rank": 27, "area_ha": 3.4, "rise_db": 5.6, "digitised_from": "Sentinel-1 VV rise 2022->2026, orbit 69"}}, {"type": "Feature", "geometry": {"geodesic": false, "type": "Polygon", "coordinates": [[[118.4608365168413, 39.15864121311088], [118.4608365168413, 39.158461550054064], [118.46065685378447, 39.158461550054064], [118.46065685378447, 39.157742897826765], [118.46047719072764, 39.157742897826765], [118.46047719072764, 39.15756323476994], [118.46029752767083, 39.15756323476994], [118.46029752767083, 39.15702424559947], [118.460117864614, 39.15702424559947], [118.460117864614, 39.156485256429], [118.4608365168413, 39.156485256429], [118.4608365168413, 39.156305593372174], [118.46155516906859, 39.156305593372174], [118.46155516906859, 39.15612593031535], [118.4622738212959, 39.15612593031535], [118.4622738212959, 39.156485256429], [118.46209415823907, 39.156485256429], [118.46209415823907, 39.15666491948582], [118.46191449518224, 39.15666491948582], [118.46191449518224, 39.156485256429], [118.46137550601176, 39.156485256429], [118.46137550601176, 39.15666491948582], [118.46155516906859, 39.15666491948582], [118.46155516906859, 39.15702424559947], [118.46191449518224, 39.15702424559947], [118.46191449518224, 39.15738357171312], [118.46209415823907, 39.15738357171312], [118.46209415823907, 39.15756323476994], [118.46191449518224, 39.15756323476994], [118.46191449518224, 39.157742897826765], [118.46173483212542, 39.157742897826765], [118.46173483212542, 39.15756323476994], [118.46137550601176, 39.15756323476994], [118.46137550601176, 39.15828188699724], [118.46119584295495, 39.15828188699724], [118.46119584295495, 39.158461550054064], [118.46101617989812, 39.158461550054064], [118.46101617989812, 39.15864121311088], [118.4608365168413, 39.15864121311088]], [[118.46137550601176, 39.15684458254265], [118.4608365168413, 39.15684458254265], [118.4608365168413, 39.15666491948582], [118.46137550601176, 39.15666491948582], [118.46137550601176, 39.15684458254265]], [[118.46137550601176, 39.15738357171312], [118.46119584295495, 39.15738357171312], [118.46119584295495, 39.15702424559947], [118.46155516906859, 39.15702424559947], [118.46155516906859, 39.15720390865629], [118.46137550601176, 39.15720390865629], [118.46137550601176, 39.15738357171312]]]}, "properties": {"name": "cand28", "ptype": "hall", "confidence": "low", "rank": 28, "area_ha": 3.2, "rise_db": 8.2, "digitised_from": "Sentinel-1 VV rise 2022->2026, orbit 69"}}, {"type": "Feature", "geometry": {"geodesic": false, "type": "Polygon", "coordinates": [[[118.41753772014674, 39.16259380036101], [118.41753772014674, 39.16241413730419], [118.41699873097626, 39.16241413730419], [118.41699873097626, 39.16259380036101], [118.4164597418058, 39.16259380036101], [118.4164597418058, 39.16223447424736], [118.41628007874897, 39.16223447424736], [118.41628007874897, 39.16169548507689], [118.41681906791945, 39.16169548507689], [118.41681906791945, 39.161515822020064], [118.41717839403309, 39.161515822020064], [118.41717839403309, 39.161336158963245], [118.41735805708991, 39.161336158963245], [118.41735805708991, 39.161515822020064], [118.41789704626038, 39.161515822020064], [118.41789704626038, 39.161336158963245], [118.41825637237403, 39.161336158963245], [118.41825637237403, 39.161515822020064], [118.41861569848768, 39.161515822020064], [118.41861569848768, 39.16169548507689], [118.41879536154451, 39.16169548507689], [118.41879536154451, 39.16187514813372], [118.41861569848768, 39.16187514813372], [118.41861569848768, 39.162054811190536], [118.41843603543086, 39.162054811190536], [118.41843603543086, 39.16223447424736], [118.41789704626038, 39.16223447424736], [118.41789704626038, 39.16241413730419], [118.41771738320357, 39.16241413730419], [118.41771738320357, 39.16259380036101], [118.41753772014674, 39.16259380036101]]]}, "properties": {"name": "cand29", "ptype": "hall", "confidence": "low", "rank": 29, "area_ha": 2.6, "rise_db": 6.8, "digitised_from": "Sentinel-1 VV rise 2022->2026, orbit 69"}}, {"type": "Feature", "geometry": {"geodesic": false, "type": "Polygon", "coordinates": [[[118.38627634825937, 39.16744470289525], [118.38627634825937, 39.166546387611135], [118.3864560113162, 39.166546387611135], [118.3864560113162, 39.166366724554315], [118.38663567437303, 39.166366724554315], [118.38663567437303, 39.166546387611135], [118.38681533742985, 39.166546387611135], [118.38681533742985, 39.166366724554315], [118.38699500048668, 39.166366724554315], [118.38699500048668, 39.166546387611135], [118.38717466354349, 39.166546387611135], [118.38717466354349, 39.166366724554315], [118.38735432660032, 39.166366724554315], [118.38735432660032, 39.16618706149749], [118.38753398965714, 39.16618706149749], [118.38753398965714, 39.166366724554315], [118.3878933157708, 39.166366724554315], [118.3878933157708, 39.16618706149749], [118.38807297882762, 39.16618706149749], [118.38807297882762, 39.166366724554315], [118.38843230494126, 39.166366724554315], [118.38843230494126, 39.16690571372479], [118.38807297882762, 39.16690571372479], [118.38807297882762, 39.16744470289525], [118.38627634825937, 39.16744470289525]], [[118.3878933157708, 39.16726503983843], [118.38753398965714, 39.16726503983843], [118.38753398965714, 39.16708537678161], [118.38771365271397, 39.16708537678161], [118.38771365271397, 39.16690571372479], [118.3878933157708, 39.16690571372479], [118.3878933157708, 39.16726503983843]]]}, "properties": {"name": "cand30", "ptype": "hall", "confidence": "low", "rank": 30, "area_ha": 2.5, "rise_db": 8.4, "digitised_from": "Sentinel-1 VV rise 2022->2026, orbit 69"}}, {"type": "Feature", "geometry": {"geodesic": false, "type": "Polygon", "coordinates": [[[118.41340546983979, 39.15163435389475], [118.41340546983979, 39.151095364724284], [118.4126868176125, 39.151095364724284], [118.4126868176125, 39.15091570166746], [118.41250715455567, 39.15091570166746], [118.41250715455567, 39.15073603861063], [118.41142917621472, 39.15073603861063], [118.41142917621472, 39.150376712496985], [118.41106985010107, 39.150376712496985], [118.41106985010107, 39.15019704944016], [118.4112495131579, 39.15019704944016], [118.4112495131579, 39.15001738638334], [118.41142917621472, 39.15001738638334], [118.41142917621472, 39.15019704944016], [118.41178850232838, 39.15019704944016], [118.41178850232838, 39.150376712496985], [118.41286648066932, 39.150376712496985], [118.41286648066932, 39.15055637555381], [118.41304614372613, 39.15055637555381], [118.41304614372613, 39.150376712496985], [118.41322580678296, 39.150376712496985], [118.41322580678296, 39.15055637555381], [118.41394445901025, 39.15055637555381], [118.41394445901025, 39.15073603861063], [118.41412412206708, 39.15073603861063], [118.41412412206708, 39.15091570166746], [118.4143037851239, 39.15091570166746], [118.4143037851239, 39.151095364724284], [118.41448344818073, 39.151095364724284], [118.41448344818073, 39.15145469083793], [118.41376479595344, 39.15145469083793], [118.41376479595344, 39.15163435389475], [118.41340546983979, 39.15163435389475]], [[118.41394445901025, 39.15091570166746], [118.41376479595344, 39.15091570166746], [118.41376479595344, 39.15073603861063], [118.41394445901025, 39.15073603861063], [118.41394445901025, 39.15091570166746]]]}, "properties": {"name": "cand31", "ptype": "hall", "confidence": "low", "rank": 31, "area_ha": 2.4, "rise_db": 6.8, "digitised_from": "Sentinel-1 VV rise 2022->2026, orbit 69"}}, {"type": "Feature", "geometry": {"geodesic": false, "type": "Polygon", "coordinates": [[[118.41969367682863, 39.17786516019104], [118.41969367682863, 39.17768549713422], [118.4195140137718, 39.17768549713422], [118.4195140137718, 39.17714650796375], [118.41969367682863, 39.17714650796375], [118.41969367682863, 39.17696684490692], [118.41987333988544, 39.17696684490692], [118.41987333988544, 39.176607518793276], [118.41969367682863, 39.176607518793276], [118.41969367682863, 39.17463122516821], [118.4202326659991, 39.17463122516821], [118.4202326659991, 39.17552954045233], [118.42041232905592, 39.17552954045233], [118.42041232905592, 39.17642785573645], [118.4202326659991, 39.17642785573645], [118.4202326659991, 39.176607518793276], [118.42005300294227, 39.176607518793276], [118.42005300294227, 39.17696684490692], [118.4202326659991, 39.17696684490692], [118.4202326659991, 39.17714650796375], [118.42041232905592, 39.17714650796375], [118.42041232905592, 39.177505834077394], [118.42005300294227, 39.177505834077394], [118.42005300294227, 39.17768549713422], [118.41987333988544, 39.17768549713422], [118.41987333988544, 39.17786516019104], [118.41969367682863, 39.17786516019104]], [[118.4202326659991, 39.177326171020574], [118.42005300294227, 39.177326171020574], [118.42005300294227, 39.17714650796375], [118.4202326659991, 39.17714650796375], [118.4202326659991, 39.177326171020574]]]}, "properties": {"name": "cand32", "ptype": "hall", "confidence": "low", "rank": 32, "area_ha": 2.2, "rise_db": 6.6, "digitised_from": "Sentinel-1 VV rise 2022->2026, orbit 69"}}, {"type": "Feature", "geometry": {"geodesic": false, "type": "Polygon", "coordinates": [[[118.39382219664598, 39.166546387611135], [118.39382219664598, 39.166366724554315], [118.39346287053233, 39.166366724554315], [118.39346287053233, 39.165648072327016], [118.39364253358916, 39.165648072327016], [118.39364253358916, 39.16582773538384], [118.39382219664598, 39.16582773538384], [118.39382219664598, 39.16546840927019], [118.39346287053233, 39.16546840927019], [118.39346287053233, 39.164929420099725], [118.39364253358916, 39.164929420099725], [118.39364253358916, 39.16457009398607], [118.39382219664598, 39.16457009398607], [118.39382219664598, 39.16439043092925], [118.39346287053233, 39.16439043092925], [118.39346287053233, 39.1640311048156], [118.39364253358916, 39.1640311048156], [118.39364253358916, 39.164210767872426], [118.39382219664598, 39.164210767872426], [118.39382219664598, 39.1640311048156], [118.39400185970281, 39.1640311048156], [118.39400185970281, 39.16385144175878], [118.39418152275962, 39.16385144175878], [118.39418152275962, 39.16367177870195], [118.39400185970281, 39.16367177870195], [118.39400185970281, 39.16295312647466], [118.39418152275962, 39.16295312647466], [118.39418152275962, 39.16313278953148], [118.39436118581645, 39.16313278953148], [118.39436118581645, 39.16331245258831], [118.39454084887328, 39.16331245258831], [118.39454084887328, 39.16349211564513], [118.3947205119301, 39.16349211564513], [118.3947205119301, 39.16367177870195], [118.39454084887328, 39.16367177870195], [118.39454084887328, 39.16439043092925], [118.39418152275962, 39.16439043092925], [118.39418152275962, 39.16457009398607], [118.39400185970281, 39.16457009398607], [118.39400185970281, 39.164929420099725], [118.39364253358916, 39.164929420099725], [118.39364253358916, 39.16528874621337], [118.39382219664598, 39.16528874621337], [118.39382219664598, 39.165109083156544], [118.39400185970281, 39.165109083156544], [118.39400185970281, 39.16582773538384], [118.39382219664598, 39.16582773538384], [118.39382219664598, 39.16600739844066], [118.39400185970281, 39.16600739844066], [118.39400185970281, 39.16618706149749], [118.39436118581645, 39.16618706149749], [118.39436118581645, 39.16600739844066], [118.39454084887328, 39.16600739844066], [118.39454084887328, 39.166366724554315], [118.39436118581645, 39.166366724554315], [118.39436118581645, 39.166546387611135], [118.39382219664598, 39.166546387611135]], [[118.39382219664598, 39.16618706149749], [118.39364253358916, 39.16618706149749], [118.39364253358916, 39.16600739844066], [118.39382219664598, 39.16600739844066], [118.39382219664598, 39.16618706149749]]]}, "properties": {"name": "cand33", "ptype": "hall", "confidence": "low", "rank": 33, "area_ha": 2.2, "rise_db": 11.9, "digitised_from": "Sentinel-1 VV rise 2022->2026, orbit 69"}}, {"type": "Feature", "geometry": {"geodesic": false, "type": "Polygon", "coordinates": [[[118.42598188381746, 39.127739167337175], [118.42598188381746, 39.12755950428035], [118.42616154687428, 39.12755950428035], [118.42616154687428, 39.12737984122352], [118.42634120993111, 39.12737984122352], [118.42634120993111, 39.1272001781667], [118.42652087298794, 39.1272001781667], [118.42652087298794, 39.12684085205306], [118.42634120993111, 39.12684085205306], [118.42634120993111, 39.127020515109876], [118.42616154687428, 39.127020515109876], [118.42616154687428, 39.12666118899623], [118.42670053604476, 39.12666118899623], [118.42670053604476, 39.126301862882585], [118.42688019910157, 39.126301862882585], [118.42688019910157, 39.12612219982576], [118.42723952521523, 39.12612219982576], [118.42723952521523, 39.125583210655286], [118.42741918827205, 39.125583210655286], [118.42741918827205, 39.12540354759846], [118.4277785143857, 39.12540354759846], [118.4277785143857, 39.125583210655286], [118.428497166613, 39.125583210655286], [118.428497166613, 39.12612219982576], [118.42795817744252, 39.12612219982576], [118.42795817744252, 39.12594253676893], [118.4277785143857, 39.12594253676893], [118.4277785143857, 39.12612219982576], [118.42759885132888, 39.12612219982576], [118.42759885132888, 39.126301862882585], [118.42741918827205, 39.126301862882585], [118.42741918827205, 39.126481525939404], [118.42723952521523, 39.126481525939404], [118.42723952521523, 39.12666118899623], [118.4270598621584, 39.12666118899623], [118.4270598621584, 39.127020515109876], [118.42688019910157, 39.127020515109876], [118.42688019910157, 39.1272001781667], [118.42670053604476, 39.1272001781667], [118.42670053604476, 39.12755950428035], [118.42652087298794, 39.12755950428035], [118.42652087298794, 39.127739167337175], [118.42598188381746, 39.127739167337175]]]}, "properties": {"name": "cand34", "ptype": "hall", "confidence": "low", "rank": 34, "area_ha": 2.1, "rise_db": 6.7, "digitised_from": "Sentinel-1 VV rise 2022->2026, orbit 69"}}, {"type": "Feature", "geometry": {"geodesic": false, "type": "Polygon", "coordinates": [[[118.4374803194542, 39.17481088822504], [118.4374803194542, 39.173912572940914], [118.43730065639737, 39.173912572940914], [118.43730065639737, 39.173732909884095], [118.4360430149996, 39.173732909884095], [118.4360430149996, 39.173912572940914], [118.43586335194277, 39.173912572940914], [118.43586335194277, 39.17355324682727], [118.43676166722689, 39.17355324682727], [118.43676166722689, 39.17319392071362], [118.43694133028372, 39.17319392071362], [118.43694133028372, 39.173014257656796], [118.43712099334054, 39.173014257656796], [118.43712099334054, 39.172834594599976], [118.43694133028372, 39.172834594599976], [118.43694133028372, 39.17265493154315], [118.43712099334054, 39.17265493154315], [118.43712099334054, 39.17247526848632], [118.43694133028372, 39.17247526848632], [118.43694133028372, 39.172295605429504], [118.43712099334054, 39.172295605429504], [118.43712099334054, 39.17193627931585], [118.43694133028372, 39.17193627931585], [118.43694133028372, 39.171576953202205], [118.43712099334054, 39.171576953202205], [118.43712099334054, 39.17193627931585], [118.43730065639737, 39.17193627931585], [118.43730065639737, 39.17211594237268], [118.4374803194542, 39.17211594237268], [118.4374803194542, 39.172295605429504], [118.43765998251101, 39.172295605429504], [118.43765998251101, 39.17247526848632], [118.43730065639737, 39.17247526848632], [118.43730065639737, 39.17265493154315], [118.4374803194542, 39.17265493154315], [118.4374803194542, 39.172834594599976], [118.43765998251101, 39.172834594599976], [118.43765998251101, 39.173014257656796], [118.43783964556783, 39.173014257656796], [118.43783964556783, 39.17319392071362], [118.43765998251101, 39.17319392071362], [118.43765998251101, 39.17337358377044], [118.43730065639737, 39.17337358377044], [118.43730065639737, 39.17355324682727], [118.43783964556783, 39.17355324682727], [118.43783964556783, 39.173912572940914], [118.43765998251101, 39.173912572940914], [118.43765998251101, 39.17481088822504], [118.4374803194542, 39.17481088822504]]]}, "properties": {"name": "cand35", "ptype": "hall", "confidence": "low", "rank": 35, "area_ha": 2.0, "rise_db": 10.6, "digitised_from": "Sentinel-1 VV rise 2022->2026, orbit 69"}}, {"type": "Feature", "geometry": {"geodesic": false, "type": "Polygon", "coordinates": [[[118.45598561430705, 39.11749837309821], [118.45598561430705, 39.11731871004139], [118.45616527736388, 39.11731871004139], [118.45616527736388, 39.116779720870916], [118.4563449404207, 39.116779720870916], [118.4563449404207, 39.11660005781409], [118.45652460347752, 39.11660005781409], [118.45652460347752, 39.116240731700444], [118.45670426653435, 39.116240731700444], [118.45670426653435, 39.11642039475727], [118.45760258181846, 39.11642039475727], [118.45760258181846, 39.11749837309821], [118.45598561430705, 39.11749837309821]], [[118.45742291876164, 39.116779720870916], [118.457063592648, 39.116779720870916], [118.457063592648, 39.11660005781409], [118.45742291876164, 39.11660005781409], [118.45742291876164, 39.116779720870916]]]}, "properties": {"name": "cand36", "ptype": "hall", "confidence": "low", "rank": 36, "area_ha": 1.8, "rise_db": 11.4, "digitised_from": "Sentinel-1 VV rise 2022->2026, orbit 69"}}, {"type": "Feature", "geometry": {"geodesic": false, "type": "Polygon", "coordinates": [[[118.43460571054501, 39.132769732928246], [118.43460571054501, 39.13259006987142], [118.43442604748819, 39.13259006987142], [118.43442604748819, 39.13241040681459], [118.43424638443136, 39.13241040681459], [118.43424638443136, 39.13223074375777], [118.43442604748819, 39.13223074375777], [118.43442604748819, 39.13205108070095], [118.43478537360183, 39.13205108070095], [118.43478537360183, 39.13187141764412], [118.43496503665865, 39.13187141764412], [118.43496503665865, 39.1316917545873], [118.43478537360183, 39.1316917545873], [118.43478537360183, 39.131512091530475], [118.43460571054501, 39.131512091530475], [118.43460571054501, 39.13133242847365], [118.43478537360183, 39.13133242847365], [118.43478537360183, 39.13115276541683], [118.43496503665865, 39.13115276541683], [118.43496503665865, 39.13133242847365], [118.43514469971548, 39.13133242847365], [118.43514469971548, 39.131512091530475], [118.4353243627723, 39.131512091530475], [118.4353243627723, 39.13115276541683], [118.43568368888594, 39.13115276541683], [118.43568368888594, 39.13133242847365], [118.43586335194277, 39.13133242847365], [118.43586335194277, 39.13187141764412], [118.43568368888594, 39.13187141764412], [118.43568368888594, 39.13205108070095], [118.43550402582913, 39.13205108070095], [118.43550402582913, 39.13223074375777], [118.4353243627723, 39.13223074375777], [118.4353243627723, 39.13259006987142], [118.43514469971548, 39.13259006987142], [118.43514469971548, 39.132769732928246], [118.43460571054501, 39.132769732928246]]]}, "properties": {"name": "cand37", "ptype": "hall", "confidence": "low", "rank": 37, "area_ha": 1.8, "rise_db": 6.1, "digitised_from": "Sentinel-1 VV rise 2022->2026, orbit 69"}}, {"type": "Feature", "geometry": {"geodesic": false, "type": "Polygon", "coordinates": [[[118.43945661307926, 39.15450896280394], [118.43945661307926, 39.153969973633465], [118.43927695002243, 39.153969973633465], [118.43927695002243, 39.15361064751981], [118.43945661307926, 39.15361064751981], [118.43945661307926, 39.15307165834935], [118.43963627613607, 39.15307165834935], [118.43963627613607, 39.15289199529252], [118.4398159391929, 39.15289199529252], [118.4398159391929, 39.15307165834935], [118.43999560224972, 39.15307165834935], [118.43999560224972, 39.15325132140617], [118.44017526530655, 39.15325132140617], [118.44017526530655, 39.15307165834935], [118.4405345914202, 39.15307165834935], [118.4405345914202, 39.15343098446299], [118.44071425447702, 39.15343098446299], [118.44071425447702, 39.15379031057664], [118.4405345914202, 39.15379031057664], [118.4405345914202, 39.153969973633465], [118.44035492836338, 39.153969973633465], [118.44035492836338, 39.154149636690285], [118.4405345914202, 39.154149636690285], [118.4405345914202, 39.15432929974711], [118.44017526530655, 39.15432929974711], [118.44017526530655, 39.153969973633465], [118.43999560224972, 39.153969973633465], [118.43999560224972, 39.154149636690285], [118.4398159391929, 39.154149636690285], [118.4398159391929, 39.15450896280394], [118.43945661307926, 39.15450896280394]]]}, "properties": {"name": "cand38", "ptype": "hall", "confidence": "low", "rank": 38, "area_ha": 1.8, "rise_db": 6.6, "digitised_from": "Sentinel-1 VV rise 2022->2026, orbit 69"}}, {"type": "Feature", "geometry": {"geodesic": false, "type": "Polygon", "coordinates": [[[118.43065312329489, 39.156485256429], [118.43065312329489, 39.156305593372174], [118.43047346023806, 39.156305593372174], [118.43047346023806, 39.15612593031535], [118.43029379718124, 39.15612593031535], [118.43029379718124, 39.15594626725853], [118.43011413412441, 39.15594626725853], [118.43011413412441, 39.1557666042017], [118.42993447106758, 39.1557666042017], [118.42993447106758, 39.15594626725853], [118.42957514495394, 39.15594626725853], [118.42957514495394, 39.15522761503123], [118.42975480801076, 39.15522761503123], [118.42975480801076, 39.15504795197441], [118.43011413412441, 39.15504795197441], [118.43011413412441, 39.155407278088056], [118.43047346023806, 39.155407278088056], [118.43047346023806, 39.15522761503123], [118.43065312329489, 39.15522761503123], [118.43065312329489, 39.15504795197441], [118.43101244940853, 39.15504795197441], [118.43101244940853, 39.155586941144875], [118.4308327863517, 39.155586941144875], [118.4308327863517, 39.15594626725853], [118.43119211246535, 39.15594626725853], [118.43119211246535, 39.15612593031535], [118.43137177552218, 39.15612593031535], [118.43137177552218, 39.156305593372174], [118.43119211246535, 39.156305593372174], [118.43119211246535, 39.156485256429], [118.43065312329489, 39.156485256429]]]}, "properties": {"name": "cand39", "ptype": "hall", "confidence": "low", "rank": 39, "area_ha": 1.8, "rise_db": 5.8, "digitised_from": "Sentinel-1 VV rise 2022->2026, orbit 69"}}, {"type": "Feature", "geometry": {"geodesic": false, "type": "Polygon", "coordinates": [[[118.43712099334054, 39.15379031057664], [118.43712099334054, 39.15361064751981], [118.43694133028372, 39.15361064751981], [118.43694133028372, 39.15343098446299], [118.43676166722689, 39.15343098446299], [118.43676166722689, 39.15325132140617], [118.43658200417008, 39.15325132140617], [118.43658200417008, 39.15307165834935], [118.43640234111325, 39.15307165834935], [118.43640234111325, 39.15325132140617], [118.43622267805642, 39.15325132140617], [118.43622267805642, 39.15307165834935], [118.4360430149996, 39.15307165834935], [118.4360430149996, 39.15289199529252], [118.43622267805642, 39.15289199529252], [118.43622267805642, 39.152532669178875], [118.43640234111325, 39.152532669178875], [118.43640234111325, 39.15235300612205], [118.43676166722689, 39.15235300612205], [118.43676166722689, 39.1519936800084], [118.43712099334054, 39.1519936800084], [118.43712099334054, 39.15235300612205], [118.43694133028372, 39.15235300612205], [118.43694133028372, 39.152532669178875], [118.43712099334054, 39.152532669178875], [118.43712099334054, 39.152712332235694], [118.4374803194542, 39.152712332235694], [118.4374803194542, 39.152532669178875], [118.43765998251101, 39.152532669178875], [118.43765998251101, 39.15289199529252], [118.4374803194542, 39.15289199529252], [118.4374803194542, 39.15307165834935], [118.43730065639737, 39.15307165834935], [118.43730065639737, 39.15325132140617], [118.4374803194542, 39.15325132140617], [118.4374803194542, 39.15379031057664], [118.43712099334054, 39.15379031057664]]]}, "properties": {"name": "cand40", "ptype": "hall", "confidence": "low", "rank": 40, "area_ha": 1.7, "rise_db": 6.9, "digitised_from": "Sentinel-1 VV rise 2022->2026, orbit 69"}}, {"type": "Feature", "geometry": {"geodesic": false, "type": "Polygon", "coordinates": [[[118.46317213658001, 39.12109163423469], [118.46317213658001, 39.12091197117787], [118.46299247352319, 39.12091197117787], [118.46299247352319, 39.12073230812104], [118.46263314740953, 39.12073230812104], [118.46263314740953, 39.120552645064215], [118.4622738212959, 39.120552645064215], [118.4622738212959, 39.120372982007396], [118.46209415823907, 39.120372982007396], [118.46209415823907, 39.12019331895057], [118.46173483212542, 39.12019331895057], [118.46173483212542, 39.12001365589374], [118.46155516906859, 39.12001365589374], [118.46155516906859, 39.119833992836924], [118.46191449518224, 39.119833992836924], [118.46191449518224, 39.12001365589374], [118.46209415823907, 39.12001365589374], [118.46209415823907, 39.12019331895057], [118.4622738212959, 39.12019331895057], [118.4622738212959, 39.11947466672327], [118.46299247352319, 39.11947466672327], [118.46299247352319, 39.1196543297801], [118.46317213658001, 39.1196543297801], [118.46317213658001, 39.119833992836924], [118.46299247352319, 39.119833992836924], [118.46299247352319, 39.12019331895057], [118.46335179963684, 39.12019331895057], [118.46335179963684, 39.12109163423469], [118.46317213658001, 39.12109163423469]]]}, "properties": {"name": "cand41", "ptype": "hall", "confidence": "low", "rank": 41, "area_ha": 1.6, "rise_db": 14.6, "digitised_from": "Sentinel-1 VV rise 2022->2026, orbit 69"}}, {"type": "Feature", "geometry": {"geodesic": false, "type": "Polygon", "coordinates": [[[118.45382965762516, 39.156485256429], [118.45382965762516, 39.15612593031535], [118.45364999456834, 39.15612593031535], [118.45364999456834, 39.15594626725853], [118.45347033151151, 39.15594626725853], [118.45347033151151, 39.1557666042017], [118.4532906684547, 39.1557666042017], [118.4532906684547, 39.155586941144875], [118.45311100539787, 39.155586941144875], [118.45311100539787, 39.15522761503123], [118.45293134234105, 39.15522761503123], [118.45293134234105, 39.15450896280394], [118.45275167928422, 39.15450896280394], [118.45275167928422, 39.154149636690285], [118.45257201622739, 39.154149636690285], [118.45257201622739, 39.15343098446299], [118.45221269011375, 39.15343098446299], [118.45221269011375, 39.15307165834935], [118.45203302705693, 39.15307165834935], [118.45203302705693, 39.15289199529252], [118.45239235317058, 39.15289199529252], [118.45239235317058, 39.15307165834935], [118.45257201622739, 39.15307165834935], [118.45257201622739, 39.15325132140617], [118.45275167928422, 39.15325132140617], [118.45275167928422, 39.15379031057664], [118.45293134234105, 39.15379031057664], [118.45293134234105, 39.154149636690285], [118.45311100539787, 39.154149636690285], [118.45311100539787, 39.15432929974711], [118.4532906684547, 39.15432929974711], [118.4532906684547, 39.154868288917584], [118.45347033151151, 39.154868288917584], [118.45347033151151, 39.155407278088056], [118.45364999456834, 39.155407278088056], [118.45364999456834, 39.155586941144875], [118.45382965762516, 39.155586941144875], [118.45382965762516, 39.1557666042017], [118.45364999456834, 39.1557666042017], [118.45364999456834, 39.15594626725853], [118.45382965762516, 39.15594626725853], [118.45382965762516, 39.15612593031535], [118.45400932068199, 39.15612593031535], [118.45400932068199, 39.156485256429], [118.45382965762516, 39.156485256429]]]}, "properties": {"name": "cand42", "ptype": "hall", "confidence": "low", "rank": 42, "area_ha": 1.6, "rise_db": 5.6, "digitised_from": "Sentinel-1 VV rise 2022->2026, orbit 69"}}, {"type": "Feature", "geometry": {"geodesic": false, "type": "Polygon", "coordinates": [[[118.39903242529388, 39.16313278953148], [118.39903242529388, 39.162054811190536], [118.39885276223706, 39.162054811190536], [118.39885276223706, 39.16187514813372], [118.39903242529388, 39.16187514813372], [118.39903242529388, 39.161515822020064], [118.39885276223706, 39.161515822020064], [118.39885276223706, 39.161336158963245], [118.39903242529388, 39.161336158963245], [118.39903242529388, 39.1609768328496], [118.3992120883507, 39.1609768328496], [118.3992120883507, 39.16079716979277], [118.39957141446435, 39.16079716979277], [118.39957141446435, 39.1609768328496], [118.39975107752117, 39.1609768328496], [118.39975107752117, 39.16115649590642], [118.40011040363481, 39.16115649590642], [118.40011040363481, 39.161336158963245], [118.40029006669164, 39.161336158963245], [118.40029006669164, 39.161515822020064], [118.39939175140752, 39.161515822020064], [118.39939175140752, 39.16169548507689], [118.39957141446435, 39.16169548507689], [118.39957141446435, 39.16187514813372], [118.39939175140752, 39.16187514813372], [118.39939175140752, 39.16223447424736], [118.39957141446435, 39.16223447424736], [118.39957141446435, 39.16241413730419], [118.39939175140752, 39.16241413730419], [118.39939175140752, 39.162773463417835], [118.3992120883507, 39.162773463417835], [118.3992120883507, 39.16295312647466], [118.39939175140752, 39.16295312647466], [118.39939175140752, 39.16313278953148], [118.39903242529388, 39.16313278953148]]]}, "properties": {"name": "cand43", "ptype": "hall", "confidence": "low", "rank": 43, "area_ha": 1.6, "rise_db": 9.0, "digitised_from": "Sentinel-1 VV rise 2022->2026, orbit 69"}}, {"type": "Feature", "geometry": {"geodesic": false, "type": "Polygon", "coordinates": [[[118.43047346023806, 39.159539528395], [118.43047346023806, 39.159180202281355], [118.43011413412441, 39.159180202281355], [118.43011413412441, 39.15828188699724], [118.42993447106758, 39.15828188699724], [118.42993447106758, 39.15810222394041], [118.42975480801076, 39.15810222394041], [118.42975480801076, 39.15792256088359], [118.43047346023806, 39.15792256088359], [118.43047346023806, 39.15756323476994], [118.43065312329489, 39.15756323476994], [118.43065312329489, 39.15738357171312], [118.4308327863517, 39.15738357171312], [118.4308327863517, 39.15756323476994], [118.43101244940853, 39.15756323476994], [118.43101244940853, 39.157742897826765], [118.4308327863517, 39.157742897826765], [118.4308327863517, 39.15828188699724], [118.43065312329489, 39.15828188699724], [118.43065312329489, 39.15864121311088], [118.4308327863517, 39.15864121311088], [118.4308327863517, 39.159539528395], [118.43047346023806, 39.159539528395]]]}, "properties": {"name": "cand44", "ptype": "hall", "confidence": "low", "rank": 44, "area_ha": 1.6, "rise_db": 6.1, "digitised_from": "Sentinel-1 VV rise 2022->2026, orbit 69"}}, {"type": "Feature", "geometry": {"geodesic": false, "type": "Polygon", "coordinates": [[[118.40280534948718, 39.169241333463496], [118.40280534948718, 39.16906167040667], [118.40262568643035, 39.16906167040667], [118.40262568643035, 39.16888200734985], [118.40280534948718, 39.16888200734985], [118.40280534948718, 39.168702344293024], [118.40262568643035, 39.168702344293024], [118.40262568643035, 39.167804029008906], [118.40280534948718, 39.167804029008906], [118.40280534948718, 39.16744470289525], [118.40262568643035, 39.16744470289525], [118.40262568643035, 39.16726503983843], [118.40280534948718, 39.16726503983843], [118.40280534948718, 39.16708537678161], [118.40316467560082, 39.16708537678161], [118.40316467560082, 39.167804029008906], [118.40352400171447, 39.167804029008906], [118.40352400171447, 39.167983692065725], [118.40388332782813, 39.167983692065725], [118.40388332782813, 39.16816335512255], [118.40352400171447, 39.16816335512255], [118.40352400171447, 39.1685226812362], [118.40316467560082, 39.1685226812362], [118.40316467560082, 39.168702344293024], [118.40298501254401, 39.168702344293024], [118.40298501254401, 39.169241333463496], [118.40280534948718, 39.169241333463496]]]}, "properties": {"name": "cand45", "ptype": "hall", "confidence": "low", "rank": 45, "area_ha": 1.5, "rise_db": 10.4, "digitised_from": "Sentinel-1 VV rise 2022->2026, orbit 69"}}, {"type": "Feature", "geometry": {"geodesic": false, "type": "Polygon", "coordinates": [[[118.41879536154451, 39.1760685296228], [118.41879536154451, 39.17588886656598], [118.41843603543086, 39.17588886656598], [118.41843603543086, 39.17570920350916], [118.41861569848768, 39.17570920350916], [118.41861569848768, 39.17552954045233], [118.41825637237403, 39.17552954045233], [118.41825637237403, 39.17588886656598], [118.41789704626038, 39.17588886656598], [118.41789704626038, 39.17570920350916], [118.41771738320357, 39.17570920350916], [118.41771738320357, 39.17552954045233], [118.41789704626038, 39.17552954045233], [118.41789704626038, 39.175170214338685], [118.41771738320357, 39.175170214338685], [118.41771738320357, 39.17499055128186], [118.41789704626038, 39.17499055128186], [118.41789704626038, 39.174451562111386], [118.41825637237403, 39.174451562111386], [118.41825637237403, 39.17481088822504], [118.41861569848768, 39.17481088822504], [118.41861569848768, 39.175170214338685], [118.41879536154451, 39.175170214338685], [118.41879536154451, 39.17552954045233], [118.41897502460132, 39.17552954045233], [118.41897502460132, 39.175349877395504], [118.41933435071498, 39.175349877395504], [118.41933435071498, 39.17588886656598], [118.41915468765815, 39.17588886656598], [118.41915468765815, 39.1760685296228], [118.41879536154451, 39.1760685296228]], [[118.41825637237403, 39.175349877395504], [118.4180767093172, 39.175349877395504], [118.4180767093172, 39.17481088822504], [118.41825637237403, 39.17481088822504], [118.41825637237403, 39.175349877395504]]]}, "properties": {"name": "cand46", "ptype": "hall", "confidence": "low", "rank": 46, "area_ha": 1.5, "rise_db": 6.5, "digitised_from": "Sentinel-1 VV rise 2022->2026, orbit 69"}}, {"type": "Feature", "geometry": {"geodesic": false, "type": "Polygon", "coordinates": [[[118.43173110163582, 39.14498682079227], [118.43173110163582, 39.14480715773544], [118.43137177552218, 39.14480715773544], [118.43137177552218, 39.14462749467862], [118.43119211246535, 39.14462749467862], [118.43119211246535, 39.14426816856497], [118.43137177552218, 39.14426816856497], [118.43137177552218, 39.14408850550815], [118.431551438579, 39.14408850550815], [118.431551438579, 39.143908842451324], [118.43173110163582, 39.143908842451324], [118.43173110163582, 39.1437291793945], [118.43209042774947, 39.1437291793945], [118.43209042774947, 39.143908842451324], [118.4322700908063, 39.143908842451324], [118.4322700908063, 39.14408850550815], [118.43262941691995, 39.14408850550815], [118.43262941691995, 39.14426816856497], [118.43280907997676, 39.14426816856497], [118.43280907997676, 39.1444478316218], [118.43262941691995, 39.1444478316218], [118.43262941691995, 39.14462749467862], [118.4322700908063, 39.14462749467862], [118.4322700908063, 39.14480715773544], [118.43209042774947, 39.14480715773544], [118.43209042774947, 39.14498682079227], [118.43173110163582, 39.14498682079227]]]}, "properties": {"name": "cand47", "ptype": "hall", "confidence": "low", "rank": 47, "area_ha": 1.5, "rise_db": 8.1, "digitised_from": "Sentinel-1 VV rise 2022->2026, orbit 69"}}, {"type": "Feature", "geometry": {"geodesic": false, "type": "Polygon", "coordinates": [[[118.40352400171447, 39.16079716979277], [118.40352400171447, 39.160617506735946], [118.40334433865765, 39.160617506735946], [118.40334433865765, 39.1602581806223], [118.40316467560082, 39.1602581806223], [118.40316467560082, 39.16007851756547], [118.40280534948718, 39.16007851756547], [118.40280534948718, 39.159898854508654], [118.40298501254401, 39.159898854508654], [118.40298501254401, 39.159539528395], [118.40334433865765, 39.159539528395], [118.40334433865765, 39.159180202281355], [118.4037036647713, 39.159180202281355], [118.4037036647713, 39.159000539224536], [118.40388332782813, 39.159000539224536], [118.40388332782813, 39.159180202281355], [118.40424265394176, 39.159180202281355], [118.40424265394176, 39.159539528395], [118.40388332782813, 39.159539528395], [118.40388332782813, 39.15971919145183], [118.4037036647713, 39.15971919145183], [118.4037036647713, 39.16007851756547], [118.40352400171447, 39.16007851756547], [118.40352400171447, 39.1602581806223], [118.40388332782813, 39.1602581806223], [118.40388332782813, 39.16043784367913], [118.40406299088494, 39.16043784367913], [118.40406299088494, 39.16079716979277], [118.40352400171447, 39.16079716979277]]]}, "properties": {"name": "cand48", "ptype": "hall", "confidence": "low", "rank": 48, "area_ha": 1.5, "rise_db": 7.2, "digitised_from": "Sentinel-1 VV rise 2022->2026, orbit 69"}}, {"type": "Feature", "geometry": {"geodesic": false, "type": "Polygon", "coordinates": [[[118.41106985010107, 39.14336985328085], [118.41106985010107, 39.143190190224026], [118.4112495131579, 39.143190190224026], [118.4112495131579, 39.14283086411038], [118.41160883927155, 39.14283086411038], [118.41160883927155, 39.14229187493991], [118.41142917621472, 39.14229187493991], [118.41142917621472, 39.14211221188309], [118.41160883927155, 39.14211221188309], [118.41160883927155, 39.14193254882626], [118.41178850232838, 39.14193254882626], [118.41178850232838, 39.141752885769435], [118.41196816538519, 39.141752885769435], [118.41196816538519, 39.14139355965579], [118.41214782844202, 39.14139355965579], [118.41214782844202, 39.14121389659896], [118.41250715455567, 39.14121389659896], [118.41250715455567, 39.141573222712616], [118.41232749149884, 39.141573222712616], [118.41232749149884, 39.14229187493991], [118.41214782844202, 39.14229187493991], [118.41214782844202, 39.14265120105356], [118.41196816538519, 39.14265120105356], [118.41196816538519, 39.143010527167206], [118.41178850232838, 39.143010527167206], [118.41178850232838, 39.143190190224026], [118.41142917621472, 39.143190190224026], [118.41142917621472, 39.14336985328085], [118.41106985010107, 39.14336985328085]]]}, "properties": {"name": "cand49", "ptype": "hall", "confidence": "low", "rank": 49, "area_ha": 1.4, "rise_db": 6.0, "digitised_from": "Sentinel-1 VV rise 2022->2026, orbit 69"}}, {"type": "Feature", "geometry": {"geodesic": false, "type": "Polygon", "coordinates": [[[118.43137177552218, 39.157742897826765], [118.43137177552218, 39.15756323476994], [118.43119211246535, 39.15756323476994], [118.43119211246535, 39.15738357171312], [118.43137177552218, 39.15738357171312], [118.43137177552218, 39.15720390865629], [118.43191076469265, 39.15720390865629], [118.43191076469265, 39.15702424559947], [118.4322700908063, 39.15702424559947], [118.4322700908063, 39.15720390865629], [118.43316840609042, 39.15720390865629], [118.43316840609042, 39.15738357171312], [118.43334806914724, 39.15738357171312], [118.43334806914724, 39.15756323476994], [118.43316840609042, 39.15756323476994], [118.43316840609042, 39.157742897826765], [118.43137177552218, 39.157742897826765]]]}, "properties": {"name": "cand50", "ptype": "hall", "confidence": "low", "rank": 50, "area_ha": 1.4, "rise_db": 6.6, "digitised_from": "Sentinel-1 VV rise 2022->2026, orbit 69"}}, {"type": "Feature", "geometry": {"geodesic": false, "type": "Polygon", "coordinates": [[[118.41142917621472, 39.13348838515554], [118.41142917621472, 39.13330872209871], [118.41106985010107, 39.13330872209871], [118.41106985010107, 39.13348838515554], [118.41089018704426, 39.13348838515554], [118.41089018704426, 39.13312905904189], [118.41106985010107, 39.13312905904189], [118.41106985010107, 39.132949395985065], [118.41142917621472, 39.132949395985065], [118.41142917621472, 39.132769732928246], [118.41160883927155, 39.132769732928246], [118.41160883927155, 39.13259006987142], [118.41142917621472, 39.13259006987142], [118.41142917621472, 39.13241040681459], [118.41196816538519, 39.13241040681459], [118.41196816538519, 39.13223074375777], [118.41232749149884, 39.13223074375777], [118.41232749149884, 39.132769732928246], [118.41214782844202, 39.132769732928246], [118.41214782844202, 39.13330872209871], [118.41196816538519, 39.13330872209871], [118.41196816538519, 39.13348838515554], [118.41142917621472, 39.13348838515554]]]}, "properties": {"name": "cand51", "ptype": "hall", "confidence": "low", "rank": 51, "area_ha": 1.3, "rise_db": 15.6, "digitised_from": "Sentinel-1 VV rise 2022->2026, orbit 69"}}, {"type": "Feature", "geometry": {"geodesic": false, "type": "Polygon", "coordinates": [[[118.43011413412441, 39.13133242847365], [118.43011413412441, 39.13115276541683], [118.42993447106758, 39.13115276541683], [118.42993447106758, 39.13097310236], [118.42975480801076, 39.13097310236], [118.42975480801076, 39.130613776246356], [118.42993447106758, 39.130613776246356], [118.42993447106758, 39.13043411318953], [118.43011413412441, 39.13043411318953], [118.43011413412441, 39.13025445013271], [118.43047346023806, 39.13025445013271], [118.43047346023806, 39.130074787075884], [118.43029379718124, 39.130074787075884], [118.43029379718124, 39.12989512401906], [118.43047346023806, 39.12989512401906], [118.43047346023806, 39.12971546096224], [118.43101244940853, 39.12971546096224], [118.43101244940853, 39.13025445013271], [118.43065312329489, 39.13025445013271], [118.43065312329489, 39.13043411318953], [118.43047346023806, 39.13043411318953], [118.43047346023806, 39.13079343930318], [118.43065312329489, 39.13079343930318], [118.43065312329489, 39.13115276541683], [118.43047346023806, 39.13115276541683], [118.43047346023806, 39.13133242847365], [118.43011413412441, 39.13133242847365]]]}, "properties": {"name": "cand52", "ptype": "hall", "confidence": "low", "rank": 52, "area_ha": 1.2, "rise_db": 5.3, "digitised_from": "Sentinel-1 VV rise 2022->2026, orbit 69"}}, {"type": "Feature", "geometry": {"geodesic": false, "type": "Polygon", "coordinates": [[[118.41214782844202, 39.16079716979277], [118.41214782844202, 39.159180202281355], [118.41232749149884, 39.159180202281355], [118.41232749149884, 39.15882087616771], [118.41250715455567, 39.15882087616771], [118.41250715455567, 39.15864121311088], [118.4126868176125, 39.15864121311088], [118.4126868176125, 39.158461550054064], [118.41322580678296, 39.158461550054064], [118.41322580678296, 39.15882087616771], [118.41286648066932, 39.15882087616771], [118.41286648066932, 39.159000539224536], [118.4126868176125, 39.159000539224536], [118.4126868176125, 39.159539528395], [118.41250715455567, 39.159539528395], [118.41250715455567, 39.160617506735946], [118.41232749149884, 39.160617506735946], [118.41232749149884, 39.16079716979277], [118.41214782844202, 39.16079716979277]]]}, "properties": {"name": "cand53", "ptype": "hall", "confidence": "low", "rank": 53, "area_ha": 1.2, "rise_db": 7.3, "digitised_from": "Sentinel-1 VV rise 2022->2026, orbit 69"}}, {"type": "Feature", "geometry": {"geodesic": false, "type": "Polygon", "coordinates": [[[118.43730065639737, 39.13851895074661], [118.43730065639737, 39.13726130934884], [118.4374803194542, 39.13726130934884], [118.4374803194542, 39.13744097240566], [118.43783964556783, 39.13744097240566], [118.43783964556783, 39.13726130934884], [118.43873796085195, 39.13726130934884], [118.43873796085195, 39.13744097240566], [118.43891762390878, 39.13744097240566], [118.43891762390878, 39.13780029851931], [118.43873796085195, 39.13780029851931], [118.43873796085195, 39.13762063546249], [118.43855829779514, 39.13762063546249], [118.43855829779514, 39.13744097240566], [118.43819897168149, 39.13744097240566], [118.43819897168149, 39.13780029851931], [118.43801930862466, 39.13780029851931], [118.43801930862466, 39.137979961576136], [118.43783964556783, 39.137979961576136], [118.43783964556783, 39.13815962463296], [118.43765998251101, 39.13815962463296], [118.43765998251101, 39.13851895074661], [118.43730065639737, 39.13851895074661]]]}, "properties": {"name": "cand54", "ptype": "hall", "confidence": "low", "rank": 54, "area_ha": 1.2, "rise_db": 5.4, "digitised_from": "Sentinel-1 VV rise 2022->2026, orbit 69"}}, {"type": "Feature", "geometry": {"geodesic": false, "type": "Polygon", "coordinates": [[[118.3895102832822, 39.1798414538161], [118.3895102832822, 39.178943138531984], [118.38933062022538, 39.178943138531984], [118.38933062022538, 39.178763475475165], [118.3895102832822, 39.178763475475165], [118.3895102832822, 39.17858381241834], [118.39040859856632, 39.17858381241834], [118.39040859856632, 39.17930246464564], [118.3902289355095, 39.17930246464564], [118.3902289355095, 39.17948212770246], [118.39004927245269, 39.17948212770246], [118.39004927245269, 39.17966179075928], [118.38986960939586, 39.17966179075928], [118.38986960939586, 39.1798414538161], [118.3895102832822, 39.1798414538161]]]}, "properties": {"name": "cand55", "ptype": "hall", "confidence": "low", "rank": 55, "area_ha": 1.2, "rise_db": 9.2, "digitised_from": "Sentinel-1 VV rise 2022->2026, orbit 69"}}, {"type": "Feature", "geometry": {"geodesic": false, "type": "Polygon", "coordinates": [[[118.45652460347752, 39.152532669178875], [118.45652460347752, 39.15217334306522], [118.4563449404207, 39.15217334306522], [118.4563449404207, 39.15163435389475], [118.45616527736388, 39.15163435389475], [118.45616527736388, 39.151275027781104], [118.45598561430705, 39.151275027781104], [118.45598561430705, 39.151095364724284], [118.4563449404207, 39.151095364724284], [118.4563449404207, 39.151275027781104], [118.45652460347752, 39.151275027781104], [118.45652460347752, 39.15163435389475], [118.45670426653435, 39.15163435389475], [118.45670426653435, 39.151814016951576], [118.45688392959117, 39.151814016951576], [118.45688392959117, 39.15217334306522], [118.457063592648, 39.15217334306522], [118.457063592648, 39.151814016951576], [118.45760258181846, 39.151814016951576], [118.45760258181846, 39.1519936800084], [118.45778224487529, 39.1519936800084], [118.45778224487529, 39.15217334306522], [118.45724325570482, 39.15217334306522], [118.45724325570482, 39.15235300612205], [118.457063592648, 39.15235300612205], [118.457063592648, 39.152532669178875], [118.45652460347752, 39.152532669178875]]]}, "properties": {"name": "cand56", "ptype": "hall", "confidence": "low", "rank": 56, "area_ha": 1.1, "rise_db": 5.9, "digitised_from": "Sentinel-1 VV rise 2022->2026, orbit 69"}}, {"type": "Feature", "geometry": {"geodesic": false, "type": "Polygon", "coordinates": [[[118.4622738212959, 39.15935986533818], [118.4622738212959, 39.159180202281355], [118.46245348435271, 39.159180202281355], [118.46245348435271, 39.15864121311088], [118.4622738212959, 39.15864121311088], [118.4622738212959, 39.158461550054064], [118.46155516906859, 39.158461550054064], [118.46155516906859, 39.15864121311088], [118.46137550601176, 39.15864121311088], [118.46137550601176, 39.158461550054064], [118.46155516906859, 39.158461550054064], [118.46155516906859, 39.15828188699724], [118.46173483212542, 39.15828188699724], [118.46173483212542, 39.15810222394041], [118.4622738212959, 39.15810222394041], [118.4622738212959, 39.15828188699724], [118.46245348435271, 39.15828188699724], [118.46245348435271, 39.158461550054064], [118.46335179963684, 39.158461550054064], [118.46335179963684, 39.159000539224536], [118.46281281046636, 39.159000539224536], [118.46281281046636, 39.159180202281355], [118.46245348435271, 39.159180202281355], [118.46245348435271, 39.15935986533818], [118.4622738212959, 39.15935986533818]]]}, "properties": {"name": "cand57", "ptype": "hall", "confidence": "low", "rank": 57, "area_ha": 1.1, "rise_db": 10.1, "digitised_from": "Sentinel-1 VV rise 2022->2026, orbit 69"}}, {"type": "Feature", "geometry": {"geodesic": false, "type": "Polygon", "coordinates": [[[118.42688019910157, 39.165109083156544], [118.42688019910157, 39.164929420099725], [118.42670053604476, 39.164929420099725], [118.42670053604476, 39.1647497570429], [118.42688019910157, 39.1647497570429], [118.42688019910157, 39.16457009398607], [118.42723952521523, 39.16457009398607], [118.42723952521523, 39.1640311048156], [118.42741918827205, 39.1640311048156], [118.42741918827205, 39.16385144175878], [118.42795817744252, 39.16385144175878], [118.42795817744252, 39.16457009398607], [118.4277785143857, 39.16457009398607], [118.4277785143857, 39.164929420099725], [118.42759885132888, 39.164929420099725], [118.42759885132888, 39.165109083156544], [118.42688019910157, 39.165109083156544]], [[118.42759885132888, 39.1647497570429], [118.42723952521523, 39.1647497570429], [118.42723952521523, 39.16457009398607], [118.42759885132888, 39.16457009398607], [118.42759885132888, 39.1647497570429]]]}, "properties": {"name": "cand58", "ptype": "hall", "confidence": "low", "rank": 58, "area_ha": 1.1, "rise_db": 4.7, "digitised_from": "Sentinel-1 VV rise 2022->2026, orbit 69"}}, {"type": "Feature", "geometry": {"geodesic": false, "type": "Polygon", "coordinates": [[[118.43873796085195, 39.16888200734985], [118.43873796085195, 39.168702344293024], [118.43837863473831, 39.168702344293024], [118.43837863473831, 39.1685226812362], [118.43801930862466, 39.1685226812362], [118.43801930862466, 39.16744470289525], [118.43855829779514, 39.16744470289525], [118.43855829779514, 39.167804029008906], [118.43873796085195, 39.167804029008906], [118.43873796085195, 39.16834301817938], [118.43891762390878, 39.16834301817938], [118.43891762390878, 39.16888200734985], [118.43873796085195, 39.16888200734985]]]}, "properties": {"name": "cand59", "ptype": "hall", "confidence": "low", "rank": 59, "area_ha": 1.1, "rise_db": 8.0, "digitised_from": "Sentinel-1 VV rise 2022->2026, orbit 69"}}, {"type": "Feature", "geometry": {"geodesic": false, "type": "Polygon", "coordinates": [[[118.4360430149996, 39.13780029851931], [118.4360430149996, 39.13744097240566], [118.43586335194277, 39.13744097240566], [118.43586335194277, 39.13690198323519], [118.4360430149996, 39.13690198323519], [118.4360430149996, 39.13672232017837], [118.43676166722689, 39.13672232017837], [118.43676166722689, 39.13690198323519], [118.43694133028372, 39.13690198323519], [118.43694133028372, 39.13762063546249], [118.43676166722689, 39.13762063546249], [118.43676166722689, 39.13744097240566], [118.43640234111325, 39.13744097240566], [118.43640234111325, 39.13780029851931], [118.4360430149996, 39.13780029851931]], [[118.43676166722689, 39.13726130934884], [118.43658200417008, 39.13726130934884], [118.43658200417008, 39.13708164629202], [118.43676166722689, 39.13708164629202], [118.43676166722689, 39.13726130934884]]]}, "properties": {"name": "cand60", "ptype": "hall", "confidence": "low", "rank": 60, "area_ha": 1.0, "rise_db": 5.0, "digitised_from": "Sentinel-1 VV rise 2022->2026, orbit 69"}}, {"type": "Feature", "geometry": {"geodesic": false, "type": "Polygon", "coordinates": [[[118.43316840609042, 39.1557666042017], [118.43316840609042, 39.155586941144875], [118.43298874303359, 39.155586941144875], [118.43298874303359, 39.15522761503123], [118.43316840609042, 39.15522761503123], [118.43316840609042, 39.15504795197441], [118.43334806914724, 39.15504795197441], [118.43334806914724, 39.15468862586076], [118.43316840609042, 39.15468862586076], [118.43316840609042, 39.15450896280394], [118.43298874303359, 39.15450896280394], [118.43298874303359, 39.15432929974711], [118.43316840609042, 39.15432929974711], [118.43316840609042, 39.154149636690285], [118.43352773220407, 39.154149636690285], [118.43352773220407, 39.15432929974711], [118.43370739526088, 39.15432929974711], [118.43370739526088, 39.155586941144875], [118.43352773220407, 39.155586941144875], [118.43352773220407, 39.1557666042017], [118.43316840609042, 39.1557666042017]]]}, "properties": {"name": "cand61", "ptype": "hall", "confidence": "low", "rank": 61, "area_ha": 1.0, "rise_db": 5.8, "digitised_from": "Sentinel-1 VV rise 2022->2026, orbit 69"}}, {"type": "Feature", "geometry": {"geodesic": false, "type": "Polygon", "coordinates": [[[118.4202326659991, 39.17193627931585], [118.4202326659991, 39.17175661625903], [118.42005300294227, 39.17175661625903], [118.42005300294227, 39.17121762708856], [118.41987333988544, 39.17121762708856], [118.41987333988544, 39.17103796403173], [118.42005300294227, 39.17103796403173], [118.42005300294227, 39.17031931180444], [118.42077165516957, 39.17031931180444], [118.42077165516957, 39.17049897486126], [118.42059199211275, 39.17049897486126], [118.42059199211275, 39.17067863791809], [118.42041232905592, 39.17067863791809], [118.42041232905592, 39.17085830097491], [118.4202326659991, 39.17085830097491], [118.4202326659991, 39.17103796403173], [118.42041232905592, 39.17103796403173], [118.42041232905592, 39.17121762708856], [118.42059199211275, 39.17121762708856], [118.42059199211275, 39.171576953202205], [118.42077165516957, 39.171576953202205], [118.42077165516957, 39.17193627931585], [118.4202326659991, 39.17193627931585]]]}, "properties": {"name": "cand62", "ptype": "hall", "confidence": "low", "rank": 62, "area_ha": 1.0, "rise_db": 6.9, "digitised_from": "Sentinel-1 VV rise 2022->2026, orbit 69"}}]}