{"type": "FeatureCollection", "features": [{"type": "Feature", "geometry": {"geodesic": false, "type": "Polygon", "coordinates": [[[116.12683374564196, 39.00880222371975], [116.12683374564196, 39.00790390843563], [116.12701340869879, 39.00790390843563], [116.12701340869879, 39.00700559315151], [116.12737273481243, 39.00700559315151], [116.12737273481243, 39.006825930094685], [116.12701340869879, 39.006825930094685], [116.12701340869879, 39.00664626703786], [116.12683374564196, 39.00664626703786], [116.12683374564196, 39.00646660398104], [116.1271930717556, 39.00646660398104], [116.1271930717556, 39.00556828869692], [116.12665408258513, 39.00556828869692], [116.12665408258513, 39.00574795175374], [116.12611509341467, 39.00574795175374], [116.12611509341467, 39.00610727786739], [116.12593543035784, 39.00610727786739], [116.12593543035784, 39.006825930094685], [116.12575576730102, 39.006825930094685], [116.12575576730102, 39.00664626703786], [116.12503711507372, 39.00664626703786], [116.12503711507372, 39.00646660398104], [116.12467778896007, 39.00646660398104], [116.12467778896007, 39.00592761481057], [116.1248574520169, 39.00592761481057], [116.1248574520169, 39.00574795175374], [116.12539644118736, 39.00574795175374], [116.12539644118736, 39.00556828869692], [116.12503711507372, 39.00556828869692], [116.12503711507372, 39.005388625640094], [116.1248574520169, 39.005388625640094], [116.1248574520169, 39.00520896258327], [116.12503711507372, 39.00520896258327], [116.12503711507372, 39.00502929952645], [116.12521677813054, 39.00502929952645], [116.12521677813054, 39.00520896258327], [116.12557610424419, 39.00520896258327], [116.12557610424419, 39.00502929952645], [116.12539644118736, 39.00502929952645], [116.12539644118736, 39.004490310355976], [116.12521677813054, 39.004490310355976], [116.12521677813054, 39.004669973412796], [116.12503711507372, 39.004669973412796], [116.12503711507372, 39.00484963646962], [116.12449812590324, 39.00484963646962], [116.12449812590324, 39.00502929952645], [116.12395913673278, 39.00502929952645], [116.12395913673278, 39.00520896258327], [116.12449812590324, 39.00520896258327], [116.12449812590324, 39.00556828869692], [116.12324048450547, 39.00556828869692], [116.12324048450547, 39.005388625640094], [116.1234201475623, 39.005388625640094], [116.1234201475623, 39.00520896258327], [116.12324048450547, 39.00520896258327], [116.12324048450547, 39.004490310355976], [116.12306082144866, 39.004490310355976], [116.12306082144866, 39.00431064729915], [116.12324048450547, 39.00431064729915], [116.12324048450547, 39.00377165812868], [116.12306082144866, 39.00377165812868], [116.12306082144866, 39.00359199507186], [116.12324048450547, 39.00359199507186], [116.12324048450547, 39.00341233201503], [116.12359981061913, 39.00341233201503], [116.12359981061913, 39.003232668958205], [116.12431846284642, 39.003232668958205], [116.12431846284642, 39.00287334284456], [116.1241387997896, 39.00287334284456], [116.1241387997896, 39.00269367978773], [116.12395913673278, 39.00269367978773], [116.12395913673278, 39.00251401673091], [116.12377947367595, 39.00251401673091], [116.12377947367595, 39.00233435367409], [116.12395913673278, 39.00233435367409], [116.12395913673278, 39.001615701446795], [116.12431846284642, 39.001615701446795], [116.12431846284642, 39.00125637533314], [116.12449812590324, 39.00125637533314], [116.12449812590324, 39.00107671227632], [116.12467778896007, 39.00107671227632], [116.12467778896007, 39.00125637533314], [116.12575576730102, 39.00125637533314], [116.12575576730102, 39.00143603838997], [116.12593543035784, 39.00143603838997], [116.12593543035784, 39.00125637533314], [116.12701340869879, 39.00125637533314], [116.12701340869879, 39.000358060049024], [116.12737273481243, 39.000358060049024], [116.12737273481243, 39.00053772310585], [116.12755239786925, 39.00053772310585], [116.12755239786925, 39.001795364503614], [116.12773206092608, 39.001795364503614], [116.12773206092608, 39.00197502756044], [116.1279117239829, 39.00197502756044], [116.1279117239829, 39.001795364503614], [116.12827105009654, 39.001795364503614], [116.12827105009654, 39.001615701446795], [116.12881003926702, 39.001615701446795], [116.12881003926702, 39.001795364503614], [116.12934902843749, 39.001795364503614], [116.12934902843749, 39.00197502756044], [116.12970835455114, 39.00197502756044], [116.12970835455114, 39.00233435367409], [116.12952869149431, 39.00233435367409], [116.12952869149431, 39.00251401673091], [116.12916936538066, 39.00251401673091], [116.12916936538066, 39.00269367978773], [116.12934902843749, 39.00269367978773], [116.12934902843749, 39.003053005901386], [116.12952869149431, 39.003053005901386], [116.12952869149431, 39.003232668958205], [116.12934902843749, 39.003232668958205], [116.12934902843749, 39.00359199507186], [116.12898970232385, 39.00359199507186], [116.12898970232385, 39.003053005901386], [116.12916936538066, 39.003053005901386], [116.12916936538066, 39.00269367978773], [116.12898970232385, 39.00269367978773], [116.12898970232385, 39.00287334284456], [116.1286303762102, 39.00287334284456], [116.1286303762102, 39.003053005901386], [116.12881003926702, 39.003053005901386], [116.12881003926702, 39.003232668958205], [116.12845071315337, 39.003232668958205], [116.12845071315337, 39.00359199507186], [116.1279117239829, 39.00359199507186], [116.1279117239829, 39.003232668958205], [116.12809138703973, 39.003232668958205], [116.12809138703973, 39.00287334284456], [116.1279117239829, 39.00287334284456], [116.1279117239829, 39.00251401673091], [116.12827105009654, 39.00251401673091], [116.12827105009654, 39.00233435367409], [116.1279117239829, 39.00233435367409], [116.1279117239829, 39.00215469061727], [116.12773206092608, 39.00215469061727], [116.12773206092608, 39.00233435367409], [116.12755239786925, 39.00233435367409], [116.12755239786925, 39.00269367978773], [116.12701340869879, 39.00269367978773], [116.12701340869879, 39.00251401673091], [116.12683374564196, 39.00251401673091], [116.12683374564196, 39.00269367978773], [116.12647441952831, 39.00269367978773], [116.12647441952831, 39.00287334284456], [116.12629475647148, 39.00287334284456], [116.12629475647148, 39.00269367978773], [116.12611509341467, 39.00269367978773], [116.12611509341467, 39.003053005901386], [116.12593543035784, 39.003053005901386], [116.12593543035784, 39.003232668958205], [116.12575576730102, 39.003232668958205], [116.12575576730102, 39.00359199507186], [116.12593543035784, 39.00359199507186], [116.12593543035784, 39.00341233201503], [116.12629475647148, 39.00341233201503], [116.12629475647148, 39.00359199507186], [116.12647441952831, 39.00359199507186], [116.12647441952831, 39.003951321185504], [116.12683374564196, 39.003951321185504], [116.12683374564196, 39.00431064729915], [116.12665408258513, 39.00431064729915], [116.12665408258513, 39.004669973412796], [116.12683374564196, 39.004669973412796], [116.12683374564196, 39.00484963646962], [116.12701340869879, 39.00484963646962], [116.12701340869879, 39.004669973412796], [116.1271930717556, 39.004669973412796], [116.1271930717556, 39.00431064729915], [116.12737273481243, 39.00431064729915], [116.12737273481243, 39.00413098424233], [116.12701340869879, 39.00413098424233], [116.12701340869879, 39.00341233201503], [116.1271930717556, 39.00341233201503], [116.1271930717556, 39.003232668958205], [116.12737273481243, 39.003232668958205], [116.12737273481243, 39.003053005901386], [116.12755239786925, 39.003053005901386], [116.12755239786925, 39.00377165812868], [116.12773206092608, 39.00377165812868], [116.12773206092608, 39.003951321185504], [116.12809138703973, 39.003951321185504], [116.12809138703973, 39.00413098424233], [116.12827105009654, 39.00413098424233], [116.12827105009654, 39.003951321185504], [116.12845071315337, 39.003951321185504], [116.12845071315337, 39.00377165812868], [116.1286303762102, 39.00377165812868], [116.1286303762102, 39.003951321185504], [116.12881003926702, 39.003951321185504], [116.12881003926702, 39.00431064729915], [116.12845071315337, 39.00431064729915], [116.12845071315337, 39.00413098424233], [116.12827105009654, 39.00413098424233], [116.12827105009654, 39.00574795175374], [116.12881003926702, 39.00574795175374], [116.12881003926702, 39.00592761481057], [116.12898970232385, 39.00592761481057], [116.12898970232385, 39.00574795175374], [116.12916936538066, 39.00574795175374], [116.12916936538066, 39.00556828869692], [116.12898970232385, 39.00556828869692], [116.12898970232385, 39.00484963646962], [116.12916936538066, 39.00484963646962], [116.12916936538066, 39.004490310355976], [116.12934902843749, 39.004490310355976], [116.12934902843749, 39.00413098424233], [116.12916936538066, 39.00413098424233], [116.12916936538066, 39.00377165812868], [116.12952869149431, 39.00377165812868], [116.12952869149431, 39.00413098424233], [116.12970835455114, 39.00413098424233], [116.12970835455114, 39.00431064729915], [116.1300676806648, 39.00431064729915], [116.1300676806648, 39.004669973412796], [116.12952869149431, 39.004669973412796], [116.12952869149431, 39.00484963646962], [116.12970835455114, 39.00484963646962], [116.12970835455114, 39.00556828869692], [116.12988801760797, 39.00556828869692], [116.12988801760797, 39.00574795175374], [116.12970835455114, 39.00574795175374], [116.12970835455114, 39.00592761481057], [116.12952869149431, 39.00592761481057], [116.12952869149431, 39.00646660398104], [116.12970835455114, 39.00646660398104], [116.12970835455114, 39.006825930094685], [116.12952869149431, 39.006825930094685], [116.12952869149431, 39.00718525620833], [116.12970835455114, 39.00718525620833], [116.12970835455114, 39.00700559315151], [116.1300676806648, 39.00700559315151], [116.1300676806648, 39.00736491926516], [116.12934902843749, 39.00736491926516], [116.12934902843749, 39.00718525620833], [116.12916936538066, 39.00718525620833], [116.12916936538066, 39.0077242453788], [116.12934902843749, 39.0077242453788], [116.12934902843749, 39.007544582321984], [116.12970835455114, 39.007544582321984], [116.12970835455114, 39.0077242453788], [116.12952869149431, 39.0077242453788], [116.12952869149431, 39.00790390843563], [116.12988801760797, 39.00790390843563], [116.12988801760797, 39.008263234549275], [116.12952869149431, 39.008263234549275], [116.12952869149431, 39.0084428976061], [116.12934902843749, 39.0084428976061], [116.12934902843749, 39.008263234549275], [116.12898970232385, 39.008263234549275], [116.12898970232385, 39.008083571492456], [116.12881003926702, 39.008083571492456], [116.12881003926702, 39.008263234549275], [116.12845071315337, 39.008263234549275], [116.12845071315337, 39.008083571492456], [116.12827105009654, 39.008083571492456], [116.12827105009654, 39.008263234549275], [116.12809138703973, 39.008263234549275], [116.12809138703973, 39.00790390843563], [116.12898970232385, 39.00790390843563], [116.12898970232385, 39.0077242453788], [116.12881003926702, 39.0077242453788], [116.12881003926702, 39.007544582321984], [116.1286303762102, 39.007544582321984], [116.1286303762102, 39.00736491926516], [116.12827105009654, 39.00736491926516], [116.12827105009654, 39.007544582321984], [116.12809138703973, 39.007544582321984], [116.12809138703973, 39.0077242453788], [116.12755239786925, 39.0077242453788], [116.12755239786925, 39.00790390843563], [116.12773206092608, 39.00790390843563], [116.12773206092608, 39.008263234549275], [116.12755239786925, 39.008263234549275], [116.12755239786925, 39.0084428976061], [116.12737273481243, 39.0084428976061], [116.12737273481243, 39.00862256066292], [116.1271930717556, 39.00862256066292], [116.1271930717556, 39.00880222371975], [116.12683374564196, 39.00880222371975]], [[116.12881003926702, 39.00233435367409], [116.1286303762102, 39.00233435367409], [116.1286303762102, 39.00215469061727], [116.12845071315337, 39.00215469061727], [116.12845071315337, 39.00197502756044], [116.12898970232385, 39.00197502756044], [116.12898970232385, 39.00215469061727], [116.12881003926702, 39.00215469061727], [116.12881003926702, 39.00233435367409]], [[116.12503711507372, 39.00251401673091], [116.12431846284642, 39.00251401673091], [116.12431846284642, 39.00215469061727], [116.12449812590324, 39.00215469061727], [116.12449812590324, 39.00197502756044], [116.12503711507372, 39.00197502756044], [116.12503711507372, 39.00215469061727], [116.12521677813054, 39.00215469061727], [116.12521677813054, 39.00233435367409], [116.12503711507372, 39.00233435367409], [116.12503711507372, 39.00251401673091]], [[116.12629475647148, 39.00251401673091], [116.12611509341467, 39.00251401673091], [116.12611509341467, 39.00233435367409], [116.12629475647148, 39.00233435367409], [116.12629475647148, 39.00251401673091]], [[116.12898970232385, 39.00251401673091], [116.12881003926702, 39.00251401673091], [116.12881003926702, 39.00233435367409], [116.12898970232385, 39.00233435367409], [116.12898970232385, 39.00251401673091]], [[116.12539644118736, 39.003053005901386], [116.12449812590324, 39.003053005901386], [116.12449812590324, 39.00287334284456], [116.12503711507372, 39.00287334284456], [116.12503711507372, 39.00269367978773], [116.12521677813054, 39.00269367978773], [116.12521677813054, 39.00287334284456], [116.12539644118736, 39.00287334284456], [116.12539644118736, 39.003053005901386]], [[116.12845071315337, 39.003053005901386], [116.12827105009654, 39.003053005901386], [116.12827105009654, 39.00287334284456], [116.12845071315337, 39.00287334284456], [116.12845071315337, 39.003053005901386]], [[116.12431846284642, 39.00377165812868], [116.12395913673278, 39.00377165812868], [116.12395913673278, 39.00359199507186], [116.12431846284642, 39.00359199507186], [116.12431846284642, 39.00377165812868]], [[116.12467778896007, 39.003951321185504], [116.12449812590324, 39.003951321185504], [116.12449812590324, 39.00377165812868], [116.12467778896007, 39.00377165812868], [116.12467778896007, 39.003951321185504]], [[116.12521677813054, 39.003951321185504], [116.12503711507372, 39.003951321185504], [116.12503711507372, 39.003232668958205], [116.12521677813054, 39.003232668958205], [116.12521677813054, 39.00359199507186], [116.12539644118736, 39.00359199507186], [116.12539644118736, 39.00377165812868], [116.12521677813054, 39.00377165812868], [116.12521677813054, 39.003951321185504]], [[116.12665408258513, 39.00431064729915], [116.12647441952831, 39.00431064729915], [116.12647441952831, 39.00413098424233], [116.12665408258513, 39.00413098424233], [116.12665408258513, 39.00431064729915]], [[116.12611509341467, 39.004490310355976], [116.12593543035784, 39.004490310355976], [116.12593543035784, 39.00431064729915], [116.12503711507372, 39.00431064729915], [116.12503711507372, 39.00413098424233], [116.12593543035784, 39.00413098424233], [116.12593543035784, 39.003951321185504], [116.12611509341467, 39.003951321185504], [116.12611509341467, 39.00413098424233], [116.12629475647148, 39.00413098424233], [116.12629475647148, 39.00431064729915], [116.12611509341467, 39.00431064729915], [116.12611509341467, 39.004490310355976]], [[116.12431846284642, 39.004669973412796], [116.12395913673278, 39.004669973412796], [116.12395913673278, 39.00413098424233], [116.12431846284642, 39.00413098424233], [116.12431846284642, 39.004669973412796]], [[116.12647441952831, 39.00520896258327], [116.12593543035784, 39.00520896258327], [116.12593543035784, 39.00484963646962], [116.12629475647148, 39.00484963646962], [116.12629475647148, 39.00502929952645], [116.12647441952831, 39.00502929952645], [116.12647441952831, 39.00520896258327]], [[116.12683374564196, 39.00520896258327], [116.12665408258513, 39.00520896258327], [116.12665408258513, 39.00484963646962], [116.12683374564196, 39.00484963646962], [116.12683374564196, 39.00520896258327]], [[116.12737273481243, 39.00520896258327], [116.1271930717556, 39.00520896258327], [116.1271930717556, 39.00502929952645], [116.12737273481243, 39.00502929952645], [116.12737273481243, 39.00520896258327]], [[116.12611509341467, 39.00574795175374], [116.12593543035784, 39.00574795175374], [116.12593543035784, 39.00556828869692], [116.12611509341467, 39.00556828869692], [116.12611509341467, 39.00574795175374]], [[116.12916936538066, 39.00628694092421], [116.12898970232385, 39.00628694092421], [116.12898970232385, 39.00610727786739], [116.12916936538066, 39.00610727786739], [116.12916936538066, 39.00628694092421]], [[116.12539644118736, 39.00646660398104], [116.12521677813054, 39.00646660398104], [116.12521677813054, 39.00610727786739], [116.12539644118736, 39.00610727786739], [116.12539644118736, 39.00646660398104]], [[116.1279117239829, 39.00736491926516], [116.12773206092608, 39.00736491926516], [116.12773206092608, 39.00718525620833], [116.1279117239829, 39.00718525620833], [116.1279117239829, 39.00736491926516]], [[116.12881003926702, 39.00736491926516], [116.1286303762102, 39.00736491926516], [116.1286303762102, 39.00718525620833], [116.12845071315337, 39.00718525620833], [116.12845071315337, 39.00700559315151], [116.12827105009654, 39.00700559315151], [116.12827105009654, 39.006825930094685], [116.12737273481243, 39.006825930094685], [116.12737273481243, 39.00664626703786], [116.12755239786925, 39.00664626703786], [116.12755239786925, 39.00592761481057], [116.1279117239829, 39.00592761481057], [116.1279117239829, 39.00574795175374], [116.12827105009654, 39.00574795175374], [116.12827105009654, 39.00592761481057], [116.12845071315337, 39.00592761481057], [116.12845071315337, 39.00610727786739], [116.1279117239829, 39.00610727786739], [116.1279117239829, 39.00646660398104], [116.1286303762102, 39.00646660398104], [116.1286303762102, 39.00628694092421], [116.12898970232385, 39.00628694092421], [116.12898970232385, 39.006825930094685], [116.12934902843749, 39.006825930094685], [116.12934902843749, 39.00700559315151], [116.12916936538066, 39.00700559315151], [116.12916936538066, 39.00718525620833], [116.12881003926702, 39.00718525620833], [116.12881003926702, 39.00736491926516]], [[116.12737273481243, 39.0084428976061], [116.1271930717556, 39.0084428976061], [116.1271930717556, 39.008263234549275], [116.12737273481243, 39.008263234549275], [116.12737273481243, 39.0084428976061]]]}, "properties": {"name": "cand01", "ptype": "hall", "confidence": "low", "rank": 1, "area_ha": 30.1, "rise_db": 6.9, "digitised_from": "Sentinel-1 VV rise 2022->2026, orbit 142"}}, {"type": "Feature", "geometry": {"geodesic": false, "type": "Polygon", "coordinates": [[[116.14210510547198, 39.00341233201503], [116.14210510547198, 39.003232668958205], [116.14192544241517, 39.003232668958205], [116.14192544241517, 39.003053005901386], [116.14174577935835, 39.003053005901386], [116.14174577935835, 39.00287334284456], [116.14156611630152, 39.00287334284456], [116.14156611630152, 39.00269367978773], [116.14138645324469, 39.00269367978773], [116.14138645324469, 39.00251401673091], [116.14120679018787, 39.00251401673091], [116.14120679018787, 39.00233435367409], [116.14102712713104, 39.00233435367409], [116.14102712713104, 39.00251401673091], [116.1406678010174, 39.00251401673091], [116.1406678010174, 39.00215469061727], [116.14048813796057, 39.00215469061727], [116.14048813796057, 39.00197502756044], [116.14030847490375, 39.00197502756044], [116.14030847490375, 39.001795364503614], [116.14048813796057, 39.001795364503614], [116.14048813796057, 39.001615701446795], [116.1406678010174, 39.001615701446795], [116.1406678010174, 39.001795364503614], [116.14084746407423, 39.001795364503614], [116.14084746407423, 39.00197502756044], [116.14138645324469, 39.00197502756044], [116.14138645324469, 39.001795364503614], [116.14120679018787, 39.001795364503614], [116.14120679018787, 39.00143603838997], [116.13958982267646, 39.00143603838997], [116.13958982267646, 39.00125637533314], [116.13869150739234, 39.00125637533314], [116.13869150739234, 39.00143603838997], [116.13833218127868, 39.00143603838997], [116.13833218127868, 39.00125637533314], [116.13815251822186, 39.00125637533314], [116.13815251822186, 39.00107671227632], [116.13797285516505, 39.00107671227632], [116.13797285516505, 39.00071738616267], [116.13779319210822, 39.00071738616267], [116.13779319210822, 39.000178396992204], [116.1376135290514, 39.000178396992204], [116.1376135290514, 38.99999873393538], [116.13743386599457, 38.99999873393538], [116.13743386599457, 38.99963940782173], [116.13797285516505, 38.99963940782173], [116.13797285516505, 38.999459744764906], [116.13851184433551, 38.999459744764906], [116.13851184433551, 38.99928008170808], [116.13887117044916, 38.99928008170808], [116.13887117044916, 38.99981907087855], [116.13869150739234, 38.99981907087855], [116.13869150739234, 39.000178396992204], [116.13905083350598, 39.000178396992204], [116.13905083350598, 38.99963940782173], [116.1392304965628, 38.99963940782173], [116.1392304965628, 38.99999873393538], [116.13941015961963, 38.99999873393538], [116.13941015961963, 39.000358060049024], [116.13958982267646, 39.000358060049024], [116.13958982267646, 39.00053772310585], [116.14030847490375, 39.00053772310585], [116.14030847490375, 38.99999873393538], [116.14048813796057, 38.99999873393538], [116.14048813796057, 38.99981907087855], [116.14084746407423, 38.99981907087855], [116.14084746407423, 38.99999873393538], [116.14102712713104, 38.99999873393538], [116.14102712713104, 39.00071738616267], [116.14138645324469, 39.00071738616267], [116.14138645324469, 39.00053772310585], [116.14156611630152, 39.00053772310585], [116.14156611630152, 39.000178396992204], [116.14138645324469, 39.000178396992204], [116.14138645324469, 38.999459744764906], [116.14156611630152, 38.999459744764906], [116.14156611630152, 38.99910041865126], [116.14138645324469, 38.99910041865126], [116.14138645324469, 38.99892075559443], [116.14084746407423, 38.99892075559443], [116.14084746407423, 38.99910041865126], [116.14030847490375, 38.99910041865126], [116.14030847490375, 38.99892075559443], [116.14012881184692, 38.99892075559443], [116.14012881184692, 38.99874109253761], [116.13994914879011, 38.99874109253761], [116.13994914879011, 38.99892075559443], [116.13941015961963, 38.99892075559443], [116.13941015961963, 38.99856142948079], [116.1392304965628, 38.99856142948079], [116.1392304965628, 38.99874109253761], [116.13887117044916, 38.99874109253761], [116.13887117044916, 38.99856142948079], [116.13851184433551, 38.99856142948079], [116.13851184433551, 38.99892075559443], [116.13815251822186, 38.99892075559443], [116.13815251822186, 38.99910041865126], [116.13797285516505, 38.99910041865126], [116.13797285516505, 38.99892075559443], [116.13779319210822, 38.99892075559443], [116.13779319210822, 38.99766311419667], [116.13797285516505, 38.99766311419667], [116.13797285516505, 38.99748345113984], [116.13779319210822, 38.99748345113984], [116.13779319210822, 38.996585135855725], [116.13797285516505, 38.996585135855725], [116.13797285516505, 38.9964054727989], [116.13815251822186, 38.9964054727989], [116.13815251822186, 38.996585135855725], [116.13833218127868, 38.996585135855725], [116.13833218127868, 38.996764798912544], [116.13869150739234, 38.996764798912544], [116.13869150739234, 38.996585135855725], [116.13887117044916, 38.996585135855725], [116.13887117044916, 38.9964054727989], [116.13905083350598, 38.9964054727989], [116.13905083350598, 38.996585135855725], [116.1392304965628, 38.996585135855725], [116.1392304965628, 38.99694446196937], [116.13941015961963, 38.99694446196937], [116.13941015961963, 38.9971241250262], [116.13958982267646, 38.9971241250262], [116.13958982267646, 38.99694446196937], [116.13976948573328, 38.99694446196937], [116.13976948573328, 38.996764798912544], [116.14012881184692, 38.996764798912544], [116.14012881184692, 38.9971241250262], [116.14030847490375, 38.9971241250262], [116.14030847490375, 38.99748345113984], [116.14012881184692, 38.99748345113984], [116.14012881184692, 38.99784277725349], [116.14138645324469, 38.99784277725349], [116.14138645324469, 38.99766311419667], [116.14120679018787, 38.99766311419667], [116.14120679018787, 38.997303788083016], [116.14156611630152, 38.997303788083016], [116.14156611630152, 38.99748345113984], [116.14174577935835, 38.99748345113984], [116.14174577935835, 38.997303788083016], [116.14192544241517, 38.997303788083016], [116.14192544241517, 38.99748345113984], [116.14246443158564, 38.99748345113984], [116.14246443158564, 38.99766311419667], [116.14282375769929, 38.99766311419667], [116.14282375769929, 38.99784277725349], [116.14246443158564, 38.99784277725349], [116.14246443158564, 38.99856142948079], [116.14228476852881, 38.99856142948079], [116.14228476852881, 38.99874109253761], [116.1430034207561, 38.99874109253761], [116.1430034207561, 38.99892075559443], [116.14228476852881, 38.99892075559443], [116.14228476852881, 38.99910041865126], [116.14192544241517, 38.99910041865126], [116.14192544241517, 38.99928008170808], [116.14228476852881, 38.99928008170808], [116.14228476852881, 38.999459744764906], [116.14246443158564, 38.999459744764906], [116.14246443158564, 38.99963940782173], [116.14192544241517, 38.99963940782173], [116.14192544241517, 38.99981907087855], [116.14246443158564, 38.99981907087855], [116.14246443158564, 39.000178396992204], [116.14264409464246, 39.000178396992204], [116.14264409464246, 39.00053772310585], [116.14246443158564, 39.00053772310585], [116.14246443158564, 39.00071738616267], [116.14228476852881, 39.00071738616267], [116.14228476852881, 39.00107671227632], [116.14246443158564, 39.00107671227632], [116.14246443158564, 39.00143603838997], [116.14228476852881, 39.00143603838997], [116.14228476852881, 39.00197502756044], [116.14192544241517, 39.00197502756044], [116.14192544241517, 39.00233435367409], [116.14210510547198, 39.00233435367409], [116.14210510547198, 39.00251401673091], [116.14246443158564, 39.00251401673091], [116.14246443158564, 39.00269367978773], [116.14282375769929, 39.00269367978773], [116.14282375769929, 39.00251401673091], [116.1430034207561, 39.00251401673091], [116.1430034207561, 39.00287334284456], [116.14282375769929, 39.00287334284456], [116.14282375769929, 39.003053005901386], [116.14264409464246, 39.003053005901386], [116.14264409464246, 39.003232668958205], [116.14228476852881, 39.003232668958205], [116.14228476852881, 39.00341233201503], [116.14210510547198, 39.00341233201503]], [[116.13869150739234, 38.99981907087855], [116.13851184433551, 38.99981907087855], [116.13851184433551, 38.99963940782173], [116.13869150739234, 38.99963940782173], [116.13869150739234, 38.99981907087855]], [[116.13887117044916, 39.00053772310585], [116.13851184433551, 39.00053772310585], [116.13851184433551, 39.000358060049024], [116.13887117044916, 39.000358060049024], [116.13887117044916, 39.00053772310585]], [[116.13976948573328, 38.99748345113984], [116.13958982267646, 38.99748345113984], [116.13958982267646, 38.997303788083016], [116.13976948573328, 38.997303788083016], [116.13976948573328, 38.99748345113984]], [[116.13976948573328, 38.99784277725349], [116.13905083350598, 38.99784277725349], [116.13905083350598, 38.99766311419667], [116.13887117044916, 38.99766311419667], [116.13887117044916, 38.99748345113984], [116.13869150739234, 38.99748345113984], [116.13869150739234, 38.997303788083016], [116.13851184433551, 38.997303788083016], [116.13851184433551, 38.9971241250262], [116.13905083350598, 38.9971241250262], [116.13905083350598, 38.997303788083016], [116.1392304965628, 38.997303788083016], [116.1392304965628, 38.99748345113984], [116.13958982267646, 38.99748345113984], [116.13958982267646, 38.99766311419667], [116.13976948573328, 38.99766311419667], [116.13976948573328, 38.99784277725349]], [[116.14138645324469, 38.99820210336714], [116.14120679018787, 38.99820210336714], [116.14120679018787, 38.998022440310315], [116.14138645324469, 38.998022440310315], [116.14138645324469, 38.99820210336714]], [[116.13958982267646, 38.99856142948079], [116.13941015961963, 38.99856142948079], [116.13941015961963, 38.99838176642396], [116.13958982267646, 38.99838176642396], [116.13958982267646, 38.99856142948079]], [[116.14102712713104, 38.99856142948079], [116.14012881184692, 38.99856142948079], [116.14012881184692, 38.99838176642396], [116.14030847490375, 38.99838176642396], [116.14030847490375, 38.99820210336714], [116.14120679018787, 38.99820210336714], [116.14120679018787, 38.99838176642396], [116.14102712713104, 38.99838176642396], [116.14102712713104, 38.99856142948079]], [[116.14138645324469, 38.99856142948079], [116.14120679018787, 38.99856142948079], [116.14120679018787, 38.99838176642396], [116.14138645324469, 38.99838176642396], [116.14138645324469, 38.99856142948079]], [[116.14156611630152, 38.99874109253761], [116.14138645324469, 38.99874109253761], [116.14138645324469, 38.99856142948079], [116.14156611630152, 38.99856142948079], [116.14156611630152, 38.99874109253761]], [[116.13941015961963, 39.000897049219496], [116.13905083350598, 39.000897049219496], [116.13905083350598, 39.00071738616267], [116.13941015961963, 39.00071738616267], [116.13941015961963, 39.000897049219496]], [[116.13887117044916, 39.00107671227632], [116.13851184433551, 39.00107671227632], [116.13851184433551, 39.000897049219496], [116.13887117044916, 39.000897049219496], [116.13887117044916, 39.00107671227632]], [[116.13976948573328, 39.00107671227632], [116.13958982267646, 39.00107671227632], [116.13958982267646, 39.000897049219496], [116.13976948573328, 39.000897049219496], [116.13976948573328, 39.00107671227632]], [[116.14084746407423, 39.00107671227632], [116.14030847490375, 39.00107671227632], [116.14030847490375, 39.000897049219496], [116.14084746407423, 39.000897049219496], [116.14084746407423, 39.00107671227632]], [[116.14156611630152, 39.00143603838997], [116.14138645324469, 39.00143603838997], [116.14138645324469, 39.00125637533314], [116.14156611630152, 39.00125637533314], [116.14156611630152, 39.00143603838997]]]}, "properties": {"name": "cand02", "ptype": "hall", "confidence": "low", "rank": 2, "area_ha": 20.2, "rise_db": 6.7, "digitised_from": "Sentinel-1 VV rise 2022->2026, orbit 142"}}, {"type": "Feature", "geometry": {"geodesic": false, "type": "Polygon", "coordinates": [[[116.1031182221412, 39.01455144153812], [116.1031182221412, 39.01437177848129], [116.10024361323202, 39.01437177848129], [116.10024361323202, 39.014192115424464], [116.09988428711837, 39.014192115424464], [116.09988428711837, 39.01437177848129], [116.09952496100472, 39.01437177848129], [116.09952496100472, 39.014192115424464], [116.0986266457206, 39.014192115424464], [116.0986266457206, 39.014012452367645], [116.09593169986825, 39.014012452367645], [116.09593169986825, 39.01383278931082], [116.09251810178858, 39.01383278931082], [116.09251810178858, 39.01365312625399], [116.09215877567495, 39.01365312625399], [116.09215877567495, 39.012754810969874], [116.09233843873177, 39.012754810969874], [116.09233843873177, 39.0129344740267], [116.09251810178858, 39.0129344740267], [116.09251810178858, 39.012754810969874], [116.09269776484541, 39.012754810969874], [116.09269776484541, 39.01257514791305], [116.09341641707272, 39.01257514791305], [116.09341641707272, 39.012754810969874], [116.09359608012953, 39.012754810969874], [116.09359608012953, 39.01257514791305], [116.09395540624318, 39.01257514791305], [116.09395540624318, 39.012754810969874], [116.09683001515236, 39.012754810969874], [116.09683001515236, 39.0129344740267], [116.09700967820919, 39.0129344740267], [116.09700967820919, 39.012754810969874], [116.09718934126602, 39.012754810969874], [116.09718934126602, 39.0129344740267], [116.09736900432284, 39.0129344740267], [116.09736900432284, 39.012754810969874], [116.09754866737966, 39.012754810969874], [116.09754866737966, 39.0129344740267], [116.09970462406154, 39.0129344740267], [116.09970462406154, 39.01311413708352], [116.10042327628884, 39.01311413708352], [116.10042327628884, 39.013293800140346], [116.10096226545932, 39.013293800140346], [116.10096226545932, 39.01347346319717], [116.10132159157297, 39.01347346319717], [116.10132159157297, 39.01365312625399], [116.10168091768661, 39.01365312625399], [116.10168091768661, 39.01383278931082], [116.1023995699139, 39.01383278931082], [116.1023995699139, 39.014012452367645], [116.10275889602755, 39.014012452367645], [116.10275889602755, 39.014192115424464], [116.10329788519803, 39.014192115424464], [116.10329788519803, 39.01437177848129], [116.10347754825484, 39.01437177848129], [116.10347754825484, 39.014192115424464], [116.10365721131167, 39.014192115424464], [116.10365721131167, 39.01455144153812], [116.1031182221412, 39.01455144153812]]]}, "properties": {"name": "cand03", "ptype": "hall", "confidence": "low", "rank": 3, "area_ha": 14.2, "rise_db": 8.2, "digitised_from": "Sentinel-1 VV rise 2022->2026, orbit 142"}}, {"type": "Feature", "geometry": {"geodesic": false, "type": "Polygon", "coordinates": [[[116.13402026791492, 39.009700539003866], [116.13402026791492, 39.00952087594705], [116.13348127874444, 39.00952087594705], [116.13348127874444, 39.009700539003866], [116.13258296346032, 39.009700539003866], [116.13258296346032, 39.00952087594705], [116.1324033004035, 39.00952087594705], [116.1324033004035, 39.00880222371975], [116.13222363734667, 39.00880222371975], [116.13222363734667, 39.008263234549275], [116.13150498511938, 39.008263234549275], [116.13150498511938, 39.008083571492456], [116.13114565900572, 39.008083571492456], [116.13114565900572, 39.00736491926516], [116.13132532206255, 39.00736491926516], [116.13132532206255, 39.00718525620833], [116.1316846481762, 39.00718525620833], [116.1316846481762, 39.00700559315151], [116.13204397428986, 39.00700559315151], [116.13204397428986, 39.00664626703786], [116.13186431123303, 39.00664626703786], [116.13186431123303, 39.00646660398104], [116.13204397428986, 39.00646660398104], [116.13204397428986, 39.00628694092421], [116.1316846481762, 39.00628694092421], [116.1316846481762, 39.00664626703786], [116.13132532206255, 39.00664626703786], [116.13132532206255, 39.00646660398104], [116.13114565900572, 39.00646660398104], [116.13114565900572, 39.00556828869692], [116.13132532206255, 39.00556828869692], [116.13132532206255, 39.005388625640094], [116.13114565900572, 39.005388625640094], [116.13114565900572, 39.00431064729915], [116.13204397428986, 39.00431064729915], [116.13204397428986, 39.00484963646962], [116.13186431123303, 39.00484963646962], [116.13186431123303, 39.00502929952645], [116.1316846481762, 39.00502929952645], [116.1316846481762, 39.00520896258327], [116.13150498511938, 39.00520896258327], [116.13150498511938, 39.00556828869692], [116.1316846481762, 39.00556828869692], [116.1316846481762, 39.00592761481057], [116.13204397428986, 39.00592761481057], [116.13204397428986, 39.00574795175374], [116.13222363734667, 39.00574795175374], [116.13222363734667, 39.00592761481057], [116.1324033004035, 39.00592761481057], [116.1324033004035, 39.00664626703786], [116.13222363734667, 39.00664626703786], [116.13222363734667, 39.00736491926516], [116.13204397428986, 39.00736491926516], [116.13204397428986, 39.007544582321984], [116.13186431123303, 39.007544582321984], [116.13186431123303, 39.0077242453788], [116.1316846481762, 39.0077242453788], [116.1316846481762, 39.00790390843563], [116.13276262651715, 39.00790390843563], [116.13276262651715, 39.00718525620833], [116.13312195263079, 39.00718525620833], [116.13312195263079, 39.00736491926516], [116.13330161568761, 39.00736491926516], [116.13330161568761, 39.008263234549275], [116.13312195263079, 39.008263234549275], [116.13312195263079, 39.00862256066292], [116.13348127874444, 39.00862256066292], [116.13348127874444, 39.0084428976061], [116.13366094180127, 39.0084428976061], [116.13366094180127, 39.008263234549275], [116.13402026791492, 39.008263234549275], [116.13402026791492, 39.008083571492456], [116.13419993097173, 39.008083571492456], [116.13419993097173, 39.00736491926516], [116.13437959402856, 39.00736491926516], [116.13437959402856, 39.006825930094685], [116.13473892014221, 39.006825930094685], [116.13473892014221, 39.00700559315151], [116.13509824625585, 39.00700559315151], [116.13509824625585, 39.00718525620833], [116.13527790931268, 39.00718525620833], [116.13527790931268, 39.00736491926516], [116.13563723542633, 39.00736491926516], [116.13563723542633, 39.00664626703786], [116.13581689848316, 39.00664626703786], [116.13581689848316, 39.00646660398104], [116.13599656153998, 39.00646660398104], [116.13599656153998, 39.00700559315151], [116.1361762245968, 39.00700559315151], [116.1361762245968, 39.00736491926516], [116.13671521376727, 39.00736491926516], [116.13671521376727, 39.007544582321984], [116.1368948768241, 39.007544582321984], [116.1368948768241, 39.00790390843563], [116.13671521376727, 39.00790390843563], [116.13671521376727, 39.008263234549275], [116.13653555071045, 39.008263234549275], [116.13653555071045, 39.00934121289022], [116.13635588765362, 39.00934121289022], [116.13635588765362, 39.00952087594705], [116.13581689848316, 39.00952087594705], [116.13581689848316, 39.00934121289022], [116.13527790931268, 39.00934121289022], [116.13527790931268, 39.00952087594705], [116.13419993097173, 39.00952087594705], [116.13419993097173, 39.009700539003866], [116.13402026791492, 39.009700539003866]], [[116.13276262651715, 39.0084428976061], [116.1324033004035, 39.0084428976061], [116.1324033004035, 39.008263234549275], [116.13258296346032, 39.008263234549275], [116.13258296346032, 39.008083571492456], [116.13276262651715, 39.008083571492456], [116.13276262651715, 39.0084428976061]], [[116.1361762245968, 39.007544582321984], [116.13599656153998, 39.007544582321984], [116.13599656153998, 39.00736491926516], [116.1361762245968, 39.00736491926516], [116.1361762245968, 39.007544582321984]], [[116.13455925708539, 39.00790390843563], [116.13437959402856, 39.00790390843563], [116.13437959402856, 39.0077242453788], [116.13455925708539, 39.0077242453788], [116.13455925708539, 39.00790390843563]], [[116.13527790931268, 39.00790390843563], [116.13509824625585, 39.00790390843563], [116.13509824625585, 39.0077242453788], [116.13527790931268, 39.0077242453788], [116.13527790931268, 39.00790390843563]], [[116.1354575723695, 39.00880222371975], [116.13527790931268, 39.00880222371975], [116.13527790931268, 39.0084428976061], [116.13509824625585, 39.0084428976061], [116.13509824625585, 39.008263234549275], [116.1354575723695, 39.008263234549275], [116.1354575723695, 39.00880222371975]], [[116.13419993097173, 39.008981886776574], [116.1338406048581, 39.008981886776574], [116.1338406048581, 39.0084428976061], [116.13402026791492, 39.0084428976061], [116.13402026791492, 39.008263234549275], [116.13473892014221, 39.008263234549275], [116.13473892014221, 39.0084428976061], [116.13455925708539, 39.0084428976061], [116.13455925708539, 39.00880222371975], [116.13419993097173, 39.00880222371975], [116.13419993097173, 39.008981886776574]]]}, "properties": {"name": "cand04", "ptype": "hall", "confidence": "low", "rank": 4, "area_ha": 13.7, "rise_db": 8.3, "digitised_from": "Sentinel-1 VV rise 2022->2026, orbit 142"}}, {"type": "Feature", "geometry": {"geodesic": false, "type": "Polygon", "coordinates": [[[116.11156238581192, 39.00988020206069], [116.11156238581192, 39.009700539003866], [116.11120305969828, 39.009700539003866], [116.11120305969828, 39.00988020206069], [116.11102339664146, 39.00988020206069], [116.11102339664146, 39.00952087594705], [116.11084373358463, 39.00952087594705], [116.11084373358463, 39.009161549833394], [116.1106640705278, 39.009161549833394], [116.1106640705278, 39.00880222371975], [116.11174204886875, 39.00880222371975], [116.11174204886875, 39.00862256066292], [116.1121013749824, 39.00862256066292], [116.1121013749824, 39.00880222371975], [116.11174204886875, 39.00880222371975], [116.11174204886875, 39.008981886776574], [116.11156238581192, 39.008981886776574], [116.11156238581192, 39.009161549833394], [116.11192171192558, 39.009161549833394], [116.11192171192558, 39.008981886776574], [116.1128200272097, 39.008981886776574], [116.1128200272097, 39.00880222371975], [116.11335901638016, 39.00880222371975], [116.11335901638016, 39.008083571492456], [116.11353867943699, 39.008083571492456], [116.11353867943699, 39.00790390843563], [116.11497598389158, 39.00790390843563], [116.11497598389158, 39.0077242453788], [116.11533531000522, 39.0077242453788], [116.11533531000522, 39.007544582321984], [116.11551497306205, 39.007544582321984], [116.11551497306205, 39.00736491926516], [116.11479632083476, 39.00736491926516], [116.11479632083476, 39.007544582321984], [116.11461665777793, 39.007544582321984], [116.11461665777793, 39.0077242453788], [116.11353867943699, 39.0077242453788], [116.11353867943699, 39.007544582321984], [116.11317935332335, 39.007544582321984], [116.11317935332335, 39.0077242453788], [116.11264036415287, 39.0077242453788], [116.11264036415287, 39.007544582321984], [116.11246070109604, 39.007544582321984], [116.11246070109604, 39.0077242453788], [116.11228103803923, 39.0077242453788], [116.11228103803923, 39.00790390843563], [116.1121013749824, 39.00790390843563], [116.1121013749824, 39.0077242453788], [116.11174204886875, 39.0077242453788], [116.11174204886875, 39.00718525620833], [116.11156238581192, 39.00718525620833], [116.11156238581192, 39.00700559315151], [116.11174204886875, 39.00700559315151], [116.11174204886875, 39.006825930094685], [116.1113827227551, 39.006825930094685], [116.1113827227551, 39.00664626703786], [116.11120305969828, 39.00664626703786], [116.11120305969828, 39.00628694092421], [116.1113827227551, 39.00628694092421], [116.1113827227551, 39.00610727786739], [116.11174204886875, 39.00610727786739], [116.11174204886875, 39.00628694092421], [116.11228103803923, 39.00628694092421], [116.11228103803923, 39.00646660398104], [116.1128200272097, 39.00646660398104], [116.1128200272097, 39.00628694092421], [116.11317935332335, 39.00628694092421], [116.11317935332335, 39.00646660398104], [116.11389800555064, 39.00646660398104], [116.11389800555064, 39.00628694092421], [116.11425733166429, 39.00628694092421], [116.11425733166429, 39.00646660398104], [116.11461665777793, 39.00646660398104], [116.11461665777793, 39.00628694092421], [116.11497598389158, 39.00628694092421], [116.11497598389158, 39.00646660398104], [116.11515564694841, 39.00646660398104], [116.11515564694841, 39.00664626703786], [116.11533531000522, 39.00664626703786], [116.11533531000522, 39.006825930094685], [116.11659295140299, 39.006825930094685], [116.11659295140299, 39.00718525620833], [116.11623362528935, 39.00718525620833], [116.11623362528935, 39.00736491926516], [116.1158742991757, 39.00736491926516], [116.1158742991757, 39.0077242453788], [116.11533531000522, 39.0077242453788], [116.11533531000522, 39.008083571492456], [116.11497598389158, 39.008083571492456], [116.11497598389158, 39.008263234549275], [116.11479632083476, 39.008263234549275], [116.11479632083476, 39.0084428976061], [116.11371834249381, 39.0084428976061], [116.11371834249381, 39.00880222371975], [116.11389800555064, 39.00880222371975], [116.11389800555064, 39.008981886776574], [116.11407766860746, 39.008981886776574], [116.11407766860746, 39.00880222371975], [116.11515564694841, 39.00880222371975], [116.11515564694841, 39.008981886776574], [116.11533531000522, 39.008981886776574], [116.11533531000522, 39.009161549833394], [116.11515564694841, 39.009161549833394], [116.11515564694841, 39.00934121289022], [116.11533531000522, 39.00934121289022], [116.11533531000522, 39.009700539003866], [116.11515564694841, 39.009700539003866], [116.11515564694841, 39.00988020206069], [116.11156238581192, 39.00988020206069]], [[116.11515564694841, 39.00700559315151], [116.11497598389158, 39.00700559315151], [116.11497598389158, 39.006825930094685], [116.11515564694841, 39.006825930094685], [116.11515564694841, 39.00700559315151]], [[116.1113827227551, 39.009161549833394], [116.11120305969828, 39.009161549833394], [116.11120305969828, 39.008981886776574], [116.1113827227551, 39.008981886776574], [116.1113827227551, 39.009161549833394]]]}, "properties": {"name": "cand05", "ptype": "hall", "confidence": "low", "rank": 5, "area_ha": 13.7, "rise_db": 9.2, "digitised_from": "Sentinel-1 VV rise 2022->2026, orbit 142"}}, {"type": "Feature", "geometry": {"geodesic": false, "type": "Polygon", "coordinates": [[[116.14138645324469, 39.008263234549275], [116.14138645324469, 39.0077242453788], [116.14174577935835, 39.0077242453788], [116.14174577935835, 39.007544582321984], [116.14192544241517, 39.007544582321984], [116.14192544241517, 39.00736491926516], [116.14210510547198, 39.00736491926516], [116.14210510547198, 39.00718525620833], [116.14192544241517, 39.00718525620833], [116.14192544241517, 39.00700559315151], [116.14156611630152, 39.00700559315151], [116.14156611630152, 39.006825930094685], [116.14138645324469, 39.006825930094685], [116.14138645324469, 39.00664626703786], [116.14120679018787, 39.00664626703786], [116.14120679018787, 39.00610727786739], [116.14138645324469, 39.00610727786739], [116.14138645324469, 39.00592761481057], [116.14048813796057, 39.00592761481057], [116.14048813796057, 39.00574795175374], [116.14030847490375, 39.00574795175374], [116.14030847490375, 39.00610727786739], [116.14012881184692, 39.00610727786739], [116.14012881184692, 39.00628694092421], [116.14030847490375, 39.00628694092421], [116.14030847490375, 39.00646660398104], [116.1406678010174, 39.00646660398104], [116.1406678010174, 39.00664626703786], [116.14048813796057, 39.00664626703786], [116.14048813796057, 39.006825930094685], [116.13976948573328, 39.006825930094685], [116.13976948573328, 39.00664626703786], [116.13958982267646, 39.00664626703786], [116.13958982267646, 39.00646660398104], [116.13976948573328, 39.00646660398104], [116.13976948573328, 39.00628694092421], [116.13958982267646, 39.00628694092421], [116.13958982267646, 39.00610727786739], [116.13941015961963, 39.00610727786739], [116.13941015961963, 39.00628694092421], [116.13905083350598, 39.00628694092421], [116.13905083350598, 39.00646660398104], [116.13887117044916, 39.00646660398104], [116.13887117044916, 39.00664626703786], [116.13869150739234, 39.00664626703786], [116.13869150739234, 39.006825930094685], [116.13851184433551, 39.006825930094685], [116.13851184433551, 39.00646660398104], [116.13869150739234, 39.00646660398104], [116.13869150739234, 39.00628694092421], [116.13815251822186, 39.00628694092421], [116.13815251822186, 39.00646660398104], [116.13797285516505, 39.00646660398104], [116.13797285516505, 39.00664626703786], [116.13815251822186, 39.00664626703786], [116.13815251822186, 39.00736491926516], [116.13833218127868, 39.00736491926516], [116.13833218127868, 39.007544582321984], [116.13851184433551, 39.007544582321984], [116.13851184433551, 39.0077242453788], [116.13833218127868, 39.0077242453788], [116.13833218127868, 39.00790390843563], [116.13815251822186, 39.00790390843563], [116.13815251822186, 39.008263234549275], [116.13779319210822, 39.008263234549275], [116.13779319210822, 39.008083571492456], [116.1376135290514, 39.008083571492456], [116.1376135290514, 39.0077242453788], [116.13743386599457, 39.0077242453788], [116.13743386599457, 39.00736491926516], [116.13725420293774, 39.00736491926516], [116.13725420293774, 39.00718525620833], [116.13743386599457, 39.00718525620833], [116.13743386599457, 39.006825930094685], [116.1376135290514, 39.006825930094685], [116.1376135290514, 39.00592761481057], [116.13743386599457, 39.00592761481057], [116.13743386599457, 39.00556828869692], [116.13833218127868, 39.00556828869692], [116.13833218127868, 39.00574795175374], [116.13851184433551, 39.00574795175374], [116.13851184433551, 39.00556828869692], [116.13905083350598, 39.00556828869692], [116.13905083350598, 39.00574795175374], [116.1392304965628, 39.00574795175374], [116.1392304965628, 39.00592761481057], [116.13958982267646, 39.00592761481057], [116.13958982267646, 39.004490310355976], [116.13976948573328, 39.004490310355976], [116.13976948573328, 39.00431064729915], [116.14084746407423, 39.00431064729915], [116.14084746407423, 39.004669973412796], [116.1406678010174, 39.004669973412796], [116.1406678010174, 39.00484963646962], [116.14084746407423, 39.00484963646962], [116.14084746407423, 39.00502929952645], [116.1406678010174, 39.00502929952645], [116.1406678010174, 39.00520896258327], [116.14102712713104, 39.00520896258327], [116.14102712713104, 39.00556828869692], [116.14120679018787, 39.00556828869692], [116.14120679018787, 39.005388625640094], [116.14138645324469, 39.005388625640094], [116.14138645324469, 39.00520896258327], [116.14156611630152, 39.00520896258327], [116.14156611630152, 39.00484963646962], [116.14120679018787, 39.00484963646962], [116.14120679018787, 39.004490310355976], [116.14138645324469, 39.004490310355976], [116.14138645324469, 39.00431064729915], [116.14174577935835, 39.00431064729915], [116.14174577935835, 39.004490310355976], [116.14210510547198, 39.004490310355976], [116.14210510547198, 39.004669973412796], [116.14228476852881, 39.004669973412796], [116.14228476852881, 39.00484963646962], [116.14210510547198, 39.00484963646962], [116.14210510547198, 39.00502929952645], [116.14192544241517, 39.00502929952645], [116.14192544241517, 39.00520896258327], [116.14174577935835, 39.00520896258327], [116.14174577935835, 39.005388625640094], [116.14192544241517, 39.005388625640094], [116.14192544241517, 39.00556828869692], [116.14210510547198, 39.00556828869692], [116.14210510547198, 39.005388625640094], [116.14246443158564, 39.005388625640094], [116.14246443158564, 39.00574795175374], [116.14228476852881, 39.00574795175374], [116.14228476852881, 39.00592761481057], [116.14192544241517, 39.00592761481057], [116.14192544241517, 39.00628694092421], [116.14228476852881, 39.00628694092421], [116.14228476852881, 39.00610727786739], [116.14282375769929, 39.00610727786739], [116.14282375769929, 39.00628694092421], [116.1430034207561, 39.00628694092421], [116.1430034207561, 39.00646660398104], [116.14264409464246, 39.00646660398104], [116.14264409464246, 39.006825930094685], [116.14246443158564, 39.006825930094685], [116.14246443158564, 39.00736491926516], [116.14228476852881, 39.00736491926516], [116.14228476852881, 39.00790390843563], [116.14264409464246, 39.00790390843563], [116.14264409464246, 39.008083571492456], [116.14246443158564, 39.008083571492456], [116.14246443158564, 39.008263234549275], [116.14138645324469, 39.008263234549275]], [[116.14048813796057, 39.00556828869692], [116.14012881184692, 39.00556828869692], [116.14012881184692, 39.00502929952645], [116.14030847490375, 39.00502929952645], [116.14030847490375, 39.00520896258327], [116.14048813796057, 39.00520896258327], [116.14048813796057, 39.00556828869692]], [[116.14102712713104, 39.00574795175374], [116.14084746407423, 39.00574795175374], [116.14084746407423, 39.00556828869692], [116.14102712713104, 39.00556828869692], [116.14102712713104, 39.00574795175374]], [[116.14210510547198, 39.00700559315151], [116.14192544241517, 39.00700559315151], [116.14192544241517, 39.006825930094685], [116.14210510547198, 39.006825930094685], [116.14210510547198, 39.00700559315151]], [[116.14192544241517, 39.00790390843563], [116.14174577935835, 39.00790390843563], [116.14174577935835, 39.0077242453788], [116.14192544241517, 39.0077242453788], [116.14192544241517, 39.00790390843563]]]}, "properties": {"name": "cand06", "ptype": "hall", "confidence": "low", "rank": 6, "area_ha": 10.8, "rise_db": 6.5, "digitised_from": "Sentinel-1 VV rise 2022->2026, orbit 142"}}, {"type": "Feature", "geometry": {"geodesic": false, "type": "Polygon", "coordinates": [[[116.13204397428986, 38.999459744764906], [116.13204397428986, 38.99856142948079], [116.13186431123303, 38.99856142948079], [116.13186431123303, 38.99874109253761], [116.13150498511938, 38.99874109253761], [116.13150498511938, 38.99892075559443], [116.13078633289209, 38.99892075559443], [116.13078633289209, 38.99838176642396], [116.13114565900572, 38.99838176642396], [116.13114565900572, 38.99820210336714], [116.13060666983526, 38.99820210336714], [116.13060666983526, 38.99766311419667], [116.13096599594891, 38.99766311419667], [116.13096599594891, 38.9971241250262], [116.1324033004035, 38.9971241250262], [116.1324033004035, 38.997303788083016], [116.13222363734667, 38.997303788083016], [116.13222363734667, 38.99748345113984], [116.13348127874444, 38.99748345113984], [116.13348127874444, 38.997303788083016], [116.13276262651715, 38.997303788083016], [116.13276262651715, 38.9971241250262], [116.13348127874444, 38.9971241250262], [116.13348127874444, 38.997303788083016], [116.13366094180127, 38.997303788083016], [116.13366094180127, 38.99748345113984], [116.13419993097173, 38.99748345113984], [116.13419993097173, 38.99766311419667], [116.13455925708539, 38.99766311419667], [116.13455925708539, 38.997303788083016], [116.13473892014221, 38.997303788083016], [116.13473892014221, 38.9971241250262], [116.13491858319904, 38.9971241250262], [116.13491858319904, 38.99694446196937], [116.13563723542633, 38.99694446196937], [116.13563723542633, 38.99784277725349], [116.1354575723695, 38.99784277725349], [116.1354575723695, 38.99838176642396], [116.13509824625585, 38.99838176642396], [116.13509824625585, 38.99856142948079], [116.1354575723695, 38.99856142948079], [116.1354575723695, 38.99874109253761], [116.13509824625585, 38.99874109253761], [116.13509824625585, 38.99892075559443], [116.13491858319904, 38.99892075559443], [116.13491858319904, 38.99910041865126], [116.13455925708539, 38.99910041865126], [116.13455925708539, 38.99892075559443], [116.13437959402856, 38.99892075559443], [116.13437959402856, 38.99856142948079], [116.13455925708539, 38.99856142948079], [116.13455925708539, 38.99820210336714], [116.13437959402856, 38.99820210336714], [116.13437959402856, 38.998022440310315], [116.13419993097173, 38.998022440310315], [116.13419993097173, 38.99766311419667], [116.13402026791492, 38.99766311419667], [116.13402026791492, 38.99784277725349], [116.1338406048581, 38.99784277725349], [116.1338406048581, 38.998022440310315], [116.13366094180127, 38.998022440310315], [116.13366094180127, 38.99856142948079], [116.1338406048581, 38.99856142948079], [116.1338406048581, 38.99874109253761], [116.13419993097173, 38.99874109253761], [116.13419993097173, 38.99892075559443], [116.1338406048581, 38.99892075559443], [116.1338406048581, 38.99910041865126], [116.13366094180127, 38.99910041865126], [116.13366094180127, 38.99892075559443], [116.13348127874444, 38.99892075559443], [116.13348127874444, 38.99856142948079], [116.13330161568761, 38.99856142948079], [116.13330161568761, 38.99892075559443], [116.13312195263079, 38.99892075559443], [116.13312195263079, 38.99910041865126], [116.1324033004035, 38.99910041865126], [116.1324033004035, 38.99928008170808], [116.13222363734667, 38.99928008170808], [116.13222363734667, 38.999459744764906], [116.13204397428986, 38.999459744764906]], [[116.13114565900572, 38.99784277725349], [116.13096599594891, 38.99784277725349], [116.13096599594891, 38.99766311419667], [116.13114565900572, 38.99766311419667], [116.13114565900572, 38.99784277725349]], [[116.13204397428986, 38.99838176642396], [116.13186431123303, 38.99838176642396], [116.13186431123303, 38.99820210336714], [116.13132532206255, 38.99820210336714], [116.13132532206255, 38.99784277725349], [116.1316846481762, 38.99784277725349], [116.1316846481762, 38.99766311419667], [116.13204397428986, 38.99766311419667], [116.13204397428986, 38.99784277725349], [116.13222363734667, 38.99784277725349], [116.13222363734667, 38.998022440310315], [116.1324033004035, 38.998022440310315], [116.1324033004035, 38.99820210336714], [116.13204397428986, 38.99820210336714], [116.13204397428986, 38.99838176642396]], [[116.13276262651715, 38.99874109253761], [116.13258296346032, 38.99874109253761], [116.13258296346032, 38.99838176642396], [116.1324033004035, 38.99838176642396], [116.1324033004035, 38.99820210336714], [116.13276262651715, 38.99820210336714], [116.13276262651715, 38.998022440310315], [116.13294228957398, 38.998022440310315], [116.13294228957398, 38.99784277725349], [116.13222363734667, 38.99784277725349], [116.13222363734667, 38.99766311419667], [116.13348127874444, 38.99766311419667], [116.13348127874444, 38.99784277725349], [116.13330161568761, 38.99784277725349], [116.13330161568761, 38.99856142948079], [116.13276262651715, 38.99856142948079], [116.13276262651715, 38.99874109253761]]]}, "properties": {"name": "cand07", "ptype": "hall", "confidence": "low", "rank": 7, "area_ha": 7.5, "rise_db": 7.0, "digitised_from": "Sentinel-1 VV rise 2022->2026, orbit 142"}}, {"type": "Feature", "geometry": {"geodesic": false, "type": "Polygon", "coordinates": [[[116.15917309587026, 39.040243258663935], [116.15917309587026, 39.04006359560711], [116.15899343281343, 39.04006359560711], [116.15899343281343, 39.03988393255028], [116.1588137697566, 39.03988393255028], [116.1588137697566, 39.03970426949346], [116.1586341066998, 39.03970426949346], [116.1586341066998, 39.039524606436636], [116.15845444364297, 39.039524606436636], [116.15845444364297, 39.03934494337981], [116.15827478058614, 39.03934494337981], [116.15827478058614, 39.03916528032299], [116.15809511752931, 39.03916528032299], [116.15809511752931, 39.038985617266164], [116.15791545447249, 39.038985617266164], [116.15791545447249, 39.03826696503887], [116.15809511752931, 39.03826696503887], [116.15809511752931, 39.038087301982046], [116.15845444364297, 39.038087301982046], [116.15845444364297, 39.03790763892522], [116.1588137697566, 39.03790763892522], [116.1588137697566, 39.0377279758684], [116.15917309587026, 39.0377279758684], [116.15917309587026, 39.03754831281157], [116.16007141115438, 39.03754831281157], [116.16007141115438, 39.0377279758684], [116.1602510742112, 39.0377279758684], [116.1602510742112, 39.038087301982046], [116.16043073726803, 39.038087301982046], [116.16043073726803, 39.03754831281157], [116.1602510742112, 39.03754831281157], [116.1602510742112, 39.03736864975475], [116.16043073726803, 39.03736864975475], [116.16043073726803, 39.03718898669793], [116.16061040032486, 39.03718898669793], [116.16061040032486, 39.0370093236411], [116.16079006338167, 39.0370093236411], [116.16079006338167, 39.036829660584274], [116.16114938949532, 39.036829660584274], [116.16114938949532, 39.03718898669793], [116.1609697264385, 39.03718898669793], [116.1609697264385, 39.0377279758684], [116.16114938949532, 39.0377279758684], [116.16114938949532, 39.03754831281157], [116.16150871560897, 39.03754831281157], [116.16150871560897, 39.03790763892522], [116.16132905255215, 39.03790763892522], [116.16132905255215, 39.03844662809569], [116.16114938949532, 39.03844662809569], [116.16114938949532, 39.03826696503887], [116.1609697264385, 39.03826696503887], [116.1609697264385, 39.038087301982046], [116.16079006338167, 39.038087301982046], [116.16079006338167, 39.03826696503887], [116.16061040032486, 39.03826696503887], [116.16061040032486, 39.03844662809569], [116.16079006338167, 39.03844662809569], [116.16079006338167, 39.038985617266164], [116.16061040032486, 39.038985617266164], [116.16061040032486, 39.03916528032299], [116.16079006338167, 39.03916528032299], [116.16079006338167, 39.039524606436636], [116.16061040032486, 39.039524606436636], [116.16061040032486, 39.03970426949346], [116.1602510742112, 39.03970426949346], [116.1602510742112, 39.03988393255028], [116.15953242198391, 39.03988393255028], [116.15953242198391, 39.040243258663935], [116.15917309587026, 39.040243258663935]], [[116.15971208504074, 39.038087301982046], [116.15935275892708, 39.038087301982046], [116.15935275892708, 39.03790763892522], [116.15971208504074, 39.03790763892522], [116.15971208504074, 39.038087301982046]], [[116.16007141115438, 39.03826696503887], [116.15971208504074, 39.03826696503887], [116.15971208504074, 39.038087301982046], [116.16007141115438, 39.038087301982046], [116.16007141115438, 39.03826696503887]], [[116.15899343281343, 39.03862629115252], [116.15845444364297, 39.03862629115252], [116.15845444364297, 39.03826696503887], [116.15899343281343, 39.03826696503887], [116.15899343281343, 39.038087301982046], [116.15935275892708, 39.038087301982046], [116.15935275892708, 39.03844662809569], [116.15899343281343, 39.03844662809569], [116.15899343281343, 39.03862629115252]], [[116.15971208504074, 39.038985617266164], [116.15917309587026, 39.038985617266164], [116.15917309587026, 39.03880595420934], [116.15971208504074, 39.03880595420934], [116.15971208504074, 39.038985617266164]], [[116.15953242198391, 39.03970426949346], [116.15935275892708, 39.03970426949346], [116.15935275892708, 39.039524606436636], [116.15953242198391, 39.039524606436636], [116.15953242198391, 39.03970426949346]]]}, "properties": {"name": "cand08", "ptype": "hall", "confidence": "low", "rank": 8, "area_ha": 7.2, "rise_db": 9.7, "digitised_from": "Sentinel-1 VV rise 2022->2026, orbit 142"}}, {"type": "Feature", "geometry": {"geodesic": false, "type": "Polygon", "coordinates": [[[116.1354575723695, 39.00071738616267], [116.1354575723695, 39.00053772310585], [116.13509824625585, 39.00053772310585], [116.13509824625585, 39.00071738616267], [116.13473892014221, 39.00071738616267], [116.13473892014221, 39.00053772310585], [116.13455925708539, 39.00053772310585], [116.13455925708539, 38.99999873393538], [116.13437959402856, 38.99999873393538], [116.13437959402856, 39.00071738616267], [116.13419993097173, 39.00071738616267], [116.13419993097173, 39.00053772310585], [116.13330161568761, 39.00053772310585], [116.13330161568761, 39.00071738616267], [116.13276262651715, 39.00071738616267], [116.13276262651715, 39.00053772310585], [116.1316846481762, 39.00053772310585], [116.1316846481762, 39.00071738616267], [116.13132532206255, 39.00071738616267], [116.13132532206255, 39.00053772310585], [116.13114565900572, 39.00053772310585], [116.13114565900572, 38.99999873393538], [116.13096599594891, 38.99999873393538], [116.13096599594891, 38.99981907087855], [116.13078633289209, 38.99981907087855], [116.13078633289209, 38.99963940782173], [116.13096599594891, 38.99963940782173], [116.13096599594891, 38.999459744764906], [116.13132532206255, 38.999459744764906], [116.13132532206255, 38.99963940782173], [116.1316846481762, 38.99963940782173], [116.1316846481762, 38.99981907087855], [116.13204397428986, 38.99981907087855], [116.13204397428986, 38.99963940782173], [116.13222363734667, 38.99963940782173], [116.13222363734667, 38.99981907087855], [116.13258296346032, 38.99981907087855], [116.13258296346032, 38.99963940782173], [116.13276262651715, 38.99963940782173], [116.13276262651715, 38.99928008170808], [116.13294228957398, 38.99928008170808], [116.13294228957398, 38.999459744764906], [116.13312195263079, 38.999459744764906], [116.13312195263079, 38.99963940782173], [116.13366094180127, 38.99963940782173], [116.13366094180127, 38.999459744764906], [116.13402026791492, 38.999459744764906], [116.13402026791492, 38.99963940782173], [116.13419993097173, 38.99963940782173], [116.13419993097173, 38.99981907087855], [116.13455925708539, 38.99981907087855], [116.13455925708539, 38.99999873393538], [116.13491858319904, 38.99999873393538], [116.13491858319904, 39.000178396992204], [116.1354575723695, 39.000178396992204], [116.1354575723695, 38.99981907087855], [116.1361762245968, 38.99981907087855], [116.1361762245968, 39.000178396992204], [116.13635588765362, 39.000178396992204], [116.13635588765362, 39.00053772310585], [116.13581689848316, 39.00053772310585], [116.13581689848316, 39.00071738616267], [116.1354575723695, 39.00071738616267]], [[116.13132532206255, 38.99981907087855], [116.13114565900572, 38.99981907087855], [116.13114565900572, 38.99963940782173], [116.13132532206255, 38.99963940782173], [116.13132532206255, 38.99981907087855]], [[116.13258296346032, 39.000178396992204], [116.13222363734667, 39.000178396992204], [116.13222363734667, 38.99999873393538], [116.13258296346032, 38.99999873393538], [116.13258296346032, 39.000178396992204]], [[116.13419993097173, 39.000178396992204], [116.1338406048581, 39.000178396992204], [116.1338406048581, 38.99999873393538], [116.13419993097173, 38.99999873393538], [116.13419993097173, 39.000178396992204]]]}, "properties": {"name": "cand09", "ptype": "hall", "confidence": "low", "rank": 9, "area_ha": 5.2, "rise_db": 7.1, "digitised_from": "Sentinel-1 VV rise 2022->2026, orbit 142"}}, {"type": "Feature", "geometry": {"geodesic": false, "type": "Polygon", "coordinates": [[[116.15593916084742, 38.99029692886689], [116.15593916084742, 38.98975793969642], [116.15611882390425, 38.98975793969642], [116.15611882390425, 38.98957827663959], [116.15629848696108, 38.98957827663959], [116.15629848696108, 38.989218950525945], [116.15611882390425, 38.989218950525945], [116.15611882390425, 38.98885962441229], [116.15629848696108, 38.98885962441229], [116.15629848696108, 38.988500298298646], [116.15557983473379, 38.988500298298646], [116.15557983473379, 38.98867996135547], [116.15540017167696, 38.98867996135547], [116.15540017167696, 38.98885962441229], [116.1550408455633, 38.98885962441229], [116.1550408455633, 38.98867996135547], [116.15486118250648, 38.98867996135547], [116.15486118250648, 38.987961309128174], [116.1550408455633, 38.987961309128174], [116.1550408455633, 38.987781646071355], [116.15522050862013, 38.987781646071355], [116.15522050862013, 38.9874223199577], [116.15557983473379, 38.9874223199577], [116.15557983473379, 38.98724265690088], [116.1571968022452, 38.98724265690088], [116.1571968022452, 38.9874223199577], [116.15737646530202, 38.9874223199577], [116.15737646530202, 38.988140972185], [116.1571968022452, 38.988140972185], [116.1571968022452, 38.98867996135547], [116.15701713918837, 38.98867996135547], [116.15701713918837, 38.98903928746912], [116.15683747613154, 38.98903928746912], [116.15683747613154, 38.98993760275324], [116.15665781307473, 38.98993760275324], [116.15665781307473, 38.99011726581006], [116.15611882390425, 38.99011726581006], [116.15611882390425, 38.99029692886689], [116.15593916084742, 38.99029692886689]]]}, "properties": {"name": "cand10", "ptype": "hall", "confidence": "low", "rank": 10, "area_ha": 5.2, "rise_db": 7.3, "digitised_from": "Sentinel-1 VV rise 2022->2026, orbit 142"}}, {"type": "Feature", "geometry": {"geodesic": false, "type": "Polygon", "coordinates": [[[116.16384433534768, 39.040243258663935], [116.16384433534768, 39.04006359560711], [116.16366467229086, 39.04006359560711], [116.16366467229086, 39.03988393255028], [116.16348500923404, 39.03988393255028], [116.16348500923404, 39.039524606436636], [116.16330534617721, 39.039524606436636], [116.16330534617721, 39.038985617266164], [116.16366467229086, 39.038985617266164], [116.16366467229086, 39.03880595420934], [116.16384433534768, 39.03880595420934], [116.16384433534768, 39.03844662809569], [116.1640239984045, 39.03844662809569], [116.1640239984045, 39.03862629115252], [116.16420366146133, 39.03862629115252], [116.16420366146133, 39.03844662809569], [116.16492231368862, 39.03844662809569], [116.16492231368862, 39.03826696503887], [116.16510197674545, 39.03826696503887], [116.16510197674545, 39.03862629115252], [116.1654613028591, 39.03862629115252], [116.1654613028591, 39.03880595420934], [116.16564096591593, 39.03880595420934], [116.16564096591593, 39.038985617266164], [116.16582062897274, 39.038985617266164], [116.16582062897274, 39.03934494337981], [116.16564096591593, 39.03934494337981], [116.16564096591593, 39.039524606436636], [116.16582062897274, 39.039524606436636], [116.16582062897274, 39.03970426949346], [116.16600029202957, 39.03970426949346], [116.16600029202957, 39.040243258663935], [116.16384433534768, 39.040243258663935]]]}, "properties": {"name": "cand11", "ptype": "hall", "confidence": "low", "rank": 11, "area_ha": 4.8, "rise_db": 11.6, "digitised_from": "Sentinel-1 VV rise 2022->2026, orbit 142"}}, {"type": "Feature", "geometry": {"geodesic": false, "type": "Polygon", "coordinates": [[[116.13581689848316, 39.00610727786739], [116.13581689848316, 39.00592761481057], [116.13563723542633, 39.00592761481057], [116.13563723542633, 39.00520896258327], [116.1354575723695, 39.00520896258327], [116.1354575723695, 39.00502929952645], [116.13491858319904, 39.00502929952645], [116.13491858319904, 39.00520896258327], [116.13473892014221, 39.00520896258327], [116.13473892014221, 39.005388625640094], [116.13455925708539, 39.005388625640094], [116.13455925708539, 39.00484963646962], [116.13437959402856, 39.00484963646962], [116.13437959402856, 39.004490310355976], [116.13455925708539, 39.004490310355976], [116.13455925708539, 39.00431064729915], [116.13473892014221, 39.00431064729915], [116.13473892014221, 39.00413098424233], [116.13527790931268, 39.00413098424233], [116.13527790931268, 39.00431064729915], [116.1354575723695, 39.00431064729915], [116.1354575723695, 39.00413098424233], [116.13563723542633, 39.00413098424233], [116.13563723542633, 39.00431064729915], [116.1361762245968, 39.00431064729915], [116.1361762245968, 39.00413098424233], [116.13653555071045, 39.00413098424233], [116.13653555071045, 39.00502929952645], [116.13671521376727, 39.00502929952645], [116.13671521376727, 39.00520896258327], [116.1368948768241, 39.00520896258327], [116.1368948768241, 39.00556828869692], [116.13635588765362, 39.00556828869692], [116.13635588765362, 39.00574795175374], [116.1361762245968, 39.00574795175374], [116.1361762245968, 39.00592761481057], [116.13599656153998, 39.00592761481057], [116.13599656153998, 39.00610727786739], [116.13581689848316, 39.00610727786739]]]}, "properties": {"name": "cand12", "ptype": "hall", "confidence": "low", "rank": 12, "area_ha": 3.4, "rise_db": 7.8, "digitised_from": "Sentinel-1 VV rise 2022->2026, orbit 142"}}, {"type": "Feature", "geometry": {"geodesic": false, "type": "Polygon", "coordinates": [[[116.1068911463345, 39.017066724333645], [116.1068911463345, 39.016887061276826], [116.10617249410721, 39.016887061276826], [116.10617249410721, 39.01652773516318], [116.10653182022085, 39.01652773516318], [116.10653182022085, 39.01598874599271], [116.10671148327768, 39.01598874599271], [116.10671148327768, 39.01580908293588], [116.10707080939133, 39.01580908293588], [116.10707080939133, 39.015629419879055], [116.10725047244816, 39.015629419879055], [116.10725047244816, 39.015449756822235], [116.10778946161862, 39.015449756822235], [116.10778946161862, 39.01580908293588], [116.10743013550497, 39.01580908293588], [116.10743013550497, 39.016348072106354], [116.10725047244816, 39.016348072106354], [116.10725047244816, 39.01652773516318], [116.10778946161862, 39.01652773516318], [116.10778946161862, 39.016348072106354], [116.10796912467545, 39.016348072106354], [116.10796912467545, 39.01652773516318], [116.10814878773228, 39.01652773516318], [116.10814878773228, 39.016348072106354], [116.10850811384591, 39.016348072106354], [116.10850811384591, 39.01652773516318], [116.10886743995957, 39.01652773516318], [116.10886743995957, 39.017066724333645], [116.1068911463345, 39.017066724333645]], [[116.10743013550497, 39.01580908293588], [116.10725047244816, 39.01580908293588], [116.10725047244816, 39.015629419879055], [116.10743013550497, 39.015629419879055], [116.10743013550497, 39.01580908293588]]]}, "properties": {"name": "cand13", "ptype": "hall", "confidence": "low", "rank": 13, "area_ha": 2.7, "rise_db": 7.3, "digitised_from": "Sentinel-1 VV rise 2022->2026, orbit 142"}}, {"type": "Feature", "geometry": {"geodesic": false, "type": "Polygon", "coordinates": [[[116.1588137697566, 39.001795364503614], [116.1588137697566, 39.001615701446795], [116.1571968022452, 39.001615701446795], [116.1571968022452, 39.00107671227632], [116.15773579141567, 39.00107671227632], [116.15773579141567, 39.00125637533314], [116.15809511752931, 39.00125637533314], [116.15809511752931, 39.00107671227632], [116.15845444364297, 39.00107671227632], [116.15845444364297, 39.000897049219496], [116.1588137697566, 39.000897049219496], [116.1588137697566, 39.00107671227632], [116.15917309587026, 39.00107671227632], [116.15917309587026, 39.000897049219496], [116.15935275892708, 39.000897049219496], [116.15935275892708, 39.000358060049024], [116.15917309587026, 39.000358060049024], [116.15917309587026, 39.000178396992204], [116.15899343281343, 39.000178396992204], [116.15899343281343, 38.99981907087855], [116.15989174809755, 38.99981907087855], [116.15989174809755, 38.99999873393538], [116.1602510742112, 38.99999873393538], [116.1602510742112, 39.000358060049024], [116.15989174809755, 39.000358060049024], [116.15989174809755, 39.00071738616267], [116.15971208504074, 39.00071738616267], [116.15971208504074, 39.00107671227632], [116.15935275892708, 39.00107671227632], [116.15935275892708, 39.001615701446795], [116.15917309587026, 39.001615701446795], [116.15917309587026, 39.001795364503614], [116.1588137697566, 39.001795364503614]]]}, "properties": {"name": "cand14", "ptype": "hall", "confidence": "low", "rank": 14, "area_ha": 2.7, "rise_db": 7.1, "digitised_from": "Sentinel-1 VV rise 2022->2026, orbit 142"}}, {"type": "Feature", "geometry": {"geodesic": false, "type": "Polygon", "coordinates": [[[116.11659295140299, 39.00610727786739], [116.11659295140299, 39.00592761481057], [116.1158742991757, 39.00592761481057], [116.1158742991757, 39.00574795175374], [116.11551497306205, 39.00574795175374], [116.11551497306205, 39.00556828869692], [116.11515564694841, 39.00556828869692], [116.11515564694841, 39.00520896258327], [116.11497598389158, 39.00520896258327], [116.11497598389158, 39.00484963646962], [116.11515564694841, 39.00484963646962], [116.11515564694841, 39.004669973412796], [116.11569463611887, 39.004669973412796], [116.11569463611887, 39.004490310355976], [116.11605396223253, 39.004490310355976], [116.11605396223253, 39.004669973412796], [116.11659295140299, 39.004669973412796], [116.11659295140299, 39.00484963646962], [116.11677261445982, 39.00484963646962], [116.11677261445982, 39.00502929952645], [116.11659295140299, 39.00502929952645], [116.11659295140299, 39.00520896258327], [116.11623362528935, 39.00520896258327], [116.11623362528935, 39.00556828869692], [116.11641328834617, 39.00556828869692], [116.11641328834617, 39.005388625640094], [116.11659295140299, 39.005388625640094], [116.11659295140299, 39.00556828869692], [116.11677261445982, 39.00556828869692], [116.11677261445982, 39.00610727786739], [116.11659295140299, 39.00610727786739]]]}, "properties": {"name": "cand15", "ptype": "hall", "confidence": "low", "rank": 15, "area_ha": 2.2, "rise_db": 7.9, "digitised_from": "Sentinel-1 VV rise 2022->2026, orbit 142"}}, {"type": "Feature", "geometry": {"geodesic": false, "type": "Polygon", "coordinates": [[[116.17372580347299, 38.988500298298646], [116.17372580347299, 38.98832063524183], [116.17354614041618, 38.98832063524183], [116.17354614041618, 38.987781646071355], [116.17318681430253, 38.987781646071355], [116.17318681430253, 38.987961309128174], [116.1730071512457, 38.987961309128174], [116.1730071512457, 38.988140972185], [116.17282748818887, 38.988140972185], [116.17282748818887, 38.987961309128174], [116.17264782513205, 38.987961309128174], [116.17264782513205, 38.987781646071355], [116.17246816207523, 38.987781646071355], [116.17246816207523, 38.98760198301453], [116.17264782513205, 38.98760198301453], [116.17264782513205, 38.9874223199577], [116.17282748818887, 38.9874223199577], [116.17282748818887, 38.98724265690088], [116.1730071512457, 38.98724265690088], [116.1730071512457, 38.98688333078723], [116.17318681430253, 38.98688333078723], [116.17318681430253, 38.987062993844056], [116.17426479264347, 38.987062993844056], [116.17426479264347, 38.98832063524183], [116.17408512958664, 38.98832063524183], [116.17408512958664, 38.988500298298646], [116.17372580347299, 38.988500298298646]]]}, "properties": {"name": "cand16", "ptype": "hall", "confidence": "low", "rank": 16, "area_ha": 2.1, "rise_db": 6.0, "digitised_from": "Sentinel-1 VV rise 2022->2026, orbit 142"}}, {"type": "Feature", "geometry": {"geodesic": false, "type": "Polygon", "coordinates": [[[116.09700967820919, 39.01149716957211], [116.09700967820919, 39.01131750651528], [116.09683001515236, 39.01131750651528], [116.09683001515236, 39.01113784345846], [116.0962910259819, 39.01113784345846], [116.0962910259819, 39.01131750651528], [116.09539271069778, 39.01131750651528], [116.09539271069778, 39.01113784345846], [116.09521304764095, 39.01113784345846], [116.09521304764095, 39.01077851734481], [116.09539271069778, 39.01077851734481], [116.09539271069778, 39.010598854287984], [116.09647068903871, 39.010598854287984], [116.09647068903871, 39.01077851734481], [116.09700967820919, 39.01077851734481], [116.09700967820919, 39.010598854287984], [116.09790799349331, 39.010598854287984], [116.09790799349331, 39.01077851734481], [116.09808765655013, 39.01077851734481], [116.09808765655013, 39.01095818040164], [116.09790799349331, 39.01095818040164], [116.09790799349331, 39.01113784345846], [116.09772833043648, 39.01113784345846], [116.09772833043648, 39.01131750651528], [116.09718934126602, 39.01131750651528], [116.09718934126602, 39.01149716957211], [116.09700967820919, 39.01149716957211]]]}, "properties": {"name": "cand17", "ptype": "hall", "confidence": "low", "rank": 17, "area_ha": 2.1, "rise_db": 6.2, "digitised_from": "Sentinel-1 VV rise 2022->2026, orbit 142"}}, {"type": "Feature", "geometry": {"geodesic": false, "type": "Polygon", "coordinates": [[[116.13833218127868, 39.01904301795871], [116.13833218127868, 39.01886335490189], [116.13815251822186, 39.01886335490189], [116.13815251822186, 39.01868369184506], [116.13797285516505, 39.01868369184506], [116.13797285516505, 39.01850402878824], [116.13779319210822, 39.01850402878824], [116.13779319210822, 39.01796503961777], [116.13797285516505, 39.01796503961777], [116.13797285516505, 39.01652773516318], [116.13869150739234, 39.01652773516318], [116.13869150739234, 39.017785376560944], [116.13851184433551, 39.017785376560944], [116.13851184433551, 39.01868369184506], [116.13887117044916, 39.01868369184506], [116.13887117044916, 39.01904301795871], [116.13833218127868, 39.01904301795871]]]}, "properties": {"name": "cand18", "ptype": "hall", "confidence": "low", "rank": 18, "area_ha": 2.1, "rise_db": 7.3, "digitised_from": "Sentinel-1 VV rise 2022->2026, orbit 142"}}, {"type": "Feature", "geometry": {"geodesic": false, "type": "Polygon", "coordinates": [[[116.16725793342734, 39.02371425743613], [116.16725793342734, 39.023534594379306], [116.16707827037051, 39.023534594379306], [116.16707827037051, 39.02335493132249], [116.16689860731368, 39.02335493132249], [116.16689860731368, 39.02317526826566], [116.16653928120004, 39.02317526826566], [116.16653928120004, 39.022995605208834], [116.16671894425686, 39.022995605208834], [116.16671894425686, 39.022815942152015], [116.16707827037051, 39.022815942152015], [116.16707827037051, 39.02263627909519], [116.16725793342734, 39.02263627909519], [116.16725793342734, 39.02245661603837], [116.16743759648416, 39.02245661603837], [116.16743759648416, 39.022097289924716], [116.16761725954099, 39.022097289924716], [116.16761725954099, 39.021917626867896], [116.16851557482511, 39.021917626867896], [116.16851557482511, 39.02227695298154], [116.16833591176828, 39.02227695298154], [116.16833591176828, 39.02245661603837], [116.16869523788192, 39.02245661603837], [116.16869523788192, 39.022995605208834], [116.16833591176828, 39.022995605208834], [116.16833591176828, 39.02317526826566], [116.16815624871145, 39.02317526826566], [116.16815624871145, 39.02335493132249], [116.16761725954099, 39.02335493132249], [116.16761725954099, 39.023534594379306], [116.16743759648416, 39.023534594379306], [116.16743759648416, 39.02371425743613], [116.16725793342734, 39.02371425743613]], [[116.1677969225978, 39.02317526826566], [116.16725793342734, 39.02317526826566], [116.16725793342734, 39.022995605208834], [116.16743759648416, 39.022995605208834], [116.16743759648416, 39.022815942152015], [116.16761725954099, 39.022815942152015], [116.16761725954099, 39.02263627909519], [116.1677969225978, 39.02263627909519], [116.1677969225978, 39.02245661603837], [116.16815624871145, 39.02245661603837], [116.16815624871145, 39.022995605208834], [116.1677969225978, 39.022995605208834], [116.1677969225978, 39.02317526826566]]]}, "properties": {"name": "cand19", "ptype": "hall", "confidence": "low", "rank": 19, "area_ha": 2.1, "rise_db": 5.9, "digitised_from": "Sentinel-1 VV rise 2022->2026, orbit 142"}}, {"type": "Feature", "geometry": {"geodesic": false, "type": "Polygon", "coordinates": [[[116.12036587559629, 39.01994133324283], [116.12036587559629, 39.01976167018601], [116.12018621253948, 39.01976167018601], [116.12018621253948, 39.01994133324283], [116.12000654948265, 39.01994133324283], [116.12000654948265, 39.01976167018601], [116.11982688642583, 39.01976167018601], [116.11982688642583, 39.01958200712918], [116.12090486476677, 39.01958200712918], [116.12090486476677, 39.01940234407236], [116.12126419088041, 39.01940234407236], [116.12126419088041, 39.01958200712918], [116.12144385393724, 39.01958200712918], [116.12144385393724, 39.01940234407236], [116.12216250616454, 39.01940234407236], [116.12216250616454, 39.019222681015535], [116.12198284310772, 39.019222681015535], [116.12198284310772, 39.01904301795871], [116.12126419088041, 39.01904301795871], [116.12126419088041, 39.01886335490189], [116.12144385393724, 39.01886335490189], [116.12144385393724, 39.01868369184506], [116.12180318005089, 39.01868369184506], [116.12180318005089, 39.01850402878824], [116.12198284310772, 39.01850402878824], [116.12198284310772, 39.01832436573142], [116.12234216922135, 39.01832436573142], [116.12234216922135, 39.01796503961777], [116.12216250616454, 39.01796503961777], [116.12216250616454, 39.017785376560944], [116.12234216922135, 39.017785376560944], [116.12234216922135, 39.01760571350412], [116.12252183227818, 39.01760571350412], [116.12252183227818, 39.01814470267459], [116.12306082144866, 39.01814470267459], [116.12306082144866, 39.01832436573142], [116.12288115839183, 39.01832436573142], [116.12288115839183, 39.01850402878824], [116.12252183227818, 39.01850402878824], [116.12252183227818, 39.01868369184506], [116.12216250616454, 39.01868369184506], [116.12216250616454, 39.01886335490189], [116.12198284310772, 39.01886335490189], [116.12198284310772, 39.01904301795871], [116.12234216922135, 39.01904301795871], [116.12234216922135, 39.01940234407236], [116.12216250616454, 39.01940234407236], [116.12216250616454, 39.01958200712918], [116.12198284310772, 39.01958200712918], [116.12198284310772, 39.01976167018601], [116.1210845278236, 39.01976167018601], [116.1210845278236, 39.01958200712918], [116.12090486476677, 39.01958200712918], [116.12090486476677, 39.01976167018601], [116.12072520170994, 39.01976167018601], [116.12072520170994, 39.01994133324283], [116.12036587559629, 39.01994133324283]]]}, "properties": {"name": "cand20", "ptype": "hall", "confidence": "low", "rank": 20, "area_ha": 1.9, "rise_db": 5.4, "digitised_from": "Sentinel-1 VV rise 2022->2026, orbit 142"}}, {"type": "Feature", "geometry": {"geodesic": false, "type": "Polygon", "coordinates": [[[116.15899343281343, 38.99371052694654], [116.15899343281343, 38.99353086388972], [116.1588137697566, 38.99353086388972], [116.1588137697566, 38.99281221166242], [116.1586341066998, 38.99281221166242], [116.1586341066998, 38.9926325486056], [116.15899343281343, 38.9926325486056], [116.15899343281343, 38.99245288554877], [116.15917309587026, 38.99245288554877], [116.15917309587026, 38.992093559435126], [116.15935275892708, 38.992093559435126], [116.15935275892708, 38.9919138963783], [116.15953242198391, 38.9919138963783], [116.15953242198391, 38.99173423332148], [116.1602510742112, 38.99173423332148], [116.1602510742112, 38.992093559435126], [116.16043073726803, 38.992093559435126], [116.16043073726803, 38.99227322249195], [116.1602510742112, 38.99227322249195], [116.1602510742112, 38.99245288554877], [116.16007141115438, 38.99245288554877], [116.16007141115438, 38.9926325486056], [116.15953242198391, 38.9926325486056], [116.15953242198391, 38.99281221166242], [116.15935275892708, 38.99281221166242], [116.15935275892708, 38.99371052694654], [116.15899343281343, 38.99371052694654]]]}, "properties": {"name": "cand21", "ptype": "hall", "confidence": "low", "rank": 21, "area_ha": 1.9, "rise_db": 8.5, "digitised_from": "Sentinel-1 VV rise 2022->2026, orbit 142"}}, {"type": "Feature", "geometry": {"geodesic": false, "type": "Polygon", "coordinates": [[[116.12629475647148, 39.022815942152015], [116.12629475647148, 39.02245661603837], [116.12575576730102, 39.02245661603837], [116.12575576730102, 39.02227695298154], [116.12539644118736, 39.02227695298154], [116.12539644118736, 39.022097289924716], [116.12521677813054, 39.022097289924716], [116.12521677813054, 39.021917626867896], [116.1248574520169, 39.021917626867896], [116.1248574520169, 39.02173796381107], [116.12431846284642, 39.02173796381107], [116.12431846284642, 39.02155830075424], [116.12377947367595, 39.02155830075424], [116.12377947367595, 39.021378637697424], [116.12359981061913, 39.021378637697424], [116.12359981061913, 39.02101931158377], [116.12377947367595, 39.02101931158377], [116.12377947367595, 39.02083964852695], [116.12395913673278, 39.02083964852695], [116.12395913673278, 39.02101931158377], [116.12431846284642, 39.02101931158377], [116.12431846284642, 39.0211989746406], [116.12503711507372, 39.0211989746406], [116.12503711507372, 39.021378637697424], [116.12521677813054, 39.021378637697424], [116.12521677813054, 39.02155830075424], [116.12557610424419, 39.02155830075424], [116.12557610424419, 39.02173796381107], [116.12575576730102, 39.02173796381107], [116.12575576730102, 39.021917626867896], [116.12593543035784, 39.021917626867896], [116.12593543035784, 39.02227695298154], [116.12629475647148, 39.02227695298154], [116.12629475647148, 39.02245661603837], [116.12665408258513, 39.02245661603837], [116.12665408258513, 39.022815942152015], [116.12629475647148, 39.022815942152015]]]}, "properties": {"name": "cand22", "ptype": "hall", "confidence": "low", "rank": 22, "area_ha": 1.9, "rise_db": 6.1, "digitised_from": "Sentinel-1 VV rise 2022->2026, orbit 142"}}, {"type": "Feature", "geometry": {"geodesic": false, "type": "Polygon", "coordinates": [[[116.16348500923404, 39.003232668958205], [116.16348500923404, 39.003053005901386], [116.16330534617721, 39.003053005901386], [116.16330534617721, 39.00269367978773], [116.16348500923404, 39.00269367978773], [116.16348500923404, 39.00233435367409], [116.16366467229086, 39.00233435367409], [116.16366467229086, 39.00197502756044], [116.16384433534768, 39.00197502756044], [116.16384433534768, 39.001795364503614], [116.16366467229086, 39.001795364503614], [116.16366467229086, 39.001615701446795], [116.16438332451816, 39.001615701446795], [116.16438332451816, 39.001795364503614], [116.1647426506318, 39.001795364503614], [116.1647426506318, 39.00197502756044], [116.16528163980227, 39.00197502756044], [116.16528163980227, 39.00215469061727], [116.16510197674545, 39.00215469061727], [116.16510197674545, 39.00233435367409], [116.16492231368862, 39.00233435367409], [116.16492231368862, 39.00215469061727], [116.16438332451816, 39.00215469061727], [116.16438332451816, 39.00251401673091], [116.16420366146133, 39.00251401673091], [116.16420366146133, 39.003053005901386], [116.1640239984045, 39.003053005901386], [116.1640239984045, 39.003232668958205], [116.16348500923404, 39.003232668958205]]]}, "properties": {"name": "cand23", "ptype": "hall", "confidence": "low", "rank": 23, "area_ha": 1.8, "rise_db": 7.4, "digitised_from": "Sentinel-1 VV rise 2022->2026, orbit 142"}}, {"type": "Feature", "geometry": {"geodesic": false, "type": "Polygon", "coordinates": [[[116.13635588765362, 39.02101931158377], [116.13635588765362, 39.02030065935648], [116.1361762245968, 39.02030065935648], [116.1361762245968, 39.019222681015535], [116.13635588765362, 39.019222681015535], [116.13635588765362, 39.01904301795871], [116.1368948768241, 39.01904301795871], [116.1368948768241, 39.01940234407236], [116.13707453988091, 39.01940234407236], [116.13707453988091, 39.01958200712918], [116.13725420293774, 39.01958200712918], [116.13725420293774, 39.01976167018601], [116.13743386599457, 39.01976167018601], [116.13743386599457, 39.02012099629965], [116.13725420293774, 39.02012099629965], [116.13725420293774, 39.02030065935648], [116.1368948768241, 39.02030065935648], [116.1368948768241, 39.020480322413306], [116.13671521376727, 39.020480322413306], [116.13671521376727, 39.020659985470125], [116.13653555071045, 39.020659985470125], [116.13653555071045, 39.02101931158377], [116.13635588765362, 39.02101931158377]]]}, "properties": {"name": "cand24", "ptype": "hall", "confidence": "low", "rank": 24, "area_ha": 1.8, "rise_db": 8.6, "digitised_from": "Sentinel-1 VV rise 2022->2026, orbit 142"}}, {"type": "Feature", "geometry": {"geodesic": false, "type": "Polygon", "coordinates": [[[116.09215877567495, 39.024253246606605], [116.09215877567495, 39.021917626867896], [116.09233843873177, 39.021917626867896], [116.09233843873177, 39.022097289924716], [116.09251810178858, 39.022097289924716], [116.09251810178858, 39.02263627909519], [116.09287742790224, 39.02263627909519], [116.09287742790224, 39.02389392049296], [116.09305709095906, 39.02389392049296], [116.09305709095906, 39.02407358354978], [116.09287742790224, 39.02407358354978], [116.09287742790224, 39.024253246606605], [116.09215877567495, 39.024253246606605]]]}, "properties": {"name": "cand25", "ptype": "hall", "confidence": "low", "rank": 25, "area_ha": 1.8, "rise_db": 7.9, "digitised_from": "Sentinel-1 VV rise 2022->2026, orbit 142"}}, {"type": "Feature", "geometry": {"geodesic": false, "type": "Polygon", "coordinates": [[[116.1128200272097, 39.001795364503614], [116.1128200272097, 39.00053772310585], [116.11299969026652, 39.00053772310585], [116.11299969026652, 39.00071738616267], [116.11335901638016, 39.00071738616267], [116.11335901638016, 39.00053772310585], [116.11317935332335, 39.00053772310585], [116.11317935332335, 39.000358060049024], [116.11335901638016, 39.000358060049024], [116.11335901638016, 39.000178396992204], [116.11353867943699, 39.000178396992204], [116.11353867943699, 39.000358060049024], [116.11371834249381, 39.000358060049024], [116.11371834249381, 39.000897049219496], [116.11389800555064, 39.000897049219496], [116.11389800555064, 39.001795364503614], [116.1128200272097, 39.001795364503614]]]}, "properties": {"name": "cand26", "ptype": "hall", "confidence": "low", "rank": 26, "area_ha": 1.7, "rise_db": 7.2, "digitised_from": "Sentinel-1 VV rise 2022->2026, orbit 142"}}, {"type": "Feature", "geometry": {"geodesic": false, "type": "Polygon", "coordinates": [[[116.11174204886875, 38.96999500344579], [116.11174204886875, 38.96981534038896], [116.11156238581192, 38.96981534038896], [116.11156238581192, 38.96927635121849], [116.1113827227551, 38.96927635121849], [116.1113827227551, 38.96909668816166], [116.11174204886875, 38.96909668816166], [116.11174204886875, 38.968917025104844], [116.1128200272097, 38.968917025104844], [116.1128200272097, 38.96873736204802], [116.11299969026652, 38.96873736204802], [116.11299969026652, 38.96927635121849], [116.1128200272097, 38.96927635121849], [116.1128200272097, 38.969635677332136], [116.11264036415287, 38.969635677332136], [116.11264036415287, 38.96981534038896], [116.11228103803923, 38.96981534038896], [116.11228103803923, 38.96999500344579], [116.11174204886875, 38.96999500344579]]]}, "properties": {"name": "cand27", "ptype": "hall", "confidence": "low", "rank": 27, "area_ha": 1.6, "rise_db": 9.1, "digitised_from": "Sentinel-1 VV rise 2022->2026, orbit 142"}}, {"type": "Feature", "geometry": {"geodesic": false, "type": "Polygon", "coordinates": [[[116.15827478058614, 38.970354329559434], [116.15827478058614, 38.97017466650261], [116.15809511752931, 38.97017466650261], [116.15809511752931, 38.969635677332136], [116.15791545447249, 38.969635677332136], [116.15791545447249, 38.96927635121849], [116.15809511752931, 38.96927635121849], [116.15809511752931, 38.96909668816166], [116.15827478058614, 38.96909668816166], [116.15827478058614, 38.968917025104844], [116.1586341066998, 38.968917025104844], [116.1586341066998, 38.96909668816166], [116.15917309587026, 38.96909668816166], [116.15917309587026, 38.96927635121849], [116.15935275892708, 38.96927635121849], [116.15935275892708, 38.969456014275316], [116.15917309587026, 38.969456014275316], [116.15917309587026, 38.96981534038896], [116.1588137697566, 38.96981534038896], [116.1588137697566, 38.97017466650261], [116.1586341066998, 38.97017466650261], [116.1586341066998, 38.970354329559434], [116.15827478058614, 38.970354329559434]]]}, "properties": {"name": "cand28", "ptype": "hall", "confidence": "low", "rank": 28, "area_ha": 1.6, "rise_db": 7.1, "digitised_from": "Sentinel-1 VV rise 2022->2026, orbit 142"}}, {"type": "Feature", "geometry": {"geodesic": false, "type": "Polygon", "coordinates": [[[116.17121052067746, 38.97304927541179], [116.17121052067746, 38.97286961235497], [116.17103085762064, 38.97286961235497], [116.17103085762064, 38.97251028624132], [116.17139018373429, 38.97251028624132], [116.17139018373429, 38.9716119709572], [116.17156984679112, 38.9716119709572], [116.17156984679112, 38.97125264484355], [116.17174950984793, 38.97125264484355], [116.17174950984793, 38.97143230790038], [116.17192917290475, 38.97143230790038], [116.17192917290475, 38.9716119709572], [116.17210883596158, 38.9716119709572], [116.17210883596158, 38.971791634014025], [116.1722884990184, 38.971791634014025], [116.1722884990184, 38.9716119709572], [116.17246816207523, 38.9716119709572], [116.17246816207523, 38.971791634014025], [116.17264782513205, 38.971791634014025], [116.17264782513205, 38.97215096012767], [116.1722884990184, 38.97215096012767], [116.1722884990184, 38.97197129707085], [116.17192917290475, 38.97197129707085], [116.17192917290475, 38.97251028624132], [116.17174950984793, 38.97251028624132], [116.17174950984793, 38.97268994929814], [116.17192917290475, 38.97268994929814], [116.17192917290475, 38.97304927541179], [116.17121052067746, 38.97304927541179]]]}, "properties": {"name": "cand29", "ptype": "hall", "confidence": "low", "rank": 29, "area_ha": 1.6, "rise_db": 6.7, "digitised_from": "Sentinel-1 VV rise 2022->2026, orbit 142"}}, {"type": "Feature", "geometry": {"geodesic": false, "type": "Polygon", "coordinates": [[[116.13150498511938, 39.00413098424233], [116.13150498511938, 39.003951321185504], [116.13114565900572, 39.003951321185504], [116.13114565900572, 39.003232668958205], [116.13132532206255, 39.003232668958205], [116.13132532206255, 39.003053005901386], [116.13186431123303, 39.003053005901386], [116.13186431123303, 39.00287334284456], [116.13204397428986, 39.00287334284456], [116.13204397428986, 39.00269367978773], [116.1324033004035, 39.00269367978773], [116.1324033004035, 39.00413098424233], [116.13150498511938, 39.00413098424233]], [[116.13222363734667, 39.00377165812868], [116.13186431123303, 39.00377165812868], [116.13186431123303, 39.003232668958205], [116.13222363734667, 39.003232668958205], [116.13222363734667, 39.00341233201503], [116.13204397428986, 39.00341233201503], [116.13204397428986, 39.00359199507186], [116.13222363734667, 39.00359199507186], [116.13222363734667, 39.00377165812868]]]}, "properties": {"name": "cand30", "ptype": "hall", "confidence": "low", "rank": 30, "area_ha": 1.6, "rise_db": 6.1, "digitised_from": "Sentinel-1 VV rise 2022->2026, orbit 142"}}, {"type": "Feature", "geometry": {"geodesic": false, "type": "Polygon", "coordinates": [[[116.16240703089309, 39.00053772310585], [116.16240703089309, 38.99999873393538], [116.16222736783627, 38.99999873393538], [116.16222736783627, 38.99981907087855], [116.16150871560897, 38.99981907087855], [116.16150871560897, 38.99928008170808], [116.16132905255215, 38.99928008170808], [116.16132905255215, 38.99892075559443], [116.16150871560897, 38.99892075559443], [116.16150871560897, 38.99874109253761], [116.16204770477944, 38.99874109253761], [116.16204770477944, 38.99892075559443], [116.16222736783627, 38.99892075559443], [116.16222736783627, 38.99928008170808], [116.16240703089309, 38.99928008170808], [116.16240703089309, 38.99963940782173], [116.16276635700673, 38.99963940782173], [116.16276635700673, 38.99999873393538], [116.16258669394992, 38.99999873393538], [116.16258669394992, 39.000178396992204], [116.16276635700673, 39.000178396992204], [116.16276635700673, 39.000358060049024], [116.16258669394992, 39.000358060049024], [116.16258669394992, 39.00053772310585], [116.16240703089309, 39.00053772310585]]]}, "properties": {"name": "cand31", "ptype": "hall", "confidence": "low", "rank": 31, "area_ha": 1.5, "rise_db": 7.1, "digitised_from": "Sentinel-1 VV rise 2022->2026, orbit 142"}}, {"type": "Feature", "geometry": {"geodesic": false, "type": "Polygon", "coordinates": [[[116.12881003926702, 39.0129344740267], [116.12881003926702, 39.012754810969874], [116.1286303762102, 39.012754810969874], [116.1286303762102, 39.01257514791305], [116.12845071315337, 39.01257514791305], [116.12845071315337, 39.01239548485623], [116.1286303762102, 39.01239548485623], [116.1286303762102, 39.01203615874258], [116.12934902843749, 39.01203615874258], [116.12934902843749, 39.011856495685755], [116.12970835455114, 39.011856495685755], [116.12970835455114, 39.01203615874258], [116.12988801760797, 39.01203615874258], [116.12988801760797, 39.01257514791305], [116.12970835455114, 39.01257514791305], [116.12970835455114, 39.0129344740267], [116.12881003926702, 39.0129344740267]]]}, "properties": {"name": "cand32", "ptype": "hall", "confidence": "low", "rank": 32, "area_ha": 1.4, "rise_db": 8.1, "digitised_from": "Sentinel-1 VV rise 2022->2026, orbit 142"}}, {"type": "Feature", "geometry": {"geodesic": false, "type": "Polygon", "coordinates": [[[116.15324421499507, 39.01455144153812], [116.15324421499507, 39.014192115424464], [116.1534238780519, 39.014192115424464], [116.1534238780519, 39.01347346319717], [116.15360354110872, 39.01347346319717], [116.15360354110872, 39.013293800140346], [116.15378320416555, 39.013293800140346], [116.15378320416555, 39.01311413708352], [116.15432219333601, 39.01311413708352], [116.15432219333601, 39.013293800140346], [116.15450185639284, 39.013293800140346], [116.15450185639284, 39.01365312625399], [116.15432219333601, 39.01365312625399], [116.15432219333601, 39.01383278931082], [116.15414253027919, 39.01383278931082], [116.15414253027919, 39.014012452367645], [116.15396286722236, 39.014012452367645], [116.15396286722236, 39.01437177848129], [116.15378320416555, 39.01437177848129], [116.15378320416555, 39.01455144153812], [116.15324421499507, 39.01455144153812]]]}, "properties": {"name": "cand33", "ptype": "hall", "confidence": "low", "rank": 33, "area_ha": 1.3, "rise_db": 8.3, "digitised_from": "Sentinel-1 VV rise 2022->2026, orbit 142"}}, {"type": "Feature", "geometry": {"geodesic": false, "type": "Polygon", "coordinates": [[[116.10329788519803, 39.00413098424233], [116.10329788519803, 39.003951321185504], [116.10293855908438, 39.003951321185504], [116.10293855908438, 39.00413098424233], [116.10204024380026, 39.00413098424233], [116.10204024380026, 39.00377165812868], [116.10221990685709, 39.00377165812868], [116.10221990685709, 39.00359199507186], [116.10257923297073, 39.00359199507186], [116.10257923297073, 39.00341233201503], [116.10293855908438, 39.00341233201503], [116.10293855908438, 39.003232668958205], [116.1031182221412, 39.003232668958205], [116.1031182221412, 39.00359199507186], [116.10401653742532, 39.00359199507186], [116.10401653742532, 39.00377165812868], [116.1038368743685, 39.00377165812868], [116.1038368743685, 39.00413098424233], [116.10329788519803, 39.00413098424233]]]}, "properties": {"name": "cand34", "ptype": "hall", "confidence": "low", "rank": 34, "area_ha": 1.3, "rise_db": 5.2, "digitised_from": "Sentinel-1 VV rise 2022->2026, orbit 142"}}, {"type": "Feature", "geometry": {"geodesic": false, "type": "Polygon", "coordinates": [[[116.1406678010174, 39.008263234549275], [116.1406678010174, 39.008083571492456], [116.14048813796057, 39.008083571492456], [116.14048813796057, 39.007544582321984], [116.1406678010174, 39.007544582321984], [116.1406678010174, 39.00736491926516], [116.14030847490375, 39.00736491926516], [116.14030847490375, 39.0077242453788], [116.14012881184692, 39.0077242453788], [116.14012881184692, 39.00790390843563], [116.13958982267646, 39.00790390843563], [116.13958982267646, 39.007544582321984], [116.13976948573328, 39.007544582321984], [116.13976948573328, 39.00736491926516], [116.14030847490375, 39.00736491926516], [116.14030847490375, 39.00718525620833], [116.14048813796057, 39.00718525620833], [116.14048813796057, 39.00700559315151], [116.14102712713104, 39.00700559315151], [116.14102712713104, 39.00718525620833], [116.14120679018787, 39.00718525620833], [116.14120679018787, 39.00736491926516], [116.14138645324469, 39.00736491926516], [116.14138645324469, 39.007544582321984], [116.14120679018787, 39.007544582321984], [116.14120679018787, 39.0077242453788], [116.14084746407423, 39.0077242453788], [116.14084746407423, 39.00790390843563], [116.14102712713104, 39.00790390843563], [116.14102712713104, 39.008083571492456], [116.14084746407423, 39.008083571492456], [116.14084746407423, 39.008263234549275], [116.1406678010174, 39.008263234549275]]]}, "properties": {"name": "cand35", "ptype": "hall", "confidence": "low", "rank": 35, "area_ha": 1.3, "rise_db": 6.2, "digitised_from": "Sentinel-1 VV rise 2022->2026, orbit 142"}}, {"type": "Feature", "geometry": {"geodesic": false, "type": "Polygon", "coordinates": [[[116.10293855908438, 39.02335493132249], [116.10293855908438, 39.02263627909519], [116.10275889602755, 39.02263627909519], [116.10275889602755, 39.022097289924716], [116.1031182221412, 39.022097289924716], [116.1031182221412, 39.02245661603837], [116.10329788519803, 39.02245661603837], [116.10329788519803, 39.02227695298154], [116.10347754825484, 39.02227695298154], [116.10347754825484, 39.02173796381107], [116.10365721131167, 39.02173796381107], [116.10365721131167, 39.02155830075424], [116.1038368743685, 39.02155830075424], [116.1038368743685, 39.02173796381107], [116.10401653742532, 39.02173796381107], [116.10401653742532, 39.02245661603837], [116.1038368743685, 39.02245661603837], [116.1038368743685, 39.02263627909519], [116.10329788519803, 39.02263627909519], [116.10329788519803, 39.02335493132249], [116.10293855908438, 39.02335493132249]]]}, "properties": {"name": "cand36", "ptype": "hall", "confidence": "low", "rank": 36, "area_ha": 1.3, "rise_db": 6.6, "digitised_from": "Sentinel-1 VV rise 2022->2026, orbit 142"}}, {"type": "Feature", "geometry": {"geodesic": false, "type": "Polygon", "coordinates": [[[116.11317935332335, 39.00431064729915], [116.11317935332335, 39.00413098424233], [116.11299969026652, 39.00413098424233], [116.11299969026652, 39.00431064729915], [116.1128200272097, 39.00431064729915], [116.1128200272097, 39.00413098424233], [116.11264036415287, 39.00413098424233], [116.11264036415287, 39.00431064729915], [116.11174204886875, 39.00431064729915], [116.11174204886875, 39.003951321185504], [116.11192171192558, 39.003951321185504], [116.11192171192558, 39.00377165812868], [116.11371834249381, 39.00377165812868], [116.11371834249381, 39.003951321185504], [116.11389800555064, 39.003951321185504], [116.11389800555064, 39.00413098424233], [116.11371834249381, 39.00413098424233], [116.11371834249381, 39.00431064729915], [116.11317935332335, 39.00431064729915]]]}, "properties": {"name": "cand37", "ptype": "hall", "confidence": "low", "rank": 37, "area_ha": 1.2, "rise_db": 6.5, "digitised_from": "Sentinel-1 VV rise 2022->2026, orbit 142"}}, {"type": "Feature", "geometry": {"geodesic": false, "type": "Polygon", "coordinates": [[[116.148213649404, 39.040243258663935], [116.148213649404, 39.03988393255028], [116.14839331246083, 39.03988393255028], [116.14839331246083, 39.03934494337981], [116.14857297551765, 39.03934494337981], [116.14857297551765, 39.03916528032299], [116.14893230163129, 39.03916528032299], [116.14893230163129, 39.03934494337981], [116.14911196468812, 39.03934494337981], [116.14911196468812, 39.039524606436636], [116.14929162774494, 39.039524606436636], [116.14929162774494, 39.03970426949346], [116.14947129080177, 39.03970426949346], [116.14947129080177, 39.03988393255028], [116.14929162774494, 39.03988393255028], [116.14929162774494, 39.04006359560711], [116.14911196468812, 39.04006359560711], [116.14911196468812, 39.040243258663935], [116.148213649404, 39.040243258663935]]]}, "properties": {"name": "cand38", "ptype": "hall", "confidence": "low", "rank": 38, "area_ha": 1.1, "rise_db": 9.3, "digitised_from": "Sentinel-1 VV rise 2022->2026, orbit 142"}}, {"type": "Feature", "geometry": {"geodesic": false, "type": "Polygon", "coordinates": [[[116.14210510547198, 38.971791634014025], [116.14210510547198, 38.9716119709572], [116.14192544241517, 38.9716119709572], [116.14192544241517, 38.97143230790038], [116.14174577935835, 38.97143230790038], [116.14174577935835, 38.97125264484355], [116.14228476852881, 38.97125264484355], [116.14228476852881, 38.971072981786726], [116.14246443158564, 38.971072981786726], [116.14246443158564, 38.97089331872991], [116.14228476852881, 38.97089331872991], [116.14228476852881, 38.97071365567308], [116.14246443158564, 38.97071365567308], [116.14246443158564, 38.970533992616254], [116.14282375769929, 38.970533992616254], [116.14282375769929, 38.97071365567308], [116.1430034207561, 38.97071365567308], [116.1430034207561, 38.97125264484355], [116.14282375769929, 38.97125264484355], [116.14282375769929, 38.9716119709572], [116.14264409464246, 38.9716119709572], [116.14264409464246, 38.971791634014025], [116.14210510547198, 38.971791634014025]]]}, "properties": {"name": "cand39", "ptype": "hall", "confidence": "low", "rank": 39, "area_ha": 1.1, "rise_db": 6.9, "digitised_from": "Sentinel-1 VV rise 2022->2026, orbit 142"}}, {"type": "Feature", "geometry": {"geodesic": false, "type": "Polygon", "coordinates": [[[116.1782173798936, 38.97574422126415], [116.1782173798936, 38.97520523209368], [116.17839704295042, 38.97520523209368], [116.17839704295042, 38.97502556903685], [116.17857670600725, 38.97502556903685], [116.17857670600725, 38.97484590598003], [116.17929535823454, 38.97484590598003], [116.17929535823454, 38.97502556903685], [116.17947502129137, 38.97502556903685], [116.17947502129137, 38.975384895150505], [116.17929535823454, 38.975384895150505], [116.17929535823454, 38.975564558207324], [116.17893603212089, 38.975564558207324], [116.17893603212089, 38.97574422126415], [116.1782173798936, 38.97574422126415]]]}, "properties": {"name": "cand40", "ptype": "hall", "confidence": "low", "rank": 40, "area_ha": 1.1, "rise_db": 7.6, "digitised_from": "Sentinel-1 VV rise 2022->2026, orbit 142"}}, {"type": "Feature", "geometry": {"geodesic": false, "type": "Polygon", "coordinates": [[[116.13294228957398, 39.003951321185504], [116.13294228957398, 39.00377165812868], [116.13276262651715, 39.00377165812868], [116.13276262651715, 39.003232668958205], [116.13294228957398, 39.003232668958205], [116.13294228957398, 39.003053005901386], [116.13312195263079, 39.003053005901386], [116.13312195263079, 39.00359199507186], [116.13366094180127, 39.00359199507186], [116.13366094180127, 39.00341233201503], [116.13402026791492, 39.00341233201503], [116.13402026791492, 39.003232668958205], [116.13437959402856, 39.003232668958205], [116.13437959402856, 39.00341233201503], [116.13455925708539, 39.00341233201503], [116.13455925708539, 39.00359199507186], [116.13473892014221, 39.00359199507186], [116.13473892014221, 39.00377165812868], [116.13455925708539, 39.00377165812868], [116.13455925708539, 39.00359199507186], [116.13419993097173, 39.00359199507186], [116.13419993097173, 39.00377165812868], [116.13402026791492, 39.00377165812868], [116.13402026791492, 39.003951321185504], [116.13294228957398, 39.003951321185504]]]}, "properties": {"name": "cand41", "ptype": "hall", "confidence": "low", "rank": 41, "area_ha": 1.1, "rise_db": 5.7, "digitised_from": "Sentinel-1 VV rise 2022->2026, orbit 142"}}, {"type": "Feature", "geometry": {"geodesic": false, "type": "Polygon", "coordinates": [[[116.16132905255215, 39.040243258663935], [116.16132905255215, 39.04006359560711], [116.16114938949532, 39.04006359560711], [116.16114938949532, 39.03988393255028], [116.16186804172261, 39.03988393255028], [116.16186804172261, 39.03970426949346], [116.16204770477944, 39.03970426949346], [116.16204770477944, 39.039524606436636], [116.16258669394992, 39.039524606436636], [116.16258669394992, 39.03970426949346], [116.16276635700673, 39.03970426949346], [116.16276635700673, 39.03988393255028], [116.16294602006356, 39.03988393255028], [116.16294602006356, 39.040243258663935], [116.16132905255215, 39.040243258663935]]]}, "properties": {"name": "cand42", "ptype": "hall", "confidence": "low", "rank": 42, "area_ha": 1.1, "rise_db": 9.7, "digitised_from": "Sentinel-1 VV rise 2022->2026, orbit 142"}}, {"type": "Feature", "geometry": {"geodesic": false, "type": "Polygon", "coordinates": [[[116.1210845278236, 38.97969680851428], [116.1210845278236, 38.97951714545745], [116.12090486476677, 38.97951714545745], [116.12090486476677, 38.97933748240063], [116.1210845278236, 38.97933748240063], [116.1210845278236, 38.979157819343804], [116.12126419088041, 38.979157819343804], [116.12126419088041, 38.97897815628698], [116.1210845278236, 38.97897815628698], [116.1210845278236, 38.97879849323016], [116.12126419088041, 38.97879849323016], [116.12126419088041, 38.97861883017333], [116.12144385393724, 38.97861883017333], [116.12144385393724, 38.978439167116505], [116.12180318005089, 38.978439167116505], [116.12180318005089, 38.97861883017333], [116.12198284310772, 38.97861883017333], [116.12198284310772, 38.979157819343804], [116.12180318005089, 38.979157819343804], [116.12180318005089, 38.97933748240063], [116.12162351699406, 38.97933748240063], [116.12162351699406, 38.97969680851428], [116.1210845278236, 38.97969680851428]]]}, "properties": {"name": "cand43", "ptype": "hall", "confidence": "low", "rank": 43, "area_ha": 1.0, "rise_db": 8.8, "digitised_from": "Sentinel-1 VV rise 2022->2026, orbit 142"}}, {"type": "Feature", "geometry": {"geodesic": false, "type": "Polygon", "coordinates": [[[116.15683747613154, 38.97268994929814], [116.15683747613154, 38.97143230790038], [116.15701713918837, 38.97143230790038], [116.15701713918837, 38.97125264484355], [116.1571968022452, 38.97125264484355], [116.1571968022452, 38.971072981786726], [116.15755612835885, 38.971072981786726], [116.15755612835885, 38.97125264484355], [116.15737646530202, 38.97125264484355], [116.15737646530202, 38.97143230790038], [116.15755612835885, 38.97143230790038], [116.15755612835885, 38.97197129707085], [116.15737646530202, 38.97197129707085], [116.15737646530202, 38.9723306231845], [116.1571968022452, 38.9723306231845], [116.1571968022452, 38.97251028624132], [116.15701713918837, 38.97251028624132], [116.15701713918837, 38.97268994929814], [116.15683747613154, 38.97268994929814]]]}, "properties": {"name": "cand44", "ptype": "hall", "confidence": "low", "rank": 44, "area_ha": 1.0, "rise_db": 6.5, "digitised_from": "Sentinel-1 VV rise 2022->2026, orbit 142"}}, {"type": "Feature", "geometry": {"geodesic": false, "type": "Polygon", "coordinates": [[[116.179834347405, 38.99245288554877], [116.179834347405, 38.99227322249195], [116.17965468434818, 38.99227322249195], [116.17965468434818, 38.991554570264654], [116.17947502129137, 38.991554570264654], [116.17947502129137, 38.99137490720783], [116.17965468434818, 38.99137490720783], [116.17965468434818, 38.99119524415101], [116.179834347405, 38.99119524415101], [116.179834347405, 38.99101558109418], [116.18001401046183, 38.99101558109418], [116.18001401046183, 38.990835918037355], [116.18037333657549, 38.990835918037355], [116.18037333657549, 38.99119524415101], [116.18055299963231, 38.99119524415101], [116.18055299963231, 38.99137490720783], [116.18037333657549, 38.99137490720783], [116.18037333657549, 38.991554570264654], [116.18019367351866, 38.991554570264654], [116.18019367351866, 38.99173423332148], [116.18001401046183, 38.99173423332148], [116.18001401046183, 38.99245288554877], [116.179834347405, 38.99245288554877]]]}, "properties": {"name": "cand45", "ptype": "hall", "confidence": "low", "rank": 45, "area_ha": 1.0, "rise_db": 7.0, "digitised_from": "Sentinel-1 VV rise 2022->2026, orbit 142"}}, {"type": "Feature", "geometry": {"geodesic": false, "type": "Polygon", "coordinates": [[[116.16905456399557, 39.00071738616267], [116.16905456399557, 38.99981907087855], [116.16887490093875, 38.99981907087855], [116.16887490093875, 38.99999873393538], [116.16851557482511, 38.99999873393538], [116.16851557482511, 38.999459744764906], [116.16869523788192, 38.999459744764906], [116.16869523788192, 38.99928008170808], [116.16905456399557, 38.99928008170808], [116.16905456399557, 38.99981907087855], [116.1692342270524, 38.99981907087855], [116.1692342270524, 38.999459744764906], [116.16959355316605, 38.999459744764906], [116.16959355316605, 39.000178396992204], [116.16941389010923, 39.000178396992204], [116.16941389010923, 39.00053772310585], [116.1692342270524, 39.00053772310585], [116.1692342270524, 39.00071738616267], [116.16905456399557, 39.00071738616267]]]}, "properties": {"name": "cand46", "ptype": "hall", "confidence": "low", "rank": 46, "area_ha": 1.0, "rise_db": 6.1, "digitised_from": "Sentinel-1 VV rise 2022->2026, orbit 142"}}, {"type": "Feature", "geometry": {"geodesic": false, "type": "Polygon", "coordinates": [[[116.10168091768661, 39.001795364503614], [116.10168091768661, 39.00143603838997], [116.10150125462978, 39.00143603838997], [116.10150125462978, 39.001615701446795], [116.10114192851614, 39.001615701446795], [116.10114192851614, 39.00107671227632], [116.10168091768661, 39.00107671227632], [116.10168091768661, 39.00053772310585], [116.10204024380026, 39.00053772310585], [116.10204024380026, 39.000897049219496], [116.10221990685709, 39.000897049219496], [116.10221990685709, 39.00143603838997], [116.10204024380026, 39.00143603838997], [116.10204024380026, 39.001795364503614], [116.10168091768661, 39.001795364503614]]]}, "properties": {"name": "cand47", "ptype": "hall", "confidence": "low", "rank": 47, "area_ha": 1.0, "rise_db": 5.4, "digitised_from": "Sentinel-1 VV rise 2022->2026, orbit 142"}}, {"type": "Feature", "geometry": {"geodesic": false, "type": "Polygon", "coordinates": [[[116.13366094180127, 39.006825930094685], [116.13366094180127, 39.00664626703786], [116.13348127874444, 39.00664626703786], [116.13348127874444, 39.00646660398104], [116.13366094180127, 39.00646660398104], [116.13366094180127, 39.00628694092421], [116.13330161568761, 39.00628694092421], [116.13330161568761, 39.00646660398104], [116.13312195263079, 39.00646660398104], [116.13312195263079, 39.00664626703786], [116.13294228957398, 39.00664626703786], [116.13294228957398, 39.00646660398104], [116.13276262651715, 39.00646660398104], [116.13276262651715, 39.00628694092421], [116.13294228957398, 39.00628694092421], [116.13294228957398, 39.00610727786739], [116.13312195263079, 39.00610727786739], [116.13312195263079, 39.00592761481057], [116.13348127874444, 39.00592761481057], [116.13348127874444, 39.00574795175374], [116.13366094180127, 39.00574795175374], [116.13366094180127, 39.00628694092421], [116.1338406048581, 39.00628694092421], [116.1338406048581, 39.00610727786739], [116.13402026791492, 39.00610727786739], [116.13402026791492, 39.00592761481057], [116.13455925708539, 39.00592761481057], [116.13455925708539, 39.00628694092421], [116.13402026791492, 39.00628694092421], [116.13402026791492, 39.00664626703786], [116.1338406048581, 39.00664626703786], [116.1338406048581, 39.006825930094685], [116.13366094180127, 39.006825930094685]]]}, "properties": {"name": "cand48", "ptype": "hall", "confidence": "low", "rank": 48, "area_ha": 1.0, "rise_db": 5.0, "digitised_from": "Sentinel-1 VV rise 2022->2026, orbit 142"}}]}