{"type": "FeatureCollection", "features": [{"type": "Feature", "geometry": {"geodesic": false, "type": "Polygon", "coordinates": [[[109.05799077490545, 34.22168007464682], [109.05799077490545, 34.22114108547635], [109.05781111184862, 34.22114108547635], [109.05781111184862, 34.2207817593627], [109.05799077490545, 34.2207817593627], [109.05799077490545, 34.22024277019223], [109.05781111184862, 34.22024277019223], [109.05781111184862, 34.21988344407858], [109.0576314487918, 34.21988344407858], [109.0576314487918, 34.22024277019223], [109.05745178573497, 34.22024277019223], [109.05745178573497, 34.22042243324905], [109.05709245962133, 34.22042243324905], [109.05709245962133, 34.2200631071354], [109.05745178573497, 34.2200631071354], [109.05745178573497, 34.21970378102176], [109.05727212267814, 34.21970378102176], [109.05727212267814, 34.21952411796493], [109.05673313350768, 34.21952411796493], [109.05673313350768, 34.21934445490811], [109.05655347045085, 34.21934445490811], [109.05655347045085, 34.21952411796493], [109.0554754921099, 34.21952411796493], [109.0554754921099, 34.21970378102176], [109.05529582905308, 34.21970378102176], [109.05529582905308, 34.21988344407858], [109.05511616599625, 34.21988344407858], [109.05511616599625, 34.2200631071354], [109.05475683988261, 34.2200631071354], [109.05475683988261, 34.21970378102176], [109.05493650293944, 34.21970378102176], [109.05493650293944, 34.21934445490811], [109.05475683988261, 34.21934445490811], [109.05475683988261, 34.21862580268081], [109.05457717682579, 34.21862580268081], [109.05457717682579, 34.21790715045352], [109.05439751376896, 34.21790715045352], [109.05439751376896, 34.21808681351034], [109.05403818765532, 34.21808681351034], [109.05403818765532, 34.21790715045352], [109.05367886154167, 34.21790715045352], [109.05367886154167, 34.21808681351034], [109.05313987237119, 34.21808681351034], [109.05313987237119, 34.21790715045352], [109.05296020931438, 34.21790715045352], [109.05296020931438, 34.21808681351034], [109.05278054625755, 34.21808681351034], [109.05278054625755, 34.21790715045352], [109.05260088320072, 34.21790715045352], [109.05260088320072, 34.21808681351034], [109.05224155708707, 34.21808681351034], [109.05224155708707, 34.21790715045352], [109.05206189403026, 34.21790715045352], [109.05206189403026, 34.21754782433987], [109.05188223097343, 34.21754782433987], [109.05188223097343, 34.216829172112575], [109.0517025679166, 34.216829172112575], [109.0517025679166, 34.21664950905575], [109.05134324180295, 34.21664950905575], [109.05134324180295, 34.216829172112575], [109.05116357874613, 34.216829172112575], [109.05116357874613, 34.21736816128305], [109.0500856004052, 34.21736816128305], [109.0500856004052, 34.21718849822622], [109.04990593734837, 34.21718849822622], [109.04990593734837, 34.21664950905575], [109.05098391568932, 34.21664950905575], [109.05098391568932, 34.21646984599892], [109.05134324180295, 34.21646984599892], [109.05134324180295, 34.2162901829421], [109.05152290485978, 34.2162901829421], [109.05152290485978, 34.21593085682846], [109.05188223097343, 34.21593085682846], [109.05188223097343, 34.21611051988528], [109.05206189403026, 34.21611051988528], [109.05206189403026, 34.2162901829421], [109.05188223097343, 34.2162901829421], [109.05188223097343, 34.21664950905575], [109.05224155708707, 34.21664950905575], [109.05224155708707, 34.2162901829421], [109.05260088320072, 34.2162901829421], [109.05260088320072, 34.21611051988528], [109.05278054625755, 34.21611051988528], [109.05278054625755, 34.2162901829421], [109.05313987237119, 34.2162901829421], [109.05313987237119, 34.21646984599892], [109.05367886154167, 34.21646984599892], [109.05367886154167, 34.21611051988528], [109.0538585245985, 34.21611051988528], [109.0538585245985, 34.21593085682846], [109.05403818765532, 34.21593085682846], [109.05403818765532, 34.21575119377163], [109.05439751376896, 34.21575119377163], [109.05439751376896, 34.2162901829421], [109.05421785071213, 34.2162901829421], [109.05421785071213, 34.21664950905575], [109.05457717682579, 34.21664950905575], [109.05457717682579, 34.21646984599892], [109.05529582905308, 34.21646984599892], [109.05529582905308, 34.2162901829421], [109.05583481822356, 34.2162901829421], [109.05583481822356, 34.21593085682846], [109.05565515516673, 34.21593085682846], [109.05565515516673, 34.21575119377163], [109.05583481822356, 34.21575119377163], [109.05583481822356, 34.215391867657985], [109.05601448128039, 34.215391867657985], [109.05601448128039, 34.21431388931704], [109.05583481822356, 34.21431388931704], [109.05583481822356, 34.214134226260214], [109.05601448128039, 34.214134226260214], [109.05601448128039, 34.213954563203394], [109.0561941443372, 34.213954563203394], [109.0561941443372, 34.21287658486245], [109.05601448128039, 34.21287658486245], [109.05601448128039, 34.21269692180562], [109.0554754921099, 34.21269692180562], [109.0554754921099, 34.2125172587488], [109.05529582905308, 34.2125172587488], [109.05529582905308, 34.21233759569198], [109.05493650293944, 34.21233759569198], [109.05493650293944, 34.211978269578324], [109.05475683988261, 34.211978269578324], [109.05475683988261, 34.21143928040786], [109.05493650293944, 34.21143928040786], [109.05493650293944, 34.21125961735103], [109.05511616599625, 34.21125961735103], [109.05511616599625, 34.21072062818056], [109.0554754921099, 34.21072062818056], [109.0554754921099, 34.21090029123739], [109.05565515516673, 34.21090029123739], [109.05565515516673, 34.211079954294206], [109.05601448128039, 34.211079954294206], [109.05601448128039, 34.21125961735103], [109.0569127965645, 34.21125961735103], [109.0569127965645, 34.211079954294206], [109.05709245962133, 34.211079954294206], [109.05709245962133, 34.21090029123739], [109.05745178573497, 34.21090029123739], [109.05745178573497, 34.21072062818056], [109.05781111184862, 34.21072062818056], [109.05781111184862, 34.210540965123734], [109.05799077490545, 34.210540965123734], [109.05799077490545, 34.210361302066914], [109.0576314487918, 34.210361302066914], [109.0576314487918, 34.20982231289644], [109.05799077490545, 34.20982231289644], [109.05799077490545, 34.21000197595326], [109.05852976407591, 34.21000197595326], [109.05852976407591, 34.20910366066914], [109.05870942713274, 34.20910366066914], [109.05870942713274, 34.2080256823282], [109.05888909018957, 34.2080256823282], [109.05888909018957, 34.20766635621455], [109.05870942713274, 34.20766635621455], [109.05870942713274, 34.20730703010091], [109.05888909018957, 34.20730703010091], [109.05888909018957, 34.20640871481679], [109.0590687532464, 34.20640871481679], [109.0590687532464, 34.20622905175996], [109.0592484163032, 34.20622905175996], [109.0592484163032, 34.20569006258949], [109.05960774241686, 34.20569006258949], [109.05960774241686, 34.2049714103622], [109.05978740547368, 34.2049714103622], [109.05978740547368, 34.20479174730537], [109.05996706853051, 34.20479174730537], [109.05996706853051, 34.204432421191726], [109.05978740547368, 34.204432421191726], [109.05978740547368, 34.20407309507807], [109.05996706853051, 34.20407309507807], [109.05996706853051, 34.203174779793954], [109.06014673158732, 34.203174779793954], [109.06014673158732, 34.20209680145301], [109.05996706853051, 34.20209680145301], [109.05996706853051, 34.20191713839619], [109.06014673158732, 34.20191713839619], [109.06014673158732, 34.20119848616889], [109.06032639464415, 34.20119848616889], [109.06032639464415, 34.20101882311207], [109.06050605770098, 34.20101882311207], [109.06050605770098, 34.200839160055246], [109.0606857207578, 34.200839160055246], [109.0606857207578, 34.1997611817143], [109.06086538381463, 34.1997611817143], [109.06086538381463, 34.19886286643018], [109.06104504687146, 34.19886286643018], [109.06104504687146, 34.198683203373356], [109.06122470992827, 34.198683203373356], [109.06122470992827, 34.19832387725971], [109.0614043729851, 34.19832387725971], [109.0614043729851, 34.198144214202884], [109.06122470992827, 34.198144214202884], [109.06122470992827, 34.197964551146065], [109.0606857207578, 34.197964551146065], [109.0606857207578, 34.19778488808924], [109.06050605770098, 34.19778488808924], [109.06050605770098, 34.19760522503242], [109.0606857207578, 34.19760522503242], [109.0606857207578, 34.19742556197559], [109.06086538381463, 34.19742556197559], [109.06086538381463, 34.19760522503242], [109.06122470992827, 34.19760522503242], [109.06122470992827, 34.19742556197559], [109.0614043729851, 34.19742556197559], [109.0614043729851, 34.197066235861946], [109.06158403604192, 34.197066235861946], [109.06158403604192, 34.19616792057782], [109.06176369909875, 34.19616792057782], [109.06176369909875, 34.19508994223688], [109.06248235132604, 34.19508994223688], [109.06248235132604, 34.19473061612323], [109.06266201438287, 34.19473061612323], [109.06266201438287, 34.19455095306641], [109.06284167743969, 34.19455095306641], [109.06284167743969, 34.193472974725466], [109.06302134049652, 34.193472974725466], [109.06302134049652, 34.19329331166864], [109.06320100355333, 34.19329331166864], [109.06320100355333, 34.192933985554994], [109.06356032966698, 34.192933985554994], [109.06356032966698, 34.19329331166864], [109.06338066661016, 34.19329331166864], [109.06338066661016, 34.19383230083911], [109.06320100355333, 34.19383230083911], [109.06320100355333, 34.19401196389594], [109.06302134049652, 34.19401196389594], [109.06302134049652, 34.19419162695276], [109.06320100355333, 34.19419162695276], [109.06320100355333, 34.19491027918006], [109.06302134049652, 34.19491027918006], [109.06302134049652, 34.19544926835053], [109.06284167743969, 34.19544926835053], [109.06284167743969, 34.195628931407356], [109.06212302521239, 34.195628931407356], [109.06212302521239, 34.195988257521], [109.06230268826921, 34.195988257521], [109.06230268826921, 34.19616792057782], [109.06248235132604, 34.19616792057782], [109.06248235132604, 34.19634758363465], [109.06230268826921, 34.19634758363465], [109.06230268826921, 34.19688657280512], [109.06248235132604, 34.19688657280512], [109.06248235132604, 34.197245898918766], [109.06230268826921, 34.197245898918766], [109.06230268826921, 34.19742556197559], [109.06212302521239, 34.19742556197559], [109.06212302521239, 34.197964551146065], [109.06194336215557, 34.197964551146065], [109.06194336215557, 34.198144214202884], [109.06176369909875, 34.198144214202884], [109.06176369909875, 34.19850354031654], [109.06194336215557, 34.19850354031654], [109.06194336215557, 34.198683203373356], [109.06230268826921, 34.198683203373356], [109.06230268826921, 34.19886286643018], [109.06248235132604, 34.19886286643018], [109.06248235132604, 34.19904252948701], [109.06230268826921, 34.19904252948701], [109.06230268826921, 34.19922219254383], [109.0614043729851, 34.19922219254383], [109.0614043729851, 34.19958151865748], [109.06122470992827, 34.19958151865748], [109.06122470992827, 34.19994084477113], [109.0614043729851, 34.19994084477113], [109.0614043729851, 34.20012050782795], [109.06158403604192, 34.20012050782795], [109.06158403604192, 34.20030017088477], [109.06176369909875, 34.20030017088477], [109.06176369909875, 34.200839160055246], [109.06212302521239, 34.200839160055246], [109.06212302521239, 34.20065949699842], [109.06284167743969, 34.20065949699842], [109.06284167743969, 34.2004798339416], [109.06338066661016, 34.2004798339416], [109.06338066661016, 34.20065949699842], [109.06356032966698, 34.20065949699842], [109.06356032966698, 34.20101882311207], [109.06338066661016, 34.20101882311207], [109.06338066661016, 34.201557812282545], [109.06356032966698, 34.201557812282545], [109.06356032966698, 34.201737475339364], [109.06338066661016, 34.201737475339364], [109.06338066661016, 34.20191713839619], [109.06320100355333, 34.20191713839619], [109.06320100355333, 34.20209680145301], [109.06302134049652, 34.20209680145301], [109.06302134049652, 34.202995116737135], [109.06284167743969, 34.202995116737135], [109.06284167743969, 34.203174779793954], [109.06266201438287, 34.203174779793954], [109.06266201438287, 34.20335444285078], [109.06212302521239, 34.20335444285078], [109.06212302521239, 34.20353410590761], [109.06230268826921, 34.20353410590761], [109.06230268826921, 34.20389343202125], [109.06248235132604, 34.20389343202125], [109.06248235132604, 34.20407309507807], [109.06302134049652, 34.20407309507807], [109.06302134049652, 34.2042527581349], [109.06284167743969, 34.2042527581349], [109.06284167743969, 34.204612084248545], [109.06266201438287, 34.204612084248545], [109.06266201438287, 34.20479174730537], [109.06230268826921, 34.20479174730537], [109.06230268826921, 34.204432421191726], [109.06194336215557, 34.204432421191726], [109.06194336215557, 34.204612084248545], [109.06176369909875, 34.204612084248545], [109.06176369909875, 34.20479174730537], [109.06158403604192, 34.20479174730537], [109.06158403604192, 34.20407309507807], [109.0614043729851, 34.20407309507807], [109.0614043729851, 34.20389343202125], [109.06122470992827, 34.20389343202125], [109.06122470992827, 34.20353410590761], [109.0614043729851, 34.20353410590761], [109.0614043729851, 34.202276464509836], [109.06158403604192, 34.202276464509836], [109.06158403604192, 34.20191713839619], [109.06122470992827, 34.20191713839619], [109.06122470992827, 34.20263579062348], [109.06104504687146, 34.20263579062348], [109.06104504687146, 34.20281545368031], [109.06086538381463, 34.20281545368031], [109.06086538381463, 34.203174779793954], [109.0606857207578, 34.203174779793954], [109.0606857207578, 34.20353410590761], [109.06050605770098, 34.20353410590761], [109.06050605770098, 34.20389343202125], [109.06032639464415, 34.20389343202125], [109.06032639464415, 34.20407309507807], [109.06050605770098, 34.20407309507807], [109.06050605770098, 34.204432421191726], [109.0606857207578, 34.204432421191726], [109.0606857207578, 34.204612084248545], [109.06086538381463, 34.204612084248545], [109.06086538381463, 34.20515107341902], [109.06014673158732, 34.20515107341902], [109.06014673158732, 34.20569006258949], [109.05996706853051, 34.20569006258949], [109.05996706853051, 34.206049388703136], [109.06050605770098, 34.206049388703136], [109.06050605770098, 34.20640871481679], [109.06032639464415, 34.20640871481679], [109.06032639464415, 34.20658837787361], [109.05996706853051, 34.20658837787361], [109.05996706853051, 34.206768040930434], [109.05978740547368, 34.206768040930434], [109.05978740547368, 34.20694770398726], [109.05960774241686, 34.20694770398726], [109.05960774241686, 34.20766635621455], [109.05942807936003, 34.20766635621455], [109.05942807936003, 34.20784601927138], [109.05960774241686, 34.20784601927138], [109.05960774241686, 34.2080256823282], [109.05978740547368, 34.2080256823282], [109.05978740547368, 34.208205345385025], [109.05996706853051, 34.208205345385025], [109.05996706853051, 34.2087443345555], [109.05942807936003, 34.2087443345555], [109.05942807936003, 34.20856467149867], [109.0592484163032, 34.20856467149867], [109.0592484163032, 34.20910366066914], [109.05942807936003, 34.20910366066914], [109.05942807936003, 34.209642649839616], [109.0592484163032, 34.209642649839616], [109.0592484163032, 34.20982231289644], [109.0590687532464, 34.20982231289644], [109.0590687532464, 34.210361302066914], [109.0592484163032, 34.210361302066914], [109.0592484163032, 34.21018163901009], [109.05942807936003, 34.21018163901009], [109.05942807936003, 34.20982231289644], [109.05978740547368, 34.20982231289644], [109.05978740547368, 34.210361302066914], [109.05960774241686, 34.210361302066914], [109.05960774241686, 34.211079954294206], [109.0592484163032, 34.211079954294206], [109.0592484163032, 34.21090029123739], [109.0590687532464, 34.21090029123739], [109.0590687532464, 34.210361302066914], [109.05888909018957, 34.210361302066914], [109.05888909018957, 34.21090029123739], [109.05870942713274, 34.21090029123739], [109.05870942713274, 34.211079954294206], [109.05852976407591, 34.211079954294206], [109.05852976407591, 34.21125961735103], [109.05817043796226, 34.21125961735103], [109.05817043796226, 34.211079954294206], [109.0576314487918, 34.211079954294206], [109.0576314487918, 34.21143928040786], [109.05817043796226, 34.21143928040786], [109.05817043796226, 34.211798606521505], [109.05835010101909, 34.211798606521505], [109.05835010101909, 34.21305624791927], [109.0590687532464, 34.21305624791927], [109.0590687532464, 34.21341557403292], [109.05888909018957, 34.21341557403292], [109.05888909018957, 34.21377490014657], [109.0590687532464, 34.21377490014657], [109.0590687532464, 34.21449355237386], [109.05888909018957, 34.21449355237386], [109.05888909018957, 34.21485287848751], [109.05942807936003, 34.21485287848751], [109.05942807936003, 34.214134226260214], [109.05960774241686, 34.214134226260214], [109.05960774241686, 34.213954563203394], [109.05978740547368, 34.213954563203394], [109.05978740547368, 34.21287658486245], [109.05996706853051, 34.21287658486245], [109.05996706853051, 34.21233759569198], [109.06014673158732, 34.21233759569198], [109.06014673158732, 34.211978269578324], [109.06032639464415, 34.211978269578324], [109.06032639464415, 34.210540965123734], [109.06014673158732, 34.210540965123734], [109.06014673158732, 34.210361302066914], [109.05996706853051, 34.210361302066914], [109.05996706853051, 34.21018163901009], [109.06014673158732, 34.21018163901009], [109.06014673158732, 34.209642649839616], [109.06032639464415, 34.209642649839616], [109.06032639464415, 34.209462986782796], [109.06086538381463, 34.209462986782796], [109.06086538381463, 34.209642649839616], [109.06104504687146, 34.209642649839616], [109.06104504687146, 34.21000197595326], [109.06086538381463, 34.21000197595326], [109.06086538381463, 34.210540965123734], [109.06104504687146, 34.210540965123734], [109.06104504687146, 34.21072062818056], [109.06122470992827, 34.21072062818056], [109.06122470992827, 34.21125961735103], [109.06104504687146, 34.21125961735103], [109.06104504687146, 34.21143928040786], [109.06086538381463, 34.21143928040786], [109.06086538381463, 34.21161894346468], [109.0606857207578, 34.21161894346468], [109.0606857207578, 34.2125172587488], [109.06086538381463, 34.2125172587488], [109.06086538381463, 34.213235910976096], [109.0606857207578, 34.213235910976096], [109.0606857207578, 34.21359523708974], [109.06086538381463, 34.21359523708974], [109.06086538381463, 34.21377490014657], [109.06104504687146, 34.21377490014657], [109.06104504687146, 34.213954563203394], [109.06122470992827, 34.213954563203394], [109.06122470992827, 34.214134226260214], [109.06104504687146, 34.214134226260214], [109.06104504687146, 34.21431388931704], [109.06086538381463, 34.21431388931704], [109.06086538381463, 34.21449355237386], [109.0606857207578, 34.21449355237386], [109.0606857207578, 34.21664950905575], [109.06086538381463, 34.21664950905575], [109.06086538381463, 34.216829172112575], [109.06104504687146, 34.216829172112575], [109.06104504687146, 34.217008835169395], [109.06086538381463, 34.217008835169395], [109.06086538381463, 34.21736816128305], [109.06050605770098, 34.21736816128305], [109.06050605770098, 34.21718849822622], [109.05978740547368, 34.21718849822622], [109.05978740547368, 34.21736816128305], [109.05960774241686, 34.21736816128305], [109.05960774241686, 34.21718849822622], [109.05942807936003, 34.21718849822622], [109.05942807936003, 34.216829172112575], [109.0592484163032, 34.216829172112575], [109.0592484163032, 34.21664950905575], [109.0590687532464, 34.21664950905575], [109.0590687532464, 34.21646984599892], [109.0592484163032, 34.21646984599892], [109.0592484163032, 34.21611051988528], [109.05978740547368, 34.21611051988528], [109.05978740547368, 34.21575119377163], [109.05996706853051, 34.21575119377163], [109.05996706853051, 34.21611051988528], [109.05978740547368, 34.21611051988528], [109.05978740547368, 34.2162901829421], [109.06014673158732, 34.2162901829421], [109.06014673158732, 34.21593085682846], [109.06032639464415, 34.21593085682846], [109.06032639464415, 34.21503254154433], [109.06050605770098, 34.21503254154433], [109.06050605770098, 34.21485287848751], [109.06014673158732, 34.21485287848751], [109.06014673158732, 34.21503254154433], [109.05996706853051, 34.21503254154433], [109.05996706853051, 34.21521220460116], [109.05978740547368, 34.21521220460116], [109.05978740547368, 34.215391867657985], [109.05835010101909, 34.215391867657985], [109.05835010101909, 34.215571530714804], [109.05817043796226, 34.215571530714804], [109.05817043796226, 34.21575119377163], [109.05781111184862, 34.21575119377163], [109.05781111184862, 34.215571530714804], [109.0576314487918, 34.215571530714804], [109.0576314487918, 34.21575119377163], [109.05745178573497, 34.21575119377163], [109.05745178573497, 34.21611051988528], [109.0576314487918, 34.21611051988528], [109.0576314487918, 34.21646984599892], [109.05745178573497, 34.21646984599892], [109.05745178573497, 34.2162901829421], [109.05709245962133, 34.2162901829421], [109.05709245962133, 34.21664950905575], [109.05727212267814, 34.21664950905575], [109.05727212267814, 34.216829172112575], [109.0576314487918, 34.216829172112575], [109.0576314487918, 34.217008835169395], [109.05799077490545, 34.217008835169395], [109.05799077490545, 34.21718849822622], [109.05817043796226, 34.21718849822622], [109.05817043796226, 34.218266476567166], [109.05835010101909, 34.218266476567166], [109.05835010101909, 34.21862580268081], [109.05852976407591, 34.21862580268081], [109.05852976407591, 34.21880546573764], [109.05835010101909, 34.21880546573764], [109.05835010101909, 34.21898512879446], [109.05799077490545, 34.21898512879446], [109.05799077490545, 34.21934445490811], [109.05852976407591, 34.21934445490811], [109.05852976407591, 34.2200631071354], [109.05835010101909, 34.2200631071354], [109.05835010101909, 34.22024277019223], [109.05852976407591, 34.22024277019223], [109.05852976407591, 34.22042243324905], [109.05835010101909, 34.22042243324905], [109.05835010101909, 34.22168007464682], [109.05799077490545, 34.22168007464682]], [[109.05278054625755, 34.21646984599892], [109.05260088320072, 34.21646984599892], [109.05260088320072, 34.2162901829421], [109.05278054625755, 34.2162901829421], [109.05278054625755, 34.21646984599892]], [[109.05403818765532, 34.21646984599892], [109.0538585245985, 34.21646984599892], [109.0538585245985, 34.2162901829421], [109.05403818765532, 34.2162901829421], [109.05403818765532, 34.21646984599892]], [[109.05817043796226, 34.21090029123739], [109.05799077490545, 34.21090029123739], [109.05799077490545, 34.21072062818056], [109.05817043796226, 34.21072062818056], [109.05817043796226, 34.21090029123739]], [[109.05709245962133, 34.21233759569198], [109.05655347045085, 34.21233759569198], [109.05655347045085, 34.21215793263515], [109.05673313350768, 34.21215793263515], [109.05673313350768, 34.211978269578324], [109.0569127965645, 34.211978269578324], [109.0569127965645, 34.21215793263515], [109.05709245962133, 34.21215793263515], [109.05709245962133, 34.21233759569198]], [[109.05799077490545, 34.21287658486245], [109.0576314487918, 34.21287658486245], [109.0576314487918, 34.2125172587488], [109.05781111184862, 34.2125172587488], [109.05781111184862, 34.21269692180562], [109.05799077490545, 34.21269692180562], [109.05799077490545, 34.21287658486245]], [[109.05835010101909, 34.21377490014657], [109.05817043796226, 34.21377490014657], [109.05817043796226, 34.21359523708974], [109.05835010101909, 34.21359523708974], [109.05835010101909, 34.21377490014657]], [[109.05960774241686, 34.21664950905575], [109.05942807936003, 34.21664950905575], [109.05942807936003, 34.21646984599892], [109.05960774241686, 34.21646984599892], [109.05960774241686, 34.21664950905575]], [[109.05655347045085, 34.21754782433987], [109.05637380739402, 34.21754782433987], [109.05637380739402, 34.21736816128305], [109.05655347045085, 34.21736816128305], [109.05655347045085, 34.21754782433987]], [[109.05331953542802, 34.21790715045352], [109.05313987237119, 34.21790715045352], [109.05313987237119, 34.217727487396694], [109.05331953542802, 34.217727487396694], [109.05331953542802, 34.21790715045352]], [[109.0554754921099, 34.21880546573764], [109.05511616599625, 34.21880546573764], [109.05511616599625, 34.218446139623985], [109.05529582905308, 34.218446139623985], [109.05529582905308, 34.218266476567166], [109.0554754921099, 34.218266476567166], [109.0554754921099, 34.21808681351034], [109.05583481822356, 34.21808681351034], [109.05583481822356, 34.218446139623985], [109.05565515516673, 34.218446139623985], [109.05565515516673, 34.21862580268081], [109.0554754921099, 34.21862580268081], [109.0554754921099, 34.21880546573764]], [[109.05727212267814, 34.21898512879446], [109.0569127965645, 34.21898512879446], [109.0569127965645, 34.21880546573764], [109.05673313350768, 34.21880546573764], [109.05673313350768, 34.21862580268081], [109.0569127965645, 34.21862580268081], [109.0569127965645, 34.218446139623985], [109.05709245962133, 34.218446139623985], [109.05709245962133, 34.21862580268081], [109.05727212267814, 34.21862580268081], [109.05727212267814, 34.21898512879446]], [[109.05781111184862, 34.21970378102176], [109.0576314487918, 34.21970378102176], [109.0576314487918, 34.21952411796493], [109.05781111184862, 34.21952411796493], [109.05781111184862, 34.21970378102176]]]}, "properties": {"name": "cand01", "ptype": "hall", "confidence": "low", "rank": 1, "area_ha": 76.8, "rise_db": 7.7, "digitised_from": "Sentinel-1 VV rise 2022->2026, orbit 84"}}, {"type": "Feature", "geometry": {"geodesic": false, "type": "Polygon", "coordinates": [[[109.05942807936003, 34.227788618578835], [109.05942807936003, 34.22760895552201], [109.0592484163032, 34.22760895552201], [109.0592484163032, 34.22635131412424], [109.05942807936003, 34.22635131412424], [109.05942807936003, 34.22545299884012], [109.05960774241686, 34.22545299884012], [109.05960774241686, 34.224195357442355], [109.05942807936003, 34.224195357442355], [109.05942807936003, 34.223476705215056], [109.05960774241686, 34.223476705215056], [109.05960774241686, 34.22311737910141], [109.05978740547368, 34.22311737910141], [109.05978740547368, 34.222937716044584], [109.05996706853051, 34.222937716044584], [109.05996706853051, 34.222758052987764], [109.06014673158732, 34.222758052987764], [109.06014673158732, 34.22257838993094], [109.05996706853051, 34.22257838993094], [109.05996706853051, 34.221320748533174], [109.06014673158732, 34.221320748533174], [109.06014673158732, 34.2207817593627], [109.05996706853051, 34.2207817593627], [109.05996706853051, 34.22042243324905], [109.06014673158732, 34.22042243324905], [109.06014673158732, 34.21970378102176], [109.05996706853051, 34.21970378102176], [109.05996706853051, 34.219164791851284], [109.06014673158732, 34.219164791851284], [109.06014673158732, 34.21880546573764], [109.05996706853051, 34.21880546573764], [109.05996706853051, 34.21862580268081], [109.06014673158732, 34.21862580268081], [109.06014673158732, 34.218446139623985], [109.06032639464415, 34.218446139623985], [109.06032639464415, 34.21862580268081], [109.06050605770098, 34.21862580268081], [109.06050605770098, 34.21898512879446], [109.0606857207578, 34.21898512879446], [109.0606857207578, 34.219164791851284], [109.06104504687146, 34.219164791851284], [109.06104504687146, 34.21898512879446], [109.06122470992827, 34.21898512879446], [109.06122470992827, 34.217727487396694], [109.0614043729851, 34.217727487396694], [109.0614043729851, 34.21736816128305], [109.06176369909875, 34.21736816128305], [109.06176369909875, 34.21754782433987], [109.06194336215557, 34.21754782433987], [109.06194336215557, 34.217727487396694], [109.06212302521239, 34.217727487396694], [109.06212302521239, 34.21790715045352], [109.06230268826921, 34.21790715045352], [109.06230268826921, 34.21808681351034], [109.06248235132604, 34.21808681351034], [109.06248235132604, 34.218266476567166], [109.06284167743969, 34.218266476567166], [109.06284167743969, 34.21808681351034], [109.06302134049652, 34.21808681351034], [109.06302134049652, 34.21736816128305], [109.06284167743969, 34.21736816128305], [109.06284167743969, 34.216829172112575], [109.06302134049652, 34.216829172112575], [109.06302134049652, 34.21664950905575], [109.06338066661016, 34.21664950905575], [109.06338066661016, 34.216829172112575], [109.06356032966698, 34.216829172112575], [109.06356032966698, 34.21898512879446], [109.06338066661016, 34.21898512879446], [109.06338066661016, 34.21970378102176], [109.06320100355333, 34.21970378102176], [109.06320100355333, 34.21988344407858], [109.06302134049652, 34.21988344407858], [109.06302134049652, 34.22024277019223], [109.06284167743969, 34.22024277019223], [109.06284167743969, 34.22042243324905], [109.06248235132604, 34.22042243324905], [109.06248235132604, 34.2200631071354], [109.06266201438287, 34.2200631071354], [109.06266201438287, 34.21898512879446], [109.06230268826921, 34.21898512879446], [109.06230268826921, 34.219164791851284], [109.06194336215557, 34.219164791851284], [109.06194336215557, 34.21934445490811], [109.06158403604192, 34.21934445490811], [109.06158403604192, 34.21952411796493], [109.0614043729851, 34.21952411796493], [109.0614043729851, 34.21988344407858], [109.06122470992827, 34.21988344407858], [109.06122470992827, 34.2200631071354], [109.06104504687146, 34.2200631071354], [109.06104504687146, 34.22114108547635], [109.06086538381463, 34.22114108547635], [109.06086538381463, 34.222039400760465], [109.0606857207578, 34.222039400760465], [109.0606857207578, 34.22221906381729], [109.06050605770098, 34.22221906381729], [109.06050605770098, 34.22239872687411], [109.06032639464415, 34.22239872687411], [109.06032639464415, 34.22401569438553], [109.06014673158732, 34.22401569438553], [109.06014673158732, 34.224375020499174], [109.0606857207578, 34.224375020499174], [109.0606857207578, 34.224554683556], [109.06086538381463, 34.224554683556], [109.06086538381463, 34.22473434661283], [109.06122470992827, 34.22473434661283], [109.06122470992827, 34.22491400966965], [109.0614043729851, 34.22491400966965], [109.0614043729851, 34.22509367272647], [109.06176369909875, 34.22509367272647], [109.06176369909875, 34.22491400966965], [109.06212302521239, 34.22491400966965], [109.06212302521239, 34.224375020499174], [109.06194336215557, 34.224375020499174], [109.06194336215557, 34.223476705215056], [109.06212302521239, 34.223476705215056], [109.06212302521239, 34.22311737910141], [109.06194336215557, 34.22311737910141], [109.06194336215557, 34.22221906381729], [109.06212302521239, 34.22221906381729], [109.06212302521239, 34.22150041158999], [109.06230268826921, 34.22150041158999], [109.06230268826921, 34.221320748533174], [109.06248235132604, 34.221320748533174], [109.06248235132604, 34.22114108547635], [109.06266201438287, 34.22114108547635], [109.06266201438287, 34.22096142241952], [109.06284167743969, 34.22096142241952], [109.06284167743969, 34.221320748533174], [109.06302134049652, 34.221320748533174], [109.06302134049652, 34.22150041158999], [109.06284167743969, 34.22150041158999], [109.06284167743969, 34.221859737703646], [109.06266201438287, 34.221859737703646], [109.06266201438287, 34.222039400760465], [109.06284167743969, 34.222039400760465], [109.06284167743969, 34.22239872687411], [109.06266201438287, 34.22239872687411], [109.06266201438287, 34.22257838993094], [109.06248235132604, 34.22257838993094], [109.06248235132604, 34.22473434661283], [109.06230268826921, 34.22473434661283], [109.06230268826921, 34.22491400966965], [109.06212302521239, 34.22491400966965], [109.06212302521239, 34.22509367272647], [109.06194336215557, 34.22509367272647], [109.06194336215557, 34.2252733357833], [109.0614043729851, 34.2252733357833], [109.0614043729851, 34.22545299884012], [109.06122470992827, 34.22545299884012], [109.06122470992827, 34.225632661896945], [109.06086538381463, 34.225632661896945], [109.06086538381463, 34.22545299884012], [109.06050605770098, 34.22545299884012], [109.06050605770098, 34.22581232495377], [109.0606857207578, 34.22581232495377], [109.0606857207578, 34.22599198801059], [109.06050605770098, 34.22599198801059], [109.06050605770098, 34.22617165106742], [109.06032639464415, 34.22617165106742], [109.06032639464415, 34.22653097718106], [109.06014673158732, 34.22653097718106], [109.06014673158732, 34.227069966351536], [109.06032639464415, 34.227069966351536], [109.06032639464415, 34.22724962940836], [109.05978740547368, 34.22724962940836], [109.05978740547368, 34.22742929246518], [109.05960774241686, 34.22742929246518], [109.05960774241686, 34.227788618578835], [109.05942807936003, 34.227788618578835]], [[109.06014673158732, 34.22473434661283], [109.05996706853051, 34.22473434661283], [109.05996706853051, 34.224554683556], [109.05978740547368, 34.224554683556], [109.05978740547368, 34.224375020499174], [109.06014673158732, 34.224375020499174], [109.06014673158732, 34.22473434661283]]]}, "properties": {"name": "cand02", "ptype": "hall", "confidence": "low", "rank": 2, "area_ha": 18.9, "rise_db": 7.0, "digitised_from": "Sentinel-1 VV rise 2022->2026, orbit 84"}}, {"type": "Feature", "geometry": {"geodesic": false, "type": "Polygon", "coordinates": [[[109.06248235132604, 34.19275432249817], [109.06248235132604, 34.19257465944135], [109.06230268826921, 34.19257465944135], [109.06230268826921, 34.19239499638452], [109.06248235132604, 34.19239499638452], [109.06248235132604, 34.19185600721405], [109.06230268826921, 34.19185600721405], [109.06230268826921, 34.19167634415723], [109.06248235132604, 34.19167634415723], [109.06248235132604, 34.19095769192993], [109.06266201438287, 34.19095769192993], [109.06266201438287, 34.190778028873105], [109.06284167743969, 34.190778028873105], [109.06284167743969, 34.190598365816285], [109.06266201438287, 34.190598365816285], [109.06266201438287, 34.19041870275946], [109.06230268826921, 34.19041870275946], [109.06230268826921, 34.19023903970263], [109.06212302521239, 34.19023903970263], [109.06212302521239, 34.19005937664581], [109.06194336215557, 34.19005937664581], [109.06194336215557, 34.18987971358899], [109.06176369909875, 34.18987971358899], [109.06176369909875, 34.189340724418514], [109.06158403604192, 34.189340724418514], [109.06158403604192, 34.18880173524804], [109.06176369909875, 34.18880173524804], [109.06176369909875, 34.18862207219122], [109.06194336215557, 34.18862207219122], [109.06194336215557, 34.188442409134396], [109.06212302521239, 34.188442409134396], [109.06212302521239, 34.18826274607757], [109.06230268826921, 34.18826274607757], [109.06230268826921, 34.187723756907104], [109.06248235132604, 34.187723756907104], [109.06248235132604, 34.18754409385028], [109.06391965578064, 34.18754409385028], [109.06391965578064, 34.187723756907104], [109.06409931883745, 34.187723756907104], [109.06409931883745, 34.18754409385028], [109.06427898189428, 34.18754409385028], [109.06427898189428, 34.18736443079345], [109.0644586449511, 34.18736443079345], [109.0644586449511, 34.18718476773663], [109.06463830800793, 34.18718476773663], [109.06463830800793, 34.18682544162298], [109.06481797106476, 34.18682544162298], [109.06481797106476, 34.18628645245251], [109.06499763412158, 34.18628645245251], [109.06499763412158, 34.18592712633886], [109.0651772971784, 34.18592712633886], [109.0651772971784, 34.18538813716839], [109.06553662329205, 34.18538813716839], [109.06553662329205, 34.18574746328204], [109.06571628634887, 34.18574746328204], [109.06571628634887, 34.185567800225215], [109.0658959494057, 34.185567800225215], [109.0658959494057, 34.18538813716839], [109.06607561246251, 34.18538813716839], [109.06607561246251, 34.1846694849411], [109.06661460163299, 34.1846694849411], [109.06661460163299, 34.18448982188427], [109.06625527551934, 34.18448982188427], [109.06625527551934, 34.184130495770624], [109.06643493857617, 34.184130495770624], [109.06643493857617, 34.1839508327138], [109.06661460163299, 34.1839508327138], [109.06661460163299, 34.18359150660015], [109.06715359080346, 34.18359150660015], [109.06715359080346, 34.18287285437285], [109.06733325386028, 34.18287285437285], [109.06733325386028, 34.182693191316034], [109.06751291691711, 34.182693191316034], [109.06751291691711, 34.18251352825921], [109.06769257997394, 34.18251352825921], [109.06769257997394, 34.18233386520238], [109.06805190608758, 34.18233386520238], [109.06805190608758, 34.18215420214556], [109.06787224303076, 34.18215420214556], [109.06787224303076, 34.181794876031915], [109.06805190608758, 34.181794876031915], [109.06805190608758, 34.18161521297509], [109.0682315691444, 34.18161521297509], [109.0682315691444, 34.18125588686144], [109.06841123220123, 34.18125588686144], [109.06841123220123, 34.18107622380462], [109.06859089525805, 34.18107622380462], [109.06859089525805, 34.18071689769097], [109.06877055831488, 34.18071689769097], [109.06877055831488, 34.180537234634144], [109.06930954748535, 34.180537234634144], [109.06930954748535, 34.18071689769097], [109.06948921054217, 34.18071689769097], [109.06948921054217, 34.18089656074779], [109.06930954748535, 34.18089656074779], [109.06930954748535, 34.18107622380462], [109.06912988442852, 34.18107622380462], [109.06912988442852, 34.18089656074779], [109.06930954748535, 34.18089656074779], [109.06930954748535, 34.18071689769097], [109.06895022137171, 34.18071689769097], [109.06895022137171, 34.18107622380462], [109.06877055831488, 34.18107622380462], [109.06877055831488, 34.18125588686144], [109.06895022137171, 34.18125588686144], [109.06895022137171, 34.181794876031915], [109.06877055831488, 34.181794876031915], [109.06877055831488, 34.181974539088735], [109.06841123220123, 34.181974539088735], [109.06841123220123, 34.18233386520238], [109.0682315691444, 34.18233386520238], [109.0682315691444, 34.182693191316034], [109.06805190608758, 34.182693191316034], [109.06805190608758, 34.18287285437285], [109.06751291691711, 34.18287285437285], [109.06751291691711, 34.18305251742968], [109.06769257997394, 34.18305251742968], [109.06769257997394, 34.183411843543325], [109.06733325386028, 34.183411843543325], [109.06733325386028, 34.1839508327138], [109.06715359080346, 34.1839508327138], [109.06715359080346, 34.184310158827444], [109.06697392774664, 34.184310158827444], [109.06697392774664, 34.18448982188427], [109.06679426468982, 34.18448982188427], [109.06679426468982, 34.1846694849411], [109.06661460163299, 34.1846694849411], [109.06661460163299, 34.18502881105474], [109.06643493857617, 34.18502881105474], [109.06643493857617, 34.18520847411157], [109.06625527551934, 34.18520847411157], [109.06625527551934, 34.185567800225215], [109.06643493857617, 34.185567800225215], [109.06643493857617, 34.18574746328204], [109.06625527551934, 34.18574746328204], [109.06625527551934, 34.185567800225215], [109.06607561246251, 34.185567800225215], [109.06607561246251, 34.18592712633886], [109.06553662329205, 34.18592712633886], [109.06553662329205, 34.18646611550933], [109.06535696023522, 34.18646611550933], [109.06535696023522, 34.18682544162298], [109.0651772971784, 34.18682544162298], [109.0651772971784, 34.187005104679805], [109.06499763412158, 34.187005104679805], [109.06499763412158, 34.18718476773663], [109.06481797106476, 34.18718476773663], [109.06481797106476, 34.18754409385028], [109.06463830800793, 34.18754409385028], [109.06463830800793, 34.187903419963924], [109.06481797106476, 34.187903419963924], [109.06481797106476, 34.187723756907104], [109.0651772971784, 34.187723756907104], [109.0651772971784, 34.18754409385028], [109.06499763412158, 34.18754409385028], [109.06499763412158, 34.18736443079345], [109.06535696023522, 34.18736443079345], [109.06535696023522, 34.187723756907104], [109.0651772971784, 34.187723756907104], [109.0651772971784, 34.18808308302075], [109.06463830800793, 34.18808308302075], [109.06463830800793, 34.187903419963924], [109.0644586449511, 34.187903419963924], [109.0644586449511, 34.18808308302075], [109.06427898189428, 34.18808308302075], [109.06427898189428, 34.18826274607757], [109.06409931883745, 34.18826274607757], [109.06409931883745, 34.18862207219122], [109.06391965578064, 34.18862207219122], [109.06391965578064, 34.18880173524804], [109.06427898189428, 34.18880173524804], [109.06427898189428, 34.18862207219122], [109.06481797106476, 34.18862207219122], [109.06481797106476, 34.18880173524804], [109.06499763412158, 34.18880173524804], [109.06499763412158, 34.18898139830487], [109.06481797106476, 34.18898139830487], [109.06481797106476, 34.189161061361695], [109.06463830800793, 34.189161061361695], [109.06463830800793, 34.189340724418514], [109.06427898189428, 34.189340724418514], [109.06427898189428, 34.189161061361695], [109.06409931883745, 34.189161061361695], [109.06409931883745, 34.18898139830487], [109.06373999272381, 34.18898139830487], [109.06373999272381, 34.19005937664581], [109.06391965578064, 34.19005937664581], [109.06391965578064, 34.18970005053217], [109.0644586449511, 34.18970005053217], [109.0644586449511, 34.18987971358899], [109.06427898189428, 34.18987971358899], [109.06427898189428, 34.19005937664581], [109.06409931883745, 34.19005937664581], [109.06409931883745, 34.19041870275946], [109.06391965578064, 34.19041870275946], [109.06391965578064, 34.190598365816285], [109.06409931883745, 34.190598365816285], [109.06409931883745, 34.190778028873105], [109.06391965578064, 34.190778028873105], [109.06391965578064, 34.1914966811004], [109.06409931883745, 34.1914966811004], [109.06409931883745, 34.19131701804358], [109.06499763412158, 34.19131701804358], [109.06499763412158, 34.19167634415723], [109.06481797106476, 34.19167634415723], [109.06481797106476, 34.19185600721405], [109.06409931883745, 34.19185600721405], [109.06409931883745, 34.19167634415723], [109.06391965578064, 34.19167634415723], [109.06391965578064, 34.19185600721405], [109.06373999272381, 34.19185600721405], [109.06373999272381, 34.192035670270876], [109.06356032966698, 34.192035670270876], [109.06356032966698, 34.192215333327695], [109.06284167743969, 34.192215333327695], [109.06284167743969, 34.19239499638452], [109.06266201438287, 34.19239499638452], [109.06266201438287, 34.19275432249817], [109.06248235132604, 34.19275432249817]], [[109.06697392774664, 34.184130495770624], [109.06661460163299, 34.184130495770624], [109.06661460163299, 34.1839508327138], [109.06697392774664, 34.1839508327138], [109.06697392774664, 34.184130495770624]], [[109.06248235132604, 34.18987971358899], [109.06230268826921, 34.18987971358899], [109.06230268826921, 34.18952038747534], [109.06266201438287, 34.18952038747534], [109.06266201438287, 34.18970005053217], [109.06248235132604, 34.18970005053217], [109.06248235132604, 34.18987971358899]], [[109.06320100355333, 34.18987971358899], [109.06302134049652, 34.18987971358899], [109.06302134049652, 34.18970005053217], [109.06284167743969, 34.18970005053217], [109.06284167743969, 34.18952038747534], [109.06302134049652, 34.18952038747534], [109.06302134049652, 34.189340724418514], [109.06320100355333, 34.189340724418514], [109.06320100355333, 34.189161061361695], [109.06266201438287, 34.189161061361695], [109.06266201438287, 34.18898139830487], [109.06284167743969, 34.18898139830487], [109.06284167743969, 34.18862207219122], [109.06302134049652, 34.18862207219122], [109.06302134049652, 34.188442409134396], [109.06320100355333, 34.188442409134396], [109.06320100355333, 34.18862207219122], [109.06338066661016, 34.18862207219122], [109.06338066661016, 34.188442409134396], [109.06373999272381, 34.188442409134396], [109.06373999272381, 34.18862207219122], [109.06356032966698, 34.18862207219122], [109.06356032966698, 34.18880173524804], [109.06338066661016, 34.18880173524804], [109.06338066661016, 34.18970005053217], [109.06320100355333, 34.18970005053217], [109.06320100355333, 34.18987971358899]], [[109.06481797106476, 34.19167634415723], [109.06463830800793, 34.19167634415723], [109.06463830800793, 34.1914966811004], [109.06481797106476, 34.1914966811004], [109.06481797106476, 34.19167634415723]]]}, "properties": {"name": "cand03", "ptype": "hall", "confidence": "low", "rank": 3, "area_ha": 16.2, "rise_db": 6.1, "digitised_from": "Sentinel-1 VV rise 2022->2026, orbit 84"}}, {"type": "Feature", "geometry": {"geodesic": false, "type": "Polygon", "coordinates": [[[109.03014300109774, 34.232100531942606], [109.03014300109774, 34.23192086888578], [109.02996333804091, 34.23192086888578], [109.02996333804091, 34.23174120582896], [109.02978367498409, 34.23174120582896], [109.02978367498409, 34.231561542772134], [109.02960401192726, 34.231561542772134], [109.02960401192726, 34.23138187971531], [109.02942434887044, 34.23138187971531], [109.02942434887044, 34.23030390137436], [109.03014300109774, 34.23030390137436], [109.03014300109774, 34.23012423831754], [109.03050232721138, 34.23012423831754], [109.03050232721138, 34.22994457526072], [109.03104131638186, 34.22994457526072], [109.03104131638186, 34.23012423831754], [109.0314006424955, 34.23012423831754], [109.0314006424955, 34.22994457526072], [109.03158030555232, 34.22994457526072], [109.03158030555232, 34.22958524914707], [109.0314006424955, 34.22958524914707], [109.0314006424955, 34.2290462599766], [109.03158030555232, 34.2290462599766], [109.03158030555232, 34.22886659691977], [109.03175996860915, 34.22886659691977], [109.03175996860915, 34.22814794469248], [109.03193963166598, 34.22814794469248], [109.03193963166598, 34.227968281635654], [109.0321192947228, 34.227968281635654], [109.0321192947228, 34.22724962940836], [109.0328379469501, 34.22724962940836], [109.0328379469501, 34.22742929246518], [109.03391592529104, 34.22742929246518], [109.03391592529104, 34.22724962940836], [109.0342752514047, 34.22724962940836], [109.0342752514047, 34.22742929246518], [109.03481424057516, 34.22742929246518], [109.03481424057516, 34.22760895552201], [109.03499390363199, 34.22760895552201], [109.03499390363199, 34.227788618578835], [109.03517356668881, 34.227788618578835], [109.03517356668881, 34.2283276077493], [109.03553289280245, 34.2283276077493], [109.03553289280245, 34.228507270806126], [109.03535322974562, 34.228507270806126], [109.03535322974562, 34.22868693386295], [109.03499390363199, 34.22868693386295], [109.03499390363199, 34.22886659691977], [109.03463457751833, 34.22886659691977], [109.03463457751833, 34.2290462599766], [109.03391592529104, 34.2290462599766], [109.03391592529104, 34.22958524914707], [109.03409558834787, 34.22958524914707], [109.03409558834787, 34.22994457526072], [109.03373626223421, 34.22994457526072], [109.03373626223421, 34.23048356443119], [109.03337693612056, 34.23048356443119], [109.03337693612056, 34.23030390137436], [109.03229895777963, 34.23030390137436], [109.03229895777963, 34.230842890544835], [109.0321192947228, 34.230842890544835], [109.0321192947228, 34.23102255360166], [109.03193963166598, 34.23102255360166], [109.03193963166598, 34.23120221665849], [109.03158030555232, 34.23120221665849], [109.03158030555232, 34.23138187971531], [109.03193963166598, 34.23138187971531], [109.03193963166598, 34.231561542772134], [109.0321192947228, 34.231561542772134], [109.0321192947228, 34.23174120582896], [109.03086165332503, 34.23174120582896], [109.03086165332503, 34.23192086888578], [109.03050232721138, 34.23192086888578], [109.03050232721138, 34.232100531942606], [109.03014300109774, 34.232100531942606]], [[109.03337693612056, 34.229225923033425], [109.03247862083644, 34.229225923033425], [109.03247862083644, 34.22886659691977], [109.0321192947228, 34.22886659691977], [109.0321192947228, 34.22868693386295], [109.03229895777963, 34.22868693386295], [109.03229895777963, 34.2283276077493], [109.03247862083644, 34.2283276077493], [109.03247862083644, 34.22814794469248], [109.0328379469501, 34.22814794469248], [109.0328379469501, 34.2283276077493], [109.03319727306375, 34.2283276077493], [109.03319727306375, 34.228507270806126], [109.03337693612056, 34.228507270806126], [109.03337693612056, 34.229225923033425]]]}, "properties": {"name": "cand04", "ptype": "hall", "confidence": "low", "rank": 4, "area_ha": 14.7, "rise_db": 8.8, "digitised_from": "Sentinel-1 VV rise 2022->2026, orbit 84"}}, {"type": "Feature", "geometry": {"geodesic": false, "type": "Polygon", "coordinates": [[[109.0434380673027, 34.20784601927138], [109.0434380673027, 34.20766635621455], [109.04325840424588, 34.20766635621455], [109.04325840424588, 34.20730703010091], [109.04307874118906, 34.20730703010091], [109.04307874118906, 34.20640871481679], [109.04289907813224, 34.20640871481679], [109.04289907813224, 34.20622905175996], [109.04253975201858, 34.20622905175996], [109.04253975201858, 34.206049388703136], [109.04236008896176, 34.206049388703136], [109.04236008896176, 34.205869725646316], [109.04218042590495, 34.205869725646316], [109.04218042590495, 34.20569006258949], [109.04200076284812, 34.20569006258949], [109.04200076284812, 34.205869725646316], [109.04164143673447, 34.205869725646316], [109.04164143673447, 34.20622905175996], [109.041102447564, 34.20622905175996], [109.041102447564, 34.206049388703136], [109.0403837953367, 34.206049388703136], [109.0403837953367, 34.205869725646316], [109.0396651431094, 34.205869725646316], [109.0396651431094, 34.206049388703136], [109.03948548005258, 34.206049388703136], [109.03948548005258, 34.205869725646316], [109.03930581699575, 34.205869725646316], [109.03930581699575, 34.20551039953267], [109.03948548005258, 34.20551039953267], [109.03948548005258, 34.205330736475844], [109.0396651431094, 34.205330736475844], [109.0396651431094, 34.20551039953267], [109.0403837953367, 34.20551039953267], [109.0403837953367, 34.20515107341902], [109.04092278450717, 34.20515107341902], [109.04092278450717, 34.205330736475844], [109.04128211062081, 34.205330736475844], [109.04128211062081, 34.20515107341902], [109.04164143673447, 34.20515107341902], [109.04164143673447, 34.2049714103622], [109.04182109979129, 34.2049714103622], [109.04182109979129, 34.20479174730537], [109.04200076284812, 34.20479174730537], [109.04200076284812, 34.2049714103622], [109.04218042590495, 34.2049714103622], [109.04218042590495, 34.20515107341902], [109.04289907813224, 34.20515107341902], [109.04289907813224, 34.20479174730537], [109.04307874118906, 34.20479174730537], [109.04307874118906, 34.204612084248545], [109.04325840424588, 34.204612084248545], [109.04325840424588, 34.204432421191726], [109.0434380673027, 34.204432421191726], [109.0434380673027, 34.2042527581349], [109.04379739341636, 34.2042527581349], [109.04379739341636, 34.204432421191726], [109.04397705647318, 34.204432421191726], [109.04397705647318, 34.20407309507807], [109.04415671953001, 34.20407309507807], [109.04415671953001, 34.2042527581349], [109.04433638258682, 34.2042527581349], [109.04433638258682, 34.204432421191726], [109.04397705647318, 34.204432421191726], [109.04397705647318, 34.204612084248545], [109.04559402398459, 34.204612084248545], [109.04559402398459, 34.204432421191726], [109.04541436092777, 34.204432421191726], [109.04541436092777, 34.2042527581349], [109.0448753717573, 34.2042527581349], [109.0448753717573, 34.20407309507807], [109.04505503481413, 34.20407309507807], [109.04505503481413, 34.20389343202125], [109.04559402398459, 34.20389343202125], [109.04559402398459, 34.20407309507807], [109.04649233926871, 34.20407309507807], [109.04649233926871, 34.20389343202125], [109.04685166538236, 34.20389343202125], [109.04685166538236, 34.20407309507807], [109.047210991496, 34.20407309507807], [109.047210991496, 34.2042527581349], [109.04774998066648, 34.2042527581349], [109.04774998066648, 34.204432421191726], [109.04792964372331, 34.204432421191726], [109.04792964372331, 34.20551039953267], [109.04774998066648, 34.20551039953267], [109.04774998066648, 34.20569006258949], [109.04631267621188, 34.20569006258949], [109.04631267621188, 34.20551039953267], [109.04559402398459, 34.20551039953267], [109.04559402398459, 34.20569006258949], [109.04523469787094, 34.20569006258949], [109.04523469787094, 34.205869725646316], [109.0448753717573, 34.205869725646316], [109.0448753717573, 34.206049388703136], [109.04469570870047, 34.206049388703136], [109.04469570870047, 34.20622905175996], [109.04451604564365, 34.20622905175996], [109.04451604564365, 34.205869725646316], [109.04397705647318, 34.205869725646316], [109.04397705647318, 34.206049388703136], [109.04415671953001, 34.206049388703136], [109.04415671953001, 34.20622905175996], [109.04361773035953, 34.20622905175996], [109.04361773035953, 34.20658837787361], [109.0434380673027, 34.20658837787361], [109.0434380673027, 34.206768040930434], [109.04361773035953, 34.206768040930434], [109.04361773035953, 34.20712736704408], [109.0434380673027, 34.20712736704408], [109.0434380673027, 34.20730703010091], [109.04361773035953, 34.20730703010091], [109.04361773035953, 34.20748669315773], [109.04379739341636, 34.20748669315773], [109.04379739341636, 34.20784601927138], [109.0434380673027, 34.20784601927138]], [[109.04397705647318, 34.20479174730537], [109.04379739341636, 34.20479174730537], [109.04379739341636, 34.204612084248545], [109.04397705647318, 34.204612084248545], [109.04397705647318, 34.20479174730537]]]}, "properties": {"name": "cand05", "ptype": "hall", "confidence": "low", "rank": 5, "area_ha": 14.1, "rise_db": 9.2, "digitised_from": "Sentinel-1 VV rise 2022->2026, orbit 84"}}, {"type": "Feature", "geometry": {"geodesic": false, "type": "Polygon", "coordinates": [[[109.0576314487918, 34.22473434661283], [109.0576314487918, 34.224554683556], [109.05745178573497, 34.224554683556], [109.05745178573497, 34.224375020499174], [109.0576314487918, 34.224375020499174], [109.0576314487918, 34.224195357442355], [109.05745178573497, 34.224195357442355], [109.05745178573497, 34.22401569438553], [109.05727212267814, 34.22401569438553], [109.05727212267814, 34.22383603132871], [109.05709245962133, 34.22383603132871], [109.05709245962133, 34.22365636827188], [109.0569127965645, 34.22365636827188], [109.0569127965645, 34.22329704215824], [109.05673313350768, 34.22329704215824], [109.05673313350768, 34.222937716044584], [109.05655347045085, 34.222937716044584], [109.05655347045085, 34.222758052987764], [109.05637380739402, 34.222758052987764], [109.05637380739402, 34.222937716044584], [109.05529582905308, 34.222937716044584], [109.05529582905308, 34.222758052987764], [109.05511616599625, 34.222758052987764], [109.05511616599625, 34.22239872687411], [109.0554754921099, 34.22239872687411], [109.0554754921099, 34.22257838993094], [109.05565515516673, 34.22257838993094], [109.05565515516673, 34.22239872687411], [109.05601448128039, 34.22239872687411], [109.05601448128039, 34.22221906381729], [109.0554754921099, 34.22221906381729], [109.0554754921099, 34.221320748533174], [109.05565515516673, 34.221320748533174], [109.05565515516673, 34.22096142241952], [109.05439751376896, 34.22096142241952], [109.05439751376896, 34.22114108547635], [109.05421785071213, 34.22114108547635], [109.05421785071213, 34.221320748533174], [109.0538585245985, 34.221320748533174], [109.0538585245985, 34.22114108547635], [109.05331953542802, 34.22114108547635], [109.05331953542802, 34.22096142241952], [109.05313987237119, 34.22096142241952], [109.05313987237119, 34.2207817593627], [109.05296020931438, 34.2207817593627], [109.05296020931438, 34.220602096305875], [109.05278054625755, 34.220602096305875], [109.05278054625755, 34.2200631071354], [109.05260088320072, 34.2200631071354], [109.05260088320072, 34.21988344407858], [109.0524212201439, 34.21988344407858], [109.0524212201439, 34.21970378102176], [109.05224155708707, 34.21970378102176], [109.05224155708707, 34.21934445490811], [109.0524212201439, 34.21934445490811], [109.0524212201439, 34.21898512879446], [109.05260088320072, 34.21898512879446], [109.05260088320072, 34.21880546573764], [109.05296020931438, 34.21880546573764], [109.05296020931438, 34.21952411796493], [109.05313987237119, 34.21952411796493], [109.05313987237119, 34.21970378102176], [109.05367886154167, 34.21970378102176], [109.05367886154167, 34.2200631071354], [109.05331953542802, 34.2200631071354], [109.05331953542802, 34.22024277019223], [109.05367886154167, 34.22024277019223], [109.05367886154167, 34.22042243324905], [109.0538585245985, 34.22042243324905], [109.0538585245985, 34.220602096305875], [109.05367886154167, 34.220602096305875], [109.05367886154167, 34.2207817593627], [109.05403818765532, 34.2207817593627], [109.05403818765532, 34.220602096305875], [109.05475683988261, 34.220602096305875], [109.05475683988261, 34.22042243324905], [109.05493650293944, 34.22042243324905], [109.05493650293944, 34.22024277019223], [109.05529582905308, 34.22024277019223], [109.05529582905308, 34.2200631071354], [109.05565515516673, 34.2200631071354], [109.05565515516673, 34.21988344407858], [109.05601448128039, 34.21988344407858], [109.05601448128039, 34.22042243324905], [109.0561941443372, 34.22042243324905], [109.0561941443372, 34.220602096305875], [109.0569127965645, 34.220602096305875], [109.0569127965645, 34.2207817593627], [109.05745178573497, 34.2207817593627], [109.05745178573497, 34.22150041158999], [109.0576314487918, 34.22150041158999], [109.0576314487918, 34.222758052987764], [109.05745178573497, 34.222758052987764], [109.05745178573497, 34.22329704215824], [109.0576314487918, 34.22329704215824], [109.0576314487918, 34.223476705215056], [109.05781111184862, 34.223476705215056], [109.05781111184862, 34.22383603132871], [109.05799077490545, 34.22383603132871], [109.05799077490545, 34.22401569438553], [109.05835010101909, 34.22401569438553], [109.05835010101909, 34.224375020499174], [109.05817043796226, 34.224375020499174], [109.05817043796226, 34.224554683556], [109.05799077490545, 34.224554683556], [109.05799077490545, 34.22473434661283], [109.0576314487918, 34.22473434661283]], [[109.0561941443372, 34.221859737703646], [109.05583481822356, 34.221859737703646], [109.05583481822356, 34.221320748533174], [109.05601448128039, 34.221320748533174], [109.05601448128039, 34.22168007464682], [109.0561941443372, 34.22168007464682], [109.0561941443372, 34.221859737703646]]]}, "properties": {"name": "cand06", "ptype": "hall", "confidence": "low", "rank": 6, "area_ha": 11.1, "rise_db": 7.1, "digitised_from": "Sentinel-1 VV rise 2022->2026, orbit 84"}}, {"type": "Feature", "geometry": {"geodesic": false, "type": "Polygon", "coordinates": [[[109.01738692406325, 34.23928705421556], [109.01738692406325, 34.23892772810191], [109.01720726100642, 34.23892772810191], [109.01720726100642, 34.23874806504509], [109.01702759794959, 34.23874806504509], [109.01702759794959, 34.23856840198827], [109.01720726100642, 34.23856840198827], [109.01720726100642, 34.23838873893144], [109.01684793489277, 34.23838873893144], [109.01684793489277, 34.23892772810191], [109.01666827183594, 34.23892772810191], [109.01666827183594, 34.23910739115874], [109.01612928266547, 34.23910739115874], [109.01612928266547, 34.23892772810191], [109.01594961960865, 34.23892772810191], [109.01594961960865, 34.23856840198827], [109.01612928266547, 34.23856840198827], [109.01612928266547, 34.23838873893144], [109.01594961960865, 34.23838873893144], [109.01594961960865, 34.238029412817795], [109.01612928266547, 34.238029412817795], [109.01612928266547, 34.23713109753368], [109.0163089457223, 34.23713109753368], [109.0163089457223, 34.23695143447685], [109.01612928266547, 34.23695143447685], [109.01612928266547, 34.236771771420024], [109.01594961960865, 34.236771771420024], [109.01594961960865, 34.236592108363205], [109.01576995655182, 34.236592108363205], [109.01576995655182, 34.23641244530638], [109.01594961960865, 34.23641244530638], [109.01594961960865, 34.23623278224955], [109.01918355463148, 34.23623278224955], [109.01918355463148, 34.23605311919273], [109.01954288074512, 34.23605311919273], [109.01954288074512, 34.23623278224955], [109.01972254380195, 34.23623278224955], [109.01972254380195, 34.23641244530638], [109.01954288074512, 34.23641244530638], [109.01954288074512, 34.236771771420024], [109.01936321768831, 34.236771771420024], [109.01936321768831, 34.23713109753368], [109.01918355463148, 34.23713109753368], [109.01918355463148, 34.237310760590496], [109.01900389157466, 34.237310760590496], [109.01900389157466, 34.23784974976097], [109.01882422851783, 34.23784974976097], [109.01882422851783, 34.238029412817795], [109.018644565461, 34.238029412817795], [109.018644565461, 34.238209075874614], [109.01846490240419, 34.238209075874614], [109.01846490240419, 34.23874806504509], [109.018644565461, 34.23874806504509], [109.018644565461, 34.23910739115874], [109.01792591323371, 34.23910739115874], [109.01792591323371, 34.23928705421556], [109.01738692406325, 34.23928705421556]], [[109.01774625017688, 34.23856840198827], [109.01738692406325, 34.23856840198827], [109.01738692406325, 34.23838873893144], [109.01774625017688, 34.23838873893144], [109.01774625017688, 34.23856840198827]]]}, "properties": {"name": "cand07", "ptype": "hall", "confidence": "low", "rank": 7, "area_ha": 10.2, "rise_db": 9.6, "digitised_from": "Sentinel-1 VV rise 2022->2026, orbit 84"}}, {"type": "Feature", "geometry": {"geodesic": false, "type": "Polygon", "coordinates": [[[109.05799077490545, 34.235873456135906], [109.05799077490545, 34.235693793079086], [109.05781111184862, 34.235693793079086], [109.05781111184862, 34.23335817334037], [109.05709245962133, 34.23335817334037], [109.05709245962133, 34.2335378363972], [109.0569127965645, 34.2335378363972], [109.0569127965645, 34.23371749945402], [109.05673313350768, 34.23371749945402], [109.05673313350768, 34.23425648862449], [109.05655347045085, 34.23425648862449], [109.05655347045085, 34.234436151681315], [109.05637380739402, 34.234436151681315], [109.05637380739402, 34.23425648862449], [109.0561941443372, 34.23425648862449], [109.0561941443372, 34.23389716251084], [109.0554754921099, 34.23389716251084], [109.0554754921099, 34.23371749945402], [109.05529582905308, 34.23371749945402], [109.05529582905308, 34.23389716251084], [109.05493650293944, 34.23389716251084], [109.05493650293944, 34.23335817334037], [109.05475683988261, 34.23335817334037], [109.05475683988261, 34.2335378363972], [109.05457717682579, 34.2335378363972], [109.05457717682579, 34.23335817334037], [109.05439751376896, 34.23335817334037], [109.05439751376896, 34.2328191841699], [109.05457717682579, 34.2328191841699], [109.05457717682579, 34.23263952111308], [109.05475683988261, 34.23263952111308], [109.05475683988261, 34.232280194999426], [109.05493650293944, 34.232280194999426], [109.05493650293944, 34.232100531942606], [109.0554754921099, 34.232100531942606], [109.0554754921099, 34.232280194999426], [109.05583481822356, 34.232280194999426], [109.05583481822356, 34.23245985805625], [109.0561941443372, 34.23245985805625], [109.0561941443372, 34.232280194999426], [109.05637380739402, 34.232280194999426], [109.05637380739402, 34.232100531942606], [109.05673313350768, 34.232100531942606], [109.05673313350768, 34.23245985805625], [109.0569127965645, 34.23245985805625], [109.0569127965645, 34.23263952111308], [109.05709245962133, 34.23263952111308], [109.05709245962133, 34.2328191841699], [109.05727212267814, 34.2328191841699], [109.05727212267814, 34.23263952111308], [109.0576314487918, 34.23263952111308], [109.0576314487918, 34.23245985805625], [109.05781111184862, 34.23245985805625], [109.05781111184862, 34.232280194999426], [109.0576314487918, 34.232280194999426], [109.0576314487918, 34.232100531942606], [109.05745178573497, 34.232100531942606], [109.05745178573497, 34.23192086888578], [109.05727212267814, 34.23192086888578], [109.05727212267814, 34.23138187971531], [109.0576314487918, 34.23138187971531], [109.0576314487918, 34.23120221665849], [109.05817043796226, 34.23120221665849], [109.05817043796226, 34.23138187971531], [109.05835010101909, 34.23138187971531], [109.05835010101909, 34.231561542772134], [109.05817043796226, 34.231561542772134], [109.05817043796226, 34.23174120582896], [109.05835010101909, 34.23174120582896], [109.05835010101909, 34.232100531942606], [109.05852976407591, 34.232100531942606], [109.05852976407591, 34.232280194999426], [109.05870942713274, 34.232280194999426], [109.05870942713274, 34.2328191841699], [109.05852976407591, 34.2328191841699], [109.05852976407591, 34.232998847226725], [109.05835010101909, 34.232998847226725], [109.05835010101909, 34.23371749945402], [109.05852976407591, 34.23371749945402], [109.05852976407591, 34.23461581473814], [109.05835010101909, 34.23461581473814], [109.05835010101909, 34.23479547779496], [109.05817043796226, 34.23479547779496], [109.05817043796226, 34.23497514085179], [109.05835010101909, 34.23497514085179], [109.05835010101909, 34.23533446696543], [109.05852976407591, 34.23533446696543], [109.05852976407591, 34.235693793079086], [109.05817043796226, 34.235693793079086], [109.05817043796226, 34.235873456135906], [109.05799077490545, 34.235873456135906]], [[109.0561941443372, 34.232998847226725], [109.05601448128039, 34.232998847226725], [109.05601448128039, 34.2328191841699], [109.0561941443372, 34.2328191841699], [109.0561941443372, 34.232998847226725]], [[109.05655347045085, 34.23389716251084], [109.0561941443372, 34.23389716251084], [109.0561941443372, 34.23371749945402], [109.05655347045085, 34.23371749945402], [109.05655347045085, 34.23389716251084]]]}, "properties": {"name": "cand08", "ptype": "hall", "confidence": "low", "rank": 8, "area_ha": 9.6, "rise_db": 6.7, "digitised_from": "Sentinel-1 VV rise 2022->2026, orbit 84"}}, {"type": "Feature", "geometry": {"geodesic": false, "type": "Polygon", "coordinates": [[[109.01882422851783, 34.2200631071354], [109.01882422851783, 34.21988344407858], [109.01828523934736, 34.21988344407858], [109.01828523934736, 34.21898512879446], [109.01846490240419, 34.21898512879446], [109.01846490240419, 34.218266476567166], [109.01774625017688, 34.218266476567166], [109.01774625017688, 34.21790715045352], [109.01756658712006, 34.21790715045352], [109.01756658712006, 34.21736816128305], [109.01774625017688, 34.21736816128305], [109.01774625017688, 34.21718849822622], [109.01792591323371, 34.21718849822622], [109.01792591323371, 34.217008835169395], [109.01810557629054, 34.217008835169395], [109.01810557629054, 34.216829172112575], [109.01828523934736, 34.216829172112575], [109.01828523934736, 34.217008835169395], [109.01846490240419, 34.217008835169395], [109.01846490240419, 34.216829172112575], [109.018644565461, 34.216829172112575], [109.018644565461, 34.21646984599892], [109.01810557629054, 34.21646984599892], [109.01810557629054, 34.21664950905575], [109.01792591323371, 34.21664950905575], [109.01792591323371, 34.2162901829421], [109.01774625017688, 34.2162901829421], [109.01774625017688, 34.21593085682846], [109.01828523934736, 34.21593085682846], [109.01828523934736, 34.21575119377163], [109.01846490240419, 34.21575119377163], [109.01846490240419, 34.21593085682846], [109.01882422851783, 34.21593085682846], [109.01882422851783, 34.21611051988528], [109.01918355463148, 34.21611051988528], [109.01918355463148, 34.2162901829421], [109.01954288074512, 34.2162901829421], [109.01954288074512, 34.21646984599892], [109.0200818699156, 34.21646984599892], [109.0200818699156, 34.21664950905575], [109.02026153297243, 34.21664950905575], [109.02026153297243, 34.216829172112575], [109.02062085908607, 34.216829172112575], [109.02062085908607, 34.217008835169395], [109.02115984825654, 34.217008835169395], [109.02115984825654, 34.21718849822622], [109.02169883742701, 34.21718849822622], [109.02169883742701, 34.21736816128305], [109.02151917437018, 34.21736816128305], [109.02151917437018, 34.21754782433987], [109.02133951131337, 34.21754782433987], [109.02133951131337, 34.217727487396694], [109.02098018519972, 34.217727487396694], [109.02098018519972, 34.21790715045352], [109.02080052214289, 34.21790715045352], [109.02080052214289, 34.21808681351034], [109.02062085908607, 34.21808681351034], [109.02062085908607, 34.21790715045352], [109.02044119602925, 34.21790715045352], [109.02044119602925, 34.21808681351034], [109.02026153297243, 34.21808681351034], [109.02026153297243, 34.218266476567166], [109.02044119602925, 34.218266476567166], [109.02044119602925, 34.218446139623985], [109.02026153297243, 34.218446139623985], [109.02026153297243, 34.21862580268081], [109.0200818699156, 34.21862580268081], [109.0200818699156, 34.219164791851284], [109.02026153297243, 34.219164791851284], [109.02026153297243, 34.21934445490811], [109.02044119602925, 34.21934445490811], [109.02044119602925, 34.21952411796493], [109.0200818699156, 34.21952411796493], [109.0200818699156, 34.21934445490811], [109.01990220685877, 34.21934445490811], [109.01990220685877, 34.219164791851284], [109.01954288074512, 34.219164791851284], [109.01954288074512, 34.21934445490811], [109.01936321768831, 34.21934445490811], [109.01936321768831, 34.21988344407858], [109.01918355463148, 34.21988344407858], [109.01918355463148, 34.2200631071354], [109.01882422851783, 34.2200631071354]], [[109.01882422851783, 34.217008835169395], [109.018644565461, 34.217008835169395], [109.018644565461, 34.216829172112575], [109.01882422851783, 34.216829172112575], [109.01882422851783, 34.217008835169395]], [[109.01990220685877, 34.217008835169395], [109.01936321768831, 34.217008835169395], [109.01936321768831, 34.21664950905575], [109.01954288074512, 34.21664950905575], [109.01954288074512, 34.216829172112575], [109.01990220685877, 34.216829172112575], [109.01990220685877, 34.217008835169395]], [[109.0200818699156, 34.217727487396694], [109.01990220685877, 34.217727487396694], [109.01990220685877, 34.21754782433987], [109.0200818699156, 34.21754782433987], [109.0200818699156, 34.217727487396694]], [[109.01792591323371, 34.21790715045352], [109.01774625017688, 34.21790715045352], [109.01774625017688, 34.217727487396694], [109.01792591323371, 34.217727487396694], [109.01792591323371, 34.21790715045352]], [[109.018644565461, 34.21790715045352], [109.01846490240419, 34.21790715045352], [109.01846490240419, 34.21754782433987], [109.01882422851783, 34.21754782433987], [109.01882422851783, 34.217727487396694], [109.018644565461, 34.217727487396694], [109.018644565461, 34.21790715045352]], [[109.01918355463148, 34.21790715045352], [109.01900389157466, 34.21790715045352], [109.01900389157466, 34.21754782433987], [109.01882422851783, 34.21754782433987], [109.01882422851783, 34.21736816128305], [109.01900389157466, 34.21736816128305], [109.01900389157466, 34.21718849822622], [109.01972254380195, 34.21718849822622], [109.01972254380195, 34.21754782433987], [109.01918355463148, 34.21754782433987], [109.01918355463148, 34.21790715045352]], [[109.0200818699156, 34.21808681351034], [109.01972254380195, 34.21808681351034], [109.01972254380195, 34.21790715045352], [109.0200818699156, 34.21790715045352], [109.0200818699156, 34.21808681351034]], [[109.01936321768831, 34.218446139623985], [109.01882422851783, 34.218446139623985], [109.01882422851783, 34.21808681351034], [109.01918355463148, 34.21808681351034], [109.01918355463148, 34.218266476567166], [109.01936321768831, 34.218266476567166], [109.01936321768831, 34.218446139623985]], [[109.01954288074512, 34.21862580268081], [109.01936321768831, 34.21862580268081], [109.01936321768831, 34.218446139623985], [109.01954288074512, 34.218446139623985], [109.01954288074512, 34.21862580268081]], [[109.01990220685877, 34.21862580268081], [109.01972254380195, 34.21862580268081], [109.01972254380195, 34.218446139623985], [109.01990220685877, 34.218446139623985], [109.01990220685877, 34.21862580268081]], [[109.01918355463148, 34.21898512879446], [109.01900389157466, 34.21898512879446], [109.01900389157466, 34.21880546573764], [109.01918355463148, 34.21880546573764], [109.01918355463148, 34.21898512879446]], [[109.01900389157466, 34.219164791851284], [109.01882422851783, 34.219164791851284], [109.01882422851783, 34.21898512879446], [109.01900389157466, 34.21898512879446], [109.01900389157466, 34.219164791851284]]]}, "properties": {"name": "cand09", "ptype": "hall", "confidence": "low", "rank": 9, "area_ha": 9.4, "rise_db": 6.6, "digitised_from": "Sentinel-1 VV rise 2022->2026, orbit 84"}}, {"type": "Feature", "geometry": {"geodesic": false, "type": "Polygon", "coordinates": [[[109.01990220685877, 34.21018163901009], [109.01990220685877, 34.21000197595326], [109.01972254380195, 34.21000197595326], [109.01972254380195, 34.20982231289644], [109.01936321768831, 34.20982231289644], [109.01936321768831, 34.209642649839616], [109.01882422851783, 34.209642649839616], [109.01882422851783, 34.20928332372597], [109.01900389157466, 34.20928332372597], [109.01900389157466, 34.20910366066914], [109.01918355463148, 34.20910366066914], [109.01918355463148, 34.20928332372597], [109.01954288074512, 34.20928332372597], [109.01954288074512, 34.209462986782796], [109.01972254380195, 34.209462986782796], [109.01972254380195, 34.20928332372597], [109.0200818699156, 34.20928332372597], [109.0200818699156, 34.20910366066914], [109.02026153297243, 34.20910366066914], [109.02026153297243, 34.2087443345555], [109.0200818699156, 34.2087443345555], [109.0200818699156, 34.20856467149867], [109.01954288074512, 34.20856467149867], [109.01954288074512, 34.208205345385025], [109.01900389157466, 34.208205345385025], [109.01900389157466, 34.20838500844185], [109.01918355463148, 34.20838500844185], [109.01918355463148, 34.20856467149867], [109.01792591323371, 34.20856467149867], [109.01792591323371, 34.2087443345555], [109.01774625017688, 34.2087443345555], [109.01774625017688, 34.208923997612324], [109.01756658712006, 34.208923997612324], [109.01756658712006, 34.20928332372597], [109.01738692406325, 34.20928332372597], [109.01738692406325, 34.209462986782796], [109.01702759794959, 34.209462986782796], [109.01702759794959, 34.20928332372597], [109.01684793489277, 34.20928332372597], [109.01684793489277, 34.20838500844185], [109.01702759794959, 34.20838500844185], [109.01702759794959, 34.2080256823282], [109.01720726100642, 34.2080256823282], [109.01720726100642, 34.20784601927138], [109.01738692406325, 34.20784601927138], [109.01738692406325, 34.20766635621455], [109.01756658712006, 34.20766635621455], [109.01756658712006, 34.20748669315773], [109.01738692406325, 34.20748669315773], [109.01738692406325, 34.20712736704408], [109.01756658712006, 34.20712736704408], [109.01756658712006, 34.20694770398726], [109.01792591323371, 34.20694770398726], [109.01792591323371, 34.206768040930434], [109.01810557629054, 34.206768040930434], [109.01810557629054, 34.20730703010091], [109.01828523934736, 34.20730703010091], [109.01828523934736, 34.20766635621455], [109.01810557629054, 34.20766635621455], [109.01810557629054, 34.2080256823282], [109.01846490240419, 34.2080256823282], [109.01846490240419, 34.20766635621455], [109.018644565461, 34.20766635621455], [109.018644565461, 34.20730703010091], [109.01900389157466, 34.20730703010091], [109.01900389157466, 34.20712736704408], [109.01918355463148, 34.20712736704408], [109.01918355463148, 34.20766635621455], [109.01954288074512, 34.20766635621455], [109.01954288074512, 34.20748669315773], [109.01972254380195, 34.20748669315773], [109.01972254380195, 34.20730703010091], [109.01990220685877, 34.20730703010091], [109.01990220685877, 34.20748669315773], [109.0200818699156, 34.20748669315773], [109.0200818699156, 34.20766635621455], [109.02044119602925, 34.20766635621455], [109.02044119602925, 34.20730703010091], [109.02062085908607, 34.20730703010091], [109.02062085908607, 34.20712736704408], [109.02098018519972, 34.20712736704408], [109.02098018519972, 34.20766635621455], [109.02080052214289, 34.20766635621455], [109.02080052214289, 34.208205345385025], [109.02098018519972, 34.208205345385025], [109.02098018519972, 34.20838500844185], [109.02115984825654, 34.20838500844185], [109.02115984825654, 34.20856467149867], [109.02241748965432, 34.20856467149867], [109.02241748965432, 34.2087443345555], [109.02331580493843, 34.2087443345555], [109.02331580493843, 34.20910366066914], [109.02223782659749, 34.20910366066914], [109.02223782659749, 34.208923997612324], [109.02115984825654, 34.208923997612324], [109.02115984825654, 34.20910366066914], [109.02098018519972, 34.20910366066914], [109.02098018519972, 34.209462986782796], [109.02080052214289, 34.209462986782796], [109.02080052214289, 34.209642649839616], [109.02044119602925, 34.209642649839616], [109.02044119602925, 34.20982231289644], [109.02026153297243, 34.20982231289644], [109.02026153297243, 34.21000197595326], [109.0200818699156, 34.21000197595326], [109.0200818699156, 34.21018163901009], [109.01990220685877, 34.21018163901009]]]}, "properties": {"name": "cand10", "ptype": "hall", "confidence": "low", "rank": 10, "area_ha": 9.3, "rise_db": 7.6, "digitised_from": "Sentinel-1 VV rise 2022->2026, orbit 84"}}, {"type": "Feature", "geometry": {"geodesic": false, "type": "Polygon", "coordinates": [[[109.01505130432453, 34.19832387725971], [109.01505130432453, 34.198144214202884], [109.01451231515406, 34.198144214202884], [109.01451231515406, 34.19832387725971], [109.0132546737563, 34.19832387725971], [109.0132546737563, 34.196527246691474], [109.015590293495, 34.196527246691474], [109.015590293495, 34.19634758363465], [109.01666827183594, 34.19634758363465], [109.01666827183594, 34.196527246691474], [109.01702759794959, 34.196527246691474], [109.01702759794959, 34.197066235861946], [109.01684793489277, 34.197066235861946], [109.01684793489277, 34.19742556197559], [109.01702759794959, 34.19742556197559], [109.01702759794959, 34.19760522503242], [109.01810557629054, 34.19760522503242], [109.01810557629054, 34.19778488808924], [109.01828523934736, 34.19778488808924], [109.01828523934736, 34.198144214202884], [109.01612928266547, 34.198144214202884], [109.01612928266547, 34.19832387725971], [109.01505130432453, 34.19832387725971]], [[109.01702759794959, 34.19778488808924], [109.01684793489277, 34.19778488808924], [109.01684793489277, 34.19760522503242], [109.01702759794959, 34.19760522503242], [109.01702759794959, 34.19778488808924]]]}, "properties": {"name": "cand11", "ptype": "hall", "confidence": "low", "rank": 11, "area_ha": 9.0, "rise_db": 11.4, "digitised_from": "Sentinel-1 VV rise 2022->2026, orbit 84"}}, {"type": "Feature", "geometry": {"geodesic": false, "type": "Polygon", "coordinates": [[[109.03553289280245, 34.21754782433987], [109.03553289280245, 34.21736816128305], [109.03463457751833, 34.21736816128305], [109.03463457751833, 34.21718849822622], [109.03481424057516, 34.21718849822622], [109.03481424057516, 34.217008835169395], [109.03499390363199, 34.217008835169395], [109.03499390363199, 34.216829172112575], [109.03535322974562, 34.216829172112575], [109.03535322974562, 34.21664950905575], [109.03499390363199, 34.21664950905575], [109.03499390363199, 34.21646984599892], [109.03481424057516, 34.21646984599892], [109.03481424057516, 34.21611051988528], [109.03463457751833, 34.21611051988528], [109.03463457751833, 34.2162901829421], [109.0344549144615, 34.2162901829421], [109.0344549144615, 34.21611051988528], [109.03373626223421, 34.21611051988528], [109.03373626223421, 34.215571530714804], [109.03391592529104, 34.215571530714804], [109.03391592529104, 34.215391867657985], [109.03409558834787, 34.215391867657985], [109.03409558834787, 34.21521220460116], [109.0342752514047, 34.21521220460116], [109.0342752514047, 34.21503254154433], [109.03481424057516, 34.21503254154433], [109.03481424057516, 34.21485287848751], [109.03499390363199, 34.21485287848751], [109.03499390363199, 34.214673215430686], [109.03517356668881, 34.214673215430686], [109.03517356668881, 34.21449355237386], [109.03553289280245, 34.21449355237386], [109.03553289280245, 34.214673215430686], [109.03571255585928, 34.214673215430686], [109.03571255585928, 34.215391867657985], [109.0358922189161, 34.215391867657985], [109.0358922189161, 34.214673215430686], [109.03607188197293, 34.214673215430686], [109.03607188197293, 34.21449355237386], [109.03643120808657, 34.21449355237386], [109.03643120808657, 34.21503254154433], [109.03679053420022, 34.21503254154433], [109.03679053420022, 34.21521220460116], [109.03697019725705, 34.21521220460116], [109.03697019725705, 34.215391867657985], [109.03714986031387, 34.215391867657985], [109.03714986031387, 34.21575119377163], [109.03768884948434, 34.21575119377163], [109.03768884948434, 34.21611051988528], [109.03607188197293, 34.21611051988528], [109.03607188197293, 34.21593085682846], [109.03571255585928, 34.21593085682846], [109.03571255585928, 34.21575119377163], [109.03535322974562, 34.21575119377163], [109.03535322974562, 34.21646984599892], [109.0358922189161, 34.21646984599892], [109.0358922189161, 34.21664950905575], [109.03643120808657, 34.21664950905575], [109.03643120808657, 34.216829172112575], [109.0366108711434, 34.216829172112575], [109.0366108711434, 34.217008835169395], [109.03643120808657, 34.217008835169395], [109.03643120808657, 34.21736816128305], [109.03571255585928, 34.21736816128305], [109.03571255585928, 34.21754782433987], [109.03553289280245, 34.21754782433987]], [[109.03571255585928, 34.215571530714804], [109.03535322974562, 34.215571530714804], [109.03535322974562, 34.215391867657985], [109.03571255585928, 34.215391867657985], [109.03571255585928, 34.215571530714804]], [[109.03679053420022, 34.21575119377163], [109.03625154502976, 34.21575119377163], [109.03625154502976, 34.215391867657985], [109.0366108711434, 34.215391867657985], [109.0366108711434, 34.215571530714804], [109.03679053420022, 34.215571530714804], [109.03679053420022, 34.21575119377163]], [[109.0358922189161, 34.217008835169395], [109.03571255585928, 34.217008835169395], [109.03571255585928, 34.216829172112575], [109.0358922189161, 34.216829172112575], [109.0358922189161, 34.217008835169395]], [[109.03643120808657, 34.217008835169395], [109.03625154502976, 34.217008835169395], [109.03625154502976, 34.216829172112575], [109.03643120808657, 34.216829172112575], [109.03643120808657, 34.217008835169395]]]}, "properties": {"name": "cand12", "ptype": "hall", "confidence": "low", "rank": 12, "area_ha": 6.4, "rise_db": 7.1, "digitised_from": "Sentinel-1 VV rise 2022->2026, orbit 84"}}, {"type": "Feature", "geometry": {"geodesic": false, "type": "Polygon", "coordinates": [[[109.04613301315507, 34.227968281635654], [109.04613301315507, 34.227788618578835], [109.04595335009824, 34.227788618578835], [109.04595335009824, 34.22760895552201], [109.04577368704142, 34.22760895552201], [109.04577368704142, 34.227069966351536], [109.04595335009824, 34.227069966351536], [109.04595335009824, 34.22653097718106], [109.04577368704142, 34.22653097718106], [109.04577368704142, 34.22581232495377], [109.04559402398459, 34.22581232495377], [109.04559402398459, 34.22545299884012], [109.04523469787094, 34.22545299884012], [109.04523469787094, 34.2252733357833], [109.04505503481413, 34.2252733357833], [109.04505503481413, 34.22509367272647], [109.04523469787094, 34.22509367272647], [109.04523469787094, 34.22473434661283], [109.04541436092777, 34.22473434661283], [109.04541436092777, 34.224554683556], [109.04559402398459, 34.224554683556], [109.04559402398459, 34.22473434661283], [109.04649233926871, 34.22473434661283], [109.04649233926871, 34.22491400966965], [109.04667200232554, 34.22491400966965], [109.04667200232554, 34.22473434661283], [109.04703132843919, 34.22473434661283], [109.04703132843919, 34.22491400966965], [109.04757031760965, 34.22491400966965], [109.04757031760965, 34.225632661896945], [109.04774998066648, 34.225632661896945], [109.04774998066648, 34.22599198801059], [109.04757031760965, 34.22599198801059], [109.04757031760965, 34.22617165106742], [109.04685166538236, 34.22617165106742], [109.04685166538236, 34.22635131412424], [109.04703132843919, 34.22635131412424], [109.04703132843919, 34.22653097718106], [109.047210991496, 34.22653097718106], [109.047210991496, 34.22671064023789], [109.04739065455283, 34.22671064023789], [109.04739065455283, 34.227069966351536], [109.047210991496, 34.227069966351536], [109.047210991496, 34.22724962940836], [109.04667200232554, 34.22724962940836], [109.04667200232554, 34.227788618578835], [109.04649233926871, 34.227788618578835], [109.04649233926871, 34.227968281635654], [109.04613301315507, 34.227968281635654]]]}, "properties": {"name": "cand13", "ptype": "hall", "confidence": "low", "rank": 13, "area_ha": 6.2, "rise_db": 8.9, "digitised_from": "Sentinel-1 VV rise 2022->2026, orbit 84"}}, {"type": "Feature", "geometry": {"geodesic": false, "type": "Polygon", "coordinates": [[[109.04056345839352, 34.19958151865748], [109.04056345839352, 34.19886286643018], [109.04074312145035, 34.19886286643018], [109.04074312145035, 34.19850354031654], [109.04020413227988, 34.19850354031654], [109.04020413227988, 34.198144214202884], [109.04074312145035, 34.198144214202884], [109.04074312145035, 34.19778488808924], [109.04020413227988, 34.19778488808924], [109.04020413227988, 34.19742556197559], [109.04092278450717, 34.19742556197559], [109.04092278450717, 34.197245898918766], [109.04074312145035, 34.197245898918766], [109.04074312145035, 34.197066235861946], [109.0403837953367, 34.197066235861946], [109.0403837953367, 34.19670690974829], [109.04092278450717, 34.19670690974829], [109.04092278450717, 34.19688657280512], [109.041102447564, 34.19688657280512], [109.041102447564, 34.196527246691474], [109.04074312145035, 34.196527246691474], [109.04074312145035, 34.19634758363465], [109.04056345839352, 34.19634758363465], [109.04056345839352, 34.19616792057782], [109.04074312145035, 34.19616792057782], [109.04074312145035, 34.195808594464175], [109.04056345839352, 34.195808594464175], [109.04056345839352, 34.19544926835053], [109.04074312145035, 34.19544926835053], [109.04074312145035, 34.1952696052937], [109.04164143673447, 34.1952696052937], [109.04164143673447, 34.19508994223688], [109.04200076284812, 34.19508994223688], [109.04200076284812, 34.1952696052937], [109.04218042590495, 34.1952696052937], [109.04218042590495, 34.19616792057782], [109.04200076284812, 34.19616792057782], [109.04200076284812, 34.19670690974829], [109.04182109979129, 34.19670690974829], [109.04182109979129, 34.19760522503242], [109.04164143673447, 34.19760522503242], [109.04164143673447, 34.19850354031654], [109.04146177367764, 34.19850354031654], [109.04146177367764, 34.198683203373356], [109.04128211062081, 34.198683203373356], [109.04128211062081, 34.19886286643018], [109.041102447564, 34.19886286643018], [109.041102447564, 34.19958151865748], [109.04056345839352, 34.19958151865748]]]}, "properties": {"name": "cand14", "ptype": "hall", "confidence": "low", "rank": 14, "area_ha": 6.1, "rise_db": 10.2, "digitised_from": "Sentinel-1 VV rise 2022->2026, orbit 84"}}, {"type": "Feature", "geometry": {"geodesic": false, "type": "Polygon", "coordinates": [[[109.03643120808657, 34.20694770398726], [109.03643120808657, 34.206768040930434], [109.0366108711434, 34.206768040930434], [109.0366108711434, 34.20658837787361], [109.03643120808657, 34.20658837787361], [109.03643120808657, 34.20640871481679], [109.0366108711434, 34.20640871481679], [109.0366108711434, 34.20622905175996], [109.03643120808657, 34.20622905175996], [109.03643120808657, 34.206049388703136], [109.03625154502976, 34.206049388703136], [109.03625154502976, 34.205869725646316], [109.03607188197293, 34.205869725646316], [109.03607188197293, 34.20551039953267], [109.0358922189161, 34.20551039953267], [109.0358922189161, 34.205330736475844], [109.03607188197293, 34.205330736475844], [109.03607188197293, 34.2049714103622], [109.03625154502976, 34.2049714103622], [109.03625154502976, 34.204432421191726], [109.03607188197293, 34.204432421191726], [109.03607188197293, 34.20407309507807], [109.03643120808657, 34.20407309507807], [109.03643120808657, 34.20389343202125], [109.0366108711434, 34.20389343202125], [109.0366108711434, 34.20353410590761], [109.03643120808657, 34.20353410590761], [109.03643120808657, 34.20281545368031], [109.0366108711434, 34.20281545368031], [109.0366108711434, 34.20263579062348], [109.03679053420022, 34.20263579062348], [109.03679053420022, 34.201737475339364], [109.03697019725705, 34.201737475339364], [109.03697019725705, 34.201557812282545], [109.03714986031387, 34.201557812282545], [109.03714986031387, 34.20209680145301], [109.03732952337069, 34.20209680145301], [109.03732952337069, 34.202276464509836], [109.03768884948434, 34.202276464509836], [109.03768884948434, 34.20281545368031], [109.03750918642751, 34.20281545368031], [109.03750918642751, 34.202995116737135], [109.03732952337069, 34.202995116737135], [109.03732952337069, 34.20371376896443], [109.03697019725705, 34.20371376896443], [109.03697019725705, 34.20389343202125], [109.03750918642751, 34.20389343202125], [109.03750918642751, 34.20407309507807], [109.03768884948434, 34.20407309507807], [109.03768884948434, 34.204432421191726], [109.03750918642751, 34.204432421191726], [109.03750918642751, 34.20479174730537], [109.03732952337069, 34.20479174730537], [109.03732952337069, 34.20515107341902], [109.03750918642751, 34.20515107341902], [109.03750918642751, 34.20569006258949], [109.03732952337069, 34.20569006258949], [109.03732952337069, 34.206049388703136], [109.03714986031387, 34.206049388703136], [109.03714986031387, 34.20640871481679], [109.03732952337069, 34.20640871481679], [109.03732952337069, 34.206768040930434], [109.03714986031387, 34.206768040930434], [109.03714986031387, 34.20694770398726], [109.03643120808657, 34.20694770398726]], [[109.03679053420022, 34.20569006258949], [109.0366108711434, 34.20569006258949], [109.0366108711434, 34.20551039953267], [109.03643120808657, 34.20551039953267], [109.03643120808657, 34.205330736475844], [109.0366108711434, 34.205330736475844], [109.0366108711434, 34.20479174730537], [109.03679053420022, 34.20479174730537], [109.03679053420022, 34.204432421191726], [109.03714986031387, 34.204432421191726], [109.03714986031387, 34.20479174730537], [109.03697019725705, 34.20479174730537], [109.03697019725705, 34.20551039953267], [109.03679053420022, 34.20551039953267], [109.03679053420022, 34.20569006258949]]]}, "properties": {"name": "cand15", "ptype": "hall", "confidence": "low", "rank": 15, "area_ha": 5.8, "rise_db": 6.3, "digitised_from": "Sentinel-1 VV rise 2022->2026, orbit 84"}}, {"type": "Feature", "geometry": {"geodesic": false, "type": "Polygon", "coordinates": [[[109.04954661123472, 34.221859737703646], [109.04954661123472, 34.22168007464682], [109.04936694817789, 34.22168007464682], [109.04936694817789, 34.22150041158999], [109.04954661123472, 34.22150041158999], [109.04954661123472, 34.22096142241952], [109.0500856004052, 34.22096142241952], [109.0500856004052, 34.220602096305875], [109.04936694817789, 34.220602096305875], [109.04936694817789, 34.2207817593627], [109.04918728512106, 34.2207817593627], [109.04918728512106, 34.22114108547635], [109.04882795900743, 34.22114108547635], [109.04882795900743, 34.22096142241952], [109.0486482959506, 34.22096142241952], [109.0486482959506, 34.220602096305875], [109.04846863289377, 34.220602096305875], [109.04846863289377, 34.22042243324905], [109.04900762206425, 34.22042243324905], [109.04900762206425, 34.220602096305875], [109.04918728512106, 34.220602096305875], [109.04918728512106, 34.22024277019223], [109.04936694817789, 34.22024277019223], [109.04936694817789, 34.2200631071354], [109.04954661123472, 34.2200631071354], [109.04954661123472, 34.21988344407858], [109.04972627429154, 34.21988344407858], [109.04972627429154, 34.21952411796493], [109.04954661123472, 34.21952411796493], [109.04954661123472, 34.21934445490811], [109.04972627429154, 34.21934445490811], [109.04972627429154, 34.219164791851284], [109.0500856004052, 34.219164791851284], [109.0500856004052, 34.21898512879446], [109.05044492651884, 34.21898512879446], [109.05044492651884, 34.21880546573764], [109.05080425263249, 34.21880546573764], [109.05080425263249, 34.21898512879446], [109.05098391568932, 34.21898512879446], [109.05098391568932, 34.219164791851284], [109.05134324180295, 34.219164791851284], [109.05134324180295, 34.21952411796493], [109.05080425263249, 34.21952411796493], [109.05080425263249, 34.2200631071354], [109.05062458957566, 34.2200631071354], [109.05062458957566, 34.22024277019223], [109.05080425263249, 34.22024277019223], [109.05080425263249, 34.220602096305875], [109.05098391568932, 34.220602096305875], [109.05098391568932, 34.221320748533174], [109.05116357874613, 34.221320748533174], [109.05116357874613, 34.22150041158999], [109.05134324180295, 34.22150041158999], [109.05134324180295, 34.221859737703646], [109.04954661123472, 34.221859737703646]], [[109.05062458957566, 34.21934445490811], [109.05044492651884, 34.21934445490811], [109.05044492651884, 34.219164791851284], [109.05062458957566, 34.219164791851284], [109.05062458957566, 34.21934445490811]], [[109.05080425263249, 34.21952411796493], [109.05062458957566, 34.21952411796493], [109.05062458957566, 34.21934445490811], [109.05080425263249, 34.21934445490811], [109.05080425263249, 34.21952411796493]]]}, "properties": {"name": "cand16", "ptype": "hall", "confidence": "low", "rank": 16, "area_ha": 5.4, "rise_db": 7.2, "digitised_from": "Sentinel-1 VV rise 2022->2026, orbit 84"}}, {"type": "Feature", "geometry": {"geodesic": false, "type": "Polygon", "coordinates": [[[109.06697392774664, 34.25132447902276], [109.06697392774664, 34.25114481596594], [109.06679426468982, 34.25114481596594], [109.06679426468982, 34.25096515290912], [109.06661460163299, 34.25096515290912], [109.06661460163299, 34.250605826795464], [109.06679426468982, 34.250605826795464], [109.06679426468982, 34.250066837625], [109.06697392774664, 34.250066837625], [109.06697392774664, 34.249707511511346], [109.06715359080346, 34.249707511511346], [109.06715359080346, 34.24988717456817], [109.06769257997394, 34.24988717456817], [109.06769257997394, 34.249707511511346], [109.06751291691711, 34.249707511511346], [109.06751291691711, 34.24952784845453], [109.06733325386028, 34.24952784845453], [109.06733325386028, 34.249168522340874], [109.06715359080346, 34.249168522340874], [109.06715359080346, 34.24952784845453], [109.06679426468982, 34.24952784845453], [109.06679426468982, 34.2493481853977], [109.06697392774664, 34.2493481853977], [109.06697392774664, 34.249168522340874], [109.06679426468982, 34.249168522340874], [109.06679426468982, 34.248988859284054], [109.06661460163299, 34.248988859284054], [109.06661460163299, 34.2486295331704], [109.06643493857617, 34.2486295331704], [109.06643493857617, 34.24844987011358], [109.06625527551934, 34.24844987011358], [109.06625527551934, 34.248270207056756], [109.06607561246251, 34.248270207056756], [109.06607561246251, 34.248090543999936], [109.06625527551934, 34.248090543999936], [109.06625527551934, 34.24791088094311], [109.06643493857617, 34.24791088094311], [109.06643493857617, 34.24773121788628], [109.06912988442852, 34.24773121788628], [109.06912988442852, 34.248090543999936], [109.06895022137171, 34.248090543999936], [109.06895022137171, 34.248270207056756], [109.06805190608758, 34.248270207056756], [109.06805190608758, 34.24844987011358], [109.06787224303076, 34.24844987011358], [109.06787224303076, 34.248988859284054], [109.06769257997394, 34.248988859284054], [109.06769257997394, 34.249168522340874], [109.06787224303076, 34.249168522340874], [109.06787224303076, 34.24952784845453], [109.06769257997394, 34.24952784845453], [109.06769257997394, 34.249707511511346], [109.06787224303076, 34.249707511511346], [109.06787224303076, 34.250066837625], [109.0682315691444, 34.250066837625], [109.0682315691444, 34.250426163738645], [109.06751291691711, 34.250426163738645], [109.06751291691711, 34.25114481596594], [109.06733325386028, 34.25114481596594], [109.06733325386028, 34.25132447902276], [109.06697392774664, 34.25132447902276]], [[109.06733325386028, 34.25024650068182], [109.06697392774664, 34.25024650068182], [109.06697392774664, 34.250066837625], [109.06733325386028, 34.250066837625], [109.06733325386028, 34.25024650068182]]]}, "properties": {"name": "cand17", "ptype": "hall", "confidence": "low", "rank": 17, "area_ha": 5.4, "rise_db": 6.6, "digitised_from": "Sentinel-1 VV rise 2022->2026, orbit 84"}}, {"type": "Feature", "geometry": {"geodesic": false, "type": "Polygon", "coordinates": [[[109.03517356668881, 34.201737475339364], [109.03517356668881, 34.201557812282545], [109.03481424057516, 34.201557812282545], [109.03481424057516, 34.201737475339364], [109.0344549144615, 34.201737475339364], [109.0344549144615, 34.201557812282545], [109.0342752514047, 34.201557812282545], [109.0342752514047, 34.20137814922572], [109.03409558834787, 34.20137814922572], [109.03409558834787, 34.20101882311207], [109.0342752514047, 34.20101882311207], [109.0342752514047, 34.200839160055246], [109.0344549144615, 34.200839160055246], [109.0344549144615, 34.20065949699842], [109.03463457751833, 34.20065949699842], [109.03463457751833, 34.2004798339416], [109.03481424057516, 34.2004798339416], [109.03481424057516, 34.19994084477113], [109.03499390363199, 34.19994084477113], [109.03499390363199, 34.19958151865748], [109.03517356668881, 34.19958151865748], [109.03517356668881, 34.19922219254383], [109.03535322974562, 34.19922219254383], [109.03535322974562, 34.19904252948701], [109.03553289280245, 34.19904252948701], [109.03553289280245, 34.198683203373356], [109.0358922189161, 34.198683203373356], [109.0358922189161, 34.19850354031654], [109.03607188197293, 34.19850354031654], [109.03607188197293, 34.198683203373356], [109.03625154502976, 34.198683203373356], [109.03625154502976, 34.20012050782795], [109.03607188197293, 34.20012050782795], [109.03607188197293, 34.20065949699842], [109.03625154502976, 34.20065949699842], [109.03625154502976, 34.200839160055246], [109.03643120808657, 34.200839160055246], [109.03643120808657, 34.20137814922572], [109.03625154502976, 34.20137814922572], [109.03625154502976, 34.201557812282545], [109.03553289280245, 34.201557812282545], [109.03553289280245, 34.201737475339364], [109.03517356668881, 34.201737475339364]], [[109.03553289280245, 34.20012050782795], [109.03535322974562, 34.20012050782795], [109.03535322974562, 34.19994084477113], [109.03553289280245, 34.19994084477113], [109.03553289280245, 34.20012050782795]]]}, "properties": {"name": "cand18", "ptype": "hall", "confidence": "low", "rank": 18, "area_ha": 5.3, "rise_db": 9.8, "digitised_from": "Sentinel-1 VV rise 2022->2026, orbit 84"}}, {"type": "Feature", "geometry": {"geodesic": false, "type": "Polygon", "coordinates": [[[109.03786851254117, 34.195628931407356], [109.03786851254117, 34.19544926835053], [109.03750918642751, 34.19544926835053], [109.03750918642751, 34.19491027918006], [109.03768884948434, 34.19491027918006], [109.03768884948434, 34.19473061612323], [109.03732952337069, 34.19473061612323], [109.03732952337069, 34.19455095306641], [109.03714986031387, 34.19455095306641], [109.03714986031387, 34.194371290009585], [109.03697019725705, 34.194371290009585], [109.03697019725705, 34.19383230083911], [109.03750918642751, 34.19383230083911], [109.03750918642751, 34.19401196389594], [109.03768884948434, 34.19401196389594], [109.03768884948434, 34.19383230083911], [109.03894649088211, 34.19383230083911], [109.03894649088211, 34.193472974725466], [109.03912615393894, 34.193472974725466], [109.03912615393894, 34.19329331166864], [109.03948548005258, 34.19329331166864], [109.03948548005258, 34.192933985554994], [109.04002446922306, 34.192933985554994], [109.04002446922306, 34.19311364861182], [109.04020413227988, 34.19311364861182], [109.04020413227988, 34.19329331166864], [109.04002446922306, 34.19329331166864], [109.04002446922306, 34.193472974725466], [109.03984480616623, 34.193472974725466], [109.03984480616623, 34.19383230083911], [109.0396651431094, 34.19383230083911], [109.0396651431094, 34.19401196389594], [109.03948548005258, 34.19401196389594], [109.03948548005258, 34.194371290009585], [109.0396651431094, 34.194371290009585], [109.0396651431094, 34.19473061612323], [109.03948548005258, 34.19473061612323], [109.03948548005258, 34.19508994223688], [109.03930581699575, 34.19508994223688], [109.03930581699575, 34.1952696052937], [109.03840750171163, 34.1952696052937], [109.03840750171163, 34.195628931407356], [109.03786851254117, 34.195628931407356]], [[109.03894649088211, 34.19508994223688], [109.03876682782528, 34.19508994223688], [109.03876682782528, 34.19491027918006], [109.03894649088211, 34.19491027918006], [109.03894649088211, 34.19508994223688]]]}, "properties": {"name": "cand19", "ptype": "hall", "confidence": "low", "rank": 19, "area_ha": 5.2, "rise_db": 9.5, "digitised_from": "Sentinel-1 VV rise 2022->2026, orbit 84"}}, {"type": "Feature", "geometry": {"geodesic": false, "type": "Polygon", "coordinates": [[[109.02942434887044, 34.235693793079086], [109.02942434887044, 34.23551413002226], [109.02924468581362, 34.23551413002226], [109.02924468581362, 34.235693793079086], [109.0290650227568, 34.235693793079086], [109.0290650227568, 34.235154803908614], [109.02780738135903, 34.235154803908614], [109.02780738135903, 34.23497514085179], [109.0276277183022, 34.23497514085179], [109.0276277183022, 34.23479547779496], [109.02744805524537, 34.23479547779496], [109.02744805524537, 34.23389716251084], [109.02726839218856, 34.23389716251084], [109.02726839218856, 34.23371749945402], [109.02744805524537, 34.23371749945402], [109.02744805524537, 34.2335378363972], [109.02798704441585, 34.2335378363972], [109.02798704441585, 34.23389716251084], [109.02816670747268, 34.23389716251084], [109.02816670747268, 34.23335817334037], [109.02852603358632, 34.23335817334037], [109.02852603358632, 34.23317851028355], [109.02870569664314, 34.23317851028355], [109.02870569664314, 34.232998847226725], [109.0290650227568, 34.232998847226725], [109.0290650227568, 34.23317851028355], [109.02924468581362, 34.23317851028355], [109.02924468581362, 34.23389716251084], [109.0290650227568, 34.23389716251084], [109.0290650227568, 34.23407682556767], [109.02924468581362, 34.23407682556767], [109.02924468581362, 34.23425648862449], [109.0283463705295, 34.23425648862449], [109.0283463705295, 34.23461581473814], [109.02852603358632, 34.23461581473814], [109.02852603358632, 34.23479547779496], [109.02960401192726, 34.23479547779496], [109.02960401192726, 34.23461581473814], [109.02978367498409, 34.23461581473814], [109.02978367498409, 34.23425648862449], [109.03014300109774, 34.23425648862449], [109.03014300109774, 34.23461581473814], [109.03122097943869, 34.23461581473814], [109.03122097943869, 34.23497514085179], [109.03014300109774, 34.23497514085179], [109.03014300109774, 34.235154803908614], [109.02996333804091, 34.235154803908614], [109.02996333804091, 34.23533446696543], [109.03014300109774, 34.23533446696543], [109.03014300109774, 34.23551413002226], [109.03032266415457, 34.23551413002226], [109.03032266415457, 34.235693793079086], [109.02942434887044, 34.235693793079086]], [[109.02816670747268, 34.23425648862449], [109.02798704441585, 34.23425648862449], [109.02798704441585, 34.23407682556767], [109.02816670747268, 34.23407682556767], [109.02816670747268, 34.23425648862449]], [[109.02960401192726, 34.23533446696543], [109.02924468581362, 34.23533446696543], [109.02924468581362, 34.235154803908614], [109.02960401192726, 34.235154803908614], [109.02960401192726, 34.23533446696543]]]}, "properties": {"name": "cand20", "ptype": "hall", "confidence": "low", "rank": 20, "area_ha": 5.0, "rise_db": 5.5, "digitised_from": "Sentinel-1 VV rise 2022->2026, orbit 84"}}, {"type": "Feature", "geometry": {"geodesic": false, "type": "Polygon", "coordinates": [[[109.01397332598359, 34.217008835169395], [109.01397332598359, 34.216829172112575], [109.01361399986993, 34.216829172112575], [109.01361399986993, 34.21664950905575], [109.01343433681312, 34.21664950905575], [109.01343433681312, 34.2162901829421], [109.01361399986993, 34.2162901829421], [109.01361399986993, 34.21611051988528], [109.01379366292676, 34.21611051988528], [109.01379366292676, 34.21593085682846], [109.01397332598359, 34.21593085682846], [109.01397332598359, 34.21575119377163], [109.01415298904041, 34.21575119377163], [109.01415298904041, 34.215571530714804], [109.01433265209724, 34.215571530714804], [109.01433265209724, 34.21521220460116], [109.01451231515406, 34.21521220460116], [109.01451231515406, 34.21503254154433], [109.01469197821088, 34.21503254154433], [109.01469197821088, 34.214673215430686], [109.0148716412677, 34.214673215430686], [109.0148716412677, 34.21449355237386], [109.01505130432453, 34.21449355237386], [109.01505130432453, 34.214673215430686], [109.01523096738136, 34.214673215430686], [109.01523096738136, 34.21485287848751], [109.01541063043818, 34.21485287848751], [109.01541063043818, 34.21503254154433], [109.01576995655182, 34.21503254154433], [109.01576995655182, 34.21521220460116], [109.01648860877913, 34.21521220460116], [109.01648860877913, 34.215391867657985], [109.01684793489277, 34.215391867657985], [109.01684793489277, 34.215571530714804], [109.01702759794959, 34.215571530714804], [109.01702759794959, 34.21575119377163], [109.01720726100642, 34.21575119377163], [109.01720726100642, 34.21611051988528], [109.01666827183594, 34.21611051988528], [109.01666827183594, 34.21593085682846], [109.01648860877913, 34.21593085682846], [109.01648860877913, 34.21575119377163], [109.01576995655182, 34.21575119377163], [109.01576995655182, 34.215571530714804], [109.01523096738136, 34.215571530714804], [109.01523096738136, 34.21593085682846], [109.01541063043818, 34.21593085682846], [109.01541063043818, 34.21611051988528], [109.01594961960865, 34.21611051988528], [109.01594961960865, 34.2162901829421], [109.01612928266547, 34.2162901829421], [109.01612928266547, 34.21646984599892], [109.0163089457223, 34.21646984599892], [109.0163089457223, 34.216829172112575], [109.01612928266547, 34.216829172112575], [109.01612928266547, 34.21664950905575], [109.01523096738136, 34.21664950905575], [109.01523096738136, 34.21646984599892], [109.01433265209724, 34.21646984599892], [109.01433265209724, 34.216829172112575], [109.01415298904041, 34.216829172112575], [109.01415298904041, 34.217008835169395], [109.01397332598359, 34.217008835169395]]]}, "properties": {"name": "cand21", "ptype": "hall", "confidence": "low", "rank": 21, "area_ha": 4.9, "rise_db": 8.7, "digitised_from": "Sentinel-1 VV rise 2022->2026, orbit 84"}}, {"type": "Feature", "geometry": {"geodesic": false, "type": "Polygon", "coordinates": [[[109.05637380739402, 34.21018163901009], [109.05637380739402, 34.2087443345555], [109.05655347045085, 34.2087443345555], [109.05655347045085, 34.20838500844185], [109.05583481822356, 34.20838500844185], [109.05583481822356, 34.208205345385025], [109.0554754921099, 34.208205345385025], [109.0554754921099, 34.2080256823282], [109.05529582905308, 34.2080256823282], [109.05529582905308, 34.208205345385025], [109.05511616599625, 34.208205345385025], [109.05511616599625, 34.20784601927138], [109.05493650293944, 34.20784601927138], [109.05493650293944, 34.20712736704408], [109.05475683988261, 34.20712736704408], [109.05475683988261, 34.20658837787361], [109.05511616599625, 34.20658837787361], [109.05511616599625, 34.20694770398726], [109.05493650293944, 34.20694770398726], [109.05493650293944, 34.20712736704408], [109.0554754921099, 34.20712736704408], [109.0554754921099, 34.20694770398726], [109.05583481822356, 34.20694770398726], [109.05583481822356, 34.206768040930434], [109.05565515516673, 34.206768040930434], [109.05565515516673, 34.20658837787361], [109.05529582905308, 34.20658837787361], [109.05529582905308, 34.20622905175996], [109.05637380739402, 34.20622905175996], [109.05637380739402, 34.20640871481679], [109.05655347045085, 34.20640871481679], [109.05655347045085, 34.20694770398726], [109.05637380739402, 34.20694770398726], [109.05637380739402, 34.20730703010091], [109.0561941443372, 34.20730703010091], [109.0561941443372, 34.20748669315773], [109.05601448128039, 34.20748669315773], [109.05601448128039, 34.20784601927138], [109.05709245962133, 34.20784601927138], [109.05709245962133, 34.20766635621455], [109.05745178573497, 34.20766635621455], [109.05745178573497, 34.2080256823282], [109.05727212267814, 34.2080256823282], [109.05727212267814, 34.208205345385025], [109.05709245962133, 34.208205345385025], [109.05709245962133, 34.208923997612324], [109.05727212267814, 34.208923997612324], [109.05727212267814, 34.20910366066914], [109.05709245962133, 34.20910366066914], [109.05709245962133, 34.20928332372597], [109.0569127965645, 34.20928332372597], [109.0569127965645, 34.209462986782796], [109.05673313350768, 34.209462986782796], [109.05673313350768, 34.21000197595326], [109.05655347045085, 34.21000197595326], [109.05655347045085, 34.21018163901009], [109.05637380739402, 34.21018163901009]]]}, "properties": {"name": "cand22", "ptype": "hall", "confidence": "low", "rank": 22, "area_ha": 4.8, "rise_db": 5.9, "digitised_from": "Sentinel-1 VV rise 2022->2026, orbit 84"}}, {"type": "Feature", "geometry": {"geodesic": false, "type": "Polygon", "coordinates": [[[109.0524212201439, 34.202995116737135], [109.0524212201439, 34.20281545368031], [109.05224155708707, 34.20281545368031], [109.05224155708707, 34.20245612756666], [109.05206189403026, 34.20245612756666], [109.05206189403026, 34.20209680145301], [109.05188223097343, 34.20209680145301], [109.05188223097343, 34.201737475339364], [109.05206189403026, 34.201737475339364], [109.05206189403026, 34.201557812282545], [109.05188223097343, 34.201557812282545], [109.05188223097343, 34.20137814922572], [109.05224155708707, 34.20137814922572], [109.05224155708707, 34.200839160055246], [109.05206189403026, 34.200839160055246], [109.05206189403026, 34.20065949699842], [109.05278054625755, 34.20065949699842], [109.05278054625755, 34.20119848616889], [109.05313987237119, 34.20119848616889], [109.05313987237119, 34.20137814922572], [109.05421785071213, 34.20137814922572], [109.05421785071213, 34.201557812282545], [109.05439751376896, 34.201557812282545], [109.05439751376896, 34.20245612756666], [109.05421785071213, 34.20245612756666], [109.05421785071213, 34.20263579062348], [109.05367886154167, 34.20263579062348], [109.05367886154167, 34.20281545368031], [109.05260088320072, 34.20281545368031], [109.05260088320072, 34.202995116737135], [109.0524212201439, 34.202995116737135]]]}, "properties": {"name": "cand23", "ptype": "hall", "confidence": "low", "rank": 23, "area_ha": 4.6, "rise_db": 9.8, "digitised_from": "Sentinel-1 VV rise 2022->2026, orbit 84"}}, {"type": "Feature", "geometry": {"geodesic": false, "type": "Polygon", "coordinates": [[[109.05313987237119, 34.229405586090245], [109.05313987237119, 34.2290462599766], [109.05296020931438, 34.2290462599766], [109.05296020931438, 34.22868693386295], [109.05313987237119, 34.22868693386295], [109.05313987237119, 34.228507270806126], [109.05367886154167, 34.228507270806126], [109.05367886154167, 34.2283276077493], [109.05421785071213, 34.2283276077493], [109.05421785071213, 34.22814794469248], [109.05349919848484, 34.22814794469248], [109.05349919848484, 34.227788618578835], [109.0538585245985, 34.227788618578835], [109.0538585245985, 34.22742929246518], [109.05278054625755, 34.22742929246518], [109.05278054625755, 34.227069966351536], [109.05403818765532, 34.227069966351536], [109.05403818765532, 34.22724962940836], [109.05493650293944, 34.22724962940836], [109.05493650293944, 34.227069966351536], [109.05511616599625, 34.227069966351536], [109.05511616599625, 34.22724962940836], [109.0554754921099, 34.22724962940836], [109.0554754921099, 34.227788618578835], [109.05529582905308, 34.227788618578835], [109.05529582905308, 34.22814794469248], [109.05475683988261, 34.22814794469248], [109.05475683988261, 34.2283276077493], [109.05511616599625, 34.2283276077493], [109.05511616599625, 34.228507270806126], [109.05493650293944, 34.228507270806126], [109.05493650293944, 34.22868693386295], [109.05475683988261, 34.22868693386295], [109.05475683988261, 34.22886659691977], [109.05511616599625, 34.22886659691977], [109.05511616599625, 34.229225923033425], [109.05349919848484, 34.229225923033425], [109.05349919848484, 34.229405586090245], [109.05313987237119, 34.229405586090245]], [[109.0538585245985, 34.22886659691977], [109.05349919848484, 34.22886659691977], [109.05349919848484, 34.22868693386295], [109.0538585245985, 34.22868693386295], [109.0538585245985, 34.22886659691977]]]}, "properties": {"name": "cand24", "ptype": "hall", "confidence": "low", "rank": 24, "area_ha": 4.6, "rise_db": 6.1, "digitised_from": "Sentinel-1 VV rise 2022->2026, orbit 84"}}, {"type": "Feature", "geometry": {"geodesic": false, "type": "Polygon", "coordinates": [[[109.01505130432453, 34.25132447902276], [109.01505130432453, 34.25114481596594], [109.0148716412677, 34.25114481596594], [109.0148716412677, 34.25096515290912], [109.01469197821088, 34.25096515290912], [109.01469197821088, 34.25078548985229], [109.01433265209724, 34.25078548985229], [109.01433265209724, 34.25096515290912], [109.01361399986993, 34.25096515290912], [109.01361399986993, 34.25114481596594], [109.01379366292676, 34.25114481596594], [109.01379366292676, 34.25132447902276], [109.01343433681312, 34.25132447902276], [109.01343433681312, 34.25096515290912], [109.01361399986993, 34.25096515290912], [109.01361399986993, 34.250605826795464], [109.01343433681312, 34.250605826795464], [109.01343433681312, 34.250066837625], [109.01397332598359, 34.250066837625], [109.01397332598359, 34.24988717456817], [109.01415298904041, 34.24988717456817], [109.01415298904041, 34.249707511511346], [109.01433265209724, 34.249707511511346], [109.01433265209724, 34.24988717456817], [109.0148716412677, 34.24988717456817], [109.0148716412677, 34.24952784845453], [109.01523096738136, 34.24952784845453], [109.01523096738136, 34.2493481853977], [109.015590293495, 34.2493481853977], [109.015590293495, 34.249168522340874], [109.01594961960865, 34.249168522340874], [109.01594961960865, 34.2493481853977], [109.01612928266547, 34.2493481853977], [109.01612928266547, 34.249707511511346], [109.01594961960865, 34.249707511511346], [109.01594961960865, 34.24988717456817], [109.01576995655182, 34.24988717456817], [109.01576995655182, 34.250066837625], [109.0163089457223, 34.250066837625], [109.0163089457223, 34.24988717456817], [109.01666827183594, 34.24988717456817], [109.01666827183594, 34.250066837625], [109.01702759794959, 34.250066837625], [109.01702759794959, 34.25024650068182], [109.01684793489277, 34.25024650068182], [109.01684793489277, 34.250426163738645], [109.01648860877913, 34.250426163738645], [109.01648860877913, 34.250605826795464], [109.0163089457223, 34.250605826795464], [109.0163089457223, 34.250426163738645], [109.01612928266547, 34.250426163738645], [109.01612928266547, 34.25024650068182], [109.01594961960865, 34.25024650068182], [109.01594961960865, 34.250426163738645], [109.01576995655182, 34.250426163738645], [109.01576995655182, 34.250605826795464], [109.015590293495, 34.250605826795464], [109.015590293495, 34.25096515290912], [109.01541063043818, 34.25096515290912], [109.01541063043818, 34.25114481596594], [109.01523096738136, 34.25114481596594], [109.01523096738136, 34.25132447902276], [109.01505130432453, 34.25132447902276]]]}, "properties": {"name": "cand25", "ptype": "hall", "confidence": "low", "rank": 25, "area_ha": 4.5, "rise_db": 6.6, "digitised_from": "Sentinel-1 VV rise 2022->2026, orbit 84"}}, {"type": "Feature", "geometry": {"geodesic": false, "type": "Polygon", "coordinates": [[[109.03481424057516, 34.21431388931704], [109.03481424057516, 34.214134226260214], [109.0342752514047, 34.214134226260214], [109.0342752514047, 34.21377490014657], [109.03409558834787, 34.21377490014657], [109.03409558834787, 34.21341557403292], [109.03355659917739, 34.21341557403292], [109.03355659917739, 34.21359523708974], [109.03373626223421, 34.21359523708974], [109.03373626223421, 34.213954563203394], [109.03355659917739, 34.213954563203394], [109.03355659917739, 34.21431388931704], [109.03319727306375, 34.21431388931704], [109.03319727306375, 34.214134226260214], [109.03265828389327, 34.214134226260214], [109.03265828389327, 34.21431388931704], [109.03229895777963, 34.21431388931704], [109.03229895777963, 34.214134226260214], [109.03193963166598, 34.214134226260214], [109.03193963166598, 34.21359523708974], [109.0321192947228, 34.21359523708974], [109.0321192947228, 34.213235910976096], [109.03229895777963, 34.213235910976096], [109.03229895777963, 34.21233759569198], [109.03247862083644, 34.21233759569198], [109.03247862083644, 34.21215793263515], [109.0328379469501, 34.21215793263515], [109.0328379469501, 34.21233759569198], [109.03301761000692, 34.21233759569198], [109.03301761000692, 34.21269692180562], [109.0328379469501, 34.21269692180562], [109.0328379469501, 34.21287658486245], [109.03265828389327, 34.21287658486245], [109.03265828389327, 34.21341557403292], [109.03301761000692, 34.21341557403292], [109.03301761000692, 34.213235910976096], [109.03355659917739, 34.213235910976096], [109.03355659917739, 34.21305624791927], [109.0342752514047, 34.21305624791927], [109.0342752514047, 34.213235910976096], [109.0344549144615, 34.213235910976096], [109.0344549144615, 34.21305624791927], [109.03463457751833, 34.21305624791927], [109.03463457751833, 34.21269692180562], [109.0344549144615, 34.21269692180562], [109.0344549144615, 34.2125172587488], [109.03463457751833, 34.2125172587488], [109.03463457751833, 34.21233759569198], [109.03535322974562, 34.21233759569198], [109.03535322974562, 34.21287658486245], [109.03481424057516, 34.21287658486245], [109.03481424057516, 34.21305624791927], [109.03463457751833, 34.21305624791927], [109.03463457751833, 34.213235910976096], [109.03481424057516, 34.213235910976096], [109.03481424057516, 34.21377490014657], [109.03499390363199, 34.21377490014657], [109.03499390363199, 34.21431388931704], [109.03481424057516, 34.21431388931704]]]}, "properties": {"name": "cand26", "ptype": "hall", "confidence": "low", "rank": 26, "area_ha": 4.3, "rise_db": 6.7, "digitised_from": "Sentinel-1 VV rise 2022->2026, orbit 84"}}, {"type": "Feature", "geometry": {"geodesic": false, "type": "Polygon", "coordinates": [[[109.06212302521239, 34.21593085682846], [109.06212302521239, 34.215571530714804], [109.06194336215557, 34.215571530714804], [109.06194336215557, 34.21521220460116], [109.06176369909875, 34.21521220460116], [109.06176369909875, 34.214673215430686], [109.06158403604192, 34.214673215430686], [109.06158403604192, 34.21449355237386], [109.0614043729851, 34.21449355237386], [109.0614043729851, 34.214134226260214], [109.06194336215557, 34.214134226260214], [109.06194336215557, 34.21431388931704], [109.06230268826921, 34.21431388931704], [109.06230268826921, 34.213954563203394], [109.06212302521239, 34.213954563203394], [109.06212302521239, 34.21377490014657], [109.06194336215557, 34.21377490014657], [109.06194336215557, 34.21359523708974], [109.06158403604192, 34.21359523708974], [109.06158403604192, 34.21341557403292], [109.06122470992827, 34.21341557403292], [109.06122470992827, 34.21305624791927], [109.0614043729851, 34.21305624791927], [109.0614043729851, 34.21233759569198], [109.06122470992827, 34.21233759569198], [109.06122470992827, 34.21161894346468], [109.0614043729851, 34.21161894346468], [109.0614043729851, 34.211798606521505], [109.06158403604192, 34.211798606521505], [109.06158403604192, 34.211978269578324], [109.06176369909875, 34.211978269578324], [109.06176369909875, 34.21269692180562], [109.06194336215557, 34.21269692180562], [109.06194336215557, 34.21359523708974], [109.06212302521239, 34.21359523708974], [109.06212302521239, 34.21341557403292], [109.06248235132604, 34.21341557403292], [109.06248235132604, 34.213235910976096], [109.06302134049652, 34.213235910976096], [109.06302134049652, 34.213954563203394], [109.06320100355333, 34.213954563203394], [109.06320100355333, 34.214134226260214], [109.06302134049652, 34.214134226260214], [109.06302134049652, 34.21449355237386], [109.06266201438287, 34.21449355237386], [109.06266201438287, 34.21485287848751], [109.06248235132604, 34.21485287848751], [109.06248235132604, 34.215391867657985], [109.06266201438287, 34.215391867657985], [109.06266201438287, 34.21593085682846], [109.06212302521239, 34.21593085682846]]]}, "properties": {"name": "cand27", "ptype": "hall", "confidence": "low", "rank": 27, "area_ha": 4.0, "rise_db": 5.7, "digitised_from": "Sentinel-1 VV rise 2022->2026, orbit 84"}}, {"type": "Feature", "geometry": {"geodesic": false, "type": "Polygon", "coordinates": [[[109.0314006424955, 34.2125172587488], [109.0314006424955, 34.21233759569198], [109.03122097943869, 34.21233759569198], [109.03122097943869, 34.21215793263515], [109.03086165332503, 34.21215793263515], [109.03086165332503, 34.211978269578324], [109.03050232721138, 34.211978269578324], [109.03050232721138, 34.211798606521505], [109.03032266415457, 34.211798606521505], [109.03032266415457, 34.211978269578324], [109.02978367498409, 34.211978269578324], [109.02978367498409, 34.21143928040786], [109.02960401192726, 34.21143928040786], [109.02960401192726, 34.211079954294206], [109.02942434887044, 34.211079954294206], [109.02942434887044, 34.210540965123734], [109.02996333804091, 34.210540965123734], [109.02996333804091, 34.210361302066914], [109.03014300109774, 34.210361302066914], [109.03014300109774, 34.21018163901009], [109.02996333804091, 34.21018163901009], [109.02996333804091, 34.21000197595326], [109.02978367498409, 34.21000197595326], [109.02978367498409, 34.20982231289644], [109.02996333804091, 34.20982231289644], [109.02996333804091, 34.209462986782796], [109.03014300109774, 34.209462986782796], [109.03014300109774, 34.20928332372597], [109.03050232721138, 34.20928332372597], [109.03050232721138, 34.20910366066914], [109.0306819902682, 34.20910366066914], [109.0306819902682, 34.20856467149867], [109.03086165332503, 34.20856467149867], [109.03086165332503, 34.20838500844185], [109.0314006424955, 34.20838500844185], [109.0314006424955, 34.20856467149867], [109.03122097943869, 34.20856467149867], [109.03122097943869, 34.208923997612324], [109.03104131638186, 34.208923997612324], [109.03104131638186, 34.20910366066914], [109.0306819902682, 34.20910366066914], [109.0306819902682, 34.20928332372597], [109.03050232721138, 34.20928332372597], [109.03050232721138, 34.209462986782796], [109.0306819902682, 34.209462986782796], [109.0306819902682, 34.21090029123739], [109.03086165332503, 34.21090029123739], [109.03086165332503, 34.211079954294206], [109.0306819902682, 34.211079954294206], [109.0306819902682, 34.21125961735103], [109.03050232721138, 34.21125961735103], [109.03050232721138, 34.21143928040786], [109.0306819902682, 34.21143928040786], [109.0306819902682, 34.21161894346468], [109.03104131638186, 34.21161894346468], [109.03104131638186, 34.211798606521505], [109.03122097943869, 34.211798606521505], [109.03122097943869, 34.211978269578324], [109.0314006424955, 34.211978269578324], [109.0314006424955, 34.21215793263515], [109.03175996860915, 34.21215793263515], [109.03175996860915, 34.21233759569198], [109.03193963166598, 34.21233759569198], [109.03193963166598, 34.2125172587488], [109.0314006424955, 34.2125172587488]]]}, "properties": {"name": "cand28", "ptype": "hall", "confidence": "low", "rank": 28, "area_ha": 4.0, "rise_db": 5.4, "digitised_from": "Sentinel-1 VV rise 2022->2026, orbit 84"}}, {"type": "Feature", "geometry": {"geodesic": false, "type": "Polygon", "coordinates": [[[109.01361399986993, 34.22150041158999], [109.01361399986993, 34.221320748533174], [109.0132546737563, 34.221320748533174], [109.0132546737563, 34.21880546573764], [109.01343433681312, 34.21880546573764], [109.01343433681312, 34.21898512879446], [109.01415298904041, 34.21898512879446], [109.01415298904041, 34.219164791851284], [109.01433265209724, 34.219164791851284], [109.01433265209724, 34.21934445490811], [109.01451231515406, 34.21934445490811], [109.01451231515406, 34.21952411796493], [109.0148716412677, 34.21952411796493], [109.0148716412677, 34.21970378102176], [109.01505130432453, 34.21970378102176], [109.01505130432453, 34.21988344407858], [109.0148716412677, 34.21988344407858], [109.0148716412677, 34.22042243324905], [109.01451231515406, 34.22042243324905], [109.01451231515406, 34.2207817593627], [109.01433265209724, 34.2207817593627], [109.01433265209724, 34.22114108547635], [109.01415298904041, 34.22114108547635], [109.01415298904041, 34.22150041158999], [109.01361399986993, 34.22150041158999]]]}, "properties": {"name": "cand29", "ptype": "hall", "confidence": "low", "rank": 29, "area_ha": 4.0, "rise_db": 9.2, "digitised_from": "Sentinel-1 VV rise 2022->2026, orbit 84"}}, {"type": "Feature", "geometry": {"geodesic": false, "type": "Polygon", "coordinates": [[[109.05817043796226, 34.250426163738645], [109.05817043796226, 34.25024650068182], [109.05799077490545, 34.25024650068182], [109.05799077490545, 34.250066837625], [109.05781111184862, 34.250066837625], [109.05781111184862, 34.24952784845453], [109.05799077490545, 34.24952784845453], [109.05799077490545, 34.2493481853977], [109.05852976407591, 34.2493481853977], [109.05852976407591, 34.249168522340874], [109.05870942713274, 34.249168522340874], [109.05870942713274, 34.24880919622723], [109.05852976407591, 34.24880919622723], [109.05852976407591, 34.24844987011358], [109.05888909018957, 34.24844987011358], [109.05888909018957, 34.248090543999936], [109.0590687532464, 34.248090543999936], [109.0590687532464, 34.24844987011358], [109.05888909018957, 34.24844987011358], [109.05888909018957, 34.24880919622723], [109.0592484163032, 34.24880919622723], [109.0592484163032, 34.2486295331704], [109.05960774241686, 34.2486295331704], [109.05960774241686, 34.24880919622723], [109.05978740547368, 34.24880919622723], [109.05978740547368, 34.2493481853977], [109.05960774241686, 34.2493481853977], [109.05960774241686, 34.249707511511346], [109.05942807936003, 34.249707511511346], [109.05942807936003, 34.24988717456817], [109.0592484163032, 34.24988717456817], [109.0592484163032, 34.249707511511346], [109.0590687532464, 34.249707511511346], [109.0590687532464, 34.24952784845453], [109.0592484163032, 34.24952784845453], [109.0592484163032, 34.2493481853977], [109.05888909018957, 34.2493481853977], [109.05888909018957, 34.24952784845453], [109.05870942713274, 34.24952784845453], [109.05870942713274, 34.249707511511346], [109.05852976407591, 34.249707511511346], [109.05852976407591, 34.250066837625], [109.06086538381463, 34.250066837625], [109.06086538381463, 34.24952784845453], [109.06122470992827, 34.24952784845453], [109.06122470992827, 34.249707511511346], [109.0614043729851, 34.249707511511346], [109.0614043729851, 34.250066837625], [109.06158403604192, 34.250066837625], [109.06158403604192, 34.25024650068182], [109.06104504687146, 34.25024650068182], [109.06104504687146, 34.250426163738645], [109.05817043796226, 34.250426163738645]]]}, "properties": {"name": "cand30", "ptype": "hall", "confidence": "low", "rank": 30, "area_ha": 3.8, "rise_db": 5.6, "digitised_from": "Sentinel-1 VV rise 2022->2026, orbit 84"}}, {"type": "Feature", "geometry": {"geodesic": false, "type": "Polygon", "coordinates": [[[109.0734417977923, 34.25024650068182], [109.0734417977923, 34.250066837625], [109.072723145565, 34.250066837625], [109.072723145565, 34.25024650068182], [109.07236381945135, 34.25024650068182], [109.07236381945135, 34.250066837625], [109.07182483028089, 34.250066837625], [109.07182483028089, 34.24988717456817], [109.07164516722406, 34.24988717456817], [109.07164516722406, 34.249707511511346], [109.07182483028089, 34.249707511511346], [109.07182483028089, 34.24952784845453], [109.0720044933377, 34.24952784845453], [109.0720044933377, 34.2493481853977], [109.07326213473547, 34.2493481853977], [109.07326213473547, 34.249168522340874], [109.0734417977923, 34.249168522340874], [109.0734417977923, 34.248988859284054], [109.07362146084913, 34.248988859284054], [109.07362146084913, 34.24880919622723], [109.07416045001959, 34.24880919622723], [109.07416045001959, 34.248988859284054], [109.07434011307642, 34.248988859284054], [109.07434011307642, 34.249168522340874], [109.07451977613324, 34.249168522340874], [109.07451977613324, 34.2493481853977], [109.0748791022469, 34.2493481853977], [109.0748791022469, 34.24952784845453], [109.07523842836054, 34.24952784845453], [109.07523842836054, 34.249707511511346], [109.07505876530371, 34.249707511511346], [109.07505876530371, 34.24988717456817], [109.0748791022469, 34.24988717456817], [109.0748791022469, 34.250066837625], [109.07451977613324, 34.250066837625], [109.07451977613324, 34.25024650068182], [109.0734417977923, 34.25024650068182]], [[109.07416045001959, 34.24952784845453], [109.07398078696276, 34.24952784845453], [109.07398078696276, 34.2493481853977], [109.07416045001959, 34.2493481853977], [109.07416045001959, 34.24952784845453]]]}, "properties": {"name": "cand31", "ptype": "hall", "confidence": "low", "rank": 31, "area_ha": 3.7, "rise_db": 6.5, "digitised_from": "Sentinel-1 VV rise 2022->2026, orbit 84"}}, {"type": "Feature", "geometry": {"geodesic": false, "type": "Polygon", "coordinates": [[[109.05116357874613, 34.23317851028355], [109.05116357874613, 34.232998847226725], [109.05080425263249, 34.232998847226725], [109.05080425263249, 34.23263952111308], [109.05116357874613, 34.23263952111308], [109.05116357874613, 34.23192086888578], [109.05134324180295, 34.23192086888578], [109.05134324180295, 34.23138187971531], [109.05116357874613, 34.23138187971531], [109.05116357874613, 34.230663227488016], [109.05134324180295, 34.230663227488016], [109.05134324180295, 34.23048356443119], [109.05152290485978, 34.23048356443119], [109.05152290485978, 34.23030390137436], [109.0517025679166, 34.23030390137436], [109.0517025679166, 34.23012423831754], [109.05206189403026, 34.23012423831754], [109.05206189403026, 34.22994457526072], [109.05260088320072, 34.22994457526072], [109.05260088320072, 34.23030390137436], [109.05278054625755, 34.23030390137436], [109.05278054625755, 34.23048356443119], [109.05260088320072, 34.23048356443119], [109.05260088320072, 34.23102255360166], [109.05278054625755, 34.23102255360166], [109.05278054625755, 34.231561542772134], [109.05260088320072, 34.231561542772134], [109.05260088320072, 34.23174120582896], [109.05278054625755, 34.23174120582896], [109.05278054625755, 34.23192086888578], [109.05224155708707, 34.23192086888578], [109.05224155708707, 34.23174120582896], [109.0524212201439, 34.23174120582896], [109.0524212201439, 34.23138187971531], [109.05188223097343, 34.23138187971531], [109.05188223097343, 34.232100531942606], [109.0517025679166, 34.232100531942606], [109.0517025679166, 34.23263952111308], [109.05152290485978, 34.23263952111308], [109.05152290485978, 34.232998847226725], [109.05134324180295, 34.232998847226725], [109.05134324180295, 34.23317851028355], [109.05116357874613, 34.23317851028355]], [[109.0524212201439, 34.23120221665849], [109.05224155708707, 34.23120221665849], [109.05224155708707, 34.23102255360166], [109.0524212201439, 34.23102255360166], [109.0524212201439, 34.23120221665849]]]}, "properties": {"name": "cand32", "ptype": "hall", "confidence": "low", "rank": 32, "area_ha": 3.7, "rise_db": 7.1, "digitised_from": "Sentinel-1 VV rise 2022->2026, orbit 84"}}, {"type": "Feature", "geometry": {"geodesic": false, "type": "Polygon", "coordinates": [[[109.03535322974562, 34.23749042364732], [109.03535322974562, 34.237310760590496], [109.03499390363199, 34.237310760590496], [109.03499390363199, 34.23713109753368], [109.03481424057516, 34.23713109753368], [109.03481424057516, 34.23695143447685], [109.03463457751833, 34.23695143447685], [109.03463457751833, 34.23713109753368], [109.03391592529104, 34.23713109753368], [109.03391592529104, 34.23695143447685], [109.03373626223421, 34.23695143447685], [109.03373626223421, 34.23605311919273], [109.03391592529104, 34.23605311919273], [109.03391592529104, 34.235873456135906], [109.03463457751833, 34.235873456135906], [109.03463457751833, 34.23605311919273], [109.03481424057516, 34.23605311919273], [109.03481424057516, 34.235873456135906], [109.03517356668881, 34.235873456135906], [109.03517356668881, 34.235693793079086], [109.03535322974562, 34.235693793079086], [109.03535322974562, 34.23551413002226], [109.03553289280245, 34.23551413002226], [109.03553289280245, 34.23533446696543], [109.03571255585928, 34.23533446696543], [109.03571255585928, 34.235693793079086], [109.03553289280245, 34.235693793079086], [109.03553289280245, 34.23623278224955], [109.0358922189161, 34.23623278224955], [109.0358922189161, 34.23641244530638], [109.03607188197293, 34.23641244530638], [109.03607188197293, 34.236592108363205], [109.0358922189161, 34.236592108363205], [109.0358922189161, 34.236771771420024], [109.03571255585928, 34.236771771420024], [109.03571255585928, 34.23695143447685], [109.03553289280245, 34.23695143447685], [109.03553289280245, 34.23749042364732], [109.03535322974562, 34.23749042364732]]]}, "properties": {"name": "cand33", "ptype": "hall", "confidence": "low", "rank": 33, "area_ha": 3.3, "rise_db": 8.3, "digitised_from": "Sentinel-1 VV rise 2022->2026, orbit 84"}}, {"type": "Feature", "geometry": {"geodesic": false, "type": "Polygon", "coordinates": [[[109.041102447564, 34.22886659691977], [109.041102447564, 34.22868693386295], [109.04092278450717, 34.22868693386295], [109.04092278450717, 34.2283276077493], [109.04074312145035, 34.2283276077493], [109.04074312145035, 34.22814794469248], [109.04056345839352, 34.22814794469248], [109.04056345839352, 34.227968281635654], [109.04020413227988, 34.227968281635654], [109.04020413227988, 34.22814794469248], [109.04002446922306, 34.22814794469248], [109.04002446922306, 34.2283276077493], [109.0396651431094, 34.2283276077493], [109.0396651431094, 34.22814794469248], [109.03948548005258, 34.22814794469248], [109.03948548005258, 34.227968281635654], [109.03930581699575, 34.227968281635654], [109.03930581699575, 34.22760895552201], [109.03948548005258, 34.22760895552201], [109.03948548005258, 34.22742929246518], [109.0396651431094, 34.22742929246518], [109.0396651431094, 34.22724962940836], [109.03984480616623, 34.22724962940836], [109.03984480616623, 34.22689030329471], [109.04002446922306, 34.22689030329471], [109.04002446922306, 34.22653097718106], [109.04020413227988, 34.22653097718106], [109.04020413227988, 34.22671064023789], [109.0403837953367, 34.22671064023789], [109.0403837953367, 34.22724962940836], [109.04056345839352, 34.22724962940836], [109.04056345839352, 34.22742929246518], [109.04164143673447, 34.22742929246518], [109.04164143673447, 34.22868693386295], [109.04146177367764, 34.22868693386295], [109.04146177367764, 34.22886659691977], [109.041102447564, 34.22886659691977]]]}, "properties": {"name": "cand34", "ptype": "hall", "confidence": "low", "rank": 34, "area_ha": 3.2, "rise_db": 10.1, "digitised_from": "Sentinel-1 VV rise 2022->2026, orbit 84"}}, {"type": "Feature", "geometry": {"geodesic": false, "type": "Polygon", "coordinates": [[[109.05278054625755, 34.21431388931704], [109.05278054625755, 34.213954563203394], [109.05296020931438, 34.213954563203394], [109.05296020931438, 34.21377490014657], [109.05278054625755, 34.21377490014657], [109.05278054625755, 34.21359523708974], [109.0524212201439, 34.21359523708974], [109.0524212201439, 34.21341557403292], [109.05224155708707, 34.21341557403292], [109.05224155708707, 34.21305624791927], [109.05188223097343, 34.21305624791927], [109.05188223097343, 34.21287658486245], [109.05206189403026, 34.21287658486245], [109.05206189403026, 34.21269692180562], [109.05224155708707, 34.21269692180562], [109.05224155708707, 34.2125172587488], [109.0524212201439, 34.2125172587488], [109.0524212201439, 34.21233759569198], [109.05278054625755, 34.21233759569198], [109.05278054625755, 34.2125172587488], [109.05296020931438, 34.2125172587488], [109.05296020931438, 34.21269692180562], [109.05349919848484, 34.21269692180562], [109.05349919848484, 34.2125172587488], [109.05403818765532, 34.2125172587488], [109.05403818765532, 34.21269692180562], [109.05421785071213, 34.21269692180562], [109.05421785071213, 34.21287658486245], [109.05439751376896, 34.21287658486245], [109.05439751376896, 34.21305624791927], [109.05421785071213, 34.21305624791927], [109.05421785071213, 34.213235910976096], [109.05439751376896, 34.213235910976096], [109.05439751376896, 34.21341557403292], [109.0538585245985, 34.21341557403292], [109.0538585245985, 34.213235910976096], [109.05313987237119, 34.213235910976096], [109.05313987237119, 34.21359523708974], [109.05349919848484, 34.21359523708974], [109.05349919848484, 34.21377490014657], [109.05367886154167, 34.21377490014657], [109.05367886154167, 34.21431388931704], [109.05278054625755, 34.21431388931704]]]}, "properties": {"name": "cand35", "ptype": "hall", "confidence": "low", "rank": 35, "area_ha": 3.0, "rise_db": 6.6, "digitised_from": "Sentinel-1 VV rise 2022->2026, orbit 84"}}, {"type": "Feature", "geometry": {"geodesic": false, "type": "Polygon", "coordinates": [[[109.03050232721138, 34.2410836847838], [109.03050232721138, 34.240904021726976], [109.03032266415457, 34.240904021726976], [109.03032266415457, 34.24054469561333], [109.03050232721138, 34.24054469561333], [109.03050232721138, 34.240365032556504], [109.03086165332503, 34.240365032556504], [109.03086165332503, 34.24018536949968], [109.03104131638186, 34.24018536949968], [109.03104131638186, 34.24000570644286], [109.0314006424955, 34.24000570644286], [109.0314006424955, 34.23982604338603], [109.03193963166598, 34.23982604338603], [109.03193963166598, 34.24000570644286], [109.03229895777963, 34.24000570644286], [109.03229895777963, 34.24018536949968], [109.03265828389327, 34.24018536949968], [109.03265828389327, 34.240904021726976], [109.03247862083644, 34.240904021726976], [109.03247862083644, 34.2410836847838], [109.03050232721138, 34.2410836847838]]]}, "properties": {"name": "cand36", "ptype": "hall", "confidence": "low", "rank": 36, "area_ha": 2.8, "rise_db": 6.8, "digitised_from": "Sentinel-1 VV rise 2022->2026, orbit 84"}}, {"type": "Feature", "geometry": {"geodesic": false, "type": "Polygon", "coordinates": [[[109.0561941443372, 34.22581232495377], [109.0561941443372, 34.22545299884012], [109.05601448128039, 34.22545299884012], [109.05601448128039, 34.224375020499174], [109.0561941443372, 34.224375020499174], [109.0561941443372, 34.224195357442355], [109.0569127965645, 34.224195357442355], [109.0569127965645, 34.224375020499174], [109.05709245962133, 34.224375020499174], [109.05709245962133, 34.22473434661283], [109.05727212267814, 34.22473434661283], [109.05727212267814, 34.22491400966965], [109.05745178573497, 34.22491400966965], [109.05745178573497, 34.22509367272647], [109.05781111184862, 34.22509367272647], [109.05781111184862, 34.22491400966965], [109.05817043796226, 34.22491400966965], [109.05817043796226, 34.22545299884012], [109.05799077490545, 34.22545299884012], [109.05799077490545, 34.2252733357833], [109.05781111184862, 34.2252733357833], [109.05781111184862, 34.22545299884012], [109.05709245962133, 34.22545299884012], [109.05709245962133, 34.225632661896945], [109.05673313350768, 34.225632661896945], [109.05673313350768, 34.22581232495377], [109.0561941443372, 34.22581232495377]], [[109.05709245962133, 34.22491400966965], [109.05673313350768, 34.22491400966965], [109.05673313350768, 34.22473434661283], [109.05709245962133, 34.22473434661283], [109.05709245962133, 34.22491400966965]]]}, "properties": {"name": "cand37", "ptype": "hall", "confidence": "low", "rank": 37, "area_ha": 2.5, "rise_db": 6.4, "digitised_from": "Sentinel-1 VV rise 2022->2026, orbit 84"}}, {"type": "Feature", "geometry": {"geodesic": false, "type": "Polygon", "coordinates": [[[109.03697019725705, 34.23749042364732], [109.03697019725705, 34.237310760590496], [109.03679053420022, 34.237310760590496], [109.03679053420022, 34.23695143447685], [109.03643120808657, 34.23695143447685], [109.03643120808657, 34.236592108363205], [109.0366108711434, 34.236592108363205], [109.0366108711434, 34.23641244530638], [109.03697019725705, 34.23641244530638], [109.03697019725705, 34.23605311919273], [109.03679053420022, 34.23605311919273], [109.03679053420022, 34.235873456135906], [109.03643120808657, 34.235873456135906], [109.03643120808657, 34.235693793079086], [109.0366108711434, 34.235693793079086], [109.0366108711434, 34.23551413002226], [109.03697019725705, 34.23551413002226], [109.03697019725705, 34.235693793079086], [109.03786851254117, 34.235693793079086], [109.03786851254117, 34.23551413002226], [109.03822783865482, 34.23551413002226], [109.03822783865482, 34.235873456135906], [109.03768884948434, 34.235873456135906], [109.03768884948434, 34.23695143447685], [109.03750918642751, 34.23695143447685], [109.03750918642751, 34.23713109753368], [109.03786851254117, 34.23713109753368], [109.03786851254117, 34.237310760590496], [109.038048175598, 34.237310760590496], [109.038048175598, 34.23749042364732], [109.03697019725705, 34.23749042364732]], [[109.03697019725705, 34.23695143447685], [109.03679053420022, 34.23695143447685], [109.03679053420022, 34.236771771420024], [109.03697019725705, 34.236771771420024], [109.03697019725705, 34.23695143447685]]]}, "properties": {"name": "cand38", "ptype": "hall", "confidence": "low", "rank": 38, "area_ha": 2.5, "rise_db": 6.9, "digitised_from": "Sentinel-1 VV rise 2022->2026, orbit 84"}}, {"type": "Feature", "geometry": {"geodesic": false, "type": "Polygon", "coordinates": [[[109.06320100355333, 34.20910366066914], [109.06320100355333, 34.208923997612324], [109.06302134049652, 34.208923997612324], [109.06302134049652, 34.20856467149867], [109.06320100355333, 34.20856467149867], [109.06320100355333, 34.2080256823282], [109.06302134049652, 34.2080256823282], [109.06302134049652, 34.20766635621455], [109.06320100355333, 34.20766635621455], [109.06320100355333, 34.20730703010091], [109.06338066661016, 34.20730703010091], [109.06338066661016, 34.20694770398726], [109.06320100355333, 34.20694770398726], [109.06320100355333, 34.20658837787361], [109.06391965578064, 34.20658837787361], [109.06391965578064, 34.20730703010091], [109.06409931883745, 34.20730703010091], [109.06409931883745, 34.2080256823282], [109.06373999272381, 34.2080256823282], [109.06373999272381, 34.208205345385025], [109.06356032966698, 34.208205345385025], [109.06356032966698, 34.20838500844185], [109.06373999272381, 34.20838500844185], [109.06373999272381, 34.20856467149867], [109.06391965578064, 34.20856467149867], [109.06391965578064, 34.20910366066914], [109.06320100355333, 34.20910366066914]]]}, "properties": {"name": "cand39", "ptype": "hall", "confidence": "low", "rank": 39, "area_ha": 2.3, "rise_db": 7.6, "digitised_from": "Sentinel-1 VV rise 2022->2026, orbit 84"}}, {"type": "Feature", "geometry": {"geodesic": false, "type": "Polygon", "coordinates": [[[109.06302134049652, 34.21269692180562], [109.06302134049652, 34.2125172587488], [109.06266201438287, 34.2125172587488], [109.06266201438287, 34.21143928040786], [109.06248235132604, 34.21143928040786], [109.06248235132604, 34.21072062818056], [109.06266201438287, 34.21072062818056], [109.06266201438287, 34.21018163901009], [109.06302134049652, 34.21018163901009], [109.06302134049652, 34.21072062818056], [109.06284167743969, 34.21072062818056], [109.06284167743969, 34.211079954294206], [109.06302134049652, 34.211079954294206], [109.06302134049652, 34.21125961735103], [109.06338066661016, 34.21125961735103], [109.06338066661016, 34.211079954294206], [109.06356032966698, 34.211079954294206], [109.06356032966698, 34.21125961735103], [109.06373999272381, 34.21125961735103], [109.06373999272381, 34.21143928040786], [109.06356032966698, 34.21143928040786], [109.06356032966698, 34.2125172587488], [109.06338066661016, 34.2125172587488], [109.06338066661016, 34.21269692180562], [109.06302134049652, 34.21269692180562]]]}, "properties": {"name": "cand40", "ptype": "hall", "confidence": "low", "rank": 40, "area_ha": 2.1, "rise_db": 6.3, "digitised_from": "Sentinel-1 VV rise 2022->2026, orbit 84"}}, {"type": "Feature", "geometry": {"geodesic": false, "type": "Polygon", "coordinates": [[[109.02223782659749, 34.24611425037487], [109.02223782659749, 34.24593458731805], [109.02241748965432, 34.24593458731805], [109.02241748965432, 34.24521593509075], [109.02277681576795, 34.24521593509075], [109.02277681576795, 34.245395598147574], [109.02259715271113, 34.245395598147574], [109.02259715271113, 34.2455752612044], [109.02295647882478, 34.2455752612044], [109.02295647882478, 34.245395598147574], [109.02313614188161, 34.245395598147574], [109.02313614188161, 34.24521593509075], [109.02331580493843, 34.24521593509075], [109.02331580493843, 34.24503627203393], [109.02313614188161, 34.24503627203393], [109.02313614188161, 34.244676945920276], [109.02295647882478, 34.244676945920276], [109.02295647882478, 34.244497282863456], [109.02313614188161, 34.244497282863456], [109.02313614188161, 34.24431761980663], [109.02331580493843, 34.24431761980663], [109.02331580493843, 34.2441379567498], [109.02295647882478, 34.2441379567498], [109.02295647882478, 34.24377863063616], [109.02331580493843, 34.24377863063616], [109.02331580493843, 34.2441379567498], [109.02403445716573, 34.2441379567498], [109.02403445716573, 34.244676945920276], [109.0238547941089, 34.244676945920276], [109.0238547941089, 34.24503627203393], [109.02367513105207, 34.24503627203393], [109.02367513105207, 34.2455752612044], [109.02403445716573, 34.2455752612044], [109.02403445716573, 34.24575492426122], [109.02367513105207, 34.24575492426122], [109.02367513105207, 34.2455752612044], [109.02349546799525, 34.2455752612044], [109.02349546799525, 34.24575492426122], [109.02295647882478, 34.24575492426122], [109.02295647882478, 34.24593458731805], [109.02277681576795, 34.24593458731805], [109.02277681576795, 34.24611425037487], [109.02223782659749, 34.24611425037487]]]}, "properties": {"name": "cand41", "ptype": "hall", "confidence": "low", "rank": 41, "area_ha": 2.1, "rise_db": 5.8, "digitised_from": "Sentinel-1 VV rise 2022->2026, orbit 84"}}, {"type": "Feature", "geometry": {"geodesic": false, "type": "Polygon", "coordinates": [[[109.02726839218856, 34.218266476567166], [109.02726839218856, 34.21808681351034], [109.02708872913173, 34.21808681351034], [109.02708872913173, 34.21790715045352], [109.02672940301808, 34.21790715045352], [109.02672940301808, 34.217727487396694], [109.02619041384762, 34.217727487396694], [109.02619041384762, 34.21790715045352], [109.02565142467714, 34.21790715045352], [109.02565142467714, 34.217727487396694], [109.02583108773396, 34.217727487396694], [109.02583108773396, 34.21754782433987], [109.02601075079079, 34.21754782433987], [109.02601075079079, 34.21736816128305], [109.02619041384762, 34.21736816128305], [109.02619041384762, 34.21718849822622], [109.02637007690444, 34.21718849822622], [109.02637007690444, 34.217008835169395], [109.02708872913173, 34.217008835169395], [109.02708872913173, 34.21718849822622], [109.0276277183022, 34.21718849822622], [109.0276277183022, 34.21736816128305], [109.02780738135903, 34.21736816128305], [109.02780738135903, 34.217727487396694], [109.02798704441585, 34.217727487396694], [109.02798704441585, 34.21808681351034], [109.0276277183022, 34.21808681351034], [109.0276277183022, 34.218266476567166], [109.02726839218856, 34.218266476567166]]]}, "properties": {"name": "cand42", "ptype": "hall", "confidence": "low", "rank": 42, "area_ha": 2.0, "rise_db": 6.1, "digitised_from": "Sentinel-1 VV rise 2022->2026, orbit 84"}}, {"type": "Feature", "geometry": {"geodesic": false, "type": "Polygon", "coordinates": [[[109.03158030555232, 34.21125961735103], [109.03158030555232, 34.211079954294206], [109.03122097943869, 34.211079954294206], [109.03122097943869, 34.21090029123739], [109.03104131638186, 34.21090029123739], [109.03104131638186, 34.210540965123734], [109.03122097943869, 34.210540965123734], [109.03122097943869, 34.210361302066914], [109.0314006424955, 34.210361302066914], [109.0314006424955, 34.21000197595326], [109.03158030555232, 34.21000197595326], [109.03158030555232, 34.20982231289644], [109.03175996860915, 34.20982231289644], [109.03175996860915, 34.209642649839616], [109.03193963166598, 34.209642649839616], [109.03193963166598, 34.20982231289644], [109.03229895777963, 34.20982231289644], [109.03229895777963, 34.209642649839616], [109.03265828389327, 34.209642649839616], [109.03265828389327, 34.21000197595326], [109.03247862083644, 34.21000197595326], [109.03247862083644, 34.21018163901009], [109.0321192947228, 34.21018163901009], [109.0321192947228, 34.210361302066914], [109.03193963166598, 34.210361302066914], [109.03193963166598, 34.210540965123734], [109.03175996860915, 34.210540965123734], [109.03175996860915, 34.21072062818056], [109.0321192947228, 34.21072062818056], [109.0321192947228, 34.210540965123734], [109.03247862083644, 34.210540965123734], [109.03247862083644, 34.211079954294206], [109.03229895777963, 34.211079954294206], [109.03229895777963, 34.21125961735103], [109.03158030555232, 34.21125961735103]]]}, "properties": {"name": "cand43", "ptype": "hall", "confidence": "low", "rank": 43, "area_ha": 1.9, "rise_db": 6.2, "digitised_from": "Sentinel-1 VV rise 2022->2026, orbit 84"}}, {"type": "Feature", "geometry": {"geodesic": false, "type": "Polygon", "coordinates": [[[109.0861978748268, 34.24000570644286], [109.0861978748268, 34.23964638032921], [109.08601821176997, 34.23964638032921], [109.08601821176997, 34.23874806504509], [109.08691652705409, 34.23874806504509], [109.08691652705409, 34.23892772810191], [109.08709619011091, 34.23892772810191], [109.08709619011091, 34.23910739115874], [109.08673686399727, 34.23910739115874], [109.08673686399727, 34.239466717272386], [109.08727585316774, 34.239466717272386], [109.08727585316774, 34.23910739115874], [109.08799450539503, 34.23910739115874], [109.08799450539503, 34.23928705421556], [109.08817416845186, 34.23928705421556], [109.08817416845186, 34.23964638032921], [109.08709619011091, 34.23964638032921], [109.08709619011091, 34.23982604338603], [109.08673686399727, 34.23982604338603], [109.08673686399727, 34.24000570644286], [109.0861978748268, 34.24000570644286]]]}, "properties": {"name": "cand44", "ptype": "hall", "confidence": "low", "rank": 44, "area_ha": 1.9, "rise_db": 6.5, "digitised_from": "Sentinel-1 VV rise 2022->2026, orbit 84"}}, {"type": "Feature", "geometry": {"geodesic": false, "type": "Polygon", "coordinates": [[[109.02601075079079, 34.23192086888578], [109.02601075079079, 34.23174120582896], [109.02583108773396, 34.23174120582896], [109.02583108773396, 34.231561542772134], [109.02565142467714, 34.231561542772134], [109.02565142467714, 34.230842890544835], [109.02672940301808, 34.230842890544835], [109.02672940301808, 34.230663227488016], [109.02708872913173, 34.230663227488016], [109.02708872913173, 34.230842890544835], [109.02744805524537, 34.230842890544835], [109.02744805524537, 34.23120221665849], [109.02708872913173, 34.23120221665849], [109.02708872913173, 34.23138187971531], [109.02690906607491, 34.23138187971531], [109.02690906607491, 34.231561542772134], [109.02672940301808, 34.231561542772134], [109.02672940301808, 34.23174120582896], [109.02654973996125, 34.23174120582896], [109.02654973996125, 34.23192086888578], [109.02601075079079, 34.23192086888578]]]}, "properties": {"name": "cand45", "ptype": "hall", "confidence": "low", "rank": 45, "area_ha": 1.8, "rise_db": 9.2, "digitised_from": "Sentinel-1 VV rise 2022->2026, orbit 84"}}, {"type": "Feature", "geometry": {"geodesic": false, "type": "Polygon", "coordinates": [[[109.04146177367764, 34.2410836847838], [109.04146177367764, 34.24072435867015], [109.04164143673447, 34.24072435867015], [109.04164143673447, 34.24054469561333], [109.04182109979129, 34.24054469561333], [109.04182109979129, 34.240365032556504], [109.04200076284812, 34.240365032556504], [109.04200076284812, 34.24018536949968], [109.04182109979129, 34.24018536949968], [109.04182109979129, 34.24000570644286], [109.04253975201858, 34.24000570644286], [109.04253975201858, 34.23982604338603], [109.04289907813224, 34.23982604338603], [109.04289907813224, 34.23928705421556], [109.04307874118906, 34.23928705421556], [109.04307874118906, 34.24000570644286], [109.04325840424588, 34.24000570644286], [109.04325840424588, 34.23982604338603], [109.0434380673027, 34.23982604338603], [109.0434380673027, 34.24018536949968], [109.04361773035953, 34.24018536949968], [109.04361773035953, 34.240365032556504], [109.04253975201858, 34.240365032556504], [109.04253975201858, 34.240904021726976], [109.04236008896176, 34.240904021726976], [109.04236008896176, 34.2410836847838], [109.04146177367764, 34.2410836847838]]]}, "properties": {"name": "cand46", "ptype": "hall", "confidence": "low", "rank": 46, "area_ha": 1.8, "rise_db": 5.0, "digitised_from": "Sentinel-1 VV rise 2022->2026, orbit 84"}}, {"type": "Feature", "geometry": {"geodesic": false, "type": "Polygon", "coordinates": [[[109.03786851254117, 34.21754782433987], [109.03786851254117, 34.21736816128305], [109.03768884948434, 34.21736816128305], [109.03768884948434, 34.21718849822622], [109.03750918642751, 34.21718849822622], [109.03750918642751, 34.216829172112575], [109.03732952337069, 34.216829172112575], [109.03732952337069, 34.21646984599892], [109.03750918642751, 34.21646984599892], [109.03750918642751, 34.2162901829421], [109.03768884948434, 34.2162901829421], [109.03768884948434, 34.21646984599892], [109.03786851254117, 34.21646984599892], [109.03786851254117, 34.2162901829421], [109.03876682782528, 34.2162901829421], [109.03876682782528, 34.21646984599892], [109.03894649088211, 34.21646984599892], [109.03894649088211, 34.21664950905575], [109.03876682782528, 34.21664950905575], [109.03876682782528, 34.216829172112575], [109.03858716476846, 34.216829172112575], [109.03858716476846, 34.21754782433987], [109.03786851254117, 34.21754782433987]]]}, "properties": {"name": "cand47", "ptype": "hall", "confidence": "low", "rank": 47, "area_ha": 1.8, "rise_db": 10.4, "digitised_from": "Sentinel-1 VV rise 2022->2026, orbit 84"}}, {"type": "Feature", "geometry": {"geodesic": false, "type": "Polygon", "coordinates": [[[109.05206189403026, 34.229405586090245], [109.05206189403026, 34.229225923033425], [109.05188223097343, 34.229225923033425], [109.05188223097343, 34.22886659691977], [109.0517025679166, 34.22886659691977], [109.0517025679166, 34.2283276077493], [109.05188223097343, 34.2283276077493], [109.05188223097343, 34.22760895552201], [109.05206189403026, 34.22760895552201], [109.05206189403026, 34.22742929246518], [109.05224155708707, 34.22742929246518], [109.05224155708707, 34.22760895552201], [109.05260088320072, 34.22760895552201], [109.05260088320072, 34.227788618578835], [109.05296020931438, 34.227788618578835], [109.05296020931438, 34.22814794469248], [109.0524212201439, 34.22814794469248], [109.0524212201439, 34.2283276077493], [109.05260088320072, 34.2283276077493], [109.05260088320072, 34.22868693386295], [109.05224155708707, 34.22868693386295], [109.05224155708707, 34.22886659691977], [109.05260088320072, 34.22886659691977], [109.05260088320072, 34.229225923033425], [109.0524212201439, 34.229225923033425], [109.0524212201439, 34.229405586090245], [109.05206189403026, 34.229405586090245]]]}, "properties": {"name": "cand48", "ptype": "hall", "confidence": "low", "rank": 48, "area_ha": 1.7, "rise_db": 7.3, "digitised_from": "Sentinel-1 VV rise 2022->2026, orbit 84"}}, {"type": "Feature", "geometry": {"geodesic": false, "type": "Polygon", "coordinates": [[[109.0306819902682, 34.202276464509836], [109.0306819902682, 34.20191713839619], [109.02978367498409, 34.20191713839619], [109.02978367498409, 34.20065949699842], [109.03032266415457, 34.20065949699842], [109.03032266415457, 34.200839160055246], [109.03050232721138, 34.200839160055246], [109.03050232721138, 34.20119848616889], [109.03086165332503, 34.20119848616889], [109.03086165332503, 34.20137814922572], [109.03104131638186, 34.20137814922572], [109.03104131638186, 34.201737475339364], [109.03122097943869, 34.201737475339364], [109.03122097943869, 34.20191713839619], [109.03104131638186, 34.20191713839619], [109.03104131638186, 34.202276464509836], [109.0306819902682, 34.202276464509836]], [[109.03050232721138, 34.20137814922572], [109.03032266415457, 34.20137814922572], [109.03032266415457, 34.20119848616889], [109.03050232721138, 34.20119848616889], [109.03050232721138, 34.20137814922572]]]}, "properties": {"name": "cand49", "ptype": "hall", "confidence": "low", "rank": 49, "area_ha": 1.7, "rise_db": 6.7, "digitised_from": "Sentinel-1 VV rise 2022->2026, orbit 84"}}, {"type": "Feature", "geometry": {"geodesic": false, "type": "Polygon", "coordinates": [[[109.0500856004052, 34.23928705421556], [109.0500856004052, 34.23892772810191], [109.04990593734837, 34.23892772810191], [109.04990593734837, 34.23874806504509], [109.05026526346201, 34.23874806504509], [109.05026526346201, 34.23856840198827], [109.05044492651884, 34.23856840198827], [109.05044492651884, 34.238029412817795], [109.04990593734837, 34.238029412817795], [109.04990593734837, 34.23784974976097], [109.04972627429154, 34.23784974976097], [109.04972627429154, 34.23767008670415], [109.04990593734837, 34.23767008670415], [109.04990593734837, 34.23749042364732], [109.0500856004052, 34.23749042364732], [109.0500856004052, 34.237310760590496], [109.05044492651884, 34.237310760590496], [109.05044492651884, 34.23713109753368], [109.05062458957566, 34.23713109753368], [109.05062458957566, 34.23749042364732], [109.05044492651884, 34.23749042364732], [109.05044492651884, 34.23784974976097], [109.05062458957566, 34.23784974976097], [109.05062458957566, 34.238029412817795], [109.05080425263249, 34.238029412817795], [109.05080425263249, 34.238209075874614], [109.05098391568932, 34.238209075874614], [109.05098391568932, 34.23910739115874], [109.05080425263249, 34.23910739115874], [109.05080425263249, 34.23928705421556], [109.0500856004052, 34.23928705421556]]]}, "properties": {"name": "cand50", "ptype": "hall", "confidence": "low", "rank": 50, "area_ha": 1.7, "rise_db": 6.1, "digitised_from": "Sentinel-1 VV rise 2022->2026, orbit 84"}}, {"type": "Feature", "geometry": {"geodesic": false, "type": "Polygon", "coordinates": [[[109.04128211062081, 34.19491027918006], [109.04128211062081, 34.19473061612323], [109.041102447564, 34.19473061612323], [109.041102447564, 34.19455095306641], [109.04128211062081, 34.19455095306641], [109.04128211062081, 34.194371290009585], [109.041102447564, 34.194371290009585], [109.041102447564, 34.19365263778229], [109.04200076284812, 34.19365263778229], [109.04200076284812, 34.193472974725466], [109.04218042590495, 34.193472974725466], [109.04218042590495, 34.19329331166864], [109.04236008896176, 34.19329331166864], [109.04236008896176, 34.19311364861182], [109.04218042590495, 34.19311364861182], [109.04218042590495, 34.192933985554994], [109.04236008896176, 34.192933985554994], [109.04236008896176, 34.19311364861182], [109.04271941507541, 34.19311364861182], [109.04271941507541, 34.19365263778229], [109.04253975201858, 34.19365263778229], [109.04253975201858, 34.19383230083911], [109.04218042590495, 34.19383230083911], [109.04218042590495, 34.19401196389594], [109.04200076284812, 34.19401196389594], [109.04200076284812, 34.19419162695276], [109.04182109979129, 34.19419162695276], [109.04182109979129, 34.194371290009585], [109.04164143673447, 34.194371290009585], [109.04164143673447, 34.19473061612323], [109.04146177367764, 34.19473061612323], [109.04146177367764, 34.19491027918006], [109.04128211062081, 34.19491027918006]]]}, "properties": {"name": "cand51", "ptype": "hall", "confidence": "low", "rank": 51, "area_ha": 1.6, "rise_db": 6.7, "digitised_from": "Sentinel-1 VV rise 2022->2026, orbit 84"}}, {"type": "Feature", "geometry": {"geodesic": false, "type": "Polygon", "coordinates": [[[109.0590687532464, 34.23245985805625], [109.0590687532464, 34.231561542772134], [109.0592484163032, 34.231561542772134], [109.0592484163032, 34.23120221665849], [109.05942807936003, 34.23120221665849], [109.05942807936003, 34.23102255360166], [109.05960774241686, 34.23102255360166], [109.05960774241686, 34.23120221665849], [109.06032639464415, 34.23120221665849], [109.06032639464415, 34.231561542772134], [109.06014673158732, 34.231561542772134], [109.06014673158732, 34.232100531942606], [109.05996706853051, 34.232100531942606], [109.05996706853051, 34.232280194999426], [109.05960774241686, 34.232280194999426], [109.05960774241686, 34.23245985805625], [109.0590687532464, 34.23245985805625]]]}, "properties": {"name": "cand52", "ptype": "hall", "confidence": "low", "rank": 52, "area_ha": 1.6, "rise_db": 7.3, "digitised_from": "Sentinel-1 VV rise 2022->2026, orbit 84"}}, {"type": "Feature", "geometry": {"geodesic": false, "type": "Polygon", "coordinates": [[[109.0651772971784, 34.201737475339364], [109.0651772971784, 34.201557812282545], [109.06499763412158, 34.201557812282545], [109.06499763412158, 34.20137814922572], [109.06481797106476, 34.20137814922572], [109.06481797106476, 34.20119848616889], [109.06499763412158, 34.20119848616889], [109.06499763412158, 34.20101882311207], [109.0651772971784, 34.20101882311207], [109.0651772971784, 34.200839160055246], [109.06535696023522, 34.200839160055246], [109.06535696023522, 34.2004798339416], [109.06553662329205, 34.2004798339416], [109.06553662329205, 34.20012050782795], [109.06607561246251, 34.20012050782795], [109.06607561246251, 34.20030017088477], [109.06625527551934, 34.20030017088477], [109.06625527551934, 34.20101882311207], [109.06607561246251, 34.20101882311207], [109.06607561246251, 34.20119848616889], [109.06571628634887, 34.20119848616889], [109.06571628634887, 34.20137814922572], [109.06553662329205, 34.20137814922572], [109.06553662329205, 34.201557812282545], [109.06535696023522, 34.201557812282545], [109.06535696023522, 34.201737475339364], [109.0651772971784, 34.201737475339364]]]}, "properties": {"name": "cand53", "ptype": "hall", "confidence": "low", "rank": 53, "area_ha": 1.5, "rise_db": 6.3, "digitised_from": "Sentinel-1 VV rise 2022->2026, orbit 84"}}, {"type": "Feature", "geometry": {"geodesic": false, "type": "Polygon", "coordinates": [[[109.04972627429154, 34.209462986782796], [109.04972627429154, 34.20928332372597], [109.04954661123472, 34.20928332372597], [109.04954661123472, 34.20856467149867], [109.04936694817789, 34.20856467149867], [109.04936694817789, 34.2087443345555], [109.04918728512106, 34.2087443345555], [109.04918728512106, 34.208205345385025], [109.04954661123472, 34.208205345385025], [109.04954661123472, 34.2080256823282], [109.04990593734837, 34.2080256823282], [109.04990593734837, 34.20856467149867], [109.04972627429154, 34.20856467149867], [109.04972627429154, 34.208923997612324], [109.05116357874613, 34.208923997612324], [109.05116357874613, 34.20928332372597], [109.05098391568932, 34.20928332372597], [109.05098391568932, 34.209462986782796], [109.04972627429154, 34.209462986782796]]]}, "properties": {"name": "cand54", "ptype": "hall", "confidence": "low", "rank": 54, "area_ha": 1.5, "rise_db": 5.5, "digitised_from": "Sentinel-1 VV rise 2022->2026, orbit 84"}}, {"type": "Feature", "geometry": {"geodesic": false, "type": "Polygon", "coordinates": [[[109.04361773035953, 34.215391867657985], [109.04361773035953, 34.21521220460116], [109.0434380673027, 34.21521220460116], [109.0434380673027, 34.21485287848751], [109.04361773035953, 34.21485287848751], [109.04361773035953, 34.21449355237386], [109.04379739341636, 34.21449355237386], [109.04379739341636, 34.21431388931704], [109.04397705647318, 34.21431388931704], [109.04397705647318, 34.214134226260214], [109.04379739341636, 34.214134226260214], [109.04379739341636, 34.21359523708974], [109.04433638258682, 34.21359523708974], [109.04433638258682, 34.213954563203394], [109.04415671953001, 34.213954563203394], [109.04415671953001, 34.214134226260214], [109.04433638258682, 34.214134226260214], [109.04433638258682, 34.21449355237386], [109.04469570870047, 34.21449355237386], [109.04469570870047, 34.21431388931704], [109.0448753717573, 34.21431388931704], [109.0448753717573, 34.21449355237386], [109.04505503481413, 34.21449355237386], [109.04505503481413, 34.214673215430686], [109.0448753717573, 34.214673215430686], [109.0448753717573, 34.21485287848751], [109.04469570870047, 34.21485287848751], [109.04469570870047, 34.214673215430686], [109.04433638258682, 34.214673215430686], [109.04433638258682, 34.21485287848751], [109.04415671953001, 34.21485287848751], [109.04415671953001, 34.21521220460116], [109.04397705647318, 34.21521220460116], [109.04397705647318, 34.215391867657985], [109.04361773035953, 34.215391867657985]]]}, "properties": {"name": "cand55", "ptype": "hall", "confidence": "low", "rank": 55, "area_ha": 1.5, "rise_db": 5.1, "digitised_from": "Sentinel-1 VV rise 2022->2026, orbit 84"}}, {"type": "Feature", "geometry": {"geodesic": false, "type": "Polygon", "coordinates": [[[109.0892521467928, 34.2290462599766], [109.0892521467928, 34.22886659691977], [109.08907248373598, 34.22886659691977], [109.08907248373598, 34.22814794469248], [109.08979113596327, 34.22814794469248], [109.08979113596327, 34.227968281635654], [109.09033012513375, 34.227968281635654], [109.09033012513375, 34.22814794469248], [109.09050978819057, 34.22814794469248], [109.09050978819057, 34.22868693386295], [109.09015046207692, 34.22868693386295], [109.09015046207692, 34.22886659691977], [109.0899707990201, 34.22886659691977], [109.0899707990201, 34.2290462599766], [109.0892521467928, 34.2290462599766]]]}, "properties": {"name": "cand56", "ptype": "hall", "confidence": "low", "rank": 56, "area_ha": 1.5, "rise_db": 11.9, "digitised_from": "Sentinel-1 VV rise 2022->2026, orbit 84"}}, {"type": "Feature", "geometry": {"geodesic": false, "type": "Polygon", "coordinates": [[[109.01990220685877, 34.22239872687411], [109.01990220685877, 34.22221906381729], [109.01954288074512, 34.22221906381729], [109.01954288074512, 34.221320748533174], [109.01972254380195, 34.221320748533174], [109.01972254380195, 34.22114108547635], [109.02026153297243, 34.22114108547635], [109.02026153297243, 34.221320748533174], [109.02062085908607, 34.221320748533174], [109.02062085908607, 34.22150041158999], [109.02080052214289, 34.22150041158999], [109.02080052214289, 34.22168007464682], [109.02062085908607, 34.22168007464682], [109.02062085908607, 34.222039400760465], [109.02044119602925, 34.222039400760465], [109.02044119602925, 34.22221906381729], [109.0200818699156, 34.22221906381729], [109.0200818699156, 34.22239872687411], [109.01990220685877, 34.22239872687411]]]}, "properties": {"name": "cand57", "ptype": "hall", "confidence": "low", "rank": 57, "area_ha": 1.4, "rise_db": 7.5, "digitised_from": "Sentinel-1 VV rise 2022->2026, orbit 84"}}, {"type": "Feature", "geometry": {"geodesic": false, "type": "Polygon", "coordinates": [[[109.01882422851783, 34.23030390137436], [109.01882422851783, 34.23012423831754], [109.018644565461, 34.23012423831754], [109.018644565461, 34.22994457526072], [109.01846490240419, 34.22994457526072], [109.01846490240419, 34.2297649122039], [109.01828523934736, 34.2297649122039], [109.01828523934736, 34.22886659691977], [109.01846490240419, 34.22886659691977], [109.01846490240419, 34.22868693386295], [109.01900389157466, 34.22868693386295], [109.01900389157466, 34.22886659691977], [109.01918355463148, 34.22886659691977], [109.01918355463148, 34.229225923033425], [109.01882422851783, 34.229225923033425], [109.01882422851783, 34.229405586090245], [109.01900389157466, 34.229405586090245], [109.01900389157466, 34.2297649122039], [109.01918355463148, 34.2297649122039], [109.01918355463148, 34.22994457526072], [109.01936321768831, 34.22994457526072], [109.01936321768831, 34.23012423831754], [109.01918355463148, 34.23012423831754], [109.01918355463148, 34.23030390137436], [109.01882422851783, 34.23030390137436]]]}, "properties": {"name": "cand58", "ptype": "hall", "confidence": "low", "rank": 58, "area_ha": 1.4, "rise_db": 7.5, "digitised_from": "Sentinel-1 VV rise 2022->2026, orbit 84"}}, {"type": "Feature", "geometry": {"geodesic": false, "type": "Polygon", "coordinates": [[[109.04361773035953, 34.19491027918006], [109.04361773035953, 34.19473061612323], [109.0434380673027, 34.19473061612323], [109.0434380673027, 34.19455095306641], [109.04325840424588, 34.19455095306641], [109.04325840424588, 34.194371290009585], [109.04307874118906, 34.194371290009585], [109.04307874118906, 34.19401196389594], [109.04325840424588, 34.19401196389594], [109.04325840424588, 34.19383230083911], [109.04433638258682, 34.19383230083911], [109.04433638258682, 34.19401196389594], [109.04451604564365, 34.19401196389594], [109.04451604564365, 34.19419162695276], [109.0448753717573, 34.19419162695276], [109.0448753717573, 34.194371290009585], [109.04451604564365, 34.194371290009585], [109.04451604564365, 34.19419162695276], [109.04433638258682, 34.19419162695276], [109.04433638258682, 34.194371290009585], [109.04415671953001, 34.194371290009585], [109.04415671953001, 34.19455095306641], [109.04397705647318, 34.19455095306641], [109.04397705647318, 34.19491027918006], [109.04361773035953, 34.19491027918006]]]}, "properties": {"name": "cand59", "ptype": "hall", "confidence": "low", "rank": 59, "area_ha": 1.3, "rise_db": 7.0, "digitised_from": "Sentinel-1 VV rise 2022->2026, orbit 84"}}, {"type": "Feature", "geometry": {"geodesic": false, "type": "Polygon", "coordinates": [[[109.04828896983695, 34.23551413002226], [109.04828896983695, 34.23497514085179], [109.04810930678013, 34.23497514085179], [109.04810930678013, 34.23533446696543], [109.04757031760965, 34.23533446696543], [109.04757031760965, 34.235154803908614], [109.04774998066648, 34.235154803908614], [109.04774998066648, 34.23479547779496], [109.04810930678013, 34.23479547779496], [109.04810930678013, 34.23461581473814], [109.04828896983695, 34.23461581473814], [109.04828896983695, 34.234436151681315], [109.04846863289377, 34.234436151681315], [109.04846863289377, 34.23407682556767], [109.0486482959506, 34.23407682556767], [109.0486482959506, 34.23425648862449], [109.04918728512106, 34.23425648862449], [109.04918728512106, 34.234436151681315], [109.04900762206425, 34.234436151681315], [109.04900762206425, 34.23461581473814], [109.04918728512106, 34.23461581473814], [109.04918728512106, 34.23479547779496], [109.0486482959506, 34.23479547779496], [109.0486482959506, 34.235154803908614], [109.04882795900743, 34.235154803908614], [109.04882795900743, 34.23551413002226], [109.04828896983695, 34.23551413002226]]]}, "properties": {"name": "cand60", "ptype": "hall", "confidence": "low", "rank": 60, "area_ha": 1.3, "rise_db": 5.2, "digitised_from": "Sentinel-1 VV rise 2022->2026, orbit 84"}}, {"type": "Feature", "geometry": {"geodesic": false, "type": "Polygon", "coordinates": [[[109.05080425263249, 34.24216166312474], [109.05080425263249, 34.24198200006792], [109.05062458957566, 34.24198200006792], [109.05062458957566, 34.241622673954275], [109.05044492651884, 34.241622673954275], [109.05044492651884, 34.24144301089745], [109.0500856004052, 34.24144301089745], [109.0500856004052, 34.240904021726976], [109.05062458957566, 34.240904021726976], [109.05062458957566, 34.2410836847838], [109.05080425263249, 34.2410836847838], [109.05080425263249, 34.24072435867015], [109.05116357874613, 34.24072435867015], [109.05116357874613, 34.240904021726976], [109.05134324180295, 34.240904021726976], [109.05134324180295, 34.24144301089745], [109.05116357874613, 34.24144301089745], [109.05116357874613, 34.24198200006792], [109.05098391568932, 34.24198200006792], [109.05098391568932, 34.24216166312474], [109.05080425263249, 34.24216166312474]]]}, "properties": {"name": "cand61", "ptype": "hall", "confidence": "low", "rank": 61, "area_ha": 1.3, "rise_db": 6.9, "digitised_from": "Sentinel-1 VV rise 2022->2026, orbit 84"}}, {"type": "Feature", "geometry": {"geodesic": false, "type": "Polygon", "coordinates": [[[109.03247862083644, 34.22473434661283], [109.03247862083644, 34.224554683556], [109.03229895777963, 34.224554683556], [109.03229895777963, 34.224195357442355], [109.0321192947228, 34.224195357442355], [109.0321192947228, 34.22401569438553], [109.03193963166598, 34.22401569438553], [109.03193963166598, 34.224195357442355], [109.03158030555232, 34.224195357442355], [109.03158030555232, 34.22401569438553], [109.0314006424955, 34.22401569438553], [109.0314006424955, 34.22383603132871], [109.03158030555232, 34.22383603132871], [109.03158030555232, 34.22365636827188], [109.03193963166598, 34.22365636827188], [109.03193963166598, 34.22383603132871], [109.0321192947228, 34.22383603132871], [109.0321192947228, 34.22401569438553], [109.03247862083644, 34.22401569438553], [109.03247862083644, 34.223476705215056], [109.03265828389327, 34.223476705215056], [109.03265828389327, 34.22329704215824], [109.0328379469501, 34.22329704215824], [109.0328379469501, 34.223476705215056], [109.03319727306375, 34.223476705215056], [109.03319727306375, 34.22365636827188], [109.03301761000692, 34.22365636827188], [109.03301761000692, 34.22401569438553], [109.0328379469501, 34.22401569438553], [109.0328379469501, 34.224375020499174], [109.03301761000692, 34.224375020499174], [109.03301761000692, 34.224554683556], [109.0328379469501, 34.224554683556], [109.0328379469501, 34.22473434661283], [109.03247862083644, 34.22473434661283]]]}, "properties": {"name": "cand62", "ptype": "hall", "confidence": "low", "rank": 62, "area_ha": 1.3, "rise_db": 5.2, "digitised_from": "Sentinel-1 VV rise 2022->2026, orbit 84"}}, {"type": "Feature", "geometry": {"geodesic": false, "type": "Polygon", "coordinates": [[[109.07434011307642, 34.23102255360166], [109.07434011307642, 34.230842890544835], [109.07416045001959, 34.230842890544835], [109.07416045001959, 34.230663227488016], [109.07398078696276, 34.230663227488016], [109.07398078696276, 34.23030390137436], [109.07380112390595, 34.23030390137436], [109.07380112390595, 34.23012423831754], [109.07398078696276, 34.23012423831754], [109.07398078696276, 34.22994457526072], [109.0748791022469, 34.22994457526072], [109.0748791022469, 34.23012423831754], [109.07505876530371, 34.23012423831754], [109.07505876530371, 34.23030390137436], [109.07523842836054, 34.23030390137436], [109.07523842836054, 34.23048356443119], [109.07505876530371, 34.23048356443119], [109.07505876530371, 34.230842890544835], [109.0748791022469, 34.230842890544835], [109.0748791022469, 34.23102255360166], [109.07434011307642, 34.23102255360166]], [[109.07469943919007, 34.230663227488016], [109.07451977613324, 34.230663227488016], [109.07451977613324, 34.23048356443119], [109.07469943919007, 34.23048356443119], [109.07469943919007, 34.230663227488016]]]}, "properties": {"name": "cand63", "ptype": "hall", "confidence": "low", "rank": 63, "area_ha": 1.3, "rise_db": 8.2, "digitised_from": "Sentinel-1 VV rise 2022->2026, orbit 84"}}, {"type": "Feature", "geometry": {"geodesic": false, "type": "Polygon", "coordinates": [[[109.05709245962133, 34.20730703010091], [109.05709245962133, 34.20712736704408], [109.0569127965645, 34.20712736704408], [109.0569127965645, 34.20694770398726], [109.05709245962133, 34.20694770398726], [109.05709245962133, 34.206768040930434], [109.05727212267814, 34.206768040930434], [109.05727212267814, 34.20658837787361], [109.05745178573497, 34.20658837787361], [109.05745178573497, 34.20640871481679], [109.0576314487918, 34.20640871481679], [109.0576314487918, 34.20622905175996], [109.05835010101909, 34.20622905175996], [109.05835010101909, 34.20694770398726], [109.05817043796226, 34.20694770398726], [109.05817043796226, 34.20712736704408], [109.05745178573497, 34.20712736704408], [109.05745178573497, 34.20730703010091], [109.05709245962133, 34.20730703010091]]]}, "properties": {"name": "cand64", "ptype": "hall", "confidence": "low", "rank": 64, "area_ha": 1.2, "rise_db": 6.2, "digitised_from": "Sentinel-1 VV rise 2022->2026, orbit 84"}}, {"type": "Feature", "geometry": {"geodesic": false, "type": "Polygon", "coordinates": [[[109.03463457751833, 34.20856467149867], [109.03463457751833, 34.208205345385025], [109.03481424057516, 34.208205345385025], [109.03481424057516, 34.2080256823282], [109.03499390363199, 34.2080256823282], [109.03499390363199, 34.20784601927138], [109.03517356668881, 34.20784601927138], [109.03517356668881, 34.20766635621455], [109.03535322974562, 34.20766635621455], [109.03535322974562, 34.20748669315773], [109.0366108711434, 34.20748669315773], [109.0366108711434, 34.20766635621455], [109.03697019725705, 34.20766635621455], [109.03697019725705, 34.2080256823282], [109.03643120808657, 34.2080256823282], [109.03643120808657, 34.20784601927138], [109.03553289280245, 34.20784601927138], [109.03553289280245, 34.2080256823282], [109.03535322974562, 34.2080256823282], [109.03535322974562, 34.208205345385025], [109.03517356668881, 34.208205345385025], [109.03517356668881, 34.20838500844185], [109.03481424057516, 34.20838500844185], [109.03481424057516, 34.20856467149867], [109.03463457751833, 34.20856467149867]]]}, "properties": {"name": "cand65", "ptype": "hall", "confidence": "low", "rank": 65, "area_ha": 1.2, "rise_db": 5.7, "digitised_from": "Sentinel-1 VV rise 2022->2026, orbit 84"}}, {"type": "Feature", "geometry": {"geodesic": false, "type": "Polygon", "coordinates": [[[109.01936321768831, 34.21359523708974], [109.01936321768831, 34.21269692180562], [109.01954288074512, 34.21269692180562], [109.01954288074512, 34.21143928040786], [109.01972254380195, 34.21143928040786], [109.01972254380195, 34.211079954294206], [109.01936321768831, 34.211079954294206], [109.01936321768831, 34.21072062818056], [109.0200818699156, 34.21072062818056], [109.0200818699156, 34.211079954294206], [109.01990220685877, 34.211079954294206], [109.01990220685877, 34.21215793263515], [109.01972254380195, 34.21215793263515], [109.01972254380195, 34.21341557403292], [109.01954288074512, 34.21341557403292], [109.01954288074512, 34.21359523708974], [109.01936321768831, 34.21359523708974]]]}, "properties": {"name": "cand66", "ptype": "hall", "confidence": "low", "rank": 66, "area_ha": 1.2, "rise_db": 6.0, "digitised_from": "Sentinel-1 VV rise 2022->2026, orbit 84"}}, {"type": "Feature", "geometry": {"geodesic": false, "type": "Polygon", "coordinates": [[[109.03463457751833, 34.222937716044584], [109.03463457751833, 34.222758052987764], [109.0344549144615, 34.222758052987764], [109.0344549144615, 34.22257838993094], [109.0342752514047, 34.22257838993094], [109.0342752514047, 34.221859737703646], [109.0344549144615, 34.221859737703646], [109.0344549144615, 34.22168007464682], [109.03517356668881, 34.22168007464682], [109.03517356668881, 34.221859737703646], [109.03535322974562, 34.221859737703646], [109.03535322974562, 34.22221906381729], [109.03517356668881, 34.22221906381729], [109.03517356668881, 34.22239872687411], [109.03499390363199, 34.22239872687411], [109.03499390363199, 34.222937716044584], [109.03463457751833, 34.222937716044584]]]}, "properties": {"name": "cand67", "ptype": "hall", "confidence": "low", "rank": 67, "area_ha": 1.2, "rise_db": 4.4, "digitised_from": "Sentinel-1 VV rise 2022->2026, orbit 84"}}, {"type": "Feature", "geometry": {"geodesic": false, "type": "Polygon", "coordinates": [[[109.05152290485978, 34.236592108363205], [109.05152290485978, 34.23641244530638], [109.05134324180295, 34.23641244530638], [109.05134324180295, 34.23605311919273], [109.05116357874613, 34.23605311919273], [109.05116357874613, 34.235693793079086], [109.05134324180295, 34.235693793079086], [109.05134324180295, 34.23551413002226], [109.05152290485978, 34.23551413002226], [109.05152290485978, 34.23533446696543], [109.05206189403026, 34.23533446696543], [109.05206189403026, 34.235693793079086], [109.05224155708707, 34.235693793079086], [109.05224155708707, 34.23623278224955], [109.05206189403026, 34.23623278224955], [109.05206189403026, 34.23641244530638], [109.05188223097343, 34.23641244530638], [109.05188223097343, 34.236592108363205], [109.05152290485978, 34.236592108363205]]]}, "properties": {"name": "cand68", "ptype": "hall", "confidence": "low", "rank": 68, "area_ha": 1.2, "rise_db": 7.9, "digitised_from": "Sentinel-1 VV rise 2022->2026, orbit 84"}}, {"type": "Feature", "geometry": {"geodesic": false, "type": "Polygon", "coordinates": [[[109.04595335009824, 34.21503254154433], [109.04595335009824, 34.21485287848751], [109.04577368704142, 34.21485287848751], [109.04577368704142, 34.214673215430686], [109.04559402398459, 34.214673215430686], [109.04559402398459, 34.21431388931704], [109.04577368704142, 34.21431388931704], [109.04577368704142, 34.214134226260214], [109.04541436092777, 34.214134226260214], [109.04541436092777, 34.21359523708974], [109.04523469787094, 34.21359523708974], [109.04523469787094, 34.213235910976096], [109.04505503481413, 34.213235910976096], [109.04505503481413, 34.21305624791927], [109.0448753717573, 34.21305624791927], [109.0448753717573, 34.21287658486245], [109.04505503481413, 34.21287658486245], [109.04505503481413, 34.21305624791927], [109.04541436092777, 34.21305624791927], [109.04541436092777, 34.213235910976096], [109.04559402398459, 34.213235910976096], [109.04559402398459, 34.21359523708974], [109.04595335009824, 34.21359523708974], [109.04595335009824, 34.21377490014657], [109.04613301315507, 34.21377490014657], [109.04613301315507, 34.214134226260214], [109.04595335009824, 34.214134226260214], [109.04595335009824, 34.21449355237386], [109.04613301315507, 34.21449355237386], [109.04613301315507, 34.214673215430686], [109.04631267621188, 34.214673215430686], [109.04631267621188, 34.21485287848751], [109.04613301315507, 34.21485287848751], [109.04613301315507, 34.21503254154433], [109.04595335009824, 34.21503254154433]]]}, "properties": {"name": "cand69", "ptype": "hall", "confidence": "low", "rank": 69, "area_ha": 1.1, "rise_db": 5.4, "digitised_from": "Sentinel-1 VV rise 2022->2026, orbit 84"}}, {"type": "Feature", "geometry": {"geodesic": false, "type": "Polygon", "coordinates": [[[109.05098391568932, 34.203174779793954], [109.05098391568932, 34.20281545368031], [109.05080425263249, 34.20281545368031], [109.05080425263249, 34.20263579062348], [109.05044492651884, 34.20263579062348], [109.05044492651884, 34.20245612756666], [109.05062458957566, 34.20245612756666], [109.05062458957566, 34.202276464509836], [109.05080425263249, 34.202276464509836], [109.05080425263249, 34.20191713839619], [109.05098391568932, 34.20191713839619], [109.05098391568932, 34.202276464509836], [109.05116357874613, 34.202276464509836], [109.05116357874613, 34.20209680145301], [109.05152290485978, 34.20209680145301], [109.05152290485978, 34.203174779793954], [109.05098391568932, 34.203174779793954]]]}, "properties": {"name": "cand70", "ptype": "hall", "confidence": "low", "rank": 70, "area_ha": 1.0, "rise_db": 6.5, "digitised_from": "Sentinel-1 VV rise 2022->2026, orbit 84"}}, {"type": "Feature", "geometry": {"geodesic": false, "type": "Polygon", "coordinates": [[[109.0606857207578, 34.20910366066914], [109.0606857207578, 34.2087443345555], [109.06086538381463, 34.2087443345555], [109.06086538381463, 34.20856467149867], [109.06104504687146, 34.20856467149867], [109.06104504687146, 34.208205345385025], [109.06122470992827, 34.208205345385025], [109.06122470992827, 34.20784601927138], [109.0614043729851, 34.20784601927138], [109.0614043729851, 34.20766635621455], [109.06158403604192, 34.20766635621455], [109.06158403604192, 34.20784601927138], [109.06176369909875, 34.20784601927138], [109.06176369909875, 34.20838500844185], [109.06158403604192, 34.20838500844185], [109.06158403604192, 34.20856467149867], [109.0614043729851, 34.20856467149867], [109.0614043729851, 34.20910366066914], [109.0606857207578, 34.20910366066914]]]}, "properties": {"name": "cand71", "ptype": "hall", "confidence": "low", "rank": 71, "area_ha": 1.0, "rise_db": 6.7, "digitised_from": "Sentinel-1 VV rise 2022->2026, orbit 84"}}, {"type": "Feature", "geometry": {"geodesic": false, "type": "Polygon", "coordinates": [[[109.05152290485978, 34.21377490014657], [109.05152290485978, 34.21359523708974], [109.05098391568932, 34.21359523708974], [109.05098391568932, 34.21341557403292], [109.05062458957566, 34.21341557403292], [109.05062458957566, 34.213235910976096], [109.05044492651884, 34.213235910976096], [109.05044492651884, 34.21305624791927], [109.05062458957566, 34.21305624791927], [109.05062458957566, 34.21287658486245], [109.05134324180295, 34.21287658486245], [109.05134324180295, 34.21305624791927], [109.0517025679166, 34.21305624791927], [109.0517025679166, 34.213235910976096], [109.05188223097343, 34.213235910976096], [109.05188223097343, 34.21377490014657], [109.05152290485978, 34.21377490014657]]]}, "properties": {"name": "cand72", "ptype": "hall", "confidence": "low", "rank": 72, "area_ha": 1.0, "rise_db": 5.5, "digitised_from": "Sentinel-1 VV rise 2022->2026, orbit 84"}}, {"type": "Feature", "geometry": {"geodesic": false, "type": "Polygon", "coordinates": [[[109.05421785071213, 34.23641244530638], [109.05421785071213, 34.23623278224955], [109.05403818765532, 34.23623278224955], [109.05403818765532, 34.235693793079086], [109.05511616599625, 34.235693793079086], [109.05511616599625, 34.23551413002226], [109.05529582905308, 34.23551413002226], [109.05529582905308, 34.235693793079086], [109.0554754921099, 34.235693793079086], [109.0554754921099, 34.23605311919273], [109.05529582905308, 34.23605311919273], [109.05529582905308, 34.23623278224955], [109.05439751376896, 34.23623278224955], [109.05439751376896, 34.23641244530638], [109.05421785071213, 34.23641244530638]]]}, "properties": {"name": "cand73", "ptype": "hall", "confidence": "low", "rank": 73, "area_ha": 1.0, "rise_db": 10.5, "digitised_from": "Sentinel-1 VV rise 2022->2026, orbit 84"}}]}