{"type": "FeatureCollection", "features": [{"type": "Feature", "geometry": {"geodesic": false, "type": "Polygon", "coordinates": [[[106.5285145978817, 38.23140017684271], [106.5285145978817, 38.23122051378589], [106.52761628259758, 38.23122051378589], [106.52761628259758, 38.23086118767225], [106.5277959456544, 38.23086118767225], [106.5277959456544, 38.23068152461542], [106.52815527176804, 38.23068152461542], [106.52815527176804, 38.23086118767225], [106.52869426093852, 38.23086118767225], [106.52869426093852, 38.230501861558594], [106.5285145978817, 38.230501861558594], [106.5285145978817, 38.230322198501774], [106.52815527176804, 38.230322198501774], [106.52815527176804, 38.23014253544495], [106.52797560871122, 38.23014253544495], [106.52797560871122, 38.22996287238812], [106.52761628259758, 38.22996287238812], [106.52761628259758, 38.2297832093313], [106.52743661954075, 38.2297832093313], [106.52743661954075, 38.229603546274475], [106.52725695648392, 38.229603546274475], [106.52725695648392, 38.22942388321765], [106.5270772934271, 38.22942388321765], [106.5270772934271, 38.22924422016083], [106.52689763037029, 38.22924422016083], [106.52689763037029, 38.22888489404718], [106.52725695648392, 38.22888489404718], [106.52725695648392, 38.22870523099036], [106.52743661954075, 38.22870523099036], [106.52743661954075, 38.22834590487671], [106.52761628259758, 38.22834590487671], [106.52761628259758, 38.22798657876306], [106.5277959456544, 38.22798657876306], [106.5277959456544, 38.22762725264941], [106.52761628259758, 38.22762725264941], [106.52761628259758, 38.227447589592586], [106.52743661954075, 38.227447589592586], [106.52743661954075, 38.22708826347894], [106.5277959456544, 38.22708826347894], [106.5277959456544, 38.226908600422114], [106.52797560871122, 38.226908600422114], [106.52797560871122, 38.226728937365294], [106.5277959456544, 38.226728937365294], [106.5277959456544, 38.22618994819482], [106.52797560871122, 38.22618994819482], [106.52797560871122, 38.225291632910704], [106.5277959456544, 38.225291632910704], [106.5277959456544, 38.22475264374023], [106.52761628259758, 38.22475264374023], [106.52761628259758, 38.224572980683405], [106.52689763037029, 38.224572980683405], [106.52689763037029, 38.22403399151293], [106.52617897814298, 38.22403399151293], [106.52617897814298, 38.22421365456976], [106.52599931508615, 38.22421365456976], [106.52599931508615, 38.224393317626586], [106.52563998897251, 38.224393317626586], [106.52563998897251, 38.22421365456976], [106.52546032591569, 38.22421365456976], [106.52546032591569, 38.22403399151293], [106.52528066285886, 38.22403399151293], [106.52528066285886, 38.22385432845611], [106.52510099980204, 38.22385432845611], [106.52510099980204, 38.22349500234246], [106.52492133674522, 38.22349500234246], [106.52492133674522, 38.22331533928564], [106.5247416736884, 38.22331533928564], [106.5247416736884, 38.223135676228814], [106.52492133674522, 38.223135676228814], [106.52492133674522, 38.22277635011517], [106.5247416736884, 38.22277635011517], [106.5247416736884, 38.22241702400152], [106.52492133674522, 38.22241702400152], [106.52492133674522, 38.221698371774224], [106.5247416736884, 38.221698371774224], [106.5247416736884, 38.2215187087174], [106.52438234757474, 38.2215187087174], [106.52438234757474, 38.22133904566058], [106.52420268451792, 38.22133904566058], [106.52420268451792, 38.22115938260375], [106.52438234757474, 38.22115938260375], [106.52438234757474, 38.22062039343328], [106.52420268451792, 38.22062039343328], [106.52420268451792, 38.22044073037646], [106.52384335840428, 38.22044073037646], [106.52384335840428, 38.22026106731963], [106.52402302146109, 38.22026106731963], [106.52402302146109, 38.219542415092334], [106.52420268451792, 38.219542415092334], [106.52420268451792, 38.219362752035515], [106.52438234757474, 38.219362752035515], [106.52438234757474, 38.21918308897869], [106.52456201063157, 38.21918308897869], [106.52456201063157, 38.21900342592186], [106.52510099980204, 38.21900342592186], [106.52510099980204, 38.21882376286504], [106.5315688698477, 38.21882376286504], [106.5315688698477, 38.21828477369457], [106.53192819596134, 38.21828477369457], [106.53192819596134, 38.21882376286504], [106.53210785901817, 38.21882376286504], [106.53210785901817, 38.21900342592186], [106.532287522075, 38.21900342592186], [106.532287522075, 38.21990174120599], [106.53282651124547, 38.21990174120599], [106.53282651124547, 38.219542415092334], [106.53336550041594, 38.219542415092334], [106.53336550041594, 38.21972207814916], [106.53354516347277, 38.21972207814916], [106.53354516347277, 38.21990174120599], [106.53372482652959, 38.21990174120599], [106.53372482652959, 38.22008140426281], [106.53444347875688, 38.22008140426281], [106.53444347875688, 38.21990174120599], [106.53462314181371, 38.21990174120599], [106.53462314181371, 38.21972207814916], [106.53480280487054, 38.21972207814916], [106.53480280487054, 38.219362752035515], [106.53498246792735, 38.219362752035515], [106.53498246792735, 38.21918308897869], [106.53516213098418, 38.21918308897869], [106.53516213098418, 38.219542415092334], [106.53498246792735, 38.219542415092334], [106.53498246792735, 38.21990174120599], [106.53516213098418, 38.21990174120599], [106.53516213098418, 38.22008140426281], [106.53749775072289, 38.22008140426281], [106.53749775072289, 38.21990174120599], [106.53713842460924, 38.21990174120599], [106.53713842460924, 38.21972207814916], [106.53731808766607, 38.21972207814916], [106.53731808766607, 38.219542415092334], [106.53767741377972, 38.219542415092334], [106.53767741377972, 38.21900342592186], [106.53785707683653, 38.21900342592186], [106.53785707683653, 38.21882376286504], [106.53821640295018, 38.21882376286504], [106.53821640295018, 38.21900342592186], [106.53839606600701, 38.21900342592186], [106.53839606600701, 38.219542415092334], [106.5391147182343, 38.219542415092334], [106.5391147182343, 38.21972207814916], [106.53929438129113, 38.21972207814916], [106.53929438129113, 38.21990174120599], [106.53965370740478, 38.21990174120599], [106.53965370740478, 38.219362752035515], [106.53947404434795, 38.219362752035515], [106.53947404434795, 38.21882376286504], [106.5398333704616, 38.21882376286504], [106.5398333704616, 38.218644099808216], [106.54019269657525, 38.218644099808216], [106.54019269657525, 38.21882376286504], [106.54037235963207, 38.21882376286504], [106.54037235963207, 38.21972207814916], [106.54073168574573, 38.21972207814916], [106.54073168574573, 38.219542415092334], [106.54163000102984, 38.219542415092334], [106.54163000102984, 38.219362752035515], [106.54198932714348, 38.219362752035515], [106.54198932714348, 38.21990174120599], [106.54234865325714, 38.21990174120599], [106.54234865325714, 38.219362752035515], [106.54216899020031, 38.219362752035515], [106.54216899020031, 38.21900342592186], [106.54163000102984, 38.21900342592186], [106.54163000102984, 38.21882376286504], [106.54145033797302, 38.21882376286504], [106.54145033797302, 38.218644099808216], [106.54252831631396, 38.218644099808216], [106.54252831631396, 38.21882376286504], [106.54270797937079, 38.21882376286504], [106.54270797937079, 38.21900342592186], [106.54306730548443, 38.21900342592186], [106.54306730548443, 38.21882376286504], [106.54324696854125, 38.21882376286504], [106.54324696854125, 38.21900342592186], [106.54342663159808, 38.21900342592186], [106.54342663159808, 38.21918308897869], [106.54378595771172, 38.21918308897869], [106.54378595771172, 38.21900342592186], [106.54396562076855, 38.21900342592186], [106.54396562076855, 38.21882376286504], [106.54450460993903, 38.21882376286504], [106.54450460993903, 38.21900342592186], [106.54486393605266, 38.21900342592186], [106.54486393605266, 38.21918308897869], [106.54504359910949, 38.21918308897869], [106.54504359910949, 38.219362752035515], [106.54486393605266, 38.219362752035515], [106.54486393605266, 38.219542415092334], [106.54468427299585, 38.219542415092334], [106.54468427299585, 38.21972207814916], [106.54450460993903, 38.21972207814916], [106.54450460993903, 38.21990174120599], [106.5443249468822, 38.21990174120599], [106.5443249468822, 38.22008140426281], [106.54450460993903, 38.22008140426281], [106.54450460993903, 38.22115938260375], [106.54486393605266, 38.22115938260375], [106.54486393605266, 38.22062039343328], [106.54504359910949, 38.22062039343328], [106.54504359910949, 38.22026106731963], [106.54522326216632, 38.22026106731963], [106.54522326216632, 38.22008140426281], [106.54540292522314, 38.22008140426281], [106.54540292522314, 38.21990174120599], [106.54558258827997, 38.21990174120599], [106.54558258827997, 38.21972207814916], [106.54612157745044, 38.21972207814916], [106.54612157745044, 38.22008140426281], [106.54594191439361, 38.22008140426281], [106.54594191439361, 38.22026106731963], [106.54576225133678, 38.22026106731963], [106.54576225133678, 38.22044073037646], [106.54558258827997, 38.22044073037646], [106.54558258827997, 38.22115938260375], [106.54504359910949, 38.22115938260375], [106.54504359910949, 38.221698371774224], [106.54486393605266, 38.221698371774224], [106.54486393605266, 38.22205769788787], [106.54504359910949, 38.22205769788787], [106.54504359910949, 38.222237360944696], [106.54522326216632, 38.222237360944696], [106.54522326216632, 38.22241702400152], [106.54540292522314, 38.22241702400152], [106.54540292522314, 38.22259668705834], [106.54558258827997, 38.22259668705834], [106.54558258827997, 38.2215187087174], [106.54630124050726, 38.2215187087174], [106.54630124050726, 38.22133904566058], [106.54666056662091, 38.22133904566058], [106.54666056662091, 38.22115938260375], [106.54684022967773, 38.22115938260375], [106.54684022967773, 38.220979719546925], [106.54666056662091, 38.220979719546925], [106.54666056662091, 38.22026106731963], [106.54701989273455, 38.22026106731963], [106.54701989273455, 38.22062039343328], [106.54719955579138, 38.22062039343328], [106.54719955579138, 38.2215187087174], [106.5473792188482, 38.2215187087174], [106.5473792188482, 38.221698371774224], [106.54755888190503, 38.221698371774224], [106.54755888190503, 38.2215187087174], [106.54773854496185, 38.2215187087174], [106.54773854496185, 38.22133904566058], [106.54791820801867, 38.22133904566058], [106.54791820801867, 38.220800056490106], [106.54773854496185, 38.220800056490106], [106.54773854496185, 38.22044073037646], [106.54791820801867, 38.22044073037646], [106.54791820801867, 38.22008140426281], [106.5480978710755, 38.22008140426281], [106.5480978710755, 38.21972207814916], [106.54791820801867, 38.21972207814916], [106.54791820801867, 38.219542415092334], [106.5473792188482, 38.219542415092334], [106.5473792188482, 38.21972207814916], [106.54719955579138, 38.21972207814916], [106.54719955579138, 38.21990174120599], [106.54684022967773, 38.21990174120599], [106.54684022967773, 38.21972207814916], [106.54666056662091, 38.21972207814916], [106.54666056662091, 38.21900342592186], [106.54684022967773, 38.21900342592186], [106.54684022967773, 38.21882376286504], [106.5473792188482, 38.21882376286504], [106.5473792188482, 38.21900342592186], [106.54791820801867, 38.21900342592186], [106.54791820801867, 38.21882376286504], [106.5480978710755, 38.21882376286504], [106.5480978710755, 38.218644099808216], [106.54971483858691, 38.218644099808216], [106.54971483858691, 38.21882376286504], [106.55025382775739, 38.21882376286504], [106.55025382775739, 38.218644099808216], [106.55043349081421, 38.218644099808216], [106.55043349081421, 38.21882376286504], [106.5511521430415, 38.21882376286504], [106.5511521430415, 38.21900342592186], [106.55133180609833, 38.21900342592186], [106.55133180609833, 38.21918308897869], [106.5511521430415, 38.21918308897869], [106.5511521430415, 38.219362752035515], [106.55133180609833, 38.219362752035515], [106.55133180609833, 38.219542415092334], [106.5511521430415, 38.219542415092334], [106.5511521430415, 38.22026106731963], [106.55097247998468, 38.22026106731963], [106.55097247998468, 38.22062039343328], [106.55079281692785, 38.22062039343328], [106.55079281692785, 38.220800056490106], [106.55061315387104, 38.220800056490106], [106.55061315387104, 38.220979719546925], [106.55043349081421, 38.220979719546925], [106.55043349081421, 38.2215187087174], [106.55025382775739, 38.2215187087174], [106.55025382775739, 38.221698371774224], [106.55007416470056, 38.221698371774224], [106.55007416470056, 38.22205769788787], [106.55025382775739, 38.22205769788787], [106.55025382775739, 38.222237360944696], [106.55007416470056, 38.222237360944696], [106.55007416470056, 38.22241702400152], [106.54989450164373, 38.22241702400152], [106.54989450164373, 38.22277635011517], [106.54971483858691, 38.22277635011517], [106.54971483858691, 38.223135676228814], [106.54935551247327, 38.223135676228814], [106.54935551247327, 38.22331533928564], [106.54863686024598, 38.22331533928564], [106.54863686024598, 38.22385432845611], [106.54827753413232, 38.22385432845611], [106.54827753413232, 38.22421365456976], [106.54935551247327, 38.22421365456976], [106.54935551247327, 38.224572980683405], [106.54917584941644, 38.224572980683405], [106.54917584941644, 38.22493230679705], [106.54899618635962, 38.22493230679705], [106.54899618635962, 38.22511196985388], [106.54881652330279, 38.22511196985388], [106.54881652330279, 38.22547129596752], [106.54863686024598, 38.22547129596752], [106.54863686024598, 38.225830622081176], [106.54845719718915, 38.225830622081176], [106.54845719718915, 38.226010285137995], [106.54827753413232, 38.226010285137995], [106.54827753413232, 38.22636961125165], [106.5480978710755, 38.22636961125165], [106.5480978710755, 38.226728937365294], [106.54791820801867, 38.226728937365294], [106.54791820801867, 38.226908600422114], [106.54773854496185, 38.226908600422114], [106.54773854496185, 38.22726792653577], [106.54755888190503, 38.22726792653577], [106.54755888190503, 38.22762725264941], [106.5473792188482, 38.22762725264941], [106.5473792188482, 38.22780691570624], [106.54719955579138, 38.22780691570624], [106.54719955579138, 38.22798657876306], [106.54701989273455, 38.22798657876306], [106.54701989273455, 38.22834590487671], [106.54684022967773, 38.22834590487671], [106.54684022967773, 38.22852556793353], [106.54666056662091, 38.22852556793353], [106.54666056662091, 38.22888489404718], [106.54648090356409, 38.22888489404718], [106.54648090356409, 38.229064557104], [106.54630124050726, 38.229064557104], [106.54630124050726, 38.22924422016083], [106.54612157745044, 38.22924422016083], [106.54612157745044, 38.22942388321765], [106.54594191439361, 38.22942388321765], [106.54594191439361, 38.2297832093313], [106.54576225133678, 38.2297832093313], [106.54576225133678, 38.22996287238812], [106.54540292522314, 38.22996287238812], [106.54540292522314, 38.230501861558594], [106.54522326216632, 38.230501861558594], [106.54522326216632, 38.230322198501774], [106.54504359910949, 38.230322198501774], [106.54504359910949, 38.23014253544495], [106.54522326216632, 38.23014253544495], [106.54522326216632, 38.2297832093313], [106.54540292522314, 38.2297832093313], [106.54540292522314, 38.229603546274475], [106.54558258827997, 38.229603546274475], [106.54558258827997, 38.22942388321765], [106.54576225133678, 38.22942388321765], [106.54576225133678, 38.22924422016083], [106.54594191439361, 38.22924422016083], [106.54594191439361, 38.229064557104], [106.54612157745044, 38.229064557104], [106.54612157745044, 38.22870523099036], [106.54594191439361, 38.22870523099036], [106.54594191439361, 38.22798657876306], [106.54540292522314, 38.22798657876306], [106.54540292522314, 38.228166241819885], [106.54504359910949, 38.228166241819885], [106.54504359910949, 38.22798657876306], [106.54414528382537, 38.22798657876306], [106.54414528382537, 38.22780691570624], [106.54342663159808, 38.22780691570624], [106.54342663159808, 38.22762725264941], [106.54306730548443, 38.22762725264941], [106.54306730548443, 38.227447589592586], [106.5428876424276, 38.227447589592586], [106.5428876424276, 38.22726792653577], [106.54270797937079, 38.22726792653577], [106.54270797937079, 38.22708826347894], [106.54216899020031, 38.22708826347894], [106.54216899020031, 38.226908600422114], [106.54198932714348, 38.226908600422114], [106.54198932714348, 38.22708826347894], [106.54180966408666, 38.22708826347894], [106.54180966408666, 38.22762725264941], [106.54198932714348, 38.22762725264941], [106.54198932714348, 38.22798657876306], [106.54234865325714, 38.22798657876306], [106.54234865325714, 38.22834590487671], [106.54252831631396, 38.22834590487671], [106.54252831631396, 38.22852556793353], [106.54324696854125, 38.22852556793353], [106.54324696854125, 38.22870523099036], [106.54342663159808, 38.22870523099036], [106.54342663159808, 38.22888489404718], [106.5443249468822, 38.22888489404718], [106.5443249468822, 38.229064557104], [106.54450460993903, 38.229064557104], [106.54450460993903, 38.22924422016083], [106.54468427299585, 38.22924422016083], [106.54468427299585, 38.22942388321765], [106.54486393605266, 38.22942388321765], [106.54486393605266, 38.22996287238812], [106.54468427299585, 38.22996287238812], [106.54468427299585, 38.23014253544495], [106.54414528382537, 38.23014253544495], [106.54414528382537, 38.2297832093313], [106.54216899020031, 38.2297832093313], [106.54216899020031, 38.22996287238812], [106.54198932714348, 38.22996287238812], [106.54198932714348, 38.230322198501774], [106.54180966408666, 38.230322198501774], [106.54180966408666, 38.230501861558594], [106.54145033797302, 38.230501861558594], [106.54145033797302, 38.230322198501774], [106.54073168574573, 38.230322198501774], [106.54073168574573, 38.22996287238812], [106.54091134880254, 38.22996287238812], [106.54091134880254, 38.2297832093313], [106.54109101185936, 38.2297832093313], [106.54109101185936, 38.229603546274475], [106.54127067491619, 38.229603546274475], [106.54127067491619, 38.22888489404718], [106.54109101185936, 38.22888489404718], [106.54109101185936, 38.229064557104], [106.54091134880254, 38.229064557104], [106.54091134880254, 38.22942388321765], [106.5405520226889, 38.22942388321765], [106.5405520226889, 38.229603546274475], [106.54001303351842, 38.229603546274475], [106.54001303351842, 38.22996287238812], [106.54019269657525, 38.22996287238812], [106.54019269657525, 38.230322198501774], [106.5398333704616, 38.230322198501774], [106.5398333704616, 38.23014253544495], [106.53965370740478, 38.23014253544495], [106.53965370740478, 38.22996287238812], [106.53947404434795, 38.22996287238812], [106.53947404434795, 38.229603546274475], [106.53803673989336, 38.229603546274475], [106.53803673989336, 38.229064557104], [106.53821640295018, 38.229064557104], [106.53821640295018, 38.22888489404718], [106.53839606600701, 38.22888489404718], [106.53839606600701, 38.22870523099036], [106.53857572906384, 38.22870523099036], [106.53857572906384, 38.22834590487671], [106.53839606600701, 38.22834590487671], [106.53839606600701, 38.228166241819885], [106.53821640295018, 38.228166241819885], [106.53821640295018, 38.22780691570624], [106.53803673989336, 38.22780691570624], [106.53803673989336, 38.227447589592586], [106.53785707683653, 38.227447589592586], [106.53785707683653, 38.22708826347894], [106.53803673989336, 38.22708826347894], [106.53803673989336, 38.22636961125165], [106.53857572906384, 38.22636961125165], [106.53857572906384, 38.22618994819482], [106.53875539212066, 38.22618994819482], [106.53875539212066, 38.225830622081176], [106.5391147182343, 38.225830622081176], [106.5391147182343, 38.22565095902435], [106.53947404434795, 38.22565095902435], [106.53947404434795, 38.22511196985388], [106.53929438129113, 38.22511196985388], [106.53929438129113, 38.22475264374023], [106.5391147182343, 38.22475264374023], [106.5391147182343, 38.22367466539929], [106.53857572906384, 38.22367466539929], [106.53857572906384, 38.22385432845611], [106.53839606600701, 38.22385432845611], [106.53839606600701, 38.22367466539929], [106.53821640295018, 38.22367466539929], [106.53821640295018, 38.22385432845611], [106.53785707683653, 38.22385432845611], [106.53785707683653, 38.22403399151293], [106.53767741377972, 38.22403399151293], [106.53767741377972, 38.22421365456976], [106.53695876155241, 38.22421365456976], [106.53695876155241, 38.224393317626586], [106.5367790984956, 38.224393317626586], [106.5367790984956, 38.224572980683405], [106.53695876155241, 38.224572980683405], [106.53695876155241, 38.22475264374023], [106.5367790984956, 38.22475264374023], [106.5367790984956, 38.22493230679705], [106.53659943543877, 38.22493230679705], [106.53659943543877, 38.22475264374023], [106.53641977238195, 38.22475264374023], [106.53641977238195, 38.224572980683405], [106.53659943543877, 38.224572980683405], [106.53659943543877, 38.22403399151293], [106.53641977238195, 38.22403399151293], [106.53641977238195, 38.22385432845611], [106.53731808766607, 38.22385432845611], [106.53731808766607, 38.22349500234246], [106.53552145709783, 38.22349500234246], [106.53552145709783, 38.22367466539929], [106.53516213098418, 38.22367466539929], [106.53516213098418, 38.22349500234246], [106.53480280487054, 38.22349500234246], [106.53480280487054, 38.223135676228814], [106.53516213098418, 38.223135676228814], [106.53516213098418, 38.22295601317199], [106.53552145709783, 38.22295601317199], [106.53552145709783, 38.222237360944696], [106.53570112015466, 38.222237360944696], [106.53570112015466, 38.22187803483105], [106.53588078321147, 38.22187803483105], [106.53588078321147, 38.221698371774224], [106.5360604462683, 38.221698371774224], [106.5360604462683, 38.22187803483105], [106.53624010932512, 38.22187803483105], [106.53624010932512, 38.222237360944696], [106.5360604462683, 38.222237360944696], [106.5360604462683, 38.22241702400152], [106.53659943543877, 38.22241702400152], [106.53659943543877, 38.222237360944696], [106.53641977238195, 38.222237360944696], [106.53641977238195, 38.22187803483105], [106.53659943543877, 38.22187803483105], [106.53659943543877, 38.221698371774224], [106.5367790984956, 38.221698371774224], [106.5367790984956, 38.2215187087174], [106.53695876155241, 38.2215187087174], [106.53695876155241, 38.22133904566058], [106.53713842460924, 38.22133904566058], [106.53713842460924, 38.22115938260375], [106.53803673989336, 38.22115938260375], [106.53803673989336, 38.22133904566058], [106.53785707683653, 38.22133904566058], [106.53785707683653, 38.2215187087174], [106.53731808766607, 38.2215187087174], [106.53731808766607, 38.221698371774224], [106.53713842460924, 38.221698371774224], [106.53713842460924, 38.22205769788787], [106.53695876155241, 38.22205769788787], [106.53695876155241, 38.22259668705834], [106.53713842460924, 38.22259668705834], [106.53713842460924, 38.22277635011517], [106.53749775072289, 38.22277635011517], [106.53749775072289, 38.223135676228814], [106.53785707683653, 38.223135676228814], [106.53785707683653, 38.22331533928564], [106.53821640295018, 38.22331533928564], [106.53821640295018, 38.223135676228814], [106.53839606600701, 38.223135676228814], [106.53839606600701, 38.22295601317199], [106.53821640295018, 38.22295601317199], [106.53821640295018, 38.22259668705834], [106.53803673989336, 38.22259668705834], [106.53803673989336, 38.22241702400152], [106.53821640295018, 38.22241702400152], [106.53821640295018, 38.222237360944696], [106.53857572906384, 38.222237360944696], [106.53857572906384, 38.2215187087174], [106.53875539212066, 38.2215187087174], [106.53875539212066, 38.22115938260375], [106.53857572906384, 38.22115938260375], [106.53857572906384, 38.220979719546925], [106.53839606600701, 38.220979719546925], [106.53839606600701, 38.220800056490106], [106.53767741377972, 38.220800056490106], [106.53767741377972, 38.22062039343328], [106.53641977238195, 38.22062039343328], [106.53641977238195, 38.220979719546925], [106.53624010932512, 38.220979719546925], [106.53624010932512, 38.22115938260375], [106.5360604462683, 38.22115938260375], [106.5360604462683, 38.22133904566058], [106.53588078321147, 38.22133904566058], [106.53588078321147, 38.22115938260375], [106.53570112015466, 38.22115938260375], [106.53570112015466, 38.22062039343328], [106.53552145709783, 38.22062039343328], [106.53552145709783, 38.22044073037646], [106.535341794041, 38.22044073037646], [106.535341794041, 38.22062039343328], [106.53516213098418, 38.22062039343328], [106.53516213098418, 38.220800056490106], [106.53480280487054, 38.220800056490106], [106.53480280487054, 38.22115938260375], [106.53444347875688, 38.22115938260375], [106.53444347875688, 38.22133904566058], [106.5339044895864, 38.22133904566058], [106.5339044895864, 38.22115938260375], [106.53426381570006, 38.22115938260375], [106.53426381570006, 38.220979719546925], [106.53408415264323, 38.220979719546925], [106.53408415264323, 38.220800056490106], [106.53426381570006, 38.220800056490106], [106.53426381570006, 38.22062039343328], [106.53408415264323, 38.22062039343328], [106.53408415264323, 38.22044073037646], [106.53318583735911, 38.22044073037646], [106.53318583735911, 38.220800056490106], [106.53300617430229, 38.220800056490106], [106.53300617430229, 38.220979719546925], [106.53336550041594, 38.220979719546925], [106.53336550041594, 38.22115938260375], [106.53372482652959, 38.22115938260375], [106.53372482652959, 38.22133904566058], [106.53354516347277, 38.22133904566058], [106.53354516347277, 38.2215187087174], [106.53372482652959, 38.2215187087174], [106.53372482652959, 38.22205769788787], [106.53336550041594, 38.22205769788787], [106.53336550041594, 38.22187803483105], [106.53300617430229, 38.22187803483105], [106.53300617430229, 38.22133904566058], [106.53318583735911, 38.22133904566058], [106.53318583735911, 38.22115938260375], [106.53300617430229, 38.22115938260375], [106.53300617430229, 38.220979719546925], [106.53282651124547, 38.220979719546925], [106.53282651124547, 38.220800056490106], [106.53264684818865, 38.220800056490106], [106.53264684818865, 38.22044073037646], [106.53192819596134, 38.22044073037646], [106.53192819596134, 38.220979719546925], [106.53174853290453, 38.220979719546925], [106.53174853290453, 38.22115938260375], [106.5315688698477, 38.22115938260375], [106.5315688698477, 38.2215187087174], [106.53174853290453, 38.2215187087174], [106.53174853290453, 38.22205769788787], [106.5315688698477, 38.22205769788787], [106.5315688698477, 38.222237360944696], [106.53174853290453, 38.222237360944696], [106.53174853290453, 38.22295601317199], [106.53210785901817, 38.22295601317199], [106.53210785901817, 38.22241702400152], [106.532287522075, 38.22241702400152], [106.532287522075, 38.22205769788787], [106.53264684818865, 38.22205769788787], [106.53264684818865, 38.222237360944696], [106.53282651124547, 38.222237360944696], [106.53282651124547, 38.22295601317199], [106.53264684818865, 38.22295601317199], [106.53264684818865, 38.22331533928564], [106.53246718513182, 38.22331533928564], [106.53246718513182, 38.22367466539929], [106.532287522075, 38.22367466539929], [106.532287522075, 38.22385432845611], [106.53210785901817, 38.22385432845611], [106.53210785901817, 38.22421365456976], [106.53192819596134, 38.22421365456976], [106.53192819596134, 38.224393317626586], [106.53210785901817, 38.224393317626586], [106.53210785901817, 38.22475264374023], [106.532287522075, 38.22475264374023], [106.532287522075, 38.22511196985388], [106.53174853290453, 38.22511196985388], [106.53174853290453, 38.22385432845611], [106.53085021762041, 38.22385432845611], [106.53085021762041, 38.22367466539929], [106.53049089150676, 38.22367466539929], [106.53049089150676, 38.22385432845611], [106.53031122844993, 38.22385432845611], [106.53031122844993, 38.224393317626586], [106.53120954373405, 38.224393317626586], [106.53120954373405, 38.22475264374023], [106.53085021762041, 38.22475264374023], [106.53085021762041, 38.22493230679705], [106.53031122844993, 38.22493230679705], [106.53031122844993, 38.22511196985388], [106.5301315653931, 38.22511196985388], [106.5301315653931, 38.22565095902435], [106.53049089150676, 38.22565095902435], [106.53049089150676, 38.22547129596752], [106.53120954373405, 38.22547129596752], [106.53120954373405, 38.22565095902435], [106.53138920679088, 38.22565095902435], [106.53138920679088, 38.225830622081176], [106.5315688698477, 38.225830622081176], [106.5315688698477, 38.22618994819482], [106.53174853290453, 38.22618994819482], [106.53174853290453, 38.22654927430847], [106.5315688698477, 38.22654927430847], [106.5315688698477, 38.226908600422114], [106.53174853290453, 38.226908600422114], [106.53174853290453, 38.22708826347894], [106.5315688698477, 38.22708826347894], [106.5315688698477, 38.22726792653577], [106.53138920679088, 38.22726792653577], [106.53138920679088, 38.227447589592586], [106.53102988067722, 38.227447589592586], [106.53102988067722, 38.22780691570624], [106.53085021762041, 38.22780691570624], [106.53085021762041, 38.22798657876306], [106.53049089150676, 38.22798657876306], [106.53049089150676, 38.22780691570624], [106.5301315653931, 38.22780691570624], [106.5301315653931, 38.22798657876306], [106.52995190233628, 38.22798657876306], [106.52995190233628, 38.228166241819885], [106.5301315653931, 38.228166241819885], [106.5301315653931, 38.22834590487671], [106.53085021762041, 38.22834590487671], [106.53085021762041, 38.229603546274475], [106.53067055456359, 38.229603546274475], [106.53067055456359, 38.22996287238812], [106.53085021762041, 38.22996287238812], [106.53085021762041, 38.23086118767225], [106.53067055456359, 38.23086118767225], [106.53067055456359, 38.23122051378589], [106.53031122844993, 38.23122051378589], [106.53031122844993, 38.23140017684271], [106.5285145978817, 38.23140017684271]], [[106.52923325010899, 38.22008140426281], [106.52905358705216, 38.22008140426281], [106.52905358705216, 38.21990174120599], [106.52923325010899, 38.21990174120599], [106.52923325010899, 38.22008140426281]], [[106.52959257622264, 38.22026106731963], [106.52941291316581, 38.22026106731963], [106.52941291316581, 38.22008140426281], [106.52959257622264, 38.22008140426281], [106.52959257622264, 38.22026106731963]], [[106.53138920679088, 38.22026106731963], [106.53120954373405, 38.22026106731963], [106.53120954373405, 38.22008140426281], [106.53138920679088, 38.22008140426281], [106.53138920679088, 38.22026106731963]], [[106.52689763037029, 38.22044073037646], [106.52671796731346, 38.22044073037646], [106.52671796731346, 38.21990174120599], [106.52725695648392, 38.21990174120599], [106.52725695648392, 38.22008140426281], [106.5270772934271, 38.22008140426281], [106.5270772934271, 38.22026106731963], [106.52689763037029, 38.22026106731963], [106.52689763037029, 38.22044073037646]], [[106.54396562076855, 38.22062039343328], [106.54342663159808, 38.22062039343328], [106.54342663159808, 38.22044073037646], [106.54360629465491, 38.22044073037646], [106.54360629465491, 38.22026106731963], [106.54342663159808, 38.22026106731963], [106.54342663159808, 38.21990174120599], [106.54324696854125, 38.21990174120599], [106.54324696854125, 38.22008140426281], [106.54306730548443, 38.22008140426281], [106.54306730548443, 38.21990174120599], [106.5428876424276, 38.21990174120599], [106.5428876424276, 38.21972207814916], [106.54306730548443, 38.21972207814916], [106.54306730548443, 38.219542415092334], [106.54396562076855, 38.219542415092334], [106.54396562076855, 38.21972207814916], [106.54414528382537, 38.21972207814916], [106.54414528382537, 38.21990174120599], [106.54396562076855, 38.21990174120599], [106.54396562076855, 38.22008140426281], [106.54378595771172, 38.22008140426281], [106.54378595771172, 38.22044073037646], [106.54396562076855, 38.22044073037646], [106.54396562076855, 38.22062039343328]], [[106.52815527176804, 38.220800056490106], [106.5277959456544, 38.220800056490106], [106.5277959456544, 38.22044073037646], [106.52815527176804, 38.22044073037646], [106.52815527176804, 38.220800056490106]], [[106.54306730548443, 38.220800056490106], [106.54270797937079, 38.220800056490106], [106.54270797937079, 38.22062039343328], [106.54234865325714, 38.22062039343328], [106.54234865325714, 38.220800056490106], [106.54198932714348, 38.220800056490106], [106.54198932714348, 38.22044073037646], [106.54270797937079, 38.22044073037646], [106.54270797937079, 38.22008140426281], [106.5428876424276, 38.22008140426281], [106.5428876424276, 38.22026106731963], [106.54306730548443, 38.22026106731963], [106.54306730548443, 38.220800056490106]], [[106.5263586411998, 38.22115938260375], [106.52617897814298, 38.22115938260375], [106.52617897814298, 38.220979719546925], [106.5263586411998, 38.220979719546925], [106.5263586411998, 38.22115938260375]], [[106.53102988067722, 38.221698371774224], [106.53067055456359, 38.221698371774224], [106.53067055456359, 38.2215187087174], [106.53031122844993, 38.2215187087174], [106.53031122844993, 38.22133904566058], [106.5301315653931, 38.22133904566058], [106.5301315653931, 38.2215187087174], [106.52995190233628, 38.2215187087174], [106.52995190233628, 38.221698371774224], [106.52941291316581, 38.221698371774224], [106.52941291316581, 38.2215187087174], [106.52923325010899, 38.2215187087174], [106.52923325010899, 38.22115938260375], [106.52995190233628, 38.22115938260375], [106.52995190233628, 38.220979719546925], [106.53067055456359, 38.220979719546925], [106.53067055456359, 38.22115938260375], [106.53120954373405, 38.22115938260375], [106.53120954373405, 38.2215187087174], [106.53102988067722, 38.2215187087174], [106.53102988067722, 38.221698371774224]], [[106.54091134880254, 38.221698371774224], [106.54073168574573, 38.221698371774224], [106.54073168574573, 38.2215187087174], [106.54091134880254, 38.2215187087174], [106.54091134880254, 38.221698371774224]], [[106.5443249468822, 38.22241702400152], [106.54414528382537, 38.22241702400152], [106.54414528382537, 38.222237360944696], [106.54378595771172, 38.222237360944696], [106.54378595771172, 38.22241702400152], [106.54324696854125, 38.22241702400152], [106.54324696854125, 38.221698371774224], [106.54342663159808, 38.221698371774224], [106.54342663159808, 38.22133904566058], [106.54396562076855, 38.22133904566058], [106.54396562076855, 38.2215187087174], [106.54378595771172, 38.2215187087174], [106.54378595771172, 38.221698371774224], [106.54450460993903, 38.221698371774224], [106.54450460993903, 38.222237360944696], [106.5443249468822, 38.222237360944696], [106.5443249468822, 38.22241702400152]], [[106.54019269657525, 38.22277635011517], [106.54001303351842, 38.22277635011517], [106.54001303351842, 38.22259668705834], [106.5398333704616, 38.22259668705834], [106.5398333704616, 38.22241702400152], [106.54001303351842, 38.22241702400152], [106.54001303351842, 38.222237360944696], [106.54019269657525, 38.222237360944696], [106.54019269657525, 38.22241702400152], [106.54037235963207, 38.22241702400152], [106.54037235963207, 38.22259668705834], [106.54019269657525, 38.22259668705834], [106.54019269657525, 38.22277635011517]], [[106.54109101185936, 38.223135676228814], [106.54073168574573, 38.223135676228814], [106.54073168574573, 38.22277635011517], [106.54109101185936, 38.22277635011517], [106.54109101185936, 38.223135676228814]], [[106.5285145978817, 38.22349500234246], [106.52653830425663, 38.22349500234246], [106.52653830425663, 38.22331533928564], [106.52581965202934, 38.22331533928564], [106.52581965202934, 38.223135676228814], [106.5285145978817, 38.223135676228814], [106.5285145978817, 38.22349500234246]], [[106.53785707683653, 38.22385432845611], [106.53767741377972, 38.22385432845611], [106.53767741377972, 38.22367466539929], [106.53785707683653, 38.22367466539929], [106.53785707683653, 38.22385432845611]], [[106.54180966408666, 38.22403399151293], [106.54145033797302, 38.22403399151293], [106.54145033797302, 38.22385432845611], [106.54180966408666, 38.22385432845611], [106.54180966408666, 38.22403399151293]], [[106.5405520226889, 38.22475264374023], [106.54037235963207, 38.22475264374023], [106.54037235963207, 38.224572980683405], [106.54019269657525, 38.224572980683405], [106.54019269657525, 38.22403399151293], [106.54037235963207, 38.22403399151293], [106.54037235963207, 38.22421365456976], [106.5405520226889, 38.22421365456976], [106.5405520226889, 38.224393317626586], [106.54073168574573, 38.224393317626586], [106.54073168574573, 38.224572980683405], [106.5405520226889, 38.224572980683405], [106.5405520226889, 38.22475264374023]], [[106.54612157745044, 38.22493230679705], [106.54540292522314, 38.22493230679705], [106.54540292522314, 38.224393317626586], [106.54468427299585, 38.224393317626586], [106.54468427299585, 38.224572980683405], [106.54450460993903, 38.224572980683405], [106.54450460993903, 38.22475264374023], [106.54414528382537, 38.22475264374023], [106.54414528382537, 38.224572980683405], [106.54396562076855, 38.224572980683405], [106.54396562076855, 38.224393317626586], [106.54360629465491, 38.224393317626586], [106.54360629465491, 38.22421365456976], [106.5428876424276, 38.22421365456976], [106.5428876424276, 38.22403399151293], [106.54306730548443, 38.22403399151293], [106.54306730548443, 38.22385432845611], [106.54342663159808, 38.22385432845611], [106.54342663159808, 38.22367466539929], [106.54360629465491, 38.22367466539929], [106.54360629465491, 38.22385432845611], [106.54378595771172, 38.22385432845611], [106.54378595771172, 38.22421365456976], [106.5443249468822, 38.22421365456976], [106.5443249468822, 38.22403399151293], [106.54450460993903, 38.22403399151293], [106.54450460993903, 38.22385432845611], [106.54540292522314, 38.22385432845611], [106.54540292522314, 38.22367466539929], [106.54576225133678, 38.22367466539929], [106.54576225133678, 38.22385432845611], [106.54630124050726, 38.22385432845611], [106.54630124050726, 38.22421365456976], [106.54648090356409, 38.22421365456976], [106.54648090356409, 38.22403399151293], [106.54684022967773, 38.22403399151293], [106.54684022967773, 38.22385432845611], [106.54666056662091, 38.22385432845611], [106.54666056662091, 38.22367466539929], [106.54684022967773, 38.22367466539929], [106.54684022967773, 38.22349500234246], [106.54666056662091, 38.22349500234246], [106.54666056662091, 38.22331533928564], [106.54684022967773, 38.22331533928564], [106.54684022967773, 38.223135676228814], [106.54701989273455, 38.223135676228814], [106.54701989273455, 38.22331533928564], [106.54719955579138, 38.22331533928564], [106.54719955579138, 38.22367466539929], [106.5473792188482, 38.22367466539929], [106.5473792188482, 38.22403399151293], [106.54719955579138, 38.22403399151293], [106.54719955579138, 38.22421365456976], [106.54684022967773, 38.22421365456976], [106.54684022967773, 38.224572980683405], [106.54612157745044, 38.224572980683405], [106.54612157745044, 38.22493230679705]], [[106.52905358705216, 38.22547129596752], [106.52869426093852, 38.22547129596752], [106.52869426093852, 38.22511196985388], [106.52905358705216, 38.22511196985388], [106.52905358705216, 38.22547129596752]], [[106.54648090356409, 38.22636961125165], [106.54630124050726, 38.22636961125165], [106.54630124050726, 38.22618994819482], [106.54612157745044, 38.22618994819482], [106.54612157745044, 38.226010285137995], [106.54630124050726, 38.226010285137995], [106.54630124050726, 38.225830622081176], [106.54648090356409, 38.225830622081176], [106.54648090356409, 38.226010285137995], [106.54666056662091, 38.226010285137995], [106.54666056662091, 38.22618994819482], [106.54648090356409, 38.22618994819482], [106.54648090356409, 38.22636961125165]], [[106.54360629465491, 38.226908600422114], [106.54342663159808, 38.226908600422114], [106.54342663159808, 38.226728937365294], [106.54360629465491, 38.226728937365294], [106.54360629465491, 38.226908600422114]], [[106.54540292522314, 38.22726792653577], [106.54504359910949, 38.22726792653577], [106.54504359910949, 38.22708826347894], [106.54486393605266, 38.22708826347894], [106.54486393605266, 38.226908600422114], [106.54504359910949, 38.226908600422114], [106.54504359910949, 38.226728937365294], [106.54540292522314, 38.226728937365294], [106.54540292522314, 38.226908600422114], [106.54576225133678, 38.226908600422114], [106.54576225133678, 38.22708826347894], [106.54540292522314, 38.22708826347894], [106.54540292522314, 38.22726792653577]], [[106.54719955579138, 38.22726792653577], [106.54701989273455, 38.22726792653577], [106.54701989273455, 38.22708826347894], [106.54719955579138, 38.22708826347894], [106.54719955579138, 38.22726792653577]], [[106.53049089150676, 38.227447589592586], [106.52977223927947, 38.227447589592586], [106.52977223927947, 38.22726792653577], [106.52905358705216, 38.22726792653577], [106.52905358705216, 38.22708826347894], [106.5285145978817, 38.22708826347894], [106.5285145978817, 38.226908600422114], [106.52833493482487, 38.226908600422114], [106.52833493482487, 38.226728937365294], [106.5285145978817, 38.226728937365294], [106.5285145978817, 38.22636961125165], [106.53067055456359, 38.22636961125165], [106.53067055456359, 38.22654927430847], [106.53085021762041, 38.22654927430847], [106.53085021762041, 38.22726792653577], [106.53049089150676, 38.22726792653577], [106.53049089150676, 38.227447589592586]], [[106.5443249468822, 38.227447589592586], [106.54414528382537, 38.227447589592586], [106.54414528382537, 38.22726792653577], [106.54396562076855, 38.22726792653577], [106.54396562076855, 38.22708826347894], [106.54378595771172, 38.22708826347894], [106.54378595771172, 38.22654927430847], [106.54396562076855, 38.22654927430847], [106.54396562076855, 38.226728937365294], [106.54450460993903, 38.226728937365294], [106.54450460993903, 38.22726792653577], [106.5443249468822, 38.22726792653577], [106.5443249468822, 38.227447589592586]], [[106.54648090356409, 38.22762725264941], [106.54630124050726, 38.22762725264941], [106.54630124050726, 38.227447589592586], [106.54648090356409, 38.227447589592586], [106.54648090356409, 38.22762725264941]], [[106.52905358705216, 38.22852556793353], [106.52887392399535, 38.22852556793353], [106.52887392399535, 38.228166241819885], [106.52869426093852, 38.228166241819885], [106.52869426093852, 38.22780691570624], [106.52905358705216, 38.22780691570624], [106.52905358705216, 38.22798657876306], [106.52923325010899, 38.22798657876306], [106.52923325010899, 38.228166241819885], [106.52905358705216, 38.228166241819885], [106.52905358705216, 38.22852556793353]], [[106.53965370740478, 38.229064557104], [106.53929438129113, 38.229064557104], [106.53929438129113, 38.22888489404718], [106.5391147182343, 38.22888489404718], [106.5391147182343, 38.22852556793353], [106.53893505517748, 38.22852556793353], [106.53893505517748, 38.22780691570624], [106.5391147182343, 38.22780691570624], [106.5391147182343, 38.22762725264941], [106.53929438129113, 38.22762725264941], [106.53929438129113, 38.227447589592586], [106.53947404434795, 38.227447589592586], [106.53947404434795, 38.22726792653577], [106.5398333704616, 38.22726792653577], [106.5398333704616, 38.227447589592586], [106.54001303351842, 38.227447589592586], [106.54001303351842, 38.22726792653577], [106.54019269657525, 38.22726792653577], [106.54019269657525, 38.22708826347894], [106.54001303351842, 38.22708826347894], [106.54001303351842, 38.226908600422114], [106.5398333704616, 38.226908600422114], [106.5398333704616, 38.22654927430847], [106.53965370740478, 38.22654927430847], [106.53965370740478, 38.22618994819482], [106.5398333704616, 38.22618994819482], [106.5398333704616, 38.226010285137995], [106.54019269657525, 38.226010285137995], [106.54019269657525, 38.22618994819482], [106.54037235963207, 38.22618994819482], [106.54037235963207, 38.22654927430847], [106.5405520226889, 38.22654927430847], [106.5405520226889, 38.22726792653577], [106.54073168574573, 38.22726792653577], [106.54073168574573, 38.227447589592586], [106.54109101185936, 38.227447589592586], [106.54109101185936, 38.22762725264941], [106.54127067491619, 38.22762725264941], [106.54127067491619, 38.22834590487671], [106.54109101185936, 38.22834590487671], [106.54109101185936, 38.22870523099036], [106.5398333704616, 38.22870523099036], [106.5398333704616, 38.22888489404718], [106.53965370740478, 38.22888489404718], [106.53965370740478, 38.229064557104]]]}, "properties": {"name": "cand01", "ptype": "hall", "confidence": "low", "rank": 1, "area_ha": 199.8, "rise_db": 9.7, "digitised_from": "Sentinel-1 VV rise 2022->2026, orbit 84"}}, {"type": "Feature", "geometry": {"geodesic": false, "type": "Polygon", "coordinates": [[[106.51324323805166, 38.21756612146727], [106.51324323805166, 38.217206795353626], [106.51252458582437, 38.217206795353626], [106.51252458582437, 38.21666780618315], [106.51270424888119, 38.21666780618315], [106.51270424888119, 38.216488143126334], [106.51234492276754, 38.216488143126334], [106.51234492276754, 38.21666780618315], [106.5119855966539, 38.21666780618315], [106.5119855966539, 38.216488143126334], [106.51180593359707, 38.216488143126334], [106.51180593359707, 38.21612881701268], [106.51162627054025, 38.21612881701268], [106.51162627054025, 38.215769490899035], [106.51144660748342, 38.215769490899035], [106.51144660748342, 38.21523050172856], [106.5112669444266, 38.21523050172856], [106.5112669444266, 38.215050838671736], [106.51108728136978, 38.215050838671736], [106.51108728136978, 38.21541016478539], [106.51090761831296, 38.21541016478539], [106.51090761831296, 38.21523050172856], [106.5105482921993, 38.21523050172856], [106.5105482921993, 38.215050838671736], [106.51036862914248, 38.215050838671736], [106.51036862914248, 38.21487117561492], [106.51090761831296, 38.21487117561492], [106.51090761831296, 38.215050838671736], [106.51108728136978, 38.215050838671736], [106.51108728136978, 38.21487117561492], [106.5112669444266, 38.21487117561492], [106.5112669444266, 38.21469151255809], [106.51108728136978, 38.21469151255809], [106.51108728136978, 38.21415252338762], [106.51072795525613, 38.21415252338762], [106.51072795525613, 38.21379319727397], [106.5105482921993, 38.21379319727397], [106.5105482921993, 38.21415252338762], [106.51018896608565, 38.21415252338762], [106.51018896608565, 38.21379319727397], [106.5105482921993, 38.21379319727397], [106.5105482921993, 38.2132542081035], [106.51036862914248, 38.2132542081035], [106.51036862914248, 38.21253555587621], [106.51018896608565, 38.21253555587621], [106.51018896608565, 38.212894881989854], [106.50964997691518, 38.212894881989854], [106.50964997691518, 38.21253555587621], [106.50947031385836, 38.21253555587621], [106.50947031385836, 38.21235589281938], [106.50964997691518, 38.21235589281938], [106.50964997691518, 38.212176229762555], [106.50982963997201, 38.212176229762555], [106.50982963997201, 38.21127791447844], [106.50964997691518, 38.21127791447844], [106.50964997691518, 38.21091858836479], [106.50947031385836, 38.21091858836479], [106.50947031385836, 38.21019993613749], [106.50929065080153, 38.21019993613749], [106.50929065080153, 38.21002027308067], [106.50947031385836, 38.21002027308067], [106.50947031385836, 38.209840610023846], [106.50964997691518, 38.209840610023846], [106.50964997691518, 38.20966094696702], [106.51000930302884, 38.20966094696702], [106.51000930302884, 38.209301620853374], [106.50982963997201, 38.209301620853374], [106.50982963997201, 38.2094812839102], [106.50947031385836, 38.2094812839102], [106.50947031385836, 38.20966094696702], [106.50911098774472, 38.20966094696702], [106.50911098774472, 38.209301620853374], [106.5089313246879, 38.209301620853374], [106.5089313246879, 38.20912195779655], [106.50947031385836, 38.20912195779655], [106.50947031385836, 38.2087626316829], [106.50929065080153, 38.2087626316829], [106.50929065080153, 38.208403305569256], [106.50947031385836, 38.208403305569256], [106.50947031385836, 38.20858296862608], [106.50964997691518, 38.20858296862608], [106.50964997691518, 38.20822364251243], [106.50929065080153, 38.20822364251243], [106.50929065080153, 38.20804397945561], [106.50964997691518, 38.20804397945561], [106.50964997691518, 38.20822364251243], [106.50982963997201, 38.20822364251243], [106.50982963997201, 38.20768465334196], [106.51000930302884, 38.20768465334196], [106.51000930302884, 38.20750499028514], [106.50982963997201, 38.20750499028514], [106.50982963997201, 38.20732532722831], [106.51000930302884, 38.20732532722831], [106.51000930302884, 38.207145664171485], [106.50982963997201, 38.207145664171485], [106.50982963997201, 38.206966001114665], [106.50964997691518, 38.206966001114665], [106.50964997691518, 38.20732532722831], [106.50947031385836, 38.20732532722831], [106.50947031385836, 38.20750499028514], [106.50929065080153, 38.20750499028514], [106.50929065080153, 38.20768465334196], [106.50964997691518, 38.20768465334196], [106.50964997691518, 38.20786431639878], [106.50911098774472, 38.20786431639878], [106.50911098774472, 38.20822364251243], [106.50875166163107, 38.20822364251243], [106.50875166163107, 38.20804397945561], [106.50839233551741, 38.20804397945561], [106.50839233551741, 38.20768465334196], [106.50857199857424, 38.20768465334196], [106.50857199857424, 38.20750499028514], [106.50875166163107, 38.20750499028514], [106.50875166163107, 38.20768465334196], [106.5089313246879, 38.20768465334196], [106.5089313246879, 38.20786431639878], [106.50911098774472, 38.20786431639878], [106.50911098774472, 38.207145664171485], [106.5089313246879, 38.207145664171485], [106.5089313246879, 38.206966001114665], [106.50875166163107, 38.206966001114665], [106.50875166163107, 38.20732532722831], [106.50821267246059, 38.20732532722831], [106.50821267246059, 38.206966001114665], [106.50803300940377, 38.206966001114665], [106.50803300940377, 38.20678633805784], [106.50821267246059, 38.20678633805784], [106.50821267246059, 38.20660667500102], [106.50839233551741, 38.20660667500102], [106.50839233551741, 38.20678633805784], [106.50857199857424, 38.20678633805784], [106.50857199857424, 38.206966001114665], [106.50875166163107, 38.206966001114665], [106.50875166163107, 38.20678633805784], [106.50911098774472, 38.20678633805784], [106.50911098774472, 38.20660667500102], [106.5105482921993, 38.20660667500102], [106.5105482921993, 38.20678633805784], [106.51072795525613, 38.20678633805784], [106.51072795525613, 38.207145664171485], [106.51108728136978, 38.207145664171485], [106.51108728136978, 38.20732532722831], [106.5112669444266, 38.20732532722831], [106.5112669444266, 38.20678633805784], [106.5119855966539, 38.20678633805784], [106.5119855966539, 38.20660667500102], [106.51234492276754, 38.20660667500102], [106.51234492276754, 38.207145664171485], [106.51252458582437, 38.207145664171485], [106.51252458582437, 38.20768465334196], [106.51270424888119, 38.20768465334196], [106.51270424888119, 38.20822364251243], [106.51180593359707, 38.20822364251243], [106.51180593359707, 38.208403305569256], [106.51144660748342, 38.208403305569256], [106.51144660748342, 38.2087626316829], [106.51108728136978, 38.2087626316829], [106.51108728136978, 38.20858296862608], [106.51072795525613, 38.20858296862608], [106.51072795525613, 38.2087626316829], [106.51036862914248, 38.2087626316829], [106.51036862914248, 38.2094812839102], [106.51072795525613, 38.2094812839102], [106.51072795525613, 38.209301620853374], [106.51162627054025, 38.209301620853374], [106.51162627054025, 38.20912195779655], [106.51216525971071, 38.20912195779655], [106.51216525971071, 38.20894229473973], [106.51306357499485, 38.20894229473973], [106.51306357499485, 38.2087626316829], [106.51360256416531, 38.2087626316829], [106.51360256416531, 38.20858296862608], [106.51378222722214, 38.20858296862608], [106.51378222722214, 38.208403305569256], [106.51342290110848, 38.208403305569256], [106.51342290110848, 38.20786431639878], [106.51360256416531, 38.20786431639878], [106.51360256416531, 38.20822364251243], [106.51414155333578, 38.20822364251243], [106.51414155333578, 38.20786431639878], [106.51378222722214, 38.20786431639878], [106.51378222722214, 38.20768465334196], [106.51360256416531, 38.20768465334196], [106.51360256416531, 38.20750499028514], [106.51324323805166, 38.20750499028514], [106.51324323805166, 38.20732532722831], [106.51342290110848, 38.20732532722831], [106.51342290110848, 38.20678633805784], [106.51378222722214, 38.20678633805784], [106.51378222722214, 38.207145664171485], [106.5143212163926, 38.207145664171485], [106.5143212163926, 38.20732532722831], [106.51450087944943, 38.20732532722831], [106.51450087944943, 38.207145664171485], [106.51468054250626, 38.207145664171485], [106.51468054250626, 38.206966001114665], [106.51521953167672, 38.206966001114665], [106.51521953167672, 38.20678633805784], [106.51539919473355, 38.20678633805784], [106.51539919473355, 38.20660667500102], [106.51611784696084, 38.20660667500102], [106.51611784696084, 38.20678633805784], [106.51647717307449, 38.20678633805784], [106.51647717307449, 38.20660667500102], [106.51719582530178, 38.20660667500102], [106.51719582530178, 38.20642701194419], [106.51773481447226, 38.20642701194419], [106.51773481447226, 38.206966001114665], [106.51791447752909, 38.206966001114665], [106.51791447752909, 38.207145664171485], [106.5180941405859, 38.207145664171485], [106.5180941405859, 38.20732532722831], [106.51791447752909, 38.20732532722831], [106.51791447752909, 38.20750499028514], [106.51773481447226, 38.20750499028514], [106.51773481447226, 38.20768465334196], [106.51791447752909, 38.20768465334196], [106.51791447752909, 38.20822364251243], [106.51773481447226, 38.20822364251243], [106.51773481447226, 38.20804397945561], [106.51755515141544, 38.20804397945561], [106.51755515141544, 38.20858296862608], [106.51791447752909, 38.20858296862608], [106.51791447752909, 38.2087626316829], [106.51773481447226, 38.2087626316829], [106.51773481447226, 38.20894229473973], [106.51755515141544, 38.20894229473973], [106.51755515141544, 38.20912195779655], [106.51737548835861, 38.20912195779655], [106.51737548835861, 38.209301620853374], [106.5180941405859, 38.209301620853374], [106.5180941405859, 38.20966094696702], [106.51827380364273, 38.20966094696702], [106.51827380364273, 38.21002027308067], [106.51791447752909, 38.21002027308067], [106.51791447752909, 38.21019993613749], [106.51827380364273, 38.21019993613749], [106.51827380364273, 38.210738925307965], [106.51773481447226, 38.210738925307965], [106.51773481447226, 38.21109825142161], [106.51719582530178, 38.21109825142161], [106.51719582530178, 38.21127791447844], [106.51737548835861, 38.21127791447844], [106.51737548835861, 38.21145757753526], [106.51791447752909, 38.21145757753526], [106.51791447752909, 38.21181690364891], [106.5180941405859, 38.21181690364891], [106.5180941405859, 38.212176229762555], [106.51773481447226, 38.212176229762555], [106.51773481447226, 38.21235589281938], [106.51791447752909, 38.21235589281938], [106.51791447752909, 38.21253555587621], [106.5180941405859, 38.21253555587621], [106.5180941405859, 38.21235589281938], [106.51827380364273, 38.21235589281938], [106.51827380364273, 38.21181690364891], [106.51863312975638, 38.21181690364891], [106.51863312975638, 38.21235589281938], [106.5195314450405, 38.21235589281938], [106.5195314450405, 38.21253555587621], [106.51935178198367, 38.21253555587621], [106.51935178198367, 38.21271521893303], [106.51917211892685, 38.21271521893303], [106.51917211892685, 38.212894881989854], [106.51845346669955, 38.212894881989854], [106.51845346669955, 38.21271521893303], [106.51827380364273, 38.21271521893303], [106.51827380364273, 38.21307454504667], [106.51737548835861, 38.21307454504667], [106.51737548835861, 38.2132542081035], [106.51647717307449, 38.2132542081035], [106.51647717307449, 38.213433871160326], [106.51557885779037, 38.213433871160326], [106.51557885779037, 38.213613534217146], [106.51539919473355, 38.213613534217146], [106.51539919473355, 38.21379319727397], [106.51521953167672, 38.21379319727397], [106.51521953167672, 38.2139728603308], [106.51539919473355, 38.2139728603308], [106.51539919473355, 38.21415252338762], [106.51557885779037, 38.21415252338762], [106.51557885779037, 38.214332186444445], [106.5157585208472, 38.214332186444445], [106.5157585208472, 38.21415252338762], [106.51593818390403, 38.21415252338762], [106.51593818390403, 38.21379319727397], [106.51647717307449, 38.21379319727397], [106.51647717307449, 38.2139728603308], [106.51665683613132, 38.2139728603308], [106.51665683613132, 38.21379319727397], [106.51683649918814, 38.21379319727397], [106.51683649918814, 38.213613534217146], [106.51737548835861, 38.213613534217146], [106.51737548835861, 38.21379319727397], [106.5180941405859, 38.21379319727397], [106.5180941405859, 38.213433871160326], [106.51845346669955, 38.213433871160326], [106.51845346669955, 38.2132542081035], [106.51881279281321, 38.2132542081035], [106.51881279281321, 38.21307454504667], [106.51935178198367, 38.21307454504667], [106.51935178198367, 38.2132542081035], [106.5195314450405, 38.2132542081035], [106.5195314450405, 38.213433871160326], [106.51971110809733, 38.213433871160326], [106.51971110809733, 38.213613534217146], [106.5195314450405, 38.213613534217146], [106.5195314450405, 38.21415252338762], [106.51971110809733, 38.21415252338762], [106.51971110809733, 38.21469151255809], [106.51989077115415, 38.21469151255809], [106.51989077115415, 38.21487117561492], [106.51971110809733, 38.21487117561492], [106.51971110809733, 38.215050838671736], [106.52007043421096, 38.215050838671736], [106.52007043421096, 38.21523050172856], [106.52025009726779, 38.21523050172856], [106.52025009726779, 38.21541016478539], [106.51989077115415, 38.21541016478539], [106.51989077115415, 38.215769490899035], [106.51917211892685, 38.215769490899035], [106.51917211892685, 38.21558982784221], [106.51899245587003, 38.21558982784221], [106.51899245587003, 38.21594915395586], [106.51845346669955, 38.21594915395586], [106.51845346669955, 38.21612881701268], [106.51827380364273, 38.21612881701268], [106.51827380364273, 38.21630848006951], [106.51881279281321, 38.21630848006951], [106.51881279281321, 38.21684746923998], [106.51827380364273, 38.21684746923998], [106.51827380364273, 38.216488143126334], [106.51791447752909, 38.216488143126334], [106.51791447752909, 38.21666780618315], [106.5180941405859, 38.21666780618315], [106.5180941405859, 38.2170271322968], [106.51665683613132, 38.2170271322968], [106.51665683613132, 38.21684746923998], [106.51647717307449, 38.21684746923998], [106.51647717307449, 38.2170271322968], [106.51629751001767, 38.2170271322968], [106.51629751001767, 38.21666780618315], [106.51611784696084, 38.21666780618315], [106.51611784696084, 38.21684746923998], [106.51593818390403, 38.21684746923998], [106.51593818390403, 38.21666780618315], [106.5157585208472, 38.21666780618315], [106.5157585208472, 38.216488143126334], [106.51557885779037, 38.216488143126334], [106.51557885779037, 38.21666780618315], [106.51521953167672, 38.21666780618315], [106.51521953167672, 38.21684746923998], [106.51486020556308, 38.21684746923998], [106.51486020556308, 38.21666780618315], [106.51468054250626, 38.21666780618315], [106.51468054250626, 38.216488143126334], [106.51486020556308, 38.216488143126334], [106.51486020556308, 38.21630848006951], [106.51521953167672, 38.21630848006951], [106.51521953167672, 38.21612881701268], [106.51557885779037, 38.21612881701268], [106.51557885779037, 38.21594915395586], [106.51521953167672, 38.21594915395586], [106.51521953167672, 38.215769490899035], [106.51503986861991, 38.215769490899035], [106.51503986861991, 38.21541016478539], [106.51486020556308, 38.21541016478539], [106.51486020556308, 38.215050838671736], [106.51468054250626, 38.215050838671736], [106.51468054250626, 38.21451184950127], [106.51450087944943, 38.21451184950127], [106.51450087944943, 38.214332186444445], [106.5143212163926, 38.214332186444445], [106.5143212163926, 38.21415252338762], [106.51414155333578, 38.21415252338762], [106.51414155333578, 38.2139728603308], [106.51396189027896, 38.2139728603308], [106.51396189027896, 38.21415252338762], [106.51378222722214, 38.21415252338762], [106.51378222722214, 38.21451184950127], [106.51396189027896, 38.21451184950127], [106.51396189027896, 38.21523050172856], [106.51414155333578, 38.21523050172856], [106.51414155333578, 38.215769490899035], [106.5143212163926, 38.215769490899035], [106.5143212163926, 38.21630848006951], [106.51414155333578, 38.21630848006951], [106.51414155333578, 38.21612881701268], [106.51396189027896, 38.21612881701268], [106.51396189027896, 38.216488143126334], [106.51450087944943, 38.216488143126334], [106.51450087944943, 38.21666780618315], [106.51414155333578, 38.21666780618315], [106.51414155333578, 38.21684746923998], [106.5143212163926, 38.21684746923998], [106.5143212163926, 38.217206795353626], [106.51468054250626, 38.217206795353626], [106.51468054250626, 38.2170271322968], [106.51486020556308, 38.2170271322968], [106.51486020556308, 38.21738645841045], [106.51414155333578, 38.21738645841045], [106.51414155333578, 38.217206795353626], [106.51342290110848, 38.217206795353626], [106.51342290110848, 38.21756612146727], [106.51324323805166, 38.21756612146727]], [[106.5105482921993, 38.20750499028514], [106.51036862914248, 38.20750499028514], [106.51036862914248, 38.20732532722831], [106.5105482921993, 38.20732532722831], [106.5105482921993, 38.20750499028514]], [[106.51162627054025, 38.20750499028514], [106.5112669444266, 38.20750499028514], [106.5112669444266, 38.20732532722831], [106.51162627054025, 38.20732532722831], [106.51162627054025, 38.20750499028514]], [[106.51216525971071, 38.20750499028514], [106.5119855966539, 38.20750499028514], [106.5119855966539, 38.20732532722831], [106.51216525971071, 38.20732532722831], [106.51216525971071, 38.20750499028514]], [[106.51180593359707, 38.20804397945561], [106.51162627054025, 38.20804397945561], [106.51162627054025, 38.20750499028514], [106.5119855966539, 38.20750499028514], [106.5119855966539, 38.20786431639878], [106.51180593359707, 38.20786431639878], [106.51180593359707, 38.20804397945561]], [[106.51018896608565, 38.20822364251243], [106.51000930302884, 38.20822364251243], [106.51000930302884, 38.20804397945561], [106.51018896608565, 38.20804397945561], [106.51018896608565, 38.20822364251243]], [[106.51090761831296, 38.20822364251243], [106.51072795525613, 38.20822364251243], [106.51072795525613, 38.20768465334196], [106.51108728136978, 38.20768465334196], [106.51108728136978, 38.20750499028514], [106.5112669444266, 38.20750499028514], [106.5112669444266, 38.20804397945561], [106.51108728136978, 38.20804397945561], [106.51108728136978, 38.20786431639878], [106.51090761831296, 38.20786431639878], [106.51090761831296, 38.20822364251243]], [[106.51144660748342, 38.20822364251243], [106.5112669444266, 38.20822364251243], [106.5112669444266, 38.20804397945561], [106.51144660748342, 38.20804397945561], [106.51144660748342, 38.20822364251243]], [[106.51755515141544, 38.206966001114665], [106.51737548835861, 38.206966001114665], [106.51737548835861, 38.20678633805784], [106.51755515141544, 38.20678633805784], [106.51755515141544, 38.206966001114665]], [[106.51378222722214, 38.20732532722831], [106.51360256416531, 38.20732532722831], [106.51360256416531, 38.207145664171485], [106.51378222722214, 38.207145664171485], [106.51378222722214, 38.20732532722831]], [[106.5157585208472, 38.20732532722831], [106.51557885779037, 38.20732532722831], [106.51557885779037, 38.206966001114665], [106.5157585208472, 38.206966001114665], [106.5157585208472, 38.20732532722831]], [[106.51396189027896, 38.20750499028514], [106.51378222722214, 38.20750499028514], [106.51378222722214, 38.20732532722831], [106.51396189027896, 38.20732532722831], [106.51396189027896, 38.20750499028514]], [[106.51468054250626, 38.20750499028514], [106.51450087944943, 38.20750499028514], [106.51450087944943, 38.20732532722831], [106.51468054250626, 38.20732532722831], [106.51468054250626, 38.20750499028514]], [[106.51737548835861, 38.20750499028514], [106.51719582530178, 38.20750499028514], [106.51719582530178, 38.20732532722831], [106.51665683613132, 38.20732532722831], [106.51665683613132, 38.207145664171485], [106.51683649918814, 38.207145664171485], [106.51683649918814, 38.206966001114665], [106.51737548835861, 38.206966001114665], [106.51737548835861, 38.20750499028514]], [[106.51486020556308, 38.20786431639878], [106.51468054250626, 38.20786431639878], [106.51468054250626, 38.20750499028514], [106.51486020556308, 38.20750499028514], [106.51486020556308, 38.20786431639878]], [[106.51719582530178, 38.2087626316829], [106.51647717307449, 38.2087626316829], [106.51647717307449, 38.20858296862608], [106.51701616224497, 38.20858296862608], [106.51701616224497, 38.208403305569256], [106.51719582530178, 38.208403305569256], [106.51719582530178, 38.2087626316829]], [[106.51611784696084, 38.20894229473973], [106.51593818390403, 38.20894229473973], [106.51593818390403, 38.20822364251243], [106.51539919473355, 38.20822364251243], [106.51539919473355, 38.20804397945561], [106.5157585208472, 38.20804397945561], [106.5157585208472, 38.20750499028514], [106.51593818390403, 38.20750499028514], [106.51593818390403, 38.20804397945561], [106.51629751001767, 38.20804397945561], [106.51629751001767, 38.20786431639878], [106.51683649918814, 38.20786431639878], [106.51683649918814, 38.20768465334196], [106.51755515141544, 38.20768465334196], [106.51755515141544, 38.20804397945561], [106.51701616224497, 38.20804397945561], [106.51701616224497, 38.20822364251243], [106.51629751001767, 38.20822364251243], [106.51629751001767, 38.208403305569256], [106.51611784696084, 38.208403305569256], [106.51611784696084, 38.20894229473973]], [[106.51611784696084, 38.209301620853374], [106.51593818390403, 38.209301620853374], [106.51593818390403, 38.20912195779655], [106.51611784696084, 38.20912195779655], [106.51611784696084, 38.209301620853374]], [[106.51701616224497, 38.2094812839102], [106.51683649918814, 38.2094812839102], [106.51683649918814, 38.209301620853374], [106.51701616224497, 38.209301620853374], [106.51701616224497, 38.2094812839102]], [[106.51629751001767, 38.20966094696702], [106.51611784696084, 38.20966094696702], [106.51611784696084, 38.2094812839102], [106.51629751001767, 38.2094812839102], [106.51629751001767, 38.20966094696702]], [[106.51719582530178, 38.209840610023846], [106.51701616224497, 38.209840610023846], [106.51701616224497, 38.20966094696702], [106.51719582530178, 38.20966094696702], [106.51719582530178, 38.209840610023846]], [[106.51414155333578, 38.21019993613749], [106.51396189027896, 38.21019993613749], [106.51396189027896, 38.21002027308067], [106.51414155333578, 38.21002027308067], [106.51414155333578, 38.21019993613749]], [[106.51647717307449, 38.21019993613749], [106.51629751001767, 38.21019993613749], [106.51629751001767, 38.21002027308067], [106.51647717307449, 38.21002027308067], [106.51647717307449, 38.21019993613749]], [[106.51018896608565, 38.21037959919432], [106.51000930302884, 38.21037959919432], [106.51000930302884, 38.21002027308067], [106.51018896608565, 38.21002027308067], [106.51018896608565, 38.21037959919432]], [[106.51036862914248, 38.210559262251145], [106.51018896608565, 38.210559262251145], [106.51018896608565, 38.21037959919432], [106.51036862914248, 38.21037959919432], [106.51036862914248, 38.210559262251145]], [[106.51647717307449, 38.210738925307965], [106.51629751001767, 38.210738925307965], [106.51629751001767, 38.210559262251145], [106.51647717307449, 38.210559262251145], [106.51647717307449, 38.210738925307965]], [[106.51773481447226, 38.210738925307965], [106.51719582530178, 38.210738925307965], [106.51719582530178, 38.210559262251145], [106.51737548835861, 38.210559262251145], [106.51737548835861, 38.21019993613749], [106.51791447752909, 38.21019993613749], [106.51791447752909, 38.21037959919432], [106.51755515141544, 38.21037959919432], [106.51755515141544, 38.210559262251145], [106.51773481447226, 38.210559262251145], [106.51773481447226, 38.210738925307965]], [[106.51665683613132, 38.21091858836479], [106.51647717307449, 38.21091858836479], [106.51647717307449, 38.210738925307965], [106.51665683613132, 38.210738925307965], [106.51665683613132, 38.21091858836479]], [[106.51216525971071, 38.21127791447844], [106.51180593359707, 38.21127791447844], [106.51180593359707, 38.21109825142161], [106.51162627054025, 38.21109825142161], [106.51162627054025, 38.210559262251145], [106.51144660748342, 38.210559262251145], [106.51144660748342, 38.21002027308067], [106.5112669444266, 38.21002027308067], [106.5112669444266, 38.2094812839102], [106.51162627054025, 38.2094812839102], [106.51162627054025, 38.21037959919432], [106.51180593359707, 38.21037959919432], [106.51180593359707, 38.210738925307965], [106.5119855966539, 38.210738925307965], [106.5119855966539, 38.21109825142161], [106.51216525971071, 38.21109825142161], [106.51216525971071, 38.21127791447844]], [[106.51701616224497, 38.21163724059208], [106.51683649918814, 38.21163724059208], [106.51683649918814, 38.21145757753526], [106.51701616224497, 38.21145757753526], [106.51701616224497, 38.21163724059208]], [[106.51845346669955, 38.21253555587621], [106.51827380364273, 38.21253555587621], [106.51827380364273, 38.21235589281938], [106.51845346669955, 38.21235589281938], [106.51845346669955, 38.21253555587621]], [[106.51737548835861, 38.212894881989854], [106.51701616224497, 38.212894881989854], [106.51701616224497, 38.21271521893303], [106.51737548835861, 38.21271521893303], [106.51737548835861, 38.212894881989854]], [[106.51144660748342, 38.21307454504667], [106.5112669444266, 38.21307454504667], [106.5112669444266, 38.212894881989854], [106.51144660748342, 38.212894881989854], [106.51144660748342, 38.21307454504667]], [[106.51665683613132, 38.21307454504667], [106.51629751001767, 38.21307454504667], [106.51629751001767, 38.212894881989854], [106.51665683613132, 38.212894881989854], [106.51665683613132, 38.21307454504667]], [[106.51270424888119, 38.213433871160326], [106.51252458582437, 38.213433871160326], [106.51252458582437, 38.21307454504667], [106.51234492276754, 38.21307454504667], [106.51234492276754, 38.21235589281938], [106.51216525971071, 38.21235589281938], [106.51216525971071, 38.211996566705736], [106.5119855966539, 38.211996566705736], [106.5119855966539, 38.21181690364891], [106.51234492276754, 38.21181690364891], [106.51234492276754, 38.212176229762555], [106.51252458582437, 38.212176229762555], [106.51252458582437, 38.21253555587621], [106.51270424888119, 38.21253555587621], [106.51270424888119, 38.213433871160326]], [[106.51396189027896, 38.213613534217146], [106.51360256416531, 38.213613534217146], [106.51360256416531, 38.213433871160326], [106.51396189027896, 38.213433871160326], [106.51396189027896, 38.213613534217146]], [[106.51162627054025, 38.21415252338762], [106.5112669444266, 38.21415252338762], [106.5112669444266, 38.2139728603308], [106.51162627054025, 38.2139728603308], [106.51162627054025, 38.21415252338762]], [[106.51486020556308, 38.214332186444445], [106.51450087944943, 38.214332186444445], [106.51450087944943, 38.21415252338762], [106.5143212163926, 38.21415252338762], [106.5143212163926, 38.2139728603308], [106.51450087944943, 38.2139728603308], [106.51450087944943, 38.21379319727397], [106.51468054250626, 38.21379319727397], [106.51468054250626, 38.2139728603308], [106.51486020556308, 38.2139728603308], [106.51486020556308, 38.214332186444445]], [[106.51827380364273, 38.21451184950127], [106.5180941405859, 38.21451184950127], [106.5180941405859, 38.214332186444445], [106.51827380364273, 38.214332186444445], [106.51827380364273, 38.21451184950127]], [[106.51503986861991, 38.21469151255809], [106.51486020556308, 38.21469151255809], [106.51486020556308, 38.21451184950127], [106.51503986861991, 38.21451184950127], [106.51503986861991, 38.21469151255809]], [[106.51234492276754, 38.215050838671736], [106.51180593359707, 38.215050838671736], [106.51180593359707, 38.21451184950127], [106.51216525971071, 38.21451184950127], [106.51216525971071, 38.214332186444445], [106.51252458582437, 38.214332186444445], [106.51252458582437, 38.21487117561492], [106.51234492276754, 38.21487117561492], [106.51234492276754, 38.215050838671736]], [[106.51360256416531, 38.215050838671736], [106.51342290110848, 38.215050838671736], [106.51342290110848, 38.21469151255809], [106.51324323805166, 38.21469151255809], [106.51324323805166, 38.21451184950127], [106.51306357499485, 38.21451184950127], [106.51306357499485, 38.21469151255809], [106.51288391193802, 38.21469151255809], [106.51288391193802, 38.21451184950127], [106.51270424888119, 38.21451184950127], [106.51270424888119, 38.21415252338762], [106.51306357499485, 38.21415252338762], [106.51306357499485, 38.214332186444445], [106.51342290110848, 38.214332186444445], [106.51342290110848, 38.21451184950127], [106.51360256416531, 38.21451184950127], [106.51360256416531, 38.215050838671736]], [[106.51521953167672, 38.215050838671736], [106.51503986861991, 38.215050838671736], [106.51503986861991, 38.21487117561492], [106.51521953167672, 38.21487117561492], [106.51521953167672, 38.215050838671736]], [[106.51845346669955, 38.21541016478539], [106.51827380364273, 38.21541016478539], [106.51827380364273, 38.21523050172856], [106.51845346669955, 38.21523050172856], [106.51845346669955, 38.21541016478539]], [[106.51917211892685, 38.21541016478539], [106.51881279281321, 38.21541016478539], [106.51881279281321, 38.21523050172856], [106.51917211892685, 38.21523050172856], [106.51917211892685, 38.21541016478539]], [[106.51288391193802, 38.21558982784221], [106.51270424888119, 38.21558982784221], [106.51270424888119, 38.21541016478539], [106.51288391193802, 38.21541016478539], [106.51288391193802, 38.21558982784221]], [[106.51557885779037, 38.215769490899035], [106.51539919473355, 38.215769490899035], [106.51539919473355, 38.21558982784221], [106.51557885779037, 38.21558982784221], [106.51557885779037, 38.215769490899035]], [[106.51396189027896, 38.21594915395586], [106.51360256416531, 38.21594915395586], [106.51360256416531, 38.21541016478539], [106.51342290110848, 38.21541016478539], [106.51342290110848, 38.21523050172856], [106.51378222722214, 38.21523050172856], [106.51378222722214, 38.215769490899035], [106.51396189027896, 38.215769490899035], [106.51396189027896, 38.21594915395586]], [[106.51629751001767, 38.21612881701268], [106.51611784696084, 38.21612881701268], [106.51611784696084, 38.21594915395586], [106.51629751001767, 38.21594915395586], [106.51629751001767, 38.21612881701268]], [[106.51773481447226, 38.21612881701268], [106.51737548835861, 38.21612881701268], [106.51737548835861, 38.21594915395586], [106.51719582530178, 38.21594915395586], [106.51719582530178, 38.215769490899035], [106.51755515141544, 38.215769490899035], [106.51755515141544, 38.21594915395586], [106.51773481447226, 38.21594915395586], [106.51773481447226, 38.21612881701268]], [[106.5180941405859, 38.21630848006951], [106.51791447752909, 38.21630848006951], [106.51791447752909, 38.21612881701268], [106.5180941405859, 38.21612881701268], [106.5180941405859, 38.21630848006951]], [[106.51324323805166, 38.216488143126334], [106.51288391193802, 38.216488143126334], [106.51288391193802, 38.21612881701268], [106.51252458582437, 38.21612881701268], [106.51252458582437, 38.21630848006951], [106.51234492276754, 38.21630848006951], [106.51234492276754, 38.21612881701268], [106.51216525971071, 38.21612881701268], [106.51216525971071, 38.21594915395586], [106.5119855966539, 38.21594915395586], [106.5119855966539, 38.21558982784221], [106.51216525971071, 38.21558982784221], [106.51216525971071, 38.21541016478539], [106.5119855966539, 38.21541016478539], [106.5119855966539, 38.21523050172856], [106.51234492276754, 38.21523050172856], [106.51234492276754, 38.21558982784221], [106.51270424888119, 38.21558982784221], [106.51270424888119, 38.215769490899035], [106.51288391193802, 38.215769490899035], [106.51288391193802, 38.21558982784221], [106.51306357499485, 38.21558982784221], [106.51306357499485, 38.21630848006951], [106.51324323805166, 38.21630848006951], [106.51324323805166, 38.216488143126334]], [[106.51665683613132, 38.21666780618315], [106.51629751001767, 38.21666780618315], [106.51629751001767, 38.216488143126334], [106.51665683613132, 38.216488143126334], [106.51665683613132, 38.21666780618315]], [[106.51414155333578, 38.2170271322968], [106.51396189027896, 38.2170271322968], [106.51396189027896, 38.21684746923998], [106.51414155333578, 38.21684746923998], [106.51414155333578, 38.2170271322968]]]}, "properties": {"name": "cand02", "ptype": "hall", "confidence": "low", "rank": 2, "area_ha": 89.0, "rise_db": 11.3, "digitised_from": "Sentinel-1 VV rise 2022->2026, orbit 84"}}, {"type": "Feature", "geometry": {"geodesic": false, "type": "Polygon", "coordinates": [[[106.5301315653931, 38.21487117561492], [106.5301315653931, 38.21469151255809], [106.53031122844993, 38.21469151255809], [106.53031122844993, 38.21451184950127], [106.52941291316581, 38.21451184950127], [106.52941291316581, 38.214332186444445], [106.52923325010899, 38.214332186444445], [106.52923325010899, 38.2139728603308], [106.52905358705216, 38.2139728603308], [106.52905358705216, 38.21379319727397], [106.52887392399535, 38.21379319727397], [106.52887392399535, 38.2132542081035], [106.52905358705216, 38.2132542081035], [106.52905358705216, 38.21307454504667], [106.52923325010899, 38.21307454504667], [106.52923325010899, 38.212894881989854], [106.52977223927947, 38.212894881989854], [106.52977223927947, 38.21271521893303], [106.52959257622264, 38.21271521893303], [106.52959257622264, 38.212176229762555], [106.52905358705216, 38.212176229762555], [106.52905358705216, 38.21235589281938], [106.52887392399535, 38.21235589281938], [106.52887392399535, 38.21253555587621], [106.5285145978817, 38.21253555587621], [106.5285145978817, 38.21235589281938], [106.52833493482487, 38.21235589281938], [106.52833493482487, 38.21163724059208], [106.52815527176804, 38.21163724059208], [106.52815527176804, 38.21145757753526], [106.52797560871122, 38.21145757753526], [106.52797560871122, 38.21127791447844], [106.52815527176804, 38.21127791447844], [106.52815527176804, 38.21091858836479], [106.5277959456544, 38.21091858836479], [106.5277959456544, 38.21019993613749], [106.52797560871122, 38.21019993613749], [106.52797560871122, 38.21002027308067], [106.52761628259758, 38.21002027308067], [106.52761628259758, 38.209840610023846], [106.52743661954075, 38.209840610023846], [106.52743661954075, 38.20966094696702], [106.52725695648392, 38.20966094696702], [106.52725695648392, 38.2094812839102], [106.5270772934271, 38.2094812839102], [106.5270772934271, 38.20912195779655], [106.52743661954075, 38.20912195779655], [106.52743661954075, 38.20894229473973], [106.52725695648392, 38.20894229473973], [106.52725695648392, 38.2087626316829], [106.5270772934271, 38.2087626316829], [106.5270772934271, 38.20858296862608], [106.52689763037029, 38.20858296862608], [106.52689763037029, 38.20822364251243], [106.52671796731346, 38.20822364251243], [106.52671796731346, 38.20804397945561], [106.52653830425663, 38.20804397945561], [106.52653830425663, 38.20732532722831], [106.5263586411998, 38.20732532722831], [106.5263586411998, 38.206966001114665], [106.52617897814298, 38.206966001114665], [106.52617897814298, 38.206247348887366], [106.52653830425663, 38.206247348887366], [106.52653830425663, 38.20606768583055], [106.52599931508615, 38.20606768583055], [106.52599931508615, 38.205528696660075], [106.52617897814298, 38.205528696660075], [106.52617897814298, 38.20534903360325], [106.5263586411998, 38.20534903360325], [106.5263586411998, 38.20516937054642], [106.5270772934271, 38.20516937054642], [106.5270772934271, 38.20534903360325], [106.52725695648392, 38.20534903360325], [106.52725695648392, 38.205528696660075], [106.52743661954075, 38.205528696660075], [106.52743661954075, 38.20534903360325], [106.52797560871122, 38.20534903360325], [106.52797560871122, 38.205528696660075], [106.52833493482487, 38.205528696660075], [106.52833493482487, 38.20534903360325], [106.5285145978817, 38.20534903360325], [106.5285145978817, 38.2049897074896], [106.52833493482487, 38.2049897074896], [106.52833493482487, 38.204810044432776], [106.5285145978817, 38.204810044432776], [106.5285145978817, 38.20463038137596], [106.52887392399535, 38.20463038137596], [106.52887392399535, 38.20445071831913], [106.52977223927947, 38.20445071831913], [106.52977223927947, 38.204810044432776], [106.52959257622264, 38.204810044432776], [106.52959257622264, 38.2049897074896], [106.52941291316581, 38.2049897074896], [106.52941291316581, 38.20534903360325], [106.52923325010899, 38.20534903360325], [106.52923325010899, 38.205528696660075], [106.52941291316581, 38.205528696660075], [106.52941291316581, 38.205708359716894], [106.52959257622264, 38.205708359716894], [106.52959257622264, 38.205528696660075], [106.52995190233628, 38.205528696660075], [106.52995190233628, 38.205708359716894], [106.53085021762041, 38.205708359716894], [106.53085021762041, 38.205528696660075], [106.53174853290453, 38.205528696660075], [106.53174853290453, 38.20534903360325], [106.53192819596134, 38.20534903360325], [106.53192819596134, 38.205528696660075], [106.53210785901817, 38.205528696660075], [106.53210785901817, 38.20588802277372], [106.532287522075, 38.20588802277372], [106.532287522075, 38.20606768583055], [106.53246718513182, 38.20606768583055], [106.53246718513182, 38.20660667500102], [106.532287522075, 38.20660667500102], [106.532287522075, 38.20642701194419], [106.53210785901817, 38.20642701194419], [106.53210785901817, 38.20606768583055], [106.53174853290453, 38.20606768583055], [106.53174853290453, 38.20588802277372], [106.5315688698477, 38.20588802277372], [106.5315688698477, 38.20606768583055], [106.53120954373405, 38.20606768583055], [106.53120954373405, 38.20588802277372], [106.53085021762041, 38.20588802277372], [106.53085021762041, 38.20606768583055], [106.52959257622264, 38.20606768583055], [106.52959257622264, 38.20642701194419], [106.52977223927947, 38.20642701194419], [106.52977223927947, 38.20678633805784], [106.53067055456359, 38.20678633805784], [106.53067055456359, 38.20660667500102], [106.53138920679088, 38.20660667500102], [106.53138920679088, 38.20642701194419], [106.53192819596134, 38.20642701194419], [106.53192819596134, 38.206966001114665], [106.53174853290453, 38.206966001114665], [106.53174853290453, 38.20732532722831], [106.5315688698477, 38.20732532722831], [106.5315688698477, 38.20750499028514], [106.53174853290453, 38.20750499028514], [106.53174853290453, 38.20768465334196], [106.53192819596134, 38.20768465334196], [106.53192819596134, 38.20786431639878], [106.53246718513182, 38.20786431639878], [106.53246718513182, 38.20804397945561], [106.532287522075, 38.20804397945561], [106.532287522075, 38.20822364251243], [106.53210785901817, 38.20822364251243], [106.53210785901817, 38.2087626316829], [106.532287522075, 38.2087626316829], [106.532287522075, 38.20912195779655], [106.53246718513182, 38.20912195779655], [106.53246718513182, 38.209301620853374], [106.53300617430229, 38.209301620853374], [106.53300617430229, 38.20966094696702], [106.53318583735911, 38.20966094696702], [106.53318583735911, 38.21019993613749], [106.53336550041594, 38.21019993613749], [106.53336550041594, 38.21037959919432], [106.53354516347277, 38.21037959919432], [106.53354516347277, 38.210738925307965], [106.53336550041594, 38.210738925307965], [106.53336550041594, 38.21091858836479], [106.53318583735911, 38.21091858836479], [106.53318583735911, 38.21109825142161], [106.53300617430229, 38.21109825142161], [106.53300617430229, 38.21127791447844], [106.53318583735911, 38.21127791447844], [106.53318583735911, 38.21145757753526], [106.53336550041594, 38.21145757753526], [106.53336550041594, 38.212176229762555], [106.53354516347277, 38.212176229762555], [106.53354516347277, 38.211996566705736], [106.53372482652959, 38.211996566705736], [106.53372482652959, 38.21163724059208], [106.5339044895864, 38.21163724059208], [106.5339044895864, 38.211996566705736], [106.53408415264323, 38.211996566705736], [106.53408415264323, 38.212176229762555], [106.5339044895864, 38.212176229762555], [106.5339044895864, 38.21271521893303], [106.53408415264323, 38.21271521893303], [106.53408415264323, 38.21307454504667], [106.5339044895864, 38.21307454504667], [106.5339044895864, 38.212894881989854], [106.53354516347277, 38.212894881989854], [106.53354516347277, 38.21307454504667], [106.53318583735911, 38.21307454504667], [106.53318583735911, 38.213433871160326], [106.53372482652959, 38.213433871160326], [106.53372482652959, 38.2132542081035], [106.53426381570006, 38.2132542081035], [106.53426381570006, 38.213433871160326], [106.53444347875688, 38.213433871160326], [106.53444347875688, 38.21379319727397], [106.53426381570006, 38.21379319727397], [106.53426381570006, 38.2139728603308], [106.53408415264323, 38.2139728603308], [106.53408415264323, 38.21379319727397], [106.53354516347277, 38.21379319727397], [106.53354516347277, 38.2139728603308], [106.53264684818865, 38.2139728603308], [106.53264684818865, 38.21415252338762], [106.53174853290453, 38.21415252338762], [106.53174853290453, 38.21451184950127], [106.5315688698477, 38.21451184950127], [106.5315688698477, 38.214332186444445], [106.53102988067722, 38.214332186444445], [106.53102988067722, 38.21451184950127], [106.53049089150676, 38.21451184950127], [106.53049089150676, 38.21469151255809], [106.53067055456359, 38.21469151255809], [106.53067055456359, 38.21487117561492], [106.5301315653931, 38.21487117561492]], [[106.5285145978817, 38.20660667500102], [106.52833493482487, 38.20660667500102], [106.52833493482487, 38.20642701194419], [106.5285145978817, 38.20642701194419], [106.5285145978817, 38.20660667500102]], [[106.5270772934271, 38.20678633805784], [106.52671796731346, 38.20678633805784], [106.52671796731346, 38.20642701194419], [106.52689763037029, 38.20642701194419], [106.52689763037029, 38.20660667500102], [106.5270772934271, 38.20660667500102], [106.5270772934271, 38.20678633805784]], [[106.52977223927947, 38.206966001114665], [106.52941291316581, 38.206966001114665], [106.52941291316581, 38.20678633805784], [106.52977223927947, 38.20678633805784], [106.52977223927947, 38.206966001114665]], [[106.5315688698477, 38.207145664171485], [106.53138920679088, 38.207145664171485], [106.53138920679088, 38.206966001114665], [106.5315688698477, 38.206966001114665], [106.5315688698477, 38.207145664171485]], [[106.52761628259758, 38.20732532722831], [106.52671796731346, 38.20732532722831], [106.52671796731346, 38.207145664171485], [106.52743661954075, 38.207145664171485], [106.52743661954075, 38.206966001114665], [106.52761628259758, 38.206966001114665], [106.52761628259758, 38.20660667500102], [106.5277959456544, 38.20660667500102], [106.5277959456544, 38.20678633805784], [106.52797560871122, 38.20678633805784], [106.52797560871122, 38.206966001114665], [106.52815527176804, 38.206966001114665], [106.52815527176804, 38.20678633805784], [106.52833493482487, 38.20678633805784], [106.52833493482487, 38.207145664171485], [106.52761628259758, 38.207145664171485], [106.52761628259758, 38.20732532722831]], [[106.52977223927947, 38.20732532722831], [106.52959257622264, 38.20732532722831], [106.52959257622264, 38.207145664171485], [106.52977223927947, 38.207145664171485], [106.52977223927947, 38.20732532722831]], [[106.52815527176804, 38.20768465334196], [106.52797560871122, 38.20768465334196], [106.52797560871122, 38.20750499028514], [106.52815527176804, 38.20750499028514], [106.52815527176804, 38.20768465334196]], [[106.52995190233628, 38.20768465334196], [106.52977223927947, 38.20768465334196], [106.52977223927947, 38.20732532722831], [106.52995190233628, 38.20732532722831], [106.52995190233628, 38.20768465334196]], [[106.52833493482487, 38.20786431639878], [106.52815527176804, 38.20786431639878], [106.52815527176804, 38.20768465334196], [106.52833493482487, 38.20768465334196], [106.52833493482487, 38.20786431639878]], [[106.53102988067722, 38.20786431639878], [106.53067055456359, 38.20786431639878], [106.53067055456359, 38.20768465334196], [106.53049089150676, 38.20768465334196], [106.53049089150676, 38.207145664171485], [106.53067055456359, 38.207145664171485], [106.53067055456359, 38.206966001114665], [106.53085021762041, 38.206966001114665], [106.53085021762041, 38.207145664171485], [106.53102988067722, 38.207145664171485], [106.53102988067722, 38.20786431639878]], [[106.52815527176804, 38.20804397945561], [106.52797560871122, 38.20804397945561], [106.52797560871122, 38.20786431639878], [106.52815527176804, 38.20786431639878], [106.52815527176804, 38.20804397945561]], [[106.53067055456359, 38.20822364251243], [106.5301315653931, 38.20822364251243], [106.5301315653931, 38.20804397945561], [106.53067055456359, 38.20804397945561], [106.53067055456359, 38.20822364251243]], [[106.52923325010899, 38.2087626316829], [106.52815527176804, 38.2087626316829], [106.52815527176804, 38.208403305569256], [106.52887392399535, 38.208403305569256], [106.52887392399535, 38.20822364251243], [106.52905358705216, 38.20822364251243], [106.52905358705216, 38.208403305569256], [106.52923325010899, 38.208403305569256], [106.52923325010899, 38.2087626316829]], [[106.53031122844993, 38.209301620853374], [106.5301315653931, 38.209301620853374], [106.5301315653931, 38.20858296862608], [106.53031122844993, 38.20858296862608], [106.53031122844993, 38.20894229473973], [106.53049089150676, 38.20894229473973], [106.53049089150676, 38.20912195779655], [106.53031122844993, 38.20912195779655], [106.53031122844993, 38.209301620853374]], [[106.5315688698477, 38.209301620853374], [106.53120954373405, 38.209301620853374], [106.53120954373405, 38.20912195779655], [106.53102988067722, 38.20912195779655], [106.53102988067722, 38.20894229473973], [106.53085021762041, 38.20894229473973], [106.53085021762041, 38.208403305569256], [106.53120954373405, 38.208403305569256], [106.53120954373405, 38.20858296862608], [106.53138920679088, 38.20858296862608], [106.53138920679088, 38.2087626316829], [106.5315688698477, 38.2087626316829], [106.5315688698477, 38.209301620853374]], [[106.5285145978817, 38.21002027308067], [106.52815527176804, 38.21002027308067], [106.52815527176804, 38.2094812839102], [106.5285145978817, 38.2094812839102], [106.5285145978817, 38.209301620853374], [106.52905358705216, 38.209301620853374], [106.52905358705216, 38.2094812839102], [106.52923325010899, 38.2094812839102], [106.52923325010899, 38.20966094696702], [106.52887392399535, 38.20966094696702], [106.52887392399535, 38.209840610023846], [106.5285145978817, 38.209840610023846], [106.5285145978817, 38.21002027308067]], [[106.52941291316581, 38.210559262251145], [106.52887392399535, 38.210559262251145], [106.52887392399535, 38.21037959919432], [106.52905358705216, 38.21037959919432], [106.52905358705216, 38.21019993613749], [106.52941291316581, 38.21019993613749], [106.52941291316581, 38.210559262251145]], [[106.53067055456359, 38.210559262251145], [106.53049089150676, 38.210559262251145], [106.53049089150676, 38.21002027308067], [106.53067055456359, 38.21002027308067], [106.53067055456359, 38.210559262251145]], [[106.53192819596134, 38.210559262251145], [106.53174853290453, 38.210559262251145], [106.53174853290453, 38.21037959919432], [106.53138920679088, 38.21037959919432], [106.53138920679088, 38.209840610023846], [106.53192819596134, 38.209840610023846], [106.53192819596134, 38.210559262251145]], [[106.53300617430229, 38.210738925307965], [106.53282651124547, 38.210738925307965], [106.53282651124547, 38.210559262251145], [106.53264684818865, 38.210559262251145], [106.53264684818865, 38.20966094696702], [106.53282651124547, 38.20966094696702], [106.53282651124547, 38.209840610023846], [106.53300617430229, 38.209840610023846], [106.53300617430229, 38.21002027308067], [106.53282651124547, 38.21002027308067], [106.53282651124547, 38.21019993613749], [106.53300617430229, 38.21019993613749], [106.53300617430229, 38.21037959919432], [106.53318583735911, 38.21037959919432], [106.53318583735911, 38.210559262251145], [106.53300617430229, 38.210559262251145], [106.53300617430229, 38.210738925307965]], [[106.53210785901817, 38.21163724059208], [106.53192819596134, 38.21163724059208], [106.53192819596134, 38.21145757753526], [106.53174853290453, 38.21145757753526], [106.53174853290453, 38.21127791447844], [106.53210785901817, 38.21127791447844], [106.53210785901817, 38.21163724059208]], [[106.53085021762041, 38.211996566705736], [106.53067055456359, 38.211996566705736], [106.53067055456359, 38.21145757753526], [106.53102988067722, 38.21145757753526], [106.53102988067722, 38.21181690364891], [106.53085021762041, 38.21181690364891], [106.53085021762041, 38.211996566705736]], [[106.5301315653931, 38.21235589281938], [106.52995190233628, 38.21235589281938], [106.52995190233628, 38.212176229762555], [106.5301315653931, 38.212176229762555], [106.5301315653931, 38.21235589281938]], [[106.53031122844993, 38.212894881989854], [106.5301315653931, 38.212894881989854], [106.5301315653931, 38.21253555587621], [106.53031122844993, 38.21253555587621], [106.53031122844993, 38.212894881989854]], [[106.5301315653931, 38.214332186444445], [106.52977223927947, 38.214332186444445], [106.52977223927947, 38.2139728603308], [106.53049089150676, 38.2139728603308], [106.53049089150676, 38.21379319727397], [106.52959257622264, 38.21379319727397], [106.52959257622264, 38.213433871160326], [106.52941291316581, 38.213433871160326], [106.52941291316581, 38.2132542081035], [106.52923325010899, 38.2132542081035], [106.52923325010899, 38.21307454504667], [106.52977223927947, 38.21307454504667], [106.52977223927947, 38.2132542081035], [106.52995190233628, 38.2132542081035], [106.52995190233628, 38.213433871160326], [106.53031122844993, 38.213433871160326], [106.53031122844993, 38.2132542081035], [106.53049089150676, 38.2132542081035], [106.53049089150676, 38.213433871160326], [106.53067055456359, 38.213433871160326], [106.53067055456359, 38.21415252338762], [106.5301315653931, 38.21415252338762], [106.5301315653931, 38.214332186444445]]]}, "properties": {"name": "cand03", "ptype": "hall", "confidence": "low", "rank": 3, "area_ha": 51.6, "rise_db": 10.3, "digitised_from": "Sentinel-1 VV rise 2022->2026, orbit 84"}}, {"type": "Feature", "geometry": {"geodesic": false, "type": "Polygon", "coordinates": [[[106.54845719718915, 38.20534903360325], [106.54845719718915, 38.20516937054642], [106.54881652330279, 38.20516937054642], [106.54881652330279, 38.2049897074896], [106.54899618635962, 38.2049897074896], [106.54899618635962, 38.20463038137596], [106.54917584941644, 38.20463038137596], [106.54917584941644, 38.20445071831913], [106.5495351755301, 38.20445071831913], [106.5495351755301, 38.2042710552623], [106.54989450164373, 38.2042710552623], [106.54989450164373, 38.204091392205484], [106.54971483858691, 38.204091392205484], [106.54971483858691, 38.20373206609183], [106.54917584941644, 38.20373206609183], [106.54917584941644, 38.20301341386454], [106.5480978710755, 38.20301341386454], [106.5480978710755, 38.201935435523595], [106.54827753413232, 38.201935435523595], [106.54827753413232, 38.20211509858042], [106.54881652330279, 38.20211509858042], [106.54881652330279, 38.201935435523595], [106.54935551247327, 38.201935435523595], [106.54935551247327, 38.20175577246677], [106.55043349081421, 38.20175577246677], [106.55043349081421, 38.20157610940995], [106.54845719718915, 38.20157610940995], [106.54845719718915, 38.20175577246677], [106.5480978710755, 38.20175577246677], [106.5480978710755, 38.20139644635312], [106.54917584941644, 38.20139644635312], [106.54917584941644, 38.201216783296296], [106.54935551247327, 38.201216783296296], [106.54935551247327, 38.20139644635312], [106.5495351755301, 38.20139644635312], [106.5495351755301, 38.201216783296296], [106.54971483858691, 38.201216783296296], [106.54971483858691, 38.20067779412583], [106.54989450164373, 38.20067779412583], [106.54989450164373, 38.20013880495536], [106.55007416470056, 38.20013880495536], [106.55007416470056, 38.20031846801218], [106.55025382775739, 38.20031846801218], [106.55025382775739, 38.200498131069004], [106.55043349081421, 38.200498131069004], [106.55043349081421, 38.20067779412583], [106.55061315387104, 38.20067779412583], [106.55061315387104, 38.20085745718265], [106.55097247998468, 38.20085745718265], [106.55097247998468, 38.20103712023948], [106.55079281692785, 38.20103712023948], [106.55079281692785, 38.20157610940995], [106.55061315387104, 38.20157610940995], [106.55061315387104, 38.20175577246677], [106.55133180609833, 38.20175577246677], [106.55133180609833, 38.20157610940995], [106.5511521430415, 38.20157610940995], [106.5511521430415, 38.20139644635312], [106.55097247998468, 38.20139644635312], [106.55097247998468, 38.201216783296296], [106.5511521430415, 38.201216783296296], [106.5511521430415, 38.20085745718265], [106.55133180609833, 38.20085745718265], [106.55133180609833, 38.20103712023948], [106.5518707952688, 38.20103712023948], [106.5518707952688, 38.201216783296296], [106.55205045832562, 38.201216783296296], [106.55205045832562, 38.20103712023948], [106.5525894474961, 38.20103712023948], [106.5525894474961, 38.201216783296296], [106.55276911055292, 38.201216783296296], [106.55276911055292, 38.20139644635312], [106.55312843666657, 38.20139644635312], [106.55312843666657, 38.20175577246677], [106.55294877360974, 38.20175577246677], [106.55294877360974, 38.201935435523595], [106.55276911055292, 38.201935435523595], [106.55276911055292, 38.20229476163724], [106.5525894474961, 38.20229476163724], [106.5525894474961, 38.201935435523595], [106.55205045832562, 38.201935435523595], [106.55205045832562, 38.20175577246677], [106.55169113221197, 38.20175577246677], [106.55169113221197, 38.201935435523595], [106.5518707952688, 38.201935435523595], [106.5518707952688, 38.203372739978185], [106.55205045832562, 38.203372739978185], [106.55205045832562, 38.204091392205484], [106.5518707952688, 38.204091392205484], [106.5518707952688, 38.2042710552623], [106.55205045832562, 38.2042710552623], [106.55205045832562, 38.20463038137596], [106.5518707952688, 38.20463038137596], [106.5518707952688, 38.204810044432776], [106.55169113221197, 38.204810044432776], [106.55169113221197, 38.2049897074896], [106.5518707952688, 38.2049897074896], [106.5518707952688, 38.20516937054642], [106.55151146915516, 38.20516937054642], [106.55151146915516, 38.204810044432776], [106.55079281692785, 38.204810044432776], [106.55079281692785, 38.20534903360325], [106.54845719718915, 38.20534903360325]], [[106.5518707952688, 38.20157610940995], [106.55169113221197, 38.20157610940995], [106.55169113221197, 38.20139644635312], [106.5518707952688, 38.20139644635312], [106.5518707952688, 38.20157610940995]], [[106.54989450164373, 38.20265408775089], [106.54971483858691, 38.20265408775089], [106.54971483858691, 38.20229476163724], [106.54989450164373, 38.20229476163724], [106.54989450164373, 38.20265408775089]], [[106.55025382775739, 38.20265408775089], [106.55007416470056, 38.20265408775089], [106.55007416470056, 38.20229476163724], [106.55025382775739, 38.20229476163724], [106.55025382775739, 38.20265408775089]], [[106.55097247998468, 38.20319307692136], [106.55079281692785, 38.20319307692136], [106.55079281692785, 38.20301341386454], [106.55061315387104, 38.20301341386454], [106.55061315387104, 38.20283375080771], [106.55079281692785, 38.20283375080771], [106.55079281692785, 38.20265408775089], [106.55097247998468, 38.20265408775089], [106.55097247998468, 38.20319307692136]], [[106.55043349081421, 38.20516937054642], [106.55025382775739, 38.20516937054642], [106.55025382775739, 38.2049897074896], [106.55043349081421, 38.2049897074896], [106.55043349081421, 38.20516937054642]]]}, "properties": {"name": "cand04", "ptype": "hall", "confidence": "low", "rank": 4, "area_ha": 16.2, "rise_db": 11.8, "digitised_from": "Sentinel-1 VV rise 2022->2026, orbit 84"}}, {"type": "Feature", "geometry": {"geodesic": false, "type": "Polygon", "coordinates": [[[106.52312470617697, 38.23247815518366], [106.52312470617697, 38.23229849212684], [106.52294504312016, 38.23229849212684], [106.52294504312016, 38.23247815518366], [106.52276538006333, 38.23247815518366], [106.52276538006333, 38.23229849212684], [106.5225857170065, 38.23229849212684], [106.5225857170065, 38.23247815518366], [106.52240605394968, 38.23247815518366], [106.52240605394968, 38.23229849212684], [106.52186706477922, 38.23229849212684], [106.52186706477922, 38.23211882907001], [106.52150773866556, 38.23211882907001], [106.52150773866556, 38.231939166013184], [106.52114841255191, 38.231939166013184], [106.52114841255191, 38.231759502956365], [106.52078908643827, 38.231759502956365], [106.52078908643827, 38.231939166013184], [106.52025009726779, 38.231939166013184], [106.52025009726779, 38.231759502956365], [106.52007043421096, 38.231759502956365], [106.52007043421096, 38.231939166013184], [106.51971110809733, 38.231939166013184], [106.51971110809733, 38.23157983989954], [106.52007043421096, 38.23157983989954], [106.52007043421096, 38.231040850729066], [106.52025009726779, 38.231040850729066], [106.52025009726779, 38.23086118767225], [106.52042976032462, 38.23086118767225], [106.52042976032462, 38.231040850729066], [106.52078908643827, 38.231040850729066], [106.52078908643827, 38.23086118767225], [106.52060942338144, 38.23086118767225], [106.52060942338144, 38.23068152461542], [106.52042976032462, 38.23068152461542], [106.52042976032462, 38.230322198501774], [106.52060942338144, 38.230322198501774], [106.52060942338144, 38.23014253544495], [106.52114841255191, 38.23014253544495], [106.52114841255191, 38.22996287238812], [106.52132807560874, 38.22996287238812], [106.52132807560874, 38.2297832093313], [106.52114841255191, 38.2297832093313], [106.52114841255191, 38.229603546274475], [106.5209687494951, 38.229603546274475], [106.5209687494951, 38.22942388321765], [106.52114841255191, 38.22942388321765], [106.52114841255191, 38.229064557104], [106.52150773866556, 38.229064557104], [106.52150773866556, 38.22888489404718], [106.52132807560874, 38.22888489404718], [106.52132807560874, 38.22852556793353], [106.52150773866556, 38.22852556793353], [106.52150773866556, 38.22834590487671], [106.52168740172239, 38.22834590487671], [106.52168740172239, 38.22852556793353], [106.52204672783603, 38.22852556793353], [106.52204672783603, 38.22834590487671], [106.52222639089285, 38.22834590487671], [106.52222639089285, 38.228166241819885], [106.5225857170065, 38.228166241819885], [106.5225857170065, 38.22798657876306], [106.52294504312016, 38.22798657876306], [106.52294504312016, 38.228166241819885], [106.52312470617697, 38.228166241819885], [106.52312470617697, 38.22834590487671], [106.5233043692338, 38.22834590487671], [106.5233043692338, 38.22852556793353], [106.52348403229063, 38.22852556793353], [106.52348403229063, 38.22834590487671], [106.52366369534745, 38.22834590487671], [106.52366369534745, 38.22798657876306], [106.5233043692338, 38.22798657876306], [106.5233043692338, 38.22780691570624], [106.52348403229063, 38.22780691570624], [106.52348403229063, 38.22762725264941], [106.52366369534745, 38.22762725264941], [106.52366369534745, 38.22780691570624], [106.52384335840428, 38.22780691570624], [106.52384335840428, 38.22798657876306], [106.52402302146109, 38.22798657876306], [106.52402302146109, 38.22762725264941], [106.52420268451792, 38.22762725264941], [106.52420268451792, 38.227447589592586], [106.52438234757474, 38.227447589592586], [106.52438234757474, 38.22762725264941], [106.52456201063157, 38.22762725264941], [106.52456201063157, 38.227447589592586], [106.52510099980204, 38.227447589592586], [106.52510099980204, 38.22726792653577], [106.52528066285886, 38.22726792653577], [106.52528066285886, 38.227447589592586], [106.52563998897251, 38.227447589592586], [106.52563998897251, 38.22762725264941], [106.52599931508615, 38.22762725264941], [106.52599931508615, 38.22798657876306], [106.52617897814298, 38.22798657876306], [106.52617897814298, 38.228166241819885], [106.52599931508615, 38.228166241819885], [106.52599931508615, 38.22834590487671], [106.52563998897251, 38.22834590487671], [106.52563998897251, 38.22870523099036], [106.52546032591569, 38.22870523099036], [106.52546032591569, 38.22888489404718], [106.52528066285886, 38.22888489404718], [106.52528066285886, 38.229064557104], [106.52492133674522, 38.229064557104], [106.52492133674522, 38.22924422016083], [106.52456201063157, 38.22924422016083], [106.52456201063157, 38.229064557104], [106.52438234757474, 38.229064557104], [106.52438234757474, 38.22870523099036], [106.52420268451792, 38.22870523099036], [106.52420268451792, 38.22852556793353], [106.52438234757474, 38.22852556793353], [106.52438234757474, 38.22834590487671], [106.52546032591569, 38.22834590487671], [106.52546032591569, 38.228166241819885], [106.52563998897251, 38.228166241819885], [106.52563998897251, 38.22798657876306], [106.5247416736884, 38.22798657876306], [106.5247416736884, 38.228166241819885], [106.52384335840428, 38.228166241819885], [106.52384335840428, 38.229064557104], [106.52420268451792, 38.229064557104], [106.52420268451792, 38.22924422016083], [106.52402302146109, 38.22924422016083], [106.52402302146109, 38.22942388321765], [106.52294504312016, 38.22942388321765], [106.52294504312016, 38.229603546274475], [106.52366369534745, 38.229603546274475], [106.52366369534745, 38.22996287238812], [106.52348403229063, 38.22996287238812], [106.52348403229063, 38.230501861558594], [106.52366369534745, 38.230501861558594], [106.52366369534745, 38.23014253544495], [106.52402302146109, 38.23014253544495], [106.52402302146109, 38.230322198501774], [106.52438234757474, 38.230322198501774], [106.52438234757474, 38.230501861558594], [106.52384335840428, 38.230501861558594], [106.52384335840428, 38.23122051378589], [106.52402302146109, 38.23122051378589], [106.52402302146109, 38.23140017684271], [106.52366369534745, 38.23140017684271], [106.52366369534745, 38.23157983989954], [106.52348403229063, 38.23157983989954], [106.52348403229063, 38.23140017684271], [106.5233043692338, 38.23140017684271], [106.5233043692338, 38.23122051378589], [106.52312470617697, 38.23122051378589], [106.52312470617697, 38.231040850729066], [106.5233043692338, 38.231040850729066], [106.5233043692338, 38.23068152461542], [106.52312470617697, 38.23068152461542], [106.52312470617697, 38.23086118767225], [106.52276538006333, 38.23086118767225], [106.52276538006333, 38.23068152461542], [106.52222639089285, 38.23068152461542], [106.52222639089285, 38.230501861558594], [106.52204672783603, 38.230501861558594], [106.52204672783603, 38.230322198501774], [106.52222639089285, 38.230322198501774], [106.52222639089285, 38.23014253544495], [106.5225857170065, 38.23014253544495], [106.5225857170065, 38.2297832093313], [106.52204672783603, 38.2297832093313], [106.52204672783603, 38.22996287238812], [106.52186706477922, 38.22996287238812], [106.52186706477922, 38.23014253544495], [106.52168740172239, 38.23014253544495], [106.52168740172239, 38.230322198501774], [106.52150773866556, 38.230322198501774], [106.52150773866556, 38.230501861558594], [106.52168740172239, 38.230501861558594], [106.52168740172239, 38.23068152461542], [106.52186706477922, 38.23068152461542], [106.52186706477922, 38.231040850729066], [106.52204672783603, 38.231040850729066], [106.52204672783603, 38.231939166013184], [106.52222639089285, 38.231939166013184], [106.52222639089285, 38.23211882907001], [106.52240605394968, 38.23211882907001], [106.52240605394968, 38.23229849212684], [106.5225857170065, 38.23229849212684], [106.5225857170065, 38.23211882907001], [106.52348403229063, 38.23211882907001], [106.52348403229063, 38.23229849212684], [106.5233043692338, 38.23229849212684], [106.5233043692338, 38.23247815518366], [106.52312470617697, 38.23247815518366]], [[106.5247416736884, 38.22798657876306], [106.52456201063157, 38.22798657876306], [106.52456201063157, 38.22780691570624], [106.5247416736884, 38.22780691570624], [106.5247416736884, 38.22798657876306]], [[106.52240605394968, 38.22852556793353], [106.52222639089285, 38.22852556793353], [106.52222639089285, 38.22834590487671], [106.52240605394968, 38.22834590487671], [106.52240605394968, 38.22852556793353]], [[106.52312470617697, 38.22852556793353], [106.52276538006333, 38.22852556793353], [106.52276538006333, 38.22834590487671], [106.52312470617697, 38.22834590487671], [106.52312470617697, 38.22852556793353]], [[106.52312470617697, 38.230501861558594], [106.52294504312016, 38.230501861558594], [106.52294504312016, 38.230322198501774], [106.52312470617697, 38.230322198501774], [106.52312470617697, 38.230501861558594]], [[106.52150773866556, 38.23068152461542], [106.52132807560874, 38.23068152461542], [106.52132807560874, 38.230501861558594], [106.52150773866556, 38.230501861558594], [106.52150773866556, 38.23068152461542]]]}, "properties": {"name": "cand05", "ptype": "hall", "confidence": "low", "rank": 5, "area_ha": 14.2, "rise_db": 7.1, "digitised_from": "Sentinel-1 VV rise 2022->2026, orbit 84"}}, {"type": "Feature", "geometry": {"geodesic": false, "type": "Polygon", "coordinates": [[[106.53426381570006, 38.233376470467775], [106.53426381570006, 38.233196807410955], [106.53408415264323, 38.233196807410955], [106.53408415264323, 38.23229849212684], [106.53426381570006, 38.23229849212684], [106.53426381570006, 38.231759502956365], [106.53408415264323, 38.231759502956365], [106.53408415264323, 38.230322198501774], [106.53318583735911, 38.230322198501774], [106.53318583735911, 38.23014253544495], [106.53300617430229, 38.23014253544495], [106.53300617430229, 38.22996287238812], [106.53318583735911, 38.22996287238812], [106.53318583735911, 38.2297832093313], [106.53336550041594, 38.2297832093313], [106.53336550041594, 38.229603546274475], [106.53354516347277, 38.229603546274475], [106.53354516347277, 38.22924422016083], [106.53336550041594, 38.22924422016083], [106.53336550041594, 38.22852556793353], [106.53318583735911, 38.22852556793353], [106.53318583735911, 38.22798657876306], [106.53336550041594, 38.22798657876306], [106.53336550041594, 38.227447589592586], [106.53300617430229, 38.227447589592586], [106.53300617430229, 38.22726792653577], [106.53282651124547, 38.22726792653577], [106.53282651124547, 38.226728937365294], [106.53300617430229, 38.226728937365294], [106.53300617430229, 38.226908600422114], [106.53318583735911, 38.226908600422114], [106.53318583735911, 38.226728937365294], [106.53408415264323, 38.226728937365294], [106.53408415264323, 38.226908600422114], [106.53480280487054, 38.226908600422114], [106.53480280487054, 38.22708826347894], [106.53498246792735, 38.22708826347894], [106.53498246792735, 38.22726792653577], [106.53480280487054, 38.22726792653577], [106.53480280487054, 38.227447589592586], [106.53462314181371, 38.227447589592586], [106.53462314181371, 38.22762725264941], [106.53444347875688, 38.22762725264941], [106.53444347875688, 38.228166241819885], [106.53462314181371, 38.228166241819885], [106.53462314181371, 38.22852556793353], [106.53426381570006, 38.22852556793353], [106.53426381570006, 38.229064557104], [106.53462314181371, 38.229064557104], [106.53462314181371, 38.22870523099036], [106.53498246792735, 38.22870523099036], [106.53498246792735, 38.229603546274475], [106.535341794041, 38.229603546274475], [106.535341794041, 38.2297832093313], [106.53552145709783, 38.2297832093313], [106.53552145709783, 38.23014253544495], [106.535341794041, 38.23014253544495], [106.535341794041, 38.230322198501774], [106.53516213098418, 38.230322198501774], [106.53516213098418, 38.230501861558594], [106.53498246792735, 38.230501861558594], [106.53498246792735, 38.231040850729066], [106.53552145709783, 38.231040850729066], [106.53552145709783, 38.23086118767225], [106.53570112015466, 38.23086118767225], [106.53570112015466, 38.230501861558594], [106.53588078321147, 38.230501861558594], [106.53588078321147, 38.230322198501774], [106.5360604462683, 38.230322198501774], [106.5360604462683, 38.23014253544495], [106.53624010932512, 38.23014253544495], [106.53624010932512, 38.22996287238812], [106.5367790984956, 38.22996287238812], [106.5367790984956, 38.230322198501774], [106.53641977238195, 38.230322198501774], [106.53641977238195, 38.231040850729066], [106.53659943543877, 38.231040850729066], [106.53659943543877, 38.23157983989954], [106.53641977238195, 38.23157983989954], [106.53641977238195, 38.231939166013184], [106.53659943543877, 38.231939166013184], [106.53659943543877, 38.23229849212684], [106.53624010932512, 38.23229849212684], [106.53624010932512, 38.231939166013184], [106.53570112015466, 38.231939166013184], [106.53570112015466, 38.23211882907001], [106.53552145709783, 38.23211882907001], [106.53552145709783, 38.23265781824048], [106.53462314181371, 38.23265781824048], [106.53462314181371, 38.23301714435413], [106.53480280487054, 38.23301714435413], [106.53480280487054, 38.233196807410955], [106.53462314181371, 38.233196807410955], [106.53462314181371, 38.233376470467775], [106.53426381570006, 38.233376470467775]]]}, "properties": {"name": "cand06", "ptype": "hall", "confidence": "low", "rank": 6, "area_ha": 13.3, "rise_db": 7.3, "digitised_from": "Sentinel-1 VV rise 2022->2026, orbit 84"}}, {"type": "Feature", "geometry": {"geodesic": false, "type": "Polygon", "coordinates": [[[106.54198932714348, 38.259607276764065], [106.54198932714348, 38.25852929842313], [106.54234865325714, 38.25852929842313], [106.54234865325714, 38.2583496353663], [106.54216899020031, 38.2583496353663], [106.54216899020031, 38.258169972309474], [106.54198932714348, 38.258169972309474], [106.54198932714348, 38.257990309252655], [106.54180966408666, 38.257990309252655], [106.54180966408666, 38.257630983139], [106.54378595771172, 38.257630983139], [106.54378595771172, 38.25709199396853], [106.54342663159808, 38.25709199396853], [106.54342663159808, 38.257271657025356], [106.54216899020031, 38.257271657025356], [106.54216899020031, 38.25691233091171], [106.54378595771172, 38.25691233091171], [106.54378595771172, 38.256732667854884], [106.54360629465491, 38.256732667854884], [106.54360629465491, 38.256553004798064], [106.5428876424276, 38.256553004798064], [106.5428876424276, 38.25637334174124], [106.54234865325714, 38.25637334174124], [106.54234865325714, 38.256553004798064], [106.54145033797302, 38.256553004798064], [106.54145033797302, 38.25637334174124], [106.54073168574573, 38.25637334174124], [106.54073168574573, 38.256553004798064], [106.54091134880254, 38.256553004798064], [106.54091134880254, 38.256732667854884], [106.54073168574573, 38.256732667854884], [106.54073168574573, 38.25691233091171], [106.5405520226889, 38.25691233091171], [106.5405520226889, 38.256732667854884], [106.54037235963207, 38.256732667854884], [106.54037235963207, 38.256553004798064], [106.5405520226889, 38.256553004798064], [106.5405520226889, 38.25619367868441], [106.54019269657525, 38.25619367868441], [106.54019269657525, 38.25601401562759], [106.54001303351842, 38.25601401562759], [106.54001303351842, 38.255834352570766], [106.54091134880254, 38.255834352570766], [106.54091134880254, 38.25565468951394], [106.54198932714348, 38.25565468951394], [106.54198932714348, 38.255834352570766], [106.54270797937079, 38.255834352570766], [106.54270797937079, 38.25601401562759], [106.54324696854125, 38.25601401562759], [106.54324696854125, 38.25619367868441], [106.54396562076855, 38.25619367868441], [106.54396562076855, 38.25601401562759], [106.5443249468822, 38.25601401562759], [106.5443249468822, 38.255834352570766], [106.54486393605266, 38.255834352570766], [106.54486393605266, 38.25601401562759], [106.54522326216632, 38.25601401562759], [106.54522326216632, 38.25637334174124], [106.54540292522314, 38.25637334174124], [106.54540292522314, 38.256553004798064], [106.54522326216632, 38.256553004798064], [106.54522326216632, 38.257271657025356], [106.54540292522314, 38.257271657025356], [106.54540292522314, 38.257630983139], [106.54558258827997, 38.257630983139], [106.54558258827997, 38.25781064619583], [106.54540292522314, 38.25781064619583], [106.54540292522314, 38.257990309252655], [106.54522326216632, 38.257990309252655], [106.54522326216632, 38.258169972309474], [106.54504359910949, 38.258169972309474], [106.54504359910949, 38.25852929842313], [106.54486393605266, 38.25852929842313], [106.54486393605266, 38.25870896147995], [106.5443249468822, 38.25870896147995], [106.5443249468822, 38.25888862453677], [106.54396562076855, 38.25888862453677], [106.54396562076855, 38.259427613707246], [106.54414528382537, 38.259427613707246], [106.54414528382537, 38.259607276764065], [106.54198932714348, 38.259607276764065]]]}, "properties": {"name": "cand07", "ptype": "hall", "confidence": "low", "rank": 7, "area_ha": 13.2, "rise_db": 8.3, "digitised_from": "Sentinel-1 VV rise 2022->2026, orbit 84"}}, {"type": "Feature", "geometry": {"geodesic": false, "type": "Polygon", "coordinates": [[[106.57917957990604, 38.199779478841705], [106.57917957990604, 38.199599815784886], [106.57882025379239, 38.199599815784886], [106.57882025379239, 38.199779478841705], [106.57846092767873, 38.199779478841705], [106.57846092767873, 38.199599815784886], [106.5781016015651, 38.199599815784886], [106.5781016015651, 38.19924048967123], [106.57828126462192, 38.19924048967123], [106.57828126462192, 38.199060826614414], [106.57792193850827, 38.199060826614414], [106.57792193850827, 38.19870150050077], [106.57774227545144, 38.19870150050077], [106.57774227545144, 38.19924048967123], [106.57756261239462, 38.19924048967123], [106.57756261239462, 38.199060826614414], [106.57702362322415, 38.199060826614414], [106.57702362322415, 38.198342174387115], [106.57684396016732, 38.198342174387115], [106.57684396016732, 38.19870150050077], [106.5766642971105, 38.19870150050077], [106.5766642971105, 38.19852183744394], [106.57648463405367, 38.19852183744394], [106.57648463405367, 38.198162511330295], [106.57630497099686, 38.198162511330295], [106.57630497099686, 38.19798284827347], [106.57576598182638, 38.19798284827347], [106.57576598182638, 38.19780318521664], [106.57558631876955, 38.19780318521664], [106.57558631876955, 38.19762352215982], [106.57540665571274, 38.19762352215982], [106.57540665571274, 38.19726419604617], [106.57558631876955, 38.19726419604617], [106.57558631876955, 38.19708453298935], [106.57576598182638, 38.19708453298935], [106.57576598182638, 38.196904869932524], [106.5759456448832, 38.196904869932524], [106.5759456448832, 38.1967252068757], [106.57612530794003, 38.1967252068757], [106.57612530794003, 38.19654554381888], [106.57630497099686, 38.19654554381888], [106.57630497099686, 38.196006554648406], [106.57648463405367, 38.196006554648406], [106.57648463405367, 38.19582689159158], [106.57756261239462, 38.19582689159158], [106.57756261239462, 38.196006554648406], [106.57899991684921, 38.196006554648406], [106.57899991684921, 38.195467565477934], [106.57882025379239, 38.195467565477934], [106.57882025379239, 38.19528790242111], [106.57917957990604, 38.19528790242111], [106.57917957990604, 38.195467565477934], [106.57935924296287, 38.195467565477934], [106.57935924296287, 38.199779478841705], [106.57917957990604, 38.199779478841705]], [[106.5766642971105, 38.1967252068757], [106.57630497099686, 38.1967252068757], [106.57630497099686, 38.19654554381888], [106.5766642971105, 38.19654554381888], [106.5766642971105, 38.1967252068757]], [[106.57828126462192, 38.19780318521664], [106.5781016015651, 38.19780318521664], [106.5781016015651, 38.19762352215982], [106.57828126462192, 38.19762352215982], [106.57828126462192, 38.19780318521664]], [[106.5773829493378, 38.19870150050077], [106.57720328628098, 38.19870150050077], [106.57720328628098, 38.19852183744394], [106.5773829493378, 38.19852183744394], [106.5773829493378, 38.19870150050077]], [[106.57899991684921, 38.19870150050077], [106.57864059073556, 38.19870150050077], [106.57864059073556, 38.19852183744394], [106.57828126462192, 38.19852183744394], [106.57828126462192, 38.198342174387115], [106.57792193850827, 38.198342174387115], [106.57792193850827, 38.198162511330295], [106.57917957990604, 38.198162511330295], [106.57917957990604, 38.198342174387115], [106.57899991684921, 38.198342174387115], [106.57899991684921, 38.19870150050077]]]}, "properties": {"name": "cand08", "ptype": "hall", "confidence": "low", "rank": 8, "area_ha": 12.8, "rise_db": 13.9, "digitised_from": "Sentinel-1 VV rise 2022->2026, orbit 84"}}, {"type": "Feature", "geometry": {"geodesic": false, "type": "Polygon", "coordinates": [[[106.51917211892685, 38.236790068547435], [106.51917211892685, 38.23661040549061], [106.51881279281321, 38.23661040549061], [106.51881279281321, 38.23643074243378], [106.51863312975638, 38.23643074243378], [106.51863312975638, 38.23625107937696], [106.51881279281321, 38.23625107937696], [106.51881279281321, 38.23589175326331], [106.51935178198367, 38.23589175326331], [106.51935178198367, 38.235532427149664], [106.51989077115415, 38.235532427149664], [106.51989077115415, 38.23535276409284], [106.52060942338144, 38.23535276409284], [106.52060942338144, 38.2342747857519], [106.52025009726779, 38.2342747857519], [106.52025009726779, 38.23391545963825], [106.51971110809733, 38.23391545963825], [106.51971110809733, 38.234095122695074], [106.51935178198367, 38.234095122695074], [106.51935178198367, 38.23391545963825], [106.51917211892685, 38.23391545963825], [106.51917211892685, 38.2342747857519], [106.51863312975638, 38.2342747857519], [106.51863312975638, 38.23445444880872], [106.5195314450405, 38.23445444880872], [106.5195314450405, 38.23517310103602], [106.51935178198367, 38.23517310103602], [106.51935178198367, 38.23499343797919], [106.51917211892685, 38.23499343797919], [106.51917211892685, 38.235532427149664], [106.51881279281321, 38.235532427149664], [106.51881279281321, 38.23535276409284], [106.51863312975638, 38.23535276409284], [106.51863312975638, 38.234634111865546], [106.51845346669955, 38.234634111865546], [106.51845346669955, 38.2342747857519], [106.51827380364273, 38.2342747857519], [106.51827380364273, 38.23373579658143], [106.51845346669955, 38.23373579658143], [106.51845346669955, 38.2335561335246], [106.51863312975638, 38.2335561335246], [106.51863312975638, 38.233376470467775], [106.5180941405859, 38.233376470467775], [106.5180941405859, 38.23301714435413], [106.51827380364273, 38.23301714435413], [106.51827380364273, 38.23283748129731], [106.51845346669955, 38.23283748129731], [106.51845346669955, 38.23301714435413], [106.51899245587003, 38.23301714435413], [106.51899245587003, 38.23265781824048], [106.5195314450405, 38.23265781824048], [106.5195314450405, 38.23229849212684], [106.52042976032462, 38.23229849212684], [106.52042976032462, 38.23265781824048], [106.52025009726779, 38.23265781824048], [106.52025009726779, 38.23301714435413], [106.52007043421096, 38.23301714435413], [106.52007043421096, 38.233196807410955], [106.52060942338144, 38.233196807410955], [106.52060942338144, 38.2335561335246], [106.52078908643827, 38.2335561335246], [106.52078908643827, 38.23373579658143], [106.5209687494951, 38.23373579658143], [106.5209687494951, 38.23391545963825], [106.52078908643827, 38.23391545963825], [106.52078908643827, 38.2342747857519], [106.5209687494951, 38.2342747857519], [106.5209687494951, 38.23481377492237], [106.52132807560874, 38.23481377492237], [106.52132807560874, 38.234634111865546], [106.52150773866556, 38.234634111865546], [106.52150773866556, 38.23445444880872], [106.52204672783603, 38.23445444880872], [106.52204672783603, 38.2342747857519], [106.52222639089285, 38.2342747857519], [106.52222639089285, 38.23445444880872], [106.5225857170065, 38.23445444880872], [106.5225857170065, 38.23499343797919], [106.52240605394968, 38.23499343797919], [106.52240605394968, 38.23571209020649], [106.52222639089285, 38.23571209020649], [106.52222639089285, 38.23589175326331], [106.52186706477922, 38.23589175326331], [106.52186706477922, 38.23607141632014], [106.52204672783603, 38.23607141632014], [106.52204672783603, 38.23625107937696], [106.52222639089285, 38.23625107937696], [106.52222639089285, 38.23643074243378], [106.52204672783603, 38.23643074243378], [106.52204672783603, 38.23661040549061], [106.52132807560874, 38.23661040549061], [106.52132807560874, 38.236790068547435], [106.51917211892685, 38.236790068547435]], [[106.5195314450405, 38.233196807410955], [106.51935178198367, 38.233196807410955], [106.51935178198367, 38.23283748129731], [106.51971110809733, 38.23283748129731], [106.51971110809733, 38.23301714435413], [106.5195314450405, 38.23301714435413], [106.5195314450405, 38.233196807410955]], [[106.52042976032462, 38.23391545963825], [106.52025009726779, 38.23391545963825], [106.52025009726779, 38.233376470467775], [106.52042976032462, 38.233376470467775], [106.52042976032462, 38.23391545963825]], [[106.52150773866556, 38.23607141632014], [106.52007043421096, 38.23607141632014], [106.52007043421096, 38.23589175326331], [106.51971110809733, 38.23589175326331], [106.51971110809733, 38.23571209020649], [106.52025009726779, 38.23571209020649], [106.52025009726779, 38.235532427149664], [106.5209687494951, 38.235532427149664], [106.5209687494951, 38.23535276409284], [106.52114841255191, 38.23535276409284], [106.52114841255191, 38.235532427149664], [106.52132807560874, 38.235532427149664], [106.52132807560874, 38.23571209020649], [106.52150773866556, 38.23571209020649], [106.52150773866556, 38.23607141632014]]]}, "properties": {"name": "cand09", "ptype": "hall", "confidence": "low", "rank": 9, "area_ha": 11.4, "rise_db": 10.3, "digitised_from": "Sentinel-1 VV rise 2022->2026, orbit 84"}}, {"type": "Feature", "geometry": {"geodesic": false, "type": "Polygon", "coordinates": [[[106.56947777483754, 38.240562992740735], [106.56947777483754, 38.24038332968391], [106.56929811178072, 38.24038332968391], [106.56929811178072, 38.24020366662709], [106.5683997964966, 38.24020366662709], [106.5683997964966, 38.24002400357026], [106.56822013343978, 38.24002400357026], [106.56822013343978, 38.24020366662709], [106.56732181815566, 38.24020366662709], [106.56732181815566, 38.24002400357026], [106.56714215509884, 38.24002400357026], [106.56714215509884, 38.24020366662709], [106.56696249204201, 38.24020366662709], [106.56696249204201, 38.24002400357026], [106.56678282898518, 38.24002400357026], [106.56678282898518, 38.23966467745662], [106.56660316592836, 38.23966467745662], [106.56660316592836, 38.23948501439979], [106.56678282898518, 38.23948501439979], [106.56678282898518, 38.239125688286144], [106.56732181815566, 38.239125688286144], [106.56732181815566, 38.23948501439979], [106.5676811442693, 38.23948501439979], [106.5676811442693, 38.23930535134296], [106.56786080732613, 38.23930535134296], [106.56786080732613, 38.239125688286144], [106.56804047038295, 38.239125688286144], [106.56804047038295, 38.23930535134296], [106.56786080732613, 38.23930535134296], [106.56786080732613, 38.23966467745662], [106.56750148121247, 38.23966467745662], [106.56750148121247, 38.239844340513436], [106.56786080732613, 38.239844340513436], [106.56786080732613, 38.24002400357026], [106.56822013343978, 38.24002400357026], [106.56822013343978, 38.23966467745662], [106.56804047038295, 38.23966467745662], [106.56804047038295, 38.23948501439979], [106.5683997964966, 38.23948501439979], [106.5683997964966, 38.239125688286144], [106.56965743789436, 38.239125688286144], [106.56965743789436, 38.2387663621725], [106.56947777483754, 38.2387663621725], [106.56947777483754, 38.23858669911567], [106.56786080732613, 38.23858669911567], [106.56786080732613, 38.238407036058845], [106.56804047038295, 38.238407036058845], [106.56804047038295, 38.238227373002026], [106.56786080732613, 38.238227373002026], [106.56786080732613, 38.2373290577179], [106.5683997964966, 38.2373290577179], [106.5683997964966, 38.23714939466108], [106.56857945955342, 38.23714939466108], [106.56857945955342, 38.2373290577179], [106.56947777483754, 38.2373290577179], [106.56947777483754, 38.23625107937696], [106.56965743789436, 38.23625107937696], [106.56965743789436, 38.23571209020649], [106.56947777483754, 38.23571209020649], [106.56947777483754, 38.235532427149664], [106.56965743789436, 38.235532427149664], [106.56965743789436, 38.23535276409284], [106.57001676400802, 38.23535276409284], [106.57001676400802, 38.235532427149664], [106.57019642706484, 38.235532427149664], [106.57019642706484, 38.23661040549061], [106.57001676400802, 38.23661040549061], [106.57001676400802, 38.238407036058845], [106.57019642706484, 38.238407036058845], [106.57019642706484, 38.2387663621725], [106.57001676400802, 38.2387663621725], [106.57001676400802, 38.23948501439979], [106.56983710095119, 38.23948501439979], [106.56983710095119, 38.24038332968391], [106.56965743789436, 38.24038332968391], [106.56965743789436, 38.240562992740735], [106.56947777483754, 38.240562992740735]]]}, "properties": {"name": "cand10", "ptype": "hall", "confidence": "low", "rank": 10, "area_ha": 8.7, "rise_db": 11.2, "digitised_from": "Sentinel-1 VV rise 2022->2026, orbit 84"}}, {"type": "Feature", "geometry": {"geodesic": false, "type": "Polygon", "coordinates": [[[106.5766642971105, 38.21684746923998], [106.5766642971105, 38.21666780618315], [106.57630497099686, 38.21666780618315], [106.57630497099686, 38.216488143126334], [106.57648463405367, 38.216488143126334], [106.57648463405367, 38.21630848006951], [106.5766642971105, 38.21630848006951], [106.5766642971105, 38.21666780618315], [106.57684396016732, 38.21666780618315], [106.57684396016732, 38.21612881701268], [106.57702362322415, 38.21612881701268], [106.57702362322415, 38.21594915395586], [106.57684396016732, 38.21594915395586], [106.57684396016732, 38.21558982784221], [106.5759456448832, 38.21558982784221], [106.5759456448832, 38.215050838671736], [106.57576598182638, 38.215050838671736], [106.57576598182638, 38.21487117561492], [106.57540665571274, 38.21487117561492], [106.57540665571274, 38.21469151255809], [106.5743286773718, 38.21469151255809], [106.5743286773718, 38.214332186444445], [106.57450834042861, 38.214332186444445], [106.57450834042861, 38.21415252338762], [106.5743286773718, 38.21415252338762], [106.5743286773718, 38.2139728603308], [106.57450834042861, 38.2139728603308], [106.57450834042861, 38.21379319727397], [106.57468800348543, 38.21379319727397], [106.57468800348543, 38.213433871160326], [106.57522699265591, 38.213433871160326], [106.57522699265591, 38.2132542081035], [106.57558631876955, 38.2132542081035], [106.57558631876955, 38.213433871160326], [106.5759456448832, 38.213433871160326], [106.5759456448832, 38.21307454504667], [106.57558631876955, 38.21307454504667], [106.57558631876955, 38.212894881989854], [106.57522699265591, 38.212894881989854], [106.57522699265591, 38.21271521893303], [106.57504732959909, 38.21271521893303], [106.57504732959909, 38.21235589281938], [106.57558631876955, 38.21235589281938], [106.57558631876955, 38.212176229762555], [106.57576598182638, 38.212176229762555], [106.57576598182638, 38.21235589281938], [106.5759456448832, 38.21235589281938], [106.5759456448832, 38.21253555587621], [106.57612530794003, 38.21253555587621], [106.57612530794003, 38.21271521893303], [106.57648463405367, 38.21271521893303], [106.57648463405367, 38.21253555587621], [106.57684396016732, 38.21253555587621], [106.57684396016732, 38.21271521893303], [106.5773829493378, 38.21271521893303], [106.5773829493378, 38.21307454504667], [106.57756261239462, 38.21307454504667], [106.57756261239462, 38.2132542081035], [106.57774227545144, 38.2132542081035], [106.57774227545144, 38.213613534217146], [106.57756261239462, 38.213613534217146], [106.57756261239462, 38.21379319727397], [106.5773829493378, 38.21379319727397], [106.5773829493378, 38.21415252338762], [106.57720328628098, 38.21415252338762], [106.57720328628098, 38.214332186444445], [106.57684396016732, 38.214332186444445], [106.57684396016732, 38.21415252338762], [106.57630497099686, 38.21415252338762], [106.57630497099686, 38.214332186444445], [106.57648463405367, 38.214332186444445], [106.57648463405367, 38.21523050172856], [106.57684396016732, 38.21523050172856], [106.57684396016732, 38.21558982784221], [106.57720328628098, 38.21558982784221], [106.57720328628098, 38.215769490899035], [106.5773829493378, 38.215769490899035], [106.5773829493378, 38.21594915395586], [106.57720328628098, 38.21594915395586], [106.57720328628098, 38.216488143126334], [106.57702362322415, 38.216488143126334], [106.57702362322415, 38.21666780618315], [106.57684396016732, 38.21666780618315], [106.57684396016732, 38.21684746923998], [106.5766642971105, 38.21684746923998]], [[106.57702362322415, 38.21379319727397], [106.57684396016732, 38.21379319727397], [106.57684396016732, 38.213433871160326], [106.57720328628098, 38.213433871160326], [106.57720328628098, 38.213613534217146], [106.57702362322415, 38.213613534217146], [106.57702362322415, 38.21379319727397]], [[106.57522699265591, 38.21415252338762], [106.57504732959909, 38.21415252338762], [106.57504732959909, 38.2139728603308], [106.57522699265591, 38.2139728603308], [106.57522699265591, 38.21415252338762]], [[106.57612530794003, 38.21415252338762], [106.57576598182638, 38.21415252338762], [106.57576598182638, 38.2139728603308], [106.57612530794003, 38.2139728603308], [106.57612530794003, 38.21415252338762]]]}, "properties": {"name": "cand11", "ptype": "hall", "confidence": "low", "rank": 11, "area_ha": 7.6, "rise_db": 9.1, "digitised_from": "Sentinel-1 VV rise 2022->2026, orbit 84"}}, {"type": "Feature", "geometry": {"geodesic": false, "type": "Polygon", "coordinates": [[[106.55654203474623, 38.23499343797919], [106.55654203474623, 38.234634111865546], [106.55582338251892, 38.234634111865546], [106.55582338251892, 38.23481377492237], [106.55546405640528, 38.23481377492237], [106.55546405640528, 38.234634111865546], [106.5556437194621, 38.234634111865546], [106.5556437194621, 38.23445444880872], [106.55582338251892, 38.23445444880872], [106.55582338251892, 38.2342747857519], [106.55600304557575, 38.2342747857519], [106.55600304557575, 38.234095122695074], [106.55582338251892, 38.234095122695074], [106.55582338251892, 38.23391545963825], [106.5556437194621, 38.23391545963825], [106.5556437194621, 38.2342747857519], [106.55546405640528, 38.2342747857519], [106.55546405640528, 38.23391545963825], [106.55528439334846, 38.23391545963825], [106.55528439334846, 38.233376470467775], [106.55510473029163, 38.233376470467775], [106.55510473029163, 38.233196807410955], [106.55528439334846, 38.233196807410955], [106.55528439334846, 38.231759502956365], [106.5556437194621, 38.231759502956365], [106.5556437194621, 38.23157983989954], [106.55528439334846, 38.23157983989954], [106.55528439334846, 38.23140017684271], [106.55510473029163, 38.23140017684271], [106.55510473029163, 38.231040850729066], [106.55528439334846, 38.231040850729066], [106.55528439334846, 38.230501861558594], [106.55546405640528, 38.230501861558594], [106.55546405640528, 38.230322198501774], [106.55672169780304, 38.230322198501774], [106.55672169780304, 38.230501861558594], [106.55690136085987, 38.230501861558594], [106.55690136085987, 38.23068152461542], [106.55672169780304, 38.23068152461542], [106.55672169780304, 38.23140017684271], [106.55654203474623, 38.23140017684271], [106.55654203474623, 38.231939166013184], [106.55672169780304, 38.231939166013184], [106.55672169780304, 38.23247815518366], [106.55654203474623, 38.23247815518366], [106.55654203474623, 38.23301714435413], [106.5563623716894, 38.23301714435413], [106.5563623716894, 38.233376470467775], [106.55654203474623, 38.233376470467775], [106.55654203474623, 38.23373579658143], [106.55672169780304, 38.23373579658143], [106.55672169780304, 38.234095122695074], [106.55654203474623, 38.234095122695074], [106.55654203474623, 38.2342747857519], [106.55672169780304, 38.2342747857519], [106.55672169780304, 38.234634111865546], [106.5570810239167, 38.234634111865546], [106.5570810239167, 38.23445444880872], [106.55726068697352, 38.23445444880872], [106.55726068697352, 38.23481377492237], [106.55690136085987, 38.23481377492237], [106.55690136085987, 38.23499343797919], [106.55654203474623, 38.23499343797919]]]}, "properties": {"name": "cand12", "ptype": "hall", "confidence": "low", "rank": 12, "area_ha": 7.2, "rise_db": 12.5, "digitised_from": "Sentinel-1 VV rise 2022->2026, orbit 84"}}, {"type": "Feature", "geometry": {"geodesic": false, "type": "Polygon", "coordinates": [[[106.52492133674522, 38.23211882907001], [106.52492133674522, 38.231759502956365], [106.52510099980204, 38.231759502956365], [106.52510099980204, 38.23157983989954], [106.52528066285886, 38.23157983989954], [106.52528066285886, 38.23140017684271], [106.52510099980204, 38.23140017684271], [106.52510099980204, 38.231040850729066], [106.52528066285886, 38.231040850729066], [106.52528066285886, 38.23086118767225], [106.52492133674522, 38.23086118767225], [106.52492133674522, 38.231040850729066], [106.5247416736884, 38.231040850729066], [106.5247416736884, 38.23122051378589], [106.52420268451792, 38.23122051378589], [106.52420268451792, 38.231040850729066], [106.52438234757474, 38.231040850729066], [106.52438234757474, 38.23086118767225], [106.5247416736884, 38.23086118767225], [106.5247416736884, 38.23014253544495], [106.52510099980204, 38.23014253544495], [106.52510099980204, 38.2297832093313], [106.52546032591569, 38.2297832093313], [106.52546032591569, 38.229603546274475], [106.52528066285886, 38.229603546274475], [106.52528066285886, 38.22942388321765], [106.52510099980204, 38.22942388321765], [106.52510099980204, 38.22924422016083], [106.52599931508615, 38.22924422016083], [106.52599931508615, 38.22888489404718], [106.5263586411998, 38.22888489404718], [106.5263586411998, 38.229064557104], [106.52653830425663, 38.229064557104], [106.52653830425663, 38.229603546274475], [106.52671796731346, 38.229603546274475], [106.52671796731346, 38.2297832093313], [106.52689763037029, 38.2297832093313], [106.52689763037029, 38.22996287238812], [106.5270772934271, 38.22996287238812], [106.5270772934271, 38.23014253544495], [106.52725695648392, 38.23014253544495], [106.52725695648392, 38.230322198501774], [106.52743661954075, 38.230322198501774], [106.52743661954075, 38.231040850729066], [106.52725695648392, 38.231040850729066], [106.52725695648392, 38.23122051378589], [106.5270772934271, 38.23122051378589], [106.5270772934271, 38.23140017684271], [106.52671796731346, 38.23140017684271], [106.52671796731346, 38.23122051378589], [106.52653830425663, 38.23122051378589], [106.52653830425663, 38.231040850729066], [106.52617897814298, 38.231040850729066], [106.52617897814298, 38.23122051378589], [106.52581965202934, 38.23122051378589], [106.52581965202934, 38.23157983989954], [106.52599931508615, 38.23157983989954], [106.52599931508615, 38.23211882907001], [106.52492133674522, 38.23211882907001]], [[106.52599931508615, 38.23014253544495], [106.52563998897251, 38.23014253544495], [106.52563998897251, 38.22996287238812], [106.52599931508615, 38.22996287238812], [106.52599931508615, 38.23014253544495]], [[106.52546032591569, 38.230322198501774], [106.52528066285886, 38.230322198501774], [106.52528066285886, 38.23014253544495], [106.52546032591569, 38.23014253544495], [106.52546032591569, 38.230322198501774]], [[106.52689763037029, 38.230501861558594], [106.52671796731346, 38.230501861558594], [106.52671796731346, 38.230322198501774], [106.52689763037029, 38.230322198501774], [106.52689763037029, 38.230501861558594]], [[106.52671796731346, 38.23068152461542], [106.52653830425663, 38.23068152461542], [106.52653830425663, 38.230501861558594], [106.52671796731346, 38.230501861558594], [106.52671796731346, 38.23068152461542]]]}, "properties": {"name": "cand13", "ptype": "hall", "confidence": "low", "rank": 13, "area_ha": 6.2, "rise_db": 7.6, "digitised_from": "Sentinel-1 VV rise 2022->2026, orbit 84"}}, {"type": "Feature", "geometry": {"geodesic": false, "type": "Polygon", "coordinates": [[[106.51378222722214, 38.226010285137995], [106.51378222722214, 38.225830622081176], [106.51360256416531, 38.225830622081176], [106.51360256416531, 38.22547129596752], [106.51342290110848, 38.22547129596752], [106.51342290110848, 38.22493230679705], [106.51324323805166, 38.22493230679705], [106.51324323805166, 38.224572980683405], [106.51306357499485, 38.224572980683405], [106.51306357499485, 38.22403399151293], [106.51288391193802, 38.22403399151293], [106.51288391193802, 38.22367466539929], [106.51270424888119, 38.22367466539929], [106.51270424888119, 38.22277635011517], [106.51252458582437, 38.22277635011517], [106.51252458582437, 38.22241702400152], [106.51234492276754, 38.22241702400152], [106.51234492276754, 38.22187803483105], [106.51216525971071, 38.22187803483105], [106.51216525971071, 38.221698371774224], [106.5119855966539, 38.221698371774224], [106.5119855966539, 38.220979719546925], [106.51180593359707, 38.220979719546925], [106.51180593359707, 38.22062039343328], [106.51162627054025, 38.22062039343328], [106.51162627054025, 38.22026106731963], [106.51144660748342, 38.22026106731963], [106.51144660748342, 38.21972207814916], [106.51162627054025, 38.21972207814916], [106.51162627054025, 38.219542415092334], [106.5119855966539, 38.219542415092334], [106.5119855966539, 38.21972207814916], [106.51216525971071, 38.21972207814916], [106.51216525971071, 38.22008140426281], [106.51234492276754, 38.22008140426281], [106.51234492276754, 38.22044073037646], [106.51252458582437, 38.22044073037646], [106.51252458582437, 38.22062039343328], [106.51270424888119, 38.22062039343328], [106.51270424888119, 38.220800056490106], [106.51252458582437, 38.220800056490106], [106.51252458582437, 38.22133904566058], [106.51270424888119, 38.22133904566058], [106.51270424888119, 38.221698371774224], [106.51288391193802, 38.221698371774224], [106.51288391193802, 38.22241702400152], [106.51306357499485, 38.22241702400152], [106.51306357499485, 38.22295601317199], [106.51324323805166, 38.22295601317199], [106.51324323805166, 38.22349500234246], [106.51342290110848, 38.22349500234246], [106.51342290110848, 38.22385432845611], [106.51360256416531, 38.22385432845611], [106.51360256416531, 38.224393317626586], [106.51378222722214, 38.224393317626586], [106.51378222722214, 38.22475264374023], [106.51396189027896, 38.22475264374023], [106.51396189027896, 38.22565095902435], [106.51414155333578, 38.22565095902435], [106.51414155333578, 38.226010285137995], [106.51378222722214, 38.226010285137995]], [[106.51252458582437, 38.220800056490106], [106.51234492276754, 38.220800056490106], [106.51234492276754, 38.22062039343328], [106.51252458582437, 38.22062039343328], [106.51252458582437, 38.220800056490106]]]}, "properties": {"name": "cand14", "ptype": "hall", "confidence": "low", "rank": 14, "area_ha": 4.8, "rise_db": 7.8, "digitised_from": "Sentinel-1 VV rise 2022->2026, orbit 84"}}, {"type": "Feature", "geometry": {"geodesic": false, "type": "Polygon", "coordinates": [[[106.52959257622264, 38.19420992408017], [106.52959257622264, 38.19403026102334], [106.52869426093852, 38.19403026102334], [106.52869426093852, 38.19385059796652], [106.52797560871122, 38.19385059796652], [106.52797560871122, 38.19403026102334], [106.52725695648392, 38.19403026102334], [106.52725695648392, 38.19420992408017], [106.5270772934271, 38.19420992408017], [106.5270772934271, 38.19403026102334], [106.52689763037029, 38.19403026102334], [106.52689763037029, 38.19385059796652], [106.52653830425663, 38.19385059796652], [106.52653830425663, 38.1936709349097], [106.5247416736884, 38.1936709349097], [106.5247416736884, 38.19349127185287], [106.52456201063157, 38.19349127185287], [106.52456201063157, 38.193311608796044], [106.52438234757474, 38.193311608796044], [106.52438234757474, 38.19349127185287], [106.52402302146109, 38.19349127185287], [106.52402302146109, 38.193131945739225], [106.52420268451792, 38.193131945739225], [106.52420268451792, 38.1929522826824], [106.52510099980204, 38.1929522826824], [106.52510099980204, 38.193131945739225], [106.52671796731346, 38.193131945739225], [106.52671796731346, 38.193311608796044], [106.52797560871122, 38.193311608796044], [106.52797560871122, 38.19349127185287], [106.52887392399535, 38.19349127185287], [106.52887392399535, 38.1936709349097], [106.53102988067722, 38.1936709349097], [106.53102988067722, 38.19403026102334], [106.53085021762041, 38.19403026102334], [106.53085021762041, 38.19420992408017], [106.52959257622264, 38.19420992408017]]]}, "properties": {"name": "cand15", "ptype": "hall", "confidence": "low", "rank": 15, "area_ha": 4.6, "rise_db": 6.9, "digitised_from": "Sentinel-1 VV rise 2022->2026, orbit 84"}}, {"type": "Feature", "geometry": {"geodesic": false, "type": "Polygon", "coordinates": [[[106.49401929097151, 38.24541389527498], [106.49401929097151, 38.24523423221815], [106.49383962791468, 38.24523423221815], [106.49383962791468, 38.244874906104506], [106.49365996485786, 38.244874906104506], [106.49365996485786, 38.24505456916133], [106.4933006387442, 38.24505456916133], [106.4933006387442, 38.244874906104506], [106.49312097568739, 38.244874906104506], [106.49312097568739, 38.24469524304769], [106.49294131263056, 38.24469524304769], [106.49294131263056, 38.244335916934034], [106.49276164957374, 38.244335916934034], [106.49276164957374, 38.24451557999086], [106.49240232346008, 38.24451557999086], [106.49240232346008, 38.244335916934034], [106.49258198651691, 38.244335916934034], [106.49258198651691, 38.244156253877215], [106.49240232346008, 38.244156253877215], [106.49240232346008, 38.24379692776356], [106.49258198651691, 38.24379692776356], [106.49258198651691, 38.24361726470674], [106.49276164957374, 38.24361726470674], [106.49276164957374, 38.243437601649916], [106.49294131263056, 38.243437601649916], [106.49294131263056, 38.24307827553627], [106.49312097568739, 38.24307827553627], [106.49312097568739, 38.24289861247944], [106.49348030180103, 38.24289861247944], [106.49348030180103, 38.24307827553627], [106.4933006387442, 38.24307827553627], [106.4933006387442, 38.24325793859309], [106.49348030180103, 38.24325793859309], [106.49348030180103, 38.243437601649916], [106.49383962791468, 38.243437601649916], [106.49383962791468, 38.24361726470674], [106.49365996485786, 38.24361726470674], [106.49365996485786, 38.24379692776356], [106.49437861708515, 38.24379692776356], [106.49437861708515, 38.24397659082039], [106.49455828014197, 38.24397659082039], [106.49455828014197, 38.24379692776356], [106.49491760625563, 38.24379692776356], [106.49491760625563, 38.24397659082039], [106.4947379431988, 38.24397659082039], [106.4947379431988, 38.244156253877215], [106.49509726931245, 38.244156253877215], [106.49509726931245, 38.24469524304769], [106.4947379431988, 38.24469524304769], [106.4947379431988, 38.24541389527498], [106.49401929097151, 38.24541389527498]], [[106.49365996485786, 38.24397659082039], [106.49348030180103, 38.24397659082039], [106.49348030180103, 38.24379692776356], [106.49365996485786, 38.24379692776356], [106.49365996485786, 38.24397659082039]], [[106.49348030180103, 38.244156253877215], [106.49312097568739, 38.244156253877215], [106.49312097568739, 38.24397659082039], [106.49348030180103, 38.24397659082039], [106.49348030180103, 38.244156253877215]]]}, "properties": {"name": "cand16", "ptype": "hall", "confidence": "low", "rank": 16, "area_ha": 4.3, "rise_db": 10.2, "digitised_from": "Sentinel-1 VV rise 2022->2026, orbit 84"}}, {"type": "Feature", "geometry": {"geodesic": false, "type": "Polygon", "coordinates": [[[106.53857572906384, 38.216488143126334], [106.53857572906384, 38.21594915395586], [106.53875539212066, 38.21594915395586], [106.53875539212066, 38.215769490899035], [106.53893505517748, 38.215769490899035], [106.53893505517748, 38.21558982784221], [106.5391147182343, 38.21558982784221], [106.5391147182343, 38.21469151255809], [106.53893505517748, 38.21469151255809], [106.53893505517748, 38.21451184950127], [106.53875539212066, 38.21451184950127], [106.53875539212066, 38.213613534217146], [106.53857572906384, 38.213613534217146], [106.53857572906384, 38.213433871160326], [106.53875539212066, 38.213433871160326], [106.53875539212066, 38.21307454504667], [106.53965370740478, 38.21307454504667], [106.53965370740478, 38.2132542081035], [106.5398333704616, 38.2132542081035], [106.5398333704616, 38.21469151255809], [106.53965370740478, 38.21469151255809], [106.53965370740478, 38.21487117561492], [106.53947404434795, 38.21487117561492], [106.53947404434795, 38.21541016478539], [106.53965370740478, 38.21541016478539], [106.53965370740478, 38.21558982784221], [106.5398333704616, 38.21558982784221], [106.5398333704616, 38.21541016478539], [106.54001303351842, 38.21541016478539], [106.54001303351842, 38.21523050172856], [106.54019269657525, 38.21523050172856], [106.54019269657525, 38.21558982784221], [106.54001303351842, 38.21558982784221], [106.54001303351842, 38.215769490899035], [106.5398333704616, 38.215769490899035], [106.5398333704616, 38.21612881701268], [106.53947404434795, 38.21612881701268], [106.53947404434795, 38.21594915395586], [106.5391147182343, 38.21594915395586], [106.5391147182343, 38.21612881701268], [106.53893505517748, 38.21612881701268], [106.53893505517748, 38.216488143126334], [106.53857572906384, 38.216488143126334]]]}, "properties": {"name": "cand17", "ptype": "hall", "confidence": "low", "rank": 17, "area_ha": 3.6, "rise_db": 6.1, "digitised_from": "Sentinel-1 VV rise 2022->2026, orbit 84"}}, {"type": "Feature", "geometry": {"geodesic": false, "type": "Polygon", "coordinates": [[[106.5180941405859, 38.22870523099036], [106.5180941405859, 38.22852556793353], [106.51791447752909, 38.22852556793353], [106.51791447752909, 38.22834590487671], [106.51755515141544, 38.22834590487671], [106.51755515141544, 38.22798657876306], [106.51737548835861, 38.22798657876306], [106.51737548835861, 38.22780691570624], [106.51719582530178, 38.22780691570624], [106.51719582530178, 38.22762725264941], [106.51701616224497, 38.22762725264941], [106.51701616224497, 38.226908600422114], [106.51719582530178, 38.226908600422114], [106.51719582530178, 38.22708826347894], [106.51755515141544, 38.22708826347894], [106.51755515141544, 38.226908600422114], [106.51773481447226, 38.226908600422114], [106.51773481447226, 38.226728937365294], [106.51827380364273, 38.226728937365294], [106.51827380364273, 38.226908600422114], [106.51845346669955, 38.226908600422114], [106.51845346669955, 38.22708826347894], [106.51899245587003, 38.22708826347894], [106.51899245587003, 38.22726792653577], [106.51917211892685, 38.22726792653577], [106.51917211892685, 38.22762725264941], [106.51935178198367, 38.22762725264941], [106.51935178198367, 38.22780691570624], [106.51917211892685, 38.22780691570624], [106.51917211892685, 38.22852556793353], [106.51899245587003, 38.22852556793353], [106.51899245587003, 38.22834590487671], [106.51863312975638, 38.22834590487671], [106.51863312975638, 38.22870523099036], [106.5180941405859, 38.22870523099036]], [[106.51881279281321, 38.228166241819885], [106.51845346669955, 38.228166241819885], [106.51845346669955, 38.22798657876306], [106.51827380364273, 38.22798657876306], [106.51827380364273, 38.228166241819885], [106.51791447752909, 38.228166241819885], [106.51791447752909, 38.22798657876306], [106.51755515141544, 38.22798657876306], [106.51755515141544, 38.22780691570624], [106.51791447752909, 38.22780691570624], [106.51791447752909, 38.22762725264941], [106.51827380364273, 38.22762725264941], [106.51827380364273, 38.227447589592586], [106.51881279281321, 38.227447589592586], [106.51881279281321, 38.228166241819885]]]}, "properties": {"name": "cand18", "ptype": "hall", "confidence": "low", "rank": 18, "area_ha": 2.9, "rise_db": 6.4, "digitised_from": "Sentinel-1 VV rise 2022->2026, orbit 84"}}, {"type": "Feature", "geometry": {"geodesic": false, "type": "Polygon", "coordinates": [[[106.53426381570006, 38.2184644367514], [106.53426381570006, 38.21828477369457], [106.53408415264323, 38.21828477369457], [106.53408415264323, 38.218105110637744], [106.53354516347277, 38.218105110637744], [106.53354516347277, 38.217925447580924], [106.53246718513182, 38.217925447580924], [106.53246718513182, 38.2177457845241], [106.53264684818865, 38.2177457845241], [106.53264684818865, 38.21756612146727], [106.53282651124547, 38.21756612146727], [106.53282651124547, 38.2177457845241], [106.53318583735911, 38.2177457845241], [106.53318583735911, 38.21756612146727], [106.53372482652959, 38.21756612146727], [106.53372482652959, 38.2177457845241], [106.53444347875688, 38.2177457845241], [106.53444347875688, 38.21756612146727], [106.53498246792735, 38.21756612146727], [106.53498246792735, 38.21738645841045], [106.53516213098418, 38.21738645841045], [106.53516213098418, 38.217206795353626], [106.535341794041, 38.217206795353626], [106.535341794041, 38.2170271322968], [106.53516213098418, 38.2170271322968], [106.53516213098418, 38.21666780618315], [106.53498246792735, 38.21666780618315], [106.53498246792735, 38.216488143126334], [106.53480280487054, 38.216488143126334], [106.53480280487054, 38.21630848006951], [106.535341794041, 38.21630848006951], [106.535341794041, 38.216488143126334], [106.53552145709783, 38.216488143126334], [106.53552145709783, 38.2170271322968], [106.53570112015466, 38.2170271322968], [106.53570112015466, 38.21738645841045], [106.53552145709783, 38.21738645841045], [106.53552145709783, 38.21756612146727], [106.53570112015466, 38.21756612146727], [106.53570112015466, 38.2177457845241], [106.53588078321147, 38.2177457845241], [106.53588078321147, 38.217925447580924], [106.5360604462683, 38.217925447580924], [106.5360604462683, 38.21828477369457], [106.53570112015466, 38.21828477369457], [106.53570112015466, 38.218105110637744], [106.53480280487054, 38.218105110637744], [106.53480280487054, 38.21828477369457], [106.53462314181371, 38.21828477369457], [106.53462314181371, 38.2184644367514], [106.53426381570006, 38.2184644367514]]]}, "properties": {"name": "cand19", "ptype": "hall", "confidence": "low", "rank": 19, "area_ha": 2.8, "rise_db": 6.0, "digitised_from": "Sentinel-1 VV rise 2022->2026, orbit 84"}}, {"type": "Feature", "geometry": {"geodesic": false, "type": "Polygon", "coordinates": [[[106.54037235963207, 38.23283748129731], [106.54037235963207, 38.23265781824048], [106.54001303351842, 38.23265781824048], [106.54001303351842, 38.23283748129731], [106.53947404434795, 38.23283748129731], [106.53947404434795, 38.231939166013184], [106.53965370740478, 38.231939166013184], [106.53965370740478, 38.231759502956365], [106.53947404434795, 38.231759502956365], [106.53947404434795, 38.23157983989954], [106.53929438129113, 38.23157983989954], [106.53929438129113, 38.23140017684271], [106.5391147182343, 38.23140017684271], [106.5391147182343, 38.23122051378589], [106.53929438129113, 38.23122051378589], [106.53929438129113, 38.231040850729066], [106.5391147182343, 38.231040850729066], [106.5391147182343, 38.23086118767225], [106.53875539212066, 38.23086118767225], [106.53875539212066, 38.23068152461542], [106.53821640295018, 38.23068152461542], [106.53821640295018, 38.230322198501774], [106.53839606600701, 38.230322198501774], [106.53839606600701, 38.23014253544495], [106.53875539212066, 38.23014253544495], [106.53875539212066, 38.230322198501774], [106.5391147182343, 38.230322198501774], [106.5391147182343, 38.230501861558594], [106.53947404434795, 38.230501861558594], [106.53947404434795, 38.23068152461542], [106.53965370740478, 38.23068152461542], [106.53965370740478, 38.231040850729066], [106.5398333704616, 38.231040850729066], [106.5398333704616, 38.23140017684271], [106.53965370740478, 38.23140017684271], [106.53965370740478, 38.23157983989954], [106.5398333704616, 38.23157983989954], [106.5398333704616, 38.231759502956365], [106.54001303351842, 38.231759502956365], [106.54001303351842, 38.23211882907001], [106.54073168574573, 38.23211882907001], [106.54073168574573, 38.23283748129731], [106.54037235963207, 38.23283748129731]], [[106.54001303351842, 38.23229849212684], [106.5398333704616, 38.23229849212684], [106.5398333704616, 38.23211882907001], [106.54001303351842, 38.23211882907001], [106.54001303351842, 38.23229849212684]]]}, "properties": {"name": "cand20", "ptype": "hall", "confidence": "low", "rank": 20, "area_ha": 2.5, "rise_db": 5.7, "digitised_from": "Sentinel-1 VV rise 2022->2026, orbit 84"}}, {"type": "Feature", "geometry": {"geodesic": false, "type": "Polygon", "coordinates": [[[106.53354516347277, 38.203372739978185], [106.53354516347277, 38.20265408775089], [106.53336550041594, 38.20265408775089], [106.53336550041594, 38.20247442469407], [106.53318583735911, 38.20247442469407], [106.53318583735911, 38.20229476163724], [106.53354516347277, 38.20229476163724], [106.53354516347277, 38.20265408775089], [106.5339044895864, 38.20265408775089], [106.5339044895864, 38.20247442469407], [106.53372482652959, 38.20247442469407], [106.53372482652959, 38.20229476163724], [106.53408415264323, 38.20229476163724], [106.53408415264323, 38.201935435523595], [106.53372482652959, 38.201935435523595], [106.53372482652959, 38.20211509858042], [106.53354516347277, 38.20211509858042], [106.53354516347277, 38.201935435523595], [106.53318583735911, 38.201935435523595], [106.53318583735911, 38.20139644635312], [106.53336550041594, 38.20139644635312], [106.53336550041594, 38.201216783296296], [106.53444347875688, 38.201216783296296], [106.53444347875688, 38.20139644635312], [106.53480280487054, 38.20139644635312], [106.53480280487054, 38.20157610940995], [106.53498246792735, 38.20157610940995], [106.53498246792735, 38.201935435523595], [106.53516213098418, 38.201935435523595], [106.53516213098418, 38.20211509858042], [106.53480280487054, 38.20211509858042], [106.53480280487054, 38.201935435523595], [106.53426381570006, 38.201935435523595], [106.53426381570006, 38.20229476163724], [106.53408415264323, 38.20229476163724], [106.53408415264323, 38.20247442469407], [106.53444347875688, 38.20247442469407], [106.53444347875688, 38.20265408775089], [106.53498246792735, 38.20265408775089], [106.53498246792735, 38.20283375080771], [106.53372482652959, 38.20283375080771], [106.53372482652959, 38.20319307692136], [106.53408415264323, 38.20319307692136], [106.53408415264323, 38.203372739978185], [106.53354516347277, 38.203372739978185]]]}, "properties": {"name": "cand21", "ptype": "hall", "confidence": "low", "rank": 21, "area_ha": 2.4, "rise_db": 10.3, "digitised_from": "Sentinel-1 VV rise 2022->2026, orbit 84"}}, {"type": "Feature", "geometry": {"geodesic": false, "type": "Polygon", "coordinates": [[[106.53480280487054, 38.21307454504667], [106.53480280487054, 38.212894881989854], [106.53462314181371, 38.212894881989854], [106.53462314181371, 38.21181690364891], [106.53444347875688, 38.21181690364891], [106.53444347875688, 38.21163724059208], [106.53426381570006, 38.21163724059208], [106.53426381570006, 38.21091858836479], [106.53408415264323, 38.21091858836479], [106.53408415264323, 38.210559262251145], [106.5339044895864, 38.210559262251145], [106.5339044895864, 38.209840610023846], [106.53372482652959, 38.209840610023846], [106.53372482652959, 38.2094812839102], [106.5339044895864, 38.2094812839102], [106.5339044895864, 38.209301620853374], [106.53354516347277, 38.209301620853374], [106.53354516347277, 38.2087626316829], [106.5339044895864, 38.2087626316829], [106.5339044895864, 38.20894229473973], [106.53408415264323, 38.20894229473973], [106.53408415264323, 38.20912195779655], [106.5339044895864, 38.20912195779655], [106.5339044895864, 38.209301620853374], [106.53408415264323, 38.209301620853374], [106.53408415264323, 38.20966094696702], [106.53444347875688, 38.20966094696702], [106.53444347875688, 38.210738925307965], [106.53462314181371, 38.210738925307965], [106.53462314181371, 38.21091858836479], [106.53480280487054, 38.21091858836479], [106.53480280487054, 38.21163724059208], [106.53498246792735, 38.21163724059208], [106.53498246792735, 38.21253555587621], [106.53516213098418, 38.21253555587621], [106.53516213098418, 38.212894881989854], [106.53498246792735, 38.212894881989854], [106.53498246792735, 38.21307454504667], [106.53480280487054, 38.21307454504667]]]}, "properties": {"name": "cand22", "ptype": "hall", "confidence": "low", "rank": 22, "area_ha": 2.4, "rise_db": 6.5, "digitised_from": "Sentinel-1 VV rise 2022->2026, orbit 84"}}, {"type": "Feature", "geometry": {"geodesic": false, "type": "Polygon", "coordinates": [[[106.57253204680354, 38.2177457845241], [106.57253204680354, 38.21756612146727], [106.57235238374673, 38.21756612146727], [106.57235238374673, 38.217206795353626], [106.5721727206899, 38.217206795353626], [106.5721727206899, 38.2170271322968], [106.57181339457625, 38.2170271322968], [106.57181339457625, 38.21684746923998], [106.5714540684626, 38.21684746923998], [106.5714540684626, 38.2170271322968], [106.57127440540579, 38.2170271322968], [106.57127440540579, 38.217206795353626], [106.57109474234896, 38.217206795353626], [106.57109474234896, 38.2170271322968], [106.57073541623531, 38.2170271322968], [106.57073541623531, 38.21684746923998], [106.57019642706484, 38.21684746923998], [106.57019642706484, 38.21666780618315], [106.57001676400802, 38.21666780618315], [106.57001676400802, 38.216488143126334], [106.57019642706484, 38.216488143126334], [106.57019642706484, 38.21630848006951], [106.57091507929213, 38.21630848006951], [106.57091507929213, 38.21612881701268], [106.57181339457625, 38.21612881701268], [106.57181339457625, 38.216488143126334], [106.57163373151943, 38.216488143126334], [106.57163373151943, 38.21666780618315], [106.57235238374673, 38.21666780618315], [106.57235238374673, 38.21684746923998], [106.57253204680354, 38.21684746923998], [106.57253204680354, 38.2170271322968], [106.57325069903085, 38.2170271322968], [106.57325069903085, 38.21738645841045], [106.57307103597402, 38.21738645841045], [106.57307103597402, 38.21756612146727], [106.5728913729172, 38.21756612146727], [106.5728913729172, 38.2177457845241], [106.57253204680354, 38.2177457845241]]]}, "properties": {"name": "cand23", "ptype": "hall", "confidence": "low", "rank": 23, "area_ha": 2.4, "rise_db": 6.0, "digitised_from": "Sentinel-1 VV rise 2022->2026, orbit 84"}}, {"type": "Feature", "geometry": {"geodesic": false, "type": "Polygon", "coordinates": [[[106.53965370740478, 38.20606768583055], [106.53965370740478, 38.20588802277372], [106.53947404434795, 38.20588802277372], [106.53947404434795, 38.205708359716894], [106.53929438129113, 38.205708359716894], [106.53929438129113, 38.20534903360325], [106.53947404434795, 38.20534903360325], [106.53947404434795, 38.20516937054642], [106.53965370740478, 38.20516937054642], [106.53965370740478, 38.20445071831913], [106.53947404434795, 38.20445071831913], [106.53947404434795, 38.204091392205484], [106.53965370740478, 38.204091392205484], [106.53965370740478, 38.20283375080771], [106.53947404434795, 38.20283375080771], [106.53947404434795, 38.20247442469407], [106.54001303351842, 38.20247442469407], [106.54001303351842, 38.20319307692136], [106.54019269657525, 38.20319307692136], [106.54019269657525, 38.20355240303501], [106.54001303351842, 38.20355240303501], [106.54001303351842, 38.204091392205484], [106.54019269657525, 38.204091392205484], [106.54019269657525, 38.20463038137596], [106.54001303351842, 38.20463038137596], [106.54001303351842, 38.204810044432776], [106.54019269657525, 38.204810044432776], [106.54019269657525, 38.2049897074896], [106.54001303351842, 38.2049897074896], [106.54001303351842, 38.205528696660075], [106.54019269657525, 38.205528696660075], [106.54019269657525, 38.20588802277372], [106.54001303351842, 38.20588802277372], [106.54001303351842, 38.20606768583055], [106.53965370740478, 38.20606768583055]]]}, "properties": {"name": "cand24", "ptype": "hall", "confidence": "low", "rank": 24, "area_ha": 2.3, "rise_db": 5.6, "digitised_from": "Sentinel-1 VV rise 2022->2026, orbit 84"}}, {"type": "Feature", "geometry": {"geodesic": false, "type": "Polygon", "coordinates": [[[106.54701989273455, 38.2049897074896], [106.54701989273455, 38.20391172914866], [106.54773854496185, 38.20391172914866], [106.54773854496185, 38.20373206609183], [106.5480978710755, 38.20373206609183], [106.5480978710755, 38.20355240303501], [106.54881652330279, 38.20355240303501], [106.54881652330279, 38.20373206609183], [106.54899618635962, 38.20373206609183], [106.54899618635962, 38.20391172914866], [106.54863686024598, 38.20391172914866], [106.54863686024598, 38.204091392205484], [106.54917584941644, 38.204091392205484], [106.54917584941644, 38.2042710552623], [106.54863686024598, 38.2042710552623], [106.54863686024598, 38.204091392205484], [106.54845719718915, 38.204091392205484], [106.54845719718915, 38.20463038137596], [106.54827753413232, 38.20463038137596], [106.54827753413232, 38.204810044432776], [106.54773854496185, 38.204810044432776], [106.54773854496185, 38.20463038137596], [106.54755888190503, 38.20463038137596], [106.54755888190503, 38.204810044432776], [106.5473792188482, 38.204810044432776], [106.5473792188482, 38.2049897074896], [106.54701989273455, 38.2049897074896]]]}, "properties": {"name": "cand25", "ptype": "hall", "confidence": "low", "rank": 25, "area_ha": 2.2, "rise_db": 11.2, "digitised_from": "Sentinel-1 VV rise 2022->2026, orbit 84"}}, {"type": "Feature", "geometry": {"geodesic": false, "type": "Polygon", "coordinates": [[[106.53426381570006, 38.22511196985388], [106.53426381570006, 38.22493230679705], [106.53408415264323, 38.22493230679705], [106.53408415264323, 38.22475264374023], [106.53372482652959, 38.22475264374023], [106.53372482652959, 38.22493230679705], [106.53354516347277, 38.22493230679705], [106.53354516347277, 38.22475264374023], [106.53336550041594, 38.22475264374023], [106.53336550041594, 38.224393317626586], [106.53282651124547, 38.224393317626586], [106.53282651124547, 38.22385432845611], [106.53264684818865, 38.22385432845611], [106.53264684818865, 38.22349500234246], [106.53282651124547, 38.22349500234246], [106.53282651124547, 38.22331533928564], [106.53318583735911, 38.22331533928564], [106.53318583735911, 38.223135676228814], [106.53336550041594, 38.223135676228814], [106.53336550041594, 38.22331533928564], [106.53354516347277, 38.22331533928564], [106.53354516347277, 38.22349500234246], [106.53336550041594, 38.22349500234246], [106.53336550041594, 38.22385432845611], [106.53372482652959, 38.22385432845611], [106.53372482652959, 38.22421365456976], [106.5339044895864, 38.22421365456976], [106.5339044895864, 38.22403399151293], [106.53408415264323, 38.22403399151293], [106.53408415264323, 38.22385432845611], [106.53444347875688, 38.22385432845611], [106.53444347875688, 38.224572980683405], [106.53462314181371, 38.224572980683405], [106.53462314181371, 38.22493230679705], [106.53444347875688, 38.22493230679705], [106.53444347875688, 38.22511196985388], [106.53426381570006, 38.22511196985388]]]}, "properties": {"name": "cand26", "ptype": "hall", "confidence": "low", "rank": 26, "area_ha": 2.2, "rise_db": 5.3, "digitised_from": "Sentinel-1 VV rise 2022->2026, orbit 84"}}, {"type": "Feature", "geometry": {"geodesic": false, "type": "Polygon", "coordinates": [[[106.55690136085987, 38.23014253544495], [106.55690136085987, 38.22996287238812], [106.5563623716894, 38.22996287238812], [106.5563623716894, 38.2297832093313], [106.55618270863258, 38.2297832093313], [106.55618270863258, 38.229603546274475], [106.5549250672348, 38.229603546274475], [106.5549250672348, 38.22924422016083], [106.55528439334846, 38.22924422016083], [106.55528439334846, 38.229064557104], [106.55546405640528, 38.229064557104], [106.55546405640528, 38.22888489404718], [106.55582338251892, 38.22888489404718], [106.55582338251892, 38.22924422016083], [106.5563623716894, 38.22924422016083], [106.5563623716894, 38.22888489404718], [106.55654203474623, 38.22888489404718], [106.55654203474623, 38.22870523099036], [106.55672169780304, 38.22870523099036], [106.55672169780304, 38.22888489404718], [106.55690136085987, 38.22888489404718], [106.55690136085987, 38.229064557104], [106.5570810239167, 38.229064557104], [106.5570810239167, 38.22924422016083], [106.55726068697352, 38.22924422016083], [106.55726068697352, 38.22942388321765], [106.55744035003035, 38.22942388321765], [106.55744035003035, 38.22996287238812], [106.55726068697352, 38.22996287238812], [106.55726068697352, 38.23014253544495], [106.55690136085987, 38.23014253544495]]]}, "properties": {"name": "cand27", "ptype": "hall", "confidence": "low", "rank": 27, "area_ha": 2.2, "rise_db": 6.1, "digitised_from": "Sentinel-1 VV rise 2022->2026, orbit 84"}}, {"type": "Feature", "geometry": {"geodesic": false, "type": "Polygon", "coordinates": [[[106.52384335840428, 38.22493230679705], [106.52384335840428, 38.22367466539929], [106.52366369534745, 38.22367466539929], [106.52366369534745, 38.22385432845611], [106.52348403229063, 38.22385432845611], [106.52348403229063, 38.22421365456976], [106.52276538006333, 38.22421365456976], [106.52276538006333, 38.22403399151293], [106.5225857170065, 38.22403399151293], [106.5225857170065, 38.22349500234246], [106.5233043692338, 38.22349500234246], [106.5233043692338, 38.22331533928564], [106.52348403229063, 38.22331533928564], [106.52348403229063, 38.22349500234246], [106.52420268451792, 38.22349500234246], [106.52420268451792, 38.22367466539929], [106.52438234757474, 38.22367466539929], [106.52438234757474, 38.22385432845611], [106.52456201063157, 38.22385432845611], [106.52456201063157, 38.22421365456976], [106.5247416736884, 38.22421365456976], [106.5247416736884, 38.22475264374023], [106.52420268451792, 38.22475264374023], [106.52420268451792, 38.22493230679705], [106.52384335840428, 38.22493230679705]]]}, "properties": {"name": "cand28", "ptype": "hall", "confidence": "low", "rank": 28, "area_ha": 2.1, "rise_db": 6.8, "digitised_from": "Sentinel-1 VV rise 2022->2026, orbit 84"}}, {"type": "Feature", "geometry": {"geodesic": false, "type": "Polygon", "coordinates": [[[106.5367790984956, 38.210738925307965], [106.5367790984956, 38.210559262251145], [106.53659943543877, 38.210559262251145], [106.53659943543877, 38.21037959919432], [106.53588078321147, 38.21037959919432], [106.53588078321147, 38.21019993613749], [106.53570112015466, 38.21019993613749], [106.53570112015466, 38.21002027308067], [106.535341794041, 38.21002027308067], [106.535341794041, 38.209840610023846], [106.53552145709783, 38.209840610023846], [106.53552145709783, 38.20966094696702], [106.53570112015466, 38.20966094696702], [106.53570112015466, 38.2094812839102], [106.53588078321147, 38.2094812839102], [106.53588078321147, 38.20912195779655], [106.5367790984956, 38.20912195779655], [106.5367790984956, 38.20966094696702], [106.53659943543877, 38.20966094696702], [106.53659943543877, 38.21002027308067], [106.5367790984956, 38.21002027308067], [106.5367790984956, 38.21019993613749], [106.53731808766607, 38.21019993613749], [106.53731808766607, 38.21002027308067], [106.53767741377972, 38.21002027308067], [106.53767741377972, 38.21019993613749], [106.53749775072289, 38.21019993613749], [106.53749775072289, 38.21037959919432], [106.53713842460924, 38.21037959919432], [106.53713842460924, 38.210559262251145], [106.53731808766607, 38.210559262251145], [106.53731808766607, 38.210738925307965], [106.5367790984956, 38.210738925307965]]]}, "properties": {"name": "cand29", "ptype": "hall", "confidence": "low", "rank": 29, "area_ha": 2.1, "rise_db": 6.8, "digitised_from": "Sentinel-1 VV rise 2022->2026, orbit 84"}}, {"type": "Feature", "geometry": {"geodesic": false, "type": "Polygon", "coordinates": [[[106.52276538006333, 38.20516937054642], [106.52276538006333, 38.2049897074896], [106.5225857170065, 38.2049897074896], [106.5225857170065, 38.204810044432776], [106.52240605394968, 38.204810044432776], [106.52240605394968, 38.2042710552623], [106.52222639089285, 38.2042710552623], [106.52222639089285, 38.20391172914866], [106.52204672783603, 38.20391172914866], [106.52204672783603, 38.20355240303501], [106.52222639089285, 38.20355240303501], [106.52222639089285, 38.203372739978185], [106.52240605394968, 38.203372739978185], [106.52240605394968, 38.20355240303501], [106.5225857170065, 38.20355240303501], [106.5225857170065, 38.204091392205484], [106.52276538006333, 38.204091392205484], [106.52276538006333, 38.2042710552623], [106.52366369534745, 38.2042710552623], [106.52366369534745, 38.20391172914866], [106.52384335840428, 38.20391172914866], [106.52384335840428, 38.20373206609183], [106.52402302146109, 38.20373206609183], [106.52402302146109, 38.20391172914866], [106.52420268451792, 38.20391172914866], [106.52420268451792, 38.204091392205484], [106.52402302146109, 38.204091392205484], [106.52402302146109, 38.2042710552623], [106.52420268451792, 38.2042710552623], [106.52420268451792, 38.20463038137596], [106.52384335840428, 38.20463038137596], [106.52384335840428, 38.20445071831913], [106.52402302146109, 38.20445071831913], [106.52402302146109, 38.2042710552623], [106.52366369534745, 38.2042710552623], [106.52366369534745, 38.20463038137596], [106.52348403229063, 38.20463038137596], [106.52348403229063, 38.2049897074896], [106.5233043692338, 38.2049897074896], [106.5233043692338, 38.20516937054642], [106.52276538006333, 38.20516937054642]]]}, "properties": {"name": "cand30", "ptype": "hall", "confidence": "low", "rank": 30, "area_ha": 2.0, "rise_db": 6.6, "digitised_from": "Sentinel-1 VV rise 2022->2026, orbit 84"}}, {"type": "Feature", "geometry": {"geodesic": false, "type": "Polygon", "coordinates": [[[106.53318583735911, 38.24649187361592], [106.53318583735911, 38.24613254750228], [106.53336550041594, 38.24613254750228], [106.53336550041594, 38.245773221388625], [106.53354516347277, 38.245773221388625], [106.53354516347277, 38.245593558331805], [106.53336550041594, 38.245593558331805], [106.53336550041594, 38.24541389527498], [106.53354516347277, 38.24541389527498], [106.53354516347277, 38.24469524304769], [106.53372482652959, 38.24469524304769], [106.53372482652959, 38.24451557999086], [106.5339044895864, 38.24451557999086], [106.5339044895864, 38.24397659082039], [106.53408415264323, 38.24397659082039], [106.53408415264323, 38.24379692776356], [106.53426381570006, 38.24379692776356], [106.53426381570006, 38.24361726470674], [106.53408415264323, 38.24361726470674], [106.53408415264323, 38.24289861247944], [106.53426381570006, 38.24289861247944], [106.53426381570006, 38.242718949422624], [106.53444347875688, 38.242718949422624], [106.53444347875688, 38.2425392863658], [106.53462314181371, 38.2425392863658], [106.53462314181371, 38.24307827553627], [106.53444347875688, 38.24307827553627], [106.53444347875688, 38.24325793859309], [106.53462314181371, 38.24325793859309], [106.53462314181371, 38.24361726470674], [106.53444347875688, 38.24361726470674], [106.53444347875688, 38.24379692776356], [106.53426381570006, 38.24379692776356], [106.53426381570006, 38.24469524304769], [106.53408415264323, 38.24469524304769], [106.53408415264323, 38.24505456916133], [106.5339044895864, 38.24505456916133], [106.5339044895864, 38.245593558331805], [106.53372482652959, 38.245593558331805], [106.53372482652959, 38.2463122105591], [106.53354516347277, 38.2463122105591], [106.53354516347277, 38.24649187361592], [106.53318583735911, 38.24649187361592]]]}, "properties": {"name": "cand31", "ptype": "hall", "confidence": "low", "rank": 31, "area_ha": 1.9, "rise_db": 7.4, "digitised_from": "Sentinel-1 VV rise 2022->2026, orbit 84"}}, {"type": "Feature", "geometry": {"geodesic": false, "type": "Polygon", "coordinates": [[[106.53713842460924, 38.22762725264941], [106.53713842460924, 38.227447589592586], [106.53695876155241, 38.227447589592586], [106.53695876155241, 38.22726792653577], [106.5367790984956, 38.22726792653577], [106.5367790984956, 38.226728937365294], [106.53695876155241, 38.226728937365294], [106.53695876155241, 38.22618994819482], [106.53659943543877, 38.22618994819482], [106.53659943543877, 38.226728937365294], [106.53641977238195, 38.226728937365294], [106.53641977238195, 38.226908600422114], [106.53624010932512, 38.226908600422114], [106.53624010932512, 38.226728937365294], [106.5360604462683, 38.226728937365294], [106.5360604462683, 38.22654927430847], [106.53624010932512, 38.22654927430847], [106.53624010932512, 38.22565095902435], [106.5360604462683, 38.22565095902435], [106.5360604462683, 38.22547129596752], [106.53624010932512, 38.22547129596752], [106.53624010932512, 38.225291632910704], [106.53659943543877, 38.225291632910704], [106.53659943543877, 38.22547129596752], [106.5367790984956, 38.22547129596752], [106.5367790984956, 38.22565095902435], [106.53713842460924, 38.22565095902435], [106.53713842460924, 38.226010285137995], [106.53731808766607, 38.226010285137995], [106.53731808766607, 38.22618994819482], [106.53713842460924, 38.22618994819482], [106.53713842460924, 38.226728937365294], [106.53731808766607, 38.226728937365294], [106.53731808766607, 38.226908600422114], [106.53713842460924, 38.226908600422114], [106.53713842460924, 38.22708826347894], [106.53731808766607, 38.22708826347894], [106.53731808766607, 38.22726792653577], [106.53749775072289, 38.22726792653577], [106.53749775072289, 38.22762725264941], [106.53713842460924, 38.22762725264941]]]}, "properties": {"name": "cand32", "ptype": "hall", "confidence": "low", "rank": 32, "area_ha": 1.8, "rise_db": 5.4, "digitised_from": "Sentinel-1 VV rise 2022->2026, orbit 84"}}, {"type": "Feature", "geometry": {"geodesic": false, "type": "Polygon", "coordinates": [[[106.53282651124547, 38.20067779412583], [106.53282651124547, 38.20013880495536], [106.53300617430229, 38.20013880495536], [106.53300617430229, 38.199779478841705], [106.53318583735911, 38.199779478841705], [106.53318583735911, 38.19942015272806], [106.53372482652959, 38.19942015272806], [106.53372482652959, 38.19995914189853], [106.5339044895864, 38.19995914189853], [106.5339044895864, 38.199599815784886], [106.53426381570006, 38.199599815784886], [106.53426381570006, 38.199779478841705], [106.53480280487054, 38.199779478841705], [106.53480280487054, 38.199599815784886], [106.53498246792735, 38.199599815784886], [106.53498246792735, 38.199779478841705], [106.53516213098418, 38.199779478841705], [106.53516213098418, 38.20013880495536], [106.53498246792735, 38.20013880495536], [106.53498246792735, 38.20031846801218], [106.53408415264323, 38.20031846801218], [106.53408415264323, 38.19995914189853], [106.5339044895864, 38.19995914189853], [106.5339044895864, 38.20031846801218], [106.53318583735911, 38.20031846801218], [106.53318583735911, 38.200498131069004], [106.53300617430229, 38.200498131069004], [106.53300617430229, 38.20067779412583], [106.53282651124547, 38.20067779412583]], [[106.53444347875688, 38.20013880495536], [106.53426381570006, 38.20013880495536], [106.53426381570006, 38.19995914189853], [106.53444347875688, 38.19995914189853], [106.53444347875688, 38.20013880495536]]]}, "properties": {"name": "cand33", "ptype": "hall", "confidence": "low", "rank": 33, "area_ha": 1.8, "rise_db": 6.7, "digitised_from": "Sentinel-1 VV rise 2022->2026, orbit 84"}}, {"type": "Feature", "geometry": {"geodesic": false, "type": "Polygon", "coordinates": [[[106.54917584941644, 38.25116311309334], [106.54917584941644, 38.25098345003652], [106.54881652330279, 38.25098345003652], [106.54881652330279, 38.250803786979695], [106.54845719718915, 38.250803786979695], [106.54845719718915, 38.250624123922876], [106.54827753413232, 38.250624123922876], [106.54827753413232, 38.25044446086605], [106.5480978710755, 38.25044446086605], [106.5480978710755, 38.2500851347524], [106.54791820801867, 38.2500851347524], [106.54791820801867, 38.24990547169558], [106.54773854496185, 38.24990547169558], [106.54773854496185, 38.24972580863875], [106.54899618635962, 38.24972580863875], [106.54899618635962, 38.24990547169558], [106.54917584941644, 38.24990547169558], [106.54917584941644, 38.25026479780922], [106.54899618635962, 38.25026479780922], [106.54899618635962, 38.250803786979695], [106.55025382775739, 38.250803786979695], [106.55025382775739, 38.25098345003652], [106.5495351755301, 38.25098345003652], [106.5495351755301, 38.25116311309334], [106.54917584941644, 38.25116311309334]]]}, "properties": {"name": "cand34", "ptype": "hall", "confidence": "low", "rank": 34, "area_ha": 1.7, "rise_db": 6.0, "digitised_from": "Sentinel-1 VV rise 2022->2026, orbit 84"}}, {"type": "Feature", "geometry": {"geodesic": false, "type": "Polygon", "coordinates": [[[106.52797560871122, 38.201216783296296], [106.52797560871122, 38.20103712023948], [106.5277959456544, 38.20103712023948], [106.5277959456544, 38.20013880495536], [106.52797560871122, 38.20013880495536], [106.52797560871122, 38.19995914189853], [106.52815527176804, 38.19995914189853], [106.52815527176804, 38.199779478841705], [106.5285145978817, 38.199779478841705], [106.5285145978817, 38.199599815784886], [106.52869426093852, 38.199599815784886], [106.52869426093852, 38.199779478841705], [106.52905358705216, 38.199779478841705], [106.52905358705216, 38.19995914189853], [106.52869426093852, 38.19995914189853], [106.52869426093852, 38.20031846801218], [106.52887392399535, 38.20031846801218], [106.52887392399535, 38.20085745718265], [106.52869426093852, 38.20085745718265], [106.52869426093852, 38.20103712023948], [106.5285145978817, 38.20103712023948], [106.5285145978817, 38.201216783296296], [106.52797560871122, 38.201216783296296]]]}, "properties": {"name": "cand35", "ptype": "hall", "confidence": "low", "rank": 35, "area_ha": 1.6, "rise_db": 8.1, "digitised_from": "Sentinel-1 VV rise 2022->2026, orbit 84"}}, {"type": "Feature", "geometry": {"geodesic": false, "type": "Polygon", "coordinates": [[[106.55600304557575, 38.24523423221815], [106.55600304557575, 38.24505456916133], [106.55546405640528, 38.24505456916133], [106.55546405640528, 38.24523423221815], [106.55438607806434, 38.24523423221815], [106.55438607806434, 38.24505456916133], [106.55402675195069, 38.24505456916133], [106.55402675195069, 38.24451557999086], [106.55438607806434, 38.24451557999086], [106.55438607806434, 38.24469524304769], [106.55456574112117, 38.24469524304769], [106.55456574112117, 38.244874906104506], [106.55510473029163, 38.244874906104506], [106.55510473029163, 38.24469524304769], [106.5563623716894, 38.24469524304769], [106.5563623716894, 38.24451557999086], [106.55654203474623, 38.24451557999086], [106.55654203474623, 38.244335916934034], [106.55672169780304, 38.244335916934034], [106.55672169780304, 38.24469524304769], [106.55690136085987, 38.24469524304769], [106.55690136085987, 38.244874906104506], [106.55672169780304, 38.244874906104506], [106.55672169780304, 38.24505456916133], [106.5563623716894, 38.24505456916133], [106.5563623716894, 38.24523423221815], [106.55600304557575, 38.24523423221815]]]}, "properties": {"name": "cand36", "ptype": "hall", "confidence": "low", "rank": 36, "area_ha": 1.6, "rise_db": 6.1, "digitised_from": "Sentinel-1 VV rise 2022->2026, orbit 84"}}, {"type": "Feature", "geometry": {"geodesic": false, "type": "Polygon", "coordinates": [[[106.55294877360974, 38.24541389527498], [106.55294877360974, 38.24523423221815], [106.55276911055292, 38.24523423221815], [106.55276911055292, 38.24505456916133], [106.55223012138245, 38.24505456916133], [106.55223012138245, 38.244874906104506], [106.5518707952688, 38.244874906104506], [106.5518707952688, 38.24505456916133], [106.55133180609833, 38.24505456916133], [106.55133180609833, 38.24469524304769], [106.5511521430415, 38.24469524304769], [106.5511521430415, 38.24451557999086], [106.55133180609833, 38.24451557999086], [106.55133180609833, 38.244335916934034], [106.55151146915516, 38.244335916934034], [106.55151146915516, 38.24451557999086], [106.55294877360974, 38.24451557999086], [106.55294877360974, 38.24469524304769], [106.55366742583703, 38.24469524304769], [106.55366742583703, 38.244874906104506], [106.55384708889386, 38.244874906104506], [106.55384708889386, 38.24505456916133], [106.55348776278022, 38.24505456916133], [106.55348776278022, 38.24523423221815], [106.55312843666657, 38.24523423221815], [106.55312843666657, 38.24541389527498], [106.55294877360974, 38.24541389527498]]]}, "properties": {"name": "cand37", "ptype": "hall", "confidence": "low", "rank": 37, "area_ha": 1.6, "rise_db": 5.8, "digitised_from": "Sentinel-1 VV rise 2022->2026, orbit 84"}}, {"type": "Feature", "geometry": {"geodesic": false, "type": "Polygon", "coordinates": [[[106.54612157745044, 38.236969731604255], [106.54612157745044, 38.23661040549061], [106.54630124050726, 38.23661040549061], [106.54630124050726, 38.23643074243378], [106.54648090356409, 38.23643074243378], [106.54648090356409, 38.23607141632014], [106.54666056662091, 38.23607141632014], [106.54666056662091, 38.23571209020649], [106.5473792188482, 38.23571209020649], [106.5473792188482, 38.23589175326331], [106.54773854496185, 38.23589175326331], [106.54773854496185, 38.23607141632014], [106.5480978710755, 38.23607141632014], [106.5480978710755, 38.23625107937696], [106.54845719718915, 38.23625107937696], [106.54845719718915, 38.236790068547435], [106.5480978710755, 38.236790068547435], [106.5480978710755, 38.23661040549061], [106.54791820801867, 38.23661040549061], [106.54791820801867, 38.23643074243378], [106.54773854496185, 38.23643074243378], [106.54773854496185, 38.23625107937696], [106.54701989273455, 38.23625107937696], [106.54701989273455, 38.23643074243378], [106.54666056662091, 38.23643074243378], [106.54666056662091, 38.23661040549061], [106.54648090356409, 38.23661040549061], [106.54648090356409, 38.236790068547435], [106.54630124050726, 38.236790068547435], [106.54630124050726, 38.236969731604255], [106.54612157745044, 38.236969731604255]]]}, "properties": {"name": "cand38", "ptype": "hall", "confidence": "low", "rank": 38, "area_ha": 1.4, "rise_db": 5.9, "digitised_from": "Sentinel-1 VV rise 2022->2026, orbit 84"}}, {"type": "Feature", "geometry": {"geodesic": false, "type": "Polygon", "coordinates": [[[106.53588078321147, 38.20516937054642], [106.53588078321147, 38.2049897074896], [106.53570112015466, 38.2049897074896], [106.53570112015466, 38.204810044432776], [106.53588078321147, 38.204810044432776], [106.53588078321147, 38.20445071831913], [106.53570112015466, 38.20445071831913], [106.53570112015466, 38.20463038137596], [106.53552145709783, 38.20463038137596], [106.53552145709783, 38.20445071831913], [106.53570112015466, 38.20445071831913], [106.53570112015466, 38.2042710552623], [106.53588078321147, 38.2042710552623], [106.53588078321147, 38.204091392205484], [106.53552145709783, 38.204091392205484], [106.53552145709783, 38.20391172914866], [106.535341794041, 38.20391172914866], [106.535341794041, 38.20373206609183], [106.53552145709783, 38.20373206609183], [106.53552145709783, 38.20391172914866], [106.53588078321147, 38.20391172914866], [106.53588078321147, 38.20373206609183], [106.53659943543877, 38.20373206609183], [106.53659943543877, 38.20355240303501], [106.5367790984956, 38.20355240303501], [106.5367790984956, 38.20373206609183], [106.53713842460924, 38.20373206609183], [106.53713842460924, 38.204091392205484], [106.53731808766607, 38.204091392205484], [106.53731808766607, 38.2042710552623], [106.53713842460924, 38.2042710552623], [106.53713842460924, 38.20445071831913], [106.53695876155241, 38.20445071831913], [106.53695876155241, 38.2042710552623], [106.53659943543877, 38.2042710552623], [106.53659943543877, 38.20463038137596], [106.53624010932512, 38.20463038137596], [106.53624010932512, 38.204091392205484], [106.53641977238195, 38.204091392205484], [106.53641977238195, 38.20391172914866], [106.5360604462683, 38.20391172914866], [106.5360604462683, 38.2042710552623], [106.53588078321147, 38.2042710552623], [106.53588078321147, 38.20445071831913], [106.5360604462683, 38.20445071831913], [106.5360604462683, 38.2049897074896], [106.53624010932512, 38.2049897074896], [106.53624010932512, 38.20516937054642], [106.53588078321147, 38.20516937054642]], [[106.53659943543877, 38.2042710552623], [106.53641977238195, 38.2042710552623], [106.53641977238195, 38.204091392205484], [106.53659943543877, 38.204091392205484], [106.53659943543877, 38.2042710552623]]]}, "properties": {"name": "cand39", "ptype": "hall", "confidence": "low", "rank": 39, "area_ha": 1.4, "rise_db": 10.2, "digitised_from": "Sentinel-1 VV rise 2022->2026, orbit 84"}}, {"type": "Feature", "geometry": {"geodesic": false, "type": "Polygon", "coordinates": [[[106.55510473029163, 38.236790068547435], [106.55510473029163, 38.23661040549061], [106.55474540417798, 38.23661040549061], [106.55474540417798, 38.23625107937696], [106.55510473029163, 38.23625107937696], [106.55510473029163, 38.23607141632014], [106.55528439334846, 38.23607141632014], [106.55528439334846, 38.23589175326331], [106.55618270863258, 38.23589175326331], [106.55618270863258, 38.23607141632014], [106.55690136085987, 38.23607141632014], [106.55690136085987, 38.23625107937696], [106.55654203474623, 38.23625107937696], [106.55654203474623, 38.23643074243378], [106.55600304557575, 38.23643074243378], [106.55600304557575, 38.23661040549061], [106.5556437194621, 38.23661040549061], [106.5556437194621, 38.236790068547435], [106.55510473029163, 38.236790068547435]]]}, "properties": {"name": "cand40", "ptype": "hall", "confidence": "low", "rank": 40, "area_ha": 1.4, "rise_db": 7.9, "digitised_from": "Sentinel-1 VV rise 2022->2026, orbit 84"}}, {"type": "Feature", "geometry": {"geodesic": false, "type": "Polygon", "coordinates": [[[106.55438607806434, 38.252241091434286], [106.55438607806434, 38.25170210226381], [106.55456574112117, 38.25170210226381], [106.55456574112117, 38.25134277615017], [106.55474540417798, 38.25134277615017], [106.55474540417798, 38.25116311309334], [106.55510473029163, 38.25116311309334], [106.55510473029163, 38.25134277615017], [106.55528439334846, 38.25134277615017], [106.55528439334846, 38.251522439206994], [106.55600304557575, 38.251522439206994], [106.55600304557575, 38.25170210226381], [106.55618270863258, 38.25170210226381], [106.55618270863258, 38.252061428377466], [106.5556437194621, 38.252061428377466], [106.5556437194621, 38.25188176532064], [106.55528439334846, 38.25188176532064], [106.55528439334846, 38.252061428377466], [106.55474540417798, 38.252061428377466], [106.55474540417798, 38.252241091434286], [106.55438607806434, 38.252241091434286]]]}, "properties": {"name": "cand41", "ptype": "hall", "confidence": "low", "rank": 41, "area_ha": 1.4, "rise_db": 5.7, "digitised_from": "Sentinel-1 VV rise 2022->2026, orbit 84"}}, {"type": "Feature", "geometry": {"geodesic": false, "type": "Polygon", "coordinates": [[[106.50138547630128, 38.255834352570766], [106.50138547630128, 38.25565468951394], [106.50120581324445, 38.25565468951394], [106.50120581324445, 38.25547502645712], [106.50138547630128, 38.25547502645712], [106.50138547630128, 38.25475637422982], [106.50246345464222, 38.25475637422982], [106.50246345464222, 38.25493603728665], [106.50264311769905, 38.25493603728665], [106.50264311769905, 38.25511570034347], [106.50246345464222, 38.25511570034347], [106.50246345464222, 38.25547502645712], [106.5022837915854, 38.25547502645712], [106.5022837915854, 38.25565468951394], [106.50192446547176, 38.25565468951394], [106.50192446547176, 38.255834352570766], [106.50138547630128, 38.255834352570766]]]}, "properties": {"name": "cand42", "ptype": "hall", "confidence": "low", "rank": 42, "area_ha": 1.4, "rise_db": 9.3, "digitised_from": "Sentinel-1 VV rise 2022->2026, orbit 84"}}, {"type": "Feature", "geometry": {"geodesic": false, "type": "Polygon", "coordinates": [[[106.54378595771172, 38.19870150050077], [106.54378595771172, 38.19852183744394], [106.54396562076855, 38.19852183744394], [106.54396562076855, 38.19762352215982], [106.54378595771172, 38.19762352215982], [106.54378595771172, 38.19726419604617], [106.54396562076855, 38.19726419604617], [106.54396562076855, 38.19708453298935], [106.54414528382537, 38.19708453298935], [106.54414528382537, 38.19726419604617], [106.54522326216632, 38.19726419604617], [106.54522326216632, 38.19762352215982], [106.54486393605266, 38.19762352215982], [106.54486393605266, 38.19780318521664], [106.54468427299585, 38.19780318521664], [106.54468427299585, 38.19798284827347], [106.5443249468822, 38.19798284827347], [106.5443249468822, 38.198342174387115], [106.54414528382537, 38.198342174387115], [106.54414528382537, 38.19870150050077], [106.54378595771172, 38.19870150050077]], [[106.54468427299585, 38.19780318521664], [106.54450460993903, 38.19780318521664], [106.54450460993903, 38.19762352215982], [106.54468427299585, 38.19762352215982], [106.54468427299585, 38.19780318521664]]]}, "properties": {"name": "cand43", "ptype": "hall", "confidence": "low", "rank": 43, "area_ha": 1.3, "rise_db": 6.7, "digitised_from": "Sentinel-1 VV rise 2022->2026, orbit 84"}}, {"type": "Feature", "geometry": {"geodesic": false, "type": "Polygon", "coordinates": [[[106.54163000102984, 38.23714939466108], [106.54163000102984, 38.236790068547435], [106.54180966408666, 38.236790068547435], [106.54180966408666, 38.23643074243378], [106.54163000102984, 38.23643074243378], [106.54163000102984, 38.23571209020649], [106.54180966408666, 38.23571209020649], [106.54180966408666, 38.235532427149664], [106.54234865325714, 38.235532427149664], [106.54234865325714, 38.23571209020649], [106.54252831631396, 38.23571209020649], [106.54252831631396, 38.23607141632014], [106.54234865325714, 38.23607141632014], [106.54234865325714, 38.236790068547435], [106.54216899020031, 38.236790068547435], [106.54216899020031, 38.236969731604255], [106.54198932714348, 38.236969731604255], [106.54198932714348, 38.23714939466108], [106.54163000102984, 38.23714939466108]]]}, "properties": {"name": "cand44", "ptype": "hall", "confidence": "low", "rank": 44, "area_ha": 1.3, "rise_db": 6.7, "digitised_from": "Sentinel-1 VV rise 2022->2026, orbit 84"}}, {"type": "Feature", "geometry": {"geodesic": false, "type": "Polygon", "coordinates": [[[106.56660316592836, 38.18935902154592], [106.56660316592836, 38.18899969543227], [106.56624383981472, 38.18899969543227], [106.56624383981472, 38.1884607062618], [106.56660316592836, 38.1884607062618], [106.56660316592836, 38.18828104320498], [106.56714215509884, 38.18828104320498], [106.56714215509884, 38.1884607062618], [106.56732181815566, 38.1884607062618], [106.56732181815566, 38.18935902154592], [106.56660316592836, 38.18935902154592]]]}, "properties": {"name": "cand45", "ptype": "hall", "confidence": "low", "rank": 45, "area_ha": 1.2, "rise_db": 6.1, "digitised_from": "Sentinel-1 VV rise 2022->2026, orbit 84"}}, {"type": "Feature", "geometry": {"geodesic": false, "type": "Polygon", "coordinates": [[[106.57702362322415, 38.24092231885438], [106.57702362322415, 38.24074265579756], [106.57684396016732, 38.24074265579756], [106.57684396016732, 38.24038332968391], [106.57702362322415, 38.24038332968391], [106.57702362322415, 38.24020366662709], [106.57720328628098, 38.24020366662709], [106.57720328628098, 38.24038332968391], [106.57774227545144, 38.24038332968391], [106.57774227545144, 38.24002400357026], [106.57792193850827, 38.24002400357026], [106.57792193850827, 38.239844340513436], [106.57774227545144, 38.239844340513436], [106.57774227545144, 38.23966467745662], [106.57792193850827, 38.23966467745662], [106.57792193850827, 38.23948501439979], [106.5781016015651, 38.23948501439979], [106.5781016015651, 38.23966467745662], [106.57828126462192, 38.23966467745662], [106.57828126462192, 38.24002400357026], [106.5781016015651, 38.24002400357026], [106.5781016015651, 38.24020366662709], [106.57828126462192, 38.24020366662709], [106.57828126462192, 38.24038332968391], [106.5781016015651, 38.24038332968391], [106.5781016015651, 38.240562992740735], [106.57792193850827, 38.240562992740735], [106.57792193850827, 38.24074265579756], [106.57774227545144, 38.24074265579756], [106.57774227545144, 38.24092231885438], [106.57702362322415, 38.24092231885438]]]}, "properties": {"name": "cand46", "ptype": "hall", "confidence": "low", "rank": 46, "area_ha": 1.2, "rise_db": 9.1, "digitised_from": "Sentinel-1 VV rise 2022->2026, orbit 84"}}, {"type": "Feature", "geometry": {"geodesic": false, "type": "Polygon", "coordinates": [[[106.54845719718915, 38.24595288444545], [106.54845719718915, 38.245773221388625], [106.5480978710755, 38.245773221388625], [106.5480978710755, 38.24469524304769], [106.54827753413232, 38.24469524304769], [106.54827753413232, 38.24451557999086], [106.54881652330279, 38.24451557999086], [106.54881652330279, 38.24469524304769], [106.54845719718915, 38.24469524304769], [106.54845719718915, 38.24523423221815], [106.54899618635962, 38.24523423221815], [106.54899618635962, 38.24541389527498], [106.54917584941644, 38.24541389527498], [106.54917584941644, 38.245773221388625], [106.54899618635962, 38.245773221388625], [106.54899618635962, 38.24595288444545], [106.54845719718915, 38.24595288444545]]]}, "properties": {"name": "cand47", "ptype": "hall", "confidence": "low", "rank": 47, "area_ha": 1.2, "rise_db": 7.1, "digitised_from": "Sentinel-1 VV rise 2022->2026, orbit 84"}}, {"type": "Feature", "geometry": {"geodesic": false, "type": "Polygon", "coordinates": [[[106.51683649918814, 38.229603546274475], [106.51683649918814, 38.22942388321765], [106.51647717307449, 38.22942388321765], [106.51647717307449, 38.229064557104], [106.51665683613132, 38.229064557104], [106.51665683613132, 38.22888489404718], [106.51773481447226, 38.22888489404718], [106.51773481447226, 38.229064557104], [106.5180941405859, 38.229064557104], [106.5180941405859, 38.22924422016083], [106.51791447752909, 38.22924422016083], [106.51791447752909, 38.22942388321765], [106.51773481447226, 38.22942388321765], [106.51773481447226, 38.229603546274475], [106.51683649918814, 38.229603546274475]]]}, "properties": {"name": "cand48", "ptype": "hall", "confidence": "low", "rank": 48, "area_ha": 1.1, "rise_db": 7.5, "digitised_from": "Sentinel-1 VV rise 2022->2026, orbit 84"}}, {"type": "Feature", "geometry": {"geodesic": false, "type": "Polygon", "coordinates": [[[106.5315688698477, 38.23373579658143], [106.5315688698477, 38.233376470467775], [106.53120954373405, 38.233376470467775], [106.53120954373405, 38.23301714435413], [106.53138920679088, 38.23301714435413], [106.53138920679088, 38.23265781824048], [106.5315688698477, 38.23265781824048], [106.5315688698477, 38.23247815518366], [106.53174853290453, 38.23247815518366], [106.53174853290453, 38.23265781824048], [106.53192819596134, 38.23265781824048], [106.53192819596134, 38.23283748129731], [106.53210785901817, 38.23283748129731], [106.53210785901817, 38.23301714435413], [106.53300617430229, 38.23301714435413], [106.53300617430229, 38.233376470467775], [106.532287522075, 38.233376470467775], [106.532287522075, 38.233196807410955], [106.53192819596134, 38.233196807410955], [106.53192819596134, 38.233376470467775], [106.53174853290453, 38.233376470467775], [106.53174853290453, 38.23373579658143], [106.5315688698477, 38.23373579658143]]]}, "properties": {"name": "cand49", "ptype": "hall", "confidence": "low", "rank": 49, "area_ha": 1.1, "rise_db": 5.9, "digitised_from": "Sentinel-1 VV rise 2022->2026, orbit 84"}}, {"type": "Feature", "geometry": {"geodesic": false, "type": "Polygon", "coordinates": [[[106.49599558459657, 38.230322198501774], [106.49599558459657, 38.229603546274475], [106.4961752476534, 38.229603546274475], [106.4961752476534, 38.22942388321765], [106.49581592153974, 38.22942388321765], [106.49581592153974, 38.22924422016083], [106.4961752476534, 38.22924422016083], [106.4961752476534, 38.22888489404718], [106.49635491071021, 38.22888489404718], [106.49635491071021, 38.228166241819885], [106.49653457376704, 38.228166241819885], [106.49653457376704, 38.22780691570624], [106.49671423682386, 38.22780691570624], [106.49671423682386, 38.22888489404718], [106.49653457376704, 38.22888489404718], [106.49653457376704, 38.229064557104], [106.49635491071021, 38.229064557104], [106.49635491071021, 38.22924422016083], [106.4961752476534, 38.22924422016083], [106.4961752476534, 38.22942388321765], [106.49671423682386, 38.22942388321765], [106.49671423682386, 38.2297832093313], [106.49635491071021, 38.2297832093313], [106.49635491071021, 38.23014253544495], [106.4961752476534, 38.23014253544495], [106.4961752476534, 38.230322198501774], [106.49599558459657, 38.230322198501774]]]}, "properties": {"name": "cand50", "ptype": "hall", "confidence": "low", "rank": 50, "area_ha": 1.1, "rise_db": 6.8, "digitised_from": "Sentinel-1 VV rise 2022->2026, orbit 84"}}, {"type": "Feature", "geometry": {"geodesic": false, "type": "Polygon", "coordinates": [[[106.54180966408666, 38.23265781824048], [106.54180966408666, 38.23247815518366], [106.54163000102984, 38.23247815518366], [106.54163000102984, 38.23229849212684], [106.54145033797302, 38.23229849212684], [106.54145033797302, 38.23211882907001], [106.54163000102984, 38.23211882907001], [106.54163000102984, 38.23140017684271], [106.54198932714348, 38.23140017684271], [106.54198932714348, 38.23157983989954], [106.54234865325714, 38.23157983989954], [106.54234865325714, 38.231759502956365], [106.54252831631396, 38.231759502956365], [106.54252831631396, 38.23211882907001], [106.54234865325714, 38.23211882907001], [106.54234865325714, 38.23247815518366], [106.54216899020031, 38.23247815518366], [106.54216899020031, 38.23265781824048], [106.54180966408666, 38.23265781824048]]]}, "properties": {"name": "cand51", "ptype": "hall", "confidence": "low", "rank": 51, "area_ha": 1.1, "rise_db": 5.4, "digitised_from": "Sentinel-1 VV rise 2022->2026, orbit 84"}}, {"type": "Feature", "geometry": {"geodesic": false, "type": "Polygon", "coordinates": [[[106.5480978710755, 38.25906828759359], [106.5480978710755, 38.25888862453677], [106.54791820801867, 38.25888862453677], [106.54791820801867, 38.25870896147995], [106.5480978710755, 38.25870896147995], [106.5480978710755, 38.25781064619583], [106.54881652330279, 38.25781064619583], [106.54881652330279, 38.257990309252655], [106.54899618635962, 38.257990309252655], [106.54899618635962, 38.25781064619583], [106.54917584941644, 38.25781064619583], [106.54917584941644, 38.258169972309474], [106.54863686024598, 38.258169972309474], [106.54863686024598, 38.25906828759359], [106.5480978710755, 38.25906828759359]]]}, "properties": {"name": "cand52", "ptype": "hall", "confidence": "low", "rank": 52, "area_ha": 1.1, "rise_db": 6.4, "digitised_from": "Sentinel-1 VV rise 2022->2026, orbit 84"}}, {"type": "Feature", "geometry": {"geodesic": false, "type": "Polygon", "coordinates": [[[106.52025009726779, 38.22475264374023], [106.52025009726779, 38.224393317626586], [106.52007043421096, 38.224393317626586], [106.52007043421096, 38.22403399151293], [106.52025009726779, 38.22403399151293], [106.52025009726779, 38.22385432845611], [106.52007043421096, 38.22385432845611], [106.52007043421096, 38.22367466539929], [106.51971110809733, 38.22367466539929], [106.51971110809733, 38.22331533928564], [106.52007043421096, 38.22331533928564], [106.52007043421096, 38.22349500234246], [106.52025009726779, 38.22349500234246], [106.52025009726779, 38.22367466539929], [106.52078908643827, 38.22367466539929], [106.52078908643827, 38.22349500234246], [106.52114841255191, 38.22349500234246], [106.52114841255191, 38.22385432845611], [106.52078908643827, 38.22385432845611], [106.52078908643827, 38.22403399151293], [106.52060942338144, 38.22403399151293], [106.52060942338144, 38.22421365456976], [106.52078908643827, 38.22421365456976], [106.52078908643827, 38.224393317626586], [106.52060942338144, 38.224393317626586], [106.52060942338144, 38.224572980683405], [106.52042976032462, 38.224572980683405], [106.52042976032462, 38.22475264374023], [106.52025009726779, 38.22475264374023]]]}, "properties": {"name": "cand53", "ptype": "hall", "confidence": "low", "rank": 53, "area_ha": 1.0, "rise_db": 5.4, "digitised_from": "Sentinel-1 VV rise 2022->2026, orbit 84"}}, {"type": "Feature", "geometry": {"geodesic": false, "type": "Polygon", "coordinates": [[[106.5263586411998, 38.22654927430847], [106.5263586411998, 38.22618994819482], [106.52617897814298, 38.22618994819482], [106.52617897814298, 38.226010285137995], [106.52599931508615, 38.226010285137995], [106.52599931508615, 38.225291632910704], [106.52617897814298, 38.225291632910704], [106.52617897814298, 38.22511196985388], [106.52653830425663, 38.22511196985388], [106.52653830425663, 38.225291632910704], [106.52671796731346, 38.225291632910704], [106.52671796731346, 38.22636961125165], [106.52689763037029, 38.22636961125165], [106.52689763037029, 38.22654927430847], [106.5263586411998, 38.22654927430847]]]}, "properties": {"name": "cand54", "ptype": "hall", "confidence": "low", "rank": 54, "area_ha": 1.0, "rise_db": 8.5, "digitised_from": "Sentinel-1 VV rise 2022->2026, orbit 84"}}, {"type": "Feature", "geometry": {"geodesic": false, "type": "Polygon", "coordinates": [[[106.50210412852859, 38.20229476163724], [106.50210412852859, 38.201935435523595], [106.5015651393581, 38.201935435523595], [106.5015651393581, 38.20175577246677], [106.50138547630128, 38.20175577246677], [106.50138547630128, 38.201216783296296], [106.5015651393581, 38.201216783296296], [106.5015651393581, 38.20103712023948], [106.50192446547176, 38.20103712023948], [106.50192446547176, 38.201216783296296], [106.50210412852859, 38.201216783296296], [106.50210412852859, 38.20139644635312], [106.5022837915854, 38.20139644635312], [106.5022837915854, 38.20157610940995], [106.50246345464222, 38.20157610940995], [106.50246345464222, 38.20211509858042], [106.5022837915854, 38.20211509858042], [106.5022837915854, 38.20229476163724], [106.50210412852859, 38.20229476163724]]]}, "properties": {"name": "cand55", "ptype": "hall", "confidence": "low", "rank": 55, "area_ha": 1.0, "rise_db": 7.5, "digitised_from": "Sentinel-1 VV rise 2022->2026, orbit 84"}}]}