{"type": "FeatureCollection", "features": [{"type": "Feature", "geometry": {"geodesic": false, "type": "Polygon", "coordinates": [[[118.30740426631368, 31.497628807082783], [118.30740426631368, 31.497449144025957], [118.30722460325686, 31.497449144025957], [118.30722460325686, 31.496910154855485], [118.30704494020003, 31.496910154855485], [118.30704494020003, 31.49655082874184], [118.30686527714322, 31.49655082874184], [118.30686527714322, 31.496910154855485], [118.30668561408639, 31.496910154855485], [118.30668561408639, 31.49655082874184], [118.30686527714322, 31.49655082874184], [118.30686527714322, 31.496011839571366], [118.30578729880227, 31.496011839571366], [118.30578729880227, 31.49655082874184], [118.3059669618591, 31.49655082874184], [118.3059669618591, 31.49708981791231], [118.30506864657497, 31.49708981791231], [118.30506864657497, 31.497269480969134], [118.30470932046133, 31.497269480969134], [118.30470932046133, 31.49673049179866], [118.30488898351815, 31.49673049179866], [118.30488898351815, 31.496371165685016], [118.30506864657497, 31.496371165685016], [118.30506864657497, 31.49619150262819], [118.30488898351815, 31.49619150262819], [118.30488898351815, 31.496011839571366], [118.30434999434767, 31.496011839571366], [118.30434999434767, 31.49565251345772], [118.30417033129085, 31.49565251345772], [118.30417033129085, 31.495113524287248], [118.30399066823404, 31.495113524287248], [118.30399066823404, 31.49493386123042], [118.30381100517721, 31.49493386123042], [118.30381100517721, 31.495113524287248], [118.30363134212038, 31.495113524287248], [118.30363134212038, 31.49493386123042], [118.30345167906356, 31.49493386123042], [118.30345167906356, 31.4947541981736], [118.30327201600673, 31.4947541981736], [118.30327201600673, 31.494574535116776], [118.3030923529499, 31.494574535116776], [118.3030923529499, 31.494394872059953], [118.30291268989309, 31.494394872059953], [118.30291268989309, 31.49385588288948], [118.30327201600673, 31.49385588288948], [118.30327201600673, 31.494035545946304], [118.30345167906356, 31.494035545946304], [118.30345167906356, 31.49349655677583], [118.30327201600673, 31.49349655677583], [118.30327201600673, 31.493316893719008], [118.30273302683626, 31.493316893719008], [118.30273302683626, 31.492598241491713], [118.30291268989309, 31.492598241491713], [118.30291268989309, 31.49241857843489], [118.3030923529499, 31.49241857843489], [118.3030923529499, 31.49205925232124], [118.30237370072261, 31.49205925232124], [118.30237370072261, 31.491879589264418], [118.30129572238167, 31.491879589264418], [118.30129572238167, 31.49169992620759], [118.3007567332112, 31.49169992620759], [118.3007567332112, 31.49152026315077], [118.30057707015438, 31.49152026315077], [118.30057707015438, 31.491160937037122], [118.30039740709755, 31.491160937037122], [118.30039740709755, 31.490981273980296], [118.30021774404072, 31.490981273980296], [118.30021774404072, 31.491160937037122], [118.30003808098391, 31.491160937037122], [118.30003808098391, 31.491340600093945], [118.29967875487026, 31.491340600093945], [118.29967875487026, 31.490981273980296], [118.29949909181343, 31.490981273980296], [118.29949909181343, 31.490801610923473], [118.29913976569978, 31.490801610923473], [118.29913976569978, 31.491160937037122], [118.29860077652931, 31.491160937037122], [118.29860077652931, 31.49062194786665], [118.29824145041566, 31.49062194786665], [118.29824145041566, 31.490801610923473], [118.29806178735885, 31.490801610923473], [118.29806178735885, 31.49062194786665], [118.2977024612452, 31.49062194786665], [118.2977024612452, 31.490442284809827], [118.29788212430202, 31.490442284809827], [118.29788212430202, 31.490262621753], [118.29878043958614, 31.490262621753], [118.29878043958614, 31.490442284809827], [118.29985841792708, 31.490442284809827], [118.29985841792708, 31.49062194786665], [118.30129572238167, 31.49062194786665], [118.30129572238167, 31.490801610923473], [118.3014753854385, 31.490801610923473], [118.3014753854385, 31.49062194786665], [118.30201437460897, 31.49062194786665], [118.30201437460897, 31.490801610923473], [118.30291268989309, 31.490801610923473], [118.30291268989309, 31.490442284809827], [118.30273302683626, 31.490442284809827], [118.30273302683626, 31.490262621753], [118.30255336377944, 31.490262621753], [118.30255336377944, 31.490082958696178], [118.30273302683626, 31.490082958696178], [118.30273302683626, 31.489903295639355], [118.30345167906356, 31.489903295639355], [118.30345167906356, 31.48972363258253], [118.30363134212038, 31.48972363258253], [118.30363134212038, 31.489543969525705], [118.30381100517721, 31.489543969525705], [118.30381100517721, 31.489364306468882], [118.30417033129085, 31.489364306468882], [118.30417033129085, 31.48972363258253], [118.30434999434767, 31.48972363258253], [118.30434999434767, 31.489364306468882], [118.3045296574045, 31.489364306468882], [118.3045296574045, 31.489543969525705], [118.30470932046133, 31.489543969525705], [118.30470932046133, 31.48972363258253], [118.30488898351815, 31.48972363258253], [118.30488898351815, 31.490082958696178], [118.30506864657497, 31.490082958696178], [118.30506864657497, 31.490262621753], [118.30542797268862, 31.490262621753], [118.30542797268862, 31.490082958696178], [118.30560763574545, 31.490082958696178], [118.30560763574545, 31.489903295639355], [118.30542797268862, 31.489903295639355], [118.30542797268862, 31.489364306468882], [118.30560763574545, 31.489364306468882], [118.30560763574545, 31.48918464341206], [118.30578729880227, 31.48918464341206], [118.30578729880227, 31.488645654241587], [118.3059669618591, 31.488645654241587], [118.3059669618591, 31.488106665071115], [118.30614662491591, 31.488106665071115], [118.30614662491591, 31.486849023673347], [118.30632628797274, 31.486849023673347], [118.30632628797274, 31.4864896975597], [118.30614662491591, 31.4864896975597], [118.30614662491591, 31.486310034502875], [118.30578729880227, 31.486310034502875], [118.30578729880227, 31.4864896975597], [118.30542797268862, 31.4864896975597], [118.30542797268862, 31.486669360616524], [118.30488898351815, 31.486669360616524], [118.30488898351815, 31.486849023673347], [118.30470932046133, 31.486849023673347], [118.30470932046133, 31.486669360616524], [118.3045296574045, 31.486669360616524], [118.3045296574045, 31.4864896975597], [118.30488898351815, 31.4864896975597], [118.30488898351815, 31.486310034502875], [118.30560763574545, 31.486310034502875], [118.30560763574545, 31.486130371446052], [118.3059669618591, 31.486130371446052], [118.3059669618591, 31.485771045332402], [118.30578729880227, 31.485771045332402], [118.30578729880227, 31.48559138227558], [118.30560763574545, 31.48559138227558], [118.30560763574545, 31.485411719218757], [118.30578729880227, 31.485411719218757], [118.30578729880227, 31.485232056161934], [118.3059669618591, 31.485232056161934], [118.3059669618591, 31.485052393105107], [118.30704494020003, 31.485052393105107], [118.30704494020003, 31.484872730048284], [118.30722460325686, 31.484872730048284], [118.30722460325686, 31.48469306699146], [118.30740426631368, 31.48469306699146], [118.30740426631368, 31.485232056161934], [118.30758392937051, 31.485232056161934], [118.30758392937051, 31.48559138227558], [118.30740426631368, 31.48559138227558], [118.30740426631368, 31.485771045332402], [118.30758392937051, 31.485771045332402], [118.30758392937051, 31.486130371446052], [118.30740426631368, 31.486130371446052], [118.30740426631368, 31.48738801284382], [118.30758392937051, 31.48738801284382], [118.30758392937051, 31.488106665071115], [118.30776359242734, 31.488106665071115], [118.30776359242734, 31.488286328127938], [118.30812291854097, 31.488286328127938], [118.30812291854097, 31.487747338957465], [118.3083025815978, 31.487747338957465], [118.3083025815978, 31.487927002014292], [118.30848224465463, 31.487927002014292], [118.30848224465463, 31.487747338957465], [118.30866190771145, 31.487747338957465], [118.30866190771145, 31.48738801284382], [118.30884157076828, 31.48738801284382], [118.30884157076828, 31.487208349786997], [118.30920089688192, 31.487208349786997], [118.30920089688192, 31.486669360616524], [118.30902123382509, 31.486669360616524], [118.30902123382509, 31.4864896975597], [118.30920089688192, 31.4864896975597], [118.30920089688192, 31.486669360616524], [118.30938055993875, 31.486669360616524], [118.30938055993875, 31.486310034502875], [118.30956022299557, 31.486310034502875], [118.30956022299557, 31.48559138227558], [118.3097398860524, 31.48559138227558], [118.3097398860524, 31.484872730048284], [118.30991954910922, 31.484872730048284], [118.30991954910922, 31.48469306699146], [118.31027887522286, 31.48469306699146], [118.31027887522286, 31.486130371446052], [118.31009921216604, 31.486130371446052], [118.31009921216604, 31.486669360616524], [118.30991954910922, 31.486669360616524], [118.30991954910922, 31.48702868673017], [118.31009921216604, 31.48702868673017], [118.31009921216604, 31.487208349786997], [118.30991954910922, 31.487208349786997], [118.30991954910922, 31.487927002014292], [118.31009921216604, 31.487927002014292], [118.31009921216604, 31.488106665071115], [118.30991954910922, 31.488106665071115], [118.30991954910922, 31.488645654241587], [118.3097398860524, 31.488645654241587], [118.3097398860524, 31.48882531729841], [118.31045853827969, 31.48882531729841], [118.31045853827969, 31.489004980355233], [118.31027887522286, 31.489004980355233], [118.31027887522286, 31.48918464341206], [118.31063820133652, 31.48918464341206], [118.31063820133652, 31.489364306468882], [118.31027887522286, 31.489364306468882], [118.31027887522286, 31.489543969525705], [118.31063820133652, 31.489543969525705], [118.31063820133652, 31.48972363258253], [118.31081786439334, 31.48972363258253], [118.31081786439334, 31.489543969525705], [118.31099752745016, 31.489543969525705], [118.31099752745016, 31.48972363258253], [118.31117719050698, 31.48972363258253], [118.31117719050698, 31.489903295639355], [118.31081786439334, 31.489903295639355], [118.31081786439334, 31.490442284809827], [118.31099752745016, 31.490442284809827], [118.31099752745016, 31.49062194786665], [118.31117719050698, 31.49062194786665], [118.31117719050698, 31.490082958696178], [118.31135685356381, 31.490082958696178], [118.31135685356381, 31.48972363258253], [118.31153651662063, 31.48972363258253], [118.31153651662063, 31.490082958696178], [118.31135685356381, 31.490082958696178], [118.31135685356381, 31.490442284809827], [118.31153651662063, 31.490442284809827], [118.31153651662063, 31.490801610923473], [118.31135685356381, 31.490801610923473], [118.31135685356381, 31.491879589264418], [118.31171617967746, 31.491879589264418], [118.31171617967746, 31.49205925232124], [118.31189584273429, 31.49205925232124], [118.31189584273429, 31.491879589264418], [118.3120755057911, 31.491879589264418], [118.3120755057911, 31.49169992620759], [118.31225516884793, 31.49169992620759], [118.31225516884793, 31.492238915378064], [118.31243483190475, 31.492238915378064], [118.31243483190475, 31.49241857843489], [118.31333314718887, 31.49241857843489], [118.31333314718887, 31.492598241491713], [118.31441112552982, 31.492598241491713], [118.31441112552982, 31.492777904548536], [118.31530944081393, 31.492777904548536], [118.31530944081393, 31.49295756760536], [118.31602809304123, 31.49295756760536], [118.31602809304123, 31.493137230662185], [118.31620775609805, 31.493137230662185], [118.31620775609805, 31.49295756760536], [118.31638741915488, 31.49295756760536], [118.31638741915488, 31.493137230662185], [118.317285734439, 31.493137230662185], [118.317285734439, 31.49349655677583], [118.31710607138217, 31.49349655677583], [118.31710607138217, 31.493316893719008], [118.31548910387076, 31.493316893719008], [118.31548910387076, 31.493137230662185], [118.31423146247299, 31.493137230662185], [118.31423146247299, 31.49295756760536], [118.31333314718887, 31.49295756760536], [118.31333314718887, 31.493137230662185], [118.31315348413204, 31.493137230662185], [118.31315348413204, 31.493316893719008], [118.31297382107522, 31.493316893719008], [118.31297382107522, 31.49349655677583], [118.31225516884793, 31.49349655677583], [118.31225516884793, 31.493676219832658], [118.3127941580184, 31.493676219832658], [118.3127941580184, 31.49385588288948], [118.3135128102457, 31.49385588288948], [118.3135128102457, 31.494035545946304], [118.31369247330252, 31.494035545946304], [118.31369247330252, 31.494215209003126], [118.31243483190475, 31.494215209003126], [118.31243483190475, 31.494574535116776], [118.31261449496158, 31.494574535116776], [118.31261449496158, 31.4947541981736], [118.31297382107522, 31.4947541981736], [118.31297382107522, 31.49493386123042], [118.3127941580184, 31.49493386123042], [118.3127941580184, 31.495472850400894], [118.31261449496158, 31.495472850400894], [118.31261449496158, 31.495113524287248], [118.31243483190475, 31.495113524287248], [118.31243483190475, 31.494574535116776], [118.3120755057911, 31.494574535116776], [118.3120755057911, 31.4947541981736], [118.31189584273429, 31.4947541981736], [118.31189584273429, 31.49529318734407], [118.31171617967746, 31.49529318734407], [118.31171617967746, 31.495472850400894], [118.31153651662063, 31.495472850400894], [118.31153651662063, 31.49529318734407], [118.31135685356381, 31.49529318734407], [118.31135685356381, 31.494394872059953], [118.31153651662063, 31.494394872059953], [118.31153651662063, 31.494035545946304], [118.31135685356381, 31.494035545946304], [118.31135685356381, 31.49385588288948], [118.31099752745016, 31.49385588288948], [118.31099752745016, 31.494035545946304], [118.31081786439334, 31.494035545946304], [118.31081786439334, 31.494215209003126], [118.31063820133652, 31.494215209003126], [118.31063820133652, 31.494574535116776], [118.31027887522286, 31.494574535116776], [118.31027887522286, 31.4947541981736], [118.30884157076828, 31.4947541981736], [118.30884157076828, 31.494574535116776], [118.30866190771145, 31.494574535116776], [118.30866190771145, 31.494394872059953], [118.30848224465463, 31.494394872059953], [118.30848224465463, 31.494215209003126], [118.30794325548416, 31.494215209003126], [118.30794325548416, 31.494394872059953], [118.30776359242734, 31.494394872059953], [118.30776359242734, 31.4947541981736], [118.30740426631368, 31.4947541981736], [118.30740426631368, 31.494394872059953], [118.30722460325686, 31.494394872059953], [118.30722460325686, 31.494215209003126], [118.30704494020003, 31.494215209003126], [118.30704494020003, 31.494035545946304], [118.30668561408639, 31.494035545946304], [118.30668561408639, 31.493676219832658], [118.30704494020003, 31.493676219832658], [118.30704494020003, 31.49349655677583], [118.30722460325686, 31.49349655677583], [118.30722460325686, 31.493316893719008], [118.30740426631368, 31.493316893719008], [118.30740426631368, 31.49295756760536], [118.30722460325686, 31.49295756760536], [118.30722460325686, 31.492777904548536], [118.30668561408639, 31.492777904548536], [118.30668561408639, 31.49295756760536], [118.30632628797274, 31.49295756760536], [118.30632628797274, 31.493137230662185], [118.30614662491591, 31.493137230662185], [118.30614662491591, 31.493676219832658], [118.30632628797274, 31.493676219832658], [118.30632628797274, 31.49385588288948], [118.30650595102956, 31.49385588288948], [118.30650595102956, 31.494215209003126], [118.30632628797274, 31.494215209003126], [118.30632628797274, 31.494574535116776], [118.30614662491591, 31.494574535116776], [118.30614662491591, 31.49493386123042], [118.30632628797274, 31.49493386123042], [118.30632628797274, 31.495113524287248], [118.30650595102956, 31.495113524287248], [118.30650595102956, 31.49529318734407], [118.30740426631368, 31.49529318734407], [118.30740426631368, 31.495472850400894], [118.30758392937051, 31.495472850400894], [118.30758392937051, 31.49565251345772], [118.30740426631368, 31.49565251345772], [118.30740426631368, 31.495832176514543], [118.30776359242734, 31.495832176514543], [118.30776359242734, 31.495113524287248], [118.3083025815978, 31.495113524287248], [118.3083025815978, 31.49529318734407], [118.30866190771145, 31.49529318734407], [118.30866190771145, 31.495113524287248], [118.30884157076828, 31.495113524287248], [118.30884157076828, 31.49529318734407], [118.30902123382509, 31.49529318734407], [118.30902123382509, 31.495472850400894], [118.30920089688192, 31.495472850400894], [118.30920089688192, 31.49565251345772], [118.30938055993875, 31.49565251345772], [118.30938055993875, 31.495832176514543], [118.30920089688192, 31.495832176514543], [118.30920089688192, 31.49565251345772], [118.30902123382509, 31.49565251345772], [118.30902123382509, 31.495832176514543], [118.30866190771145, 31.495832176514543], [118.30866190771145, 31.496011839571366], [118.30902123382509, 31.496011839571366], [118.30902123382509, 31.49619150262819], [118.30848224465463, 31.49619150262819], [118.30848224465463, 31.496011839571366], [118.30812291854097, 31.496011839571366], [118.30812291854097, 31.49673049179866], [118.30794325548416, 31.49673049179866], [118.30794325548416, 31.497449144025957], [118.30776359242734, 31.497449144025957], [118.30776359242734, 31.497628807082783], [118.30740426631368, 31.497628807082783]], [[118.30399066823404, 31.489903295639355], [118.30381100517721, 31.489903295639355], [118.30381100517721, 31.48972363258253], [118.30399066823404, 31.48972363258253], [118.30399066823404, 31.489903295639355]], [[118.30902123382509, 31.487927002014292], [118.30884157076828, 31.487927002014292], [118.30884157076828, 31.487747338957465], [118.30902123382509, 31.487747338957465], [118.30902123382509, 31.487927002014292]], [[118.30884157076828, 31.488286328127938], [118.30848224465463, 31.488286328127938], [118.30848224465463, 31.488106665071115], [118.30866190771145, 31.488106665071115], [118.30866190771145, 31.487927002014292], [118.30884157076828, 31.487927002014292], [118.30884157076828, 31.488286328127938]], [[118.31063820133652, 31.490082958696178], [118.31045853827969, 31.490082958696178], [118.31045853827969, 31.489903295639355], [118.31063820133652, 31.489903295639355], [118.31063820133652, 31.490082958696178]], [[118.30363134212038, 31.49062194786665], [118.30327201600673, 31.49062194786665], [118.30327201600673, 31.490442284809827], [118.30363134212038, 31.490442284809827], [118.30363134212038, 31.49062194786665]], [[118.31027887522286, 31.49169992620759], [118.31009921216604, 31.49169992620759], [118.31009921216604, 31.491340600093945], [118.31045853827969, 31.491340600093945], [118.31045853827969, 31.49152026315077], [118.31027887522286, 31.49152026315077], [118.31027887522286, 31.49169992620759]], [[118.30956022299557, 31.494215209003126], [118.30884157076828, 31.494215209003126], [118.30884157076828, 31.494035545946304], [118.30866190771145, 31.494035545946304], [118.30866190771145, 31.49349655677583], [118.30848224465463, 31.49349655677583], [118.30848224465463, 31.493316893719008], [118.30866190771145, 31.493316893719008], [118.30866190771145, 31.493137230662185], [118.30902123382509, 31.493137230662185], [118.30902123382509, 31.49295756760536], [118.30920089688192, 31.49295756760536], [118.30920089688192, 31.492777904548536], [118.30991954910922, 31.492777904548536], [118.30991954910922, 31.492598241491713], [118.31081786439334, 31.492598241491713], [118.31081786439334, 31.492777904548536], [118.31117719050698, 31.492777904548536], [118.31117719050698, 31.49295756760536], [118.31153651662063, 31.49295756760536], [118.31153651662063, 31.493316893719008], [118.31135685356381, 31.493316893719008], [118.31135685356381, 31.49349655677583], [118.31027887522286, 31.49349655677583], [118.31027887522286, 31.49385588288948], [118.31009921216604, 31.49385588288948], [118.31009921216604, 31.494035545946304], [118.30956022299557, 31.494035545946304], [118.30956022299557, 31.494215209003126]]]}, "properties": {"name": "cand01", "ptype": "hall", "confidence": "low", "rank": 1, "area_ha": 85.2, "rise_db": 9.3, "digitised_from": "Sentinel-1 VV rise 2022->2026, orbit 142"}}, {"type": "Feature", "geometry": {"geodesic": false, "type": "Polygon", "coordinates": [[[118.28835998229034, 31.477506544718505], [118.28835998229034, 31.477326881661682], [118.2880006561767, 31.477326881661682], [118.2880006561767, 31.477506544718505], [118.28764133006305, 31.477506544718505], [118.28764133006305, 31.47678789249121], [118.28746166700623, 31.47678789249121], [118.28746166700623, 31.476069240263914], [118.2872820039494, 31.476069240263914], [118.2872820039494, 31.475889577207088], [118.28692267783576, 31.475889577207088], [118.28692267783576, 31.475709914150265], [118.28638368866528, 31.475709914150265], [118.28638368866528, 31.475889577207088], [118.28602436255164, 31.475889577207088], [118.28602436255164, 31.476069240263914], [118.28584469949482, 31.476069240263914], [118.28584469949482, 31.47642856637756], [118.28530571032434, 31.47642856637756], [118.28530571032434, 31.47535058803662], [118.28512604726752, 31.47535058803662], [118.28512604726752, 31.475170924979793], [118.2849463842107, 31.475170924979793], [118.2849463842107, 31.47499126192297], [118.28476672115387, 31.47499126192297], [118.28476672115387, 31.474272609695674], [118.28512604726752, 31.474272609695674], [118.28512604726752, 31.47409294663885], [118.28530571032434, 31.47409294663885], [118.28530571032434, 31.473913283582025], [118.28566503643799, 31.473913283582025], [118.28566503643799, 31.47409294663885], [118.28620402560847, 31.47409294663885], [118.28620402560847, 31.473913283582025], [118.28656335172211, 31.473913283582025], [118.28656335172211, 31.47409294663885], [118.28710234089259, 31.47409294663885], [118.28710234089259, 31.473913283582025], [118.28818031923353, 31.473913283582025], [118.28818031923353, 31.473733620525202], [118.28835998229034, 31.473733620525202], [118.28835998229034, 31.473374294411556], [118.28853964534717, 31.473374294411556], [118.28853964534717, 31.473014968297907], [118.28674301477893, 31.473014968297907], [118.28674301477893, 31.47319463135473], [118.28602436255164, 31.47319463135473], [118.28602436255164, 31.472835305241084], [118.28584469949482, 31.472835305241084], [118.28584469949482, 31.470140359388726], [118.28620402560847, 31.470140359388726], [118.28620402560847, 31.47032002244555], [118.28656335172211, 31.47032002244555], [118.28656335172211, 31.47049968550237], [118.28674301477893, 31.47049968550237], [118.28674301477893, 31.470679348559194], [118.28710234089259, 31.470679348559194], [118.28710234089259, 31.47049968550237], [118.2872820039494, 31.47049968550237], [118.2872820039494, 31.47032002244555], [118.2880006561767, 31.47032002244555], [118.2880006561767, 31.470140359388726], [118.28835998229034, 31.470140359388726], [118.28835998229034, 31.47032002244555], [118.28889897146082, 31.47032002244555], [118.28889897146082, 31.47049968550237], [118.28943796063129, 31.47049968550237], [118.28943796063129, 31.47032002244555], [118.28961762368812, 31.47032002244555], [118.28961762368812, 31.47049968550237], [118.29033627591541, 31.47049968550237], [118.29033627591541, 31.47032002244555], [118.29177358037, 31.47032002244555], [118.29177358037, 31.470140359388726], [118.29195324342683, 31.470140359388726], [118.29195324342683, 31.4699606963319], [118.29177358037, 31.4699606963319], [118.29177358037, 31.469781033275076], [118.29195324342683, 31.469781033275076], [118.29195324342683, 31.469601370218253], [118.29267189565412, 31.469601370218253], [118.29267189565412, 31.4699606963319], [118.29231256954047, 31.4699606963319], [118.29231256954047, 31.470140359388726], [118.2924922325973, 31.470140359388726], [118.2924922325973, 31.47032002244555], [118.29285155871095, 31.47032002244555], [118.29285155871095, 31.470140359388726], [118.29374987399507, 31.470140359388726], [118.29374987399507, 31.469781033275076], [118.29357021093824, 31.469781033275076], [118.29357021093824, 31.469601370218253], [118.29339054788142, 31.469601370218253], [118.29339054788142, 31.468882717990958], [118.29357021093824, 31.468882717990958], [118.29357021093824, 31.46906238104778], [118.29374987399507, 31.46906238104778], [118.29374987399507, 31.46942170716143], [118.2939295370519, 31.46942170716143], [118.2939295370519, 31.469601370218253], [118.29410920010872, 31.469601370218253], [118.29410920010872, 31.470140359388726], [118.2939295370519, 31.470140359388726], [118.2939295370519, 31.47032002244555], [118.29428886316553, 31.47032002244555], [118.29428886316553, 31.47049968550237], [118.29446852622236, 31.47049968550237], [118.29446852622236, 31.471038674672844], [118.29410920010872, 31.471038674672844], [118.29410920010872, 31.471218337729667], [118.29464818927919, 31.471218337729667], [118.29464818927919, 31.471398000786493], [118.29482785233601, 31.471398000786493], [118.29482785233601, 31.471577663843316], [118.29446852622236, 31.471577663843316], [118.29446852622236, 31.471398000786493], [118.29410920010872, 31.471398000786493], [118.29410920010872, 31.471218337729667], [118.29374987399507, 31.471218337729667], [118.29374987399507, 31.471398000786493], [118.29357021093824, 31.471398000786493], [118.29357021093824, 31.471577663843316], [118.29285155871095, 31.471577663843316], [118.29285155871095, 31.471398000786493], [118.29267189565412, 31.471398000786493], [118.29267189565412, 31.471577663843316], [118.29213290648366, 31.471577663843316], [118.29213290648366, 31.471398000786493], [118.29159391731318, 31.471398000786493], [118.29159391731318, 31.471577663843316], [118.29141425425635, 31.471577663843316], [118.29141425425635, 31.471936989956962], [118.29159391731318, 31.471936989956962], [118.29159391731318, 31.47211665301379], [118.29177358037, 31.47211665301379], [118.29177358037, 31.47229631607061], [118.29195324342683, 31.47229631607061], [118.29195324342683, 31.47211665301379], [118.29285155871095, 31.47211665301379], [118.29285155871095, 31.471936989956962], [118.29321088482459, 31.471936989956962], [118.29321088482459, 31.472475979127434], [118.29285155871095, 31.472475979127434], [118.29285155871095, 31.472655642184257], [118.29303122176778, 31.472655642184257], [118.29303122176778, 31.472835305241084], [118.29321088482459, 31.472835305241084], [118.29321088482459, 31.47319463135473], [118.29339054788142, 31.47319463135473], [118.29339054788142, 31.473014968297907], [118.29374987399507, 31.473014968297907], [118.29374987399507, 31.472475979127434], [118.29357021093824, 31.472475979127434], [118.29357021093824, 31.47229631607061], [118.29374987399507, 31.47229631607061], [118.29374987399507, 31.47211665301379], [118.2939295370519, 31.47211665301379], [118.2939295370519, 31.471936989956962], [118.29428886316553, 31.471936989956962], [118.29428886316553, 31.47211665301379], [118.29464818927919, 31.47211665301379], [118.29464818927919, 31.47229631607061], [118.29482785233601, 31.47229631607061], [118.29482785233601, 31.472475979127434], [118.29464818927919, 31.472475979127434], [118.29464818927919, 31.472655642184257], [118.29410920010872, 31.472655642184257], [118.29410920010872, 31.473014968297907], [118.2939295370519, 31.473014968297907], [118.2939295370519, 31.47355395746838], [118.29410920010872, 31.47355395746838], [118.29410920010872, 31.47409294663885], [118.2939295370519, 31.47409294663885], [118.2939295370519, 31.474272609695674], [118.29339054788142, 31.474272609695674], [118.29339054788142, 31.474811598866147], [118.29357021093824, 31.474811598866147], [118.29357021093824, 31.475889577207088], [118.2939295370519, 31.475889577207088], [118.2939295370519, 31.475709914150265], [118.29410920010872, 31.475709914150265], [118.29410920010872, 31.475889577207088], [118.29428886316553, 31.475889577207088], [118.29428886316553, 31.476069240263914], [118.29446852622236, 31.476069240263914], [118.29446852622236, 31.476608229434383], [118.29428886316553, 31.476608229434383], [118.29428886316553, 31.47678789249121], [118.2939295370519, 31.47678789249121], [118.2939295370519, 31.476608229434383], [118.29339054788142, 31.476608229434383], [118.29339054788142, 31.47678789249121], [118.29321088482459, 31.47678789249121], [118.29321088482459, 31.476608229434383], [118.29303122176778, 31.476608229434383], [118.29303122176778, 31.47678789249121], [118.29231256954047, 31.47678789249121], [118.29231256954047, 31.477147218604856], [118.29213290648366, 31.477147218604856], [118.29213290648366, 31.477326881661682], [118.29195324342683, 31.477326881661682], [118.29195324342683, 31.477147218604856], [118.29177358037, 31.477147218604856], [118.29177358037, 31.477326881661682], [118.29141425425635, 31.477326881661682], [118.29141425425635, 31.477147218604856], [118.29123459119953, 31.477147218604856], [118.29123459119953, 31.477326881661682], [118.29087526508589, 31.477326881661682], [118.29087526508589, 31.477147218604856], [118.29051593897223, 31.477147218604856], [118.29051593897223, 31.477326881661682], [118.28889897146082, 31.477326881661682], [118.28889897146082, 31.477506544718505], [118.28835998229034, 31.477506544718505]], [[118.29231256954047, 31.47032002244555], [118.29195324342683, 31.47032002244555], [118.29195324342683, 31.470140359388726], [118.29231256954047, 31.470140359388726], [118.29231256954047, 31.47032002244555]], [[118.2939295370519, 31.47085901161602], [118.29374987399507, 31.47085901161602], [118.29374987399507, 31.470679348559194], [118.2939295370519, 31.470679348559194], [118.2939295370519, 31.47085901161602]], [[118.29087526508589, 31.47211665301379], [118.29069560202906, 31.47211665301379], [118.29069560202906, 31.471936989956962], [118.29087526508589, 31.471936989956962], [118.29087526508589, 31.47211665301379]], [[118.28907863451765, 31.473014968297907], [118.28889897146082, 31.473014968297907], [118.28889897146082, 31.472835305241084], [118.28907863451765, 31.472835305241084], [118.28907863451765, 31.473014968297907]], [[118.29105492814271, 31.473014968297907], [118.28961762368812, 31.473014968297907], [118.28961762368812, 31.472835305241084], [118.29105492814271, 31.472835305241084], [118.29105492814271, 31.473014968297907]], [[118.29105492814271, 31.476069240263914], [118.29051593897223, 31.476069240263914], [118.29051593897223, 31.475889577207088], [118.28997694980177, 31.475889577207088], [118.28997694980177, 31.475709914150265], [118.28979728674494, 31.475709914150265], [118.28979728674494, 31.475530251093442], [118.28997694980177, 31.475530251093442], [118.28997694980177, 31.47535058803662], [118.29141425425635, 31.47535058803662], [118.29141425425635, 31.475709914150265], [118.29123459119953, 31.475709914150265], [118.29123459119953, 31.475889577207088], [118.29105492814271, 31.475889577207088], [118.29105492814271, 31.476069240263914]], [[118.29033627591541, 31.476608229434383], [118.2901566128586, 31.476608229434383], [118.2901566128586, 31.47642856637756], [118.29033627591541, 31.47642856637756], [118.29033627591541, 31.476608229434383]]]}, "properties": {"name": "cand02", "ptype": "hall", "confidence": "low", "rank": 2, "area_ha": 63.3, "rise_db": 8.5, "digitised_from": "Sentinel-1 VV rise 2022->2026, orbit 142"}}, {"type": "Feature", "geometry": {"geodesic": false, "type": "Polygon", "coordinates": [[[118.26302749127818, 31.476608229434383], [118.26302749127818, 31.47642856637756], [118.26266816516453, 31.47642856637756], [118.26266816516453, 31.476248903320737], [118.2624885021077, 31.476248903320737], [118.2624885021077, 31.476069240263914], [118.26230883905089, 31.476069240263914], [118.26230883905089, 31.475889577207088], [118.26212917599406, 31.475889577207088], [118.26212917599406, 31.475709914150265], [118.26194951293724, 31.475709914150265], [118.26194951293724, 31.47535058803662], [118.26176984988041, 31.47535058803662], [118.26176984988041, 31.47499126192297], [118.26159018682358, 31.47499126192297], [118.26159018682358, 31.474811598866147], [118.26194951293724, 31.474811598866147], [118.26194951293724, 31.47463193580932], [118.26212917599406, 31.47463193580932], [118.26212917599406, 31.474452272752497], [118.26194951293724, 31.474452272752497], [118.26194951293724, 31.474272609695674], [118.26176984988041, 31.474272609695674], [118.26176984988041, 31.47409294663885], [118.26141052376677, 31.47409294663885], [118.26141052376677, 31.474272609695674], [118.26105119765312, 31.474272609695674], [118.26105119765312, 31.473913283582025], [118.26123086070994, 31.473913283582025], [118.26123086070994, 31.473733620525202], [118.26141052376677, 31.473733620525202], [118.26141052376677, 31.473374294411556], [118.26123086070994, 31.473374294411556], [118.26123086070994, 31.47355395746838], [118.25997321931217, 31.47355395746838], [118.25997321931217, 31.47319463135473], [118.26033254542583, 31.47319463135473], [118.26033254542583, 31.473014968297907], [118.26051220848264, 31.473014968297907], [118.26051220848264, 31.472655642184257], [118.260152882369, 31.472655642184257], [118.260152882369, 31.472475979127434], [118.25997321931217, 31.472475979127434], [118.25997321931217, 31.47229631607061], [118.260152882369, 31.47229631607061], [118.260152882369, 31.47211665301379], [118.25961389319852, 31.47211665301379], [118.25961389319852, 31.472835305241084], [118.25925456708488, 31.472835305241084], [118.25925456708488, 31.472655642184257], [118.25907490402805, 31.472655642184257], [118.25907490402805, 31.472475979127434], [118.25889524097123, 31.472475979127434], [118.25889524097123, 31.47229631607061], [118.2587155779144, 31.47229631607061], [118.2587155779144, 31.47211665301379], [118.25853591485757, 31.47211665301379], [118.25853591485757, 31.471936989956962], [118.25835625180076, 31.471936989956962], [118.25835625180076, 31.47175732690014], [118.25817658874394, 31.47175732690014], [118.25817658874394, 31.47085901161602], [118.25835625180076, 31.47085901161602], [118.25835625180076, 31.470679348559194], [118.25853591485757, 31.470679348559194], [118.25853591485757, 31.47049968550237], [118.25835625180076, 31.47049968550237], [118.25835625180076, 31.47032002244555], [118.25817658874394, 31.47032002244555], [118.25817658874394, 31.47049968550237], [118.25781726263028, 31.47049968550237], [118.25781726263028, 31.47085901161602], [118.25745793651664, 31.47085901161602], [118.25745793651664, 31.470679348559194], [118.25727827345982, 31.470679348559194], [118.25727827345982, 31.47032002244555], [118.25745793651664, 31.47032002244555], [118.25745793651664, 31.470140359388726], [118.25763759957346, 31.470140359388726], [118.25763759957346, 31.4699606963319], [118.25799692568711, 31.4699606963319], [118.25799692568711, 31.469781033275076], [118.25817658874394, 31.469781033275076], [118.25817658874394, 31.469601370218253], [118.25853591485757, 31.469601370218253], [118.25853591485757, 31.46942170716143], [118.25889524097123, 31.46942170716143], [118.25889524097123, 31.469242044104604], [118.25907490402805, 31.469242044104604], [118.25907490402805, 31.46906238104778], [118.25943423014171, 31.46906238104778], [118.25943423014171, 31.468882717990958], [118.25979355625535, 31.468882717990958], [118.25979355625535, 31.46870305493413], [118.25997321931217, 31.46870305493413], [118.25997321931217, 31.46852339187731], [118.260152882369, 31.46852339187731], [118.260152882369, 31.468343728820486], [118.26087153459629, 31.468343728820486], [118.26087153459629, 31.46852339187731], [118.26123086070994, 31.46852339187731], [118.26123086070994, 31.468164065763663], [118.26141052376677, 31.468164065763663], [118.26141052376677, 31.467804739650013], [118.26159018682358, 31.467804739650013], [118.26159018682358, 31.46762507659319], [118.26176984988041, 31.46762507659319], [118.26176984988041, 31.467804739650013], [118.26194951293724, 31.467804739650013], [118.26194951293724, 31.467984402706836], [118.26230883905089, 31.467984402706836], [118.26230883905089, 31.467804739650013], [118.2624885021077, 31.467804739650013], [118.2624885021077, 31.46762507659319], [118.263207154335, 31.46762507659319], [118.263207154335, 31.467445413536367], [118.26338681739183, 31.467445413536367], [118.26338681739183, 31.46762507659319], [118.263207154335, 31.46762507659319], [118.263207154335, 31.467804739650013], [118.26302749127818, 31.467804739650013], [118.26302749127818, 31.467984402706836], [118.26266816516453, 31.467984402706836], [118.26266816516453, 31.468164065763663], [118.26230883905089, 31.468164065763663], [118.26230883905089, 31.468343728820486], [118.26212917599406, 31.468343728820486], [118.26212917599406, 31.46852339187731], [118.26194951293724, 31.46852339187731], [118.26194951293724, 31.46870305493413], [118.26159018682358, 31.46870305493413], [118.26159018682358, 31.468882717990958], [118.26141052376677, 31.468882717990958], [118.26141052376677, 31.46906238104778], [118.26123086070994, 31.46906238104778], [118.26123086070994, 31.469242044104604], [118.26159018682358, 31.469242044104604], [118.26159018682358, 31.46906238104778], [118.26194951293724, 31.46906238104778], [118.26194951293724, 31.468882717990958], [118.26230883905089, 31.468882717990958], [118.26230883905089, 31.46906238104778], [118.2624885021077, 31.46906238104778], [118.2624885021077, 31.468882717990958], [118.26284782822135, 31.468882717990958], [118.26284782822135, 31.46870305493413], [118.263207154335, 31.46870305493413], [118.263207154335, 31.46852339187731], [118.26338681739183, 31.46852339187731], [118.26338681739183, 31.468882717990958], [118.263207154335, 31.468882717990958], [118.263207154335, 31.46906238104778], [118.26284782822135, 31.46906238104778], [118.26284782822135, 31.469601370218253], [118.26266816516453, 31.469601370218253], [118.26266816516453, 31.4699606963319], [118.263207154335, 31.4699606963319], [118.263207154335, 31.469781033275076], [118.26356648044865, 31.469781033275076], [118.26356648044865, 31.469601370218253], [118.26374614350547, 31.469601370218253], [118.26374614350547, 31.469781033275076], [118.26356648044865, 31.469781033275076], [118.26356648044865, 31.4699606963319], [118.26374614350547, 31.4699606963319], [118.26374614350547, 31.470140359388726], [118.263207154335, 31.470140359388726], [118.263207154335, 31.47032002244555], [118.26338681739183, 31.47032002244555], [118.26338681739183, 31.47049968550237], [118.26374614350547, 31.47049968550237], [118.26374614350547, 31.470679348559194], [118.2639258065623, 31.470679348559194], [118.2639258065623, 31.471218337729667], [118.26428513267595, 31.471218337729667], [118.26428513267595, 31.471038674672844], [118.26518344796007, 31.471038674672844], [118.26518344796007, 31.471218337729667], [118.2653631110169, 31.471218337729667], [118.2653631110169, 31.471398000786493], [118.26554277407371, 31.471398000786493], [118.26554277407371, 31.471577663843316], [118.2653631110169, 31.471577663843316], [118.2653631110169, 31.47229631607061], [118.26554277407371, 31.47229631607061], [118.26554277407371, 31.47211665301379], [118.26572243713053, 31.47211665301379], [118.26572243713053, 31.471936989956962], [118.26626142630101, 31.471936989956962], [118.26626142630101, 31.472475979127434], [118.26572243713053, 31.472475979127434], [118.26572243713053, 31.473014968297907], [118.26644108935783, 31.473014968297907], [118.26644108935783, 31.472835305241084], [118.26680041547148, 31.472835305241084], [118.26680041547148, 31.47355395746838], [118.2669800785283, 31.47355395746838], [118.2669800785283, 31.473733620525202], [118.26733940464196, 31.473733620525202], [118.26733940464196, 31.474452272752497], [118.26715974158513, 31.474452272752497], [118.26715974158513, 31.47463193580932], [118.26680041547148, 31.47463193580932], [118.26680041547148, 31.474452272752497], [118.26662075241465, 31.474452272752497], [118.26662075241465, 31.474272609695674], [118.26644108935783, 31.474272609695674], [118.26644108935783, 31.473913283582025], [118.26662075241465, 31.473913283582025], [118.26662075241465, 31.473733620525202], [118.26680041547148, 31.473733620525202], [118.26680041547148, 31.47355395746838], [118.26644108935783, 31.47355395746838], [118.26644108935783, 31.473374294411556], [118.26626142630101, 31.473374294411556], [118.26626142630101, 31.47355395746838], [118.26608176324419, 31.47355395746838], [118.26608176324419, 31.473733620525202], [118.26572243713053, 31.473733620525202], [118.26572243713053, 31.473913283582025], [118.26554277407371, 31.473913283582025], [118.26554277407371, 31.47409294663885], [118.26518344796007, 31.47409294663885], [118.26518344796007, 31.474272609695674], [118.26482412184642, 31.474272609695674], [118.26482412184642, 31.474452272752497], [118.26464445878959, 31.474452272752497], [118.26464445878959, 31.474811598866147], [118.26590210018736, 31.474811598866147], [118.26590210018736, 31.475170924979793], [118.2653631110169, 31.475170924979793], [118.2653631110169, 31.475530251093442], [118.26518344796007, 31.475530251093442], [118.26518344796007, 31.475709914150265], [118.26500378490324, 31.475709914150265], [118.26500378490324, 31.475889577207088], [118.26464445878959, 31.475889577207088], [118.26464445878959, 31.476069240263914], [118.26428513267595, 31.476069240263914], [118.26428513267595, 31.476248903320737], [118.2639258065623, 31.476248903320737], [118.2639258065623, 31.476069240263914], [118.26374614350547, 31.476069240263914], [118.26374614350547, 31.475889577207088], [118.26356648044865, 31.475889577207088], [118.26356648044865, 31.476069240263914], [118.26338681739183, 31.476069240263914], [118.26338681739183, 31.476248903320737], [118.263207154335, 31.476248903320737], [118.263207154335, 31.476608229434383], [118.26302749127818, 31.476608229434383]], [[118.26105119765312, 31.46942170716143], [118.26087153459629, 31.46942170716143], [118.26087153459629, 31.469242044104604], [118.26105119765312, 31.469242044104604], [118.26105119765312, 31.46942170716143]], [[118.26069187153946, 31.469781033275076], [118.26033254542583, 31.469781033275076], [118.26033254542583, 31.46942170716143], [118.26087153459629, 31.46942170716143], [118.26087153459629, 31.469601370218253], [118.26069187153946, 31.469601370218253], [118.26069187153946, 31.469781033275076]], [[118.26141052376677, 31.4699606963319], [118.26105119765312, 31.4699606963319], [118.26105119765312, 31.469781033275076], [118.26141052376677, 31.469781033275076], [118.26141052376677, 31.4699606963319]], [[118.26284782822135, 31.470679348559194], [118.26266816516453, 31.470679348559194], [118.26266816516453, 31.47049968550237], [118.26284782822135, 31.47049968550237], [118.26284782822135, 31.470679348559194]], [[118.26159018682358, 31.471218337729667], [118.26123086070994, 31.471218337729667], [118.26123086070994, 31.471038674672844], [118.26105119765312, 31.471038674672844], [118.26105119765312, 31.470679348559194], [118.26123086070994, 31.470679348559194], [118.26123086070994, 31.47049968550237], [118.26159018682358, 31.47049968550237], [118.26159018682358, 31.47032002244555], [118.26212917599406, 31.47032002244555], [118.26212917599406, 31.470140359388726], [118.26230883905089, 31.470140359388726], [118.26230883905089, 31.4699606963319], [118.26266816516453, 31.4699606963319], [118.26266816516453, 31.47032002244555], [118.2624885021077, 31.47032002244555], [118.2624885021077, 31.47049968550237], [118.26230883905089, 31.47049968550237], [118.26230883905089, 31.470679348559194], [118.26176984988041, 31.470679348559194], [118.26176984988041, 31.47085901161602], [118.26159018682358, 31.47085901161602], [118.26159018682358, 31.471218337729667]], [[118.263207154335, 31.471218337729667], [118.26302749127818, 31.471218337729667], [118.26302749127818, 31.471038674672844], [118.26284782822135, 31.471038674672844], [118.26284782822135, 31.470679348559194], [118.263207154335, 31.470679348559194], [118.263207154335, 31.47085901161602], [118.26338681739183, 31.47085901161602], [118.26338681739183, 31.471038674672844], [118.263207154335, 31.471038674672844], [118.263207154335, 31.471218337729667]], [[118.2624885021077, 31.471398000786493], [118.26230883905089, 31.471398000786493], [118.26230883905089, 31.471218337729667], [118.2624885021077, 31.471218337729667], [118.2624885021077, 31.471398000786493]], [[118.25925456708488, 31.471577663843316], [118.25907490402805, 31.471577663843316], [118.25907490402805, 31.471398000786493], [118.25925456708488, 31.471398000786493], [118.25925456708488, 31.471577663843316]], [[118.26284782822135, 31.471577663843316], [118.26266816516453, 31.471577663843316], [118.26266816516453, 31.471398000786493], [118.26284782822135, 31.471398000786493], [118.26284782822135, 31.471577663843316]], [[118.26266816516453, 31.471936989956962], [118.2624885021077, 31.471936989956962], [118.2624885021077, 31.47175732690014], [118.26266816516453, 31.47175732690014], [118.26266816516453, 31.471936989956962]], [[118.26176984988041, 31.47211665301379], [118.26159018682358, 31.47211665301379], [118.26159018682358, 31.471936989956962], [118.26176984988041, 31.471936989956962], [118.26176984988041, 31.47211665301379]], [[118.26500378490324, 31.47211665301379], [118.26464445878959, 31.47211665301379], [118.26464445878959, 31.471936989956962], [118.26500378490324, 31.471936989956962], [118.26500378490324, 31.47211665301379]], [[118.26159018682358, 31.47229631607061], [118.26123086070994, 31.47229631607061], [118.26123086070994, 31.47211665301379], [118.26159018682358, 31.47211665301379], [118.26159018682358, 31.47229631607061]], [[118.263207154335, 31.473014968297907], [118.26302749127818, 31.473014968297907], [118.26302749127818, 31.472835305241084], [118.263207154335, 31.472835305241084], [118.263207154335, 31.473014968297907]], [[118.26176984988041, 31.473374294411556], [118.26141052376677, 31.473374294411556], [118.26141052376677, 31.47319463135473], [118.26123086070994, 31.47319463135473], [118.26123086070994, 31.473014968297907], [118.26105119765312, 31.473014968297907], [118.26105119765312, 31.472835305241084], [118.26087153459629, 31.472835305241084], [118.26087153459629, 31.472655642184257], [118.26176984988041, 31.472655642184257], [118.26176984988041, 31.472835305241084], [118.26212917599406, 31.472835305241084], [118.26212917599406, 31.472475979127434], [118.2624885021077, 31.472475979127434], [118.2624885021077, 31.472655642184257], [118.26266816516453, 31.472655642184257], [118.26266816516453, 31.473014968297907], [118.2624885021077, 31.473014968297907], [118.2624885021077, 31.47319463135473], [118.26212917599406, 31.47319463135473], [118.26212917599406, 31.473014968297907], [118.26176984988041, 31.473014968297907], [118.26176984988041, 31.473374294411556]], [[118.26572243713053, 31.473374294411556], [118.26554277407371, 31.473374294411556], [118.26554277407371, 31.47319463135473], [118.26572243713053, 31.47319463135473], [118.26572243713053, 31.473374294411556]], [[118.26500378490324, 31.473733620525202], [118.26482412184642, 31.473733620525202], [118.26482412184642, 31.47355395746838], [118.26428513267595, 31.47355395746838], [118.26428513267595, 31.473733620525202], [118.26410546961912, 31.473733620525202], [118.26410546961912, 31.47355395746838], [118.2639258065623, 31.47355395746838], [118.2639258065623, 31.473733620525202], [118.26374614350547, 31.473733620525202], [118.26374614350547, 31.473374294411556], [118.2639258065623, 31.473374294411556], [118.2639258065623, 31.47319463135473], [118.26428513267595, 31.47319463135473], [118.26428513267595, 31.473014968297907], [118.26446479573276, 31.473014968297907], [118.26446479573276, 31.472835305241084], [118.26500378490324, 31.472835305241084], [118.26500378490324, 31.472655642184257], [118.26518344796007, 31.472655642184257], [118.26518344796007, 31.472475979127434], [118.2653631110169, 31.472475979127434], [118.2653631110169, 31.472655642184257], [118.26554277407371, 31.472655642184257], [118.26554277407371, 31.472835305241084], [118.2653631110169, 31.472835305241084], [118.2653631110169, 31.473014968297907], [118.26500378490324, 31.473014968297907], [118.26500378490324, 31.473374294411556], [118.26518344796007, 31.473374294411556], [118.26518344796007, 31.47355395746838], [118.26500378490324, 31.47355395746838], [118.26500378490324, 31.473733620525202]], [[118.26410546961912, 31.474272609695674], [118.26374614350547, 31.474272609695674], [118.26374614350547, 31.47409294663885], [118.26410546961912, 31.47409294663885], [118.26410546961912, 31.474272609695674]], [[118.26518344796007, 31.475170924979793], [118.26500378490324, 31.475170924979793], [118.26500378490324, 31.47499126192297], [118.26518344796007, 31.47499126192297], [118.26518344796007, 31.475170924979793]], [[118.26482412184642, 31.47535058803662], [118.26464445878959, 31.47535058803662], [118.26464445878959, 31.475170924979793], [118.26482412184642, 31.475170924979793], [118.26482412184642, 31.47535058803662]]]}, "properties": {"name": "cand03", "ptype": "hall", "confidence": "low", "rank": 3, "area_ha": 44.3, "rise_db": 8.6, "digitised_from": "Sentinel-1 VV rise 2022->2026, orbit 142"}}, {"type": "Feature", "geometry": {"geodesic": false, "type": "Polygon", "coordinates": [[[118.28656335172211, 31.46942170716143], [118.28656335172211, 31.46906238104778], [118.28620402560847, 31.46906238104778], [118.28620402560847, 31.46942170716143], [118.28602436255164, 31.46942170716143], [118.28602436255164, 31.469242044104604], [118.28584469949482, 31.469242044104604], [118.28584469949482, 31.46870305493413], [118.28566503643799, 31.46870305493413], [118.28566503643799, 31.46852339187731], [118.28404806892658, 31.46852339187731], [118.28404806892658, 31.468882717990958], [118.28386840586975, 31.468882717990958], [118.28386840586975, 31.46906238104778], [118.2835090797561, 31.46906238104778], [118.2835090797561, 31.469242044104604], [118.28279042752881, 31.469242044104604], [118.28279042752881, 31.46906238104778], [118.28261076447198, 31.46906238104778], [118.28261076447198, 31.467984402706836], [118.28243110141516, 31.467984402706836], [118.28243110141516, 31.466906424365895], [118.28225143835834, 31.466906424365895], [118.28225143835834, 31.466547098252246], [118.28207177530152, 31.466547098252246], [118.28207177530152, 31.466367435195423], [118.28225143835834, 31.466367435195423], [118.28225143835834, 31.46582844602495], [118.28207177530152, 31.46582844602495], [118.28207177530152, 31.465469119911305], [118.28225143835834, 31.465469119911305], [118.28225143835834, 31.465289456854478], [118.28243110141516, 31.465289456854478], [118.28243110141516, 31.465109793797655], [118.28279042752881, 31.465109793797655], [118.28279042752881, 31.464930130740832], [118.28476672115387, 31.464930130740832], [118.28476672115387, 31.464750467684006], [118.28530571032434, 31.464750467684006], [118.28530571032434, 31.464570804627183], [118.28512604726752, 31.464570804627183], [118.28512604726752, 31.46439114157036], [118.28530571032434, 31.46439114157036], [118.28530571032434, 31.464211478513537], [118.28566503643799, 31.464211478513537], [118.28566503643799, 31.46403181545671], [118.2849463842107, 31.46403181545671], [118.2849463842107, 31.463852152399888], [118.28476672115387, 31.463852152399888], [118.28476672115387, 31.46349282628624], [118.28458705809705, 31.46349282628624], [118.28458705809705, 31.463313163229415], [118.28476672115387, 31.463313163229415], [118.28476672115387, 31.46295383711577], [118.28512604726752, 31.46295383711577], [118.28512604726752, 31.463852152399888], [118.28530571032434, 31.463852152399888], [118.28530571032434, 31.463672489343065], [118.28566503643799, 31.463672489343065], [118.28566503643799, 31.46349282628624], [118.28620402560847, 31.46349282628624], [118.28620402560847, 31.463852152399888], [118.28602436255164, 31.463852152399888], [118.28602436255164, 31.46403181545671], [118.28620402560847, 31.46403181545671], [118.28620402560847, 31.464211478513537], [118.28638368866528, 31.464211478513537], [118.28638368866528, 31.464570804627183], [118.28584469949482, 31.464570804627183], [118.28584469949482, 31.46439114157036], [118.28566503643799, 31.46439114157036], [118.28566503643799, 31.464570804627183], [118.28548537338116, 31.464570804627183], [118.28548537338116, 31.464750467684006], [118.28656335172211, 31.464750467684006], [118.28656335172211, 31.464930130740832], [118.28674301477893, 31.464930130740832], [118.28674301477893, 31.465109793797655], [118.28656335172211, 31.465109793797655], [118.28656335172211, 31.465648782968128], [118.28674301477893, 31.465648782968128], [118.28674301477893, 31.46726575047954], [118.28692267783576, 31.46726575047954], [118.28692267783576, 31.467804739650013], [118.28710234089259, 31.467804739650013], [118.28710234089259, 31.468343728820486], [118.2872820039494, 31.468343728820486], [118.2872820039494, 31.46852339187731], [118.2880006561767, 31.46852339187731], [118.2880006561767, 31.46870305493413], [118.28818031923353, 31.46870305493413], [118.28818031923353, 31.468882717990958], [118.28710234089259, 31.468882717990958], [118.28710234089259, 31.46906238104778], [118.28692267783576, 31.46906238104778], [118.28692267783576, 31.469242044104604], [118.28674301477893, 31.469242044104604], [118.28674301477893, 31.46942170716143], [118.28656335172211, 31.46942170716143]]]}, "properties": {"name": "cand04", "ptype": "hall", "confidence": "low", "rank": 4, "area_ha": 24.5, "rise_db": 9.0, "digitised_from": "Sentinel-1 VV rise 2022->2026, orbit 142"}}, {"type": "Feature", "geometry": {"geodesic": false, "type": "Polygon", "coordinates": [[[118.25548164289158, 31.460438554320234], [118.25548164289158, 31.46025889126341], [118.25530197983475, 31.46025889126341], [118.25530197983475, 31.45989956514976], [118.25548164289158, 31.45989956514976], [118.25548164289158, 31.459540239036112], [118.2549426537211, 31.459540239036112], [118.2549426537211, 31.45936057597929], [118.25476299066428, 31.45936057597929], [118.25476299066428, 31.459001249865644], [118.25458332760745, 31.459001249865644], [118.25458332760745, 31.45846226069517], [118.25440366455064, 31.45846226069517], [118.25440366455064, 31.458282597638348], [118.25422400149381, 31.458282597638348], [118.25422400149381, 31.457743608467876], [118.25404433843698, 31.457743608467876], [118.25404433843698, 31.457204619297404], [118.25422400149381, 31.457204619297404], [118.25422400149381, 31.45702495624058], [118.25458332760745, 31.45702495624058], [118.25458332760745, 31.456845293183754], [118.25476299066428, 31.456845293183754], [118.25476299066428, 31.45666563012693], [118.25584096900522, 31.45666563012693], [118.25584096900522, 31.45648596707011], [118.25602063206205, 31.45648596707011], [118.25602063206205, 31.456306304013285], [118.25584096900522, 31.456306304013285], [118.25584096900522, 31.45612664095646], [118.25602063206205, 31.45612664095646], [118.25602063206205, 31.455946977899636], [118.25620029511887, 31.455946977899636], [118.25620029511887, 31.455767314842813], [118.25655962123251, 31.455767314842813], [118.25655962123251, 31.455946977899636], [118.25691894734616, 31.455946977899636], [118.25691894734616, 31.45612664095646], [118.25745793651664, 31.45612664095646], [118.25745793651664, 31.455946977899636], [118.25781726263028, 31.455946977899636], [118.25781726263028, 31.455767314842813], [118.25799692568711, 31.455767314842813], [118.25799692568711, 31.45522832567234], [118.25817658874394, 31.45522832567234], [118.25817658874394, 31.455048662615518], [118.25835625180076, 31.455048662615518], [118.25835625180076, 31.45522832567234], [118.25853591485757, 31.45522832567234], [118.25853591485757, 31.455407988729164], [118.25835625180076, 31.455407988729164], [118.25835625180076, 31.455767314842813], [118.25853591485757, 31.455767314842813], [118.25853591485757, 31.45612664095646], [118.2587155779144, 31.45612664095646], [118.2587155779144, 31.45648596707011], [118.25889524097123, 31.45648596707011], [118.25889524097123, 31.45666563012693], [118.25943423014171, 31.45666563012693], [118.25943423014171, 31.45648596707011], [118.260152882369, 31.45648596707011], [118.260152882369, 31.456306304013285], [118.25997321931217, 31.456306304013285], [118.25997321931217, 31.455946977899636], [118.25979355625535, 31.455946977899636], [118.25979355625535, 31.455767314842813], [118.25943423014171, 31.455767314842813], [118.25943423014171, 31.455587651785986], [118.25961389319852, 31.455587651785986], [118.25961389319852, 31.455407988729164], [118.25979355625535, 31.455407988729164], [118.25979355625535, 31.455048662615518], [118.25997321931217, 31.455048662615518], [118.25997321931217, 31.45468933650187], [118.260152882369, 31.45468933650187], [118.260152882369, 31.455048662615518], [118.26033254542583, 31.455048662615518], [118.26033254542583, 31.455407988729164], [118.26051220848264, 31.455407988729164], [118.26051220848264, 31.455767314842813], [118.26069187153946, 31.455767314842813], [118.26069187153946, 31.45612664095646], [118.26105119765312, 31.45612664095646], [118.26105119765312, 31.457204619297404], [118.26123086070994, 31.457204619297404], [118.26123086070994, 31.457743608467876], [118.26141052376677, 31.457743608467876], [118.26141052376677, 31.4579232715247], [118.26194951293724, 31.4579232715247], [118.26194951293724, 31.457743608467876], [118.26230883905089, 31.457743608467876], [118.26230883905089, 31.457384282354226], [118.26212917599406, 31.457384282354226], [118.26212917599406, 31.457204619297404], [118.26194951293724, 31.457204619297404], [118.26194951293724, 31.45666563012693], [118.26176984988041, 31.45666563012693], [118.26176984988041, 31.45648596707011], [118.26159018682358, 31.45648596707011], [118.26159018682358, 31.455767314842813], [118.26141052376677, 31.455767314842813], [118.26141052376677, 31.45468933650187], [118.26159018682358, 31.45468933650187], [118.26159018682358, 31.45486899955869], [118.26176984988041, 31.45486899955869], [118.26176984988041, 31.455048662615518], [118.26194951293724, 31.455048662615518], [118.26194951293724, 31.45522832567234], [118.26212917599406, 31.45522832567234], [118.26212917599406, 31.455048662615518], [118.26302749127818, 31.455048662615518], [118.26302749127818, 31.455407988729164], [118.2624885021077, 31.455407988729164], [118.2624885021077, 31.455587651785986], [118.26230883905089, 31.455587651785986], [118.26230883905089, 31.455767314842813], [118.26212917599406, 31.455767314842813], [118.26212917599406, 31.455946977899636], [118.26230883905089, 31.455946977899636], [118.26230883905089, 31.456306304013285], [118.263207154335, 31.456306304013285], [118.263207154335, 31.45612664095646], [118.26356648044865, 31.45612664095646], [118.26356648044865, 31.455946977899636], [118.2639258065623, 31.455946977899636], [118.2639258065623, 31.455767314842813], [118.26428513267595, 31.455767314842813], [118.26428513267595, 31.455407988729164], [118.26410546961912, 31.455407988729164], [118.26410546961912, 31.45522832567234], [118.2639258065623, 31.45522832567234], [118.2639258065623, 31.455048662615518], [118.26338681739183, 31.455048662615518], [118.26338681739183, 31.45486899955869], [118.26356648044865, 31.45486899955869], [118.26356648044865, 31.45468933650187], [118.26374614350547, 31.45468933650187], [118.26374614350547, 31.454509673445045], [118.2639258065623, 31.454509673445045], [118.2639258065623, 31.454330010388222], [118.26410546961912, 31.454330010388222], [118.26410546961912, 31.454509673445045], [118.26428513267595, 31.454509673445045], [118.26428513267595, 31.454330010388222], [118.26446479573276, 31.454330010388222], [118.26446479573276, 31.454150347331396], [118.26428513267595, 31.454150347331396], [118.26428513267595, 31.453970684274573], [118.26446479573276, 31.453970684274573], [118.26446479573276, 31.45379102121775], [118.26464445878959, 31.45379102121775], [118.26464445878959, 31.453970684274573], [118.26482412184642, 31.453970684274573], [118.26482412184642, 31.45486899955869], [118.26464445878959, 31.45486899955869], [118.26464445878959, 31.455048662615518], [118.26446479573276, 31.455048662615518], [118.26446479573276, 31.455407988729164], [118.26482412184642, 31.455407988729164], [118.26482412184642, 31.455767314842813], [118.26572243713053, 31.455767314842813], [118.26572243713053, 31.455946977899636], [118.26590210018736, 31.455946977899636], [118.26590210018736, 31.45648596707011], [118.26572243713053, 31.45648596707011], [118.26572243713053, 31.45666563012693], [118.2653631110169, 31.45666563012693], [118.2653631110169, 31.45648596707011], [118.26518344796007, 31.45648596707011], [118.26518344796007, 31.45666563012693], [118.26500378490324, 31.45666563012693], [118.26500378490324, 31.456845293183754], [118.26482412184642, 31.456845293183754], [118.26482412184642, 31.45666563012693], [118.26464445878959, 31.45666563012693], [118.26464445878959, 31.45648596707011], [118.26446479573276, 31.45648596707011], [118.26446479573276, 31.456306304013285], [118.26374614350547, 31.456306304013285], [118.26374614350547, 31.45648596707011], [118.263207154335, 31.45648596707011], [118.263207154335, 31.45666563012693], [118.26266816516453, 31.45666563012693], [118.26266816516453, 31.457204619297404], [118.26284782822135, 31.457204619297404], [118.26284782822135, 31.457384282354226], [118.26302749127818, 31.457384282354226], [118.26302749127818, 31.45756394541105], [118.263207154335, 31.45756394541105], [118.263207154335, 31.457743608467876], [118.26302749127818, 31.457743608467876], [118.26302749127818, 31.4579232715247], [118.26266816516453, 31.4579232715247], [118.26266816516453, 31.45810293458152], [118.26230883905089, 31.45810293458152], [118.26230883905089, 31.458282597638348], [118.26159018682358, 31.458282597638348], [118.26159018682358, 31.45846226069517], [118.26141052376677, 31.45846226069517], [118.26141052376677, 31.458282597638348], [118.26123086070994, 31.458282597638348], [118.26123086070994, 31.45810293458152], [118.26105119765312, 31.45810293458152], [118.26105119765312, 31.4579232715247], [118.26087153459629, 31.4579232715247], [118.26087153459629, 31.457743608467876], [118.26069187153946, 31.457743608467876], [118.26069187153946, 31.456845293183754], [118.26051220848264, 31.456845293183754], [118.26051220848264, 31.45666563012693], [118.260152882369, 31.45666563012693], [118.260152882369, 31.456845293183754], [118.25979355625535, 31.456845293183754], [118.25979355625535, 31.45702495624058], [118.25925456708488, 31.45702495624058], [118.25925456708488, 31.457204619297404], [118.25907490402805, 31.457204619297404], [118.25907490402805, 31.457384282354226], [118.25925456708488, 31.457384282354226], [118.25925456708488, 31.4579232715247], [118.25943423014171, 31.4579232715247], [118.25943423014171, 31.458282597638348], [118.25961389319852, 31.458282597638348], [118.25961389319852, 31.45846226069517], [118.25943423014171, 31.45846226069517], [118.25943423014171, 31.458641923751994], [118.2587155779144, 31.458641923751994], [118.2587155779144, 31.458821586808817], [118.25835625180076, 31.458821586808817], [118.25835625180076, 31.459001249865644], [118.25799692568711, 31.459001249865644], [118.25799692568711, 31.45846226069517], [118.25817658874394, 31.45846226069517], [118.25817658874394, 31.458282597638348], [118.25889524097123, 31.458282597638348], [118.25889524097123, 31.45810293458152], [118.25907490402805, 31.45810293458152], [118.25907490402805, 31.457743608467876], [118.25889524097123, 31.457743608467876], [118.25889524097123, 31.45756394541105], [118.2587155779144, 31.45756394541105], [118.2587155779144, 31.457384282354226], [118.25817658874394, 31.457384282354226], [118.25817658874394, 31.45756394541105], [118.25781726263028, 31.45756394541105], [118.25781726263028, 31.457204619297404], [118.25799692568711, 31.457204619297404], [118.25799692568711, 31.456306304013285], [118.25745793651664, 31.456306304013285], [118.25745793651664, 31.45648596707011], [118.25691894734616, 31.45648596707011], [118.25691894734616, 31.45666563012693], [118.2563799581757, 31.45666563012693], [118.2563799581757, 31.456845293183754], [118.25584096900522, 31.456845293183754], [118.25584096900522, 31.45702495624058], [118.25602063206205, 31.45702495624058], [118.25602063206205, 31.45756394541105], [118.25620029511887, 31.45756394541105], [118.25620029511887, 31.457743608467876], [118.2563799581757, 31.457743608467876], [118.2563799581757, 31.45756394541105], [118.25655962123251, 31.45756394541105], [118.25655962123251, 31.457384282354226], [118.25727827345982, 31.457384282354226], [118.25727827345982, 31.457743608467876], [118.25709861040299, 31.457743608467876], [118.25709861040299, 31.4579232715247], [118.25655962123251, 31.4579232715247], [118.25655962123251, 31.45810293458152], [118.2563799581757, 31.45810293458152], [118.2563799581757, 31.45846226069517], [118.25655962123251, 31.45846226069517], [118.25655962123251, 31.459001249865644], [118.25620029511887, 31.459001249865644], [118.25620029511887, 31.458821586808817], [118.25602063206205, 31.458821586808817], [118.25602063206205, 31.458641923751994], [118.25584096900522, 31.458641923751994], [118.25584096900522, 31.458282597638348], [118.25602063206205, 31.458282597638348], [118.25602063206205, 31.45810293458152], [118.25584096900522, 31.45810293458152], [118.25584096900522, 31.457743608467876], [118.2556613059484, 31.457743608467876], [118.2556613059484, 31.457204619297404], [118.25548164289158, 31.457204619297404], [118.25548164289158, 31.45702495624058], [118.2549426537211, 31.45702495624058], [118.2549426537211, 31.457204619297404], [118.25458332760745, 31.457204619297404], [118.25458332760745, 31.457743608467876], [118.25476299066428, 31.457743608467876], [118.25476299066428, 31.458282597638348], [118.2549426537211, 31.458282597638348], [118.2549426537211, 31.45846226069517], [118.25512231677793, 31.45846226069517], [118.25512231677793, 31.459001249865644], [118.25530197983475, 31.459001249865644], [118.25530197983475, 31.459180912922466], [118.25548164289158, 31.459180912922466], [118.25548164289158, 31.45936057597929], [118.2556613059484, 31.45936057597929], [118.2556613059484, 31.45971990209294], [118.25584096900522, 31.45971990209294], [118.25584096900522, 31.45989956514976], [118.25602063206205, 31.45989956514976], [118.25602063206205, 31.460438554320234], [118.25548164289158, 31.460438554320234]], [[118.25817658874394, 31.456306304013285], [118.25799692568711, 31.456306304013285], [118.25799692568711, 31.45612664095646], [118.25817658874394, 31.45612664095646], [118.25817658874394, 31.456306304013285]], [[118.26500378490324, 31.456306304013285], [118.26482412184642, 31.456306304013285], [118.26482412184642, 31.45612664095646], [118.26500378490324, 31.45612664095646], [118.26500378490324, 31.456306304013285]], [[118.26518344796007, 31.45648596707011], [118.26500378490324, 31.45648596707011], [118.26500378490324, 31.456306304013285], [118.26518344796007, 31.456306304013285], [118.26518344796007, 31.45648596707011]]]}, "properties": {"name": "cand05", "ptype": "hall", "confidence": "low", "rank": 5, "area_ha": 20.8, "rise_db": 8.5, "digitised_from": "Sentinel-1 VV rise 2022->2026, orbit 142"}}, {"type": "Feature", "geometry": {"geodesic": false, "type": "Polygon", "coordinates": [[[118.26805805686925, 31.459540239036112], [118.26805805686925, 31.459180912922466], [118.26787839381242, 31.459180912922466], [118.26787839381242, 31.459001249865644], [118.2676987307556, 31.459001249865644], [118.2676987307556, 31.458641923751994], [118.26733940464196, 31.458641923751994], [118.26733940464196, 31.458282597638348], [118.26715974158513, 31.458282597638348], [118.26715974158513, 31.45756394541105], [118.2669800785283, 31.45756394541105], [118.2669800785283, 31.457204619297404], [118.26715974158513, 31.457204619297404], [118.26715974158513, 31.45702495624058], [118.26733940464196, 31.45702495624058], [118.26733940464196, 31.456845293183754], [118.26751906769877, 31.456845293183754], [118.26751906769877, 31.45612664095646], [118.26733940464196, 31.45612664095646], [118.26733940464196, 31.455407988729164], [118.26715974158513, 31.455407988729164], [118.26715974158513, 31.45486899955869], [118.2669800785283, 31.45486899955869], [118.2669800785283, 31.454509673445045], [118.26680041547148, 31.454509673445045], [118.26680041547148, 31.453970684274573], [118.2669800785283, 31.453970684274573], [118.2669800785283, 31.45379102121775], [118.26680041547148, 31.45379102121775], [118.26680041547148, 31.453611358160924], [118.26662075241465, 31.453611358160924], [118.26662075241465, 31.452713042876805], [118.26680041547148, 31.452713042876805], [118.26680041547148, 31.452533379819982], [118.26715974158513, 31.452533379819982], [118.26715974158513, 31.45235371676316], [118.26787839381242, 31.45235371676316], [118.26787839381242, 31.452174053706333], [118.26859704603972, 31.452174053706333], [118.26859704603972, 31.45199439064951], [118.26949536132383, 31.45199439064951], [118.26949536132383, 31.451814727592687], [118.26967502438066, 31.451814727592687], [118.26967502438066, 31.452533379819982], [118.26949536132383, 31.452533379819982], [118.26949536132383, 31.452713042876805], [118.26931569826702, 31.452713042876805], [118.26931569826702, 31.45235371676316], [118.26895637215337, 31.45235371676316], [118.26895637215337, 31.452533379819982], [118.26805805686925, 31.452533379819982], [118.26805805686925, 31.452713042876805], [118.26715974158513, 31.452713042876805], [118.26715974158513, 31.45289270593363], [118.2669800785283, 31.45289270593363], [118.2669800785283, 31.453072368990455], [118.26715974158513, 31.453072368990455], [118.26715974158513, 31.453611358160924], [118.26751906769877, 31.453611358160924], [118.26751906769877, 31.45379102121775], [118.26787839381242, 31.45379102121775], [118.26787839381242, 31.453611358160924], [118.26877670909654, 31.453611358160924], [118.26877670909654, 31.4534316951041], [118.26949536132383, 31.4534316951041], [118.26949536132383, 31.453252032047278], [118.26985468743749, 31.453252032047278], [118.26985468743749, 31.4534316951041], [118.26967502438066, 31.4534316951041], [118.26967502438066, 31.45379102121775], [118.26949536132383, 31.45379102121775], [118.26949536132383, 31.453970684274573], [118.26967502438066, 31.453970684274573], [118.26967502438066, 31.454330010388222], [118.26985468743749, 31.454330010388222], [118.26985468743749, 31.45522832567234], [118.26967502438066, 31.45522832567234], [118.26967502438066, 31.455407988729164], [118.26949536132383, 31.455407988729164], [118.26949536132383, 31.455946977899636], [118.27003435049431, 31.455946977899636], [118.27003435049431, 31.455767314842813], [118.27021401355114, 31.455767314842813], [118.27021401355114, 31.455946977899636], [118.27039367660797, 31.455946977899636], [118.27039367660797, 31.456306304013285], [118.27021401355114, 31.456306304013285], [118.27021401355114, 31.456845293183754], [118.27039367660797, 31.456845293183754], [118.27039367660797, 31.45702495624058], [118.27057333966478, 31.45702495624058], [118.27057333966478, 31.457743608467876], [118.2707530027216, 31.457743608467876], [118.2707530027216, 31.45810293458152], [118.27093266577843, 31.45810293458152], [118.27093266577843, 31.458282597638348], [118.27111232883526, 31.458282597638348], [118.27111232883526, 31.458821586808817], [118.27093266577843, 31.458821586808817], [118.27093266577843, 31.459001249865644], [118.2707530027216, 31.459001249865644], [118.2707530027216, 31.458821586808817], [118.26967502438066, 31.458821586808817], [118.26967502438066, 31.459001249865644], [118.26877670909654, 31.459001249865644], [118.26877670909654, 31.459180912922466], [118.2684173829829, 31.459180912922466], [118.2684173829829, 31.45936057597929], [118.26823771992608, 31.45936057597929], [118.26823771992608, 31.459540239036112], [118.26805805686925, 31.459540239036112]], [[118.26931569826702, 31.454150347331396], [118.2691360352102, 31.454150347331396], [118.2691360352102, 31.453970684274573], [118.26931569826702, 31.453970684274573], [118.26931569826702, 31.454150347331396]], [[118.2684173829829, 31.456306304013285], [118.26787839381242, 31.456306304013285], [118.26787839381242, 31.455767314842813], [118.2676987307556, 31.455767314842813], [118.2676987307556, 31.455407988729164], [118.26751906769877, 31.455407988729164], [118.26751906769877, 31.454509673445045], [118.26733940464196, 31.454509673445045], [118.26733940464196, 31.454150347331396], [118.26805805686925, 31.454150347331396], [118.26805805686925, 31.455407988729164], [118.26823771992608, 31.455407988729164], [118.26823771992608, 31.455946977899636], [118.2684173829829, 31.455946977899636], [118.2684173829829, 31.456306304013285]], [[118.27003435049431, 31.45702495624058], [118.26985468743749, 31.45702495624058], [118.26985468743749, 31.456845293183754], [118.27003435049431, 31.456845293183754], [118.27003435049431, 31.45702495624058]], [[118.27039367660797, 31.4579232715247], [118.27021401355114, 31.4579232715247], [118.27021401355114, 31.457743608467876], [118.27039367660797, 31.457743608467876], [118.27039367660797, 31.4579232715247]], [[118.27021401355114, 31.45810293458152], [118.27003435049431, 31.45810293458152], [118.27003435049431, 31.4579232715247], [118.27021401355114, 31.4579232715247], [118.27021401355114, 31.45810293458152]], [[118.2691360352102, 31.458641923751994], [118.26859704603972, 31.458641923751994], [118.26859704603972, 31.45846226069517], [118.2684173829829, 31.45846226069517], [118.2684173829829, 31.45810293458152], [118.26823771992608, 31.45810293458152], [118.26823771992608, 31.457204619297404], [118.26805805686925, 31.457204619297404], [118.26805805686925, 31.45666563012693], [118.26859704603972, 31.45666563012693], [118.26859704603972, 31.457204619297404], [118.26877670909654, 31.457204619297404], [118.26877670909654, 31.4579232715247], [118.26895637215337, 31.4579232715247], [118.26895637215337, 31.45846226069517], [118.2691360352102, 31.45846226069517], [118.2691360352102, 31.458641923751994]]]}, "properties": {"name": "cand06", "ptype": "hall", "confidence": "low", "rank": 6, "area_ha": 19.5, "rise_db": 7.8, "digitised_from": "Sentinel-1 VV rise 2022->2026, orbit 142"}}, {"type": "Feature", "geometry": {"geodesic": false, "type": "Polygon", "coordinates": [[[118.25763759957346, 31.481279468911808], [118.25763759957346, 31.48109980585498], [118.25745793651664, 31.48109980585498], [118.25745793651664, 31.48092014279816], [118.25763759957346, 31.48092014279816], [118.25763759957346, 31.480381153627686], [118.25745793651664, 31.480381153627686], [118.25745793651664, 31.480201490570863], [118.25727827345982, 31.480201490570863], [118.25727827345982, 31.48002182751404], [118.25709861040299, 31.48002182751404], [118.25709861040299, 31.480201490570863], [118.25655962123251, 31.480201490570863], [118.25655962123251, 31.480381153627686], [118.25691894734616, 31.480381153627686], [118.25691894734616, 31.480560816684513], [118.25727827345982, 31.480560816684513], [118.25727827345982, 31.480740479741335], [118.25673928428934, 31.480740479741335], [118.25673928428934, 31.480560816684513], [118.25655962123251, 31.480560816684513], [118.25655962123251, 31.480381153627686], [118.25620029511887, 31.480381153627686], [118.25620029511887, 31.480201490570863], [118.25584096900522, 31.480201490570863], [118.25584096900522, 31.48002182751404], [118.2556613059484, 31.48002182751404], [118.2556613059484, 31.479842164457214], [118.25530197983475, 31.479842164457214], [118.25530197983475, 31.479482838343568], [118.25476299066428, 31.479482838343568], [118.25476299066428, 31.479303175286745], [118.25458332760745, 31.479303175286745], [118.25458332760745, 31.47912351222992], [118.25440366455064, 31.47912351222992], [118.25440366455064, 31.478943849173096], [118.25476299066428, 31.478943849173096], [118.25476299066428, 31.47858452305945], [118.25458332760745, 31.47858452305945], [118.25458332760745, 31.4782251969458], [118.25512231677793, 31.4782251969458], [118.25512231677793, 31.478045533888977], [118.25530197983475, 31.478045533888977], [118.25530197983475, 31.477506544718505], [118.25584096900522, 31.477506544718505], [118.25584096900522, 31.477326881661682], [118.25602063206205, 31.477326881661682], [118.25602063206205, 31.477147218604856], [118.2563799581757, 31.477147218604856], [118.2563799581757, 31.477326881661682], [118.25655962123251, 31.477326881661682], [118.25655962123251, 31.477506544718505], [118.25673928428934, 31.477506544718505], [118.25673928428934, 31.477686207775328], [118.25691894734616, 31.477686207775328], [118.25691894734616, 31.47786587083215], [118.25709861040299, 31.47786587083215], [118.25709861040299, 31.4782251969458], [118.25745793651664, 31.4782251969458], [118.25745793651664, 31.478764186116273], [118.25709861040299, 31.478764186116273], [118.25709861040299, 31.478943849173096], [118.25691894734616, 31.478943849173096], [118.25691894734616, 31.47912351222992], [118.25655962123251, 31.47912351222992], [118.25655962123251, 31.478943849173096], [118.2563799581757, 31.478943849173096], [118.2563799581757, 31.478764186116273], [118.25620029511887, 31.478764186116273], [118.25620029511887, 31.478943849173096], [118.25602063206205, 31.478943849173096], [118.25602063206205, 31.47912351222992], [118.25620029511887, 31.47912351222992], [118.25620029511887, 31.479303175286745], [118.2563799581757, 31.479303175286745], [118.2563799581757, 31.479482838343568], [118.25691894734616, 31.479482838343568], [118.25691894734616, 31.479303175286745], [118.25709861040299, 31.479303175286745], [118.25709861040299, 31.47912351222992], [118.25727827345982, 31.47912351222992], [118.25727827345982, 31.478943849173096], [118.25781726263028, 31.478943849173096], [118.25781726263028, 31.47912351222992], [118.25817658874394, 31.47912351222992], [118.25817658874394, 31.478943849173096], [118.25835625180076, 31.478943849173096], [118.25835625180076, 31.478764186116273], [118.25889524097123, 31.478764186116273], [118.25889524097123, 31.478943849173096], [118.25907490402805, 31.478943849173096], [118.25907490402805, 31.478045533888977], [118.25925456708488, 31.478045533888977], [118.25925456708488, 31.477686207775328], [118.25907490402805, 31.477686207775328], [118.25907490402805, 31.477506544718505], [118.25889524097123, 31.477506544718505], [118.25889524097123, 31.477326881661682], [118.2587155779144, 31.477326881661682], [118.2587155779144, 31.476967555548033], [118.25853591485757, 31.476967555548033], [118.25853591485757, 31.47678789249121], [118.25835625180076, 31.47678789249121], [118.25835625180076, 31.47642856637756], [118.25817658874394, 31.47642856637756], [118.25817658874394, 31.476248903320737], [118.25799692568711, 31.476248903320737], [118.25799692568711, 31.475889577207088], [118.25907490402805, 31.475889577207088], [118.25907490402805, 31.476069240263914], [118.25925456708488, 31.476069240263914], [118.25925456708488, 31.476248903320737], [118.25889524097123, 31.476248903320737], [118.25889524097123, 31.47678789249121], [118.25925456708488, 31.47678789249121], [118.25925456708488, 31.476608229434383], [118.25943423014171, 31.476608229434383], [118.25943423014171, 31.47642856637756], [118.25961389319852, 31.47642856637756], [118.25961389319852, 31.476608229434383], [118.25997321931217, 31.476608229434383], [118.25997321931217, 31.476248903320737], [118.260152882369, 31.476248903320737], [118.260152882369, 31.476069240263914], [118.26033254542583, 31.476069240263914], [118.26033254542583, 31.476248903320737], [118.26051220848264, 31.476248903320737], [118.26051220848264, 31.47642856637756], [118.260152882369, 31.47642856637756], [118.260152882369, 31.476608229434383], [118.25997321931217, 31.476608229434383], [118.25997321931217, 31.47678789249121], [118.260152882369, 31.47678789249121], [118.260152882369, 31.476967555548033], [118.26033254542583, 31.476967555548033], [118.26033254542583, 31.477147218604856], [118.26087153459629, 31.477147218604856], [118.26087153459629, 31.476967555548033], [118.26141052376677, 31.476967555548033], [118.26141052376677, 31.477147218604856], [118.26123086070994, 31.477147218604856], [118.26123086070994, 31.477326881661682], [118.26105119765312, 31.477326881661682], [118.26105119765312, 31.477506544718505], [118.26087153459629, 31.477506544718505], [118.26087153459629, 31.477686207775328], [118.26123086070994, 31.477686207775328], [118.26123086070994, 31.47786587083215], [118.26176984988041, 31.47786587083215], [118.26176984988041, 31.477686207775328], [118.26194951293724, 31.477686207775328], [118.26194951293724, 31.47786587083215], [118.26176984988041, 31.47786587083215], [118.26176984988041, 31.478045533888977], [118.26159018682358, 31.478045533888977], [118.26159018682358, 31.4782251969458], [118.26087153459629, 31.4782251969458], [118.26087153459629, 31.478045533888977], [118.26033254542583, 31.478045533888977], [118.26033254542583, 31.4782251969458], [118.25997321931217, 31.4782251969458], [118.25997321931217, 31.478045533888977], [118.25961389319852, 31.478045533888977], [118.25961389319852, 31.478404860002623], [118.25979355625535, 31.478404860002623], [118.25979355625535, 31.47858452305945], [118.25997321931217, 31.47858452305945], [118.25997321931217, 31.478764186116273], [118.260152882369, 31.478764186116273], [118.260152882369, 31.479482838343568], [118.25997321931217, 31.479482838343568], [118.25997321931217, 31.47966250140039], [118.25961389319852, 31.47966250140039], [118.25961389319852, 31.479842164457214], [118.25943423014171, 31.479842164457214], [118.25943423014171, 31.48002182751404], [118.25907490402805, 31.48002182751404], [118.25907490402805, 31.480201490570863], [118.25889524097123, 31.480201490570863], [118.25889524097123, 31.480740479741335], [118.2587155779144, 31.480740479741335], [118.2587155779144, 31.48092014279816], [118.25853591485757, 31.48092014279816], [118.25853591485757, 31.48109980585498], [118.25781726263028, 31.48109980585498], [118.25781726263028, 31.481279468911808], [118.25763759957346, 31.481279468911808]], [[118.2563799581757, 31.47786587083215], [118.25602063206205, 31.47786587083215], [118.25602063206205, 31.477686207775328], [118.25620029511887, 31.477686207775328], [118.25620029511887, 31.477506544718505], [118.2563799581757, 31.477506544718505], [118.2563799581757, 31.47786587083215]], [[118.25584096900522, 31.478404860002623], [118.2556613059484, 31.478404860002623], [118.2556613059484, 31.4782251969458], [118.25548164289158, 31.4782251969458], [118.25548164289158, 31.478045533888977], [118.2556613059484, 31.478045533888977], [118.2556613059484, 31.47786587083215], [118.25584096900522, 31.47786587083215], [118.25584096900522, 31.478404860002623]], [[118.25709861040299, 31.47858452305945], [118.25691894734616, 31.47858452305945], [118.25691894734616, 31.4782251969458], [118.25709861040299, 31.4782251969458], [118.25709861040299, 31.47858452305945]], [[118.25961389319852, 31.477506544718505], [118.25925456708488, 31.477506544718505], [118.25925456708488, 31.477326881661682], [118.25943423014171, 31.477326881661682], [118.25943423014171, 31.477147218604856], [118.25961389319852, 31.477147218604856], [118.25961389319852, 31.477506544718505]], [[118.2587155779144, 31.479482838343568], [118.25853591485757, 31.479482838343568], [118.25853591485757, 31.479303175286745], [118.2587155779144, 31.479303175286745], [118.2587155779144, 31.479482838343568]], [[118.25602063206205, 31.479842164457214], [118.25584096900522, 31.479842164457214], [118.25584096900522, 31.47966250140039], [118.25602063206205, 31.47966250140039], [118.25602063206205, 31.479842164457214]], [[118.25907490402805, 31.48002182751404], [118.25889524097123, 31.48002182751404], [118.25889524097123, 31.479842164457214], [118.25907490402805, 31.479842164457214], [118.25907490402805, 31.48002182751404]], [[118.25853591485757, 31.480560816684513], [118.25835625180076, 31.480560816684513], [118.25835625180076, 31.480381153627686], [118.25853591485757, 31.480381153627686], [118.25853591485757, 31.480560816684513]]]}, "properties": {"name": "cand07", "ptype": "hall", "confidence": "low", "rank": 7, "area_ha": 17.6, "rise_db": 7.2, "digitised_from": "Sentinel-1 VV rise 2022->2026, orbit 142"}}, {"type": "Feature", "geometry": {"geodesic": false, "type": "Polygon", "coordinates": [[[118.28710234089259, 31.463133500172592], [118.28710234089259, 31.462774174058943], [118.2872820039494, 31.462774174058943], [118.2872820039494, 31.46295383711577], [118.28746166700623, 31.46295383711577], [118.28746166700623, 31.46259451100212], [118.28710234089259, 31.46259451100212], [118.28710234089259, 31.462414847945297], [118.28692267783576, 31.462414847945297], [118.28692267783576, 31.461336869604352], [118.28674301477893, 31.461336869604352], [118.28674301477893, 31.460079228206585], [118.28656335172211, 31.460079228206585], [118.28656335172211, 31.45971990209294], [118.28674301477893, 31.45971990209294], [118.28674301477893, 31.459540239036112], [118.28782099311988, 31.459540239036112], [118.28782099311988, 31.45936057597929], [118.28961762368812, 31.45936057597929], [118.28961762368812, 31.459540239036112], [118.28979728674494, 31.459540239036112], [118.28979728674494, 31.46025889126341], [118.28997694980177, 31.46025889126341], [118.28997694980177, 31.46079788043388], [118.2901566128586, 31.46079788043388], [118.2901566128586, 31.460079228206585], [118.29033627591541, 31.460079228206585], [118.29033627591541, 31.45989956514976], [118.29069560202906, 31.45989956514976], [118.29069560202906, 31.46025889126341], [118.29051593897223, 31.46025889126341], [118.29051593897223, 31.460438554320234], [118.29069560202906, 31.460438554320234], [118.29069560202906, 31.460618217377057], [118.29177358037, 31.460618217377057], [118.29177358037, 31.46079788043388], [118.29195324342683, 31.46079788043388], [118.29195324342683, 31.46115720654753], [118.29177358037, 31.46115720654753], [118.29177358037, 31.461336869604352], [118.29123459119953, 31.461336869604352], [118.29123459119953, 31.46151653266118], [118.28997694980177, 31.46151653266118], [118.28997694980177, 31.461336869604352], [118.28961762368812, 31.461336869604352], [118.28961762368812, 31.46151653266118], [118.28943796063129, 31.46151653266118], [118.28943796063129, 31.461696195718], [118.28925829757446, 31.461696195718], [118.28925829757446, 31.462235184888474], [118.28943796063129, 31.462235184888474], [118.28943796063129, 31.462414847945297], [118.28925829757446, 31.462414847945297], [118.28925829757446, 31.46259451100212], [118.28835998229034, 31.46259451100212], [118.28835998229034, 31.462774174058943], [118.28782099311988, 31.462774174058943], [118.28782099311988, 31.46295383711577], [118.28746166700623, 31.46295383711577], [118.28746166700623, 31.463133500172592], [118.28710234089259, 31.463133500172592]], [[118.28943796063129, 31.46151653266118], [118.28925829757446, 31.46151653266118], [118.28925829757446, 31.461336869604352], [118.28943796063129, 31.461336869604352], [118.28943796063129, 31.46151653266118]]]}, "properties": {"name": "cand08", "ptype": "hall", "confidence": "low", "rank": 8, "area_ha": 14.0, "rise_db": 9.2, "digitised_from": "Sentinel-1 VV rise 2022->2026, orbit 142"}}, {"type": "Feature", "geometry": {"geodesic": false, "type": "Polygon", "coordinates": [[[118.29572616762013, 31.462235184888474], [118.29572616762013, 31.462055521831648], [118.2955465045633, 31.462055521831648], [118.2955465045633, 31.461875858774825], [118.29536684150648, 31.461875858774825], [118.29536684150648, 31.46115720654753], [118.29518717844965, 31.46115720654753], [118.29518717844965, 31.460977543490706], [118.29500751539284, 31.460977543490706], [118.29500751539284, 31.46079788043388], [118.29464818927919, 31.46079788043388], [118.29464818927919, 31.460618217377057], [118.29446852622236, 31.460618217377057], [118.29446852622236, 31.460438554320234], [118.29410920010872, 31.460438554320234], [118.29410920010872, 31.46115720654753], [118.2939295370519, 31.46115720654753], [118.2939295370519, 31.461336869604352], [118.29374987399507, 31.461336869604352], [118.29374987399507, 31.46115720654753], [118.29357021093824, 31.46115720654753], [118.29357021093824, 31.460618217377057], [118.29339054788142, 31.460618217377057], [118.29339054788142, 31.460438554320234], [118.29321088482459, 31.460438554320234], [118.29321088482459, 31.46025889126341], [118.29303122176778, 31.46025889126341], [118.29303122176778, 31.45971990209294], [118.29285155871095, 31.45971990209294], [118.29285155871095, 31.45936057597929], [118.29303122176778, 31.45936057597929], [118.29303122176778, 31.459180912922466], [118.29321088482459, 31.459180912922466], [118.29321088482459, 31.459001249865644], [118.29339054788142, 31.459001249865644], [118.29339054788142, 31.458821586808817], [118.29410920010872, 31.458821586808817], [118.29410920010872, 31.458641923751994], [118.29428886316553, 31.458641923751994], [118.29428886316553, 31.45846226069517], [118.29464818927919, 31.45846226069517], [118.29464818927919, 31.458641923751994], [118.29536684150648, 31.458641923751994], [118.29536684150648, 31.45846226069517], [118.2955465045633, 31.45846226069517], [118.2955465045633, 31.458282597638348], [118.29572616762013, 31.458282597638348], [118.29572616762013, 31.45846226069517], [118.29590583067696, 31.45846226069517], [118.29590583067696, 31.458641923751994], [118.2962651567906, 31.458641923751994], [118.2962651567906, 31.45846226069517], [118.29644481984742, 31.45846226069517], [118.29644481984742, 31.458641923751994], [118.29716347207471, 31.458641923751994], [118.29716347207471, 31.458821586808817], [118.29662448290425, 31.458821586808817], [118.29662448290425, 31.459001249865644], [118.29680414596108, 31.459001249865644], [118.29680414596108, 31.45936057597929], [118.29662448290425, 31.45936057597929], [118.29662448290425, 31.459180912922466], [118.29590583067696, 31.459180912922466], [118.29590583067696, 31.45936057597929], [118.29608549373378, 31.45936057597929], [118.29608549373378, 31.459540239036112], [118.29590583067696, 31.459540239036112], [118.29590583067696, 31.45989956514976], [118.29572616762013, 31.45989956514976], [118.29572616762013, 31.46025889126341], [118.29590583067696, 31.46025889126341], [118.29590583067696, 31.46115720654753], [118.29608549373378, 31.46115720654753], [118.29608549373378, 31.462055521831648], [118.29590583067696, 31.462055521831648], [118.29590583067696, 31.462235184888474], [118.29572616762013, 31.462235184888474]], [[118.29410920010872, 31.45936057597929], [118.29374987399507, 31.45936057597929], [118.29374987399507, 31.459180912922466], [118.29410920010872, 31.459180912922466], [118.29410920010872, 31.45936057597929]], [[118.29518717844965, 31.45936057597929], [118.29446852622236, 31.45936057597929], [118.29446852622236, 31.459180912922466], [118.29518717844965, 31.459180912922466], [118.29518717844965, 31.45936057597929]], [[118.29374987399507, 31.460079228206585], [118.29357021093824, 31.460079228206585], [118.29357021093824, 31.45989956514976], [118.29374987399507, 31.45989956514976], [118.29374987399507, 31.460079228206585]]]}, "properties": {"name": "cand09", "ptype": "hall", "confidence": "low", "rank": 9, "area_ha": 9.0, "rise_db": 9.9, "digitised_from": "Sentinel-1 VV rise 2022->2026, orbit 142"}}, {"type": "Feature", "geometry": {"geodesic": false, "type": "Polygon", "coordinates": [[[118.25458332760745, 31.475709914150265], [118.25458332760745, 31.475530251093442], [118.25440366455064, 31.475530251093442], [118.25440366455064, 31.47535058803662], [118.25422400149381, 31.47535058803662], [118.25422400149381, 31.47499126192297], [118.25404433843698, 31.47499126192297], [118.25404433843698, 31.47463193580932], [118.25422400149381, 31.47463193580932], [118.25422400149381, 31.474452272752497], [118.25458332760745, 31.474452272752497], [118.25458332760745, 31.47463193580932], [118.25476299066428, 31.47463193580932], [118.25476299066428, 31.474811598866147], [118.25512231677793, 31.474811598866147], [118.25512231677793, 31.47463193580932], [118.2549426537211, 31.47463193580932], [118.2549426537211, 31.474452272752497], [118.25476299066428, 31.474452272752497], [118.25476299066428, 31.47409294663885], [118.2549426537211, 31.47409294663885], [118.2549426537211, 31.473733620525202], [118.25476299066428, 31.473733620525202], [118.25476299066428, 31.47355395746838], [118.25458332760745, 31.47355395746838], [118.25458332760745, 31.473374294411556], [118.25440366455064, 31.473374294411556], [118.25440366455064, 31.47319463135473], [118.25422400149381, 31.47319463135473], [118.25422400149381, 31.473014968297907], [118.25458332760745, 31.473014968297907], [118.25458332760745, 31.472835305241084], [118.25512231677793, 31.472835305241084], [118.25512231677793, 31.473014968297907], [118.25530197983475, 31.473014968297907], [118.25530197983475, 31.47319463135473], [118.25584096900522, 31.47319463135473], [118.25584096900522, 31.473014968297907], [118.25620029511887, 31.473014968297907], [118.25620029511887, 31.47319463135473], [118.2563799581757, 31.47319463135473], [118.2563799581757, 31.47355395746838], [118.25655962123251, 31.47355395746838], [118.25655962123251, 31.473733620525202], [118.25673928428934, 31.473733620525202], [118.25673928428934, 31.473913283582025], [118.25691894734616, 31.473913283582025], [118.25691894734616, 31.474272609695674], [118.25655962123251, 31.474272609695674], [118.25655962123251, 31.47409294663885], [118.2563799581757, 31.47409294663885], [118.2563799581757, 31.473913283582025], [118.25602063206205, 31.473913283582025], [118.25602063206205, 31.474272609695674], [118.25620029511887, 31.474272609695674], [118.25620029511887, 31.474452272752497], [118.2563799581757, 31.474452272752497], [118.2563799581757, 31.47463193580932], [118.25620029511887, 31.47463193580932], [118.25620029511887, 31.474811598866147], [118.25602063206205, 31.474811598866147], [118.25602063206205, 31.47499126192297], [118.25584096900522, 31.47499126192297], [118.25584096900522, 31.475170924979793], [118.2556613059484, 31.475170924979793], [118.2556613059484, 31.47535058803662], [118.25548164289158, 31.47535058803662], [118.25548164289158, 31.475530251093442], [118.25512231677793, 31.475530251093442], [118.25512231677793, 31.475709914150265], [118.25458332760745, 31.475709914150265]], [[118.25602063206205, 31.473913283582025], [118.25584096900522, 31.473913283582025], [118.25584096900522, 31.473733620525202], [118.25602063206205, 31.473733620525202], [118.25602063206205, 31.473913283582025]], [[118.25584096900522, 31.47463193580932], [118.2556613059484, 31.47463193580932], [118.2556613059484, 31.474452272752497], [118.25584096900522, 31.474452272752497], [118.25584096900522, 31.47463193580932]], [[118.25602063206205, 31.474811598866147], [118.25584096900522, 31.474811598866147], [118.25584096900522, 31.47463193580932], [118.25602063206205, 31.47463193580932], [118.25602063206205, 31.474811598866147]], [[118.25512231677793, 31.475170924979793], [118.2549426537211, 31.475170924979793], [118.2549426537211, 31.47499126192297], [118.25512231677793, 31.47499126192297], [118.25512231677793, 31.475170924979793]]]}, "properties": {"name": "cand10", "ptype": "hall", "confidence": "low", "rank": 10, "area_ha": 5.2, "rise_db": 7.1, "digitised_from": "Sentinel-1 VV rise 2022->2026, orbit 142"}}, {"type": "Feature", "geometry": {"geodesic": false, "type": "Polygon", "coordinates": [[[118.26715974158513, 31.467984402706836], [118.26715974158513, 31.46762507659319], [118.26733940464196, 31.46762507659319], [118.26733940464196, 31.466906424365895], [118.26715974158513, 31.466906424365895], [118.26715974158513, 31.466367435195423], [118.2669800785283, 31.466367435195423], [118.2669800785283, 31.4661877721386], [118.26680041547148, 31.4661877721386], [118.26680041547148, 31.466008109081773], [118.26644108935783, 31.466008109081773], [118.26644108935783, 31.4661877721386], [118.26626142630101, 31.4661877721386], [118.26626142630101, 31.466367435195423], [118.26590210018736, 31.466367435195423], [118.26590210018736, 31.466547098252246], [118.26554277407371, 31.466547098252246], [118.26554277407371, 31.46672676130907], [118.26518344796007, 31.46672676130907], [118.26518344796007, 31.466906424365895], [118.2639258065623, 31.466906424365895], [118.2639258065623, 31.467086087422718], [118.26374614350547, 31.467086087422718], [118.26374614350547, 31.46726575047954], [118.26338681739183, 31.46726575047954], [118.26338681739183, 31.46672676130907], [118.26374614350547, 31.46672676130907], [118.26374614350547, 31.466547098252246], [118.26428513267595, 31.466547098252246], [118.26428513267595, 31.466367435195423], [118.26446479573276, 31.466367435195423], [118.26446479573276, 31.4661877721386], [118.26482412184642, 31.4661877721386], [118.26482412184642, 31.466008109081773], [118.2653631110169, 31.466008109081773], [118.2653631110169, 31.46582844602495], [118.26572243713053, 31.46582844602495], [118.26572243713053, 31.465648782968128], [118.26644108935783, 31.465648782968128], [118.26644108935783, 31.465469119911305], [118.26715974158513, 31.465469119911305], [118.26715974158513, 31.465289456854478], [118.26733940464196, 31.465289456854478], [118.26733940464196, 31.465469119911305], [118.26751906769877, 31.465469119911305], [118.26751906769877, 31.466367435195423], [118.2676987307556, 31.466367435195423], [118.2676987307556, 31.466547098252246], [118.26787839381242, 31.466547098252246], [118.26787839381242, 31.46672676130907], [118.26805805686925, 31.46672676130907], [118.26805805686925, 31.467086087422718], [118.26787839381242, 31.467086087422718], [118.26787839381242, 31.46726575047954], [118.2684173829829, 31.46726575047954], [118.2684173829829, 31.467445413536367], [118.26823771992608, 31.467445413536367], [118.26823771992608, 31.46762507659319], [118.2676987307556, 31.46762507659319], [118.2676987307556, 31.467804739650013], [118.26733940464196, 31.467804739650013], [118.26733940464196, 31.467984402706836], [118.26715974158513, 31.467984402706836]]]}, "properties": {"name": "cand11", "ptype": "hall", "confidence": "low", "rank": 11, "area_ha": 4.9, "rise_db": 6.5, "digitised_from": "Sentinel-1 VV rise 2022->2026, orbit 142"}}, {"type": "Feature", "geometry": {"geodesic": false, "type": "Polygon", "coordinates": [[[118.28099379696057, 31.46403181545671], [118.28099379696057, 31.463672489343065], [118.28081413390375, 31.463672489343065], [118.28081413390375, 31.463313163229415], [118.28099379696057, 31.463313163229415], [118.28099379696057, 31.462774174058943], [118.28081413390375, 31.462774174058943], [118.28081413390375, 31.462235184888474], [118.28063447084692, 31.462235184888474], [118.28063447084692, 31.461875858774825], [118.2804548077901, 31.461875858774825], [118.2804548077901, 31.46079788043388], [118.28063447084692, 31.46079788043388], [118.28063447084692, 31.460618217377057], [118.2811734600174, 31.460618217377057], [118.2811734600174, 31.460438554320234], [118.28189211224469, 31.460438554320234], [118.28189211224469, 31.46079788043388], [118.28207177530152, 31.46079788043388], [118.28207177530152, 31.46115720654753], [118.28279042752881, 31.46115720654753], [118.28279042752881, 31.46151653266118], [118.28225143835834, 31.46151653266118], [118.28225143835834, 31.461875858774825], [118.28207177530152, 31.461875858774825], [118.28207177530152, 31.462055521831648], [118.28135312307421, 31.462055521831648], [118.28135312307421, 31.462414847945297], [118.28243110141516, 31.462414847945297], [118.28243110141516, 31.46259451100212], [118.28261076447198, 31.46259451100212], [118.28261076447198, 31.462774174058943], [118.28243110141516, 31.462774174058943], [118.28243110141516, 31.46295383711577], [118.28225143835834, 31.46295383711577], [118.28225143835834, 31.462774174058943], [118.2811734600174, 31.462774174058943], [118.2811734600174, 31.463133500172592], [118.28135312307421, 31.463133500172592], [118.28135312307421, 31.46349282628624], [118.28153278613104, 31.46349282628624], [118.28153278613104, 31.463852152399888], [118.28135312307421, 31.463852152399888], [118.28135312307421, 31.46403181545671], [118.28099379696057, 31.46403181545671]], [[118.28189211224469, 31.461336869604352], [118.28081413390375, 31.461336869604352], [118.28081413390375, 31.460977543490706], [118.28099379696057, 31.460977543490706], [118.28099379696057, 31.46079788043388], [118.28171244918786, 31.46079788043388], [118.28171244918786, 31.460977543490706], [118.28153278613104, 31.460977543490706], [118.28153278613104, 31.46115720654753], [118.28189211224469, 31.46115720654753], [118.28189211224469, 31.461336869604352]]]}, "properties": {"name": "cand12", "ptype": "hall", "confidence": "low", "rank": 12, "area_ha": 4.5, "rise_db": 6.9, "digitised_from": "Sentinel-1 VV rise 2022->2026, orbit 142"}}, {"type": "Feature", "geometry": {"geodesic": false, "type": "Polygon", "coordinates": [[[118.25224770786875, 31.444807868376554], [118.25224770786875, 31.44408921614926], [118.25242737092557, 31.44408921614926], [118.25242737092557, 31.44372989003561], [118.25224770786875, 31.44372989003561], [118.25224770786875, 31.443370563921963], [118.25206804481192, 31.443370563921963], [118.25206804481192, 31.442651911694668], [118.25224770786875, 31.442651911694668], [118.25224770786875, 31.44247224863784], [118.25260703398239, 31.44247224863784], [118.25260703398239, 31.44229258558102], [118.25278669703921, 31.44229258558102], [118.25278669703921, 31.442112922524196], [118.25296636009604, 31.442112922524196], [118.25296636009604, 31.441933259467373], [118.25368501232333, 31.441933259467373], [118.25368501232333, 31.442651911694668], [118.25386467538016, 31.442651911694668], [118.25386467538016, 31.443011237808314], [118.25368501232333, 31.443011237808314], [118.25368501232333, 31.44408921614926], [118.25350534926652, 31.44408921614926], [118.25350534926652, 31.44426887920608], [118.25314602315287, 31.44426887920608], [118.25314602315287, 31.444448542262904], [118.25296636009604, 31.444448542262904], [118.25296636009604, 31.44462820531973], [118.25278669703921, 31.44462820531973], [118.25278669703921, 31.444807868376554], [118.25224770786875, 31.444807868376554]]]}, "properties": {"name": "cand13", "ptype": "hall", "confidence": "low", "rank": 13, "area_ha": 4.4, "rise_db": 13.1, "digitised_from": "Sentinel-1 VV rise 2022->2026, orbit 142"}}, {"type": "Feature", "geometry": {"geodesic": false, "type": "Polygon", "coordinates": [[[118.32321461531419, 31.483076099480044], [118.32321461531419, 31.48289643642322], [118.32303495225736, 31.48289643642322], [118.32303495225736, 31.482537110309575], [118.32285528920053, 31.482537110309575], [118.32285528920053, 31.48235744725275], [118.3224959630869, 31.48235744725275], [118.3224959630869, 31.4827167733664], [118.32231630003007, 31.4827167733664], [118.32231630003007, 31.48289643642322], [118.3217773108596, 31.48289643642322], [118.3217773108596, 31.4827167733664], [118.32159764780278, 31.4827167733664], [118.32159764780278, 31.48235744725275], [118.3217773108596, 31.48235744725275], [118.3217773108596, 31.482177784195926], [118.32195697391641, 31.482177784195926], [118.32195697391641, 31.481998121139103], [118.32267562614372, 31.481998121139103], [118.32267562614372, 31.482177784195926], [118.32321461531419, 31.482177784195926], [118.32321461531419, 31.481998121139103], [118.32339427837101, 31.481998121139103], [118.32339427837101, 31.481818458082277], [118.32429259365513, 31.481818458082277], [118.32429259365513, 31.481998121139103], [118.32447225671196, 31.481998121139103], [118.32447225671196, 31.482177784195926], [118.3248315828256, 31.482177784195926], [118.3248315828256, 31.481998121139103], [118.32501124588242, 31.481998121139103], [118.32501124588242, 31.481818458082277], [118.32519090893925, 31.481818458082277], [118.32519090893925, 31.481998121139103], [118.32537057199607, 31.481998121139103], [118.32537057199607, 31.482177784195926], [118.32519090893925, 31.482177784195926], [118.32519090893925, 31.4827167733664], [118.32501124588242, 31.4827167733664], [118.32501124588242, 31.48289643642322], [118.32393326754148, 31.48289643642322], [118.32393326754148, 31.483076099480044], [118.32321461531419, 31.483076099480044]]]}, "properties": {"name": "cand14", "ptype": "hall", "confidence": "low", "rank": 14, "area_ha": 3.7, "rise_db": 9.5, "digitised_from": "Sentinel-1 VV rise 2022->2026, orbit 142"}}, {"type": "Feature", "geometry": {"geodesic": false, "type": "Polygon", "coordinates": [[[118.25835625180076, 31.486669360616524], [118.25835625180076, 31.486130371446052], [118.25763759957346, 31.486130371446052], [118.25763759957346, 31.48595070838923], [118.25745793651664, 31.48595070838923], [118.25745793651664, 31.485771045332402], [118.25727827345982, 31.485771045332402], [118.25727827345982, 31.48559138227558], [118.25673928428934, 31.48559138227558], [118.25673928428934, 31.485232056161934], [118.25745793651664, 31.485232056161934], [118.25745793651664, 31.484872730048284], [118.25799692568711, 31.484872730048284], [118.25799692568711, 31.485052393105107], [118.25817658874394, 31.485052393105107], [118.25817658874394, 31.485232056161934], [118.25835625180076, 31.485232056161934], [118.25835625180076, 31.485411719218757], [118.25853591485757, 31.485411719218757], [118.25853591485757, 31.48559138227558], [118.2587155779144, 31.48559138227558], [118.2587155779144, 31.485232056161934], [118.25889524097123, 31.485232056161934], [118.25889524097123, 31.485052393105107], [118.25925456708488, 31.485052393105107], [118.25925456708488, 31.484872730048284], [118.25979355625535, 31.484872730048284], [118.25979355625535, 31.485052393105107], [118.25997321931217, 31.485052393105107], [118.25997321931217, 31.485232056161934], [118.260152882369, 31.485232056161934], [118.260152882369, 31.485411719218757], [118.25997321931217, 31.485411719218757], [118.25997321931217, 31.48559138227558], [118.25943423014171, 31.48559138227558], [118.25943423014171, 31.486130371446052], [118.25925456708488, 31.486130371446052], [118.25925456708488, 31.486310034502875], [118.25889524097123, 31.486310034502875], [118.25889524097123, 31.4864896975597], [118.2587155779144, 31.4864896975597], [118.2587155779144, 31.486669360616524], [118.25835625180076, 31.486669360616524]], [[118.25943423014171, 31.48559138227558], [118.25907490402805, 31.48559138227558], [118.25907490402805, 31.485411719218757], [118.25943423014171, 31.485411719218757], [118.25943423014171, 31.48559138227558]], [[118.25889524097123, 31.486310034502875], [118.25853591485757, 31.486310034502875], [118.25853591485757, 31.486130371446052], [118.25889524097123, 31.486130371446052], [118.25889524097123, 31.486310034502875]]]}, "properties": {"name": "cand15", "ptype": "hall", "confidence": "low", "rank": 15, "area_ha": 3.6, "rise_db": 7.6, "digitised_from": "Sentinel-1 VV rise 2022->2026, orbit 142"}}, {"type": "Feature", "geometry": {"geodesic": false, "type": "Polygon", "coordinates": [[[118.32141798474595, 31.505713644639858], [118.32141798474595, 31.505533981583035], [118.32069933251866, 31.505533981583035], [118.32069933251866, 31.50535431852621], [118.32051966946183, 31.50535431852621], [118.32051966946183, 31.504815329355736], [118.32069933251866, 31.504815329355736], [118.32069933251866, 31.50409667712844], [118.32087899557547, 31.50409667712844], [118.32087899557547, 31.503917014071618], [118.32213663697324, 31.503917014071618], [118.32213663697324, 31.50409667712844], [118.3224959630869, 31.50409667712844], [118.3224959630869, 31.504276340185267], [118.32267562614372, 31.504276340185267], [118.32267562614372, 31.50445600324209], [118.32285528920053, 31.50445600324209], [118.32285528920053, 31.504815329355736], [118.32231630003007, 31.504815329355736], [118.32231630003007, 31.504994992412563], [118.32213663697324, 31.504994992412563], [118.32213663697324, 31.50535431852621], [118.32195697391641, 31.50535431852621], [118.32195697391641, 31.505533981583035], [118.3217773108596, 31.505533981583035], [118.3217773108596, 31.505713644639858], [118.32141798474595, 31.505713644639858]]]}, "properties": {"name": "cand16", "ptype": "hall", "confidence": "low", "rank": 16, "area_ha": 3.6, "rise_db": 10.5, "digitised_from": "Sentinel-1 VV rise 2022->2026, orbit 142"}}, {"type": "Feature", "geometry": {"geodesic": false, "type": "Polygon", "coordinates": [[[118.28925829757446, 31.49565251345772], [118.28925829757446, 31.49493386123042], [118.28943796063129, 31.49493386123042], [118.28943796063129, 31.494574535116776], [118.28925829757446, 31.494574535116776], [118.28925829757446, 31.494394872059953], [118.28907863451765, 31.494394872059953], [118.28907863451765, 31.49385588288948], [118.28889897146082, 31.49385588288948], [118.28889897146082, 31.493676219832658], [118.288719308404, 31.493676219832658], [118.288719308404, 31.493137230662185], [118.28907863451765, 31.493137230662185], [118.28907863451765, 31.49295756760536], [118.28961762368812, 31.49295756760536], [118.28961762368812, 31.493137230662185], [118.28979728674494, 31.493137230662185], [118.28979728674494, 31.493316893719008], [118.28997694980177, 31.493316893719008], [118.28997694980177, 31.49349655677583], [118.2901566128586, 31.49349655677583], [118.2901566128586, 31.493676219832658], [118.29033627591541, 31.493676219832658], [118.29033627591541, 31.494215209003126], [118.29051593897223, 31.494215209003126], [118.29051593897223, 31.494574535116776], [118.2901566128586, 31.494574535116776], [118.2901566128586, 31.4947541981736], [118.28997694980177, 31.4947541981736], [118.28997694980177, 31.495113524287248], [118.28979728674494, 31.495113524287248], [118.28979728674494, 31.495472850400894], [118.28961762368812, 31.495472850400894], [118.28961762368812, 31.49565251345772], [118.28925829757446, 31.49565251345772]]]}, "properties": {"name": "cand17", "ptype": "hall", "confidence": "low", "rank": 17, "area_ha": 3.2, "rise_db": 6.9, "digitised_from": "Sentinel-1 VV rise 2022->2026, orbit 142"}}, {"type": "Feature", "geometry": {"geodesic": false, "type": "Polygon", "coordinates": [[[118.25997321931217, 31.439058650558188], [118.25997321931217, 31.438878987501365], [118.25979355625535, 31.438878987501365], [118.25979355625535, 31.437621346103597], [118.25997321931217, 31.437621346103597], [118.25997321931217, 31.437441683046774], [118.26087153459629, 31.437441683046774], [118.26087153459629, 31.437621346103597], [118.26105119765312, 31.437621346103597], [118.26105119765312, 31.43780100916042], [118.26159018682358, 31.43780100916042], [118.26159018682358, 31.438519661387716], [118.26176984988041, 31.438519661387716], [118.26176984988041, 31.438699324444542], [118.26159018682358, 31.438699324444542], [118.26159018682358, 31.438878987501365], [118.26033254542583, 31.438878987501365], [118.26033254542583, 31.439058650558188], [118.25997321931217, 31.439058650558188]]]}, "properties": {"name": "cand18", "ptype": "hall", "confidence": "low", "rank": 18, "area_ha": 3.0, "rise_db": 7.6, "digitised_from": "Sentinel-1 VV rise 2022->2026, orbit 142"}}, {"type": "Feature", "geometry": {"geodesic": false, "type": "Polygon", "coordinates": [[[118.28279042752881, 31.47355395746838], [118.28279042752881, 31.473374294411556], [118.28261076447198, 31.473374294411556], [118.28261076447198, 31.47319463135473], [118.28243110141516, 31.47319463135473], [118.28243110141516, 31.472475979127434], [118.28225143835834, 31.472475979127434], [118.28225143835834, 31.47211665301379], [118.28243110141516, 31.47211665301379], [118.28243110141516, 31.471936989956962], [118.28225143835834, 31.471936989956962], [118.28225143835834, 31.47175732690014], [118.28207177530152, 31.47175732690014], [118.28207177530152, 31.471218337729667], [118.28189211224469, 31.471218337729667], [118.28189211224469, 31.47085901161602], [118.28207177530152, 31.47085901161602], [118.28207177530152, 31.470679348559194], [118.28243110141516, 31.470679348559194], [118.28243110141516, 31.47049968550237], [118.28297009058564, 31.47049968550237], [118.28297009058564, 31.471038674672844], [118.28243110141516, 31.471038674672844], [118.28243110141516, 31.471398000786493], [118.28297009058564, 31.471398000786493], [118.28297009058564, 31.471577663843316], [118.28314975364246, 31.471577663843316], [118.28314975364246, 31.47211665301379], [118.28332941669927, 31.47211665301379], [118.28332941669927, 31.473014968297907], [118.28314975364246, 31.473014968297907], [118.28314975364246, 31.473374294411556], [118.28297009058564, 31.473374294411556], [118.28297009058564, 31.47355395746838], [118.28279042752881, 31.47355395746838]], [[118.28297009058564, 31.471936989956962], [118.28279042752881, 31.471936989956962], [118.28279042752881, 31.47175732690014], [118.28297009058564, 31.47175732690014], [118.28297009058564, 31.471936989956962]]]}, "properties": {"name": "cand19", "ptype": "hall", "confidence": "low", "rank": 19, "area_ha": 2.9, "rise_db": 6.0, "digitised_from": "Sentinel-1 VV rise 2022->2026, orbit 142"}}, {"type": "Feature", "geometry": {"geodesic": false, "type": "Polygon", "coordinates": [[[118.2676987307556, 31.47355395746838], [118.2676987307556, 31.473374294411556], [118.26787839381242, 31.473374294411556], [118.26787839381242, 31.47319463135473], [118.26823771992608, 31.47319463135473], [118.26823771992608, 31.473014968297907], [118.2684173829829, 31.473014968297907], [118.2684173829829, 31.472835305241084], [118.26823771992608, 31.472835305241084], [118.26823771992608, 31.472655642184257], [118.26805805686925, 31.472655642184257], [118.26805805686925, 31.472475979127434], [118.26787839381242, 31.472475979127434], [118.26787839381242, 31.472655642184257], [118.2676987307556, 31.472655642184257], [118.2676987307556, 31.472835305241084], [118.26751906769877, 31.472835305241084], [118.26751906769877, 31.472655642184257], [118.26733940464196, 31.472655642184257], [118.26733940464196, 31.472475979127434], [118.26751906769877, 31.472475979127434], [118.26751906769877, 31.47211665301379], [118.2676987307556, 31.47211665301379], [118.2676987307556, 31.471936989956962], [118.26751906769877, 31.471936989956962], [118.26751906769877, 31.47175732690014], [118.2669800785283, 31.47175732690014], [118.2669800785283, 31.471577663843316], [118.26715974158513, 31.471577663843316], [118.26715974158513, 31.471218337729667], [118.26733940464196, 31.471218337729667], [118.26733940464196, 31.471038674672844], [118.26805805686925, 31.471038674672844], [118.26805805686925, 31.471398000786493], [118.26787839381242, 31.471398000786493], [118.26787839381242, 31.47175732690014], [118.26805805686925, 31.47175732690014], [118.26805805686925, 31.471936989956962], [118.2684173829829, 31.471936989956962], [118.2684173829829, 31.472475979127434], [118.26859704603972, 31.472475979127434], [118.26859704603972, 31.472655642184257], [118.26877670909654, 31.472655642184257], [118.26877670909654, 31.472835305241084], [118.2691360352102, 31.472835305241084], [118.2691360352102, 31.472655642184257], [118.26931569826702, 31.472655642184257], [118.26931569826702, 31.472475979127434], [118.26967502438066, 31.472475979127434], [118.26967502438066, 31.472835305241084], [118.2691360352102, 31.472835305241084], [118.2691360352102, 31.473014968297907], [118.26895637215337, 31.473014968297907], [118.26895637215337, 31.47319463135473], [118.26877670909654, 31.47319463135473], [118.26877670909654, 31.473374294411556], [118.26823771992608, 31.473374294411556], [118.26823771992608, 31.47355395746838], [118.2676987307556, 31.47355395746838]]]}, "properties": {"name": "cand20", "ptype": "hall", "confidence": "low", "rank": 20, "area_ha": 2.6, "rise_db": 5.5, "digitised_from": "Sentinel-1 VV rise 2022->2026, orbit 142"}}, {"type": "Feature", "geometry": {"geodesic": false, "type": "Polygon", "coordinates": [[[118.3045296574045, 31.46295383711577], [118.3045296574045, 31.462774174058943], [118.30434999434767, 31.462774174058943], [118.30434999434767, 31.46259451100212], [118.3045296574045, 31.46259451100212], [118.3045296574045, 31.462235184888474], [118.30470932046133, 31.462235184888474], [118.30470932046133, 31.46079788043388], [118.3045296574045, 31.46079788043388], [118.3045296574045, 31.460438554320234], [118.30470932046133, 31.460438554320234], [118.30470932046133, 31.458641923751994], [118.30506864657497, 31.458641923751994], [118.30506864657497, 31.459540239036112], [118.30524830963179, 31.459540239036112], [118.30524830963179, 31.45971990209294], [118.30542797268862, 31.45971990209294], [118.30542797268862, 31.45989956514976], [118.30524830963179, 31.45989956514976], [118.30524830963179, 31.46079788043388], [118.30506864657497, 31.46079788043388], [118.30506864657497, 31.460977543490706], [118.30524830963179, 31.460977543490706], [118.30524830963179, 31.461696195718], [118.30506864657497, 31.461696195718], [118.30506864657497, 31.462235184888474], [118.30488898351815, 31.462235184888474], [118.30488898351815, 31.46259451100212], [118.30470932046133, 31.46259451100212], [118.30470932046133, 31.46295383711577], [118.3045296574045, 31.46295383711577]]]}, "properties": {"name": "cand21", "ptype": "hall", "confidence": "low", "rank": 21, "area_ha": 2.4, "rise_db": 9.1, "digitised_from": "Sentinel-1 VV rise 2022->2026, orbit 142"}}, {"type": "Feature", "geometry": {"geodesic": false, "type": "Polygon", "coordinates": [[[118.26626142630101, 31.4864896975597], [118.26626142630101, 31.486310034502875], [118.26608176324419, 31.486310034502875], [118.26608176324419, 31.48559138227558], [118.26626142630101, 31.48559138227558], [118.26626142630101, 31.485232056161934], [118.26608176324419, 31.485232056161934], [118.26608176324419, 31.485052393105107], [118.26626142630101, 31.485052393105107], [118.26626142630101, 31.484872730048284], [118.26644108935783, 31.484872730048284], [118.26644108935783, 31.485052393105107], [118.2669800785283, 31.485052393105107], [118.2669800785283, 31.484872730048284], [118.26751906769877, 31.484872730048284], [118.26751906769877, 31.486130371446052], [118.26715974158513, 31.486130371446052], [118.26715974158513, 31.486310034502875], [118.26680041547148, 31.486310034502875], [118.26680041547148, 31.4864896975597], [118.26626142630101, 31.4864896975597]]]}, "properties": {"name": "cand22", "ptype": "hall", "confidence": "low", "rank": 22, "area_ha": 2.4, "rise_db": 7.4, "digitised_from": "Sentinel-1 VV rise 2022->2026, orbit 142"}}, {"type": "Feature", "geometry": {"geodesic": false, "type": "Polygon", "coordinates": [[[118.31189584273429, 31.48559138227558], [118.31189584273429, 31.485411719218757], [118.31171617967746, 31.485411719218757], [118.31171617967746, 31.485232056161934], [118.31153651662063, 31.485232056161934], [118.31153651662063, 31.484333740877812], [118.31189584273429, 31.484333740877812], [118.31189584273429, 31.483974414764166], [118.31171617967746, 31.483974414764166], [118.31171617967746, 31.483615088650517], [118.31153651662063, 31.483615088650517], [118.31153651662063, 31.483435425593694], [118.31171617967746, 31.483435425593694], [118.31171617967746, 31.48325576253687], [118.31243483190475, 31.48325576253687], [118.31243483190475, 31.483435425593694], [118.31261449496158, 31.483435425593694], [118.31261449496158, 31.48379475170734], [118.3127941580184, 31.48379475170734], [118.3127941580184, 31.483974414764166], [118.31297382107522, 31.483974414764166], [118.31297382107522, 31.48415407782099], [118.3127941580184, 31.48415407782099], [118.3127941580184, 31.484333740877812], [118.31261449496158, 31.484333740877812], [118.31261449496158, 31.48451340393464], [118.31225516884793, 31.48451340393464], [118.31225516884793, 31.48469306699146], [118.3120755057911, 31.48469306699146], [118.3120755057911, 31.484872730048284], [118.31225516884793, 31.484872730048284], [118.31225516884793, 31.485411719218757], [118.3120755057911, 31.485411719218757], [118.3120755057911, 31.48559138227558], [118.31189584273429, 31.48559138227558]]]}, "properties": {"name": "cand23", "ptype": "hall", "confidence": "low", "rank": 23, "area_ha": 2.3, "rise_db": 10.6, "digitised_from": "Sentinel-1 VV rise 2022->2026, orbit 142"}}, {"type": "Feature", "geometry": {"geodesic": false, "type": "Polygon", "coordinates": [[[118.32824518090526, 31.47499126192297], [118.32824518090526, 31.474811598866147], [118.32806551784843, 31.474811598866147], [118.32806551784843, 31.47463193580932], [118.32824518090526, 31.47463193580932], [118.32824518090526, 31.473913283582025], [118.32842484396208, 31.473913283582025], [118.32842484396208, 31.473733620525202], [118.32968248535985, 31.473733620525202], [118.32968248535985, 31.473913283582025], [118.32986214841667, 31.473913283582025], [118.32986214841667, 31.474811598866147], [118.32878417007572, 31.474811598866147], [118.32878417007572, 31.47499126192297], [118.32824518090526, 31.47499126192297]]]}, "properties": {"name": "cand24", "ptype": "hall", "confidence": "low", "rank": 24, "area_ha": 2.2, "rise_db": 7.4, "digitised_from": "Sentinel-1 VV rise 2022->2026, orbit 142"}}, {"type": "Feature", "geometry": {"geodesic": false, "type": "Polygon", "coordinates": [[[118.31548910387076, 31.44319090086514], [118.31548910387076, 31.442651911694668], [118.31566876692759, 31.442651911694668], [118.31566876692759, 31.442112922524196], [118.31548910387076, 31.442112922524196], [118.31548910387076, 31.44229258558102], [118.31530944081393, 31.44229258558102], [118.31530944081393, 31.4413942702969], [118.31548910387076, 31.4413942702969], [118.31548910387076, 31.44103494418325], [118.31602809304123, 31.44103494418325], [118.31602809304123, 31.440855281126428], [118.31620775609805, 31.440855281126428], [118.31620775609805, 31.441214607240077], [118.31638741915488, 31.441214607240077], [118.31638741915488, 31.441753596410546], [118.3165670822117, 31.441753596410546], [118.3165670822117, 31.44229258558102], [118.31638741915488, 31.44229258558102], [118.31638741915488, 31.44247224863784], [118.31620775609805, 31.44247224863784], [118.31620775609805, 31.44283157475149], [118.31602809304123, 31.44283157475149], [118.31602809304123, 31.442651911694668], [118.31584842998441, 31.442651911694668], [118.31584842998441, 31.443011237808314], [118.31566876692759, 31.443011237808314], [118.31566876692759, 31.44319090086514], [118.31548910387076, 31.44319090086514]]]}, "properties": {"name": "cand25", "ptype": "hall", "confidence": "low", "rank": 25, "area_ha": 2.2, "rise_db": 14.3, "digitised_from": "Sentinel-1 VV rise 2022->2026, orbit 142"}}, {"type": "Feature", "geometry": {"geodesic": false, "type": "Polygon", "coordinates": [[[118.25386467538016, 31.4782251969458], [118.25386467538016, 31.478045533888977], [118.25368501232333, 31.478045533888977], [118.25368501232333, 31.477686207775328], [118.25350534926652, 31.477686207775328], [118.25350534926652, 31.476967555548033], [118.25332568620969, 31.476967555548033], [118.25332568620969, 31.476608229434383], [118.25404433843698, 31.476608229434383], [118.25404433843698, 31.476069240263914], [118.25422400149381, 31.476069240263914], [118.25422400149381, 31.475889577207088], [118.25458332760745, 31.475889577207088], [118.25458332760745, 31.477326881661682], [118.25476299066428, 31.477326881661682], [118.25476299066428, 31.477506544718505], [118.2549426537211, 31.477506544718505], [118.2549426537211, 31.477686207775328], [118.25476299066428, 31.477686207775328], [118.25476299066428, 31.47786587083215], [118.25440366455064, 31.47786587083215], [118.25440366455064, 31.478045533888977], [118.25422400149381, 31.478045533888977], [118.25422400149381, 31.4782251969458], [118.25386467538016, 31.4782251969458]], [[118.25404433843698, 31.477686207775328], [118.25368501232333, 31.477686207775328], [118.25368501232333, 31.477147218604856], [118.25440366455064, 31.477147218604856], [118.25440366455064, 31.477506544718505], [118.25404433843698, 31.477506544718505], [118.25404433843698, 31.477686207775328]], [[118.25440366455064, 31.47786587083215], [118.25404433843698, 31.47786587083215], [118.25404433843698, 31.477686207775328], [118.25440366455064, 31.477686207775328], [118.25440366455064, 31.47786587083215]]]}, "properties": {"name": "cand26", "ptype": "hall", "confidence": "low", "rank": 26, "area_ha": 2.1, "rise_db": 6.1, "digitised_from": "Sentinel-1 VV rise 2022->2026, orbit 142"}}, {"type": "Feature", "geometry": {"geodesic": false, "type": "Polygon", "coordinates": [[[118.33381473566679, 31.473374294411556], [118.33381473566679, 31.47319463135473], [118.33345540955315, 31.47319463135473], [118.33345540955315, 31.472835305241084], [118.33291642038267, 31.472835305241084], [118.33291642038267, 31.47319463135473], [118.33273675732586, 31.47319463135473], [118.33273675732586, 31.47229631607061], [118.33363507260998, 31.47229631607061], [118.33363507260998, 31.472475979127434], [118.33381473566679, 31.472475979127434], [118.33381473566679, 31.472655642184257], [118.33399439872362, 31.472655642184257], [118.33399439872362, 31.472835305241084], [118.33417406178044, 31.472835305241084], [118.33417406178044, 31.472655642184257], [118.3345333878941, 31.472655642184257], [118.3345333878941, 31.472475979127434], [118.33489271400774, 31.472475979127434], [118.33489271400774, 31.472655642184257], [118.33507237706456, 31.472655642184257], [118.33507237706456, 31.47319463135473], [118.33471305095092, 31.47319463135473], [118.33471305095092, 31.473014968297907], [118.33417406178044, 31.473014968297907], [118.33417406178044, 31.47319463135473], [118.33399439872362, 31.47319463135473], [118.33399439872362, 31.473374294411556], [118.33381473566679, 31.473374294411556]]]}, "properties": {"name": "cand27", "ptype": "hall", "confidence": "low", "rank": 27, "area_ha": 1.7, "rise_db": 7.2, "digitised_from": "Sentinel-1 VV rise 2022->2026, orbit 142"}}, {"type": "Feature", "geometry": {"geodesic": false, "type": "Polygon", "coordinates": [[[118.28081413390375, 31.451096075365392], [118.28081413390375, 31.450736749251742], [118.28063447084692, 31.450736749251742], [118.28063447084692, 31.449838433967624], [118.28099379696057, 31.449838433967624], [118.28099379696057, 31.449658770910798], [118.28171244918786, 31.449658770910798], [118.28171244918786, 31.45019776008127], [118.28153278613104, 31.45019776008127], [118.28153278613104, 31.450377423138097], [118.28171244918786, 31.450377423138097], [118.28171244918786, 31.450916412308565], [118.28099379696057, 31.450916412308565], [118.28099379696057, 31.451096075365392], [118.28081413390375, 31.451096075365392]]]}, "properties": {"name": "cand28", "ptype": "hall", "confidence": "low", "rank": 28, "area_ha": 1.6, "rise_db": 6.5, "digitised_from": "Sentinel-1 VV rise 2022->2026, orbit 142"}}, {"type": "Feature", "geometry": {"geodesic": false, "type": "Polygon", "coordinates": [[[118.2624885021077, 31.483435425593694], [118.2624885021077, 31.48325576253687], [118.26230883905089, 31.48325576253687], [118.26230883905089, 31.48289643642322], [118.2624885021077, 31.48289643642322], [118.2624885021077, 31.481998121139103], [118.26266816516453, 31.481998121139103], [118.26266816516453, 31.481818458082277], [118.26302749127818, 31.481818458082277], [118.26302749127818, 31.481998121139103], [118.263207154335, 31.481998121139103], [118.263207154335, 31.48235744725275], [118.26338681739183, 31.48235744725275], [118.26338681739183, 31.48289643642322], [118.26356648044865, 31.48289643642322], [118.26356648044865, 31.483076099480044], [118.26338681739183, 31.483076099480044], [118.26338681739183, 31.48325576253687], [118.26302749127818, 31.48325576253687], [118.26302749127818, 31.483076099480044], [118.26284782822135, 31.483076099480044], [118.26284782822135, 31.483435425593694], [118.2624885021077, 31.483435425593694]]]}, "properties": {"name": "cand29", "ptype": "hall", "confidence": "low", "rank": 29, "area_ha": 1.6, "rise_db": 8.9, "digitised_from": "Sentinel-1 VV rise 2022->2026, orbit 142"}}, {"type": "Feature", "geometry": {"geodesic": false, "type": "Polygon", "coordinates": [[[118.26733940464196, 31.450736749251742], [118.26733940464196, 31.45055708619492], [118.26680041547148, 31.45055708619492], [118.26680041547148, 31.450377423138097], [118.26662075241465, 31.450377423138097], [118.26662075241465, 31.449658770910798], [118.2669800785283, 31.449658770910798], [118.2669800785283, 31.449838433967624], [118.26733940464196, 31.449838433967624], [118.26733940464196, 31.449658770910798], [118.2676987307556, 31.449658770910798], [118.2676987307556, 31.449838433967624], [118.26787839381242, 31.449838433967624], [118.26787839381242, 31.45055708619492], [118.2676987307556, 31.45055708619492], [118.2676987307556, 31.450736749251742], [118.26733940464196, 31.450736749251742]]]}, "properties": {"name": "cand30", "ptype": "hall", "confidence": "low", "rank": 30, "area_ha": 1.3, "rise_db": 7.6, "digitised_from": "Sentinel-1 VV rise 2022->2026, orbit 142"}}, {"type": "Feature", "geometry": {"geodesic": false, "type": "Polygon", "coordinates": [[[118.30506864657497, 31.44552652060385], [118.30506864657497, 31.445346857547026], [118.30434999434767, 31.445346857547026], [118.30434999434767, 31.445167194490203], [118.30417033129085, 31.445167194490203], [118.30417033129085, 31.444987531433377], [118.30327201600673, 31.444987531433377], [118.30327201600673, 31.444807868376554], [118.3030923529499, 31.444807868376554], [118.3030923529499, 31.44462820531973], [118.30345167906356, 31.44462820531973], [118.30345167906356, 31.444448542262904], [118.30381100517721, 31.444448542262904], [118.30381100517721, 31.44462820531973], [118.30417033129085, 31.44462820531973], [118.30417033129085, 31.444807868376554], [118.30488898351815, 31.444807868376554], [118.30488898351815, 31.444987531433377], [118.30524830963179, 31.444987531433377], [118.30524830963179, 31.445167194490203], [118.30542797268862, 31.445167194490203], [118.30542797268862, 31.445346857547026], [118.30560763574545, 31.445346857547026], [118.30560763574545, 31.44552652060385], [118.30506864657497, 31.44552652060385]]]}, "properties": {"name": "cand31", "ptype": "hall", "confidence": "low", "rank": 31, "area_ha": 1.3, "rise_db": 5.4, "digitised_from": "Sentinel-1 VV rise 2022->2026, orbit 142"}}, {"type": "Feature", "geometry": {"geodesic": false, "type": "Polygon", "coordinates": [[[118.3045296574045, 31.46942170716143], [118.3045296574045, 31.46906238104778], [118.30470932046133, 31.46906238104778], [118.30470932046133, 31.468343728820486], [118.30381100517721, 31.468343728820486], [118.30381100517721, 31.467984402706836], [118.30470932046133, 31.467984402706836], [118.30470932046133, 31.467804739650013], [118.30524830963179, 31.467804739650013], [118.30524830963179, 31.468164065763663], [118.30506864657497, 31.468164065763663], [118.30506864657497, 31.46870305493413], [118.30524830963179, 31.46870305493413], [118.30524830963179, 31.468882717990958], [118.30506864657497, 31.468882717990958], [118.30506864657497, 31.469242044104604], [118.30488898351815, 31.469242044104604], [118.30488898351815, 31.46942170716143], [118.3045296574045, 31.46942170716143]]]}, "properties": {"name": "cand32", "ptype": "hall", "confidence": "low", "rank": 32, "area_ha": 1.3, "rise_db": 10.0, "digitised_from": "Sentinel-1 VV rise 2022->2026, orbit 142"}}, {"type": "Feature", "geometry": {"geodesic": false, "type": "Polygon", "coordinates": [[[118.3014753854385, 31.487567675900642], [118.3014753854385, 31.487208349786997], [118.30165504849532, 31.487208349786997], [118.30165504849532, 31.48702868673017], [118.30219403766579, 31.48702868673017], [118.30219403766579, 31.486849023673347], [118.30273302683626, 31.486849023673347], [118.30273302683626, 31.486669360616524], [118.3030923529499, 31.486669360616524], [118.3030923529499, 31.4864896975597], [118.30381100517721, 31.4864896975597], [118.30381100517721, 31.486849023673347], [118.30291268989309, 31.486849023673347], [118.30291268989309, 31.48702868673017], [118.30273302683626, 31.48702868673017], [118.30273302683626, 31.487208349786997], [118.30237370072261, 31.487208349786997], [118.30237370072261, 31.48738801284382], [118.30219403766579, 31.48738801284382], [118.30219403766579, 31.487567675900642], [118.3014753854385, 31.487567675900642]]]}, "properties": {"name": "cand33", "ptype": "hall", "confidence": "low", "rank": 33, "area_ha": 1.2, "rise_db": 4.6, "digitised_from": "Sentinel-1 VV rise 2022->2026, orbit 142"}}, {"type": "Feature", "geometry": {"geodesic": false, "type": "Polygon", "coordinates": [[[118.28476672115387, 31.471936989956962], [118.28476672115387, 31.47175732690014], [118.2849463842107, 31.47175732690014], [118.2849463842107, 31.471398000786493], [118.28476672115387, 31.471398000786493], [118.28476672115387, 31.47085901161602], [118.28458705809705, 31.47085901161602], [118.28458705809705, 31.471038674672844], [118.2842277319834, 31.471038674672844], [118.2842277319834, 31.47085901161602], [118.28440739504022, 31.47085901161602], [118.28440739504022, 31.470679348559194], [118.2849463842107, 31.470679348559194], [118.2849463842107, 31.47049968550237], [118.28530571032434, 31.47049968550237], [118.28530571032434, 31.470679348559194], [118.28548537338116, 31.470679348559194], [118.28548537338116, 31.47085901161602], [118.28530571032434, 31.47085901161602], [118.28530571032434, 31.471218337729667], [118.28548537338116, 31.471218337729667], [118.28548537338116, 31.471577663843316], [118.28530571032434, 31.471577663843316], [118.28530571032434, 31.47175732690014], [118.28512604726752, 31.47175732690014], [118.28512604726752, 31.471936989956962], [118.28476672115387, 31.471936989956962]]]}, "properties": {"name": "cand34", "ptype": "hall", "confidence": "low", "rank": 34, "area_ha": 1.1, "rise_db": 6.7, "digitised_from": "Sentinel-1 VV rise 2022->2026, orbit 142"}}, {"type": "Feature", "geometry": {"geodesic": false, "type": "Polygon", "coordinates": [[[118.31836371277994, 31.442651911694668], [118.31836371277994, 31.441753596410546], [118.31854337583677, 31.441753596410546], [118.31854337583677, 31.441573933353723], [118.3187230388936, 31.441573933353723], [118.3187230388936, 31.441214607240077], [118.31908236500723, 31.441214607240077], [118.31908236500723, 31.441573933353723], [118.31926202806406, 31.441573933353723], [118.31926202806406, 31.441933259467373], [118.31908236500723, 31.441933259467373], [118.31908236500723, 31.44229258558102], [118.3189027019504, 31.44229258558102], [118.3189027019504, 31.44247224863784], [118.3187230388936, 31.44247224863784], [118.3187230388936, 31.442651911694668], [118.31836371277994, 31.442651911694668]]]}, "properties": {"name": "cand35", "ptype": "hall", "confidence": "low", "rank": 35, "area_ha": 1.0, "rise_db": 11.8, "digitised_from": "Sentinel-1 VV rise 2022->2026, orbit 142"}}, {"type": "Feature", "geometry": {"geodesic": false, "type": "Polygon", "coordinates": [[[118.3045296574045, 31.49942543765102], [118.3045296574045, 31.499245774594197], [118.30434999434767, 31.499245774594197], [118.30434999434767, 31.497628807082783], [118.3045296574045, 31.497628807082783], [118.3045296574045, 31.497808470139606], [118.30488898351815, 31.497808470139606], [118.30488898351815, 31.498886448480548], [118.30470932046133, 31.498886448480548], [118.30470932046133, 31.499066111537374], [118.30488898351815, 31.499066111537374], [118.30488898351815, 31.49942543765102], [118.3045296574045, 31.49942543765102]]]}, "properties": {"name": "cand36", "ptype": "hall", "confidence": "low", "rank": 36, "area_ha": 1.0, "rise_db": 4.7, "digitised_from": "Sentinel-1 VV rise 2022->2026, orbit 142"}}]}