{"type": "FeatureCollection", "features": [{"type": "Feature", "geometry": {"geodesic": false, "type": "Polygon", "coordinates": [[[112.58513590647233, 37.70157382226902], [112.58513590647233, 37.7013941592122], [112.5849562434155, 37.7013941592122], [112.5849562434155, 37.700316180871255], [112.58477658035868, 37.700316180871255], [112.58477658035868, 37.70013651781443], [112.58441725424504, 37.70013651781443], [112.58441725424504, 37.69995685475761], [112.58369860201775, 37.69995685475761], [112.58369860201775, 37.70013651781443], [112.5833392759041, 37.70013651781443], [112.5833392759041, 37.69995685475761], [112.58315961284727, 37.69995685475761], [112.58315961284727, 37.70013651781443], [112.58280028673362, 37.70013651781443], [112.58280028673362, 37.700495843928074], [112.5826206236768, 37.700495843928074], [112.5826206236768, 37.7006755069849], [112.58244096061998, 37.7006755069849], [112.58244096061998, 37.700495843928074], [112.58208163450632, 37.700495843928074], [112.58208163450632, 37.700316180871255], [112.58172230839267, 37.700316180871255], [112.58172230839267, 37.70013651781443], [112.58154264533586, 37.70013651781443], [112.58154264533586, 37.699597528643956], [112.5811833192222, 37.699597528643956], [112.5811833192222, 37.69977719170078], [112.58100365616538, 37.69977719170078], [112.58100365616538, 37.69923820253031], [112.5811833192222, 37.69923820253031], [112.5811833192222, 37.699058539473484], [112.58136298227903, 37.699058539473484], [112.58136298227903, 37.698878876416664], [112.5811833192222, 37.698878876416664], [112.5811833192222, 37.69869921335984], [112.58082399310855, 37.69869921335984], [112.58082399310855, 37.69851955030301], [112.58046466699491, 37.69851955030301], [112.58046466699491, 37.69833988724619], [112.58010534088126, 37.69833988724619], [112.58010534088126, 37.697980561132546], [112.58064433005174, 37.697980561132546], [112.58064433005174, 37.698160224189365], [112.58082399310855, 37.698160224189365], [112.58082399310855, 37.697441571962074], [112.58100365616538, 37.697441571962074], [112.58100365616538, 37.69636359362113], [112.58082399310855, 37.69636359362113], [112.58082399310855, 37.6961839305643], [112.58064433005174, 37.6961839305643], [112.58064433005174, 37.69564494139383], [112.58082399310855, 37.69564494139383], [112.58082399310855, 37.69546527833701], [112.5826206236768, 37.69546527833701], [112.5826206236768, 37.69564494139383], [112.58280028673362, 37.69564494139383], [112.58280028673362, 37.69546527833701], [112.58315961284727, 37.69546527833701], [112.58315961284727, 37.695285615280184], [112.5833392759041, 37.695285615280184], [112.5833392759041, 37.694566963052885], [112.58369860201775, 37.694566963052885], [112.58369860201775, 37.69474662610971], [112.58387826507456, 37.69474662610971], [112.58387826507456, 37.69510595222336], [112.58369860201775, 37.69510595222336], [112.58369860201775, 37.695285615280184], [112.58387826507456, 37.695285615280184], [112.58387826507456, 37.69546527833701], [112.58423759118821, 37.69546527833701], [112.58423759118821, 37.695285615280184], [112.58441725424504, 37.695285615280184], [112.58441725424504, 37.69546527833701], [112.58459691730187, 37.69546527833701], [112.58459691730187, 37.69564494139383], [112.5849562434155, 37.69564494139383], [112.5849562434155, 37.69546527833701], [112.58531556952916, 37.69546527833701], [112.58531556952916, 37.695285615280184], [112.58549523258598, 37.695285615280184], [112.58549523258598, 37.69510595222336], [112.58585455869962, 37.69510595222336], [112.58585455869962, 37.695285615280184], [112.58603422175645, 37.695285615280184], [112.58603422175645, 37.69546527833701], [112.58621388481328, 37.69546527833701], [112.58621388481328, 37.695285615280184], [112.5863935478701, 37.695285615280184], [112.5863935478701, 37.69510595222336], [112.58657321092693, 37.69510595222336], [112.58657321092693, 37.69474662610971], [112.58693253704057, 37.69474662610971], [112.58693253704057, 37.69510595222336], [112.5871122000974, 37.69510595222336], [112.5871122000974, 37.695285615280184], [112.58729186315422, 37.695285615280184], [112.58729186315422, 37.69600426750748], [112.5871122000974, 37.69600426750748], [112.5871122000974, 37.6961839305643], [112.58693253704057, 37.6961839305643], [112.58693253704057, 37.69636359362113], [112.58675287398374, 37.69636359362113], [112.58675287398374, 37.69654325667795], [112.58693253704057, 37.69654325667795], [112.58693253704057, 37.696722919734775], [112.58675287398374, 37.696722919734775], [112.58675287398374, 37.6969025827916], [112.58621388481328, 37.6969025827916], [112.58621388481328, 37.69708224584842], [112.58549523258598, 37.69708224584842], [112.58549523258598, 37.6969025827916], [112.5849562434155, 37.6969025827916], [112.5849562434155, 37.69708224584842], [112.58441725424504, 37.69708224584842], [112.58441725424504, 37.6969025827916], [112.58387826507456, 37.6969025827916], [112.58387826507456, 37.697980561132546], [112.58369860201775, 37.697980561132546], [112.58369860201775, 37.698160224189365], [112.58351893896092, 37.698160224189365], [112.58351893896092, 37.69869921335984], [112.58441725424504, 37.69869921335984], [112.58441725424504, 37.699058539473484], [112.58423759118821, 37.699058539473484], [112.58423759118821, 37.69923820253031], [112.58441725424504, 37.69923820253031], [112.58441725424504, 37.69941786558714], [112.58477658035868, 37.69941786558714], [112.58477658035868, 37.69995685475761], [112.5849562434155, 37.69995685475761], [112.5849562434155, 37.70013651781443], [112.58513590647233, 37.70013651781443], [112.58513590647233, 37.700316180871255], [112.58531556952916, 37.700316180871255], [112.58531556952916, 37.70085517004173], [112.58549523258598, 37.70085517004173], [112.58549523258598, 37.7013941592122], [112.58531556952916, 37.7013941592122], [112.58531556952916, 37.70157382226902], [112.58513590647233, 37.70157382226902]], [[112.58208163450632, 37.6961839305643], [112.5819019714495, 37.6961839305643], [112.5819019714495, 37.69600426750748], [112.58208163450632, 37.69600426750748], [112.58208163450632, 37.6961839305643]], [[112.58405792813139, 37.6961839305643], [112.58387826507456, 37.6961839305643], [112.58387826507456, 37.69582460445066], [112.58423759118821, 37.69582460445066], [112.58423759118821, 37.69600426750748], [112.58405792813139, 37.69600426750748], [112.58405792813139, 37.6961839305643]], [[112.58477658035868, 37.6961839305643], [112.58459691730187, 37.6961839305643], [112.58459691730187, 37.69600426750748], [112.58477658035868, 37.69600426750748], [112.58477658035868, 37.6961839305643]], [[112.58567489564281, 37.6961839305643], [112.58549523258598, 37.6961839305643], [112.58549523258598, 37.69600426750748], [112.58567489564281, 37.69600426750748], [112.58567489564281, 37.6961839305643]], [[112.58405792813139, 37.69654325667795], [112.58387826507456, 37.69654325667795], [112.58387826507456, 37.69636359362113], [112.58405792813139, 37.69636359362113], [112.58405792813139, 37.69654325667795]], [[112.5863935478701, 37.69654325667795], [112.58603422175645, 37.69654325667795], [112.58603422175645, 37.69600426750748], [112.58621388481328, 37.69600426750748], [112.58621388481328, 37.69582460445066], [112.5863935478701, 37.69582460445066], [112.5863935478701, 37.69600426750748], [112.58657321092693, 37.69600426750748], [112.58657321092693, 37.6961839305643], [112.5863935478701, 37.6961839305643], [112.5863935478701, 37.69654325667795]], [[112.58297994979044, 37.6969025827916], [112.58280028673362, 37.6969025827916], [112.58280028673362, 37.696722919734775], [112.58297994979044, 37.696722919734775], [112.58297994979044, 37.6969025827916]], [[112.58172230839267, 37.697441571962074], [112.58136298227903, 37.697441571962074], [112.58136298227903, 37.69708224584842], [112.58154264533586, 37.69708224584842], [112.58154264533586, 37.69654325667795], [112.5819019714495, 37.69654325667795], [112.5819019714495, 37.696722919734775], [112.58244096061998, 37.696722919734775], [112.58244096061998, 37.6969025827916], [112.5819019714495, 37.6969025827916], [112.5819019714495, 37.69726190890525], [112.58172230839267, 37.69726190890525], [112.58172230839267, 37.697441571962074]], [[112.58280028673362, 37.69762123501889], [112.5826206236768, 37.69762123501889], [112.5826206236768, 37.697441571962074], [112.58280028673362, 37.697441571962074], [112.58280028673362, 37.69762123501889]], [[112.58315961284727, 37.69851955030301], [112.58172230839267, 37.69851955030301], [112.58172230839267, 37.698160224189365], [112.5819019714495, 37.698160224189365], [112.5819019714495, 37.697980561132546], [112.58208163450632, 37.697980561132546], [112.58208163450632, 37.69780089807572], [112.5826206236768, 37.69780089807572], [112.5826206236768, 37.69833988724619], [112.58297994979044, 37.69833988724619], [112.58297994979044, 37.69780089807572], [112.58315961284727, 37.69780089807572], [112.58315961284727, 37.697980561132546], [112.5833392759041, 37.697980561132546], [112.5833392759041, 37.69833988724619], [112.58315961284727, 37.69833988724619], [112.58315961284727, 37.69851955030301]], [[112.58405792813139, 37.699058539473484], [112.58387826507456, 37.699058539473484], [112.58387826507456, 37.698878876416664], [112.58405792813139, 37.698878876416664], [112.58405792813139, 37.699058539473484]], [[112.58315961284727, 37.69941786558714], [112.5819019714495, 37.69941786558714], [112.5819019714495, 37.69923820253031], [112.58208163450632, 37.69923820253031], [112.58208163450632, 37.699058539473484], [112.5819019714495, 37.699058539473484], [112.5819019714495, 37.698878876416664], [112.58226129756315, 37.698878876416664], [112.58226129756315, 37.69869921335984], [112.58315961284727, 37.69869921335984], [112.58315961284727, 37.69941786558714]], [[112.58280028673362, 37.70013651781443], [112.5826206236768, 37.70013651781443], [112.5826206236768, 37.69995685475761], [112.58280028673362, 37.69995685475761], [112.58280028673362, 37.70013651781443]]]}, "properties": {"name": "cand01", "ptype": "hall", "confidence": "low", "rank": 1, "area_ha": 23.0, "rise_db": 6.8, "digitised_from": "Sentinel-1 VV rise 2022->2026, orbit 113"}}, {"type": "Feature", "geometry": {"geodesic": false, "type": "Polygon", "coordinates": [[[112.56663061161947, 37.71145529039433], [112.56663061161947, 37.711275627337514], [112.56573229633536, 37.711275627337514], [112.56573229633536, 37.71145529039433], [112.56555263327853, 37.71145529039433], [112.56555263327853, 37.711275627337514], [112.56483398105124, 37.711275627337514], [112.56483398105124, 37.71145529039433], [112.56447465493758, 37.71145529039433], [112.56447465493758, 37.711275627337514], [112.56357633965347, 37.711275627337514], [112.56357633965347, 37.71109596428069], [112.56285768742617, 37.71109596428069], [112.56285768742617, 37.711275627337514], [112.56249836131252, 37.711275627337514], [112.56249836131252, 37.71145529039433], [112.5623186982557, 37.71145529039433], [112.5623186982557, 37.711275627337514], [112.56213903519887, 37.711275627337514], [112.56213903519887, 37.71109596428069], [112.5616000460284, 37.71109596428069], [112.5616000460284, 37.711275627337514], [112.56106105685792, 37.711275627337514], [112.56106105685792, 37.71145529039433], [112.56070173074428, 37.71145529039433], [112.56070173074428, 37.711275627337514], [112.55962375240334, 37.711275627337514], [112.55962375240334, 37.71109596428069], [112.55944408934651, 37.71109596428069], [112.55944408934651, 37.71073663816704], [112.55980341546017, 37.71073663816704], [112.55980341546017, 37.710556975110215], [112.5601627415738, 37.710556975110215], [112.5601627415738, 37.710377312053396], [112.56052206768746, 37.710377312053396], [112.56052206768746, 37.710556975110215], [112.56177970908523, 37.710556975110215], [112.56177970908523, 37.710377312053396], [112.56213903519887, 37.710377312053396], [112.56213903519887, 37.71019764899657], [112.5623186982557, 37.71019764899657], [112.5623186982557, 37.710377312053396], [112.56267802436935, 37.710377312053396], [112.56267802436935, 37.71019764899657], [112.56249836131252, 37.71019764899657], [112.56249836131252, 37.7096586598261], [112.5623186982557, 37.7096586598261], [112.5623186982557, 37.70947899676927], [112.56195937214204, 37.70947899676927], [112.56195937214204, 37.7096586598261], [112.56177970908523, 37.7096586598261], [112.56177970908523, 37.70983832288292], [112.56142038297158, 37.70983832288292], [112.56142038297158, 37.70929933371245], [112.56106105685792, 37.70929933371245], [112.56106105685792, 37.70947899676927], [112.56088139380111, 37.70947899676927], [112.56088139380111, 37.7096586598261], [112.56052206768746, 37.7096586598261], [112.56052206768746, 37.70983832288292], [112.56034240463063, 37.70983832288292], [112.56034240463063, 37.71001798593974], [112.5601627415738, 37.71001798593974], [112.5601627415738, 37.71019764899657], [112.55998307851698, 37.71019764899657], [112.55998307851698, 37.71001798593974], [112.55980341546017, 37.71001798593974], [112.55980341546017, 37.70983832288292], [112.55944408934651, 37.70983832288292], [112.55944408934651, 37.7096586598261], [112.55890510017605, 37.7096586598261], [112.55890510017605, 37.70929933371245], [112.55926442628969, 37.70929933371245], [112.55926442628969, 37.709119670655625], [112.55962375240334, 37.709119670655625], [112.55962375240334, 37.7089400075988], [112.56070173074428, 37.7089400075988], [112.56070173074428, 37.70858068148515], [112.56142038297158, 37.70858068148515], [112.56142038297158, 37.70876034454198], [112.56195937214204, 37.70876034454198], [112.56195937214204, 37.70858068148515], [112.56213903519887, 37.70858068148515], [112.56213903519887, 37.70876034454198], [112.5623186982557, 37.70876034454198], [112.5623186982557, 37.7089400075988], [112.56285768742617, 37.7089400075988], [112.56285768742617, 37.70876034454198], [112.5653729702217, 37.70876034454198], [112.5653729702217, 37.70858068148515], [112.56555263327853, 37.70858068148515], [112.56555263327853, 37.70840101842833], [112.56591195939217, 37.70840101842833], [112.56591195939217, 37.70858068148515], [112.566091622449, 37.70858068148515], [112.566091622449, 37.70840101842833], [112.5668102746763, 37.70840101842833], [112.5668102746763, 37.708221355371506], [112.56716960078994, 37.708221355371506], [112.56716960078994, 37.70840101842833], [112.56770858996042, 37.70840101842833], [112.56770858996042, 37.70858068148515], [112.56788825301723, 37.70858068148515], [112.56788825301723, 37.70876034454198], [112.56770858996042, 37.70876034454198], [112.56770858996042, 37.7089400075988], [112.56752892690359, 37.7089400075988], [112.56752892690359, 37.709119670655625], [112.56770858996042, 37.709119670655625], [112.56770858996042, 37.70929933371245], [112.56788825301723, 37.70929933371245], [112.56788825301723, 37.70947899676927], [112.56752892690359, 37.70947899676927], [112.56752892690359, 37.7096586598261], [112.56734926384676, 37.7096586598261], [112.56734926384676, 37.70983832288292], [112.56770858996042, 37.70983832288292], [112.56770858996042, 37.71001798593974], [112.56788825301723, 37.71001798593974], [112.56788825301723, 37.71091630122386], [112.56806791607406, 37.71091630122386], [112.56806791607406, 37.71109596428069], [112.56788825301723, 37.71109596428069], [112.56788825301723, 37.711275627337514], [112.56716960078994, 37.711275627337514], [112.56716960078994, 37.71145529039433], [112.56663061161947, 37.71145529039433]], [[112.56591195939217, 37.70929933371245], [112.56573229633536, 37.70929933371245], [112.56573229633536, 37.709119670655625], [112.56591195939217, 37.709119670655625], [112.56591195939217, 37.70929933371245]], [[112.56627128550582, 37.70929933371245], [112.566091622449, 37.70929933371245], [112.566091622449, 37.709119670655625], [112.56627128550582, 37.709119670655625], [112.56627128550582, 37.70929933371245]], [[112.56698993773311, 37.70929933371245], [112.56663061161947, 37.70929933371245], [112.56663061161947, 37.709119670655625], [112.56698993773311, 37.709119670655625], [112.56698993773311, 37.70929933371245]], [[112.56411532882393, 37.7096586598261], [112.56357633965347, 37.7096586598261], [112.56357633965347, 37.70947899676927], [112.56303735048299, 37.70947899676927], [112.56303735048299, 37.70929933371245], [112.56411532882393, 37.70929933371245], [112.56411532882393, 37.709119670655625], [112.56483398105124, 37.709119670655625], [112.56483398105124, 37.70929933371245], [112.56447465493758, 37.70929933371245], [112.56447465493758, 37.70947899676927], [112.56411532882393, 37.70947899676927], [112.56411532882393, 37.7096586598261]], [[112.5668102746763, 37.70983832288292], [112.56591195939217, 37.70983832288292], [112.56591195939217, 37.7096586598261], [112.56627128550582, 37.7096586598261], [112.56627128550582, 37.70947899676927], [112.5668102746763, 37.70947899676927], [112.5668102746763, 37.70983832288292]], [[112.56375600271029, 37.71019764899657], [112.56357633965347, 37.71019764899657], [112.56357633965347, 37.71001798593974], [112.56375600271029, 37.71001798593974], [112.56375600271029, 37.71019764899657]], [[112.56555263327853, 37.710377312053396], [112.56519330716488, 37.710377312053396], [112.56519330716488, 37.71019764899657], [112.56555263327853, 37.71019764899657], [112.56555263327853, 37.710377312053396]], [[112.5653729702217, 37.71091630122386], [112.56519330716488, 37.71091630122386], [112.56519330716488, 37.71073663816704], [112.5653729702217, 37.71073663816704], [112.5653729702217, 37.71091630122386]], [[112.56591195939217, 37.71091630122386], [112.56573229633536, 37.71091630122386], [112.56573229633536, 37.71073663816704], [112.56591195939217, 37.71073663816704], [112.56591195939217, 37.71091630122386]]]}, "properties": {"name": "cand02", "ptype": "hall", "confidence": "low", "rank": 2, "area_ha": 22.8, "rise_db": 8.5, "digitised_from": "Sentinel-1 VV rise 2022->2026, orbit 113"}}, {"type": "Feature", "geometry": {"geodesic": false, "type": "Polygon", "coordinates": [[[112.53608789195941, 37.693848310825594], [112.53608789195941, 37.69366864776877], [112.53590822890258, 37.69366864776877], [112.53590822890258, 37.69348898471195], [112.53572856584576, 37.69348898471195], [112.53572856584576, 37.69330932165512], [112.5353692397321, 37.69330932165512], [112.5353692397321, 37.692949995541476], [112.5351895766753, 37.692949995541476], [112.5351895766753, 37.69277033248465], [112.53500991361847, 37.69277033248465], [112.53500991361847, 37.69187201720053], [112.53483025056164, 37.69187201720053], [112.53483025056164, 37.691692354143704], [112.53465058750481, 37.691692354143704], [112.53465058750481, 37.691512691086885], [112.53429126139116, 37.691512691086885], [112.53429126139116, 37.691692354143704], [112.53411159833435, 37.691692354143704], [112.53411159833435, 37.69187201720053], [112.53429126139116, 37.69187201720053], [112.53429126139116, 37.69223134331418], [112.53357260916387, 37.69223134331418], [112.53357260916387, 37.69259066942782], [112.5337522722207, 37.69259066942782], [112.5337522722207, 37.69277033248465], [112.53393193527752, 37.69277033248465], [112.53393193527752, 37.693129658598295], [112.53339294610704, 37.693129658598295], [112.53339294610704, 37.692949995541476], [112.5330336199934, 37.692949995541476], [112.5330336199934, 37.69277033248465], [112.53321328305023, 37.69277033248465], [112.53321328305023, 37.69259066942782], [112.53339294610704, 37.69259066942782], [112.53339294610704, 37.69223134331418], [112.53321328305023, 37.69223134331418], [112.53321328305023, 37.69187201720053], [112.53339294610704, 37.69187201720053], [112.53339294610704, 37.691692354143704], [112.53357260916387, 37.691692354143704], [112.53357260916387, 37.691512691086885], [112.5337522722207, 37.691512691086885], [112.5337522722207, 37.69115336497323], [112.53393193527752, 37.69115336497323], [112.53393193527752, 37.69097370191641], [112.53411159833435, 37.69097370191641], [112.53411159833435, 37.69061437580276], [112.53429126139116, 37.69061437580276], [112.53429126139116, 37.69043471274594], [112.53447092444799, 37.69043471274594], [112.53447092444799, 37.690075386632294], [112.53465058750481, 37.690075386632294], [112.53465058750481, 37.68971606051864], [112.53429126139116, 37.68971606051864], [112.53429126139116, 37.68953639746182], [112.5337522722207, 37.68953639746182], [112.5337522722207, 37.689356734404996], [112.53357260916387, 37.689356734404996], [112.53357260916387, 37.68917707134817], [112.5337522722207, 37.68917707134817], [112.5337522722207, 37.68899740829135], [112.53411159833435, 37.68899740829135], [112.53411159833435, 37.68827875606405], [112.53465058750481, 37.68827875606405], [112.53465058750481, 37.68881774523452], [112.53500991361847, 37.68881774523452], [112.53500991361847, 37.6886380821777], [112.53572856584576, 37.6886380821777], [112.53572856584576, 37.68827875606405], [112.53554890278893, 37.68827875606405], [112.53554890278893, 37.68809909300723], [112.53572856584576, 37.68809909300723], [112.53572856584576, 37.687919429950405], [112.5353692397321, 37.687919429950405], [112.5353692397321, 37.68827875606405], [112.53500991361847, 37.68827875606405], [112.53500991361847, 37.68809909300723], [112.53483025056164, 37.68809909300723], [112.53483025056164, 37.687919429950405], [112.53500991361847, 37.687919429950405], [112.53500991361847, 37.68773976689358], [112.53483025056164, 37.68773976689358], [112.53483025056164, 37.68756010383676], [112.53447092444799, 37.68756010383676], [112.53447092444799, 37.68773976689358], [112.53411159833435, 37.68773976689358], [112.53411159833435, 37.687919429950405], [112.53393193527752, 37.687919429950405], [112.53393193527752, 37.68773976689358], [112.53357260916387, 37.68773976689358], [112.53357260916387, 37.68756010383676], [112.53339294610704, 37.68756010383676], [112.53339294610704, 37.68738044077993], [112.53321328305023, 37.68738044077993], [112.53321328305023, 37.68702111466629], [112.53357260916387, 37.68702111466629], [112.53357260916387, 37.68684145160946], [112.5337522722207, 37.68684145160946], [112.5337522722207, 37.686661788552634], [112.53483025056164, 37.686661788552634], [112.53483025056164, 37.68702111466629], [112.53500991361847, 37.68702111466629], [112.53500991361847, 37.68738044077993], [112.5351895766753, 37.68738044077993], [112.5351895766753, 37.68773976689358], [112.53554890278893, 37.68773976689358], [112.53554890278893, 37.68756010383676], [112.53608789195941, 37.68756010383676], [112.53608789195941, 37.68773976689358], [112.53626755501622, 37.68773976689358], [112.53626755501622, 37.687919429950405], [112.53644721807305, 37.687919429950405], [112.53644721807305, 37.68845841912088], [112.53626755501622, 37.68845841912088], [112.53626755501622, 37.68899740829135], [112.53608789195941, 37.68899740829135], [112.53608789195941, 37.68917707134817], [112.53590822890258, 37.68917707134817], [112.53590822890258, 37.68899740829135], [112.53572856584576, 37.68899740829135], [112.53572856584576, 37.689356734404996], [112.53554890278893, 37.689356734404996], [112.53554890278893, 37.68953639746182], [112.53500991361847, 37.68953639746182], [112.53500991361847, 37.68971606051864], [112.53590822890258, 37.68971606051864], [112.53590822890258, 37.68953639746182], [112.53626755501622, 37.68953639746182], [112.53626755501622, 37.68971606051864], [112.53644721807305, 37.68971606051864], [112.53644721807305, 37.68989572357547], [112.53662688112988, 37.68989572357547], [112.53662688112988, 37.68917707134817], [112.53716587030036, 37.68917707134817], [112.53716587030036, 37.690255049689114], [112.537525196414, 37.690255049689114], [112.537525196414, 37.690075386632294], [112.53824384864129, 37.690075386632294], [112.53824384864129, 37.690255049689114], [112.53842351169811, 37.690255049689114], [112.53842351169811, 37.69043471274594], [112.53824384864129, 37.69043471274594], [112.53824384864129, 37.69061437580276], [112.53806418558447, 37.69061437580276], [112.53806418558447, 37.690794038859586], [112.53824384864129, 37.690794038859586], [112.53824384864129, 37.69097370191641], [112.53914216392542, 37.69097370191641], [112.53914216392542, 37.69133302803006], [112.53896250086859, 37.69133302803006], [112.53896250086859, 37.691512691086885], [112.53842351169811, 37.691512691086885], [112.53842351169811, 37.69115336497323], [112.53824384864129, 37.69115336497323], [112.53824384864129, 37.69133302803006], [112.53770485947082, 37.69133302803006], [112.53770485947082, 37.691512691086885], [112.53716587030036, 37.691512691086885], [112.53716587030036, 37.69187201720053], [112.53770485947082, 37.69187201720053], [112.53770485947082, 37.691692354143704], [112.53788452252765, 37.691692354143704], [112.53788452252765, 37.691512691086885], [112.53824384864129, 37.691512691086885], [112.53824384864129, 37.69187201720053], [112.53806418558447, 37.69187201720053], [112.53806418558447, 37.69205168025736], [112.53788452252765, 37.69205168025736], [112.53788452252765, 37.69223134331418], [112.537525196414, 37.69223134331418], [112.537525196414, 37.692411006371], [112.53770485947082, 37.692411006371], [112.53770485947082, 37.69259066942782], [112.53788452252765, 37.69259066942782], [112.53788452252765, 37.692949995541476], [112.53770485947082, 37.692949995541476], [112.53770485947082, 37.693129658598295], [112.53734553335717, 37.693129658598295], [112.53734553335717, 37.69330932165512], [112.5368065441867, 37.69330932165512], [112.5368065441867, 37.69348898471195], [112.53662688112988, 37.69348898471195], [112.53662688112988, 37.69366864776877], [112.53644721807305, 37.69366864776877], [112.53644721807305, 37.693848310825594], [112.53608789195941, 37.693848310825594]], [[112.53465058750481, 37.687200777723106], [112.53447092444799, 37.687200777723106], [112.53447092444799, 37.68702111466629], [112.53465058750481, 37.68702111466629], [112.53465058750481, 37.687200777723106]], [[112.53429126139116, 37.68738044077993], [112.53411159833435, 37.68738044077993], [112.53411159833435, 37.687200777723106], [112.53429126139116, 37.687200777723106], [112.53429126139116, 37.68738044077993]], [[112.53590822890258, 37.687919429950405], [112.53572856584576, 37.687919429950405], [112.53572856584576, 37.68773976689358], [112.53590822890258, 37.68773976689358], [112.53590822890258, 37.687919429950405]], [[112.53608789195941, 37.68827875606405], [112.53572856584576, 37.68827875606405], [112.53572856584576, 37.68809909300723], [112.53608789195941, 37.68809909300723], [112.53608789195941, 37.68827875606405]], [[112.53572856584576, 37.68899740829135], [112.53554890278893, 37.68899740829135], [112.53554890278893, 37.68881774523452], [112.53572856584576, 37.68881774523452], [112.53572856584576, 37.68899740829135]], [[112.53483025056164, 37.68917707134817], [112.53465058750481, 37.68917707134817], [112.53465058750481, 37.68899740829135], [112.53483025056164, 37.68899740829135], [112.53483025056164, 37.68917707134817]], [[112.53500991361847, 37.69133302803006], [112.53483025056164, 37.69133302803006], [112.53483025056164, 37.69115336497323], [112.53500991361847, 37.69115336497323], [112.53500991361847, 37.69133302803006]], [[112.53590822890258, 37.69133302803006], [112.53572856584576, 37.69133302803006], [112.53572856584576, 37.69115336497323], [112.53500991361847, 37.69115336497323], [112.53500991361847, 37.69097370191641], [112.53572856584576, 37.69097370191641], [112.53572856584576, 37.690794038859586], [112.53608789195941, 37.690794038859586], [112.53608789195941, 37.69115336497323], [112.53590822890258, 37.69115336497323], [112.53590822890258, 37.69133302803006]], [[112.53662688112988, 37.691692354143704], [112.53608789195941, 37.691692354143704], [112.53608789195941, 37.691512691086885], [112.53644721807305, 37.691512691086885], [112.53644721807305, 37.69133302803006], [112.53662688112988, 37.69133302803006], [112.53662688112988, 37.690255049689114], [112.53716587030036, 37.690255049689114], [112.53716587030036, 37.690794038859586], [112.537525196414, 37.690794038859586], [112.537525196414, 37.69061437580276], [112.53770485947082, 37.69061437580276], [112.53770485947082, 37.690794038859586], [112.53806418558447, 37.690794038859586], [112.53806418558447, 37.69097370191641], [112.53770485947082, 37.69097370191641], [112.53770485947082, 37.69115336497323], [112.53716587030036, 37.69115336497323], [112.53716587030036, 37.69133302803006], [112.53698620724353, 37.69133302803006], [112.53698620724353, 37.691512691086885], [112.53662688112988, 37.691512691086885], [112.53662688112988, 37.691692354143704]], [[112.53572856584576, 37.69205168025736], [112.5353692397321, 37.69205168025736], [112.5353692397321, 37.69187201720053], [112.53572856584576, 37.69187201720053], [112.53572856584576, 37.69205168025736]], [[112.53716587030036, 37.69205168025736], [112.53698620724353, 37.69205168025736], [112.53698620724353, 37.69187201720053], [112.53716587030036, 37.69187201720053], [112.53716587030036, 37.69205168025736]]]}, "properties": {"name": "cand03", "ptype": "hall", "confidence": "low", "rank": 3, "area_ha": 20.7, "rise_db": 7.1, "digitised_from": "Sentinel-1 VV rise 2022->2026, orbit 113"}}, {"type": "Feature", "geometry": {"geodesic": false, "type": "Polygon", "coordinates": [[[112.5984309726773, 37.71504855153081], [112.5984309726773, 37.71486888847399], [112.59807164656365, 37.71486888847399], [112.59807164656365, 37.71468922541717], [112.59789198350683, 37.71468922541717], [112.59789198350683, 37.71450956236034], [112.59771232045, 37.71450956236034], [112.59771232045, 37.71379091013305], [112.59753265739319, 37.71379091013305], [112.59753265739319, 37.71361124707622], [112.59735299433636, 37.71361124707622], [112.59735299433636, 37.71325192096258], [112.59753265739319, 37.71325192096258], [112.59753265739319, 37.71307225790575], [112.59789198350683, 37.71307225790575], [112.59789198350683, 37.71253326873528], [112.59771232045, 37.71253326873528], [112.59771232045, 37.712712931792105], [112.59753265739319, 37.712712931792105], [112.59753265739319, 37.71253326873528], [112.59717333127954, 37.71253326873528], [112.59717333127954, 37.71235360567846], [112.59699366822271, 37.71235360567846], [112.59699366822271, 37.711994279564806], [112.59717333127954, 37.711994279564806], [112.59717333127954, 37.71109596428069], [112.59771232045, 37.71109596428069], [112.59771232045, 37.711275627337514], [112.59789198350683, 37.711275627337514], [112.59789198350683, 37.71109596428069], [112.59807164656365, 37.71109596428069], [112.59807164656365, 37.71091630122386], [112.59825130962048, 37.71091630122386], [112.59825130962048, 37.71073663816704], [112.59771232045, 37.71073663816704], [112.59771232045, 37.710556975110215], [112.59699366822271, 37.710556975110215], [112.59699366822271, 37.71001798593974], [112.59681400516588, 37.71001798593974], [112.59681400516588, 37.70983832288292], [112.59699366822271, 37.70983832288292], [112.59699366822271, 37.7096586598261], [112.59861063573412, 37.7096586598261], [112.59861063573412, 37.70983832288292], [112.59932928796142, 37.70983832288292], [112.59932928796142, 37.70947899676927], [112.59950895101825, 37.70947899676927], [112.59950895101825, 37.7089400075988], [112.59968861407506, 37.7089400075988], [112.59968861407506, 37.70876034454198], [112.60040726630237, 37.70876034454198], [112.60040726630237, 37.709119670655625], [112.60004794018872, 37.709119670655625], [112.60004794018872, 37.70929933371245], [112.59968861407506, 37.70929933371245], [112.59968861407506, 37.7096586598261], [112.60040726630237, 37.7096586598261], [112.60040726630237, 37.71001798593974], [112.60022760324554, 37.71001798593974], [112.60022760324554, 37.71019764899657], [112.60058692935918, 37.71019764899657], [112.60058692935918, 37.71001798593974], [112.60076659241601, 37.71001798593974], [112.60076659241601, 37.70983832288292], [112.60148524464331, 37.70983832288292], [112.60148524464331, 37.7096586598261], [112.60166490770013, 37.7096586598261], [112.60166490770013, 37.71001798593974], [112.60148524464331, 37.71001798593974], [112.60148524464331, 37.710556975110215], [112.60130558158649, 37.710556975110215], [112.60130558158649, 37.71073663816704], [112.60094625547283, 37.71073663816704], [112.60094625547283, 37.710556975110215], [112.60040726630237, 37.710556975110215], [112.60040726630237, 37.71073663816704], [112.60058692935918, 37.71073663816704], [112.60058692935918, 37.71091630122386], [112.60040726630237, 37.71091630122386], [112.60040726630237, 37.71109596428069], [112.60004794018872, 37.71109596428069], [112.60004794018872, 37.71217394262163], [112.59986827713189, 37.71217394262163], [112.59986827713189, 37.71235360567846], [112.60004794018872, 37.71235360567846], [112.60004794018872, 37.71253326873528], [112.60022760324554, 37.71253326873528], [112.60022760324554, 37.712712931792105], [112.60040726630237, 37.712712931792105], [112.60040726630237, 37.712892594848924], [112.60076659241601, 37.712892594848924], [112.60076659241601, 37.71307225790575], [112.59986827713189, 37.71307225790575], [112.59986827713189, 37.71361124707622], [112.59968861407506, 37.71361124707622], [112.59968861407506, 37.71379091013305], [112.59950895101825, 37.71379091013305], [112.59950895101825, 37.71397057318987], [112.59986827713189, 37.71397057318987], [112.59986827713189, 37.714150236246695], [112.59950895101825, 37.714150236246695], [112.59950895101825, 37.71432989930352], [112.59932928796142, 37.71432989930352], [112.59932928796142, 37.71468922541717], [112.5991496249046, 37.71468922541717], [112.5991496249046, 37.71504855153081], [112.5984309726773, 37.71504855153081]], [[112.60004794018872, 37.71019764899657], [112.59968861407506, 37.71019764899657], [112.59968861407506, 37.71001798593974], [112.60004794018872, 37.71001798593974], [112.60004794018872, 37.71019764899657]], [[112.59825130962048, 37.710377312053396], [112.59771232045, 37.710377312053396], [112.59771232045, 37.71001798593974], [112.59807164656365, 37.71001798593974], [112.59807164656365, 37.71019764899657], [112.59825130962048, 37.71019764899657], [112.59825130962048, 37.710377312053396]], [[112.59986827713189, 37.71145529039433], [112.59932928796142, 37.71145529039433], [112.59932928796142, 37.711275627337514], [112.59879029879095, 37.711275627337514], [112.59879029879095, 37.71109596428069], [112.5984309726773, 37.71109596428069], [112.5984309726773, 37.71091630122386], [112.59861063573412, 37.71091630122386], [112.59861063573412, 37.71073663816704], [112.59879029879095, 37.71073663816704], [112.59879029879095, 37.710556975110215], [112.59932928796142, 37.710556975110215], [112.59932928796142, 37.71073663816704], [112.59950895101825, 37.71073663816704], [112.59950895101825, 37.71091630122386], [112.59986827713189, 37.71091630122386], [112.59986827713189, 37.71145529039433]], [[112.5984309726773, 37.71163495345116], [112.59771232045, 37.71163495345116], [112.59771232045, 37.71145529039433], [112.59789198350683, 37.71145529039433], [112.59789198350683, 37.711275627337514], [112.59825130962048, 37.711275627337514], [112.59825130962048, 37.71145529039433], [112.5984309726773, 37.71145529039433], [112.5984309726773, 37.71163495345116]], [[112.59771232045, 37.711814616507986], [112.59735299433636, 37.711814616507986], [112.59735299433636, 37.71163495345116], [112.59771232045, 37.71163495345116], [112.59771232045, 37.711814616507986]], [[112.5984309726773, 37.711994279564806], [112.59825130962048, 37.711994279564806], [112.59825130962048, 37.711814616507986], [112.5984309726773, 37.711814616507986], [112.5984309726773, 37.711994279564806]], [[112.59807164656365, 37.71217394262163], [112.59789198350683, 37.71217394262163], [112.59789198350683, 37.711994279564806], [112.59807164656365, 37.711994279564806], [112.59807164656365, 37.71217394262163]], [[112.59807164656365, 37.71325192096258], [112.59789198350683, 37.71325192096258], [112.59789198350683, 37.71307225790575], [112.59807164656365, 37.71307225790575], [112.59807164656365, 37.71325192096258]], [[112.59879029879095, 37.713431584019396], [112.59861063573412, 37.713431584019396], [112.59861063573412, 37.71307225790575], [112.59879029879095, 37.71307225790575], [112.59879029879095, 37.713431584019396]], [[112.59896996184777, 37.71468922541717], [112.5984309726773, 37.71468922541717], [112.5984309726773, 37.714150236246695], [112.59861063573412, 37.714150236246695], [112.59861063573412, 37.71432989930352], [112.59879029879095, 37.71432989930352], [112.59879029879095, 37.71450956236034], [112.59896996184777, 37.71450956236034], [112.59896996184777, 37.71468922541717]]]}, "properties": {"name": "cand04", "ptype": "hall", "confidence": "low", "rank": 4, "area_ha": 16.2, "rise_db": 9.9, "digitised_from": "Sentinel-1 VV rise 2022->2026, orbit 113"}}, {"type": "Feature", "geometry": {"geodesic": false, "type": "Polygon", "coordinates": [[[112.61388199556416, 37.69420763693924], [112.61388199556416, 37.69366864776877], [112.61406165862098, 37.69366864776877], [112.61406165862098, 37.693129658598295], [112.61388199556416, 37.693129658598295], [112.61388199556416, 37.692949995541476], [112.61406165862098, 37.692949995541476], [112.61406165862098, 37.69277033248465], [112.6135226694505, 37.69277033248465], [112.6135226694505, 37.692949995541476], [112.61334300639369, 37.692949995541476], [112.61334300639369, 37.693129658598295], [112.61316334333686, 37.693129658598295], [112.61316334333686, 37.69330932165512], [112.61298368028004, 37.69330932165512], [112.61298368028004, 37.69348898471195], [112.61280401722321, 37.69348898471195], [112.61280401722321, 37.69366864776877], [112.61262435416639, 37.69366864776877], [112.61262435416639, 37.693848310825594], [112.61244469110956, 37.693848310825594], [112.61244469110956, 37.69402797388242], [112.61226502805275, 37.69402797388242], [112.61226502805275, 37.693848310825594], [112.6119057019391, 37.693848310825594], [112.6119057019391, 37.69402797388242], [112.61172603888227, 37.69402797388242], [112.61172603888227, 37.69420763693924], [112.61136671276863, 37.69420763693924], [112.61136671276863, 37.69402797388242], [112.6111870497118, 37.69402797388242], [112.6111870497118, 37.693848310825594], [112.61136671276863, 37.693848310825594], [112.61136671276863, 37.69348898471195], [112.61244469110956, 37.69348898471195], [112.61244469110956, 37.693129658598295], [112.61226502805275, 37.693129658598295], [112.61226502805275, 37.69277033248465], [112.61208536499592, 37.69277033248465], [112.61208536499592, 37.692949995541476], [112.61172603888227, 37.692949995541476], [112.61172603888227, 37.693129658598295], [112.61136671276863, 37.693129658598295], [112.61136671276863, 37.692949995541476], [112.61082772359815, 37.692949995541476], [112.61082772359815, 37.69330932165512], [112.61100738665498, 37.69330932165512], [112.61100738665498, 37.69348898471195], [112.61082772359815, 37.69348898471195], [112.61082772359815, 37.69366864776877], [112.6104683974845, 37.69366864776877], [112.6104683974845, 37.693129658598295], [112.61064806054132, 37.693129658598295], [112.61064806054132, 37.69187201720053], [112.6104683974845, 37.69187201720053], [112.6104683974845, 37.69097370191641], [112.61064806054132, 37.69097370191641], [112.61064806054132, 37.690794038859586], [112.61082772359815, 37.690794038859586], [112.61082772359815, 37.69061437580276], [112.61100738665498, 37.69061437580276], [112.61100738665498, 37.690794038859586], [112.6111870497118, 37.690794038859586], [112.6111870497118, 37.69097370191641], [112.61136671276863, 37.69097370191641], [112.61136671276863, 37.69115336497323], [112.61172603888227, 37.69115336497323], [112.61172603888227, 37.69097370191641], [112.61334300639369, 37.69097370191641], [112.61334300639369, 37.690794038859586], [112.6135226694505, 37.690794038859586], [112.6135226694505, 37.69097370191641], [112.61388199556416, 37.69097370191641], [112.61388199556416, 37.690794038859586], [112.61460064779145, 37.690794038859586], [112.61460064779145, 37.691512691086885], [112.61442098473462, 37.691512691086885], [112.61442098473462, 37.69205168025736], [112.61424132167781, 37.69205168025736], [112.61424132167781, 37.692411006371], [112.61406165862098, 37.692411006371], [112.61406165862098, 37.69277033248465], [112.61424132167781, 37.69277033248465], [112.61424132167781, 37.692949995541476], [112.61442098473462, 37.692949995541476], [112.61442098473462, 37.693129658598295], [112.61460064779145, 37.693129658598295], [112.61460064779145, 37.69402797388242], [112.61424132167781, 37.69402797388242], [112.61424132167781, 37.69420763693924], [112.61388199556416, 37.69420763693924]], [[112.61154637582544, 37.691512691086885], [112.61136671276863, 37.691512691086885], [112.61136671276863, 37.69133302803006], [112.61154637582544, 37.69133302803006], [112.61154637582544, 37.691512691086885]], [[112.61262435416639, 37.691512691086885], [112.61244469110956, 37.691512691086885], [112.61244469110956, 37.69133302803006], [112.61262435416639, 37.69133302803006], [112.61262435416639, 37.691512691086885]], [[112.61388199556416, 37.691692354143704], [112.6135226694505, 37.691692354143704], [112.6135226694505, 37.691512691086885], [112.61388199556416, 37.691512691086885], [112.61388199556416, 37.691692354143704]], [[112.61244469110956, 37.69205168025736], [112.61226502805275, 37.69205168025736], [112.61226502805275, 37.69187201720053], [112.61244469110956, 37.69187201720053], [112.61244469110956, 37.69205168025736]], [[112.61388199556416, 37.69223134331418], [112.61370233250733, 37.69223134331418], [112.61370233250733, 37.69205168025736], [112.61388199556416, 37.69205168025736], [112.61388199556416, 37.69223134331418]], [[112.61298368028004, 37.692411006371], [112.61262435416639, 37.692411006371], [112.61262435416639, 37.69223134331418], [112.61244469110956, 37.69223134331418], [112.61244469110956, 37.69205168025736], [112.61280401722321, 37.69205168025736], [112.61280401722321, 37.69223134331418], [112.61298368028004, 37.69223134331418], [112.61298368028004, 37.692411006371]], [[112.61244469110956, 37.69277033248465], [112.61226502805275, 37.69277033248465], [112.61226502805275, 37.69259066942782], [112.61244469110956, 37.69259066942782], [112.61244469110956, 37.69277033248465]]]}, "properties": {"name": "cand05", "ptype": "hall", "confidence": "low", "rank": 5, "area_ha": 11.6, "rise_db": 7.9, "digitised_from": "Sentinel-1 VV rise 2022->2026, orbit 113"}}, {"type": "Feature", "geometry": {"geodesic": false, "type": "Polygon", "coordinates": [[[112.55692880655099, 37.71468922541717], [112.55692880655099, 37.71450956236034], [112.55656948043733, 37.71450956236034], [112.55656948043733, 37.714150236246695], [112.5563898173805, 37.714150236246695], [112.5563898173805, 37.713431584019396], [112.55621015432368, 37.713431584019396], [112.55621015432368, 37.71325192096258], [112.55603049126685, 37.71325192096258], [112.55603049126685, 37.712892594848924], [112.55585082821004, 37.712892594848924], [112.55585082821004, 37.712712931792105], [112.55531183903956, 37.712712931792105], [112.55531183903956, 37.71235360567846], [112.5563898173805, 37.71235360567846], [112.5563898173805, 37.71217394262163], [112.55656948043733, 37.71217394262163], [112.55656948043733, 37.711994279564806], [112.55674914349416, 37.711994279564806], [112.55674914349416, 37.71163495345116], [112.55692880655099, 37.71163495345116], [112.55692880655099, 37.711275627337514], [112.55728813266462, 37.711275627337514], [112.55728813266462, 37.71145529039433], [112.55746779572145, 37.71145529039433], [112.55746779572145, 37.711275627337514], [112.55764745877828, 37.711275627337514], [112.55764745877828, 37.71091630122386], [112.5578271218351, 37.71091630122386], [112.5578271218351, 37.71145529039433], [112.55800678489192, 37.71145529039433], [112.55800678489192, 37.71109596428069], [112.55818644794874, 37.71109596428069], [112.55818644794874, 37.71145529039433], [112.55836611100557, 37.71145529039433], [112.55836611100557, 37.711814616507986], [112.5585457740624, 37.711814616507986], [112.5585457740624, 37.71145529039433], [112.55872543711922, 37.71145529039433], [112.55872543711922, 37.711275627337514], [112.55890510017605, 37.711275627337514], [112.55890510017605, 37.712712931792105], [112.5601627415738, 37.712712931792105], [112.5601627415738, 37.712892594848924], [112.56034240463063, 37.712892594848924], [112.56034240463063, 37.71307225790575], [112.5601627415738, 37.71307225790575], [112.5601627415738, 37.71325192096258], [112.55962375240334, 37.71325192096258], [112.55962375240334, 37.71307225790575], [112.55908476323286, 37.71307225790575], [112.55908476323286, 37.713431584019396], [112.55890510017605, 37.713431584019396], [112.55890510017605, 37.71361124707622], [112.55818644794874, 37.71361124707622], [112.55818644794874, 37.71397057318987], [112.55800678489192, 37.71397057318987], [112.55800678489192, 37.714150236246695], [112.5578271218351, 37.714150236246695], [112.5578271218351, 37.71432989930352], [112.55764745877828, 37.71432989930352], [112.55764745877828, 37.71468922541717], [112.55692880655099, 37.71468922541717]]]}, "properties": {"name": "cand06", "ptype": "hall", "confidence": "low", "rank": 6, "area_ha": 10.1, "rise_db": 9.6, "digitised_from": "Sentinel-1 VV rise 2022->2026, orbit 113"}}, {"type": "Feature", "geometry": {"geodesic": false, "type": "Polygon", "coordinates": [[[112.5901664720634, 37.7089400075988], [112.5901664720634, 37.70876034454198], [112.58998680900658, 37.70876034454198], [112.58998680900658, 37.708221355371506], [112.58980714594975, 37.708221355371506], [112.58980714594975, 37.70804169231468], [112.58962748289294, 37.70804169231468], [112.58962748289294, 37.706784050916916], [112.58980714594975, 37.706784050916916], [112.58980714594975, 37.705526409519145], [112.5901664720634, 37.705526409519145], [112.5901664720634, 37.7044484311782], [112.59034613512023, 37.7044484311782], [112.59034613512023, 37.70426876812138], [112.5901664720634, 37.70426876812138], [112.5901664720634, 37.704089105064554], [112.58998680900658, 37.704089105064554], [112.58998680900658, 37.70372977895091], [112.58980714594975, 37.70372977895091], [112.58980714594975, 37.70355011589408], [112.58962748289294, 37.70355011589408], [112.58962748289294, 37.70372977895091], [112.58926815677928, 37.70372977895091], [112.58926815677928, 37.70355011589408], [112.58908849372246, 37.70355011589408], [112.58908849372246, 37.703190789780436], [112.58926815677928, 37.703190789780436], [112.58926815677928, 37.70301112672361], [112.58980714594975, 37.70301112672361], [112.58980714594975, 37.703190789780436], [112.58998680900658, 37.703190789780436], [112.58998680900658, 37.70337045283726], [112.5901664720634, 37.70337045283726], [112.5901664720634, 37.70355011589408], [112.59034613512023, 37.70355011589408], [112.59034613512023, 37.70426876812138], [112.59052579817705, 37.70426876812138], [112.59052579817705, 37.7044484311782], [112.59070546123387, 37.7044484311782], [112.59070546123387, 37.7058857356328], [112.59052579817705, 37.7058857356328], [112.59052579817705, 37.70642472480326], [112.59070546123387, 37.70642472480326], [112.59070546123387, 37.70660438786009], [112.5908851242907, 37.70660438786009], [112.5908851242907, 37.706784050916916], [112.59322074402941, 37.706784050916916], [112.59322074402941, 37.706963713973735], [112.59340040708624, 37.706963713973735], [112.59340040708624, 37.70714337703056], [112.59322074402941, 37.70714337703056], [112.59322074402941, 37.70732304008739], [112.59268175485893, 37.70732304008739], [112.59268175485893, 37.70714337703056], [112.59196310263164, 37.70714337703056], [112.59196310263164, 37.70750270314421], [112.59232242874529, 37.70750270314421], [112.59232242874529, 37.707682366201034], [112.59250209180212, 37.707682366201034], [112.59250209180212, 37.70786202925786], [112.59232242874529, 37.70786202925786], [112.59232242874529, 37.70804169231468], [112.59196310263164, 37.70804169231468], [112.59196310263164, 37.708221355371506], [112.59070546123387, 37.708221355371506], [112.59070546123387, 37.70804169231468], [112.59052579817705, 37.70804169231468], [112.59052579817705, 37.708221355371506], [112.59034613512023, 37.708221355371506], [112.59034613512023, 37.70876034454198], [112.59052579817705, 37.70876034454198], [112.59052579817705, 37.7089400075988], [112.5901664720634, 37.7089400075988]], [[112.591603776518, 37.70750270314421], [112.59106478734752, 37.70750270314421], [112.59106478734752, 37.70732304008739], [112.59070546123387, 37.70732304008739], [112.59070546123387, 37.70714337703056], [112.59142411346117, 37.70714337703056], [112.59142411346117, 37.70732304008739], [112.591603776518, 37.70732304008739], [112.591603776518, 37.70750270314421]]]}, "properties": {"name": "cand07", "ptype": "hall", "confidence": "low", "rank": 7, "area_ha": 8.2, "rise_db": 7.9, "digitised_from": "Sentinel-1 VV rise 2022->2026, orbit 113"}}, {"type": "Feature", "geometry": {"geodesic": false, "type": "Polygon", "coordinates": [[[112.54938295816437, 37.71504855153081], [112.54938295816437, 37.71486888847399], [112.54920329510755, 37.71486888847399], [112.54920329510755, 37.71468922541717], [112.54902363205073, 37.71468922541717], [112.54902363205073, 37.71397057318987], [112.5488439689939, 37.71397057318987], [112.5488439689939, 37.71379091013305], [112.54866430593708, 37.71379091013305], [112.54866430593708, 37.71361124707622], [112.54848464288025, 37.71361124707622], [112.54848464288025, 37.713431584019396], [112.54830497982343, 37.713431584019396], [112.54830497982343, 37.71307225790575], [112.54866430593708, 37.71307225790575], [112.54866430593708, 37.712892594848924], [112.54920329510755, 37.712892594848924], [112.54920329510755, 37.712712931792105], [112.5495626212212, 37.712712931792105], [112.5495626212212, 37.71253326873528], [112.54992194733485, 37.71253326873528], [112.54992194733485, 37.71235360567846], [112.5509999256758, 37.71235360567846], [112.5509999256758, 37.71253326873528], [112.55117958873261, 37.71253326873528], [112.55117958873261, 37.712712931792105], [112.55135925178944, 37.712712931792105], [112.55135925178944, 37.71307225790575], [112.55082026261897, 37.71307225790575], [112.55082026261897, 37.713431584019396], [112.55117958873261, 37.713431584019396], [112.55117958873261, 37.71325192096258], [112.55171857790309, 37.71325192096258], [112.55171857790309, 37.713431584019396], [112.55189824095991, 37.713431584019396], [112.55189824095991, 37.71379091013305], [112.55207790401673, 37.71379091013305], [112.55207790401673, 37.71432989930352], [112.55117958873261, 37.71432989930352], [112.55117958873261, 37.71450956236034], [112.55028127344849, 37.71450956236034], [112.55028127344849, 37.71468922541717], [112.54992194733485, 37.71468922541717], [112.54992194733485, 37.71486888847399], [112.54974228427803, 37.71486888847399], [112.54974228427803, 37.71504855153081], [112.54938295816437, 37.71504855153081]]]}, "properties": {"name": "cand08", "ptype": "hall", "confidence": "low", "rank": 8, "area_ha": 7.5, "rise_db": 7.5, "digitised_from": "Sentinel-1 VV rise 2022->2026, orbit 113"}}, {"type": "Feature", "geometry": {"geodesic": false, "type": "Polygon", "coordinates": [[[112.58477658035868, 37.67965492933651], [112.58477658035868, 37.67947526627968], [112.58459691730187, 37.67947526627968], [112.58459691730187, 37.679115940166035], [112.58441725424504, 37.679115940166035], [112.58441725424504, 37.67875661405238], [112.58423759118821, 37.67875661405238], [112.58423759118821, 37.67857695099556], [112.58387826507456, 37.67857695099556], [112.58387826507456, 37.67875661405238], [112.58351893896092, 37.67875661405238], [112.58351893896092, 37.67857695099556], [112.5833392759041, 37.67857695099556], [112.5833392759041, 37.67875661405238], [112.58172230839267, 37.67875661405238], [112.58172230839267, 37.67857695099556], [112.58154264533586, 37.67857695099556], [112.58154264533586, 37.678397287938736], [112.58136298227903, 37.678397287938736], [112.58136298227903, 37.67803796182509], [112.58154264533586, 37.67803796182509], [112.58154264533586, 37.67713964654097], [112.58244096061998, 37.67713964654097], [112.58244096061998, 37.676959983484146], [112.5826206236768, 37.676959983484146], [112.5826206236768, 37.67642099431367], [112.5833392759041, 37.67642099431367], [112.5833392759041, 37.67678032042732], [112.58351893896092, 37.67678032042732], [112.58351893896092, 37.676959983484146], [112.58369860201775, 37.676959983484146], [112.58369860201775, 37.67678032042732], [112.58387826507456, 37.67678032042732], [112.58387826507456, 37.676959983484146], [112.58405792813139, 37.676959983484146], [112.58405792813139, 37.67731930959779], [112.58423759118821, 37.67731930959779], [112.58423759118821, 37.67749897265462], [112.58441725424504, 37.67749897265462], [112.58441725424504, 37.67821762488192], [112.58459691730187, 37.67821762488192], [112.58459691730187, 37.678397287938736], [112.5849562434155, 37.678397287938736], [112.5849562434155, 37.67875661405238], [112.58513590647233, 37.67875661405238], [112.58513590647233, 37.67893627710921], [112.58531556952916, 37.67893627710921], [112.58531556952916, 37.679115940166035], [112.5849562434155, 37.679115940166035], [112.5849562434155, 37.679295603222855], [112.58513590647233, 37.679295603222855], [112.58513590647233, 37.67947526627968], [112.5849562434155, 37.67947526627968], [112.5849562434155, 37.67965492933651], [112.58477658035868, 37.67965492933651]], [[112.58351893896092, 37.67803796182509], [112.5833392759041, 37.67803796182509], [112.5833392759041, 37.677678635711445], [112.58351893896092, 37.677678635711445], [112.58351893896092, 37.67803796182509]], [[112.58244096061998, 37.678397287938736], [112.58226129756315, 37.678397287938736], [112.58226129756315, 37.67821762488192], [112.58208163450632, 37.67821762488192], [112.58208163450632, 37.67803796182509], [112.58244096061998, 37.67803796182509], [112.58244096061998, 37.678397287938736]], [[112.58351893896092, 37.678397287938736], [112.5833392759041, 37.678397287938736], [112.5833392759041, 37.67821762488192], [112.58351893896092, 37.67821762488192], [112.58351893896092, 37.678397287938736]]]}, "properties": {"name": "cand09", "ptype": "hall", "confidence": "low", "rank": 9, "area_ha": 7.1, "rise_db": 8.0, "digitised_from": "Sentinel-1 VV rise 2022->2026, orbit 113"}}, {"type": "Feature", "geometry": {"geodesic": false, "type": "Polygon", "coordinates": [[[112.57992567782443, 37.72385204131518], [112.57992567782443, 37.723672378258364], [112.57974601476761, 37.723672378258364], [112.57974601476761, 37.72331305214471], [112.5795663517108, 37.72331305214471], [112.5795663517108, 37.72313338908789], [112.57938668865397, 37.72313338908789], [112.57938668865397, 37.72331305214471], [112.57920702559714, 37.72331305214471], [112.57920702559714, 37.723672378258364], [112.57884769948349, 37.723672378258364], [112.57884769948349, 37.72349271520154], [112.57866803642668, 37.72349271520154], [112.57866803642668, 37.72331305214471], [112.57830871031302, 37.72331305214471], [112.57830871031302, 37.722953726031065], [112.57866803642668, 37.722953726031065], [112.57866803642668, 37.72277406297424], [112.57884769948349, 37.72277406297424], [112.57884769948349, 37.72259439991742], [112.57902736254032, 37.72259439991742], [112.57902736254032, 37.72241473686059], [112.57884769948349, 37.72241473686059], [112.57884769948349, 37.72187574769012], [112.57902736254032, 37.72187574769012], [112.57902736254032, 37.7216960846333], [112.57938668865397, 37.7216960846333], [112.57938668865397, 37.72205541074695], [112.58028500393809, 37.72205541074695], [112.58028500393809, 37.72187574769012], [112.57992567782443, 37.72187574769012], [112.57992567782443, 37.7216960846333], [112.58010534088126, 37.7216960846333], [112.58010534088126, 37.72115709546283], [112.58028500393809, 37.72115709546283], [112.58028500393809, 37.720977432406], [112.58046466699491, 37.720977432406], [112.58046466699491, 37.72115709546283], [112.58136298227903, 37.72115709546283], [112.58136298227903, 37.7216960846333], [112.5811833192222, 37.7216960846333], [112.5811833192222, 37.72205541074695], [112.58136298227903, 37.72205541074695], [112.58136298227903, 37.72241473686059], [112.58154264533586, 37.72241473686059], [112.58154264533586, 37.72259439991742], [112.5819019714495, 37.72259439991742], [112.5819019714495, 37.72277406297424], [112.58208163450632, 37.72277406297424], [112.58208163450632, 37.722953726031065], [112.5819019714495, 37.722953726031065], [112.5819019714495, 37.72349271520154], [112.58172230839267, 37.72349271520154], [112.58172230839267, 37.723672378258364], [112.58100365616538, 37.723672378258364], [112.58100365616538, 37.72385204131518], [112.57992567782443, 37.72385204131518]], [[112.58100365616538, 37.72187574769012], [112.58082399310855, 37.72187574769012], [112.58082399310855, 37.7216960846333], [112.58046466699491, 37.7216960846333], [112.58046466699491, 37.721516421576474], [112.58064433005174, 37.721516421576474], [112.58064433005174, 37.72133675851965], [112.58082399310855, 37.72133675851965], [112.58082399310855, 37.721516421576474], [112.58100365616538, 37.721516421576474], [112.58100365616538, 37.72187574769012]], [[112.5795663517108, 37.72277406297424], [112.57938668865397, 37.72277406297424], [112.57938668865397, 37.72259439991742], [112.5795663517108, 37.72259439991742], [112.5795663517108, 37.72277406297424]], [[112.58082399310855, 37.72349271520154], [112.58046466699491, 37.72349271520154], [112.58046466699491, 37.72331305214471], [112.58028500393809, 37.72331305214471], [112.58028500393809, 37.72259439991742], [112.58046466699491, 37.72259439991742], [112.58046466699491, 37.72241473686059], [112.58064433005174, 37.72241473686059], [112.58064433005174, 37.72259439991742], [112.5811833192222, 37.72259439991742], [112.5811833192222, 37.72313338908789], [112.58100365616538, 37.72313338908789], [112.58100365616538, 37.72331305214471], [112.58082399310855, 37.72331305214471], [112.58082399310855, 37.72349271520154]]]}, "properties": {"name": "cand10", "ptype": "hall", "confidence": "low", "rank": 10, "area_ha": 6.5, "rise_db": 7.0, "digitised_from": "Sentinel-1 VV rise 2022->2026, orbit 113"}}, {"type": "Feature", "geometry": {"geodesic": false, "type": "Polygon", "coordinates": [[[112.56896623135817, 37.69977719170078], [112.56896623135817, 37.699597528643956], [112.56860690524454, 37.699597528643956], [112.56860690524454, 37.69977719170078], [112.56824757913088, 37.69977719170078], [112.56824757913088, 37.699597528643956], [112.56806791607406, 37.699597528643956], [112.56806791607406, 37.69941786558714], [112.56752892690359, 37.69941786558714], [112.56752892690359, 37.69923820253031], [112.56734926384676, 37.69923820253031], [112.56734926384676, 37.699058539473484], [112.56698993773311, 37.699058539473484], [112.56698993773311, 37.698878876416664], [112.5668102746763, 37.698878876416664], [112.5668102746763, 37.69851955030301], [112.56698993773311, 37.69851955030301], [112.56698993773311, 37.697980561132546], [112.56716960078994, 37.697980561132546], [112.56716960078994, 37.69780089807572], [112.56752892690359, 37.69780089807572], [112.56752892690359, 37.697980561132546], [112.56770858996042, 37.697980561132546], [112.56770858996042, 37.698160224189365], [112.56788825301723, 37.698160224189365], [112.56788825301723, 37.69780089807572], [112.56806791607406, 37.69780089807572], [112.56806791607406, 37.69762123501889], [112.56824757913088, 37.69762123501889], [112.56824757913088, 37.697441571962074], [112.569145894415, 37.697441571962074], [112.569145894415, 37.69726190890525], [112.56932555747183, 37.69726190890525], [112.56932555747183, 37.69708224584842], [112.5698645466423, 37.69708224584842], [112.5698645466423, 37.697441571962074], [112.57004420969912, 37.697441571962074], [112.57004420969912, 37.69780089807572], [112.57040353581277, 37.69780089807572], [112.57040353581277, 37.697980561132546], [112.5705831988696, 37.697980561132546], [112.5705831988696, 37.698160224189365], [112.57076286192643, 37.698160224189365], [112.57076286192643, 37.69833988724619], [112.5705831988696, 37.69833988724619], [112.5705831988696, 37.69851955030301], [112.57022387275595, 37.69851955030301], [112.57022387275595, 37.69869921335984], [112.5698645466423, 37.69869921335984], [112.5698645466423, 37.698878876416664], [112.56968488358548, 37.698878876416664], [112.56968488358548, 37.699597528643956], [112.56932555747183, 37.699597528643956], [112.56932555747183, 37.69977719170078], [112.56896623135817, 37.69977719170078]], [[112.569145894415, 37.69923820253031], [112.56896623135817, 37.69923820253031], [112.56896623135817, 37.699058539473484], [112.56806791607406, 37.699058539473484], [112.56806791607406, 37.69923820253031], [112.56770858996042, 37.69923820253031], [112.56770858996042, 37.699058539473484], [112.56788825301723, 37.699058539473484], [112.56788825301723, 37.69869921335984], [112.56842724218771, 37.69869921335984], [112.56842724218771, 37.69851955030301], [112.56860690524454, 37.69851955030301], [112.56860690524454, 37.69833988724619], [112.56842724218771, 37.69833988724619], [112.56842724218771, 37.698160224189365], [112.56860690524454, 37.698160224189365], [112.56860690524454, 37.697980561132546], [112.56896623135817, 37.697980561132546], [112.56896623135817, 37.698160224189365], [112.569145894415, 37.698160224189365], [112.569145894415, 37.69851955030301], [112.56932555747183, 37.69851955030301], [112.56932555747183, 37.698878876416664], [112.56950522052865, 37.698878876416664], [112.56950522052865, 37.699058539473484], [112.569145894415, 37.699058539473484], [112.569145894415, 37.69923820253031]]]}, "properties": {"name": "cand11", "ptype": "hall", "confidence": "low", "rank": 11, "area_ha": 6.4, "rise_db": 8.4, "digitised_from": "Sentinel-1 VV rise 2022->2026, orbit 113"}}, {"type": "Feature", "geometry": {"geodesic": false, "type": "Polygon", "coordinates": [[[112.60615648412073, 37.71504855153081], [112.60615648412073, 37.71486888847399], [112.6059768210639, 37.71486888847399], [112.6059768210639, 37.71432989930352], [112.60615648412073, 37.71432989930352], [112.60615648412073, 37.71397057318987], [112.6059768210639, 37.71397057318987], [112.6059768210639, 37.71379091013305], [112.60561749495025, 37.71379091013305], [112.60561749495025, 37.71397057318987], [112.60543783189344, 37.71397057318987], [112.60543783189344, 37.714150236246695], [112.60525816883661, 37.714150236246695], [112.60525816883661, 37.71450956236034], [112.60543783189344, 37.71450956236034], [112.60543783189344, 37.71486888847399], [112.60525816883661, 37.71486888847399], [112.60525816883661, 37.71468922541717], [112.60507850577979, 37.71468922541717], [112.60507850577979, 37.71486888847399], [112.60489884272296, 37.71486888847399], [112.60489884272296, 37.71468922541717], [112.60471917966613, 37.71468922541717], [112.60471917966613, 37.71432989930352], [112.60489884272296, 37.71432989930352], [112.60489884272296, 37.714150236246695], [112.60471917966613, 37.714150236246695], [112.60471917966613, 37.71397057318987], [112.60453951660931, 37.71397057318987], [112.60453951660931, 37.714150236246695], [112.6043598535525, 37.714150236246695], [112.6043598535525, 37.71432989930352], [112.60382086438202, 37.71432989930352], [112.60382086438202, 37.71379091013305], [112.60400052743884, 37.71379091013305], [112.60400052743884, 37.71361124707622], [112.60310221215472, 37.71361124707622], [112.60310221215472, 37.713431584019396], [112.60328187521155, 37.713431584019396], [112.60328187521155, 37.71325192096258], [112.60382086438202, 37.71325192096258], [112.60382086438202, 37.713431584019396], [112.60400052743884, 37.713431584019396], [112.60400052743884, 37.71361124707622], [112.60489884272296, 37.71361124707622], [112.60489884272296, 37.713431584019396], [112.6059768210639, 37.713431584019396], [112.6059768210639, 37.71307225790575], [112.60579715800708, 37.71307225790575], [112.60579715800708, 37.71235360567846], [112.60615648412073, 37.71235360567846], [112.60615648412073, 37.71253326873528], [112.60633614717756, 37.71253326873528], [112.60633614717756, 37.712712931792105], [112.6074141255185, 37.712712931792105], [112.6074141255185, 37.712892594848924], [112.60759378857531, 37.712892594848924], [112.60759378857531, 37.71307225790575], [112.6074141255185, 37.71307225790575], [112.6074141255185, 37.713431584019396], [112.60723446246168, 37.713431584019396], [112.60723446246168, 37.71361124707622], [112.6074141255185, 37.71361124707622], [112.6074141255185, 37.71379091013305], [112.60759378857531, 37.71379091013305], [112.60759378857531, 37.71397057318987], [112.60777345163214, 37.71397057318987], [112.60777345163214, 37.714150236246695], [112.60759378857531, 37.714150236246695], [112.60759378857531, 37.71432989930352], [112.60777345163214, 37.71432989930352], [112.60777345163214, 37.71450956236034], [112.60795311468897, 37.71450956236034], [112.60795311468897, 37.71468922541717], [112.60777345163214, 37.71468922541717], [112.60777345163214, 37.71486888847399], [112.60759378857531, 37.71486888847399], [112.60759378857531, 37.71504855153081], [112.60615648412073, 37.71504855153081]], [[112.60687513634802, 37.71468922541717], [112.60651581023437, 37.71468922541717], [112.60651581023437, 37.71432989930352], [112.60633614717756, 37.71432989930352], [112.60633614717756, 37.71379091013305], [112.60651581023437, 37.71379091013305], [112.60651581023437, 37.713431584019396], [112.6066954732912, 37.713431584019396], [112.6066954732912, 37.71361124707622], [112.60687513634802, 37.71361124707622], [112.60687513634802, 37.71379091013305], [112.60705479940485, 37.71379091013305], [112.60705479940485, 37.71397057318987], [112.60723446246168, 37.71397057318987], [112.60723446246168, 37.71432989930352], [112.60705479940485, 37.71432989930352], [112.60705479940485, 37.71450956236034], [112.60687513634802, 37.71450956236034], [112.60687513634802, 37.71468922541717]]]}, "properties": {"name": "cand12", "ptype": "hall", "confidence": "low", "rank": 12, "area_ha": 6.2, "rise_db": 6.7, "digitised_from": "Sentinel-1 VV rise 2022->2026, orbit 113"}}, {"type": "Feature", "geometry": {"geodesic": false, "type": "Polygon", "coordinates": [[[112.58244096061998, 37.68450583187075], [112.58244096061998, 37.684326168813925], [112.58226129756315, 37.684326168813925], [112.58226129756315, 37.684146505757106], [112.58244096061998, 37.684146505757106], [112.58244096061998, 37.68396684270028], [112.5826206236768, 37.68396684270028], [112.5826206236768, 37.68270920130251], [112.58244096061998, 37.68270920130251], [112.58244096061998, 37.68234987518886], [112.58226129756315, 37.68234987518886], [112.58226129756315, 37.681451559904744], [112.58244096061998, 37.681451559904744], [112.58244096061998, 37.68127189684792], [112.5826206236768, 37.68127189684792], [112.5826206236768, 37.681451559904744], [112.58280028673362, 37.681451559904744], [112.58280028673362, 37.68163122296157], [112.5826206236768, 37.68163122296157], [112.5826206236768, 37.681990549075216], [112.58280028673362, 37.681990549075216], [112.58280028673362, 37.68217021213204], [112.58387826507456, 37.68217021213204], [112.58387826507456, 37.68234987518886], [112.58405792813139, 37.68234987518886], [112.58405792813139, 37.68360751658663], [112.58621388481328, 37.68360751658663], [112.58621388481328, 37.68378717964345], [112.58657321092693, 37.68378717964345], [112.58657321092693, 37.68360751658663], [112.58675287398374, 37.68360751658663], [112.58675287398374, 37.68378717964345], [112.58693253704057, 37.68378717964345], [112.58693253704057, 37.68396684270028], [112.58603422175645, 37.68396684270028], [112.58603422175645, 37.684146505757106], [112.5826206236768, 37.684146505757106], [112.5826206236768, 37.684326168813925], [112.58280028673362, 37.684326168813925], [112.58280028673362, 37.68450583187075], [112.58244096061998, 37.68450583187075]]]}, "properties": {"name": "cand13", "ptype": "hall", "confidence": "low", "rank": 13, "area_ha": 5.9, "rise_db": 7.6, "digitised_from": "Sentinel-1 VV rise 2022->2026, orbit 113"}}, {"type": "Feature", "geometry": {"geodesic": false, "type": "Polygon", "coordinates": [[[112.57237982943784, 37.6848651579844], [112.57237982943784, 37.684146505757106], [112.57202050332418, 37.684146505757106], [112.57202050332418, 37.684326168813925], [112.57184084026736, 37.684326168813925], [112.57184084026736, 37.684146505757106], [112.57166117721054, 37.684146505757106], [112.57166117721054, 37.68378717964345], [112.57184084026736, 37.68378717964345], [112.57184084026736, 37.68360751658663], [112.57166117721054, 37.68360751658663], [112.57166117721054, 37.68306852741616], [112.57148151415372, 37.68306852741616], [112.57148151415372, 37.68234987518886], [112.57184084026736, 37.68234987518886], [112.57184084026736, 37.68217021213204], [112.57237982943784, 37.68217021213204], [112.57237982943784, 37.681990549075216], [112.57273915555149, 37.681990549075216], [112.57273915555149, 37.68217021213204], [112.57309848166513, 37.68217021213204], [112.57309848166513, 37.68234987518886], [112.57327814472195, 37.68234987518886], [112.57327814472195, 37.68270920130251], [112.57309848166513, 37.68270920130251], [112.57309848166513, 37.682888864359334], [112.57327814472195, 37.682888864359334], [112.57327814472195, 37.68306852741616], [112.57345780777878, 37.68306852741616], [112.57345780777878, 37.68252953824569], [112.57381713389242, 37.68252953824569], [112.57381713389242, 37.68324819047298], [112.5736374708356, 37.68324819047298], [112.5736374708356, 37.68378717964345], [112.57345780777878, 37.68378717964345], [112.57345780777878, 37.684146505757106], [112.5736374708356, 37.684146505757106], [112.5736374708356, 37.68450583187075], [112.57309848166513, 37.68450583187075], [112.57309848166513, 37.68468549492757], [112.5729188186083, 37.68468549492757], [112.5729188186083, 37.6848651579844], [112.57237982943784, 37.6848651579844]], [[112.5729188186083, 37.68270920130251], [112.57273915555149, 37.68270920130251], [112.57273915555149, 37.68252953824569], [112.5729188186083, 37.68252953824569], [112.5729188186083, 37.68270920130251]], [[112.5736374708356, 37.68324819047298], [112.57345780777878, 37.68324819047298], [112.57345780777878, 37.68306852741616], [112.5736374708356, 37.68306852741616], [112.5736374708356, 37.68324819047298]]]}, "properties": {"name": "cand14", "ptype": "hall", "confidence": "low", "rank": 14, "area_ha": 5.5, "rise_db": 8.9, "digitised_from": "Sentinel-1 VV rise 2022->2026, orbit 113"}}, {"type": "Feature", "geometry": {"geodesic": false, "type": "Polygon", "coordinates": [[[112.59070546123387, 37.725289345769774], [112.59070546123387, 37.72493001965613], [112.5908851242907, 37.72493001965613], [112.5908851242907, 37.72457069354248], [112.5901664720634, 37.72457069354248], [112.5901664720634, 37.724391030485656], [112.58998680900658, 37.724391030485656], [112.58998680900658, 37.72403170437201], [112.58980714594975, 37.72403170437201], [112.58980714594975, 37.72385204131518], [112.58962748289294, 37.72385204131518], [112.58962748289294, 37.723672378258364], [112.58980714594975, 37.723672378258364], [112.58980714594975, 37.72313338908789], [112.58962748289294, 37.72313338908789], [112.58962748289294, 37.72277406297424], [112.58944781983611, 37.72277406297424], [112.58944781983611, 37.72259439991742], [112.58908849372246, 37.72259439991742], [112.58908849372246, 37.722953726031065], [112.5887291676088, 37.722953726031065], [112.5887291676088, 37.72349271520154], [112.58908849372246, 37.72349271520154], [112.58908849372246, 37.72385204131518], [112.58819017843834, 37.72385204131518], [112.58819017843834, 37.72349271520154], [112.58854950455199, 37.72349271520154], [112.58854950455199, 37.72331305214471], [112.58836984149517, 37.72331305214471], [112.58836984149517, 37.72313338908789], [112.58801051538151, 37.72313338908789], [112.58801051538151, 37.722953726031065], [112.58783085232469, 37.722953726031065], [112.58783085232469, 37.72277406297424], [112.58801051538151, 37.72277406297424], [112.58801051538151, 37.72259439991742], [112.58836984149517, 37.72259439991742], [112.58836984149517, 37.72277406297424], [112.58890883066563, 37.72277406297424], [112.58890883066563, 37.72259439991742], [112.58908849372246, 37.72259439991742], [112.58908849372246, 37.72241473686059], [112.58926815677928, 37.72241473686059], [112.58926815677928, 37.72223507380377], [112.58998680900658, 37.72223507380377], [112.58998680900658, 37.72241473686059], [112.5901664720634, 37.72241473686059], [112.5901664720634, 37.72259439991742], [112.59034613512023, 37.72259439991742], [112.59034613512023, 37.72331305214471], [112.59052579817705, 37.72331305214471], [112.59052579817705, 37.72349271520154], [112.59070546123387, 37.72349271520154], [112.59070546123387, 37.72331305214471], [112.5908851242907, 37.72331305214471], [112.5908851242907, 37.723672378258364], [112.59070546123387, 37.723672378258364], [112.59070546123387, 37.72403170437201], [112.59178343957481, 37.72403170437201], [112.59178343957481, 37.724391030485656], [112.591603776518, 37.724391030485656], [112.591603776518, 37.725289345769774], [112.59070546123387, 37.725289345769774]]]}, "properties": {"name": "cand15", "ptype": "hall", "confidence": "low", "rank": 15, "area_ha": 4.8, "rise_db": 7.3, "digitised_from": "Sentinel-1 VV rise 2022->2026, orbit 113"}}, {"type": "Feature", "geometry": {"geodesic": false, "type": "Polygon", "coordinates": [[[112.5849562434155, 37.726726650224364], [112.5849562434155, 37.7261876610539], [112.58477658035868, 37.7261876610539], [112.58477658035868, 37.72600799799707], [112.58459691730187, 37.72600799799707], [112.58459691730187, 37.7254690088266], [112.58441725424504, 37.7254690088266], [112.58441725424504, 37.725289345769774], [112.58423759118821, 37.725289345769774], [112.58423759118821, 37.725109682712954], [112.58369860201775, 37.725109682712954], [112.58369860201775, 37.72493001965613], [112.58459691730187, 37.72493001965613], [112.58459691730187, 37.7247503565993], [112.58477658035868, 37.7247503565993], [112.58477658035868, 37.72385204131518], [112.5849562434155, 37.72385204131518], [112.5849562434155, 37.72331305214471], [112.58477658035868, 37.72331305214471], [112.58477658035868, 37.722953726031065], [112.5849562434155, 37.722953726031065], [112.5849562434155, 37.72277406297424], [112.58513590647233, 37.72277406297424], [112.58513590647233, 37.72259439991742], [112.5849562434155, 37.72259439991742], [112.5849562434155, 37.72223507380377], [112.58531556952916, 37.72223507380377], [112.58531556952916, 37.72187574769012], [112.58549523258598, 37.72187574769012], [112.58549523258598, 37.7216960846333], [112.58567489564281, 37.7216960846333], [112.58567489564281, 37.72241473686059], [112.58549523258598, 37.72241473686059], [112.58549523258598, 37.72259439991742], [112.58567489564281, 37.72259439991742], [112.58567489564281, 37.72277406297424], [112.58549523258598, 37.72277406297424], [112.58549523258598, 37.722953726031065], [112.58621388481328, 37.722953726031065], [112.58621388481328, 37.72313338908789], [112.5871122000974, 37.72313338908789], [112.5871122000974, 37.72349271520154], [112.5863935478701, 37.72349271520154], [112.5863935478701, 37.72331305214471], [112.58549523258598, 37.72331305214471], [112.58549523258598, 37.72349271520154], [112.58531556952916, 37.72349271520154], [112.58531556952916, 37.72493001965613], [112.58549523258598, 37.72493001965613], [112.58549523258598, 37.7254690088266], [112.58531556952916, 37.7254690088266], [112.58531556952916, 37.725828334940246], [112.58549523258598, 37.725828334940246], [112.58549523258598, 37.72600799799707], [112.58531556952916, 37.72600799799707], [112.58531556952916, 37.726726650224364], [112.5849562434155, 37.726726650224364]]]}, "properties": {"name": "cand16", "ptype": "hall", "confidence": "low", "rank": 16, "area_ha": 4.6, "rise_db": 7.4, "digitised_from": "Sentinel-1 VV rise 2022->2026, orbit 113"}}, {"type": "Feature", "geometry": {"geodesic": false, "type": "Polygon", "coordinates": [[[112.59968861407506, 37.71882147572411], [112.59968861407506, 37.717024845155876], [112.59950895101825, 37.717024845155876], [112.59950895101825, 37.71684518209905], [112.59968861407506, 37.71684518209905], [112.59968861407506, 37.71666551904223], [112.60004794018872, 37.71666551904223], [112.60004794018872, 37.716485855985404], [112.60022760324554, 37.716485855985404], [112.60022760324554, 37.71612652987176], [112.60040726630237, 37.71612652987176], [112.60040726630237, 37.71540787764446], [112.60076659241601, 37.71540787764446], [112.60076659241601, 37.715587540701286], [112.60094625547283, 37.715587540701286], [112.60094625547283, 37.71612652987176], [112.60112591852966, 37.71612652987176], [112.60112591852966, 37.71666551904223], [112.60094625547283, 37.71666551904223], [112.60094625547283, 37.71684518209905], [112.60112591852966, 37.71684518209905], [112.60112591852966, 37.717024845155876], [112.60094625547283, 37.717024845155876], [112.60094625547283, 37.717743497383175], [112.60076659241601, 37.717743497383175], [112.60076659241601, 37.717923160439994], [112.60094625547283, 37.717923160439994], [112.60094625547283, 37.71828248655365], [112.60076659241601, 37.71828248655365], [112.60076659241601, 37.71846214961047], [112.60094625547283, 37.71846214961047], [112.60094625547283, 37.71882147572411], [112.59968861407506, 37.71882147572411]], [[112.60040726630237, 37.71666551904223], [112.60022760324554, 37.71666551904223], [112.60022760324554, 37.716485855985404], [112.60040726630237, 37.716485855985404], [112.60040726630237, 37.71666551904223]]]}, "properties": {"name": "cand17", "ptype": "hall", "confidence": "low", "rank": 17, "area_ha": 4.4, "rise_db": 11.3, "digitised_from": "Sentinel-1 VV rise 2022->2026, orbit 113"}}, {"type": "Feature", "geometry": {"geodesic": false, "type": "Polygon", "coordinates": [[[112.59340040708624, 37.72726563939484], [112.59340040708624, 37.72708597633802], [112.59322074402941, 37.72708597633802], [112.59322074402941, 37.72690631328119], [112.59304108097258, 37.72690631328119], [112.59304108097258, 37.72636732411072], [112.59322074402941, 37.72636732411072], [112.59322074402941, 37.7261876610539], [112.59340040708624, 37.7261876610539], [112.59340040708624, 37.725828334940246], [112.59358007014306, 37.725828334940246], [112.59358007014306, 37.72564867188343], [112.59483771154082, 37.72564867188343], [112.59483771154082, 37.72636732411072], [112.5953767007113, 37.72636732411072], [112.5953767007113, 37.726546987167545], [112.59573602682494, 37.726546987167545], [112.59573602682494, 37.72636732411072], [112.59609535293859, 37.72636732411072], [112.59609535293859, 37.7261876610539], [112.59627501599542, 37.7261876610539], [112.59627501599542, 37.72600799799707], [112.59591568988176, 37.72600799799707], [112.59591568988176, 37.72564867188343], [112.59645467905224, 37.72564867188343], [112.59645467905224, 37.7254690088266], [112.59663434210906, 37.7254690088266], [112.59663434210906, 37.72564867188343], [112.59681400516588, 37.72564867188343], [112.59681400516588, 37.725828334940246], [112.59663434210906, 37.725828334940246], [112.59663434210906, 37.72636732411072], [112.59645467905224, 37.72636732411072], [112.59645467905224, 37.726546987167545], [112.59627501599542, 37.726546987167545], [112.59627501599542, 37.72708597633802], [112.59591568988176, 37.72708597633802], [112.59591568988176, 37.72690631328119], [112.59573602682494, 37.72690631328119], [112.59573602682494, 37.726726650224364], [112.5953767007113, 37.726726650224364], [112.5953767007113, 37.72690631328119], [112.59501737459765, 37.72690631328119], [112.59501737459765, 37.72708597633802], [112.59358007014306, 37.72708597633802], [112.59358007014306, 37.72726563939484], [112.59340040708624, 37.72726563939484]], [[112.59429872237035, 37.72636732411072], [112.5939393962567, 37.72636732411072], [112.5939393962567, 37.72600799799707], [112.59429872237035, 37.72600799799707], [112.59429872237035, 37.72636732411072]]]}, "properties": {"name": "cand18", "ptype": "hall", "confidence": "low", "rank": 18, "area_ha": 4.3, "rise_db": 9.2, "digitised_from": "Sentinel-1 VV rise 2022->2026, orbit 113"}}, {"type": "Feature", "geometry": {"geodesic": false, "type": "Polygon", "coordinates": [[[112.5668102746763, 37.701753485325845], [112.5668102746763, 37.70157382226902], [112.56627128550582, 37.70157382226902], [112.56627128550582, 37.701753485325845], [112.56573229633536, 37.701753485325845], [112.56573229633536, 37.70157382226902], [112.5653729702217, 37.70157382226902], [112.5653729702217, 37.70121449615537], [112.56591195939217, 37.70121449615537], [112.56591195939217, 37.70103483309855], [112.56519330716488, 37.70103483309855], [112.56519330716488, 37.70121449615537], [112.56465431799441, 37.70121449615537], [112.56465431799441, 37.70103483309855], [112.56429499188076, 37.70103483309855], [112.56429499188076, 37.7006755069849], [112.56447465493758, 37.7006755069849], [112.56447465493758, 37.700495843928074], [112.56465431799441, 37.700495843928074], [112.56465431799441, 37.700316180871255], [112.56501364410805, 37.700316180871255], [112.56501364410805, 37.7006755069849], [112.5653729702217, 37.7006755069849], [112.5653729702217, 37.70085517004173], [112.56573229633536, 37.70085517004173], [112.56573229633536, 37.7006755069849], [112.56591195939217, 37.7006755069849], [112.56591195939217, 37.700495843928074], [112.56573229633536, 37.700495843928074], [112.56573229633536, 37.699597528643956], [112.56591195939217, 37.699597528643956], [112.56591195939217, 37.69941786558714], [112.56519330716488, 37.69941786558714], [112.56519330716488, 37.699597528643956], [112.56483398105124, 37.699597528643956], [112.56483398105124, 37.69923820253031], [112.56519330716488, 37.69923820253031], [112.56519330716488, 37.699058539473484], [112.56591195939217, 37.699058539473484], [112.56591195939217, 37.698878876416664], [112.56627128550582, 37.698878876416664], [112.56627128550582, 37.699058539473484], [112.56645094856265, 37.699058539473484], [112.56645094856265, 37.69995685475761], [112.56627128550582, 37.69995685475761], [112.56627128550582, 37.70013651781443], [112.56645094856265, 37.70013651781443], [112.56645094856265, 37.700495843928074], [112.566091622449, 37.700495843928074], [112.566091622449, 37.7006755069849], [112.56645094856265, 37.7006755069849], [112.56645094856265, 37.70121449615537], [112.56698993773311, 37.70121449615537], [112.56698993773311, 37.70085517004173], [112.56734926384676, 37.70085517004173], [112.56734926384676, 37.7013941592122], [112.56716960078994, 37.7013941592122], [112.56716960078994, 37.70157382226902], [112.56698993773311, 37.70157382226902], [112.56698993773311, 37.701753485325845], [112.5668102746763, 37.701753485325845]]]}, "properties": {"name": "cand19", "ptype": "hall", "confidence": "low", "rank": 19, "area_ha": 4.2, "rise_db": 8.3, "digitised_from": "Sentinel-1 VV rise 2022->2026, orbit 113"}}, {"type": "Feature", "geometry": {"geodesic": false, "type": "Polygon", "coordinates": [[[112.58747152621105, 37.680553244620626], [112.58747152621105, 37.6803735815638], [112.58729186315422, 37.6803735815638], [112.58729186315422, 37.68019391850698], [112.5871122000974, 37.68019391850698], [112.5871122000974, 37.6803735815638], [112.58675287398374, 37.6803735815638], [112.58675287398374, 37.68001425545015], [112.58657321092693, 37.68001425545015], [112.58657321092693, 37.67983459239333], [112.58621388481328, 37.67983459239333], [112.58621388481328, 37.67875661405238], [112.58603422175645, 37.67875661405238], [112.58603422175645, 37.67857695099556], [112.58621388481328, 37.67857695099556], [112.58621388481328, 37.678397287938736], [112.5863935478701, 37.678397287938736], [112.5863935478701, 37.67821762488192], [112.58657321092693, 37.67821762488192], [112.58657321092693, 37.678397287938736], [112.58675287398374, 37.678397287938736], [112.58675287398374, 37.679115940166035], [112.5871122000974, 37.679115940166035], [112.5871122000974, 37.67893627710921], [112.58729186315422, 37.67893627710921], [112.58729186315422, 37.678397287938736], [112.58765118926787, 37.678397287938736], [112.58765118926787, 37.67803796182509], [112.58783085232469, 37.67803796182509], [112.58783085232469, 37.67857695099556], [112.58747152621105, 37.67857695099556], [112.58747152621105, 37.67875661405238], [112.58765118926787, 37.67875661405238], [112.58765118926787, 37.67947526627968], [112.58783085232469, 37.67947526627968], [112.58783085232469, 37.679295603222855], [112.58819017843834, 37.679295603222855], [112.58819017843834, 37.68001425545015], [112.58854950455199, 37.68001425545015], [112.58854950455199, 37.6803735815638], [112.58836984149517, 37.6803735815638], [112.58836984149517, 37.680553244620626], [112.58747152621105, 37.680553244620626]], [[112.58729186315422, 37.67983459239333], [112.5871122000974, 37.67983459239333], [112.5871122000974, 37.67965492933651], [112.58693253704057, 37.67965492933651], [112.58693253704057, 37.67947526627968], [112.5871122000974, 37.67947526627968], [112.5871122000974, 37.679295603222855], [112.58729186315422, 37.679295603222855], [112.58729186315422, 37.67983459239333]]]}, "properties": {"name": "cand20", "ptype": "hall", "confidence": "low", "rank": 20, "area_ha": 3.8, "rise_db": 6.5, "digitised_from": "Sentinel-1 VV rise 2022->2026, orbit 113"}}, {"type": "Feature", "geometry": {"geodesic": false, "type": "Polygon", "coordinates": [[[112.55998307851698, 37.68917707134817], [112.55998307851698, 37.6886380821777], [112.55980341546017, 37.6886380821777], [112.55980341546017, 37.68845841912088], [112.55962375240334, 37.68845841912088], [112.55962375240334, 37.68809909300723], [112.55944408934651, 37.68809909300723], [112.55944408934651, 37.687200777723106], [112.56052206768746, 37.687200777723106], [112.56052206768746, 37.68738044077993], [112.56070173074428, 37.68738044077993], [112.56070173074428, 37.687200777723106], [112.56088139380111, 37.687200777723106], [112.56088139380111, 37.68702111466629], [112.56106105685792, 37.68702111466629], [112.56106105685792, 37.687200777723106], [112.56124071991475, 37.687200777723106], [112.56124071991475, 37.68738044077993], [112.56142038297158, 37.68738044077993], [112.56142038297158, 37.68756010383676], [112.5616000460284, 37.68756010383676], [112.5616000460284, 37.687919429950405], [112.56177970908523, 37.687919429950405], [112.56177970908523, 37.68809909300723], [112.56142038297158, 37.68809909300723], [112.56142038297158, 37.687919429950405], [112.56124071991475, 37.687919429950405], [112.56124071991475, 37.68773976689358], [112.56106105685792, 37.68773976689358], [112.56106105685792, 37.68756010383676], [112.56070173074428, 37.68756010383676], [112.56070173074428, 37.68773976689358], [112.56034240463063, 37.68773976689358], [112.56034240463063, 37.687919429950405], [112.5601627415738, 37.687919429950405], [112.5601627415738, 37.68827875606405], [112.56052206768746, 37.68827875606405], [112.56052206768746, 37.68809909300723], [112.56106105685792, 37.68809909300723], [112.56106105685792, 37.68827875606405], [112.56124071991475, 37.68827875606405], [112.56124071991475, 37.68881774523452], [112.56106105685792, 37.68881774523452], [112.56106105685792, 37.68899740829135], [112.56070173074428, 37.68899740829135], [112.56070173074428, 37.68917707134817], [112.55998307851698, 37.68917707134817]]]}, "properties": {"name": "cand21", "ptype": "hall", "confidence": "low", "rank": 21, "area_ha": 3.4, "rise_db": 6.8, "digitised_from": "Sentinel-1 VV rise 2022->2026, orbit 113"}}, {"type": "Feature", "geometry": {"geodesic": false, "type": "Polygon", "coordinates": [[[112.58154264533586, 37.691512691086885], [112.58154264533586, 37.69133302803006], [112.58064433005174, 37.69133302803006], [112.58064433005174, 37.69115336497323], [112.58046466699491, 37.69115336497323], [112.58046466699491, 37.69097370191641], [112.58028500393809, 37.69097370191641], [112.58028500393809, 37.690794038859586], [112.57992567782443, 37.690794038859586], [112.57992567782443, 37.69133302803006], [112.57974601476761, 37.69133302803006], [112.57974601476761, 37.691512691086885], [112.5795663517108, 37.691512691086885], [112.5795663517108, 37.69133302803006], [112.57938668865397, 37.69133302803006], [112.57938668865397, 37.69097370191641], [112.57920702559714, 37.69097370191641], [112.57920702559714, 37.690255049689114], [112.57938668865397, 37.690255049689114], [112.57938668865397, 37.690075386632294], [112.57974601476761, 37.690075386632294], [112.57974601476761, 37.69043471274594], [112.58046466699491, 37.69043471274594], [112.58046466699491, 37.690255049689114], [112.58064433005174, 37.690255049689114], [112.58064433005174, 37.690075386632294], [112.58082399310855, 37.690075386632294], [112.58082399310855, 37.690255049689114], [112.58100365616538, 37.690255049689114], [112.58100365616538, 37.69043471274594], [112.5811833192222, 37.69043471274594], [112.5811833192222, 37.690255049689114], [112.58136298227903, 37.690255049689114], [112.58136298227903, 37.690075386632294], [112.58154264533586, 37.690075386632294], [112.58154264533586, 37.68989572357547], [112.58172230839267, 37.68989572357547], [112.58172230839267, 37.69061437580276], [112.5819019714495, 37.69061437580276], [112.5819019714495, 37.69115336497323], [112.58208163450632, 37.69115336497323], [112.58208163450632, 37.69133302803006], [112.5819019714495, 37.69133302803006], [112.5819019714495, 37.691512691086885], [112.58154264533586, 37.691512691086885]]]}, "properties": {"name": "cand22", "ptype": "hall", "confidence": "low", "rank": 22, "area_ha": 3.3, "rise_db": 7.5, "digitised_from": "Sentinel-1 VV rise 2022->2026, orbit 113"}}, {"type": "Feature", "geometry": {"geodesic": false, "type": "Polygon", "coordinates": [[[112.60489884272296, 37.712712931792105], [112.60489884272296, 37.71253326873528], [112.60382086438202, 37.71253326873528], [112.60382086438202, 37.711275627337514], [112.60400052743884, 37.711275627337514], [112.60400052743884, 37.71109596428069], [112.60525816883661, 37.71109596428069], [112.60525816883661, 37.711994279564806], [112.60561749495025, 37.711994279564806], [112.60561749495025, 37.71235360567846], [112.60525816883661, 37.71235360567846], [112.60525816883661, 37.71253326873528], [112.60507850577979, 37.71253326873528], [112.60507850577979, 37.712712931792105], [112.60489884272296, 37.712712931792105]]]}, "properties": {"name": "cand23", "ptype": "hall", "confidence": "low", "rank": 23, "area_ha": 2.7, "rise_db": 10.2, "digitised_from": "Sentinel-1 VV rise 2022->2026, orbit 113"}}, {"type": "Feature", "geometry": {"geodesic": false, "type": "Polygon", "coordinates": [[[112.58675287398374, 37.72133675851965], [112.58675287398374, 37.72115709546283], [112.58657321092693, 37.72115709546283], [112.58657321092693, 37.720977432406], [112.5863935478701, 37.720977432406], [112.5863935478701, 37.72043844323553], [112.58567489564281, 37.72043844323553], [112.58567489564281, 37.72025878017871], [112.58531556952916, 37.72025878017871], [112.58531556952916, 37.72043844323553], [112.58477658035868, 37.72043844323553], [112.58477658035868, 37.72025878017871], [112.58459691730187, 37.72025878017871], [112.58459691730187, 37.720079117121884], [112.58477658035868, 37.720079117121884], [112.58477658035868, 37.71989945406506], [112.5849562434155, 37.71989945406506], [112.5849562434155, 37.71900113878094], [112.58531556952916, 37.71900113878094], [112.58531556952916, 37.71971979100824], [112.58549523258598, 37.71971979100824], [112.58549523258598, 37.71989945406506], [112.58585455869962, 37.71989945406506], [112.58585455869962, 37.71971979100824], [112.58621388481328, 37.71971979100824], [112.58621388481328, 37.71989945406506], [112.58675287398374, 37.71989945406506], [112.58675287398374, 37.720079117121884], [112.58693253704057, 37.720079117121884], [112.58693253704057, 37.72025878017871], [112.5871122000974, 37.72025878017871], [112.5871122000974, 37.72133675851965], [112.58675287398374, 37.72133675851965]]]}, "properties": {"name": "cand24", "ptype": "hall", "confidence": "low", "rank": 24, "area_ha": 2.6, "rise_db": 9.9, "digitised_from": "Sentinel-1 VV rise 2022->2026, orbit 113"}}, {"type": "Feature", "geometry": {"geodesic": false, "type": "Polygon", "coordinates": [[[112.58657321092693, 37.72870294384943], [112.58657321092693, 37.72852328079261], [112.5863935478701, 37.72852328079261], [112.5863935478701, 37.727984291622136], [112.58621388481328, 37.727984291622136], [112.58621388481328, 37.72708597633802], [112.5863935478701, 37.72708597633802], [112.5863935478701, 37.72690631328119], [112.58729186315422, 37.72690631328119], [112.58729186315422, 37.72708597633802], [112.58747152621105, 37.72708597633802], [112.58747152621105, 37.72726563939484], [112.58765118926787, 37.72726563939484], [112.58765118926787, 37.72762496550849], [112.58783085232469, 37.72762496550849], [112.58783085232469, 37.727984291622136], [112.58747152621105, 37.727984291622136], [112.58747152621105, 37.72816395467896], [112.58729186315422, 37.72816395467896], [112.58729186315422, 37.72834361773578], [112.5871122000974, 37.72834361773578], [112.5871122000974, 37.72852328079261], [112.58693253704057, 37.72852328079261], [112.58693253704057, 37.72870294384943], [112.58657321092693, 37.72870294384943]], [[112.5871122000974, 37.72834361773578], [112.58693253704057, 37.72834361773578], [112.58693253704057, 37.72816395467896], [112.5871122000974, 37.72816395467896], [112.5871122000974, 37.72834361773578]]]}, "properties": {"name": "cand25", "ptype": "hall", "confidence": "low", "rank": 25, "area_ha": 2.5, "rise_db": 8.0, "digitised_from": "Sentinel-1 VV rise 2022->2026, orbit 113"}}, {"type": "Feature", "geometry": {"geodesic": false, "type": "Polygon", "coordinates": [[[112.58226129756315, 37.69348898471195], [112.58226129756315, 37.69330932165512], [112.58208163450632, 37.69330932165512], [112.58208163450632, 37.693129658598295], [112.5819019714495, 37.693129658598295], [112.5819019714495, 37.692949995541476], [112.58136298227903, 37.692949995541476], [112.58136298227903, 37.693129658598295], [112.5811833192222, 37.693129658598295], [112.5811833192222, 37.692949995541476], [112.58100365616538, 37.692949995541476], [112.58100365616538, 37.69277033248465], [112.58082399310855, 37.69277033248465], [112.58082399310855, 37.69259066942782], [112.5811833192222, 37.69259066942782], [112.5811833192222, 37.69223134331418], [112.58136298227903, 37.69223134331418], [112.58136298227903, 37.69187201720053], [112.58172230839267, 37.69187201720053], [112.58172230839267, 37.69223134331418], [112.58208163450632, 37.69223134331418], [112.58208163450632, 37.69205168025736], [112.5826206236768, 37.69205168025736], [112.5826206236768, 37.692411006371], [112.58280028673362, 37.692411006371], [112.58280028673362, 37.69348898471195], [112.58226129756315, 37.69348898471195]]]}, "properties": {"name": "cand26", "ptype": "hall", "confidence": "low", "rank": 26, "area_ha": 2.3, "rise_db": 7.0, "digitised_from": "Sentinel-1 VV rise 2022->2026, orbit 113"}}, {"type": "Feature", "geometry": {"geodesic": false, "type": "Polygon", "coordinates": [[[112.60651581023437, 37.68252953824569], [112.60651581023437, 37.68217021213204], [112.60615648412073, 37.68217021213204], [112.60615648412073, 37.68234987518886], [112.60471917966613, 37.68234987518886], [112.60471917966613, 37.681990549075216], [112.60489884272296, 37.681990549075216], [112.60489884272296, 37.68163122296157], [112.60525816883661, 37.68163122296157], [112.60525816883661, 37.68181088601839], [112.60561749495025, 37.68181088601839], [112.60561749495025, 37.68163122296157], [112.60579715800708, 37.68163122296157], [112.60579715800708, 37.6810922337911], [112.60687513634802, 37.6810922337911], [112.60687513634802, 37.681451559904744], [112.60651581023437, 37.681451559904744], [112.60651581023437, 37.68163122296157], [112.60633614717756, 37.68163122296157], [112.60633614717756, 37.68181088601839], [112.60687513634802, 37.68181088601839], [112.60687513634802, 37.681990549075216], [112.60705479940485, 37.681990549075216], [112.60705479940485, 37.68217021213204], [112.60687513634802, 37.68217021213204], [112.60687513634802, 37.68234987518886], [112.6066954732912, 37.68234987518886], [112.6066954732912, 37.68252953824569], [112.60651581023437, 37.68252953824569]]]}, "properties": {"name": "cand27", "ptype": "hall", "confidence": "low", "rank": 27, "area_ha": 2.3, "rise_db": 8.8, "digitised_from": "Sentinel-1 VV rise 2022->2026, orbit 113"}}, {"type": "Feature", "geometry": {"geodesic": false, "type": "Polygon", "coordinates": [[[112.58693253704057, 37.71091630122386], [112.58693253704057, 37.71073663816704], [112.58675287398374, 37.71073663816704], [112.58675287398374, 37.710556975110215], [112.58819017843834, 37.710556975110215], [112.58819017843834, 37.710377312053396], [112.58854950455199, 37.710377312053396], [112.58854950455199, 37.71001798593974], [112.5887291676088, 37.71001798593974], [112.5887291676088, 37.7096586598261], [112.58854950455199, 37.7096586598261], [112.58854950455199, 37.70929933371245], [112.5887291676088, 37.70929933371245], [112.5887291676088, 37.709119670655625], [112.58908849372246, 37.709119670655625], [112.58908849372246, 37.7089400075988], [112.58926815677928, 37.7089400075988], [112.58926815677928, 37.709119670655625], [112.58944781983611, 37.709119670655625], [112.58944781983611, 37.70947899676927], [112.58890883066563, 37.70947899676927], [112.58890883066563, 37.7096586598261], [112.58926815677928, 37.7096586598261], [112.58926815677928, 37.70983832288292], [112.58962748289294, 37.70983832288292], [112.58962748289294, 37.710377312053396], [112.58926815677928, 37.710377312053396], [112.58926815677928, 37.71019764899657], [112.58908849372246, 37.71019764899657], [112.58908849372246, 37.710377312053396], [112.58890883066563, 37.710377312053396], [112.58890883066563, 37.71073663816704], [112.5887291676088, 37.71073663816704], [112.5887291676088, 37.71091630122386], [112.58693253704057, 37.71091630122386]]]}, "properties": {"name": "cand28", "ptype": "hall", "confidence": "low", "rank": 28, "area_ha": 2.3, "rise_db": 6.5, "digitised_from": "Sentinel-1 VV rise 2022->2026, orbit 113"}}, {"type": "Feature", "geometry": {"geodesic": false, "type": "Polygon", "coordinates": [[[112.60004794018872, 37.67444470068861], [112.60004794018872, 37.674265037631784], [112.60022760324554, 37.674265037631784], [112.60022760324554, 37.674085374574965], [112.60094625547283, 37.674085374574965], [112.60094625547283, 37.67372604846132], [112.5991496249046, 37.67372604846132], [112.5991496249046, 37.674085374574965], [112.59932928796142, 37.674085374574965], [112.59932928796142, 37.67444470068861], [112.5991496249046, 37.67444470068861], [112.5991496249046, 37.674265037631784], [112.59896996184777, 37.674265037631784], [112.59896996184777, 37.674085374574965], [112.59879029879095, 37.674085374574965], [112.59879029879095, 37.67372604846132], [112.59896996184777, 37.67372604846132], [112.59896996184777, 37.67354638540449], [112.5991496249046, 37.67354638540449], [112.5991496249046, 37.673366722347666], [112.59932928796142, 37.673366722347666], [112.59932928796142, 37.67354638540449], [112.59950895101825, 37.67354638540449], [112.59950895101825, 37.673366722347666], [112.60166490770013, 37.673366722347666], [112.60166490770013, 37.67372604846132], [112.60184457075695, 37.67372604846132], [112.60184457075695, 37.67390571151814], [112.60166490770013, 37.67390571151814], [112.60166490770013, 37.674085374574965], [112.60148524464331, 37.674085374574965], [112.60148524464331, 37.674265037631784], [112.60076659241601, 37.674265037631784], [112.60076659241601, 37.67444470068861], [112.60004794018872, 37.67444470068861]]]}, "properties": {"name": "cand29", "ptype": "hall", "confidence": "low", "rank": 29, "area_ha": 2.2, "rise_db": 6.4, "digitised_from": "Sentinel-1 VV rise 2022->2026, orbit 113"}}, {"type": "Feature", "geometry": {"geodesic": false, "type": "Polygon", "coordinates": [[[112.60400052743884, 37.68738044077993], [112.60400052743884, 37.686482125495814], [112.60418019049567, 37.686482125495814], [112.60418019049567, 37.68630246243899], [112.6043598535525, 37.68630246243899], [112.6043598535525, 37.686482125495814], [112.6066954732912, 37.686482125495814], [112.6066954732912, 37.68702111466629], [112.60633614717756, 37.68702111466629], [112.60633614717756, 37.687200777723106], [112.60525816883661, 37.687200777723106], [112.60525816883661, 37.68702111466629], [112.6043598535525, 37.68702111466629], [112.6043598535525, 37.687200777723106], [112.60418019049567, 37.687200777723106], [112.60418019049567, 37.68738044077993], [112.60400052743884, 37.68738044077993]]]}, "properties": {"name": "cand30", "ptype": "hall", "confidence": "low", "rank": 30, "area_ha": 2.2, "rise_db": 6.8, "digitised_from": "Sentinel-1 VV rise 2022->2026, orbit 113"}}, {"type": "Feature", "geometry": {"geodesic": false, "type": "Polygon", "coordinates": [[[112.58801051538151, 37.68306852741616], [112.58801051538151, 37.682888864359334], [112.58747152621105, 37.682888864359334], [112.58747152621105, 37.68270920130251], [112.58729186315422, 37.68270920130251], [112.58729186315422, 37.68217021213204], [112.5871122000974, 37.68217021213204], [112.5871122000974, 37.68181088601839], [112.58729186315422, 37.68181088601839], [112.58729186315422, 37.68163122296157], [112.58747152621105, 37.68163122296157], [112.58747152621105, 37.681451559904744], [112.58765118926787, 37.681451559904744], [112.58765118926787, 37.68127189684792], [112.58801051538151, 37.68127189684792], [112.58801051538151, 37.681451559904744], [112.58819017843834, 37.681451559904744], [112.58819017843834, 37.68181088601839], [112.58836984149517, 37.68181088601839], [112.58836984149517, 37.68234987518886], [112.58854950455199, 37.68234987518886], [112.58854950455199, 37.68252953824569], [112.5887291676088, 37.68252953824569], [112.5887291676088, 37.682888864359334], [112.58854950455199, 37.682888864359334], [112.58854950455199, 37.68306852741616], [112.58801051538151, 37.68306852741616]], [[112.58801051538151, 37.68252953824569], [112.58783085232469, 37.68252953824569], [112.58783085232469, 37.68217021213204], [112.58801051538151, 37.68217021213204], [112.58801051538151, 37.68252953824569]]]}, "properties": {"name": "cand31", "ptype": "hall", "confidence": "low", "rank": 31, "area_ha": 2.2, "rise_db": 6.8, "digitised_from": "Sentinel-1 VV rise 2022->2026, orbit 113"}}, {"type": "Feature", "geometry": {"geodesic": false, "type": "Polygon", "coordinates": [[[112.61406165862098, 37.68971606051864], [112.61406165862098, 37.68953639746182], [112.61424132167781, 37.68953639746182], [112.61424132167781, 37.68845841912088], [112.61406165862098, 37.68845841912088], [112.61406165862098, 37.687919429950405], [112.61424132167781, 37.687919429950405], [112.61424132167781, 37.68773976689358], [112.61406165862098, 37.68773976689358], [112.61406165862098, 37.68738044077993], [112.61424132167781, 37.68738044077993], [112.61424132167781, 37.687200777723106], [112.61406165862098, 37.687200777723106], [112.61406165862098, 37.68630246243899], [112.61388199556416, 37.68630246243899], [112.61388199556416, 37.68612279938217], [112.61406165862098, 37.68612279938217], [112.61406165862098, 37.68594313632534], [112.61460064779145, 37.68594313632534], [112.61460064779145, 37.68773976689358], [112.61442098473462, 37.68773976689358], [112.61442098473462, 37.687919429950405], [112.61460064779145, 37.687919429950405], [112.61460064779145, 37.689356734404996], [112.61442098473462, 37.689356734404996], [112.61442098473462, 37.68953639746182], [112.61424132167781, 37.68953639746182], [112.61424132167781, 37.68971606051864], [112.61406165862098, 37.68971606051864]]]}, "properties": {"name": "cand32", "ptype": "hall", "confidence": "low", "rank": 32, "area_ha": 2.1, "rise_db": 7.1, "digitised_from": "Sentinel-1 VV rise 2022->2026, orbit 113"}}, {"type": "Feature", "geometry": {"geodesic": false, "type": "Polygon", "coordinates": [[[112.58351893896092, 37.6803735815638], [112.58351893896092, 37.68019391850698], [112.5833392759041, 37.68019391850698], [112.5833392759041, 37.6803735815638], [112.58244096061998, 37.6803735815638], [112.58244096061998, 37.68019391850698], [112.58208163450632, 37.68019391850698], [112.58208163450632, 37.6803735815638], [112.5819019714495, 37.6803735815638], [112.5819019714495, 37.67983459239333], [112.58208163450632, 37.67983459239333], [112.58208163450632, 37.67965492933651], [112.5819019714495, 37.67965492933651], [112.5819019714495, 37.67947526627968], [112.58208163450632, 37.67947526627968], [112.58208163450632, 37.679295603222855], [112.5826206236768, 37.679295603222855], [112.5826206236768, 37.68001425545015], [112.58280028673362, 37.68001425545015], [112.58280028673362, 37.67965492933651], [112.58297994979044, 37.67965492933651], [112.58297994979044, 37.67947526627968], [112.5833392759041, 37.67947526627968], [112.5833392759041, 37.67965492933651], [112.58369860201775, 37.67965492933651], [112.58369860201775, 37.67983459239333], [112.58387826507456, 37.67983459239333], [112.58387826507456, 37.6803735815638], [112.58351893896092, 37.6803735815638]]]}, "properties": {"name": "cand33", "ptype": "hall", "confidence": "low", "rank": 33, "area_ha": 1.8, "rise_db": 7.3, "digitised_from": "Sentinel-1 VV rise 2022->2026, orbit 113"}}, {"type": "Feature", "geometry": {"geodesic": false, "type": "Polygon", "coordinates": [[[112.59825130962048, 37.68396684270028], [112.59825130962048, 37.68378717964345], [112.59735299433636, 37.68378717964345], [112.59735299433636, 37.68396684270028], [112.59627501599542, 37.68396684270028], [112.59627501599542, 37.68360751658663], [112.59609535293859, 37.68360751658663], [112.59609535293859, 37.68342785352981], [112.59645467905224, 37.68342785352981], [112.59645467905224, 37.68324819047298], [112.59663434210906, 37.68324819047298], [112.59663434210906, 37.68306852741616], [112.59699366822271, 37.68306852741616], [112.59699366822271, 37.68324819047298], [112.59717333127954, 37.68324819047298], [112.59717333127954, 37.68342785352981], [112.59771232045, 37.68342785352981], [112.59771232045, 37.68324819047298], [112.59789198350683, 37.68324819047298], [112.59789198350683, 37.68306852741616], [112.59825130962048, 37.68306852741616], [112.59825130962048, 37.68324819047298], [112.5984309726773, 37.68324819047298], [112.5984309726773, 37.68342785352981], [112.59861063573412, 37.68342785352981], [112.59861063573412, 37.68378717964345], [112.5984309726773, 37.68378717964345], [112.5984309726773, 37.68396684270028], [112.59825130962048, 37.68396684270028]]]}, "properties": {"name": "cand34", "ptype": "hall", "confidence": "low", "rank": 34, "area_ha": 1.8, "rise_db": 9.3, "digitised_from": "Sentinel-1 VV rise 2022->2026, orbit 113"}}, {"type": "Feature", "geometry": {"geodesic": false, "type": "Polygon", "coordinates": [[[112.53932182698223, 37.7044484311782], [112.53932182698223, 37.703909442007735], [112.53914216392542, 37.703909442007735], [112.53914216392542, 37.70372977895091], [112.53896250086859, 37.70372977895091], [112.53896250086859, 37.703909442007735], [112.53860317475494, 37.703909442007735], [112.53860317475494, 37.70355011589408], [112.53842351169811, 37.70355011589408], [112.53842351169811, 37.702651800609964], [112.53860317475494, 37.702651800609964], [112.53860317475494, 37.70247213755314], [112.53914216392542, 37.70247213755314], [112.53914216392542, 37.702651800609964], [112.53932182698223, 37.702651800609964], [112.53932182698223, 37.70283146366679], [112.53914216392542, 37.70283146366679], [112.53914216392542, 37.70355011589408], [112.53932182698223, 37.70355011589408], [112.53932182698223, 37.70372977895091], [112.53950149003906, 37.70372977895091], [112.53950149003906, 37.70355011589408], [112.53986081615271, 37.70355011589408], [112.53986081615271, 37.70372977895091], [112.54004047920954, 37.70372977895091], [112.54004047920954, 37.704089105064554], [112.53986081615271, 37.704089105064554], [112.53986081615271, 37.70426876812138], [112.53968115309588, 37.70426876812138], [112.53968115309588, 37.7044484311782], [112.53932182698223, 37.7044484311782]]]}, "properties": {"name": "cand35", "ptype": "hall", "confidence": "low", "rank": 35, "area_ha": 1.8, "rise_db": 7.4, "digitised_from": "Sentinel-1 VV rise 2022->2026, orbit 113"}}, {"type": "Feature", "geometry": {"geodesic": false, "type": "Polygon", "coordinates": [[[112.59753265739319, 37.703190789780436], [112.59753265739319, 37.70301112672361], [112.59735299433636, 37.70301112672361], [112.59735299433636, 37.70283146366679], [112.59717333127954, 37.70283146366679], [112.59717333127954, 37.70301112672361], [112.59681400516588, 37.70301112672361], [112.59681400516588, 37.70247213755314], [112.59753265739319, 37.70247213755314], [112.59753265739319, 37.70229247449632], [112.59879029879095, 37.70229247449632], [112.59879029879095, 37.70247213755314], [112.5991496249046, 37.70247213755314], [112.5991496249046, 37.702651800609964], [112.59896996184777, 37.702651800609964], [112.59896996184777, 37.70301112672361], [112.59789198350683, 37.70301112672361], [112.59789198350683, 37.703190789780436], [112.59753265739319, 37.703190789780436]]]}, "properties": {"name": "cand36", "ptype": "hall", "confidence": "low", "rank": 36, "area_ha": 1.8, "rise_db": 5.5, "digitised_from": "Sentinel-1 VV rise 2022->2026, orbit 113"}}, {"type": "Feature", "geometry": {"geodesic": false, "type": "Polygon", "coordinates": [[[112.61172603888227, 37.709119670655625], [112.61172603888227, 37.7089400075988], [112.6111870497118, 37.7089400075988], [112.6111870497118, 37.70876034454198], [112.61100738665498, 37.70876034454198], [112.61100738665498, 37.70804169231468], [112.61208536499592, 37.70804169231468], [112.61208536499592, 37.70786202925786], [112.61226502805275, 37.70786202925786], [112.61226502805275, 37.70804169231468], [112.61244469110956, 37.70804169231468], [112.61244469110956, 37.70840101842833], [112.61262435416639, 37.70840101842833], [112.61262435416639, 37.70858068148515], [112.61244469110956, 37.70858068148515], [112.61244469110956, 37.70876034454198], [112.61262435416639, 37.70876034454198], [112.61262435416639, 37.7089400075988], [112.61226502805275, 37.7089400075988], [112.61226502805275, 37.709119670655625], [112.61172603888227, 37.709119670655625]]]}, "properties": {"name": "cand37", "ptype": "hall", "confidence": "low", "rank": 37, "area_ha": 1.8, "rise_db": 9.8, "digitised_from": "Sentinel-1 VV rise 2022->2026, orbit 113"}}, {"type": "Feature", "geometry": {"geodesic": false, "type": "Polygon", "coordinates": [[[112.57237982943784, 37.71307225790575], [112.57237982943784, 37.71235360567846], [112.57255949249466, 37.71235360567846], [112.57255949249466, 37.71217394262163], [112.57273915555149, 37.71217394262163], [112.57273915555149, 37.711994279564806], [112.5729188186083, 37.711994279564806], [112.5729188186083, 37.711814616507986], [112.57327814472195, 37.711814616507986], [112.57327814472195, 37.71145529039433], [112.5729188186083, 37.71145529039433], [112.5729188186083, 37.71109596428069], [112.57309848166513, 37.71109596428069], [112.57309848166513, 37.711275627337514], [112.5736374708356, 37.711275627337514], [112.5736374708356, 37.71145529039433], [112.57381713389242, 37.71145529039433], [112.57381713389242, 37.711994279564806], [112.5736374708356, 37.711994279564806], [112.5736374708356, 37.71235360567846], [112.57345780777878, 37.71235360567846], [112.57345780777878, 37.71253326873528], [112.57309848166513, 37.71253326873528], [112.57309848166513, 37.712892594848924], [112.5729188186083, 37.712892594848924], [112.5729188186083, 37.71307225790575], [112.57237982943784, 37.71307225790575]], [[112.57309848166513, 37.71253326873528], [112.5729188186083, 37.71253326873528], [112.5729188186083, 37.71235360567846], [112.57309848166513, 37.71235360567846], [112.57309848166513, 37.71253326873528]]]}, "properties": {"name": "cand38", "ptype": "hall", "confidence": "low", "rank": 38, "area_ha": 1.7, "rise_db": 8.6, "digitised_from": "Sentinel-1 VV rise 2022->2026, orbit 113"}}, {"type": "Feature", "geometry": {"geodesic": false, "type": "Polygon", "coordinates": [[[112.60849210385943, 37.71307225790575], [112.60849210385943, 37.71253326873528], [112.60867176691626, 37.71253326873528], [112.60867176691626, 37.71217394262163], [112.60849210385943, 37.71217394262163], [112.60849210385943, 37.71163495345116], [112.60831244080262, 37.71163495345116], [112.60831244080262, 37.711275627337514], [112.60849210385943, 37.711275627337514], [112.60849210385943, 37.71109596428069], [112.60867176691626, 37.71109596428069], [112.60867176691626, 37.71091630122386], [112.60939041914357, 37.71091630122386], [112.60939041914357, 37.71145529039433], [112.60921075608674, 37.71145529039433], [112.60921075608674, 37.71163495345116], [112.60939041914357, 37.71163495345116], [112.60939041914357, 37.711814616507986], [112.60921075608674, 37.711814616507986], [112.60921075608674, 37.71235360567846], [112.60903109302991, 37.71235360567846], [112.60903109302991, 37.71253326873528], [112.60885142997309, 37.71253326873528], [112.60885142997309, 37.712712931792105], [112.60867176691626, 37.712712931792105], [112.60867176691626, 37.71307225790575], [112.60849210385943, 37.71307225790575]]]}, "properties": {"name": "cand39", "ptype": "hall", "confidence": "low", "rank": 39, "area_ha": 1.7, "rise_db": 6.9, "digitised_from": "Sentinel-1 VV rise 2022->2026, orbit 113"}}, {"type": "Feature", "geometry": {"geodesic": false, "type": "Polygon", "coordinates": [[[112.53824384864129, 37.70570607257597], [112.53824384864129, 37.705346746462325], [112.53806418558447, 37.705346746462325], [112.53806418558447, 37.70498742034867], [112.53842351169811, 37.70498742034867], [112.53842351169811, 37.7051670834055], [112.53860317475494, 37.7051670834055], [112.53860317475494, 37.705346746462325], [112.53896250086859, 37.705346746462325], [112.53896250086859, 37.7051670834055], [112.53968115309588, 37.7051670834055], [112.53968115309588, 37.70480775729185], [112.53986081615271, 37.70480775729185], [112.53986081615271, 37.70462809423503], [112.54039980532318, 37.70462809423503], [112.54039980532318, 37.70480775729185], [112.54057946838, 37.70480775729185], [112.54057946838, 37.70462809423503], [112.54111845755048, 37.70462809423503], [112.54111845755048, 37.70498742034867], [112.54057946838, 37.70498742034867], [112.54057946838, 37.7051670834055], [112.54004047920954, 37.7051670834055], [112.54004047920954, 37.705346746462325], [112.53950149003906, 37.705346746462325], [112.53950149003906, 37.705526409519145], [112.53914216392542, 37.705526409519145], [112.53914216392542, 37.70570607257597], [112.53824384864129, 37.70570607257597]], [[112.54004047920954, 37.70498742034867], [112.53986081615271, 37.70498742034867], [112.53986081615271, 37.70480775729185], [112.54004047920954, 37.70480775729185], [112.54004047920954, 37.70498742034867]]]}, "properties": {"name": "cand40", "ptype": "hall", "confidence": "low", "rank": 40, "area_ha": 1.6, "rise_db": 6.3, "digitised_from": "Sentinel-1 VV rise 2022->2026, orbit 113"}}, {"type": "Feature", "geometry": {"geodesic": false, "type": "Polygon", "coordinates": [[[112.59789198350683, 37.72349271520154], [112.59789198350683, 37.72331305214471], [112.59771232045, 37.72331305214471], [112.59771232045, 37.72313338908789], [112.60058692935918, 37.72313338908789], [112.60058692935918, 37.72259439991742], [112.60094625547283, 37.72259439991742], [112.60094625547283, 37.72313338908789], [112.60076659241601, 37.72313338908789], [112.60076659241601, 37.72349271520154], [112.59789198350683, 37.72349271520154]]]}, "properties": {"name": "cand41", "ptype": "hall", "confidence": "low", "rank": 41, "area_ha": 1.6, "rise_db": 6.5, "digitised_from": "Sentinel-1 VV rise 2022->2026, orbit 113"}}, {"type": "Feature", "geometry": {"geodesic": false, "type": "Polygon", "coordinates": [[[112.59789198350683, 37.6758820051432], [112.59789198350683, 37.67570234208638], [112.59771232045, 37.67570234208638], [112.59771232045, 37.67498368985908], [112.59753265739319, 37.67498368985908], [112.59753265739319, 37.67462436374544], [112.59771232045, 37.67462436374544], [112.59771232045, 37.674804026802256], [112.59807164656365, 37.674804026802256], [112.59807164656365, 37.67444470068861], [112.59825130962048, 37.67444470068861], [112.59825130962048, 37.674265037631784], [112.5984309726773, 37.674265037631784], [112.5984309726773, 37.674804026802256], [112.59896996184777, 37.674804026802256], [112.59896996184777, 37.67462436374544], [112.5991496249046, 37.67462436374544], [112.5991496249046, 37.67516335291591], [112.5984309726773, 37.67516335291591], [112.5984309726773, 37.67570234208638], [112.59825130962048, 37.67570234208638], [112.59825130962048, 37.6758820051432], [112.59789198350683, 37.6758820051432]]]}, "properties": {"name": "cand42", "ptype": "hall", "confidence": "low", "rank": 42, "area_ha": 1.5, "rise_db": 7.4, "digitised_from": "Sentinel-1 VV rise 2022->2026, orbit 113"}}, {"type": "Feature", "geometry": {"geodesic": false, "type": "Polygon", "coordinates": [[[112.54722700148248, 37.74163868394075], [112.54722700148248, 37.7412793578271], [112.54650834925519, 37.7412793578271], [112.54650834925519, 37.74109969477028], [112.54632868619836, 37.74109969477028], [112.54632868619836, 37.74092003171346], [112.54650834925519, 37.74092003171346], [112.54650834925519, 37.74056070559981], [112.54668801231202, 37.74056070559981], [112.54668801231202, 37.74020137948616], [112.54686767536884, 37.74020137948616], [112.54686767536884, 37.73948272725887], [112.54704733842567, 37.73948272725887], [112.54704733842567, 37.73930306420204], [112.54722700148248, 37.73930306420204], [112.54722700148248, 37.74109969477028], [112.54758632759614, 37.74109969477028], [112.54758632759614, 37.74163868394075], [112.54722700148248, 37.74163868394075]]]}, "properties": {"name": "cand43", "ptype": "hall", "confidence": "low", "rank": 43, "area_ha": 1.5, "rise_db": 6.9, "digitised_from": "Sentinel-1 VV rise 2022->2026, orbit 113"}}, {"type": "Feature", "geometry": {"geodesic": false, "type": "Polygon", "coordinates": [[[112.60867176691626, 37.68450583187075], [112.60867176691626, 37.684146505757106], [112.60885142997309, 37.684146505757106], [112.60885142997309, 37.68396684270028], [112.60939041914357, 37.68396684270028], [112.60939041914357, 37.68378717964345], [112.60957008220038, 37.68378717964345], [112.60957008220038, 37.68342785352981], [112.6097497452572, 37.68342785352981], [112.6097497452572, 37.68324819047298], [112.60992940831403, 37.68324819047298], [112.60992940831403, 37.68342785352981], [112.61010907137086, 37.68342785352981], [112.61010907137086, 37.68360751658663], [112.61028873442768, 37.68360751658663], [112.61028873442768, 37.684146505757106], [112.61010907137086, 37.684146505757106], [112.61010907137086, 37.68450583187075], [112.60867176691626, 37.68450583187075]]]}, "properties": {"name": "cand44", "ptype": "hall", "confidence": "low", "rank": 44, "area_ha": 1.5, "rise_db": 8.2, "digitised_from": "Sentinel-1 VV rise 2022->2026, orbit 113"}}, {"type": "Feature", "geometry": {"geodesic": false, "type": "Polygon", "coordinates": [[[112.60921075608674, 37.74163868394075], [112.60921075608674, 37.74145902088393], [112.60903109302991, 37.74145902088393], [112.60903109302991, 37.73966239031569], [112.60921075608674, 37.73966239031569], [112.60921075608674, 37.73948272725887], [112.60939041914357, 37.73948272725887], [112.60939041914357, 37.73930306420204], [112.6097497452572, 37.73930306420204], [112.6097497452572, 37.73948272725887], [112.60957008220038, 37.73948272725887], [112.60957008220038, 37.74145902088393], [112.6097497452572, 37.74145902088393], [112.6097497452572, 37.74163868394075], [112.60921075608674, 37.74163868394075]]]}, "properties": {"name": "cand45", "ptype": "hall", "confidence": "low", "rank": 45, "area_ha": 1.5, "rise_db": 8.3, "digitised_from": "Sentinel-1 VV rise 2022->2026, orbit 113"}}, {"type": "Feature", "geometry": {"geodesic": false, "type": "Polygon", "coordinates": [[[112.58172230839267, 37.68252953824569], [112.58172230839267, 37.68234987518886], [112.58154264533586, 37.68234987518886], [112.58154264533586, 37.68181088601839], [112.58136298227903, 37.68181088601839], [112.58136298227903, 37.681451559904744], [112.5811833192222, 37.681451559904744], [112.5811833192222, 37.6810922337911], [112.58100365616538, 37.6810922337911], [112.58100365616538, 37.68091257073427], [112.58082399310855, 37.68091257073427], [112.58082399310855, 37.680732907677445], [112.58064433005174, 37.680732907677445], [112.58064433005174, 37.68001425545015], [112.58046466699491, 37.68001425545015], [112.58046466699491, 37.67965492933651], [112.58010534088126, 37.67965492933651], [112.58010534088126, 37.67947526627968], [112.58028500393809, 37.67947526627968], [112.58028500393809, 37.679115940166035], [112.58010534088126, 37.679115940166035], [112.58010534088126, 37.67875661405238], [112.58028500393809, 37.67875661405238], [112.58028500393809, 37.67893627710921], [112.58046466699491, 37.67893627710921], [112.58046466699491, 37.679295603222855], [112.58064433005174, 37.679295603222855], [112.58064433005174, 37.67965492933651], [112.58082399310855, 37.67965492933651], [112.58082399310855, 37.68019391850698], [112.58100365616538, 37.68019391850698], [112.58100365616538, 37.680732907677445], [112.5811833192222, 37.680732907677445], [112.5811833192222, 37.6810922337911], [112.58136298227903, 37.6810922337911], [112.58136298227903, 37.68127189684792], [112.58154264533586, 37.68127189684792], [112.58154264533586, 37.68163122296157], [112.58172230839267, 37.68163122296157], [112.58172230839267, 37.681990549075216], [112.5819019714495, 37.681990549075216], [112.5819019714495, 37.68234987518886], [112.58208163450632, 37.68234987518886], [112.58208163450632, 37.68252953824569], [112.58172230839267, 37.68252953824569]]]}, "properties": {"name": "cand46", "ptype": "hall", "confidence": "low", "rank": 46, "area_ha": 1.4, "rise_db": 5.9, "digitised_from": "Sentinel-1 VV rise 2022->2026, orbit 113"}}, {"type": "Feature", "geometry": {"geodesic": false, "type": "Polygon", "coordinates": [[[112.55818644794874, 37.732475868042734], [112.55818644794874, 37.73211654192909], [112.55836611100557, 37.73211654192909], [112.55836611100557, 37.73193687887226], [112.5585457740624, 37.73193687887226], [112.5585457740624, 37.73103856358814], [112.55872543711922, 37.73103856358814], [112.55872543711922, 37.73085890053132], [112.55890510017605, 37.73085890053132], [112.55890510017605, 37.73103856358814], [112.55908476323286, 37.73103856358814], [112.55908476323286, 37.73121822664496], [112.55926442628969, 37.73121822664496], [112.55926442628969, 37.73139788970179], [112.55944408934651, 37.73139788970179], [112.55944408934651, 37.73193687887226], [112.55926442628969, 37.73193687887226], [112.55926442628969, 37.73211654192909], [112.55908476323286, 37.73211654192909], [112.55908476323286, 37.73229620498591], [112.55872543711922, 37.73229620498591], [112.55872543711922, 37.732475868042734], [112.55818644794874, 37.732475868042734]]]}, "properties": {"name": "cand47", "ptype": "hall", "confidence": "low", "rank": 47, "area_ha": 1.4, "rise_db": 6.3, "digitised_from": "Sentinel-1 VV rise 2022->2026, orbit 113"}}, {"type": "Feature", "geometry": {"geodesic": false, "type": "Polygon", "coordinates": [[[112.57992567782443, 37.678397287938736], [112.57992567782443, 37.67821762488192], [112.57974601476761, 37.67821762488192], [112.57974601476761, 37.67803796182509], [112.5795663517108, 37.67803796182509], [112.5795663517108, 37.67749897265462], [112.57938668865397, 37.67749897265462], [112.57938668865397, 37.676959983484146], [112.57920702559714, 37.676959983484146], [112.57920702559714, 37.676241331256854], [112.57902736254032, 37.676241331256854], [112.57902736254032, 37.675522679029555], [112.57920702559714, 37.675522679029555], [112.57920702559714, 37.67570234208638], [112.57938668865397, 37.67570234208638], [112.57938668865397, 37.676241331256854], [112.5795663517108, 37.676241331256854], [112.5795663517108, 37.67678032042732], [112.57974601476761, 37.67678032042732], [112.57974601476761, 37.67731930959779], [112.57992567782443, 37.67731930959779], [112.57992567782443, 37.677858298768264], [112.58010534088126, 37.677858298768264], [112.58010534088126, 37.678397287938736], [112.57992567782443, 37.678397287938736]]]}, "properties": {"name": "cand48", "ptype": "hall", "confidence": "low", "rank": 48, "area_ha": 1.3, "rise_db": 5.4, "digitised_from": "Sentinel-1 VV rise 2022->2026, orbit 113"}}, {"type": "Feature", "geometry": {"geodesic": false, "type": "Polygon", "coordinates": [[[112.6066954732912, 37.717024845155876], [112.6066954732912, 37.715587540701286], [112.60777345163214, 37.715587540701286], [112.60777345163214, 37.71594686681493], [112.60759378857531, 37.71594686681493], [112.60759378857531, 37.71612652987176], [112.6074141255185, 37.71612652987176], [112.6074141255185, 37.716485855985404], [112.60723446246168, 37.716485855985404], [112.60723446246168, 37.71666551904223], [112.60705479940485, 37.71666551904223], [112.60705479940485, 37.717024845155876], [112.6066954732912, 37.717024845155876]]]}, "properties": {"name": "cand49", "ptype": "hall", "confidence": "low", "rank": 49, "area_ha": 1.3, "rise_db": 6.2, "digitised_from": "Sentinel-1 VV rise 2022->2026, orbit 113"}}, {"type": "Feature", "geometry": {"geodesic": false, "type": "Polygon", "coordinates": [[[112.5984309726773, 37.72205541074695], [112.5984309726773, 37.72187574769012], [112.59825130962048, 37.72187574769012], [112.59825130962048, 37.721516421576474], [112.5984309726773, 37.721516421576474], [112.5984309726773, 37.72133675851965], [112.59879029879095, 37.72133675851965], [112.59879029879095, 37.720977432406], [112.59896996184777, 37.720977432406], [112.59896996184777, 37.720797769349176], [112.59932928796142, 37.720797769349176], [112.59932928796142, 37.720977432406], [112.59950895101825, 37.720977432406], [112.59950895101825, 37.72133675851965], [112.59986827713189, 37.72133675851965], [112.59986827713189, 37.721516421576474], [112.60004794018872, 37.721516421576474], [112.60004794018872, 37.7216960846333], [112.59879029879095, 37.7216960846333], [112.59879029879095, 37.72187574769012], [112.59861063573412, 37.72187574769012], [112.59861063573412, 37.72205541074695], [112.5984309726773, 37.72205541074695]]]}, "properties": {"name": "cand50", "ptype": "hall", "confidence": "low", "rank": 50, "area_ha": 1.3, "rise_db": 6.0, "digitised_from": "Sentinel-1 VV rise 2022->2026, orbit 113"}}, {"type": "Feature", "geometry": {"geodesic": false, "type": "Polygon", "coordinates": [[[112.56555263327853, 37.70804169231468], [112.56555263327853, 37.70786202925786], [112.5653729702217, 37.70786202925786], [112.5653729702217, 37.707682366201034], [112.56555263327853, 37.707682366201034], [112.56555263327853, 37.70714337703056], [112.56591195939217, 37.70714337703056], [112.56591195939217, 37.706963713973735], [112.56573229633536, 37.706963713973735], [112.56573229633536, 37.706784050916916], [112.56555263327853, 37.706784050916916], [112.56555263327853, 37.70660438786009], [112.56519330716488, 37.70660438786009], [112.56519330716488, 37.70642472480326], [112.56501364410805, 37.70642472480326], [112.56501364410805, 37.70606539868962], [112.56555263327853, 37.70606539868962], [112.56555263327853, 37.70624506174644], [112.56573229633536, 37.70624506174644], [112.56573229633536, 37.70642472480326], [112.56591195939217, 37.70642472480326], [112.56591195939217, 37.70660438786009], [112.566091622449, 37.70660438786009], [112.566091622449, 37.706784050916916], [112.56627128550582, 37.706784050916916], [112.56627128550582, 37.70732304008739], [112.566091622449, 37.70732304008739], [112.566091622449, 37.70750270314421], [112.56591195939217, 37.70750270314421], [112.56591195939217, 37.707682366201034], [112.56573229633536, 37.707682366201034], [112.56573229633536, 37.70804169231468], [112.56555263327853, 37.70804169231468]]]}, "properties": {"name": "cand51", "ptype": "hall", "confidence": "low", "rank": 51, "area_ha": 1.2, "rise_db": 5.5, "digitised_from": "Sentinel-1 VV rise 2022->2026, orbit 113"}}, {"type": "Feature", "geometry": {"geodesic": false, "type": "Polygon", "coordinates": [[[112.58657321092693, 37.71325192096258], [112.58657321092693, 37.71307225790575], [112.58621388481328, 37.71307225790575], [112.58621388481328, 37.712892594848924], [112.58603422175645, 37.712892594848924], [112.58603422175645, 37.712712931792105], [112.58549523258598, 37.712712931792105], [112.58549523258598, 37.71235360567846], [112.58567489564281, 37.71235360567846], [112.58567489564281, 37.711994279564806], [112.58603422175645, 37.711994279564806], [112.58603422175645, 37.71217394262163], [112.5871122000974, 37.71217394262163], [112.5871122000974, 37.71235360567846], [112.58693253704057, 37.71235360567846], [112.58693253704057, 37.71253326873528], [112.58675287398374, 37.71253326873528], [112.58675287398374, 37.712712931792105], [112.58657321092693, 37.712712931792105], [112.58657321092693, 37.712892594848924], [112.58675287398374, 37.712892594848924], [112.58675287398374, 37.71325192096258], [112.58657321092693, 37.71325192096258]], [[112.5863935478701, 37.712892594848924], [112.58621388481328, 37.712892594848924], [112.58621388481328, 37.712712931792105], [112.5863935478701, 37.712712931792105], [112.5863935478701, 37.712892594848924]]]}, "properties": {"name": "cand52", "ptype": "hall", "confidence": "low", "rank": 52, "area_ha": 1.2, "rise_db": 7.5, "digitised_from": "Sentinel-1 VV rise 2022->2026, orbit 113"}}, {"type": "Feature", "geometry": {"geodesic": false, "type": "Polygon", "coordinates": [[[112.5285420435728, 37.739123401145214], [112.5285420435728, 37.73804542280428], [112.52890136968645, 37.73804542280428], [112.52890136968645, 37.738225085861096], [112.5292606958001, 37.738225085861096], [112.5292606958001, 37.73786575974745], [112.52944035885692, 37.73786575974745], [112.52944035885692, 37.737686096690624], [112.5292606958001, 37.737686096690624], [112.5292606958001, 37.737506433633804], [112.52979968497057, 37.737506433633804], [112.52979968497057, 37.73804542280428], [112.52944035885692, 37.73804542280428], [112.52944035885692, 37.738225085861096], [112.5292606958001, 37.738225085861096], [112.5292606958001, 37.73840474891792], [112.52944035885692, 37.73840474891792], [112.52944035885692, 37.73858441197474], [112.5292606958001, 37.73858441197474], [112.5292606958001, 37.738943738088395], [112.52908103274328, 37.738943738088395], [112.52908103274328, 37.739123401145214], [112.5285420435728, 37.739123401145214]]]}, "properties": {"name": "cand53", "ptype": "hall", "confidence": "low", "rank": 53, "area_ha": 1.2, "rise_db": 5.2, "digitised_from": "Sentinel-1 VV rise 2022->2026, orbit 113"}}, {"type": "Feature", "geometry": {"geodesic": false, "type": "Polygon", "coordinates": [[[112.59411905931353, 37.68378717964345], [112.59411905931353, 37.68360751658663], [112.59268175485893, 37.68360751658663], [112.59268175485893, 37.68306852741616], [112.59304108097258, 37.68306852741616], [112.59304108097258, 37.68324819047298], [112.59340040708624, 37.68324819047298], [112.59340040708624, 37.68270920130251], [112.59358007014306, 37.68270920130251], [112.59358007014306, 37.68252953824569], [112.59375973319987, 37.68252953824569], [112.59375973319987, 37.68324819047298], [112.59429872237035, 37.68324819047298], [112.59429872237035, 37.68342785352981], [112.59447838542718, 37.68342785352981], [112.59447838542718, 37.68378717964345], [112.59411905931353, 37.68378717964345]]]}, "properties": {"name": "cand54", "ptype": "hall", "confidence": "low", "rank": 54, "area_ha": 1.2, "rise_db": 4.9, "digitised_from": "Sentinel-1 VV rise 2022->2026, orbit 113"}}, {"type": "Feature", "geometry": {"geodesic": false, "type": "Polygon", "coordinates": [[[112.57022387275595, 37.70606539868962], [112.57022387275595, 37.7058857356328], [112.56950522052865, 37.7058857356328], [112.56950522052865, 37.705346746462325], [112.56968488358548, 37.705346746462325], [112.56968488358548, 37.7051670834055], [112.5705831988696, 37.7051670834055], [112.5705831988696, 37.705346746462325], [112.57076286192643, 37.705346746462325], [112.57076286192643, 37.70570607257597], [112.57094252498324, 37.70570607257597], [112.57094252498324, 37.7058857356328], [112.57076286192643, 37.7058857356328], [112.57076286192643, 37.70606539868962], [112.57022387275595, 37.70606539868962]]]}, "properties": {"name": "cand55", "ptype": "hall", "confidence": "low", "rank": 55, "area_ha": 1.2, "rise_db": 7.7, "digitised_from": "Sentinel-1 VV rise 2022->2026, orbit 113"}}, {"type": "Feature", "geometry": {"geodesic": false, "type": "Polygon", "coordinates": [[[112.5639356657671, 37.71612652987176], [112.5639356657671, 37.715587540701286], [112.56375600271029, 37.715587540701286], [112.56375600271029, 37.71540787764446], [112.5639356657671, 37.71540787764446], [112.5639356657671, 37.71504855153081], [112.56411532882393, 37.71504855153081], [112.56411532882393, 37.71486888847399], [112.56465431799441, 37.71486888847399], [112.56465431799441, 37.71504855153081], [112.56483398105124, 37.71504855153081], [112.56483398105124, 37.71522821458764], [112.56501364410805, 37.71522821458764], [112.56501364410805, 37.715587540701286], [112.56483398105124, 37.715587540701286], [112.56483398105124, 37.71576720375811], [112.56447465493758, 37.71576720375811], [112.56447465493758, 37.71594686681493], [112.56411532882393, 37.71594686681493], [112.56411532882393, 37.71612652987176], [112.5639356657671, 37.71612652987176]]]}, "properties": {"name": "cand56", "ptype": "hall", "confidence": "low", "rank": 56, "area_ha": 1.2, "rise_db": 7.3, "digitised_from": "Sentinel-1 VV rise 2022->2026, orbit 113"}}, {"type": "Feature", "geometry": {"geodesic": false, "type": "Polygon", "coordinates": [[[112.57884769948349, 37.67534301597273], [112.57884769948349, 37.67444470068861], [112.57866803642668, 37.67444470068861], [112.57866803642668, 37.674085374574965], [112.57848837336985, 37.674085374574965], [112.57848837336985, 37.67372604846132], [112.57830871031302, 37.67372604846132], [112.57830871031302, 37.67300739623402], [112.5781290472562, 37.67300739623402], [112.5781290472562, 37.67246840706355], [112.57848837336985, 37.67246840706355], [112.57848837336985, 37.673187059290846], [112.57866803642668, 37.673187059290846], [112.57866803642668, 37.67354638540449], [112.57884769948349, 37.67354638540449], [112.57884769948349, 37.674265037631784], [112.57902736254032, 37.674265037631784], [112.57902736254032, 37.674804026802256], [112.57920702559714, 37.674804026802256], [112.57920702559714, 37.67534301597273], [112.57884769948349, 37.67534301597273]]]}, "properties": {"name": "cand57", "ptype": "hall", "confidence": "low", "rank": 57, "area_ha": 1.2, "rise_db": 5.5, "digitised_from": "Sentinel-1 VV rise 2022->2026, orbit 113"}}, {"type": "Feature", "geometry": {"geodesic": false, "type": "Polygon", "coordinates": [[[112.58459691730187, 37.681990549075216], [112.58459691730187, 37.681451559904744], [112.58477658035868, 37.681451559904744], [112.58477658035868, 37.68127189684792], [112.58531556952916, 37.68127189684792], [112.58531556952916, 37.6810922337911], [112.58585455869962, 37.6810922337911], [112.58585455869962, 37.68127189684792], [112.58603422175645, 37.68127189684792], [112.58603422175645, 37.68181088601839], [112.58513590647233, 37.68181088601839], [112.58513590647233, 37.681990549075216], [112.58459691730187, 37.681990549075216]]]}, "properties": {"name": "cand58", "ptype": "hall", "confidence": "low", "rank": 58, "area_ha": 1.2, "rise_db": 7.5, "digitised_from": "Sentinel-1 VV rise 2022->2026, orbit 113"}}, {"type": "Feature", "geometry": {"geodesic": false, "type": "Polygon", "coordinates": [[[112.58315961284727, 37.717024845155876], [112.58315961284727, 37.71684518209905], [112.58280028673362, 37.71684518209905], [112.58280028673362, 37.716306192928585], [112.5833392759041, 37.716306192928585], [112.5833392759041, 37.716485855985404], [112.58369860201775, 37.716485855985404], [112.58369860201775, 37.716306192928585], [112.58387826507456, 37.716306192928585], [112.58387826507456, 37.71612652987176], [112.58423759118821, 37.71612652987176], [112.58423759118821, 37.71594686681493], [112.58459691730187, 37.71594686681493], [112.58459691730187, 37.716306192928585], [112.58441725424504, 37.716306192928585], [112.58441725424504, 37.71666551904223], [112.58369860201775, 37.71666551904223], [112.58369860201775, 37.71684518209905], [112.58351893896092, 37.71684518209905], [112.58351893896092, 37.717024845155876], [112.58315961284727, 37.717024845155876]]]}, "properties": {"name": "cand59", "ptype": "hall", "confidence": "low", "rank": 59, "area_ha": 1.2, "rise_db": 6.5, "digitised_from": "Sentinel-1 VV rise 2022->2026, orbit 113"}}, {"type": "Feature", "geometry": {"geodesic": false, "type": "Polygon", "coordinates": [[[112.58549523258598, 37.69941786558714], [112.58549523258598, 37.69923820253031], [112.58531556952916, 37.69923820253031], [112.58531556952916, 37.69869921335984], [112.58513590647233, 37.69869921335984], [112.58513590647233, 37.699058539473484], [112.58477658035868, 37.699058539473484], [112.58477658035868, 37.698878876416664], [112.58459691730187, 37.698878876416664], [112.58459691730187, 37.69851955030301], [112.58477658035868, 37.69851955030301], [112.58477658035868, 37.69833988724619], [112.5849562434155, 37.69833988724619], [112.5849562434155, 37.698160224189365], [112.58513590647233, 37.698160224189365], [112.58513590647233, 37.697980561132546], [112.58531556952916, 37.697980561132546], [112.58531556952916, 37.69780089807572], [112.58549523258598, 37.69780089807572], [112.58549523258598, 37.69851955030301], [112.58567489564281, 37.69851955030301], [112.58567489564281, 37.69941786558714], [112.58549523258598, 37.69941786558714]], [[112.58531556952916, 37.69851955030301], [112.58513590647233, 37.69851955030301], [112.58513590647233, 37.69833988724619], [112.58531556952916, 37.69833988724619], [112.58531556952916, 37.69851955030301]]]}, "properties": {"name": "cand60", "ptype": "hall", "confidence": "low", "rank": 60, "area_ha": 1.1, "rise_db": 6.3, "digitised_from": "Sentinel-1 VV rise 2022->2026, orbit 113"}}, {"type": "Feature", "geometry": {"geodesic": false, "type": "Polygon", "coordinates": [[[112.54596936008473, 37.714150236246695], [112.54596936008473, 37.71361124707622], [112.54614902314154, 37.71361124707622], [112.54614902314154, 37.71325192096258], [112.54632868619836, 37.71325192096258], [112.54632868619836, 37.71307225790575], [112.54650834925519, 37.71307225790575], [112.54650834925519, 37.712892594848924], [112.54740666453931, 37.712892594848924], [112.54740666453931, 37.71325192096258], [112.54704733842567, 37.71325192096258], [112.54704733842567, 37.713431584019396], [112.54686767536884, 37.713431584019396], [112.54686767536884, 37.71361124707622], [112.54650834925519, 37.71361124707622], [112.54650834925519, 37.71379091013305], [112.54632868619836, 37.71379091013305], [112.54632868619836, 37.714150236246695], [112.54596936008473, 37.714150236246695]]]}, "properties": {"name": "cand61", "ptype": "hall", "confidence": "low", "rank": 61, "area_ha": 1.1, "rise_db": 6.4, "digitised_from": "Sentinel-1 VV rise 2022->2026, orbit 113"}}, {"type": "Feature", "geometry": {"geodesic": false, "type": "Polygon", "coordinates": [[[112.61010907137086, 37.72025878017871], [112.61010907137086, 37.720079117121884], [112.60992940831403, 37.720079117121884], [112.60992940831403, 37.71954012795141], [112.61010907137086, 37.71954012795141], [112.61010907137086, 37.719360464894585], [112.61100738665498, 37.719360464894585], [112.61100738665498, 37.720079117121884], [112.61082772359815, 37.720079117121884], [112.61082772359815, 37.72025878017871], [112.61010907137086, 37.72025878017871]]]}, "properties": {"name": "cand62", "ptype": "hall", "confidence": "low", "rank": 62, "area_ha": 1.1, "rise_db": 10.4, "digitised_from": "Sentinel-1 VV rise 2022->2026, orbit 113"}}, {"type": "Feature", "geometry": {"geodesic": false, "type": "Polygon", "coordinates": [[[112.59950895101825, 37.725109682712954], [112.59950895101825, 37.724391030485656], [112.5991496249046, 37.724391030485656], [112.5991496249046, 37.72403170437201], [112.59968861407506, 37.72403170437201], [112.59968861407506, 37.724211367428836], [112.59986827713189, 37.724211367428836], [112.59986827713189, 37.724391030485656], [112.60058692935918, 37.724391030485656], [112.60058692935918, 37.72493001965613], [112.59986827713189, 37.72493001965613], [112.59986827713189, 37.725109682712954], [112.59950895101825, 37.725109682712954]]]}, "properties": {"name": "cand63", "ptype": "hall", "confidence": "low", "rank": 63, "area_ha": 1.1, "rise_db": 7.1, "digitised_from": "Sentinel-1 VV rise 2022->2026, orbit 113"}}, {"type": "Feature", "geometry": {"geodesic": false, "type": "Polygon", "coordinates": [[[112.60849210385943, 37.73409283555415], [112.60849210385943, 37.733913172497324], [112.60831244080262, 37.733913172497324], [112.60831244080262, 37.73355384638368], [112.60849210385943, 37.73355384638368], [112.60849210385943, 37.73337418332685], [112.60867176691626, 37.73337418332685], [112.60867176691626, 37.733194520270025], [112.60921075608674, 37.733194520270025], [112.60921075608674, 37.73337418332685], [112.60939041914357, 37.73337418332685], [112.60939041914357, 37.7337335094405], [112.60957008220038, 37.7337335094405], [112.60957008220038, 37.73409283555415], [112.60849210385943, 37.73409283555415]]]}, "properties": {"name": "cand64", "ptype": "hall", "confidence": "low", "rank": 64, "area_ha": 1.1, "rise_db": 8.2, "digitised_from": "Sentinel-1 VV rise 2022->2026, orbit 113"}}, {"type": "Feature", "geometry": {"geodesic": false, "type": "Polygon", "coordinates": [[[112.59250209180212, 37.69061437580276], [112.59250209180212, 37.69043471274594], [112.59232242874529, 37.69043471274594], [112.59232242874529, 37.690255049689114], [112.59178343957481, 37.690255049689114], [112.59178343957481, 37.69043471274594], [112.59106478734752, 37.69043471274594], [112.59106478734752, 37.690075386632294], [112.591603776518, 37.690075386632294], [112.591603776518, 37.68989572357547], [112.59214276568846, 37.68989572357547], [112.59214276568846, 37.68971606051864], [112.59250209180212, 37.68971606051864], [112.59250209180212, 37.68989572357547], [112.59268175485893, 37.68989572357547], [112.59268175485893, 37.690075386632294], [112.59286141791576, 37.690075386632294], [112.59286141791576, 37.69043471274594], [112.59268175485893, 37.69043471274594], [112.59268175485893, 37.69061437580276], [112.59250209180212, 37.69061437580276]]]}, "properties": {"name": "cand65", "ptype": "hall", "confidence": "low", "rank": 65, "area_ha": 1.0, "rise_db": 7.7, "digitised_from": "Sentinel-1 VV rise 2022->2026, orbit 113"}}, {"type": "Feature", "geometry": {"geodesic": false, "type": "Polygon", "coordinates": [[[112.60471917966613, 37.67372604846132], [112.60471917966613, 37.67354638540449], [112.60453951660931, 37.67354638540449], [112.60453951660931, 37.673366722347666], [112.60471917966613, 37.673366722347666], [112.60471917966613, 37.673187059290846], [112.60489884272296, 37.673187059290846], [112.60489884272296, 37.67300739623402], [112.60561749495025, 37.67300739623402], [112.60561749495025, 37.673187059290846], [112.6059768210639, 37.673187059290846], [112.6059768210639, 37.67354638540449], [112.60579715800708, 37.67354638540449], [112.60579715800708, 37.67372604846132], [112.60471917966613, 37.67372604846132]]]}, "properties": {"name": "cand66", "ptype": "hall", "confidence": "low", "rank": 66, "area_ha": 1.0, "rise_db": 7.9, "digitised_from": "Sentinel-1 VV rise 2022->2026, orbit 113"}}, {"type": "Feature", "geometry": {"geodesic": false, "type": "Polygon", "coordinates": [[[112.59950895101825, 37.731577552758615], [112.59950895101825, 37.73103856358814], [112.5991496249046, 37.73103856358814], [112.5991496249046, 37.73121822664496], [112.59879029879095, 37.73121822664496], [112.59879029879095, 37.73139788970179], [112.5984309726773, 37.73139788970179], [112.5984309726773, 37.73103856358814], [112.59879029879095, 37.73103856358814], [112.59879029879095, 37.73085890053132], [112.59896996184777, 37.73085890053132], [112.59896996184777, 37.73067923747449], [112.59968861407506, 37.73067923747449], [112.59968861407506, 37.73085890053132], [112.59986827713189, 37.73085890053132], [112.59986827713189, 37.73103856358814], [112.60004794018872, 37.73103856358814], [112.60004794018872, 37.731577552758615], [112.59950895101825, 37.731577552758615]]]}, "properties": {"name": "cand67", "ptype": "hall", "confidence": "low", "rank": 67, "area_ha": 1.0, "rise_db": 5.3, "digitised_from": "Sentinel-1 VV rise 2022->2026, orbit 113"}}]}