{"type": "FeatureCollection", "features": [{"type": "Feature", "geometry": {"geodesic": false, "type": "Polygon", "coordinates": [[[109.63956008984442, 40.60726444028202], [109.63956008984442, 40.60672545111155], [109.63973975290125, 40.60672545111155], [109.63973975290125, 40.606366124997905], [109.63956008984442, 40.606366124997905], [109.63956008984442, 40.60600679888426], [109.63973975290125, 40.60600679888426], [109.63973975290125, 40.60564747277061], [109.63956008984442, 40.60564747277061], [109.63956008984442, 40.60546780971379], [109.6386617745603, 40.60546780971379], [109.6386617745603, 40.60564747277061], [109.637943122333, 40.60564747277061], [109.637943122333, 40.60546780971379], [109.63452952425335, 40.60546780971379], [109.63452952425335, 40.60474915748649], [109.63399053508287, 40.60474915748649], [109.63399053508287, 40.60456949442967], [109.63345154591241, 40.60456949442967], [109.63345154591241, 40.60474915748649], [109.63291255674194, 40.60474915748649], [109.63291255674194, 40.60456949442967], [109.63273289368512, 40.60456949442967], [109.63273289368512, 40.60438983137284], [109.63291255674194, 40.60438983137284], [109.63291255674194, 40.604030505259196], [109.63309221979875, 40.604030505259196], [109.63309221979875, 40.604210168316015], [109.63327188285558, 40.604210168316015], [109.63327188285558, 40.60367117914555], [109.63345154591241, 40.60367117914555], [109.63345154591241, 40.603491516088724], [109.63381087202606, 40.603491516088724], [109.63381087202606, 40.6033118530319], [109.63363120896923, 40.6033118530319], [109.63363120896923, 40.602772863861425], [109.63381087202606, 40.602772863861425], [109.63381087202606, 40.60241353774778], [109.63363120896923, 40.60241353774778], [109.63363120896923, 40.60223387469095], [109.63399053508287, 40.60223387469095], [109.63399053508287, 40.602593200804606], [109.63434986119653, 40.602593200804606], [109.63434986119653, 40.602772863861425], [109.63452952425335, 40.602772863861425], [109.63452952425335, 40.60205421163413], [109.63686514399207, 40.60205421163413], [109.63686514399207, 40.60187454857731], [109.63704480704888, 40.60187454857731], [109.63704480704888, 40.601335559406834], [109.63740413316253, 40.601335559406834], [109.63740413316253, 40.601155896350015], [109.63758379621936, 40.601155896350015], [109.63758379621936, 40.601335559406834], [109.637943122333, 40.601335559406834], [109.637943122333, 40.601155896350015], [109.63830244844665, 40.601155896350015], [109.63830244844665, 40.60097623329319], [109.6386617745603, 40.60097623329319], [109.6386617745603, 40.60061690717954], [109.63884143761713, 40.60061690717954], [109.63884143761713, 40.600437244122716], [109.6393804267876, 40.600437244122716], [109.6393804267876, 40.60025758106589], [109.63973975290125, 40.60025758106589], [109.63973975290125, 40.599898254952244], [109.64027874207171, 40.599898254952244], [109.64027874207171, 40.60025758106589], [109.64045840512854, 40.60025758106589], [109.64045840512854, 40.60061690717954], [109.640997394299, 40.60061690717954], [109.640997394299, 40.601155896350015], [109.64117705735583, 40.601155896350015], [109.64117705735583, 40.60097623329319], [109.64171604652631, 40.60097623329319], [109.64171604652631, 40.600437244122716], [109.64153638346949, 40.600437244122716], [109.64153638346949, 40.60007791800907], [109.6424346987536, 40.60007791800907], [109.6424346987536, 40.599898254952244], [109.64207537263995, 40.599898254952244], [109.64207537263995, 40.599718591895424], [109.64189570958312, 40.599718591895424], [109.64189570958312, 40.599898254952244], [109.64153638346949, 40.599898254952244], [109.64153638346949, 40.599718591895424], [109.64189570958312, 40.599718591895424], [109.64189570958312, 40.59935926578177], [109.64225503569678, 40.59935926578177], [109.64225503569678, 40.59917960272495], [109.6424346987536, 40.59917960272495], [109.6424346987536, 40.59935926578177], [109.64369234015138, 40.59935926578177], [109.64369234015138, 40.59917960272495], [109.64297368792407, 40.59917960272495], [109.64297368792407, 40.598999939668126], [109.6424346987536, 40.598999939668126], [109.6424346987536, 40.59864061355448], [109.64261436181043, 40.59864061355448], [109.64261436181043, 40.59828128744083], [109.6424346987536, 40.59828128744083], [109.6424346987536, 40.59810162438401], [109.64261436181043, 40.59810162438401], [109.64261436181043, 40.59792196132718], [109.64225503569678, 40.59792196132718], [109.64225503569678, 40.59774229827036], [109.6431533509809, 40.59774229827036], [109.6431533509809, 40.597562635213535], [109.64333301403772, 40.597562635213535], [109.64333301403772, 40.59774229827036], [109.64369234015138, 40.59774229827036], [109.64369234015138, 40.59792196132718], [109.64387200320819, 40.59792196132718], [109.64387200320819, 40.59810162438401], [109.64369234015138, 40.59810162438401], [109.64369234015138, 40.59828128744083], [109.64405166626501, 40.59828128744083], [109.64405166626501, 40.59810162438401], [109.64477031849232, 40.59810162438401], [109.64477031849232, 40.59792196132718], [109.64441099237867, 40.59792196132718], [109.64441099237867, 40.597562635213535], [109.6445906554355, 40.597562635213535], [109.6445906554355, 40.59738297215671], [109.64602795989008, 40.59738297215671], [109.64602795989008, 40.59720330909989], [109.64638728600373, 40.59720330909989], [109.64638728600373, 40.59738297215671], [109.64746526434467, 40.59738297215671], [109.64746526434467, 40.59810162438401], [109.64782459045833, 40.59810162438401], [109.64782459045833, 40.59792196132718], [109.6476449274015, 40.59792196132718], [109.6476449274015, 40.59738297215671], [109.64782459045833, 40.59738297215671], [109.64782459045833, 40.59720330909989], [109.64800425351514, 40.59720330909989], [109.64800425351514, 40.597562635213535], [109.64818391657197, 40.597562635213535], [109.64818391657197, 40.59720330909989], [109.64836357962879, 40.59720330909989], [109.64836357962879, 40.59702364604306], [109.64890256879926, 40.59702364604306], [109.64890256879926, 40.59792196132718], [109.64872290574245, 40.59792196132718], [109.64872290574245, 40.59810162438401], [109.64926189491291, 40.59810162438401], [109.64926189491291, 40.59774229827036], [109.64944155796974, 40.59774229827036], [109.64944155796974, 40.597562635213535], [109.64926189491291, 40.597562635213535], [109.64926189491291, 40.596843982986236], [109.64854324268562, 40.596843982986236], [109.64854324268562, 40.59648465687259], [109.64872290574245, 40.59648465687259], [109.64872290574245, 40.596304993815764], [109.64944155796974, 40.596304993815764], [109.64944155796974, 40.59666431992942], [109.64926189491291, 40.59666431992942], [109.64926189491291, 40.596843982986236], [109.6499805471402, 40.596843982986236], [109.6499805471402, 40.59702364604306], [109.65016021019703, 40.59702364604306], [109.65016021019703, 40.596843982986236], [109.65033987325386, 40.596843982986236], [109.65033987325386, 40.59666431992942], [109.65069919936751, 40.59666431992942], [109.65069919936751, 40.59648465687259], [109.65213650382209, 40.59648465687259], [109.65213650382209, 40.59666431992942], [109.65249582993575, 40.59666431992942], [109.65249582993575, 40.59648465687259], [109.65267549299257, 40.59648465687259], [109.65267549299257, 40.596304993815764], [109.65375347133352, 40.596304993815764], [109.65375347133352, 40.596125330758944], [109.65321448216304, 40.596125330758944], [109.65321448216304, 40.59594566770212], [109.65339414521986, 40.59594566770212], [109.65339414521986, 40.5957660046453], [109.65501111273127, 40.5957660046453], [109.65501111273127, 40.596125330758944], [109.6551907757881, 40.596125330758944], [109.6551907757881, 40.59648465687259], [109.65501111273127, 40.59648465687259], [109.65501111273127, 40.59666431992942], [109.65447212356081, 40.59666431992942], [109.65447212356081, 40.596843982986236], [109.65483144967445, 40.596843982986236], [109.65483144967445, 40.59702364604306], [109.65501111273127, 40.59702364604306], [109.65501111273127, 40.59738297215671], [109.65537043884493, 40.59738297215671], [109.65537043884493, 40.59774229827036], [109.6551907757881, 40.59774229827036], [109.6551907757881, 40.597562635213535], [109.65501111273127, 40.597562635213535], [109.65501111273127, 40.59738297215671], [109.65483144967445, 40.59738297215671], [109.65483144967445, 40.5988202766113], [109.65465178661763, 40.5988202766113], [109.65465178661763, 40.598999939668126], [109.65483144967445, 40.598999939668126], [109.65483144967445, 40.59935926578177], [109.65465178661763, 40.59935926578177], [109.65465178661763, 40.599898254952244], [109.65483144967445, 40.599898254952244], [109.65483144967445, 40.600437244122716], [109.65501111273127, 40.600437244122716], [109.65501111273127, 40.60061690717954], [109.65483144967445, 40.60061690717954], [109.65483144967445, 40.60097623329319], [109.65501111273127, 40.60097623329319], [109.65501111273127, 40.601335559406834], [109.65483144967445, 40.601335559406834], [109.65483144967445, 40.60169488552049], [109.65501111273127, 40.60169488552049], [109.65501111273127, 40.60241353774778], [109.6551907757881, 40.60241353774778], [109.6551907757881, 40.6033118530319], [109.65537043884493, 40.6033118530319], [109.65537043884493, 40.603491516088724], [109.65501111273127, 40.603491516088724], [109.65501111273127, 40.604210168316015], [109.65555010190175, 40.604210168316015], [109.65555010190175, 40.60474915748649], [109.65537043884493, 40.60474915748649], [109.65537043884493, 40.604928820543314], [109.65501111273127, 40.604928820543314], [109.65501111273127, 40.60510848360014], [109.65447212356081, 40.60510848360014], [109.65447212356081, 40.604928820543314], [109.65429246050398, 40.604928820543314], [109.65429246050398, 40.60510848360014], [109.65339414521986, 40.60510848360014], [109.65339414521986, 40.604928820543314], [109.65267549299257, 40.604928820543314], [109.65267549299257, 40.60546780971379], [109.65285515604938, 40.60546780971379], [109.65285515604938, 40.60564747277061], [109.65339414521986, 40.60564747277061], [109.65339414521986, 40.60582713582743], [109.65267549299257, 40.60582713582743], [109.65267549299257, 40.60618646194108], [109.65231616687892, 40.60618646194108], [109.65231616687892, 40.60510848360014], [109.65213650382209, 40.60510848360014], [109.65213650382209, 40.60474915748649], [109.65177717770845, 40.60474915748649], [109.65177717770845, 40.604928820543314], [109.6514178515948, 40.604928820543314], [109.6514178515948, 40.60474915748649], [109.65159751465163, 40.60474915748649], [109.65159751465163, 40.60456949442967], [109.65123818853797, 40.60456949442967], [109.65123818853797, 40.604928820543314], [109.65105852548115, 40.604928820543314], [109.65105852548115, 40.60510848360014], [109.65051953631068, 40.60510848360014], [109.65051953631068, 40.604928820543314], [109.64926189491291, 40.604928820543314], [109.64926189491291, 40.60474915748649], [109.64908223185608, 40.60474915748649], [109.64908223185608, 40.604928820543314], [109.64836357962879, 40.604928820543314], [109.64836357962879, 40.60474915748649], [109.64890256879926, 40.60474915748649], [109.64890256879926, 40.60456949442967], [109.64926189491291, 40.60456949442967], [109.64926189491291, 40.60438983137284], [109.64512964460596, 40.60438983137284], [109.64512964460596, 40.60456949442967], [109.64494998154913, 40.60456949442967], [109.64494998154913, 40.60474915748649], [109.64530930766279, 40.60474915748649], [109.64530930766279, 40.60456949442967], [109.64602795989008, 40.60456949442967], [109.64602795989008, 40.60474915748649], [109.64674661211738, 40.60474915748649], [109.64674661211738, 40.604928820543314], [109.64441099237867, 40.604928820543314], [109.64441099237867, 40.60456949442967], [109.64477031849232, 40.60456949442967], [109.64477031849232, 40.60438983137284], [109.64333301403772, 40.60438983137284], [109.64333301403772, 40.604210168316015], [109.6431533509809, 40.604210168316015], [109.6431533509809, 40.60438983137284], [109.64225503569678, 40.60438983137284], [109.64225503569678, 40.604210168316015], [109.64207537263995, 40.604210168316015], [109.64207537263995, 40.60438983137284], [109.64135672041266, 40.60438983137284], [109.64135672041266, 40.604210168316015], [109.640997394299, 40.604210168316015], [109.640997394299, 40.60438983137284], [109.6408177312422, 40.60438983137284], [109.6408177312422, 40.604210168316015], [109.63991941595806, 40.604210168316015], [109.63991941595806, 40.60438983137284], [109.63920076373077, 40.60438983137284], [109.63920076373077, 40.604210168316015], [109.637943122333, 40.604210168316015], [109.637943122333, 40.60438983137284], [109.63812278538983, 40.60438983137284], [109.63812278538983, 40.60474915748649], [109.6372244701057, 40.60474915748649], [109.6372244701057, 40.60456949442967], [109.63740413316253, 40.60456949442967], [109.63740413316253, 40.60438983137284], [109.63704480704888, 40.60438983137284], [109.63704480704888, 40.604210168316015], [109.63668548093524, 40.604210168316015], [109.63668548093524, 40.60438983137284], [109.63686514399207, 40.60438983137284], [109.63686514399207, 40.60456949442967], [109.63668548093524, 40.60456949442967], [109.63668548093524, 40.60474915748649], [109.63632615482159, 40.60474915748649], [109.63632615482159, 40.60456949442967], [109.63614649176476, 40.60456949442967], [109.63614649176476, 40.60438983137284], [109.63632615482159, 40.60438983137284], [109.63632615482159, 40.604210168316015], [109.63596682870794, 40.604210168316015], [109.63596682870794, 40.60438983137284], [109.63578716565112, 40.60438983137284], [109.63578716565112, 40.60456949442967], [109.63506851342382, 40.60456949442967], [109.63506851342382, 40.60474915748649], [109.634888850367, 40.60474915748649], [109.634888850367, 40.60510848360014], [109.6356075025943, 40.60510848360014], [109.6356075025943, 40.604928820543314], [109.63596682870794, 40.604928820543314], [109.63596682870794, 40.60510848360014], [109.640997394299, 40.60510848360014], [109.640997394299, 40.60528814665696], [109.64117705735583, 40.60528814665696], [109.64117705735583, 40.60546780971379], [109.64135672041266, 40.60546780971379], [109.64135672041266, 40.60528814665696], [109.64171604652631, 40.60528814665696], [109.64171604652631, 40.60582713582743], [109.640997394299, 40.60582713582743], [109.640997394299, 40.60618646194108], [109.6408177312422, 40.60618646194108], [109.6408177312422, 40.60672545111155], [109.640997394299, 40.60672545111155], [109.640997394299, 40.607084777225204], [109.64009907901489, 40.607084777225204], [109.64009907901489, 40.60726444028202], [109.63956008984442, 40.60726444028202]], [[109.64027874207171, 40.600437244122716], [109.64009907901489, 40.600437244122716], [109.64009907901489, 40.60025758106589], [109.64027874207171, 40.60025758106589], [109.64027874207171, 40.600437244122716]], [[109.64638728600373, 40.597562635213535], [109.6462076229469, 40.597562635213535], [109.6462076229469, 40.59738297215671], [109.64638728600373, 40.59738297215671], [109.64638728600373, 40.597562635213535]], [[109.65429246050398, 40.596843982986236], [109.65411279744716, 40.596843982986236], [109.65411279744716, 40.59666431992942], [109.65429246050398, 40.59666431992942], [109.65429246050398, 40.596843982986236]], [[109.65087886242432, 40.59738297215671], [109.65051953631068, 40.59738297215671], [109.65051953631068, 40.59702364604306], [109.65087886242432, 40.59702364604306], [109.65087886242432, 40.59738297215671]], [[109.65159751465163, 40.597562635213535], [109.65123818853797, 40.597562635213535], [109.65123818853797, 40.59738297215671], [109.6514178515948, 40.59738297215671], [109.6514178515948, 40.59720330909989], [109.65159751465163, 40.59720330909989], [109.65159751465163, 40.597562635213535]], [[109.64854324268562, 40.59810162438401], [109.64800425351514, 40.59810162438401], [109.64800425351514, 40.59792196132718], [109.64854324268562, 40.59792196132718], [109.64854324268562, 40.59810162438401]], [[109.64333301403772, 40.59828128744083], [109.64297368792407, 40.59828128744083], [109.64297368792407, 40.59810162438401], [109.64279402486726, 40.59810162438401], [109.64279402486726, 40.59792196132718], [109.6431533509809, 40.59792196132718], [109.6431533509809, 40.59810162438401], [109.64333301403772, 40.59810162438401], [109.64333301403772, 40.59828128744083]], [[109.6469262751742, 40.59828128744083], [109.64638728600373, 40.59828128744083], [109.64638728600373, 40.59810162438401], [109.6469262751742, 40.59810162438401], [109.6469262751742, 40.59828128744083]], [[109.64333301403772, 40.59864061355448], [109.64297368792407, 40.59864061355448], [109.64297368792407, 40.59846095049765], [109.64333301403772, 40.59846095049765], [109.64333301403772, 40.59864061355448]], [[109.64548897071961, 40.5988202766113], [109.64530930766279, 40.5988202766113], [109.64530930766279, 40.59864061355448], [109.64494998154913, 40.59864061355448], [109.64494998154913, 40.59846095049765], [109.64512964460596, 40.59846095049765], [109.64512964460596, 40.59828128744083], [109.64477031849232, 40.59828128744083], [109.64477031849232, 40.59810162438401], [109.64512964460596, 40.59810162438401], [109.64512964460596, 40.59774229827036], [109.64548897071961, 40.59774229827036], [109.64548897071961, 40.59810162438401], [109.64584829683326, 40.59810162438401], [109.64584829683326, 40.59828128744083], [109.64548897071961, 40.59828128744083], [109.64548897071961, 40.59846095049765], [109.64566863377644, 40.59846095049765], [109.64566863377644, 40.59864061355448], [109.64548897071961, 40.59864061355448], [109.64548897071961, 40.5988202766113]], [[109.64387200320819, 40.598999939668126], [109.64369234015138, 40.598999939668126], [109.64369234015138, 40.59864061355448], [109.64387200320819, 40.59864061355448], [109.64387200320819, 40.598999939668126]], [[109.64494998154913, 40.598999939668126], [109.6445906554355, 40.598999939668126], [109.6445906554355, 40.59864061355448], [109.64477031849232, 40.59864061355448], [109.64477031849232, 40.5988202766113], [109.64494998154913, 40.5988202766113], [109.64494998154913, 40.598999939668126]], [[109.64584829683326, 40.598999939668126], [109.64548897071961, 40.598999939668126], [109.64548897071961, 40.5988202766113], [109.64584829683326, 40.5988202766113], [109.64584829683326, 40.598999939668126]], [[109.65285515604938, 40.598999939668126], [109.65267549299257, 40.598999939668126], [109.65267549299257, 40.5988202766113], [109.65285515604938, 40.5988202766113], [109.65285515604938, 40.598999939668126]], [[109.65375347133352, 40.59917960272495], [109.65321448216304, 40.59917960272495], [109.65321448216304, 40.598999939668126], [109.65375347133352, 40.598999939668126], [109.65375347133352, 40.59917960272495]], [[109.65429246050398, 40.59917960272495], [109.65393313439033, 40.59917960272495], [109.65393313439033, 40.598999939668126], [109.65429246050398, 40.598999939668126], [109.65429246050398, 40.59917960272495]], [[109.64782459045833, 40.599718591895424], [109.6476449274015, 40.599718591895424], [109.6476449274015, 40.5995389288386], [109.64782459045833, 40.5995389288386], [109.64782459045833, 40.599718591895424]], [[109.65087886242432, 40.599898254952244], [109.65069919936751, 40.599898254952244], [109.65069919936751, 40.599718591895424], [109.65087886242432, 40.599718591895424], [109.65087886242432, 40.599898254952244]], [[109.64333301403772, 40.600437244122716], [109.64297368792407, 40.600437244122716], [109.64297368792407, 40.60025758106589], [109.64333301403772, 40.60025758106589], [109.64333301403772, 40.600437244122716]], [[109.64297368792407, 40.60061690717954], [109.64279402486726, 40.60061690717954], [109.64279402486726, 40.600437244122716], [109.64297368792407, 40.600437244122716], [109.64297368792407, 40.60061690717954]], [[109.64477031849232, 40.60061690717954], [109.6445906554355, 40.60061690717954], [109.6445906554355, 40.60025758106589], [109.64530930766279, 40.60025758106589], [109.64530930766279, 40.600437244122716], [109.64477031849232, 40.600437244122716], [109.64477031849232, 40.60061690717954]], [[109.65357380827669, 40.60061690717954], [109.65339414521986, 40.60061690717954], [109.65339414521986, 40.600437244122716], [109.65357380827669, 40.600437244122716], [109.65357380827669, 40.60061690717954]], [[109.64477031849232, 40.60097623329319], [109.6445906554355, 40.60097623329319], [109.6445906554355, 40.60079657023636], [109.64477031849232, 40.60079657023636], [109.64477031849232, 40.60097623329319]], [[109.63991941595806, 40.601155896350015], [109.63902110067394, 40.601155896350015], [109.63902110067394, 40.60097623329319], [109.63991941595806, 40.60097623329319], [109.63991941595806, 40.601155896350015]], [[109.64872290574245, 40.601155896350015], [109.64854324268562, 40.601155896350015], [109.64854324268562, 40.60079657023636], [109.64872290574245, 40.60079657023636], [109.64872290574245, 40.60061690717954], [109.64890256879926, 40.60061690717954], [109.64890256879926, 40.60097623329319], [109.64872290574245, 40.60097623329319], [109.64872290574245, 40.601155896350015]], [[109.64207537263995, 40.60151522246366], [109.64153638346949, 40.60151522246366], [109.64153638346949, 40.601335559406834], [109.64207537263995, 40.601335559406834], [109.64207537263995, 40.60151522246366]], [[109.64279402486726, 40.60151522246366], [109.64261436181043, 40.60151522246366], [109.64261436181043, 40.601155896350015], [109.64279402486726, 40.601155896350015], [109.64279402486726, 40.60151522246366]], [[109.64872290574245, 40.60151522246366], [109.64836357962879, 40.60151522246366], [109.64836357962879, 40.601335559406834], [109.64872290574245, 40.601335559406834], [109.64872290574245, 40.60151522246366]], [[109.640997394299, 40.60169488552049], [109.6408177312422, 40.60169488552049], [109.6408177312422, 40.601155896350015], [109.640997394299, 40.601155896350015], [109.640997394299, 40.601335559406834], [109.64117705735583, 40.601335559406834], [109.64117705735583, 40.60151522246366], [109.640997394299, 40.60151522246366], [109.640997394299, 40.60169488552049]], [[109.6476449274015, 40.60169488552049], [109.6469262751742, 40.60169488552049], [109.6469262751742, 40.60151522246366], [109.6476449274015, 40.60151522246366], [109.6476449274015, 40.60169488552049]], [[109.64836357962879, 40.60169488552049], [109.64782459045833, 40.60169488552049], [109.64782459045833, 40.60151522246366], [109.64836357962879, 40.60151522246366], [109.64836357962879, 40.60169488552049]], [[109.63973975290125, 40.60187454857731], [109.6393804267876, 40.60187454857731], [109.6393804267876, 40.601335559406834], [109.63973975290125, 40.601335559406834], [109.63973975290125, 40.60187454857731]], [[109.6431533509809, 40.60187454857731], [109.64297368792407, 40.60187454857731], [109.64297368792407, 40.60169488552049], [109.6431533509809, 40.60169488552049], [109.6431533509809, 40.60187454857731]], [[109.64872290574245, 40.60223387469095], [109.6476449274015, 40.60223387469095], [109.6476449274015, 40.60205421163413], [109.64782459045833, 40.60205421163413], [109.64782459045833, 40.60187454857731], [109.64800425351514, 40.60187454857731], [109.64800425351514, 40.60205421163413], [109.64818391657197, 40.60205421163413], [109.64818391657197, 40.60187454857731], [109.64836357962879, 40.60187454857731], [109.64836357962879, 40.60205421163413], [109.64872290574245, 40.60205421163413], [109.64872290574245, 40.60223387469095]], [[109.64189570958312, 40.60241353774778], [109.64171604652631, 40.60241353774778], [109.64171604652631, 40.60223387469095], [109.640997394299, 40.60223387469095], [109.640997394299, 40.60241353774778], [109.64045840512854, 40.60241353774778], [109.64045840512854, 40.60223387469095], [109.6408177312422, 40.60223387469095], [109.6408177312422, 40.60205421163413], [109.64207537263995, 40.60205421163413], [109.64207537263995, 40.60223387469095], [109.64189570958312, 40.60223387469095], [109.64189570958312, 40.60241353774778]], [[109.6424346987536, 40.60241353774778], [109.64207537263995, 40.60241353774778], [109.64207537263995, 40.60223387469095], [109.6424346987536, 40.60223387469095], [109.6424346987536, 40.60241353774778]], [[109.64333301403772, 40.60241353774778], [109.64279402486726, 40.60241353774778], [109.64279402486726, 40.60205421163413], [109.64333301403772, 40.60205421163413], [109.64333301403772, 40.60241353774778]], [[109.63884143761713, 40.602593200804606], [109.6386617745603, 40.602593200804606], [109.6386617745603, 40.60241353774778], [109.63848211150348, 40.60241353774778], [109.63848211150348, 40.60223387469095], [109.63776345927619, 40.60223387469095], [109.63776345927619, 40.60205421163413], [109.64045840512854, 40.60205421163413], [109.64045840512854, 40.60223387469095], [109.63956008984442, 40.60223387469095], [109.63956008984442, 40.60241353774778], [109.6393804267876, 40.60241353774778], [109.6393804267876, 40.60223387469095], [109.63902110067394, 40.60223387469095], [109.63902110067394, 40.60241353774778], [109.63884143761713, 40.60241353774778], [109.63884143761713, 40.602593200804606]], [[109.637943122333, 40.602772863861425], [109.63776345927619, 40.602772863861425], [109.63776345927619, 40.602593200804606], [109.637943122333, 40.602593200804606], [109.637943122333, 40.602772863861425]], [[109.63740413316253, 40.60295252691825], [109.6372244701057, 40.60295252691825], [109.6372244701057, 40.602772863861425], [109.63740413316253, 40.602772863861425], [109.63740413316253, 40.60295252691825]], [[109.6408177312422, 40.603491516088724], [109.64063806818537, 40.603491516088724], [109.64063806818537, 40.6033118530319], [109.6408177312422, 40.6033118530319], [109.6408177312422, 40.603491516088724]], [[109.64171604652631, 40.603491516088724], [109.64153638346949, 40.603491516088724], [109.64153638346949, 40.6033118530319], [109.64171604652631, 40.6033118530319], [109.64171604652631, 40.603491516088724]], [[109.64548897071961, 40.603491516088724], [109.64530930766279, 40.603491516088724], [109.64530930766279, 40.6033118530319], [109.64548897071961, 40.6033118530319], [109.64548897071961, 40.603491516088724]], [[109.64800425351514, 40.603491516088724], [109.6476449274015, 40.603491516088724], [109.6476449274015, 40.6033118530319], [109.64800425351514, 40.6033118530319], [109.64800425351514, 40.603491516088724]], [[109.6356075025943, 40.60367117914555], [109.63542783953747, 40.60367117914555], [109.63542783953747, 40.602772863861425], [109.63578716565112, 40.602772863861425], [109.63578716565112, 40.603491516088724], [109.6356075025943, 40.603491516088724], [109.6356075025943, 40.60367117914555]], [[109.64369234015138, 40.60385084220237], [109.64333301403772, 40.60385084220237], [109.64333301403772, 40.60367117914555], [109.64351267709455, 40.60367117914555], [109.64351267709455, 40.603491516088724], [109.64369234015138, 40.603491516088724], [109.64369234015138, 40.6033118530319], [109.64387200320819, 40.6033118530319], [109.64387200320819, 40.60367117914555], [109.64369234015138, 40.60367117914555], [109.64369234015138, 40.60385084220237]], [[109.64530930766279, 40.60385084220237], [109.6445906554355, 40.60385084220237], [109.6445906554355, 40.60367117914555], [109.64423132932184, 40.60367117914555], [109.64423132932184, 40.603491516088724], [109.64441099237867, 40.603491516088724], [109.64441099237867, 40.60295252691825], [109.6445906554355, 40.60295252691825], [109.6445906554355, 40.602772863861425], [109.64441099237867, 40.602772863861425], [109.64441099237867, 40.602593200804606], [109.64423132932184, 40.602593200804606], [109.64423132932184, 40.60241353774778], [109.64387200320819, 40.60241353774778], [109.64387200320819, 40.602772863861425], [109.64369234015138, 40.602772863861425], [109.64369234015138, 40.60241353774778], [109.64351267709455, 40.60241353774778], [109.64351267709455, 40.60205421163413], [109.64369234015138, 40.60205421163413], [109.64369234015138, 40.60169488552049], [109.64387200320819, 40.60169488552049], [109.64387200320819, 40.60205421163413], [109.64441099237867, 40.60205421163413], [109.64441099237867, 40.60187454857731], [109.6445906554355, 40.60187454857731], [109.6445906554355, 40.60169488552049], [109.64477031849232, 40.60169488552049], [109.64477031849232, 40.60205421163413], [109.64512964460596, 40.60205421163413], [109.64512964460596, 40.60151522246366], [109.64530930766279, 40.60151522246366], [109.64530930766279, 40.601335559406834], [109.64638728600373, 40.601335559406834], [109.64638728600373, 40.60169488552049], [109.6462076229469, 40.60169488552049], [109.6462076229469, 40.60187454857731], [109.64638728600373, 40.60187454857731], [109.64638728600373, 40.60223387469095], [109.64674661211738, 40.60223387469095], [109.64674661211738, 40.60205421163413], [109.64710593823102, 40.60205421163413], [109.64710593823102, 40.60223387469095], [109.6469262751742, 40.60223387469095], [109.6469262751742, 40.60241353774778], [109.64656694906056, 40.60241353774778], [109.64656694906056, 40.602593200804606], [109.64782459045833, 40.602593200804606], [109.64782459045833, 40.60313218997508], [109.6469262751742, 40.60313218997508], [109.6469262751742, 40.60295252691825], [109.64584829683326, 40.60295252691825], [109.64584829683326, 40.602772863861425], [109.6462076229469, 40.602772863861425], [109.6462076229469, 40.602593200804606], [109.64602795989008, 40.602593200804606], [109.64602795989008, 40.60241353774778], [109.64566863377644, 40.60241353774778], [109.64566863377644, 40.60295252691825], [109.64530930766279, 40.60295252691825], [109.64530930766279, 40.602772863861425], [109.64512964460596, 40.602772863861425], [109.64512964460596, 40.60295252691825], [109.64494998154913, 40.60295252691825], [109.64494998154913, 40.603491516088724], [109.64530930766279, 40.603491516088724], [109.64530930766279, 40.60385084220237]], [[109.64584829683326, 40.60385084220237], [109.64566863377644, 40.60385084220237], [109.64566863377644, 40.6033118530319], [109.64602795989008, 40.6033118530319], [109.64602795989008, 40.603491516088724], [109.64584829683326, 40.603491516088724], [109.64584829683326, 40.60385084220237]], [[109.64728560128785, 40.60385084220237], [109.64710593823102, 40.60385084220237], [109.64710593823102, 40.60367117914555], [109.64728560128785, 40.60367117914555], [109.64728560128785, 40.60385084220237]], [[109.64782459045833, 40.60385084220237], [109.6476449274015, 40.60385084220237], [109.6476449274015, 40.60367117914555], [109.64782459045833, 40.60367117914555], [109.64782459045833, 40.60385084220237]], [[109.64890256879926, 40.60385084220237], [109.64872290574245, 40.60385084220237], [109.64872290574245, 40.60295252691825], [109.64890256879926, 40.60295252691825], [109.64890256879926, 40.60385084220237]], [[109.64117705735583, 40.604030505259196], [109.64027874207171, 40.604030505259196], [109.64027874207171, 40.60385084220237], [109.640997394299, 40.60385084220237], [109.640997394299, 40.60367117914555], [109.64135672041266, 40.60367117914555], [109.64135672041266, 40.60385084220237], [109.64117705735583, 40.60385084220237], [109.64117705735583, 40.604030505259196]], [[109.6514178515948, 40.604030505259196], [109.65087886242432, 40.604030505259196], [109.65087886242432, 40.60385084220237], [109.6514178515948, 40.60385084220237], [109.6514178515948, 40.604030505259196]], [[109.65159751465163, 40.604210168316015], [109.6514178515948, 40.604210168316015], [109.6514178515948, 40.604030505259196], [109.65159751465163, 40.604030505259196], [109.65159751465163, 40.604210168316015]], [[109.63578716565112, 40.60438983137284], [109.6356075025943, 40.60438983137284], [109.6356075025943, 40.604210168316015], [109.63578716565112, 40.604210168316015], [109.63578716565112, 40.60438983137284]], [[109.65501111273127, 40.60456949442967], [109.65465178661763, 40.60456949442967], [109.65465178661763, 40.60438983137284], [109.65501111273127, 40.60438983137284], [109.65501111273127, 40.60456949442967]], [[109.65016021019703, 40.60474915748649], [109.6499805471402, 40.60474915748649], [109.6499805471402, 40.60438983137284], [109.65016021019703, 40.60438983137284], [109.65016021019703, 40.60474915748649]], [[109.65051953631068, 40.60474915748649], [109.65033987325386, 40.60474915748649], [109.65033987325386, 40.60438983137284], [109.65051953631068, 40.60438983137284], [109.65051953631068, 40.60474915748649]], [[109.65393313439033, 40.60474915748649], [109.65339414521986, 40.60474915748649], [109.65339414521986, 40.60456949442967], [109.65393313439033, 40.60456949442967], [109.65393313439033, 40.60474915748649]]]}, "properties": {"name": "cand01", "ptype": "hall", "confidence": "low", "rank": 1, "area_ha": 149.9, "rise_db": 16.1, "digitised_from": "Sentinel-1 VV rise 2022->2026, orbit 11"}}, {"type": "Feature", "geometry": {"geodesic": false, "type": "Polygon", "coordinates": [[[109.65680774329951, 40.63151895295325], [109.65680774329951, 40.63133928989643], [109.65698740635634, 40.63133928989643], [109.65698740635634, 40.63080030072596], [109.65716706941316, 40.63080030072596], [109.65716706941316, 40.63062063766913], [109.65734673246999, 40.63062063766913], [109.65734673246999, 40.63080030072596], [109.65770605858364, 40.63080030072596], [109.65770605858364, 40.630440974612306], [109.65806538469728, 40.630440974612306], [109.65806538469728, 40.63062063766913], [109.65824504775411, 40.63062063766913], [109.65824504775411, 40.630440974612306], [109.65842471081093, 40.630440974612306], [109.65842471081093, 40.63062063766913], [109.65860437386776, 40.63062063766913], [109.65860437386776, 40.63008164849866], [109.6589636999814, 40.63008164849866], [109.6589636999814, 40.62990198544184], [109.65878403692457, 40.62990198544184], [109.65878403692457, 40.629722322385014], [109.65824504775411, 40.629722322385014], [109.65824504775411, 40.62990198544184], [109.65842471081093, 40.62990198544184], [109.65842471081093, 40.63008164849866], [109.65824504775411, 40.63008164849866], [109.65824504775411, 40.630261311555486], [109.65788572164045, 40.630261311555486], [109.65788572164045, 40.63008164849866], [109.65752639552682, 40.63008164849866], [109.65752639552682, 40.62990198544184], [109.65770605858364, 40.62990198544184], [109.65770605858364, 40.629722322385014], [109.65806538469728, 40.629722322385014], [109.65806538469728, 40.62936299627137], [109.65788572164045, 40.62936299627137], [109.65788572164045, 40.62918333321454], [109.65752639552682, 40.62918333321454], [109.65752639552682, 40.629003670157715], [109.65716706941316, 40.629003670157715], [109.65716706941316, 40.628824007100896], [109.65698740635634, 40.628824007100896], [109.65698740635634, 40.62864434404407], [109.6566280802427, 40.62864434404407], [109.6566280802427, 40.628824007100896], [109.65626875412904, 40.628824007100896], [109.65626875412904, 40.62864434404407], [109.65555010190175, 40.62864434404407], [109.65555010190175, 40.628824007100896], [109.65537043884493, 40.628824007100896], [109.65537043884493, 40.629003670157715], [109.65555010190175, 40.629003670157715], [109.65555010190175, 40.62918333321454], [109.65572976495858, 40.62918333321454], [109.65572976495858, 40.62936299627137], [109.65555010190175, 40.62936299627137], [109.65555010190175, 40.62954265932819], [109.6551907757881, 40.62954265932819], [109.6551907757881, 40.628824007100896], [109.65465178661763, 40.628824007100896], [109.65465178661763, 40.629003670157715], [109.65501111273127, 40.629003670157715], [109.65501111273127, 40.62954265932819], [109.65447212356081, 40.62954265932819], [109.65447212356081, 40.629722322385014], [109.65429246050398, 40.629722322385014], [109.65429246050398, 40.63008164849866], [109.65411279744716, 40.63008164849866], [109.65411279744716, 40.63080030072596], [109.65393313439033, 40.63080030072596], [109.65393313439033, 40.63097996378278], [109.65375347133352, 40.63097996378278], [109.65375347133352, 40.63080030072596], [109.65357380827669, 40.63080030072596], [109.65357380827669, 40.63008164849866], [109.65339414521986, 40.63008164849866], [109.65339414521986, 40.629722322385014], [109.65321448216304, 40.629722322385014], [109.65321448216304, 40.62954265932819], [109.65249582993575, 40.62954265932819], [109.65249582993575, 40.629722322385014], [109.65231616687892, 40.629722322385014], [109.65231616687892, 40.62990198544184], [109.65249582993575, 40.62990198544184], [109.65249582993575, 40.63008164849866], [109.65231616687892, 40.63008164849866], [109.65231616687892, 40.630261311555486], [109.65195684076527, 40.630261311555486], [109.65195684076527, 40.629722322385014], [109.65159751465163, 40.629722322385014], [109.65159751465163, 40.62954265932819], [109.65123818853797, 40.62954265932819], [109.65123818853797, 40.62936299627137], [109.65105852548115, 40.62936299627137], [109.65105852548115, 40.62918333321454], [109.65087886242432, 40.62918333321454], [109.65087886242432, 40.629003670157715], [109.6514178515948, 40.629003670157715], [109.6514178515948, 40.628824007100896], [109.65123818853797, 40.628824007100896], [109.65123818853797, 40.6281053548736], [109.65105852548115, 40.6281053548736], [109.65105852548115, 40.62774602875995], [109.65087886242432, 40.62774602875995], [109.65087886242432, 40.62630872430536], [109.65069919936751, 40.62630872430536], [109.65069919936751, 40.625949398191715], [109.65087886242432, 40.625949398191715], [109.65087886242432, 40.62559007207806], [109.65105852548115, 40.62559007207806], [109.65105852548115, 40.62541040902124], [109.65087886242432, 40.62541040902124], [109.65087886242432, 40.62487141985077], [109.65069919936751, 40.62487141985077], [109.65069919936751, 40.6243324306803], [109.65087886242432, 40.6243324306803], [109.65087886242432, 40.623613778453], [109.65195684076527, 40.623613778453], [109.65195684076527, 40.623793441509825], [109.65213650382209, 40.623793441509825], [109.65213650382209, 40.62397310456665], [109.65231616687892, 40.62397310456665], [109.65231616687892, 40.623613778453], [109.65393313439033, 40.623613778453], [109.65393313439033, 40.62343411539618], [109.65429246050398, 40.62343411539618], [109.65429246050398, 40.623613778453], [109.65465178661763, 40.623613778453], [109.65465178661763, 40.62343411539618], [109.65555010190175, 40.62343411539618], [109.65555010190175, 40.623613778453], [109.65572976495858, 40.623613778453], [109.65572976495858, 40.62343411539618], [109.65608909107222, 40.62343411539618], [109.65608909107222, 40.62325445233935], [109.6566280802427, 40.62325445233935], [109.6566280802427, 40.623074789282526], [109.65680774329951, 40.623074789282526], [109.65680774329951, 40.62289512622571], [109.65698740635634, 40.62289512622571], [109.65698740635634, 40.62325445233935], [109.6566280802427, 40.62325445233935], [109.6566280802427, 40.62343411539618], [109.65698740635634, 40.62343411539618], [109.65698740635634, 40.623613778453], [109.65716706941316, 40.623613778453], [109.65716706941316, 40.62343411539618], [109.65734673246999, 40.62343411539618], [109.65734673246999, 40.62325445233935], [109.65752639552682, 40.62325445233935], [109.65752639552682, 40.62289512622571], [109.65770605858364, 40.62289512622571], [109.65770605858364, 40.62271546316888], [109.65788572164045, 40.62271546316888], [109.65788572164045, 40.62289512622571], [109.65824504775411, 40.62289512622571], [109.65824504775411, 40.62325445233935], [109.65842471081093, 40.62325445233935], [109.65842471081093, 40.623074789282526], [109.65878403692457, 40.623074789282526], [109.65878403692457, 40.62325445233935], [109.65914336303823, 40.62325445233935], [109.65914336303823, 40.623074789282526], [109.65950268915188, 40.623074789282526], [109.65950268915188, 40.62325445233935], [109.6596823522087, 40.62325445233935], [109.6596823522087, 40.623074789282526], [109.66076033054964, 40.623074789282526], [109.66076033054964, 40.62325445233935], [109.66093999360646, 40.62325445233935], [109.66093999360646, 40.62343411539618], [109.66076033054964, 40.62343411539618], [109.66076033054964, 40.623613778453], [109.66022134137917, 40.623613778453], [109.66022134137917, 40.623793441509825], [109.66058066749282, 40.623793441509825], [109.66058066749282, 40.62397310456665], [109.66147898277694, 40.62397310456665], [109.66147898277694, 40.62415276762347], [109.66165864583377, 40.62415276762347], [109.66165864583377, 40.62397310456665], [109.66183830889058, 40.62397310456665], [109.66183830889058, 40.62415276762347], [109.6620179719474, 40.62415276762347], [109.6620179719474, 40.62505108290759], [109.66237729806106, 40.62505108290759], [109.66237729806106, 40.62541040902124], [109.66219763500423, 40.62541040902124], [109.66219763500423, 40.626129061248534], [109.66237729806106, 40.626129061248534], [109.66237729806106, 40.62720703958948], [109.66255696111789, 40.62720703958948], [109.66255696111789, 40.626668050419006], [109.6627366241747, 40.626668050419006], [109.6627366241747, 40.62630872430536], [109.66291628723152, 40.62630872430536], [109.66291628723152, 40.626668050419006], [109.66327561334518, 40.626668050419006], [109.66327561334518, 40.62684771347583], [109.66435359168612, 40.62684771347583], [109.66435359168612, 40.62702737653265], [109.66489258085659, 40.62702737653265], [109.66489258085659, 40.627386702646305], [109.66453325474295, 40.627386702646305], [109.66453325474295, 40.62720703958948], [109.66435359168612, 40.62720703958948], [109.66435359168612, 40.627386702646305], [109.6641739286293, 40.627386702646305], [109.6641739286293, 40.62720703958948], [109.663455276402, 40.62720703958948], [109.663455276402, 40.62702737653265], [109.66309595028835, 40.62702737653265], [109.66309595028835, 40.62828501793042], [109.6627366241747, 40.62828501793042], [109.6627366241747, 40.6281053548736], [109.66237729806106, 40.6281053548736], [109.66237729806106, 40.628824007100896], [109.66255696111789, 40.628824007100896], [109.66255696111789, 40.62864434404407], [109.6627366241747, 40.62864434404407], [109.6627366241747, 40.62846468098724], [109.663455276402, 40.62846468098724], [109.663455276402, 40.629003670157715], [109.66327561334518, 40.629003670157715], [109.66327561334518, 40.62936299627137], [109.66363493945883, 40.62936299627137], [109.66363493945883, 40.629722322385014], [109.663455276402, 40.629722322385014], [109.663455276402, 40.63008164849866], [109.66309595028835, 40.63008164849866], [109.66309595028835, 40.630261311555486], [109.66291628723152, 40.630261311555486], [109.66291628723152, 40.630440974612306], [109.6627366241747, 40.630440974612306], [109.6627366241747, 40.630261311555486], [109.66255696111789, 40.630261311555486], [109.66255696111789, 40.630440974612306], [109.66219763500423, 40.630440974612306], [109.66219763500423, 40.63062063766913], [109.66183830889058, 40.63062063766913], [109.66183830889058, 40.630261311555486], [109.66147898277694, 40.630261311555486], [109.66147898277694, 40.62990198544184], [109.66129931972011, 40.62990198544184], [109.66129931972011, 40.63008164849866], [109.66111965666329, 40.63008164849866], [109.66111965666329, 40.62990198544184], [109.66093999360646, 40.62990198544184], [109.66093999360646, 40.63008164849866], [109.66058066749282, 40.63008164849866], [109.66058066749282, 40.62954265932819], [109.66004167832234, 40.62954265932819], [109.66004167832234, 40.629722322385014], [109.66022134137917, 40.629722322385014], [109.66022134137917, 40.62990198544184], [109.66004167832234, 40.62990198544184], [109.66004167832234, 40.63008164849866], [109.6596823522087, 40.63008164849866], [109.6596823522087, 40.630261311555486], [109.65932302609505, 40.630261311555486], [109.65932302609505, 40.63008164849866], [109.65914336303823, 40.63008164849866], [109.65914336303823, 40.630440974612306], [109.6589636999814, 40.630440974612306], [109.6589636999814, 40.63097996378278], [109.65914336303823, 40.63097996378278], [109.65914336303823, 40.63133928989643], [109.6589636999814, 40.63133928989643], [109.6589636999814, 40.631159626839604], [109.65878403692457, 40.631159626839604], [109.65878403692457, 40.63097996378278], [109.65860437386776, 40.63097996378278], [109.65860437386776, 40.63080030072596], [109.65842471081093, 40.63080030072596], [109.65842471081093, 40.63097996378278], [109.65752639552682, 40.63097996378278], [109.65752639552682, 40.631159626839604], [109.65734673246999, 40.631159626839604], [109.65734673246999, 40.63133928989643], [109.65716706941316, 40.63133928989643], [109.65716706941316, 40.63151895295325], [109.65680774329951, 40.63151895295325]], [[109.65824504775411, 40.62343411539618], [109.65788572164045, 40.62343411539618], [109.65788572164045, 40.62325445233935], [109.65824504775411, 40.62325445233935], [109.65824504775411, 40.62343411539618]], [[109.65321448216304, 40.62397310456665], [109.65285515604938, 40.62397310456665], [109.65285515604938, 40.623793441509825], [109.65321448216304, 40.623793441509825], [109.65321448216304, 40.62397310456665]], [[109.65393313439033, 40.62397310456665], [109.65357380827669, 40.62397310456665], [109.65357380827669, 40.623793441509825], [109.65393313439033, 40.623793441509825], [109.65393313439033, 40.62397310456665]], [[109.65483144967445, 40.62397310456665], [109.65447212356081, 40.62397310456665], [109.65447212356081, 40.623793441509825], [109.65483144967445, 40.623793441509825], [109.65483144967445, 40.62397310456665]], [[109.65878403692457, 40.62469175679394], [109.65842471081093, 40.62469175679394], [109.65842471081093, 40.6243324306803], [109.65878403692457, 40.6243324306803], [109.65878403692457, 40.62469175679394]], [[109.66058066749282, 40.62487141985077], [109.66004167832234, 40.62487141985077], [109.66004167832234, 40.62469175679394], [109.66058066749282, 40.62469175679394], [109.66058066749282, 40.62487141985077]], [[109.66111965666329, 40.62487141985077], [109.66093999360646, 40.62487141985077], [109.66093999360646, 40.62469175679394], [109.66076033054964, 40.62469175679394], [109.66076033054964, 40.6243324306803], [109.66129931972011, 40.6243324306803], [109.66129931972011, 40.62469175679394], [109.66111965666329, 40.62469175679394], [109.66111965666329, 40.62487141985077]], [[109.66165864583377, 40.62505108290759], [109.66147898277694, 40.62505108290759], [109.66147898277694, 40.62487141985077], [109.66165864583377, 40.62487141985077], [109.66165864583377, 40.62505108290759]], [[109.66183830889058, 40.625230745964416], [109.66165864583377, 40.625230745964416], [109.66165864583377, 40.62505108290759], [109.66183830889058, 40.62505108290759], [109.66183830889058, 40.625230745964416]], [[109.66022134137917, 40.62541040902124], [109.66004167832234, 40.62541040902124], [109.66004167832234, 40.625230745964416], [109.66022134137917, 40.625230745964416], [109.66022134137917, 40.62541040902124]], [[109.66165864583377, 40.62559007207806], [109.66147898277694, 40.62559007207806], [109.66147898277694, 40.62541040902124], [109.66165864583377, 40.62541040902124], [109.66165864583377, 40.62559007207806]], [[109.65914336303823, 40.626129061248534], [109.65878403692457, 40.626129061248534], [109.65878403692457, 40.625949398191715], [109.65914336303823, 40.625949398191715], [109.65914336303823, 40.626129061248534]], [[109.66183830889058, 40.626129061248534], [109.66147898277694, 40.626129061248534], [109.66147898277694, 40.625949398191715], [109.66183830889058, 40.625949398191715], [109.66183830889058, 40.626129061248534]], [[109.66004167832234, 40.626668050419006], [109.6596823522087, 40.626668050419006], [109.6596823522087, 40.62648838736218], [109.66004167832234, 40.62648838736218], [109.66004167832234, 40.626668050419006]], [[109.66111965666329, 40.62720703958948], [109.66093999360646, 40.62720703958948], [109.66093999360646, 40.626668050419006], [109.66076033054964, 40.626668050419006], [109.66076033054964, 40.62505108290759], [109.66093999360646, 40.62505108290759], [109.66093999360646, 40.62559007207806], [109.66111965666329, 40.62559007207806], [109.66111965666329, 40.625949398191715], [109.66129931972011, 40.625949398191715], [109.66129931972011, 40.626129061248534], [109.66147898277694, 40.626129061248534], [109.66147898277694, 40.62630872430536], [109.66129931972011, 40.62630872430536], [109.66129931972011, 40.62648838736218], [109.66111965666329, 40.62648838736218], [109.66111965666329, 40.62720703958948]], [[109.6627366241747, 40.62774602875995], [109.66237729806106, 40.62774602875995], [109.66237729806106, 40.627566365703125], [109.6627366241747, 40.627566365703125], [109.6627366241747, 40.62774602875995]], [[109.65177717770845, 40.6281053548736], [109.6514178515948, 40.6281053548736], [109.6514178515948, 40.62774602875995], [109.65177717770845, 40.62774602875995], [109.65177717770845, 40.6281053548736]], [[109.65572976495858, 40.6281053548736], [109.65537043884493, 40.6281053548736], [109.65537043884493, 40.62792569181678], [109.65572976495858, 40.62792569181678], [109.65572976495858, 40.6281053548736]], [[109.6589636999814, 40.62828501793042], [109.65860437386776, 40.62828501793042], [109.65860437386776, 40.62774602875995], [109.65878403692457, 40.62774602875995], [109.65878403692457, 40.6281053548736], [109.6589636999814, 40.6281053548736], [109.6589636999814, 40.62828501793042]], [[109.65788572164045, 40.62846468098724], [109.65752639552682, 40.62846468098724], [109.65752639552682, 40.62792569181678], [109.65788572164045, 40.62792569181678], [109.65788572164045, 40.62846468098724]], [[109.66111965666329, 40.62846468098724], [109.66093999360646, 40.62846468098724], [109.66093999360646, 40.62774602875995], [109.66111965666329, 40.62774602875995], [109.66111965666329, 40.6281053548736], [109.66129931972011, 40.6281053548736], [109.66129931972011, 40.62828501793042], [109.66111965666329, 40.62828501793042], [109.66111965666329, 40.62846468098724]], [[109.6589636999814, 40.62864434404407], [109.65860437386776, 40.62864434404407], [109.65860437386776, 40.62846468098724], [109.6589636999814, 40.62846468098724], [109.6589636999814, 40.62864434404407]], [[109.65267549299257, 40.628824007100896], [109.65249582993575, 40.628824007100896], [109.65249582993575, 40.62864434404407], [109.65267549299257, 40.62864434404407], [109.65267549299257, 40.628824007100896]], [[109.65914336303823, 40.62936299627137], [109.6589636999814, 40.62936299627137], [109.6589636999814, 40.62918333321454], [109.65914336303823, 40.62918333321454], [109.65914336303823, 40.62936299627137]], [[109.66147898277694, 40.62936299627137], [109.66129931972011, 40.62936299627137], [109.66129931972011, 40.62918333321454], [109.66058066749282, 40.62918333321454], [109.66058066749282, 40.629003670157715], [109.66147898277694, 40.629003670157715], [109.66147898277694, 40.62936299627137]], [[109.66255696111789, 40.62990198544184], [109.66237729806106, 40.62990198544184], [109.66237729806106, 40.629722322385014], [109.66255696111789, 40.629722322385014], [109.66255696111789, 40.62990198544184]]]}, "properties": {"name": "cand02", "ptype": "hall", "confidence": "low", "rank": 2, "area_ha": 90.2, "rise_db": 12.1, "digitised_from": "Sentinel-1 VV rise 2022->2026, orbit 11"}}, {"type": "Feature", "geometry": {"geodesic": false, "type": "Polygon", "coordinates": [[[109.66022134137917, 40.61768489757781], [109.66022134137917, 40.61714590840734], [109.66004167832234, 40.61714590840734], [109.66004167832234, 40.61696624535052], [109.6596823522087, 40.61696624535052], [109.6596823522087, 40.61714590840734], [109.65950268915188, 40.61714590840734], [109.65950268915188, 40.61750523452099], [109.65914336303823, 40.61750523452099], [109.65914336303823, 40.617325571464164], [109.65878403692457, 40.617325571464164], [109.65878403692457, 40.61714590840734], [109.65860437386776, 40.61714590840734], [109.65860437386776, 40.61696624535052], [109.65878403692457, 40.61696624535052], [109.65878403692457, 40.61678658229369], [109.6589636999814, 40.61678658229369], [109.6589636999814, 40.616606919236865], [109.65860437386776, 40.616606919236865], [109.65860437386776, 40.61624759312322], [109.65878403692457, 40.61624759312322], [109.65878403692457, 40.61570860395275], [109.65860437386776, 40.61570860395275], [109.65860437386776, 40.614989951725455], [109.65878403692457, 40.614989951725455], [109.65878403692457, 40.61427129949816], [109.6589636999814, 40.61427129949816], [109.6589636999814, 40.61391197338451], [109.65788572164045, 40.61391197338451], [109.65788572164045, 40.613732310327684], [109.65806538469728, 40.613732310327684], [109.65806538469728, 40.613552647270865], [109.65824504775411, 40.613552647270865], [109.65824504775411, 40.61337298421404], [109.65842471081093, 40.61337298421404], [109.65842471081093, 40.61301365810039], [109.65824504775411, 40.61301365810039], [109.65824504775411, 40.612833995043566], [109.65806538469728, 40.612833995043566], [109.65806538469728, 40.61247466892992], [109.65788572164045, 40.61247466892992], [109.65788572164045, 40.61193567975945], [109.65806538469728, 40.61193567975945], [109.65806538469728, 40.61103736447533], [109.65752639552682, 40.61103736447533], [109.65752639552682, 40.61121702753215], [109.65734673246999, 40.61121702753215], [109.65734673246999, 40.61247466892992], [109.65752639552682, 40.61247466892992], [109.65752639552682, 40.61301365810039], [109.65734673246999, 40.61301365810039], [109.65734673246999, 40.61319332115721], [109.65716706941316, 40.61319332115721], [109.65716706941316, 40.613732310327684], [109.65698740635634, 40.613732310327684], [109.65698740635634, 40.61391197338451], [109.6566280802427, 40.61391197338451], [109.6566280802427, 40.61409163644133], [109.65644841718587, 40.61409163644133], [109.65644841718587, 40.61427129949816], [109.65626875412904, 40.61427129949816], [109.65626875412904, 40.613732310327684], [109.65644841718587, 40.613732310327684], [109.65644841718587, 40.613552647270865], [109.6566280802427, 40.613552647270865], [109.6566280802427, 40.61265433198674], [109.65644841718587, 40.61265433198674], [109.65644841718587, 40.612295005873094], [109.65626875412904, 40.612295005873094], [109.65626875412904, 40.611396690588975], [109.65644841718587, 40.611396690588975], [109.65644841718587, 40.61121702753215], [109.6566280802427, 40.61121702753215], [109.6566280802427, 40.61103736447533], [109.65644841718587, 40.61103736447533], [109.65644841718587, 40.6108577014185], [109.65626875412904, 40.6108577014185], [109.65626875412904, 40.61103736447533], [109.65590942801539, 40.61103736447533], [109.65590942801539, 40.61121702753215], [109.65537043884493, 40.61121702753215], [109.65537043884493, 40.61103736447533], [109.6551907757881, 40.61103736447533], [109.6551907757881, 40.61067803836168], [109.65537043884493, 40.61067803836168], [109.65537043884493, 40.61049837530486], [109.65608909107222, 40.61049837530486], [109.65608909107222, 40.61067803836168], [109.65626875412904, 40.61067803836168], [109.65626875412904, 40.609959386134385], [109.65680774329951, 40.609959386134385], [109.65680774329951, 40.60977972307756], [109.65698740635634, 40.60977972307756], [109.65698740635634, 40.609959386134385], [109.65716706941316, 40.609959386134385], [109.65716706941316, 40.610139049191204], [109.65734673246999, 40.610139049191204], [109.65734673246999, 40.61031871224803], [109.65752639552682, 40.61031871224803], [109.65752639552682, 40.61049837530486], [109.65788572164045, 40.61049837530486], [109.65788572164045, 40.61067803836168], [109.65842471081093, 40.61067803836168], [109.65842471081093, 40.6108577014185], [109.65860437386776, 40.6108577014185], [109.65860437386776, 40.611396690588975], [109.65878403692457, 40.611396690588975], [109.65878403692457, 40.6115763536458], [109.65914336303823, 40.6115763536458], [109.65914336303823, 40.611396690588975], [109.65950268915188, 40.611396690588975], [109.65950268915188, 40.6115763536458], [109.66004167832234, 40.6115763536458], [109.66004167832234, 40.61175601670262], [109.66022134137917, 40.61175601670262], [109.66022134137917, 40.61211534281627], [109.65932302609505, 40.61211534281627], [109.65932302609505, 40.61193567975945], [109.6589636999814, 40.61193567975945], [109.6589636999814, 40.61175601670262], [109.65878403692457, 40.61175601670262], [109.65878403692457, 40.61193567975945], [109.65860437386776, 40.61193567975945], [109.65860437386776, 40.61247466892992], [109.65842471081093, 40.61247466892992], [109.65842471081093, 40.61301365810039], [109.65878403692457, 40.61301365810039], [109.65878403692457, 40.61337298421404], [109.65914336303823, 40.61337298421404], [109.65914336303823, 40.613552647270865], [109.65932302609505, 40.613552647270865], [109.65932302609505, 40.61337298421404], [109.65950268915188, 40.61337298421404], [109.65950268915188, 40.61319332115721], [109.65932302609505, 40.61319332115721], [109.65932302609505, 40.61301365810039], [109.66004167832234, 40.61301365810039], [109.66004167832234, 40.61247466892992], [109.660401004436, 40.61247466892992], [109.660401004436, 40.61265433198674], [109.66129931972011, 40.61265433198674], [109.66129931972011, 40.612833995043566], [109.66147898277694, 40.612833995043566], [109.66147898277694, 40.61265433198674], [109.66165864583377, 40.61265433198674], [109.66165864583377, 40.61247466892992], [109.6620179719474, 40.61247466892992], [109.6620179719474, 40.61265433198674], [109.66255696111789, 40.61265433198674], [109.66255696111789, 40.612833995043566], [109.66291628723152, 40.612833995043566], [109.66291628723152, 40.61265433198674], [109.66309595028835, 40.61265433198674], [109.66309595028835, 40.61247466892992], [109.663455276402, 40.61247466892992], [109.663455276402, 40.61265433198674], [109.66363493945883, 40.61265433198674], [109.66363493945883, 40.612833995043566], [109.663455276402, 40.612833995043566], [109.663455276402, 40.613732310327684], [109.66327561334518, 40.613732310327684], [109.66327561334518, 40.61391197338451], [109.6627366241747, 40.61391197338451], [109.6627366241747, 40.613552647270865], [109.66255696111789, 40.613552647270865], [109.66255696111789, 40.61337298421404], [109.66219763500423, 40.61337298421404], [109.66219763500423, 40.61391197338451], [109.66237729806106, 40.61391197338451], [109.66237729806106, 40.61409163644133], [109.66183830889058, 40.61409163644133], [109.66183830889058, 40.61427129949816], [109.66165864583377, 40.61427129949816], [109.66165864583377, 40.61445096255498], [109.6620179719474, 40.61445096255498], [109.6620179719474, 40.6146306256118], [109.66165864583377, 40.6146306256118], [109.66165864583377, 40.61481028866863], [109.66147898277694, 40.61481028866863], [109.66147898277694, 40.6153492778391], [109.66165864583377, 40.6153492778391], [109.66165864583377, 40.61570860395275], [109.66129931972011, 40.61570860395275], [109.66129931972011, 40.615888267009574], [109.66147898277694, 40.615888267009574], [109.66147898277694, 40.61624759312322], [109.66129931972011, 40.61624759312322], [109.66129931972011, 40.616427256180046], [109.66165864583377, 40.616427256180046], [109.66165864583377, 40.616606919236865], [109.66183830889058, 40.616606919236865], [109.66183830889058, 40.61678658229369], [109.6620179719474, 40.61678658229369], [109.6620179719474, 40.61714590840734], [109.66183830889058, 40.61714590840734], [109.66183830889058, 40.61750523452099], [109.66129931972011, 40.61750523452099], [109.66129931972011, 40.617325571464164], [109.66111965666329, 40.617325571464164], [109.66111965666329, 40.61750523452099], [109.660401004436, 40.61750523452099], [109.660401004436, 40.61768489757781], [109.66022134137917, 40.61768489757781]], [[109.65698740635634, 40.61049837530486], [109.65680774329951, 40.61049837530486], [109.65680774329951, 40.61031871224803], [109.65698740635634, 40.61031871224803], [109.65698740635634, 40.61049837530486]], [[109.65734673246999, 40.61067803836168], [109.65698740635634, 40.61067803836168], [109.65698740635634, 40.61049837530486], [109.65734673246999, 40.61049837530486], [109.65734673246999, 40.61067803836168]], [[109.65698740635634, 40.61247466892992], [109.65680774329951, 40.61247466892992], [109.65680774329951, 40.612295005873094], [109.65698740635634, 40.612295005873094], [109.65698740635634, 40.61247466892992]], [[109.660401004436, 40.61481028866863], [109.66004167832234, 40.61481028866863], [109.66004167832234, 40.6146306256118], [109.6596823522087, 40.6146306256118], [109.6596823522087, 40.61445096255498], [109.660401004436, 40.61445096255498], [109.660401004436, 40.61481028866863]], [[109.66004167832234, 40.615169614782275], [109.65986201526552, 40.615169614782275], [109.65986201526552, 40.614989951725455], [109.66004167832234, 40.614989951725455], [109.66004167832234, 40.615169614782275]], [[109.66004167832234, 40.616427256180046], [109.65950268915188, 40.616427256180046], [109.65950268915188, 40.61624759312322], [109.6596823522087, 40.61624759312322], [109.6596823522087, 40.61552894089593], [109.65986201526552, 40.61552894089593], [109.65986201526552, 40.6153492778391], [109.66004167832234, 40.6153492778391], [109.66004167832234, 40.615169614782275], [109.66022134137917, 40.615169614782275], [109.66022134137917, 40.61570860395275], [109.66004167832234, 40.61570860395275], [109.66004167832234, 40.6160679300664], [109.66022134137917, 40.6160679300664], [109.66022134137917, 40.61624759312322], [109.66004167832234, 40.61624759312322], [109.66004167832234, 40.616427256180046]]]}, "properties": {"name": "cand03", "ptype": "hall", "confidence": "low", "rank": 3, "area_ha": 26.8, "rise_db": 11.3, "digitised_from": "Sentinel-1 VV rise 2022->2026, orbit 11"}}, {"type": "Feature", "geometry": {"geodesic": false, "type": "Polygon", "coordinates": [[[109.66093999360646, 40.64553267138552], [109.66093999360646, 40.64535300832869], [109.66058066749282, 40.64535300832869], [109.66058066749282, 40.64517334527187], [109.65932302609505, 40.64517334527187], [109.65932302609505, 40.644993682215045], [109.65914336303823, 40.644993682215045], [109.65914336303823, 40.64481401915822], [109.65842471081093, 40.64481401915822], [109.65842471081093, 40.6446343561014], [109.65824504775411, 40.6446343561014], [109.65824504775411, 40.64445469304457], [109.65752639552682, 40.64445469304457], [109.65752639552682, 40.644275029987746], [109.65716706941316, 40.644275029987746], [109.65716706941316, 40.64373604081728], [109.65734673246999, 40.64373604081728], [109.65734673246999, 40.643556377760454], [109.65788572164045, 40.643556377760454], [109.65788572164045, 40.64373604081728], [109.65806538469728, 40.64373604081728], [109.65806538469728, 40.6439157038741], [109.65842471081093, 40.6439157038741], [109.65842471081093, 40.64373604081728], [109.65860437386776, 40.64373604081728], [109.65860437386776, 40.64337671470363], [109.65842471081093, 40.64337671470363], [109.65842471081093, 40.64319705164681], [109.65752639552682, 40.64319705164681], [109.65752639552682, 40.64301738858998], [109.65734673246999, 40.64301738858998], [109.65734673246999, 40.642837725533155], [109.65752639552682, 40.642837725533155], [109.65752639552682, 40.642658062476336], [109.65770605858364, 40.642658062476336], [109.65770605858364, 40.64247839941951], [109.65788572164045, 40.64247839941951], [109.65788572164045, 40.642119073305864], [109.65806538469728, 40.642119073305864], [109.65806538469728, 40.64158008413539], [109.65824504775411, 40.64158008413539], [109.65824504775411, 40.641220758021745], [109.65860437386776, 40.641220758021745], [109.65860437386776, 40.64104109496492], [109.65932302609505, 40.64104109496492], [109.65932302609505, 40.641220758021745], [109.65986201526552, 40.641220758021745], [109.65986201526552, 40.641400421078565], [109.66093999360646, 40.641400421078565], [109.66093999360646, 40.64158008413539], [109.66111965666329, 40.64158008413539], [109.66111965666329, 40.64175974719222], [109.66165864583377, 40.64175974719222], [109.66165864583377, 40.64158008413539], [109.6620179719474, 40.64158008413539], [109.6620179719474, 40.641400421078565], [109.66219763500423, 40.641400421078565], [109.66219763500423, 40.64104109496492], [109.6627366241747, 40.64104109496492], [109.6627366241747, 40.641220758021745], [109.66255696111789, 40.641220758021745], [109.66255696111789, 40.641400421078565], [109.66237729806106, 40.641400421078565], [109.66237729806106, 40.64193941024904], [109.66255696111789, 40.64193941024904], [109.66255696111789, 40.642119073305864], [109.6627366241747, 40.642119073305864], [109.6627366241747, 40.64247839941951], [109.66255696111789, 40.64247839941951], [109.66255696111789, 40.642658062476336], [109.66237729806106, 40.642658062476336], [109.66237729806106, 40.642837725533155], [109.66219763500423, 40.642837725533155], [109.66219763500423, 40.64301738858998], [109.6620179719474, 40.64301738858998], [109.6620179719474, 40.64319705164681], [109.66291628723152, 40.64319705164681], [109.66291628723152, 40.64337671470363], [109.66309595028835, 40.64337671470363], [109.66309595028835, 40.643556377760454], [109.66381460251564, 40.643556377760454], [109.66381460251564, 40.64409536693093], [109.663455276402, 40.64409536693093], [109.663455276402, 40.644275029987746], [109.66327561334518, 40.644275029987746], [109.66327561334518, 40.64409536693093], [109.66255696111789, 40.64409536693093], [109.66255696111789, 40.6439157038741], [109.6620179719474, 40.6439157038741], [109.6620179719474, 40.64409536693093], [109.66183830889058, 40.64409536693093], [109.66183830889058, 40.644275029987746], [109.66219763500423, 40.644275029987746], [109.66219763500423, 40.64445469304457], [109.66309595028835, 40.64445469304457], [109.66309595028835, 40.6446343561014], [109.663455276402, 40.6446343561014], [109.663455276402, 40.64481401915822], [109.66471291779976, 40.64481401915822], [109.66471291779976, 40.644993682215045], [109.6656112330839, 40.644993682215045], [109.6656112330839, 40.64517334527187], [109.66543157002707, 40.64517334527187], [109.66543157002707, 40.64535300832869], [109.66507224391341, 40.64535300832869], [109.66507224391341, 40.64517334527187], [109.66435359168612, 40.64517334527187], [109.66435359168612, 40.644993682215045], [109.66399426557247, 40.644993682215045], [109.66399426557247, 40.64517334527187], [109.66381460251564, 40.64517334527187], [109.66381460251564, 40.644993682215045], [109.66183830889058, 40.644993682215045], [109.66183830889058, 40.64517334527187], [109.66165864583377, 40.64517334527187], [109.66165864583377, 40.64535300832869], [109.66129931972011, 40.64535300832869], [109.66129931972011, 40.64553267138552], [109.66093999360646, 40.64553267138552]], [[109.65878403692457, 40.642658062476336], [109.65860437386776, 40.642658062476336], [109.65860437386776, 40.64229873636268], [109.65878403692457, 40.64229873636268], [109.65878403692457, 40.642658062476336]]]}, "properties": {"name": "cand04", "ptype": "hall", "confidence": "low", "rank": 4, "area_ha": 23.4, "rise_db": 13.8, "digitised_from": "Sentinel-1 VV rise 2022->2026, orbit 11"}}, {"type": "Feature", "geometry": {"geodesic": false, "type": "Polygon", "coordinates": [[[109.66812651587942, 40.65864807453366], [109.66812651587942, 40.65846841147684], [109.66758752670896, 40.65846841147684], [109.66758752670896, 40.65828874842001], [109.66740786365213, 40.65828874842001], [109.66740786365213, 40.65810908536319], [109.6672282005953, 40.65810908536319], [109.6672282005953, 40.65828874842001], [109.66686887448165, 40.65828874842001], [109.66686887448165, 40.65774975924954], [109.66668921142482, 40.65774975924954], [109.66668921142482, 40.65810908536319], [109.66632988531119, 40.65810908536319], [109.66632988531119, 40.65703110702225], [109.66597055919753, 40.65703110702225], [109.66597055919753, 40.656671780908596], [109.66615022225436, 40.656671780908596], [109.66615022225436, 40.656492117851776], [109.66632988531119, 40.656492117851776], [109.66632988531119, 40.65631245479495], [109.66650954836801, 40.65631245479495], [109.66650954836801, 40.655953128681304], [109.66632988531119, 40.655953128681304], [109.66632988531119, 40.65559380256766], [109.66668921142482, 40.65559380256766], [109.66668921142482, 40.655234476454005], [109.66597055919753, 40.655234476454005], [109.66597055919753, 40.655054813397186], [109.66704853753848, 40.655054813397186], [109.66704853753848, 40.65451582422671], [109.6672282005953, 40.65451582422671], [109.6672282005953, 40.65433616116989], [109.66740786365213, 40.65433616116989], [109.66740786365213, 40.65487515034036], [109.66776718976577, 40.65487515034036], [109.66776718976577, 40.655054813397186], [109.6679468528226, 40.655054813397186], [109.6679468528226, 40.65469548728353], [109.66812651587942, 40.65469548728353], [109.66812651587942, 40.65487515034036], [109.66830617893625, 40.65487515034036], [109.66830617893625, 40.65469548728353], [109.66848584199307, 40.65469548728353], [109.66848584199307, 40.65487515034036], [109.66830617893625, 40.65487515034036], [109.66830617893625, 40.655054813397186], [109.66848584199307, 40.655054813397186], [109.66848584199307, 40.655234476454005], [109.66902483116354, 40.655234476454005], [109.66902483116354, 40.655054813397186], [109.66920449422037, 40.655054813397186], [109.66920449422037, 40.65451582422671], [109.6693841572772, 40.65451582422671], [109.6693841572772, 40.65433616116989], [109.67010280950448, 40.65433616116989], [109.67010280950448, 40.65451582422671], [109.67028247256131, 40.65451582422671], [109.67028247256131, 40.65433616116989], [109.67082146173178, 40.65433616116989], [109.67082146173178, 40.65451582422671], [109.6710011247886, 40.65451582422671], [109.6710011247886, 40.65469548728353], [109.67136045090226, 40.65469548728353], [109.67136045090226, 40.65487515034036], [109.6717197770159, 40.65487515034036], [109.6717197770159, 40.65469548728353], [109.67189944007272, 40.65469548728353], [109.67189944007272, 40.65487515034036], [109.67315708147049, 40.65487515034036], [109.67315708147049, 40.655054813397186], [109.67351640758415, 40.655054813397186], [109.67351640758415, 40.65541413951083], [109.67333674452732, 40.65541413951083], [109.67333674452732, 40.65559380256766], [109.67315708147049, 40.65559380256766], [109.67315708147049, 40.65613279173813], [109.67297741841367, 40.65613279173813], [109.67297741841367, 40.65631245479495], [109.67261809230001, 40.65631245479495], [109.67261809230001, 40.656492117851776], [109.67225876618637, 40.656492117851776], [109.67225876618637, 40.65631245479495], [109.67189944007272, 40.65631245479495], [109.67189944007272, 40.656492117851776], [109.67136045090226, 40.656492117851776], [109.67136045090226, 40.65631245479495], [109.6710011247886, 40.65631245479495], [109.6710011247886, 40.656492117851776], [109.67082146173178, 40.656492117851776], [109.67082146173178, 40.65703110702225], [109.67046213561814, 40.65703110702225], [109.67046213561814, 40.65721077007907], [109.67028247256131, 40.65721077007907], [109.67028247256131, 40.65703110702225], [109.67010280950448, 40.65703110702225], [109.67010280950448, 40.656671780908596], [109.66992314644766, 40.656671780908596], [109.66992314644766, 40.656492117851776], [109.67010280950448, 40.656492117851776], [109.67010280950448, 40.65631245479495], [109.66956382033402, 40.65631245479495], [109.66956382033402, 40.656492117851776], [109.66974348339083, 40.656492117851776], [109.66974348339083, 40.65685144396542], [109.66992314644766, 40.65685144396542], [109.66992314644766, 40.65703110702225], [109.66974348339083, 40.65703110702225], [109.66974348339083, 40.65721077007907], [109.66956382033402, 40.65721077007907], [109.66956382033402, 40.657390433135895], [109.6693841572772, 40.657390433135895], [109.6693841572772, 40.65757009619272], [109.66884516810671, 40.65757009619272], [109.66884516810671, 40.657390433135895], [109.66866550504989, 40.657390433135895], [109.66866550504989, 40.65757009619272], [109.66830617893625, 40.65757009619272], [109.66830617893625, 40.65774975924954], [109.66812651587942, 40.65774975924954], [109.66812651587942, 40.65792942230637], [109.66776718976577, 40.65792942230637], [109.66776718976577, 40.65828874842001], [109.66830617893625, 40.65828874842001], [109.66830617893625, 40.65864807453366], [109.66812651587942, 40.65864807453366]], [[109.66902483116354, 40.655953128681304], [109.66884516810671, 40.655953128681304], [109.66884516810671, 40.65577346562448], [109.66902483116354, 40.65577346562448], [109.66902483116354, 40.655953128681304]]]}, "properties": {"name": "cand05", "ptype": "hall", "confidence": "low", "rank": 5, "area_ha": 20.8, "rise_db": 14.7, "digitised_from": "Sentinel-1 VV rise 2022->2026, orbit 11"}}, {"type": "Feature", "geometry": {"geodesic": false, "type": "Polygon", "coordinates": [[[109.6462076229469, 40.61247466892992], [109.6462076229469, 40.612295005873094], [109.64387200320819, 40.612295005873094], [109.64387200320819, 40.61211534281627], [109.64369234015138, 40.61211534281627], [109.64369234015138, 40.6115763536458], [109.64387200320819, 40.6115763536458], [109.64387200320819, 40.611396690588975], [109.64369234015138, 40.611396690588975], [109.64369234015138, 40.61121702753215], [109.64333301403772, 40.61121702753215], [109.64333301403772, 40.61103736447533], [109.64279402486726, 40.61103736447533], [109.64279402486726, 40.61067803836168], [109.64333301403772, 40.61067803836168], [109.64333301403772, 40.61049837530486], [109.6431533509809, 40.61049837530486], [109.6431533509809, 40.61031871224803], [109.64297368792407, 40.61031871224803], [109.64297368792407, 40.610139049191204], [109.64279402486726, 40.610139049191204], [109.64279402486726, 40.60977972307756], [109.64297368792407, 40.60977972307756], [109.64297368792407, 40.60960006002074], [109.6431533509809, 40.60960006002074], [109.6431533509809, 40.60977972307756], [109.64333301403772, 40.60977972307756], [109.64333301403772, 40.60960006002074], [109.64351267709455, 40.60960006002074], [109.64351267709455, 40.609240733907086], [109.64387200320819, 40.609240733907086], [109.64387200320819, 40.60977972307756], [109.64584829683326, 40.60977972307756], [109.64584829683326, 40.60960006002074], [109.64602795989008, 40.60960006002074], [109.64602795989008, 40.60906107085027], [109.64584829683326, 40.60906107085027], [109.64584829683326, 40.608701744736614], [109.6462076229469, 40.608701744736614], [109.6462076229469, 40.608522081679794], [109.64638728600373, 40.608522081679794], [109.64638728600373, 40.608701744736614], [109.64674661211738, 40.608701744736614], [109.64674661211738, 40.608522081679794], [109.6469262751742, 40.608522081679794], [109.6469262751742, 40.608701744736614], [109.64818391657197, 40.608701744736614], [109.64818391657197, 40.60888140779344], [109.64800425351514, 40.60888140779344], [109.64800425351514, 40.60906107085027], [109.6476449274015, 40.60906107085027], [109.6476449274015, 40.609240733907086], [109.64746526434467, 40.609240733907086], [109.64746526434467, 40.60960006002074], [109.6476449274015, 40.60960006002074], [109.6476449274015, 40.60977972307756], [109.64872290574245, 40.60977972307756], [109.64872290574245, 40.610139049191204], [109.64890256879926, 40.610139049191204], [109.64890256879926, 40.61049837530486], [109.64926189491291, 40.61049837530486], [109.64926189491291, 40.61103736447533], [109.64908223185608, 40.61103736447533], [109.64908223185608, 40.61121702753215], [109.64890256879926, 40.61121702753215], [109.64890256879926, 40.61175601670262], [109.64926189491291, 40.61175601670262], [109.64926189491291, 40.61193567975945], [109.64944155796974, 40.61193567975945], [109.64944155796974, 40.612295005873094], [109.64656694906056, 40.612295005873094], [109.64656694906056, 40.61247466892992], [109.6462076229469, 40.61247466892992]], [[109.64602795989008, 40.61211534281627], [109.64566863377644, 40.61211534281627], [109.64566863377644, 40.61193567975945], [109.64602795989008, 40.61193567975945], [109.64602795989008, 40.61211534281627]]]}, "properties": {"name": "cand06", "ptype": "hall", "confidence": "low", "rank": 6, "area_ha": 20.7, "rise_db": 12.4, "digitised_from": "Sentinel-1 VV rise 2022->2026, orbit 11"}}, {"type": "Feature", "geometry": {"geodesic": false, "type": "Polygon", "coordinates": [[[109.68842844130052, 40.593969374077055], [109.68842844130052, 40.593789711020236], [109.6882487782437, 40.593789711020236], [109.6882487782437, 40.59361004796341], [109.68770978907322, 40.59361004796341], [109.68770978907322, 40.59325072184976], [109.6875301260164, 40.59325072184976], [109.6875301260164, 40.59271173267929], [109.68735046295959, 40.59271173267929], [109.68735046295959, 40.59289139573611], [109.68717079990276, 40.59289139573611], [109.68717079990276, 40.59325072184976], [109.68735046295959, 40.59325072184976], [109.68735046295959, 40.59343038490658], [109.68717079990276, 40.59343038490658], [109.68717079990276, 40.59325072184976], [109.68699113684593, 40.59325072184976], [109.68699113684593, 40.59271173267929], [109.6868114737891, 40.59271173267929], [109.6868114737891, 40.59289139573611], [109.68627248461864, 40.59289139573611], [109.68627248461864, 40.59307105879294], [109.68663181073228, 40.59307105879294], [109.68663181073228, 40.59325072184976], [109.68627248461864, 40.59325072184976], [109.68627248461864, 40.59343038490658], [109.68609282156181, 40.59343038490658], [109.68609282156181, 40.59361004796341], [109.68627248461864, 40.59361004796341], [109.68627248461864, 40.593789711020236], [109.68555383239134, 40.593789711020236], [109.68555383239134, 40.59361004796341], [109.68537416933452, 40.59361004796341], [109.68537416933452, 40.593789711020236], [109.68465551710722, 40.593789711020236], [109.68465551710722, 40.59361004796341], [109.68429619099358, 40.59361004796341], [109.68429619099358, 40.593969374077055], [109.6837572018231, 40.593969374077055], [109.6837572018231, 40.59343038490658], [109.68357753876627, 40.59343038490658], [109.68357753876627, 40.59235240656564], [109.68339787570946, 40.59235240656564], [109.68339787570946, 40.59199308045199], [109.68357753876627, 40.59199308045199], [109.68357753876627, 40.59181341739517], [109.68339787570946, 40.59181341739517], [109.68339787570946, 40.591633754338346], [109.68321821265263, 40.591633754338346], [109.68321821265263, 40.59145409128152], [109.68339787570946, 40.59145409128152], [109.68339787570946, 40.5912744282247], [109.6851945062777, 40.5912744282247], [109.6851945062777, 40.591094765167874], [109.68591315850499, 40.591094765167874], [109.68591315850499, 40.59091510211105], [109.68609282156181, 40.59091510211105], [109.68609282156181, 40.59073543905423], [109.68627248461864, 40.59073543905423], [109.68627248461864, 40.59091510211105], [109.6868114737891, 40.59091510211105], [109.6868114737891, 40.591094765167874], [109.68699113684593, 40.591094765167874], [109.68699113684593, 40.59091510211105], [109.68770978907322, 40.59091510211105], [109.68770978907322, 40.59073543905423], [109.68788945213005, 40.59073543905423], [109.68788945213005, 40.5905557759974], [109.68806911518688, 40.5905557759974], [109.68806911518688, 40.59073543905423], [109.68878776741417, 40.59073543905423], [109.68878776741417, 40.590376112940575], [109.688967430471, 40.590376112940575], [109.688967430471, 40.59073543905423], [109.69040473492558, 40.59073543905423], [109.69040473492558, 40.591094765167874], [109.6905843979824, 40.591094765167874], [109.6905843979824, 40.591633754338346], [109.69094372409606, 40.591633754338346], [109.69094372409606, 40.59199308045199], [109.69130305020971, 40.59199308045199], [109.69130305020971, 40.59145409128152], [109.69184203938018, 40.59145409128152], [109.69184203938018, 40.5912744282247], [109.69256069160747, 40.5912744282247], [109.69256069160747, 40.591094765167874], [109.6927403546643, 40.591094765167874], [109.6927403546643, 40.5912744282247], [109.69292001772112, 40.5912744282247], [109.69292001772112, 40.59145409128152], [109.6927403546643, 40.59145409128152], [109.6927403546643, 40.591633754338346], [109.69184203938018, 40.591633754338346], [109.69184203938018, 40.59181341739517], [109.6927403546643, 40.59181341739517], [109.6927403546643, 40.592532069622465], [109.69256069160747, 40.592532069622465], [109.69256069160747, 40.59235240656564], [109.69166237632335, 40.59235240656564], [109.69166237632335, 40.59217274350882], [109.69094372409606, 40.59217274350882], [109.69094372409606, 40.59199308045199], [109.69076406103923, 40.59199308045199], [109.69076406103923, 40.59235240656564], [109.6905843979824, 40.59235240656564], [109.6905843979824, 40.592532069622465], [109.69040473492558, 40.592532069622465], [109.69040473492558, 40.59199308045199], [109.69004540881194, 40.59199308045199], [109.69004540881194, 40.59325072184976], [109.68986574575511, 40.59325072184976], [109.68986574575511, 40.59343038490658], [109.68968608269829, 40.59343038490658], [109.68968608269829, 40.59307105879294], [109.68950641964146, 40.59307105879294], [109.68950641964146, 40.592532069622465], [109.68932675658465, 40.592532069622465], [109.68932675658465, 40.59235240656564], [109.68878776741417, 40.59235240656564], [109.68878776741417, 40.592532069622465], [109.68842844130052, 40.592532069622465], [109.68842844130052, 40.59343038490658], [109.68860810435734, 40.59343038490658], [109.68860810435734, 40.593969374077055], [109.68842844130052, 40.593969374077055]], [[109.68627248461864, 40.591633754338346], [109.68609282156181, 40.591633754338346], [109.68609282156181, 40.59145409128152], [109.68627248461864, 40.59145409128152], [109.68627248461864, 40.591633754338346]], [[109.68735046295959, 40.591633754338346], [109.6868114737891, 40.591633754338346], [109.6868114737891, 40.59145409128152], [109.68735046295959, 40.59145409128152], [109.68735046295959, 40.591633754338346]], [[109.6868114737891, 40.59181341739517], [109.68663181073228, 40.59181341739517], [109.68663181073228, 40.591633754338346], [109.6868114737891, 40.591633754338346], [109.6868114737891, 40.59181341739517]], [[109.68501484322087, 40.59199308045199], [109.68465551710722, 40.59199308045199], [109.68465551710722, 40.59181341739517], [109.68447585405039, 40.59181341739517], [109.68447585405039, 40.591633754338346], [109.68483518016404, 40.591633754338346], [109.68483518016404, 40.59181341739517], [109.68501484322087, 40.59181341739517], [109.68501484322087, 40.59199308045199]], [[109.68860810435734, 40.59199308045199], [109.6882487782437, 40.59199308045199], [109.6882487782437, 40.591633754338346], [109.68806911518688, 40.591633754338346], [109.68806911518688, 40.59145409128152], [109.68842844130052, 40.59145409128152], [109.68842844130052, 40.591633754338346], [109.68860810435734, 40.591633754338346], [109.68860810435734, 40.59199308045199]], [[109.68932675658465, 40.59199308045199], [109.68914709352782, 40.59199308045199], [109.68914709352782, 40.59181341739517], [109.688967430471, 40.59181341739517], [109.688967430471, 40.591633754338346], [109.68860810435734, 40.591633754338346], [109.68860810435734, 40.5912744282247], [109.68878776741417, 40.5912744282247], [109.68878776741417, 40.591094765167874], [109.68860810435734, 40.591094765167874], [109.68860810435734, 40.59091510211105], [109.68914709352782, 40.59091510211105], [109.68914709352782, 40.591094765167874], [109.68932675658465, 40.591094765167874], [109.68932675658465, 40.59199308045199]], [[109.68645214767545, 40.59217274350882], [109.68609282156181, 40.59217274350882], [109.68609282156181, 40.59199308045199], [109.68591315850499, 40.59199308045199], [109.68591315850499, 40.591633754338346], [109.68609282156181, 40.591633754338346], [109.68609282156181, 40.59181341739517], [109.68645214767545, 40.59181341739517], [109.68645214767545, 40.59217274350882]], [[109.68717079990276, 40.59235240656564], [109.6868114737891, 40.59235240656564], [109.6868114737891, 40.59199308045199], [109.68699113684593, 40.59199308045199], [109.68699113684593, 40.59217274350882], [109.68717079990276, 40.59217274350882], [109.68717079990276, 40.59235240656564]], [[109.68788945213005, 40.59235240656564], [109.6875301260164, 40.59235240656564], [109.6875301260164, 40.59217274350882], [109.68788945213005, 40.59217274350882], [109.68788945213005, 40.59235240656564]], [[109.6851945062777, 40.592532069622465], [109.68447585405039, 40.592532069622465], [109.68447585405039, 40.59235240656564], [109.6851945062777, 40.59235240656564], [109.6851945062777, 40.592532069622465]], [[109.68429619099358, 40.59271173267929], [109.68393686487993, 40.59271173267929], [109.68393686487993, 40.592532069622465], [109.68429619099358, 40.592532069622465], [109.68429619099358, 40.59271173267929]]]}, "properties": {"name": "cand07", "ptype": "hall", "confidence": "low", "rank": 7, "area_ha": 20.2, "rise_db": 11.5, "digitised_from": "Sentinel-1 VV rise 2022->2026, orbit 11"}}, {"type": "Feature", "geometry": {"geodesic": false, "type": "Polygon", "coordinates": [[[109.6882487782437, 40.60906107085027], [109.6882487782437, 40.60888140779344], [109.68806911518688, 40.60888140779344], [109.68806911518688, 40.608701744736614], [109.6882487782437, 40.608701744736614], [109.6882487782437, 40.60816275556614], [109.68806911518688, 40.60816275556614], [109.68806911518688, 40.60798309250932], [109.6882487782437, 40.60798309250932], [109.6882487782437, 40.60744410333885], [109.68842844130052, 40.60744410333885], [109.68842844130052, 40.60726444028202], [109.68878776741417, 40.60726444028202], [109.68878776741417, 40.60690511416838], [109.68645214767545, 40.60690511416838], [109.68645214767545, 40.60654578805473], [109.68699113684593, 40.60654578805473], [109.68699113684593, 40.606366124997905], [109.68717079990276, 40.606366124997905], [109.68717079990276, 40.60618646194108], [109.68735046295959, 40.60618646194108], [109.68735046295959, 40.60582713582743], [109.68770978907322, 40.60582713582743], [109.68770978907322, 40.60564747277061], [109.68788945213005, 40.60564747277061], [109.68788945213005, 40.60582713582743], [109.68806911518688, 40.60582713582743], [109.68806911518688, 40.60600679888426], [109.6882487782437, 40.60600679888426], [109.6882487782437, 40.60582713582743], [109.68842844130052, 40.60582713582743], [109.68842844130052, 40.60564747277061], [109.68914709352782, 40.60564747277061], [109.68914709352782, 40.60546780971379], [109.68932675658465, 40.60546780971379], [109.68932675658465, 40.604210168316015], [109.68950641964146, 40.604210168316015], [109.68950641964146, 40.60367117914555], [109.6905843979824, 40.60367117914555], [109.6905843979824, 40.60385084220237], [109.69076406103923, 40.60385084220237], [109.69076406103923, 40.604928820543314], [109.6905843979824, 40.604928820543314], [109.6905843979824, 40.60528814665696], [109.69004540881194, 40.60528814665696], [109.69004540881194, 40.60510848360014], [109.68968608269829, 40.60510848360014], [109.68968608269829, 40.60546780971379], [109.68950641964146, 40.60546780971379], [109.68950641964146, 40.60564747277061], [109.69166237632335, 40.60564747277061], [109.69166237632335, 40.60582713582743], [109.69130305020971, 40.60582713582743], [109.69130305020971, 40.60600679888426], [109.69166237632335, 40.60600679888426], [109.69166237632335, 40.60618646194108], [109.69184203938018, 40.60618646194108], [109.69184203938018, 40.606366124997905], [109.692021702437, 40.606366124997905], [109.692021702437, 40.60672545111155], [109.69220136549383, 40.60672545111155], [109.69220136549383, 40.60726444028202], [109.692021702437, 40.60726444028202], [109.692021702437, 40.607803429452495], [109.69184203938018, 40.607803429452495], [109.69184203938018, 40.60816275556614], [109.692021702437, 40.60816275556614], [109.692021702437, 40.60798309250932], [109.69220136549383, 40.60798309250932], [109.69220136549383, 40.60816275556614], [109.69256069160747, 40.60816275556614], [109.69256069160747, 40.608522081679794], [109.69166237632335, 40.608522081679794], [109.69166237632335, 40.608701744736614], [109.69148271326652, 40.608701744736614], [109.69148271326652, 40.608522081679794], [109.68968608269829, 40.608522081679794], [109.68968608269829, 40.608701744736614], [109.68950641964146, 40.608701744736614], [109.68950641964146, 40.60888140779344], [109.68932675658465, 40.60888140779344], [109.68932675658465, 40.608701744736614], [109.68860810435734, 40.608701744736614], [109.68860810435734, 40.60888140779344], [109.68842844130052, 40.60888140779344], [109.68842844130052, 40.60906107085027], [109.6882487782437, 40.60906107085027]], [[109.69004540881194, 40.60438983137284], [109.68968608269829, 40.60438983137284], [109.68968608269829, 40.604210168316015], [109.69004540881194, 40.604210168316015], [109.69004540881194, 40.60438983137284]], [[109.69130305020971, 40.60618646194108], [109.69112338715289, 40.60618646194108], [109.69112338715289, 40.60600679888426], [109.69130305020971, 40.60600679888426], [109.69130305020971, 40.60618646194108]], [[109.68806911518688, 40.60654578805473], [109.68770978907322, 40.60654578805473], [109.68770978907322, 40.60618646194108], [109.68788945213005, 40.60618646194108], [109.68788945213005, 40.60600679888426], [109.68806911518688, 40.60600679888426], [109.68806911518688, 40.60618646194108], [109.6882487782437, 40.60618646194108], [109.6882487782437, 40.606366124997905], [109.68806911518688, 40.606366124997905], [109.68806911518688, 40.60654578805473]], [[109.69184203938018, 40.60654578805473], [109.68968608269829, 40.60654578805473], [109.68968608269829, 40.606366124997905], [109.69184203938018, 40.606366124997905], [109.69184203938018, 40.60654578805473]], [[109.69166237632335, 40.607623766395676], [109.69112338715289, 40.607623766395676], [109.69112338715289, 40.60744410333885], [109.69166237632335, 40.60744410333885], [109.69166237632335, 40.607623766395676]]]}, "properties": {"name": "cand08", "ptype": "hall", "confidence": "low", "rank": 8, "area_ha": 17.2, "rise_db": 10.7, "digitised_from": "Sentinel-1 VV rise 2022->2026, orbit 11"}}, {"type": "Feature", "geometry": {"geodesic": false, "type": "Polygon", "coordinates": [[[109.67405539675461, 40.65307851977212], [109.67405539675461, 40.65271919365847], [109.67423505981144, 40.65271919365847], [109.67423505981144, 40.65253953060165], [109.67405539675461, 40.65253953060165], [109.67405539675461, 40.652359867544824], [109.67387573369778, 40.652359867544824], [109.67387573369778, 40.652180204488005], [109.67369607064096, 40.652180204488005], [109.67369607064096, 40.65200054143118], [109.67351640758415, 40.65200054143118], [109.67351640758415, 40.65182087837435], [109.67369607064096, 40.65182087837435], [109.67369607064096, 40.65200054143118], [109.67405539675461, 40.65200054143118], [109.67405539675461, 40.65182087837435], [109.67423505981144, 40.65182087837435], [109.67423505981144, 40.65164121531753], [109.67441472286826, 40.65164121531753], [109.67441472286826, 40.651461552260706], [109.67423505981144, 40.651461552260706], [109.67423505981144, 40.65128188920388], [109.67405539675461, 40.65128188920388], [109.67405539675461, 40.65110222614706], [109.67423505981144, 40.65110222614706], [109.67423505981144, 40.65092256309023], [109.67441472286826, 40.65092256309023], [109.67441472286826, 40.65074290003341], [109.67531303815238, 40.65074290003341], [109.67531303815238, 40.65056323697659], [109.67549270120921, 40.65056323697659], [109.67549270120921, 40.65038357391976], [109.67567236426602, 40.65038357391976], [109.67567236426602, 40.650024247806115], [109.67549270120921, 40.650024247806115], [109.67549270120921, 40.64984458474929], [109.67459438592508, 40.64984458474929], [109.67459438592508, 40.64930559557882], [109.67441472286826, 40.64930559557882], [109.67441472286826, 40.64894626946517], [109.6747740489819, 40.64894626946517], [109.6747740489819, 40.648766606408344], [109.67495371203873, 40.648766606408344], [109.67495371203873, 40.648586943351525], [109.6747740489819, 40.648586943351525], [109.6747740489819, 40.64822761723788], [109.67459438592508, 40.64822761723788], [109.67459438592508, 40.6484072802947], [109.67423505981144, 40.6484072802947], [109.67423505981144, 40.64822761723788], [109.67405539675461, 40.64822761723788], [109.67405539675461, 40.647868291124226], [109.67387573369778, 40.647868291124226], [109.67387573369778, 40.64768862806741], [109.67405539675461, 40.64768862806741], [109.67405539675461, 40.64750896501058], [109.67441472286826, 40.64750896501058], [109.67441472286826, 40.64768862806741], [109.67459438592508, 40.64768862806741], [109.67459438592508, 40.64750896501058], [109.67531303815238, 40.64750896501058], [109.67531303815238, 40.64768862806741], [109.67549270120921, 40.64768862806741], [109.67549270120921, 40.647868291124226], [109.67513337509556, 40.647868291124226], [109.67513337509556, 40.64822761723788], [109.67531303815238, 40.64822761723788], [109.67531303815238, 40.6484072802947], [109.67549270120921, 40.6484072802947], [109.67549270120921, 40.648586943351525], [109.67531303815238, 40.648586943351525], [109.67531303815238, 40.648766606408344], [109.67495371203873, 40.648766606408344], [109.67495371203873, 40.64894626946517], [109.67531303815238, 40.64894626946517], [109.67531303815238, 40.649125932522], [109.67549270120921, 40.649125932522], [109.67549270120921, 40.648766606408344], [109.67603169037967, 40.648766606408344], [109.67603169037967, 40.64894626946517], [109.6762113534365, 40.64894626946517], [109.6762113534365, 40.64948525863564], [109.67657067955014, 40.64948525863564], [109.67657067955014, 40.64984458474929], [109.67639101649333, 40.64984458474929], [109.67639101649333, 40.650024247806115], [109.67603169037967, 40.650024247806115], [109.67603169037967, 40.65020391086294], [109.67639101649333, 40.65020391086294], [109.67639101649333, 40.65038357391976], [109.67657067955014, 40.65038357391976], [109.67657067955014, 40.65020391086294], [109.67693000566379, 40.65020391086294], [109.67693000566379, 40.65038357391976], [109.67728933177744, 40.65038357391976], [109.67728933177744, 40.65074290003341], [109.67675034260697, 40.65074290003341], [109.67675034260697, 40.65092256309023], [109.67800798400474, 40.65092256309023], [109.67800798400474, 40.65128188920388], [109.67818764706156, 40.65128188920388], [109.67818764706156, 40.65182087837435], [109.67836731011839, 40.65182087837435], [109.67836731011839, 40.65200054143118], [109.6785469731752, 40.65200054143118], [109.6785469731752, 40.652359867544824], [109.67800798400474, 40.652359867544824], [109.67800798400474, 40.65253953060165], [109.67836731011839, 40.65253953060165], [109.67836731011839, 40.65271919365847], [109.67764865789108, 40.65271919365847], [109.67764865789108, 40.65253953060165], [109.67585202732285, 40.65253953060165], [109.67585202732285, 40.65271919365847], [109.67549270120921, 40.65271919365847], [109.67549270120921, 40.6528988567153], [109.67513337509556, 40.6528988567153], [109.67513337509556, 40.652359867544824], [109.6747740489819, 40.652359867544824], [109.6747740489819, 40.65253953060165], [109.67459438592508, 40.65253953060165], [109.67459438592508, 40.65271919365847], [109.6747740489819, 40.65271919365847], [109.6747740489819, 40.65307851977212], [109.67405539675461, 40.65307851977212]], [[109.67567236426602, 40.64948525863564], [109.67531303815238, 40.64948525863564], [109.67531303815238, 40.64930559557882], [109.67549270120921, 40.64930559557882], [109.67549270120921, 40.649125932522], [109.67567236426602, 40.649125932522], [109.67567236426602, 40.64948525863564]], [[109.67531303815238, 40.64966492169247], [109.67513337509556, 40.64966492169247], [109.67513337509556, 40.64948525863564], [109.67531303815238, 40.64948525863564], [109.67531303815238, 40.64966492169247]], [[109.67639101649333, 40.65110222614706], [109.6762113534365, 40.65110222614706], [109.6762113534365, 40.65074290003341], [109.67657067955014, 40.65074290003341], [109.67657067955014, 40.65092256309023], [109.67639101649333, 40.65092256309023], [109.67639101649333, 40.65110222614706]], [[109.67800798400474, 40.65164121531753], [109.67782832094791, 40.65164121531753], [109.67782832094791, 40.651461552260706], [109.67800798400474, 40.651461552260706], [109.67800798400474, 40.65164121531753]], [[109.67782832094791, 40.65182087837435], [109.67764865789108, 40.65182087837435], [109.67764865789108, 40.65164121531753], [109.67782832094791, 40.65164121531753], [109.67782832094791, 40.65182087837435]]]}, "properties": {"name": "cand09", "ptype": "hall", "confidence": "low", "rank": 9, "area_ha": 14.2, "rise_db": 10.0, "digitised_from": "Sentinel-1 VV rise 2022->2026, orbit 11"}}, {"type": "Feature", "geometry": {"geodesic": false, "type": "Polygon", "coordinates": [[[109.6672282005953, 40.61319332115721], [109.6672282005953, 40.612833995043566], [109.66704853753848, 40.612833995043566], [109.66704853753848, 40.611396690588975], [109.66686887448165, 40.611396690588975], [109.66686887448165, 40.61121702753215], [109.66632988531119, 40.61121702753215], [109.66632988531119, 40.61067803836168], [109.66650954836801, 40.61067803836168], [109.66650954836801, 40.61031871224803], [109.66686887448165, 40.61031871224803], [109.66686887448165, 40.609959386134385], [109.66704853753848, 40.609959386134385], [109.66704853753848, 40.60977972307756], [109.6672282005953, 40.60977972307756], [109.6672282005953, 40.60960006002074], [109.66740786365213, 40.60960006002074], [109.66740786365213, 40.60942039696391], [109.66758752670896, 40.60942039696391], [109.66758752670896, 40.60960006002074], [109.66776718976577, 40.60960006002074], [109.66776718976577, 40.60977972307756], [109.6679468528226, 40.60977972307756], [109.6679468528226, 40.609959386134385], [109.66830617893625, 40.609959386134385], [109.66830617893625, 40.60977972307756], [109.66866550504989, 40.60977972307756], [109.66866550504989, 40.609959386134385], [109.66902483116354, 40.609959386134385], [109.66902483116354, 40.60977972307756], [109.66920449422037, 40.60977972307756], [109.66920449422037, 40.610139049191204], [109.6693841572772, 40.610139049191204], [109.6693841572772, 40.61049837530486], [109.66956382033402, 40.61049837530486], [109.66956382033402, 40.61031871224803], [109.66992314644766, 40.61031871224803], [109.66992314644766, 40.610139049191204], [109.67028247256131, 40.610139049191204], [109.67028247256131, 40.611396690588975], [109.67010280950448, 40.611396690588975], [109.67010280950448, 40.61175601670262], [109.66992314644766, 40.61175601670262], [109.66992314644766, 40.61247466892992], [109.67010280950448, 40.61247466892992], [109.67010280950448, 40.61265433198674], [109.67028247256131, 40.61265433198674], [109.67028247256131, 40.612833995043566], [109.67010280950448, 40.612833995043566], [109.67010280950448, 40.61301365810039], [109.66920449422037, 40.61301365810039], [109.66920449422037, 40.612833995043566], [109.66758752670896, 40.612833995043566], [109.66758752670896, 40.61301365810039], [109.66740786365213, 40.61301365810039], [109.66740786365213, 40.61319332115721], [109.6672282005953, 40.61319332115721]], [[109.66902483116354, 40.61031871224803], [109.66884516810671, 40.61031871224803], [109.66884516810671, 40.610139049191204], [109.66902483116354, 40.610139049191204], [109.66902483116354, 40.61031871224803]], [[109.66974348339083, 40.61067803836168], [109.66956382033402, 40.61067803836168], [109.66956382033402, 40.61049837530486], [109.66974348339083, 40.61049837530486], [109.66974348339083, 40.61067803836168]], [[109.66812651587942, 40.611396690588975], [109.6679468528226, 40.611396690588975], [109.6679468528226, 40.61121702753215], [109.66812651587942, 40.61121702753215], [109.66812651587942, 40.611396690588975]], [[109.66974348339083, 40.611396690588975], [109.66920449422037, 40.611396690588975], [109.66920449422037, 40.61121702753215], [109.6693841572772, 40.61121702753215], [109.6693841572772, 40.6108577014185], [109.66992314644766, 40.6108577014185], [109.66992314644766, 40.61121702753215], [109.66974348339083, 40.61121702753215], [109.66974348339083, 40.611396690588975]]]}, "properties": {"name": "cand10", "ptype": "hall", "confidence": "low", "rank": 10, "area_ha": 11.8, "rise_db": 12.1, "digitised_from": "Sentinel-1 VV rise 2022->2026, orbit 11"}}, {"type": "Feature", "geometry": {"geodesic": false, "type": "Polygon", "coordinates": [[[109.65878403692457, 40.607623766395676], [109.65878403692457, 40.60726444028202], [109.65860437386776, 40.60726444028202], [109.65860437386776, 40.60744410333885], [109.65824504775411, 40.60744410333885], [109.65824504775411, 40.60726444028202], [109.65806538469728, 40.60726444028202], [109.65806538469728, 40.60690511416838], [109.65788572164045, 40.60690511416838], [109.65788572164045, 40.60672545111155], [109.65806538469728, 40.60672545111155], [109.65806538469728, 40.606366124997905], [109.65788572164045, 40.606366124997905], [109.65788572164045, 40.60600679888426], [109.65806538469728, 40.60600679888426], [109.65806538469728, 40.60564747277061], [109.65788572164045, 40.60564747277061], [109.65788572164045, 40.60528814665696], [109.65806538469728, 40.60528814665696], [109.65806538469728, 40.60456949442967], [109.65716706941316, 40.60456949442967], [109.65716706941316, 40.60474915748649], [109.65698740635634, 40.60474915748649], [109.65698740635634, 40.60438983137284], [109.65716706941316, 40.60438983137284], [109.65716706941316, 40.604210168316015], [109.65734673246999, 40.604210168316015], [109.65734673246999, 40.604030505259196], [109.65788572164045, 40.604030505259196], [109.65788572164045, 40.604210168316015], [109.65806538469728, 40.604210168316015], [109.65806538469728, 40.60438983137284], [109.65824504775411, 40.60438983137284], [109.65824504775411, 40.604030505259196], [109.65842471081093, 40.604030505259196], [109.65842471081093, 40.60385084220237], [109.65860437386776, 40.60385084220237], [109.65860437386776, 40.604030505259196], [109.6589636999814, 40.604030505259196], [109.6589636999814, 40.60385084220237], [109.65914336303823, 40.60385084220237], [109.65914336303823, 40.60367117914555], [109.65878403692457, 40.60367117914555], [109.65878403692457, 40.6033118530319], [109.6589636999814, 40.6033118530319], [109.6589636999814, 40.60313218997508], [109.65932302609505, 40.60313218997508], [109.65932302609505, 40.6033118530319], [109.65950268915188, 40.6033118530319], [109.65950268915188, 40.603491516088724], [109.6596823522087, 40.603491516088724], [109.6596823522087, 40.60367117914555], [109.66022134137917, 40.60367117914555], [109.66022134137917, 40.603491516088724], [109.66004167832234, 40.603491516088724], [109.66004167832234, 40.6033118530319], [109.65986201526552, 40.6033118530319], [109.65986201526552, 40.60313218997508], [109.660401004436, 40.60313218997508], [109.660401004436, 40.6033118530319], [109.66111965666329, 40.6033118530319], [109.66111965666329, 40.60367117914555], [109.66058066749282, 40.60367117914555], [109.66058066749282, 40.604030505259196], [109.66076033054964, 40.604030505259196], [109.66076033054964, 40.60438983137284], [109.66111965666329, 40.60438983137284], [109.66111965666329, 40.60456949442967], [109.66129931972011, 40.60456949442967], [109.66129931972011, 40.60474915748649], [109.66147898277694, 40.60474915748649], [109.66147898277694, 40.60510848360014], [109.66076033054964, 40.60510848360014], [109.66076033054964, 40.60474915748649], [109.660401004436, 40.60474915748649], [109.660401004436, 40.60510848360014], [109.66058066749282, 40.60510848360014], [109.66058066749282, 40.60528814665696], [109.66076033054964, 40.60528814665696], [109.66076033054964, 40.60546780971379], [109.660401004436, 40.60546780971379], [109.660401004436, 40.60564747277061], [109.66004167832234, 40.60564747277061], [109.66004167832234, 40.60528814665696], [109.65986201526552, 40.60528814665696], [109.65986201526552, 40.60546780971379], [109.65950268915188, 40.60546780971379], [109.65950268915188, 40.60582713582743], [109.6596823522087, 40.60582713582743], [109.6596823522087, 40.60600679888426], [109.65950268915188, 40.60600679888426], [109.65950268915188, 40.606366124997905], [109.65932302609505, 40.606366124997905], [109.65932302609505, 40.60654578805473], [109.65914336303823, 40.60654578805473], [109.65914336303823, 40.60672545111155], [109.6589636999814, 40.60672545111155], [109.6589636999814, 40.607084777225204], [109.65878403692457, 40.607084777225204], [109.65878403692457, 40.60726444028202], [109.6589636999814, 40.60726444028202], [109.6589636999814, 40.607623766395676], [109.65878403692457, 40.607623766395676]], [[109.65860437386776, 40.604210168316015], [109.65842471081093, 40.604210168316015], [109.65842471081093, 40.604030505259196], [109.65860437386776, 40.604030505259196], [109.65860437386776, 40.604210168316015]], [[109.66022134137917, 40.604210168316015], [109.66004167832234, 40.604210168316015], [109.66004167832234, 40.604030505259196], [109.66022134137917, 40.604030505259196], [109.66022134137917, 40.604210168316015]], [[109.66058066749282, 40.60438983137284], [109.660401004436, 40.60438983137284], [109.660401004436, 40.604210168316015], [109.66058066749282, 40.604210168316015], [109.66058066749282, 40.60438983137284]], [[109.65914336303823, 40.604928820543314], [109.65878403692457, 40.604928820543314], [109.65878403692457, 40.60474915748649], [109.65914336303823, 40.60474915748649], [109.65914336303823, 40.604928820543314]], [[109.65932302609505, 40.60528814665696], [109.65914336303823, 40.60528814665696], [109.65914336303823, 40.604928820543314], [109.6596823522087, 40.604928820543314], [109.6596823522087, 40.60474915748649], [109.65986201526552, 40.60474915748649], [109.65986201526552, 40.60456949442967], [109.6596823522087, 40.60456949442967], [109.6596823522087, 40.60438983137284], [109.65950268915188, 40.60438983137284], [109.65950268915188, 40.604210168316015], [109.65914336303823, 40.604210168316015], [109.65914336303823, 40.604030505259196], [109.65932302609505, 40.604030505259196], [109.65932302609505, 40.60385084220237], [109.65950268915188, 40.60385084220237], [109.65950268915188, 40.604030505259196], [109.6596823522087, 40.604030505259196], [109.6596823522087, 40.604210168316015], [109.66004167832234, 40.604210168316015], [109.66004167832234, 40.60438983137284], [109.66022134137917, 40.60438983137284], [109.66022134137917, 40.60456949442967], [109.660401004436, 40.60456949442967], [109.660401004436, 40.60474915748649], [109.66004167832234, 40.60474915748649], [109.66004167832234, 40.60510848360014], [109.65932302609505, 40.60510848360014], [109.65932302609505, 40.60528814665696]], [[109.65878403692457, 40.606366124997905], [109.65860437386776, 40.606366124997905], [109.65860437386776, 40.60618646194108], [109.65878403692457, 40.60618646194108], [109.65878403692457, 40.606366124997905]], [[109.6589636999814, 40.60672545111155], [109.65860437386776, 40.60672545111155], [109.65860437386776, 40.60654578805473], [109.65878403692457, 40.60654578805473], [109.65878403692457, 40.606366124997905], [109.6589636999814, 40.606366124997905], [109.6589636999814, 40.60672545111155]]]}, "properties": {"name": "cand11", "ptype": "hall", "confidence": "low", "rank": 11, "area_ha": 9.3, "rise_db": 9.3, "digitised_from": "Sentinel-1 VV rise 2022->2026, orbit 11"}}, {"type": "Feature", "geometry": {"geodesic": false, "type": "Polygon", "coordinates": [[[109.65231616687892, 40.6108577014185], [109.65231616687892, 40.61049837530486], [109.65213650382209, 40.61049837530486], [109.65213650382209, 40.610139049191204], [109.65195684076527, 40.610139049191204], [109.65195684076527, 40.609959386134385], [109.65105852548115, 40.609959386134385], [109.65105852548115, 40.610139049191204], [109.65069919936751, 40.610139049191204], [109.65069919936751, 40.60977972307756], [109.65087886242432, 40.60977972307756], [109.65087886242432, 40.60906107085027], [109.65105852548115, 40.60906107085027], [109.65105852548115, 40.60888140779344], [109.65177717770845, 40.60888140779344], [109.65177717770845, 40.608522081679794], [109.65195684076527, 40.608522081679794], [109.65195684076527, 40.60816275556614], [109.65213650382209, 40.60816275556614], [109.65213650382209, 40.60798309250932], [109.65195684076527, 40.60798309250932], [109.65195684076527, 40.607623766395676], [109.65123818853797, 40.607623766395676], [109.65123818853797, 40.60726444028202], [109.65375347133352, 40.60726444028202], [109.65375347133352, 40.607623766395676], [109.65393313439033, 40.607623766395676], [109.65393313439033, 40.60744410333885], [109.65465178661763, 40.60744410333885], [109.65465178661763, 40.607803429452495], [109.65447212356081, 40.607803429452495], [109.65447212356081, 40.60798309250932], [109.65429246050398, 40.60798309250932], [109.65429246050398, 40.60816275556614], [109.65393313439033, 40.60816275556614], [109.65393313439033, 40.60834241862297], [109.65375347133352, 40.60834241862297], [109.65375347133352, 40.60888140779344], [109.65357380827669, 40.60888140779344], [109.65357380827669, 40.60906107085027], [109.65321448216304, 40.60906107085027], [109.65321448216304, 40.609240733907086], [109.65285515604938, 40.609240733907086], [109.65285515604938, 40.60942039696391], [109.65267549299257, 40.60942039696391], [109.65267549299257, 40.609959386134385], [109.65249582993575, 40.609959386134385], [109.65249582993575, 40.61049837530486], [109.65267549299257, 40.61049837530486], [109.65267549299257, 40.61067803836168], [109.65249582993575, 40.61067803836168], [109.65249582993575, 40.6108577014185], [109.65231616687892, 40.6108577014185]], [[109.65321448216304, 40.60834241862297], [109.65303481910621, 40.60834241862297], [109.65303481910621, 40.60816275556614], [109.65285515604938, 40.60816275556614], [109.65285515604938, 40.60798309250932], [109.65303481910621, 40.60798309250932], [109.65303481910621, 40.607803429452495], [109.65375347133352, 40.607803429452495], [109.65375347133352, 40.60798309250932], [109.65339414521986, 40.60798309250932], [109.65339414521986, 40.60816275556614], [109.65321448216304, 40.60816275556614], [109.65321448216304, 40.60834241862297]], [[109.65213650382209, 40.60977972307756], [109.65177717770845, 40.60977972307756], [109.65177717770845, 40.60960006002074], [109.65159751465163, 40.60960006002074], [109.65159751465163, 40.609240733907086], [109.65177717770845, 40.609240733907086], [109.65177717770845, 40.60942039696391], [109.65213650382209, 40.60942039696391], [109.65213650382209, 40.60977972307756]]]}, "properties": {"name": "cand12", "ptype": "hall", "confidence": "low", "rank": 12, "area_ha": 7.3, "rise_db": 6.7, "digitised_from": "Sentinel-1 VV rise 2022->2026, orbit 11"}}, {"type": "Feature", "geometry": {"geodesic": false, "type": "Polygon", "coordinates": [[[109.66309595028835, 40.607084777225204], [109.66309595028835, 40.60690511416838], [109.66291628723152, 40.60690511416838], [109.66291628723152, 40.60672545111155], [109.66255696111789, 40.60672545111155], [109.66255696111789, 40.607084777225204], [109.66219763500423, 40.607084777225204], [109.66219763500423, 40.60690511416838], [109.66183830889058, 40.60690511416838], [109.66183830889058, 40.607084777225204], [109.66147898277694, 40.607084777225204], [109.66147898277694, 40.60690511416838], [109.66129931972011, 40.60690511416838], [109.66129931972011, 40.606366124997905], [109.66147898277694, 40.606366124997905], [109.66147898277694, 40.60618646194108], [109.66165864583377, 40.60618646194108], [109.66165864583377, 40.60582713582743], [109.66147898277694, 40.60582713582743], [109.66147898277694, 40.60528814665696], [109.66183830889058, 40.60528814665696], [109.66183830889058, 40.60510848360014], [109.66165864583377, 40.60510848360014], [109.66165864583377, 40.604928820543314], [109.66183830889058, 40.604928820543314], [109.66183830889058, 40.60456949442967], [109.66165864583377, 40.60456949442967], [109.66165864583377, 40.604210168316015], [109.6620179719474, 40.604210168316015], [109.6620179719474, 40.60438983137284], [109.66183830889058, 40.60438983137284], [109.66183830889058, 40.60456949442967], [109.66219763500423, 40.60456949442967], [109.66219763500423, 40.60474915748649], [109.66237729806106, 40.60474915748649], [109.66237729806106, 40.60438983137284], [109.6627366241747, 40.60438983137284], [109.6627366241747, 40.604210168316015], [109.66291628723152, 40.604210168316015], [109.66291628723152, 40.60438983137284], [109.66327561334518, 40.60438983137284], [109.66327561334518, 40.604210168316015], [109.66363493945883, 40.604210168316015], [109.66363493945883, 40.60438983137284], [109.66399426557247, 40.60438983137284], [109.66399426557247, 40.60474915748649], [109.66363493945883, 40.60474915748649], [109.66363493945883, 40.604928820543314], [109.66399426557247, 40.604928820543314], [109.66399426557247, 40.60510848360014], [109.66363493945883, 40.60510848360014], [109.66363493945883, 40.60528814665696], [109.66219763500423, 40.60528814665696], [109.66219763500423, 40.60546780971379], [109.66237729806106, 40.60546780971379], [109.66237729806106, 40.60564747277061], [109.6627366241747, 40.60564747277061], [109.6627366241747, 40.60546780971379], [109.66327561334518, 40.60546780971379], [109.66327561334518, 40.60564747277061], [109.66363493945883, 40.60564747277061], [109.66363493945883, 40.60546780971379], [109.66381460251564, 40.60546780971379], [109.66381460251564, 40.60528814665696], [109.66399426557247, 40.60528814665696], [109.66399426557247, 40.60546780971379], [109.66435359168612, 40.60546780971379], [109.66435359168612, 40.60582713582743], [109.6641739286293, 40.60582713582743], [109.6641739286293, 40.60618646194108], [109.66399426557247, 40.60618646194108], [109.66399426557247, 40.606366124997905], [109.66363493945883, 40.606366124997905], [109.66363493945883, 40.60618646194108], [109.663455276402, 40.60618646194108], [109.663455276402, 40.606366124997905], [109.66309595028835, 40.606366124997905], [109.66309595028835, 40.60654578805473], [109.663455276402, 40.60654578805473], [109.663455276402, 40.60672545111155], [109.66327561334518, 40.60672545111155], [109.66327561334518, 40.60690511416838], [109.663455276402, 40.60690511416838], [109.663455276402, 40.607084777225204], [109.66309595028835, 40.607084777225204]], [[109.66309595028835, 40.60474915748649], [109.66291628723152, 40.60474915748649], [109.66291628723152, 40.60456949442967], [109.66309595028835, 40.60456949442967], [109.66309595028835, 40.60474915748649]], [[109.66381460251564, 40.60600679888426], [109.663455276402, 40.60600679888426], [109.663455276402, 40.60582713582743], [109.66381460251564, 40.60582713582743], [109.66381460251564, 40.60600679888426]], [[109.663455276402, 40.60618646194108], [109.66327561334518, 40.60618646194108], [109.66327561334518, 40.60600679888426], [109.663455276402, 40.60600679888426], [109.663455276402, 40.60618646194108]]]}, "properties": {"name": "cand13", "ptype": "hall", "confidence": "low", "rank": 13, "area_ha": 6.6, "rise_db": 9.7, "digitised_from": "Sentinel-1 VV rise 2022->2026, orbit 11"}}, {"type": "Feature", "geometry": {"geodesic": false, "type": "Polygon", "coordinates": [[[109.65914336303823, 40.61103736447533], [109.65914336303823, 40.6108577014185], [109.6589636999814, 40.6108577014185], [109.6589636999814, 40.61067803836168], [109.65878403692457, 40.61067803836168], [109.65878403692457, 40.61049837530486], [109.6589636999814, 40.61049837530486], [109.6589636999814, 40.61031871224803], [109.65914336303823, 40.61031871224803], [109.65914336303823, 40.609959386134385], [109.6589636999814, 40.609959386134385], [109.6589636999814, 40.60977972307756], [109.65860437386776, 40.60977972307756], [109.65860437386776, 40.60942039696391], [109.65878403692457, 40.60942039696391], [109.65878403692457, 40.609240733907086], [109.6589636999814, 40.609240733907086], [109.6589636999814, 40.60977972307756], [109.65950268915188, 40.60977972307756], [109.65950268915188, 40.60960006002074], [109.6596823522087, 40.60960006002074], [109.6596823522087, 40.60888140779344], [109.65950268915188, 40.60888140779344], [109.65950268915188, 40.608522081679794], [109.6596823522087, 40.608522081679794], [109.6596823522087, 40.608701744736614], [109.66004167832234, 40.608701744736614], [109.66004167832234, 40.60834241862297], [109.66111965666329, 40.60834241862297], [109.66111965666329, 40.608701744736614], [109.66327561334518, 40.608701744736614], [109.66327561334518, 40.60888140779344], [109.663455276402, 40.60888140779344], [109.663455276402, 40.60906107085027], [109.66309595028835, 40.60906107085027], [109.66309595028835, 40.609240733907086], [109.6620179719474, 40.609240733907086], [109.6620179719474, 40.60906107085027], [109.66165864583377, 40.60906107085027], [109.66165864583377, 40.609240733907086], [109.66129931972011, 40.609240733907086], [109.66129931972011, 40.60942039696391], [109.66111965666329, 40.60942039696391], [109.66111965666329, 40.60960006002074], [109.66129931972011, 40.60960006002074], [109.66129931972011, 40.60977972307756], [109.66111965666329, 40.60977972307756], [109.66111965666329, 40.61031871224803], [109.66129931972011, 40.61031871224803], [109.66129931972011, 40.61067803836168], [109.66111965666329, 40.61067803836168], [109.66111965666329, 40.6108577014185], [109.660401004436, 40.6108577014185], [109.660401004436, 40.61067803836168], [109.66022134137917, 40.61067803836168], [109.66022134137917, 40.6108577014185], [109.65950268915188, 40.6108577014185], [109.65950268915188, 40.61103736447533], [109.65914336303823, 40.61103736447533]], [[109.66111965666329, 40.60888140779344], [109.66093999360646, 40.60888140779344], [109.66093999360646, 40.608701744736614], [109.66111965666329, 40.608701744736614], [109.66111965666329, 40.60888140779344]], [[109.66076033054964, 40.60960006002074], [109.66058066749282, 40.60960006002074], [109.66058066749282, 40.60942039696391], [109.660401004436, 40.60942039696391], [109.660401004436, 40.609240733907086], [109.66022134137917, 40.609240733907086], [109.66022134137917, 40.60888140779344], [109.66004167832234, 40.60888140779344], [109.66004167832234, 40.608701744736614], [109.66076033054964, 40.608701744736614], [109.66076033054964, 40.60888140779344], [109.66093999360646, 40.60888140779344], [109.66093999360646, 40.60906107085027], [109.66076033054964, 40.60906107085027], [109.66076033054964, 40.609240733907086], [109.66093999360646, 40.609240733907086], [109.66093999360646, 40.60942039696391], [109.66076033054964, 40.60942039696391], [109.66076033054964, 40.60960006002074]], [[109.66022134137917, 40.61067803836168], [109.6596823522087, 40.61067803836168], [109.6596823522087, 40.61049837530486], [109.66022134137917, 40.61049837530486], [109.66022134137917, 40.61067803836168]]]}, "properties": {"name": "cand14", "ptype": "hall", "confidence": "low", "rank": 14, "area_ha": 6.4, "rise_db": 8.2, "digitised_from": "Sentinel-1 VV rise 2022->2026, orbit 11"}}, {"type": "Feature", "geometry": {"geodesic": false, "type": "Polygon", "coordinates": [[[109.6183598491392, 40.60834241862297], [109.6183598491392, 40.60816275556614], [109.61782085996873, 40.60816275556614], [109.61782085996873, 40.60798309250932], [109.61728187079825, 40.60798309250932], [109.61728187079825, 40.607803429452495], [109.61710220774144, 40.607803429452495], [109.61710220774144, 40.60726444028202], [109.61692254468461, 40.60726444028202], [109.61692254468461, 40.607084777225204], [109.61674288162779, 40.607084777225204], [109.61674288162779, 40.60690511416838], [109.61692254468461, 40.60690511416838], [109.61692254468461, 40.60672545111155], [109.61710220774144, 40.60672545111155], [109.61710220774144, 40.60654578805473], [109.61728187079825, 40.60654578805473], [109.61728187079825, 40.606366124997905], [109.61818018608237, 40.606366124997905], [109.61818018608237, 40.60618646194108], [109.61853951219602, 40.60618646194108], [109.61853951219602, 40.60600679888426], [109.6190785013665, 40.60600679888426], [109.6190785013665, 40.60618646194108], [109.61961749053697, 40.60618646194108], [109.61961749053697, 40.606366124997905], [109.6197971535938, 40.606366124997905], [109.6197971535938, 40.60654578805473], [109.61961749053697, 40.60654578805473], [109.61961749053697, 40.60672545111155], [109.61943782748014, 40.60672545111155], [109.61943782748014, 40.60690511416838], [109.61925816442331, 40.60690511416838], [109.61925816442331, 40.607084777225204], [109.61943782748014, 40.607084777225204], [109.61943782748014, 40.60726444028202], [109.61961749053697, 40.60726444028202], [109.61961749053697, 40.607084777225204], [109.61997681665062, 40.607084777225204], [109.61997681665062, 40.60726444028202], [109.62015647970743, 40.60726444028202], [109.62015647970743, 40.60744410333885], [109.61997681665062, 40.60744410333885], [109.61997681665062, 40.607623766395676], [109.6197971535938, 40.607623766395676], [109.6197971535938, 40.607803429452495], [109.61961749053697, 40.607803429452495], [109.61961749053697, 40.607623766395676], [109.61925816442331, 40.607623766395676], [109.61925816442331, 40.60834241862297], [109.6183598491392, 40.60834241862297]], [[109.61943782748014, 40.60744410333885], [109.61925816442331, 40.60744410333885], [109.61925816442331, 40.60726444028202], [109.61943782748014, 40.60726444028202], [109.61943782748014, 40.60744410333885]]]}, "properties": {"name": "cand15", "ptype": "hall", "confidence": "low", "rank": 15, "area_ha": 6.1, "rise_db": 9.0, "digitised_from": "Sentinel-1 VV rise 2022->2026, orbit 11"}}, {"type": "Feature", "geometry": {"geodesic": false, "type": "Polygon", "coordinates": [[[109.68591315850499, 40.61624759312322], [109.68591315850499, 40.61552894089593], [109.68555383239134, 40.61552894089593], [109.68555383239134, 40.6153492778391], [109.6851945062777, 40.6153492778391], [109.6851945062777, 40.615169614782275], [109.68501484322087, 40.615169614782275], [109.68501484322087, 40.614989951725455], [109.6851945062777, 40.614989951725455], [109.6851945062777, 40.61481028866863], [109.68537416933452, 40.61481028866863], [109.68537416933452, 40.61445096255498], [109.6851945062777, 40.61445096255498], [109.6851945062777, 40.61427129949816], [109.68501484322087, 40.61427129949816], [109.68501484322087, 40.61391197338451], [109.68555383239134, 40.61391197338451], [109.68555383239134, 40.613732310327684], [109.68591315850499, 40.613732310327684], [109.68591315850499, 40.61337298421404], [109.68609282156181, 40.61337298421404], [109.68609282156181, 40.61319332115721], [109.68645214767545, 40.61319332115721], [109.68645214767545, 40.61337298421404], [109.68663181073228, 40.61337298421404], [109.68663181073228, 40.613552647270865], [109.6868114737891, 40.613552647270865], [109.6868114737891, 40.613732310327684], [109.68735046295959, 40.613732310327684], [109.68735046295959, 40.6153492778391], [109.68699113684593, 40.6153492778391], [109.68699113684593, 40.61570860395275], [109.68717079990276, 40.61570860395275], [109.68717079990276, 40.615888267009574], [109.68699113684593, 40.615888267009574], [109.68699113684593, 40.61624759312322], [109.68591315850499, 40.61624759312322]]]}, "properties": {"name": "cand16", "ptype": "hall", "confidence": "low", "rank": 16, "area_ha": 6.0, "rise_db": 11.2, "digitised_from": "Sentinel-1 VV rise 2022->2026, orbit 11"}}, {"type": "Feature", "geometry": {"geodesic": false, "type": "Polygon", "coordinates": [[[109.66902483116354, 40.64607166055599], [109.66902483116354, 40.64589199749916], [109.66884516810671, 40.64589199749916], [109.66884516810671, 40.645712334442344], [109.66866550504989, 40.645712334442344], [109.66866550504989, 40.64553267138552], [109.6679468528226, 40.64553267138552], [109.6679468528226, 40.64535300832869], [109.66740786365213, 40.64535300832869], [109.66740786365213, 40.64517334527187], [109.6672282005953, 40.64517334527187], [109.6672282005953, 40.644993682215045], [109.66668921142482, 40.644993682215045], [109.66668921142482, 40.64481401915822], [109.66650954836801, 40.64481401915822], [109.66650954836801, 40.6446343561014], [109.66668921142482, 40.6446343561014], [109.66668921142482, 40.6439157038741], [109.66758752670896, 40.6439157038741], [109.66758752670896, 40.64373604081728], [109.66776718976577, 40.64373604081728], [109.66776718976577, 40.643556377760454], [109.66884516810671, 40.643556377760454], [109.66884516810671, 40.64337671470363], [109.66902483116354, 40.64337671470363], [109.66902483116354, 40.643556377760454], [109.66920449422037, 40.643556377760454], [109.66920449422037, 40.6439157038741], [109.66866550504989, 40.6439157038741], [109.66866550504989, 40.64409536693093], [109.66884516810671, 40.64409536693093], [109.66884516810671, 40.64445469304457], [109.66866550504989, 40.64445469304457], [109.66866550504989, 40.6446343561014], [109.66848584199307, 40.6446343561014], [109.66848584199307, 40.64445469304457], [109.66812651587942, 40.64445469304457], [109.66812651587942, 40.644275029987746], [109.6679468528226, 40.644275029987746], [109.6679468528226, 40.64445469304457], [109.66776718976577, 40.64445469304457], [109.66776718976577, 40.644993682215045], [109.66812651587942, 40.644993682215045], [109.66812651587942, 40.64517334527187], [109.66830617893625, 40.64517334527187], [109.66830617893625, 40.644993682215045], [109.66848584199307, 40.644993682215045], [109.66848584199307, 40.64535300832869], [109.66866550504989, 40.64535300832869], [109.66866550504989, 40.64553267138552], [109.66902483116354, 40.64553267138552], [109.66902483116354, 40.645712334442344], [109.6693841572772, 40.645712334442344], [109.6693841572772, 40.64535300832869], [109.66956382033402, 40.64535300832869], [109.66956382033402, 40.64517334527187], [109.66884516810671, 40.64517334527187], [109.66884516810671, 40.644993682215045], [109.66902483116354, 40.644993682215045], [109.66902483116354, 40.6446343561014], [109.66974348339083, 40.6446343561014], [109.66974348339083, 40.644275029987746], [109.66956382033402, 40.644275029987746], [109.66956382033402, 40.6439157038741], [109.66974348339083, 40.6439157038741], [109.66974348339083, 40.64373604081728], [109.67010280950448, 40.64373604081728], [109.67010280950448, 40.64445469304457], [109.67028247256131, 40.64445469304457], [109.67028247256131, 40.64481401915822], [109.67046213561814, 40.64481401915822], [109.67046213561814, 40.64517334527187], [109.6710011247886, 40.64517334527187], [109.6710011247886, 40.64535300832869], [109.66974348339083, 40.64535300832869], [109.66974348339083, 40.645712334442344], [109.66992314644766, 40.645712334442344], [109.66992314644766, 40.64607166055599], [109.66902483116354, 40.64607166055599]]]}, "properties": {"name": "cand17", "ptype": "hall", "confidence": "low", "rank": 17, "area_ha": 6.0, "rise_db": 9.9, "digitised_from": "Sentinel-1 VV rise 2022->2026, orbit 11"}}, {"type": "Feature", "geometry": {"geodesic": false, "type": "Polygon", "coordinates": [[[109.64980088408339, 40.6108577014185], [109.64980088408339, 40.61067803836168], [109.64962122102656, 40.61067803836168], [109.64962122102656, 40.61049837530486], [109.64980088408339, 40.61049837530486], [109.64980088408339, 40.610139049191204], [109.64926189491291, 40.610139049191204], [109.64926189491291, 40.609959386134385], [109.64908223185608, 40.609959386134385], [109.64908223185608, 40.60977972307756], [109.64890256879926, 40.60977972307756], [109.64890256879926, 40.60942039696391], [109.64872290574245, 40.60942039696391], [109.64872290574245, 40.609240733907086], [109.64890256879926, 40.609240733907086], [109.64890256879926, 40.60906107085027], [109.64872290574245, 40.60906107085027], [109.64872290574245, 40.60798309250932], [109.64890256879926, 40.60798309250932], [109.64890256879926, 40.607623766395676], [109.64908223185608, 40.607623766395676], [109.64908223185608, 40.60744410333885], [109.64926189491291, 40.60744410333885], [109.64926189491291, 40.60726444028202], [109.65016021019703, 40.60726444028202], [109.65016021019703, 40.60744410333885], [109.65051953631068, 40.60744410333885], [109.65051953631068, 40.60726444028202], [109.65087886242432, 40.60726444028202], [109.65087886242432, 40.607623766395676], [109.65069919936751, 40.607623766395676], [109.65069919936751, 40.608522081679794], [109.65051953631068, 40.608522081679794], [109.65051953631068, 40.608701744736614], [109.65033987325386, 40.608701744736614], [109.65033987325386, 40.60888140779344], [109.65016021019703, 40.60888140779344], [109.65016021019703, 40.60977972307756], [109.65033987325386, 40.60977972307756], [109.65033987325386, 40.609959386134385], [109.65016021019703, 40.609959386134385], [109.65016021019703, 40.61049837530486], [109.65033987325386, 40.61049837530486], [109.65033987325386, 40.6108577014185], [109.64980088408339, 40.6108577014185]]]}, "properties": {"name": "cand18", "ptype": "hall", "confidence": "low", "rank": 18, "area_ha": 6.0, "rise_db": 7.7, "digitised_from": "Sentinel-1 VV rise 2022->2026, orbit 11"}}, {"type": "Feature", "geometry": {"geodesic": false, "type": "Polygon", "coordinates": [[[109.68196057125486, 40.65469548728353], [109.68196057125486, 40.65433616116989], [109.68214023431169, 40.65433616116989], [109.68214023431169, 40.65397683505624], [109.6814215820844, 40.65397683505624], [109.6814215820844, 40.65415649811307], [109.68160124514121, 40.65415649811307], [109.68160124514121, 40.65433616116989], [109.68178090819804, 40.65433616116989], [109.68178090819804, 40.65469548728353], [109.6814215820844, 40.65469548728353], [109.6814215820844, 40.65451582422671], [109.68124191902757, 40.65451582422671], [109.68124191902757, 40.65433616116989], [109.68106225597074, 40.65433616116989], [109.68106225597074, 40.65415649811307], [109.68088259291392, 40.65415649811307], [109.68088259291392, 40.65397683505624], [109.68070292985709, 40.65397683505624], [109.68070292985709, 40.653797171999415], [109.68052326680026, 40.653797171999415], [109.68052326680026, 40.65307851977212], [109.68070292985709, 40.65307851977212], [109.68070292985709, 40.6528988567153], [109.68088259291392, 40.6528988567153], [109.68088259291392, 40.652359867544824], [109.68070292985709, 40.652359867544824], [109.68070292985709, 40.652180204488005], [109.68088259291392, 40.652180204488005], [109.68088259291392, 40.65182087837435], [109.68160124514121, 40.65182087837435], [109.68160124514121, 40.652180204488005], [109.68178090819804, 40.652180204488005], [109.68178090819804, 40.65253953060165], [109.68196057125486, 40.65253953060165], [109.68196057125486, 40.652359867544824], [109.68249956042533, 40.652359867544824], [109.68249956042533, 40.65253953060165], [109.68267922348215, 40.65253953060165], [109.68267922348215, 40.65271919365847], [109.68321821265263, 40.65271919365847], [109.68321821265263, 40.6528988567153], [109.68339787570946, 40.6528988567153], [109.68339787570946, 40.65271919365847], [109.6837572018231, 40.65271919365847], [109.6837572018231, 40.65325818282894], [109.68357753876627, 40.65325818282894], [109.68357753876627, 40.653617508942595], [109.68339787570946, 40.653617508942595], [109.68339787570946, 40.65307851977212], [109.68321821265263, 40.65307851977212], [109.68321821265263, 40.6528988567153], [109.68267922348215, 40.6528988567153], [109.68267922348215, 40.65307851977212], [109.68249956042533, 40.65307851977212], [109.68249956042533, 40.65325818282894], [109.68321821265263, 40.65325818282894], [109.68321821265263, 40.65343784588577], [109.6830385495958, 40.65343784588577], [109.6830385495958, 40.653617508942595], [109.68285888653898, 40.653617508942595], [109.68285888653898, 40.65343784588577], [109.68214023431169, 40.65343784588577], [109.68214023431169, 40.653617508942595], [109.68267922348215, 40.653617508942595], [109.68267922348215, 40.653797171999415], [109.68357753876627, 40.653797171999415], [109.68357753876627, 40.65397683505624], [109.68339787570946, 40.65397683505624], [109.68339787570946, 40.65415649811307], [109.6830385495958, 40.65415649811307], [109.6830385495958, 40.65397683505624], [109.68285888653898, 40.65397683505624], [109.68285888653898, 40.65415649811307], [109.68267922348215, 40.65415649811307], [109.68267922348215, 40.65433616116989], [109.68249956042533, 40.65433616116989], [109.68249956042533, 40.65451582422671], [109.68231989736852, 40.65451582422671], [109.68231989736852, 40.65469548728353], [109.68196057125486, 40.65469548728353]], [[109.68231989736852, 40.65307851977212], [109.68160124514121, 40.65307851977212], [109.68160124514121, 40.6528988567153], [109.68231989736852, 40.6528988567153], [109.68231989736852, 40.65307851977212]], [[109.68267922348215, 40.65415649811307], [109.68249956042533, 40.65415649811307], [109.68249956042533, 40.65397683505624], [109.68267922348215, 40.65397683505624], [109.68267922348215, 40.65415649811307]]]}, "properties": {"name": "cand19", "ptype": "hall", "confidence": "low", "rank": 19, "area_ha": 6.0, "rise_db": 9.8, "digitised_from": "Sentinel-1 VV rise 2022->2026, orbit 11"}}, {"type": "Feature", "geometry": {"geodesic": false, "type": "Polygon", "coordinates": [[[109.66076033054964, 40.62055950648699], [109.66076033054964, 40.62037984343017], [109.65842471081093, 40.62037984343017], [109.65842471081093, 40.620200180373345], [109.65824504775411, 40.620200180373345], [109.65824504775411, 40.62037984343017], [109.65716706941316, 40.62037984343017], [109.65716706941316, 40.620200180373345], [109.65698740635634, 40.620200180373345], [109.65698740635634, 40.61966119120287], [109.65752639552682, 40.61966119120287], [109.65752639552682, 40.61948152814605], [109.65806538469728, 40.61948152814605], [109.65806538469728, 40.61966119120287], [109.65860437386776, 40.61966119120287], [109.65860437386776, 40.620020517316526], [109.6589636999814, 40.620020517316526], [109.6589636999814, 40.61948152814605], [109.66022134137917, 40.61948152814605], [109.66022134137917, 40.6198408542597], [109.66004167832234, 40.6198408542597], [109.66004167832234, 40.620020517316526], [109.660401004436, 40.620020517316526], [109.660401004436, 40.61948152814605], [109.66093999360646, 40.61948152814605], [109.66093999360646, 40.61966119120287], [109.66129931972011, 40.61966119120287], [109.66129931972011, 40.6198408542597], [109.66147898277694, 40.6198408542597], [109.66147898277694, 40.61966119120287], [109.66219763500423, 40.61966119120287], [109.66219763500423, 40.6198408542597], [109.66237729806106, 40.6198408542597], [109.66237729806106, 40.61966119120287], [109.66327561334518, 40.61966119120287], [109.66327561334518, 40.6198408542597], [109.66309595028835, 40.6198408542597], [109.66309595028835, 40.620020517316526], [109.66327561334518, 40.620020517316526], [109.66327561334518, 40.62037984343017], [109.66309595028835, 40.62037984343017], [109.66309595028835, 40.620200180373345], [109.6627366241747, 40.620200180373345], [109.6627366241747, 40.62037984343017], [109.66093999360646, 40.62037984343017], [109.66093999360646, 40.62055950648699], [109.66076033054964, 40.62055950648699]]]}, "properties": {"name": "cand20", "ptype": "hall", "confidence": "low", "rank": 20, "area_ha": 5.6, "rise_db": 5.4, "digitised_from": "Sentinel-1 VV rise 2022->2026, orbit 11"}}, {"type": "Feature", "geometry": {"geodesic": false, "type": "Polygon", "coordinates": [[[109.66632988531119, 40.64553267138552], [109.66632988531119, 40.64535300832869], [109.66615022225436, 40.64535300832869], [109.66615022225436, 40.64553267138552], [109.66597055919753, 40.64553267138552], [109.66597055919753, 40.64535300832869], [109.66615022225436, 40.64535300832869], [109.66615022225436, 40.64517334527187], [109.66632988531119, 40.64517334527187], [109.66632988531119, 40.644993682215045], [109.66597055919753, 40.644993682215045], [109.66597055919753, 40.6446343561014], [109.6657908961407, 40.6446343561014], [109.6657908961407, 40.6439157038741], [109.6656112330839, 40.6439157038741], [109.6656112330839, 40.644275029987746], [109.66543157002707, 40.644275029987746], [109.66543157002707, 40.64445469304457], [109.66489258085659, 40.64445469304457], [109.66489258085659, 40.64409536693093], [109.66471291779976, 40.64409536693093], [109.66471291779976, 40.64319705164681], [109.66489258085659, 40.64319705164681], [109.66489258085659, 40.642658062476336], [109.66507224391341, 40.642658062476336], [109.66507224391341, 40.64247839941951], [109.66525190697024, 40.64247839941951], [109.66525190697024, 40.642658062476336], [109.6657908961407, 40.642658062476336], [109.6657908961407, 40.642837725533155], [109.66615022225436, 40.642837725533155], [109.66615022225436, 40.642658062476336], [109.66632988531119, 40.642658062476336], [109.66632988531119, 40.64247839941951], [109.66615022225436, 40.64247839941951], [109.66615022225436, 40.64229873636268], [109.66597055919753, 40.64229873636268], [109.66597055919753, 40.64193941024904], [109.66615022225436, 40.64193941024904], [109.66615022225436, 40.64175974719222], [109.66632988531119, 40.64175974719222], [109.66632988531119, 40.64158008413539], [109.66668921142482, 40.64158008413539], [109.66668921142482, 40.64175974719222], [109.66686887448165, 40.64175974719222], [109.66686887448165, 40.64158008413539], [109.66704853753848, 40.64158008413539], [109.66704853753848, 40.64175974719222], [109.66740786365213, 40.64175974719222], [109.66740786365213, 40.64193941024904], [109.66776718976577, 40.64193941024904], [109.66776718976577, 40.642119073305864], [109.6679468528226, 40.642119073305864], [109.6679468528226, 40.64229873636268], [109.66776718976577, 40.64229873636268], [109.66776718976577, 40.64247839941951], [109.66758752670896, 40.64247839941951], [109.66758752670896, 40.642837725533155], [109.66740786365213, 40.642837725533155], [109.66740786365213, 40.64301738858998], [109.6672282005953, 40.64301738858998], [109.6672282005953, 40.642837725533155], [109.66704853753848, 40.642837725533155], [109.66704853753848, 40.64247839941951], [109.6672282005953, 40.64247839941951], [109.6672282005953, 40.64229873636268], [109.66704853753848, 40.64229873636268], [109.66704853753848, 40.642119073305864], [109.66686887448165, 40.642119073305864], [109.66686887448165, 40.64247839941951], [109.66668921142482, 40.64247839941951], [109.66668921142482, 40.642658062476336], [109.66650954836801, 40.642658062476336], [109.66650954836801, 40.64319705164681], [109.66632988531119, 40.64319705164681], [109.66632988531119, 40.643556377760454], [109.66615022225436, 40.643556377760454], [109.66615022225436, 40.64481401915822], [109.66632988531119, 40.64481401915822], [109.66632988531119, 40.644993682215045], [109.66650954836801, 40.644993682215045], [109.66650954836801, 40.64553267138552], [109.66632988531119, 40.64553267138552]], [[109.6657908961407, 40.643556377760454], [109.66543157002707, 40.643556377760454], [109.66543157002707, 40.64337671470363], [109.6657908961407, 40.64337671470363], [109.6657908961407, 40.643556377760454]]]}, "properties": {"name": "cand21", "ptype": "hall", "confidence": "low", "rank": 21, "area_ha": 5.3, "rise_db": 7.8, "digitised_from": "Sentinel-1 VV rise 2022->2026, orbit 11"}}, {"type": "Feature", "geometry": {"geodesic": false, "type": "Polygon", "coordinates": [[[109.68609282156181, 40.60546780971379], [109.68609282156181, 40.60528814665696], [109.68591315850499, 40.60528814665696], [109.68591315850499, 40.60510848360014], [109.68609282156181, 40.60510848360014], [109.68609282156181, 40.60438983137284], [109.68591315850499, 40.60438983137284], [109.68591315850499, 40.604030505259196], [109.68609282156181, 40.604030505259196], [109.68609282156181, 40.60385084220237], [109.68627248461864, 40.60385084220237], [109.68627248461864, 40.603491516088724], [109.68609282156181, 40.603491516088724], [109.68609282156181, 40.6033118530319], [109.68591315850499, 40.6033118530319], [109.68591315850499, 40.60295252691825], [109.68573349544816, 40.60295252691825], [109.68573349544816, 40.602772863861425], [109.68483518016404, 40.602772863861425], [109.68483518016404, 40.602593200804606], [109.68465551710722, 40.602593200804606], [109.68465551710722, 40.60241353774778], [109.68483518016404, 40.60241353774778], [109.68483518016404, 40.60223387469095], [109.68501484322087, 40.60223387469095], [109.68501484322087, 40.60241353774778], [109.68609282156181, 40.60241353774778], [109.68609282156181, 40.602593200804606], [109.68591315850499, 40.602593200804606], [109.68591315850499, 40.602772863861425], [109.68627248461864, 40.602772863861425], [109.68627248461864, 40.602593200804606], [109.68645214767545, 40.602593200804606], [109.68645214767545, 40.602772863861425], [109.6868114737891, 40.602772863861425], [109.6868114737891, 40.602593200804606], [109.68770978907322, 40.602593200804606], [109.68770978907322, 40.6033118530319], [109.68788945213005, 40.6033118530319], [109.68788945213005, 40.60385084220237], [109.68770978907322, 40.60385084220237], [109.68770978907322, 40.604030505259196], [109.68735046295959, 40.604030505259196], [109.68735046295959, 40.60385084220237], [109.6868114737891, 40.60385084220237], [109.6868114737891, 40.604030505259196], [109.68663181073228, 40.604030505259196], [109.68663181073228, 40.60385084220237], [109.68627248461864, 40.60385084220237], [109.68627248461864, 40.604030505259196], [109.68645214767545, 40.604030505259196], [109.68645214767545, 40.604210168316015], [109.68663181073228, 40.604210168316015], [109.68663181073228, 40.60438983137284], [109.68717079990276, 40.60438983137284], [109.68717079990276, 40.60456949442967], [109.68735046295959, 40.60456949442967], [109.68735046295959, 40.604928820543314], [109.6875301260164, 40.604928820543314], [109.6875301260164, 40.60510848360014], [109.68735046295959, 40.60510848360014], [109.68735046295959, 40.60528814665696], [109.68627248461864, 40.60528814665696], [109.68627248461864, 40.60546780971379], [109.68609282156181, 40.60546780971379]], [[109.6868114737891, 40.604928820543314], [109.68663181073228, 40.604928820543314], [109.68663181073228, 40.60474915748649], [109.6868114737891, 40.60474915748649], [109.6868114737891, 40.604928820543314]]]}, "properties": {"name": "cand22", "ptype": "hall", "confidence": "low", "rank": 22, "area_ha": 5.1, "rise_db": 7.1, "digitised_from": "Sentinel-1 VV rise 2022->2026, orbit 11"}}, {"type": "Feature", "geometry": {"geodesic": false, "type": "Polygon", "coordinates": [[[109.69381833300524, 40.65864807453366], [109.69381833300524, 40.65846841147684], [109.69363866994841, 40.65846841147684], [109.69363866994841, 40.65810908536319], [109.69381833300524, 40.65810908536319], [109.69381833300524, 40.65792942230637], [109.69399799606207, 40.65792942230637], [109.69399799606207, 40.65774975924954], [109.69417765911889, 40.65774975924954], [109.69417765911889, 40.65721077007907], [109.69399799606207, 40.65721077007907], [109.69399799606207, 40.65685144396542], [109.69381833300524, 40.65685144396542], [109.69381833300524, 40.65631245479495], [109.69417765911889, 40.65631245479495], [109.69417765911889, 40.65613279173813], [109.69489631134618, 40.65613279173813], [109.69489631134618, 40.65631245479495], [109.69543530051665, 40.65631245479495], [109.69543530051665, 40.656492117851776], [109.69597428968713, 40.656492117851776], [109.69597428968713, 40.656671780908596], [109.69669294191442, 40.656671780908596], [109.69669294191442, 40.65703110702225], [109.69633361580077, 40.65703110702225], [109.69633361580077, 40.65721077007907], [109.69615395274396, 40.65721077007907], [109.69615395274396, 40.657390433135895], [109.69597428968713, 40.657390433135895], [109.69597428968713, 40.65757009619272], [109.6957946266303, 40.65757009619272], [109.6957946266303, 40.65774975924954], [109.69561496357348, 40.65774975924954], [109.69561496357348, 40.65792942230637], [109.69543530051665, 40.65792942230637], [109.69543530051665, 40.65810908536319], [109.69525563745984, 40.65810908536319], [109.69525563745984, 40.65828874842001], [109.69507597440301, 40.65828874842001], [109.69507597440301, 40.65810908536319], [109.69489631134618, 40.65810908536319], [109.69489631134618, 40.65774975924954], [109.69471664828936, 40.65774975924954], [109.69471664828936, 40.65792942230637], [109.69453698523253, 40.65792942230637], [109.69453698523253, 40.65846841147684], [109.6943573221757, 40.65846841147684], [109.6943573221757, 40.65864807453366], [109.69381833300524, 40.65864807453366]], [[109.69489631134618, 40.65721077007907], [109.69453698523253, 40.65721077007907], [109.69453698523253, 40.65685144396542], [109.69471664828936, 40.65685144396542], [109.69471664828936, 40.65703110702225], [109.69489631134618, 40.65703110702225], [109.69489631134618, 40.65721077007907]]]}, "properties": {"name": "cand23", "ptype": "hall", "confidence": "low", "rank": 23, "area_ha": 5.0, "rise_db": 7.7, "digitised_from": "Sentinel-1 VV rise 2022->2026, orbit 11"}}, {"type": "Feature", "geometry": {"geodesic": false, "type": "Polygon", "coordinates": [[[109.66848584199307, 40.61786456063464], [109.66848584199307, 40.61750523452099], [109.66866550504989, 40.61750523452099], [109.66866550504989, 40.61714590840734], [109.66848584199307, 40.61714590840734], [109.66848584199307, 40.61696624535052], [109.66866550504989, 40.61696624535052], [109.66866550504989, 40.616606919236865], [109.66848584199307, 40.616606919236865], [109.66848584199307, 40.61624759312322], [109.66866550504989, 40.61624759312322], [109.66866550504989, 40.6160679300664], [109.6693841572772, 40.6160679300664], [109.6693841572772, 40.615888267009574], [109.66992314644766, 40.615888267009574], [109.66992314644766, 40.61570860395275], [109.67010280950448, 40.61570860395275], [109.67010280950448, 40.61552894089593], [109.67046213561814, 40.61552894089593], [109.67046213561814, 40.61570860395275], [109.67064179867495, 40.61570860395275], [109.67064179867495, 40.6160679300664], [109.67046213561814, 40.6160679300664], [109.67046213561814, 40.61624759312322], [109.67010280950448, 40.61624759312322], [109.67010280950448, 40.616427256180046], [109.67136045090226, 40.616427256180046], [109.67136045090226, 40.615888267009574], [109.67189944007272, 40.615888267009574], [109.67189944007272, 40.61624759312322], [109.6717197770159, 40.61624759312322], [109.6717197770159, 40.616427256180046], [109.67154011395908, 40.616427256180046], [109.67154011395908, 40.616606919236865], [109.67189944007272, 40.616606919236865], [109.67189944007272, 40.61678658229369], [109.6717197770159, 40.61678658229369], [109.6717197770159, 40.617325571464164], [109.67154011395908, 40.617325571464164], [109.67154011395908, 40.61714590840734], [109.6710011247886, 40.61714590840734], [109.6710011247886, 40.61678658229369], [109.67010280950448, 40.61678658229369], [109.67010280950448, 40.61696624535052], [109.66992314644766, 40.61696624535052], [109.66992314644766, 40.61714590840734], [109.66974348339083, 40.61714590840734], [109.66974348339083, 40.617325571464164], [109.66992314644766, 40.617325571464164], [109.66992314644766, 40.61768489757781], [109.66956382033402, 40.61768489757781], [109.66956382033402, 40.61750523452099], [109.6693841572772, 40.61750523452099], [109.6693841572772, 40.61768489757781], [109.66920449422037, 40.61768489757781], [109.66920449422037, 40.61786456063464], [109.66848584199307, 40.61786456063464]]]}, "properties": {"name": "cand24", "ptype": "hall", "confidence": "low", "rank": 24, "area_ha": 5.0, "rise_db": 8.1, "digitised_from": "Sentinel-1 VV rise 2022->2026, orbit 11"}}, {"type": "Feature", "geometry": {"geodesic": false, "type": "Polygon", "coordinates": [[[109.68160124514121, 40.60582713582743], [109.68160124514121, 40.60564747277061], [109.68106225597074, 40.60564747277061], [109.68106225597074, 40.60546780971379], [109.68052326680026, 40.60546780971379], [109.68052326680026, 40.60528814665696], [109.68034360374345, 40.60528814665696], [109.68034360374345, 40.604030505259196], [109.68052326680026, 40.604030505259196], [109.68052326680026, 40.60385084220237], [109.68070292985709, 40.60385084220237], [109.68070292985709, 40.60367117914555], [109.68088259291392, 40.60367117914555], [109.68088259291392, 40.603491516088724], [109.68214023431169, 40.603491516088724], [109.68214023431169, 40.60367117914555], [109.68231989736852, 40.60367117914555], [109.68231989736852, 40.60385084220237], [109.68249956042533, 40.60385084220237], [109.68249956042533, 40.60438983137284], [109.68214023431169, 40.60438983137284], [109.68214023431169, 40.60474915748649], [109.68196057125486, 40.60474915748649], [109.68196057125486, 40.604928820543314], [109.68214023431169, 40.604928820543314], [109.68214023431169, 40.60510848360014], [109.68196057125486, 40.60510848360014], [109.68196057125486, 40.60528814665696], [109.68231989736852, 40.60528814665696], [109.68231989736852, 40.60546780971379], [109.68249956042533, 40.60546780971379], [109.68249956042533, 40.60564747277061], [109.68178090819804, 40.60564747277061], [109.68178090819804, 40.60582713582743], [109.68160124514121, 40.60582713582743]], [[109.68124191902757, 40.604030505259196], [109.68106225597074, 40.604030505259196], [109.68106225597074, 40.60385084220237], [109.68124191902757, 40.60385084220237], [109.68124191902757, 40.604030505259196]], [[109.68196057125486, 40.60510848360014], [109.68178090819804, 40.60510848360014], [109.68178090819804, 40.604928820543314], [109.68196057125486, 40.604928820543314], [109.68196057125486, 40.60510848360014]], [[109.68196057125486, 40.60546780971379], [109.68178090819804, 40.60546780971379], [109.68178090819804, 40.60528814665696], [109.68196057125486, 40.60528814665696], [109.68196057125486, 40.60546780971379]]]}, "properties": {"name": "cand25", "ptype": "hall", "confidence": "low", "rank": 25, "area_ha": 4.6, "rise_db": 9.9, "digitised_from": "Sentinel-1 VV rise 2022->2026, orbit 11"}}, {"type": "Feature", "geometry": {"geodesic": false, "type": "Polygon", "coordinates": [[[109.65069919936751, 40.59271173267929], [109.65069919936751, 40.59217274350882], [109.65033987325386, 40.59217274350882], [109.65033987325386, 40.59199308045199], [109.65016021019703, 40.59199308045199], [109.65016021019703, 40.591633754338346], [109.65033987325386, 40.591633754338346], [109.65033987325386, 40.59181341739517], [109.65069919936751, 40.59181341739517], [109.65069919936751, 40.591633754338346], [109.65087886242432, 40.591633754338346], [109.65087886242432, 40.59145409128152], [109.65105852548115, 40.59145409128152], [109.65105852548115, 40.591633754338346], [109.65123818853797, 40.591633754338346], [109.65123818853797, 40.59181341739517], [109.65159751465163, 40.59181341739517], [109.65159751465163, 40.591633754338346], [109.65195684076527, 40.591633754338346], [109.65195684076527, 40.590196449883756], [109.65177717770845, 40.590196449883756], [109.65177717770845, 40.58911847154281], [109.65195684076527, 40.58911847154281], [109.65195684076527, 40.58839981931551], [109.65249582993575, 40.58839981931551], [109.65249582993575, 40.58857948237234], [109.65267549299257, 40.58857948237234], [109.65267549299257, 40.588759145429165], [109.65249582993575, 40.588759145429165], [109.65249582993575, 40.58911847154281], [109.65285515604938, 40.58911847154281], [109.65285515604938, 40.58929813459964], [109.65303481910621, 40.58929813459964], [109.65303481910621, 40.58947779765646], [109.65321448216304, 40.58947779765646], [109.65321448216304, 40.58965746071328], [109.65339414521986, 40.58965746071328], [109.65339414521986, 40.59001678682693], [109.65285515604938, 40.59001678682693], [109.65285515604938, 40.58983712377011], [109.65267549299257, 40.58983712377011], [109.65267549299257, 40.590376112940575], [109.65249582993575, 40.590376112940575], [109.65249582993575, 40.5905557759974], [109.65267549299257, 40.5905557759974], [109.65267549299257, 40.59073543905423], [109.65249582993575, 40.59073543905423], [109.65249582993575, 40.5912744282247], [109.65231616687892, 40.5912744282247], [109.65231616687892, 40.59181341739517], [109.65249582993575, 40.59181341739517], [109.65249582993575, 40.59199308045199], [109.65195684076527, 40.59199308045199], [109.65195684076527, 40.59217274350882], [109.65087886242432, 40.59217274350882], [109.65087886242432, 40.59271173267929], [109.65069919936751, 40.59271173267929]]]}, "properties": {"name": "cand26", "ptype": "hall", "confidence": "low", "rank": 26, "area_ha": 4.6, "rise_db": 7.2, "digitised_from": "Sentinel-1 VV rise 2022->2026, orbit 11"}}, {"type": "Feature", "geometry": {"geodesic": false, "type": "Polygon", "coordinates": [[[109.67333674452732, 40.61750523452099], [109.67333674452732, 40.617325571464164], [109.67315708147049, 40.617325571464164], [109.67315708147049, 40.61750523452099], [109.67279775535684, 40.61750523452099], [109.67279775535684, 40.617325571464164], [109.67315708147049, 40.617325571464164], [109.67315708147049, 40.61714590840734], [109.67297741841367, 40.61714590840734], [109.67297741841367, 40.61696624535052], [109.67279775535684, 40.61696624535052], [109.67279775535684, 40.61678658229369], [109.67261809230001, 40.61678658229369], [109.67261809230001, 40.616606919236865], [109.6724384292432, 40.616606919236865], [109.6724384292432, 40.616427256180046], [109.67261809230001, 40.616427256180046], [109.67261809230001, 40.61624759312322], [109.67315708147049, 40.61624759312322], [109.67315708147049, 40.6160679300664], [109.67297741841367, 40.6160679300664], [109.67297741841367, 40.615888267009574], [109.67315708147049, 40.615888267009574], [109.67315708147049, 40.61570860395275], [109.67405539675461, 40.61570860395275], [109.67405539675461, 40.6160679300664], [109.67387573369778, 40.6160679300664], [109.67387573369778, 40.61624759312322], [109.67423505981144, 40.61624759312322], [109.67423505981144, 40.616427256180046], [109.67441472286826, 40.616427256180046], [109.67441472286826, 40.61624759312322], [109.67495371203873, 40.61624759312322], [109.67495371203873, 40.6160679300664], [109.67441472286826, 40.6160679300664], [109.67441472286826, 40.61570860395275], [109.67495371203873, 40.61570860395275], [109.67495371203873, 40.615888267009574], [109.67513337509556, 40.615888267009574], [109.67513337509556, 40.617325571464164], [109.67495371203873, 40.617325571464164], [109.67495371203873, 40.61750523452099], [109.67333674452732, 40.61750523452099]], [[109.6747740489819, 40.61714590840734], [109.67459438592508, 40.61714590840734], [109.67459438592508, 40.61696624535052], [109.6747740489819, 40.61696624535052], [109.6747740489819, 40.61714590840734]]]}, "properties": {"name": "cand27", "ptype": "hall", "confidence": "low", "rank": 27, "area_ha": 4.4, "rise_db": 8.5, "digitised_from": "Sentinel-1 VV rise 2022->2026, orbit 11"}}, {"type": "Feature", "geometry": {"geodesic": false, "type": "Polygon", "coordinates": [[[109.68106225597074, 40.61319332115721], [109.68106225597074, 40.61301365810039], [109.68088259291392, 40.61301365810039], [109.68088259291392, 40.612833995043566], [109.68106225597074, 40.612833995043566], [109.68106225597074, 40.61265433198674], [109.68088259291392, 40.61265433198674], [109.68088259291392, 40.61211534281627], [109.68106225597074, 40.61211534281627], [109.68106225597074, 40.61175601670262], [109.68124191902757, 40.61175601670262], [109.68124191902757, 40.61193567975945], [109.68231989736852, 40.61193567975945], [109.68231989736852, 40.61175601670262], [109.68267922348215, 40.61175601670262], [109.68267922348215, 40.6115763536458], [109.68321821265263, 40.6115763536458], [109.68321821265263, 40.61193567975945], [109.6830385495958, 40.61193567975945], [109.6830385495958, 40.61247466892992], [109.68321821265263, 40.61247466892992], [109.68321821265263, 40.612295005873094], [109.68357753876627, 40.612295005873094], [109.68357753876627, 40.61265433198674], [109.6837572018231, 40.61265433198674], [109.6837572018231, 40.612833995043566], [109.68393686487993, 40.612833995043566], [109.68393686487993, 40.61301365810039], [109.6814215820844, 40.61301365810039], [109.6814215820844, 40.61319332115721], [109.68106225597074, 40.61319332115721]], [[109.68178090819804, 40.61265433198674], [109.68160124514121, 40.61265433198674], [109.68160124514121, 40.61247466892992], [109.68178090819804, 40.61247466892992], [109.68178090819804, 40.61265433198674]], [[109.68267922348215, 40.61265433198674], [109.68249956042533, 40.61265433198674], [109.68249956042533, 40.61247466892992], [109.68267922348215, 40.61247466892992], [109.68267922348215, 40.61265433198674]]]}, "properties": {"name": "cand28", "ptype": "hall", "confidence": "low", "rank": 28, "area_ha": 3.7, "rise_db": 9.5, "digitised_from": "Sentinel-1 VV rise 2022->2026, orbit 11"}}, {"type": "Feature", "geometry": {"geodesic": false, "type": "Polygon", "coordinates": [[[109.61045467463894, 40.61570860395275], [109.61045467463894, 40.61552894089593], [109.61027501158212, 40.61552894089593], [109.61027501158212, 40.61570860395275], [109.6100953485253, 40.61570860395275], [109.6100953485253, 40.61552894089593], [109.60991568546848, 40.61552894089593], [109.60991568546848, 40.6153492778391], [109.60955635935483, 40.6153492778391], [109.60955635935483, 40.615169614782275], [109.60973602241165, 40.615169614782275], [109.60973602241165, 40.614989951725455], [109.6100953485253, 40.614989951725455], [109.6100953485253, 40.615169614782275], [109.61027501158212, 40.615169614782275], [109.61027501158212, 40.6153492778391], [109.61045467463894, 40.6153492778391], [109.61045467463894, 40.615169614782275], [109.61063433769577, 40.615169614782275], [109.61063433769577, 40.614989951725455], [109.61027501158212, 40.614989951725455], [109.61027501158212, 40.61481028866863], [109.61045467463894, 40.61481028866863], [109.61045467463894, 40.6146306256118], [109.60955635935483, 40.6146306256118], [109.60955635935483, 40.61481028866863], [109.60919703324119, 40.61481028866863], [109.60919703324119, 40.6146306256118], [109.609376696298, 40.6146306256118], [109.609376696298, 40.61445096255498], [109.61027501158212, 40.61445096255498], [109.61027501158212, 40.61427129949816], [109.60991568546848, 40.61427129949816], [109.60991568546848, 40.61409163644133], [109.61045467463894, 40.61409163644133], [109.61045467463894, 40.613552647270865], [109.61027501158212, 40.613552647270865], [109.61027501158212, 40.61391197338451], [109.6100953485253, 40.61391197338451], [109.6100953485253, 40.613732310327684], [109.60991568546848, 40.613732310327684], [109.60991568546848, 40.61391197338451], [109.60955635935483, 40.61391197338451], [109.60955635935483, 40.61409163644133], [109.60919703324119, 40.61409163644133], [109.60919703324119, 40.61427129949816], [109.60901737018436, 40.61427129949816], [109.60901737018436, 40.61409163644133], [109.60919703324119, 40.61409163644133], [109.60919703324119, 40.61391197338451], [109.60955635935483, 40.61391197338451], [109.60955635935483, 40.613732310327684], [109.60973602241165, 40.613732310327684], [109.60973602241165, 40.61337298421404], [109.6108140007526, 40.61337298421404], [109.6108140007526, 40.613552647270865], [109.61117332686625, 40.613552647270865], [109.61117332686625, 40.61337298421404], [109.61135298992306, 40.61337298421404], [109.61135298992306, 40.613552647270865], [109.61189197909354, 40.613552647270865], [109.61189197909354, 40.613732310327684], [109.61171231603672, 40.613732310327684], [109.61171231603672, 40.61391197338451], [109.61207164215037, 40.61391197338451], [109.61207164215037, 40.61409163644133], [109.61189197909354, 40.61409163644133], [109.61189197909354, 40.61427129949816], [109.61171231603672, 40.61427129949816], [109.61171231603672, 40.61445096255498], [109.61207164215037, 40.61445096255498], [109.61207164215037, 40.61427129949816], [109.61243096826401, 40.61427129949816], [109.61243096826401, 40.613732310327684], [109.61225130520718, 40.613732310327684], [109.61225130520718, 40.613552647270865], [109.61261063132083, 40.613552647270865], [109.61261063132083, 40.61337298421404], [109.61279029437766, 40.61337298421404], [109.61279029437766, 40.613552647270865], [109.61261063132083, 40.613552647270865], [109.61261063132083, 40.613732310327684], [109.61279029437766, 40.613732310327684], [109.61279029437766, 40.61391197338451], [109.61261063132083, 40.61391197338451], [109.61261063132083, 40.61409163644133], [109.61279029437766, 40.61409163644133], [109.61279029437766, 40.61445096255498], [109.61243096826401, 40.61445096255498], [109.61243096826401, 40.6146306256118], [109.61171231603672, 40.6146306256118], [109.61171231603672, 40.61445096255498], [109.61153265297989, 40.61445096255498], [109.61153265297989, 40.61427129949816], [109.61171231603672, 40.61427129949816], [109.61171231603672, 40.61391197338451], [109.61153265297989, 40.61391197338451], [109.61153265297989, 40.61409163644133], [109.61117332686625, 40.61409163644133], [109.61117332686625, 40.61391197338451], [109.61099366380942, 40.61391197338451], [109.61099366380942, 40.613732310327684], [109.61063433769577, 40.613732310327684], [109.61063433769577, 40.61391197338451], [109.6108140007526, 40.61391197338451], [109.6108140007526, 40.61409163644133], [109.61099366380942, 40.61409163644133], [109.61099366380942, 40.61427129949816], [109.6108140007526, 40.61427129949816], [109.6108140007526, 40.61409163644133], [109.61063433769577, 40.61409163644133], [109.61063433769577, 40.6146306256118], [109.6108140007526, 40.6146306256118], [109.6108140007526, 40.61481028866863], [109.61063433769577, 40.61481028866863], [109.61063433769577, 40.614989951725455], [109.61099366380942, 40.614989951725455], [109.61099366380942, 40.6153492778391], [109.61117332686625, 40.6153492778391], [109.61117332686625, 40.61552894089593], [109.61099366380942, 40.61552894089593], [109.61099366380942, 40.6153492778391], [109.6108140007526, 40.6153492778391], [109.6108140007526, 40.61570860395275], [109.61045467463894, 40.61570860395275]], [[109.61135298992306, 40.613732310327684], [109.61117332686625, 40.613732310327684], [109.61117332686625, 40.613552647270865], [109.61135298992306, 40.613552647270865], [109.61135298992306, 40.613732310327684]]]}, "properties": {"name": "cand29", "ptype": "hall", "confidence": "low", "rank": 29, "area_ha": 3.7, "rise_db": 5.9, "digitised_from": "Sentinel-1 VV rise 2022->2026, orbit 11"}}, {"type": "Feature", "geometry": {"geodesic": false, "type": "Polygon", "coordinates": [[[109.66758752670896, 40.65343784588577], [109.66758752670896, 40.65325818282894], [109.66632988531119, 40.65325818282894], [109.66632988531119, 40.65307851977212], [109.66615022225436, 40.65307851977212], [109.66615022225436, 40.65325818282894], [109.66597055919753, 40.65325818282894], [109.66597055919753, 40.65307851977212], [109.6657908961407, 40.65307851977212], [109.6657908961407, 40.65325818282894], [109.66525190697024, 40.65325818282894], [109.66525190697024, 40.65307851977212], [109.66489258085659, 40.65307851977212], [109.66489258085659, 40.6528988567153], [109.66471291779976, 40.6528988567153], [109.66471291779976, 40.65307851977212], [109.66435359168612, 40.65307851977212], [109.66435359168612, 40.6528988567153], [109.66453325474295, 40.6528988567153], [109.66453325474295, 40.652359867544824], [109.66471291779976, 40.652359867544824], [109.66471291779976, 40.652180204488005], [109.66507224391341, 40.652180204488005], [109.66507224391341, 40.652359867544824], [109.6657908961407, 40.652359867544824], [109.6657908961407, 40.65253953060165], [109.66632988531119, 40.65253953060165], [109.66632988531119, 40.65271919365847], [109.66650954836801, 40.65271919365847], [109.66650954836801, 40.65253953060165], [109.66704853753848, 40.65253953060165], [109.66704853753848, 40.65271919365847], [109.66740786365213, 40.65271919365847], [109.66740786365213, 40.652359867544824], [109.66758752670896, 40.652359867544824], [109.66758752670896, 40.652180204488005], [109.66776718976577, 40.652180204488005], [109.66776718976577, 40.652359867544824], [109.6679468528226, 40.652359867544824], [109.6679468528226, 40.65253953060165], [109.66830617893625, 40.65253953060165], [109.66830617893625, 40.65307851977212], [109.6679468528226, 40.65307851977212], [109.6679468528226, 40.65325818282894], [109.66776718976577, 40.65325818282894], [109.66776718976577, 40.65343784588577], [109.66758752670896, 40.65343784588577]], [[109.66525190697024, 40.65271919365847], [109.66507224391341, 40.65271919365847], [109.66507224391341, 40.65253953060165], [109.66525190697024, 40.65253953060165], [109.66525190697024, 40.65271919365847]]]}, "properties": {"name": "cand30", "ptype": "hall", "confidence": "low", "rank": 30, "area_ha": 3.4, "rise_db": 9.8, "digitised_from": "Sentinel-1 VV rise 2022->2026, orbit 11"}}, {"type": "Feature", "geometry": {"geodesic": false, "type": "Polygon", "coordinates": [[[109.67872663623203, 40.60582713582743], [109.67872663623203, 40.60564747277061], [109.6785469731752, 40.60564747277061], [109.6785469731752, 40.60528814665696], [109.67836731011839, 40.60528814665696], [109.67836731011839, 40.60510848360014], [109.6785469731752, 40.60510848360014], [109.6785469731752, 40.60456949442967], [109.67818764706156, 40.60456949442967], [109.67818764706156, 40.60438983137284], [109.67836731011839, 40.60438983137284], [109.67836731011839, 40.604210168316015], [109.67818764706156, 40.604210168316015], [109.67818764706156, 40.604030505259196], [109.67836731011839, 40.604030505259196], [109.67836731011839, 40.60385084220237], [109.6785469731752, 40.60385084220237], [109.6785469731752, 40.60367117914555], [109.67872663623203, 40.60367117914555], [109.67872663623203, 40.603491516088724], [109.67908596234568, 40.603491516088724], [109.67908596234568, 40.60367117914555], [109.67962495151615, 40.60367117914555], [109.67962495151615, 40.604030505259196], [109.67980461457297, 40.604030505259196], [109.67980461457297, 40.60456949442967], [109.6799842776298, 40.60456949442967], [109.6799842776298, 40.60474915748649], [109.67980461457297, 40.60474915748649], [109.67980461457297, 40.60510848360014], [109.67962495151615, 40.60510848360014], [109.67962495151615, 40.60564747277061], [109.67926562540251, 40.60564747277061], [109.67926562540251, 40.60582713582743], [109.67872663623203, 40.60582713582743]]]}, "properties": {"name": "cand31", "ptype": "hall", "confidence": "low", "rank": 31, "area_ha": 3.4, "rise_db": 12.1, "digitised_from": "Sentinel-1 VV rise 2022->2026, orbit 11"}}, {"type": "Feature", "geometry": {"geodesic": false, "type": "Polygon", "coordinates": [[[109.61925816442331, 40.65307851977212], [109.61925816442331, 40.6528988567153], [109.61943782748014, 40.6528988567153], [109.61943782748014, 40.65253953060165], [109.61889883830968, 40.65253953060165], [109.61889883830968, 40.652180204488005], [109.61871917525285, 40.652180204488005], [109.61871917525285, 40.65200054143118], [109.61889883830968, 40.65200054143118], [109.61889883830968, 40.65182087837435], [109.6190785013665, 40.65182087837435], [109.6190785013665, 40.651461552260706], [109.61925816442331, 40.651461552260706], [109.61925816442331, 40.65074290003341], [109.61943782748014, 40.65074290003341], [109.61943782748014, 40.65056323697659], [109.61961749053697, 40.65056323697659], [109.61961749053697, 40.65074290003341], [109.6197971535938, 40.65074290003341], [109.6197971535938, 40.65056323697659], [109.62033614276426, 40.65056323697659], [109.62033614276426, 40.65074290003341], [109.62051580582109, 40.65074290003341], [109.62051580582109, 40.65092256309023], [109.62033614276426, 40.65092256309023], [109.62033614276426, 40.65128188920388], [109.62051580582109, 40.65128188920388], [109.62051580582109, 40.65164121531753], [109.6197971535938, 40.65164121531753], [109.6197971535938, 40.65200054143118], [109.61997681665062, 40.65200054143118], [109.61997681665062, 40.652359867544824], [109.61943782748014, 40.652359867544824], [109.61943782748014, 40.65253953060165], [109.62033614276426, 40.65253953060165], [109.62033614276426, 40.65271919365847], [109.62051580582109, 40.65271919365847], [109.62051580582109, 40.6528988567153], [109.62033614276426, 40.6528988567153], [109.62033614276426, 40.65307851977212], [109.61925816442331, 40.65307851977212]], [[109.61925816442331, 40.65200054143118], [109.6190785013665, 40.65200054143118], [109.6190785013665, 40.65182087837435], [109.61925816442331, 40.65182087837435], [109.61925816442331, 40.65200054143118]]]}, "properties": {"name": "cand32", "ptype": "hall", "confidence": "low", "rank": 32, "area_ha": 3.2, "rise_db": 8.1, "digitised_from": "Sentinel-1 VV rise 2022->2026, orbit 11"}}, {"type": "Feature", "geometry": {"geodesic": false, "type": "Polygon", "coordinates": [[[109.62842098032134, 40.59325072184976], [109.62842098032134, 40.59307105879294], [109.62788199115087, 40.59307105879294], [109.62788199115087, 40.59289139573611], [109.62824131726451, 40.59289139573611], [109.62824131726451, 40.59271173267929], [109.62806165420768, 40.59271173267929], [109.62806165420768, 40.592532069622465], [109.62824131726451, 40.592532069622465], [109.62824131726451, 40.59235240656564], [109.62770232809405, 40.59235240656564], [109.62770232809405, 40.59271173267929], [109.62698367586675, 40.59271173267929], [109.62698367586675, 40.59289139573611], [109.62680401280993, 40.59289139573611], [109.62680401280993, 40.59307105879294], [109.6266243497531, 40.59307105879294], [109.6266243497531, 40.59289139573611], [109.62644468669627, 40.59289139573611], [109.62644468669627, 40.59235240656564], [109.6266243497531, 40.59235240656564], [109.6266243497531, 40.59217274350882], [109.62680401280993, 40.59217274350882], [109.62680401280993, 40.59181341739517], [109.62806165420768, 40.59181341739517], [109.62806165420768, 40.59199308045199], [109.62824131726451, 40.59199308045199], [109.62824131726451, 40.59181341739517], [109.62842098032134, 40.59181341739517], [109.62842098032134, 40.59199308045199], [109.62895996949182, 40.59199308045199], [109.62895996949182, 40.59217274350882], [109.62913963254863, 40.59217274350882], [109.62913963254863, 40.59235240656564], [109.62931929560546, 40.59235240656564], [109.62931929560546, 40.59271173267929], [109.62913963254863, 40.59271173267929], [109.62913963254863, 40.59307105879294], [109.62878030643499, 40.59307105879294], [109.62878030643499, 40.59325072184976], [109.62842098032134, 40.59325072184976]], [[109.62895996949182, 40.59235240656564], [109.62842098032134, 40.59235240656564], [109.62842098032134, 40.59217274350882], [109.62895996949182, 40.59217274350882], [109.62895996949182, 40.59235240656564]]]}, "properties": {"name": "cand33", "ptype": "hall", "confidence": "low", "rank": 33, "area_ha": 3.0, "rise_db": 5.8, "digitised_from": "Sentinel-1 VV rise 2022->2026, orbit 11"}}, {"type": "Feature", "geometry": {"geodesic": false, "type": "Polygon", "coordinates": [[[109.65159751465163, 40.613552647270865], [109.65159751465163, 40.61337298421404], [109.64980088408339, 40.61337298421404], [109.64980088408339, 40.61319332115721], [109.64962122102656, 40.61319332115721], [109.64962122102656, 40.612833995043566], [109.64980088408339, 40.612833995043566], [109.64980088408339, 40.61247466892992], [109.6499805471402, 40.61247466892992], [109.6499805471402, 40.612295005873094], [109.65016021019703, 40.612295005873094], [109.65016021019703, 40.61247466892992], [109.65033987325386, 40.61247466892992], [109.65033987325386, 40.61265433198674], [109.65087886242432, 40.61265433198674], [109.65087886242432, 40.61247466892992], [109.65105852548115, 40.61247466892992], [109.65105852548115, 40.61265433198674], [109.65123818853797, 40.61265433198674], [109.65123818853797, 40.61247466892992], [109.65231616687892, 40.61247466892992], [109.65231616687892, 40.61265433198674], [109.65249582993575, 40.61265433198674], [109.65249582993575, 40.612833995043566], [109.65231616687892, 40.612833995043566], [109.65231616687892, 40.61301365810039], [109.65249582993575, 40.61301365810039], [109.65249582993575, 40.61337298421404], [109.65231616687892, 40.61337298421404], [109.65231616687892, 40.613552647270865], [109.65159751465163, 40.613552647270865]], [[109.65016021019703, 40.61265433198674], [109.6499805471402, 40.61265433198674], [109.6499805471402, 40.61247466892992], [109.65016021019703, 40.61247466892992], [109.65016021019703, 40.61265433198674]]]}, "properties": {"name": "cand34", "ptype": "hall", "confidence": "low", "rank": 34, "area_ha": 3.0, "rise_db": 9.5, "digitised_from": "Sentinel-1 VV rise 2022->2026, orbit 11"}}, {"type": "Feature", "geometry": {"geodesic": false, "type": "Polygon", "coordinates": [[[109.69148271326652, 40.61427129949816], [109.69148271326652, 40.61409163644133], [109.69130305020971, 40.61409163644133], [109.69130305020971, 40.613552647270865], [109.69112338715289, 40.613552647270865], [109.69112338715289, 40.61319332115721], [109.69130305020971, 40.61319332115721], [109.69130305020971, 40.61301365810039], [109.69166237632335, 40.61301365810039], [109.69166237632335, 40.61319332115721], [109.69184203938018, 40.61319332115721], [109.69184203938018, 40.61337298421404], [109.692021702437, 40.61337298421404], [109.692021702437, 40.61319332115721], [109.69220136549383, 40.61319332115721], [109.69220136549383, 40.612833995043566], [109.69238102855064, 40.612833995043566], [109.69238102855064, 40.61265433198674], [109.6927403546643, 40.61265433198674], [109.6927403546643, 40.612833995043566], [109.69292001772112, 40.612833995043566], [109.69292001772112, 40.61211534281627], [109.69309968077795, 40.61211534281627], [109.69309968077795, 40.61193567975945], [109.69327934383477, 40.61193567975945], [109.69327934383477, 40.61175601670262], [109.69345900689159, 40.61175601670262], [109.69345900689159, 40.61211534281627], [109.69363866994841, 40.61211534281627], [109.69363866994841, 40.61319332115721], [109.69309968077795, 40.61319332115721], [109.69309968077795, 40.61301365810039], [109.6927403546643, 40.61301365810039], [109.6927403546643, 40.61319332115721], [109.69238102855064, 40.61319332115721], [109.69238102855064, 40.61391197338451], [109.69256069160747, 40.61391197338451], [109.69256069160747, 40.61427129949816], [109.69148271326652, 40.61427129949816]]]}, "properties": {"name": "cand35", "ptype": "hall", "confidence": "low", "rank": 35, "area_ha": 3.0, "rise_db": 9.7, "digitised_from": "Sentinel-1 VV rise 2022->2026, orbit 11"}}, {"type": "Feature", "geometry": {"geodesic": false, "type": "Polygon", "coordinates": [[[109.67315708147049, 40.64966492169247], [109.67315708147049, 40.64930559557882], [109.67297741841367, 40.64930559557882], [109.67297741841367, 40.649125932522], [109.67261809230001, 40.649125932522], [109.67261809230001, 40.64930559557882], [109.67207910312955, 40.64930559557882], [109.67207910312955, 40.649125932522], [109.67189944007272, 40.649125932522], [109.67189944007272, 40.6484072802947], [109.6717197770159, 40.6484072802947], [109.6717197770159, 40.64804795418105], [109.67154011395908, 40.64804795418105], [109.67154011395908, 40.647868291124226], [109.67136045090226, 40.647868291124226], [109.67136045090226, 40.64768862806741], [109.6710011247886, 40.64768862806741], [109.6710011247886, 40.64750896501058], [109.67064179867495, 40.64750896501058], [109.67064179867495, 40.647329301953754], [109.67046213561814, 40.647329301953754], [109.67046213561814, 40.64696997584011], [109.67082146173178, 40.64696997584011], [109.67082146173178, 40.647149638896934], [109.6710011247886, 40.647149638896934], [109.6710011247886, 40.647329301953754], [109.67136045090226, 40.647329301953754], [109.67136045090226, 40.64750896501058], [109.67154011395908, 40.64750896501058], [109.67154011395908, 40.64768862806741], [109.6717197770159, 40.64768862806741], [109.6717197770159, 40.647868291124226], [109.67207910312955, 40.647868291124226], [109.67207910312955, 40.64768862806741], [109.67225876618637, 40.64768862806741], [109.67225876618637, 40.64750896501058], [109.67261809230001, 40.64750896501058], [109.67261809230001, 40.64768862806741], [109.67279775535684, 40.64768862806741], [109.67279775535684, 40.64804795418105], [109.67261809230001, 40.64804795418105], [109.67261809230001, 40.64822761723788], [109.6724384292432, 40.64822761723788], [109.6724384292432, 40.648586943351525], [109.67225876618637, 40.648586943351525], [109.67225876618637, 40.64894626946517], [109.67261809230001, 40.64894626946517], [109.67261809230001, 40.648766606408344], [109.67297741841367, 40.648766606408344], [109.67297741841367, 40.64894626946517], [109.67351640758415, 40.64894626946517], [109.67351640758415, 40.648766606408344], [109.67387573369778, 40.648766606408344], [109.67387573369778, 40.64894626946517], [109.67405539675461, 40.64894626946517], [109.67405539675461, 40.649125932522], [109.67423505981144, 40.649125932522], [109.67423505981144, 40.64930559557882], [109.67369607064096, 40.64930559557882], [109.67369607064096, 40.64948525863564], [109.67333674452732, 40.64948525863564], [109.67333674452732, 40.64966492169247], [109.67315708147049, 40.64966492169247]]]}, "properties": {"name": "cand36", "ptype": "hall", "confidence": "low", "rank": 36, "area_ha": 2.9, "rise_db": 6.5, "digitised_from": "Sentinel-1 VV rise 2022->2026, orbit 11"}}, {"type": "Feature", "geometry": {"geodesic": false, "type": "Polygon", "coordinates": [[[109.64297368792407, 40.60888140779344], [109.64297368792407, 40.608701744736614], [109.64279402486726, 40.608701744736614], [109.64279402486726, 40.608522081679794], [109.6424346987536, 40.608522081679794], [109.6424346987536, 40.60834241862297], [109.64225503569678, 40.60834241862297], [109.64225503569678, 40.60816275556614], [109.6424346987536, 40.60816275556614], [109.6424346987536, 40.60798309250932], [109.64225503569678, 40.60798309250932], [109.64225503569678, 40.60744410333885], [109.6424346987536, 40.60744410333885], [109.6424346987536, 40.60726444028202], [109.64261436181043, 40.60726444028202], [109.64261436181043, 40.607084777225204], [109.64297368792407, 40.607084777225204], [109.64297368792407, 40.60726444028202], [109.6431533509809, 40.60726444028202], [109.6431533509809, 40.60744410333885], [109.64351267709455, 40.60744410333885], [109.64351267709455, 40.60726444028202], [109.64405166626501, 40.60726444028202], [109.64405166626501, 40.60744410333885], [109.64387200320819, 40.60744410333885], [109.64387200320819, 40.608701744736614], [109.64369234015138, 40.608701744736614], [109.64369234015138, 40.60888140779344], [109.64297368792407, 40.60888140779344]], [[109.64333301403772, 40.60816275556614], [109.6431533509809, 40.60816275556614], [109.6431533509809, 40.60798309250932], [109.64333301403772, 40.60798309250932], [109.64333301403772, 40.60816275556614]]]}, "properties": {"name": "cand37", "ptype": "hall", "confidence": "low", "rank": 37, "area_ha": 2.8, "rise_db": 8.4, "digitised_from": "Sentinel-1 VV rise 2022->2026, orbit 11"}}, {"type": "Feature", "geometry": {"geodesic": false, "type": "Polygon", "coordinates": [[[109.64063806818537, 40.61678658229369], [109.64063806818537, 40.616427256180046], [109.64045840512854, 40.616427256180046], [109.64045840512854, 40.61624759312322], [109.64027874207171, 40.61624759312322], [109.64027874207171, 40.616606919236865], [109.64045840512854, 40.616606919236865], [109.64045840512854, 40.61678658229369], [109.63991941595806, 40.61678658229369], [109.63991941595806, 40.6160679300664], [109.63973975290125, 40.6160679300664], [109.63973975290125, 40.615888267009574], [109.63991941595806, 40.615888267009574], [109.63991941595806, 40.61570860395275], [109.63973975290125, 40.61570860395275], [109.63973975290125, 40.6153492778391], [109.63991941595806, 40.6153492778391], [109.63991941595806, 40.615169614782275], [109.63973975290125, 40.615169614782275], [109.63973975290125, 40.614989951725455], [109.63991941595806, 40.614989951725455], [109.63991941595806, 40.61481028866863], [109.64063806818537, 40.61481028866863], [109.64063806818537, 40.6146306256118], [109.6408177312422, 40.6146306256118], [109.6408177312422, 40.61481028866863], [109.64117705735583, 40.61481028866863], [109.64117705735583, 40.614989951725455], [109.64135672041266, 40.614989951725455], [109.64135672041266, 40.615169614782275], [109.64117705735583, 40.615169614782275], [109.64117705735583, 40.61678658229369], [109.64063806818537, 40.61678658229369]], [[109.6408177312422, 40.61552894089593], [109.64027874207171, 40.61552894089593], [109.64027874207171, 40.614989951725455], [109.6408177312422, 40.614989951725455], [109.6408177312422, 40.61552894089593]]]}, "properties": {"name": "cand38", "ptype": "hall", "confidence": "low", "rank": 38, "area_ha": 2.8, "rise_db": 8.8, "digitised_from": "Sentinel-1 VV rise 2022->2026, orbit 11"}}, {"type": "Feature", "geometry": {"geodesic": false, "type": "Polygon", "coordinates": [[[109.69705226802807, 40.655953128681304], [109.69705226802807, 40.65577346562448], [109.69687260497125, 40.65577346562448], [109.69687260497125, 40.65559380256766], [109.69615395274396, 40.65559380256766], [109.69615395274396, 40.65541413951083], [109.69561496357348, 40.65541413951083], [109.69561496357348, 40.655234476454005], [109.69453698523253, 40.655234476454005], [109.69453698523253, 40.655054813397186], [109.6943573221757, 40.655054813397186], [109.6943573221757, 40.65487515034036], [109.69453698523253, 40.65487515034036], [109.69453698523253, 40.65469548728353], [109.69525563745984, 40.65469548728353], [109.69525563745984, 40.65451582422671], [109.69615395274396, 40.65451582422671], [109.69615395274396, 40.65469548728353], [109.6965132788576, 40.65469548728353], [109.6965132788576, 40.65451582422671], [109.69669294191442, 40.65451582422671], [109.69669294191442, 40.65469548728353], [109.69687260497125, 40.65469548728353], [109.69687260497125, 40.65487515034036], [109.69705226802807, 40.65487515034036], [109.69705226802807, 40.655234476454005], [109.69741159414171, 40.655234476454005], [109.69741159414171, 40.65577346562448], [109.6972319310849, 40.65577346562448], [109.6972319310849, 40.655953128681304], [109.69705226802807, 40.655953128681304]]]}, "properties": {"name": "cand39", "ptype": "hall", "confidence": "low", "rank": 39, "area_ha": 2.8, "rise_db": 9.4, "digitised_from": "Sentinel-1 VV rise 2022->2026, orbit 11"}}, {"type": "Feature", "geometry": {"geodesic": false, "type": "Polygon", "coordinates": [[[109.67351640758415, 40.647329301953754], [109.67351640758415, 40.647149638896934], [109.67315708147049, 40.647149638896934], [109.67315708147049, 40.64696997584011], [109.67279775535684, 40.64696997584011], [109.67279775535684, 40.64679031278328], [109.67261809230001, 40.64679031278328], [109.67261809230001, 40.64661064972646], [109.67118078784543, 40.64661064972646], [109.67118078784543, 40.64679031278328], [109.67028247256131, 40.64679031278328], [109.67028247256131, 40.64661064972646], [109.67010280950448, 40.64661064972646], [109.67010280950448, 40.646430986669635], [109.66992314644766, 40.646430986669635], [109.66992314644766, 40.64625132361281], [109.67028247256131, 40.64625132361281], [109.67028247256131, 40.64589199749916], [109.67010280950448, 40.64589199749916], [109.67010280950448, 40.645712334442344], [109.67064179867495, 40.645712334442344], [109.67064179867495, 40.64553267138552], [109.67082146173178, 40.64553267138552], [109.67082146173178, 40.64625132361281], [109.67046213561814, 40.64625132361281], [109.67046213561814, 40.646430986669635], [109.6717197770159, 40.646430986669635], [109.6717197770159, 40.64607166055599], [109.67136045090226, 40.64607166055599], [109.67136045090226, 40.645712334442344], [109.67154011395908, 40.645712334442344], [109.67154011395908, 40.64589199749916], [109.67189944007272, 40.64589199749916], [109.67189944007272, 40.64607166055599], [109.67207910312955, 40.64607166055599], [109.67207910312955, 40.64625132361281], [109.67261809230001, 40.64625132361281], [109.67261809230001, 40.646430986669635], [109.67315708147049, 40.646430986669635], [109.67315708147049, 40.64661064972646], [109.67369607064096, 40.64661064972646], [109.67369607064096, 40.64696997584011], [109.67387573369778, 40.64696997584011], [109.67387573369778, 40.647149638896934], [109.67405539675461, 40.647149638896934], [109.67405539675461, 40.647329301953754], [109.67351640758415, 40.647329301953754]]]}, "properties": {"name": "cand40", "ptype": "hall", "confidence": "low", "rank": 40, "area_ha": 2.6, "rise_db": 7.1, "digitised_from": "Sentinel-1 VV rise 2022->2026, orbit 11"}}, {"type": "Feature", "geometry": {"geodesic": false, "type": "Polygon", "coordinates": [[[109.6341701981397, 40.660265042045076], [109.6341701981397, 40.65990571593143], [109.63434986119653, 40.65990571593143], [109.63434986119653, 40.6597260528746], [109.6356075025943, 40.6597260528746], [109.6356075025943, 40.65990571593143], [109.63578716565112, 40.65990571593143], [109.63578716565112, 40.6597260528746], [109.63614649176476, 40.6597260528746], [109.63614649176476, 40.65990571593143], [109.63632615482159, 40.65990571593143], [109.63632615482159, 40.6597260528746], [109.63686514399207, 40.6597260528746], [109.63686514399207, 40.65990571593143], [109.63704480704888, 40.65990571593143], [109.63704480704888, 40.6597260528746], [109.63776345927619, 40.6597260528746], [109.63776345927619, 40.65990571593143], [109.637943122333, 40.65990571593143], [109.637943122333, 40.6597260528746], [109.63812278538983, 40.6597260528746], [109.63812278538983, 40.65990571593143], [109.63830244844665, 40.65990571593143], [109.63830244844665, 40.660085378988256], [109.63848211150348, 40.660085378988256], [109.63848211150348, 40.660265042045076], [109.6341701981397, 40.660265042045076]]]}, "properties": {"name": "cand41", "ptype": "hall", "confidence": "low", "rank": 41, "area_ha": 2.6, "rise_db": 10.9, "digitised_from": "Sentinel-1 VV rise 2022->2026, orbit 11"}}, {"type": "Feature", "geometry": {"geodesic": false, "type": "Polygon", "coordinates": [[[109.61782085996873, 40.65307851977212], [109.61782085996873, 40.6528988567153], [109.61710220774144, 40.6528988567153], [109.61710220774144, 40.65307851977212], [109.61674288162779, 40.65307851977212], [109.61674288162779, 40.65271919365847], [109.61746153385508, 40.65271919365847], [109.61746153385508, 40.652359867544824], [109.6176411969119, 40.652359867544824], [109.6176411969119, 40.652180204488005], [109.61746153385508, 40.652180204488005], [109.61746153385508, 40.65200054143118], [109.61728187079825, 40.65200054143118], [109.61728187079825, 40.652180204488005], [109.61692254468461, 40.652180204488005], [109.61692254468461, 40.65200054143118], [109.61674288162779, 40.65200054143118], [109.61674288162779, 40.651461552260706], [109.61656321857096, 40.651461552260706], [109.61656321857096, 40.65110222614706], [109.61638355551413, 40.65110222614706], [109.61638355551413, 40.65092256309023], [109.61674288162779, 40.65092256309023], [109.61674288162779, 40.65074290003341], [109.61692254468461, 40.65074290003341], [109.61692254468461, 40.65056323697659], [109.61710220774144, 40.65056323697659], [109.61710220774144, 40.65074290003341], [109.61728187079825, 40.65074290003341], [109.61728187079825, 40.65110222614706], [109.61746153385508, 40.65110222614706], [109.61746153385508, 40.651461552260706], [109.61800052302556, 40.651461552260706], [109.61800052302556, 40.65182087837435], [109.61782085996873, 40.65182087837435], [109.61782085996873, 40.652180204488005], [109.61800052302556, 40.652180204488005], [109.61800052302556, 40.65307851977212], [109.61782085996873, 40.65307851977212]], [[109.61782085996873, 40.65271919365847], [109.6176411969119, 40.65271919365847], [109.6176411969119, 40.65253953060165], [109.61782085996873, 40.65253953060165], [109.61782085996873, 40.65271919365847]]]}, "properties": {"name": "cand42", "ptype": "hall", "confidence": "low", "rank": 42, "area_ha": 2.4, "rise_db": 7.4, "digitised_from": "Sentinel-1 VV rise 2022->2026, orbit 11"}}, {"type": "Feature", "geometry": {"geodesic": false, "type": "Polygon", "coordinates": [[[109.6679468528226, 40.64050210579445], [109.6679468528226, 40.64032244273762], [109.66776718976577, 40.64032244273762], [109.66776718976577, 40.6401427796808], [109.66758752670896, 40.6401427796808], [109.66758752670896, 40.639963116623974], [109.66686887448165, 40.639963116623974], [109.66686887448165, 40.64032244273762], [109.66704853753848, 40.64032244273762], [109.66704853753848, 40.64050210579445], [109.66615022225436, 40.64050210579445], [109.66615022225436, 40.64032244273762], [109.66632988531119, 40.64032244273762], [109.66632988531119, 40.6401427796808], [109.66650954836801, 40.6401427796808], [109.66650954836801, 40.639963116623974], [109.66668921142482, 40.639963116623974], [109.66668921142482, 40.639783453567155], [109.66686887448165, 40.639783453567155], [109.66686887448165, 40.63960379051033], [109.66704853753848, 40.63960379051033], [109.66704853753848, 40.639783453567155], [109.66758752670896, 40.639783453567155], [109.66758752670896, 40.63960379051033], [109.66740786365213, 40.63960379051033], [109.66740786365213, 40.6394241274535], [109.66758752670896, 40.6394241274535], [109.66758752670896, 40.63924446439668], [109.66776718976577, 40.63924446439668], [109.66776718976577, 40.6394241274535], [109.66812651587942, 40.6394241274535], [109.66812651587942, 40.63960379051033], [109.66830617893625, 40.63960379051033], [109.66830617893625, 40.63870547522621], [109.66812651587942, 40.63870547522621], [109.66812651587942, 40.63816648605574], [109.66830617893625, 40.63816648605574], [109.66830617893625, 40.63834614911256], [109.66848584199307, 40.63834614911256], [109.66848584199307, 40.638525812169384], [109.66866550504989, 40.638525812169384], [109.66866550504989, 40.63924446439668], [109.66884516810671, 40.63924446439668], [109.66884516810671, 40.63960379051033], [109.66902483116354, 40.63960379051033], [109.66902483116354, 40.6401427796808], [109.66830617893625, 40.6401427796808], [109.66830617893625, 40.64032244273762], [109.66812651587942, 40.64032244273762], [109.66812651587942, 40.64050210579445], [109.6679468528226, 40.64050210579445]], [[109.66830617893625, 40.6401427796808], [109.66776718976577, 40.6401427796808], [109.66776718976577, 40.63960379051033], [109.6679468528226, 40.63960379051033], [109.6679468528226, 40.639783453567155], [109.66848584199307, 40.639783453567155], [109.66848584199307, 40.639963116623974], [109.66830617893625, 40.639963116623974], [109.66830617893625, 40.6401427796808]]]}, "properties": {"name": "cand43", "ptype": "hall", "confidence": "low", "rank": 43, "area_ha": 2.4, "rise_db": 7.1, "digitised_from": "Sentinel-1 VV rise 2022->2026, orbit 11"}}, {"type": "Feature", "geometry": {"geodesic": false, "type": "Polygon", "coordinates": [[[109.67441472286826, 40.65541413951083], [109.67441472286826, 40.655234476454005], [109.67459438592508, 40.655234476454005], [109.67459438592508, 40.655054813397186], [109.6747740489819, 40.655054813397186], [109.6747740489819, 40.65487515034036], [109.67441472286826, 40.65487515034036], [109.67441472286826, 40.655054813397186], [109.67405539675461, 40.655054813397186], [109.67405539675461, 40.655234476454005], [109.67387573369778, 40.655234476454005], [109.67387573369778, 40.655054813397186], [109.67369607064096, 40.655054813397186], [109.67369607064096, 40.65469548728353], [109.67387573369778, 40.65469548728353], [109.67387573369778, 40.65451582422671], [109.67405539675461, 40.65451582422671], [109.67405539675461, 40.65469548728353], [109.67423505981144, 40.65469548728353], [109.67423505981144, 40.65433616116989], [109.67405539675461, 40.65433616116989], [109.67405539675461, 40.65415649811307], [109.67423505981144, 40.65415649811307], [109.67423505981144, 40.65397683505624], [109.67459438592508, 40.65397683505624], [109.67459438592508, 40.65415649811307], [109.6747740489819, 40.65415649811307], [109.6747740489819, 40.65433616116989], [109.67459438592508, 40.65433616116989], [109.67459438592508, 40.65451582422671], [109.6747740489819, 40.65451582422671], [109.6747740489819, 40.65469548728353], [109.67495371203873, 40.65469548728353], [109.67495371203873, 40.65451582422671], [109.67513337509556, 40.65451582422671], [109.67513337509556, 40.65469548728353], [109.67531303815238, 40.65469548728353], [109.67531303815238, 40.65487515034036], [109.67549270120921, 40.65487515034036], [109.67549270120921, 40.65397683505624], [109.67585202732285, 40.65397683505624], [109.67585202732285, 40.653797171999415], [109.67603169037967, 40.653797171999415], [109.67603169037967, 40.653617508942595], [109.67639101649333, 40.653617508942595], [109.67639101649333, 40.653797171999415], [109.67657067955014, 40.653797171999415], [109.67657067955014, 40.65397683505624], [109.67639101649333, 40.65397683505624], [109.67639101649333, 40.65433616116989], [109.67603169037967, 40.65433616116989], [109.67603169037967, 40.65415649811307], [109.67585202732285, 40.65415649811307], [109.67585202732285, 40.65487515034036], [109.67567236426602, 40.65487515034036], [109.67567236426602, 40.655054813397186], [109.67495371203873, 40.655054813397186], [109.67495371203873, 40.65541413951083], [109.67441472286826, 40.65541413951083]]]}, "properties": {"name": "cand44", "ptype": "hall", "confidence": "low", "rank": 44, "area_ha": 2.3, "rise_db": 8.9, "digitised_from": "Sentinel-1 VV rise 2022->2026, orbit 11"}}, {"type": "Feature", "geometry": {"geodesic": false, "type": "Polygon", "coordinates": [[[109.68106225597074, 40.61894253897558], [109.68106225597074, 40.61840354980511], [109.68088259291392, 40.61840354980511], [109.68088259291392, 40.61822388674828], [109.68124191902757, 40.61822388674828], [109.68124191902757, 40.61804422369146], [109.68160124514121, 40.61804422369146], [109.68160124514121, 40.61768489757781], [109.68196057125486, 40.61768489757781], [109.68196057125486, 40.61804422369146], [109.68178090819804, 40.61804422369146], [109.68178090819804, 40.61822388674828], [109.68196057125486, 40.61822388674828], [109.68196057125486, 40.61840354980511], [109.68231989736852, 40.61840354980511], [109.68231989736852, 40.61822388674828], [109.68214023431169, 40.61822388674828], [109.68214023431169, 40.61804422369146], [109.68231989736852, 40.61804422369146], [109.68231989736852, 40.61768489757781], [109.68267922348215, 40.61768489757781], [109.68267922348215, 40.61786456063464], [109.68249956042533, 40.61786456063464], [109.68249956042533, 40.61804422369146], [109.68285888653898, 40.61804422369146], [109.68285888653898, 40.61822388674828], [109.6830385495958, 40.61822388674828], [109.6830385495958, 40.61804422369146], [109.68321821265263, 40.61804422369146], [109.68321821265263, 40.61786456063464], [109.6830385495958, 40.61786456063464], [109.6830385495958, 40.61768489757781], [109.68321821265263, 40.61768489757781], [109.68321821265263, 40.61786456063464], [109.68357753876627, 40.61786456063464], [109.68357753876627, 40.61822388674828], [109.6830385495958, 40.61822388674828], [109.6830385495958, 40.61840354980511], [109.68321821265263, 40.61840354980511], [109.68321821265263, 40.61858321286193], [109.6830385495958, 40.61858321286193], [109.6830385495958, 40.618762875918755], [109.68196057125486, 40.618762875918755], [109.68196057125486, 40.61894253897558], [109.68106225597074, 40.61894253897558]], [[109.6814215820844, 40.61858321286193], [109.68124191902757, 40.61858321286193], [109.68124191902757, 40.61840354980511], [109.6814215820844, 40.61840354980511], [109.6814215820844, 40.61858321286193]], [[109.68178090819804, 40.61858321286193], [109.68160124514121, 40.61858321286193], [109.68160124514121, 40.61822388674828], [109.68178090819804, 40.61822388674828], [109.68178090819804, 40.61858321286193]], [[109.68160124514121, 40.618762875918755], [109.6814215820844, 40.618762875918755], [109.6814215820844, 40.61858321286193], [109.68160124514121, 40.61858321286193], [109.68160124514121, 40.618762875918755]]]}, "properties": {"name": "cand45", "ptype": "hall", "confidence": "low", "rank": 45, "area_ha": 2.2, "rise_db": 6.5, "digitised_from": "Sentinel-1 VV rise 2022->2026, orbit 11"}}, {"type": "Feature", "geometry": {"geodesic": false, "type": "Polygon", "coordinates": [[[109.6799842776298, 40.607623766395676], [109.6799842776298, 40.60744410333885], [109.67980461457297, 40.60744410333885], [109.67980461457297, 40.607084777225204], [109.67962495151615, 40.607084777225204], [109.67962495151615, 40.60672545111155], [109.6799842776298, 40.60672545111155], [109.6799842776298, 40.60654578805473], [109.68034360374345, 40.60654578805473], [109.68034360374345, 40.606366124997905], [109.68052326680026, 40.606366124997905], [109.68052326680026, 40.60654578805473], [109.68178090819804, 40.60654578805473], [109.68178090819804, 40.60672545111155], [109.68196057125486, 40.60672545111155], [109.68196057125486, 40.607084777225204], [109.68160124514121, 40.607084777225204], [109.68160124514121, 40.60726444028202], [109.68052326680026, 40.60726444028202], [109.68052326680026, 40.60744410333885], [109.68034360374345, 40.60744410333885], [109.68034360374345, 40.607623766395676], [109.6799842776298, 40.607623766395676]]]}, "properties": {"name": "cand46", "ptype": "hall", "confidence": "low", "rank": 46, "area_ha": 2.1, "rise_db": 12.0, "digitised_from": "Sentinel-1 VV rise 2022->2026, orbit 11"}}, {"type": "Feature", "geometry": {"geodesic": false, "type": "Polygon", "coordinates": [[[109.61674288162779, 40.60438983137284], [109.61674288162779, 40.604030505259196], [109.61692254468461, 40.604030505259196], [109.61692254468461, 40.60367117914555], [109.61710220774144, 40.60367117914555], [109.61710220774144, 40.603491516088724], [109.61728187079825, 40.603491516088724], [109.61728187079825, 40.6033118530319], [109.61746153385508, 40.6033118530319], [109.61746153385508, 40.60313218997508], [109.6176411969119, 40.60313218997508], [109.6176411969119, 40.60295252691825], [109.61800052302556, 40.60295252691825], [109.61800052302556, 40.602772863861425], [109.61818018608237, 40.602772863861425], [109.61818018608237, 40.60295252691825], [109.6183598491392, 40.60295252691825], [109.6183598491392, 40.6033118530319], [109.61853951219602, 40.6033118530319], [109.61853951219602, 40.603491516088724], [109.61871917525285, 40.603491516088724], [109.61871917525285, 40.604030505259196], [109.61853951219602, 40.604030505259196], [109.61853951219602, 40.604210168316015], [109.61800052302556, 40.604210168316015], [109.61800052302556, 40.60385084220237], [109.61782085996873, 40.60385084220237], [109.61782085996873, 40.60367117914555], [109.61746153385508, 40.60367117914555], [109.61746153385508, 40.60438983137284], [109.61674288162779, 40.60438983137284]]]}, "properties": {"name": "cand47", "ptype": "hall", "confidence": "low", "rank": 47, "area_ha": 2.1, "rise_db": 7.7, "digitised_from": "Sentinel-1 VV rise 2022->2026, orbit 11"}}, {"type": "Feature", "geometry": {"geodesic": false, "type": "Polygon", "coordinates": [[[109.63506851342382, 40.607084777225204], [109.63506851342382, 40.60690511416838], [109.63345154591241, 40.60690511416838], [109.63345154591241, 40.60618646194108], [109.63363120896923, 40.60618646194108], [109.63363120896923, 40.60600679888426], [109.6341701981397, 40.60600679888426], [109.6341701981397, 40.60618646194108], [109.63434986119653, 40.60618646194108], [109.63434986119653, 40.60654578805473], [109.63524817648064, 40.60654578805473], [109.63524817648064, 40.606366124997905], [109.63506851342382, 40.606366124997905], [109.63506851342382, 40.60618646194108], [109.63542783953747, 40.60618646194108], [109.63542783953747, 40.606366124997905], [109.63596682870794, 40.606366124997905], [109.63596682870794, 40.60690511416838], [109.63578716565112, 40.60690511416838], [109.63578716565112, 40.607084777225204], [109.63506851342382, 40.607084777225204]]]}, "properties": {"name": "cand48", "ptype": "hall", "confidence": "low", "rank": 48, "area_ha": 2.0, "rise_db": 8.1, "digitised_from": "Sentinel-1 VV rise 2022->2026, orbit 11"}}, {"type": "Feature", "geometry": {"geodesic": false, "type": "Polygon", "coordinates": [[[109.64944155796974, 40.59145409128152], [109.64944155796974, 40.591094765167874], [109.64962122102656, 40.591094765167874], [109.64962122102656, 40.59091510211105], [109.64944155796974, 40.59091510211105], [109.64944155796974, 40.59001678682693], [109.64962122102656, 40.59001678682693], [109.64962122102656, 40.58983712377011], [109.64944155796974, 40.58983712377011], [109.64944155796974, 40.58839981931551], [109.6499805471402, 40.58839981931551], [109.6499805471402, 40.59145409128152], [109.64944155796974, 40.59145409128152]]]}, "properties": {"name": "cand49", "ptype": "hall", "confidence": "low", "rank": 49, "area_ha": 2.0, "rise_db": 11.1, "digitised_from": "Sentinel-1 VV rise 2022->2026, orbit 11"}}, {"type": "Feature", "geometry": {"geodesic": false, "type": "Polygon", "coordinates": [[[109.6372244701057, 40.65721077007907], [109.6372244701057, 40.65703110702225], [109.63704480704888, 40.65703110702225], [109.63704480704888, 40.65685144396542], [109.6372244701057, 40.65685144396542], [109.6372244701057, 40.656671780908596], [109.63740413316253, 40.656671780908596], [109.63740413316253, 40.656492117851776], [109.63758379621936, 40.656492117851776], [109.63758379621936, 40.65685144396542], [109.63812278538983, 40.65685144396542], [109.63812278538983, 40.65703110702225], [109.63830244844665, 40.65703110702225], [109.63830244844665, 40.65631245479495], [109.6386617745603, 40.65631245479495], [109.6386617745603, 40.656492117851776], [109.63920076373077, 40.656492117851776], [109.63920076373077, 40.65631245479495], [109.63902110067394, 40.65631245479495], [109.63902110067394, 40.65613279173813], [109.6393804267876, 40.65613279173813], [109.6393804267876, 40.655953128681304], [109.63920076373077, 40.655953128681304], [109.63920076373077, 40.65577346562448], [109.63956008984442, 40.65577346562448], [109.63956008984442, 40.655953128681304], [109.63973975290125, 40.655953128681304], [109.63973975290125, 40.656492117851776], [109.63991941595806, 40.656492117851776], [109.63991941595806, 40.656671780908596], [109.63973975290125, 40.656671780908596], [109.63973975290125, 40.65685144396542], [109.6393804267876, 40.65685144396542], [109.6393804267876, 40.656492117851776], [109.63920076373077, 40.656492117851776], [109.63920076373077, 40.65685144396542], [109.63902110067394, 40.65685144396542], [109.63902110067394, 40.65703110702225], [109.6386617745603, 40.65703110702225], [109.6386617745603, 40.65721077007907], [109.6372244701057, 40.65721077007907]]]}, "properties": {"name": "cand50", "ptype": "hall", "confidence": "low", "rank": 50, "area_ha": 2.0, "rise_db": 7.2, "digitised_from": "Sentinel-1 VV rise 2022->2026, orbit 11"}}, {"type": "Feature", "geometry": {"geodesic": false, "type": "Polygon", "coordinates": [[[109.63129558923052, 40.60474915748649], [109.63129558923052, 40.60456949442967], [109.63111592617369, 40.60456949442967], [109.63111592617369, 40.604210168316015], [109.63093626311688, 40.604210168316015], [109.63093626311688, 40.604030505259196], [109.6303972739464, 40.604030505259196], [109.6303972739464, 40.603491516088724], [109.63057693700323, 40.603491516088724], [109.63057693700323, 40.6033118530319], [109.63075660006005, 40.6033118530319], [109.63075660006005, 40.60313218997508], [109.63093626311688, 40.60313218997508], [109.63093626311688, 40.602772863861425], [109.63129558923052, 40.602772863861425], [109.63129558923052, 40.60313218997508], [109.63165491534417, 40.60313218997508], [109.63165491534417, 40.603491516088724], [109.63129558923052, 40.603491516088724], [109.63129558923052, 40.60367117914555], [109.63111592617369, 40.60367117914555], [109.63111592617369, 40.60385084220237], [109.63129558923052, 40.60385084220237], [109.63129558923052, 40.604030505259196], [109.63147525228734, 40.604030505259196], [109.63147525228734, 40.60367117914555], [109.63219390451464, 40.60367117914555], [109.63219390451464, 40.604030505259196], [109.63165491534417, 40.604030505259196], [109.63165491534417, 40.60456949442967], [109.63147525228734, 40.60456949442967], [109.63147525228734, 40.60474915748649], [109.63129558923052, 40.60474915748649]]]}, "properties": {"name": "cand51", "ptype": "hall", "confidence": "low", "rank": 51, "area_ha": 1.9, "rise_db": 5.9, "digitised_from": "Sentinel-1 VV rise 2022->2026, orbit 11"}}, {"type": "Feature", "geometry": {"geodesic": false, "type": "Polygon", "coordinates": [[[109.6566280802427, 40.59145409128152], [109.6566280802427, 40.5912744282247], [109.65626875412904, 40.5912744282247], [109.65626875412904, 40.59091510211105], [109.65608909107222, 40.59091510211105], [109.65608909107222, 40.59073543905423], [109.65626875412904, 40.59073543905423], [109.65626875412904, 40.590376112940575], [109.65644841718587, 40.590376112940575], [109.65644841718587, 40.590196449883756], [109.65626875412904, 40.590196449883756], [109.65626875412904, 40.59001678682693], [109.65644841718587, 40.59001678682693], [109.65644841718587, 40.58983712377011], [109.6566280802427, 40.58983712377011], [109.6566280802427, 40.59001678682693], [109.65698740635634, 40.59001678682693], [109.65698740635634, 40.590196449883756], [109.6566280802427, 40.590196449883756], [109.6566280802427, 40.59091510211105], [109.65842471081093, 40.59091510211105], [109.65842471081093, 40.5905557759974], [109.65860437386776, 40.5905557759974], [109.65860437386776, 40.590376112940575], [109.65878403692457, 40.590376112940575], [109.65878403692457, 40.5912744282247], [109.65680774329951, 40.5912744282247], [109.65680774329951, 40.59145409128152], [109.6566280802427, 40.59145409128152]]]}, "properties": {"name": "cand52", "ptype": "hall", "confidence": "low", "rank": 52, "area_ha": 1.9, "rise_db": 9.5, "digitised_from": "Sentinel-1 VV rise 2022->2026, orbit 11"}}, {"type": "Feature", "geometry": {"geodesic": false, "type": "Polygon", "coordinates": [[[109.67675034260697, 40.65828874842001], [109.67675034260697, 40.65810908536319], [109.67657067955014, 40.65810908536319], [109.67657067955014, 40.65792942230637], [109.67675034260697, 40.65792942230637], [109.67675034260697, 40.65757009619272], [109.67693000566379, 40.65757009619272], [109.67693000566379, 40.65703110702225], [109.67710966872062, 40.65703110702225], [109.67710966872062, 40.656671780908596], [109.67728933177744, 40.656671780908596], [109.67728933177744, 40.65631245479495], [109.67710966872062, 40.65631245479495], [109.67710966872062, 40.65613279173813], [109.67728933177744, 40.65613279173813], [109.67728933177744, 40.65577346562448], [109.67764865789108, 40.65577346562448], [109.67764865789108, 40.655953128681304], [109.67782832094791, 40.655953128681304], [109.67782832094791, 40.656492117851776], [109.67764865789108, 40.656492117851776], [109.67764865789108, 40.65774975924954], [109.67746899483427, 40.65774975924954], [109.67746899483427, 40.65792942230637], [109.67728933177744, 40.65792942230637], [109.67728933177744, 40.65810908536319], [109.67710966872062, 40.65810908536319], [109.67710966872062, 40.65828874842001], [109.67675034260697, 40.65828874842001]]]}, "properties": {"name": "cand53", "ptype": "hall", "confidence": "low", "rank": 53, "area_ha": 1.9, "rise_db": 6.2, "digitised_from": "Sentinel-1 VV rise 2022->2026, orbit 11"}}, {"type": "Feature", "geometry": {"geodesic": false, "type": "Polygon", "coordinates": [[[109.6183598491392, 40.59828128744083], [109.6183598491392, 40.59810162438401], [109.61818018608237, 40.59810162438401], [109.61818018608237, 40.59792196132718], [109.61800052302556, 40.59792196132718], [109.61800052302556, 40.59774229827036], [109.61782085996873, 40.59774229827036], [109.61782085996873, 40.59738297215671], [109.61853951219602, 40.59738297215671], [109.61853951219602, 40.597562635213535], [109.61871917525285, 40.597562635213535], [109.61871917525285, 40.59738297215671], [109.61889883830968, 40.59738297215671], [109.61889883830968, 40.59702364604306], [109.6190785013665, 40.59702364604306], [109.6190785013665, 40.59720330909989], [109.61961749053697, 40.59720330909989], [109.61961749053697, 40.59702364604306], [109.6197971535938, 40.59702364604306], [109.6197971535938, 40.59720330909989], [109.61997681665062, 40.59720330909989], [109.61997681665062, 40.59738297215671], [109.62033614276426, 40.59738297215671], [109.62033614276426, 40.597562635213535], [109.6197971535938, 40.597562635213535], [109.6197971535938, 40.59774229827036], [109.61961749053697, 40.59774229827036], [109.61961749053697, 40.59792196132718], [109.61889883830968, 40.59792196132718], [109.61889883830968, 40.59810162438401], [109.61853951219602, 40.59810162438401], [109.61853951219602, 40.59828128744083], [109.6183598491392, 40.59828128744083]]]}, "properties": {"name": "cand54", "ptype": "hall", "confidence": "low", "rank": 54, "area_ha": 1.8, "rise_db": 6.0, "digitised_from": "Sentinel-1 VV rise 2022->2026, orbit 11"}}, {"type": "Feature", "geometry": {"geodesic": false, "type": "Polygon", "coordinates": [[[109.67261809230001, 40.61193567975945], [109.67261809230001, 40.61175601670262], [109.67207910312955, 40.61175601670262], [109.67207910312955, 40.611396690588975], [109.67225876618637, 40.611396690588975], [109.67225876618637, 40.61121702753215], [109.6724384292432, 40.61121702753215], [109.6724384292432, 40.61103736447533], [109.67297741841367, 40.61103736447533], [109.67297741841367, 40.6108577014185], [109.67387573369778, 40.6108577014185], [109.67387573369778, 40.611396690588975], [109.67369607064096, 40.611396690588975], [109.67369607064096, 40.6115763536458], [109.67405539675461, 40.6115763536458], [109.67405539675461, 40.61175601670262], [109.67297741841367, 40.61175601670262], [109.67297741841367, 40.61193567975945], [109.67261809230001, 40.61193567975945]]]}, "properties": {"name": "cand55", "ptype": "hall", "confidence": "low", "rank": 55, "area_ha": 1.8, "rise_db": 10.0, "digitised_from": "Sentinel-1 VV rise 2022->2026, orbit 11"}}, {"type": "Feature", "geometry": {"geodesic": false, "type": "Polygon", "coordinates": [[[109.61889883830968, 40.60061690717954], [109.61889883830968, 40.600437244122716], [109.6190785013665, 40.600437244122716], [109.6190785013665, 40.599898254952244], [109.61853951219602, 40.599898254952244], [109.61853951219602, 40.599718591895424], [109.61818018608237, 40.599718591895424], [109.61818018608237, 40.599898254952244], [109.61800052302556, 40.599898254952244], [109.61800052302556, 40.60007791800907], [109.61782085996873, 40.60007791800907], [109.61782085996873, 40.600437244122716], [109.6176411969119, 40.600437244122716], [109.6176411969119, 40.599718591895424], [109.61746153385508, 40.599718591895424], [109.61746153385508, 40.5995389288386], [109.61728187079825, 40.5995389288386], [109.61728187079825, 40.59935926578177], [109.6176411969119, 40.59935926578177], [109.6176411969119, 40.59917960272495], [109.61782085996873, 40.59917960272495], [109.61782085996873, 40.59864061355448], [109.6183598491392, 40.59864061355448], [109.6183598491392, 40.59917960272495], [109.61818018608237, 40.59917960272495], [109.61818018608237, 40.5995389288386], [109.61871917525285, 40.5995389288386], [109.61871917525285, 40.599718591895424], [109.61943782748014, 40.599718591895424], [109.61943782748014, 40.60007791800907], [109.61925816442331, 40.60007791800907], [109.61925816442331, 40.600437244122716], [109.61943782748014, 40.600437244122716], [109.61943782748014, 40.60061690717954], [109.61889883830968, 40.60061690717954]]]}, "properties": {"name": "cand56", "ptype": "hall", "confidence": "low", "rank": 56, "area_ha": 1.7, "rise_db": 9.7, "digitised_from": "Sentinel-1 VV rise 2022->2026, orbit 11"}}, {"type": "Feature", "geometry": {"geodesic": false, "type": "Polygon", "coordinates": [[[109.61548524023002, 40.607803429452495], [109.61548524023002, 40.607623766395676], [109.61530557717319, 40.607623766395676], [109.61530557717319, 40.60690511416838], [109.61548524023002, 40.60690511416838], [109.61548524023002, 40.606366124997905], [109.61638355551413, 40.606366124997905], [109.61638355551413, 40.60654578805473], [109.61656321857096, 40.60654578805473], [109.61656321857096, 40.60672545111155], [109.61638355551413, 40.60672545111155], [109.61638355551413, 40.60690511416838], [109.61656321857096, 40.60690511416838], [109.61656321857096, 40.607084777225204], [109.61638355551413, 40.607084777225204], [109.61638355551413, 40.60726444028202], [109.6160242294005, 40.60726444028202], [109.6160242294005, 40.60744410333885], [109.6162038924573, 40.60744410333885], [109.6162038924573, 40.607803429452495], [109.61548524023002, 40.607803429452495]]]}, "properties": {"name": "cand57", "ptype": "hall", "confidence": "low", "rank": 57, "area_ha": 1.7, "rise_db": 8.2, "digitised_from": "Sentinel-1 VV rise 2022->2026, orbit 11"}}, {"type": "Feature", "geometry": {"geodesic": false, "type": "Polygon", "coordinates": [[[109.67836731011839, 40.61714590840734], [109.67836731011839, 40.616427256180046], [109.67800798400474, 40.616427256180046], [109.67800798400474, 40.61624759312322], [109.67728933177744, 40.61624759312322], [109.67728933177744, 40.6160679300664], [109.67746899483427, 40.6160679300664], [109.67746899483427, 40.615888267009574], [109.67764865789108, 40.615888267009574], [109.67764865789108, 40.6160679300664], [109.67908596234568, 40.6160679300664], [109.67908596234568, 40.61624759312322], [109.67980461457297, 40.61624759312322], [109.67980461457297, 40.616606919236865], [109.67926562540251, 40.616606919236865], [109.67926562540251, 40.61678658229369], [109.67908596234568, 40.61678658229369], [109.67908596234568, 40.61696624535052], [109.67890629928885, 40.61696624535052], [109.67890629928885, 40.61714590840734], [109.67836731011839, 40.61714590840734]]]}, "properties": {"name": "cand58", "ptype": "hall", "confidence": "low", "rank": 58, "area_ha": 1.6, "rise_db": 7.9, "digitised_from": "Sentinel-1 VV rise 2022->2026, orbit 11"}}, {"type": "Feature", "geometry": {"geodesic": false, "type": "Polygon", "coordinates": [[[109.65608909107222, 40.606366124997905], [109.65608909107222, 40.60618646194108], [109.65590942801539, 40.60618646194108], [109.65590942801539, 40.60564747277061], [109.65608909107222, 40.60564747277061], [109.65608909107222, 40.60510848360014], [109.6566280802427, 40.60510848360014], [109.6566280802427, 40.604928820543314], [109.65716706941316, 40.604928820543314], [109.65716706941316, 40.60528814665696], [109.65698740635634, 40.60528814665696], [109.65698740635634, 40.60564747277061], [109.65680774329951, 40.60564747277061], [109.65680774329951, 40.60600679888426], [109.65698740635634, 40.60600679888426], [109.65698740635634, 40.60618646194108], [109.65680774329951, 40.60618646194108], [109.65680774329951, 40.606366124997905], [109.65608909107222, 40.606366124997905]]]}, "properties": {"name": "cand59", "ptype": "hall", "confidence": "low", "rank": 59, "area_ha": 1.6, "rise_db": 8.6, "digitised_from": "Sentinel-1 VV rise 2022->2026, orbit 11"}}, {"type": "Feature", "geometry": {"geodesic": false, "type": "Polygon", "coordinates": [[[109.61099366380942, 40.61175601670262], [109.61099366380942, 40.6115763536458], [109.61063433769577, 40.6115763536458], [109.61063433769577, 40.611396690588975], [109.60991568546848, 40.611396690588975], [109.60991568546848, 40.61103736447533], [109.60973602241165, 40.61103736447533], [109.60973602241165, 40.611396690588975], [109.60955635935483, 40.611396690588975], [109.60955635935483, 40.6115763536458], [109.609376696298, 40.6115763536458], [109.609376696298, 40.611396690588975], [109.60955635935483, 40.611396690588975], [109.60955635935483, 40.61121702753215], [109.609376696298, 40.61121702753215], [109.609376696298, 40.61103736447533], [109.60919703324119, 40.61103736447533], [109.60919703324119, 40.6108577014185], [109.609376696298, 40.6108577014185], [109.609376696298, 40.61067803836168], [109.60955635935483, 40.61067803836168], [109.60955635935483, 40.6108577014185], [109.60973602241165, 40.6108577014185], [109.60973602241165, 40.61031871224803], [109.60991568546848, 40.61031871224803], [109.60991568546848, 40.61067803836168], [109.61027501158212, 40.61067803836168], [109.61027501158212, 40.61049837530486], [109.61045467463894, 40.61049837530486], [109.61045467463894, 40.61031871224803], [109.6108140007526, 40.61031871224803], [109.6108140007526, 40.61049837530486], [109.61063433769577, 40.61049837530486], [109.61063433769577, 40.61067803836168], [109.61045467463894, 40.61067803836168], [109.61045467463894, 40.6108577014185], [109.61027501158212, 40.6108577014185], [109.61027501158212, 40.61103736447533], [109.6108140007526, 40.61103736447533], [109.6108140007526, 40.61067803836168], [109.61099366380942, 40.61067803836168], [109.61099366380942, 40.61049837530486], [109.61117332686625, 40.61049837530486], [109.61117332686625, 40.61067803836168], [109.61099366380942, 40.61067803836168], [109.61099366380942, 40.6108577014185], [109.61117332686625, 40.6108577014185], [109.61117332686625, 40.61121702753215], [109.6108140007526, 40.61121702753215], [109.6108140007526, 40.611396690588975], [109.61117332686625, 40.611396690588975], [109.61117332686625, 40.61175601670262], [109.61099366380942, 40.61175601670262]], [[109.60955635935483, 40.61103736447533], [109.609376696298, 40.61103736447533], [109.609376696298, 40.6108577014185], [109.60955635935483, 40.6108577014185], [109.60955635935483, 40.61103736447533]], [[109.6100953485253, 40.61103736447533], [109.60991568546848, 40.61103736447533], [109.60991568546848, 40.6108577014185], [109.6100953485253, 40.6108577014185], [109.6100953485253, 40.61103736447533]]]}, "properties": {"name": "cand60", "ptype": "hall", "confidence": "low", "rank": 60, "area_ha": 1.6, "rise_db": 4.7, "digitised_from": "Sentinel-1 VV rise 2022->2026, orbit 11"}}, {"type": "Feature", "geometry": {"geodesic": false, "type": "Polygon", "coordinates": [[[109.67962495151615, 40.61193567975945], [109.67962495151615, 40.61175601670262], [109.67944528845933, 40.61175601670262], [109.67944528845933, 40.6115763536458], [109.67926562540251, 40.6115763536458], [109.67926562540251, 40.611396690588975], [109.67944528845933, 40.611396690588975], [109.67944528845933, 40.61103736447533], [109.67926562540251, 40.61103736447533], [109.67926562540251, 40.6108577014185], [109.67890629928885, 40.6108577014185], [109.67890629928885, 40.61049837530486], [109.67944528845933, 40.61049837530486], [109.67944528845933, 40.610139049191204], [109.67926562540251, 40.610139049191204], [109.67926562540251, 40.609959386134385], [109.67944528845933, 40.609959386134385], [109.67944528845933, 40.60977972307756], [109.67980461457297, 40.60977972307756], [109.67980461457297, 40.61067803836168], [109.6799842776298, 40.61067803836168], [109.6799842776298, 40.6108577014185], [109.68016394068663, 40.6108577014185], [109.68016394068663, 40.61103736447533], [109.6799842776298, 40.61103736447533], [109.6799842776298, 40.61175601670262], [109.67980461457297, 40.61175601670262], [109.67980461457297, 40.61193567975945], [109.67962495151615, 40.61193567975945]]]}, "properties": {"name": "cand61", "ptype": "hall", "confidence": "low", "rank": 61, "area_ha": 1.6, "rise_db": 6.5, "digitised_from": "Sentinel-1 VV rise 2022->2026, orbit 11"}}, {"type": "Feature", "geometry": {"geodesic": false, "type": "Polygon", "coordinates": [[[109.68501484322087, 40.613552647270865], [109.68501484322087, 40.612833995043566], [109.68483518016404, 40.612833995043566], [109.68483518016404, 40.612295005873094], [109.68501484322087, 40.612295005873094], [109.68501484322087, 40.61211534281627], [109.6851945062777, 40.61211534281627], [109.6851945062777, 40.61193567975945], [109.68627248461864, 40.61193567975945], [109.68627248461864, 40.61175601670262], [109.68645214767545, 40.61175601670262], [109.68645214767545, 40.61193567975945], [109.68663181073228, 40.61193567975945], [109.68663181073228, 40.61211534281627], [109.68645214767545, 40.61211534281627], [109.68645214767545, 40.612295005873094], [109.68591315850499, 40.612295005873094], [109.68591315850499, 40.61247466892992], [109.68573349544816, 40.61247466892992], [109.68573349544816, 40.61265433198674], [109.68555383239134, 40.61265433198674], [109.68555383239134, 40.612833995043566], [109.68537416933452, 40.612833995043566], [109.68537416933452, 40.61337298421404], [109.6851945062777, 40.61337298421404], [109.6851945062777, 40.613552647270865], [109.68501484322087, 40.613552647270865]]]}, "properties": {"name": "cand62", "ptype": "hall", "confidence": "low", "rank": 62, "area_ha": 1.6, "rise_db": 9.0, "digitised_from": "Sentinel-1 VV rise 2022->2026, orbit 11"}}, {"type": "Feature", "geometry": {"geodesic": false, "type": "Polygon", "coordinates": [[[109.67441472286826, 40.59720330909989], [109.67441472286826, 40.59702364604306], [109.67423505981144, 40.59702364604306], [109.67423505981144, 40.59720330909989], [109.67369607064096, 40.59720330909989], [109.67369607064096, 40.59702364604306], [109.67351640758415, 40.59702364604306], [109.67351640758415, 40.596843982986236], [109.67369607064096, 40.596843982986236], [109.67369607064096, 40.59666431992942], [109.67387573369778, 40.59666431992942], [109.67387573369778, 40.596843982986236], [109.67405539675461, 40.596843982986236], [109.67405539675461, 40.59666431992942], [109.67423505981144, 40.59666431992942], [109.67423505981144, 40.596843982986236], [109.6747740489819, 40.596843982986236], [109.6747740489819, 40.59648465687259], [109.67405539675461, 40.59648465687259], [109.67405539675461, 40.596304993815764], [109.67441472286826, 40.596304993815764], [109.67441472286826, 40.596125330758944], [109.67423505981144, 40.596125330758944], [109.67423505981144, 40.5957660046453], [109.67441472286826, 40.5957660046453], [109.67441472286826, 40.59558634158847], [109.67495371203873, 40.59558634158847], [109.67495371203873, 40.5957660046453], [109.67513337509556, 40.5957660046453], [109.67513337509556, 40.59594566770212], [109.67495371203873, 40.59594566770212], [109.67495371203873, 40.596304993815764], [109.6747740489819, 40.596304993815764], [109.6747740489819, 40.59648465687259], [109.67495371203873, 40.59648465687259], [109.67495371203873, 40.59720330909989], [109.67441472286826, 40.59720330909989]], [[109.67423505981144, 40.59702364604306], [109.67405539675461, 40.59702364604306], [109.67405539675461, 40.596843982986236], [109.67423505981144, 40.596843982986236], [109.67423505981144, 40.59702364604306]]]}, "properties": {"name": "cand63", "ptype": "hall", "confidence": "low", "rank": 63, "area_ha": 1.4, "rise_db": 7.4, "digitised_from": "Sentinel-1 VV rise 2022->2026, orbit 11"}}, {"type": "Feature", "geometry": {"geodesic": false, "type": "Polygon", "coordinates": [[[109.63542783953747, 40.601335559406834], [109.63542783953747, 40.601155896350015], [109.63524817648064, 40.601155896350015], [109.63524817648064, 40.601335559406834], [109.63452952425335, 40.601335559406834], [109.63452952425335, 40.601155896350015], [109.63470918731018, 40.601155896350015], [109.63470918731018, 40.60079657023636], [109.634888850367, 40.60079657023636], [109.634888850367, 40.60061690717954], [109.63506851342382, 40.60061690717954], [109.63506851342382, 40.600437244122716], [109.63524817648064, 40.600437244122716], [109.63524817648064, 40.60025758106589], [109.63542783953747, 40.60025758106589], [109.63542783953747, 40.60007791800907], [109.63596682870794, 40.60007791800907], [109.63596682870794, 40.60061690717954], [109.63578716565112, 40.60061690717954], [109.63578716565112, 40.60079657023636], [109.63596682870794, 40.60079657023636], [109.63596682870794, 40.60097623329319], [109.63614649176476, 40.60097623329319], [109.63614649176476, 40.601155896350015], [109.6356075025943, 40.601155896350015], [109.6356075025943, 40.601335559406834], [109.63542783953747, 40.601335559406834]], [[109.6356075025943, 40.60061690717954], [109.63542783953747, 40.60061690717954], [109.63542783953747, 40.600437244122716], [109.6356075025943, 40.600437244122716], [109.6356075025943, 40.60061690717954]], [[109.63506851342382, 40.601155896350015], [109.634888850367, 40.601155896350015], [109.634888850367, 40.60097623329319], [109.63506851342382, 40.60097623329319], [109.63506851342382, 40.601155896350015]]]}, "properties": {"name": "cand64", "ptype": "hall", "confidence": "low", "rank": 64, "area_ha": 1.4, "rise_db": 11.4, "digitised_from": "Sentinel-1 VV rise 2022->2026, orbit 11"}}, {"type": "Feature", "geometry": {"geodesic": false, "type": "Polygon", "coordinates": [[[109.63452952425335, 40.60977972307756], [109.63452952425335, 40.60960006002074], [109.63434986119653, 40.60960006002074], [109.63434986119653, 40.60942039696391], [109.63452952425335, 40.60942039696391], [109.63452952425335, 40.60906107085027], [109.63399053508287, 40.60906107085027], [109.63399053508287, 40.60888140779344], [109.63363120896923, 40.60888140779344], [109.63363120896923, 40.60960006002074], [109.63345154591241, 40.60960006002074], [109.63345154591241, 40.60942039696391], [109.63327188285558, 40.60942039696391], [109.63327188285558, 40.609240733907086], [109.63345154591241, 40.609240733907086], [109.63345154591241, 40.60888140779344], [109.63327188285558, 40.60888140779344], [109.63327188285558, 40.608701744736614], [109.63381087202606, 40.608701744736614], [109.63381087202606, 40.608522081679794], [109.63452952425335, 40.608522081679794], [109.63452952425335, 40.608701744736614], [109.634888850367, 40.608701744736614], [109.634888850367, 40.60906107085027], [109.63506851342382, 40.60906107085027], [109.63506851342382, 40.60960006002074], [109.634888850367, 40.60960006002074], [109.634888850367, 40.60977972307756], [109.63452952425335, 40.60977972307756]]]}, "properties": {"name": "cand65", "ptype": "hall", "confidence": "low", "rank": 65, "area_ha": 1.4, "rise_db": 6.3, "digitised_from": "Sentinel-1 VV rise 2022->2026, orbit 11"}}, {"type": "Feature", "geometry": {"geodesic": false, "type": "Polygon", "coordinates": [[[109.63596682870794, 40.6146306256118], [109.63596682870794, 40.61445096255498], [109.63578716565112, 40.61445096255498], [109.63578716565112, 40.61427129949816], [109.6356075025943, 40.61427129949816], [109.6356075025943, 40.61391197338451], [109.63632615482159, 40.61391197338451], [109.63632615482159, 40.61319332115721], [109.63650581787842, 40.61319332115721], [109.63650581787842, 40.61301365810039], [109.63668548093524, 40.61301365810039], [109.63668548093524, 40.612833995043566], [109.63704480704888, 40.612833995043566], [109.63704480704888, 40.61337298421404], [109.63686514399207, 40.61337298421404], [109.63686514399207, 40.613732310327684], [109.63668548093524, 40.613732310327684], [109.63668548093524, 40.61391197338451], [109.63650581787842, 40.61391197338451], [109.63650581787842, 40.61427129949816], [109.63668548093524, 40.61427129949816], [109.63668548093524, 40.61445096255498], [109.63650581787842, 40.61445096255498], [109.63650581787842, 40.6146306256118], [109.63596682870794, 40.6146306256118]]]}, "properties": {"name": "cand66", "ptype": "hall", "confidence": "low", "rank": 66, "area_ha": 1.4, "rise_db": 6.5, "digitised_from": "Sentinel-1 VV rise 2022->2026, orbit 11"}}, {"type": "Feature", "geometry": {"geodesic": false, "type": "Polygon", "coordinates": [[[109.69094372409606, 40.6153492778391], [109.69094372409606, 40.615169614782275], [109.69112338715289, 40.615169614782275], [109.69112338715289, 40.614989951725455], [109.69130305020971, 40.614989951725455], [109.69130305020971, 40.61481028866863], [109.69148271326652, 40.61481028866863], [109.69148271326652, 40.6146306256118], [109.69184203938018, 40.6146306256118], [109.69184203938018, 40.61481028866863], [109.692021702437, 40.61481028866863], [109.692021702437, 40.614989951725455], [109.69220136549383, 40.614989951725455], [109.69220136549383, 40.6146306256118], [109.69309968077795, 40.6146306256118], [109.69309968077795, 40.61445096255498], [109.69327934383477, 40.61445096255498], [109.69327934383477, 40.6146306256118], [109.69345900689159, 40.6146306256118], [109.69345900689159, 40.61481028866863], [109.69327934383477, 40.61481028866863], [109.69327934383477, 40.615169614782275], [109.69256069160747, 40.615169614782275], [109.69256069160747, 40.614989951725455], [109.69220136549383, 40.614989951725455], [109.69220136549383, 40.615169614782275], [109.69184203938018, 40.615169614782275], [109.69184203938018, 40.6153492778391], [109.69094372409606, 40.6153492778391]]]}, "properties": {"name": "cand67", "ptype": "hall", "confidence": "low", "rank": 67, "area_ha": 1.4, "rise_db": 6.8, "digitised_from": "Sentinel-1 VV rise 2022->2026, orbit 11"}}, {"type": "Feature", "geometry": {"geodesic": false, "type": "Polygon", "coordinates": [[[109.68770978907322, 40.65685144396542], [109.68770978907322, 40.656671780908596], [109.68735046295959, 40.656671780908596], [109.68735046295959, 40.656492117851776], [109.68591315850499, 40.656492117851776], [109.68591315850499, 40.65631245479495], [109.68573349544816, 40.65631245479495], [109.68573349544816, 40.65613279173813], [109.68591315850499, 40.65613279173813], [109.68591315850499, 40.655953128681304], [109.68663181073228, 40.655953128681304], [109.68663181073228, 40.65613279173813], [109.68717079990276, 40.65613279173813], [109.68717079990276, 40.655953128681304], [109.68770978907322, 40.655953128681304], [109.68770978907322, 40.65613279173813], [109.68788945213005, 40.65613279173813], [109.68788945213005, 40.65685144396542], [109.68770978907322, 40.65685144396542]]]}, "properties": {"name": "cand68", "ptype": "hall", "confidence": "low", "rank": 68, "area_ha": 1.4, "rise_db": 5.2, "digitised_from": "Sentinel-1 VV rise 2022->2026, orbit 11"}}, {"type": "Feature", "geometry": {"geodesic": false, "type": "Polygon", "coordinates": [[[109.60901737018436, 40.61930186508923], [109.60901737018436, 40.6191222020324], [109.60919703324119, 40.6191222020324], [109.60919703324119, 40.61894253897558], [109.60901737018436, 40.61894253897558], [109.60901737018436, 40.61822388674828], [109.60919703324119, 40.61822388674828], [109.60919703324119, 40.61804422369146], [109.60901737018436, 40.61804422369146], [109.60901737018436, 40.61768489757781], [109.609376696298, 40.61768489757781], [109.609376696298, 40.61786456063464], [109.60919703324119, 40.61786456063464], [109.60919703324119, 40.61804422369146], [109.60955635935483, 40.61804422369146], [109.60955635935483, 40.61822388674828], [109.609376696298, 40.61822388674828], [109.609376696298, 40.61840354980511], [109.60973602241165, 40.61840354980511], [109.60973602241165, 40.61822388674828], [109.6100953485253, 40.61822388674828], [109.6100953485253, 40.61804422369146], [109.60991568546848, 40.61804422369146], [109.60991568546848, 40.61786456063464], [109.60973602241165, 40.61786456063464], [109.60973602241165, 40.61768489757781], [109.6100953485253, 40.61768489757781], [109.6100953485253, 40.61804422369146], [109.61045467463894, 40.61804422369146], [109.61045467463894, 40.61840354980511], [109.61027501158212, 40.61840354980511], [109.61027501158212, 40.61822388674828], [109.6100953485253, 40.61822388674828], [109.6100953485253, 40.61858321286193], [109.60973602241165, 40.61858321286193], [109.60973602241165, 40.618762875918755], [109.60991568546848, 40.618762875918755], [109.60991568546848, 40.61894253897558], [109.60973602241165, 40.61894253897558], [109.60973602241165, 40.6191222020324], [109.60919703324119, 40.6191222020324], [109.60919703324119, 40.61930186508923], [109.60901737018436, 40.61930186508923]], [[109.609376696298, 40.61858321286193], [109.60919703324119, 40.61858321286193], [109.60919703324119, 40.61840354980511], [109.609376696298, 40.61840354980511], [109.609376696298, 40.61858321286193]]]}, "properties": {"name": "cand69", "ptype": "hall", "confidence": "low", "rank": 69, "area_ha": 1.3, "rise_db": 5.6, "digitised_from": "Sentinel-1 VV rise 2022->2026, orbit 11"}}, {"type": "Feature", "geometry": {"geodesic": false, "type": "Polygon", "coordinates": [[[109.65285515604938, 40.65918706370413], [109.65285515604938, 40.65900740064731], [109.65195684076527, 40.65900740064731], [109.65195684076527, 40.658827737590485], [109.65213650382209, 40.658827737590485], [109.65213650382209, 40.65864807453366], [109.65195684076527, 40.65864807453366], [109.65195684076527, 40.65846841147684], [109.65159751465163, 40.65846841147684], [109.65159751465163, 40.65810908536319], [109.65195684076527, 40.65810908536319], [109.65195684076527, 40.65828874842001], [109.65249582993575, 40.65828874842001], [109.65249582993575, 40.65846841147684], [109.65339414521986, 40.65846841147684], [109.65339414521986, 40.65864807453366], [109.65357380827669, 40.65864807453366], [109.65357380827669, 40.658827737590485], [109.65339414521986, 40.658827737590485], [109.65339414521986, 40.65900740064731], [109.65321448216304, 40.65900740064731], [109.65321448216304, 40.65918706370413], [109.65285515604938, 40.65918706370413]]]}, "properties": {"name": "cand70", "ptype": "hall", "confidence": "low", "rank": 70, "area_ha": 1.3, "rise_db": 5.8, "digitised_from": "Sentinel-1 VV rise 2022->2026, orbit 11"}}, {"type": "Feature", "geometry": {"geodesic": false, "type": "Polygon", "coordinates": [[[109.62860064337816, 40.65990571593143], [109.62860064337816, 40.659546389817784], [109.62842098032134, 40.659546389817784], [109.62842098032134, 40.65936672676096], [109.62824131726451, 40.65936672676096], [109.62824131726451, 40.65918706370413], [109.62806165420768, 40.65918706370413], [109.62806165420768, 40.659546389817784], [109.62770232809405, 40.659546389817784], [109.62770232809405, 40.6597260528746], [109.62752266503722, 40.6597260528746], [109.62752266503722, 40.65936672676096], [109.62788199115087, 40.65936672676096], [109.62788199115087, 40.65918706370413], [109.62752266503722, 40.65918706370413], [109.62752266503722, 40.65900740064731], [109.62770232809405, 40.65900740064731], [109.62770232809405, 40.65846841147684], [109.62806165420768, 40.65846841147684], [109.62806165420768, 40.65864807453366], [109.62824131726451, 40.65864807453366], [109.62824131726451, 40.65846841147684], [109.62860064337816, 40.65846841147684], [109.62860064337816, 40.65864807453366], [109.62824131726451, 40.65864807453366], [109.62824131726451, 40.65900740064731], [109.62842098032134, 40.65900740064731], [109.62842098032134, 40.65918706370413], [109.62860064337816, 40.65918706370413], [109.62860064337816, 40.65900740064731], [109.62895996949182, 40.65900740064731], [109.62895996949182, 40.65936672676096], [109.62913963254863, 40.65936672676096], [109.62913963254863, 40.659546389817784], [109.62895996949182, 40.659546389817784], [109.62895996949182, 40.6597260528746], [109.62878030643499, 40.6597260528746], [109.62878030643499, 40.65990571593143], [109.62860064337816, 40.65990571593143]]]}, "properties": {"name": "cand71", "ptype": "hall", "confidence": "low", "rank": 71, "area_ha": 1.3, "rise_db": 7.2, "digitised_from": "Sentinel-1 VV rise 2022->2026, orbit 11"}}, {"type": "Feature", "geometry": {"geodesic": false, "type": "Polygon", "coordinates": [[[109.63273289368512, 40.59935926578177], [109.63273289368512, 40.598999939668126], [109.63291255674194, 40.598999939668126], [109.63291255674194, 40.5988202766113], [109.63255323062829, 40.5988202766113], [109.63255323062829, 40.59864061355448], [109.63291255674194, 40.59864061355448], [109.63291255674194, 40.59846095049765], [109.63237356757146, 40.59846095049765], [109.63237356757146, 40.5988202766113], [109.631834578401, 40.5988202766113], [109.631834578401, 40.59864061355448], [109.63201424145781, 40.59864061355448], [109.63201424145781, 40.59846095049765], [109.63237356757146, 40.59846095049765], [109.63237356757146, 40.59828128744083], [109.63255323062829, 40.59828128744083], [109.63255323062829, 40.59810162438401], [109.63327188285558, 40.59810162438401], [109.63327188285558, 40.59846095049765], [109.63309221979875, 40.59846095049765], [109.63309221979875, 40.59864061355448], [109.63399053508287, 40.59864061355448], [109.63399053508287, 40.5988202766113], [109.63381087202606, 40.5988202766113], [109.63381087202606, 40.598999939668126], [109.63363120896923, 40.598999939668126], [109.63363120896923, 40.5988202766113], [109.63327188285558, 40.5988202766113], [109.63327188285558, 40.59935926578177], [109.63273289368512, 40.59935926578177]]]}, "properties": {"name": "cand72", "ptype": "hall", "confidence": "low", "rank": 72, "area_ha": 1.3, "rise_db": 7.6, "digitised_from": "Sentinel-1 VV rise 2022->2026, orbit 11"}}, {"type": "Feature", "geometry": {"geodesic": false, "type": "Polygon", "coordinates": [[[109.69112338715289, 40.65792942230637], [109.69112338715289, 40.657390433135895], [109.69130305020971, 40.657390433135895], [109.69130305020971, 40.65685144396542], [109.69148271326652, 40.65685144396542], [109.69148271326652, 40.656671780908596], [109.69166237632335, 40.656671780908596], [109.69166237632335, 40.656492117851776], [109.69148271326652, 40.656492117851776], [109.69148271326652, 40.65631245479495], [109.69166237632335, 40.65631245479495], [109.69166237632335, 40.65613279173813], [109.69292001772112, 40.65613279173813], [109.69292001772112, 40.65631245479495], [109.6927403546643, 40.65631245479495], [109.6927403546643, 40.656492117851776], [109.69256069160747, 40.656492117851776], [109.69256069160747, 40.65631245479495], [109.692021702437, 40.65631245479495], [109.692021702437, 40.656671780908596], [109.69184203938018, 40.656671780908596], [109.69184203938018, 40.657390433135895], [109.69166237632335, 40.657390433135895], [109.69166237632335, 40.65774975924954], [109.69148271326652, 40.65774975924954], [109.69148271326652, 40.65792942230637], [109.69112338715289, 40.65792942230637]]]}, "properties": {"name": "cand73", "ptype": "hall", "confidence": "low", "rank": 73, "area_ha": 1.3, "rise_db": 7.1, "digitised_from": "Sentinel-1 VV rise 2022->2026, orbit 11"}}, {"type": "Feature", "geometry": {"geodesic": false, "type": "Polygon", "coordinates": [[[109.68968608269829, 40.611396690588975], [109.68968608269829, 40.61121702753215], [109.68950641964146, 40.61121702753215], [109.68950641964146, 40.6108577014185], [109.68968608269829, 40.6108577014185], [109.68968608269829, 40.61067803836168], [109.69004540881194, 40.61067803836168], [109.69004540881194, 40.61049837530486], [109.69040473492558, 40.61049837530486], [109.69040473492558, 40.61067803836168], [109.69076406103923, 40.61067803836168], [109.69076406103923, 40.6108577014185], [109.69094372409606, 40.6108577014185], [109.69094372409606, 40.611396690588975], [109.68968608269829, 40.611396690588975]]]}, "properties": {"name": "cand74", "ptype": "hall", "confidence": "low", "rank": 74, "area_ha": 1.2, "rise_db": 9.1, "digitised_from": "Sentinel-1 VV rise 2022->2026, orbit 11"}}, {"type": "Feature", "geometry": {"geodesic": false, "type": "Polygon", "coordinates": [[[109.6710011247886, 40.615169614782275], [109.6710011247886, 40.614989951725455], [109.67118078784543, 40.614989951725455], [109.67118078784543, 40.61481028866863], [109.67010280950448, 40.61481028866863], [109.67010280950448, 40.6146306256118], [109.66992314644766, 40.6146306256118], [109.66992314644766, 40.61445096255498], [109.66974348339083, 40.61445096255498], [109.66974348339083, 40.61409163644133], [109.66956382033402, 40.61409163644133], [109.66956382033402, 40.61391197338451], [109.66974348339083, 40.61391197338451], [109.66974348339083, 40.613732310327684], [109.66992314644766, 40.613732310327684], [109.66992314644766, 40.613552647270865], [109.67028247256131, 40.613552647270865], [109.67028247256131, 40.61391197338451], [109.67046213561814, 40.61391197338451], [109.67046213561814, 40.61445096255498], [109.67064179867495, 40.61445096255498], [109.67064179867495, 40.6146306256118], [109.67082146173178, 40.6146306256118], [109.67082146173178, 40.61445096255498], [109.6710011247886, 40.61445096255498], [109.6710011247886, 40.6146306256118], [109.67118078784543, 40.6146306256118], [109.67118078784543, 40.61481028866863], [109.67136045090226, 40.61481028866863], [109.67136045090226, 40.614989951725455], [109.67118078784543, 40.614989951725455], [109.67118078784543, 40.615169614782275], [109.6710011247886, 40.615169614782275]]]}, "properties": {"name": "cand75", "ptype": "hall", "confidence": "low", "rank": 75, "area_ha": 1.2, "rise_db": 6.4, "digitised_from": "Sentinel-1 VV rise 2022->2026, orbit 11"}}, {"type": "Feature", "geometry": {"geodesic": false, "type": "Polygon", "coordinates": [[[109.61243096826401, 40.616606919236865], [109.61243096826401, 40.616427256180046], [109.61225130520718, 40.616427256180046], [109.61225130520718, 40.616606919236865], [109.61189197909354, 40.616606919236865], [109.61189197909354, 40.61624759312322], [109.61171231603672, 40.61624759312322], [109.61171231603672, 40.6160679300664], [109.61153265297989, 40.6160679300664], [109.61153265297989, 40.615888267009574], [109.61189197909354, 40.615888267009574], [109.61189197909354, 40.61552894089593], [109.61261063132083, 40.61552894089593], [109.61261063132083, 40.61624759312322], [109.61332928354813, 40.61624759312322], [109.61332928354813, 40.616427256180046], [109.61314962049131, 40.616427256180046], [109.61314962049131, 40.616606919236865], [109.61243096826401, 40.616606919236865]], [[109.61225130520718, 40.6160679300664], [109.61189197909354, 40.6160679300664], [109.61189197909354, 40.615888267009574], [109.61225130520718, 40.615888267009574], [109.61225130520718, 40.6160679300664]]]}, "properties": {"name": "cand76", "ptype": "hall", "confidence": "low", "rank": 76, "area_ha": 1.2, "rise_db": 6.3, "digitised_from": "Sentinel-1 VV rise 2022->2026, orbit 11"}}, {"type": "Feature", "geometry": {"geodesic": false, "type": "Polygon", "coordinates": [[[109.62303108861663, 40.65792942230637], [109.62303108861663, 40.65685144396542], [109.62374974084392, 40.65685144396542], [109.62374974084392, 40.656671780908596], [109.62392940390075, 40.656671780908596], [109.62392940390075, 40.65685144396542], [109.62410906695756, 40.65685144396542], [109.62410906695756, 40.65721077007907], [109.62392940390075, 40.65721077007907], [109.62392940390075, 40.65757009619272], [109.62374974084392, 40.65757009619272], [109.62374974084392, 40.65792942230637], [109.62303108861663, 40.65792942230637]]]}, "properties": {"name": "cand77", "ptype": "hall", "confidence": "low", "rank": 77, "area_ha": 1.2, "rise_db": 6.7, "digitised_from": "Sentinel-1 VV rise 2022->2026, orbit 11"}}, {"type": "Feature", "geometry": {"geodesic": false, "type": "Polygon", "coordinates": [[[109.66327561334518, 40.64104109496492], [109.66327561334518, 40.64068176885127], [109.66435359168612, 40.64068176885127], [109.66435359168612, 40.64050210579445], [109.66453325474295, 40.64050210579445], [109.66453325474295, 40.64068176885127], [109.66471291779976, 40.64068176885127], [109.66471291779976, 40.64050210579445], [109.66507224391341, 40.64050210579445], [109.66507224391341, 40.64032244273762], [109.6656112330839, 40.64032244273762], [109.6656112330839, 40.64050210579445], [109.6657908961407, 40.64050210579445], [109.6657908961407, 40.64086143190809], [109.66435359168612, 40.64086143190809], [109.66435359168612, 40.64104109496492], [109.66327561334518, 40.64104109496492]]]}, "properties": {"name": "cand78", "ptype": "hall", "confidence": "low", "rank": 78, "area_ha": 1.2, "rise_db": 7.2, "digitised_from": "Sentinel-1 VV rise 2022->2026, orbit 11"}}, {"type": "Feature", "geometry": {"geodesic": false, "type": "Polygon", "coordinates": [[[109.65267549299257, 40.65792942230637], [109.65267549299257, 40.65774975924954], [109.65249582993575, 40.65774975924954], [109.65249582993575, 40.65757009619272], [109.65213650382209, 40.65757009619272], [109.65213650382209, 40.656492117851776], [109.65267549299257, 40.656492117851776], [109.65267549299257, 40.656671780908596], [109.65285515604938, 40.656671780908596], [109.65285515604938, 40.65703110702225], [109.65267549299257, 40.65703110702225], [109.65267549299257, 40.65721077007907], [109.65249582993575, 40.65721077007907], [109.65249582993575, 40.657390433135895], [109.65285515604938, 40.657390433135895], [109.65285515604938, 40.65757009619272], [109.65321448216304, 40.65757009619272], [109.65321448216304, 40.65774975924954], [109.65339414521986, 40.65774975924954], [109.65339414521986, 40.65757009619272], [109.65357380827669, 40.65757009619272], [109.65357380827669, 40.65792942230637], [109.65267549299257, 40.65792942230637]]]}, "properties": {"name": "cand79", "ptype": "hall", "confidence": "low", "rank": 79, "area_ha": 1.2, "rise_db": 6.0, "digitised_from": "Sentinel-1 VV rise 2022->2026, orbit 11"}}, {"type": "Feature", "geometry": {"geodesic": false, "type": "Polygon", "coordinates": [[[109.62967862171911, 40.660265042045076], [109.62967862171911, 40.65990571593143], [109.62985828477593, 40.65990571593143], [109.62985828477593, 40.6597260528746], [109.63003794783275, 40.6597260528746], [109.63003794783275, 40.659546389817784], [109.63021761088957, 40.659546389817784], [109.63021761088957, 40.6597260528746], [109.6303972739464, 40.6597260528746], [109.6303972739464, 40.659546389817784], [109.63057693700323, 40.659546389817784], [109.63057693700323, 40.65936672676096], [109.63093626311688, 40.65936672676096], [109.63093626311688, 40.659546389817784], [109.63129558923052, 40.659546389817784], [109.63129558923052, 40.65990571593143], [109.63093626311688, 40.65990571593143], [109.63093626311688, 40.660265042045076], [109.62967862171911, 40.660265042045076]]]}, "properties": {"name": "cand80", "ptype": "hall", "confidence": "low", "rank": 80, "area_ha": 1.2, "rise_db": 11.8, "digitised_from": "Sentinel-1 VV rise 2022->2026, orbit 11"}}, {"type": "Feature", "geometry": {"geodesic": false, "type": "Polygon", "coordinates": [[[109.61566490328684, 40.59361004796341], [109.61566490328684, 40.59343038490658], [109.61512591411638, 40.59343038490658], [109.61512591411638, 40.59361004796341], [109.61440726188907, 40.59361004796341], [109.61440726188907, 40.59325072184976], [109.61422759883224, 40.59325072184976], [109.61422759883224, 40.59307105879294], [109.61512591411638, 40.59307105879294], [109.61512591411638, 40.59289139573611], [109.61530557717319, 40.59289139573611], [109.61530557717319, 40.59271173267929], [109.61548524023002, 40.59271173267929], [109.61548524023002, 40.59289139573611], [109.61584456634367, 40.59289139573611], [109.61584456634367, 40.59307105879294], [109.6160242294005, 40.59307105879294], [109.6160242294005, 40.59325072184976], [109.61584456634367, 40.59325072184976], [109.61584456634367, 40.59343038490658], [109.6160242294005, 40.59343038490658], [109.6160242294005, 40.59361004796341], [109.61566490328684, 40.59361004796341]]]}, "properties": {"name": "cand81", "ptype": "hall", "confidence": "low", "rank": 81, "area_ha": 1.2, "rise_db": 5.7, "digitised_from": "Sentinel-1 VV rise 2022->2026, orbit 11"}}, {"type": "Feature", "geometry": {"geodesic": false, "type": "Polygon", "coordinates": [[[109.6627366241747, 40.65487515034036], [109.6627366241747, 40.65469548728353], [109.66237729806106, 40.65469548728353], [109.66237729806106, 40.65451582422671], [109.66255696111789, 40.65451582422671], [109.66255696111789, 40.65433616116989], [109.66237729806106, 40.65433616116989], [109.66237729806106, 40.65397683505624], [109.66255696111789, 40.65397683505624], [109.66255696111789, 40.653797171999415], [109.6627366241747, 40.653797171999415], [109.6627366241747, 40.653617508942595], [109.66309595028835, 40.653617508942595], [109.66309595028835, 40.65343784588577], [109.66327561334518, 40.65343784588577], [109.66327561334518, 40.653617508942595], [109.663455276402, 40.653617508942595], [109.663455276402, 40.653797171999415], [109.66291628723152, 40.653797171999415], [109.66291628723152, 40.65397683505624], [109.66309595028835, 40.65397683505624], [109.66309595028835, 40.65451582422671], [109.663455276402, 40.65451582422671], [109.663455276402, 40.65469548728353], [109.66363493945883, 40.65469548728353], [109.66363493945883, 40.65487515034036], [109.6627366241747, 40.65487515034036]]]}, "properties": {"name": "cand82", "ptype": "hall", "confidence": "low", "rank": 82, "area_ha": 1.2, "rise_db": 6.5, "digitised_from": "Sentinel-1 VV rise 2022->2026, orbit 11"}}, {"type": "Feature", "geometry": {"geodesic": false, "type": "Polygon", "coordinates": [[[109.67531303815238, 40.60313218997508], [109.67531303815238, 40.60295252691825], [109.67513337509556, 40.60295252691825], [109.67513337509556, 40.602772863861425], [109.67531303815238, 40.602772863861425], [109.67531303815238, 40.602593200804606], [109.67549270120921, 40.602593200804606], [109.67549270120921, 40.60241353774778], [109.67603169037967, 40.60241353774778], [109.67603169037967, 40.602593200804606], [109.67675034260697, 40.602593200804606], [109.67675034260697, 40.60295252691825], [109.67657067955014, 40.60295252691825], [109.67657067955014, 40.60313218997508], [109.67531303815238, 40.60313218997508]]]}, "properties": {"name": "cand83", "ptype": "hall", "confidence": "low", "rank": 83, "area_ha": 1.1, "rise_db": 7.7, "digitised_from": "Sentinel-1 VV rise 2022->2026, orbit 11"}}, {"type": "Feature", "geometry": {"geodesic": false, "type": "Polygon", "coordinates": [[[109.64207537263995, 40.617325571464164], [109.64207537263995, 40.61714590840734], [109.64153638346949, 40.61714590840734], [109.64153638346949, 40.61678658229369], [109.64189570958312, 40.61678658229369], [109.64189570958312, 40.616427256180046], [109.64225503569678, 40.616427256180046], [109.64225503569678, 40.61624759312322], [109.64279402486726, 40.61624759312322], [109.64279402486726, 40.616427256180046], [109.64297368792407, 40.616427256180046], [109.64297368792407, 40.61678658229369], [109.6424346987536, 40.61678658229369], [109.6424346987536, 40.61696624535052], [109.64261436181043, 40.61696624535052], [109.64261436181043, 40.61714590840734], [109.64225503569678, 40.61714590840734], [109.64225503569678, 40.617325571464164], [109.64207537263995, 40.617325571464164]]]}, "properties": {"name": "cand84", "ptype": "hall", "confidence": "low", "rank": 84, "area_ha": 1.1, "rise_db": 9.8, "digitised_from": "Sentinel-1 VV rise 2022->2026, orbit 11"}}, {"type": "Feature", "geometry": {"geodesic": false, "type": "Polygon", "coordinates": [[[109.62087513193474, 40.5943287001907], [109.62087513193474, 40.59414903713388], [109.61997681665062, 40.59414903713388], [109.61997681665062, 40.59361004796341], [109.62015647970743, 40.59361004796341], [109.62015647970743, 40.593789711020236], [109.62051580582109, 40.593789711020236], [109.62051580582109, 40.59361004796341], [109.62087513193474, 40.59361004796341], [109.62087513193474, 40.593789711020236], [109.62105479499157, 40.593789711020236], [109.62105479499157, 40.59361004796341], [109.62123445804838, 40.59361004796341], [109.62123445804838, 40.59343038490658], [109.62159378416203, 40.59343038490658], [109.62159378416203, 40.593789711020236], [109.6214141211052, 40.593789711020236], [109.6214141211052, 40.59414903713388], [109.62123445804838, 40.59414903713388], [109.62123445804838, 40.5943287001907], [109.62087513193474, 40.5943287001907]]]}, "properties": {"name": "cand85", "ptype": "hall", "confidence": "low", "rank": 85, "area_ha": 1.0, "rise_db": 6.0, "digitised_from": "Sentinel-1 VV rise 2022->2026, orbit 11"}}, {"type": "Feature", "geometry": {"geodesic": false, "type": "Polygon", "coordinates": [[[109.68034360374345, 40.6153492778391], [109.68034360374345, 40.61481028866863], [109.68016394068663, 40.61481028866863], [109.68016394068663, 40.6146306256118], [109.68034360374345, 40.6146306256118], [109.68034360374345, 40.61409163644133], [109.68016394068663, 40.61409163644133], [109.68016394068663, 40.61337298421404], [109.68034360374345, 40.61337298421404], [109.68034360374345, 40.613552647270865], [109.68052326680026, 40.613552647270865], [109.68052326680026, 40.61391197338451], [109.68070292985709, 40.61391197338451], [109.68070292985709, 40.61409163644133], [109.68088259291392, 40.61409163644133], [109.68088259291392, 40.61481028866863], [109.68052326680026, 40.61481028866863], [109.68052326680026, 40.614989951725455], [109.68070292985709, 40.614989951725455], [109.68070292985709, 40.6153492778391], [109.68034360374345, 40.6153492778391]]]}, "properties": {"name": "cand86", "ptype": "hall", "confidence": "low", "rank": 86, "area_ha": 1.0, "rise_db": 5.8, "digitised_from": "Sentinel-1 VV rise 2022->2026, orbit 11"}}, {"type": "Feature", "geometry": {"geodesic": false, "type": "Polygon", "coordinates": [[[109.66219763500423, 40.61750523452099], [109.66219763500423, 40.616606919236865], [109.66237729806106, 40.616606919236865], [109.66237729806106, 40.616427256180046], [109.66219763500423, 40.616427256180046], [109.66219763500423, 40.61624759312322], [109.66237729806106, 40.61624759312322], [109.66237729806106, 40.6160679300664], [109.66255696111789, 40.6160679300664], [109.66255696111789, 40.61624759312322], [109.66291628723152, 40.61624759312322], [109.66291628723152, 40.617325571464164], [109.66255696111789, 40.617325571464164], [109.66255696111789, 40.61750523452099], [109.66219763500423, 40.61750523452099]]]}, "properties": {"name": "cand87", "ptype": "hall", "confidence": "low", "rank": 87, "area_ha": 1.0, "rise_db": 6.2, "digitised_from": "Sentinel-1 VV rise 2022->2026, orbit 11"}}, {"type": "Feature", "geometry": {"geodesic": false, "type": "Polygon", "coordinates": [[[109.67531303815238, 40.60582713582743], [109.67531303815238, 40.60564747277061], [109.67513337509556, 40.60564747277061], [109.67513337509556, 40.60528814665696], [109.67495371203873, 40.60528814665696], [109.67495371203873, 40.604928820543314], [109.67531303815238, 40.604928820543314], [109.67531303815238, 40.60474915748649], [109.67567236426602, 40.60474915748649], [109.67567236426602, 40.60546780971379], [109.67585202732285, 40.60546780971379], [109.67585202732285, 40.60564747277061], [109.6762113534365, 40.60564747277061], [109.6762113534365, 40.60546780971379], [109.67657067955014, 40.60546780971379], [109.67657067955014, 40.60564747277061], [109.67639101649333, 40.60564747277061], [109.67639101649333, 40.60582713582743], [109.67531303815238, 40.60582713582743]]]}, "properties": {"name": "cand88", "ptype": "hall", "confidence": "low", "rank": 88, "area_ha": 1.0, "rise_db": 5.9, "digitised_from": "Sentinel-1 VV rise 2022->2026, orbit 11"}}, {"type": "Feature", "geometry": {"geodesic": false, "type": "Polygon", "coordinates": [[[109.68106225597074, 40.61121702753215], [109.68106225597074, 40.61049837530486], [109.68124191902757, 40.61049837530486], [109.68124191902757, 40.61031871224803], [109.68178090819804, 40.61031871224803], [109.68178090819804, 40.61049837530486], [109.68214023431169, 40.61049837530486], [109.68214023431169, 40.61031871224803], [109.68231989736852, 40.61031871224803], [109.68231989736852, 40.61049837530486], [109.68267922348215, 40.61049837530486], [109.68267922348215, 40.6108577014185], [109.6814215820844, 40.6108577014185], [109.6814215820844, 40.61103736447533], [109.68124191902757, 40.61103736447533], [109.68124191902757, 40.61121702753215], [109.68106225597074, 40.61121702753215]]]}, "properties": {"name": "cand89", "ptype": "hall", "confidence": "low", "rank": 89, "area_ha": 1.0, "rise_db": 8.0, "digitised_from": "Sentinel-1 VV rise 2022->2026, orbit 11"}}, {"type": "Feature", "geometry": {"geodesic": false, "type": "Polygon", "coordinates": [[[109.65680774329951, 40.641220758021745], [109.65680774329951, 40.64068176885127], [109.65698740635634, 40.64068176885127], [109.65698740635634, 40.64050210579445], [109.65734673246999, 40.64050210579445], [109.65734673246999, 40.64032244273762], [109.65770605858364, 40.64032244273762], [109.65770605858364, 40.6401427796808], [109.65806538469728, 40.6401427796808], [109.65806538469728, 40.64068176885127], [109.65788572164045, 40.64068176885127], [109.65788572164045, 40.64086143190809], [109.65770605858364, 40.64086143190809], [109.65770605858364, 40.64104109496492], [109.65716706941316, 40.64104109496492], [109.65716706941316, 40.641220758021745], [109.65680774329951, 40.641220758021745]]]}, "properties": {"name": "cand90", "ptype": "hall", "confidence": "low", "rank": 90, "area_ha": 1.0, "rise_db": 8.0, "digitised_from": "Sentinel-1 VV rise 2022->2026, orbit 11"}}, {"type": "Feature", "geometry": {"geodesic": false, "type": "Polygon", "coordinates": [[[109.65608909107222, 40.64409536693093], [109.65608909107222, 40.6439157038741], [109.65590942801539, 40.6439157038741], [109.65590942801539, 40.64373604081728], [109.65626875412904, 40.64373604081728], [109.65626875412904, 40.643556377760454], [109.65644841718587, 40.643556377760454], [109.65644841718587, 40.64337671470363], [109.6566280802427, 40.64337671470363], [109.6566280802427, 40.64319705164681], [109.65680774329951, 40.64319705164681], [109.65680774329951, 40.64301738858998], [109.6566280802427, 40.64301738858998], [109.6566280802427, 40.642837725533155], [109.65680774329951, 40.642837725533155], [109.65680774329951, 40.642658062476336], [109.65716706941316, 40.642658062476336], [109.65716706941316, 40.64301738858998], [109.65698740635634, 40.64301738858998], [109.65698740635634, 40.6439157038741], [109.65680774329951, 40.6439157038741], [109.65680774329951, 40.64409536693093], [109.65608909107222, 40.64409536693093]]]}, "properties": {"name": "cand91", "ptype": "hall", "confidence": "low", "rank": 91, "area_ha": 1.0, "rise_db": 5.6, "digitised_from": "Sentinel-1 VV rise 2022->2026, orbit 11"}}, {"type": "Feature", "geometry": {"geodesic": false, "type": "Polygon", "coordinates": [[[109.63848211150348, 40.652359867544824], [109.63848211150348, 40.652180204488005], [109.63812278538983, 40.652180204488005], [109.63812278538983, 40.65182087837435], [109.63830244844665, 40.65182087837435], [109.63830244844665, 40.65164121531753], [109.63902110067394, 40.65164121531753], [109.63902110067394, 40.65182087837435], [109.64009907901489, 40.65182087837435], [109.64009907901489, 40.652180204488005], [109.63991941595806, 40.652180204488005], [109.63991941595806, 40.65200054143118], [109.6393804267876, 40.65200054143118], [109.6393804267876, 40.652180204488005], [109.63884143761713, 40.652180204488005], [109.63884143761713, 40.652359867544824], [109.63848211150348, 40.652359867544824]]]}, "properties": {"name": "cand92", "ptype": "hall", "confidence": "low", "rank": 92, "area_ha": 1.0, "rise_db": 11.2, "digitised_from": "Sentinel-1 VV rise 2022->2026, orbit 11"}}]}