{"type": "FeatureCollection", "features": [{"type": "Feature", "geometry": {"geodesic": false, "type": "Polygon", "coordinates": [[[116.40764710345772, 27.90957789925259], [116.40764710345772, 27.909398236195766], [116.40710811428725, 27.909398236195766], [116.40710811428725, 27.90957789925259], [116.4067487881736, 27.90957789925259], [116.4067487881736, 27.90921857313894], [116.40656912511677, 27.90921857313894], [116.40656912511677, 27.909038910082117], [116.40638946205995, 27.909038910082117], [116.40638946205995, 27.908859247025294], [116.40585047288948, 27.908859247025294], [116.40585047288948, 27.909038910082117], [116.40567080983266, 27.909038910082117], [116.40567080983266, 27.90921857313894], [116.405311483719, 27.90921857313894], [116.405311483719, 27.909038910082117], [116.40513182066219, 27.909038910082117], [116.40513182066219, 27.908859247025294], [116.40459283149171, 27.908859247025294], [116.40459283149171, 27.90867958396847], [116.4036945162076, 27.90867958396847], [116.4036945162076, 27.908499920911645], [116.40351485315077, 27.908499920911645], [116.40351485315077, 27.908140594798], [116.40333519009394, 27.908140594798], [116.40333519009394, 27.90778126868435], [116.40315552703713, 27.90778126868435], [116.40315552703713, 27.908140594798], [116.40279620092348, 27.908140594798], [116.40279620092348, 27.90832025785482], [116.40261653786665, 27.90832025785482], [116.40261653786665, 27.908499920911645], [116.40243687480982, 27.908499920911645], [116.40243687480982, 27.90832025785482], [116.40207754869618, 27.90832025785482], [116.40207754869618, 27.908140594798], [116.40189788563936, 27.908140594798], [116.40189788563936, 27.90832025785482], [116.40171822258253, 27.90832025785482], [116.40171822258253, 27.908499920911645], [116.40135889646888, 27.908499920911645], [116.40135889646888, 27.90867958396847], [116.40117923341207, 27.90867958396847], [116.40117923341207, 27.908859247025294], [116.39974192895747, 27.908859247025294], [116.39974192895747, 27.908499920911645], [116.39956226590064, 27.908499920911645], [116.39956226590064, 27.908140594798], [116.399202939787, 27.908140594798], [116.399202939787, 27.90832025785482], [116.39902327673018, 27.90832025785482], [116.39902327673018, 27.908499920911645], [116.39866395061652, 27.908499920911645], [116.39866395061652, 27.90832025785482], [116.3984842875597, 27.90832025785482], [116.3984842875597, 27.907960931741172], [116.39812496144606, 27.907960931741172], [116.39812496144606, 27.90832025785482], [116.39794529838923, 27.90832025785482], [116.39794529838923, 27.908499920911645], [116.39758597227558, 27.908499920911645], [116.39758597227558, 27.907960931741172], [116.3977656353324, 27.907960931741172], [116.3977656353324, 27.907421942570704], [116.39758597227558, 27.907421942570704], [116.39758597227558, 27.90688295340023], [116.3977656353324, 27.90688295340023], [116.3977656353324, 27.90670329034341], [116.399202939787, 27.90670329034341], [116.399202939787, 27.90652362728658], [116.39956226590064, 27.90652362728658], [116.39956226590064, 27.90634396422976], [116.3999215920143, 27.90634396422976], [116.3999215920143, 27.90652362728658], [116.40010125507112, 27.90652362728658], [116.40010125507112, 27.90670329034341], [116.40064024424159, 27.90670329034341], [116.40064024424159, 27.90652362728658], [116.40099957035524, 27.90652362728658], [116.40099957035524, 27.907062616457054], [116.40117923341207, 27.907062616457054], [116.40117923341207, 27.907242279513877], [116.40207754869618, 27.907242279513877], [116.40207754869618, 27.907062616457054], [116.402257211753, 27.907062616457054], [116.402257211753, 27.90670329034341], [116.40243687480982, 27.90670329034341], [116.40243687480982, 27.90652362728658], [116.40315552703713, 27.90652362728658], [116.40315552703713, 27.90634396422976], [116.40351485315077, 27.90634396422976], [116.40351485315077, 27.90652362728658], [116.4036945162076, 27.90652362728658], [116.4036945162076, 27.90670329034341], [116.40387417926442, 27.90670329034341], [116.40387417926442, 27.90652362728658], [116.40405384232125, 27.90652362728658], [116.40405384232125, 27.90634396422976], [116.40423350537806, 27.90634396422976], [116.40423350537806, 27.90598463811611], [116.40441316843489, 27.90598463811611], [116.40441316843489, 27.90544564894564], [116.40459283149171, 27.90544564894564], [116.40459283149171, 27.90508632283199], [116.40477249454854, 27.90508632283199], [116.40477249454854, 27.90490665977517], [116.40495215760536, 27.90490665977517], [116.40495215760536, 27.904726996718345], [116.40513182066219, 27.904726996718345], [116.40513182066219, 27.90454733366152], [116.405311483719, 27.90454733366152], [116.405311483719, 27.904367670604696], [116.40567080983266, 27.904367670604696], [116.40567080983266, 27.904188007547873], [116.40585047288948, 27.904188007547873], [116.40585047288948, 27.903828681434224], [116.40567080983266, 27.903828681434224], [116.40567080983266, 27.903469355320578], [116.40549114677583, 27.903469355320578], [116.40549114677583, 27.9036490183774], [116.405311483719, 27.9036490183774], [116.405311483719, 27.903828681434224], [116.40513182066219, 27.903828681434224], [116.40513182066219, 27.904188007547873], [116.40495215760536, 27.904188007547873], [116.40495215760536, 27.904367670604696], [116.40477249454854, 27.904367670604696], [116.40477249454854, 27.90454733366152], [116.40441316843489, 27.90454733366152], [116.40441316843489, 27.9036490183774], [116.40459283149171, 27.9036490183774], [116.40459283149171, 27.902391376979633], [116.40477249454854, 27.902391376979633], [116.40477249454854, 27.902032050865984], [116.40459283149171, 27.902032050865984], [116.40459283149171, 27.901493061695515], [116.40477249454854, 27.901493061695515], [116.40477249454854, 27.90005575724092], [116.40459283149171, 27.90005575724092], [116.40459283149171, 27.899876094184098], [116.40441316843489, 27.899876094184098], [116.40441316843489, 27.899516768070452], [116.40423350537806, 27.899516768070452], [116.40423350537806, 27.899337105013625], [116.40387417926442, 27.899337105013625], [116.40387417926442, 27.899157441956802], [116.4036945162076, 27.899157441956802], [116.4036945162076, 27.899337105013625], [116.40351485315077, 27.899337105013625], [116.40351485315077, 27.899516768070452], [116.4036945162076, 27.899516768070452], [116.4036945162076, 27.899876094184098], [116.4029758639803, 27.899876094184098], [116.4029758639803, 27.899696431127275], [116.40279620092348, 27.899696431127275], [116.40279620092348, 27.899876094184098], [116.40261653786665, 27.899876094184098], [116.40261653786665, 27.899696431127275], [116.40279620092348, 27.899696431127275], [116.40279620092348, 27.899516768070452], [116.40315552703713, 27.899516768070452], [116.40315552703713, 27.899157441956802], [116.402257211753, 27.899157441956802], [116.402257211753, 27.899337105013625], [116.40171822258253, 27.899337105013625], [116.40171822258253, 27.899516768070452], [116.4015385595257, 27.899516768070452], [116.4015385595257, 27.899876094184098], [116.40099957035524, 27.899876094184098], [116.40099957035524, 27.899696431127275], [116.40081990729841, 27.899696431127275], [116.40081990729841, 27.89897777889998], [116.40064024424159, 27.89897777889998], [116.40064024424159, 27.898079463615858], [116.40046058118476, 27.898079463615858], [116.40046058118476, 27.897899800559035], [116.40064024424159, 27.897899800559035], [116.40064024424159, 27.897720137502212], [116.40081990729841, 27.897720137502212], [116.40081990729841, 27.897001485274917], [116.40028091812793, 27.897001485274917], [116.40028091812793, 27.896642159161267], [116.40046058118476, 27.896642159161267], [116.40046058118476, 27.896462496104444], [116.40028091812793, 27.896462496104444], [116.40028091812793, 27.896103169990795], [116.3999215920143, 27.896103169990795], [116.3999215920143, 27.89628283304762], [116.39956226590064, 27.89628283304762], [116.39956226590064, 27.896103169990795], [116.399202939787, 27.896103169990795], [116.399202939787, 27.89628283304762], [116.3984842875597, 27.89628283304762], [116.3984842875597, 27.896462496104444], [116.39866395061652, 27.896462496104444], [116.39866395061652, 27.896642159161267], [116.39830462450287, 27.896642159161267], [116.39830462450287, 27.897001485274917], [116.39812496144606, 27.897001485274917], [116.39812496144606, 27.89682182221809], [116.39758597227558, 27.89682182221809], [116.39758597227558, 27.897720137502212], [116.39740630921875, 27.897720137502212], [116.39740630921875, 27.897899800559035], [116.39704698310511, 27.897899800559035], [116.39704698310511, 27.896642159161267], [116.39686732004829, 27.896642159161267], [116.39686732004829, 27.895923506933972], [116.39704698310511, 27.895923506933972], [116.39704698310511, 27.89574384387715], [116.39722664616194, 27.89574384387715], [116.39722664616194, 27.895564180820326], [116.39740630921875, 27.895564180820326], [116.39740630921875, 27.8953845177635], [116.39902327673018, 27.8953845177635], [116.39902327673018, 27.895204854706677], [116.39938260284381, 27.895204854706677], [116.39938260284381, 27.8953845177635], [116.40064024424159, 27.8953845177635], [116.40064024424159, 27.895564180820326], [116.40081990729841, 27.895564180820326], [116.40081990729841, 27.89574384387715], [116.40064024424159, 27.89574384387715], [116.40064024424159, 27.896103169990795], [116.40081990729841, 27.896103169990795], [116.40081990729841, 27.896642159161267], [116.40099957035524, 27.896642159161267], [116.40099957035524, 27.89682182221809], [116.40189788563936, 27.89682182221809], [116.40189788563936, 27.897360811388562], [116.40207754869618, 27.897360811388562], [116.40207754869618, 27.89754047444539], [116.402257211753, 27.89754047444539], [116.402257211753, 27.897360811388562], [116.40243687480982, 27.897360811388562], [116.40243687480982, 27.89754047444539], [116.4029758639803, 27.89754047444539], [116.4029758639803, 27.897360811388562], [116.40315552703713, 27.897360811388562], [116.40315552703713, 27.89754047444539], [116.40333519009394, 27.89754047444539], [116.40333519009394, 27.897360811388562], [116.4036945162076, 27.897360811388562], [116.4036945162076, 27.89754047444539], [116.40423350537806, 27.89754047444539], [116.40423350537806, 27.89682182221809], [116.40459283149171, 27.89682182221809], [116.40459283149171, 27.896642159161267], [116.40477249454854, 27.896642159161267], [116.40477249454854, 27.896462496104444], [116.40459283149171, 27.896462496104444], [116.40459283149171, 27.89628283304762], [116.40477249454854, 27.89628283304762], [116.40477249454854, 27.89574384387715], [116.40441316843489, 27.89574384387715], [116.40441316843489, 27.895923506933972], [116.40387417926442, 27.895923506933972], [116.40387417926442, 27.8953845177635], [116.40405384232125, 27.8953845177635], [116.40405384232125, 27.895204854706677], [116.40441316843489, 27.895204854706677], [116.40441316843489, 27.8953845177635], [116.40477249454854, 27.8953845177635], [116.40477249454854, 27.895204854706677], [116.40567080983266, 27.895204854706677], [116.40567080983266, 27.8953845177635], [116.40620979900312, 27.8953845177635], [116.40620979900312, 27.895204854706677], [116.4067487881736, 27.895204854706677], [116.4067487881736, 27.895025191649854], [116.40692845123043, 27.895025191649854], [116.40692845123043, 27.895204854706677], [116.40818609262818, 27.895204854706677], [116.40818609262818, 27.895564180820326], [116.4074674404009, 27.895564180820326], [116.4074674404009, 27.895923506933972], [116.40728777734407, 27.895923506933972], [116.40728777734407, 27.896103169990795], [116.40710811428725, 27.896103169990795], [116.40710811428725, 27.895923506933972], [116.4067487881736, 27.895923506933972], [116.4067487881736, 27.89574384387715], [116.40656912511677, 27.89574384387715], [116.40656912511677, 27.895923506933972], [116.40638946205995, 27.895923506933972], [116.40638946205995, 27.896103169990795], [116.40549114677583, 27.896103169990795], [116.40549114677583, 27.89628283304762], [116.40585047288948, 27.89628283304762], [116.40585047288948, 27.896462496104444], [116.40710811428725, 27.896462496104444], [116.40710811428725, 27.896642159161267], [116.40728777734407, 27.896642159161267], [116.40728777734407, 27.897001485274917], [116.40620979900312, 27.897001485274917], [116.40620979900312, 27.89718114833174], [116.40567080983266, 27.89718114833174], [116.40567080983266, 27.897001485274917], [116.40495215760536, 27.897001485274917], [116.40495215760536, 27.89754047444539], [116.40459283149171, 27.89754047444539], [116.40459283149171, 27.897899800559035], [116.40441316843489, 27.897899800559035], [116.40441316843489, 27.898798115843153], [116.40423350537806, 27.898798115843153], [116.40423350537806, 27.899337105013625], [116.40441316843489, 27.899337105013625], [116.40441316843489, 27.899516768070452], [116.40477249454854, 27.899516768070452], [116.40477249454854, 27.899157441956802], [116.40495215760536, 27.899157441956802], [116.40495215760536, 27.897720137502212], [116.40513182066219, 27.897720137502212], [116.40513182066219, 27.89754047444539], [116.40620979900312, 27.89754047444539], [116.40620979900312, 27.897720137502212], [116.40638946205995, 27.897720137502212], [116.40638946205995, 27.897899800559035], [116.40585047288948, 27.897899800559035], [116.40585047288948, 27.898798115843153], [116.40567080983266, 27.898798115843153], [116.40567080983266, 27.899516768070452], [116.40585047288948, 27.899516768070452], [116.40585047288948, 27.899696431127275], [116.40567080983266, 27.899696431127275], [116.40567080983266, 27.899876094184098], [116.40549114677583, 27.899876094184098], [116.40549114677583, 27.900235420297747], [116.40567080983266, 27.900235420297747], [116.40567080983266, 27.90005575724092], [116.40603013594631, 27.90005575724092], [116.40603013594631, 27.900235420297747], [116.40620979900312, 27.900235420297747], [116.40620979900312, 27.90005575724092], [116.40638946205995, 27.90005575724092], [116.40638946205995, 27.899876094184098], [116.4067487881736, 27.899876094184098], [116.4067487881736, 27.90041508335457], [116.40656912511677, 27.90041508335457], [116.40656912511677, 27.900774409468216], [116.40638946205995, 27.900774409468216], [116.40638946205995, 27.901493061695515], [116.40620979900312, 27.901493061695515], [116.40620979900312, 27.902032050865984], [116.40603013594631, 27.902032050865984], [116.40603013594631, 27.901133735581865], [116.40567080983266, 27.901133735581865], [116.40567080983266, 27.90131339863869], [116.40549114677583, 27.90131339863869], [116.40549114677583, 27.902032050865984], [116.40567080983266, 27.902032050865984], [116.40567080983266, 27.902391376979633], [116.40603013594631, 27.902391376979633], [116.40603013594631, 27.902750703093282], [116.40585047288948, 27.902750703093282], [116.40585047288948, 27.902930366150105], [116.40567080983266, 27.902930366150105], [116.40567080983266, 27.90328969226375], [116.40585047288948, 27.90328969226375], [116.40585047288948, 27.90311002920693], [116.40603013594631, 27.90311002920693], [116.40603013594631, 27.902930366150105], [116.40620979900312, 27.902930366150105], [116.40620979900312, 27.902750703093282], [116.40638946205995, 27.902750703093282], [116.40638946205995, 27.902032050865984], [116.40656912511677, 27.902032050865984], [116.40656912511677, 27.900954072525042], [116.4067487881736, 27.900954072525042], [116.4067487881736, 27.900774409468216], [116.40692845123043, 27.900774409468216], [116.40692845123043, 27.900594746411393], [116.40728777734407, 27.900594746411393], [116.40728777734407, 27.900774409468216], [116.4074674404009, 27.900774409468216], [116.4074674404009, 27.900954072525042], [116.40764710345772, 27.900954072525042], [116.40764710345772, 27.900594746411393], [116.40782676651455, 27.900594746411393], [116.40782676651455, 27.899876094184098], [116.40800642957137, 27.899876094184098], [116.40800642957137, 27.899696431127275], [116.40818609262818, 27.899696431127275], [116.40818609262818, 27.899516768070452], [116.40836575568501, 27.899516768070452], [116.40836575568501, 27.899337105013625], [116.40854541874184, 27.899337105013625], [116.40854541874184, 27.89897777889998], [116.40872508179866, 27.89897777889998], [116.40872508179866, 27.899157441956802], [116.40926407096913, 27.899157441956802], [116.40926407096913, 27.898798115843153], [116.40908440791232, 27.898798115843153], [116.40908440791232, 27.898438789729507], [116.40926407096913, 27.898438789729507], [116.40926407096913, 27.898259126672684], [116.40962339708278, 27.898259126672684], [116.40962339708278, 27.897899800559035], [116.40980306013961, 27.897899800559035], [116.40980306013961, 27.897720137502212], [116.40998272319644, 27.897720137502212], [116.40998272319644, 27.89754047444539], [116.40980306013961, 27.89754047444539], [116.40980306013961, 27.89718114833174], [116.4105217123669, 27.89718114833174], [116.4105217123669, 27.89682182221809], [116.41070137542373, 27.89682182221809], [116.41070137542373, 27.896642159161267], [116.41088103848055, 27.896642159161267], [116.41088103848055, 27.896462496104444], [116.41070137542373, 27.896462496104444], [116.41070137542373, 27.89628283304762], [116.41106070153738, 27.89628283304762], [116.41106070153738, 27.896103169990795], [116.41124036459419, 27.896103169990795], [116.41124036459419, 27.89574384387715], [116.41106070153738, 27.89574384387715], [116.41106070153738, 27.895204854706677], [116.41142002765102, 27.895204854706677], [116.41142002765102, 27.8953845177635], [116.41159969070785, 27.8953845177635], [116.41159969070785, 27.895923506933972], [116.41357598433291, 27.895923506933972], [116.41357598433291, 27.896103169990795], [116.41375564738973, 27.896103169990795], [116.41375564738973, 27.895923506933972], [116.41393531044656, 27.895923506933972], [116.41393531044656, 27.895564180820326], [116.41411497350337, 27.895564180820326], [116.41411497350337, 27.89574384387715], [116.4142946365602, 27.89574384387715], [116.4142946365602, 27.896103169990795], [116.41447429961703, 27.896103169990795], [116.41447429961703, 27.895923506933972], [116.41519295184432, 27.895923506933972], [116.41519295184432, 27.896103169990795], [116.41537261490114, 27.896103169990795], [116.41537261490114, 27.896462496104444], [116.41519295184432, 27.896462496104444], [116.41519295184432, 27.896642159161267], [116.4142946365602, 27.896642159161267], [116.4142946365602, 27.897001485274917], [116.41447429961703, 27.897001485274917], [116.41447429961703, 27.89718114833174], [116.41483362573068, 27.89718114833174], [116.41483362573068, 27.897360811388562], [116.41537261490114, 27.897360811388562], [116.41537261490114, 27.89682182221809], [116.41555227795797, 27.89682182221809], [116.41555227795797, 27.896462496104444], [116.4157319410148, 27.896462496104444], [116.4157319410148, 27.89628283304762], [116.41609126712844, 27.89628283304762], [116.41609126712844, 27.896103169990795], [116.41734890852621, 27.896103169990795], [116.41734890852621, 27.896462496104444], [116.41663025629892, 27.896462496104444], [116.41663025629892, 27.896642159161267], [116.41645059324209, 27.896642159161267], [116.41645059324209, 27.897001485274917], [116.41609126712844, 27.897001485274917], [116.41609126712844, 27.89682182221809], [116.4157319410148, 27.89682182221809], [116.4157319410148, 27.899516768070452], [116.41591160407162, 27.899516768070452], [116.41591160407162, 27.899696431127275], [116.41609126712844, 27.899696431127275], [116.41609126712844, 27.898798115843153], [116.41645059324209, 27.898798115843153], [116.41645059324209, 27.899696431127275], [116.41663025629892, 27.899696431127275], [116.41663025629892, 27.90005575724092], [116.41645059324209, 27.90005575724092], [116.41645059324209, 27.900235420297747], [116.41627093018526, 27.900235420297747], [116.41627093018526, 27.90005575724092], [116.41609126712844, 27.90005575724092], [116.41609126712844, 27.899876094184098], [116.4157319410148, 27.899876094184098], [116.4157319410148, 27.90185238780916], [116.41555227795797, 27.90185238780916], [116.41555227795797, 27.90221171392281], [116.4157319410148, 27.90221171392281], [116.4157319410148, 27.902391376979633], [116.41591160407162, 27.902391376979633], [116.41591160407162, 27.902571040036456], [116.41609126712844, 27.902571040036456], [116.41609126712844, 27.904188007547873], [116.41591160407162, 27.904188007547873], [116.41591160407162, 27.904367670604696], [116.4157319410148, 27.904367670604696], [116.4157319410148, 27.90454733366152], [116.41537261490114, 27.90454733366152], [116.41537261490114, 27.904367670604696], [116.41519295184432, 27.904367670604696], [116.41519295184432, 27.902930366150105], [116.4150132887875, 27.902930366150105], [116.4150132887875, 27.902750703093282], [116.41483362573068, 27.902750703093282], [116.41483362573068, 27.902571040036456], [116.41465396267385, 27.902571040036456], [116.41465396267385, 27.903469355320578], [116.41447429961703, 27.903469355320578], [116.41447429961703, 27.904367670604696], [116.4142946365602, 27.904367670604696], [116.4142946365602, 27.90454733366152], [116.41411497350337, 27.90454733366152], [116.41411497350337, 27.904367670604696], [116.41393531044656, 27.904367670604696], [116.41393531044656, 27.903828681434224], [116.41357598433291, 27.903828681434224], [116.41357598433291, 27.90454733366152], [116.41249800599196, 27.90454733366152], [116.41249800599196, 27.904726996718345], [116.41231834293514, 27.904726996718345], [116.41231834293514, 27.90544564894564], [116.41213867987831, 27.90544564894564], [116.41213867987831, 27.905625312002464], [116.41177935376467, 27.905625312002464], [116.41177935376467, 27.905804975059286], [116.41142002765102, 27.905804975059286], [116.41142002765102, 27.90544564894564], [116.41177935376467, 27.90544564894564], [116.41177935376467, 27.90508632283199], [116.40908440791232, 27.90508632283199], [116.40908440791232, 27.905265985888814], [116.40872508179866, 27.905265985888814], [116.40872508179866, 27.90544564894564], [116.40854541874184, 27.90544564894564], [116.40854541874184, 27.905625312002464], [116.40782676651455, 27.905625312002464], [116.40782676651455, 27.905804975059286], [116.4074674404009, 27.905804975059286], [116.4074674404009, 27.90634396422976], [116.40710811428725, 27.90634396422976], [116.40710811428725, 27.90652362728658], [116.40728777734407, 27.90652362728658], [116.40728777734407, 27.90688295340023], [116.4074674404009, 27.90688295340023], [116.4074674404009, 27.907242279513877], [116.40728777734407, 27.907242279513877], [116.40728777734407, 27.90778126868435], [116.40710811428725, 27.90778126868435], [116.40710811428725, 27.908140594798], [116.40728777734407, 27.908140594798], [116.40728777734407, 27.908499920911645], [116.40710811428725, 27.908499920911645], [116.40710811428725, 27.909038910082117], [116.4074674404009, 27.909038910082117], [116.4074674404009, 27.908859247025294], [116.40764710345772, 27.908859247025294], [116.40764710345772, 27.908499920911645], [116.40782676651455, 27.908499920911645], [116.40782676651455, 27.90832025785482], [116.40836575568501, 27.90832025785482], [116.40836575568501, 27.90921857313894], [116.40818609262818, 27.90921857313894], [116.40818609262818, 27.90957789925259], [116.40764710345772, 27.90957789925259]], [[116.39830462450287, 27.896462496104444], [116.3977656353324, 27.896462496104444], [116.3977656353324, 27.895923506933972], [116.39794529838923, 27.895923506933972], [116.39794529838923, 27.89574384387715], [116.39812496144606, 27.89574384387715], [116.39812496144606, 27.89628283304762], [116.39830462450287, 27.89628283304762], [116.39830462450287, 27.896462496104444]], [[116.40243687480982, 27.897899800559035], [116.402257211753, 27.897899800559035], [116.402257211753, 27.897720137502212], [116.40243687480982, 27.897720137502212], [116.40243687480982, 27.897899800559035]], [[116.40315552703713, 27.898259126672684], [116.40279620092348, 27.898259126672684], [116.40279620092348, 27.898079463615858], [116.40315552703713, 27.898079463615858], [116.40315552703713, 27.898259126672684]], [[116.40189788563936, 27.898438789729507], [116.4015385595257, 27.898438789729507], [116.4015385595257, 27.898259126672684], [116.40135889646888, 27.898259126672684], [116.40135889646888, 27.897899800559035], [116.4015385595257, 27.897899800559035], [116.4015385595257, 27.897720137502212], [116.40207754869618, 27.897720137502212], [116.40207754869618, 27.897899800559035], [116.402257211753, 27.897899800559035], [116.402257211753, 27.898079463615858], [116.40243687480982, 27.898079463615858], [116.40243687480982, 27.898259126672684], [116.40189788563936, 27.898259126672684], [116.40189788563936, 27.898438789729507]], [[116.4119590168215, 27.897001485274917], [116.41159969070785, 27.897001485274917], [116.41159969070785, 27.89682182221809], [116.4119590168215, 27.89682182221809], [116.4119590168215, 27.897001485274917]], [[116.41537261490114, 27.898079463615858], [116.4150132887875, 27.898079463615858], [116.4150132887875, 27.897720137502212], [116.41537261490114, 27.897720137502212], [116.41537261490114, 27.898079463615858]], [[116.41357598433291, 27.898259126672684], [116.41339632127608, 27.898259126672684], [116.41339632127608, 27.898079463615858], [116.41357598433291, 27.898079463615858], [116.41357598433291, 27.898259126672684]], [[116.4105217123669, 27.898438789729507], [116.41034204931007, 27.898438789729507], [116.41034204931007, 27.898259126672684], [116.4105217123669, 27.898259126672684], [116.4105217123669, 27.898438789729507]], [[116.41177935376467, 27.898438789729507], [116.41124036459419, 27.898438789729507], [116.41124036459419, 27.898259126672684], [116.41142002765102, 27.898259126672684], [116.41142002765102, 27.898079463615858], [116.41177935376467, 27.898079463615858], [116.41177935376467, 27.898438789729507]], [[116.41231834293514, 27.898438789729507], [116.4119590168215, 27.898438789729507], [116.4119590168215, 27.898259126672684], [116.41231834293514, 27.898259126672684], [116.41231834293514, 27.898438789729507]], [[116.41285733210562, 27.898438789729507], [116.41249800599196, 27.898438789729507], [116.41249800599196, 27.898259126672684], [116.41285733210562, 27.898259126672684], [116.41285733210562, 27.898438789729507]], [[116.41393531044656, 27.898438789729507], [116.41375564738973, 27.898438789729507], [116.41375564738973, 27.898259126672684], [116.41393531044656, 27.898259126672684], [116.41393531044656, 27.898438789729507]], [[116.41519295184432, 27.899516768070452], [116.4150132887875, 27.899516768070452], [116.4150132887875, 27.899337105013625], [116.41483362573068, 27.899337105013625], [116.41483362573068, 27.89897777889998], [116.41519295184432, 27.89897777889998], [116.41519295184432, 27.899516768070452]], [[116.41519295184432, 27.90005575724092], [116.4150132887875, 27.90005575724092], [116.4150132887875, 27.899876094184098], [116.41519295184432, 27.899876094184098], [116.41519295184432, 27.90005575724092]], [[116.41483362573068, 27.900774409468216], [116.41465396267385, 27.900774409468216], [116.41465396267385, 27.900594746411393], [116.41483362573068, 27.900594746411393], [116.41483362573068, 27.900774409468216]], [[116.40872508179866, 27.900954072525042], [116.40854541874184, 27.900954072525042], [116.40854541874184, 27.900774409468216], [116.40872508179866, 27.900774409468216], [116.40872508179866, 27.900954072525042]], [[116.41285733210562, 27.900954072525042], [116.41124036459419, 27.900954072525042], [116.41124036459419, 27.900774409468216], [116.41142002765102, 27.900774409468216], [116.41142002765102, 27.900594746411393], [116.41267766904879, 27.900594746411393], [116.41267766904879, 27.900774409468216], [116.41285733210562, 27.900774409468216], [116.41285733210562, 27.900954072525042]], [[116.41088103848055, 27.901672724752338], [116.4105217123669, 27.901672724752338], [116.4105217123669, 27.901493061695515], [116.41034204931007, 27.901493061695515], [116.41034204931007, 27.899876094184098], [116.41016238625325, 27.899876094184098], [116.41016238625325, 27.899337105013625], [116.40998272319644, 27.899337105013625], [116.40998272319644, 27.89897777889998], [116.41016238625325, 27.89897777889998], [116.41016238625325, 27.898798115843153], [116.41070137542373, 27.898798115843153], [116.41070137542373, 27.89897777889998], [116.41088103848055, 27.89897777889998], [116.41088103848055, 27.899516768070452], [116.41124036459419, 27.899516768070452], [116.41124036459419, 27.89897777889998], [116.4119590168215, 27.89897777889998], [116.4119590168215, 27.898798115843153], [116.41231834293514, 27.898798115843153], [116.41231834293514, 27.89897777889998], [116.41411497350337, 27.89897777889998], [116.41411497350337, 27.899157441956802], [116.41357598433291, 27.899157441956802], [116.41357598433291, 27.899337105013625], [116.41339632127608, 27.899337105013625], [116.41339632127608, 27.899516768070452], [116.41357598433291, 27.899516768070452], [116.41357598433291, 27.899696431127275], [116.41393531044656, 27.899696431127275], [116.41393531044656, 27.90005575724092], [116.41159969070785, 27.90005575724092], [116.41159969070785, 27.900235420297747], [116.41106070153738, 27.900235420297747], [116.41106070153738, 27.90041508335457], [116.41088103848055, 27.90041508335457], [116.41088103848055, 27.900594746411393], [116.41070137542373, 27.900594746411393], [116.41070137542373, 27.900954072525042], [116.41088103848055, 27.900954072525042], [116.41088103848055, 27.901672724752338]], [[116.41070137542373, 27.902032050865984], [116.4105217123669, 27.902032050865984], [116.4105217123669, 27.90185238780916], [116.41070137542373, 27.90185238780916], [116.41070137542373, 27.902032050865984]], [[116.4150132887875, 27.90221171392281], [116.41249800599196, 27.90221171392281], [116.41249800599196, 27.902032050865984], [116.41159969070785, 27.902032050865984], [116.41159969070785, 27.901672724752338], [116.41142002765102, 27.901672724752338], [116.41142002765102, 27.90131339863869], [116.41267766904879, 27.90131339863869], [116.41267766904879, 27.901493061695515], [116.41285733210562, 27.901493061695515], [116.41285733210562, 27.90131339863869], [116.41321665821926, 27.90131339863869], [116.41321665821926, 27.900954072525042], [116.41303699516244, 27.900954072525042], [116.41303699516244, 27.900594746411393], [116.41393531044656, 27.900594746411393], [116.41393531044656, 27.900774409468216], [116.41411497350337, 27.900774409468216], [116.41411497350337, 27.900954072525042], [116.41393531044656, 27.900954072525042], [116.41393531044656, 27.90131339863869], [116.41411497350337, 27.90131339863869], [116.41411497350337, 27.901133735581865], [116.4142946365602, 27.901133735581865], [116.4142946365602, 27.90131339863869], [116.41519295184432, 27.90131339863869], [116.41519295184432, 27.901672724752338], [116.4150132887875, 27.901672724752338], [116.4150132887875, 27.90185238780916], [116.41483362573068, 27.90185238780916], [116.41483362573068, 27.902032050865984], [116.4150132887875, 27.902032050865984], [116.4150132887875, 27.90221171392281]], [[116.40800642957137, 27.902750703093282], [116.40782676651455, 27.902750703093282], [116.40782676651455, 27.902391376979633], [116.40800642957137, 27.902391376979633], [116.40800642957137, 27.902032050865984], [116.40782676651455, 27.902032050865984], [116.40782676651455, 27.901672724752338], [116.40800642957137, 27.901672724752338], [116.40800642957137, 27.901133735581865], [116.40818609262818, 27.901133735581865], [116.40818609262818, 27.900774409468216], [116.40800642957137, 27.900774409468216], [116.40800642957137, 27.90041508335457], [116.40818609262818, 27.90041508335457], [116.40818609262818, 27.900235420297747], [116.40836575568501, 27.900235420297747], [116.40836575568501, 27.90005575724092], [116.40872508179866, 27.90005575724092], [116.40872508179866, 27.900594746411393], [116.40854541874184, 27.900594746411393], [116.40854541874184, 27.900774409468216], [116.40836575568501, 27.900774409468216], [116.40836575568501, 27.901133735581865], [116.40872508179866, 27.901133735581865], [116.40872508179866, 27.90131339863869], [116.40890474485549, 27.90131339863869], [116.40890474485549, 27.901672724752338], [116.40872508179866, 27.901672724752338], [116.40872508179866, 27.90185238780916], [116.40890474485549, 27.90185238780916], [116.40890474485549, 27.902032050865984], [116.40872508179866, 27.902032050865984], [116.40872508179866, 27.90221171392281], [116.40836575568501, 27.90221171392281], [116.40836575568501, 27.902391376979633], [116.40818609262818, 27.902391376979633], [116.40818609262818, 27.902571040036456], [116.40800642957137, 27.902571040036456], [116.40800642957137, 27.902750703093282]], [[116.4105217123669, 27.902750703093282], [116.40872508179866, 27.902750703093282], [116.40872508179866, 27.902571040036456], [116.40890474485549, 27.902571040036456], [116.40890474485549, 27.902391376979633], [116.40872508179866, 27.902391376979633], [116.40872508179866, 27.90221171392281], [116.40890474485549, 27.90221171392281], [116.40890474485549, 27.902032050865984], [116.40908440791232, 27.902032050865984], [116.40908440791232, 27.90131339863869], [116.40926407096913, 27.90131339863869], [116.40926407096913, 27.900774409468216], [116.40944373402596, 27.900774409468216], [116.40944373402596, 27.90221171392281], [116.40962339708278, 27.90221171392281], [116.40962339708278, 27.902391376979633], [116.41016238625325, 27.902391376979633], [116.41016238625325, 27.902571040036456], [116.4105217123669, 27.902571040036456], [116.4105217123669, 27.902750703093282]], [[116.4119590168215, 27.902930366150105], [116.41142002765102, 27.902930366150105], [116.41142002765102, 27.902750703093282], [116.41124036459419, 27.902750703093282], [116.41124036459419, 27.902571040036456], [116.41213867987831, 27.902571040036456], [116.41213867987831, 27.902750703093282], [116.4119590168215, 27.902750703093282], [116.4119590168215, 27.902930366150105]], [[116.41267766904879, 27.903469355320578], [116.41249800599196, 27.903469355320578], [116.41249800599196, 27.90328969226375], [116.41267766904879, 27.90328969226375], [116.41267766904879, 27.903469355320578]], [[116.40926407096913, 27.903828681434224], [116.40908440791232, 27.903828681434224], [116.40908440791232, 27.9036490183774], [116.40890474485549, 27.9036490183774], [116.40890474485549, 27.90311002920693], [116.41106070153738, 27.90311002920693], [116.41106070153738, 27.90328969226375], [116.41088103848055, 27.90328969226375], [116.41088103848055, 27.9036490183774], [116.40926407096913, 27.9036490183774], [116.40926407096913, 27.903828681434224]], [[116.41303699516244, 27.904008344491047], [116.41285733210562, 27.904008344491047], [116.41285733210562, 27.903828681434224], [116.41303699516244, 27.903828681434224], [116.41303699516244, 27.904008344491047]], [[116.40728777734407, 27.904367670604696], [116.40692845123043, 27.904367670604696], [116.40692845123043, 27.903828681434224], [116.40710811428725, 27.903828681434224], [116.40710811428725, 27.9036490183774], [116.4074674404009, 27.9036490183774], [116.4074674404009, 27.904188007547873], [116.40728777734407, 27.904188007547873], [116.40728777734407, 27.904367670604696]], [[116.41249800599196, 27.904367670604696], [116.41231834293514, 27.904367670604696], [116.41231834293514, 27.904188007547873], [116.41249800599196, 27.904188007547873], [116.41249800599196, 27.904367670604696]], [[116.41016238625325, 27.90454733366152], [116.40926407096913, 27.90454733366152], [116.40926407096913, 27.904367670604696], [116.40944373402596, 27.904367670604696], [116.40944373402596, 27.904188007547873], [116.41016238625325, 27.904188007547873], [116.41016238625325, 27.90454733366152]], [[116.40692845123043, 27.90598463811611], [116.4067487881736, 27.90598463811611], [116.4067487881736, 27.905804975059286], [116.40638946205995, 27.905804975059286], [116.40638946205995, 27.905625312002464], [116.40620979900312, 27.905625312002464], [116.40620979900312, 27.905265985888814], [116.40638946205995, 27.905265985888814], [116.40638946205995, 27.90508632283199], [116.40656912511677, 27.90508632283199], [116.40656912511677, 27.90490665977517], [116.40692845123043, 27.90490665977517], [116.40692845123043, 27.90508632283199], [116.40710811428725, 27.90508632283199], [116.40710811428725, 27.905804975059286], [116.40692845123043, 27.905804975059286], [116.40692845123043, 27.90598463811611]], [[116.4067487881736, 27.90670329034341], [116.40585047288948, 27.90670329034341], [116.40585047288948, 27.90652362728658], [116.405311483719, 27.90652362728658], [116.405311483719, 27.90634396422976], [116.40513182066219, 27.90634396422976], [116.40513182066219, 27.906164301172936], [116.40567080983266, 27.906164301172936], [116.40567080983266, 27.90634396422976], [116.40656912511677, 27.90634396422976], [116.40656912511677, 27.90652362728658], [116.4067487881736, 27.90652362728658], [116.4067487881736, 27.90670329034341]], [[116.39974192895747, 27.907421942570704], [116.39938260284381, 27.907421942570704], [116.39938260284381, 27.907062616457054], [116.39974192895747, 27.907062616457054], [116.39974192895747, 27.907421942570704]], [[116.4036945162076, 27.907421942570704], [116.40351485315077, 27.907421942570704], [116.40351485315077, 27.907062616457054], [116.40387417926442, 27.907062616457054], [116.40387417926442, 27.907242279513877], [116.4036945162076, 27.907242279513877], [116.4036945162076, 27.907421942570704]], [[116.40495215760536, 27.907601605627526], [116.40477249454854, 27.907601605627526], [116.40477249454854, 27.907062616457054], [116.40495215760536, 27.907062616457054], [116.40495215760536, 27.907601605627526]], [[116.40495215760536, 27.90832025785482], [116.40459283149171, 27.90832025785482], [116.40459283149171, 27.907960931741172], [116.40477249454854, 27.907960931741172], [116.40477249454854, 27.90778126868435], [116.40495215760536, 27.90778126868435], [116.40495215760536, 27.907960931741172], [116.40513182066219, 27.907960931741172], [116.40513182066219, 27.908140594798], [116.40495215760536, 27.908140594798], [116.40495215760536, 27.90832025785482]]]}, "properties": {"name": "cand01", "ptype": "hall", "confidence": "low", "rank": 1, "area_ha": 131.2, "rise_db": 8.6, "digitised_from": "Sentinel-1 VV rise 2022->2026, orbit 40"}}, {"type": "Feature", "geometry": {"geodesic": false, "type": "Polygon", "coordinates": [[[116.41842688686715, 27.895923506933972], [116.41842688686715, 27.89574384387715], [116.41824722381033, 27.89574384387715], [116.41824722381033, 27.8953845177635], [116.41842688686715, 27.8953845177635], [116.41842688686715, 27.895204854706677], [116.41824722381033, 27.895204854706677], [116.41824722381033, 27.894845528593027], [116.4180675607535, 27.894845528593027], [116.4180675607535, 27.894665865536204], [116.41788789769669, 27.894665865536204], [116.41788789769669, 27.894845528593027], [116.41752857158303, 27.894845528593027], [116.41752857158303, 27.894665865536204], [116.41734890852621, 27.894665865536204], [116.41734890852621, 27.894845528593027], [116.41680991935574, 27.894845528593027], [116.41680991935574, 27.895025191649854], [116.41663025629892, 27.895025191649854], [116.41663025629892, 27.894845528593027], [116.41645059324209, 27.894845528593027], [116.41645059324209, 27.89448620247938], [116.41627093018526, 27.89448620247938], [116.41627093018526, 27.89430653942256], [116.41591160407162, 27.89430653942256], [116.41591160407162, 27.894126876365732], [116.4157319410148, 27.894126876365732], [116.4157319410148, 27.893767550252086], [116.41591160407162, 27.893767550252086], [116.41591160407162, 27.89268957191114], [116.41609126712844, 27.89268957191114], [116.41609126712844, 27.892330245797496], [116.41627093018526, 27.892330245797496], [116.41627093018526, 27.89215058274067], [116.41645059324209, 27.89215058274067], [116.41645059324209, 27.891970919683846], [116.41680991935574, 27.891970919683846], [116.41680991935574, 27.891791256627023], [116.41698958241257, 27.891791256627023], [116.41698958241257, 27.89125226745655], [116.41680991935574, 27.89125226745655], [116.41680991935574, 27.890533615229256], [116.41663025629892, 27.890533615229256], [116.41663025629892, 27.88981496300196], [116.41680991935574, 27.88981496300196], [116.41680991935574, 27.88945563688831], [116.41698958241257, 27.88945563688831], [116.41698958241257, 27.888557321604193], [116.41716924546938, 27.888557321604193], [116.41716924546938, 27.88837765854737], [116.41734890852621, 27.88837765854737], [116.41734890852621, 27.887838669376897], [116.41716924546938, 27.887838669376897], [116.41716924546938, 27.88801833243372], [116.41698958241257, 27.88801833243372], [116.41698958241257, 27.886401364922307], [116.41716924546938, 27.886401364922307], [116.41716924546938, 27.88622170186548], [116.41734890852621, 27.88622170186548], [116.41734890852621, 27.885862375751834], [116.41770823463986, 27.885862375751834], [116.41770823463986, 27.88622170186548], [116.4180675607535, 27.88622170186548], [116.4180675607535, 27.88658102797913], [116.41752857158303, 27.88658102797913], [116.41752857158303, 27.886940354092776], [116.41896587603763, 27.886940354092776], [116.41896587603763, 27.886760691035953], [116.41914553909444, 27.886760691035953], [116.41914553909444, 27.88658102797913], [116.41932520215127, 27.88658102797913], [116.41932520215127, 27.886401364922307], [116.4195048652081, 27.886401364922307], [116.4195048652081, 27.88622170186548], [116.41968452826492, 27.88622170186548], [116.41968452826492, 27.886401364922307], [116.42004385437856, 27.886401364922307], [116.42004385437856, 27.88622170186548], [116.42022351743539, 27.88622170186548], [116.42022351743539, 27.88568271269501], [116.42040318049222, 27.88568271269501], [116.42040318049222, 27.884245408240417], [116.42058284354904, 27.884245408240417], [116.42058284354904, 27.884065745183594], [116.42076250660587, 27.884065745183594], [116.42076250660587, 27.883706419069945], [116.4209421696627, 27.883706419069945], [116.4209421696627, 27.883526756013122], [116.4211218327195, 27.883526756013122], [116.4211218327195, 27.883706419069945], [116.42130149577633, 27.883706419069945], [116.42130149577633, 27.88388608212677], [116.4211218327195, 27.88388608212677], [116.4211218327195, 27.88568271269501], [116.4209421696627, 27.88568271269501], [116.4209421696627, 27.885862375751834], [116.42076250660587, 27.885862375751834], [116.42076250660587, 27.886042038808657], [116.42058284354904, 27.886042038808657], [116.42058284354904, 27.886401364922307], [116.42076250660587, 27.886401364922307], [116.42076250660587, 27.887479343263248], [116.42058284354904, 27.887479343263248], [116.42058284354904, 27.88981496300196], [116.42040318049222, 27.88981496300196], [116.42040318049222, 27.889994626058783], [116.42022351743539, 27.889994626058783], [116.42022351743539, 27.890533615229256], [116.42004385437856, 27.890533615229256], [116.42004385437856, 27.89125226745655], [116.41986419132175, 27.89125226745655], [116.41986419132175, 27.892330245797496], [116.41968452826492, 27.892330245797496], [116.41968452826492, 27.893587887195263], [116.4195048652081, 27.893587887195263], [116.4195048652081, 27.893767550252086], [116.41932520215127, 27.893767550252086], [116.41932520215127, 27.89394721330891], [116.4187862129808, 27.89394721330891], [116.4187862129808, 27.895025191649854], [116.41860654992398, 27.895025191649854], [116.41860654992398, 27.8953845177635], [116.4187862129808, 27.8953845177635], [116.4187862129808, 27.89574384387715], [116.41860654992398, 27.89574384387715], [116.41860654992398, 27.895923506933972], [116.41842688686715, 27.895923506933972]], [[116.41770823463986, 27.886401364922307], [116.41752857158303, 27.886401364922307], [116.41752857158303, 27.88622170186548], [116.41770823463986, 27.88622170186548], [116.41770823463986, 27.886401364922307]], [[116.41986419132175, 27.887120017149602], [116.41968452826492, 27.887120017149602], [116.41968452826492, 27.886760691035953], [116.41986419132175, 27.886760691035953], [116.41986419132175, 27.887120017149602]], [[116.41914553909444, 27.89071327828608], [116.41896587603763, 27.89071327828608], [116.41896587603763, 27.890533615229256], [116.41914553909444, 27.890533615229256], [116.41914553909444, 27.89071327828608]], [[116.4187862129808, 27.89250990885432], [116.41860654992398, 27.89250990885432], [116.41860654992398, 27.892330245797496], [116.4187862129808, 27.892330245797496], [116.4187862129808, 27.89250990885432]]]}, "properties": {"name": "cand02", "ptype": "hall", "confidence": "low", "rank": 2, "area_ha": 37.7, "rise_db": 10.1, "digitised_from": "Sentinel-1 VV rise 2022->2026, orbit 40"}}, {"type": "Feature", "geometry": {"geodesic": false, "type": "Polygon", "coordinates": [[[116.42525408302646, 27.928622183275923], [116.42525408302646, 27.9284425202191], [116.42489475691282, 27.9284425202191], [116.42489475691282, 27.928262857162274], [116.42453543079917, 27.928262857162274], [116.42453543079917, 27.92808319410545], [116.42435576774234, 27.92808319410545], [116.42435576774234, 27.927903531048628], [116.42399644162869, 27.927903531048628], [116.42399644162869, 27.927723867991805], [116.42363711551505, 27.927723867991805], [116.42363711551505, 27.92754420493498], [116.4232777894014, 27.92754420493498], [116.4232777894014, 27.927364541878156], [116.42291846328776, 27.927364541878156], [116.42291846328776, 27.927184878821333], [116.4225591371741, 27.927184878821333], [116.4225591371741, 27.926825552707683], [116.42273880023093, 27.926825552707683], [116.42273880023093, 27.92664588965086], [116.42291846328776, 27.92664588965086], [116.42291846328776, 27.92628656353721], [116.42309812634457, 27.92628656353721], [116.42309812634457, 27.925927237423565], [116.4232777894014, 27.925927237423565], [116.4232777894014, 27.925388248253093], [116.42345745245822, 27.925388248253093], [116.42345745245822, 27.92520858519627], [116.42219981106045, 27.92520858519627], [116.42219981106045, 27.925927237423565], [116.42202014800363, 27.925927237423565], [116.42202014800363, 27.926106900480388], [116.42184048494681, 27.926106900480388], [116.42184048494681, 27.92628656353721], [116.42130149577633, 27.92628656353721], [116.42130149577633, 27.925747574366742], [116.42148115883316, 27.925747574366742], [116.42148115883316, 27.925388248253093], [116.42166082188999, 27.925388248253093], [116.42166082188999, 27.92520858519627], [116.42184048494681, 27.92520858519627], [116.42184048494681, 27.925028922139443], [116.42202014800363, 27.925028922139443], [116.42202014800363, 27.92520858519627], [116.42219981106045, 27.92520858519627], [116.42219981106045, 27.92484925908262], [116.42237947411728, 27.92484925908262], [116.42237947411728, 27.924669596025797], [116.4225591371741, 27.924669596025797], [116.4225591371741, 27.924489932968974], [116.4232777894014, 27.924489932968974], [116.4232777894014, 27.924310269912148], [116.42345745245822, 27.924310269912148], [116.42345745245822, 27.923950943798502], [116.42363711551505, 27.923950943798502], [116.42363711551505, 27.92377128074168], [116.42399644162869, 27.92377128074168], [116.42399644162869, 27.923950943798502], [116.42417610468551, 27.923950943798502], [116.42417610468551, 27.924310269912148], [116.42453543079917, 27.924310269912148], [116.42453543079917, 27.924130606855325], [116.424715093856, 27.924130606855325], [116.424715093856, 27.924310269912148], [116.42525408302646, 27.924310269912148], [116.42525408302646, 27.924669596025797], [116.42543374608329, 27.924669596025797], [116.42543374608329, 27.92484925908262], [116.42561340914011, 27.92484925908262], [116.42561340914011, 27.925028922139443], [116.42579307219694, 27.925028922139443], [116.42579307219694, 27.92484925908262], [116.42615239831058, 27.92484925908262], [116.42615239831058, 27.924669596025797], [116.4263320613674, 27.924669596025797], [116.4263320613674, 27.92484925908262], [116.42615239831058, 27.92484925908262], [116.42615239831058, 27.925028922139443], [116.42651172442423, 27.925028922139443], [116.42651172442423, 27.92520858519627], [116.42687105053788, 27.92520858519627], [116.42687105053788, 27.925388248253093], [116.4270507135947, 27.925388248253093], [116.4270507135947, 27.925567911309916], [116.42723037665152, 27.925567911309916], [116.42723037665152, 27.925747574366742], [116.42741003970835, 27.925747574366742], [116.42741003970835, 27.926106900480388], [116.42758970276518, 27.926106900480388], [116.42758970276518, 27.92628656353721], [116.42741003970835, 27.92628656353721], [116.42741003970835, 27.926825552707683], [116.42723037665152, 27.926825552707683], [116.42723037665152, 27.927364541878156], [116.4263320613674, 27.927364541878156], [116.4263320613674, 27.92754420493498], [116.42615239831058, 27.92754420493498], [116.42615239831058, 27.927723867991805], [116.42597273525375, 27.927723867991805], [116.42597273525375, 27.927903531048628], [116.42651172442423, 27.927903531048628], [116.42651172442423, 27.927723867991805], [116.42669138748106, 27.927723867991805], [116.42669138748106, 27.92808319410545], [116.42651172442423, 27.92808319410545], [116.42651172442423, 27.928262857162274], [116.42615239831058, 27.928262857162274], [116.42615239831058, 27.9284425202191], [116.42597273525375, 27.9284425202191], [116.42597273525375, 27.928622183275923], [116.42525408302646, 27.928622183275923]], [[116.42363711551505, 27.925028922139443], [116.42345745245822, 27.925028922139443], [116.42345745245822, 27.92484925908262], [116.4232777894014, 27.92484925908262], [116.4232777894014, 27.924669596025797], [116.42399644162869, 27.924669596025797], [116.42399644162869, 27.92484925908262], [116.42363711551505, 27.92484925908262], [116.42363711551505, 27.925028922139443]], [[116.42723037665152, 27.926106900480388], [116.4270507135947, 27.926106900480388], [116.4270507135947, 27.925927237423565], [116.42723037665152, 27.925927237423565], [116.42723037665152, 27.926106900480388]], [[116.4270507135947, 27.92628656353721], [116.42669138748106, 27.92628656353721], [116.42669138748106, 27.926106900480388], [116.4270507135947, 27.926106900480388], [116.4270507135947, 27.92628656353721]], [[116.424715093856, 27.926466226594037], [116.42453543079917, 27.926466226594037], [116.42453543079917, 27.92628656353721], [116.42399644162869, 27.92628656353721], [116.42399644162869, 27.926466226594037], [116.42381677857188, 27.926466226594037], [116.42381677857188, 27.925927237423565], [116.42363711551505, 27.925927237423565], [116.42363711551505, 27.925747574366742], [116.42381677857188, 27.925747574366742], [116.42381677857188, 27.925567911309916], [116.42399644162869, 27.925567911309916], [116.42399644162869, 27.925388248253093], [116.42435576774234, 27.925388248253093], [116.42435576774234, 27.92484925908262], [116.424715093856, 27.92484925908262], [116.424715093856, 27.925028922139443], [116.42489475691282, 27.925028922139443], [116.42489475691282, 27.92520858519627], [116.42525408302646, 27.92520858519627], [116.42525408302646, 27.92484925908262], [116.42543374608329, 27.92484925908262], [116.42543374608329, 27.92520858519627], [116.42561340914011, 27.92520858519627], [116.42561340914011, 27.925567911309916], [116.42507441996963, 27.925567911309916], [116.42507441996963, 27.926106900480388], [116.42489475691282, 27.926106900480388], [116.42489475691282, 27.92628656353721], [116.424715093856, 27.92628656353721], [116.424715093856, 27.926466226594037]], [[116.42669138748106, 27.926825552707683], [116.4263320613674, 27.926825552707683], [116.4263320613674, 27.92664588965086], [116.42669138748106, 27.92664588965086], [116.42669138748106, 27.926825552707683]], [[116.424715093856, 27.927723867991805], [116.42435576774234, 27.927723867991805], [116.42435576774234, 27.927364541878156], [116.42453543079917, 27.927364541878156], [116.42453543079917, 27.927005215764506], [116.42507441996963, 27.927005215764506], [116.42507441996963, 27.927184878821333], [116.42489475691282, 27.927184878821333], [116.42489475691282, 27.927364541878156], [116.424715093856, 27.927364541878156], [116.424715093856, 27.927723867991805]], [[116.42579307219694, 27.927903531048628], [116.42543374608329, 27.927903531048628], [116.42543374608329, 27.927723867991805], [116.42561340914011, 27.927723867991805], [116.42561340914011, 27.92754420493498], [116.42579307219694, 27.92754420493498], [116.42579307219694, 27.927903531048628]], [[116.42615239831058, 27.928262857162274], [116.42597273525375, 27.928262857162274], [116.42597273525375, 27.92808319410545], [116.42615239831058, 27.92808319410545], [116.42615239831058, 27.928262857162274]]]}, "properties": {"name": "cand03", "ptype": "hall", "confidence": "low", "rank": 3, "area_ha": 16.5, "rise_db": 9.5, "digitised_from": "Sentinel-1 VV rise 2022->2026, orbit 40"}}, {"type": "Feature", "geometry": {"geodesic": false, "type": "Polygon", "coordinates": [[[116.39435203725274, 27.900594746411393], [116.39435203725274, 27.899696431127275], [116.39417237419593, 27.899696431127275], [116.39417237419593, 27.899337105013625], [116.39291473279816, 27.899337105013625], [116.39291473279816, 27.899696431127275], [116.39255540668451, 27.899696431127275], [116.39255540668451, 27.899876094184098], [116.39237574362768, 27.899876094184098], [116.39237574362768, 27.90041508335457], [116.39219608057087, 27.90041508335457], [116.39219608057087, 27.900594746411393], [116.39165709140039, 27.900594746411393], [116.39165709140039, 27.90041508335457], [116.39147742834356, 27.90041508335457], [116.39147742834356, 27.900235420297747], [116.39165709140039, 27.900235420297747], [116.39165709140039, 27.899516768070452], [116.39147742834356, 27.899516768070452], [116.39147742834356, 27.898798115843153], [116.39165709140039, 27.898798115843153], [116.39165709140039, 27.89861845278633], [116.39147742834356, 27.89861845278633], [116.39147742834356, 27.898438789729507], [116.39165709140039, 27.898438789729507], [116.39165709140039, 27.898259126672684], [116.39183675445722, 27.898259126672684], [116.39183675445722, 27.897899800559035], [116.39165709140039, 27.897899800559035], [116.39165709140039, 27.897001485274917], [116.39183675445722, 27.897001485274917], [116.39183675445722, 27.896642159161267], [116.39201641751404, 27.896642159161267], [116.39201641751404, 27.896462496104444], [116.39525035253688, 27.896462496104444], [116.39525035253688, 27.896642159161267], [116.39543001559369, 27.896642159161267], [116.39543001559369, 27.89682182221809], [116.39525035253688, 27.89682182221809], [116.39525035253688, 27.89718114833174], [116.39543001559369, 27.89718114833174], [116.39543001559369, 27.897899800559035], [116.39560967865052, 27.897899800559035], [116.39560967865052, 27.898079463615858], [116.396148667821, 27.898079463615858], [116.396148667821, 27.899337105013625], [116.39596900476417, 27.899337105013625], [116.39596900476417, 27.899516768070452], [116.39578934170734, 27.899516768070452], [116.39578934170734, 27.899696431127275], [116.39543001559369, 27.899696431127275], [116.39543001559369, 27.899516768070452], [116.39525035253688, 27.899516768070452], [116.39525035253688, 27.899337105013625], [116.3947113633664, 27.899337105013625], [116.3947113633664, 27.90005575724092], [116.39489102642322, 27.90005575724092], [116.39489102642322, 27.900235420297747], [116.39525035253688, 27.900235420297747], [116.39525035253688, 27.900594746411393], [116.39435203725274, 27.900594746411393]], [[116.3947113633664, 27.897720137502212], [116.39237574362768, 27.897720137502212], [116.39237574362768, 27.897360811388562], [116.39255540668451, 27.897360811388562], [116.39255540668451, 27.89718114833174], [116.39363338502545, 27.89718114833174], [116.39363338502545, 27.897001485274917], [116.3947113633664, 27.897001485274917], [116.3947113633664, 27.89718114833174], [116.39489102642322, 27.89718114833174], [116.39489102642322, 27.89754047444539], [116.3947113633664, 27.89754047444539], [116.3947113633664, 27.897720137502212]], [[116.39345372196863, 27.898798115843153], [116.39327405891181, 27.898798115843153], [116.39327405891181, 27.89861845278633], [116.39255540668451, 27.89861845278633], [116.39255540668451, 27.898438789729507], [116.39291473279816, 27.898438789729507], [116.39291473279816, 27.898259126672684], [116.39309439585499, 27.898259126672684], [116.39309439585499, 27.898079463615858], [116.39345372196863, 27.898079463615858], [116.39345372196863, 27.898798115843153]], [[116.39453170030957, 27.898798115843153], [116.39417237419593, 27.898798115843153], [116.39417237419593, 27.89861845278633], [116.3939927111391, 27.89861845278633], [116.3939927111391, 27.898438789729507], [116.39417237419593, 27.898438789729507], [116.39417237419593, 27.898259126672684], [116.39453170030957, 27.898259126672684], [116.39453170030957, 27.898079463615858], [116.39489102642322, 27.898079463615858], [116.39489102642322, 27.898438789729507], [116.3947113633664, 27.898438789729507], [116.3947113633664, 27.89861845278633], [116.39453170030957, 27.89861845278633], [116.39453170030957, 27.898798115843153]]]}, "properties": {"name": "cand04", "ptype": "hall", "confidence": "low", "rank": 4, "area_ha": 14.2, "rise_db": 9.8, "digitised_from": "Sentinel-1 VV rise 2022->2026, orbit 40"}}, {"type": "Feature", "geometry": {"geodesic": false, "type": "Polygon", "coordinates": [[[116.40117923341207, 27.88190978850171], [116.40117923341207, 27.881730125444882], [116.40081990729841, 27.881730125444882], [116.40081990729841, 27.88155046238806], [116.40064024424159, 27.88155046238806], [116.40064024424159, 27.881730125444882], [116.40046058118476, 27.881730125444882], [116.40046058118476, 27.88190978850171], [116.40010125507112, 27.88190978850171], [116.40010125507112, 27.881370799331236], [116.40046058118476, 27.881370799331236], [116.40046058118476, 27.881011473217587], [116.40028091812793, 27.881011473217587], [116.40028091812793, 27.88065214710394], [116.39974192895747, 27.88065214710394], [116.39974192895747, 27.880472484047118], [116.39956226590064, 27.880472484047118], [116.39956226590064, 27.88029282099029], [116.39974192895747, 27.88029282099029], [116.39974192895747, 27.88011315793347], [116.3999215920143, 27.88011315793347], [116.3999215920143, 27.87975383181982], [116.39974192895747, 27.87975383181982], [116.39974192895747, 27.879574168762996], [116.39956226590064, 27.879574168762996], [116.39956226590064, 27.879394505706173], [116.39938260284381, 27.879394505706173], [116.39938260284381, 27.87921484264935], [116.39956226590064, 27.87921484264935], [116.39956226590064, 27.879035179592524], [116.3999215920143, 27.879035179592524], [116.3999215920143, 27.87921484264935], [116.40046058118476, 27.87921484264935], [116.40046058118476, 27.879035179592524], [116.40064024424159, 27.879035179592524], [116.40064024424159, 27.8788555165357], [116.40010125507112, 27.8788555165357], [116.40010125507112, 27.878675853478878], [116.39974192895747, 27.878675853478878], [116.39974192895747, 27.878496190422055], [116.39902327673018, 27.878496190422055], [116.39902327673018, 27.878675853478878], [116.39830462450287, 27.878675853478878], [116.39830462450287, 27.878496190422055], [116.39812496144606, 27.878496190422055], [116.39812496144606, 27.878675853478878], [116.39794529838923, 27.878675853478878], [116.39794529838923, 27.879035179592524], [116.3984842875597, 27.879035179592524], [116.3984842875597, 27.87921484264935], [116.39884361367335, 27.87921484264935], [116.39884361367335, 27.879574168762996], [116.39902327673018, 27.879574168762996], [116.39902327673018, 27.87975383181982], [116.399202939787, 27.87975383181982], [116.399202939787, 27.88011315793347], [116.39902327673018, 27.88011315793347], [116.39902327673018, 27.88029282099029], [116.39884361367335, 27.88029282099029], [116.39884361367335, 27.88011315793347], [116.39866395061652, 27.88011315793347], [116.39866395061652, 27.879574168762996], [116.39794529838923, 27.879574168762996], [116.39794529838923, 27.87975383181982], [116.3977656353324, 27.87975383181982], [116.3977656353324, 27.879933494876646], [116.39758597227558, 27.879933494876646], [116.39758597227558, 27.88011315793347], [116.39740630921875, 27.88011315793347], [116.39740630921875, 27.88029282099029], [116.39722664616194, 27.88029282099029], [116.39722664616194, 27.88011315793347], [116.39704698310511, 27.88011315793347], [116.39704698310511, 27.87975383181982], [116.39686732004829, 27.87975383181982], [116.39686732004829, 27.88011315793347], [116.39668765699146, 27.88011315793347], [116.39668765699146, 27.88029282099029], [116.39686732004829, 27.88029282099029], [116.39686732004829, 27.88065214710394], [116.39704698310511, 27.88065214710394], [116.39704698310511, 27.881191136274413], [116.39668765699146, 27.881191136274413], [116.39668765699146, 27.881011473217587], [116.39650799393463, 27.881011473217587], [116.39650799393463, 27.880831810160764], [116.39632833087781, 27.880831810160764], [116.39632833087781, 27.88065214710394], [116.396148667821, 27.88065214710394], [116.396148667821, 27.880472484047118], [116.39543001559369, 27.880472484047118], [116.39543001559369, 27.88029282099029], [116.39525035253688, 27.88029282099029], [116.39525035253688, 27.88011315793347], [116.39543001559369, 27.88011315793347], [116.39543001559369, 27.879933494876646], [116.39525035253688, 27.879933494876646], [116.39525035253688, 27.879394505706173], [116.39543001559369, 27.879394505706173], [116.39543001559369, 27.87921484264935], [116.39596900476417, 27.87921484264935], [116.39596900476417, 27.879035179592524], [116.39668765699146, 27.879035179592524], [116.39668765699146, 27.87921484264935], [116.39686732004829, 27.87921484264935], [116.39686732004829, 27.879394505706173], [116.39704698310511, 27.879394505706173], [116.39704698310511, 27.878136864308406], [116.39722664616194, 27.878136864308406], [116.39722664616194, 27.877957201251583], [116.3999215920143, 27.877957201251583], [116.3999215920143, 27.878136864308406], [116.40135889646888, 27.878136864308406], [116.40135889646888, 27.877957201251583], [116.4015385595257, 27.877957201251583], [116.4015385595257, 27.878136864308406], [116.40207754869618, 27.878136864308406], [116.40207754869618, 27.877957201251583], [116.40315552703713, 27.877957201251583], [116.40315552703713, 27.87831652736523], [116.40279620092348, 27.87831652736523], [116.40279620092348, 27.878496190422055], [116.402257211753, 27.878496190422055], [116.402257211753, 27.878675853478878], [116.40207754869618, 27.878675853478878], [116.40207754869618, 27.87831652736523], [116.4015385595257, 27.87831652736523], [116.4015385595257, 27.878496190422055], [116.40117923341207, 27.878496190422055], [116.40117923341207, 27.87921484264935], [116.4015385595257, 27.87921484264935], [116.4015385595257, 27.879574168762996], [116.40064024424159, 27.879574168762996], [116.40064024424159, 27.87975383181982], [116.40046058118476, 27.87975383181982], [116.40046058118476, 27.879933494876646], [116.40028091812793, 27.879933494876646], [116.40028091812793, 27.88029282099029], [116.40046058118476, 27.88029282099029], [116.40046058118476, 27.880472484047118], [116.40099957035524, 27.880472484047118], [116.40099957035524, 27.88065214710394], [116.40135889646888, 27.88065214710394], [116.40135889646888, 27.881191136274413], [116.40117923341207, 27.881191136274413], [116.40117923341207, 27.881370799331236], [116.40099957035524, 27.881370799331236], [116.40099957035524, 27.88155046238806], [116.40135889646888, 27.88155046238806], [116.40135889646888, 27.88190978850171], [116.40117923341207, 27.88190978850171]]]}, "properties": {"name": "cand05", "ptype": "hall", "confidence": "low", "rank": 5, "area_ha": 13.6, "rise_db": 7.8, "digitised_from": "Sentinel-1 VV rise 2022->2026, orbit 40"}}, {"type": "Feature", "geometry": {"geodesic": false, "type": "Polygon", "coordinates": [[[116.42543374608329, 27.90328969226375], [116.42543374608329, 27.90311002920693], [116.42525408302646, 27.90311002920693], [116.42525408302646, 27.902930366150105], [116.42543374608329, 27.902930366150105], [116.42543374608329, 27.902032050865984], [116.42525408302646, 27.902032050865984], [116.42525408302646, 27.90185238780916], [116.42507441996963, 27.90185238780916], [116.42507441996963, 27.901672724752338], [116.42417610468551, 27.901672724752338], [116.42417610468551, 27.901493061695515], [116.42399644162869, 27.901493061695515], [116.42399644162869, 27.901133735581865], [116.42381677857188, 27.901133735581865], [116.42381677857188, 27.900774409468216], [116.42399644162869, 27.900774409468216], [116.42399644162869, 27.900594746411393], [116.42381677857188, 27.900594746411393], [116.42381677857188, 27.90041508335457], [116.42363711551505, 27.90041508335457], [116.42363711551505, 27.899516768070452], [116.42381677857188, 27.899516768070452], [116.42381677857188, 27.899157441956802], [116.42399644162869, 27.899157441956802], [116.42399644162869, 27.89897777889998], [116.42417610468551, 27.89897777889998], [116.42417610468551, 27.899337105013625], [116.42453543079917, 27.899337105013625], [116.42453543079917, 27.899157441956802], [116.424715093856, 27.899157441956802], [116.424715093856, 27.899337105013625], [116.42489475691282, 27.899337105013625], [116.42489475691282, 27.899516768070452], [116.42525408302646, 27.899516768070452], [116.42525408302646, 27.899337105013625], [116.42561340914011, 27.899337105013625], [116.42561340914011, 27.899516768070452], [116.42579307219694, 27.899516768070452], [116.42579307219694, 27.899337105013625], [116.42615239831058, 27.899337105013625], [116.42615239831058, 27.898798115843153], [116.42651172442423, 27.898798115843153], [116.42651172442423, 27.89897777889998], [116.4263320613674, 27.89897777889998], [116.4263320613674, 27.899337105013625], [116.42651172442423, 27.899337105013625], [116.42651172442423, 27.899516768070452], [116.42687105053788, 27.899516768070452], [116.42687105053788, 27.899337105013625], [116.427769365822, 27.899337105013625], [116.427769365822, 27.899516768070452], [116.42794902887881, 27.899516768070452], [116.42794902887881, 27.899696431127275], [116.4284880180493, 27.899696431127275], [116.4284880180493, 27.899876094184098], [116.42884734416295, 27.899876094184098], [116.42884734416295, 27.90005575724092], [116.42920667027659, 27.90005575724092], [116.42920667027659, 27.90041508335457], [116.42902700721976, 27.90041508335457], [116.42902700721976, 27.901133735581865], [116.42884734416295, 27.901133735581865], [116.42884734416295, 27.902032050865984], [116.42866768110612, 27.902032050865984], [116.42866768110612, 27.90221171392281], [116.42830835499247, 27.90221171392281], [116.42830835499247, 27.902032050865984], [116.42812869193564, 27.902032050865984], [116.42812869193564, 27.901672724752338], [116.42830835499247, 27.901672724752338], [116.42830835499247, 27.901493061695515], [116.4284880180493, 27.901493061695515], [116.4284880180493, 27.900954072525042], [116.42830835499247, 27.900954072525042], [116.42830835499247, 27.900774409468216], [116.42615239831058, 27.900774409468216], [116.42615239831058, 27.90131339863869], [116.42597273525375, 27.90131339863869], [116.42597273525375, 27.901493061695515], [116.42579307219694, 27.901493061695515], [116.42579307219694, 27.90311002920693], [116.42561340914011, 27.90311002920693], [116.42561340914011, 27.90328969226375], [116.42543374608329, 27.90328969226375]]]}, "properties": {"name": "cand06", "ptype": "hall", "confidence": "low", "rank": 6, "area_ha": 13.1, "rise_db": 10.4, "digitised_from": "Sentinel-1 VV rise 2022->2026, orbit 40"}}, {"type": "Feature", "geometry": {"geodesic": false, "type": "Polygon", "coordinates": [[[116.41124036459419, 27.894665865536204], [116.41124036459419, 27.89448620247938], [116.41070137542373, 27.89448620247938], [116.41070137542373, 27.89430653942256], [116.40998272319644, 27.89430653942256], [116.40998272319644, 27.89448620247938], [116.40980306013961, 27.89448620247938], [116.40980306013961, 27.89430653942256], [116.40962339708278, 27.89430653942256], [116.40962339708278, 27.89448620247938], [116.40944373402596, 27.89448620247938], [116.40944373402596, 27.894665865536204], [116.40926407096913, 27.894665865536204], [116.40926407096913, 27.89430653942256], [116.40944373402596, 27.89430653942256], [116.40944373402596, 27.89394721330891], [116.40926407096913, 27.89394721330891], [116.40926407096913, 27.89304889802479], [116.40944373402596, 27.89304889802479], [116.40944373402596, 27.892330245797496], [116.40962339708278, 27.892330245797496], [116.40962339708278, 27.89215058274067], [116.40980306013961, 27.89215058274067], [116.40980306013961, 27.892330245797496], [116.41034204931007, 27.892330245797496], [116.41034204931007, 27.89215058274067], [116.41124036459419, 27.89215058274067], [116.41124036459419, 27.891970919683846], [116.41159969070785, 27.891970919683846], [116.41159969070785, 27.891791256627023], [116.41177935376467, 27.891791256627023], [116.41177935376467, 27.89125226745655], [116.41142002765102, 27.89125226745655], [116.41142002765102, 27.891431930513374], [116.41106070153738, 27.891431930513374], [116.41106070153738, 27.8916115935702], [116.41016238625325, 27.8916115935702], [116.41016238625325, 27.891791256627023], [116.40962339708278, 27.891791256627023], [116.40962339708278, 27.8916115935702], [116.40944373402596, 27.8916115935702], [116.40944373402596, 27.891072604399728], [116.40962339708278, 27.891072604399728], [116.40962339708278, 27.8908929413429], [116.40980306013961, 27.8908929413429], [116.40980306013961, 27.89071327828608], [116.40998272319644, 27.89071327828608], [116.40998272319644, 27.890533615229256], [116.4105217123669, 27.890533615229256], [116.4105217123669, 27.890353952172433], [116.41070137542373, 27.890353952172433], [116.41070137542373, 27.890533615229256], [116.41142002765102, 27.890533615229256], [116.41142002765102, 27.89071327828608], [116.41177935376467, 27.89071327828608], [116.41177935376467, 27.890174289115606], [116.41159969070785, 27.890174289115606], [116.41159969070785, 27.889994626058783], [116.41177935376467, 27.889994626058783], [116.41177935376467, 27.88981496300196], [116.4119590168215, 27.88981496300196], [116.4119590168215, 27.889635299945137], [116.41249800599196, 27.889635299945137], [116.41249800599196, 27.88981496300196], [116.41231834293514, 27.88981496300196], [116.41231834293514, 27.889994626058783], [116.41249800599196, 27.889994626058783], [116.41249800599196, 27.890174289115606], [116.41267766904879, 27.890174289115606], [116.41267766904879, 27.89071327828608], [116.41231834293514, 27.89071327828608], [116.41231834293514, 27.8908929413429], [116.41249800599196, 27.8908929413429], [116.41249800599196, 27.891072604399728], [116.41231834293514, 27.891072604399728], [116.41231834293514, 27.891431930513374], [116.41249800599196, 27.891431930513374], [116.41249800599196, 27.891791256627023], [116.4119590168215, 27.891791256627023], [116.4119590168215, 27.891970919683846], [116.41177935376467, 27.891970919683846], [116.41177935376467, 27.892330245797496], [116.41231834293514, 27.892330245797496], [116.41231834293514, 27.89250990885432], [116.4119590168215, 27.89250990885432], [116.4119590168215, 27.89304889802479], [116.41231834293514, 27.89304889802479], [116.41231834293514, 27.892869234967964], [116.41285733210562, 27.892869234967964], [116.41285733210562, 27.89304889802479], [116.41339632127608, 27.89304889802479], [116.41339632127608, 27.893228561081614], [116.41357598433291, 27.893228561081614], [116.41357598433291, 27.893408224138437], [116.41339632127608, 27.893408224138437], [116.41339632127608, 27.893587887195263], [116.41249800599196, 27.893587887195263], [116.41249800599196, 27.893408224138437], [116.41231834293514, 27.893408224138437], [116.41231834293514, 27.893228561081614], [116.4119590168215, 27.893228561081614], [116.4119590168215, 27.893408224138437], [116.41177935376467, 27.893408224138437], [116.41177935376467, 27.893767550252086], [116.41159969070785, 27.893767550252086], [116.41159969070785, 27.89394721330891], [116.41177935376467, 27.89394721330891], [116.41177935376467, 27.89448620247938], [116.41159969070785, 27.89448620247938], [116.41159969070785, 27.894665865536204], [116.41124036459419, 27.894665865536204]], [[116.41034204931007, 27.892869234967964], [116.40998272319644, 27.892869234967964], [116.40998272319644, 27.89250990885432], [116.41034204931007, 27.89250990885432], [116.41034204931007, 27.892869234967964]], [[116.41142002765102, 27.89304889802479], [116.41106070153738, 27.89304889802479], [116.41106070153738, 27.892869234967964], [116.41142002765102, 27.892869234967964], [116.41142002765102, 27.89304889802479]], [[116.41016238625325, 27.893767550252086], [116.40980306013961, 27.893767550252086], [116.40980306013961, 27.893228561081614], [116.41016238625325, 27.893228561081614], [116.41016238625325, 27.893767550252086]]]}, "properties": {"name": "cand07", "ptype": "hall", "confidence": "low", "rank": 7, "area_ha": 12.3, "rise_db": 6.8, "digitised_from": "Sentinel-1 VV rise 2022->2026, orbit 40"}}, {"type": "Feature", "geometry": {"geodesic": false, "type": "Polygon", "coordinates": [[[116.4195048652081, 27.902032050865984], [116.4195048652081, 27.90185238780916], [116.41842688686715, 27.90185238780916], [116.41842688686715, 27.901672724752338], [116.41824722381033, 27.901672724752338], [116.41824722381033, 27.901493061695515], [116.4180675607535, 27.901493061695515], [116.4180675607535, 27.90131339863869], [116.41788789769669, 27.90131339863869], [116.41788789769669, 27.901133735581865], [116.4180675607535, 27.901133735581865], [116.4180675607535, 27.900774409468216], [116.41824722381033, 27.900774409468216], [116.41824722381033, 27.900594746411393], [116.4180675607535, 27.900594746411393], [116.4180675607535, 27.90041508335457], [116.41824722381033, 27.90041508335457], [116.41824722381033, 27.900235420297747], [116.41842688686715, 27.900235420297747], [116.41842688686715, 27.899876094184098], [116.41824722381033, 27.899876094184098], [116.41824722381033, 27.899516768070452], [116.41842688686715, 27.899516768070452], [116.41842688686715, 27.899157441956802], [116.41860654992398, 27.899157441956802], [116.41860654992398, 27.89897777889998], [116.4187862129808, 27.89897777889998], [116.4187862129808, 27.898798115843153], [116.41896587603763, 27.898798115843153], [116.41896587603763, 27.89861845278633], [116.41932520215127, 27.89861845278633], [116.41932520215127, 27.898798115843153], [116.42058284354904, 27.898798115843153], [116.42058284354904, 27.89897777889998], [116.42076250660587, 27.89897777889998], [116.42076250660587, 27.899337105013625], [116.4211218327195, 27.899337105013625], [116.4211218327195, 27.899157441956802], [116.42130149577633, 27.899157441956802], [116.42130149577633, 27.89897777889998], [116.42166082188999, 27.89897777889998], [116.42166082188999, 27.899157441956802], [116.42184048494681, 27.899157441956802], [116.42184048494681, 27.899337105013625], [116.42202014800363, 27.899337105013625], [116.42202014800363, 27.899516768070452], [116.4225591371741, 27.899516768070452], [116.4225591371741, 27.899337105013625], [116.42273880023093, 27.899337105013625], [116.42273880023093, 27.89897777889998], [116.4232777894014, 27.89897777889998], [116.4232777894014, 27.899157441956802], [116.42345745245822, 27.899157441956802], [116.42345745245822, 27.899516768070452], [116.4232777894014, 27.899516768070452], [116.4232777894014, 27.900594746411393], [116.42363711551505, 27.900594746411393], [116.42363711551505, 27.900954072525042], [116.4232777894014, 27.900954072525042], [116.4232777894014, 27.901133735581865], [116.42273880023093, 27.901133735581865], [116.42273880023093, 27.900954072525042], [116.4225591371741, 27.900954072525042], [116.4225591371741, 27.900235420297747], [116.42219981106045, 27.900235420297747], [116.42219981106045, 27.90005575724092], [116.42166082188999, 27.90005575724092], [116.42166082188999, 27.900235420297747], [116.4211218327195, 27.900235420297747], [116.4211218327195, 27.90005575724092], [116.42076250660587, 27.90005575724092], [116.42076250660587, 27.900235420297747], [116.42040318049222, 27.900235420297747], [116.42040318049222, 27.90041508335457], [116.42022351743539, 27.90041508335457], [116.42022351743539, 27.900594746411393], [116.42004385437856, 27.900594746411393], [116.42004385437856, 27.901133735581865], [116.42022351743539, 27.901133735581865], [116.42022351743539, 27.90185238780916], [116.42004385437856, 27.90185238780916], [116.42004385437856, 27.902032050865984], [116.4195048652081, 27.902032050865984]], [[116.4195048652081, 27.90005575724092], [116.41932520215127, 27.90005575724092], [116.41932520215127, 27.899696431127275], [116.4195048652081, 27.899696431127275], [116.4195048652081, 27.90005575724092]], [[116.41986419132175, 27.900954072525042], [116.4195048652081, 27.900954072525042], [116.4195048652081, 27.900594746411393], [116.41968452826492, 27.900594746411393], [116.41968452826492, 27.900774409468216], [116.41986419132175, 27.900774409468216], [116.41986419132175, 27.900954072525042]]]}, "properties": {"name": "cand08", "ptype": "hall", "confidence": "low", "rank": 8, "area_ha": 12.1, "rise_db": 9.3, "digitised_from": "Sentinel-1 VV rise 2022->2026, orbit 40"}}, {"type": "Feature", "geometry": {"geodesic": false, "type": "Polygon", "coordinates": [[[116.42974565944706, 27.899337105013625], [116.42974565944706, 27.899157441956802], [116.42956599639024, 27.899157441956802], [116.42956599639024, 27.89897777889998], [116.42974565944706, 27.89897777889998], [116.42974565944706, 27.898438789729507], [116.42992532250388, 27.898438789729507], [116.42992532250388, 27.897720137502212], [116.4301049855607, 27.897720137502212], [116.4301049855607, 27.897001485274917], [116.42992532250388, 27.897001485274917], [116.42992532250388, 27.896642159161267], [116.42974565944706, 27.896642159161267], [116.42974565944706, 27.896462496104444], [116.42992532250388, 27.896462496104444], [116.42992532250388, 27.89628283304762], [116.42974565944706, 27.89628283304762], [116.42974565944706, 27.896103169990795], [116.42956599639024, 27.896103169990795], [116.42956599639024, 27.89628283304762], [116.42938633333341, 27.89628283304762], [116.42938633333341, 27.89682182221809], [116.42920667027659, 27.89682182221809], [116.42920667027659, 27.897360811388562], [116.4284880180493, 27.897360811388562], [116.4284880180493, 27.89754047444539], [116.42794902887881, 27.89754047444539], [116.42794902887881, 27.89718114833174], [116.42812869193564, 27.89718114833174], [116.42812869193564, 27.897001485274917], [116.42866768110612, 27.897001485274917], [116.42866768110612, 27.896642159161267], [116.42884734416295, 27.896642159161267], [116.42884734416295, 27.89574384387715], [116.42956599639024, 27.89574384387715], [116.42956599639024, 27.895564180820326], [116.42974565944706, 27.895564180820326], [116.42974565944706, 27.89574384387715], [116.42992532250388, 27.89574384387715], [116.42992532250388, 27.895923506933972], [116.43082363778801, 27.895923506933972], [116.43082363778801, 27.896103169990795], [116.43100330084482, 27.896103169990795], [116.43100330084482, 27.89628283304762], [116.43118296390165, 27.89628283304762], [116.43118296390165, 27.896103169990795], [116.43190161612894, 27.896103169990795], [116.43190161612894, 27.89628283304762], [116.43244060529942, 27.89628283304762], [116.43244060529942, 27.896462496104444], [116.43262026835625, 27.896462496104444], [116.43262026835625, 27.896642159161267], [116.43279993141307, 27.896642159161267], [116.43279993141307, 27.896462496104444], [116.43315925752671, 27.896462496104444], [116.43315925752671, 27.89682182221809], [116.43279993141307, 27.89682182221809], [116.43279993141307, 27.897001485274917], [116.43297959446988, 27.897001485274917], [116.43297959446988, 27.897720137502212], [116.43279993141307, 27.897720137502212], [116.43279993141307, 27.897899800559035], [116.43262026835625, 27.897899800559035], [116.43262026835625, 27.898079463615858], [116.43244060529942, 27.898079463615858], [116.43244060529942, 27.898259126672684], [116.43226094224259, 27.898259126672684], [116.43226094224259, 27.898438789729507], [116.43208127918577, 27.898438789729507], [116.43208127918577, 27.89861845278633], [116.43172195307213, 27.89861845278633], [116.43172195307213, 27.898798115843153], [116.43136262695847, 27.898798115843153], [116.43136262695847, 27.89897777889998], [116.43118296390165, 27.89897777889998], [116.43118296390165, 27.898798115843153], [116.43064397473118, 27.898798115843153], [116.43064397473118, 27.89897777889998], [116.43046431167436, 27.89897777889998], [116.43046431167436, 27.899157441956802], [116.43028464861753, 27.899157441956802], [116.43028464861753, 27.899337105013625], [116.42974565944706, 27.899337105013625]]]}, "properties": {"name": "cand09", "ptype": "hall", "confidence": "low", "rank": 9, "area_ha": 11.5, "rise_db": 9.3, "digitised_from": "Sentinel-1 VV rise 2022->2026, orbit 40"}}, {"type": "Feature", "geometry": {"geodesic": false, "type": "Polygon", "coordinates": [[[116.4367525186632, 27.90508632283199], [116.4367525186632, 27.90490665977517], [116.43621352949272, 27.90490665977517], [116.43621352949272, 27.9036490183774], [116.43639319254955, 27.9036490183774], [116.43639319254955, 27.90185238780916], [116.43657285560637, 27.90185238780916], [116.43657285560637, 27.901133735581865], [116.4367525186632, 27.901133735581865], [116.4367525186632, 27.900235420297747], [116.43693218172001, 27.900235420297747], [116.43693218172001, 27.899696431127275], [116.43711184477684, 27.899696431127275], [116.43711184477684, 27.899516768070452], [116.43693218172001, 27.899516768070452], [116.43693218172001, 27.899157441956802], [116.43711184477684, 27.899157441956802], [116.43711184477684, 27.89897777889998], [116.43729150783366, 27.89897777889998], [116.43729150783366, 27.898798115843153], [116.43747117089049, 27.898798115843153], [116.43747117089049, 27.89897777889998], [116.43872881228826, 27.89897777889998], [116.43872881228826, 27.899337105013625], [116.43890847534507, 27.899337105013625], [116.43890847534507, 27.899876094184098], [116.43872881228826, 27.899876094184098], [116.43872881228826, 27.90005575724092], [116.43836948617461, 27.90005575724092], [116.43836948617461, 27.900594746411393], [116.43818982311778, 27.900594746411393], [116.43818982311778, 27.900774409468216], [116.43836948617461, 27.900774409468216], [116.43836948617461, 27.900954072525042], [116.43818982311778, 27.900954072525042], [116.43818982311778, 27.90131339863869], [116.43836948617461, 27.90131339863869], [116.43836948617461, 27.901493061695515], [116.43801016006095, 27.901493061695515], [116.43801016006095, 27.901672724752338], [116.43818982311778, 27.901672724752338], [116.43818982311778, 27.90185238780916], [116.43801016006095, 27.90185238780916], [116.43801016006095, 27.902571040036456], [116.43783049700414, 27.902571040036456], [116.43783049700414, 27.90328969226375], [116.43765083394732, 27.90328969226375], [116.43765083394732, 27.903828681434224], [116.43747117089049, 27.903828681434224], [116.43747117089049, 27.904188007547873], [116.43765083394732, 27.904188007547873], [116.43765083394732, 27.904367670604696], [116.43747117089049, 27.904367670604696], [116.43747117089049, 27.90454733366152], [116.43711184477684, 27.90454733366152], [116.43711184477684, 27.90490665977517], [116.43693218172001, 27.90490665977517], [116.43693218172001, 27.90508632283199], [116.4367525186632, 27.90508632283199]]]}, "properties": {"name": "cand10", "ptype": "hall", "confidence": "low", "rank": 10, "area_ha": 11.2, "rise_db": 14.4, "digitised_from": "Sentinel-1 VV rise 2022->2026, orbit 40"}}, {"type": "Feature", "geometry": {"geodesic": false, "type": "Polygon", "coordinates": [[[116.41213867987831, 27.910476214536708], [116.41213867987831, 27.910296551479885], [116.41177935376467, 27.910296551479885], [116.41177935376467, 27.91011688842306], [116.41088103848055, 27.91011688842306], [116.41088103848055, 27.909937225366235], [116.41034204931007, 27.909937225366235], [116.41034204931007, 27.91011688842306], [116.41016238625325, 27.91011688842306], [116.41016238625325, 27.910296551479885], [116.40998272319644, 27.910296551479885], [116.40998272319644, 27.909937225366235], [116.41016238625325, 27.909937225366235], [116.41016238625325, 27.909398236195766], [116.41034204931007, 27.909398236195766], [116.41034204931007, 27.90921857313894], [116.4105217123669, 27.90921857313894], [116.4105217123669, 27.907062616457054], [116.41070137542373, 27.907062616457054], [116.41070137542373, 27.90688295340023], [116.41088103848055, 27.90688295340023], [116.41088103848055, 27.90652362728658], [116.41070137542373, 27.90652362728658], [116.41070137542373, 27.90634396422976], [116.41088103848055, 27.90634396422976], [116.41088103848055, 27.906164301172936], [116.41106070153738, 27.906164301172936], [116.41106070153738, 27.90634396422976], [116.41124036459419, 27.90634396422976], [116.41124036459419, 27.90688295340023], [116.41142002765102, 27.90688295340023], [116.41142002765102, 27.907242279513877], [116.41159969070785, 27.907242279513877], [116.41159969070785, 27.907421942570704], [116.41177935376467, 27.907421942570704], [116.41177935376467, 27.907601605627526], [116.4119590168215, 27.907601605627526], [116.4119590168215, 27.907242279513877], [116.41213867987831, 27.907242279513877], [116.41213867987831, 27.90670329034341], [116.41231834293514, 27.90670329034341], [116.41231834293514, 27.90688295340023], [116.41249800599196, 27.90688295340023], [116.41249800599196, 27.907062616457054], [116.41231834293514, 27.907062616457054], [116.41231834293514, 27.90778126868435], [116.41249800599196, 27.90778126868435], [116.41249800599196, 27.907960931741172], [116.41285733210562, 27.907960931741172], [116.41285733210562, 27.908140594798], [116.41303699516244, 27.908140594798], [116.41303699516244, 27.90832025785482], [116.41321665821926, 27.90832025785482], [116.41321665821926, 27.908859247025294], [116.41303699516244, 27.908859247025294], [116.41303699516244, 27.909038910082117], [116.41285733210562, 27.909038910082117], [116.41285733210562, 27.90921857313894], [116.41267766904879, 27.90921857313894], [116.41267766904879, 27.909398236195766], [116.41285733210562, 27.909398236195766], [116.41285733210562, 27.90957789925259], [116.41267766904879, 27.90957789925259], [116.41267766904879, 27.91011688842306], [116.41249800599196, 27.91011688842306], [116.41249800599196, 27.910476214536708], [116.41213867987831, 27.910476214536708]]]}, "properties": {"name": "cand11", "ptype": "hall", "confidence": "low", "rank": 11, "area_ha": 9.3, "rise_db": 7.3, "digitised_from": "Sentinel-1 VV rise 2022->2026, orbit 40"}}, {"type": "Feature", "geometry": {"geodesic": false, "type": "Polygon", "coordinates": [[[116.39740630921875, 27.893408224138437], [116.39740630921875, 27.89304889802479], [116.39722664616194, 27.89304889802479], [116.39722664616194, 27.89268957191114], [116.39704698310511, 27.89268957191114], [116.39704698310511, 27.89215058274067], [116.39722664616194, 27.89215058274067], [116.39722664616194, 27.8916115935702], [116.39704698310511, 27.8916115935702], [116.39704698310511, 27.891072604399728], [116.39722664616194, 27.891072604399728], [116.39722664616194, 27.8908929413429], [116.39758597227558, 27.8908929413429], [116.39758597227558, 27.891072604399728], [116.3977656353324, 27.891072604399728], [116.3977656353324, 27.891431930513374], [116.39758597227558, 27.891431930513374], [116.39758597227558, 27.891791256627023], [116.40099957035524, 27.891791256627023], [116.40099957035524, 27.89125226745655], [116.399202939787, 27.89125226745655], [116.399202939787, 27.891431930513374], [116.39884361367335, 27.891431930513374], [116.39884361367335, 27.89125226745655], [116.3984842875597, 27.89125226745655], [116.3984842875597, 27.8908929413429], [116.39974192895747, 27.8908929413429], [116.39974192895747, 27.890533615229256], [116.39956226590064, 27.890533615229256], [116.39956226590064, 27.890174289115606], [116.39974192895747, 27.890174289115606], [116.39974192895747, 27.889994626058783], [116.39956226590064, 27.889994626058783], [116.39956226590064, 27.88981496300196], [116.39938260284381, 27.88981496300196], [116.39938260284381, 27.889275973831488], [116.3999215920143, 27.889275973831488], [116.3999215920143, 27.88945563688831], [116.40064024424159, 27.88945563688831], [116.40064024424159, 27.889275973831488], [116.40099957035524, 27.889275973831488], [116.40099957035524, 27.88945563688831], [116.40117923341207, 27.88945563688831], [116.40117923341207, 27.890174289115606], [116.40135889646888, 27.890174289115606], [116.40135889646888, 27.890533615229256], [116.4015385595257, 27.890533615229256], [116.4015385595257, 27.891970919683846], [116.40135889646888, 27.891970919683846], [116.40135889646888, 27.89215058274067], [116.40064024424159, 27.89215058274067], [116.40064024424159, 27.892330245797496], [116.40046058118476, 27.892330245797496], [116.40046058118476, 27.89215058274067], [116.3999215920143, 27.89215058274067], [116.3999215920143, 27.892330245797496], [116.39956226590064, 27.892330245797496], [116.39956226590064, 27.89215058274067], [116.399202939787, 27.89215058274067], [116.399202939787, 27.892330245797496], [116.39866395061652, 27.892330245797496], [116.39866395061652, 27.89215058274067], [116.39794529838923, 27.89215058274067], [116.39794529838923, 27.892869234967964], [116.3977656353324, 27.892869234967964], [116.3977656353324, 27.893408224138437], [116.39740630921875, 27.893408224138437]], [[116.40064024424159, 27.889994626058783], [116.40046058118476, 27.889994626058783], [116.40046058118476, 27.88981496300196], [116.40064024424159, 27.88981496300196], [116.40064024424159, 27.889994626058783]], [[116.40099957035524, 27.8908929413429], [116.40064024424159, 27.8908929413429], [116.40064024424159, 27.89071327828608], [116.40046058118476, 27.89071327828608], [116.40046058118476, 27.890353952172433], [116.40064024424159, 27.890353952172433], [116.40064024424159, 27.890174289115606], [116.40099957035524, 27.890174289115606], [116.40099957035524, 27.890353952172433], [116.40117923341207, 27.890353952172433], [116.40117923341207, 27.89071327828608], [116.40099957035524, 27.89071327828608], [116.40099957035524, 27.8908929413429]]]}, "properties": {"name": "cand12", "ptype": "hall", "confidence": "low", "rank": 12, "area_ha": 8.3, "rise_db": 7.3, "digitised_from": "Sentinel-1 VV rise 2022->2026, orbit 40"}}, {"type": "Feature", "geometry": {"geodesic": false, "type": "Polygon", "coordinates": [[[116.42345745245822, 27.91460846484366], [116.42345745245822, 27.914428801786833], [116.42309812634457, 27.914428801786833], [116.42309812634457, 27.91424913873001], [116.42237947411728, 27.91424913873001], [116.42237947411728, 27.914069475673188], [116.42202014800363, 27.914069475673188], [116.42202014800363, 27.91388981261636], [116.42184048494681, 27.91388981261636], [116.42184048494681, 27.913710149559538], [116.42166082188999, 27.913710149559538], [116.42166082188999, 27.913350823445892], [116.42202014800363, 27.913350823445892], [116.42202014800363, 27.912991497332243], [116.42184048494681, 27.912991497332243], [116.42184048494681, 27.912632171218597], [116.42202014800363, 27.912632171218597], [116.42202014800363, 27.912272845104948], [116.42219981106045, 27.912272845104948], [116.42219981106045, 27.912093182048125], [116.42237947411728, 27.912093182048125], [116.42237947411728, 27.911913518991298], [116.4232777894014, 27.911913518991298], [116.4232777894014, 27.911733855934475], [116.42363711551505, 27.911733855934475], [116.42363711551505, 27.911913518991298], [116.42381677857188, 27.911913518991298], [116.42381677857188, 27.912093182048125], [116.42417610468551, 27.912093182048125], [116.42417610468551, 27.912272845104948], [116.424715093856, 27.912272845104948], [116.424715093856, 27.912991497332243], [116.42453543079917, 27.912991497332243], [116.42453543079917, 27.913530486502715], [116.42435576774234, 27.913530486502715], [116.42435576774234, 27.91388981261636], [116.42417610468551, 27.91388981261636], [116.42417610468551, 27.91460846484366], [116.42345745245822, 27.91460846484366]], [[116.42219981106045, 27.913710149559538], [116.42202014800363, 27.913710149559538], [116.42202014800363, 27.913530486502715], [116.42219981106045, 27.913530486502715], [116.42219981106045, 27.913710149559538]]]}, "properties": {"name": "cand13", "ptype": "hall", "confidence": "low", "rank": 13, "area_ha": 7.5, "rise_db": 10.5, "digitised_from": "Sentinel-1 VV rise 2022->2026, orbit 40"}}, {"type": "Feature", "geometry": {"geodesic": false, "type": "Polygon", "coordinates": [[[116.4036945162076, 27.8916115935702], [116.4036945162076, 27.891431930513374], [116.40261653786665, 27.891431930513374], [116.40261653786665, 27.8916115935702], [116.40207754869618, 27.8916115935702], [116.40207754869618, 27.89071327828608], [116.40189788563936, 27.89071327828608], [116.40189788563936, 27.889994626058783], [116.40207754869618, 27.889994626058783], [116.40207754869618, 27.88981496300196], [116.40243687480982, 27.88981496300196], [116.40243687480982, 27.889635299945137], [116.40279620092348, 27.889635299945137], [116.40279620092348, 27.889275973831488], [116.40261653786665, 27.889275973831488], [116.40261653786665, 27.889096310774665], [116.40315552703713, 27.889096310774665], [116.40315552703713, 27.889275973831488], [116.40351485315077, 27.889275973831488], [116.40351485315077, 27.88945563688831], [116.4036945162076, 27.88945563688831], [116.4036945162076, 27.889275973831488], [116.40387417926442, 27.889275973831488], [116.40387417926442, 27.889096310774665], [116.40477249454854, 27.889096310774665], [116.40477249454854, 27.88945563688831], [116.4036945162076, 27.88945563688831], [116.4036945162076, 27.88981496300196], [116.40495215760536, 27.88981496300196], [116.40495215760536, 27.889275973831488], [116.40513182066219, 27.889275973831488], [116.40513182066219, 27.889096310774665], [116.405311483719, 27.889096310774665], [116.405311483719, 27.88891664771784], [116.40567080983266, 27.88891664771784], [116.40567080983266, 27.889096310774665], [116.40585047288948, 27.889096310774665], [116.40585047288948, 27.889635299945137], [116.40567080983266, 27.889635299945137], [116.40567080983266, 27.889994626058783], [116.40549114677583, 27.889994626058783], [116.40549114677583, 27.890174289115606], [116.40513182066219, 27.890174289115606], [116.40513182066219, 27.890353952172433], [116.40441316843489, 27.890353952172433], [116.40441316843489, 27.890533615229256], [116.40495215760536, 27.890533615229256], [116.40495215760536, 27.8908929413429], [116.40423350537806, 27.8908929413429], [116.40423350537806, 27.89125226745655], [116.40405384232125, 27.89125226745655], [116.40405384232125, 27.891431930513374], [116.40387417926442, 27.891431930513374], [116.40387417926442, 27.8916115935702], [116.4036945162076, 27.8916115935702]], [[116.4036945162076, 27.891072604399728], [116.40351485315077, 27.891072604399728], [116.40351485315077, 27.8908929413429], [116.40333519009394, 27.8908929413429], [116.40333519009394, 27.89071327828608], [116.40315552703713, 27.89071327828608], [116.40315552703713, 27.890353952172433], [116.40387417926442, 27.890353952172433], [116.40387417926442, 27.8908929413429], [116.4036945162076, 27.8908929413429], [116.4036945162076, 27.891072604399728]]]}, "properties": {"name": "cand14", "ptype": "hall", "confidence": "low", "rank": 14, "area_ha": 7.3, "rise_db": 7.7, "digitised_from": "Sentinel-1 VV rise 2022->2026, orbit 40"}}, {"type": "Feature", "geometry": {"geodesic": false, "type": "Polygon", "coordinates": [[[116.40513182066219, 27.912632171218597], [116.40513182066219, 27.91245250816177], [116.40441316843489, 27.91245250816177], [116.40441316843489, 27.912272845104948], [116.40423350537806, 27.912272845104948], [116.40423350537806, 27.912093182048125], [116.40405384232125, 27.912093182048125], [116.40405384232125, 27.911913518991298], [116.4036945162076, 27.911913518991298], [116.4036945162076, 27.912093182048125], [116.40351485315077, 27.912093182048125], [116.40351485315077, 27.912272845104948], [116.40315552703713, 27.912272845104948], [116.40315552703713, 27.911913518991298], [116.40333519009394, 27.911913518991298], [116.40333519009394, 27.911733855934475], [116.40351485315077, 27.911733855934475], [116.40351485315077, 27.911913518991298], [116.4036945162076, 27.911913518991298], [116.4036945162076, 27.911733855934475], [116.40387417926442, 27.911733855934475], [116.40387417926442, 27.911554192877652], [116.4036945162076, 27.911554192877652], [116.4036945162076, 27.91137452982083], [116.40315552703713, 27.91137452982083], [116.40315552703713, 27.911554192877652], [116.40279620092348, 27.911554192877652], [116.40279620092348, 27.911194866764003], [116.4029758639803, 27.911194866764003], [116.4029758639803, 27.910835540650357], [116.40351485315077, 27.910835540650357], [116.40351485315077, 27.91101520370718], [116.4036945162076, 27.91101520370718], [116.4036945162076, 27.910835540650357], [116.40405384232125, 27.910835540650357], [116.40405384232125, 27.910655877593534], [116.40423350537806, 27.910655877593534], [116.40423350537806, 27.910296551479885], [116.40441316843489, 27.910296551479885], [116.40441316843489, 27.90957789925259], [116.40423350537806, 27.90957789925259], [116.40423350537806, 27.909398236195766], [116.40477249454854, 27.909398236195766], [116.40477249454854, 27.90957789925259], [116.40513182066219, 27.90957789925259], [116.40513182066219, 27.909398236195766], [116.40567080983266, 27.909398236195766], [116.40567080983266, 27.909757562309412], [116.40603013594631, 27.909757562309412], [116.40603013594631, 27.91011688842306], [116.40620979900312, 27.91011688842306], [116.40620979900312, 27.910296551479885], [116.40656912511677, 27.910296551479885], [116.40656912511677, 27.910476214536708], [116.4067487881736, 27.910476214536708], [116.4067487881736, 27.910655877593534], [116.40549114677583, 27.910655877593534], [116.40549114677583, 27.910835540650357], [116.40513182066219, 27.910835540650357], [116.40513182066219, 27.910655877593534], [116.40495215760536, 27.910655877593534], [116.40495215760536, 27.91011688842306], [116.40459283149171, 27.91011688842306], [116.40459283149171, 27.910655877593534], [116.40441316843489, 27.910655877593534], [116.40441316843489, 27.91101520370718], [116.40459283149171, 27.91101520370718], [116.40459283149171, 27.911194866764003], [116.40495215760536, 27.911194866764003], [116.40495215760536, 27.911554192877652], [116.40441316843489, 27.911554192877652], [116.40441316843489, 27.911733855934475], [116.40423350537806, 27.911733855934475], [116.40423350537806, 27.911913518991298], [116.40441316843489, 27.911913518991298], [116.40441316843489, 27.912093182048125], [116.40513182066219, 27.912093182048125], [116.40513182066219, 27.912272845104948], [116.405311483719, 27.912272845104948], [116.405311483719, 27.912632171218597], [116.40513182066219, 27.912632171218597]]]}, "properties": {"name": "cand15", "ptype": "hall", "confidence": "low", "rank": 15, "area_ha": 5.1, "rise_db": 6.1, "digitised_from": "Sentinel-1 VV rise 2022->2026, orbit 40"}}, {"type": "Feature", "geometry": {"geodesic": false, "type": "Polygon", "coordinates": [[[116.41231834293514, 27.91388981261636], [116.41231834293514, 27.913171160389066], [116.41249800599196, 27.913171160389066], [116.41249800599196, 27.91245250816177], [116.41267766904879, 27.91245250816177], [116.41267766904879, 27.912272845104948], [116.41285733210562, 27.912272845104948], [116.41285733210562, 27.912093182048125], [116.41303699516244, 27.912093182048125], [116.41303699516244, 27.911733855934475], [116.41285733210562, 27.911733855934475], [116.41285733210562, 27.911554192877652], [116.41267766904879, 27.911554192877652], [116.41267766904879, 27.91137452982083], [116.41285733210562, 27.91137452982083], [116.41285733210562, 27.911194866764003], [116.41321665821926, 27.911194866764003], [116.41321665821926, 27.91137452982083], [116.41357598433291, 27.91137452982083], [116.41357598433291, 27.911554192877652], [116.41447429961703, 27.911554192877652], [116.41447429961703, 27.911733855934475], [116.41465396267385, 27.911733855934475], [116.41465396267385, 27.91245250816177], [116.41447429961703, 27.91245250816177], [116.41447429961703, 27.912632171218597], [116.41411497350337, 27.912632171218597], [116.41411497350337, 27.912991497332243], [116.41393531044656, 27.912991497332243], [116.41393531044656, 27.913350823445892], [116.41375564738973, 27.913350823445892], [116.41375564738973, 27.913710149559538], [116.41357598433291, 27.913710149559538], [116.41357598433291, 27.91388981261636], [116.41231834293514, 27.91388981261636]], [[116.41375564738973, 27.912272845104948], [116.41357598433291, 27.912272845104948], [116.41357598433291, 27.911913518991298], [116.41375564738973, 27.911913518991298], [116.41375564738973, 27.912272845104948]]]}, "properties": {"name": "cand16", "ptype": "hall", "confidence": "low", "rank": 16, "area_ha": 4.9, "rise_db": 6.8, "digitised_from": "Sentinel-1 VV rise 2022->2026, orbit 40"}}, {"type": "Feature", "geometry": {"geodesic": false, "type": "Polygon", "coordinates": [[[116.36704325261552, 27.92520858519627], [116.36704325261552, 27.925028922139443], [116.36686358955869, 27.925028922139443], [116.36686358955869, 27.92484925908262], [116.36650426344505, 27.92484925908262], [116.36650426344505, 27.924669596025797], [116.36596527427457, 27.924669596025797], [116.36596527427457, 27.924489932968974], [116.36578561121775, 27.924489932968974], [116.36578561121775, 27.924669596025797], [116.36560594816092, 27.924669596025797], [116.36560594816092, 27.924489932968974], [116.3654262851041, 27.924489932968974], [116.3654262851041, 27.924310269912148], [116.36524662204728, 27.924310269912148], [116.36524662204728, 27.923950943798502], [116.3654262851041, 27.923950943798502], [116.3654262851041, 27.92377128074168], [116.36596527427457, 27.92377128074168], [116.36596527427457, 27.923591617684853], [116.3661449373314, 27.923591617684853], [116.3661449373314, 27.92341195462803], [116.36650426344505, 27.92341195462803], [116.36650426344505, 27.923232291571207], [116.36686358955869, 27.923232291571207], [116.36686358955869, 27.92305262851438], [116.36722291567234, 27.92305262851438], [116.36722291567234, 27.923232291571207], [116.36740257872917, 27.923232291571207], [116.36740257872917, 27.92341195462803], [116.36758224178598, 27.92341195462803], [116.36758224178598, 27.92377128074168], [116.36722291567234, 27.92377128074168], [116.36722291567234, 27.923950943798502], [116.36776190484281, 27.923950943798502], [116.36776190484281, 27.924130606855325], [116.36794156789963, 27.924130606855325], [116.36794156789963, 27.92484925908262], [116.36776190484281, 27.92484925908262], [116.36776190484281, 27.925028922139443], [116.36758224178598, 27.925028922139443], [116.36758224178598, 27.92520858519627], [116.36704325261552, 27.92520858519627]]]}, "properties": {"name": "cand17", "ptype": "hall", "confidence": "low", "rank": 17, "area_ha": 4.2, "rise_db": 8.0, "digitised_from": "Sentinel-1 VV rise 2022->2026, orbit 40"}}, {"type": "Feature", "geometry": {"geodesic": false, "type": "Polygon", "coordinates": [[[116.39722664616194, 27.886042038808657], [116.39722664616194, 27.88568271269501], [116.39740630921875, 27.88568271269501], [116.39740630921875, 27.884425071297244], [116.39722664616194, 27.884425071297244], [116.39722664616194, 27.884245408240417], [116.39704698310511, 27.884245408240417], [116.39704698310511, 27.88388608212677], [116.39722664616194, 27.88388608212677], [116.39722664616194, 27.883706419069945], [116.39740630921875, 27.883706419069945], [116.39740630921875, 27.8833470929563], [116.39722664616194, 27.8833470929563], [116.39722664616194, 27.882808103785827], [116.39704698310511, 27.882808103785827], [116.39704698310511, 27.88244877767218], [116.39686732004829, 27.88244877767218], [116.39686732004829, 27.88298776684265], [116.39668765699146, 27.88298776684265], [116.39668765699146, 27.883167429899476], [116.39596900476417, 27.883167429899476], [116.39596900476417, 27.88298776684265], [116.39543001559369, 27.88298776684265], [116.39543001559369, 27.882808103785827], [116.39507068948005, 27.882808103785827], [116.39507068948005, 27.882628440729004], [116.39543001559369, 27.882628440729004], [116.39543001559369, 27.88244877767218], [116.39650799393463, 27.88244877767218], [116.39650799393463, 27.882269114615355], [116.39668765699146, 27.882269114615355], [116.39668765699146, 27.88208945155853], [116.39686732004829, 27.88208945155853], [116.39686732004829, 27.88190978850171], [116.39704698310511, 27.88190978850171], [116.39704698310511, 27.881730125444882], [116.3977656353324, 27.881730125444882], [116.3977656353324, 27.88208945155853], [116.39758597227558, 27.88208945155853], [116.39758597227558, 27.882808103785827], [116.39740630921875, 27.882808103785827], [116.39740630921875, 27.883167429899476], [116.39758597227558, 27.883167429899476], [116.39758597227558, 27.883526756013122], [116.39794529838923, 27.883526756013122], [116.39794529838923, 27.884425071297244], [116.3977656353324, 27.884425071297244], [116.3977656353324, 27.885323386581362], [116.39794529838923, 27.885323386581362], [116.39794529838923, 27.88568271269501], [116.3977656353324, 27.88568271269501], [116.3977656353324, 27.886042038808657], [116.39722664616194, 27.886042038808657]]]}, "properties": {"name": "cand18", "ptype": "hall", "confidence": "low", "rank": 18, "area_ha": 4.2, "rise_db": 6.4, "digitised_from": "Sentinel-1 VV rise 2022->2026, orbit 40"}}, {"type": "Feature", "geometry": {"geodesic": false, "type": "Polygon", "coordinates": [[[116.41609126712844, 27.88011315793347], [116.41609126712844, 27.879574168762996], [116.41519295184432, 27.879574168762996], [116.41519295184432, 27.879394505706173], [116.41465396267385, 27.879394505706173], [116.41465396267385, 27.879574168762996], [116.41393531044656, 27.879574168762996], [116.41393531044656, 27.879394505706173], [116.41357598433291, 27.879394505706173], [116.41357598433291, 27.87921484264935], [116.41339632127608, 27.87921484264935], [116.41339632127608, 27.879035179592524], [116.41321665821926, 27.879035179592524], [116.41321665821926, 27.87921484264935], [116.41303699516244, 27.87921484264935], [116.41303699516244, 27.879394505706173], [116.41249800599196, 27.879394505706173], [116.41249800599196, 27.87921484264935], [116.41231834293514, 27.87921484264935], [116.41231834293514, 27.878675853478878], [116.41249800599196, 27.878675853478878], [116.41249800599196, 27.878496190422055], [116.41285733210562, 27.878496190422055], [116.41285733210562, 27.878675853478878], [116.41339632127608, 27.878675853478878], [116.41339632127608, 27.878496190422055], [116.41411497350337, 27.878496190422055], [116.41411497350337, 27.878675853478878], [116.41519295184432, 27.878675853478878], [116.41519295184432, 27.8788555165357], [116.41591160407162, 27.8788555165357], [116.41591160407162, 27.879035179592524], [116.41609126712844, 27.879035179592524], [116.41609126712844, 27.87921484264935], [116.41627093018526, 27.87921484264935], [116.41627093018526, 27.879394505706173], [116.41645059324209, 27.879394505706173], [116.41645059324209, 27.879933494876646], [116.41627093018526, 27.879933494876646], [116.41627093018526, 27.88011315793347], [116.41609126712844, 27.88011315793347]]]}, "properties": {"name": "cand19", "ptype": "hall", "confidence": "low", "rank": 19, "area_ha": 3.8, "rise_db": 5.9, "digitised_from": "Sentinel-1 VV rise 2022->2026, orbit 40"}}, {"type": "Feature", "geometry": {"geodesic": false, "type": "Polygon", "coordinates": [[[116.39668765699146, 27.908859247025294], [116.39668765699146, 27.90867958396847], [116.39650799393463, 27.90867958396847], [116.39650799393463, 27.908140594798], [116.39560967865052, 27.908140594798], [116.39560967865052, 27.908499920911645], [116.39525035253688, 27.908499920911645], [116.39525035253688, 27.908140594798], [116.39507068948005, 27.908140594798], [116.39507068948005, 27.907601605627526], [116.39525035253688, 27.907601605627526], [116.39525035253688, 27.907062616457054], [116.39507068948005, 27.907062616457054], [116.39507068948005, 27.90688295340023], [116.39525035253688, 27.90688295340023], [116.39525035253688, 27.90670329034341], [116.39560967865052, 27.90670329034341], [116.39560967865052, 27.90688295340023], [116.39578934170734, 27.90688295340023], [116.39578934170734, 27.907062616457054], [116.39560967865052, 27.907062616457054], [116.39560967865052, 27.907421942570704], [116.39578934170734, 27.907421942570704], [116.39578934170734, 27.907601605627526], [116.396148667821, 27.907601605627526], [116.396148667821, 27.90778126868435], [116.39632833087781, 27.90778126868435], [116.39632833087781, 27.907421942570704], [116.39650799393463, 27.907421942570704], [116.39650799393463, 27.907242279513877], [116.39668765699146, 27.907242279513877], [116.39668765699146, 27.90670329034341], [116.39686732004829, 27.90670329034341], [116.39686732004829, 27.90652362728658], [116.39704698310511, 27.90652362728658], [116.39704698310511, 27.90670329034341], [116.39722664616194, 27.90670329034341], [116.39722664616194, 27.90778126868435], [116.39740630921875, 27.90778126868435], [116.39740630921875, 27.907960931741172], [116.39722664616194, 27.907960931741172], [116.39722664616194, 27.90832025785482], [116.39704698310511, 27.90832025785482], [116.39704698310511, 27.90867958396847], [116.39686732004829, 27.90867958396847], [116.39686732004829, 27.908859247025294], [116.39668765699146, 27.908859247025294]]]}, "properties": {"name": "cand20", "ptype": "hall", "confidence": "low", "rank": 20, "area_ha": 3.3, "rise_db": 6.6, "digitised_from": "Sentinel-1 VV rise 2022->2026, orbit 40"}}, {"type": "Feature", "geometry": {"geodesic": false, "type": "Polygon", "coordinates": [[[116.42219981106045, 27.90867958396847], [116.42219981106045, 27.907960931741172], [116.42184048494681, 27.907960931741172], [116.42184048494681, 27.907601605627526], [116.42219981106045, 27.907601605627526], [116.42219981106045, 27.907421942570704], [116.42202014800363, 27.907421942570704], [116.42202014800363, 27.907062616457054], [116.42184048494681, 27.907062616457054], [116.42184048494681, 27.90688295340023], [116.42166082188999, 27.90688295340023], [116.42166082188999, 27.90670329034341], [116.42148115883316, 27.90670329034341], [116.42148115883316, 27.90634396422976], [116.42184048494681, 27.90634396422976], [116.42184048494681, 27.906164301172936], [116.4225591371741, 27.906164301172936], [116.4225591371741, 27.90634396422976], [116.42291846328776, 27.90634396422976], [116.42291846328776, 27.90688295340023], [116.42273880023093, 27.90688295340023], [116.42273880023093, 27.907062616457054], [116.42291846328776, 27.907062616457054], [116.42291846328776, 27.908140594798], [116.42273880023093, 27.908140594798], [116.42273880023093, 27.90832025785482], [116.4225591371741, 27.90832025785482], [116.4225591371741, 27.908499920911645], [116.42273880023093, 27.908499920911645], [116.42273880023093, 27.90867958396847], [116.42219981106045, 27.90867958396847]]]}, "properties": {"name": "cand21", "ptype": "hall", "confidence": "low", "rank": 21, "area_ha": 2.8, "rise_db": 7.7, "digitised_from": "Sentinel-1 VV rise 2022->2026, orbit 40"}}, {"type": "Feature", "geometry": {"geodesic": false, "type": "Polygon", "coordinates": [[[116.37009752458152, 27.91892037820743], [116.37009752458152, 27.918561052093786], [116.37027718763835, 27.918561052093786], [116.37027718763835, 27.91838138903696], [116.37045685069518, 27.91838138903696], [116.37045685069518, 27.918022062923313], [116.37063651375199, 27.918022062923313], [116.37063651375199, 27.91784239986649], [116.37081617680882, 27.91784239986649], [116.37081617680882, 27.91748307375284], [116.37099583986564, 27.91748307375284], [116.37099583986564, 27.917303410696018], [116.37117550292247, 27.917303410696018], [116.37117550292247, 27.91712374763919], [116.37315179654753, 27.91712374763919], [116.37315179654753, 27.917303410696018], [116.37333145960436, 27.917303410696018], [116.37333145960436, 27.918022062923313], [116.37315179654753, 27.918022062923313], [116.37315179654753, 27.91784239986649], [116.37171449209293, 27.91784239986649], [116.37171449209293, 27.917662736809664], [116.3713551659793, 27.917662736809664], [116.3713551659793, 27.91784239986649], [116.37117550292247, 27.91784239986649], [116.37117550292247, 27.918201725980136], [116.37099583986564, 27.918201725980136], [116.37099583986564, 27.91838138903696], [116.37063651375199, 27.91838138903696], [116.37063651375199, 27.918561052093786], [116.37045685069518, 27.918561052093786], [116.37045685069518, 27.91892037820743], [116.37009752458152, 27.91892037820743]]]}, "properties": {"name": "cand22", "ptype": "hall", "confidence": "low", "rank": 22, "area_ha": 2.7, "rise_db": 5.8, "digitised_from": "Sentinel-1 VV rise 2022->2026, orbit 40"}}, {"type": "Feature", "geometry": {"geodesic": false, "type": "Polygon", "coordinates": [[[116.40728777734407, 27.891791256627023], [116.40728777734407, 27.8916115935702], [116.40603013594631, 27.8916115935702], [116.40603013594631, 27.891072604399728], [116.4067487881736, 27.891072604399728], [116.4067487881736, 27.8908929413429], [116.40692845123043, 27.8908929413429], [116.40692845123043, 27.89071327828608], [116.4074674404009, 27.89071327828608], [116.4074674404009, 27.8908929413429], [116.40782676651455, 27.8908929413429], [116.40782676651455, 27.890533615229256], [116.40800642957137, 27.890533615229256], [116.40800642957137, 27.890353952172433], [116.40818609262818, 27.890353952172433], [116.40818609262818, 27.890533615229256], [116.40836575568501, 27.890533615229256], [116.40836575568501, 27.89071327828608], [116.40872508179866, 27.89071327828608], [116.40872508179866, 27.891072604399728], [116.40818609262818, 27.891072604399728], [116.40818609262818, 27.8916115935702], [116.40782676651455, 27.8916115935702], [116.40782676651455, 27.891791256627023], [116.40728777734407, 27.891791256627023]]]}, "properties": {"name": "cand23", "ptype": "hall", "confidence": "low", "rank": 23, "area_ha": 2.5, "rise_db": 8.1, "digitised_from": "Sentinel-1 VV rise 2022->2026, orbit 40"}}, {"type": "Feature", "geometry": {"geodesic": false, "type": "Polygon", "coordinates": [[[116.39974192895747, 27.894665865536204], [116.39974192895747, 27.89430653942256], [116.399202939787, 27.89430653942256], [116.399202939787, 27.894126876365732], [116.39902327673018, 27.894126876365732], [116.39902327673018, 27.89394721330891], [116.399202939787, 27.89394721330891], [116.399202939787, 27.893767550252086], [116.39938260284381, 27.893767550252086], [116.39938260284381, 27.893408224138437], [116.39956226590064, 27.893408224138437], [116.39956226590064, 27.893228561081614], [116.3999215920143, 27.893228561081614], [116.3999215920143, 27.89304889802479], [116.40081990729841, 27.89304889802479], [116.40081990729841, 27.892869234967964], [116.40064024424159, 27.892869234967964], [116.40064024424159, 27.89250990885432], [116.40135889646888, 27.89250990885432], [116.40135889646888, 27.89268957191114], [116.40117923341207, 27.89268957191114], [116.40117923341207, 27.893228561081614], [116.40135889646888, 27.893228561081614], [116.40135889646888, 27.893587887195263], [116.40117923341207, 27.893587887195263], [116.40117923341207, 27.893767550252086], [116.40081990729841, 27.893767550252086], [116.40081990729841, 27.893587887195263], [116.40010125507112, 27.893587887195263], [116.40010125507112, 27.893767550252086], [116.3999215920143, 27.893767550252086], [116.3999215920143, 27.89394721330891], [116.40010125507112, 27.89394721330891], [116.40010125507112, 27.894126876365732], [116.40028091812793, 27.894126876365732], [116.40028091812793, 27.89430653942256], [116.40010125507112, 27.89430653942256], [116.40010125507112, 27.89448620247938], [116.3999215920143, 27.89448620247938], [116.3999215920143, 27.894665865536204], [116.39974192895747, 27.894665865536204]]]}, "properties": {"name": "cand24", "ptype": "hall", "confidence": "low", "rank": 24, "area_ha": 2.5, "rise_db": 7.8, "digitised_from": "Sentinel-1 VV rise 2022->2026, orbit 40"}}, {"type": "Feature", "geometry": {"geodesic": false, "type": "Polygon", "coordinates": [[[116.42453543079917, 27.92251363934391], [116.42453543079917, 27.922333976287085], [116.42417610468551, 27.922333976287085], [116.42417610468551, 27.92197465017344], [116.42435576774234, 27.92197465017344], [116.42435576774234, 27.921794987116616], [116.42417610468551, 27.921794987116616], [116.42417610468551, 27.92161532405979], [116.4232777894014, 27.92161532405979], [116.4232777894014, 27.921794987116616], [116.42309812634457, 27.921794987116616], [116.42309812634457, 27.921255997946144], [116.4232777894014, 27.921255997946144], [116.4232777894014, 27.92071700877567], [116.42345745245822, 27.92071700877567], [116.42345745245822, 27.92053734571885], [116.42363711551505, 27.92053734571885], [116.42363711551505, 27.920357682662022], [116.42381677857188, 27.920357682662022], [116.42381677857188, 27.92053734571885], [116.42417610468551, 27.92053734571885], [116.42417610468551, 27.92071700877567], [116.42435576774234, 27.92071700877567], [116.42435576774234, 27.921255997946144], [116.42453543079917, 27.921255997946144], [116.42453543079917, 27.92161532405979], [116.424715093856, 27.92161532405979], [116.424715093856, 27.921794987116616], [116.42525408302646, 27.921794987116616], [116.42525408302646, 27.922154313230262], [116.42507441996963, 27.922154313230262], [116.42507441996963, 27.922333976287085], [116.424715093856, 27.922333976287085], [116.424715093856, 27.92251363934391], [116.42453543079917, 27.92251363934391]]]}, "properties": {"name": "cand25", "ptype": "hall", "confidence": "low", "rank": 25, "area_ha": 2.4, "rise_db": 7.0, "digitised_from": "Sentinel-1 VV rise 2022->2026, orbit 40"}}, {"type": "Feature", "geometry": {"geodesic": false, "type": "Polygon", "coordinates": [[[116.39363338502545, 27.923950943798502], [116.39363338502545, 27.921794987116616], [116.39381304808228, 27.921794987116616], [116.39381304808228, 27.92161532405979], [116.3939927111391, 27.92161532405979], [116.3939927111391, 27.921435661002967], [116.39435203725274, 27.921435661002967], [116.39435203725274, 27.921794987116616], [116.39453170030957, 27.921794987116616], [116.39453170030957, 27.92197465017344], [116.3947113633664, 27.92197465017344], [116.3947113633664, 27.922333976287085], [116.39453170030957, 27.922333976287085], [116.39453170030957, 27.922872965457557], [116.39435203725274, 27.922872965457557], [116.39435203725274, 27.92377128074168], [116.3939927111391, 27.92377128074168], [116.3939927111391, 27.923950943798502], [116.39363338502545, 27.923950943798502]]]}, "properties": {"name": "cand26", "ptype": "hall", "confidence": "low", "rank": 26, "area_ha": 2.4, "rise_db": 10.7, "digitised_from": "Sentinel-1 VV rise 2022->2026, orbit 40"}}, {"type": "Feature", "geometry": {"geodesic": false, "type": "Polygon", "coordinates": [[[116.40890474485549, 27.916405095411896], [116.40890474485549, 27.916225432355073], [116.40872508179866, 27.916225432355073], [116.40872508179866, 27.91604576929825], [116.40836575568501, 27.91604576929825], [116.40836575568501, 27.915866106241424], [116.40782676651455, 27.915866106241424], [116.40782676651455, 27.9156864431846], [116.4074674404009, 27.9156864431846], [116.4074674404009, 27.915506780127778], [116.40728777734407, 27.915506780127778], [116.40728777734407, 27.91514745401413], [116.40854541874184, 27.91514745401413], [116.40854541874184, 27.915327117070955], [116.40890474485549, 27.915327117070955], [116.40890474485549, 27.915506780127778], [116.40962339708278, 27.915506780127778], [116.40962339708278, 27.915866106241424], [116.40980306013961, 27.915866106241424], [116.40980306013961, 27.91604576929825], [116.40944373402596, 27.91604576929825], [116.40944373402596, 27.916225432355073], [116.40926407096913, 27.916225432355073], [116.40926407096913, 27.916405095411896], [116.40890474485549, 27.916405095411896]]]}, "properties": {"name": "cand27", "ptype": "hall", "confidence": "low", "rank": 27, "area_ha": 2.1, "rise_db": 7.6, "digitised_from": "Sentinel-1 VV rise 2022->2026, orbit 40"}}, {"type": "Feature", "geometry": {"geodesic": false, "type": "Polygon", "coordinates": [[[116.37854168825224, 27.92341195462803], [116.37854168825224, 27.923232291571207], [116.37836202519543, 27.923232291571207], [116.37836202519543, 27.92305262851438], [116.3781823621386, 27.92305262851438], [116.3781823621386, 27.922333976287085], [116.37836202519543, 27.922333976287085], [116.37836202519543, 27.922154313230262], [116.3789010143659, 27.922154313230262], [116.3789010143659, 27.92197465017344], [116.37908067742272, 27.92197465017344], [116.37908067742272, 27.921794987116616], [116.37926034047955, 27.921794987116616], [116.37926034047955, 27.92161532405979], [116.37944000353637, 27.92161532405979], [116.37944000353637, 27.921794987116616], [116.37961966659319, 27.921794987116616], [116.37961966659319, 27.922333976287085], [116.37944000353637, 27.922333976287085], [116.37944000353637, 27.922693302400734], [116.37926034047955, 27.922693302400734], [116.37926034047955, 27.92305262851438], [116.37944000353637, 27.92305262851438], [116.37944000353637, 27.92341195462803], [116.37854168825224, 27.92341195462803]]]}, "properties": {"name": "cand28", "ptype": "hall", "confidence": "low", "rank": 28, "area_ha": 2.1, "rise_db": 6.2, "digitised_from": "Sentinel-1 VV rise 2022->2026, orbit 40"}}, {"type": "Feature", "geometry": {"geodesic": false, "type": "Polygon", "coordinates": [[[116.41159969070785, 27.88208945155853], [116.41159969070785, 27.881011473217587], [116.41142002765102, 27.881011473217587], [116.41142002765102, 27.879933494876646], [116.41159969070785, 27.879933494876646], [116.41159969070785, 27.87975383181982], [116.41213867987831, 27.87975383181982], [116.41213867987831, 27.879933494876646], [116.41231834293514, 27.879933494876646], [116.41231834293514, 27.88011315793347], [116.41249800599196, 27.88011315793347], [116.41249800599196, 27.880472484047118], [116.41231834293514, 27.880472484047118], [116.41231834293514, 27.880831810160764], [116.41213867987831, 27.880831810160764], [116.41213867987831, 27.881370799331236], [116.4119590168215, 27.881370799331236], [116.4119590168215, 27.88208945155853], [116.41159969070785, 27.88208945155853]]]}, "properties": {"name": "cand29", "ptype": "hall", "confidence": "low", "rank": 29, "area_ha": 1.9, "rise_db": 7.1, "digitised_from": "Sentinel-1 VV rise 2022->2026, orbit 40"}}, {"type": "Feature", "geometry": {"geodesic": false, "type": "Polygon", "coordinates": [[[116.40261653786665, 27.89682182221809], [116.40261653786665, 27.896642159161267], [116.40171822258253, 27.896642159161267], [116.40171822258253, 27.896462496104444], [116.40135889646888, 27.896462496104444], [116.40135889646888, 27.89574384387715], [116.4015385595257, 27.89574384387715], [116.4015385595257, 27.8953845177635], [116.40171822258253, 27.8953845177635], [116.40171822258253, 27.895204854706677], [116.40207754869618, 27.895204854706677], [116.40207754869618, 27.8953845177635], [116.40243687480982, 27.8953845177635], [116.40243687480982, 27.895923506933972], [116.40261653786665, 27.895923506933972], [116.40261653786665, 27.896103169990795], [116.40279620092348, 27.896103169990795], [116.40279620092348, 27.89682182221809], [116.40261653786665, 27.89682182221809]]]}, "properties": {"name": "cand30", "ptype": "hall", "confidence": "low", "rank": 30, "area_ha": 1.9, "rise_db": 11.5, "digitised_from": "Sentinel-1 VV rise 2022->2026, orbit 40"}}, {"type": "Feature", "geometry": {"geodesic": false, "type": "Polygon", "coordinates": [[[116.39129776528675, 27.91101520370718], [116.39129776528675, 27.90957789925259], [116.39147742834356, 27.90957789925259], [116.39147742834356, 27.909757562309412], [116.39165709140039, 27.909757562309412], [116.39165709140039, 27.909937225366235], [116.39201641751404, 27.909937225366235], [116.39201641751404, 27.91011688842306], [116.39237574362768, 27.91011688842306], [116.39237574362768, 27.909937225366235], [116.39255540668451, 27.909937225366235], [116.39255540668451, 27.909398236195766], [116.39273506974133, 27.909398236195766], [116.39273506974133, 27.910296551479885], [116.39255540668451, 27.910296551479885], [116.39255540668451, 27.910835540650357], [116.39237574362768, 27.910835540650357], [116.39237574362768, 27.91101520370718], [116.39129776528675, 27.91101520370718]]]}, "properties": {"name": "cand31", "ptype": "hall", "confidence": "low", "rank": 31, "area_ha": 1.9, "rise_db": 6.9, "digitised_from": "Sentinel-1 VV rise 2022->2026, orbit 40"}}, {"type": "Feature", "geometry": {"geodesic": false, "type": "Polygon", "coordinates": [[[116.41968452826492, 27.91281183427542], [116.41968452826492, 27.912632171218597], [116.4195048652081, 27.912632171218597], [116.4195048652081, 27.91245250816177], [116.4187862129808, 27.91245250816177], [116.4187862129808, 27.912093182048125], [116.41860654992398, 27.912093182048125], [116.41860654992398, 27.911554192877652], [116.41896587603763, 27.911554192877652], [116.41896587603763, 27.91137452982083], [116.41914553909444, 27.91137452982083], [116.41914553909444, 27.911554192877652], [116.41932520215127, 27.911554192877652], [116.41932520215127, 27.911733855934475], [116.4195048652081, 27.911733855934475], [116.4195048652081, 27.911913518991298], [116.42022351743539, 27.911913518991298], [116.42022351743539, 27.912093182048125], [116.42058284354904, 27.912093182048125], [116.42058284354904, 27.91245250816177], [116.42040318049222, 27.91245250816177], [116.42040318049222, 27.912632171218597], [116.42004385437856, 27.912632171218597], [116.42004385437856, 27.91281183427542], [116.41968452826492, 27.91281183427542]]]}, "properties": {"name": "cand32", "ptype": "hall", "confidence": "low", "rank": 32, "area_ha": 1.8, "rise_db": 6.7, "digitised_from": "Sentinel-1 VV rise 2022->2026, orbit 40"}}, {"type": "Feature", "geometry": {"geodesic": false, "type": "Polygon", "coordinates": [[[116.39201641751404, 27.909038910082117], [116.39201641751404, 27.90832025785482], [116.39147742834356, 27.90832025785482], [116.39147742834356, 27.908859247025294], [116.39111810222992, 27.908859247025294], [116.39111810222992, 27.907601605627526], [116.39147742834356, 27.907601605627526], [116.39147742834356, 27.90778126868435], [116.39183675445722, 27.90778126868435], [116.39183675445722, 27.907601605627526], [116.39219608057087, 27.907601605627526], [116.39219608057087, 27.90778126868435], [116.39237574362768, 27.90778126868435], [116.39237574362768, 27.90832025785482], [116.39255540668451, 27.90832025785482], [116.39255540668451, 27.908859247025294], [116.39237574362768, 27.908859247025294], [116.39237574362768, 27.909038910082117], [116.39201641751404, 27.909038910082117]]]}, "properties": {"name": "cand33", "ptype": "hall", "confidence": "low", "rank": 33, "area_ha": 1.7, "rise_db": 8.2, "digitised_from": "Sentinel-1 VV rise 2022->2026, orbit 40"}}, {"type": "Feature", "geometry": {"geodesic": false, "type": "Polygon", "coordinates": [[[116.40854541874184, 27.919818693491553], [116.40854541874184, 27.919639030434727], [116.40836575568501, 27.919639030434727], [116.40836575568501, 27.91927970432108], [116.40854541874184, 27.91927970432108], [116.40854541874184, 27.91874071515061], [116.40818609262818, 27.91874071515061], [116.40818609262818, 27.918561052093786], [116.40800642957137, 27.918561052093786], [116.40800642957137, 27.918201725980136], [116.40836575568501, 27.918201725980136], [116.40836575568501, 27.91838138903696], [116.40854541874184, 27.91838138903696], [116.40854541874184, 27.918561052093786], [116.40908440791232, 27.918561052093786], [116.40908440791232, 27.91874071515061], [116.40962339708278, 27.91874071515061], [116.40962339708278, 27.91892037820743], [116.40980306013961, 27.91892037820743], [116.40980306013961, 27.919100041264254], [116.40962339708278, 27.919100041264254], [116.40962339708278, 27.91927970432108], [116.40944373402596, 27.91927970432108], [116.40944373402596, 27.919459367377904], [116.40926407096913, 27.919459367377904], [116.40926407096913, 27.919639030434727], [116.40890474485549, 27.919639030434727], [116.40890474485549, 27.919818693491553], [116.40854541874184, 27.919818693491553]]]}, "properties": {"name": "cand34", "ptype": "hall", "confidence": "low", "rank": 34, "area_ha": 1.7, "rise_db": 7.6, "digitised_from": "Sentinel-1 VV rise 2022->2026, orbit 40"}}, {"type": "Feature", "geometry": {"geodesic": false, "type": "Polygon", "coordinates": [[[116.39417237419593, 27.908859247025294], [116.39417237419593, 27.908499920911645], [116.3939927111391, 27.908499920911645], [116.3939927111391, 27.90778126868435], [116.39417237419593, 27.90778126868435], [116.39417237419593, 27.90688295340023], [116.39435203725274, 27.90688295340023], [116.39435203725274, 27.90670329034341], [116.3947113633664, 27.90670329034341], [116.3947113633664, 27.90688295340023], [116.39489102642322, 27.90688295340023], [116.39489102642322, 27.907242279513877], [116.3947113633664, 27.907242279513877], [116.3947113633664, 27.908859247025294], [116.39417237419593, 27.908859247025294]]]}, "properties": {"name": "cand35", "ptype": "hall", "confidence": "low", "rank": 35, "area_ha": 1.6, "rise_db": 6.2, "digitised_from": "Sentinel-1 VV rise 2022->2026, orbit 40"}}, {"type": "Feature", "geometry": {"geodesic": false, "type": "Polygon", "coordinates": [[[116.41896587603763, 27.883706419069945], [116.41896587603763, 27.883526756013122], [116.4187862129808, 27.883526756013122], [116.4187862129808, 27.8833470929563], [116.41788789769669, 27.8833470929563], [116.41788789769669, 27.88298776684265], [116.41860654992398, 27.88298776684265], [116.41860654992398, 27.882628440729004], [116.4187862129808, 27.882628440729004], [116.4187862129808, 27.88244877767218], [116.41932520215127, 27.88244877767218], [116.41932520215127, 27.882808103785827], [116.4195048652081, 27.882808103785827], [116.4195048652081, 27.88298776684265], [116.41968452826492, 27.88298776684265], [116.41968452826492, 27.883526756013122], [116.4195048652081, 27.883526756013122], [116.4195048652081, 27.883706419069945], [116.41896587603763, 27.883706419069945]]]}, "properties": {"name": "cand36", "ptype": "hall", "confidence": "low", "rank": 36, "area_ha": 1.6, "rise_db": 7.8, "digitised_from": "Sentinel-1 VV rise 2022->2026, orbit 40"}}, {"type": "Feature", "geometry": {"geodesic": false, "type": "Polygon", "coordinates": [[[116.41465396267385, 27.893767550252086], [116.41465396267385, 27.893408224138437], [116.41447429961703, 27.893408224138437], [116.41447429961703, 27.893228561081614], [116.4142946365602, 27.893228561081614], [116.4142946365602, 27.89304889802479], [116.41411497350337, 27.89304889802479], [116.41411497350337, 27.89268957191114], [116.4142946365602, 27.89268957191114], [116.4142946365602, 27.89250990885432], [116.41447429961703, 27.89250990885432], [116.41447429961703, 27.892330245797496], [116.41519295184432, 27.892330245797496], [116.41519295184432, 27.89250990885432], [116.41537261490114, 27.89250990885432], [116.41537261490114, 27.893228561081614], [116.41519295184432, 27.893228561081614], [116.41519295184432, 27.893767550252086], [116.41465396267385, 27.893767550252086]]]}, "properties": {"name": "cand37", "ptype": "hall", "confidence": "low", "rank": 37, "area_ha": 1.6, "rise_db": 5.5, "digitised_from": "Sentinel-1 VV rise 2022->2026, orbit 40"}}, {"type": "Feature", "geometry": {"geodesic": false, "type": "Polygon", "coordinates": [[[116.42040318049222, 27.907421942570704], [116.42040318049222, 27.907242279513877], [116.42004385437856, 27.907242279513877], [116.42004385437856, 27.907062616457054], [116.41986419132175, 27.907062616457054], [116.41986419132175, 27.90688295340023], [116.41968452826492, 27.90688295340023], [116.41968452826492, 27.90670329034341], [116.41986419132175, 27.90670329034341], [116.41986419132175, 27.90652362728658], [116.41932520215127, 27.90652362728658], [116.41932520215127, 27.90634396422976], [116.41914553909444, 27.90634396422976], [116.41914553909444, 27.90598463811611], [116.41932520215127, 27.90598463811611], [116.41932520215127, 27.905804975059286], [116.4195048652081, 27.905804975059286], [116.4195048652081, 27.906164301172936], [116.42004385437856, 27.906164301172936], [116.42004385437856, 27.90598463811611], [116.42022351743539, 27.90598463811611], [116.42022351743539, 27.905804975059286], [116.42040318049222, 27.905804975059286], [116.42040318049222, 27.90598463811611], [116.42058284354904, 27.90598463811611], [116.42058284354904, 27.906164301172936], [116.42076250660587, 27.906164301172936], [116.42076250660587, 27.90634396422976], [116.42058284354904, 27.90634396422976], [116.42058284354904, 27.90670329034341], [116.42040318049222, 27.90670329034341], [116.42040318049222, 27.907062616457054], [116.42076250660587, 27.907062616457054], [116.42076250660587, 27.907421942570704], [116.42040318049222, 27.907421942570704]]]}, "properties": {"name": "cand38", "ptype": "hall", "confidence": "low", "rank": 38, "area_ha": 1.6, "rise_db": 8.0, "digitised_from": "Sentinel-1 VV rise 2022->2026, orbit 40"}}, {"type": "Feature", "geometry": {"geodesic": false, "type": "Polygon", "coordinates": [[[116.39219608057087, 27.916405095411896], [116.39219608057087, 27.916225432355073], [116.39201641751404, 27.916225432355073], [116.39201641751404, 27.9156864431846], [116.39219608057087, 27.9156864431846], [116.39219608057087, 27.91514745401413], [116.39237574362768, 27.91514745401413], [116.39237574362768, 27.914967790957306], [116.39273506974133, 27.914967790957306], [116.39273506974133, 27.91514745401413], [116.39291473279816, 27.91514745401413], [116.39291473279816, 27.915327117070955], [116.39309439585499, 27.915327117070955], [116.39309439585499, 27.916225432355073], [116.39291473279816, 27.916225432355073], [116.39291473279816, 27.916405095411896], [116.39219608057087, 27.916405095411896]]]}, "properties": {"name": "cand39", "ptype": "hall", "confidence": "low", "rank": 39, "area_ha": 1.5, "rise_db": 8.1, "digitised_from": "Sentinel-1 VV rise 2022->2026, orbit 40"}}, {"type": "Feature", "geometry": {"geodesic": false, "type": "Polygon", "coordinates": [[[116.39255540668451, 27.91838138903696], [116.39255540668451, 27.918201725980136], [116.39237574362768, 27.918201725980136], [116.39237574362768, 27.918022062923313], [116.39219608057087, 27.918022062923313], [116.39219608057087, 27.91784239986649], [116.39201641751404, 27.91784239986649], [116.39201641751404, 27.917303410696018], [116.39219608057087, 27.917303410696018], [116.39219608057087, 27.91712374763919], [116.39327405891181, 27.91712374763919], [116.39327405891181, 27.91784239986649], [116.39309439585499, 27.91784239986649], [116.39309439585499, 27.918201725980136], [116.39273506974133, 27.918201725980136], [116.39273506974133, 27.91838138903696], [116.39255540668451, 27.91838138903696]]]}, "properties": {"name": "cand40", "ptype": "hall", "confidence": "low", "rank": 40, "area_ha": 1.5, "rise_db": 7.7, "digitised_from": "Sentinel-1 VV rise 2022->2026, orbit 40"}}, {"type": "Feature", "geometry": {"geodesic": false, "type": "Polygon", "coordinates": [[[116.3984842875597, 27.889994626058783], [116.3984842875597, 27.88981496300196], [116.39812496144606, 27.88981496300196], [116.39812496144606, 27.889994626058783], [116.39794529838923, 27.889994626058783], [116.39794529838923, 27.88981496300196], [116.3977656353324, 27.88981496300196], [116.3977656353324, 27.889635299945137], [116.39758597227558, 27.889635299945137], [116.39758597227558, 27.88981496300196], [116.39740630921875, 27.88981496300196], [116.39740630921875, 27.889635299945137], [116.39722664616194, 27.889635299945137], [116.39722664616194, 27.88945563688831], [116.39740630921875, 27.88945563688831], [116.39740630921875, 27.889275973831488], [116.39758597227558, 27.889275973831488], [116.39758597227558, 27.889096310774665], [116.39866395061652, 27.889096310774665], [116.39866395061652, 27.889275973831488], [116.39884361367335, 27.889275973831488], [116.39884361367335, 27.88945563688831], [116.39902327673018, 27.88945563688831], [116.39902327673018, 27.889635299945137], [116.399202939787, 27.889635299945137], [116.399202939787, 27.88981496300196], [116.39902327673018, 27.88981496300196], [116.39902327673018, 27.889994626058783], [116.3984842875597, 27.889994626058783]], [[116.39794529838923, 27.88945563688831], [116.3977656353324, 27.88945563688831], [116.3977656353324, 27.889275973831488], [116.39794529838923, 27.889275973831488], [116.39794529838923, 27.88945563688831]]]}, "properties": {"name": "cand41", "ptype": "hall", "confidence": "low", "rank": 41, "area_ha": 1.4, "rise_db": 8.1, "digitised_from": "Sentinel-1 VV rise 2022->2026, orbit 40"}}, {"type": "Feature", "geometry": {"geodesic": false, "type": "Polygon", "coordinates": [[[116.40890474485549, 27.889994626058783], [116.40890474485549, 27.889635299945137], [116.40872508179866, 27.889635299945137], [116.40872508179866, 27.88945563688831], [116.40854541874184, 27.88945563688831], [116.40854541874184, 27.889635299945137], [116.40764710345772, 27.889635299945137], [116.40764710345772, 27.88945563688831], [116.4074674404009, 27.88945563688831], [116.4074674404009, 27.889275973831488], [116.40728777734407, 27.889275973831488], [116.40728777734407, 27.889096310774665], [116.4074674404009, 27.889096310774665], [116.4074674404009, 27.88891664771784], [116.40782676651455, 27.88891664771784], [116.40782676651455, 27.889096310774665], [116.40818609262818, 27.889096310774665], [116.40818609262818, 27.88891664771784], [116.40854541874184, 27.88891664771784], [116.40854541874184, 27.889096310774665], [116.40908440791232, 27.889096310774665], [116.40908440791232, 27.889275973831488], [116.40926407096913, 27.889275973831488], [116.40926407096913, 27.889994626058783], [116.40890474485549, 27.889994626058783]]]}, "properties": {"name": "cand42", "ptype": "hall", "confidence": "low", "rank": 42, "area_ha": 1.4, "rise_db": 6.1, "digitised_from": "Sentinel-1 VV rise 2022->2026, orbit 40"}}, {"type": "Feature", "geometry": {"geodesic": false, "type": "Polygon", "coordinates": [[[116.39902327673018, 27.923950943798502], [116.39902327673018, 27.923591617684853], [116.399202939787, 27.923591617684853], [116.399202939787, 27.923232291571207], [116.39938260284381, 27.923232291571207], [116.39938260284381, 27.92197465017344], [116.39956226590064, 27.92197465017344], [116.39956226590064, 27.921794987116616], [116.3999215920143, 27.921794987116616], [116.3999215920143, 27.92197465017344], [116.40010125507112, 27.92197465017344], [116.40010125507112, 27.922333976287085], [116.3999215920143, 27.922333976287085], [116.3999215920143, 27.923232291571207], [116.39974192895747, 27.923232291571207], [116.39974192895747, 27.923591617684853], [116.39956226590064, 27.923591617684853], [116.39956226590064, 27.92377128074168], [116.39938260284381, 27.92377128074168], [116.39938260284381, 27.923950943798502], [116.39902327673018, 27.923950943798502]]]}, "properties": {"name": "cand43", "ptype": "hall", "confidence": "low", "rank": 43, "area_ha": 1.4, "rise_db": 6.9, "digitised_from": "Sentinel-1 VV rise 2022->2026, orbit 40"}}, {"type": "Feature", "geometry": {"geodesic": false, "type": "Polygon", "coordinates": [[[116.40620979900312, 27.890353952172433], [116.40620979900312, 27.890174289115606], [116.40603013594631, 27.890174289115606], [116.40603013594631, 27.88945563688831], [116.40620979900312, 27.88945563688831], [116.40620979900312, 27.888557321604193], [116.40692845123043, 27.888557321604193], [116.40692845123043, 27.88891664771784], [116.4067487881736, 27.88891664771784], [116.4067487881736, 27.889096310774665], [116.40656912511677, 27.889096310774665], [116.40656912511677, 27.889275973831488], [116.4067487881736, 27.889275973831488], [116.4067487881736, 27.890174289115606], [116.40656912511677, 27.890174289115606], [116.40656912511677, 27.890353952172433], [116.40620979900312, 27.890353952172433]]]}, "properties": {"name": "cand44", "ptype": "hall", "confidence": "low", "rank": 44, "area_ha": 1.4, "rise_db": 7.5, "digitised_from": "Sentinel-1 VV rise 2022->2026, orbit 40"}}, {"type": "Feature", "geometry": {"geodesic": false, "type": "Polygon", "coordinates": [[[116.41411497350337, 27.889994626058783], [116.41411497350337, 27.88981496300196], [116.41375564738973, 27.88981496300196], [116.41375564738973, 27.888736984661016], [116.4142946365602, 27.888736984661016], [116.4142946365602, 27.88891664771784], [116.41465396267385, 27.88891664771784], [116.41465396267385, 27.889275973831488], [116.41483362573068, 27.889275973831488], [116.41483362573068, 27.88945563688831], [116.41465396267385, 27.88945563688831], [116.41465396267385, 27.889635299945137], [116.41483362573068, 27.889635299945137], [116.41483362573068, 27.88981496300196], [116.41465396267385, 27.88981496300196], [116.41465396267385, 27.889994626058783], [116.41411497350337, 27.889994626058783]]]}, "properties": {"name": "cand45", "ptype": "hall", "confidence": "low", "rank": 45, "area_ha": 1.3, "rise_db": 5.8, "digitised_from": "Sentinel-1 VV rise 2022->2026, orbit 40"}}, {"type": "Feature", "geometry": {"geodesic": false, "type": "Polygon", "coordinates": [[[116.4150132887875, 27.88208945155853], [116.4150132887875, 27.881730125444882], [116.41519295184432, 27.881730125444882], [116.41519295184432, 27.88155046238806], [116.4157319410148, 27.88155046238806], [116.4157319410148, 27.881370799331236], [116.41591160407162, 27.881370799331236], [116.41591160407162, 27.880831810160764], [116.41627093018526, 27.880831810160764], [116.41627093018526, 27.88190978850171], [116.41663025629892, 27.88190978850171], [116.41663025629892, 27.88208945155853], [116.4150132887875, 27.88208945155853]]]}, "properties": {"name": "cand46", "ptype": "hall", "confidence": "low", "rank": 46, "area_ha": 1.2, "rise_db": 5.3, "digitised_from": "Sentinel-1 VV rise 2022->2026, orbit 40"}}, {"type": "Feature", "geometry": {"geodesic": false, "type": "Polygon", "coordinates": [[[116.4036945162076, 27.894845528593027], [116.4036945162076, 27.894665865536204], [116.40351485315077, 27.894665865536204], [116.40351485315077, 27.893587887195263], [116.4036945162076, 27.893587887195263], [116.4036945162076, 27.893408224138437], [116.40477249454854, 27.893408224138437], [116.40477249454854, 27.893767550252086], [116.40423350537806, 27.893767550252086], [116.40423350537806, 27.89394721330891], [116.40405384232125, 27.89394721330891], [116.40405384232125, 27.894665865536204], [116.40387417926442, 27.894665865536204], [116.40387417926442, 27.894845528593027], [116.4036945162076, 27.894845528593027]]]}, "properties": {"name": "cand47", "ptype": "hall", "confidence": "low", "rank": 47, "area_ha": 1.2, "rise_db": 9.4, "digitised_from": "Sentinel-1 VV rise 2022->2026, orbit 40"}}, {"type": "Feature", "geometry": {"geodesic": false, "type": "Polygon", "coordinates": [[[116.40207754869618, 27.885862375751834], [116.40207754869618, 27.88478439741089], [116.402257211753, 27.88478439741089], [116.402257211753, 27.884604734354067], [116.40243687480982, 27.884604734354067], [116.40243687480982, 27.884425071297244], [116.40261653786665, 27.884425071297244], [116.40261653786665, 27.884245408240417], [116.40279620092348, 27.884245408240417], [116.40279620092348, 27.884604734354067], [116.4029758639803, 27.884604734354067], [116.4029758639803, 27.88514372352454], [116.40279620092348, 27.88514372352454], [116.40279620092348, 27.885323386581362], [116.40261653786665, 27.885323386581362], [116.40261653786665, 27.88568271269501], [116.40243687480982, 27.88568271269501], [116.40243687480982, 27.885862375751834], [116.40207754869618, 27.885862375751834]]]}, "properties": {"name": "cand48", "ptype": "hall", "confidence": "low", "rank": 48, "area_ha": 1.2, "rise_db": 6.5, "digitised_from": "Sentinel-1 VV rise 2022->2026, orbit 40"}}, {"type": "Feature", "geometry": {"geodesic": false, "type": "Polygon", "coordinates": [[[116.39758597227558, 27.888197995490543], [116.39758597227558, 27.88801833243372], [116.39740630921875, 27.88801833243372], [116.39740630921875, 27.887120017149602], [116.39722664616194, 27.887120017149602], [116.39722664616194, 27.88658102797913], [116.3977656353324, 27.88658102797913], [116.3977656353324, 27.886940354092776], [116.39812496144606, 27.886940354092776], [116.39812496144606, 27.887479343263248], [116.39794529838923, 27.887479343263248], [116.39794529838923, 27.88801833243372], [116.3977656353324, 27.88801833243372], [116.3977656353324, 27.888197995490543], [116.39758597227558, 27.888197995490543]]]}, "properties": {"name": "cand49", "ptype": "hall", "confidence": "low", "rank": 49, "area_ha": 1.2, "rise_db": 5.5, "digitised_from": "Sentinel-1 VV rise 2022->2026, orbit 40"}}, {"type": "Feature", "geometry": {"geodesic": false, "type": "Polygon", "coordinates": [[[116.40351485315077, 27.888736984661016], [116.40351485315077, 27.888557321604193], [116.40279620092348, 27.888557321604193], [116.40279620092348, 27.888736984661016], [116.40243687480982, 27.888736984661016], [116.40243687480982, 27.888557321604193], [116.40207754869618, 27.888557321604193], [116.40207754869618, 27.888197995490543], [116.402257211753, 27.888197995490543], [116.402257211753, 27.88801833243372], [116.40261653786665, 27.88801833243372], [116.40261653786665, 27.888197995490543], [116.40405384232125, 27.888197995490543], [116.40405384232125, 27.888736984661016], [116.40351485315077, 27.888736984661016]]]}, "properties": {"name": "cand50", "ptype": "hall", "confidence": "low", "rank": 50, "area_ha": 1.2, "rise_db": 6.2, "digitised_from": "Sentinel-1 VV rise 2022->2026, orbit 40"}}, {"type": "Feature", "geometry": {"geodesic": false, "type": "Polygon", "coordinates": [[[116.39974192895747, 27.914788127900483], [116.39974192895747, 27.91460846484366], [116.39938260284381, 27.91460846484366], [116.39938260284381, 27.91424913873001], [116.39956226590064, 27.91424913873001], [116.39956226590064, 27.914069475673188], [116.39974192895747, 27.914069475673188], [116.39974192895747, 27.913350823445892], [116.3999215920143, 27.913350823445892], [116.3999215920143, 27.912991497332243], [116.40010125507112, 27.912991497332243], [116.40010125507112, 27.91281183427542], [116.40046058118476, 27.91281183427542], [116.40046058118476, 27.912991497332243], [116.40064024424159, 27.912991497332243], [116.40064024424159, 27.913350823445892], [116.40046058118476, 27.913350823445892], [116.40046058118476, 27.913530486502715], [116.40028091812793, 27.913530486502715], [116.40028091812793, 27.913710149559538], [116.40010125507112, 27.913710149559538], [116.40010125507112, 27.91388981261636], [116.3999215920143, 27.91388981261636], [116.3999215920143, 27.914788127900483], [116.39974192895747, 27.914788127900483]]]}, "properties": {"name": "cand51", "ptype": "hall", "confidence": "low", "rank": 51, "area_ha": 1.2, "rise_db": 6.3, "digitised_from": "Sentinel-1 VV rise 2022->2026, orbit 40"}}, {"type": "Feature", "geometry": {"geodesic": false, "type": "Polygon", "coordinates": [[[116.3699178615247, 27.921076334889317], [116.3699178615247, 27.920896671832494], [116.36955853541104, 27.920896671832494], [116.36955853541104, 27.92071700877567], [116.36937887235423, 27.92071700877567], [116.36937887235423, 27.92053734571885], [116.36883988318375, 27.92053734571885], [116.36883988318375, 27.920357682662022], [116.36866022012693, 27.920357682662022], [116.36866022012693, 27.919818693491553], [116.36937887235423, 27.919818693491553], [116.36937887235423, 27.919998356548376], [116.36955853541104, 27.919998356548376], [116.36955853541104, 27.920357682662022], [116.36973819846787, 27.920357682662022], [116.36973819846787, 27.92053734571885], [116.37009752458152, 27.92053734571885], [116.37009752458152, 27.92071700877567], [116.37027718763835, 27.92071700877567], [116.37027718763835, 27.921076334889317], [116.3699178615247, 27.921076334889317]]]}, "properties": {"name": "cand52", "ptype": "hall", "confidence": "low", "rank": 52, "area_ha": 1.2, "rise_db": 5.0, "digitised_from": "Sentinel-1 VV rise 2022->2026, orbit 40"}}, {"type": "Feature", "geometry": {"geodesic": false, "type": "Polygon", "coordinates": [[[116.40064024424159, 27.884065745183594], [116.40064024424159, 27.88388608212677], [116.399202939787, 27.88388608212677], [116.399202939787, 27.883706419069945], [116.39902327673018, 27.883706419069945], [116.39902327673018, 27.883526756013122], [116.399202939787, 27.883526756013122], [116.399202939787, 27.8833470929563], [116.3999215920143, 27.8833470929563], [116.3999215920143, 27.883526756013122], [116.40099957035524, 27.883526756013122], [116.40099957035524, 27.883706419069945], [116.40117923341207, 27.883706419069945], [116.40117923341207, 27.88388608212677], [116.40099957035524, 27.88388608212677], [116.40099957035524, 27.884065745183594], [116.40064024424159, 27.884065745183594]]]}, "properties": {"name": "cand53", "ptype": "hall", "confidence": "low", "rank": 53, "area_ha": 1.1, "rise_db": 5.4, "digitised_from": "Sentinel-1 VV rise 2022->2026, orbit 40"}}, {"type": "Feature", "geometry": {"geodesic": false, "type": "Polygon", "coordinates": [[[116.40099957035524, 27.91281183427542], [116.40099957035524, 27.912632171218597], [116.40064024424159, 27.912632171218597], [116.40064024424159, 27.912272845104948], [116.40081990729841, 27.912272845104948], [116.40081990729841, 27.912093182048125], [116.40099957035524, 27.912093182048125], [116.40099957035524, 27.911913518991298], [116.40117923341207, 27.911913518991298], [116.40117923341207, 27.911733855934475], [116.4015385595257, 27.911733855934475], [116.4015385595257, 27.911554192877652], [116.40189788563936, 27.911554192877652], [116.40189788563936, 27.912093182048125], [116.40171822258253, 27.912093182048125], [116.40171822258253, 27.91245250816177], [116.4015385595257, 27.91245250816177], [116.4015385595257, 27.912632171218597], [116.40117923341207, 27.912632171218597], [116.40117923341207, 27.91281183427542], [116.40099957035524, 27.91281183427542]]]}, "properties": {"name": "cand54", "ptype": "hall", "confidence": "low", "rank": 54, "area_ha": 1.1, "rise_db": 5.4, "digitised_from": "Sentinel-1 VV rise 2022->2026, orbit 40"}}, {"type": "Feature", "geometry": {"geodesic": false, "type": "Polygon", "coordinates": [[[116.37422977488848, 27.92934083550322], [116.37422977488848, 27.928801846332746], [116.37405011183165, 27.928801846332746], [116.37405011183165, 27.927903531048628], [116.37458910100212, 27.927903531048628], [116.37458910100212, 27.92808319410545], [116.37476876405894, 27.92808319410545], [116.37476876405894, 27.928262857162274], [116.37494842711577, 27.928262857162274], [116.37494842711577, 27.928801846332746], [116.3744094379453, 27.928801846332746], [116.3744094379453, 27.929161172446396], [116.37476876405894, 27.929161172446396], [116.37476876405894, 27.92934083550322], [116.37422977488848, 27.92934083550322]]]}, "properties": {"name": "cand55", "ptype": "hall", "confidence": "low", "rank": 55, "area_ha": 1.1, "rise_db": 5.5, "digitised_from": "Sentinel-1 VV rise 2022->2026, orbit 40"}}, {"type": "Feature", "geometry": {"geodesic": false, "type": "Polygon", "coordinates": [[[116.41627093018526, 27.914428801786833], [116.41627093018526, 27.91424913873001], [116.41609126712844, 27.91424913873001], [116.41609126712844, 27.91388981261636], [116.41627093018526, 27.91388981261636], [116.41627093018526, 27.913710149559538], [116.41645059324209, 27.913710149559538], [116.41645059324209, 27.913171160389066], [116.41663025629892, 27.913171160389066], [116.41663025629892, 27.912991497332243], [116.41716924546938, 27.912991497332243], [116.41716924546938, 27.913171160389066], [116.41734890852621, 27.913171160389066], [116.41734890852621, 27.913350823445892], [116.41716924546938, 27.913350823445892], [116.41716924546938, 27.913530486502715], [116.41698958241257, 27.913530486502715], [116.41698958241257, 27.913710149559538], [116.41663025629892, 27.913710149559538], [116.41663025629892, 27.91388981261636], [116.41680991935574, 27.91388981261636], [116.41680991935574, 27.914069475673188], [116.41663025629892, 27.914069475673188], [116.41663025629892, 27.914428801786833], [116.41627093018526, 27.914428801786833]]]}, "properties": {"name": "cand56", "ptype": "hall", "confidence": "low", "rank": 56, "area_ha": 1.0, "rise_db": 5.2, "digitised_from": "Sentinel-1 VV rise 2022->2026, orbit 40"}}, {"type": "Feature", "geometry": {"geodesic": false, "type": "Polygon", "coordinates": [[[116.41106070153738, 27.91604576929825], [116.41106070153738, 27.915866106241424], [116.4105217123669, 27.915866106241424], [116.4105217123669, 27.9156864431846], [116.41034204931007, 27.9156864431846], [116.41034204931007, 27.914967790957306], [116.41088103848055, 27.914967790957306], [116.41088103848055, 27.91514745401413], [116.41106070153738, 27.91514745401413], [116.41106070153738, 27.915327117070955], [116.41124036459419, 27.915327117070955], [116.41124036459419, 27.915506780127778], [116.41142002765102, 27.915506780127778], [116.41142002765102, 27.9156864431846], [116.41159969070785, 27.9156864431846], [116.41159969070785, 27.915866106241424], [116.41142002765102, 27.915866106241424], [116.41142002765102, 27.91604576929825], [116.41106070153738, 27.91604576929825]]]}, "properties": {"name": "cand57", "ptype": "hall", "confidence": "low", "rank": 57, "area_ha": 1.0, "rise_db": 7.2, "digitised_from": "Sentinel-1 VV rise 2022->2026, orbit 40"}}, {"type": "Feature", "geometry": {"geodesic": false, "type": "Polygon", "coordinates": [[[116.40800642957137, 27.911913518991298], [116.40800642957137, 27.911733855934475], [116.40782676651455, 27.911733855934475], [116.40782676651455, 27.911194866764003], [116.40764710345772, 27.911194866764003], [116.40764710345772, 27.91101520370718], [116.4074674404009, 27.91101520370718], [116.4074674404009, 27.910835540650357], [116.40764710345772, 27.910835540650357], [116.40764710345772, 27.910655877593534], [116.40818609262818, 27.910655877593534], [116.40818609262818, 27.91101520370718], [116.40836575568501, 27.91101520370718], [116.40836575568501, 27.911194866764003], [116.40854541874184, 27.911194866764003], [116.40854541874184, 27.91101520370718], [116.40890474485549, 27.91101520370718], [116.40890474485549, 27.911194866764003], [116.40854541874184, 27.911194866764003], [116.40854541874184, 27.91137452982083], [116.40836575568501, 27.91137452982083], [116.40836575568501, 27.911913518991298], [116.40800642957137, 27.911913518991298]]]}, "properties": {"name": "cand58", "ptype": "hall", "confidence": "low", "rank": 58, "area_ha": 1.0, "rise_db": 7.2, "digitised_from": "Sentinel-1 VV rise 2022->2026, orbit 40"}}]}