{"type": "FeatureCollection", "features": [{"type": "Feature", "geometry": {"geodesic": false, "type": "Polygon", "coordinates": [[[106.77860557298057, 29.739086806890406], [106.77860557298057, 29.738907143833583], [106.77824624686693, 29.738907143833583], [106.77824624686693, 29.73836815466311], [106.7780665838101, 29.73836815466311], [106.7780665838101, 29.738008828549464], [106.77770725769645, 29.738008828549464], [106.77770725769645, 29.737829165492638], [106.7773479315828, 29.737829165492638], [106.7773479315828, 29.738008828549464], [106.77716826852598, 29.738008828549464], [106.77716826852598, 29.737829165492638], [106.77698860546916, 29.737829165492638], [106.77698860546916, 29.738008828549464], [106.7766292793555, 29.738008828549464], [106.7766292793555, 29.737829165492638], [106.77609029018504, 29.737829165492638], [106.77609029018504, 29.738008828549464], [106.77591062712821, 29.738008828549464], [106.77591062712821, 29.738188491606287], [106.77555130101456, 29.738188491606287], [106.77555130101456, 29.738008828549464], [106.77519197490092, 29.738008828549464], [106.77519197490092, 29.738188491606287], [106.77483264878727, 29.738188491606287], [106.77483264878727, 29.737829165492638], [106.77447332267361, 29.737829165492638], [106.77447332267361, 29.738008828549464], [106.7742936596168, 29.738008828549464], [106.7742936596168, 29.737829165492638], [106.77411399655998, 29.737829165492638], [106.77411399655998, 29.737649502435815], [106.77393433350315, 29.737649502435815], [106.77393433350315, 29.737469839378992], [106.77375467044632, 29.737469839378992], [106.77375467044632, 29.737110513265343], [106.77393433350315, 29.737110513265343], [106.77393433350315, 29.73693085020852], [106.77411399655998, 29.73693085020852], [106.77411399655998, 29.737110513265343], [106.7742936596168, 29.737110513265343], [106.7742936596168, 29.73693085020852], [106.77483264878727, 29.73693085020852], [106.77483264878727, 29.73657152409487], [106.77465298573044, 29.73657152409487], [106.77465298573044, 29.736212197981224], [106.7742936596168, 29.736212197981224], [106.7742936596168, 29.7360325349244], [106.77321568127586, 29.7360325349244], [106.77321568127586, 29.735852871867575], [106.77303601821903, 29.735852871867575], [106.77303601821903, 29.73549354575393], [106.7728563551622, 29.73549354575393], [106.7728563551622, 29.735313882697106], [106.77249702904855, 29.735313882697106], [106.77249702904855, 29.73513421964028], [106.77231736599174, 29.73513421964028], [106.77231736599174, 29.734415567412984], [106.77213770293491, 29.734415567412984], [106.77213770293491, 29.73423590435616], [106.77195803987809, 29.73423590435616], [106.77195803987809, 29.73405624129934], [106.77177837682126, 29.73405624129934], [106.77177837682126, 29.733337589072043], [106.77159871376443, 29.733337589072043], [106.77159871376443, 29.733157926015217], [106.7714190507076, 29.733157926015217], [106.7714190507076, 29.732978262958394], [106.7712393876508, 29.732978262958394], [106.7712393876508, 29.73243927378792], [106.7735750073895, 29.73243927378792], [106.7735750073895, 29.7322596107311], [106.77447332267361, 29.7322596107311], [106.77447332267361, 29.733337589072043], [106.7742936596168, 29.733337589072043], [106.7742936596168, 29.733517252128866], [106.77447332267361, 29.733517252128866], [106.77447332267361, 29.73369691518569], [106.77483264878727, 29.73369691518569], [106.77483264878727, 29.733517252128866], [106.77519197490092, 29.733517252128866], [106.77519197490092, 29.73369691518569], [106.77573096407139, 29.73369691518569], [106.77573096407139, 29.733517252128866], [106.77591062712821, 29.733517252128866], [106.77591062712821, 29.733157926015217], [106.77573096407139, 29.733157926015217], [106.77573096407139, 29.73243927378792], [106.77555130101456, 29.73243927378792], [106.77555130101456, 29.732079947674276], [106.77573096407139, 29.732079947674276], [106.77573096407139, 29.73190028461745], [106.77644961629868, 29.73190028461745], [106.77644961629868, 29.731720621560626], [106.7766292793555, 29.731720621560626], [106.7766292793555, 29.731540958503803], [106.77716826852598, 29.731540958503803], [106.77716826852598, 29.731720621560626], [106.7773479315828, 29.731720621560626], [106.7773479315828, 29.732618936844744], [106.77752759463962, 29.732618936844744], [106.77752759463962, 29.732978262958394], [106.77770725769645, 29.732978262958394], [106.77770725769645, 29.733157926015217], [106.7780665838101, 29.733157926015217], [106.7780665838101, 29.732978262958394], [106.77842590992374, 29.732978262958394], [106.77842590992374, 29.73279859990157], [106.77860557298057, 29.73279859990157], [106.77860557298057, 29.732618936844744], [106.77896489909422, 29.732618936844744], [106.77896489909422, 29.73243927378792], [106.77932422520786, 29.73243927378792], [106.77932422520786, 29.7322596107311], [106.77950388826468, 29.7322596107311], [106.77950388826468, 29.73190028461745], [106.77914456215105, 29.73190028461745], [106.77914456215105, 29.731720621560626], [106.77950388826468, 29.731720621560626], [106.77950388826468, 29.731181632390154], [106.77932422520786, 29.731181632390154], [106.77932422520786, 29.73100196933333], [106.77914456215105, 29.73100196933333], [106.77914456215105, 29.731181632390154], [106.77896489909422, 29.731181632390154], [106.77896489909422, 29.731720621560626], [106.77860557298057, 29.731720621560626], [106.77860557298057, 29.7322596107311], [106.77842590992374, 29.7322596107311], [106.77842590992374, 29.732618936844744], [106.7780665838101, 29.732618936844744], [106.7780665838101, 29.73100196933333], [106.77788692075328, 29.73100196933333], [106.77788692075328, 29.73046298016286], [106.77770725769645, 29.73046298016286], [106.77770725769645, 29.730283317106036], [106.77752759463962, 29.730283317106036], [106.77752759463962, 29.73046298016286], [106.77716826852598, 29.73046298016286], [106.77716826852598, 29.73064264321968], [106.7773479315828, 29.73064264321968], [106.7773479315828, 29.730822306276508], [106.77752759463962, 29.730822306276508], [106.77752759463962, 29.731181632390154], [106.7766292793555, 29.731181632390154], [106.7766292793555, 29.73136129544698], [106.77591062712821, 29.73136129544698], [106.77591062712821, 29.731540958503803], [106.77555130101456, 29.731540958503803], [106.77555130101456, 29.731720621560626], [106.77519197490092, 29.731720621560626], [106.77519197490092, 29.73190028461745], [106.7735750073895, 29.73190028461745], [106.7735750073895, 29.731540958503803], [106.77393433350315, 29.731540958503803], [106.77393433350315, 29.73100196933333], [106.77375467044632, 29.73100196933333], [106.77375467044632, 29.731181632390154], [106.77321568127586, 29.731181632390154], [106.77321568127586, 29.73100196933333], [106.77303601821903, 29.73100196933333], [106.77303601821903, 29.73064264321968], [106.7742936596168, 29.73064264321968], [106.7742936596168, 29.730822306276508], [106.77465298573044, 29.730822306276508], [106.77465298573044, 29.73064264321968], [106.77519197490092, 29.73064264321968], [106.77519197490092, 29.73046298016286], [106.77537163795773, 29.73046298016286], [106.77537163795773, 29.729923990992386], [106.77573096407139, 29.729923990992386], [106.77573096407139, 29.729744327935563], [106.77591062712821, 29.729744327935563], [106.77591062712821, 29.729923990992386], [106.77626995324187, 29.729923990992386], [106.77626995324187, 29.729744327935563], [106.77644961629868, 29.729744327935563], [106.77644961629868, 29.72956466487874], [106.77770725769645, 29.72956466487874], [106.77770725769645, 29.729385001821914], [106.7780665838101, 29.729385001821914], [106.7780665838101, 29.72920533876509], [106.77860557298057, 29.72920533876509], [106.77860557298057, 29.729025675708268], [106.77896489909422, 29.729025675708268], [106.77896489909422, 29.728846012651445], [106.77914456215105, 29.728846012651445], [106.77914456215105, 29.72866634959462], [106.7787852360374, 29.72866634959462], [106.7787852360374, 29.728846012651445], [106.77842590992374, 29.728846012651445], [106.77842590992374, 29.729025675708268], [106.77824624686693, 29.729025675708268], [106.77824624686693, 29.728307023480973], [106.77770725769645, 29.728307023480973], [106.77770725769645, 29.728486686537796], [106.77698860546916, 29.728486686537796], [106.77698860546916, 29.72866634959462], [106.77680894241233, 29.72866634959462], [106.77680894241233, 29.728846012651445], [106.77698860546916, 29.728846012651445], [106.77698860546916, 29.72920533876509], [106.7766292793555, 29.72920533876509], [106.7766292793555, 29.729025675708268], [106.77644961629868, 29.729025675708268], [106.77644961629868, 29.728307023480973], [106.77680894241233, 29.728307023480973], [106.77680894241233, 29.72812736042415], [106.77716826852598, 29.72812736042415], [106.77716826852598, 29.727947697367323], [106.77788692075328, 29.727947697367323], [106.77788692075328, 29.7277680343105], [106.7780665838101, 29.7277680343105], [106.7780665838101, 29.72740870819685], [106.77860557298057, 29.72740870819685], [106.77860557298057, 29.727588371253677], [106.77896489909422, 29.727588371253677], [106.77896489909422, 29.72740870819685], [106.77950388826468, 29.72740870819685], [106.77950388826468, 29.727229045140028], [106.77986321437834, 29.727229045140028], [106.77986321437834, 29.726510392912733], [106.78022254049199, 29.726510392912733], [106.78022254049199, 29.726690055969556], [106.7804022035488, 29.726690055969556], [106.7804022035488, 29.726869719026382], [106.78076152966246, 29.726869719026382], [106.78076152966246, 29.727049382083205], [106.78094119271928, 29.727049382083205], [106.78094119271928, 29.726690055969556], [106.78112085577611, 29.726690055969556], [106.78112085577611, 29.727049382083205], [106.78094119271928, 29.727049382083205], [106.78094119271928, 29.72740870819685], [106.78112085577611, 29.72740870819685], [106.78112085577611, 29.7277680343105], [106.78094119271928, 29.7277680343105], [106.78094119271928, 29.727947697367323], [106.78022254049199, 29.727947697367323], [106.78022254049199, 29.727588371253677], [106.77986321437834, 29.727588371253677], [106.77986321437834, 29.7277680343105], [106.77968355132151, 29.7277680343105], [106.77968355132151, 29.727947697367323], [106.77950388826468, 29.727947697367323], [106.77950388826468, 29.72812736042415], [106.77914456215105, 29.72812736042415], [106.77914456215105, 29.72866634959462], [106.78058186660563, 29.72866634959462], [106.78058186660563, 29.728486686537796], [106.78112085577611, 29.728486686537796], [106.78112085577611, 29.72866634959462], [106.78130051883292, 29.72866634959462], [106.78130051883292, 29.72920533876509], [106.78094119271928, 29.72920533876509], [106.78094119271928, 29.729385001821914], [106.78076152966246, 29.729385001821914], [106.78076152966246, 29.72956466487874], [106.78058186660563, 29.72956466487874], [106.78058186660563, 29.729744327935563], [106.78076152966246, 29.729744327935563], [106.78076152966246, 29.730103654049213], [106.78130051883292, 29.730103654049213], [106.78130051883292, 29.729385001821914], [106.78148018188975, 29.729385001821914], [106.78148018188975, 29.72956466487874], [106.78165984494657, 29.72956466487874], [106.78165984494657, 29.729744327935563], [106.78219883411705, 29.729744327935563], [106.78219883411705, 29.72956466487874], [106.78201917106023, 29.72956466487874], [106.78201917106023, 29.729385001821914], [106.7818395080034, 29.729385001821914], [106.7818395080034, 29.728846012651445], [106.78165984494657, 29.728846012651445], [106.78165984494657, 29.728486686537796], [106.78148018188975, 29.728486686537796], [106.78148018188975, 29.727947697367323], [106.78237849717387, 29.727947697367323], [106.78237849717387, 29.72812736042415], [106.78255816023069, 29.72812736042415], [106.78255816023069, 29.728486686537796], [106.78273782328752, 29.728486686537796], [106.78273782328752, 29.728846012651445], [106.78291748634435, 29.728846012651445], [106.78291748634435, 29.72920533876509], [106.78273782328752, 29.72920533876509], [106.78273782328752, 29.729385001821914], [106.78255816023069, 29.729385001821914], [106.78255816023069, 29.72956466487874], [106.78291748634435, 29.72956466487874], [106.78291748634435, 29.729385001821914], [106.78309714940117, 29.729385001821914], [106.78309714940117, 29.72956466487874], [106.78327681245798, 29.72956466487874], [106.78327681245798, 29.730103654049213], [106.78309714940117, 29.730103654049213], [106.78309714940117, 29.730283317106036], [106.78237849717387, 29.730283317106036], [106.78237849717387, 29.73064264321968], [106.78255816023069, 29.73064264321968], [106.78255816023069, 29.730822306276508], [106.78237849717387, 29.730822306276508], [106.78237849717387, 29.73100196933333], [106.78201917106023, 29.73100196933333], [106.78201917106023, 29.73064264321968], [106.78219883411705, 29.73064264321968], [106.78219883411705, 29.73046298016286], [106.78201917106023, 29.73046298016286], [106.78201917106023, 29.730283317106036], [106.78165984494657, 29.730283317106036], [106.78165984494657, 29.73046298016286], [106.78148018188975, 29.73046298016286], [106.78148018188975, 29.730283317106036], [106.78130051883292, 29.730283317106036], [106.78130051883292, 29.73046298016286], [106.78112085577611, 29.73046298016286], [106.78112085577611, 29.73064264321968], [106.78094119271928, 29.73064264321968], [106.78094119271928, 29.730822306276508], [106.78076152966246, 29.730822306276508], [106.78076152966246, 29.73100196933333], [106.78058186660563, 29.73100196933333], [106.78058186660563, 29.73136129544698], [106.78076152966246, 29.73136129544698], [106.78076152966246, 29.731720621560626], [106.78094119271928, 29.731720621560626], [106.78094119271928, 29.732079947674276], [106.78076152966246, 29.732079947674276], [106.78076152966246, 29.7322596107311], [106.78004287743516, 29.7322596107311], [106.78004287743516, 29.73243927378792], [106.77986321437834, 29.73243927378792], [106.77986321437834, 29.732618936844744], [106.7804022035488, 29.732618936844744], [106.7804022035488, 29.732978262958394], [106.78022254049199, 29.732978262958394], [106.78022254049199, 29.733517252128866], [106.7804022035488, 29.733517252128866], [106.7804022035488, 29.734415567412984], [106.78130051883292, 29.734415567412984], [106.78130051883292, 29.73405624129934], [106.78148018188975, 29.73405624129934], [106.78148018188975, 29.73369691518569], [106.78130051883292, 29.73369691518569], [106.78130051883292, 29.733517252128866], [106.78165984494657, 29.733517252128866], [106.78165984494657, 29.73279859990157], [106.78076152966246, 29.73279859990157], [106.78076152966246, 29.73243927378792], [106.78130051883292, 29.73243927378792], [106.78130051883292, 29.7322596107311], [106.78148018188975, 29.7322596107311], [106.78148018188975, 29.732079947674276], [106.78130051883292, 29.732079947674276], [106.78130051883292, 29.731720621560626], [106.78201917106023, 29.731720621560626], [106.78201917106023, 29.731540958503803], [106.78219883411705, 29.731540958503803], [106.78219883411705, 29.73136129544698], [106.78237849717387, 29.73136129544698], [106.78237849717387, 29.731181632390154], [106.78309714940117, 29.731181632390154], [106.78309714940117, 29.73100196933333], [106.78363613857164, 29.73100196933333], [106.78363613857164, 29.73190028461745], [106.78291748634435, 29.73190028461745], [106.78291748634435, 29.731720621560626], [106.78237849717387, 29.731720621560626], [106.78237849717387, 29.732079947674276], [106.78255816023069, 29.732079947674276], [106.78255816023069, 29.73243927378792], [106.78273782328752, 29.73243927378792], [106.78273782328752, 29.732618936844744], [106.78309714940117, 29.732618936844744], [106.78309714940117, 29.73243927378792], [106.78327681245798, 29.73243927378792], [106.78327681245798, 29.7322596107311], [106.78363613857164, 29.7322596107311], [106.78363613857164, 29.732079947674276], [106.78399546468529, 29.732079947674276], [106.78399546468529, 29.7322596107311], [106.78417512774212, 29.7322596107311], [106.78417512774212, 29.73243927378792], [106.78435479079893, 29.73243927378792], [106.78435479079893, 29.733157926015217], [106.78453445385576, 29.733157926015217], [106.78453445385576, 29.73369691518569], [106.78471411691258, 29.73369691518569], [106.78471411691258, 29.73405624129934], [106.78489377996941, 29.73405624129934], [106.78489377996941, 29.734415567412984], [106.78507344302623, 29.734415567412984], [106.78507344302623, 29.734774893526634], [106.78525310608305, 29.734774893526634], [106.78525310608305, 29.73513421964028], [106.78543276913987, 29.73513421964028], [106.78543276913987, 29.735313882697106], [106.78525310608305, 29.735313882697106], [106.78525310608305, 29.73549354575393], [106.78471411691258, 29.73549354575393], [106.78471411691258, 29.735313882697106], [106.78489377996941, 29.735313882697106], [106.78489377996941, 29.734954556583457], [106.78471411691258, 29.734954556583457], [106.78471411691258, 29.734774893526634], [106.78435479079893, 29.734774893526634], [106.78435479079893, 29.734595230469807], [106.78417512774212, 29.734595230469807], [106.78417512774212, 29.73423590435616], [106.78399546468529, 29.73423590435616], [106.78399546468529, 29.733876578242512], [106.78381580162846, 29.733876578242512], [106.78381580162846, 29.733517252128866], [106.78363613857164, 29.733517252128866], [106.78363613857164, 29.733337589072043], [106.78345647551481, 29.733337589072043], [106.78345647551481, 29.733157926015217], [106.78327681245798, 29.733157926015217], [106.78327681245798, 29.733337589072043], [106.78309714940117, 29.733337589072043], [106.78309714940117, 29.73405624129934], [106.78291748634435, 29.73405624129934], [106.78291748634435, 29.734415567412984], [106.78309714940117, 29.734415567412984], [106.78309714940117, 29.734595230469807], [106.78327681245798, 29.734595230469807], [106.78327681245798, 29.735313882697106], [106.78345647551481, 29.735313882697106], [106.78345647551481, 29.73513421964028], [106.78363613857164, 29.73513421964028], [106.78363613857164, 29.734954556583457], [106.78381580162846, 29.734954556583457], [106.78381580162846, 29.73513421964028], [106.78399546468529, 29.73513421964028], [106.78399546468529, 29.73549354575393], [106.78417512774212, 29.73549354575393], [106.78417512774212, 29.735852871867575], [106.78435479079893, 29.735852871867575], [106.78435479079893, 29.7360325349244], [106.78489377996941, 29.7360325349244], [106.78489377996941, 29.736391861038047], [106.78381580162846, 29.736391861038047], [106.78381580162846, 29.73657152409487], [106.78345647551481, 29.73657152409487], [106.78345647551481, 29.736391861038047], [106.78327681245798, 29.736391861038047], [106.78327681245798, 29.736212197981224], [106.78309714940117, 29.736212197981224], [106.78309714940117, 29.735673208810752], [106.78327681245798, 29.735673208810752], [106.78327681245798, 29.735313882697106], [106.78309714940117, 29.735313882697106], [106.78309714940117, 29.73549354575393], [106.78291748634435, 29.73549354575393], [106.78291748634435, 29.735673208810752], [106.78255816023069, 29.735673208810752], [106.78255816023069, 29.735852871867575], [106.78219883411705, 29.735852871867575], [106.78219883411705, 29.7360325349244], [106.78201917106023, 29.7360325349244], [106.78201917106023, 29.736212197981224], [106.78165984494657, 29.736212197981224], [106.78165984494657, 29.736391861038047], [106.78130051883292, 29.736391861038047], [106.78130051883292, 29.736212197981224], [106.78112085577611, 29.736212197981224], [106.78112085577611, 29.7360325349244], [106.78076152966246, 29.7360325349244], [106.78076152966246, 29.736212197981224], [106.78058186660563, 29.736212197981224], [106.78058186660563, 29.736391861038047], [106.7804022035488, 29.736391861038047], [106.7804022035488, 29.73657152409487], [106.78004287743516, 29.73657152409487], [106.78004287743516, 29.736751187151697], [106.77986321437834, 29.736751187151697], [106.77986321437834, 29.73693085020852], [106.78022254049199, 29.73693085020852], [106.78022254049199, 29.737110513265343], [106.78058186660563, 29.737110513265343], [106.78058186660563, 29.73729017632217], [106.7804022035488, 29.73729017632217], [106.7804022035488, 29.737469839378992], [106.78022254049199, 29.737469839378992], [106.78022254049199, 29.737649502435815], [106.77986321437834, 29.737649502435815], [106.77986321437834, 29.737829165492638], [106.78004287743516, 29.737829165492638], [106.78004287743516, 29.738008828549464], [106.7804022035488, 29.738008828549464], [106.7804022035488, 29.738188491606287], [106.78004287743516, 29.738188491606287], [106.78004287743516, 29.73836815466311], [106.77968355132151, 29.73836815466311], [106.77968355132151, 29.738547817719933], [106.77932422520786, 29.738547817719933], [106.77932422520786, 29.738907143833583], [106.77914456215105, 29.738907143833583], [106.77914456215105, 29.739086806890406], [106.77860557298057, 29.739086806890406]], [[106.77321568127586, 29.732978262958394], [106.77303601821903, 29.732978262958394], [106.77303601821903, 29.73279859990157], [106.77321568127586, 29.73279859990157], [106.77321568127586, 29.732978262958394]], [[106.78022254049199, 29.727049382083205], [106.78004287743516, 29.727049382083205], [106.78004287743516, 29.726869719026382], [106.78022254049199, 29.726869719026382], [106.78022254049199, 29.727049382083205]], [[106.78076152966246, 29.727588371253677], [106.78058186660563, 29.727588371253677], [106.78058186660563, 29.72740870819685], [106.78076152966246, 29.72740870819685], [106.78076152966246, 29.727588371253677]], [[106.77896489909422, 29.72812736042415], [106.7787852360374, 29.72812736042415], [106.7787852360374, 29.727947697367323], [106.77896489909422, 29.727947697367323], [106.77896489909422, 29.72812736042415]], [[106.78219883411705, 29.72866634959462], [106.78201917106023, 29.72866634959462], [106.78201917106023, 29.728486686537796], [106.78219883411705, 29.728486686537796], [106.78219883411705, 29.72866634959462]], [[106.78255816023069, 29.729744327935563], [106.78237849717387, 29.729744327935563], [106.78237849717387, 29.72956466487874], [106.78255816023069, 29.72956466487874], [106.78255816023069, 29.729744327935563]], [[106.77626995324187, 29.730283317106036], [106.77591062712821, 29.730283317106036], [106.77591062712821, 29.730103654049213], [106.77626995324187, 29.730103654049213], [106.77626995324187, 29.730283317106036]], [[106.77788692075328, 29.730283317106036], [106.77770725769645, 29.730283317106036], [106.77770725769645, 29.729923990992386], [106.77788692075328, 29.729923990992386], [106.77788692075328, 29.730283317106036]], [[106.78022254049199, 29.730283317106036], [106.78004287743516, 29.730283317106036], [106.78004287743516, 29.730103654049213], [106.78022254049199, 29.730103654049213], [106.78022254049199, 29.730283317106036]], [[106.77932422520786, 29.73046298016286], [106.77914456215105, 29.73046298016286], [106.77914456215105, 29.730283317106036], [106.77932422520786, 29.730283317106036], [106.77932422520786, 29.73046298016286]], [[106.7766292793555, 29.730822306276508], [106.77609029018504, 29.730822306276508], [106.77609029018504, 29.73046298016286], [106.77644961629868, 29.73046298016286], [106.77644961629868, 29.73064264321968], [106.7766292793555, 29.73064264321968], [106.7766292793555, 29.730822306276508]], [[106.7787852360374, 29.730822306276508], [106.77860557298057, 29.730822306276508], [106.77860557298057, 29.73064264321968], [106.7787852360374, 29.73064264321968], [106.7787852360374, 29.730822306276508]], [[106.77842590992374, 29.73100196933333], [106.77824624686693, 29.73100196933333], [106.77824624686693, 29.730822306276508], [106.77842590992374, 29.730822306276508], [106.77842590992374, 29.73100196933333]], [[106.78022254049199, 29.73136129544698], [106.77986321437834, 29.73136129544698], [106.77986321437834, 29.73100196933333], [106.78022254049199, 29.73100196933333], [106.78022254049199, 29.73136129544698]], [[106.78022254049199, 29.732079947674276], [106.77968355132151, 29.732079947674276], [106.77968355132151, 29.73190028461745], [106.77986321437834, 29.73190028461745], [106.77986321437834, 29.731720621560626], [106.78022254049199, 29.731720621560626], [106.78022254049199, 29.732079947674276]], [[106.77986321437834, 29.73279859990157], [106.77968355132151, 29.73279859990157], [106.77968355132151, 29.732618936844744], [106.77986321437834, 29.732618936844744], [106.77986321437834, 29.73279859990157]], [[106.77896489909422, 29.73405624129934], [106.7787852360374, 29.73405624129934], [106.7787852360374, 29.733876578242512], [106.77860557298057, 29.733876578242512], [106.77860557298057, 29.733517252128866], [106.7787852360374, 29.733517252128866], [106.7787852360374, 29.73369691518569], [106.77896489909422, 29.73369691518569], [106.77896489909422, 29.73405624129934]], [[106.77483264878727, 29.73423590435616], [106.77465298573044, 29.73423590435616], [106.77465298573044, 29.73405624129934], [106.77483264878727, 29.73405624129934], [106.77483264878727, 29.73423590435616]], [[106.77914456215105, 29.73423590435616], [106.77896489909422, 29.73423590435616], [106.77896489909422, 29.73405624129934], [106.77914456215105, 29.73405624129934], [106.77914456215105, 29.73423590435616]], [[106.77986321437834, 29.73423590435616], [106.77968355132151, 29.73423590435616], [106.77968355132151, 29.733876578242512], [106.77950388826468, 29.733876578242512], [106.77950388826468, 29.733517252128866], [106.77932422520786, 29.733517252128866], [106.77932422520786, 29.733337589072043], [106.77950388826468, 29.733337589072043], [106.77950388826468, 29.733157926015217], [106.77968355132151, 29.733157926015217], [106.77968355132151, 29.733337589072043], [106.77986321437834, 29.733337589072043], [106.77986321437834, 29.73423590435616]], [[106.78237849717387, 29.732978262958394], [106.78219883411705, 29.732978262958394], [106.78219883411705, 29.73279859990157], [106.78201917106023, 29.73279859990157], [106.78201917106023, 29.73243927378792], [106.78237849717387, 29.73243927378792], [106.78237849717387, 29.732978262958394]], [[106.78399546468529, 29.733157926015217], [106.78381580162846, 29.733157926015217], [106.78381580162846, 29.732978262958394], [106.78399546468529, 29.732978262958394], [106.78399546468529, 29.733157926015217]], [[106.77465298573044, 29.734415567412984], [106.77447332267361, 29.734415567412984], [106.77447332267361, 29.73423590435616], [106.77465298573044, 29.73423590435616], [106.77465298573044, 29.734415567412984]], [[106.77932422520786, 29.734595230469807], [106.77914456215105, 29.734595230469807], [106.77914456215105, 29.73423590435616], [106.77932422520786, 29.73423590435616], [106.77932422520786, 29.734595230469807]], [[106.77788692075328, 29.734774893526634], [106.77770725769645, 29.734774893526634], [106.77770725769645, 29.734415567412984], [106.77788692075328, 29.734415567412984], [106.77788692075328, 29.734774893526634]], [[106.7818395080034, 29.734774893526634], [106.78148018188975, 29.734774893526634], [106.78148018188975, 29.734415567412984], [106.7818395080034, 29.734415567412984], [106.7818395080034, 29.734774893526634]], [[106.78273782328752, 29.734954556583457], [106.78237849717387, 29.734954556583457], [106.78237849717387, 29.73405624129934], [106.78201917106023, 29.73405624129934], [106.78201917106023, 29.733876578242512], [106.7818395080034, 29.733876578242512], [106.7818395080034, 29.73369691518569], [106.78201917106023, 29.73369691518569], [106.78201917106023, 29.733517252128866], [106.78237849717387, 29.733517252128866], [106.78237849717387, 29.733337589072043], [106.78255816023069, 29.733337589072043], [106.78255816023069, 29.73423590435616], [106.78273782328752, 29.73423590435616], [106.78273782328752, 29.734415567412984], [106.78291748634435, 29.734415567412984], [106.78291748634435, 29.734774893526634], [106.78273782328752, 29.734774893526634], [106.78273782328752, 29.734954556583457]], [[106.77537163795773, 29.735313882697106], [106.77465298573044, 29.735313882697106], [106.77465298573044, 29.734774893526634], [106.77483264878727, 29.734774893526634], [106.77483264878727, 29.73423590435616], [106.7750123118441, 29.73423590435616], [106.7750123118441, 29.73405624129934], [106.77537163795773, 29.73405624129934], [106.77537163795773, 29.73423590435616], [106.77519197490092, 29.73423590435616], [106.77519197490092, 29.734774893526634], [106.77537163795773, 29.734774893526634], [106.77537163795773, 29.735313882697106]], [[106.78058186660563, 29.735313882697106], [106.7804022035488, 29.735313882697106], [106.7804022035488, 29.73513421964028], [106.78022254049199, 29.73513421964028], [106.78022254049199, 29.734954556583457], [106.78058186660563, 29.734954556583457], [106.78058186660563, 29.735313882697106]], [[106.77555130101456, 29.73549354575393], [106.77537163795773, 29.73549354575393], [106.77537163795773, 29.735313882697106], [106.77555130101456, 29.735313882697106], [106.77555130101456, 29.73549354575393]], [[106.78130051883292, 29.73549354575393], [106.78112085577611, 29.73549354575393], [106.78112085577611, 29.735313882697106], [106.78130051883292, 29.735313882697106], [106.78130051883292, 29.73549354575393]], [[106.78058186660563, 29.735673208810752], [106.7804022035488, 29.735673208810752], [106.7804022035488, 29.73549354575393], [106.78058186660563, 29.73549354575393], [106.78058186660563, 29.735673208810752]], [[106.77591062712821, 29.736751187151697], [106.77573096407139, 29.736751187151697], [106.77573096407139, 29.73657152409487], [106.77555130101456, 29.73657152409487], [106.77555130101456, 29.736751187151697], [106.77537163795773, 29.736751187151697], [106.77537163795773, 29.736391861038047], [106.77519197490092, 29.736391861038047], [106.77519197490092, 29.736212197981224], [106.77555130101456, 29.736212197981224], [106.77555130101456, 29.735852871867575], [106.77573096407139, 29.735852871867575], [106.77573096407139, 29.736391861038047], [106.77591062712821, 29.736391861038047], [106.77591062712821, 29.736751187151697]], [[106.77860557298057, 29.73693085020852], [106.77842590992374, 29.73693085020852], [106.77842590992374, 29.736751187151697], [106.77824624686693, 29.736751187151697], [106.77824624686693, 29.735852871867575], [106.7780665838101, 29.735852871867575], [106.7780665838101, 29.73549354575393], [106.77824624686693, 29.73549354575393], [106.77824624686693, 29.735313882697106], [106.77842590992374, 29.735313882697106], [106.77842590992374, 29.73513421964028], [106.77860557298057, 29.73513421964028], [106.77860557298057, 29.734774893526634], [106.77842590992374, 29.734774893526634], [106.77842590992374, 29.734415567412984], [106.77824624686693, 29.734415567412984], [106.77824624686693, 29.73423590435616], [106.7780665838101, 29.73423590435616], [106.7780665838101, 29.73405624129934], [106.77788692075328, 29.73405624129934], [106.77788692075328, 29.73369691518569], [106.77824624686693, 29.73369691518569], [106.77824624686693, 29.733876578242512], [106.77842590992374, 29.733876578242512], [106.77842590992374, 29.73405624129934], [106.77860557298057, 29.73405624129934], [106.77860557298057, 29.734415567412984], [106.7787852360374, 29.734415567412984], [106.7787852360374, 29.734774893526634], [106.77896489909422, 29.734774893526634], [106.77896489909422, 29.73549354575393], [106.7787852360374, 29.73549354575393], [106.7787852360374, 29.7360325349244], [106.77860557298057, 29.7360325349244], [106.77860557298057, 29.73693085020852]], [[106.77986321437834, 29.737110513265343], [106.77950388826468, 29.737110513265343], [106.77950388826468, 29.736751187151697], [106.77968355132151, 29.736751187151697], [106.77968355132151, 29.73693085020852], [106.77986321437834, 29.73693085020852], [106.77986321437834, 29.737110513265343]], [[106.77752759463962, 29.73729017632217], [106.7773479315828, 29.73729017632217], [106.7773479315828, 29.737110513265343], [106.77752759463962, 29.737110513265343], [106.77752759463962, 29.73729017632217]], [[106.77716826852598, 29.737469839378992], [106.77680894241233, 29.737469839378992], [106.77680894241233, 29.736751187151697], [106.77698860546916, 29.736751187151697], [106.77698860546916, 29.73729017632217], [106.77716826852598, 29.73729017632217], [106.77716826852598, 29.737469839378992]], [[106.77788692075328, 29.737469839378992], [106.77752759463962, 29.737469839378992], [106.77752759463962, 29.73729017632217], [106.77770725769645, 29.73729017632217], [106.77770725769645, 29.737110513265343], [106.77752759463962, 29.737110513265343], [106.77752759463962, 29.736751187151697], [106.77716826852598, 29.736751187151697], [106.77716826852598, 29.73657152409487], [106.77698860546916, 29.73657152409487], [106.77698860546916, 29.736391861038047], [106.77680894241233, 29.736391861038047], [106.77680894241233, 29.736212197981224], [106.77644961629868, 29.736212197981224], [106.77644961629868, 29.7360325349244], [106.77609029018504, 29.7360325349244], [106.77609029018504, 29.735852871867575], [106.77626995324187, 29.735852871867575], [106.77626995324187, 29.73549354575393], [106.77644961629868, 29.73549354575393], [106.77644961629868, 29.735313882697106], [106.77626995324187, 29.735313882697106], [106.77626995324187, 29.73513421964028], [106.77609029018504, 29.73513421964028], [106.77609029018504, 29.734774893526634], [106.77591062712821, 29.734774893526634], [106.77591062712821, 29.734415567412984], [106.77609029018504, 29.734415567412984], [106.77609029018504, 29.73405624129934], [106.77626995324187, 29.73405624129934], [106.77626995324187, 29.733876578242512], [106.77644961629868, 29.733876578242512], [106.77644961629868, 29.73369691518569], [106.7766292793555, 29.73369691518569], [106.7766292793555, 29.733517252128866], [106.77644961629868, 29.733517252128866], [106.77644961629868, 29.732618936844744], [106.77626995324187, 29.732618936844744], [106.77626995324187, 29.732079947674276], [106.77644961629868, 29.732079947674276], [106.77644961629868, 29.73190028461745], [106.77680894241233, 29.73190028461745], [106.77680894241233, 29.732079947674276], [106.77698860546916, 29.732079947674276], [106.77698860546916, 29.73243927378792], [106.77680894241233, 29.73243927378792], [106.77680894241233, 29.732618936844744], [106.77698860546916, 29.732618936844744], [106.77698860546916, 29.73279859990157], [106.77716826852598, 29.73279859990157], [106.77716826852598, 29.733337589072043], [106.7773479315828, 29.733337589072043], [106.7773479315828, 29.73369691518569], [106.77752759463962, 29.73369691518569], [106.77752759463962, 29.73423590435616], [106.7773479315828, 29.73423590435616], [106.7773479315828, 29.734774893526634], [106.77752759463962, 29.734774893526634], [106.77752759463962, 29.73513421964028], [106.77770725769645, 29.73513421964028], [106.77770725769645, 29.735673208810752], [106.77752759463962, 29.735673208810752], [106.77752759463962, 29.736212197981224], [106.7773479315828, 29.736212197981224], [106.7773479315828, 29.73657152409487], [106.77770725769645, 29.73657152409487], [106.77770725769645, 29.73693085020852], [106.77788692075328, 29.73693085020852], [106.77788692075328, 29.737110513265343], [106.7780665838101, 29.737110513265343], [106.7780665838101, 29.73729017632217], [106.77788692075328, 29.73729017632217], [106.77788692075328, 29.737469839378992]], [[106.7780665838101, 29.737649502435815], [106.77788692075328, 29.737649502435815], [106.77788692075328, 29.737469839378992], [106.7780665838101, 29.737469839378992], [106.7780665838101, 29.737649502435815]]]}, "properties": {"name": "cand01", "ptype": "hall", "confidence": "low", "rank": 1, "area_ha": 84.6, "rise_db": 8.2, "digitised_from": "Sentinel-1 VV rise 2022->2026, orbit 157"}}, {"type": "Feature", "geometry": {"geodesic": false, "type": "Polygon", "coordinates": [[[106.7931582805833, 29.733876578242512], [106.7931582805833, 29.73369691518569], [106.79279895446966, 29.73369691518569], [106.79279895446966, 29.733517252128866], [106.79208030224237, 29.733517252128866], [106.79208030224237, 29.73369691518569], [106.79172097612872, 29.73369691518569], [106.79172097612872, 29.733517252128866], [106.79154131307189, 29.733517252128866], [106.79154131307189, 29.733157926015217], [106.79136165001506, 29.733157926015217], [106.79136165001506, 29.732978262958394], [106.79118198695824, 29.732978262958394], [106.79118198695824, 29.733337589072043], [106.79064299778777, 29.733337589072043], [106.79064299778777, 29.732978262958394], [106.79100232390142, 29.732978262958394], [106.79100232390142, 29.73279859990157], [106.79118198695824, 29.73279859990157], [106.79118198695824, 29.7322596107311], [106.79100232390142, 29.7322596107311], [106.79100232390142, 29.73190028461745], [106.79118198695824, 29.73190028461745], [106.79118198695824, 29.731720621560626], [106.79172097612872, 29.731720621560626], [106.79172097612872, 29.731540958503803], [106.79243962835601, 29.731540958503803], [106.79243962835601, 29.73136129544698], [106.79297861752649, 29.73136129544698], [106.79297861752649, 29.731181632390154], [106.79333794364013, 29.731181632390154], [106.79333794364013, 29.73136129544698], [106.79369726975378, 29.73136129544698], [106.79369726975378, 29.73100196933333], [106.7931582805833, 29.73100196933333], [106.7931582805833, 29.730822306276508], [106.79297861752649, 29.730822306276508], [106.79297861752649, 29.73046298016286], [106.79225996529918, 29.73046298016286], [106.79225996529918, 29.73064264321968], [106.79190063918554, 29.73064264321968], [106.79190063918554, 29.730283317106036], [106.79225996529918, 29.730283317106036], [106.79225996529918, 29.730103654049213], [106.79243962835601, 29.730103654049213], [106.79243962835601, 29.729744327935563], [106.79225996529918, 29.729744327935563], [106.79225996529918, 29.72956466487874], [106.79172097612872, 29.72956466487874], [106.79172097612872, 29.729744327935563], [106.79154131307189, 29.729744327935563], [106.79154131307189, 29.72956466487874], [106.79118198695824, 29.72956466487874], [106.79118198695824, 29.730283317106036], [106.79136165001506, 29.730283317106036], [106.79136165001506, 29.73100196933333], [106.79154131307189, 29.73100196933333], [106.79154131307189, 29.73136129544698], [106.79136165001506, 29.73136129544698], [106.79136165001506, 29.731181632390154], [106.79118198695824, 29.731181632390154], [106.79118198695824, 29.73100196933333], [106.79100232390142, 29.73100196933333], [106.79100232390142, 29.730822306276508], [106.79064299778777, 29.730822306276508], [106.79064299778777, 29.73064264321968], [106.79028367167412, 29.73064264321968], [106.79028367167412, 29.729744327935563], [106.79046333473094, 29.729744327935563], [106.79046333473094, 29.72956466487874], [106.79064299778777, 29.72956466487874], [106.79064299778777, 29.72920533876509], [106.79028367167412, 29.72920533876509], [106.79028367167412, 29.729025675708268], [106.7901040086173, 29.729025675708268], [106.7901040086173, 29.72866634959462], [106.78992434556048, 29.72866634959462], [106.78992434556048, 29.729744327935563], [106.78974468250365, 29.729744327935563], [106.78974468250365, 29.729923990992386], [106.78956501944683, 29.729923990992386], [106.78956501944683, 29.730283317106036], [106.78974468250365, 29.730283317106036], [106.78974468250365, 29.73100196933333], [106.79028367167412, 29.73100196933333], [106.79028367167412, 29.731181632390154], [106.79046333473094, 29.731181632390154], [106.79046333473094, 29.731720621560626], [106.79028367167412, 29.731720621560626], [106.79028367167412, 29.73190028461745], [106.7901040086173, 29.73190028461745], [106.7901040086173, 29.732079947674276], [106.78974468250365, 29.732079947674276], [106.78974468250365, 29.73190028461745], [106.78956501944683, 29.73190028461745], [106.78956501944683, 29.731181632390154], [106.78938535639, 29.731181632390154], [106.78938535639, 29.73100196933333], [106.78920569333317, 29.73100196933333], [106.78920569333317, 29.731181632390154], [106.78884636721953, 29.731181632390154], [106.78884636721953, 29.73100196933333], [106.78812771499224, 29.73100196933333], [106.78812771499224, 29.730822306276508], [106.78794805193542, 29.730822306276508], [106.78794805193542, 29.73064264321968], [106.78776838887859, 29.73064264321968], [106.78776838887859, 29.730283317106036], [106.78740906276494, 29.730283317106036], [106.78740906276494, 29.730103654049213], [106.78687007359447, 29.730103654049213], [106.78687007359447, 29.729923990992386], [106.78669041053764, 29.729923990992386], [106.78669041053764, 29.72956466487874], [106.7870497366513, 29.72956466487874], [106.7870497366513, 29.729025675708268], [106.78633108442399, 29.729025675708268], [106.78633108442399, 29.728846012651445], [106.7856124321967, 29.728846012651445], [106.7856124321967, 29.72920533876509], [106.78579209525353, 29.72920533876509], [106.78579209525353, 29.729923990992386], [106.7856124321967, 29.729923990992386], [106.7856124321967, 29.730103654049213], [106.78525310608305, 29.730103654049213], [106.78525310608305, 29.729923990992386], [106.78507344302623, 29.729923990992386], [106.78507344302623, 29.729744327935563], [106.78471411691258, 29.729744327935563], [106.78471411691258, 29.72956466487874], [106.78435479079893, 29.72956466487874], [106.78435479079893, 29.729025675708268], [106.78417512774212, 29.729025675708268], [106.78417512774212, 29.728846012651445], [106.78399546468529, 29.728846012651445], [106.78399546468529, 29.728307023480973], [106.78435479079893, 29.728307023480973], [106.78435479079893, 29.728846012651445], [106.78453445385576, 29.728846012651445], [106.78453445385576, 29.729025675708268], [106.78471411691258, 29.729025675708268], [106.78471411691258, 29.728846012651445], [106.78507344302623, 29.728846012651445], [106.78507344302623, 29.728486686537796], [106.78489377996941, 29.728486686537796], [106.78489377996941, 29.728307023480973], [106.78471411691258, 29.728307023480973], [106.78471411691258, 29.726869719026382], [106.78489377996941, 29.726869719026382], [106.78489377996941, 29.726510392912733], [106.78471411691258, 29.726510392912733], [106.78471411691258, 29.72597140374226], [106.78489377996941, 29.72597140374226], [106.78489377996941, 29.725791740685438], [106.78597175831035, 29.725791740685438], [106.78597175831035, 29.725612077628615], [106.78633108442399, 29.725612077628615], [106.78633108442399, 29.725791740685438], [106.78651074748082, 29.725791740685438], [106.78651074748082, 29.72597140374226], [106.78669041053764, 29.72597140374226], [106.78669041053764, 29.726151066799087], [106.78776838887859, 29.726151066799087], [106.78776838887859, 29.72633072985591], [106.78812771499224, 29.72633072985591], [106.78812771499224, 29.726151066799087], [106.79028367167412, 29.726151066799087], [106.79028367167412, 29.726510392912733], [106.7901040086173, 29.726510392912733], [106.7901040086173, 29.72740870819685], [106.79028367167412, 29.72740870819685], [106.79028367167412, 29.727588371253677], [106.79118198695824, 29.727588371253677], [106.79118198695824, 29.7277680343105], [106.79136165001506, 29.7277680343105], [106.79136165001506, 29.727947697367323], [106.79154131307189, 29.727947697367323], [106.79154131307189, 29.729025675708268], [106.79225996529918, 29.729025675708268], [106.79225996529918, 29.72920533876509], [106.79261929141283, 29.72920533876509], [106.79261929141283, 29.729025675708268], [106.79279895446966, 29.729025675708268], [106.79279895446966, 29.728846012651445], [106.79297861752649, 29.728846012651445], [106.79297861752649, 29.72866634959462], [106.7931582805833, 29.72866634959462], [106.7931582805833, 29.728846012651445], [106.79333794364013, 29.728846012651445], [106.79333794364013, 29.729385001821914], [106.79351760669695, 29.729385001821914], [106.79351760669695, 29.72956466487874], [106.79405659586743, 29.72956466487874], [106.79405659586743, 29.729744327935563], [106.79423625892424, 29.729744327935563], [106.79423625892424, 29.730103654049213], [106.79405659586743, 29.730103654049213], [106.79405659586743, 29.73046298016286], [106.7938769328106, 29.73046298016286], [106.7938769328106, 29.730822306276508], [106.79405659586743, 29.730822306276508], [106.79405659586743, 29.73100196933333], [106.79513457420836, 29.73100196933333], [106.79513457420836, 29.73136129544698], [106.79495491115155, 29.73136129544698], [106.79495491115155, 29.731720621560626], [106.79513457420836, 29.731720621560626], [106.79513457420836, 29.73190028461745], [106.7960328894925, 29.73190028461745], [106.7960328894925, 29.7322596107311], [106.79585322643567, 29.7322596107311], [106.79585322643567, 29.73243927378792], [106.79531423726519, 29.73243927378792], [106.79531423726519, 29.732978262958394], [106.79549390032201, 29.732978262958394], [106.79549390032201, 29.733157926015217], [106.79531423726519, 29.733157926015217], [106.79531423726519, 29.733337589072043], [106.79513457420836, 29.733337589072043], [106.79513457420836, 29.733517252128866], [106.7945955850379, 29.733517252128866], [106.7945955850379, 29.733337589072043], [106.79441592198107, 29.733337589072043], [106.79441592198107, 29.733157926015217], [106.79423625892424, 29.733157926015217], [106.79423625892424, 29.732978262958394], [106.7938769328106, 29.732978262958394], [106.7938769328106, 29.733157926015217], [106.79405659586743, 29.733157926015217], [106.79405659586743, 29.73369691518569], [106.7938769328106, 29.73369691518569], [106.7938769328106, 29.733876578242512], [106.7931582805833, 29.733876578242512]], [[106.78633108442399, 29.7277680343105], [106.78597175831035, 29.7277680343105], [106.78597175831035, 29.72740870819685], [106.78633108442399, 29.72740870819685], [106.78633108442399, 29.7277680343105]], [[106.79100232390142, 29.728486686537796], [106.7908226608446, 29.728486686537796], [106.7908226608446, 29.728307023480973], [106.79100232390142, 29.728307023480973], [106.79100232390142, 29.728486686537796]], [[106.79136165001506, 29.729385001821914], [106.7908226608446, 29.729385001821914], [106.7908226608446, 29.72920533876509], [106.79064299778777, 29.72920533876509], [106.79064299778777, 29.72866634959462], [106.79100232390142, 29.72866634959462], [106.79100232390142, 29.728846012651445], [106.79118198695824, 29.728846012651445], [106.79118198695824, 29.72920533876509], [106.79136165001506, 29.72920533876509], [106.79136165001506, 29.729385001821914]], [[106.78920569333317, 29.729744327935563], [106.78812771499224, 29.729744327935563], [106.78812771499224, 29.72956466487874], [106.78758872582176, 29.72956466487874], [106.78758872582176, 29.729385001821914], [106.78794805193542, 29.729385001821914], [106.78794805193542, 29.728307023480973], [106.78812771499224, 29.728307023480973], [106.78812771499224, 29.72812736042415], [106.78830737804905, 29.72812736042415], [106.78830737804905, 29.728307023480973], [106.78866670416271, 29.728307023480973], [106.78866670416271, 29.728486686537796], [106.78848704110588, 29.728486686537796], [106.78848704110588, 29.72866634959462], [106.78866670416271, 29.72866634959462], [106.78866670416271, 29.729385001821914], [106.78920569333317, 29.729385001821914], [106.78920569333317, 29.729744327935563]], [[106.79279895446966, 29.7322596107311], [106.79225996529918, 29.7322596107311], [106.79225996529918, 29.732079947674276], [106.79243962835601, 29.732079947674276], [106.79243962835601, 29.73190028461745], [106.79279895446966, 29.73190028461745], [106.79279895446966, 29.7322596107311]]]}, "properties": {"name": "cand02", "ptype": "hall", "confidence": "low", "rank": 2, "area_ha": 46.9, "rise_db": 8.4, "digitised_from": "Sentinel-1 VV rise 2022->2026, orbit 157"}}, {"type": "Feature", "geometry": {"geodesic": false, "type": "Polygon", "coordinates": [[[106.80411772704956, 29.765497276243522], [106.80411772704956, 29.765137950129873], [106.80393806399275, 29.765137950129873], [106.80393806399275, 29.76495828707305], [106.80357873787909, 29.76495828707305], [106.80357873787909, 29.765137950129873], [106.80339907482227, 29.765137950129873], [106.80339907482227, 29.765317613186696], [106.80196177036768, 29.765317613186696], [106.80196177036768, 29.765497276243522], [106.80106345508355, 29.765497276243522], [106.80106345508355, 29.765317613186696], [106.80124311814038, 29.765317613186696], [106.80124311814038, 29.765137950129873], [106.80160244425403, 29.765137950129873], [106.80160244425403, 29.76495828707305], [106.80178210731086, 29.76495828707305], [106.80178210731086, 29.764778624016223], [106.80196177036768, 29.764778624016223], [106.80196177036768, 29.7645989609594], [106.8021414334245, 29.7645989609594], [106.8021414334245, 29.764419297902577], [106.80232109648132, 29.764419297902577], [106.80232109648132, 29.763880308732105], [106.80250075953815, 29.763880308732105], [106.80250075953815, 29.76352098261846], [106.80232109648132, 29.76352098261846], [106.80232109648132, 29.76316165650481], [106.80250075953815, 29.76316165650481], [106.80250075953815, 29.762981993447987], [106.80303974870861, 29.762981993447987], [106.80303974870861, 29.76316165650481], [106.80321941176544, 29.76316165650481], [106.80321941176544, 29.763341319561633], [106.80303974870861, 29.763341319561633], [106.80303974870861, 29.76352098261846], [106.80268042259497, 29.76352098261846], [106.80268042259497, 29.763880308732105], [106.80321941176544, 29.763880308732105], [106.80321941176544, 29.764059971788928], [106.80357873787909, 29.764059971788928], [106.80357873787909, 29.764419297902577], [106.80393806399275, 29.764419297902577], [106.80393806399275, 29.764239634845755], [106.80411772704956, 29.764239634845755], [106.80411772704956, 29.764059971788928], [106.80501604233368, 29.764059971788928], [106.80501604233368, 29.763880308732105], [106.8051957053905, 29.763880308732105], [106.8051957053905, 29.764059971788928], [106.80555503150416, 29.764059971788928], [106.80555503150416, 29.763880308732105], [106.80573469456098, 29.763880308732105], [106.80573469456098, 29.763700645675282], [106.80609402067462, 29.763700645675282], [106.80609402067462, 29.763880308732105], [106.80717199901557, 29.763880308732105], [106.80717199901557, 29.763700645675282], [106.80824997735651, 29.763700645675282], [106.80824997735651, 29.76352098261846], [106.80860930347016, 29.76352098261846], [106.80860930347016, 29.763341319561633], [106.8089686295838, 29.763341319561633], [106.8089686295838, 29.76316165650481], [106.80950761875428, 29.76316165650481], [106.80950761875428, 29.76280233039116], [106.80986694486793, 29.76280233039116], [106.80986694486793, 29.762981993447987], [106.81004660792475, 29.762981993447987], [106.81004660792475, 29.763341319561633], [106.8104059340384, 29.763341319561633], [106.8104059340384, 29.76316165650481], [106.81076526015205, 29.76316165650481], [106.81076526015205, 29.762981993447987], [106.81094492320887, 29.762981993447987], [106.81094492320887, 29.762622667334337], [106.81058559709523, 29.762622667334337], [106.81058559709523, 29.762443004277515], [106.81112458626569, 29.762443004277515], [106.81112458626569, 29.762083678163865], [106.81148391237934, 29.762083678163865], [106.81148391237934, 29.761904015107042], [106.81202290154981, 29.761904015107042], [106.81202290154981, 29.76172435205022], [106.81256189072029, 29.76172435205022], [106.81256189072029, 29.761904015107042], [106.81238222766346, 29.761904015107042], [106.81238222766346, 29.762622667334337], [106.81256189072029, 29.762622667334337], [106.81256189072029, 29.76280233039116], [106.81346020600441, 29.76280233039116], [106.81346020600441, 29.76316165650481], [106.81328054294758, 29.76316165650481], [106.81328054294758, 29.763341319561633], [106.81292121683393, 29.763341319561633], [106.81292121683393, 29.76352098261846], [106.811843238493, 29.76352098261846], [106.811843238493, 29.763341319561633], [106.81148391237934, 29.763341319561633], [106.81148391237934, 29.76352098261846], [106.81058559709523, 29.76352098261846], [106.81058559709523, 29.763700645675282], [106.8104059340384, 29.763700645675282], [106.8104059340384, 29.763880308732105], [106.81022627098157, 29.763880308732105], [106.81022627098157, 29.764059971788928], [106.80968728181111, 29.764059971788928], [106.80968728181111, 29.763880308732105], [106.80914829264063, 29.763880308732105], [106.80914829264063, 29.764059971788928], [106.8089686295838, 29.764059971788928], [106.8089686295838, 29.763880308732105], [106.80842964041334, 29.763880308732105], [106.80842964041334, 29.764059971788928], [106.80824997735651, 29.764059971788928], [106.80824997735651, 29.764239634845755], [106.80807031429968, 29.764239634845755], [106.80807031429968, 29.764059971788928], [106.80789065124287, 29.764059971788928], [106.80789065124287, 29.764239634845755], [106.80771098818605, 29.764239634845755], [106.80771098818605, 29.764419297902577], [106.80753132512922, 29.764419297902577], [106.80753132512922, 29.7645989609594], [106.80735166207239, 29.7645989609594], [106.80735166207239, 29.764778624016223], [106.8066330098451, 29.764778624016223], [106.8066330098451, 29.76495828707305], [106.80537536844733, 29.76495828707305], [106.80537536844733, 29.764778624016223], [106.80501604233368, 29.764778624016223], [106.80501604233368, 29.76495828707305], [106.80483637927686, 29.76495828707305], [106.80483637927686, 29.765137950129873], [106.80465671622004, 29.765137950129873], [106.80465671622004, 29.765317613186696], [106.80447705316321, 29.765317613186696], [106.80447705316321, 29.765497276243522], [106.80411772704956, 29.765497276243522]], [[106.80986694486793, 29.763700645675282], [106.80968728181111, 29.763700645675282], [106.80968728181111, 29.76352098261846], [106.80986694486793, 29.76352098261846], [106.80986694486793, 29.763700645675282]], [[106.8028600856518, 29.764419297902577], [106.80250075953815, 29.764419297902577], [106.80250075953815, 29.763880308732105], [106.80268042259497, 29.763880308732105], [106.80268042259497, 29.764239634845755], [106.8028600856518, 29.764239634845755], [106.8028600856518, 29.764419297902577]], [[106.80232109648132, 29.764778624016223], [106.8021414334245, 29.764778624016223], [106.8021414334245, 29.7645989609594], [106.80232109648132, 29.7645989609594], [106.80232109648132, 29.764778624016223]]]}, "properties": {"name": "cand03", "ptype": "hall", "confidence": "low", "rank": 3, "area_ha": 14.6, "rise_db": 6.9, "digitised_from": "Sentinel-1 VV rise 2022->2026, orbit 157"}}, {"type": "Feature", "geometry": {"geodesic": false, "type": "Polygon", "coordinates": [[[106.79531423726519, 29.713754315878237], [106.79531423726519, 29.71357465282141], [106.79513457420836, 29.71357465282141], [106.79513457420836, 29.713394989764588], [106.79495491115155, 29.713394989764588], [106.79495491115155, 29.713215326707765], [106.79477524809472, 29.713215326707765], [106.79477524809472, 29.712856000594115], [106.79495491115155, 29.712856000594115], [106.79495491115155, 29.712676337537292], [106.79585322643567, 29.712676337537292], [106.79585322643567, 29.712317011423643], [106.7960328894925, 29.712317011423643], [106.7960328894925, 29.71213734836682], [106.79585322643567, 29.71213734836682], [106.79585322643567, 29.711957685309997], [106.79531423726519, 29.711957685309997], [106.79531423726519, 29.711418696139525], [106.79513457420836, 29.711418696139525], [106.79513457420836, 29.711239033082702], [106.79495491115155, 29.711239033082702], [106.79495491115155, 29.71105937002588], [106.79477524809472, 29.71105937002588], [106.79477524809472, 29.710879706969052], [106.79495491115155, 29.710879706969052], [106.79495491115155, 29.71070004391223], [106.79585322643567, 29.71070004391223], [106.79585322643567, 29.710879706969052], [106.7960328894925, 29.710879706969052], [106.7960328894925, 29.71105937002588], [106.79585322643567, 29.71105937002588], [106.79585322643567, 29.711239033082702], [106.79549390032201, 29.711239033082702], [106.79549390032201, 29.711598359196348], [106.7960328894925, 29.711598359196348], [106.7960328894925, 29.711778022253174], [106.7962125525493, 29.711778022253174], [106.7962125525493, 29.711957685309997], [106.79639221560613, 29.711957685309997], [106.79639221560613, 29.71213734836682], [106.79657187866296, 29.71213734836682], [106.79657187866296, 29.712317011423643], [106.79675154171979, 29.712317011423643], [106.79675154171979, 29.71249667448047], [106.79693120477661, 29.71249667448047], [106.79693120477661, 29.712676337537292], [106.79729053089025, 29.712676337537292], [106.79729053089025, 29.71213734836682], [106.79693120477661, 29.71213734836682], [106.79693120477661, 29.711957685309997], [106.79675154171979, 29.711957685309997], [106.79675154171979, 29.711778022253174], [106.79657187866296, 29.711778022253174], [106.79657187866296, 29.711598359196348], [106.79639221560613, 29.711598359196348], [106.79639221560613, 29.711239033082702], [106.79657187866296, 29.711239033082702], [106.79657187866296, 29.71105937002588], [106.79675154171979, 29.71105937002588], [106.79675154171979, 29.710879706969052], [106.79657187866296, 29.710879706969052], [106.79657187866296, 29.71070004391223], [106.79639221560613, 29.71070004391223], [106.79639221560613, 29.710520380855407], [106.7962125525493, 29.710520380855407], [106.7962125525493, 29.71034071779858], [106.7960328894925, 29.71034071779858], [106.7960328894925, 29.710161054741757], [106.7962125525493, 29.710161054741757], [106.7962125525493, 29.709981391684934], [106.79639221560613, 29.709981391684934], [106.79639221560613, 29.709442402514462], [106.7962125525493, 29.709442402514462], [106.7962125525493, 29.70926273945764], [106.79639221560613, 29.70926273945764], [106.79639221560613, 29.709083076400816], [106.79693120477661, 29.709083076400816], [106.79693120477661, 29.70926273945764], [106.79711086783342, 29.70926273945764], [106.79711086783342, 29.709442402514462], [106.79729053089025, 29.709442402514462], [106.79729053089025, 29.709622065571285], [106.79747019394708, 29.709622065571285], [106.79747019394708, 29.70980172862811], [106.79800918311756, 29.70980172862811], [106.79800918311756, 29.710520380855407], [106.79782952006073, 29.710520380855407], [106.79782952006073, 29.71105937002588], [106.79747019394708, 29.71105937002588], [106.79747019394708, 29.711239033082702], [106.7976498570039, 29.711239033082702], [106.7976498570039, 29.711778022253174], [106.79782952006073, 29.711778022253174], [106.79782952006073, 29.711957685309997], [106.79800918311756, 29.711957685309997], [106.79800918311756, 29.71213734836682], [106.7983685092312, 29.71213734836682], [106.7983685092312, 29.712317011423643], [106.79854817228802, 29.712317011423643], [106.79854817228802, 29.71249667448047], [106.7983685092312, 29.71249667448047], [106.7983685092312, 29.712676337537292], [106.79800918311756, 29.712676337537292], [106.79800918311756, 29.712856000594115], [106.79782952006073, 29.712856000594115], [106.79782952006073, 29.713035663650942], [106.79747019394708, 29.713035663650942], [106.79747019394708, 29.713215326707765], [106.79729053089025, 29.713215326707765], [106.79729053089025, 29.713035663650942], [106.79711086783342, 29.713035663650942], [106.79711086783342, 29.713215326707765], [106.79639221560613, 29.713215326707765], [106.79639221560613, 29.713394989764588], [106.7960328894925, 29.713394989764588], [106.7960328894925, 29.71357465282141], [106.79585322643567, 29.71357465282141], [106.79585322643567, 29.713754315878237], [106.79531423726519, 29.713754315878237]]]}, "properties": {"name": "cand04", "ptype": "hall", "confidence": "low", "rank": 4, "area_ha": 9.8, "rise_db": 7.3, "digitised_from": "Sentinel-1 VV rise 2022->2026, orbit 157"}}, {"type": "Feature", "geometry": {"geodesic": false, "type": "Polygon", "coordinates": [[[106.7735750073895, 29.72363578400355], [106.7735750073895, 29.72309679483308], [106.77375467044632, 29.72309679483308], [106.77375467044632, 29.722557805662607], [106.7735750073895, 29.722557805662607], [106.7735750073895, 29.72183915343531], [106.77339534433267, 29.72183915343531], [106.77339534433267, 29.72165949037849], [106.77321568127586, 29.72165949037849], [106.77321568127586, 29.72130016426484], [106.77303601821903, 29.72130016426484], [106.77303601821903, 29.72040184898072], [106.7728563551622, 29.72040184898072], [106.7728563551622, 29.71986285981025], [106.77267669210538, 29.71986285981025], [106.77267669210538, 29.719683196753426], [106.77249702904855, 29.719683196753426], [106.77249702904855, 29.71896454452613], [106.77267669210538, 29.71896454452613], [106.77267669210538, 29.718784881469304], [106.77393433350315, 29.718784881469304], [106.77393433350315, 29.71860521841248], [106.77447332267361, 29.71860521841248], [106.77447332267361, 29.71896454452613], [106.7742936596168, 29.71896454452613], [106.7742936596168, 29.71986285981025], [106.77447332267361, 29.71986285981025], [106.77447332267361, 29.720222185923898], [106.77465298573044, 29.720222185923898], [106.77465298573044, 29.72040184898072], [106.77483264878727, 29.72040184898072], [106.77483264878727, 29.720581512037544], [106.7750123118441, 29.720581512037544], [106.7750123118441, 29.721120501208016], [106.77519197490092, 29.721120501208016], [106.77519197490092, 29.72183915343531], [106.7750123118441, 29.72183915343531], [106.7750123118441, 29.722018816492135], [106.77519197490092, 29.722018816492135], [106.77519197490092, 29.722557805662607], [106.77483264878727, 29.722557805662607], [106.77483264878727, 29.72273746871943], [106.7742936596168, 29.72273746871943], [106.7742936596168, 29.722917131776256], [106.77411399655998, 29.722917131776256], [106.77411399655998, 29.72309679483308], [106.77393433350315, 29.72309679483308], [106.77393433350315, 29.723456120946725], [106.77411399655998, 29.723456120946725], [106.77411399655998, 29.72363578400355], [106.7735750073895, 29.72363578400355]], [[106.77375467044632, 29.71986285981025], [106.7735750073895, 29.71986285981025], [106.7735750073895, 29.719683196753426], [106.77339534433267, 29.719683196753426], [106.77339534433267, 29.7195035336966], [106.7735750073895, 29.7195035336966], [106.7735750073895, 29.719323870639776], [106.77393433350315, 29.719323870639776], [106.77393433350315, 29.719683196753426], [106.77375467044632, 29.719683196753426], [106.77375467044632, 29.71986285981025]], [[106.77411399655998, 29.72130016426484], [106.77393433350315, 29.72130016426484], [106.77393433350315, 29.721120501208016], [106.77375467044632, 29.721120501208016], [106.77375467044632, 29.720940838151193], [106.77393433350315, 29.720940838151193], [106.77393433350315, 29.720761175094367], [106.7742936596168, 29.720761175094367], [106.7742936596168, 29.721120501208016], [106.77411399655998, 29.721120501208016], [106.77411399655998, 29.72130016426484]]]}, "properties": {"name": "cand05", "ptype": "hall", "confidence": "low", "rank": 5, "area_ha": 8.7, "rise_db": 6.6, "digitised_from": "Sentinel-1 VV rise 2022->2026, orbit 157"}}, {"type": "Feature", "geometry": {"geodesic": false, "type": "Polygon", "coordinates": [[[106.78543276913987, 29.750944568640783], [106.78543276913987, 29.75076490558396], [106.78453445385576, 29.75076490558396], [106.78453445385576, 29.750585242527137], [106.78435479079893, 29.750585242527137], [106.78435479079893, 29.749866590299842], [106.78453445385576, 29.749866590299842], [106.78453445385576, 29.749686927243015], [106.78525310608305, 29.749686927243015], [106.78525310608305, 29.749147938072547], [106.78471411691258, 29.749147938072547], [106.78471411691258, 29.74896827501572], [106.78453445385576, 29.74896827501572], [106.78453445385576, 29.74842928584525], [106.78489377996941, 29.74842928584525], [106.78489377996941, 29.748249622788425], [106.78507344302623, 29.748249622788425], [106.78507344302623, 29.748069959731602], [106.78525310608305, 29.748069959731602], [106.78525310608305, 29.74789029667478], [106.78579209525353, 29.74789029667478], [106.78579209525353, 29.748249622788425], [106.78597175831035, 29.748249622788425], [106.78597175831035, 29.748608948902074], [106.78633108442399, 29.748608948902074], [106.78633108442399, 29.74842928584525], [106.78651074748082, 29.74842928584525], [106.78651074748082, 29.748249622788425], [106.78633108442399, 29.748249622788425], [106.78633108442399, 29.748069959731602], [106.78615142136718, 29.748069959731602], [106.78615142136718, 29.74789029667478], [106.78597175831035, 29.74789029667478], [106.78597175831035, 29.747351307504307], [106.78633108442399, 29.747351307504307], [106.78633108442399, 29.747171644447484], [106.78669041053764, 29.747171644447484], [106.78669041053764, 29.74753097056113], [106.78687007359447, 29.74753097056113], [106.78687007359447, 29.747710633617952], [106.7870497366513, 29.747710633617952], [106.7870497366513, 29.74789029667478], [106.78722939970811, 29.74789029667478], [106.78722939970811, 29.748069959731602], [106.78740906276494, 29.748069959731602], [106.78740906276494, 29.74842928584525], [106.78722939970811, 29.74842928584525], [106.78722939970811, 29.748608948902074], [106.78776838887859, 29.748608948902074], [106.78776838887859, 29.748069959731602], [106.78812771499224, 29.748069959731602], [106.78812771499224, 29.74789029667478], [106.78848704110588, 29.74789029667478], [106.78848704110588, 29.748069959731602], [106.78866670416271, 29.748069959731602], [106.78866670416271, 29.748249622788425], [106.78884636721953, 29.748249622788425], [106.78884636721953, 29.74842928584525], [106.78902603027636, 29.74842928584525], [106.78902603027636, 29.748608948902074], [106.78920569333317, 29.748608948902074], [106.78920569333317, 29.748788611958897], [106.78902603027636, 29.748788611958897], [106.78902603027636, 29.74896827501572], [106.78884636721953, 29.74896827501572], [106.78884636721953, 29.749147938072547], [106.78848704110588, 29.749147938072547], [106.78848704110588, 29.74932760112937], [106.78740906276494, 29.74932760112937], [106.78740906276494, 29.749147938072547], [106.78687007359447, 29.749147938072547], [106.78687007359447, 29.74896827501572], [106.78651074748082, 29.74896827501572], [106.78651074748082, 29.748788611958897], [106.78615142136718, 29.748788611958897], [106.78615142136718, 29.749866590299842], [106.78543276913987, 29.749866590299842], [106.78543276913987, 29.750225916413488], [106.7856124321967, 29.750225916413488], [106.7856124321967, 29.750405579470314], [106.78579209525353, 29.750405579470314], [106.78579209525353, 29.750944568640783], [106.78543276913987, 29.750944568640783]]]}, "properties": {"name": "cand06", "ptype": "hall", "confidence": "low", "rank": 6, "area_ha": 8.6, "rise_db": 6.8, "digitised_from": "Sentinel-1 VV rise 2022->2026, orbit 157"}}, {"type": "Feature", "geometry": {"geodesic": false, "type": "Polygon", "coordinates": [[[106.79567356337884, 29.739446133004055], [106.79567356337884, 29.739086806890406], [106.79513457420836, 29.739086806890406], [106.79513457420836, 29.73872748077676], [106.79477524809472, 29.73872748077676], [106.79477524809472, 29.738547817719933], [106.7945955850379, 29.738547817719933], [106.7945955850379, 29.738188491606287], [106.79441592198107, 29.738188491606287], [106.79441592198107, 29.738008828549464], [106.79423625892424, 29.738008828549464], [106.79423625892424, 29.737649502435815], [106.79405659586743, 29.737649502435815], [106.79405659586743, 29.737469839378992], [106.7938769328106, 29.737469839378992], [106.7938769328106, 29.73729017632217], [106.79333794364013, 29.73729017632217], [106.79333794364013, 29.736751187151697], [106.79351760669695, 29.736751187151697], [106.79351760669695, 29.73657152409487], [106.7938769328106, 29.73657152409487], [106.7938769328106, 29.736751187151697], [106.79423625892424, 29.736751187151697], [106.79423625892424, 29.73657152409487], [106.79495491115155, 29.73657152409487], [106.79495491115155, 29.736391861038047], [106.79513457420836, 29.736391861038047], [106.79513457420836, 29.736212197981224], [106.79549390032201, 29.736212197981224], [106.79549390032201, 29.736391861038047], [106.79567356337884, 29.736391861038047], [106.79567356337884, 29.73657152409487], [106.7960328894925, 29.73657152409487], [106.7960328894925, 29.736751187151697], [106.79639221560613, 29.736751187151697], [106.79639221560613, 29.73693085020852], [106.79657187866296, 29.73693085020852], [106.79657187866296, 29.737469839378992], [106.79639221560613, 29.737469839378992], [106.79639221560613, 29.737649502435815], [106.7962125525493, 29.737649502435815], [106.7962125525493, 29.738008828549464], [106.7960328894925, 29.738008828549464], [106.7960328894925, 29.738188491606287], [106.79585322643567, 29.738188491606287], [106.79585322643567, 29.73836815466311], [106.7962125525493, 29.73836815466311], [106.7962125525493, 29.738188491606287], [106.79639221560613, 29.738188491606287], [106.79639221560613, 29.738547817719933], [106.79657187866296, 29.738547817719933], [106.79657187866296, 29.73872748077676], [106.79675154171979, 29.73872748077676], [106.79675154171979, 29.738907143833583], [106.79693120477661, 29.738907143833583], [106.79693120477661, 29.739086806890406], [106.79675154171979, 29.739086806890406], [106.79675154171979, 29.739266469947232], [106.79657187866296, 29.739266469947232], [106.79657187866296, 29.739446133004055], [106.79567356337884, 29.739446133004055]], [[106.79567356337884, 29.738547817719933], [106.79549390032201, 29.738547817719933], [106.79549390032201, 29.73836815466311], [106.79567356337884, 29.73836815466311], [106.79567356337884, 29.738547817719933]]]}, "properties": {"name": "cand07", "ptype": "hall", "confidence": "low", "rank": 7, "area_ha": 7.5, "rise_db": 11.1, "digitised_from": "Sentinel-1 VV rise 2022->2026, orbit 157"}}, {"type": "Feature", "geometry": {"geodesic": false, "type": "Polygon", "coordinates": [[[106.79208030224237, 29.728846012651445], [106.79208030224237, 29.72812736042415], [106.79190063918554, 29.72812736042415], [106.79190063918554, 29.727229045140028], [106.79136165001506, 29.727229045140028], [106.79136165001506, 29.72740870819685], [106.79118198695824, 29.72740870819685], [106.79118198695824, 29.727229045140028], [106.79100232390142, 29.727229045140028], [106.79100232390142, 29.727049382083205], [106.7908226608446, 29.727049382083205], [106.7908226608446, 29.726690055969556], [106.79064299778777, 29.726690055969556], [106.79064299778777, 29.726151066799087], [106.79279895446966, 29.726151066799087], [106.79279895446966, 29.72633072985591], [106.79297861752649, 29.72633072985591], [106.79297861752649, 29.726510392912733], [106.79333794364013, 29.726510392912733], [106.79333794364013, 29.72633072985591], [106.79369726975378, 29.72633072985591], [106.79369726975378, 29.726510392912733], [106.7938769328106, 29.726510392912733], [106.7938769328106, 29.726869719026382], [106.79405659586743, 29.726869719026382], [106.79405659586743, 29.72740870819685], [106.7938769328106, 29.72740870819685], [106.7938769328106, 29.727588371253677], [106.79369726975378, 29.727588371253677], [106.79369726975378, 29.7277680343105], [106.79351760669695, 29.7277680343105], [106.79351760669695, 29.727947697367323], [106.79333794364013, 29.727947697367323], [106.79333794364013, 29.72812736042415], [106.7931582805833, 29.72812736042415], [106.7931582805833, 29.728307023480973], [106.79297861752649, 29.728307023480973], [106.79297861752649, 29.72812736042415], [106.79279895446966, 29.72812736042415], [106.79279895446966, 29.727588371253677], [106.79261929141283, 29.727588371253677], [106.79261929141283, 29.72740870819685], [106.79243962835601, 29.72740870819685], [106.79243962835601, 29.72866634959462], [106.79225996529918, 29.72866634959462], [106.79225996529918, 29.728846012651445], [106.79208030224237, 29.728846012651445]], [[106.79333794364013, 29.727229045140028], [106.79297861752649, 29.727229045140028], [106.79297861752649, 29.726869719026382], [106.79333794364013, 29.726869719026382], [106.79333794364013, 29.727229045140028]]]}, "properties": {"name": "cand08", "ptype": "hall", "confidence": "low", "rank": 8, "area_ha": 5.8, "rise_db": 7.0, "digitised_from": "Sentinel-1 VV rise 2022->2026, orbit 157"}}, {"type": "Feature", "geometry": {"geodesic": false, "type": "Polygon", "coordinates": [[[106.79477524809472, 29.760107384538802], [106.79477524809472, 29.75992772148198], [106.79495491115155, 29.75992772148198], [106.79495491115155, 29.759748058425156], [106.79513457420836, 29.759748058425156], [106.79513457420836, 29.75956839536833], [106.79531423726519, 29.75956839536833], [106.79531423726519, 29.759209069254684], [106.79495491115155, 29.759209069254684], [106.79495491115155, 29.759388732311507], [106.79441592198107, 29.759388732311507], [106.79441592198107, 29.759209069254684], [106.79423625892424, 29.759209069254684], [106.79423625892424, 29.75902940619786], [106.79369726975378, 29.75902940619786], [106.79369726975378, 29.75867008008421], [106.79423625892424, 29.75867008008421], [106.79423625892424, 29.75849041702739], [106.79441592198107, 29.75849041702739], [106.79441592198107, 29.758310753970566], [106.79477524809472, 29.758310753970566], [106.79477524809472, 29.75813109091374], [106.79567356337884, 29.75813109091374], [106.79567356337884, 29.757771764800093], [106.79585322643567, 29.757771764800093], [106.79585322643567, 29.757592101743267], [106.7962125525493, 29.757592101743267], [106.7962125525493, 29.757771764800093], [106.79639221560613, 29.757771764800093], [106.79639221560613, 29.757951427856916], [106.79657187866296, 29.757951427856916], [106.79657187866296, 29.75813109091374], [106.79675154171979, 29.75813109091374], [106.79675154171979, 29.757951427856916], [106.79693120477661, 29.757951427856916], [106.79693120477661, 29.757771764800093], [106.79675154171979, 29.757771764800093], [106.79675154171979, 29.757053112572798], [106.79711086783342, 29.757053112572798], [106.79711086783342, 29.757592101743267], [106.79729053089025, 29.757592101743267], [106.79729053089025, 29.75813109091374], [106.79711086783342, 29.75813109091374], [106.79711086783342, 29.75849041702739], [106.79693120477661, 29.75849041702739], [106.79693120477661, 29.75867008008421], [106.79747019394708, 29.75867008008421], [106.79747019394708, 29.759209069254684], [106.79729053089025, 29.759209069254684], [106.79729053089025, 29.759388732311507], [106.79657187866296, 29.759388732311507], [106.79657187866296, 29.759209069254684], [106.79675154171979, 29.759209069254684], [106.79675154171979, 29.75902940619786], [106.79693120477661, 29.75902940619786], [106.79693120477661, 29.758849743141035], [106.79639221560613, 29.758849743141035], [106.79639221560613, 29.75902940619786], [106.7962125525493, 29.75902940619786], [106.7962125525493, 29.759209069254684], [106.79567356337884, 29.759209069254684], [106.79567356337884, 29.759388732311507], [106.79549390032201, 29.759388732311507], [106.79549390032201, 29.759748058425156], [106.79531423726519, 29.759748058425156], [106.79531423726519, 29.75992772148198], [106.79513457420836, 29.75992772148198], [106.79513457420836, 29.760107384538802], [106.79477524809472, 29.760107384538802]]]}, "properties": {"name": "cand09", "ptype": "hall", "confidence": "low", "rank": 9, "area_ha": 5.5, "rise_db": 6.7, "digitised_from": "Sentinel-1 VV rise 2022->2026, orbit 157"}}, {"type": "Feature", "geometry": {"geodesic": false, "type": "Polygon", "coordinates": [[[106.78237849717387, 29.7442970355383], [106.78237849717387, 29.744117372481476], [106.78201917106023, 29.744117372481476], [106.78201917106023, 29.743758046367827], [106.7818395080034, 29.743758046367827], [106.7818395080034, 29.743578383311004], [106.78165984494657, 29.743578383311004], [106.78165984494657, 29.742680068026885], [106.78094119271928, 29.742680068026885], [106.78094119271928, 29.74285973108371], [106.78076152966246, 29.74285973108371], [106.78076152966246, 29.74303939414053], [106.78058186660563, 29.74303939414053], [106.78058186660563, 29.743219057197358], [106.78022254049199, 29.743219057197358], [106.78022254049199, 29.742680068026885], [106.7804022035488, 29.742680068026885], [106.7804022035488, 29.74250040497006], [106.78076152966246, 29.74250040497006], [106.78076152966246, 29.742320741913236], [106.78148018188975, 29.742320741913236], [106.78148018188975, 29.74250040497006], [106.78165984494657, 29.74250040497006], [106.78165984494657, 29.742680068026885], [106.78219883411705, 29.742680068026885], [106.78219883411705, 29.742320741913236], [106.78201917106023, 29.742320741913236], [106.78201917106023, 29.74196141579959], [106.78219883411705, 29.74196141579959], [106.78219883411705, 29.741781752742764], [106.78255816023069, 29.741781752742764], [106.78255816023069, 29.741422426629118], [106.78237849717387, 29.741422426629118], [106.78237849717387, 29.74106310051547], [106.78273782328752, 29.74106310051547], [106.78273782328752, 29.741242763572295], [106.78291748634435, 29.741242763572295], [106.78291748634435, 29.741422426629118], [106.78345647551481, 29.741422426629118], [106.78345647551481, 29.741242763572295], [106.78363613857164, 29.741242763572295], [106.78363613857164, 29.74106310051547], [106.78381580162846, 29.74106310051547], [106.78381580162846, 29.740883437458645], [106.78453445385576, 29.740883437458645], [106.78453445385576, 29.741242763572295], [106.78435479079893, 29.741242763572295], [106.78435479079893, 29.741422426629118], [106.78381580162846, 29.741422426629118], [106.78381580162846, 29.74160208968594], [106.78399546468529, 29.74160208968594], [106.78399546468529, 29.74196141579959], [106.78417512774212, 29.74196141579959], [106.78417512774212, 29.742141078856413], [106.78471411691258, 29.742141078856413], [106.78471411691258, 29.74250040497006], [106.78435479079893, 29.74250040497006], [106.78435479079893, 29.742320741913236], [106.78417512774212, 29.742320741913236], [106.78417512774212, 29.74250040497006], [106.78399546468529, 29.74250040497006], [106.78399546468529, 29.742680068026885], [106.78381580162846, 29.742680068026885], [106.78381580162846, 29.74285973108371], [106.78363613857164, 29.74285973108371], [106.78363613857164, 29.74303939414053], [106.78273782328752, 29.74303939414053], [106.78273782328752, 29.74285973108371], [106.78309714940117, 29.74285973108371], [106.78309714940117, 29.742320741913236], [106.78327681245798, 29.742320741913236], [106.78327681245798, 29.74250040497006], [106.78363613857164, 29.74250040497006], [106.78363613857164, 29.742141078856413], [106.78381580162846, 29.742141078856413], [106.78381580162846, 29.74196141579959], [106.78363613857164, 29.74196141579959], [106.78363613857164, 29.74160208968594], [106.78327681245798, 29.74160208968594], [106.78327681245798, 29.74196141579959], [106.78309714940117, 29.74196141579959], [106.78309714940117, 29.742141078856413], [106.78255816023069, 29.742141078856413], [106.78255816023069, 29.742320741913236], [106.78237849717387, 29.742320741913236], [106.78237849717387, 29.742680068026885], [106.78255816023069, 29.742680068026885], [106.78255816023069, 29.743219057197358], [106.78237849717387, 29.743219057197358], [106.78237849717387, 29.743937709424653], [106.78255816023069, 29.743937709424653], [106.78255816023069, 29.744117372481476], [106.78273782328752, 29.744117372481476], [106.78273782328752, 29.7442970355383], [106.78237849717387, 29.7442970355383]], [[106.78219883411705, 29.743219057197358], [106.78201917106023, 29.743219057197358], [106.78201917106023, 29.74303939414053], [106.78219883411705, 29.74303939414053], [106.78219883411705, 29.743219057197358]]]}, "properties": {"name": "cand10", "ptype": "hall", "confidence": "low", "rank": 10, "area_ha": 5.2, "rise_db": 7.1, "digitised_from": "Sentinel-1 VV rise 2022->2026, orbit 157"}}, {"type": "Feature", "geometry": {"geodesic": false, "type": "Polygon", "coordinates": [[[106.79585322643567, 29.719683196753426], [106.79585322643567, 29.7195035336966], [106.79531423726519, 29.7195035336966], [106.79531423726519, 29.717886566185186], [106.79549390032201, 29.717886566185186], [106.79549390032201, 29.717706903128363], [106.79585322643567, 29.717706903128363], [106.79585322643567, 29.717527240071536], [106.7962125525493, 29.717527240071536], [106.7962125525493, 29.717347577014714], [106.79657187866296, 29.717347577014714], [106.79657187866296, 29.71716791395789], [106.79711086783342, 29.71716791395789], [106.79711086783342, 29.717347577014714], [106.79729053089025, 29.717347577014714], [106.79729053089025, 29.717886566185186], [106.79711086783342, 29.717886566185186], [106.79711086783342, 29.71806622924201], [106.79693120477661, 29.71806622924201], [106.79693120477661, 29.719683196753426], [106.79585322643567, 29.719683196753426]]]}, "properties": {"name": "cand11", "ptype": "hall", "confidence": "low", "rank": 11, "area_ha": 4.6, "rise_db": 8.5, "digitised_from": "Sentinel-1 VV rise 2022->2026, orbit 157"}}, {"type": "Feature", "geometry": {"geodesic": false, "type": "Polygon", "coordinates": [[[106.80375840093592, 29.757412438686444], [106.80375840093592, 29.75723277562962], [106.80357873787909, 29.75723277562962], [106.80357873787909, 29.75669378645915], [106.80339907482227, 29.75669378645915], [106.80339907482227, 29.756514123402326], [106.80321941176544, 29.756514123402326], [106.80321941176544, 29.756334460345503], [106.80303974870861, 29.756334460345503], [106.80303974870861, 29.75579547117503], [106.8028600856518, 29.75579547117503], [106.8028600856518, 29.755256482004558], [106.80321941176544, 29.755256482004558], [106.80321941176544, 29.75543614506138], [106.80339907482227, 29.75543614506138], [106.80339907482227, 29.755615808118204], [106.80393806399275, 29.755615808118204], [106.80393806399275, 29.75543614506138], [106.80429739010638, 29.75543614506138], [106.80429739010638, 29.755256482004558], [106.80465671622004, 29.755256482004558], [106.80465671622004, 29.755076818947735], [106.80447705316321, 29.755076818947735], [106.80447705316321, 29.754537829777263], [106.80465671622004, 29.754537829777263], [106.80465671622004, 29.75435816672044], [106.80483637927686, 29.75435816672044], [106.80483637927686, 29.754537829777263], [106.80501604233368, 29.754537829777263], [106.80501604233368, 29.754717492834086], [106.8051957053905, 29.754717492834086], [106.8051957053905, 29.755076818947735], [106.80537536844733, 29.755076818947735], [106.80537536844733, 29.75543614506138], [106.80555503150416, 29.75543614506138], [106.80555503150416, 29.755615808118204], [106.80573469456098, 29.755615808118204], [106.80573469456098, 29.756154797288676], [106.80555503150416, 29.756154797288676], [106.80555503150416, 29.756334460345503], [106.80537536844733, 29.756334460345503], [106.80537536844733, 29.75579547117503], [106.8051957053905, 29.75579547117503], [106.8051957053905, 29.755615808118204], [106.80483637927686, 29.755615808118204], [106.80483637927686, 29.755975134231853], [106.80501604233368, 29.755975134231853], [106.80501604233368, 29.75669378645915], [106.80483637927686, 29.75669378645915], [106.80483637927686, 29.756514123402326], [106.80465671622004, 29.756514123402326], [106.80465671622004, 29.756154797288676], [106.80447705316321, 29.756154797288676], [106.80447705316321, 29.75579547117503], [106.80393806399275, 29.75579547117503], [106.80393806399275, 29.755975134231853], [106.80375840093592, 29.755975134231853], [106.80375840093592, 29.756154797288676], [106.80393806399275, 29.756154797288676], [106.80393806399275, 29.756334460345503], [106.80411772704956, 29.756334460345503], [106.80411772704956, 29.756514123402326], [106.80429739010638, 29.756514123402326], [106.80429739010638, 29.75669378645915], [106.80447705316321, 29.75669378645915], [106.80447705316321, 29.75687344951597], [106.80429739010638, 29.75687344951597], [106.80429739010638, 29.75723277562962], [106.80411772704956, 29.75723277562962], [106.80411772704956, 29.757412438686444], [106.80375840093592, 29.757412438686444]]]}, "properties": {"name": "cand12", "ptype": "hall", "confidence": "low", "rank": 12, "area_ha": 4.2, "rise_db": 7.3, "digitised_from": "Sentinel-1 VV rise 2022->2026, orbit 157"}}, {"type": "Feature", "geometry": {"geodesic": false, "type": "Polygon", "coordinates": [[[106.79333794364013, 29.75813109091374], [106.79333794364013, 29.757951427856916], [106.7931582805833, 29.757951427856916], [106.7931582805833, 29.757771764800093], [106.79297861752649, 29.757771764800093], [106.79297861752649, 29.75813109091374], [106.79261929141283, 29.75813109091374], [106.79261929141283, 29.757951427856916], [106.79243962835601, 29.757951427856916], [106.79243962835601, 29.757592101743267], [106.79279895446966, 29.757592101743267], [106.79279895446966, 29.757412438686444], [106.79297861752649, 29.757412438686444], [106.79297861752649, 29.75687344951597], [106.7931582805833, 29.75687344951597], [106.7931582805833, 29.75723277562962], [106.79333794364013, 29.75723277562962], [106.79333794364013, 29.75669378645915], [106.7931582805833, 29.75669378645915], [106.7931582805833, 29.755975134231853], [106.79369726975378, 29.755975134231853], [106.79369726975378, 29.75579547117503], [106.79405659586743, 29.75579547117503], [106.79405659586743, 29.755615808118204], [106.7945955850379, 29.755615808118204], [106.7945955850379, 29.75579547117503], [106.79477524809472, 29.75579547117503], [106.79477524809472, 29.755975134231853], [106.79495491115155, 29.755975134231853], [106.79495491115155, 29.756514123402326], [106.79513457420836, 29.756514123402326], [106.79513457420836, 29.75669378645915], [106.79495491115155, 29.75669378645915], [106.79495491115155, 29.75723277562962], [106.7945955850379, 29.75723277562962], [106.7945955850379, 29.75687344951597], [106.79441592198107, 29.75687344951597], [106.79441592198107, 29.757053112572798], [106.79423625892424, 29.757053112572798], [106.79423625892424, 29.757412438686444], [106.7945955850379, 29.757412438686444], [106.7945955850379, 29.757592101743267], [106.79405659586743, 29.757592101743267], [106.79405659586743, 29.757771764800093], [106.7938769328106, 29.757771764800093], [106.7938769328106, 29.757951427856916], [106.79351760669695, 29.757951427856916], [106.79351760669695, 29.75813109091374], [106.79333794364013, 29.75813109091374]], [[106.7938769328106, 29.756154797288676], [106.79369726975378, 29.756154797288676], [106.79369726975378, 29.755975134231853], [106.7938769328106, 29.755975134231853], [106.7938769328106, 29.756154797288676]], [[106.79351760669695, 29.756334460345503], [106.79333794364013, 29.756334460345503], [106.79333794364013, 29.756154797288676], [106.79351760669695, 29.756154797288676], [106.79351760669695, 29.756334460345503]], [[106.79441592198107, 29.756334460345503], [106.79423625892424, 29.756334460345503], [106.79423625892424, 29.756154797288676], [106.79441592198107, 29.756154797288676], [106.79441592198107, 29.756334460345503]], [[106.79423625892424, 29.756514123402326], [106.79405659586743, 29.756514123402326], [106.79405659586743, 29.756334460345503], [106.79423625892424, 29.756334460345503], [106.79423625892424, 29.756514123402326]], [[106.7945955850379, 29.75669378645915], [106.79441592198107, 29.75669378645915], [106.79441592198107, 29.756334460345503], [106.79477524809472, 29.756334460345503], [106.79477524809472, 29.756514123402326], [106.7945955850379, 29.756514123402326], [106.7945955850379, 29.75669378645915]], [[106.79369726975378, 29.757592101743267], [106.79351760669695, 29.757592101743267], [106.79351760669695, 29.75723277562962], [106.7938769328106, 29.75723277562962], [106.7938769328106, 29.757412438686444], [106.79369726975378, 29.757412438686444], [106.79369726975378, 29.757592101743267]], [[106.79297861752649, 29.757771764800093], [106.79279895446966, 29.757771764800093], [106.79279895446966, 29.757592101743267], [106.79297861752649, 29.757592101743267], [106.79297861752649, 29.757771764800093]]]}, "properties": {"name": "cand13", "ptype": "hall", "confidence": "low", "rank": 13, "area_ha": 4.0, "rise_db": 5.5, "digitised_from": "Sentinel-1 VV rise 2022->2026, orbit 157"}}, {"type": "Feature", "geometry": {"geodesic": false, "type": "Polygon", "coordinates": [[[106.7870497366513, 29.733157926015217], [106.7870497366513, 29.732978262958394], [106.78687007359447, 29.732978262958394], [106.78687007359447, 29.73279859990157], [106.7870497366513, 29.73279859990157], [106.7870497366513, 29.7322596107311], [106.78687007359447, 29.7322596107311], [106.78687007359447, 29.732079947674276], [106.78669041053764, 29.732079947674276], [106.78669041053764, 29.73190028461745], [106.78651074748082, 29.73190028461745], [106.78651074748082, 29.731540958503803], [106.78633108442399, 29.731540958503803], [106.78633108442399, 29.731181632390154], [106.78615142136718, 29.731181632390154], [106.78615142136718, 29.730822306276508], [106.78651074748082, 29.730822306276508], [106.78651074748082, 29.73064264321968], [106.78687007359447, 29.73064264321968], [106.78687007359447, 29.73046298016286], [106.78722939970811, 29.73046298016286], [106.78722939970811, 29.730822306276508], [106.78740906276494, 29.730822306276508], [106.78740906276494, 29.731181632390154], [106.78758872582176, 29.731181632390154], [106.78758872582176, 29.73136129544698], [106.78776838887859, 29.73136129544698], [106.78776838887859, 29.73190028461745], [106.78794805193542, 29.73190028461745], [106.78794805193542, 29.732079947674276], [106.78830737804905, 29.732079947674276], [106.78830737804905, 29.7322596107311], [106.78812771499224, 29.7322596107311], [106.78812771499224, 29.73243927378792], [106.78830737804905, 29.73243927378792], [106.78830737804905, 29.73279859990157], [106.78812771499224, 29.73279859990157], [106.78812771499224, 29.732978262958394], [106.78722939970811, 29.732978262958394], [106.78722939970811, 29.733157926015217], [106.7870497366513, 29.733157926015217]]]}, "properties": {"name": "cand14", "ptype": "hall", "confidence": "low", "rank": 14, "area_ha": 3.7, "rise_db": 9.9, "digitised_from": "Sentinel-1 VV rise 2022->2026, orbit 157"}}, {"type": "Feature", "geometry": {"geodesic": false, "type": "Polygon", "coordinates": [[[106.80232109648132, 29.722378142605784], [106.80232109648132, 29.72219847954896], [106.80196177036768, 29.72219847954896], [106.80196177036768, 29.722018816492135], [106.80178210731086, 29.722018816492135], [106.80178210731086, 29.72183915343531], [106.80160244425403, 29.72183915343531], [106.80160244425403, 29.72165949037849], [106.80124311814038, 29.72165949037849], [106.80124311814038, 29.721479827321662], [106.80106345508355, 29.721479827321662], [106.80106345508355, 29.721120501208016], [106.80124311814038, 29.721120501208016], [106.80124311814038, 29.72040184898072], [106.8014227811972, 29.72040184898072], [106.8014227811972, 29.720222185923898], [106.80232109648132, 29.720222185923898], [106.80232109648132, 29.720940838151193], [106.80268042259497, 29.720940838151193], [106.80268042259497, 29.720581512037544], [106.80303974870861, 29.720581512037544], [106.80303974870861, 29.72130016426484], [106.8028600856518, 29.72130016426484], [106.8028600856518, 29.72165949037849], [106.80303974870861, 29.72165949037849], [106.80303974870861, 29.72219847954896], [106.8028600856518, 29.72219847954896], [106.8028600856518, 29.722378142605784], [106.80232109648132, 29.722378142605784]]]}, "properties": {"name": "cand15", "ptype": "hall", "confidence": "low", "rank": 15, "area_ha": 3.6, "rise_db": 8.3, "digitised_from": "Sentinel-1 VV rise 2022->2026, orbit 157"}}, {"type": "Feature", "geometry": {"geodesic": false, "type": "Polygon", "coordinates": [[[106.79208030224237, 29.761544688993393], [106.79208030224237, 29.76136502593657], [106.79154131307189, 29.76136502593657], [106.79154131307189, 29.761185362879747], [106.79136165001506, 29.761185362879747], [106.79136165001506, 29.760646373709275], [106.79154131307189, 29.760646373709275], [106.79154131307189, 29.76046671065245], [106.79172097612872, 29.76046671065245], [106.79172097612872, 29.759748058425156], [106.79208030224237, 29.759748058425156], [106.79208030224237, 29.75992772148198], [106.79225996529918, 29.75992772148198], [106.79225996529918, 29.760107384538802], [106.79261929141283, 29.760107384538802], [106.79261929141283, 29.76028704759563], [106.79279895446966, 29.76028704759563], [106.79279895446966, 29.760107384538802], [106.79297861752649, 29.760107384538802], [106.79297861752649, 29.75992772148198], [106.7931582805833, 29.75992772148198], [106.7931582805833, 29.759748058425156], [106.79333794364013, 29.759748058425156], [106.79333794364013, 29.75992772148198], [106.79351760669695, 29.75992772148198], [106.79351760669695, 29.760107384538802], [106.7938769328106, 29.760107384538802], [106.7938769328106, 29.76028704759563], [106.79369726975378, 29.76028704759563], [106.79369726975378, 29.760646373709275], [106.79351760669695, 29.760646373709275], [106.79351760669695, 29.760826036766098], [106.79333794364013, 29.760826036766098], [106.79333794364013, 29.761005699822924], [106.7931582805833, 29.761005699822924], [106.7931582805833, 29.761185362879747], [106.79297861752649, 29.761185362879747], [106.79297861752649, 29.76136502593657], [106.79243962835601, 29.76136502593657], [106.79243962835601, 29.761544688993393], [106.79208030224237, 29.761544688993393]]]}, "properties": {"name": "cand16", "ptype": "hall", "confidence": "low", "rank": 16, "area_ha": 3.4, "rise_db": 8.2, "digitised_from": "Sentinel-1 VV rise 2022->2026, orbit 157"}}, {"type": "Feature", "geometry": {"geodesic": false, "type": "Polygon", "coordinates": [[[106.81687380408405, 29.760646373709275], [106.81687380408405, 29.76028704759563], [106.81669414102724, 29.76028704759563], [106.81669414102724, 29.75902940619786], [106.81687380408405, 29.75902940619786], [106.81687380408405, 29.758849743141035], [106.81705346714088, 29.758849743141035], [106.81705346714088, 29.75867008008421], [106.81741279325453, 29.75867008008421], [106.81741279325453, 29.75849041702739], [106.81813144548182, 29.75849041702739], [106.81813144548182, 29.760107384538802], [106.81777211936819, 29.760107384538802], [106.81777211936819, 29.76028704759563], [106.81741279325453, 29.76028704759563], [106.81741279325453, 29.76046671065245], [106.8172331301977, 29.76046671065245], [106.8172331301977, 29.760646373709275], [106.81687380408405, 29.760646373709275]], [[106.81741279325453, 29.75992772148198], [106.8172331301977, 29.75992772148198], [106.8172331301977, 29.759748058425156], [106.81741279325453, 29.759748058425156], [106.81741279325453, 29.75992772148198]]]}, "properties": {"name": "cand17", "ptype": "hall", "confidence": "low", "rank": 17, "area_ha": 3.0, "rise_db": 6.0, "digitised_from": "Sentinel-1 VV rise 2022->2026, orbit 157"}}, {"type": "Feature", "geometry": {"geodesic": false, "type": "Polygon", "coordinates": [[[106.81274155377712, 29.74842928584525], [106.81274155377712, 29.748249622788425], [106.81256189072029, 29.748249622788425], [106.81256189072029, 29.748069959731602], [106.81202290154981, 29.748069959731602], [106.81202290154981, 29.74789029667478], [106.81166357543617, 29.74789029667478], [106.81166357543617, 29.748069959731602], [106.811843238493, 29.748069959731602], [106.811843238493, 29.74842928584525], [106.81130424932252, 29.74842928584525], [106.81130424932252, 29.748249622788425], [106.81112458626569, 29.748249622788425], [106.81112458626569, 29.748069959731602], [106.81130424932252, 29.748069959731602], [106.81130424932252, 29.74789029667478], [106.81166357543617, 29.74789029667478], [106.81166357543617, 29.747351307504307], [106.811843238493, 29.747351307504307], [106.811843238493, 29.746991981390657], [106.81202290154981, 29.746991981390657], [106.81202290154981, 29.74663265527701], [106.81220256460664, 29.74663265527701], [106.81220256460664, 29.74645299222019], [106.81256189072029, 29.74645299222019], [106.81256189072029, 29.746991981390657], [106.81238222766346, 29.746991981390657], [106.81238222766346, 29.747171644447484], [106.81274155377712, 29.747171644447484], [106.81274155377712, 29.747351307504307], [106.81328054294758, 29.747351307504307], [106.81328054294758, 29.74753097056113], [106.81346020600441, 29.74753097056113], [106.81346020600441, 29.747710633617952], [106.81363986906123, 29.747710633617952], [106.81363986906123, 29.748069959731602], [106.81346020600441, 29.748069959731602], [106.81346020600441, 29.748249622788425], [106.81328054294758, 29.748249622788425], [106.81328054294758, 29.74842928584525], [106.81274155377712, 29.74842928584525]]]}, "properties": {"name": "cand18", "ptype": "hall", "confidence": "low", "rank": 18, "area_ha": 2.9, "rise_db": 8.2, "digitised_from": "Sentinel-1 VV rise 2022->2026, orbit 157"}}, {"type": "Feature", "geometry": {"geodesic": false, "type": "Polygon", "coordinates": [[[106.80681267290193, 29.768012559039054], [106.80681267290193, 29.767653232925408], [106.80699233595874, 29.767653232925408], [106.80699233595874, 29.767473569868585], [106.80735166207239, 29.767473569868585], [106.80735166207239, 29.76729390681176], [106.80753132512922, 29.76729390681176], [106.80753132512922, 29.767114243754936], [106.80807031429968, 29.767114243754936], [106.80807031429968, 29.766934580698113], [106.80842964041334, 29.766934580698113], [106.80842964041334, 29.76639559152764], [106.80878896652699, 29.76639559152764], [106.80878896652699, 29.766575254584463], [106.80950761875428, 29.766575254584463], [106.80950761875428, 29.766934580698113], [106.80968728181111, 29.766934580698113], [106.80968728181111, 29.76729390681176], [106.80950761875428, 29.76729390681176], [106.80950761875428, 29.767473569868585], [106.8089686295838, 29.767473569868585], [106.8089686295838, 29.767653232925408], [106.80824997735651, 29.767653232925408], [106.80824997735651, 29.76783289598223], [106.80771098818605, 29.76783289598223], [106.80771098818605, 29.768012559039054], [106.80681267290193, 29.768012559039054]]]}, "properties": {"name": "cand19", "ptype": "hall", "confidence": "low", "rank": 19, "area_ha": 2.8, "rise_db": 6.2, "digitised_from": "Sentinel-1 VV rise 2022->2026, orbit 157"}}, {"type": "Feature", "geometry": {"geodesic": false, "type": "Polygon", "coordinates": [[[106.81112458626569, 29.766575254584463], [106.81112458626569, 29.766215928470817], [106.81130424932252, 29.766215928470817], [106.81130424932252, 29.765856602357168], [106.81112458626569, 29.765856602357168], [106.81112458626569, 29.76495828707305], [106.81130424932252, 29.76495828707305], [106.81130424932252, 29.764778624016223], [106.81220256460664, 29.764778624016223], [106.81220256460664, 29.76495828707305], [106.81238222766346, 29.76495828707305], [106.81238222766346, 29.765137950129873], [106.81292121683393, 29.765137950129873], [106.81292121683393, 29.765317613186696], [106.81274155377712, 29.765317613186696], [106.81274155377712, 29.765856602357168], [106.81292121683393, 29.765856602357168], [106.81292121683393, 29.76603626541399], [106.81274155377712, 29.76603626541399], [106.81274155377712, 29.766215928470817], [106.81202290154981, 29.766215928470817], [106.81202290154981, 29.76603626541399], [106.811843238493, 29.76603626541399], [106.811843238493, 29.766215928470817], [106.81166357543617, 29.766215928470817], [106.81166357543617, 29.76639559152764], [106.81148391237934, 29.76639559152764], [106.81148391237934, 29.766575254584463], [106.81112458626569, 29.766575254584463]]]}, "properties": {"name": "cand20", "ptype": "hall", "confidence": "low", "rank": 20, "area_ha": 2.8, "rise_db": 7.3, "digitised_from": "Sentinel-1 VV rise 2022->2026, orbit 157"}}, {"type": "Feature", "geometry": {"geodesic": false, "type": "Polygon", "coordinates": [[[106.80303974870861, 29.74250040497006], [106.80303974870861, 29.742320741913236], [106.80268042259497, 29.742320741913236], [106.80268042259497, 29.74250040497006], [106.80250075953815, 29.74250040497006], [106.80250075953815, 29.742141078856413], [106.80268042259497, 29.742141078856413], [106.80268042259497, 29.741422426629118], [106.8028600856518, 29.741422426629118], [106.8028600856518, 29.741242763572295], [106.80303974870861, 29.741242763572295], [106.80303974870861, 29.74106310051547], [106.80321941176544, 29.74106310051547], [106.80321941176544, 29.740883437458645], [106.80429739010638, 29.740883437458645], [106.80429739010638, 29.740703774401823], [106.80447705316321, 29.740703774401823], [106.80447705316321, 29.740524111344996], [106.80429739010638, 29.740524111344996], [106.80429739010638, 29.739985122174527], [106.80447705316321, 29.739985122174527], [106.80447705316321, 29.74016478523135], [106.80483637927686, 29.74016478523135], [106.80483637927686, 29.740883437458645], [106.80465671622004, 29.740883437458645], [106.80465671622004, 29.74160208968594], [106.80447705316321, 29.74160208968594], [106.80447705316321, 29.741781752742764], [106.80429739010638, 29.741781752742764], [106.80429739010638, 29.74160208968594], [106.80411772704956, 29.74160208968594], [106.80411772704956, 29.741242763572295], [106.80375840093592, 29.741242763572295], [106.80375840093592, 29.741422426629118], [106.80357873787909, 29.741422426629118], [106.80357873787909, 29.74160208968594], [106.80339907482227, 29.74160208968594], [106.80339907482227, 29.741781752742764], [106.80321941176544, 29.741781752742764], [106.80321941176544, 29.742141078856413], [106.80339907482227, 29.742141078856413], [106.80339907482227, 29.74250040497006], [106.80303974870861, 29.74250040497006]]]}, "properties": {"name": "cand21", "ptype": "hall", "confidence": "low", "rank": 21, "area_ha": 2.6, "rise_db": 6.9, "digitised_from": "Sentinel-1 VV rise 2022->2026, orbit 157"}}, {"type": "Feature", "geometry": {"geodesic": false, "type": "Polygon", "coordinates": [[[106.7908226608446, 29.75813109091374], [106.7908226608446, 29.757412438686444], [106.79046333473094, 29.757412438686444], [106.79046333473094, 29.75723277562962], [106.79100232390142, 29.75723277562962], [106.79100232390142, 29.75687344951597], [106.79136165001506, 29.75687344951597], [106.79136165001506, 29.756514123402326], [106.79154131307189, 29.756514123402326], [106.79154131307189, 29.756334460345503], [106.79225996529918, 29.756334460345503], [106.79225996529918, 29.756154797288676], [106.79243962835601, 29.756154797288676], [106.79243962835601, 29.756334460345503], [106.79261929141283, 29.756334460345503], [106.79261929141283, 29.756514123402326], [106.79225996529918, 29.756514123402326], [106.79225996529918, 29.75669378645915], [106.79208030224237, 29.75669378645915], [106.79208030224237, 29.75687344951597], [106.79225996529918, 29.75687344951597], [106.79225996529918, 29.757053112572798], [106.79261929141283, 29.757053112572798], [106.79261929141283, 29.75687344951597], [106.79279895446966, 29.75687344951597], [106.79279895446966, 29.75723277562962], [106.79243962835601, 29.75723277562962], [106.79243962835601, 29.757412438686444], [106.79225996529918, 29.757412438686444], [106.79225996529918, 29.75723277562962], [106.79208030224237, 29.75723277562962], [106.79208030224237, 29.757412438686444], [106.79172097612872, 29.757412438686444], [106.79172097612872, 29.757951427856916], [106.79154131307189, 29.757951427856916], [106.79154131307189, 29.757592101743267], [106.79118198695824, 29.757592101743267], [106.79118198695824, 29.757771764800093], [106.79100232390142, 29.757771764800093], [106.79100232390142, 29.757951427856916], [106.79136165001506, 29.757951427856916], [106.79136165001506, 29.75813109091374], [106.7908226608446, 29.75813109091374]], [[106.79118198695824, 29.757412438686444], [106.79100232390142, 29.757412438686444], [106.79100232390142, 29.75723277562962], [106.79118198695824, 29.75723277562962], [106.79118198695824, 29.757412438686444]]]}, "properties": {"name": "cand22", "ptype": "hall", "confidence": "low", "rank": 22, "area_ha": 2.2, "rise_db": 6.2, "digitised_from": "Sentinel-1 VV rise 2022->2026, orbit 157"}}, {"type": "Feature", "geometry": {"geodesic": false, "type": "Polygon", "coordinates": [[[106.80070412896991, 29.739086806890406], [106.80070412896991, 29.738547817719933], [106.80106345508355, 29.738547817719933], [106.80106345508355, 29.738188491606287], [106.80160244425403, 29.738188491606287], [106.80160244425403, 29.738008828549464], [106.80196177036768, 29.738008828549464], [106.80196177036768, 29.738188491606287], [106.8021414334245, 29.738188491606287], [106.8021414334245, 29.737829165492638], [106.80250075953815, 29.737829165492638], [106.80250075953815, 29.737649502435815], [106.8028600856518, 29.737649502435815], [106.8028600856518, 29.73729017632217], [106.80321941176544, 29.73729017632217], [106.80321941176544, 29.737469839378992], [106.80339907482227, 29.737469839378992], [106.80339907482227, 29.737829165492638], [106.80411772704956, 29.737829165492638], [106.80411772704956, 29.738547817719933], [106.80375840093592, 29.738547817719933], [106.80375840093592, 29.73836815466311], [106.80357873787909, 29.73836815466311], [106.80357873787909, 29.738188491606287], [106.80339907482227, 29.738188491606287], [106.80339907482227, 29.738008828549464], [106.8028600856518, 29.738008828549464], [106.8028600856518, 29.738188491606287], [106.8021414334245, 29.738188491606287], [106.8021414334245, 29.73836815466311], [106.80178210731086, 29.73836815466311], [106.80178210731086, 29.738188491606287], [106.80160244425403, 29.738188491606287], [106.80160244425403, 29.73836815466311], [106.8014227811972, 29.73836815466311], [106.8014227811972, 29.738907143833583], [106.80124311814038, 29.738907143833583], [106.80124311814038, 29.739086806890406], [106.80070412896991, 29.739086806890406]]]}, "properties": {"name": "cand23", "ptype": "hall", "confidence": "low", "rank": 23, "area_ha": 2.2, "rise_db": 6.3, "digitised_from": "Sentinel-1 VV rise 2022->2026, orbit 157"}}, {"type": "Feature", "geometry": {"geodesic": false, "type": "Polygon", "coordinates": [[[106.80573469456098, 29.745015687765594], [106.80573469456098, 29.74483602470877], [106.80555503150416, 29.74483602470877], [106.80555503150416, 29.74465636165195], [106.80537536844733, 29.74465636165195], [106.80537536844733, 29.744476698595122], [106.80555503150416, 29.744476698595122], [106.80555503150416, 29.744117372481476], [106.80627368373145, 29.744117372481476], [106.80627368373145, 29.743937709424653], [106.80717199901557, 29.743937709424653], [106.80717199901557, 29.743758046367827], [106.80699233595874, 29.743758046367827], [106.80699233595874, 29.74339872025418], [106.80717199901557, 29.74339872025418], [106.80717199901557, 29.743219057197358], [106.80753132512922, 29.743219057197358], [106.80753132512922, 29.74339872025418], [106.80771098818605, 29.74339872025418], [106.80771098818605, 29.743758046367827], [106.80753132512922, 29.743758046367827], [106.80753132512922, 29.743937709424653], [106.80717199901557, 29.743937709424653], [106.80717199901557, 29.744476698595122], [106.8066330098451, 29.744476698595122], [106.8066330098451, 29.74465636165195], [106.80645334678827, 29.74465636165195], [106.80645334678827, 29.74483602470877], [106.80627368373145, 29.74483602470877], [106.80627368373145, 29.745015687765594], [106.80573469456098, 29.745015687765594]]]}, "properties": {"name": "cand24", "ptype": "hall", "confidence": "low", "rank": 24, "area_ha": 2.0, "rise_db": 8.0, "digitised_from": "Sentinel-1 VV rise 2022->2026, orbit 157"}}, {"type": "Feature", "geometry": {"geodesic": false, "type": "Polygon", "coordinates": [[[106.80932795569746, 29.748069959731602], [106.80932795569746, 29.74789029667478], [106.80914829264063, 29.74789029667478], [106.80914829264063, 29.74753097056113], [106.80932795569746, 29.74753097056113], [106.80932795569746, 29.747351307504307], [106.80950761875428, 29.747351307504307], [106.80950761875428, 29.747171644447484], [106.80968728181111, 29.747171644447484], [106.80968728181111, 29.746991981390657], [106.80986694486793, 29.746991981390657], [106.80986694486793, 29.746812318333834], [106.81004660792475, 29.746812318333834], [106.81004660792475, 29.74663265527701], [106.81076526015205, 29.74663265527701], [106.81076526015205, 29.746812318333834], [106.81094492320887, 29.746812318333834], [106.81094492320887, 29.747710633617952], [106.81058559709523, 29.747710633617952], [106.81058559709523, 29.74753097056113], [106.81004660792475, 29.74753097056113], [106.81004660792475, 29.747710633617952], [106.80986694486793, 29.747710633617952], [106.80986694486793, 29.74789029667478], [106.80968728181111, 29.74789029667478], [106.80968728181111, 29.748069959731602], [106.80932795569746, 29.748069959731602]]]}, "properties": {"name": "cand25", "ptype": "hall", "confidence": "low", "rank": 25, "area_ha": 1.9, "rise_db": 9.4, "digitised_from": "Sentinel-1 VV rise 2022->2026, orbit 157"}}, {"type": "Feature", "geometry": {"geodesic": false, "type": "Polygon", "coordinates": [[[106.78309714940117, 29.746991981390657], [106.78309714940117, 29.74645299222019], [106.78345647551481, 29.74645299222019], [106.78345647551481, 29.746273329163362], [106.78381580162846, 29.746273329163362], [106.78381580162846, 29.74519535082242], [106.78345647551481, 29.74519535082242], [106.78345647551481, 29.745015687765594], [106.78327681245798, 29.745015687765594], [106.78327681245798, 29.74465636165195], [106.78309714940117, 29.74465636165195], [106.78309714940117, 29.744476698595122], [106.78327681245798, 29.744476698595122], [106.78327681245798, 29.7442970355383], [106.78345647551481, 29.7442970355383], [106.78345647551481, 29.744476698595122], [106.78363613857164, 29.744476698595122], [106.78363613857164, 29.745015687765594], [106.78399546468529, 29.745015687765594], [106.78399546468529, 29.74519535082242], [106.78417512774212, 29.74519535082242], [106.78417512774212, 29.745914003049716], [106.78435479079893, 29.745914003049716], [106.78435479079893, 29.74609366610654], [106.78453445385576, 29.74609366610654], [106.78453445385576, 29.74645299222019], [106.78435479079893, 29.74645299222019], [106.78435479079893, 29.74663265527701], [106.78417512774212, 29.74663265527701], [106.78417512774212, 29.746812318333834], [106.78381580162846, 29.746812318333834], [106.78381580162846, 29.74663265527701], [106.78363613857164, 29.74663265527701], [106.78363613857164, 29.746812318333834], [106.78345647551481, 29.746812318333834], [106.78345647551481, 29.746991981390657], [106.78309714940117, 29.746991981390657]]]}, "properties": {"name": "cand26", "ptype": "hall", "confidence": "low", "rank": 26, "area_ha": 1.8, "rise_db": 6.8, "digitised_from": "Sentinel-1 VV rise 2022->2026, orbit 157"}}, {"type": "Feature", "geometry": {"geodesic": false, "type": "Polygon", "coordinates": [[[106.80555503150416, 29.76136502593657], [106.80555503150416, 29.761185362879747], [106.80573469456098, 29.761185362879747], [106.80573469456098, 29.761005699822924], [106.80555503150416, 29.761005699822924], [106.80555503150416, 29.760826036766098], [106.8051957053905, 29.760826036766098], [106.8051957053905, 29.76028704759563], [106.80537536844733, 29.76028704759563], [106.80537536844733, 29.75956839536833], [106.8051957053905, 29.75956839536833], [106.8051957053905, 29.759388732311507], [106.80537536844733, 29.759388732311507], [106.80537536844733, 29.759209069254684], [106.80573469456098, 29.759209069254684], [106.80573469456098, 29.759388732311507], [106.80591435761781, 29.759388732311507], [106.80591435761781, 29.75992772148198], [106.80573469456098, 29.75992772148198], [106.80573469456098, 29.76028704759563], [106.80627368373145, 29.76028704759563], [106.80627368373145, 29.760646373709275], [106.80645334678827, 29.760646373709275], [106.80645334678827, 29.761005699822924], [106.80609402067462, 29.761005699822924], [106.80609402067462, 29.761185362879747], [106.80591435761781, 29.761185362879747], [106.80591435761781, 29.76136502593657], [106.80555503150416, 29.76136502593657]]]}, "properties": {"name": "cand27", "ptype": "hall", "confidence": "low", "rank": 27, "area_ha": 1.8, "rise_db": 7.7, "digitised_from": "Sentinel-1 VV rise 2022->2026, orbit 157"}}, {"type": "Feature", "geometry": {"geodesic": false, "type": "Polygon", "coordinates": [[[106.7818395080034, 29.748249622788425], [106.7818395080034, 29.748069959731602], [106.78165984494657, 29.748069959731602], [106.78165984494657, 29.74789029667478], [106.78148018188975, 29.74789029667478], [106.78148018188975, 29.747710633617952], [106.78130051883292, 29.747710633617952], [106.78130051883292, 29.74753097056113], [106.78112085577611, 29.74753097056113], [106.78112085577611, 29.747351307504307], [106.78130051883292, 29.747351307504307], [106.78130051883292, 29.747171644447484], [106.78148018188975, 29.747171644447484], [106.78148018188975, 29.747351307504307], [106.78165984494657, 29.747351307504307], [106.78165984494657, 29.747171644447484], [106.7818395080034, 29.747171644447484], [106.7818395080034, 29.746991981390657], [106.78201917106023, 29.746991981390657], [106.78201917106023, 29.746812318333834], [106.78273782328752, 29.746812318333834], [106.78273782328752, 29.74663265527701], [106.78291748634435, 29.74663265527701], [106.78291748634435, 29.747351307504307], [106.78273782328752, 29.747351307504307], [106.78273782328752, 29.74753097056113], [106.78237849717387, 29.74753097056113], [106.78237849717387, 29.747710633617952], [106.78201917106023, 29.747710633617952], [106.78201917106023, 29.748069959731602], [106.78219883411705, 29.748069959731602], [106.78219883411705, 29.748249622788425], [106.7818395080034, 29.748249622788425]], [[106.78201917106023, 29.747710633617952], [106.7818395080034, 29.747710633617952], [106.7818395080034, 29.74753097056113], [106.78201917106023, 29.74753097056113], [106.78201917106023, 29.747710633617952]]]}, "properties": {"name": "cand28", "ptype": "hall", "confidence": "low", "rank": 28, "area_ha": 1.6, "rise_db": 5.3, "digitised_from": "Sentinel-1 VV rise 2022->2026, orbit 157"}}, {"type": "Feature", "geometry": {"geodesic": false, "type": "Polygon", "coordinates": [[[106.79818884617437, 29.739625796060878], [106.79818884617437, 29.739446133004055], [106.79800918311756, 29.739446133004055], [106.79800918311756, 29.739266469947232], [106.7976498570039, 29.739266469947232], [106.7976498570039, 29.739086806890406], [106.79747019394708, 29.739086806890406], [106.79747019394708, 29.73872748077676], [106.79729053089025, 29.73872748077676], [106.79729053089025, 29.73836815466311], [106.7976498570039, 29.73836815466311], [106.7976498570039, 29.738547817719933], [106.79782952006073, 29.738547817719933], [106.79782952006073, 29.738907143833583], [106.79800918311756, 29.738907143833583], [106.79800918311756, 29.738547817719933], [106.79818884617437, 29.738547817719933], [106.79818884617437, 29.73836815466311], [106.7983685092312, 29.73836815466311], [106.7983685092312, 29.738188491606287], [106.79854817228802, 29.738188491606287], [106.79854817228802, 29.738008828549464], [106.79872783534485, 29.738008828549464], [106.79872783534485, 29.737829165492638], [106.79926682451531, 29.737829165492638], [106.79926682451531, 29.738188491606287], [106.79908716145849, 29.738188491606287], [106.79908716145849, 29.73836815466311], [106.79890749840168, 29.73836815466311], [106.79890749840168, 29.738547817719933], [106.79854817228802, 29.738547817719933], [106.79854817228802, 29.73872748077676], [106.7983685092312, 29.73872748077676], [106.7983685092312, 29.739086806890406], [106.79854817228802, 29.739086806890406], [106.79854817228802, 29.739446133004055], [106.7983685092312, 29.739446133004055], [106.7983685092312, 29.739625796060878], [106.79818884617437, 29.739625796060878]], [[106.7976498570039, 29.73872748077676], [106.79747019394708, 29.73872748077676], [106.79747019394708, 29.738547817719933], [106.7976498570039, 29.738547817719933], [106.7976498570039, 29.73872748077676]]]}, "properties": {"name": "cand29", "ptype": "hall", "confidence": "low", "rank": 29, "area_ha": 1.6, "rise_db": 6.2, "digitised_from": "Sentinel-1 VV rise 2022->2026, orbit 157"}}, {"type": "Feature", "geometry": {"geodesic": false, "type": "Polygon", "coordinates": [[[106.79513457420836, 29.72866634959462], [106.79513457420836, 29.728486686537796], [106.79495491115155, 29.728486686537796], [106.79495491115155, 29.728307023480973], [106.79477524809472, 29.728307023480973], [106.79477524809472, 29.727588371253677], [106.79495491115155, 29.727588371253677], [106.79495491115155, 29.72740870819685], [106.79513457420836, 29.72740870819685], [106.79513457420836, 29.727229045140028], [106.79549390032201, 29.727229045140028], [106.79549390032201, 29.727588371253677], [106.79567356337884, 29.727588371253677], [106.79567356337884, 29.727947697367323], [106.79585322643567, 29.727947697367323], [106.79585322643567, 29.728486686537796], [106.79567356337884, 29.728486686537796], [106.79567356337884, 29.72866634959462], [106.79513457420836, 29.72866634959462]]]}, "properties": {"name": "cand30", "ptype": "hall", "confidence": "low", "rank": 30, "area_ha": 1.4, "rise_db": 5.5, "digitised_from": "Sentinel-1 VV rise 2022->2026, orbit 157"}}, {"type": "Feature", "geometry": {"geodesic": false, "type": "Polygon", "coordinates": [[[106.80178210731086, 29.74519535082242], [106.80178210731086, 29.745015687765594], [106.80160244425403, 29.745015687765594], [106.80160244425403, 29.74483602470877], [106.80178210731086, 29.74483602470877], [106.80178210731086, 29.744476698595122], [106.80160244425403, 29.744476698595122], [106.80160244425403, 29.7442970355383], [106.80124311814038, 29.7442970355383], [106.80124311814038, 29.744117372481476], [106.80088379202674, 29.744117372481476], [106.80088379202674, 29.7442970355383], [106.80070412896991, 29.7442970355383], [106.80070412896991, 29.744476698595122], [106.80052446591309, 29.744476698595122], [106.80052446591309, 29.7442970355383], [106.80034480285626, 29.7442970355383], [106.80034480285626, 29.743758046367827], [106.80052446591309, 29.743758046367827], [106.80052446591309, 29.743578383311004], [106.80070412896991, 29.743578383311004], [106.80070412896991, 29.74339872025418], [106.80088379202674, 29.74339872025418], [106.80088379202674, 29.743578383311004], [106.80106345508355, 29.743578383311004], [106.80106345508355, 29.743758046367827], [106.80124311814038, 29.743758046367827], [106.80124311814038, 29.743937709424653], [106.80160244425403, 29.743937709424653], [106.80160244425403, 29.744117372481476], [106.80178210731086, 29.744117372481476], [106.80178210731086, 29.7442970355383], [106.80196177036768, 29.7442970355383], [106.80196177036768, 29.744476698595122], [106.8021414334245, 29.744476698595122], [106.8021414334245, 29.745015687765594], [106.80196177036768, 29.745015687765594], [106.80196177036768, 29.74519535082242], [106.80178210731086, 29.74519535082242]]]}, "properties": {"name": "cand31", "ptype": "hall", "confidence": "low", "rank": 31, "area_ha": 1.3, "rise_db": 5.7, "digitised_from": "Sentinel-1 VV rise 2022->2026, orbit 157"}}, {"type": "Feature", "geometry": {"geodesic": false, "type": "Polygon", "coordinates": [[[106.80807031429968, 29.750225916413488], [106.80807031429968, 29.750046253356665], [106.80789065124287, 29.750046253356665], [106.80789065124287, 29.749866590299842], [106.80771098818605, 29.749866590299842], [106.80771098818605, 29.749686927243015], [106.80753132512922, 29.749686927243015], [106.80753132512922, 29.749147938072547], [106.80789065124287, 29.749147938072547], [106.80789065124287, 29.748788611958897], [106.80824997735651, 29.748788611958897], [106.80824997735651, 29.74896827501572], [106.80842964041334, 29.74896827501572], [106.80842964041334, 29.74932760112937], [106.80860930347016, 29.74932760112937], [106.80860930347016, 29.749866590299842], [106.80842964041334, 29.749866590299842], [106.80842964041334, 29.750225916413488], [106.80807031429968, 29.750225916413488]]]}, "properties": {"name": "cand32", "ptype": "hall", "confidence": "low", "rank": 32, "area_ha": 1.3, "rise_db": 8.2, "digitised_from": "Sentinel-1 VV rise 2022->2026, orbit 157"}}, {"type": "Feature", "geometry": {"geodesic": false, "type": "Polygon", "coordinates": [[[106.81328054294758, 29.749866590299842], [106.81328054294758, 29.749686927243015], [106.81292121683393, 29.749686927243015], [106.81292121683393, 29.749147938072547], [106.81328054294758, 29.749147938072547], [106.81328054294758, 29.74896827501572], [106.81363986906123, 29.74896827501572], [106.81363986906123, 29.748788611958897], [106.8141788582317, 29.748788611958897], [106.8141788582317, 29.74932760112937], [106.81399919517487, 29.74932760112937], [106.81399919517487, 29.749686927243015], [106.81381953211806, 29.749686927243015], [106.81381953211806, 29.749866590299842], [106.81328054294758, 29.749866590299842]]]}, "properties": {"name": "cand33", "ptype": "hall", "confidence": "low", "rank": 33, "area_ha": 1.2, "rise_db": 7.8, "digitised_from": "Sentinel-1 VV rise 2022->2026, orbit 157"}}, {"type": "Feature", "geometry": {"geodesic": false, "type": "Polygon", "coordinates": [[[106.81166357543617, 29.77088716794824], [106.81166357543617, 29.770707504891412], [106.81148391237934, 29.770707504891412], [106.81148391237934, 29.770348178777766], [106.81130424932252, 29.770348178777766], [106.81130424932252, 29.769988852664117], [106.81112458626569, 29.769988852664117], [106.81112458626569, 29.76962952655047], [106.81094492320887, 29.76962952655047], [106.81094492320887, 29.769449863493648], [106.81076526015205, 29.769449863493648], [106.81076526015205, 29.768910874323176], [106.81112458626569, 29.768910874323176], [106.81112458626569, 29.76909053738], [106.81130424932252, 29.76909053738], [106.81130424932252, 29.76927020043682], [106.81148391237934, 29.76927020043682], [106.81148391237934, 29.769449863493648], [106.81166357543617, 29.769449863493648], [106.81166357543617, 29.769988852664117], [106.811843238493, 29.769988852664117], [106.811843238493, 29.77088716794824], [106.81166357543617, 29.77088716794824]]]}, "properties": {"name": "cand34", "ptype": "hall", "confidence": "low", "rank": 34, "area_ha": 1.2, "rise_db": 5.4, "digitised_from": "Sentinel-1 VV rise 2022->2026, orbit 157"}}, {"type": "Feature", "geometry": {"geodesic": false, "type": "Polygon", "coordinates": [[[106.78471411691258, 29.711598359196348], [106.78471411691258, 29.711418696139525], [106.78489377996941, 29.711418696139525], [106.78489377996941, 29.711239033082702], [106.78507344302623, 29.711239033082702], [106.78507344302623, 29.71105937002588], [106.78525310608305, 29.71105937002588], [106.78525310608305, 29.710879706969052], [106.78543276913987, 29.710879706969052], [106.78543276913987, 29.71070004391223], [106.78579209525353, 29.71070004391223], [106.78579209525353, 29.710520380855407], [106.78615142136718, 29.710520380855407], [106.78615142136718, 29.71070004391223], [106.78633108442399, 29.71070004391223], [106.78633108442399, 29.710879706969052], [106.78651074748082, 29.710879706969052], [106.78651074748082, 29.71105937002588], [106.78633108442399, 29.71105937002588], [106.78633108442399, 29.711239033082702], [106.78579209525353, 29.711239033082702], [106.78579209525353, 29.711418696139525], [106.78525310608305, 29.711418696139525], [106.78525310608305, 29.711598359196348], [106.78471411691258, 29.711598359196348]]]}, "properties": {"name": "cand35", "ptype": "hall", "confidence": "low", "rank": 35, "area_ha": 1.2, "rise_db": 7.0, "digitised_from": "Sentinel-1 VV rise 2022->2026, orbit 157"}}, {"type": "Feature", "geometry": {"geodesic": false, "type": "Polygon", "coordinates": [[[106.78597175831035, 29.73369691518569], [106.78597175831035, 29.73279859990157], [106.78543276913987, 29.73279859990157], [106.78543276913987, 29.73243927378792], [106.78597175831035, 29.73243927378792], [106.78597175831035, 29.732079947674276], [106.78615142136718, 29.732079947674276], [106.78615142136718, 29.73190028461745], [106.78633108442399, 29.73190028461745], [106.78633108442399, 29.73243927378792], [106.78651074748082, 29.73243927378792], [106.78651074748082, 29.732618936844744], [106.78669041053764, 29.732618936844744], [106.78669041053764, 29.73279859990157], [106.78651074748082, 29.73279859990157], [106.78651074748082, 29.733157926015217], [106.78633108442399, 29.733157926015217], [106.78633108442399, 29.733517252128866], [106.78615142136718, 29.733517252128866], [106.78615142136718, 29.73369691518569], [106.78597175831035, 29.73369691518569]]]}, "properties": {"name": "cand36", "ptype": "hall", "confidence": "low", "rank": 36, "area_ha": 1.2, "rise_db": 6.7, "digitised_from": "Sentinel-1 VV rise 2022->2026, orbit 157"}}, {"type": "Feature", "geometry": {"geodesic": false, "type": "Polygon", "coordinates": [[[106.80178210731086, 29.75992772148198], [106.80178210731086, 29.759748058425156], [106.80160244425403, 29.759748058425156], [106.80160244425403, 29.75956839536833], [106.80178210731086, 29.75956839536833], [106.80178210731086, 29.759388732311507], [106.80250075953815, 29.759388732311507], [106.80250075953815, 29.759209069254684], [106.80303974870861, 29.759209069254684], [106.80303974870861, 29.75902940619786], [106.80339907482227, 29.75902940619786], [106.80339907482227, 29.758849743141035], [106.80393806399275, 29.758849743141035], [106.80393806399275, 29.75902940619786], [106.80375840093592, 29.75902940619786], [106.80375840093592, 29.759209069254684], [106.80357873787909, 29.759209069254684], [106.80357873787909, 29.759388732311507], [106.80303974870861, 29.759388732311507], [106.80303974870861, 29.75956839536833], [106.80268042259497, 29.75956839536833], [106.80268042259497, 29.759748058425156], [106.80232109648132, 29.759748058425156], [106.80232109648132, 29.75992772148198], [106.80178210731086, 29.75992772148198]]]}, "properties": {"name": "cand37", "ptype": "hall", "confidence": "low", "rank": 37, "area_ha": 1.2, "rise_db": 7.0, "digitised_from": "Sentinel-1 VV rise 2022->2026, orbit 157"}}, {"type": "Feature", "geometry": {"geodesic": false, "type": "Polygon", "coordinates": [[[106.80465671622004, 29.743937709424653], [106.80465671622004, 29.74339872025418], [106.80447705316321, 29.74339872025418], [106.80447705316321, 29.743219057197358], [106.80429739010638, 29.743219057197358], [106.80429739010638, 29.74285973108371], [106.80447705316321, 29.74285973108371], [106.80447705316321, 29.742680068026885], [106.80483637927686, 29.742680068026885], [106.80483637927686, 29.743219057197358], [106.80501604233368, 29.743219057197358], [106.80501604233368, 29.74285973108371], [106.80555503150416, 29.74285973108371], [106.80555503150416, 29.74339872025418], [106.80537536844733, 29.74339872025418], [106.80537536844733, 29.743578383311004], [106.8051957053905, 29.743578383311004], [106.8051957053905, 29.743758046367827], [106.80501604233368, 29.743758046367827], [106.80501604233368, 29.743937709424653], [106.80465671622004, 29.743937709424653]], [[106.80483637927686, 29.74339872025418], [106.80465671622004, 29.74339872025418], [106.80465671622004, 29.743219057197358], [106.80483637927686, 29.743219057197358], [106.80483637927686, 29.74339872025418]]]}, "properties": {"name": "cand38", "ptype": "hall", "confidence": "low", "rank": 38, "area_ha": 1.1, "rise_db": 7.4, "digitised_from": "Sentinel-1 VV rise 2022->2026, orbit 157"}}, {"type": "Feature", "geometry": {"geodesic": false, "type": "Polygon", "coordinates": [[[106.80016513979943, 29.738547817719933], [106.80016513979943, 29.73836815466311], [106.79998547674262, 29.73836815466311], [106.79998547674262, 29.738008828549464], [106.7998058136858, 29.738008828549464], [106.7998058136858, 29.737829165492638], [106.79962615062897, 29.737829165492638], [106.79962615062897, 29.737649502435815], [106.79944648757214, 29.737649502435815], [106.79944648757214, 29.73729017632217], [106.79962615062897, 29.73729017632217], [106.79962615062897, 29.737110513265343], [106.80016513979943, 29.737110513265343], [106.80016513979943, 29.737469839378992], [106.79998547674262, 29.737469839378992], [106.79998547674262, 29.737829165492638], [106.80052446591309, 29.737829165492638], [106.80052446591309, 29.738008828549464], [106.80070412896991, 29.738008828549464], [106.80070412896991, 29.738188491606287], [106.80052446591309, 29.738188491606287], [106.80052446591309, 29.738547817719933], [106.80016513979943, 29.738547817719933]]]}, "properties": {"name": "cand39", "ptype": "hall", "confidence": "low", "rank": 39, "area_ha": 1.0, "rise_db": 6.9, "digitised_from": "Sentinel-1 VV rise 2022->2026, orbit 157"}}]}