{"type": "FeatureCollection", "features": [{"type": "Feature", "geometry": {"geodesic": false, "type": "Polygon", "coordinates": [[[109.97553000610512, 40.688651805023255], [109.97553000610512, 40.68847214196643], [109.9753503430483, 40.68847214196643], [109.9753503430483, 40.68829247890961], [109.97517067999148, 40.68829247890961], [109.97517067999148, 40.68793315279596], [109.97499101693465, 40.68793315279596], [109.97499101693465, 40.68775348973914], [109.97517067999148, 40.68775348973914], [109.97517067999148, 40.68757382668231], [109.9753503430483, 40.68757382668231], [109.9753503430483, 40.68775348973914], [109.97570966916194, 40.68775348973914], [109.97570966916194, 40.68793315279596], [109.97588933221877, 40.68793315279596], [109.97588933221877, 40.68775348973914], [109.9760689952756, 40.68775348973914], [109.9760689952756, 40.68757382668231], [109.97588933221877, 40.68757382668231], [109.97588933221877, 40.687394163625484], [109.97642832138924, 40.687394163625484], [109.97642832138924, 40.68757382668231], [109.97660798444606, 40.68757382668231], [109.97660798444606, 40.687394163625484], [109.97678764750289, 40.687394163625484], [109.97678764750289, 40.687214500568665], [109.97714697361654, 40.687214500568665], [109.97714697361654, 40.68703483751184], [109.97732663667337, 40.68703483751184], [109.97732663667337, 40.68685517445501], [109.97714697361654, 40.68685517445501], [109.97714697361654, 40.68667551139819], [109.97696731055971, 40.68667551139819], [109.97696731055971, 40.686495848341366], [109.97678764750289, 40.686495848341366], [109.97678764750289, 40.68631618528455], [109.97624865833242, 40.68631618528455], [109.97624865833242, 40.68613652222772], [109.9760689952756, 40.68613652222772], [109.9760689952756, 40.685777196114074], [109.97570966916194, 40.685777196114074], [109.97570966916194, 40.68559753305725], [109.97553000610512, 40.68559753305725], [109.97553000610512, 40.685777196114074], [109.97499101693465, 40.685777196114074], [109.97499101693465, 40.68595685917089], [109.97481135387783, 40.68595685917089], [109.97481135387783, 40.68631618528455], [109.97553000610512, 40.68631618528455], [109.97553000610512, 40.686495848341366], [109.97570966916194, 40.686495848341366], [109.97570966916194, 40.68667551139819], [109.97553000610512, 40.68667551139819], [109.97553000610512, 40.68703483751184], [109.97517067999148, 40.68703483751184], [109.97517067999148, 40.687214500568665], [109.97553000610512, 40.687214500568665], [109.97553000610512, 40.687394163625484], [109.97517067999148, 40.687394163625484], [109.97517067999148, 40.687214500568665], [109.97481135387783, 40.687214500568665], [109.97481135387783, 40.68685517445501], [109.974631690821, 40.68685517445501], [109.974631690821, 40.68667551139819], [109.97427236470736, 40.68667551139819], [109.97427236470736, 40.686495848341366], [109.97445202776417, 40.686495848341366], [109.97445202776417, 40.68631618528455], [109.97409270165053, 40.68631618528455], [109.97409270165053, 40.686495848341366], [109.97391303859371, 40.686495848341366], [109.97391303859371, 40.68631618528455], [109.97409270165053, 40.68631618528455], [109.97409270165053, 40.68613652222772], [109.97427236470736, 40.68613652222772], [109.97427236470736, 40.68595685917089], [109.97445202776417, 40.68595685917089], [109.97445202776417, 40.685777196114074], [109.97481135387783, 40.685777196114074], [109.97481135387783, 40.68559753305725], [109.97499101693465, 40.68559753305725], [109.97499101693465, 40.68541787000042], [109.97517067999148, 40.68541787000042], [109.97517067999148, 40.6852382069436], [109.9753503430483, 40.6852382069436], [109.9753503430483, 40.685058543886775], [109.97499101693465, 40.685058543886775], [109.97499101693465, 40.68487888082995], [109.97481135387783, 40.68487888082995], [109.97481135387783, 40.68469921777313], [109.97445202776417, 40.68469921777313], [109.97445202776417, 40.6845195547163], [109.97427236470736, 40.6845195547163], [109.97427236470736, 40.684339891659484], [109.97409270165053, 40.684339891659484], [109.97409270165053, 40.68416022860266], [109.97391303859371, 40.68416022860266], [109.97391303859371, 40.68398056554583], [109.97355371248005, 40.68398056554583], [109.97355371248005, 40.68380090248901], [109.97337404942324, 40.68380090248901], [109.97337404942324, 40.68344157637536], [109.97373337553688, 40.68344157637536], [109.97373337553688, 40.68308225026171], [109.97391303859371, 40.68308225026171], [109.97391303859371, 40.682902587204886], [109.97409270165053, 40.682902587204886], [109.97409270165053, 40.68272292414807], [109.97445202776417, 40.68272292414807], [109.97445202776417, 40.68254326109124], [109.974631690821, 40.68254326109124], [109.974631690821, 40.68236359803442], [109.97499101693465, 40.68236359803442], [109.97499101693465, 40.682183934977594], [109.9753503430483, 40.682183934977594], [109.9753503430483, 40.68236359803442], [109.97570966916194, 40.68236359803442], [109.97570966916194, 40.68254326109124], [109.97588933221877, 40.68254326109124], [109.97588933221877, 40.68272292414807], [109.9760689952756, 40.68272292414807], [109.9760689952756, 40.682902587204886], [109.97624865833242, 40.682902587204886], [109.97624865833242, 40.68308225026171], [109.97642832138924, 40.68308225026171], [109.97642832138924, 40.68326191331854], [109.97696731055971, 40.68326191331854], [109.97696731055971, 40.68344157637536], [109.97714697361654, 40.68344157637536], [109.97714697361654, 40.683621239432185], [109.97696731055971, 40.683621239432185], [109.97696731055971, 40.68380090248901], [109.97714697361654, 40.68380090248901], [109.97714697361654, 40.68398056554583], [109.97732663667337, 40.68398056554583], [109.97732663667337, 40.68416022860266], [109.97750629973018, 40.68416022860266], [109.97750629973018, 40.684339891659484], [109.97804528890066, 40.684339891659484], [109.97804528890066, 40.68469921777313], [109.97786562584383, 40.68469921777313], [109.97786562584383, 40.68487888082995], [109.977685962787, 40.68487888082995], [109.977685962787, 40.68469921777313], [109.97750629973018, 40.68469921777313], [109.97750629973018, 40.6845195547163], [109.97732663667337, 40.6845195547163], [109.97732663667337, 40.684339891659484], [109.97714697361654, 40.684339891659484], [109.97714697361654, 40.6845195547163], [109.97696731055971, 40.6845195547163], [109.97696731055971, 40.68469921777313], [109.97588933221877, 40.68469921777313], [109.97588933221877, 40.68487888082995], [109.97570966916194, 40.68487888082995], [109.97570966916194, 40.6852382069436], [109.97588933221877, 40.6852382069436], [109.97588933221877, 40.685058543886775], [109.9760689952756, 40.685058543886775], [109.9760689952756, 40.68487888082995], [109.97624865833242, 40.68487888082995], [109.97624865833242, 40.685058543886775], [109.97678764750289, 40.685058543886775], [109.97678764750289, 40.68487888082995], [109.97714697361654, 40.68487888082995], [109.97714697361654, 40.685058543886775], [109.97732663667337, 40.685058543886775], [109.97732663667337, 40.68487888082995], [109.97750629973018, 40.68487888082995], [109.97750629973018, 40.685058543886775], [109.97822495195749, 40.685058543886775], [109.97822495195749, 40.68559753305725], [109.97804528890066, 40.68559753305725], [109.97804528890066, 40.685777196114074], [109.97786562584383, 40.685777196114074], [109.97786562584383, 40.68559753305725], [109.977685962787, 40.68559753305725], [109.977685962787, 40.685777196114074], [109.97750629973018, 40.685777196114074], [109.97750629973018, 40.68595685917089], [109.97696731055971, 40.68595685917089], [109.97696731055971, 40.68613652222772], [109.97750629973018, 40.68613652222772], [109.97750629973018, 40.68631618528455], [109.97732663667337, 40.68631618528455], [109.97732663667337, 40.68667551139819], [109.977685962787, 40.68667551139819], [109.977685962787, 40.68685517445501], [109.97786562584383, 40.68685517445501], [109.97786562584383, 40.687214500568665], [109.97750629973018, 40.687214500568665], [109.97750629973018, 40.687394163625484], [109.97732663667337, 40.687394163625484], [109.97732663667337, 40.68811281585278], [109.97678764750289, 40.68811281585278], [109.97678764750289, 40.68793315279596], [109.97642832138924, 40.68793315279596], [109.97642832138924, 40.68829247890961], [109.97624865833242, 40.68829247890961], [109.97624865833242, 40.68847214196643], [109.97588933221877, 40.68847214196643], [109.97588933221877, 40.688651805023255], [109.97553000610512, 40.688651805023255]], [[109.97427236470736, 40.68344157637536], [109.97409270165053, 40.68344157637536], [109.97409270165053, 40.68326191331854], [109.97427236470736, 40.68326191331854], [109.97427236470736, 40.68344157637536]], [[109.97391303859371, 40.683621239432185], [109.97373337553688, 40.683621239432185], [109.97373337553688, 40.68344157637536], [109.97391303859371, 40.68344157637536], [109.97391303859371, 40.683621239432185]], [[109.97517067999148, 40.68416022860266], [109.97499101693465, 40.68416022860266], [109.97499101693465, 40.683621239432185], [109.97517067999148, 40.683621239432185], [109.97517067999148, 40.68416022860266]], [[109.97588933221877, 40.68469921777313], [109.97570966916194, 40.68469921777313], [109.97570966916194, 40.684339891659484], [109.97553000610512, 40.684339891659484], [109.97553000610512, 40.68416022860266], [109.97570966916194, 40.68416022860266], [109.97570966916194, 40.68398056554583], [109.97553000610512, 40.68398056554583], [109.97553000610512, 40.68416022860266], [109.9753503430483, 40.68416022860266], [109.9753503430483, 40.683621239432185], [109.97517067999148, 40.683621239432185], [109.97517067999148, 40.68344157637536], [109.97481135387783, 40.68344157637536], [109.97481135387783, 40.68326191331854], [109.974631690821, 40.68326191331854], [109.974631690821, 40.68272292414807], [109.97499101693465, 40.68272292414807], [109.97499101693465, 40.682902587204886], [109.9753503430483, 40.682902587204886], [109.9753503430483, 40.68308225026171], [109.97570966916194, 40.68308225026171], [109.97570966916194, 40.68344157637536], [109.9760689952756, 40.68344157637536], [109.9760689952756, 40.683621239432185], [109.97642832138924, 40.683621239432185], [109.97642832138924, 40.68398056554583], [109.97660798444606, 40.68398056554583], [109.97660798444606, 40.68416022860266], [109.97696731055971, 40.68416022860266], [109.97696731055971, 40.684339891659484], [109.97678764750289, 40.684339891659484], [109.97678764750289, 40.6845195547163], [109.97642832138924, 40.6845195547163], [109.97642832138924, 40.684339891659484], [109.9760689952756, 40.684339891659484], [109.9760689952756, 40.6845195547163], [109.97588933221877, 40.6845195547163], [109.97588933221877, 40.68469921777313]], [[109.97642832138924, 40.68559753305725], [109.97624865833242, 40.68559753305725], [109.97624865833242, 40.6852382069436], [109.97714697361654, 40.6852382069436], [109.97714697361654, 40.68541787000042], [109.97642832138924, 40.68541787000042], [109.97642832138924, 40.68559753305725]], [[109.97750629973018, 40.685777196114074], [109.97732663667337, 40.685777196114074], [109.97732663667337, 40.68559753305725], [109.97750629973018, 40.68559753305725], [109.97750629973018, 40.685777196114074]], [[109.9753503430483, 40.68685517445501], [109.97499101693465, 40.68685517445501], [109.97499101693465, 40.68667551139819], [109.97517067999148, 40.68667551139819], [109.97517067999148, 40.686495848341366], [109.9753503430483, 40.686495848341366], [109.9753503430483, 40.68685517445501]], [[109.97624865833242, 40.68793315279596], [109.9760689952756, 40.68793315279596], [109.9760689952756, 40.68775348973914], [109.97624865833242, 40.68775348973914], [109.97624865833242, 40.68793315279596]]]}, "properties": {"name": "cand01", "ptype": "hall", "confidence": "low", "rank": 1, "area_ha": 14.0, "rise_db": 8.5, "digitised_from": "Sentinel-1 VV rise 2022->2026, orbit 113"}}, {"type": "Feature", "geometry": {"geodesic": false, "type": "Polygon", "coordinates": [[[109.9798419194689, 40.69170607698926], [109.9798419194689, 40.691526413932436], [109.97948259335524, 40.691526413932436], [109.97948259335524, 40.69134675087561], [109.97930293029843, 40.69134675087561], [109.97930293029843, 40.69116708781879], [109.9791232672416, 40.69116708781879], [109.9791232672416, 40.690987424761964], [109.97876394112795, 40.690987424761964], [109.97876394112795, 40.69080776170514], [109.97822495195749, 40.69080776170514], [109.97822495195749, 40.69062809864832], [109.97804528890066, 40.69062809864832], [109.97804528890066, 40.69044843559149], [109.97822495195749, 40.69044843559149], [109.97822495195749, 40.69026877253467], [109.9784046150143, 40.69026877253467], [109.9784046150143, 40.690089109477846], [109.97858427807112, 40.690089109477846], [109.97858427807112, 40.68990944642102], [109.97876394112795, 40.68990944642102], [109.97876394112795, 40.6897297833642], [109.9791232672416, 40.6897297833642], [109.9791232672416, 40.68919079419373], [109.97930293029843, 40.68919079419373], [109.97930293029843, 40.688831468080075], [109.97966225641207, 40.688831468080075], [109.97966225641207, 40.688651805023255], [109.98002158252572, 40.688651805023255], [109.98002158252572, 40.688831468080075], [109.9798419194689, 40.688831468080075], [109.9798419194689, 40.6890111311369], [109.97966225641207, 40.6890111311369], [109.97966225641207, 40.68919079419373], [109.98002158252572, 40.68919079419373], [109.98002158252572, 40.6890111311369], [109.98020124558255, 40.6890111311369], [109.98020124558255, 40.688831468080075], [109.98038090863936, 40.688831468080075], [109.98038090863936, 40.688651805023255], [109.98074023475301, 40.688651805023255], [109.98074023475301, 40.68847214196643], [109.98091989780984, 40.68847214196643], [109.98091989780984, 40.68829247890961], [109.98109956086667, 40.68829247890961], [109.98109956086667, 40.68811281585278], [109.98163855003713, 40.68811281585278], [109.98163855003713, 40.68793315279596], [109.98199787615079, 40.68793315279596], [109.98199787615079, 40.68811281585278], [109.98217753920761, 40.68811281585278], [109.98217753920761, 40.68829247890961], [109.98253686532125, 40.68829247890961], [109.98253686532125, 40.68847214196643], [109.9828961914349, 40.68847214196643], [109.9828961914349, 40.688651805023255], [109.98307585449173, 40.688651805023255], [109.98307585449173, 40.688831468080075], [109.98325551754856, 40.688831468080075], [109.98325551754856, 40.6890111311369], [109.9836148436622, 40.6890111311369], [109.9836148436622, 40.68937045725055], [109.98343518060537, 40.68937045725055], [109.98343518060537, 40.68955012030737], [109.98307585449173, 40.68955012030737], [109.98307585449173, 40.6897297833642], [109.9828961914349, 40.6897297833642], [109.9828961914349, 40.68990944642102], [109.98271652837808, 40.68990944642102], [109.98271652837808, 40.690089109477846], [109.98253686532125, 40.690089109477846], [109.98253686532125, 40.69044843559149], [109.98235720226442, 40.69044843559149], [109.98235720226442, 40.69062809864832], [109.98217753920761, 40.69062809864832], [109.98217753920761, 40.69080776170514], [109.98199787615079, 40.69080776170514], [109.98199787615079, 40.69062809864832], [109.98181821309396, 40.69062809864832], [109.98181821309396, 40.69080776170514], [109.9814588869803, 40.69080776170514], [109.9814588869803, 40.690987424761964], [109.98109956086667, 40.690987424761964], [109.98109956086667, 40.69116708781879], [109.98074023475301, 40.69116708781879], [109.98074023475301, 40.69134675087561], [109.98056057169619, 40.69134675087561], [109.98056057169619, 40.69170607698926], [109.9798419194689, 40.69170607698926]]]}, "properties": {"name": "cand02", "ptype": "hall", "confidence": "low", "rank": 2, "area_ha": 13.6, "rise_db": 12.7, "digitised_from": "Sentinel-1 VV rise 2022->2026, orbit 113"}}, {"type": "Feature", "geometry": {"geodesic": false, "type": "Polygon", "coordinates": [[[110.00301845379919, 40.68793315279596], [110.00301845379919, 40.687394163625484], [110.00283879074236, 40.687394163625484], [110.00283879074236, 40.687214500568665], [110.00265912768553, 40.687214500568665], [110.00265912768553, 40.68703483751184], [110.0024794646287, 40.68703483751184], [110.0024794646287, 40.68667551139819], [110.00229980157188, 40.68667551139819], [110.00229980157188, 40.686495848341366], [110.00212013851505, 40.686495848341366], [110.00212013851505, 40.68631618528455], [110.00229980157188, 40.68631618528455], [110.00229980157188, 40.686495848341366], [110.0024794646287, 40.686495848341366], [110.0024794646287, 40.68667551139819], [110.00265912768553, 40.68667551139819], [110.00265912768553, 40.68631618528455], [110.0024794646287, 40.68631618528455], [110.0024794646287, 40.68613652222772], [110.00212013851505, 40.68613652222772], [110.00212013851505, 40.68595685917089], [110.00140148628776, 40.68595685917089], [110.00140148628776, 40.68613652222772], [110.00068283406047, 40.68613652222772], [110.00068283406047, 40.68631618528455], [109.99996418183318, 40.68631618528455], [109.99996418183318, 40.686495848341366], [109.99978451877635, 40.686495848341366], [109.99978451877635, 40.68667551139819], [109.99996418183318, 40.68667551139819], [109.99996418183318, 40.68685517445501], [110.00014384488999, 40.68685517445501], [110.00014384488999, 40.68703483751184], [110.00032350794682, 40.68703483751184], [110.00032350794682, 40.687394163625484], [110.00014384488999, 40.687394163625484], [110.00014384488999, 40.68757382668231], [109.99978451877635, 40.68757382668231], [109.99978451877635, 40.687394163625484], [109.99960485571953, 40.687394163625484], [109.99960485571953, 40.68667551139819], [109.99906586654906, 40.68667551139819], [109.99906586654906, 40.686495848341366], [109.99888620349223, 40.686495848341366], [109.99888620349223, 40.68631618528455], [109.9994251926627, 40.68631618528455], [109.9994251926627, 40.68595685917089], [109.99960485571953, 40.68595685917089], [109.99960485571953, 40.685777196114074], [109.99978451877635, 40.685777196114074], [109.99978451877635, 40.68559753305725], [110.00068283406047, 40.68559753305725], [110.00068283406047, 40.6852382069436], [110.00104216017412, 40.6852382069436], [110.00104216017412, 40.685058543886775], [110.00122182323094, 40.685058543886775], [110.00122182323094, 40.68469921777313], [110.00140148628776, 40.68469921777313], [110.00140148628776, 40.6845195547163], [110.00158114934459, 40.6845195547163], [110.00158114934459, 40.684339891659484], [110.00212013851505, 40.684339891659484], [110.00212013851505, 40.68416022860266], [110.00229980157188, 40.68416022860266], [110.00229980157188, 40.68398056554583], [110.0024794646287, 40.68398056554583], [110.0024794646287, 40.68380090248901], [110.00283879074236, 40.68380090248901], [110.00283879074236, 40.683621239432185], [110.00301845379919, 40.683621239432185], [110.00301845379919, 40.68344157637536], [110.00373710602648, 40.68344157637536], [110.00373710602648, 40.68326191331854], [110.0039167690833, 40.68326191331854], [110.0039167690833, 40.68344157637536], [110.00427609519694, 40.68344157637536], [110.00427609519694, 40.68380090248901], [110.0046354213106, 40.68380090248901], [110.0046354213106, 40.68416022860266], [110.00445575825377, 40.68416022860266], [110.00445575825377, 40.684339891659484], [110.00409643214012, 40.684339891659484], [110.00409643214012, 40.68487888082995], [110.00427609519694, 40.68487888082995], [110.00427609519694, 40.68541787000042], [110.00445575825377, 40.68541787000042], [110.00445575825377, 40.685777196114074], [110.0046354213106, 40.685777196114074], [110.0046354213106, 40.68631618528455], [110.00481508436742, 40.68631618528455], [110.00481508436742, 40.686495848341366], [110.00499474742425, 40.686495848341366], [110.00499474742425, 40.68703483751184], [110.00517441048106, 40.68703483751184], [110.00517441048106, 40.687214500568665], [110.00499474742425, 40.687214500568665], [110.00499474742425, 40.687394163625484], [110.00481508436742, 40.687394163625484], [110.00481508436742, 40.687214500568665], [110.0046354213106, 40.687214500568665], [110.0046354213106, 40.68685517445501], [110.00445575825377, 40.68685517445501], [110.00445575825377, 40.68631618528455], [110.00427609519694, 40.68631618528455], [110.00427609519694, 40.68613652222772], [110.00409643214012, 40.68613652222772], [110.00409643214012, 40.68631618528455], [110.0039167690833, 40.68631618528455], [110.0039167690833, 40.68667551139819], [110.00355744296965, 40.68667551139819], [110.00355744296965, 40.68685517445501], [110.00373710602648, 40.68685517445501], [110.00373710602648, 40.68757382668231], [110.0039167690833, 40.68757382668231], [110.0039167690833, 40.68793315279596], [110.00301845379919, 40.68793315279596]], [[110.00409643214012, 40.684339891659484], [110.00355744296965, 40.684339891659484], [110.00355744296965, 40.68398056554583], [110.0039167690833, 40.68398056554583], [110.0039167690833, 40.68416022860266], [110.00409643214012, 40.68416022860266], [110.00409643214012, 40.684339891659484]], [[110.00212013851505, 40.68487888082995], [110.00194047545824, 40.68487888082995], [110.00194047545824, 40.68469921777313], [110.00176081240141, 40.68469921777313], [110.00176081240141, 40.6845195547163], [110.00212013851505, 40.6845195547163], [110.00212013851505, 40.68487888082995]], [[110.00301845379919, 40.6852382069436], [110.00283879074236, 40.6852382069436], [110.00283879074236, 40.685058543886775], [110.00301845379919, 40.685058543886775], [110.00301845379919, 40.6852382069436]], [[110.00194047545824, 40.68559753305725], [110.00104216017412, 40.68559753305725], [110.00104216017412, 40.68541787000042], [110.00194047545824, 40.68541787000042], [110.00194047545824, 40.68559753305725]], [[110.00337777991282, 40.68559753305725], [110.00301845379919, 40.68559753305725], [110.00301845379919, 40.6852382069436], [110.00337777991282, 40.6852382069436], [110.00337777991282, 40.685058543886775], [110.00373710602648, 40.685058543886775], [110.00373710602648, 40.68541787000042], [110.00337777991282, 40.68541787000042], [110.00337777991282, 40.68559753305725]], [[110.0039167690833, 40.685777196114074], [110.00355744296965, 40.685777196114074], [110.00355744296965, 40.68559753305725], [110.0039167690833, 40.68559753305725], [110.0039167690833, 40.685777196114074]], [[109.99996418183318, 40.68613652222772], [109.99978451877635, 40.68613652222772], [109.99978451877635, 40.68595685917089], [109.99996418183318, 40.68595685917089], [109.99996418183318, 40.68613652222772]], [[110.00355744296965, 40.686495848341366], [110.00337777991282, 40.686495848341366], [110.00337777991282, 40.68631618528455], [110.00355744296965, 40.68631618528455], [110.00355744296965, 40.686495848341366]]]}, "properties": {"name": "cand03", "ptype": "hall", "confidence": "low", "rank": 3, "area_ha": 13.6, "rise_db": 9.2, "digitised_from": "Sentinel-1 VV rise 2022->2026, orbit 113"}}, {"type": "Feature", "geometry": {"geodesic": false, "type": "Polygon", "coordinates": [[[110.00283879074236, 40.69565866423939], [110.00283879074236, 40.69547900118256], [110.00265912768553, 40.69547900118256], [110.00265912768553, 40.69565866423939], [110.00212013851505, 40.69565866423939], [110.00212013851505, 40.69547900118256], [110.00194047545824, 40.69547900118256], [110.00194047545824, 40.695299338125736], [110.00158114934459, 40.695299338125736], [110.00158114934459, 40.69565866423939], [110.00140148628776, 40.69565866423939], [110.00140148628776, 40.695299338125736], [110.0008624971173, 40.695299338125736], [110.0008624971173, 40.69565866423939], [110.00068283406047, 40.69565866423939], [110.00068283406047, 40.69547900118256], [110.00050317100364, 40.69547900118256], [110.00050317100364, 40.69565866423939], [109.99960485571953, 40.69565866423939], [109.99960485571953, 40.69547900118256], [109.99924552960587, 40.69547900118256], [109.99924552960587, 40.695299338125736], [109.99888620349223, 40.695299338125736], [109.99888620349223, 40.69565866423939], [109.99744889903764, 40.69565866423939], [109.99744889903764, 40.69547900118256], [109.99690990986717, 40.69547900118256], [109.99690990986717, 40.69565866423939], [109.99673024681034, 40.69565866423939], [109.99673024681034, 40.69547900118256], [109.99655058375352, 40.69547900118256], [109.99655058375352, 40.69565866423939], [109.99547260541257, 40.69565866423939], [109.99547260541257, 40.69547900118256], [109.99529294235575, 40.69547900118256], [109.99529294235575, 40.695299338125736], [109.99511327929893, 40.695299338125736], [109.99511327929893, 40.69494001201209], [109.99547260541257, 40.69494001201209], [109.99547260541257, 40.695119675068916], [109.9956522684694, 40.695119675068916], [109.9956522684694, 40.69476034895526], [109.99601159458305, 40.69476034895526], [109.99601159458305, 40.69494001201209], [109.99637092069669, 40.69494001201209], [109.99637092069669, 40.695119675068916], [109.99655058375352, 40.695119675068916], [109.99655058375352, 40.69494001201209], [109.99673024681034, 40.69494001201209], [109.99673024681034, 40.695119675068916], [109.99690990986717, 40.695119675068916], [109.99690990986717, 40.69494001201209], [109.99780822515129, 40.69494001201209], [109.99780822515129, 40.695119675068916], [109.99834721432175, 40.695119675068916], [109.99834721432175, 40.69494001201209], [109.9987065404354, 40.69494001201209], [109.9987065404354, 40.695119675068916], [109.99906586654906, 40.695119675068916], [109.99906586654906, 40.69494001201209], [109.99960485571953, 40.69494001201209], [109.99960485571953, 40.695119675068916], [109.99996418183318, 40.695119675068916], [109.99996418183318, 40.69494001201209], [110.00104216017412, 40.69494001201209], [110.00104216017412, 40.695119675068916], [110.00265912768553, 40.695119675068916], [110.00265912768553, 40.69494001201209], [110.00301845379919, 40.69494001201209], [110.00301845379919, 40.695119675068916], [110.00337777991282, 40.695119675068916], [110.00337777991282, 40.69494001201209], [110.00409643214012, 40.69494001201209], [110.00409643214012, 40.695119675068916], [110.00427609519694, 40.695119675068916], [110.00427609519694, 40.69494001201209], [110.0046354213106, 40.69494001201209], [110.0046354213106, 40.69476034895526], [110.00445575825377, 40.69476034895526], [110.00445575825377, 40.69440102284162], [110.00427609519694, 40.69440102284162], [110.00427609519694, 40.69404169672797], [110.0039167690833, 40.69404169672797], [110.0039167690833, 40.6942213597848], [110.00355744296965, 40.6942213597848], [110.00355744296965, 40.69404169672797], [110.00265912768553, 40.69404169672797], [110.00265912768553, 40.6942213597848], [110.00229980157188, 40.6942213597848], [110.00229980157188, 40.69404169672797], [110.00104216017412, 40.69404169672797], [110.00104216017412, 40.693862033671145], [110.0008624971173, 40.693862033671145], [110.0008624971173, 40.69404169672797], [110.00050317100364, 40.69404169672797], [110.00050317100364, 40.693862033671145], [110.00014384488999, 40.693862033671145], [110.00014384488999, 40.69404169672797], [109.99996418183318, 40.69404169672797], [109.99996418183318, 40.693862033671145], [109.99960485571953, 40.693862033671145], [109.99960485571953, 40.69404169672797], [109.99924552960587, 40.69404169672797], [109.99924552960587, 40.6942213597848], [109.9987065404354, 40.6942213597848], [109.9987065404354, 40.69404169672797], [109.99798788820812, 40.69404169672797], [109.99798788820812, 40.6942213597848], [109.99762856209446, 40.6942213597848], [109.99762856209446, 40.69440102284162], [109.99744889903764, 40.69440102284162], [109.99744889903764, 40.693682370614326], [109.99798788820812, 40.693682370614326], [109.99798788820812, 40.6935027075575], [110.00050317100364, 40.6935027075575], [110.00050317100364, 40.69332304450067], [110.00140148628776, 40.69332304450067], [110.00140148628776, 40.6935027075575], [110.00212013851505, 40.6935027075575], [110.00212013851505, 40.693682370614326], [110.00229980157188, 40.693682370614326], [110.00229980157188, 40.6935027075575], [110.00355744296965, 40.6935027075575], [110.00355744296965, 40.693682370614326], [110.00373710602648, 40.693682370614326], [110.00373710602648, 40.6935027075575], [110.0039167690833, 40.6935027075575], [110.0039167690833, 40.69332304450067], [110.00427609519694, 40.69332304450067], [110.00427609519694, 40.6935027075575], [110.00445575825377, 40.6935027075575], [110.00445575825377, 40.693682370614326], [110.00517441048106, 40.693682370614326], [110.00517441048106, 40.693862033671145], [110.00535407353789, 40.693862033671145], [110.00535407353789, 40.69404169672797], [110.00571339965154, 40.69404169672797], [110.00571339965154, 40.6942213597848], [110.00535407353789, 40.6942213597848], [110.00535407353789, 40.69440102284162], [110.00571339965154, 40.69440102284162], [110.00571339965154, 40.694580685898444], [110.00553373659471, 40.694580685898444], [110.00553373659471, 40.69476034895526], [110.00535407353789, 40.69476034895526], [110.00535407353789, 40.69494001201209], [110.00553373659471, 40.69494001201209], [110.00553373659471, 40.695119675068916], [110.00499474742425, 40.695119675068916], [110.00499474742425, 40.695299338125736], [110.0046354213106, 40.695299338125736], [110.0046354213106, 40.69547900118256], [110.00535407353789, 40.69547900118256], [110.00535407353789, 40.69565866423939], [110.00283879074236, 40.69565866423939]], [[110.00122182323094, 40.693682370614326], [110.00104216017412, 40.693682370614326], [110.00104216017412, 40.6935027075575], [110.00122182323094, 40.6935027075575], [110.00122182323094, 40.693682370614326]], [[110.00427609519694, 40.693682370614326], [110.00409643214012, 40.693682370614326], [110.00409643214012, 40.6935027075575], [110.00427609519694, 40.6935027075575], [110.00427609519694, 40.693682370614326]], [[110.00499474742425, 40.695119675068916], [110.00481508436742, 40.695119675068916], [110.00481508436742, 40.69494001201209], [110.00499474742425, 40.69494001201209], [110.00499474742425, 40.695119675068916]], [[109.99780822515129, 40.69547900118256], [109.99762856209446, 40.69547900118256], [109.99762856209446, 40.695299338125736], [109.99780822515129, 40.695299338125736], [109.99780822515129, 40.69547900118256]], [[109.99852687737858, 40.69547900118256], [109.99834721432175, 40.69547900118256], [109.99834721432175, 40.695299338125736], [109.99852687737858, 40.695299338125736], [109.99852687737858, 40.69547900118256]]]}, "properties": {"name": "cand04", "ptype": "hall", "confidence": "low", "rank": 4, "area_ha": 13.5, "rise_db": 11.3, "digitised_from": "Sentinel-1 VV rise 2022->2026, orbit 113"}}, {"type": "Feature", "geometry": {"geodesic": false, "type": "Polygon", "coordinates": [[[109.97427236470736, 40.668349879602154], [109.97427236470736, 40.66817021654533], [109.97409270165053, 40.66817021654533], [109.97409270165053, 40.66799055348851], [109.97373337553688, 40.66799055348851], [109.97373337553688, 40.66817021654533], [109.97337404942324, 40.66817021654533], [109.97337404942324, 40.668349879602154], [109.97319438636642, 40.668349879602154], [109.97319438636642, 40.66817021654533], [109.97301472330959, 40.66817021654533], [109.97301472330959, 40.66799055348851], [109.97265539719594, 40.66799055348851], [109.97265539719594, 40.667631227374855], [109.97283506025276, 40.667631227374855], [109.97283506025276, 40.66781089043168], [109.97301472330959, 40.66781089043168], [109.97301472330959, 40.66799055348851], [109.97337404942324, 40.66799055348851], [109.97337404942324, 40.66781089043168], [109.97355371248005, 40.66781089043168], [109.97355371248005, 40.667631227374855], [109.97373337553688, 40.667631227374855], [109.97373337553688, 40.667451564318036], [109.97391303859371, 40.667451564318036], [109.97391303859371, 40.66727190126121], [109.97427236470736, 40.66727190126121], [109.97427236470736, 40.66709223820438], [109.97481135387783, 40.66709223820438], [109.97481135387783, 40.66673291209074], [109.97499101693465, 40.66673291209074], [109.97499101693465, 40.66655324903391], [109.9753503430483, 40.66655324903391], [109.9753503430483, 40.66637358597709], [109.97570966916194, 40.66637358597709], [109.97570966916194, 40.66655324903391], [109.9760689952756, 40.66655324903391], [109.9760689952756, 40.66637358597709], [109.97588933221877, 40.66637358597709], [109.97588933221877, 40.666014259863445], [109.97624865833242, 40.666014259863445], [109.97624865833242, 40.66565493374979], [109.97642832138924, 40.66565493374979], [109.97642832138924, 40.66547527069297], [109.97678764750289, 40.66547527069297], [109.97678764750289, 40.665295607636146], [109.97714697361654, 40.665295607636146], [109.97714697361654, 40.6649362815225], [109.97750629973018, 40.6649362815225], [109.97750629973018, 40.664756618465674], [109.977685962787, 40.664756618465674], [109.977685962787, 40.66457695540885], [109.97804528890066, 40.66457695540885], [109.97804528890066, 40.66439729235203], [109.97822495195749, 40.66439729235203], [109.97822495195749, 40.6642176292952], [109.9784046150143, 40.6642176292952], [109.9784046150143, 40.66403796623838], [109.97876394112795, 40.66403796623838], [109.97876394112795, 40.663858303181556], [109.9791232672416, 40.663858303181556], [109.9791232672416, 40.66367864012473], [109.97930293029843, 40.66367864012473], [109.97930293029843, 40.66349897706791], [109.97966225641207, 40.66349897706791], [109.97966225641207, 40.66331931401108], [109.9798419194689, 40.66331931401108], [109.9798419194689, 40.66313965095426], [109.98002158252572, 40.66313965095426], [109.98002158252572, 40.66331931401108], [109.9798419194689, 40.66331931401108], [109.9798419194689, 40.66349897706791], [109.97966225641207, 40.66349897706791], [109.97966225641207, 40.66367864012473], [109.98002158252572, 40.66367864012473], [109.98002158252572, 40.66349897706791], [109.98038090863936, 40.66349897706791], [109.98038090863936, 40.66331931401108], [109.98109956086667, 40.66331931401108], [109.98109956086667, 40.66367864012473], [109.98038090863936, 40.66367864012473], [109.98038090863936, 40.66403796623838], [109.98056057169619, 40.66403796623838], [109.98056057169619, 40.6642176292952], [109.98002158252572, 40.6642176292952], [109.98002158252572, 40.663858303181556], [109.9798419194689, 40.663858303181556], [109.9798419194689, 40.6642176292952], [109.97966225641207, 40.6642176292952], [109.97966225641207, 40.66439729235203], [109.97930293029843, 40.66439729235203], [109.97930293029843, 40.66457695540885], [109.97894360418478, 40.66457695540885], [109.97894360418478, 40.6649362815225], [109.9791232672416, 40.6649362815225], [109.9791232672416, 40.66511594457932], [109.97894360418478, 40.66511594457932], [109.97894360418478, 40.665295607636146], [109.9784046150143, 40.665295607636146], [109.9784046150143, 40.66511594457932], [109.97822495195749, 40.66511594457932], [109.97822495195749, 40.665295607636146], [109.97804528890066, 40.665295607636146], [109.97804528890066, 40.66565493374979], [109.97822495195749, 40.66565493374979], [109.97822495195749, 40.66583459680662], [109.97786562584383, 40.66583459680662], [109.97786562584383, 40.66565493374979], [109.97714697361654, 40.66565493374979], [109.97714697361654, 40.66583459680662], [109.97696731055971, 40.66583459680662], [109.97696731055971, 40.666193922920264], [109.97714697361654, 40.666193922920264], [109.97714697361654, 40.66637358597709], [109.97696731055971, 40.66637358597709], [109.97696731055971, 40.66655324903391], [109.97678764750289, 40.66655324903391], [109.97678764750289, 40.66691257514756], [109.97642832138924, 40.66691257514756], [109.97642832138924, 40.66673291209074], [109.9760689952756, 40.66673291209074], [109.9760689952756, 40.66691257514756], [109.97624865833242, 40.66691257514756], [109.97624865833242, 40.66709223820438], [109.97642832138924, 40.66709223820438], [109.97642832138924, 40.66727190126121], [109.97678764750289, 40.66727190126121], [109.97678764750289, 40.667451564318036], [109.97624865833242, 40.667451564318036], [109.97624865833242, 40.667631227374855], [109.97588933221877, 40.667631227374855], [109.97588933221877, 40.667451564318036], [109.97570966916194, 40.667451564318036], [109.97570966916194, 40.667631227374855], [109.97499101693465, 40.667631227374855], [109.97499101693465, 40.66799055348851], [109.974631690821, 40.66799055348851], [109.974631690821, 40.668349879602154], [109.97427236470736, 40.668349879602154]], [[109.97948259335524, 40.66403796623838], [109.9791232672416, 40.66403796623838], [109.9791232672416, 40.663858303181556], [109.97948259335524, 40.663858303181556], [109.97948259335524, 40.66403796623838]], [[109.97876394112795, 40.66457695540885], [109.97858427807112, 40.66457695540885], [109.97858427807112, 40.66439729235203], [109.97876394112795, 40.66439729235203], [109.97876394112795, 40.66457695540885]], [[109.97786562584383, 40.66511594457932], [109.977685962787, 40.66511594457932], [109.977685962787, 40.664756618465674], [109.97804528890066, 40.664756618465674], [109.97804528890066, 40.6649362815225], [109.97786562584383, 40.6649362815225], [109.97786562584383, 40.66511594457932]], [[109.97732663667337, 40.66547527069297], [109.97714697361654, 40.66547527069297], [109.97714697361654, 40.665295607636146], [109.97732663667337, 40.665295607636146], [109.97732663667337, 40.66547527069297]], [[109.97642832138924, 40.66637358597709], [109.9760689952756, 40.66637358597709], [109.9760689952756, 40.666193922920264], [109.97642832138924, 40.666193922920264], [109.97642832138924, 40.66637358597709]], [[109.974631690821, 40.66799055348851], [109.97427236470736, 40.66799055348851], [109.97427236470736, 40.66781089043168], [109.974631690821, 40.66781089043168], [109.974631690821, 40.66799055348851]]]}, "properties": {"name": "cand05", "ptype": "hall", "confidence": "low", "rank": 5, "area_ha": 9.0, "rise_db": 11.8, "digitised_from": "Sentinel-1 VV rise 2022->2026, orbit 113"}}, {"type": "Feature", "geometry": {"geodesic": false, "type": "Polygon", "coordinates": [[[109.99996418183318, 40.6927840553302], [109.99996418183318, 40.692424729216555], [109.99978451877635, 40.692424729216555], [109.99978451877635, 40.69188574004608], [109.99960485571953, 40.69188574004608], [109.99960485571953, 40.691526413932436], [109.99978451877635, 40.691526413932436], [109.99978451877635, 40.69116708781879], [109.9994251926627, 40.69116708781879], [109.9994251926627, 40.69080776170514], [109.99960485571953, 40.69080776170514], [109.99960485571953, 40.69044843559149], [109.9994251926627, 40.69044843559149], [109.9994251926627, 40.69062809864832], [109.99834721432175, 40.69062809864832], [109.99834721432175, 40.69080776170514], [109.99852687737858, 40.69080776170514], [109.99852687737858, 40.69116708781879], [109.99834721432175, 40.69116708781879], [109.99834721432175, 40.69134675087561], [109.99798788820812, 40.69134675087561], [109.99798788820812, 40.69188574004608], [109.99780822515129, 40.69188574004608], [109.99780822515129, 40.692245066159735], [109.99762856209446, 40.692245066159735], [109.99762856209446, 40.692424729216555], [109.99673024681034, 40.692424729216555], [109.99673024681034, 40.69206540310291], [109.99655058375352, 40.69206540310291], [109.99655058375352, 40.69170607698926], [109.99673024681034, 40.69170607698926], [109.99673024681034, 40.69116708781879], [109.99780822515129, 40.69116708781879], [109.99780822515129, 40.69080776170514], [109.99762856209446, 40.69080776170514], [109.99762856209446, 40.69026877253467], [109.99780822515129, 40.69026877253467], [109.99780822515129, 40.690089109477846], [109.99798788820812, 40.690089109477846], [109.99798788820812, 40.6897297833642], [109.99834721432175, 40.6897297833642], [109.99834721432175, 40.68990944642102], [109.99852687737858, 40.68990944642102], [109.99852687737858, 40.690089109477846], [109.9987065404354, 40.690089109477846], [109.9987065404354, 40.69026877253467], [109.99888620349223, 40.69026877253467], [109.99888620349223, 40.690089109477846], [109.99978451877635, 40.690089109477846], [109.99978451877635, 40.68990944642102], [109.99960485571953, 40.68990944642102], [109.99960485571953, 40.68955012030737], [109.99996418183318, 40.68955012030737], [109.99996418183318, 40.6897297833642], [110.00014384488999, 40.6897297833642], [110.00014384488999, 40.690089109477846], [110.00032350794682, 40.690089109477846], [110.00032350794682, 40.69170607698926], [110.00050317100364, 40.69170607698926], [110.00050317100364, 40.69188574004608], [110.00032350794682, 40.69188574004608], [110.00032350794682, 40.6927840553302], [109.99996418183318, 40.6927840553302]], [[109.99744889903764, 40.691526413932436], [109.99726923598081, 40.691526413932436], [109.99726923598081, 40.69134675087561], [109.99744889903764, 40.69134675087561], [109.99744889903764, 40.691526413932436]], [[109.99780822515129, 40.691526413932436], [109.99762856209446, 40.691526413932436], [109.99762856209446, 40.69134675087561], [109.99780822515129, 40.69134675087561], [109.99780822515129, 40.691526413932436]], [[109.99762856209446, 40.69170607698926], [109.99744889903764, 40.69170607698926], [109.99744889903764, 40.691526413932436], [109.99762856209446, 40.691526413932436], [109.99762856209446, 40.69170607698926]]]}, "properties": {"name": "cand06", "ptype": "hall", "confidence": "low", "rank": 6, "area_ha": 6.2, "rise_db": 9.7, "digitised_from": "Sentinel-1 VV rise 2022->2026, orbit 113"}}, {"type": "Feature", "geometry": {"geodesic": false, "type": "Polygon", "coordinates": [[[109.98792675702597, 40.6597260528746], [109.98792675702597, 40.659546389817784], [109.9866691156282, 40.659546389817784], [109.9866691156282, 40.65918706370413], [109.98684877868503, 40.65918706370413], [109.98684877868503, 40.65900740064731], [109.98720810479868, 40.65900740064731], [109.98720810479868, 40.65864807453366], [109.9873877678555, 40.65864807453366], [109.9873877678555, 40.65810908536319], [109.98756743091232, 40.65810908536319], [109.98756743091232, 40.65792942230637], [109.9873877678555, 40.65792942230637], [109.9873877678555, 40.65757009619272], [109.98756743091232, 40.65757009619272], [109.98756743091232, 40.657390433135895], [109.9873877678555, 40.657390433135895], [109.9873877678555, 40.65721077007907], [109.98756743091232, 40.65721077007907], [109.98756743091232, 40.65703110702225], [109.98774709396915, 40.65703110702225], [109.98774709396915, 40.65685144396542], [109.98864540925327, 40.65685144396542], [109.98864540925327, 40.65721077007907], [109.9881064200828, 40.65721077007907], [109.9881064200828, 40.657390433135895], [109.98846574619644, 40.657390433135895], [109.98846574619644, 40.65757009619272], [109.98828608313961, 40.65757009619272], [109.98828608313961, 40.65774975924954], [109.98846574619644, 40.65774975924954], [109.98846574619644, 40.65810908536319], [109.98918439842375, 40.65810908536319], [109.98918439842375, 40.65828874842001], [109.98900473536692, 40.65828874842001], [109.98900473536692, 40.65864807453366], [109.98918439842375, 40.65864807453366], [109.98918439842375, 40.658827737590485], [109.98936406148056, 40.658827737590485], [109.98936406148056, 40.65900740064731], [109.98972338759421, 40.65900740064731], [109.98972338759421, 40.65918706370413], [109.98954372453738, 40.65918706370413], [109.98954372453738, 40.65936672676096], [109.98936406148056, 40.65936672676096], [109.98936406148056, 40.65918706370413], [109.9881064200828, 40.65918706370413], [109.9881064200828, 40.6597260528746], [109.98792675702597, 40.6597260528746]], [[109.9881064200828, 40.65757009619272], [109.98792675702597, 40.65757009619272], [109.98792675702597, 40.657390433135895], [109.9881064200828, 40.657390433135895], [109.9881064200828, 40.65757009619272]], [[109.98792675702597, 40.65810908536319], [109.98774709396915, 40.65810908536319], [109.98774709396915, 40.65792942230637], [109.98792675702597, 40.65792942230637], [109.98792675702597, 40.65810908536319]]]}, "properties": {"name": "cand07", "ptype": "hall", "confidence": "low", "rank": 7, "area_ha": 4.8, "rise_db": 10.0, "digitised_from": "Sentinel-1 VV rise 2022->2026, orbit 113"}}, {"type": "Feature", "geometry": {"geodesic": false, "type": "Polygon", "coordinates": [[[109.96636719020711, 40.66295998789744], [109.96636719020711, 40.66278032484061], [109.96618752715028, 40.66278032484061], [109.96618752715028, 40.662600661783785], [109.96582820103663, 40.662600661783785], [109.96582820103663, 40.662420998726965], [109.9656485379798, 40.662420998726965], [109.9656485379798, 40.66224133567014], [109.96546887492298, 40.66224133567014], [109.96546887492298, 40.66206167261332], [109.96510954880934, 40.66206167261332], [109.96510954880934, 40.66152268344285], [109.96492988575251, 40.66152268344285], [109.96492988575251, 40.66134302038602], [109.96475022269568, 40.66134302038602], [109.96475022269568, 40.661163357329194], [109.96492988575251, 40.661163357329194], [109.96492988575251, 40.660983694272375], [109.96528921186616, 40.660983694272375], [109.96528921186616, 40.66062436815872], [109.96546887492298, 40.66062436815872], [109.96546887492298, 40.6604447051019], [109.96582820103663, 40.6604447051019], [109.96582820103663, 40.660085378988256], [109.96600786409346, 40.660085378988256], [109.96600786409346, 40.65990571593143], [109.96654685326392, 40.65990571593143], [109.96654685326392, 40.660265042045076], [109.96636719020711, 40.660265042045076], [109.96636719020711, 40.6604447051019], [109.96672651632075, 40.6604447051019], [109.96672651632075, 40.66062436815872], [109.9670858424344, 40.66062436815872], [109.9670858424344, 40.66080403121555], [109.96762483160487, 40.66080403121555], [109.96762483160487, 40.660983694272375], [109.96744516854804, 40.660983694272375], [109.96744516854804, 40.661163357329194], [109.96726550549123, 40.661163357329194], [109.96726550549123, 40.66152268344285], [109.9670858424344, 40.66152268344285], [109.9670858424344, 40.661702346499666], [109.96690617937757, 40.661702346499666], [109.96690617937757, 40.66188200955649], [109.96672651632075, 40.66188200955649], [109.96672651632075, 40.661702346499666], [109.96654685326392, 40.661702346499666], [109.96654685326392, 40.661163357329194], [109.96672651632075, 40.661163357329194], [109.96672651632075, 40.660983694272375], [109.96654685326392, 40.660983694272375], [109.96654685326392, 40.66062436815872], [109.96582820103663, 40.66062436815872], [109.96582820103663, 40.660983694272375], [109.96618752715028, 40.660983694272375], [109.96618752715028, 40.661163357329194], [109.96636719020711, 40.661163357329194], [109.96636719020711, 40.661702346499666], [109.96618752715028, 40.661702346499666], [109.96618752715028, 40.66188200955649], [109.96636719020711, 40.66188200955649], [109.96636719020711, 40.66206167261332], [109.96654685326392, 40.66206167261332], [109.96654685326392, 40.662600661783785], [109.96636719020711, 40.662600661783785], [109.96636719020711, 40.66278032484061], [109.96654685326392, 40.66278032484061], [109.96654685326392, 40.66295998789744], [109.96636719020711, 40.66295998789744]]]}, "properties": {"name": "cand08", "ptype": "hall", "confidence": "low", "rank": 8, "area_ha": 4.4, "rise_db": 8.3, "digitised_from": "Sentinel-1 VV rise 2022->2026, orbit 113"}}, {"type": "Feature", "geometry": {"geodesic": false, "type": "Polygon", "coordinates": [[[109.9850521481168, 40.68631618528455], [109.9850521481168, 40.68613652222772], [109.98487248505997, 40.68613652222772], [109.98487248505997, 40.68595685917089], [109.98469282200314, 40.68595685917089], [109.98469282200314, 40.68613652222772], [109.98451315894631, 40.68613652222772], [109.98451315894631, 40.68631618528455], [109.98433349588949, 40.68631618528455], [109.98433349588949, 40.68559753305725], [109.98451315894631, 40.68559753305725], [109.98451315894631, 40.6852382069436], [109.98433349588949, 40.6852382069436], [109.98433349588949, 40.68487888082995], [109.98397416977585, 40.68487888082995], [109.98397416977585, 40.68469921777313], [109.98451315894631, 40.68469921777313], [109.98451315894631, 40.68487888082995], [109.98469282200314, 40.68487888082995], [109.98469282200314, 40.68469921777313], [109.9850521481168, 40.68469921777313], [109.9850521481168, 40.684339891659484], [109.98523181117362, 40.684339891659484], [109.98523181117362, 40.68416022860266], [109.9850521481168, 40.68416022860266], [109.9850521481168, 40.68380090248901], [109.98559113728726, 40.68380090248901], [109.98559113728726, 40.68416022860266], [109.98541147423043, 40.68416022860266], [109.98541147423043, 40.68487888082995], [109.98523181117362, 40.68487888082995], [109.98523181117362, 40.685058543886775], [109.9850521481168, 40.685058543886775], [109.9850521481168, 40.6852382069436], [109.98469282200314, 40.6852382069436], [109.98469282200314, 40.68541787000042], [109.98487248505997, 40.68541787000042], [109.98487248505997, 40.68559753305725], [109.98523181117362, 40.68559753305725], [109.98523181117362, 40.68541787000042], [109.98541147423043, 40.68541787000042], [109.98541147423043, 40.6852382069436], [109.98577080034408, 40.6852382069436], [109.98577080034408, 40.685058543886775], [109.98595046340091, 40.685058543886775], [109.98595046340091, 40.68487888082995], [109.98630978951455, 40.68487888082995], [109.98630978951455, 40.68469921777313], [109.98648945257138, 40.68469921777313], [109.98648945257138, 40.6845195547163], [109.9866691156282, 40.6845195547163], [109.9866691156282, 40.684339891659484], [109.98702844174186, 40.684339891659484], [109.98702844174186, 40.68416022860266], [109.98720810479868, 40.68416022860266], [109.98720810479868, 40.684339891659484], [109.9873877678555, 40.684339891659484], [109.9873877678555, 40.68469921777313], [109.98720810479868, 40.68469921777313], [109.98720810479868, 40.68487888082995], [109.98684877868503, 40.68487888082995], [109.98684877868503, 40.685058543886775], [109.9866691156282, 40.685058543886775], [109.9866691156282, 40.6852382069436], [109.98648945257138, 40.6852382069436], [109.98648945257138, 40.68541787000042], [109.98630978951455, 40.68541787000042], [109.98630978951455, 40.68559753305725], [109.98577080034408, 40.68559753305725], [109.98577080034408, 40.685777196114074], [109.98559113728726, 40.685777196114074], [109.98559113728726, 40.68613652222772], [109.98577080034408, 40.68613652222772], [109.98577080034408, 40.68631618528455], [109.9850521481168, 40.68631618528455]]]}, "properties": {"name": "cand09", "ptype": "hall", "confidence": "low", "rank": 9, "area_ha": 3.7, "rise_db": 6.8, "digitised_from": "Sentinel-1 VV rise 2022->2026, orbit 113"}}, {"type": "Feature", "geometry": {"geodesic": false, "type": "Polygon", "coordinates": [[[109.97049944051405, 40.69565866423939], [109.97049944051405, 40.69547900118256], [109.97031977745723, 40.69547900118256], [109.97031977745723, 40.695299338125736], [109.97014011440041, 40.695299338125736], [109.97014011440041, 40.69547900118256], [109.96996045134358, 40.69547900118256], [109.96996045134358, 40.69565866423939], [109.96888247300264, 40.69565866423939], [109.96888247300264, 40.69547900118256], [109.96870280994581, 40.69547900118256], [109.96870280994581, 40.695119675068916], [109.96852314688898, 40.695119675068916], [109.96852314688898, 40.69494001201209], [109.96834348383217, 40.69494001201209], [109.96834348383217, 40.69476034895526], [109.96816382077535, 40.69476034895526], [109.96816382077535, 40.694580685898444], [109.96798415771852, 40.694580685898444], [109.96798415771852, 40.69440102284162], [109.96780449466169, 40.69440102284162], [109.96780449466169, 40.6942213597848], [109.96798415771852, 40.6942213597848], [109.96798415771852, 40.69404169672797], [109.96816382077535, 40.69404169672797], [109.96816382077535, 40.693862033671145], [109.96852314688898, 40.693862033671145], [109.96852314688898, 40.69404169672797], [109.96888247300264, 40.69404169672797], [109.96888247300264, 40.6942213597848], [109.9694214621731, 40.6942213597848], [109.9694214621731, 40.69476034895526], [109.96960112522993, 40.69476034895526], [109.96960112522993, 40.694580685898444], [109.96996045134358, 40.694580685898444], [109.96996045134358, 40.69476034895526], [109.97014011440041, 40.69476034895526], [109.97014011440041, 40.69494001201209], [109.97049944051405, 40.69494001201209], [109.97049944051405, 40.695119675068916], [109.97067910357087, 40.695119675068916], [109.97067910357087, 40.695299338125736], [109.9708587666277, 40.695299338125736], [109.9708587666277, 40.69565866423939], [109.97049944051405, 40.69565866423939]]]}, "properties": {"name": "cand10", "ptype": "hall", "confidence": "low", "rank": 10, "area_ha": 3.4, "rise_db": 8.6, "digitised_from": "Sentinel-1 VV rise 2022->2026, orbit 113"}}, {"type": "Feature", "geometry": {"geodesic": false, "type": "Polygon", "coordinates": [[[110.0024794646287, 40.69314338144385], [110.0024794646287, 40.6927840553302], [110.00283879074236, 40.6927840553302], [110.00283879074236, 40.69260439227338], [110.00301845379919, 40.69260439227338], [110.00301845379919, 40.692424729216555], [110.003198116856, 40.692424729216555], [110.003198116856, 40.691526413932436], [110.00337777991282, 40.691526413932436], [110.00337777991282, 40.69080776170514], [110.003198116856, 40.69080776170514], [110.003198116856, 40.69026877253467], [110.00265912768553, 40.69026877253467], [110.00265912768553, 40.69044843559149], [110.0024794646287, 40.69044843559149], [110.0024794646287, 40.69026877253467], [110.00229980157188, 40.69026877253467], [110.00229980157188, 40.690089109477846], [110.0024794646287, 40.690089109477846], [110.0024794646287, 40.68990944642102], [110.00283879074236, 40.68990944642102], [110.00283879074236, 40.690089109477846], [110.00373710602648, 40.690089109477846], [110.00373710602648, 40.68990944642102], [110.00355744296965, 40.68990944642102], [110.00355744296965, 40.6897297833642], [110.0039167690833, 40.6897297833642], [110.0039167690833, 40.68955012030737], [110.00427609519694, 40.68955012030737], [110.00427609519694, 40.690089109477846], [110.00373710602648, 40.690089109477846], [110.00373710602648, 40.69026877253467], [110.0039167690833, 40.69026877253467], [110.0039167690833, 40.69044843559149], [110.00427609519694, 40.69044843559149], [110.00427609519694, 40.69062809864832], [110.00445575825377, 40.69062809864832], [110.00445575825377, 40.69080776170514], [110.00409643214012, 40.69080776170514], [110.00409643214012, 40.69062809864832], [110.00373710602648, 40.69062809864832], [110.00373710602648, 40.69134675087561], [110.0039167690833, 40.69134675087561], [110.0039167690833, 40.691526413932436], [110.00409643214012, 40.691526413932436], [110.00409643214012, 40.69188574004608], [110.0039167690833, 40.69188574004608], [110.0039167690833, 40.69206540310291], [110.00373710602648, 40.69206540310291], [110.00373710602648, 40.692424729216555], [110.0039167690833, 40.692424729216555], [110.0039167690833, 40.69260439227338], [110.00373710602648, 40.69260439227338], [110.00373710602648, 40.6927840553302], [110.00337777991282, 40.6927840553302], [110.00337777991282, 40.69296371838703], [110.003198116856, 40.69296371838703], [110.003198116856, 40.69314338144385], [110.0024794646287, 40.69314338144385]]]}, "properties": {"name": "cand11", "ptype": "hall", "confidence": "low", "rank": 11, "area_ha": 3.3, "rise_db": 8.9, "digitised_from": "Sentinel-1 VV rise 2022->2026, orbit 113"}}, {"type": "Feature", "geometry": {"geodesic": false, "type": "Polygon", "coordinates": [[[109.99924552960587, 40.68416022860266], [109.99924552960587, 40.68398056554583], [109.99906586654906, 40.68398056554583], [109.99906586654906, 40.68344157637536], [109.99888620349223, 40.68344157637536], [109.99888620349223, 40.682902587204886], [109.9994251926627, 40.682902587204886], [109.9994251926627, 40.68272292414807], [109.99924552960587, 40.68272292414807], [109.99924552960587, 40.682183934977594], [109.99906586654906, 40.682183934977594], [109.99906586654906, 40.68236359803442], [109.9987065404354, 40.68236359803442], [109.9987065404354, 40.68254326109124], [109.99834721432175, 40.68254326109124], [109.99834721432175, 40.68272292414807], [109.9987065404354, 40.68272292414807], [109.9987065404354, 40.682902587204886], [109.99816755126493, 40.682902587204886], [109.99816755126493, 40.68308225026171], [109.99762856209446, 40.68308225026171], [109.99762856209446, 40.68272292414807], [109.99780822515129, 40.68272292414807], [109.99780822515129, 40.68254326109124], [109.99816755126493, 40.68254326109124], [109.99816755126493, 40.68236359803442], [109.99834721432175, 40.68236359803442], [109.99834721432175, 40.682183934977594], [109.99852687737858, 40.682183934977594], [109.99852687737858, 40.68200427192077], [109.99888620349223, 40.68200427192077], [109.99888620349223, 40.68182460886395], [109.9994251926627, 40.68182460886395], [109.9994251926627, 40.68164494580712], [109.99960485571953, 40.68164494580712], [109.99960485571953, 40.681465282750295], [109.99996418183318, 40.681465282750295], [109.99996418183318, 40.681285619693476], [110.00032350794682, 40.681285619693476], [110.00032350794682, 40.68110595663665], [110.00068283406047, 40.68110595663665], [110.00068283406047, 40.681285619693476], [110.00032350794682, 40.681285619693476], [110.00032350794682, 40.681465282750295], [109.99996418183318, 40.681465282750295], [109.99996418183318, 40.68164494580712], [109.99978451877635, 40.68164494580712], [109.99978451877635, 40.68182460886395], [109.99960485571953, 40.68182460886395], [109.99960485571953, 40.68200427192077], [109.99978451877635, 40.68200427192077], [109.99978451877635, 40.682183934977594], [109.99960485571953, 40.682183934977594], [109.99960485571953, 40.68254326109124], [109.9994251926627, 40.68254326109124], [109.9994251926627, 40.68272292414807], [109.99978451877635, 40.68272292414807], [109.99978451877635, 40.68254326109124], [109.99996418183318, 40.68254326109124], [109.99996418183318, 40.68272292414807], [110.00014384488999, 40.68272292414807], [110.00014384488999, 40.682902587204886], [110.00032350794682, 40.682902587204886], [110.00032350794682, 40.68308225026171], [110.00014384488999, 40.68308225026171], [110.00014384488999, 40.68326191331854], [109.99960485571953, 40.68326191331854], [109.99960485571953, 40.683621239432185], [109.99978451877635, 40.683621239432185], [109.99978451877635, 40.68398056554583], [109.99960485571953, 40.68398056554583], [109.99960485571953, 40.68416022860266], [109.99924552960587, 40.68416022860266]], [[109.99960485571953, 40.682183934977594], [109.9994251926627, 40.682183934977594], [109.9994251926627, 40.68200427192077], [109.99960485571953, 40.68200427192077], [109.99960485571953, 40.682183934977594]]]}, "properties": {"name": "cand12", "ptype": "hall", "confidence": "low", "rank": 12, "area_ha": 3.2, "rise_db": 6.0, "digitised_from": "Sentinel-1 VV rise 2022->2026, orbit 113"}}, {"type": "Feature", "geometry": {"geodesic": false, "type": "Polygon", "coordinates": [[[110.02403903144757, 40.626129061248534], [110.02403903144757, 40.625949398191715], [110.02385936839075, 40.625949398191715], [110.02385936839075, 40.62559007207806], [110.02367970533393, 40.62559007207806], [110.02367970533393, 40.62541040902124], [110.02332037922028, 40.62541040902124], [110.02332037922028, 40.62505108290759], [110.02314071616345, 40.62505108290759], [110.02314071616345, 40.62469175679394], [110.02296105310663, 40.62469175679394], [110.02296105310663, 40.6243324306803], [110.02278139004981, 40.6243324306803], [110.02278139004981, 40.62397310456665], [110.02296105310663, 40.62397310456665], [110.02296105310663, 40.623793441509825], [110.02314071616345, 40.623793441509825], [110.02314071616345, 40.62397310456665], [110.02332037922028, 40.62397310456665], [110.02332037922028, 40.62469175679394], [110.0235000422771, 40.62469175679394], [110.0235000422771, 40.62451209373712], [110.02385936839075, 40.62451209373712], [110.02385936839075, 40.6243324306803], [110.02367970533393, 40.6243324306803], [110.02367970533393, 40.62397310456665], [110.02403903144757, 40.62397310456665], [110.02403903144757, 40.62451209373712], [110.0242186945044, 40.62451209373712], [110.0242186945044, 40.62487141985077], [110.02457802061805, 40.62487141985077], [110.02457802061805, 40.62505108290759], [110.02475768367488, 40.62505108290759], [110.02475768367488, 40.62541040902124], [110.02457802061805, 40.62541040902124], [110.02457802061805, 40.62559007207806], [110.02439835756122, 40.62559007207806], [110.02439835756122, 40.62576973513489], [110.02511700978852, 40.62576973513489], [110.02511700978852, 40.626129061248534], [110.02403903144757, 40.626129061248534]]]}, "properties": {"name": "cand13", "ptype": "hall", "confidence": "low", "rank": 13, "area_ha": 2.8, "rise_db": 7.0, "digitised_from": "Sentinel-1 VV rise 2022->2026, orbit 113"}}, {"type": "Feature", "geometry": {"geodesic": false, "type": "Polygon", "coordinates": [[[109.99457429012845, 40.67302111907957], [109.99457429012845, 40.67284145602275], [109.99439462707163, 40.67284145602275], [109.99439462707163, 40.6724821299091], [109.99403530095799, 40.6724821299091], [109.99403530095799, 40.67230246685228], [109.99385563790116, 40.67230246685228], [109.99385563790116, 40.67212280379545], [109.99349631178751, 40.67212280379545], [109.99349631178751, 40.671943140738634], [109.99313698567387, 40.671943140738634], [109.99313698567387, 40.67176347768181], [109.99331664873068, 40.67176347768181], [109.99331664873068, 40.67158381462498], [109.99349631178751, 40.67158381462498], [109.99349631178751, 40.67140415156816], [109.99385563790116, 40.67140415156816], [109.99385563790116, 40.671224488511335], [109.99403530095799, 40.671224488511335], [109.99403530095799, 40.67104482545451], [109.9942149640148, 40.67104482545451], [109.9942149640148, 40.67086516239769], [109.99475395318528, 40.67086516239769], [109.99475395318528, 40.67140415156816], [109.99511327929893, 40.67140415156816], [109.99511327929893, 40.67176347768181], [109.99493361624211, 40.67176347768181], [109.99493361624211, 40.67212280379545], [109.99511327929893, 40.67212280379545], [109.99511327929893, 40.6724821299091], [109.99529294235575, 40.6724821299091], [109.99529294235575, 40.672661792965926], [109.99493361624211, 40.672661792965926], [109.99493361624211, 40.67302111907957], [109.99457429012845, 40.67302111907957]], [[109.99493361624211, 40.67230246685228], [109.99439462707163, 40.67230246685228], [109.99439462707163, 40.67212280379545], [109.99493361624211, 40.67212280379545], [109.99493361624211, 40.67230246685228]]]}, "properties": {"name": "cand14", "ptype": "hall", "confidence": "low", "rank": 14, "area_ha": 2.8, "rise_db": 8.9, "digitised_from": "Sentinel-1 VV rise 2022->2026, orbit 113"}}, {"type": "Feature", "geometry": {"geodesic": false, "type": "Polygon", "coordinates": [[[109.98792675702597, 40.69134675087561], [109.98792675702597, 40.69116708781879], [109.9873877678555, 40.69116708781879], [109.9873877678555, 40.690987424761964], [109.98720810479868, 40.690987424761964], [109.98720810479868, 40.69080776170514], [109.98702844174186, 40.69080776170514], [109.98702844174186, 40.69062809864832], [109.98684877868503, 40.69062809864832], [109.98684877868503, 40.69044843559149], [109.9866691156282, 40.69044843559149], [109.9866691156282, 40.69026877253467], [109.98595046340091, 40.69026877253467], [109.98595046340091, 40.68990944642102], [109.98577080034408, 40.68990944642102], [109.98577080034408, 40.6897297833642], [109.98523181117362, 40.6897297833642], [109.98523181117362, 40.68955012030737], [109.98451315894631, 40.68955012030737], [109.98451315894631, 40.68937045725055], [109.98433349588949, 40.68937045725055], [109.98433349588949, 40.68919079419373], [109.98415383283267, 40.68919079419373], [109.98415383283267, 40.6890111311369], [109.98433349588949, 40.6890111311369], [109.98433349588949, 40.688831468080075], [109.98451315894631, 40.688831468080075], [109.98451315894631, 40.6890111311369], [109.98469282200314, 40.6890111311369], [109.98469282200314, 40.68919079419373], [109.98595046340091, 40.68919079419373], [109.98595046340091, 40.68937045725055], [109.98613012645774, 40.68937045725055], [109.98613012645774, 40.68955012030737], [109.98630978951455, 40.68955012030737], [109.98630978951455, 40.6897297833642], [109.98648945257138, 40.6897297833642], [109.98648945257138, 40.68990944642102], [109.9866691156282, 40.68990944642102], [109.9866691156282, 40.69026877253467], [109.9873877678555, 40.69026877253467], [109.9873877678555, 40.69044843559149], [109.98756743091232, 40.69044843559149], [109.98756743091232, 40.69062809864832], [109.98792675702597, 40.69062809864832], [109.98792675702597, 40.69080776170514], [109.98828608313961, 40.69080776170514], [109.98828608313961, 40.69134675087561], [109.98792675702597, 40.69134675087561]]]}, "properties": {"name": "cand15", "ptype": "hall", "confidence": "low", "rank": 15, "area_ha": 2.6, "rise_db": 6.6, "digitised_from": "Sentinel-1 VV rise 2022->2026, orbit 113"}}, {"type": "Feature", "geometry": {"geodesic": false, "type": "Polygon", "coordinates": [[[109.99313698567387, 40.648766606408344], [109.99313698567387, 40.648586943351525], [109.99295732261704, 40.648586943351525], [109.99295732261704, 40.64822761723788], [109.99259799650339, 40.64822761723788], [109.99259799650339, 40.64804795418105], [109.99277765956022, 40.64804795418105], [109.99277765956022, 40.647868291124226], [109.99295732261704, 40.647868291124226], [109.99295732261704, 40.64768862806741], [109.99313698567387, 40.64768862806741], [109.99313698567387, 40.647329301953754], [109.99349631178751, 40.647329301953754], [109.99349631178751, 40.647149638896934], [109.99367597484434, 40.647149638896934], [109.99367597484434, 40.64696997584011], [109.99385563790116, 40.64696997584011], [109.99385563790116, 40.64679031278328], [109.99439462707163, 40.64679031278328], [109.99439462707163, 40.64696997584011], [109.99457429012845, 40.64696997584011], [109.99457429012845, 40.647329301953754], [109.99475395318528, 40.647329301953754], [109.99475395318528, 40.647868291124226], [109.99403530095799, 40.647868291124226], [109.99403530095799, 40.64804795418105], [109.99385563790116, 40.64804795418105], [109.99385563790116, 40.64822761723788], [109.99367597484434, 40.64822761723788], [109.99367597484434, 40.6484072802947], [109.99349631178751, 40.6484072802947], [109.99349631178751, 40.648586943351525], [109.99331664873068, 40.648586943351525], [109.99331664873068, 40.648766606408344], [109.99313698567387, 40.648766606408344]]]}, "properties": {"name": "cand16", "ptype": "hall", "confidence": "low", "rank": 16, "area_ha": 2.6, "rise_db": 8.1, "digitised_from": "Sentinel-1 VV rise 2022->2026, orbit 113"}}, {"type": "Feature", "geometry": {"geodesic": false, "type": "Polygon", "coordinates": [[[109.98684877868503, 40.68811281585278], [109.98684877868503, 40.68793315279596], [109.98702844174186, 40.68793315279596], [109.98702844174186, 40.68775348973914], [109.98684877868503, 40.68775348973914], [109.98684877868503, 40.68757382668231], [109.9866691156282, 40.68757382668231], [109.9866691156282, 40.687394163625484], [109.98648945257138, 40.687394163625484], [109.98648945257138, 40.687214500568665], [109.98613012645774, 40.687214500568665], [109.98613012645774, 40.68667551139819], [109.98648945257138, 40.68667551139819], [109.98648945257138, 40.686495848341366], [109.98684877868503, 40.686495848341366], [109.98684877868503, 40.68613652222772], [109.9866691156282, 40.68613652222772], [109.9866691156282, 40.68595685917089], [109.98684877868503, 40.68595685917089], [109.98684877868503, 40.685777196114074], [109.98756743091232, 40.685777196114074], [109.98756743091232, 40.68559753305725], [109.98792675702597, 40.68559753305725], [109.98792675702597, 40.68541787000042], [109.98828608313961, 40.68541787000042], [109.98828608313961, 40.6852382069436], [109.98846574619644, 40.6852382069436], [109.98846574619644, 40.685058543886775], [109.98882507231009, 40.685058543886775], [109.98882507231009, 40.68541787000042], [109.98864540925327, 40.68541787000042], [109.98864540925327, 40.68559753305725], [109.98846574619644, 40.68559753305725], [109.98846574619644, 40.685777196114074], [109.9881064200828, 40.685777196114074], [109.9881064200828, 40.68595685917089], [109.98792675702597, 40.68595685917089], [109.98792675702597, 40.68613652222772], [109.98774709396915, 40.68613652222772], [109.98774709396915, 40.68631618528455], [109.9873877678555, 40.68631618528455], [109.9873877678555, 40.686495848341366], [109.98720810479868, 40.686495848341366], [109.98720810479868, 40.68667551139819], [109.98684877868503, 40.68667551139819], [109.98684877868503, 40.68703483751184], [109.98702844174186, 40.68703483751184], [109.98702844174186, 40.687214500568665], [109.98720810479868, 40.687214500568665], [109.98720810479868, 40.687394163625484], [109.98702844174186, 40.687394163625484], [109.98702844174186, 40.68757382668231], [109.98720810479868, 40.68757382668231], [109.98720810479868, 40.68811281585278], [109.98684877868503, 40.68811281585278]]]}, "properties": {"name": "cand17", "ptype": "hall", "confidence": "low", "rank": 17, "area_ha": 2.6, "rise_db": 10.2, "digitised_from": "Sentinel-1 VV rise 2022->2026, orbit 113"}}, {"type": "Feature", "geometry": {"geodesic": false, "type": "Polygon", "coordinates": [[[109.98684877868503, 40.660983694272375], [109.98684877868503, 40.66080403121555], [109.98648945257138, 40.66080403121555], [109.98648945257138, 40.66062436815872], [109.98630978951455, 40.66062436815872], [109.98630978951455, 40.65990571593143], [109.98648945257138, 40.65990571593143], [109.98648945257138, 40.6597260528746], [109.98774709396915, 40.6597260528746], [109.98774709396915, 40.660085378988256], [109.9873877678555, 40.660085378988256], [109.9873877678555, 40.660265042045076], [109.98846574619644, 40.660265042045076], [109.98846574619644, 40.6604447051019], [109.98828608313961, 40.6604447051019], [109.98828608313961, 40.66080403121555], [109.98774709396915, 40.66080403121555], [109.98774709396915, 40.660983694272375], [109.98684877868503, 40.660983694272375]]]}, "properties": {"name": "cand18", "ptype": "hall", "confidence": "low", "rank": 18, "area_ha": 2.4, "rise_db": 12.2, "digitised_from": "Sentinel-1 VV rise 2022->2026, orbit 113"}}, {"type": "Feature", "geometry": {"geodesic": false, "type": "Polygon", "coordinates": [[[109.9873877678555, 40.67373977130687], [109.9873877678555, 40.673380445193224], [109.98756743091232, 40.673380445193224], [109.98756743091232, 40.6732007821364], [109.98774709396915, 40.6732007821364], [109.98774709396915, 40.67302111907957], [109.98756743091232, 40.67302111907957], [109.98756743091232, 40.6724821299091], [109.98792675702597, 40.6724821299091], [109.98792675702597, 40.672661792965926], [109.9881064200828, 40.672661792965926], [109.9881064200828, 40.67284145602275], [109.98828608313961, 40.67284145602275], [109.98828608313961, 40.672661792965926], [109.98864540925327, 40.672661792965926], [109.98864540925327, 40.6724821299091], [109.98882507231009, 40.6724821299091], [109.98882507231009, 40.671943140738634], [109.98864540925327, 40.671943140738634], [109.98864540925327, 40.67176347768181], [109.98882507231009, 40.67176347768181], [109.98882507231009, 40.67158381462498], [109.98900473536692, 40.67158381462498], [109.98900473536692, 40.67176347768181], [109.98918439842375, 40.67176347768181], [109.98918439842375, 40.67230246685228], [109.98954372453738, 40.67230246685228], [109.98954372453738, 40.6724821299091], [109.98990305065104, 40.6724821299091], [109.98990305065104, 40.672661792965926], [109.98918439842375, 40.672661792965926], [109.98918439842375, 40.67284145602275], [109.98900473536692, 40.67284145602275], [109.98900473536692, 40.67302111907957], [109.98882507231009, 40.67302111907957], [109.98882507231009, 40.6732007821364], [109.98846574619644, 40.6732007821364], [109.98846574619644, 40.673380445193224], [109.98792675702597, 40.673380445193224], [109.98792675702597, 40.673560108250044], [109.98774709396915, 40.673560108250044], [109.98774709396915, 40.67373977130687], [109.9873877678555, 40.67373977130687]]]}, "properties": {"name": "cand19", "ptype": "hall", "confidence": "low", "rank": 19, "area_ha": 2.1, "rise_db": 7.2, "digitised_from": "Sentinel-1 VV rise 2022->2026, orbit 113"}}, {"type": "Feature", "geometry": {"geodesic": false, "type": "Polygon", "coordinates": [[[109.97445202776417, 40.65577346562448], [109.97445202776417, 40.65541413951083], [109.97391303859371, 40.65541413951083], [109.97391303859371, 40.65559380256766], [109.97355371248005, 40.65559380256766], [109.97355371248005, 40.655234476454005], [109.97373337553688, 40.655234476454005], [109.97373337553688, 40.655054813397186], [109.97427236470736, 40.655054813397186], [109.97427236470736, 40.655234476454005], [109.97481135387783, 40.655234476454005], [109.97481135387783, 40.655054813397186], [109.97499101693465, 40.655054813397186], [109.97499101693465, 40.65487515034036], [109.97517067999148, 40.65487515034036], [109.97517067999148, 40.65469548728353], [109.97553000610512, 40.65469548728353], [109.97553000610512, 40.65451582422671], [109.97570966916194, 40.65451582422671], [109.97570966916194, 40.65433616116989], [109.9760689952756, 40.65433616116989], [109.9760689952756, 40.65415649811307], [109.97642832138924, 40.65415649811307], [109.97642832138924, 40.65397683505624], [109.97660798444606, 40.65397683505624], [109.97660798444606, 40.653797171999415], [109.97678764750289, 40.653797171999415], [109.97678764750289, 40.653617508942595], [109.97660798444606, 40.653617508942595], [109.97660798444606, 40.65343784588577], [109.97678764750289, 40.65343784588577], [109.97678764750289, 40.653617508942595], [109.97714697361654, 40.653617508942595], [109.97714697361654, 40.65397683505624], [109.97696731055971, 40.65397683505624], [109.97696731055971, 40.65415649811307], [109.97678764750289, 40.65415649811307], [109.97678764750289, 40.65433616116989], [109.97642832138924, 40.65433616116989], [109.97642832138924, 40.65451582422671], [109.97624865833242, 40.65451582422671], [109.97624865833242, 40.65469548728353], [109.97588933221877, 40.65469548728353], [109.97588933221877, 40.65487515034036], [109.97570966916194, 40.65487515034036], [109.97570966916194, 40.655054813397186], [109.97553000610512, 40.655054813397186], [109.97553000610512, 40.655234476454005], [109.97517067999148, 40.655234476454005], [109.97517067999148, 40.65541413951083], [109.97499101693465, 40.65541413951083], [109.97499101693465, 40.65559380256766], [109.97481135387783, 40.65559380256766], [109.97481135387783, 40.65577346562448], [109.97445202776417, 40.65577346562448]]]}, "properties": {"name": "cand20", "ptype": "hall", "confidence": "low", "rank": 20, "area_ha": 2.1, "rise_db": 6.2, "digitised_from": "Sentinel-1 VV rise 2022->2026, orbit 113"}}, {"type": "Feature", "geometry": {"geodesic": false, "type": "Polygon", "coordinates": [[[109.96654685326392, 40.653797171999415], [109.96654685326392, 40.653617508942595], [109.96636719020711, 40.653617508942595], [109.96636719020711, 40.65325818282894], [109.96672651632075, 40.65325818282894], [109.96672651632075, 40.65343784588577], [109.96690617937757, 40.65343784588577], [109.96690617937757, 40.653617508942595], [109.9670858424344, 40.653617508942595], [109.9670858424344, 40.65343784588577], [109.96744516854804, 40.65343784588577], [109.96744516854804, 40.65307851977212], [109.96762483160487, 40.65307851977212], [109.96762483160487, 40.6528988567153], [109.96798415771852, 40.6528988567153], [109.96798415771852, 40.65271919365847], [109.96870280994581, 40.65271919365847], [109.96870280994581, 40.6528988567153], [109.96852314688898, 40.6528988567153], [109.96852314688898, 40.65325818282894], [109.96870280994581, 40.65325818282894], [109.96870280994581, 40.653617508942595], [109.96798415771852, 40.653617508942595], [109.96798415771852, 40.653797171999415], [109.96654685326392, 40.653797171999415]]]}, "properties": {"name": "cand21", "ptype": "hall", "confidence": "low", "rank": 21, "area_ha": 1.8, "rise_db": 6.1, "digitised_from": "Sentinel-1 VV rise 2022->2026, orbit 113"}}, {"type": "Feature", "geometry": {"geodesic": false, "type": "Polygon", "coordinates": [[[110.00229980157188, 40.672661792965926], [110.00229980157188, 40.6724821299091], [110.00212013851505, 40.6724821299091], [110.00212013851505, 40.67158381462498], [110.00229980157188, 40.67158381462498], [110.00229980157188, 40.67140415156816], [110.00283879074236, 40.67140415156816], [110.00283879074236, 40.671224488511335], [110.003198116856, 40.671224488511335], [110.003198116856, 40.67140415156816], [110.00355744296965, 40.67140415156816], [110.00355744296965, 40.67158381462498], [110.00373710602648, 40.67158381462498], [110.00373710602648, 40.67176347768181], [110.00355744296965, 40.67176347768181], [110.00355744296965, 40.67212280379545], [110.00337777991282, 40.67212280379545], [110.00337777991282, 40.67230246685228], [110.00301845379919, 40.67230246685228], [110.00301845379919, 40.67212280379545], [110.00265912768553, 40.67212280379545], [110.00265912768553, 40.672661792965926], [110.00229980157188, 40.672661792965926]]]}, "properties": {"name": "cand22", "ptype": "hall", "confidence": "low", "rank": 22, "area_ha": 1.8, "rise_db": 7.1, "digitised_from": "Sentinel-1 VV rise 2022->2026, orbit 113"}}, {"type": "Feature", "geometry": {"geodesic": false, "type": "Polygon", "coordinates": [[[109.99529294235575, 40.69476034895526], [109.99529294235575, 40.69440102284162], [109.99511327929893, 40.69440102284162], [109.99511327929893, 40.6942213597848], [109.99493361624211, 40.6942213597848], [109.99493361624211, 40.693862033671145], [109.99511327929893, 40.693862033671145], [109.99511327929893, 40.693682370614326], [109.99529294235575, 40.693682370614326], [109.99529294235575, 40.6935027075575], [109.99547260541257, 40.6935027075575], [109.99547260541257, 40.69332304450067], [109.99583193152623, 40.69332304450067], [109.99583193152623, 40.6935027075575], [109.99690990986717, 40.6935027075575], [109.99690990986717, 40.693862033671145], [109.99673024681034, 40.693862033671145], [109.99673024681034, 40.69404169672797], [109.99619125763986, 40.69404169672797], [109.99619125763986, 40.6942213597848], [109.99529294235575, 40.6942213597848], [109.99529294235575, 40.69440102284162], [109.9956522684694, 40.69440102284162], [109.9956522684694, 40.694580685898444], [109.99547260541257, 40.694580685898444], [109.99547260541257, 40.69476034895526], [109.99529294235575, 40.69476034895526]]]}, "properties": {"name": "cand23", "ptype": "hall", "confidence": "low", "rank": 23, "area_ha": 1.7, "rise_db": 10.0, "digitised_from": "Sentinel-1 VV rise 2022->2026, orbit 113"}}, {"type": "Feature", "geometry": {"geodesic": false, "type": "Polygon", "coordinates": [[[110.00265912768553, 40.67966865218206], [110.00265912768553, 40.67948898912523], [110.00229980157188, 40.67948898912523], [110.00229980157188, 40.67930932606841], [110.00212013851505, 40.67930932606841], [110.00212013851505, 40.67877033689794], [110.00265912768553, 40.67877033689794], [110.00265912768553, 40.678590673841114], [110.00283879074236, 40.678590673841114], [110.00283879074236, 40.67841101078429], [110.00301845379919, 40.67841101078429], [110.00301845379919, 40.67823134772747], [110.00373710602648, 40.67823134772747], [110.00373710602648, 40.67877033689794], [110.00337777991282, 40.67877033689794], [110.00337777991282, 40.67894999995476], [110.003198116856, 40.67894999995476], [110.003198116856, 40.67948898912523], [110.00301845379919, 40.67948898912523], [110.00301845379919, 40.67966865218206], [110.00265912768553, 40.67966865218206]]]}, "properties": {"name": "cand24", "ptype": "hall", "confidence": "low", "rank": 24, "area_ha": 1.6, "rise_db": 9.3, "digitised_from": "Sentinel-1 VV rise 2022->2026, orbit 113"}}, {"type": "Feature", "geometry": {"geodesic": false, "type": "Polygon", "coordinates": [[[109.98217753920761, 40.62990198544184], [109.98217753920761, 40.629722322385014], [109.98199787615079, 40.629722322385014], [109.98199787615079, 40.62954265932819], [109.98181821309396, 40.62954265932819], [109.98181821309396, 40.62936299627137], [109.9812792239235, 40.62936299627137], [109.9812792239235, 40.62918333321454], [109.98109956086667, 40.62918333321454], [109.98109956086667, 40.629003670157715], [109.9812792239235, 40.629003670157715], [109.9812792239235, 40.62864434404407], [109.98181821309396, 40.62864434404407], [109.98181821309396, 40.62846468098724], [109.98163855003713, 40.62846468098724], [109.98163855003713, 40.6281053548736], [109.98199787615079, 40.6281053548736], [109.98199787615079, 40.62828501793042], [109.98217753920761, 40.62828501793042], [109.98217753920761, 40.62846468098724], [109.98235720226442, 40.62846468098724], [109.98235720226442, 40.629003670157715], [109.98217753920761, 40.629003670157715], [109.98217753920761, 40.62918333321454], [109.98235720226442, 40.62918333321454], [109.98235720226442, 40.62936299627137], [109.98253686532125, 40.62936299627137], [109.98253686532125, 40.629722322385014], [109.98235720226442, 40.629722322385014], [109.98235720226442, 40.62990198544184], [109.98217753920761, 40.62990198544184]]]}, "properties": {"name": "cand25", "ptype": "hall", "confidence": "low", "rank": 25, "area_ha": 1.6, "rise_db": 7.4, "digitised_from": "Sentinel-1 VV rise 2022->2026, orbit 113"}}, {"type": "Feature", "geometry": {"geodesic": false, "type": "Polygon", "coordinates": [[[109.96403157046839, 40.6927840553302], [109.96403157046839, 40.69260439227338], [109.96385190741157, 40.69260439227338], [109.96385190741157, 40.692424729216555], [109.96367224435474, 40.692424729216555], [109.96367224435474, 40.692245066159735], [109.96385190741157, 40.692245066159735], [109.96385190741157, 40.69206540310291], [109.96421123352522, 40.69206540310291], [109.96421123352522, 40.69188574004608], [109.96457055963886, 40.69188574004608], [109.96457055963886, 40.69170607698926], [109.96492988575251, 40.69170607698926], [109.96492988575251, 40.691526413932436], [109.96510954880934, 40.691526413932436], [109.96510954880934, 40.69134675087561], [109.96492988575251, 40.69134675087561], [109.96492988575251, 40.690987424761964], [109.96475022269568, 40.690987424761964], [109.96475022269568, 40.69080776170514], [109.96492988575251, 40.69080776170514], [109.96492988575251, 40.69062809864832], [109.96510954880934, 40.69062809864832], [109.96510954880934, 40.690987424761964], [109.96528921186616, 40.690987424761964], [109.96528921186616, 40.69116708781879], [109.96546887492298, 40.69116708781879], [109.96546887492298, 40.69134675087561], [109.9656485379798, 40.69134675087561], [109.9656485379798, 40.691526413932436], [109.96546887492298, 40.691526413932436], [109.96546887492298, 40.69170607698926], [109.96528921186616, 40.69170607698926], [109.96528921186616, 40.69188574004608], [109.96510954880934, 40.69188574004608], [109.96510954880934, 40.69206540310291], [109.96492988575251, 40.69206540310291], [109.96492988575251, 40.692245066159735], [109.96475022269568, 40.692245066159735], [109.96475022269568, 40.692424729216555], [109.96457055963886, 40.692424729216555], [109.96457055963886, 40.69260439227338], [109.96421123352522, 40.69260439227338], [109.96421123352522, 40.6927840553302], [109.96403157046839, 40.6927840553302]]]}, "properties": {"name": "cand26", "ptype": "hall", "confidence": "low", "rank": 26, "area_ha": 1.6, "rise_db": 6.4, "digitised_from": "Sentinel-1 VV rise 2022->2026, orbit 113"}}, {"type": "Feature", "geometry": {"geodesic": false, "type": "Polygon", "coordinates": [[[109.98325551754856, 40.68595685917089], [109.98325551754856, 40.685777196114074], [109.98307585449173, 40.685777196114074], [109.98307585449173, 40.68559753305725], [109.9828961914349, 40.68559753305725], [109.9828961914349, 40.68541787000042], [109.98271652837808, 40.68541787000042], [109.98271652837808, 40.6852382069436], [109.98253686532125, 40.6852382069436], [109.98253686532125, 40.685058543886775], [109.98271652837808, 40.685058543886775], [109.98271652837808, 40.68487888082995], [109.98307585449173, 40.68487888082995], [109.98307585449173, 40.6845195547163], [109.9828961914349, 40.6845195547163], [109.9828961914349, 40.68416022860266], [109.98307585449173, 40.68416022860266], [109.98307585449173, 40.68398056554583], [109.98325551754856, 40.68398056554583], [109.98325551754856, 40.68416022860266], [109.98343518060537, 40.68416022860266], [109.98343518060537, 40.684339891659484], [109.9836148436622, 40.684339891659484], [109.9836148436622, 40.6845195547163], [109.98379450671902, 40.6845195547163], [109.98379450671902, 40.68487888082995], [109.9836148436622, 40.68487888082995], [109.9836148436622, 40.685058543886775], [109.98307585449173, 40.685058543886775], [109.98307585449173, 40.6852382069436], [109.98325551754856, 40.6852382069436], [109.98325551754856, 40.68541787000042], [109.98343518060537, 40.68541787000042], [109.98343518060537, 40.68559753305725], [109.9836148436622, 40.68559753305725], [109.9836148436622, 40.68595685917089], [109.98325551754856, 40.68595685917089]], [[109.98307585449173, 40.68541787000042], [109.9828961914349, 40.68541787000042], [109.9828961914349, 40.6852382069436], [109.98307585449173, 40.6852382069436], [109.98307585449173, 40.68541787000042]]]}, "properties": {"name": "cand27", "ptype": "hall", "confidence": "low", "rank": 27, "area_ha": 1.4, "rise_db": 7.1, "digitised_from": "Sentinel-1 VV rise 2022->2026, orbit 113"}}, {"type": "Feature", "geometry": {"geodesic": false, "type": "Polygon", "coordinates": [[[110.0008624971173, 40.629722322385014], [110.0008624971173, 40.62954265932819], [110.00050317100364, 40.62954265932819], [110.00050317100364, 40.62936299627137], [110.00032350794682, 40.62936299627137], [110.00032350794682, 40.62864434404407], [110.00140148628776, 40.62864434404407], [110.00140148628776, 40.628824007100896], [110.00158114934459, 40.628824007100896], [110.00158114934459, 40.62918333321454], [110.00140148628776, 40.62918333321454], [110.00140148628776, 40.62954265932819], [110.00122182323094, 40.62954265932819], [110.00122182323094, 40.629722322385014], [110.0008624971173, 40.629722322385014]]]}, "properties": {"name": "cand28", "ptype": "hall", "confidence": "low", "rank": 28, "area_ha": 1.3, "rise_db": 12.4, "digitised_from": "Sentinel-1 VV rise 2022->2026, orbit 113"}}, {"type": "Feature", "geometry": {"geodesic": false, "type": "Polygon", "coordinates": [[[109.99726923598081, 40.668888868772626], [109.99726923598081, 40.6687092057158], [109.997089572924, 40.6687092057158], [109.997089572924, 40.66852954265897], [109.99690990986717, 40.66852954265897], [109.99690990986717, 40.66781089043168], [109.997089572924, 40.66781089043168], [109.997089572924, 40.667631227374855], [109.99762856209446, 40.667631227374855], [109.99762856209446, 40.66799055348851], [109.99744889903764, 40.66799055348851], [109.99744889903764, 40.668349879602154], [109.99762856209446, 40.668349879602154], [109.99762856209446, 40.66817021654533], [109.99780822515129, 40.66817021654533], [109.99780822515129, 40.66799055348851], [109.99798788820812, 40.66799055348851], [109.99798788820812, 40.66781089043168], [109.99834721432175, 40.66781089043168], [109.99834721432175, 40.66817021654533], [109.99816755126493, 40.66817021654533], [109.99816755126493, 40.668349879602154], [109.99798788820812, 40.668349879602154], [109.99798788820812, 40.66852954265897], [109.99780822515129, 40.66852954265897], [109.99780822515129, 40.6687092057158], [109.99762856209446, 40.6687092057158], [109.99762856209446, 40.668888868772626], [109.99726923598081, 40.668888868772626]]]}, "properties": {"name": "cand29", "ptype": "hall", "confidence": "low", "rank": 29, "area_ha": 1.3, "rise_db": 6.0, "digitised_from": "Sentinel-1 VV rise 2022->2026, orbit 113"}}, {"type": "Feature", "geometry": {"geodesic": false, "type": "Polygon", "coordinates": [[[109.98487248505997, 40.67948898912523], [109.98487248505997, 40.67930932606841], [109.98451315894631, 40.67930932606841], [109.98451315894631, 40.67912966301159], [109.98433349588949, 40.67912966301159], [109.98433349588949, 40.67894999995476], [109.98415383283267, 40.67894999995476], [109.98415383283267, 40.67877033689794], [109.98397416977585, 40.67877033689794], [109.98397416977585, 40.678590673841114], [109.9836148436622, 40.678590673841114], [109.9836148436622, 40.67841101078429], [109.98343518060537, 40.67841101078429], [109.98343518060537, 40.67823134772747], [109.98307585449173, 40.67823134772747], [109.98307585449173, 40.67805168467064], [109.9828961914349, 40.67805168467064], [109.9828961914349, 40.67787202161382], [109.98271652837808, 40.67787202161382], [109.98271652837808, 40.67751269550017], [109.98253686532125, 40.67751269550017], [109.98253686532125, 40.677153369386524], [109.98271652837808, 40.677153369386524], [109.98271652837808, 40.67733303244335], [109.9828961914349, 40.67733303244335], [109.9828961914349, 40.677692358556996], [109.98325551754856, 40.677692358556996], [109.98325551754856, 40.67787202161382], [109.98343518060537, 40.67787202161382], [109.98343518060537, 40.67805168467064], [109.9836148436622, 40.67805168467064], [109.9836148436622, 40.67823134772747], [109.98397416977585, 40.67823134772747], [109.98397416977585, 40.67841101078429], [109.98415383283267, 40.67841101078429], [109.98415383283267, 40.678590673841114], [109.98433349588949, 40.678590673841114], [109.98433349588949, 40.67877033689794], [109.98469282200314, 40.67877033689794], [109.98469282200314, 40.67894999995476], [109.9850521481168, 40.67894999995476], [109.9850521481168, 40.67912966301159], [109.98523181117362, 40.67912966301159], [109.98523181117362, 40.67930932606841], [109.9850521481168, 40.67930932606841], [109.9850521481168, 40.67948898912523], [109.98487248505997, 40.67948898912523]]]}, "properties": {"name": "cand30", "ptype": "hall", "confidence": "low", "rank": 30, "area_ha": 1.3, "rise_db": 7.0, "digitised_from": "Sentinel-1 VV rise 2022->2026, orbit 113"}}, {"type": "Feature", "geometry": {"geodesic": false, "type": "Polygon", "coordinates": [[[109.99277765956022, 40.69296371838703], [109.99277765956022, 40.692424729216555], [109.99295732261704, 40.692424729216555], [109.99295732261704, 40.692245066159735], [109.99367597484434, 40.692245066159735], [109.99367597484434, 40.692424729216555], [109.99385563790116, 40.692424729216555], [109.99385563790116, 40.692245066159735], [109.9942149640148, 40.692245066159735], [109.9942149640148, 40.69206540310291], [109.99457429012845, 40.69206540310291], [109.99457429012845, 40.692424729216555], [109.99475395318528, 40.692424729216555], [109.99475395318528, 40.69260439227338], [109.99457429012845, 40.69260439227338], [109.99457429012845, 40.6927840553302], [109.99313698567387, 40.6927840553302], [109.99313698567387, 40.69296371838703], [109.99277765956022, 40.69296371838703]]]}, "properties": {"name": "cand31", "ptype": "hall", "confidence": "low", "rank": 31, "area_ha": 1.3, "rise_db": 10.1, "digitised_from": "Sentinel-1 VV rise 2022->2026, orbit 113"}}, {"type": "Feature", "geometry": {"geodesic": false, "type": "Polygon", "coordinates": [[[109.9836148436622, 40.6769737063297], [109.9836148436622, 40.67679404327288], [109.98343518060537, 40.67679404327288], [109.98343518060537, 40.67661438021605], [109.98325551754856, 40.67661438021605], [109.98325551754856, 40.676434717159225], [109.98307585449173, 40.676434717159225], [109.98307585449173, 40.67607539104558], [109.98325551754856, 40.67607539104558], [109.98325551754856, 40.67589572798876], [109.98343518060537, 40.67589572798876], [109.98343518060537, 40.67607539104558], [109.9836148436622, 40.67607539104558], [109.9836148436622, 40.676434717159225], [109.98415383283267, 40.676434717159225], [109.98415383283267, 40.676255054102405], [109.98433349588949, 40.676255054102405], [109.98433349588949, 40.67607539104558], [109.98469282200314, 40.67607539104558], [109.98469282200314, 40.67589572798876], [109.98487248505997, 40.67589572798876], [109.98487248505997, 40.67571606493193], [109.98523181117362, 40.67571606493193], [109.98523181117362, 40.67607539104558], [109.9850521481168, 40.67607539104558], [109.9850521481168, 40.676255054102405], [109.98469282200314, 40.676255054102405], [109.98469282200314, 40.676434717159225], [109.98451315894631, 40.676434717159225], [109.98451315894631, 40.67661438021605], [109.98415383283267, 40.67661438021605], [109.98415383283267, 40.67679404327288], [109.98397416977585, 40.67679404327288], [109.98397416977585, 40.6769737063297], [109.9836148436622, 40.6769737063297]]]}, "properties": {"name": "cand32", "ptype": "hall", "confidence": "low", "rank": 32, "area_ha": 1.3, "rise_db": 6.0, "digitised_from": "Sentinel-1 VV rise 2022->2026, orbit 113"}}, {"type": "Feature", "geometry": {"geodesic": false, "type": "Polygon", "coordinates": [[[109.99008271370786, 40.68685517445501], [109.99008271370786, 40.68667551139819], [109.98990305065104, 40.68667551139819], [109.98990305065104, 40.68685517445501], [109.98954372453738, 40.68685517445501], [109.98954372453738, 40.68667551139819], [109.98918439842375, 40.68667551139819], [109.98918439842375, 40.686495848341366], [109.98900473536692, 40.686495848341366], [109.98900473536692, 40.68613652222772], [109.98918439842375, 40.68613652222772], [109.98918439842375, 40.68595685917089], [109.98936406148056, 40.68595685917089], [109.98936406148056, 40.685777196114074], [109.98972338759421, 40.685777196114074], [109.98972338759421, 40.68595685917089], [109.98990305065104, 40.68595685917089], [109.98990305065104, 40.68613652222772], [109.99026237676468, 40.68613652222772], [109.99026237676468, 40.68631618528455], [109.9904420398215, 40.68631618528455], [109.9904420398215, 40.68667551139819], [109.99026237676468, 40.68667551139819], [109.99026237676468, 40.68685517445501], [109.99008271370786, 40.68685517445501]]]}, "properties": {"name": "cand33", "ptype": "hall", "confidence": "low", "rank": 33, "area_ha": 1.2, "rise_db": 9.1, "digitised_from": "Sentinel-1 VV rise 2022->2026, orbit 113"}}, {"type": "Feature", "geometry": {"geodesic": false, "type": "Polygon", "coordinates": [[[109.96906213605946, 40.66313965095426], [109.96906213605946, 40.66278032484061], [109.96834348383217, 40.66278032484061], [109.96834348383217, 40.662420998726965], [109.96852314688898, 40.662420998726965], [109.96852314688898, 40.66224133567014], [109.96888247300264, 40.66224133567014], [109.96888247300264, 40.66206167261332], [109.96924179911629, 40.66206167261332], [109.96924179911629, 40.66188200955649], [109.96978078828676, 40.66188200955649], [109.96978078828676, 40.66224133567014], [109.9694214621731, 40.66224133567014], [109.9694214621731, 40.662420998726965], [109.96924179911629, 40.662420998726965], [109.96924179911629, 40.66278032484061], [109.96978078828676, 40.66278032484061], [109.96978078828676, 40.66295998789744], [109.96960112522993, 40.66295998789744], [109.96960112522993, 40.66313965095426], [109.96906213605946, 40.66313965095426]]]}, "properties": {"name": "cand34", "ptype": "hall", "confidence": "low", "rank": 34, "area_ha": 1.2, "rise_db": 5.0, "digitised_from": "Sentinel-1 VV rise 2022->2026, orbit 113"}}, {"type": "Feature", "geometry": {"geodesic": false, "type": "Polygon", "coordinates": [[[110.00212013851505, 40.67068549934086], [110.00212013851505, 40.670505836284036], [110.00194047545824, 40.670505836284036], [110.00194047545824, 40.67014651017039], [110.00158114934459, 40.67014651017039], [110.00158114934459, 40.669787184056744], [110.00176081240141, 40.669787184056744], [110.00176081240141, 40.66960752099992], [110.00194047545824, 40.66960752099992], [110.00194047545824, 40.6694278579431], [110.00229980157188, 40.6694278579431], [110.00229980157188, 40.66924819488627], [110.00265912768553, 40.66924819488627], [110.00265912768553, 40.6694278579431], [110.00283879074236, 40.6694278579431], [110.00283879074236, 40.66960752099992], [110.00265912768553, 40.66960752099992], [110.00265912768553, 40.66996684711357], [110.0024794646287, 40.66996684711357], [110.0024794646287, 40.67014651017039], [110.00265912768553, 40.67014651017039], [110.00265912768553, 40.67032617322722], [110.0024794646287, 40.67032617322722], [110.0024794646287, 40.670505836284036], [110.00229980157188, 40.670505836284036], [110.00229980157188, 40.67068549934086], [110.00212013851505, 40.67068549934086]], [[110.00212013851505, 40.67014651017039], [110.00194047545824, 40.67014651017039], [110.00194047545824, 40.66996684711357], [110.00212013851505, 40.66996684711357], [110.00212013851505, 40.67014651017039]]]}, "properties": {"name": "cand35", "ptype": "hall", "confidence": "low", "rank": 35, "area_ha": 1.2, "rise_db": 6.6, "digitised_from": "Sentinel-1 VV rise 2022->2026, orbit 113"}}, {"type": "Feature", "geometry": {"geodesic": false, "type": "Polygon", "coordinates": [[[109.97031977745723, 40.63457322491926], [109.97031977745723, 40.63439356186243], [109.97014011440041, 40.63439356186243], [109.97014011440041, 40.63421389880561], [109.97067910357087, 40.63421389880561], [109.97067910357087, 40.634034235748786], [109.9708587666277, 40.634034235748786], [109.9708587666277, 40.633854572691966], [109.97067910357087, 40.633854572691966], [109.97067910357087, 40.63367490963514], [109.9708587666277, 40.63367490963514], [109.9708587666277, 40.63349524657831], [109.97103842968453, 40.63349524657831], [109.97103842968453, 40.633315583521494], [109.97121809274135, 40.633315583521494], [109.97121809274135, 40.63349524657831], [109.97139775579818, 40.63349524657831], [109.97139775579818, 40.63367490963514], [109.97157741885499, 40.63367490963514], [109.97157741885499, 40.633854572691966], [109.97175708191182, 40.633854572691966], [109.97175708191182, 40.63421389880561], [109.97139775579818, 40.63421389880561], [109.97139775579818, 40.63439356186243], [109.97121809274135, 40.63439356186243], [109.97121809274135, 40.63421389880561], [109.9708587666277, 40.63421389880561], [109.9708587666277, 40.63457322491926], [109.97031977745723, 40.63457322491926]]]}, "properties": {"name": "cand36", "ptype": "hall", "confidence": "low", "rank": 36, "area_ha": 1.1, "rise_db": 6.0, "digitised_from": "Sentinel-1 VV rise 2022->2026, orbit 113"}}, {"type": "Feature", "geometry": {"geodesic": false, "type": "Polygon", "coordinates": [[[109.99780822515129, 40.66080403121555], [109.99780822515129, 40.66062436815872], [109.99744889903764, 40.66062436815872], [109.99744889903764, 40.6604447051019], [109.99726923598081, 40.6604447051019], [109.99726923598081, 40.65990571593143], [109.99744889903764, 40.65990571593143], [109.99744889903764, 40.6597260528746], [109.99762856209446, 40.6597260528746], [109.99762856209446, 40.65990571593143], [109.99816755126493, 40.65990571593143], [109.99816755126493, 40.660085378988256], [109.99834721432175, 40.660085378988256], [109.99834721432175, 40.660265042045076], [109.99852687737858, 40.660265042045076], [109.99852687737858, 40.66062436815872], [109.99816755126493, 40.66062436815872], [109.99816755126493, 40.66080403121555], [109.99780822515129, 40.66080403121555]]]}, "properties": {"name": "cand37", "ptype": "hall", "confidence": "low", "rank": 37, "area_ha": 1.1, "rise_db": 8.6, "digitised_from": "Sentinel-1 VV rise 2022->2026, orbit 113"}}, {"type": "Feature", "geometry": {"geodesic": false, "type": "Polygon", "coordinates": [[[110.00068283406047, 40.687394163625484], [110.00068283406047, 40.687214500568665], [110.0008624971173, 40.687214500568665], [110.0008624971173, 40.68667551139819], [110.00104216017412, 40.68667551139819], [110.00104216017412, 40.686495848341366], [110.00140148628776, 40.686495848341366], [110.00140148628776, 40.68667551139819], [110.00212013851505, 40.68667551139819], [110.00212013851505, 40.68703483751184], [110.00194047545824, 40.68703483751184], [110.00194047545824, 40.687214500568665], [110.00158114934459, 40.687214500568665], [110.00158114934459, 40.687394163625484], [110.00068283406047, 40.687394163625484]]]}, "properties": {"name": "cand38", "ptype": "hall", "confidence": "low", "rank": 38, "area_ha": 1.1, "rise_db": 9.2, "digitised_from": "Sentinel-1 VV rise 2022->2026, orbit 113"}}]}