{
 "type": "FeatureCollection",
 "name": "rainier_in",
 "features": [
  {
   "type": "Feature",
   "properties": {
    "name": "south_1471517722",
    "ptype": "hall",
    "confidence": "medium",
    "note": "Rainier hall (OSM footprint). Campus online Oct 2025 with 18 buildings; valid_from is an estimate of roof completion.",
    "site_id": "rainier_in",
    "digitised_from": "OSM way 1471517722",
    "valid_from": "2025-06-01"
   },
   "geometry": {
    "type": "Polygon",
    "coordinates": [
     [
      [
       -86.477527,
       41.6658639
      ],
      [
       -86.4775214,
       41.6664655
      ],
      [
       -86.4791443,
       41.6664739
      ],
      [
       -86.4791456,
       41.6663353
      ],
      [
       -86.4795516,
       41.6663374
      ],
      [
       -86.4795504,
       41.666465
      ],
      [
       -86.4811601,
       41.6664734
      ],
      [
       -86.4811656,
       41.6658826
      ],
      [
       -86.477527,
       41.6658639
      ]
     ]
    ]
   }
  },
  {
   "type": "Feature",
   "properties": {
    "name": "south_1471517723",
    "ptype": "hall",
    "confidence": "medium",
    "note": "Rainier hall (OSM footprint). Campus online Oct 2025 with 18 buildings; valid_from is an estimate of roof completion.",
    "site_id": "rainier_in",
    "digitised_from": "OSM way 1471517723",
    "valid_from": "2025-06-01"
   },
   "geometry": {
    "type": "Polygon",
    "coordinates": [
     [
      [
       -86.4775044,
       41.6682524
      ],
      [
       -86.4774988,
       41.668854
      ],
      [
       -86.4791217,
       41.6688624
      ],
      [
       -86.479123,
       41.6687238
      ],
      [
       -86.4795289,
       41.6687259
      ],
      [
       -86.4795277,
       41.6688535
      ],
      [
       -86.4811375,
       41.6688619
      ],
      [
       -86.4811429,
       41.6682711
      ],
      [
       -86.4775044,
       41.6682524
      ]
     ]
    ]
   }
  },
  {
   "type": "Feature",
   "properties": {
    "name": "south_1471517724",
    "ptype": "hall",
    "confidence": "medium",
    "note": "Rainier hall (OSM footprint). Campus online Oct 2025 with 18 buildings; valid_from is an estimate of roof completion.",
    "site_id": "rainier_in",
    "digitised_from": "OSM way 1471517724",
    "valid_from": "2025-06-01"
   },
   "geometry": {
    "type": "Polygon",
    "coordinates": [
     [
      [
       -86.4734189,
       41.6682262
      ],
      [
       -86.4734134,
       41.6688278
      ],
      [
       -86.4750362,
       41.6688362
      ],
      [
       -86.4750375,
       41.6686976
      ],
      [
       -86.4754435,
       41.6686997
      ],
      [
       -86.4754423,
       41.6688273
      ],
      [
       -86.477052,
       41.6688357
      ],
      [
       -86.4770575,
       41.6682449
      ],
      [
       -86.4734189,
       41.6682262
      ]
     ]
    ]
   }
  },
  {
   "type": "Feature",
   "properties": {
    "name": "south_1471517725",
    "ptype": "hall",
    "confidence": "medium",
    "note": "Rainier hall (OSM footprint). Campus online Oct 2025 with 18 buildings; valid_from is an estimate of roof completion.",
    "site_id": "rainier_in",
    "digitised_from": "OSM way 1471517725",
    "valid_from": "2025-06-01"
   },
   "geometry": {
    "type": "Polygon",
    "coordinates": [
     [
      [
       -86.4734365,
       41.6658641
      ],
      [
       -86.4734309,
       41.6664658
      ],
      [
       -86.4750538,
       41.6664742
      ],
      [
       -86.4750551,
       41.6663355
      ],
      [
       -86.4754611,
       41.6663377
      ],
      [
       -86.4754598,
       41.6664653
      ],
      [
       -86.4770696,
       41.6664737
      ],
      [
       -86.477075,
       41.6658829
      ],
      [
       -86.4734365,
       41.6658641
      ]
     ]
    ]
   }
  },
  {
   "type": "Feature",
   "properties": {
    "name": "south_1471517726",
    "ptype": "hall",
    "confidence": "medium",
    "note": "Rainier hall (OSM footprint). Campus online Oct 2025 with 18 buildings; valid_from is an estimate of roof completion.",
    "site_id": "rainier_in",
    "digitised_from": "OSM way 1471517726",
    "valid_from": "2025-06-01"
   },
   "geometry": {
    "type": "Polygon",
    "coordinates": [
     [
      [
       -86.4688216,
       41.6685022
      ],
      [
       -86.4688161,
       41.6691038
      ],
      [
       -86.4704389,
       41.6691123
      ],
      [
       -86.4704402,
       41.6689736
      ],
      [
       -86.4708462,
       41.6689758
      ],
      [
       -86.470845,
       41.6691034
      ],
      [
       -86.4724547,
       41.6691117
      ],
      [
       -86.4724602,
       41.668521
      ],
      [
       -86.4688216,
       41.6685022
      ]
     ]
    ]
   }
  },
  {
   "type": "Feature",
   "properties": {
    "name": "south_1471517727",
    "ptype": "hall",
    "confidence": "medium",
    "note": "Rainier hall (OSM footprint). Campus online Oct 2025 with 18 buildings; valid_from is an estimate of roof completion.",
    "site_id": "rainier_in",
    "digitised_from": "OSM way 1471517727",
    "valid_from": "2025-06-01"
   },
   "geometry": {
    "type": "Polygon",
    "coordinates": [
     [
      [
       -86.4811249,
       41.6679963
      ],
      [
       -86.4811311,
       41.6673947
      ],
      [
       -86.4795082,
       41.6673852
      ],
      [
       -86.4795068,
       41.6675239
      ],
      [
       -86.4791008,
       41.6675215
      ],
      [
       -86.4791021,
       41.6673939
      ],
      [
       -86.4774924,
       41.6673846
      ],
      [
       -86.4774863,
       41.6679753
      ],
      [
       -86.4811249,
       41.6679963
      ]
     ]
    ]
   }
  },
  {
   "type": "Feature",
   "properties": {
    "name": "south_1471517728",
    "ptype": "hall",
    "confidence": "medium",
    "note": "Rainier hall (OSM footprint). Campus online Oct 2025 with 18 buildings; valid_from is an estimate of roof completion.",
    "site_id": "rainier_in",
    "digitised_from": "OSM way 1471517728",
    "valid_from": "2025-06-01"
   },
   "geometry": {
    "type": "Polygon",
    "coordinates": [
     [
      [
       -86.4811304,
       41.6703886
      ],
      [
       -86.4811367,
       41.669787
      ],
      [
       -86.4795138,
       41.6697775
      ],
      [
       -86.4795123,
       41.6699162
      ],
      [
       -86.4791064,
       41.6699138
      ],
      [
       -86.4791077,
       41.6697862
      ],
      [
       -86.477498,
       41.6697769
      ],
      [
       -86.4774919,
       41.6703676
      ],
      [
       -86.4811304,
       41.6703886
      ]
     ]
    ]
   }
  },
  {
   "type": "Feature",
   "properties": {
    "name": "south_1471517729",
    "ptype": "hall",
    "confidence": "medium",
    "note": "Rainier hall (OSM footprint). Campus online Oct 2025 with 18 buildings; valid_from is an estimate of roof completion.",
    "site_id": "rainier_in",
    "digitised_from": "OSM way 1471517729",
    "valid_from": "2025-06-01"
   },
   "geometry": {
    "type": "Polygon",
    "coordinates": [
     [
      [
       -86.4724312,
       41.6706363
      ],
      [
       -86.4724374,
       41.6700347
      ],
      [
       -86.4708145,
       41.6700253
      ],
      [
       -86.470813,
       41.670164
      ],
      [
       -86.4704071,
       41.6701616
      ],
      [
       -86.4704084,
       41.670034
      ],
      [
       -86.4687987,
       41.6700246
      ],
      [
       -86.4687926,
       41.6706154
      ],
      [
       -86.4724312,
       41.6706363
      ]
     ]
    ]
   }
  },
  {
   "type": "Feature",
   "properties": {
    "name": "south_1471517730",
    "ptype": "hall",
    "confidence": "medium",
    "note": "Rainier hall (OSM footprint). Campus online Oct 2025 with 18 buildings; valid_from is an estimate of roof completion.",
    "site_id": "rainier_in",
    "digitised_from": "OSM way 1471517730",
    "valid_from": "2025-06-01"
   },
   "geometry": {
    "type": "Polygon",
    "coordinates": [
     [
      [
       -86.4770606,
       41.6679833
      ],
      [
       -86.4770669,
       41.6673817
      ],
      [
       -86.475444,
       41.6673723
      ],
      [
       -86.4754425,
       41.6675109
      ],
      [
       -86.4750366,
       41.6675085
      ],
      [
       -86.4750379,
       41.6673809
      ],
      [
       -86.4734282,
       41.6673716
      ],
      [
       -86.4734221,
       41.6679624
      ],
      [
       -86.4770606,
       41.6679833
      ]
     ]
    ]
   }
  },
  {
   "type": "Feature",
   "properties": {
    "name": "north_1471517731",
    "ptype": "hall",
    "confidence": "medium",
    "note": "Rainier hall (OSM footprint). Campus online Oct 2025 with 18 buildings; valid_from is an estimate of roof completion.",
    "site_id": "rainier_in",
    "digitised_from": "OSM way 1471517731",
    "valid_from": "2025-01-01"
   },
   "geometry": {
    "type": "Polygon",
    "coordinates": [
     [
      [
       -86.4726402,
       41.6899046
      ],
      [
       -86.4734456,
       41.6899096
      ],
      [
       -86.473459,
       41.6886977
      ],
      [
       -86.4732733,
       41.6886965
      ],
      [
       -86.4732768,
       41.6883934
      ],
      [
       -86.4734476,
       41.6883944
      ],
      [
       -86.4734609,
       41.6871923
      ],
      [
       -86.47267,
       41.6871875
      ],
      [
       -86.4726402,
       41.6899046
      ]
     ]
    ]
   }
  },
  {
   "type": "Feature",
   "properties": {
    "name": "north_1471517732",
    "ptype": "hall",
    "confidence": "medium",
    "note": "Rainier hall (OSM footprint). Campus online Oct 2025 with 18 buildings; valid_from is an estimate of roof completion.",
    "site_id": "rainier_in",
    "digitised_from": "OSM way 1471517732",
    "valid_from": "2025-01-01"
   },
   "geometry": {
    "type": "Polygon",
    "coordinates": [
     [
      [
       -86.4694539,
       41.6898867
      ],
      [
       -86.4702593,
       41.6898916
      ],
      [
       -86.4702727,
       41.6886797
      ],
      [
       -86.470087,
       41.6886785
      ],
      [
       -86.4700904,
       41.6883754
      ],
      [
       -86.4702612,
       41.6883764
      ],
      [
       -86.4702745,
       41.6871743
      ],
      [
       -86.4694837,
       41.6871695
      ],
      [
       -86.4694539,
       41.6898867
      ]
     ]
    ]
   }
  },
  {
   "type": "Feature",
   "properties": {
    "name": "north_1471517733",
    "ptype": "hall",
    "confidence": "medium",
    "note": "Rainier hall (OSM footprint). Campus online Oct 2025 with 18 buildings; valid_from is an estimate of roof completion.",
    "site_id": "rainier_in",
    "digitised_from": "OSM way 1471517733",
    "valid_from": "2025-01-01"
   },
   "geometry": {
    "type": "Polygon",
    "coordinates": [
     [
      [
       -86.4644805,
       41.6934141
      ],
      [
       -86.4652859,
       41.693419
      ],
      [
       -86.4652993,
       41.6922072
      ],
      [
       -86.4651137,
       41.692206
      ],
      [
       -86.4651171,
       41.6919029
      ],
      [
       -86.4652879,
       41.691904
      ],
      [
       -86.4653012,
       41.6907019
      ],
      [
       -86.4645103,
       41.6906971
      ],
      [
       -86.4644805,
       41.6934141
      ]
     ]
    ]
   }
  },
  {
   "type": "Feature",
   "properties": {
    "name": "north_1471517734",
    "ptype": "hall",
    "confidence": "medium",
    "note": "Rainier hall (OSM footprint). Campus online Oct 2025 with 18 buildings; valid_from is an estimate of roof completion.",
    "site_id": "rainier_in",
    "digitised_from": "OSM way 1471517734",
    "valid_from": "2025-01-01"
   },
   "geometry": {
    "type": "Polygon",
    "coordinates": [
     [
      [
       -86.4722703,
       41.6898994
      ],
      [
       -86.4714649,
       41.6898944
      ],
      [
       -86.4714781,
       41.6886826
      ],
      [
       -86.4716638,
       41.6886837
      ],
      [
       -86.471667,
       41.6883805
      ],
      [
       -86.4714962,
       41.6883795
      ],
      [
       -86.4715093,
       41.6871774
      ],
      [
       -86.4723001,
       41.6871822
      ],
      [
       -86.4722703,
       41.6898994
      ]
     ]
    ]
   }
  },
  {
   "type": "Feature",
   "properties": {
    "name": "north_1471517735",
    "ptype": "hall",
    "confidence": "medium",
    "note": "Rainier hall (OSM footprint). Campus online Oct 2025 with 18 buildings; valid_from is an estimate of roof completion.",
    "site_id": "rainier_in",
    "digitised_from": "OSM way 1471517735",
    "valid_from": "2025-01-01"
   },
   "geometry": {
    "type": "Polygon",
    "coordinates": [
     [
      [
       -86.4754487,
       41.6899176
      ],
      [
       -86.4746434,
       41.6899127
      ],
      [
       -86.4746566,
       41.6887008
      ],
      [
       -86.4748422,
       41.6887019
      ],
      [
       -86.4748454,
       41.6883988
      ],
      [
       -86.4746746,
       41.6883977
      ],
      [
       -86.4746877,
       41.6871956
      ],
      [
       -86.4754786,
       41.6872005
      ],
      [
       -86.4754487,
       41.6899176
      ]
     ]
    ]
   }
  },
  {
   "type": "Feature",
   "properties": {
    "name": "north_1471517736",
    "ptype": "hall",
    "confidence": "medium",
    "note": "Rainier hall (OSM footprint). Campus online Oct 2025 with 18 buildings; valid_from is an estimate of roof completion.",
    "site_id": "rainier_in",
    "digitised_from": "OSM way 1471517736",
    "valid_from": "2025-01-01"
   },
   "geometry": {
    "type": "Polygon",
    "coordinates": [
     [
      [
       -86.4672718,
       41.693419
      ],
      [
       -86.4664664,
       41.6934141
      ],
      [
       -86.4664796,
       41.6922022
      ],
      [
       -86.4666653,
       41.6922033
      ],
      [
       -86.4666685,
       41.6919002
      ],
      [
       -86.4664977,
       41.6918992
      ],
      [
       -86.4665108,
       41.6906971
      ],
      [
       -86.4673016,
       41.690702
      ],
      [
       -86.4672718,
       41.693419
      ]
     ]
    ]
   }
  },
  {
   "type": "Feature",
   "properties": {
    "name": "north_1471517737",
    "ptype": "hall",
    "confidence": "medium",
    "note": "Rainier hall (OSM footprint). Campus online Oct 2025 with 18 buildings; valid_from is an estimate of roof completion.",
    "site_id": "rainier_in",
    "digitised_from": "OSM way 1471517737",
    "valid_from": "2025-01-01"
   },
   "geometry": {
    "type": "Polygon",
    "coordinates": [
     [
      [
       -86.4641023,
       41.6934068
      ],
      [
       -86.463297,
       41.6934019
      ],
      [
       -86.4633102,
       41.69219
      ],
      [
       -86.4634958,
       41.6921911
      ],
      [
       -86.463499,
       41.691888
      ],
      [
       -86.4633282,
       41.691887
      ],
      [
       -86.4633413,
       41.6906849
      ],
      [
       -86.4641321,
       41.6906898
      ],
      [
       -86.4641023,
       41.6934068
      ]
     ]
    ]
   }
  },
  {
   "type": "Feature",
   "properties": {
    "name": "campus",
    "ptype": "campus",
    "confidence": "high",
    "note": "Hull of mapped halls and the two AWS landuse polygons + 200 m.",
    "site_id": "rainier_in",
    "digitised_from": "derived"
   },
   "geometry": {
    "type": "Polygon",
    "coordinates": [
     [
      [
       -86.48202401748775,
       41.66183052852922
      ],
      [
       -86.48222342284568,
       41.66183942398751
      ],
      [
       -86.48242094844737,
       41.66186815137223
      ],
      [
       -86.48261462685751,
       41.66191642454696
      ],
      [
       -86.48280252896042,
       41.66198376269125
      ],
      [
       -86.48298278317476,
       41.66206949508981
      ],
      [
       -86.4831535940953,
       41.662172767813104
      ],
      [
       -86.48331326037584,
       41.66229255222282
      ],
      [
       -86.48346019167532,
       41.66242765521757
      ],
      [
       -86.48359292449825,
       41.66257673111658
      ],
      [
       -86.48371013677179,
       41.66273829506332
      ],
      [
       -86.48381066101405,
       41.66291073781519
      ],
      [
       -86.48389349596268,
       41.6630923417723
      ],
      [
       -86.48395781654796,
       41.66328129808541
      ],
      [
       -86.48400298211068,
       41.66347572467283
      ],
      [
       -86.4840285427835,
       41.66367368496672
      ],
      [
       -86.48403424397173,
       41.66387320720209
      ],
      [
       -86.48386884397173,
       41.67161720720208
      ],
      [
       -86.48384880615617,
       41.671860079021776
      ],
      [
       -86.48379937849649,
       41.67209871083297
      ],
      [
       -86.47871427849648,
       41.690821410832974
      ],
      [
       -86.47865679848525,
       41.69099960651553
      ],
      [
       -86.47858290624704,
       41.69117164601712
      ],
      [
       -86.47849324940398,
       41.691336021512456
      ],
      [
       -86.4783886137457,
       41.69149129234677
      ],
      [
       -86.47826991634233,
       41.691636097662304
      ],
      [
       -86.47813819750698,
       41.69176916832544
      ],
      [
       -86.47799461167794,
       41.69188933804989
      ],
      [
       -86.47784041730077,
       41.691995553618526
      ],
      [
       -86.4776769657987,
       41.69208688411422
      ],
      [
       -86.4706087657987,
       41.69561278411422
      ],
      [
       -86.47043627922754,
       41.69568889683631
      ],
      [
       -86.47025739211766,
       41.69574842973149
      ],
      [
       -86.47007369409405,
       41.69579085377909
      ],
      [
       -86.46988681753243,
       41.69581579199091
      ],
      [
       -86.4696984230536,
       41.69582302276125
      ],
      [
       -86.4607097230536,
       41.695744022761254
      ],
      [
       -86.46050089622271,
       41.69573124401331
      ],
      [
       -86.46029454692506,
       41.6956967199774
      ],
      [
       -86.46009293323799,
       41.695640828449534
      ],
      [
       -86.45989826141715,
       41.69556418104989
      ],
      [
       -86.45971266175344,
       41.69546761652984
      ],
      [
       -86.45953816526128,
       41.69535219159353
      ],
      [
       -86.45937668145324,
       41.69521916933435
      ],
      [
       -86.45926408145323,
       41.69511606933435
      ],
      [
       -86.45911945031197,
       41.694969242587206
      ],
      [
       -86.45899069732461,
       41.694808311145465
      ],
      [
       -86.4588791897275,
       41.69463498395059
      ],
      [
       -86.45878611162708,
       41.69445110157537
      ],
      [
       -86.45871245142575,
       41.69425861667871
      ],
      [
       -86.45865899132603,
       41.694059573270295
      ],
      [
       -86.45862629902419,
       41.69385608500504
      ],
      [
       -86.45861472168188,
       41.6936503127381
      ],
      [
       -86.45858382168188,
       41.6870143127381
      ],
      [
       -86.45859884040361,
       41.68676018292397
      ],
      [
       -86.45864424040361,
       41.68639208292397
      ],
      [
       -86.45865214315899,
       41.68633483006206
      ],
      [
       -86.46212204315898,
       41.663624230062055
      ],
      [
       -86.46216257007066,
       41.663426448189185
      ],
      [
       -86.46222283027063,
       41.66323375981874
      ],
      [
       -86.46230220970597,
       41.663048128450015
      ],
      [
       -86.46239989949822,
       41.66287144567131
      ],
      [
       -86.462514904186,
       41.66270551188452
      ],
      [
       -86.46264605186865,
       41.662552017959094
      ],
      [
       -86.462792006148,
       41.66241252800195
      ],
      [
       -86.46295127974632,
       41.662288463419245
      ],
      [
       -86.46312224966168,
       41.66218108843216
      ],
      [
       -86.46330317370635,
       41.662091497194496
      ],
      [
       -86.46349220825981,
       41.6620206026432
      ],
      [
       -86.46368742705525,
       41.661969127195526
      ],
      [
       -86.46388684080827,
       41.66193759538756
      ],
      [
       -86.46408841748774,
       41.66192632852922
      ],
      [
       -86.48202401748775,
       41.66183052852922
      ]
     ]
    ]
   }
  },
  {
   "type": "Feature",
   "properties": {
    "name": "hall_surround",
    "ptype": "cooling",
    "confidence": "low",
    "site_id": "rainier_in",
    "digitised_from": "derived: 35-150 m ring around the hall footprints, clipped to the campus, minus digitised yards",
    "note": "Ring around the halls where chillers, dry coolers and switchgear are normally placed, together with adjacent paving and laydown. Measured to ask whether load-related heat is visible next to the halls at night when the roofs show none. Not a clean heat-rejection polygon."
   },
   "geometry": {
    "type": "MultiPolygon",
    "coordinates": [
     [
      [
       [
        -86.47347184887451,
        41.68538824482402
       ],
       [
        -86.47364918457991,
        41.685398063707645
       ],
       [
        -86.47382469546173,
        41.685425272038174
       ],
       [
        -86.47399668049697,
        41.68546960611689
       ],
       [
        -86.47407872689568,
        41.68549962730338
       ],
       [
        -86.47417623152009,
        41.68546553209674
       ],
       [
        -86.47434775002094,
        41.68542382999022
       ],
       [
        -86.47452252287171,
        41.685399089083774
       ],
       [
        -86.4746988769674,
        41.685391546222746
       ],
       [
        -86.4754897769674,
        41.68539644622275
       ],
       [
        -86.4756670905702,
        41.68540628533593
       ],
       [
        -86.47584257778391,
        41.68543350958445
       ],
       [
        -86.47601453821616,
        41.68547785517756
       ],
       [
        -86.47618130564747,
        41.685538892426344
       ],
       [
        -86.47634126417624,
        41.685616029907244
       ],
       [
        -86.47649286387608,
        41.68570852019266
       ],
       [
        -86.47663463581388,
        41.68581546709322
       ],
       [
        -86.47676520628315,
        41.68593583434142
       ],
       [
        -86.47688331011462,
        41.68606845563262
       ],
       [
        -86.47698780293513,
        41.68621204592599
       ],
       [
        -86.47707767225612,
        41.68636521389598
       ],
       [
        -86.47715204728416,
        41.68652647541368
       ],
       [
        -86.47721020735861,
        41.686694267927294
       ],
       [
        -86.47725158893444,
        41.68686696560264
       ],
       [
        -86.47727579104271,
        41.687042895076694
       ],
       [
        -86.47728257917586,
        41.68722035167177
       ],
       [
        -86.47725267917586,
        41.68993745167177
       ],
       [
        -86.47724210707328,
        41.690113625573204
       ],
       [
        -86.47721437140413,
        41.69028792343767
       ],
       [
        -86.47716973760899,
        41.690458677170376
       ],
       [
        -86.47710863284972,
        41.69062425259518
       ],
       [
        -86.47703164192139,
        41.69078306509424
       ],
       [
        -86.47693950165556,
        41.69093359477341
       ],
       [
        -86.47683309386854,
        41.69107440100822
       ],
       [
        -86.47671343692203,
        41.69120413623109
       ],
       [
        -86.47658167597712,
        41.69132155882814
       ],
       [
        -86.4764390720346,
        41.69142554502185
       ],
       [
        -86.47628698986676,
        41.69151509962602
       ],
       [
        -86.47612688495599,
        41.69158936557008
       ],
       [
        -86.47596028956528,
        41.69164763210159
       ],
       [
        -86.47578879807389,
        41.69168934158837
       ],
       [
        -86.47561405171864,
        41.691714094855264
       ],
       [
        -86.47543772288648,
        41.69172165500438
       ],
       [
        -86.47463242288649,
        41.69171675500438
       ],
       [
        -86.47445510837399,
        41.69170693555293
       ],
       [
        -86.4742796183192,
        41.69167973079898
       ],
       [
        -86.47410765313859,
        41.69163540434385
       ],
       [
        -86.47404002421993,
        41.691610660532035
       ],
       [
        -86.47395699902958,
        41.69163968843369
       ],
       [
        -86.47378549510888,
        41.691681380536856
       ],
       [
        -86.47361073797295,
        41.69170611451587
       ],
       [
        -86.473434400263,
        41.69171365363604
       ],
       [
        -86.472629000263,
        41.69170865363604
       ],
       [
        -86.47245169232636,
        41.691698812867195
       ],
       [
        -86.47243353250889,
        41.69169599549126
       ],
       [
        -86.472259100263,
        41.691703453636045
       ],
       [
        -86.471453700263,
        41.69169845363604
       ],
       [
        -86.47127640070087,
        41.69168861374704
       ],
       [
        -86.47110092732494,
        41.6916613914679
       ],
       [
        -86.47092898012589,
        41.6916170505288
       ],
       [
        -86.47085812955157,
        41.69159112022888
       ],
       [
        -86.47077087355439,
        41.69162163683611
       ],
       [
        -86.47059938758879,
        41.69166334360103
       ],
       [
        -86.47042464708142,
        41.691688095282075
       ],
       [
        -86.47024832424935,
        41.69169565501267
       ],
       [
        -86.46944292424936,
        41.69169075501267
       ],
       [
        -86.4692656012146,
        41.691680934801596
       ],
       [
        -86.46909534945986,
        41.69165454098809
       ],
       [
        -86.4690757798972,
        41.693438786014326
       ],
       [
        -86.46906521377011,
        41.69361496429531
       ],
       [
        -86.46903748323167,
        41.693789267040465
       ],
       [
        -86.46899285368542,
        41.69396002603242
       ],
       [
        -86.468931752272,
        41.69412560697036
       ],
       [
        -86.46885476378102,
        41.69428442511161
       ],
       [
        -86.46876262505427,
        41.6944349604389
       ],
       [
        -86.4686562179334,
        41.69457577220815
       ],
       [
        -86.46853656082008,
        41.694705512737535
       ],
       [
        -86.46840479892909,
        41.6948229403059
       ],
       [
        -86.46826219332762,
        41.69492693103703
       ],
       [
        -86.46811010886591,
        41.69501648965605
       ],
       [
        -86.46795000111452,
        41.69509075901496
       ],
       [
        -86.4677834024333,
        41.69514902829632
       ],
       [
        -86.46761190730557,
        41.69519073981626
       ],
       [
        -86.46743715707754,
        41.69521549436201
       ],
       [
        -86.46726082424937,
        41.69522305501267
       ],
       [
        -86.46645542424936,
        41.69521815501267
       ],
       [
        -86.46627810964473,
        41.69520833568628
       ],
       [
        -86.46610261948724,
        41.69518113103945
       ],
       [
        -86.46593065419599,
        41.69513680467269
       ],
       [
        -86.46588265896446,
        41.695119244391854
       ],
       [
        -86.46579747325843,
        41.69514903692362
       ],
       [
        -86.46562598738674,
        41.695190743639806
       ],
       [
        -86.46545124697899,
        41.6952154952915
       ],
       [
        -86.46527492424936,
        41.69522305501267
       ],
       [
        -86.46446952424935,
        41.69521815501267
       ],
       [
        -86.46429220112407,
        41.69520833479209
       ],
       [
        -86.4642614149419,
        41.69520356206503
       ],
       [
        -86.46409132288647,
        41.695210855004376
       ],
       [
        -86.46328602288648,
        41.695205955004376
       ],
       [
        -86.46310870837398,
        41.695196135552926
       ],
       [
        -86.4629332183192,
        41.69516893079898
       ],
       [
        -86.46276125313858,
        41.695124604343846
       ],
       [
        -86.46259447909424,
        41.695063585690136
       ],
       [
        -86.46243451214858,
        41.69498646608003
       ],
       [
        -86.46228290230641,
        41.694893992766445
       ],
       [
        -86.46214111859612,
        41.6947870617725
       ],
       [
        -86.4620105348355,
        41.69466670920947
       ],
       [
        -86.46189241632004,
        41.69453410123734
       ],
       [
        -86.46178790756287,
        41.694390522765275
       ],
       [
        -86.4616980212049,
        41.69423736500145
       ],
       [
        -86.46162362820287,
        41.6940761119729
       ],
       [
        -86.46156544939014,
        41.69390832614597
       ],
       [
        -86.46152404849217,
        41.693735633286785
       ],
       [
        -86.46149982666427,
        41.69355970670829
       ],
       [
        -86.46149301860463,
        41.693382251056676
       ],
       [
        -86.46150621860463,
        41.692170351056674
       ],
       [
        -86.46151677035114,
        41.691994181077376
       ],
       [
        -86.46152669133829,
        41.691931788223556
       ],
       [
        -86.46152421871484,
        41.69186734094101
       ],
       [
        -86.46153731871483,
        41.69066524094101
       ],
       [
        -86.4615478746796,
        41.69048904143881
       ],
       [
        -86.46157559916846,
        41.690314716897554
       ],
       [
        -86.46162022677389,
        41.690143936132245
       ],
       [
        -86.46168133027426,
        41.68997833403319
       ],
       [
        -86.46175832472358,
        41.68981949591516
       ],
       [
        -86.46185047305126,
        41.68966894234107
       ],
       [
        -86.4619568931181,
        41.68952811456562
       ],
       [
        -86.46207656616104,
        41.68939836073808
       ],
       [
        -86.46220834654581,
        41.68928092299646
       ],
       [
        -86.4623509727341,
        41.68917692557639
       ],
       [
        -86.46250307936037,
        41.68908736404887
       ],
       [
        -86.46266321030251,
        41.689013095789576
       ],
       [
        -86.46282983262131,
        41.68895483177118
       ],
       [
        -86.46300135123545,
        41.68891312975719
       ],
       [
        -86.46317612419115,
        41.68888838896246
       ],
       [
        -86.46335247838071,
        41.6888808462315
       ],
       [
        -86.46414327838072,
        41.6888857462315
       ],
       [
        -86.46432058780658,
        41.6888955850456
       ],
       [
        -86.46435122274896,
        41.688900337519534
       ],
       [
        -86.4645212488745,
        41.68889304482402
       ],
       [
        -86.4653121488745,
        41.68889784482402
       ],
       [
        -86.4654894845799,
        41.688907663707646
       ],
       [
        -86.46566499546171,
        41.688934872038175
       ],
       [
        -86.46583698049696,
        41.68897920611689
       ],
       [
        -86.46589930245918,
        41.68900201003369
       ],
       [
        -86.46599933262131,
        41.68896703177118
       ],
       [
        -86.46617085123545,
        41.68892532975719
       ],
       [
        -86.46634562419115,
        41.68890058896246
       ],
       [
        -86.46652197838071,
        41.6888930462315
       ],
       [
        -86.46731277838072,
        41.6888979462315
       ],
       [
        -86.46749008780658,
        41.6889077850456
       ],
       [
        -86.4676601496977,
        41.68893416716489
       ],
       [
        -86.46767972008684,
        41.687149715441855
       ],
       [
        -86.46769028590853,
        41.686973538645695
       ],
       [
        -86.46771801585282,
        41.686799237325324
       ],
       [
        -86.46776264452636,
        41.68662847965612
       ],
       [
        -86.46782374480412,
        41.68646289989845
       ],
       [
        -86.46790073191728,
        41.68630408275675
       ],
       [
        -86.46799286904981,
        41.686153548212864
       ],
       [
        -86.46809927439028,
        41.686012736978896
       ],
       [
        -86.46821892957138,
        41.68588299670863
       ],
       [
        -86.4683506894163,
        41.685765569099615
       ],
       [
        -86.46849329289887,
        41.68566157800936
       ],
       [
        -86.46864537521233,
        41.68557201869926
       ],
       [
        -86.46880548083145,
        41.68549774830934
       ],
       [
        -86.46897207744281,
        41.685439477654825
       ],
       [
        -86.46914357061003,
        41.68539776442326
       ],
       [
        -86.46931831903358,
        41.685373007836986
       ],
       [
        -86.46949465025898,
        41.68536544483243
       ],
       [
        -86.47028545025898,
        41.68537024483243
       ],
       [
        -86.4704627858708,
        41.68538006384311
       ],
       [
        -86.47063829664827,
        41.68540727228247
       ],
       [
        -86.47081028157112,
        41.68545160645097
       ],
       [
        -86.47089595902904,
        41.685482956318374
       ],
       [
        -86.47099765487647,
        41.68544738432857
       ],
       [
        -86.47116915520304,
        41.68540566738108
       ],
       [
        -86.47134391122243,
        41.68538090855608
       ],
       [
        -86.47152025025898,
        41.68537334483243
       ],
       [
        -86.47231105025898,
        41.68537814483243
       ],
       [
        -86.47248837501705,
        41.68538796270416
       ],
       [
        -86.47250728254892,
        41.68539089365579
       ],
       [
        -86.4726809488745,
        41.68538344482402
       ],
       [
        -86.47347184887451,
        41.68538824482402
       ]
      ],
      [
       [
        -86.4656998816467,
        41.691990448593224
       ],
       [
        -86.46570635807765,
        41.69194977197546
       ],
       [
        -86.46570882819763,
        41.69190865713753
       ],
       [
        -86.46572212819763,
        41.69070655713753
       ],
       [
        -86.4657205463398,
        41.690665145629005
       ],
       [
        -86.4657149002453,
        41.69062409033788
       ],
       [
        -86.46570524463519,
        41.69058378916536
       ],
       [
        -86.46569167309005,
        41.69054463270388
       ],
       [
        -86.46567431714311,
        41.69050700045152
       ],
       [
        -86.46565334500538,
        41.690471257133936
       ],
       [
        -86.46562895993543,
        41.690437749169575
       ],
       [
        -86.46560139826937,
        41.690406801312186
       ],
       [
        -86.46557092713041,
        41.69037871350338
       ],
       [
        -86.4655378418399,
        41.69035375796563
       ],
       [
        -86.46550246305509,
        41.69033217656398
       ],
       [
        -86.4654651336614,
        41.690314178461854
       ],
       [
        -86.46542621544928,
        41.69029993809394
       ],
       [
        -86.46538608560773,
        41.690289593475576
       ],
       [
        -86.46534513306864,
        41.690283244865114
       ],
       [
        -86.46530375473738,
        41.690280953792275
       ],
       [
        -86.46451285473738,
        41.690276153792276
       ],
       [
        -86.4644717108274,
        41.69027791852111
       ],
       [
        -86.46443093623978,
        41.690283695077376
       ],
       [
        -86.46439092121271,
        41.69029342817583
       ],
       [
        -86.46435204871487,
        41.69030702466466
       ],
       [
        -86.46432872801671,
        41.69031784276604
       ],
       [
        -86.46429606135113,
        41.69030209017059
       ],
       [
        -86.46425714976328,
        41.69028784876765
       ],
       [
        -86.46421702655647,
        41.69027750190821
       ],
       [
        -86.4641760804882,
        41.69027114984397
       ],
       [
        -86.46413470828884,
        41.69026885412068
       ],
       [
        -86.46334390828883,
        41.69026395412068
       ],
       [
        -86.46330275897793,
        41.69026571409124
       ],
       [
        -86.4632619786216,
        41.690271486943345
       ],
       [
        -86.46322195761164,
        41.69028121741327
       ],
       [
        -86.46318307907059,
        41.6902948123509
       ],
       [
        -86.46314571518408,
        41.6903121416114
       ],
       [
        -86.46311022363795,
        41.69033303930116
       ],
       [
        -86.46307694419401,
        41.690357305365836
       ],
       [
        -86.46304619543757,
        41.69038470750555
       ],
       [
        -86.46301827172755,
        41.69041498339865
       ],
       [
        -86.46299344037863,
        41.690447843212915
       ],
       [
        -86.46297193910216,
        41.6904829723802
       ],
       [
        -86.46295397373066,
        41.690520034607744
       ],
       [
        -86.46293971624723,
        41.69055867509753
       ],
       [
        -86.4629293031393,
        41.69059852394276
       ],
       [
        -86.4629228340919,
        41.69063919966906
       ],
       [
        -86.46292037103346,
        41.690680312886236
       ],
       [
        -86.46290727103347,
        41.69188241288624
       ],
       [
        -86.46290885989049,
        41.691923825385686
       ],
       [
        -86.46291451317052,
        41.691964880957805
       ],
       [
        -86.46292417607955,
        41.6920051816745
       ],
       [
        -86.46292766693205,
        41.692015247688055
       ],
       [
        -86.46292286192954,
        41.69202516233541
       ],
       [
        -86.46290860929392,
        41.69206379722159
       ],
       [
        -86.46289819980576,
        41.6921036398446
       ],
       [
        -86.46289173308193,
        41.69214430891805
       ],
       [
        -86.46288927100774,
        41.692185415246556
       ],
       [
        -86.46287607100774,
        41.69339731524656
       ],
       [
        -86.46287765955499,
        41.693438721565265
       ],
       [
        -86.46288331131484,
        41.69347977110025
       ],
       [
        -86.46289297152437,
        41.693520066100724
       ],
       [
        -86.46290654658067,
        41.693559216127014
       ],
       [
        -86.46292390494781,
        41.693596841833674
       ],
       [
        -86.46294487843133,
        41.69363257864523
       ],
       [
        -86.462969263808,
        41.693666080288715
       ],
       [
        -86.46299682479496,
        41.693697022148875
       ],
       [
        -86.4630272943391,
        41.69372510441359
       ],
       [
        -86.46306037720483,
        41.693750054978835
       ],
       [
        -86.46309575283468,
        41.69377163208534
       ],
       [
        -86.46313307845533,
        41.69378962666103
       ],
       [
        -86.46317199239901,
        41.6938038643469
       ],
       [
        -86.46321211760781,
        41.69381420718643
       ],
       [
        -86.46325306528726,
        41.69382055496235
       ],
       [
        -86.46329443867351,
        41.693822846167684
       ],
       [
        -86.46409973867351,
        41.693827746167685
       ],
       [
        -86.46414088302122,
        41.69382598204513
       ],
       [
        -86.46418165809803,
        41.69382020600958
       ],
       [
        -86.46422167365333,
        41.69381047334241
       ],
       [
        -86.4642605467057,
        41.69379687719315
       ],
       [
        -86.46428387064935,
        41.69378605790512
       ],
       [
        -86.46431657130991,
        41.693801823640044
       ],
       [
        -86.46435548691906,
        41.69381606264264
       ],
       [
        -86.46439561396433,
        41.69382640643632
       ],
       [
        -86.46443656359561,
        41.69383275478482
       ],
       [
        -86.46447793899151,
        41.69383504616962
       ],
       [
        -86.46528333899151,
        41.69383994616962
       ],
       [
        -86.46532448096175,
        41.69383818223468
       ],
       [
        -86.46536525372358,
        41.69383240684929
       ],
       [
        -86.46540526709363,
        41.69382267528218
       ],
       [
        -86.46544413815579,
        41.69380908066157
       ],
       [
        -86.46548149492541,
        41.693791753084
       ],
       [
        -86.46551697990925,
        41.69377085836926
       ],
       [
        -86.46555025352647,
        41.693746596473616
       ],
       [
        -86.46558099735833,
        41.693719199576265
       ],
       [
        -86.46560891719544,
        41.69368892985743
       ],
       [
        -86.46563374585318,
        41.69365607698941
       ],
       [
        -86.46565524572861,
        41.69362095536447
       ],
       [
        -86.46567321107426,
        41.69358390108621
       ],
       [
        -86.46568746996708,
        41.69354526875315
       ],
       [
        -86.46569788595365,
        41.69350542806533
       ],
       [
        -86.46570435935605,
        41.69346476028639
       ],
       [
        -86.46570682822575,
        41.693423654595
       ],
       [
        -86.46572022822575,
        41.692211854595
       ],
       [
        -86.46571864704232,
        41.692170453645396
       ],
       [
        -86.46571300368977,
        41.69212940865372
       ],
       [
        -86.46570335283461,
        41.69208911721835
       ],
       [
        -86.46568978796365,
        41.69204996963803
       ],
       [
        -86.46568557313722,
        41.6920408282113
       ],
       [
        -86.46568946091003,
        41.692030297553536
       ],
       [
        -86.4656998816467,
        41.691990448593224
       ]
      ],
      [
       [
        -86.4660780092184,
        41.6920759974619
       ],
       [
        -86.46606759977132,
        41.69211584000897
       ],
       [
        -86.46606113307283,
        41.69215650900152
       ],
       [
        -86.46605867100774,
        41.692197615246556
       ],
       [
        -86.46604547100775,
        41.69340951524656
       ],
       [
        -86.46604705955674,
        41.69345092158507
       ],
       [
        -86.46605271132219,
        41.693491971139316
       ],
       [
        -86.4660623715411,
        41.69353226615796
       ],
       [
        -86.46607594661039,
        41.693571416200754
       ],
       [
        -86.46609330499383,
        41.69360904192175
       ],
       [
        -86.46611427849669,
        41.69364477874498
       ],
       [
        -86.46613866389532,
        41.69367828039703
       ],
       [
        -86.46616622490643,
        41.69370922226226
       ],
       [
        -86.46619669447644,
        41.69373730452819
       ],
       [
        -86.46622977736921,
        41.69376225509056
       ],
       [
        -86.4662651530267,
        41.69378383218986
       ],
       [
        -86.466302478675,
        41.693801826753905
       ],
       [
        -86.46634139264573,
        41.69381606442363
       ],
       [
        -86.46638151788035,
        41.69382640724253
       ],
       [
        -86.46642246558378,
        41.693832754993466
       ],
       [
        -86.46646383899152,
        41.69383504616962
       ],
       [
        -86.46726923899152,
        41.69383994616962
       ],
       [
        -86.4673103833181,
        41.6938381820178
       ],
       [
        -86.4673511583713,
        41.693832405957124
       ],
       [
        -86.4673911739011,
        41.69382267326914
       ],
       [
        -86.46743004692672,
        41.69380907710349
       ],
       [
        -86.46746740540205,
        41.69379174758641
       ],
       [
        -86.46750289177645,
        41.693770850575305
       ],
       [
        -86.46753616641679,
        41.69374658607138
       ],
       [
        -86.46756691085803,
        41.69371918630542
       ],
       [
        -86.46759483085113,
        41.69368891351523
       ],
       [
        -86.46761965917933,
        41.693656057435746
       ],
       [
        -86.46764115821557,
        41.69362093252604
       ],
       [
        -86.4676591221968,
        41.69358387495975
       ],
       [
        -86.46767337919327,
        41.69354523940756
       ],
       [
        -86.46768379275406,
        41.693505395642774
       ],
       [
        -86.46769026321303,
        41.69346472500224
       ],
       [
        -86.46769272864269,
        41.69342361673667
       ],
       [
        -86.46772252864268,
        41.690706616736676
       ],
       [
        -86.4677209433234,
        41.690665211229934
       ],
       [
        -86.46771529494701,
        41.69062416217306
       ],
       [
        -86.46770563824116,
        41.69058386729425
       ],
       [
        -86.46769206677058,
        41.690544717014404
       ],
       [
        -86.46767471203053,
        41.690507090664276
       ],
       [
        -86.46765374217274,
        41.69047135280913
       ],
       [
        -86.46762936037615,
        41.69043784971643
       ],
       [
        -86.46760180287826,
        41.6904069060008
       ],
       [
        -86.46757133668632,
        41.690378821478845
       ],
       [
        -86.4675382569901,
        41.69035386826413
       ],
       [
        -86.46750288430194,
        41.69033228813073
       ],
       [
        -86.46746556135113,
        41.69031429017059
       ],
       [
        -86.46742664976328,
        41.690300048767654
       ],
       [
        -86.46738652655647,
        41.69028970190821
       ],
       [
        -86.4673455804882,
        41.69028334984397
       ],
       [
        -86.46730420828884,
        41.69028105412068
       ],
       [
        -86.46651340828883,
        41.69027615412068
       ],
       [
        -86.46647225897793,
        41.69027791409124
       ],
       [
        -86.4664314786216,
        41.690283686943346
       ],
       [
        -86.46639145761164,
        41.69029341741327
       ],
       [
        -86.46635257907059,
        41.6903070123509
       ],
       [
        -86.46631521518408,
        41.6903243416114
       ],
       [
        -86.46627972363795,
        41.69034523930116
       ],
       [
        -86.46624644419401,
        41.69036950536584
       ],
       [
        -86.46621569543757,
        41.69039690750555
       ],
       [
        -86.46618777172755,
        41.69042718339865
       ],
       [
        -86.46616294037862,
        41.690460043212916
       ],
       [
        -86.46614143910216,
        41.6904951723802
       ],
       [
        -86.46612347373066,
        41.690532234607744
       ],
       [
        -86.46610921624723,
        41.69057087509753
       ],
       [
        -86.4660988031393,
        41.69061072394276
       ],
       [
        -86.4660923340919,
        41.69065139966906
       ],
       [
        -86.46608987103346,
        41.69069251288624
       ],
       [
        -86.46607677103347,
        41.69189461288624
       ],
       [
        -86.46607835989049,
        41.69193602538569
       ],
       [
        -86.46608401317052,
        41.691977080957805
       ],
       [
        -86.46609367607955,
        41.6920173816745
       ],
       [
        -86.46609712522438,
        41.69202732742233
       ],
       [
        -86.46609226179804,
        41.692037362644456
       ],
       [
        -86.4660780092184,
        41.6920759974619
       ]
      ],
      [
       [
        -86.47067318797208,
        41.68846281844326
       ],
       [
        -86.47067965975221,
        41.68842215666359
       ],
       [
        -86.47068212819762,
        41.68838105713754
       ],
       [
        -86.47069542819763,
        41.68717895713754
       ],
       [
        -86.47069384634156,
        41.68713754564913
       ],
       [
        -86.47068820025277,
        41.68709649037757
       ],
       [
        -86.47067854465219,
        41.68705618922351
       ],
       [
        -86.47066497312024,
        41.68701703277881
       ],
       [
        -86.47064761718985,
        41.686979400541006
       ],
       [
        -86.47062664507176,
        41.68694365723529
       ],
       [
        -86.47060226002412,
        41.686910149279626
       ],
       [
        -86.4705746983826,
        41.68687920142738
       ],
       [
        -86.47054422726994,
        41.68685111361982
       ],
       [
        -86.4705111420069,
        41.68682615807914
       ],
       [
        -86.47047576325016,
        41.68680457667018
       ],
       [
        -86.47043843388458,
        41.686786578556216
       ],
       [
        -86.47039951569994,
        41.6867723381719
       ],
       [
        -86.4703593858846,
        41.68676199353258
       ],
       [
        -86.47031843336985,
        41.68675564489673
       ],
       [
        -86.47027705506044,
        41.68675335379424
       ],
       [
        -86.46948625506043,
        41.68674855379424
       ],
       [
        -86.46944511110783,
        41.6867503184953
       ],
       [
        -86.46940433647568,
        41.686756095032095
       ],
       [
        -86.46936432140332,
        41.68676582811946
       ],
       [
        -86.46932544886067,
        41.68677942460551
       ],
       [
        -86.46928809088288,
        41.686796754363165
       ],
       [
        -86.46925260500974,
        41.68681765153552
       ],
       [
        -86.46921933086381,
        41.68684191612324
       ],
       [
        -86.46918858689999,
        41.68686931589868
       ],
       [
        -86.46916066735773,
        41.686899588628414
       ],
       [
        -86.46913583944496,
        41.686932444583
       ],
       [
        -86.46911434078069,
        41.68696756930991
       ],
       [
        -86.46909637712096,
        41.687004626642974
       ],
       [
        -86.46908212038949,
        41.68704326191976
       ],
       [
        -86.46907170703233,
        41.68708310537591
       ],
       [
        -86.46906523671198,
        41.687123775684
       ],
       [
        -86.46906277135359,
        41.6871648836031
       ],
       [
        -86.4690329713536,
        41.6898820836031
       ],
       [
        -86.46903455696271,
        41.689923492031184
       ],
       [
        -86.46904020620086,
        41.68996454392737
       ],
       [
        -86.46904986432428,
        41.690004841479706
       ],
       [
        -86.46906343774128,
        41.69004399418616
       ],
       [
        -86.46908079491915,
        41.690081622638814
       ],
       [
        -86.46910176765874,
        41.69011736220045
       ],
       [
        -86.46912615272446,
        41.69015086653811
       ],
       [
        -86.46915371381368,
        41.690181810979176
       ],
       [
        -86.46918418384665,
        41.690209895657624
       ],
       [
        -86.46921726755455,
        41.690234848419855
       ],
       [
        -86.4692526443409,
        41.69025642746201
       ],
       [
        -86.46928997138816,
        41.69027442367313
       ],
       [
        -86.46932888697991,
        41.690288662661565
       ],
       [
        -86.46936901400595,
        41.69029900644489
       ],
       [
        -86.46940996361674,
        41.69030535478704
       ],
       [
        -86.46945133899152,
        41.69030764616962
       ],
       [
        -86.47025673899151,
        41.69031254616962
       ],
       [
        -86.47029788098565,
        41.69031078223249
       ],
       [
        -86.47033865377071,
        41.69030500684024
       ],
       [
        -86.47037866716268,
        41.69029527526176
       ],
       [
        -86.47041753824476,
        41.69028168062549
       ],
       [
        -86.4704548950317,
        41.69026435302824
       ],
       [
        -86.47049038002963,
        41.690243458290205
       ],
       [
        -86.47052365365722,
        41.690219196368105
       ],
       [
        -86.47055439749526,
        41.690191799441656
       ],
       [
        -86.47058231733396,
        41.69016152969167
       ],
       [
        -86.47060714598835,
        41.690128676791076
       ],
       [
        -86.47062864585529,
        41.69009355513281
       ],
       [
        -86.47064661118709,
        41.69005650082119
       ],
       [
        -86.47066087006068,
        41.69001786845548
       ],
       [
        -86.47067128602265,
        41.689978027736444
       ],
       [
        -86.47067775939519,
        41.689937359928486
       ],
       [
        -86.47068022822998,
        41.68989625421098
       ],
       [
        -86.47069362822998,
        41.68868435421098
       ],
       [
        -86.4706920470029,
        41.688642953195476
       ],
       [
        -86.4706864035938,
        41.688601908143426
       ],
       [
        -86.47067675267,
        41.68856161665508
       ],
       [
        -86.47066318771921,
        41.68852246903096
       ],
       [
        -86.47065889661866,
        41.68851316221529
       ],
       [
        -86.4706627747717,
        41.68850265347209
       ],
       [
        -86.47067318797208,
        41.68846281844326
       ]
      ],
      [
       [
        -86.47385958797209,
        41.68848081844326
       ],
       [
        -86.47386605975221,
        41.68844015666358
       ],
       [
        -86.47386852819763,
        41.68839905713754
       ],
       [
        -86.47388182819763,
        41.68719695713754
       ],
       [
        -86.4738802463398,
        41.68715554562901
       ],
       [
        -86.47387460024531,
        41.68711449033788
       ],
       [
        -86.4738649446352,
        41.687074189165365
       ],
       [
        -86.47385137309006,
        41.68703503270389
       ],
       [
        -86.47383401714312,
        41.68699740045152
       ],
       [
        -86.4738130450054,
        41.686961657133935
       ],
       [
        -86.47378865993544,
        41.686928149169574
       ],
       [
        -86.47376109826938,
        41.686897201312185
       ],
       [
        -86.47373062713042,
        41.68686911350338
       ],
       [
        -86.47369754183991,
        41.68684415796564
       ],
       [
        -86.4736621630551,
        41.686822576563976
       ],
       [
        -86.4736248336614,
        41.68680457846185
       ],
       [
        -86.47358591544929,
        41.68679033809394
       ],
       [
        -86.47354578560774,
        41.686779993475575
       ],
       [
        -86.47350483306865,
        41.68677364486511
       ],
       [
        -86.47346345473738,
        41.686771353792274
       ],
       [
        -86.47267255473737,
        41.686766553792275
       ],
       [
        -86.47263141081682,
        41.686768318522084
       ],
       [
        -86.47259063621892,
        41.68677409508138
       ],
       [
        -86.47255062118215,
        41.686783828184865
       ],
       [
        -86.4725117486755,
        41.686797424680634
       ],
       [
        -86.47249054536408,
        41.68680726056286
       ],
       [
        -86.47246402450287,
        41.68679447458964
       ],
       [
        -86.47242510840525,
        41.68678023590322
       ],
       [
        -86.47238498089632,
        41.68676989250562
       ],
       [
        -86.47234403083732,
        41.68676354463097
       ],
       [
        -86.47230265506043,
        41.68676125379424
       ],
       [
        -86.47151185506043,
        41.68675645379424
       ],
       [
        -86.47147070928523,
        41.68675821866309
       ],
       [
        -86.47142993288071,
        41.68676399572225
       ],
       [
        -86.47138991613784,
        41.686773729676666
       ],
       [
        -86.4713510420765,
        41.68678732735787
       ],
       [
        -86.47131368277944,
        41.686804658615785
       ],
       [
        -86.4712781958308,
        41.68682555756443
       ],
       [
        -86.4712449208936,
        41.68684982416973
       ],
       [
        -86.47121417645857,
        41.686877226164064
       ],
       [
        -86.47118625679582,
        41.686907501269516
       ],
       [
        -86.47116142913812,
        41.68694035970818
       ],
       [
        -86.47113993112319,
        41.68697548697583
       ],
       [
        -86.47112196851906,
        41.68701254685213
       ],
       [
        -86.47110771325465,
        41.687051184618824
       ],
       [
        -86.47109730177408,
        41.68709103045487
       ],
       [
        -86.47109083373074,
        41.68713170297624
       ],
       [
        -86.47108837103346,
        41.68717281288624
       ],
       [
        -86.47107527103347,
        41.68837491288624
       ],
       [
        -86.47107685989049,
        41.68841632538569
       ],
       [
        -86.47108251317051,
        41.68845738095781
       ],
       [
        -86.47109217607955,
        41.688497681674505
       ],
       [
        -86.47109564543578,
        41.688507685702746
       ],
       [
        -86.47109076190914,
        41.68851776238338
       ],
       [
        -86.47107650931056,
        41.68855639716866
       ],
       [
        -86.47106609983923,
        41.688596239684976
       ],
       [
        -86.47105963311132,
        41.688636908648945
       ],
       [
        -86.47105717101186,
        41.68867801486826
       ],
       [
        -86.47104397101187,
        41.68988981486826
       ],
       [
        -86.47104555924,
        41.689931217977744
       ],
       [
        -86.47105121005248,
        41.68997226439368
       ],
       [
        -86.47106086870409,
        41.690012556457326
       ],
       [
        -86.47107444162155,
        41.690051703818085
       ],
       [
        -86.4710917973101,
        41.69008932721531
       ],
       [
        -86.47111276762735,
        41.69012506215253
       ],
       [
        -86.47113714941231,
        41.69015856242873
       ],
       [
        -86.47116470645362,
        41.69018950349234
       ],
       [
        -86.47119517177792,
        41.690217585585536
       ],
       [
        -86.47122825023636,
        41.69024253664825
       ],
       [
        -86.47126362136396,
        41.690264114953926
       ],
       [
        -86.47130094248429,
        41.690282111451374
       ],
       [
        -86.47133985202937,
        41.69029635179005
       ],
       [
        -86.47137997304247,
        41.690306698009174
       ],
       [
        -86.4714209168302,
        41.690313049874305
       ],
       [
        -86.47146228672803,
        41.69031534584841
       ],
       [
        -86.47226768672803,
        41.69032034584841
       ],
       [
        -86.47230883454729,
        41.69031858650402
       ],
       [
        -86.47234961350112,
        41.69031281456799
       ],
       [
        -86.47238963323994,
        41.6903030852912
       ],
       [
        -86.4724285106816,
        41.6902894918055
       ],
       [
        -86.47244986147763,
        41.69027959009753
       ],
       [
        -86.47247623524574,
        41.69029230839021
       ],
       [
        -86.47251514640104,
        41.69030655003902
       ],
       [
        -86.47255526919368,
        41.69031689721636
       ],
       [
        -86.47259621487615,
        41.690323249669014
       ],
       [
        -86.47263758672803,
        41.69032554584841
       ],
       [
        -86.47344298672803,
        41.69033054584841
       ],
       [
        -86.47348413219369,
        41.69032878672037
       ],
       [
        -86.47352490885874,
        41.6903230154586
       ],
       [
        -86.47356492644023,
        41.690313287301194
       ],
       [
        -86.47360380192058,
        41.69029969535861
       ],
       [
        -86.4736411632135,
        41.690282369722496
       ],
       [
        -86.47367665272536,
        41.690261476220556
       ],
       [
        -86.47370993077777,
        41.69023721482935
       ],
       [
        -86.47374067885875,
        41.69020981776032
       ],
       [
        -86.47376860267124,
        41.69017954723718
       ],
       [
        -86.47379343494994,
        41.69014669298616
       ],
       [
        -86.47381493801933,
        41.69011156946296
       ],
       [
        -86.47383290606851,
        41.69007451284298
       ],
       [
        -86.47384716712111,
        41.69003587780378
       ],
       [
        -86.47385758468127,
        41.68999603413031
       ],
       [
        -86.4738640590401,
        41.68995536317565
       ],
       [
        -86.47386652822999,
        41.689914254210976
       ],
       [
        -86.47387992822999,
        41.688702354210974
       ],
       [
        -86.47387834700291,
        41.68866095319547
       ],
       [
        -86.47387270359381,
        41.68861990814342
       ],
       [
        -86.47386305267001,
        41.688579616655076
       ],
       [
        -86.47384948771922,
        41.688540469030954
       ],
       [
        -86.4738452521619,
        41.68853128268104
       ],
       [
        -86.4738491747717,
        41.68852065347208
       ],
       [
        -86.47385958797209,
        41.68848081844326
       ]
      ],
      [
       [
        -86.47425500929393,
        41.688574597221596
       ],
       [
        -86.47424459980577,
        41.688614439844606
       ],
       [
        -86.47423813308194,
        41.688655108918056
       ],
       [
        -86.47423567100775,
        41.68869621524656
       ],
       [
        -86.47422247100775,
        41.68990811524656
       ],
       [
        -86.474224059555,
        41.68994952156527
       ],
       [
        -86.47422971131485,
        41.68999057110025
       ],
       [
        -86.47423937152438,
        41.69003086610073
       ],
       [
        -86.47425294658068,
        41.69007001612702
       ],
       [
        -86.47427030494782,
        41.69010764183368
       ],
       [
        -86.47429127843134,
        41.69014337864523
       ],
       [
        -86.47431566380801,
        41.69017688028872
       ],
       [
        -86.47434322479496,
        41.69020782214888
       ],
       [
        -86.4743736943391,
        41.69023590441359
       ],
       [
        -86.47440677720483,
        41.69026085497884
       ],
       [
        -86.47444215283468,
        41.69028243208534
       ],
       [
        -86.47447947845534,
        41.69030042666103
       ],
       [
        -86.47451839239902,
        41.6903146643469
       ],
       [
        -86.47455851760782,
        41.69032500718643
       ],
       [
        -86.47459946528727,
        41.69033135496235
       ],
       [
        -86.47464083867352,
        41.69033364616769
       ],
       [
        -86.47544613867352,
        41.69033854616769
       ],
       [
        -86.47548728206769,
        41.690336782132896
       ],
       [
        -86.47552805621724,
        41.69033100637062
       ],
       [
        -86.47556807089858,
        41.690321274157036
       ],
       [
        -86.47560694315641,
        41.69030767863302
       ],
       [
        -86.47564430096891,
        41.690290349912736
       ],
       [
        -86.47567978680807,
        41.69026945383843
       ],
       [
        -86.47571306106133,
        41.690245190393235
       ],
       [
        -86.47574380528181,
        41.690217791787255
       ],
       [
        -86.47577172523599,
        41.69018752023525
       ],
       [
        -86.47579655371963,
        41.69015466544713
       ],
       [
        -86.47581805311499,
        41.69011954185532
       ],
       [
        -86.47583601766493,
        41.69008248560554
       ],
       [
        -86.4758502754421,
        41.69004385133975
       ],
       [
        -86.47586068999429,
        41.69000400880212
       ],
       [
        -86.47586716165043,
        41.68996333930041
       ],
       [
        -86.47586962847437,
        41.689922232056745
       ],
       [
        -86.47589952847437,
        41.68720513205675
       ],
       [
        -86.47589794457663,
        41.6871637255179
       ],
       [
        -86.47589229741804,
        41.687122675307286
       ],
       [
        -86.475882641717,
        41.68708237918304
       ],
       [
        -86.47586907103297,
        41.687043227596526
       ],
       [
        -86.47585171685976,
        41.687005599909064
       ],
       [
        -86.47583074735154,
        41.68696986071607
       ],
       [
        -86.47580636569342,
        41.686936356314284
       ],
       [
        -86.47577880813274,
        41.68690541134634
       ],
       [
        -86.47574834168991,
        41.68687732565509
       ],
       [
        -86.47571526157108,
        41.68685237137829
       ],
       [
        -86.4756798883078,
        41.686830790311696
       ],
       [
        -86.47564256465108,
        41.68681279156615
       ],
       [
        -86.47560365225044,
        41.686798549541436
       ],
       [
        -86.47556352814958,
        41.68678820223637
       ],
       [
        -86.47552258113305,
        41.68678184991172
       ],
       [
        -86.47548120795906,
        41.686779554118644
       ],
       [
        -86.47469030795907,
        41.68677465411864
       ],
       [
        -86.47464915867008,
        41.68677641411955
       ],
       [
        -86.47460837833822,
        41.68678218699772
       ],
       [
        -86.4745683573547,
        41.68679191748924
       ],
       [
        -86.47452947884139,
        41.68680551244387
       ],
       [
        -86.47449211498333,
        41.68682284171675
       ],
       [
        -86.47445662346568,
        41.6868437394143
       ],
       [
        -86.47442334404967,
        41.68686800548233
       ],
       [
        -86.47439259532,
        41.686895407621144
       ],
       [
        -86.47436467163506,
        41.68692568350936
       ],
       [
        -86.47433984030899,
        41.68695854331511
       ],
       [
        -86.47431833905274,
        41.68699367247063
       ],
       [
        -86.47430037369838,
        41.6870307346836
       ],
       [
        -86.47428611622871,
        41.68706937515651
       ],
       [
        -86.47427570313086,
        41.68710922398311
       ],
       [
        -86.47426923408968,
        41.687149899689544
       ],
       [
        -86.47426677103347,
        41.68719101288623
       ],
       [
        -86.47425367103347,
        41.68839311288623
       ],
       [
        -86.47425525854328,
        41.68843451004153
       ],
       [
        -86.47426090747211,
        41.688475550683066
       ],
       [
        -86.47427056310879,
        41.68851583732272
       ],
       [
        -86.47427408770122,
        41.68852600483293
       ],
       [
        -86.47426926192955,
        41.68853596233542
       ],
       [
        -86.47425500929393,
        41.688574597221596
       ]
      ]
     ],
     [
      [
       [
        -86.48294691304608,
        41.668287588947926
       ],
       [
        -86.48294151304609,
        41.66887838894793
       ],
       [
        -86.48293125734202,
        41.669054694071015
       ],
       [
        -86.48290381286002,
        41.66922915173436
       ],
       [
        -86.48287890816347,
        41.6693250981902
       ],
       [
        -86.482909519126,
        41.66945256420298
       ],
       [
        -86.48293380879166,
        41.6696284599522
       ],
       [
        -86.48294068948627,
        41.669805891512226
       ],
       [
        -86.48293438948627,
        41.67040749151223
       ],
       [
        -86.48292390848032,
        41.67058369558394
       ],
       [
        -86.48289625813575,
        41.67075803199672
       ],
       [
        -86.48285170315063,
        41.67092883182012
       ],
       [
        -86.48279067005183,
        41.671094459979635
       ],
       [
        -86.48271374311199,
        41.67125333090933
       ],
       [
        -86.48262165875623,
        41.67140392373054
       ],
       [
        -86.4825152985123,
        41.671544796811304
       ],
       [
        -86.48239568057166,
        41.67167460156719
       ],
       [
        -86.48226395004232,
        41.671792095371345
       ],
       [
        -86.48212136798666,
        41.67189615345021
       ],
       [
        -86.4819692993492,
        41.67198577965105
       ],
       [
        -86.48180919988997,
        41.67206011597815
       ],
       [
        -86.48164260224839,
        41.67211845080645
       ],
       [
        -86.4814711012713,
        41.672160225693986
       ],
       [
        -86.48129633874537,
        41.67218504072783
       ],
       [
        -86.48111998768024,
        41.67219265835256
       ],
       [
        -86.47748148768025,
        41.67217165835255
       ],
       [
        -86.4773041983764,
        41.672161897371204
       ],
       [
        -86.47712872723186,
        41.67213475604753
       ],
       [
        -86.47695677393622,
        41.67209049728414
       ],
       [
        -86.47679000410366,
        41.672029549790615
       ],
       [
        -86.47663003313909,
        41.67195250393081
       ],
       [
        -86.47647841059064,
        41.671860106004324
       ],
       [
        -86.47633660514005,
        41.671753251017535
       ],
       [
        -86.4762059903764,
        41.67163297401418
       ],
       [
        -86.47608783149094,
        41.67150044004947
       ],
       [
        -86.47598327302184,
        41.67135693290484
       ],
       [
        -86.47589332776779,
        41.67120384265273
       ],
       [
        -86.47581886697752,
        41.671042652191694
       ],
       [
        -86.47576061191052,
        41.670874922882426
       ],
       [
        -86.47571912685063,
        41.67070227942375
       ],
       [
        -86.47570952350662,
        41.67063280743335
       ],
       [
        -86.47543288573881,
        41.67063136383687
       ],
       [
        -86.47527268111745,
        41.67062263423217
       ],
       [
        -86.47520326404232,
        41.67063253642773
       ],
       [
        -86.4750268617331,
        41.67064026423184
       ],
       [
        -86.47423538557126,
        41.67063616736238
       ],
       [
        -86.47423519260124,
        41.67065489167907
       ],
       [
        -86.47422473919443,
        41.67083111302293
       ],
       [
        -86.47419711311903,
        41.671005469083056
       ],
       [
        -86.47415257888748,
        41.671176290445786
       ],
       [
        -86.47409156290342,
        41.671341941541264
       ],
       [
        -86.47401464937893,
        41.671500836303586
       ],
       [
        -86.47392257474085,
        41.67165145335697
       ],
       [
        -86.4738162205798,
        41.67179235058253
       ],
       [
        -86.47369660520901,
        41.67192217892619
       ],
       [
        -86.4735648739144,
        41.672039695315526
       ],
       [
        -86.47342228798863,
        41.67214377456185
       ],
       [
        -86.47327021265464,
        41.672233420133615
       ],
       [
        -86.47311010399396,
        41.67230777369791
       ],
       [
        -86.47294349500517,
        41.67236612333882
       ],
       [
        -86.4727719809257,
        41.672407910373785
       ],
       [
        -86.47259720395803,
        41.67243273470289
       ],
       [
        -86.47242083754588,
        41.67244035863967
       ],
       [
        -86.46878223754588,
        41.67241945863967
       ],
       [
        -86.46860494506855,
        41.67240970225507
       ],
       [
        -86.46842947035795,
        41.67238256490993
       ],
       [
        -86.46825751319405,
        41.672338309477
       ],
       [
        -86.4680907392832,
        41.672277364647655
       ],
       [
        -86.4679307641229,
        41.67220032077934
       ],
       [
        -86.46777913735279,
        41.67210792417687
       ],
       [
        -86.46763732774376,
        41.67200106986321
       ],
       [
        -86.46750670897029,
        41.671880792909555
       ],
       [
        -86.46738854630402,
        41.67174825840891
       ],
       [
        -86.46728398435737,
        41.671604750190085
       ],
       [
        -86.46719403599593,
        41.67145165838156
       ],
       [
        -86.46711957252718,
        41.67129046594569
       ],
       [
        -86.46706131526025,
        41.67112273431358
       ],
       [
        -86.46701982851881,
        41.67095008825991
       ],
       [
        -86.46699551417464,
        41.67077420016415
       ],
       [
        -86.46698860775476,
        41.67059677381063
       ],
       [
        -86.46699470775475,
        41.670005973810625
       ],
       [
        -86.46700516546426,
        41.66982974409179
       ],
       [
        -86.46703279747392,
        41.66965538024941
       ],
       [
        -86.46706540214078,
        41.66953033341792
       ],
       [
        -86.46704369708253,
        41.66944043460012
       ],
       [
        -86.46701919642325,
        41.669264649282646
       ],
       [
        -86.46701208698917,
        41.669087307194886
       ],
       [
        -86.46701758698917,
        41.66848570719488
       ],
       [
        -86.46702784242731,
        41.66830940807522
       ],
       [
        -86.46705528547595,
        41.66813495626901
       ],
       [
        -86.46709965317845,
        41.66796402335649
       ],
       [
        -86.46716052040784,
        41.667798247200196
       ],
       [
        -86.46723730394022,
        41.667639216251125
       ],
       [
        -86.46732926804327,
        41.66748845432836
       ],
       [
        -86.46743553152591,
        41.66734740601796
       ],
       [
        -86.46755507618177,
        41.667217422831115
       ],
       [
        -86.4676867565456,
        41.667099750254074
       ],
       [
        -86.46782931086898,
        41.666995515814016
       ],
       [
        -86.46798137321025,
        41.6669057182752
       ],
       [
        -86.46814148652284,
        41.666831218068914
       ],
       [
        -86.46830811661658,
        41.66677272904887
       ],
       [
        -86.46847966685814,
        41.66673081165118
       ],
       [
        -86.46865449346978,
        41.66670586752426
       ],
       [
        -86.46883092127995,
        41.66669813568031
       ],
       [
        -86.47164598821458,
        41.66671268063122
       ],
       [
        -86.47163397223582,
        41.66662637884723
       ],
       [
        -86.47162688972938,
        41.666449010142045
       ],
       [
        -86.47163248972939,
        41.66584731014205
       ],
       [
        -86.47164277221188,
        41.665671031157494
       ],
       [
        -86.47167023841313,
        41.66549660175162
       ],
       [
        -86.47171462520988,
        41.665325692939334
       ],
       [
        -86.47177550738141,
        41.66515994200862
       ],
       [
        -86.47185230168309,
        41.665000936835526
       ],
       [
        -86.47194427243377,
        41.66485020067244
       ],
       [
        -86.47205053856361,
        41.664709177555565
       ],
       [
        -86.47217008205452,
        41.66457921847115
       ],
       [
        -86.47230175769276,
        41.664461568413195
       ],
       [
        -86.47244430403993,
        41.66435735445658
       ],
       [
        -86.47259635551737,
        41.66426757495975
       ],
       [
        -86.47275645548835,
        41.66419309000063
       ],
       [
        -86.4729230702124,
        41.66413461313707
       ],
       [
        -86.47309460353844,
        41.66409270457113
       ],
       [
        -86.47326941219572,
        41.664067765782356
       ],
       [
        -86.47344582153613,
        41.664060035681636
       ],
       [
        -86.47708432153613,
        41.664078835681636
       ],
       [
        -86.47722662754946,
        41.66408658169991
       ],
       [
        -86.47735986584824,
        41.66406757009401
       ],
       [
        -86.47753627169998,
        41.66405983542482
       ],
       [
        -86.48117487169998,
        41.66407853542483
       ],
       [
        -86.48135212396488,
        41.66408817982447
       ],
       [
        -86.48152757035999,
        41.664115197268785
       ],
       [
        -86.4816995122653,
        41.664159326182876
       ],
       [
        -86.48186628499016,
        41.66422013932366
       ],
       [
        -86.4820262738905,
        41.66429704791633
       ],
       [
        -86.48217793000114,
        41.66438930735467
       ],
       [
        -86.48231978503254,
        41.66449602441011
       ],
       [
        -86.4824504655863,
        41.66461616587974
       ],
       [
        -86.482568706452,
        41.66474856858943
       ],
       [
        -86.48267336285662,
        41.66489195065537
       ],
       [
        -86.48276342154782,
        41.66504492389484
       ],
       [
        -86.48283801060403,
        41.665206007266264
       ],
       [
        -86.48289640787611,
        41.66537364120814
       ],
       [
        -86.48293804797896,
        41.6655462027383
       ],
       [
        -86.48296252776545,
        41.66572202116711
       ],
       [
        -86.48296961022952,
        41.66589939427262
       ],
       [
        -86.48296411022952,
        41.66649019427262
       ],
       [
        -86.48295382672495,
        41.666666478719776
       ],
       [
        -86.48292635843882,
        41.66684091337813
       ],
       [
        -86.48288733132118,
        41.6669911788185
       ],
       [
        -86.48290387047032,
        41.66706000638584
       ],
       [
        -86.48292818406651,
        41.667235879932925
       ],
       [
        -86.48293509260124,
        41.667413291679075
       ],
       [
        -86.48292889260124,
        41.66801489167907
       ],
       [
        -86.48292818199685,
        41.668026870724944
       ],
       [
        -86.48293980226526,
        41.668110236067086
       ],
       [
        -86.48294691304608,
        41.668287588947926
       ]
      ],
      [
       [
        -86.47053327450521,
        41.669631994285574
       ],
       [
        -86.47049315769624,
        41.669621667161856
       ],
       [
        -86.47045222010263,
        41.66961533302604
       ],
       [
        -86.47041085815975,
        41.66961305321722
       ],
       [
        -86.46880115815975,
        41.669603653217216
       ],
       [
        -86.46876000382291,
        41.669605428385545
       ],
       [
        -86.468719220028,
        41.66961121740417
       ],
       [
        -86.46867919730732,
        41.669620964839325
       ],
       [
        -86.46864031890534,
        41.66963457735278
       ],
       [
        -86.46860295710893,
        41.66965192459555
       ],
       [
        -86.46856746968241,
        41.66967284045611
       ],
       [
        -86.4685341964418,
        41.66969712465102
       ],
       [
        -86.46850345600076,
        41.669724544642776
       ],
       [
        -86.46847554271969,
        41.66975483786649
       ],
       [
        -86.46845072388706,
        41.66978771424418
       ],
       [
        -86.46842923715987,
        41.66982285896239
       ],
       [
        -86.46841128828801,
        41.669859935486805
       ],
       [
        -86.46839704914402,
        41.66989858878474
       ],
       [
        -86.46838665607724,
        41.66993844872486
       ],
       [
        -86.46838020860832,
        41.66997913362142
       ],
       [
        -86.4683777684761,
        41.67002025388914
       ],
       [
        -86.46837166847611,
        41.67061105388915
       ],
       [
        -86.46837327997409,
        41.67065245337164
       ],
       [
        -86.46837895332105,
        41.67069349392731
       ],
       [
        -86.46838863356072,
        41.6707337780065
       ],
       [
        -86.468402226923,
        41.670772915387325
       ],
       [
        -86.46841960173238,
        41.6708105269557
       ],
       [
        -86.46844058968338,
        41.670846248377686
       ],
       [
        -86.46846498747094,
        41.670879733628745
       ],
       [
        -86.46849255875973,
        41.67091065834556
       ],
       [
        -86.46852303647354,
        41.67093872296808
       ],
       [
        -86.46855612538232,
        41.67096365564127
       ],
       [
        -86.468591504962,
        41.670985214848514
       ],
       [
        -86.46862883249942,
        41.67100319175112
       ],
       [
        -86.46866774641194,
        41.6710174122113
       ],
       [
        -86.46870786975019,
        41.67102773847898
       ],
       [
        -86.46874881384933,
        41.67103407052618
       ],
       [
        -86.46879018209404,
        41.67103634701593
       ],
       [
        -86.47242878209404,
        41.67105724701592
       ],
       [
        -86.47246993425688,
        41.671055468097336
       ],
       [
        -86.47251071554933,
        41.671049675753885
       ],
       [
        -86.4725507355012,
        41.671039925445726
       ],
       [
        -86.47258961093193,
        41.67102631052951
       ],
       [
        -86.47262696961941,
        41.67100896136451
       ],
       [
        -86.47266245386402,
        41.67098804406443
       ],
       [
        -86.47269572391336,
        41.67096375890696
       ],
       [
        -86.47272646121544,
        41.67093633841611
       ],
       [
        -86.47275437146862,
        41.67090604513592
       ],
       [
        -86.47277918743953,
        41.670873169116625
       ],
       [
        -86.47280067152175,
        41.670838025137506
       ],
       [
        -86.4728186180108,
        41.67080094969296
       ],
       [
        -86.47283285507375,
        41.670762297770686
       ],
       [
        -86.47284324639445,
        41.67072243945271
       ],
       [
        -86.4728496924787,
        41.67068175637202
       ],
       [
        -86.47285213160696,
        41.67064063805845
       ],
       [
        -86.47285833160696,
        41.670039038058455
       ],
       [
        -86.47285671947282,
        41.66999764036955
       ],
       [
        -86.47285104584158,
        41.669956601637466
       ],
       [
        -86.47284136566763,
        41.669916319360276
       ],
       [
        -86.4728277727124,
        41.669877183709126
       ],
       [
        -86.47281039863627,
        41.669839573748995
       ],
       [
        -86.4727894117232,
        41.66980385376716
       ],
       [
        -86.47276501525087,
        41.669770369744676
       ],
       [
        -86.47273744552172,
        41.6697394460053
       ],
       [
        -86.47270696957405,
        41.66971138207406
       ],
       [
        -86.47267388259563,
        41.669686449776094
       ],
       [
        -86.47263850506445,
        41.66966489060378
       ],
       [
        -86.47260117964466,
        41.66964691337764
       ],
       [
        -86.47256226786745,
        41.66963269222376
       ],
       [
        -86.47252214662942,
        41.669622364887154
       ],
       [
        -86.47248120454185,
        41.669616031397645
       ],
       [
        -86.47243983816678,
        41.66961375310095
       ],
       [
        -86.47081693816678,
        41.669604353100944
       ],
       [
        -86.47077579798705,
        41.66960612892433
       ],
       [
        -86.47073502815117,
        41.66961191584243
       ],
       [
        -86.47069501879028,
        41.66962165847958
       ],
       [
        -86.4706561527584,
        41.66963526360739
       ],
       [
        -86.4706188019689,
        41.66965260103689
       ],
       [
        -86.47060379766634,
        41.66966144161901
       ],
       [
        -86.4705721820426,
        41.66964621439041
       ],
       [
        -86.47053327450521,
        41.669631994285574
       ]
      ],
      [
       [
        -86.47072040778995,
        41.66950549329474
       ],
       [
        -86.47076052925529,
        41.669515791718844
       ],
       [
        -86.47080146862235,
        41.669522097092944
       ],
       [
        -86.47084282948907,
        41.66952434836425
       ],
       [
        -86.47245252948908,
        41.66953264836425
       ],
       [
        -86.47249369126284,
        41.66953084426861
       ],
       [
        -86.47253447951155,
        41.669525024891605
       ],
       [
        -86.47257450349551,
        41.66951524598121
       ],
       [
        -86.4726133797965,
        41.66950160121655
       ],
       [
        -86.47265073599074,
        41.669484221310555
       ],
       [
        -86.47268621421667,
        41.66946327275771
       ],
       [
        -86.4727194746031,
        41.66943895623912
       ],
       [
        -86.47275019852508,
        41.66941150470003
       ],
       [
        -86.47277809165632,
        41.669381181118275
       ],
       [
        -86.47280288678866,
        41.66934827598503
       ],
       [
        -86.47282434639185,
        41.669313104522
       ],
       [
        -86.47284226488908,
        41.669276003661665
       ],
       [
        -86.47285647062633,
        41.66923732881958
       ],
       [
        -86.4728668275167,
        41.669197450489584
       ],
       [
        -86.47287323634418,
        41.669156750694604
       ],
       [
        -86.47287563571405,
        41.66911561932695
       ],
       [
        -86.47288113571405,
        41.66852491932695
       ],
       [
        -86.47287948326499,
        41.668483532945274
       ],
       [
        -86.47287377157296,
        41.66844250929661
       ],
       [
        -86.47286405593509,
        41.6684022455467
       ],
       [
        -86.4728504304122,
        41.66836313150445
       ],
       [
        -86.47283302691821,
        41.66832554584797
       ],
       [
        -86.47281201394307,
        41.66828985245849
       ],
       [
        -86.47278759492151,
        41.6682563968975
       ],
       [
        -86.47276000626348,
        41.66822550306116
       ],
       [
        -86.47272951506541,
        41.66819747004462
       ],
       [
        -86.47269641652436,
        41.66817256924632
       ],
       [
        -86.47266103108005,
        41.6681510417405
       ],
       [
        -86.47262370131261,
        41.66813309594323
       ],
       [
        -86.47258478862594,
        41.6681189055947
       ],
       [
        -86.47254466974874,
        41.66810860807715
       ],
       [
        -86.47250373308734,
        41.66810230308481
       ],
       [
        -86.47246237496532,
        41.66810005165874
       ],
       [
        -86.46882377496532,
        41.66808125165874
       ],
       [
        -86.46878260847627,
        41.66808305575566
       ],
       [
        -86.46874181560023,
        41.66808887605194
       ],
       [
        -86.46870178721053,
        41.66809865677807
       ],
       [
        -86.46866290685533,
        41.66811230421608
       ],
       [
        -86.46862554708238,
        41.66812968759755
       ],
       [
        -86.46859006586942,
        41.66815064035661
       ],
       [
        -86.46855680319398,
        41.66817496172595
       ],
       [
        -86.46852607777575,
        41.66820241866059
       ],
       [
        -86.4684981840227,
        41.66823274807086
       ],
       [
        -86.46847338921009,
        41.668265659343284
       ],
       [
        -86.46845193091939,
        41.668300837125265
       ],
       [
        -86.46843401476183,
        41.66833794434672
       ],
       [
        -86.4684198124083,
        41.668376625449845
       ],
       [
        -86.46840945994438,
        41.6684165097961
       ],
       [
        -86.46840305656637,
        41.66845721521755
       ],
       [
        -86.4684006636308,
        41.66849835167881
       ],
       [
        -86.4683951636308,
        41.66909995167881
       ],
       [
        -86.46839682249876,
        41.66914133149929
       ],
       [
        -86.46840253931926,
        41.66918234807336
       ],
       [
        -86.46841225876238,
        41.66922260442455
       ],
       [
        -86.4684258867591,
        41.66926171093412
       ],
       [
        -86.46844329141163,
        41.66929928911205
       ],
       [
        -86.46846430427009,
        41.669334975260135
       ],
       [
        -86.46848872196274,
        41.66936842399212
       ],
       [
        -86.4685163081644,
        41.66939931157641
       ],
       [
        -86.46854679588364,
        41.66942733906936
       ],
       [
        -86.46857989004688,
        41.66945223520852
       ],
       [
        -86.4686152703542,
        41.669473759038084
       ],
       [
        -86.4686525943794,
        41.66949170224093
       ],
       [
        -86.4686915008841,
        41.66950589115485
       ],
       [
        -86.46873161331399,
        41.66951618845325
       ],
       [
        -86.46877254344328,
        41.66952249447435
       ],
       [
        -86.46881389513213,
        41.6695247481857
       ],
       [
        -86.47043669513214,
        41.6695332481857
       ],
       [
        -86.47047785757337,
        41.66953144740123
       ],
       [
        -86.47051864680282,
        41.66952563120367
       ],
       [
        -86.47055867206151,
        41.66951585531191
       ],
       [
        -86.47059754990929,
        41.66950221337855
       ],
       [
        -86.47063490789812,
        41.6694848360927
       ],
       [
        -86.47064978078399,
        41.669476055715236
       ],
       [
        -86.470681492709,
        41.66949130153683
       ],
       [
        -86.47072040778995,
        41.66950549329474
       ]
      ],
      [
       [
        -86.48154339240062,
        41.66804175709083
       ],
       [
        -86.48154583160695,
        41.66800063805845
       ],
       [
        -86.48155203160695,
        41.667399038058456
       ],
       [
        -86.48155041961552,
        41.66735764198435
       ],
       [
        -86.48154474644308,
        41.66731660482337
       ],
       [
        -86.48153506703525,
        41.6672763240273
       ],
       [
        -86.48152147513873,
        41.66723718972244
       ],
       [
        -86.48150410239334,
        41.66719958093112
       ],
       [
        -86.48148311705702,
        41.6671638619008
       ],
       [
        -86.4814587223763,
        41.667130378576296
       ],
       [
        -86.48143115461775,
        41.66709945524924
       ],
       [
        -86.48140068077976,
        41.66707139141727
       ],
       [
        -86.48136759600656,
        41.6670464588833
       ],
       [
        -86.48133222072977,
        41.66702489912312
       ],
       [
        -86.48129489756487,
        41.66700692094664
       ],
       [
        -86.481255987993,
        41.66699269847552
       ],
       [
        -86.48121586885992,
        41.66698236945678
       ],
       [
        -86.48117492872616,
        41.66697603392871
       ],
       [
        -86.48113356410383,
        41.66697375325197
       ],
       [
        -86.47951066410383,
        41.66696425325197
       ],
       [
        -86.47946950331414,
        41.66696602843251
       ],
       [
        -86.47942871318725,
        41.66697181871948
       ],
       [
        -86.47938868443836,
        41.66698156864962
       ],
       [
        -86.4793498004897,
        41.66699518483155
       ],
       [
        -86.47931243379777,
        41.66701253684036
       ],
       [
        -86.47929749811303,
        41.66702134116569
       ],
       [
        -86.47926586397513,
        41.66700610676007
       ],
       [
        -86.47922695421441,
        41.66699188798323
       ],
       [
        -86.47918683528331,
        41.666981562555364
       ],
       [
        -86.47914589571994,
        41.66697523047472
       ],
       [
        -86.47910453201,
        41.666972953065326
       ],
       [
        -86.47749483201,
        41.666963653065324
       ],
       [
        -86.47745367945676,
        41.66696543063564
       ],
       [
        -86.47741289764856,
        41.666971221707634
       ],
       [
        -86.47737287706686,
        41.6669809708324
       ],
       [
        -86.4773340009044,
        41.66699458466312
       ],
       [
        -86.4772966413963,
        41.66701193284884
       ],
       [
        -86.47728212019837,
        41.6670204922534
       ],
       [
        -86.47726802427178,
        41.66701190104951
       ],
       [
        -86.47723069575757,
        41.66699392018324
       ],
       [
        -86.47719178039536,
        41.66697969611527
       ],
       [
        -86.47715165519593,
        41.66696936664791
       ],
       [
        -86.4771107088909,
        41.6669630318527
       ],
       [
        -86.47706933816677,
        41.666960753100945
       ],
       [
        -86.47544643816677,
        41.66695135310094
       ],
       [
        -86.47540529819143,
        41.666953128905455
       ],
       [
        -86.47536452855431,
        41.66695891576492
       ],
       [
        -86.47532451938075,
        41.66696865830479
       ],
       [
        -86.47528565351914,
        41.666982263298536
       ],
       [
        -86.47524830287756,
        41.666999600559755
       ],
       [
        -86.47523339168417,
        41.66700838622779
       ],
       [
        -86.47520166397513,
        41.66699310676007
       ],
       [
        -86.47516275421441,
        41.66697888798323
       ],
       [
        -86.47512263528331,
        41.66696856255536
       ],
       [
        -86.47508169571994,
        41.66696223047472
       ],
       [
        -86.47504033201,
        41.66695995306532
       ],
       [
        -86.47343063201,
        41.66695065306533
       ],
       [
        -86.47338947941097,
        41.666952430639874
       ],
       [
        -86.47334869755825,
        41.666958221725004
       ],
       [
        -86.47330867693458,
        41.666967970871575
       ],
       [
        -86.47326980073399,
        41.66698158473234
       ],
       [
        -86.47323244119275,
        41.66699893295576
       ],
       [
        -86.47319695602525,
        41.667019849434084
       ],
       [
        -86.47316368499892,
        41.66704413389383
       ],
       [
        -86.47313294668099,
        41.667071553813386
       ],
       [
        -86.47310503538822,
        41.66710184664939
       ],
       [
        -86.47308021836879,
        41.66713472235052
       ],
       [
        -86.47305873324358,
        41.66716986613478
       ],
       [
        -86.47304078573077,
        41.66720694150345
       ],
       [
        -86.4730265476763,
        41.66724559346307
       ],
       [
        -86.47301615540829,
        41.66728545192445
       ],
       [
        -86.4730097084318,
        41.66732613524624
       ],
       [
        -86.47300726847611,
        41.66736725388914
       ],
       [
        -86.4730011684761,
        41.66795805388914
       ],
       [
        -86.47300277997371,
        41.66799945336749
       ],
       [
        -86.47300845331951,
        41.66804049391914
       ],
       [
        -86.47301813355722,
        41.66808077799454
       ],
       [
        -86.47302117964459,
        41.66808954814957
       ],
       [
        -86.47301711176124,
        41.66810062752024
       ],
       [
        -86.47300675965002,
        41.668140511211924
       ],
       [
        -86.47300035648911,
        41.668181215936464
       ],
       [
        -86.4729979636308,
        41.66822235167881
       ],
       [
        -86.4729924636308,
        41.66882395167881
       ],
       [
        -86.4729941226433,
        41.668865333114034
       ],
       [
        -86.47299983992428,
        41.668906351258826
       ],
       [
        -86.47300956013505,
        41.66894660909044
       ],
       [
        -86.47302318919178,
        41.668985716945365
       ],
       [
        -86.4730405951761,
        41.66902329629093
       ],
       [
        -86.47306160961207,
        41.66905898338922
       ],
       [
        -86.4730860290968,
        41.669092432817756
       ],
       [
        -86.47311361726928,
        41.669123320812886
       ],
       [
        -86.47314410709811,
        41.66915134840361
       ],
       [
        -86.47317720346622,
        41.669176244305326
       ],
       [
        -86.4732125860273,
        41.669197767545676
       ],
       [
        -86.47324991230654,
        41.66921570979696
       ],
       [
        -86.47328882101553,
        41.669229897392576
       ],
       [
        -86.47332893554915,
        41.66924019300798
       ],
       [
        -86.4733698676309,
        41.66924649698987
       ],
       [
        -86.47341122107105,
        41.66924874832077
       ],
       [
        -86.47503402107105,
        41.66925714832077
       ],
       [
        -86.47507518160987,
        41.66925534516647
       ],
       [
        -86.4751159687392,
        41.66924952697073
       ],
       [
        -86.47515599175429,
        41.66923974946672
       ],
       [
        -86.4751948672699,
        41.66922610631432
       ],
       [
        -86.47523222289284,
        41.66920872820292
       ],
       [
        -86.475247081597,
        41.669199955434074
       ],
       [
        -86.47527877463637,
        41.6692151939184
       ],
       [
        -86.47531768749491,
        41.66922938700558
       ],
       [
        -86.47535780683924,
        41.6692396871267
       ],
       [
        -86.47539874423789,
        41.66924599455701
       ],
       [
        -86.47544010333905,
        41.6692482482286
       ],
       [
        -86.47704980333906,
        41.669256648228604
       ],
       [
        -86.47709096689348,
        41.669254846534876
       ],
       [
        -86.47713175712596,
        41.66924902921182
       ],
       [
        -86.47717178324608,
        41.669239251992245
       ],
       [
        -86.47721066178394,
        41.66922560854671
       ],
       [
        -86.47724802026414,
        41.66920822958612
       ],
       [
        -86.4772604985363,
        41.66920086231449
       ],
       [
        -86.47726258181814,
        41.66920242962997
       ],
       [
        -86.47729796689244,
        41.66922395715886
       ],
       [
        -86.47733529628094,
        41.66924190304245
       ],
       [
        -86.47737420858874,
        41.66925609354226
       ],
       [
        -86.47741432709631,
        41.669266391276615
       ],
       [
        -86.47745526340664,
        41.66927269655065
       ],
       [
        -86.47749662120532,
        41.66927494832146
       ],
       [
        -86.4791195212053,
        41.66928334832146
       ],
       [
        -86.4791606817352,
        41.66928154515482
       ],
       [
        -86.47920146885454,
        41.66927572694847
       ],
       [
        -86.47924149185886,
        41.669265949435676
       ],
       [
        -86.47928036736316,
        41.66925230627637
       ],
       [
        -86.47931772297451,
        41.66923492815994
       ],
       [
        -86.47933253671027,
        41.669226181936835
       ],
       [
        -86.47936417473068,
        41.66924139395815
       ],
       [
        -86.47940308760082,
        41.6692555870384
       ],
       [
        -86.47944320695622,
        41.669265887150665
       ],
       [
        -86.47948414436513,
        41.66927219457025
       ],
       [
        -86.47952550347551,
        41.66927444822932
       ],
       [
        -86.48113530347551,
        41.66928284822932
       ],
       [
        -86.48117647145459,
        41.66928104611082
       ],
       [
        -86.48121726598755,
        41.669275227501764
       ],
       [
        -86.48125729615859,
        41.6692654481593
       ],
       [
        -86.48129617837637,
        41.66925180179451
       ],
       [
        -86.48133354004993,
        41.66923441917442
       ],
       [
        -86.48136902315898,
        41.66921346686895
       ],
       [
        -86.48140228768467,
        41.66918914565472
       ],
       [
        -86.48143301486789,
        41.66916168859108
       ],
       [
        -86.4814609102637,
        41.669131358786856
       ],
       [
        -86.48148570656296,
        41.66909844687906
       ],
       [
        -86.48150716615378,
        41.66906326824785
       ],
       [
        -86.48152508339842,
        41.66902615999437
       ],
       [
        -86.48153928660395,
        41.6689874777105
       ],
       [
        -86.48154963966734,
        41.668947592071355
       ],
       [
        -86.48155604337981,
        41.66890688528324
       ],
       [
        -86.48155843637743,
        41.66886574742119
       ],
       [
        -86.48156383637742,
        41.66827494742118
       ],
       [
        -86.48156217719523,
        41.66823356508232
       ],
       [
        -86.48155645956783,
        41.66819254606731
       ],
       [
        -86.4815467388397,
        41.66815228742476
       ],
       [
        -86.48153310910382,
        41.66811317884316
       ],
       [
        -86.4815304366008,
        41.6681074091156
       ],
       [
        -86.48153694609852,
        41.668082440868204
       ],
       [
        -86.48154339240062,
        41.66804175709083
       ]
      ],
      [
       [
        -86.4794257874949,
        41.666867087005585
       ],
       [
        -86.47946590683924,
        41.6668773871267
       ],
       [
        -86.47950684423789,
        41.666883694557015
       ],
       [
        -86.47954820333905,
        41.666885948228604
       ],
       [
        -86.48115790333905,
        41.6668943482286
       ],
       [
        -86.48119906689348,
        41.666892546534875
       ],
       [
        -86.48123985712596,
        41.66688672921182
       ],
       [
        -86.48127988324607,
        41.66687695199224
       ],
       [
        -86.48131876178394,
        41.66686330854671
       ],
       [
        -86.48135612026414,
        41.66684592958612
       ],
       [
        -86.48139160077407,
        41.66682498160942
       ],
       [
        -86.48142486339309,
        41.66680066530852
       ],
       [
        -86.48145558944898,
        41.66677321364549
       ],
       [
        -86.48148348457106,
        41.666742889620735
       ],
       [
        -86.48150828151039,
        41.666709983753265
       ],
       [
        -86.48152974270012,
        41.66667481129744
       ],
       [
        -86.48154766253153,
        41.66663770922263
       ],
       [
        -86.48156186932385,
        41.66659903298489
       ],
       [
        -86.48157222696905,
        41.66655915312156
       ],
       [
        -86.48157863623582,
        41.66651845170128
       ],
       [
        -86.48158103572023,
        41.66647731866361
       ],
       [
        -86.48158653572023,
        41.66588651866361
       ],
       [
        -86.48158488314527,
        41.66584513160566
       ],
       [
        -86.4815791711951,
        41.665804107305604
       ],
       [
        -86.48156945517108,
        41.665763842948564
       ],
       [
        -86.48155582914093,
        41.66572472836213
       ],
       [
        -86.48153842502782,
        41.66568714224213
       ],
       [
        -86.4815174113332,
        41.66565144848625
       ],
       [
        -86.48149299150546,
        41.66561799267087
       ],
       [
        -86.48146540197013,
        41.665587098705274
       ],
       [
        -86.48143490984093,
        41.665559065695696
       ],
       [
        -86.4814018103336,
        41.66553416504942
       ],
       [
        -86.48136642390777,
        41.665512637847144
       ],
       [
        -86.48132909316436,
        41.66549469250886
       ],
       [
        -86.48129017952856,
        41.665480502776006
       ],
       [
        -86.48125005975066,
        41.66547020602938
       ],
       [
        -86.48120912225846,
        41.66546390195904
       ],
       [
        -86.48116776339666,
        41.66546165159913
       ],
       [
        -86.47752916339665,
        41.665442951599125
       ],
       [
        -86.47748800203125,
        41.66544475635527
       ],
       [
        -86.47744721424827,
        41.665450576312914
       ],
       [
        -86.47740719077576,
        41.66546035571956
       ],
       [
        -86.47736831501999,
        41.66547400089304
       ],
       [
        -86.47733095939263,
        41.66549138111893
       ],
       [
        -86.47729548174327,
        41.66551232990273
       ],
       [
        -86.47728609961497,
        41.66551918929339
       ],
       [
        -86.47727581136665,
        41.66551293103981
       ],
       [
        -86.477238484788,
        41.66549498897854
       ],
       [
        -86.47719957579343,
        41.665480801618784
       ],
       [
        -86.47715946099419,
        41.665470506284066
       ],
       [
        -86.47711852867288,
        41.66546420262585
       ],
       [
        -86.4770771750251,
        41.66546195165905
       ],
       [
        -86.47343867502511,
        41.66544315165905
       ],
       [
        -86.47339751284568,
        41.665444955349216
       ],
       [
        -86.47335672415898,
        41.66545077439993
       ],
       [
        -86.47331669971624,
        41.665460553065316
       ],
       [
        -86.4732778229473,
        41.66547419766681
       ],
       [
        -86.4732404662874,
        41.665491577490606
       ],
       [
        -86.47320498760932,
        41.66551252603987
       ],
       [
        -86.47317172679499,
        41.66553684262974
       ],
       [
        -86.4731410024794,
        41.66556429430993
       ],
       [
        -86.47311310899818,
        41.6655946180963
       ],
       [
        -86.47308831356789,
        41.66562752349024
       ],
       [
        -86.47306685372605,
        41.665662695261624
       ],
       [
        -86.47304893505567,
        41.66569979646868
       ],
       [
        -86.47303472921564,
        41.66573847168585
       ],
       [
        -86.47302437229641,
        41.665778350408715
       ],
       [
        -86.47301796351611,
        41.66581905060342
       ],
       [
        -86.4730155642702,
        41.66586018236648
       ],
       [
        -86.47300996427019,
        41.66646188236648
       ],
       [
        -86.47301161685502,
        41.66650326839769
       ],
       [
        -86.47301732861408,
        41.666544291688936
       ],
       [
        -86.47302704425053,
        41.666584555084526
       ],
       [
        -86.4730406697051,
        41.66662366878549
       ],
       [
        -86.47305807306674,
        41.66666125412332
       ],
       [
        -86.47307908584959,
        41.66669694722592
       ],
       [
        -86.47310350462416,
        41.66673040254036
       ],
       [
        -86.47313109298685,
        41.66676129617823
       ],
       [
        -86.4731615838485,
        41.666789329051284
       ],
       [
        -86.47319468202025,
        41.66681422976699
       ],
       [
        -86.47323006707127,
        41.66683575725594
       ],
       [
        -86.47326739643094,
        41.666853703105666
       ],
       [
        -86.47330630870536,
        41.66686789357839
       ],
       [
        -86.47334642717605,
        41.666878191292945
       ],
       [
        -86.47338736344712,
        41.66688449655485
       ],
       [
        -86.47342872120531,
        41.66688674832145
       ],
       [
        -86.47505162120531,
        41.66689514832146
       ],
       [
        -86.47509278191234,
        41.66689334513834
       ],
       [
        -86.4751335692039,
        41.66688752688105
       ],
       [
        -86.4751735923705,
        41.6668777492838
       ],
       [
        -86.47521246802228,
        41.66686410600815
       ],
       [
        -86.4752498237617,
        41.66684672774573
       ],
       [
        -86.47526464051457,
        41.66683797969484
       ],
       [
        -86.47529619874305,
        41.666853161915135
       ],
       [
        -86.47533512852372,
        41.66686736872483
       ],
       [
        -86.47537526656207,
        41.666877678872346
       ],
       [
        -86.47541622385899,
        41.666883992436546
       ],
       [
        -86.4754576034755,
        41.66688624822932
       ],
       [
        -86.4770674034755,
        41.66689464822932
       ],
       [
        -86.47710857145458,
        41.66689284611081
       ],
       [
        -86.47714936598754,
        41.66688702750176
       ],
       [
        -86.47718939615858,
        41.666877248159295
       ],
       [
        -86.47722827837636,
        41.6668636017945
       ],
       [
        -86.47726564004992,
        41.66684621917442
       ],
       [
        -86.47730112315897,
        41.66682526686895
       ],
       [
        -86.4773023466269,
        41.666824372335654
       ],
       [
        -86.47732056689243,
        41.66683545715886
       ],
       [
        -86.47735789628094,
        41.666853403042445
       ],
       [
        -86.47739680858874,
        41.66686759354226
       ],
       [
        -86.4774369270963,
        41.66687789127661
       ],
       [
        -86.47747786340663,
        41.66688419655065
       ],
       [
        -86.47751922120531,
        41.666886448321456
       ],
       [
        -86.47914212120531,
        41.666894848321455
       ],
       [
        -86.4791832817352,
        41.666893045154815
       ],
       [
        -86.47922406885456,
        41.66688722694846
       ],
       [
        -86.47926409185887,
        41.666877449435674
       ],
       [
        -86.47930296736317,
        41.66686380627637
       ],
       [
        -86.47934032297452,
        41.66684642815993
       ],
       [
        -86.47935518159798,
        41.66683765543455
       ],
       [
        -86.47938687463636,
        41.6668528939184
       ],
       [
        -86.4794257874949,
        41.666867087005585
       ]
      ],
      [
       [
        -86.4792325542144,
        41.669384187983226
       ],
       [
        -86.4791924352833,
        41.66937386255536
       ],
       [
        -86.47915149571993,
        41.669367530474716
       ],
       [
        -86.47911013200999,
        41.66936525306532
       ],
       [
        -86.47750043200999,
        41.66935595306533
       ],
       [
        -86.47745927945675,
        41.669357730635646
       ],
       [
        -86.47741849764856,
        41.66936352170764
       ],
       [
        -86.47737847706685,
        41.6693732708324
       ],
       [
        -86.47733960090439,
        41.669386884663126
       ],
       [
        -86.47730224139627,
        41.66940423284884
       ],
       [
        -86.47726675625577,
        41.669425149282525
       ],
       [
        -86.47723348524931,
        41.669449433691575
       ],
       [
        -86.47720274694319,
        41.66947685355538
       ],
       [
        -86.4771748356534,
        41.66950714633168
       ],
       [
        -86.47715001862754,
        41.66954002197041
       ],
       [
        -86.47712853348597,
        41.669575165690844
       ],
       [
        -86.4771105859466,
        41.66961224099563
       ],
       [
        -86.47709634785522,
        41.66965089289272
       ],
       [
        -86.47708595554002,
        41.669690751294326
       ],
       [
        -86.47707950850629,
        41.669731434560546
       ],
       [
        -86.47707706848371,
        41.66977255315347
       ],
       [
        -86.47707096848372,
        41.67036325315347
       ],
       [
        -86.47707257984936,
        41.67040465196018
       ],
       [
        -86.47707825293182,
        41.670445691865545
       ],
       [
        -86.47708793277913,
        41.67048597533923
       ],
       [
        -86.47710152562809,
        41.67052511217806
       ],
       [
        -86.4771188998125,
        41.67056272328564
       ],
       [
        -86.47713988703843,
        41.67059844434446
       ],
       [
        -86.47716428401456,
        41.67063192934488
       ],
       [
        -86.47719185442116,
        41.67066285393665
       ],
       [
        -86.47722233119936,
        41.67069091857076
       ],
       [
        -86.47725541913782,
        41.67071585140101
       ],
       [
        -86.47729079773246,
        41.67073741091719
       ],
       [
        -86.47732812429086,
        41.670755388284476
       ],
       [
        -86.4773670372518,
        41.670769609366296
       ],
       [
        -86.47740715968744,
        41.67077993641109
       ],
       [
        -86.4774481029545,
        41.67078626938662
       ],
       [
        -86.47748947045874,
        41.67078854694893
       ],
       [
        -86.48112797045873,
        41.67080954694893
       ],
       [
        -86.48116911904059,
        41.67080776950316
       ],
       [
        -86.4812098969633,
        41.670801979328594
       ],
       [
        -86.48124991385797,
        41.67079223185484
       ],
       [
        -86.481288786641,
        41.6707786203949
       ],
       [
        -86.48132614318149,
        41.67076127525191
       ],
       [
        -86.48136162586356,
        41.67074036247172
       ],
       [
        -86.48139489500987,
        41.670716082253314
       ],
       [
        -86.4814256321334,
        41.670688667032344
       ],
       [
        -86.4814535429862,
        41.67065837925597
       ],
       [
        -86.48147836037646,
        41.67062550887046
       ],
       [
        -86.48149984672612,
        41.67059037054551
       ],
       [
        -86.48151779634543,
        41.670553300661915
       ],
       [
        -86.4815320374018,
        41.67051465409136
       ],
       [
        -86.48154243356501,
        41.670474800799234
       ],
       [
        -86.48154888531207,
        41.67043412230292
       ],
       [
        -86.48155133088012,
        41.67039300801952
       ],
       [
        -86.48155763088012,
        41.66979140801952
       ],
       [
        -86.48155602538472,
        41.66975000732218
       ],
       [
        -86.48155035779605,
        41.66970896498069
       ],
       [
        -86.48154068301729,
        41.66966867858086
       ],
       [
        -86.48152709477,
        41.66962953838552
       ],
       [
        -86.48150972468643,
        41.66959192355397
       ],
       [
        -86.48148874103421,
        41.66955619846901
       ],
       [
        -86.48146434708643,
        41.66952270920705
       ],
       [
        -86.48143677915235,
        41.669491780185616
       ],
       [
        -86.48140630428838,
        41.669463711020654
       ],
       [
        -86.48137321771094,
        41.669438773624066
       ],
       [
        -86.48133783993664,
        41.669417209569666
       ],
       [
        -86.48130051367747,
        41.66939922775298
       ],
       [
        -86.48126160052072,
        41.66938500236766
       ],
       [
        -86.48122147742635,
        41.669374671218
       ],
       [
        -86.48118053307519,
        41.66936833438402
       ],
       [
        -86.48113916410382,
        41.66936605325197
       ],
       [
        -86.47951626410384,
        41.66935655325197
       ],
       [
        -86.47947512220053,
        41.66935832668941
       ],
       [
        -86.47943435043848,
        41.66936411155839
       ],
       [
        -86.47939433899795,
        41.669373852498495
       ],
       [
        -86.47935547078293,
        41.669387456290266
       ],
       [
        -86.47931811775699,
        41.66940479274726
       ],
       [
        -86.47930309847236,
        41.66941364133874
       ],
       [
        -86.47927146397512,
        41.66939840676007
       ],
       [
        -86.4792325542144,
        41.669384187983226
       ]
      ]
     ]
    ]
   }
  }
 ]
}