z,d,rad,n
campus,2019-01-01,6.10547139309237,23
ring,2019-01-01,1.6892201164897758,1476
campus,2019-01-02,8.85048050694606,24
ring,2019-01-02,1.7040897250761844,1591
campus,2019-01-03,8.368206819751682,24
ring,2019-01-03,2.8373700648211204,1594
campus,2019-01-04,6.291848840064863,24
ring,2019-01-04,2.222111291381863,1588
campus,2019-01-05,5.2281935403276885,24
ring,2019-01-05,1.6338895404229126,1581
campus,2019-01-06,,0
ring,2019-01-06,,0
campus,2019-01-07,7.363777137276005,24
ring,2019-01-07,1.4588634361403747,1586
campus,2019-01-08,2.890028592130447,8
ring,2019-01-08,1.2133059989625086,531
campus,2019-01-09,6.54973053143305,24
ring,2019-01-09,1.84124626824493,1594
campus,2019-01-10,4.860981031095282,24
ring,2019-01-10,1.5953917742838926,1569
campus,2019-01-11,,0
ring,2019-01-11,0.5887799591771988,233
campus,2019-01-12,6.289462796440898,24
ring,2019-01-12,1.5127586917526141,1403
campus,2019-01-13,9.045722031488138,24
ring,2019-01-13,1.8077113055901053,1596
campus,2019-01-14,9.690716724921675,24
ring,2019-01-14,2.2276030935733617,1596
campus,2019-01-15,6.311797098499887,24
ring,2019-01-15,1.8835766707608246,1387
campus,2019-01-16,9.482788533746582,13
ring,2019-01-16,1.5014281821411037,857
campus,2019-01-17,,0
ring,2019-01-17,,0
campus,2019-01-18,14.103825569152832,1
ring,2019-01-18,0.6751372392486727,42
campus,2019-01-19,7.2697440282383905,17
ring,2019-01-19,1.0369296210504881,1508
campus,2019-01-20,6.305543052053503,21
ring,2019-01-20,1.0226518033152563,1517
campus,2019-01-21,,0
ring,2019-01-21,,0
campus,2019-01-22,22.979049249396603,7
ring,2019-01-22,1.294070448610476,754
campus,2019-01-23,2.7927586131071824,10
ring,2019-01-23,1.136247379059066,838
campus,2019-01-24,4.836598297748915,23
ring,2019-01-24,1.1631892366209244,1523
campus,2019-01-25,7.415920480244432,18
ring,2019-01-25,1.6499459830705505,1299
campus,2019-01-26,,0
ring,2019-01-26,1.8263551647439293,207
campus,2019-01-27,5.90864054641173,12
ring,2019-01-27,1.4920292531749897,857
campus,2019-01-28,,0
ring,2019-01-28,,0
campus,2019-01-29,6.856605399058146,24
ring,2019-01-29,1.6788902480378838,1273
campus,2019-01-30,7.587812900543213,1
ring,2019-01-30,0.6395487449692273,221
campus,2019-01-31,4.675962505025021,24
ring,2019-01-31,1.583154877511057,1596
campus,2019-02-01,2.142561339790171,3
ring,2019-02-01,0.8090365152415276,914
campus,2019-02-02,3.2527643272460995,2
ring,2019-02-02,0.5158886367976309,152
campus,2019-02-03,2.332948760344432,2
ring,2019-02-03,1.723329260674051,795
campus,2019-02-04,23.686728633992818,24
ring,2019-02-04,5.545225380159434,1590
campus,2019-02-05,14.630729453774059,24
ring,2019-02-05,4.395136045392833,1596
campus,2019-02-06,13.186472070497627,24
ring,2019-02-06,2.802332311215053,1577
campus,2019-02-07,,0
ring,2019-02-07,,0
campus,2019-02-08,15.220302595636426,24
ring,2019-02-08,2.553130439941859,1524
campus,2019-02-09,,0
ring,2019-02-09,1.7593999214325216,394
campus,2019-02-10,9.921474142495324,24
ring,2019-02-10,2.598080712635996,1594
campus,2019-02-11,7.487921068738489,24
ring,2019-02-11,2.2064841127017174,1428
campus,2019-02-12,31.159314788089088,24
ring,2019-02-12,1.9176144157245911,1478
campus,2019-02-13,,0
ring,2019-02-13,0.8948781800740729,354
campus,2019-02-14,23.878259525974087,20
ring,2019-02-14,5.512414519366649,724
campus,2019-02-15,27.63361282693334,6
ring,2019-02-15,7.301391893663006,284
campus,2019-02-16,19.732660206798393,6
ring,2019-02-16,6.2621824569208835,320
campus,2019-02-17,28.024170436281146,4
ring,2019-02-17,8.589921687858283,176
campus,2019-02-18,,0
ring,2019-02-18,23.654085636138916,8
campus,2019-02-19,34.425243688473266,6
ring,2019-02-19,20.897613418627593,72
campus,2019-02-20,16.669757120046636,17
ring,2019-02-20,6.101711637988777,498
campus,2019-02-21,,0
ring,2019-02-21,0.768871672182427,60
campus,2019-02-22,8.25180152245107,17
ring,2019-02-22,1.2757592585676434,1479
campus,2019-02-23,6.842479685253747,9
ring,2019-02-23,1.2632854422273907,1008
campus,2019-02-24,,0
ring,2019-02-24,,0
campus,2019-02-25,3.75036057984336,12
ring,2019-02-25,1.185995172781577,1325
campus,2019-02-26,8.159835079383312,17
ring,2019-02-26,2.758129246307155,1164
campus,2019-02-27,5.069476819809746,24
ring,2019-02-27,1.8252082904141822,1590
campus,2019-02-28,6.276029863602975,24
ring,2019-02-28,1.5970529197486445,1584
campus,2019-03-01,,0
ring,2019-03-01,0.9865836504052982,158
campus,2019-03-02,4.697934018724105,24
ring,2019-03-02,1.5887495317327887,1596
campus,2019-03-03,4.010608939563528,24
ring,2019-03-03,1.5392881890190393,1593
campus,2019-03-04,8.393372897751192,24
ring,2019-03-04,1.9564880176728932,1591
campus,2019-03-05,5.372846570067545,24
ring,2019-03-05,1.7515652906654542,1301
campus,2019-03-06,4.4708491641149815,9
ring,2019-03-06,1.438510704501547,1187
campus,2019-03-07,,0
ring,2019-03-07,,0
campus,2019-03-08,,0
ring,2019-03-08,,0
campus,2019-03-09,3.5070493304378845,24
ring,2019-03-09,1.6220547596648782,1589
campus,2019-03-10,4.883908318736974,24
ring,2019-03-10,1.5199257942575577,1592
campus,2019-03-11,4.805668292711764,24
ring,2019-03-11,1.3894747205448963,1592
campus,2019-03-12,4.834243355919333,24
ring,2019-03-12,1.4846528480337813,1596
campus,2019-03-13,7.121233626989758,24
ring,2019-03-13,2.2668623210372383,1596
campus,2019-03-14,5.3835635798643615,24
ring,2019-03-14,2.139373590459284,1596
campus,2019-03-15,5.2025217682828195,18
ring,2019-03-15,1.546974870327687,1304
campus,2019-03-16,7.831722944333078,19
ring,2019-03-16,1.338210684039009,1416
campus,2019-03-17,6.167057600003669,4
ring,2019-03-17,1.5845346174783557,497
campus,2019-03-18,7.438347357822995,23
ring,2019-03-18,1.2737166688072357,1524
campus,2019-03-19,,0
ring,2019-03-19,,0
campus,2019-03-20,5.021818039981354,20
ring,2019-03-20,0.9445041517386276,1523
campus,2019-03-21,6.3959432057961445,20
ring,2019-03-21,0.8669568969763896,1519
campus,2019-03-22,6.310755475188362,18
ring,2019-03-22,0.9032139621173642,1508
campus,2019-03-23,7.434985000833076,21
ring,2019-03-23,1.1250049879609807,1525
campus,2019-03-24,9.754511477091304,19
ring,2019-03-24,1.3285696509969183,1487
campus,2019-03-25,5.090057540127466,23
ring,2019-03-25,1.7264097140501262,1312
campus,2019-03-26,4.530154203862663,18
ring,2019-03-26,1.7851009335195618,1263
campus,2019-03-27,4.548787894202686,16
ring,2019-03-27,1.3916133142530347,1190
campus,2019-03-28,,0
ring,2019-03-28,1.2838337748524802,11
campus,2019-03-29,11.084163966178894,24
ring,2019-03-29,1.9982265260302015,1596
campus,2019-03-30,7.584135555134101,24
ring,2019-03-30,2.4108315396834707,1590
campus,2019-03-31,3.1516815292503386,19
ring,2019-03-31,1.8212047685007484,1528
campus,2019-04-01,5.359439730341994,17
ring,2019-04-01,1.469379214082279,1391
campus,2019-04-02,9.873636147844683,12
ring,2019-04-02,1.0028146229125172,641
campus,2019-04-03,7.231091346214799,24
ring,2019-04-03,2.1258076214854245,1410
campus,2019-04-04,6.375384470504875,24
ring,2019-04-04,2.552963615588389,1411
campus,2019-04-05,4.398149886902641,24
ring,2019-04-05,1.623024867777609,1484
campus,2019-04-06,2.7981490077727877,13
ring,2019-04-06,1.3666245792207623,1221
campus,2019-04-07,5.878359460059335,24
ring,2019-04-07,1.5128492860926028,1528
campus,2019-04-08,,0
ring,2019-04-08,,0
campus,2019-04-09,7.793493264913558,24
ring,2019-04-09,2.0709638511071256,1596
campus,2019-04-10,5.396625648351277,24
ring,2019-04-10,1.6120416989326944,1596
campus,2019-04-11,,0
ring,2019-04-11,,0
campus,2019-04-12,,0
ring,2019-04-12,,0
campus,2019-04-13,5.923613700771055,22
ring,2019-04-13,1.45631745257082,1432
campus,2019-04-14,7.552149914746689,20
ring,2019-04-14,1.5237670402740637,1500
campus,2019-04-15,6.190865195449664,21
ring,2019-04-15,1.555719390266488,1494
campus,2019-04-16,,0
ring,2019-04-16,,0
campus,2019-04-17,,0
ring,2019-04-17,0.34175738149294843,24
campus,2019-04-18,,0
ring,2019-04-18,,0
campus,2019-04-19,,0
ring,2019-04-19,,0
campus,2019-04-20,8.42890759288624,16
ring,2019-04-20,1.2753887950749545,1523
campus,2019-04-21,4.667448252271652,23
ring,2019-04-21,1.153688678723488,1558
campus,2019-04-22,5.936869743246311,23
ring,2019-04-22,1.1628806903632662,1556
campus,2019-04-23,8.767159782668388,25
ring,2019-04-23,1.0110510874975573,1547
campus,2019-04-24,5.714969019670554,23
ring,2019-04-24,1.0139458335032592,1538
campus,2019-04-25,6.519860503841879,22
ring,2019-04-25,1.5720722895846408,1495
campus,2019-04-26,,0
ring,2019-04-26,,0
campus,2019-04-27,4.803984087511501,25
ring,2019-04-27,1.5066615401885481,1473
campus,2019-04-28,,0
ring,2019-04-28,,0
campus,2019-04-29,5.697484384856011,25
ring,2019-04-29,1.340899238295457,1600
campus,2019-04-30,7.51359201147195,25
ring,2019-04-30,1.8196699320800989,1593
campus,2019-05-01,6.562249937020453,25
ring,2019-05-01,2.5994184759749848,1600
campus,2019-05-02,5.560334076694778,25
ring,2019-05-02,1.8602541810357267,1600
campus,2019-05-03,4.947832907928718,24
ring,2019-05-03,1.2732199391893915,960
campus,2019-05-04,,0
ring,2019-05-04,0.8383616660755437,239
campus,2019-05-05,,0
ring,2019-05-05,2.567719204264107,27
campus,2019-05-06,10.25617527838012,21
ring,2019-05-06,3.0740622392528962,1298
campus,2019-05-07,,0
ring,2019-05-07,,0
campus,2019-05-08,4.644843936287042,25
ring,2019-05-08,1.5725149028102532,1587
campus,2019-05-09,,0
ring,2019-05-09,0.6930609505598238,11
campus,2019-05-10,5.525008608484967,25
ring,2019-05-10,1.5292633856234308,1600
campus,2019-05-11,,0
ring,2019-05-11,1.5913605415731118,139
campus,2019-05-12,6.731362558921344,25
ring,2019-05-12,2.3618753844298785,1600
campus,2019-05-13,5.53727299357871,25
ring,2019-05-13,1.706388142255399,1600
campus,2019-05-14,3.922042259321133,5
ring,2019-05-14,1.11028433892179,216
campus,2019-05-15,6.2970623406930795,25
ring,2019-05-15,1.2164057079100061,1547
campus,2019-05-16,,0
ring,2019-05-16,,0
campus,2019-05-17,,0
ring,2019-05-17,,0
campus,2019-05-18,,0
ring,2019-05-18,0.7591935454392389,349
campus,2019-05-19,4.86465032793256,20
ring,2019-05-19,0.9671510172707855,1537
campus,2019-05-20,5.946494379635142,24
ring,2019-05-20,1.13339398170154,1532
campus,2019-05-21,6.240868143705072,22
ring,2019-05-21,1.3476488893944913,1526
campus,2019-05-22,8.154745717646659,20
ring,2019-05-22,1.622756517794124,1355
campus,2019-05-23,,0
ring,2019-05-23,3.76511541042614,106
campus,2019-05-24,5.979843901507294,24
ring,2019-05-24,1.7253636002345651,1446
campus,2019-05-25,,0
ring,2019-05-25,,0
campus,2019-05-26,6.913868281826283,20
ring,2019-05-26,1.597084373729225,1467
campus,2019-05-27,11.434723331709568,25
ring,2019-05-27,2.5098724359128948,1599
campus,2019-05-28,6.9853856699134695,22
ring,2019-05-28,2.449486953171043,1216
campus,2019-05-29,,0
ring,2019-05-29,,0
campus,2019-05-30,5.280289932813862,25
ring,2019-05-30,1.4327154650049894,1593
campus,2019-05-31,,0
ring,2019-05-31,1.2485732047165314,29
campus,2019-06-01,6.390323208381253,23
ring,2019-06-01,2.1114278813302447,1400
campus,2019-06-02,,0
ring,2019-06-02,1.5959798097610474,1
campus,2019-06-03,,0
ring,2019-06-03,,0
campus,2019-06-04,,0
ring,2019-06-04,,0
campus,2019-06-05,6.141749719772823,23
ring,2019-06-05,1.5085315829689034,1501
campus,2019-06-06,5.566269757424872,23
ring,2019-06-06,1.6908648014405863,1598
campus,2019-06-07,7.210512514936123,23
ring,2019-06-07,2.145694664547856,1327
campus,2019-06-08,,0
ring,2019-06-08,3.136847054596581,12
campus,2019-06-09,6.17666439460544,18
ring,2019-06-09,1.4915645757119504,1299
campus,2019-06-10,5.027137749969625,23
ring,2019-06-10,1.3763988715896547,1552
campus,2019-06-11,,0
ring,2019-06-11,,0
campus,2019-06-12,,0
ring,2019-06-12,,0
campus,2019-06-13,,0
ring,2019-06-13,,0
campus,2019-06-14,,0
ring,2019-06-14,,0
campus,2019-06-15,0.69787706642613,6
ring,2019-06-15,0.5278965946864448,1360
campus,2019-06-16,6.9750854345526445,14
ring,2019-06-16,1.078083090316764,1384
campus,2019-06-17,6.766658930935614,18
ring,2019-06-17,0.8243734759347502,1538
campus,2019-06-18,,0
ring,2019-06-18,,0
campus,2019-06-19,,0
ring,2019-06-19,,0
campus,2019-06-20,6.246422154689129,20
ring,2019-06-20,0.6767852342437005,1089
campus,2019-06-21,4.393975405415079,7
ring,2019-06-21,1.5222176536346177,466
campus,2019-06-22,,0
ring,2019-06-22,,0
campus,2019-06-23,,0
ring,2019-06-23,,0
campus,2019-06-24,,0
ring,2019-06-24,,0
campus,2019-06-25,,0
ring,2019-06-25,2.4950923145844035,44
campus,2019-06-26,,0
ring,2019-06-26,,0
campus,2019-06-27,1.3504642248153687,1
ring,2019-06-27,0.8461630747523576,167
campus,2019-06-28,8.199780119688175,23
ring,2019-06-28,2.089811032229898,1456
campus,2019-06-29,,0
ring,2019-06-29,,0
campus,2019-06-30,5.069561977447083,23
ring,2019-06-30,1.3361313698392963,1567
campus,2019-07-01,7.038240506615189,23
ring,2019-07-01,1.3376040526349877,1551
campus,2019-07-02,5.961109188681366,23
ring,2019-07-02,1.5843205982634245,1561
campus,2019-07-03,7.261420645923118,23
ring,2019-07-03,1.8097166615044418,1592
campus,2019-07-04,,0
ring,2019-07-04,1.403805270671906,186
campus,2019-07-05,3.762156386944583,25
ring,2019-07-05,1.453684834927657,1590
campus,2019-07-06,5.299078841386783,25
ring,2019-07-06,1.2227783755611834,1580
campus,2019-07-07,,0
ring,2019-07-07,,0
campus,2019-07-08,,0
ring,2019-07-08,,0
campus,2019-07-09,,0
ring,2019-07-09,,0
campus,2019-07-10,,0
ring,2019-07-10,1.7781126388829394,118
campus,2019-07-11,5.310452622693441,25
ring,2019-07-11,1.441562393852459,1583
campus,2019-07-12,,0
ring,2019-07-12,0.995732989584998,1115
campus,2019-07-13,7.164285770684504,20
ring,2019-07-13,0.5713365456200024,822
campus,2019-07-14,11.325543651930644,12
ring,2019-07-14,1.4982696090376106,556
campus,2019-07-15,,0
ring,2019-07-15,,0
campus,2019-07-16,,0
ring,2019-07-16,,0
campus,2019-07-17,9.331833761625777,18
ring,2019-07-17,0.6479855691826255,756
campus,2019-07-18,,0
ring,2019-07-18,2.2205012609366785,127
campus,2019-07-19,1.438564658164978,2
ring,2019-07-19,0.873747358128685,1401
campus,2019-07-20,8.399292002707243,21
ring,2019-07-20,0.9638679179885894,1520
campus,2019-07-21,,0
ring,2019-07-21,,0
campus,2019-07-22,,0
ring,2019-07-22,2.0693492208208357,7
campus,2019-07-23,,0
ring,2019-07-23,,0
campus,2019-07-24,8.853885893990086,16
ring,2019-07-24,1.422013515589606,1474
campus,2019-07-25,12.948935209159249,15
ring,2019-07-25,1.9284508807958753,1277
campus,2019-07-26,8.50682353430788,14
ring,2019-07-26,1.903996604073108,1258
campus,2019-07-27,4.352684890445263,22
ring,2019-07-27,1.103554934260965,1306
campus,2019-07-28,,0
ring,2019-07-28,,0
campus,2019-07-29,7.310526795197786,25
ring,2019-07-29,1.6745712373254409,1539
campus,2019-07-30,8.892188228633392,25
ring,2019-07-30,2.4358755688427602,1600
campus,2019-07-31,6.920550522036363,25
ring,2019-07-31,1.8640037745089102,1600
campus,2019-08-01,,0
ring,2019-08-01,0.9156332829416136,414
campus,2019-08-02,10.970407503129191,25
ring,2019-08-02,1.3134190994202342,1598
campus,2019-08-03,,0
ring,2019-08-03,,0
campus,2019-08-04,0.5903815368937838,4
ring,2019-08-04,1.5531119753870946,814
campus,2019-08-05,7.735700121184482,25
ring,2019-08-05,1.8514536696089925,1600
campus,2019-08-06,6.005784750625842,25
ring,2019-08-06,1.5774921549025456,1600
campus,2019-08-07,6.167810441808697,25
ring,2019-08-07,1.2746106361674006,1600
campus,2019-08-08,,0
ring,2019-08-08,,0
campus,2019-08-09,7.916844481277867,25
ring,2019-08-09,1.559660529042055,1566
campus,2019-08-10,12.38050136774164,25
ring,2019-08-10,2.6123285491277644,1600
campus,2019-08-11,8.38986779261889,25
ring,2019-08-11,1.7981055929870167,1598
campus,2019-08-12,6.606176371275492,21
ring,2019-08-12,1.2480672510819069,1540
campus,2019-08-13,6.659887892410222,19
ring,2019-08-13,1.047852005955007,1501
campus,2019-08-14,6.115459858691653,19
ring,2019-08-14,0.9141771071047271,1545
campus,2019-08-15,7.294753889553851,23
ring,2019-08-15,0.9839001596804444,1511
campus,2019-08-16,6.880769986769235,19
ring,2019-08-16,0.878756185119302,1529
campus,2019-08-17,5.920837606758443,20
ring,2019-08-17,0.9441683969747244,1548
campus,2019-08-18,13.841055744403118,5
ring,2019-08-18,0.9436753312513743,681
campus,2019-08-19,,0
ring,2019-08-19,,0
campus,2019-08-20,8.456324353261818,20
ring,2019-08-20,1.0140098032910936,1533
campus,2019-08-21,,0
ring,2019-08-21,,0
campus,2019-08-22,,0
ring,2019-08-22,,0
campus,2019-08-23,5.554262384021076,17
ring,2019-08-23,1.1968069660584189,841
campus,2019-08-24,5.8844478094373915,22
ring,2019-08-24,1.404777864822411,1519
campus,2019-08-25,,0
ring,2019-08-25,,0
campus,2019-08-26,8.796468671560286,24
ring,2019-08-26,2.1890129675575043,1586
campus,2019-08-27,5.0730852245085485,23
ring,2019-08-27,1.5344137961106263,1494
campus,2019-08-28,5.841689042659366,24
ring,2019-08-28,1.588214334155306,1596
campus,2019-08-29,9.069034846179626,24
ring,2019-08-29,1.5891171203441994,1596
campus,2019-08-30,6.620252843534246,24
ring,2019-08-30,1.8258874242249437,1596
campus,2019-08-31,8.362894636918517,24
ring,2019-08-31,2.404826062394496,1596
campus,2019-09-01,7.018393596971736,24
ring,2019-09-01,2.026238891928574,1596
campus,2019-09-02,6.152611366335083,24
ring,2019-09-02,1.6333259500589716,1596
campus,2019-09-03,9.406986236572266,1
ring,2019-09-03,0.8863970068070676,757
campus,2019-09-04,7.221532035575194,24
ring,2019-09-04,1.7532741543779078,1596
campus,2019-09-05,10.452099264860154,24
ring,2019-09-05,2.087837805213948,1596
campus,2019-09-06,9.573335648389422,24
ring,2019-09-06,2.4523688239825985,1596
campus,2019-09-07,6.087785762899062,24
ring,2019-09-07,1.8974929188675254,1459
campus,2019-09-08,,0
ring,2019-09-08,,0
campus,2019-09-09,,0
ring,2019-09-09,,0
campus,2019-09-10,,0
ring,2019-09-10,,0
campus,2019-09-11,,0
ring,2019-09-11,,0
campus,2019-09-12,,0
ring,2019-09-12,,0
campus,2019-09-13,3.789287729448185,12
ring,2019-09-13,0.7900974534664404,1517
campus,2019-09-14,,0
ring,2019-09-14,,0
campus,2019-09-15,7.885105335235921,16
ring,2019-09-15,0.9531549720488754,1532
campus,2019-09-16,,0
ring,2019-09-16,,0
campus,2019-09-17,6.611647305857629,19
ring,2019-09-17,1.1141099868950188,1521
campus,2019-09-18,,0
ring,2019-09-18,,0
campus,2019-09-19,,0
ring,2019-09-19,,0
campus,2019-09-20,,0
ring,2019-09-20,,0
campus,2019-09-21,7.902042678605061,19
ring,2019-09-21,1.8117534567371951,1489
campus,2019-09-22,11.302130256950015,16
ring,2019-09-22,1.9869552808023963,1443
campus,2019-09-23,6.508628667696663,19
ring,2019-09-23,1.5417830150047167,1510
campus,2019-09-24,7.431366684415637,23
ring,2019-09-24,1.5670093340369786,1354
campus,2019-09-25,7.537959271038281,24
ring,2019-09-25,1.8742513844250703,1570
campus,2019-09-26,7.805577299875372,24
ring,2019-09-26,2.030115931480505,1596
campus,2019-09-27,8.34595498330453,24
ring,2019-09-27,2.367469622278759,1596
campus,2019-09-28,9.280064996340698,24
ring,2019-09-28,1.8893606319753717,1541
campus,2019-09-29,6.411099138365073,24
ring,2019-09-29,1.6575940113452432,1586
campus,2019-09-30,7.957101760681939,24
ring,2019-09-30,1.8642348234971615,1522
campus,2019-10-01,9.194623473216506,24
ring,2019-10-01,2.1096108205717417,1565
campus,2019-10-02,7.39840546238322,18
ring,2019-10-02,2.86883028109912,1189
campus,2019-10-03,,0
ring,2019-10-03,,0
campus,2019-10-04,6.443358571967658,24
ring,2019-10-04,1.7137451106165555,1596
campus,2019-10-05,,0
ring,2019-10-05,0.7654874696200041,58
campus,2019-10-06,6.603752287170467,24
ring,2019-10-06,1.6144459236048434,1596
campus,2019-10-07,7.282555458966424,24
ring,2019-10-07,2.1804448027816137,1596
campus,2019-10-08,,0
ring,2019-10-08,,0
campus,2019-10-09,3.731342668681182,4
ring,2019-10-09,1.0938653180364493,838
campus,2019-10-10,7.545859956111112,19
ring,2019-10-10,1.5470760033273054,1538
campus,2019-10-11,10.281254751741495,19
ring,2019-10-11,1.4957764051151778,1516
campus,2019-10-12,7.698935389060394,21
ring,2019-10-12,1.3710128445239338,1350
campus,2019-10-13,11.260320616374118,11
ring,2019-10-13,1.2106141080117805,1501
campus,2019-10-14,,0
ring,2019-10-14,9.408428478240968,10
campus,2019-10-15,,0
ring,2019-10-15,,0
campus,2019-10-16,,0
ring,2019-10-16,0.9896171033729062,26
campus,2019-10-17,6.970329141351829,22
ring,2019-10-17,1.740555227949101,1423
campus,2019-10-18,10.643405792466528,21
ring,2019-10-18,1.8295417729163028,1497
campus,2019-10-19,7.063263529580727,19
ring,2019-10-19,1.8069489392604907,1496
campus,2019-10-20,6.402815428731236,19
ring,2019-10-20,2.01906536621015,1485
campus,2019-10-21,9.76887615075434,14
ring,2019-10-21,2.0391162269550405,1268
campus,2019-10-22,9.452270942227374,15
ring,2019-10-22,2.4678304773394295,1153
campus,2019-10-23,,0
ring,2019-10-23,,0
campus,2019-10-24,5.327966596092191,15
ring,2019-10-24,2.1440280237750944,601
campus,2019-10-25,6.49785001807353,24
ring,2019-10-25,2.0443969171875778,1580
campus,2019-10-26,8.955791297923119,24
ring,2019-10-26,2.1636236156680404,1596
campus,2019-10-27,9.038734901547432,24
ring,2019-10-27,2.667007418736497,1591
campus,2019-10-28,9.496466181628845,24
ring,2019-10-28,2.413226202241781,1595
campus,2019-10-29,11.379554374358234,24
ring,2019-10-29,2.895026149297142,1596
campus,2019-10-30,8.123229171458412,24
ring,2019-10-30,2.107262430728545,1595
campus,2019-10-31,,0
ring,2019-10-31,,0
campus,2019-11-01,,0
ring,2019-11-01,,0
campus,2019-11-02,9.359590707327191,14
ring,2019-11-02,1.9769480609838304,1338
campus,2019-11-03,9.11605173966464,24
ring,2019-11-03,2.5189453286471832,1596
campus,2019-11-04,8.814950160384177,24
ring,2019-11-04,2.312925654336302,1595
campus,2019-11-05,,0
ring,2019-11-05,1.410616922909174,752
campus,2019-11-06,9.728215813812088,24
ring,2019-11-06,2.9125484509169777,1594
campus,2019-11-07,7.664167552290806,20
ring,2019-11-07,2.0362429425664748,1546
campus,2019-11-08,9.429655339296271,19
ring,2019-11-08,3.0220174445956225,1121
campus,2019-11-09,17.151223242672835,14
ring,2019-11-09,3.5433990533179003,563
campus,2019-11-10,8.431292298768565,18
ring,2019-11-10,2.0633225795966093,1504
campus,2019-11-11,6.03524953655072,17
ring,2019-11-11,1.7924719999383318,1531
campus,2019-11-12,7.632960547160491,18
ring,2019-11-12,1.9943091306730103,1502
campus,2019-11-13,8.918733192513594,23
ring,2019-11-13,1.7365494366013174,1435
campus,2019-11-14,10.070126293490468,17
ring,2019-11-14,1.7045152801373114,1499
campus,2019-11-15,7.603960955748146,11
ring,2019-11-15,1.4283548096426215,1085
campus,2019-11-16,,0
ring,2019-11-16,,0
campus,2019-11-17,8.505361345445271,16
ring,2019-11-17,1.2906386211808625,1531
campus,2019-11-18,11.934612283657165,17
ring,2019-11-18,1.4863320211702244,1531
campus,2019-11-19,9.220472118986256,21
ring,2019-11-19,1.744866058106306,1494
campus,2019-11-20,8.44008152120455,22
ring,2019-11-20,1.8252773139460365,1438
campus,2019-11-21,7.554682028076864,20
ring,2019-11-21,1.6856261294093244,1537
campus,2019-11-22,,0
ring,2019-11-22,,0
campus,2019-11-23,,0
ring,2019-11-23,,0
campus,2019-11-24,9.215651002526286,24
ring,2019-11-24,1.5981412006996811,1587
campus,2019-11-25,9.373520954391537,24
ring,2019-11-25,1.8876646077042434,1588
campus,2019-11-26,6.097155390031198,24
ring,2019-11-26,1.6973640303218072,1582
campus,2019-11-27,8.627641409793323,24
ring,2019-11-27,1.6531300023656361,1579
campus,2019-11-28,4.108452005289487,14
ring,2019-11-28,1.284553290967269,941
campus,2019-11-29,,0
ring,2019-11-29,3.0201968526840206,3
campus,2019-11-30,,0
ring,2019-11-30,,0
campus,2019-12-01,,0
ring,2019-12-01,,0
campus,2019-12-02,,0
ring,2019-12-02,,0
campus,2019-12-03,,0
ring,2019-12-03,,0
campus,2019-12-04,,0
ring,2019-12-04,,0
campus,2019-12-05,,0
ring,2019-12-05,0.7730829119682312,1
campus,2019-12-06,,0
ring,2019-12-06,1.6909384878825242,6
campus,2019-12-07,2.9881641103161707,2
ring,2019-12-07,1.6876055319375018,140
campus,2019-12-08,,0
ring,2019-12-08,3.4785278935945385,30
campus,2019-12-09,,0
ring,2019-12-09,11.269803830981255,5
campus,2019-12-10,7.2399607194794555,2
ring,2019-12-10,1.402735722800152,93
campus,2019-12-11,,0
ring,2019-12-11,1.8290663900445323,59
campus,2019-12-12,,0
ring,2019-12-12,3.4683037727550454,67
campus,2019-12-13,,0
ring,2019-12-13,3.1065163365528887,84
campus,2019-12-14,,0
ring,2019-12-14,16.27771200452532,7
campus,2019-12-15,,0
ring,2019-12-15,,0
campus,2019-12-16,,0
ring,2019-12-16,1.6143936877990541,7
campus,2019-12-17,,0
ring,2019-12-17,2.444612933669022,17
campus,2019-12-18,3.1274860291033506,5
ring,2019-12-18,3.0609475707302187,32
campus,2019-12-19,2.976678307575528,3
ring,2019-12-19,2.4353708490320294,33
campus,2019-12-20,,0
ring,2019-12-20,,0
campus,2019-12-21,,0
ring,2019-12-21,2.328382730484009,1
campus,2019-12-22,,0
ring,2019-12-22,,0
campus,2019-12-23,,0
ring,2019-12-23,,0
campus,2019-12-24,,0
ring,2019-12-24,,0
campus,2019-12-25,,0
ring,2019-12-25,,0
campus,2019-12-26,,0
ring,2019-12-26,,0
campus,2019-12-27,,0
ring,2019-12-27,,0
campus,2019-12-28,,0
ring,2019-12-28,,0
campus,2019-12-29,,0
ring,2019-12-29,,0
campus,2019-12-30,,0
ring,2019-12-30,,0
campus,2020-01-01,,0
ring,2020-01-01,,0
campus,2020-01-02,,0
ring,2020-01-02,,0
campus,2020-01-03,,0
ring,2020-01-03,,0
campus,2020-01-04,,0
ring,2020-01-04,,0
campus,2020-01-05,,0
ring,2020-01-05,2.8787110013644783,37
campus,2020-01-06,,0
ring,2020-01-06,2.612282113342237,10
campus,2020-01-07,,0
ring,2020-01-07,2.531492427871321,23
campus,2020-01-08,,0
ring,2020-01-08,,0
campus,2020-01-09,,0
ring,2020-01-09,,0
campus,2020-01-10,,0
ring,2020-01-10,,0
campus,2020-01-11,,0
ring,2020-01-11,,0
campus,2020-01-12,,0
ring,2020-01-12,5.569126129150391,1
campus,2020-01-13,,0
ring,2020-01-13,,0
campus,2020-01-14,,0
ring,2020-01-14,2.6385384586303506,5
campus,2020-01-15,,0
ring,2020-01-15,2.5611590827951467,12
campus,2020-01-16,,0
ring,2020-01-16,2.4751104939828057,50
campus,2020-01-17,,0
ring,2020-01-17,1.0967358942134873,57
campus,2020-01-18,2.892035948087092,6
ring,2020-01-18,1.4572033410664094,168
campus,2020-01-19,,0
ring,2020-01-19,,0
campus,2020-01-20,,0
ring,2020-01-20,,0
campus,2020-01-21,,0
ring,2020-01-21,,0
campus,2020-01-22,,0
ring,2020-01-22,,0
campus,2020-01-23,,0
ring,2020-01-23,,0
campus,2020-01-24,,0
ring,2020-01-24,,0
campus,2020-01-25,,0
ring,2020-01-25,,0
campus,2020-01-26,,0
ring,2020-01-26,,0
campus,2020-01-27,,0
ring,2020-01-27,,0
campus,2020-01-28,,0
ring,2020-01-28,,0
campus,2020-01-29,,0
ring,2020-01-29,,0
campus,2020-01-30,,0
ring,2020-01-30,,0
campus,2020-01-31,,0
ring,2020-01-31,,0
campus,2020-02-01,,0
ring,2020-02-01,0.765525288441602,2
campus,2020-02-02,2.0302524591338704,2
ring,2020-02-02,1.5355290710624772,85
campus,2020-02-03,,0
ring,2020-02-03,0.5543410343839632,3
campus,2020-02-04,,0
ring,2020-02-04,2.0078910916404937,161
campus,2020-02-05,4.587035655975342,1
ring,2020-02-05,3.5165575796759607,105
campus,2020-02-06,,0
ring,2020-02-06,2.75510821954405,24
campus,2020-02-07,,0
ring,2020-02-07,1.6855336925851647,41
campus,2020-02-08,,0
ring,2020-02-08,1.7992115242276379,35
campus,2020-02-09,,0
ring,2020-02-09,5.373472896084089,44
campus,2020-02-10,7.14923095703125,1
ring,2020-02-10,4.804414133940951,219
campus,2020-02-11,5.429990588681257,22
ring,2020-02-11,1.8792245157542204,1245
campus,2020-02-12,6.324852700530937,19
ring,2020-02-12,1.2632314372047544,1400
campus,2020-02-13,,0
ring,2020-02-13,1.5507864184126279,152
campus,2020-02-14,6.7581695006878695,19
ring,2020-02-14,1.436285901092148,1426
campus,2020-02-15,,0
ring,2020-02-15,,0
campus,2020-02-16,6.618079986744461,22
ring,2020-02-16,1.3237992057948598,1569
campus,2020-02-17,6.176634963893352,22
ring,2020-02-17,1.5915139372907832,1565
campus,2020-02-18,5.07147467998137,22
ring,2020-02-18,1.8662712061674942,1572
campus,2020-02-19,,0
ring,2020-02-19,,0
campus,2020-02-20,5.4382481101681215,24
ring,2020-02-20,1.4861159034867546,1401
campus,2020-02-21,4.269684499975513,24
ring,2020-02-21,1.1275166367571994,1478
campus,2020-02-22,4.195493051900582,24
ring,2020-02-22,1.3219041072084237,1571
campus,2020-02-23,,0
ring,2020-02-23,,0
campus,2020-02-24,4.506988826794075,23
ring,2020-02-24,2.165773510365755,1578
campus,2020-02-25,4.456758445922066,24
ring,2020-02-25,1.4558486898198024,1596
campus,2020-02-26,3.6492999753180664,24
ring,2020-02-26,1.3133660387547528,1358
campus,2020-02-27,1.932760275111479,24
ring,2020-02-27,0.7535038769561058,1554
campus,2020-02-28,4.28411725303706,24
ring,2020-02-28,1.472629090818069,1595
campus,2020-02-29,6.04052209787509,24
ring,2020-02-29,1.717332167045781,1596
campus,2020-03-01,3.4759999662462406,24
ring,2020-03-01,1.4061079158526038,1587
campus,2020-03-02,3.8902275214125135,24
ring,2020-03-02,1.2404434578208394,1591
campus,2020-03-03,3.736017949221088,23
ring,2020-03-03,1.102484422009981,1521
campus,2020-03-04,5.449832137639421,20
ring,2020-03-04,1.3790615151818508,1493
campus,2020-03-05,7.171391802171079,16
ring,2020-03-05,1.9192765281484554,1150
campus,2020-03-06,4.011626581031927,19
ring,2020-03-06,1.0755222983307964,1548
campus,2020-03-07,5.723835357477967,3
ring,2020-03-07,0.9973323216551531,954
campus,2020-03-08,1.7523576843380755,21
ring,2020-03-08,1.308148892628339,1091
campus,2020-03-09,3.9465293834733233,19
ring,2020-03-09,0.8084605333389022,1465
campus,2020-03-10,2.7310425664024285,21
ring,2020-03-10,0.7882384018485392,1530
campus,2020-03-11,4.558755104314026,8
ring,2020-03-11,0.9808284458475609,1028
campus,2020-03-12,3.6821391865569697,23
ring,2020-03-12,0.8418906444349947,1541
campus,2020-03-13,2.8942602201135434,23
ring,2020-03-13,0.9509812796323729,1534
campus,2020-03-14,4.131389877638396,24
ring,2020-03-14,1.0192756104108562,1513
campus,2020-03-15,4.8679100895118435,18
ring,2020-03-15,1.7295671884098929,825
campus,2020-03-16,5.54084314312434,19
ring,2020-03-16,1.464167233055991,1453
campus,2020-03-17,,0
ring,2020-03-17,1.6650105182546844,923
campus,2020-03-18,4.160394143190455,24
ring,2020-03-18,1.2396812551380205,1585
campus,2020-03-19,,0
ring,2020-03-19,,0
campus,2020-03-20,,0
ring,2020-03-20,,0
campus,2020-03-21,14.639733776485222,24
ring,2020-03-21,1.8825887708009907,1596
campus,2020-03-22,5.864052699243322,24
ring,2020-03-22,1.504645529331243,1596
campus,2020-03-23,,0
ring,2020-03-23,,0
campus,2020-03-24,4.450349317333278,24
ring,2020-03-24,1.1456444317417205,1596
campus,2020-03-25,,0
ring,2020-03-25,,0
campus,2020-03-26,4.922255079553408,24
ring,2020-03-26,1.5592296711045894,1596
campus,2020-03-27,6.8429153366299245,24
ring,2020-03-27,1.6144309593692316,1596
campus,2020-03-28,,0
ring,2020-03-28,1.2707057560067248,899
campus,2020-03-29,4.3158392539445085,24
ring,2020-03-29,1.2352492523549157,1596
campus,2020-03-30,5.544504815410166,24
ring,2020-03-30,1.316275215979388,1596
campus,2020-03-31,,0
ring,2020-03-31,,0
campus,2020-04-01,5.6227461537192855,24
ring,2020-04-01,1.976026674108476,1596
campus,2020-04-02,5.362748012064011,19
ring,2020-04-02,1.3098134248895572,1496
campus,2020-04-03,4.472693381233465,17
ring,2020-04-03,1.2731770977790846,1221
campus,2020-04-04,5.8682963597868945,18
ring,2020-04-04,1.1625042668576264,1284
campus,2020-04-05,5.8282646697759635,18
ring,2020-04-05,1.0865494186349056,1538
campus,2020-04-06,7.012401320226277,18
ring,2020-04-06,1.6185882957279683,810
campus,2020-04-07,5.634617187151712,22
ring,2020-04-07,1.036741346616488,1517
campus,2020-04-08,5.887605666627132,22
ring,2020-04-08,1.0931774600864481,1535
campus,2020-04-09,3.9330318626088485,21
ring,2020-04-09,0.8982430258072374,1524
campus,2020-04-10,7.453993004694527,19
ring,2020-04-10,1.049104324311322,1527
campus,2020-04-11,8.651683132002326,20
ring,2020-04-11,1.4414611817758018,1475
campus,2020-04-12,5.782379404718011,15
ring,2020-04-12,1.5920889686322537,950
campus,2020-04-13,6.511801823522106,7
ring,2020-04-13,1.7969723400916386,712
campus,2020-04-14,,0
ring,2020-04-14,0.38992675279524974,15
campus,2020-04-15,5.688948901716401,24
ring,2020-04-15,1.3109550206447813,1337
campus,2020-04-16,6.179745023110334,24
ring,2020-04-16,2.141526454746657,1596
campus,2020-04-17,,0
ring,2020-04-17,,0
campus,2020-04-18,1.2192676539105527,24
ring,2020-04-18,0.7215243703156128,1142
campus,2020-04-19,8.243046557401094,25
ring,2020-04-19,1.0943336378501491,1600
campus,2020-04-20,6.544514837035643,25
ring,2020-04-20,1.2113561634543002,1597
campus,2020-04-21,7.615546176887321,25
ring,2020-04-21,1.5875680128586829,1600
campus,2020-04-22,7.527501781092923,25
ring,2020-04-22,2.5593576994633875,1600
campus,2020-04-23,5.708441096929944,24
ring,2020-04-23,1.9511431664206673,1596
campus,2020-04-24,4.788905115066303,25
ring,2020-04-24,1.657567555784824,1599
campus,2020-04-25,6.159220281664492,25
ring,2020-04-25,1.4263030864426782,1600
campus,2020-04-26,7.240462552977562,25
ring,2020-04-26,1.6077134156036192,1598
campus,2020-04-27,9.46241858093141,25
ring,2020-04-27,2.158067979074716,1600
campus,2020-04-28,6.593847732562466,25
ring,2020-04-28,2.364427988991686,1600
campus,2020-04-29,4.693723510673661,25
ring,2020-04-29,1.6248108311544107,1431
campus,2020-04-30,5.337017332277414,18
ring,2020-04-30,1.0962627227037063,843
campus,2020-05-01,6.468468862820447,23
ring,2020-05-01,1.499295110939116,1051
campus,2020-05-02,10.368520534305754,10
ring,2020-05-02,1.3131992043310572,1148
campus,2020-05-03,,0
ring,2020-05-03,,0
campus,2020-05-04,6.649531982720075,22
ring,2020-05-04,1.1460588164831855,1555
campus,2020-05-05,6.180384131718222,22
ring,2020-05-05,0.898916246185428,991
campus,2020-05-06,,0
ring,2020-05-06,2.419100459992772,32
campus,2020-05-07,14.304037094116211,1
ring,2020-05-07,1.141084730175035,127
campus,2020-05-08,8.016347277045547,14
ring,2020-05-08,0.6681083390172906,779
campus,2020-05-09,6.338040540176512,23
ring,2020-05-09,0.9447807431290282,1543
campus,2020-05-10,6.411550958872101,21
ring,2020-05-10,0.8295088276621908,1527
campus,2020-05-11,4.2297175423386175,20
ring,2020-05-11,0.6325235015410213,1543
campus,2020-05-12,8.537965714787632,19
ring,2020-05-12,1.3302515365130516,1482
campus,2020-05-13,8.530970200362132,19
ring,2020-05-13,1.7460354415888912,985
campus,2020-05-14,,0
ring,2020-05-14,,0
campus,2020-05-15,5.704396623029546,20
ring,2020-05-15,1.5806190474083257,734
campus,2020-05-16,,0
ring,2020-05-16,,0
campus,2020-05-17,2.5235201280634363,5
ring,2020-05-17,0.800377510063438,296
campus,2020-05-18,7.686396186088926,25
ring,2020-05-18,1.9537766454885193,1458
campus,2020-05-19,9.31404393172314,25
ring,2020-05-19,2.357879532476285,1600
campus,2020-05-20,,0
ring,2020-05-20,,0
campus,2020-05-21,7.272243046105212,25
ring,2020-05-21,1.2365107308078602,1588
campus,2020-05-22,,0
ring,2020-05-22,1.5866535790526952,7
campus,2020-05-23,,0
ring,2020-05-23,0.7715251312154685,14
campus,2020-05-24,,0
ring,2020-05-24,,0
campus,2020-05-25,6.59165768453104,25
ring,2020-05-25,1.808788375323854,1598
campus,2020-05-26,4.709845087832396,25
ring,2020-05-26,1.0933179305721032,1599
campus,2020-05-27,,0
ring,2020-05-27,0.8946395072771505,344
campus,2020-05-28,6.694905242761072,25
ring,2020-05-28,1.6554360316922754,1441
campus,2020-05-29,,0
ring,2020-05-29,,0
campus,2020-05-30,,0
ring,2020-05-30,,0
campus,2020-05-31,5.822771178397407,20
ring,2020-05-31,1.3900712329914917,1072
campus,2020-06-01,11.270599166552222,19
ring,2020-06-01,1.1866330391620286,1508
campus,2020-06-02,,0
ring,2020-06-02,2.6097575865098133,225
campus,2020-06-03,10.882773796654652,13
ring,2020-06-03,1.334261274570898,1509
campus,2020-06-04,,0
ring,2020-06-04,0.3735323673802126,3
campus,2020-06-05,,0
ring,2020-06-05,,0
campus,2020-06-06,,0
ring,2020-06-06,0.8965022418740016,238
campus,2020-06-07,,0
ring,2020-06-07,,0
campus,2020-06-08,,0
ring,2020-06-08,0.513619010004981,128
campus,2020-06-09,10.09558160597062,14
ring,2020-06-09,1.2568672425110123,782
campus,2020-06-10,,0
ring,2020-06-10,,0
campus,2020-06-11,,0
ring,2020-06-11,1.1337721920408488,101
campus,2020-06-12,,0
ring,2020-06-12,,0
campus,2020-06-13,8.704519376026735,16
ring,2020-06-13,1.638247312320445,1389
campus,2020-06-14,,0
ring,2020-06-14,1.7711704888751094,6
campus,2020-06-15,,0
ring,2020-06-15,,0
campus,2020-06-16,,0
ring,2020-06-16,,0
campus,2020-06-17,,0
ring,2020-06-17,0.23109431564807892,1
campus,2020-06-18,8.078592686162628,23
ring,2020-06-18,1.6377223662352198,1407
campus,2020-06-19,,0
ring,2020-06-19,1.3542949091347627,62
campus,2020-06-20,,0
ring,2020-06-20,1.9917011814535754,89
campus,2020-06-21,,0
ring,2020-06-21,,0
campus,2020-06-22,8.190146546620362,23
ring,2020-06-22,1.2204981171771154,1442
campus,2020-06-23,9.20627475342716,18
ring,2020-06-23,1.422554865495802,1078
campus,2020-06-24,9.589932152162877,23
ring,2020-06-24,1.8982226790954064,1590
campus,2020-06-25,,0
ring,2020-06-25,1.7450122934984882,769
campus,2020-06-26,,0
ring,2020-06-26,7.278700132824697,233
campus,2020-06-27,,0
ring,2020-06-27,0.8804786046580176,190
campus,2020-06-28,7.093839080348508,23
ring,2020-06-28,1.1216751242922591,1598
campus,2020-06-29,,0
ring,2020-06-29,1.5708907684301614,532
campus,2020-06-30,10.182616436445405,18
ring,2020-06-30,1.5877051825682635,1407
campus,2020-07-01,,0
ring,2020-07-01,,0
campus,2020-07-02,6.086158078667417,19
ring,2020-07-02,1.2947469767680082,958
campus,2020-07-03,,0
ring,2020-07-03,,0
campus,2020-07-04,,0
ring,2020-07-04,,0
campus,2020-07-05,8.594240091538383,21
ring,2020-07-05,0.8217980006205869,1271
campus,2020-07-06,6.953046302962747,13
ring,2020-07-06,1.1883460665212975,1284
campus,2020-07-07,8.568243957487034,23
ring,2020-07-07,1.081296825486701,1526
campus,2020-07-08,,0
ring,2020-07-08,,0
campus,2020-07-09,8.082404102777181,23
ring,2020-07-09,1.1531820280914677,1531
campus,2020-07-10,,0
ring,2020-07-10,,0
campus,2020-07-11,,0
ring,2020-07-11,,0
campus,2020-07-12,,0
ring,2020-07-12,0.9257726276872841,144
campus,2020-07-13,6.580876147683295,23
ring,2020-07-13,1.342272164703055,1512
campus,2020-07-14,9.014311284969077,22
ring,2020-07-14,1.3824031626444275,1517
campus,2020-07-15,9.505043254606607,15
ring,2020-07-15,1.7273887082626282,989
campus,2020-07-16,,0
ring,2020-07-16,,0
campus,2020-07-17,,0
ring,2020-07-17,1.5059486471595964,441
campus,2020-07-18,7.209986133898839,25
ring,2020-07-18,1.5515147059537187,1600
campus,2020-07-19,16.107585212883034,25
ring,2020-07-19,1.4518087905266035,1596
campus,2020-07-20,,0
ring,2020-07-20,1.2192424549722545,36
campus,2020-07-21,11.210947943332126,25
ring,2020-07-21,2.3577670175983187,1545
campus,2020-07-22,9.876440234493419,25
ring,2020-07-22,2.6286148562182423,1466
campus,2020-07-23,6.648050261743415,7
ring,2020-07-23,1.836695008924534,807
campus,2020-07-24,,0
ring,2020-07-24,,0
campus,2020-07-25,,0
ring,2020-07-25,,0
campus,2020-07-26,9.851694944428235,5
ring,2020-07-26,1.7647578694907868,1124
campus,2020-07-27,,0
ring,2020-07-27,,0
campus,2020-07-28,7.359950223038863,25
ring,2020-07-28,1.9686399842962101,1600
campus,2020-07-29,1.3921774625778198,2
ring,2020-07-29,1.5866234176811589,192
campus,2020-07-30,,0
ring,2020-07-30,,0
campus,2020-07-31,6.681884590344938,22
ring,2020-07-31,1.4381722125904177,1534
campus,2020-08-01,9.756951870357877,22
ring,2020-08-01,1.405872051557657,1524
campus,2020-08-02,8.958376600015203,19
ring,2020-08-02,1.3188022571499656,1546
campus,2020-08-03,7.3659402379378,14
ring,2020-08-03,1.0235777088320421,1539
campus,2020-08-04,,0
ring,2020-08-04,0.4256825666660302,359
campus,2020-08-05,,0
ring,2020-08-05,,0
campus,2020-08-06,9.420562042956663,20
ring,2020-08-06,1.3512902534808162,1246
campus,2020-08-07,10.509382762854903,13
ring,2020-08-07,1.682428873407877,441
campus,2020-08-08,7.012441860954807,19
ring,2020-08-08,1.143014285141385,1536
campus,2020-08-09,5.641966847341858,16
ring,2020-08-09,0.8844895755134454,1512
campus,2020-08-10,10.898942125729837,16
ring,2020-08-10,0.9810041612570567,1518
campus,2020-08-11,,0
ring,2020-08-11,,0
campus,2020-08-12,7.4997570135730625,22
ring,2020-08-12,1.778956898814387,1425
campus,2020-08-13,8.258300977396972,20
ring,2020-08-13,1.4175713823664733,1505
campus,2020-08-14,,0
ring,2020-08-14,,0
campus,2020-08-15,8.121165891291978,19
ring,2020-08-15,1.2365594164510603,1529
campus,2020-08-16,,0
ring,2020-08-16,,0
campus,2020-08-17,,0
ring,2020-08-17,,0
campus,2020-08-18,,0
ring,2020-08-18,0.7940867581758005,4
campus,2020-08-19,5.155874629511552,24
ring,2020-08-19,1.411099240192491,1525
campus,2020-08-20,5.357007469174967,25
ring,2020-08-20,1.250587196632766,1592
campus,2020-08-21,,0
ring,2020-08-21,1.473496471720544,45
campus,2020-08-22,,0
ring,2020-08-22,,0
campus,2020-08-23,7.0325933466477215,9
ring,2020-08-23,1.599811807829099,1273
campus,2020-08-24,5.749151644356113,24
ring,2020-08-24,1.552322347994626,1596
campus,2020-08-25,,0
ring,2020-08-25,,0
campus,2020-08-26,6.302036309522743,24
ring,2020-08-26,1.2489652474110067,1596
campus,2020-08-27,,0
ring,2020-08-27,,0
campus,2020-08-28,13.146648013872259,24
ring,2020-08-28,2.981516932572567,1596
campus,2020-08-29,,0
ring,2020-08-29,,0
campus,2020-08-30,,0
ring,2020-08-30,,0
campus,2020-08-31,5.191938456197062,21
ring,2020-08-31,0.9082918862569015,1514
campus,2020-09-01,10.032349172661695,17
ring,2020-09-01,1.6681598032536828,1061
campus,2020-09-02,8.418427507364306,16
ring,2020-09-02,0.9292334036607398,1511
campus,2020-09-03,9.648457954595962,16
ring,2020-09-03,1.3733273700687065,1496
campus,2020-09-04,6.928609791511827,19
ring,2020-09-04,0.829547221735171,1511
campus,2020-09-05,,0
ring,2020-09-05,3.0148960175682173,32
campus,2020-09-06,6.031951050398306,23
ring,2020-09-06,0.8201780625217584,1527
campus,2020-09-07,7.74132108638953,22
ring,2020-09-07,1.4511793161364221,1506
campus,2020-09-08,10.104475292906846,19
ring,2020-09-08,1.6085544285490159,1449
campus,2020-09-09,7.114183958580176,21
ring,2020-09-09,1.434022221050326,1489
campus,2020-09-10,7.534073937066854,20
ring,2020-09-10,1.3908963426780052,1507
campus,2020-09-11,7.263706914500563,21
ring,2020-09-11,1.3158216509573428,1494
campus,2020-09-12,,0
ring,2020-09-12,,0
campus,2020-09-13,7.1520568741770365,24
ring,2020-09-13,2.232564755141463,1224
campus,2020-09-14,,0
ring,2020-09-14,,0
campus,2020-09-15,6.176213795928396,24
ring,2020-09-15,1.7041173143067618,1596
campus,2020-09-16,5.492818061551627,24
ring,2020-09-16,1.5209214275665164,1596
campus,2020-09-17,6.137779016845367,24
ring,2020-09-17,2.0021827891522532,1596
campus,2020-09-18,11.347463231998335,24
ring,2020-09-18,2.6270254491712692,1596
campus,2020-09-19,7.149447145707466,24
ring,2020-09-19,2.002046465227743,1596
campus,2020-09-20,4.8078732745787685,24
ring,2020-09-20,1.7832624900923106,1573
campus,2020-09-21,4.477366032319911,24
ring,2020-09-21,1.7177943607272792,1571
campus,2020-09-22,,0
ring,2020-09-22,,0
campus,2020-09-23,5.119127861051001,24
ring,2020-09-23,1.9416360817714144,1496
campus,2020-09-24,,0
ring,2020-09-24,,0
campus,2020-09-25,5.460156396066441,24
ring,2020-09-25,2.0773875137132243,1596
campus,2020-09-26,,0
ring,2020-09-26,,0
campus,2020-09-27,3.4346589056525643,3
ring,2020-09-27,1.2790174874428197,198
campus,2020-09-28,,0
ring,2020-09-28,,0
campus,2020-09-29,9.87011746528594,19
ring,2020-09-29,1.635349743617619,1486
campus,2020-09-30,5.726434822608431,22
ring,2020-09-30,1.0536468379283388,1473
campus,2020-10-01,4.478702389091236,22
ring,2020-10-01,1.0630021381700496,1539
campus,2020-10-02,6.457735263177027,21
ring,2020-10-02,1.0988285804032694,1511
campus,2020-10-03,6.874531081034338,21
ring,2020-10-03,1.1575421903001086,1516
campus,2020-10-04,10.19549475916322,19
ring,2020-10-04,1.6461329312389712,1491
campus,2020-10-05,7.7365081293833,18
ring,2020-10-05,1.4598712029087528,1510
campus,2020-10-06,5.381732084843759,21
ring,2020-10-06,1.457120188681458,1535
campus,2020-10-07,5.491943544710748,23
ring,2020-10-07,1.795353423448558,1270
campus,2020-10-08,,0
ring,2020-10-08,,0
campus,2020-10-09,7.9859564838099,21
ring,2020-10-09,2.237412330291609,1255
campus,2020-10-10,,0
ring,2020-10-10,1.503127932548523,3
campus,2020-10-11,5.261287031466137,21
ring,2020-10-11,1.8157553221322746,1512
campus,2020-10-12,6.194668953726226,23
ring,2020-10-12,1.4114336690309495,1496
campus,2020-10-13,1.9152902926144617,3
ring,2020-10-13,1.074571180834313,108
campus,2020-10-14,8.771039206034997,24
ring,2020-10-14,2.3345851378840092,1596
campus,2020-10-15,9.803842588487793,24
ring,2020-10-15,3.0754423434609945,1596
campus,2020-10-16,6.496027690522811,24
ring,2020-10-16,2.5840781253317813,1596
campus,2020-10-17,7.0462922693350745,24
ring,2020-10-17,1.965594276914398,1555
campus,2020-10-18,9.163290302192463,24
ring,2020-10-18,1.7954581757654806,1589
campus,2020-10-19,,0
ring,2020-10-19,1.2761682007153898,138
campus,2020-10-20,10.787613464523767,24
ring,2020-10-20,3.3620297498682055,1596
campus,2020-10-21,9.384759682662345,24
ring,2020-10-21,2.8095579541019955,1596
campus,2020-10-22,5.890086339273875,24
ring,2020-10-22,2.1703286636656496,1592
campus,2020-10-23,10.977579362567734,24
ring,2020-10-23,2.045245335602481,1422
campus,2020-10-24,,0
ring,2020-10-24,,0
campus,2020-10-25,8.798557528117126,24
ring,2020-10-25,3.1321714229371,1596
campus,2020-10-26,9.262301945511036,24
ring,2020-10-26,3.22187629040157,1556
campus,2020-10-27,10.890978381060254,5
ring,2020-10-27,1.8779818946181432,290
campus,2020-10-28,,0
ring,2020-10-28,1.4975921345976613,291
campus,2020-10-29,8.120804137841787,21
ring,2020-10-29,1.8399283965853264,1427
campus,2020-10-30,8.801668020963668,21
ring,2020-10-30,2.04784732064276,1483
campus,2020-10-31,12.753162141808234,18
ring,2020-10-31,2.228915422325263,1487
campus,2020-11-01,6.924274589158436,22
ring,2020-11-01,1.8180091112381491,1509
campus,2020-11-02,6.105015940554051,21
ring,2020-11-02,1.9149194738631747,1509
campus,2020-11-03,6.1594848175211,19
ring,2020-11-03,1.4804118424985389,1508
campus,2020-11-04,9.373882255842398,17
ring,2020-11-04,1.8363728599058255,1480
campus,2020-11-05,9.746424374303134,22
ring,2020-11-05,2.660707572987591,1465
campus,2020-11-06,8.813728635524962,23
ring,2020-11-06,2.6897768318722997,1363
campus,2020-11-07,6.976089749824319,23
ring,2020-11-07,1.8711142944969392,1503
campus,2020-11-08,6.831194920936365,20
ring,2020-11-08,2.135244514590116,1505
campus,2020-11-09,8.617230381023086,22
ring,2020-11-09,2.576703956144542,1240
campus,2020-11-10,12.126597823044836,24
ring,2020-11-10,3.093536472640641,1596
campus,2020-11-11,9.270466423735899,24
ring,2020-11-11,3.30132747283278,1596
campus,2020-11-12,8.208492927901885,24
ring,2020-11-12,2.563202659170186,1392
campus,2020-11-13,,0
ring,2020-11-13,,0
campus,2020-11-14,10.291766177448961,9
ring,2020-11-14,2.053295843281231,794
campus,2020-11-15,8.862695499904017,24
ring,2020-11-15,2.4492383720199578,1593
campus,2020-11-16,,0
ring,2020-11-16,,0
campus,2020-11-17,,0
ring,2020-11-17,,0
campus,2020-11-18,,0
ring,2020-11-18,1.1774871631770636,641
campus,2020-11-19,7.5657224968251064,24
ring,2020-11-19,1.8887489244289934,1566
campus,2020-11-20,,0
ring,2020-11-20,,0
campus,2020-11-21,12.725427658759484,16
ring,2020-11-21,4.388851283153387,645
campus,2020-11-22,11.526862453596806,16
ring,2020-11-22,3.86763365197952,266
campus,2020-11-23,8.118532557662562,18
ring,2020-11-23,3.3691794338058587,441
campus,2020-11-24,,0
ring,2020-11-24,3.1207136324953098,667
campus,2020-11-25,11.960333504068664,13
ring,2020-11-25,6.3014773863692195,355
campus,2020-11-26,10.45761497411584,23
ring,2020-11-26,3.671573694538747,687
campus,2020-11-27,9.276788104372828,20
ring,2020-11-27,3.371694846693746,715
campus,2020-11-28,13.726499977833369,11
ring,2020-11-28,3.0101226584308116,800
campus,2020-11-29,7.862516403667658,21
ring,2020-11-29,1.9742124850468372,1228
campus,2020-11-30,11.073953895984147,22
ring,2020-11-30,2.3178507748423773,1143
campus,2020-12-01,10.442006233236814,22
ring,2020-12-01,2.0800511747371915,1342
campus,2020-12-02,7.470013222089342,21
ring,2020-12-02,1.83042048039952,1373
campus,2020-12-03,7.672589882757332,21
ring,2020-12-03,2.027199527884844,1371
campus,2020-12-04,5.724611199510572,19
ring,2020-12-04,1.8253520796146843,1418
campus,2020-12-05,,0
ring,2020-12-05,8.521517992019653,4
campus,2020-12-06,9.448239244113529,20
ring,2020-12-06,2.153344149983187,1316
campus,2020-12-07,11.195894140082999,20
ring,2020-12-07,2.7690501024694893,1022
campus,2020-12-08,4.44710855470591,20
ring,2020-12-08,2.7379436971611346,469
campus,2020-12-09,7.186914233373979,22
ring,2020-12-09,2.199962317433008,1117
campus,2020-12-10,10.761133954191907,24
ring,2020-12-10,1.7491872633882364,1539
campus,2020-12-11,7.484142150861378,24
ring,2020-12-11,1.718846447391044,1449
campus,2020-12-12,7.5215429367388005,24
ring,2020-12-12,2.1675789468335136,1518
campus,2020-12-13,7.747626511655958,22
ring,2020-12-13,2.392647299854154,1563
campus,2020-12-14,15.542347976290964,19
ring,2020-12-14,1.9177982999720413,1513
campus,2020-12-15,7.329189791848123,23
ring,2020-12-15,1.6239471932798986,1500
campus,2020-12-16,4.831981554380437,23
ring,2020-12-16,1.676854708630864,1532
campus,2020-12-17,11.62019579428084,24
ring,2020-12-17,2.287353486338784,1595
campus,2020-12-18,11.545699890431235,24
ring,2020-12-18,2.807240041507896,1596
campus,2020-12-19,5.1324320908994885,23
ring,2020-12-19,2.06392614739148,1583
campus,2020-12-20,5.708031467760311,24
ring,2020-12-20,1.7082667941151064,1536
campus,2020-12-21,6.812868495547803,22
ring,2020-12-21,1.5221790863017348,1527
campus,2020-12-22,6.048194237246235,24
ring,2020-12-22,1.8478435970288918,1581
campus,2020-12-23,6.194508524492144,20
ring,2020-12-23,2.4656904432655637,1221
campus,2020-12-24,5.541568721602944,24
ring,2020-12-24,2.4334573497303844,1593
campus,2020-12-25,6.624357591509778,22
ring,2020-12-25,1.6296986178967159,1530
campus,2020-12-26,18.267349685111135,23
ring,2020-12-26,1.467212165203596,1528
campus,2020-12-27,5.849189179200547,20
ring,2020-12-27,1.9882548771116573,1242
campus,2020-12-28,8.421506255850566,14
ring,2020-12-28,1.9971012791447897,1381
campus,2020-12-29,8.773016239801454,20
ring,2020-12-29,1.8680622636204471,1482
campus,2020-12-30,7.718513533683383,24
ring,2020-12-30,1.2342464364917745,1487
campus,2021-01-01,7.583895262061987,20
ring,2021-01-01,1.0896277568874673,1516
campus,2021-01-02,5.863450949089607,23
ring,2021-01-02,1.6055844031257926,1524
campus,2021-01-03,7.842842959534897,19
ring,2021-01-03,1.9169423486079873,1450
campus,2021-01-04,6.0020326383532705,20
ring,2021-01-04,1.6089289317864124,1459
campus,2021-01-05,4.623339784111392,23
ring,2021-01-05,1.604539599676583,1368
campus,2021-01-06,3.1088737876564383,18
ring,2021-01-06,2.4960381674548477,840
campus,2021-01-07,4.613960115453777,24
ring,2021-01-07,1.8943933500386332,1587
campus,2021-01-08,7.86897490729304,24
ring,2021-01-08,2.4449812352298306,1593
campus,2021-01-09,6.107129592650078,24
ring,2021-01-09,2.137946585176112,1569
campus,2021-01-10,5.407879049883171,24
ring,2021-01-10,1.783832498282192,1596
campus,2021-01-11,,0
ring,2021-01-11,0.8632848048464625,7
campus,2021-01-12,5.605105378838146,24
ring,2021-01-12,1.965803159060183,1588
campus,2021-01-13,,0
ring,2021-01-13,1.8939629124574253,893
campus,2021-01-14,4.958541569709779,24
ring,2021-01-14,2.056056326476893,1586
campus,2021-01-15,6.451619796016636,24
ring,2021-01-15,1.807738006235962,1596
campus,2021-01-16,5.791751648064921,24
ring,2021-01-16,1.6462023885527444,1593
campus,2021-01-17,5.678539678577115,24
ring,2021-01-17,1.6462395897954847,1591
campus,2021-01-18,5.595423968890136,24
ring,2021-01-18,2.1039383871749315,1596
campus,2021-01-19,6.658698894837324,24
ring,2021-01-19,2.723534767201464,1589
campus,2021-01-20,4.990733469724656,24
ring,2021-01-20,2.3766001485278494,1450
campus,2021-01-21,5.21805562869591,24
ring,2021-01-21,1.7809535243498547,1590
campus,2021-01-22,4.314082706154253,22
ring,2021-01-22,1.902961624458795,1111
campus,2021-01-23,6.70598343918448,16
ring,2021-01-23,2.3219023800130714,934
campus,2021-01-24,,0
ring,2021-01-24,,0
campus,2021-01-25,5.132928065342062,24
ring,2021-01-25,1.854332847858262,1458
campus,2021-01-26,4.383005304091969,19
ring,2021-01-26,1.4863379075157193,1508
campus,2021-01-27,4.280127726567602,20
ring,2021-01-27,1.2135613839094959,1528
campus,2021-01-28,5.707578175437814,20
ring,2021-01-28,1.017527412537904,1516
campus,2021-01-29,7.830065737129732,15
ring,2021-01-29,1.3806302675594944,1520
campus,2021-01-30,6.026082807494931,20
ring,2021-01-30,1.5592226038973729,1509
campus,2021-01-31,,0
ring,2021-01-31,3.4488393500663506,249
campus,2021-02-01,4.382858448126052,20
ring,2021-02-01,1.1797945686092082,1504
campus,2021-02-02,,0
ring,2021-02-02,1.3516745082674304,53
campus,2021-02-03,5.32193254665895,21
ring,2021-02-03,1.7115004255726725,1486
campus,2021-02-04,5.46650781046525,20
ring,2021-02-04,2.1444970449721588,1405
campus,2021-02-05,5.148992806989155,17
ring,2021-02-05,2.594312193839526,858
campus,2021-02-06,4.918671934762421,24
ring,2021-02-06,1.7275547724507094,1588
campus,2021-02-07,7.04413490223534,24
ring,2021-02-07,1.629994513164322,1583
campus,2021-02-08,6.920160438015181,24
ring,2021-02-08,2.0793980045415714,1596
campus,2021-02-09,8.122800490014694,24
ring,2021-02-09,3.1399189572598027,1591
campus,2021-02-10,6.251212193650359,24
ring,2021-02-10,2.701580658871333,1585
campus,2021-02-11,12.759648779981275,24
ring,2021-02-11,3.875890650867513,1564
campus,2021-02-12,,0
ring,2021-02-12,,0
campus,2021-02-13,10.071411684856695,24
ring,2021-02-13,3.274126695379852,1540
campus,2021-02-14,12.172956709511142,24
ring,2021-02-14,3.772068254182967,1590
campus,2021-02-15,9.109011736021323,24
ring,2021-02-15,3.308319422960617,1590
campus,2021-02-16,7.025555400638019,24
ring,2021-02-16,3.149700185890312,1557
campus,2021-02-17,11.58456092820448,24
ring,2021-02-17,2.125776226969771,1587
campus,2021-02-18,12.009865008171868,24
ring,2021-02-18,2.095393332170843,1508
campus,2021-02-19,8.440040668529624,24
ring,2021-02-19,2.8742924741467455,1080
campus,2021-02-20,,0
ring,2021-02-20,1.2237242800750678,88
campus,2021-02-21,6.374677726449893,21
ring,2021-02-21,2.2660889893215437,1441
campus,2021-02-22,,0
ring,2021-02-22,,0
campus,2021-02-23,6.662362281847022,14
ring,2021-02-23,1.9848974464437472,853
campus,2021-02-24,,0
ring,2021-02-24,,0
campus,2021-02-25,11.181410356231083,18
ring,2021-02-25,1.9481881484171086,1386
campus,2021-02-26,15.369657590784836,13
ring,2021-02-26,13.551314638651139,175
campus,2021-02-27,,0
ring,2021-02-27,,0
campus,2021-02-28,,0
ring,2021-02-28,,0
campus,2021-03-01,10.012257127528672,13
ring,2021-03-01,1.5762512756110045,1377
campus,2021-03-02,7.639886104466057,21
ring,2021-03-02,1.797350394273965,1514
campus,2021-03-03,7.118581925741121,21
ring,2021-03-03,1.8893028297356564,1414
campus,2021-03-04,5.575435168225939,20
ring,2021-03-04,1.9526276338588033,1494
campus,2021-03-05,5.459926104037237,16
ring,2021-03-05,1.7357270752925649,1174
campus,2021-03-06,5.230138890743256,24
ring,2021-03-06,1.7035742294693441,1595
campus,2021-03-07,5.4630511921293605,24
ring,2021-03-07,2.1379145310769636,1596
campus,2021-03-08,6.479256755323971,24
ring,2021-03-08,2.5990398184612618,1596
campus,2021-03-09,6.498122337916319,24
ring,2021-03-09,2.228648963319371,1431
campus,2021-03-10,5.621121940788101,24
ring,2021-03-10,1.8510755081160815,1596
campus,2021-03-11,,0
ring,2021-03-11,,0
campus,2021-03-12,6.036716690308908,24
ring,2021-03-12,2.4403604451833973,1596
campus,2021-03-13,,0
ring,2021-03-13,1.8824556218696773,198
campus,2021-03-14,0.26537051483204493,2
ring,2021-03-14,0.2863477415320637,471
campus,2021-03-15,5.915278140236351,24
ring,2021-03-15,1.9165271121224319,1593
campus,2021-03-16,4.411993554059197,24
ring,2021-03-16,1.5577636854657175,1557
campus,2021-03-17,,0
ring,2021-03-17,,0
campus,2021-03-18,1.1197370292333995,24
ring,2021-03-18,0.4969175083021428,1526
campus,2021-03-19,3.852886042174172,24
ring,2021-03-19,1.5288049245687065,1596
campus,2021-03-20,5.332141308959795,24
ring,2021-03-20,1.8634818358972387,1591
campus,2021-03-21,5.051428279210541,24
ring,2021-03-21,1.6363679698626563,1596
campus,2021-03-22,4.54881251569363,18
ring,2021-03-22,1.6484139073742718,1517
campus,2021-03-23,,0
ring,2021-03-23,,0
campus,2021-03-24,5.621408478818536,18
ring,2021-03-24,1.6361394697338085,1220
campus,2021-03-25,,0
ring,2021-03-25,,0
campus,2021-03-26,4.919054832408426,23
ring,2021-03-26,1.3125667511570485,1553
campus,2021-03-27,6.5062920615962625,22
ring,2021-03-27,2.6393311830009054,884
campus,2021-03-28,,0
ring,2021-03-28,,0
campus,2021-03-29,,0
ring,2021-03-29,0.6451209982236227,2
campus,2021-03-30,5.382252459042796,14
ring,2021-03-30,1.7291039785465996,767
campus,2021-03-31,,0
ring,2021-03-31,,0
campus,2021-04-01,2.7099633093239994,23
ring,2021-04-01,1.0008358148495762,1350
campus,2021-04-02,3.9479113815558255,23
ring,2021-04-02,1.4328205839015056,1515
campus,2021-04-03,4.661600598327064,8
ring,2021-04-03,1.7067851774847,346
campus,2021-04-04,,0
ring,2021-04-04,0.9687496883266301,24
campus,2021-04-05,4.822193909182269,24
ring,2021-04-05,1.9603150912633953,1596
campus,2021-04-06,5.9879686476202565,24
ring,2021-04-06,1.8307724851370248,1596
campus,2021-04-07,4.857201128146228,24
ring,2021-04-07,2.0470252455551825,1596
campus,2021-04-08,6.010629631561392,24
ring,2021-04-08,2.6460656785212113,1596
campus,2021-04-09,3.441877764438896,4
ring,2021-04-09,1.874569304352446,189
campus,2021-04-10,,0
ring,2021-04-10,,0
campus,2021-04-11,,0
ring,2021-04-11,,0
campus,2021-04-12,6.240525279904113,24
ring,2021-04-12,1.79503638662615,1596
campus,2021-04-13,6.946484829643193,24
ring,2021-04-13,2.1801626637753726,1596
campus,2021-04-14,5.832587164009318,24
ring,2021-04-14,2.9039956850680455,1596
campus,2021-04-15,4.97183060957942,9
ring,2021-04-15,2.765339445481597,1348
campus,2021-04-16,5.316404121097398,24
ring,2021-04-16,2.0020593828515696,1596
campus,2021-04-17,4.4259075410927045,24
ring,2021-04-17,2.1132907316138856,1579
campus,2021-04-18,5.500462915546755,24
ring,2021-04-18,2.544017741419188,1356
campus,2021-04-19,,0
ring,2021-04-19,1.8870787109737848,32
campus,2021-04-20,,0
ring,2021-04-20,,0
campus,2021-04-21,,0
ring,2021-04-21,,0
campus,2021-04-22,5.146104984885127,22
ring,2021-04-22,1.575226941943984,1563
campus,2021-04-23,5.350652035184266,22
ring,2021-04-23,1.5342618970055892,1543
campus,2021-04-24,,0
ring,2021-04-24,,0
campus,2021-04-25,6.148554035741039,2
ring,2021-04-25,2.543357135218801,138
campus,2021-04-26,5.883007808385357,24
ring,2021-04-26,1.4740476583154178,1531
campus,2021-04-27,4.736751720522781,20
ring,2021-04-27,1.0793693218797273,1528
campus,2021-04-28,6.2385207554053155,22
ring,2021-04-28,1.6372056901871483,1025
campus,2021-04-29,18.32301452407334,16
ring,2021-04-29,2.136379163398999,1307
campus,2021-04-30,,0
ring,2021-04-30,0.6117324261962488,126
campus,2021-05-01,12.42835989456973,22
ring,2021-05-01,1.8898897803154866,1443
campus,2021-05-02,,0
ring,2021-05-02,2.2241665248214466,824
campus,2021-05-03,6.315533029629222,20
ring,2021-05-03,1.7093350103020744,1425
campus,2021-05-04,7.564994419443812,25
ring,2021-05-04,1.9746299512610317,1600
campus,2021-05-05,7.815200293300691,21
ring,2021-05-05,4.240147939937866,447
campus,2021-05-06,11.770544922597594,25
ring,2021-05-06,3.2229605647463884,1600
campus,2021-05-07,6.742840295483327,25
ring,2021-05-07,2.4590139921202505,1210
campus,2021-05-08,,0
ring,2021-05-08,1.1174629199428228,385
campus,2021-05-09,,0
ring,2021-05-09,0.7159697618969348,13
campus,2021-05-10,7.1466935110833,25
ring,2021-05-10,2.338065503265736,1595
campus,2021-05-11,5.778909927466337,24
ring,2021-05-11,2.9438874089242772,1572
campus,2021-05-12,6.534116911752781,25
ring,2021-05-12,2.775217518928388,1600
campus,2021-05-13,3.9526266436951527,25
ring,2021-05-13,2.196108992204553,1328
campus,2021-05-14,,0
ring,2021-05-14,,0
campus,2021-05-15,,0
ring,2021-05-15,,0
campus,2021-05-16,,0
ring,2021-05-16,3.938911317366841,343
campus,2021-05-17,8.127568374650316,25
ring,2021-05-17,2.9527991322054326,1600
campus,2021-05-18,7.090553497656797,14
ring,2021-05-18,1.9210891916305781,977
campus,2021-05-19,,0
ring,2021-05-19,,0
campus,2021-05-20,6.344387450146495,24
ring,2021-05-20,2.039699214442238,1529
campus,2021-05-21,5.928938356287524,23
ring,2021-05-21,2.5979891735314697,1413
campus,2021-05-22,5.572094086999497,25
ring,2021-05-22,2.10271087292743,1600
campus,2021-05-23,4.694478271039163,23
ring,2021-05-23,1.8086344075080019,1536
campus,2021-05-24,3.468355147996415,23
ring,2021-05-24,1.7127419590843727,1542
campus,2021-05-25,,0
ring,2021-05-25,3.2852403076025607,24
campus,2021-05-26,,0
ring,2021-05-26,0.11717432263386067,331
campus,2021-05-27,7.457805344394881,23
ring,2021-05-27,2.1258795048297188,923
campus,2021-05-28,9.250971698188547,24
ring,2021-05-28,2.1693817043503856,1557
campus,2021-05-29,5.1864135722904265,21
ring,2021-05-29,1.7167395627706366,1529
campus,2021-05-30,,0
ring,2021-05-30,,0
campus,2021-05-31,4.621034454571987,21
ring,2021-05-31,2.078220247150349,1503
campus,2021-06-01,6.507329889983071,23
ring,2021-06-01,2.857841536878985,1330
campus,2021-06-02,,0
ring,2021-06-02,7.954190542797948,63
campus,2021-06-03,5.056341513524572,22
ring,2021-06-03,2.047971767569908,1513
campus,2021-06-04,3.9716027801536495,23
ring,2021-06-04,2.087594725636214,1588
campus,2021-06-05,,0
ring,2021-06-05,,0
campus,2021-06-06,,0
ring,2021-06-06,,0
campus,2021-06-07,,0
ring,2021-06-07,,0
campus,2021-06-08,,0
ring,2021-06-08,,0
campus,2021-06-09,,0
ring,2021-06-09,1.2871080588713815,228
campus,2021-06-10,,0
ring,2021-06-10,,0
campus,2021-06-11,5.374844922738915,23
ring,2021-06-11,2.062048129111571,1145
campus,2021-06-12,,0
ring,2021-06-12,,0
campus,2021-06-13,,0
ring,2021-06-13,,0
campus,2021-06-14,3.7668503259646973,23
ring,2021-06-14,1.876101494026806,1598
campus,2021-06-15,,0
ring,2021-06-15,,0
campus,2021-06-16,,0
ring,2021-06-16,,0
campus,2021-06-17,3.6028254431537077,7
ring,2021-06-17,1.5433813061839432,356
campus,2021-06-18,,0
ring,2021-06-18,,0
campus,2021-06-19,3.297205021424777,12
ring,2021-06-19,2.1500052218260053,1575
campus,2021-06-20,,0
ring,2021-06-20,,0
campus,2021-06-21,3.9711248993063135,23
ring,2021-06-21,1.7691715134041694,1534
campus,2021-06-22,5.384012163411788,20
ring,2021-06-22,2.3631869122521443,1482
campus,2021-06-23,,0
ring,2021-06-23,,0
campus,2021-06-24,,0
ring,2021-06-24,,0
campus,2021-06-25,3.4050363166532605,17
ring,2021-06-25,1.356762310501697,1513
campus,2021-06-26,,0
ring,2021-06-26,,0
campus,2021-06-27,4.399508969120777,20
ring,2021-06-27,1.7357482223893357,1527
campus,2021-06-28,,0
ring,2021-06-28,,0
campus,2021-06-29,4.497821672587811,19
ring,2021-06-29,2.241277751340372,836
campus,2021-06-30,4.915223578553018,22
ring,2021-06-30,1.9056944289870006,732
campus,2021-07-01,,0
ring,2021-07-01,,0
campus,2021-07-02,3.540751884782116,22
ring,2021-07-02,1.6038898653054539,1505
campus,2021-07-03,4.003900118154638,20
ring,2021-07-03,2.6932381993944334,1371
campus,2021-07-04,,0
ring,2021-07-04,,0
campus,2021-07-05,5.912403855354655,22
ring,2021-07-05,2.06890735804492,1480
campus,2021-07-06,4.4784181951799775,25
ring,2021-07-06,2.00191387562514,1596
campus,2021-07-07,4.799563805630288,25
ring,2021-07-07,2.2106488003958553,1600
campus,2021-07-08,6.258149436492812,21
ring,2021-07-08,2.330210440097461,1277
campus,2021-07-09,,0
ring,2021-07-09,,0
campus,2021-07-10,4.911473342075068,24
ring,2021-07-10,2.523226367500085,1596
campus,2021-07-11,,0
ring,2021-07-11,,0
campus,2021-07-12,,0
ring,2021-07-12,,0
campus,2021-07-13,6.322638053198804,25
ring,2021-07-13,2.4515224014271446,1600
campus,2021-07-14,7.996191045765773,4
ring,2021-07-14,2.613137586844069,1021
campus,2021-07-15,5.634082378577503,25
ring,2021-07-15,2.3847864087786514,1594
campus,2021-07-16,,0
ring,2021-07-16,,0
campus,2021-07-17,4.245990696151398,25
ring,2021-07-17,1.9028095038316337,1597
campus,2021-07-18,4.417278501999567,25
ring,2021-07-18,2.121382366742167,1570
campus,2021-07-19,6.004350567537723,6
ring,2021-07-19,3.1653142061776043,1270
campus,2021-07-20,6.135437271507384,25
ring,2021-07-20,2.86314625000799,1600
campus,2021-07-21,,0
ring,2021-07-21,1.7389389701345084,50
campus,2021-07-22,,0
ring,2021-07-22,,0
campus,2021-07-23,5.1318101736311545,23
ring,2021-07-23,1.7811392683884784,1167
campus,2021-07-24,,0
ring,2021-07-24,,0
campus,2021-07-25,,0
ring,2021-07-25,2.455893924832344,20
campus,2021-07-26,,0
ring,2021-07-26,0.63880869058523,309
campus,2021-07-27,4.193843966285233,19
ring,2021-07-27,1.419190641216649,1520
campus,2021-07-28,4.245576019521036,20
ring,2021-07-28,1.7728494693576737,1535
campus,2021-07-29,4.5258877207817685,24
ring,2021-07-29,2.0700242664418145,1496
campus,2021-07-30,7.1198256667311846,24
ring,2021-07-30,3.7909105385754898,984
campus,2021-07-31,4.301576559401828,24
ring,2021-07-31,2.580662484581206,1473
campus,2021-08-01,3.2644021354599255,22
ring,2021-08-01,1.7551355126564234,1507
campus,2021-08-02,,0
ring,2021-08-02,,0
campus,2021-08-03,,0
ring,2021-08-03,,0
campus,2021-08-04,,0
ring,2021-08-04,,0
campus,2021-08-05,5.738457245896697,24
ring,2021-08-05,2.699511009554508,1247
campus,2021-08-06,5.337898715524698,25
ring,2021-08-06,2.3671062151471918,1297
campus,2021-08-07,,0
ring,2021-08-07,,0
campus,2021-08-08,,0
ring,2021-08-08,,0
campus,2021-08-09,4.228272860036667,25
ring,2021-08-09,2.8829917280963104,1521
campus,2021-08-10,6.399507852892825,25
ring,2021-08-10,3.116039358888987,1600
campus,2021-08-11,4.458858402052459,25
ring,2021-08-11,1.8753067183992194,1597
campus,2021-08-12,3.4279740444396465,25
ring,2021-08-12,1.7568959892731004,1587
campus,2021-08-13,4.614619597342965,25
ring,2021-08-13,1.9259797911384442,1564
campus,2021-08-14,4.414780078448572,25
ring,2021-08-14,2.0878069274065227,1091
campus,2021-08-15,5.508991497397101,25
ring,2021-08-15,2.878917276456585,1600
campus,2021-08-16,5.159540209835738,25
ring,2021-08-16,2.5234632976173335,1573
campus,2021-08-17,4.471004884314958,25
ring,2021-08-17,1.9492339847890152,1490
campus,2021-08-18,,0
ring,2021-08-18,,0
campus,2021-08-19,4.28034654006747,22
ring,2021-08-19,1.5103420769393712,1198
campus,2021-08-20,5.56653813655363,22
ring,2021-08-20,2.4048695181137596,1334
campus,2021-08-21,4.912103616966391,24
ring,2021-08-21,2.1796661914896904,1569
campus,2021-08-22,2.923810046631843,21
ring,2021-08-22,1.3659860375402404,1528
campus,2021-08-23,2.79736403023043,9
ring,2021-08-23,1.2844534775467218,1004
campus,2021-08-24,,0
ring,2021-08-24,0.7713390046804354,36
campus,2021-08-25,3.5723703680366623,22
ring,2021-08-25,1.4388631938888852,1511
campus,2021-08-26,3.2044880443650765,19
ring,2021-08-26,1.709722306594422,1510
campus,2021-08-27,,0
ring,2021-08-27,,0
campus,2021-08-28,3.145883886690768,21
ring,2021-08-28,1.61557899009901,1525
campus,2021-08-29,2.855190458972825,21
ring,2021-08-29,1.7108359965247242,1556
campus,2021-08-30,,0
ring,2021-08-30,,0
campus,2021-08-31,3.700122771462114,18
ring,2021-08-31,2.720969607310971,874
campus,2021-09-01,3.9516978479132936,24
ring,2021-09-01,2.384816840304748,1516
campus,2021-09-02,,0
ring,2021-09-02,,0
campus,2021-09-03,,0
ring,2021-09-03,,0
campus,2021-09-04,,0
ring,2021-09-04,1.2497630897562566,200
campus,2021-09-05,,0
ring,2021-09-05,,0
campus,2021-09-06,3.9316258023510566,23
ring,2021-09-06,1.92233089556501,1281
campus,2021-09-07,3.2236970796655204,24
ring,2021-09-07,2.0399886068585062,1596
campus,2021-09-08,,0
ring,2021-09-08,0.9608597759320948,630
campus,2021-09-09,3.1424026225770216,24
ring,2021-09-09,2.00462751268356,1596
campus,2021-09-10,4.294651031844757,24
ring,2021-09-10,2.596878951592666,1596
campus,2021-09-11,4.407222007267616,24
ring,2021-09-11,2.559418797360816,1596
campus,2021-09-12,,0
ring,2021-09-12,,0
campus,2021-09-13,,0
ring,2021-09-13,,0
campus,2021-09-14,,0
ring,2021-09-14,,0
campus,2021-09-15,,0
ring,2021-09-15,,0
campus,2021-09-16,5.48477532278089,24
ring,2021-09-16,3.0431998965047082,1596
campus,2021-09-17,,0
ring,2021-09-17,,0
campus,2021-09-18,,0
ring,2021-09-18,,0
campus,2021-09-19,,0
ring,2021-09-19,,0
campus,2021-09-20,2.723697416310199,21
ring,2021-09-20,0.9249909749758438,1488
campus,2021-09-21,2.7971273647666433,18
ring,2021-09-21,1.2993281661017755,1495
campus,2021-09-22,3.090160218854978,23
ring,2021-09-22,1.6214668916073975,1515
campus,2021-09-23,,0
ring,2021-09-23,,0
campus,2021-09-24,2.453022930717425,19
ring,2021-09-24,1.2555691887544107,1503
campus,2021-09-25,,0
ring,2021-09-25,1.9924036860942649,21
campus,2021-09-26,3.133866455468077,23
ring,2021-09-26,1.778068168559967,1527
campus,2021-09-27,,0
ring,2021-09-27,,0
campus,2021-09-28,3.0096509992303186,23
ring,2021-09-28,1.7416869410345883,1526
campus,2021-09-29,5.232965409503263,16
ring,2021-09-29,1.452570063972638,404
campus,2021-09-30,3.0854736150231212,21
ring,2021-09-30,1.7797315227122363,1526
campus,2021-10-01,,0
ring,2021-10-01,1.549377001925506,111
campus,2021-10-02,5.072247845355204,24
ring,2021-10-02,3.4547557618408256,1596
campus,2021-10-03,,0
ring,2021-10-03,,0
campus,2021-10-04,,0
ring,2021-10-04,,0
campus,2021-10-05,,0
ring,2021-10-05,,0
campus,2021-10-06,,0
ring,2021-10-06,,0
campus,2021-10-07,,0
ring,2021-10-07,,0
campus,2021-10-08,,0
ring,2021-10-08,1.717354303956955,9
campus,2021-10-09,2.6023259022305996,24
ring,2021-10-09,1.8859697585596715,1591
campus,2021-10-10,4.023871077281588,24
ring,2021-10-10,1.787420651268689,1594
campus,2021-10-11,3.316880069339978,24
ring,2021-10-11,1.995785804370473,1571
campus,2021-10-12,,0
ring,2021-10-12,,0
campus,2021-10-13,,0
ring,2021-10-13,,0
campus,2021-10-14,3.149511360333246,24
ring,2021-10-14,1.6168031903486837,1116
campus,2021-10-15,3.001301653823432,24
ring,2021-10-15,1.888940704532726,1596
campus,2021-10-16,2.733867584526952,23
ring,2021-10-16,1.7026435853722814,1541
campus,2021-10-17,5.448336780412636,6
ring,2021-10-17,1.520990065676562,608
campus,2021-10-18,3.9642616369953423,21
ring,2021-10-18,1.699773095809586,1465
campus,2021-10-19,5.5696272778754246,19
ring,2021-10-19,1.9362798745631657,1491
campus,2021-10-20,3.701198041429937,22
ring,2021-10-20,1.3589294054300907,1515
campus,2021-10-21,3.4510328907417898,20
ring,2021-10-21,1.3902938841591603,1460
campus,2021-10-22,2.704949396214089,22
ring,2021-10-22,1.6315838906388012,1408
campus,2021-10-23,,0
ring,2021-10-23,0.607667550444603,24
campus,2021-10-24,,0
ring,2021-10-24,,0
campus,2021-10-25,3.563303384743337,22
ring,2021-10-25,1.5469190946805427,1492
campus,2021-10-26,3.127419774544121,21
ring,2021-10-26,1.4617207156968126,1372
campus,2021-10-27,,0
ring,2021-10-27,1.207590219656371,14
campus,2021-10-28,2.0179381370544434,1
ring,2021-10-28,3.697533040514582,460
campus,2021-10-29,5.958775714444727,20
ring,2021-10-29,2.8209535459482624,1227
campus,2021-10-30,3.507320565083831,21
ring,2021-10-30,2.2121310852857623,1476
campus,2021-10-31,3.6436955126107438,23
ring,2021-10-31,1.6756775286750023,1487
campus,2021-11-01,,0
ring,2021-11-01,1.2243966475905927,128
campus,2021-11-02,4.080506707237047,24
ring,2021-11-02,2.176201590648343,1596
campus,2021-11-03,6.5212367422440485,24
ring,2021-11-03,2.9579014764499822,1595
campus,2021-11-04,4.025919714780416,24
ring,2021-11-04,2.4279379813600364,1592
campus,2021-11-05,,0
ring,2021-11-05,,0
campus,2021-11-06,,0
ring,2021-11-06,,0
campus,2021-11-07,,0
ring,2021-11-07,1.8739389360052798,52
campus,2021-11-08,,0
ring,2021-11-08,1.4503067192453714,26
campus,2021-11-09,7.908607023151693,7
ring,2021-11-09,1.767997144504258,26
campus,2021-11-10,8.977669865490713,7
ring,2021-11-10,4.545575376996539,59
campus,2021-11-11,3.328726110668744,24
ring,2021-11-11,3.111807901405117,753
campus,2021-11-12,4.239850281021175,24
ring,2021-11-12,2.5789153177944004,1358
campus,2021-11-13,5.467496350512785,24
ring,2021-11-13,2.4608404088594247,1507
campus,2021-11-14,6.857795350902221,24
ring,2021-11-14,2.8435905813474114,1572
campus,2021-11-15,4.6398578198517075,24
ring,2021-11-15,2.1573501187650286,1517
campus,2021-11-16,5.135707267085474,21
ring,2021-11-16,1.727695875560235,1479
campus,2021-11-17,2.929069159617731,18
ring,2021-11-17,1.595423064345754,1536
campus,2021-11-18,,0
ring,2021-11-18,2.4538776493073327,740
campus,2021-11-19,4.354447705487869,21
ring,2021-11-19,2.055934999630516,1427
campus,2021-11-20,5.750360792103936,24
ring,2021-11-20,1.9076225832190112,1546
campus,2021-11-21,5.192769200742483,18
ring,2021-11-21,1.2967574256464107,1511
campus,2021-11-22,5.186815585262013,15
ring,2021-11-22,1.6310818790948551,1509
campus,2021-11-23,3.92493178868014,23
ring,2021-11-23,1.9973565172676393,1513
campus,2021-11-24,5.21018729295652,23
ring,2021-11-24,2.2062956372894402,1487
campus,2021-11-25,6.506501689849383,19
ring,2021-11-25,2.126151396900341,1490
campus,2021-11-26,6.60115490553657,16
ring,2021-11-26,1.744400512323836,1530
campus,2021-11-27,2.8361718012201185,20
ring,2021-11-27,1.7455113879489288,625
campus,2021-11-28,,0
ring,2021-11-28,,0
campus,2021-11-29,8.406858091144,24
ring,2021-11-29,2.928012802095516,1409
campus,2021-11-30,7.443714537971162,24
ring,2021-11-30,3.045048183015453,1595
campus,2021-12-01,6.650297961375292,24
ring,2021-12-01,2.2464677618505093,1592
campus,2021-12-02,8.522530128254612,24
ring,2021-12-02,1.7046762902673984,1593
campus,2021-12-03,8.530837823292787,24
ring,2021-12-03,1.7458031094869968,1591
campus,2021-12-04,9.955554742742988,24
ring,2021-12-04,1.9837560940979526,1586
campus,2021-12-05,10.588020582058851,24
ring,2021-12-05,3.1239214338441506,1587
campus,2021-12-06,11.45538000902709,24
ring,2021-12-06,2.3139762256938656,1591
campus,2021-12-07,,0
ring,2021-12-07,,0
campus,2021-12-08,,0
ring,2021-12-08,0.7167967786022275,118
campus,2021-12-09,2.8286772942893643,24
ring,2021-12-09,2.023238659936399,1585
campus,2021-12-10,4.911891797921237,24
ring,2021-12-10,3.0307530487106917,1596
campus,2021-12-11,4.185193534353201,24
ring,2021-12-11,2.7152406946388137,1589
campus,2021-12-12,3.364820930063725,24
ring,2021-12-12,1.82816873877516,1586
campus,2021-12-13,3.8813424435194466,23
ring,2021-12-13,1.5992251347135222,1438
campus,2021-12-14,4.790854248651859,23
ring,2021-12-14,1.7546492934383475,1476
campus,2021-12-15,4.532393058452826,23
ring,2021-12-15,1.9833350570506831,1497
campus,2021-12-16,5.662823165759193,22
ring,2021-12-16,2.1403375230866564,1486
campus,2021-12-17,3.2000999113777917,19
ring,2021-12-17,1.6962220508668298,1534
campus,2021-12-18,2.988692876651424,20
ring,2021-12-18,3.284652373692991,1534
campus,2021-12-19,2.8083632242998915,17
ring,2021-12-19,1.1970511113391875,1521
campus,2021-12-20,4.8253659005665845,19
ring,2021-12-20,1.5748352314061889,1537
campus,2021-12-21,4.850844127526554,23
ring,2021-12-21,2.17148517512053,1468
campus,2021-12-22,5.074310566927935,23
ring,2021-12-22,2.603490049856072,1224
campus,2021-12-23,3.2651741135275683,21
ring,2021-12-23,1.4298106142306575,1523
campus,2021-12-24,4.227616940561034,19
ring,2021-12-24,1.34191324727824,1511
campus,2021-12-25,3.7310057003785726,20
ring,2021-12-25,1.781281028230089,1513
campus,2021-12-26,5.020918964015522,23
ring,2021-12-26,2.1716477975316013,1473
campus,2021-12-27,3.439439268381652,22
ring,2021-12-27,2.2259233095575928,1381
campus,2021-12-28,3.258353927802172,22
ring,2021-12-28,1.7155467199122791,1509
campus,2021-12-29,3.2839081920595734,24
ring,2021-12-29,1.5294660421727237,1587
campus,2021-12-30,2.4346973538187004,22
ring,2021-12-30,1.95496275298977,1328
campus,2022-01-01,5.624570293181084,24
ring,2022-01-01,2.669533022641127,1591
campus,2022-01-02,2.9461068182307133,24
ring,2022-01-02,1.9367840515896755,1556
campus,2022-01-03,2.53067412199343,24
ring,2022-01-03,1.7828177051493548,1148
campus,2022-01-04,2.016729205758352,9
ring,2022-01-04,2.2827480683176145,742
campus,2022-01-05,4.597089412072126,24
ring,2022-01-05,2.605059449416054,1563
campus,2022-01-06,1.8664643499781106,24
ring,2022-01-06,1.286237242008049,1468
campus,2022-01-07,3.3083160598839036,24
ring,2022-01-07,2.2421797313089784,1596
campus,2022-01-08,,0
ring,2022-01-08,1.282160419096419,120
campus,2022-01-09,4.182491103691214,24
ring,2022-01-09,1.6475530042216147,1580
campus,2022-01-10,2.597570441137342,24
ring,2022-01-10,1.8365560594545647,1596
campus,2022-01-11,,0
ring,2022-01-11,3.197348525216389,54
campus,2022-01-12,4.984397123318149,17
ring,2022-01-12,1.673501648325821,1500
campus,2022-01-13,3.2116974814357406,4
ring,2022-01-13,1.825509741716872,612
campus,2022-01-14,1.9685699463900506,19
ring,2022-01-14,1.3296599616842943,1524
campus,2022-01-15,5.255504650927065,2
ring,2022-01-15,2.1367019209771523,599
campus,2022-01-16,3.438536401942504,18
ring,2022-01-16,1.2204977461643773,1509
campus,2022-01-17,4.636333904607075,17
ring,2022-01-17,1.3972174020724142,1481
campus,2022-01-18,4.117748766174923,16
ring,2022-01-18,1.4776299244455422,1273
campus,2022-01-19,3.1008873156755827,12
ring,2022-01-19,1.1791062750633126,1216
campus,2022-01-20,,0
ring,2022-01-20,0.28347848286305777,84
campus,2022-01-21,7.299161186939199,8
ring,2022-01-21,7.979812982957079,139
campus,2022-01-22,6.134337034435143,9
ring,2022-01-22,4.950843266653595,289
campus,2022-01-23,5.303915616082822,14
ring,2022-01-23,4.319465350320101,318
campus,2022-01-24,4.7742115732039565,8
ring,2022-01-24,3.7922521669186886,528
campus,2022-01-25,2.9078443899070776,15
ring,2022-01-25,2.19427211218089,1270
campus,2022-01-26,9.60754687782596,24
ring,2022-01-26,2.6308192392004304,1588
campus,2022-01-27,8.39646466030794,24
ring,2022-01-27,3.2031671539321045,1588
campus,2022-01-28,13.530671402321143,24
ring,2022-01-28,2.94505914276878,1592
campus,2022-01-29,,0
ring,2022-01-29,1.2375521499705409,163
campus,2022-01-30,11.924214999535506,24
ring,2022-01-30,1.9964892864904487,1586
campus,2022-01-31,12.407432890814894,24
ring,2022-01-31,4.17160145004408,1589
campus,2022-02-01,15.933499658668744,24
ring,2022-02-01,5.374730823626241,1584
campus,2022-02-02,23.625536959381666,24
ring,2022-02-02,4.747742986333782,1593
campus,2022-02-03,18.81625138815712,24
ring,2022-02-03,3.382361201540002,1593
campus,2022-02-04,13.367092818687942,24
ring,2022-02-04,2.6933079209879445,1591
campus,2022-02-05,22.36322307113339,24
ring,2022-02-05,2.9666814029734487,1596
campus,2022-02-06,,0
ring,2022-02-06,,0
campus,2022-02-07,19.016056514347298,24
ring,2022-02-07,4.290881641484081,1582
campus,2022-02-08,11.03812075208215,24
ring,2022-02-08,3.2646078120643005,1195
campus,2022-02-09,15.787211698924798,24
ring,2022-02-09,2.4431414115941785,1557
campus,2022-02-10,17.590213479410178,17
ring,2022-02-10,2.679910227812282,1144
campus,2022-02-11,9.276201396346229,14
ring,2022-02-11,4.275013024294809,344
campus,2022-02-12,,0
ring,2022-02-12,,0
campus,2022-02-13,79.71258195383754,16
ring,2022-02-13,14.619302102842587,273
campus,2022-02-14,41.41564946548611,5
ring,2022-02-14,8.750000531662717,355
campus,2022-02-15,71.87393352318713,7
ring,2022-02-15,6.303137262285884,472
campus,2022-02-16,,0
ring,2022-02-16,,0
campus,2022-02-17,,0
ring,2022-02-17,,0
campus,2022-02-18,10.14969719937889,7
ring,2022-02-18,5.9493663739705935,559
campus,2022-02-19,16.021154230097054,20
ring,2022-02-19,4.001763706728298,876
campus,2022-02-20,16.791201314684603,16
ring,2022-02-20,2.517936068408995,1359
campus,2022-02-21,17.93326448979273,17
ring,2022-02-21,2.167309635831465,1452
campus,2022-02-22,12.753081805442443,17
ring,2022-02-22,2.52574739343542,1332
campus,2022-02-23,13.32811257229132,24
ring,2022-02-23,3.4560075568677044,1503
campus,2022-02-24,12.025911186793271,24
ring,2022-02-24,2.4484955042799244,1586
campus,2022-02-25,7.6463623825241545,24
ring,2022-02-25,1.7770196139425485,1592
campus,2022-02-26,8.887387666176348,24
ring,2022-02-26,1.9240518853289923,1581
campus,2022-02-27,,0
ring,2022-02-27,2.1512646292440616,81
campus,2022-02-28,6.557771319992402,24
ring,2022-02-28,2.941470652882315,1591
campus,2022-03-01,6.352956352935118,24
ring,2022-03-01,2.6434311867088924,1596
campus,2022-03-02,5.931854454734746,24
ring,2022-03-02,1.9681806268454038,1587
campus,2022-03-03,6.924842786631047,21
ring,2022-03-03,1.593897031928358,937
campus,2022-03-04,7.0368162340627,24
ring,2022-03-04,2.079513796260902,1556
campus,2022-03-05,5.825984282493593,24
ring,2022-03-05,2.4830586021960923,1596
campus,2022-03-06,5.559234611356961,24
ring,2022-03-06,2.811604686293185,1596
campus,2022-03-07,6.090225248932839,24
ring,2022-03-07,1.9775197821144856,1596
campus,2022-03-08,,0
ring,2022-03-08,0.7422836085486016,232
campus,2022-03-09,5.101233000860495,24
ring,2022-03-09,1.7844964790414872,1569
campus,2022-03-10,,0
ring,2022-03-10,2.4519218395693714,17
campus,2022-03-11,,0
ring,2022-03-11,,0
campus,2022-03-12,6.681600659698155,22
ring,2022-03-12,2.7023009233648625,1291
campus,2022-03-13,6.817924222915281,20
ring,2022-03-13,1.5704707368420443,1555
campus,2022-03-14,5.383329938029686,3
ring,2022-03-14,1.9862921094156294,841
campus,2022-03-15,,0
ring,2022-03-15,,0
campus,2022-03-16,7.342448844828675,17
ring,2022-03-16,6.030197224846041,61
campus,2022-03-17,,0
ring,2022-03-17,15.804341454659738,11
campus,2022-03-18,4.38850093575133,16
ring,2022-03-18,1.2671511080942226,1319
campus,2022-03-19,,0
ring,2022-03-19,0.81911364180618,146
campus,2022-03-20,,0
ring,2022-03-20,,0
campus,2022-03-21,5.922470363422409,23
ring,2022-03-21,2.0726665137453484,1022
campus,2022-03-22,3.1147224184501527,6
ring,2022-03-22,1.635604385723289,942
campus,2022-03-23,,0
ring,2022-03-23,,0
campus,2022-03-24,,0
ring,2022-03-24,,0
campus,2022-03-25,4.661378054548713,24
ring,2022-03-25,1.661692440582167,1591
campus,2022-03-26,6.155684675609365,24
ring,2022-03-26,2.098011236437807,1593
campus,2022-03-27,7.143818910963395,24
ring,2022-03-27,2.601057097433506,1592
campus,2022-03-28,,0
ring,2022-03-28,,0
campus,2022-03-29,3.6175820802239813,24
ring,2022-03-29,1.543140658357428,1399
campus,2022-03-30,5.556779015362263,24
ring,2022-03-30,1.7029682402028095,1590
campus,2022-03-31,9.34830628223279,24
ring,2022-03-31,2.1422369504533423,1596
campus,2022-04-01,6.625462319500307,24
ring,2022-04-01,2.750729862378887,1591
campus,2022-04-02,5.7930800618844875,24
ring,2022-04-02,2.754404678135097,1595
campus,2022-04-03,5.2384787673108715,24
ring,2022-04-03,2.2563635868579066,1560
campus,2022-04-04,6.858815071839284,12
ring,2022-04-04,1.6305809979402146,709
campus,2022-04-05,,0
ring,2022-04-05,,0
campus,2022-04-06,5.562764887494201,24
ring,2022-04-06,2.8932631615449895,1593
campus,2022-04-07,8.366805405055777,24
ring,2022-04-07,3.4983245116266004,1592
campus,2022-04-08,5.303850457148787,17
ring,2022-04-08,2.3556417820496924,725
campus,2022-04-09,,0
ring,2022-04-09,1.8434291629559867,505
campus,2022-04-10,,0
ring,2022-04-10,,0
campus,2022-04-11,5.622612462138245,22
ring,2022-04-11,1.9679580078073768,1515
campus,2022-04-12,5.405018362227609,24
ring,2022-04-12,2.2232954558744096,1418
campus,2022-04-13,,0
ring,2022-04-13,2.2465545582660713,295
campus,2022-04-14,5.136677944404036,20
ring,2022-04-14,1.6436052678014477,1488
campus,2022-04-15,2.4347315852172406,13
ring,2022-04-15,1.6312300401056503,1135
campus,2022-04-16,,0
ring,2022-04-16,,0
campus,2022-04-17,,0
ring,2022-04-17,,0
campus,2022-04-18,5.618638370687152,20
ring,2022-04-18,1.5180805051342545,1502
campus,2022-04-19,6.246642879551918,22
ring,2022-04-19,1.7738731822647902,1501
campus,2022-04-20,4.279261955073184,24
ring,2022-04-20,1.603752407565048,1473
campus,2022-04-21,5.207966927578539,21
ring,2022-04-21,1.6919191163448115,1503
campus,2022-04-22,7.110958814785287,22
ring,2022-04-22,5.610725374007531,470
campus,2022-04-23,6.29964617483289,25
ring,2022-04-23,2.9518513001052766,1587
campus,2022-04-24,5.41566905136211,25
ring,2022-04-24,2.3055951206275256,1292
campus,2022-04-25,6.5847375345187364,25
ring,2022-04-25,1.9722504702562216,1600
campus,2022-04-26,,0
ring,2022-04-26,,0
campus,2022-04-27,,0
ring,2022-04-27,1.4232012372160128,171
campus,2022-04-28,5.152268772450069,25
ring,2022-04-28,2.524791239304155,834
campus,2022-04-29,6.818781833987752,25
ring,2022-04-29,2.4050604395231674,1600
campus,2022-04-30,6.069180238597535,24
ring,2022-04-30,1.6404549803406896,1596
campus,2022-05-01,4.8205024655056885,25
ring,2022-05-01,1.6005417840210034,1600
campus,2022-05-02,6.486617124112713,25
ring,2022-05-02,2.1024548911671443,1600
campus,2022-05-03,7.108981029432427,25
ring,2022-05-03,2.927712812098975,1600
campus,2022-05-04,5.86496381671314,25
ring,2022-05-04,2.7658653544977394,1600
campus,2022-05-05,,0
ring,2022-05-05,1.230313713156278,161
campus,2022-05-06,,0
ring,2022-05-06,1.3757852780373578,270
campus,2022-05-07,,0
ring,2022-05-07,,0
campus,2022-05-08,,0
ring,2022-05-08,1.7200848429286946,66
campus,2022-05-09,5.066780195187767,25
ring,2022-05-09,2.795814531822289,1482
campus,2022-05-10,4.722264965042842,25
ring,2022-05-10,2.1370703423939372,1600
campus,2022-05-11,,0
ring,2022-05-11,0.33928109153643327,10
campus,2022-05-12,5.362520656638644,24
ring,2022-05-12,1.6891056890475638,1483
campus,2022-05-13,,0
ring,2022-05-13,4.9495282571877235,3
campus,2022-05-14,6.514017484364982,21
ring,2022-05-14,1.7074141387301707,1484
campus,2022-05-15,5.958318857764368,22
ring,2022-05-15,1.5049272438053185,1524
campus,2022-05-16,4.776443581423068,22
ring,2022-05-16,1.3745630387486625,1508
campus,2022-05-17,5.66216054288368,23
ring,2022-05-17,1.619024202480281,1510
campus,2022-05-18,,0
ring,2022-05-18,3.638342259941653,203
campus,2022-05-19,5.8494646991310955,24
ring,2022-05-19,2.1356486666899976,1510
campus,2022-05-20,5.488352237543186,24
ring,2022-05-20,2.0746484378624492,1514
campus,2022-05-21,,0
ring,2022-05-21,,0
campus,2022-05-22,,0
ring,2022-05-22,1.916510216932207,708
campus,2022-05-23,5.859657732593433,25
ring,2022-05-23,1.9210829232585476,1596
campus,2022-05-24,,0
ring,2022-05-24,2.284578776219234,232
campus,2022-05-25,,0
ring,2022-05-25,,0
campus,2022-05-26,5.987300943323916,25
ring,2022-05-26,2.1572698000291095,1600
campus,2022-05-27,6.339298904921569,25
ring,2022-05-27,1.7622186041235186,1600
campus,2022-05-28,,0
ring,2022-05-28,,0
campus,2022-05-29,7.291949750283607,24
ring,2022-05-29,2.462280757441177,1600
campus,2022-05-30,,0
ring,2022-05-30,1.6237776055685027,184
campus,2022-05-31,7.6245081372208885,23
ring,2022-05-31,2.247253081751798,1598
campus,2022-06-01,,0
ring,2022-06-01,1.064095378462182,87
campus,2022-06-02,,0
ring,2022-06-02,1.2017376114952107,51
campus,2022-06-03,,0
ring,2022-06-03,,0
campus,2022-06-04,6.903653026543317,23
ring,2022-06-04,2.895376601936536,1598
campus,2022-06-05,,0
ring,2022-06-05,0.28509724140167236,1
campus,2022-06-06,7.269803191091124,23
ring,2022-06-06,2.316392047367106,1598
campus,2022-06-07,6.357560456591951,23
ring,2022-06-07,1.5402132931929775,1582
campus,2022-06-08,4.736221702571737,23
ring,2022-06-08,2.021537955131938,1594
campus,2022-06-09,6.356618904261196,22
ring,2022-06-09,2.0918694895722734,1497
campus,2022-06-10,,0
ring,2022-06-10,2.863567907931441,15
campus,2022-06-11,4.822301352055792,23
ring,2022-06-11,2.2224352302781236,1478
campus,2022-06-12,3.9969352238518847,21
ring,2022-06-12,1.1166482973784269,1534
campus,2022-06-13,4.308889072956167,16
ring,2022-06-13,1.0210804624076935,1530
campus,2022-06-14,5.018923244535595,20
ring,2022-06-14,1.1794229673570806,1529
campus,2022-06-15,,0
ring,2022-06-15,0.3431643145802369,438
campus,2022-06-16,5.928209632837854,19
ring,2022-06-16,2.105119255790736,989
campus,2022-06-17,4.452875682832033,21
ring,2022-06-17,1.744679321678792,694
campus,2022-06-18,5.618854372944665,23
ring,2022-06-18,1.6232597970621416,1539
campus,2022-06-19,5.7934191283708465,22
ring,2022-06-19,2.159226881648137,826
campus,2022-06-20,,0
ring,2022-06-20,,0
campus,2022-06-21,,0
ring,2022-06-21,,0
campus,2022-06-22,8.706642922022235,17
ring,2022-06-22,1.5995107545054352,1521
campus,2022-06-23,5.893263329819435,20
ring,2022-06-23,1.6368124029835043,1523
campus,2022-06-24,5.698766493564733,23
ring,2022-06-24,1.9130917825684908,1594
campus,2022-06-25,,0
ring,2022-06-25,,0
campus,2022-06-26,,0
ring,2022-06-26,,0
campus,2022-06-27,,0
ring,2022-06-27,1.1779884658345423,38
campus,2022-06-28,,0
ring,2022-06-28,,0
campus,2022-06-29,,0
ring,2022-06-29,0.9868178809694763,22
campus,2022-06-30,8.24708037458791,19
ring,2022-06-30,2.0518807090656144,1587
campus,2022-07-01,,0
ring,2022-07-01,,0
campus,2022-07-02,,0
ring,2022-07-02,,0
campus,2022-07-03,6.239844548536621,23
ring,2022-07-03,1.6529439503964187,1591
campus,2022-07-04,,0
ring,2022-07-04,,0
campus,2022-07-05,4.864476377977554,25
ring,2022-07-05,2.093247981685167,1600
campus,2022-07-06,8.67878637771162,25
ring,2022-07-06,2.575736400791807,1600
campus,2022-07-07,,0
ring,2022-07-07,,0
campus,2022-07-08,5.484750451064304,25
ring,2022-07-08,2.0765903055994177,1600
campus,2022-07-09,5.523879119149579,24
ring,2022-07-09,1.655236833019911,1592
campus,2022-07-10,4.782807298799327,25
ring,2022-07-10,2.0458981660438758,777
campus,2022-07-11,,0
ring,2022-07-11,,0
campus,2022-07-12,,0
ring,2022-07-12,2.0685265105980934,276
campus,2022-07-13,4.318068256189847,23
ring,2022-07-13,1.498787301219202,1360
campus,2022-07-14,,0
ring,2022-07-14,,0
campus,2022-07-15,,0
ring,2022-07-15,,0
campus,2022-07-16,,0
ring,2022-07-16,1.1445424593240443,108
campus,2022-07-17,6.852991584650904,20
ring,2022-07-17,2.4074919048965113,738
campus,2022-07-18,,0
ring,2022-07-18,,0
campus,2022-07-19,4.860384657577613,17
ring,2022-07-19,1.658845270731326,1162
campus,2022-07-20,5.851560830887947,23
ring,2022-07-20,1.6040402436458197,1533
campus,2022-07-21,,0
ring,2022-07-21,,0
campus,2022-07-22,6.769991956431409,22
ring,2022-07-22,2.4314616283603785,1293
campus,2022-07-23,14.39998741359329,25
ring,2022-07-23,3.237315448927679,1477
campus,2022-07-24,,0
ring,2022-07-24,,0
campus,2022-07-25,,0
ring,2022-07-25,1.0769606964048568,374
campus,2022-07-26,,0
ring,2022-07-26,,0
campus,2022-08-11,6.582446969976839,22
ring,2022-08-11,1.5197919220504619,1234
campus,2022-08-12,6.526234463510362,18
ring,2022-08-12,1.0721871813508017,1524
campus,2022-08-13,,0
ring,2022-08-13,,0
campus,2022-08-14,8.206268874893475,2
ring,2022-08-14,0.9038520374926415,74
campus,2022-08-15,6.59880443656803,17
ring,2022-08-15,1.0473374585287663,1519
campus,2022-08-16,8.105545638627422,21
ring,2022-08-16,1.4592382941274047,1540
campus,2022-08-17,,0
ring,2022-08-17,,0
campus,2022-08-18,7.2944875039162484,25
ring,2022-08-18,2.2446309019568953,1359
campus,2022-08-19,7.751929514656317,20
ring,2022-08-19,1.7405858827085912,1524
campus,2022-08-20,,0
ring,2022-08-20,,0
campus,2022-08-21,,0
ring,2022-08-21,,0
campus,2022-08-22,,0
ring,2022-08-22,,0
campus,2022-08-23,,0
ring,2022-08-23,0.9994965634652688,3
campus,2022-08-24,10.84602753316655,24
ring,2022-08-24,1.8826184434914859,1596
campus,2022-08-25,,0
ring,2022-08-25,,0
campus,2022-08-26,,0
ring,2022-08-26,1.1259312830600263,125
campus,2022-08-27,,0
ring,2022-08-27,,0
campus,2022-08-28,,0
ring,2022-08-28,0.44724835323629214,45
campus,2022-08-29,8.586743199334427,24
ring,2022-08-29,1.8987651840073538,1596
campus,2022-08-30,7.417992793496918,24
ring,2022-08-30,1.6974943954458894,1596
campus,2022-08-31,7.026182658952826,24
ring,2022-08-31,1.41684720861746,1595
campus,2022-09-01,9.013577492330738,21
ring,2022-09-01,1.6807307015382695,1595
campus,2022-09-02,,0
ring,2022-09-02,,0
campus,2022-09-03,10.487022575911356,24
ring,2022-09-03,2.172185956718318,1596
campus,2022-09-04,24.85473543854321,24
ring,2022-09-04,3.161090767194333,1596
campus,2022-09-05,6.341215534140084,24
ring,2022-09-05,1.8485848176171849,1596
campus,2022-09-06,10.879473368104765,24
ring,2022-09-06,1.7658043651047157,1596
campus,2022-09-07,9.52896888481124,20
ring,2022-09-07,1.7071700900893187,1533
campus,2022-09-08,11.004800198166915,22
ring,2022-09-08,1.6686013697214477,1502
campus,2022-09-09,7.03708447631738,22
ring,2022-09-09,1.4941150929273808,1426
campus,2022-09-10,11.051350482630204,21
ring,2022-09-10,1.1065426296649274,1464
campus,2022-09-11,8.247446336184224,22
ring,2022-09-11,1.1931166191101976,1535
campus,2022-09-12,9.308086690713582,19
ring,2022-09-12,1.295995159040491,1532
campus,2022-09-13,10.565307786567908,20
ring,2022-09-13,1.8192936920931333,1505
campus,2022-09-14,9.615715682226071,24
ring,2022-09-14,1.897512566153097,1504
campus,2022-09-15,9.85656522947061,22
ring,2022-09-15,1.783544443127099,1494
campus,2022-09-16,7.931627028409174,24
ring,2022-09-16,1.7883618854287142,1328
campus,2022-09-17,9.861682242583226,18
ring,2022-09-17,1.7934508574457122,1518
campus,2022-09-18,,0
ring,2022-09-18,,0
campus,2022-09-19,8.609975259449827,4
ring,2022-09-19,3.4393963012939626,495
campus,2022-09-20,9.318530391594834,23
ring,2022-09-20,1.9556868915525931,1481
campus,2022-09-21,8.595941361799554,20
ring,2022-09-21,1.24872260712056,483
campus,2022-09-22,9.1004348938956,24
ring,2022-09-22,1.8965541485248525,1594
campus,2022-09-23,10.252255224375164,24
ring,2022-09-23,2.3397657095898436,1596
campus,2022-09-24,10.50553527397268,24
ring,2022-09-24,3.112365159790485,1595
campus,2022-09-25,8.194297393420165,24
ring,2022-09-25,2.3376888988413387,1594
campus,2022-09-26,8.55757629899418,24
ring,2022-09-26,1.7807601883238606,1594
campus,2022-09-27,10.26834498515011,21
ring,2022-09-27,1.7099948795916533,1574
campus,2022-09-28,11.861876524965627,20
ring,2022-09-28,1.9604792148843195,1593
campus,2022-09-29,11.73488096223158,24
ring,2022-09-29,2.875534171027369,1596
campus,2022-09-30,,0
ring,2022-09-30,,0
campus,2022-10-01,,0
ring,2022-10-01,0.9619987150170489,326
campus,2022-10-02,,0
ring,2022-10-02,,0
campus,2022-10-03,8.99559537607081,24
ring,2022-10-03,1.8301085941890527,1596
campus,2022-10-04,11.249618935164287,24
ring,2022-10-04,2.234927538069579,1596
campus,2022-10-05,11.242750107893924,22
ring,2022-10-05,2.9807793175039397,1225
campus,2022-10-06,10.748766395975563,24
ring,2022-10-06,2.379919496361438,1596
campus,2022-10-07,10.593107281502556,24
ring,2022-10-07,1.7930951035325937,1563
campus,2022-10-08,5.792964299962357,12
ring,2022-10-08,1.1023440830683184,1125
campus,2022-10-09,8.881307692471625,23
ring,2022-10-09,1.2013127935316747,1519
campus,2022-10-10,11.037616830444454,23
ring,2022-10-10,1.4947935425724352,1517
campus,2022-10-11,14.65904847066305,17
ring,2022-10-11,1.8397484032498028,1404
campus,2022-10-12,,0
ring,2022-10-12,1.9413970258647042,518
campus,2022-10-13,14.109964740832652,22
ring,2022-10-13,1.6713735408418011,1542
campus,2022-10-14,,0
ring,2022-10-14,,0
campus,2022-10-15,20.550795629836237,23
ring,2022-10-15,2.5895467699828107,1357
campus,2022-10-16,11.82502328200855,21
ring,2022-10-16,2.426501836491901,1380
campus,2022-10-17,8.707076606465812,21
ring,2022-10-17,1.9749025796856075,1473
campus,2022-10-18,8.786154015117171,16
ring,2022-10-18,1.6852771979679155,1503
campus,2022-10-19,9.864097741414916,8
ring,2022-10-19,2.36944678058128,553
campus,2022-10-20,10.718942633531798,23
ring,2022-10-20,2.4313881890212197,1549
campus,2022-10-21,15.878010916850144,24
ring,2022-10-21,3.0465784723016474,1596
campus,2022-10-22,12.098912869411357,24
ring,2022-10-22,2.5739707410238664,1596
campus,2022-10-23,8.786210632264464,22
ring,2022-10-23,1.9460518958310975,1286
campus,2022-10-24,9.757729075992792,20
ring,2022-10-24,1.863671766155181,1556
campus,2022-10-25,,0
ring,2022-10-25,1.3203864742406959,149
campus,2022-10-26,15.168512657670412,24
ring,2022-10-26,2.957455588456729,1596
campus,2022-10-27,11.015538206100464,24
ring,2022-10-27,3.0727711231451593,1520
campus,2022-10-28,,0
ring,2022-10-28,,0
campus,2022-10-29,,0
ring,2022-10-29,,0
campus,2022-10-30,9.24922891609809,24
ring,2022-10-30,1.8235172476744668,1587
campus,2022-10-31,9.435424472654569,24
ring,2022-10-31,2.7250379175139523,1596
campus,2022-11-01,12.45188552028993,24
ring,2022-11-01,3.0907324460236576,1590
campus,2022-11-02,10.475996889647316,24
ring,2022-11-02,2.120166899292313,1594
campus,2022-11-03,9.243236773329624,24
ring,2022-11-03,1.8376405019333533,1529
campus,2022-11-04,8.540374196277858,22
ring,2022-11-04,1.8215459994888001,1539
campus,2022-11-05,,0
ring,2022-11-05,4.441163700547166,24
campus,2022-11-06,11.907714472342565,21
ring,2022-11-06,1.9458199539806318,1490
campus,2022-11-07,9.035690055730441,21
ring,2022-11-07,2.05099481803347,1527
campus,2022-11-08,,0
ring,2022-11-08,,0
campus,2022-11-09,18.725778050026307,11
ring,2022-11-09,20.317151087897244,43
campus,2022-11-10,15.828737258911133,1
ring,2022-11-10,11.741017092615602,16
campus,2022-11-11,7.988370341259045,3
ring,2022-11-11,3.8621939791095614,58
campus,2022-11-12,7.935992462873459,22
ring,2022-11-12,2.059008882596038,1544
campus,2022-11-13,9.394031488264309,24
ring,2022-11-13,1.5732297815937923,1531
campus,2022-11-14,8.60402295762427,18
ring,2022-11-14,1.6350785580799847,1539
campus,2022-11-15,8.348333826128776,20
ring,2022-11-15,1.8318832507615432,1393
campus,2022-11-16,15.409177456178694,23
ring,2022-11-16,2.658698868376368,1418
campus,2022-11-17,9.550100404472762,22
ring,2022-11-17,3.143204742826341,858
campus,2022-11-18,7.377038908048914,18
ring,2022-11-18,1.8619837719968657,1494
campus,2022-11-19,,0
ring,2022-11-19,0.7051494013319993,15
campus,2022-11-20,10.823652782335005,24
ring,2022-11-20,1.726609277200752,1596
campus,2022-11-21,,0
ring,2022-11-21,3.156429443787921,801
campus,2022-11-22,18.82067362168256,24
ring,2022-11-22,3.2483062507578,1596
campus,2022-11-23,9.362321677839057,24
ring,2022-11-23,2.254931414122957,1596
campus,2022-11-24,10.70586050229914,24
ring,2022-11-24,1.6633270824814874,1596
campus,2022-11-25,9.862228406948205,24
ring,2022-11-25,1.4311286425219578,1596
campus,2022-11-26,,0
ring,2022-11-26,,0
campus,2022-11-27,,0
ring,2022-11-27,,0
campus,2022-11-28,9.73766327963156,24
ring,2022-11-28,2.2743893308924306,1575
campus,2022-11-29,7.577873587573277,24
ring,2022-11-29,1.7272202350507229,1594
campus,2022-11-30,11.411204596126781,24
ring,2022-11-30,1.5253659305739926,1586
campus,2022-12-01,11.30144483762629,24
ring,2022-12-01,1.9498314921406705,1574
campus,2022-12-02,12.084020441840678,24
ring,2022-12-02,3.4675975351027426,1454
campus,2022-12-03,13.201698140847665,23
ring,2022-12-03,2.0773746614497126,1488
campus,2022-12-04,10.262076943931426,20
ring,2022-12-04,1.7506516711252342,1496
campus,2022-12-05,10.134529022256116,21
ring,2022-12-05,1.47715585371461,1526
campus,2022-12-06,11.294511679383929,21
ring,2022-12-06,1.2049982981283964,1511
campus,2022-12-07,9.067285485136178,22
ring,2022-12-07,1.4596399911786986,1525
campus,2022-12-08,11.167740586108458,23
ring,2022-12-08,2.043474783846833,1485
campus,2022-12-09,10.243290892601593,23
ring,2022-12-09,1.504935835628444,1499
campus,2022-12-10,7.886791791602482,22
ring,2022-12-10,1.1467666964083956,1438
campus,2022-12-11,8.67307929887491,24
ring,2022-12-11,1.9353710073622443,1378
campus,2022-12-12,10.872733107480135,21
ring,2022-12-12,1.5498063334615495,1523
campus,2022-12-13,13.248813191843775,23
ring,2022-12-13,1.9523015254015796,1514
campus,2022-12-14,12.935891734884674,23
ring,2022-12-14,1.9197700425875721,1499
campus,2022-12-15,10.247674957316628,20
ring,2022-12-15,1.6349962719215174,1497
campus,2022-12-16,9.4943657747639,20
ring,2022-12-16,1.7876318514662888,1497
campus,2022-12-17,10.791161941560352,21
ring,2022-12-17,1.6966494187011532,1508
campus,2022-12-18,10.743606130866443,24
ring,2022-12-18,2.50861224777968,1591
campus,2022-12-19,9.832458096111523,24
ring,2022-12-19,2.724666270813424,1596
campus,2022-12-20,,0
ring,2022-12-20,,0
campus,2022-12-21,12.400143131017687,24
ring,2022-12-21,1.589502444088476,1578
campus,2022-12-22,9.820098746944877,24
ring,2022-12-22,1.8426583535648324,1596
campus,2022-12-23,11.677011693225188,24
ring,2022-12-23,2.139736869066646,1596
campus,2022-12-24,,0
ring,2022-12-24,,0
campus,2022-12-25,8.5942967785106,24
ring,2022-12-25,2.3199512201893944,1596
campus,2022-12-26,10.552155017642416,24
ring,2022-12-26,1.6570436125575925,1580
campus,2022-12-27,8.300963803669985,24
ring,2022-12-27,1.945233356420549,1578
campus,2022-12-28,8.39927311651847,24
ring,2022-12-28,2.2889949816727766,1596
campus,2022-12-29,11.02986169829088,24
ring,2022-12-29,3.0965842678931743,1596
campus,2022-12-30,9.285160017714782,24
ring,2022-12-30,2.6376204379480153,1596
campus,2023-01-01,12.661476407705239,22
ring,2023-01-01,1.9447646479256442,1247
campus,2023-01-02,8.212318561911898,21
ring,2023-01-02,2.0111722378367247,1433
campus,2023-01-03,9.81350204187281,24
ring,2023-01-03,2.1850064901378743,1500
campus,2023-01-04,10.45464125475971,23
ring,2023-01-04,2.38672388107344,1397
campus,2023-01-05,8.58586474992894,19
ring,2023-01-05,1.756692735864384,1513
campus,2023-01-06,9.347211567644202,23
ring,2023-01-06,1.4895827952630027,1519
campus,2023-01-07,10.159416207666512,14
ring,2023-01-07,1.223776733848021,1499
campus,2023-01-08,8.859299781710602,22
ring,2023-01-08,1.7887213189993616,1519
campus,2023-01-09,9.39108488784117,24
ring,2023-01-09,2.125248138924288,1498
campus,2023-01-10,,0
ring,2023-01-10,1.5517511794554444,330
campus,2023-01-11,,0
ring,2023-01-11,0.6789825410440649,31
campus,2023-01-12,,0
ring,2023-01-12,,0
campus,2023-01-13,,0
ring,2023-01-13,,0
campus,2023-01-14,18.853019403342675,15
ring,2023-01-14,3.0608477700485417,881
campus,2023-01-15,13.787294652700062,15
ring,2023-01-15,4.551476413470183,601
campus,2023-01-16,12.539675734130522,15
ring,2023-01-16,3.0194762472699868,1385
campus,2023-01-17,30.04302438539127,19
ring,2023-01-17,2.8145777924478805,1457
campus,2023-01-18,28.428925482479595,18
ring,2023-01-18,2.7785234154731655,1492
campus,2023-01-19,11.855964829841781,18
ring,2023-01-19,2.9352432504963875,1521
campus,2023-01-20,10.106726371122747,23
ring,2023-01-20,3.0944200538212803,1536
campus,2023-01-21,14.910295928833325,19
ring,2023-01-21,4.138442596162813,1456
campus,2023-01-22,14.145370320823595,23
ring,2023-01-22,3.653392646993536,1534
campus,2023-01-23,12.50912720427431,21
ring,2023-01-23,3.07962908141747,1558
campus,2023-01-24,13.028063498871477,15
ring,2023-01-24,4.128791206362749,1538
campus,2023-01-25,,0
ring,2023-01-25,,0
campus,2023-01-26,14.252490622015562,24
ring,2023-01-26,3.57752203099338,1585
campus,2023-01-27,12.361111743169673,24
ring,2023-01-27,2.652921848805789,1592
campus,2023-01-28,9.160241702724905,24
ring,2023-01-28,2.5691996889201705,1590
campus,2023-01-29,10.93995232158864,23
ring,2023-01-29,2.702394475213328,1479
campus,2023-01-30,10.903796979118797,24
ring,2023-01-30,3.679105149737918,1180
campus,2023-01-31,10.809098593602272,23
ring,2023-01-31,2.644881298241685,1480
campus,2023-02-01,,0
ring,2023-02-01,1.6517812258127977,5
campus,2023-02-02,,0
ring,2023-02-02,2.4096626559068404,868
campus,2023-02-03,9.176082022719656,21
ring,2023-02-03,1.6978937288767297,1491
campus,2023-02-04,9.697257508256149,22
ring,2023-02-04,2.094914112389791,1431
campus,2023-02-05,12.088799464866147,21
ring,2023-02-05,2.5717958598113855,1459
campus,2023-02-06,,0
ring,2023-02-06,2.3707358927550444,413
campus,2023-02-07,14.33381792558414,16
ring,2023-02-07,1.3531482797466745,1462
campus,2023-02-08,,0
ring,2023-02-08,,0
campus,2023-02-09,17.053588185413968,14
ring,2023-02-09,10.810268211682558,233
campus,2023-02-10,8.02777591148511,21
ring,2023-02-10,5.36742324615033,398
campus,2023-02-11,,0
ring,2023-02-11,,0
campus,2023-02-12,,0
ring,2023-02-12,,0
campus,2023-02-13,,0
ring,2023-02-13,,0
campus,2023-02-14,5.730619454594219,24
ring,2023-02-14,2.3123489585790127,1554
campus,2023-02-15,10.21477506272933,24
ring,2023-02-15,3.2340905529404473,1584
campus,2023-02-16,6.655832345415566,24
ring,2023-02-16,3.02082114284178,1588
campus,2023-02-17,,0
ring,2023-02-17,,0
campus,2023-02-18,9.195878750611755,24
ring,2023-02-18,2.154040193238608,1575
campus,2023-02-19,9.260029602155967,24
ring,2023-02-19,2.3239139236898447,1586
campus,2023-02-20,9.014776415614524,24
ring,2023-02-20,2.927402204613387,1559
campus,2023-02-21,1.3480478260446995,24
ring,2023-02-21,1.3819486212794925,1206
campus,2023-02-22,,0
ring,2023-02-22,,0
campus,2023-02-23,,0
ring,2023-02-23,,0
campus,2023-02-24,10.03177418498432,24
ring,2023-02-24,1.7265156127098102,1589
campus,2023-02-25,9.752281006679816,24
ring,2023-02-25,2.234586552281439,1589
campus,2023-02-26,1.5549050187713964,24
ring,2023-02-26,1.6969016294303056,1557
campus,2023-02-27,5.899056689949597,24
ring,2023-02-27,2.4924814406204976,1131
campus,2023-02-28,3.912267260792985,16
ring,2023-02-28,1.6870294422300092,1539
campus,2023-03-01,6.001663624115708,21
ring,2023-03-01,1.6118700378634592,1537
campus,2023-03-02,5.450877022166049,18
ring,2023-03-02,1.8820351304000251,1524
campus,2023-03-03,6.747075051439901,16
ring,2023-03-03,2.0918877979506263,1472
campus,2023-03-04,11.588721468180113,9
ring,2023-03-04,2.931586891551922,1163
campus,2023-03-05,,0
ring,2023-03-05,1.4819405803466748,110
campus,2023-03-06,4.692154177382566,21
ring,2023-03-06,1.4531148394200404,1200
campus,2023-03-07,6.129012199117333,19
ring,2023-03-07,1.1672859244583178,1510
campus,2023-03-08,6.761054864467656,17
ring,2023-03-08,1.5907314692341028,1264
campus,2023-03-09,6.8911589138402904,17
ring,2023-03-09,1.8930160362615338,1505
campus,2023-03-10,,0
ring,2023-03-10,,0
campus,2023-03-11,3.926423790501411,17
ring,2023-03-11,1.4485196649195284,1536
campus,2023-03-12,3.825772452260658,20
ring,2023-03-12,1.6698017056393797,1531
campus,2023-03-13,12.097999562051823,9
ring,2023-03-13,4.336278361668838,673
campus,2023-03-14,6.549098480250374,18
ring,2023-03-14,3.018228307417942,1360
campus,2023-03-15,12.001978381872178,24
ring,2023-03-15,2.3627312824512274,1596
campus,2023-03-16,5.911802848086638,24
ring,2023-03-16,1.8630442726573366,1588
campus,2023-03-17,12.999853920445727,24
ring,2023-03-17,1.8295597915408548,1592
campus,2023-03-18,9.88212958728566,24
ring,2023-03-18,2.2923864686659323,1596
campus,2023-03-19,10.07912020578104,24
ring,2023-03-19,3.427444124854677,1596
campus,2023-03-20,,0
ring,2023-03-20,2.0014181782553653,399
campus,2023-03-21,5.666103311566746,24
ring,2023-03-21,1.9072365711159223,1596
campus,2023-03-22,,0
ring,2023-03-22,,0
campus,2023-03-23,9.345835188276627,24
ring,2023-03-23,1.9944259746591824,1590
campus,2023-03-24,10.423427490486818,24
ring,2023-03-24,3.5823847895856438,1595
campus,2023-03-25,8.72965572497424,24
ring,2023-03-25,2.877093810671831,1593
campus,2023-03-26,8.8884354252675,24
ring,2023-03-26,2.1231184142500554,1595
campus,2023-03-27,10.725112149750489,24
ring,2023-03-27,1.8313388699742634,1002
campus,2023-03-28,10.38906851440353,18
ring,2023-03-28,1.8499959341428083,740
campus,2023-03-29,8.524309778045494,22
ring,2023-03-29,2.9749727893997604,1277
campus,2023-03-30,,0
ring,2023-03-30,,0
campus,2023-03-31,7.898998781834955,23
ring,2023-03-31,2.042283887154526,1557
campus,2023-04-01,,0
ring,2023-04-01,2.426511336588339,355
campus,2023-04-02,,0
ring,2023-04-02,,0
campus,2023-04-03,,0
ring,2023-04-03,,0
campus,2023-04-04,,0
ring,2023-04-04,,0
campus,2023-04-05,,0
ring,2023-04-05,,0
campus,2023-04-06,,0
ring,2023-04-06,1.5672678804401476,869
campus,2023-04-07,4.384776424873938,18
ring,2023-04-07,1.2715764624037789,1509
campus,2023-04-08,8.001068708546022,24
ring,2023-04-08,1.7641814165713983,1552
campus,2023-04-09,7.943906506229849,24
ring,2023-04-09,2.488925453563054,1267
campus,2023-04-10,5.725991446340784,24
ring,2023-04-10,2.598562609825906,1223
campus,2023-04-11,9.241866071148323,16
ring,2023-04-11,2.0611617695035056,1511
campus,2023-04-12,11.717049722612504,14
ring,2023-04-12,1.9436029636200576,1533
campus,2023-04-13,,0
ring,2023-04-13,,0
campus,2023-04-14,,0
ring,2023-04-14,3.1439942410688455,30
campus,2023-04-15,24.941435319956614,24
ring,2023-04-15,3.4856088609018316,1596
campus,2023-04-16,9.201099606401781,24
ring,2023-04-16,3.973558769226702,1596
campus,2023-04-17,8.437871996620121,24
ring,2023-04-17,1.9420681455850821,1592
campus,2023-04-18,8.105244650279776,24
ring,2023-04-18,1.9417924047131934,1309
campus,2023-04-19,7.267238616943359,2
ring,2023-04-19,1.7685047345661336,651
campus,2023-04-20,,0
ring,2023-04-20,,0
campus,2023-04-21,,0
ring,2023-04-21,,0
campus,2023-04-22,,0
ring,2023-04-22,,0
campus,2023-04-23,11.258171736713235,25
ring,2023-04-23,1.551108534689763,1598
campus,2023-04-24,,0
ring,2023-04-24,1.3758351903939785,194
campus,2023-04-25,9.864937534822364,25
ring,2023-04-25,2.647049013041778,1600
campus,2023-04-26,4.46146512088542,25
ring,2023-04-26,2.238092765297201,1432
campus,2023-04-27,6.9236901921231535,25
ring,2023-04-27,2.0118963936510124,1600
campus,2023-04-28,10.0277455729848,22
ring,2023-04-28,1.410473943176447,1543
campus,2023-04-29,9.457040343809565,19
ring,2023-04-29,1.489594804645696,1547
campus,2023-04-30,12.52456826212918,19
ring,2023-04-30,2.0031645675570084,1541
campus,2023-05-01,9.193212028606743,22
ring,2023-05-01,2.6656468436590055,1340
campus,2023-05-02,13.470610719083695,23
ring,2023-05-02,3.0688886420239,1003
campus,2023-05-03,,0
ring,2023-05-03,,0
campus,2023-05-04,,0
ring,2023-05-04,,0
campus,2023-05-05,,0
ring,2023-05-05,,0
campus,2023-05-06,10.829506529324892,22
ring,2023-05-06,1.7879941967056816,1560
campus,2023-05-07,,0
ring,2023-05-07,1.215281854311679,346
campus,2023-05-08,,0
ring,2023-05-08,,0
campus,2023-05-09,6.03446942050773,23
ring,2023-05-09,1.524347720009497,1289
campus,2023-05-10,,0
ring,2023-05-10,,0
campus,2023-05-11,,0
ring,2023-05-11,,0
campus,2023-05-12,13.083706769391522,22
ring,2023-05-12,3.067703194260074,1033
campus,2023-05-13,8.600052682542074,25
ring,2023-05-13,2.265578857085321,1424
campus,2023-05-14,12.158170938242503,25
ring,2023-05-14,1.9512916997323146,1577
campus,2023-05-15,11.334768207421545,25
ring,2023-05-15,2.0412862341818734,1600
campus,2023-05-16,,0
ring,2023-05-16,1.7455942278347893,767
campus,2023-05-17,13.05580383512487,25
ring,2023-05-17,3.779680485744193,1250
campus,2023-05-18,11.391263860426703,25
ring,2023-05-18,2.6628748961463846,1600
campus,2023-05-19,9.900072473077214,24
ring,2023-05-19,2.1692241756566344,1596
campus,2023-05-20,10.5772996519372,25
ring,2023-05-20,1.9066775879836357,1596
campus,2023-05-21,13.559620020601123,25
ring,2023-05-21,2.074264815139175,1543
campus,2023-05-22,15.344732593770596,25
ring,2023-05-22,3.0430988713002463,1598
campus,2023-05-23,23.686108413368046,25
ring,2023-05-23,3.6348305601426465,1592
campus,2023-05-24,8.125732712294047,25
ring,2023-05-24,2.054834687787775,1600
campus,2023-05-25,8.535846836929503,25
ring,2023-05-25,2.028357807096063,1055
campus,2023-05-26,,0
ring,2023-05-26,,0
campus,2023-05-27,,0
ring,2023-05-27,2.027096199692448,326
campus,2023-05-28,,0
ring,2023-05-28,,0
campus,2023-05-29,,0
ring,2023-05-29,,0
campus,2023-05-30,,0
ring,2023-05-30,,0
campus,2023-05-31,11.25052496507346,20
ring,2023-05-31,2.0167573149836557,1581
campus,2023-06-01,15.121548319504845,19
ring,2023-06-01,1.8575830402522222,1534
campus,2023-06-02,22.198047504179545,16
ring,2023-06-02,2.4417078434887545,798
campus,2023-06-03,26.96165669393716,21
ring,2023-06-03,2.7787351869621704,964
campus,2023-06-04,12.29293206992526,20
ring,2023-06-04,1.5820458756298321,1525
campus,2023-06-05,12.109266813700316,20
ring,2023-06-05,1.5793515533396496,1526
campus,2023-06-06,12.734924416032904,20
ring,2023-06-06,1.9977530179415135,1466
campus,2023-06-07,14.269466099045086,5
ring,2023-06-07,5.312133788642916,115
campus,2023-06-08,14.00952618894443,3
ring,2023-06-08,3.734676042045518,626
campus,2023-06-09,14.708263414769084,21
ring,2023-06-09,1.923065141666932,1536
campus,2023-06-10,13.961923018645507,17
ring,2023-06-10,1.6111024012105877,1250
campus,2023-06-11,15.646613963768042,19
ring,2023-06-11,1.9230069974396409,1526
campus,2023-06-12,15.322855244787918,23
ring,2023-06-12,3.3374970890962357,1588
campus,2023-06-13,,0
ring,2023-06-13,1.9202528811065402,2
campus,2023-06-14,16.506820469117553,20
ring,2023-06-14,2.137256532344791,1553
campus,2023-06-15,13.262949872080338,23
ring,2023-06-15,1.8624742458798003,1592
campus,2023-06-16,14.656728406999717,23
ring,2023-06-16,2.14184876568028,1586
campus,2023-06-17,13.808046533692846,23
ring,2023-06-17,2.782382710942681,1598
campus,2023-06-18,,0
ring,2023-06-18,,0
campus,2023-06-19,,0
ring,2023-06-19,,0
campus,2023-06-20,12.753113589976055,23
ring,2023-06-20,1.989636450237466,1589
campus,2023-06-21,11.106409389945203,23
ring,2023-06-21,2.1649612382757035,1357
campus,2023-06-22,13.901733792677385,23
ring,2023-06-22,2.3845775255218116,1582
campus,2023-06-23,,0
ring,2023-06-23,,0
campus,2023-06-24,,0
ring,2023-06-24,,0
campus,2023-06-25,14.427706462477845,23
ring,2023-06-25,1.9547584881426934,1577
campus,2023-06-26,7.412439309172893,23
ring,2023-06-26,1.7484791600039558,1588
campus,2023-06-27,,0
ring,2023-06-27,,0
campus,2023-06-28,16.851711535221227,23
ring,2023-06-28,2.780519078921675,1598
campus,2023-06-29,,0
ring,2023-06-29,,0
campus,2023-06-30,12.661529758573456,23
ring,2023-06-30,2.1401169761979215,1598
campus,2023-07-01,,0
ring,2023-07-01,2.1567882074606004,87
campus,2023-07-02,,0
ring,2023-07-02,,0
campus,2023-07-03,8.345827869988781,14
ring,2023-07-03,2.0008936750786965,995
campus,2023-07-04,15.196674391572595,21
ring,2023-07-04,2.5658583006984315,955
campus,2023-07-05,12.084065694639078,19
ring,2023-07-05,1.4530073592839647,1551
campus,2023-07-06,,0
ring,2023-07-06,1.8811125027841618,81
campus,2023-07-07,7.6457400181502395,10
ring,2023-07-07,1.4550499506832746,1410
campus,2023-07-08,12.880161762401524,21
ring,2023-07-08,1.794547289057921,1525
campus,2023-07-09,3.5494277477264404,1
ring,2023-07-09,2.33185291646864,553
campus,2023-07-10,,0
ring,2023-07-10,3.84562918431354,4
campus,2023-07-11,,0
ring,2023-07-11,,0
campus,2023-07-12,,0
ring,2023-07-12,,0
campus,2023-07-13,9.74169575499522,23
ring,2023-07-13,1.7163673142600289,1539
campus,2023-07-14,12.40019533446842,25
ring,2023-07-14,2.36367826858568,1600
campus,2023-07-15,11.013454733373583,25
ring,2023-07-15,2.8654729918675717,1600
campus,2023-07-16,9.614659924773555,25
ring,2023-07-16,1.933340733030786,1584
campus,2023-07-17,10.611758484594965,24
ring,2023-07-17,1.9194188254507063,1585
campus,2023-07-18,10.575651393564986,25
ring,2023-07-18,2.0788344871578777,1582
campus,2023-07-19,,0
ring,2023-07-19,1.529723227174705,325
campus,2023-07-20,,0
ring,2023-07-20,,0
campus,2023-07-21,12.146025776115147,25
ring,2023-07-21,2.2855932732902393,1600
campus,2023-07-22,10.566200977622627,25
ring,2023-07-22,1.7502581085389315,1592
campus,2023-07-23,,0
ring,2023-07-23,0.8221333408286235,383
campus,2023-07-24,10.419498624643495,25
ring,2023-07-24,1.9086343911142707,1600
campus,2023-07-25,,0
ring,2023-07-25,,0
campus,2023-07-27,,0
ring,2023-07-27,,0
campus,2023-07-28,,0
ring,2023-07-28,1.3291532178725018,34
campus,2023-07-29,3.1665334701538086,1
ring,2023-07-29,1.4672401073787453,409
campus,2023-07-30,,0
ring,2023-07-30,,0
campus,2023-07-31,,0
ring,2023-07-31,,0
campus,2023-08-01,,0
ring,2023-08-01,0.01107614287676354,13
campus,2023-08-02,10.95164242765361,24
ring,2023-08-02,1.355831690227195,1414
campus,2023-08-03,,0
ring,2023-08-03,,0
campus,2023-08-04,16.369620940342916,17
ring,2023-08-04,1.7697170106489675,1254
campus,2023-08-05,,0
ring,2023-08-05,,0
campus,2023-08-06,,0
ring,2023-08-06,1.8907595352518174,760
campus,2023-08-07,8.573888849366021,23
ring,2023-08-07,1.6180282282393204,1577
campus,2023-08-08,,0
ring,2023-08-08,1.6388935663347568,190
campus,2023-08-09,11.746506728819687,24
ring,2023-08-09,2.152030611815909,1461
campus,2023-08-10,,0
ring,2023-08-10,,0
campus,2023-08-11,9.615647691656457,23
ring,2023-08-11,2.2393058944245783,1414
campus,2023-08-12,12.793655000521959,21
ring,2023-08-12,1.7175851204014796,1534
campus,2023-08-13,,0
ring,2023-08-13,2.330940124805929,665
campus,2023-08-14,8.240131374327218,25
ring,2023-08-14,2.161221695500009,1590
campus,2023-08-15,13.063821918436552,25
ring,2023-08-15,2.9011039139133694,1600
campus,2023-08-16,15.404418536775253,24
ring,2023-08-16,3.5185971905869806,1325
campus,2023-08-17,,0
ring,2023-08-17,1.5112767945004617,280
campus,2023-08-18,13.586311785363424,25
ring,2023-08-18,1.9897961332141176,1596
campus,2023-08-19,10.45762906147182,25
ring,2023-08-19,2.057016097864451,1581
campus,2023-08-20,8.328173085116687,25
ring,2023-08-20,2.548617355771669,1600
campus,2023-08-21,23.260780618053293,25
ring,2023-08-21,3.928560150741929,1597
campus,2023-08-22,9.726356290901885,25
ring,2023-08-22,2.827593205257973,1600
campus,2023-08-23,10.862755847888833,24
ring,2023-08-23,2.2312636814098137,1596
campus,2023-08-24,10.224483137095676,24
ring,2023-08-24,2.48011377893194,1589
campus,2023-08-25,,0
ring,2023-08-25,,0
campus,2023-08-26,,0
ring,2023-08-26,2.7893842818035233,38
campus,2023-08-27,13.458722711100298,24
ring,2023-08-27,3.5702291645816273,1593
campus,2023-08-28,13.500045195256964,24
ring,2023-08-28,2.6804972650823466,1585
campus,2023-08-29,12.896711354055057,19
ring,2023-08-29,2.0201082909762627,1524
campus,2023-08-30,9.524081229524809,22
ring,2023-08-30,1.480104472132552,1491
campus,2023-08-31,9.655065824951391,17
ring,2023-08-31,1.675120397812816,1444
campus,2023-09-01,11.781435251002144,22
ring,2023-09-01,2.24558943625594,1501
campus,2023-09-02,10.43695421126614,19
ring,2023-09-02,1.7339696343648774,1534
campus,2023-09-03,10.123652597005844,19
ring,2023-09-03,1.6801804634287205,1522
campus,2023-09-04,13.199488720462023,22
ring,2023-09-04,2.2020250860655834,1522
campus,2023-09-05,17.257441345327326,21
ring,2023-09-05,3.0140580128472343,1472
campus,2023-09-06,14.4979285704707,23
ring,2023-09-06,5.36516147985683,751
campus,2023-09-07,,0
ring,2023-09-07,,0
campus,2023-09-08,5.912455375519388,6
ring,2023-09-08,1.7870204225000559,948
campus,2023-09-09,12.501918281241155,17
ring,2023-09-09,2.2655817866844474,1538
campus,2023-09-10,4.9649472589012955,18
ring,2023-09-10,2.4302412221403986,1433
campus,2023-09-11,14.912331065009624,24
ring,2023-09-11,3.785796980740341,1596
campus,2023-09-12,,0
ring,2023-09-12,1.766762518712941,127
campus,2023-09-13,8.384597094193767,14
ring,2023-09-13,2.7238475059944993,1057
campus,2023-09-14,,0
ring,2023-09-14,2.4841558914922226,649
campus,2023-09-15,,0
ring,2023-09-15,1.0449656637679268,35
campus,2023-09-16,,0
ring,2023-09-16,,0
campus,2023-09-17,,0
ring,2023-09-17,1.5377917402602443,270
campus,2023-09-18,10.65877240419388,24
ring,2023-09-18,2.973201150519313,1420
campus,2023-09-19,9.036039263010023,24
ring,2023-09-19,2.4832829301880013,1585
campus,2023-09-20,14.05192679002604,22
ring,2023-09-20,2.693323537335231,1377
campus,2023-09-21,11.114083295709946,24
ring,2023-09-21,4.21806236286055,1377
campus,2023-09-22,,0
ring,2023-09-22,2.3186537745605804,39
campus,2023-09-23,,0
ring,2023-09-23,,0
campus,2023-09-24,,0
ring,2023-09-24,,0
campus,2023-09-25,,0
ring,2023-09-25,,0
campus,2023-09-26,,0
ring,2023-09-26,1.5647104713940236,447
campus,2023-09-27,14.435404640167278,22
ring,2023-09-27,2.608031875449733,1483
campus,2023-09-28,11.92220200916682,6
ring,2023-09-28,3.004636452831676,714
campus,2023-09-29,10.052209114183032,21
ring,2023-09-29,1.9985031134846247,1518
campus,2023-09-30,11.451062573162778,19
ring,2023-09-30,2.104823329599063,1518
campus,2023-10-01,,0
ring,2023-10-01,,0
campus,2023-10-02,12.0335335393375,23
ring,2023-10-02,3.1385617241903017,1471
campus,2023-10-03,15.234903134610395,20
ring,2023-10-03,3.3595066068087815,1408
campus,2023-10-04,9.528961089862916,23
ring,2023-10-04,2.731096721737099,1151
campus,2023-10-05,11.353402954022558,23
ring,2023-10-05,2.4576470312339476,1508
campus,2023-10-06,,0
ring,2023-10-06,3.0693993720502046,470
campus,2023-10-07,9.701923882607186,22
ring,2023-10-07,5.412379327102189,768
campus,2023-10-08,17.707231050857327,18
ring,2023-10-08,4.717185184646495,998
campus,2023-10-09,19.827282172476753,23
ring,2023-10-09,4.016961659374616,970
campus,2023-10-10,11.207946741300473,24
ring,2023-10-10,2.719591012324697,1579
campus,2023-10-11,,0
ring,2023-10-11,,0
campus,2023-10-12,12.928378074028911,24
ring,2023-10-12,2.258111970808998,1525
campus,2023-10-13,14.062316758141803,24
ring,2023-10-13,4.0506871793962285,1596
campus,2023-10-14,14.60175488500034,24
ring,2023-10-14,3.4992913940597337,1596
campus,2023-10-15,13.755984859887292,24
ring,2023-10-15,2.8266317235569813,1578
campus,2023-10-16,12.996568050314401,24
ring,2023-10-16,2.8160238650773435,1406
campus,2023-10-17,11.284431189579125,24
ring,2023-10-17,2.8088842027708365,1596
campus,2023-10-18,,0
ring,2023-10-18,2.1141808946487837,424
campus,2023-10-19,18.01021606115734,24
ring,2023-10-19,3.6330392888221885,1596
campus,2023-10-20,12.538875868530836,24
ring,2023-10-20,2.9343073993328095,1556
campus,2023-10-21,12.128862272220504,24
ring,2023-10-21,2.540567743067294,1512
campus,2023-10-22,11.827990260474824,24
ring,2023-10-22,3.001259440239856,1407
campus,2023-10-23,17.111000579244948,24
ring,2023-10-23,3.2980454701278967,1596
campus,2023-10-24,21.162763168427055,17
ring,2023-10-24,4.878691298276578,1226
campus,2023-10-25,16.22265636504696,21
ring,2023-10-25,3.2524139929549616,1452
campus,2023-10-26,13.473609780128594,23
ring,2023-10-26,2.8978746690035724,1331
campus,2023-10-27,11.128123951768636,20
ring,2023-10-27,2.13139814050013,1503
campus,2023-10-28,,0
ring,2023-10-28,,0
campus,2023-10-29,15.911277662696405,21
ring,2023-10-29,2.7724846018648965,1466
campus,2023-10-30,17.11928650587098,22
ring,2023-10-30,4.461246320821014,930
campus,2023-10-31,12.960939541582317,22
ring,2023-10-31,2.4776841984437836,1527
campus,2023-11-01,,0
ring,2023-11-01,,0
campus,2023-11-02,,0
ring,2023-11-02,,0
campus,2023-11-03,16.181865652036947,21
ring,2023-11-03,3.65461680555204,1446
campus,2023-11-04,,0
ring,2023-11-04,,0
campus,2023-11-05,13.471342127347008,23
ring,2023-11-05,4.01970988928678,643
campus,2023-11-06,12.694063754081727,16
ring,2023-11-06,2.5866781734730924,1409
campus,2023-11-07,10.50258396261482,14
ring,2023-11-07,2.894012570219984,824
campus,2023-11-08,11.49756476381246,24
ring,2023-11-08,2.9176306976398645,1594
campus,2023-11-09,16.91882529048359,24
ring,2023-11-09,4.2055263298303185,1596
campus,2023-11-10,13.494025213648294,24
ring,2023-11-10,3.072992593261328,1584
campus,2023-11-11,11.04423084546538,24
ring,2023-11-11,2.4860347451236513,1588
campus,2023-11-12,,0
ring,2023-11-12,,0
campus,2023-11-13,13.187924480858973,24
ring,2023-11-13,2.913192663960271,1587
campus,2023-11-14,14.605646588802342,24
ring,2023-11-14,4.282465107993333,1555
campus,2023-11-15,,0
ring,2023-11-15,2.0447102139541005,68
campus,2023-11-16,10.694837078872851,24
ring,2023-11-16,2.570095598581021,1578
campus,2023-11-17,13.813834575134164,24
ring,2023-11-17,2.389583234157412,1581
campus,2023-11-18,12.243870529216878,24
ring,2023-11-18,2.681643369275273,1579
campus,2023-11-19,12.551713683605195,24
ring,2023-11-19,3.339056445820439,1593
campus,2023-11-20,17.604602505599754,24
ring,2023-11-20,3.8885662783522186,1587
campus,2023-11-21,12.075011485744925,24
ring,2023-11-21,2.9868044125486235,1584
campus,2023-11-22,11.036440834017364,24
ring,2023-11-22,2.3566476855337157,1577
campus,2023-11-23,14.03737210027774,20
ring,2023-11-23,2.4481028198310764,1516
campus,2023-11-24,10.611728679242276,17
ring,2023-11-24,6.622588604304733,231
campus,2023-11-25,15.685860521942423,21
ring,2023-11-25,2.748632579556522,1502
campus,2023-11-26,,0
ring,2023-11-26,3.4037906346149125,405
campus,2023-11-27,14.594962163197156,22
ring,2023-11-27,2.084544157205369,1492
campus,2023-11-28,16.582842028123586,14
ring,2023-11-28,2.039330803042047,1488
campus,2023-11-29,13.946306915001019,18
ring,2023-11-29,1.9878029647238233,1511
campus,2023-11-30,16.627974843495274,18
ring,2023-11-30,2.6828715005027948,1517
campus,2023-12-01,13.416965721469175,22
ring,2023-12-01,2.5892324671610534,1523
campus,2023-12-02,11.650016298129897,19
ring,2023-12-02,2.1604002739486705,1531
campus,2023-12-03,12.271656026395508,21
ring,2023-12-03,2.1060054821027405,1523
campus,2023-12-04,14.387106581077921,21
ring,2023-12-04,2.301644605781774,1527
campus,2023-12-05,13.320946566696493,19
ring,2023-12-05,3.140141487114736,1410
campus,2023-12-06,15.246196797789093,19
ring,2023-12-06,3.722899616166355,1230
campus,2023-12-07,,0
ring,2023-12-07,2.8587959018231053,968
campus,2023-12-08,14.353840988068022,24
ring,2023-12-08,2.1368895819920724,1585
campus,2023-12-09,,0
ring,2023-12-09,,0
campus,2023-12-10,2.816486445177801,21
ring,2023-12-10,2.4990696005602246,1246
campus,2023-12-11,,0
ring,2023-12-11,1.7879250677469265,89
campus,2023-12-12,,0
ring,2023-12-12,,0
campus,2023-12-13,,0
ring,2023-12-13,,0
campus,2023-12-14,,0
ring,2023-12-14,,0
campus,2023-12-15,,0
ring,2023-12-15,,0
campus,2023-12-16,,0
ring,2023-12-16,,0
campus,2023-12-17,,0
ring,2023-12-17,,0
campus,2023-12-18,,0
ring,2023-12-18,,0
campus,2023-12-19,,0
ring,2023-12-19,,0
campus,2023-12-20,,0
ring,2023-12-20,,0
campus,2023-12-21,,0
ring,2023-12-21,3.3013905163998256,11
campus,2023-12-22,,0
ring,2023-12-22,2.843353636252565,62
campus,2023-12-23,,0
ring,2023-12-23,4.385135377045102,48
campus,2023-12-24,,0
ring,2023-12-24,7.428586006164551,1
campus,2023-12-25,,0
ring,2023-12-25,,0
campus,2023-12-26,,0
ring,2023-12-26,,0
campus,2023-12-27,,0
ring,2023-12-27,,0
campus,2023-12-28,,0
ring,2023-12-28,,0
campus,2023-12-29,,0
ring,2023-12-29,,0
campus,2023-12-30,,0
ring,2023-12-30,4.881292462348938,6
campus,2024-01-01,,0
ring,2024-01-01,3.402157482635051,60
campus,2024-01-02,,0
ring,2024-01-02,3.306747737852729,97
campus,2024-01-03,3.7862002849578857,1
ring,2024-01-03,2.5393919370088014,197
campus,2024-01-04,,0
ring,2024-01-04,1.7644422165606573,377
campus,2024-01-05,,0
ring,2024-01-05,2.2020828828431083,24
campus,2024-01-06,4.790427207946777,1
ring,2024-01-06,2.277744492456846,29
campus,2024-01-07,,0
ring,2024-01-07,4.2816566371797045,30
campus,2024-01-08,,0
ring,2024-01-08,4.2142661047032215,25
campus,2024-01-09,1.800987732375472,2
ring,2024-01-09,2.514227842271871,47
campus,2024-01-10,2.9125990867614746,1
ring,2024-01-10,4.333968578081056,63
campus,2024-01-11,2.1113253884301506,2
ring,2024-01-11,2.144034316757877,110
campus,2024-01-12,,0
ring,2024-01-12,3.7723876150347824,131
campus,2024-01-13,,0
ring,2024-01-13,3.457485013427996,148
campus,2024-01-14,,0
ring,2024-01-14,3.7380036217075334,133
campus,2024-01-15,,0
ring,2024-01-15,3.605439460463555,147
campus,2024-01-16,,0
ring,2024-01-16,,0
campus,2024-01-17,,0
ring,2024-01-17,6.712767192502214,71
campus,2024-01-18,,0
ring,2024-01-18,,0
campus,2024-01-19,,0
ring,2024-01-19,,0
campus,2024-01-20,,0
ring,2024-01-20,3.3041205241855254,26
campus,2024-01-21,,0
ring,2024-01-21,3.3211563428243003,3
campus,2024-01-22,,0
ring,2024-01-22,4.774401664733887,1
campus,2024-01-23,,0
ring,2024-01-23,1.2224175501017416,13
campus,2024-01-24,4.404706954956055,1
ring,2024-01-24,0.7821455955505371,4
campus,2024-01-25,,0
ring,2024-01-25,,0
campus,2024-01-26,,0
ring,2024-01-26,,0
campus,2024-01-27,,0
ring,2024-01-27,,0
campus,2024-01-28,,0
ring,2024-01-28,2.242553520201704,29
campus,2024-01-29,,0
ring,2024-01-29,1.9427192550910977,81
campus,2024-01-30,,0
ring,2024-01-30,2.6011234067239113,101
campus,2024-01-31,,0
ring,2024-01-31,,0
campus,2024-02-01,,0
ring,2024-02-01,3.731365512435635,3
campus,2024-02-02,,0
ring,2024-02-02,2.3853036046669507,114
campus,2024-02-03,,0
ring,2024-02-03,,0
campus,2024-02-04,,0
ring,2024-02-04,6.282362461090088,2
campus,2024-02-05,,0
ring,2024-02-05,,0
campus,2024-02-06,,0
ring,2024-02-06,,0
campus,2024-02-07,,0
ring,2024-02-07,,0
campus,2024-02-08,,0
ring,2024-02-08,,0
campus,2024-02-09,,0
ring,2024-02-09,18.979056207928807,5
campus,2024-02-10,,0
ring,2024-02-10,21.02441020819927,41
campus,2024-02-11,,0
ring,2024-02-11,5.135531322218618,183
campus,2024-02-12,20.35095163699119,17
ring,2024-02-12,5.1295789926779785,460
campus,2024-02-13,14.60676704552499,22
ring,2024-02-13,4.881915865145009,760
campus,2024-02-14,18.10637701984615,19
ring,2024-02-14,2.965991514207443,1370
campus,2024-02-15,16.40868212894608,20
ring,2024-02-15,2.4908634450037077,1430
campus,2024-02-16,16.060608025265545,22
ring,2024-02-16,2.1834825203521464,1193
campus,2024-02-17,,0
ring,2024-02-17,4.4784132338752425,12
campus,2024-02-18,5.977244615891559,10
ring,2024-02-18,5.556587434720685,182
campus,2024-02-19,,0
ring,2024-02-19,,0
campus,2024-02-20,,0
ring,2024-02-20,,0
campus,2024-02-21,25.414929390428316,16
ring,2024-02-21,8.598837334092961,280
campus,2024-02-22,,0
ring,2024-02-22,,0
campus,2024-02-23,13.547596600571199,21
ring,2024-02-23,6.293165058808456,575
campus,2024-02-24,18.646736035435836,19
ring,2024-02-24,3.6198334367631118,1072
campus,2024-02-25,,0
ring,2024-02-25,,0
campus,2024-02-26,12.990952292139028,11
ring,2024-02-26,12.606833149573047,27
campus,2024-02-27,10.511275533736914,21
ring,2024-02-27,2.658686344364316,1276
campus,2024-02-28,12.682810305772746,21
ring,2024-02-28,2.364314095250266,1501
campus,2024-02-29,14.192595833578586,23
ring,2024-02-29,2.3940480250478977,1375
campus,2024-03-01,12.721992892303547,20
ring,2024-03-01,2.957763599734675,1299
campus,2024-03-02,15.220125554587598,18
ring,2024-03-02,1.7985778325671284,1444
campus,2024-03-03,17.32038087649557,9
ring,2024-03-03,1.9432108820166991,952
campus,2024-03-04,,0
ring,2024-03-04,1.5714885718687372,853
campus,2024-03-05,11.566969341530521,24
ring,2024-03-05,3.560845759727511,1594
campus,2024-03-06,11.349068540194455,24
ring,2024-03-06,3.0102944854575684,1594
campus,2024-03-07,10.16755105092245,24
ring,2024-03-07,2.2679487306957786,1596
campus,2024-03-08,10.769184162406361,24
ring,2024-03-08,1.9424688970750787,1589
campus,2024-03-09,11.367164209862935,22
ring,2024-03-09,2.1908842129603205,905
campus,2024-03-10,10.265999299147552,24
ring,2024-03-10,3.70545349235925,1594
campus,2024-03-11,12.32908092169201,24
ring,2024-03-11,3.454925604285853,1596
campus,2024-03-12,11.872010432201275,24
ring,2024-03-12,2.7523856413463696,1594
campus,2024-03-13,12.675811377798812,24
ring,2024-03-13,2.026228247788924,1594
campus,2024-03-14,10.881065200111443,24
ring,2024-03-14,2.21609804047506,1546
campus,2024-03-15,,0
ring,2024-03-15,3.3827757855370013,542
campus,2024-03-16,,0
ring,2024-03-16,2.9268534757035685,167
campus,2024-03-17,9.346538841654272,24
ring,2024-03-17,2.711711770639754,1596
campus,2024-03-18,12.09294055794024,20
ring,2024-03-18,1.8859328688612476,1517
campus,2024-03-19,10.25110046651628,21
ring,2024-03-19,1.7761922112315935,1516
campus,2024-03-20,10.19794379819842,24
ring,2024-03-20,2.3813427977157464,1525
campus,2024-03-21,9.645915267722948,21
ring,2024-03-21,2.4863425887740442,1479
campus,2024-03-22,,0
ring,2024-03-22,,0
campus,2024-03-23,,0
ring,2024-03-23,,0
campus,2024-03-24,,0
ring,2024-03-24,1.5495934319719467,172
campus,2024-03-25,8.865040075428102,20
ring,2024-03-25,1.5146203777779546,1520
campus,2024-03-26,,0
ring,2024-03-26,,0
campus,2024-03-27,10.79806918971679,24
ring,2024-03-27,2.8058014641744813,1517
campus,2024-03-28,11.80346462206226,21
ring,2024-03-28,2.1824044791941404,1534
campus,2024-03-29,9.571772609801178,20
ring,2024-03-29,1.891847539419144,1525
campus,2024-03-30,11.850400481605122,23
ring,2024-03-30,2.054871276624803,1487
campus,2024-03-31,,0
ring,2024-03-31,1.468296358143818,18
campus,2024-04-01,,0
ring,2024-04-01,,0
campus,2024-04-02,,0
ring,2024-04-02,,0
campus,2024-04-03,,0
ring,2024-04-03,1.9733680360715202,8
campus,2024-04-04,8.496107366926529,24
ring,2024-04-04,2.2325669576422498,1596
campus,2024-04-05,,0
ring,2024-04-05,,0
campus,2024-04-06,13.41173986694392,24
ring,2024-04-06,3.734969232042248,1586
campus,2024-04-07,9.035985962152482,24
ring,2024-04-07,3.5137958218570184,1596
campus,2024-04-08,8.614672990125769,24
ring,2024-04-08,2.28943764913017,1596
campus,2024-04-09,,0
ring,2024-04-09,,0
campus,2024-04-10,12.202758499524174,24
ring,2024-04-10,2.4412519835483684,1596
campus,2024-04-11,9.7699313696693,24
ring,2024-04-11,3.095677644865226,1596
campus,2024-04-12,15.289197411267375,21
ring,2024-04-12,3.4394502673678686,822
campus,2024-04-13,,0
ring,2024-04-13,,0
campus,2024-04-14,10.37864458476796,24
ring,2024-04-14,2.090766362156463,1592
campus,2024-04-15,,0
ring,2024-04-15,1.088934862998724,83
campus,2024-04-16,11.638728067321779,22
ring,2024-04-16,2.4431118716807667,1534
campus,2024-04-17,13.913957661088507,19
ring,2024-04-17,3.7658072839722707,1156
campus,2024-04-18,,0
ring,2024-04-18,,0
campus,2024-04-19,7.883145727573605,20
ring,2024-04-19,1.3035119041651544,1504
campus,2024-04-20,10.185320758722268,21
ring,2024-04-20,1.3663892539459574,1498
campus,2024-04-21,12.051244878587825,23
ring,2024-04-21,2.346346664147441,1575
campus,2024-04-22,12.250597991503833,22
ring,2024-04-22,1.6202271388467187,1485
campus,2024-04-23,11.588732540032632,21
ring,2024-04-23,1.7741868428275547,1505
campus,2024-04-24,,0
ring,2024-04-24,,0
campus,2024-04-25,,0
ring,2024-04-25,,0
campus,2024-04-26,11.91696105332415,14
ring,2024-04-26,2.0283991737572395,1102
campus,2024-04-27,,0
ring,2024-04-27,,0
campus,2024-04-28,,0
ring,2024-04-28,,0
campus,2024-04-29,,0
ring,2024-04-29,0.83827634368624,7
campus,2024-04-30,,0
ring,2024-04-30,0.6409695111215115,8
campus,2024-05-01,,0
ring,2024-05-01,0.6703467413783073,20
campus,2024-05-02,9.796663230947857,25
ring,2024-05-02,2.65077613110383,1599
campus,2024-05-03,,0
ring,2024-05-03,,0
campus,2024-05-04,5.548112869262695,1
ring,2024-05-04,3.016179918814244,285
campus,2024-05-05,8.46264122367297,25
ring,2024-05-05,1.6171768520777685,1588
campus,2024-05-06,12.597541094182464,25
ring,2024-05-06,1.9263521959360599,1552
campus,2024-05-07,12.249370782311939,25
ring,2024-05-07,2.2755227533101556,1583
campus,2024-05-08,15.638541264043136,24
ring,2024-05-08,3.4057728713883173,1576
campus,2024-05-09,,0
ring,2024-05-09,,0
campus,2024-05-10,11.723382284223126,25
ring,2024-05-10,2.156849711443785,1600
campus,2024-05-11,11.216119394503243,25
ring,2024-05-11,1.9131450196245756,1597
campus,2024-05-12,10.081473073390907,25
ring,2024-05-12,2.1309633054287316,1594
campus,2024-05-13,8.15229531729387,8
ring,2024-05-13,3.4615930345881902,1261
campus,2024-05-14,13.795789221417985,25
ring,2024-05-14,3.644575422273696,1600
campus,2024-05-15,,0
ring,2024-05-15,,0
campus,2024-05-16,9.836029066019426,25
ring,2024-05-16,2.0534105523628545,1584
campus,2024-05-17,6.8401135791672605,14
ring,2024-05-17,1.684109197491301,608
campus,2024-05-18,,0
ring,2024-05-18,,0
campus,2024-05-19,11.379061381354559,25
ring,2024-05-19,2.524889671616577,1417
campus,2024-05-20,9.388081710530633,22
ring,2024-05-20,2.321678016334585,1519
campus,2024-05-21,6.925905084833404,19
ring,2024-05-21,1.9336157462970005,1288
campus,2024-05-22,9.116806312509697,22
ring,2024-05-22,1.8571426469828454,1551
campus,2024-05-23,,0
ring,2024-05-23,,0
campus,2024-05-24,,0
ring,2024-05-24,,0
campus,2024-05-25,7.956366592963779,23
ring,2024-05-25,1.653759748665676,1511
campus,2024-05-26,7.899288842274933,22
ring,2024-05-26,1.7261516261888545,1525
campus,2024-05-27,10.478934482873525,18
ring,2024-05-27,1.5753756040630373,1477
campus,2024-05-28,,0
ring,2024-05-28,,0
campus,2024-05-29,9.002878703708056,21
ring,2024-05-29,1.962643411676289,1385
campus,2024-06-04,,0
ring,2024-06-04,,0
campus,2024-06-05,,0
ring,2024-06-05,1.750922211901013,632
campus,2024-06-06,,0
ring,2024-06-06,,0
campus,2024-06-07,8.542739190154622,23
ring,2024-06-07,1.4208565864314988,1598
campus,2024-06-08,,0
ring,2024-06-08,1.8673889405164283,108
campus,2024-06-09,,0
ring,2024-06-09,,0
campus,2024-06-10,,0
ring,2024-06-10,,0
campus,2024-06-11,13.247094358243498,23
ring,2024-06-11,1.8913408404448995,1592
campus,2024-06-12,10.408391044896064,23
ring,2024-06-12,1.6242740266655742,1598
campus,2024-06-13,10.516617871831938,23
ring,2024-06-13,1.8949335190718026,1516
campus,2024-06-14,15.901434480315865,23
ring,2024-06-14,2.6991911477600823,1587
campus,2024-06-15,,0
ring,2024-06-15,,0
campus,2024-06-16,12.187100461133305,23
ring,2024-06-16,2.166441802340273,1598
campus,2024-06-17,8.253851972245057,23
ring,2024-06-17,1.3103989531646267,1449
campus,2024-06-18,9.190094258935854,19
ring,2024-06-18,1.4085736275614644,1516
campus,2024-06-19,,0
ring,2024-06-19,,0
campus,2024-06-20,,0
ring,2024-06-20,,0
campus,2024-06-21,,0
ring,2024-06-21,,0
campus,2024-06-22,,0
ring,2024-06-22,1.8166141878382405,318
campus,2024-06-23,10.129473450528797,21
ring,2024-06-23,1.2785147840720847,1503
campus,2024-06-24,12.183012553332727,22
ring,2024-06-24,1.341747793300299,1518
campus,2024-06-25,10.413385277494378,2
ring,2024-06-25,1.5782311162481697,712
campus,2024-06-26,,0
ring,2024-06-26,0.18667541384556383,13
campus,2024-06-27,9.278671001998156,21
ring,2024-06-27,1.4779367327392328,1530
campus,2024-06-28,,0
ring,2024-06-28,,0
campus,2024-06-29,9.674870663561713,18
ring,2024-06-29,1.4763168414416166,1520
campus,2024-06-30,13.989653448543283,22
ring,2024-06-30,2.1827681892401567,1364
campus,2024-07-01,,0
ring,2024-07-01,,0
campus,2024-07-02,,0
ring,2024-07-02,0.8461527255260282,36
campus,2024-07-03,8.484654085544246,25
ring,2024-07-03,1.4240976876718618,1600
campus,2024-07-04,,0
ring,2024-07-04,0.6752442217962421,764
campus,2024-07-05,9.134199846807649,24
ring,2024-07-05,1.6530455433934403,1522
campus,2024-07-06,,0
ring,2024-07-06,,0
campus,2024-07-07,11.037403479222935,25
ring,2024-07-07,1.9300695019519765,1598
campus,2024-07-08,,0
ring,2024-07-08,0.8041696774702896,96
campus,2024-07-09,11.709635671587678,25
ring,2024-07-09,2.360598843391839,1574
campus,2024-07-16,,0
ring,2024-07-16,,0
campus,2024-07-17,14.013063104679095,25
ring,2024-07-17,3.3932099321295133,1600
campus,2024-07-18,10.723417056329861,25
ring,2024-07-18,2.509224122355494,1598
campus,2024-07-19,10.067023624756532,24
ring,2024-07-19,1.5980034123322824,1478
campus,2024-07-20,,0
ring,2024-07-20,,0
campus,2024-07-21,13.485829943456057,20
ring,2024-07-21,1.583590793754269,1201
campus,2024-07-22,14.177693168864725,20
ring,2024-07-22,1.7339700620714613,1480
campus,2024-07-23,14.614260006686905,17
ring,2024-07-23,2.0528155036653226,786
campus,2024-07-24,,0
ring,2024-07-24,,0
campus,2024-07-29,,0
ring,2024-07-29,,0
campus,2024-07-30,,0
ring,2024-07-30,1.2494122681253568,97
campus,2024-07-31,9.710343978569187,23
ring,2024-07-31,1.7828668654463498,1002
campus,2024-08-01,10.480390320653502,5
ring,2024-08-01,2.363293964758652,1028
campus,2024-08-02,,0
ring,2024-08-02,,0
campus,2024-08-03,,0
ring,2024-08-03,1.6739707402379056,68
campus,2024-08-04,9.681743780760204,24
ring,2024-08-04,2.0705128969645794,1596
campus,2024-08-05,8.509310468118658,25
ring,2024-08-05,2.1283355890507205,1600
campus,2024-08-06,,0
ring,2024-08-06,,0
campus,2024-08-07,14.575498329763239,25
ring,2024-08-07,4.767491290515733,1600
campus,2024-08-08,,0
ring,2024-08-08,,0
campus,2024-08-09,4.29490327835083,1
ring,2024-08-09,1.1606526123174132,214
campus,2024-08-10,,0
ring,2024-08-10,,0
campus,2024-08-11,8.616021812074237,20
ring,2024-08-11,2.8284307060696112,781
campus,2024-08-12,12.221636593715804,25
ring,2024-08-12,3.584223455760871,1320
campus,2024-08-13,12.187720853676185,25
ring,2024-08-13,3.306104920260731,1600
campus,2024-08-14,9.966058062232001,25
ring,2024-08-14,2.370427878294858,1600
campus,2024-08-15,,0
ring,2024-08-15,,0
campus,2024-08-16,3.8547110204343444,2
ring,2024-08-16,2.0002035483368203,557
campus,2024-08-17,,0
ring,2024-08-17,2.3857383998784885,486
campus,2024-08-18,10.582740610269669,24
ring,2024-08-18,2.8774185006894295,1381
campus,2024-08-19,11.393391063957292,21
ring,2024-08-19,2.721363973106687,1472
campus,2024-08-20,10.181128822060836,21
ring,2024-08-20,2.2980004986329665,1539
campus,2024-08-21,11.638810779480707,23
ring,2024-08-21,2.397441953230773,1517
campus,2024-08-22,,0
ring,2024-08-22,3.02565265147643,101
campus,2024-08-23,17.30595030976071,16
ring,2024-08-23,3.643701933210934,1291
campus,2024-08-24,,0
ring,2024-08-24,,0
campus,2024-08-25,4.351266537350259,20
ring,2024-08-25,3.6802094653072746,125
campus,2024-08-26,11.301936670661679,23
ring,2024-08-26,2.401943742130799,1511
campus,2024-08-27,10.86652354534754,22
ring,2024-08-27,2.507773935644126,1488
campus,2024-08-28,15.543836184616746,19
ring,2024-08-28,3.282740438016504,1364
campus,2024-08-29,14.310962851703845,22
ring,2024-08-29,4.169277675051809,1037
campus,2024-08-30,11.868542163582413,24
ring,2024-08-30,2.826153972329416,1490
campus,2024-08-31,,0
ring,2024-08-31,,0
campus,2024-09-01,12.26862531178138,24
ring,2024-09-01,2.3041696861503316,1586
campus,2024-09-02,,0
ring,2024-09-02,1.1651929268704357,23
campus,2024-09-03,,0
ring,2024-09-03,,0
campus,2024-09-04,,0
ring,2024-09-04,,0
campus,2024-09-05,,0
ring,2024-09-05,,0
campus,2024-09-06,,0
ring,2024-09-06,,0
campus,2024-09-07,,0
ring,2024-09-07,,0
campus,2024-09-08,,0
ring,2024-09-08,1.0944003456635503,42
campus,2024-09-09,,0
ring,2024-09-09,2.2239352031537756,207
campus,2024-09-10,,0
ring,2024-09-10,,0
campus,2024-09-11,,0
ring,2024-09-11,,0
campus,2024-09-12,10.445906986839631,24
ring,2024-09-12,2.8814466068199405,1358
campus,2024-09-13,,0
ring,2024-09-13,,0
campus,2024-09-14,,0
ring,2024-09-14,,0
campus,2024-09-15,,0
ring,2024-09-15,,0
campus,2024-09-16,,0
ring,2024-09-16,,0
campus,2024-09-17,,0
ring,2024-09-17,,0
campus,2024-09-18,,0
ring,2024-09-18,,0
campus,2024-09-19,,0
ring,2024-09-19,,0
campus,2024-09-20,13.53101464596183,14
ring,2024-09-20,2.7722930629341818,850
campus,2024-09-21,11.70719596391879,22
ring,2024-09-21,1.6679779193994297,1504
campus,2024-09-22,13.25780674079859,19
ring,2024-09-22,1.9659515522391886,1518
campus,2024-09-23,17.91800353232804,18
ring,2024-09-23,2.7166655976396954,1486
campus,2024-09-24,,0
ring,2024-09-24,4.457110704944976,437
campus,2024-09-25,13.877165681126012,19
ring,2024-09-25,2.829879341920901,1396
campus,2024-09-27,,0
ring,2024-09-27,,0
campus,2024-09-28,,0
ring,2024-09-28,,0
campus,2024-09-29,6.963044187296991,5
ring,2024-09-29,2.5760269052303393,663
campus,2024-09-30,24.757779484455263,4
ring,2024-09-30,3.6189630395295684,726
campus,2024-10-01,,0
ring,2024-10-01,1.2858189242147031,29
campus,2024-10-02,16.425085065925824,24
ring,2024-10-02,2.1356991386758044,1595
campus,2024-10-03,10.797948834861026,24
ring,2024-10-03,2.134669324143898,1303
campus,2024-10-04,12.342667221462026,24
ring,2024-10-04,4.180478270430443,1545
campus,2024-10-05,,0
ring,2024-10-05,1.7561387363619203,108
campus,2024-10-06,,0
ring,2024-10-06,1.47417979741743,231
campus,2024-10-07,13.538332236093634,24
ring,2024-10-07,2.4435029312387186,1596
campus,2024-10-08,,0
ring,2024-10-08,,0
campus,2024-10-09,16.47449355889769,24
ring,2024-10-09,3.3065099841009946,1596
campus,2024-10-10,18.421719034840077,24
ring,2024-10-10,4.4913928691680525,1596
campus,2024-10-11,14.3333400673726,24
ring,2024-10-11,3.220442247757701,1596
campus,2024-10-12,,0
ring,2024-10-12,,0
campus,2024-10-13,,0
ring,2024-10-13,,0
campus,2024-10-14,13.798477847996882,24
ring,2024-10-14,4.381884014932042,1522
campus,2024-10-15,13.596416016914667,18
ring,2024-10-15,9.573065112555225,120
campus,2024-10-16,,0
ring,2024-10-16,,0
campus,2024-10-17,,0
ring,2024-10-17,,0
campus,2024-10-18,20.643433668180815,22
ring,2024-10-18,1.8885889237246396,1465
campus,2024-10-19,,0
ring,2024-10-19,,0
campus,2024-10-20,,0
ring,2024-10-20,8.568742752075195,1
campus,2024-10-21,15.603898288633099,22
ring,2024-10-21,2.422171131689722,1511
campus,2024-10-22,15.823045994080877,22
ring,2024-10-22,2.5201495663785924,1477
campus,2024-10-23,14.965834127707383,23
ring,2024-10-23,2.3299549719681902,1511
campus,2024-10-24,13.24965355145304,4
ring,2024-10-24,2.9063501279810797,325
campus,2024-10-25,,0
ring,2024-10-25,,0
campus,2024-10-26,,0
ring,2024-10-26,3.4000518506471957,16
campus,2024-10-27,16.286791818983417,24
ring,2024-10-27,3.222488967622771,1466
campus,2024-10-28,15.025723405655697,24
ring,2024-10-28,2.500674046698727,1596
campus,2024-10-29,,0
ring,2024-10-29,1.3003578390543966,270
campus,2024-10-30,,0
ring,2024-10-30,0.659751726521386,9
campus,2024-10-31,19.30301577525981,24
ring,2024-10-31,3.702787601240767,1522
campus,2024-11-01,,0
ring,2024-11-01,1.7616982102772716,158
campus,2024-11-02,,0
ring,2024-11-02,1.894182035898055,54
campus,2024-11-06,,0
ring,2024-11-06,,0
campus,2024-11-07,16.988902464473952,24
ring,2024-11-07,3.0797509611771376,1592
campus,2024-11-08,16.010714267842914,24
ring,2024-11-08,2.7092758079781487,1539
campus,2024-11-09,,0
ring,2024-11-09,1.8019335888396764,634
campus,2024-11-10,,0
ring,2024-11-10,1.3350207211478964,196
campus,2024-11-11,26.021017256203823,24
ring,2024-11-11,4.45677673982059,1468
campus,2024-11-12,,0
ring,2024-11-12,3.572088241577149,2
campus,2024-11-13,15.454551394814837,23
ring,2024-11-13,1.8897852016714904,1514
campus,2024-11-14,32.61477296346566,16
ring,2024-11-14,6.970009504936242,399
campus,2024-11-15,16.565000748151633,19
ring,2024-11-15,3.5083802256431778,704
campus,2024-11-16,24.981933244428088,18
ring,2024-11-16,3.0620779832838405,1468
campus,2024-11-17,25.062993278723493,22
ring,2024-11-17,3.165460925870541,1505
campus,2024-11-18,,0
ring,2024-11-18,,0
campus,2024-11-19,16.966917989394247,24
ring,2024-11-19,2.7434559100658613,1538
campus,2024-11-20,21.99107849085427,21
ring,2024-11-20,2.8356176844962397,1532
campus,2024-11-21,25.424496360165517,21
ring,2024-11-21,3.804385100526477,1429
campus,2024-11-22,23.412530488406908,24
ring,2024-11-22,5.295500659149861,880
campus,2024-11-23,,0
ring,2024-11-23,,0
campus,2024-11-24,,0
ring,2024-11-24,,0
campus,2024-11-25,34.24592722279379,22
ring,2024-11-25,5.75477201549069,808
campus,2024-11-26,36.721982838827024,24
ring,2024-11-26,7.426382941131666,861
campus,2024-11-27,26.905980590441654,24
ring,2024-11-27,4.864119166107464,731
campus,2024-11-28,,0
ring,2024-11-28,2.084349018310819,483
campus,2024-11-29,16.807494997136732,24
ring,2024-11-29,3.989895293783446,701
campus,2024-11-30,18.269692990651798,20
ring,2024-11-30,3.3633412730058776,854
campus,2024-12-01,18.40829467176312,23
ring,2024-12-01,3.152211988913888,1361
campus,2024-12-02,23.213445130563464,22
ring,2024-12-02,4.286517339743505,1366
campus,2024-12-03,18.475439082984014,23
ring,2024-12-03,4.270935596271664,1407
campus,2024-12-04,18.739535537817904,24
ring,2024-12-04,3.480066855210372,1415
campus,2024-12-05,18.01455987365644,18
ring,2024-12-05,3.292237393270046,1124
campus,2024-12-06,,0
ring,2024-12-06,2.79156887130273,269
campus,2024-12-07,23.121840873790063,23
ring,2024-12-07,4.610046175414548,1018
campus,2024-12-08,28.88658172607422,24
ring,2024-12-08,5.0472191016163395,1035
campus,2024-12-09,,0
ring,2024-12-09,3.0834791004077213,501
campus,2024-12-10,11.398462157459823,24
ring,2024-12-10,3.28026767963995,993
campus,2024-12-11,15.690381457657809,23
ring,2024-12-11,3.4670882324434293,310
campus,2024-12-12,114.85575319893113,20
ring,2024-12-12,11.441446321651364,322
campus,2024-12-13,35.750999994604314,14
ring,2024-12-13,7.534976990795916,557
campus,2024-12-14,26.478956061187983,21
ring,2024-12-14,6.6998696018790715,731
campus,2024-12-15,18.367249256989055,21
ring,2024-12-15,5.672727825333048,426
campus,2024-12-16,22.000838786600657,22
ring,2024-12-16,4.148054753629124,980
campus,2024-12-17,21.464948220979377,22
ring,2024-12-17,3.788548844712688,1142
campus,2024-12-18,,0
ring,2024-12-18,,0
campus,2024-12-19,90.0731247913338,19
ring,2024-12-19,26.212944674137105,168
campus,2024-12-20,23.514680389469994,20
ring,2024-12-20,9.441575175341741,414
campus,2024-12-21,24.367997063416897,22
ring,2024-12-21,13.788798112727015,731
campus,2024-12-22,22.31433096212499,23
ring,2024-12-22,6.960008483999592,585
campus,2024-12-23,,0
ring,2024-12-23,3.3606435413008375,51
campus,2024-12-24,21.12766443864144,21
ring,2024-12-24,9.985566088762896,378
campus,2024-12-25,21.88098716256767,22
ring,2024-12-25,4.099167381372075,1339
campus,2024-12-26,12.352485590121328,24
ring,2024-12-26,3.438639384713585,1215
campus,2024-12-27,16.3753265673974,24
ring,2024-12-27,2.992081987320741,1519
campus,2024-12-28,6.795454928909775,6
ring,2024-12-28,4.385373490418999,822
campus,2024-12-29,24.264429060383353,21
ring,2024-12-29,4.754206490506529,1536
campus,2024-12-30,20.094752098428476,21
ring,2024-12-30,3.574110320572698,1560
campus,2025-01-01,17.02579117712042,23
ring,2025-01-01,3.095362832254963,1551
campus,2025-01-02,19.739948421516672,23
ring,2025-01-02,3.3155444272681245,1541
campus,2025-01-03,23.615727183918427,20
ring,2025-01-03,4.245652179231675,1554
campus,2025-01-04,12.79538958556512,24
ring,2025-01-04,3.7204577906181875,1565
campus,2025-01-05,15.057549083793864,24
ring,2025-01-05,2.8463662089798767,1587
campus,2025-01-06,12.419053861463773,24
ring,2025-01-06,2.6710110659340196,1594
campus,2025-01-07,15.210668174238766,24
ring,2025-01-07,2.985555528510685,1587
campus,2025-01-08,23.246109396134834,21
ring,2025-01-08,4.461433709571822,1109
campus,2025-01-09,24.809154304822414,19
ring,2025-01-09,7.398916965043761,559
campus,2025-01-10,10.882439072560693,18
ring,2025-01-10,4.100860198204234,822
campus,2025-01-11,36.0509074901823,18
ring,2025-01-11,8.116126507636782,681
campus,2025-01-12,19.40070790422945,22
ring,2025-01-12,4.167181758943968,1072
campus,2025-01-13,44.22319168575029,11
ring,2025-01-13,4.240639960782988,1008
campus,2025-01-14,23.233339797474052,17
ring,2025-01-14,4.0645007218412115,1096
campus,2025-01-15,19.793676722658812,21
ring,2025-01-15,3.632092005281595,1261
campus,2025-01-16,11.05299945306456,22
ring,2025-01-16,2.7770598954826284,1442
campus,2025-01-17,16.094439110067004,21
ring,2025-01-17,2.808046128674469,1470
campus,2025-01-18,17.657933473753356,21
ring,2025-01-18,2.921238196573273,1420
campus,2025-01-19,15.914344962512974,21
ring,2025-01-19,5.106709767457172,868
campus,2025-01-20,,0
ring,2025-01-20,,0
campus,2025-01-21,12.472627285488354,23
ring,2025-01-21,3.0096309245658643,1493
campus,2025-01-22,13.130550260043485,23
ring,2025-01-22,3.0410852723087793,1334
campus,2025-01-23,12.887549707051871,23
ring,2025-01-23,3.5144675858563765,1318
campus,2025-01-24,,0
ring,2025-01-24,,0
campus,2025-01-25,37.15618878420662,24
ring,2025-01-25,9.679798891408966,1591
campus,2025-01-26,57.054873191536245,4
ring,2025-01-26,13.171462088504931,55
campus,2025-01-27,52.676105295428805,3
ring,2025-01-27,43.63780031204224,5
campus,2025-01-28,,0
ring,2025-01-28,,0
campus,2025-01-29,,0
ring,2025-01-29,,0
campus,2025-01-30,,0
ring,2025-01-30,,0
campus,2025-01-31,,0
ring,2025-01-31,,0
campus,2025-02-01,,0
ring,2025-02-01,5.661530172001535,21
campus,2025-02-02,,0
ring,2025-02-02,9.34122319235145,66
campus,2025-02-03,20.51233673095703,1
ring,2025-02-03,6.54546873010845,92
campus,2025-02-04,12.329889297485352,1
ring,2025-02-04,3.3328957938046355,128
campus,2025-02-05,,0
ring,2025-02-05,4.124040030431893,268
campus,2025-02-06,46.92078358913774,7
ring,2025-02-06,8.744555752728633,426
campus,2025-02-07,33.637827629190674,23
ring,2025-02-07,7.145934889817545,886
campus,2025-02-08,42.74573276790709,23
ring,2025-02-08,7.606543750669658,855
campus,2025-02-09,31.21888975888252,22
ring,2025-02-09,9.448061881980456,687
campus,2025-02-10,29.443756218349286,23
ring,2025-02-10,6.5046218573178605,947
campus,2025-02-11,32.81995455257709,22
ring,2025-02-11,5.563179318664019,1202
campus,2025-02-12,36.700587282061974,23
ring,2025-02-12,5.653052761611761,1188
campus,2025-02-13,31.44650788235098,23
ring,2025-02-13,3.652663040808417,1373
campus,2025-02-14,32.99013786807024,21
ring,2025-02-14,3.794778146614909,1486
campus,2025-02-15,37.093613472223595,22
ring,2025-02-15,4.391291005948335,1442
campus,2025-02-16,21.725323235818262,22
ring,2025-02-16,3.445545001149551,1393
campus,2025-02-17,20.736321489841288,22
ring,2025-02-17,3.118770667116285,1289
campus,2025-02-18,18.39989782133129,19
ring,2025-02-18,3.037872065204956,1355
campus,2025-02-19,24.10982479427547,23
ring,2025-02-19,3.215618561108927,1461
campus,2025-02-20,25.19471434859668,24
ring,2025-02-20,4.546494614472115,1593
campus,2025-02-21,17.32611448770454,23
ring,2025-02-21,5.215760434141853,1580
campus,2025-02-22,18.7132280293342,23
ring,2025-02-22,3.368636857825891,1588
campus,2025-02-23,17.609089419625537,23
ring,2025-02-23,3.2135778335042913,1479
campus,2025-02-24,13.159994269262425,20
ring,2025-02-24,3.441347404736312,1358
campus,2025-02-25,16.13594237783376,24
ring,2025-02-25,4.489618664654868,1596
campus,2025-02-26,17.376559250864958,23
ring,2025-02-26,4.733869613023195,1568
campus,2025-02-27,15.744125455953558,23
ring,2025-02-27,3.7348556411851885,1452
campus,2025-02-28,16.717586010694504,24
ring,2025-02-28,3.1181525282197735,1490
campus,2025-03-01,,0
ring,2025-03-01,,0
campus,2025-03-02,,0
ring,2025-03-02,,0
campus,2025-03-03,2.115244061105392,24
ring,2025-03-03,1.4247256615097008,1221
campus,2025-03-04,3.1784718924603506,2
ring,2025-03-04,2.7021057862938935,1152
campus,2025-03-05,15.597917210845388,24
ring,2025-03-05,2.714939623864608,1586
campus,2025-03-06,,0
ring,2025-03-06,,0
campus,2025-03-07,16.118973088341736,21
ring,2025-03-07,2.765597782781809,1511
campus,2025-03-08,15.710590060886952,19
ring,2025-03-08,3.4424698341697146,1481
campus,2025-03-09,15.023685807707826,21
ring,2025-03-09,3.094650124736536,1507
campus,2025-03-10,13.111599506770867,24
ring,2025-03-10,2.870799664243554,1372
campus,2025-03-11,12.780693909841427,24
ring,2025-03-11,2.605003357490248,1537
campus,2025-03-12,12.35800143643749,21
ring,2025-03-12,2.4735173134928394,1445
campus,2025-03-13,,0
ring,2025-03-13,,0
campus,2025-03-14,8.011638048943391,4
ring,2025-03-14,3.610245756444009,703
campus,2025-03-15,15.412684347113741,22
ring,2025-03-15,2.2459934884656505,1494
campus,2025-03-16,13.376369232043217,22
ring,2025-03-16,2.37948871177053,1494
campus,2025-03-17,14.997233576177418,23
ring,2025-03-17,2.48233036682231,1519
campus,2025-03-18,20.511498009529145,18
ring,2025-03-18,2.7590593076482217,1489
campus,2025-03-19,19.41602104126335,17
ring,2025-03-19,3.1481286059112223,1458
campus,2025-03-20,16.474662602081644,21
ring,2025-03-20,2.881027643595388,1498
campus,2025-03-21,14.03346052509387,21
ring,2025-03-21,2.568770404824577,1458
campus,2025-03-22,14.561708037011762,24
ring,2025-03-22,2.8073357601932596,1564
campus,2025-03-23,18.812160287113752,24
ring,2025-03-23,3.325683080257681,1595
campus,2025-03-24,26.638625052676485,24
ring,2025-03-24,4.336477087967222,1596
campus,2025-03-25,,0
ring,2025-03-25,,0
campus,2025-03-26,,0
ring,2025-03-26,,0
campus,2025-03-27,,0
ring,2025-03-27,1.4300955935381425,396
campus,2025-03-28,17.06199437604231,24
ring,2025-03-28,2.8210273587392636,1574
campus,2025-03-29,22.83974066271502,24
ring,2025-03-29,3.7690386472062145,1583
campus,2025-03-30,29.044722370470275,24
ring,2025-03-30,4.079969638879273,1582
campus,2025-03-31,16.885988539878063,24
ring,2025-03-31,3.0885838229669598,1581
campus,2025-04-01,16.107368423518018,24
ring,2025-04-01,2.6237498043300738,1596
campus,2025-04-02,10.801516237902408,19
ring,2025-04-02,2.418763938183496,837
campus,2025-04-03,16.527949624622572,24
ring,2025-04-03,3.23762066479297,1465
campus,2025-04-04,19.955247117912073,24
ring,2025-04-04,3.860368790883625,1300
campus,2025-04-05,17.60837411768296,24
ring,2025-04-05,3.7083651338648007,1467
campus,2025-04-06,,0
ring,2025-04-06,,0
campus,2025-04-07,12.120618483608382,22
ring,2025-04-07,2.473965635486868,1084
campus,2025-04-08,12.116002838083562,20
ring,2025-04-08,3.818338992635099,765
campus,2025-04-09,16.77754990342313,22
ring,2025-04-09,2.398886609541395,1501
campus,2025-04-10,20.456965321007846,23
ring,2025-04-10,2.968877682311426,1474
campus,2025-04-11,,0
ring,2025-04-11,,0
campus,2025-04-12,,0
ring,2025-04-12,10.621864289781858,165
campus,2025-04-13,11.348233326192544,20
ring,2025-04-13,1.674561784141308,1498
campus,2025-04-14,12.539765609853408,24
ring,2025-04-14,2.565960271706248,1521
campus,2025-04-15,14.908418337737814,24
ring,2025-04-15,3.579737951645634,1146
campus,2025-04-16,13.381808212837717,19
ring,2025-04-16,2.5865881151916073,1544
campus,2025-04-17,,0
ring,2025-04-17,,0
campus,2025-04-18,10.087593058964304,21
ring,2025-04-18,1.7095577092211205,1517
campus,2025-04-19,,0
ring,2025-04-19,1.8113468255221497,73
campus,2025-04-20,,0
ring,2025-04-20,,0
campus,2025-04-21,18.936695552969656,21
ring,2025-04-21,2.612804006268176,1518
campus,2025-04-22,14.073747734044748,25
ring,2025-04-22,2.291992780521264,1592
campus,2025-04-23,12.604277150717145,25
ring,2025-04-23,2.310900909092917,1593
campus,2025-04-24,,0
ring,2025-04-24,1.1306202376298344,260
campus,2025-04-25,26.351755142211914,1
ring,2025-04-25,3.1219556835887294,687
campus,2025-04-26,21.96329233309802,24
ring,2025-04-26,3.251128616428786,1596
campus,2025-04-27,15.130049896731098,24
ring,2025-04-27,2.428436814873906,1596
campus,2025-04-28,13.845659449059893,25
ring,2025-04-28,2.479695760659893,1535
campus,2025-04-29,14.472795835636894,25
ring,2025-04-29,2.23349011442132,1333
campus,2025-04-30,17.777890047814765,25
ring,2025-04-30,3.495845933688096,1600
campus,2025-05-01,,0
ring,2025-05-01,,0
campus,2025-05-02,15.347409072476497,25
ring,2025-05-02,2.780507565119599,1596
campus,2025-05-03,15.84063204915502,22
ring,2025-05-03,1.9174577520697365,567
campus,2025-05-04,,0
ring,2025-05-04,,0
campus,2025-05-05,14.197675793918211,21
ring,2025-05-05,2.310754080294449,1530
campus,2025-05-06,16.288320055497167,22
ring,2025-05-06,3.36793266900905,1086
campus,2025-05-07,15.965976835356992,22
ring,2025-05-07,2.770267830870485,1516
campus,2025-05-08,,0
ring,2025-05-08,,0
campus,2025-05-09,10.765863924240614,22
ring,2025-05-09,2.371951021182224,1463
campus,2025-05-10,,0
ring,2025-05-10,1.8182592880122066,187
campus,2025-05-11,,0
ring,2025-05-11,,0
campus,2025-05-12,23.153571559789153,20
ring,2025-05-12,2.590513735097883,1509
campus,2025-05-13,,0
ring,2025-05-13,1.2302931062286697,161
campus,2025-05-14,16.944167806482977,24
ring,2025-05-14,2.1835992558108837,1519
campus,2025-05-15,,0
ring,2025-05-15,17.314175605773926,2
campus,2025-05-16,23.57058133361071,23
ring,2025-05-16,3.2606736027223766,1033
campus,2025-05-17,24.092189374551864,22
ring,2025-05-17,3.129692020475836,1361
campus,2025-05-18,,0
ring,2025-05-18,,0
campus,2025-05-19,13.560481710845847,22
ring,2025-05-19,2.716215454646494,1464
campus,2025-05-20,14.39650253427538,25
ring,2025-05-20,2.942649532975237,1401
campus,2025-05-21,,0
ring,2025-05-21,,0
campus,2025-05-22,,0
ring,2025-05-22,,0
campus,2025-05-23,,0
ring,2025-05-23,2.9917257808739612,89
campus,2025-05-24,14.449797247786076,25
ring,2025-05-24,2.567384412715365,1600
campus,2025-05-25,13.77860490735125,25
ring,2025-05-25,2.8966000040288926,1595
campus,2025-05-26,15.969101960743794,25
ring,2025-05-26,3.4516574815289407,1600
campus,2025-05-27,25.332099132397598,24
ring,2025-05-27,4.9504043982383035,1596
campus,2025-05-28,,0
ring,2025-05-28,,0
campus,2025-05-29,,0
ring,2025-05-29,,0
campus,2025-05-30,,0
ring,2025-05-30,,0
campus,2025-05-31,,0
ring,2025-05-31,,0
campus,2025-06-01,20.200849475854955,23
ring,2025-06-01,3.5759962471071245,1598
campus,2025-06-02,,0
ring,2025-06-02,6.809768664288998,449
campus,2025-06-03,20.906918892097867,23
ring,2025-06-03,3.2611377855705572,1598
campus,2025-06-04,20.810354167175404,23
ring,2025-06-04,3.0219186991455103,981
campus,2025-06-05,19.20663975943414,23
ring,2025-06-05,3.11719192279782,1325
campus,2025-06-06,16.335519616730544,22
ring,2025-06-06,3.7135682212224013,1145
campus,2025-06-07,7.412153720855713,1
ring,2025-06-07,5.634381602721818,464
campus,2025-06-08,,0
ring,2025-06-08,,0
campus,2025-06-09,17.759362428872837,22
ring,2025-06-09,2.9013221865832453,1552
campus,2025-06-10,23.96951534311809,20
ring,2025-06-10,2.835167250947917,1558
campus,2025-06-11,16.256511849155693,16
ring,2025-06-11,4.818949227980992,331
campus,2025-06-12,,0
ring,2025-06-12,,0
campus,2025-06-13,,0
ring,2025-06-13,,0
campus,2025-06-14,13.063213099774293,20
ring,2025-06-14,2.15934168883524,1309
campus,2025-06-15,,0
ring,2025-06-15,,0
campus,2025-06-16,21.98752678940058,20
ring,2025-06-16,3.150149815474281,1548
campus,2025-06-17,9.98328971862793,1
ring,2025-06-17,4.689716196805622,388
campus,2025-06-18,,0
ring,2025-06-18,,0
campus,2025-06-19,25.544677367949244,19
ring,2025-06-19,3.4963718551449805,850
campus,2025-06-20,22.082414967075216,20
ring,2025-06-20,2.6309119192928443,1535
campus,2025-06-21,24.277757373459444,22
ring,2025-06-21,2.9969533366539376,1538
campus,2025-06-22,27.70442096756437,23
ring,2025-06-22,3.7133304375689398,1598
campus,2025-06-23,,0
ring,2025-06-23,,0
campus,2025-06-24,,0
ring,2025-06-24,,0
campus,2025-06-25,,0
ring,2025-06-25,,0
campus,2025-06-26,,0
ring,2025-06-26,,0
campus,2025-06-27,8.745113772670114,4
ring,2025-06-27,3.0829634579055814,860
campus,2025-06-28,,0
ring,2025-06-28,,0
campus,2025-06-29,,0
ring,2025-06-29,,0
campus,2025-06-30,13.234189553567028,17
ring,2025-06-30,2.0818905393106895,747
campus,2025-07-01,,0
ring,2025-07-01,,0
campus,2025-07-02,,0
ring,2025-07-02,1.5492840770432055,129
campus,2025-07-03,,0
ring,2025-07-03,,0
campus,2025-07-04,,0
ring,2025-07-04,,0
campus,2025-07-05,,0
ring,2025-07-05,,0
campus,2025-07-06,,0
ring,2025-07-06,,0
campus,2025-07-07,,0
ring,2025-07-07,,0
campus,2025-07-08,,0
ring,2025-07-08,11.246744950612387,6
campus,2025-07-09,,0
ring,2025-07-09,,0
campus,2025-07-10,12.045387942077937,25
ring,2025-07-10,2.3751003821648666,1513
campus,2025-07-11,15.074190697386474,25
ring,2025-07-11,2.934820444972874,1237
campus,2025-07-12,14.927339392588689,23
ring,2025-07-12,2.3436853590464093,1545
campus,2025-07-13,,0
ring,2025-07-13,,0
campus,2025-07-14,,0
ring,2025-07-14,,0
campus,2025-07-15,19.947024910279737,25
ring,2025-07-15,2.522316463323463,1517
campus,2025-07-16,16.55280151634601,23
ring,2025-07-16,2.328675602054835,1489
campus,2025-07-17,,0
ring,2025-07-17,,0
campus,2025-07-18,,0
ring,2025-07-18,,0
campus,2025-07-19,,0
ring,2025-07-19,,0
campus,2025-07-20,26.524145060770476,18
ring,2025-07-20,3.03363511521454,1493
campus,2025-07-21,17.581835612285957,21
ring,2025-07-21,2.5158417066238816,1531
campus,2025-07-22,22.654005186287797,25
ring,2025-07-22,2.3480933822165517,1090
campus,2025-07-23,,0
ring,2025-07-23,,0
campus,2025-07-24,,0
ring,2025-07-24,,0
campus,2025-07-25,,0
ring,2025-07-25,,0
campus,2025-07-26,,0
ring,2025-07-26,1.517649815496067,451
campus,2025-07-27,16.989121839257187,25
ring,2025-07-27,1.9912058852250392,1600
campus,2025-07-28,,0
ring,2025-07-28,,0
campus,2025-07-29,22.200930985045282,25
ring,2025-07-29,2.591384876820378,1598
campus,2025-07-30,,0
ring,2025-07-30,,0
campus,2025-07-31,20.874219056061925,25
ring,2025-07-31,2.436890249841188,1600
campus,2025-08-01,,0
ring,2025-08-01,,0
campus,2025-08-02,12.948177119173288,25
ring,2025-08-02,1.9949643244404416,1600
campus,2025-08-03,,0
ring,2025-08-03,,0
campus,2025-08-04,,0
ring,2025-08-04,,0
campus,2025-08-05,16.65158529166019,12
ring,2025-08-05,2.6760735058931124,1426
campus,2025-08-06,,0
ring,2025-08-06,,0
campus,2025-08-07,,0
ring,2025-08-07,,0
campus,2025-08-08,,0
ring,2025-08-08,1.3665838590335673,460
campus,2025-08-09,14.310927809559848,19
ring,2025-08-09,1.4228332174953118,1516
campus,2025-08-10,17.95976052002956,21
ring,2025-08-10,1.9520058498029913,1553
campus,2025-08-11,15.696185946072754,25
ring,2025-08-11,1.8901570850229434,1540
campus,2025-08-12,16.464783718679257,13
ring,2025-08-12,1.870112309719969,1003
campus,2025-08-13,10.997406181167156,3
ring,2025-08-13,1.9837469514365842,1133
campus,2025-08-14,,0
ring,2025-08-14,3.2967583187381493,304
campus,2025-08-15,20.36078682669121,22
ring,2025-08-15,3.2204005878311275,1298
campus,2025-08-16,15.588574104543415,23
ring,2025-08-16,2.393940616354326,1537
campus,2025-08-17,,0
ring,2025-08-17,1.184555042345645,4
campus,2025-08-18,,0
ring,2025-08-18,,0
campus,2025-08-19,18.351577053073736,20
ring,2025-08-19,2.1580553111363328,1529
campus,2025-08-20,,0
ring,2025-08-20,,0
campus,2025-08-21,26.85061324536712,25
ring,2025-08-21,3.242266572026661,1600
campus,2025-08-22,,0
ring,2025-08-22,,0
campus,2025-08-23,14.893536360193703,24
ring,2025-08-23,2.74410150037308,1129
campus,2025-08-24,19.739332519208684,24
ring,2025-08-24,2.5247955987730353,1115
campus,2025-08-25,,0
ring,2025-08-25,,0
campus,2025-08-26,,0
ring,2025-08-26,,0
campus,2025-08-27,,0
ring,2025-08-27,,0
campus,2025-08-28,,0
ring,2025-08-28,,0
campus,2025-08-29,17.449804388989413,23
ring,2025-08-29,2.885235463110736,1596
campus,2025-08-30,20.225535219627268,24
ring,2025-08-30,3.38659919877613,1596
campus,2025-08-31,24.673865906490995,24
ring,2025-08-31,4.370137278166653,1590
campus,2025-09-01,,0
ring,2025-09-01,5.009734347327632,1080
campus,2025-09-02,15.049640042220847,24
ring,2025-09-02,2.242820359494424,1596
campus,2025-09-03,14.249982495901962,10
ring,2025-09-03,1.9370455162461433,808
campus,2025-09-04,,0
ring,2025-09-04,,0
campus,2025-09-05,20.03968286476378,23
ring,2025-09-05,2.1471951927492383,1493
campus,2025-09-06,22.20661067760416,17
ring,2025-09-06,2.225336519055149,1516
campus,2025-09-07,,0
ring,2025-09-07,,0
campus,2025-09-08,21.8210281642391,22
ring,2025-09-08,1.9020393311691197,1505
campus,2025-09-09,21.47477978977169,20
ring,2025-09-09,1.5170421480075897,1475
campus,2025-09-10,,0
ring,2025-09-10,2.6103551166642145,712
campus,2025-09-11,16.841183146553085,13
ring,2025-09-11,4.634556668251148,77
campus,2025-09-12,,0
ring,2025-09-12,,0
campus,2025-09-13,20.27926951531029,22
ring,2025-09-13,2.0456099496775306,1528
campus,2025-09-14,23.548386424069182,23
ring,2025-09-14,2.2577590935979375,1518
campus,2025-09-15,21.8131101354317,23
ring,2025-09-15,2.5204411819547077,1516
campus,2025-09-16,,0
ring,2025-09-16,,0
campus,2025-09-17,17.655088166480176,18
ring,2025-09-17,2.6239092405538744,1484
campus,2025-09-18,16.778280689996834,24
ring,2025-09-18,2.467938382122922,1571
campus,2025-09-19,16.642245625047128,24
ring,2025-09-19,2.225663652748519,1585
campus,2025-09-20,11.592504044180933,5
ring,2025-09-20,2.0522464363422426,858
campus,2025-09-21,,0
ring,2025-09-21,,0
campus,2025-09-22,,0
ring,2025-09-22,,0
campus,2025-09-23,13.80379651742823,24
ring,2025-09-23,2.5353931749242773,1596
campus,2025-09-24,,0
ring,2025-09-24,1.4235349782552078,25
campus,2025-09-25,,0
ring,2025-09-25,,0
campus,2025-09-26,12.490925700926798,18
ring,2025-09-26,3.3588497546491074,1236
campus,2025-09-27,25.14707584184759,24
ring,2025-09-27,4.6172670303939825,1596
campus,2025-09-28,29.531745489204635,24
ring,2025-09-28,5.583633260307066,1222
campus,2025-09-29,,0
ring,2025-09-29,2.653195415958782,745
campus,2025-09-30,19.962280191533708,24
ring,2025-09-30,2.1865122402239106,1596
campus,2025-10-01,15.968345955540155,24
ring,2025-10-01,2.4310426201161923,1596
campus,2025-10-02,22.18373525857926,24
ring,2025-10-02,3.658703666315695,1596
campus,2025-10-03,23.552185307250305,24
ring,2025-10-03,3.538006183771618,1477
campus,2025-10-04,8.17905083656311,3
ring,2025-10-04,3.2496980964320765,233
campus,2025-10-05,,0
ring,2025-10-05,,0
campus,2025-10-06,,0
ring,2025-10-06,,0
campus,2025-10-07,,0
ring,2025-10-07,,0
campus,2025-10-08,,0
ring,2025-10-08,,0
campus,2025-10-09,,0
ring,2025-10-09,,0
campus,2025-10-10,,0
ring,2025-10-10,,0
campus,2025-10-11,,0
ring,2025-10-11,,0
campus,2025-10-12,24.225903112658553,23
ring,2025-10-12,2.7162977498778114,1554
campus,2025-10-13,22.20176438012928,21
ring,2025-10-13,4.393295782894864,1247
campus,2025-10-14,,0
ring,2025-10-14,,0
campus,2025-10-15,6.9840666419122295,3
ring,2025-10-15,1.6136562023339807,402
campus,2025-10-16,,0
ring,2025-10-16,,0
campus,2025-10-17,16.89850652666653,24
ring,2025-10-17,2.7326279438866856,1596
campus,2025-10-18,,0
ring,2025-10-18,2.1723924108878374,545
campus,2025-10-19,6.017901449787374,2
ring,2025-10-19,3.8705375433415177,1054
campus,2025-10-20,,0
ring,2025-10-20,,0
campus,2025-10-21,,0
ring,2025-10-21,,0
campus,2025-10-22,,0
ring,2025-10-22,1.4006734490394592,2
campus,2025-10-23,15.636110983596131,24
ring,2025-10-23,3.4843012489652505,1596
campus,2025-10-24,17.460382381467262,24
ring,2025-10-24,3.396666285571059,1596
campus,2025-10-25,23.495340507240858,24
ring,2025-10-25,2.703796161316218,1594
campus,2025-10-26,14.771292613604492,24
ring,2025-10-26,2.4035146000495007,1594
campus,2025-10-27,17.169815799558865,24
ring,2025-10-27,2.5125675497707225,1596
campus,2025-10-28,15.964823996740229,24
ring,2025-10-28,3.308038259761469,1591
campus,2025-10-29,19.185836853840776,24
ring,2025-10-29,4.098695827996235,1596
campus,2025-10-30,20.80380641418586,23
ring,2025-10-30,3.2765406298169495,1414
campus,2025-10-31,21.458900783903463,24
ring,2025-10-31,2.2113539918326093,1592
campus,2025-11-01,22.978749234653215,18
ring,2025-11-01,2.9538587490745476,1540
campus,2025-11-02,20.62616049957783,19
ring,2025-11-02,2.45104838402507,1545
campus,2025-11-03,25.10416933045524,21
ring,2025-11-03,2.9610205641429967,1494
campus,2025-11-04,,0
ring,2025-11-04,6.498421035195314,324
campus,2025-11-05,,0
ring,2025-11-05,,0
campus,2025-11-06,,0
ring,2025-11-06,,0
campus,2025-11-07,17.5233546350275,15
ring,2025-11-07,1.1962500040241608,1476
campus,2025-11-08,21.238108450010653,23
ring,2025-11-08,2.600718086665633,1502
campus,2025-11-09,25.40945694722923,20
ring,2025-11-09,3.501406997630237,1341
campus,2025-11-10,20.592980235527303,21
ring,2025-11-10,3.000602946834201,1379
campus,2025-11-11,,0
ring,2025-11-11,,0
campus,2025-11-12,,0
ring,2025-11-12,,0
campus,2025-11-13,22.87835348262696,23
ring,2025-11-13,2.732552149704736,1520
campus,2025-11-14,19.926560298975776,24
ring,2025-11-14,4.310280418775587,1501
campus,2025-11-15,22.621832533303433,24
ring,2025-11-15,3.2138595041465567,1596
campus,2025-11-16,16.52218709574026,24
ring,2025-11-16,2.6452448302434073,1590
campus,2025-11-17,,0
ring,2025-11-17,1.8330814385340546,49
campus,2025-11-18,18.15572005250875,24
ring,2025-11-18,3.2015729132660002,1596
campus,2025-11-19,18.445606689032385,24
ring,2025-11-19,3.988354981037852,1578
campus,2025-11-20,20.639079200660486,24
ring,2025-11-20,3.4415735406565604,1596
campus,2025-11-21,,0
ring,2025-11-21,,0
campus,2025-11-22,15.284419012490442,24
ring,2025-11-22,7.609202880419107,1580
campus,2025-11-23,,0
ring,2025-11-23,,0
campus,2025-11-24,23.04060001772993,24
ring,2025-11-24,3.5104228486753044,1596
campus,2025-11-25,22.453273331137268,24
ring,2025-11-25,4.463130481379885,1561
campus,2025-11-26,16.814354380789926,24
ring,2025-11-26,3.1176776151388075,1583
campus,2025-11-27,16.873364955677708,24
ring,2025-11-27,2.6514889544845417,1568
campus,2025-11-28,19.28395034621744,24
ring,2025-11-28,3.135321714640737,1574
campus,2025-11-29,18.490553451706383,24
ring,2025-11-29,3.432865818727014,1596
campus,2025-11-30,36.71586384128123,24
ring,2025-11-30,3.791740850943471,1475
campus,2025-12-01,20.74491332950659,22
ring,2025-12-01,2.943730709233784,1523
campus,2025-12-02,14.286746305016909,24
ring,2025-12-02,2.5837239458467884,1513
campus,2025-12-03,18.07523650821045,22
ring,2025-12-03,2.57547095499569,1507
campus,2025-12-04,20.053094027584187,12
ring,2025-12-04,2.081733143742172,710
campus,2025-12-05,24.723961228170868,23
ring,2025-12-05,3.036087209454771,1488
campus,2025-12-06,20.830826056007467,22
ring,2025-12-06,3.03843429043257,1512
campus,2025-12-07,20.543885583512917,21
ring,2025-12-07,2.6185391560352373,1248
campus,2025-12-08,16.97984116804053,23
ring,2025-12-08,6.255192083513548,1517
campus,2025-12-09,13.14862283856237,22
ring,2025-12-09,2.5955624964464854,1523
campus,2025-12-10,17.588985610575904,22
ring,2025-12-10,3.4183817117767163,1439
campus,2025-12-11,,0
ring,2025-12-11,2.3010183518583123,11
campus,2025-12-12,,0
ring,2025-12-12,103.41288884480794,6
campus,2025-12-13,,0
ring,2025-12-13,2.3766136263309035,40
campus,2025-12-14,,0
ring,2025-12-14,,0
campus,2025-12-15,,0
ring,2025-12-15,3.036451275262718,6
campus,2025-12-16,,0
ring,2025-12-16,0.9725837707519531,1
campus,2025-12-17,,0
ring,2025-12-17,,0
campus,2025-12-18,,0
ring,2025-12-18,,0
campus,2025-12-19,,0
ring,2025-12-19,,0
campus,2025-12-20,,0
ring,2025-12-20,1.0895030058077382,115
campus,2025-12-21,,0
ring,2025-12-21,1.4486515368080592,93
campus,2025-12-22,,0
ring,2025-12-22,1.2626325975414192,60
campus,2025-12-23,,0
ring,2025-12-23,1.1806321922477108,125
campus,2025-12-24,,0
ring,2025-12-24,2.4736008692292195,189
campus,2025-12-25,,0
ring,2025-12-25,2.2214364148593657,244
campus,2025-12-26,,0
ring,2025-12-26,2.6452624901981414,207
campus,2025-12-27,,0
ring,2025-12-27,1.8282946521140648,217
campus,2025-12-28,,0
ring,2025-12-28,1.575503564858157,218
campus,2025-12-29,,0
ring,2025-12-29,3.0922058808479704,335
campus,2025-12-30,48.21949414089993,2
ring,2025-12-30,7.950390965284316,187
campus,2026-01-01,30.475953412494015,5
ring,2026-01-01,5.091226332230585,205
campus,2026-01-02,25.528319345070763,6
ring,2026-01-02,8.486012655894642,150
campus,2026-01-03,25.724562155363152,8
ring,2026-01-03,4.781570454261988,90
campus,2026-01-04,28.051791689981798,5
ring,2026-01-04,5.770683224291547,210
campus,2026-01-05,,0
ring,2026-01-05,3.940038921796057,278
campus,2026-01-06,17.17147856710316,5
ring,2026-01-06,5.2437468843118005,377
campus,2026-01-07,34.534288597664094,8
ring,2026-01-07,6.15949992830078,408
campus,2026-01-08,,0
ring,2026-01-08,5.671905425378173,147
campus,2026-01-09,29.297711509285886,14
ring,2026-01-09,5.615221339961782,928
campus,2026-01-10,19.6216672458271,22
ring,2026-01-10,7.600889744177674,568
campus,2026-01-11,20.77703592614809,20
ring,2026-01-11,4.318706659461372,1151
campus,2026-01-12,16.481994459850153,20
ring,2026-01-12,4.582742413759428,1180
campus,2026-01-13,,0
ring,2026-01-13,,0
campus,2026-01-14,18.01495263737791,24
ring,2026-01-14,3.0849738182987476,1519
campus,2026-01-15,17.402405574532118,24
ring,2026-01-15,3.109714482576369,1553
campus,2026-01-16,,0
ring,2026-01-16,,0
campus,2026-01-17,,0
ring,2026-01-17,2.4969431801021087,149
campus,2026-01-18,19.49058126505787,23
ring,2026-01-18,3.407990306403847,1521
campus,2026-01-19,14.8103703728652,23
ring,2026-01-19,3.028601111335971,1548
campus,2026-01-20,16.826213201284414,24
ring,2026-01-20,3.139405139283154,1540
campus,2026-01-21,15.831567826130811,24
ring,2026-01-21,3.125067664130868,1532
campus,2026-01-22,21.37110636521788,24
ring,2026-01-22,4.6968013689950965,1588
campus,2026-01-23,24.2945265288914,24
ring,2026-01-23,4.4044905612045895,1579
campus,2026-01-24,17.028773125830817,24
ring,2026-01-24,3.3181300236632754,1577
campus,2026-01-25,16.840197528670817,24
ring,2026-01-25,5.037113593544467,1536
campus,2026-01-26,15.112815828463612,24
ring,2026-01-26,3.3377351054500584,1580
campus,2026-01-27,14.382758714281398,23
ring,2026-01-27,5.156420991457128,990
campus,2026-01-28,,0
ring,2026-01-28,1.4624283671309268,89
campus,2026-01-29,,0
ring,2026-01-29,,0
campus,2026-01-30,21.868887803025615,23
ring,2026-01-30,6.443782653288836,960
campus,2026-01-31,18.028441722783256,21
ring,2026-01-31,4.4275646927518455,1198
campus,2026-02-01,18.439534530470908,23
ring,2026-02-01,4.1992332350107615,1214
campus,2026-02-02,17.773869509085344,23
ring,2026-02-02,3.5930059079656385,1382
campus,2026-02-03,15.649758163070551,21
ring,2026-02-03,2.6462636468805543,1511
campus,2026-02-04,15.00458808799288,20
ring,2026-02-04,2.3667147116692755,1486
campus,2026-02-05,11.076884872908174,21
ring,2026-02-05,6.436734901556008,357
campus,2026-02-06,18.681228638472934,19
ring,2026-02-06,2.995883952936591,1490
campus,2026-02-07,23.867549962572674,23
ring,2026-02-07,3.561751662211755,1325
campus,2026-02-08,19.31232969538371,22
ring,2026-02-08,3.2704703300152613,1432
campus,2026-02-09,,0
ring,2026-02-09,,0
campus,2026-02-10,15.574176528033087,24
ring,2026-02-10,4.280984287906931,1492
campus,2026-02-11,15.256327325494889,11
ring,2026-02-11,2.7881159474987878,1215
campus,2026-02-12,18.848574245466907,24
ring,2026-02-12,3.828074981729992,1596
campus,2026-02-13,23.65402229014565,24
ring,2026-02-13,3.840707589006892,1595
campus,2026-02-14,,0
ring,2026-02-14,2.0118835992532484,12
campus,2026-02-15,13.21348962790826,24
ring,2026-02-15,4.158183461007202,1290
campus,2026-02-16,20.31009548443286,19
ring,2026-02-16,6.854633755537631,792
campus,2026-02-17,28.30056757365956,24
ring,2026-02-17,7.667734926462908,1590
campus,2026-02-18,27.024015963358035,24
ring,2026-02-18,8.181875377166978,1586
campus,2026-02-19,24.045715637066785,24
ring,2026-02-19,5.6432191320523755,1592
campus,2026-02-20,17.389502402193408,24
ring,2026-02-20,4.697661445994488,1561
campus,2026-02-21,15.221544385657593,24
ring,2026-02-21,4.974754652330967,1588
campus,2026-02-22,17.940752372881946,24
ring,2026-02-22,4.575680900572552,1515
campus,2026-02-23,19.821432497501377,24
ring,2026-02-23,6.2205699324377886,1590
campus,2026-02-24,21.00609622140778,22
ring,2026-02-24,6.5173641745693445,1035
campus,2026-02-25,17.812143924728854,23
ring,2026-02-25,3.9296990579738136,470
campus,2026-02-26,16.261362268270982,18
ring,2026-02-26,5.665484549934738,1386
campus,2026-02-27,,0
ring,2026-02-27,,0
campus,2026-02-28,,0
ring,2026-02-28,,0
campus,2026-03-01,12.62016625655622,22
ring,2026-03-01,7.107668723564075,403
campus,2026-03-02,15.734530870918523,16
ring,2026-03-02,2.345823520124125,1365
campus,2026-03-03,15.241939339124938,22
ring,2026-03-03,2.975017834727403,1128
campus,2026-03-04,16.89153768657597,21
ring,2026-03-04,2.3687060754358606,1347
campus,2026-03-05,21.335867885376143,20
ring,2026-03-05,2.701378416563471,1346
campus,2026-03-06,23.506208859907613,21
ring,2026-03-06,3.6100963277716804,1422
campus,2026-03-07,16.795931193321998,23
ring,2026-03-07,3.259516797408109,1464
campus,2026-03-08,19.070853210202444,16
ring,2026-03-08,2.974169907884928,1357
campus,2026-03-09,,0
ring,2026-03-09,,0
campus,2026-03-13,,0
ring,2026-03-13,,0
campus,2026-03-14,13.265602419797114,24
ring,2026-03-14,2.6018902574307345,1178
campus,2026-03-15,12.227050075951746,24
ring,2026-03-15,2.9280585008596693,1592
campus,2026-03-16,,0
ring,2026-03-16,,0
campus,2026-03-17,28.911599566936502,24
ring,2026-03-17,3.9349088229003484,1593
campus,2026-03-18,19.55152079974904,24
ring,2026-03-18,3.1326935665060285,1579
campus,2026-03-19,16.67493467336746,23
ring,2026-03-19,2.7787212739316494,1210
campus,2026-03-20,17.59836972250658,24
ring,2026-03-20,3.1900467837524245,1368
campus,2026-03-21,19.84466181755066,24
ring,2026-03-21,3.2014226874002563,1596
campus,2026-03-22,22.184888657359135,13
ring,2026-03-22,3.588558027216203,761
campus,2026-03-23,18.14854701182422,24
ring,2026-03-23,3.376777242046127,1596
campus,2026-03-24,16.876434314671688,24
ring,2026-03-24,2.998567899437844,1396
campus,2026-03-25,,0
ring,2026-03-25,0.8646486870762775,379
campus,2026-03-26,23.1804490739649,22
ring,2026-03-26,4.177348176263614,1451
campus,2026-03-27,16.127204840566836,21
ring,2026-03-27,5.175330815598088,691
campus,2026-03-28,12.60543206730693,22
ring,2026-03-28,2.622528934082679,1447
campus,2026-03-29,,0
ring,2026-03-29,1.7530693864658895,238
campus,2026-03-30,15.538996779022566,19
ring,2026-03-30,2.3227675039941067,1180
campus,2026-03-31,21.075141966284473,22
ring,2026-03-31,2.1236390597083887,1414
campus,2026-04-01,18.16633664445691,22
ring,2026-04-01,2.1453237829858653,1397
campus,2026-04-02,,0
ring,2026-04-02,4.45544176396811,494
campus,2026-04-03,20.35494427718664,22
ring,2026-04-03,2.3362621901228553,1481
campus,2026-04-04,,0
ring,2026-04-04,,0
campus,2026-04-05,17.049471733295814,20
ring,2026-04-05,2.4963182662025245,1466
campus,2026-04-06,16.486376554978236,20
ring,2026-04-06,2.863990991935969,1478
campus,2026-04-07,27.877347444800154,21
ring,2026-04-07,3.9141917369875427,1510
campus,2026-04-08,16.48410463248982,24
ring,2026-04-08,3.1652054105028005,1284
campus,2026-04-09,20.159752946065638,20
ring,2026-04-09,2.4291691032162834,1504
campus,2026-04-10,17.432171953364502,21
ring,2026-04-10,2.6790060986565627,927
campus,2026-04-11,,0
ring,2026-04-11,,0
campus,2026-04-12,,0
ring,2026-04-12,,0
campus,2026-04-13,,0
ring,2026-04-13,1.3058314948159957,11
campus,2026-04-14,20.77484212679022,24
ring,2026-04-14,2.7384116425204255,1476
campus,2026-04-15,,0
ring,2026-04-15,,0
campus,2026-04-16,18.704868061823007,24
ring,2026-04-16,2.8428919079333235,1596
campus,2026-04-17,23.202671140011617,24
ring,2026-04-17,3.864566303650516,1596
campus,2026-04-18,,0
ring,2026-04-18,,0
campus,2026-04-19,14.07653076384436,25
ring,2026-04-19,3.203520906245029,1593
campus,2026-04-20,,0
ring,2026-04-20,1.254633397429724,283
campus,2026-04-21,,0
ring,2026-04-21,2.0351462631190955,23
campus,2026-04-22,20.30489641052237,25
ring,2026-04-22,3.5411066980907453,1598
campus,2026-04-23,20.863901897535722,24
ring,2026-04-23,4.92349963566221,1078
campus,2026-04-24,14.821296936724124,25
ring,2026-04-24,3.7241204614539365,1521
campus,2026-04-25,,0
ring,2026-04-25,,0
campus,2026-04-26,,0
ring,2026-04-26,1.9712469238186126,921
campus,2026-04-27,18.2153955431271,23
ring,2026-04-27,2.6577953387372384,1512
campus,2026-05-01,,0
ring,2026-05-01,,0
campus,2026-05-02,,0
ring,2026-05-02,,0
campus,2026-05-03,17.255045056432376,21
ring,2026-05-03,2.793913679302121,1531
campus,2026-05-04,16.809789588985453,23
ring,2026-05-04,3.655811009036314,1508
campus,2026-05-05,14.727299336973578,20
ring,2026-05-05,2.9868043320853803,1552
campus,2026-05-06,12.588273566967002,24
ring,2026-05-06,2.3449330596336684,1520
campus,2026-05-07,10.915373009218243,22
ring,2026-05-07,2.5161113625142337,1534
campus,2026-05-08,,0
ring,2026-05-08,,0
campus,2026-05-09,61.109711843823625,8
ring,2026-05-09,4.6276393353455,855
campus,2026-05-10,12.769146603103787,22
ring,2026-05-10,3.3182386060694613,1517
campus,2026-05-11,12.636375429475077,22
ring,2026-05-11,2.710479506883503,1546
campus,2026-05-12,12.28821510295566,25
ring,2026-05-12,2.7001863765263963,1600
campus,2026-05-13,,0
ring,2026-05-13,1.405586961731399,487
campus,2026-05-14,,0
ring,2026-05-14,,0
campus,2026-05-15,,0
ring,2026-05-15,,0
campus,2026-05-16,,0
ring,2026-05-16,,0
campus,2026-05-17,11.406149744666939,25
ring,2026-05-17,2.2710228547033053,1600
campus,2026-05-18,,0
ring,2026-05-18,,0
campus,2026-05-19,,0
ring,2026-05-19,,0
campus,2026-05-20,,0
ring,2026-05-20,,0
campus,2026-05-21,,0
ring,2026-05-21,,0
campus,2026-05-22,11.67732677183331,25
ring,2026-05-22,2.666555672928835,1598
campus,2026-05-23,17.790257438977655,23
ring,2026-05-23,2.6720281680025444,1591
campus,2026-05-24,,0
ring,2026-05-24,,0
campus,2026-05-25,,0
ring,2026-05-25,,0
campus,2026-05-26,,0
ring,2026-05-26,1.449303904583797,3
campus,2026-05-27,18.73429730768003,23
ring,2026-05-27,2.8299050024910346,1598
campus,2026-05-28,17.13473088159794,21
ring,2026-05-28,2.469688624601108,1405
campus,2026-05-29,24.227349464195527,21
ring,2026-05-29,2.8022956054555497,1532
campus,2026-05-30,,0
ring,2026-05-30,,0
campus,2026-05-31,,0
ring,2026-05-31,,0
campus,2026-06-03,,0
ring,2026-06-03,1.3672971407961723,32
campus,2026-06-04,21.884852124521558,20
ring,2026-06-04,3.3703503560683643,1502
campus,2026-06-05,,0
ring,2026-06-05,,0
campus,2026-06-06,,0
ring,2026-06-06,,0
campus,2026-06-07,,0
ring,2026-06-07,3.249564162074506,624
campus,2026-06-08,18.21751551408241,18
ring,2026-06-08,2.682587052821064,1519
campus,2026-06-09,23.302349423502378,23
ring,2026-06-09,3.1768723127248775,1481
campus,2026-06-10,24.40813009590218,23
ring,2026-06-10,6.150521734555603,1598
campus,2026-06-11,34.81422467151408,23
ring,2026-06-11,6.868979157048546,1597
campus,2026-06-12,,0
ring,2026-06-12,0.9143638870791109,177
campus,2026-06-13,19.958477222669277,23
ring,2026-06-13,3.2457036136412056,1593
campus,2026-06-14,26.327979888174138,22
ring,2026-06-14,3.3713911258312494,1577
campus,2026-06-15,11.726735714071195,10
ring,2026-06-15,3.967529042194165,1011
campus,2026-06-16,,0
ring,2026-06-16,2.278508504231771,3
campus,2026-06-17,,0
ring,2026-06-17,,0
campus,2026-06-18,,0
ring,2026-06-18,,0
campus,2026-06-19,8.595917925422576,2
ring,2026-06-19,2.686892719064593,1435
campus,2026-06-20,25.70119721391139,22
ring,2026-06-20,2.94210379644574,1229
campus,2026-06-21,,0
ring,2026-06-21,,0
campus,2026-06-22,,0
ring,2026-06-22,,0
campus,2026-06-23,19.463880652203407,22
ring,2026-06-23,3.0188343903406536,1598
campus,2026-06-24,,0
ring,2026-06-24,1.1359552673067224,400
campus,2026-06-25,,0
ring,2026-06-25,1.3586084744873803,57
campus,2026-06-26,,0
ring,2026-06-26,8.809394792996926,163
campus,2026-06-27,,0
ring,2026-06-27,,0
campus,2026-06-28,,0
ring,2026-06-28,0.697269265860452,12
campus,2026-06-29,,0
ring,2026-06-29,,0
campus,2026-06-30,17.994416234113167,2
ring,2026-06-30,0.3964402417219441,13
campus,2026-07-01,30.09611576377967,21
ring,2026-07-01,3.115901331236374,1500
campus,2026-07-02,,0
ring,2026-07-02,0.8914717992983702,240
campus,2026-07-03,,0
ring,2026-07-03,,0
campus,2026-07-04,16.38530151762245,19
ring,2026-07-04,2.167264594432757,1470
campus,2026-07-05,24.546555555433056,21
ring,2026-07-05,2.2293852732793815,1519
campus,2026-07-06,29.440068118615322,22
ring,2026-07-06,3.224636958070732,1296
campus,2026-07-07,,0
ring,2026-07-07,2.25579442580541,6
campus,2026-07-08,20.868967556755223,22
ring,2026-07-08,3.1964333359568915,1400
campus,2026-07-09,,0
ring,2026-07-09,,0
campus,2026-07-10,,0
ring,2026-07-10,,0
campus,2026-07-17,,0
ring,2026-07-17,,0
campus,2026-07-18,16.93203663035297,25
ring,2026-07-18,3.8742420111527363,1600
campus,2026-07-19,,0
ring,2026-07-19,2.332394105191195,459
campus,2026-07-20,14.40075134233749,25
ring,2026-07-20,2.633685554715472,1597
campus,2026-07-21,,0
ring,2026-07-21,1.24634750948664,89
campus,2026-07-22,,0
ring,2026-07-22,1.6128090355301135,73
campus,2026-07-23,22.006660257982862,25
ring,2026-07-23,3.92661083544994,1600
campus,2026-07-24,22.07109602693661,25
ring,2026-07-24,3.0635549816600998,1600
campus,2026-07-25,14.404270799401486,25
ring,2026-07-25,2.8192159798178453,1596
campus,2026-07-26,10.657265820074407,25
ring,2026-07-26,3.0002855089652436,1590
campus,2026-07-27,19.281654356002807,23
ring,2026-07-27,3.974159333003425,1318
campus,2026-07-28,16.893186593020197,20
ring,2026-07-28,4.2453982650688795,616
campus,2026-07-29,11.668519629297869,24
ring,2026-07-29,3.258189503108357,1335
campus,2026-07-30,,0
ring,2026-07-30,0.30132629082134665,14
campus,2026-07-31,,0
ring,2026-07-31,,0
campus,2026-08-01,,0
ring,2026-08-01,0.7808436957200058,47
campus,2026-08-02,,0
ring,2026-08-02,,0
campus,2026-08-06,,0
ring,2026-08-06,,0
campus,2026-08-07,15.786493090558647,22
ring,2026-08-07,3.7285837250102025,1412
campus,2026-08-08,11.942783692693164,24
ring,2026-08-08,4.699747297322068,894
campus,2026-08-09,13.603511178644581,24
ring,2026-08-09,3.485868682562048,1396
campus,2026-08-10,13.684252054825947,25
ring,2026-08-10,2.6344215586106494,942
campus,2026-08-11,,0
ring,2026-08-11,2.0093513218939045,597
campus,2026-08-12,19.438155119138607,24
ring,2026-08-12,3.193329791251378,1596
campus,2026-08-13,20.613201711652952,25
ring,2026-08-13,4.4761168641702564,1599
campus,2026-08-14,,0
ring,2026-08-14,1.8576477210057116,158
campus,2026-08-15,,0
ring,2026-08-15,,0
campus,2026-08-16,16.75136161071349,25
ring,2026-08-16,2.6241997623695137,1506
campus,2026-08-17,,0
ring,2026-08-17,1.243499735894913,7
campus,2026-08-18,16.923714602424525,25
ring,2026-08-18,3.298098633359459,1600
campus,2026-08-19,18.295535136309176,25
ring,2026-08-19,3.1211086546694666,1600
campus,2026-08-20,18.38441849168037,25
ring,2026-08-20,2.750149707187461,1591
campus,2026-08-21,7.834446480490131,22
ring,2026-08-21,2.281242777564054,1328
campus,2026-08-22,,0
ring,2026-08-22,1.5279944576567386,168
campus,2026-08-23,,0
ring,2026-08-23,1.8353866663011806,273
campus,2026-08-24,24.855097360670793,25
ring,2026-08-24,3.9778893548210794,1567
campus,2026-08-25,,0
ring,2026-08-25,,0
campus,2026-08-26,,0
ring,2026-08-26,6.720467322357254,7
campus,2026-08-27,,0
ring,2026-08-27,,0
campus,2026-08-28,25.442992449677202,21
ring,2026-08-28,2.3406016056119507,1395
campus,2026-08-29,24.553673921703727,21
ring,2026-08-29,2.4454024823187956,1497
campus,2026-08-30,24.933823171693682,18
ring,2026-08-30,2.669422885644084,1511
campus,2026-08-31,17.256094537493333,17
ring,2026-08-31,2.042221031238837,1514
campus,2026-09-01,21.555779259550413,20
ring,2026-09-01,2.262179936972766,1535
campus,2026-09-02,,0
ring,2026-09-02,,0
campus,2026-09-03,,0
ring,2026-09-03,,0
campus,2026-09-04,,0
ring,2026-09-04,,0
campus,2026-09-05,,0
ring,2026-09-05,,0
campus,2026-09-06,,0
ring,2026-09-06,,0
campus,2026-09-07,,0
ring,2026-09-07,,0
campus,2026-09-08,,0
ring,2026-09-08,,0
