z,d,rad,n
campus,2019-01-01,7.757215614469958,13
ring,2019-01-01,6.436142583001126,1480
campus,2019-01-02,3.267726477126629,3
ring,2019-01-02,2.6028397500373246,448
campus,2019-01-03,9.902109150385632,13
ring,2019-01-03,8.680397292486932,1595
campus,2019-01-04,9.457277981328291,13
ring,2019-01-04,8.72635227182108,1517
campus,2019-01-05,6.708059227590329,7
ring,2019-01-05,9.778926276197971,895
campus,2019-01-06,3.823838636349064,13
ring,2019-01-06,0.7577882845408689,774
campus,2019-01-07,3.846715344229774,13
ring,2019-01-07,4.634874691741488,1614
campus,2019-01-08,,0
ring,2019-01-08,2.082524394860351,19
campus,2019-01-09,11.583016356951752,13
ring,2019-01-09,7.233255028155727,1601
campus,2019-01-10,11.158823055980351,13
ring,2019-01-10,7.326982242454022,1295
campus,2019-01-11,,0
ring,2019-01-11,,0
campus,2019-01-12,6.632045854914915,13
ring,2019-01-12,5.6543223310071875,1480
campus,2019-01-13,14.084784586384819,13
ring,2019-01-13,7.56556378443094,1216
campus,2019-01-14,11.680546512975939,13
ring,2019-01-14,7.08176727363207,1618
campus,2019-01-15,21.149287433131754,13
ring,2019-01-15,8.060087249652268,1035
campus,2019-01-16,9.130785942077637,1
ring,2019-01-16,13.122567276263734,433
campus,2019-01-17,5.032014279908669,10
ring,2019-01-17,7.803863852500593,969
campus,2019-01-18,,0
ring,2019-01-18,,0
campus,2019-01-19,9.699158894116634,9
ring,2019-01-19,5.600236674961707,1493
campus,2019-01-20,12.778698207437992,10
ring,2019-01-20,7.901591457213959,1193
campus,2019-01-21,,0
ring,2019-01-21,,0
campus,2019-01-22,7.02528416429247,3
ring,2019-01-22,15.867627766763361,264
campus,2019-01-23,,0
ring,2019-01-23,20.420190837260623,168
campus,2019-01-24,9.010750462156786,13
ring,2019-01-24,5.238969258005315,1533
campus,2019-01-25,11.19861467306911,11
ring,2019-01-25,7.837381202692678,1163
campus,2019-01-26,7.563427005812178,5
ring,2019-01-26,7.011961094615374,1034
campus,2019-01-27,10.946418591669866,9
ring,2019-01-27,8.849837888474015,673
campus,2019-01-28,7.848065941476486,13
ring,2019-01-28,8.29942662246897,890
campus,2019-01-29,7.8237641154320565,13
ring,2019-01-29,5.921371499898551,1618
campus,2019-01-30,17.791210137874423,11
ring,2019-01-30,11.899901781190875,1070
campus,2019-01-31,8.507559566290723,13
ring,2019-01-31,6.913744891165076,1618
campus,2019-02-01,,0
ring,2019-02-01,3.2952084180031327,33
campus,2019-02-02,7.4250289305275015,13
ring,2019-02-02,7.7415726588414895,1366
campus,2019-02-03,,0
ring,2019-02-03,7.7793480574124905,479
campus,2019-02-04,13.652713790186132,13
ring,2019-02-04,18.010196719417365,1615
campus,2019-02-05,10.172398050346283,13
ring,2019-02-05,10.728361183528914,1616
campus,2019-02-06,9.443718250368681,13
ring,2019-02-06,10.810054468076336,1609
campus,2019-02-07,,0
ring,2019-02-07,,0
campus,2019-02-08,7.607426142013968,13
ring,2019-02-08,7.039365455369264,1613
campus,2019-02-09,8.090035070276034,13
ring,2019-02-09,15.741199670095549,984
campus,2019-02-10,11.675802952666796,13
ring,2019-02-10,17.15538012330449,1617
campus,2019-02-11,4.2250432137032625,13
ring,2019-02-11,4.418493156213011,1575
campus,2019-02-12,7.663963285130515,13
ring,2019-02-12,8.25799962907242,1610
campus,2019-02-13,3.6795103549957275,1
ring,2019-02-13,9.559497416190261,708
campus,2019-02-14,24.10699241523034,7
ring,2019-02-14,19.307340641845578,780
campus,2019-02-15,24.959367752075195,1
ring,2019-02-15,26.167576434740333,327
campus,2019-02-16,14.934629147595698,2
ring,2019-02-16,23.0477877911079,538
campus,2019-02-17,12.911220706335385,10
ring,2019-02-17,12.93273013990726,924
campus,2019-02-18,,0
ring,2019-02-18,89.51687511764612,263
campus,2019-02-19,,0
ring,2019-02-19,38.64628735464727,238
campus,2019-02-20,,0
ring,2019-02-20,29.432415401167052,360
campus,2019-02-21,,0
ring,2019-02-21,,0
campus,2019-02-22,12.282634053454304,11
ring,2019-02-22,8.887255870324774,1130
campus,2019-02-23,7.578052503091318,2
ring,2019-02-23,7.49935571893048,198
campus,2019-02-24,5.65125140044051,13
ring,2019-02-24,7.258928220352598,1142
campus,2019-02-25,2.49643906692876,7
ring,2019-02-25,3.956085692004359,500
campus,2019-02-26,8.771478099022673,13
ring,2019-02-26,9.137209665610083,1204
campus,2019-02-27,7.014752212404643,13
ring,2019-02-27,6.482773576849133,1611
campus,2019-02-28,7.53176588190833,13
ring,2019-02-28,6.319643989039753,1477
campus,2019-03-01,5.439394034969974,13
ring,2019-03-01,10.90650788894678,937
campus,2019-03-02,6.300607914935813,13
ring,2019-03-02,6.9642771421852725,1618
campus,2019-03-03,6.701149486460036,13
ring,2019-03-03,8.744615892113407,1588
campus,2019-03-04,8.110688340985718,13
ring,2019-03-04,7.7308278009542395,1563
campus,2019-03-05,5.961550996547014,13
ring,2019-03-05,6.3636913904146315,1555
campus,2019-03-06,8.103685157424438,10
ring,2019-03-06,10.07817858772463,852
campus,2019-03-07,,0
ring,2019-03-07,11.722051364165832,259
campus,2019-03-08,,0
ring,2019-03-08,,0
campus,2019-03-09,5.668290587098384,13
ring,2019-03-09,6.123656619280608,1611
campus,2019-03-10,6.954139998541191,13
ring,2019-03-10,6.968030450082009,1617
campus,2019-03-11,6.452769650679797,13
ring,2019-03-11,7.315587195366506,1384
campus,2019-03-12,3.2007023693530208,13
ring,2019-03-12,6.7431254321738585,1586
campus,2019-03-13,5.947638839343342,13
ring,2019-03-13,7.40477912047364,1605
campus,2019-03-14,10.17958748732374,13
ring,2019-03-14,10.65718471469723,1617
campus,2019-03-15,5.834744934527477,11
ring,2019-03-15,6.950351080018363,1496
campus,2019-03-16,6.260847386485459,9
ring,2019-03-16,7.490105040310751,1095
campus,2019-03-17,,0
ring,2019-03-17,0.6626516784141572,10
campus,2019-03-18,7.412321384563002,10
ring,2019-03-18,11.579843439223449,923
campus,2019-03-19,8.336570809494152,11
ring,2019-03-19,18.021927184318695,554
campus,2019-03-20,6.9155921134767295,9
ring,2019-03-20,6.914560331362264,1267
campus,2019-03-21,6.53872151727739,11
ring,2019-03-21,5.621069697285539,1426
campus,2019-03-22,4.44487754855837,10
ring,2019-03-22,6.11633694726465,1454
campus,2019-03-23,5.919319854016156,9
ring,2019-03-23,7.506706031553903,1201
campus,2019-03-24,8.163081131569328,8
ring,2019-03-24,9.781470219596013,1135
campus,2019-03-25,7.121609492574878,11
ring,2019-03-25,14.116806761801868,738
campus,2019-03-26,5.091834417670291,12
ring,2019-03-26,5.913140032783797,1513
campus,2019-03-27,,0
ring,2019-03-27,0.876071873670875,8
campus,2019-03-28,,0
ring,2019-03-28,1.46372941340693,53
campus,2019-03-29,3.986405691980196,13
ring,2019-03-29,8.319044036980639,1569
campus,2019-03-30,8.53100098242782,13
ring,2019-03-30,9.393642386094475,1607
campus,2019-03-31,8.31444090695728,13
ring,2019-03-31,7.445335356731483,1615
campus,2019-04-01,4.61941492725426,13
ring,2019-04-01,6.286043320714353,1591
campus,2019-04-02,5.398826735994905,13
ring,2019-04-02,8.104943572539272,1289
campus,2019-04-03,6.644211037967685,13
ring,2019-04-03,8.03047431680434,1563
campus,2019-04-04,12.189525617050453,13
ring,2019-04-04,10.556090383727811,1496
campus,2019-04-05,,0
ring,2019-04-05,,0
campus,2019-04-06,6.044332675994014,11
ring,2019-04-06,6.991509345449587,1373
campus,2019-04-07,4.73980297784137,10
ring,2019-04-07,7.502661602663929,1578
campus,2019-04-08,,0
ring,2019-04-08,,0
campus,2019-04-09,5.657795712421756,13
ring,2019-04-09,5.410570960733091,1604
campus,2019-04-10,6.8754809734547075,13
ring,2019-04-10,7.462104187739736,1616
campus,2019-04-11,,0
ring,2019-04-11,,0
campus,2019-04-12,,0
ring,2019-04-12,1.2121646192837945,49
campus,2019-04-13,5.94129651354153,11
ring,2019-04-13,6.691645267188991,1404
campus,2019-04-14,6.146175121947926,12
ring,2019-04-14,9.304890453127244,1264
campus,2019-04-15,7.894117999602767,10
ring,2019-04-15,7.889384773938303,1457
campus,2019-04-16,8.29212892112732,10
ring,2019-04-16,5.043065528044355,714
campus,2019-04-17,,0
ring,2019-04-17,,0
campus,2019-04-18,,0
ring,2019-04-18,,0
campus,2019-04-19,,0
ring,2019-04-19,,0
campus,2019-04-20,8.284002802425759,7
ring,2019-04-20,7.132274501708241,1527
campus,2019-04-21,7.668812304615496,9
ring,2019-04-21,6.379820451719647,1527
campus,2019-04-22,5.442982186161181,9
ring,2019-04-22,5.717776367918048,1551
campus,2019-04-23,5.268289836421987,8
ring,2019-04-23,5.89660874410302,1531
campus,2019-04-24,5.051913679175266,8
ring,2019-04-24,4.845781625777221,1502
campus,2019-04-25,14.671801326910266,6
ring,2019-04-25,12.723312800175895,615
campus,2019-04-26,,0
ring,2019-04-26,,0
campus,2019-04-27,,0
ring,2019-04-27,,0
campus,2019-04-28,,0
ring,2019-04-28,,0
campus,2019-04-29,8.074918967098016,10
ring,2019-04-29,6.113173133746686,1494
campus,2019-04-30,3.5456749973513224,10
ring,2019-04-30,7.717633335436469,1611
campus,2019-05-01,11.081662267890799,10
ring,2019-05-01,8.817144862975832,1560
campus,2019-05-02,,0
ring,2019-05-02,,0
campus,2019-05-03,8.352037710736889,10
ring,2019-05-03,5.821277305724566,1610
campus,2019-05-04,1.8743340969085693,1
ring,2019-05-04,8.773218073364443,1197
campus,2019-05-05,8.530668757256114,10
ring,2019-05-05,7.9859354374586875,1605
campus,2019-05-06,17.614850663115174,10
ring,2019-05-06,10.064117342675221,1582
campus,2019-05-07,,0
ring,2019-05-07,,0
campus,2019-05-08,7.6972165102040275,10
ring,2019-05-08,6.397669419855963,1573
campus,2019-05-09,8.379133709285966,10
ring,2019-05-09,8.336725353525543,1271
campus,2019-05-10,,0
ring,2019-05-10,,0
campus,2019-05-11,,0
ring,2019-05-11,,0
campus,2019-05-12,8.996887172341845,10
ring,2019-05-12,8.253441049306542,1593
campus,2019-05-13,5.821181347630318,10
ring,2019-05-13,7.8797457396068395,1334
campus,2019-05-14,8.79341410919919,9
ring,2019-05-14,5.9251800664839465,1566
campus,2019-05-15,10.062504423150868,9
ring,2019-05-15,6.794182979543037,1524
campus,2019-05-16,,0
ring,2019-05-16,11.96412394964715,462
campus,2019-05-17,,0
ring,2019-05-17,,0
campus,2019-05-18,,0
ring,2019-05-18,5.100929260253906,1
campus,2019-05-19,5.486873415230359,8
ring,2019-05-19,5.301973292500254,1509
campus,2019-05-20,7.350565392497074,9
ring,2019-05-20,6.347458143650975,1506
campus,2019-05-21,9.836914411649401,8
ring,2019-05-21,6.557062698754569,1459
campus,2019-05-22,5.882090763755255,6
ring,2019-05-22,9.1047479158143,1376
campus,2019-05-23,,0
ring,2019-05-23,,0
campus,2019-05-24,9.36328727233259,9
ring,2019-05-24,5.842637516456422,1513
campus,2019-05-25,,0
ring,2019-05-25,,0
campus,2019-05-26,7.4182476023620465,6
ring,2019-05-26,5.4444707830346575,1511
campus,2019-05-27,12.158711854161858,10
ring,2019-05-27,7.645085431185864,1610
campus,2019-05-28,,0
ring,2019-05-28,6.764505582075463,556
campus,2019-05-29,,0
ring,2019-05-29,,0
campus,2019-05-30,8.153146435921252,6
ring,2019-05-30,6.970635733122503,1321
campus,2019-05-31,5.940767977812018,13
ring,2019-05-31,1.796754715271535,957
campus,2019-06-01,7.1257464344175165,13
ring,2019-06-01,6.607730152122008,1614
campus,2019-06-02,,0
ring,2019-06-02,,0
campus,2019-06-03,,0
ring,2019-06-03,,0
campus,2019-06-04,,0
ring,2019-06-04,,0
campus,2019-06-05,6.240775425065015,13
ring,2019-06-05,6.165743573493638,1615
campus,2019-06-06,12.136577558774974,7
ring,2019-06-06,1.8202591781781439,437
campus,2019-06-07,14.861304302879672,13
ring,2019-06-07,7.1449471468864605,1615
campus,2019-06-08,,0
ring,2019-06-08,,0
campus,2019-06-09,12.791036855369292,13
ring,2019-06-09,6.119157860611778,1614
campus,2019-06-10,9.502947102388223,13
ring,2019-06-10,6.956317988865854,1612
campus,2019-06-11,,0
ring,2019-06-11,,0
campus,2019-06-12,,0
ring,2019-06-12,,0
campus,2019-06-13,,0
ring,2019-06-13,,0
campus,2019-06-14,,0
ring,2019-06-14,,0
campus,2019-06-15,,0
ring,2019-06-15,,0
campus,2019-06-16,9.439714839668104,8
ring,2019-06-16,4.886047472404863,1412
campus,2019-06-17,13.588873346240025,9
ring,2019-06-17,6.1458922005426935,1490
campus,2019-06-18,,0
ring,2019-06-18,0.013143883154842648,40
campus,2019-06-19,,0
ring,2019-06-19,0.9960598258415558,152
campus,2019-06-20,,0
ring,2019-06-20,,0
campus,2019-06-21,13.322223044379573,8
ring,2019-06-21,7.162594487686647,1338
campus,2019-06-22,,0
ring,2019-06-22,,0
campus,2019-06-23,,0
ring,2019-06-23,,0
campus,2019-06-24,,0
ring,2019-06-24,,0
campus,2019-06-25,,0
ring,2019-06-25,,0
campus,2019-06-26,,0
ring,2019-06-26,,0
campus,2019-06-27,,0
ring,2019-06-27,,0
campus,2019-06-28,10.49460897470397,9
ring,2019-06-28,7.809745662527802,811
campus,2019-06-29,,0
ring,2019-06-29,,0
campus,2019-06-30,,0
ring,2019-06-30,,0
campus,2019-07-01,20.4008980882574,13
ring,2019-07-01,6.100370000029442,1613
campus,2019-07-02,10.084278895541534,13
ring,2019-07-02,5.904554375421463,1617
campus,2019-07-03,14.480477592863872,13
ring,2019-07-03,6.519357006534223,1614
campus,2019-07-04,,0
ring,2019-07-04,,0
campus,2019-07-05,1.7204087972640991,1
ring,2019-07-05,1.573235799269839,180
campus,2019-07-06,11.076067481356572,10
ring,2019-07-06,5.614785425793556,1612
campus,2019-07-07,10.543184263121892,10
ring,2019-07-07,6.6500070034559124,1513
campus,2019-07-08,,0
ring,2019-07-08,,0
campus,2019-07-09,13.740847416280479,9
ring,2019-07-09,6.928802453510282,1372
campus,2019-07-10,19.41058077070069,10
ring,2019-07-10,10.342172837271956,1144
campus,2019-07-11,9.886535627470888,10
ring,2019-07-11,6.3018815899522425,1609
campus,2019-07-12,,0
ring,2019-07-12,0.8033052505927524,327
campus,2019-07-13,11.264906712652119,8
ring,2019-07-13,6.24172346992792,1449
campus,2019-07-14,12.00430952926868,10
ring,2019-07-14,6.81806932094053,1518
campus,2019-07-15,,0
ring,2019-07-15,,0
campus,2019-07-16,,0
ring,2019-07-16,,0
campus,2019-07-17,14.357610550166676,5
ring,2019-07-17,5.740007472205632,1508
campus,2019-07-18,,0
ring,2019-07-18,,0
campus,2019-07-19,10.749239843437474,8
ring,2019-07-19,5.2268010401163325,1516
campus,2019-07-20,12.37706052418667,9
ring,2019-07-20,6.849840615995705,1515
campus,2019-07-21,,0
ring,2019-07-21,,0
campus,2019-07-22,6.168508299062188,9
ring,2019-07-22,3.3479996812135346,1388
campus,2019-07-23,5.451554329849424,6
ring,2019-07-23,6.387696679144278,1282
campus,2019-07-24,11.377036163240211,9
ring,2019-07-24,5.96488785065243,1510
campus,2019-07-25,7.613666867248475,7
ring,2019-07-25,7.972165637196235,1437
campus,2019-07-26,11.410674243214283,9
ring,2019-07-26,8.438504678369005,1300
campus,2019-07-27,7.88250732532841,9
ring,2019-07-27,2.827832420367017,1045
campus,2019-07-28,,0
ring,2019-07-28,2.3342276524614403,54
campus,2019-07-29,10.220569183660109,10
ring,2019-07-29,6.110529818360683,1611
campus,2019-07-30,10.921780918066743,10
ring,2019-07-30,6.977677708129374,1612
campus,2019-07-31,8.301822794855672,10
ring,2019-07-31,7.257867552668622,1611
campus,2019-08-01,,0
ring,2019-08-01,,0
campus,2019-08-02,,0
ring,2019-08-02,1.8356936192724014,199
campus,2019-08-03,,0
ring,2019-08-03,,0
campus,2019-08-04,,0
ring,2019-08-04,,0
campus,2019-08-05,9.300832420996278,10
ring,2019-08-05,6.004647425008684,1611
campus,2019-08-06,19.26212715690308,10
ring,2019-08-06,7.8160529738649265,1466
campus,2019-08-07,11.719313952349879,10
ring,2019-08-07,5.680687229543276,1612
campus,2019-08-08,,0
ring,2019-08-08,,0
campus,2019-08-09,17.262257408797208,10
ring,2019-08-09,8.124220793098912,1612
campus,2019-08-10,9.431040433736948,10
ring,2019-08-10,8.133076043527382,1612
campus,2019-08-11,16.638912825905717,10
ring,2019-08-11,6.421737009855403,1612
campus,2019-08-12,22.54192484271732,5
ring,2019-08-12,5.755481105754744,1515
campus,2019-08-13,,0
ring,2019-08-13,,0
campus,2019-08-14,,0
ring,2019-08-14,,0
campus,2019-08-15,22.83961839888883,4
ring,2019-08-15,5.877693294409153,1459
campus,2019-08-16,10.817606306104485,10
ring,2019-08-16,6.556904086647943,1524
campus,2019-08-17,15.621553350578655,7
ring,2019-08-17,6.604435982589543,1527
campus,2019-08-18,,0
ring,2019-08-18,,0
campus,2019-08-19,,0
ring,2019-08-19,,0
campus,2019-08-20,17.879533795511733,7
ring,2019-08-20,6.614472075254907,1511
campus,2019-08-21,,0
ring,2019-08-21,,0
campus,2019-08-22,41.62421036260307,8
ring,2019-08-22,22.841234018139303,523
campus,2019-08-23,15.690297391502355,2
ring,2019-08-23,12.1413125548042,625
campus,2019-08-24,11.209353708598924,8
ring,2019-08-24,5.94797206093803,1533
campus,2019-08-25,,0
ring,2019-08-25,,0
campus,2019-08-26,13.062601849156923,13
ring,2019-08-26,7.834305092854783,1618
campus,2019-08-27,14.671819904961978,11
ring,2019-08-27,6.392588869790241,1509
campus,2019-08-28,13.109927806845853,13
ring,2019-08-28,6.268394810826121,1618
campus,2019-08-29,7.687205420133651,13
ring,2019-08-29,7.178155953108247,1617
campus,2019-08-30,9.486861869622842,13
ring,2019-08-30,6.410198312579045,1614
campus,2019-08-31,13.043785441369515,13
ring,2019-08-31,7.54767872827199,1618
campus,2019-09-01,15.168791784087254,13
ring,2019-09-01,8.719733247412828,1617
campus,2019-09-02,9.81110598951438,13
ring,2019-09-02,6.7259587353629415,1616
campus,2019-09-03,10.386929435559281,13
ring,2019-09-03,7.138252084030384,1546
campus,2019-09-04,10.036017849831511,13
ring,2019-09-04,7.458909034935922,1618
campus,2019-09-05,9.075814005074925,13
ring,2019-09-05,8.612010668739105,1616
campus,2019-09-06,13.765895349039155,13
ring,2019-09-06,9.36945663411201,1617
campus,2019-09-07,10.84654749069415,13
ring,2019-09-07,7.389846901782157,1592
campus,2019-09-08,,0
ring,2019-09-08,,0
campus,2019-09-09,,0
ring,2019-09-09,,0
campus,2019-09-10,,0
ring,2019-09-10,,0
campus,2019-09-11,,0
ring,2019-09-11,7.098735863124223,37
campus,2019-09-12,,0
ring,2019-09-12,,0
campus,2019-09-13,12.408061783870783,9
ring,2019-09-13,5.4584194774619395,1462
campus,2019-09-14,,0
ring,2019-09-14,,0
campus,2019-09-15,11.230566104095198,10
ring,2019-09-15,5.562150856823568,1455
campus,2019-09-16,14.233195725670088,9
ring,2019-09-16,6.164393451628343,1375
campus,2019-09-17,17.052344364500847,9
ring,2019-09-17,7.739577058632555,1491
campus,2019-09-18,,0
ring,2019-09-18,,0
campus,2019-09-19,,0
ring,2019-09-19,0.08748907291544102,11
campus,2019-09-20,,0
ring,2019-09-20,4.664871534320829,59
campus,2019-09-21,11.184383638758499,11
ring,2019-09-21,6.574870765621196,1521
campus,2019-09-22,10.333272037055723,12
ring,2019-09-22,7.354019607331027,1476
campus,2019-09-23,14.853869897138049,8
ring,2019-09-23,10.952975414262513,1299
campus,2019-09-24,16.24288263526367,9
ring,2019-09-24,5.914613909476564,1505
campus,2019-09-25,11.848133092964757,13
ring,2019-09-25,6.08981896661994,1615
campus,2019-09-26,12.428814191563587,13
ring,2019-09-26,6.6107201488180625,1618
campus,2019-09-27,12.69454185685641,13
ring,2019-09-27,7.996855811231744,1616
campus,2019-09-28,11.507387494817026,13
ring,2019-09-28,7.211095826724624,1615
campus,2019-09-29,18.317310763776582,13
ring,2019-09-29,6.389256332100857,1617
campus,2019-09-30,11.115865006343299,13
ring,2019-09-30,7.51945827116329,1617
campus,2019-10-01,10.72678615929375,13
ring,2019-10-01,7.17710427712435,1610
campus,2019-10-02,11.200412119918024,13
ring,2019-10-02,8.010418587123064,1616
campus,2019-10-03,,0
ring,2019-10-03,,0
campus,2019-10-04,15.036853920755808,13
ring,2019-10-04,6.07621698523588,1617
campus,2019-10-05,,0
ring,2019-10-05,,0
campus,2019-10-06,16.053979404025792,13
ring,2019-10-06,5.924923155691409,1618
campus,2019-10-07,19.437425645164474,13
ring,2019-10-07,6.912189542518585,1618
campus,2019-10-08,,0
ring,2019-10-08,,0
campus,2019-10-09,,0
ring,2019-10-09,1.6385051278452418,132
campus,2019-10-10,13.773106285338455,10
ring,2019-10-10,5.861548643409072,1541
campus,2019-10-11,10.726599244161267,9
ring,2019-10-11,7.27426299415766,1543
campus,2019-10-12,3.760908171721582,4
ring,2019-10-12,5.7860697335652125,922
campus,2019-10-13,20.88934713798027,10
ring,2019-10-13,6.942225628752926,1505
campus,2019-10-14,,0
ring,2019-10-14,14.201998003594742,431
campus,2019-10-15,,0
ring,2019-10-15,,0
campus,2019-10-16,,0
ring,2019-10-16,,0
campus,2019-10-17,11.789614755035245,11
ring,2019-10-17,5.741144523776105,1571
campus,2019-10-18,12.804242290805666,9
ring,2019-10-18,6.567594852465895,1532
campus,2019-10-19,16.24615272758104,12
ring,2019-10-19,7.301212054113146,1498
campus,2019-10-20,16.086490778292745,11
ring,2019-10-20,6.412239735369139,1517
campus,2019-10-21,17.61289766304089,8
ring,2019-10-21,6.140715486160243,1513
campus,2019-10-22,13.71823559824828,5
ring,2019-10-22,7.434130683613212,319
campus,2019-10-23,,0
ring,2019-10-23,,0
campus,2019-10-24,1.9765279874657138,4
ring,2019-10-24,4.37991141050881,193
campus,2019-10-25,11.731693905843812,13
ring,2019-10-25,7.085657349916514,1618
campus,2019-10-26,10.268599136614462,13
ring,2019-10-26,6.644419068662278,1618
campus,2019-10-27,7.186667165286105,13
ring,2019-10-27,6.409702230917001,1618
campus,2019-10-28,12.036795125740792,13
ring,2019-10-28,7.2678950845101244,1618
campus,2019-10-29,16.70944190515039,13
ring,2019-10-29,8.753996573233493,1618
campus,2019-10-30,12.56938975524734,13
ring,2019-10-30,7.305121368362888,1618
campus,2019-10-31,,0
ring,2019-10-31,,0
campus,2019-11-01,,0
ring,2019-11-01,,0
campus,2019-11-02,,0
ring,2019-11-02,1.7668702285949205,450
campus,2019-11-03,9.951219327433007,13
ring,2019-11-03,7.938464075004222,1618
campus,2019-11-04,12.243492795967718,13
ring,2019-11-04,8.204042464376746,1618
campus,2019-11-05,,0
ring,2019-11-05,1.6578782969836208,132
campus,2019-11-06,9.489495773480531,13
ring,2019-11-06,6.446903200265739,1618
campus,2019-11-07,7.8718048839774655,9
ring,2019-11-07,6.29396509410923,1539
campus,2019-11-08,14.864604475763105,11
ring,2019-11-08,7.676867559115625,1473
campus,2019-11-09,8.981731136915224,11
ring,2019-11-09,9.553097507667445,1122
campus,2019-11-10,14.389130974543233,11
ring,2019-11-10,6.820966825853267,1516
campus,2019-11-11,9.14704899676144,11
ring,2019-11-11,6.337498059560824,1478
campus,2019-11-12,9.529568333860851,13
ring,2019-11-12,3.8946863444795086,905
campus,2019-11-13,10.7261429480473,12
ring,2019-11-13,6.435673383366459,1498
campus,2019-11-14,11.980883635256026,9
ring,2019-11-14,7.684175181131,1516
campus,2019-11-15,10.013490220363423,12
ring,2019-11-15,7.061728099621843,1525
campus,2019-11-16,,0
ring,2019-11-16,0.7603782163067835,66
campus,2019-11-17,10.922827762643031,10
ring,2019-11-17,6.505882265486481,1510
campus,2019-11-18,8.253926077184262,13
ring,2019-11-18,6.399838175199999,1514
campus,2019-11-19,11.489458084106447,9
ring,2019-11-19,7.218520721173522,1522
campus,2019-11-20,14.30829960218868,8
ring,2019-11-20,5.92116948288423,1070
campus,2019-11-21,7.688738979347947,12
ring,2019-11-21,6.473176152941622,1545
campus,2019-11-22,,0
ring,2019-11-22,,0
campus,2019-11-23,,0
ring,2019-11-23,,0
campus,2019-11-24,11.418238965628293,13
ring,2019-11-24,6.863709265139758,1618
campus,2019-11-25,9.435699016555372,13
ring,2019-11-25,7.7602610303828214,1618
campus,2019-11-26,8.05853901824481,13
ring,2019-11-26,6.492593283710089,1618
campus,2019-11-27,8.990085984619569,13
ring,2019-11-27,6.113384755419051,1618
campus,2019-11-28,5.970664397091932,13
ring,2019-11-28,6.319885739771637,1593
campus,2019-11-29,21.291447573984172,13
ring,2019-11-29,19.46624278615142,1465
campus,2019-11-30,28.813965724064758,2
ring,2019-11-30,18.792597652780053,880
campus,2019-12-01,15.811982481820241,3
ring,2019-12-01,14.562352622053684,900
campus,2019-12-02,13.177036245663958,13
ring,2019-12-02,10.424962816006573,1016
campus,2019-12-03,11.15782712453769,11
ring,2019-12-03,9.22020123408222,1271
campus,2019-12-04,8.608194307262346,13
ring,2019-12-04,7.144236020976407,1492
campus,2019-12-05,12.134743106896888,13
ring,2019-12-05,7.937530113954934,1544
campus,2019-12-06,12.747253986311629,13
ring,2019-12-06,7.230489494960416,1568
campus,2019-12-07,12.090990981585541,13
ring,2019-12-07,6.551049974922356,1504
campus,2019-12-08,,0
ring,2019-12-08,0.5148688381000482,19
campus,2019-12-09,,0
ring,2019-12-09,4.951064765061169,34
campus,2019-12-10,10.421674086206554,12
ring,2019-12-10,6.933602736128924,1510
campus,2019-12-11,13.00741746850094,10
ring,2019-12-11,7.409031803813286,1517
campus,2019-12-12,9.897401229335983,10
ring,2019-12-12,5.972538095023259,1499
campus,2019-12-13,11.701116172516375,9
ring,2019-12-13,6.22249682089977,1464
campus,2019-12-14,15.29411352364121,10
ring,2019-12-14,17.56344895378698,443
campus,2019-12-15,,0
ring,2019-12-15,26.590909685407365,7
campus,2019-12-16,17.04771066231486,10
ring,2019-12-16,13.358563468995623,1047
campus,2019-12-17,21.613811705801318,9
ring,2019-12-17,15.858080509185498,712
campus,2019-12-18,13.909690591818311,12
ring,2019-12-18,12.269702767790669,883
campus,2019-12-19,12.191827171095987,10
ring,2019-12-19,10.192761020237382,1134
campus,2019-12-20,12.760581851565219,13
ring,2019-12-20,10.053372653810491,1341
campus,2019-12-21,13.40215147912782,13
ring,2019-12-21,9.545508157323715,1383
campus,2019-12-22,,0
ring,2019-12-22,,0
campus,2019-12-23,11.426496260882542,13
ring,2019-12-23,8.310243066632976,1575
campus,2019-12-24,8.790070319819337,13
ring,2019-12-24,7.9436365257563555,1618
campus,2019-12-25,11.684510840006835,13
ring,2019-12-25,7.537052557107776,1618
campus,2019-12-26,10.861038456080662,13
ring,2019-12-26,8.313101153969521,1617
campus,2019-12-27,13.504890948953763,13
ring,2019-12-27,9.229480045968842,1615
campus,2019-12-28,11.311694859618868,13
ring,2019-12-28,7.433921703569306,1613
campus,2019-12-29,12.331155727586834,13
ring,2019-12-29,7.040106660151881,1618
campus,2019-12-30,7.7596613608755405,13
ring,2019-12-30,7.463379966651052,1618
campus,2020-01-01,13.757719178504786,13
ring,2020-01-01,8.249845466770383,1615
campus,2020-01-02,10.30926262716732,13
ring,2020-01-02,8.083210731153446,1618
campus,2020-01-03,8.535807118519369,13
ring,2020-01-03,7.647553079504186,1440
campus,2020-01-04,9.080562746580776,13
ring,2020-01-04,7.612508245936866,1468
campus,2020-01-05,,0
ring,2020-01-05,,0
campus,2020-01-06,,0
ring,2020-01-06,75.45946325407185,55
campus,2020-01-07,,0
ring,2020-01-07,4.227874755859375,1
campus,2020-01-08,,0
ring,2020-01-08,,0
campus,2020-01-09,,0
ring,2020-01-09,,0
campus,2020-01-10,,0
ring,2020-01-10,,0
campus,2020-01-11,,0
ring,2020-01-11,,0
campus,2020-01-12,,0
ring,2020-01-12,24.412784576416016,2
campus,2020-01-13,,0
ring,2020-01-13,10.929152011871338,2
campus,2020-01-14,,0
ring,2020-01-14,12.276734352111816,2
campus,2020-01-15,,0
ring,2020-01-15,,0
campus,2020-01-16,,0
ring,2020-01-16,3.9046387672424316,4
campus,2020-01-17,,0
ring,2020-01-17,17.820997729790296,20
campus,2020-01-18,,0
ring,2020-01-18,9.046721197749676,43
campus,2020-01-19,,0
ring,2020-01-19,20.932078136169018,119
campus,2020-01-20,,0
ring,2020-01-20,22.136992884751777,237
campus,2020-01-21,,0
ring,2020-01-21,,0
campus,2020-01-22,1.8999931812286377,1
ring,2020-01-22,12.52171951553846,542
campus,2020-01-23,4.7768988609313965,1
ring,2020-01-23,10.95271988391892,799
campus,2020-01-24,15.140094593167305,2
ring,2020-01-24,7.6803420615429285,721
campus,2020-01-25,4.389444236427461,4
ring,2020-01-25,13.72876709723008,1086
campus,2020-01-26,,0
ring,2020-01-26,,0
campus,2020-01-27,,0
ring,2020-01-27,3.5538863286980806,174
campus,2020-01-28,12.749867823482116,13
ring,2020-01-28,8.534798282359025,1531
campus,2020-01-29,9.716295015014392,13
ring,2020-01-29,7.654796609323193,1539
campus,2020-01-30,9.460670431594892,13
ring,2020-01-30,6.924041977440753,1594
campus,2020-01-31,10.702213422093589,13
ring,2020-01-31,6.8767974934933305,1613
campus,2020-02-01,6.832406329646915,13
ring,2020-02-01,7.736483645801098,1540
campus,2020-02-02,13.025567230344377,13
ring,2020-02-02,8.640895373908736,1602
campus,2020-02-03,13.289619709754211,13
ring,2020-02-03,8.387164005967671,1606
campus,2020-02-04,9.454531078078478,11
ring,2020-02-04,6.656225585026957,1542
campus,2020-02-05,8.84500567588736,10
ring,2020-02-05,6.716009129316977,1542
campus,2020-02-06,9.310796157842459,11
ring,2020-02-06,6.358941501365821,1512
campus,2020-02-07,10.327635276093789,11
ring,2020-02-07,7.200042323894458,1514
campus,2020-02-08,11.12304353635819,9
ring,2020-02-08,7.246210677151852,1506
campus,2020-02-09,9.610478026151508,10
ring,2020-02-09,6.336324086121606,1449
campus,2020-02-10,7.943816089907359,11
ring,2020-02-10,7.781374412932463,1093
campus,2020-02-11,9.961763569457046,9
ring,2020-02-11,6.2134019647997025,1251
campus,2020-02-12,8.552127673936802,12
ring,2020-02-12,5.725325144087059,1550
campus,2020-02-13,,0
ring,2020-02-13,5.604331408256942,62
campus,2020-02-14,5.898787931165931,11
ring,2020-02-14,8.979330978574128,845
campus,2020-02-15,6.4266780871432685,10
ring,2020-02-15,5.942727030874888,609
campus,2020-02-16,6.160879365120414,13
ring,2020-02-16,5.230456461799508,1613
campus,2020-02-17,9.340698440100105,13
ring,2020-02-17,6.0257330258616335,1614
campus,2020-02-18,11.128282344397244,13
ring,2020-02-18,7.529870801131531,1618
campus,2020-02-19,9.703640305660139,13
ring,2020-02-19,6.978027882583638,1618
campus,2020-02-20,8.026310898958236,13
ring,2020-02-20,5.582649713396523,1523
campus,2020-02-21,8.934795437039622,13
ring,2020-02-21,5.066486620009706,1615
campus,2020-02-22,5.82885769716171,13
ring,2020-02-22,5.995890018701554,1502
campus,2020-02-23,,0
ring,2020-02-23,0.9955042328696658,127
campus,2020-02-24,10.496614099248472,13
ring,2020-02-24,7.125577332204797,1618
campus,2020-02-25,6.33368977883332,13
ring,2020-02-25,5.548761531854856,1617
campus,2020-02-26,,0
ring,2020-02-26,,0
campus,2020-02-27,3.2298145957396063,13
ring,2020-02-27,3.8516732564753617,1560
campus,2020-02-28,8.437388394080415,13
ring,2020-02-28,8.21056226142399,1618
campus,2020-02-29,6.142451938678959,13
ring,2020-02-29,7.2750023004624875,1618
campus,2020-03-01,7.108735779361545,13
ring,2020-03-01,6.456933393092237,1616
campus,2020-03-02,7.7737479095167945,13
ring,2020-03-02,5.770848307292245,1361
campus,2020-03-03,10.498881061871844,8
ring,2020-03-03,5.209719046578455,1533
campus,2020-03-04,8.577351253429795,11
ring,2020-03-04,6.162438179700401,1519
campus,2020-03-05,8.47970128017338,7
ring,2020-03-05,8.631837780748548,1129
campus,2020-03-06,5.93344841016323,5
ring,2020-03-06,33.32153460562226,487
campus,2020-03-07,,0
ring,2020-03-07,,0
campus,2020-03-08,11.87434698221011,4
ring,2020-03-08,48.702809818459784,232
campus,2020-03-09,6.02337102157665,10
ring,2020-03-09,5.653648850134258,1523
campus,2020-03-10,10.268170960793123,7
ring,2020-03-10,6.151360389373402,1468
campus,2020-03-11,10.48140460398139,9
ring,2020-03-11,6.396701628808394,1521
campus,2020-03-12,8.572010947832496,10
ring,2020-03-12,5.481549375513428,1482
campus,2020-03-13,7.470612908574839,11
ring,2020-03-13,5.183480649221258,1452
campus,2020-03-14,8.078022521856331,9
ring,2020-03-14,5.111966002811227,1516
campus,2020-03-15,7.535797378230798,8
ring,2020-03-15,6.9434933586965,1308
campus,2020-03-16,10.718949909451641,9
ring,2020-03-16,7.024595972173193,1489
campus,2020-03-17,6.946803269601761,13
ring,2020-03-17,6.999289002895932,1396
campus,2020-03-18,5.02230299330653,13
ring,2020-03-18,5.317562430478341,1618
campus,2020-03-19,,0
ring,2020-03-19,2.187247157710316,59
campus,2020-03-20,8.58564641120288,13
ring,2020-03-20,6.627813606209062,1614
campus,2020-03-21,8.00854481238994,13
ring,2020-03-21,8.061059392956633,1584
campus,2020-03-22,15.847811753481201,13
ring,2020-03-22,6.350251717460254,1617
campus,2020-03-23,,0
ring,2020-03-23,10.340377569105216,511
campus,2020-03-24,7.766255771610097,13
ring,2020-03-24,9.258471196743365,1609
campus,2020-03-25,,0
ring,2020-03-25,,0
campus,2020-03-26,18.884904793940237,13
ring,2020-03-26,11.956125058866009,1281
campus,2020-03-27,16.431250710582507,13
ring,2020-03-27,7.65848807138983,1606
campus,2020-03-28,7.598370425997765,13
ring,2020-03-28,5.900887210769371,1580
campus,2020-03-29,7.915651649936263,13
ring,2020-03-29,5.366187886272963,1608
campus,2020-03-30,5.683249681838241,13
ring,2020-03-30,5.470034850578163,1576
campus,2020-03-31,,0
ring,2020-03-31,,0
campus,2020-04-01,15.107066275298314,13
ring,2020-04-01,7.910981303612415,1609
campus,2020-04-02,12.921393118025808,11
ring,2020-04-02,6.185108859875714,1525
campus,2020-04-03,15.383111978875098,9
ring,2020-04-03,5.23041448351942,1538
campus,2020-04-04,9.588240864942644,8
ring,2020-04-04,6.017822467248502,1273
campus,2020-04-05,10.576626384122251,10
ring,2020-04-05,5.59244357757319,1432
campus,2020-04-06,13.646186532833479,11
ring,2020-04-06,8.527443797350246,947
campus,2020-04-07,13.250752328548097,11
ring,2020-04-07,5.9096478519001945,1249
campus,2020-04-08,9.092565029119246,11
ring,2020-04-08,3.011361995927532,1245
campus,2020-04-09,10.669344700838689,10
ring,2020-04-09,5.555257324391291,1542
campus,2020-04-10,10.422241685776417,10
ring,2020-04-10,5.224604577294856,1525
campus,2020-04-11,17.300478243543502,9
ring,2020-04-11,6.313225349487867,1525
campus,2020-04-12,16.595177746171004,11
ring,2020-04-12,7.076499220423827,1488
campus,2020-04-13,,0
ring,2020-04-13,5.845469354143722,42
campus,2020-04-14,,0
ring,2020-04-14,,0
campus,2020-04-15,5.53403239595778,13
ring,2020-04-15,4.973311028007967,1618
campus,2020-04-16,7.316071618890537,13
ring,2020-04-16,7.102679384963201,1613
campus,2020-04-17,,0
ring,2020-04-17,2.1186468402544656,6
campus,2020-04-18,,0
ring,2020-04-18,0.6937818860546371,59
campus,2020-04-19,6.255364032678826,10
ring,2020-04-19,5.323485028045527,1612
campus,2020-04-20,4.278126302331278,10
ring,2020-04-20,5.578714125605062,1612
campus,2020-04-21,8.805166833800225,10
ring,2020-04-21,6.140847814595835,1611
campus,2020-04-22,9.585490470282293,10
ring,2020-04-22,8.24063846463887,1606
campus,2020-04-23,13.01843207619839,13
ring,2020-04-23,6.911070255082677,1583
campus,2020-04-24,6.404200699617981,10
ring,2020-04-24,7.101952754296893,1610
campus,2020-04-25,,0
ring,2020-04-25,0.5537133472092713,148
campus,2020-04-26,4.405864046454501,10
ring,2020-04-26,6.522897099917601,1605
campus,2020-04-27,8.79434938365388,10
ring,2020-04-27,7.45539099119207,1556
campus,2020-04-28,9.86332808730854,10
ring,2020-04-28,8.179775001935933,1544
campus,2020-04-29,,0
ring,2020-04-29,13.239666586065823,463
campus,2020-04-30,8.234102289639557,7
ring,2020-04-30,9.450090867438671,539
campus,2020-05-01,21.09045884272005,4
ring,2020-05-01,8.623443554721623,876
campus,2020-05-02,,0
ring,2020-05-02,13.207231137648142,575
campus,2020-05-03,,0
ring,2020-05-03,,0
campus,2020-05-04,6.873875440387839,6
ring,2020-05-04,5.689748988621078,1542
campus,2020-05-05,6.355273139365067,9
ring,2020-05-05,5.060058125438138,1440
campus,2020-05-06,,0
ring,2020-05-06,10.308171272277832,2
campus,2020-05-07,,0
ring,2020-05-07,,0
campus,2020-05-08,,0
ring,2020-05-08,,0
campus,2020-05-09,7.569253956154884,8
ring,2020-05-09,5.475034467365222,1545
campus,2020-05-10,8.41603718398325,9
ring,2020-05-10,5.123854877195998,1478
campus,2020-05-11,8.16761313431446,8
ring,2020-05-11,4.588209513369736,1564
campus,2020-05-12,6.602209757753165,6
ring,2020-05-12,5.595139944484356,1513
campus,2020-05-13,,0
ring,2020-05-13,,0
campus,2020-05-14,,0
ring,2020-05-14,,0
campus,2020-05-15,7.000822194585643,8
ring,2020-05-15,5.1316293278053084,1389
campus,2020-05-16,,0
ring,2020-05-16,,0
campus,2020-05-17,5.891422848653139,10
ring,2020-05-17,5.927357099451769,1499
campus,2020-05-18,10.345923013109925,10
ring,2020-05-18,6.595465688586111,1595
campus,2020-05-19,,0
ring,2020-05-19,1.585986389111534,378
campus,2020-05-20,,0
ring,2020-05-20,,0
campus,2020-05-21,6.294729223547057,10
ring,2020-05-21,5.13769620352631,1612
campus,2020-05-22,,0
ring,2020-05-22,5.0449559865544975,640
campus,2020-05-23,4.252294432853899,10
ring,2020-05-23,4.3462824370602355,1196
campus,2020-05-24,,0
ring,2020-05-24,,0
campus,2020-05-25,8.291332298684278,10
ring,2020-05-25,5.9635866178321315,1602
campus,2020-05-26,6.794417775914154,10
ring,2020-05-26,5.263479212581005,1612
campus,2020-05-27,6.302984137192467,10
ring,2020-05-27,5.464322634160423,1544
campus,2020-05-28,6.855235614233523,10
ring,2020-05-28,6.016951169582274,1548
campus,2020-05-29,,0
ring,2020-05-29,1.5526255162826221,155
campus,2020-05-30,,0
ring,2020-05-30,,0
campus,2020-05-31,,0
ring,2020-05-31,,0
campus,2020-06-01,5.996405869415128,11
ring,2020-06-01,5.565299366949095,1547
campus,2020-06-02,8.72026572972938,12
ring,2020-06-02,4.626328061771754,1201
campus,2020-06-03,9.61801087463899,11
ring,2020-06-03,6.179690216039907,1535
campus,2020-06-04,,0
ring,2020-06-04,,0
campus,2020-06-05,,0
ring,2020-06-05,,0
campus,2020-06-06,9.69604496250404,10
ring,2020-06-06,4.801868892604335,1492
campus,2020-06-07,,0
ring,2020-06-07,,0
campus,2020-06-08,,0
ring,2020-06-08,,0
campus,2020-06-09,2.9990089449716453,4
ring,2020-06-09,4.419676885178002,198
campus,2020-06-10,19.636705403234448,7
ring,2020-06-10,16.854817747959643,393
campus,2020-06-11,8.668958023447416,9
ring,2020-06-11,5.622694712911029,1443
campus,2020-06-12,,0
ring,2020-06-12,,0
campus,2020-06-13,10.798602745629768,10
ring,2020-06-13,6.116662279746912,1488
campus,2020-06-14,11.944405479696226,13
ring,2020-06-14,7.39206594506128,1615
campus,2020-06-15,,0
ring,2020-06-15,,0
campus,2020-06-16,,0
ring,2020-06-16,,0
campus,2020-06-17,,0
ring,2020-06-17,,0
campus,2020-06-18,8.998513711688767,13
ring,2020-06-18,5.843024704991731,1615
campus,2020-06-19,,0
ring,2020-06-19,1.4397893242981983,203
campus,2020-06-20,,0
ring,2020-06-20,,0
campus,2020-06-21,,0
ring,2020-06-21,,0
campus,2020-06-22,2.9414645055445234,2
ring,2020-06-22,4.017113155077198,819
campus,2020-06-23,10.17144468895205,13
ring,2020-06-23,5.47808794634958,1576
campus,2020-06-24,7.467356383551118,13
ring,2020-06-24,6.114186820898206,1615
campus,2020-06-25,,0
ring,2020-06-25,12.715302041614272,222
campus,2020-06-26,,0
ring,2020-06-26,,0
campus,2020-06-27,13.046697820009621,13
ring,2020-06-27,5.985567338642744,1615
campus,2020-06-28,,0
ring,2020-06-28,,0
campus,2020-06-29,4.956481735362884,13
ring,2020-06-29,1.1010257826642658,773
campus,2020-06-30,10.863822890696103,13
ring,2020-06-30,7.040511891283988,1550
campus,2020-07-01,,0
ring,2020-07-01,,0
campus,2020-07-02,,0
ring,2020-07-02,,0
campus,2020-07-03,3.8013598918914795,1
ring,2020-07-03,7.9057317922256365,917
campus,2020-07-04,,0
ring,2020-07-04,1.8702607066543018,2
campus,2020-07-05,8.429043699489085,5
ring,2020-07-05,7.328293725570902,883
campus,2020-07-06,,0
ring,2020-07-06,,0
campus,2020-07-07,7.647703655548789,8
ring,2020-07-07,6.3050904079178185,1410
campus,2020-07-08,,0
ring,2020-07-08,,0
campus,2020-07-09,,0
ring,2020-07-09,,0
campus,2020-07-10,,0
ring,2020-07-10,0.5435967588613582,496
campus,2020-07-11,,0
ring,2020-07-11,,0
campus,2020-07-12,,0
ring,2020-07-12,,0
campus,2020-07-13,9.257338430952787,9
ring,2020-07-13,7.616294718993663,916
campus,2020-07-14,8.834904790367366,7
ring,2020-07-14,6.427686776652511,1399
campus,2020-07-15,,0
ring,2020-07-15,0.8248750647069214,331
campus,2020-07-16,,0
ring,2020-07-16,,0
campus,2020-07-17,,0
ring,2020-07-17,10.301471220310829,436
campus,2020-07-18,7.9379968748394045,10
ring,2020-07-18,5.966464960374748,1612
campus,2020-07-19,11.461465221575919,10
ring,2020-07-19,5.752718704252551,1612
campus,2020-07-20,,0
ring,2020-07-20,,0
campus,2020-07-21,6.592773080085386,10
ring,2020-07-21,5.56926004088035,1242
campus,2020-07-22,12.17376563402607,10
ring,2020-07-22,7.007725179577369,1611
campus,2020-07-23,10.355229731180447,10
ring,2020-07-23,7.19112109403415,1585
campus,2020-07-24,,0
ring,2020-07-24,,0
campus,2020-07-25,,0
ring,2020-07-25,0.8973366383475021,31
campus,2020-07-26,,0
ring,2020-07-26,6.991974747757493,934
campus,2020-07-27,,0
ring,2020-07-27,,0
campus,2020-07-28,14.17375183062818,10
ring,2020-07-28,11.117734970784346,1612
campus,2020-07-29,,0
ring,2020-07-29,,0
campus,2020-07-30,,0
ring,2020-07-30,,0
campus,2020-07-31,9.660319178745588,10
ring,2020-07-31,6.297563126820573,1535
campus,2020-08-01,12.037706211059387,7
ring,2020-08-01,6.504001790963667,1539
campus,2020-08-02,18.239439584992148,7
ring,2020-08-02,5.930959768978509,1475
campus,2020-08-03,17.588795543364217,7
ring,2020-08-03,5.795432089419282,1444
campus,2020-08-04,6.2755489462711775,3
ring,2020-08-04,0.23658950015459806,326
campus,2020-08-05,11.51661987780854,9
ring,2020-08-05,5.732173895456295,1475
campus,2020-08-06,,0
ring,2020-08-06,7.99031935943077,17
campus,2020-08-07,,0
ring,2020-08-07,,0
campus,2020-08-08,,0
ring,2020-08-08,7.282294875740963,128
campus,2020-08-09,10.713391147019728,5
ring,2020-08-09,5.463712016108875,1432
campus,2020-08-10,11.515433425149736,3
ring,2020-08-10,5.758736566233784,1456
campus,2020-08-11,,0
ring,2020-08-11,,0
campus,2020-08-12,14.134310239645668,9
ring,2020-08-12,7.780320222539893,1424
campus,2020-08-13,15.102030195700571,7
ring,2020-08-13,6.6559574951258185,1487
campus,2020-08-14,,0
ring,2020-08-14,21.20527629852295,5
campus,2020-08-15,10.006482172158748,6
ring,2020-08-15,5.422274032518439,1477
campus,2020-08-16,,0
ring,2020-08-16,,0
campus,2020-08-17,,0
ring,2020-08-17,,0
campus,2020-08-18,,0
ring,2020-08-18,,0
campus,2020-08-19,9.689989647400765,9
ring,2020-08-19,5.835476562275026,1370
campus,2020-08-20,4.610906543373422,10
ring,2020-08-20,6.459803218457617,1448
campus,2020-08-21,7.88632252784402,13
ring,2020-08-21,6.208232650408221,1599
campus,2020-08-22,,0
ring,2020-08-22,,0
campus,2020-08-23,7.135110450182723,13
ring,2020-08-23,5.362889102688685,1618
campus,2020-08-24,10.84296156976704,13
ring,2020-08-24,5.8821139215497436,1617
campus,2020-08-25,,0
ring,2020-08-25,6.68825336678648,1115
campus,2020-08-26,4.386803080043601,13
ring,2020-08-26,5.9832635658964515,1618
campus,2020-08-27,,0
ring,2020-08-27,0.6832834269716576,157
campus,2020-08-28,18.367248224750366,13
ring,2020-08-28,7.74827490247932,1618
campus,2020-08-29,,0
ring,2020-08-29,,0
campus,2020-08-30,,0
ring,2020-08-30,,0
campus,2020-08-31,10.615769237045228,9
ring,2020-08-31,5.894332109470628,1503
campus,2020-09-01,,0
ring,2020-09-01,3.32220625636203,116
campus,2020-09-02,11.321579922869976,11
ring,2020-09-02,6.309081471825581,1495
campus,2020-09-03,13.546956643233724,13
ring,2020-09-03,6.63083078843508,1485
campus,2020-09-04,17.641489938635893,10
ring,2020-09-04,6.048489297431878,1516
campus,2020-09-05,,0
ring,2020-09-05,0.43124974789886966,68
campus,2020-09-06,8.950930034964587,11
ring,2020-09-06,5.48297957678283,1506
campus,2020-09-07,15.16226072810654,9
ring,2020-09-07,6.650462549166747,1534
campus,2020-09-08,17.08070144313172,12
ring,2020-09-08,7.3616642216500185,1474
campus,2020-09-09,12.729714497084347,13
ring,2020-09-09,6.625588073558515,1478
campus,2020-09-10,12.86490307375179,9
ring,2020-09-10,5.627680833963055,1511
campus,2020-09-11,12.284473157880154,8
ring,2020-09-11,5.916528519839273,1550
campus,2020-09-12,13.714672591889551,11
ring,2020-09-12,6.151473244615165,1371
campus,2020-09-13,8.818992261245775,13
ring,2020-09-13,6.3658617191336315,1618
campus,2020-09-14,,0
ring,2020-09-14,,0
campus,2020-09-15,6.6244292472589725,13
ring,2020-09-15,6.137336387990712,1618
campus,2020-09-16,8.728477634944266,13
ring,2020-09-16,6.399858941765912,1612
campus,2020-09-17,9.592631626017216,13
ring,2020-09-17,6.137931747800226,1618
campus,2020-09-18,10.3623877079554,13
ring,2020-09-18,7.718999989406398,1618
campus,2020-09-19,14.76847797730159,13
ring,2020-09-19,8.653442815470918,1618
campus,2020-09-20,9.483056187979491,13
ring,2020-09-20,6.799378659267777,1231
campus,2020-09-21,8.488886747841542,13
ring,2020-09-21,5.996743653785096,1618
campus,2020-09-22,,0
ring,2020-09-22,,0
campus,2020-09-23,,0
ring,2020-09-23,8.08930385343097,248
campus,2020-09-24,,0
ring,2020-09-24,,0
campus,2020-09-25,17.25169042816184,13
ring,2020-09-25,7.126681563140817,1618
campus,2020-09-26,12.09502627508181,13
ring,2020-09-26,6.344652370293175,1615
campus,2020-09-27,9.70769620795205,13
ring,2020-09-27,1.65277405874622,856
campus,2020-09-28,,0
ring,2020-09-28,,0
campus,2020-09-29,14.932336970815244,10
ring,2020-09-29,7.003415053302635,1540
campus,2020-09-30,10.993684239140606,12
ring,2020-09-30,4.638260203567552,1523
campus,2020-10-01,11.89685638350825,11
ring,2020-10-01,5.82425193395731,1498
campus,2020-10-02,9.383564833394239,9
ring,2020-10-02,6.504878374011204,1511
campus,2020-10-03,,0
ring,2020-10-03,6.783425546928123,1329
campus,2020-10-04,20.336935425585676,9
ring,2020-10-04,6.535261341282323,1537
campus,2020-10-05,12.304745362381642,10
ring,2020-10-05,7.4991243748329675,1534
campus,2020-10-06,11.603432439760121,12
ring,2020-10-06,6.063389968552692,1540
campus,2020-10-07,14.536169439581938,10
ring,2020-10-07,5.906065366513634,1569
campus,2020-10-08,10.194775614263385,11
ring,2020-10-08,3.5694094895404893,666
campus,2020-10-09,16.372344500878274,10
ring,2020-10-09,6.977184635760586,1491
campus,2020-10-10,,0
ring,2020-10-10,1.976977528325769,9
campus,2020-10-11,14.654332612621364,11
ring,2020-10-11,6.285050321737744,1531
campus,2020-10-12,12.856472146007158,12
ring,2020-10-12,5.931436578727275,1524
campus,2020-10-13,,0
ring,2020-10-13,,0
campus,2020-10-14,17.196440928418873,13
ring,2020-10-14,6.520194299594931,1618
campus,2020-10-15,26.851893080232287,13
ring,2020-10-15,8.985399626543403,1618
campus,2020-10-16,21.704625064778213,13
ring,2020-10-16,7.613123672037158,1618
campus,2020-10-17,18.90560303075772,13
ring,2020-10-17,5.922116139497357,1618
campus,2020-10-18,18.036252662329602,13
ring,2020-10-18,6.623255125948369,1615
campus,2020-10-19,,0
ring,2020-10-19,4.571348549325201,414
campus,2020-10-20,19.441735783093407,13
ring,2020-10-20,7.345657571138604,1616
campus,2020-10-21,26.985072851181027,13
ring,2020-10-21,8.35427822869591,1618
campus,2020-10-22,18.07991754924747,13
ring,2020-10-22,6.837678653627238,1617
campus,2020-10-23,19.721447722872657,13
ring,2020-10-23,6.459775569764094,1612
campus,2020-10-24,,0
ring,2020-10-24,0.9107257127761841,1
campus,2020-10-25,,0
ring,2020-10-25,0.7770881652832031,1
campus,2020-10-26,32.27128651500307,13
ring,2020-10-26,9.456593758677863,1618
campus,2020-10-27,21.35940710417658,12
ring,2020-10-27,8.100863339945112,1327
campus,2020-10-28,,0
ring,2020-10-28,,0
campus,2020-10-29,14.2291656298313,11
ring,2020-10-29,3.7615725094704775,1199
campus,2020-10-30,16.5057597017624,13
ring,2020-10-30,3.833215946503788,1470
campus,2020-10-31,25.61847022317529,11
ring,2020-10-31,4.748649345439594,1408
campus,2020-11-01,25.9953575424033,12
ring,2020-11-01,4.295429806937343,1412
campus,2020-11-02,15.753708919151649,8
ring,2020-11-02,3.30898505709558,1349
campus,2020-11-03,16.85390520765406,8
ring,2020-11-03,3.5031954911067897,1349
campus,2020-11-04,18.352690206929896,6
ring,2020-11-04,3.8543762031515696,1243
campus,2020-11-05,13.767675461775696,11
ring,2020-11-05,4.553874281314617,1458
campus,2020-11-06,18.57163433166412,9
ring,2020-11-06,5.543303895414281,1462
campus,2020-11-07,15.163904850299541,9
ring,2020-11-07,3.565290975824205,1379
campus,2020-11-08,12.3770277743772,8
ring,2020-11-08,3.552119313495618,1330
campus,2020-11-09,11.34999804559783,7
ring,2020-11-09,3.493863846962162,1365
campus,2020-11-10,20.628045365833245,9
ring,2020-11-10,6.63972544881085,978
campus,2020-11-11,12.62340219857547,13
ring,2020-11-11,5.590144819581141,1618
campus,2020-11-12,9.388990606920258,13
ring,2020-11-12,4.024228122993703,1618
campus,2020-11-13,,0
ring,2020-11-13,2.0148847989876906,21
campus,2020-11-14,9.903152771259135,13
ring,2020-11-14,4.404020022430203,1298
campus,2020-11-15,14.333909377105917,13
ring,2020-11-15,3.983116988081413,1618
campus,2020-11-16,,0
ring,2020-11-16,,0
campus,2020-11-17,,0
ring,2020-11-17,0.3544657207055128,47
campus,2020-11-18,,0
ring,2020-11-18,1.8001261728675602,173
campus,2020-11-19,,0
ring,2020-11-19,5.099857212356876,906
campus,2020-11-20,,0
ring,2020-11-20,,0
campus,2020-11-21,,0
ring,2020-11-21,7.005858169239679,275
campus,2020-11-22,,0
ring,2020-11-22,3.269484600405559,601
campus,2020-11-23,,0
ring,2020-11-23,1.0560332912229788,201
campus,2020-11-24,,0
ring,2020-11-24,0.9467526434815192,316
campus,2020-11-25,,0
ring,2020-11-25,5.543257894262404,942
campus,2020-11-26,36.99867630004883,1
ring,2020-11-26,6.841142677984937,930
campus,2020-11-27,,0
ring,2020-11-27,5.10610015569175,706
campus,2020-11-28,13.672239214874978,2
ring,2020-11-28,8.903396078025263,892
campus,2020-11-29,13.694773825732145,2
ring,2020-11-29,5.360226949892086,1068
campus,2020-11-30,8.068977186502504,3
ring,2020-11-30,6.27974651014903,1057
campus,2020-12-01,8.627463340759277,1
ring,2020-12-01,5.86708891292248,1119
campus,2020-12-02,,0
ring,2020-12-02,5.917202943495058,1169
campus,2020-12-03,14.877460479736328,1
ring,2020-12-03,5.3544298933309245,1226
campus,2020-12-04,12.454266548156738,1
ring,2020-12-04,4.602140845328019,1264
campus,2020-12-05,16.547214760891222,5
ring,2020-12-05,7.197445300885413,697
campus,2020-12-06,22.29023079930384,4
ring,2020-12-06,4.569502089404086,1315
campus,2020-12-07,17.328459932508256,5
ring,2020-12-07,6.572278249295627,1144
campus,2020-12-08,8.951374597785888,3
ring,2020-12-08,13.087085430257748,572
campus,2020-12-09,5.636510307138617,2
ring,2020-12-09,8.526303791019666,638
campus,2020-12-10,10.74708413193671,12
ring,2020-12-10,3.7885475197314413,1503
campus,2020-12-11,12.524890123888358,13
ring,2020-12-11,3.528094645227693,1436
campus,2020-12-12,12.218979563152088,12
ring,2020-12-12,4.071370079953115,1232
campus,2020-12-13,13.819065910566728,11
ring,2020-12-13,5.258632545870335,1414
campus,2020-12-14,9.555089269282963,12
ring,2020-12-14,4.793721860916466,1474
campus,2020-12-15,11.101123861863579,13
ring,2020-12-15,3.5284147246660726,1545
campus,2020-12-16,10.302196138576397,12
ring,2020-12-16,3.288202777579711,1563
campus,2020-12-17,10.695139759443173,13
ring,2020-12-17,3.672692609868302,1562
campus,2020-12-18,13.118847598184958,9
ring,2020-12-18,4.767688299926636,1525
campus,2020-12-19,11.202819098348487,9
ring,2020-12-19,4.404068278418214,1542
campus,2020-12-20,8.514718752186102,10
ring,2020-12-20,3.4954352906976656,1560
campus,2020-12-21,9.59813388797478,12
ring,2020-12-21,3.1804873252340955,1559
campus,2020-12-22,11.675123515461765,10
ring,2020-12-22,3.1038739250473704,1543
campus,2020-12-23,12.623942398679429,7
ring,2020-12-23,12.151555100308416,394
campus,2020-12-24,11.923083646350435,9
ring,2020-12-24,4.245121325894798,1510
campus,2020-12-25,11.645792140827313,9
ring,2020-12-25,3.527845183843077,1316
campus,2020-12-26,12.412876928800316,8
ring,2020-12-26,3.0900391154932216,1508
campus,2020-12-27,9.359479163910125,9
ring,2020-12-27,9.159510030914584,453
campus,2020-12-28,20.846032912662302,4
ring,2020-12-28,3.998673055893481,1365
campus,2020-12-29,15.648637865032553,8
ring,2020-12-29,3.556158146786351,1440
campus,2020-12-30,8.621497512930903,10
ring,2020-12-30,2.9041096654206435,1474
campus,2021-01-01,11.62166051717207,7
ring,2021-01-01,2.1326023736636026,1491
campus,2021-01-02,13.700925214296683,8
ring,2021-01-02,2.537599600881988,1483
campus,2021-01-03,11.162259762273123,10
ring,2021-01-03,3.511930027708004,1402
campus,2021-01-04,14.367188362253122,7
ring,2021-01-04,3.11178338177844,1456
campus,2021-01-05,13.354455486053235,8
ring,2021-01-05,3.06305703961783,1411
campus,2021-01-06,12.978579408946533,8
ring,2021-01-06,7.343818448014088,581
campus,2021-01-07,9.82972706328704,12
ring,2021-01-07,2.934864537453555,1550
campus,2021-01-08,10.230781840856094,9
ring,2021-01-08,3.9285015610012284,1537
campus,2021-01-09,16.370937248910533,13
ring,2021-01-09,4.686654728466059,1605
campus,2021-01-10,7.741148102451378,13
ring,2021-01-10,3.0954696183230817,1603
campus,2021-01-11,,0
ring,2021-01-11,0.8361188756276535,195
campus,2021-01-12,10.041376808859368,13
ring,2021-01-12,3.2923580793395955,1614
campus,2021-01-13,11.317724492068578,13
ring,2021-01-13,3.765788241926107,1275
campus,2021-01-14,10.63625979507473,13
ring,2021-01-14,3.9420432405631733,1617
campus,2021-01-15,10.433836158172625,13
ring,2021-01-15,3.608900135438029,1609
campus,2021-01-16,8.568992908571806,13
ring,2021-01-16,2.9983040115801574,1614
campus,2021-01-17,5.5975703374600725,13
ring,2021-01-17,2.8345417084445304,1616
campus,2021-01-18,13.242844680665241,13
ring,2021-01-18,3.1382480271725313,1617
campus,2021-01-19,19.276287138741896,13
ring,2021-01-19,4.3069887022615445,1614
campus,2021-01-20,13.22017797673812,13
ring,2021-01-20,3.948890808212171,1541
campus,2021-01-21,10.575145286013823,13
ring,2021-01-21,2.680387521624798,1610
campus,2021-01-22,11.219689680920453,12
ring,2021-01-22,3.099171713229843,1370
campus,2021-01-23,9.784748053219582,11
ring,2021-01-23,3.3149547209975605,1233
campus,2021-01-24,,0
ring,2021-01-24,,0
campus,2021-01-25,12.835395529728734,11
ring,2021-01-25,3.464151742904526,1456
campus,2021-01-26,13.284575270095337,13
ring,2021-01-26,2.8348550396331484,1548
campus,2021-01-27,9.248404698612541,13
ring,2021-01-27,2.4008691792659382,1540
campus,2021-01-28,10.629564433113272,12
ring,2021-01-28,2.1847751626370817,1539
campus,2021-01-29,17.046399380352003,10
ring,2021-01-29,2.6533483251435537,1537
campus,2021-01-30,15.336255047242963,13
ring,2021-01-30,3.3162108305959173,1515
campus,2021-01-31,12.580858701136375,11
ring,2021-01-31,3.3467645423943027,1475
campus,2021-02-01,11.850972544406808,12
ring,2021-02-01,2.1687478886190195,1534
campus,2021-02-02,,0
ring,2021-02-02,1.8450814233397064,10
campus,2021-02-03,11.202581478116658,13
ring,2021-02-03,3.065946214056654,1544
campus,2021-02-04,17.963238040046512,13
ring,2021-02-04,4.114295709864427,1426
campus,2021-02-05,13.2992605250766,13
ring,2021-02-05,3.495981056670038,1502
campus,2021-02-06,10.74811002374255,13
ring,2021-02-06,2.7604902729505048,1618
campus,2021-02-07,9.100849869525486,13
ring,2021-02-07,3.2972852843521965,1609
campus,2021-02-08,10.812493363176714,13
ring,2021-02-08,2.941730440524416,1533
campus,2021-02-09,,0
ring,2021-02-09,8.90880110448831,228
campus,2021-02-10,16.04386935799334,13
ring,2021-02-10,5.768117799619111,1608
campus,2021-02-11,15.290063861110399,13
ring,2021-02-11,12.729654766444618,1521
campus,2021-02-12,,0
ring,2021-02-12,,0
campus,2021-02-13,,0
ring,2021-02-13,3.489471415664204,160
campus,2021-02-14,10.910696294665897,13
ring,2021-02-14,4.219539061198429,1617
campus,2021-02-15,14.5463127499455,13
ring,2021-02-15,5.53078590644867,1618
campus,2021-02-16,14.920374852670749,13
ring,2021-02-16,5.672878048224415,1618
campus,2021-02-17,10.9956839740836,13
ring,2021-02-17,4.94841696656355,1522
campus,2021-02-18,8.02823361950301,13
ring,2021-02-18,5.349356124548288,908
campus,2021-02-19,22.939163616565466,13
ring,2021-02-19,8.39337023278848,1417
campus,2021-02-20,,0
ring,2021-02-20,,0
campus,2021-02-21,14.191865215838794,13
ring,2021-02-21,7.164597566369235,1374
campus,2021-02-22,,0
ring,2021-02-22,,0
campus,2021-02-23,9.822456837700996,11
ring,2021-02-23,6.166477185076854,1516
campus,2021-02-24,,0
ring,2021-02-24,0.09987171949125802,15
campus,2021-02-25,13.653798718407677,13
ring,2021-02-25,8.005577544835708,1329
campus,2021-02-26,11.89925957485121,10
ring,2021-02-26,7.568514327230022,1468
campus,2021-02-27,,0
ring,2021-02-27,,0
campus,2021-02-28,,0
ring,2021-02-28,,0
campus,2021-03-01,16.926641928569204,10
ring,2021-03-01,11.293389629713516,940
campus,2021-03-02,11.751071376140128,13
ring,2021-03-02,6.742166609082894,1467
campus,2021-03-03,17.025214918902222,13
ring,2021-03-03,7.451341818286276,1458
campus,2021-03-04,11.857820376823764,13
ring,2021-03-04,8.040312544860024,1158
campus,2021-03-05,11.567005835752436,7
ring,2021-03-05,6.1710016290630065,1483
campus,2021-03-06,8.478881001752304,13
ring,2021-03-06,6.68712230291732,1609
campus,2021-03-07,7.7933387442933535,13
ring,2021-03-07,6.4238135334286515,1617
campus,2021-03-08,10.76683938895033,13
ring,2021-03-08,8.439554893941482,1618
campus,2021-03-09,8.56148418940996,2
ring,2021-03-09,5.6486933677256035,394
campus,2021-03-10,10.98563901975121,13
ring,2021-03-10,6.885367907023471,1440
campus,2021-03-11,,0
ring,2021-03-11,,0
campus,2021-03-12,7.004500881187232,13
ring,2021-03-12,6.904851185290338,1618
campus,2021-03-13,,0
ring,2021-03-13,1.139144201642975,4
campus,2021-03-14,,0
ring,2021-03-14,1.3107870920518354,762
campus,2021-03-15,10.7307148565289,13
ring,2021-03-15,6.662857926804274,1618
campus,2021-03-16,6.8987376298143275,13
ring,2021-03-16,6.182038237613047,1511
campus,2021-03-17,,0
ring,2021-03-17,,0
campus,2021-03-18,,0
ring,2021-03-18,2.5721124597150427,1059
campus,2021-03-19,5.487998895522014,13
ring,2021-03-19,4.243066396698487,1618
campus,2021-03-20,13.933075487893507,13
ring,2021-03-20,8.275570611742575,1618
campus,2021-03-21,10.925147988706685,13
ring,2021-03-21,5.284499620236601,1618
campus,2021-03-22,9.290822852385435,13
ring,2021-03-22,6.255727239693323,1305
campus,2021-03-23,13.078929406936178,13
ring,2021-03-23,6.602594580602778,1527
campus,2021-03-24,13.635579529423868,11
ring,2021-03-24,8.589463779210055,1161
campus,2021-03-25,,0
ring,2021-03-25,,0
campus,2021-03-26,9.438561641274482,13
ring,2021-03-26,6.1046015936915925,1545
campus,2021-03-27,12.134655595945079,13
ring,2021-03-27,7.935756819481262,1313
campus,2021-03-28,,0
ring,2021-03-28,,0
campus,2021-03-29,,0
ring,2021-03-29,,0
campus,2021-03-30,9.740783335195665,12
ring,2021-03-30,6.49816831121543,1502
campus,2021-03-31,,0
ring,2021-03-31,,0
campus,2021-04-01,,0
ring,2021-04-01,,0
campus,2021-04-02,12.417773287466192,9
ring,2021-04-02,5.022447785633491,1067
campus,2021-04-03,,0
ring,2021-04-03,,0
campus,2021-04-04,19.85254074545467,2
ring,2021-04-04,13.584008503444538,1006
campus,2021-04-05,12.272483921946492,13
ring,2021-04-05,7.434350754675071,1618
campus,2021-04-06,9.86677463261734,13
ring,2021-04-06,7.1212651577326005,1586
campus,2021-04-07,7.22103908867903,13
ring,2021-04-07,9.183529189310166,1204
campus,2021-04-08,14.628065197680474,13
ring,2021-04-08,8.206074207928303,1618
campus,2021-04-09,11.536054422318095,13
ring,2021-04-09,8.547404837515083,1616
campus,2021-04-10,,0
ring,2021-04-10,,0
campus,2021-04-11,,0
ring,2021-04-11,1.1158149304759863,553
campus,2021-04-12,8.844517900350507,13
ring,2021-04-12,7.253784240070095,1607
campus,2021-04-13,10.123061269101958,13
ring,2021-04-13,6.8568026674804,1599
campus,2021-04-14,14.209692278798196,13
ring,2021-04-14,8.580547669464305,1617
campus,2021-04-15,,0
ring,2021-04-15,,0
campus,2021-04-16,12.97357122383207,13
ring,2021-04-16,6.964890995779412,1615
campus,2021-04-17,10.326568348796714,13
ring,2021-04-17,7.573253898995096,1486
campus,2021-04-18,9.404897528793951,12
ring,2021-04-18,11.861696058062206,885
campus,2021-04-19,,0
ring,2021-04-19,1.345071657297804,159
campus,2021-04-20,13.222736160303667,9
ring,2021-04-20,13.289998158241868,835
campus,2021-04-21,,0
ring,2021-04-21,,0
campus,2021-04-22,7.224669740536986,10
ring,2021-04-22,5.381724201606389,1570
campus,2021-04-23,11.777151189608245,9
ring,2021-04-23,5.4598142295972965,1538
campus,2021-04-24,,0
ring,2021-04-24,,0
campus,2021-04-25,,0
ring,2021-04-25,,0
campus,2021-04-26,13.336386792064067,10
ring,2021-04-26,5.365072851035241,1544
campus,2021-04-27,8.268743574499364,7
ring,2021-04-27,4.6906518394186385,1509
campus,2021-04-28,,0
ring,2021-04-28,6.08034768299204,819
campus,2021-04-29,,0
ring,2021-04-29,,0
campus,2021-04-30,17.44198287151794,10
ring,2021-04-30,6.770705810507842,1447
campus,2021-05-01,12.458056546208073,9
ring,2021-05-01,6.492804857024874,1520
campus,2021-05-02,12.384004787952332,10
ring,2021-05-02,5.371333840481132,929
campus,2021-05-03,5.983642101287842,1
ring,2021-05-03,6.517132105041315,1272
campus,2021-05-04,10.118698223616725,10
ring,2021-05-04,5.712159860133608,1612
campus,2021-05-05,,0
ring,2021-05-05,,0
campus,2021-05-06,16.28455206462153,10
ring,2021-05-06,8.002641452290547,1611
campus,2021-05-07,7.726362763093779,10
ring,2021-05-07,6.424625479105376,1612
campus,2021-05-08,,0
ring,2021-05-08,0.5946806344285228,87
campus,2021-05-09,,0
ring,2021-05-09,0.5410873683623114,47
campus,2021-05-10,8.750045638178243,10
ring,2021-05-10,7.6229262882428515,1394
campus,2021-05-11,,0
ring,2021-05-11,13.33494832905155,466
campus,2021-05-12,10.9226232706683,10
ring,2021-05-12,7.075754107846058,1612
campus,2021-05-13,,0
ring,2021-05-13,,0
campus,2021-05-14,,0
ring,2021-05-14,,0
campus,2021-05-15,,0
ring,2021-05-15,,0
campus,2021-05-16,10.567659651017573,10
ring,2021-05-16,8.375813940628106,1612
campus,2021-05-17,12.331550094579471,10
ring,2021-05-17,8.468270685981933,1612
campus,2021-05-18,8.853329017607313,10
ring,2021-05-18,6.861466864244234,1611
campus,2021-05-19,,0
ring,2021-05-19,0.563933770993591,5
campus,2021-05-20,7.99765498821552,10
ring,2021-05-20,6.106665311497138,1603
campus,2021-05-21,11.324822321631899,10
ring,2021-05-21,7.667369260416096,1554
campus,2021-05-22,,0
ring,2021-05-22,,0
campus,2021-05-23,13.377561282599762,10
ring,2021-05-23,12.14206586683944,1427
campus,2021-05-24,,0
ring,2021-05-24,4.378238658355832,141
campus,2021-05-25,9.406479674241075,9
ring,2021-05-25,9.770584755063796,389
campus,2021-05-26,,0
ring,2021-05-26,,0
campus,2021-05-27,10.809965077412784,9
ring,2021-05-27,8.065997735307851,1491
campus,2021-05-28,,0
ring,2021-05-28,0.42027947628928014,73
campus,2021-05-29,10.189638735580445,8
ring,2021-05-29,5.5261883263636395,1504
campus,2021-05-30,,0
ring,2021-05-30,,0
campus,2021-05-31,10.127805397030981,10
ring,2021-05-31,6.950592758995471,1497
campus,2021-06-01,11.078337483540032,13
ring,2021-06-01,8.462330660349066,1512
campus,2021-06-02,,0
ring,2021-06-02,6.636868041578882,203
campus,2021-06-03,12.419825607968365,10
ring,2021-06-03,7.456410856812245,1536
campus,2021-06-04,11.169922589329426,13
ring,2021-06-04,7.162072329286972,1615
campus,2021-06-05,,0
ring,2021-06-05,9.590074814538927,774
campus,2021-06-06,,0
ring,2021-06-06,,0
campus,2021-06-07,11.079983100446487,13
ring,2021-06-07,3.2435430630002338,992
campus,2021-06-08,,0
ring,2021-06-08,8.088557695436672,20
campus,2021-06-09,9.993695405879139,13
ring,2021-06-09,6.3137127801735025,1455
campus,2021-06-10,,0
ring,2021-06-10,1.3043461463072659,95
campus,2021-06-11,10.678129196166992,1
ring,2021-06-11,3.9806295468507553,657
campus,2021-06-12,,0
ring,2021-06-12,,0
campus,2021-06-13,,0
ring,2021-06-13,,0
campus,2021-06-14,,0
ring,2021-06-14,3.46220816264423,653
campus,2021-06-15,,0
ring,2021-06-15,,0
campus,2021-06-16,,0
ring,2021-06-16,,0
campus,2021-06-17,,0
ring,2021-06-17,2.23903519304982,59
campus,2021-06-18,,0
ring,2021-06-18,,0
campus,2021-06-19,,0
ring,2021-06-19,15.909248161752771,82
campus,2021-06-20,,0
ring,2021-06-20,1.5307896121640383,777
campus,2021-06-21,10.1343095779989,13
ring,2021-06-21,7.185115032407812,1543
campus,2021-06-22,,0
ring,2021-06-22,,0
campus,2021-06-23,,0
ring,2021-06-23,,0
campus,2021-06-24,,0
ring,2021-06-24,,0
campus,2021-06-25,15.138913230831122,12
ring,2021-06-25,6.140925657676922,1498
campus,2021-06-26,10.191287280373672,9
ring,2021-06-26,7.453286971011393,1500
campus,2021-06-27,11.822615629744547,13
ring,2021-06-27,7.300095317902424,1522
campus,2021-06-28,8.48435424007265,3
ring,2021-06-28,3.4063930637365707,85
campus,2021-06-29,,0
ring,2021-06-29,,0
campus,2021-06-30,8.499332838289199,10
ring,2021-06-30,4.350920461399848,922
campus,2021-07-01,,0
ring,2021-07-01,13.46683990549061,449
campus,2021-07-02,9.03351352162085,13
ring,2021-07-02,5.851594782244301,1235
campus,2021-07-03,14.329332278905973,11
ring,2021-07-03,8.431480568079536,1475
campus,2021-07-04,,0
ring,2021-07-04,1.182471576427012,26
campus,2021-07-05,10.179452024508814,9
ring,2021-07-05,6.545799141957156,1515
campus,2021-07-06,10.485744257377029,10
ring,2021-07-06,7.170338348284507,1612
campus,2021-07-07,10.750832047715527,10
ring,2021-07-07,7.988500097483217,1363
campus,2021-07-08,14.523485039271412,10
ring,2021-07-08,8.407090609526808,1612
campus,2021-07-09,,0
ring,2021-07-09,1.7582412426383895,164
campus,2021-07-10,14.673396116970848,13
ring,2021-07-10,7.78473934037975,1618
campus,2021-07-11,,0
ring,2021-07-11,,0
campus,2021-07-12,,0
ring,2021-07-12,,0
campus,2021-07-13,10.326224261405004,10
ring,2021-07-13,7.198825299456443,1612
campus,2021-07-14,13.300510560321753,10
ring,2021-07-14,9.498832643690521,1612
campus,2021-07-15,,0
ring,2021-07-15,9.145011646321464,607
campus,2021-07-16,,0
ring,2021-07-16,4.734631231661593,2
campus,2021-07-17,9.352428210798161,10
ring,2021-07-17,7.35261309512053,1276
campus,2021-07-18,11.090299183794906,10
ring,2021-07-18,6.959555743599671,1488
campus,2021-07-19,14.05167781275941,10
ring,2021-07-19,9.340914845896195,1597
campus,2021-07-20,15.188014476869387,10
ring,2021-07-20,9.982104387421165,1612
campus,2021-07-21,,0
ring,2021-07-21,1.6939541041871518,51
campus,2021-07-22,7.587164785703024,9
ring,2021-07-22,7.113021445458098,1267
campus,2021-07-23,,0
ring,2021-07-23,1.7029432289880948,461
campus,2021-07-24,,0
ring,2021-07-24,,0
campus,2021-07-25,10.498196479281146,9
ring,2021-07-25,5.961241511944979,1515
campus,2021-07-26,,0
ring,2021-07-26,7.180139801550131,28
campus,2021-07-27,8.452369103983761,8
ring,2021-07-27,6.446038956654486,1429
campus,2021-07-28,,0
ring,2021-07-28,,0
campus,2021-07-29,12.45780462726782,10
ring,2021-07-29,6.826272339078753,1527
campus,2021-07-30,11.858804140384576,9
ring,2021-07-30,9.158497478670489,1474
campus,2021-07-31,11.028253311903335,10
ring,2021-07-31,8.497574640586365,1493
campus,2021-08-01,10.960259922928376,10
ring,2021-08-01,7.3332354140973,1507
campus,2021-08-02,,0
ring,2021-08-02,,0
campus,2021-08-03,,0
ring,2021-08-03,,0
campus,2021-08-04,,0
ring,2021-08-04,,0
campus,2021-08-05,14.926138395324669,9
ring,2021-08-05,9.505948809820788,1316
campus,2021-08-06,15.225004012483746,10
ring,2021-08-06,4.259402657064666,960
campus,2021-08-07,,0
ring,2021-08-07,,0
campus,2021-08-08,9.110103234718661,13
ring,2021-08-08,7.215902805997098,1252
campus,2021-08-09,8.375263588301967,10
ring,2021-08-09,7.513034173085609,1612
campus,2021-08-10,11.886927914036551,10
ring,2021-08-10,9.421865534830621,1612
campus,2021-08-11,11.244133103654436,10
ring,2021-08-11,7.877318655104807,1612
campus,2021-08-12,10.467869016764487,10
ring,2021-08-12,7.0173654939402805,1612
campus,2021-08-13,,0
ring,2021-08-13,0.9559726718241957,245
campus,2021-08-14,,0
ring,2021-08-14,2.3522204421960784,383
campus,2021-08-15,7.277830724141821,10
ring,2021-08-15,8.751762544996337,1612
campus,2021-08-16,14.315745989481607,10
ring,2021-08-16,7.608720892435646,1612
campus,2021-08-17,9.923319905018907,10
ring,2021-08-17,7.697157397286057,996
campus,2021-08-18,,0
ring,2021-08-18,,0
campus,2021-08-19,,0
ring,2021-08-19,2.1488740190113877,625
campus,2021-08-20,13.313079238009015,10
ring,2021-08-20,7.891045605464121,1507
campus,2021-08-21,7.976569740748774,9
ring,2021-08-21,7.175513968981751,1598
campus,2021-08-22,14.674567725686313,10
ring,2021-08-22,6.663387895535359,1507
campus,2021-08-23,8.775613342808347,8
ring,2021-08-23,6.09223760963399,1219
campus,2021-08-24,,0
ring,2021-08-24,,0
campus,2021-08-25,,0
ring,2021-08-25,6.579637171132997,751
campus,2021-08-26,11.54714476890701,12
ring,2021-08-26,7.099352585359197,1514
campus,2021-08-27,32.00238371267123,10
ring,2021-08-27,10.840631544751083,1389
campus,2021-08-28,11.087902110914449,11
ring,2021-08-28,5.5855128206196,1513
campus,2021-08-29,11.871465015006542,12
ring,2021-08-29,6.444979328374513,1555
campus,2021-08-30,,0
ring,2021-08-30,,0
campus,2021-08-31,11.788926930914462,13
ring,2021-08-31,8.3113452831603,1507
campus,2021-09-01,12.588237371523054,13
ring,2021-09-01,8.164166608283608,1581
campus,2021-09-02,13.858972362870155,12
ring,2021-09-02,6.958925455426915,1523
campus,2021-09-03,,0
ring,2021-09-03,,0
campus,2021-09-04,5.901097943455399,13
ring,2021-09-04,5.274271368520965,1529
campus,2021-09-05,,0
ring,2021-09-05,,0
campus,2021-09-06,14.169123457071365,13
ring,2021-09-06,7.747053568439111,1618
campus,2021-09-07,15.61676206639115,13
ring,2021-09-07,6.183020137077097,932
campus,2021-09-08,,0
ring,2021-09-08,0.9747609963366471,89
campus,2021-09-09,7.570895419993869,13
ring,2021-09-09,6.844089847423853,1618
campus,2021-09-10,15.144647256029598,13
ring,2021-09-10,7.892512857754255,1618
campus,2021-09-11,,0
ring,2021-09-11,1.7665196437692152,522
campus,2021-09-12,,0
ring,2021-09-12,,0
campus,2021-09-13,,0
ring,2021-09-13,0.6114373488871632,354
campus,2021-09-14,,0
ring,2021-09-14,,0
campus,2021-09-15,,0
ring,2021-09-15,,0
campus,2021-09-16,15.314739598354821,13
ring,2021-09-16,8.436408199286527,1618
campus,2021-09-17,,0
ring,2021-09-17,,0
campus,2021-09-18,,0
ring,2021-09-18,,0
campus,2021-09-19,,0
ring,2021-09-19,6.995999490869867,621
campus,2021-09-20,9.822689307263468,9
ring,2021-09-20,6.474685282769983,1503
campus,2021-09-21,17.832989464022894,9
ring,2021-09-21,7.5394870566081496,1470
campus,2021-09-22,13.173607684116737,9
ring,2021-09-22,7.336104760915625,1561
campus,2021-09-23,,0
ring,2021-09-23,,0
campus,2021-09-24,10.442414270977363,12
ring,2021-09-24,11.550427197237575,646
campus,2021-09-25,15.420469170207385,9
ring,2021-09-25,4.2495089583417105,1164
campus,2021-09-26,13.51918383367321,11
ring,2021-09-26,8.227051410243341,1284
campus,2021-09-27,,0
ring,2021-09-27,,0
campus,2021-09-28,12.167155143800473,13
ring,2021-09-28,6.8427457144152966,1565
campus,2021-09-29,,0
ring,2021-09-29,8.954065446762087,164
campus,2021-09-30,8.418892545492106,12
ring,2021-09-30,11.291522454325905,1047
campus,2021-10-01,13.06475737140661,6
ring,2021-10-01,14.444615327574864,751
campus,2021-10-02,13.980195209733756,13
ring,2021-10-02,9.68059488177868,1609
campus,2021-10-03,,0
ring,2021-10-03,,0
campus,2021-10-04,,0
ring,2021-10-04,,0
campus,2021-10-05,,0
ring,2021-10-05,,0
campus,2021-10-06,,0
ring,2021-10-06,1.0803929322233825,14
campus,2021-10-07,13.162785323852663,13
ring,2021-10-07,8.285412860461363,1618
campus,2021-10-08,,0
ring,2021-10-08,1.2852239221042219,499
campus,2021-10-09,12.642218234393516,13
ring,2021-10-09,6.183586919513686,1561
campus,2021-10-10,6.25584402673401,13
ring,2021-10-10,6.279281780591098,1618
campus,2021-10-11,10.083429990519937,13
ring,2021-10-11,6.715664061413571,1610
campus,2021-10-12,,0
ring,2021-10-12,0.5968374871421929,48
campus,2021-10-13,,0
ring,2021-10-13,,0
campus,2021-10-14,11.17765953031504,13
ring,2021-10-14,6.93072338419803,1613
campus,2021-10-15,7.143569752504008,13
ring,2021-10-15,7.169799043557974,1618
campus,2021-10-16,10.763303538247843,12
ring,2021-10-16,7.519683878882003,1560
campus,2021-10-17,10.491472867391005,11
ring,2021-10-17,7.432141646052366,1529
campus,2021-10-18,10.466186655165457,7
ring,2021-10-18,8.174698762277057,1538
campus,2021-10-19,9.20138609605216,13
ring,2021-10-19,6.914596161685839,1537
campus,2021-10-20,10.276427276364352,10
ring,2021-10-20,6.600390060297899,1534
campus,2021-10-21,7.994895174624101,12
ring,2021-10-21,7.378935652124628,1534
campus,2021-10-22,10.028328559337519,9
ring,2021-10-22,6.407899196219527,1552
campus,2021-10-23,15.133627000062361,10
ring,2021-10-23,7.641188747010022,1555
campus,2021-10-24,16.933236687598452,8
ring,2021-10-24,9.625434450833229,1439
campus,2021-10-25,11.206982394030994,11
ring,2021-10-25,7.058365469422284,1549
campus,2021-10-26,7.197396205344668,13
ring,2021-10-26,6.5800609146097395,1545
campus,2021-10-27,,0
ring,2021-10-27,,0
campus,2021-10-28,10.080478956879785,12
ring,2021-10-28,8.35146595765602,1314
campus,2021-10-29,13.363755677037565,8
ring,2021-10-29,9.449980699439509,1432
campus,2021-10-30,11.308888257391834,10
ring,2021-10-30,7.944462477352865,1536
campus,2021-10-31,10.550142286183835,12
ring,2021-10-31,6.6838607120603,1569
campus,2021-11-01,,0
ring,2021-11-01,0.8290985226631165,1
campus,2021-11-02,15.043178329445386,13
ring,2021-11-02,7.267112263238034,1618
campus,2021-11-03,18.07852562100674,13
ring,2021-11-03,9.19290761852613,1618
campus,2021-11-04,16.898504695422208,13
ring,2021-11-04,7.515055022710543,1618
campus,2021-11-05,,0
ring,2021-11-05,,0
campus,2021-11-06,,0
ring,2021-11-06,,0
campus,2021-11-07,29.188188552856445,1
ring,2021-11-07,16.6862837482062,345
campus,2021-11-08,,0
ring,2021-11-08,3.7878714057265737,61
campus,2021-11-09,,0
ring,2021-11-09,1.5618003494439845,45
campus,2021-11-10,,0
ring,2021-11-10,5.539735170595391,147
campus,2021-11-11,,0
ring,2021-11-11,6.0975332504258635,452
campus,2021-11-12,7.928039073944092,1
ring,2021-11-12,9.0870984476154,821
campus,2021-11-13,14.585798153181395,12
ring,2021-11-13,11.46528417343015,1262
campus,2021-11-14,18.67061611624325,12
ring,2021-11-14,10.711742462176293,1416
campus,2021-11-15,20.317071248234658,12
ring,2021-11-15,9.461765772502998,1465
campus,2021-11-16,13.889834163006412,12
ring,2021-11-16,8.352037778464805,1538
campus,2021-11-17,13.430941029884028,12
ring,2021-11-17,8.54350078121241,1537
campus,2021-11-18,23.802871691561897,11
ring,2021-11-18,9.611239956171481,1465
campus,2021-11-19,21.214699529603468,10
ring,2021-11-19,9.431242518925512,1496
campus,2021-11-20,13.889877520256755,13
ring,2021-11-20,10.214252791530022,972
campus,2021-11-21,12.392798585184451,12
ring,2021-11-21,8.072742236913662,1538
campus,2021-11-22,13.572861115272664,9
ring,2021-11-22,8.374498403167019,1544
campus,2021-11-23,11.292870832306575,12
ring,2021-11-23,8.422955992606768,1553
campus,2021-11-24,15.355953382774135,13
ring,2021-11-24,9.242988145190198,1553
campus,2021-11-25,18.519237950094425,13
ring,2021-11-25,9.614967721972581,1522
campus,2021-11-26,14.572885345405252,13
ring,2021-11-26,8.22127382215848,1547
campus,2021-11-27,,0
ring,2021-11-27,23.127946172441757,21
campus,2021-11-28,,0
ring,2021-11-28,,0
campus,2021-11-29,17.73373367752827,13
ring,2021-11-29,12.012872145406236,1498
campus,2021-11-30,38.910187605401156,13
ring,2021-11-30,11.220953360356559,1605
campus,2021-12-01,18.4174097661681,13
ring,2021-12-01,9.271732386386368,1615
campus,2021-12-02,14.944253159520771,13
ring,2021-12-02,7.651314249437854,1604
campus,2021-12-03,11.085731023074313,13
ring,2021-12-03,7.400665645422623,1597
campus,2021-12-04,12.064687620026403,13
ring,2021-12-04,8.033426958099282,1618
campus,2021-12-05,13.784053534689084,13
ring,2021-12-05,9.990321352694108,1615
campus,2021-12-06,22.07812499888066,13
ring,2021-12-06,7.854368697062949,1618
campus,2021-12-07,,0
ring,2021-12-07,,0
campus,2021-12-08,,0
ring,2021-12-08,1.3154730187473762,221
campus,2021-12-09,11.360067087439862,13
ring,2021-12-09,6.447577260254171,1584
campus,2021-12-10,12.305591441655944,13
ring,2021-12-10,9.034381749222435,1618
campus,2021-12-11,19.15730379151066,13
ring,2021-12-11,10.264953897781268,1618
campus,2021-12-12,17.943129782385668,13
ring,2021-12-12,7.765367496468211,1612
campus,2021-12-13,14.374076021219148,12
ring,2021-12-13,6.900488666956879,1562
campus,2021-12-14,11.039368462219512,12
ring,2021-12-14,7.295481756160678,1563
campus,2021-12-15,11.732998638505665,13
ring,2021-12-15,8.049524550351135,1570
campus,2021-12-16,16.981361565455583,13
ring,2021-12-16,9.990664184258465,1548
campus,2021-12-17,19.435061727190988,10
ring,2021-12-17,7.886742513700267,1552
campus,2021-12-18,9.79714014664502,13
ring,2021-12-18,6.738343303981379,1548
campus,2021-12-19,11.34493339566675,9
ring,2021-12-19,7.18729915719283,1545
campus,2021-12-20,13.449996974296175,9
ring,2021-12-20,7.608020486738734,1560
campus,2021-12-21,15.509512318406149,12
ring,2021-12-21,9.514001600591385,1548
campus,2021-12-22,16.41896393143128,12
ring,2021-12-22,8.36788829004428,1571
campus,2021-12-23,9.837121860242222,13
ring,2021-12-23,7.490906348878214,1564
campus,2021-12-24,9.672376476121467,12
ring,2021-12-24,7.989396759789647,1545
campus,2021-12-25,17.534558878225436,10
ring,2021-12-25,7.848663002750796,1549
campus,2021-12-26,17.576145254401272,10
ring,2021-12-26,9.020466613292921,1549
campus,2021-12-27,17.83010688796936,9
ring,2021-12-27,10.949222176588625,1248
campus,2021-12-28,12.541289501626723,13
ring,2021-12-28,7.871138520111235,1574
campus,2021-12-29,8.570426743180256,13
ring,2021-12-29,7.292542139165529,1609
campus,2021-12-30,9.738089921608776,13
ring,2021-12-30,6.980513562264075,1599
campus,2022-01-01,15.085791414332501,13
ring,2022-01-01,9.897376985153748,1605
campus,2022-01-02,23.368357357844495,13
ring,2022-01-02,8.125811832846965,1606
campus,2022-01-03,7.905438642826438,13
ring,2022-01-03,7.640666265753955,1392
campus,2022-01-04,12.103675243580284,13
ring,2022-01-04,8.198850889535445,1471
campus,2022-01-05,12.97172787911455,13
ring,2022-01-05,8.571341296873676,1618
campus,2022-01-06,17.200710501469352,13
ring,2022-01-06,10.342192562998669,1618
campus,2022-01-07,19.629857781347532,13
ring,2022-01-07,9.564356746581584,1618
campus,2022-01-08,,0
ring,2022-01-08,2.267088891400231,24
campus,2022-01-09,9.024938747916423,13
ring,2022-01-09,7.663804261088888,1613
campus,2022-01-10,11.822839965003196,13
ring,2022-01-10,8.050336049892952,1616
campus,2022-01-11,,0
ring,2022-01-11,15.427673370067652,422
campus,2022-01-12,12.671754662195838,10
ring,2022-01-12,9.603781598702298,1538
campus,2022-01-13,,0
ring,2022-01-13,0.6499746605032859,420
campus,2022-01-14,9.82071767474564,13
ring,2022-01-14,7.612144277544615,1552
campus,2022-01-15,11.602679587970268,12
ring,2022-01-15,7.389977581567776,1513
campus,2022-01-16,13.022057695288051,13
ring,2022-01-16,8.276729899547384,1550
campus,2022-01-17,15.498542297247685,7
ring,2022-01-17,9.660560310905328,1511
campus,2022-01-18,9.424444166699969,12
ring,2022-01-18,8.197436287414389,1530
campus,2022-01-19,10.25131999998585,13
ring,2022-01-19,6.904732398271498,1519
campus,2022-01-20,9.645247496629542,13
ring,2022-01-20,6.883257468979244,1546
campus,2022-01-21,13.804495379345564,9
ring,2022-01-21,21.580669945963216,404
campus,2022-01-22,7.45399284362793,1
ring,2022-01-22,14.926859727376252,460
campus,2022-01-23,,0
ring,2022-01-23,8.919206195334406,390
campus,2022-01-24,13.693326512505026,2
ring,2022-01-24,19.216739306840562,656
campus,2022-01-25,10.107540197933421,2
ring,2022-01-25,18.452392593570853,733
campus,2022-01-26,13.811442905629178,3
ring,2022-01-26,10.739464476080279,1450
campus,2022-01-27,15.16882613301277,11
ring,2022-01-27,11.479632782730377,1487
campus,2022-01-28,14.238486188509649,11
ring,2022-01-28,11.837591489441651,1540
campus,2022-01-29,9.572901756830616,13
ring,2022-01-29,9.797792716617263,1562
campus,2022-01-30,,0
ring,2022-01-30,7.137761095191725,1352
campus,2022-01-31,12.35387708239712,13
ring,2022-01-31,11.638960713878067,1612
campus,2022-02-01,13.9898399775017,13
ring,2022-02-01,13.426731329327321,1616
campus,2022-02-02,15.907478611234204,13
ring,2022-02-02,13.356587753588324,1616
campus,2022-02-03,14.518427441937263,13
ring,2022-02-03,10.710224159345115,1617
campus,2022-02-04,10.504983151182882,13
ring,2022-02-04,7.997576759754909,1618
campus,2022-02-05,10.21558773454646,13
ring,2022-02-05,8.298806657728003,1617
campus,2022-02-06,6.534344380135895,4
ring,2022-02-06,1.026605402131296,244
campus,2022-02-07,16.607218618683966,13
ring,2022-02-07,11.15937361347972,1613
campus,2022-02-08,13.643784857601426,12
ring,2022-02-08,10.801750621240169,825
campus,2022-02-09,12.155895222520602,13
ring,2022-02-09,8.734473135706155,1611
campus,2022-02-10,11.585891362454028,11
ring,2022-02-10,9.035330624001062,1531
campus,2022-02-11,8.76990200768054,13
ring,2022-02-11,8.153670277331532,1564
campus,2022-02-12,13.302756309509277,1
ring,2022-02-12,15.457118699747495,538
campus,2022-02-13,12.96475909106154,3
ring,2022-02-13,61.34215245345117,447
campus,2022-02-14,24.145216316778747,5
ring,2022-02-14,35.78819875299097,513
campus,2022-02-15,18.118782677026175,8
ring,2022-02-15,35.29631808877704,551
campus,2022-02-16,,0
ring,2022-02-16,,0
campus,2022-02-17,,0
ring,2022-02-17,54.43109351910916,55
campus,2022-02-18,21.13881927572173,7
ring,2022-02-18,15.339252006317171,1051
campus,2022-02-19,18.942182024011498,11
ring,2022-02-19,10.711940119628935,1426
campus,2022-02-20,12.996976343678757,13
ring,2022-02-20,8.72727034531862,1526
campus,2022-02-21,14.351692519381038,12
ring,2022-02-21,8.658543806588842,1534
campus,2022-02-22,13.571904073018983,13
ring,2022-02-22,8.621920270484631,1518
campus,2022-02-23,17.269620395602193,13
ring,2022-02-23,10.829055497439228,1616
campus,2022-02-24,14.327752597455126,13
ring,2022-02-24,9.134818604510512,1544
campus,2022-02-25,10.923380810889839,13
ring,2022-02-25,7.578379299680055,1617
campus,2022-02-26,10.357508522803794,13
ring,2022-02-26,8.067918707168072,1608
campus,2022-02-27,,0
ring,2022-02-27,,0
campus,2022-02-28,12.870916498658799,13
ring,2022-02-28,8.776625783911342,1616
campus,2022-03-01,18.064216943973666,13
ring,2022-03-01,10.142771023310981,1615
campus,2022-03-02,12.804341355399906,13
ring,2022-03-02,7.744465519169591,1608
campus,2022-03-03,9.772556403433212,13
ring,2022-03-03,6.904175950730238,1615
campus,2022-03-04,9.925608586397528,13
ring,2022-03-04,7.290653233438397,1616
campus,2022-03-05,11.600582111609372,13
ring,2022-03-05,8.278773674585304,1614
campus,2022-03-06,16.399809449491364,13
ring,2022-03-06,10.019401290193462,1615
campus,2022-03-07,9.444734962333534,13
ring,2022-03-07,8.366320805885183,1616
campus,2022-03-08,,0
ring,2022-03-08,,0
campus,2022-03-09,,0
ring,2022-03-09,11.936271231137091,851
campus,2022-03-10,,0
ring,2022-03-10,,0
campus,2022-03-11,,0
ring,2022-03-11,,0
campus,2022-03-12,14.433952527244884,11
ring,2022-03-12,7.930929630286508,1455
campus,2022-03-13,10.560553645583942,13
ring,2022-03-13,6.965544451709044,1550
campus,2022-03-14,12.72171098665452,13
ring,2022-03-14,7.276914030897007,1534
campus,2022-03-15,,0
ring,2022-03-15,,0
campus,2022-03-16,,0
ring,2022-03-16,,0
campus,2022-03-17,,0
ring,2022-03-17,60.853712599761145,74
campus,2022-03-18,,0
ring,2022-03-18,74.49691401430033,211
campus,2022-03-19,,0
ring,2022-03-19,52.398233898141676,176
campus,2022-03-20,,0
ring,2022-03-20,40.090945879618324,12
campus,2022-03-21,,0
ring,2022-03-21,,0
campus,2022-03-22,,0
ring,2022-03-22,17.30440606116935,70
campus,2022-03-23,,0
ring,2022-03-23,,0
campus,2022-03-24,,0
ring,2022-03-24,,0
campus,2022-03-25,11.573844639231547,12
ring,2022-03-25,8.15630555450343,1239
campus,2022-03-26,12.039287390143656,13
ring,2022-03-26,7.235362943053072,1575
campus,2022-03-27,14.373852177405022,13
ring,2022-03-27,8.523603740737395,1584
campus,2022-03-28,,0
ring,2022-03-28,6.959648192351746,28
campus,2022-03-29,13.138523447261727,13
ring,2022-03-29,7.433645577015412,1607
campus,2022-03-30,11.585673614986622,13
ring,2022-03-30,8.280817618642702,1617
campus,2022-03-31,11.470939545844082,13
ring,2022-03-31,7.515516784461634,1616
campus,2022-04-01,16.623611272780547,13
ring,2022-04-01,9.113314381514913,1618
campus,2022-04-02,22.042423144332677,13
ring,2022-04-02,9.400607185695707,1614
campus,2022-04-03,16.41100902288732,13
ring,2022-04-03,7.691097902331379,1588
campus,2022-04-04,8.051725349515815,13
ring,2022-04-04,0.8785428240177028,757
campus,2022-04-05,,0
ring,2022-04-05,,0
campus,2022-04-06,11.864575314549771,13
ring,2022-04-06,8.755003272705936,1618
campus,2022-04-07,15.0717153694708,13
ring,2022-04-07,10.322639962717217,1586
campus,2022-04-08,8.852555766771657,13
ring,2022-04-08,8.12662771986066,1616
campus,2022-04-09,8.032139251115556,10
ring,2022-04-09,12.766683954468588,731
campus,2022-04-10,,0
ring,2022-04-10,,0
campus,2022-04-11,9.533433078008406,12
ring,2022-04-11,7.313791154204857,1564
campus,2022-04-12,10.343562363456277,12
ring,2022-04-12,3.0299781810362045,1071
campus,2022-04-13,11.609453200925445,10
ring,2022-04-13,8.169541987252176,1542
campus,2022-04-14,11.51389231587491,11
ring,2022-04-14,7.180743595400645,1546
campus,2022-04-15,9.454321024178874,11
ring,2022-04-15,7.940361282409414,1477
campus,2022-04-16,,0
ring,2022-04-16,12.163074756688625,215
campus,2022-04-17,11.911644905826044,11
ring,2022-04-17,6.507004105791059,1555
campus,2022-04-18,10.955163223620145,12
ring,2022-04-18,7.135132152146473,1571
campus,2022-04-19,11.157357237034937,11
ring,2022-04-19,9.254121951769,1233
campus,2022-04-20,6.8587617257129025,10
ring,2022-04-20,5.8588025007594515,1399
campus,2022-04-21,7.643536163490208,8
ring,2022-04-21,7.047674673015884,1545
campus,2022-04-22,16.919834575813955,7
ring,2022-04-22,12.132512290211883,1044
campus,2022-04-23,13.667157046511862,7
ring,2022-04-23,12.566626946460502,1134
campus,2022-04-24,9.616335144765191,10
ring,2022-04-24,8.908021153133207,1600
campus,2022-04-25,,0
ring,2022-04-25,10.534691591136726,957
campus,2022-04-26,,0
ring,2022-04-26,,0
campus,2022-04-27,,0
ring,2022-04-27,2.3011844565474333,238
campus,2022-04-28,,0
ring,2022-04-28,16.33712411961341,469
campus,2022-04-29,10.636342781245459,10
ring,2022-04-29,8.669019060507255,1612
campus,2022-04-30,10.690347148848808,13
ring,2022-04-30,7.495994085980249,1615
campus,2022-05-01,6.642863603738638,10
ring,2022-05-01,9.6806919688709,1537
campus,2022-05-02,5.406131977969577,10
ring,2022-05-02,12.763526529414646,896
campus,2022-05-03,,0
ring,2022-05-03,19.025440554020268,624
campus,2022-05-04,14.23375975012282,10
ring,2022-05-04,6.624665823435302,1119
campus,2022-05-05,,0
ring,2022-05-05,1.9202963275222455,16
campus,2022-05-06,,0
ring,2022-05-06,1.3606380820274353,12
campus,2022-05-07,,0
ring,2022-05-07,,0
campus,2022-05-08,,0
ring,2022-05-08,,0
campus,2022-05-09,10.408627615276375,10
ring,2022-05-09,8.402561863158551,1516
campus,2022-05-10,5.9699160934703,10
ring,2022-05-10,7.14463991674614,1591
campus,2022-05-11,7.065537405930299,8
ring,2022-05-11,6.808385882635368,1545
campus,2022-05-12,5.5732064326349695,8
ring,2022-05-12,7.434338992418333,1555
campus,2022-05-13,7.990722685608041,10
ring,2022-05-13,7.884050967383899,1549
campus,2022-05-14,11.473788061807321,9
ring,2022-05-14,9.411062226500196,1498
campus,2022-05-15,15.44563219502287,6
ring,2022-05-15,8.222535441945839,1530
campus,2022-05-16,9.992963000706261,9
ring,2022-05-16,10.404913112501571,893
campus,2022-05-17,,0
ring,2022-05-17,,0
campus,2022-05-18,,0
ring,2022-05-18,15.926204204559326,33
campus,2022-05-19,18.030002349115943,6
ring,2022-05-19,6.728022749487021,1475
campus,2022-05-20,16.11207412169416,6
ring,2022-05-20,8.488631627636792,1543
campus,2022-05-21,12.27316970125657,7
ring,2022-05-21,8.42204154651987,1357
campus,2022-05-22,9.943548836502126,9
ring,2022-05-22,6.824224575969475,1548
campus,2022-05-23,11.470281716678281,10
ring,2022-05-23,7.082126419974088,1610
campus,2022-05-24,17.64582426404413,10
ring,2022-05-24,8.693639387441914,1471
campus,2022-05-25,,0
ring,2022-05-25,4.4252714067697525,4
campus,2022-05-26,14.319121891640451,10
ring,2022-05-26,8.292623105341852,1611
campus,2022-05-27,6.554809059923293,10
ring,2022-05-27,7.212703510039253,1562
campus,2022-05-28,,0
ring,2022-05-28,,0
campus,2022-05-29,13.973867155642616,10
ring,2022-05-29,12.954856701904044,1050
campus,2022-05-30,,0
ring,2022-05-30,,0
campus,2022-05-31,,0
ring,2022-05-31,3.0810067601429614,90
campus,2022-06-01,12.377907517279828,13
ring,2022-06-01,7.880984548149904,1596
campus,2022-06-02,,0
ring,2022-06-02,,0
campus,2022-06-03,,0
ring,2022-06-03,,0
campus,2022-06-04,15.05812634298778,13
ring,2022-06-04,9.144630699739439,1615
campus,2022-06-05,,0
ring,2022-06-05,2.813009262084961,1
campus,2022-06-06,,0
ring,2022-06-06,0.885495548339331,105
campus,2022-06-07,14.461854880966264,13
ring,2022-06-07,7.3702414559573475,1615
campus,2022-06-08,13.821579416711677,13
ring,2022-06-08,7.602425043628721,1615
campus,2022-06-09,14.223323670961301,13
ring,2022-06-09,9.124921840419628,1546
campus,2022-06-10,,0
ring,2022-06-10,,0
campus,2022-06-11,,0
ring,2022-06-11,,0
campus,2022-06-12,,0
ring,2022-06-12,9.774409654594232,739
campus,2022-06-13,13.26158260791205,11
ring,2022-06-13,7.203616976556333,1535
campus,2022-06-14,13.585296104284831,11
ring,2022-06-14,7.714351284874439,1543
campus,2022-06-15,,0
ring,2022-06-15,0.769083172827959,10
campus,2022-06-16,,0
ring,2022-06-16,0.009999999776482582,3
campus,2022-06-17,13.736151737434318,13
ring,2022-06-17,7.301057021998822,1553
campus,2022-06-18,14.934452954905668,12
ring,2022-06-18,6.771451673451181,1556
campus,2022-06-19,,0
ring,2022-06-19,5.436683175163014,400
campus,2022-06-20,,0
ring,2022-06-20,1.1026647562103014,52
campus,2022-06-21,1.9771122386058173,2
ring,2022-06-21,,0
campus,2022-06-22,,0
ring,2022-06-22,15.923426868691909,596
campus,2022-06-23,13.569821643706215,11
ring,2022-06-23,7.126936657728833,1522
campus,2022-06-24,10.565954466316423,13
ring,2022-06-24,7.913751474073544,1614
campus,2022-06-25,,0
ring,2022-06-25,,0
campus,2022-06-26,,0
ring,2022-06-26,,0
campus,2022-06-27,,0
ring,2022-06-27,,0
campus,2022-06-28,,0
ring,2022-06-28,,0
campus,2022-06-29,12.643456720410375,13
ring,2022-06-29,6.531725588886884,1611
campus,2022-06-30,8.75099281201588,13
ring,2022-06-30,7.609023034577587,1614
campus,2022-07-01,22.180834424189303,13
ring,2022-07-01,11.230753895328762,1615
campus,2022-07-02,,0
ring,2022-07-02,,0
campus,2022-07-03,8.92026467360356,13
ring,2022-07-03,6.479950871441366,1609
campus,2022-07-04,,0
ring,2022-07-04,,0
campus,2022-07-05,6.250170769262115,10
ring,2022-07-05,6.592015688322712,1611
campus,2022-07-06,10.394744009569468,9
ring,2022-07-06,8.624080238924622,1611
campus,2022-07-07,,0
ring,2022-07-07,13.52751928471426,590
campus,2022-07-08,10.395980739707243,10
ring,2022-07-08,7.69514583016941,1612
campus,2022-07-09,12.995926878320084,10
ring,2022-07-09,7.077647403271328,1612
campus,2022-07-10,7.610285674523369,10
ring,2022-07-10,6.884183840727826,1612
campus,2022-07-11,,0
ring,2022-07-11,,0
campus,2022-07-12,,0
ring,2022-07-12,,0
campus,2022-07-13,11.720169601922342,9
ring,2022-07-13,7.184209290866725,1534
campus,2022-07-14,,0
ring,2022-07-14,,0
campus,2022-07-15,,0
ring,2022-07-15,,0
campus,2022-07-16,12.367100591665235,10
ring,2022-07-16,1.3590585843751364,756
campus,2022-07-17,19.175737052502562,8
ring,2022-07-17,7.9666933771123825,1105
campus,2022-07-18,,0
ring,2022-07-18,,0
campus,2022-07-19,,0
ring,2022-07-19,,0
campus,2022-07-20,11.345177653863734,10
ring,2022-07-20,7.556002670827111,1509
campus,2022-07-21,,0
ring,2022-07-21,,0
campus,2022-07-22,9.507862832906952,9
ring,2022-07-22,9.395570720082741,1349
campus,2022-07-23,27.57439388782144,8
ring,2022-07-23,9.96034847690115,1262
campus,2022-07-24,,0
ring,2022-07-24,,0
campus,2022-07-25,,0
ring,2022-07-25,,0
campus,2022-07-26,,0
ring,2022-07-26,,0
campus,2022-08-11,,0
ring,2022-08-11,10.884238953608332,848
campus,2022-08-12,10.348142925325456,8
ring,2022-08-12,7.234675291758813,1531
campus,2022-08-13,,0
ring,2022-08-13,,0
campus,2022-08-14,39.5108680811273,9
ring,2022-08-14,10.312978312660702,1155
campus,2022-08-15,12.061119406778944,7
ring,2022-08-15,6.273830659692735,1517
campus,2022-08-16,10.35447190456268,4
ring,2022-08-16,6.435691109147252,1543
campus,2022-08-17,,0
ring,2022-08-17,,0
campus,2022-08-18,16.338629388764517,7
ring,2022-08-18,8.320550560062953,1495
campus,2022-08-19,10.00371460418701,8
ring,2022-08-19,7.357089835552616,1541
campus,2022-08-20,,0
ring,2022-08-20,,0
campus,2022-08-21,,0
ring,2022-08-21,,0
campus,2022-08-22,,0
ring,2022-08-22,10.573999797759967,260
campus,2022-08-23,,0
ring,2022-08-23,3.459799356442771,51
campus,2022-08-24,17.10572697523054,13
ring,2022-08-24,8.301016341088774,1618
campus,2022-08-25,,0
ring,2022-08-25,2.12626314163208,7
campus,2022-08-26,8.898769628693797,13
ring,2022-08-26,1.4333243709987273,922
campus,2022-08-27,,0
ring,2022-08-27,,0
campus,2022-08-28,7.645430201515904,13
ring,2022-08-28,7.251387349554033,1618
campus,2022-08-29,9.386216235972345,13
ring,2022-08-29,7.946788885796591,1618
campus,2022-08-30,9.261421507722893,13
ring,2022-08-30,7.848104488954858,1618
campus,2022-08-31,10.868673737899796,13
ring,2022-08-31,7.396526459156884,1618
campus,2022-09-01,12.197850900776507,13
ring,2022-09-01,7.490635041102325,1618
campus,2022-09-02,,0
ring,2022-09-02,,0
campus,2022-09-03,,0
ring,2022-09-03,10.251465677560086,1027
campus,2022-09-04,9.62186339133782,13
ring,2022-09-04,10.785839992039161,1618
campus,2022-09-05,12.82393870415262,13
ring,2022-09-05,7.688859511163539,1618
campus,2022-09-06,7.864383629580058,13
ring,2022-09-06,7.7344934927078075,1618
campus,2022-09-07,8.000110025682517,12
ring,2022-09-07,7.112664094544263,1549
campus,2022-09-08,16.286039129729122,9
ring,2022-09-08,8.757182356444766,1553
campus,2022-09-09,26.8767410104925,3
ring,2022-09-09,1.4992773148173602,873
campus,2022-09-10,10.329068835305957,10
ring,2022-09-10,7.228640204890365,1557
campus,2022-09-11,9.380109209086116,12
ring,2022-09-11,6.92125338456977,1558
campus,2022-09-12,10.69205447194079,12
ring,2022-09-12,6.5335210296057324,1556
campus,2022-09-13,9.795486265578358,9
ring,2022-09-13,8.140075007840961,1548
campus,2022-09-14,14.902573166773655,9
ring,2022-09-14,9.31062757183808,1495
campus,2022-09-15,13.103360453727282,11
ring,2022-09-15,8.346904380795387,1523
campus,2022-09-16,10.981120162025626,12
ring,2022-09-16,5.105828291617619,521
campus,2022-09-17,11.083687063324392,12
ring,2022-09-17,7.671916151464844,1558
campus,2022-09-18,11.421509960913818,11
ring,2022-09-18,8.200612576920733,1549
campus,2022-09-19,16.33458109725071,11
ring,2022-09-19,10.034082644949455,1405
campus,2022-09-20,12.870267766097497,11
ring,2022-09-20,8.292012899064511,1488
campus,2022-09-21,9.67130690589197,13
ring,2022-09-21,6.879533783982841,1559
campus,2022-09-22,8.930160307548414,13
ring,2022-09-22,8.189096845952314,1618
campus,2022-09-23,11.204150002537196,13
ring,2022-09-23,7.46017320852669,1618
campus,2022-09-24,15.215236133253068,13
ring,2022-09-24,9.36774408537936,1618
campus,2022-09-25,11.988957424678711,13
ring,2022-09-25,9.297599899333264,1617
campus,2022-09-26,13.06549560464044,13
ring,2022-09-26,7.4793665740017765,1617
campus,2022-09-27,,0
ring,2022-09-27,1.4137099398165336,268
campus,2022-09-28,9.288950256338701,13
ring,2022-09-28,7.565624720930986,1617
campus,2022-09-29,11.580995947262489,13
ring,2022-09-29,8.630543573690424,1617
campus,2022-09-30,,0
ring,2022-09-30,,0
campus,2022-10-01,16.51874723848602,13
ring,2022-10-01,8.225378368797918,1616
campus,2022-10-02,,0
ring,2022-10-02,,0
campus,2022-10-03,9.502913425366081,13
ring,2022-10-03,8.83483294808183,1616
campus,2022-10-04,15.213483298888224,13
ring,2022-10-04,7.814266886219233,1616
campus,2022-10-05,20.283778717540237,13
ring,2022-10-05,9.067865707736171,1511
campus,2022-10-06,11.972367887345836,13
ring,2022-10-06,8.691262723849128,1618
campus,2022-10-07,6.468298787382286,13
ring,2022-10-07,2.843984114808768,777
campus,2022-10-08,,0
ring,2022-10-08,14.791099114851518,3
campus,2022-10-09,10.254739972535104,11
ring,2022-10-09,6.8133083659732305,1510
campus,2022-10-10,11.928425222536845,12
ring,2022-10-10,7.48332115093592,1516
campus,2022-10-11,12.402330122417476,12
ring,2022-10-11,8.423840843452735,1493
campus,2022-10-12,,0
ring,2022-10-12,,0
campus,2022-10-13,,0
ring,2022-10-13,,0
campus,2022-10-14,9.344688199635401,13
ring,2022-10-14,11.050344933643803,889
campus,2022-10-15,12.70325629502463,12
ring,2022-10-15,8.88597035129102,1505
campus,2022-10-16,14.373919295593044,13
ring,2022-10-16,9.830495937899636,1492
campus,2022-10-17,11.402184502619528,13
ring,2022-10-17,8.135392581664457,1513
campus,2022-10-18,8.592131382565517,12
ring,2022-10-18,7.137058094283206,1509
campus,2022-10-19,14.758478892126748,5
ring,2022-10-19,10.812577157980463,730
campus,2022-10-20,12.814268177663777,13
ring,2022-10-20,7.5001178709195315,1617
campus,2022-10-21,21.83996238003314,13
ring,2022-10-21,10.240635865086437,1617
campus,2022-10-22,10.991161002939293,13
ring,2022-10-22,8.449625111774646,1618
campus,2022-10-23,10.51765913694677,13
ring,2022-10-23,8.284527929957918,1440
campus,2022-10-24,14.28541159685788,13
ring,2022-10-24,7.218237691429376,1613
campus,2022-10-25,,0
ring,2022-10-25,0.7279303028263441,5
campus,2022-10-26,13.892565138043368,13
ring,2022-10-26,8.74094227194518,1618
campus,2022-10-27,14.388715815376228,13
ring,2022-10-27,8.555489063869341,1617
campus,2022-10-28,,0
ring,2022-10-28,,0
campus,2022-10-29,,0
ring,2022-10-29,,0
campus,2022-10-30,6.62253931738401,13
ring,2022-10-30,6.94207674346469,1617
campus,2022-10-31,12.839221115263413,13
ring,2022-10-31,8.074914594006461,1617
campus,2022-11-01,,0
ring,2022-11-01,5.580652463051857,73
campus,2022-11-02,12.534003391512119,13
ring,2022-11-02,8.002577221250917,1618
campus,2022-11-03,11.897666509582402,13
ring,2022-11-03,6.97381601474867,1617
campus,2022-11-04,9.676683785769859,13
ring,2022-11-04,7.262806549840741,1480
campus,2022-11-05,15.328534755706789,3
ring,2022-11-05,10.573312029653756,670
campus,2022-11-06,18.30682942266449,9
ring,2022-11-06,8.855379632413662,1503
campus,2022-11-07,19.41852638601137,13
ring,2022-11-07,7.904715657831301,1536
campus,2022-11-08,9.624090946465229,12
ring,2022-11-08,6.6264529047729,1570
campus,2022-11-09,19.871918501064382,10
ring,2022-11-09,22.85400055267174,270
campus,2022-11-10,,0
ring,2022-11-10,,0
campus,2022-11-11,10.523563126616724,8
ring,2022-11-11,38.278065109450466,202
campus,2022-11-12,17.046426864432505,7
ring,2022-11-12,19.817484099367444,705
campus,2022-11-13,10.186967250853654,9
ring,2022-11-13,9.401403500273219,1351
campus,2022-11-14,9.168487873987461,11
ring,2022-11-14,8.130497812150846,1505
campus,2022-11-15,6.50838464722387,13
ring,2022-11-15,3.3817124405006203,937
campus,2022-11-16,9.381451939919232,12
ring,2022-11-16,8.843710024759742,1511
campus,2022-11-17,,0
ring,2022-11-17,,0
campus,2022-11-18,7.072787812198271,13
ring,2022-11-18,7.282173689830459,1521
campus,2022-11-19,,0
ring,2022-11-19,,0
campus,2022-11-20,3.9456944790244655,13
ring,2022-11-20,7.002896461562743,1618
campus,2022-11-21,6.751557474684827,13
ring,2022-11-21,9.017337405419411,1607
campus,2022-11-22,13.813695853584807,13
ring,2022-11-22,9.797152476959543,1618
campus,2022-11-23,8.167593705822043,13
ring,2022-11-23,7.648800112588592,1618
campus,2022-11-24,5.174699690898608,7
ring,2022-11-24,6.945933709813989,1549
campus,2022-11-25,5.420533509601448,13
ring,2022-11-25,7.881185828149633,1616
campus,2022-11-26,,0
ring,2022-11-26,,0
campus,2022-11-27,,0
ring,2022-11-27,,0
campus,2022-11-28,14.217770756969987,13
ring,2022-11-28,8.459038116133692,1473
campus,2022-11-29,5.2972846249459495,13
ring,2022-11-29,8.247940626532076,1617
campus,2022-11-30,6.144867755017928,13
ring,2022-11-30,7.369438397829187,1617
campus,2022-12-01,8.24901502037272,13
ring,2022-12-01,7.250377159046996,1616
campus,2022-12-02,10.115169392691719,10
ring,2022-12-02,8.114947215964769,1537
campus,2022-12-03,11.734383748170917,13
ring,2022-12-03,9.484351739199736,1618
campus,2022-12-04,9.076053722643513,13
ring,2022-12-04,7.634601896034949,1548
campus,2022-12-05,6.354198172338689,13
ring,2022-12-05,6.861485649616089,1537
campus,2022-12-06,5.44565530687914,12
ring,2022-12-06,7.047496678184982,1450
campus,2022-12-07,5.623655008192984,11
ring,2022-12-07,7.496822955294893,1536
campus,2022-12-08,9.030721517839195,5
ring,2022-12-08,9.688421870310085,713
campus,2022-12-09,7.713626343011856,11
ring,2022-12-09,7.999371970446338,1526
campus,2022-12-10,4.644807008861266,9
ring,2022-12-10,6.977337569985635,1527
campus,2022-12-11,5.758732383073726,12
ring,2022-12-11,7.167738095546746,1560
campus,2022-12-12,7.219211294897283,13
ring,2022-12-12,9.108419997725417,1520
campus,2022-12-13,8.277425561246183,9
ring,2022-12-13,8.240403468893964,1530
campus,2022-12-14,10.725638925163087,12
ring,2022-12-14,9.19647051840002,1517
campus,2022-12-15,5.5423293252226316,13
ring,2022-12-15,8.193220596315086,1542
campus,2022-12-16,6.960377907669038,13
ring,2022-12-16,7.933045755588184,1530
campus,2022-12-17,,0
ring,2022-12-17,13.345072080927872,365
campus,2022-12-18,8.956722219085469,13
ring,2022-12-18,8.7432435471936,1611
campus,2022-12-19,12.92386658622625,13
ring,2022-12-19,9.736013863268916,1617
campus,2022-12-20,12.625487078243575,13
ring,2022-12-20,10.0662811149358,1616
campus,2022-12-21,6.751357023494903,13
ring,2022-12-21,7.77832924241312,1616
campus,2022-12-22,5.340074735068379,13
ring,2022-12-22,7.644633161558453,1617
campus,2022-12-23,9.136849241917119,13
ring,2022-12-23,8.108909037186764,1616
campus,2022-12-24,,0
ring,2022-12-24,1.667546034384404,3
campus,2022-12-25,8.623931376587056,13
ring,2022-12-25,9.401371135542224,1618
campus,2022-12-26,5.277437256187227,8
ring,2022-12-26,7.546381216488642,1536
campus,2022-12-27,6.388767740116432,13
ring,2022-12-27,8.142324485549391,1617
campus,2022-12-28,4.037630730111834,13
ring,2022-12-28,7.98122506354686,1617
campus,2022-12-29,9.188357075755025,13
ring,2022-12-29,9.341358357630568,1609
campus,2022-12-30,9.05840356752906,13
ring,2022-12-30,9.551818229428823,1618
campus,2023-01-01,5.065607812946644,11
ring,2023-01-01,7.845546995533506,1564
campus,2023-01-02,5.131230535017962,11
ring,2023-01-02,7.5340807144569375,1580
campus,2023-01-03,8.771113197148683,13
ring,2023-01-03,8.584202457755346,1561
campus,2023-01-04,11.777105730186479,10
ring,2023-01-04,10.075094792356538,1547
campus,2023-01-05,7.278103502977242,12
ring,2023-01-05,8.029771028457931,1574
campus,2023-01-06,7.5594846646830485,13
ring,2023-01-06,7.546480627164632,1552
campus,2023-01-07,6.693803412176275,11
ring,2023-01-07,7.266239241842504,1543
campus,2023-01-08,9.053809330912696,12
ring,2023-01-08,8.38145149084631,1543
campus,2023-01-09,9.198072254609869,10
ring,2023-01-09,9.213816239022906,1548
campus,2023-01-10,,0
ring,2023-01-10,6.754745229363471,141
campus,2023-01-11,,0
ring,2023-01-11,,0
campus,2023-01-12,,0
ring,2023-01-12,18.63611158568372,7
campus,2023-01-13,12.480225867400561,11
ring,2023-01-13,37.14947059019369,446
campus,2023-01-14,12.465206753571554,7
ring,2023-01-14,14.774197711200406,1211
campus,2023-01-15,15.106021187193294,10
ring,2023-01-15,16.580093102155942,946
campus,2023-01-16,11.88230206498476,12
ring,2023-01-16,11.217963082354371,1420
campus,2023-01-17,9.143604496555149,13
ring,2023-01-17,10.593464557288918,1541
campus,2023-01-18,9.489679845286087,13
ring,2023-01-18,10.209063671423175,1561
campus,2023-01-19,12.91352034034863,13
ring,2023-01-19,12.5462456319344,1575
campus,2023-01-20,14.515112506951523,13
ring,2023-01-20,13.078065019472783,1554
campus,2023-01-21,15.081128024159458,13
ring,2023-01-21,12.41461444133257,1479
campus,2023-01-22,7.737994492053985,13
ring,2023-01-22,12.123945253824875,1613
campus,2023-01-23,5.6355704924030485,13
ring,2023-01-23,12.908813724921046,1604
campus,2023-01-24,9.439014161976289,13
ring,2023-01-24,12.73689067750275,1616
campus,2023-01-25,,0
ring,2023-01-25,1.4216295958486833,217
campus,2023-01-26,10.748245042254664,13
ring,2023-01-26,13.051012683462213,1618
campus,2023-01-27,9.229613257965571,13
ring,2023-01-27,10.441667408638114,1617
campus,2023-01-28,6.199185698245051,13
ring,2023-01-28,10.264125880473932,1616
campus,2023-01-29,9.889204925774406,13
ring,2023-01-29,10.357842859458362,1551
campus,2023-01-30,15.14762255695096,12
ring,2023-01-30,13.18493177724235,1455
campus,2023-01-31,12.593151044397846,13
ring,2023-01-31,11.281214413548323,1544
campus,2023-02-01,,0
ring,2023-02-01,23.465673960523954,379
campus,2023-02-02,,0
ring,2023-02-02,,0
campus,2023-02-03,6.237604112832199,13
ring,2023-02-03,9.464734853289483,1502
campus,2023-02-04,8.442992442650413,13
ring,2023-02-04,10.478575142922274,1499
campus,2023-02-05,12.325201919381044,13
ring,2023-02-05,12.485390913531036,1512
campus,2023-02-06,9.717751614067907,11
ring,2023-02-06,9.324888366522465,1567
campus,2023-02-07,5.389296458156097,10
ring,2023-02-07,8.079841867625333,1518
campus,2023-02-08,,0
ring,2023-02-08,,0
campus,2023-02-09,23.587067316813638,3
ring,2023-02-09,77.90692609721128,352
campus,2023-02-10,9.565168554448475,9
ring,2023-02-10,19.698839061881802,1003
campus,2023-02-11,,0
ring,2023-02-11,,0
campus,2023-02-12,,0
ring,2023-02-12,,0
campus,2023-02-13,,0
ring,2023-02-13,8.338938156763712,3
campus,2023-02-14,6.734029450371618,10
ring,2023-02-14,8.75987410044401,1118
campus,2023-02-15,8.487189562667702,13
ring,2023-02-15,9.953929512011385,1550
campus,2023-02-16,11.2501110795518,13
ring,2023-02-16,10.630869532820123,1534
campus,2023-02-17,6.274417483470808,13
ring,2023-02-17,7.886955975102472,1471
campus,2023-02-18,17.69564385257416,13
ring,2023-02-18,27.655335980236348,1303
campus,2023-02-19,7.313632863648057,13
ring,2023-02-19,12.17693961687169,1606
campus,2023-02-20,7.847119910673778,12
ring,2023-02-20,10.45095297298394,1594
campus,2023-02-21,3.1599959915672127,12
ring,2023-02-21,4.947512886160112,1367
campus,2023-02-22,,0
ring,2023-02-22,,0
campus,2023-02-23,,0
ring,2023-02-23,,0
campus,2023-02-24,6.028602355802563,13
ring,2023-02-24,8.514687751432584,1615
campus,2023-02-25,8.199757276846206,13
ring,2023-02-25,9.018527107429392,1615
campus,2023-02-26,11.726927968817694,13
ring,2023-02-26,11.686957408340609,1618
campus,2023-02-27,,0
ring,2023-02-27,29.742923748434293,107
campus,2023-02-28,7.2157938658071785,13
ring,2023-02-28,8.2095659435839,1547
campus,2023-03-01,3.9987939224500044,11
ring,2023-03-01,7.783515987283957,1553
campus,2023-03-02,5.6652175269016,10
ring,2023-03-02,10.021874397788473,1311
campus,2023-03-03,,0
ring,2023-03-03,20.70791044715928,331
campus,2023-03-04,12.409726119294184,11
ring,2023-03-04,10.106706452264268,1472
campus,2023-03-05,10.54862707857031,12
ring,2023-03-05,14.645877092481383,712
campus,2023-03-06,9.351212384252326,10
ring,2023-03-06,10.62275765839061,1056
campus,2023-03-07,7.818694361918407,13
ring,2023-03-07,8.73095956393025,1457
campus,2023-03-08,,0
ring,2023-03-08,15.026797119850018,602
campus,2023-03-09,15.066777380953408,11
ring,2023-03-09,15.139528018140023,954
campus,2023-03-10,7.827337866657776,13
ring,2023-03-10,7.445999737639983,1259
campus,2023-03-11,12.95524355159086,12
ring,2023-03-11,8.052928526020663,1544
campus,2023-03-12,8.455990949854316,8
ring,2023-03-12,8.272495525553584,1532
campus,2023-03-13,10.872836372055408,12
ring,2023-03-13,11.189363770115792,1157
campus,2023-03-14,15.007500457651735,13
ring,2023-03-14,10.721375883127463,1617
campus,2023-03-15,11.76688805418395,13
ring,2023-03-15,9.912736584955761,1618
campus,2023-03-16,9.880135690102554,13
ring,2023-03-16,4.946201333464494,1508
campus,2023-03-17,8.78374685256134,13
ring,2023-03-17,8.892330402619583,1617
campus,2023-03-18,13.441372499079772,13
ring,2023-03-18,8.98380621463533,1511
campus,2023-03-19,13.047913662984337,13
ring,2023-03-19,10.132321059711298,1618
campus,2023-03-20,10.106842141476035,13
ring,2023-03-20,9.069450612006255,1287
campus,2023-03-21,13.18283951282501,13
ring,2023-03-21,8.378592358165875,1616
campus,2023-03-22,,0
ring,2023-03-22,,0
campus,2023-03-23,14.324242612285792,13
ring,2023-03-23,8.219290471697994,1618
campus,2023-03-24,17.374476167657562,13
ring,2023-03-24,15.638007608418802,1618
campus,2023-03-25,17.267488354948203,13
ring,2023-03-25,9.889952267291168,1617
campus,2023-03-26,16.62405203653613,13
ring,2023-03-26,9.464884768295212,1618
campus,2023-03-27,12.247923196201592,13
ring,2023-03-27,7.316901672036204,448
campus,2023-03-28,11.539695330019349,11
ring,2023-03-28,12.20383797165472,478
campus,2023-03-29,13.775728060673218,12
ring,2023-03-29,10.116028885062777,1475
campus,2023-03-30,,0
ring,2023-03-30,28.312698257461278,12
campus,2023-03-31,,0
ring,2023-03-31,15.378233896247181,703
campus,2023-04-01,7.211202708157628,3
ring,2023-04-01,6.880930332943493,1215
campus,2023-04-02,,0
ring,2023-04-02,,0
campus,2023-04-03,,0
ring,2023-04-03,,0
campus,2023-04-04,8.35270377923625,13
ring,2023-04-04,14.445759744100533,479
campus,2023-04-05,,0
ring,2023-04-05,,0
campus,2023-04-06,12.647062737459105,9
ring,2023-04-06,8.89691635361964,1497
campus,2023-04-07,17.050713021238703,11
ring,2023-04-07,8.616453188655813,1525
campus,2023-04-08,13.826880915623873,13
ring,2023-04-08,8.27354448607327,1573
campus,2023-04-09,12.764125933109872,13
ring,2023-04-09,10.721925347473434,1268
campus,2023-04-10,8.593723927865005,13
ring,2023-04-10,9.022888492938437,1137
campus,2023-04-11,11.543646992939431,12
ring,2023-04-11,9.032544280559724,1547
campus,2023-04-12,,0
ring,2023-04-12,7.705368854210731,172
campus,2023-04-13,,0
ring,2023-04-13,0.9374099262058735,16
campus,2023-04-14,10.878253484975563,13
ring,2023-04-14,9.140897447244635,1618
campus,2023-04-15,14.626775283908618,13
ring,2023-04-15,11.436177760114958,1618
campus,2023-04-16,,0
ring,2023-04-16,,0
campus,2023-04-17,10.302393215363015,13
ring,2023-04-17,7.970019397801608,1617
campus,2023-04-18,12.620435893675529,13
ring,2023-04-18,7.895824701619934,1553
campus,2023-04-19,,0
ring,2023-04-19,,0
campus,2023-04-20,,0
ring,2023-04-20,,0
campus,2023-04-21,,0
ring,2023-04-21,,0
campus,2023-04-22,,0
ring,2023-04-22,,0
campus,2023-04-23,7.3195292122248885,10
ring,2023-04-23,7.692032670393074,1612
campus,2023-04-24,,0
ring,2023-04-24,1.3375988518917987,382
campus,2023-04-25,9.930947048150859,10
ring,2023-04-25,9.28687406798148,1612
campus,2023-04-26,6.939285072742933,10
ring,2023-04-26,7.97928395168932,1154
campus,2023-04-27,8.021929590205884,10
ring,2023-04-27,7.942986115630026,1612
campus,2023-04-28,9.339243020198142,10
ring,2023-04-28,7.887118558234271,1555
campus,2023-04-29,7.678396157302813,10
ring,2023-04-29,8.190576106432218,1517
campus,2023-04-30,9.210891842593922,9
ring,2023-04-30,9.795463481653075,1564
campus,2023-05-01,9.794274291184665,10
ring,2023-05-01,9.347222820473604,1388
campus,2023-05-02,12.94003063448706,9
ring,2023-05-02,17.65898158233788,762
campus,2023-05-03,,0
ring,2023-05-03,,0
campus,2023-05-04,,0
ring,2023-05-04,,0
campus,2023-05-05,,0
ring,2023-05-05,,0
campus,2023-05-06,7.379013194309933,10
ring,2023-05-06,8.01471259845789,1573
campus,2023-05-07,,0
ring,2023-05-07,7.380954151748854,448
campus,2023-05-08,,0
ring,2023-05-08,,0
campus,2023-05-09,,0
ring,2023-05-09,20.81486630137388,107
campus,2023-05-10,,0
ring,2023-05-10,,0
campus,2023-05-11,,0
ring,2023-05-11,7.9746481435576175,341
campus,2023-05-12,9.43595048396135,9
ring,2023-05-12,11.317574918621396,1392
campus,2023-05-13,9.363910076230072,10
ring,2023-05-13,10.381104038310841,1275
campus,2023-05-14,9.357438971758885,10
ring,2023-05-14,15.401120854872152,599
campus,2023-05-15,13.363129637677826,10
ring,2023-05-15,8.058362543761982,1611
campus,2023-05-16,,0
ring,2023-05-16,,0
campus,2023-05-17,8.47366681437302,10
ring,2023-05-17,10.99834468700365,1607
campus,2023-05-18,11.320640287586954,10
ring,2023-05-18,9.75953727290991,1612
campus,2023-05-19,10.98540847318273,13
ring,2023-05-19,8.181646027272036,1618
campus,2023-05-20,11.121792523293674,10
ring,2023-05-20,8.25842098529613,1612
campus,2023-05-21,5.098768138857064,10
ring,2023-05-21,7.990755592898695,1611
campus,2023-05-22,,0
ring,2023-05-22,3.314852877170521,678
campus,2023-05-23,,0
ring,2023-05-23,,0
campus,2023-05-24,6.824798603315611,7
ring,2023-05-24,8.156203227156,1276
campus,2023-05-25,8.590726427756113,10
ring,2023-05-25,7.3442543075500835,1595
campus,2023-05-26,,0
ring,2023-05-26,,0
campus,2023-05-27,,0
ring,2023-05-27,,0
campus,2023-05-28,,0
ring,2023-05-28,,0
campus,2023-05-29,,0
ring,2023-05-29,,0
campus,2023-05-30,,0
ring,2023-05-30,,0
campus,2023-05-31,7.4501587389759605,13
ring,2023-05-31,7.47248725157229,1592
campus,2023-06-01,13.825958226059992,12
ring,2023-06-01,8.795695626603411,1559
campus,2023-06-02,13.601135157205011,10
ring,2023-06-02,10.783651059636549,1513
campus,2023-06-03,13.067380849454604,11
ring,2023-06-03,12.329635463609529,1256
campus,2023-06-04,11.77896652361797,9
ring,2023-06-04,8.71911089945716,1544
campus,2023-06-05,10.779764298817621,12
ring,2023-06-05,8.920345308801474,1545
campus,2023-06-06,,0
ring,2023-06-06,12.970243254779064,395
campus,2023-06-07,18.55490037740446,7
ring,2023-06-07,32.19104604296783,366
campus,2023-06-08,,0
ring,2023-06-08,3.68671951695611,553
campus,2023-06-09,,0
ring,2023-06-09,17.08377653685653,167
campus,2023-06-10,12.417443125688326,11
ring,2023-06-10,8.213301144686314,1527
campus,2023-06-11,7.379105672913212,10
ring,2023-06-11,9.02569974595904,1242
campus,2023-06-12,14.415159828992074,13
ring,2023-06-12,10.302071391997961,1611
campus,2023-06-13,,0
ring,2023-06-13,,0
campus,2023-06-14,,0
ring,2023-06-14,1.9164878988122365,14
campus,2023-06-15,9.559514084762968,13
ring,2023-06-15,7.911882366883347,1615
campus,2023-06-16,12.139511388287318,13
ring,2023-06-16,9.017431515620716,1615
campus,2023-06-17,,0
ring,2023-06-17,4.918160658083053,894
campus,2023-06-18,,0
ring,2023-06-18,,0
campus,2023-06-19,,0
ring,2023-06-19,,0
campus,2023-06-20,10.710829285326936,13
ring,2023-06-20,8.239076892505546,1615
campus,2023-06-21,,0
ring,2023-06-21,12.108179418805904,624
campus,2023-06-22,13.793589617916734,13
ring,2023-06-22,8.701289764434664,1615
campus,2023-06-23,,0
ring,2023-06-23,,0
campus,2023-06-24,,0
ring,2023-06-24,,0
campus,2023-06-25,,0
ring,2023-06-25,15.65327817155393,206
campus,2023-06-26,8.50886305035479,13
ring,2023-06-26,6.600208409484751,1611
campus,2023-06-27,,0
ring,2023-06-27,,0
campus,2023-06-28,15.206130580138248,13
ring,2023-06-28,9.791907808265947,1614
campus,2023-06-29,,0
ring,2023-06-29,,0
campus,2023-06-30,,0
ring,2023-06-30,2.5478907946847085,165
campus,2023-07-01,15.643219137990943,2
ring,2023-07-01,13.269478365395909,814
campus,2023-07-02,,0
ring,2023-07-02,0.2103895329745947,92
campus,2023-07-03,6.772107798001698,10
ring,2023-07-03,6.770809760385149,871
campus,2023-07-04,12.130260754543656,13
ring,2023-07-04,12.00093861663936,1181
campus,2023-07-05,,0
ring,2023-07-05,,0
campus,2023-07-06,,0
ring,2023-07-06,0.3687697667122458,39
campus,2023-07-07,9.861383471470822,7
ring,2023-07-07,8.062167358848715,1480
campus,2023-07-08,9.663430265109314,10
ring,2023-07-08,8.814877584250054,1536
campus,2023-07-09,15.576988005822944,10
ring,2023-07-09,10.688696568555523,1476
campus,2023-07-10,,0
ring,2023-07-10,,0
campus,2023-07-11,,0
ring,2023-07-11,,0
campus,2023-07-12,,0
ring,2023-07-12,,0
campus,2023-07-13,4.396702766418457,1
ring,2023-07-13,17.125338510361825,550
campus,2023-07-14,5.609587174906358,10
ring,2023-07-14,8.88633331047821,1611
campus,2023-07-15,,0
ring,2023-07-15,,0
campus,2023-07-16,9.540612377292996,10
ring,2023-07-16,8.711175578416519,1612
campus,2023-07-17,9.41895028235207,13
ring,2023-07-17,7.421605609539055,1618
campus,2023-07-18,12.472223678798144,10
ring,2023-07-18,8.580636982484746,1612
campus,2023-07-19,9.81735163980392,10
ring,2023-07-19,8.815285735074855,1610
campus,2023-07-20,,0
ring,2023-07-20,,0
campus,2023-07-21,,0
ring,2023-07-21,,0
campus,2023-07-22,5.631792479351866,10
ring,2023-07-22,8.674923361451773,1108
campus,2023-07-23,,0
ring,2023-07-23,,0
campus,2023-07-24,7.721947396732755,10
ring,2023-07-24,7.5159607811717315,1555
campus,2023-07-25,,0
ring,2023-07-25,,0
campus,2023-07-27,,0
ring,2023-07-27,,0
campus,2023-07-28,,0
ring,2023-07-28,1.0065962700144973,270
campus,2023-07-29,,0
ring,2023-07-29,,0
campus,2023-07-30,,0
ring,2023-07-30,,0
campus,2023-07-31,,0
ring,2023-07-31,3.1697971820846016,41
campus,2023-08-01,9.333977664855711,6
ring,2023-08-01,10.822742965040792,1074
campus,2023-08-02,6.8204835909921355,10
ring,2023-08-02,6.820525445922074,1563
campus,2023-08-03,,0
ring,2023-08-03,,0
campus,2023-08-04,,0
ring,2023-08-04,1.4379401281686697,616
campus,2023-08-05,,0
ring,2023-08-05,,0
campus,2023-08-06,8.255496230629713,9
ring,2023-08-06,8.524541848955165,1548
campus,2023-08-07,9.384014248776877,10
ring,2023-08-07,7.8811483299647405,1549
campus,2023-08-08,,0
ring,2023-08-08,10.868897050674198,525
campus,2023-08-09,11.175830737418153,9
ring,2023-08-09,7.856200764432651,1140
campus,2023-08-10,,0
ring,2023-08-10,,0
campus,2023-08-11,8.828603024597284,8
ring,2023-08-11,7.6137991286766455,1520
campus,2023-08-12,11.07700336070461,7
ring,2023-08-12,7.770699408053233,1513
campus,2023-08-13,10.857112473082386,10
ring,2023-08-13,8.16825369355482,1532
campus,2023-08-14,10.398294104517538,10
ring,2023-08-14,7.758332831545447,1612
campus,2023-08-15,17.85479780173259,10
ring,2023-08-15,10.096311893646252,1612
campus,2023-08-16,12.874755020992293,13
ring,2023-08-16,11.091816847483658,1253
campus,2023-08-17,,0
ring,2023-08-17,1.0607223147352334,56
campus,2023-08-18,11.686256876145366,10
ring,2023-08-18,7.5102601636283355,1612
campus,2023-08-19,,0
ring,2023-08-19,4.190738908824719,788
campus,2023-08-20,25.53323991169301,10
ring,2023-08-20,11.478890757513424,1612
campus,2023-08-21,21.126807580764766,10
ring,2023-08-21,12.416124410211046,1608
campus,2023-08-22,16.40271273950203,10
ring,2023-08-22,9.360021281611932,1610
campus,2023-08-23,,0
ring,2023-08-23,,0
campus,2023-08-24,13.615748432040773,13
ring,2023-08-24,7.852293485437303,1618
campus,2023-08-25,,0
ring,2023-08-25,1.2852872189180382,288
campus,2023-08-26,,0
ring,2023-08-26,1.5309456037288611,162
campus,2023-08-27,19.557666630252424,13
ring,2023-08-27,10.411445524517106,1586
campus,2023-08-28,13.949274426614732,13
ring,2023-08-28,7.7768976903415465,1618
campus,2023-08-29,16.09992590128818,12
ring,2023-08-29,7.108325060337175,1537
campus,2023-08-30,7.696984411854494,5
ring,2023-08-30,10.085721707291253,617
campus,2023-08-31,18.61381601311667,10
ring,2023-08-31,8.888444179785644,1477
campus,2023-09-01,16.552788783127152,13
ring,2023-09-01,9.182348248624008,1452
campus,2023-09-02,10.941367501384214,13
ring,2023-09-02,6.411441064611884,1493
campus,2023-09-03,13.237782713485085,10
ring,2023-09-03,6.851907399731037,1526
campus,2023-09-04,11.373817217435768,11
ring,2023-09-04,7.588791038667393,1533
campus,2023-09-05,12.51180538343863,12
ring,2023-09-05,8.920914788746506,1545
campus,2023-09-06,17.11298884476403,12
ring,2023-09-06,12.562952971013384,1293
campus,2023-09-07,,0
ring,2023-09-07,1.1436986476182938,4
campus,2023-09-08,,0
ring,2023-09-08,1.0364404149041264,248
campus,2023-09-09,,0
ring,2023-09-09,9.76575839571878,667
campus,2023-09-10,,0
ring,2023-09-10,,0
campus,2023-09-11,10.266497445078517,13
ring,2023-09-11,10.469097126124478,1615
campus,2023-09-12,20.675913277366345,13
ring,2023-09-12,9.958652710700436,1612
campus,2023-09-13,12.169973608193821,13
ring,2023-09-13,8.154350881180987,1618
campus,2023-09-14,,0
ring,2023-09-14,,0
campus,2023-09-15,,0
ring,2023-09-15,,0
campus,2023-09-16,,0
ring,2023-09-16,,0
campus,2023-09-17,21.646933561759372,13
ring,2023-09-17,10.533335629600895,1618
campus,2023-09-18,15.035309970658705,13
ring,2023-09-18,8.592637444148641,1618
campus,2023-09-19,11.607839961007164,13
ring,2023-09-19,7.702190071433867,1617
campus,2023-09-20,9.85277019000389,13
ring,2023-09-20,8.305212374841396,1549
campus,2023-09-21,8.389641475509586,13
ring,2023-09-21,6.6832022868506815,1566
campus,2023-09-22,,0
ring,2023-09-22,,0
campus,2023-09-23,,0
ring,2023-09-23,,0
campus,2023-09-24,6.728560904047334,5
ring,2023-09-24,1.818216426508562,603
campus,2023-09-25,,0
ring,2023-09-25,,0
campus,2023-09-26,,0
ring,2023-09-26,15.292023138566451,11
campus,2023-09-27,13.685029010760772,12
ring,2023-09-27,10.02392561404536,1513
campus,2023-09-28,,0
ring,2023-09-28,17.99207716255509,360
campus,2023-09-29,9.589922382365504,11
ring,2023-09-29,7.597864546095407,1526
campus,2023-09-30,9.266068590219032,13
ring,2023-09-30,7.431936043370375,1519
campus,2023-10-01,,0
ring,2023-10-01,,0
campus,2023-10-02,14.780550333815558,13
ring,2023-10-02,8.811678319025734,1557
campus,2023-10-03,14.234021647264244,12
ring,2023-10-03,8.943318238460058,1492
campus,2023-10-04,13.581341325956886,13
ring,2023-10-04,8.426321070645324,1540
campus,2023-10-05,11.226894289315188,12
ring,2023-10-05,7.285754854510641,1553
campus,2023-10-06,11.301818907946005,10
ring,2023-10-06,7.300819270466209,1577
campus,2023-10-07,9.44326939330294,12
ring,2023-10-07,6.989245993121389,1534
campus,2023-10-08,15.31579904618101,11
ring,2023-10-08,11.82644961697422,1280
campus,2023-10-09,15.558187446683782,13
ring,2023-10-09,8.655975867872304,1526
campus,2023-10-10,14.949184911911473,13
ring,2023-10-10,7.863722329488244,1618
campus,2023-10-11,,0
ring,2023-10-11,,0
campus,2023-10-12,14.702598682871445,13
ring,2023-10-12,7.8908598656180855,1571
campus,2023-10-13,15.3082782346318,13
ring,2023-10-13,10.422781603179187,1618
campus,2023-10-14,19.238957200811498,13
ring,2023-10-14,9.349765037402083,1617
campus,2023-10-15,13.24694001338851,13
ring,2023-10-15,8.263190190294415,1613
campus,2023-10-16,12.818143794794036,13
ring,2023-10-16,9.426737787278004,1324
campus,2023-10-17,10.795455691470227,13
ring,2023-10-17,7.186600241189602,1617
campus,2023-10-18,11.75859083927853,13
ring,2023-10-18,9.462538093281852,1618
campus,2023-10-19,20.01211729351903,13
ring,2023-10-19,10.38639032715705,1618
campus,2023-10-20,15.019866090145467,13
ring,2023-10-20,8.554904890874715,1618
campus,2023-10-21,9.66527685061307,13
ring,2023-10-21,7.7527242509882175,1520
campus,2023-10-22,,0
ring,2023-10-22,3.927636164759272,89
campus,2023-10-23,14.455773202746126,13
ring,2023-10-23,9.063675127481272,1617
campus,2023-10-24,13.187520945587982,11
ring,2023-10-24,12.190746106488211,1361
campus,2023-10-25,16.537659466406545,13
ring,2023-10-25,9.255604876862327,1560
campus,2023-10-26,14.335827568878111,12
ring,2023-10-26,8.284570478179027,1521
campus,2023-10-27,9.030431789310905,11
ring,2023-10-27,8.412528039673054,1416
campus,2023-10-28,,0
ring,2023-10-28,,0
campus,2023-10-29,16.266910856303113,11
ring,2023-10-29,9.790637152153606,1538
campus,2023-10-30,14.743209756121916,10
ring,2023-10-30,10.449714040630012,1468
campus,2023-10-31,13.89286775783383,12
ring,2023-10-31,8.38274624056979,1567
campus,2023-11-01,,0
ring,2023-11-01,,0
campus,2023-11-02,,0
ring,2023-11-02,,0
campus,2023-11-03,14.676189508796293,13
ring,2023-11-03,9.757684699874233,1536
campus,2023-11-04,,0
ring,2023-11-04,,0
campus,2023-11-05,16.541253883514045,13
ring,2023-11-05,24.203533637361485,669
campus,2023-11-06,15.318423568637833,11
ring,2023-11-06,10.23431823497531,1296
campus,2023-11-07,13.194364373650677,12
ring,2023-11-07,10.107835486272716,1228
campus,2023-11-08,11.33433948072469,13
ring,2023-11-08,9.374180671018522,1607
campus,2023-11-09,15.55576172680922,13
ring,2023-11-09,12.165015566521268,1616
campus,2023-11-10,14.114394857430122,13
ring,2023-11-10,5.641689945426469,1118
campus,2023-11-11,10.940672093573868,13
ring,2023-11-11,8.143558288455925,1574
campus,2023-11-12,9.245452867707174,13
ring,2023-11-12,10.039620534098187,1401
campus,2023-11-13,11.010391161755217,13
ring,2023-11-13,10.790030723300484,1197
campus,2023-11-14,14.928261663432409,13
ring,2023-11-14,10.121605849081842,1610
campus,2023-11-15,15.754137281240988,13
ring,2023-11-15,10.341183207145955,1613
campus,2023-11-16,11.366014228460372,13
ring,2023-11-16,8.741649907549016,1617
campus,2023-11-17,7.31703159688784,13
ring,2023-11-17,10.638006557704577,1280
campus,2023-11-18,9.976923304124616,13
ring,2023-11-18,8.428108474876385,1617
campus,2023-11-19,12.114023995511406,13
ring,2023-11-19,9.986559653074785,1618
campus,2023-11-20,18.00904022751839,13
ring,2023-11-20,2.7172879262131238,805
campus,2023-11-21,12.326353211637954,13
ring,2023-11-21,9.245796498309522,1618
campus,2023-11-22,18.060073339043644,13
ring,2023-11-22,11.272505894666457,1617
campus,2023-11-23,8.392355970615174,11
ring,2023-11-23,10.390290654688656,1420
campus,2023-11-24,14.610698114538414,13
ring,2023-11-24,9.335014696393097,1558
campus,2023-11-25,16.262316982174212,12
ring,2023-11-25,11.070387771373404,1513
campus,2023-11-26,14.230376862024476,13
ring,2023-11-26,9.623096762298282,1527
campus,2023-11-27,10.169938707666144,12
ring,2023-11-27,8.37243099206115,1536
campus,2023-11-28,9.234116910493858,10
ring,2023-11-28,10.077193184686825,1534
campus,2023-11-29,10.054790933432253,11
ring,2023-11-29,8.575858826177651,1516
campus,2023-11-30,8.993162637930421,12
ring,2023-11-30,10.186227756835276,1525
campus,2023-12-01,15.688319912991785,11
ring,2023-12-01,9.825974778018859,1551
campus,2023-12-02,7.823654486153293,11
ring,2023-12-02,9.825718960819147,1402
campus,2023-12-03,12.300500745428874,7
ring,2023-12-03,8.177431063431554,1531
campus,2023-12-04,,0
ring,2023-12-04,19.20605248117294,193
campus,2023-12-05,7.500004903861234,12
ring,2023-12-05,10.28209574690733,1552
campus,2023-12-06,14.745194533264753,12
ring,2023-12-06,12.211076221733238,1413
campus,2023-12-07,11.884864756199114,13
ring,2023-12-07,9.6979597271648,1554
campus,2023-12-08,4.293751187167816,13
ring,2023-12-08,8.62271405797166,1578
campus,2023-12-09,,0
ring,2023-12-09,,0
campus,2023-12-10,,0
ring,2023-12-10,,0
campus,2023-12-11,23.258026123046875,1
ring,2023-12-11,28.015173586781987,337
campus,2023-12-12,,0
ring,2023-12-12,,0
campus,2023-12-13,,0
ring,2023-12-13,1.0599268317222594,10
campus,2023-12-14,,0
ring,2023-12-14,2.853104737502799,40
campus,2023-12-15,,0
ring,2023-12-15,6.473183516399524,88
campus,2023-12-16,16.277481079101562,1
ring,2023-12-16,1.3997695324518833,86
campus,2023-12-17,,0
ring,2023-12-17,1.4707341592945986,115
campus,2023-12-18,,0
ring,2023-12-18,1.092240889608537,106
campus,2023-12-19,,0
ring,2023-12-19,20.484219913252502,223
campus,2023-12-20,,0
ring,2023-12-20,24.129469572331836,323
campus,2023-12-21,12.579870223999023,1
ring,2023-12-21,19.965241565459678,207
campus,2023-12-22,12.83889848535711,2
ring,2023-12-22,24.732835531714475,212
campus,2023-12-23,,0
ring,2023-12-23,6.05556719839254,702
campus,2023-12-24,17.128786087036133,1
ring,2023-12-24,10.88597404902493,622
campus,2023-12-25,,0
ring,2023-12-25,,0
campus,2023-12-26,7.791983360829561,3
ring,2023-12-26,11.217811638752615,721
campus,2023-12-27,10.733157349072295,4
ring,2023-12-27,12.257454094269153,824
campus,2023-12-28,17.62797303532445,2
ring,2023-12-28,9.83993322212917,903
campus,2023-12-29,,0
ring,2023-12-29,27.978623321978443,59
campus,2023-12-30,,0
ring,2023-12-30,41.28728424119437,67
campus,2024-01-01,27.52886962890625,1
ring,2024-01-01,15.342317332036423,288
campus,2024-01-02,9.751984377049688,3
ring,2024-01-02,28.040641968346932,248
campus,2024-01-03,7.200645923614502,2
ring,2024-01-03,18.90861767620982,392
campus,2024-01-04,9.981134054622547,8
ring,2024-01-04,16.310283874414644,634
campus,2024-01-05,7.444091118593267,8
ring,2024-01-05,15.67986697381938,689
campus,2024-01-06,14.77477184585903,3
ring,2024-01-06,18.543059783507804,709
campus,2024-01-07,,0
ring,2024-01-07,,0
campus,2024-01-08,,0
ring,2024-01-08,4.0818119866864935,97
campus,2024-01-09,,0
ring,2024-01-09,8.247795466301952,157
campus,2024-01-10,,0
ring,2024-01-10,12.409622682306088,361
campus,2024-01-11,,0
ring,2024-01-11,15.479254560638067,612
campus,2024-01-12,,0
ring,2024-01-12,14.13794399838978,685
campus,2024-01-13,11.406079197209602,3
ring,2024-01-13,13.663955718703662,809
campus,2024-01-14,17.492372435932012,5
ring,2024-01-14,15.109679339310208,757
campus,2024-01-15,11.162939087509193,7
ring,2024-01-15,14.58269369135691,1024
campus,2024-01-16,,0
ring,2024-01-16,,0
campus,2024-01-17,16.26183210965457,4
ring,2024-01-17,14.450579122785406,973
campus,2024-01-18,,0
ring,2024-01-18,,0
campus,2024-01-19,,0
ring,2024-01-19,,0
campus,2024-01-20,,0
ring,2024-01-20,1.9900921964290859,3
campus,2024-01-21,,0
ring,2024-01-21,3.6365534681416443,19
campus,2024-01-22,,0
ring,2024-01-22,1.3179461904801428,4
campus,2024-01-23,,0
ring,2024-01-23,1.7221179590647617,174
campus,2024-01-24,,0
ring,2024-01-24,1.6130259368117976,58
campus,2024-01-25,,0
ring,2024-01-25,43.96304015738542,65
campus,2024-01-26,,0
ring,2024-01-26,42.51830714590195,168
campus,2024-01-27,,0
ring,2024-01-27,34.105268954021426,158
campus,2024-01-28,,0
ring,2024-01-28,18.910401897597865,148
campus,2024-01-29,,0
ring,2024-01-29,15.54830106170943,205
campus,2024-01-30,14.733712196350098,1
ring,2024-01-30,7.553686644594561,456
campus,2024-01-31,,0
ring,2024-01-31,,0
campus,2024-02-01,,0
ring,2024-02-01,13.411253290151029,592
campus,2024-02-02,,0
ring,2024-02-02,24.996277251281384,322
campus,2024-02-03,,0
ring,2024-02-03,16.44836299026994,122
campus,2024-02-04,,0
ring,2024-02-04,4.041221615266826,11
campus,2024-02-05,,0
ring,2024-02-05,98.14970779418945,4
campus,2024-02-06,,0
ring,2024-02-06,,0
campus,2024-02-07,,0
ring,2024-02-07,,0
campus,2024-02-08,12.90320873260498,1
ring,2024-02-08,,0
campus,2024-02-09,22.446556091308594,1
ring,2024-02-09,,0
campus,2024-02-10,,0
ring,2024-02-10,42.6267580112575,113
campus,2024-02-11,11.929722628873936,2
ring,2024-02-11,58.743048261731296,222
campus,2024-02-12,9.364040800610429,9
ring,2024-02-12,32.56108418777405,555
campus,2024-02-13,12.485695317208302,11
ring,2024-02-13,21.590047220876464,747
campus,2024-02-14,10.066853956488428,12
ring,2024-02-14,12.676448024094771,1558
campus,2024-02-15,5.624902544437342,12
ring,2024-02-15,10.271264264652155,1519
campus,2024-02-16,5.01754666438125,13
ring,2024-02-16,10.135459803127965,1597
campus,2024-02-17,9.650200034217011,3
ring,2024-02-17,1.958795143091124,444
campus,2024-02-18,,0
ring,2024-02-18,,0
campus,2024-02-19,,0
ring,2024-02-19,,0
campus,2024-02-20,,0
ring,2024-02-20,,0
campus,2024-02-21,,0
ring,2024-02-21,82.37068604469297,39
campus,2024-02-22,,0
ring,2024-02-22,52.30503002654445,39
campus,2024-02-23,,0
ring,2024-02-23,39.72545999735658,97
campus,2024-02-24,16.66816804007198,3
ring,2024-02-24,6.849613465277827,399
campus,2024-02-25,,0
ring,2024-02-25,,0
campus,2024-02-26,,0
ring,2024-02-26,,0
campus,2024-02-27,,0
ring,2024-02-27,2.4705013359438537,196
campus,2024-02-28,,0
ring,2024-02-28,1.0884310023746493,387
campus,2024-02-29,,0
ring,2024-02-29,1.3156332614596298,418
campus,2024-03-01,10.433046161427216,2
ring,2024-03-01,6.739913956954127,307
campus,2024-03-02,13.903510231671374,6
ring,2024-03-02,9.743323145913655,1038
campus,2024-03-03,5.69929927069816,13
ring,2024-03-03,10.106964899210828,1439
campus,2024-03-04,13.978434950533044,13
ring,2024-03-04,3.972714829269268,957
campus,2024-03-05,23.44961941309315,12
ring,2024-03-05,15.32788150210667,1439
campus,2024-03-06,9.15668433960562,12
ring,2024-03-06,10.08049551212532,1490
campus,2024-03-07,8.136820443079504,13
ring,2024-03-07,9.968398028572361,1564
campus,2024-03-08,5.484532275788788,12
ring,2024-03-08,8.67376324797827,1572
campus,2024-03-09,7.380305989042606,8
ring,2024-03-09,1.4999317023537277,857
campus,2024-03-10,11.07973544642399,13
ring,2024-03-10,9.0225846296288,1613
campus,2024-03-11,16.197777851086826,13
ring,2024-03-11,10.199764790556193,1616
campus,2024-03-12,10.189527422889293,13
ring,2024-03-12,9.783771414798375,1615
campus,2024-03-13,8.048744041315265,13
ring,2024-03-13,9.216014501117412,1464
campus,2024-03-14,11.771144512393663,13
ring,2024-03-14,9.782628570913348,1201
campus,2024-03-15,,0
ring,2024-03-15,,0
campus,2024-03-16,15.75439596791782,13
ring,2024-03-16,15.72690526318543,1041
campus,2024-03-17,14.1318811167014,13
ring,2024-03-17,9.431481714287186,1616
campus,2024-03-18,15.592388820054,12
ring,2024-03-18,9.448835737837861,1430
campus,2024-03-19,11.278539185512793,13
ring,2024-03-19,8.203751905027536,1523
campus,2024-03-20,12.56115167500402,11
ring,2024-03-20,11.483949613344032,1010
campus,2024-03-21,14.640997640336577,12
ring,2024-03-21,9.441244954135337,1556
campus,2024-03-22,,0
ring,2024-03-22,,0
campus,2024-03-23,,0
ring,2024-03-23,,0
campus,2024-03-24,,0
ring,2024-03-24,4.942963828867689,278
campus,2024-03-25,9.718193539652125,12
ring,2024-03-25,3.937823061551855,1149
campus,2024-03-26,8.859374428998695,13
ring,2024-03-26,8.716443908758553,1498
campus,2024-03-27,16.836499631720244,10
ring,2024-03-27,11.45866206189061,1543
campus,2024-03-28,13.539315413676874,12
ring,2024-03-28,10.127286571643731,1548
campus,2024-03-29,13.695644455609662,12
ring,2024-03-29,8.93272769514135,1530
campus,2024-03-30,,0
ring,2024-03-30,7.571619208305636,916
campus,2024-03-31,,0
ring,2024-03-31,15.845690840991365,500
campus,2024-04-01,,0
ring,2024-04-01,,0
campus,2024-04-02,,0
ring,2024-04-02,,0
campus,2024-04-03,,0
ring,2024-04-03,,0
campus,2024-04-04,9.3645397865411,4
ring,2024-04-04,10.606400679871383,966
campus,2024-04-05,,0
ring,2024-04-05,,0
campus,2024-04-06,14.35712584293504,13
ring,2024-04-06,11.087206359647933,1618
campus,2024-04-07,17.604116448774022,13
ring,2024-04-07,9.91514073080836,1614
campus,2024-04-08,6.811699349747525,9
ring,2024-04-08,7.050319092346017,1410
campus,2024-04-09,,0
ring,2024-04-09,,0
campus,2024-04-10,11.072144653315831,13
ring,2024-04-10,9.409970447933533,1347
campus,2024-04-11,10.376625871714289,13
ring,2024-04-11,9.715100383287805,1617
campus,2024-04-12,,0
ring,2024-04-12,,0
campus,2024-04-13,,0
ring,2024-04-13,,0
campus,2024-04-14,9.047880775212121,13
ring,2024-04-14,7.852675248414859,1615
campus,2024-04-15,9.807856492103545,13
ring,2024-04-15,8.517547284910107,1577
campus,2024-04-16,9.58908989815363,12
ring,2024-04-16,9.448357503440754,1502
campus,2024-04-17,14.117957681016023,10
ring,2024-04-17,11.276353582573845,1477
campus,2024-04-18,,0
ring,2024-04-18,,0
campus,2024-04-19,,0
ring,2024-04-19,3.275642145637411,556
campus,2024-04-20,8.235818549288693,10
ring,2024-04-20,8.162522688633093,1548
campus,2024-04-21,8.709404225649445,9
ring,2024-04-21,3.832969039106977,520
campus,2024-04-22,16.690619686513248,6
ring,2024-04-22,10.42376670817601,1526
campus,2024-04-23,12.52302535488695,10
ring,2024-04-23,9.652765520161937,1539
campus,2024-04-24,,0
ring,2024-04-24,,0
campus,2024-04-25,,0
ring,2024-04-25,21.489535450877945,150
campus,2024-04-26,10.010317331563169,10
ring,2024-04-26,21.24358442558838,498
campus,2024-04-27,,0
ring,2024-04-27,,0
campus,2024-04-28,,0
ring,2024-04-28,,0
campus,2024-04-29,,0
ring,2024-04-29,,0
campus,2024-04-30,,0
ring,2024-04-30,42.30325678873667,17
campus,2024-05-01,,0
ring,2024-05-01,,0
campus,2024-05-02,12.113118734115208,10
ring,2024-05-02,9.091375902796223,1612
campus,2024-05-03,,0
ring,2024-05-03,7.267096093853067,1204
campus,2024-05-04,,0
ring,2024-05-04,,0
campus,2024-05-05,10.72094744287986,7
ring,2024-05-05,4.130479341227836,878
campus,2024-05-06,11.87633222615214,10
ring,2024-05-06,7.830146758906863,1581
campus,2024-05-07,7.956845185837719,10
ring,2024-05-07,9.388719914205407,1415
campus,2024-05-08,14.500091061905515,13
ring,2024-05-08,11.207539688069714,1425
campus,2024-05-09,,0
ring,2024-05-09,,0
campus,2024-05-10,10.790631847574943,10
ring,2024-05-10,7.91526105010255,1611
campus,2024-05-11,5.953497611488269,10
ring,2024-05-11,7.489495777464499,1612
campus,2024-05-12,11.930409236542868,10
ring,2024-05-12,7.905774183893102,1581
campus,2024-05-13,,0
ring,2024-05-13,0.6029164944160238,47
campus,2024-05-14,15.025245676171446,10
ring,2024-05-14,10.031712643413634,1612
campus,2024-05-15,,0
ring,2024-05-15,,0
campus,2024-05-16,5.585281803057744,10
ring,2024-05-16,7.97473500236639,1593
campus,2024-05-17,5.772002660026845,10
ring,2024-05-17,8.554814971367133,1364
campus,2024-05-18,,0
ring,2024-05-18,,0
campus,2024-05-19,10.719715137630297,8
ring,2024-05-19,10.870843314358527,1515
campus,2024-05-20,10.569624302407501,6
ring,2024-05-20,9.11922856848952,1532
campus,2024-05-21,10.216907643753549,2
ring,2024-05-21,11.21557081751311,758
campus,2024-05-22,6.596738149026135,9
ring,2024-05-22,7.296523461348822,1572
campus,2024-05-23,,0
ring,2024-05-23,,0
campus,2024-05-24,,0
ring,2024-05-24,,0
campus,2024-05-25,,0
ring,2024-05-25,,0
campus,2024-05-26,9.205619550287807,9
ring,2024-05-26,7.977188574383488,1544
campus,2024-05-27,8.319309677247281,6
ring,2024-05-27,6.940276403663147,1488
campus,2024-05-28,,0
ring,2024-05-28,,0
campus,2024-05-29,12.565544517226735,10
ring,2024-05-29,7.46311433659953,1453
campus,2024-06-04,,0
ring,2024-06-04,0.48582952540741403,17
campus,2024-06-05,3.21234563690331,9
ring,2024-06-05,2.358529643698897,671
campus,2024-06-06,,0
ring,2024-06-06,,0
campus,2024-06-07,7.691525844208011,13
ring,2024-06-07,7.342486894075335,1615
campus,2024-06-08,11.60583184510737,13
ring,2024-06-08,7.545401155301236,1615
campus,2024-06-09,11.977771842258822,13
ring,2024-06-09,9.31858838344961,1615
campus,2024-06-10,,0
ring,2024-06-10,10.19432582509851,181
campus,2024-06-11,,0
ring,2024-06-11,14.188988035771276,654
campus,2024-06-12,,0
ring,2024-06-12,10.543950463737618,886
campus,2024-06-13,,0
ring,2024-06-13,10.597982007809717,1091
campus,2024-06-14,13.057233403987398,13
ring,2024-06-14,9.623278309369331,1615
campus,2024-06-15,,0
ring,2024-06-15,,0
campus,2024-06-16,,0
ring,2024-06-16,0.36365498708827154,14
campus,2024-06-17,9.466676551967122,5
ring,2024-06-17,0.7175669129640021,776
campus,2024-06-18,,0
ring,2024-06-18,0.6007274441950721,123
campus,2024-06-19,11.031363682586608,11
ring,2024-06-19,8.469322217898585,1547
campus,2024-06-20,,0
ring,2024-06-20,,0
campus,2024-06-21,,0
ring,2024-06-21,,0
campus,2024-06-22,9.781234619006442,12
ring,2024-06-22,7.1569797462938265,1275
campus,2024-06-23,10.45661561586232,9
ring,2024-06-23,7.476328542999041,1523
campus,2024-06-24,13.948283163635661,10
ring,2024-06-24,7.781067895143786,1508
campus,2024-06-25,14.368309770026613,13
ring,2024-06-25,9.361828646647204,1544
campus,2024-06-26,,0
ring,2024-06-26,,0
campus,2024-06-27,,0
ring,2024-06-27,,0
campus,2024-06-28,,0
ring,2024-06-28,,0
campus,2024-06-29,8.806983881752375,8
ring,2024-06-29,6.564618619621994,1538
campus,2024-06-30,,0
ring,2024-06-30,7.811037276806894,164
campus,2024-07-01,,0
ring,2024-07-01,,0
campus,2024-07-02,,0
ring,2024-07-02,2.935309074100241,26
campus,2024-07-03,11.42647393587166,10
ring,2024-07-03,6.117675445383346,1609
campus,2024-07-04,,0
ring,2024-07-04,0.309852614802702,309
campus,2024-07-05,,0
ring,2024-07-05,7.316954069506112,592
campus,2024-07-06,,0
ring,2024-07-06,,0
campus,2024-07-07,,0
ring,2024-07-07,,0
campus,2024-07-08,,0
ring,2024-07-08,0.7409203375575836,390
campus,2024-07-09,8.58471514543182,10
ring,2024-07-09,7.585717981657415,1404
campus,2024-07-16,,0
ring,2024-07-16,,0
campus,2024-07-17,,0
ring,2024-07-17,,0
campus,2024-07-18,60.02861553007558,7
ring,2024-07-18,16.703958964399327,1124
campus,2024-07-19,9.793338417216479,9
ring,2024-07-19,7.065805346246224,1528
campus,2024-07-20,,0
ring,2024-07-20,,0
campus,2024-07-21,13.074762040117204,10
ring,2024-07-21,8.86058654060957,1540
campus,2024-07-22,13.823243248908915,6
ring,2024-07-22,10.62713009603244,1268
campus,2024-07-23,,0
ring,2024-07-23,14.745983393644932,304
campus,2024-07-24,,0
ring,2024-07-24,,0
campus,2024-07-29,,0
ring,2024-07-29,,0
campus,2024-07-30,,0
ring,2024-07-30,,0
campus,2024-07-31,,0
ring,2024-07-31,,0
campus,2024-08-01,9.86232430663362,10
ring,2024-08-01,8.788917369583311,674
campus,2024-08-02,,0
ring,2024-08-02,,0
campus,2024-08-03,4.885647788670494,10
ring,2024-08-03,7.245268054734633,1610
campus,2024-08-04,9.407966125039426,13
ring,2024-08-04,7.281500914183414,1617
campus,2024-08-05,9.492260737258173,9
ring,2024-08-05,8.366428780044114,1612
campus,2024-08-06,,0
ring,2024-08-06,,0
campus,2024-08-07,15.695978901396213,10
ring,2024-08-07,11.655055812273117,1611
campus,2024-08-08,,0
ring,2024-08-08,,0
campus,2024-08-09,,0
ring,2024-08-09,8.927905554257782,626
campus,2024-08-10,,0
ring,2024-08-10,1.8354717127120466,106
campus,2024-08-11,,0
ring,2024-08-11,1.0043466634817093,320
campus,2024-08-12,,0
ring,2024-08-12,,0
campus,2024-08-13,,0
ring,2024-08-13,17.927715078567864,571
campus,2024-08-14,8.115827349302807,10
ring,2024-08-14,8.19117098959184,1612
campus,2024-08-15,,0
ring,2024-08-15,1.5556973458139791,256
campus,2024-08-16,,0
ring,2024-08-16,0.7374389392733387,101
campus,2024-08-17,,0
ring,2024-08-17,0.9171347929981939,6
campus,2024-08-18,,0
ring,2024-08-18,,0
campus,2024-08-19,,0
ring,2024-08-19,33.57565347424761,44
campus,2024-08-20,,0
ring,2024-08-20,12.187210411952638,192
campus,2024-08-21,9.279568892543205,10
ring,2024-08-21,8.698248115505455,1542
campus,2024-08-22,14.531274174198959,4
ring,2024-08-22,10.387450467363388,1334
campus,2024-08-23,14.474451394593487,10
ring,2024-08-23,11.544747565667597,1447
campus,2024-08-24,,0
ring,2024-08-24,1.250748744862277,221
campus,2024-08-25,,0
ring,2024-08-25,,0
campus,2024-08-26,9.219003606581873,11
ring,2024-08-26,7.793047526636312,1512
campus,2024-08-27,,0
ring,2024-08-27,,0
campus,2024-08-28,14.052418530502377,8
ring,2024-08-28,9.21970771119412,1470
campus,2024-08-29,15.931275463961699,9
ring,2024-08-29,10.771309757536022,1321
campus,2024-08-30,15.233188748285958,11
ring,2024-08-30,9.095826373060834,1453
campus,2024-08-31,,0
ring,2024-08-31,1.3242740735708212,146
campus,2024-09-01,,0
ring,2024-09-01,0.9660711586475372,2
campus,2024-09-02,,0
ring,2024-09-02,0.6583327946499882,2
campus,2024-09-03,,0
ring,2024-09-03,,0
campus,2024-09-04,,0
ring,2024-09-04,1.2220968292360395,16
campus,2024-09-05,,0
ring,2024-09-05,,0
campus,2024-09-06,,0
ring,2024-09-06,,0
campus,2024-09-07,,0
ring,2024-09-07,,0
campus,2024-09-08,,0
ring,2024-09-08,1.7015088649234482,300
campus,2024-09-09,,0
ring,2024-09-09,,0
campus,2024-09-10,,0
ring,2024-09-10,,0
campus,2024-09-11,,0
ring,2024-09-11,,0
campus,2024-09-12,14.242498446798097,13
ring,2024-09-12,7.784152626990678,1592
campus,2024-09-13,,0
ring,2024-09-13,,0
campus,2024-09-14,,0
ring,2024-09-14,,0
campus,2024-09-15,,0
ring,2024-09-15,,0
campus,2024-09-16,,0
ring,2024-09-16,,0
campus,2024-09-17,,0
ring,2024-09-17,,0
campus,2024-09-18,,0
ring,2024-09-18,3.423252715067552,37
campus,2024-09-19,,0
ring,2024-09-19,,0
campus,2024-09-20,,0
ring,2024-09-20,17.33641254901886,8
campus,2024-09-21,11.244922016148275,13
ring,2024-09-21,9.071802278616028,1163
campus,2024-09-22,10.069654462720566,12
ring,2024-09-22,7.41817294997207,1541
campus,2024-09-23,14.703711360960352,12
ring,2024-09-23,8.526037332588,1541
campus,2024-09-24,15.898871158914902,11
ring,2024-09-24,11.489153477600908,1097
campus,2024-09-25,14.960755749531854,10
ring,2024-09-25,8.77478627078268,1321
campus,2024-09-27,,0
ring,2024-09-27,,0
campus,2024-09-28,,0
ring,2024-09-28,,0
campus,2024-09-29,,0
ring,2024-09-29,,0
campus,2024-09-30,14.835606256561096,13
ring,2024-09-30,10.157057229759323,1517
campus,2024-10-01,,0
ring,2024-10-01,9.594874650845718,450
campus,2024-10-02,9.659532891192905,13
ring,2024-10-02,7.943913767467659,1618
campus,2024-10-03,,0
ring,2024-10-03,,0
campus,2024-10-04,13.708562330460882,13
ring,2024-10-04,10.291053087186194,1431
campus,2024-10-05,,0
ring,2024-10-05,,0
campus,2024-10-06,,0
ring,2024-10-06,1.3248930368502272,198
campus,2024-10-07,11.876303224636354,13
ring,2024-10-07,7.527461203059709,1617
campus,2024-10-08,,0
ring,2024-10-08,,0
campus,2024-10-09,12.35531536066476,13
ring,2024-10-09,9.286175201265015,1617
campus,2024-10-10,18.455006028285045,13
ring,2024-10-10,11.561144571867933,1616
campus,2024-10-11,19.191894175021297,13
ring,2024-10-11,9.241920820164848,1618
campus,2024-10-12,,0
ring,2024-10-12,,0
campus,2024-10-13,8.969268885017,13
ring,2024-10-13,7.567449621420253,1424
campus,2024-10-14,13.251170552952184,13
ring,2024-10-14,8.551777286538336,1543
campus,2024-10-15,13.340569635327354,4
ring,2024-10-15,2.3493628215853617,438
campus,2024-10-16,,0
ring,2024-10-16,,0
campus,2024-10-17,,0
ring,2024-10-17,,0
campus,2024-10-18,12.54501200319737,8
ring,2024-10-18,9.974490786469772,942
campus,2024-10-19,13.725024223327637,1
ring,2024-10-19,1.6108956104486694,617
campus,2024-10-20,12.693975629158391,4
ring,2024-10-20,17.564187989997322,80
campus,2024-10-21,,0
ring,2024-10-21,9.769591379616914,2
campus,2024-10-22,12.333188824230527,12
ring,2024-10-22,8.881813183676092,1518
campus,2024-10-23,13.795579371038174,13
ring,2024-10-23,7.892490407962914,1534
campus,2024-10-24,13.818402600945898,12
ring,2024-10-24,8.299177760196645,1554
campus,2024-10-25,,0
ring,2024-10-25,,0
campus,2024-10-26,,0
ring,2024-10-26,,0
campus,2024-10-27,8.603784802353498,12
ring,2024-10-27,9.583648695106703,1524
campus,2024-10-28,5.8760903765897785,13
ring,2024-10-28,6.615896878848211,1617
campus,2024-10-29,,0
ring,2024-10-29,,0
campus,2024-10-30,,0
ring,2024-10-30,0.742140299665029,18
campus,2024-10-31,14.071835614006282,13
ring,2024-10-31,9.923521835582882,1617
campus,2024-11-01,17.583001717155526,13
ring,2024-11-01,11.578110464503647,1616
campus,2024-11-02,,0
ring,2024-11-02,1.4108651044714686,26
campus,2024-11-06,,0
ring,2024-11-06,,0
campus,2024-11-07,12.814062149273722,9
ring,2024-11-07,3.3617914896356687,650
campus,2024-11-08,6.908657126583402,13
ring,2024-11-08,8.727527725841254,1618
campus,2024-11-09,,0
ring,2024-11-09,,0
campus,2024-11-10,12.263978852166069,3
ring,2024-11-10,2.8537298235233646,596
campus,2024-11-11,14.669155187739264,11
ring,2024-11-11,11.590411297545064,1510
campus,2024-11-12,,0
ring,2024-11-12,,0
campus,2024-11-13,,0
ring,2024-11-13,,0
campus,2024-11-14,8.700927547464481,11
ring,2024-11-14,10.205367257082381,1440
campus,2024-11-15,,0
ring,2024-11-15,1.7463356936039494,15
campus,2024-11-16,11.308239643190888,11
ring,2024-11-16,10.771435240752513,1528
campus,2024-11-17,10.841819999503414,13
ring,2024-11-17,10.01538584305225,1549
campus,2024-11-18,12.700456585682614,13
ring,2024-11-18,8.482718212985217,1365
campus,2024-11-19,8.437677495052359,11
ring,2024-11-19,8.612282418324773,1560
campus,2024-11-20,9.034076202379097,11
ring,2024-11-20,8.79443546787181,1539
campus,2024-11-21,13.35688755052666,9
ring,2024-11-21,9.847049917667166,1517
campus,2024-11-22,15.002056143442788,11
ring,2024-11-22,13.689106575064711,1072
campus,2024-11-23,3.6926062428343176,7
ring,2024-11-23,5.321199582949509,144
campus,2024-11-24,,0
ring,2024-11-24,,0
campus,2024-11-25,37.484188079833984,1
ring,2024-11-25,6.9176582719808755,3
campus,2024-11-26,42.420413970947266,1
ring,2024-11-26,0.7937504447446829,2
campus,2024-11-27,17.388870239257812,1
ring,2024-11-27,11.161360800804589,113
campus,2024-11-28,24.064542666217925,4
ring,2024-11-28,16.601394843127398,914
campus,2024-11-29,15.589407780749648,4
ring,2024-11-29,8.167645758530943,961
campus,2024-11-30,12.561188659822143,11
ring,2024-11-30,9.313507300759994,1561
campus,2024-12-01,9.736551509986459,13
ring,2024-12-01,9.571112029116806,1606
campus,2024-12-02,14.251859211306055,13
ring,2024-12-02,11.06791805308078,1612
campus,2024-12-03,11.579491188548536,13
ring,2024-12-03,9.240144680249177,1603
campus,2024-12-04,9.734155622026728,13
ring,2024-12-04,9.991813509425437,1613
campus,2024-12-05,,0
ring,2024-12-05,0.9847536058332581,54
campus,2024-12-06,9.13193716838195,9
ring,2024-12-06,2.0640410237725137,866
campus,2024-12-07,8.821740937344902,13
ring,2024-12-07,10.78414905265589,1613
campus,2024-12-08,19.739599467443185,13
ring,2024-12-08,12.137450208352563,1616
campus,2024-12-09,11.874642903536134,13
ring,2024-12-09,10.169781498699857,1617
campus,2024-12-10,9.025473673298885,13
ring,2024-12-10,8.476439344860415,1502
campus,2024-12-11,10.54644948411995,13
ring,2024-12-11,9.167634775785347,1564
campus,2024-12-12,10.905294970797259,13
ring,2024-12-12,9.772179676457766,1549
campus,2024-12-13,11.798819888301608,12
ring,2024-12-13,11.732076968061952,1529
campus,2024-12-14,17.42106325103872,9
ring,2024-12-14,11.684691704775243,1507
campus,2024-12-15,13.064551756223041,11
ring,2024-12-15,9.94784865023227,1453
campus,2024-12-16,10.636130102256514,11
ring,2024-12-16,9.777972454773781,1515
campus,2024-12-17,10.268723617840667,12
ring,2024-12-17,9.086805768543766,1538
campus,2024-12-18,10.729359698681385,12
ring,2024-12-18,2.0526539048785404,601
campus,2024-12-19,10.358542834089395,13
ring,2024-12-19,11.124790656931602,1529
campus,2024-12-20,8.492134741301905,11
ring,2024-12-20,9.20057406971586,1542
campus,2024-12-21,8.25765248869338,12
ring,2024-12-21,8.856547713523117,1527
campus,2024-12-22,8.95692739289894,11
ring,2024-12-22,8.942548391456825,1554
campus,2024-12-23,9.218414712399943,13
ring,2024-12-23,5.16491603449004,610
campus,2024-12-24,16.675549042234827,9
ring,2024-12-24,18.572192145997924,972
campus,2024-12-25,10.014413018461681,13
ring,2024-12-25,10.736271770735666,1618
campus,2024-12-26,,0
ring,2024-12-26,2.001825392640979,5
campus,2024-12-27,7.025220782963882,13
ring,2024-12-27,8.922377949448784,1616
campus,2024-12-28,11.221754881494862,12
ring,2024-12-28,11.296035152240012,1348
campus,2024-12-29,14.071731974961047,13
ring,2024-12-29,12.25873620395173,1618
campus,2024-12-30,11.390487074851988,13
ring,2024-12-30,10.687243198632908,1618
campus,2025-01-01,8.42186604489183,13
ring,2025-01-01,9.270469817233222,1614
campus,2025-01-02,8.65362844542718,13
ring,2025-01-02,9.100744291334129,1617
campus,2025-01-03,14.52406576373767,13
ring,2025-01-03,10.591451432137898,1618
campus,2025-01-04,,0
ring,2025-01-04,11.816199715587892,822
campus,2025-01-05,11.860076050243466,13
ring,2025-01-05,8.511562873044833,1616
campus,2025-01-06,8.152152505698897,13
ring,2025-01-06,8.428259075734923,1617
campus,2025-01-07,22.017464297478185,13
ring,2025-01-07,19.603646826381286,1617
campus,2025-01-08,13.777844768874521,13
ring,2025-01-08,15.788527989684928,1241
campus,2025-01-09,12.762770832343996,12
ring,2025-01-09,17.600830016743377,724
campus,2025-01-10,,0
ring,2025-01-10,19.63386111069289,9
campus,2025-01-11,13.996297303909822,12
ring,2025-01-11,9.305546499454284,1522
campus,2025-01-12,11.40801753096737,13
ring,2025-01-12,23.83976036639489,128
campus,2025-01-13,17.966479835546036,12
ring,2025-01-13,11.59857873680981,1244
campus,2025-01-14,15.836998509129447,13
ring,2025-01-14,11.503359436257867,1497
campus,2025-01-15,11.857180889061738,12
ring,2025-01-15,10.414494311189912,1527
campus,2025-01-16,14.653702974319453,11
ring,2025-01-16,8.787476152724219,1487
campus,2025-01-17,10.795643517107417,9
ring,2025-01-17,9.399959508145267,1525
campus,2025-01-18,10.774826198649185,12
ring,2025-01-18,9.49388464970799,1504
campus,2025-01-19,13.413615655107616,11
ring,2025-01-19,11.4878413709715,1474
campus,2025-01-20,,0
ring,2025-01-20,,0
campus,2025-01-21,9.271743101440974,12
ring,2025-01-21,9.43683708743901,1527
campus,2025-01-22,10.268471115878775,11
ring,2025-01-22,9.063383684084771,1419
campus,2025-01-23,11.905224854397659,13
ring,2025-01-23,8.741070635137705,1604
campus,2025-01-24,,0
ring,2025-01-24,0.6051856875419617,1
campus,2025-01-25,22.175043662389115,13
ring,2025-01-25,26.591040844684198,1612
campus,2025-01-26,12.999831828153189,13
ring,2025-01-26,21.262832619458674,1573
campus,2025-01-27,10.441275710001332,12
ring,2025-01-27,18.509278025860382,1065
campus,2025-01-28,17.65871361987984,12
ring,2025-01-28,8.078522897443069,835
campus,2025-01-29,12.44954702585492,10
ring,2025-01-29,16.818621982472568,1039
campus,2025-01-30,15.098568142569098,10
ring,2025-01-30,17.31190544265381,1095
campus,2025-01-31,11.04675776283176,11
ring,2025-01-31,14.58269905052945,1298
campus,2025-02-01,15.06737212322337,8
ring,2025-02-01,13.701744623570477,1126
campus,2025-02-02,11.787126323286625,12
ring,2025-02-02,13.547353077272522,1587
campus,2025-02-03,14.259756094832932,13
ring,2025-02-03,12.970066203880744,1596
campus,2025-02-04,19.773966879911818,13
ring,2025-02-04,14.85609891467879,1600
campus,2025-02-05,13.509454519256176,13
ring,2025-02-05,13.58521895794706,1474
campus,2025-02-06,16.939889156221867,11
ring,2025-02-06,15.293312557374446,1344
campus,2025-02-07,14.059273298375487,10
ring,2025-02-07,11.626067957589926,1467
campus,2025-02-08,11.581240656415812,12
ring,2025-02-08,11.114283222704785,1521
campus,2025-02-09,14.027335983689953,11
ring,2025-02-09,13.246962553461731,1519
campus,2025-02-10,14.57957239964429,12
ring,2025-02-10,13.334351192778874,1500
campus,2025-02-11,11.659773709462089,9
ring,2025-02-11,10.80212997508585,1473
campus,2025-02-12,10.771239186791206,11
ring,2025-02-12,10.311522380050102,1459
campus,2025-02-13,12.330155678458656,10
ring,2025-02-13,10.175165328321526,1365
campus,2025-02-14,14.744655905427274,9
ring,2025-02-14,10.576316577856915,1478
campus,2025-02-15,16.55555496983216,11
ring,2025-02-15,12.804954107924512,1485
campus,2025-02-16,11.146733940356606,9
ring,2025-02-16,10.52328546284583,1449
campus,2025-02-17,8.61191730043886,8
ring,2025-02-17,7.439623865428004,1147
campus,2025-02-18,8.498418600328506,10
ring,2025-02-18,8.961464934185807,1448
campus,2025-02-19,8.978744722439341,12
ring,2025-02-19,9.422393277569444,1435
campus,2025-02-20,10.72720529076079,13
ring,2025-02-20,11.347225670639,1612
campus,2025-02-21,11.64278708349371,13
ring,2025-02-21,11.888929608583634,1616
campus,2025-02-22,9.123048226038613,13
ring,2025-02-22,9.564608529484156,1613
campus,2025-02-23,7.588490019451843,13
ring,2025-02-23,8.530241554610452,1579
campus,2025-02-24,9.466927311929737,13
ring,2025-02-24,8.878927154321973,1579
campus,2025-02-25,9.206560507486683,13
ring,2025-02-25,10.881330768173914,1616
campus,2025-02-26,10.612385906803773,13
ring,2025-02-26,12.104844911201376,1602
campus,2025-02-27,9.600261651574163,13
ring,2025-02-27,10.443909665202566,1605
campus,2025-02-28,8.670650840365271,13
ring,2025-02-28,8.573308603601944,1579
campus,2025-03-01,,0
ring,2025-03-01,,0
campus,2025-03-02,,0
ring,2025-03-02,,0
campus,2025-03-03,6.347819383233589,10
ring,2025-03-03,6.499974325574706,1355
campus,2025-03-04,12.542843944310018,13
ring,2025-03-04,9.581848698298268,1618
campus,2025-03-05,11.401201144770274,13
ring,2025-03-05,8.244557221792997,1618
campus,2025-03-06,,0
ring,2025-03-06,,0
campus,2025-03-07,15.059421243559578,12
ring,2025-03-07,8.382908266177285,1531
campus,2025-03-08,9.993853279682389,13
ring,2025-03-08,10.28443490173529,1547
campus,2025-03-09,11.719940367076608,12
ring,2025-03-09,10.519123646762324,1542
campus,2025-03-10,10.435348375162606,13
ring,2025-03-10,8.235567123952636,1541
campus,2025-03-11,11.845739629739313,12
ring,2025-03-11,8.25387586894551,1525
campus,2025-03-12,10.172739692976778,13
ring,2025-03-12,8.361484627809062,1504
campus,2025-03-13,,0
ring,2025-03-13,,0
campus,2025-03-14,,0
ring,2025-03-14,,0
campus,2025-03-15,24.090899713577766,4
ring,2025-03-15,56.69814305018375,309
campus,2025-03-16,11.821588516235352,1
ring,2025-03-16,16.164618823085558,727
campus,2025-03-17,13.0879513995173,7
ring,2025-03-17,15.583224296916148,1047
campus,2025-03-18,11.507581333030641,12
ring,2025-03-18,10.299405532170852,1492
campus,2025-03-19,10.985717918677935,8
ring,2025-03-19,12.500934103871765,1444
campus,2025-03-20,8.575311938063988,12
ring,2025-03-20,9.438494220486264,1543
campus,2025-03-21,10.350170217428252,10
ring,2025-03-21,8.979734120777373,1503
campus,2025-03-22,12.847122374274921,13
ring,2025-03-22,10.66847139621827,1272
campus,2025-03-23,9.357978452819053,13
ring,2025-03-23,9.226978617949571,1613
campus,2025-03-24,12.553698078847264,13
ring,2025-03-24,10.756632303016831,1618
campus,2025-03-25,,0
ring,2025-03-25,,0
campus,2025-03-26,8.9506755450242,13
ring,2025-03-26,1.8224349604774615,667
campus,2025-03-27,,0
ring,2025-03-27,3.660379257229996,291
campus,2025-03-28,12.742329094471504,13
ring,2025-03-28,10.694252896146667,1603
campus,2025-03-29,15.018117216271413,13
ring,2025-03-29,10.934899263759284,1602
campus,2025-03-30,13.310017901407157,13
ring,2025-03-30,12.142745993096757,1607
campus,2025-03-31,9.293399947769762,13
ring,2025-03-31,9.577937204739648,1618
campus,2025-04-01,15.549533925705669,13
ring,2025-04-01,8.041090432410865,1616
campus,2025-04-02,,0
ring,2025-04-02,,0
campus,2025-04-03,8.025224244370706,13
ring,2025-04-03,8.767468970135548,1590
campus,2025-04-04,15.022782198108311,11
ring,2025-04-04,12.221983564298283,1439
campus,2025-04-05,8.998081533841683,13
ring,2025-04-05,10.788698209591432,1573
campus,2025-04-06,11.234797087933785,12
ring,2025-04-06,10.748765886064485,1061
campus,2025-04-07,,0
ring,2025-04-07,0.8788479205447424,7
campus,2025-04-08,,0
ring,2025-04-08,11.218592588154651,587
campus,2025-04-09,7.992670768428415,11
ring,2025-04-09,9.188115386937229,1536
campus,2025-04-10,14.33152871319237,12
ring,2025-04-10,9.370228985948229,1567
campus,2025-04-11,,0
ring,2025-04-11,4.49787107731924,56
campus,2025-04-12,14.17941192607098,12
ring,2025-04-12,5.312842649644001,1150
campus,2025-04-13,10.67787904247677,12
ring,2025-04-13,8.720892695540194,1531
campus,2025-04-14,9.530471864580548,13
ring,2025-04-14,11.210785411228574,1339
campus,2025-04-15,10.166844398762699,13
ring,2025-04-15,13.04108800208174,811
campus,2025-04-16,9.747802736893505,13
ring,2025-04-16,9.99119690364371,1530
campus,2025-04-17,,0
ring,2025-04-17,,0
campus,2025-04-18,8.55665378299666,8
ring,2025-04-18,5.199549588458705,1433
campus,2025-04-19,,0
ring,2025-04-19,,0
campus,2025-04-20,,0
ring,2025-04-20,,0
campus,2025-04-21,12.480124302825972,10
ring,2025-04-21,10.535722260277254,1515
campus,2025-04-22,12.16701013116376,10
ring,2025-04-22,8.70856723915264,1612
campus,2025-04-23,13.109651808661939,10
ring,2025-04-23,10.23347827540221,1612
campus,2025-04-24,12.078859387797548,10
ring,2025-04-24,9.240633201552203,1611
campus,2025-04-25,12.624736744943798,10
ring,2025-04-25,15.009652789675751,1109
campus,2025-04-26,17.236722959319188,13
ring,2025-04-26,11.56761624735435,1613
campus,2025-04-27,13.905203973743276,13
ring,2025-04-27,9.845180323658873,1602
campus,2025-04-28,11.894577957720864,10
ring,2025-04-28,9.676580937070678,1408
campus,2025-04-29,4.832325439765805,3
ring,2025-04-29,10.17408679404563,1401
campus,2025-04-30,11.703323832849128,10
ring,2025-04-30,10.906462738622732,1611
campus,2025-05-01,,0
ring,2025-05-01,,0
campus,2025-05-02,8.393043149278217,10
ring,2025-05-02,9.884449290934759,1612
campus,2025-05-03,,0
ring,2025-05-03,1.2485881471137497,28
campus,2025-05-04,,0
ring,2025-05-04,1.3688698073790297,570
campus,2025-05-05,7.820454162860386,10
ring,2025-05-05,9.20167213577856,1507
campus,2025-05-06,11.723270377361656,9
ring,2025-05-06,10.865361742831581,1472
campus,2025-05-07,13.667007150291756,10
ring,2025-05-07,10.030896939219653,1517
campus,2025-05-08,,0
ring,2025-05-08,,0
campus,2025-05-09,7.438316427241049,9
ring,2025-05-09,9.279913846698827,1561
campus,2025-05-10,11.1451896114078,7
ring,2025-05-10,13.180911786339161,1043
campus,2025-05-11,,0
ring,2025-05-11,,0
campus,2025-05-12,17.599908797030757,9
ring,2025-05-12,10.507622018039424,1526
campus,2025-05-13,8.89803554362034,10
ring,2025-05-13,10.720175348479042,718
campus,2025-05-14,10.888622671634227,8
ring,2025-05-14,9.013098275021957,1533
campus,2025-05-15,9.896968440065516,10
ring,2025-05-15,9.362300809624779,1499
campus,2025-05-16,,0
ring,2025-05-16,2.1976001259104363,182
campus,2025-05-17,,0
ring,2025-05-17,,0
campus,2025-05-18,,0
ring,2025-05-18,,0
campus,2025-05-19,12.836333556191075,9
ring,2025-05-19,9.955226427913273,1311
campus,2025-05-20,13.979368390751835,9
ring,2025-05-20,9.74784111259229,1492
campus,2025-05-21,,0
ring,2025-05-21,,0
campus,2025-05-22,,0
ring,2025-05-22,,0
campus,2025-05-23,14.364148822936833,10
ring,2025-05-23,12.504870293073155,1208
campus,2025-05-24,,0
ring,2025-05-24,11.664803679805349,1086
campus,2025-05-25,,0
ring,2025-05-25,10.935581133949347,1023
campus,2025-05-26,10.180360421867121,10
ring,2025-05-26,9.487503674605728,1610
campus,2025-05-27,13.420461500754374,13
ring,2025-05-27,12.016511756054651,1612
campus,2025-05-28,,0
ring,2025-05-28,15.408255300366553,942
campus,2025-05-29,,0
ring,2025-05-29,,0
campus,2025-05-30,,0
ring,2025-05-30,,0
campus,2025-05-31,,0
ring,2025-05-31,2.229434618985949,12
campus,2025-06-01,8.486278846744145,13
ring,2025-06-01,9.413894372799216,1614
campus,2025-06-02,,0
ring,2025-06-02,,0
campus,2025-06-03,,0
ring,2025-06-03,,0
campus,2025-06-04,,0
ring,2025-06-04,1.4335464095203219,88
campus,2025-06-05,12.944211504093134,13
ring,2025-06-05,9.32403316392996,1614
campus,2025-06-06,13.547318977007096,13
ring,2025-06-06,10.208520389319483,1566
campus,2025-06-07,16.14985297650707,12
ring,2025-06-07,13.325569757161261,1461
campus,2025-06-08,24.554621368771624,12
ring,2025-06-08,17.13135189755845,1393
campus,2025-06-09,10.364880270823988,13
ring,2025-06-09,9.102952902026571,1564
campus,2025-06-10,9.964074113789726,11
ring,2025-06-10,9.003048967574548,1573
campus,2025-06-11,,0
ring,2025-06-11,,0
campus,2025-06-12,,0
ring,2025-06-12,,0
campus,2025-06-13,14.675263680174764,13
ring,2025-06-13,12.11545975316449,1320
campus,2025-06-14,,0
ring,2025-06-14,,0
campus,2025-06-15,,0
ring,2025-06-15,3.7067510075867176,32
campus,2025-06-16,16.04972284919811,12
ring,2025-06-16,9.112828755600514,1571
campus,2025-06-17,,0
ring,2025-06-17,14.97941211580631,119
campus,2025-06-18,,0
ring,2025-06-18,,0
campus,2025-06-19,19.247370932964568,10
ring,2025-06-19,26.4293605377323,830
campus,2025-06-20,11.872146570516382,10
ring,2025-06-20,9.140523943860156,1546
campus,2025-06-21,15.738608407466522,9
ring,2025-06-21,9.735331415029284,1548
campus,2025-06-22,13.506569387238684,13
ring,2025-06-22,10.047409250515898,1592
campus,2025-06-23,,0
ring,2025-06-23,3.335371418638482,221
campus,2025-06-24,,0
ring,2025-06-24,,0
campus,2025-06-25,,0
ring,2025-06-25,,0
campus,2025-06-26,,0
ring,2025-06-26,,0
campus,2025-06-27,9.137229591250705,5
ring,2025-06-27,2.0705115740696547,770
campus,2025-06-28,,0
ring,2025-06-28,2.397610601687555,66
campus,2025-06-29,,0
ring,2025-06-29,16.75610613665516,683
campus,2025-06-30,13.374288555539735,13
ring,2025-06-30,7.721398382786707,1615
campus,2025-07-01,,0
ring,2025-07-01,,0
campus,2025-07-02,,0
ring,2025-07-02,1.5807412799644525,58
campus,2025-07-03,,0
ring,2025-07-03,,0
campus,2025-07-04,,0
ring,2025-07-04,,0
campus,2025-07-05,,0
ring,2025-07-05,,0
campus,2025-07-06,,0
ring,2025-07-06,,0
campus,2025-07-07,,0
ring,2025-07-07,,0
campus,2025-07-08,,0
ring,2025-07-08,,0
campus,2025-07-09,,0
ring,2025-07-09,,0
campus,2025-07-10,,0
ring,2025-07-10,14.310844119515039,83
campus,2025-07-11,12.749146099522772,10
ring,2025-07-11,8.600154392882832,1585
campus,2025-07-12,9.504899158575848,8
ring,2025-07-12,9.150946826339739,1492
campus,2025-07-13,,0
ring,2025-07-13,,0
campus,2025-07-14,,0
ring,2025-07-14,,0
campus,2025-07-15,,0
ring,2025-07-15,19.72326626804533,64
campus,2025-07-16,7.692444764723925,7
ring,2025-07-16,9.025725269480906,1530
campus,2025-07-17,7.213471998559667,5
ring,2025-07-17,8.328284695177299,1539
campus,2025-07-18,,0
ring,2025-07-18,,0
campus,2025-07-19,,0
ring,2025-07-19,,0
campus,2025-07-20,,0
ring,2025-07-20,19.076079399326645,781
campus,2025-07-21,7.753232893093612,10
ring,2025-07-21,9.794869876212184,1545
campus,2025-07-22,10.247915511338855,10
ring,2025-07-22,9.222299786576789,1004
campus,2025-07-23,,0
ring,2025-07-23,,0
campus,2025-07-24,,0
ring,2025-07-24,,0
campus,2025-07-25,,0
ring,2025-07-25,,0
campus,2025-07-26,,0
ring,2025-07-26,0.7972016270367506,131
campus,2025-07-27,5.859335219753273,7
ring,2025-07-27,7.541250600458859,1612
campus,2025-07-28,,0
ring,2025-07-28,,0
campus,2025-07-29,13.163677527403419,9
ring,2025-07-29,8.342321580907225,1612
campus,2025-07-30,,0
ring,2025-07-30,,0
campus,2025-07-31,11.35682519675012,10
ring,2025-07-31,13.311028187922927,1118
campus,2025-08-01,10.504556367847988,10
ring,2025-08-01,7.895851218611132,1611
campus,2025-08-02,,0
ring,2025-08-02,18.427798402746934,195
campus,2025-08-03,,0
ring,2025-08-03,,0
campus,2025-08-04,,0
ring,2025-08-04,,0
campus,2025-08-05,14.839844247593936,10
ring,2025-08-05,10.458450208294995,1611
campus,2025-08-06,,0
ring,2025-08-06,1.8331444391119618,155
campus,2025-08-07,,0
ring,2025-08-07,,0
campus,2025-08-08,8.497701386182182,6
ring,2025-08-08,7.259627577807244,1458
campus,2025-08-09,11.680332743417813,10
ring,2025-08-09,8.100807081587012,1486
campus,2025-08-10,9.24111454786825,10
ring,2025-08-10,8.688783362448433,1163
campus,2025-08-11,14.48368693563863,10
ring,2025-08-11,10.95244216531906,1531
campus,2025-08-12,,0
ring,2025-08-12,,0
campus,2025-08-13,7.195318455310514,8
ring,2025-08-13,8.247495996363174,1513
campus,2025-08-14,,0
ring,2025-08-14,12.832297367899317,525
campus,2025-08-15,,0
ring,2025-08-15,12.695776132386545,934
campus,2025-08-16,11.962463739448598,10
ring,2025-08-16,9.458949134193958,1532
campus,2025-08-17,,0
ring,2025-08-17,,0
campus,2025-08-18,,0
ring,2025-08-18,,0
campus,2025-08-19,6.98286182872719,7
ring,2025-08-19,7.617358520806672,1509
campus,2025-08-20,,0
ring,2025-08-20,,0
campus,2025-08-21,12.17063570093668,10
ring,2025-08-21,9.445052073080893,1612
campus,2025-08-22,,0
ring,2025-08-22,,0
campus,2025-08-23,10.5591613675507,13
ring,2025-08-23,6.747986725955977,1618
campus,2025-08-24,,0
ring,2025-08-24,,0
campus,2025-08-25,9.733437164848398,13
ring,2025-08-25,8.597986166121954,1617
campus,2025-08-26,,0
ring,2025-08-26,,0
campus,2025-08-27,,0
ring,2025-08-27,,0
campus,2025-08-28,,0
ring,2025-08-28,1.222568053007126,30
campus,2025-08-29,6.536592974629199,13
ring,2025-08-29,6.092886123680965,1618
campus,2025-08-30,9.730201960309566,13
ring,2025-08-30,7.292057749148249,1490
campus,2025-08-31,9.650119569939624,13
ring,2025-08-31,10.635406850910496,1613
campus,2025-09-01,12.44870979489295,13
ring,2025-09-01,12.256552833741027,1618
campus,2025-09-02,11.212159664977882,13
ring,2025-09-02,7.50698417605845,1618
campus,2025-09-03,8.960680168699211,13
ring,2025-09-03,7.493178333773186,1617
campus,2025-09-04,,0
ring,2025-09-04,,0
campus,2025-09-05,12.306105807261032,10
ring,2025-09-05,8.57956243928241,1525
campus,2025-09-06,10.058214701956985,13
ring,2025-09-06,8.147637982277432,1555
campus,2025-09-07,,0
ring,2025-09-07,,0
campus,2025-09-08,11.897628036319698,7
ring,2025-09-08,7.2869805831023715,1536
campus,2025-09-09,11.162509129779172,10
ring,2025-09-09,7.2434083948039385,1545
campus,2025-09-10,,0
ring,2025-09-10,,0
campus,2025-09-11,,0
ring,2025-09-11,,0
campus,2025-09-12,,0
ring,2025-09-12,,0
campus,2025-09-13,9.015753550394555,12
ring,2025-09-13,7.8688661274539875,1536
campus,2025-09-14,9.423423047216843,13
ring,2025-09-14,7.8101677108647625,1435
campus,2025-09-15,8.97263007152808,13
ring,2025-09-15,7.581520974621746,1557
campus,2025-09-16,,0
ring,2025-09-16,,0
campus,2025-09-17,15.76543865572427,12
ring,2025-09-17,9.445306636091939,1509
campus,2025-09-18,,0
ring,2025-09-18,1.632320982033705,612
campus,2025-09-19,11.06744775329957,13
ring,2025-09-19,7.749134446361698,1617
campus,2025-09-20,10.342077416433414,13
ring,2025-09-20,7.637474372019282,1617
campus,2025-09-21,,0
ring,2025-09-21,,0
campus,2025-09-22,,0
ring,2025-09-22,,0
campus,2025-09-23,12.077531524387323,13
ring,2025-09-23,7.954675363233911,1617
campus,2025-09-24,9.159979838440675,13
ring,2025-09-24,7.3469220883817,1618
campus,2025-09-25,,0
ring,2025-09-25,,0
campus,2025-09-26,,0
ring,2025-09-26,,0
campus,2025-09-27,12.581783409129843,13
ring,2025-09-27,8.903861107343218,1617
campus,2025-09-28,21.87603133930846,13
ring,2025-09-28,11.848120606362928,1618
campus,2025-09-29,,0
ring,2025-09-29,5.014982041378622,78
campus,2025-09-30,10.00436432666125,12
ring,2025-09-30,7.982483326689981,1616
campus,2025-10-01,10.258666673736391,13
ring,2025-10-01,7.768256411730184,1617
campus,2025-10-02,14.881507990645689,13
ring,2025-10-02,10.025658771305395,1618
campus,2025-10-03,12.74115663151226,13
ring,2025-10-03,10.268570026535452,1618
campus,2025-10-04,15.036602878877204,5
ring,2025-10-04,3.140957758898101,347
campus,2025-10-05,,0
ring,2025-10-05,,0
campus,2025-10-06,,0
ring,2025-10-06,,0
campus,2025-10-07,,0
ring,2025-10-07,,0
campus,2025-10-08,,0
ring,2025-10-08,,0
campus,2025-10-09,,0
ring,2025-10-09,,0
campus,2025-10-10,,0
ring,2025-10-10,,0
campus,2025-10-11,,0
ring,2025-10-11,,0
campus,2025-10-12,15.221925936211116,10
ring,2025-10-12,8.108170316223022,1569
campus,2025-10-13,14.055129098551342,11
ring,2025-10-13,11.310013490873658,1389
campus,2025-10-14,,0
ring,2025-10-14,,0
campus,2025-10-15,6.307338763256462,2
ring,2025-10-15,2.8922326906526403,307
campus,2025-10-16,,0
ring,2025-10-16,,0
campus,2025-10-17,11.894429170189884,13
ring,2025-10-17,8.320423976188346,1618
campus,2025-10-18,19.192783585176777,13
ring,2025-10-18,11.680481799913627,1502
campus,2025-10-19,17.62891601354863,13
ring,2025-10-19,10.508057880071421,1615
campus,2025-10-20,,0
ring,2025-10-20,,0
campus,2025-10-21,,0
ring,2025-10-21,0.9645292584351136,240
campus,2025-10-22,,0
ring,2025-10-22,1.373697966337204,6
campus,2025-10-23,12.456736088078902,13
ring,2025-10-23,11.325690855431768,1359
campus,2025-10-24,14.852346808697696,13
ring,2025-10-24,11.753283243434373,1617
campus,2025-10-25,13.91321334872447,13
ring,2025-10-25,9.574907307516987,1615
campus,2025-10-26,16.40123159224998,13
ring,2025-10-26,8.128361578991859,1617
campus,2025-10-27,12.857452389499949,13
ring,2025-10-27,8.22816778296364,1616
campus,2025-10-28,,0
ring,2025-10-28,13.292469063562136,911
campus,2025-10-29,14.948762803570203,13
ring,2025-10-29,9.889355592084911,1618
campus,2025-10-30,14.513394505625035,13
ring,2025-10-30,9.089887797042872,1618
campus,2025-10-31,18.280314819353844,13
ring,2025-10-31,8.225307779502428,1617
campus,2025-11-01,14.494947583431072,11
ring,2025-11-01,8.530717478527512,1518
campus,2025-11-02,13.050385092824607,12
ring,2025-11-02,8.555611066963719,1536
campus,2025-11-03,14.351724423712962,13
ring,2025-11-03,10.266110033428742,1513
campus,2025-11-04,,0
ring,2025-11-04,18.461394417207732,702
campus,2025-11-05,,0
ring,2025-11-05,,0
campus,2025-11-06,,0
ring,2025-11-06,,0
campus,2025-11-07,16.205730438232422,1
ring,2025-11-07,6.381019493035671,1048
campus,2025-11-08,17.833468908155467,13
ring,2025-11-08,10.20722341967642,1521
campus,2025-11-09,27.62647324839448,9
ring,2025-11-09,11.506832814542852,1439
campus,2025-11-10,20.592305289224687,11
ring,2025-11-10,9.260991933389896,1547
campus,2025-11-11,,0
ring,2025-11-11,,0
campus,2025-11-12,,0
ring,2025-11-12,,0
campus,2025-11-13,11.980495412690896,10
ring,2025-11-13,9.296155451127754,1518
campus,2025-11-14,26.27923601138199,13
ring,2025-11-14,11.331500391979837,1618
campus,2025-11-15,16.959832563506602,13
ring,2025-11-15,10.228570677320924,1618
campus,2025-11-16,21.39258936691172,13
ring,2025-11-16,8.546639253761898,1613
campus,2025-11-17,,0
ring,2025-11-17,12.073286350465274,415
campus,2025-11-18,19.156980057837252,13
ring,2025-11-18,8.785497583113752,1603
campus,2025-11-19,14.218473627813543,13
ring,2025-11-19,10.846559550867733,1602
campus,2025-11-20,15.677345256290524,13
ring,2025-11-20,10.105788374432288,1600
campus,2025-11-21,,0
ring,2025-11-21,,0
campus,2025-11-22,10.281322637354263,13
ring,2025-11-22,8.500057391111316,1598
campus,2025-11-23,,0
ring,2025-11-23,7.300339491706056,897
campus,2025-11-24,19.497096071500728,13
ring,2025-11-24,10.937552147641716,1601
campus,2025-11-25,29.828708426493428,13
ring,2025-11-25,12.984125303548774,1506
campus,2025-11-26,18.250197000067,13
ring,2025-11-26,9.526816982056932,1593
campus,2025-11-27,,0
ring,2025-11-27,1.2037721302890452,14
campus,2025-11-28,14.979491821756941,13
ring,2025-11-28,8.30676486355742,1609
campus,2025-11-29,16.36062271941995,13
ring,2025-11-29,9.401562894542204,1617
campus,2025-11-30,19.451411246390364,9
ring,2025-11-30,12.237404242150484,1487
campus,2025-12-01,16.107974886475358,10
ring,2025-12-01,14.44149365043547,1428
campus,2025-12-02,10.119946612301645,12
ring,2025-12-02,9.529457529314966,1489
campus,2025-12-03,8.572080388473665,11
ring,2025-12-03,7.856452966119658,1485
campus,2025-12-04,10.399319319536456,9
ring,2025-12-04,7.9258990742488455,1441
campus,2025-12-05,11.79210822898495,11
ring,2025-12-05,9.645997586254515,1493
campus,2025-12-06,14.022147091539061,11
ring,2025-12-06,9.258710330957108,1531
campus,2025-12-07,10.818680806904082,10
ring,2025-12-07,9.029161840595687,1350
campus,2025-12-08,10.886592642007122,10
ring,2025-12-08,7.5154749505941005,1500
campus,2025-12-09,9.045538825038065,12
ring,2025-12-09,7.800676410287488,1469
campus,2025-12-10,11.14486765833528,13
ring,2025-12-10,10.024601510595716,1465
campus,2025-12-11,,0
ring,2025-12-11,,0
campus,2025-12-12,,0
ring,2025-12-12,28.74817810058594,5
campus,2025-12-13,,0
ring,2025-12-13,22.561900674047106,55
campus,2025-12-14,,0
ring,2025-12-14,8.820706457821279,34
campus,2025-12-15,,0
ring,2025-12-15,,0
campus,2025-12-16,,0
ring,2025-12-16,12.215988378963756,250
campus,2025-12-17,,0
ring,2025-12-17,11.892799773626814,406
campus,2025-12-18,17.807079315185547,1
ring,2025-12-18,9.407138070829692,608
campus,2025-12-19,,0
ring,2025-12-19,2.111374374312748,59
campus,2025-12-20,16.584739639383294,8
ring,2025-12-20,12.413588543742778,1136
campus,2025-12-21,12.824769963674095,11
ring,2025-12-21,13.418719888791513,1136
campus,2025-12-22,21.32610036569048,5
ring,2025-12-22,5.898893756982126,678
campus,2025-12-23,,0
ring,2025-12-23,16.190285414800364,698
campus,2025-12-24,9.98913996576757,12
ring,2025-12-24,10.097058680193951,1359
campus,2025-12-25,9.149172790795872,12
ring,2025-12-25,9.679046217871024,1439
campus,2025-12-26,13.07681351602077,11
ring,2025-12-26,10.067161253083846,1456
campus,2025-12-27,14.2044398490901,12
ring,2025-12-27,10.139810106875286,1437
campus,2025-12-28,11.695443919986625,13
ring,2025-12-28,9.721388928823542,1499
campus,2025-12-29,12.124995589685096,12
ring,2025-12-29,10.263628325406577,1227
campus,2025-12-30,8.610143389954372,12
ring,2025-12-30,9.26912136497113,1384
campus,2026-01-01,6.208100793120454,11
ring,2026-01-01,13.43477824213835,1365
campus,2026-01-02,6.436768172170331,12
ring,2026-01-02,11.378437163127288,1393
campus,2026-01-03,10.266698794535904,9
ring,2026-01-03,9.759835105710836,1425
campus,2026-01-04,5.276690874214469,11
ring,2026-01-04,8.876508643018425,1460
campus,2026-01-05,6.842700186463975,12
ring,2026-01-05,8.624937183681435,1483
campus,2026-01-06,6.124130259708863,8
ring,2026-01-06,10.615994551069184,1493
campus,2026-01-07,10.490527268201378,9
ring,2026-01-07,11.735252433081396,1468
campus,2026-01-08,7.430913184749662,11
ring,2026-01-08,9.210171920386722,1500
campus,2026-01-09,5.179712202541553,12
ring,2026-01-09,8.087661757675832,1533
campus,2026-01-10,7.17521907205672,11
ring,2026-01-10,8.918048090320722,1443
campus,2026-01-11,11.773967413135537,13
ring,2026-01-11,10.019495188663955,1599
campus,2026-01-12,13.809624327810837,12
ring,2026-01-12,11.52312789614768,1372
campus,2026-01-13,10.913267647436525,13
ring,2026-01-13,4.397905983933698,944
campus,2026-01-14,11.9453227791428,13
ring,2026-01-14,7.871888831761944,1601
campus,2026-01-15,9.484412470334012,13
ring,2026-01-15,7.78596773517327,1553
campus,2026-01-16,,0
ring,2026-01-16,12.895189797728596,838
campus,2026-01-17,,0
ring,2026-01-17,,0
campus,2026-01-18,13.028402125331715,13
ring,2026-01-18,10.555705049782231,1617
campus,2026-01-19,11.09951776769799,13
ring,2026-01-19,8.491681835337166,1611
campus,2026-01-20,5.353391184073657,13
ring,2026-01-20,8.083590777324883,1595
campus,2026-01-21,11.041337583686262,13
ring,2026-01-21,8.281382170654483,1586
campus,2026-01-22,8.117367987481641,13
ring,2026-01-22,10.408900972013674,1617
campus,2026-01-23,11.330986672723794,13
ring,2026-01-23,10.083431839932699,1613
campus,2026-01-24,10.632869545842558,13
ring,2026-01-24,8.180906285372169,1616
campus,2026-01-25,7.409485052588959,13
ring,2026-01-25,2.095958748908665,1052
campus,2026-01-26,10.130736091047384,13
ring,2026-01-26,8.792806659440624,1420
campus,2026-01-27,9.221951363512048,13
ring,2026-01-27,12.414755165030014,1202
campus,2026-01-28,8.82846242010456,11
ring,2026-01-28,10.011343569203447,1513
campus,2026-01-29,,0
ring,2026-01-29,,0
campus,2026-01-30,8.201492690704237,13
ring,2026-01-30,8.266244402321915,1506
campus,2026-01-31,9.025034160066415,10
ring,2026-01-31,7.746456737469726,1454
campus,2026-02-01,6.8090630069905504,12
ring,2026-02-01,8.050301059985276,1544
campus,2026-02-02,10.293836166251998,11
ring,2026-02-02,10.207828569038265,1448
campus,2026-02-03,9.876942481231161,12
ring,2026-02-03,8.901028817033966,1536
campus,2026-02-04,9.553555457804682,13
ring,2026-02-04,11.4936013540403,973
campus,2026-02-05,9.064871305870897,13
ring,2026-02-05,10.154803855421111,951
campus,2026-02-06,8.536300618285885,12
ring,2026-02-06,8.343871092349586,1539
campus,2026-02-07,10.717928500440035,12
ring,2026-02-07,10.632238907993868,1440
campus,2026-02-08,11.430399552569309,10
ring,2026-02-08,15.563681654090002,921
campus,2026-02-09,,0
ring,2026-02-09,,0
campus,2026-02-10,9.805603401481823,13
ring,2026-02-10,12.094411356977115,952
campus,2026-02-11,10.517920751502547,10
ring,2026-02-11,16.38568103544548,687
campus,2026-02-12,9.943510307952268,13
ring,2026-02-12,12.133401134307695,1380
campus,2026-02-13,14.143404096504888,13
ring,2026-02-13,10.878428378961216,1602
campus,2026-02-14,,0
ring,2026-02-14,,0
campus,2026-02-15,10.894589478700931,13
ring,2026-02-15,9.365725720944626,1417
campus,2026-02-16,,0
ring,2026-02-16,8.233247748932055,318
campus,2026-02-17,10.270428197344701,13
ring,2026-02-17,11.78822707104346,1607
campus,2026-02-18,13.33199165642541,13
ring,2026-02-18,18.59117210685631,1373
campus,2026-02-19,8.0062402288119,13
ring,2026-02-19,11.520786028279108,1613
campus,2026-02-20,11.26187645745389,13
ring,2026-02-20,9.60773314953271,1606
campus,2026-02-21,8.151127376466848,13
ring,2026-02-21,9.11903175378769,1611
campus,2026-02-22,9.76095846365315,13
ring,2026-02-22,9.847812450909393,1562
campus,2026-02-23,11.844302220243804,13
ring,2026-02-23,12.426304960476786,1615
campus,2026-02-24,15.876994416187623,13
ring,2026-02-24,10.961592853400797,1618
campus,2026-02-25,12.221232727100027,13
ring,2026-02-25,9.441334234366886,1506
campus,2026-02-26,14.976687156755697,11
ring,2026-02-26,10.149618007310947,1300
campus,2026-02-27,,0
ring,2026-02-27,,0
campus,2026-02-28,,0
ring,2026-02-28,,0
campus,2026-03-01,8.504601132592489,5
ring,2026-03-01,12.05216076353018,453
campus,2026-03-02,7.164769743110093,13
ring,2026-03-02,22.029097017403544,1154
campus,2026-03-03,10.763160535331084,12
ring,2026-03-03,9.08847484991977,1522
campus,2026-03-04,7.873128477219612,11
ring,2026-03-04,7.774063348025847,1526
campus,2026-03-05,9.701878586118454,12
ring,2026-03-05,8.704108353891282,1541
campus,2026-03-06,12.157257317097532,13
ring,2026-03-06,11.496885100201322,1424
campus,2026-03-07,10.431549145147518,11
ring,2026-03-07,9.009041540470623,1547
campus,2026-03-08,15.613860680332664,11
ring,2026-03-08,8.994071825808147,1364
campus,2026-03-09,,0
ring,2026-03-09,,0
campus,2026-03-13,,0
ring,2026-03-13,,0
campus,2026-03-14,14.070303039651519,13
ring,2026-03-14,9.81267416877089,1244
campus,2026-03-15,15.538510288710883,13
ring,2026-03-15,10.238116491916454,1198
campus,2026-03-16,,0
ring,2026-03-16,16.719475076589006,219
campus,2026-03-17,13.635969844782293,13
ring,2026-03-17,10.813903981032233,1614
campus,2026-03-18,15.312167545999158,13
ring,2026-03-18,8.76057045799637,1618
campus,2026-03-19,21.191649753442945,13
ring,2026-03-19,9.519199134000802,1348
campus,2026-03-20,21.397062010608362,13
ring,2026-03-20,10.454200750665386,1231
campus,2026-03-21,14.096049984575997,13
ring,2026-03-21,8.696702999932143,1615
campus,2026-03-22,,0
ring,2026-03-22,2.0733058253356753,172
campus,2026-03-23,13.907036423403332,13
ring,2026-03-23,10.045971625232863,1309
campus,2026-03-24,19.658828517360863,13
ring,2026-03-24,9.44958984599874,1294
campus,2026-03-25,,0
ring,2026-03-25,13.76174319623893,563
campus,2026-03-26,,0
ring,2026-03-26,0.4710034023474094,12
campus,2026-03-27,18.5330856348707,13
ring,2026-03-27,12.182391161051191,1251
campus,2026-03-28,8.50465326309204,5
ring,2026-03-28,6.383373734216877,1170
campus,2026-03-29,13.292733965905056,13
ring,2026-03-29,7.9773120075191875,1565
campus,2026-03-30,10.307698715993642,12
ring,2026-03-30,13.410548412843076,101
campus,2026-03-31,19.995367111734378,13
ring,2026-03-31,7.682293389601373,1507
campus,2026-04-01,16.07464509600959,12
ring,2026-04-01,8.611763110425617,1530
campus,2026-04-02,11.422909979249388,13
ring,2026-04-02,11.954460541008618,531
campus,2026-04-03,17.87199498723737,12
ring,2026-04-03,8.210723951435384,1540
campus,2026-04-04,21.768938613469608,13
ring,2026-04-04,8.153769380089397,1563
campus,2026-04-05,20.971572919070997,13
ring,2026-04-05,8.123368074158412,1550
campus,2026-04-06,21.719799003130955,13
ring,2026-04-06,8.723706167057117,1540
campus,2026-04-07,25.785472580640782,11
ring,2026-04-07,10.2767904495885,1524
campus,2026-04-08,,0
ring,2026-04-08,,0
campus,2026-04-09,13.593907446731613,12
ring,2026-04-09,7.871904200804833,1550
campus,2026-04-10,15.696551777387446,13
ring,2026-04-10,8.759015023514,1510
campus,2026-04-11,,0
ring,2026-04-11,1.2289184806692866,96
campus,2026-04-12,,0
ring,2026-04-12,,0
campus,2026-04-13,11.65405331237215,13
ring,2026-04-13,7.446811451982832,1618
campus,2026-04-14,16.502483800543303,13
ring,2026-04-14,11.11588927555579,1199
campus,2026-04-15,,0
ring,2026-04-15,,0
campus,2026-04-16,15.888620058135805,13
ring,2026-04-16,7.693860611153678,1618
campus,2026-04-17,13.177389198345756,13
ring,2026-04-17,10.133243412309106,1577
campus,2026-04-18,,0
ring,2026-04-18,,0
campus,2026-04-19,15.522033165947056,10
ring,2026-04-19,10.174667128548675,1612
campus,2026-04-20,13.30532178625722,10
ring,2026-04-20,10.604167021457021,1258
campus,2026-04-21,,0
ring,2026-04-21,11.68564092581891,419
campus,2026-04-22,13.967435989197906,10
ring,2026-04-22,12.060235838560775,1241
campus,2026-04-23,,0
ring,2026-04-23,,0
campus,2026-04-24,16.88315586867472,10
ring,2026-04-24,11.046677080699464,1574
campus,2026-04-25,,0
ring,2026-04-25,14.122680446142244,417
campus,2026-04-26,8.092509592723905,10
ring,2026-04-26,6.466821410634672,1224
campus,2026-04-27,13.851861428610887,9
ring,2026-04-27,9.059037510094184,1071
campus,2026-05-01,,0
ring,2026-05-01,,0
campus,2026-05-02,18.861627722930912,8
ring,2026-05-02,7.841154749278729,1516
campus,2026-05-03,16.162420169560306,9
ring,2026-05-03,10.177545336799536,1436
campus,2026-05-04,23.43664295830975,9
ring,2026-05-04,11.95002101344198,1393
campus,2026-05-05,19.9160556042077,9
ring,2026-05-05,9.332994539657463,1523
campus,2026-05-06,15.652731683183823,9
ring,2026-05-06,8.46748256592261,1541
campus,2026-05-07,18.602432856132026,9
ring,2026-05-07,8.234369749842237,1525
campus,2026-05-08,11.10039209935661,10
ring,2026-05-08,11.94492385570447,1078
campus,2026-05-09,15.945483403328138,10
ring,2026-05-09,7.687428241432108,1197
campus,2026-05-10,15.45138505935669,9
ring,2026-05-10,9.964660363352506,1514
campus,2026-05-11,17.584866504942642,4
ring,2026-05-11,14.344170467512875,795
campus,2026-05-12,16.75733690938569,10
ring,2026-05-12,8.49433212297835,1582
campus,2026-05-13,17.15100896746613,5
ring,2026-05-13,1.451210644768199,399
campus,2026-05-14,,0
ring,2026-05-14,3.8045215807355586,6
campus,2026-05-15,,0
ring,2026-05-15,,0
campus,2026-05-16,10.045488502777799,13
ring,2026-05-16,6.2519778678389,1604
campus,2026-05-17,14.496517235991725,8
ring,2026-05-17,1.5312588382161445,549
campus,2026-05-18,,0
ring,2026-05-18,10.212530884274925,1134
campus,2026-05-19,,0
ring,2026-05-19,,0
campus,2026-05-20,,0
ring,2026-05-20,,0
campus,2026-05-21,,0
ring,2026-05-21,,0
campus,2026-05-22,13.685192830092008,10
ring,2026-05-22,8.136749646442572,1612
campus,2026-05-23,14.807823794371206,13
ring,2026-05-23,8.094651979115808,1615
campus,2026-05-24,,0
ring,2026-05-24,,0
campus,2026-05-25,,0
ring,2026-05-25,,0
campus,2026-05-26,,0
ring,2026-05-26,,0
campus,2026-05-27,18.486908255404373,13
ring,2026-05-27,9.99421086970253,1489
campus,2026-05-28,17.401168905184957,12
ring,2026-05-28,9.73348095674382,1430
campus,2026-05-29,16.902984997734958,12
ring,2026-05-29,8.751026433590019,1538
campus,2026-05-30,10.377922058105469,1
ring,2026-05-30,0.5710409077564804,395
campus,2026-05-31,,0
ring,2026-05-31,,0
campus,2026-06-03,32.49260930031845,9
ring,2026-06-03,9.073895286836429,1384
campus,2026-06-04,20.60923049923506,10
ring,2026-06-04,9.810665691689639,1522
campus,2026-06-05,,0
ring,2026-06-05,,0
campus,2026-06-06,,0
ring,2026-06-06,,0
campus,2026-06-07,20.50861044960155,10
ring,2026-06-07,8.199593258686551,1539
campus,2026-06-08,24.001750733888443,11
ring,2026-06-08,8.388209803495993,1470
campus,2026-06-09,,0
ring,2026-06-09,,0
campus,2026-06-10,21.218684686726824,12
ring,2026-06-10,10.183330857168913,1406
campus,2026-06-11,,0
ring,2026-06-11,15.175685813353699,420
campus,2026-06-12,,0
ring,2026-06-12,,0
campus,2026-06-13,26.32231293448559,13
ring,2026-06-13,9.127371942131418,1615
campus,2026-06-14,,0
ring,2026-06-14,,0
campus,2026-06-15,21.764881154181253,13
ring,2026-06-15,2.207455349171407,871
campus,2026-06-16,,0
ring,2026-06-16,,0
campus,2026-06-17,,0
ring,2026-06-17,,0
campus,2026-06-18,,0
ring,2026-06-18,,0
campus,2026-06-19,20.422661993935385,13
ring,2026-06-19,5.447298473657288,1233
campus,2026-06-20,27.32656340191483,13
ring,2026-06-20,9.489300163434356,1614
campus,2026-06-21,,0
ring,2026-06-21,,0
campus,2026-06-22,,0
ring,2026-06-22,,0
campus,2026-06-23,26.603320359186156,13
ring,2026-06-23,8.651193129971672,1615
campus,2026-06-24,21.70411305048476,13
ring,2026-06-24,8.344015530151156,1615
campus,2026-06-25,,0
ring,2026-06-25,,0
campus,2026-06-26,,0
ring,2026-06-26,6.8159744428358175,308
campus,2026-06-27,,0
ring,2026-06-27,,0
campus,2026-06-28,,0
ring,2026-06-28,,0
campus,2026-06-29,24.982585753655083,5
ring,2026-06-29,7.060754534727681,492
campus,2026-06-30,,0
ring,2026-06-30,,0
campus,2026-07-01,20.747665770934283,12
ring,2026-07-01,9.006103058426833,1447
campus,2026-07-02,19.97111288174427,13
ring,2026-07-02,12.215077671210665,1017
campus,2026-07-03,,0
ring,2026-07-03,,0
campus,2026-07-04,24.60258909341702,10
ring,2026-07-04,6.772540634520347,1539
campus,2026-07-05,24.418956173724276,12
ring,2026-07-05,3.770886182275747,1078
campus,2026-07-06,18.759159348781846,10
ring,2026-07-06,3.6919537118674746,823
campus,2026-07-07,,0
ring,2026-07-07,,0
campus,2026-07-08,,0
ring,2026-07-08,,0
campus,2026-07-09,,0
ring,2026-07-09,,0
campus,2026-07-10,,0
ring,2026-07-10,,0
campus,2026-07-17,,0
ring,2026-07-17,,0
campus,2026-07-18,,0
ring,2026-07-18,,0
campus,2026-07-19,,0
ring,2026-07-19,1.6585451364517212,7
campus,2026-07-20,14.944604715450785,5
ring,2026-07-20,8.282442499473197,1459
campus,2026-07-21,24.708689999850506,10
ring,2026-07-21,7.670673230909851,1604
campus,2026-07-22,20.5982897814284,9
ring,2026-07-22,6.861855315291848,819
campus,2026-07-23,2.8899142742156982,1
ring,2026-07-23,,0
campus,2026-07-24,31.23613158051429,10
ring,2026-07-24,9.575110940448802,1612
campus,2026-07-25,21.39919148702741,10
ring,2026-07-25,8.22239209737259,1611
campus,2026-07-26,24.26793626794946,10
ring,2026-07-26,7.888142435524417,1611
campus,2026-07-27,20.646024999882957,9
ring,2026-07-27,9.711663876694313,1549
campus,2026-07-28,18.091295021539743,9
ring,2026-07-28,12.375547022771265,1308
campus,2026-07-29,26.173178741197546,9
ring,2026-07-29,9.697104885095882,1549
campus,2026-07-30,22.999724157751864,9
ring,2026-07-30,9.270308134821425,1345
campus,2026-07-31,,0
ring,2026-07-31,,0
campus,2026-08-01,,0
ring,2026-08-01,0.3209984004497528,1
campus,2026-08-02,,0
ring,2026-08-02,,0
campus,2026-08-06,,0
ring,2026-08-06,,0
campus,2026-08-07,22.952827503088336,10
ring,2026-08-07,10.488890994840354,1312
campus,2026-08-08,16.776876379338333,8
ring,2026-08-08,10.811632498480938,984
campus,2026-08-09,16.230461687578213,10
ring,2026-08-09,10.232691656844164,1238
campus,2026-08-10,21.0825135328934,9
ring,2026-08-10,9.775620116998125,1281
campus,2026-08-11,,0
ring,2026-08-11,0.5491758719609058,14
campus,2026-08-12,20.54901146154029,12
ring,2026-08-12,8.042247844090705,1614
campus,2026-08-13,23.554138257237653,10
ring,2026-08-13,11.703323359795098,1596
campus,2026-08-14,,0
ring,2026-08-14,2.418447295228463,692
campus,2026-08-15,,0
ring,2026-08-15,,0
campus,2026-08-16,20.126722684860233,8
ring,2026-08-16,8.07943807944835,1611
campus,2026-08-17,,0
ring,2026-08-17,1.6407278707225403,149
campus,2026-08-18,19.865174517577504,10
ring,2026-08-18,10.08491673816401,1609
campus,2026-08-19,18.421392921898146,10
ring,2026-08-19,10.434945135088268,1611
campus,2026-08-20,15.196190475493442,10
ring,2026-08-20,7.750482833765436,1609
campus,2026-08-21,,0
ring,2026-08-21,0.8837643586703049,86
campus,2026-08-22,,0
ring,2026-08-22,1.9177918823196656,140
campus,2026-08-23,,0
ring,2026-08-23,,0
campus,2026-08-24,20.064822637839395,3
ring,2026-08-24,10.96536080719538,1335
campus,2026-08-25,,0
ring,2026-08-25,,0
campus,2026-08-26,,0
ring,2026-08-26,2.2595236628088924,163
campus,2026-08-27,,0
ring,2026-08-27,7.396210027671516,7
campus,2026-08-28,,0
ring,2026-08-28,6.616282786088131,315
campus,2026-08-29,30.765858920888427,11
ring,2026-08-29,10.260502251294211,1500
campus,2026-08-30,28.170833098227018,11
ring,2026-08-30,9.239336588381319,1530
campus,2026-08-31,28.40962273521423,10
ring,2026-08-31,7.6606849903294085,1531
campus,2026-09-01,22.502953453358156,11
ring,2026-09-01,7.804659354916065,1549
campus,2026-09-02,,0
ring,2026-09-02,,0
campus,2026-09-03,,0
ring,2026-09-03,,0
campus,2026-09-04,,0
ring,2026-09-04,,0
campus,2026-09-05,,0
ring,2026-09-05,,0
campus,2026-09-06,,0
ring,2026-09-06,,0
campus,2026-09-07,,0
ring,2026-09-07,,0
campus,2026-09-08,,0
ring,2026-09-08,,0
