z,d,rad,n
campus,2019-01-01,,0
ring,2019-01-01,4.408435534941388,9
campus,2019-01-02,,0
ring,2019-01-02,2.3944896964703575,8
campus,2019-01-03,1.3459444650414947,12
ring,2019-01-03,12.589990925878192,1640
campus,2019-01-04,1.2794145207111243,12
ring,2019-01-04,10.87244244293463,1647
campus,2019-01-05,1.2981402457706515,12
ring,2019-01-05,12.07810934442128,1642
campus,2019-01-06,1.16466488312829,12
ring,2019-01-06,12.80805657723672,1583
campus,2019-01-07,,0
ring,2019-01-07,,0
campus,2019-01-08,,0
ring,2019-01-08,,0
campus,2019-01-09,,0
ring,2019-01-09,2.7346050021078088,92
campus,2019-01-10,1.4500811226895547,12
ring,2019-01-10,13.896907455431196,1605
campus,2019-01-11,,0
ring,2019-01-11,5.726513539714639,40
campus,2019-01-12,,0
ring,2019-01-12,,0
campus,2019-01-13,,0
ring,2019-01-13,,0
campus,2019-01-14,,0
ring,2019-01-14,1.4602398471800884,36
campus,2019-01-15,,0
ring,2019-01-15,1.2402073949397872,69
campus,2019-01-16,,0
ring,2019-01-16,4.066955646359919,88
campus,2019-01-17,,0
ring,2019-01-17,,0
campus,2019-01-18,,0
ring,2019-01-18,8.86856609479522,96
campus,2019-01-19,,0
ring,2019-01-19,,0
campus,2019-01-20,,0
ring,2019-01-20,104.35969969547092,428
campus,2019-01-21,,0
ring,2019-01-21,71.05535797031057,38
campus,2019-01-22,,0
ring,2019-01-22,,0
campus,2019-01-23,,0
ring,2019-01-23,,0
campus,2019-01-24,,0
ring,2019-01-24,100.55533955127265,15
campus,2019-01-25,,0
ring,2019-01-25,99.63169990892267,25
campus,2019-01-26,,0
ring,2019-01-26,84.03601287578013,26
campus,2019-01-27,,0
ring,2019-01-27,97.53121170027036,19
campus,2019-01-28,,0
ring,2019-01-28,,0
campus,2019-01-29,,0
ring,2019-01-29,32.59157147183129,52
campus,2019-01-30,,0
ring,2019-01-30,79.02082452950195,8
campus,2019-01-31,,0
ring,2019-01-31,39.92381625213711,11
campus,2019-02-01,,0
ring,2019-02-01,23.219930171966553,4
campus,2019-02-02,,0
ring,2019-02-02,,0
campus,2019-02-03,,0
ring,2019-02-03,5.901440143585205,2
campus,2019-02-04,,0
ring,2019-02-04,,0
campus,2019-02-05,1.6414275169372559,1
ring,2019-02-05,2.4760681985517774,50
campus,2019-02-06,,0
ring,2019-02-06,,0
campus,2019-02-07,,0
ring,2019-02-07,1.1916920111462532,47
campus,2019-02-08,4.492802952465258,2
ring,2019-02-08,3.704311385200647,9
campus,2019-02-09,1.4455495416060664,12
ring,2019-02-09,18.688725755364562,1401
campus,2019-02-10,,0
ring,2019-02-10,,0
campus,2019-02-11,,0
ring,2019-02-11,,0
campus,2019-02-12,,0
ring,2019-02-12,,0
campus,2019-02-13,,0
ring,2019-02-13,,0
campus,2019-02-14,,0
ring,2019-02-14,6.723323256805026,10
campus,2019-02-15,,0
ring,2019-02-15,7.043386220932007,2
campus,2019-02-16,,0
ring,2019-02-16,17.764826842445714,27
campus,2019-02-17,,0
ring,2019-02-17,,0
campus,2019-02-18,,0
ring,2019-02-18,,0
campus,2019-02-19,,0
ring,2019-02-19,1.6433547735214233,1
campus,2019-02-20,,0
ring,2019-02-20,,0
campus,2019-02-21,,0
ring,2019-02-21,10.201929771253706,12
campus,2019-02-22,,0
ring,2019-02-22,21.72352749236551,15
campus,2019-02-23,,0
ring,2019-02-23,15.98375332736155,13
campus,2019-02-24,,0
ring,2019-02-24,,0
campus,2019-02-25,2.24695435166359,5
ring,2019-02-25,7.564737371736994,238
campus,2019-02-26,,0
ring,2019-02-26,5.555775428588995,25
campus,2019-02-27,,0
ring,2019-02-27,12.654494730560277,22
campus,2019-02-28,,0
ring,2019-02-28,113.58428192138672,1
campus,2019-03-01,,0
ring,2019-03-01,13.351053873697916,6
campus,2019-03-02,,0
ring,2019-03-02,,0
campus,2019-03-03,,0
ring,2019-03-03,,0
campus,2019-03-04,,0
ring,2019-03-04,63.93628501247071,131
campus,2019-03-05,,0
ring,2019-03-05,55.15981599464148,137
campus,2019-03-06,,0
ring,2019-03-06,67.00789172485618,138
campus,2019-03-07,,0
ring,2019-03-07,56.54791315082235,302
campus,2019-03-08,,0
ring,2019-03-08,18.39739398941017,84
campus,2019-03-09,,0
ring,2019-03-09,21.990741478702702,634
campus,2019-03-10,,0
ring,2019-03-10,5.974002662826987,34
campus,2019-03-11,,0
ring,2019-03-11,23.622456777857895,913
campus,2019-03-12,2.1431923719013435,4
ring,2019-03-12,19.50077502669935,1037
campus,2019-03-13,,0
ring,2019-03-13,,0
campus,2019-03-14,3.3599050045013428,1
ring,2019-03-14,3.755925258634466,40
campus,2019-03-15,1.6985844408764559,4
ring,2019-03-15,3.1602409567988063,72
campus,2019-03-16,2.6232378482818604,1
ring,2019-03-16,5.94231553689934,531
campus,2019-03-17,,0
ring,2019-03-17,28.178736686706543,16
campus,2019-03-18,1.0114250679532577,12
ring,2019-03-18,11.349529035181035,598
campus,2019-03-19,,0
ring,2019-03-19,12.954273151613737,180
campus,2019-03-20,0.8610813900424878,12
ring,2019-03-20,12.279977518651233,1453
campus,2019-03-21,,0
ring,2019-03-21,23.584821881815373,47
campus,2019-03-22,0.7323418644184715,12
ring,2019-03-22,11.14223876945812,1441
campus,2019-03-23,0.9732358336559978,12
ring,2019-03-23,12.534599237813946,1457
campus,2019-03-24,,0
ring,2019-03-24,,0
campus,2019-03-25,1.6759806712245855,12
ring,2019-03-25,9.529430027479966,1041
campus,2019-03-26,1.795436102357788,12
ring,2019-03-26,13.989271666490962,1502
campus,2019-03-27,1.6258952858067361,12
ring,2019-03-27,12.176853955505779,1469
campus,2019-03-28,,0
ring,2019-03-28,,0
campus,2019-03-29,2.2360965523383665,8
ring,2019-03-29,1.480045767167744,86
campus,2019-03-30,,0
ring,2019-03-30,,0
campus,2019-03-31,1.3755741581306853,12
ring,2019-03-31,13.869664411775313,1648
campus,2019-04-01,1.374625721120256,12
ring,2019-04-01,12.726342245233598,1644
campus,2019-04-02,,0
ring,2019-04-02,,0
campus,2019-04-03,0.7671129756392331,12
ring,2019-04-03,11.839244532440963,1642
campus,2019-04-04,,0
ring,2019-04-04,,0
campus,2019-04-05,3.7623345862818134,7
ring,2019-04-05,4.454686798373169,87
campus,2019-04-06,1.515045777806696,2
ring,2019-04-06,13.627752823120694,1539
campus,2019-04-07,,0
ring,2019-04-07,,0
campus,2019-04-08,1.032717964228462,12
ring,2019-04-08,8.420709578197137,1566
campus,2019-04-09,0.7759494433661247,12
ring,2019-04-09,11.695466446973581,1641
campus,2019-04-10,1.7153184136756663,12
ring,2019-04-10,7.775581534711588,752
campus,2019-04-11,,0
ring,2019-04-11,,0
campus,2019-04-12,,0
ring,2019-04-12,,0
campus,2019-04-13,1.0812690973170556,12
ring,2019-04-13,11.900877611337553,1639
campus,2019-04-14,,0
ring,2019-04-14,,0
campus,2019-04-15,2.7136606618157435,6
ring,2019-04-15,46.93351988243049,732
campus,2019-04-16,,0
ring,2019-04-16,13.351375536485152,22
campus,2019-04-17,,0
ring,2019-04-17,8.033575357166246,42
campus,2019-04-18,0.7492223114303961,12
ring,2019-04-18,10.300434650609631,760
campus,2019-04-19,,0
ring,2019-04-19,,0
campus,2019-04-20,0.5586578249656406,8
ring,2019-04-20,12.892199743468842,1397
campus,2019-04-21,0.7278011405471502,7
ring,2019-04-21,12.863979677573555,814
campus,2019-04-22,3.5323380512349747,2
ring,2019-04-22,12.786672098802173,1253
campus,2019-04-23,4.033720016479492,1
ring,2019-04-23,,0
campus,2019-04-24,0.8732138380573244,8
ring,2019-04-24,12.215683492874584,1508
campus,2019-04-25,0.9092478189081286,8
ring,2019-04-25,11.305539925505872,1486
campus,2019-04-26,,0
ring,2019-04-26,,0
campus,2019-04-27,1.945839440504156,7
ring,2019-04-27,14.48350363959648,1445
campus,2019-04-28,2.543066732337994,8
ring,2019-04-28,20.637944277694338,1647
campus,2019-04-29,,0
ring,2019-04-29,,0
campus,2019-04-30,,0
ring,2019-04-30,1.2191330306231976,16
campus,2019-05-01,,0
ring,2019-05-01,,0
campus,2019-05-02,,0
ring,2019-05-02,1.4965493816180595,97
campus,2019-05-03,1.850782915587737,3
ring,2019-05-03,8.233921185146626,772
campus,2019-05-04,1.9549512465794883,12
ring,2019-05-04,14.678776017104212,333
campus,2019-05-05,3.1561204586585947,2
ring,2019-05-05,13.443750120121765,1464
campus,2019-05-06,,0
ring,2019-05-06,,0
campus,2019-05-07,,0
ring,2019-05-07,,0
campus,2019-05-08,,0
ring,2019-05-08,,0
campus,2019-05-09,,0
ring,2019-05-09,,0
campus,2019-05-10,,0
ring,2019-05-10,1.2679644833704844,17
campus,2019-05-11,,0
ring,2019-05-11,,0
campus,2019-05-12,,0
ring,2019-05-12,2.391239881515503,2
campus,2019-05-13,,0
ring,2019-05-13,5.611117422512963,71
campus,2019-05-14,1.8243810048402456,8
ring,2019-05-14,13.211451415537864,1477
campus,2019-05-15,1.3081521486444228,8
ring,2019-05-15,12.514871867893502,1514
campus,2019-05-16,,0
ring,2019-05-16,,0
campus,2019-05-17,,0
ring,2019-05-17,,0
campus,2019-05-18,,0
ring,2019-05-18,,0
campus,2019-05-19,,0
ring,2019-05-19,,0
campus,2019-05-20,,0
ring,2019-05-20,6.311783563035481,48
campus,2019-05-21,,0
ring,2019-05-21,,0
campus,2019-05-22,,0
ring,2019-05-22,,0
campus,2019-05-23,,0
ring,2019-05-23,,0
campus,2019-05-24,,0
ring,2019-05-24,,0
campus,2019-05-25,2.2830287560099274,6
ring,2019-05-25,7.865992030379751,1059
campus,2019-05-26,,0
ring,2019-05-26,,0
campus,2019-05-27,1.6490923263050095,8
ring,2019-05-27,15.02100540399887,731
campus,2019-05-28,1.0954819251250516,8
ring,2019-05-28,7.12247809442421,993
campus,2019-05-29,,0
ring,2019-05-29,,0
campus,2019-05-30,,0
ring,2019-05-30,,0
campus,2019-05-31,4.208336709334742,12
ring,2019-05-31,9.657585843756179,1644
campus,2019-06-01,,0
ring,2019-06-01,2.2360201579492593,9
campus,2019-06-02,2.213578877121503,12
ring,2019-06-02,11.372736829586634,1646
campus,2019-06-03,4.0391697819048185,12
ring,2019-06-03,12.706741091610121,1632
campus,2019-06-04,5.010656840070731,8
ring,2019-06-04,11.620197332534905,438
campus,2019-06-05,,0
ring,2019-06-05,,0
campus,2019-06-06,1.7000843970292816,12
ring,2019-06-06,11.246944811836201,1529
campus,2019-06-07,1.3633070640751128,12
ring,2019-06-07,11.401719039170052,1646
campus,2019-06-08,1.5058420509445574,12
ring,2019-06-08,12.952038789820772,1642
campus,2019-06-09,,0
ring,2019-06-09,,0
campus,2019-06-10,,0
ring,2019-06-10,,0
campus,2019-06-11,0.9467979848757055,12
ring,2019-06-11,11.422031061172337,1646
campus,2019-06-12,,0
ring,2019-06-12,2.91093981499308,5
campus,2019-06-13,,0
ring,2019-06-13,,0
campus,2019-06-14,,0
ring,2019-06-14,,0
campus,2019-06-15,,0
ring,2019-06-15,,0
campus,2019-06-16,,0
ring,2019-06-16,,0
campus,2019-06-17,,0
ring,2019-06-17,13.426988331111632,541
campus,2019-06-18,4.395418817781684,8
ring,2019-06-18,14.136783337929444,798
campus,2019-06-19,,0
ring,2019-06-19,,0
campus,2019-06-20,,0
ring,2019-06-20,,0
campus,2019-06-21,,0
ring,2019-06-21,,0
campus,2019-06-22,,0
ring,2019-06-22,,0
campus,2019-06-23,,0
ring,2019-06-23,,0
campus,2019-06-24,,0
ring,2019-06-24,,0
campus,2019-06-25,,0
ring,2019-06-25,2.6897209882736206,2
campus,2019-06-26,,0
ring,2019-06-26,,0
campus,2019-06-27,,0
ring,2019-06-27,,0
campus,2019-06-28,,0
ring,2019-06-28,,0
campus,2019-06-29,,0
ring,2019-06-29,4.406341639453689,32
campus,2019-06-30,1.6207057272450307,4
ring,2019-06-30,3.4698014406981907,46
campus,2019-07-01,,0
ring,2019-07-01,,0
campus,2019-07-02,2.1308987140655518,1
ring,2019-07-02,1.6227468506664147,70
campus,2019-07-03,,0
ring,2019-07-03,,0
campus,2019-07-04,,0
ring,2019-07-04,6.233407014497326,392
campus,2019-07-05,1.8830794032209475,8
ring,2019-07-05,13.107631407203556,1648
campus,2019-07-06,,0
ring,2019-07-06,,0
campus,2019-07-07,,0
ring,2019-07-07,,0
campus,2019-07-08,2.4732947914802716,8
ring,2019-07-08,11.307528591886442,1648
campus,2019-07-09,1.700440819303048,8
ring,2019-07-09,12.24433754534814,1648
campus,2019-07-10,,0
ring,2019-07-10,,0
campus,2019-07-11,,0
ring,2019-07-11,,0
campus,2019-07-12,1.011407555029401,8
ring,2019-07-12,11.698336514721658,1648
campus,2019-07-13,1.07411424403261,8
ring,2019-07-13,11.299459364802793,1647
campus,2019-07-14,1.383551426919184,8
ring,2019-07-14,11.017202580576555,1530
campus,2019-07-15,,0
ring,2019-07-15,3.045506478341158,2
campus,2019-07-16,,0
ring,2019-07-16,4.3094247388521305,9
campus,2019-07-17,,0
ring,2019-07-17,13.68097713886247,381
campus,2019-07-18,6.346871651394266,2
ring,2019-07-18,17.037575638665285,55
campus,2019-07-19,,0
ring,2019-07-19,,0
campus,2019-07-20,,0
ring,2019-07-20,,0
campus,2019-07-21,,0
ring,2019-07-21,,0
campus,2019-07-22,2.3709411821242186,8
ring,2019-07-22,22.625830078662815,360
campus,2019-07-23,2.3351475438068716,8
ring,2019-07-23,11.862326325890804,1442
campus,2019-07-24,2.002768029256061,8
ring,2019-07-24,11.429583911023888,1481
campus,2019-07-25,2.4810388479725463,8
ring,2019-07-25,12.021051645548319,1429
campus,2019-07-26,2.6514924410524405,8
ring,2019-07-26,13.975356852569373,917
campus,2019-07-27,,0
ring,2019-07-27,9.85569194005442,129
campus,2019-07-28,2.6737066318188205,8
ring,2019-07-28,4.603414506453703,447
campus,2019-07-29,,0
ring,2019-07-29,,0
campus,2019-07-30,1.331578467274944,8
ring,2019-07-30,11.635544814939,1567
campus,2019-07-31,1.4246802081481118,8
ring,2019-07-31,12.756194978650672,1648
campus,2019-08-01,1.8241873847113719,12
ring,2019-08-01,13.350879125371756,1642
campus,2019-08-02,1.731955304576902,8
ring,2019-08-02,11.79812171779907,1648
campus,2019-08-03,1.4914730388080062,8
ring,2019-08-03,11.305768490651573,1643
campus,2019-08-04,1.2930473096916155,8
ring,2019-08-04,10.907013053567388,1588
campus,2019-08-05,,0
ring,2019-08-05,2.306920599850362,178
campus,2019-08-06,,0
ring,2019-08-06,,0
campus,2019-08-07,2.1731983183494794,8
ring,2019-08-07,12.55415377531426,1648
campus,2019-08-08,1.1984034752493853,8
ring,2019-08-08,8.804299276658783,1595
campus,2019-08-09,1.3421044989705524,8
ring,2019-08-09,11.864503003869615,1648
campus,2019-08-10,,0
ring,2019-08-10,4.05095097621011,62
campus,2019-08-11,,0
ring,2019-08-11,,0
campus,2019-08-12,4.100633713152136,8
ring,2019-08-12,11.009280734570806,1307
campus,2019-08-13,,0
ring,2019-08-13,14.431356772125454,189
campus,2019-08-14,,0
ring,2019-08-14,13.292665674396966,572
campus,2019-08-15,,0
ring,2019-08-15,10.954804520615852,569
campus,2019-08-16,1.1061729943181298,7
ring,2019-08-16,10.579787364206577,1484
campus,2019-08-17,1.4158474221770614,8
ring,2019-08-17,11.578634926002886,1503
campus,2019-08-18,1.5232017557119533,8
ring,2019-08-18,10.545737608030594,1486
campus,2019-08-19,0.6235205306510422,7
ring,2019-08-19,9.993431514181427,1487
campus,2019-08-20,1.4521060227593292,6
ring,2019-08-20,10.205529246443852,470
campus,2019-08-21,1.1377779512607744,8
ring,2019-08-21,10.508912625105705,1433
campus,2019-08-22,1.9239734355586366,12
ring,2019-08-22,9.759815709505556,638
campus,2019-08-23,1.5511248962106716,12
ring,2019-08-23,12.80052974578248,1487
campus,2019-08-24,,0
ring,2019-08-24,12.491884722161004,994
campus,2019-08-25,1.7539041181461041,12
ring,2019-08-25,11.017721190334328,1475
campus,2019-08-26,,0
ring,2019-08-26,,0
campus,2019-08-27,1.8407241377979515,4
ring,2019-08-27,16.79997748250048,681
campus,2019-08-28,1.6603364076267104,12
ring,2019-08-28,13.475433220012892,1642
campus,2019-08-29,1.38616718108358,12
ring,2019-08-29,12.242313498878211,1630
campus,2019-08-30,1.0321119377593038,12
ring,2019-08-30,11.905298418104747,1644
campus,2019-08-31,1.3076844714046305,12
ring,2019-08-31,11.441610930027291,1589
campus,2019-09-01,,0
ring,2019-09-01,,0
campus,2019-09-02,2.464618689954395,11
ring,2019-09-02,5.109810803507452,623
campus,2019-09-03,,0
ring,2019-09-03,10.35409044804986,380
campus,2019-09-04,0.9721114770704958,12
ring,2019-09-04,10.641749878514835,1646
campus,2019-09-05,,0
ring,2019-09-05,,0
campus,2019-09-06,4.133614966363618,2
ring,2019-09-06,4.157098847890443,43
campus,2019-09-07,1.625282829437826,12
ring,2019-09-07,12.587000382964359,1649
campus,2019-09-08,,0
ring,2019-09-08,,0
campus,2019-09-09,,0
ring,2019-09-09,,0
campus,2019-09-10,,0
ring,2019-09-10,,0
campus,2019-09-11,1.288721297635418,12
ring,2019-09-11,11.177960896409942,1436
campus,2019-09-12,,0
ring,2019-09-12,,0
campus,2019-09-13,,0
ring,2019-09-13,,0
campus,2019-09-14,0.44314796745387564,12
ring,2019-09-14,11.474662448123965,1437
campus,2019-09-15,,0
ring,2019-09-15,,0
campus,2019-09-16,1.1184620302536585,10
ring,2019-09-16,17.58875149616536,510
campus,2019-09-17,5.200320614371329,3
ring,2019-09-17,11.59012925905886,708
campus,2019-09-18,1.0607685399990456,12
ring,2019-09-18,13.356231992860474,1509
campus,2019-09-19,2.4997686559007373,7
ring,2019-09-19,15.391680138303094,910
campus,2019-09-20,,0
ring,2019-09-20,8.768011409790805,579
campus,2019-09-21,1.2319633031314385,12
ring,2019-09-21,11.182250799296373,1468
campus,2019-09-22,,0
ring,2019-09-22,,0
campus,2019-09-23,3.001913134549537,7
ring,2019-09-23,12.229659971748067,1073
campus,2019-09-24,1.214258061181041,12
ring,2019-09-24,12.846323578291603,1480
campus,2019-09-25,,0
ring,2019-09-25,,0
campus,2019-09-26,,0
ring,2019-09-26,,0
campus,2019-09-27,2.61447325922218,10
ring,2019-09-27,2.7247304156614702,49
campus,2019-09-28,,0
ring,2019-09-28,,0
campus,2019-09-29,,0
ring,2019-09-29,,0
campus,2019-09-30,,0
ring,2019-09-30,1.332602586973603,25
campus,2019-10-01,,0
ring,2019-10-01,6.205441669435409,236
campus,2019-10-02,,0
ring,2019-10-02,,0
campus,2019-10-03,,0
ring,2019-10-03,,0
campus,2019-10-04,2.1571768553428403,12
ring,2019-10-04,13.342190705192117,1649
campus,2019-10-05,,0
ring,2019-10-05,3.3038419975953945,17
campus,2019-10-06,1.659409553508242,12
ring,2019-10-06,8.824870201078129,1287
campus,2019-10-07,1.777455381875168,12
ring,2019-10-07,10.82225824930586,1649
campus,2019-10-08,1.9560349583069263,12
ring,2019-10-08,11.360232369311841,1649
campus,2019-10-09,2.511580875545156,11
ring,2019-10-09,13.303212529870866,1470
campus,2019-10-10,,0
ring,2019-10-10,2.17871690308564,6
campus,2019-10-11,,0
ring,2019-10-11,,0
campus,2019-10-12,,0
ring,2019-10-12,,0
campus,2019-10-13,,0
ring,2019-10-13,,0
campus,2019-10-14,1.4579470901429157,12
ring,2019-10-14,11.67460544450286,1437
campus,2019-10-15,2.470679991623222,8
ring,2019-10-15,10.041049173860989,618
campus,2019-10-16,,0
ring,2019-10-16,11.889034816196986,7
campus,2019-10-17,,0
ring,2019-10-17,,0
campus,2019-10-18,1.600049061323303,12
ring,2019-10-18,11.517295138247361,1412
campus,2019-10-19,1.8278709627778373,12
ring,2019-10-19,13.13100631315749,1462
campus,2019-10-20,,0
ring,2019-10-20,23.4177076207502,18
campus,2019-10-21,,0
ring,2019-10-21,3.772052455809464,24
campus,2019-10-22,,0
ring,2019-10-22,6.95918727152849,375
campus,2019-10-23,2.001488466890587,12
ring,2019-10-23,12.223134693692874,1457
campus,2019-10-24,,0
ring,2019-10-24,2.633273579857566,11
campus,2019-10-25,3.474021667637189,12
ring,2019-10-25,14.289167083936212,1585
campus,2019-10-26,,0
ring,2019-10-26,17.180906930804202,503
campus,2019-10-27,,0
ring,2019-10-27,,0
campus,2019-10-28,1.7333940647118125,12
ring,2019-10-28,11.594870407995462,1649
campus,2019-10-29,,0
ring,2019-10-29,,0
campus,2019-10-30,,0
ring,2019-10-30,,0
campus,2019-10-31,,0
ring,2019-10-31,,0
campus,2019-11-01,4.600560990590899,12
ring,2019-11-01,24.50306520320915,1645
campus,2019-11-02,2.5437839997345058,11
ring,2019-11-02,9.668316082386271,1102
campus,2019-11-03,,0
ring,2019-11-03,12.957299037555622,440
campus,2019-11-04,,0
ring,2019-11-04,3.289614606465803,12
campus,2019-11-05,3.3789350877400315,12
ring,2019-11-05,14.253821380064908,1609
campus,2019-11-06,,0
ring,2019-11-06,4.27954678103753,61
campus,2019-11-07,,0
ring,2019-11-07,,0
campus,2019-11-08,2.6378878670023718,12
ring,2019-11-08,20.257130708496987,1342
campus,2019-11-09,,0
ring,2019-11-09,,0
campus,2019-11-10,,0
ring,2019-11-10,,0
campus,2019-11-11,,0
ring,2019-11-11,,0
campus,2019-11-12,,0
ring,2019-11-12,46.70757510112612,73
campus,2019-11-13,,0
ring,2019-11-13,42.2695504506429,15
campus,2019-11-14,,0
ring,2019-11-14,19.74890638325924,50
campus,2019-11-15,,0
ring,2019-11-15,27.372309327731287,56
campus,2019-11-16,,0
ring,2019-11-16,25.419289151549602,133
campus,2019-11-17,3.9320210382388567,8
ring,2019-11-17,5.909829899185957,53
campus,2019-11-18,,0
ring,2019-11-18,4.789803504943848,2
campus,2019-11-19,,0
ring,2019-11-19,3.64230740070343,2
campus,2019-11-20,,0
ring,2019-11-20,2.7091717379433766,2
campus,2019-11-21,,0
ring,2019-11-21,,0
campus,2019-11-22,,0
ring,2019-11-22,8.6721076821672,16
campus,2019-11-23,1.7498320614924285,12
ring,2019-11-23,11.605360897292968,1644
campus,2019-11-24,3.5171356536448,6
ring,2019-11-24,2.1465559759075217,194
campus,2019-11-25,1.8022676641756306,12
ring,2019-11-25,10.687958635118775,1634
campus,2019-11-26,2.0254192317789905,12
ring,2019-11-26,12.565251060671905,1643
campus,2019-11-27,,0
ring,2019-11-27,,0
campus,2019-11-28,,0
ring,2019-11-28,,0
campus,2019-11-29,,0
ring,2019-11-29,,0
campus,2019-11-30,,0
ring,2019-11-30,,0
campus,2019-12-01,,0
ring,2019-12-01,0.5718737922548314,202
campus,2019-12-02,,0
ring,2019-12-02,6.9820000437871075,11
campus,2019-12-03,,0
ring,2019-12-03,,0
campus,2019-12-04,1.692140577999261,12
ring,2019-12-04,11.707255007371412,1646
campus,2019-12-05,1.808611840872315,12
ring,2019-12-05,11.77756846473203,1645
campus,2019-12-06,,0
ring,2019-12-06,,0
campus,2019-12-07,3.5232077550932583,12
ring,2019-12-07,16.154032494989686,1333
campus,2019-12-08,,0
ring,2019-12-08,,0
campus,2019-12-09,,0
ring,2019-12-09,,0
campus,2019-12-10,,0
ring,2019-12-10,16.678893036550956,213
campus,2019-12-11,1.3595782678668242,12
ring,2019-12-11,13.49548726410509,1427
campus,2019-12-12,,0
ring,2019-12-12,26.596604347229004,4
campus,2019-12-13,3.148558984784519,4
ring,2019-12-13,7.6184478064659595,535
campus,2019-12-14,,0
ring,2019-12-14,17.883386785264527,106
campus,2019-12-15,1.3212989912090962,12
ring,2019-12-15,13.77496128551214,1307
campus,2019-12-16,,0
ring,2019-12-16,,0
campus,2019-12-17,3.8937275409698495,12
ring,2019-12-17,19.42261064423815,1220
campus,2019-12-18,2.830629326270965,12
ring,2019-12-18,17.285847692002207,1347
campus,2019-12-19,2.500618597372574,12
ring,2019-12-19,15.067398577286697,1430
campus,2019-12-20,,0
ring,2019-12-20,,0
campus,2019-12-21,2.0599116410861837,12
ring,2019-12-21,10.361550683198164,1647
campus,2019-12-22,2.122939837635622,12
ring,2019-12-22,11.152112313249544,1642
campus,2019-12-23,2.3253676323339705,8
ring,2019-12-23,13.178940284611532,1318
campus,2019-12-24,,0
ring,2019-12-24,2.3137764930725098,6
campus,2019-12-25,,0
ring,2019-12-25,,0
campus,2019-12-26,,0
ring,2019-12-26,,0
campus,2019-12-27,1.4996834886960748,7
ring,2019-12-27,1.8755930648434322,29
campus,2019-12-28,2.6777894830837305,12
ring,2019-12-28,13.693762082923415,1647
campus,2019-12-29,,0
ring,2019-12-29,,0
campus,2019-12-30,,0
ring,2019-12-30,,0
campus,2020-01-01,3.935203442943086,12
ring,2020-01-01,24.395015239129204,1272
campus,2020-01-02,3.7827665298258895,12
ring,2020-01-02,15.502659894619688,1202
campus,2020-01-03,,0
ring,2020-01-03,,0
campus,2020-01-04,,0
ring,2020-01-04,1.1309179067611694,5
campus,2020-01-05,1.4104667901992798,1
ring,2020-01-05,11.117424747047025,489
campus,2020-01-06,1.7953027343215735,12
ring,2020-01-06,11.42566810710814,1500
campus,2020-01-07,,0
ring,2020-01-07,12.510915174598574,401
campus,2020-01-08,3.38023537146945,12
ring,2020-01-08,15.303203138317942,1360
campus,2020-01-09,,0
ring,2020-01-09,,0
campus,2020-01-10,,0
ring,2020-01-10,22.357956816949415,23
campus,2020-01-11,,0
ring,2020-01-11,,0
campus,2020-01-12,,0
ring,2020-01-12,29.369292799226308,68
campus,2020-01-13,,0
ring,2020-01-13,15.533982307251824,66
campus,2020-01-14,,0
ring,2020-01-14,21.235668000552394,135
campus,2020-01-15,,0
ring,2020-01-15,39.42257302106974,22
campus,2020-01-16,,0
ring,2020-01-16,9.47368077793503,7
campus,2020-01-17,2.610408067703247,1
ring,2020-01-17,27.26092935398747,435
campus,2020-01-18,,0
ring,2020-01-18,,0
campus,2020-01-19,,0
ring,2020-01-19,40.516061823571484,37
campus,2020-01-20,,0
ring,2020-01-20,11.245843240770242,8
campus,2020-01-21,,0
ring,2020-01-21,11.309055989295732,14
campus,2020-01-22,,0
ring,2020-01-22,,0
campus,2020-01-23,,0
ring,2020-01-23,,0
campus,2020-01-24,,0
ring,2020-01-24,,0
campus,2020-01-25,,0
ring,2020-01-25,8.541101551904877,15
campus,2020-01-26,,0
ring,2020-01-26,6.240357839144194,13
campus,2020-01-27,,0
ring,2020-01-27,,0
campus,2020-01-28,,0
ring,2020-01-28,1.7380556757993821,32
campus,2020-01-29,,0
ring,2020-01-29,,0
campus,2020-01-30,,0
ring,2020-01-30,7.524372349316921,94
campus,2020-01-31,,0
ring,2020-01-31,,0
campus,2020-02-01,,0
ring,2020-02-01,,0
campus,2020-02-02,,0
ring,2020-02-02,,0
campus,2020-02-03,3.060654343447639,4
ring,2020-02-03,18.61282186536418,514
campus,2020-02-04,,0
ring,2020-02-04,2.8448989197410652,87
campus,2020-02-05,3.106872427474663,12
ring,2020-02-05,11.326936526038141,561
campus,2020-02-06,,0
ring,2020-02-06,,0
campus,2020-02-07,5.998407907575091,3
ring,2020-02-07,18.967698096657102,207
campus,2020-02-08,,0
ring,2020-02-08,5.36239767074585,1
campus,2020-02-09,,0
ring,2020-02-09,15.762862977190078,109
campus,2020-02-10,,0
ring,2020-02-10,42.86254306417569,27
campus,2020-02-11,,0
ring,2020-02-11,25.953980075189417,61
campus,2020-02-12,,0
ring,2020-02-12,47.72127739700402,33
campus,2020-02-13,,0
ring,2020-02-13,,0
campus,2020-02-14,,0
ring,2020-02-14,83.35809427019959,33
campus,2020-02-15,,0
ring,2020-02-15,63.978522298405295,55
campus,2020-02-16,,0
ring,2020-02-16,31.247206549247085,184
campus,2020-02-17,,0
ring,2020-02-17,36.47709257962831,39
campus,2020-02-18,,0
ring,2020-02-18,3.6313522028368572,3
campus,2020-02-19,,0
ring,2020-02-19,30.11814236738387,422
campus,2020-02-20,,0
ring,2020-02-20,38.49520036737872,344
campus,2020-02-21,3.668267081334041,3
ring,2020-02-21,34.912066653146276,411
campus,2020-02-22,2.9603526253774377,10
ring,2020-02-22,25.74580322530351,759
campus,2020-02-23,2.614628087238772,12
ring,2020-02-23,17.056353173855477,1171
campus,2020-02-24,,0
ring,2020-02-24,25.64292712795913,297
campus,2020-02-25,2.5671830704900067,12
ring,2020-02-25,12.948365486447535,1038
campus,2020-02-26,,0
ring,2020-02-26,7.326728447282496,25
campus,2020-02-27,,0
ring,2020-02-27,,0
campus,2020-02-28,2.348789619019275,12
ring,2020-02-28,14.843093668029425,1612
campus,2020-02-29,2.856515358809998,12
ring,2020-02-29,15.257530370668709,1576
campus,2020-03-01,4.358960708650221,12
ring,2020-03-01,13.135450521611258,968
campus,2020-03-02,2.424342414800749,12
ring,2020-03-02,12.090310525556857,1639
campus,2020-03-03,,0
ring,2020-03-03,,0
campus,2020-03-04,,0
ring,2020-03-04,,0
campus,2020-03-05,1.9100345633610962,12
ring,2020-03-05,12.482677273762235,1454
campus,2020-03-06,,0
ring,2020-03-06,4.970239639282227,1
campus,2020-03-07,2.49736412087965,12
ring,2020-03-07,14.733079704713468,1438
campus,2020-03-08,,0
ring,2020-03-08,,0
campus,2020-03-09,,0
ring,2020-03-09,,0
campus,2020-03-10,,0
ring,2020-03-10,,0
campus,2020-03-11,,0
ring,2020-03-11,,0
campus,2020-03-12,2.349685690761392,12
ring,2020-03-12,14.009623751968011,1488
campus,2020-03-13,1.8807001744999605,12
ring,2020-03-13,13.428702529088392,1466
campus,2020-03-14,,0
ring,2020-03-14,,0
campus,2020-03-15,,0
ring,2020-03-15,11.766462574630172,74
campus,2020-03-16,2.2050510272035866,12
ring,2020-03-16,12.154496905954428,1648
campus,2020-03-17,,0
ring,2020-03-17,1.4028092674587085,23
campus,2020-03-18,,0
ring,2020-03-18,,0
campus,2020-03-19,,0
ring,2020-03-19,,0
campus,2020-03-20,4.4453468573720825,2
ring,2020-03-20,2.100360296802524,127
campus,2020-03-21,,0
ring,2020-03-21,1.6778559802514867,185
campus,2020-03-22,2.8231519984931843,12
ring,2020-03-22,12.646076133854868,1583
campus,2020-03-23,,0
ring,2020-03-23,,0
campus,2020-03-24,,0
ring,2020-03-24,4.893605798482895,16
campus,2020-03-25,1.8951980934089643,12
ring,2020-03-25,12.99833704078071,1298
campus,2020-03-26,,0
ring,2020-03-26,1.1953710243105888,16
campus,2020-03-27,,0
ring,2020-03-27,1.0259320310183935,14
campus,2020-03-28,,0
ring,2020-03-28,,0
campus,2020-03-29,1.9666373308967144,12
ring,2020-03-29,9.003450844515317,1537
campus,2020-03-30,,0
ring,2020-03-30,2.738532365712904,9
campus,2020-03-31,,0
ring,2020-03-31,4.183285869153819,9
campus,2020-04-01,,0
ring,2020-04-01,,0
campus,2020-04-02,2.3541021280261987,12
ring,2020-04-02,14.521575900153461,1488
campus,2020-04-03,,0
ring,2020-04-03,,0
campus,2020-04-04,,0
ring,2020-04-04,,0
campus,2020-04-05,1.6709842770929986,12
ring,2020-04-05,13.487732680008081,1297
campus,2020-04-06,1.5067098969950172,12
ring,2020-04-06,12.881787511947662,1480
campus,2020-04-07,,0
ring,2020-04-07,17.23283530920671,121
campus,2020-04-08,,0
ring,2020-04-08,11.978217365417938,331
campus,2020-04-09,,0
ring,2020-04-09,13.109114638433969,290
campus,2020-04-10,1.567318718751717,12
ring,2020-04-10,12.79005790294661,1480
campus,2020-04-11,,0
ring,2020-04-11,11.050358393213488,66
campus,2020-04-12,,0
ring,2020-04-12,5.138311819666224,45
campus,2020-04-13,,0
ring,2020-04-13,2.6740088939666746,5
campus,2020-04-14,2.1422938137383913,12
ring,2020-04-14,12.738837364416305,1492
campus,2020-04-15,,0
ring,2020-04-15,,0
campus,2020-04-16,2.246570602073278,12
ring,2020-04-16,12.246210896066176,1645
campus,2020-04-17,,0
ring,2020-04-17,,0
campus,2020-04-18,3.1585692669274548,12
ring,2020-04-18,14.07046127875806,1646
campus,2020-04-19,,0
ring,2020-04-19,19.253940288659535,1134
campus,2020-04-20,1.78997787250364,8
ring,2020-04-20,12.450542634298513,1647
campus,2020-04-21,1.9560789244861183,8
ring,2020-04-21,12.229239419182788,1603
campus,2020-04-22,,0
ring,2020-04-22,,0
campus,2020-04-23,,0
ring,2020-04-23,3.6806355317433677,3
campus,2020-04-24,,0
ring,2020-04-24,1.5945424784270072,17
campus,2020-04-25,,0
ring,2020-04-25,,0
campus,2020-04-26,,0
ring,2020-04-26,,0
campus,2020-04-27,1.8677581582782012,8
ring,2020-04-27,12.150926057489853,1648
campus,2020-04-28,1.9609409134106444,8
ring,2020-04-28,10.44309114793222,1640
campus,2020-04-29,,0
ring,2020-04-29,,0
campus,2020-04-30,,0
ring,2020-04-30,,0
campus,2020-05-01,1.702316625201834,8
ring,2020-05-01,12.412716097701702,1648
campus,2020-05-02,6.465299214158102,2
ring,2020-05-02,12.391706401462352,899
campus,2020-05-03,2.000682788031568,8
ring,2020-05-03,12.732151514293573,1499
campus,2020-05-04,2.3338516974801067,8
ring,2020-05-04,14.462910943980518,1474
campus,2020-05-05,,0
ring,2020-05-05,,0
campus,2020-05-06,,0
ring,2020-05-06,13.403713378039273,44
campus,2020-05-07,1.7119753072622517,8
ring,2020-05-07,13.328894691512101,1471
campus,2020-05-08,,0
ring,2020-05-08,2.478222862844553,26
campus,2020-05-09,1.9041248285022612,8
ring,2020-05-09,14.114259034764641,1494
campus,2020-05-10,,0
ring,2020-05-10,10.453653451974624,98
campus,2020-05-11,,0
ring,2020-05-11,,0
campus,2020-05-12,1.641319694884149,8
ring,2020-05-12,12.904837953879758,1501
campus,2020-05-13,2.5012884824038433,8
ring,2020-05-13,12.938965148394297,1503
campus,2020-05-14,,0
ring,2020-05-14,,0
campus,2020-05-15,,0
ring,2020-05-15,,0
campus,2020-05-16,,0
ring,2020-05-16,,0
campus,2020-05-17,,0
ring,2020-05-17,,0
campus,2020-05-18,,0
ring,2020-05-18,0.7567899753307804,53
campus,2020-05-19,,0
ring,2020-05-19,,0
campus,2020-05-20,2.6045240625462416,5
ring,2020-05-20,10.444193609990043,370
campus,2020-05-21,,0
ring,2020-05-21,,0
campus,2020-05-22,,0
ring,2020-05-22,,0
campus,2020-05-23,1.677989659805643,3
ring,2020-05-23,1.261459313980205,241
campus,2020-05-24,1.8178973568541537,8
ring,2020-05-24,9.70842766287768,1343
campus,2020-05-25,3.397116908068147,8
ring,2020-05-25,15.285274108399648,927
campus,2020-05-26,,0
ring,2020-05-26,3.2981614464475997,17
campus,2020-05-27,,0
ring,2020-05-27,,0
campus,2020-05-28,,0
ring,2020-05-28,,0
campus,2020-05-29,,0
ring,2020-05-29,,0
campus,2020-05-30,3.4838374364859948,8
ring,2020-05-30,12.144861807225864,1226
campus,2020-05-31,,0
ring,2020-05-31,,0
campus,2020-06-01,,0
ring,2020-06-01,,0
campus,2020-06-02,3.208808660507202,1
ring,2020-06-02,11.083452093113477,834
campus,2020-06-03,,0
ring,2020-06-03,,0
campus,2020-06-04,2.8033675692317535,12
ring,2020-06-04,15.18496022938079,1004
campus,2020-06-05,1.444903045733203,12
ring,2020-06-05,14.490587509623648,1211
campus,2020-06-06,,0
ring,2020-06-06,,0
campus,2020-06-07,,0
ring,2020-06-07,,0
campus,2020-06-08,1.9869560699547286,6
ring,2020-06-08,15.133315455214795,1329
campus,2020-06-09,1.5742015223966765,12
ring,2020-06-09,12.693998168243233,1418
campus,2020-06-10,,0
ring,2020-06-10,18.10107492393074,60
campus,2020-06-11,,0
ring,2020-06-11,,0
campus,2020-06-12,,0
ring,2020-06-12,,0
campus,2020-06-13,2.6538914747263687,12
ring,2020-06-13,11.521724243788563,1049
campus,2020-06-14,1.9433761612843665,12
ring,2020-06-14,12.469463949605057,1518
campus,2020-06-15,2.555403644755736,12
ring,2020-06-15,13.064141374300394,1646
campus,2020-06-16,,0
ring,2020-06-16,,0
campus,2020-06-17,,0
ring,2020-06-17,2.7404024600982666,1
campus,2020-06-18,,0
ring,2020-06-18,,0
campus,2020-06-19,,0
ring,2020-06-19,1.9499138491508565,168
campus,2020-06-20,2.7568021192550662,7
ring,2020-06-20,1.840066679880694,153
campus,2020-06-21,,0
ring,2020-06-21,,0
campus,2020-06-22,,0
ring,2020-06-22,,0
campus,2020-06-23,,0
ring,2020-06-23,,0
campus,2020-06-24,1.572143445261667,12
ring,2020-06-24,12.523142762124856,1636
campus,2020-06-25,2.2079450386533983,12
ring,2020-06-25,13.844068163109743,1344
campus,2020-06-26,,0
ring,2020-06-26,13.247496196566463,619
campus,2020-06-27,,0
ring,2020-06-27,,0
campus,2020-06-28,,0
ring,2020-06-28,,0
campus,2020-06-29,2.0110918943845832,12
ring,2020-06-29,12.981246840147469,1515
campus,2020-06-30,2.0061112845401277,12
ring,2020-06-30,10.956998965568665,1246
campus,2020-07-01,,0
ring,2020-07-01,16.451528565690367,512
campus,2020-07-02,,0
ring,2020-07-02,22.376229543944046,111
campus,2020-07-03,,0
ring,2020-07-03,,0
campus,2020-07-04,2.000789276898127,8
ring,2020-07-04,12.644903830754098,1432
campus,2020-07-05,1.687354582250464,7
ring,2020-07-05,12.524046300502127,1513
campus,2020-07-06,2.109687650555614,8
ring,2020-07-06,12.558937153208348,1505
campus,2020-07-07,3.1812210441515454,8
ring,2020-07-07,14.613191105196318,1514
campus,2020-07-08,,0
ring,2020-07-08,,0
campus,2020-07-09,2.141788294284546,8
ring,2020-07-09,11.944707027934854,1529
campus,2020-07-10,,0
ring,2020-07-10,3.945492818483176,37
campus,2020-07-11,1.6834199060153254,8
ring,2020-07-11,12.32548316506056,1491
campus,2020-07-12,,0
ring,2020-07-12,,0
campus,2020-07-13,,0
ring,2020-07-13,6.207560122013092,4
campus,2020-07-14,2.331652272781323,8
ring,2020-07-14,12.146581710043835,1497
campus,2020-07-15,,0
ring,2020-07-15,,0
campus,2020-07-16,1.6124750740955334,7
ring,2020-07-16,12.099051509931705,1308
campus,2020-07-17,2.3211682691785245,8
ring,2020-07-17,12.83484187910651,1648
campus,2020-07-18,2.933006294099168,8
ring,2020-07-18,16.879440029955788,984
campus,2020-07-19,3.129471342941932,8
ring,2020-07-19,10.382012995012323,1593
campus,2020-07-20,1.75314081082491,12
ring,2020-07-20,11.599168696541843,1633
campus,2020-07-21,3.511638670939801,8
ring,2020-07-21,9.923594738733604,1212
campus,2020-07-22,,0
ring,2020-07-22,,0
campus,2020-07-23,3.0693561896626798,8
ring,2020-07-23,10.136393973367662,938
campus,2020-07-24,3.7758238315582275,1
ring,2020-07-24,11.824191304628076,1525
campus,2020-07-25,2.1207290564515935,8
ring,2020-07-25,11.491182228373427,1648
campus,2020-07-26,1.933997487010111,8
ring,2020-07-26,11.880172509295695,1629
campus,2020-07-27,,0
ring,2020-07-27,,0
campus,2020-07-28,2.172047416882321,8
ring,2020-07-28,13.737099192131899,1609
campus,2020-07-29,4.493183629099293,8
ring,2020-07-29,13.2083645256268,1619
campus,2020-07-30,,0
ring,2020-07-30,1.7802178144454956,15
campus,2020-07-31,2.6415789152236973,5
ring,2020-07-31,12.74928388027585,1271
campus,2020-08-01,,0
ring,2020-08-01,2.616267656457835,3
campus,2020-08-02,,0
ring,2020-08-02,,0
campus,2020-08-03,,0
ring,2020-08-03,,0
campus,2020-08-04,2.6013921194133305,7
ring,2020-08-04,12.936755771498017,1362
campus,2020-08-05,1.468631257326387,7
ring,2020-08-05,12.229728201759748,1443
campus,2020-08-06,,0
ring,2020-08-06,12.958064214947095,415
campus,2020-08-07,1.6331133039675076,8
ring,2020-08-07,13.022637138416947,1456
campus,2020-08-08,2.627931009139522,8
ring,2020-08-08,14.747510592587032,1503
campus,2020-08-09,2.910496418546487,8
ring,2020-08-09,13.363917765463624,1506
campus,2020-08-10,1.976336875524908,8
ring,2020-08-10,10.707378393328566,1516
campus,2020-08-11,1.485100039806753,8
ring,2020-08-11,12.012617213810827,1485
campus,2020-08-12,1.299529941932111,7
ring,2020-08-12,12.5552879742297,1415
campus,2020-08-13,3.4091547303094196,8
ring,2020-08-13,14.141321199906006,1398
campus,2020-08-14,3.0466866224894225,8
ring,2020-08-14,14.492180213146845,1428
campus,2020-08-15,2.7654941011618863,8
ring,2020-08-15,12.516143870286841,1493
campus,2020-08-16,1.3239167385435633,8
ring,2020-08-16,11.914561720830884,1648
campus,2020-08-17,2.4797862052246824,4
ring,2020-08-17,6.846092398710956,628
campus,2020-08-18,2.8444346365453574,8
ring,2020-08-18,13.275969445840824,1574
campus,2020-08-19,2.536450670546844,12
ring,2020-08-19,15.23721712601995,1649
campus,2020-08-20,1.9116848480657456,8
ring,2020-08-20,12.389322727319563,1648
campus,2020-08-21,3.042055802518915,12
ring,2020-08-21,7.8508615214965625,750
campus,2020-08-22,2.208813059341118,12
ring,2020-08-22,9.990067389090322,1127
campus,2020-08-23,,0
ring,2020-08-23,,0
campus,2020-08-24,3.381411673419394,12
ring,2020-08-24,14.836742375972786,1564
campus,2020-08-25,,0
ring,2020-08-25,,0
campus,2020-08-26,3.8595787343524752,12
ring,2020-08-26,12.65404194874541,1548
campus,2020-08-27,2.913699636049744,12
ring,2020-08-27,13.319966525246807,1532
campus,2020-08-28,3.832407866991484,3
ring,2020-08-28,11.816921117606343,1236
campus,2020-08-29,3.0385624046753104,12
ring,2020-08-29,14.785536389097475,1597
campus,2020-08-30,1.8682849143399582,12
ring,2020-08-30,15.004885359505108,1625
campus,2020-08-31,2.7474365070972864,5
ring,2020-08-31,15.46039438903477,314
campus,2020-09-01,,0
ring,2020-09-01,17.943126414999035,191
campus,2020-09-02,1.731747968569814,9
ring,2020-09-02,12.247421254333538,158
campus,2020-09-03,1.2872281393556255,12
ring,2020-09-03,13.49527045429264,1430
campus,2020-09-04,1.474157972273484,12
ring,2020-09-04,16.446965937557604,1424
campus,2020-09-05,,0
ring,2020-09-05,6.96959172750227,196
campus,2020-09-06,,0
ring,2020-09-06,,0
campus,2020-09-07,2.2126853728717344,12
ring,2020-09-07,10.946538896327956,1099
campus,2020-09-08,,0
ring,2020-09-08,,0
campus,2020-09-09,,0
ring,2020-09-09,,0
campus,2020-09-10,,0
ring,2020-09-10,,0
campus,2020-09-11,,0
ring,2020-09-11,,0
campus,2020-09-12,,0
ring,2020-09-12,,0
campus,2020-09-13,,0
ring,2020-09-13,7.206753574914537,249
campus,2020-09-14,6.521520685860201,12
ring,2020-09-14,7.817924753040492,1642
campus,2020-09-15,5.014544693584425,12
ring,2020-09-15,11.560131987723015,1624
campus,2020-09-16,6.895885602878034,12
ring,2020-09-16,10.8381630150196,1648
campus,2020-09-17,,0
ring,2020-09-17,1.443042641495465,35
campus,2020-09-18,,0
ring,2020-09-18,2.5173403361329325,4
campus,2020-09-19,2.7097670724745897,12
ring,2020-09-19,13.719701446374412,1584
campus,2020-09-20,2.700735575010797,12
ring,2020-09-20,14.407691706045908,1648
campus,2020-09-21,5.562811803417047,12
ring,2020-09-21,11.395310408419107,1649
campus,2020-09-22,,0
ring,2020-09-22,2.710216466822009,239
campus,2020-09-23,3.005354630401712,12
ring,2020-09-23,11.333155283045016,1649
campus,2020-09-24,3.4822461142036873,12
ring,2020-09-24,11.54434102725613,1643
campus,2020-09-25,3.242627784317616,12
ring,2020-09-25,12.362767403124307,1649
campus,2020-09-26,3.5203109798199885,12
ring,2020-09-26,11.72390544816211,1627
campus,2020-09-27,,0
ring,2020-09-27,2.013274669474971,66
campus,2020-09-28,,0
ring,2020-09-28,,0
campus,2020-09-29,1.5484112384965865,11
ring,2020-09-29,12.317525000973843,1391
campus,2020-09-30,2.3974800168855745,12
ring,2020-09-30,10.935625946526734,963
campus,2020-10-01,1.6516840739521776,12
ring,2020-10-01,13.400134690197643,1345
campus,2020-10-02,1.0808951858111788,4
ring,2020-10-02,12.553238699778609,1266
campus,2020-10-03,,0
ring,2020-10-03,,0
campus,2020-10-04,,0
ring,2020-10-04,,0
campus,2020-10-05,1.5970859434909936,8
ring,2020-10-05,13.78816362205261,1339
campus,2020-10-06,7.691565731211164,10
ring,2020-10-06,11.90713522555878,1460
campus,2020-10-07,3.1104074372630834,12
ring,2020-10-07,11.843739292686035,1512
campus,2020-10-08,1.5347000529618775,8
ring,2020-10-08,12.699145944012031,1355
campus,2020-10-09,3.0020274227740726,12
ring,2020-10-09,11.357658237467911,1529
campus,2020-10-10,4.408400291154365,12
ring,2020-10-10,12.464663243126859,1517
campus,2020-10-11,3.896235588440597,12
ring,2020-10-11,15.06177861906118,1513
campus,2020-10-12,3.205749076065007,12
ring,2020-10-12,12.894305756866137,1503
campus,2020-10-13,1.7119260029075976,12
ring,2020-10-13,12.452251588007178,1404
campus,2020-10-14,2.1837557281544004,12
ring,2020-10-14,9.278334387415777,1172
campus,2020-10-15,,0
ring,2020-10-15,,0
campus,2020-10-16,2.439735482943381,12
ring,2020-10-16,13.819010903711176,1649
campus,2020-10-17,2.6277883086217892,12
ring,2020-10-17,13.550397070823685,1648
campus,2020-10-18,,0
ring,2020-10-18,,0
campus,2020-10-19,,0
ring,2020-10-19,,0
campus,2020-10-20,,0
ring,2020-10-20,,0
campus,2020-10-21,,0
ring,2020-10-21,0.9184637075970948,65
campus,2020-10-22,,0
ring,2020-10-22,,0
campus,2020-10-23,,0
ring,2020-10-23,,0
campus,2020-10-24,1.7773271799087524,1
ring,2020-10-24,12.611751540195923,667
campus,2020-10-25,,0
ring,2020-10-25,,0
campus,2020-10-26,,0
ring,2020-10-26,,0
campus,2020-10-27,,0
ring,2020-10-27,4.563317775726318,7
campus,2020-10-28,2.425326581540006,12
ring,2020-10-28,13.435127044626393,1518
campus,2020-10-29,,0
ring,2020-10-29,,0
campus,2020-10-30,1.4936246555918684,9
ring,2020-10-30,13.696520354613527,1351
campus,2020-10-31,1.5295330429306397,5
ring,2020-10-31,13.433566333097534,1316
campus,2020-11-01,3.270647494287607,12
ring,2020-11-01,12.854542501945534,1512
campus,2020-11-02,2.8358589345111014,12
ring,2020-11-02,14.1383587772225,1491
campus,2020-11-03,1.8542400576702789,8
ring,2020-11-03,13.004756078513827,1371
campus,2020-11-04,1.5156176051607837,7
ring,2020-11-04,13.699000204632815,1337
campus,2020-11-05,,0
ring,2020-11-05,,0
campus,2020-11-06,,0
ring,2020-11-06,11.067340666538204,965
campus,2020-11-07,2.793777965920535,12
ring,2020-11-07,15.509497720469096,1438
campus,2020-11-08,2.1377648197524914,12
ring,2020-11-08,13.099446264196464,1444
campus,2020-11-09,,0
ring,2020-11-09,,0
campus,2020-11-10,1.6429063299902127,12
ring,2020-11-10,13.29359694580156,1351
campus,2020-11-11,2.062704318600431,12
ring,2020-11-11,12.783750758507278,1636
campus,2020-11-12,2.2422050773040034,12
ring,2020-11-12,13.904139785355055,1649
campus,2020-11-13,,0
ring,2020-11-13,4.5735554695129395,2
campus,2020-11-14,2.391417576262709,12
ring,2020-11-14,12.589060835583163,1645
campus,2020-11-15,,0
ring,2020-11-15,,0
campus,2020-11-16,1.890000122824526,12
ring,2020-11-16,13.02350026224925,1649
campus,2020-11-17,2.3510056194248437,12
ring,2020-11-17,14.433051976635282,1644
campus,2020-11-18,6.884252071380615,1
ring,2020-11-18,5.2901935145817145,134
campus,2020-11-19,,0
ring,2020-11-19,,0
campus,2020-11-20,,0
ring,2020-11-20,9.688328333925348,203
campus,2020-11-21,,0
ring,2020-11-21,22.601795455596967,56
campus,2020-11-22,,0
ring,2020-11-22,,0
campus,2020-11-23,,0
ring,2020-11-23,14.22673168002269,740
campus,2020-11-24,7.184679159808085,5
ring,2020-11-24,21.304770849502717,777
campus,2020-11-25,,0
ring,2020-11-25,,0
campus,2020-11-26,,0
ring,2020-11-26,4.887230446554615,18
campus,2020-11-27,,0
ring,2020-11-27,6.692640542984009,14
campus,2020-11-28,1.965757309185759,11
ring,2020-11-28,15.35425600863785,1445
campus,2020-11-29,2.6736451172537326,5
ring,2020-11-29,14.306985502960861,1428
campus,2020-11-30,,0
ring,2020-11-30,,0
campus,2020-12-01,,0
ring,2020-12-01,22.970336035561896,3
campus,2020-12-02,1.9385123874764056,8
ring,2020-12-02,14.366423369307078,1434
campus,2020-12-03,2.3084937912854606,12
ring,2020-12-03,14.711026011039818,1488
campus,2020-12-04,,0
ring,2020-12-04,6.90702273153682,102
campus,2020-12-05,2.619611332345399,11
ring,2020-12-05,11.128413575563096,1073
campus,2020-12-06,,0
ring,2020-12-06,,0
campus,2020-12-07,,0
ring,2020-12-07,6.101242939893042,134
campus,2020-12-08,,0
ring,2020-12-08,5.9267855138183965,19
campus,2020-12-09,,0
ring,2020-12-09,,0
campus,2020-12-10,2.1830486538919973,12
ring,2020-12-10,14.27423831614193,1462
campus,2020-12-11,,0
ring,2020-12-11,1.8921992778778076,3
campus,2020-12-12,,0
ring,2020-12-12,,0
campus,2020-12-13,2.8570563637353237,12
ring,2020-12-13,12.534228407552208,952
campus,2020-12-14,,0
ring,2020-12-14,1.7355886989411027,10
campus,2020-12-15,,0
ring,2020-12-15,1.6587816826307795,34
campus,2020-12-16,,0
ring,2020-12-16,,0
campus,2020-12-17,,0
ring,2020-12-17,,0
campus,2020-12-18,2.0328898707023857,12
ring,2020-12-18,13.253131925567063,1649
campus,2020-12-19,,0
ring,2020-12-19,0.4797739769731249,7
campus,2020-12-20,,0
ring,2020-12-20,1.6139673077707894,14
campus,2020-12-21,,0
ring,2020-12-21,,0
campus,2020-12-22,,0
ring,2020-12-22,3.7945456613423465,12
campus,2020-12-23,,0
ring,2020-12-23,,0
campus,2020-12-24,,0
ring,2020-12-24,3.43957487319752,24
campus,2020-12-25,,0
ring,2020-12-25,17.299910347550004,7
campus,2020-12-26,2.8062845407302532,12
ring,2020-12-26,19.533772759477255,1291
campus,2020-12-27,,0
ring,2020-12-27,,0
campus,2020-12-28,3.4684387100370304,7
ring,2020-12-28,16.78819466971237,745
campus,2020-12-29,1.715810871885684,10
ring,2020-12-29,14.930012246506092,1411
campus,2020-12-30,,0
ring,2020-12-30,,0
campus,2021-01-01,,0
ring,2021-01-01,,0
campus,2021-01-02,,0
ring,2021-01-02,161.78460897089616,51
campus,2021-01-03,,0
ring,2021-01-03,,0
campus,2021-01-04,,0
ring,2021-01-04,46.64985726978497,36
campus,2021-01-05,,0
ring,2021-01-05,23.77604607549505,37
campus,2021-01-06,,0
ring,2021-01-06,23.37478816258656,14
campus,2021-01-07,5.2035718302413265,5
ring,2021-01-07,39.50173804558442,399
campus,2021-01-08,,0
ring,2021-01-08,2.3681472988930987,9
campus,2021-01-09,,0
ring,2021-01-09,13.762585247765358,15
campus,2021-01-10,,0
ring,2021-01-10,3.652332067489624,1
campus,2021-01-11,,0
ring,2021-01-11,2.7254049777984615,4
campus,2021-01-12,5.031532360520122,9
ring,2021-01-12,16.05510700775347,378
campus,2021-01-13,,0
ring,2021-01-13,,0
campus,2021-01-14,,0
ring,2021-01-14,4.053789489698983,118
campus,2021-01-15,,0
ring,2021-01-15,8.067669868469238,7
campus,2021-01-16,,0
ring,2021-01-16,,0
campus,2021-01-17,,0
ring,2021-01-17,,0
campus,2021-01-18,,0
ring,2021-01-18,1.4143450260162354,2
campus,2021-01-19,,0
ring,2021-01-19,,0
campus,2021-01-20,,0
ring,2021-01-20,46.522704580431125,259
campus,2021-01-21,,0
ring,2021-01-21,26.613213909560926,272
campus,2021-01-22,,0
ring,2021-01-22,25.696189153438034,229
campus,2021-01-23,3.823874836228325,8
ring,2021-01-23,16.27099470531805,361
campus,2021-01-24,,0
ring,2021-01-24,,0
campus,2021-01-25,,0
ring,2021-01-25,12.33116562742936,8
campus,2021-01-26,,0
ring,2021-01-26,,0
campus,2021-01-27,,0
ring,2021-01-27,51.65389873680401,7
campus,2021-01-28,,0
ring,2021-01-28,36.77420635370547,20
campus,2021-01-29,,0
ring,2021-01-29,20.4851337224311,11
campus,2021-01-30,,0
ring,2021-01-30,,0
campus,2021-01-31,,0
ring,2021-01-31,,0
campus,2021-02-01,,0
ring,2021-02-01,43.151900948718705,16
campus,2021-02-02,,0
ring,2021-02-02,8.883617454721326,68
campus,2021-02-03,,0
ring,2021-02-03,14.658347275381821,90
campus,2021-02-04,,0
ring,2021-02-04,8.535035967826843,4
campus,2021-02-05,,0
ring,2021-02-05,7.165476764494304,19
campus,2021-02-06,,0
ring,2021-02-06,21.766636309819397,9
campus,2021-02-07,,0
ring,2021-02-07,2.759259730577469,8
campus,2021-02-08,,0
ring,2021-02-08,,0
campus,2021-02-09,,0
ring,2021-02-09,3.8240324513484745,38
campus,2021-02-10,,0
ring,2021-02-10,,0
campus,2021-02-11,,0
ring,2021-02-11,10.224126889445497,9
campus,2021-02-12,,0
ring,2021-02-12,27.26285566285599,3
campus,2021-02-13,,0
ring,2021-02-13,11.754892349243164,4
campus,2021-02-14,,0
ring,2021-02-14,274.21400451660156,3
campus,2021-02-15,,0
ring,2021-02-15,,0
campus,2021-02-16,,0
ring,2021-02-16,,0
campus,2021-02-17,,0
ring,2021-02-17,4.6865622939133065,4
campus,2021-02-18,,0
ring,2021-02-18,23.12404441833496,1
campus,2021-02-19,,0
ring,2021-02-19,6.544739671158157,17
campus,2021-02-20,,0
ring,2021-02-20,54.27066731511181,17
campus,2021-02-21,,0
ring,2021-02-21,,0
campus,2021-02-22,,0
ring,2021-02-22,,0
campus,2021-02-23,,0
ring,2021-02-23,11.032726047053188,86
campus,2021-02-24,,0
ring,2021-02-24,22.40049385704389,33
campus,2021-02-25,,0
ring,2021-02-25,41.35414972376428,199
campus,2021-02-26,,0
ring,2021-02-26,42.28977456800528,235
campus,2021-02-27,,0
ring,2021-02-27,41.96059728197264,268
campus,2021-02-28,,0
ring,2021-02-28,,0
campus,2021-03-01,,0
ring,2021-03-01,38.51263777639668,330
campus,2021-03-02,,0
ring,2021-03-02,38.67163158036854,371
campus,2021-03-03,5.265193462371826,1
ring,2021-03-03,21.75800131599696,643
campus,2021-03-04,,0
ring,2021-03-04,6.886780079382115,40
campus,2021-03-05,,0
ring,2021-03-05,23.308409415847773,869
campus,2021-03-06,3.5642809328043232,6
ring,2021-03-06,19.88668337133297,1097
campus,2021-03-07,,0
ring,2021-03-07,23.32876851444358,1001
campus,2021-03-08,,0
ring,2021-03-08,,0
campus,2021-03-09,,0
ring,2021-03-09,,0
campus,2021-03-10,,0
ring,2021-03-10,,0
campus,2021-03-11,,0
ring,2021-03-11,1.3416450630452448,10
campus,2021-03-12,,0
ring,2021-03-12,16.524112014211784,486
campus,2021-03-13,2.02983110269356,12
ring,2021-03-13,11.993126741398093,1649
campus,2021-03-14,2.507341593810046,12
ring,2021-03-14,12.76986424561211,1623
campus,2021-03-15,,0
ring,2021-03-15,,0
campus,2021-03-16,,0
ring,2021-03-16,3.648337936244855,13
campus,2021-03-17,,0
ring,2021-03-17,2.0317530998816857,13
campus,2021-03-18,,0
ring,2021-03-18,,0
campus,2021-03-19,2.471013633143,12
ring,2021-03-19,13.947573400716514,1631
campus,2021-03-20,2.9808241548547114,12
ring,2021-03-20,15.349663922966215,1601
campus,2021-03-21,3.489609134631331,12
ring,2021-03-21,14.300098862655691,1640
campus,2021-03-22,3.955003734897165,4
ring,2021-03-22,12.061304917343548,1193
campus,2021-03-23,,0
ring,2021-03-23,18.17996791940081,563
campus,2021-03-24,4.195138162558841,3
ring,2021-03-24,6.06441648508239,103
campus,2021-03-25,6.126265439820322,5
ring,2021-03-25,7.066332441269589,77
campus,2021-03-26,,0
ring,2021-03-26,7.017496069272359,12
campus,2021-03-27,,0
ring,2021-03-27,18.670445379997705,78
campus,2021-03-28,,0
ring,2021-03-28,19.838791887139124,369
campus,2021-03-29,1.0654042385540066,11
ring,2021-03-29,13.912904972182057,1427
campus,2021-03-30,1.431937131546689,11
ring,2021-03-30,14.958321606443173,1449
campus,2021-03-31,2.7884975343413942,12
ring,2021-03-31,15.073935606261102,1506
campus,2021-04-01,2.1539996479517054,12
ring,2021-04-01,14.220015215385448,1478
campus,2021-04-02,2.365906508919461,12
ring,2021-04-02,13.46131576856877,1520
campus,2021-04-03,4.317590148864445,9
ring,2021-04-03,20.583074549803612,239
campus,2021-04-04,3.6826233133659763,12
ring,2021-04-04,15.1486053216436,1320
campus,2021-04-05,,0
ring,2021-04-05,12.515469683510617,546
campus,2021-04-06,,0
ring,2021-04-06,,0
campus,2021-04-07,,0
ring,2021-04-07,4.160134732202671,19
campus,2021-04-08,,0
ring,2021-04-08,2.606537843736943,21
campus,2021-04-09,,0
ring,2021-04-09,4.142007958892917,267
campus,2021-04-10,,0
ring,2021-04-10,16.38321140361436,466
campus,2021-04-11,1.7925547589552286,12
ring,2021-04-11,8.936743352546154,1133
campus,2021-04-12,,0
ring,2021-04-12,,0
campus,2021-04-13,1.903201535858917,12
ring,2021-04-13,13.662728411721988,1647
campus,2021-04-14,1.938943299036178,12
ring,2021-04-14,12.676882439978042,1648
campus,2021-04-15,,0
ring,2021-04-15,2.689724267138391,8
campus,2021-04-16,2.688513379137056,12
ring,2021-04-16,15.16477810758486,1649
campus,2021-04-17,2.588218533803547,12
ring,2021-04-17,13.347071786369785,1649
campus,2021-04-18,,0
ring,2021-04-18,16.17565924364461,242
campus,2021-04-19,2.819155685707969,12
ring,2021-04-19,9.473237006828473,966
campus,2021-04-20,3.4194400550254596,8
ring,2021-04-20,10.551805930259004,805
campus,2021-04-21,3.338073002456299,8
ring,2021-04-21,13.872959938476937,302
campus,2021-04-22,3.037826912649443,8
ring,2021-04-22,15.206552497570419,1511
campus,2021-04-23,2.4017402039242848,8
ring,2021-04-23,12.342632200089986,1439
campus,2021-04-24,,0
ring,2021-04-24,,0
campus,2021-04-25,,0
ring,2021-04-25,12.980928295895326,21
campus,2021-04-26,,0
ring,2021-04-26,,0
campus,2021-04-27,,0
ring,2021-04-27,,0
campus,2021-04-28,,0
ring,2021-04-28,,0
campus,2021-04-29,,0
ring,2021-04-29,,0
campus,2021-04-30,3.0473864744950045,8
ring,2021-04-30,13.550275314265935,1045
campus,2021-05-01,2.394290914394759,8
ring,2021-05-01,14.449509350688995,1536
campus,2021-05-02,,0
ring,2021-05-02,16.683887484111533,233
campus,2021-05-03,,0
ring,2021-05-03,6.23321135844714,140
campus,2021-05-04,1.625729216970641,8
ring,2021-05-04,11.091717965998463,844
campus,2021-05-05,1.8232766212792415,8
ring,2021-05-05,12.219458629424702,1647
campus,2021-05-06,,0
ring,2021-05-06,,0
campus,2021-05-07,2.929172955095988,8
ring,2021-05-07,16.01109604445624,1648
campus,2021-05-08,9.02450008392334,3
ring,2021-05-08,13.56191342079444,1491
campus,2021-05-09,,0
ring,2021-05-09,,0
campus,2021-05-10,,0
ring,2021-05-10,,0
campus,2021-05-11,4.330207993213396,2
ring,2021-05-11,11.577513489821532,758
campus,2021-05-12,2.4961878619950637,8
ring,2021-05-12,14.593674838021432,1648
campus,2021-05-13,3.0417118382629873,8
ring,2021-05-13,15.479610153584545,1647
campus,2021-05-14,2.2598211699306305,8
ring,2021-05-14,13.405233002489013,1646
campus,2021-05-15,,0
ring,2021-05-15,,0
campus,2021-05-16,,0
ring,2021-05-16,2.2077922702586426,7
campus,2021-05-17,,0
ring,2021-05-17,,0
campus,2021-05-18,2.8123005582397713,8
ring,2021-05-18,13.813457843040851,1451
campus,2021-05-19,,0
ring,2021-05-19,,0
campus,2021-05-20,,0
ring,2021-05-20,,0
campus,2021-05-21,1.8062856543767933,8
ring,2021-05-21,12.206204691352887,1445
campus,2021-05-22,,0
ring,2021-05-22,3.063337667014009,2
campus,2021-05-23,2.519938790820182,8
ring,2021-05-23,15.670771118241962,1403
campus,2021-05-24,,0
ring,2021-05-24,7.162991046905518,1
campus,2021-05-25,,0
ring,2021-05-25,,0
campus,2021-05-26,,0
ring,2021-05-26,,0
campus,2021-05-27,1.9054061142236054,7
ring,2021-05-27,13.778146628347642,1466
campus,2021-05-28,,0
ring,2021-05-28,,0
campus,2021-05-29,,0
ring,2021-05-29,,0
campus,2021-05-30,,0
ring,2021-05-30,,0
campus,2021-05-31,,0
ring,2021-05-31,,0
campus,2021-06-01,1.9181235470376201,12
ring,2021-06-01,13.928670174854352,1495
campus,2021-06-02,3.150552239617953,12
ring,2021-06-02,13.725062165928666,951
campus,2021-06-03,,0
ring,2021-06-03,,0
campus,2021-06-04,,0
ring,2021-06-04,4.533052765965585,4
campus,2021-06-05,1.9142948417765664,12
ring,2021-06-05,13.717304849317575,1306
campus,2021-06-06,1.997688237308499,12
ring,2021-06-06,13.789412867484398,1280
campus,2021-06-07,,0
ring,2021-06-07,,0
campus,2021-06-08,,0
ring,2021-06-08,,0
campus,2021-06-09,,0
ring,2021-06-09,2.2181491070129624,50
campus,2021-06-10,,0
ring,2021-06-10,,0
campus,2021-06-11,1.9974742048452412,12
ring,2021-06-11,14.17235316714768,1319
campus,2021-06-12,2.7214461470373394,12
ring,2021-06-12,14.350326868980835,1627
campus,2021-06-13,1.9134794216300635,12
ring,2021-06-13,15.566721091318158,1646
campus,2021-06-14,,0
ring,2021-06-14,,0
campus,2021-06-15,,0
ring,2021-06-15,,0
campus,2021-06-16,1.8494454844523287,12
ring,2021-06-16,13.66898649259115,1646
campus,2021-06-17,1.7725982398033995,12
ring,2021-06-17,13.145516412319424,1644
campus,2021-06-18,,0
ring,2021-06-18,,0
campus,2021-06-19,,0
ring,2021-06-19,,0
campus,2021-06-20,,0
ring,2021-06-20,,0
campus,2021-06-21,,0
ring,2021-06-21,,0
campus,2021-06-22,3.765416715456092,2
ring,2021-06-22,13.895838965494933,1290
campus,2021-06-23,1.7965249964214671,12
ring,2021-06-23,13.185065102406817,1447
campus,2021-06-24,2.1310284381248823,12
ring,2021-06-24,15.425358512997821,1320
campus,2021-06-25,,0
ring,2021-06-25,,0
campus,2021-06-26,,0
ring,2021-06-26,,0
campus,2021-06-27,3.10792925923913,6
ring,2021-06-27,12.33657828589315,548
campus,2021-06-28,,0
ring,2021-06-28,,0
campus,2021-06-29,,0
ring,2021-06-29,19.814510726588797,60
campus,2021-06-30,,0
ring,2021-06-30,10.59441065788269,47
campus,2021-07-01,,0
ring,2021-07-01,,0
campus,2021-07-02,2.205809993684345,12
ring,2021-07-02,12.523227827908224,1208
campus,2021-07-03,2.7340278112920244,12
ring,2021-07-03,13.272873970449862,1501
campus,2021-07-04,4.364387124666869,8
ring,2021-07-04,15.755992436753756,1085
campus,2021-07-05,,0
ring,2021-07-05,3.673345685005188,10
campus,2021-07-06,,0
ring,2021-07-06,11.014560912353135,41
campus,2021-07-07,3.189624012307084,5
ring,2021-07-07,3.141010757214294,45
campus,2021-07-08,,0
ring,2021-07-08,3.068379492989038,53
campus,2021-07-09,2.6616840131608326,8
ring,2021-07-09,12.74798859863696,1646
campus,2021-07-10,3.2389224302423663,12
ring,2021-07-10,14.498402732808763,1649
campus,2021-07-11,,0
ring,2021-07-11,,0
campus,2021-07-12,,0
ring,2021-07-12,2.9008115988109675,19
campus,2021-07-13,,0
ring,2021-07-13,,0
campus,2021-07-14,,0
ring,2021-07-14,10.489380754229828,444
campus,2021-07-15,,0
ring,2021-07-15,,0
campus,2021-07-16,4.389482021331787,2
ring,2021-07-16,14.207187179977387,855
campus,2021-07-17,7.806222256469727,6
ring,2021-07-17,10.611836746312557,543
campus,2021-07-18,2.8725629283933185,8
ring,2021-07-18,13.154904779858413,1648
campus,2021-07-19,6.124243548435479,8
ring,2021-07-19,11.751547750535842,1642
campus,2021-07-20,5.763934444237458,8
ring,2021-07-20,13.836997609749279,1622
campus,2021-07-21,6.3072500737923685,2
ring,2021-07-21,18.511545015220843,55
campus,2021-07-22,8.143304770346731,7
ring,2021-07-22,22.473701545710206,1016
campus,2021-07-23,,0
ring,2021-07-23,14.095276113755018,658
campus,2021-07-24,4.1746142189881015,8
ring,2021-07-24,13.125259173448844,1531
campus,2021-07-25,2.1770650126397393,8
ring,2021-07-25,13.386450418223045,1529
campus,2021-07-26,2.1761015389678224,8
ring,2021-07-26,15.118735971393203,1455
campus,2021-07-27,5.767162061705361,8
ring,2021-07-27,13.10824773957872,1435
campus,2021-07-28,5.340714198636833,8
ring,2021-07-28,10.990983333271114,1448
campus,2021-07-29,,0
ring,2021-07-29,,0
campus,2021-07-30,,0
ring,2021-07-30,14.884360447128548,744
campus,2021-07-31,4.6062577061107675,8
ring,2021-07-31,15.367267955442014,1492
campus,2021-08-01,7.940248416358695,8
ring,2021-08-01,14.681966161542888,1514
campus,2021-08-02,3.2901677610249536,8
ring,2021-08-02,14.116639193537049,1520
campus,2021-08-03,,0
ring,2021-08-03,,0
campus,2021-08-04,,0
ring,2021-08-04,,0
campus,2021-08-05,5.662121143728164,8
ring,2021-08-05,13.162140491273828,1643
campus,2021-08-06,,0
ring,2021-08-06,,0
campus,2021-08-07,9.396944398809625,8
ring,2021-08-07,11.387475627729469,1112
campus,2021-08-08,,0
ring,2021-08-08,,0
campus,2021-08-09,,0
ring,2021-08-09,,0
campus,2021-08-10,4.743077440015504,8
ring,2021-08-10,10.748282686122485,838
campus,2021-08-11,,0
ring,2021-08-11,3.2719185935792963,166
campus,2021-08-12,2.4261255975798925,8
ring,2021-08-12,12.00718933097881,1571
campus,2021-08-13,,0
ring,2021-08-13,,0
campus,2021-08-14,2.304653103941041,8
ring,2021-08-14,13.168151551546211,1646
campus,2021-08-15,2.135259687240713,8
ring,2021-08-15,13.025262901627228,1648
campus,2021-08-16,2.6860511637261872,8
ring,2021-08-16,14.434537454344134,1618
campus,2021-08-17,3.745458448944936,8
ring,2021-08-17,15.279125854233401,1620
campus,2021-08-18,3.234932070508654,8
ring,2021-08-18,12.843693036289645,1093
campus,2021-08-19,3.393814945352913,8
ring,2021-08-19,13.127573247287357,1595
campus,2021-08-20,,0
ring,2021-08-20,15.094166138367832,1074
campus,2021-08-21,4.081891594997632,8
ring,2021-08-21,13.593102856474305,1530
campus,2021-08-22,7.44713351665399,2
ring,2021-08-22,11.812050851354774,730
campus,2021-08-23,3.128269102726998,12
ring,2021-08-23,13.652576419823955,1507
campus,2021-08-24,,0
ring,2021-08-24,16.540488166925165,778
campus,2021-08-25,1.652552361584316,11
ring,2021-08-25,13.601188790587889,1327
campus,2021-08-26,3.0413838445750727,12
ring,2021-08-26,13.625487077870098,1518
campus,2021-08-27,,0
ring,2021-08-27,19.08802674716485,81
campus,2021-08-28,4.304494009187132,12
ring,2021-08-28,16.307147099809693,1432
campus,2021-08-29,4.187703109977341,11
ring,2021-08-29,12.23789019553607,829
campus,2021-08-30,2.008537906335961,12
ring,2021-08-30,13.356903977043153,1499
campus,2021-08-31,2.8141463107866853,12
ring,2021-08-31,12.464548831024334,1505
campus,2021-09-01,2.979681777686966,12
ring,2021-09-01,14.435221363002137,1515
campus,2021-09-02,3.553095500119706,12
ring,2021-09-02,14.856118563500736,1511
campus,2021-09-03,,0
ring,2021-09-03,9.960778580576765,10
campus,2021-09-04,,0
ring,2021-09-04,,0
campus,2021-09-05,2.312814275201073,12
ring,2021-09-05,12.286635711536984,1648
campus,2021-09-06,3.0961136278095482,12
ring,2021-09-06,13.270676404058795,1647
campus,2021-09-07,4.493584629031947,10
ring,2021-09-07,14.247365927083687,1590
campus,2021-09-08,2.743311648052725,12
ring,2021-09-08,13.105712948615986,1649
campus,2021-09-09,3.1708295228434547,12
ring,2021-09-09,13.25070514098957,1604
campus,2021-09-10,4.119958264709744,12
ring,2021-09-10,12.357193473436075,1647
campus,2021-09-11,2.8634780439453413,12
ring,2021-09-11,13.45066748506253,1647
campus,2021-09-12,6.667007865192734,3
ring,2021-09-12,10.419932568154568,1006
campus,2021-09-13,,0
ring,2021-09-13,2.688733178721743,19
campus,2021-09-14,,0
ring,2021-09-14,,0
campus,2021-09-15,2.313130730006542,12
ring,2021-09-15,13.042455092364388,1648
campus,2021-09-16,2.829095932281987,12
ring,2021-09-16,13.052531173838014,1649
campus,2021-09-17,2.5674796344853257,12
ring,2021-09-17,14.01513849955589,1531
campus,2021-09-18,3.5067970975329117,12
ring,2021-09-18,14.039431607102834,1648
campus,2021-09-19,,0
ring,2021-09-19,20.63874254515503,750
campus,2021-09-20,,0
ring,2021-09-20,,0
campus,2021-09-21,,0
ring,2021-09-21,,0
campus,2021-09-22,,0
ring,2021-09-22,,0
campus,2021-09-23,3.969145826167531,10
ring,2021-09-23,15.511857652167595,489
campus,2021-09-24,1.871327940934624,12
ring,2021-09-24,13.768188860721072,1435
campus,2021-09-25,,0
ring,2021-09-25,,0
campus,2021-09-26,1.8784337175103911,12
ring,2021-09-26,13.54250255462996,1403
campus,2021-09-27,3.6899912933898134,12
ring,2021-09-27,15.105649469695205,1426
campus,2021-09-28,2.2452284025322276,12
ring,2021-09-28,15.565233171615471,1460
campus,2021-09-29,2.99824264781927,12
ring,2021-09-29,15.610194631165305,1281
campus,2021-09-30,2.8517547098973663,12
ring,2021-09-30,12.273710891519414,1507
campus,2021-10-01,2.9677039715422313,12
ring,2021-10-01,13.85420892947007,1422
campus,2021-10-02,,0
ring,2021-10-02,47.55118144642223,11
campus,2021-10-03,,0
ring,2021-10-03,,0
campus,2021-10-04,,0
ring,2021-10-04,,0
campus,2021-10-05,,0
ring,2021-10-05,,0
campus,2021-10-06,,0
ring,2021-10-06,11.209759503812952,101
campus,2021-10-07,,0
ring,2021-10-07,,0
campus,2021-10-08,4.961040019989014,1
ring,2021-10-08,14.316731606263088,305
campus,2021-10-09,8.684038162231445,1
ring,2021-10-09,3.9324853416295977,203
campus,2021-10-10,,0
ring,2021-10-10,,0
campus,2021-10-11,,0
ring,2021-10-11,7.033468399590656,365
campus,2021-10-12,,0
ring,2021-10-12,,0
campus,2021-10-13,2.4528482726085534,12
ring,2021-10-13,10.69629082580416,1246
campus,2021-10-14,,0
ring,2021-10-14,,0
campus,2021-10-15,2.728689746919021,12
ring,2021-10-15,13.397822200794074,1648
campus,2021-10-16,2.079798565302688,12
ring,2021-10-16,12.332015204841099,1644
campus,2021-10-17,2.1455365630870227,12
ring,2021-10-17,12.859792947891819,1518
campus,2021-10-18,2.0332029703952355,12
ring,2021-10-18,12.409126670875189,1503
campus,2021-10-19,1.483770534771831,12
ring,2021-10-19,13.145028416556078,1500
campus,2021-10-20,,0
ring,2021-10-20,16.840503250702675,659
campus,2021-10-21,3.5194827501847303,12
ring,2021-10-21,12.672024521036667,1012
campus,2021-10-22,1.466424352918882,10
ring,2021-10-22,12.443822752018848,1394
campus,2021-10-23,2.041296577475875,12
ring,2021-10-23,11.999534080820482,1038
campus,2021-10-24,1.513290784968217,11
ring,2021-10-24,12.896435498757437,1493
campus,2021-10-25,,0
ring,2021-10-25,,0
campus,2021-10-26,,0
ring,2021-10-26,11.1343926349071,409
campus,2021-10-27,2.3519949597187693,4
ring,2021-10-27,15.139252763097074,690
campus,2021-10-28,,0
ring,2021-10-28,,0
campus,2021-10-29,,0
ring,2021-10-29,,0
campus,2021-10-30,,0
ring,2021-10-30,,0
campus,2021-10-31,2.478049935858234,12
ring,2021-10-31,14.149974605806332,1531
campus,2021-11-01,2.5377570725733944,12
ring,2021-11-01,12.931628048130301,1638
campus,2021-11-02,,0
ring,2021-11-02,,0
campus,2021-11-03,2.173050474385922,12
ring,2021-11-03,12.991090017720376,1648
campus,2021-11-04,2.5922985072452045,12
ring,2021-11-04,14.774760017307532,1648
campus,2021-11-05,3.6676505622632254,12
ring,2021-11-05,14.592761134340629,1649
campus,2021-11-06,,0
ring,2021-11-06,,0
campus,2021-11-07,2.1006902949371486,12
ring,2021-11-07,13.093216593944536,1643
campus,2021-11-08,2.3761623241876917,12
ring,2021-11-08,13.094733939692278,1648
campus,2021-11-09,,0
ring,2021-11-09,,0
campus,2021-11-10,3.480255820170171,12
ring,2021-11-10,15.171428355849518,1639
campus,2021-11-11,,0
ring,2021-11-11,2.664943580373019,8
campus,2021-11-12,3.1298200586596794,12
ring,2021-11-12,11.93752931586149,1158
campus,2021-11-13,,0
ring,2021-11-13,,0
campus,2021-11-14,,0
ring,2021-11-14,,0
campus,2021-11-15,3.198642752083744,12
ring,2021-11-15,15.610600367076334,1474
campus,2021-11-16,3.201783828708639,12
ring,2021-11-16,17.76626089027297,1294
campus,2021-11-17,,0
ring,2021-11-17,,0
campus,2021-11-18,1.363772959416541,11
ring,2021-11-18,14.60706237978727,1419
campus,2021-11-19,,0
ring,2021-11-19,,0
campus,2021-11-20,,0
ring,2021-11-20,,0
campus,2021-11-21,,0
ring,2021-11-21,15.13131300310724,157
campus,2021-11-22,2.584773659038277,12
ring,2021-11-22,12.815389306383445,1199
campus,2021-11-23,,0
ring,2021-11-23,17.57354604018416,413
campus,2021-11-24,2.171298035052644,12
ring,2021-11-24,14.005047757472697,1441
campus,2021-11-25,,0
ring,2021-11-25,,0
campus,2021-11-26,3.025189986082019,12
ring,2021-11-26,15.673840827575946,1489
campus,2021-11-27,,0
ring,2021-11-27,5.95914127367345,151
campus,2021-11-28,,0
ring,2021-11-28,16.331245059092627,118
campus,2021-11-29,,0
ring,2021-11-29,16.173089379315478,1096
campus,2021-11-30,2.1505877638842654,12
ring,2021-11-30,12.22989272774461,1647
campus,2021-12-01,,0
ring,2021-12-01,,0
campus,2021-12-02,,0
ring,2021-12-02,,0
campus,2021-12-03,,0
ring,2021-12-03,,0
campus,2021-12-04,,0
ring,2021-12-04,12.161076138809813,360
campus,2021-12-05,,0
ring,2021-12-05,,0
campus,2021-12-06,2.1579482900439637,12
ring,2021-12-06,11.004852509890362,1390
campus,2021-12-07,3.913023744533266,12
ring,2021-12-07,16.28731645191582,1566
campus,2021-12-08,,0
ring,2021-12-08,,0
campus,2021-12-09,,0
ring,2021-12-09,,0
campus,2021-12-10,,0
ring,2021-12-10,,0
campus,2021-12-11,,0
ring,2021-12-11,1.0531819779513698,179
campus,2021-12-12,3.6350957917677373,12
ring,2021-12-12,17.19744313134903,1628
campus,2021-12-13,2.687054927053016,12
ring,2021-12-13,14.129007182165202,1316
campus,2021-12-14,2.11509723500876,11
ring,2021-12-14,14.171725435339182,1484
campus,2021-12-15,,0
ring,2021-12-15,,0
campus,2021-12-16,8.594526221312167,3
ring,2021-12-16,12.918752642949002,1311
campus,2021-12-17,2.1139794672681957,12
ring,2021-12-17,17.448710672374293,1469
campus,2021-12-18,,0
ring,2021-12-18,,0
campus,2021-12-19,,0
ring,2021-12-19,33.210147857666016,5
campus,2021-12-20,,0
ring,2021-12-20,27.188491088983138,137
campus,2021-12-21,1.7780080063670292,12
ring,2021-12-21,14.994631368032321,1470
campus,2021-12-22,3.1388615321934945,12
ring,2021-12-22,16.189124166300722,1501
campus,2021-12-23,,0
ring,2021-12-23,14.106243982546424,383
campus,2021-12-24,,0
ring,2021-12-24,,0
campus,2021-12-25,,0
ring,2021-12-25,,0
campus,2021-12-26,2.22226639076664,12
ring,2021-12-26,14.318267366885953,1485
campus,2021-12-27,7.617937751082391,3
ring,2021-12-27,5.297860252076424,376
campus,2021-12-28,,0
ring,2021-12-28,,0
campus,2021-12-29,2.3519814014434814,1
ring,2021-12-29,1.6691025850870578,50
campus,2021-12-30,,0
ring,2021-12-30,5.736170835057721,10
campus,2022-01-01,,0
ring,2022-01-01,,0
campus,2022-01-02,,0
ring,2022-01-02,,0
campus,2022-01-03,,0
ring,2022-01-03,5.674527934132191,100
campus,2022-01-04,,0
ring,2022-01-04,,0
campus,2022-01-05,,0
ring,2022-01-05,11.034319772362446,3
campus,2022-01-06,,0
ring,2022-01-06,11.9988675445539,25
campus,2022-01-07,,0
ring,2022-01-07,9.4167308482181,17
campus,2022-01-08,,0
ring,2022-01-08,,0
campus,2022-01-09,,0
ring,2022-01-09,,0
campus,2022-01-10,,0
ring,2022-01-10,,0
campus,2022-01-11,3.23435640335083,1
ring,2022-01-11,10.14372331304486,15
campus,2022-01-12,,0
ring,2022-01-12,12.878162511795955,91
campus,2022-01-13,,0
ring,2022-01-13,22.041556315111798,19
campus,2022-01-14,,0
ring,2022-01-14,10.5262157311205,7
campus,2022-01-15,,0
ring,2022-01-15,,0
campus,2022-01-16,4.1702627752975365,8
ring,2022-01-16,24.572747184162196,1161
campus,2022-01-17,,0
ring,2022-01-17,21.58912808191054,62
campus,2022-01-18,,0
ring,2022-01-18,28.052871996132623,99
campus,2022-01-19,2.507837315856044,8
ring,2022-01-19,14.441799518577618,1256
campus,2022-01-20,3.228226708510105,8
ring,2022-01-20,22.22270390490775,1328
campus,2022-01-21,5.843236881201384,4
ring,2022-01-21,13.351558362074131,693
campus,2022-01-22,,0
ring,2022-01-22,34.085708290680614,240
campus,2022-01-23,,0
ring,2022-01-23,,0
campus,2022-01-24,,0
ring,2022-01-24,3.3396255974886846,7
campus,2022-01-25,,0
ring,2022-01-25,6.897424178123475,20
campus,2022-01-26,,0
ring,2022-01-26,30.897681750394494,44
campus,2022-01-27,,0
ring,2022-01-27,,0
campus,2022-01-28,,0
ring,2022-01-28,87.65543106864763,25
campus,2022-01-29,,0
ring,2022-01-29,84.5767468292819,8
campus,2022-01-30,,0
ring,2022-01-30,42.85026221979199,36
campus,2022-01-31,,0
ring,2022-01-31,4.435678958892822,2
campus,2022-02-01,,0
ring,2022-02-01,,0
campus,2022-02-02,,0
ring,2022-02-02,,0
campus,2022-02-03,,0
ring,2022-02-03,,0
campus,2022-02-04,6.497419843041485,12
ring,2022-02-04,26.554639502608538,406
campus,2022-02-05,18.436467802045954,12
ring,2022-02-05,37.03864028807143,1227
campus,2022-02-06,,0
ring,2022-02-06,9.849456787109375,2
campus,2022-02-07,,0
ring,2022-02-07,0.7016898127923529,20
campus,2022-02-08,,0
ring,2022-02-08,7.061686246099214,36
campus,2022-02-09,7.418545375685066,12
ring,2022-02-09,17.069174983949413,1529
campus,2022-02-10,,0
ring,2022-02-10,,0
campus,2022-02-11,,0
ring,2022-02-11,,0
campus,2022-02-12,,0
ring,2022-02-12,11.115704203354774,10
campus,2022-02-13,11.22867655013659,4
ring,2022-02-13,11.114228847478213,47
campus,2022-02-14,14.2450922438817,4
ring,2022-02-14,31.56108736076715,497
campus,2022-02-15,,0
ring,2022-02-15,,0
campus,2022-02-16,,0
ring,2022-02-16,,0
campus,2022-02-17,,0
ring,2022-02-17,,0
campus,2022-02-18,8.551928435431586,8
ring,2022-02-18,35.418799344196806,1029
campus,2022-02-19,16.86448938524401,7
ring,2022-02-19,71.79320842418007,748
campus,2022-02-20,8.672524524377842,11
ring,2022-02-20,24.657763610340048,1402
campus,2022-02-21,,0
ring,2022-02-21,,0
campus,2022-02-22,3.349292278289795,1
ring,2022-02-22,3.5521404182900733,114
campus,2022-02-23,7.211992003023624,3
ring,2022-02-23,19.52403697566301,301
campus,2022-02-24,,0
ring,2022-02-24,5.61269995319101,19
campus,2022-02-25,,0
ring,2022-02-25,43.61222436211326,11
campus,2022-02-26,,0
ring,2022-02-26,81.59724582617946,225
campus,2022-02-27,,0
ring,2022-02-27,51.13516554085521,410
campus,2022-02-28,,0
ring,2022-02-28,17.498750377587,395
campus,2022-03-01,,0
ring,2022-03-01,,0
campus,2022-03-02,4.731094932689721,12
ring,2022-03-02,13.026327196723825,1431
campus,2022-03-03,,0
ring,2022-03-03,,0
campus,2022-03-04,,0
ring,2022-03-04,2.4304771423339844,1
campus,2022-03-05,,0
ring,2022-03-05,,0
campus,2022-03-06,6.043593324087805,12
ring,2022-03-06,13.205497363539175,622
campus,2022-03-07,,0
ring,2022-03-07,,0
campus,2022-03-08,9.170801233955906,12
ring,2022-03-08,24.70848926948905,1572
campus,2022-03-09,,0
ring,2022-03-09,20.150521352239547,447
campus,2022-03-10,5.1575310095173785,8
ring,2022-03-10,11.292494662236223,755
campus,2022-03-11,,0
ring,2022-03-11,,0
campus,2022-03-12,9.493298439529877,12
ring,2022-03-12,18.660079485202996,1501
campus,2022-03-13,,0
ring,2022-03-13,10.313125156723695,43
campus,2022-03-14,,0
ring,2022-03-14,,0
campus,2022-03-15,6.983125884771126,12
ring,2022-03-15,15.241336462142002,1083
campus,2022-03-16,6.09445538751635,11
ring,2022-03-16,14.567201664694611,1452
campus,2022-03-17,6.920618365347442,12
ring,2022-03-17,13.707067166704258,1376
campus,2022-03-18,,0
ring,2022-03-18,21.145767428156496,73
campus,2022-03-19,,0
ring,2022-03-19,17.177470580880712,34
campus,2022-03-20,4.597087116363721,11
ring,2022-03-20,10.958013941715386,1332
campus,2022-03-21,,0
ring,2022-03-21,,0
campus,2022-03-22,,0
ring,2022-03-22,,0
campus,2022-03-23,,0
ring,2022-03-23,,0
campus,2022-03-24,,0
ring,2022-03-24,,0
campus,2022-03-25,,0
ring,2022-03-25,3.0678987522886914,8
campus,2022-03-26,,0
ring,2022-03-26,,0
campus,2022-03-27,8.003408648609337,12
ring,2022-03-27,15.09372870999346,1648
campus,2022-03-28,6.299177250385731,12
ring,2022-03-28,16.36947623977689,1648
campus,2022-03-29,,0
ring,2022-03-29,,0
campus,2022-03-30,,0
ring,2022-03-30,4.996390391369255,5
campus,2022-03-31,,0
ring,2022-03-31,,0
campus,2022-04-01,,0
ring,2022-04-01,,0
campus,2022-04-02,5.839736461639404,1
ring,2022-04-02,12.862364224909483,1246
campus,2022-04-03,7.281622189878862,12
ring,2022-04-03,19.978687101948616,1165
campus,2022-04-04,,0
ring,2022-04-04,,0
campus,2022-04-05,,0
ring,2022-04-05,,0
campus,2022-04-06,,0
ring,2022-04-06,,0
campus,2022-04-07,,0
ring,2022-04-07,1.9172353819039414,12
campus,2022-04-08,,0
ring,2022-04-08,3.3273800457726646,4
campus,2022-04-09,,0
ring,2022-04-09,8.10974216097047,599
campus,2022-04-10,3.3111266347707495,11
ring,2022-04-10,14.72341913000161,1481
campus,2022-04-11,10.824682849684574,12
ring,2022-04-11,15.133755056847807,1475
campus,2022-04-12,7.884701520232371,12
ring,2022-04-12,14.570502938802294,1481
campus,2022-04-13,,0
ring,2022-04-13,,0
campus,2022-04-14,5.045209278828568,10
ring,2022-04-14,15.439324522826038,1431
campus,2022-04-15,7.46892358052408,12
ring,2022-04-15,15.50535996041078,1474
campus,2022-04-16,3.4130357944677554,10
ring,2022-04-16,15.309918107014942,1456
campus,2022-04-17,3.4855473547005187,11
ring,2022-04-17,15.313741275088672,1414
campus,2022-04-18,,0
ring,2022-04-18,,0
campus,2022-04-19,10.990872483809017,4
ring,2022-04-19,10.286310115988503,83
campus,2022-04-20,,0
ring,2022-04-20,,0
campus,2022-04-21,3.5562751293182373,1
ring,2022-04-21,3.940825478485452,4
campus,2022-04-22,6.042890734558176,8
ring,2022-04-22,14.656266580227333,1484
campus,2022-04-23,,0
ring,2022-04-23,11.402962047988396,31
campus,2022-04-24,,0
ring,2022-04-24,,0
campus,2022-04-25,,0
ring,2022-04-25,2.284717729678145,77
campus,2022-04-26,,0
ring,2022-04-26,,0
campus,2022-04-27,6.711877777127763,8
ring,2022-04-27,14.666651546107058,1037
campus,2022-04-28,,0
ring,2022-04-28,,0
campus,2022-04-29,,0
ring,2022-04-29,13.091698312387733,595
campus,2022-04-30,,0
ring,2022-04-30,,0
campus,2022-05-01,,0
ring,2022-05-01,2.8260473012924194,4
campus,2022-05-02,,0
ring,2022-05-02,1.8771781737987814,5
campus,2022-05-03,,0
ring,2022-05-03,,0
campus,2022-05-04,2.614764928817749,8
ring,2022-05-04,13.106500740864668,1647
campus,2022-05-05,,0
ring,2022-05-05,,0
campus,2022-05-06,,0
ring,2022-05-06,,0
campus,2022-05-07,2.5729425206395535,8
ring,2022-05-07,13.755882154225588,1646
campus,2022-05-08,6.430615363305786,8
ring,2022-05-08,13.617454600021432,1646
campus,2022-05-09,3.1164822967257355,7
ring,2022-05-09,14.297806380241648,1528
campus,2022-05-10,,0
ring,2022-05-10,,0
campus,2022-05-11,11.529791831970215,1
ring,2022-05-11,16.817283762425053,547
campus,2022-05-12,5.152211591326442,8
ring,2022-05-12,14.143215937384095,1469
campus,2022-05-13,6.19595442618831,8
ring,2022-05-13,15.158401756766956,1487
campus,2022-05-14,7.782494322400251,8
ring,2022-05-14,8.88251323482581,357
campus,2022-05-15,,0
ring,2022-05-15,,0
campus,2022-05-16,2.2900576187926043,6
ring,2022-05-16,16.82278012305134,716
campus,2022-05-17,3.845426647225395,7
ring,2022-05-17,14.187781208901367,1476
campus,2022-05-18,,0
ring,2022-05-18,,0
campus,2022-05-19,5.908715540346718,6
ring,2022-05-19,13.799693836508109,1124
campus,2022-05-20,,0
ring,2022-05-20,,0
campus,2022-05-21,,0
ring,2022-05-21,,0
campus,2022-05-22,,0
ring,2022-05-22,,0
campus,2022-05-23,,0
ring,2022-05-23,10.43569914125974,475
campus,2022-05-24,,0
ring,2022-05-24,,0
campus,2022-05-25,,0
ring,2022-05-25,,0
campus,2022-05-26,,0
ring,2022-05-26,,0
campus,2022-05-27,,0
ring,2022-05-27,,0
campus,2022-05-28,3.824282226527308,8
ring,2022-05-28,12.502707498933457,1429
campus,2022-05-29,2.6341237170669864,8
ring,2022-05-29,12.54374420478899,1281
campus,2022-05-30,,0
ring,2022-05-30,,0
campus,2022-05-31,5.385587227759246,12
ring,2022-05-31,17.89740085274359,368
campus,2022-06-01,,0
ring,2022-06-01,3.1173690373850627,97
campus,2022-06-02,,0
ring,2022-06-02,,0
campus,2022-06-03,,0
ring,2022-06-03,15.680086666169538,173
campus,2022-06-04,3.7333541230151535,12
ring,2022-06-04,13.781399476231053,1618
campus,2022-06-05,,0
ring,2022-06-05,,0
campus,2022-06-06,,0
ring,2022-06-06,,0
campus,2022-06-07,,0
ring,2022-06-07,,0
campus,2022-06-08,,0
ring,2022-06-08,,0
campus,2022-06-09,,0
ring,2022-06-09,11.855027653005717,839
campus,2022-06-10,8.246313713364684,12
ring,2022-06-10,14.636609192313374,1515
campus,2022-06-11,,0
ring,2022-06-11,20.717127113647464,91
campus,2022-06-12,,0
ring,2022-06-12,16.350532234120568,406
campus,2022-06-13,,0
ring,2022-06-13,,0
campus,2022-06-14,,0
ring,2022-06-14,10.06519661841415,5
campus,2022-06-15,4.173012230036836,12
ring,2022-06-15,15.024192822681679,1423
campus,2022-06-16,,0
ring,2022-06-16,,0
campus,2022-06-17,,0
ring,2022-06-17,3.6445845663547516,4
campus,2022-06-18,,0
ring,2022-06-18,,0
campus,2022-06-19,7.203458335603358,11
ring,2022-06-19,14.101215995343304,1500
campus,2022-06-20,9.068059713956115,11
ring,2022-06-20,15.03330225522006,1509
campus,2022-06-21,4.071187863854559,10
ring,2022-06-21,15.750172634583217,1499
campus,2022-06-22,9.72645055531905,11
ring,2022-06-22,19.42469294880994,863
campus,2022-06-23,,0
ring,2022-06-23,2.8603053092956543,3
campus,2022-06-24,,0
ring,2022-06-24,,0
campus,2022-06-25,,0
ring,2022-06-25,,0
campus,2022-06-26,,0
ring,2022-06-26,17.222340501017932,18
campus,2022-06-27,4.589931087340765,12
ring,2022-06-27,16.14313414265815,1590
campus,2022-06-28,,0
ring,2022-06-28,,0
campus,2022-06-29,,0
ring,2022-06-29,,0
campus,2022-06-30,8.481914799730234,12
ring,2022-06-30,13.925918678004797,1513
campus,2022-07-01,,0
ring,2022-07-01,,0
campus,2022-07-02,5.386700022337588,12
ring,2022-07-02,15.722518448396357,1569
campus,2022-07-03,,0
ring,2022-07-03,2.824815011154726,16
campus,2022-07-04,,0
ring,2022-07-04,,0
campus,2022-07-05,3.5049140057440615,8
ring,2022-07-05,7.805203915779604,560
campus,2022-07-06,,0
ring,2022-07-06,,0
campus,2022-07-07,4.115954943688594,8
ring,2022-07-07,14.286682678193117,1644
campus,2022-07-08,,0
ring,2022-07-08,9.331247335217663,21
campus,2022-07-09,3.1039435487804994,3
ring,2022-07-09,15.340070707415963,651
campus,2022-07-10,5.189862385007288,8
ring,2022-07-10,12.779509867027462,1648
campus,2022-07-11,2.4985890177343166,8
ring,2022-07-11,12.918705774126634,1644
campus,2022-07-12,2.873649712651968,7
ring,2022-07-12,13.729556729122892,1528
campus,2022-07-13,,0
ring,2022-07-13,,0
campus,2022-07-14,,0
ring,2022-07-14,,0
campus,2022-07-15,4.660786103058565,8
ring,2022-07-15,15.974028436281792,1211
campus,2022-07-16,,0
ring,2022-07-16,10.024748802185059,1
campus,2022-07-17,,0
ring,2022-07-17,,0
campus,2022-07-18,2.4840384240080073,8
ring,2022-07-18,15.07182838161145,1494
campus,2022-07-19,,0
ring,2022-07-19,,0
campus,2022-07-20,,0
ring,2022-07-20,,0
campus,2022-07-21,3.5974216135665498,8
ring,2022-07-21,14.796684520233683,1501
campus,2022-07-22,3.091942092170939,7
ring,2022-07-22,14.35662376046866,1525
campus,2022-07-23,,0
ring,2022-07-23,14.149592585397858,261
campus,2022-07-24,,0
ring,2022-07-24,,0
campus,2022-07-25,,0
ring,2022-07-25,,0
campus,2022-07-26,,0
ring,2022-07-26,,0
campus,2022-08-11,15.616996765136719,1
ring,2022-08-11,4.475776573567605,146
campus,2022-08-12,2.125960285703195,8
ring,2022-08-12,13.607341756150756,1503
campus,2022-08-13,,0
ring,2022-08-13,8.35261946768831,51
campus,2022-08-14,,0
ring,2022-08-14,10.367073059082031,2
campus,2022-08-15,,0
ring,2022-08-15,,0
campus,2022-08-16,2.2573407917192356,5
ring,2022-08-16,13.316302209362501,1474
campus,2022-08-17,4.017989760855349,5
ring,2022-08-17,13.36114961680366,1503
campus,2022-08-18,,0
ring,2022-08-18,11.73152836758304,808
campus,2022-08-19,3.492893441136913,8
ring,2022-08-19,16.445686953204643,1445
campus,2022-08-20,,0
ring,2022-08-20,,0
campus,2022-08-21,3.767475177299269,7
ring,2022-08-21,14.352716241430638,651
campus,2022-08-22,5.963488899658775,11
ring,2022-08-22,13.845505105579688,1518
campus,2022-08-23,,0
ring,2022-08-23,11.533008515290199,296
campus,2022-08-24,4.620936806462393,12
ring,2022-08-24,14.929947834226066,1649
campus,2022-08-25,,0
ring,2022-08-25,,0
campus,2022-08-26,9.98151439500679,12
ring,2022-08-26,11.83737976714247,500
campus,2022-08-27,4.602623003203663,12
ring,2022-08-27,13.09623865849421,1647
campus,2022-08-28,,0
ring,2022-08-28,,0
campus,2022-08-29,5.136190306238768,12
ring,2022-08-29,14.427841350967142,1572
campus,2022-08-30,12.164592998702322,12
ring,2022-08-30,15.547006599366645,1649
campus,2022-08-31,13.834002487688394,12
ring,2022-08-31,15.07011922743664,1649
campus,2022-09-01,12.51518171997854,12
ring,2022-09-01,13.193505151176598,1649
campus,2022-09-02,,0
ring,2022-09-02,,0
campus,2022-09-03,9.087200179709995,12
ring,2022-09-03,13.087323483106573,1647
campus,2022-09-04,,0
ring,2022-09-04,2.5967265494754965,120
campus,2022-09-05,,0
ring,2022-09-05,8.541783174178551,347
campus,2022-09-06,4.153838634490967,1
ring,2022-09-06,3.0622825472401694,110
campus,2022-09-07,,0
ring,2022-09-07,10.244157471921401,582
campus,2022-09-08,13.39726284320538,11
ring,2022-09-08,15.42564731974284,1241
campus,2022-09-09,4.729994068626597,12
ring,2022-09-09,15.177539616042667,1470
campus,2022-09-10,,0
ring,2022-09-10,18.38805980840132,1201
campus,2022-09-11,,0
ring,2022-09-11,18.047513478363825,76
campus,2022-09-12,8.720092128529568,6
ring,2022-09-12,12.670779893572533,854
campus,2022-09-13,13.81693956655524,4
ring,2022-09-13,14.427793154706192,31
campus,2022-09-14,6.344639249208597,12
ring,2022-09-14,13.99819935001424,1003
campus,2022-09-15,10.424433713650886,7
ring,2022-09-15,18.95835590036949,1073
campus,2022-09-16,6.530290313434705,10
ring,2022-09-16,21.679166260139155,1060
campus,2022-09-17,,0
ring,2022-09-17,,0
campus,2022-09-18,,0
ring,2022-09-18,3.223766711747111,51
campus,2022-09-19,,0
ring,2022-09-19,15.74473890660603,648
campus,2022-09-20,14.546539979822496,4
ring,2022-09-20,16.664269255428035,649
campus,2022-09-21,11.764079115971798,12
ring,2022-09-21,16.04908110132117,1238
campus,2022-09-22,9.380544312973097,12
ring,2022-09-22,14.408463361606671,1478
campus,2022-09-23,12.566877651392693,12
ring,2022-09-23,13.697076829748928,1647
campus,2022-09-24,,0
ring,2022-09-24,,0
campus,2022-09-25,,0
ring,2022-09-25,,0
campus,2022-09-26,9.166654880418609,12
ring,2022-09-26,15.8574227096249,1647
campus,2022-09-27,4.384006657408957,12
ring,2022-09-27,15.070034226355885,1522
campus,2022-09-28,,0
ring,2022-09-28,2.3152871731209625,35
campus,2022-09-29,4.247683874142716,12
ring,2022-09-29,14.23781850983302,1615
campus,2022-09-30,3.505875530251825,12
ring,2022-09-30,14.31356014348457,1648
campus,2022-10-01,13.13214383628411,12
ring,2022-10-01,15.500705969960336,1646
campus,2022-10-02,5.009590724603136,12
ring,2022-10-02,14.012217481537748,1648
campus,2022-10-03,3.648512242666258,12
ring,2022-10-03,13.28656828776169,1649
campus,2022-10-04,12.005997221899525,12
ring,2022-10-04,13.32012885998207,1649
campus,2022-10-05,13.54530260765475,12
ring,2022-10-05,14.498353482834592,1644
campus,2022-10-06,,0
ring,2022-10-06,5.834879188613789,371
campus,2022-10-07,9.735990641609073,12
ring,2022-10-07,13.675367760646909,1037
campus,2022-10-08,6.576662298192315,10
ring,2022-10-08,14.510628089095583,1492
campus,2022-10-09,8.725628902973273,11
ring,2022-10-09,13.780189076356836,1422
campus,2022-10-10,6.789741961528095,11
ring,2022-10-10,12.979709026203292,1390
campus,2022-10-11,,0
ring,2022-10-11,17.432589109824047,1124
campus,2022-10-12,,0
ring,2022-10-12,6.341492273886411,102
campus,2022-10-13,7.924800209500898,10
ring,2022-10-13,12.828713749875517,1461
campus,2022-10-14,,0
ring,2022-10-14,,0
campus,2022-10-15,4.647826324317081,9
ring,2022-10-15,13.151026307719835,1436
campus,2022-10-16,4.810067163219214,10
ring,2022-10-16,14.817854450535831,1453
campus,2022-10-17,8.356594182307425,12
ring,2022-10-17,14.887225278460505,1265
campus,2022-10-18,9.051672287476368,11
ring,2022-10-18,13.957034183841008,1099
campus,2022-10-19,6.753626775741577,11
ring,2022-10-19,14.099098430581096,1508
campus,2022-10-20,9.877875998335064,2
ring,2022-10-20,15.727845907723639,1171
campus,2022-10-21,4.285193771207367,12
ring,2022-10-21,14.636821076253508,1497
campus,2022-10-22,5.1107282284595055,12
ring,2022-10-22,15.846962215799826,1649
campus,2022-10-23,4.53207957822513,12
ring,2022-10-23,16.012525918485945,1485
campus,2022-10-24,,0
ring,2022-10-24,,0
campus,2022-10-25,,0
ring,2022-10-25,,0
campus,2022-10-26,,0
ring,2022-10-26,,0
campus,2022-10-27,7.8219662436138915,12
ring,2022-10-27,18.0771654235358,1639
campus,2022-10-28,,0
ring,2022-10-28,8.283354340023658,342
campus,2022-10-29,11.817385157505898,12
ring,2022-10-29,14.228733968140544,1649
campus,2022-10-30,3.0321593284606934,1
ring,2022-10-30,1.6116574727400819,27
campus,2022-10-31,,0
ring,2022-10-31,1.9793059825897217,2
campus,2022-11-01,5.589643774691528,12
ring,2022-11-01,13.271569086282222,1648
campus,2022-11-02,4.287158277077057,12
ring,2022-11-02,16.128504254708286,1648
campus,2022-11-03,4.729903746497175,12
ring,2022-11-03,15.053998117428899,1636
campus,2022-11-04,,0
ring,2022-11-04,,0
campus,2022-11-05,,0
ring,2022-11-05,,0
campus,2022-11-06,,0
ring,2022-11-06,,0
campus,2022-11-07,11.262026911973955,10
ring,2022-11-07,16.220367721256164,1482
campus,2022-11-08,,0
ring,2022-11-08,,0
campus,2022-11-09,,0
ring,2022-11-09,,0
campus,2022-11-10,2.65099780325325,5
ring,2022-11-10,16.877290762205497,1050
campus,2022-11-11,8.620524406433105,1
ring,2022-11-11,17.96907423633114,385
campus,2022-11-12,,0
ring,2022-11-12,16.53501094287916,499
campus,2022-11-13,13.840609332493372,2
ring,2022-11-13,22.30891487900668,558
campus,2022-11-14,,0
ring,2022-11-14,22.507153577589204,32
campus,2022-11-15,,0
ring,2022-11-15,,0
campus,2022-11-16,4.526673641302784,12
ring,2022-11-16,8.901201373918184,365
campus,2022-11-17,6.460159695209601,11
ring,2022-11-17,14.924870481101484,1454
campus,2022-11-18,,0
ring,2022-11-18,,0
campus,2022-11-19,,0
ring,2022-11-19,18.54092368182014,26
campus,2022-11-20,15.957998366967226,11
ring,2022-11-20,31.457474992506583,1478
campus,2022-11-21,6.989929676055908,1
ring,2022-11-21,5.090060387348473,77
campus,2022-11-22,,0
ring,2022-11-22,12.198924175273575,474
campus,2022-11-23,3.733374286432561,12
ring,2022-11-23,16.45161236428313,1640
campus,2022-11-24,4.334318981562455,12
ring,2022-11-24,13.1677347337723,1619
campus,2022-11-25,7.594005295987669,12
ring,2022-11-25,11.323957632298942,1614
campus,2022-11-26,5.626850486803456,12
ring,2022-11-26,12.977458900997503,1644
campus,2022-11-27,,0
ring,2022-11-27,,0
campus,2022-11-28,7.760887901544797,12
ring,2022-11-28,13.495927622541544,1643
campus,2022-11-29,,0
ring,2022-11-29,3.1467377683981788,112
campus,2022-11-30,,0
ring,2022-11-30,1.8871967305071935,65
campus,2022-12-01,3.7569366748036908,12
ring,2022-12-01,14.647200618991768,1646
campus,2022-12-02,,0
ring,2022-12-02,3.263913527143887,149
campus,2022-12-03,4.1471388190984735,4
ring,2022-12-03,4.167439227761819,99
campus,2022-12-04,4.126457827431816,12
ring,2022-12-04,17.108022514763206,1528
campus,2022-12-05,3.667487100170218,12
ring,2022-12-05,19.682373931285493,1441
campus,2022-12-06,,0
ring,2022-12-06,,0
campus,2022-12-07,,0
ring,2022-12-07,,0
campus,2022-12-08,,0
ring,2022-12-08,32.768319938383904,27
campus,2022-12-09,,0
ring,2022-12-09,20.95861225128174,10
campus,2022-12-10,15.381226939284458,6
ring,2022-12-10,16.192406595717998,246
campus,2022-12-11,,0
ring,2022-12-11,17.389495150469546,15
campus,2022-12-12,,0
ring,2022-12-12,7.665636080926803,135
campus,2022-12-13,,0
ring,2022-12-13,,0
campus,2022-12-14,,0
ring,2022-12-14,7.095061088683713,5
campus,2022-12-15,,0
ring,2022-12-15,,0
campus,2022-12-16,,0
ring,2022-12-16,,0
campus,2022-12-17,,0
ring,2022-12-17,,0
campus,2022-12-18,,0
ring,2022-12-18,8.055216312408447,4
campus,2022-12-19,13.598319215575856,10
ring,2022-12-19,19.479788100935238,1001
campus,2022-12-20,,0
ring,2022-12-20,8.055494785308838,2
campus,2022-12-21,6.101506987921625,8
ring,2022-12-21,18.810378648205738,796
campus,2022-12-22,,0
ring,2022-12-22,,0
campus,2022-12-23,21.615960076590568,3
ring,2022-12-23,71.64917920205095,255
campus,2022-12-24,7.191606469110613,8
ring,2022-12-24,51.18341490923401,466
campus,2022-12-25,14.546438388636547,4
ring,2022-12-25,44.00915013863718,348
campus,2022-12-26,15.035112095770437,3
ring,2022-12-26,23.876806345112108,133
campus,2022-12-27,3.5627872370239486,2
ring,2022-12-27,34.26361181862605,360
campus,2022-12-28,,0
ring,2022-12-28,,0
campus,2022-12-29,9.72347104933954,7
ring,2022-12-29,13.497102619861922,212
campus,2022-12-30,,0
ring,2022-12-30,,0
campus,2023-01-01,,0
ring,2023-01-01,,0
campus,2023-01-02,,0
ring,2023-01-02,,0
campus,2023-01-03,,0
ring,2023-01-03,,0
campus,2023-01-04,4.9258781351994,3
ring,2023-01-04,9.892924029624494,563
campus,2023-01-05,,0
ring,2023-01-05,,0
campus,2023-01-06,,0
ring,2023-01-06,,0
campus,2023-01-07,,0
ring,2023-01-07,,0
campus,2023-01-08,16.54924964904785,1
ring,2023-01-08,29.608814573074135,15
campus,2023-01-09,8.861447485638601,11
ring,2023-01-09,14.129442631349276,1468
campus,2023-01-10,,0
ring,2023-01-10,23.538799631184546,29
campus,2023-01-11,,0
ring,2023-01-11,,0
campus,2023-01-12,,0
ring,2023-01-12,10.111683359894931,78
campus,2023-01-13,,0
ring,2023-01-13,,0
campus,2023-01-14,6.0401409306972145,4
ring,2023-01-14,8.695657649433711,74
campus,2023-01-15,4.03876873088625,10
ring,2023-01-15,15.488550927952778,1526
campus,2023-01-16,,0
ring,2023-01-16,,0
campus,2023-01-17,,0
ring,2023-01-17,2.746830701828003,7
campus,2023-01-18,,0
ring,2023-01-18,3.350802581060411,13
campus,2023-01-19,,0
ring,2023-01-19,1.6342151526166333,93
campus,2023-01-20,,0
ring,2023-01-20,,0
campus,2023-01-21,,0
ring,2023-01-21,2.3540450453981476,19
campus,2023-01-22,,0
ring,2023-01-22,,0
campus,2023-01-23,,0
ring,2023-01-23,4.253749528362897,8
campus,2023-01-24,,0
ring,2023-01-24,22.23420000571301,569
campus,2023-01-25,,0
ring,2023-01-25,,0
campus,2023-01-26,,0
ring,2023-01-26,54.997869290187296,162
campus,2023-01-27,,0
ring,2023-01-27,41.26059433159484,362
campus,2023-01-28,,0
ring,2023-01-28,,0
campus,2023-01-29,,0
ring,2023-01-29,,0
campus,2023-01-30,,0
ring,2023-01-30,19.311612171257902,27
campus,2023-01-31,,0
ring,2023-01-31,3.8159189706540295,2
campus,2023-02-01,,0
ring,2023-02-01,6.504462099075317,5
campus,2023-02-02,,0
ring,2023-02-02,6.443222874316617,9
campus,2023-02-03,,0
ring,2023-02-03,16.515124674026783,7
campus,2023-02-04,,0
ring,2023-02-04,23.74909167819553,9
campus,2023-02-05,,0
ring,2023-02-05,,0
campus,2023-02-06,,0
ring,2023-02-06,5.088056029037094,51
campus,2023-02-07,,0
ring,2023-02-07,6.513551466580465,21
campus,2023-02-08,12.464517452488135,10
ring,2023-02-08,20.914259752382883,1283
campus,2023-02-09,,0
ring,2023-02-09,,0
campus,2023-02-10,,0
ring,2023-02-10,5.43687910775986,121
campus,2023-02-11,10.863494733385014,11
ring,2023-02-11,19.058027840570112,1532
campus,2023-02-12,10.465804289369023,11
ring,2023-02-12,17.48029352472814,1535
campus,2023-02-13,5.122073487757991,10
ring,2023-02-13,13.750883730298254,1423
campus,2023-02-14,6.601828487202123,12
ring,2023-02-14,15.577261084956557,1648
campus,2023-02-15,,0
ring,2023-02-15,1.6827344236483905,10
campus,2023-02-16,5.474112739527372,12
ring,2023-02-16,9.553754303348407,531
campus,2023-02-17,34.81559840611049,2
ring,2023-02-17,47.31881289731961,400
campus,2023-02-18,,0
ring,2023-02-18,45.54570329202237,538
campus,2023-02-19,,0
ring,2023-02-19,,0
campus,2023-02-20,,0
ring,2023-02-20,14.1661958311799,758
campus,2023-02-21,11.53118179269643,12
ring,2023-02-21,21.347259578385437,1234
campus,2023-02-22,,0
ring,2023-02-22,2.6859947106947772,309
campus,2023-02-23,3.730797240491453,12
ring,2023-02-23,2.1435709589269147,724
campus,2023-02-24,5.397707462310791,1
ring,2023-02-24,19.33227702552865,613
campus,2023-02-25,31.359666576795114,12
ring,2023-02-25,26.955724395646016,753
campus,2023-02-26,3.8084746903064213,12
ring,2023-02-26,16.863805851038745,1614
campus,2023-02-27,,0
ring,2023-02-27,19.259290413959835,681
campus,2023-02-28,,0
ring,2023-02-28,12.21789353303294,363
campus,2023-03-01,,0
ring,2023-03-01,4.554248678364924,30
campus,2023-03-02,,0
ring,2023-03-02,26.002771533946774,120
campus,2023-03-03,,0
ring,2023-03-03,,0
campus,2023-03-04,9.761524019580262,11
ring,2023-03-04,15.346683582892357,1467
campus,2023-03-05,4.674413678985016,11
ring,2023-03-05,16.499101231928325,1469
campus,2023-03-06,,0
ring,2023-03-06,20.467178726196288,30
campus,2023-03-07,,0
ring,2023-03-07,28.69722664956992,229
campus,2023-03-08,,0
ring,2023-03-08,,0
campus,2023-03-09,,0
ring,2023-03-09,,0
campus,2023-03-10,,0
ring,2023-03-10,,0
campus,2023-03-11,12.671563292003816,8
ring,2023-03-11,23.940665908793882,515
campus,2023-03-12,,0
ring,2023-03-12,,0
campus,2023-03-13,,0
ring,2023-03-13,22.4751541205687,104
campus,2023-03-14,8.07696869363219,11
ring,2023-03-14,33.04362834527728,1207
campus,2023-03-15,,0
ring,2023-03-15,42.34693443997453,537
campus,2023-03-16,,0
ring,2023-03-16,7.248728275299072,1
campus,2023-03-17,,0
ring,2023-03-17,,0
campus,2023-03-18,6.297493475603235,12
ring,2023-03-18,26.85006063010252,720
campus,2023-03-19,8.745306185313636,12
ring,2023-03-19,17.559159513890616,1608
campus,2023-03-20,5.292320515038698,12
ring,2023-03-20,17.674068437146214,1103
campus,2023-03-21,6.25183645082789,12
ring,2023-03-21,20.501153769021425,1566
campus,2023-03-22,,0
ring,2023-03-22,1.280640272359674,26
campus,2023-03-23,,0
ring,2023-03-23,,0
campus,2023-03-24,,0
ring,2023-03-24,,0
campus,2023-03-25,,0
ring,2023-03-25,3.974141979217529,5
campus,2023-03-26,,0
ring,2023-03-26,34.26362799288,1183
campus,2023-03-27,,0
ring,2023-03-27,39.6238013202809,1161
campus,2023-03-28,6.121514688795002,11
ring,2023-03-28,22.077793096428596,1407
campus,2023-03-29,17.9029233527906,2
ring,2023-03-29,12.771444191380745,477
campus,2023-03-30,4.368720534357593,12
ring,2023-03-30,18.5924044506324,1486
campus,2023-03-31,,0
ring,2023-03-31,,0
campus,2023-04-01,5.457393485290998,12
ring,2023-04-01,15.32028301086427,1448
campus,2023-04-02,4.0011861399998745,12
ring,2023-04-02,16.174850218794056,1429
campus,2023-04-03,9.590119874125135,9
ring,2023-04-03,15.835270138355986,1379
campus,2023-04-04,12.174758911132812,1
ring,2023-04-04,12.220545529924717,57
campus,2023-04-05,,0
ring,2023-04-05,,0
campus,2023-04-06,3.365073674030793,11
ring,2023-04-06,18.503438875839315,1423
campus,2023-04-07,5.048303621044569,12
ring,2023-04-07,17.654037232097586,1391
campus,2023-04-08,5.051038412261057,11
ring,2023-04-08,17.204766830043464,1386
campus,2023-04-09,4.2761886338003325,12
ring,2023-04-09,15.916563496748019,1504
campus,2023-04-10,4.134768722883238,12
ring,2023-04-10,15.384017538684416,1494
campus,2023-04-11,4.972436478158007,12
ring,2023-04-11,16.625375302071053,1525
campus,2023-04-12,4.7187543142409565,12
ring,2023-04-12,17.17314476232716,1452
campus,2023-04-13,11.709995766202496,12
ring,2023-04-13,16.051470887026838,1487
campus,2023-04-14,13.291928015725844,12
ring,2023-04-14,16.1767727249705,1616
campus,2023-04-15,,0
ring,2023-04-15,,0
campus,2023-04-16,,0
ring,2023-04-16,,0
campus,2023-04-17,6.7712846538735185,10
ring,2023-04-17,3.643875400604492,938
campus,2023-04-18,8.29256478054962,12
ring,2023-04-18,14.957260905904187,1646
campus,2023-04-19,,0
ring,2023-04-19,,0
campus,2023-04-20,,0
ring,2023-04-20,,0
campus,2023-04-21,9.651048564822911,8
ring,2023-04-21,16.82310946870188,1628
campus,2023-04-22,,0
ring,2023-04-22,13.05793278552782,500
campus,2023-04-23,6.2958479998736365,8
ring,2023-04-23,15.757007452533694,1630
campus,2023-04-24,,0
ring,2023-04-24,1.9220383751277237,86
campus,2023-04-25,,0
ring,2023-04-25,2.275689125061035,1
campus,2023-04-26,3.361947655017966,8
ring,2023-04-26,15.888724646957803,1645
campus,2023-04-27,7.869095822796226,7
ring,2023-04-27,17.934266876187472,1576
campus,2023-04-28,,0
ring,2023-04-28,,0
campus,2023-04-29,5.27657678956166,7
ring,2023-04-29,14.347330497745928,1556
campus,2023-04-30,6.664898578957776,7
ring,2023-04-30,15.128171319227835,1461
campus,2023-05-01,,0
ring,2023-05-01,,0
campus,2023-05-02,,0
ring,2023-05-02,,0
campus,2023-05-03,,0
ring,2023-05-03,14.382232871173311,778
campus,2023-05-04,5.243221553508193,7
ring,2023-05-04,14.980517470716967,798
campus,2023-05-05,,0
ring,2023-05-05,13.850534911266047,974
campus,2023-05-06,,0
ring,2023-05-06,,0
campus,2023-05-07,,0
ring,2023-05-07,,0
campus,2023-05-08,,0
ring,2023-05-08,,0
campus,2023-05-09,6.431195693680003,2
ring,2023-05-09,13.2971732007326,5
campus,2023-05-10,4.1702459093829365,8
ring,2023-05-10,15.180103098015296,1519
campus,2023-05-11,6.347774727037177,7
ring,2023-05-11,15.96632421874853,1503
campus,2023-05-12,,0
ring,2023-05-12,,0
campus,2023-05-13,,0
ring,2023-05-13,,0
campus,2023-05-14,,0
ring,2023-05-14,,0
campus,2023-05-15,,0
ring,2023-05-15,,0
campus,2023-05-16,,0
ring,2023-05-16,,0
campus,2023-05-17,6.762786464937499,8
ring,2023-05-17,16.336402950487187,1646
campus,2023-05-18,11.279294980847968,8
ring,2023-05-18,12.784625160712094,1632
campus,2023-05-19,,0
ring,2023-05-19,,0
campus,2023-05-20,7.5283650375380295,8
ring,2023-05-20,14.086074544188627,1647
campus,2023-05-21,6.769421264254299,8
ring,2023-05-21,13.418582101521023,1644
campus,2023-05-22,4.904786525617227,8
ring,2023-05-22,14.055467227447734,1646
campus,2023-05-23,7.287608976293753,8
ring,2023-05-23,14.252728386871095,1647
campus,2023-05-24,,0
ring,2023-05-24,5.06404202634638,11
campus,2023-05-25,,0
ring,2023-05-25,,0
campus,2023-05-26,5.768963741200436,8
ring,2023-05-26,14.783298346466795,1646
campus,2023-05-27,2.7729673392218412,8
ring,2023-05-27,14.52347426527494,1646
campus,2023-05-28,,0
ring,2023-05-28,,0
campus,2023-05-29,,0
ring,2023-05-29,8.091109697260048,257
campus,2023-05-30,,0
ring,2023-05-30,,0
campus,2023-05-31,,0
ring,2023-05-31,5.3510974778450295,13
campus,2023-06-01,7.340191675563517,11
ring,2023-06-01,15.382480202326219,1535
campus,2023-06-02,6.331079772920295,12
ring,2023-06-02,15.534914126451564,1546
campus,2023-06-03,13.46095053097943,11
ring,2023-06-03,16.47494489341792,1544
campus,2023-06-04,,0
ring,2023-06-04,12.258585298282604,169
campus,2023-06-05,,0
ring,2023-06-05,,0
campus,2023-06-06,13.68590227762858,5
ring,2023-06-06,17.81913111133585,600
campus,2023-06-07,,0
ring,2023-06-07,23.582977773093734,60
campus,2023-06-08,12.324764241247202,11
ring,2023-06-08,16.679118384642713,1569
campus,2023-06-09,,0
ring,2023-06-09,,0
campus,2023-06-10,,0
ring,2023-06-10,,0
campus,2023-06-11,,0
ring,2023-06-11,,0
campus,2023-06-12,9.98571360909636,11
ring,2023-06-12,15.672842949442824,1498
campus,2023-06-13,,0
ring,2023-06-13,2.652876531649492,68
campus,2023-06-14,,0
ring,2023-06-14,3.05767167847732,2
campus,2023-06-15,6.055752754211426,1
ring,2023-06-15,7.097039906209883,577
campus,2023-06-16,,0
ring,2023-06-16,,0
campus,2023-06-17,7.738386735227042,12
ring,2023-06-17,15.690530251165809,1646
campus,2023-06-18,7.072902565465478,12
ring,2023-06-18,15.94471289155304,1517
campus,2023-06-19,,0
ring,2023-06-19,,0
campus,2023-06-20,,0
ring,2023-06-20,3.3859682454003233,6
campus,2023-06-21,,0
ring,2023-06-21,,0
campus,2023-06-22,10.020462610166485,12
ring,2023-06-22,16.047329655391067,1645
campus,2023-06-23,,0
ring,2023-06-23,13.823111690466863,1029
campus,2023-06-24,6.780507368024815,12
ring,2023-06-24,16.511155271629324,1646
campus,2023-06-25,,0
ring,2023-06-25,,0
campus,2023-06-26,,0
ring,2023-06-26,8.176711156232376,210
campus,2023-06-27,,0
ring,2023-06-27,,0
campus,2023-06-28,,0
ring,2023-06-28,16.963484586188088,755
campus,2023-06-29,9.506029536105181,12
ring,2023-06-29,13.125983192467276,1138
campus,2023-06-30,6.222678364014435,12
ring,2023-06-30,14.59442187536463,1497
campus,2023-07-01,5.170874756218386,12
ring,2023-07-01,15.296252548375838,1546
campus,2023-07-02,,0
ring,2023-07-02,,0
campus,2023-07-03,5.338682162772323,12
ring,2023-07-03,15.745744084696904,1492
campus,2023-07-04,8.41899331779378,12
ring,2023-07-04,15.87404595039357,1426
campus,2023-07-05,6.428474363740485,12
ring,2023-07-05,15.47263513763333,1453
campus,2023-07-06,,0
ring,2023-07-06,,0
campus,2023-07-07,,0
ring,2023-07-07,,0
campus,2023-07-08,,0
ring,2023-07-08,,0
campus,2023-07-09,4.932698117411005,8
ring,2023-07-09,13.650916600546537,1587
campus,2023-07-10,6.458124840391518,8
ring,2023-07-10,16.855699622581675,1476
campus,2023-07-11,9.632273252173208,7
ring,2023-07-11,19.557332841788348,1466
campus,2023-07-12,,0
ring,2023-07-12,,0
campus,2023-07-13,,0
ring,2023-07-13,9.222182845028492,9
campus,2023-07-14,,0
ring,2023-07-14,,0
campus,2023-07-15,,0
ring,2023-07-15,,0
campus,2023-07-16,9.74388544058008,8
ring,2023-07-16,16.686647844108716,1644
campus,2023-07-17,,0
ring,2023-07-17,,0
campus,2023-07-18,5.883792160621869,8
ring,2023-07-18,14.844229001912009,1648
campus,2023-07-19,9.096083974706293,8
ring,2023-07-19,14.997740027302351,1648
campus,2023-07-20,,0
ring,2023-07-20,24.051179351046805,64
campus,2023-07-21,,0
ring,2023-07-21,15.084901246576967,1228
campus,2023-07-22,,0
ring,2023-07-22,,0
campus,2023-07-23,,0
ring,2023-07-23,,0
campus,2023-07-24,10.809843862188698,8
ring,2023-07-24,14.111291151025577,1648
campus,2023-07-25,9.85729902784763,8
ring,2023-07-25,14.632231858037061,1648
campus,2023-07-26,,0
ring,2023-07-26,,0
campus,2023-07-27,,0
ring,2023-07-27,,0
campus,2023-07-28,,0
ring,2023-07-28,,0
campus,2023-07-29,,0
ring,2023-07-29,,0
campus,2023-07-30,5.588031040566435,8
ring,2023-07-30,13.553747572617427,1478
campus,2023-07-31,4.035712102242501,8
ring,2023-07-31,15.447601801416605,1575
campus,2023-08-01,10.982596285668688,8
ring,2023-08-01,16.00797498571309,1436
campus,2023-08-02,4.957572981440274,8
ring,2023-08-02,15.651098190027813,1510
campus,2023-08-03,5.873443993475164,8
ring,2023-08-03,14.440891657347672,1520
campus,2023-08-04,2.543917594472228,6
ring,2023-08-04,14.99778897384673,1506
campus,2023-08-05,3.173446292366929,8
ring,2023-08-05,14.940690705221352,1524
campus,2023-08-06,8.417185398925273,8
ring,2023-08-06,14.190392843476452,1300
campus,2023-08-07,5.046626232039761,2
ring,2023-08-07,6.575272752060144,549
campus,2023-08-08,4.735556703212077,8
ring,2023-08-08,14.300316750942972,1578
campus,2023-08-09,3.547961136511771,8
ring,2023-08-09,14.02893439299571,1564
campus,2023-08-10,9.505423688360686,8
ring,2023-08-10,13.904929266940703,1309
campus,2023-08-11,10.020832542563717,8
ring,2023-08-11,16.002436790376276,1317
campus,2023-08-12,3.4949700741562997,7
ring,2023-08-12,14.9216296285272,1332
campus,2023-08-13,4.11660027387552,7
ring,2023-08-13,15.105682362847629,1534
campus,2023-08-14,,0
ring,2023-08-14,,0
campus,2023-08-15,,0
ring,2023-08-15,,0
campus,2023-08-16,11.321550532438065,12
ring,2023-08-16,15.739744444803875,1647
campus,2023-08-17,,0
ring,2023-08-17,7.50287389755249,1
campus,2023-08-18,7.33268814157296,8
ring,2023-08-18,16.560987733495466,1648
campus,2023-08-19,9.237256191753374,8
ring,2023-08-19,13.69622132232526,1648
campus,2023-08-20,,0
ring,2023-08-20,14.96332034593949,468
campus,2023-08-21,,0
ring,2023-08-21,3.2540927771958312,32
campus,2023-08-22,5.298313725918422,8
ring,2023-08-22,16.36513450348511,1647
campus,2023-08-23,11.790667917557794,11
ring,2023-08-23,15.954394848473063,1281
campus,2023-08-24,5.587575618626358,12
ring,2023-08-24,12.615408742991928,889
campus,2023-08-25,,0
ring,2023-08-25,1.8916793579519784,55
campus,2023-08-26,5.653827890294608,12
ring,2023-08-26,11.393812815113929,1453
campus,2023-08-27,,0
ring,2023-08-27,3.6342745836900545,152
campus,2023-08-28,9.618355616134089,12
ring,2023-08-28,17.959255286746437,1649
campus,2023-08-29,7.402022765575449,12
ring,2023-08-29,17.357735871843143,1358
campus,2023-08-30,3.712718322942683,12
ring,2023-08-30,16.585565403544894,1218
campus,2023-08-31,9.985887442587426,9
ring,2023-08-31,15.874347550490747,1373
campus,2023-09-01,4.265394263944918,7
ring,2023-09-01,15.186445669458438,1413
campus,2023-09-02,4.2156788873182744,12
ring,2023-09-02,16.86139974517679,1484
campus,2023-09-03,,0
ring,2023-09-03,29.046305222672895,170
campus,2023-09-04,3.5408727857428532,9
ring,2023-09-04,15.93602057495473,1400
campus,2023-09-05,4.780812105210889,12
ring,2023-09-05,14.280007058103129,1533
campus,2023-09-06,,0
ring,2023-09-06,13.694661123897328,180
campus,2023-09-07,9.116589261108075,11
ring,2023-09-07,15.455268677418408,544
campus,2023-09-08,,0
ring,2023-09-08,4.036702089390512,8
campus,2023-09-09,4.15604243543413,10
ring,2023-09-09,14.547784915547108,1463
campus,2023-09-10,5.149206272582937,12
ring,2023-09-10,14.866435747878414,1545
campus,2023-09-11,,0
ring,2023-09-11,,0
campus,2023-09-12,8.123014439387816,12
ring,2023-09-12,14.245264851244222,1648
campus,2023-09-13,8.140732075097292,12
ring,2023-09-13,15.123791510168974,1362
campus,2023-09-14,4.580023623982064,12
ring,2023-09-14,15.584166010937988,1613
campus,2023-09-15,4.564744788168971,12
ring,2023-09-15,14.469710125886,1649
campus,2023-09-16,,0
ring,2023-09-16,2.98636794090271,1
campus,2023-09-17,,0
ring,2023-09-17,,0
campus,2023-09-18,10.810413347238919,12
ring,2023-09-18,18.11713631631283,1645
campus,2023-09-19,,0
ring,2023-09-19,4.448197581637467,134
campus,2023-09-20,10.605084495384157,12
ring,2023-09-20,13.858347001165974,1402
campus,2023-09-21,,0
ring,2023-09-21,,0
campus,2023-09-22,,0
ring,2023-09-22,,0
campus,2023-09-23,,0
ring,2023-09-23,,0
campus,2023-09-24,8.254734836706595,12
ring,2023-09-24,16.599751198642373,1649
campus,2023-09-25,,0
ring,2023-09-25,2.427280463562006,105
campus,2023-09-26,,0
ring,2023-09-26,,0
campus,2023-09-27,,0
ring,2023-09-27,,0
campus,2023-09-28,5.41088800577017,11
ring,2023-09-28,21.067568748724145,386
campus,2023-09-29,6.904606328068439,12
ring,2023-09-29,17.63671751775058,941
campus,2023-09-30,5.558495139958811,11
ring,2023-09-30,15.476543441876066,1449
campus,2023-10-01,10.64228269499557,12
ring,2023-10-01,12.326637648602052,572
campus,2023-10-02,6.3854677241274125,11
ring,2023-10-02,15.859165237988256,1325
campus,2023-10-03,3.6343544731537505,10
ring,2023-10-03,15.547111010062341,1436
campus,2023-10-04,,0
ring,2023-10-04,,0
campus,2023-10-05,,0
ring,2023-10-05,,0
campus,2023-10-06,9.380845368492839,11
ring,2023-10-06,14.414400211166331,1497
campus,2023-10-07,7.973218954281929,11
ring,2023-10-07,14.575673433900409,1467
campus,2023-10-08,,0
ring,2023-10-08,,0
campus,2023-10-09,4.768058712075072,12
ring,2023-10-09,16.474396278528886,1557
campus,2023-10-10,12.323222010494389,8
ring,2023-10-10,10.79656145793521,1403
campus,2023-10-11,5.309885100712853,12
ring,2023-10-11,12.12907469542254,1164
campus,2023-10-12,,0
ring,2023-10-12,,0
campus,2023-10-13,,0
ring,2023-10-13,,0
campus,2023-10-14,,0
ring,2023-10-14,,0
campus,2023-10-15,10.208454346679064,12
ring,2023-10-15,12.970119410197857,1464
campus,2023-10-16,,0
ring,2023-10-16,,0
campus,2023-10-17,3.5249742546669247,12
ring,2023-10-17,13.982459606133581,1649
campus,2023-10-18,4.378645236196082,12
ring,2023-10-18,14.40482282088179,1648
campus,2023-10-19,7.909494037610367,12
ring,2023-10-19,15.45855371179573,1649
campus,2023-10-20,,0
ring,2023-10-20,2.6117288012006816,42
campus,2023-10-21,8.379579284945791,12
ring,2023-10-21,15.757770576427152,1649
campus,2023-10-22,7.240281200319893,12
ring,2023-10-22,13.618953886012214,1535
campus,2023-10-23,,0
ring,2023-10-23,1.8495310550123845,148
campus,2023-10-24,,0
ring,2023-10-24,11.536312668803177,631
campus,2023-10-25,,0
ring,2023-10-25,,0
campus,2023-10-26,,0
ring,2023-10-26,,0
campus,2023-10-27,,0
ring,2023-10-27,22.323467705316336,12
campus,2023-10-28,4.047632032034852,7
ring,2023-10-28,15.33676862048876,1434
campus,2023-10-29,,0
ring,2023-10-29,,0
campus,2023-10-30,,0
ring,2023-10-30,6.482835795901238,18
campus,2023-10-31,11.514068440168332,11
ring,2023-10-31,17.918174034356497,1488
campus,2023-11-01,,0
ring,2023-11-01,,0
campus,2023-11-02,,0
ring,2023-11-02,,0
campus,2023-11-03,9.25935233262869,11
ring,2023-11-03,15.670453897013394,1426
campus,2023-11-04,9.849915900352674,11
ring,2023-11-04,17.47671866389553,1370
campus,2023-11-05,10.401946413822666,11
ring,2023-11-05,17.544729461661348,1382
campus,2023-11-06,,0
ring,2023-11-06,,0
campus,2023-11-07,,0
ring,2023-11-07,19.05249088704856,214
campus,2023-11-08,,0
ring,2023-11-08,,0
campus,2023-11-09,,0
ring,2023-11-09,1.729836143871142,14
campus,2023-11-10,11.897781775445166,12
ring,2023-11-10,17.091663004499704,1639
campus,2023-11-11,5.310729149899453,12
ring,2023-11-11,16.42176773028536,1648
campus,2023-11-12,,0
ring,2023-11-12,,0
campus,2023-11-13,3.4352165733287543,12
ring,2023-11-13,15.115903399368264,1643
campus,2023-11-14,8.50244330224537,12
ring,2023-11-14,14.588962690567268,1649
campus,2023-11-15,,0
ring,2023-11-15,15.406697048617724,1026
campus,2023-11-16,12.527780607189676,12
ring,2023-11-16,17.790137156037005,1649
campus,2023-11-17,,0
ring,2023-11-17,,0
campus,2023-11-18,4.3306812327337765,12
ring,2023-11-18,15.279150068932486,1649
campus,2023-11-19,3.8156140315877747,12
ring,2023-11-19,14.913336620831027,1649
campus,2023-11-20,,0
ring,2023-11-20,,0
campus,2023-11-21,,0
ring,2023-11-21,,0
campus,2023-11-22,7.7448186384640945,12
ring,2023-11-22,15.534407120193107,1618
campus,2023-11-23,5.743519551378197,5
ring,2023-11-23,15.562519504815809,1529
campus,2023-11-24,11.663807192337819,11
ring,2023-11-24,16.002758633898747,1482
campus,2023-11-25,,0
ring,2023-11-25,17.293077291226,454
campus,2023-11-26,,0
ring,2023-11-26,,0
campus,2023-11-27,17.411109549216302,3
ring,2023-11-27,54.01330818422006,409
campus,2023-11-28,13.381464200568118,5
ring,2023-11-28,52.56934011944006,588
campus,2023-11-29,,0
ring,2023-11-29,28.679424285888672,1
campus,2023-11-30,9.54303854119544,11
ring,2023-11-30,17.999961452596203,1416
campus,2023-12-01,,0
ring,2023-12-01,8.842330069754182,58
campus,2023-12-02,,0
ring,2023-12-02,,0
campus,2023-12-03,,0
ring,2023-12-03,,0
campus,2023-12-04,9.83838502837647,10
ring,2023-12-04,13.93753466325528,1327
campus,2023-12-05,,0
ring,2023-12-05,,0
campus,2023-12-06,,0
ring,2023-12-06,,0
campus,2023-12-07,10.549334250300761,5
ring,2023-12-07,18.39851847572341,1265
campus,2023-12-08,7.141972290701561,12
ring,2023-12-08,13.435093375623786,1646
campus,2023-12-09,,0
ring,2023-12-09,,0
campus,2023-12-10,,0
ring,2023-12-10,3.438162671195136,9
campus,2023-12-11,,0
ring,2023-12-11,2.477388381958008,1
campus,2023-12-12,5.037109273043223,12
ring,2023-12-12,17.101263193089892,1645
campus,2023-12-13,6.096606460717324,12
ring,2023-12-13,17.539510782621758,1623
campus,2023-12-14,9.594336999675921,12
ring,2023-12-14,15.89970833987588,1639
campus,2023-12-15,3.5589957829394376,12
ring,2023-12-15,15.761236147114003,1649
campus,2023-12-16,,0
ring,2023-12-16,,0
campus,2023-12-17,,0
ring,2023-12-17,5.905677259145223,8
campus,2023-12-18,,0
ring,2023-12-18,14.654762513577648,1041
campus,2023-12-19,14.04946004576376,12
ring,2023-12-19,16.617019219286824,1644
campus,2023-12-20,,0
ring,2023-12-20,,0
campus,2023-12-21,,0
ring,2023-12-21,,0
campus,2023-12-22,,0
ring,2023-12-22,,0
campus,2023-12-23,,0
ring,2023-12-23,10.224675814310709,15
campus,2023-12-24,11.547245863712195,2
ring,2023-12-24,15.059437657337023,81
campus,2023-12-25,,0
ring,2023-12-25,,0
campus,2023-12-26,14.720962350441518,8
ring,2023-12-26,22.562626792516998,782
campus,2023-12-27,,0
ring,2023-12-27,20.405385958197567,248
campus,2023-12-28,,0
ring,2023-12-28,,0
campus,2023-12-29,,0
ring,2023-12-29,19.173173203606304,141
campus,2023-12-30,4.99182269999794,11
ring,2023-12-30,15.610357253883919,1480
campus,2024-01-01,10.676551818847656,1
ring,2024-01-01,17.10489541574879,47
campus,2024-01-02,,0
ring,2024-01-02,16.310234030600924,26
campus,2024-01-03,8.449474334716797,1
ring,2024-01-03,4.619425105564358,41
campus,2024-01-04,,0
ring,2024-01-04,13.238493241814858,235
campus,2024-01-05,6.239725249944274,8
ring,2024-01-05,15.720708144594624,1532
campus,2024-01-06,,0
ring,2024-01-06,,0
campus,2024-01-07,,0
ring,2024-01-07,2.771441911492289,25
campus,2024-01-08,,0
ring,2024-01-08,,0
campus,2024-01-09,,0
ring,2024-01-09,,0
campus,2024-01-10,,0
ring,2024-01-10,3.3521672089894614,3
campus,2024-01-11,,0
ring,2024-01-11,,0
campus,2024-01-12,,0
ring,2024-01-12,,0
campus,2024-01-13,,0
ring,2024-01-13,,0
campus,2024-01-14,,0
ring,2024-01-14,13.537559191385904,6
campus,2024-01-15,,0
ring,2024-01-15,74.89504656424889,13
campus,2024-01-16,,0
ring,2024-01-16,,0
campus,2024-01-17,,0
ring,2024-01-17,7.0876291602007635,10
campus,2024-01-18,,0
ring,2024-01-18,,0
campus,2024-01-19,,0
ring,2024-01-19,,0
campus,2024-01-20,,0
ring,2024-01-20,13.395575395110965,6
campus,2024-01-21,,0
ring,2024-01-21,22.701247004958116,7
campus,2024-01-22,,0
ring,2024-01-22,,0
campus,2024-01-23,,0
ring,2024-01-23,,0
campus,2024-01-24,,0
ring,2024-01-24,,0
campus,2024-01-25,,0
ring,2024-01-25,,0
campus,2024-01-26,,0
ring,2024-01-26,,0
campus,2024-01-27,19.619404139080107,7
ring,2024-01-27,21.66397925833708,352
campus,2024-01-28,,0
ring,2024-01-28,17.210649894952553,293
campus,2024-01-29,11.50174117946889,3
ring,2024-01-29,15.783694684209687,107
campus,2024-01-30,,0
ring,2024-01-30,,0
campus,2024-01-31,,0
ring,2024-01-31,,0
campus,2024-02-01,4.661082648975965,10
ring,2024-02-01,13.73974810436569,1509
campus,2024-02-02,5.793173785507679,4
ring,2024-02-02,12.431679842455871,82
campus,2024-02-03,10.70173998773933,12
ring,2024-02-03,14.918747248137988,1617
campus,2024-02-04,8.76014365866536,4
ring,2024-02-04,16.699011307180243,451
campus,2024-02-05,,0
ring,2024-02-05,1.7398109108756827,13
campus,2024-02-06,,0
ring,2024-02-06,2.409094919835446,16
campus,2024-02-07,,0
ring,2024-02-07,3.1148564377294377,21
campus,2024-02-08,,0
ring,2024-02-08,4.1430935364901655,216
campus,2024-02-09,14.156969014336084,12
ring,2024-02-09,16.049289468696248,1635
campus,2024-02-10,9.178033142641926,12
ring,2024-02-10,14.566072507855322,1623
campus,2024-02-11,7.968000748133017,12
ring,2024-02-11,15.3585046941552,1643
campus,2024-02-12,10.431135866154477,12
ring,2024-02-12,15.457057836340434,1643
campus,2024-02-13,4.623397216743449,12
ring,2024-02-13,14.161153011967729,1649
campus,2024-02-14,15.328186778461236,12
ring,2024-02-14,14.842568862136995,1481
campus,2024-02-15,,0
ring,2024-02-15,,0
campus,2024-02-16,,0
ring,2024-02-16,,0
campus,2024-02-17,13.34302665650789,12
ring,2024-02-17,16.292205492991982,1645
campus,2024-02-18,10.798329005767004,9
ring,2024-02-18,15.769039351557778,1518
campus,2024-02-19,15.325375249294563,12
ring,2024-02-19,16.98914693044338,1511
campus,2024-02-20,11.12357193888905,11
ring,2024-02-20,19.670984791036922,1458
campus,2024-02-21,,0
ring,2024-02-21,,0
campus,2024-02-22,,0
ring,2024-02-22,,0
campus,2024-02-23,18.236724759970503,9
ring,2024-02-23,15.933990405585735,1441
campus,2024-02-24,,0
ring,2024-02-24,33.64713068798422,615
campus,2024-02-25,16.226898529373596,11
ring,2024-02-25,20.53408148074231,1473
campus,2024-02-26,16.524160273825313,12
ring,2024-02-26,16.477423994344075,1460
campus,2024-02-27,6.3272059108125935,10
ring,2024-02-27,11.769843793795454,1446
campus,2024-02-28,,0
ring,2024-02-28,9.344524383544922,2
campus,2024-02-29,5.811296615047732,8
ring,2024-02-29,18.56975973193473,1518
campus,2024-03-01,12.73924530476304,12
ring,2024-03-01,17.61022528075065,1497
campus,2024-03-02,13.698761902158227,12
ring,2024-03-02,17.053499507417513,1420
campus,2024-03-03,12.181895232890726,12
ring,2024-03-03,14.36057202803852,1521
campus,2024-03-04,8.367220310269955,12
ring,2024-03-04,12.635299366878082,1171
campus,2024-03-05,,0
ring,2024-03-05,,0
campus,2024-03-06,,0
ring,2024-03-06,2.322118635602983,85
campus,2024-03-07,6.4250425709005965,10
ring,2024-03-07,9.394027528864367,447
campus,2024-03-08,,0
ring,2024-03-08,4.339773303393853,57
campus,2024-03-09,,0
ring,2024-03-09,3.3346052169799805,9
campus,2024-03-10,5.129611267317801,12
ring,2024-03-10,15.971580969229063,1499
campus,2024-03-11,10.909248684634681,12
ring,2024-03-11,16.176797452017123,1647
campus,2024-03-12,13.975027401351575,12
ring,2024-03-12,20.796047850915308,1639
campus,2024-03-13,13.15674749008414,12
ring,2024-03-13,17.26524989871953,1627
campus,2024-03-14,,0
ring,2024-03-14,,0
campus,2024-03-15,,0
ring,2024-03-15,1.347111463546753,2
campus,2024-03-16,,0
ring,2024-03-16,2.3313430118308793,125
campus,2024-03-17,15.31537562948204,12
ring,2024-03-17,18.65185877100223,1522
campus,2024-03-18,7.722163913809523,10
ring,2024-03-18,13.423191632699723,1088
campus,2024-03-19,,0
ring,2024-03-19,,0
campus,2024-03-20,16.379209544291463,5
ring,2024-03-20,9.47690150851041,379
campus,2024-03-21,7.892553291623554,12
ring,2024-03-21,16.67205430211898,1471
campus,2024-03-22,,0
ring,2024-03-22,,0
campus,2024-03-23,13.268325983447793,5
ring,2024-03-23,51.488669602286954,515
campus,2024-03-24,20.132779612685695,2
ring,2024-03-24,32.74402697433452,133
campus,2024-03-25,,0
ring,2024-03-25,,0
campus,2024-03-26,,0
ring,2024-03-26,,0
campus,2024-03-27,,0
ring,2024-03-27,17.167429529705654,54
campus,2024-03-28,4.563326825035944,10
ring,2024-03-28,19.95030961419356,1499
campus,2024-03-29,13.524991444074194,11
ring,2024-03-29,17.745152873489374,1500
campus,2024-03-30,,0
ring,2024-03-30,,0
campus,2024-03-31,,0
ring,2024-03-31,,0
campus,2024-04-01,,0
ring,2024-04-01,1.9930233577610543,32
campus,2024-04-02,,0
ring,2024-04-02,,0
campus,2024-04-03,,0
ring,2024-04-03,2.813865482390708,10
campus,2024-04-04,,0
ring,2024-04-04,,0
campus,2024-04-05,5.164681709945011,9
ring,2024-04-05,17.09599715798595,467
campus,2024-04-06,10.054229979866804,12
ring,2024-04-06,15.878880850146647,1647
campus,2024-04-07,14.782008549746346,12
ring,2024-04-07,16.323387641766942,1640
campus,2024-04-08,8.240317227571065,12
ring,2024-04-08,14.045220336212987,1649
campus,2024-04-09,,0
ring,2024-04-09,9.923710975735565,137
campus,2024-04-10,7.178045390144229,12
ring,2024-04-10,15.585271611929937,1649
campus,2024-04-11,,0
ring,2024-04-11,,0
campus,2024-04-12,,0
ring,2024-04-12,,0
campus,2024-04-13,5.830023713472513,12
ring,2024-04-13,19.290282005330585,1648
campus,2024-04-14,14.707140476875058,12
ring,2024-04-14,19.35200580380279,1240
campus,2024-04-15,6.825983406782819,12
ring,2024-04-15,15.607304530197066,1646
campus,2024-04-16,9.75689391474866,11
ring,2024-04-16,16.561885305848563,1507
campus,2024-04-17,,0
ring,2024-04-17,9.044987919817743,63
campus,2024-04-18,8.61009564631237,12
ring,2024-04-18,17.008247402406635,1495
campus,2024-04-19,6.727908512543048,8
ring,2024-04-19,16.221781395322765,1522
campus,2024-04-20,6.879371414526314,7
ring,2024-04-20,15.81101631393153,1395
campus,2024-04-21,4.49718878190016,8
ring,2024-04-21,16.19515916209583,1474
campus,2024-04-22,3.8828001215588297,7
ring,2024-04-22,15.58985099641116,1495
campus,2024-04-23,,0
ring,2024-04-23,13.49219939069782,12
campus,2024-04-24,17.127347946166992,1
ring,2024-04-24,6.57452596421224,102
campus,2024-04-25,,0
ring,2024-04-25,,0
campus,2024-04-26,6.269817713661826,8
ring,2024-04-26,14.413762116971013,1286
campus,2024-04-27,4.631661498458623,8
ring,2024-04-27,10.095825652438219,437
campus,2024-04-28,,0
ring,2024-04-28,,0
campus,2024-04-29,,0
ring,2024-04-29,5.465004848984052,53
campus,2024-04-30,5.918985500766783,8
ring,2024-04-30,15.53503892707665,1509
campus,2024-05-01,5.044129342170659,8
ring,2024-05-01,11.664629750246105,1024
campus,2024-05-02,,0
ring,2024-05-02,,0
campus,2024-05-03,,0
ring,2024-05-03,,0
campus,2024-05-04,9.246015542767584,8
ring,2024-05-04,16.23723800295644,1647
campus,2024-05-05,6.102514367701823,8
ring,2024-05-05,15.791398194517052,1648
campus,2024-05-06,,0
ring,2024-05-06,,0
campus,2024-05-07,8.486169147535444,8
ring,2024-05-07,14.169703482333178,1648
campus,2024-05-08,5.337078085132674,12
ring,2024-05-08,11.277153007592647,1649
campus,2024-05-09,,0
ring,2024-05-09,,0
campus,2024-05-10,11.584653088087524,8
ring,2024-05-10,16.890808381255642,739
campus,2024-05-11,,0
ring,2024-05-11,,0
campus,2024-05-12,6.583545905857509,8
ring,2024-05-12,13.97694984091908,1647
campus,2024-05-13,4.7933404153912385,6
ring,2024-05-13,12.943039125217046,881
campus,2024-05-14,,0
ring,2024-05-14,,0
campus,2024-05-15,,0
ring,2024-05-15,3.5136455344016526,109
campus,2024-05-16,14.45907142065548,8
ring,2024-05-16,14.950945230413975,1640
campus,2024-05-17,4.64720462455081,8
ring,2024-05-17,13.961197062024103,1372
campus,2024-05-18,3.8663256889779634,8
ring,2024-05-18,15.872976644917015,1414
campus,2024-05-19,4.817944563182958,8
ring,2024-05-19,14.027330155848423,1486
campus,2024-05-20,,0
ring,2024-05-20,,0
campus,2024-05-21,,0
ring,2024-05-21,14.293232170129741,493
campus,2024-05-22,4.054239103714918,8
ring,2024-05-22,15.365234543554223,1443
campus,2024-05-23,6.347073738457635,6
ring,2024-05-23,16.167774590008133,1388
campus,2024-05-24,3.718469037208706,7
ring,2024-05-24,15.097109640801188,1462
campus,2024-05-25,3.354973987296776,6
ring,2024-05-25,13.187837831362138,1327
campus,2024-05-26,,0
ring,2024-05-26,,0
campus,2024-05-27,,0
ring,2024-05-27,2.0681392442702564,161
campus,2024-05-28,9.013974837402802,3
ring,2024-05-28,9.262653188036928,728
campus,2024-05-29,,0
ring,2024-05-29,,0
campus,2024-06-04,,0
ring,2024-06-04,,0
campus,2024-06-05,,0
ring,2024-06-05,,0
campus,2024-06-06,,0
ring,2024-06-06,,0
campus,2024-06-07,,0
ring,2024-06-07,,0
campus,2024-06-08,8.29809882489833,12
ring,2024-06-08,14.17852729091804,1634
campus,2024-06-09,16.32128775428173,12
ring,2024-06-09,13.164206406989122,1646
campus,2024-06-10,,0
ring,2024-06-10,13.849897999155559,231
campus,2024-06-11,,0
ring,2024-06-11,1.7823251485824585,1
campus,2024-06-12,35.5650808909168,10
ring,2024-06-12,19.980014811445294,844
campus,2024-06-13,,0
ring,2024-06-13,,0
campus,2024-06-14,14.574201635969844,12
ring,2024-06-14,13.54080095178022,1646
campus,2024-06-15,,0
ring,2024-06-15,2.1270108269724566,167
campus,2024-06-16,,0
ring,2024-06-16,,0
campus,2024-06-17,,0
ring,2024-06-17,11.907134226390294,14
campus,2024-06-18,,0
ring,2024-06-18,,0
campus,2024-06-19,,0
ring,2024-06-19,1.8852488069032844,24
campus,2024-06-20,17.547280529690504,10
ring,2024-06-20,15.424123890152293,1455
campus,2024-06-21,,0
ring,2024-06-21,17.457919582329705,710
campus,2024-06-22,,0
ring,2024-06-22,,0
campus,2024-06-23,,0
ring,2024-06-23,,0
campus,2024-06-24,18.609842346701434,10
ring,2024-06-24,13.990788629672286,1426
campus,2024-06-25,,0
ring,2024-06-25,,0
campus,2024-06-26,,0
ring,2024-06-26,,0
campus,2024-06-27,,0
ring,2024-06-27,6.673946039759627,4
campus,2024-06-28,,0
ring,2024-06-28,,0
campus,2024-06-29,,0
ring,2024-06-29,,0
campus,2024-06-30,17.202914591792403,8
ring,2024-06-30,14.59825630136902,1455
campus,2024-07-01,15.062907404809199,9
ring,2024-07-01,15.583985128838206,1467
campus,2024-07-02,,0
ring,2024-07-02,,0
campus,2024-07-03,,0
ring,2024-07-03,,0
campus,2024-07-04,,0
ring,2024-07-04,20.075654258389115,154
campus,2024-07-05,,0
ring,2024-07-05,,0
campus,2024-07-06,16.36194014131363,8
ring,2024-07-06,13.811935056144975,1645
campus,2024-07-07,11.746904438712061,8
ring,2024-07-07,13.865076782458774,1648
campus,2024-07-08,,0
ring,2024-07-08,,0
campus,2024-07-09,,0
ring,2024-07-09,,0
campus,2024-07-16,,0
ring,2024-07-16,,0
campus,2024-07-17,8.1027434631742,6
ring,2024-07-17,15.230338997483743,1247
campus,2024-07-18,16.827604771540173,8
ring,2024-07-18,16.40044634663825,1315
campus,2024-07-19,13.122651083003111,8
ring,2024-07-19,16.12889166629218,1384
campus,2024-07-20,,0
ring,2024-07-20,,0
campus,2024-07-21,,0
ring,2024-07-21,17.3722163252783,648
campus,2024-07-22,11.227055570296255,8
ring,2024-07-22,15.837982023570918,1459
campus,2024-07-23,13.412869327622587,8
ring,2024-07-23,16.673035922394188,1312
campus,2024-07-24,,0
ring,2024-07-24,,0
campus,2024-07-29,,0
ring,2024-07-29,,0
campus,2024-07-30,11.441186850633077,7
ring,2024-07-30,16.31344503734183,1451
campus,2024-07-31,7.849656641553679,6
ring,2024-07-31,14.992668145029725,1486
campus,2024-08-01,,0
ring,2024-08-01,,0
campus,2024-08-02,,0
ring,2024-08-02,,0
campus,2024-08-03,11.917026403645307,8
ring,2024-08-03,16.710650296921205,1648
campus,2024-08-04,,0
ring,2024-08-04,,0
campus,2024-08-05,,0
ring,2024-08-05,,0
campus,2024-08-06,,0
ring,2024-08-06,,0
campus,2024-08-07,15.177078096629067,8
ring,2024-08-07,14.211594015871473,1639
campus,2024-08-08,12.5788627145915,8
ring,2024-08-08,17.08568496229311,1630
campus,2024-08-09,14.235336792864922,8
ring,2024-08-09,18.31530986977086,1648
campus,2024-08-10,13.187267491078465,8
ring,2024-08-10,15.35468056767777,1642
campus,2024-08-11,10.361358484438865,8
ring,2024-08-11,14.85727780644883,1648
campus,2024-08-12,,0
ring,2024-08-12,12.59784219450266,656
campus,2024-08-13,16.66889610413696,8
ring,2024-08-13,16.233254270302258,1648
campus,2024-08-14,,0
ring,2024-08-14,26.37124003957993,735
campus,2024-08-15,,0
ring,2024-08-15,,0
campus,2024-08-16,,0
ring,2024-08-16,2.0735969347640335,82
campus,2024-08-17,14.890253796348713,8
ring,2024-08-17,14.143228079329047,1144
campus,2024-08-18,6.80310535858086,7
ring,2024-08-18,18.71980936671903,1146
campus,2024-08-19,9.307663449062193,8
ring,2024-08-19,19.39890304514778,1369
campus,2024-08-20,26.578873668830997,7
ring,2024-08-20,19.400380104935014,1270
campus,2024-08-21,13.189129976280633,6
ring,2024-08-21,16.88027252568007,1466
campus,2024-08-22,18.79636772603686,11
ring,2024-08-22,17.429101083098384,1415
campus,2024-08-23,,0
ring,2024-08-23,13.745530548476129,51
campus,2024-08-24,20.483199121060316,7
ring,2024-08-24,19.094750944534937,1424
campus,2024-08-25,11.029768171764557,12
ring,2024-08-25,17.988680167394403,1429
campus,2024-08-26,13.00645022855801,11
ring,2024-08-26,18.499935446570856,892
campus,2024-08-27,,0
ring,2024-08-27,14.855769774371312,477
campus,2024-08-28,,0
ring,2024-08-28,,0
campus,2024-08-29,,0
ring,2024-08-29,24.715405739025694,177
campus,2024-08-30,,0
ring,2024-08-30,,0
campus,2024-08-31,12.716455552646986,12
ring,2024-08-31,14.833704908779884,1648
campus,2024-09-01,14.765808905094838,12
ring,2024-09-01,14.153836615126485,1648
campus,2024-09-02,8.465045623671232,8
ring,2024-09-02,15.401159829702845,1539
campus,2024-09-03,14.172460623482033,12
ring,2024-09-03,15.115625430004895,1649
campus,2024-09-04,13.103853186973337,12
ring,2024-09-04,16.71937454808424,1649
campus,2024-09-05,11.33924522342023,12
ring,2024-09-05,15.92420618052041,1576
campus,2024-09-06,16.44000945060082,12
ring,2024-09-06,13.228083366860513,1267
campus,2024-09-07,16.726809653024826,12
ring,2024-09-07,14.916536061103118,1646
campus,2024-09-08,,0
ring,2024-09-08,8.982012095505082,916
campus,2024-09-09,20.09317045585782,12
ring,2024-09-09,16.374363152111503,1649
campus,2024-09-10,12.322810442841691,12
ring,2024-09-10,15.25403133873287,1649
campus,2024-09-11,,0
ring,2024-09-11,,0
campus,2024-09-12,19.08136970292719,10
ring,2024-09-12,15.66900319227953,1646
campus,2024-09-13,,0
ring,2024-09-13,1.8173941333761074,7
campus,2024-09-14,12.956240858573096,12
ring,2024-09-14,15.597930767466526,1649
campus,2024-09-15,11.4892601797672,12
ring,2024-09-15,14.400860341509498,1607
campus,2024-09-16,13.790773495461318,12
ring,2024-09-16,14.80551966784232,1520
campus,2024-09-17,9.126900214432982,11
ring,2024-09-17,15.308098820752068,1530
campus,2024-09-18,11.553954745275494,8
ring,2024-09-18,14.962426897828003,1483
campus,2024-09-19,18.696798172795166,11
ring,2024-09-19,14.88808342408623,1492
campus,2024-09-20,,0
ring,2024-09-20,,0
campus,2024-09-21,9.333953980018707,10
ring,2024-09-21,16.077942675035445,1393
campus,2024-09-22,,0
ring,2024-09-22,,0
campus,2024-09-23,16.27055610203081,10
ring,2024-09-23,15.532520201457368,1234
campus,2024-09-24,,0
ring,2024-09-24,3.8216234799811386,14
campus,2024-09-25,10.894451117315214,12
ring,2024-09-25,14.27315115336083,1500
campus,2024-09-28,12.590184160529954,12
ring,2024-09-28,15.846929917850332,934
campus,2024-09-29,8.27528996716917,12
ring,2024-09-29,14.830129542618035,1473
campus,2024-09-30,7.933445415131741,12
ring,2024-09-30,15.247158909145229,1634
campus,2024-10-01,17.836471694746827,12
ring,2024-10-01,15.26708545126863,1649
campus,2024-10-02,14.903442653321317,8
ring,2024-10-02,15.1635900718513,1570
campus,2024-10-03,11.948654278987595,12
ring,2024-10-03,14.204992619035718,1648
campus,2024-10-04,,0
ring,2024-10-04,,0
campus,2024-10-05,41.822327475365256,12
ring,2024-10-05,14.68298696503544,1649
campus,2024-10-06,11.10135521697286,12
ring,2024-10-06,16.815471875671825,1649
campus,2024-10-07,12.10326173258763,12
ring,2024-10-07,15.75795774044768,1649
campus,2024-10-08,46.01412351369636,12
ring,2024-10-08,14.246134445681138,1646
campus,2024-10-09,48.560334319827945,12
ring,2024-10-09,14.743316990355835,1644
campus,2024-10-10,37.46172968412982,12
ring,2024-10-10,15.000427398245263,1649
campus,2024-10-11,41.11002334804874,12
ring,2024-10-11,15.785374535972831,1643
campus,2024-10-12,,0
ring,2024-10-12,,0
campus,2024-10-13,,0
ring,2024-10-13,5.838397791168186,78
campus,2024-10-14,,0
ring,2024-10-14,8.246495391371425,252
campus,2024-10-15,,0
ring,2024-10-15,,0
campus,2024-10-16,39.10833866235981,10
ring,2024-10-16,15.754656768929896,1472
campus,2024-10-17,90.26144290215181,10
ring,2024-10-17,17.19845859188733,1479
campus,2024-10-18,55.032294040148415,7
ring,2024-10-18,16.1119392900929,1446
campus,2024-10-19,33.446376577336736,7
ring,2024-10-19,15.792520993101391,1406
campus,2024-10-20,,0
ring,2024-10-20,15.672131685052822,948
campus,2024-10-21,17.93378597383316,7
ring,2024-10-21,16.372499538056058,1471
campus,2024-10-22,49.043056043772246,7
ring,2024-10-22,18.729175443508186,1367
campus,2024-10-23,50.584868455415055,11
ring,2024-10-23,17.888014348777936,1438
campus,2024-10-24,33.151034032976305,9
ring,2024-10-24,14.855776008831397,1527
campus,2024-10-25,,0
ring,2024-10-25,,0
campus,2024-10-26,35.82531452080942,9
ring,2024-10-26,15.284453251179999,1530
campus,2024-10-27,23.61171327541077,12
ring,2024-10-27,16.17402145752066,1647
campus,2024-10-28,9.577866654881356,12
ring,2024-10-28,16.141362149163736,1639
campus,2024-10-29,,0
ring,2024-10-29,,0
campus,2024-10-30,,0
ring,2024-10-30,,0
campus,2024-10-31,,0
ring,2024-10-31,,0
campus,2024-11-01,,0
ring,2024-11-01,3.9615269185010966,42
campus,2024-11-02,59.479034143780915,12
ring,2024-11-02,16.621008723781987,1647
campus,2024-11-06,,0
ring,2024-11-06,,0
campus,2024-11-07,,0
ring,2024-11-07,,0
campus,2024-11-08,72.5315482453917,12
ring,2024-11-08,15.846500120076724,1649
campus,2024-11-09,42.22217189742516,12
ring,2024-11-09,14.464388724011563,1649
campus,2024-11-10,,0
ring,2024-11-10,,0
campus,2024-11-11,21.44291596964739,12
ring,2024-11-11,13.50580787635394,1649
campus,2024-11-12,31.0229856061891,12
ring,2024-11-12,12.578805449655977,1247
campus,2024-11-13,27.921662737925853,7
ring,2024-11-13,18.603585248065166,935
campus,2024-11-14,,0
ring,2024-11-14,,0
campus,2024-11-15,,0
ring,2024-11-15,,0
campus,2024-11-16,41.13043939446102,8
ring,2024-11-16,13.729434365495317,1234
campus,2024-11-17,,0
ring,2024-11-17,,0
campus,2024-11-18,13.60080271458808,9
ring,2024-11-18,16.99663245729923,1410
campus,2024-11-19,,0
ring,2024-11-19,,0
campus,2024-11-20,,0
ring,2024-11-20,,0
campus,2024-11-21,38.8723324874536,12
ring,2024-11-21,13.910447277309533,528
campus,2024-11-22,,0
ring,2024-11-22,10.550198320305805,388
campus,2024-11-23,,0
ring,2024-11-23,,0
campus,2024-11-24,,0
ring,2024-11-24,,0
campus,2024-11-25,,0
ring,2024-11-25,,0
campus,2024-11-26,52.8257179482867,12
ring,2024-11-26,15.94530810478971,1645
campus,2024-11-27,,0
ring,2024-11-27,,0
campus,2024-11-28,60.55064094144535,12
ring,2024-11-28,16.992135145621294,1649
campus,2024-11-29,,0
ring,2024-11-29,22.234326138969642,402
campus,2024-11-30,14.477152916786272,12
ring,2024-11-30,16.49187096186934,1649
campus,2024-12-01,7.855149737259256,12
ring,2024-12-01,16.89023638724418,1642
campus,2024-12-02,,0
ring,2024-12-02,,0
campus,2024-12-03,35.55605011627454,12
ring,2024-12-03,17.343319044553223,1517
campus,2024-12-04,,0
ring,2024-12-04,,0
campus,2024-12-05,54.92823038626564,12
ring,2024-12-05,17.431173334654527,1647
campus,2024-12-06,51.648589922266524,12
ring,2024-12-06,16.733235835978586,1622
campus,2024-12-07,,0
ring,2024-12-07,,0
campus,2024-12-08,,0
ring,2024-12-08,2.802163556148189,5
campus,2024-12-09,,0
ring,2024-12-09,2.7209169387817385,5
campus,2024-12-10,71.3027162449478,12
ring,2024-12-10,16.321362817306444,1613
campus,2024-12-11,,0
ring,2024-12-11,10.642048370141824,7
campus,2024-12-12,57.78653754855955,11
ring,2024-12-12,31.497997083959724,1308
campus,2024-12-13,63.333921856760284,11
ring,2024-12-13,23.7196913705561,1428
campus,2024-12-14,,0
ring,2024-12-14,,0
campus,2024-12-15,28.6136048243596,3
ring,2024-12-15,30.276352481190223,168
campus,2024-12-16,,0
ring,2024-12-16,25.51553921645685,14
campus,2024-12-17,68.91239747391924,8
ring,2024-12-17,19.501624061389766,442
campus,2024-12-18,,0
ring,2024-12-18,,0
campus,2024-12-19,,0
ring,2024-12-19,,0
campus,2024-12-20,,0
ring,2024-12-20,,0
campus,2024-12-21,177.90184236442292,11
ring,2024-12-21,53.03251106495354,260
campus,2024-12-22,,0
ring,2024-12-22,10.524383511586889,58
campus,2024-12-23,,0
ring,2024-12-23,,0
campus,2024-12-24,,0
ring,2024-12-24,2.459091179516215,6
campus,2024-12-25,,0
ring,2024-12-25,24.084460231324236,38
campus,2024-12-26,,0
ring,2024-12-26,2.580236843664652,33
campus,2024-12-27,,0
ring,2024-12-27,,0
campus,2024-12-28,,0
ring,2024-12-28,1.6421991189320881,15
campus,2024-12-29,,0
ring,2024-12-29,,0
campus,2024-12-30,,0
ring,2024-12-30,4.183778960418387,77
campus,2025-01-01,,0
ring,2025-01-01,2.4719876050949097,8
campus,2025-01-02,,0
ring,2025-01-02,,0
campus,2025-01-03,,0
ring,2025-01-03,,0
campus,2025-01-04,63.09965268481458,12
ring,2025-01-04,17.466408944383378,1636
campus,2025-01-05,,0
ring,2025-01-05,,0
campus,2025-01-06,,0
ring,2025-01-06,,0
campus,2025-01-07,,0
ring,2025-01-07,24.459434250195642,566
campus,2025-01-08,,0
ring,2025-01-08,18.408830316608064,587
campus,2025-01-09,,0
ring,2025-01-09,23.883322069967452,432
campus,2025-01-10,,0
ring,2025-01-10,19.837004182515955,299
campus,2025-01-11,,0
ring,2025-01-11,,0
campus,2025-01-12,,0
ring,2025-01-12,,0
campus,2025-01-13,,0
ring,2025-01-13,,0
campus,2025-01-14,,0
ring,2025-01-14,,0
campus,2025-01-15,,0
ring,2025-01-15,58.73913662730671,295
campus,2025-01-16,116.7704250741713,8
ring,2025-01-16,55.93669332374954,412
campus,2025-01-17,,0
ring,2025-01-17,,0
campus,2025-01-18,,0
ring,2025-01-18,,0
campus,2025-01-19,73.32028131280181,12
ring,2025-01-19,22.19017806223365,1096
campus,2025-01-20,91.4186399310243,12
ring,2025-01-20,23.484195751871077,1179
campus,2025-01-21,80.44817879442633,12
ring,2025-01-21,20.915420939313172,995
campus,2025-01-22,18.63202419650537,6
ring,2025-01-22,24.992518864304095,471
campus,2025-01-23,,0
ring,2025-01-23,,0
campus,2025-01-24,130.7224959331881,5
ring,2025-01-24,61.262169432200075,324
campus,2025-01-25,125.46279807893174,11
ring,2025-01-25,27.984916441520944,761
campus,2025-01-26,73.51955170902998,12
ring,2025-01-26,28.090094488483118,1315
campus,2025-01-27,106.32263447657355,12
ring,2025-01-27,28.14798364810546,1377
campus,2025-01-28,61.475306983755424,12
ring,2025-01-28,22.09366507348437,1612
campus,2025-01-29,84.83527899656646,12
ring,2025-01-29,12.775653206279886,963
campus,2025-01-30,91.0099736951869,12
ring,2025-01-30,17.582363548755175,1639
campus,2025-01-31,,0
ring,2025-01-31,5.524118169168859,82
campus,2025-02-01,,0
ring,2025-02-01,3.3048285483743673,63
campus,2025-02-02,,0
ring,2025-02-02,,0
campus,2025-02-03,,0
ring,2025-02-03,,0
campus,2025-02-04,54.37481340841086,12
ring,2025-02-04,13.998126839558692,1642
campus,2025-02-05,,0
ring,2025-02-05,,0
campus,2025-02-06,4.366355895996094,1
ring,2025-02-06,4.078924172574667,30
campus,2025-02-07,67.9874457114757,9
ring,2025-02-07,17.685632405385604,1518
campus,2025-02-08,100.85831457060449,9
ring,2025-02-08,15.052946484101321,654
campus,2025-02-09,,0
ring,2025-02-09,17.799060890477286,90
campus,2025-02-10,70.40110245174309,9
ring,2025-02-10,18.908152198601464,1403
campus,2025-02-11,,0
ring,2025-02-11,,0
campus,2025-02-12,,0
ring,2025-02-12,,0
campus,2025-02-13,,0
ring,2025-02-13,,0
campus,2025-02-14,,0
ring,2025-02-14,40.04969186010495,17
campus,2025-02-15,,0
ring,2025-02-15,20.58422474789165,17
campus,2025-02-16,,0
ring,2025-02-16,9.361368060112,8
campus,2025-02-17,,0
ring,2025-02-17,10.372679805755615,5
campus,2025-02-18,,0
ring,2025-02-18,23.092821625199647,4
campus,2025-02-19,71.88658684455545,4
ring,2025-02-19,41.958331437264135,12
campus,2025-02-20,109.70324576078956,3
ring,2025-02-20,42.00762229495578,9
campus,2025-02-21,,0
ring,2025-02-21,14.13140259139998,82
campus,2025-02-22,,0
ring,2025-02-22,29.288095082575335,47
campus,2025-02-23,8.505060195922852,1
ring,2025-02-23,34.13627372298691,788
campus,2025-02-24,,0
ring,2025-02-24,,0
campus,2025-02-25,,0
ring,2025-02-25,5.8541648387908936,2
campus,2025-02-26,,0
ring,2025-02-26,,0
campus,2025-02-27,85.49466634214971,10
ring,2025-02-27,10.347338057240716,495
campus,2025-02-28,61.19321967017195,12
ring,2025-02-28,16.180878869650034,1647
campus,2025-03-01,82.61522786690743,12
ring,2025-03-01,13.567884167590638,939
campus,2025-03-02,78.36793262595668,12
ring,2025-03-02,16.618918574787017,1644
campus,2025-03-03,,0
ring,2025-03-03,,0
campus,2025-03-04,,0
ring,2025-03-04,,0
campus,2025-03-05,,0
ring,2025-03-05,,0
campus,2025-03-06,,0
ring,2025-03-06,3.0993113470243827,10
campus,2025-03-07,,0
ring,2025-03-07,,0
campus,2025-03-08,,0
ring,2025-03-08,14.080299546057775,310
campus,2025-03-09,80.13163089198808,11
ring,2025-03-09,22.273823871936322,1427
campus,2025-03-10,90.9141241715558,10
ring,2025-03-10,19.25667652154875,1472
campus,2025-03-11,175.63845485914885,10
ring,2025-03-11,17.721514198470054,1473
campus,2025-03-12,121.2905194533687,10
ring,2025-03-12,17.16678945599225,1438
campus,2025-03-13,101.70113835914115,11
ring,2025-03-13,16.535547371394443,1517
campus,2025-03-14,,0
ring,2025-03-14,,0
campus,2025-03-15,,0
ring,2025-03-15,,0
campus,2025-03-16,,0
ring,2025-03-16,6.849339581001664,17
campus,2025-03-17,117.71536839827681,10
ring,2025-03-17,39.31344469252221,1092
campus,2025-03-18,118.88544965221986,8
ring,2025-03-18,16.35042999437209,1508
campus,2025-03-19,,0
ring,2025-03-19,,0
campus,2025-03-20,,0
ring,2025-03-20,,0
campus,2025-03-21,92.15842687248852,12
ring,2025-03-21,18.37291941367912,1489
campus,2025-03-22,,0
ring,2025-03-22,12.946041668015123,448
campus,2025-03-23,,0
ring,2025-03-23,,0
campus,2025-03-24,,0
ring,2025-03-24,1.3626014156775041,11
campus,2025-03-25,,0
ring,2025-03-25,,0
campus,2025-03-26,155.43171086921302,12
ring,2025-03-26,19.708934420640528,1642
campus,2025-03-27,,0
ring,2025-03-27,17.860002382286016,1196
campus,2025-03-28,152.25840344931294,7
ring,2025-03-28,10.01364858198781,358
campus,2025-03-29,,0
ring,2025-03-29,1.585793687636594,3
campus,2025-03-30,,0
ring,2025-03-30,1.6324195823141818,58
campus,2025-03-31,,0
ring,2025-03-31,3.2290214875547076,184
campus,2025-04-01,72.70565724662262,12
ring,2025-04-01,16.52423673971012,1640
campus,2025-04-02,,0
ring,2025-04-02,,0
campus,2025-04-03,53.92209079396937,12
ring,2025-04-03,15.06248417971852,1648
campus,2025-04-04,110.28896624656842,12
ring,2025-04-04,15.068889717244703,1649
campus,2025-04-05,,0
ring,2025-04-05,,0
campus,2025-04-06,,0
ring,2025-04-06,,0
campus,2025-04-07,90.0882571375347,11
ring,2025-04-07,17.17417739891633,721
campus,2025-04-08,107.18352629521125,11
ring,2025-04-08,17.18239648628371,1542
campus,2025-04-09,,0
ring,2025-04-09,15.89362333470033,683
campus,2025-04-10,,0
ring,2025-04-10,9.55832662368026,123
campus,2025-04-11,107.51314515255869,11
ring,2025-04-11,18.272487118978155,1431
campus,2025-04-12,85.18181156129873,11
ring,2025-04-12,17.78977743531956,1529
campus,2025-04-13,,0
ring,2025-04-13,,0
campus,2025-04-14,,0
ring,2025-04-14,14.249848777611945,14
campus,2025-04-15,,0
ring,2025-04-15,9.195191595289442,9
campus,2025-04-16,148.99560391215635,9
ring,2025-04-16,20.107520565354886,1530
campus,2025-04-17,119.88333092840003,12
ring,2025-04-17,16.866939031350146,1555
campus,2025-04-18,,0
ring,2025-04-18,,0
campus,2025-04-19,,0
ring,2025-04-19,1.6770862458281848,357
campus,2025-04-20,51.99576615759367,8
ring,2025-04-20,14.977656502296185,1625
campus,2025-04-21,,0
ring,2025-04-21,13.959958928115384,113
campus,2025-04-22,137.4874857342991,8
ring,2025-04-22,16.85946741119441,1647
campus,2025-04-23,,0
ring,2025-04-23,,0
campus,2025-04-24,,0
ring,2025-04-24,,0
campus,2025-04-25,,0
ring,2025-04-25,,0
campus,2025-04-26,,0
ring,2025-04-26,2.909337839753333,127
campus,2025-04-27,117.81854914817492,12
ring,2025-04-27,21.047730431277564,1640
campus,2025-04-28,166.05342140980065,7
ring,2025-04-28,17.63110159324994,1645
campus,2025-04-29,,0
ring,2025-04-29,,0
campus,2025-04-30,78.3442042991244,8
ring,2025-04-30,16.44159861072181,1556
campus,2025-05-01,,0
ring,2025-05-01,,0
campus,2025-05-02,,0
ring,2025-05-02,2.592442068992214,4
campus,2025-05-03,,0
ring,2025-05-03,4.075395516546589,61
campus,2025-05-04,131.20173102903192,8
ring,2025-05-04,15.923636717219681,1642
campus,2025-05-05,,0
ring,2025-05-05,3.957581146815963,54
campus,2025-05-06,59.46410466296207,8
ring,2025-05-06,13.753314170437324,1181
campus,2025-05-07,118.51135892514141,7
ring,2025-05-07,18.43533103224904,1547
campus,2025-05-08,56.44452726414209,4
ring,2025-05-08,20.16381994185493,154
campus,2025-05-09,74.08935476398189,7
ring,2025-05-09,16.576582426426558,1566
campus,2025-05-10,,0
ring,2025-05-10,28.392673198362736,103
campus,2025-05-11,104.61281170088427,8
ring,2025-05-11,17.021398075082477,1554
campus,2025-05-12,72.07273874207148,7
ring,2025-05-12,17.397545827763786,1539
campus,2025-05-13,,0
ring,2025-05-13,,0
campus,2025-05-14,,0
ring,2025-05-14,21.700917743628604,884
campus,2025-05-15,,0
ring,2025-05-15,20.542289193571435,10
campus,2025-05-16,80.71533086614788,7
ring,2025-05-16,16.20188199424575,1526
campus,2025-05-17,65.8595487960262,6
ring,2025-05-17,12.544337534178403,404
campus,2025-05-18,,0
ring,2025-05-18,23.378811813217144,178
campus,2025-05-19,,0
ring,2025-05-19,17.436132391580422,74
campus,2025-05-20,,0
ring,2025-05-20,,0
campus,2025-05-21,,0
ring,2025-05-21,,0
campus,2025-05-22,,0
ring,2025-05-22,,0
campus,2025-05-23,75.05842870099958,8
ring,2025-05-23,17.053751934305748,865
campus,2025-05-24,,0
ring,2025-05-24,,0
campus,2025-05-25,,0
ring,2025-05-25,,0
campus,2025-05-26,104.41540475964987,8
ring,2025-05-26,16.44183100655424,1639
campus,2025-05-27,,0
ring,2025-05-27,,0
campus,2025-05-28,,0
ring,2025-05-28,,0
campus,2025-05-29,,0
ring,2025-05-29,19.014200022900802,80
campus,2025-05-30,,0
ring,2025-05-30,,0
campus,2025-05-31,79.2582955405874,10
ring,2025-05-31,14.040265815678955,1644
campus,2025-06-01,33.270323440403615,11
ring,2025-06-01,13.75111546232248,1640
campus,2025-06-02,73.14586771437266,11
ring,2025-06-02,17.92693195262406,1640
campus,2025-06-03,64.16246096075398,10
ring,2025-06-03,14.71060352321954,1351
campus,2025-06-04,,0
ring,2025-06-04,,0
campus,2025-06-05,,0
ring,2025-06-05,,0
campus,2025-06-06,,0
ring,2025-06-06,30.184348110442468,25
campus,2025-06-07,104.11548751307267,11
ring,2025-06-07,16.71039741412778,1590
campus,2025-06-08,,0
ring,2025-06-08,,0
campus,2025-06-09,,0
ring,2025-06-09,,0
campus,2025-06-10,,0
ring,2025-06-10,,0
campus,2025-06-11,69.23653453615553,11
ring,2025-06-11,16.862887199293535,1572
campus,2025-06-12,,0
ring,2025-06-12,,0
campus,2025-06-13,,0
ring,2025-06-13,23.2536531344144,192
campus,2025-06-14,,0
ring,2025-06-14,18.388134433909574,231
campus,2025-06-15,,0
ring,2025-06-15,26.534588130994127,97
campus,2025-06-16,,0
ring,2025-06-16,,0
campus,2025-06-17,,0
ring,2025-06-17,29.215814495086672,13
campus,2025-06-18,,0
ring,2025-06-18,,0
campus,2025-06-19,,0
ring,2025-06-19,,0
campus,2025-06-20,,0
ring,2025-06-20,,0
campus,2025-06-21,,0
ring,2025-06-21,,0
campus,2025-06-22,165.78090722876857,8
ring,2025-06-22,17.583980655308757,1475
campus,2025-06-23,74.15521490180419,12
ring,2025-06-23,17.673471449863243,1208
campus,2025-06-24,,0
ring,2025-06-24,,0
campus,2025-06-25,,0
ring,2025-06-25,5.440632078382704,9
campus,2025-06-26,,0
ring,2025-06-26,,0
campus,2025-06-27,,0
ring,2025-06-27,,0
campus,2025-06-28,78.79111514402011,12
ring,2025-06-28,17.101815476267372,1623
campus,2025-06-29,132.3529329363732,12
ring,2025-06-29,18.258775472550568,1595
campus,2025-06-30,70.64683336336937,8
ring,2025-06-30,18.49528859245087,270
campus,2025-07-01,,0
ring,2025-07-01,,0
campus,2025-07-02,103.9310870966031,12
ring,2025-07-02,16.463391054699425,1646
campus,2025-07-03,128.50019023463094,12
ring,2025-07-03,18.063285402419055,1646
campus,2025-07-04,,0
ring,2025-07-04,,0
campus,2025-07-05,,0
ring,2025-07-05,,0
campus,2025-07-06,,0
ring,2025-07-06,,0
campus,2025-07-07,,0
ring,2025-07-07,,0
campus,2025-07-08,,0
ring,2025-07-08,7.839819261311869,316
campus,2025-07-09,127.67503998309869,7
ring,2025-07-09,15.584382440201878,1583
campus,2025-07-10,102.56380607779064,7
ring,2025-07-10,16.7569322825426,1506
campus,2025-07-11,,0
ring,2025-07-11,,0
campus,2025-07-12,,0
ring,2025-07-12,,0
campus,2025-07-13,60.95628536672656,5
ring,2025-07-13,14.876183472631602,1566
campus,2025-07-14,80.95767498368268,8
ring,2025-07-14,14.540235334410982,1602
campus,2025-07-15,154.8165252961488,7
ring,2025-07-15,17.339865061694454,1531
campus,2025-07-16,137.8596291418885,8
ring,2025-07-16,18.54907358813494,1214
campus,2025-07-17,,0
ring,2025-07-17,,0
campus,2025-07-18,,0
ring,2025-07-18,14.709639965249552,110
campus,2025-07-19,,0
ring,2025-07-19,,0
campus,2025-07-20,,0
ring,2025-07-20,,0
campus,2025-07-21,100.58883090624735,7
ring,2025-07-21,15.875334361373273,1598
campus,2025-07-22,,0
ring,2025-07-22,12.646748067588629,75
campus,2025-07-23,,0
ring,2025-07-23,3.4323876781853206,23
campus,2025-07-24,166.60674317633297,12
ring,2025-07-24,15.283312562669717,1206
campus,2025-07-25,,0
ring,2025-07-25,,0
campus,2025-07-26,,0
ring,2025-07-26,,0
campus,2025-07-27,182.4342032305869,8
ring,2025-07-27,16.830272456514685,1544
campus,2025-07-28,116.23494191451266,8
ring,2025-07-28,15.37114875643315,1648
campus,2025-07-29,,0
ring,2025-07-29,,0
campus,2025-07-30,,0
ring,2025-07-30,,0
campus,2025-07-31,,0
ring,2025-07-31,17.36745663565832,350
campus,2025-08-01,111.10807495539478,8
ring,2025-08-01,18.206116728780767,1430
campus,2025-08-02,,0
ring,2025-08-02,20.812686911207887,899
campus,2025-08-03,88.6178204672677,7
ring,2025-08-03,15.418669494335528,1647
campus,2025-08-04,57.727016269537614,7
ring,2025-08-04,13.238637900101034,1455
campus,2025-08-05,91.7165755821331,7
ring,2025-08-05,14.881746545838247,1648
campus,2025-08-06,74.71408246100168,8
ring,2025-08-06,17.375546760298263,1604
campus,2025-08-07,181.53433472028075,8
ring,2025-08-07,17.46522275354875,1612
campus,2025-08-08,67.12087129439986,6
ring,2025-08-08,15.649370533483303,1534
campus,2025-08-09,94.46586058043331,7
ring,2025-08-09,16.222213018328834,1030
campus,2025-08-10,,0
ring,2025-08-10,,0
campus,2025-08-11,,0
ring,2025-08-11,13.221936688837298,95
campus,2025-08-12,,0
ring,2025-08-12,,0
campus,2025-08-13,126.97967481245658,7
ring,2025-08-13,15.10068678240319,1536
campus,2025-08-14,112.78231952046654,6
ring,2025-08-14,15.93684348165717,1487
campus,2025-08-15,,0
ring,2025-08-15,,0
campus,2025-08-16,,0
ring,2025-08-16,,0
campus,2025-08-17,,0
ring,2025-08-17,,0
campus,2025-08-18,22.20105685316367,3
ring,2025-08-18,14.000637278718989,333
campus,2025-08-19,9.536263830521527,2
ring,2025-08-19,4.977365167927739,638
campus,2025-08-20,31.212051026159973,4
ring,2025-08-20,12.787561338015035,959
campus,2025-08-21,,0
ring,2025-08-21,14.629097503227005,856
campus,2025-08-22,162.50358829990964,8
ring,2025-08-22,19.350318153494154,1639
campus,2025-08-23,,0
ring,2025-08-23,5.695061917268447,16
campus,2025-08-24,87.26129167564847,11
ring,2025-08-24,15.375319721129493,1645
campus,2025-08-25,121.70239696916748,12
ring,2025-08-25,15.503236953499064,1649
campus,2025-08-26,145.80649801195503,12
ring,2025-08-26,16.056662423378295,1591
campus,2025-08-27,167.0335031232469,12
ring,2025-08-27,17.875225188838257,1643
campus,2025-08-28,,0
ring,2025-08-28,4.292361871685131,149
campus,2025-08-29,145.14385251170782,12
ring,2025-08-29,15.828813214305107,1307
campus,2025-08-30,,0
ring,2025-08-30,1.5381213451425235,24
campus,2025-08-31,140.74094787432034,12
ring,2025-08-31,14.99018049753889,1648
campus,2025-09-01,98.96900847786547,11
ring,2025-09-01,16.246628510438775,1638
campus,2025-09-02,110.30191055354842,12
ring,2025-09-02,17.61244255278549,1637
campus,2025-09-03,,0
ring,2025-09-03,9.95388037158597,4
campus,2025-09-04,90.64736264236903,11
ring,2025-09-04,14.9742935082119,1631
campus,2025-09-05,,0
ring,2025-09-05,15.122982086570286,834
campus,2025-09-06,201.0754507038143,8
ring,2025-09-06,16.022923449195364,1509
campus,2025-09-07,78.01215104614907,10
ring,2025-09-07,17.814655207941392,1436
campus,2025-09-08,92.2141575034148,12
ring,2025-09-08,15.942413060524869,1510
campus,2025-09-09,145.45084518621613,7
ring,2025-09-09,14.672049969222549,1535
campus,2025-09-10,,0
ring,2025-09-10,18.23673431115628,173
campus,2025-09-11,151.2586538742528,6
ring,2025-09-11,18.507677635800434,243
campus,2025-09-12,163.72297974899934,8
ring,2025-09-12,19.031480787011482,1202
campus,2025-09-13,,0
ring,2025-09-13,,0
campus,2025-09-14,118.08691750703507,8
ring,2025-09-14,14.990047722198927,1512
campus,2025-09-15,140.06861967266906,7
ring,2025-09-15,15.036612277099842,1534
campus,2025-09-16,127.05146710114293,7
ring,2025-09-16,14.983462368184492,1533
campus,2025-09-17,116.8054928439004,7
ring,2025-09-17,16.789182032261532,1484
campus,2025-09-18,187.4884796142578,1
ring,2025-09-18,14.749824197748664,341
campus,2025-09-19,,0
ring,2025-09-19,6.3798619188371175,96
campus,2025-09-20,,0
ring,2025-09-20,,0
campus,2025-09-21,,0
ring,2025-09-21,,0
campus,2025-09-22,106.82339035206931,12
ring,2025-09-22,17.97413859118492,1630
campus,2025-09-23,,0
ring,2025-09-23,,0
campus,2025-09-24,78.71844756681155,12
ring,2025-09-24,15.103626760927272,1512
campus,2025-09-25,52.33427733338815,11
ring,2025-09-25,12.903858302925375,1016
campus,2025-09-26,129.01852293530993,12
ring,2025-09-26,15.404089655460027,1649
campus,2025-09-27,138.34247942373784,11
ring,2025-09-27,16.12936118840942,1474
campus,2025-09-28,91.1332301910459,6
ring,2025-09-28,17.711944143983168,1027
campus,2025-09-29,,0
ring,2025-09-29,19.426067218400597,560
campus,2025-09-30,114.72752622763318,11
ring,2025-09-30,16.82357442171544,1398
campus,2025-10-01,70.38483602656285,10
ring,2025-10-01,13.874718132961798,1075
campus,2025-10-02,,0
ring,2025-10-02,10.796464445314841,529
campus,2025-10-03,123.63635949705608,12
ring,2025-10-03,17.132734012342297,1609
campus,2025-10-04,121.22468755403268,12
ring,2025-10-04,18.414602093541856,1634
campus,2025-10-05,121.4630790144727,9
ring,2025-10-05,16.058253355720588,1508
campus,2025-10-06,102.4123603619807,9
ring,2025-10-06,16.13360306858773,1431
campus,2025-10-07,,0
ring,2025-10-07,,0
campus,2025-10-08,81.3191445525666,11
ring,2025-10-08,16.09915872447016,1459
campus,2025-10-09,229.29550371811254,9
ring,2025-10-09,18.210563971710222,1481
campus,2025-10-10,171.03435049398593,10
ring,2025-10-10,14.402868604098535,1270
campus,2025-10-11,168.6005996260334,8
ring,2025-10-11,15.646592414516192,1472
campus,2025-10-12,,0
ring,2025-10-12,,0
campus,2025-10-13,109.55219006113842,10
ring,2025-10-13,13.214872900108425,939
campus,2025-10-14,126.68441509155639,9
ring,2025-10-14,18.252619896091534,1456
campus,2025-10-15,,0
ring,2025-10-15,3.366052148396369,75
campus,2025-10-16,,0
ring,2025-10-16,27.10648810353312,173
campus,2025-10-17,78.73700549199579,12
ring,2025-10-17,12.845063522545116,863
campus,2025-10-18,,0
ring,2025-10-18,,0
campus,2025-10-19,,0
ring,2025-10-19,,0
campus,2025-10-20,,0
ring,2025-10-20,,0
campus,2025-10-21,,0
ring,2025-10-21,,0
campus,2025-10-22,,0
ring,2025-10-22,3.2306496293532247,34
campus,2025-10-23,157.1784131217515,12
ring,2025-10-23,16.703122663579812,1530
campus,2025-10-24,160.8658599715496,12
ring,2025-10-24,16.443756662271078,1649
campus,2025-10-25,140.3395374112475,10
ring,2025-10-25,17.137915918799102,1649
campus,2025-10-26,59.73629240151551,10
ring,2025-10-26,13.456121469041673,1649
campus,2025-10-27,98.76767673198994,11
ring,2025-10-27,15.014582346549494,1617
campus,2025-10-28,88.90855326861785,12
ring,2025-10-28,15.287335264834088,1649
campus,2025-10-29,190.72880456182693,12
ring,2025-10-29,15.938267999665596,1636
campus,2025-10-30,157.7111746509908,11
ring,2025-10-30,16.786304980590472,1648
campus,2025-10-31,118.09685095885891,12
ring,2025-10-31,16.567656712870455,1148
campus,2025-11-01,,0
ring,2025-11-01,,0
campus,2025-11-02,63.41147603872456,10
ring,2025-11-02,14.52701654848672,1265
campus,2025-11-03,,0
ring,2025-11-03,,0
campus,2025-11-04,108.38137329283896,10
ring,2025-11-04,4.112926062080986,229
campus,2025-11-05,142.43798154943133,11
ring,2025-11-05,17.345270613037222,1465
campus,2025-11-06,117.88771484345486,11
ring,2025-11-06,16.72423306159448,1456
campus,2025-11-07,,0
ring,2025-11-07,3.7004581990937284,10
campus,2025-11-08,,0
ring,2025-11-08,,0
campus,2025-11-09,,0
ring,2025-11-09,,0
campus,2025-11-10,46.23622228790948,9
ring,2025-11-10,16.639629292140988,740
campus,2025-11-11,,0
ring,2025-11-11,,0
campus,2025-11-12,,0
ring,2025-11-12,,0
campus,2025-11-13,176.43120923800552,9
ring,2025-11-13,16.815191580120924,1469
campus,2025-11-14,172.02952804611448,8
ring,2025-11-14,15.533492053568589,1523
campus,2025-11-15,,0
ring,2025-11-15,,0
campus,2025-11-16,134.78852008014616,12
ring,2025-11-16,16.91275762922441,1649
campus,2025-11-17,134.0201121738979,12
ring,2025-11-17,16.001644248618387,1635
campus,2025-11-18,,0
ring,2025-11-18,,0
campus,2025-11-19,74.14665569744858,11
ring,2025-11-19,13.515094127998367,1313
campus,2025-11-20,,0
ring,2025-11-20,3.8620310647690554,46
campus,2025-11-21,,0
ring,2025-11-21,,0
campus,2025-11-22,108.39628093783595,12
ring,2025-11-22,15.958755011068625,1646
campus,2025-11-23,105.41486115371036,12
ring,2025-11-23,15.555436786785815,847
campus,2025-11-24,117.93276001336307,12
ring,2025-11-24,15.885429069381757,1647
campus,2025-11-25,,0
ring,2025-11-25,,0
campus,2025-11-26,,0
ring,2025-11-26,3.341826732194475,21
campus,2025-11-27,,0
ring,2025-11-27,16.71230581309258,825
campus,2025-11-28,72.95681384787395,12
ring,2025-11-28,15.116042481759639,1376
campus,2025-11-29,,0
ring,2025-11-29,,0
campus,2025-11-30,,0
ring,2025-11-30,,0
campus,2025-12-01,161.52349536411535,5
ring,2025-12-01,57.74777798553405,79
campus,2025-12-02,,0
ring,2025-12-02,92.22205965150924,8
campus,2025-12-03,,0
ring,2025-12-03,,0
campus,2025-12-04,297.7465025005919,2
ring,2025-12-04,9.311094957974705,74
campus,2025-12-05,,0
ring,2025-12-05,11.54298916654112,65
campus,2025-12-06,,0
ring,2025-12-06,21.253499031066895,2
campus,2025-12-07,,0
ring,2025-12-07,,0
campus,2025-12-08,,0
ring,2025-12-08,38.46181297302246,5
campus,2025-12-09,,0
ring,2025-12-09,,0
campus,2025-12-10,,0
ring,2025-12-10,10.952771810384897,13
campus,2025-12-11,,0
ring,2025-12-11,18.061003959143015,12
campus,2025-12-12,79.734193240895,4
ring,2025-12-12,18.09958909144512,48
campus,2025-12-13,,0
ring,2025-12-13,4.789315177401575,9
campus,2025-12-14,303.9189617778316,4
ring,2025-12-14,13.542724849996826,115
campus,2025-12-15,119.5760269165039,1
ring,2025-12-15,48.9324836730957,1
campus,2025-12-16,,0
ring,2025-12-16,31.76983312704355,49
campus,2025-12-17,,0
ring,2025-12-17,,0
campus,2025-12-18,,0
ring,2025-12-18,,0
campus,2025-12-19,,0
ring,2025-12-19,,0
campus,2025-12-20,,0
ring,2025-12-20,,0
campus,2025-12-21,116.52278884474528,12
ring,2025-12-21,20.721628647682127,1635
campus,2025-12-22,,0
ring,2025-12-22,,0
campus,2025-12-23,77.99763204181009,12
ring,2025-12-23,16.371493329956568,1632
campus,2025-12-24,,0
ring,2025-12-24,,0
campus,2025-12-25,,0
ring,2025-12-25,6.347127914428711,1
campus,2025-12-26,,0
ring,2025-12-26,,0
campus,2025-12-27,,0
ring,2025-12-27,1.3540752323435221,127
campus,2025-12-28,,0
ring,2025-12-28,,0
campus,2025-12-29,25.692599600011654,4
ring,2025-12-29,14.834489260026926,661
campus,2025-12-30,62.53269697980182,2
ring,2025-12-30,28.342739425596797,938
campus,2026-01-01,134.3279453370629,2
ring,2026-01-01,58.81435182419879,507
campus,2026-01-02,,0
ring,2026-01-02,47.20086783043882,23
campus,2026-01-03,,0
ring,2026-01-03,,0
campus,2026-01-04,,0
ring,2026-01-04,11.385936652283064,11
campus,2026-01-05,,0
ring,2026-01-05,48.91877970301971,28
campus,2026-01-06,,0
ring,2026-01-06,19.332066486440883,24
campus,2026-01-07,,0
ring,2026-01-07,12.549929190038782,23
campus,2026-01-08,102.24684463916438,10
ring,2026-01-08,14.847287841923247,1540
campus,2026-01-09,121.89546603583851,8
ring,2026-01-09,15.290263595758594,1425
campus,2026-01-10,,0
ring,2026-01-10,,0
campus,2026-01-11,206.64621570087473,8
ring,2026-01-11,23.22123300925632,1319
campus,2026-01-12,,0
ring,2026-01-12,16.91507138114288,316
campus,2026-01-13,,0
ring,2026-01-13,,0
campus,2026-01-14,,0
ring,2026-01-14,0.8382897424697877,11
campus,2026-01-15,,0
ring,2026-01-15,10.100153258152265,9
campus,2026-01-16,,0
ring,2026-01-16,4.976654059017622,25
campus,2026-01-17,,0
ring,2026-01-17,,0
campus,2026-01-18,,0
ring,2026-01-18,,0
campus,2026-01-19,,0
ring,2026-01-19,,0
campus,2026-01-20,,0
ring,2026-01-20,85.05888488814728,120
campus,2026-01-21,,0
ring,2026-01-21,,0
campus,2026-01-22,,0
ring,2026-01-22,107.2864695774843,68
campus,2026-01-23,,0
ring,2026-01-23,92.14513092848645,89
campus,2026-01-24,,0
ring,2026-01-24,64.18335982012056,50
campus,2026-01-25,,0
ring,2026-01-25,12.657789707183838,4
campus,2026-01-26,,0
ring,2026-01-26,14.033559349246492,4
campus,2026-01-27,217.95652770996094,1
ring,2026-01-27,91.83247218256346,21
campus,2026-01-28,259.2940390233835,8
ring,2026-01-28,96.31702936538855,143
campus,2026-01-29,172.18315582541686,6
ring,2026-01-29,96.66952256162341,115
campus,2026-01-30,51.28801685353225,4
ring,2026-01-30,44.30797950279274,66
campus,2026-01-31,,0
ring,2026-01-31,,0
campus,2026-02-01,,0
ring,2026-02-01,127.50362922605385,133
campus,2026-02-02,,0
ring,2026-02-02,44.586832495296704,34
campus,2026-02-03,,0
ring,2026-02-03,63.33520083861623,96
campus,2026-02-04,,0
ring,2026-02-04,23.637197269882993,33
campus,2026-02-05,,0
ring,2026-02-05,,0
campus,2026-02-06,,0
ring,2026-02-06,20.32015156863632,34
campus,2026-02-07,,0
ring,2026-02-07,49.149482869404196,609
campus,2026-02-08,,0
ring,2026-02-08,,0
campus,2026-02-09,,0
ring,2026-02-09,11.04722193709543,78
campus,2026-02-10,,0
ring,2026-02-10,10.047415096923523,48
campus,2026-02-11,195.2966297688527,10
ring,2026-02-11,21.149027447431216,1385
campus,2026-02-12,186.48168587128103,12
ring,2026-02-12,23.607619138007927,1436
campus,2026-02-13,130.01248398147715,12
ring,2026-02-13,20.282182649404305,1514
campus,2026-02-14,166.61101941679487,12
ring,2026-02-14,17.83257379718085,1568
campus,2026-02-15,99.86771707953305,12
ring,2026-02-15,15.232994342967126,1546
campus,2026-02-16,,0
ring,2026-02-16,,0
campus,2026-02-17,,0
ring,2026-02-17,3.3233392654775495,4
campus,2026-02-18,,0
ring,2026-02-18,,0
campus,2026-02-19,,0
ring,2026-02-19,,0
campus,2026-02-20,,0
ring,2026-02-20,2.635218930798908,3
campus,2026-02-21,134.51374937595335,12
ring,2026-02-21,15.207277245214232,1647
campus,2026-02-22,,0
ring,2026-02-22,2.0341302556917067,2
campus,2026-02-23,,0
ring,2026-02-23,,0
campus,2026-02-24,,0
ring,2026-02-24,16.576167290644467,651
campus,2026-02-25,151.11667374426824,10
ring,2026-02-25,18.404158155732315,1583
campus,2026-02-26,204.2625381059736,11
ring,2026-02-26,18.161343565692487,1500
campus,2026-02-27,96.95699915176782,11
ring,2026-02-27,15.046101493379208,1510
campus,2026-02-28,210.4597846512606,9
ring,2026-02-28,17.159944055419306,1499
campus,2026-03-01,56.81791330266882,10
ring,2026-03-01,31.310197513974792,145
campus,2026-03-02,122.10899606628134,12
ring,2026-03-02,19.48013807609364,1515
campus,2026-03-03,100.57507971830147,2
ring,2026-03-03,21.160419598413373,734
campus,2026-03-04,112.29171219192634,12
ring,2026-03-04,25.283713316176456,98
campus,2026-03-05,22.10181075309399,5
ring,2026-03-05,15.87629942000773,133
campus,2026-03-06,19.32323148308731,4
ring,2026-03-06,14.008659566252621,77
campus,2026-03-07,,0
ring,2026-03-07,,0
campus,2026-03-08,183.472819816732,11
ring,2026-03-08,17.45136051718982,1559
campus,2026-03-09,,0
ring,2026-03-09,,0
campus,2026-03-13,,0
ring,2026-03-13,,0
campus,2026-03-14,127.8310745566054,12
ring,2026-03-14,16.81943916735162,1641
campus,2026-03-15,,0
ring,2026-03-15,,0
campus,2026-03-16,,0
ring,2026-03-16,11.454039078211881,82
campus,2026-03-17,290.4429767370002,12
ring,2026-03-17,39.23539598951754,1604
campus,2026-03-18,,0
ring,2026-03-18,14.921439827405184,452
campus,2026-03-19,,0
ring,2026-03-19,,0
campus,2026-03-20,,0
ring,2026-03-20,,0
campus,2026-03-21,,0
ring,2026-03-21,,0
campus,2026-03-22,,0
ring,2026-03-22,8.482353717288387,370
campus,2026-03-23,,0
ring,2026-03-23,2.39391769201164,25
campus,2026-03-24,,0
ring,2026-03-24,,0
campus,2026-03-25,,0
ring,2026-03-25,,0
campus,2026-03-26,173.72441834005434,12
ring,2026-03-26,19.123439196305647,1256
campus,2026-03-27,,0
ring,2026-03-27,13.878757234032117,117
campus,2026-03-28,121.0712350084891,12
ring,2026-03-28,21.413712542134316,1381
campus,2026-03-29,,0
ring,2026-03-29,,0
campus,2026-03-30,220.09675726137667,10
ring,2026-03-30,19.35258161978982,1346
campus,2026-03-31,,0
ring,2026-03-31,,0
campus,2026-04-01,,0
ring,2026-04-01,,0
campus,2026-04-02,,0
ring,2026-04-02,,0
campus,2026-04-03,19.562127837839054,4
ring,2026-04-03,9.997913527282138,119
campus,2026-04-04,,0
ring,2026-04-04,,0
campus,2026-04-05,,0
ring,2026-04-05,23.101108711177332,19
campus,2026-04-06,112.47832508472666,11
ring,2026-04-06,17.178758209419858,1224
campus,2026-04-07,171.4231998572189,11
ring,2026-04-07,19.820278463313127,1306
campus,2026-04-08,,0
ring,2026-04-08,,0
campus,2026-04-09,,0
ring,2026-04-09,,0
campus,2026-04-10,,0
ring,2026-04-10,,0
campus,2026-04-11,112.40975498685653,11
ring,2026-04-11,16.13666185201892,1647
campus,2026-04-12,,0
ring,2026-04-12,,0
campus,2026-04-13,,0
ring,2026-04-13,1.6214543244870474,101
campus,2026-04-14,,0
ring,2026-04-14,,0
campus,2026-04-15,,0
ring,2026-04-15,,0
campus,2026-04-16,,0
ring,2026-04-16,,0
campus,2026-04-17,,0
ring,2026-04-17,22.75878478788247,137
campus,2026-04-18,,0
ring,2026-04-18,,0
campus,2026-04-19,85.9942914674203,8
ring,2026-04-19,19.637248717375826,1646
campus,2026-04-20,121.99721921238071,8
ring,2026-04-20,17.779282733159274,1646
campus,2026-04-21,,0
ring,2026-04-21,,0
campus,2026-04-22,128.1603764617254,7
ring,2026-04-22,16.367087294261424,1581
campus,2026-04-23,122.53143122979196,8
ring,2026-04-23,17.89975678721129,1061
campus,2026-04-24,,0
ring,2026-04-24,,0
campus,2026-04-25,,0
ring,2026-04-25,4.385433670528775,16
campus,2026-04-26,107.17697595406283,8
ring,2026-04-26,16.205343318807103,1533
campus,2026-04-27,,0
ring,2026-04-27,,0
campus,2026-05-01,,0
ring,2026-05-01,,0
campus,2026-05-02,155.17561308542892,7
ring,2026-05-02,16.575200956656225,1494
campus,2026-05-03,,0
ring,2026-05-03,17.15613691130342,61
campus,2026-05-04,132.6065360103864,6
ring,2026-05-04,17.305250644540067,1521
campus,2026-05-05,144.97152990429714,6
ring,2026-05-05,16.04588172254431,1333
campus,2026-05-06,107.05663854873488,8
ring,2026-05-06,16.27063157527049,1527
campus,2026-05-07,126.98295172378147,8
ring,2026-05-07,16.633826672815882,1505
campus,2026-05-08,90.3590219469528,8
ring,2026-05-08,16.415470467176693,1523
campus,2026-05-09,147.46979313361933,7
ring,2026-05-09,16.37916981125455,1531
campus,2026-05-10,158.80812480968743,8
ring,2026-05-10,18.823826143060074,1647
campus,2026-05-11,,0
ring,2026-05-11,11.078431542997684,122
campus,2026-05-12,,0
ring,2026-05-12,7.907593493760622,174
campus,2026-05-13,147.81075282642323,8
ring,2026-05-13,16.061871400848915,1246
campus,2026-05-14,158.81869164252194,8
ring,2026-05-14,15.666290049629195,1647
campus,2026-05-15,,0
ring,2026-05-15,,0
campus,2026-05-16,,0
ring,2026-05-16,,0
campus,2026-05-17,,0
ring,2026-05-17,,0
campus,2026-05-18,,0
ring,2026-05-18,4.458044023302518,33
campus,2026-05-19,,0
ring,2026-05-19,,0
campus,2026-05-20,144.0392813242669,8
ring,2026-05-20,16.178046429476733,1567
campus,2026-05-21,,0
ring,2026-05-21,20.289652583537993,298
campus,2026-05-22,,0
ring,2026-05-22,,0
campus,2026-05-23,,0
ring,2026-05-23,,0
campus,2026-05-24,,0
ring,2026-05-24,,0
campus,2026-05-25,122.88743043264886,12
ring,2026-05-25,16.52860820867498,1645
campus,2026-05-26,110.03057025975255,11
ring,2026-05-26,17.370801952956235,1481
campus,2026-05-27,,0
ring,2026-05-27,4.514255760265424,19
campus,2026-05-28,,0
ring,2026-05-28,,0
campus,2026-05-29,205.0091279168283,9
ring,2026-05-29,17.02920503619611,1518
campus,2026-05-30,142.99612341429057,11
ring,2026-05-30,17.004762048340794,1504
campus,2026-05-31,107.39345994280666,12
ring,2026-05-31,15.177996708396899,1246
campus,2026-06-03,,0
ring,2026-06-03,,0
campus,2026-06-04,144.66175699934556,11
ring,2026-06-04,15.279810235376837,1179
campus,2026-06-05,107.70916038533603,12
ring,2026-06-05,16.829501194079086,1497
campus,2026-06-06,91.24134133687608,8
ring,2026-06-06,17.079377392032494,1341
campus,2026-06-07,,0
ring,2026-06-07,26.23611117150367,10
campus,2026-06-08,,0
ring,2026-06-08,,0
campus,2026-06-09,41.419624617863306,12
ring,2026-06-09,12.022796308365022,639
campus,2026-06-10,,0
ring,2026-06-10,,0
campus,2026-06-11,,0
ring,2026-06-11,,0
campus,2026-06-12,,0
ring,2026-06-12,1.5300503641796004,12
campus,2026-06-13,,0
ring,2026-06-13,,0
campus,2026-06-14,,0
ring,2026-06-14,,0
campus,2026-06-15,140.1802860352617,12
ring,2026-06-15,16.10866480758735,1638
campus,2026-06-16,136.47544686268952,12
ring,2026-06-16,16.204492411131483,1638
campus,2026-06-17,,0
ring,2026-06-17,,0
campus,2026-06-18,,0
ring,2026-06-18,,0
campus,2026-06-19,,0
ring,2026-06-19,,0
campus,2026-06-20,118.56462168970032,12
ring,2026-06-20,16.926475552465273,1642
campus,2026-06-21,,0
ring,2026-06-21,,0
campus,2026-06-22,,0
ring,2026-06-22,4.3121054677441615,3
campus,2026-06-23,,0
ring,2026-06-23,,0
campus,2026-06-24,,0
ring,2026-06-24,,0
campus,2026-06-25,,0
ring,2026-06-25,1.6099435927031878,13
campus,2026-06-26,161.16964212576184,11
ring,2026-06-26,15.622030779356813,1644
campus,2026-06-27,,0
ring,2026-06-27,19.562577797602042,252
campus,2026-06-28,,0
ring,2026-06-28,,0
campus,2026-06-29,,0
ring,2026-06-29,,0
campus,2026-06-30,,0
ring,2026-06-30,,0
campus,2026-07-01,204.19800261427346,10
ring,2026-07-01,18.033571456877787,1442
campus,2026-07-02,91.92206633614062,11
ring,2026-07-02,18.2406398160633,1438
campus,2026-07-03,,0
ring,2026-07-03,,0
campus,2026-07-04,,0
ring,2026-07-04,,0
campus,2026-07-05,,0
ring,2026-07-05,,0
campus,2026-07-06,164.51683027359076,9
ring,2026-07-06,16.623260298713152,1526
campus,2026-07-07,106.19921079392311,12
ring,2026-07-07,17.57525720279326,1463
campus,2026-07-08,117.95321041042521,12
ring,2026-07-08,20.755270333850028,1395
campus,2026-07-09,,0
ring,2026-07-09,,0
campus,2026-07-10,,0
ring,2026-07-10,,0
campus,2026-07-17,95.95319634722703,7
ring,2026-07-17,14.287799065071093,1552
campus,2026-07-18,,0
ring,2026-07-18,,0
campus,2026-07-19,,0
ring,2026-07-19,,0
campus,2026-07-20,,0
ring,2026-07-20,8.944758402697627,121
campus,2026-07-21,,0
ring,2026-07-21,2.5540676085813945,35
campus,2026-07-22,141.50315705964485,8
ring,2026-07-22,17.491888785160747,1527
campus,2026-07-23,95.9024710567235,8
ring,2026-07-23,17.158851700652907,1644
campus,2026-07-24,,0
ring,2026-07-24,,0
campus,2026-07-25,55.131813049316406,1
ring,2026-07-25,25.499482332882934,795
campus,2026-07-26,,0
ring,2026-07-26,16.082141401419502,547
campus,2026-07-27,61.44852106605327,4
ring,2026-07-27,11.177290633851598,56
campus,2026-07-28,,0
ring,2026-07-28,18.682693941632067,922
campus,2026-07-29,122.14331598130484,7
ring,2026-07-29,17.9352170512921,1496
campus,2026-07-30,131.2891571521759,7
ring,2026-07-30,16.57890167866892,1068
campus,2026-07-31,222.1542270675538,7
ring,2026-07-31,15.13990596921407,1326
campus,2026-08-01,,0
ring,2026-08-01,,0
campus,2026-08-02,100.85560573515346,4
ring,2026-08-02,15.586226651812492,640
campus,2026-08-03,,0
ring,2026-08-03,,0
campus,2026-08-06,,0
ring,2026-08-06,,0
campus,2026-08-07,89.72429310703629,8
ring,2026-08-07,15.236227030360762,1551
campus,2026-08-08,188.0298632818555,7
ring,2026-08-08,16.823759557343255,1564
campus,2026-08-09,54.48615041078237,8
ring,2026-08-09,14.951879009822868,1496
campus,2026-08-10,,0
ring,2026-08-10,12.39565981800189,321
campus,2026-08-11,,0
ring,2026-08-11,,0
campus,2026-08-12,,0
ring,2026-08-12,,0
campus,2026-08-13,105.11123682564035,8
ring,2026-08-13,14.998696869614982,1128
campus,2026-08-14,,0
ring,2026-08-14,3.0175526360629967,71
campus,2026-08-15,,0
ring,2026-08-15,7.974840700579169,40
campus,2026-08-16,,0
ring,2026-08-16,,0
campus,2026-08-17,124.35293995058406,8
ring,2026-08-17,13.182143758610623,856
campus,2026-08-18,165.06287541160728,8
ring,2026-08-18,14.319731354696808,1080
campus,2026-08-19,107.56983771799233,8
ring,2026-08-19,16.11040883962631,1452
campus,2026-08-20,,0
ring,2026-08-20,15.569544724000544,359
campus,2026-08-21,109.15176263858471,8
ring,2026-08-21,16.3010140070374,1647
campus,2026-08-22,105.7224721193047,7
ring,2026-08-22,14.618379714820504,1645
campus,2026-08-23,145.1913604736328,7
ring,2026-08-23,15.800121570237634,1646
campus,2026-08-24,240.7493359083619,8
ring,2026-08-24,17.193697754911312,1648
campus,2026-08-25,243.83698675475142,6
ring,2026-08-25,19.828442593213932,1580
campus,2026-08-26,22.370864868164062,1
ring,2026-08-26,20.721396845606364,504
campus,2026-08-27,164.63155334692266,10
ring,2026-08-27,16.747473472722014,1539
campus,2026-08-28,164.89593280000113,10
ring,2026-08-28,17.008659443191117,1531
campus,2026-08-29,,0
ring,2026-08-29,2.962255119695547,109
campus,2026-08-30,,0
ring,2026-08-30,,0
campus,2026-08-31,,0
ring,2026-08-31,6.930873359225144,35
campus,2026-09-01,144.72522660218925,12
ring,2026-09-01,15.98511713812722,1420
campus,2026-09-02,,0
ring,2026-09-02,,0
campus,2026-09-03,,0
ring,2026-09-03,,0
campus,2026-09-04,,0
ring,2026-09-04,,0
campus,2026-09-05,,0
ring,2026-09-05,,0
campus,2026-09-06,,0
ring,2026-09-06,,0
campus,2026-09-07,,0
ring,2026-09-07,,0
campus,2026-09-08,,0
ring,2026-09-08,,0
