z,d,rad,n
campus,2019-01-01,,0
ring,2019-01-01,,0
campus,2019-01-02,19.27087030276446,4
ring,2019-01-02,21.402108217441693,1310
campus,2019-01-03,,0
ring,2019-01-03,12.133681343264502,162
campus,2019-01-04,,0
ring,2019-01-04,,0
campus,2019-01-05,,0
ring,2019-01-05,,0
campus,2019-01-06,,0
ring,2019-01-06,,0
campus,2019-01-07,,0
ring,2019-01-07,,0
campus,2019-01-08,,0
ring,2019-01-08,,0
campus,2019-01-09,,0
ring,2019-01-09,,0
campus,2019-01-10,,0
ring,2019-01-10,,0
campus,2019-01-11,,0
ring,2019-01-11,17.190198049261756,194
campus,2019-01-12,,0
ring,2019-01-12,,0
campus,2019-01-13,,0
ring,2019-01-13,,0
campus,2019-01-14,,0
ring,2019-01-14,,0
campus,2019-01-15,,0
ring,2019-01-15,12.68713950711813,2
campus,2019-01-16,,0
ring,2019-01-16,12.325406262061428,50
campus,2019-01-17,21.911606204341837,4
ring,2019-01-17,31.828067940685553,1310
campus,2019-01-18,,0
ring,2019-01-18,31.896236179469962,31
campus,2019-01-19,,0
ring,2019-01-19,,0
campus,2019-01-20,,0
ring,2019-01-20,36.63300094604492,15
campus,2019-01-21,,0
ring,2019-01-21,,0
campus,2019-01-22,26.064857189644112,4
ring,2019-01-22,35.97130332155833,1302
campus,2019-01-23,36.37778818154637,3
ring,2019-01-23,32.017576798136545,450
campus,2019-01-24,24.065635040892122,4
ring,2019-01-24,30.75654372241439,1311
campus,2019-01-25,30.268632955954107,4
ring,2019-01-25,34.17411405604872,1155
campus,2019-01-26,27.192376584514207,4
ring,2019-01-26,39.58252110081683,1279
campus,2019-01-27,20.86280291479544,3
ring,2019-01-27,32.44486160767937,981
campus,2019-01-28,30.127227535852438,3
ring,2019-01-28,29.623386638330366,1256
campus,2019-01-29,32.5534269037381,4
ring,2019-01-29,28.486010960616177,1318
campus,2019-01-30,35.66342021825727,4
ring,2019-01-30,31.613531440366454,1322
campus,2019-01-31,23.102919793464768,4
ring,2019-01-31,28.93925822216723,980
campus,2019-02-01,,0
ring,2019-02-01,,0
campus,2019-02-02,,0
ring,2019-02-02,,0
campus,2019-02-03,17.31492138580537,4
ring,2019-02-03,24.812430622407884,1291
campus,2019-02-04,,0
ring,2019-02-04,,0
campus,2019-02-05,,0
ring,2019-02-05,,0
campus,2019-02-06,29.53021533052686,4
ring,2019-02-06,32.205202897996074,1284
campus,2019-02-07,,0
ring,2019-02-07,19.7465137460065,77
campus,2019-02-08,,0
ring,2019-02-08,,0
campus,2019-02-09,,0
ring,2019-02-09,,0
campus,2019-02-10,,0
ring,2019-02-10,,0
campus,2019-02-11,,0
ring,2019-02-11,,0
campus,2019-02-12,,0
ring,2019-02-12,,0
campus,2019-02-13,,0
ring,2019-02-13,26.480220374453303,108
campus,2019-02-14,,0
ring,2019-02-14,14.086186070501343,87
campus,2019-02-15,,0
ring,2019-02-15,26.842949855326317,117
campus,2019-02-16,,0
ring,2019-02-16,13.541780034998174,139
campus,2019-02-17,,0
ring,2019-02-17,,0
campus,2019-02-18,,0
ring,2019-02-18,22.43153227546215,378
campus,2019-02-19,,0
ring,2019-02-19,34.80984643868918,56
campus,2019-02-20,,0
ring,2019-02-20,27.436716784997646,464
campus,2019-02-21,,0
ring,2019-02-21,19.50721231985599,317
campus,2019-02-22,,0
ring,2019-02-22,18.373109191612002,397
campus,2019-02-23,,0
ring,2019-02-23,10.864496231079102,2
campus,2019-02-24,,0
ring,2019-02-24,11.28989988408813,150
campus,2019-02-25,,0
ring,2019-02-25,5.969826612432474,94
campus,2019-02-26,,0
ring,2019-02-26,11.904153045301568,468
campus,2019-02-27,14.314723451724229,3
ring,2019-02-27,12.386880008566552,603
campus,2019-02-28,,0
ring,2019-02-28,9.42191474533858,75
campus,2019-03-01,13.39565975369302,3
ring,2019-03-01,25.096904003398986,802
campus,2019-03-02,,0
ring,2019-03-02,,0
campus,2019-03-03,22.44863318053769,4
ring,2019-03-03,34.00142423388956,1102
campus,2019-03-04,,0
ring,2019-03-04,,0
campus,2019-03-05,,0
ring,2019-03-05,,0
campus,2019-03-06,,0
ring,2019-03-06,,0
campus,2019-03-07,,0
ring,2019-03-07,,0
campus,2019-03-08,,0
ring,2019-03-08,,0
campus,2019-03-09,,0
ring,2019-03-09,,0
campus,2019-03-10,,0
ring,2019-03-10,,0
campus,2019-03-11,19.53276356173233,4
ring,2019-03-11,31.67143105486704,1322
campus,2019-03-12,25.32236982623176,4
ring,2019-03-12,32.5650784570794,1311
campus,2019-03-13,,0
ring,2019-03-13,,0
campus,2019-03-14,,0
ring,2019-03-14,,0
campus,2019-03-15,,0
ring,2019-03-15,,0
campus,2019-03-16,,0
ring,2019-03-16,,0
campus,2019-03-17,,0
ring,2019-03-17,,0
campus,2019-03-18,22.873427198526443,4
ring,2019-03-18,28.649195361412286,1180
campus,2019-03-19,21.600214520696756,2
ring,2019-03-19,29.230195903639554,317
campus,2019-03-20,,0
ring,2019-03-20,27.39614950518398,370
campus,2019-03-21,14.42213422703631,4
ring,2019-03-21,25.760387908725853,1258
campus,2019-03-22,,0
ring,2019-03-22,18.944664121207015,140
campus,2019-03-23,,0
ring,2019-03-23,18.23977452674002,5
campus,2019-03-24,6.879641532897949,1
ring,2019-03-24,8.231856936207716,26
campus,2019-03-25,,0
ring,2019-03-25,17.67397404909589,263
campus,2019-03-26,18.09772038853208,2
ring,2019-03-26,21.303817173305028,842
campus,2019-03-27,12.837986946105957,1
ring,2019-03-27,17.108118963268513,292
campus,2019-03-28,,0
ring,2019-03-28,29.166266123453777,9
campus,2019-03-29,,0
ring,2019-03-29,27.081903161159293,169
campus,2019-03-30,,0
ring,2019-03-30,,0
campus,2019-03-31,,0
ring,2019-03-31,,0
campus,2019-04-01,,0
ring,2019-04-01,,0
campus,2019-04-02,,0
ring,2019-04-02,25.513939973529283,6
campus,2019-04-03,,0
ring,2019-04-03,,0
campus,2019-04-04,,0
ring,2019-04-04,,0
campus,2019-04-05,26.7130900414337,4
ring,2019-04-05,36.272200611124354,1326
campus,2019-04-06,,0
ring,2019-04-06,13.211812175118292,14
campus,2019-04-07,,0
ring,2019-04-07,,0
campus,2019-04-08,16.27314503714762,3
ring,2019-04-08,24.365737863135887,836
campus,2019-04-09,,0
ring,2019-04-09,24.770312434315137,58
campus,2019-04-10,18.520450574131637,4
ring,2019-04-10,24.279854378075726,846
campus,2019-04-11,,0
ring,2019-04-11,,0
campus,2019-04-12,,0
ring,2019-04-12,,0
campus,2019-04-13,,0
ring,2019-04-13,,0
campus,2019-04-14,,0
ring,2019-04-14,,0
campus,2019-04-15,,0
ring,2019-04-15,,0
campus,2019-04-16,20.85952835351648,4
ring,2019-04-16,31.33194087295325,1184
campus,2019-04-17,,0
ring,2019-04-17,24.024545395713464,610
campus,2019-04-18,,0
ring,2019-04-18,17.315152226426736,111
campus,2019-04-19,,0
ring,2019-04-19,24.753489791671193,196
campus,2019-04-20,,0
ring,2019-04-20,16.533002735798174,206
campus,2019-04-21,,0
ring,2019-04-21,12.305692888113839,74
campus,2019-04-22,22.109494667786816,3
ring,2019-04-22,23.452693553369116,738
campus,2019-04-23,,0
ring,2019-04-23,,0
campus,2019-04-24,,0
ring,2019-04-24,25.449420409956087,578
campus,2019-04-25,35.06303429776762,4
ring,2019-04-25,29.114371740043985,1256
campus,2019-04-26,,0
ring,2019-04-26,31.18322874065848,335
campus,2019-04-27,,0
ring,2019-04-27,,0
campus,2019-04-28,,0
ring,2019-04-28,,0
campus,2019-04-29,,0
ring,2019-04-29,19.81011168998157,330
campus,2019-04-30,,0
ring,2019-04-30,,0
campus,2019-05-01,,0
ring,2019-05-01,,0
campus,2019-05-02,,0
ring,2019-05-02,,0
campus,2019-05-03,,0
ring,2019-05-03,,0
campus,2019-05-04,,0
ring,2019-05-04,,0
campus,2019-05-05,,0
ring,2019-05-05,,0
campus,2019-05-06,,0
ring,2019-05-06,,0
campus,2019-05-07,,0
ring,2019-05-07,,0
campus,2019-05-08,,0
ring,2019-05-08,,0
campus,2019-05-09,,0
ring,2019-05-09,,0
campus,2019-05-10,23.19668800317058,4
ring,2019-05-10,29.093203456112047,1254
campus,2019-05-11,26.027637634092613,4
ring,2019-05-11,29.539683963131427,1326
campus,2019-05-12,28.142015646502706,4
ring,2019-05-12,28.738420522667045,746
campus,2019-05-13,16.30621826042563,4
ring,2019-05-13,24.94359691567105,716
campus,2019-05-14,37.43765147773105,3
ring,2019-05-14,29.4809241613075,543
campus,2019-05-15,28.84906021561519,4
ring,2019-05-15,29.49663061001761,737
campus,2019-05-16,17.045150756835938,1
ring,2019-05-16,27.20991408163048,539
campus,2019-05-17,,0
ring,2019-05-17,20.68250925841505,22
campus,2019-05-18,24.275234093100337,4
ring,2019-05-18,29.544434351275047,1278
campus,2019-05-19,32.90374555426129,4
ring,2019-05-19,31.09876652013911,870
campus,2019-05-20,,0
ring,2019-05-20,44.86976108238346,8
campus,2019-05-21,,0
ring,2019-05-21,15.504236413454807,18
campus,2019-05-22,,0
ring,2019-05-22,,0
campus,2019-05-23,,0
ring,2019-05-23,12.225928703188233,72
campus,2019-05-24,,0
ring,2019-05-24,28.545257656719745,133
campus,2019-05-25,,0
ring,2019-05-25,,0
campus,2019-05-26,,0
ring,2019-05-26,18.134637053325687,307
campus,2019-05-27,,0
ring,2019-05-27,,0
campus,2019-05-28,,0
ring,2019-05-28,,0
campus,2019-05-29,,0
ring,2019-05-29,,0
campus,2019-05-30,,0
ring,2019-05-30,,0
campus,2019-05-31,,0
ring,2019-05-31,,0
campus,2019-06-01,,0
ring,2019-06-01,,0
campus,2019-06-02,,0
ring,2019-06-02,,0
campus,2019-06-03,12.520776621052917,4
ring,2019-06-03,21.75762032016067,756
campus,2019-06-04,,0
ring,2019-06-04,,0
campus,2019-06-05,,0
ring,2019-06-05,,0
campus,2019-06-06,,0
ring,2019-06-06,20.057389586283957,71
campus,2019-06-07,24.478360081411736,4
ring,2019-06-07,26.422283906759553,1190
campus,2019-06-08,34.221954421904705,4
ring,2019-06-08,35.44909312930904,1088
campus,2019-06-09,,0
ring,2019-06-09,,0
campus,2019-06-10,,0
ring,2019-06-10,,0
campus,2019-06-11,,0
ring,2019-06-11,,0
campus,2019-06-12,,0
ring,2019-06-12,,0
campus,2019-06-13,14.295386199028261,2
ring,2019-06-13,27.903925853510753,44
campus,2019-06-14,31.136228450562704,4
ring,2019-06-14,39.42274926506755,1305
campus,2019-06-15,20.542161932291766,4
ring,2019-06-15,35.51235219875669,1303
campus,2019-06-16,,0
ring,2019-06-16,,0
campus,2019-06-17,,0
ring,2019-06-17,24.783749922165818,1061
campus,2019-06-18,,0
ring,2019-06-18,23.562641397903374,224
campus,2019-06-19,23.640074688354932,4
ring,2019-06-19,34.32354727719124,1117
campus,2019-06-20,19.058524885485248,2
ring,2019-06-20,27.33701157887496,875
campus,2019-06-21,,0
ring,2019-06-21,,0
campus,2019-06-22,,0
ring,2019-06-22,,0
campus,2019-06-23,,0
ring,2019-06-23,,0
campus,2019-06-24,,0
ring,2019-06-24,,0
campus,2019-06-25,,0
ring,2019-06-25,,0
campus,2019-06-26,25.393073439886727,4
ring,2019-06-26,26.86810891892068,599
campus,2019-06-27,,0
ring,2019-06-27,25.582822566353478,173
campus,2019-06-28,,0
ring,2019-06-28,,0
campus,2019-06-29,,0
ring,2019-06-29,,0
campus,2019-06-30,,0
ring,2019-06-30,,0
campus,2019-07-01,,0
ring,2019-07-01,,0
campus,2019-07-02,,0
ring,2019-07-02,,0
campus,2019-07-03,,0
ring,2019-07-03,,0
campus,2019-07-04,,0
ring,2019-07-04,,0
campus,2019-07-05,,0
ring,2019-07-05,,0
campus,2019-07-06,,0
ring,2019-07-06,21.478702541320555,17
campus,2019-07-07,,0
ring,2019-07-07,,0
campus,2019-07-08,,0
ring,2019-07-08,,0
campus,2019-07-09,,0
ring,2019-07-09,,0
campus,2019-07-10,,0
ring,2019-07-10,,0
campus,2019-07-11,,0
ring,2019-07-11,,0
campus,2019-07-12,,0
ring,2019-07-12,26.13897563054097,168
campus,2019-07-13,24.149959134709167,4
ring,2019-07-13,20.815229967047905,443
campus,2019-07-14,28.109752086492684,3
ring,2019-07-14,19.483190594042405,329
campus,2019-07-15,,0
ring,2019-07-15,,0
campus,2019-07-16,,0
ring,2019-07-16,,0
campus,2019-07-17,,0
ring,2019-07-17,37.80422795701987,269
campus,2019-07-18,,0
ring,2019-07-18,13.681604409951564,48
campus,2019-07-19,,0
ring,2019-07-19,,0
campus,2019-07-20,,0
ring,2019-07-20,40.41063581009441,226
campus,2019-07-21,,0
ring,2019-07-21,,0
campus,2019-07-22,,0
ring,2019-07-22,10.404547266433843,14
campus,2019-07-23,24.695044889288436,4
ring,2019-07-23,25.726831066901454,1210
campus,2019-07-24,21.563608783786577,4
ring,2019-07-24,26.593224777940065,284
campus,2019-07-25,28.840308893679417,4
ring,2019-07-25,33.44407422134719,1308
campus,2019-07-26,,0
ring,2019-07-26,44.89906857756598,346
campus,2019-07-27,,0
ring,2019-07-27,,0
campus,2019-07-28,27.695436856359894,4
ring,2019-07-28,27.99526739035139,1216
campus,2019-07-29,26.178511109248202,4
ring,2019-07-29,27.231309367814436,1081
campus,2019-07-30,30.66359647884785,4
ring,2019-07-30,30.010609083698352,1251
campus,2019-07-31,,0
ring,2019-07-31,,0
campus,2019-08-01,,0
ring,2019-08-01,,0
campus,2019-08-02,,0
ring,2019-08-02,28.59072515883019,91
campus,2019-08-03,,0
ring,2019-08-03,11.462149302922318,15
campus,2019-08-04,,0
ring,2019-08-04,38.06303263652984,78
campus,2019-08-05,23.895338330950054,4
ring,2019-08-05,27.957907302973375,997
campus,2019-08-06,,0
ring,2019-08-06,,0
campus,2019-08-07,,0
ring,2019-08-07,,0
campus,2019-08-08,,0
ring,2019-08-08,,0
campus,2019-08-09,,0
ring,2019-08-09,,0
campus,2019-08-10,27.16458322003159,4
ring,2019-08-10,27.02376414201295,1157
campus,2019-08-11,,0
ring,2019-08-11,,0
campus,2019-08-12,,0
ring,2019-08-12,,0
campus,2019-08-13,27.598572132951126,4
ring,2019-08-13,30.903277886543624,1084
campus,2019-08-14,,0
ring,2019-08-14,,0
campus,2019-08-15,31.049537658691406,4
ring,2019-08-15,32.24330606439196,1326
campus,2019-08-16,,0
ring,2019-08-16,,0
campus,2019-08-17,31.434182659272224,2
ring,2019-08-17,32.47383819818751,105
campus,2019-08-18,,0
ring,2019-08-18,30.094634479239275,775
campus,2019-08-19,,0
ring,2019-08-19,,0
campus,2019-08-20,,0
ring,2019-08-20,31.77942571307364,723
campus,2019-08-21,,0
ring,2019-08-21,,0
campus,2019-08-22,,0
ring,2019-08-22,33.7250408844419,25
campus,2019-08-23,25.76386070699199,4
ring,2019-08-23,32.42956767119747,1317
campus,2019-08-24,,0
ring,2019-08-24,,0
campus,2019-08-25,,0
ring,2019-08-25,,0
campus,2019-08-26,18.84286218881607,2
ring,2019-08-26,26.55575140903638,1230
campus,2019-08-27,26.65401448890077,4
ring,2019-08-27,36.96448524693663,1325
campus,2019-08-28,28.758932122602147,4
ring,2019-08-28,37.85096912012119,1323
campus,2019-08-29,,0
ring,2019-08-29,,0
campus,2019-08-30,,0
ring,2019-08-30,,0
campus,2019-08-31,,0
ring,2019-08-31,,0
campus,2019-09-01,,0
ring,2019-09-01,,0
campus,2019-09-02,,0
ring,2019-09-02,43.14822071302034,135
campus,2019-09-03,,0
ring,2019-09-03,,0
campus,2019-09-04,,0
ring,2019-09-04,,0
campus,2019-09-05,22.51146965967098,4
ring,2019-09-05,29.549688825462823,1308
campus,2019-09-06,19.316837467498065,4
ring,2019-09-06,36.188336201633014,1328
campus,2019-09-07,29.524004295958036,4
ring,2019-09-07,37.55440202521418,1329
campus,2019-09-08,23.52409742919492,4
ring,2019-09-08,29.741808727035345,552
campus,2019-09-09,24.02547778098236,4
ring,2019-09-09,31.98133714616781,1286
campus,2019-09-10,38.569019204956575,2
ring,2019-09-10,27.229084386705118,739
campus,2019-09-11,,0
ring,2019-09-11,28.13828770858559,503
campus,2019-09-12,27.781327534169655,4
ring,2019-09-12,35.47815279942735,1066
campus,2019-09-13,,0
ring,2019-09-13,21.041361215848852,346
campus,2019-09-14,,0
ring,2019-09-14,33.48263558788576,10
campus,2019-09-15,25.872013127102573,2
ring,2019-09-15,28.36166774976257,285
campus,2019-09-16,,0
ring,2019-09-16,34.88138039575314,201
campus,2019-09-17,27.472587580971872,4
ring,2019-09-17,36.734443136445314,446
campus,2019-09-18,40.776191496513256,4
ring,2019-09-18,44.029367123884676,1070
campus,2019-09-19,31.68829307645699,4
ring,2019-09-19,37.14626771410459,1306
campus,2019-09-20,24.13138637408404,4
ring,2019-09-20,32.94494725596949,1297
campus,2019-09-21,25.969214103591273,4
ring,2019-09-21,33.66583109514248,1307
campus,2019-09-22,33.95353069215873,4
ring,2019-09-22,37.83704940701003,1305
campus,2019-09-23,21.091907026430054,3
ring,2019-09-23,44.14357728887261,1295
campus,2019-09-24,22.22651741314382,4
ring,2019-09-24,36.360381891525186,1306
campus,2019-09-25,20.656549084354452,4
ring,2019-09-25,31.666743275821634,1329
campus,2019-09-26,23.726279088588946,4
ring,2019-09-26,33.273350490463464,1315
campus,2019-09-27,29.621850049551664,4
ring,2019-09-27,37.04758557192023,1327
campus,2019-09-28,25.920768012463206,4
ring,2019-09-28,35.50905088142337,1329
campus,2019-09-29,39.34176380085833,4
ring,2019-09-29,39.33557848041216,1324
campus,2019-09-30,24.032919713588946,4
ring,2019-09-30,34.07457166933531,1234
campus,2019-10-01,31.507724538095676,4
ring,2019-10-01,31.78891870354996,1328
campus,2019-10-02,29.50969178911665,4
ring,2019-10-02,34.069289777367004,1322
campus,2019-10-03,37.74975826818618,4
ring,2019-10-03,42.27824116083745,1306
campus,2019-10-04,41.08867342595204,4
ring,2019-10-04,40.47650505970925,1328
campus,2019-10-05,,0
ring,2019-10-05,36.88990789674592,733
campus,2019-10-06,,0
ring,2019-10-06,,0
campus,2019-10-07,,0
ring,2019-10-07,25.260522794092008,211
campus,2019-10-08,,0
ring,2019-10-08,14.857906038809501,250
campus,2019-10-09,24.0745362160911,4
ring,2019-10-09,31.898286605541706,1159
campus,2019-10-10,28.31795418430382,4
ring,2019-10-10,32.83255646231449,1328
campus,2019-10-11,28.075223009351273,4
ring,2019-10-11,33.85268701551366,1256
campus,2019-10-12,28.75713539123535,1
ring,2019-10-12,28.714498236106106,133
campus,2019-10-13,23.909036815446306,4
ring,2019-10-13,30.268659120658487,1174
campus,2019-10-14,28.735189370706053,4
ring,2019-10-14,31.970352694096253,1327
campus,2019-10-15,26.913668878761253,4
ring,2019-10-15,37.406552824750925,1112
campus,2019-10-16,42.6440024095423,2
ring,2019-10-16,38.26976428187284,1053
campus,2019-10-17,36.600695827339266,3
ring,2019-10-17,35.84119220486653,1238
campus,2019-10-18,22.278324574931688,4
ring,2019-10-18,36.53242407313807,1259
campus,2019-10-19,30.819133395880037,4
ring,2019-10-19,32.87926972124658,902
campus,2019-10-20,31.692715944818488,4
ring,2019-10-20,36.41116848957089,1321
campus,2019-10-21,25.044748404775987,4
ring,2019-10-21,35.67558253825585,1307
campus,2019-10-22,27.190342025577742,4
ring,2019-10-22,34.70707269106401,1193
campus,2019-10-23,,0
ring,2019-10-23,,0
campus,2019-10-24,35.710741974378415,4
ring,2019-10-24,40.0110835741549,1328
campus,2019-10-25,,0
ring,2019-10-25,,0
campus,2019-10-26,,0
ring,2019-10-26,,0
campus,2019-10-27,,0
ring,2019-10-27,,0
campus,2019-10-28,24.988182414865268,4
ring,2019-10-28,33.58132798395538,1323
campus,2019-10-29,,0
ring,2019-10-29,,0
campus,2019-10-30,,0
ring,2019-10-30,,0
campus,2019-10-31,,0
ring,2019-10-31,,0
campus,2019-11-01,23.364236521527054,2
ring,2019-11-01,24.908125790991093,523
campus,2019-11-02,,0
ring,2019-11-02,,0
campus,2019-11-03,25.954833097860842,4
ring,2019-11-03,34.11236605658031,1254
campus,2019-11-04,32.76570786220927,4
ring,2019-11-04,39.98181418727514,1328
campus,2019-11-05,30.05999527067086,4
ring,2019-11-05,40.05000317659048,1329
campus,2019-11-06,27.847639180436918,3
ring,2019-11-06,35.82341018648164,1027
campus,2019-11-07,26.591781660984378,4
ring,2019-11-07,32.58255748622768,1316
campus,2019-11-08,21.66053628249907,4
ring,2019-11-08,33.81759688140433,1315
campus,2019-11-09,32.57084343101405,3
ring,2019-11-09,37.275518500451064,1314
campus,2019-11-10,36.083619612681716,3
ring,2019-11-10,41.785355769994716,1315
campus,2019-11-11,23.740166973060287,4
ring,2019-11-11,37.353741091632216,1313
campus,2019-11-12,28.34349574318415,3
ring,2019-11-12,33.597583388096425,1306
campus,2019-11-13,,0
ring,2019-11-13,27.182853293506913,144
campus,2019-11-14,32.44830219286708,4
ring,2019-11-14,38.33813442669104,1316
campus,2019-11-15,31.896670721754244,3
ring,2019-11-15,42.111913493432674,1313
campus,2019-11-16,34.66793506285724,2
ring,2019-11-16,39.8343583617232,885
campus,2019-11-17,29.305529885448756,4
ring,2019-11-17,32.743774453408705,1322
campus,2019-11-18,24.69670867919922,4
ring,2019-11-18,34.57264527617314,1311
campus,2019-11-19,24.082373538487392,4
ring,2019-11-19,37.88063283206229,1311
campus,2019-11-20,27.289920421833163,4
ring,2019-11-20,40.13212114243576,1306
campus,2019-11-21,33.78088669038154,4
ring,2019-11-21,42.30462288430822,1304
campus,2019-11-22,26.34935297092921,4
ring,2019-11-22,34.604125448250024,1323
campus,2019-11-23,21.65486578874185,4
ring,2019-11-23,31.689798234974464,1328
campus,2019-11-24,23.853450954240248,4
ring,2019-11-24,32.71742510035492,1328
campus,2019-11-25,31.989867577530404,4
ring,2019-11-25,30.06882426306943,908
campus,2019-11-26,,0
ring,2019-11-26,,0
campus,2019-11-27,30.563952477325294,4
ring,2019-11-27,42.2682920532254,1321
campus,2019-11-28,,0
ring,2019-11-28,,0
campus,2019-11-29,29.918095678230962,4
ring,2019-11-29,32.83344640820249,1198
campus,2019-11-30,,0
ring,2019-11-30,26.63399687751233,536
campus,2019-12-01,26.46520599848787,4
ring,2019-12-01,41.117501144108964,1326
campus,2019-12-02,31.821864105726075,4
ring,2019-12-02,41.663119817608845,1324
campus,2019-12-03,33.19622526929972,4
ring,2019-12-03,35.43098178489386,1318
campus,2019-12-04,,0
ring,2019-12-04,41.15648285450697,591
campus,2019-12-05,,0
ring,2019-12-05,,0
campus,2019-12-06,30.266132592035564,4
ring,2019-12-06,42.17583163460953,1299
campus,2019-12-07,39.79484321701694,4
ring,2019-12-07,44.854422212431466,1311
campus,2019-12-08,28.716652852268844,4
ring,2019-12-08,35.368593749545944,1110
campus,2019-12-09,,0
ring,2019-12-09,40.01372554328523,183
campus,2019-12-10,24.75852573197772,4
ring,2019-12-10,33.16667114625487,1259
campus,2019-12-11,33.882921003959545,4
ring,2019-12-11,36.82211130384689,1315
campus,2019-12-12,29.70824432373047,1
ring,2019-12-12,39.526215959865844,10
campus,2019-12-13,30.172872471697453,4
ring,2019-12-13,37.94978864865992,1322
campus,2019-12-14,32.0651696814058,4
ring,2019-12-14,34.99877432990046,1307
campus,2019-12-15,25.70789337158203,1
ring,2019-12-15,33.35074131008251,254
campus,2019-12-16,26.146609534680007,4
ring,2019-12-16,35.76124103552104,1275
campus,2019-12-17,27.182386693820145,4
ring,2019-12-17,31.70530452569438,1005
campus,2019-12-18,5.872898578643799,1
ring,2019-12-18,8.177097903540833,52
campus,2019-12-19,12.189085006713867,1
ring,2019-12-19,13.101518245649753,146
campus,2019-12-20,24.032291109469824,3
ring,2019-12-20,33.37868312719294,476
campus,2019-12-21,,0
ring,2019-12-21,,0
campus,2019-12-22,,0
ring,2019-12-22,,0
campus,2019-12-23,,0
ring,2019-12-23,,0
campus,2019-12-24,,0
ring,2019-12-24,,0
campus,2019-12-25,29.011741611319525,4
ring,2019-12-25,31.935483894555457,1328
campus,2019-12-26,27.239367310429962,4
ring,2019-12-26,35.36719805548148,1324
campus,2019-12-27,28.62208196254963,4
ring,2019-12-27,37.19602032550546,1328
campus,2019-12-28,,0
ring,2019-12-28,,0
campus,2019-12-29,,0
ring,2019-12-29,,0
campus,2019-12-30,,0
ring,2019-12-30,,0
campus,2020-01-01,,0
ring,2020-01-01,,0
campus,2020-01-02,28.606408732597817,4
ring,2020-01-02,37.021311400278876,1328
campus,2020-01-03,25.961475232752356,2
ring,2020-01-03,38.225392933259506,435
campus,2020-01-04,31.412577235083063,4
ring,2020-01-04,36.92403392700766,926
campus,2020-01-05,,0
ring,2020-01-05,,0
campus,2020-01-06,,0
ring,2020-01-06,35.99040819871319,271
campus,2020-01-07,,0
ring,2020-01-07,60.540032343474984,894
campus,2020-01-08,,0
ring,2020-01-08,,0
campus,2020-01-09,,0
ring,2020-01-09,,0
campus,2020-01-10,,0
ring,2020-01-10,,0
campus,2020-01-11,,0
ring,2020-01-11,38.53985318027533,237
campus,2020-01-12,29.751147565707353,4
ring,2020-01-12,32.57302371529641,242
campus,2020-01-13,26.579119440535425,4
ring,2020-01-13,30.03284719067055,708
campus,2020-01-14,26.044978271627652,4
ring,2020-01-14,32.72924800242756,1143
campus,2020-01-15,,0
ring,2020-01-15,35.27196957520145,144
campus,2020-01-16,,0
ring,2020-01-16,7.485914432044541,5
campus,2020-01-17,,0
ring,2020-01-17,29.488530271976746,20
campus,2020-01-18,,0
ring,2020-01-18,,0
campus,2020-01-19,,0
ring,2020-01-19,,0
campus,2020-01-20,,0
ring,2020-01-20,,0
campus,2020-01-21,,0
ring,2020-01-21,,0
campus,2020-01-22,,0
ring,2020-01-22,,0
campus,2020-01-23,24.930694920356284,4
ring,2020-01-23,36.838420759837405,1117
campus,2020-01-24,,0
ring,2020-01-24,,0
campus,2020-01-25,,0
ring,2020-01-25,,0
campus,2020-01-26,,0
ring,2020-01-26,,0
campus,2020-01-27,,0
ring,2020-01-27,,0
campus,2020-01-28,26.97138200231561,4
ring,2020-01-28,27.719876913133493,857
campus,2020-01-29,34.621069751435044,4
ring,2020-01-29,39.77707994080051,1328
campus,2020-01-30,32.2449162622013,4
ring,2020-01-30,33.84414467349418,1320
campus,2020-01-31,22.733869906322496,4
ring,2020-01-31,28.88027230042396,1266
campus,2020-02-01,,0
ring,2020-02-01,,0
campus,2020-02-02,,0
ring,2020-02-02,,0
campus,2020-02-03,,0
ring,2020-02-03,,0
campus,2020-02-04,,0
ring,2020-02-04,4.637187341255928,6
campus,2020-02-05,14.307971000671385,2
ring,2020-02-05,16.042314966245225,196
campus,2020-02-06,17.64788818359375,1
ring,2020-02-06,18.71931235061472,171
campus,2020-02-07,22.208511352539062,1
ring,2020-02-07,24.691091796735613,248
campus,2020-02-08,,0
ring,2020-02-08,33.441539088851655,372
campus,2020-02-09,26.256146274262193,4
ring,2020-02-09,24.164566217795496,333
campus,2020-02-10,,0
ring,2020-02-10,,0
campus,2020-02-11,,0
ring,2020-02-11,,0
campus,2020-02-12,,0
ring,2020-02-12,19.527400635274724,354
campus,2020-02-13,18.28575274023679,2
ring,2020-02-13,21.161398124533193,340
campus,2020-02-14,,0
ring,2020-02-14,9.373935540517172,6
campus,2020-02-15,,0
ring,2020-02-15,4.418708590398629,15
campus,2020-02-16,22.68354485740124,4
ring,2020-02-16,25.983566870022383,1321
campus,2020-02-17,26.868990378760397,4
ring,2020-02-17,28.564822341795814,1326
campus,2020-02-18,28.741658242095806,4
ring,2020-02-18,30.603636560031095,1324
campus,2020-02-19,25.326454717788337,4
ring,2020-02-19,23.337648185257653,613
campus,2020-02-20,28.670465052967337,4
ring,2020-02-20,36.33593607215074,1324
campus,2020-02-21,29.3103236077537,4
ring,2020-02-21,30.589920933996606,1324
campus,2020-02-22,23.4569603960279,4
ring,2020-02-22,30.004950830113245,1321
campus,2020-02-23,24.288583759970507,4
ring,2020-02-23,32.1068165745451,1296
campus,2020-02-24,32.852370732947236,3
ring,2020-02-24,37.79345332226571,1141
campus,2020-02-25,27.89822806326996,4
ring,2020-02-25,40.3100459940869,1328
campus,2020-02-26,29.158643068841926,4
ring,2020-02-26,30.434012721893264,1324
campus,2020-02-27,,0
ring,2020-02-27,,0
campus,2020-02-28,,0
ring,2020-02-28,,0
campus,2020-02-29,29.883481209266915,4
ring,2020-02-29,30.702888206238992,1328
campus,2020-03-01,32.77257258455518,4
ring,2020-03-01,35.02965447574761,1328
campus,2020-03-02,,0
ring,2020-03-02,,0
campus,2020-03-03,,0
ring,2020-03-03,,0
campus,2020-03-04,,0
ring,2020-03-04,,0
campus,2020-03-05,,0
ring,2020-03-05,11.509938404683774,9
campus,2020-03-06,,0
ring,2020-03-06,17.37384989656189,97
campus,2020-03-07,,0
ring,2020-03-07,8.969927323291639,12
campus,2020-03-08,,0
ring,2020-03-08,22.942732258208036,398
campus,2020-03-09,17.479937177308848,4
ring,2020-03-09,26.64711652266653,1021
campus,2020-03-10,,0
ring,2020-03-10,33.14058134544225,239
campus,2020-03-11,,0
ring,2020-03-11,18.670604549353893,328
campus,2020-03-12,,0
ring,2020-03-12,10.41680282247499,22
campus,2020-03-13,,0
ring,2020-03-13,13.84412322127429,92
campus,2020-03-14,24.88635635823711,4
ring,2020-03-14,31.801580259960758,132
campus,2020-03-15,,0
ring,2020-03-15,26.16157020429272,16
campus,2020-03-16,21.273981743575263,4
ring,2020-03-16,24.199038973832025,802
campus,2020-03-17,,0
ring,2020-03-17,,0
campus,2020-03-18,,0
ring,2020-03-18,,0
campus,2020-03-19,,0
ring,2020-03-19,,0
campus,2020-03-20,,0
ring,2020-03-20,,0
campus,2020-03-21,17.728674713994415,4
ring,2020-03-21,24.112057687941693,816
campus,2020-03-22,26.88975124180037,4
ring,2020-03-22,29.68478249984554,1326
campus,2020-03-23,,0
ring,2020-03-23,,0
campus,2020-03-24,,0
ring,2020-03-24,,0
campus,2020-03-25,,0
ring,2020-03-25,,0
campus,2020-03-26,21.246312078735638,4
ring,2020-03-26,25.812542076568405,1072
campus,2020-03-27,,0
ring,2020-03-27,,0
campus,2020-03-28,,0
ring,2020-03-28,,0
campus,2020-03-29,,0
ring,2020-03-29,,0
campus,2020-03-30,,0
ring,2020-03-30,,0
campus,2020-03-31,,0
ring,2020-03-31,7.765599278136267,20
campus,2020-04-01,,0
ring,2020-04-01,4.581900596618652,5
campus,2020-04-02,,0
ring,2020-04-02,3.7812066078186035,9
campus,2020-04-03,,0
ring,2020-04-03,19.42813987747446,168
campus,2020-04-04,,0
ring,2020-04-04,,0
campus,2020-04-05,,0
ring,2020-04-05,,0
campus,2020-04-06,21.218034744262695,1
ring,2020-04-06,21.035698317703993,154
campus,2020-04-07,,0
ring,2020-04-07,,0
campus,2020-04-08,21.249503341638984,4
ring,2020-04-08,25.064569357895735,844
campus,2020-04-09,24.67044191852981,4
ring,2020-04-09,29.17054691641187,1259
campus,2020-04-10,27.45381132761637,4
ring,2020-04-10,27.208578805724816,705
campus,2020-04-11,,0
ring,2020-04-11,33.31741661400658,724
campus,2020-04-12,26.92017096309035,4
ring,2020-04-12,36.77314557513369,1306
campus,2020-04-13,,0
ring,2020-04-13,,0
campus,2020-04-14,,0
ring,2020-04-14,27.279511262998717,758
campus,2020-04-15,,0
ring,2020-04-15,,0
campus,2020-04-16,23.93107899141983,4
ring,2020-04-16,34.65126250923392,1305
campus,2020-04-17,,0
ring,2020-04-17,,0
campus,2020-04-18,17.66832869393485,2
ring,2020-04-18,22.702949269306455,889
campus,2020-04-19,24.051402348294385,4
ring,2020-04-19,24.95020851383188,1313
campus,2020-04-20,28.184993476036386,4
ring,2020-04-20,31.472815757408835,601
campus,2020-04-21,,0
ring,2020-04-21,,0
campus,2020-04-22,,0
ring,2020-04-22,,0
campus,2020-04-23,,0
ring,2020-04-23,,0
campus,2020-04-24,,0
ring,2020-04-24,,0
campus,2020-04-25,,0
ring,2020-04-25,,0
campus,2020-04-26,,0
ring,2020-04-26,,0
campus,2020-04-27,,0
ring,2020-04-27,,0
campus,2020-04-28,37.76296166704007,4
ring,2020-04-28,42.53639016081385,1325
campus,2020-04-29,,0
ring,2020-04-29,,0
campus,2020-04-30,31.742326736450195,1
ring,2020-04-30,33.80842540135777,1210
campus,2020-05-01,,0
ring,2020-05-01,,0
campus,2020-05-02,25.325996925409424,4
ring,2020-05-02,32.12556556869454,1322
campus,2020-05-03,,0
ring,2020-05-03,24.900662563826362,590
campus,2020-05-04,14.56547912783173,3
ring,2020-05-04,30.257836368375216,971
campus,2020-05-05,35.08364730539391,4
ring,2020-05-05,35.358542548168344,1299
campus,2020-05-06,,0
ring,2020-05-06,29.269450137479556,498
campus,2020-05-07,,0
ring,2020-05-07,29.994978471801172,965
campus,2020-05-08,,0
ring,2020-05-08,31.773432855926163,401
campus,2020-05-09,17.64510907041536,4
ring,2020-05-09,19.533013030147863,891
campus,2020-05-10,,0
ring,2020-05-10,,0
campus,2020-05-11,,0
ring,2020-05-11,,0
campus,2020-05-12,,0
ring,2020-05-12,,0
campus,2020-05-13,,0
ring,2020-05-13,19.973032083348688,182
campus,2020-05-14,,0
ring,2020-05-14,,0
campus,2020-05-15,38.0158504319826,4
ring,2020-05-15,43.31550570219079,1311
campus,2020-05-16,25.187786143859423,4
ring,2020-05-16,27.202798966194173,1219
campus,2020-05-17,,0
ring,2020-05-17,32.15973484440319,42
campus,2020-05-18,,0
ring,2020-05-18,26.75780758386102,410
campus,2020-05-19,22.766749941469325,3
ring,2020-05-19,23.183024671564826,1183
campus,2020-05-20,,0
ring,2020-05-20,33.79698351982131,49
campus,2020-05-21,,0
ring,2020-05-21,,0
campus,2020-05-22,,0
ring,2020-05-22,,0
campus,2020-05-23,31.39484836485972,2
ring,2020-05-23,22.133065740214473,799
campus,2020-05-24,,0
ring,2020-05-24,,0
campus,2020-05-25,,0
ring,2020-05-25,,0
campus,2020-05-26,,0
ring,2020-05-26,,0
campus,2020-05-27,,0
ring,2020-05-27,,0
campus,2020-05-28,,0
ring,2020-05-28,,0
campus,2020-05-29,,0
ring,2020-05-29,,0
campus,2020-05-30,,0
ring,2020-05-30,,0
campus,2020-05-31,9.657232522387192,4
ring,2020-05-31,17.908268448531203,1318
campus,2020-06-01,,0
ring,2020-06-01,21.258464058741225,178
campus,2020-06-02,,0
ring,2020-06-02,,0
campus,2020-06-03,,0
ring,2020-06-03,40.82733692330893,94
campus,2020-06-04,,0
ring,2020-06-04,,0
campus,2020-06-05,,0
ring,2020-06-05,,0
campus,2020-06-06,,0
ring,2020-06-06,,0
campus,2020-06-07,,0
ring,2020-06-07,,0
campus,2020-06-08,,0
ring,2020-06-08,,0
campus,2020-06-09,,0
ring,2020-06-09,18.76802005767822,5
campus,2020-06-10,,0
ring,2020-06-10,48.84327682039686,139
campus,2020-06-11,29.958418515923526,4
ring,2020-06-11,40.234788220763875,1308
campus,2020-06-12,30.71928523989624,4
ring,2020-06-12,35.45703565500164,1294
campus,2020-06-13,23.717514352455037,3
ring,2020-06-13,26.170087238022706,960
campus,2020-06-14,,0
ring,2020-06-14,28.07888397797652,23
campus,2020-06-15,23.94236761310934,2
ring,2020-06-15,40.13930673410582,1309
campus,2020-06-16,16.86245245390885,4
ring,2020-06-16,30.893869249030057,1322
campus,2020-06-17,23.600836146541713,4
ring,2020-06-17,32.21292622609188,1312
campus,2020-06-18,,0
ring,2020-06-18,,0
campus,2020-06-19,,0
ring,2020-06-19,,0
campus,2020-06-20,27.789681778693026,4
ring,2020-06-20,38.87947835477985,800
campus,2020-06-21,,0
ring,2020-06-21,27.19973188860462,423
campus,2020-06-22,,0
ring,2020-06-22,,0
campus,2020-06-23,,0
ring,2020-06-23,,0
campus,2020-06-24,,0
ring,2020-06-24,,0
campus,2020-06-25,25.22816680187752,4
ring,2020-06-25,30.25102319054752,901
campus,2020-06-26,27.67736021138854,4
ring,2020-06-26,33.57691007549939,1314
campus,2020-06-27,,0
ring,2020-06-27,,0
campus,2020-06-28,,0
ring,2020-06-28,35.728506210353736,236
campus,2020-06-29,,0
ring,2020-06-29,,0
campus,2020-06-30,,0
ring,2020-06-30,,0
campus,2020-07-01,,0
ring,2020-07-01,,0
campus,2020-07-02,,0
ring,2020-07-02,43.879954524562294,120
campus,2020-07-03,,0
ring,2020-07-03,,0
campus,2020-07-04,,0
ring,2020-07-04,37.09300146147469,13
campus,2020-07-05,22.647430367123295,2
ring,2020-07-05,32.876664157568946,249
campus,2020-07-06,,0
ring,2020-07-06,,0
campus,2020-07-07,,0
ring,2020-07-07,,0
campus,2020-07-08,,0
ring,2020-07-08,,0
campus,2020-07-09,,0
ring,2020-07-09,,0
campus,2020-07-10,22.73467930292679,2
ring,2020-07-10,28.075908188929468,596
campus,2020-07-11,33.391423121491584,4
ring,2020-07-11,32.50303767327181,705
campus,2020-07-12,32.27446807325608,4
ring,2020-07-12,43.783554799481465,1293
campus,2020-07-13,,0
ring,2020-07-13,49.01416928636511,397
campus,2020-07-14,,0
ring,2020-07-14,27.51043743366342,24
campus,2020-07-15,,0
ring,2020-07-15,,0
campus,2020-07-16,,0
ring,2020-07-16,,0
campus,2020-07-17,,0
ring,2020-07-17,,0
campus,2020-07-18,32.98859688617992,4
ring,2020-07-18,40.287465544492065,1327
campus,2020-07-19,,0
ring,2020-07-19,,0
campus,2020-07-20,,0
ring,2020-07-20,,0
campus,2020-07-21,,0
ring,2020-07-21,,0
campus,2020-07-22,36.62938261609389,4
ring,2020-07-22,39.74532241038356,1300
campus,2020-07-23,45.15553920090054,4
ring,2020-07-23,53.74080009597178,1325
campus,2020-07-24,,0
ring,2020-07-24,,0
campus,2020-07-25,,0
ring,2020-07-25,,0
campus,2020-07-26,,0
ring,2020-07-26,,0
campus,2020-07-27,38.08234963405508,4
ring,2020-07-27,36.66773635160645,1328
campus,2020-07-28,30.11251144778642,4
ring,2020-07-28,40.710603048326405,1136
campus,2020-07-29,,0
ring,2020-07-29,,0
campus,2020-07-30,,0
ring,2020-07-30,,0
campus,2020-07-31,,0
ring,2020-07-31,,0
campus,2020-08-01,,0
ring,2020-08-01,,0
campus,2020-08-02,,0
ring,2020-08-02,,0
campus,2020-08-03,,0
ring,2020-08-03,20.565057104760477,7
campus,2020-08-04,,0
ring,2020-08-04,,0
campus,2020-08-05,,0
ring,2020-08-05,,0
campus,2020-08-06,,0
ring,2020-08-06,,0
campus,2020-08-07,35.846378529620225,4
ring,2020-08-07,41.02649512578665,1307
campus,2020-08-08,43.352927662847115,4
ring,2020-08-08,50.01232966281189,1304
campus,2020-08-09,28.96708330519263,4
ring,2020-08-09,33.3238457615494,954
campus,2020-08-10,25.457117283892686,4
ring,2020-08-10,28.632368063142646,522
campus,2020-08-11,,0
ring,2020-08-11,,0
campus,2020-08-12,,0
ring,2020-08-12,,0
campus,2020-08-13,25.947828145061795,4
ring,2020-08-13,40.195355176324966,1321
campus,2020-08-14,32.47694366030196,4
ring,2020-08-14,36.85563865387768,1228
campus,2020-08-15,,0
ring,2020-08-15,,0
campus,2020-08-16,,0
ring,2020-08-16,,0
campus,2020-08-17,27.770353705196058,4
ring,2020-08-17,33.404591827568154,1238
campus,2020-08-18,,0
ring,2020-08-18,,0
campus,2020-08-19,,0
ring,2020-08-19,,0
campus,2020-08-20,,0
ring,2020-08-20,,0
campus,2020-08-21,,0
ring,2020-08-21,,0
campus,2020-08-22,,0
ring,2020-08-22,,0
campus,2020-08-23,,0
ring,2020-08-23,34.25334833335692,544
campus,2020-08-24,38.93421071012255,4
ring,2020-08-24,49.74675731219634,1322
campus,2020-08-25,31.874955347446207,4
ring,2020-08-25,43.168160051892166,1308
campus,2020-08-26,,0
ring,2020-08-26,35.70771511412117,105
campus,2020-08-27,25.984445903222884,4
ring,2020-08-27,34.328309518349656,1198
campus,2020-08-28,,0
ring,2020-08-28,23.636363488818418,319
campus,2020-08-29,31.206561603456596,4
ring,2020-08-29,42.8517962683023,1321
campus,2020-08-30,,0
ring,2020-08-30,,0
campus,2020-08-31,,0
ring,2020-08-31,,0
campus,2020-09-01,,0
ring,2020-09-01,31.80473332299661,61
campus,2020-09-02,,0
ring,2020-09-02,32.78795998663522,953
campus,2020-09-03,28.986245115038376,4
ring,2020-09-03,40.18892915350357,1320
campus,2020-09-04,20.260340211536963,4
ring,2020-09-04,25.125118894714976,1281
campus,2020-09-05,21.442296010227828,4
ring,2020-09-05,30.235186761491516,1323
campus,2020-09-06,,0
ring,2020-09-06,,0
campus,2020-09-07,,0
ring,2020-09-07,,0
campus,2020-09-08,,0
ring,2020-09-08,36.74078358287726,239
campus,2020-09-09,,0
ring,2020-09-09,26.580891935614563,250
campus,2020-09-10,,0
ring,2020-09-10,50.586556852387176,97
campus,2020-09-11,,0
ring,2020-09-11,,0
campus,2020-09-12,,0
ring,2020-09-12,13.290766932933627,2
campus,2020-09-13,,0
ring,2020-09-13,,0
campus,2020-09-14,,0
ring,2020-09-14,,0
campus,2020-09-15,,0
ring,2020-09-15,,0
campus,2020-09-16,,0
ring,2020-09-16,37.12261635595354,707
campus,2020-09-17,,0
ring,2020-09-17,,0
campus,2020-09-18,,0
ring,2020-09-18,18.234210245430774,90
campus,2020-09-19,24.455248196919758,4
ring,2020-09-19,41.14634437617996,1287
campus,2020-09-20,31.132798602323575,4
ring,2020-09-20,38.9173203365695,1321
campus,2020-09-21,,0
ring,2020-09-21,,0
campus,2020-09-22,,0
ring,2020-09-22,,0
campus,2020-09-23,,0
ring,2020-09-23,,0
campus,2020-09-24,,0
ring,2020-09-24,,0
campus,2020-09-25,,0
ring,2020-09-25,,0
campus,2020-09-26,,0
ring,2020-09-26,,0
campus,2020-09-27,,0
ring,2020-09-27,,0
campus,2020-09-28,,0
ring,2020-09-28,18.86232914044106,138
campus,2020-09-29,,0
ring,2020-09-29,26.75155754820562,606
campus,2020-09-30,,0
ring,2020-09-30,,0
campus,2020-10-01,23.254444608106297,4
ring,2020-10-01,32.60826660961322,1312
campus,2020-10-02,26.279972139098835,4
ring,2020-10-02,32.0496089915386,1285
campus,2020-10-03,31.13014085080142,4
ring,2020-10-03,33.03486066115773,1206
campus,2020-10-04,22.810668121481164,4
ring,2020-10-04,29.89742081606245,988
campus,2020-10-05,,0
ring,2020-10-05,,0
campus,2020-10-06,39.52076528645768,3
ring,2020-10-06,38.54590547396779,1320
campus,2020-10-07,,0
ring,2020-10-07,18.06728312053467,85
campus,2020-10-08,,0
ring,2020-10-08,23.790686337080857,105
campus,2020-10-09,23.18659019470215,1
ring,2020-10-09,35.850162442215044,864
campus,2020-10-10,31.080430778539235,4
ring,2020-10-10,42.11713034310287,1320
campus,2020-10-11,38.01808408280493,4
ring,2020-10-11,48.12679085517936,1329
campus,2020-10-12,,0
ring,2020-10-12,,0
campus,2020-10-13,,0
ring,2020-10-13,,0
campus,2020-10-14,,0
ring,2020-10-14,,0
campus,2020-10-15,,0
ring,2020-10-15,,0
campus,2020-10-16,34.99514766478203,4
ring,2020-10-16,45.87806614149352,1329
campus,2020-10-17,,0
ring,2020-10-17,26.727605668393164,264
campus,2020-10-18,,0
ring,2020-10-18,,0
campus,2020-10-19,,0
ring,2020-10-19,44.64127358361446,187
campus,2020-10-20,,0
ring,2020-10-20,,0
campus,2020-10-21,,0
ring,2020-10-21,,0
campus,2020-10-22,,0
ring,2020-10-22,,0
campus,2020-10-23,,0
ring,2020-10-23,,0
campus,2020-10-24,,0
ring,2020-10-24,,0
campus,2020-10-25,,0
ring,2020-10-25,25.05326925300095,60
campus,2020-10-26,23.90493334738861,4
ring,2020-10-26,40.82014075031941,1318
campus,2020-10-27,,0
ring,2020-10-27,43.33211383923807,234
campus,2020-10-28,,0
ring,2020-10-28,,0
campus,2020-10-29,,0
ring,2020-10-29,30.73145728543235,181
campus,2020-10-30,25.775654111589702,2
ring,2020-10-30,37.01998299355886,767
campus,2020-10-31,20.5032787322998,2
ring,2020-10-31,33.71914266790233,1008
campus,2020-11-01,37.770697275797524,4
ring,2020-11-01,54.16594227488652,1022
campus,2020-11-02,34.280941045340235,4
ring,2020-11-02,45.62549782729777,1320
campus,2020-11-03,,0
ring,2020-11-03,,0
campus,2020-11-04,25.658360029050442,4
ring,2020-11-04,30.1070910182302,1182
campus,2020-11-05,24.675402923369074,4
ring,2020-11-05,34.704127028310616,1308
campus,2020-11-06,26.78740864964158,4
ring,2020-11-06,46.948505781345524,1314
campus,2020-11-07,30.61420247700293,4
ring,2020-11-07,43.823489615865704,1318
campus,2020-11-08,,0
ring,2020-11-08,,0
campus,2020-11-09,26.44446915192223,4
ring,2020-11-09,31.555918215274495,727
campus,2020-11-10,30.425856088808445,4
ring,2020-11-10,37.25447810432983,1307
campus,2020-11-11,31.34947912457963,4
ring,2020-11-11,43.23742117186259,1324
campus,2020-11-12,29.612372716267902,4
ring,2020-11-12,51.518189203698604,1329
campus,2020-11-13,,0
ring,2020-11-13,,0
campus,2020-11-14,,0
ring,2020-11-14,,0
campus,2020-11-15,17.77448434784938,4
ring,2020-11-15,24.74678675667882,943
campus,2020-11-16,,0
ring,2020-11-16,31.34832992085845,261
campus,2020-11-17,,0
ring,2020-11-17,,0
campus,2020-11-18,,0
ring,2020-11-18,,0
campus,2020-11-19,,0
ring,2020-11-19,,0
campus,2020-11-20,,0
ring,2020-11-20,,0
campus,2020-11-21,,0
ring,2020-11-21,,0
campus,2020-11-22,33.62306135473117,4
ring,2020-11-22,35.68341476775675,876
campus,2020-11-23,,0
ring,2020-11-23,26.754479090372723,6
campus,2020-11-24,,0
ring,2020-11-24,,0
campus,2020-11-25,22.502981826173304,4
ring,2020-11-25,33.60067186099576,1314
campus,2020-11-26,22.993843481574263,4
ring,2020-11-26,36.33499531171753,1302
campus,2020-11-27,35.45001468747994,4
ring,2020-11-27,46.330436614995094,1134
campus,2020-11-28,,0
ring,2020-11-28,23.9329202696509,348
campus,2020-11-29,,0
ring,2020-11-29,30.645100055498972,385
campus,2020-11-30,33.116432189941406,1
ring,2020-11-30,40.473967799686854,343
campus,2020-12-01,39.847903131814526,3
ring,2020-12-01,42.88788977014609,1292
campus,2020-12-02,33.575620033371614,4
ring,2020-12-02,40.73447228070391,1305
campus,2020-12-03,32.74911734531743,4
ring,2020-12-03,50.05436580080821,1308
campus,2020-12-04,28.762063694275078,3
ring,2020-12-04,46.05622317451067,618
campus,2020-12-05,31.184669396127337,4
ring,2020-12-05,38.37698885197079,1308
campus,2020-12-06,33.76354264093676,4
ring,2020-12-06,36.29374850376163,1306
campus,2020-12-07,28.10192979893214,4
ring,2020-12-07,39.010546184636034,1312
campus,2020-12-08,27.93910756805133,4
ring,2020-12-08,44.82897904266216,1306
campus,2020-12-09,25.708414838907306,4
ring,2020-12-09,24.318796726279814,935
campus,2020-12-10,,0
ring,2020-12-10,,0
campus,2020-12-11,,0
ring,2020-12-11,40.58923119450075,24
campus,2020-12-12,,0
ring,2020-12-12,,0
campus,2020-12-13,,0
ring,2020-12-13,,0
campus,2020-12-14,,0
ring,2020-12-14,,0
campus,2020-12-15,,0
ring,2020-12-15,,0
campus,2020-12-16,,0
ring,2020-12-16,,0
campus,2020-12-17,,0
ring,2020-12-17,,0
campus,2020-12-18,30.568586694242804,4
ring,2020-12-18,39.14875081762767,1315
campus,2020-12-19,22.64635394548586,4
ring,2020-12-19,28.271531354590113,1304
campus,2020-12-20,26.390601721551988,3
ring,2020-12-20,34.69103156967121,1003
campus,2020-12-21,27.564930517348884,4
ring,2020-12-21,38.92750015905979,1325
campus,2020-12-22,32.39449193217966,2
ring,2020-12-22,31.29947626735888,521
campus,2020-12-23,,0
ring,2020-12-23,28.39989499962705,93
campus,2020-12-24,,0
ring,2020-12-24,,0
campus,2020-12-25,,0
ring,2020-12-25,,0
campus,2020-12-26,,0
ring,2020-12-26,33.02223097563436,319
campus,2020-12-27,29.32707176745777,4
ring,2020-12-27,33.702018111475354,1275
campus,2020-12-28,22.778229888056366,4
ring,2020-12-28,36.29811644632002,1278
campus,2020-12-29,33.34553146362305,1
ring,2020-12-29,45.378914686083796,1006
campus,2020-12-30,40.154855522191575,4
ring,2020-12-30,54.70943393437296,1303
campus,2021-01-01,30.635201969057185,4
ring,2021-01-01,36.97291550567903,1282
campus,2021-01-02,32.573494423163325,4
ring,2021-01-02,36.19608485418559,1287
campus,2021-01-03,,0
ring,2021-01-03,28.044078578873794,549
campus,2021-01-04,,0
ring,2021-01-04,18.125209439426165,481
campus,2021-01-05,,0
ring,2021-01-05,39.74381248961136,623
campus,2021-01-06,,0
ring,2021-01-06,,0
campus,2021-01-07,8.449860448346419,2
ring,2021-01-07,10.841994207441294,347
campus,2021-01-08,,0
ring,2021-01-08,,0
campus,2021-01-09,,0
ring,2021-01-09,,0
campus,2021-01-10,,0
ring,2021-01-10,,0
campus,2021-01-11,35.05938640110929,4
ring,2021-01-11,36.61345038436144,1322
campus,2021-01-12,29.52936177858165,4
ring,2021-01-12,34.207124814726065,1324
campus,2021-01-13,23.00092359327934,4
ring,2021-01-13,35.28307858018651,1324
campus,2021-01-14,29.90186515772287,4
ring,2021-01-14,39.71338160585716,1329
campus,2021-01-15,32.899197887366924,4
ring,2021-01-15,46.85012419634558,1323
campus,2021-01-16,,0
ring,2021-01-16,,0
campus,2021-01-17,25.242238658134927,4
ring,2021-01-17,36.1070645352563,1329
campus,2021-01-18,32.02435176473268,4
ring,2021-01-18,35.8559773394142,1325
campus,2021-01-19,,0
ring,2021-01-19,,0
campus,2021-01-20,,0
ring,2021-01-20,,0
campus,2021-01-21,,0
ring,2021-01-21,,0
campus,2021-01-22,26.42150988601183,4
ring,2021-01-22,33.871926646185806,1326
campus,2021-01-23,30.610753807103684,4
ring,2021-01-23,35.30062740285212,1316
campus,2021-01-24,,0
ring,2021-01-24,29.25427770614624,4
campus,2021-01-25,26.333919525146484,1
ring,2021-01-25,38.27445713865893,797
campus,2021-01-26,28.838348070780437,4
ring,2021-01-26,37.960910465990246,850
campus,2021-01-27,30.90166678079744,2
ring,2021-01-27,36.06260216965099,485
campus,2021-01-28,39.81958920295249,4
ring,2021-01-28,39.368345267476386,1275
campus,2021-01-29,30.296243895947093,4
ring,2021-01-29,36.860455242503505,1321
campus,2021-01-30,32.24691181003767,4
ring,2021-01-30,37.046624942167725,1085
campus,2021-01-31,42.46623861286002,4
ring,2021-01-31,51.379743846615405,1312
campus,2021-02-01,31.5724266571618,4
ring,2021-02-01,37.756547085306586,1319
campus,2021-02-02,27.423146252341112,4
ring,2021-02-02,33.74519121351885,1285
campus,2021-02-03,29.355292351592873,4
ring,2021-02-03,34.252462068261266,1321
campus,2021-02-04,26.278647606361638,4
ring,2021-02-04,38.419461667332016,1311
campus,2021-02-05,41.55540666893614,4
ring,2021-02-05,43.80595570355899,1328
campus,2021-02-06,34.68759394363618,4
ring,2021-02-06,39.929053681042646,1329
campus,2021-02-07,,0
ring,2021-02-07,,0
campus,2021-02-08,,0
ring,2021-02-08,,0
campus,2021-02-09,,0
ring,2021-02-09,,0
campus,2021-02-10,18.79605681011934,4
ring,2021-02-10,28.643606259661194,1124
campus,2021-02-11,30.39157828478746,4
ring,2021-02-11,35.956051390922575,1329
campus,2021-02-12,,0
ring,2021-02-12,,0
campus,2021-02-13,25.46567561368987,4
ring,2021-02-13,32.612038671335405,1326
campus,2021-02-14,31.262629388083877,4
ring,2021-02-14,36.4546555586338,1325
campus,2021-02-15,31.60085598403859,4
ring,2021-02-15,35.097800599181156,1252
campus,2021-02-16,34.94282411745456,4
ring,2021-02-16,42.27266337766032,1123
campus,2021-02-17,27.922712173820102,4
ring,2021-02-17,39.060670872602024,1329
campus,2021-02-18,29.933311148988246,4
ring,2021-02-18,32.36275582218447,1325
campus,2021-02-19,28.580207175492117,4
ring,2021-02-19,33.75270999090719,1329
campus,2021-02-20,32.43294108753473,4
ring,2021-02-20,38.107784225433875,1323
campus,2021-02-21,37.681399049638195,3
ring,2021-02-21,47.45095398916804,1305
campus,2021-02-22,36.84643720349235,4
ring,2021-02-22,41.41195985910748,1314
campus,2021-02-23,35.87749406877258,4
ring,2021-02-23,38.20962276236682,1318
campus,2021-02-24,,0
ring,2021-02-24,24.3693555386725,3
campus,2021-02-25,,0
ring,2021-02-25,32.513052541612964,42
campus,2021-02-26,,0
ring,2021-02-26,,0
campus,2021-02-27,,0
ring,2021-02-27,,0
campus,2021-02-28,30.66501639818361,4
ring,2021-02-28,30.76958758540138,116
campus,2021-03-01,,0
ring,2021-03-01,,0
campus,2021-03-02,,0
ring,2021-03-02,,0
campus,2021-03-03,,0
ring,2021-03-03,18.022832917550755,11
campus,2021-03-04,,0
ring,2021-03-04,9.195627249774727,140
campus,2021-03-05,,0
ring,2021-03-05,5.920659110497557,78
campus,2021-03-06,,0
ring,2021-03-06,13.367246174635524,224
campus,2021-03-07,,0
ring,2021-03-07,,0
campus,2021-03-08,21.260574703485194,4
ring,2021-03-08,29.567041285899737,653
campus,2021-03-09,22.168465793412615,4
ring,2021-03-09,28.724012486116138,1280
campus,2021-03-10,,0
ring,2021-03-10,,0
campus,2021-03-11,,0
ring,2021-03-11,,0
campus,2021-03-12,,0
ring,2021-03-12,,0
campus,2021-03-13,,0
ring,2021-03-13,28.005677744027498,492
campus,2021-03-14,29.535985306395055,4
ring,2021-03-14,31.395156999575494,709
campus,2021-03-15,34.34164446620314,4
ring,2021-03-15,37.07585242343493,1329
campus,2021-03-16,32.2896425802383,4
ring,2021-03-16,40.050745332593046,1324
campus,2021-03-17,26.77018459302159,4
ring,2021-03-17,35.80764685938737,1025
campus,2021-03-18,,0
ring,2021-03-18,,0
campus,2021-03-19,,0
ring,2021-03-19,28.621264983044394,184
campus,2021-03-20,14.020689964294434,1
ring,2021-03-20,23.720377920369717,783
campus,2021-03-21,,0
ring,2021-03-21,,0
campus,2021-03-22,,0
ring,2021-03-22,,0
campus,2021-03-23,,0
ring,2021-03-23,,0
campus,2021-03-24,,0
ring,2021-03-24,39.93401040174608,476
campus,2021-03-25,,0
ring,2021-03-25,,0
campus,2021-03-26,,0
ring,2021-03-26,,0
campus,2021-03-27,25.00098361431713,4
ring,2021-03-27,29.343698205952116,1209
campus,2021-03-28,23.834044126940025,3
ring,2021-03-28,30.978944358364565,580
campus,2021-03-29,,0
ring,2021-03-29,20.60919682079593,291
campus,2021-03-30,28.385263957887748,4
ring,2021-03-30,30.899792558522915,879
campus,2021-03-31,20.396343875938737,4
ring,2021-03-31,28.060559314228726,1184
campus,2021-04-01,22.875313915557147,4
ring,2021-04-01,29.86070745932111,1238
campus,2021-04-02,27.644250090693088,4
ring,2021-04-02,29.912786634473328,901
campus,2021-04-03,,0
ring,2021-04-03,13.582962142096626,9
campus,2021-04-04,,0
ring,2021-04-04,,0
campus,2021-04-05,,0
ring,2021-04-05,18.54615266889583,108
campus,2021-04-06,19.67999238923122,4
ring,2021-04-06,23.859925034582666,183
campus,2021-04-07,,0
ring,2021-04-07,,0
campus,2021-04-08,,0
ring,2021-04-08,,0
campus,2021-04-09,,0
ring,2021-04-09,,0
campus,2021-04-10,,0
ring,2021-04-10,,0
campus,2021-04-11,34.917573848240814,4
ring,2021-04-11,40.155435116906105,1325
campus,2021-04-12,26.451492099135137,4
ring,2021-04-12,38.462473845051434,1291
campus,2021-04-13,,0
ring,2021-04-13,22.80107407278095,29
campus,2021-04-14,,0
ring,2021-04-14,,0
campus,2021-04-15,,0
ring,2021-04-15,,0
campus,2021-04-16,,0
ring,2021-04-16,,0
campus,2021-04-17,,0
ring,2021-04-17,,0
campus,2021-04-18,,0
ring,2021-04-18,,0
campus,2021-04-19,,0
ring,2021-04-19,,0
campus,2021-04-20,,0
ring,2021-04-20,,0
campus,2021-04-21,37.81576765305193,4
ring,2021-04-21,45.36624235898744,1319
campus,2021-04-22,33.97736575701624,4
ring,2021-04-22,38.47936438163707,1327
campus,2021-04-23,39.57252116353402,4
ring,2021-04-23,37.57234953609286,1324
campus,2021-04-24,37.87729451731389,4
ring,2021-04-24,38.581873889436075,1279
campus,2021-04-25,,0
ring,2021-04-25,21.12593524921658,7
campus,2021-04-26,,0
ring,2021-04-26,22.850423679601676,8
campus,2021-04-27,,0
ring,2021-04-27,,0
campus,2021-04-28,,0
ring,2021-04-28,,0
campus,2021-04-29,,0
ring,2021-04-29,29.48941558805259,95
campus,2021-04-30,,0
ring,2021-04-30,,0
campus,2021-05-01,,0
ring,2021-05-01,31.67337943709493,163
campus,2021-05-02,,0
ring,2021-05-02,,0
campus,2021-05-03,22.404005741556364,3
ring,2021-05-03,30.45026262353977,642
campus,2021-05-04,,0
ring,2021-05-04,9.5825070699056,15
campus,2021-05-05,,0
ring,2021-05-05,,0
campus,2021-05-06,,0
ring,2021-05-06,,0
campus,2021-05-07,,0
ring,2021-05-07,,0
campus,2021-05-08,43.38211847448465,4
ring,2021-05-08,45.11955563656131,1330
campus,2021-05-09,,0
ring,2021-05-09,,0
campus,2021-05-10,23.854974788268596,4
ring,2021-05-10,34.579269041834415,774
campus,2021-05-11,30.35516083408409,4
ring,2021-05-11,42.87448632647485,1319
campus,2021-05-12,30.31707077857657,4
ring,2021-05-12,35.83219239339373,1312
campus,2021-05-13,,0
ring,2021-05-13,,0
campus,2021-05-14,,0
ring,2021-05-14,39.56366295603061,295
campus,2021-05-15,23.224097563625826,4
ring,2021-05-15,37.62250360106676,1262
campus,2021-05-16,,0
ring,2021-05-16,,0
campus,2021-05-17,,0
ring,2021-05-17,,0
campus,2021-05-18,45.87450488369921,4
ring,2021-05-18,53.17678152743198,1322
campus,2021-05-19,,0
ring,2021-05-19,,0
campus,2021-05-20,,0
ring,2021-05-20,,0
campus,2021-05-21,36.02070013605076,4
ring,2021-05-21,33.62494128083128,1095
campus,2021-05-22,39.99341389284296,4
ring,2021-05-22,47.38098159592732,1303
campus,2021-05-23,49.405002178349164,4
ring,2021-05-23,57.94015170897857,1303
campus,2021-05-24,36.0338232118916,4
ring,2021-05-24,40.322282888258925,1035
campus,2021-05-25,,0
ring,2021-05-25,,0
campus,2021-05-26,,0
ring,2021-05-26,21.003094213894297,175
campus,2021-05-27,31.466415225160613,4
ring,2021-05-27,40.106946990932094,1101
campus,2021-05-28,40.88655343413642,4
ring,2021-05-28,54.835649488875056,1274
campus,2021-05-29,,0
ring,2021-05-29,44.879199413429404,534
campus,2021-05-30,,0
ring,2021-05-30,,0
campus,2021-05-31,,0
ring,2021-05-31,14.39010720617128,403
campus,2021-06-01,,0
ring,2021-06-01,,0
campus,2021-06-02,,0
ring,2021-06-02,27.008420695026583,126
campus,2021-06-03,,0
ring,2021-06-03,,0
campus,2021-06-04,,0
ring,2021-06-04,,0
campus,2021-06-05,26.86797809139002,4
ring,2021-06-05,31.869536811617525,1137
campus,2021-06-06,,0
ring,2021-06-06,38.9927266910794,108
campus,2021-06-07,37.229200090680806,4
ring,2021-06-07,44.111721197411356,1322
campus,2021-06-08,41.91350717983291,4
ring,2021-06-08,39.51068312774453,948
campus,2021-06-09,,0
ring,2021-06-09,,0
campus,2021-06-10,,0
ring,2021-06-10,,0
campus,2021-06-11,,0
ring,2021-06-11,,0
campus,2021-06-12,,0
ring,2021-06-12,,0
campus,2021-06-13,,0
ring,2021-06-13,,0
campus,2021-06-14,,0
ring,2021-06-14,,0
campus,2021-06-15,12.518804254601136,4
ring,2021-06-15,30.705287894656,1223
campus,2021-06-16,,0
ring,2021-06-16,,0
campus,2021-06-17,31.478400950859015,4
ring,2021-06-17,34.56920597000675,1328
campus,2021-06-18,35.666124967339535,4
ring,2021-06-18,41.56504722804303,1317
campus,2021-06-19,,0
ring,2021-06-19,52.323500464649285,171
campus,2021-06-20,,0
ring,2021-06-20,,0
campus,2021-06-21,,0
ring,2021-06-21,,0
campus,2021-06-22,,0
ring,2021-06-22,,0
campus,2021-06-23,,0
ring,2021-06-23,11.4502960840861,12
campus,2021-06-24,,0
ring,2021-06-24,27.625469085048053,87
campus,2021-06-25,,0
ring,2021-06-25,,0
campus,2021-06-26,,0
ring,2021-06-26,,0
campus,2021-06-27,,0
ring,2021-06-27,,0
campus,2021-06-28,,0
ring,2021-06-28,,0
campus,2021-06-29,,0
ring,2021-06-29,40.6714837776617,18
campus,2021-06-30,,0
ring,2021-06-30,28.07578860655182,570
campus,2021-07-01,,0
ring,2021-07-01,32.42461888482566,654
campus,2021-07-02,,0
ring,2021-07-02,,0
campus,2021-07-03,,0
ring,2021-07-03,,0
campus,2021-07-04,,0
ring,2021-07-04,,0
campus,2021-07-05,53.13409693100873,3
ring,2021-07-05,56.81489052018891,1290
campus,2021-07-06,,0
ring,2021-07-06,35.16888158503259,1017
campus,2021-07-07,,0
ring,2021-07-07,25.652627565764774,85
campus,2021-07-08,36.573617579573295,4
ring,2021-07-08,36.79894049825831,1308
campus,2021-07-09,45.394247124327876,4
ring,2021-07-09,44.56247831420072,1324
campus,2021-07-10,,0
ring,2021-07-10,,0
campus,2021-07-11,,0
ring,2021-07-11,36.59522999190061,30
campus,2021-07-12,,0
ring,2021-07-12,,0
campus,2021-07-13,,0
ring,2021-07-13,26.133565617887243,56
campus,2021-07-14,43.3339659757822,4
ring,2021-07-14,44.09174044814674,1330
campus,2021-07-15,,0
ring,2021-07-15,,0
campus,2021-07-16,,0
ring,2021-07-16,,0
campus,2021-07-17,,0
ring,2021-07-17,,0
campus,2021-07-18,,0
ring,2021-07-18,,0
campus,2021-07-19,,0
ring,2021-07-19,,0
campus,2021-07-20,,0
ring,2021-07-20,,0
campus,2021-07-21,,0
ring,2021-07-21,20.018824782422794,93
campus,2021-07-22,38.07143884247787,4
ring,2021-07-22,38.696371263127276,1324
campus,2021-07-23,,0
ring,2021-07-23,,0
campus,2021-07-24,,0
ring,2021-07-24,,0
campus,2021-07-25,,0
ring,2021-07-25,25.748434985950585,45
campus,2021-07-26,,0
ring,2021-07-26,,0
campus,2021-07-27,,0
ring,2021-07-27,43.19004611696737,258
campus,2021-07-28,,0
ring,2021-07-28,,0
campus,2021-07-29,,0
ring,2021-07-29,,0
campus,2021-07-30,,0
ring,2021-07-30,,0
campus,2021-07-31,,0
ring,2021-07-31,,0
campus,2021-08-01,,0
ring,2021-08-01,,0
campus,2021-08-02,,0
ring,2021-08-02,,0
campus,2021-08-03,,0
ring,2021-08-03,,0
campus,2021-08-04,,0
ring,2021-08-04,,0
campus,2021-08-05,,0
ring,2021-08-05,,0
campus,2021-08-06,,0
ring,2021-08-06,,0
campus,2021-08-07,,0
ring,2021-08-07,,0
campus,2021-08-08,,0
ring,2021-08-08,,0
campus,2021-08-09,,0
ring,2021-08-09,,0
campus,2021-08-10,,0
ring,2021-08-10,,0
campus,2021-08-11,,0
ring,2021-08-11,,0
campus,2021-08-12,,0
ring,2021-08-12,,0
campus,2021-08-13,,0
ring,2021-08-13,,0
campus,2021-08-14,,0
ring,2021-08-14,,0
campus,2021-08-15,,0
ring,2021-08-15,,0
campus,2021-08-16,40.49791401639112,4
ring,2021-08-16,37.67898170857595,1322
campus,2021-08-17,,0
ring,2021-08-17,,0
campus,2021-08-18,,0
ring,2021-08-18,,0
campus,2021-08-19,,0
ring,2021-08-19,27.199481722961583,62
campus,2021-08-20,,0
ring,2021-08-20,,0
campus,2021-08-21,,0
ring,2021-08-21,55.260779176439556,28
campus,2021-08-22,28.27055111289584,4
ring,2021-08-22,44.761409744094735,1310
campus,2021-08-23,,0
ring,2021-08-23,,0
campus,2021-08-24,,0
ring,2021-08-24,,0
campus,2021-08-25,24.124353408813477,1
ring,2021-08-25,25.71265930991254,410
campus,2021-08-26,34.92687830678734,4
ring,2021-08-26,41.90072443274083,1306
campus,2021-08-27,40.39479038077341,4
ring,2021-08-27,54.71261564461844,1300
campus,2021-08-28,,0
ring,2021-08-28,71.06911986214774,14
campus,2021-08-29,,0
ring,2021-08-29,,0
campus,2021-08-30,,0
ring,2021-08-30,21.767997544374406,58
campus,2021-08-31,,0
ring,2021-08-31,36.858946632677046,564
campus,2021-09-01,31.615139710511396,4
ring,2021-09-01,41.77900645894187,1318
campus,2021-09-02,32.51442276144251,4
ring,2021-09-02,44.51504319013787,1219
campus,2021-09-03,35.0172181733897,4
ring,2021-09-03,35.53087236498951,932
campus,2021-09-04,,0
ring,2021-09-04,28.511563851291882,130
campus,2021-09-05,30.063580924916156,4
ring,2021-09-05,39.428173260631944,1325
campus,2021-09-06,,0
ring,2021-09-06,,0
campus,2021-09-07,46.00554773393371,4
ring,2021-09-07,58.02095468325308,1324
campus,2021-09-08,,0
ring,2021-09-08,,0
campus,2021-09-09,,0
ring,2021-09-09,26.397036016954065,59
campus,2021-09-10,,0
ring,2021-09-10,,0
campus,2021-09-11,34.19697477672022,4
ring,2021-09-11,43.014259433321286,1324
campus,2021-09-12,40.784224935540564,4
ring,2021-09-12,47.70118208039261,1325
campus,2021-09-13,33.385485644631544,4
ring,2021-09-13,33.875170996955134,1227
campus,2021-09-14,,0
ring,2021-09-14,,0
campus,2021-09-15,,0
ring,2021-09-15,,0
campus,2021-09-16,,0
ring,2021-09-16,48.09121081750633,270
campus,2021-09-17,34.04484028883383,4
ring,2021-09-17,38.799017333648784,749
campus,2021-09-18,30.24613029408343,4
ring,2021-09-18,43.14536338663595,1297
campus,2021-09-19,28.880249359238316,4
ring,2021-09-19,32.84371615478558,1106
campus,2021-09-20,,0
ring,2021-09-20,34.015710689278734,88
campus,2021-09-21,30.15288564296955,4
ring,2021-09-21,36.468058563533965,1001
campus,2021-09-22,,0
ring,2021-09-22,,0
campus,2021-09-23,27.69021584506326,4
ring,2021-09-23,41.16654062816769,1231
campus,2021-09-24,31.932475828788647,4
ring,2021-09-24,32.781429513571766,977
campus,2021-09-25,29.450425421128248,4
ring,2021-09-25,35.754944586181274,898
campus,2021-09-26,,0
ring,2021-09-26,26.37044233902712,339
campus,2021-09-27,32.282748647698774,4
ring,2021-09-27,37.59418154975245,1318
campus,2021-09-28,24.70296057848863,4
ring,2021-09-28,28.204153351400702,1323
campus,2021-09-29,27.458992031258596,4
ring,2021-09-29,33.132170589725234,1186
campus,2021-09-30,22.856849670410156,1
ring,2021-09-30,27.2215877268335,455
campus,2021-10-01,,0
ring,2021-10-01,24.82018148536322,57
campus,2021-10-02,32.30338845230604,4
ring,2021-10-02,40.67920397417873,1325
campus,2021-10-03,40.838494815736865,4
ring,2021-10-03,53.36473374172153,1329
campus,2021-10-04,43.91237278611447,4
ring,2021-10-04,50.13868985715238,1329
campus,2021-10-05,40.32513502579702,3
ring,2021-10-05,38.979705028998296,1290
campus,2021-10-06,,0
ring,2021-10-06,,0
campus,2021-10-07,,0
ring,2021-10-07,,0
campus,2021-10-08,,0
ring,2021-10-08,,0
campus,2021-10-09,,0
ring,2021-10-09,,0
campus,2021-10-10,27.18834457934742,4
ring,2021-10-10,32.20729847759324,1322
campus,2021-10-11,,0
ring,2021-10-11,,0
campus,2021-10-12,,0
ring,2021-10-12,,0
campus,2021-10-13,,0
ring,2021-10-13,,0
campus,2021-10-14,,0
ring,2021-10-14,,0
campus,2021-10-15,,0
ring,2021-10-15,,0
campus,2021-10-16,,0
ring,2021-10-16,43.33252743167652,156
campus,2021-10-17,,0
ring,2021-10-17,44.67627972836458,827
campus,2021-10-18,33.07028767641853,2
ring,2021-10-18,42.334244826294615,1165
campus,2021-10-19,35.295901840281594,4
ring,2021-10-19,44.15338195350629,1315
campus,2021-10-20,53.1997735079597,2
ring,2021-10-20,43.56272207911461,888
campus,2021-10-21,,0
ring,2021-10-21,30.528948829287575,21
campus,2021-10-22,,0
ring,2021-10-22,28.128231999361667,93
campus,2021-10-23,,0
ring,2021-10-23,36.48716646394522,411
campus,2021-10-24,29.29736885554354,4
ring,2021-10-24,47.27598585146699,920
campus,2021-10-25,39.93823413222049,4
ring,2021-10-25,45.97504255700024,1319
campus,2021-10-26,,0
ring,2021-10-26,31.368431226557313,435
campus,2021-10-27,,0
ring,2021-10-27,,0
campus,2021-10-28,29.751671204544568,4
ring,2021-10-28,34.15368701003369,1047
campus,2021-10-29,,0
ring,2021-10-29,,0
campus,2021-10-30,,0
ring,2021-10-30,,0
campus,2021-10-31,30.694664023851562,4
ring,2021-10-31,35.02449080252716,1328
campus,2021-11-01,,0
ring,2021-11-01,37.37281541670903,227
campus,2021-11-02,,0
ring,2021-11-02,,0
campus,2021-11-03,,0
ring,2021-11-03,,0
campus,2021-11-04,32.423081178620386,4
ring,2021-11-04,49.96136340385766,1329
campus,2021-11-05,46.1475413416473,4
ring,2021-11-05,41.440953216288484,1225
campus,2021-11-06,31.645397651923087,4
ring,2021-11-06,37.37302768857291,1328
campus,2021-11-07,,0
ring,2021-11-07,,0
campus,2021-11-08,40.82583111328698,4
ring,2021-11-08,39.70114384528859,1043
campus,2021-11-09,,0
ring,2021-11-09,,0
campus,2021-11-10,40.674067156975255,4
ring,2021-11-10,50.99197471849757,1265
campus,2021-11-11,,0
ring,2021-11-11,,0
campus,2021-11-12,,0
ring,2021-11-12,,0
campus,2021-11-13,,0
ring,2021-11-13,39.65695822324576,220
campus,2021-11-14,,0
ring,2021-11-14,,0
campus,2021-11-15,42.19740720757856,4
ring,2021-11-15,47.63202014545381,1326
campus,2021-11-16,,0
ring,2021-11-16,23.736006308478068,174
campus,2021-11-17,29.532857456117725,4
ring,2021-11-17,34.26901820404379,1097
campus,2021-11-18,,0
ring,2021-11-18,,0
campus,2021-11-19,,0
ring,2021-11-19,,0
campus,2021-11-20,39.12019033834967,4
ring,2021-11-20,45.40587940394237,990
campus,2021-11-21,,0
ring,2021-11-21,20.41331776680892,109
campus,2021-11-22,25.4846619269242,2
ring,2021-11-22,25.02706494502264,164
campus,2021-11-23,32.5310167169347,4
ring,2021-11-23,35.80399146892075,1276
campus,2021-11-24,,0
ring,2021-11-24,26.466472939910776,337
campus,2021-11-25,34.69970052119152,4
ring,2021-11-25,45.85355985877787,1321
campus,2021-11-26,,0
ring,2021-11-26,,0
campus,2021-11-27,38.241899839589294,4
ring,2021-11-27,39.758374740652805,1319
campus,2021-11-28,32.46233961615764,4
ring,2021-11-28,36.88129827960656,1279
campus,2021-11-29,35.66391996822447,4
ring,2021-11-29,37.33039102548756,1328
campus,2021-11-30,31.45840748710811,4
ring,2021-11-30,47.61672341482076,1328
campus,2021-12-01,32.560387105449266,4
ring,2021-12-01,56.62860054062393,1324
campus,2021-12-02,38.69128183355914,4
ring,2021-12-02,42.52298573406468,1328
campus,2021-12-03,26.439334323148774,4
ring,2021-12-03,38.290902234963546,1325
campus,2021-12-04,,0
ring,2021-12-04,43.60970131363651,275
campus,2021-12-05,37.3667166893471,4
ring,2021-12-05,40.42314754505099,1325
campus,2021-12-06,28.042101210831476,4
ring,2021-12-06,50.9273715523659,1329
campus,2021-12-07,,0
ring,2021-12-07,,0
campus,2021-12-08,25.66432519026206,4
ring,2021-12-08,36.937027328056395,1324
campus,2021-12-09,33.16796078928199,4
ring,2021-12-09,35.59379423196597,1326
campus,2021-12-10,32.72457272346031,4
ring,2021-12-10,37.2750086185895,1137
campus,2021-12-11,38.33787248280127,4
ring,2021-12-11,43.300613666389985,1329
campus,2021-12-12,33.80797521385228,4
ring,2021-12-12,42.10095276447328,1327
campus,2021-12-13,34.71482216024622,4
ring,2021-12-13,41.570044627213264,1329
campus,2021-12-14,29.7727442474805,3
ring,2021-12-14,33.608661034466024,540
campus,2021-12-15,25.028979229061516,2
ring,2021-12-15,29.13768710540893,337
campus,2021-12-16,,0
ring,2021-12-16,21.980094364711217,7
campus,2021-12-17,35.94349720032234,2
ring,2021-12-17,46.87922318750939,1282
campus,2021-12-18,39.15566221425231,4
ring,2021-12-18,45.880232796774365,1313
campus,2021-12-19,,0
ring,2021-12-19,,0
campus,2021-12-20,,0
ring,2021-12-20,,0
campus,2021-12-21,,0
ring,2021-12-21,27.125889219755955,594
campus,2021-12-22,,0
ring,2021-12-22,,0
campus,2021-12-23,,0
ring,2021-12-23,29.668067834526962,114
campus,2021-12-24,34.05755600011405,4
ring,2021-12-24,39.861567551233314,1326
campus,2021-12-25,32.06756481206473,4
ring,2021-12-25,45.53647338692227,961
campus,2021-12-26,,0
ring,2021-12-26,,0
campus,2021-12-27,,0
ring,2021-12-27,14.442432069756197,27
campus,2021-12-28,,0
ring,2021-12-28,9.993918010423979,175
campus,2021-12-29,,0
ring,2021-12-29,,0
campus,2021-12-30,,0
ring,2021-12-30,36.63260645698369,76
campus,2022-01-01,,0
ring,2022-01-01,,0
campus,2022-01-02,28.83602740059436,4
ring,2022-01-02,40.93330390420489,1329
campus,2022-01-03,35.463156346424086,4
ring,2022-01-03,38.56978052168656,1271
campus,2022-01-04,,0
ring,2022-01-04,31.794055734601812,718
campus,2022-01-05,,0
ring,2022-01-05,35.47876598815495,934
campus,2022-01-06,30.11531558506925,4
ring,2022-01-06,38.97722400688026,974
campus,2022-01-07,41.493667163759326,4
ring,2022-01-07,53.98781935684005,1329
campus,2022-01-08,,0
ring,2022-01-08,,0
campus,2022-01-09,,0
ring,2022-01-09,,0
campus,2022-01-10,,0
ring,2022-01-10,,0
campus,2022-01-11,26.243337631225582,2
ring,2022-01-11,40.54267539985652,382
campus,2022-01-12,,0
ring,2022-01-12,,0
campus,2022-01-13,21.777481079101562,1
ring,2022-01-13,20.27490672955453,318
campus,2022-01-14,,0
ring,2022-01-14,17.981853976420947,191
campus,2022-01-15,,0
ring,2022-01-15,,0
campus,2022-01-16,36.50085199382943,4
ring,2022-01-16,36.309104910347315,1319
campus,2022-01-17,32.24008560180664,1
ring,2022-01-17,33.26448107948189,101
campus,2022-01-18,37.45526885986328,2
ring,2022-01-18,45.67865314797129,1121
campus,2022-01-19,37.124792457186565,4
ring,2022-01-19,39.92446159668664,1307
campus,2022-01-20,,0
ring,2022-01-20,28.12358492556274,191
campus,2022-01-21,,0
ring,2022-01-21,,0
campus,2022-01-22,22.573205130440847,2
ring,2022-01-22,31.431145913788328,452
campus,2022-01-23,,0
ring,2022-01-23,23.170616692811418,142
campus,2022-01-24,,0
ring,2022-01-24,5.660803097997098,65
campus,2022-01-25,24.874939237322124,2
ring,2022-01-25,37.669905761407556,741
campus,2022-01-26,,0
ring,2022-01-26,31.40616503112826,294
campus,2022-01-27,26.765220476428105,4
ring,2022-01-27,24.598840224984006,217
campus,2022-01-28,,0
ring,2022-01-28,,0
campus,2022-01-29,,0
ring,2022-01-29,,0
campus,2022-01-30,,0
ring,2022-01-30,,0
campus,2022-01-31,,0
ring,2022-01-31,,0
campus,2022-02-01,,0
ring,2022-02-01,,0
campus,2022-02-02,,0
ring,2022-02-02,,0
campus,2022-02-03,,0
ring,2022-02-03,,0
campus,2022-02-04,31.03904476076224,4
ring,2022-02-04,34.00195907151327,1327
campus,2022-02-05,,0
ring,2022-02-05,,0
campus,2022-02-06,,0
ring,2022-02-06,,0
campus,2022-02-07,,0
ring,2022-02-07,,0
campus,2022-02-08,,0
ring,2022-02-08,,0
campus,2022-02-09,,0
ring,2022-02-09,,0
campus,2022-02-10,13.738873481750488,1
ring,2022-02-10,18.980494417709618,339
campus,2022-02-11,,0
ring,2022-02-11,23.545255882763776,107
campus,2022-02-12,,0
ring,2022-02-12,,0
campus,2022-02-13,,0
ring,2022-02-13,20.778284284803604,9
campus,2022-02-14,31.01373404292433,4
ring,2022-02-14,31.664195475342368,944
campus,2022-02-15,33.34042988808502,4
ring,2022-02-15,37.337599469685635,844
campus,2022-02-16,,0
ring,2022-02-16,,0
campus,2022-02-17,,0
ring,2022-02-17,,0
campus,2022-02-18,,0
ring,2022-02-18,22.01340755171565,340
campus,2022-02-19,,0
ring,2022-02-19,,0
campus,2022-02-20,,0
ring,2022-02-20,19.41090444791115,59
campus,2022-02-21,17.311312765022958,4
ring,2022-02-21,16.037967091591426,920
campus,2022-02-22,,0
ring,2022-02-22,16.903080203622395,63
campus,2022-02-23,24.115291595458984,1
ring,2022-02-23,40.81877979397958,832
campus,2022-02-24,37.411337203263116,4
ring,2022-02-24,45.41524592563245,1329
campus,2022-02-25,35.61872314847131,4
ring,2022-02-25,40.37602250587377,1324
campus,2022-02-26,,0
ring,2022-02-26,,0
campus,2022-02-27,,0
ring,2022-02-27,,0
campus,2022-02-28,,0
ring,2022-02-28,,0
campus,2022-03-01,41.48105546118508,4
ring,2022-03-01,46.08895198878216,1138
campus,2022-03-02,40.067153859026554,4
ring,2022-03-02,44.8029071331315,1326
campus,2022-03-03,32.342750235902315,4
ring,2022-03-03,42.63652085122556,1323
campus,2022-03-04,32.213809098436236,4
ring,2022-03-04,38.96182551195762,1324
campus,2022-03-05,,0
ring,2022-03-05,,0
campus,2022-03-06,,0
ring,2022-03-06,,0
campus,2022-03-07,47.29193411634562,4
ring,2022-03-07,52.67522990697048,1329
campus,2022-03-08,39.9064197719377,4
ring,2022-03-08,45.02403016714216,1322
campus,2022-03-09,,0
ring,2022-03-09,41.4869526397803,245
campus,2022-03-10,110.40257756586925,4
ring,2022-03-10,39.349629302983296,1327
campus,2022-03-11,44.714939527873746,3
ring,2022-03-11,46.02228689618518,1328
campus,2022-03-12,32.80336267623543,4
ring,2022-03-12,37.04769906609492,907
campus,2022-03-13,,0
ring,2022-03-13,29.977877760680627,278
campus,2022-03-14,,0
ring,2022-03-14,38.428253679616425,1313
campus,2022-03-15,,0
ring,2022-03-15,,0
campus,2022-03-16,,0
ring,2022-03-16,,0
campus,2022-03-17,29.189317739462552,3
ring,2022-03-17,35.68406795342908,1249
campus,2022-03-18,,0
ring,2022-03-18,33.15144639600081,459
campus,2022-03-19,,0
ring,2022-03-19,25.61692849214258,300
campus,2022-03-20,,0
ring,2022-03-20,28.326033924167483,60
campus,2022-03-21,26.681711196899414,1
ring,2022-03-21,27.669950195725782,19
campus,2022-03-22,,0
ring,2022-03-22,9.268283400002499,20
campus,2022-03-23,,0
ring,2022-03-23,,0
campus,2022-03-24,,0
ring,2022-03-24,16.218428448228067,71
campus,2022-03-25,,0
ring,2022-03-25,15.336964206847147,104
campus,2022-03-26,,0
ring,2022-03-26,,0
campus,2022-03-27,,0
ring,2022-03-27,,0
campus,2022-03-28,,0
ring,2022-03-28,10.573446971458742,264
campus,2022-03-29,,0
ring,2022-03-29,11.808871130551063,59
campus,2022-03-30,,0
ring,2022-03-30,,0
campus,2022-03-31,,0
ring,2022-03-31,,0
campus,2022-04-01,,0
ring,2022-04-01,,0
campus,2022-04-02,,0
ring,2022-04-02,,0
campus,2022-04-03,35.239183121443915,4
ring,2022-04-03,44.38933405314262,1328
campus,2022-04-04,30.921750883541197,4
ring,2022-04-04,40.260446209618316,1323
campus,2022-04-05,23.90185241520125,4
ring,2022-04-05,36.96431064221257,1324
campus,2022-04-06,,0
ring,2022-04-06,,0
campus,2022-04-07,33.13409920365598,4
ring,2022-04-07,48.43690915226971,1329
campus,2022-04-08,,0
ring,2022-04-08,43.98930711780935,327
campus,2022-04-09,36.035302614382175,4
ring,2022-04-09,44.81229188504783,1322
campus,2022-04-10,29.96544611398043,4
ring,2022-04-10,37.01577612540703,1326
campus,2022-04-11,45.30256182710889,4
ring,2022-04-11,38.2734828500409,1324
campus,2022-04-12,,0
ring,2022-04-12,33.72196073651079,19
campus,2022-04-13,42.91535247659459,4
ring,2022-04-13,54.19479862479741,1296
campus,2022-04-14,,0
ring,2022-04-14,35.45997486114502,10
campus,2022-04-15,,0
ring,2022-04-15,,0
campus,2022-04-16,,0
ring,2022-04-16,,0
campus,2022-04-17,,0
ring,2022-04-17,,0
campus,2022-04-18,,0
ring,2022-04-18,,0
campus,2022-04-19,14.782529695862863,3
ring,2022-04-19,16.6576477668918,146
campus,2022-04-20,,0
ring,2022-04-20,,0
campus,2022-04-21,,0
ring,2022-04-21,,0
campus,2022-04-22,,0
ring,2022-04-22,27.372065011749747,445
campus,2022-04-23,,0
ring,2022-04-23,,0
campus,2022-04-24,33.134411116777834,4
ring,2022-04-24,32.00749693186569,1299
campus,2022-04-25,,0
ring,2022-04-25,43.176053665030345,43
campus,2022-04-26,33.46106367596125,4
ring,2022-04-26,33.02704293722405,1059
campus,2022-04-27,,0
ring,2022-04-27,,0
campus,2022-04-28,35.14729560316331,4
ring,2022-04-28,30.152408204972325,907
campus,2022-04-29,,0
ring,2022-04-29,,0
campus,2022-04-30,,0
ring,2022-04-30,,0
campus,2022-05-01,,0
ring,2022-05-01,,0
campus,2022-05-02,,0
ring,2022-05-02,39.13401534643446,224
campus,2022-05-03,37.535667419433594,1
ring,2022-05-03,40.80061287340189,1016
campus,2022-05-04,,0
ring,2022-05-04,,0
campus,2022-05-05,40.407330870917,4
ring,2022-05-05,43.52448815015669,1327
campus,2022-05-06,,0
ring,2022-05-06,,0
campus,2022-05-07,,0
ring,2022-05-07,,0
campus,2022-05-08,,0
ring,2022-05-08,,0
campus,2022-05-09,,0
ring,2022-05-09,,0
campus,2022-05-10,,0
ring,2022-05-10,18.10266561638294,208
campus,2022-05-11,,0
ring,2022-05-11,,0
campus,2022-05-12,,0
ring,2022-05-12,11.512291981893428,4
campus,2022-05-13,,0
ring,2022-05-13,22.274016857147217,4
campus,2022-05-14,,0
ring,2022-05-14,,0
campus,2022-05-15,,0
ring,2022-05-15,19.219767208082157,469
campus,2022-05-16,36.38118489891219,4
ring,2022-05-16,38.946565959551236,1299
campus,2022-05-17,34.90272822160698,4
ring,2022-05-17,37.430861347319215,1271
campus,2022-05-18,,0
ring,2022-05-18,33.214358103859716,284
campus,2022-05-19,,0
ring,2022-05-19,,0
campus,2022-05-20,,0
ring,2022-05-20,42.39984753595342,407
campus,2022-05-21,,0
ring,2022-05-21,,0
campus,2022-05-22,,0
ring,2022-05-22,,0
campus,2022-05-23,,0
ring,2022-05-23,14.616448405707485,106
campus,2022-05-24,,0
ring,2022-05-24,,0
campus,2022-05-25,31.304543252718652,4
ring,2022-05-25,35.641620432306674,1042
campus,2022-05-26,,0
ring,2022-05-26,,0
campus,2022-05-27,,0
ring,2022-05-27,25.618636883113968,1084
campus,2022-05-28,,0
ring,2022-05-28,,0
campus,2022-05-29,49.78761099383559,4
ring,2022-05-29,32.98522808805313,1280
campus,2022-05-30,,0
ring,2022-05-30,,0
campus,2022-05-31,,0
ring,2022-05-31,28.651222522815125,388
campus,2022-06-01,,0
ring,2022-06-01,,0
campus,2022-06-02,24.172028654712744,4
ring,2022-06-02,23.193936008070416,742
campus,2022-06-03,,0
ring,2022-06-03,,0
campus,2022-06-04,,0
ring,2022-06-04,,0
campus,2022-06-05,,0
ring,2022-06-05,,0
campus,2022-06-06,,0
ring,2022-06-06,,0
campus,2022-06-07,,0
ring,2022-06-07,,0
campus,2022-06-08,,0
ring,2022-06-08,,0
campus,2022-06-09,,0
ring,2022-06-09,,0
campus,2022-06-10,,0
ring,2022-06-10,,0
campus,2022-06-11,,0
ring,2022-06-11,,0
campus,2022-06-12,,0
ring,2022-06-12,,0
campus,2022-06-13,,0
ring,2022-06-13,,0
campus,2022-06-14,,0
ring,2022-06-14,,0
campus,2022-06-15,,0
ring,2022-06-15,,0
campus,2022-06-16,,0
ring,2022-06-16,,0
campus,2022-06-17,,0
ring,2022-06-17,,0
campus,2022-06-18,,0
ring,2022-06-18,,0
campus,2022-06-19,,0
ring,2022-06-19,20.034877166244556,16
campus,2022-06-20,,0
ring,2022-06-20,,0
campus,2022-06-21,,0
ring,2022-06-21,35.217191480425754,24
campus,2022-06-22,,0
ring,2022-06-22,37.09821056871602,740
campus,2022-06-23,35.383093716157255,4
ring,2022-06-23,38.68895604504161,1317
campus,2022-06-24,,0
ring,2022-06-24,,0
campus,2022-06-25,,0
ring,2022-06-25,,0
campus,2022-06-26,44.52500289288907,4
ring,2022-06-26,44.67198900391455,1295
campus,2022-06-27,,0
ring,2022-06-27,,0
campus,2022-06-28,,0
ring,2022-06-28,,0
campus,2022-06-29,,0
ring,2022-06-29,,0
campus,2022-06-30,,0
ring,2022-06-30,,0
campus,2022-07-01,,0
ring,2022-07-01,,0
campus,2022-07-02,,0
ring,2022-07-02,,0
campus,2022-07-03,,0
ring,2022-07-03,,0
campus,2022-07-04,,0
ring,2022-07-04,,0
campus,2022-07-05,,0
ring,2022-07-05,,0
campus,2022-07-06,,0
ring,2022-07-06,,0
campus,2022-07-07,,0
ring,2022-07-07,,0
campus,2022-07-08,,0
ring,2022-07-08,,0
campus,2022-07-09,,0
ring,2022-07-09,,0
campus,2022-07-10,83.84231771510682,4
ring,2022-07-10,36.28726327197134,1309
campus,2022-07-11,39.81549968211472,4
ring,2022-07-11,39.10725764949507,1288
campus,2022-07-12,41.40052047249192,4
ring,2022-07-12,46.83835584873573,1302
campus,2022-07-13,48.08687582316179,4
ring,2022-07-13,53.99649313087995,1318
campus,2022-07-14,,0
ring,2022-07-14,,0
campus,2022-07-15,,0
ring,2022-07-15,,0
campus,2022-07-16,,0
ring,2022-07-16,,0
campus,2022-07-17,,0
ring,2022-07-17,,0
campus,2022-07-18,,0
ring,2022-07-18,,0
campus,2022-07-19,,0
ring,2022-07-19,,0
campus,2022-07-20,38.294559681963975,4
ring,2022-07-20,37.35401164738958,1300
campus,2022-07-21,,0
ring,2022-07-21,,0
campus,2022-07-22,28.649981547210178,2
ring,2022-07-22,37.178127398145435,1115
campus,2022-07-23,37.623945185405,4
ring,2022-07-23,47.184929581316105,1287
campus,2022-07-24,39.154924572813016,4
ring,2022-07-24,50.37403351628729,1312
campus,2022-07-25,39.31335680132628,4
ring,2022-07-25,43.56748618396333,1325
campus,2022-07-26,,0
ring,2022-07-26,,0
campus,2022-08-11,31.468504076719864,4
ring,2022-08-11,34.37035644354753,1256
campus,2022-08-12,43.87413429463459,4
ring,2022-08-12,32.541460582610945,1180
campus,2022-08-13,26.477651499085507,4
ring,2022-08-13,38.555506716843865,1275
campus,2022-08-14,26.558277130126953,1
ring,2022-08-14,36.6988447067659,1253
campus,2022-08-15,33.74579382981861,4
ring,2022-08-15,44.0742434185063,1315
campus,2022-08-16,27.16769027709961,1
ring,2022-08-16,33.24777129467322,1205
campus,2022-08-17,,0
ring,2022-08-17,34.462579755425175,813
campus,2022-08-18,40.32174626274202,4
ring,2022-08-18,43.53598233253744,1300
campus,2022-08-19,53.02460498209439,4
ring,2022-08-19,48.88449325215362,1320
campus,2022-08-20,,0
ring,2022-08-20,43.400109175066675,343
campus,2022-08-21,37.19612915925772,4
ring,2022-08-21,36.98542767057246,1319
campus,2022-08-22,32.88144028941287,3
ring,2022-08-22,35.72023513364253,1089
campus,2022-08-23,30.618657931475575,4
ring,2022-08-23,39.25115334310839,1132
campus,2022-08-24,,0
ring,2022-08-24,,0
campus,2022-08-25,,0
ring,2022-08-25,30.018024629162205,31
campus,2022-08-26,24.68769705239596,4
ring,2022-08-26,32.78931009534914,1324
campus,2022-08-27,,0
ring,2022-08-27,,0
campus,2022-08-28,29.668064390549638,4
ring,2022-08-28,36.27204997065996,1262
campus,2022-08-29,,0
ring,2022-08-29,,0
campus,2022-08-30,,0
ring,2022-08-30,,0
campus,2022-08-31,,0
ring,2022-08-31,,0
campus,2022-09-01,,0
ring,2022-09-01,,0
campus,2022-09-02,30.76963406574877,3
ring,2022-09-02,41.118283421804975,1175
campus,2022-09-03,27.540745950080975,4
ring,2022-09-03,38.818701718568406,1029
campus,2022-09-04,35.46025135595474,4
ring,2022-09-04,46.01346014612006,1291
campus,2022-09-05,,0
ring,2022-09-05,,0
campus,2022-09-06,,0
ring,2022-09-06,,0
campus,2022-09-07,,0
ring,2022-09-07,31.088864803062314,432
campus,2022-09-08,,0
ring,2022-09-08,,0
campus,2022-09-09,,0
ring,2022-09-09,58.390840704951735,80
campus,2022-09-10,33.04509853309309,4
ring,2022-09-10,40.84958563565092,1313
campus,2022-09-11,,0
ring,2022-09-11,32.71187676192787,623
campus,2022-09-12,33.883953655467316,2
ring,2022-09-12,28.149989833173496,542
campus,2022-09-13,,0
ring,2022-09-13,28.161139917412022,90
campus,2022-09-14,29.888781140108062,4
ring,2022-09-14,40.03018718616637,1075
campus,2022-09-15,,0
ring,2022-09-15,35.23049393577603,168
campus,2022-09-16,34.46594337678292,4
ring,2022-09-16,42.434004829964564,1320
campus,2022-09-17,44.81599426269531,1
ring,2022-09-17,28.383104411033827,317
campus,2022-09-18,,0
ring,2022-09-18,,0
campus,2022-09-19,,0
ring,2022-09-19,,0
campus,2022-09-20,,0
ring,2022-09-20,34.2769835611086,82
campus,2022-09-21,,0
ring,2022-09-21,32.47774119855855,726
campus,2022-09-22,32.48402786254883,1
ring,2022-09-22,34.031362209897786,1326
campus,2022-09-23,,0
ring,2022-09-23,,0
campus,2022-09-24,,0
ring,2022-09-24,33.08514371718079,95
campus,2022-09-25,33.19284568034427,4
ring,2022-09-25,45.87605323359016,1329
campus,2022-09-26,35.315399223650005,4
ring,2022-09-26,42.7442723921055,1329
campus,2022-09-27,,0
ring,2022-09-27,,0
campus,2022-09-28,,0
ring,2022-09-28,30.15976432451731,160
campus,2022-09-29,,0
ring,2022-09-29,,0
campus,2022-09-30,,0
ring,2022-09-30,,0
campus,2022-10-01,31.55796818442188,4
ring,2022-10-01,46.364309961158845,1329
campus,2022-10-02,35.44500246630028,4
ring,2022-10-02,41.77246027934245,1327
campus,2022-10-03,24.876645587419677,4
ring,2022-10-03,37.11414455361939,1329
campus,2022-10-04,27.009502191498807,4
ring,2022-10-04,39.202638536688795,1320
campus,2022-10-05,30.24697368693464,4
ring,2022-10-05,40.66679182621658,948
campus,2022-10-06,36.16432329634546,4
ring,2022-10-06,47.01514800392119,1313
campus,2022-10-07,38.85018239446649,4
ring,2022-10-07,49.23193490714371,1314
campus,2022-10-08,32.56874304757991,4
ring,2022-10-08,39.452876791146416,947
campus,2022-10-09,29.088392761989418,3
ring,2022-10-09,39.52006255072424,1042
campus,2022-10-10,21.763382723633672,4
ring,2022-10-10,40.51419275544988,1276
campus,2022-10-11,30.576540826072154,4
ring,2022-10-11,46.742069077265036,1270
campus,2022-10-12,32.145134245285966,4
ring,2022-10-12,48.24036690221124,1299
campus,2022-10-13,33.704464585568424,4
ring,2022-10-13,40.01338044140848,1323
campus,2022-10-14,28.87342447630116,4
ring,2022-10-14,36.983127806546996,1312
campus,2022-10-15,32.07190349740041,4
ring,2022-10-15,38.91787240149284,1161
campus,2022-10-16,,0
ring,2022-10-16,,0
campus,2022-10-17,,0
ring,2022-10-17,,0
campus,2022-10-18,,0
ring,2022-10-18,,0
campus,2022-10-19,,0
ring,2022-10-19,21.546980898276022,308
campus,2022-10-20,,0
ring,2022-10-20,37.8757755773369,138
campus,2022-10-21,30.947735674504386,4
ring,2022-10-21,39.72550600474464,1324
campus,2022-10-22,,0
ring,2022-10-22,41.522794164198515,201
campus,2022-10-23,25.131001351584846,4
ring,2022-10-23,38.190412409706056,1329
campus,2022-10-24,27.859930504095946,4
ring,2022-10-24,36.93695908942967,1245
campus,2022-10-25,,0
ring,2022-10-25,,0
campus,2022-10-26,32.10479126961578,4
ring,2022-10-26,39.456448076417296,1329
campus,2022-10-27,36.770551663609176,4
ring,2022-10-27,43.1122581046895,1319
campus,2022-10-28,40.59287939832804,4
ring,2022-10-28,45.14385399670793,1329
campus,2022-10-29,,0
ring,2022-10-29,,0
campus,2022-10-30,,0
ring,2022-10-30,,0
campus,2022-10-31,,0
ring,2022-10-31,,0
campus,2022-11-01,,0
ring,2022-11-01,,0
campus,2022-11-02,,0
ring,2022-11-02,,0
campus,2022-11-03,,0
ring,2022-11-03,,0
campus,2022-11-04,,0
ring,2022-11-04,,0
campus,2022-11-05,,0
ring,2022-11-05,,0
campus,2022-11-06,,0
ring,2022-11-06,,0
campus,2022-11-07,,0
ring,2022-11-07,20.914923068046697,31
campus,2022-11-08,,0
ring,2022-11-08,,0
campus,2022-11-09,24.8243709707484,4
ring,2022-11-09,32.407900709049585,1296
campus,2022-11-10,27.19044642828999,4
ring,2022-11-10,32.248473673274766,1303
campus,2022-11-11,28.665430400293197,4
ring,2022-11-11,36.36257850501031,1313
campus,2022-11-12,34.38245483183525,4
ring,2022-11-12,46.05450724619049,1315
campus,2022-11-13,39.42641373755227,4
ring,2022-11-13,39.85314223705887,1313
campus,2022-11-14,,0
ring,2022-11-14,,0
campus,2022-11-15,17.910045296445542,2
ring,2022-11-15,26.816582035607315,752
campus,2022-11-16,26.740375550140236,4
ring,2022-11-16,33.11082772171894,1086
campus,2022-11-17,28.884908371688056,4
ring,2022-11-17,34.277254818773294,1240
campus,2022-11-18,32.456372023748116,4
ring,2022-11-18,38.42586859001776,1082
campus,2022-11-19,35.02240652881318,4
ring,2022-11-19,40.95960198514468,1328
campus,2022-11-20,30.363695959529963,4
ring,2022-11-20,34.51939273006996,1324
campus,2022-11-21,,0
ring,2022-11-21,,0
campus,2022-11-22,,0
ring,2022-11-22,,0
campus,2022-11-23,,0
ring,2022-11-23,,0
campus,2022-11-24,,0
ring,2022-11-24,,0
campus,2022-11-25,,0
ring,2022-11-25,,0
campus,2022-11-26,,0
ring,2022-11-26,,0
campus,2022-11-27,,0
ring,2022-11-27,,0
campus,2022-11-28,22.669237954275946,2
ring,2022-11-28,30.108158208765214,620
campus,2022-11-29,42.001087726002005,4
ring,2022-11-29,33.465645790604874,759
campus,2022-11-30,,0
ring,2022-11-30,,0
campus,2022-12-01,,0
ring,2022-12-01,,0
campus,2022-12-02,,0
ring,2022-12-02,,0
campus,2022-12-03,17.202171965943815,4
ring,2022-12-03,19.47713716331763,618
campus,2022-12-04,19.569915499005997,2
ring,2022-12-04,23.422785307419762,172
campus,2022-12-05,,0
ring,2022-12-05,32.608720819720595,147
campus,2022-12-06,26.623362662087025,4
ring,2022-12-06,33.6877943757848,1126
campus,2022-12-07,,0
ring,2022-12-07,31.777620423763807,332
campus,2022-12-08,30.92061246504806,4
ring,2022-12-08,40.376026562869,1296
campus,2022-12-09,39.94855146452855,4
ring,2022-12-09,48.54920636118332,1312
campus,2022-12-10,39.25565795719344,4
ring,2022-12-10,44.80078197287887,1304
campus,2022-12-11,,0
ring,2022-12-11,34.307151890622144,17
campus,2022-12-12,24.308658599853516,1
ring,2022-12-12,34.04908105751276,358
campus,2022-12-13,13.105608891038333,2
ring,2022-12-13,15.303962285657391,634
campus,2022-12-14,12.182173728942871,1
ring,2022-12-14,17.158019617044367,250
campus,2022-12-15,10.484492301940918,1
ring,2022-12-15,10.02809397680943,274
campus,2022-12-16,12.45216685281673,4
ring,2022-12-16,12.173670828961681,599
campus,2022-12-17,,0
ring,2022-12-17,23.586982000815148,81
campus,2022-12-18,,0
ring,2022-12-18,43.820236281504044,33
campus,2022-12-19,,0
ring,2022-12-19,,0
campus,2022-12-20,,0
ring,2022-12-20,48.67618038172112,50
campus,2022-12-21,30.13923653078751,4
ring,2022-12-21,39.88572709704353,1316
campus,2022-12-22,28.83599706211,4
ring,2022-12-22,35.11268023186991,1074
campus,2022-12-23,27.224826982883222,4
ring,2022-12-23,34.58669235752764,958
campus,2022-12-24,34.11285813649495,4
ring,2022-12-24,39.890419473708874,1321
campus,2022-12-25,31.132915555031644,4
ring,2022-12-25,43.8972552064068,1329
campus,2022-12-26,31.151357220931793,4
ring,2022-12-26,41.551878306023035,1324
campus,2022-12-27,,0
ring,2022-12-27,,0
campus,2022-12-28,,0
ring,2022-12-28,,0
campus,2022-12-29,30.73731427797129,4
ring,2022-12-29,39.819593274613595,1320
campus,2022-12-30,36.2555711683533,4
ring,2022-12-30,46.98729428096764,1326
campus,2023-01-01,29.703948070185845,4
ring,2023-01-01,37.325918287064695,1072
campus,2023-01-02,,0
ring,2023-01-02,39.00708421148847,635
campus,2023-01-03,24.276098251342773,1
ring,2023-01-03,32.0096412262134,782
campus,2023-01-04,,0
ring,2023-01-04,23.292640197387072,77
campus,2023-01-05,,0
ring,2023-01-05,54.97191447399611,473
campus,2023-01-06,,0
ring,2023-01-06,18.311954498291016,1
campus,2023-01-07,,0
ring,2023-01-07,29.11224610135183,206
campus,2023-01-08,24.44613150027996,4
ring,2023-01-08,26.66615034659278,1201
campus,2023-01-09,,0
ring,2023-01-09,22.280519723892215,2
campus,2023-01-10,,0
ring,2023-01-10,,0
campus,2023-01-11,,0
ring,2023-01-11,19.490471758571356,48
campus,2023-01-12,,0
ring,2023-01-12,,0
campus,2023-01-13,16.714837692153285,4
ring,2023-01-13,28.817267594388756,620
campus,2023-01-14,24.399000184218767,3
ring,2023-01-14,33.23607111299096,502
campus,2023-01-15,,0
ring,2023-01-15,16.332530199077855,17
campus,2023-01-16,,0
ring,2023-01-16,6.383063527499679,49
campus,2023-01-17,,0
ring,2023-01-17,,0
campus,2023-01-18,22.66953616522847,4
ring,2023-01-18,33.22927115399717,1325
campus,2023-01-19,54.27850550888849,4
ring,2023-01-19,34.59703584019751,1325
campus,2023-01-20,,0
ring,2023-01-20,,0
campus,2023-01-21,,0
ring,2023-01-21,,0
campus,2023-01-22,29.35755400590493,4
ring,2023-01-22,32.498630024783395,1049
campus,2023-01-23,,0
ring,2023-01-23,,0
campus,2023-01-24,,0
ring,2023-01-24,40.84371884979905,237
campus,2023-01-25,,0
ring,2023-01-25,,0
campus,2023-01-26,,0
ring,2023-01-26,,0
campus,2023-01-27,29.730024230312292,4
ring,2023-01-27,35.43882683333515,1309
campus,2023-01-28,29.253566822535554,4
ring,2023-01-28,35.06063407394289,1325
campus,2023-01-29,28.19011410637081,4
ring,2023-01-29,36.55817282733885,1318
campus,2023-01-30,20.999921798706055,1
ring,2023-01-30,32.8189190377874,511
campus,2023-01-31,17.54762840270996,1
ring,2023-01-31,25.73122500163873,415
campus,2023-02-01,28.810182571411133,1
ring,2023-02-01,38.148761243398155,723
campus,2023-02-02,,0
ring,2023-02-02,31.46312490656411,202
campus,2023-02-03,,0
ring,2023-02-03,,0
campus,2023-02-04,,0
ring,2023-02-04,,0
campus,2023-02-05,,0
ring,2023-02-05,27.87862263755054,18
campus,2023-02-06,,0
ring,2023-02-06,21.64886759695835,152
campus,2023-02-07,,0
ring,2023-02-07,21.254337391995588,356
campus,2023-02-08,,0
ring,2023-02-08,,0
campus,2023-02-09,19.35173988342285,1
ring,2023-02-09,37.171678750897456,474
campus,2023-02-10,,0
ring,2023-02-10,24.926577455495163,256
campus,2023-02-11,,0
ring,2023-02-11,19.990008359051846,660
campus,2023-02-12,9.947542190551758,1
ring,2023-02-12,18.51672269463055,399
campus,2023-02-13,9.485852241516113,1
ring,2023-02-13,13.562745267535513,309
campus,2023-02-14,,0
ring,2023-02-14,24.844612069777373,162
campus,2023-02-15,29.4499199379218,4
ring,2023-02-15,40.08396664698159,1300
campus,2023-02-16,,0
ring,2023-02-16,,0
campus,2023-02-17,,0
ring,2023-02-17,37.81165699068228,173
campus,2023-02-18,,0
ring,2023-02-18,,0
campus,2023-02-19,,0
ring,2023-02-19,,0
campus,2023-02-20,28.409549641497254,4
ring,2023-02-20,39.91111814644807,1329
campus,2023-02-21,34.74648386995557,4
ring,2023-02-21,45.781044514672075,1324
campus,2023-02-22,39.09700665003817,4
ring,2023-02-22,49.359724715411886,1329
campus,2023-02-23,28.82950509657882,4
ring,2023-02-23,38.29880737374059,1329
campus,2023-02-24,33.29053941466998,4
ring,2023-02-24,41.50402535751259,1329
campus,2023-02-25,,0
ring,2023-02-25,,0
campus,2023-02-26,34.51913207237709,4
ring,2023-02-26,44.05657397510728,1255
campus,2023-02-27,41.0768172483489,4
ring,2023-02-27,48.57973936158166,1329
campus,2023-02-28,33.919612517379264,4
ring,2023-02-28,45.71165187336945,1329
campus,2023-03-01,29.33017179104084,4
ring,2023-03-01,39.63467608746587,1329
campus,2023-03-02,33.37274948979767,4
ring,2023-03-02,38.79916986851452,1328
campus,2023-03-03,,0
ring,2023-03-03,,0
campus,2023-03-04,37.18242039031266,4
ring,2023-03-04,48.57262434787273,1319
campus,2023-03-05,38.025782697077645,4
ring,2023-03-05,50.38707517353171,1317
campus,2023-03-06,35.9145103647739,2
ring,2023-03-06,36.07912027392521,970
campus,2023-03-07,38.64862781399292,4
ring,2023-03-07,37.0985484257294,1321
campus,2023-03-08,,0
ring,2023-03-08,42.53098909286418,862
campus,2023-03-09,,0
ring,2023-03-09,46.09717375850486,46
campus,2023-03-10,40.95072550169179,4
ring,2023-03-10,48.892328384061784,549
campus,2023-03-11,33.321406028640105,4
ring,2023-03-11,37.01646985415512,1325
campus,2023-03-12,,0
ring,2023-03-12,34.61816235388004,21
campus,2023-03-13,,0
ring,2023-03-13,,0
campus,2023-03-14,,0
ring,2023-03-14,12.878019905090332,5
campus,2023-03-15,26.7502908706665,4
ring,2023-03-15,34.77300665305243,1329
campus,2023-03-16,,0
ring,2023-03-16,36.70933557263196,285
campus,2023-03-17,30.88885813251907,4
ring,2023-03-17,37.290975209843346,1329
campus,2023-03-18,,0
ring,2023-03-18,,0
campus,2023-03-19,,0
ring,2023-03-19,,0
campus,2023-03-20,,0
ring,2023-03-20,,0
campus,2023-03-21,,0
ring,2023-03-21,,0
campus,2023-03-22,,0
ring,2023-03-22,,0
campus,2023-03-23,,0
ring,2023-03-23,,0
campus,2023-03-24,16.23344382360277,3
ring,2023-03-24,23.366834646828448,695
campus,2023-03-25,,0
ring,2023-03-25,,0
campus,2023-03-26,,0
ring,2023-03-26,,0
campus,2023-03-27,,0
ring,2023-03-27,,0
campus,2023-03-28,,0
ring,2023-03-28,,0
campus,2023-03-29,,0
ring,2023-03-29,,0
campus,2023-03-30,5.846463680267334,1
ring,2023-03-30,6.607116432702763,47
campus,2023-03-31,,0
ring,2023-03-31,7.647926063182412,88
campus,2023-04-01,,0
ring,2023-04-01,,0
campus,2023-04-02,,0
ring,2023-04-02,10.71320738273745,59
campus,2023-04-03,,0
ring,2023-04-03,13.869414174779633,461
campus,2023-04-04,16.49377724675849,2
ring,2023-04-04,17.64459833406656,614
campus,2023-04-05,,0
ring,2023-04-05,19.203515999922562,314
campus,2023-04-06,,0
ring,2023-04-06,17.97737561730444,700
campus,2023-04-07,,0
ring,2023-04-07,,0
campus,2023-04-08,,0
ring,2023-04-08,31.868371902312248,25
campus,2023-04-09,20.005705697195868,2
ring,2023-04-09,,0
campus,2023-04-10,,0
ring,2023-04-10,,0
campus,2023-04-11,12.028019408105127,4
ring,2023-04-11,21.79719673713295,711
campus,2023-04-12,,0
ring,2023-04-12,15.641147823893377,44
campus,2023-04-13,,0
ring,2023-04-13,18.756029208690165,89
campus,2023-04-14,,0
ring,2023-04-14,,0
campus,2023-04-15,28.60261917561992,4
ring,2023-04-15,40.8092834930271,1325
campus,2023-04-16,35.68642491801804,4
ring,2023-04-16,47.54004945491975,1325
campus,2023-04-17,,0
ring,2023-04-17,20.365734150502902,196
campus,2023-04-18,24.34216488582987,4
ring,2023-04-18,31.306084534319783,1077
campus,2023-04-19,23.61204951380991,4
ring,2023-04-19,31.127425062648328,826
campus,2023-04-20,,0
ring,2023-04-20,,0
campus,2023-04-21,,0
ring,2023-04-21,3.6558107111972284,200
campus,2023-04-22,,0
ring,2023-04-22,,0
campus,2023-04-23,8.466947113353902,2
ring,2023-04-23,9.439084869479034,485
campus,2023-04-24,29.597480810872003,4
ring,2023-04-24,32.32916853185222,902
campus,2023-04-25,28.282585217935406,4
ring,2023-04-25,33.35930439857707,821
campus,2023-04-26,32.35028418386242,4
ring,2023-04-26,40.36473196346472,1051
campus,2023-04-27,14.753415366350595,4
ring,2023-04-27,16.305767625733118,567
campus,2023-04-28,,0
ring,2023-04-28,31.51218118471716,382
campus,2023-04-29,,0
ring,2023-04-29,27.27394340014943,8
campus,2023-04-30,,0
ring,2023-04-30,32.939912789104454,35
campus,2023-05-01,,0
ring,2023-05-01,35.94158599805026,524
campus,2023-05-02,,0
ring,2023-05-02,24.812344354264866,763
campus,2023-05-03,26.748214620077587,4
ring,2023-05-03,25.95748303971598,823
campus,2023-05-04,28.609334700909997,4
ring,2023-05-04,37.58155555587283,1261
campus,2023-05-05,,0
ring,2023-05-05,,0
campus,2023-05-06,30.272620591355295,4
ring,2023-05-06,33.83453219672203,1234
campus,2023-05-07,,0
ring,2023-05-07,18.210258580945233,33
campus,2023-05-08,,0
ring,2023-05-08,,0
campus,2023-05-09,,0
ring,2023-05-09,,0
campus,2023-05-10,,0
ring,2023-05-10,12.49524211883545,1
campus,2023-05-11,,0
ring,2023-05-11,,0
campus,2023-05-12,,0
ring,2023-05-12,,0
campus,2023-05-13,,0
ring,2023-05-13,,0
campus,2023-05-14,,0
ring,2023-05-14,,0
campus,2023-05-15,,0
ring,2023-05-15,,0
campus,2023-05-16,,0
ring,2023-05-16,,0
campus,2023-05-17,23.636427156573056,4
ring,2023-05-17,31.420040996744383,805
campus,2023-05-18,,0
ring,2023-05-18,33.5711253823822,674
campus,2023-05-19,,0
ring,2023-05-19,27.404146292011948,737
campus,2023-05-20,,0
ring,2023-05-20,,0
campus,2023-05-21,25.921629797171164,4
ring,2023-05-21,36.256091362533795,437
campus,2023-05-22,,0
ring,2023-05-22,,0
campus,2023-05-23,,0
ring,2023-05-23,,0
campus,2023-05-24,,0
ring,2023-05-24,,0
campus,2023-05-25,21.238408502019926,4
ring,2023-05-25,25.700572907860487,584
campus,2023-05-26,,0
ring,2023-05-26,,0
campus,2023-05-27,,0
ring,2023-05-27,40.63865142158854,1144
campus,2023-05-28,37.775386810302734,4
ring,2023-05-28,50.66216672615151,1329
campus,2023-05-29,32.57892909520108,2
ring,2023-05-29,61.988008291754795,1264
campus,2023-05-30,35.942635843309304,4
ring,2023-05-30,48.40204274658043,1259
campus,2023-05-31,33.40452512875019,4
ring,2023-05-31,37.78698903008333,1072
campus,2023-06-01,31.962135892226097,4
ring,2023-06-01,39.476232495311876,1296
campus,2023-06-02,24.04911551677005,2
ring,2023-06-02,39.112189006283124,1002
campus,2023-06-03,,0
ring,2023-06-03,20.202403980687276,32
campus,2023-06-04,32.06799802710877,4
ring,2023-06-04,41.02055566993467,1091
campus,2023-06-05,27.772426074122688,4
ring,2023-06-05,38.62634933805496,1277
campus,2023-06-06,,0
ring,2023-06-06,32.242545258940126,120
campus,2023-06-07,,0
ring,2023-06-07,28.12407264349388,146
campus,2023-06-08,30.64452475208347,4
ring,2023-06-08,39.72808890501349,1242
campus,2023-06-09,,0
ring,2023-06-09,45.9894427032105,31
campus,2023-06-10,,0
ring,2023-06-10,46.14610820632529,29
campus,2023-06-11,33.79636764526367,1
ring,2023-06-11,30.040564313057146,676
campus,2023-06-12,29.19979012791816,4
ring,2023-06-12,40.90788179350996,1117
campus,2023-06-13,,0
ring,2023-06-13,,0
campus,2023-06-14,,0
ring,2023-06-14,35.44315834717763,164
campus,2023-06-15,,0
ring,2023-06-15,,0
campus,2023-06-16,,0
ring,2023-06-16,,0
campus,2023-06-17,,0
ring,2023-06-17,,0
campus,2023-06-18,,0
ring,2023-06-18,37.577443313598636,10
campus,2023-06-19,22.938653521041314,4
ring,2023-06-19,42.36137792380194,1316
campus,2023-06-20,28.86961393379414,4
ring,2023-06-20,40.4882402500354,1317
campus,2023-06-21,,0
ring,2023-06-21,27.03924292515236,479
campus,2023-06-22,,0
ring,2023-06-22,,0
campus,2023-06-23,,0
ring,2023-06-23,,0
campus,2023-06-24,,0
ring,2023-06-24,32.65122929898147,263
campus,2023-06-25,,0
ring,2023-06-25,,0
campus,2023-06-26,,0
ring,2023-06-26,,0
campus,2023-06-27,,0
ring,2023-06-27,,0
campus,2023-06-28,39.348194925894745,4
ring,2023-06-28,34.979009718441944,1305
campus,2023-06-29,,0
ring,2023-06-29,,0
campus,2023-06-30,,0
ring,2023-06-30,,0
campus,2023-07-01,,0
ring,2023-07-01,,0
campus,2023-07-02,,0
ring,2023-07-02,29.200075205400765,260
campus,2023-07-03,,0
ring,2023-07-03,31.707271665318736,31
campus,2023-07-04,,0
ring,2023-07-04,15.179658889770508,1
campus,2023-07-05,30.354405099695374,3
ring,2023-07-05,43.43917350314674,1271
campus,2023-07-06,28.901094381287102,3
ring,2023-07-06,37.15804527171823,859
campus,2023-07-07,42.12065696716308,2
ring,2023-07-07,37.75026854594697,1166
campus,2023-07-08,28.473397668279688,4
ring,2023-07-08,39.558093973275774,1256
campus,2023-07-09,23.8514236145389,4
ring,2023-07-09,43.11208927765287,1290
campus,2023-07-10,39.29495325157775,4
ring,2023-07-10,55.671292358200816,1305
campus,2023-07-11,37.479139101707325,4
ring,2023-07-11,53.101103095709334,1292
campus,2023-07-12,33.424449625084534,4
ring,2023-07-12,43.24292736578263,1251
campus,2023-07-13,,0
ring,2023-07-13,,0
campus,2023-07-14,,0
ring,2023-07-14,,0
campus,2023-07-15,,0
ring,2023-07-15,,0
campus,2023-07-16,,0
ring,2023-07-16,,0
campus,2023-07-17,,0
ring,2023-07-17,,0
campus,2023-07-18,,0
ring,2023-07-18,,0
campus,2023-07-19,,0
ring,2023-07-19,,0
campus,2023-07-20,,0
ring,2023-07-20,,0
campus,2023-07-21,,0
ring,2023-07-21,,0
campus,2023-07-22,,0
ring,2023-07-22,,0
campus,2023-07-23,,0
ring,2023-07-23,38.62488162310206,214
campus,2023-07-24,,0
ring,2023-07-24,,0
campus,2023-07-25,,0
ring,2023-07-25,,0
campus,2023-07-27,,0
ring,2023-07-27,,0
campus,2023-07-28,,0
ring,2023-07-28,,0
campus,2023-07-29,,0
ring,2023-07-29,,0
campus,2023-07-30,,0
ring,2023-07-30,,0
campus,2023-07-31,,0
ring,2023-07-31,,0
campus,2023-08-01,,0
ring,2023-08-01,26.625890958468005,15
campus,2023-08-02,26.51277583678756,4
ring,2023-08-02,38.07721012234636,1303
campus,2023-08-03,34.752799595239374,4
ring,2023-08-03,37.496169935334564,1196
campus,2023-08-04,145.5274314075158,3
ring,2023-08-04,37.53373529630272,763
campus,2023-08-05,,0
ring,2023-08-05,41.72912270310646,523
campus,2023-08-06,55.16964197043357,4
ring,2023-08-06,49.68073646403828,811
campus,2023-08-07,,0
ring,2023-08-07,38.46689323797234,591
campus,2023-08-08,,0
ring,2023-08-08,,0
campus,2023-08-09,,0
ring,2023-08-09,47.06186514080695,53
campus,2023-08-10,,0
ring,2023-08-10,,0
campus,2023-08-11,,0
ring,2023-08-11,,0
campus,2023-08-12,,0
ring,2023-08-12,,0
campus,2023-08-13,,0
ring,2023-08-13,38.03759053177247,218
campus,2023-08-14,,0
ring,2023-08-14,,0
campus,2023-08-15,45.87029964640989,4
ring,2023-08-15,35.05327614991779,1272
campus,2023-08-16,,0
ring,2023-08-16,27.37269026919092,911
campus,2023-08-17,,0
ring,2023-08-17,22.424263297397463,569
campus,2023-08-18,,0
ring,2023-08-18,36.72598142686155,33
campus,2023-08-19,,0
ring,2023-08-19,,0
campus,2023-08-20,,0
ring,2023-08-20,,0
campus,2023-08-21,,0
ring,2023-08-21,,0
campus,2023-08-22,,0
ring,2023-08-22,,0
campus,2023-08-23,,0
ring,2023-08-23,,0
campus,2023-08-24,,0
ring,2023-08-24,,0
campus,2023-08-25,,0
ring,2023-08-25,,0
campus,2023-08-26,,0
ring,2023-08-26,,0
campus,2023-08-27,29.024724261861447,4
ring,2023-08-27,39.9436029779665,871
campus,2023-08-28,,0
ring,2023-08-28,,0
campus,2023-08-29,,0
ring,2023-08-29,22.459137373745957,36
campus,2023-08-30,,0
ring,2023-08-30,,0
campus,2023-08-31,13.390206336975098,1
ring,2023-08-31,34.71741349916647,493
campus,2023-09-01,,0
ring,2023-09-01,,0
campus,2023-09-02,18.67429522393455,4
ring,2023-09-02,29.898528518836468,1176
campus,2023-09-03,,0
ring,2023-09-03,43.31865917103289,109
campus,2023-09-04,23.618202728844587,4
ring,2023-09-04,36.260976448027144,973
campus,2023-09-05,,0
ring,2023-09-05,,0
campus,2023-09-06,,0
ring,2023-09-06,,0
campus,2023-09-07,,0
ring,2023-09-07,,0
campus,2023-09-08,,0
ring,2023-09-08,,0
campus,2023-09-09,,0
ring,2023-09-09,,0
campus,2023-09-10,,0
ring,2023-09-10,,0
campus,2023-09-11,,0
ring,2023-09-11,,0
campus,2023-09-12,10.031225204467773,1
ring,2023-09-12,22.09166737810579,943
campus,2023-09-13,,0
ring,2023-09-13,,0
campus,2023-09-14,,0
ring,2023-09-14,,0
campus,2023-09-15,,0
ring,2023-09-15,,0
campus,2023-09-16,23.095972643211972,4
ring,2023-09-16,37.92067373373855,1269
campus,2023-09-17,30.49210565862521,4
ring,2023-09-17,49.84923805386558,1314
campus,2023-09-18,31.782277263945815,4
ring,2023-09-18,60.277725340575316,1329
campus,2023-09-19,22.349408431791918,4
ring,2023-09-19,44.20335959059231,1325
campus,2023-09-20,31.264551395541623,4
ring,2023-09-20,37.43630370490488,1096
campus,2023-09-21,,0
ring,2023-09-21,37.85036344335868,18
campus,2023-09-22,28.470101826627488,4
ring,2023-09-22,44.66047100970925,1327
campus,2023-09-23,28.820043317588844,4
ring,2023-09-23,46.51921091088824,1182
campus,2023-09-24,31.44939379624918,4
ring,2023-09-24,46.072892911319755,1299
campus,2023-09-25,,0
ring,2023-09-25,40.393174081786384,1186
campus,2023-09-26,,0
ring,2023-09-26,33.746675200384345,84
campus,2023-09-27,,0
ring,2023-09-27,36.81226863205593,596
campus,2023-09-28,27.695735573208943,4
ring,2023-09-28,44.28506470873028,1076
campus,2023-09-29,28.525427867549123,4
ring,2023-09-29,42.359311347613,1317
campus,2023-09-30,26.918803085183875,4
ring,2023-09-30,42.526298535895876,1324
campus,2023-10-01,,0
ring,2023-10-01,37.87589690921559,228
campus,2023-10-02,23.76459877719187,2
ring,2023-10-02,42.1138089948975,795
campus,2023-10-03,29.39920581226617,4
ring,2023-10-03,45.04424554263377,1198
campus,2023-10-04,,0
ring,2023-10-04,,0
campus,2023-10-05,,0
ring,2023-10-05,,0
campus,2023-10-06,,0
ring,2023-10-06,,0
campus,2023-10-07,,0
ring,2023-10-07,45.41671499334584,316
campus,2023-10-08,,0
ring,2023-10-08,,0
campus,2023-10-09,,0
ring,2023-10-09,,0
campus,2023-10-10,,0
ring,2023-10-10,,0
campus,2023-10-11,22.16052770838491,4
ring,2023-10-11,37.85323208488141,1326
campus,2023-10-12,,0
ring,2023-10-12,,0
campus,2023-10-13,,0
ring,2023-10-13,47.22226603128918,204
campus,2023-10-14,,0
ring,2023-10-14,,0
campus,2023-10-15,30.571746145615553,4
ring,2023-10-15,49.297204369688224,1324
campus,2023-10-16,26.130466541773835,4
ring,2023-10-16,44.712649317538585,1198
campus,2023-10-17,,0
ring,2023-10-17,,0
campus,2023-10-18,,0
ring,2023-10-18,,0
campus,2023-10-19,,0
ring,2023-10-19,,0
campus,2023-10-20,,0
ring,2023-10-20,,0
campus,2023-10-21,,0
ring,2023-10-21,,0
campus,2023-10-22,,0
ring,2023-10-22,,0
campus,2023-10-23,26.312681569739684,4
ring,2023-10-23,33.2820590537222,501
campus,2023-10-24,22.32039525027566,4
ring,2023-10-24,42.611194019481815,1323
campus,2023-10-25,31.71476545915917,4
ring,2023-10-25,50.30050487563762,1195
campus,2023-10-26,,0
ring,2023-10-26,36.89371919998919,341
campus,2023-10-27,,0
ring,2023-10-27,40.174769517571306,85
campus,2023-10-28,,0
ring,2023-10-28,,0
campus,2023-10-29,,0
ring,2023-10-29,,0
campus,2023-10-30,,0
ring,2023-10-30,30.781908625015642,24
campus,2023-10-31,33.15889317328941,4
ring,2023-10-31,50.45724862737273,1325
campus,2023-11-01,,0
ring,2023-11-01,,0
campus,2023-11-02,,0
ring,2023-11-02,,0
campus,2023-11-03,23.53912925720215,1
ring,2023-11-03,41.84593328986618,648
campus,2023-11-04,29.42046978999751,4
ring,2023-11-04,53.39711714313993,1322
campus,2023-11-05,32.62241332183981,4
ring,2023-11-05,60.65675819538013,1311
campus,2023-11-06,30.409888661968772,3
ring,2023-11-06,47.297257135488934,926
campus,2023-11-07,,0
ring,2023-11-07,,0
campus,2023-11-08,,0
ring,2023-11-08,,0
campus,2023-11-09,,0
ring,2023-11-09,51.8035948227342,73
campus,2023-11-10,,0
ring,2023-11-10,,0
campus,2023-11-11,,0
ring,2023-11-11,,0
campus,2023-11-12,,0
ring,2023-11-12,,0
campus,2023-11-13,,0
ring,2023-11-13,,0
campus,2023-11-14,21.786608919851098,4
ring,2023-11-14,42.59848138910879,1197
campus,2023-11-15,,0
ring,2023-11-15,,0
campus,2023-11-16,26.850495669763415,4
ring,2023-11-16,48.40246005210743,1324
campus,2023-11-17,25.46474739307529,4
ring,2023-11-17,42.70651550041265,1315
campus,2023-11-18,,0
ring,2023-11-18,,0
campus,2023-11-19,23.485681068169676,4
ring,2023-11-19,38.47582790053958,1196
campus,2023-11-20,25.692615800060576,4
ring,2023-11-20,45.08291606101398,1320
campus,2023-11-21,27.030283104086145,4
ring,2023-11-21,50.8671198471062,1328
campus,2023-11-22,,0
ring,2023-11-22,43.946962182162736,232
campus,2023-11-23,28.580600393769885,4
ring,2023-11-23,40.2892141771814,1312
campus,2023-11-24,26.587642759224615,4
ring,2023-11-24,41.59306121591194,1323
campus,2023-11-25,26.973808073661697,4
ring,2023-11-25,45.48214577936597,1327
campus,2023-11-26,32.15804465387908,4
ring,2023-11-26,49.714276533487585,1325
campus,2023-11-27,26.315964121214098,4
ring,2023-11-27,48.33433199571732,1312
campus,2023-11-28,,0
ring,2023-11-28,37.439623628984286,126
campus,2023-11-29,,0
ring,2023-11-29,51.709571838378906,1
campus,2023-11-30,,0
ring,2023-11-30,27.87498961944044,152
campus,2023-12-01,,0
ring,2023-12-01,22.175981068616217,20
campus,2023-12-02,,0
ring,2023-12-02,32.402639673489546,140
campus,2023-12-03,,0
ring,2023-12-03,27.663384133668256,412
campus,2023-12-04,,0
ring,2023-12-04,31.981791629032465,407
campus,2023-12-05,,0
ring,2023-12-05,,0
campus,2023-12-06,24.246448324319903,4
ring,2023-12-06,44.700761051319816,1319
campus,2023-12-07,28.174191075212814,2
ring,2023-12-07,51.00028324204845,1305
campus,2023-12-08,,0
ring,2023-12-08,,0
campus,2023-12-09,,0
ring,2023-12-09,,0
campus,2023-12-10,24.177437182323473,4
ring,2023-12-10,38.22939426235992,1324
campus,2023-12-11,30.09988341532962,4
ring,2023-12-11,44.41913913663379,1329
campus,2023-12-12,,0
ring,2023-12-12,,0
campus,2023-12-13,,0
ring,2023-12-13,,0
campus,2023-12-14,,0
ring,2023-12-14,40.34290437618157,222
campus,2023-12-15,,0
ring,2023-12-15,,0
campus,2023-12-16,,0
ring,2023-12-16,,0
campus,2023-12-17,,0
ring,2023-12-17,,0
campus,2023-12-18,,0
ring,2023-12-18,,0
campus,2023-12-19,,0
ring,2023-12-19,,0
campus,2023-12-20,,0
ring,2023-12-20,,0
campus,2023-12-21,22.94805690220424,2
ring,2023-12-21,41.2843717146705,764
campus,2023-12-22,,0
ring,2023-12-22,,0
campus,2023-12-23,28.05623448958419,4
ring,2023-12-23,53.96041449200562,1309
campus,2023-12-24,28.978035179102367,4
ring,2023-12-24,45.168721453172594,1318
campus,2023-12-25,28.081637234754968,4
ring,2023-12-25,40.00055275425899,1300
campus,2023-12-26,109.06242084950908,4
ring,2023-12-26,41.685486002045984,1282
campus,2023-12-27,26.667564392089844,1
ring,2023-12-27,45.54988807848449,905
campus,2023-12-28,30.533302450403916,4
ring,2023-12-28,47.7319149031518,1302
campus,2023-12-29,,0
ring,2023-12-29,,0
campus,2023-12-30,21.20158165049665,4
ring,2023-12-30,29.596770915428085,980
campus,2024-01-01,29.985460729106496,4
ring,2024-01-01,39.458863996028285,610
campus,2024-01-02,20.494834899902344,1
ring,2024-01-02,20.39688645075609,48
campus,2024-01-03,24.317997860796574,4
ring,2024-01-03,48.118045479719065,1316
campus,2024-01-04,,0
ring,2024-01-04,21.726507822672527,3
campus,2024-01-05,36.08405209483115,4
ring,2024-01-05,38.9209734277108,1284
campus,2024-01-06,,0
ring,2024-01-06,,0
campus,2024-01-07,31.783111536446874,4
ring,2024-01-07,47.39522862148537,1042
campus,2024-01-08,,0
ring,2024-01-08,,0
campus,2024-01-09,,0
ring,2024-01-09,38.718112401964234,103
campus,2024-01-10,,0
ring,2024-01-10,,0
campus,2024-01-11,,0
ring,2024-01-11,,0
campus,2024-01-12,,0
ring,2024-01-12,,0
campus,2024-01-13,27.400631653870775,4
ring,2024-01-13,47.98257606616061,1326
campus,2024-01-14,29.178228132041966,4
ring,2024-01-14,43.97315470150704,1329
campus,2024-01-15,24.757312958229317,4
ring,2024-01-15,40.40713234381062,1329
campus,2024-01-16,27.34223419511822,4
ring,2024-01-16,39.884204574501915,1328
campus,2024-01-17,,0
ring,2024-01-17,,0
campus,2024-01-18,26.241762528397107,4
ring,2024-01-18,49.702758674669774,1329
campus,2024-01-19,33.093615599081545,4
ring,2024-01-19,53.36635248831677,1302
campus,2024-01-20,30.26819336134503,4
ring,2024-01-20,44.61079664100913,1314
campus,2024-01-21,,0
ring,2024-01-21,14.18195015533075,15
campus,2024-01-22,,0
ring,2024-01-22,16.27571654275056,77
campus,2024-01-23,,0
ring,2024-01-23,28.071516400713374,330
campus,2024-01-24,,0
ring,2024-01-24,24.809744737704445,385
campus,2024-01-25,,0
ring,2024-01-25,33.45024191039873,344
campus,2024-01-26,,0
ring,2024-01-26,32.54456344487227,326
campus,2024-01-27,,0
ring,2024-01-27,28.021744037267794,145
campus,2024-01-28,,0
ring,2024-01-28,24.702829165920846,97
campus,2024-01-29,11.886801395479209,2
ring,2024-01-29,14.667966120037788,258
campus,2024-01-30,,0
ring,2024-01-30,24.43937265109757,368
campus,2024-01-31,,0
ring,2024-01-31,,0
campus,2024-02-01,10.151254358071306,2
ring,2024-02-01,17.876963085648516,281
campus,2024-02-02,6.828049251011439,2
ring,2024-02-02,18.92572657688979,247
campus,2024-02-03,,0
ring,2024-02-03,,0
campus,2024-02-04,8.64937250602973,4
ring,2024-02-04,8.825504921567095,98
campus,2024-02-05,,0
ring,2024-02-05,,0
campus,2024-02-06,,0
ring,2024-02-06,,0
campus,2024-02-07,,0
ring,2024-02-07,,0
campus,2024-02-08,,0
ring,2024-02-08,,0
campus,2024-02-09,,0
ring,2024-02-09,,0
campus,2024-02-10,28.548856430770087,4
ring,2024-02-10,39.41737318308787,1320
campus,2024-02-11,25.493840602641935,4
ring,2024-02-11,36.278762680253976,1321
campus,2024-02-12,78.89226154094571,4
ring,2024-02-12,37.28991896147616,1258
campus,2024-02-13,18.452244718309856,4
ring,2024-02-13,36.79411235881648,1325
campus,2024-02-14,25.01341640221681,4
ring,2024-02-14,36.97086407045478,818
campus,2024-02-15,28.571547405260826,4
ring,2024-02-15,40.097603920675255,1244
campus,2024-02-16,,0
ring,2024-02-16,,0
campus,2024-02-17,,0
ring,2024-02-17,,0
campus,2024-02-18,9.450188746713424,3
ring,2024-02-18,15.342593452424067,120
campus,2024-02-19,16.0892068655184,2
ring,2024-02-19,21.520461543659636,360
campus,2024-02-20,22.62083050454726,4
ring,2024-02-20,29.93572425846662,1013
campus,2024-02-21,,0
ring,2024-02-21,28.413543128967284,20
campus,2024-02-22,25.552372425696245,2
ring,2024-02-22,30.014087337946272,319
campus,2024-02-23,29.694083622523713,2
ring,2024-02-23,34.60354224648854,296
campus,2024-02-24,29.08765911190423,2
ring,2024-02-24,30.58037390490676,321
campus,2024-02-25,,0
ring,2024-02-25,25.874852737960097,429
campus,2024-02-26,,0
ring,2024-02-26,18.164410643243702,221
campus,2024-02-27,,0
ring,2024-02-27,18.572890331690303,242
campus,2024-02-28,18.982524871826172,1
ring,2024-02-28,24.138258736650215,274
campus,2024-02-29,11.757565369180025,3
ring,2024-02-29,14.566695146710453,169
campus,2024-03-01,,0
ring,2024-03-01,8.648741877486014,93
campus,2024-03-02,,0
ring,2024-03-02,20.92730206024558,230
campus,2024-03-03,,0
ring,2024-03-03,2.794020587404681,7
campus,2024-03-04,,0
ring,2024-03-04,,0
campus,2024-03-05,,0
ring,2024-03-05,,0
campus,2024-03-06,,0
ring,2024-03-06,,0
campus,2024-03-07,,0
ring,2024-03-07,,0
campus,2024-03-08,,0
ring,2024-03-08,,0
campus,2024-03-09,,0
ring,2024-03-09,,0
campus,2024-03-10,,0
ring,2024-03-10,,0
campus,2024-03-11,27.054483924113526,4
ring,2024-03-11,40.569409137101445,1329
campus,2024-03-12,30.429693517550618,4
ring,2024-03-12,37.85957613116417,960
campus,2024-03-13,,0
ring,2024-03-13,,0
campus,2024-03-14,,0
ring,2024-03-14,,0
campus,2024-03-15,,0
ring,2024-03-15,,0
campus,2024-03-16,,0
ring,2024-03-16,,0
campus,2024-03-17,16.964553421092145,4
ring,2024-03-17,22.95251400403904,678
campus,2024-03-18,,0
ring,2024-03-18,,0
campus,2024-03-19,27.361078826474472,4
ring,2024-03-19,38.91540513066796,1326
campus,2024-03-20,,0
ring,2024-03-20,,0
campus,2024-03-21,,0
ring,2024-03-21,23.244375773838588,14
campus,2024-03-22,,0
ring,2024-03-22,,0
campus,2024-03-23,,0
ring,2024-03-23,25.246600277557828,50
campus,2024-03-24,26.41777579437399,4
ring,2024-03-24,39.961422560457386,1239
campus,2024-03-25,23.157715573557105,4
ring,2024-03-25,37.49766535020248,1115
campus,2024-03-26,,0
ring,2024-03-26,48.57077407836914,1
campus,2024-03-27,,0
ring,2024-03-27,,0
campus,2024-03-28,,0
ring,2024-03-28,,0
campus,2024-03-29,17.645135544219002,3
ring,2024-03-29,22.415018595984467,956
campus,2024-03-30,,0
ring,2024-03-30,31.954819481683973,309
campus,2024-03-31,,0
ring,2024-03-31,20.121600367926117,418
campus,2024-04-01,21.35198037501232,4
ring,2024-04-01,34.907703772667176,1329
campus,2024-04-02,24.208174562230358,4
ring,2024-04-02,27.461852107262963,1226
campus,2024-04-03,,0
ring,2024-04-03,11.326931682476916,322
campus,2024-04-04,,0
ring,2024-04-04,,0
campus,2024-04-05,,0
ring,2024-04-05,,0
campus,2024-04-06,,0
ring,2024-04-06,,0
campus,2024-04-07,,0
ring,2024-04-07,,0
campus,2024-04-08,4.399666347125969,2
ring,2024-04-08,13.970711034858766,783
campus,2024-04-09,,0
ring,2024-04-09,,0
campus,2024-04-10,,0
ring,2024-04-10,,0
campus,2024-04-11,,0
ring,2024-04-11,,0
campus,2024-04-12,27.034686424362828,4
ring,2024-04-12,40.140191186067085,1319
campus,2024-04-13,24.07325893276734,4
ring,2024-04-13,35.4166296546357,1328
campus,2024-04-14,,0
ring,2024-04-14,33.4861757026231,4
campus,2024-04-15,20.868987159549906,4
ring,2024-04-15,35.35037914194951,1145
campus,2024-04-16,23.962636925245114,4
ring,2024-04-16,39.30792973714939,1223
campus,2024-04-17,26.095731342895125,3
ring,2024-04-17,37.795458547109064,1324
campus,2024-04-18,24.243528383998243,4
ring,2024-04-18,37.97749252935132,1262
campus,2024-04-19,,0
ring,2024-04-19,25.43794790119555,5
campus,2024-04-20,,0
ring,2024-04-20,16.972504690948014,113
campus,2024-04-21,,0
ring,2024-04-21,,0
campus,2024-04-22,,0
ring,2024-04-22,34.00648491460579,87
campus,2024-04-23,,0
ring,2024-04-23,24.165721634293504,332
campus,2024-04-24,,0
ring,2024-04-24,,0
campus,2024-04-25,,0
ring,2024-04-25,,0
campus,2024-04-26,,0
ring,2024-04-26,28.445908677631422,312
campus,2024-04-27,,0
ring,2024-04-27,,0
campus,2024-04-28,,0
ring,2024-04-28,26.902570054337783,14
campus,2024-04-29,6.0184006690979,1
ring,2024-04-29,7.589707503069884,118
campus,2024-04-30,,0
ring,2024-04-30,,0
campus,2024-05-01,23.542085647583008,1
ring,2024-05-01,26.968879333349143,314
campus,2024-05-02,,0
ring,2024-05-02,,0
campus,2024-05-03,,0
ring,2024-05-03,,0
campus,2024-05-04,,0
ring,2024-05-04,,0
campus,2024-05-05,,0
ring,2024-05-05,23.174677554956936,49
campus,2024-05-06,,0
ring,2024-05-06,,0
campus,2024-05-07,,0
ring,2024-05-07,,0
campus,2024-05-08,,0
ring,2024-05-08,,0
campus,2024-05-09,,0
ring,2024-05-09,,0
campus,2024-05-10,,0
ring,2024-05-10,,0
campus,2024-05-11,,0
ring,2024-05-11,21.317179491804342,31
campus,2024-05-12,,0
ring,2024-05-12,,0
campus,2024-05-13,,0
ring,2024-05-13,29.480925086077722,61
campus,2024-05-14,29.90222645036822,4
ring,2024-05-14,44.418290572997776,1250
campus,2024-05-15,,0
ring,2024-05-15,,0
campus,2024-05-16,28.56854408762934,4
ring,2024-05-16,41.73849300357276,1308
campus,2024-05-17,,0
ring,2024-05-17,,0
campus,2024-05-18,,0
ring,2024-05-18,,0
campus,2024-05-19,,0
ring,2024-05-19,,0
campus,2024-05-20,,0
ring,2024-05-20,5.0464236065552495,68
campus,2024-05-21,,0
ring,2024-05-21,14.72074804430927,158
campus,2024-05-22,,0
ring,2024-05-22,,0
campus,2024-05-23,,0
ring,2024-05-23,,0
campus,2024-05-24,14.832089562681627,4
ring,2024-05-24,15.50875015932813,881
campus,2024-05-25,,0
ring,2024-05-25,,0
campus,2024-05-26,,0
ring,2024-05-26,,0
campus,2024-05-27,,0
ring,2024-05-27,29.999949039685184,46
campus,2024-05-28,,0
ring,2024-05-28,12.722585201263428,4
campus,2024-05-29,18.002882410192605,4
ring,2024-05-29,23.794924391570543,1299
campus,2024-06-04,,0
ring,2024-06-04,,0
campus,2024-06-05,,0
ring,2024-06-05,,0
campus,2024-06-06,,0
ring,2024-06-06,,0
campus,2024-06-07,,0
ring,2024-06-07,9.296669136322594,666
campus,2024-06-08,,0
ring,2024-06-08,,0
campus,2024-06-09,,0
ring,2024-06-09,,0
campus,2024-06-10,,0
ring,2024-06-10,33.31535219039152,115
campus,2024-06-11,,0
ring,2024-06-11,,0
campus,2024-06-12,,0
ring,2024-06-12,,0
campus,2024-06-13,,0
ring,2024-06-13,,0
campus,2024-06-14,,0
ring,2024-06-14,,0
campus,2024-06-15,,0
ring,2024-06-15,,0
campus,2024-06-16,,0
ring,2024-06-16,,0
campus,2024-06-17,,0
ring,2024-06-17,,0
campus,2024-06-18,,0
ring,2024-06-18,,0
campus,2024-06-19,,0
ring,2024-06-19,45.27115850336725,226
campus,2024-06-20,23.827547766105894,4
ring,2024-06-20,34.60319701826374,1155
campus,2024-06-21,,0
ring,2024-06-21,38.842613284693236,245
campus,2024-06-22,,0
ring,2024-06-22,,0
campus,2024-06-23,,0
ring,2024-06-23,33.85632154519398,20
campus,2024-06-24,,0
ring,2024-06-24,,0
campus,2024-06-25,,0
ring,2024-06-25,,0
campus,2024-06-26,23.4414677169652,4
ring,2024-06-26,42.542786616833226,1155
campus,2024-06-27,37.50057569600768,4
ring,2024-06-27,36.5053497013129,1181
campus,2024-06-28,,0
ring,2024-06-28,50.151718517757814,58
campus,2024-06-29,,0
ring,2024-06-29,,0
campus,2024-06-30,,0
ring,2024-06-30,23.391795969070166,140
campus,2024-07-01,,0
ring,2024-07-01,,0
campus,2024-07-02,,0
ring,2024-07-02,,0
campus,2024-07-03,27.368141428321678,4
ring,2024-07-03,38.879541716238656,1292
campus,2024-07-04,31.758182553344433,4
ring,2024-07-04,36.3455450610572,1323
campus,2024-07-05,20.0645450448766,4
ring,2024-07-05,32.99371640555552,1222
campus,2024-07-06,25.89343881491599,4
ring,2024-07-06,44.47813930334024,1311
campus,2024-07-07,25.79224202246123,4
ring,2024-07-07,51.04582590073764,1317
campus,2024-07-08,31.926658242435778,4
ring,2024-07-08,43.93200063013035,1323
campus,2024-07-09,30.536288697840806,4
ring,2024-07-09,39.837398035002536,1199
campus,2024-07-16,,0
ring,2024-07-16,,0
campus,2024-07-17,29.4973471366753,4
ring,2024-07-17,50.90149062996018,1300
campus,2024-07-18,33.19632471560277,4
ring,2024-07-18,55.87679979140694,1280
campus,2024-07-19,,0
ring,2024-07-19,39.32668995696566,495
campus,2024-07-20,21.82730467152076,4
ring,2024-07-20,29.63393724449132,798
campus,2024-07-21,,0
ring,2024-07-21,42.50851914837832,750
campus,2024-07-22,,0
ring,2024-07-22,,0
campus,2024-07-23,29.25665798602901,4
ring,2024-07-23,46.25346076955234,1304
campus,2024-07-24,,0
ring,2024-07-24,,0
campus,2024-07-29,,0
ring,2024-07-29,,0
campus,2024-07-30,,0
ring,2024-07-30,,0
campus,2024-07-31,,0
ring,2024-07-31,30.084767528095554,968
campus,2024-08-01,26.293449420328574,4
ring,2024-08-01,36.038291110127744,1302
campus,2024-08-02,29.120083908191894,4
ring,2024-08-02,48.56183497177997,1308
campus,2024-08-03,34.89579475070315,4
ring,2024-08-03,67.68740962398665,1325
campus,2024-08-04,,0
ring,2024-08-04,,0
campus,2024-08-05,,0
ring,2024-08-05,26.120628342378335,176
campus,2024-08-06,,0
ring,2024-08-06,32.64933481161813,63
campus,2024-08-07,31.32889527789617,4
ring,2024-08-07,45.36194258559306,1323
campus,2024-08-08,48.45226239811711,4
ring,2024-08-08,60.28435324656585,1308
campus,2024-08-09,34.70922136191306,4
ring,2024-08-09,46.417050271328755,984
campus,2024-08-10,,0
ring,2024-08-10,,0
campus,2024-08-11,,0
ring,2024-08-11,,0
campus,2024-08-12,,0
ring,2024-08-12,,0
campus,2024-08-13,,0
ring,2024-08-13,,0
campus,2024-08-14,,0
ring,2024-08-14,,0
campus,2024-08-15,,0
ring,2024-08-15,,0
campus,2024-08-16,,0
ring,2024-08-16,,0
campus,2024-08-17,,0
ring,2024-08-17,,0
campus,2024-08-18,,0
ring,2024-08-18,,0
campus,2024-08-19,,0
ring,2024-08-19,,0
campus,2024-08-20,,0
ring,2024-08-20,,0
campus,2024-08-21,,0
ring,2024-08-21,,0
campus,2024-08-22,,0
ring,2024-08-22,,0
campus,2024-08-23,,0
ring,2024-08-23,,0
campus,2024-08-24,28.258705423764532,3
ring,2024-08-24,38.99853073808794,637
campus,2024-08-25,,0
ring,2024-08-25,44.42960531061346,11
campus,2024-08-26,26.710430790001237,4
ring,2024-08-26,42.729054056492664,1282
campus,2024-08-27,,0
ring,2024-08-27,,0
campus,2024-08-28,,0
ring,2024-08-28,,0
campus,2024-08-29,25.275803700299335,4
ring,2024-08-29,47.809395506880065,1285
campus,2024-08-30,,0
ring,2024-08-30,59.81428563565957,662
campus,2024-08-31,23.931797833509847,4
ring,2024-08-31,40.93394793075693,1319
campus,2024-09-01,25.002229578618152,4
ring,2024-09-01,37.86701449985636,1323
campus,2024-09-02,,0
ring,2024-09-02,,0
campus,2024-09-03,,0
ring,2024-09-03,,0
campus,2024-09-04,33.8289265341602,4
ring,2024-09-04,47.82996497075903,1140
campus,2024-09-05,,0
ring,2024-09-05,,0
campus,2024-09-06,,0
ring,2024-09-06,,0
campus,2024-09-07,,0
ring,2024-09-07,,0
campus,2024-09-08,,0
ring,2024-09-08,,0
campus,2024-09-09,,0
ring,2024-09-09,,0
campus,2024-09-10,30.63774684673184,4
ring,2024-09-10,49.01046261304478,1234
campus,2024-09-11,27.258925128990494,4
ring,2024-09-11,44.75660344541109,1329
campus,2024-09-12,24.214506628367822,4
ring,2024-09-12,39.69386772696296,1323
campus,2024-09-13,,0
ring,2024-09-13,,0
campus,2024-09-14,,0
ring,2024-09-14,,0
campus,2024-09-15,,0
ring,2024-09-15,36.51158806022354,72
campus,2024-09-16,,0
ring,2024-09-16,,0
campus,2024-09-17,,0
ring,2024-09-17,30.823521396254165,40
campus,2024-09-18,,0
ring,2024-09-18,,0
campus,2024-09-19,,0
ring,2024-09-19,,0
campus,2024-09-20,,0
ring,2024-09-20,,0
campus,2024-09-21,,0
ring,2024-09-21,,0
campus,2024-09-22,,0
ring,2024-09-22,38.16894476440476,73
campus,2024-09-23,,0
ring,2024-09-23,14.611340618133543,75
campus,2024-09-24,10.289514681791367,3
ring,2024-09-24,18.643031184756495,770
campus,2024-09-25,27.01168561765286,4
ring,2024-09-25,42.249858934192595,1321
campus,2024-09-27,,0
ring,2024-09-27,,0
campus,2024-09-28,,0
ring,2024-09-28,36.30436968571383,101
campus,2024-09-29,,0
ring,2024-09-29,,0
campus,2024-09-30,,0
ring,2024-09-30,60.6596167985181,245
campus,2024-10-01,29.918064130863673,4
ring,2024-10-01,47.00271958718614,1323
campus,2024-10-02,,0
ring,2024-10-02,39.69433828859431,685
campus,2024-10-03,,0
ring,2024-10-03,,0
campus,2024-10-04,25.339798097688007,2
ring,2024-10-04,41.31565067611824,1222
campus,2024-10-05,,0
ring,2024-10-05,,0
campus,2024-10-06,,0
ring,2024-10-06,42.50962326618641,268
campus,2024-10-07,26.892483782880177,4
ring,2024-10-07,41.70714521913572,1264
campus,2024-10-08,23.08175449192244,4
ring,2024-10-08,42.61029105737453,1294
campus,2024-10-09,,0
ring,2024-10-09,,0
campus,2024-10-10,,0
ring,2024-10-10,46.41048883218243,373
campus,2024-10-11,27.522229060320782,4
ring,2024-10-11,43.180914476398954,1329
campus,2024-10-12,30.458196469875567,4
ring,2024-10-12,43.03433755038004,1329
campus,2024-10-13,,0
ring,2024-10-13,,0
campus,2024-10-14,75.64248108304162,4
ring,2024-10-14,43.96380982921655,1248
campus,2024-10-15,27.84860931092025,4
ring,2024-10-15,44.838474895857956,1257
campus,2024-10-16,23.603768988954066,4
ring,2024-10-16,40.1268153666362,643
campus,2024-10-17,,0
ring,2024-10-17,56.07411589026027,56
campus,2024-10-18,,0
ring,2024-10-18,28.708859669255244,106
campus,2024-10-19,,0
ring,2024-10-19,36.641764364304265,257
campus,2024-10-20,31.89348875860653,4
ring,2024-10-20,46.194199434674445,1307
campus,2024-10-21,27.19326615669358,4
ring,2024-10-21,54.475299119513565,1317
campus,2024-10-22,,0
ring,2024-10-22,,0
campus,2024-10-23,,0
ring,2024-10-23,,0
campus,2024-10-24,,0
ring,2024-10-24,,0
campus,2024-10-25,,0
ring,2024-10-25,42.08740371085098,415
campus,2024-10-26,,0
ring,2024-10-26,,0
campus,2024-10-27,,0
ring,2024-10-27,,0
campus,2024-10-28,,0
ring,2024-10-28,,0
campus,2024-10-29,,0
ring,2024-10-29,,0
campus,2024-10-30,141.38228002736267,4
ring,2024-10-30,46.46686552711617,1323
campus,2024-10-31,31.375733737704117,3
ring,2024-10-31,43.12386935426619,1328
campus,2024-11-01,,0
ring,2024-11-01,,0
campus,2024-11-02,33.371805770487725,3
ring,2024-11-02,48.63390204314742,1217
campus,2024-11-06,,0
ring,2024-11-06,,0
campus,2024-11-07,32.21616766724406,3
ring,2024-11-07,55.96550125557466,1326
campus,2024-11-08,,0
ring,2024-11-08,,0
campus,2024-11-09,,0
ring,2024-11-09,,0
campus,2024-11-10,,0
ring,2024-11-10,,0
campus,2024-11-11,25.599218368530273,3
ring,2024-11-11,50.710583609658855,603
campus,2024-11-12,,0
ring,2024-11-12,,0
campus,2024-11-13,,0
ring,2024-11-13,,0
campus,2024-11-14,,0
ring,2024-11-14,,0
campus,2024-11-15,,0
ring,2024-11-15,46.6458213680233,32
campus,2024-11-16,,0
ring,2024-11-16,35.56249320029234,596
campus,2024-11-17,26.786002544170255,4
ring,2024-11-17,44.358526123344944,810
campus,2024-11-18,,0
ring,2024-11-18,,0
campus,2024-11-19,,0
ring,2024-11-19,,0
campus,2024-11-20,,0
ring,2024-11-20,,0
campus,2024-11-21,,0
ring,2024-11-21,24.400729671519876,133
campus,2024-11-22,,0
ring,2024-11-22,17.35129710475031,91
campus,2024-11-23,,0
ring,2024-11-23,42.24132386881962,867
campus,2024-11-24,,0
ring,2024-11-24,,0
campus,2024-11-25,,0
ring,2024-11-25,,0
campus,2024-11-26,111.59618276497568,4
ring,2024-11-26,42.95055837775262,1321
campus,2024-11-27,28.42494319360467,3
ring,2024-11-27,47.45883238237889,1321
campus,2024-11-28,33.15638281423834,3
ring,2024-11-28,56.76886629729861,1306
campus,2024-11-29,26.472278769587128,4
ring,2024-11-29,51.43385267717665,866
campus,2024-11-30,26.98797958108443,3
ring,2024-11-30,43.30452198239674,1327
campus,2024-12-01,29.495049935352952,3
ring,2024-12-01,42.039233572097935,1321
campus,2024-12-02,25.89562097380433,3
ring,2024-12-02,43.70121882739675,1329
campus,2024-12-03,21.751493852349775,3
ring,2024-12-03,48.98485552914478,1115
campus,2024-12-04,27.36779540693256,4
ring,2024-12-04,41.752847554138356,1328
campus,2024-12-05,36.061185100410555,3
ring,2024-12-05,48.94753093823346,1324
campus,2024-12-06,56.8684316828281,3
ring,2024-12-06,45.56540639497859,1325
campus,2024-12-07,29.929612105405784,3
ring,2024-12-07,45.49529432017921,1202
campus,2024-12-08,,0
ring,2024-12-08,,0
campus,2024-12-09,25.535035110975095,4
ring,2024-12-09,56.73786467493741,1329
campus,2024-12-10,,0
ring,2024-12-10,,0
campus,2024-12-11,31.283984425753484,3
ring,2024-12-11,41.52506075595756,317
campus,2024-12-12,,0
ring,2024-12-12,49.1310453414917,4
campus,2024-12-13,31.87352180480957,1
ring,2024-12-13,37.65011663473884,161
campus,2024-12-14,,0
ring,2024-12-14,,0
campus,2024-12-15,,0
ring,2024-12-15,,0
campus,2024-12-16,31.789244368106502,3
ring,2024-12-16,45.01840505149775,1306
campus,2024-12-17,,0
ring,2024-12-17,,0
campus,2024-12-18,19.4134180642725,2
ring,2024-12-18,47.10904052126624,1313
campus,2024-12-19,31.767453869686847,3
ring,2024-12-19,53.45693010730743,1322
campus,2024-12-20,25.886309296872135,4
ring,2024-12-20,51.62120213741512,1319
campus,2024-12-21,36.94189052340351,3
ring,2024-12-21,47.775957401278696,1316
campus,2024-12-22,20.920818328857422,1
ring,2024-12-22,38.940118695611496,599
campus,2024-12-23,34.378034718428985,3
ring,2024-12-23,41.746220295803234,1252
campus,2024-12-24,12.783837046804306,3
ring,2024-12-24,20.809104240242558,758
campus,2024-12-25,,0
ring,2024-12-25,22.997358574383362,103
campus,2024-12-26,,0
ring,2024-12-26,31.687441859505807,1161
campus,2024-12-27,,0
ring,2024-12-27,,0
campus,2024-12-28,27.479796673770238,4
ring,2024-12-28,47.42808824303978,1325
campus,2024-12-29,27.160602092742913,3
ring,2024-12-29,47.46186931558531,1327
campus,2024-12-30,30.64681138231161,4
ring,2024-12-30,59.1630629338616,1329
campus,2025-01-01,24.34708385288435,4
ring,2025-01-01,42.36003906211261,1324
campus,2025-01-02,123.30844109571431,3
ring,2025-01-02,44.35022621598675,1323
campus,2025-01-03,30.2547508734691,3
ring,2025-01-03,46.45572389279871,1318
campus,2025-01-04,,0
ring,2025-01-04,,0
campus,2025-01-05,31.94231194509587,4
ring,2025-01-05,48.95664937610111,1329
campus,2025-01-06,30.233906770054293,3
ring,2025-01-06,44.89591216413896,1328
campus,2025-01-07,36.692773854788484,4
ring,2025-01-07,41.375729986635214,1210
campus,2025-01-08,39.452913984467706,3
ring,2025-01-08,43.381570831206396,1323
campus,2025-01-09,,0
ring,2025-01-09,36.41375273493381,120
campus,2025-01-10,32.24804290807303,4
ring,2025-01-10,59.350916351247974,1310
campus,2025-01-11,25.164209921035408,4
ring,2025-01-11,52.085805970489986,1322
campus,2025-01-12,36.743852736074714,3
ring,2025-01-12,45.12477472359476,1284
campus,2025-01-13,,0
ring,2025-01-13,41.583526611328125,21
campus,2025-01-14,,0
ring,2025-01-14,45.001290410732956,449
campus,2025-01-15,36.161226127721086,3
ring,2025-01-15,54.15705582277029,1317
campus,2025-01-16,37.72078210492676,3
ring,2025-01-16,51.51171735252277,1324
campus,2025-01-17,27.629272107227305,4
ring,2025-01-17,44.10217639110565,1320
campus,2025-01-18,60.187612895724136,3
ring,2025-01-18,43.780227625470246,1313
campus,2025-01-19,26.42415739614753,3
ring,2025-01-19,43.771185203649395,1319
campus,2025-01-20,,0
ring,2025-01-20,,0
campus,2025-01-21,24.11072459243273,4
ring,2025-01-21,44.60322952348697,1318
campus,2025-01-22,,0
ring,2025-01-22,,0
campus,2025-01-23,,0
ring,2025-01-23,,0
campus,2025-01-24,23.357128227813334,3
ring,2025-01-24,40.3001643683324,1328
campus,2025-01-25,,0
ring,2025-01-25,,0
campus,2025-01-26,,0
ring,2025-01-26,,0
campus,2025-01-27,,0
ring,2025-01-27,,0
campus,2025-01-28,,0
ring,2025-01-28,,0
campus,2025-01-29,36.71333563271823,4
ring,2025-01-29,40.26068646452444,1325
campus,2025-01-30,,0
ring,2025-01-30,,0
campus,2025-01-31,34.099778199497656,3
ring,2025-01-31,47.14421572323376,1278
campus,2025-02-01,,0
ring,2025-02-01,31.237037300753556,821
campus,2025-02-02,,0
ring,2025-02-02,,0
campus,2025-02-03,,0
ring,2025-02-03,,0
campus,2025-02-04,17.721730775470974,3
ring,2025-02-04,39.700599841596116,1325
campus,2025-02-05,,0
ring,2025-02-05,,0
campus,2025-02-06,,0
ring,2025-02-06,,0
campus,2025-02-07,,0
ring,2025-02-07,37.581039708484504,38
campus,2025-02-08,22.230467660086493,2
ring,2025-02-08,37.43634139384067,449
campus,2025-02-09,24.54103576409425,4
ring,2025-02-09,40.92714742072668,1320
campus,2025-02-10,31.004675539234018,3
ring,2025-02-10,47.320028277303535,1317
campus,2025-02-11,,0
ring,2025-02-11,35.221002787132804,626
campus,2025-02-12,21.985613653931438,3
ring,2025-02-12,43.35011005504432,1145
campus,2025-02-13,25.912364959716797,1
ring,2025-02-13,37.474806427994956,760
campus,2025-02-14,,0
ring,2025-02-14,,0
campus,2025-02-15,22.3430233001709,1
ring,2025-02-15,47.73314131665894,559
campus,2025-02-16,33.69980685318573,3
ring,2025-02-16,48.20328662410749,1322
campus,2025-02-17,,0
ring,2025-02-17,,0
campus,2025-02-18,,0
ring,2025-02-18,27.174012128044577,17
campus,2025-02-19,,0
ring,2025-02-19,25.27968833947767,26
campus,2025-02-20,,0
ring,2025-02-20,30.987118059661125,23
campus,2025-02-21,,0
ring,2025-02-21,57.67363110165641,245
campus,2025-02-22,,0
ring,2025-02-22,,0
campus,2025-02-23,,0
ring,2025-02-23,,0
campus,2025-02-24,,0
ring,2025-02-24,,0
campus,2025-02-25,,0
ring,2025-02-25,,0
campus,2025-02-26,,0
ring,2025-02-26,,0
campus,2025-02-27,36.72018445896197,3
ring,2025-02-27,52.50155694832628,1329
campus,2025-02-28,31.81833105449435,3
ring,2025-02-28,55.687203321721796,776
campus,2025-03-01,,0
ring,2025-03-01,,0
campus,2025-03-02,,0
ring,2025-03-02,,0
campus,2025-03-03,,0
ring,2025-03-03,,0
campus,2025-03-04,,0
ring,2025-03-04,,0
campus,2025-03-05,,0
ring,2025-03-05,,0
campus,2025-03-06,,0
ring,2025-03-06,,0
campus,2025-03-07,,0
ring,2025-03-07,22.60803933900815,103
campus,2025-03-08,,0
ring,2025-03-08,19.316269466913734,166
campus,2025-03-09,,0
ring,2025-03-09,35.26585016178102,145
campus,2025-03-10,,0
ring,2025-03-10,61.77200623917634,550
campus,2025-03-11,,0
ring,2025-03-11,,0
campus,2025-03-12,,0
ring,2025-03-12,32.88347521750755,62
campus,2025-03-13,33.309408854990494,4
ring,2025-03-13,46.99836301082304,1273
campus,2025-03-14,30.87909698486328,1
ring,2025-03-14,38.672392666083525,273
campus,2025-03-15,29.037103903685377,4
ring,2025-03-15,32.50805444840582,554
campus,2025-03-16,,0
ring,2025-03-16,,0
campus,2025-03-17,,0
ring,2025-03-17,,0
campus,2025-03-18,,0
ring,2025-03-18,45.08019857976058,250
campus,2025-03-19,29.400581628503932,4
ring,2025-03-19,42.629292654203155,1199
campus,2025-03-20,26.88265623620978,4
ring,2025-03-20,52.20806092794038,1323
campus,2025-03-21,36.93623777398481,4
ring,2025-03-21,47.924162011034944,1322
campus,2025-03-22,27.761702183826426,4
ring,2025-03-22,47.73629073220755,1326
campus,2025-03-23,41.63561201699172,3
ring,2025-03-23,47.56804843627442,1322
campus,2025-03-24,29.79420291649903,4
ring,2025-03-24,48.060731963344736,1324
campus,2025-03-25,29.49572937029628,4
ring,2025-03-25,51.79615365340447,1329
campus,2025-03-26,,0
ring,2025-03-26,35.67606672112145,386
campus,2025-03-27,,0
ring,2025-03-27,,0
campus,2025-03-28,,0
ring,2025-03-28,,0
campus,2025-03-29,,0
ring,2025-03-29,,0
campus,2025-03-30,,0
ring,2025-03-30,,0
campus,2025-03-31,,0
ring,2025-03-31,7.14243033199112,68
campus,2025-04-01,31.597702384554722,4
ring,2025-04-01,44.38077671725914,1322
campus,2025-04-02,27.107298309254535,4
ring,2025-04-02,43.568690541417865,1329
campus,2025-04-03,25.88209251170987,4
ring,2025-04-03,44.13407215625026,1326
campus,2025-04-04,,0
ring,2025-04-04,,0
campus,2025-04-05,25.99068027206614,3
ring,2025-04-05,36.14733431952724,1327
campus,2025-04-06,25.533926413092814,4
ring,2025-04-06,34.782780818594425,1259
campus,2025-04-07,,0
ring,2025-04-07,,0
campus,2025-04-08,,0
ring,2025-04-08,36.09258920292373,113
campus,2025-04-09,,0
ring,2025-04-09,,0
campus,2025-04-10,29.599112089810795,4
ring,2025-04-10,45.542885110008555,1186
campus,2025-04-11,,0
ring,2025-04-11,22.170629262004784,197
campus,2025-04-12,,0
ring,2025-04-12,,0
campus,2025-04-13,10.603010588054415,3
ring,2025-04-13,40.15782082297197,1302
campus,2025-04-14,15.417905834656727,3
ring,2025-04-14,42.20363743862623,1321
campus,2025-04-15,15.18092128898524,3
ring,2025-04-15,49.86740469551837,1324
campus,2025-04-16,,0
ring,2025-04-16,60.6246238070933,418
campus,2025-04-17,,0
ring,2025-04-17,12.79844704558402,319
campus,2025-04-18,,0
ring,2025-04-18,31.268440358779007,3
campus,2025-04-19,23.61876302077176,4
ring,2025-04-19,23.67396371385355,342
campus,2025-04-20,,0
ring,2025-04-20,51.25507814504284,352
campus,2025-04-21,,0
ring,2025-04-21,36.430650951919404,704
campus,2025-04-22,,0
ring,2025-04-22,15.42294730868255,309
campus,2025-04-23,30.56129264831543,1
ring,2025-04-23,38.1081351390845,1047
campus,2025-04-24,,0
ring,2025-04-24,,0
campus,2025-04-25,,0
ring,2025-04-25,12.958362426038855,13
campus,2025-04-26,,0
ring,2025-04-26,,0
campus,2025-04-27,,0
ring,2025-04-27,19.651383672951567,308
campus,2025-04-28,,0
ring,2025-04-28,53.98279002665436,314
campus,2025-04-29,,0
ring,2025-04-29,,0
campus,2025-04-30,,0
ring,2025-04-30,,0
campus,2025-05-01,,0
ring,2025-05-01,42.72983958354886,527
campus,2025-05-02,28.119679508717237,4
ring,2025-05-02,40.6483924228761,723
campus,2025-05-03,,0
ring,2025-05-03,,0
campus,2025-05-04,,0
ring,2025-05-04,,0
campus,2025-05-05,,0
ring,2025-05-05,,0
campus,2025-05-06,,0
ring,2025-05-06,,0
campus,2025-05-07,,0
ring,2025-05-07,37.25704239623829,143
campus,2025-05-08,,0
ring,2025-05-08,,0
campus,2025-05-09,,0
ring,2025-05-09,,0
campus,2025-05-10,,0
ring,2025-05-10,,0
campus,2025-05-11,,0
ring,2025-05-11,43.03928170741054,77
campus,2025-05-12,30.16652039811917,4
ring,2025-05-12,47.21092397831883,1317
campus,2025-05-13,30.76853022448376,4
ring,2025-05-13,48.28993072575985,909
campus,2025-05-14,30.40741729736328,1
ring,2025-05-14,43.90395452033571,984
campus,2025-05-15,,0
ring,2025-05-15,48.09570332384483,265
campus,2025-05-16,,0
ring,2025-05-16,,0
campus,2025-05-17,,0
ring,2025-05-17,,0
campus,2025-05-18,,0
ring,2025-05-18,,0
campus,2025-05-19,,0
ring,2025-05-19,,0
campus,2025-05-20,31.320631461339772,4
ring,2025-05-20,34.32643425086103,573
campus,2025-05-21,,0
ring,2025-05-21,17.589005921068892,92
campus,2025-05-22,29.046102606932706,4
ring,2025-05-22,36.47310429564708,1033
campus,2025-05-23,,0
ring,2025-05-23,,0
campus,2025-05-24,,0
ring,2025-05-24,,0
campus,2025-05-25,,0
ring,2025-05-25,,0
campus,2025-05-26,,0
ring,2025-05-26,,0
campus,2025-05-27,,0
ring,2025-05-27,,0
campus,2025-05-28,,0
ring,2025-05-28,,0
campus,2025-05-29,,0
ring,2025-05-29,,0
campus,2025-05-30,25.67276148761444,4
ring,2025-05-30,31.515465263032254,1303
campus,2025-05-31,26.948239471952796,4
ring,2025-05-31,39.39025950081202,992
campus,2025-06-01,,0
ring,2025-06-01,31.02017175407225,993
campus,2025-06-02,,0
ring,2025-06-02,,0
campus,2025-06-03,,0
ring,2025-06-03,,0
campus,2025-06-04,,0
ring,2025-06-04,,0
campus,2025-06-05,27.7540920202149,4
ring,2025-06-05,38.731575036958866,1272
campus,2025-06-06,18.10435464133939,4
ring,2025-06-06,29.942265349301536,627
campus,2025-06-07,24.19722951006947,4
ring,2025-06-07,43.08976997973794,1323
campus,2025-06-08,,0
ring,2025-06-08,,0
campus,2025-06-09,,0
ring,2025-06-09,,0
campus,2025-06-10,,0
ring,2025-06-10,76.79863760383252,4
campus,2025-06-11,,0
ring,2025-06-11,,0
campus,2025-06-12,,0
ring,2025-06-12,,0
campus,2025-06-13,,0
ring,2025-06-13,26.6713201354302,104
campus,2025-06-14,18.000221612667055,4
ring,2025-06-14,25.373820838960153,405
campus,2025-06-15,,0
ring,2025-06-15,,0
campus,2025-06-16,,0
ring,2025-06-16,,0
campus,2025-06-17,,0
ring,2025-06-17,,0
campus,2025-06-18,,0
ring,2025-06-18,33.52721227069278,69
campus,2025-06-19,,0
ring,2025-06-19,,0
campus,2025-06-20,,0
ring,2025-06-20,,0
campus,2025-06-21,,0
ring,2025-06-21,,0
campus,2025-06-22,,0
ring,2025-06-22,,0
campus,2025-06-23,17.095489622028342,4
ring,2025-06-23,47.99056980824322,1321
campus,2025-06-24,24.049498835639774,4
ring,2025-06-24,55.55685936480005,1327
campus,2025-06-25,29.050540494247223,4
ring,2025-06-25,48.37048478041928,1235
campus,2025-06-26,,0
ring,2025-06-26,,0
campus,2025-06-27,,0
ring,2025-06-27,,0
campus,2025-06-28,,0
ring,2025-06-28,,0
campus,2025-06-29,,0
ring,2025-06-29,,0
campus,2025-06-30,20.1893331744769,4
ring,2025-06-30,26.313136588091428,901
campus,2025-07-01,17.884483203472296,4
ring,2025-07-01,41.54396388956392,1294
campus,2025-07-02,,0
ring,2025-07-02,,0
campus,2025-07-03,,0
ring,2025-07-03,,0
campus,2025-07-04,,0
ring,2025-07-04,,0
campus,2025-07-05,,0
ring,2025-07-05,,0
campus,2025-07-06,,0
ring,2025-07-06,,0
campus,2025-07-07,,0
ring,2025-07-07,,0
campus,2025-07-08,,0
ring,2025-07-08,,0
campus,2025-07-09,,0
ring,2025-07-09,,0
campus,2025-07-10,,0
ring,2025-07-10,,0
campus,2025-07-11,18.83200454711914,1
ring,2025-07-11,22.609993796210876,507
campus,2025-07-12,17.36558465980733,4
ring,2025-07-12,25.13244381309571,521
campus,2025-07-13,,0
ring,2025-07-13,,0
campus,2025-07-14,,0
ring,2025-07-14,,0
campus,2025-07-15,,0
ring,2025-07-15,75.33104195522068,7
campus,2025-07-16,35.39417744837431,4
ring,2025-07-16,50.1335331320207,1158
campus,2025-07-17,,0
ring,2025-07-17,,0
campus,2025-07-18,,0
ring,2025-07-18,,0
campus,2025-07-19,,0
ring,2025-07-19,,0
campus,2025-07-20,,0
ring,2025-07-20,,0
campus,2025-07-21,,0
ring,2025-07-21,,0
campus,2025-07-22,,0
ring,2025-07-22,,0
campus,2025-07-23,,0
ring,2025-07-23,,0
campus,2025-07-24,,0
ring,2025-07-24,,0
campus,2025-07-25,35.011934289632066,4
ring,2025-07-25,49.82797548922539,945
campus,2025-07-26,36.19280336209129,4
ring,2025-07-26,59.885275514498026,1325
campus,2025-07-27,,0
ring,2025-07-27,,0
campus,2025-07-28,,0
ring,2025-07-28,28.746640725434375,559
campus,2025-07-29,,0
ring,2025-07-29,,0
campus,2025-07-30,,0
ring,2025-07-30,,0
campus,2025-07-31,,0
ring,2025-07-31,,0
campus,2025-08-01,,0
ring,2025-08-01,,0
campus,2025-08-02,,0
ring,2025-08-02,,0
campus,2025-08-03,,0
ring,2025-08-03,,0
campus,2025-08-04,,0
ring,2025-08-04,,0
campus,2025-08-05,,0
ring,2025-08-05,,0
campus,2025-08-06,,0
ring,2025-08-06,,0
campus,2025-08-07,,0
ring,2025-08-07,26.970425589302,729
campus,2025-08-08,,0
ring,2025-08-08,15.687435578825125,3
campus,2025-08-09,32.73712074385383,2
ring,2025-08-09,52.859457585057704,106
campus,2025-08-10,34.18472950452754,4
ring,2025-08-10,47.373946144293114,1268
campus,2025-08-11,27.958799020430074,4
ring,2025-08-11,48.484141039383665,1297
campus,2025-08-12,31.25870600739634,4
ring,2025-08-12,39.86795664245772,978
campus,2025-08-13,,0
ring,2025-08-13,,0
campus,2025-08-14,,0
ring,2025-08-14,,0
campus,2025-08-15,29.22083696268373,4
ring,2025-08-15,38.49700491678489,1217
campus,2025-08-16,33.7076393386065,4
ring,2025-08-16,53.43800315689273,1289
campus,2025-08-17,,0
ring,2025-08-17,,0
campus,2025-08-18,,0
ring,2025-08-18,,0
campus,2025-08-19,,0
ring,2025-08-19,,0
campus,2025-08-20,,0
ring,2025-08-20,,0
campus,2025-08-21,,0
ring,2025-08-21,,0
campus,2025-08-22,30.028516889484397,4
ring,2025-08-22,51.5328389300289,1328
campus,2025-08-23,,0
ring,2025-08-23,,0
campus,2025-08-24,,0
ring,2025-08-24,,0
campus,2025-08-25,,0
ring,2025-08-25,,0
campus,2025-08-26,27.61262462956245,4
ring,2025-08-26,45.82868976559323,1305
campus,2025-08-27,31.08422659932168,4
ring,2025-08-27,56.806475584491096,1312
campus,2025-08-28,,0
ring,2025-08-28,,0
campus,2025-08-29,,0
ring,2025-08-29,,0
campus,2025-08-30,,0
ring,2025-08-30,,0
campus,2025-08-31,,0
ring,2025-08-31,,0
campus,2025-09-01,,0
ring,2025-09-01,41.997804493990934,388
campus,2025-09-02,30.343105602712136,4
ring,2025-09-02,54.28462670141127,1327
campus,2025-09-03,30.6391299252219,4
ring,2025-09-03,47.95395382745682,1307
campus,2025-09-04,,0
ring,2025-09-04,,0
campus,2025-09-05,27.605347712047813,2
ring,2025-09-05,40.07059918192682,906
campus,2025-09-06,31.814309849985328,4
ring,2025-09-06,50.98086354505633,1294
campus,2025-09-07,,0
ring,2025-09-07,,0
campus,2025-09-08,,0
ring,2025-09-08,,0
campus,2025-09-09,,0
ring,2025-09-09,,0
campus,2025-09-10,,0
ring,2025-09-10,,0
campus,2025-09-11,31.454211736027197,3
ring,2025-09-11,51.116471698611804,1195
campus,2025-09-12,37.39259047351533,4
ring,2025-09-12,62.40069111886254,1302
campus,2025-09-13,30.529195749703703,4
ring,2025-09-13,53.28575990602607,1318
campus,2025-09-14,42.05521094648144,3
ring,2025-09-14,47.26147520225381,1275
campus,2025-09-15,,0
ring,2025-09-15,32.36926286235502,51
campus,2025-09-16,,0
ring,2025-09-16,,0
campus,2025-09-17,,0
ring,2025-09-17,,0
campus,2025-09-18,40.404034959318494,4
ring,2025-09-18,56.463040488915425,1328
campus,2025-09-19,,0
ring,2025-09-19,,0
campus,2025-09-20,,0
ring,2025-09-20,,0
campus,2025-09-21,22.63766726641588,4
ring,2025-09-21,36.15179016251909,1329
campus,2025-09-22,,0
ring,2025-09-22,40.44529358880409,6
campus,2025-09-23,,0
ring,2025-09-23,,0
campus,2025-09-24,,0
ring,2025-09-24,,0
campus,2025-09-25,,0
ring,2025-09-25,,0
campus,2025-09-26,,0
ring,2025-09-26,47.22551038246957,243
campus,2025-09-27,22.802437883082444,2
ring,2025-09-27,39.798565876417996,787
campus,2025-09-28,29.35402186487762,4
ring,2025-09-28,47.26360342575779,1316
campus,2025-09-29,24.45598520807257,4
ring,2025-09-29,45.381430041073244,1325
campus,2025-09-30,,0
ring,2025-09-30,39.585664816820184,218
campus,2025-10-01,23.83889694524005,2
ring,2025-10-01,43.710074702362625,1005
campus,2025-10-02,29.18482464356042,4
ring,2025-10-02,47.974260855657036,1297
campus,2025-10-03,34.0026204552449,4
ring,2025-10-03,57.65635788536689,1311
campus,2025-10-04,,0
ring,2025-10-04,58.66006807627249,59
campus,2025-10-05,33.49297378432583,4
ring,2025-10-05,41.02154818427353,780
campus,2025-10-06,32.472347855008266,4
ring,2025-10-06,39.823080606733704,1247
campus,2025-10-07,,0
ring,2025-10-07,38.56867458721048,143
campus,2025-10-08,30.256879085666135,4
ring,2025-10-08,56.445480928722084,1314
campus,2025-10-09,37.85266572656766,4
ring,2025-10-09,63.260315674618504,1290
campus,2025-10-10,,0
ring,2025-10-10,44.10955850391565,639
campus,2025-10-11,32.80674568140451,4
ring,2025-10-11,45.258990783766855,889
campus,2025-10-12,24.557561390836472,4
ring,2025-10-12,38.31630904130051,1209
campus,2025-10-13,33.73888997180921,4
ring,2025-10-13,47.7905522086762,1295
campus,2025-10-14,39.369089332544746,4
ring,2025-10-14,65.06020320371164,1304
campus,2025-10-15,30.25990446296656,4
ring,2025-10-15,55.573632930697244,1304
campus,2025-10-16,,0
ring,2025-10-16,44.57768378422823,129
campus,2025-10-17,32.19112767723843,3
ring,2025-10-17,48.80613071841297,1265
campus,2025-10-18,31.97501862217003,4
ring,2025-10-18,46.39268224273959,1048
campus,2025-10-19,41.24922193607814,4
ring,2025-10-19,55.705402815010714,1054
campus,2025-10-20,,0
ring,2025-10-20,,0
campus,2025-10-21,,0
ring,2025-10-21,,0
campus,2025-10-22,,0
ring,2025-10-22,,0
campus,2025-10-23,,0
ring,2025-10-23,,0
campus,2025-10-24,,0
ring,2025-10-24,,0
campus,2025-10-25,,0
ring,2025-10-25,,0
campus,2025-10-26,,0
ring,2025-10-26,,0
campus,2025-10-27,,0
ring,2025-10-27,,0
campus,2025-10-28,,0
ring,2025-10-28,,0
campus,2025-10-29,,0
ring,2025-10-29,,0
campus,2025-10-30,,0
ring,2025-10-30,,0
campus,2025-10-31,,0
ring,2025-10-31,,0
campus,2025-11-01,31.194457264573362,4
ring,2025-11-01,40.295248108344616,737
campus,2025-11-02,,0
ring,2025-11-02,,0
campus,2025-11-03,,0
ring,2025-11-03,,0
campus,2025-11-04,,0
ring,2025-11-04,32.62196137873285,486
campus,2025-11-05,25.954454359314255,4
ring,2025-11-05,52.54277240147149,1316
campus,2025-11-06,31.427930169262236,4
ring,2025-11-06,43.21093328618665,1317
campus,2025-11-07,,0
ring,2025-11-07,35.513620255820115,6
campus,2025-11-08,32.111602689178895,4
ring,2025-11-08,39.545561908071186,761
campus,2025-11-09,,0
ring,2025-11-09,83.79134368896484,4
campus,2025-11-10,,0
ring,2025-11-10,,0
campus,2025-11-11,,0
ring,2025-11-11,,0
campus,2025-11-12,,0
ring,2025-11-12,,0
campus,2025-11-13,,0
ring,2025-11-13,,0
campus,2025-11-14,,0
ring,2025-11-14,57.38906031896295,245
campus,2025-11-15,31.301760507861214,4
ring,2025-11-15,54.70979254313794,1324
campus,2025-11-16,33.37870813647346,4
ring,2025-11-16,49.26330355961749,1329
campus,2025-11-17,,0
ring,2025-11-17,,0
campus,2025-11-18,,0
ring,2025-11-18,,0
campus,2025-11-19,,0
ring,2025-11-19,,0
campus,2025-11-20,,0
ring,2025-11-20,,0
campus,2025-11-21,,0
ring,2025-11-21,,0
campus,2025-11-22,26.704902639971092,4
ring,2025-11-22,46.34563932613517,1084
campus,2025-11-23,,0
ring,2025-11-23,56.036478645167115,400
campus,2025-11-24,25.645545704264038,4
ring,2025-11-24,45.41666970823238,1326
campus,2025-11-25,30.975769105651562,4
ring,2025-11-25,52.614700975096525,1318
campus,2025-11-26,37.46058340475592,4
ring,2025-11-26,66.65059996770756,1329
campus,2025-11-27,,0
ring,2025-11-27,,0
campus,2025-11-28,31.68210364059663,4
ring,2025-11-28,44.73089322622272,1314
campus,2025-11-29,27.59346372308865,4
ring,2025-11-29,35.729897935585626,1142
campus,2025-11-30,,0
ring,2025-11-30,19.92412621871187,492
campus,2025-12-01,28.723000069739115,4
ring,2025-12-01,39.076784357104444,922
campus,2025-12-02,31.290073560437126,4
ring,2025-12-02,40.93083955128374,844
campus,2025-12-03,33.2960371909735,3
ring,2025-12-03,40.765326445010025,224
campus,2025-12-04,,0
ring,2025-12-04,77.4002103805542,2
campus,2025-12-05,23.592741830008368,2
ring,2025-12-05,60.208770163836036,547
campus,2025-12-06,30.3026303215206,4
ring,2025-12-06,55.71205126843449,1319
campus,2025-12-07,32.910493698478305,4
ring,2025-12-07,52.317436419905725,1323
campus,2025-12-08,33.71670159711524,4
ring,2025-12-08,47.62144059792306,1320
campus,2025-12-09,32.259862792324014,4
ring,2025-12-09,43.496298904616324,1311
campus,2025-12-10,,0
ring,2025-12-10,,0
campus,2025-12-11,,0
ring,2025-12-11,51.14166086624168,4
campus,2025-12-12,,0
ring,2025-12-12,,0
campus,2025-12-13,,0
ring,2025-12-13,44.87675147445194,78
campus,2025-12-14,28.18588108635844,4
ring,2025-12-14,43.4828320542541,1324
campus,2025-12-15,,0
ring,2025-12-15,,0
campus,2025-12-16,28.932711426640903,4
ring,2025-12-16,49.14143616676269,1311
campus,2025-12-17,29.60952524176226,4
ring,2025-12-17,56.6314579813395,1329
campus,2025-12-18,,0
ring,2025-12-18,,0
campus,2025-12-19,,0
ring,2025-12-19,41.92489449417123,59
campus,2025-12-20,,0
ring,2025-12-20,59.241389598892084,480
campus,2025-12-21,,0
ring,2025-12-21,49.84484540097921,57
campus,2025-12-22,,0
ring,2025-12-22,37.42031849775442,4
campus,2025-12-23,38.62401285305829,4
ring,2025-12-23,61.402851877233275,1323
campus,2025-12-24,,0
ring,2025-12-24,,0
campus,2025-12-25,,0
ring,2025-12-25,,0
campus,2025-12-26,,0
ring,2025-12-26,,0
campus,2025-12-27,33.12193761297235,4
ring,2025-12-27,42.487929055470275,659
campus,2025-12-28,35.54516433214358,4
ring,2025-12-28,58.68013975761181,1329
campus,2025-12-29,33.03779871586902,4
ring,2025-12-29,56.93409784942646,1322
campus,2025-12-30,33.18489153956023,4
ring,2025-12-30,54.77884815243543,900
campus,2026-01-01,39.4081367170307,4
ring,2026-01-01,54.49601793942446,1316
campus,2026-01-02,36.046444360079335,4
ring,2026-01-02,64.70243353359628,1323
campus,2026-01-03,32.07452015585743,4
ring,2026-01-03,49.64342633192417,1320
campus,2026-01-04,27.408493189744547,4
ring,2026-01-04,47.260588377762275,1315
campus,2026-01-05,34.136156895581415,2
ring,2026-01-05,55.95085028754027,510
campus,2026-01-06,31.658281818801807,4
ring,2026-01-06,51.63593016748414,1308
campus,2026-01-07,31.11508478692999,4
ring,2026-01-07,59.974314097918366,1324
campus,2026-01-08,29.993133786698458,4
ring,2026-01-08,55.56194547084783,1320
campus,2026-01-09,32.75527477264404,4
ring,2026-01-09,49.77043297017028,1320
campus,2026-01-10,27.70701539572416,4
ring,2026-01-10,45.58940028909899,1320
campus,2026-01-11,31.366028915548547,4
ring,2026-01-11,44.43338613593962,1310
campus,2026-01-12,,0
ring,2026-01-12,,0
campus,2026-01-13,31.58081985527361,4
ring,2026-01-13,53.57154379556558,1329
campus,2026-01-14,35.45615103099268,4
ring,2026-01-14,50.81008492896416,1329
campus,2026-01-15,29.513590132126783,4
ring,2026-01-15,42.883077696545946,1326
campus,2026-01-16,,0
ring,2026-01-16,41.72844716430511,356
campus,2026-01-17,30.46760604750942,4
ring,2026-01-17,51.23665581557259,1097
campus,2026-01-18,42.50033432329205,4
ring,2026-01-18,61.393466740867524,1329
campus,2026-01-19,30.879540671764964,4
ring,2026-01-19,51.68563989891774,1329
campus,2026-01-20,,0
ring,2026-01-20,,0
campus,2026-01-21,,0
ring,2026-01-21,,0
campus,2026-01-22,,0
ring,2026-01-22,,0
campus,2026-01-23,,0
ring,2026-01-23,,0
campus,2026-01-24,30.034513795879523,4
ring,2026-01-24,41.78628397961561,1329
campus,2026-01-25,,0
ring,2026-01-25,,0
campus,2026-01-26,42.13436499224022,4
ring,2026-01-26,44.70199182635472,1329
campus,2026-01-27,28.353454186882768,4
ring,2026-01-27,49.22658368753085,1170
campus,2026-01-28,33.81153030574601,4
ring,2026-01-28,50.609603392366765,1274
campus,2026-01-29,,0
ring,2026-01-29,23.58645975897703,227
campus,2026-01-30,,0
ring,2026-01-30,,0
campus,2026-01-31,,0
ring,2026-01-31,41.202238807368666,58
campus,2026-02-01,49.54370593323427,2
ring,2026-02-01,47.46893847719623,1310
campus,2026-02-02,30.84399645093461,4
ring,2026-02-02,51.758363027161245,1315
campus,2026-02-03,31.89146724665109,4
ring,2026-02-03,42.31010336065547,497
campus,2026-02-04,51.3443659340463,2
ring,2026-02-04,55.55233008350582,640
campus,2026-02-05,35.67881489114793,2
ring,2026-02-05,45.118071007351745,546
campus,2026-02-06,38.977223024681706,4
ring,2026-02-06,49.91211201990665,1324
campus,2026-02-07,,0
ring,2026-02-07,44.59078489818078,32
campus,2026-02-08,42.326691748390736,4
ring,2026-02-08,56.67406631411563,688
campus,2026-02-09,,0
ring,2026-02-09,,0
campus,2026-02-10,,0
ring,2026-02-10,10.20762030696152,85
campus,2026-02-11,,0
ring,2026-02-11,,0
campus,2026-02-12,,0
ring,2026-02-12,,0
campus,2026-02-13,36.01216390994793,4
ring,2026-02-13,44.49040294312636,1262
campus,2026-02-14,37.130767141709306,4
ring,2026-02-14,54.703324931550675,1329
campus,2026-02-15,,0
ring,2026-02-15,,0
campus,2026-02-16,,0
ring,2026-02-16,50.25015025251791,300
campus,2026-02-17,,0
ring,2026-02-17,,0
campus,2026-02-18,,0
ring,2026-02-18,,0
campus,2026-02-19,,0
ring,2026-02-19,,0
campus,2026-02-20,29.30824146808033,4
ring,2026-02-20,42.15906311623391,1329
campus,2026-02-21,30.351371066671025,4
ring,2026-02-21,34.66897737040107,798
campus,2026-02-22,39.476934947877986,4
ring,2026-02-22,41.4361314118413,1325
campus,2026-02-23,,0
ring,2026-02-23,,0
campus,2026-02-24,,0
ring,2026-02-24,,0
campus,2026-02-25,,0
ring,2026-02-25,,0
campus,2026-02-26,,0
ring,2026-02-26,,0
campus,2026-02-27,,0
ring,2026-02-27,,0
campus,2026-02-28,,0
ring,2026-02-28,24.314528783162434,12
campus,2026-03-01,,0
ring,2026-03-01,23.76488635054793,251
campus,2026-03-02,,0
ring,2026-03-02,26.710976431533577,367
campus,2026-03-03,,0
ring,2026-03-03,,0
campus,2026-03-04,,0
ring,2026-03-04,,0
campus,2026-03-05,81.65080137813793,2
ring,2026-03-05,47.39427674476746,980
campus,2026-03-06,27.443503124613155,4
ring,2026-03-06,50.40892062613962,1326
campus,2026-03-07,33.292652631589505,4
ring,2026-03-07,48.6538550639341,1325
campus,2026-03-08,,0
ring,2026-03-08,,0
campus,2026-03-09,,0
ring,2026-03-09,,0
campus,2026-03-13,33.32996816142624,4
ring,2026-03-13,53.1989068140278,1329
campus,2026-03-14,35.32434960486184,4
ring,2026-03-14,49.872213258204994,1300
campus,2026-03-15,36.50011892721687,4
ring,2026-03-15,46.535733256977885,1325
campus,2026-03-16,30.445941996686333,4
ring,2026-03-16,49.26590425446192,1325
campus,2026-03-17,32.66409323249065,4
ring,2026-03-17,55.38379584939632,1329
campus,2026-03-18,49.367008818147326,4
ring,2026-03-18,55.4975227116642,1324
campus,2026-03-19,,0
ring,2026-03-19,55.06342774964681,245
campus,2026-03-20,,0
ring,2026-03-20,,0
campus,2026-03-21,,0
ring,2026-03-21,,0
campus,2026-03-22,,0
ring,2026-03-22,43.118255784184925,397
campus,2026-03-23,28.06794377895588,4
ring,2026-03-23,46.002194767093364,1328
campus,2026-03-24,23.801780458829587,3
ring,2026-03-24,39.21650643153349,1265
campus,2026-03-25,29.76246455465684,4
ring,2026-03-25,44.50169294487653,1329
campus,2026-03-26,,0
ring,2026-03-26,49.673622921970974,60
campus,2026-03-27,,0
ring,2026-03-27,14.1610213915507,12
campus,2026-03-28,,0
ring,2026-03-28,27.518810725408358,359
campus,2026-03-29,18.382093765366246,4
ring,2026-03-29,23.548618789063664,612
campus,2026-03-30,22.456869595487355,4
ring,2026-03-30,31.09020718506529,1219
campus,2026-03-31,,0
ring,2026-03-31,24.555180680168206,96
campus,2026-04-01,,0
ring,2026-04-01,39.93722264731195,254
campus,2026-04-02,,0
ring,2026-04-02,27.097635746002197,4
campus,2026-04-03,,0
ring,2026-04-03,19.159306633751214,219
campus,2026-04-04,,0
ring,2026-04-04,33.08957635612706,380
campus,2026-04-05,,0
ring,2026-04-05,,0
campus,2026-04-06,,0
ring,2026-04-06,23.495258203523882,270
campus,2026-04-07,,0
ring,2026-04-07,,0
campus,2026-04-08,23.55654149659922,4
ring,2026-04-08,37.07030626899479,1012
campus,2026-04-09,,0
ring,2026-04-09,33.10638200028938,564
campus,2026-04-10,,0
ring,2026-04-10,25.204854725417313,298
campus,2026-04-11,,0
ring,2026-04-11,,0
campus,2026-04-12,,0
ring,2026-04-12,30.613887552749585,627
campus,2026-04-13,,0
ring,2026-04-13,,0
campus,2026-04-14,24.865437033030908,4
ring,2026-04-14,25.012615687563304,1326
campus,2026-04-15,24.058287105649846,4
ring,2026-04-15,30.518740956994918,1175
campus,2026-04-16,29.119264414612676,4
ring,2026-04-16,30.77029024122454,880
campus,2026-04-17,30.35483100604563,4
ring,2026-04-17,37.16701387411735,1080
campus,2026-04-18,,0
ring,2026-04-18,,0
campus,2026-04-19,,0
ring,2026-04-19,,0
campus,2026-04-20,,0
ring,2026-04-20,,0
campus,2026-04-21,35.92741952854554,4
ring,2026-04-21,44.530631591682855,1317
campus,2026-04-22,,0
ring,2026-04-22,,0
campus,2026-04-23,,0
ring,2026-04-23,,0
campus,2026-04-24,33.07998391675603,4
ring,2026-04-24,45.479358713507544,1330
campus,2026-04-25,20.831239700317383,1
ring,2026-04-25,41.665798257902196,1103
campus,2026-04-26,,0
ring,2026-04-26,,0
campus,2026-04-27,,0
ring,2026-04-27,,0
campus,2026-05-01,,0
ring,2026-05-01,,0
campus,2026-05-02,,0
ring,2026-05-02,,0
campus,2026-05-03,,0
ring,2026-05-03,45.00505735479331,74
campus,2026-05-04,,0
ring,2026-05-04,12.878302764892577,5
campus,2026-05-05,,0
ring,2026-05-05,9.309933551351568,41
campus,2026-05-06,,0
ring,2026-05-06,26.754220403473955,9
campus,2026-05-07,,0
ring,2026-05-07,,0
campus,2026-05-08,,0
ring,2026-05-08,,0
campus,2026-05-09,,0
ring,2026-05-09,,0
campus,2026-05-10,,0
ring,2026-05-10,17.052981917693558,298
campus,2026-05-11,,0
ring,2026-05-11,37.209398486228835,383
campus,2026-05-12,48.71400856221272,4
ring,2026-05-12,38.90346301875994,1012
campus,2026-05-13,49.56988184839797,2
ring,2026-05-13,31.434833475548913,515
campus,2026-05-14,,0
ring,2026-05-14,,0
campus,2026-05-15,28.162697577303312,4
ring,2026-05-15,37.964547652115115,1100
campus,2026-05-16,,0
ring,2026-05-16,,0
campus,2026-05-17,,0
ring,2026-05-17,,0
campus,2026-05-18,,0
ring,2026-05-18,,0
campus,2026-05-19,,0
ring,2026-05-19,,0
campus,2026-05-20,,0
ring,2026-05-20,,0
campus,2026-05-21,,0
ring,2026-05-21,,0
campus,2026-05-22,,0
ring,2026-05-22,64.87996701039337,77
campus,2026-05-23,,0
ring,2026-05-23,,0
campus,2026-05-24,17.89169776984278,3
ring,2026-05-24,24.14684079738515,983
campus,2026-05-25,31.179990893126106,4
ring,2026-05-25,45.516658775380776,1161
campus,2026-05-26,26.33173199474509,3
ring,2026-05-26,29.05966039839741,1006
campus,2026-05-27,22.70142461485782,4
ring,2026-05-27,23.83652827951626,876
campus,2026-05-28,39.90373713052301,4
ring,2026-05-28,44.417536421775544,1278
campus,2026-05-29,,0
ring,2026-05-29,,0
campus,2026-05-30,,0
ring,2026-05-30,,0
campus,2026-05-31,,0
ring,2026-05-31,22.955938810384875,143
campus,2026-06-03,,0
ring,2026-06-03,39.112398510256014,15
campus,2026-06-04,36.05286088809551,4
ring,2026-06-04,47.69970180903375,1323
campus,2026-06-05,,0
ring,2026-06-05,,0
campus,2026-06-06,26.520605664564965,4
ring,2026-06-06,35.531853500807934,628
campus,2026-06-07,,0
ring,2026-06-07,,0
campus,2026-06-08,,0
ring,2026-06-08,,0
campus,2026-06-09,,0
ring,2026-06-09,27.644946918654643,27
campus,2026-06-10,,0
ring,2026-06-10,47.65305960182185,177
campus,2026-06-11,,0
ring,2026-06-11,,0
campus,2026-06-12,,0
ring,2026-06-12,,0
campus,2026-06-13,,0
ring,2026-06-13,,0
campus,2026-06-14,,0
ring,2026-06-14,,0
campus,2026-06-15,,0
ring,2026-06-15,,0
campus,2026-06-16,,0
ring,2026-06-16,,0
campus,2026-06-17,,0
ring,2026-06-17,,0
campus,2026-06-18,,0
ring,2026-06-18,,0
campus,2026-06-19,,0
ring,2026-06-19,,0
campus,2026-06-20,,0
ring,2026-06-20,,0
campus,2026-06-21,30.018970489501953,4
ring,2026-06-21,36.280959924448986,1080
campus,2026-06-22,51.47424776386695,4
ring,2026-06-22,32.640383714461564,1055
campus,2026-06-23,,0
ring,2026-06-23,38.16890252298129,1010
campus,2026-06-24,,0
ring,2026-06-24,,0
campus,2026-06-25,,0
ring,2026-06-25,,0
campus,2026-06-26,,0
ring,2026-06-26,,0
campus,2026-06-27,,0
ring,2026-06-27,,0
campus,2026-06-28,,0
ring,2026-06-28,,0
campus,2026-06-29,,0
ring,2026-06-29,,0
campus,2026-06-30,,0
ring,2026-06-30,,0
campus,2026-07-01,,0
ring,2026-07-01,,0
campus,2026-07-02,,0
ring,2026-07-02,,0
campus,2026-07-03,,0
ring,2026-07-03,,0
campus,2026-07-04,29.564829565422293,4
ring,2026-07-04,35.73466545247645,1024
campus,2026-07-05,,0
ring,2026-07-05,,0
campus,2026-07-06,,0
ring,2026-07-06,,0
campus,2026-07-07,22.938708363087354,4
ring,2026-07-07,24.35297411213183,938
campus,2026-07-08,,0
ring,2026-07-08,27.438977200397126,125
campus,2026-07-09,,0
ring,2026-07-09,,0
campus,2026-07-10,,0
ring,2026-07-10,,0
campus,2026-07-17,36.140629775299004,4
ring,2026-07-17,37.923920263739475,1243
campus,2026-07-18,,0
ring,2026-07-18,,0
campus,2026-07-19,,0
ring,2026-07-19,,0
campus,2026-07-20,30.20367537399181,4
ring,2026-07-20,30.81887589005261,766
campus,2026-07-21,,0
ring,2026-07-21,40.731424744735094,99
campus,2026-07-22,,0
ring,2026-07-22,,0
campus,2026-07-23,46.162471632691904,4
ring,2026-07-23,55.32829543886082,1189
campus,2026-07-24,,0
ring,2026-07-24,92.80096133001919,29
campus,2026-07-25,,0
ring,2026-07-25,,0
campus,2026-07-26,,0
ring,2026-07-26,,0
campus,2026-07-27,,0
ring,2026-07-27,,0
campus,2026-07-28,,0
ring,2026-07-28,,0
campus,2026-07-29,,0
ring,2026-07-29,,0
campus,2026-07-30,,0
ring,2026-07-30,,0
campus,2026-07-31,,0
ring,2026-07-31,,0
campus,2026-08-01,38.67565658421551,4
ring,2026-08-01,33.652982105633974,1044
campus,2026-08-02,,0
ring,2026-08-02,,0
campus,2026-08-06,,0
ring,2026-08-06,,0
campus,2026-08-07,32.72416771526198,4
ring,2026-08-07,42.96198086072208,1328
campus,2026-08-08,41.10966704139987,4
ring,2026-08-08,55.949387619091176,1320
campus,2026-08-09,32.068389560062144,4
ring,2026-08-09,54.536753886919904,1329
campus,2026-08-10,44.297474821889665,4
ring,2026-08-10,52.83234918233531,1322
campus,2026-08-11,35.568175419768174,4
ring,2026-08-11,45.634674742352736,1280
campus,2026-08-12,,0
ring,2026-08-12,,0
campus,2026-08-13,,0
ring,2026-08-13,,0
campus,2026-08-14,,0
ring,2026-08-14,,0
campus,2026-08-15,,0
ring,2026-08-15,,0
campus,2026-08-16,,0
ring,2026-08-16,,0
campus,2026-08-17,,0
ring,2026-08-17,,0
campus,2026-08-18,,0
ring,2026-08-18,46.078793685612496,130
campus,2026-08-19,36.94331205150983,4
ring,2026-08-19,44.3659771074592,553
campus,2026-08-20,,0
ring,2026-08-20,56.71653472382721,224
campus,2026-08-21,,0
ring,2026-08-21,,0
campus,2026-08-22,,0
ring,2026-08-22,,0
campus,2026-08-23,,0
ring,2026-08-23,,0
campus,2026-08-24,,0
ring,2026-08-24,,0
campus,2026-08-25,,0
ring,2026-08-25,,0
campus,2026-08-26,,0
ring,2026-08-26,,0
campus,2026-08-27,,0
ring,2026-08-27,,0
campus,2026-08-28,15.492729628030123,4
ring,2026-08-28,37.39099291579064,1213
campus,2026-08-29,,0
ring,2026-08-29,,0
campus,2026-08-30,,0
ring,2026-08-30,,0
campus,2026-08-31,,0
ring,2026-08-31,,0
campus,2026-09-01,,0
ring,2026-09-01,,0
campus,2026-09-02,,0
ring,2026-09-02,,0
campus,2026-09-03,,0
ring,2026-09-03,,0
campus,2026-09-04,,0
ring,2026-09-04,,0
campus,2026-09-05,,0
ring,2026-09-05,,0
campus,2026-09-06,,0
ring,2026-09-06,,0
campus,2026-09-07,,0
ring,2026-09-07,,0
campus,2026-09-08,,0
ring,2026-09-08,,0
