{"type": "FeatureCollection", "features": [{"type": "Feature", "geometry": {"geodesic": false, "type": "Polygon", "coordinates": [[[104.05868655572348, 30.42719631452596], [104.05868655572348, 30.42683698841231], [104.05850689266666, 30.42683698841231], [104.05850689266666, 30.42665732535549], [104.058147566553, 30.42665732535549], [104.058147566553, 30.426477662298666], [104.05796790349619, 30.426477662298666], [104.05796790349619, 30.42629799924184], [104.058147566553, 30.42629799924184], [104.058147566553, 30.426118336185016], [104.05886621878031, 30.426118336185016], [104.05886621878031, 30.425579347014544], [104.05904588183714, 30.425579347014544], [104.05904588183714, 30.42539968395772], [104.05922554489395, 30.42539968395772], [104.05922554489395, 30.4252200209009], [104.05904588183714, 30.4252200209009], [104.05904588183714, 30.424681031730426], [104.05850689266666, 30.424681031730426], [104.05850689266666, 30.424501368673603], [104.058147566553, 30.424501368673603], [104.058147566553, 30.424321705616777], [104.05796790349619, 30.424321705616777], [104.05796790349619, 30.424142042559954], [104.05760857738254, 30.424142042559954], [104.05760857738254, 30.424321705616777], [104.05742891432571, 30.424321705616777], [104.05742891432571, 30.424681031730426], [104.05724925126889, 30.424681031730426], [104.05724925126889, 30.425040357844072], [104.05778824043936, 30.425040357844072], [104.05778824043936, 30.42539968395772], [104.05796790349619, 30.42539968395772], [104.05796790349619, 30.426118336185016], [104.05742891432571, 30.426118336185016], [104.05742891432571, 30.42629799924184], [104.05724925126889, 30.42629799924184], [104.05724925126889, 30.426477662298666], [104.0558119468143, 30.426477662298666], [104.0558119468143, 30.42629799924184], [104.05563228375748, 30.42629799924184], [104.05563228375748, 30.426118336185016], [104.05509329458701, 30.426118336185016], [104.05509329458701, 30.42629799924184], [104.05491363153018, 30.42629799924184], [104.05491363153018, 30.426477662298666], [104.05473396847336, 30.426477662298666], [104.05473396847336, 30.425938673128194], [104.05491363153018, 30.425938673128194], [104.05491363153018, 30.425579347014544], [104.05509329458701, 30.425579347014544], [104.05509329458701, 30.42539968395772], [104.05491363153018, 30.42539968395772], [104.05491363153018, 30.4252200209009], [104.05455430541653, 30.4252200209009], [104.05455430541653, 30.42486069478725], [104.05509329458701, 30.42486069478725], [104.05509329458701, 30.424681031730426], [104.05527295764382, 30.424681031730426], [104.05527295764382, 30.424501368673603], [104.05509329458701, 30.424501368673603], [104.05509329458701, 30.424142042559954], [104.05563228375748, 30.424142042559954], [104.05563228375748, 30.42342339033266], [104.0558119468143, 30.42342339033266], [104.0558119468143, 30.423243727275835], [104.05850689266666, 30.423243727275835], [104.05850689266666, 30.42306406421901], [104.05886621878031, 30.42306406421901], [104.05886621878031, 30.423243727275835], [104.05904588183714, 30.423243727275835], [104.05904588183714, 30.42306406421901], [104.05976453406443, 30.42306406421901], [104.05976453406443, 30.423243727275835], [104.05994419712125, 30.423243727275835], [104.05994419712125, 30.42306406421901], [104.06048318629172, 30.42306406421901], [104.06048318629172, 30.422884401162186], [104.0603035232349, 30.422884401162186], [104.0603035232349, 30.422704738105363], [104.06066284934855, 30.422704738105363], [104.06066284934855, 30.42252507504854], [104.0610221754622, 30.42252507504854], [104.0610221754622, 30.422345411991714], [104.06156116463266, 30.422345411991714], [104.06156116463266, 30.42252507504854], [104.06174082768949, 30.42252507504854], [104.06174082768949, 30.422345411991714], [104.06210015380313, 30.422345411991714], [104.06210015380313, 30.42216574893489], [104.06227981685996, 30.42216574893489], [104.06227981685996, 30.421986085878068], [104.06245947991678, 30.421986085878068], [104.06245947991678, 30.42180642282124], [104.06263914297361, 30.42180642282124], [104.06263914297361, 30.421447096707595], [104.06156116463266, 30.421447096707595], [104.06156116463266, 30.421267433650772], [104.06138150157584, 30.421267433650772], [104.06138150157584, 30.421087770593946], [104.06156116463266, 30.421087770593946], [104.06156116463266, 30.420908107537123], [104.06210015380313, 30.420908107537123], [104.06210015380313, 30.421087770593946], [104.06281880603044, 30.421087770593946], [104.06281880603044, 30.4207284444803], [104.06263914297361, 30.4207284444803], [104.06263914297361, 30.420189455309828], [104.06210015380313, 30.420189455309828], [104.06210015380313, 30.42036911836665], [104.06192049074632, 30.42036911836665], [104.06192049074632, 30.420189455309828], [104.06174082768949, 30.420189455309828], [104.06174082768949, 30.41983012919618], [104.06192049074632, 30.41983012919618], [104.06192049074632, 30.419650466139355], [104.06210015380313, 30.419650466139355], [104.06210015380313, 30.41929114002571], [104.06227981685996, 30.41929114002571], [104.06227981685996, 30.41893181391206], [104.06210015380313, 30.41893181391206], [104.06210015380313, 30.418752150855237], [104.06156116463266, 30.418752150855237], [104.06156116463266, 30.41893181391206], [104.0610221754622, 30.41893181391206], [104.0610221754622, 30.419111476968883], [104.06120183851901, 30.419111476968883], [104.06120183851901, 30.41929114002571], [104.06138150157584, 30.41929114002571], [104.06138150157584, 30.419470803082532], [104.06156116463266, 30.419470803082532], [104.06156116463266, 30.41983012919618], [104.06138150157584, 30.41983012919618], [104.06138150157584, 30.420009792253005], [104.06120183851901, 30.420009792253005], [104.06120183851901, 30.420189455309828], [104.06066284934855, 30.420189455309828], [104.06066284934855, 30.420009792253005], [104.06048318629172, 30.420009792253005], [104.06048318629172, 30.41929114002571], [104.0603035232349, 30.41929114002571], [104.0603035232349, 30.41893181391206], [104.06012386017807, 30.41893181391206], [104.06012386017807, 30.418572487798414], [104.0603035232349, 30.418572487798414], [104.0603035232349, 30.418392824741588], [104.06138150157584, 30.418392824741588], [104.06138150157584, 30.418213161684765], [104.06192049074632, 30.418213161684765], [104.06192049074632, 30.418392824741588], [104.06210015380313, 30.418392824741588], [104.06210015380313, 30.418572487798414], [104.06227981685996, 30.418572487798414], [104.06227981685996, 30.418752150855237], [104.06245947991678, 30.418752150855237], [104.06245947991678, 30.418572487798414], [104.06263914297361, 30.418572487798414], [104.06263914297361, 30.418392824741588], [104.06281880603044, 30.418392824741588], [104.06281880603044, 30.418213161684765], [104.06299846908726, 30.418213161684765], [104.06299846908726, 30.418392824741588], [104.06317813214407, 30.418392824741588], [104.06317813214407, 30.418752150855237], [104.06389678437138, 30.418752150855237], [104.06389678437138, 30.41893181391206], [104.06425611048502, 30.41893181391206], [104.06425611048502, 30.419111476968883], [104.06443577354185, 30.419111476968883], [104.06443577354185, 30.41929114002571], [104.0647950996555, 30.41929114002571], [104.0647950996555, 30.419470803082532], [104.06569341493962, 30.419470803082532], [104.06569341493962, 30.420009792253005], [104.06533408882596, 30.420009792253005], [104.06533408882596, 30.420189455309828], [104.06515442576914, 30.420189455309828], [104.06515442576914, 30.4207284444803], [104.06587307799644, 30.4207284444803], [104.06587307799644, 30.420548781423477], [104.06623240411008, 30.420548781423477], [104.06623240411008, 30.4207284444803], [104.06641206716691, 30.4207284444803], [104.06641206716691, 30.420908107537123], [104.06659173022373, 30.420908107537123], [104.06659173022373, 30.421447096707595], [104.06641206716691, 30.421447096707595], [104.06641206716691, 30.42162675976442], [104.06623240411008, 30.42162675976442], [104.06623240411008, 30.42180642282124], [104.06587307799644, 30.42180642282124], [104.06587307799644, 30.42162675976442], [104.06533408882596, 30.42162675976442], [104.06533408882596, 30.42252507504854], [104.06497476271232, 30.42252507504854], [104.06497476271232, 30.422704738105363], [104.0633577952009, 30.422704738105363], [104.0633577952009, 30.422884401162186], [104.06317813214407, 30.422884401162186], [104.06317813214407, 30.42306406421901], [104.0633577952009, 30.42306406421901], [104.0633577952009, 30.423243727275835], [104.06299846908726, 30.423243727275835], [104.06299846908726, 30.422884401162186], [104.06210015380313, 30.422884401162186], [104.06210015380313, 30.42306406421901], [104.06263914297361, 30.42306406421901], [104.06263914297361, 30.423243727275835], [104.06245947991678, 30.423243727275835], [104.06245947991678, 30.42342339033266], [104.06192049074632, 30.42342339033266], [104.06192049074632, 30.423243727275835], [104.06174082768949, 30.423243727275835], [104.06174082768949, 30.42342339033266], [104.06156116463266, 30.42342339033266], [104.06156116463266, 30.42360305338948], [104.06138150157584, 30.42360305338948], [104.06138150157584, 30.42396237950313], [104.06048318629172, 30.42396237950313], [104.06048318629172, 30.424142042559954], [104.0603035232349, 30.424142042559954], [104.0603035232349, 30.424321705616777], [104.06012386017807, 30.424321705616777], [104.06012386017807, 30.424501368673603], [104.05994419712125, 30.424501368673603], [104.05994419712125, 30.425579347014544], [104.05976453406443, 30.425579347014544], [104.05976453406443, 30.425938673128194], [104.05994419712125, 30.425938673128194], [104.05994419712125, 30.42629799924184], [104.05976453406443, 30.42629799924184], [104.05976453406443, 30.42665732535549], [104.06012386017807, 30.42665732535549], [104.06012386017807, 30.42683698841231], [104.0603035232349, 30.42683698841231], [104.0603035232349, 30.427016651469135], [104.05994419712125, 30.427016651469135], [104.05994419712125, 30.42719631452596], [104.05868655572348, 30.42719631452596]], [[104.06461543659867, 30.420548781423477], [104.06443577354185, 30.420548781423477], [104.06443577354185, 30.42036911836665], [104.06461543659867, 30.42036911836665], [104.06461543659867, 30.420548781423477]], [[104.06461543659867, 30.42180642282124], [104.06425611048502, 30.42180642282124], [104.06425611048502, 30.421447096707595], [104.0647950996555, 30.421447096707595], [104.0647950996555, 30.42162675976442], [104.06461543659867, 30.42162675976442], [104.06461543659867, 30.42180642282124]], [[104.06353745825773, 30.422345411991714], [104.0633577952009, 30.422345411991714], [104.0633577952009, 30.42216574893489], [104.06353745825773, 30.42216574893489], [104.06353745825773, 30.422345411991714]], [[104.05599160987113, 30.424681031730426], [104.0558119468143, 30.424681031730426], [104.0558119468143, 30.424501368673603], [104.05599160987113, 30.424501368673603], [104.05599160987113, 30.424681031730426]], [[104.05706958821207, 30.4252200209009], [104.05688992515525, 30.4252200209009], [104.05688992515525, 30.425040357844072], [104.05706958821207, 30.425040357844072], [104.05706958821207, 30.4252200209009]], [[104.05635093598477, 30.42539968395772], [104.05599160987113, 30.42539968395772], [104.05599160987113, 30.4252200209009], [104.05635093598477, 30.4252200209009], [104.05635093598477, 30.42539968395772]], [[104.05760857738254, 30.425938673128194], [104.05724925126889, 30.425938673128194], [104.05724925126889, 30.42539968395772], [104.05760857738254, 30.42539968395772], [104.05760857738254, 30.425579347014544], [104.05778824043936, 30.425579347014544], [104.05778824043936, 30.425759010071367], [104.05760857738254, 30.425759010071367], [104.05760857738254, 30.425938673128194]], [[104.05671026209842, 30.426118336185016], [104.0565305990416, 30.426118336185016], [104.0565305990416, 30.425938673128194], [104.05635093598477, 30.425938673128194], [104.05635093598477, 30.425579347014544], [104.05671026209842, 30.425579347014544], [104.05671026209842, 30.426118336185016]]]}, "properties": {"name": "cand01", "ptype": "hall", "confidence": "low", "rank": 1, "area_ha": 39.6, "rise_db": 8.1, "digitised_from": "Sentinel-1 VV rise 2021->2026, orbit 62"}}, {"type": "Feature", "geometry": {"geodesic": false, "type": "Polygon", "coordinates": [[[104.05671026209842, 30.45396610999272], [104.05671026209842, 30.453786446935897], [104.05706958821207, 30.453786446935897], [104.05706958821207, 30.453606783879074], [104.05635093598477, 30.453606783879074], [104.05635093598477, 30.45342712082225], [104.0558119468143, 30.45342712082225], [104.0558119468143, 30.453606783879074], [104.05545262070065, 30.453606783879074], [104.05545262070065, 30.45396610999272], [104.05311700096195, 30.45396610999272], [104.05311700096195, 30.453786446935897], [104.05329666401876, 30.453786446935897], [104.05329666401876, 30.453606783879074], [104.05347632707559, 30.453606783879074], [104.05347632707559, 30.453247457765425], [104.05311700096195, 30.453247457765425], [104.05311700096195, 30.45342712082225], [104.0527576748483, 30.45342712082225], [104.0527576748483, 30.45396610999272], [104.05239834873464, 30.45396610999272], [104.05239834873464, 30.453606783879074], [104.05221868567781, 30.453606783879074], [104.05221868567781, 30.45342712082225], [104.05167969650735, 30.45342712082225], [104.05167969650735, 30.453067794708602], [104.05150003345052, 30.453067794708602], [104.05150003345052, 30.452708468594956], [104.0513203703937, 30.452708468594956], [104.0513203703937, 30.45252880553813], [104.05096104428006, 30.45252880553813], [104.05096104428006, 30.452169479424484], [104.05114070733688, 30.452169479424484], [104.05114070733688, 30.451989816367657], [104.0513203703937, 30.451989816367657], [104.0513203703937, 30.45163049025401], [104.05096104428006, 30.45163049025401], [104.05096104428006, 30.451810153310834], [104.0506017181664, 30.451810153310834], [104.0506017181664, 30.45163049025401], [104.05024239205275, 30.45163049025401], [104.05024239205275, 30.45145082719719], [104.05042205510958, 30.45145082719719], [104.05042205510958, 30.451271164140362], [104.0506017181664, 30.451271164140362], [104.0506017181664, 30.45109150108354], [104.05114070733688, 30.45109150108354], [104.05114070733688, 30.450911838026716], [104.05096104428006, 30.450911838026716], [104.05096104428006, 30.450732174969893], [104.05078138122323, 30.450732174969893], [104.05078138122323, 30.450911838026716], [104.0506017181664, 30.450911838026716], [104.0506017181664, 30.450732174969893], [104.05078138122323, 30.450732174969893], [104.05078138122323, 30.450372848856244], [104.0506017181664, 30.450372848856244], [104.0506017181664, 30.450013522742594], [104.0513203703937, 30.450013522742594], [104.0513203703937, 30.44983385968577], [104.05150003345052, 30.44983385968577], [104.05150003345052, 30.449474533572126], [104.05167969650735, 30.449474533572126], [104.05167969650735, 30.4492948705153], [104.052039022621, 30.4492948705153], [104.052039022621, 30.449115207458476], [104.05221868567781, 30.449115207458476], [104.05221868567781, 30.448935544401653], [104.05239834873464, 30.448935544401653], [104.05239834873464, 30.44875588134483], [104.05257801179147, 30.44875588134483], [104.05257801179147, 30.448576218288004], [104.05419497930288, 30.448576218288004], [104.05419497930288, 30.44875588134483], [104.05455430541653, 30.44875588134483], [104.05455430541653, 30.448935544401653], [104.05473396847336, 30.448935544401653], [104.05473396847336, 30.449474533572126], [104.05491363153018, 30.449474533572126], [104.05491363153018, 30.44965419662895], [104.05509329458701, 30.44965419662895], [104.05509329458701, 30.44983385968577], [104.05491363153018, 30.44983385968577], [104.05491363153018, 30.450013522742594], [104.05473396847336, 30.450013522742594], [104.05473396847336, 30.450372848856244], [104.05545262070065, 30.450372848856244], [104.05545262070065, 30.450732174969893], [104.05527295764382, 30.450732174969893], [104.05527295764382, 30.450552511913067], [104.05509329458701, 30.450552511913067], [104.05509329458701, 30.450732174969893], [104.05491363153018, 30.450732174969893], [104.05491363153018, 30.450911838026716], [104.05473396847336, 30.450911838026716], [104.05473396847336, 30.45163049025401], [104.05491363153018, 30.45163049025401], [104.05491363153018, 30.45145082719719], [104.05509329458701, 30.45145082719719], [104.05509329458701, 30.45163049025401], [104.05599160987113, 30.45163049025401], [104.05599160987113, 30.45145082719719], [104.05617127292794, 30.45145082719719], [104.05617127292794, 30.45163049025401], [104.05635093598477, 30.45163049025401], [104.05635093598477, 30.45109150108354], [104.05617127292794, 30.45109150108354], [104.05617127292794, 30.450732174969893], [104.05635093598477, 30.450732174969893], [104.05635093598477, 30.450372848856244], [104.05724925126889, 30.450372848856244], [104.05724925126889, 30.450911838026716], [104.05742891432571, 30.450911838026716], [104.05742891432571, 30.45109150108354], [104.05778824043936, 30.45109150108354], [104.05778824043936, 30.450911838026716], [104.05922554489395, 30.450911838026716], [104.05922554489395, 30.45109150108354], [104.05940520795077, 30.45109150108354], [104.05940520795077, 30.45145082719719], [104.05922554489395, 30.45145082719719], [104.05922554489395, 30.45163049025401], [104.05868655572348, 30.45163049025401], [104.05868655572348, 30.452349142481307], [104.05904588183714, 30.452349142481307], [104.05904588183714, 30.452708468594956], [104.05850689266666, 30.452708468594956], [104.05850689266666, 30.45288813165178], [104.058147566553, 30.45288813165178], [104.058147566553, 30.453067794708602], [104.05796790349619, 30.453067794708602], [104.05796790349619, 30.453247457765425], [104.05778824043936, 30.453247457765425], [104.05778824043936, 30.45342712082225], [104.05742891432571, 30.45342712082225], [104.05742891432571, 30.453606783879074], [104.05760857738254, 30.453606783879074], [104.05760857738254, 30.453786446935897], [104.05778824043936, 30.453786446935897], [104.05778824043936, 30.45396610999272], [104.05671026209842, 30.45396610999272]], [[104.05293733790512, 30.45163049025401], [104.0527576748483, 30.45163049025401], [104.0527576748483, 30.45145082719719], [104.05293733790512, 30.45145082719719], [104.05293733790512, 30.45163049025401]], [[104.05401531624607, 30.45163049025401], [104.05329666401876, 30.45163049025401], [104.05329666401876, 30.45145082719719], [104.05311700096195, 30.45145082719719], [104.05311700096195, 30.451271164140362], [104.05329666401876, 30.451271164140362], [104.05329666401876, 30.45109150108354], [104.05401531624607, 30.45109150108354], [104.05401531624607, 30.451271164140362], [104.05419497930288, 30.451271164140362], [104.05419497930288, 30.45145082719719], [104.05401531624607, 30.45145082719719], [104.05401531624607, 30.45163049025401]], [[104.05257801179147, 30.451810153310834], [104.05185935956418, 30.451810153310834], [104.05185935956418, 30.45145082719719], [104.052039022621, 30.45145082719719], [104.052039022621, 30.451271164140362], [104.05257801179147, 30.451271164140362], [104.05257801179147, 30.451810153310834]], [[104.058147566553, 30.452349142481307], [104.05724925126889, 30.452349142481307], [104.05724925126889, 30.451989816367657], [104.058147566553, 30.451989816367657], [104.058147566553, 30.452349142481307]], [[104.05329666401876, 30.452708468594956], [104.0527576748483, 30.452708468594956], [104.0527576748483, 30.45252880553813], [104.05293733790512, 30.45252880553813], [104.05293733790512, 30.452349142481307], [104.05311700096195, 30.452349142481307], [104.05311700096195, 30.45252880553813], [104.05329666401876, 30.45252880553813], [104.05329666401876, 30.452708468594956]], [[104.05527295764382, 30.452708468594956], [104.05473396847336, 30.452708468594956], [104.05473396847336, 30.45252880553813], [104.05455430541653, 30.45252880553813], [104.05455430541653, 30.452708468594956], [104.05419497930288, 30.452708468594956], [104.05419497930288, 30.452349142481307], [104.05473396847336, 30.452349142481307], [104.05473396847336, 30.452169479424484], [104.05491363153018, 30.452169479424484], [104.05491363153018, 30.451989816367657], [104.05527295764382, 30.451989816367657], [104.05527295764382, 30.452169479424484], [104.05545262070065, 30.452169479424484], [104.05545262070065, 30.45252880553813], [104.05527295764382, 30.45252880553813], [104.05527295764382, 30.452708468594956]], [[104.05383565318924, 30.453067794708602], [104.05365599013241, 30.453067794708602], [104.05365599013241, 30.451989816367657], [104.05383565318924, 30.451989816367657], [104.05383565318924, 30.452349142481307], [104.05401531624607, 30.452349142481307], [104.05401531624607, 30.45288813165178], [104.05383565318924, 30.45288813165178], [104.05383565318924, 30.453067794708602]], [[104.05401531624607, 30.453606783879074], [104.05365599013241, 30.453606783879074], [104.05365599013241, 30.453247457765425], [104.05401531624607, 30.453247457765425], [104.05401531624607, 30.453606783879074]]]}, "properties": {"name": "cand02", "ptype": "hall", "confidence": "low", "rank": 2, "area_ha": 32.4, "rise_db": 8.8, "digitised_from": "Sentinel-1 VV rise 2021->2026, orbit 62"}}, {"type": "Feature", "geometry": {"geodesic": false, "type": "Polygon", "coordinates": [[[104.06048318629172, 30.435640478196685], [104.06048318629172, 30.43546081513986], [104.06012386017807, 30.43546081513986], [104.06012386017807, 30.435101489026213], [104.05994419712125, 30.435101489026213], [104.05994419712125, 30.434921825969386], [104.05976453406443, 30.434921825969386], [104.05976453406443, 30.43456249985574], [104.0595848710076, 30.43456249985574], [104.0595848710076, 30.434382836798918], [104.05976453406443, 30.434382836798918], [104.05976453406443, 30.43420317374209], [104.0595848710076, 30.43420317374209], [104.0595848710076, 30.434023510685268], [104.05922554489395, 30.434023510685268], [104.05922554489395, 30.43420317374209], [104.05904588183714, 30.43420317374209], [104.05904588183714, 30.43456249985574], [104.05886621878031, 30.43456249985574], [104.05886621878031, 30.434742162912563], [104.05868655572348, 30.434742162912563], [104.05868655572348, 30.43456249985574], [104.05706958821207, 30.43456249985574], [104.05706958821207, 30.434382836798918], [104.05671026209842, 30.434382836798918], [104.05671026209842, 30.43420317374209], [104.05742891432571, 30.43420317374209], [104.05742891432571, 30.433664184571622], [104.05724925126889, 30.433664184571622], [104.05724925126889, 30.433484521514796], [104.05706958821207, 30.433484521514796], [104.05706958821207, 30.433304858457973], [104.05724925126889, 30.433304858457973], [104.05724925126889, 30.43312519540115], [104.05760857738254, 30.43312519540115], [104.05760857738254, 30.433304858457973], [104.05796790349619, 30.433304858457973], [104.05796790349619, 30.43312519540115], [104.058147566553, 30.43312519540115], [104.058147566553, 30.432945532344323], [104.05832722960983, 30.432945532344323], [104.05832722960983, 30.432586206230678], [104.05850689266666, 30.432586206230678], [104.05850689266666, 30.432047217060205], [104.05868655572348, 30.432047217060205], [104.05868655572348, 30.431687890946556], [104.05850689266666, 30.431687890946556], [104.05850689266666, 30.431508227889733], [104.058147566553, 30.431508227889733], [104.058147566553, 30.43132856483291], [104.05778824043936, 30.43132856483291], [104.05778824043936, 30.431148901776087], [104.05724925126889, 30.431148901776087], [104.05724925126889, 30.430609912605615], [104.05742891432571, 30.430609912605615], [104.05742891432571, 30.43043024954879], [104.05724925126889, 30.43043024954879], [104.05724925126889, 30.430070923435142], [104.05742891432571, 30.430070923435142], [104.05742891432571, 30.42989126037832], [104.05760857738254, 30.42989126037832], [104.05760857738254, 30.430250586491965], [104.05796790349619, 30.430250586491965], [104.05796790349619, 30.430070923435142], [104.058147566553, 30.430070923435142], [104.058147566553, 30.42989126037832], [104.05850689266666, 30.42989126037832], [104.05850689266666, 30.429711597321493], [104.05868655572348, 30.429711597321493], [104.05868655572348, 30.42953193426467], [104.05850689266666, 30.42953193426467], [104.05850689266666, 30.429352271207847], [104.05832722960983, 30.429352271207847], [104.05832722960983, 30.429172608151024], [104.058147566553, 30.429172608151024], [104.058147566553, 30.42863361898055], [104.05832722960983, 30.42863361898055], [104.05832722960983, 30.42845395592373], [104.058147566553, 30.42845395592373], [104.058147566553, 30.428274292866902], [104.05796790349619, 30.428274292866902], [104.05796790349619, 30.42845395592373], [104.05760857738254, 30.42845395592373], [104.05760857738254, 30.42863361898055], [104.05742891432571, 30.42863361898055], [104.05742891432571, 30.428813282037375], [104.05724925126889, 30.428813282037375], [104.05724925126889, 30.428992945094198], [104.05706958821207, 30.428992945094198], [104.05706958821207, 30.429172608151024], [104.05688992515525, 30.429172608151024], [104.05688992515525, 30.429352271207847], [104.0558119468143, 30.429352271207847], [104.0558119468143, 30.42953193426467], [104.05527295764382, 30.42953193426467], [104.05527295764382, 30.429352271207847], [104.05509329458701, 30.429352271207847], [104.05509329458701, 30.429172608151024], [104.05473396847336, 30.429172608151024], [104.05473396847336, 30.428992945094198], [104.05455430541653, 30.428992945094198], [104.05455430541653, 30.42863361898055], [104.05527295764382, 30.42863361898055], [104.05527295764382, 30.42809462981008], [104.05509329458701, 30.42809462981008], [104.05509329458701, 30.427914966753256], [104.0558119468143, 30.427914966753256], [104.0558119468143, 30.42773530369643], [104.05617127292794, 30.42773530369643], [104.05617127292794, 30.427555640639607], [104.05635093598477, 30.427555640639607], [104.05635093598477, 30.42773530369643], [104.05671026209842, 30.42773530369643], [104.05671026209842, 30.427555640639607], [104.05706958821207, 30.427555640639607], [104.05706958821207, 30.427375977582784], [104.05742891432571, 30.427375977582784], [104.05742891432571, 30.427555640639607], [104.05886621878031, 30.427555640639607], [104.05886621878031, 30.42773530369643], [104.05940520795077, 30.42773530369643], [104.05940520795077, 30.42809462981008], [104.0595848710076, 30.42809462981008], [104.0595848710076, 30.428274292866902], [104.05940520795077, 30.428274292866902], [104.05940520795077, 30.428813282037375], [104.0595848710076, 30.428813282037375], [104.0595848710076, 30.428992945094198], [104.05994419712125, 30.428992945094198], [104.05994419712125, 30.428813282037375], [104.06138150157584, 30.428813282037375], [104.06138150157584, 30.428992945094198], [104.06156116463266, 30.428992945094198], [104.06156116463266, 30.429352271207847], [104.06174082768949, 30.429352271207847], [104.06174082768949, 30.42989126037832], [104.06192049074632, 30.42989126037832], [104.06192049074632, 30.430070923435142], [104.06317813214407, 30.430070923435142], [104.06317813214407, 30.430250586491965], [104.06353745825773, 30.430250586491965], [104.06353745825773, 30.43043024954879], [104.06371712131455, 30.43043024954879], [104.06371712131455, 30.430609912605615], [104.06353745825773, 30.430609912605615], [104.06353745825773, 30.430789575662438], [104.06317813214407, 30.430789575662438], [104.06317813214407, 30.43096923871926], [104.06227981685996, 30.43096923871926], [104.06227981685996, 30.430789575662438], [104.06192049074632, 30.430789575662438], [104.06192049074632, 30.431148901776087], [104.06174082768949, 30.431148901776087], [104.06174082768949, 30.43132856483291], [104.06192049074632, 30.43132856483291], [104.06192049074632, 30.431508227889733], [104.06299846908726, 30.431508227889733], [104.06299846908726, 30.431867554003382], [104.06245947991678, 30.431867554003382], [104.06245947991678, 30.432047217060205], [104.06192049074632, 30.432047217060205], [104.06192049074632, 30.431867554003382], [104.06156116463266, 30.431867554003382], [104.06156116463266, 30.432047217060205], [104.06120183851901, 30.432047217060205], [104.06120183851901, 30.431867554003382], [104.06066284934855, 30.431867554003382], [104.06066284934855, 30.432047217060205], [104.06048318629172, 30.432047217060205], [104.06048318629172, 30.432406543173855], [104.0603035232349, 30.432406543173855], [104.0603035232349, 30.432586206230678], [104.05922554489395, 30.432586206230678], [104.05922554489395, 30.43312519540115], [104.0595848710076, 30.43312519540115], [104.0595848710076, 30.433304858457973], [104.06120183851901, 30.433304858457973], [104.06120183851901, 30.433484521514796], [104.06138150157584, 30.433484521514796], [104.06138150157584, 30.433843847628445], [104.06120183851901, 30.433843847628445], [104.06120183851901, 30.43456249985574], [104.0610221754622, 30.43456249985574], [104.0610221754622, 30.434742162912563], [104.06084251240537, 30.434742162912563], [104.06084251240537, 30.434921825969386], [104.06066284934855, 30.434921825969386], [104.06066284934855, 30.435640478196685], [104.06048318629172, 30.435640478196685]], [[104.05742891432571, 30.428274292866902], [104.05706958821207, 30.428274292866902], [104.05706958821207, 30.427914966753256], [104.05742891432571, 30.427914966753256], [104.05742891432571, 30.428274292866902]], [[104.05796790349619, 30.430609912605615], [104.05760857738254, 30.430609912605615], [104.05760857738254, 30.43043024954879], [104.05796790349619, 30.43043024954879], [104.05796790349619, 30.430609912605615]], [[104.05760857738254, 30.430789575662438], [104.05742891432571, 30.430789575662438], [104.05742891432571, 30.430609912605615], [104.05760857738254, 30.430609912605615], [104.05760857738254, 30.430789575662438]], [[104.05832722960983, 30.430789575662438], [104.058147566553, 30.430789575662438], [104.058147566553, 30.430609912605615], [104.05832722960983, 30.430609912605615], [104.05832722960983, 30.430789575662438]], [[104.06084251240537, 30.43096923871926], [104.06048318629172, 30.43096923871926], [104.06048318629172, 30.430789575662438], [104.06084251240537, 30.430789575662438], [104.06084251240537, 30.43096923871926]], [[104.05994419712125, 30.431867554003382], [104.0595848710076, 30.431867554003382], [104.0595848710076, 30.431508227889733], [104.05940520795077, 30.431508227889733], [104.05940520795077, 30.43096923871926], [104.0595848710076, 30.43096923871926], [104.0595848710076, 30.43043024954879], [104.05940520795077, 30.43043024954879], [104.05940520795077, 30.42989126037832], [104.0595848710076, 30.42989126037832], [104.0595848710076, 30.42953193426467], [104.05976453406443, 30.42953193426467], [104.05976453406443, 30.429352271207847], [104.06012386017807, 30.429352271207847], [104.06012386017807, 30.429172608151024], [104.06048318629172, 30.429172608151024], [104.06048318629172, 30.429352271207847], [104.06066284934855, 30.429352271207847], [104.06066284934855, 30.430070923435142], [104.06012386017807, 30.430070923435142], [104.06012386017807, 30.430250586491965], [104.05994419712125, 30.430250586491965], [104.05994419712125, 30.430789575662438], [104.06012386017807, 30.430789575662438], [104.06012386017807, 30.43132856483291], [104.05994419712125, 30.43132856483291], [104.05994419712125, 30.431867554003382]], [[104.06012386017807, 30.434023510685268], [104.05994419712125, 30.434023510685268], [104.05994419712125, 30.433664184571622], [104.06012386017807, 30.433664184571622], [104.06012386017807, 30.434023510685268]]]}, "properties": {"name": "cand03", "ptype": "hall", "confidence": "low", "rank": 3, "area_ha": 31.3, "rise_db": 8.8, "digitised_from": "Sentinel-1 VV rise 2021->2026, orbit 62"}}, {"type": "Feature", "geometry": {"geodesic": false, "type": "Polygon", "coordinates": [[[104.08761230787213, 30.453247457765425], [104.08761230787213, 30.453067794708602], [104.08743264481531, 30.453067794708602], [104.08743264481531, 30.45288813165178], [104.08725298175848, 30.45288813165178], [104.08725298175848, 30.45252880553813], [104.08599534036071, 30.45252880553813], [104.08599534036071, 30.452349142481307], [104.08563601424707, 30.452349142481307], [104.08563601424707, 30.45252880553813], [104.08527668813342, 30.45252880553813], [104.08527668813342, 30.452708468594956], [104.08509702507659, 30.452708468594956], [104.08509702507659, 30.45288813165178], [104.08491736201977, 30.45288813165178], [104.08491736201977, 30.452708468594956], [104.08419870979247, 30.452708468594956], [104.08419870979247, 30.45252880553813], [104.08312073145153, 30.45252880553813], [104.08312073145153, 30.452349142481307], [104.08276140533789, 30.452349142481307], [104.08276140533789, 30.452169479424484], [104.08006645948552, 30.452169479424484], [104.08006645948552, 30.451810153310834], [104.08042578559918, 30.451810153310834], [104.08042578559918, 30.45163049025401], [104.080605448656, 30.45163049025401], [104.080605448656, 30.451271164140362], [104.08078511171283, 30.451271164140362], [104.08078511171283, 30.450911838026716], [104.08096477476964, 30.450911838026716], [104.08096477476964, 30.450552511913067], [104.08114443782647, 30.450552511913067], [104.08114443782647, 30.450372848856244], [104.08204275311058, 30.450372848856244], [104.08204275311058, 30.450552511913067], [104.08240207922424, 30.450552511913067], [104.08240207922424, 30.450911838026716], [104.08276140533789, 30.450911838026716], [104.08276140533789, 30.450732174969893], [104.08312073145153, 30.450732174969893], [104.08312073145153, 30.450552511913067], [104.08330039450836, 30.450552511913067], [104.08330039450836, 30.450372848856244], [104.08365972062201, 30.450372848856244], [104.08365972062201, 30.450552511913067], [104.08509702507659, 30.450552511913067], [104.08509702507659, 30.45109150108354], [104.08455803590613, 30.45109150108354], [104.08455803590613, 30.450911838026716], [104.0843783728493, 30.450911838026716], [104.0843783728493, 30.45109150108354], [104.08419870979247, 30.45109150108354], [104.08419870979247, 30.451271164140362], [104.08509702507659, 30.451271164140362], [104.08509702507659, 30.45145082719719], [104.08491736201977, 30.45145082719719], [104.08491736201977, 30.451810153310834], [104.08509702507659, 30.451810153310834], [104.08509702507659, 30.451989816367657], [104.08527668813342, 30.451989816367657], [104.08527668813342, 30.45163049025401], [104.08545635119025, 30.45163049025401], [104.08545635119025, 30.45145082719719], [104.08527668813342, 30.45145082719719], [104.08527668813342, 30.451271164140362], [104.08545635119025, 30.451271164140362], [104.08545635119025, 30.45109150108354], [104.08599534036071, 30.45109150108354], [104.08599534036071, 30.45145082719719], [104.08635466647436, 30.45145082719719], [104.08635466647436, 30.45163049025401], [104.08653432953119, 30.45163049025401], [104.08653432953119, 30.451271164140362], [104.08635466647436, 30.451271164140362], [104.08635466647436, 30.450552511913067], [104.08617500341754, 30.450552511913067], [104.08617500341754, 30.450372848856244], [104.08581567730388, 30.450372848856244], [104.08581567730388, 30.45019318579942], [104.08563601424707, 30.45019318579942], [104.08563601424707, 30.44965419662895], [104.08581567730388, 30.44965419662895], [104.08581567730388, 30.449115207458476], [104.08599534036071, 30.449115207458476], [104.08599534036071, 30.448935544401653], [104.08635466647436, 30.448935544401653], [104.08635466647436, 30.449115207458476], [104.08689365564483, 30.449115207458476], [104.08689365564483, 30.448935544401653], [104.08743264481531, 30.448935544401653], [104.08743264481531, 30.449115207458476], [104.08797163398577, 30.449115207458476], [104.08797163398577, 30.44875588134483], [104.08851062315625, 30.44875588134483], [104.08851062315625, 30.448935544401653], [104.08869028621308, 30.448935544401653], [104.08869028621308, 30.449115207458476], [104.08886994926989, 30.449115207458476], [104.08886994926989, 30.44875588134483], [104.08904961232672, 30.44875588134483], [104.08904961232672, 30.448576218288004], [104.09048691678132, 30.448576218288004], [104.09048691678132, 30.44839655523118], [104.09084624289495, 30.44839655523118], [104.09084624289495, 30.448576218288004], [104.09102590595178, 30.448576218288004], [104.09102590595178, 30.448935544401653], [104.09084624289495, 30.448935544401653], [104.09084624289495, 30.449115207458476], [104.09066657983814, 30.449115207458476], [104.09066657983814, 30.449474533572126], [104.09048691678132, 30.449474533572126], [104.09048691678132, 30.44965419662895], [104.09030725372449, 30.44965419662895], [104.09030725372449, 30.44983385968577], [104.08976826455401, 30.44983385968577], [104.08976826455401, 30.450013522742594], [104.08994792761084, 30.450013522742594], [104.08994792761084, 30.450552511913067], [104.08976826455401, 30.450552511913067], [104.08976826455401, 30.450732174969893], [104.0895886014972, 30.450732174969893], [104.0895886014972, 30.450911838026716], [104.08922927538354, 30.450911838026716], [104.08922927538354, 30.450013522742594], [104.08851062315625, 30.450013522742594], [104.08851062315625, 30.45019318579942], [104.08833096009943, 30.45019318579942], [104.08833096009943, 30.450552511913067], [104.0881512970426, 30.450552511913067], [104.0881512970426, 30.450732174969893], [104.08833096009943, 30.450732174969893], [104.08833096009943, 30.450911838026716], [104.08851062315625, 30.450911838026716], [104.08851062315625, 30.451271164140362], [104.08869028621308, 30.451271164140362], [104.08869028621308, 30.451810153310834], [104.08886994926989, 30.451810153310834], [104.08886994926989, 30.452708468594956], [104.08851062315625, 30.452708468594956], [104.08851062315625, 30.45288813165178], [104.08833096009943, 30.45288813165178], [104.08833096009943, 30.453067794708602], [104.08797163398577, 30.453067794708602], [104.08797163398577, 30.453247457765425], [104.08761230787213, 30.453247457765425]], [[104.0881512970426, 30.45019318579942], [104.08779197092895, 30.45019318579942], [104.08779197092895, 30.44983385968577], [104.08797163398577, 30.44983385968577], [104.08797163398577, 30.450013522742594], [104.0881512970426, 30.450013522742594], [104.0881512970426, 30.45019318579942]], [[104.08581567730388, 30.452169479424484], [104.08563601424707, 30.452169479424484], [104.08563601424707, 30.451989816367657], [104.08545635119025, 30.451989816367657], [104.08545635119025, 30.451810153310834], [104.08581567730388, 30.451810153310834], [104.08581567730388, 30.452169479424484]], [[104.08509702507659, 30.452349142481307], [104.08491736201977, 30.452349142481307], [104.08491736201977, 30.452169479424484], [104.08509702507659, 30.452169479424484], [104.08509702507659, 30.452349142481307]], [[104.08527668813342, 30.45252880553813], [104.08509702507659, 30.45252880553813], [104.08509702507659, 30.452349142481307], [104.08527668813342, 30.452349142481307], [104.08527668813342, 30.45252880553813]]]}, "properties": {"name": "cand04", "ptype": "hall", "confidence": "low", "rank": 4, "area_ha": 27.3, "rise_db": 8.8, "digitised_from": "Sentinel-1 VV rise 2021->2026, orbit 62"}}, {"type": "Feature", "geometry": {"geodesic": false, "type": "Polygon", "coordinates": [[[104.05617127292794, 30.44965419662895], [104.05617127292794, 30.449474533572126], [104.05599160987113, 30.449474533572126], [104.05599160987113, 30.449115207458476], [104.0558119468143, 30.449115207458476], [104.0558119468143, 30.44875588134483], [104.05563228375748, 30.44875588134483], [104.05563228375748, 30.448576218288004], [104.05545262070065, 30.448576218288004], [104.05545262070065, 30.44839655523118], [104.05419497930288, 30.44839655523118], [104.05419497930288, 30.448216892174358], [104.05401531624607, 30.448216892174358], [104.05401531624607, 30.44803722911753], [104.05419497930288, 30.44803722911753], [104.05419497930288, 30.44785756606071], [104.05491363153018, 30.44785756606071], [104.05491363153018, 30.447677903003886], [104.05509329458701, 30.447677903003886], [104.05509329458701, 30.447498239947063], [104.05527295764382, 30.447498239947063], [104.05527295764382, 30.447318576890236], [104.05563228375748, 30.447318576890236], [104.05563228375748, 30.447138913833413], [104.0558119468143, 30.447138913833413], [104.0558119468143, 30.44695925077659], [104.05563228375748, 30.44695925077659], [104.05563228375748, 30.44659992466294], [104.0565305990416, 30.44659992466294], [104.0565305990416, 30.446779587719764], [104.05688992515525, 30.446779587719764], [104.05688992515525, 30.446420261606118], [104.05706958821207, 30.446420261606118], [104.05706958821207, 30.446240598549295], [104.05760857738254, 30.446240598549295], [104.05760857738254, 30.446420261606118], [104.05850689266666, 30.446420261606118], [104.05850689266666, 30.446240598549295], [104.05904588183714, 30.446240598549295], [104.05904588183714, 30.445881272435646], [104.05886621878031, 30.445881272435646], [104.05886621878031, 30.445701609378823], [104.05904588183714, 30.445701609378823], [104.05904588183714, 30.445881272435646], [104.05922554489395, 30.445881272435646], [104.05922554489395, 30.44606093549247], [104.05940520795077, 30.44606093549247], [104.05940520795077, 30.445881272435646], [104.06012386017807, 30.445881272435646], [104.06012386017807, 30.44606093549247], [104.06120183851901, 30.44606093549247], [104.06120183851901, 30.446240598549295], [104.06138150157584, 30.446240598549295], [104.06138150157584, 30.44659992466294], [104.06156116463266, 30.44659992466294], [104.06156116463266, 30.44695925077659], [104.06174082768949, 30.44695925077659], [104.06174082768949, 30.447318576890236], [104.06192049074632, 30.447318576890236], [104.06192049074632, 30.44803722911753], [104.06210015380313, 30.44803722911753], [104.06210015380313, 30.448216892174358], [104.06227981685996, 30.448216892174358], [104.06227981685996, 30.44839655523118], [104.06245947991678, 30.44839655523118], [104.06245947991678, 30.448576218288004], [104.06227981685996, 30.448576218288004], [104.06227981685996, 30.44875588134483], [104.06192049074632, 30.44875588134483], [104.06192049074632, 30.448935544401653], [104.06084251240537, 30.448935544401653], [104.06084251240537, 30.449115207458476], [104.06048318629172, 30.449115207458476], [104.06048318629172, 30.448935544401653], [104.05994419712125, 30.448935544401653], [104.05994419712125, 30.449115207458476], [104.05886621878031, 30.449115207458476], [104.05886621878031, 30.4492948705153], [104.05868655572348, 30.4492948705153], [104.05868655572348, 30.449474533572126], [104.05796790349619, 30.449474533572126], [104.05796790349619, 30.44965419662895], [104.05617127292794, 30.44965419662895]], [[104.05904588183714, 30.44875588134483], [104.05832722960983, 30.44875588134483], [104.05832722960983, 30.448576218288004], [104.05796790349619, 30.448576218288004], [104.05796790349619, 30.44875588134483], [104.05778824043936, 30.44875588134483], [104.05778824043936, 30.448216892174358], [104.058147566553, 30.448216892174358], [104.058147566553, 30.44803722911753], [104.05850689266666, 30.44803722911753], [104.05850689266666, 30.44785756606071], [104.05868655572348, 30.44785756606071], [104.05868655572348, 30.447677903003886], [104.05850689266666, 30.447677903003886], [104.05850689266666, 30.447318576890236], [104.058147566553, 30.447318576890236], [104.058147566553, 30.447498239947063], [104.05796790349619, 30.447498239947063], [104.05796790349619, 30.447677903003886], [104.05778824043936, 30.447677903003886], [104.05778824043936, 30.447498239947063], [104.05760857738254, 30.447498239947063], [104.05760857738254, 30.447138913833413], [104.05778824043936, 30.447138913833413], [104.05778824043936, 30.44695925077659], [104.05796790349619, 30.44695925077659], [104.05796790349619, 30.447138913833413], [104.058147566553, 30.447138913833413], [104.058147566553, 30.44695925077659], [104.05850689266666, 30.44695925077659], [104.05850689266666, 30.446779587719764], [104.05868655572348, 30.446779587719764], [104.05868655572348, 30.44695925077659], [104.05886621878031, 30.44695925077659], [104.05886621878031, 30.447138913833413], [104.05904588183714, 30.447138913833413], [104.05904588183714, 30.447498239947063], [104.05886621878031, 30.447498239947063], [104.05886621878031, 30.44785756606071], [104.05904588183714, 30.44785756606071], [104.05904588183714, 30.448216892174358], [104.05922554489395, 30.448216892174358], [104.05922554489395, 30.448576218288004], [104.05904588183714, 30.448576218288004], [104.05904588183714, 30.44875588134483]]]}, "properties": {"name": "cand05", "ptype": "hall", "confidence": "low", "rank": 5, "area_ha": 22.5, "rise_db": 11.0, "digitised_from": "Sentinel-1 VV rise 2021->2026, orbit 62"}}, {"type": "Feature", "geometry": {"geodesic": false, "type": "Polygon", "coordinates": [[[104.10485996132722, 30.400785845172845], [104.10485996132722, 30.40060618211602], [104.1046802982704, 30.40060618211602], [104.1046802982704, 30.4004265190592], [104.10450063521358, 30.4004265190592], [104.10450063521358, 30.400246856002376], [104.10414130909993, 30.400246856002376], [104.10414130909993, 30.40006719294555], [104.10378198298628, 30.40006719294555], [104.10378198298628, 30.399707866831903], [104.1039616460431, 30.399707866831903], [104.1039616460431, 30.39952820377508], [104.10414130909993, 30.39952820377508], [104.10414130909993, 30.39916887766143], [104.10432097215676, 30.39916887766143], [104.10432097215676, 30.398989214604608], [104.10414130909993, 30.398989214604608], [104.10414130909993, 30.39880955154778], [104.10378198298628, 30.39880955154778], [104.10378198298628, 30.398989214604608], [104.10360231992946, 30.398989214604608], [104.10360231992946, 30.39916887766143], [104.10324299381581, 30.39916887766143], [104.10324299381581, 30.39880955154778], [104.10378198298628, 30.39880955154778], [104.10378198298628, 30.398090899320486], [104.10360231992946, 30.398090899320486], [104.10360231992946, 30.397911236263663], [104.10342265687264, 30.397911236263663], [104.10342265687264, 30.397551910150014], [104.10288366770216, 30.397551910150014], [104.10288366770216, 30.39773157320684], [104.1023446785317, 30.39773157320684], [104.1023446785317, 30.397911236263663], [104.10288366770216, 30.397911236263663], [104.10288366770216, 30.398450225434136], [104.1023446785317, 30.398450225434136], [104.1023446785317, 30.39880955154778], [104.10216501547487, 30.39880955154778], [104.10216501547487, 30.398989214604608], [104.1016260263044, 30.398989214604608], [104.1016260263044, 30.39880955154778], [104.10108703713392, 30.39880955154778], [104.10108703713392, 30.39862988849096], [104.1009073740771, 30.39862988849096], [104.1009073740771, 30.398090899320486], [104.10108703713392, 30.398090899320486], [104.10108703713392, 30.397911236263663], [104.10144636324758, 30.397911236263663], [104.10144636324758, 30.397551910150014], [104.1016260263044, 30.397551910150014], [104.1016260263044, 30.39737224709319], [104.10180568936121, 30.39737224709319], [104.10180568936121, 30.397192584036368], [104.10198535241804, 30.397192584036368], [104.10198535241804, 30.396653594865896], [104.10180568936121, 30.396653594865896], [104.10180568936121, 30.396473931809073], [104.10126670019075, 30.396473931809073], [104.10126670019075, 30.397012920979545], [104.10108703713392, 30.397012920979545], [104.10108703713392, 30.397192584036368], [104.1009073740771, 30.397192584036368], [104.1009073740771, 30.397012920979545], [104.10072771102027, 30.397012920979545], [104.10072771102027, 30.396653594865896], [104.1009073740771, 30.396653594865896], [104.1009073740771, 30.39629426875225], [104.10108703713392, 30.39629426875225], [104.10108703713392, 30.39557561652495], [104.1009073740771, 30.39557561652495], [104.1009073740771, 30.395395953468128], [104.10108703713392, 30.395395953468128], [104.10108703713392, 30.395216290411305], [104.10126670019075, 30.395216290411305], [104.10126670019075, 30.395036627354482], [104.10144636324758, 30.395036627354482], [104.10144636324758, 30.39449763818401], [104.10126670019075, 30.39449763818401], [104.10126670019075, 30.39413831207036], [104.1016260263044, 30.39413831207036], [104.1016260263044, 30.393958649013538], [104.1023446785317, 30.393958649013538], [104.1023446785317, 30.394317975127187], [104.10270400464533, 30.394317975127187], [104.10270400464533, 30.39449763818401], [104.10288366770216, 30.39449763818401], [104.10288366770216, 30.394677301240833], [104.10306333075899, 30.394677301240833], [104.10306333075899, 30.395395953468128], [104.10270400464533, 30.395395953468128], [104.10270400464533, 30.39557561652495], [104.10252434158852, 30.39557561652495], [104.10252434158852, 30.395755279581778], [104.10270400464533, 30.395755279581778], [104.10270400464533, 30.3959349426386], [104.10306333075899, 30.3959349426386], [104.10306333075899, 30.396114605695423], [104.10324299381581, 30.396114605695423], [104.10324299381581, 30.39629426875225], [104.10342265687264, 30.39629426875225], [104.10342265687264, 30.396473931809073], [104.10360231992946, 30.396473931809073], [104.10360231992946, 30.39683325792272], [104.10378198298628, 30.39683325792272], [104.10378198298628, 30.397012920979545], [104.1039616460431, 30.397012920979545], [104.1039616460431, 30.39683325792272], [104.10414130909993, 30.39683325792272], [104.10414130909993, 30.396653594865896], [104.10450063521358, 30.396653594865896], [104.10450063521358, 30.39683325792272], [104.1046802982704, 30.39683325792272], [104.1046802982704, 30.397012920979545], [104.10593793966817, 30.397012920979545], [104.10593793966817, 30.39683325792272], [104.10647692883865, 30.39683325792272], [104.10647692883865, 30.396653594865896], [104.10809389635006, 30.396653594865896], [104.10809389635006, 30.39683325792272], [104.10827355940688, 30.39683325792272], [104.10827355940688, 30.397012920979545], [104.10809389635006, 30.397012920979545], [104.10809389635006, 30.397192584036368], [104.10719558106594, 30.397192584036368], [104.10719558106594, 30.39737224709319], [104.10683625495228, 30.39737224709319], [104.10683625495228, 30.397551910150014], [104.10647692883865, 30.397551910150014], [104.10647692883865, 30.39773157320684], [104.10611760272499, 30.39773157320684], [104.10611760272499, 30.397911236263663], [104.10593793966817, 30.397911236263663], [104.10593793966817, 30.398090899320486], [104.10557861355453, 30.398090899320486], [104.10557861355453, 30.398270562377313], [104.1053989504977, 30.398270562377313], [104.1053989504977, 30.39862988849096], [104.10557861355453, 30.39862988849096], [104.10557861355453, 30.39880955154778], [104.10575827661134, 30.39880955154778], [104.10575827661134, 30.398989214604608], [104.10593793966817, 30.398989214604608], [104.10593793966817, 30.399348540718254], [104.10575827661134, 30.399348540718254], [104.10575827661134, 30.39952820377508], [104.10557861355453, 30.39952820377508], [104.10557861355453, 30.399887529888726], [104.10521928744087, 30.399887529888726], [104.10521928744087, 30.400246856002376], [104.10503962438405, 30.400246856002376], [104.10503962438405, 30.400785845172845], [104.10485996132722, 30.400785845172845]]]}, "properties": {"name": "cand06", "ptype": "hall", "confidence": "low", "rank": 6, "area_ha": 20.6, "rise_db": 9.4, "digitised_from": "Sentinel-1 VV rise 2021->2026, orbit 62"}}, {"type": "Feature", "geometry": {"geodesic": false, "type": "Polygon", "coordinates": [[[104.09102590595178, 30.44606093549247], [104.09102590595178, 30.445881272435646], [104.09048691678132, 30.445881272435646], [104.09048691678132, 30.44606093549247], [104.08922927538354, 30.44606093549247], [104.08922927538354, 30.445881272435646], [104.08886994926989, 30.445881272435646], [104.08886994926989, 30.445701609378823], [104.08869028621308, 30.445701609378823], [104.08869028621308, 30.445521946322], [104.08833096009943, 30.445521946322], [104.08833096009943, 30.445701609378823], [104.08797163398577, 30.445701609378823], [104.08797163398577, 30.444982957151527], [104.08779197092895, 30.444982957151527], [104.08779197092895, 30.4448032940947], [104.08761230787213, 30.4448032940947], [104.08761230787213, 30.443186326583287], [104.08779197092895, 30.443186326583287], [104.08779197092895, 30.442827000469638], [104.08761230787213, 30.442827000469638], [104.08761230787213, 30.44228801129917], [104.08743264481531, 30.44228801129917], [104.08743264481531, 30.44192868518552], [104.08725298175848, 30.44192868518552], [104.08725298175848, 30.441569359071874], [104.08707331870166, 30.441569359071874], [104.08707331870166, 30.441210032958224], [104.08761230787213, 30.441210032958224], [104.08761230787213, 30.4410303699014], [104.08922927538354, 30.4410303699014], [104.08922927538354, 30.441210032958224], [104.08976826455401, 30.441210032958224], [104.08976826455401, 30.441749022128697], [104.0895886014972, 30.441749022128697], [104.0895886014972, 30.44192868518552], [104.08940893844037, 30.44192868518552], [104.08940893844037, 30.44228801129917], [104.0895886014972, 30.44228801129917], [104.0895886014972, 30.442467674355992], [104.08940893844037, 30.442467674355992], [104.08940893844037, 30.442647337412815], [104.08869028621308, 30.442647337412815], [104.08869028621308, 30.442827000469638], [104.08851062315625, 30.442827000469638], [104.08851062315625, 30.443006663526464], [104.08904961232672, 30.443006663526464], [104.08904961232672, 30.443186326583287], [104.08922927538354, 30.443186326583287], [104.08922927538354, 30.44372531575376], [104.08940893844037, 30.44372531575376], [104.08940893844037, 30.443545652696937], [104.0895886014972, 30.443545652696937], [104.0895886014972, 30.44336598964011], [104.08976826455401, 30.44336598964011], [104.08976826455401, 30.443186326583287], [104.09066657983814, 30.443186326583287], [104.09066657983814, 30.443006663526464], [104.09138523206543, 30.443006663526464], [104.09138523206543, 30.443186326583287], [104.09156489512226, 30.443186326583287], [104.09156489512226, 30.44336598964011], [104.09066657983814, 30.44336598964011], [104.09066657983814, 30.443545652696937], [104.09012759066766, 30.443545652696937], [104.09012759066766, 30.44372531575376], [104.08994792761084, 30.44372531575376], [104.08994792761084, 30.443904978810583], [104.08976826455401, 30.443904978810583], [104.08976826455401, 30.444264304924232], [104.08940893844037, 30.444264304924232], [104.08940893844037, 30.444623631037878], [104.09012759066766, 30.444623631037878], [104.09012759066766, 30.444443967981055], [104.09120556900861, 30.444443967981055], [104.09120556900861, 30.444264304924232], [104.09228354734955, 30.444264304924232], [104.09228354734955, 30.444084641867406], [104.09246321040638, 30.444084641867406], [104.09246321040638, 30.44336598964011], [104.09300219957684, 30.44336598964011], [104.09300219957684, 30.44372531575376], [104.09282253652002, 30.44372531575376], [104.09282253652002, 30.444443967981055], [104.09318186263367, 30.444443967981055], [104.09318186263367, 30.444982957151527], [104.0926428734632, 30.444982957151527], [104.0926428734632, 30.44516262020835], [104.09246321040638, 30.44516262020835], [104.09246321040638, 30.445521946322], [104.09210388429273, 30.445521946322], [104.09210388429273, 30.445701609378823], [104.09174455817909, 30.445701609378823], [104.09174455817909, 30.445881272435646], [104.09156489512226, 30.445881272435646], [104.09156489512226, 30.44606093549247], [104.09102590595178, 30.44606093549247]], [[104.08833096009943, 30.442108348242343], [104.08797163398577, 30.442108348242343], [104.08797163398577, 30.44192868518552], [104.08833096009943, 30.44192868518552], [104.08833096009943, 30.442108348242343]]]}, "properties": {"name": "cand07", "ptype": "hall", "confidence": "low", "rank": 7, "area_ha": 18.2, "rise_db": 10.4, "digitised_from": "Sentinel-1 VV rise 2021->2026, orbit 62"}}, {"type": "Feature", "geometry": {"geodesic": false, "type": "Polygon", "coordinates": [[[104.06802903467832, 30.444264304924232], [104.06802903467832, 30.444084641867406], [104.06766970856468, 30.444084641867406], [104.06766970856468, 30.443904978810583], [104.06749004550785, 30.443904978810583], [104.06749004550785, 30.44372531575376], [104.06731038245103, 30.44372531575376], [104.06731038245103, 30.443545652696937], [104.06749004550785, 30.443545652696937], [104.06749004550785, 30.443186326583287], [104.06731038245103, 30.443186326583287], [104.06731038245103, 30.442827000469638], [104.06749004550785, 30.442827000469638], [104.06749004550785, 30.442647337412815], [104.06766970856468, 30.442647337412815], [104.06766970856468, 30.441569359071874], [104.06749004550785, 30.441569359071874], [104.06749004550785, 30.441389696015047], [104.06659173022373, 30.441389696015047], [104.06659173022373, 30.441569359071874], [104.06587307799644, 30.441569359071874], [104.06587307799644, 30.441749022128697], [104.06443577354185, 30.441749022128697], [104.06443577354185, 30.44192868518552], [104.06407644742819, 30.44192868518552], [104.06407644742819, 30.442108348242343], [104.06371712131455, 30.442108348242343], [104.06371712131455, 30.44228801129917], [104.0633577952009, 30.44228801129917], [104.0633577952009, 30.442467674355992], [104.06263914297361, 30.442467674355992], [104.06263914297361, 30.442647337412815], [104.06227981685996, 30.442647337412815], [104.06227981685996, 30.442827000469638], [104.06210015380313, 30.442827000469638], [104.06210015380313, 30.443006663526464], [104.06138150157584, 30.443006663526464], [104.06138150157584, 30.442827000469638], [104.06120183851901, 30.442827000469638], [104.06120183851901, 30.442647337412815], [104.0610221754622, 30.442647337412815], [104.0610221754622, 30.442467674355992], [104.06084251240537, 30.442467674355992], [104.06084251240537, 30.442108348242343], [104.0610221754622, 30.442108348242343], [104.0610221754622, 30.441749022128697], [104.06120183851901, 30.441749022128697], [104.06120183851901, 30.441569359071874], [104.06138150157584, 30.441569359071874], [104.06138150157584, 30.441210032958224], [104.0610221754622, 30.441210032958224], [104.0610221754622, 30.440850706844575], [104.06084251240537, 30.440850706844575], [104.06084251240537, 30.44013205461728], [104.06066284934855, 30.44013205461728], [104.06066284934855, 30.43959306544681], [104.06084251240537, 30.43959306544681], [104.06084251240537, 30.439413402389984], [104.0610221754622, 30.439413402389984], [104.0610221754622, 30.43905407627634], [104.06120183851901, 30.43905407627634], [104.06120183851901, 30.439413402389984], [104.06138150157584, 30.439413402389984], [104.06138150157584, 30.43959306544681], [104.06156116463266, 30.43959306544681], [104.06156116463266, 30.439772728503634], [104.06210015380313, 30.439772728503634], [104.06210015380313, 30.440311717674106], [104.06227981685996, 30.440311717674106], [104.06227981685996, 30.44049138073093], [104.06245947991678, 30.44049138073093], [104.06245947991678, 30.440311717674106], [104.06281880603044, 30.440311717674106], [104.06281880603044, 30.44049138073093], [104.06299846908726, 30.44049138073093], [104.06299846908726, 30.440671043787752], [104.06281880603044, 30.440671043787752], [104.06281880603044, 30.441210032958224], [104.0633577952009, 30.441210032958224], [104.0633577952009, 30.440850706844575], [104.06353745825773, 30.440850706844575], [104.06353745825773, 30.440671043787752], [104.06389678437138, 30.440671043787752], [104.06389678437138, 30.441389696015047], [104.06407644742819, 30.441389696015047], [104.06407644742819, 30.441569359071874], [104.06461543659867, 30.441569359071874], [104.06461543659867, 30.441389696015047], [104.0647950996555, 30.441389696015047], [104.0647950996555, 30.441210032958224], [104.06515442576914, 30.441210032958224], [104.06515442576914, 30.441389696015047], [104.06623240411008, 30.441389696015047], [104.06623240411008, 30.441210032958224], [104.06731038245103, 30.441210032958224], [104.06731038245103, 30.440850706844575], [104.06766970856468, 30.440850706844575], [104.06766970856468, 30.4410303699014], [104.0678493716215, 30.4410303699014], [104.0678493716215, 30.44192868518552], [104.06802903467832, 30.44192868518552], [104.06802903467832, 30.442467674355992], [104.06820869773514, 30.442467674355992], [104.06820869773514, 30.442647337412815], [104.06838836079197, 30.442647337412815], [104.06838836079197, 30.442827000469638], [104.0685680238488, 30.442827000469638], [104.0685680238488, 30.443006663526464], [104.06892734996245, 30.443006663526464], [104.06892734996245, 30.442827000469638], [104.06946633913292, 30.442827000469638], [104.06946633913292, 30.442647337412815], [104.07090364358751, 30.442647337412815], [104.07090364358751, 30.442827000469638], [104.07108330664433, 30.442827000469638], [104.07108330664433, 30.443186326583287], [104.07054431747386, 30.443186326583287], [104.07054431747386, 30.44336598964011], [104.07036465441703, 30.44336598964011], [104.07036465441703, 30.44372531575376], [104.07000532830338, 30.44372531575376], [104.07000532830338, 30.44336598964011], [104.06982566524657, 30.44336598964011], [104.06982566524657, 30.443545652696937], [104.06910701301926, 30.443545652696937], [104.06910701301926, 30.44372531575376], [104.0685680238488, 30.44372531575376], [104.0685680238488, 30.443904978810583], [104.06838836079197, 30.443904978810583], [104.06838836079197, 30.444084641867406], [104.06820869773514, 30.444084641867406], [104.06820869773514, 30.444264304924232], [104.06802903467832, 30.444264304924232]]]}, "properties": {"name": "cand08", "ptype": "hall", "confidence": "low", "rank": 8, "area_ha": 15.3, "rise_db": 9.7, "digitised_from": "Sentinel-1 VV rise 2021->2026, orbit 62"}}, {"type": "Feature", "geometry": {"geodesic": false, "type": "Polygon", "coordinates": [[[104.1129447988843, 30.42863361898055], [104.1129447988843, 30.42845395592373], [104.11276513582747, 30.42845395592373], [104.11276513582747, 30.42809462981008], [104.1129447988843, 30.42809462981008], [104.1129447988843, 30.42773530369643], [104.11276513582747, 30.42773530369643], [104.11276513582747, 30.427555640639607], [104.11258547277065, 30.427555640639607], [104.11258547277065, 30.42773530369643], [104.11222614665701, 30.42773530369643], [104.11222614665701, 30.427914966753256], [104.11240580971383, 30.427914966753256], [104.11240580971383, 30.42845395592373], [104.11150749442972, 30.42845395592373], [104.11150749442972, 30.428274292866902], [104.11078884220241, 30.428274292866902], [104.11078884220241, 30.427375977582784], [104.11096850525924, 30.427375977582784], [104.11096850525924, 30.42719631452596], [104.11114816831606, 30.42719631452596], [104.11114816831606, 30.427016651469135], [104.11132783137289, 30.427016651469135], [104.11132783137289, 30.42629799924184], [104.11150749442972, 30.42629799924184], [104.11150749442972, 30.425759010071367], [104.11168715748653, 30.425759010071367], [104.11168715748653, 30.42539968395772], [104.11186682054336, 30.42539968395772], [104.11186682054336, 30.425040357844072], [104.11204648360018, 30.425040357844072], [104.11204648360018, 30.42486069478725], [104.11222614665701, 30.42486069478725], [104.11222614665701, 30.424501368673603], [104.11240580971383, 30.424501368673603], [104.11240580971383, 30.424142042559954], [104.11258547277065, 30.424142042559954], [104.11258547277065, 30.42396237950313], [104.11276513582747, 30.42396237950313], [104.11276513582747, 30.423782716446304], [104.11312446194113, 30.423782716446304], [104.11312446194113, 30.42360305338948], [104.11348378805478, 30.42360305338948], [104.11348378805478, 30.42342339033266], [104.11384311416842, 30.42342339033266], [104.11384311416842, 30.423243727275835], [104.11420244028207, 30.423243727275835], [104.11420244028207, 30.42306406421901], [104.11456176639571, 30.42306406421901], [104.11456176639571, 30.422884401162186], [104.11546008167984, 30.422884401162186], [104.11546008167984, 30.42360305338948], [104.11528041862302, 30.42360305338948], [104.11528041862302, 30.423782716446304], [104.11510075556619, 30.423782716446304], [104.11510075556619, 30.42396237950313], [104.11492109250936, 30.42396237950313], [104.11492109250936, 30.424321705616777], [104.11474142945254, 30.424321705616777], [104.11474142945254, 30.424501368673603], [104.11456176639571, 30.424501368673603], [104.11456176639571, 30.424681031730426], [104.1143821033389, 30.424681031730426], [104.1143821033389, 30.42486069478725], [104.11420244028207, 30.42486069478725], [104.11420244028207, 30.425040357844072], [104.11402277722524, 30.425040357844072], [104.11402277722524, 30.4252200209009], [104.11384311416842, 30.4252200209009], [104.11384311416842, 30.425579347014544], [104.11366345111159, 30.425579347014544], [104.11366345111159, 30.425938673128194], [104.11348378805478, 30.425938673128194], [104.11348378805478, 30.426118336185016], [104.11330412499795, 30.426118336185016], [104.11330412499795, 30.42773530369643], [104.11348378805478, 30.42773530369643], [104.11348378805478, 30.427914966753256], [104.1143821033389, 30.427914966753256], [104.1143821033389, 30.428274292866902], [104.11384311416842, 30.428274292866902], [104.11384311416842, 30.42845395592373], [104.11348378805478, 30.42845395592373], [104.11348378805478, 30.42863361898055], [104.1129447988843, 30.42863361898055]]]}, "properties": {"name": "cand09", "ptype": "hall", "confidence": "low", "rank": 9, "area_ha": 14.8, "rise_db": 10.9, "digitised_from": "Sentinel-1 VV rise 2021->2026, orbit 62"}}, {"type": "Feature", "geometry": {"geodesic": false, "type": "Polygon", "coordinates": [[[104.10000905879298, 30.39180269233165], [104.10000905879298, 30.391623029274825], [104.09982939573615, 30.391623029274825], [104.09982939573615, 30.39126370316118], [104.09929040656569, 30.39126370316118], [104.09929040656569, 30.391084040104356], [104.09911074350886, 30.391084040104356], [104.09911074350886, 30.39090437704753], [104.09929040656569, 30.39090437704753], [104.09929040656569, 30.390724713990707], [104.0985717543384, 30.390724713990707], [104.0985717543384, 30.39090437704753], [104.09803276516791, 30.39090437704753], [104.09803276516791, 30.390724713990707], [104.09749377599745, 30.390724713990707], [104.09749377599745, 30.39090437704753], [104.09731411294062, 30.39090437704753], [104.09731411294062, 30.390724713990707], [104.0964157976565, 30.390724713990707], [104.0964157976565, 30.39090437704753], [104.09605647154285, 30.39090437704753], [104.09605647154285, 30.390724713990707], [104.09569714542921, 30.390724713990707], [104.09569714542921, 30.390545050933884], [104.09551748237239, 30.390545050933884], [104.09551748237239, 30.390006061763412], [104.09569714542921, 30.390006061763412], [104.09569714542921, 30.38982639870659], [104.0964157976565, 30.38982639870659], [104.0964157976565, 30.389287409536117], [104.09659546071333, 30.389287409536117], [104.09659546071333, 30.389107746479294], [104.09677512377014, 30.389107746479294], [104.09677512377014, 30.388928083422467], [104.0971344498838, 30.388928083422467], [104.0971344498838, 30.389107746479294], [104.09749377599745, 30.389107746479294], [104.09749377599745, 30.388748420365644], [104.09821242822474, 30.388748420365644], [104.09821242822474, 30.389287409536117], [104.09893108045203, 30.389287409536117], [104.09893108045203, 30.38946707259294], [104.09911074350886, 30.38946707259294], [104.09911074350886, 30.389646735649762], [104.09964973267934, 30.389646735649762], [104.09964973267934, 30.38946707259294], [104.09982939573615, 30.38946707259294], [104.09982939573615, 30.389287409536117], [104.1009073740771, 30.389287409536117], [104.1009073740771, 30.389107746479294], [104.10108703713392, 30.389107746479294], [104.10108703713392, 30.388928083422467], [104.1016260263044, 30.388928083422467], [104.1016260263044, 30.389107746479294], [104.10180568936121, 30.389107746479294], [104.10180568936121, 30.389287409536117], [104.10198535241804, 30.389287409536117], [104.10198535241804, 30.38946707259294], [104.10216501547487, 30.38946707259294], [104.10216501547487, 30.38982639870659], [104.10198535241804, 30.38982639870659], [104.10198535241804, 30.390006061763412], [104.10180568936121, 30.390006061763412], [104.10180568936121, 30.390185724820235], [104.10198535241804, 30.390185724820235], [104.10198535241804, 30.39036538787706], [104.10216501547487, 30.39036538787706], [104.10216501547487, 30.390724713990707], [104.10198535241804, 30.390724713990707], [104.10198535241804, 30.39126370316118], [104.10180568936121, 30.39126370316118], [104.10180568936121, 30.391443366218002], [104.1016260263044, 30.391443366218002], [104.1016260263044, 30.39126370316118], [104.10108703713392, 30.39126370316118], [104.10108703713392, 30.391443366218002], [104.1009073740771, 30.391443366218002], [104.1009073740771, 30.391623029274825], [104.10036838490663, 30.391623029274825], [104.10036838490663, 30.39180269233165], [104.10000905879298, 30.39180269233165]], [[104.09929040656569, 30.39036538787706], [104.09893108045203, 30.39036538787706], [104.09893108045203, 30.390006061763412], [104.09929040656569, 30.390006061763412], [104.09929040656569, 30.39036538787706]], [[104.09785310211109, 30.390545050933884], [104.09767343905428, 30.390545050933884], [104.09767343905428, 30.39036538787706], [104.09785310211109, 30.39036538787706], [104.09785310211109, 30.390545050933884]], [[104.10108703713392, 30.390545050933884], [104.1009073740771, 30.390545050933884], [104.1009073740771, 30.39036538787706], [104.10108703713392, 30.39036538787706], [104.10108703713392, 30.390545050933884]]]}, "properties": {"name": "cand10", "ptype": "hall", "confidence": "low", "rank": 10, "area_ha": 14.2, "rise_db": 13.4, "digitised_from": "Sentinel-1 VV rise 2021->2026, orbit 62"}}, {"type": "Feature", "geometry": {"geodesic": false, "type": "Polygon", "coordinates": [[[104.0895886014972, 30.41282326998005], [104.0895886014972, 30.412643606923222], [104.08940893844037, 30.412643606923222], [104.08940893844037, 30.4124639438664], [104.0895886014972, 30.4124639438664], [104.0895886014972, 30.412104617752753], [104.08976826455401, 30.412104617752753], [104.08976826455401, 30.411924954695927], [104.09012759066766, 30.411924954695927], [104.09012759066766, 30.411745291639104], [104.09048691678132, 30.411745291639104], [104.09048691678132, 30.411924954695927], [104.09084624289495, 30.411924954695927], [104.09084624289495, 30.411745291639104], [104.09102590595178, 30.411745291639104], [104.09102590595178, 30.411385965525458], [104.09084624289495, 30.411385965525458], [104.09084624289495, 30.410307987184513], [104.09066657983814, 30.410307987184513], [104.09066657983814, 30.409948661070864], [104.09084624289495, 30.409948661070864], [104.09084624289495, 30.40976899801404], [104.09066657983814, 30.40976899801404], [104.09066657983814, 30.409589334957218], [104.09048691678132, 30.409589334957218], [104.09048691678132, 30.409409671900395], [104.09030725372449, 30.409409671900395], [104.09030725372449, 30.409050345786746], [104.09048691678132, 30.409050345786746], [104.09048691678132, 30.408870682729923], [104.09066657983814, 30.408870682729923], [104.09066657983814, 30.408691019673096], [104.09048691678132, 30.408691019673096], [104.09048691678132, 30.408152030502627], [104.09066657983814, 30.408152030502627], [104.09066657983814, 30.407792704388978], [104.09084624289495, 30.407792704388978], [104.09084624289495, 30.4079723674458], [104.09120556900861, 30.4079723674458], [104.09120556900861, 30.407792704388978], [104.0919242212359, 30.407792704388978], [104.0919242212359, 30.4079723674458], [104.09228354734955, 30.4079723674458], [104.09228354734955, 30.407792704388978], [104.0926428734632, 30.407792704388978], [104.0926428734632, 30.4079723674458], [104.09318186263367, 30.4079723674458], [104.09318186263367, 30.408152030502627], [104.0933615256905, 30.408152030502627], [104.0933615256905, 30.40833169355945], [104.09354118874732, 30.40833169355945], [104.09354118874732, 30.408691019673096], [104.0933615256905, 30.408691019673096], [104.0933615256905, 30.40976899801404], [104.09318186263367, 30.40976899801404], [104.09318186263367, 30.409948661070864], [104.09300219957684, 30.409948661070864], [104.09300219957684, 30.410307987184513], [104.09318186263367, 30.410307987184513], [104.09318186263367, 30.410487650241336], [104.09300219957684, 30.410487650241336], [104.09300219957684, 30.41066731329816], [104.09282253652002, 30.41066731329816], [104.09282253652002, 30.410846976354986], [104.09372085180415, 30.410846976354986], [104.09372085180415, 30.411385965525458], [104.09210388429273, 30.411385965525458], [104.09210388429273, 30.41156562858228], [104.09174455817909, 30.41156562858228], [104.09174455817909, 30.411924954695927], [104.09156489512226, 30.411924954695927], [104.09156489512226, 30.412104617752753], [104.09138523206543, 30.412104617752753], [104.09138523206543, 30.412284280809576], [104.09030725372449, 30.412284280809576], [104.09030725372449, 30.4124639438664], [104.09012759066766, 30.4124639438664], [104.09012759066766, 30.412643606923222], [104.08976826455401, 30.412643606923222], [104.08976826455401, 30.41282326998005], [104.0895886014972, 30.41282326998005]]]}, "properties": {"name": "cand11", "ptype": "hall", "confidence": "low", "rank": 11, "area_ha": 13.4, "rise_db": 11.1, "digitised_from": "Sentinel-1 VV rise 2021->2026, orbit 62"}}, {"type": "Feature", "geometry": {"geodesic": false, "type": "Polygon", "coordinates": [[[104.10593793966817, 30.39629426875225], [104.10593793966817, 30.396114605695423], [104.10557861355453, 30.396114605695423], [104.10557861355453, 30.39629426875225], [104.10503962438405, 30.39629426875225], [104.10503962438405, 30.396114605695423], [104.10485996132722, 30.396114605695423], [104.10485996132722, 30.395755279581778], [104.10450063521358, 30.395755279581778], [104.10450063521358, 30.396114605695423], [104.1039616460431, 30.396114605695423], [104.1039616460431, 30.395755279581778], [104.10414130909993, 30.395755279581778], [104.10414130909993, 30.39557561652495], [104.10432097215676, 30.39557561652495], [104.10432097215676, 30.394856964297656], [104.10414130909993, 30.394856964297656], [104.10414130909993, 30.394317975127187], [104.10503962438405, 30.394317975127187], [104.10503962438405, 30.39449763818401], [104.10521928744087, 30.39449763818401], [104.10521928744087, 30.39413831207036], [104.10503962438405, 30.39413831207036], [104.10503962438405, 30.393778985956715], [104.10450063521358, 30.393778985956715], [104.10450063521358, 30.393958649013538], [104.10432097215676, 30.393958649013538], [104.10432097215676, 30.393778985956715], [104.1039616460431, 30.393778985956715], [104.1039616460431, 30.393599322899888], [104.10378198298628, 30.393599322899888], [104.10378198298628, 30.393239996786242], [104.1039616460431, 30.393239996786242], [104.1039616460431, 30.392880670672593], [104.10414130909993, 30.392880670672593], [104.10414130909993, 30.39270100761577], [104.10432097215676, 30.39270100761577], [104.10432097215676, 30.392521344558947], [104.1046802982704, 30.392521344558947], [104.1046802982704, 30.39270100761577], [104.10521928744087, 30.39270100761577], [104.10521928744087, 30.392521344558947], [104.1053989504977, 30.392521344558947], [104.1053989504977, 30.392162018445298], [104.10557861355453, 30.392162018445298], [104.10557861355453, 30.391982355388475], [104.10575827661134, 30.391982355388475], [104.10575827661134, 30.392162018445298], [104.10647692883865, 30.392162018445298], [104.10647692883865, 30.392341681502124], [104.10665659189546, 30.392341681502124], [104.10665659189546, 30.392880670672593], [104.10647692883865, 30.392880670672593], [104.10647692883865, 30.393239996786242], [104.10629726578182, 30.393239996786242], [104.10629726578182, 30.393958649013538], [104.10647692883865, 30.393958649013538], [104.10647692883865, 30.39413831207036], [104.10683625495228, 30.39413831207036], [104.10683625495228, 30.394317975127187], [104.10719558106594, 30.394317975127187], [104.10719558106594, 30.39449763818401], [104.10701591800911, 30.39449763818401], [104.10701591800911, 30.395036627354482], [104.10719558106594, 30.395036627354482], [104.10719558106594, 30.395216290411305], [104.10737524412276, 30.395216290411305], [104.10737524412276, 30.395755279581778], [104.10701591800911, 30.395755279581778], [104.10701591800911, 30.396114605695423], [104.10647692883865, 30.396114605695423], [104.10647692883865, 30.39629426875225], [104.10593793966817, 30.39629426875225]]]}, "properties": {"name": "cand12", "ptype": "hall", "confidence": "low", "rank": 12, "area_ha": 12.0, "rise_db": 9.6, "digitised_from": "Sentinel-1 VV rise 2021->2026, orbit 62"}}, {"type": "Feature", "geometry": {"geodesic": false, "type": "Polygon", "coordinates": [[[104.11150749442972, 30.41713518334382], [104.11150749442972, 30.41659619417335], [104.11132783137289, 30.41659619417335], [104.11132783137289, 30.416775857230174], [104.11060917914558, 30.416775857230174], [104.11060917914558, 30.416416531116525], [104.11078884220241, 30.416416531116525], [104.11078884220241, 30.416236868059702], [104.11096850525924, 30.416236868059702], [104.11096850525924, 30.416416531116525], [104.11132783137289, 30.416416531116525], [104.11132783137289, 30.41605720500288], [104.11096850525924, 30.41605720500288], [104.11096850525924, 30.415877541946053], [104.11078884220241, 30.415877541946053], [104.11078884220241, 30.41605720500288], [104.11042951608877, 30.41605720500288], [104.11042951608877, 30.416236868059702], [104.11024985303195, 30.416236868059702], [104.11024985303195, 30.41659619417335], [104.10989052691829, 30.41659619417335], [104.10989052691829, 30.416416531116525], [104.10971086386147, 30.416416531116525], [104.10971086386147, 30.416236868059702], [104.10953120080465, 30.416236868059702], [104.10953120080465, 30.41659619417335], [104.109171874691, 30.41659619417335], [104.109171874691, 30.416775857230174], [104.10899221163417, 30.416775857230174], [104.10899221163417, 30.41659619417335], [104.10863288552052, 30.41659619417335], [104.10863288552052, 30.416416531116525], [104.10809389635006, 30.416416531116525], [104.10809389635006, 30.41605720500288], [104.10827355940688, 30.41605720500288], [104.10827355940688, 30.415877541946053], [104.10863288552052, 30.415877541946053], [104.10863288552052, 30.416236868059702], [104.109171874691, 30.416236868059702], [104.109171874691, 30.41569787888923], [104.10845322246371, 30.41569787888923], [104.10845322246371, 30.415518215832407], [104.10899221163417, 30.415518215832407], [104.10899221163417, 30.415338552775584], [104.10791423329323, 30.415338552775584], [104.10791423329323, 30.415158889718757], [104.1077345702364, 30.415158889718757], [104.1077345702364, 30.414440237491462], [104.10791423329323, 30.414440237491462], [104.10791423329323, 30.41426057443464], [104.10863288552052, 30.41426057443464], [104.10863288552052, 30.41390124832099], [104.10845322246371, 30.41390124832099], [104.10845322246371, 30.413721585264167], [104.10863288552052, 30.413721585264167], [104.10863288552052, 30.413541922207344], [104.10881254857735, 30.413541922207344], [104.10881254857735, 30.41336225915052], [104.109171874691, 30.41336225915052], [104.109171874691, 30.413182596093694], [104.10899221163417, 30.413182596093694], [104.10899221163417, 30.41282326998005], [104.109171874691, 30.41282326998005], [104.109171874691, 30.412643606923222], [104.10971086386147, 30.412643606923222], [104.10971086386147, 30.41282326998005], [104.11024985303195, 30.41282326998005], [104.11024985303195, 30.41300293303687], [104.11042951608877, 30.41300293303687], [104.11042951608877, 30.413182596093694], [104.11060917914558, 30.413182596093694], [104.11060917914558, 30.413541922207344], [104.11042951608877, 30.413541922207344], [104.11042951608877, 30.413721585264167], [104.11024985303195, 30.413721585264167], [104.11024985303195, 30.414080911377816], [104.11007018997512, 30.414080911377816], [104.11007018997512, 30.41426057443464], [104.10953120080465, 30.41426057443464], [104.10953120080465, 30.414979226661934], [104.10935153774783, 30.414979226661934], [104.10935153774783, 30.415338552775584], [104.10953120080465, 30.415338552775584], [104.10953120080465, 30.415518215832407], [104.10971086386147, 30.415518215832407], [104.10971086386147, 30.41569787888923], [104.10989052691829, 30.41569787888923], [104.10989052691829, 30.415877541946053], [104.11024985303195, 30.415877541946053], [104.11024985303195, 30.415338552775584], [104.11042951608877, 30.415338552775584], [104.11042951608877, 30.415158889718757], [104.11060917914558, 30.415158889718757], [104.11060917914558, 30.41426057443464], [104.11078884220241, 30.41426057443464], [104.11078884220241, 30.41390124832099], [104.11114816831606, 30.41390124832099], [104.11114816831606, 30.414440237491462], [104.11132783137289, 30.414440237491462], [104.11132783137289, 30.414619900548285], [104.11222614665701, 30.414619900548285], [104.11222614665701, 30.41479956360511], [104.11312446194113, 30.41479956360511], [104.11312446194113, 30.414979226661934], [104.11330412499795, 30.414979226661934], [104.11330412499795, 30.415158889718757], [104.11312446194113, 30.415158889718757], [104.11312446194113, 30.415338552775584], [104.1129447988843, 30.415338552775584], [104.1129447988843, 30.415518215832407], [104.11186682054336, 30.415518215832407], [104.11186682054336, 30.41569787888923], [104.11204648360018, 30.41569787888923], [104.11204648360018, 30.41605720500288], [104.11186682054336, 30.41605720500288], [104.11186682054336, 30.416236868059702], [104.11168715748653, 30.416236868059702], [104.11168715748653, 30.416416531116525], [104.11186682054336, 30.416416531116525], [104.11186682054336, 30.41659619417335], [104.11222614665701, 30.41659619417335], [104.11222614665701, 30.416955520286997], [104.11204648360018, 30.416955520286997], [104.11204648360018, 30.41713518334382], [104.11150749442972, 30.41713518334382]], [[104.10899221163417, 30.414619900548285], [104.10881254857735, 30.414619900548285], [104.10881254857735, 30.414440237491462], [104.10899221163417, 30.414440237491462], [104.10899221163417, 30.414619900548285]], [[104.10881254857735, 30.415158889718757], [104.10863288552052, 30.415158889718757], [104.10863288552052, 30.414619900548285], [104.10881254857735, 30.414619900548285], [104.10881254857735, 30.415158889718757]], [[104.11096850525924, 30.414440237491462], [104.11078884220241, 30.414440237491462], [104.11078884220241, 30.41426057443464], [104.11096850525924, 30.41426057443464], [104.11096850525924, 30.414440237491462]], [[104.11168715748653, 30.41569787888923], [104.11096850525924, 30.41569787888923], [104.11096850525924, 30.415338552775584], [104.11186682054336, 30.415338552775584], [104.11186682054336, 30.415518215832407], [104.11168715748653, 30.415518215832407], [104.11168715748653, 30.41569787888923]], [[104.10989052691829, 30.416236868059702], [104.10971086386147, 30.416236868059702], [104.10971086386147, 30.415877541946053], [104.10989052691829, 30.415877541946053], [104.10989052691829, 30.416236868059702]]]}, "properties": {"name": "cand13", "ptype": "hall", "confidence": "low", "rank": 13, "area_ha": 12.0, "rise_db": 7.4, "digitised_from": "Sentinel-1 VV rise 2021->2026, orbit 62"}}, {"type": "Feature", "geometry": {"geodesic": false, "type": "Polygon", "coordinates": [[[104.11581940779348, 30.394317975127187], [104.11581940779348, 30.39413831207036], [104.11563974473665, 30.39413831207036], [104.11563974473665, 30.393599322899888], [104.11546008167984, 30.393599322899888], [104.11546008167984, 30.393419659843065], [104.11528041862302, 30.393419659843065], [104.11528041862302, 30.393239996786242], [104.11546008167984, 30.393239996786242], [104.11546008167984, 30.39306033372942], [104.11563974473665, 30.39306033372942], [104.11563974473665, 30.39270100761577], [104.11581940779348, 30.39270100761577], [104.11581940779348, 30.392162018445298], [104.11546008167984, 30.392162018445298], [104.11546008167984, 30.391982355388475], [104.11528041862302, 30.391982355388475], [104.11528041862302, 30.39180269233165], [104.11510075556619, 30.39180269233165], [104.11510075556619, 30.392521344558947], [104.11528041862302, 30.392521344558947], [104.11528041862302, 30.39270100761577], [104.11510075556619, 30.39270100761577], [104.11510075556619, 30.39306033372942], [104.1143821033389, 30.39306033372942], [104.1143821033389, 30.393239996786242], [104.11384311416842, 30.393239996786242], [104.11384311416842, 30.393419659843065], [104.11348378805478, 30.393419659843065], [104.11348378805478, 30.393239996786242], [104.11330412499795, 30.393239996786242], [104.11330412499795, 30.39306033372942], [104.11312446194113, 30.39306033372942], [104.11312446194113, 30.392880670672593], [104.1129447988843, 30.392880670672593], [104.1129447988843, 30.392521344558947], [104.11276513582747, 30.392521344558947], [104.11276513582747, 30.391982355388475], [104.1129447988843, 30.391982355388475], [104.1129447988843, 30.39180269233165], [104.11348378805478, 30.39180269233165], [104.11348378805478, 30.391623029274825], [104.11384311416842, 30.391623029274825], [104.11384311416842, 30.391443366218002], [104.11420244028207, 30.391443366218002], [104.11420244028207, 30.39126370316118], [104.11510075556619, 30.39126370316118], [104.11510075556619, 30.39090437704753], [104.11581940779348, 30.39090437704753], [104.11581940779348, 30.390724713990707], [104.11599907085031, 30.390724713990707], [104.11599907085031, 30.390545050933884], [104.11635839696396, 30.390545050933884], [104.11635839696396, 30.390724713990707], [104.11653806002077, 30.390724713990707], [104.11653806002077, 30.39126370316118], [104.1167177230776, 30.39126370316118], [104.1167177230776, 30.391623029274825], [104.11689738613443, 30.391623029274825], [104.11689738613443, 30.39180269233165], [104.11707704919125, 30.39180269233165], [104.11707704919125, 30.392162018445298], [104.11689738613443, 30.392162018445298], [104.11689738613443, 30.392341681502124], [104.1174363753049, 30.392341681502124], [104.1174363753049, 30.392521344558947], [104.11779570141854, 30.392521344558947], [104.11779570141854, 30.39306033372942], [104.11761603836172, 30.39306033372942], [104.11761603836172, 30.393239996786242], [104.11707704919125, 30.393239996786242], [104.11707704919125, 30.393419659843065], [104.11653806002077, 30.393419659843065], [104.11653806002077, 30.39413831207036], [104.11635839696396, 30.39413831207036], [104.11635839696396, 30.394317975127187], [104.11581940779348, 30.394317975127187]], [[104.11510075556619, 30.391623029274825], [104.11492109250936, 30.391623029274825], [104.11492109250936, 30.391443366218002], [104.11510075556619, 30.391443366218002], [104.11510075556619, 30.391623029274825]], [[104.11653806002077, 30.391982355388475], [104.11635839696396, 30.391982355388475], [104.11635839696396, 30.39180269233165], [104.11653806002077, 30.39180269233165], [104.11653806002077, 30.391982355388475]], [[104.11366345111159, 30.392521344558947], [104.11348378805478, 30.392521344558947], [104.11348378805478, 30.392341681502124], [104.11366345111159, 30.392341681502124], [104.11366345111159, 30.392521344558947]], [[104.11474142945254, 30.39270100761577], [104.11402277722524, 30.39270100761577], [104.11402277722524, 30.392521344558947], [104.11420244028207, 30.392521344558947], [104.11420244028207, 30.392162018445298], [104.1143821033389, 30.392162018445298], [104.1143821033389, 30.392341681502124], [104.11456176639571, 30.392341681502124], [104.11456176639571, 30.392521344558947], [104.11474142945254, 30.392521344558947], [104.11474142945254, 30.39270100761577]], [[104.11617873390713, 30.393599322899888], [104.11581940779348, 30.393599322899888], [104.11581940779348, 30.393419659843065], [104.11599907085031, 30.393419659843065], [104.11599907085031, 30.393239996786242], [104.11617873390713, 30.393239996786242], [104.11617873390713, 30.393599322899888]]]}, "properties": {"name": "cand14", "ptype": "hall", "confidence": "low", "rank": 14, "area_ha": 10.7, "rise_db": 9.0, "digitised_from": "Sentinel-1 VV rise 2021->2026, orbit 62"}}, {"type": "Feature", "geometry": {"geodesic": false, "type": "Polygon", "coordinates": [[[104.06174082768949, 30.397192584036368], [104.06174082768949, 30.396114605695423], [104.06156116463266, 30.396114605695423], [104.06156116463266, 30.3959349426386], [104.0610221754622, 30.3959349426386], [104.0610221754622, 30.396114605695423], [104.06048318629172, 30.396114605695423], [104.06048318629172, 30.39629426875225], [104.0603035232349, 30.39629426875225], [104.0603035232349, 30.396473931809073], [104.05868655572348, 30.396473931809073], [104.05868655572348, 30.396653594865896], [104.05850689266666, 30.396653594865896], [104.05850689266666, 30.39683325792272], [104.05760857738254, 30.39683325792272], [104.05760857738254, 30.397012920979545], [104.05724925126889, 30.397012920979545], [104.05724925126889, 30.39683325792272], [104.05671026209842, 30.39683325792272], [104.05671026209842, 30.396653594865896], [104.0565305990416, 30.396653594865896], [104.0565305990416, 30.3959349426386], [104.05706958821207, 30.3959349426386], [104.05706958821207, 30.395755279581778], [104.05742891432571, 30.395755279581778], [104.05742891432571, 30.39557561652495], [104.05760857738254, 30.39557561652495], [104.05760857738254, 30.395395953468128], [104.05778824043936, 30.395395953468128], [104.05778824043936, 30.39449763818401], [104.05724925126889, 30.39449763818401], [104.05724925126889, 30.394677301240833], [104.05688992515525, 30.394677301240833], [104.05688992515525, 30.394317975127187], [104.05706958821207, 30.394317975127187], [104.05706958821207, 30.39413831207036], [104.05796790349619, 30.39413831207036], [104.05796790349619, 30.393958649013538], [104.05868655572348, 30.393958649013538], [104.05868655572348, 30.393778985956715], [104.05850689266666, 30.393778985956715], [104.05850689266666, 30.393239996786242], [104.05868655572348, 30.393239996786242], [104.05868655572348, 30.39306033372942], [104.05886621878031, 30.39306033372942], [104.05886621878031, 30.393958649013538], [104.05868655572348, 30.393958649013538], [104.05868655572348, 30.39413831207036], [104.05886621878031, 30.39413831207036], [104.05886621878031, 30.394317975127187], [104.05922554489395, 30.394317975127187], [104.05922554489395, 30.394677301240833], [104.05904588183714, 30.394677301240833], [104.05904588183714, 30.395395953468128], [104.05922554489395, 30.395395953468128], [104.05922554489395, 30.39557561652495], [104.0595848710076, 30.39557561652495], [104.0595848710076, 30.395755279581778], [104.05976453406443, 30.395755279581778], [104.05976453406443, 30.395395953468128], [104.0595848710076, 30.395395953468128], [104.0595848710076, 30.395216290411305], [104.05976453406443, 30.395216290411305], [104.05976453406443, 30.395036627354482], [104.06012386017807, 30.395036627354482], [104.06012386017807, 30.394856964297656], [104.0603035232349, 30.394856964297656], [104.0603035232349, 30.39449763818401], [104.06066284934855, 30.39449763818401], [104.06066284934855, 30.394677301240833], [104.06048318629172, 30.394677301240833], [104.06048318629172, 30.395216290411305], [104.06066284934855, 30.395216290411305], [104.06066284934855, 30.39557561652495], [104.0610221754622, 30.39557561652495], [104.0610221754622, 30.395395953468128], [104.06156116463266, 30.395395953468128], [104.06156116463266, 30.395755279581778], [104.06192049074632, 30.395755279581778], [104.06192049074632, 30.39557561652495], [104.06174082768949, 30.39557561652495], [104.06174082768949, 30.395395953468128], [104.06192049074632, 30.395395953468128], [104.06192049074632, 30.39557561652495], [104.06210015380313, 30.39557561652495], [104.06210015380313, 30.396114605695423], [104.06227981685996, 30.396114605695423], [104.06227981685996, 30.396473931809073], [104.06210015380313, 30.396473931809073], [104.06210015380313, 30.397192584036368], [104.06174082768949, 30.397192584036368]]]}, "properties": {"name": "cand15", "ptype": "hall", "confidence": "low", "rank": 15, "area_ha": 10.6, "rise_db": 7.5, "digitised_from": "Sentinel-1 VV rise 2021->2026, orbit 62"}}, {"type": "Feature", "geometry": {"geodesic": false, "type": "Polygon", "coordinates": [[[104.08419870979247, 30.431867554003382], [104.08419870979247, 30.431508227889733], [104.08401904673565, 30.431508227889733], [104.08401904673565, 30.43132856483291], [104.08348005756518, 30.43132856483291], [104.08348005756518, 30.431148901776087], [104.08330039450836, 30.431148901776087], [104.08330039450836, 30.43096923871926], [104.08240207922424, 30.43096923871926], [104.08240207922424, 30.431148901776087], [104.08204275311058, 30.431148901776087], [104.08204275311058, 30.43132856483291], [104.08168342699695, 30.43132856483291], [104.08168342699695, 30.431148901776087], [104.08114443782647, 30.431148901776087], [104.08114443782647, 30.430789575662438], [104.0813241008833, 30.430789575662438], [104.0813241008833, 30.430609912605615], [104.08168342699695, 30.430609912605615], [104.08168342699695, 30.43096923871926], [104.08186309005376, 30.43096923871926], [104.08186309005376, 30.430789575662438], [104.08240207922424, 30.430789575662438], [104.08240207922424, 30.430609912605615], [104.08312073145153, 30.430609912605615], [104.08312073145153, 30.43043024954879], [104.08348005756518, 30.43043024954879], [104.08348005756518, 30.430250586491965], [104.08365972062201, 30.430250586491965], [104.08365972062201, 30.430070923435142], [104.08401904673565, 30.430070923435142], [104.08401904673565, 30.430250586491965], [104.08419870979247, 30.430250586491965], [104.08419870979247, 30.43043024954879], [104.08491736201977, 30.43043024954879], [104.08491736201977, 30.430250586491965], [104.08563601424707, 30.430250586491965], [104.08563601424707, 30.43043024954879], [104.08581567730388, 30.43043024954879], [104.08581567730388, 30.430609912605615], [104.08599534036071, 30.430609912605615], [104.08599534036071, 30.430789575662438], [104.08617500341754, 30.430789575662438], [104.08617500341754, 30.43043024954879], [104.08599534036071, 30.43043024954879], [104.08599534036071, 30.42989126037832], [104.08653432953119, 30.42989126037832], [104.08653432953119, 30.43043024954879], [104.08635466647436, 30.43043024954879], [104.08635466647436, 30.430609912605615], [104.08707331870166, 30.430609912605615], [104.08707331870166, 30.43043024954879], [104.08743264481531, 30.43043024954879], [104.08743264481531, 30.430070923435142], [104.08761230787213, 30.430070923435142], [104.08761230787213, 30.42989126037832], [104.08779197092895, 30.42989126037832], [104.08779197092895, 30.429711597321493], [104.08833096009943, 30.429711597321493], [104.08833096009943, 30.42953193426467], [104.0881512970426, 30.42953193426467], [104.0881512970426, 30.429172608151024], [104.08833096009943, 30.429172608151024], [104.08833096009943, 30.429352271207847], [104.08851062315625, 30.429352271207847], [104.08851062315625, 30.42953193426467], [104.08869028621308, 30.42953193426467], [104.08869028621308, 30.430070923435142], [104.08886994926989, 30.430070923435142], [104.08886994926989, 30.430250586491965], [104.08869028621308, 30.430250586491965], [104.08869028621308, 30.43043024954879], [104.08940893844037, 30.43043024954879], [104.08940893844037, 30.430609912605615], [104.0895886014972, 30.430609912605615], [104.0895886014972, 30.430789575662438], [104.08940893844037, 30.430789575662438], [104.08940893844037, 30.43096923871926], [104.08904961232672, 30.43096923871926], [104.08904961232672, 30.431148901776087], [104.08851062315625, 30.431148901776087], [104.08851062315625, 30.43132856483291], [104.08797163398577, 30.43132856483291], [104.08797163398577, 30.431508227889733], [104.08743264481531, 30.431508227889733], [104.08743264481531, 30.431687890946556], [104.08707331870166, 30.431687890946556], [104.08707331870166, 30.431508227889733], [104.08653432953119, 30.431508227889733], [104.08653432953119, 30.431687890946556], [104.08635466647436, 30.431687890946556], [104.08635466647436, 30.431508227889733], [104.08617500341754, 30.431508227889733], [104.08617500341754, 30.431148901776087], [104.08581567730388, 30.431148901776087], [104.08581567730388, 30.43132856483291], [104.08563601424707, 30.43132856483291], [104.08563601424707, 30.431508227889733], [104.08545635119025, 30.431508227889733], [104.08545635119025, 30.431687890946556], [104.08509702507659, 30.431687890946556], [104.08509702507659, 30.431867554003382], [104.08419870979247, 30.431867554003382]]]}, "properties": {"name": "cand16", "ptype": "hall", "confidence": "low", "rank": 16, "area_ha": 10.6, "rise_db": 8.6, "digitised_from": "Sentinel-1 VV rise 2021->2026, orbit 62"}}, {"type": "Feature", "geometry": {"geodesic": false, "type": "Polygon", "coordinates": [[[104.05024239205275, 30.439772728503634], [104.05024239205275, 30.439413402389984], [104.05042205510958, 30.439413402389984], [104.05042205510958, 30.43923373933316], [104.0506017181664, 30.43923373933316], [104.0506017181664, 30.43905407627634], [104.05078138122323, 30.43905407627634], [104.05078138122323, 30.438874413219512], [104.0506017181664, 30.438874413219512], [104.0506017181664, 30.438515087105866], [104.05042205510958, 30.438515087105866], [104.05042205510958, 30.438335424049043], [104.0506017181664, 30.438335424049043], [104.0506017181664, 30.437976097935394], [104.05078138122323, 30.437976097935394], [104.05078138122323, 30.437616771821748], [104.05024239205275, 30.437616771821748], [104.05024239205275, 30.43743710876492], [104.05006272899594, 30.43743710876492], [104.05006272899594, 30.437077782651276], [104.05024239205275, 30.437077782651276], [104.05024239205275, 30.436718456537626], [104.05042205510958, 30.436718456537626], [104.05042205510958, 30.436538793480803], [104.05096104428006, 30.436538793480803], [104.05096104428006, 30.43635913042398], [104.05167969650735, 30.43635913042398], [104.05167969650735, 30.436179467367154], [104.05185935956418, 30.436179467367154], [104.05185935956418, 30.435640478196685], [104.0513203703937, 30.435640478196685], [104.0513203703937, 30.43546081513986], [104.05096104428006, 30.43546081513986], [104.05096104428006, 30.435101489026213], [104.0513203703937, 30.435101489026213], [104.0513203703937, 30.434921825969386], [104.05114070733688, 30.434921825969386], [104.05114070733688, 30.434742162912563], [104.0513203703937, 30.434742162912563], [104.0513203703937, 30.43456249985574], [104.05185935956418, 30.43456249985574], [104.05185935956418, 30.434382836798918], [104.05221868567781, 30.434382836798918], [104.05221868567781, 30.43456249985574], [104.05293733790512, 30.43456249985574], [104.05293733790512, 30.434921825969386], [104.0527576748483, 30.434921825969386], [104.0527576748483, 30.435101489026213], [104.05239834873464, 30.435101489026213], [104.05239834873464, 30.435281152083036], [104.05221868567781, 30.435281152083036], [104.05221868567781, 30.435101489026213], [104.052039022621, 30.435101489026213], [104.052039022621, 30.43546081513986], [104.05221868567781, 30.43546081513986], [104.05221868567781, 30.435640478196685], [104.05239834873464, 30.435640478196685], [104.05239834873464, 30.435820141253508], [104.05365599013241, 30.435820141253508], [104.05365599013241, 30.436179467367154], [104.05347632707559, 30.436179467367154], [104.05347632707559, 30.43635913042398], [104.05329666401876, 30.43635913042398], [104.05329666401876, 30.436538793480803], [104.05311700096195, 30.436538793480803], [104.05311700096195, 30.436718456537626], [104.05293733790512, 30.436718456537626], [104.05293733790512, 30.43689811959445], [104.0527576748483, 30.43689811959445], [104.0527576748483, 30.437077782651276], [104.05257801179147, 30.437077782651276], [104.05257801179147, 30.4372574457081], [104.05239834873464, 30.4372574457081], [104.05239834873464, 30.43743710876492], [104.05221868567781, 30.43743710876492], [104.05221868567781, 30.43779643487857], [104.05239834873464, 30.43779643487857], [104.05239834873464, 30.437976097935394], [104.05221868567781, 30.437976097935394], [104.05221868567781, 30.438155760992217], [104.052039022621, 30.438155760992217], [104.052039022621, 30.438335424049043], [104.05185935956418, 30.438335424049043], [104.05185935956418, 30.438515087105866], [104.0513203703937, 30.438515087105866], [104.0513203703937, 30.43869475016269], [104.05114070733688, 30.43869475016269], [104.05114070733688, 30.438874413219512], [104.05096104428006, 30.438874413219512], [104.05096104428006, 30.43923373933316], [104.05185935956418, 30.43923373933316], [104.05185935956418, 30.43959306544681], [104.0513203703937, 30.43959306544681], [104.0513203703937, 30.439772728503634], [104.05024239205275, 30.439772728503634]]]}, "properties": {"name": "cand17", "ptype": "hall", "confidence": "low", "rank": 17, "area_ha": 10.0, "rise_db": 9.6, "digitised_from": "Sentinel-1 VV rise 2021->2026, orbit 62"}}, {"type": "Feature", "geometry": {"geodesic": false, "type": "Polygon", "coordinates": [[[104.1009073740771, 30.40923000884357], [104.1009073740771, 30.408870682729923], [104.10108703713392, 30.408870682729923], [104.10108703713392, 30.408691019673096], [104.09929040656569, 30.408691019673096], [104.09929040656569, 30.408511356616273], [104.09911074350886, 30.408511356616273], [104.09911074350886, 30.40833169355945], [104.09947006962251, 30.40833169355945], [104.09947006962251, 30.408152030502627], [104.09929040656569, 30.408152030502627], [104.09929040656569, 30.407792704388978], [104.09947006962251, 30.407792704388978], [104.09947006962251, 30.407433378275332], [104.09964973267934, 30.407433378275332], [104.09964973267934, 30.407253715218506], [104.09982939573615, 30.407253715218506], [104.09982939573615, 30.40653506299121], [104.09964973267934, 30.40653506299121], [104.09964973267934, 30.406355399934387], [104.09947006962251, 30.406355399934387], [104.09947006962251, 30.406175736877564], [104.09929040656569, 30.406175736877564], [104.09929040656569, 30.405996073820738], [104.09964973267934, 30.405996073820738], [104.09964973267934, 30.405636747707092], [104.09947006962251, 30.405636747707092], [104.09947006962251, 30.40545708465027], [104.09929040656569, 30.40545708465027], [104.09929040656569, 30.405816410763915], [104.09893108045203, 30.405816410763915], [104.09893108045203, 30.405277421593443], [104.09911074350886, 30.405277421593443], [104.09911074350886, 30.40509775853662], [104.09929040656569, 30.40509775853662], [104.09929040656569, 30.405277421593443], [104.10000905879298, 30.405277421593443], [104.10000905879298, 30.40545708465027], [104.10108703713392, 30.40545708465027], [104.10108703713392, 30.405277421593443], [104.10126670019075, 30.405277421593443], [104.10126670019075, 30.404918095479797], [104.10198535241804, 30.404918095479797], [104.10198535241804, 30.40509775853662], [104.10216501547487, 30.40509775853662], [104.10216501547487, 30.40545708465027], [104.10198535241804, 30.40545708465027], [104.10198535241804, 30.405636747707092], [104.10180568936121, 30.405636747707092], [104.10180568936121, 30.405996073820738], [104.1016260263044, 30.405996073820738], [104.1016260263044, 30.406355399934387], [104.10144636324758, 30.406355399934387], [104.10144636324758, 30.406714726048033], [104.10126670019075, 30.406714726048033], [104.10126670019075, 30.40689438910486], [104.10108703713392, 30.40689438910486], [104.10108703713392, 30.407074052161683], [104.1009073740771, 30.407074052161683], [104.1009073740771, 30.407253715218506], [104.10108703713392, 30.407253715218506], [104.10108703713392, 30.407433378275332], [104.10126670019075, 30.407433378275332], [104.10126670019075, 30.407613041332155], [104.10198535241804, 30.407613041332155], [104.10198535241804, 30.4079723674458], [104.10180568936121, 30.4079723674458], [104.10180568936121, 30.408152030502627], [104.10198535241804, 30.408152030502627], [104.10198535241804, 30.40833169355945], [104.10216501547487, 30.40833169355945], [104.10216501547487, 30.408870682729923], [104.10144636324758, 30.408870682729923], [104.10144636324758, 30.409050345786746], [104.10126670019075, 30.409050345786746], [104.10126670019075, 30.40923000884357], [104.1009073740771, 30.40923000884357]], [[104.1009073740771, 30.40833169355945], [104.10036838490663, 30.40833169355945], [104.10036838490663, 30.4079723674458], [104.10108703713392, 30.4079723674458], [104.10108703713392, 30.408152030502627], [104.1009073740771, 30.408152030502627], [104.1009073740771, 30.40833169355945]]]}, "properties": {"name": "cand18", "ptype": "hall", "confidence": "low", "rank": 18, "area_ha": 9.6, "rise_db": 8.0, "digitised_from": "Sentinel-1 VV rise 2021->2026, orbit 62"}}, {"type": "Feature", "geometry": {"geodesic": false, "type": "Polygon", "coordinates": [[[104.09084624289495, 30.440311717674106], [104.09084624289495, 30.44013205461728], [104.09066657983814, 30.44013205461728], [104.09066657983814, 30.439952391560457], [104.09048691678132, 30.439952391560457], [104.09048691678132, 30.439772728503634], [104.09066657983814, 30.439772728503634], [104.09066657983814, 30.43959306544681], [104.09102590595178, 30.43959306544681], [104.09102590595178, 30.439413402389984], [104.09138523206543, 30.439413402389984], [104.09138523206543, 30.43923373933316], [104.0919242212359, 30.43923373933316], [104.0919242212359, 30.43905407627634], [104.09210388429273, 30.43905407627634], [104.09210388429273, 30.438874413219512], [104.0919242212359, 30.438874413219512], [104.0919242212359, 30.43869475016269], [104.09084624289495, 30.43869475016269], [104.09084624289495, 30.438515087105866], [104.09066657983814, 30.438515087105866], [104.09066657983814, 30.43869475016269], [104.09012759066766, 30.43869475016269], [104.09012759066766, 30.437616771821748], [104.09030725372449, 30.437616771821748], [104.09030725372449, 30.43743710876492], [104.09084624289495, 30.43743710876492], [104.09084624289495, 30.4372574457081], [104.09120556900861, 30.4372574457081], [104.09120556900861, 30.437077782651276], [104.09174455817909, 30.437077782651276], [104.09174455817909, 30.4372574457081], [104.09246321040638, 30.4372574457081], [104.09246321040638, 30.43743710876492], [104.0926428734632, 30.43743710876492], [104.0926428734632, 30.437616771821748], [104.09282253652002, 30.437616771821748], [104.09282253652002, 30.438155760992217], [104.09300219957684, 30.438155760992217], [104.09300219957684, 30.438335424049043], [104.09282253652002, 30.438335424049043], [104.09282253652002, 30.43869475016269], [104.0933615256905, 30.43869475016269], [104.0933615256905, 30.438874413219512], [104.09354118874732, 30.438874413219512], [104.09354118874732, 30.440311717674106], [104.09084624289495, 30.440311717674106]], [[104.09282253652002, 30.438874413219512], [104.09246321040638, 30.438874413219512], [104.09246321040638, 30.43869475016269], [104.09282253652002, 30.43869475016269], [104.09282253652002, 30.438874413219512]], [[104.09300219957684, 30.439952391560457], [104.09282253652002, 30.439952391560457], [104.09282253652002, 30.439413402389984], [104.09300219957684, 30.439413402389984], [104.09300219957684, 30.43959306544681], [104.09318186263367, 30.43959306544681], [104.09318186263367, 30.439772728503634], [104.09300219957684, 30.439772728503634], [104.09300219957684, 30.439952391560457]]]}, "properties": {"name": "cand19", "ptype": "hall", "confidence": "low", "rank": 19, "area_ha": 9.0, "rise_db": 9.1, "digitised_from": "Sentinel-1 VV rise 2021->2026, orbit 62"}}, {"type": "Feature", "geometry": {"geodesic": false, "type": "Polygon", "coordinates": [[[104.1271381803734, 30.379405941410802], [104.1271381803734, 30.379046615297153], [104.12659919120291, 30.379046615297153], [104.12659919120291, 30.37850762612668], [104.12641952814609, 30.37850762612668], [104.12641952814609, 30.378327963069857], [104.12606020203245, 30.378327963069857], [104.12606020203245, 30.378148300013034], [104.12588053897562, 30.378148300013034], [104.12588053897562, 30.37796863695621], [104.1257008759188, 30.37796863695621], [104.1257008759188, 30.377788973899385], [104.12588053897562, 30.377788973899385], [104.12588053897562, 30.377609310842562], [104.12623986508927, 30.377609310842562], [104.12623986508927, 30.37742964778574], [104.1271381803734, 30.37742964778574], [104.1271381803734, 30.376710995558444], [104.12695851731657, 30.376710995558444], [104.12695851731657, 30.376531332501617], [104.1271381803734, 30.376531332501617], [104.1271381803734, 30.376351669444794], [104.12767716954386, 30.376351669444794], [104.12767716954386, 30.37617200638797], [104.12785683260068, 30.37617200638797], [104.12785683260068, 30.37599234333115], [104.12803649565751, 30.37599234333115], [104.12803649565751, 30.375812680274322], [104.12821615871434, 30.375812680274322], [104.12821615871434, 30.3756330172175], [104.12839582177115, 30.3756330172175], [104.12839582177115, 30.375453354160676], [104.12857548482798, 30.375453354160676], [104.12857548482798, 30.375273691103853], [104.12893481094163, 30.375273691103853], [104.12893481094163, 30.375453354160676], [104.12911447399846, 30.375453354160676], [104.12911447399846, 30.3756330172175], [104.12893481094163, 30.3756330172175], [104.12893481094163, 30.376710995558444], [104.1287551478848, 30.376710995558444], [104.1287551478848, 30.37742964778574], [104.12893481094163, 30.37742964778574], [104.12893481094163, 30.378687289183507], [104.12929413705528, 30.378687289183507], [104.12929413705528, 30.379046615297153], [104.12857548482798, 30.379046615297153], [104.12857548482798, 30.37922627835398], [104.12839582177115, 30.37922627835398], [104.12839582177115, 30.37886695224033], [104.1271381803734, 30.37886695224033], [104.1271381803734, 30.379046615297153], [104.12749750648703, 30.379046615297153], [104.12749750648703, 30.379405941410802], [104.1271381803734, 30.379405941410802]], [[104.12749750648703, 30.377788973899385], [104.12731784343022, 30.377788973899385], [104.12731784343022, 30.377609310842562], [104.1271381803734, 30.377609310842562], [104.1271381803734, 30.37742964778574], [104.12731784343022, 30.37742964778574], [104.12731784343022, 30.37707032167209], [104.12749750648703, 30.37707032167209], [104.12749750648703, 30.376710995558444], [104.12785683260068, 30.376710995558444], [104.12785683260068, 30.376890658615267], [104.12803649565751, 30.376890658615267], [104.12803649565751, 30.377249984728916], [104.12785683260068, 30.377249984728916], [104.12785683260068, 30.37742964778574], [104.12767716954386, 30.37742964778574], [104.12767716954386, 30.377609310842562], [104.12749750648703, 30.377609310842562], [104.12749750648703, 30.377788973899385]], [[104.12731784343022, 30.37850762612668], [104.12695851731657, 30.37850762612668], [104.12695851731657, 30.378327963069857], [104.12659919120291, 30.378327963069857], [104.12659919120291, 30.378148300013034], [104.12677885425974, 30.378148300013034], [104.12677885425974, 30.37796863695621], [104.12695851731657, 30.37796863695621], [104.12695851731657, 30.377788973899385], [104.1271381803734, 30.377788973899385], [104.1271381803734, 30.378148300013034], [104.12731784343022, 30.378148300013034], [104.12731784343022, 30.37850762612668]], [[104.12893481094163, 30.37886695224033], [104.12857548482798, 30.37886695224033], [104.12857548482798, 30.378687289183507], [104.12893481094163, 30.378687289183507], [104.12893481094163, 30.37886695224033]]]}, "properties": {"name": "cand20", "ptype": "hall", "confidence": "low", "rank": 20, "area_ha": 7.8, "rise_db": 8.0, "digitised_from": "Sentinel-1 VV rise 2021->2026, orbit 62"}}, {"type": "Feature", "geometry": {"geodesic": false, "type": "Polygon", "coordinates": [[[104.0987514173952, 30.411385965525458], [104.0987514173952, 30.410846976354986], [104.09785310211109, 30.410846976354986], [104.09785310211109, 30.41066731329816], [104.09767343905428, 30.41066731329816], [104.09767343905428, 30.410487650241336], [104.09731411294062, 30.410487650241336], [104.09731411294062, 30.410307987184513], [104.0971344498838, 30.410307987184513], [104.0971344498838, 30.41012832412769], [104.09695478682697, 30.41012832412769], [104.09695478682697, 30.40976899801404], [104.09677512377014, 30.40976899801404], [104.09677512377014, 30.40923000884357], [104.09659546071333, 30.40923000884357], [104.09659546071333, 30.409409671900395], [104.0964157976565, 30.409409671900395], [104.0964157976565, 30.40923000884357], [104.09623613459968, 30.40923000884357], [104.09623613459968, 30.409050345786746], [104.09605647154285, 30.409050345786746], [104.09605647154285, 30.408870682729923], [104.09587680848603, 30.408870682729923], [104.09587680848603, 30.408691019673096], [104.09605647154285, 30.408691019673096], [104.09605647154285, 30.408511356616273], [104.09623613459968, 30.408511356616273], [104.09623613459968, 30.40833169355945], [104.0964157976565, 30.40833169355945], [104.0964157976565, 30.408152030502627], [104.09659546071333, 30.408152030502627], [104.09659546071333, 30.4079723674458], [104.0971344498838, 30.4079723674458], [104.0971344498838, 30.407792704388978], [104.09749377599745, 30.407792704388978], [104.09749377599745, 30.4079723674458], [104.09785310211109, 30.4079723674458], [104.09785310211109, 30.40833169355945], [104.09803276516791, 30.40833169355945], [104.09803276516791, 30.408511356616273], [104.09821242822474, 30.408511356616273], [104.09821242822474, 30.408691019673096], [104.09803276516791, 30.408691019673096], [104.09803276516791, 30.409050345786746], [104.0987514173952, 30.409050345786746], [104.0987514173952, 30.40923000884357], [104.0985717543384, 30.40923000884357], [104.0985717543384, 30.409409671900395], [104.09803276516791, 30.409409671900395], [104.09803276516791, 30.409589334957218], [104.09785310211109, 30.409589334957218], [104.09785310211109, 30.40976899801404], [104.09803276516791, 30.40976899801404], [104.09803276516791, 30.409948661070864], [104.09821242822474, 30.409948661070864], [104.09821242822474, 30.41012832412769], [104.09911074350886, 30.41012832412769], [104.09911074350886, 30.409948661070864], [104.09929040656569, 30.409948661070864], [104.09929040656569, 30.41012832412769], [104.09964973267934, 30.41012832412769], [104.09964973267934, 30.410307987184513], [104.09982939573615, 30.410307987184513], [104.09982939573615, 30.410487650241336], [104.10054804796346, 30.410487650241336], [104.10054804796346, 30.410846976354986], [104.10036838490663, 30.410846976354986], [104.10036838490663, 30.41102663941181], [104.1001887218498, 30.41102663941181], [104.1001887218498, 30.41120630246863], [104.10000905879298, 30.41120630246863], [104.10000905879298, 30.411385965525458], [104.0987514173952, 30.411385965525458]], [[104.09785310211109, 30.408691019673096], [104.09767343905428, 30.408691019673096], [104.09767343905428, 30.408511356616273], [104.09785310211109, 30.408511356616273], [104.09785310211109, 30.408691019673096]]]}, "properties": {"name": "cand21", "ptype": "hall", "confidence": "low", "rank": 21, "area_ha": 7.8, "rise_db": 8.0, "digitised_from": "Sentinel-1 VV rise 2021->2026, orbit 62"}}, {"type": "Feature", "geometry": {"geodesic": false, "type": "Polygon", "coordinates": [[[104.10360231992946, 30.41156562858228], [104.10360231992946, 30.411385965525458], [104.10342265687264, 30.411385965525458], [104.10342265687264, 30.41120630246863], [104.10360231992946, 30.41120630246863], [104.10360231992946, 30.41102663941181], [104.10378198298628, 30.41102663941181], [104.10378198298628, 30.410846976354986], [104.1039616460431, 30.410846976354986], [104.1039616460431, 30.409948661070864], [104.10378198298628, 30.409948661070864], [104.10378198298628, 30.40976899801404], [104.10360231992946, 30.40976899801404], [104.10360231992946, 30.409948661070864], [104.10342265687264, 30.409948661070864], [104.10342265687264, 30.409409671900395], [104.10378198298628, 30.409409671900395], [104.10378198298628, 30.409050345786746], [104.10342265687264, 30.409050345786746], [104.10342265687264, 30.408870682729923], [104.10324299381581, 30.408870682729923], [104.10324299381581, 30.408691019673096], [104.10288366770216, 30.408691019673096], [104.10288366770216, 30.4079723674458], [104.10324299381581, 30.4079723674458], [104.10324299381581, 30.407792704388978], [104.1039616460431, 30.407792704388978], [104.1039616460431, 30.4079723674458], [104.10414130909993, 30.4079723674458], [104.10414130909993, 30.408152030502627], [104.10450063521358, 30.408152030502627], [104.10450063521358, 30.407253715218506], [104.10485996132722, 30.407253715218506], [104.10485996132722, 30.409050345786746], [104.1053989504977, 30.409050345786746], [104.1053989504977, 30.408870682729923], [104.10557861355453, 30.408870682729923], [104.10557861355453, 30.408691019673096], [104.10647692883865, 30.408691019673096], [104.10647692883865, 30.408511356616273], [104.10665659189546, 30.408511356616273], [104.10665659189546, 30.408691019673096], [104.10683625495228, 30.408691019673096], [104.10683625495228, 30.408870682729923], [104.10701591800911, 30.408870682729923], [104.10701591800911, 30.409050345786746], [104.10683625495228, 30.409050345786746], [104.10683625495228, 30.40923000884357], [104.10629726578182, 30.40923000884357], [104.10629726578182, 30.409050345786746], [104.10575827661134, 30.409050345786746], [104.10575827661134, 30.40923000884357], [104.10557861355453, 30.40923000884357], [104.10557861355453, 30.409589334957218], [104.10521928744087, 30.409589334957218], [104.10521928744087, 30.409948661070864], [104.1053989504977, 30.409948661070864], [104.1053989504977, 30.40976899801404], [104.10557861355453, 30.40976899801404], [104.10557861355453, 30.41012832412769], [104.1053989504977, 30.41012832412769], [104.1053989504977, 30.410307987184513], [104.10521928744087, 30.410307987184513], [104.10521928744087, 30.410487650241336], [104.10503962438405, 30.410487650241336], [104.10503962438405, 30.41066731329816], [104.1046802982704, 30.41066731329816], [104.1046802982704, 30.41102663941181], [104.10485996132722, 30.41102663941181], [104.10485996132722, 30.41156562858228], [104.10360231992946, 30.41156562858228]], [[104.10360231992946, 30.408691019673096], [104.10324299381581, 30.408691019673096], [104.10324299381581, 30.40833169355945], [104.10342265687264, 30.40833169355945], [104.10342265687264, 30.408152030502627], [104.10378198298628, 30.408152030502627], [104.10378198298628, 30.408511356616273], [104.10360231992946, 30.408511356616273], [104.10360231992946, 30.408691019673096]], [[104.10450063521358, 30.409050345786746], [104.1039616460431, 30.409050345786746], [104.1039616460431, 30.408870682729923], [104.10414130909993, 30.408870682729923], [104.10414130909993, 30.408691019673096], [104.10450063521358, 30.408691019673096], [104.10450063521358, 30.409050345786746]]]}, "properties": {"name": "cand22", "ptype": "hall", "confidence": "low", "rank": 22, "area_ha": 7.7, "rise_db": 7.9, "digitised_from": "Sentinel-1 VV rise 2021->2026, orbit 62"}}, {"type": "Feature", "geometry": {"geodesic": false, "type": "Polygon", "coordinates": [[[104.07413757861033, 30.38353819171775], [104.07413757861033, 30.383358528660928], [104.0739579155535, 30.383358528660928], [104.0739579155535, 30.383178865604105], [104.07341892638304, 30.383178865604105], [104.07341892638304, 30.382819539490455], [104.0737782524967, 30.382819539490455], [104.0737782524967, 30.382639876433633], [104.07359858943987, 30.382639876433633], [104.07359858943987, 30.382280550319983], [104.0737782524967, 30.382280550319983], [104.0737782524967, 30.38210088726316], [104.07323926332622, 30.38210088726316], [104.07323926332622, 30.38174156114951], [104.0737782524967, 30.38174156114951], [104.0737782524967, 30.381382235035865], [104.07341892638304, 30.381382235035865], [104.07341892638304, 30.381561898092688], [104.07323926332622, 30.381561898092688], [104.07323926332622, 30.381382235035865], [104.07305960026939, 30.381382235035865], [104.07305960026939, 30.381022908922215], [104.07323926332622, 30.381022908922215], [104.07323926332622, 30.380843245865393], [104.07341892638304, 30.380843245865393], [104.07341892638304, 30.380483919751743], [104.07359858943987, 30.380483919751743], [104.07359858943987, 30.38030425669492], [104.07323926332622, 30.38030425669492], [104.07323926332622, 30.379765267524448], [104.07521555695128, 30.379765267524448], [104.07521555695128, 30.379585604467625], [104.0753952200081, 30.379585604467625], [104.0753952200081, 30.379765267524448], [104.07557488306493, 30.379765267524448], [104.07557488306493, 30.38066358280857], [104.0753952200081, 30.38066358280857], [104.0753952200081, 30.38174156114951], [104.07521555695128, 30.38174156114951], [104.07521555695128, 30.382280550319983], [104.0753952200081, 30.382280550319983], [104.0753952200081, 30.382639876433633], [104.07521555695128, 30.382639876433633], [104.07521555695128, 30.383178865604105], [104.07503589389445, 30.383178865604105], [104.07503589389445, 30.383358528660928], [104.07467656778081, 30.383358528660928], [104.07467656778081, 30.38353819171775], [104.07413757861033, 30.38353819171775]], [[104.07467656778081, 30.382819539490455], [104.07449690472399, 30.382819539490455], [104.07449690472399, 30.382639876433633], [104.07413757861033, 30.382639876433633], [104.07413757861033, 30.38210088726316], [104.07431724166716, 30.38210088726316], [104.07431724166716, 30.381561898092688], [104.07449690472399, 30.381561898092688], [104.07449690472399, 30.381022908922215], [104.07485623083764, 30.381022908922215], [104.07485623083764, 30.381561898092688], [104.07503589389445, 30.381561898092688], [104.07503589389445, 30.38174156114951], [104.07485623083764, 30.38174156114951], [104.07485623083764, 30.38210088726316], [104.07467656778081, 30.38210088726316], [104.07467656778081, 30.382819539490455]]]}, "properties": {"name": "cand23", "ptype": "hall", "confidence": "low", "rank": 23, "area_ha": 7.7, "rise_db": 8.2, "digitised_from": "Sentinel-1 VV rise 2021->2026, orbit 62"}}, {"type": "Feature", "geometry": {"geodesic": false, "type": "Polygon", "coordinates": [[[104.13091110456669, 30.372758408308318], [104.13091110456669, 30.37257874525149], [104.13073144150987, 30.37257874525149], [104.13073144150987, 30.372039756081023], [104.13091110456669, 30.372039756081023], [104.13091110456669, 30.37150076691055], [104.13073144150987, 30.37150076691055], [104.13073144150987, 30.371321103853727], [104.13037211539621, 30.371321103853727], [104.13037211539621, 30.3711414407969], [104.13055177845304, 30.3711414407969], [104.13055177845304, 30.370961777740078], [104.13037211539621, 30.370961777740078], [104.13037211539621, 30.370782114683255], [104.13073144150987, 30.370782114683255], [104.13073144150987, 30.37060245162643], [104.13091110456669, 30.37060245162643], [104.13091110456669, 30.370422788569606], [104.13109076762352, 30.370422788569606], [104.13109076762352, 30.37060245162643], [104.13127043068035, 30.37060245162643], [104.13127043068035, 30.370782114683255], [104.13162975679398, 30.370782114683255], [104.13162975679398, 30.37006346245596], [104.13091110456669, 30.37006346245596], [104.13091110456669, 30.369524473285487], [104.13073144150987, 30.369524473285487], [104.13073144150987, 30.369344810228664], [104.13055177845304, 30.369344810228664], [104.13055177845304, 30.369165147171838], [104.1301924523394, 30.369165147171838], [104.1301924523394, 30.368985484115015], [104.12983312622575, 30.368985484115015], [104.12983312622575, 30.368446494944543], [104.13001278928257, 30.368446494944543], [104.13001278928257, 30.368626158001366], [104.13037211539621, 30.368626158001366], [104.13037211539621, 30.368446494944543], [104.13055177845304, 30.368446494944543], [104.13055177845304, 30.36826683188772], [104.13091110456669, 30.36826683188772], [104.13091110456669, 30.368087168830897], [104.13109076762352, 30.368087168830897], [104.13109076762352, 30.36790750577407], [104.13145009373716, 30.36790750577407], [104.13145009373716, 30.367727842717247], [104.13162975679398, 30.367727842717247], [104.13162975679398, 30.36790750577407], [104.13180941985081, 30.36790750577407], [104.13180941985081, 30.368087168830897], [104.13198908290764, 30.368087168830897], [104.13198908290764, 30.368446494944543], [104.13216874596446, 30.368446494944543], [104.13216874596446, 30.368626158001366], [104.13198908290764, 30.368626158001366], [104.13198908290764, 30.368805821058192], [104.13234840902128, 30.368805821058192], [104.13234840902128, 30.371680429967373], [104.13198908290764, 30.371680429967373], [104.13198908290764, 30.37150076691055], [104.13180941985081, 30.37150076691055], [104.13180941985081, 30.371321103853727], [104.13145009373716, 30.371321103853727], [104.13145009373716, 30.37150076691055], [104.13127043068035, 30.37150076691055], [104.13127043068035, 30.37257874525149], [104.13109076762352, 30.37257874525149], [104.13109076762352, 30.372758408308318], [104.13091110456669, 30.372758408308318]], [[104.13109076762352, 30.368805821058192], [104.13091110456669, 30.368805821058192], [104.13091110456669, 30.368626158001366], [104.13073144150987, 30.368626158001366], [104.13073144150987, 30.368446494944543], [104.13127043068035, 30.368446494944543], [104.13127043068035, 30.368626158001366], [104.13109076762352, 30.368626158001366], [104.13109076762352, 30.368805821058192]], [[104.13216874596446, 30.37060245162643], [104.13198908290764, 30.37060245162643], [104.13198908290764, 30.370422788569606], [104.13216874596446, 30.370422788569606], [104.13216874596446, 30.37060245162643]]]}, "properties": {"name": "cand24", "ptype": "hall", "confidence": "low", "rank": 24, "area_ha": 7.3, "rise_db": 6.5, "digitised_from": "Sentinel-1 VV rise 2021->2026, orbit 62"}}, {"type": "Feature", "geometry": {"geodesic": false, "type": "Polygon", "coordinates": [[[104.08455803590613, 30.42953193426467], [104.08455803590613, 30.42845395592373], [104.0843783728493, 30.42845395592373], [104.0843783728493, 30.428274292866902], [104.08383938367882, 30.428274292866902], [104.08383938367882, 30.427914966753256], [104.08401904673565, 30.427914966753256], [104.08401904673565, 30.42773530369643], [104.08419870979247, 30.42773530369643], [104.08419870979247, 30.426477662298666], [104.08455803590613, 30.426477662298666], [104.08455803590613, 30.42683698841231], [104.08473769896295, 30.42683698841231], [104.08473769896295, 30.427016651469135], [104.08509702507659, 30.427016651469135], [104.08509702507659, 30.42683698841231], [104.08563601424707, 30.42683698841231], [104.08563601424707, 30.42665732535549], [104.08581567730388, 30.42665732535549], [104.08581567730388, 30.426477662298666], [104.08635466647436, 30.426477662298666], [104.08635466647436, 30.42629799924184], [104.08689365564483, 30.42629799924184], [104.08689365564483, 30.426477662298666], [104.08707331870166, 30.426477662298666], [104.08707331870166, 30.42683698841231], [104.08689365564483, 30.42683698841231], [104.08689365564483, 30.427016651469135], [104.08635466647436, 30.427016651469135], [104.08635466647436, 30.427375977582784], [104.08761230787213, 30.427375977582784], [104.08761230787213, 30.42773530369643], [104.08743264481531, 30.42773530369643], [104.08743264481531, 30.427914966753256], [104.08725298175848, 30.427914966753256], [104.08725298175848, 30.42809462981008], [104.08671399258802, 30.42809462981008], [104.08671399258802, 30.428274292866902], [104.08635466647436, 30.428274292866902], [104.08635466647436, 30.42845395592373], [104.08599534036071, 30.42845395592373], [104.08599534036071, 30.42863361898055], [104.08509702507659, 30.42863361898055], [104.08509702507659, 30.428813282037375], [104.08491736201977, 30.428813282037375], [104.08491736201977, 30.42953193426467], [104.08455803590613, 30.42953193426467]]]}, "properties": {"name": "cand25", "ptype": "hall", "confidence": "low", "rank": 25, "area_ha": 7.2, "rise_db": 10.0, "digitised_from": "Sentinel-1 VV rise 2021->2026, orbit 62"}}, {"type": "Feature", "geometry": {"geodesic": false, "type": "Polygon", "coordinates": [[[104.04539148951851, 30.383717854774574], [104.04539148951851, 30.38353819171775], [104.04557115257533, 30.38353819171775], [104.04557115257533, 30.383358528660928], [104.0452118264617, 30.383358528660928], [104.0452118264617, 30.38299920254728], [104.04503216340487, 30.38299920254728], [104.04503216340487, 30.382639876433633], [104.0452118264617, 30.382639876433633], [104.0452118264617, 30.382460213376806], [104.04539148951851, 30.382460213376806], [104.04539148951851, 30.382280550319983], [104.04557115257533, 30.382280550319983], [104.04557115257533, 30.38210088726316], [104.04539148951851, 30.38210088726316], [104.04539148951851, 30.38174156114951], [104.0452118264617, 30.38174156114951], [104.0452118264617, 30.381561898092688], [104.04485250034804, 30.381561898092688], [104.04485250034804, 30.38174156114951], [104.04467283729122, 30.38174156114951], [104.04467283729122, 30.38210088726316], [104.04485250034804, 30.38210088726316], [104.04485250034804, 30.382280550319983], [104.04449317423439, 30.382280550319983], [104.04449317423439, 30.38210088726316], [104.04413384812075, 30.38210088726316], [104.04413384812075, 30.381382235035865], [104.04431351117756, 30.381382235035865], [104.04431351117756, 30.381202571979042], [104.04449317423439, 30.381202571979042], [104.04449317423439, 30.381022908922215], [104.04467283729122, 30.381022908922215], [104.04467283729122, 30.381202571979042], [104.04485250034804, 30.381202571979042], [104.04485250034804, 30.381022908922215], [104.04503216340487, 30.381022908922215], [104.04503216340487, 30.380843245865393], [104.04485250034804, 30.380843245865393], [104.04485250034804, 30.38066358280857], [104.04503216340487, 30.38066358280857], [104.04503216340487, 30.38030425669492], [104.0452118264617, 30.38030425669492], [104.0452118264617, 30.379944930581274], [104.04539148951851, 30.379944930581274], [104.04539148951851, 30.379765267524448], [104.04557115257533, 30.379765267524448], [104.04557115257533, 30.379585604467625], [104.04593047868899, 30.379585604467625], [104.04593047868899, 30.379765267524448], [104.04611014174581, 30.379765267524448], [104.04611014174581, 30.379944930581274], [104.04646946785945, 30.379944930581274], [104.04646946785945, 30.380124593638097], [104.04664913091628, 30.380124593638097], [104.04664913091628, 30.380483919751743], [104.0468287939731, 30.380483919751743], [104.0468287939731, 30.380843245865393], [104.04700845702993, 30.380843245865393], [104.04700845702993, 30.381022908922215], [104.04718812008676, 30.381022908922215], [104.04718812008676, 30.381561898092688], [104.04700845702993, 30.381561898092688], [104.04700845702993, 30.38174156114951], [104.0468287939731, 30.38174156114951], [104.0468287939731, 30.381561898092688], [104.04646946785945, 30.381561898092688], [104.04646946785945, 30.38174156114951], [104.04628980480263, 30.38174156114951], [104.04628980480263, 30.382460213376806], [104.04611014174581, 30.382460213376806], [104.04611014174581, 30.382639876433633], [104.04593047868899, 30.382639876433633], [104.04593047868899, 30.38353819171775], [104.04575081563216, 30.38353819171775], [104.04575081563216, 30.383717854774574], [104.04539148951851, 30.383717854774574]], [[104.0452118264617, 30.380843245865393], [104.04503216340487, 30.380843245865393], [104.04503216340487, 30.38066358280857], [104.0452118264617, 30.38066358280857], [104.0452118264617, 30.380843245865393]], [[104.04557115257533, 30.380843245865393], [104.04539148951851, 30.380843245865393], [104.04539148951851, 30.38066358280857], [104.0452118264617, 30.38066358280857], [104.0452118264617, 30.38030425669492], [104.04557115257533, 30.38030425669492], [104.04557115257533, 30.380483919751743], [104.04575081563216, 30.380483919751743], [104.04575081563216, 30.38066358280857], [104.04557115257533, 30.38066358280857], [104.04557115257533, 30.380843245865393]]]}, "properties": {"name": "cand26", "ptype": "hall", "confidence": "low", "rank": 26, "area_ha": 6.7, "rise_db": 8.2, "digitised_from": "Sentinel-1 VV rise 2021->2026, orbit 62"}}, {"type": "Feature", "geometry": {"geodesic": false, "type": "Polygon", "coordinates": [[[104.06425611048502, 30.430250586491965], [104.06425611048502, 30.430070923435142], [104.06407644742819, 30.430070923435142], [104.06407644742819, 30.42989126037832], [104.06389678437138, 30.42989126037832], [104.06389678437138, 30.429352271207847], [104.06353745825773, 30.429352271207847], [104.06353745825773, 30.42953193426467], [104.06299846908726, 30.42953193426467], [104.06299846908726, 30.429172608151024], [104.06263914297361, 30.429172608151024], [104.06263914297361, 30.428992945094198], [104.06227981685996, 30.428992945094198], [104.06227981685996, 30.428813282037375], [104.06210015380313, 30.428813282037375], [104.06210015380313, 30.428274292866902], [104.06192049074632, 30.428274292866902], [104.06192049074632, 30.42809462981008], [104.06174082768949, 30.42809462981008], [104.06174082768949, 30.42773530369643], [104.06156116463266, 30.42773530369643], [104.06156116463266, 30.42719631452596], [104.06174082768949, 30.42719631452596], [104.06174082768949, 30.427375977582784], [104.06192049074632, 30.427375977582784], [104.06192049074632, 30.427555640639607], [104.06227981685996, 30.427555640639607], [104.06227981685996, 30.427375977582784], [104.06245947991678, 30.427375977582784], [104.06245947991678, 30.427016651469135], [104.06281880603044, 30.427016651469135], [104.06281880603044, 30.42683698841231], [104.06299846908726, 30.42683698841231], [104.06299846908726, 30.42719631452596], [104.06317813214407, 30.42719631452596], [104.06317813214407, 30.427375977582784], [104.0633577952009, 30.427375977582784], [104.0633577952009, 30.427555640639607], [104.06389678437138, 30.427555640639607], [104.06389678437138, 30.42773530369643], [104.06407644742819, 30.42773530369643], [104.06407644742819, 30.42809462981008], [104.06425611048502, 30.42809462981008], [104.06425611048502, 30.428274292866902], [104.06443577354185, 30.428274292866902], [104.06443577354185, 30.42863361898055], [104.06461543659867, 30.42863361898055], [104.06461543659867, 30.428813282037375], [104.0647950996555, 30.428813282037375], [104.0647950996555, 30.42989126037832], [104.06461543659867, 30.42989126037832], [104.06461543659867, 30.430070923435142], [104.06443577354185, 30.430070923435142], [104.06443577354185, 30.430250586491965], [104.06425611048502, 30.430250586491965]], [[104.06425611048502, 30.42863361898055], [104.06407644742819, 30.42863361898055], [104.06407644742819, 30.42845395592373], [104.06425611048502, 30.42845395592373], [104.06425611048502, 30.42863361898055]]]}, "properties": {"name": "cand27", "ptype": "hall", "confidence": "low", "rank": 27, "area_ha": 6.6, "rise_db": 10.0, "digitised_from": "Sentinel-1 VV rise 2021->2026, orbit 62"}}, {"type": "Feature", "geometry": {"geodesic": false, "type": "Polygon", "coordinates": [[[104.08527668813342, 30.440671043787752], [104.08527668813342, 30.44049138073093], [104.08491736201977, 30.44049138073093], [104.08491736201977, 30.440311717674106], [104.08473769896295, 30.440311717674106], [104.08473769896295, 30.44049138073093], [104.08419870979247, 30.44049138073093], [104.08419870979247, 30.440671043787752], [104.08383938367882, 30.440671043787752], [104.08383938367882, 30.44049138073093], [104.08312073145153, 30.44049138073093], [104.08312073145153, 30.440671043787752], [104.08204275311058, 30.440671043787752], [104.08204275311058, 30.44049138073093], [104.0813241008833, 30.44049138073093], [104.0813241008833, 30.440311717674106], [104.08114443782647, 30.440311717674106], [104.08114443782647, 30.439952391560457], [104.08096477476964, 30.439952391560457], [104.08096477476964, 30.439413402389984], [104.0813241008833, 30.439413402389984], [104.0813241008833, 30.43959306544681], [104.08168342699695, 30.43959306544681], [104.08168342699695, 30.439772728503634], [104.08204275311058, 30.439772728503634], [104.08204275311058, 30.43959306544681], [104.08222241616741, 30.43959306544681], [104.08222241616741, 30.439413402389984], [104.08240207922424, 30.439413402389984], [104.08240207922424, 30.43923373933316], [104.08258174228106, 30.43923373933316], [104.08258174228106, 30.43905407627634], [104.08276140533789, 30.43905407627634], [104.08276140533789, 30.438874413219512], [104.08330039450836, 30.438874413219512], [104.08330039450836, 30.43923373933316], [104.0829410683947, 30.43923373933316], [104.0829410683947, 30.439413402389984], [104.08276140533789, 30.439413402389984], [104.08276140533789, 30.439772728503634], [104.0829410683947, 30.439772728503634], [104.0829410683947, 30.439952391560457], [104.08312073145153, 30.439952391560457], [104.08312073145153, 30.44013205461728], [104.0843783728493, 30.44013205461728], [104.0843783728493, 30.439952391560457], [104.08455803590613, 30.439952391560457], [104.08455803590613, 30.43959306544681], [104.0843783728493, 30.43959306544681], [104.0843783728493, 30.439413402389984], [104.08401904673565, 30.439413402389984], [104.08401904673565, 30.438874413219512], [104.08455803590613, 30.438874413219512], [104.08455803590613, 30.43869475016269], [104.08545635119025, 30.43869475016269], [104.08545635119025, 30.438515087105866], [104.08581567730388, 30.438515087105866], [104.08581567730388, 30.43869475016269], [104.08599534036071, 30.43869475016269], [104.08599534036071, 30.438874413219512], [104.08617500341754, 30.438874413219512], [104.08617500341754, 30.43923373933316], [104.08599534036071, 30.43923373933316], [104.08599534036071, 30.439413402389984], [104.08545635119025, 30.439413402389984], [104.08545635119025, 30.43959306544681], [104.08527668813342, 30.43959306544681], [104.08527668813342, 30.439952391560457], [104.08545635119025, 30.439952391560457], [104.08545635119025, 30.440671043787752], [104.08527668813342, 30.440671043787752]]]}, "properties": {"name": "cand28", "ptype": "hall", "confidence": "low", "rank": 28, "area_ha": 6.6, "rise_db": 9.0, "digitised_from": "Sentinel-1 VV rise 2021->2026, orbit 62"}}, {"type": "Feature", "geometry": {"geodesic": false, "type": "Polygon", "coordinates": [[[104.09102590595178, 30.436538793480803], [104.09102590595178, 30.43635913042398], [104.09084624289495, 30.43635913042398], [104.09084624289495, 30.436179467367154], [104.09066657983814, 30.436179467367154], [104.09066657983814, 30.43599980431033], [104.09048691678132, 30.43599980431033], [104.09048691678132, 30.435820141253508], [104.08994792761084, 30.435820141253508], [104.08994792761084, 30.43546081513986], [104.08976826455401, 30.43546081513986], [104.08976826455401, 30.434742162912563], [104.09030725372449, 30.434742162912563], [104.09030725372449, 30.434382836798918], [104.09066657983814, 30.434382836798918], [104.09066657983814, 30.43420317374209], [104.09102590595178, 30.43420317374209], [104.09102590595178, 30.434023510685268], [104.09156489512226, 30.434023510685268], [104.09156489512226, 30.433843847628445], [104.0919242212359, 30.433843847628445], [104.0919242212359, 30.434023510685268], [104.09210388429273, 30.434023510685268], [104.09210388429273, 30.43420317374209], [104.0926428734632, 30.43420317374209], [104.0926428734632, 30.434382836798918], [104.09282253652002, 30.434382836798918], [104.09282253652002, 30.435281152083036], [104.09246321040638, 30.435281152083036], [104.09246321040638, 30.43546081513986], [104.09210388429273, 30.43546081513986], [104.09210388429273, 30.435640478196685], [104.0919242212359, 30.435640478196685], [104.0919242212359, 30.435820141253508], [104.09174455817909, 30.435820141253508], [104.09174455817909, 30.43599980431033], [104.09138523206543, 30.43599980431033], [104.09138523206543, 30.436179467367154], [104.09156489512226, 30.436179467367154], [104.09156489512226, 30.43635913042398], [104.09138523206543, 30.43635913042398], [104.09138523206543, 30.436538793480803], [104.09102590595178, 30.436538793480803]]]}, "properties": {"name": "cand29", "ptype": "hall", "confidence": "low", "rank": 29, "area_ha": 6.1, "rise_db": 9.1, "digitised_from": "Sentinel-1 VV rise 2021->2026, orbit 62"}}, {"type": "Feature", "geometry": {"geodesic": false, "type": "Polygon", "coordinates": [[[104.05509329458701, 30.43743710876492], [104.05509329458701, 30.4372574457081], [104.05491363153018, 30.4372574457081], [104.05491363153018, 30.43689811959445], [104.05509329458701, 30.43689811959445], [104.05509329458701, 30.436718456537626], [104.05527295764382, 30.436718456537626], [104.05527295764382, 30.436538793480803], [104.05545262070065, 30.436538793480803], [104.05545262070065, 30.43635913042398], [104.05563228375748, 30.43635913042398], [104.05563228375748, 30.436179467367154], [104.0558119468143, 30.436179467367154], [104.0558119468143, 30.43599980431033], [104.05617127292794, 30.43599980431033], [104.05617127292794, 30.435820141253508], [104.05706958821207, 30.435820141253508], [104.05706958821207, 30.43546081513986], [104.05688992515525, 30.43546081513986], [104.05688992515525, 30.435281152083036], [104.05671026209842, 30.435281152083036], [104.05671026209842, 30.435101489026213], [104.05760857738254, 30.435101489026213], [104.05760857738254, 30.435640478196685], [104.05832722960983, 30.435640478196685], [104.05832722960983, 30.435820141253508], [104.05868655572348, 30.435820141253508], [104.05868655572348, 30.435640478196685], [104.05904588183714, 30.435640478196685], [104.05904588183714, 30.43546081513986], [104.05922554489395, 30.43546081513986], [104.05922554489395, 30.435640478196685], [104.0595848710076, 30.435640478196685], [104.0595848710076, 30.43599980431033], [104.05904588183714, 30.43599980431033], [104.05904588183714, 30.436179467367154], [104.05724925126889, 30.436179467367154], [104.05724925126889, 30.43635913042398], [104.05742891432571, 30.43635913042398], [104.05742891432571, 30.436718456537626], [104.05724925126889, 30.436718456537626], [104.05724925126889, 30.43743710876492], [104.05509329458701, 30.43743710876492]]]}, "properties": {"name": "cand30", "ptype": "hall", "confidence": "low", "rank": 30, "area_ha": 5.8, "rise_db": 8.3, "digitised_from": "Sentinel-1 VV rise 2021->2026, orbit 62"}}, {"type": "Feature", "geometry": {"geodesic": false, "type": "Polygon", "coordinates": [[[104.08689365564483, 30.4372574457081], [104.08689365564483, 30.436538793480803], [104.08671399258802, 30.436538793480803], [104.08671399258802, 30.436179467367154], [104.08653432953119, 30.436179467367154], [104.08653432953119, 30.435640478196685], [104.08635466647436, 30.435640478196685], [104.08635466647436, 30.43546081513986], [104.08617500341754, 30.43546081513986], [104.08617500341754, 30.435281152083036], [104.08581567730388, 30.435281152083036], [104.08581567730388, 30.435101489026213], [104.08563601424707, 30.435101489026213], [104.08563601424707, 30.434921825969386], [104.08545635119025, 30.434921825969386], [104.08545635119025, 30.43456249985574], [104.08563601424707, 30.43456249985574], [104.08563601424707, 30.43420317374209], [104.08581567730388, 30.43420317374209], [104.08581567730388, 30.434023510685268], [104.08617500341754, 30.434023510685268], [104.08617500341754, 30.43420317374209], [104.08671399258802, 30.43420317374209], [104.08671399258802, 30.434382836798918], [104.08797163398577, 30.434382836798918], [104.08797163398577, 30.43420317374209], [104.08886994926989, 30.43420317374209], [104.08886994926989, 30.434742162912563], [104.08851062315625, 30.434742162912563], [104.08851062315625, 30.434921825969386], [104.0881512970426, 30.434921825969386], [104.0881512970426, 30.435101489026213], [104.08725298175848, 30.435101489026213], [104.08725298175848, 30.43546081513986], [104.08707331870166, 30.43546081513986], [104.08707331870166, 30.435640478196685], [104.08725298175848, 30.435640478196685], [104.08725298175848, 30.435820141253508], [104.08743264481531, 30.435820141253508], [104.08743264481531, 30.43599980431033], [104.08761230787213, 30.43599980431033], [104.08761230787213, 30.437077782651276], [104.08725298175848, 30.437077782651276], [104.08725298175848, 30.4372574457081], [104.08689365564483, 30.4372574457081]]]}, "properties": {"name": "cand31", "ptype": "hall", "confidence": "low", "rank": 31, "area_ha": 5.5, "rise_db": 10.4, "digitised_from": "Sentinel-1 VV rise 2021->2026, orbit 62"}}, {"type": "Feature", "geometry": {"geodesic": false, "type": "Polygon", "coordinates": [[[104.1219279517255, 30.384436507001872], [104.1219279517255, 30.384256843945046], [104.12174828866867, 30.384256843945046], [104.12174828866867, 30.384077180888223], [104.12156862561184, 30.384077180888223], [104.12156862561184, 30.3838975178314], [104.1212092994982, 30.3838975178314], [104.1212092994982, 30.383717854774574], [104.12102963644138, 30.383717854774574], [104.12102963644138, 30.383358528660928], [104.1212092994982, 30.383358528660928], [104.1212092994982, 30.383178865604105], [104.12084997338455, 30.383178865604105], [104.12084997338455, 30.382639876433633], [104.12102963644138, 30.382639876433633], [104.12102963644138, 30.382460213376806], [104.1212092994982, 30.382460213376806], [104.1212092994982, 30.38210088726316], [104.12138896255503, 30.38210088726316], [104.12138896255503, 30.381921224206337], [104.12156862561184, 30.381921224206337], [104.12156862561184, 30.38174156114951], [104.12174828866867, 30.38174156114951], [104.12174828866867, 30.381561898092688], [104.1219279517255, 30.381561898092688], [104.1219279517255, 30.38174156114951], [104.12228727783915, 30.38174156114951], [104.12228727783915, 30.381921224206337], [104.12246694089596, 30.381921224206337], [104.12246694089596, 30.38210088726316], [104.12282626700961, 30.38210088726316], [104.12282626700961, 30.382280550319983], [104.12300593006644, 30.382280550319983], [104.12300593006644, 30.38299920254728], [104.12318559312327, 30.38299920254728], [104.12318559312327, 30.38353819171775], [104.12300593006644, 30.38353819171775], [104.12300593006644, 30.384077180888223], [104.12282626700961, 30.384077180888223], [104.12282626700961, 30.384256843945046], [104.12210761478232, 30.384256843945046], [104.12210761478232, 30.384436507001872], [104.1219279517255, 30.384436507001872]]]}, "properties": {"name": "cand32", "ptype": "hall", "confidence": "low", "rank": 32, "area_ha": 5.5, "rise_db": 11.0, "digitised_from": "Sentinel-1 VV rise 2021->2026, orbit 62"}}, {"type": "Feature", "geometry": {"geodesic": false, "type": "Polygon", "coordinates": [[[104.0543746423597, 30.393419659843065], [104.0543746423597, 30.393239996786242], [104.05419497930288, 30.393239996786242], [104.05419497930288, 30.391982355388475], [104.05401531624607, 30.391982355388475], [104.05401531624607, 30.391443366218002], [104.05383565318924, 30.391443366218002], [104.05383565318924, 30.39090437704753], [104.05401531624607, 30.39090437704753], [104.05401531624607, 30.390545050933884], [104.05419497930288, 30.390545050933884], [104.05419497930288, 30.39036538787706], [104.0543746423597, 30.39036538787706], [104.0543746423597, 30.390006061763412], [104.05473396847336, 30.390006061763412], [104.05473396847336, 30.390185724820235], [104.05509329458701, 30.390185724820235], [104.05509329458701, 30.39036538787706], [104.05545262070065, 30.39036538787706], [104.05545262070065, 30.39090437704753], [104.05527295764382, 30.39090437704753], [104.05527295764382, 30.391443366218002], [104.05545262070065, 30.391443366218002], [104.05545262070065, 30.39180269233165], [104.05599160987113, 30.39180269233165], [104.05599160987113, 30.391623029274825], [104.05617127292794, 30.391623029274825], [104.05617127292794, 30.391443366218002], [104.05635093598477, 30.391443366218002], [104.05635093598477, 30.391982355388475], [104.05617127292794, 30.391982355388475], [104.05617127292794, 30.392162018445298], [104.05599160987113, 30.392162018445298], [104.05599160987113, 30.392341681502124], [104.0558119468143, 30.392341681502124], [104.0558119468143, 30.392521344558947], [104.05545262070065, 30.392521344558947], [104.05545262070065, 30.39270100761577], [104.05491363153018, 30.39270100761577], [104.05491363153018, 30.392880670672593], [104.05473396847336, 30.392880670672593], [104.05473396847336, 30.393239996786242], [104.05455430541653, 30.393239996786242], [104.05455430541653, 30.393419659843065], [104.0543746423597, 30.393419659843065]]]}, "properties": {"name": "cand33", "ptype": "hall", "confidence": "low", "rank": 33, "area_ha": 5.3, "rise_db": 9.4, "digitised_from": "Sentinel-1 VV rise 2021->2026, orbit 62"}}, {"type": "Feature", "geometry": {"geodesic": false, "type": "Polygon", "coordinates": [[[104.0175437157108, 30.45342712082225], [104.0175437157108, 30.45288813165178], [104.01736405265399, 30.45288813165178], [104.01736405265399, 30.451810153310834], [104.01790304182445, 30.451810153310834], [104.01790304182445, 30.452349142481307], [104.01844203099493, 30.452349142481307], [104.01844203099493, 30.452169479424484], [104.01862169405175, 30.452169479424484], [104.01862169405175, 30.451989816367657], [104.01880135710857, 30.451989816367657], [104.01880135710857, 30.45109150108354], [104.01916068322222, 30.45109150108354], [104.01916068322222, 30.45145082719719], [104.01934034627905, 30.45145082719719], [104.01934034627905, 30.45163049025401], [104.01969967239269, 30.45163049025401], [104.01969967239269, 30.45145082719719], [104.02005899850634, 30.45145082719719], [104.02005899850634, 30.451810153310834], [104.02059798767681, 30.451810153310834], [104.02059798767681, 30.451989816367657], [104.02077765073363, 30.451989816367657], [104.02077765073363, 30.452708468594956], [104.02059798767681, 30.452708468594956], [104.02059798767681, 30.45288813165178], [104.02041832462, 30.45288813165178], [104.02041832462, 30.453067794708602], [104.01987933544952, 30.453067794708602], [104.01987933544952, 30.45288813165178], [104.01969967239269, 30.45288813165178], [104.01969967239269, 30.45252880553813], [104.01934034627905, 30.45252880553813], [104.01934034627905, 30.452708468594956], [104.01916068322222, 30.452708468594956], [104.01916068322222, 30.45288813165178], [104.0189810201654, 30.45288813165178], [104.0189810201654, 30.453067794708602], [104.01862169405175, 30.453067794708602], [104.01862169405175, 30.45288813165178], [104.0182623679381, 30.45288813165178], [104.0182623679381, 30.453247457765425], [104.01808270488128, 30.453247457765425], [104.01808270488128, 30.45342712082225], [104.0175437157108, 30.45342712082225]]]}, "properties": {"name": "cand34", "ptype": "hall", "confidence": "low", "rank": 34, "area_ha": 5.1, "rise_db": 9.0, "digitised_from": "Sentinel-1 VV rise 2021->2026, orbit 62"}}, {"type": "Feature", "geometry": {"geodesic": false, "type": "Polygon", "coordinates": [[[104.05886621878031, 30.43959306544681], [104.05886621878031, 30.439413402389984], [104.058147566553, 30.439413402389984], [104.058147566553, 30.43959306544681], [104.05778824043936, 30.43959306544681], [104.05778824043936, 30.439413402389984], [104.05760857738254, 30.439413402389984], [104.05760857738254, 30.43923373933316], [104.05742891432571, 30.43923373933316], [104.05742891432571, 30.438874413219512], [104.05724925126889, 30.438874413219512], [104.05724925126889, 30.43869475016269], [104.05706958821207, 30.43869475016269], [104.05706958821207, 30.438335424049043], [104.05724925126889, 30.438335424049043], [104.05724925126889, 30.438155760992217], [104.05742891432571, 30.438155760992217], [104.05742891432571, 30.43779643487857], [104.05760857738254, 30.43779643487857], [104.05760857738254, 30.437616771821748], [104.05778824043936, 30.437616771821748], [104.05778824043936, 30.43743710876492], [104.05850689266666, 30.43743710876492], [104.05850689266666, 30.437616771821748], [104.05904588183714, 30.437616771821748], [104.05904588183714, 30.43779643487857], [104.0595848710076, 30.43779643487857], [104.0595848710076, 30.438155760992217], [104.05940520795077, 30.438155760992217], [104.05940520795077, 30.438335424049043], [104.05922554489395, 30.438335424049043], [104.05922554489395, 30.43869475016269], [104.0595848710076, 30.43869475016269], [104.0595848710076, 30.438874413219512], [104.05976453406443, 30.438874413219512], [104.05976453406443, 30.43905407627634], [104.0595848710076, 30.43905407627634], [104.0595848710076, 30.43923373933316], [104.05940520795077, 30.43923373933316], [104.05940520795077, 30.439413402389984], [104.05922554489395, 30.439413402389984], [104.05922554489395, 30.43959306544681], [104.05886621878031, 30.43959306544681]]]}, "properties": {"name": "cand35", "ptype": "hall", "confidence": "low", "rank": 35, "area_ha": 5.0, "rise_db": 8.7, "digitised_from": "Sentinel-1 VV rise 2021->2026, orbit 62"}}, {"type": "Feature", "geometry": {"geodesic": false, "type": "Polygon", "coordinates": [[[104.07467656778081, 30.453786446935897], [104.07467656778081, 30.453606783879074], [104.07449690472399, 30.453606783879074], [104.07449690472399, 30.453067794708602], [104.07467656778081, 30.453067794708602], [104.07467656778081, 30.45288813165178], [104.07485623083764, 30.45288813165178], [104.07485623083764, 30.45252880553813], [104.07503589389445, 30.45252880553813], [104.07503589389445, 30.452169479424484], [104.07521555695128, 30.452169479424484], [104.07521555695128, 30.451989816367657], [104.07503589389445, 30.451989816367657], [104.07503589389445, 30.451810153310834], [104.07467656778081, 30.451810153310834], [104.07467656778081, 30.45163049025401], [104.07449690472399, 30.45163049025401], [104.07449690472399, 30.451810153310834], [104.07431724166716, 30.451810153310834], [104.07431724166716, 30.451989816367657], [104.0739579155535, 30.451989816367657], [104.0739579155535, 30.45145082719719], [104.07413757861033, 30.45145082719719], [104.07413757861033, 30.451271164140362], [104.07431724166716, 30.451271164140362], [104.07431724166716, 30.45109150108354], [104.07503589389445, 30.45109150108354], [104.07503589389445, 30.450911838026716], [104.0753952200081, 30.450911838026716], [104.0753952200081, 30.45109150108354], [104.07557488306493, 30.45109150108354], [104.07557488306493, 30.451271164140362], [104.07647319834905, 30.451271164140362], [104.07647319834905, 30.45145082719719], [104.07665286140588, 30.45145082719719], [104.07665286140588, 30.45163049025401], [104.0768325244627, 30.45163049025401], [104.0768325244627, 30.452169479424484], [104.07647319834905, 30.452169479424484], [104.07647319834905, 30.45288813165178], [104.0761138722354, 30.45288813165178], [104.0761138722354, 30.452708468594956], [104.07575454612176, 30.452708468594956], [104.07575454612176, 30.453067794708602], [104.0753952200081, 30.453067794708602], [104.0753952200081, 30.453247457765425], [104.07521555695128, 30.453247457765425], [104.07521555695128, 30.45342712082225], [104.07503589389445, 30.45342712082225], [104.07503589389445, 30.453606783879074], [104.07485623083764, 30.453606783879074], [104.07485623083764, 30.453786446935897], [104.07467656778081, 30.453786446935897]]]}, "properties": {"name": "cand36", "ptype": "hall", "confidence": "low", "rank": 36, "area_ha": 5.0, "rise_db": 7.3, "digitised_from": "Sentinel-1 VV rise 2021->2026, orbit 62"}}, {"type": "Feature", "geometry": {"geodesic": false, "type": "Polygon", "coordinates": [[[104.07180195887163, 30.393778985956715], [104.07180195887163, 30.393599322899888], [104.0716222958148, 30.393599322899888], [104.0716222958148, 30.393419659843065], [104.07144263275798, 30.393419659843065], [104.07144263275798, 30.393239996786242], [104.07126296970115, 30.393239996786242], [104.07126296970115, 30.392880670672593], [104.07108330664433, 30.392880670672593], [104.07108330664433, 30.392341681502124], [104.07090364358751, 30.392341681502124], [104.07090364358751, 30.392162018445298], [104.07072398053069, 30.392162018445298], [104.07072398053069, 30.391443366218002], [104.07090364358751, 30.391443366218002], [104.07090364358751, 30.39126370316118], [104.07126296970115, 30.39126370316118], [104.07126296970115, 30.391443366218002], [104.07216128498527, 30.391443366218002], [104.07216128498527, 30.39126370316118], [104.07323926332622, 30.39126370316118], [104.07323926332622, 30.391443366218002], [104.07341892638304, 30.391443366218002], [104.07341892638304, 30.391623029274825], [104.07359858943987, 30.391623029274825], [104.07359858943987, 30.39180269233165], [104.07341892638304, 30.39180269233165], [104.07341892638304, 30.391982355388475], [104.07270027415575, 30.391982355388475], [104.07270027415575, 30.39180269233165], [104.0723409480421, 30.39180269233165], [104.0723409480421, 30.392341681502124], [104.07305960026939, 30.392341681502124], [104.07305960026939, 30.392521344558947], [104.07323926332622, 30.392521344558947], [104.07323926332622, 30.39270100761577], [104.07305960026939, 30.39270100761577], [104.07305960026939, 30.392880670672593], [104.07287993721258, 30.392880670672593], [104.07287993721258, 30.39270100761577], [104.0723409480421, 30.39270100761577], [104.0723409480421, 30.393419659843065], [104.07216128498527, 30.393419659843065], [104.07216128498527, 30.393599322899888], [104.07198162192844, 30.393599322899888], [104.07198162192844, 30.393778985956715], [104.07180195887163, 30.393778985956715]]]}, "properties": {"name": "cand37", "ptype": "hall", "confidence": "low", "rank": 37, "area_ha": 4.8, "rise_db": 8.7, "digitised_from": "Sentinel-1 VV rise 2021->2026, orbit 62"}}, {"type": "Feature", "geometry": {"geodesic": false, "type": "Polygon", "coordinates": [[[104.11833469058902, 30.3959349426386], [104.11833469058902, 30.395755279581778], [104.11797536447537, 30.395755279581778], [104.11797536447537, 30.39557561652495], [104.11725671224808, 30.39557561652495], [104.11725671224808, 30.395395953468128], [104.11707704919125, 30.395395953468128], [104.11707704919125, 30.395036627354482], [104.11689738613443, 30.395036627354482], [104.11689738613443, 30.394677301240833], [104.11707704919125, 30.394677301240833], [104.11707704919125, 30.39449763818401], [104.11725671224808, 30.39449763818401], [104.11725671224808, 30.394317975127187], [104.11761603836172, 30.394317975127187], [104.11761603836172, 30.39413831207036], [104.11869401670266, 30.39413831207036], [104.11869401670266, 30.393958649013538], [104.11905334281631, 30.393958649013538], [104.11905334281631, 30.39413831207036], [104.11923300587314, 30.39413831207036], [104.11923300587314, 30.394317975127187], [104.11941266892997, 30.394317975127187], [104.11941266892997, 30.394677301240833], [104.1197719950436, 30.394677301240833], [104.1197719950436, 30.395395953468128], [104.11959233198678, 30.395395953468128], [104.11959233198678, 30.39557561652495], [104.11887367975949, 30.39557561652495], [104.11887367975949, 30.395755279581778], [104.11869401670266, 30.395755279581778], [104.11869401670266, 30.3959349426386], [104.11833469058902, 30.3959349426386]], [[104.11959233198678, 30.395036627354482], [104.11941266892997, 30.395036627354482], [104.11941266892997, 30.394856964297656], [104.11959233198678, 30.394856964297656], [104.11959233198678, 30.395036627354482]]]}, "properties": {"name": "cand38", "ptype": "hall", "confidence": "low", "rank": 38, "area_ha": 4.7, "rise_db": 7.9, "digitised_from": "Sentinel-1 VV rise 2021->2026, orbit 62"}}, {"type": "Feature", "geometry": {"geodesic": false, "type": "Polygon", "coordinates": [[[104.04431351117756, 30.434382836798918], [104.04431351117756, 30.43420317374209], [104.04395418506392, 30.43420317374209], [104.04395418506392, 30.434023510685268], [104.0437745220071, 30.434023510685268], [104.0437745220071, 30.433843847628445], [104.04341519589345, 30.433843847628445], [104.04341519589345, 30.434023510685268], [104.0430558697798, 30.434023510685268], [104.0430558697798, 30.433484521514796], [104.04287620672298, 30.433484521514796], [104.04287620672298, 30.433304858457973], [104.0423372175525, 30.433304858457973], [104.0423372175525, 30.43312519540115], [104.04215755449569, 30.43312519540115], [104.04215755449569, 30.432945532344323], [104.04179822838204, 30.432945532344323], [104.04179822838204, 30.4327658692875], [104.04161856532521, 30.4327658692875], [104.04161856532521, 30.432406543173855], [104.04179822838204, 30.432406543173855], [104.04179822838204, 30.432226880117028], [104.04215755449569, 30.432226880117028], [104.04215755449569, 30.432047217060205], [104.0423372175525, 30.432047217060205], [104.0423372175525, 30.431867554003382], [104.04251688060933, 30.431867554003382], [104.04251688060933, 30.431687890946556], [104.04287620672298, 30.431687890946556], [104.04287620672298, 30.431867554003382], [104.04323553283663, 30.431867554003382], [104.04323553283663, 30.432047217060205], [104.04359485895027, 30.432047217060205], [104.04359485895027, 30.432226880117028], [104.04395418506392, 30.432226880117028], [104.04395418506392, 30.432586206230678], [104.0437745220071, 30.432586206230678], [104.0437745220071, 30.43312519540115], [104.04395418506392, 30.43312519540115], [104.04395418506392, 30.433664184571622], [104.04467283729122, 30.433664184571622], [104.04467283729122, 30.433843847628445], [104.04485250034804, 30.433843847628445], [104.04485250034804, 30.43420317374209], [104.04467283729122, 30.43420317374209], [104.04467283729122, 30.434382836798918], [104.04431351117756, 30.434382836798918]], [[104.04287620672298, 30.432406543173855], [104.04251688060933, 30.432406543173855], [104.04251688060933, 30.432226880117028], [104.04287620672298, 30.432226880117028], [104.04287620672298, 30.432406543173855]]]}, "properties": {"name": "cand39", "ptype": "hall", "confidence": "low", "rank": 39, "area_ha": 4.6, "rise_db": 7.5, "digitised_from": "Sentinel-1 VV rise 2021->2026, orbit 62"}}, {"type": "Feature", "geometry": {"geodesic": false, "type": "Polygon", "coordinates": [[[104.0843783728493, 30.436179467367154], [104.0843783728493, 30.43599980431033], [104.08419870979247, 30.43599980431033], [104.08419870979247, 30.435820141253508], [104.0843783728493, 30.435820141253508], [104.0843783728493, 30.43546081513986], [104.08383938367882, 30.43546081513986], [104.08383938367882, 30.435281152083036], [104.08365972062201, 30.435281152083036], [104.08365972062201, 30.435101489026213], [104.08348005756518, 30.435101489026213], [104.08348005756518, 30.434742162912563], [104.08365972062201, 30.434742162912563], [104.08365972062201, 30.43420317374209], [104.0829410683947, 30.43420317374209], [104.0829410683947, 30.434023510685268], [104.08276140533789, 30.434023510685268], [104.08276140533789, 30.433843847628445], [104.0829410683947, 30.433843847628445], [104.0829410683947, 30.43312519540115], [104.08330039450836, 30.43312519540115], [104.08330039450836, 30.432945532344323], [104.08365972062201, 30.432945532344323], [104.08365972062201, 30.43312519540115], [104.08383938367882, 30.43312519540115], [104.08383938367882, 30.433304858457973], [104.08401904673565, 30.433304858457973], [104.08401904673565, 30.433484521514796], [104.08419870979247, 30.433484521514796], [104.08419870979247, 30.433843847628445], [104.0843783728493, 30.433843847628445], [104.0843783728493, 30.434023510685268], [104.08473769896295, 30.434023510685268], [104.08473769896295, 30.43420317374209], [104.08509702507659, 30.43420317374209], [104.08509702507659, 30.434382836798918], [104.08527668813342, 30.434382836798918], [104.08527668813342, 30.43456249985574], [104.08509702507659, 30.43456249985574], [104.08509702507659, 30.434742162912563], [104.08455803590613, 30.434742162912563], [104.08455803590613, 30.43546081513986], [104.08491736201977, 30.43546081513986], [104.08491736201977, 30.435281152083036], [104.08509702507659, 30.435281152083036], [104.08509702507659, 30.435101489026213], [104.08527668813342, 30.435101489026213], [104.08527668813342, 30.435281152083036], [104.08545635119025, 30.435281152083036], [104.08545635119025, 30.435640478196685], [104.08527668813342, 30.435640478196685], [104.08527668813342, 30.435820141253508], [104.08491736201977, 30.435820141253508], [104.08491736201977, 30.43599980431033], [104.08455803590613, 30.43599980431033], [104.08455803590613, 30.436179467367154], [104.0843783728493, 30.436179467367154]]]}, "properties": {"name": "cand40", "ptype": "hall", "confidence": "low", "rank": 40, "area_ha": 4.5, "rise_db": 9.4, "digitised_from": "Sentinel-1 VV rise 2021->2026, orbit 62"}}, {"type": "Feature", "geometry": {"geodesic": false, "type": "Polygon", "coordinates": [[[104.05688992515525, 30.420189455309828], [104.05688992515525, 30.420009792253005], [104.0565305990416, 30.420009792253005], [104.0565305990416, 30.420189455309828], [104.05617127292794, 30.420189455309828], [104.05617127292794, 30.420009792253005], [104.05599160987113, 30.420009792253005], [104.05599160987113, 30.419111476968883], [104.0558119468143, 30.419111476968883], [104.0558119468143, 30.418752150855237], [104.05563228375748, 30.418752150855237], [104.05563228375748, 30.418572487798414], [104.0558119468143, 30.418572487798414], [104.0558119468143, 30.418392824741588], [104.05599160987113, 30.418392824741588], [104.05599160987113, 30.418213161684765], [104.05706958821207, 30.418213161684765], [104.05706958821207, 30.418033498627942], [104.05724925126889, 30.418033498627942], [104.05724925126889, 30.418213161684765], [104.05760857738254, 30.418213161684765], [104.05760857738254, 30.418572487798414], [104.05778824043936, 30.418572487798414], [104.05778824043936, 30.41983012919618], [104.05760857738254, 30.41983012919618], [104.05760857738254, 30.420189455309828], [104.05688992515525, 30.420189455309828]]]}, "properties": {"name": "cand41", "ptype": "hall", "confidence": "low", "rank": 41, "area_ha": 4.4, "rise_db": 10.4, "digitised_from": "Sentinel-1 VV rise 2021->2026, orbit 62"}}, {"type": "Feature", "geometry": {"geodesic": false, "type": "Polygon", "coordinates": [[[104.08617500341754, 30.41156562858228], [104.08617500341754, 30.411385965525458], [104.08581567730388, 30.411385965525458], [104.08581567730388, 30.41120630246863], [104.08509702507659, 30.41120630246863], [104.08509702507659, 30.411385965525458], [104.08491736201977, 30.411385965525458], [104.08491736201977, 30.41120630246863], [104.08473769896295, 30.41120630246863], [104.08473769896295, 30.41066731329816], [104.08455803590613, 30.41066731329816], [104.08455803590613, 30.410307987184513], [104.08491736201977, 30.410307987184513], [104.08491736201977, 30.409948661070864], [104.08509702507659, 30.409948661070864], [104.08509702507659, 30.40976899801404], [104.08527668813342, 30.40976899801404], [104.08527668813342, 30.409589334957218], [104.08545635119025, 30.409589334957218], [104.08545635119025, 30.40976899801404], [104.08581567730388, 30.40976899801404], [104.08581567730388, 30.409589334957218], [104.08617500341754, 30.409589334957218], [104.08617500341754, 30.40976899801404], [104.08635466647436, 30.40976899801404], [104.08635466647436, 30.409948661070864], [104.08617500341754, 30.409948661070864], [104.08617500341754, 30.410307987184513], [104.08599534036071, 30.410307987184513], [104.08599534036071, 30.410846976354986], [104.08635466647436, 30.410846976354986], [104.08635466647436, 30.41102663941181], [104.08653432953119, 30.41102663941181], [104.08653432953119, 30.410846976354986], [104.08671399258802, 30.410846976354986], [104.08671399258802, 30.41066731329816], [104.08689365564483, 30.41066731329816], [104.08689365564483, 30.409948661070864], [104.08725298175848, 30.409948661070864], [104.08725298175848, 30.41012832412769], [104.08743264481531, 30.41012832412769], [104.08743264481531, 30.41066731329816], [104.08725298175848, 30.41066731329816], [104.08725298175848, 30.410846976354986], [104.08743264481531, 30.410846976354986], [104.08743264481531, 30.411385965525458], [104.08725298175848, 30.411385965525458], [104.08725298175848, 30.41156562858228], [104.08617500341754, 30.41156562858228]]]}, "properties": {"name": "cand42", "ptype": "hall", "confidence": "low", "rank": 42, "area_ha": 4.2, "rise_db": 7.3, "digitised_from": "Sentinel-1 VV rise 2021->2026, orbit 62"}}, {"type": "Feature", "geometry": {"geodesic": false, "type": "Polygon", "coordinates": [[[104.11150749442972, 30.407253715218506], [104.11150749442972, 30.407074052161683], [104.11024985303195, 30.407074052161683], [104.11024985303195, 30.40689438910486], [104.10989052691829, 30.40689438910486], [104.10989052691829, 30.406714726048033], [104.10971086386147, 30.406714726048033], [104.10971086386147, 30.406355399934387], [104.10989052691829, 30.406355399934387], [104.10989052691829, 30.405996073820738], [104.10971086386147, 30.405996073820738], [104.10971086386147, 30.405636747707092], [104.11024985303195, 30.405636747707092], [104.11024985303195, 30.40545708465027], [104.11060917914558, 30.40545708465027], [104.11060917914558, 30.405277421593443], [104.11078884220241, 30.405277421593443], [104.11078884220241, 30.40545708465027], [104.11168715748653, 30.40545708465027], [104.11168715748653, 30.405636747707092], [104.11186682054336, 30.405636747707092], [104.11186682054336, 30.405996073820738], [104.11204648360018, 30.405996073820738], [104.11204648360018, 30.40653506299121], [104.11186682054336, 30.40653506299121], [104.11186682054336, 30.406714726048033], [104.11168715748653, 30.406714726048033], [104.11168715748653, 30.407253715218506], [104.11150749442972, 30.407253715218506]]]}, "properties": {"name": "cand43", "ptype": "hall", "confidence": "low", "rank": 43, "area_ha": 4.0, "rise_db": 12.7, "digitised_from": "Sentinel-1 VV rise 2021->2026, orbit 62"}}, {"type": "Feature", "geometry": {"geodesic": false, "type": "Polygon", "coordinates": [[[104.05527295764382, 30.410846976354986], [104.05527295764382, 30.41066731329816], [104.05545262070065, 30.41066731329816], [104.05545262070065, 30.410307987184513], [104.05563228375748, 30.410307987184513], [104.05563228375748, 30.41012832412769], [104.05545262070065, 30.41012832412769], [104.05545262070065, 30.409948661070864], [104.05491363153018, 30.409948661070864], [104.05491363153018, 30.40976899801404], [104.05473396847336, 30.40976899801404], [104.05473396847336, 30.409589334957218], [104.05491363153018, 30.409589334957218], [104.05491363153018, 30.40923000884357], [104.05527295764382, 30.40923000884357], [104.05527295764382, 30.409050345786746], [104.05563228375748, 30.409050345786746], [104.05563228375748, 30.408691019673096], [104.05545262070065, 30.408691019673096], [104.05545262070065, 30.408511356616273], [104.05527295764382, 30.408511356616273], [104.05527295764382, 30.408691019673096], [104.05509329458701, 30.408691019673096], [104.05509329458701, 30.409050345786746], [104.05491363153018, 30.409050345786746], [104.05491363153018, 30.408870682729923], [104.05473396847336, 30.408870682729923], [104.05473396847336, 30.4079723674458], [104.05455430541653, 30.4079723674458], [104.05455430541653, 30.407792704388978], [104.05509329458701, 30.407792704388978], [104.05509329458701, 30.408152030502627], [104.05527295764382, 30.408152030502627], [104.05527295764382, 30.407613041332155], [104.05563228375748, 30.407613041332155], [104.05563228375748, 30.407792704388978], [104.05599160987113, 30.407792704388978], [104.05599160987113, 30.4079723674458], [104.05617127292794, 30.4079723674458], [104.05617127292794, 30.408152030502627], [104.0565305990416, 30.408152030502627], [104.0565305990416, 30.40833169355945], [104.05671026209842, 30.40833169355945], [104.05671026209842, 30.408691019673096], [104.0565305990416, 30.408691019673096], [104.0565305990416, 30.408870682729923], [104.05635093598477, 30.408870682729923], [104.05635093598477, 30.409050345786746], [104.05617127292794, 30.409050345786746], [104.05617127292794, 30.40923000884357], [104.05599160987113, 30.40923000884357], [104.05599160987113, 30.409409671900395], [104.05617127292794, 30.409409671900395], [104.05617127292794, 30.409948661070864], [104.05599160987113, 30.409948661070864], [104.05599160987113, 30.410307987184513], [104.0558119468143, 30.410307987184513], [104.0558119468143, 30.41066731329816], [104.05545262070065, 30.41066731329816], [104.05545262070065, 30.410846976354986], [104.05527295764382, 30.410846976354986]], [[104.0558119468143, 30.409589334957218], [104.05545262070065, 30.409589334957218], [104.05545262070065, 30.40923000884357], [104.05563228375748, 30.40923000884357], [104.05563228375748, 30.409409671900395], [104.0558119468143, 30.409409671900395], [104.0558119468143, 30.409589334957218]]]}, "properties": {"name": "cand44", "ptype": "hall", "confidence": "low", "rank": 44, "area_ha": 4.0, "rise_db": 6.9, "digitised_from": "Sentinel-1 VV rise 2021->2026, orbit 62"}}, {"type": "Feature", "geometry": {"geodesic": false, "type": "Polygon", "coordinates": [[[104.1077345702364, 30.424142042559954], [104.1077345702364, 30.423782716446304], [104.10791423329323, 30.423782716446304], [104.10791423329323, 30.42342339033266], [104.10719558106594, 30.42342339033266], [104.10719558106594, 30.423243727275835], [104.10701591800911, 30.423243727275835], [104.10701591800911, 30.42306406421901], [104.10683625495228, 30.42306406421901], [104.10683625495228, 30.422884401162186], [104.10665659189546, 30.422884401162186], [104.10665659189546, 30.422345411991714], [104.10683625495228, 30.422345411991714], [104.10683625495228, 30.421986085878068], [104.10701591800911, 30.421986085878068], [104.10701591800911, 30.42162675976442], [104.1077345702364, 30.42162675976442], [104.1077345702364, 30.42180642282124], [104.10827355940688, 30.42180642282124], [104.10827355940688, 30.421986085878068], [104.10845322246371, 30.421986085878068], [104.10845322246371, 30.422345411991714], [104.10863288552052, 30.422345411991714], [104.10863288552052, 30.42252507504854], [104.10899221163417, 30.42252507504854], [104.10899221163417, 30.422704738105363], [104.109171874691, 30.422704738105363], [104.109171874691, 30.422884401162186], [104.10899221163417, 30.422884401162186], [104.10899221163417, 30.42306406421901], [104.10881254857735, 30.42306406421901], [104.10881254857735, 30.423243727275835], [104.10863288552052, 30.423243727275835], [104.10863288552052, 30.42360305338948], [104.10845322246371, 30.42360305338948], [104.10845322246371, 30.423782716446304], [104.10827355940688, 30.423782716446304], [104.10827355940688, 30.424142042559954], [104.1077345702364, 30.424142042559954]], [[104.10809389635006, 30.42306406421901], [104.1077345702364, 30.42306406421901], [104.1077345702364, 30.422884401162186], [104.10755490717959, 30.422884401162186], [104.10755490717959, 30.422704738105363], [104.10737524412276, 30.422704738105363], [104.10737524412276, 30.422345411991714], [104.10791423329323, 30.422345411991714], [104.10791423329323, 30.42252507504854], [104.10809389635006, 30.42252507504854], [104.10809389635006, 30.42306406421901]]]}, "properties": {"name": "cand45", "ptype": "hall", "confidence": "low", "rank": 45, "area_ha": 3.9, "rise_db": 7.9, "digitised_from": "Sentinel-1 VV rise 2021->2026, orbit 62"}}, {"type": "Feature", "geometry": {"geodesic": false, "type": "Polygon", "coordinates": [[[104.04808643537088, 30.431148901776087], [104.04808643537088, 30.43096923871926], [104.04790677231405, 30.43096923871926], [104.04790677231405, 30.430609912605615], [104.04808643537088, 30.430609912605615], [104.04808643537088, 30.42989126037832], [104.04790677231405, 30.42989126037832], [104.04790677231405, 30.429711597321493], [104.0475474462004, 30.429711597321493], [104.0475474462004, 30.428992945094198], [104.0468287939731, 30.428992945094198], [104.0468287939731, 30.429172608151024], [104.04664913091628, 30.429172608151024], [104.04664913091628, 30.429352271207847], [104.04646946785945, 30.429352271207847], [104.04646946785945, 30.42953193426467], [104.04611014174581, 30.42953193426467], [104.04611014174581, 30.429172608151024], [104.04593047868899, 30.429172608151024], [104.04593047868899, 30.42863361898055], [104.04575081563216, 30.42863361898055], [104.04575081563216, 30.42845395592373], [104.04593047868899, 30.42845395592373], [104.04593047868899, 30.428274292866902], [104.04646946785945, 30.428274292866902], [104.04646946785945, 30.42845395592373], [104.0475474462004, 30.42845395592373], [104.0475474462004, 30.42863361898055], [104.04790677231405, 30.42863361898055], [104.04790677231405, 30.428813282037375], [104.04826609842769, 30.428813282037375], [104.04826609842769, 30.428992945094198], [104.04844576148452, 30.428992945094198], [104.04844576148452, 30.429711597321493], [104.04862542454134, 30.429711597321493], [104.04862542454134, 30.42989126037832], [104.04880508759817, 30.42989126037832], [104.04880508759817, 30.430250586491965], [104.04862542454134, 30.430250586491965], [104.04862542454134, 30.431148901776087], [104.04808643537088, 30.431148901776087]]]}, "properties": {"name": "cand46", "ptype": "hall", "confidence": "low", "rank": 46, "area_ha": 3.8, "rise_db": 8.0, "digitised_from": "Sentinel-1 VV rise 2021->2026, orbit 62"}}, {"type": "Feature", "geometry": {"geodesic": false, "type": "Polygon", "coordinates": [[[104.05185935956418, 30.391443366218002], [104.05185935956418, 30.39126370316118], [104.05167969650735, 30.39126370316118], [104.05167969650735, 30.39090437704753], [104.05096104428006, 30.39090437704753], [104.05096104428006, 30.390545050933884], [104.05078138122323, 30.390545050933884], [104.05078138122323, 30.39036538787706], [104.0506017181664, 30.39036538787706], [104.0506017181664, 30.390185724820235], [104.05078138122323, 30.390185724820235], [104.05078138122323, 30.390006061763412], [104.05150003345052, 30.390006061763412], [104.05150003345052, 30.38946707259294], [104.05185935956418, 30.38946707259294], [104.05185935956418, 30.389287409536117], [104.05167969650735, 30.389287409536117], [104.05167969650735, 30.388748420365644], [104.05150003345052, 30.388748420365644], [104.05150003345052, 30.388389094252], [104.0513203703937, 30.388389094252], [104.0513203703937, 30.38802976813835], [104.05167969650735, 30.38802976813835], [104.05167969650735, 30.388209431195172], [104.05185935956418, 30.388209431195172], [104.05185935956418, 30.388389094252], [104.052039022621, 30.388389094252], [104.052039022621, 30.389107746479294], [104.05221868567781, 30.389107746479294], [104.05221868567781, 30.389646735649762], [104.05239834873464, 30.389646735649762], [104.05239834873464, 30.390006061763412], [104.05257801179147, 30.390006061763412], [104.05257801179147, 30.391084040104356], [104.05239834873464, 30.391084040104356], [104.05239834873464, 30.39126370316118], [104.05221868567781, 30.39126370316118], [104.05221868567781, 30.391443366218002], [104.05185935956418, 30.391443366218002]]]}, "properties": {"name": "cand47", "ptype": "hall", "confidence": "low", "rank": 47, "area_ha": 3.8, "rise_db": 7.9, "digitised_from": "Sentinel-1 VV rise 2021->2026, orbit 62"}}, {"type": "Feature", "geometry": {"geodesic": false, "type": "Polygon", "coordinates": [[[104.07485623083764, 30.378327963069857], [104.07485623083764, 30.377788973899385], [104.07503589389445, 30.377788973899385], [104.07503589389445, 30.377609310842562], [104.0753952200081, 30.377609310842562], [104.0753952200081, 30.37742964778574], [104.07521555695128, 30.37742964778574], [104.07521555695128, 30.377249984728916], [104.07503589389445, 30.377249984728916], [104.07503589389445, 30.37707032167209], [104.0753952200081, 30.37707032167209], [104.0753952200081, 30.376890658615267], [104.07557488306493, 30.376890658615267], [104.07557488306493, 30.376710995558444], [104.07503589389445, 30.376710995558444], [104.07503589389445, 30.376351669444794], [104.07521555695128, 30.376351669444794], [104.07521555695128, 30.37599234333115], [104.07485623083764, 30.37599234333115], [104.07485623083764, 30.375812680274322], [104.07467656778081, 30.375812680274322], [104.07467656778081, 30.3756330172175], [104.07485623083764, 30.3756330172175], [104.07485623083764, 30.375453354160676], [104.07467656778081, 30.375453354160676], [104.07467656778081, 30.375094028047027], [104.07449690472399, 30.375094028047027], [104.07449690472399, 30.37473470193338], [104.07467656778081, 30.37473470193338], [104.07467656778081, 30.374555038876554], [104.07503589389445, 30.374555038876554], [104.07503589389445, 30.37473470193338], [104.0753952200081, 30.37473470193338], [104.0753952200081, 30.374914364990204], [104.07557488306493, 30.374914364990204], [104.07557488306493, 30.375273691103853], [104.0753952200081, 30.375273691103853], [104.0753952200081, 30.375453354160676], [104.07521555695128, 30.375453354160676], [104.07521555695128, 30.375812680274322], [104.0753952200081, 30.375812680274322], [104.0753952200081, 30.3756330172175], [104.07593420917857, 30.3756330172175], [104.07593420917857, 30.377788973899385], [104.0761138722354, 30.377788973899385], [104.0761138722354, 30.378148300013034], [104.07557488306493, 30.378148300013034], [104.07557488306493, 30.37796863695621], [104.0753952200081, 30.37796863695621], [104.0753952200081, 30.378148300013034], [104.07521555695128, 30.378148300013034], [104.07521555695128, 30.378327963069857], [104.07485623083764, 30.378327963069857]]]}, "properties": {"name": "cand48", "ptype": "hall", "confidence": "low", "rank": 48, "area_ha": 3.6, "rise_db": 6.4, "digitised_from": "Sentinel-1 VV rise 2021->2026, orbit 62"}}, {"type": "Feature", "geometry": {"geodesic": false, "type": "Polygon", "coordinates": [[[104.0813241008833, 30.429172608151024], [104.0813241008833, 30.428992945094198], [104.08114443782647, 30.428992945094198], [104.08114443782647, 30.428813282037375], [104.080605448656, 30.428813282037375], [104.080605448656, 30.42845395592373], [104.08078511171283, 30.42845395592373], [104.08078511171283, 30.428274292866902], [104.08096477476964, 30.428274292866902], [104.08096477476964, 30.42719631452596], [104.0813241008833, 30.42719631452596], [104.0813241008833, 30.427375977582784], [104.08204275311058, 30.427375977582784], [104.08204275311058, 30.427555640639607], [104.08222241616741, 30.427555640639607], [104.08222241616741, 30.42773530369643], [104.08258174228106, 30.42773530369643], [104.08258174228106, 30.427914966753256], [104.08312073145153, 30.427914966753256], [104.08312073145153, 30.42809462981008], [104.08330039450836, 30.42809462981008], [104.08330039450836, 30.428274292866902], [104.08312073145153, 30.428274292866902], [104.08312073145153, 30.42845395592373], [104.0829410683947, 30.42845395592373], [104.0829410683947, 30.42863361898055], [104.08240207922424, 30.42863361898055], [104.08240207922424, 30.42845395592373], [104.08204275311058, 30.42845395592373], [104.08204275311058, 30.42863361898055], [104.08186309005376, 30.42863361898055], [104.08186309005376, 30.428813282037375], [104.08168342699695, 30.428813282037375], [104.08168342699695, 30.428992945094198], [104.08150376394012, 30.428992945094198], [104.08150376394012, 30.429172608151024], [104.0813241008833, 30.429172608151024]]]}, "properties": {"name": "cand49", "ptype": "hall", "confidence": "low", "rank": 49, "area_ha": 3.4, "rise_db": 8.8, "digitised_from": "Sentinel-1 VV rise 2021->2026, orbit 62"}}, {"type": "Feature", "geometry": {"geodesic": false, "type": "Polygon", "coordinates": [[[104.08797163398577, 30.392341681502124], [104.08797163398577, 30.392162018445298], [104.08779197092895, 30.392162018445298], [104.08779197092895, 30.39180269233165], [104.08761230787213, 30.39180269233165], [104.08761230787213, 30.391084040104356], [104.08725298175848, 30.391084040104356], [104.08725298175848, 30.39090437704753], [104.08707331870166, 30.39090437704753], [104.08707331870166, 30.390724713990707], [104.08689365564483, 30.390724713990707], [104.08689365564483, 30.390545050933884], [104.08707331870166, 30.390545050933884], [104.08707331870166, 30.39036538787706], [104.08725298175848, 30.39036538787706], [104.08725298175848, 30.390185724820235], [104.08797163398577, 30.390185724820235], [104.08797163398577, 30.38982639870659], [104.08779197092895, 30.38982639870659], [104.08779197092895, 30.389646735649762], [104.08797163398577, 30.389646735649762], [104.08797163398577, 30.38946707259294], [104.08904961232672, 30.38946707259294], [104.08904961232672, 30.389646735649762], [104.08922927538354, 30.389646735649762], [104.08922927538354, 30.38982639870659], [104.08904961232672, 30.38982639870659], [104.08904961232672, 30.390006061763412], [104.08869028621308, 30.390006061763412], [104.08869028621308, 30.390724713990707], [104.0881512970426, 30.390724713990707], [104.0881512970426, 30.39090437704753], [104.08797163398577, 30.39090437704753], [104.08797163398577, 30.39126370316118], [104.0881512970426, 30.39126370316118], [104.0881512970426, 30.39180269233165], [104.08833096009943, 30.39180269233165], [104.08833096009943, 30.391982355388475], [104.08851062315625, 30.391982355388475], [104.08851062315625, 30.392162018445298], [104.08833096009943, 30.392162018445298], [104.08833096009943, 30.392341681502124], [104.08797163398577, 30.392341681502124]]]}, "properties": {"name": "cand50", "ptype": "hall", "confidence": "low", "rank": 50, "area_ha": 3.2, "rise_db": 8.4, "digitised_from": "Sentinel-1 VV rise 2021->2026, orbit 62"}}, {"type": "Feature", "geometry": {"geodesic": false, "type": "Polygon", "coordinates": [[[104.0791681442014, 30.43869475016269], [104.0791681442014, 30.438335424049043], [104.07952747031506, 30.438335424049043], [104.07952747031506, 30.438155760992217], [104.08024612254235, 30.438155760992217], [104.08024612254235, 30.437976097935394], [104.08150376394012, 30.437976097935394], [104.08150376394012, 30.43779643487857], [104.08276140533789, 30.43779643487857], [104.08276140533789, 30.437616771821748], [104.0829410683947, 30.437616771821748], [104.0829410683947, 30.43779643487857], [104.08312073145153, 30.43779643487857], [104.08312073145153, 30.437616771821748], [104.08330039450836, 30.437616771821748], [104.08330039450836, 30.4372574457081], [104.08348005756518, 30.4372574457081], [104.08348005756518, 30.437077782651276], [104.08365972062201, 30.437077782651276], [104.08365972062201, 30.43689811959445], [104.08401904673565, 30.43689811959445], [104.08401904673565, 30.437616771821748], [104.08383938367882, 30.437616771821748], [104.08383938367882, 30.43779643487857], [104.08365972062201, 30.43779643487857], [104.08365972062201, 30.437976097935394], [104.08348005756518, 30.437976097935394], [104.08348005756518, 30.43779643487857], [104.08330039450836, 30.43779643487857], [104.08330039450836, 30.437976097935394], [104.0829410683947, 30.437976097935394], [104.0829410683947, 30.438155760992217], [104.08222241616741, 30.438155760992217], [104.08222241616741, 30.438335424049043], [104.08150376394012, 30.438335424049043], [104.08150376394012, 30.438515087105866], [104.08006645948552, 30.438515087105866], [104.08006645948552, 30.43869475016269], [104.0791681442014, 30.43869475016269]]]}, "properties": {"name": "cand51", "ptype": "hall", "confidence": "low", "rank": 51, "area_ha": 3.1, "rise_db": 8.5, "digitised_from": "Sentinel-1 VV rise 2021->2026, orbit 62"}}, {"type": "Feature", "geometry": {"geodesic": false, "type": "Polygon", "coordinates": [[[104.09318186263367, 30.444264304924232], [104.09318186263367, 30.444084641867406], [104.0933615256905, 30.444084641867406], [104.0933615256905, 30.44372531575376], [104.09318186263367, 30.44372531575376], [104.09318186263367, 30.442647337412815], [104.09246321040638, 30.442647337412815], [104.09246321040638, 30.442467674355992], [104.09228354734955, 30.442467674355992], [104.09228354734955, 30.44192868518552], [104.09246321040638, 30.44192868518552], [104.09246321040638, 30.441749022128697], [104.09228354734955, 30.441749022128697], [104.09228354734955, 30.441210032958224], [104.09246321040638, 30.441210032958224], [104.09246321040638, 30.4410303699014], [104.0926428734632, 30.4410303699014], [104.0926428734632, 30.441210032958224], [104.09246321040638, 30.441210032958224], [104.09246321040638, 30.441569359071874], [104.0926428734632, 30.441569359071874], [104.0926428734632, 30.441749022128697], [104.09300219957684, 30.441749022128697], [104.09300219957684, 30.44192868518552], [104.09318186263367, 30.44192868518552], [104.09318186263367, 30.441749022128697], [104.0933615256905, 30.441749022128697], [104.0933615256905, 30.441389696015047], [104.09318186263367, 30.441389696015047], [104.09318186263367, 30.441210032958224], [104.09372085180415, 30.441210032958224], [104.09372085180415, 30.441749022128697], [104.09390051486096, 30.441749022128697], [104.09390051486096, 30.442467674355992], [104.09372085180415, 30.442467674355992], [104.09372085180415, 30.442827000469638], [104.09354118874732, 30.442827000469638], [104.09354118874732, 30.443006663526464], [104.09372085180415, 30.443006663526464], [104.09372085180415, 30.444264304924232], [104.09318186263367, 30.444264304924232]]]}, "properties": {"name": "cand52", "ptype": "hall", "confidence": "low", "rank": 52, "area_ha": 3.1, "rise_db": 6.5, "digitised_from": "Sentinel-1 VV rise 2021->2026, orbit 62"}}, {"type": "Feature", "geometry": {"geodesic": false, "type": "Polygon", "coordinates": [[[104.10324299381581, 30.452708468594956], [104.10324299381581, 30.45252880553813], [104.10306333075899, 30.45252880553813], [104.10306333075899, 30.452349142481307], [104.10324299381581, 30.452349142481307], [104.10324299381581, 30.451989816367657], [104.10306333075899, 30.451989816367657], [104.10306333075899, 30.452169479424484], [104.10270400464533, 30.452169479424484], [104.10270400464533, 30.451989816367657], [104.10288366770216, 30.451989816367657], [104.10288366770216, 30.451810153310834], [104.10306333075899, 30.451810153310834], [104.10306333075899, 30.45163049025401], [104.10324299381581, 30.45163049025401], [104.10324299381581, 30.45145082719719], [104.10342265687264, 30.45145082719719], [104.10342265687264, 30.451271164140362], [104.1039616460431, 30.451271164140362], [104.1039616460431, 30.45145082719719], [104.10414130909993, 30.45145082719719], [104.10414130909993, 30.45109150108354], [104.10432097215676, 30.45109150108354], [104.10432097215676, 30.450911838026716], [104.10450063521358, 30.450911838026716], [104.10450063521358, 30.45109150108354], [104.10485996132722, 30.45109150108354], [104.10485996132722, 30.451271164140362], [104.1046802982704, 30.451271164140362], [104.1046802982704, 30.45145082719719], [104.10521928744087, 30.45145082719719], [104.10521928744087, 30.451271164140362], [104.1053989504977, 30.451271164140362], [104.1053989504977, 30.45109150108354], [104.10503962438405, 30.45109150108354], [104.10503962438405, 30.450732174969893], [104.10521928744087, 30.450732174969893], [104.10521928744087, 30.450552511913067], [104.10557861355453, 30.450552511913067], [104.10557861355453, 30.450911838026716], [104.10575827661134, 30.450911838026716], [104.10575827661134, 30.451271164140362], [104.10629726578182, 30.451271164140362], [104.10629726578182, 30.45145082719719], [104.10611760272499, 30.45145082719719], [104.10611760272499, 30.45163049025401], [104.10575827661134, 30.45163049025401], [104.10575827661134, 30.45145082719719], [104.10557861355453, 30.45145082719719], [104.10557861355453, 30.45163049025401], [104.1053989504977, 30.45163049025401], [104.1053989504977, 30.451810153310834], [104.10485996132722, 30.451810153310834], [104.10485996132722, 30.451989816367657], [104.10450063521358, 30.451989816367657], [104.10450063521358, 30.451810153310834], [104.1039616460431, 30.451810153310834], [104.1039616460431, 30.451989816367657], [104.10378198298628, 30.451989816367657], [104.10378198298628, 30.452349142481307], [104.10360231992946, 30.452349142481307], [104.10360231992946, 30.45252880553813], [104.10342265687264, 30.45252880553813], [104.10342265687264, 30.452708468594956], [104.10324299381581, 30.452708468594956]], [[104.10378198298628, 30.451989816367657], [104.10360231992946, 30.451989816367657], [104.10360231992946, 30.451810153310834], [104.10378198298628, 30.451810153310834], [104.10378198298628, 30.451989816367657]]]}, "properties": {"name": "cand53", "ptype": "hall", "confidence": "low", "rank": 53, "area_ha": 3.0, "rise_db": 6.7, "digitised_from": "Sentinel-1 VV rise 2021->2026, orbit 62"}}, {"type": "Feature", "geometry": {"geodesic": false, "type": "Polygon", "coordinates": [[[104.05347632707559, 30.396473931809073], [104.05347632707559, 30.39629426875225], [104.05329666401876, 30.39629426875225], [104.05329666401876, 30.396114605695423], [104.05293733790512, 30.396114605695423], [104.05293733790512, 30.39629426875225], [104.0527576748483, 30.39629426875225], [104.0527576748483, 30.396114605695423], [104.05257801179147, 30.396114605695423], [104.05257801179147, 30.395395953468128], [104.0527576748483, 30.395395953468128], [104.0527576748483, 30.395216290411305], [104.05257801179147, 30.395216290411305], [104.05257801179147, 30.39449763818401], [104.0527576748483, 30.39449763818401], [104.0527576748483, 30.394317975127187], [104.05257801179147, 30.394317975127187], [104.05257801179147, 30.39413831207036], [104.05239834873464, 30.39413831207036], [104.05239834873464, 30.393778985956715], [104.05221868567781, 30.393778985956715], [104.05221868567781, 30.39270100761577], [104.05257801179147, 30.39270100761577], [104.05257801179147, 30.393599322899888], [104.0527576748483, 30.393599322899888], [104.0527576748483, 30.39413831207036], [104.05293733790512, 30.39413831207036], [104.05293733790512, 30.394677301240833], [104.0527576748483, 30.394677301240833], [104.0527576748483, 30.394856964297656], [104.05329666401876, 30.394856964297656], [104.05329666401876, 30.394677301240833], [104.05365599013241, 30.394677301240833], [104.05365599013241, 30.39629426875225], [104.05383565318924, 30.39629426875225], [104.05383565318924, 30.396473931809073], [104.05347632707559, 30.396473931809073]]]}, "properties": {"name": "cand54", "ptype": "hall", "confidence": "low", "rank": 54, "area_ha": 2.8, "rise_db": 6.9, "digitised_from": "Sentinel-1 VV rise 2021->2026, orbit 62"}}, {"type": "Feature", "geometry": {"geodesic": false, "type": "Polygon", "coordinates": [[[104.05293733790512, 30.38299920254728], [104.05293733790512, 30.382819539490455], [104.0527576748483, 30.382819539490455], [104.0527576748483, 30.382460213376806], [104.05293733790512, 30.382460213376806], [104.05293733790512, 30.382280550319983], [104.0527576748483, 30.382280550319983], [104.0527576748483, 30.38210088726316], [104.05257801179147, 30.38210088726316], [104.05257801179147, 30.381921224206337], [104.052039022621, 30.381921224206337], [104.052039022621, 30.382280550319983], [104.05185935956418, 30.382280550319983], [104.05185935956418, 30.382460213376806], [104.05167969650735, 30.382460213376806], [104.05167969650735, 30.382819539490455], [104.0513203703937, 30.382819539490455], [104.0513203703937, 30.382460213376806], [104.05150003345052, 30.382460213376806], [104.05150003345052, 30.382280550319983], [104.05167969650735, 30.382280550319983], [104.05167969650735, 30.38210088726316], [104.05150003345052, 30.38210088726316], [104.05150003345052, 30.381382235035865], [104.05167969650735, 30.381382235035865], [104.05167969650735, 30.381202571979042], [104.05221868567781, 30.381202571979042], [104.05221868567781, 30.381022908922215], [104.0527576748483, 30.381022908922215], [104.0527576748483, 30.381202571979042], [104.05293733790512, 30.381202571979042], [104.05293733790512, 30.38174156114951], [104.05311700096195, 30.38174156114951], [104.05311700096195, 30.381921224206337], [104.05329666401876, 30.381921224206337], [104.05329666401876, 30.382280550319983], [104.05347632707559, 30.382280550319983], [104.05347632707559, 30.382460213376806], [104.05365599013241, 30.382460213376806], [104.05365599013241, 30.38299920254728], [104.05293733790512, 30.38299920254728]], [[104.052039022621, 30.381921224206337], [104.05185935956418, 30.381921224206337], [104.05185935956418, 30.38174156114951], [104.052039022621, 30.38174156114951], [104.052039022621, 30.381921224206337]]]}, "properties": {"name": "cand55", "ptype": "hall", "confidence": "low", "rank": 55, "area_ha": 2.8, "rise_db": 8.1, "digitised_from": "Sentinel-1 VV rise 2021->2026, orbit 62"}}, {"type": "Feature", "geometry": {"geodesic": false, "type": "Polygon", "coordinates": [[[104.11797536447537, 30.400246856002376], [104.11797536447537, 30.40006719294555], [104.11779570141854, 30.40006719294555], [104.11779570141854, 30.399707866831903], [104.1181550275322, 30.399707866831903], [104.1181550275322, 30.399348540718254], [104.11833469058902, 30.399348540718254], [104.11833469058902, 30.39916887766143], [104.1181550275322, 30.39916887766143], [104.1181550275322, 30.39880955154778], [104.11779570141854, 30.39880955154778], [104.11779570141854, 30.398989214604608], [104.11761603836172, 30.398989214604608], [104.11761603836172, 30.399707866831903], [104.11725671224808, 30.399707866831903], [104.11725671224808, 30.39952820377508], [104.11707704919125, 30.39952820377508], [104.11707704919125, 30.399348540718254], [104.11689738613443, 30.399348540718254], [104.11689738613443, 30.39916887766143], [104.1167177230776, 30.39916887766143], [104.1167177230776, 30.39880955154778], [104.11689738613443, 30.39880955154778], [104.11689738613443, 30.39862988849096], [104.11761603836172, 30.39862988849096], [104.11761603836172, 30.398450225434136], [104.1181550275322, 30.398450225434136], [104.1181550275322, 30.398270562377313], [104.11851435364584, 30.398270562377313], [104.11851435364584, 30.398450225434136], [104.11869401670266, 30.398450225434136], [104.11869401670266, 30.399348540718254], [104.11887367975949, 30.399348540718254], [104.11887367975949, 30.399887529888726], [104.11869401670266, 30.399887529888726], [104.11869401670266, 30.40006719294555], [104.11851435364584, 30.40006719294555], [104.11851435364584, 30.400246856002376], [104.11797536447537, 30.400246856002376]]]}, "properties": {"name": "cand56", "ptype": "hall", "confidence": "low", "rank": 56, "area_ha": 2.7, "rise_db": 7.2, "digitised_from": "Sentinel-1 VV rise 2021->2026, orbit 62"}}, {"type": "Feature", "geometry": {"geodesic": false, "type": "Polygon", "coordinates": [[[104.08365972062201, 30.409050345786746], [104.08365972062201, 30.408870682729923], [104.08330039450836, 30.408870682729923], [104.08330039450836, 30.408691019673096], [104.0829410683947, 30.408691019673096], [104.0829410683947, 30.408511356616273], [104.08276140533789, 30.408511356616273], [104.08276140533789, 30.4079723674458], [104.0829410683947, 30.4079723674458], [104.0829410683947, 30.407433378275332], [104.08312073145153, 30.407433378275332], [104.08312073145153, 30.407074052161683], [104.08330039450836, 30.407074052161683], [104.08330039450836, 30.407253715218506], [104.08348005756518, 30.407253715218506], [104.08348005756518, 30.407433378275332], [104.08383938367882, 30.407433378275332], [104.08383938367882, 30.407613041332155], [104.0843783728493, 30.407613041332155], [104.0843783728493, 30.407792704388978], [104.08455803590613, 30.407792704388978], [104.08455803590613, 30.40833169355945], [104.0843783728493, 30.40833169355945], [104.0843783728493, 30.408511356616273], [104.08419870979247, 30.408511356616273], [104.08419870979247, 30.408870682729923], [104.08401904673565, 30.408870682729923], [104.08401904673565, 30.409050345786746], [104.08365972062201, 30.409050345786746]]]}, "properties": {"name": "cand57", "ptype": "hall", "confidence": "low", "rank": 57, "area_ha": 2.7, "rise_db": 13.5, "digitised_from": "Sentinel-1 VV rise 2021->2026, orbit 62"}}, {"type": "Feature", "geometry": {"geodesic": false, "type": "Polygon", "coordinates": [[[104.07126296970115, 30.39557561652495], [104.07126296970115, 30.395395953468128], [104.07108330664433, 30.395395953468128], [104.07108330664433, 30.394856964297656], [104.07126296970115, 30.394856964297656], [104.07126296970115, 30.394677301240833], [104.07144263275798, 30.394677301240833], [104.07144263275798, 30.39449763818401], [104.07126296970115, 30.39449763818401], [104.07126296970115, 30.394317975127187], [104.07090364358751, 30.394317975127187], [104.07090364358751, 30.39413831207036], [104.07108330664433, 30.39413831207036], [104.07108330664433, 30.393958649013538], [104.07252061109892, 30.393958649013538], [104.07252061109892, 30.394677301240833], [104.0723409480421, 30.394677301240833], [104.0723409480421, 30.395216290411305], [104.07270027415575, 30.395216290411305], [104.07270027415575, 30.39557561652495], [104.07126296970115, 30.39557561652495]]]}, "properties": {"name": "cand58", "ptype": "hall", "confidence": "low", "rank": 58, "area_ha": 2.7, "rise_db": 7.6, "digitised_from": "Sentinel-1 VV rise 2021->2026, orbit 62"}}, {"type": "Feature", "geometry": {"geodesic": false, "type": "Polygon", "coordinates": [[[104.10503962438405, 30.3876704420247], [104.10503962438405, 30.387490778967877], [104.10485996132722, 30.387490778967877], [104.10485996132722, 30.387311115911054], [104.10414130909993, 30.387311115911054], [104.10414130909993, 30.387490778967877], [104.10360231992946, 30.387490778967877], [104.10360231992946, 30.386951789797404], [104.10414130909993, 30.386951789797404], [104.10414130909993, 30.38677212674058], [104.1046802982704, 30.38677212674058], [104.1046802982704, 30.386951789797404], [104.10485996132722, 30.386951789797404], [104.10485996132722, 30.387311115911054], [104.10503962438405, 30.387311115911054], [104.10503962438405, 30.38713145285423], [104.10521928744087, 30.38713145285423], [104.10521928744087, 30.387311115911054], [104.1053989504977, 30.387311115911054], [104.1053989504977, 30.386412800626935], [104.10647692883865, 30.386412800626935], [104.10647692883865, 30.38659246368376], [104.10665659189546, 30.38659246368376], [104.10665659189546, 30.38677212674058], [104.10683625495228, 30.38677212674058], [104.10683625495228, 30.386951789797404], [104.10665659189546, 30.386951789797404], [104.10665659189546, 30.38713145285423], [104.10611760272499, 30.38713145285423], [104.10611760272499, 30.387311115911054], [104.10593793966817, 30.387311115911054], [104.10593793966817, 30.387490778967877], [104.10575827661134, 30.387490778967877], [104.10575827661134, 30.3876704420247], [104.10503962438405, 30.3876704420247]]]}, "properties": {"name": "cand59", "ptype": "hall", "confidence": "low", "rank": 59, "area_ha": 2.5, "rise_db": 8.0, "digitised_from": "Sentinel-1 VV rise 2021->2026, orbit 62"}}, {"type": "Feature", "geometry": {"geodesic": false, "type": "Polygon", "coordinates": [[[104.03047945580212, 30.449115207458476], [104.03047945580212, 30.44875588134483], [104.03083878191578, 30.44875588134483], [104.03083878191578, 30.44839655523118], [104.03029979274531, 30.44839655523118], [104.03029979274531, 30.448576218288004], [104.02994046663166, 30.448576218288004], [104.02994046663166, 30.44839655523118], [104.02976080357483, 30.44839655523118], [104.02976080357483, 30.44803722911753], [104.03029979274531, 30.44803722911753], [104.03029979274531, 30.44785756606071], [104.03065911885895, 30.44785756606071], [104.03065911885895, 30.447677903003886], [104.03137777108626, 30.447677903003886], [104.03137777108626, 30.447498239947063], [104.03155743414307, 30.447498239947063], [104.03155743414307, 30.447318576890236], [104.03209642331355, 30.447318576890236], [104.03209642331355, 30.447498239947063], [104.03191676025672, 30.447498239947063], [104.03191676025672, 30.447677903003886], [104.0317370971999, 30.447677903003886], [104.0317370971999, 30.44875588134483], [104.03137777108626, 30.44875588134483], [104.03137777108626, 30.448935544401653], [104.03119810802943, 30.448935544401653], [104.03119810802943, 30.449115207458476], [104.03047945580212, 30.449115207458476]]]}, "properties": {"name": "cand60", "ptype": "hall", "confidence": "low", "rank": 60, "area_ha": 2.5, "rise_db": 5.6, "digitised_from": "Sentinel-1 VV rise 2021->2026, orbit 62"}}, {"type": "Feature", "geometry": {"geodesic": false, "type": "Polygon", "coordinates": [[[104.12174828866867, 30.406175736877564], [104.12174828866867, 30.405996073820738], [104.12156862561184, 30.405996073820738], [104.12156862561184, 30.405636747707092], [104.12174828866867, 30.405636747707092], [104.12174828866867, 30.405277421593443], [104.12156862561184, 30.405277421593443], [104.12156862561184, 30.40509775853662], [104.12138896255503, 30.40509775853662], [104.12138896255503, 30.40473843242297], [104.12156862561184, 30.40473843242297], [104.12156862561184, 30.4041994432525], [104.12174828866867, 30.4041994432525], [104.12174828866867, 30.404019780195675], [104.12390424535056, 30.404019780195675], [104.12390424535056, 30.404558769366147], [104.12210761478232, 30.404558769366147], [104.12210761478232, 30.40509775853662], [104.1219279517255, 30.40509775853662], [104.1219279517255, 30.40545708465027], [104.12210761478232, 30.40545708465027], [104.12210761478232, 30.405996073820738], [104.1219279517255, 30.405996073820738], [104.1219279517255, 30.406175736877564], [104.12174828866867, 30.406175736877564]]]}, "properties": {"name": "cand61", "ptype": "hall", "confidence": "low", "rank": 61, "area_ha": 2.4, "rise_db": 6.8, "digitised_from": "Sentinel-1 VV rise 2021->2026, orbit 62"}}, {"type": "Feature", "geometry": {"geodesic": false, "type": "Polygon", "coordinates": [[[104.06299846908726, 30.44803722911753], [104.06299846908726, 30.44785756606071], [104.06281880603044, 30.44785756606071], [104.06281880603044, 30.447498239947063], [104.06263914297361, 30.447498239947063], [104.06263914297361, 30.447138913833413], [104.06245947991678, 30.447138913833413], [104.06245947991678, 30.44695925077659], [104.06227981685996, 30.44695925077659], [104.06227981685996, 30.445701609378823], [104.06210015380313, 30.445701609378823], [104.06210015380313, 30.445342283265173], [104.06192049074632, 30.445342283265173], [104.06192049074632, 30.444623631037878], [104.06174082768949, 30.444623631037878], [104.06174082768949, 30.444264304924232], [104.06192049074632, 30.444264304924232], [104.06192049074632, 30.444084641867406], [104.06210015380313, 30.444084641867406], [104.06210015380313, 30.444264304924232], [104.06227981685996, 30.444264304924232], [104.06227981685996, 30.444443967981055], [104.06245947991678, 30.444443967981055], [104.06245947991678, 30.445521946322], [104.06263914297361, 30.445521946322], [104.06263914297361, 30.44606093549247], [104.06281880603044, 30.44606093549247], [104.06281880603044, 30.44659992466294], [104.06299846908726, 30.44659992466294], [104.06299846908726, 30.447318576890236], [104.06317813214407, 30.447318576890236], [104.06317813214407, 30.447677903003886], [104.0633577952009, 30.447677903003886], [104.0633577952009, 30.44785756606071], [104.06317813214407, 30.44785756606071], [104.06317813214407, 30.44803722911753], [104.06299846908726, 30.44803722911753]]]}, "properties": {"name": "cand62", "ptype": "hall", "confidence": "low", "rank": 62, "area_ha": 2.4, "rise_db": 5.8, "digitised_from": "Sentinel-1 VV rise 2021->2026, orbit 62"}}, {"type": "Feature", "geometry": {"geodesic": false, "type": "Polygon", "coordinates": [[[104.0971344498838, 30.415877541946053], [104.0971344498838, 30.41569787888923], [104.09677512377014, 30.41569787888923], [104.09677512377014, 30.415518215832407], [104.09659546071333, 30.415518215832407], [104.09659546071333, 30.414979226661934], [104.09695478682697, 30.414979226661934], [104.09695478682697, 30.415158889718757], [104.09749377599745, 30.415158889718757], [104.09749377599745, 30.41479956360511], [104.09695478682697, 30.41479956360511], [104.09695478682697, 30.414440237491462], [104.09677512377014, 30.414440237491462], [104.09677512377014, 30.41426057443464], [104.09695478682697, 30.41426057443464], [104.09695478682697, 30.414080911377816], [104.09749377599745, 30.414080911377816], [104.09749377599745, 30.41390124832099], [104.09803276516791, 30.41390124832099], [104.09803276516791, 30.414080911377816], [104.09821242822474, 30.414080911377816], [104.09821242822474, 30.41426057443464], [104.09803276516791, 30.41426057443464], [104.09803276516791, 30.414979226661934], [104.09785310211109, 30.414979226661934], [104.09785310211109, 30.41569787888923], [104.09767343905428, 30.41569787888923], [104.09767343905428, 30.415877541946053], [104.0971344498838, 30.415877541946053]]]}, "properties": {"name": "cand63", "ptype": "hall", "confidence": "low", "rank": 63, "area_ha": 2.4, "rise_db": 6.3, "digitised_from": "Sentinel-1 VV rise 2021->2026, orbit 62"}}, {"type": "Feature", "geometry": {"geodesic": false, "type": "Polygon", "coordinates": [[[104.07521555695128, 30.394856964297656], [104.07521555695128, 30.394677301240833], [104.07467656778081, 30.394677301240833], [104.07467656778081, 30.394856964297656], [104.0737782524967, 30.394856964297656], [104.0737782524967, 30.39449763818401], [104.07359858943987, 30.39449763818401], [104.07359858943987, 30.393958649013538], [104.07449690472399, 30.393958649013538], [104.07449690472399, 30.39413831207036], [104.07467656778081, 30.39413831207036], [104.07467656778081, 30.394317975127187], [104.07503589389445, 30.394317975127187], [104.07503589389445, 30.39413831207036], [104.07521555695128, 30.39413831207036], [104.07521555695128, 30.393958649013538], [104.07575454612176, 30.393958649013538], [104.07575454612176, 30.39413831207036], [104.0761138722354, 30.39413831207036], [104.0761138722354, 30.394856964297656], [104.07521555695128, 30.394856964297656]]]}, "properties": {"name": "cand64", "ptype": "hall", "confidence": "low", "rank": 64, "area_ha": 2.3, "rise_db": 7.0, "digitised_from": "Sentinel-1 VV rise 2021->2026, orbit 62"}}, {"type": "Feature", "geometry": {"geodesic": false, "type": "Polygon", "coordinates": [[[104.03892361947285, 30.367188853546775], [104.03892361947285, 30.36682952743313], [104.03910328252968, 30.36682952743313], [104.03910328252968, 30.36647020131948], [104.03892361947285, 30.36647020131948], [104.03892361947285, 30.366110875205834], [104.03874395641603, 30.366110875205834], [104.03874395641603, 30.36503289686489], [104.0385642933592, 30.36503289686489], [104.0385642933592, 30.36467357075124], [104.03838463030237, 30.36467357075124], [104.03838463030237, 30.3635955924103], [104.03874395641603, 30.3635955924103], [104.03874395641603, 30.364314244637594], [104.03892361947285, 30.364314244637594], [104.03892361947285, 30.364493907694417], [104.03910328252968, 30.364493907694417], [104.03910328252968, 30.36467357075124], [104.0392829455865, 30.36467357075124], [104.0392829455865, 30.365751549092185], [104.03946260864332, 30.365751549092185], [104.03946260864332, 30.366110875205834], [104.0392829455865, 30.366110875205834], [104.0392829455865, 30.366649864376303], [104.03946260864332, 30.366649864376303], [104.03946260864332, 30.367188853546775], [104.03892361947285, 30.367188853546775]]]}, "properties": {"name": "cand65", "ptype": "hall", "confidence": "low", "rank": 65, "area_ha": 2.2, "rise_db": 7.4, "digitised_from": "Sentinel-1 VV rise 2021->2026, orbit 62"}}, {"type": "Feature", "geometry": {"geodesic": false, "type": "Polygon", "coordinates": [[[104.12138896255503, 30.380124593638097], [104.12138896255503, 30.379944930581274], [104.1212092994982, 30.379944930581274], [104.1212092994982, 30.379765267524448], [104.12102963644138, 30.379765267524448], [104.12102963644138, 30.379046615297153], [104.12067031032772, 30.379046615297153], [104.12067031032772, 30.37886695224033], [104.1212092994982, 30.37886695224033], [104.1212092994982, 30.378687289183507], [104.12174828866867, 30.378687289183507], [104.12174828866867, 30.37850762612668], [104.12210761478232, 30.37850762612668], [104.12210761478232, 30.378687289183507], [104.12228727783915, 30.378687289183507], [104.12228727783915, 30.37886695224033], [104.12282626700961, 30.37886695224033], [104.12282626700961, 30.37922627835398], [104.12246694089596, 30.37922627835398], [104.12246694089596, 30.379405941410802], [104.12228727783915, 30.379405941410802], [104.12228727783915, 30.379765267524448], [104.12156862561184, 30.379765267524448], [104.12156862561184, 30.380124593638097], [104.12138896255503, 30.380124593638097]]]}, "properties": {"name": "cand66", "ptype": "hall", "confidence": "low", "rank": 66, "area_ha": 2.2, "rise_db": 11.4, "digitised_from": "Sentinel-1 VV rise 2021->2026, orbit 62"}}, {"type": "Feature", "geometry": {"geodesic": false, "type": "Polygon", "coordinates": [[[104.08024612254235, 30.436538793480803], [104.08024612254235, 30.43635913042398], [104.08006645948552, 30.43635913042398], [104.08006645948552, 30.436179467367154], [104.0798867964287, 30.436179467367154], [104.0798867964287, 30.435640478196685], [104.07970713337188, 30.435640478196685], [104.07970713337188, 30.435281152083036], [104.07952747031506, 30.435281152083036], [104.07952747031506, 30.435101489026213], [104.07934780725823, 30.435101489026213], [104.07934780725823, 30.434921825969386], [104.07952747031506, 30.434921825969386], [104.07952747031506, 30.434742162912563], [104.08024612254235, 30.434742162912563], [104.08024612254235, 30.434921825969386], [104.08042578559918, 30.434921825969386], [104.08042578559918, 30.43546081513986], [104.080605448656, 30.43546081513986], [104.080605448656, 30.435640478196685], [104.08096477476964, 30.435640478196685], [104.08096477476964, 30.43546081513986], [104.08168342699695, 30.43546081513986], [104.08168342699695, 30.435820141253508], [104.08150376394012, 30.435820141253508], [104.08150376394012, 30.43599980431033], [104.0813241008833, 30.43599980431033], [104.0813241008833, 30.435820141253508], [104.08096477476964, 30.435820141253508], [104.08096477476964, 30.43599980431033], [104.08078511171283, 30.43599980431033], [104.08078511171283, 30.436179467367154], [104.080605448656, 30.436179467367154], [104.080605448656, 30.43635913042398], [104.08042578559918, 30.43635913042398], [104.08042578559918, 30.436538793480803], [104.08024612254235, 30.436538793480803]]]}, "properties": {"name": "cand67", "ptype": "hall", "confidence": "low", "rank": 67, "area_ha": 2.2, "rise_db": 9.7, "digitised_from": "Sentinel-1 VV rise 2021->2026, orbit 62"}}, {"type": "Feature", "geometry": {"geodesic": false, "type": "Polygon", "coordinates": [[[104.03065911885895, 30.452169479424484], [104.03065911885895, 30.451810153310834], [104.03047945580212, 30.451810153310834], [104.03047945580212, 30.45163049025401], [104.03065911885895, 30.45163049025401], [104.03065911885895, 30.45145082719719], [104.03083878191578, 30.45145082719719], [104.03083878191578, 30.45163049025401], [104.0310184449726, 30.45163049025401], [104.0310184449726, 30.451271164140362], [104.03119810802943, 30.451271164140362], [104.03119810802943, 30.450911838026716], [104.03227608637037, 30.450911838026716], [104.03227608637037, 30.450732174969893], [104.03245574942719, 30.450732174969893], [104.03245574942719, 30.450911838026716], [104.03263541248401, 30.450911838026716], [104.03263541248401, 30.45163049025401], [104.03245574942719, 30.45163049025401], [104.03245574942719, 30.451810153310834], [104.03209642331355, 30.451810153310834], [104.03209642331355, 30.451989816367657], [104.03155743414307, 30.451989816367657], [104.03155743414307, 30.451810153310834], [104.03119810802943, 30.451810153310834], [104.03119810802943, 30.451989816367657], [104.0310184449726, 30.451989816367657], [104.0310184449726, 30.452169479424484], [104.03065911885895, 30.452169479424484]], [[104.03119810802943, 30.451810153310834], [104.0310184449726, 30.451810153310834], [104.0310184449726, 30.45163049025401], [104.03119810802943, 30.45163049025401], [104.03119810802943, 30.451810153310834]]]}, "properties": {"name": "cand68", "ptype": "hall", "confidence": "low", "rank": 68, "area_ha": 2.2, "rise_db": 7.5, "digitised_from": "Sentinel-1 VV rise 2021->2026, orbit 62"}}, {"type": "Feature", "geometry": {"geodesic": false, "type": "Polygon", "coordinates": [[[104.04054058698426, 30.372039756081023], [104.04054058698426, 30.371860093024196], [104.04036092392744, 30.371860093024196], [104.04036092392744, 30.3711414407969], [104.04018126087063, 30.3711414407969], [104.04018126087063, 30.370422788569606], [104.0400015978138, 30.370422788569606], [104.0400015978138, 30.370243125512783], [104.03982193475697, 30.370243125512783], [104.03982193475697, 30.369524473285487], [104.03964227170015, 30.369524473285487], [104.03964227170015, 30.369165147171838], [104.03946260864332, 30.369165147171838], [104.03946260864332, 30.368626158001366], [104.03982193475697, 30.368626158001366], [104.03982193475697, 30.368805821058192], [104.0400015978138, 30.368805821058192], [104.0400015978138, 30.369344810228664], [104.04018126087063, 30.369344810228664], [104.04018126087063, 30.369524473285487], [104.04036092392744, 30.369524473285487], [104.04036092392744, 30.36970413634231], [104.04054058698426, 30.36970413634231], [104.04054058698426, 30.370782114683255], [104.04072025004109, 30.370782114683255], [104.04072025004109, 30.371321103853727], [104.04089991309792, 30.371321103853727], [104.04089991309792, 30.371860093024196], [104.04072025004109, 30.371860093024196], [104.04072025004109, 30.372039756081023], [104.04054058698426, 30.372039756081023]]]}, "properties": {"name": "cand69", "ptype": "hall", "confidence": "low", "rank": 69, "area_ha": 2.1, "rise_db": 7.1, "digitised_from": "Sentinel-1 VV rise 2021->2026, orbit 62"}}, {"type": "Feature", "geometry": {"geodesic": false, "type": "Polygon", "coordinates": [[[104.02041832462, 30.434023510685268], [104.02041832462, 30.433843847628445], [104.02023866156317, 30.433843847628445], [104.02023866156317, 30.433484521514796], [104.02005899850634, 30.433484521514796], [104.02005899850634, 30.433304858457973], [104.01952000933586, 30.433304858457973], [104.01952000933586, 30.433484521514796], [104.01934034627905, 30.433484521514796], [104.01934034627905, 30.433664184571622], [104.01880135710857, 30.433664184571622], [104.01880135710857, 30.432945532344323], [104.01916068322222, 30.432945532344323], [104.01916068322222, 30.4327658692875], [104.01969967239269, 30.4327658692875], [104.01969967239269, 30.432586206230678], [104.02041832462, 30.432586206230678], [104.02041832462, 30.4327658692875], [104.02059798767681, 30.4327658692875], [104.02059798767681, 30.432945532344323], [104.02077765073363, 30.432945532344323], [104.02077765073363, 30.434023510685268], [104.02041832462, 30.434023510685268]]]}, "properties": {"name": "cand70", "ptype": "hall", "confidence": "low", "rank": 70, "area_ha": 2.1, "rise_db": 9.6, "digitised_from": "Sentinel-1 VV rise 2021->2026, orbit 62"}}, {"type": "Feature", "geometry": {"geodesic": false, "type": "Polygon", "coordinates": [[[104.0527576748483, 30.444443967981055], [104.0527576748483, 30.444264304924232], [104.05221868567781, 30.444264304924232], [104.05221868567781, 30.444443967981055], [104.0513203703937, 30.444443967981055], [104.0513203703937, 30.444264304924232], [104.05096104428006, 30.444264304924232], [104.05096104428006, 30.443904978810583], [104.05114070733688, 30.443904978810583], [104.05114070733688, 30.44372531575376], [104.0513203703937, 30.44372531575376], [104.0513203703937, 30.44336598964011], [104.05096104428006, 30.44336598964011], [104.05096104428006, 30.443006663526464], [104.05167969650735, 30.443006663526464], [104.05167969650735, 30.44336598964011], [104.05185935956418, 30.44336598964011], [104.05185935956418, 30.443545652696937], [104.052039022621, 30.443545652696937], [104.052039022621, 30.44372531575376], [104.05239834873464, 30.44372531575376], [104.05239834873464, 30.443904978810583], [104.05311700096195, 30.443904978810583], [104.05311700096195, 30.444443967981055], [104.0527576748483, 30.444443967981055]]]}, "properties": {"name": "cand71", "ptype": "hall", "confidence": "low", "rank": 71, "area_ha": 2.1, "rise_db": 6.3, "digitised_from": "Sentinel-1 VV rise 2021->2026, orbit 62"}}, {"type": "Feature", "geometry": {"geodesic": false, "type": "Polygon", "coordinates": [[[104.10036838490663, 30.449474533572126], [104.10036838490663, 30.4492948705153], [104.1001887218498, 30.4492948705153], [104.1001887218498, 30.449115207458476], [104.10000905879298, 30.449115207458476], [104.10000905879298, 30.448935544401653], [104.09964973267934, 30.448935544401653], [104.09964973267934, 30.44875588134483], [104.09947006962251, 30.44875588134483], [104.09947006962251, 30.448576218288004], [104.09964973267934, 30.448576218288004], [104.09964973267934, 30.44839655523118], [104.10000905879298, 30.44839655523118], [104.10000905879298, 30.448216892174358], [104.09982939573615, 30.448216892174358], [104.09982939573615, 30.44803722911753], [104.09964973267934, 30.44803722911753], [104.09964973267934, 30.447677903003886], [104.1001887218498, 30.447677903003886], [104.1001887218498, 30.44785756606071], [104.10036838490663, 30.44785756606071], [104.10036838490663, 30.448216892174358], [104.10054804796346, 30.448216892174358], [104.10054804796346, 30.44875588134483], [104.10108703713392, 30.44875588134483], [104.10108703713392, 30.448576218288004], [104.10180568936121, 30.448576218288004], [104.10180568936121, 30.448935544401653], [104.1016260263044, 30.448935544401653], [104.1016260263044, 30.449115207458476], [104.10126670019075, 30.449115207458476], [104.10126670019075, 30.448935544401653], [104.1009073740771, 30.448935544401653], [104.1009073740771, 30.449115207458476], [104.10072771102027, 30.449115207458476], [104.10072771102027, 30.449474533572126], [104.10036838490663, 30.449474533572126]]]}, "properties": {"name": "cand72", "ptype": "hall", "confidence": "low", "rank": 72, "area_ha": 2.1, "rise_db": 6.1, "digitised_from": "Sentinel-1 VV rise 2021->2026, orbit 62"}}, {"type": "Feature", "geometry": {"geodesic": false, "type": "Polygon", "coordinates": [[[104.1197719950436, 30.415158889718757], [104.1197719950436, 30.414979226661934], [104.11959233198678, 30.414979226661934], [104.11959233198678, 30.41479956360511], [104.1197719950436, 30.41479956360511], [104.1197719950436, 30.414440237491462], [104.11941266892997, 30.414440237491462], [104.11941266892997, 30.414080911377816], [104.1197719950436, 30.414080911377816], [104.1197719950436, 30.41390124832099], [104.11995165810043, 30.41390124832099], [104.11995165810043, 30.413721585264167], [104.12013132115726, 30.413721585264167], [104.12013132115726, 30.413541922207344], [104.12067031032772, 30.413541922207344], [104.12067031032772, 30.413721585264167], [104.12084997338455, 30.413721585264167], [104.12084997338455, 30.41390124832099], [104.12102963644138, 30.41390124832099], [104.12102963644138, 30.414080911377816], [104.1212092994982, 30.414080911377816], [104.1212092994982, 30.414440237491462], [104.12102963644138, 30.414440237491462], [104.12102963644138, 30.414619900548285], [104.12067031032772, 30.414619900548285], [104.12067031032772, 30.41479956360511], [104.12031098421409, 30.41479956360511], [104.12031098421409, 30.414979226661934], [104.11995165810043, 30.414979226661934], [104.11995165810043, 30.415158889718757], [104.1197719950436, 30.415158889718757]], [[104.12031098421409, 30.414619900548285], [104.12013132115726, 30.414619900548285], [104.12013132115726, 30.41426057443464], [104.12031098421409, 30.41426057443464], [104.12031098421409, 30.414619900548285]]]}, "properties": {"name": "cand73", "ptype": "hall", "confidence": "low", "rank": 73, "area_ha": 2.0, "rise_db": 8.7, "digitised_from": "Sentinel-1 VV rise 2021->2026, orbit 62"}}, {"type": "Feature", "geometry": {"geodesic": false, "type": "Polygon", "coordinates": [[[104.1212092994982, 30.401504497400143], [104.1212092994982, 30.401324834343317], [104.12067031032772, 30.401324834343317], [104.12067031032772, 30.401145171286494], [104.1204906472709, 30.401145171286494], [104.1204906472709, 30.40096550822967], [104.12067031032772, 30.40096550822967], [104.12067031032772, 30.400785845172845], [104.12084997338455, 30.400785845172845], [104.12084997338455, 30.40060618211602], [104.1212092994982, 30.40060618211602], [104.1212092994982, 30.4004265190592], [104.12156862561184, 30.4004265190592], [104.12156862561184, 30.400246856002376], [104.12210761478232, 30.400246856002376], [104.12210761478232, 30.4004265190592], [104.12246694089596, 30.4004265190592], [104.12246694089596, 30.40060618211602], [104.12264660395279, 30.40060618211602], [104.12264660395279, 30.401145171286494], [104.12228727783915, 30.401145171286494], [104.12228727783915, 30.40096550822967], [104.12174828866867, 30.40096550822967], [104.12174828866867, 30.401504497400143], [104.1212092994982, 30.401504497400143]]]}, "properties": {"name": "cand74", "ptype": "hall", "confidence": "low", "rank": 74, "area_ha": 2.0, "rise_db": 8.8, "digitised_from": "Sentinel-1 VV rise 2021->2026, orbit 62"}}, {"type": "Feature", "geometry": {"geodesic": false, "type": "Polygon", "coordinates": [[[104.07844949197411, 30.392162018445298], [104.07844949197411, 30.391982355388475], [104.07826982891729, 30.391982355388475], [104.07826982891729, 30.39180269233165], [104.07809016586046, 30.39180269233165], [104.07809016586046, 30.391623029274825], [104.07826982891729, 30.391623029274825], [104.07826982891729, 30.391443366218002], [104.07844949197411, 30.391443366218002], [104.07844949197411, 30.39126370316118], [104.0791681442014, 30.39126370316118], [104.0791681442014, 30.391084040104356], [104.0798867964287, 30.391084040104356], [104.0798867964287, 30.39090437704753], [104.08042578559918, 30.39090437704753], [104.08042578559918, 30.391443366218002], [104.0798867964287, 30.391443366218002], [104.0798867964287, 30.391623029274825], [104.07952747031506, 30.391623029274825], [104.07952747031506, 30.39180269233165], [104.07934780725823, 30.39180269233165], [104.07934780725823, 30.391982355388475], [104.0791681442014, 30.391982355388475], [104.0791681442014, 30.392162018445298], [104.07844949197411, 30.392162018445298]]]}, "properties": {"name": "cand75", "ptype": "hall", "confidence": "low", "rank": 75, "area_ha": 1.9, "rise_db": 8.1, "digitised_from": "Sentinel-1 VV rise 2021->2026, orbit 62"}}, {"type": "Feature", "geometry": {"geodesic": false, "type": "Polygon", "coordinates": [[[104.08258174228106, 30.388209431195172], [104.08258174228106, 30.387490778967877], [104.08240207922424, 30.387490778967877], [104.08240207922424, 30.387311115911054], [104.08222241616741, 30.387311115911054], [104.08222241616741, 30.38677212674058], [104.08258174228106, 30.38677212674058], [104.08258174228106, 30.386951789797404], [104.08276140533789, 30.386951789797404], [104.08276140533789, 30.38713145285423], [104.0829410683947, 30.38713145285423], [104.0829410683947, 30.386951789797404], [104.08312073145153, 30.386951789797404], [104.08312073145153, 30.38677212674058], [104.08365972062201, 30.38677212674058], [104.08365972062201, 30.38713145285423], [104.08348005756518, 30.38713145285423], [104.08348005756518, 30.387311115911054], [104.08365972062201, 30.387311115911054], [104.08365972062201, 30.387850105081526], [104.08348005756518, 30.387850105081526], [104.08348005756518, 30.38802976813835], [104.08330039450836, 30.38802976813835], [104.08330039450836, 30.388209431195172], [104.08258174228106, 30.388209431195172]]]}, "properties": {"name": "cand76", "ptype": "hall", "confidence": "low", "rank": 76, "area_ha": 1.9, "rise_db": 7.5, "digitised_from": "Sentinel-1 VV rise 2021->2026, orbit 62"}}, {"type": "Feature", "geometry": {"geodesic": false, "type": "Polygon", "coordinates": [[[104.11995165810043, 30.399707866831903], [104.11995165810043, 30.39952820377508], [104.1197719950436, 30.39952820377508], [104.1197719950436, 30.399348540718254], [104.11995165810043, 30.399348540718254], [104.11995165810043, 30.398989214604608], [104.12013132115726, 30.398989214604608], [104.12013132115726, 30.39880955154778], [104.12031098421409, 30.39880955154778], [104.12031098421409, 30.39862988849096], [104.12067031032772, 30.39862988849096], [104.12067031032772, 30.398450225434136], [104.12084997338455, 30.398450225434136], [104.12084997338455, 30.398090899320486], [104.1212092994982, 30.398090899320486], [104.1212092994982, 30.398270562377313], [104.12138896255503, 30.398270562377313], [104.12138896255503, 30.398450225434136], [104.12156862561184, 30.398450225434136], [104.12156862561184, 30.39880955154778], [104.12138896255503, 30.39880955154778], [104.12138896255503, 30.398989214604608], [104.1212092994982, 30.398989214604608], [104.1212092994982, 30.39916887766143], [104.12102963644138, 30.39916887766143], [104.12102963644138, 30.39952820377508], [104.1204906472709, 30.39952820377508], [104.1204906472709, 30.399348540718254], [104.12067031032772, 30.399348540718254], [104.12067031032772, 30.39916887766143], [104.12031098421409, 30.39916887766143], [104.12031098421409, 30.399707866831903], [104.11995165810043, 30.399707866831903]]]}, "properties": {"name": "cand77", "ptype": "hall", "confidence": "low", "rank": 77, "area_ha": 1.7, "rise_db": 6.1, "digitised_from": "Sentinel-1 VV rise 2021->2026, orbit 62"}}, {"type": "Feature", "geometry": {"geodesic": false, "type": "Polygon", "coordinates": [[[104.08204275311058, 30.45396610999272], [104.08204275311058, 30.453786446935897], [104.08186309005376, 30.453786446935897], [104.08186309005376, 30.45396610999272], [104.08168342699695, 30.45396610999272], [104.08168342699695, 30.45342712082225], [104.08222241616741, 30.45342712082225], [104.08222241616741, 30.453247457765425], [104.08204275311058, 30.453247457765425], [104.08204275311058, 30.452349142481307], [104.08222241616741, 30.452349142481307], [104.08222241616741, 30.45252880553813], [104.08240207922424, 30.45252880553813], [104.08240207922424, 30.452708468594956], [104.08276140533789, 30.452708468594956], [104.08276140533789, 30.45288813165178], [104.08330039450836, 30.45288813165178], [104.08330039450836, 30.453247457765425], [104.0829410683947, 30.453247457765425], [104.0829410683947, 30.45342712082225], [104.08276140533789, 30.45342712082225], [104.08276140533789, 30.453786446935897], [104.0829410683947, 30.453786446935897], [104.0829410683947, 30.45396610999272], [104.08204275311058, 30.45396610999272]]]}, "properties": {"name": "cand78", "ptype": "hall", "confidence": "low", "rank": 78, "area_ha": 1.7, "rise_db": 6.0, "digitised_from": "Sentinel-1 VV rise 2021->2026, orbit 62"}}, {"type": "Feature", "geometry": {"geodesic": false, "type": "Polygon", "coordinates": [[[104.0881512970426, 30.43905407627634], [104.0881512970426, 30.438874413219512], [104.08797163398577, 30.438874413219512], [104.08797163398577, 30.438155760992217], [104.08833096009943, 30.438155760992217], [104.08833096009943, 30.437976097935394], [104.08869028621308, 30.437976097935394], [104.08869028621308, 30.43779643487857], [104.08886994926989, 30.43779643487857], [104.08886994926989, 30.437976097935394], [104.08922927538354, 30.437976097935394], [104.08922927538354, 30.438155760992217], [104.0895886014972, 30.438155760992217], [104.0895886014972, 30.438515087105866], [104.08940893844037, 30.438515087105866], [104.08940893844037, 30.43869475016269], [104.08922927538354, 30.43869475016269], [104.08922927538354, 30.438874413219512], [104.08851062315625, 30.438874413219512], [104.08851062315625, 30.43905407627634], [104.0881512970426, 30.43905407627634]]]}, "properties": {"name": "cand79", "ptype": "hall", "confidence": "low", "rank": 79, "area_ha": 1.6, "rise_db": 7.0, "digitised_from": "Sentinel-1 VV rise 2021->2026, orbit 62"}}, {"type": "Feature", "geometry": {"geodesic": false, "type": "Polygon", "coordinates": [[[104.05329666401876, 30.402762138797907], [104.05329666401876, 30.402582475741085], [104.05311700096195, 30.402582475741085], [104.05311700096195, 30.40222314962744], [104.05293733790512, 30.40222314962744], [104.05293733790512, 30.401324834343317], [104.05311700096195, 30.401324834343317], [104.05311700096195, 30.401145171286494], [104.05401531624607, 30.401145171286494], [104.05401531624607, 30.401324834343317], [104.05419497930288, 30.401324834343317], [104.05419497930288, 30.401504497400143], [104.05383565318924, 30.401504497400143], [104.05383565318924, 30.40222314962744], [104.05365599013241, 30.40222314962744], [104.05365599013241, 30.402762138797907], [104.05329666401876, 30.402762138797907]]]}, "properties": {"name": "cand80", "ptype": "hall", "confidence": "low", "rank": 80, "area_ha": 1.6, "rise_db": 8.1, "digitised_from": "Sentinel-1 VV rise 2021->2026, orbit 62"}}, {"type": "Feature", "geometry": {"geodesic": false, "type": "Polygon", "coordinates": [[[104.12426357146421, 30.41713518334382], [104.12426357146421, 30.416775857230174], [104.12372458229373, 30.416775857230174], [104.12372458229373, 30.416955520286997], [104.1233652561801, 30.416955520286997], [104.1233652561801, 30.41659619417335], [104.1235449192369, 30.41659619417335], [104.1235449192369, 30.416416531116525], [104.12390424535056, 30.416416531116525], [104.12390424535056, 30.41605720500288], [104.12408390840739, 30.41605720500288], [104.12408390840739, 30.415877541946053], [104.12426357146421, 30.415877541946053], [104.12426357146421, 30.415518215832407], [104.12480256063468, 30.415518215832407], [104.12480256063468, 30.41569787888923], [104.1249822236915, 30.41569787888923], [104.1249822236915, 30.415877541946053], [104.12516188674833, 30.415877541946053], [104.12516188674833, 30.41605720500288], [104.1249822236915, 30.41605720500288], [104.1249822236915, 30.416236868059702], [104.12480256063468, 30.416236868059702], [104.12480256063468, 30.416416531116525], [104.12462289757785, 30.416416531116525], [104.12462289757785, 30.41659619417335], [104.12444323452102, 30.41659619417335], [104.12444323452102, 30.41713518334382], [104.12426357146421, 30.41713518334382]]]}, "properties": {"name": "cand81", "ptype": "hall", "confidence": "low", "rank": 81, "area_ha": 1.6, "rise_db": 6.7, "digitised_from": "Sentinel-1 VV rise 2021->2026, orbit 62"}}, {"type": "Feature", "geometry": {"geodesic": false, "type": "Polygon", "coordinates": [[[104.04862542454134, 30.42665732535549], [104.04862542454134, 30.425938673128194], [104.04844576148452, 30.425938673128194], [104.04844576148452, 30.42486069478725], [104.04826609842769, 30.42486069478725], [104.04826609842769, 30.424321705616777], [104.04844576148452, 30.424321705616777], [104.04844576148452, 30.424142042559954], [104.04880508759817, 30.424142042559954], [104.04880508759817, 30.424321705616777], [104.048984750655, 30.424321705616777], [104.048984750655, 30.424501368673603], [104.04916441371182, 30.424501368673603], [104.04916441371182, 30.42486069478725], [104.04880508759817, 30.42486069478725], [104.04880508759817, 30.425759010071367], [104.04916441371182, 30.425759010071367], [104.04916441371182, 30.426118336185016], [104.048984750655, 30.426118336185016], [104.048984750655, 30.42665732535549], [104.04862542454134, 30.42665732535549]]]}, "properties": {"name": "cand82", "ptype": "hall", "confidence": "low", "rank": 82, "area_ha": 1.6, "rise_db": 5.9, "digitised_from": "Sentinel-1 VV rise 2021->2026, orbit 62"}}, {"type": "Feature", "geometry": {"geodesic": false, "type": "Polygon", "coordinates": [[[104.07773083974682, 30.44336598964011], [104.07773083974682, 30.443186326583287], [104.07755117669, 30.443186326583287], [104.07755117669, 30.443006663526464], [104.07737151363317, 30.443006663526464], [104.07737151363317, 30.442827000469638], [104.07629353529222, 30.442827000469638], [104.07629353529222, 30.443006663526464], [104.0761138722354, 30.443006663526464], [104.0761138722354, 30.443186326583287], [104.07593420917857, 30.443186326583287], [104.07593420917857, 30.443006663526464], [104.07575454612176, 30.443006663526464], [104.07575454612176, 30.442827000469638], [104.07593420917857, 30.442827000469638], [104.07593420917857, 30.442647337412815], [104.07629353529222, 30.442647337412815], [104.07629353529222, 30.442467674355992], [104.0768325244627, 30.442467674355992], [104.0768325244627, 30.44192868518552], [104.07701218751951, 30.44192868518552], [104.07701218751951, 30.441749022128697], [104.07719185057634, 30.441749022128697], [104.07719185057634, 30.44192868518552], [104.07737151363317, 30.44192868518552], [104.07737151363317, 30.44228801129917], [104.07755117669, 30.44228801129917], [104.07755117669, 30.442467674355992], [104.07773083974682, 30.442467674355992], [104.07773083974682, 30.443006663526464], [104.07791050280363, 30.443006663526464], [104.07791050280363, 30.443186326583287], [104.07809016586046, 30.443186326583287], [104.07809016586046, 30.44336598964011], [104.07773083974682, 30.44336598964011]]]}, "properties": {"name": "cand83", "ptype": "hall", "confidence": "low", "rank": 83, "area_ha": 1.6, "rise_db": 5.7, "digitised_from": "Sentinel-1 VV rise 2021->2026, orbit 62"}}, {"type": "Feature", "geometry": {"geodesic": false, "type": "Polygon", "coordinates": [[[104.0543746423597, 30.443904978810583], [104.0543746423597, 30.44372531575376], [104.05419497930288, 30.44372531575376], [104.05419497930288, 30.443545652696937], [104.05401531624607, 30.443545652696937], [104.05401531624607, 30.44372531575376], [104.05383565318924, 30.44372531575376], [104.05383565318924, 30.443545652696937], [104.05365599013241, 30.443545652696937], [104.05365599013241, 30.443006663526464], [104.05383565318924, 30.443006663526464], [104.05383565318924, 30.442827000469638], [104.05491363153018, 30.442827000469638], [104.05491363153018, 30.443006663526464], [104.05509329458701, 30.443006663526464], [104.05509329458701, 30.44372531575376], [104.05491363153018, 30.44372531575376], [104.05491363153018, 30.443904978810583], [104.0543746423597, 30.443904978810583]]]}, "properties": {"name": "cand84", "ptype": "hall", "confidence": "low", "rank": 84, "area_ha": 1.6, "rise_db": 5.9, "digitised_from": "Sentinel-1 VV rise 2021->2026, orbit 62"}}, {"type": "Feature", "geometry": {"geodesic": false, "type": "Polygon", "coordinates": [[[104.1233652561801, 30.419111476968883], [104.1233652561801, 30.418572487798414], [104.1235449192369, 30.418572487798414], [104.1235449192369, 30.418392824741588], [104.1233652561801, 30.418392824741588], [104.1233652561801, 30.418213161684765], [104.12282626700961, 30.418213161684765], [104.12282626700961, 30.417853835571115], [104.1233652561801, 30.417853835571115], [104.1233652561801, 30.418033498627942], [104.12372458229373, 30.418033498627942], [104.12372458229373, 30.417674172514293], [104.12444323452102, 30.417674172514293], [104.12444323452102, 30.418033498627942], [104.12426357146421, 30.418033498627942], [104.12426357146421, 30.418572487798414], [104.12408390840739, 30.418572487798414], [104.12408390840739, 30.418752150855237], [104.12390424535056, 30.418752150855237], [104.12390424535056, 30.419111476968883], [104.1233652561801, 30.419111476968883]]]}, "properties": {"name": "cand85", "ptype": "hall", "confidence": "low", "rank": 85, "area_ha": 1.5, "rise_db": 6.2, "digitised_from": "Sentinel-1 VV rise 2021->2026, orbit 62"}}, {"type": "Feature", "geometry": {"geodesic": false, "type": "Polygon", "coordinates": [[[104.07647319834905, 30.39036538787706], [104.07647319834905, 30.390185724820235], [104.07665286140588, 30.390185724820235], [104.07665286140588, 30.390006061763412], [104.07647319834905, 30.390006061763412], [104.07647319834905, 30.38946707259294], [104.07665286140588, 30.38946707259294], [104.07665286140588, 30.389287409536117], [104.07719185057634, 30.389287409536117], [104.07719185057634, 30.38946707259294], [104.07737151363317, 30.38946707259294], [104.07737151363317, 30.389646735649762], [104.07773083974682, 30.389646735649762], [104.07773083974682, 30.38946707259294], [104.07791050280363, 30.38946707259294], [104.07791050280363, 30.389287409536117], [104.07809016586046, 30.389287409536117], [104.07809016586046, 30.389107746479294], [104.07826982891729, 30.389107746479294], [104.07826982891729, 30.389287409536117], [104.07844949197411, 30.389287409536117], [104.07844949197411, 30.38946707259294], [104.07826982891729, 30.38946707259294], [104.07826982891729, 30.389646735649762], [104.07809016586046, 30.389646735649762], [104.07809016586046, 30.38982639870659], [104.07737151363317, 30.38982639870659], [104.07737151363317, 30.390185724820235], [104.0768325244627, 30.390185724820235], [104.0768325244627, 30.39036538787706], [104.07647319834905, 30.39036538787706]]]}, "properties": {"name": "cand86", "ptype": "hall", "confidence": "low", "rank": 86, "area_ha": 1.4, "rise_db": 5.8, "digitised_from": "Sentinel-1 VV rise 2021->2026, orbit 62"}}, {"type": "Feature", "geometry": {"geodesic": false, "type": "Polygon", "coordinates": [[[104.12031098421409, 30.412643606923222], [104.12031098421409, 30.4124639438664], [104.12013132115726, 30.4124639438664], [104.12013132115726, 30.411924954695927], [104.1197719950436, 30.411924954695927], [104.1197719950436, 30.41156562858228], [104.11959233198678, 30.41156562858228], [104.11959233198678, 30.410846976354986], [104.1197719950436, 30.410846976354986], [104.1197719950436, 30.41066731329816], [104.11995165810043, 30.41066731329816], [104.11995165810043, 30.410846976354986], [104.12013132115726, 30.410846976354986], [104.12013132115726, 30.41120630246863], [104.1204906472709, 30.41120630246863], [104.1204906472709, 30.411385965525458], [104.12067031032772, 30.411385965525458], [104.12067031032772, 30.411745291639104], [104.1204906472709, 30.411745291639104], [104.1204906472709, 30.412284280809576], [104.12067031032772, 30.412284280809576], [104.12067031032772, 30.4124639438664], [104.1204906472709, 30.4124639438664], [104.1204906472709, 30.412643606923222], [104.12031098421409, 30.412643606923222]]]}, "properties": {"name": "cand87", "ptype": "hall", "confidence": "low", "rank": 87, "area_ha": 1.4, "rise_db": 7.5, "digitised_from": "Sentinel-1 VV rise 2021->2026, orbit 62"}}, {"type": "Feature", "geometry": {"geodesic": false, "type": "Polygon", "coordinates": [[[104.09839209128157, 30.443904978810583], [104.09839209128157, 30.44372531575376], [104.09821242822474, 30.44372531575376], [104.09821242822474, 30.443545652696937], [104.09803276516791, 30.443545652696937], [104.09803276516791, 30.443186326583287], [104.09785310211109, 30.443186326583287], [104.09785310211109, 30.442827000469638], [104.09803276516791, 30.442827000469638], [104.09803276516791, 30.442647337412815], [104.09893108045203, 30.442647337412815], [104.09893108045203, 30.442827000469638], [104.09911074350886, 30.442827000469638], [104.09911074350886, 30.44336598964011], [104.09893108045203, 30.44336598964011], [104.09893108045203, 30.44372531575376], [104.0985717543384, 30.44372531575376], [104.0985717543384, 30.443904978810583], [104.09839209128157, 30.443904978810583]]]}, "properties": {"name": "cand88", "ptype": "hall", "confidence": "low", "rank": 88, "area_ha": 1.4, "rise_db": 8.0, "digitised_from": "Sentinel-1 VV rise 2021->2026, orbit 62"}}, {"type": "Feature", "geometry": {"geodesic": false, "type": "Polygon", "coordinates": [[[104.04143890226838, 30.447498239947063], [104.04143890226838, 30.447138913833413], [104.04125923921157, 30.447138913833413], [104.04125923921157, 30.44695925077659], [104.04107957615474, 30.44695925077659], [104.04107957615474, 30.446779587719764], [104.04143890226838, 30.446779587719764], [104.04143890226838, 30.44659992466294], [104.04125923921157, 30.44659992466294], [104.04125923921157, 30.446420261606118], [104.04107957615474, 30.446420261606118], [104.04107957615474, 30.446240598549295], [104.04125923921157, 30.446240598549295], [104.04125923921157, 30.445881272435646], [104.04107957615474, 30.445881272435646], [104.04107957615474, 30.445701609378823], [104.04089991309792, 30.445701609378823], [104.04089991309792, 30.445881272435646], [104.04054058698426, 30.445881272435646], [104.04054058698426, 30.445521946322], [104.04072025004109, 30.445521946322], [104.04072025004109, 30.445342283265173], [104.04089991309792, 30.445342283265173], [104.04089991309792, 30.44516262020835], [104.04125923921157, 30.44516262020835], [104.04125923921157, 30.445342283265173], [104.04143890226838, 30.445342283265173], [104.04143890226838, 30.445521946322], [104.04161856532521, 30.445521946322], [104.04161856532521, 30.447318576890236], [104.04179822838204, 30.447318576890236], [104.04179822838204, 30.447498239947063], [104.04143890226838, 30.447498239947063]]]}, "properties": {"name": "cand89", "ptype": "hall", "confidence": "low", "rank": 89, "area_ha": 1.4, "rise_db": 6.5, "digitised_from": "Sentinel-1 VV rise 2021->2026, orbit 62"}}, {"type": "Feature", "geometry": {"geodesic": false, "type": "Polygon", "coordinates": [[[104.08725298175848, 30.389107746479294], [104.08725298175848, 30.388928083422467], [104.08707331870166, 30.388928083422467], [104.08707331870166, 30.388748420365644], [104.08725298175848, 30.388748420365644], [104.08725298175848, 30.38856875730882], [104.08707331870166, 30.38856875730882], [104.08707331870166, 30.38802976813835], [104.08689365564483, 30.38802976813835], [104.08689365564483, 30.388209431195172], [104.08671399258802, 30.388209431195172], [104.08671399258802, 30.38802976813835], [104.08635466647436, 30.38802976813835], [104.08635466647436, 30.387850105081526], [104.08671399258802, 30.387850105081526], [104.08671399258802, 30.3876704420247], [104.08689365564483, 30.3876704420247], [104.08689365564483, 30.387490778967877], [104.08707331870166, 30.387490778967877], [104.08707331870166, 30.3876704420247], [104.08725298175848, 30.3876704420247], [104.08725298175848, 30.388389094252], [104.08833096009943, 30.388389094252], [104.08833096009943, 30.388928083422467], [104.08761230787213, 30.388928083422467], [104.08761230787213, 30.389107746479294], [104.08725298175848, 30.389107746479294]]]}, "properties": {"name": "cand90", "ptype": "hall", "confidence": "low", "rank": 90, "area_ha": 1.4, "rise_db": 5.5, "digitised_from": "Sentinel-1 VV rise 2021->2026, orbit 62"}}, {"type": "Feature", "geometry": {"geodesic": false, "type": "Polygon", "coordinates": [[[104.0813241008833, 30.391084040104356], [104.0813241008833, 30.39090437704753], [104.08114443782647, 30.39090437704753], [104.08114443782647, 30.390724713990707], [104.08096477476964, 30.390724713990707], [104.08096477476964, 30.390545050933884], [104.08114443782647, 30.390545050933884], [104.08114443782647, 30.39036538787706], [104.08150376394012, 30.39036538787706], [104.08150376394012, 30.390185724820235], [104.08186309005376, 30.390185724820235], [104.08186309005376, 30.390006061763412], [104.08240207922424, 30.390006061763412], [104.08240207922424, 30.390185724820235], [104.08276140533789, 30.390185724820235], [104.08276140533789, 30.390545050933884], [104.08258174228106, 30.390545050933884], [104.08258174228106, 30.390724713990707], [104.08186309005376, 30.390724713990707], [104.08186309005376, 30.39090437704753], [104.08168342699695, 30.39090437704753], [104.08168342699695, 30.391084040104356], [104.0813241008833, 30.391084040104356]]]}, "properties": {"name": "cand91", "ptype": "hall", "confidence": "low", "rank": 91, "area_ha": 1.4, "rise_db": 6.7, "digitised_from": "Sentinel-1 VV rise 2021->2026, orbit 62"}}, {"type": "Feature", "geometry": {"geodesic": false, "type": "Polygon", "coordinates": [[[104.0678493716215, 30.39916887766143], [104.0678493716215, 30.39880955154778], [104.06802903467832, 30.39880955154778], [104.06802903467832, 30.39862988849096], [104.06820869773514, 30.39862988849096], [104.06820869773514, 30.398450225434136], [104.06838836079197, 30.398450225434136], [104.06838836079197, 30.398270562377313], [104.06946633913292, 30.398270562377313], [104.06946633913292, 30.398450225434136], [104.06964600218974, 30.398450225434136], [104.06964600218974, 30.39880955154778], [104.06946633913292, 30.39880955154778], [104.06946633913292, 30.398989214604608], [104.06820869773514, 30.398989214604608], [104.06820869773514, 30.39916887766143], [104.0678493716215, 30.39916887766143]]]}, "properties": {"name": "cand92", "ptype": "hall", "confidence": "low", "rank": 92, "area_ha": 1.4, "rise_db": 7.7, "digitised_from": "Sentinel-1 VV rise 2021->2026, orbit 62"}}, {"type": "Feature", "geometry": {"geodesic": false, "type": "Polygon", "coordinates": [[[104.11204648360018, 30.419470803082532], [104.11204648360018, 30.41929114002571], [104.11150749442972, 30.41929114002571], [104.11150749442972, 30.419470803082532], [104.11132783137289, 30.419470803082532], [104.11132783137289, 30.41929114002571], [104.11114816831606, 30.41929114002571], [104.11114816831606, 30.41893181391206], [104.11150749442972, 30.41893181391206], [104.11150749442972, 30.418752150855237], [104.11168715748653, 30.418752150855237], [104.11168715748653, 30.418392824741588], [104.11150749442972, 30.418392824741588], [104.11150749442972, 30.417853835571115], [104.11168715748653, 30.417853835571115], [104.11168715748653, 30.417674172514293], [104.11186682054336, 30.417674172514293], [104.11186682054336, 30.417853835571115], [104.11204648360018, 30.417853835571115], [104.11204648360018, 30.418752150855237], [104.11222614665701, 30.418752150855237], [104.11222614665701, 30.419111476968883], [104.11240580971383, 30.419111476968883], [104.11240580971383, 30.419470803082532], [104.11204648360018, 30.419470803082532]]]}, "properties": {"name": "cand93", "ptype": "hall", "confidence": "low", "rank": 93, "area_ha": 1.4, "rise_db": 6.7, "digitised_from": "Sentinel-1 VV rise 2021->2026, orbit 62"}}, {"type": "Feature", "geometry": {"geodesic": false, "type": "Polygon", "coordinates": [[[104.05311700096195, 30.44228801129917], [104.05311700096195, 30.442108348242343], [104.05293733790512, 30.442108348242343], [104.05293733790512, 30.441749022128697], [104.05311700096195, 30.441749022128697], [104.05311700096195, 30.441569359071874], [104.05329666401876, 30.441569359071874], [104.05329666401876, 30.441389696015047], [104.05347632707559, 30.441389696015047], [104.05347632707559, 30.441210032958224], [104.05329666401876, 30.441210032958224], [104.05329666401876, 30.440671043787752], [104.05365599013241, 30.440671043787752], [104.05365599013241, 30.440850706844575], [104.05347632707559, 30.440850706844575], [104.05347632707559, 30.4410303699014], [104.05365599013241, 30.4410303699014], [104.05365599013241, 30.441389696015047], [104.05383565318924, 30.441389696015047], [104.05383565318924, 30.441569359071874], [104.05401531624607, 30.441569359071874], [104.05401531624607, 30.441749022128697], [104.05419497930288, 30.441749022128697], [104.05419497930288, 30.442108348242343], [104.05401531624607, 30.442108348242343], [104.05401531624607, 30.44228801129917], [104.05311700096195, 30.44228801129917]]]}, "properties": {"name": "cand94", "ptype": "hall", "confidence": "low", "rank": 94, "area_ha": 1.3, "rise_db": 6.2, "digitised_from": "Sentinel-1 VV rise 2021->2026, orbit 62"}}, {"type": "Feature", "geometry": {"geodesic": false, "type": "Polygon", "coordinates": [[[104.07934780725823, 30.445342283265173], [104.07934780725823, 30.44516262020835], [104.0791681442014, 30.44516262020835], [104.0791681442014, 30.444982957151527], [104.07898848114458, 30.444982957151527], [104.07898848114458, 30.444623631037878], [104.0791681442014, 30.444623631037878], [104.0791681442014, 30.444443967981055], [104.07952747031506, 30.444443967981055], [104.07952747031506, 30.444264304924232], [104.07934780725823, 30.444264304924232], [104.07934780725823, 30.44372531575376], [104.0791681442014, 30.44372531575376], [104.0791681442014, 30.443545652696937], [104.07952747031506, 30.443545652696937], [104.07952747031506, 30.44372531575376], [104.07970713337188, 30.44372531575376], [104.07970713337188, 30.444084641867406], [104.0798867964287, 30.444084641867406], [104.0798867964287, 30.444264304924232], [104.08006645948552, 30.444264304924232], [104.08006645948552, 30.444623631037878], [104.0798867964287, 30.444623631037878], [104.0798867964287, 30.444982957151527], [104.07970713337188, 30.444982957151527], [104.07970713337188, 30.445342283265173], [104.07934780725823, 30.445342283265173]]]}, "properties": {"name": "cand95", "ptype": "hall", "confidence": "low", "rank": 95, "area_ha": 1.3, "rise_db": 6.2, "digitised_from": "Sentinel-1 VV rise 2021->2026, orbit 62"}}, {"type": "Feature", "geometry": {"geodesic": false, "type": "Polygon", "coordinates": [[[104.10108703713392, 30.45396610999272], [104.10108703713392, 30.453786446935897], [104.10126670019075, 30.453786446935897], [104.10126670019075, 30.45342712082225], [104.10108703713392, 30.45342712082225], [104.10108703713392, 30.453247457765425], [104.1009073740771, 30.453247457765425], [104.1009073740771, 30.453067794708602], [104.10108703713392, 30.453067794708602], [104.10108703713392, 30.45288813165178], [104.1016260263044, 30.45288813165178], [104.1016260263044, 30.452708468594956], [104.10180568936121, 30.452708468594956], [104.10180568936121, 30.45288813165178], [104.10198535241804, 30.45288813165178], [104.10198535241804, 30.453067794708602], [104.10216501547487, 30.453067794708602], [104.10216501547487, 30.45342712082225], [104.10198535241804, 30.45342712082225], [104.10198535241804, 30.45396610999272], [104.10108703713392, 30.45396610999272]]]}, "properties": {"name": "cand96", "ptype": "hall", "confidence": "low", "rank": 96, "area_ha": 1.3, "rise_db": 6.8, "digitised_from": "Sentinel-1 VV rise 2021->2026, orbit 62"}}, {"type": "Feature", "geometry": {"geodesic": false, "type": "Polygon", "coordinates": [[[104.05617127292794, 30.385873811456463], [104.05617127292794, 30.385514485342814], [104.05599160987113, 30.385514485342814], [104.05599160987113, 30.38533482228599], [104.05617127292794, 30.38533482228599], [104.05617127292794, 30.38479583311552], [104.05599160987113, 30.38479583311552], [104.05599160987113, 30.384616170058695], [104.05563228375748, 30.384616170058695], [104.05563228375748, 30.38479583311552], [104.05527295764382, 30.38479583311552], [104.05527295764382, 30.384616170058695], [104.05545262070065, 30.384616170058695], [104.05545262070065, 30.384436507001872], [104.05563228375748, 30.384436507001872], [104.05563228375748, 30.384256843945046], [104.0558119468143, 30.384256843945046], [104.0558119468143, 30.384077180888223], [104.05617127292794, 30.384077180888223], [104.05617127292794, 30.384256843945046], [104.05635093598477, 30.384256843945046], [104.05635093598477, 30.384436507001872], [104.0565305990416, 30.384436507001872], [104.0565305990416, 30.38479583311552], [104.05671026209842, 30.38479583311552], [104.05671026209842, 30.385155159229168], [104.0565305990416, 30.385155159229168], [104.0565305990416, 30.385694148399637], [104.05635093598477, 30.385694148399637], [104.05635093598477, 30.385873811456463], [104.05617127292794, 30.385873811456463]]]}, "properties": {"name": "cand97", "ptype": "hall", "confidence": "low", "rank": 97, "area_ha": 1.2, "rise_db": 6.4, "digitised_from": "Sentinel-1 VV rise 2021->2026, orbit 62"}}, {"type": "Feature", "geometry": {"geodesic": false, "type": "Polygon", "coordinates": [[[104.11096850525924, 30.404558769366147], [104.11096850525924, 30.404379106309324], [104.11060917914558, 30.404379106309324], [104.11060917914558, 30.404558769366147], [104.11007018997512, 30.404558769366147], [104.11007018997512, 30.404379106309324], [104.10989052691829, 30.404379106309324], [104.10989052691829, 30.4041994432525], [104.11007018997512, 30.4041994432525], [104.11007018997512, 30.403840117138852], [104.11078884220241, 30.403840117138852], [104.11078884220241, 30.404019780195675], [104.11114816831606, 30.404019780195675], [104.11114816831606, 30.4041994432525], [104.11132783137289, 30.4041994432525], [104.11132783137289, 30.404019780195675], [104.11186682054336, 30.404019780195675], [104.11186682054336, 30.404379106309324], [104.11168715748653, 30.404379106309324], [104.11168715748653, 30.404558769366147], [104.11096850525924, 30.404558769366147]]]}, "properties": {"name": "cand98", "ptype": "hall", "confidence": "low", "rank": 98, "area_ha": 1.2, "rise_db": 7.0, "digitised_from": "Sentinel-1 VV rise 2021->2026, orbit 62"}}, {"type": "Feature", "geometry": {"geodesic": false, "type": "Polygon", "coordinates": [[[104.12857548482798, 30.410487650241336], [104.12857548482798, 30.41012832412769], [104.12839582177115, 30.41012832412769], [104.12839582177115, 30.409948661070864], [104.12821615871434, 30.409948661070864], [104.12821615871434, 30.408152030502627], [104.12857548482798, 30.408152030502627], [104.12857548482798, 30.40923000884357], [104.1287551478848, 30.40923000884357], [104.1287551478848, 30.409948661070864], [104.12893481094163, 30.409948661070864], [104.12893481094163, 30.410487650241336], [104.12857548482798, 30.410487650241336]]]}, "properties": {"name": "cand99", "ptype": "hall", "confidence": "low", "rank": 99, "area_ha": 1.2, "rise_db": 5.5, "digitised_from": "Sentinel-1 VV rise 2021->2026, orbit 62"}}, {"type": "Feature", "geometry": {"geodesic": false, "type": "Polygon", "coordinates": [[[104.0987514173952, 30.422345411991714], [104.0987514173952, 30.42162675976442], [104.09929040656569, 30.42162675976442], [104.09929040656569, 30.421447096707595], [104.09947006962251, 30.421447096707595], [104.09947006962251, 30.421267433650772], [104.09982939573615, 30.421267433650772], [104.09982939573615, 30.421447096707595], [104.10000905879298, 30.421447096707595], [104.10000905879298, 30.421986085878068], [104.09982939573615, 30.421986085878068], [104.09982939573615, 30.42216574893489], [104.09964973267934, 30.42216574893489], [104.09964973267934, 30.422345411991714], [104.0987514173952, 30.422345411991714]]]}, "properties": {"name": "cand100", "ptype": "hall", "confidence": "low", "rank": 100, "area_ha": 1.2, "rise_db": 8.6, "digitised_from": "Sentinel-1 VV rise 2021->2026, orbit 62"}}, {"type": "Feature", "geometry": {"geodesic": false, "type": "Polygon", "coordinates": [[[104.1039616460431, 30.453786446935897], [104.1039616460431, 30.453247457765425], [104.10414130909993, 30.453247457765425], [104.10414130909993, 30.453067794708602], [104.10378198298628, 30.453067794708602], [104.10378198298628, 30.452708468594956], [104.10414130909993, 30.452708468594956], [104.10414130909993, 30.452349142481307], [104.10432097215676, 30.452349142481307], [104.10432097215676, 30.452169479424484], [104.10450063521358, 30.452169479424484], [104.10450063521358, 30.452349142481307], [104.1046802982704, 30.452349142481307], [104.1046802982704, 30.45252880553813], [104.10485996132722, 30.45252880553813], [104.10485996132722, 30.453067794708602], [104.1046802982704, 30.453067794708602], [104.1046802982704, 30.45342712082225], [104.10450063521358, 30.45342712082225], [104.10450063521358, 30.453606783879074], [104.10432097215676, 30.453606783879074], [104.10432097215676, 30.453786446935897], [104.1039616460431, 30.453786446935897]], [[104.10432097215676, 30.45288813165178], [104.10414130909993, 30.45288813165178], [104.10414130909993, 30.452708468594956], [104.10432097215676, 30.452708468594956], [104.10432097215676, 30.45288813165178]]]}, "properties": {"name": "cand101", "ptype": "hall", "confidence": "low", "rank": 101, "area_ha": 1.2, "rise_db": 6.3, "digitised_from": "Sentinel-1 VV rise 2021->2026, orbit 62"}}, {"type": "Feature", "geometry": {"geodesic": false, "type": "Polygon", "coordinates": [[[104.07503589389445, 30.387490778967877], [104.07503589389445, 30.387311115911054], [104.07485623083764, 30.387311115911054], [104.07485623083764, 30.38713145285423], [104.07503589389445, 30.38713145285423], [104.07503589389445, 30.386951789797404], [104.07485623083764, 30.386951789797404], [104.07485623083764, 30.385873811456463], [104.07467656778081, 30.385873811456463], [104.07467656778081, 30.385694148399637], [104.07449690472399, 30.385694148399637], [104.07449690472399, 30.385514485342814], [104.07485623083764, 30.385514485342814], [104.07485623083764, 30.385694148399637], [104.07503589389445, 30.385694148399637], [104.07503589389445, 30.385873811456463], [104.07521555695128, 30.385873811456463], [104.07521555695128, 30.386053474513286], [104.0753952200081, 30.386053474513286], [104.0753952200081, 30.38677212674058], [104.07557488306493, 30.38677212674058], [104.07557488306493, 30.38713145285423], [104.0753952200081, 30.38713145285423], [104.0753952200081, 30.387490778967877], [104.07503589389445, 30.387490778967877]]]}, "properties": {"name": "cand102", "ptype": "hall", "confidence": "low", "rank": 102, "area_ha": 1.2, "rise_db": 7.6, "digitised_from": "Sentinel-1 VV rise 2021->2026, orbit 62"}}, {"type": "Feature", "geometry": {"geodesic": false, "type": "Polygon", "coordinates": [[[104.06569341493962, 30.450552511913067], [104.06569341493962, 30.450372848856244], [104.06587307799644, 30.450372848856244], [104.06587307799644, 30.45019318579942], [104.06605274105326, 30.45019318579942], [104.06605274105326, 30.44965419662895], [104.06623240411008, 30.44965419662895], [104.06623240411008, 30.4492948705153], [104.06605274105326, 30.4492948705153], [104.06605274105326, 30.449115207458476], [104.06587307799644, 30.449115207458476], [104.06587307799644, 30.448935544401653], [104.06569341493962, 30.448935544401653], [104.06569341493962, 30.448576218288004], [104.06551375188279, 30.448576218288004], [104.06551375188279, 30.448216892174358], [104.06533408882596, 30.448216892174358], [104.06533408882596, 30.447498239947063], [104.06569341493962, 30.447498239947063], [104.06569341493962, 30.44839655523118], [104.06587307799644, 30.44839655523118], [104.06587307799644, 30.44875588134483], [104.06605274105326, 30.44875588134483], [104.06605274105326, 30.448935544401653], [104.06623240411008, 30.448935544401653], [104.06623240411008, 30.449115207458476], [104.06641206716691, 30.449115207458476], [104.06641206716691, 30.450372848856244], [104.06623240411008, 30.450372848856244], [104.06623240411008, 30.45019318579942], [104.06605274105326, 30.45019318579942], [104.06605274105326, 30.450372848856244], [104.06587307799644, 30.450372848856244], [104.06587307799644, 30.450552511913067], [104.06569341493962, 30.450552511913067]]]}, "properties": {"name": "cand103", "ptype": "hall", "confidence": "low", "rank": 103, "area_ha": 1.2, "rise_db": 6.1, "digitised_from": "Sentinel-1 VV rise 2021->2026, orbit 62"}}, {"type": "Feature", "geometry": {"geodesic": false, "type": "Polygon", "coordinates": [[[104.10863288552052, 30.383717854774574], [104.10863288552052, 30.38353819171775], [104.10845322246371, 30.38353819171775], [104.10845322246371, 30.38299920254728], [104.10863288552052, 30.38299920254728], [104.10863288552052, 30.382819539490455], [104.10953120080465, 30.382819539490455], [104.10953120080465, 30.38299920254728], [104.10971086386147, 30.38299920254728], [104.10971086386147, 30.383358528660928], [104.10953120080465, 30.383358528660928], [104.10953120080465, 30.38353819171775], [104.109171874691, 30.38353819171775], [104.109171874691, 30.383717854774574], [104.10863288552052, 30.383717854774574]]]}, "properties": {"name": "cand104", "ptype": "hall", "confidence": "low", "rank": 104, "area_ha": 1.1, "rise_db": 11.7, "digitised_from": "Sentinel-1 VV rise 2021->2026, orbit 62"}}, {"type": "Feature", "geometry": {"geodesic": false, "type": "Polygon", "coordinates": [[[104.08671399258802, 30.387311115911054], [104.08671399258802, 30.38713145285423], [104.08653432953119, 30.38713145285423], [104.08653432953119, 30.386951789797404], [104.08617500341754, 30.386951789797404], [104.08617500341754, 30.38677212674058], [104.08599534036071, 30.38677212674058], [104.08599534036071, 30.38659246368376], [104.08617500341754, 30.38659246368376], [104.08617500341754, 30.386412800626935], [104.08635466647436, 30.386412800626935], [104.08635466647436, 30.386053474513286], [104.08707331870166, 30.386053474513286], [104.08707331870166, 30.38659246368376], [104.08689365564483, 30.38659246368376], [104.08689365564483, 30.386951789797404], [104.08707331870166, 30.386951789797404], [104.08707331870166, 30.387311115911054], [104.08671399258802, 30.387311115911054]]]}, "properties": {"name": "cand105", "ptype": "hall", "confidence": "low", "rank": 105, "area_ha": 1.1, "rise_db": 7.6, "digitised_from": "Sentinel-1 VV rise 2021->2026, orbit 62"}}, {"type": "Feature", "geometry": {"geodesic": false, "type": "Polygon", "coordinates": [[[104.0881512970426, 30.43312519540115], [104.0881512970426, 30.432945532344323], [104.08797163398577, 30.432945532344323], [104.08797163398577, 30.4327658692875], [104.08779197092895, 30.4327658692875], [104.08779197092895, 30.432586206230678], [104.08797163398577, 30.432586206230678], [104.08797163398577, 30.432406543173855], [104.08833096009943, 30.432406543173855], [104.08833096009943, 30.432586206230678], [104.08940893844037, 30.432586206230678], [104.08940893844037, 30.4327658692875], [104.0895886014972, 30.4327658692875], [104.0895886014972, 30.432945532344323], [104.08940893844037, 30.432945532344323], [104.08940893844037, 30.43312519540115], [104.0881512970426, 30.43312519540115]]]}, "properties": {"name": "cand106", "ptype": "hall", "confidence": "low", "rank": 106, "area_ha": 1.1, "rise_db": 8.5, "digitised_from": "Sentinel-1 VV rise 2021->2026, orbit 62"}}, {"type": "Feature", "geometry": {"geodesic": false, "type": "Polygon", "coordinates": [[[104.11007018997512, 30.391982355388475], [104.11007018997512, 30.39180269233165], [104.10989052691829, 30.39180269233165], [104.10989052691829, 30.391443366218002], [104.10971086386147, 30.391443366218002], [104.10971086386147, 30.39126370316118], [104.10953120080465, 30.39126370316118], [104.10953120080465, 30.390724713990707], [104.11042951608877, 30.390724713990707], [104.11042951608877, 30.39126370316118], [104.11024985303195, 30.39126370316118], [104.11024985303195, 30.391443366218002], [104.11042951608877, 30.391443366218002], [104.11042951608877, 30.39180269233165], [104.11024985303195, 30.39180269233165], [104.11024985303195, 30.391982355388475], [104.11007018997512, 30.391982355388475]]]}, "properties": {"name": "cand107", "ptype": "hall", "confidence": "low", "rank": 107, "area_ha": 1.0, "rise_db": 7.2, "digitised_from": "Sentinel-1 VV rise 2021->2026, orbit 62"}}, {"type": "Feature", "geometry": {"geodesic": false, "type": "Polygon", "coordinates": [[[104.06533408882596, 30.395755279581778], [104.06533408882596, 30.39557561652495], [104.06551375188279, 30.39557561652495], [104.06551375188279, 30.395216290411305], [104.06587307799644, 30.395216290411305], [104.06587307799644, 30.395036627354482], [104.06623240411008, 30.395036627354482], [104.06623240411008, 30.395216290411305], [104.06659173022373, 30.395216290411305], [104.06659173022373, 30.395036627354482], [104.06695105633739, 30.395036627354482], [104.06695105633739, 30.395216290411305], [104.0671307193942, 30.395216290411305], [104.0671307193942, 30.395395953468128], [104.06677139328056, 30.395395953468128], [104.06677139328056, 30.39557561652495], [104.06623240411008, 30.39557561652495], [104.06623240411008, 30.395755279581778], [104.06533408882596, 30.395755279581778]]]}, "properties": {"name": "cand108", "ptype": "hall", "confidence": "low", "rank": 108, "area_ha": 1.0, "rise_db": 6.8, "digitised_from": "Sentinel-1 VV rise 2021->2026, orbit 62"}}, {"type": "Feature", "geometry": {"geodesic": false, "type": "Polygon", "coordinates": [[[104.01610641125622, 30.45396610999272], [104.01610641125622, 30.453786446935897], [104.01646573736987, 30.453786446935897], [104.01646573736987, 30.453606783879074], [104.01628607431304, 30.453606783879074], [104.01628607431304, 30.453067794708602], [104.01646573736987, 30.453067794708602], [104.01646573736987, 30.45288813165178], [104.01664540042668, 30.45288813165178], [104.01664540042668, 30.452708468594956], [104.01682506348351, 30.452708468594956], [104.01682506348351, 30.45288813165178], [104.01700472654034, 30.45288813165178], [104.01700472654034, 30.45342712082225], [104.01718438959716, 30.45342712082225], [104.01718438959716, 30.453786446935897], [104.01682506348351, 30.453786446935897], [104.01682506348351, 30.45396610999272], [104.01610641125622, 30.45396610999272]]]}, "properties": {"name": "cand109", "ptype": "hall", "confidence": "low", "rank": 109, "area_ha": 1.0, "rise_db": 5.7, "digitised_from": "Sentinel-1 VV rise 2021->2026, orbit 62"}}]}