{"type": "FeatureCollection", "features": [{"type": "Feature", "geometry": {"geodesic": false, "type": "Polygon", "coordinates": [[[111.83019174169829, 40.54959259904155], [111.83019174169829, 40.549412935984726], [111.829473089471, 40.549412935984726], [111.829473089471, 40.54959259904155], [111.82929342641417, 40.54959259904155], [111.82929342641417, 40.549412935984726], [111.82911376335734, 40.549412935984726], [111.82911376335734, 40.54905360987108], [111.82857477418688, 40.54905360987108], [111.82857477418688, 40.54923327292791], [111.82839511113005, 40.54923327292791], [111.82839511113005, 40.54905360987108], [111.82821544807322, 40.54905360987108], [111.82821544807322, 40.548873946814254], [111.82713746973228, 40.548873946814254], [111.82713746973228, 40.548694283757435], [111.82695780667545, 40.548694283757435], [111.82695780667545, 40.54833495764378], [111.82713746973228, 40.54833495764378], [111.82713746973228, 40.547975631530136], [111.8273171327891, 40.547975631530136], [111.8273171327891, 40.54779596847331], [111.82713746973228, 40.54779596847331], [111.82713746973228, 40.547256979302844], [111.8273171327891, 40.547256979302844], [111.8273171327891, 40.54743664235966], [111.82749679584593, 40.54743664235966], [111.82749679584593, 40.54707731624602], [111.82695780667545, 40.54707731624602], [111.82695780667545, 40.54689765318919], [111.82659848056181, 40.54689765318919], [111.82659848056181, 40.547256979302844], [111.82641881750499, 40.547256979302844], [111.82641881750499, 40.54743664235966], [111.82623915444816, 40.54743664235966], [111.82623915444816, 40.547256979302844], [111.82605949139133, 40.547256979302844], [111.82605949139133, 40.54707731624602], [111.82623915444816, 40.54707731624602], [111.82623915444816, 40.54671799013237], [111.82587982833451, 40.54671799013237], [111.82587982833451, 40.54635866401872], [111.82677814361863, 40.54635866401872], [111.82677814361863, 40.546538327075545], [111.82713746973228, 40.546538327075545], [111.82713746973228, 40.54671799013237], [111.8280357850164, 40.54671799013237], [111.8280357850164, 40.546538327075545], [111.82821544807322, 40.546538327075545], [111.82821544807322, 40.5461790009619], [111.82839511113005, 40.5461790009619], [111.82839511113005, 40.54581967484825], [111.82875443724369, 40.54581967484825], [111.82875443724369, 40.54599933790507], [111.82893410030051, 40.54599933790507], [111.82893410030051, 40.5461790009619], [111.82929342641417, 40.5461790009619], [111.82929342641417, 40.54635866401872], [111.829473089471, 40.54635866401872], [111.829473089471, 40.54689765318919], [111.82929342641417, 40.54689765318919], [111.82929342641417, 40.547256979302844], [111.82911376335734, 40.547256979302844], [111.82911376335734, 40.54761630541649], [111.82929342641417, 40.54761630541649], [111.82929342641417, 40.54779596847331], [111.82911376335734, 40.54779596847331], [111.82911376335734, 40.54851462070061], [111.82893410030051, 40.54851462070061], [111.82893410030051, 40.548694283757435], [111.82875443724369, 40.548694283757435], [111.82875443724369, 40.548873946814254], [111.82929342641417, 40.548873946814254], [111.82929342641417, 40.54851462070061], [111.829473089471, 40.54851462070061], [111.829473089471, 40.547975631530136], [111.82965275252782, 40.547975631530136], [111.82965275252782, 40.54779596847331], [111.82983241558463, 40.54779596847331], [111.82983241558463, 40.54815529458696], [111.83091039392558, 40.54815529458696], [111.83091039392558, 40.54833495764378], [111.8310900569824, 40.54833495764378], [111.8310900569824, 40.54851462070061], [111.83144938309606, 40.54851462070061], [111.83144938309606, 40.54833495764378], [111.83198837226652, 40.54833495764378], [111.83198837226652, 40.54779596847331], [111.8318087092097, 40.54779596847331], [111.8318087092097, 40.547975631530136], [111.83162904615288, 40.547975631530136], [111.83162904615288, 40.54815529458696], [111.83144938309606, 40.54815529458696], [111.83144938309606, 40.547975631530136], [111.83162904615288, 40.547975631530136], [111.83162904615288, 40.54743664235966], [111.8318087092097, 40.54743664235966], [111.8318087092097, 40.547256979302844], [111.83198837226652, 40.547256979302844], [111.83198837226652, 40.54743664235966], [111.83216803532335, 40.54743664235966], [111.83216803532335, 40.54761630541649], [111.832527361437, 40.54761630541649], [111.832527361437, 40.54707731624602], [111.83288668755064, 40.54707731624602], [111.83288668755064, 40.547256979302844], [111.83270702449381, 40.547256979302844], [111.83270702449381, 40.54743664235966], [111.83288668755064, 40.54743664235966], [111.83288668755064, 40.54761630541649], [111.83306635060747, 40.54761630541649], [111.83306635060747, 40.54779596847331], [111.8332460136643, 40.54779596847331], [111.8332460136643, 40.547975631530136], [111.83342567672112, 40.547975631530136], [111.83342567672112, 40.54815529458696], [111.8332460136643, 40.54815529458696], [111.8332460136643, 40.54833495764378], [111.83306635060747, 40.54833495764378], [111.83306635060747, 40.54851462070061], [111.83342567672112, 40.54851462070061], [111.83342567672112, 40.548873946814254], [111.83216803532335, 40.548873946814254], [111.83216803532335, 40.548694283757435], [111.83162904615288, 40.548694283757435], [111.83162904615288, 40.548873946814254], [111.8310900569824, 40.548873946814254], [111.8310900569824, 40.548694283757435], [111.83091039392558, 40.548694283757435], [111.83091039392558, 40.54851462070061], [111.83037140475511, 40.54851462070061], [111.83037140475511, 40.548694283757435], [111.83019174169829, 40.548694283757435], [111.83019174169829, 40.548873946814254], [111.83037140475511, 40.548873946814254], [111.83037140475511, 40.54905360987108], [111.83091039392558, 40.54905360987108], [111.83091039392558, 40.549412935984726], [111.83037140475511, 40.549412935984726], [111.83037140475511, 40.54959259904155], [111.83019174169829, 40.54959259904155]], [[111.82839511113005, 40.54671799013237], [111.82821544807322, 40.54671799013237], [111.82821544807322, 40.546538327075545], [111.82839511113005, 40.546538327075545], [111.82839511113005, 40.54671799013237]], [[111.82875443724369, 40.54707731624602], [111.82857477418688, 40.54707731624602], [111.82857477418688, 40.54689765318919], [111.82839511113005, 40.54689765318919], [111.82839511113005, 40.54671799013237], [111.82857477418688, 40.54671799013237], [111.82857477418688, 40.546538327075545], [111.82875443724369, 40.546538327075545], [111.82875443724369, 40.54635866401872], [111.82893410030051, 40.54635866401872], [111.82893410030051, 40.54689765318919], [111.82875443724369, 40.54689765318919], [111.82875443724369, 40.54707731624602]], [[111.82893410030051, 40.54779596847331], [111.82839511113005, 40.54779596847331], [111.82839511113005, 40.54761630541649], [111.82893410030051, 40.54761630541649], [111.82893410030051, 40.54779596847331]], [[111.82767645890276, 40.547975631530136], [111.82749679584593, 40.547975631530136], [111.82749679584593, 40.54779596847331], [111.82767645890276, 40.54779596847331], [111.82767645890276, 40.547975631530136]], [[111.8280357850164, 40.547975631530136], [111.82785612195957, 40.547975631530136], [111.82785612195957, 40.54779596847331], [111.8280357850164, 40.54779596847331], [111.8280357850164, 40.547975631530136]], [[111.82749679584593, 40.54815529458696], [111.8273171327891, 40.54815529458696], [111.8273171327891, 40.547975631530136], [111.82749679584593, 40.547975631530136], [111.82749679584593, 40.54815529458696]], [[111.82839511113005, 40.548694283757435], [111.82821544807322, 40.548694283757435], [111.82821544807322, 40.54815529458696], [111.82839511113005, 40.54815529458696], [111.82839511113005, 40.54833495764378], [111.82857477418688, 40.54833495764378], [111.82857477418688, 40.54851462070061], [111.82839511113005, 40.54851462070061], [111.82839511113005, 40.548694283757435]], [[111.83288668755064, 40.54833495764378], [111.83270702449381, 40.54833495764378], [111.83270702449381, 40.547975631530136], [111.83306635060747, 40.547975631530136], [111.83306635060747, 40.54815529458696], [111.83288668755064, 40.54815529458696], [111.83288668755064, 40.54833495764378]], [[111.83270702449381, 40.54851462070061], [111.83216803532335, 40.54851462070061], [111.83216803532335, 40.54833495764378], [111.83234769838018, 40.54833495764378], [111.83234769838018, 40.54815529458696], [111.832527361437, 40.54815529458696], [111.832527361437, 40.54833495764378], [111.83270702449381, 40.54833495764378], [111.83270702449381, 40.54851462070061]]]}, "properties": {"name": "cn_horinger_r15", "ptype": "hall"}}, {"type": "Feature", "geometry": {"geodesic": false, "type": "Polygon", "coordinates": [[[111.82228656719803, 40.56468429581476], [111.82228656719803, 40.56450463275794], [111.82210690414121, 40.56450463275794], [111.82210690414121, 40.56432496970111], [111.82156791497074, 40.56432496970111], [111.82156791497074, 40.564145306644285], [111.82138825191392, 40.564145306644285], [111.82138825191392, 40.56306732830335], [111.82174757802757, 40.56306732830335], [111.82174757802757, 40.56288766524652], [111.82192724108438, 40.56288766524652], [111.82192724108438, 40.562528339132875], [111.82228656719803, 40.562528339132875], [111.82228656719803, 40.56234867607605], [111.82246623025486, 40.56234867607605], [111.82246623025486, 40.56216901301922], [111.82264589331169, 40.56216901301922], [111.82264589331169, 40.56234867607605], [111.82300521942533, 40.56234867607605], [111.82300521942533, 40.562528339132875], [111.82372387165263, 40.562528339132875], [111.82372387165263, 40.562708002189694], [111.82408319776627, 40.562708002189694], [111.82408319776627, 40.56324699136017], [111.82390353470944, 40.56324699136017], [111.82390353470944, 40.56360631747382], [111.82372387165263, 40.56360631747382], [111.82372387165263, 40.56378598053064], [111.8235442085958, 40.56378598053064], [111.8235442085958, 40.56342665441699], [111.82336454553898, 40.56342665441699], [111.82336454553898, 40.56378598053064], [111.82318488248215, 40.56378598053064], [111.82318488248215, 40.563965643587466], [111.8228255563685, 40.563965643587466], [111.8228255563685, 40.564145306644285], [111.82318488248215, 40.564145306644285], [111.82318488248215, 40.56450463275794], [111.82300521942533, 40.56450463275794], [111.82300521942533, 40.56468429581476], [111.82228656719803, 40.56468429581476]], [[111.82336454553898, 40.56288766524652], [111.82318488248215, 40.56288766524652], [111.82318488248215, 40.562708002189694], [111.82336454553898, 40.562708002189694], [111.82336454553898, 40.56288766524652]], [[111.8228255563685, 40.56306732830335], [111.82246623025486, 40.56306732830335], [111.82246623025486, 40.56288766524652], [111.8228255563685, 40.56288766524652], [111.8228255563685, 40.56306732830335]], [[111.82246623025486, 40.563965643587466], [111.82210690414121, 40.563965643587466], [111.82210690414121, 40.56360631747382], [111.82228656719803, 40.56360631747382], [111.82228656719803, 40.56378598053064], [111.82246623025486, 40.56378598053064], [111.82246623025486, 40.563965643587466]], [[111.8228255563685, 40.56432496970111], [111.82264589331169, 40.56432496970111], [111.82264589331169, 40.564145306644285], [111.8228255563685, 40.564145306644285], [111.8228255563685, 40.56432496970111]]]}, "properties": {"name": "cn_horinger_r27", "ptype": "hall"}}, {"type": "Feature", "geometry": {"geodesic": false, "type": "Polygon", "coordinates": [[[111.83091039392558, 40.52210415134749], [111.83091039392558, 40.52192448829067], [111.83019174169829, 40.52192448829067], [111.83019174169829, 40.521565162177026], [111.82983241558463, 40.521565162177026], [111.82983241558463, 40.52120583606337], [111.82965275252782, 40.52120583606337], [111.82965275252782, 40.521026173006554], [111.82929342641417, 40.521026173006554], [111.82929342641417, 40.52120583606337], [111.82911376335734, 40.52120583606337], [111.82911376335734, 40.5213854991202], [111.82857477418688, 40.5213854991202], [111.82857477418688, 40.52120583606337], [111.82839511113005, 40.52120583606337], [111.82839511113005, 40.52084650994973], [111.82857477418688, 40.52084650994973], [111.82857477418688, 40.5206668468929], [111.82839511113005, 40.5206668468929], [111.82839511113005, 40.52048718383608], [111.82857477418688, 40.52048718383608], [111.82857477418688, 40.520307520779255], [111.82875443724369, 40.520307520779255], [111.82875443724369, 40.52012785772243], [111.82893410030051, 40.52012785772243], [111.82893410030051, 40.51994819466561], [111.82875443724369, 40.51994819466561], [111.82875443724369, 40.51976853160878], [111.82893410030051, 40.51976853160878], [111.82893410030051, 40.51958886855196], [111.82911376335734, 40.51958886855196], [111.82911376335734, 40.51976853160878], [111.829473089471, 40.51976853160878], [111.829473089471, 40.51958886855196], [111.82965275252782, 40.51958886855196], [111.82965275252782, 40.51940920549514], [111.82911376335734, 40.51940920549514], [111.82911376335734, 40.51922954243831], [111.829473089471, 40.51922954243831], [111.829473089471, 40.518870216324665], [111.82965275252782, 40.518870216324665], [111.82965275252782, 40.51904987938149], [111.83037140475511, 40.51904987938149], [111.83037140475511, 40.51851089021102], [111.83055106781194, 40.51851089021102], [111.83055106781194, 40.51869055326784], [111.83126972003923, 40.51869055326784], [111.83126972003923, 40.518870216324665], [111.8310900569824, 40.518870216324665], [111.8310900569824, 40.51922954243831], [111.83144938309606, 40.51922954243831], [111.83144938309606, 40.518870216324665], [111.83216803532335, 40.518870216324665], [111.83216803532335, 40.51904987938149], [111.832527361437, 40.51904987938149], [111.832527361437, 40.51922954243831], [111.83270702449381, 40.51922954243831], [111.83270702449381, 40.51958886855196], [111.832527361437, 40.51958886855196], [111.832527361437, 40.51994819466561], [111.83234769838018, 40.51994819466561], [111.83234769838018, 40.52012785772243], [111.83216803532335, 40.52012785772243], [111.83216803532335, 40.520307520779255], [111.83198837226652, 40.520307520779255], [111.83198837226652, 40.5206668468929], [111.8318087092097, 40.5206668468929], [111.8318087092097, 40.52120583606337], [111.83162904615288, 40.52120583606337], [111.83162904615288, 40.5213854991202], [111.83144938309606, 40.5213854991202], [111.83144938309606, 40.521565162177026], [111.83126972003923, 40.521565162177026], [111.83126972003923, 40.52192448829067], [111.8310900569824, 40.52192448829067], [111.8310900569824, 40.52210415134749], [111.83091039392558, 40.52210415134749]], [[111.82983241558463, 40.52012785772243], [111.82965275252782, 40.52012785772243], [111.82965275252782, 40.51994819466561], [111.82983241558463, 40.51994819466561], [111.82983241558463, 40.52012785772243]], [[111.83162904615288, 40.520307520779255], [111.83144938309606, 40.520307520779255], [111.83144938309606, 40.52012785772243], [111.83162904615288, 40.52012785772243], [111.83162904615288, 40.520307520779255]], [[111.83037140475511, 40.521565162177026], [111.83019174169829, 40.521565162177026], [111.83019174169829, 40.5213854991202], [111.83037140475511, 40.5213854991202], [111.83037140475511, 40.521565162177026]]]}, "properties": {"name": "cn_horinger_r16", "ptype": "hall"}}, {"type": "Feature", "geometry": {"geodesic": false, "type": "Polygon", "coordinates": [[[111.83001207864146, 40.553904512405325], [111.83001207864146, 40.553724849348505], [111.82983241558463, 40.553724849348505], [111.82983241558463, 40.55336552323485], [111.82965275252782, 40.55336552323485], [111.82965275252782, 40.55318586017803], [111.82857477418688, 40.55318586017803], [111.82857477418688, 40.553006197121206], [111.8280357850164, 40.553006197121206], [111.8280357850164, 40.55282653406438], [111.82767645890276, 40.55282653406438], [111.82767645890276, 40.553006197121206], [111.82749679584593, 40.553006197121206], [111.82749679584593, 40.55318586017803], [111.8273171327891, 40.55318586017803], [111.8273171327891, 40.55336552323485], [111.82695780667545, 40.55336552323485], [111.82695780667545, 40.553006197121206], [111.82713746973228, 40.553006197121206], [111.82713746973228, 40.55264687100756], [111.8273171327891, 40.55264687100756], [111.8273171327891, 40.55192821878026], [111.82749679584593, 40.55192821878026], [111.82749679584593, 40.551568892666616], [111.82767645890276, 40.551568892666616], [111.82767645890276, 40.55120956655297], [111.82785612195957, 40.55120956655297], [111.82785612195957, 40.55102990349614], [111.82695780667545, 40.55102990349614], [111.82695780667545, 40.55138922960979], [111.82713746973228, 40.55138922960979], [111.82713746973228, 40.551568892666616], [111.82659848056181, 40.551568892666616], [111.82659848056181, 40.55174855572344], [111.82641881750499, 40.55174855572344], [111.82641881750499, 40.55192821878026], [111.82623915444816, 40.55192821878026], [111.82623915444816, 40.55174855572344], [111.82605949139133, 40.55174855572344], [111.82605949139133, 40.55120956655297], [111.82623915444816, 40.55120956655297], [111.82623915444816, 40.55102990349614], [111.82641881750499, 40.55102990349614], [111.82641881750499, 40.5506705773825], [111.82623915444816, 40.5506705773825], [111.82623915444816, 40.550131588212025], [111.82659848056181, 40.550131588212025], [111.82659848056181, 40.5499519251552], [111.82677814361863, 40.5499519251552], [111.82677814361863, 40.550131588212025], [111.82695780667545, 40.550131588212025], [111.82695780667545, 40.550311251268845], [111.82677814361863, 40.550311251268845], [111.82677814361863, 40.55049091432567], [111.82695780667545, 40.55049091432567], [111.82695780667545, 40.5506705773825], [111.8273171327891, 40.5506705773825], [111.8273171327891, 40.55049091432567], [111.82749679584593, 40.55049091432567], [111.82749679584593, 40.550131588212025], [111.82767645890276, 40.550131588212025], [111.82767645890276, 40.5499519251552], [111.82785612195957, 40.5499519251552], [111.82785612195957, 40.550131588212025], [111.8280357850164, 40.550131588212025], [111.8280357850164, 40.55049091432567], [111.82785612195957, 40.55049091432567], [111.82785612195957, 40.55102990349614], [111.8280357850164, 40.55102990349614], [111.8280357850164, 40.55085024043932], [111.82821544807322, 40.55085024043932], [111.82821544807322, 40.55049091432567], [111.82839511113005, 40.55049091432567], [111.82839511113005, 40.550311251268845], [111.82857477418688, 40.550311251268845], [111.82857477418688, 40.550131588212025], [111.82911376335734, 40.550131588212025], [111.82911376335734, 40.55049091432567], [111.82875443724369, 40.55049091432567], [111.82875443724369, 40.5506705773825], [111.82893410030051, 40.5506705773825], [111.82893410030051, 40.55085024043932], [111.829473089471, 40.55085024043932], [111.829473089471, 40.55102990349614], [111.83001207864146, 40.55102990349614], [111.83001207864146, 40.551568892666616], [111.83037140475511, 40.551568892666616], [111.83037140475511, 40.55138922960979], [111.83055106781194, 40.55138922960979], [111.83055106781194, 40.551568892666616], [111.83091039392558, 40.551568892666616], [111.83091039392558, 40.55174855572344], [111.83126972003923, 40.55174855572344], [111.83126972003923, 40.55192821878026], [111.83162904615288, 40.55192821878026], [111.83162904615288, 40.55228754489391], [111.83144938309606, 40.55228754489391], [111.83144938309606, 40.55282653406438], [111.83126972003923, 40.55282653406438], [111.83126972003923, 40.553006197121206], [111.8310900569824, 40.553006197121206], [111.8310900569824, 40.55318586017803], [111.83091039392558, 40.55318586017803], [111.83091039392558, 40.55336552323485], [111.83073073086875, 40.55336552323485], [111.83073073086875, 40.55354518629168], [111.83037140475511, 40.55354518629168], [111.83037140475511, 40.553724849348505], [111.83019174169829, 40.553724849348505], [111.83019174169829, 40.553904512405325], [111.83001207864146, 40.553904512405325]], [[111.829473089471, 40.55228754489391], [111.82911376335734, 40.55228754489391], [111.82911376335734, 40.55210788183709], [111.82893410030051, 40.55210788183709], [111.82893410030051, 40.55192821878026], [111.82911376335734, 40.55192821878026], [111.82911376335734, 40.55138922960979], [111.82893410030051, 40.55138922960979], [111.82893410030051, 40.55120956655297], [111.82929342641417, 40.55120956655297], [111.82929342641417, 40.55138922960979], [111.829473089471, 40.55138922960979], [111.829473089471, 40.551568892666616], [111.83001207864146, 40.551568892666616], [111.83001207864146, 40.55174855572344], [111.82983241558463, 40.55174855572344], [111.82983241558463, 40.55192821878026], [111.82965275252782, 40.55192821878026], [111.82965275252782, 40.55210788183709], [111.829473089471, 40.55210788183709], [111.829473089471, 40.55228754489391]], [[111.83073073086875, 40.55336552323485], [111.83037140475511, 40.55336552323485], [111.83037140475511, 40.55318586017803], [111.83055106781194, 40.55318586017803], [111.83055106781194, 40.553006197121206], [111.83073073086875, 40.553006197121206], [111.83073073086875, 40.55336552323485]], [[111.83019174169829, 40.55354518629168], [111.83001207864146, 40.55354518629168], [111.83001207864146, 40.55336552323485], [111.83019174169829, 40.55336552323485], [111.83019174169829, 40.55354518629168]]]}, "properties": {"name": "cn_horinger_r13", "ptype": "hall"}}, {"type": "Feature", "geometry": {"geodesic": false, "type": "Polygon", "coordinates": [[[111.86414805943801, 40.58408790595174], [111.86414805943801, 40.58390824289492], [111.86396839638118, 40.58390824289492], [111.86396839638118, 40.583728579838095], [111.86378873332436, 40.583728579838095], [111.86378873332436, 40.58336925372445], [111.86307008109706, 40.58336925372445], [111.86307008109706, 40.58318959066762], [111.86289041804024, 40.58318959066762], [111.86289041804024, 40.58336925372445], [111.86271075498341, 40.58336925372445], [111.86271075498341, 40.58354891678127], [111.86253109192658, 40.58354891678127], [111.86253109192658, 40.58336925372445], [111.86181243969929, 40.58336925372445], [111.86181243969929, 40.58318959066762], [111.861093787472, 40.58318959066762], [111.861093787472, 40.583009927610796], [111.86055479830152, 40.583009927610796], [111.86055479830152, 40.58283026455398], [111.85983614607423, 40.58283026455398], [111.85983614607423, 40.583009927610796], [111.85947681996058, 40.583009927610796], [111.85947681996058, 40.58283026455398], [111.85983614607423, 40.58283026455398], [111.85983614607423, 40.58265060149715], [111.85947681996058, 40.58265060149715], [111.85947681996058, 40.58247093844032], [111.85893783079011, 40.58247093844032], [111.85893783079011, 40.582291275383504], [111.85875816773328, 40.582291275383504], [111.85875816773328, 40.58193194926986], [111.85839884161963, 40.58193194926986], [111.85839884161963, 40.58211161232668], [111.85785985244917, 40.58211161232668], [111.85785985244917, 40.58175228621303], [111.85768018939234, 40.58175228621303], [111.85768018939234, 40.581572623156205], [111.85750052633551, 40.581572623156205], [111.85750052633551, 40.58121329704256], [111.85768018939234, 40.58121329704256], [111.85768018939234, 40.580853970928914], [111.85785985244917, 40.580853970928914], [111.85785985244917, 40.58031498175844], [111.85750052633551, 40.58031498175844], [111.85750052633551, 40.580135318701615], [111.85714120022188, 40.580135318701615], [111.85714120022188, 40.58049464481526], [111.85750052633551, 40.58049464481526], [111.85750052633551, 40.58103363398573], [111.85714120022188, 40.58103363398573], [111.85714120022188, 40.580853970928914], [111.85678187410822, 40.580853970928914], [111.85678187410822, 40.58067430787209], [111.8566022110514, 40.58067430787209], [111.8566022110514, 40.58031498175844], [111.85678187410822, 40.58031498175844], [111.85678187410822, 40.580135318701615], [111.85696153716505, 40.580135318701615], [111.85696153716505, 40.57977599258797], [111.8573208632787, 40.57977599258797], [111.8573208632787, 40.57941666647432], [111.85785985244917, 40.57941666647432], [111.85785985244917, 40.5792370034175], [111.85768018939234, 40.5792370034175], [111.85768018939234, 40.57905734036067], [111.85821917856282, 40.57905734036067], [111.85821917856282, 40.5792370034175], [111.85875816773328, 40.5792370034175], [111.85875816773328, 40.57905734036067], [111.85893783079011, 40.57905734036067], [111.85893783079011, 40.578698014247024], [111.85929715690376, 40.578698014247024], [111.85929715690376, 40.5785183511902], [111.85893783079011, 40.5785183511902], [111.85893783079011, 40.57815902507655], [111.8596564830174, 40.57815902507655], [111.8596564830174, 40.57833868813338], [111.85929715690376, 40.57833868813338], [111.85929715690376, 40.5785183511902], [111.8596564830174, 40.5785183511902], [111.8596564830174, 40.57905734036067], [111.85929715690376, 40.57905734036067], [111.85929715690376, 40.57941666647432], [111.85911749384694, 40.57941666647432], [111.85911749384694, 40.57959632953114], [111.85893783079011, 40.57959632953114], [111.85893783079011, 40.57995565564479], [111.85911749384694, 40.57995565564479], [111.85911749384694, 40.57977599258797], [111.85929715690376, 40.57977599258797], [111.85929715690376, 40.57959632953114], [111.85947681996058, 40.57959632953114], [111.85947681996058, 40.57995565564479], [111.8596564830174, 40.57995565564479], [111.8596564830174, 40.57977599258797], [111.85983614607423, 40.57977599258797], [111.85983614607423, 40.57941666647432], [111.86001580913106, 40.57941666647432], [111.86001580913106, 40.57887767730385], [111.86019547218788, 40.57887767730385], [111.86019547218788, 40.57905734036067], [111.8603751352447, 40.57905734036067], [111.8603751352447, 40.57887767730385], [111.86055479830152, 40.57887767730385], [111.86055479830152, 40.5792370034175], [111.8603751352447, 40.5792370034175], [111.8603751352447, 40.57941666647432], [111.86019547218788, 40.57941666647432], [111.86019547218788, 40.57977599258797], [111.86001580913106, 40.57977599258797], [111.86001580913106, 40.57995565564479], [111.86019547218788, 40.57995565564479], [111.86019547218788, 40.58031498175844], [111.86091412441517, 40.58031498175844], [111.86091412441517, 40.580135318701615], [111.86073446135835, 40.580135318701615], [111.86073446135835, 40.57977599258797], [111.86091412441517, 40.57977599258797], [111.86091412441517, 40.57941666647432], [111.861093787472, 40.57941666647432], [111.861093787472, 40.57887767730385], [111.86127345052883, 40.57887767730385], [111.86127345052883, 40.578698014247024], [111.86145311358564, 40.578698014247024], [111.86145311358564, 40.5785183511902], [111.861093787472, 40.5785183511902], [111.861093787472, 40.57833868813338], [111.86091412441517, 40.57833868813338], [111.86091412441517, 40.577979362019725], [111.861093787472, 40.577979362019725], [111.861093787472, 40.577799698962906], [111.86073446135835, 40.577799698962906], [111.86073446135835, 40.57762003590608], [111.86163277664247, 40.57762003590608], [111.86163277664247, 40.577979362019725], [111.86181243969929, 40.577979362019725], [111.86181243969929, 40.57815902507655], [111.86145311358564, 40.57815902507655], [111.86145311358564, 40.5785183511902], [111.86163277664247, 40.5785183511902], [111.86163277664247, 40.57887767730385], [111.86199210275612, 40.57887767730385], [111.86199210275612, 40.5792370034175], [111.86181243969929, 40.5792370034175], [111.86181243969929, 40.57941666647432], [111.86235142886976, 40.57941666647432], [111.86235142886976, 40.5792370034175], [111.86271075498341, 40.5792370034175], [111.86271075498341, 40.57941666647432], [111.86307008109706, 40.57941666647432], [111.86307008109706, 40.57959632953114], [111.86360907026753, 40.57959632953114], [111.86360907026753, 40.57977599258797], [111.86378873332436, 40.57977599258797], [111.86378873332436, 40.57995565564479], [111.86414805943801, 40.57995565564479], [111.86414805943801, 40.57977599258797], [111.86450738555165, 40.57977599258797], [111.86450738555165, 40.580135318701615], [111.86468704860847, 40.580135318701615], [111.86468704860847, 40.58049464481526], [111.8648667116653, 40.58049464481526], [111.8648667116653, 40.58031498175844], [111.86504637472213, 40.58031498175844], [111.86504637472213, 40.57995565564479], [111.86540570083577, 40.57995565564479], [111.86540570083577, 40.580135318701615], [111.86594469000624, 40.580135318701615], [111.86594469000624, 40.580853970928914], [111.86522603777895, 40.580853970928914], [111.86522603777895, 40.58121329704256], [111.86540570083577, 40.58121329704256], [111.86540570083577, 40.58175228621303], [111.86558536389259, 40.58175228621303], [111.86558536389259, 40.58193194926986], [111.86522603777895, 40.58193194926986], [111.86522603777895, 40.58318959066762], [111.86504637472213, 40.58318959066762], [111.86504637472213, 40.58336925372445], [111.8648667116653, 40.58336925372445], [111.8648667116653, 40.583728579838095], [111.86468704860847, 40.583728579838095], [111.86468704860847, 40.58408790595174], [111.86414805943801, 40.58408790595174]], [[111.85857850467646, 40.57959632953114], [111.858039515506, 40.57959632953114], [111.858039515506, 40.57941666647432], [111.85857850467646, 40.57941666647432], [111.85857850467646, 40.57959632953114]], [[111.85768018939234, 40.57995565564479], [111.85750052633551, 40.57995565564479], [111.85750052633551, 40.57977599258797], [111.85768018939234, 40.57977599258797], [111.85768018939234, 40.57995565564479]], [[111.86145311358564, 40.57995565564479], [111.861093787472, 40.57995565564479], [111.861093787472, 40.57977599258797], [111.86127345052883, 40.57977599258797], [111.86127345052883, 40.57959632953114], [111.86145311358564, 40.57959632953114], [111.86145311358564, 40.57941666647432], [111.86181243969929, 40.57941666647432], [111.86181243969929, 40.57959632953114], [111.86163277664247, 40.57959632953114], [111.86163277664247, 40.57977599258797], [111.86145311358564, 40.57977599258797], [111.86145311358564, 40.57995565564479]], [[111.86235142886976, 40.580135318701615], [111.86217176581295, 40.580135318701615], [111.86217176581295, 40.57995565564479], [111.86235142886976, 40.57995565564479], [111.86235142886976, 40.580135318701615]], [[111.85947681996058, 40.581572623156205], [111.85857850467646, 40.581572623156205], [111.85857850467646, 40.581392960099386], [111.85839884161963, 40.581392960099386], [111.85839884161963, 40.580853970928914], [111.85857850467646, 40.580853970928914], [111.85857850467646, 40.58049464481526], [111.85911749384694, 40.58049464481526], [111.85911749384694, 40.580853970928914], [111.85929715690376, 40.580853970928914], [111.85929715690376, 40.58067430787209], [111.85947681996058, 40.58067430787209], [111.85947681996058, 40.581572623156205]], [[111.86396839638118, 40.58175228621303], [111.8634294072107, 40.58175228621303], [111.8634294072107, 40.581392960099386], [111.86360907026753, 40.581392960099386], [111.86360907026753, 40.58121329704256], [111.86378873332436, 40.58121329704256], [111.86378873332436, 40.580853970928914], [111.86432772249482, 40.580853970928914], [111.86432772249482, 40.58103363398573], [111.86414805943801, 40.58103363398573], [111.86414805943801, 40.581392960099386], [111.86396839638118, 40.581392960099386], [111.86396839638118, 40.58175228621303]], [[111.8648667116653, 40.58175228621303], [111.86414805943801, 40.58175228621303], [111.86414805943801, 40.581392960099386], [111.86432772249482, 40.581392960099386], [111.86432772249482, 40.581572623156205], [111.86450738555165, 40.581572623156205], [111.86450738555165, 40.581392960099386], [111.86468704860847, 40.581392960099386], [111.86468704860847, 40.581572623156205], [111.8648667116653, 40.581572623156205], [111.8648667116653, 40.58175228621303]], [[111.86001580913106, 40.58193194926986], [111.85983614607423, 40.58193194926986], [111.85983614607423, 40.58175228621303], [111.85947681996058, 40.58175228621303], [111.85947681996058, 40.581572623156205], [111.8596564830174, 40.581572623156205], [111.8596564830174, 40.581392960099386], [111.85983614607423, 40.581392960099386], [111.85983614607423, 40.58121329704256], [111.86001580913106, 40.58121329704256], [111.86001580913106, 40.581572623156205], [111.86019547218788, 40.581572623156205], [111.86019547218788, 40.58175228621303], [111.86001580913106, 40.58175228621303], [111.86001580913106, 40.58193194926986]], [[111.85983614607423, 40.58211161232668], [111.85947681996058, 40.58211161232668], [111.85947681996058, 40.58193194926986], [111.85983614607423, 40.58193194926986], [111.85983614607423, 40.58211161232668]], [[111.86073446135835, 40.582291275383504], [111.86055479830152, 40.582291275383504], [111.86055479830152, 40.58211161232668], [111.86073446135835, 40.58211161232668], [111.86073446135835, 40.582291275383504]], [[111.86253109192658, 40.582291275383504], [111.86235142886976, 40.582291275383504], [111.86235142886976, 40.58211161232668], [111.86253109192658, 40.58211161232668], [111.86253109192658, 40.582291275383504]], [[111.86324974415389, 40.58283026455398], [111.86289041804024, 40.58283026455398], [111.86289041804024, 40.58247093844032], [111.86324974415389, 40.58247093844032], [111.86324974415389, 40.58283026455398]], [[111.86414805943801, 40.58354891678127], [111.86396839638118, 40.58354891678127], [111.86396839638118, 40.58336925372445], [111.86414805943801, 40.58336925372445], [111.86414805943801, 40.58354891678127]], [[111.86468704860847, 40.583728579838095], [111.86450738555165, 40.583728579838095], [111.86450738555165, 40.58354891678127], [111.86468704860847, 40.58354891678127], [111.86468704860847, 40.583728579838095]]]}, "properties": {"name": "cn_horinger_r03", "ptype": "hall"}}, {"type": "Feature", "geometry": {"geodesic": false, "type": "Polygon", "coordinates": [[[111.82767645890276, 40.540968772314], [111.82767645890276, 40.54025012008671], [111.8273171327891, 40.54025012008671], [111.8273171327891, 40.54078910925718], [111.82749679584593, 40.54078910925718], [111.82749679584593, 40.540968772314], [111.82695780667545, 40.540968772314], [111.82695780667545, 40.540070457029884], [111.82659848056181, 40.540070457029884], [111.82659848056181, 40.54025012008671], [111.82623915444816, 40.54025012008671], [111.82623915444816, 40.54042978314353], [111.82605949139133, 40.54042978314353], [111.82605949139133, 40.54060944620036], [111.82587982833451, 40.54060944620036], [111.82587982833451, 40.54078910925718], [111.8257001652777, 40.54078910925718], [111.8257001652777, 40.540968772314], [111.82534083916404, 40.540968772314], [111.82534083916404, 40.54078910925718], [111.82498151305039, 40.54078910925718], [111.82498151305039, 40.54060944620036], [111.82480184999356, 40.54060944620036], [111.82480184999356, 40.540070457029884], [111.82498151305039, 40.540070457029884], [111.82498151305039, 40.53989079397306], [111.82516117610722, 40.53989079397306], [111.82516117610722, 40.53971113091624], [111.82552050222087, 40.53971113091624], [111.82552050222087, 40.53953146785941], [111.82498151305039, 40.53953146785941], [111.82498151305039, 40.53935180480259], [111.82480184999356, 40.53935180480259], [111.82480184999356, 40.53845348951847], [111.82516117610722, 40.53845348951847], [111.82516117610722, 40.538633152575294], [111.82552050222087, 40.538633152575294], [111.82552050222087, 40.53881281563212], [111.82587982833451, 40.53881281563212], [111.82587982833451, 40.53845348951847], [111.82605949139133, 40.53845348951847], [111.82605949139133, 40.53827382646165], [111.82552050222087, 40.53827382646165], [111.82552050222087, 40.53809416340482], [111.82516117610722, 40.53809416340482], [111.82516117610722, 40.53755517423435], [111.82534083916404, 40.53755517423435], [111.82534083916404, 40.53737551117753], [111.82552050222087, 40.53737551117753], [111.82552050222087, 40.53665685895023], [111.82587982833451, 40.53665685895023], [111.82587982833451, 40.53611786977976], [111.82605949139133, 40.53611786977976], [111.82605949139133, 40.53593820672293], [111.82641881750499, 40.53593820672293], [111.82641881750499, 40.53575854366611], [111.82695780667545, 40.53575854366611], [111.82695780667545, 40.53593820672293], [111.8273171327891, 40.53593820672293], [111.8273171327891, 40.53611786977976], [111.82821544807322, 40.53611786977976], [111.82821544807322, 40.536477195893404], [111.82839511113005, 40.536477195893404], [111.82839511113005, 40.536297532836585], [111.82875443724369, 40.536297532836585], [111.82875443724369, 40.536477195893404], [111.829473089471, 40.536477195893404], [111.829473089471, 40.53665685895023], [111.83019174169829, 40.53665685895023], [111.83019174169829, 40.53683652200706], [111.83055106781194, 40.53683652200706], [111.83055106781194, 40.53701618506388], [111.83073073086875, 40.53701618506388], [111.83073073086875, 40.5371958481207], [111.8310900569824, 40.5371958481207], [111.8310900569824, 40.53737551117753], [111.83091039392558, 40.53737551117753], [111.83091039392558, 40.53755517423435], [111.83055106781194, 40.53755517423435], [111.83055106781194, 40.5371958481207], [111.83037140475511, 40.5371958481207], [111.83037140475511, 40.53737551117753], [111.83019174169829, 40.53737551117753], [111.83019174169829, 40.537734837291175], [111.83073073086875, 40.537734837291175], [111.83073073086875, 40.537914500347995], [111.83091039392558, 40.537914500347995], [111.83091039392558, 40.53827382646165], [111.8310900569824, 40.53827382646165], [111.8310900569824, 40.537914500347995], [111.83126972003923, 40.537914500347995], [111.83126972003923, 40.53809416340482], [111.83144938309606, 40.53809416340482], [111.83144938309606, 40.53845348951847], [111.83162904615288, 40.53845348951847], [111.83162904615288, 40.538633152575294], [111.83144938309606, 40.538633152575294], [111.83144938309606, 40.53899247868894], [111.83162904615288, 40.53899247868894], [111.83162904615288, 40.53881281563212], [111.8318087092097, 40.53881281563212], [111.8318087092097, 40.53899247868894], [111.83216803532335, 40.53899247868894], [111.83216803532335, 40.539172141745766], [111.83234769838018, 40.539172141745766], [111.83234769838018, 40.53953146785941], [111.83216803532335, 40.53953146785941], [111.83216803532335, 40.53971113091624], [111.83198837226652, 40.53971113091624], [111.83198837226652, 40.53989079397306], [111.8318087092097, 40.53989079397306], [111.8318087092097, 40.540070457029884], [111.83144938309606, 40.540070457029884], [111.83144938309606, 40.53971113091624], [111.83126972003923, 40.53971113091624], [111.83126972003923, 40.53953146785941], [111.8310900569824, 40.53953146785941], [111.8310900569824, 40.53971113091624], [111.83037140475511, 40.53971113091624], [111.83037140475511, 40.53989079397306], [111.83019174169829, 40.53989079397306], [111.83019174169829, 40.53971113091624], [111.829473089471, 40.53971113091624], [111.829473089471, 40.53989079397306], [111.82965275252782, 40.53989079397306], [111.82965275252782, 40.540070457029884], [111.83001207864146, 40.540070457029884], [111.83001207864146, 40.54060944620036], [111.82983241558463, 40.54060944620036], [111.82983241558463, 40.54078910925718], [111.82911376335734, 40.54078910925718], [111.82911376335734, 40.54060944620036], [111.82893410030051, 40.54060944620036], [111.82893410030051, 40.54078910925718], [111.82875443724369, 40.54078910925718], [111.82875443724369, 40.54060944620036], [111.82857477418688, 40.54060944620036], [111.82857477418688, 40.54042978314353], [111.82839511113005, 40.54042978314353], [111.82839511113005, 40.54060944620036], [111.82821544807322, 40.54060944620036], [111.82821544807322, 40.54078910925718], [111.8280357850164, 40.54078910925718], [111.8280357850164, 40.540968772314], [111.82767645890276, 40.540968772314]], [[111.82713746973228, 40.53701618506388], [111.82695780667545, 40.53701618506388], [111.82695780667545, 40.53683652200706], [111.82713746973228, 40.53683652200706], [111.82713746973228, 40.53701618506388]], [[111.82911376335734, 40.53701618506388], [111.82857477418688, 40.53701618506388], [111.82857477418688, 40.53683652200706], [111.82839511113005, 40.53683652200706], [111.82839511113005, 40.53665685895023], [111.82893410030051, 40.53665685895023], [111.82893410030051, 40.53683652200706], [111.82911376335734, 40.53683652200706], [111.82911376335734, 40.53701618506388]], [[111.82713746973228, 40.53809416340482], [111.82659848056181, 40.53809416340482], [111.82659848056181, 40.537914500347995], [111.82641881750499, 40.537914500347995], [111.82641881750499, 40.537734837291175], [111.82695780667545, 40.537734837291175], [111.82695780667545, 40.537914500347995], [111.82713746973228, 40.537914500347995], [111.82713746973228, 40.53809416340482]], [[111.82552050222087, 40.53899247868894], [111.82534083916404, 40.53899247868894], [111.82534083916404, 40.53881281563212], [111.82552050222087, 40.53881281563212], [111.82552050222087, 40.53899247868894]], [[111.82534083916404, 40.539172141745766], [111.82516117610722, 40.539172141745766], [111.82516117610722, 40.53899247868894], [111.82534083916404, 40.53899247868894], [111.82534083916404, 40.539172141745766]], [[111.82785612195957, 40.539172141745766], [111.82749679584593, 40.539172141745766], [111.82749679584593, 40.53899247868894], [111.8273171327891, 40.53899247868894], [111.8273171327891, 40.538633152575294], [111.8280357850164, 40.538633152575294], [111.8280357850164, 40.53827382646165], [111.82767645890276, 40.53827382646165], [111.82767645890276, 40.53809416340482], [111.82785612195957, 40.53809416340482], [111.82785612195957, 40.537914500347995], [111.82767645890276, 40.537914500347995], [111.82767645890276, 40.537734837291175], [111.82821544807322, 40.537734837291175], [111.82821544807322, 40.53755517423435], [111.8280357850164, 40.53755517423435], [111.8280357850164, 40.53737551117753], [111.82821544807322, 40.53737551117753], [111.82821544807322, 40.5371958481207], [111.82857477418688, 40.5371958481207], [111.82857477418688, 40.53737551117753], [111.82875443724369, 40.53737551117753], [111.82875443724369, 40.53755517423435], [111.82857477418688, 40.53755517423435], [111.82857477418688, 40.53827382646165], [111.82875443724369, 40.53827382646165], [111.82875443724369, 40.53809416340482], [111.82965275252782, 40.53809416340482], [111.82965275252782, 40.53827382646165], [111.83001207864146, 40.53827382646165], [111.83001207864146, 40.53845348951847], [111.829473089471, 40.53845348951847], [111.829473089471, 40.538633152575294], [111.82929342641417, 40.538633152575294], [111.82929342641417, 40.53845348951847], [111.82839511113005, 40.53845348951847], [111.82839511113005, 40.538633152575294], [111.82821544807322, 40.538633152575294], [111.82821544807322, 40.53881281563212], [111.82785612195957, 40.53881281563212], [111.82785612195957, 40.539172141745766]], [[111.82893410030051, 40.539172141745766], [111.82875443724369, 40.539172141745766], [111.82875443724369, 40.53899247868894], [111.82893410030051, 40.53899247868894], [111.82893410030051, 40.539172141745766]], [[111.82911376335734, 40.53953146785941], [111.82893410030051, 40.53953146785941], [111.82893410030051, 40.53935180480259], [111.82911376335734, 40.53935180480259], [111.82911376335734, 40.53953146785941]], [[111.83037140475511, 40.53953146785941], [111.83019174169829, 40.53953146785941], [111.83019174169829, 40.53935180480259], [111.83001207864146, 40.53935180480259], [111.83001207864146, 40.539172141745766], [111.83091039392558, 40.539172141745766], [111.83091039392558, 40.53935180480259], [111.83037140475511, 40.53935180480259], [111.83037140475511, 40.53953146785941]], [[111.82749679584593, 40.53989079397306], [111.82695780667545, 40.53989079397306], [111.82695780667545, 40.53971113091624], [111.82713746973228, 40.53971113091624], [111.82713746973228, 40.53935180480259], [111.82749679584593, 40.53935180480259], [111.82749679584593, 40.53989079397306]], [[111.82623915444816, 40.540070457029884], [111.82605949139133, 40.540070457029884], [111.82605949139133, 40.53989079397306], [111.82587982833451, 40.53989079397306], [111.82587982833451, 40.53971113091624], [111.82623915444816, 40.53971113091624], [111.82623915444816, 40.540070457029884]], [[111.82875443724369, 40.54042978314353], [111.82857477418688, 40.54042978314353], [111.82857477418688, 40.540070457029884], [111.82767645890276, 40.540070457029884], [111.82767645890276, 40.53989079397306], [111.82857477418688, 40.53989079397306], [111.82857477418688, 40.53971113091624], [111.82875443724369, 40.53971113091624], [111.82875443724369, 40.53953146785941], [111.82893410030051, 40.53953146785941], [111.82893410030051, 40.54025012008671], [111.82875443724369, 40.54025012008671], [111.82875443724369, 40.54042978314353]], [[111.8280357850164, 40.54060944620036], [111.82785612195957, 40.54060944620036], [111.82785612195957, 40.54042978314353], [111.8280357850164, 40.54042978314353], [111.8280357850164, 40.54060944620036]], [[111.82983241558463, 40.54060944620036], [111.82929342641417, 40.54060944620036], [111.82929342641417, 40.54025012008671], [111.82983241558463, 40.54025012008671], [111.82983241558463, 40.54060944620036]]]}, "properties": {"name": "cn_horinger_r04", "ptype": "hall"}}, {"type": "Feature", "geometry": {"geodesic": false, "type": "Polygon", "coordinates": [[[111.7371262782635, 40.531266967245514], [111.7371262782635, 40.53108730418869], [111.73694661520668, 40.53108730418869], [111.73694661520668, 40.53072797807504], [111.73640762603621, 40.53072797807504], [111.73640762603621, 40.530548315018216], [111.73622796297938, 40.530548315018216], [111.73622796297938, 40.53072797807504], [111.73514998463844, 40.53072797807504], [111.73514998463844, 40.530548315018216], [111.73479065852479, 40.530548315018216], [111.73479065852479, 40.530368651961396], [111.73461099546797, 40.530368651961396], [111.73461099546797, 40.53000932584774], [111.73479065852479, 40.53000932584774], [111.73479065852479, 40.53018898890457], [111.73532964769527, 40.53018898890457], [111.73532964769527, 40.529829662790924], [111.73497032158161, 40.529829662790924], [111.73497032158161, 40.5296499997341], [111.73479065852479, 40.5296499997341], [111.73479065852479, 40.52947033667728], [111.73461099546797, 40.52947033667728], [111.73461099546797, 40.52929067362045], [111.73479065852479, 40.52929067362045], [111.73479065852479, 40.528931347506806], [111.73497032158161, 40.528931347506806], [111.73497032158161, 40.52875168444998], [111.73514998463844, 40.52875168444998], [111.73514998463844, 40.52857202139315], [111.73532964769527, 40.52857202139315], [111.73532964769527, 40.52875168444998], [111.7355093107521, 40.52875168444998], [111.7355093107521, 40.528931347506806], [111.73568897380892, 40.528931347506806], [111.73568897380892, 40.52875168444998], [111.73604829992256, 40.52875168444998], [111.73604829992256, 40.528931347506806], [111.73622796297938, 40.528931347506806], [111.73622796297938, 40.52929067362045], [111.73640762603621, 40.52929067362045], [111.73640762603621, 40.52947033667728], [111.73676695214985, 40.52947033667728], [111.73676695214985, 40.52929067362045], [111.7371262782635, 40.52929067362045], [111.7371262782635, 40.52947033667728], [111.73730594132033, 40.52947033667728], [111.73730594132033, 40.53000932584774], [111.7371262782635, 40.53000932584774], [111.7371262782635, 40.530548315018216], [111.73694661520668, 40.530548315018216], [111.73694661520668, 40.53072797807504], [111.73766526743398, 40.53072797807504], [111.73766526743398, 40.53108730418869], [111.73748560437716, 40.53108730418869], [111.73748560437716, 40.531266967245514], [111.7371262782635, 40.531266967245514]], [[111.7355093107521, 40.52947033667728], [111.73514998463844, 40.52947033667728], [111.73514998463844, 40.529111010563625], [111.73532964769527, 40.529111010563625], [111.73532964769527, 40.528931347506806], [111.7355093107521, 40.528931347506806], [111.7355093107521, 40.52947033667728]]]}, "properties": {"name": "cn_horinger_r26", "ptype": "hall"}}, {"type": "Feature", "geometry": {"geodesic": false, "type": "Polygon", "coordinates": [[[111.84743939515339, 40.57312845948548], [111.84743939515339, 40.57294879642866], [111.84708006903973, 40.57294879642866], [111.84708006903973, 40.572769133371835], [111.84690040598291, 40.572769133371835], [111.84690040598291, 40.57258947031501], [111.84672074292608, 40.57258947031501], [111.84672074292608, 40.57223014420136], [111.84618175375562, 40.57223014420136], [111.84618175375562, 40.57205048114454], [111.84600209069879, 40.57205048114454], [111.84600209069879, 40.57169115503089], [111.84636141681244, 40.57169115503089], [111.84636141681244, 40.57151149197407], [111.84600209069879, 40.57151149197407], [111.84600209069879, 40.57115216586042], [111.84672074292608, 40.57115216586042], [111.84672074292608, 40.57079283974677], [111.84690040598291, 40.57079283974677], [111.84690040598291, 40.570613176689946], [111.84708006903973, 40.570613176689946], [111.84708006903973, 40.5702538505763], [111.8476190582102, 40.5702538505763], [111.8476190582102, 40.57043351363313], [111.84851737349432, 40.57043351363313], [111.84851737349432, 40.570613176689946], [111.84869703655114, 40.570613176689946], [111.84869703655114, 40.57079283974677], [111.84851737349432, 40.57079283974677], [111.84851737349432, 40.5709725028036], [111.8490563626648, 40.5709725028036], [111.8490563626648, 40.57115216586042], [111.84887669960797, 40.57115216586042], [111.84887669960797, 40.571331828917245], [111.84869703655114, 40.571331828917245], [111.84869703655114, 40.57151149197407], [111.84887669960797, 40.57151149197407], [111.84887669960797, 40.57169115503089], [111.84869703655114, 40.57169115503089], [111.84869703655114, 40.57187081808772], [111.84815804738068, 40.57187081808772], [111.84815804738068, 40.57169115503089], [111.84797838432385, 40.57169115503089], [111.84797838432385, 40.57187081808772], [111.84779872126703, 40.57187081808772], [111.84779872126703, 40.57205048114454], [111.8476190582102, 40.57205048114454], [111.8476190582102, 40.57240980725819], [111.84797838432385, 40.57240980725819], [111.84797838432385, 40.57258947031501], [111.84815804738068, 40.57258947031501], [111.84815804738068, 40.57312845948548], [111.84743939515339, 40.57312845948548]], [[111.84743939515339, 40.571331828917245], [111.84725973209656, 40.571331828917245], [111.84725973209656, 40.5709725028036], [111.84779872126703, 40.5709725028036], [111.84779872126703, 40.57115216586042], [111.84743939515339, 40.57115216586042], [111.84743939515339, 40.571331828917245]], [[111.84851737349432, 40.57151149197407], [111.8483377104375, 40.57151149197407], [111.8483377104375, 40.571331828917245], [111.84815804738068, 40.571331828917245], [111.84815804738068, 40.57115216586042], [111.84851737349432, 40.57115216586042], [111.84851737349432, 40.57151149197407]], [[111.84725973209656, 40.57169115503089], [111.84708006903973, 40.57169115503089], [111.84708006903973, 40.57151149197407], [111.84725973209656, 40.57151149197407], [111.84725973209656, 40.57169115503089]], [[111.84708006903973, 40.57187081808772], [111.84690040598291, 40.57187081808772], [111.84690040598291, 40.57169115503089], [111.84708006903973, 40.57169115503089], [111.84708006903973, 40.57187081808772]], [[111.8476190582102, 40.57205048114454], [111.84743939515339, 40.57205048114454], [111.84743939515339, 40.57187081808772], [111.8476190582102, 40.57187081808772], [111.8476190582102, 40.57205048114454]]]}, "properties": {"name": "cn_horinger_r24", "ptype": "hall"}}, {"type": "Feature", "geometry": {"geodesic": false, "type": "Polygon", "coordinates": [[[111.85103265628986, 40.58822015625869], [111.85103265628986, 40.588040493201866], [111.8506733301762, 40.588040493201866], [111.8506733301762, 40.58786083014505], [111.84995467794892, 40.58786083014505], [111.84995467794892, 40.58768116708822], [111.84941568877845, 40.58768116708822], [111.84941568877845, 40.587501504031394], [111.8490563626648, 40.587501504031394], [111.8490563626648, 40.58714217791775], [111.84887669960797, 40.58714217791775], [111.84887669960797, 40.587501504031394], [111.84869703655114, 40.587501504031394], [111.84869703655114, 40.58714217791775], [111.84887669960797, 40.58714217791775], [111.84887669960797, 40.58696251486092], [111.84851737349432, 40.58696251486092], [111.84851737349432, 40.5867828518041], [111.84869703655114, 40.5867828518041], [111.84869703655114, 40.58642352569045], [111.84887669960797, 40.58642352569045], [111.84887669960797, 40.58624386263363], [111.8483377104375, 40.58624386263363], [111.8483377104375, 40.5860641995768], [111.84797838432385, 40.5860641995768], [111.84797838432385, 40.585884536519984], [111.84708006903973, 40.585884536519984], [111.84708006903973, 40.5860641995768], [111.84690040598291, 40.5860641995768], [111.84690040598291, 40.58642352569045], [111.84672074292608, 40.58642352569045], [111.84672074292608, 40.586603188747276], [111.84708006903973, 40.586603188747276], [111.84708006903973, 40.58624386263363], [111.84725973209656, 40.58624386263363], [111.84725973209656, 40.5860641995768], [111.84743939515339, 40.5860641995768], [111.84743939515339, 40.58642352569045], [111.84725973209656, 40.58642352569045], [111.84725973209656, 40.586603188747276], [111.84708006903973, 40.586603188747276], [111.84708006903973, 40.5867828518041], [111.84672074292608, 40.5867828518041], [111.84672074292608, 40.586603188747276], [111.84654107986925, 40.586603188747276], [111.84654107986925, 40.58624386263363], [111.84636141681244, 40.58624386263363], [111.84636141681244, 40.586603188747276], [111.84618175375562, 40.586603188747276], [111.84618175375562, 40.58642352569045], [111.84582242764196, 40.58642352569045], [111.84582242764196, 40.58624386263363], [111.84456478624419, 40.58624386263363], [111.84456478624419, 40.5860641995768], [111.84420546013055, 40.5860641995768], [111.84420546013055, 40.585884536519984], [111.84366647096007, 40.585884536519984], [111.84366647096007, 40.5860641995768], [111.84348680790326, 40.5860641995768], [111.84348680790326, 40.58570487346316], [111.84330714484643, 40.58570487346316], [111.84330714484643, 40.58552521040633], [111.84312748178961, 40.58552521040633], [111.84312748178961, 40.58534554734951], [111.84294781873278, 40.58534554734951], [111.84294781873278, 40.58498622123586], [111.84330714484643, 40.58498622123586], [111.84330714484643, 40.58480655817904], [111.84366647096007, 40.58480655817904], [111.84366647096007, 40.58462689512221], [111.84348680790326, 40.58462689512221], [111.84348680790326, 40.58426756900857], [111.84366647096007, 40.58426756900857], [111.84366647096007, 40.58408790595174], [111.8438461340169, 40.58408790595174], [111.8438461340169, 40.58390824289492], [111.84420546013055, 40.58390824289492], [111.84420546013055, 40.583728579838095], [111.84402579707373, 40.583728579838095], [111.84402579707373, 40.58336925372445], [111.8438461340169, 40.58336925372445], [111.8438461340169, 40.58318959066762], [111.84402579707373, 40.58318959066762], [111.84402579707373, 40.583009927610796], [111.84420546013055, 40.583009927610796], [111.84420546013055, 40.58283026455398], [111.84438512318738, 40.58283026455398], [111.84438512318738, 40.58265060149715], [111.84474444930102, 40.58265060149715], [111.84474444930102, 40.58283026455398], [111.84492411235784, 40.58283026455398], [111.84492411235784, 40.58265060149715], [111.84510377541467, 40.58265060149715], [111.84510377541467, 40.58211161232668], [111.84564276458514, 40.58211161232668], [111.84564276458514, 40.58193194926986], [111.84546310152832, 40.58193194926986], [111.84546310152832, 40.58175228621303], [111.84492411235784, 40.58175228621303], [111.84492411235784, 40.58193194926986], [111.84456478624419, 40.58193194926986], [111.84456478624419, 40.58211161232668], [111.84420546013055, 40.58211161232668], [111.84420546013055, 40.58193194926986], [111.84402579707373, 40.58193194926986], [111.84402579707373, 40.58175228621303], [111.84366647096007, 40.58175228621303], [111.84366647096007, 40.581572623156205], [111.84348680790326, 40.581572623156205], [111.84348680790326, 40.58121329704256], [111.84366647096007, 40.58121329704256], [111.84366647096007, 40.58103363398573], [111.84348680790326, 40.58103363398573], [111.84348680790326, 40.580853970928914], [111.84330714484643, 40.580853970928914], [111.84330714484643, 40.58067430787209], [111.84312748178961, 40.58067430787209], [111.84312748178961, 40.58031498175844], [111.84330714484643, 40.58031498175844], [111.84330714484643, 40.58049464481526], [111.84348680790326, 40.58049464481526], [111.84348680790326, 40.580853970928914], [111.84366647096007, 40.580853970928914], [111.84366647096007, 40.58067430787209], [111.84438512318738, 40.58067430787209], [111.84438512318738, 40.58049464481526], [111.84456478624419, 40.58049464481526], [111.84456478624419, 40.58067430787209], [111.84546310152832, 40.58067430787209], [111.84546310152832, 40.58103363398573], [111.84492411235784, 40.58103363398573], [111.84492411235784, 40.580853970928914], [111.84420546013055, 40.580853970928914], [111.84420546013055, 40.58103363398573], [111.8438461340169, 40.58103363398573], [111.8438461340169, 40.58121329704256], [111.84402579707373, 40.58121329704256], [111.84402579707373, 40.581392960099386], [111.84420546013055, 40.581392960099386], [111.84420546013055, 40.58121329704256], [111.84456478624419, 40.58121329704256], [111.84456478624419, 40.581392960099386], [111.84510377541467, 40.581392960099386], [111.84510377541467, 40.581572623156205], [111.84546310152832, 40.581572623156205], [111.84546310152832, 40.581392960099386], [111.84618175375562, 40.581392960099386], [111.84618175375562, 40.581572623156205], [111.84600209069879, 40.581572623156205], [111.84600209069879, 40.58175228621303], [111.84618175375562, 40.58175228621303], [111.84618175375562, 40.58193194926986], [111.84636141681244, 40.58193194926986], [111.84636141681244, 40.58175228621303], [111.84654107986925, 40.58175228621303], [111.84654107986925, 40.58211161232668], [111.84672074292608, 40.58211161232668], [111.84672074292608, 40.58193194926986], [111.84690040598291, 40.58193194926986], [111.84690040598291, 40.581572623156205], [111.84708006903973, 40.581572623156205], [111.84708006903973, 40.581392960099386], [111.84690040598291, 40.581392960099386], [111.84690040598291, 40.58103363398573], [111.84708006903973, 40.58103363398573], [111.84708006903973, 40.58121329704256], [111.84725973209656, 40.58121329704256], [111.84725973209656, 40.581572623156205], [111.84743939515339, 40.581572623156205], [111.84743939515339, 40.58175228621303], [111.84779872126703, 40.58175228621303], [111.84779872126703, 40.581572623156205], [111.84869703655114, 40.581572623156205], [111.84869703655114, 40.58175228621303], [111.84887669960797, 40.58175228621303], [111.84887669960797, 40.582291275383504], [111.84941568877845, 40.582291275383504], [111.84941568877845, 40.58211161232668], [111.85013434100574, 40.58211161232668], [111.85013434100574, 40.58175228621303], [111.85031400406257, 40.58175228621303], [111.85031400406257, 40.58211161232668], [111.85013434100574, 40.58211161232668], [111.85013434100574, 40.58265060149715], [111.85031400406257, 40.58265060149715], [111.85031400406257, 40.58247093844032], [111.85049366711938, 40.58247093844032], [111.85049366711938, 40.58265060149715], [111.85085299323303, 40.58265060149715], [111.85085299323303, 40.58283026455398], [111.85121231934669, 40.58283026455398], [111.85121231934669, 40.583009927610796], [111.85139198240351, 40.583009927610796], [111.85139198240351, 40.58283026455398], [111.85175130851715, 40.58283026455398], [111.85175130851715, 40.583009927610796], [111.85193097157398, 40.583009927610796], [111.85193097157398, 40.58336925372445], [111.85175130851715, 40.58336925372445], [111.85175130851715, 40.583728579838095], [111.85157164546033, 40.583728579838095], [111.85157164546033, 40.58426756900857], [111.85139198240351, 40.58426756900857], [111.85139198240351, 40.584447232065386], [111.85121231934669, 40.584447232065386], [111.85121231934669, 40.58426756900857], [111.85103265628986, 40.58426756900857], [111.85103265628986, 40.58390824289492], [111.84977501489209, 40.58390824289492], [111.84977501489209, 40.58408790595174], [111.84959535183526, 40.58408790595174], [111.84959535183526, 40.58390824289492], [111.8490563626648, 40.58390824289492], [111.8490563626648, 40.58408790595174], [111.84923602572162, 40.58408790595174], [111.84923602572162, 40.584447232065386], [111.84941568877845, 40.584447232065386], [111.84941568877845, 40.58498622123586], [111.84923602572162, 40.58498622123586], [111.84923602572162, 40.58534554734951], [111.8490563626648, 40.58534554734951], [111.8490563626648, 40.58570487346316], [111.84887669960797, 40.58570487346316], [111.84887669960797, 40.5860641995768], [111.84923602572162, 40.5860641995768], [111.84923602572162, 40.585884536519984], [111.84959535183526, 40.585884536519984], [111.84959535183526, 40.5860641995768], [111.84941568877845, 40.5860641995768], [111.84941568877845, 40.58642352569045], [111.84959535183526, 40.58642352569045], [111.84959535183526, 40.586603188747276], [111.84977501489209, 40.586603188747276], [111.84977501489209, 40.58624386263363], [111.84995467794892, 40.58624386263363], [111.84995467794892, 40.586603188747276], [111.85013434100574, 40.586603188747276], [111.85013434100574, 40.5867828518041], [111.85031400406257, 40.5867828518041], [111.85031400406257, 40.586603188747276], [111.8506733301762, 40.586603188747276], [111.8506733301762, 40.5867828518041], [111.85085299323303, 40.5867828518041], [111.85085299323303, 40.586603188747276], [111.85121231934669, 40.586603188747276], [111.85121231934669, 40.5867828518041], [111.85175130851715, 40.5867828518041], [111.85175130851715, 40.58696251486092], [111.8521106346308, 40.58696251486092], [111.8521106346308, 40.5867828518041], [111.85229029768763, 40.5867828518041], [111.85229029768763, 40.587321840974575], [111.8521106346308, 40.587321840974575], [111.8521106346308, 40.587501504031394], [111.85193097157398, 40.587501504031394], [111.85193097157398, 40.587321840974575], [111.85175130851715, 40.587321840974575], [111.85175130851715, 40.58696251486092], [111.85157164546033, 40.58696251486092], [111.85157164546033, 40.58714217791775], [111.85139198240351, 40.58714217791775], [111.85139198240351, 40.58822015625869], [111.85103265628986, 40.58822015625869]], [[111.84725973209656, 40.58175228621303], [111.84708006903973, 40.58175228621303], [111.84708006903973, 40.581572623156205], [111.84725973209656, 40.581572623156205], [111.84725973209656, 40.58175228621303]], [[111.84815804738068, 40.582291275383504], [111.84797838432385, 40.582291275383504], [111.84797838432385, 40.58193194926986], [111.84815804738068, 40.58193194926986], [111.84815804738068, 40.582291275383504]], [[111.84582242764196, 40.58247093844032], [111.84564276458514, 40.58247093844032], [111.84564276458514, 40.582291275383504], [111.84582242764196, 40.582291275383504], [111.84582242764196, 40.58247093844032]], [[111.84743939515339, 40.58247093844032], [111.84725973209656, 40.58247093844032], [111.84725973209656, 40.582291275383504], [111.84743939515339, 40.582291275383504], [111.84743939515339, 40.58247093844032]], [[111.84869703655114, 40.58265060149715], [111.84851737349432, 40.58265060149715], [111.84851737349432, 40.58247093844032], [111.84869703655114, 40.58247093844032], [111.84869703655114, 40.58265060149715]], [[111.84564276458514, 40.58283026455398], [111.8452834384715, 40.58283026455398], [111.8452834384715, 40.58265060149715], [111.84546310152832, 40.58265060149715], [111.84546310152832, 40.58247093844032], [111.84564276458514, 40.58247093844032], [111.84564276458514, 40.58283026455398]], [[111.84600209069879, 40.583009927610796], [111.84564276458514, 40.583009927610796], [111.84564276458514, 40.58283026455398], [111.84600209069879, 40.58283026455398], [111.84600209069879, 40.583009927610796]], [[111.84743939515339, 40.583009927610796], [111.84725973209656, 40.583009927610796], [111.84725973209656, 40.58283026455398], [111.84708006903973, 40.58283026455398], [111.84708006903973, 40.58265060149715], [111.84690040598291, 40.58265060149715], [111.84690040598291, 40.58247093844032], [111.84725973209656, 40.58247093844032], [111.84725973209656, 40.58265060149715], [111.84743939515339, 40.58265060149715], [111.84743939515339, 40.583009927610796]], [[111.84743939515339, 40.58354891678127], [111.84725973209656, 40.58354891678127], [111.84725973209656, 40.58336925372445], [111.84743939515339, 40.58336925372445], [111.84743939515339, 40.58354891678127]], [[111.8483377104375, 40.58390824289492], [111.84815804738068, 40.58390824289492], [111.84815804738068, 40.583728579838095], [111.8476190582102, 40.583728579838095], [111.8476190582102, 40.58354891678127], [111.8483377104375, 40.58354891678127], [111.8483377104375, 40.58390824289492]], [[111.84887669960797, 40.58390824289492], [111.84851737349432, 40.58390824289492], [111.84851737349432, 40.583728579838095], [111.84887669960797, 40.583728579838095], [111.84887669960797, 40.58390824289492]], [[111.84690040598291, 40.58408790595174], [111.84654107986925, 40.58408790595174], [111.84654107986925, 40.58390824289492], [111.84672074292608, 40.58390824289492], [111.84672074292608, 40.58336925372445], [111.84618175375562, 40.58336925372445], [111.84618175375562, 40.583009927610796], [111.84672074292608, 40.583009927610796], [111.84672074292608, 40.58318959066762], [111.84725973209656, 40.58318959066762], [111.84725973209656, 40.58336925372445], [111.84708006903973, 40.58336925372445], [111.84708006903973, 40.583728579838095], [111.84690040598291, 40.583728579838095], [111.84690040598291, 40.58408790595174]], [[111.8483377104375, 40.584447232065386], [111.84815804738068, 40.584447232065386], [111.84815804738068, 40.58408790595174], [111.84851737349432, 40.58408790595174], [111.84851737349432, 40.58426756900857], [111.8483377104375, 40.58426756900857], [111.8483377104375, 40.584447232065386]], [[111.84654107986925, 40.58462689512221], [111.84636141681244, 40.58462689512221], [111.84636141681244, 40.584447232065386], [111.84654107986925, 40.584447232065386], [111.84654107986925, 40.58462689512221]], [[111.84636141681244, 40.58480655817904], [111.84618175375562, 40.58480655817904], [111.84618175375562, 40.58462689512221], [111.84636141681244, 40.58462689512221], [111.84636141681244, 40.58480655817904]], [[111.84797838432385, 40.58498622123586], [111.84779872126703, 40.58498622123586], [111.84779872126703, 40.58462689512221], [111.84797838432385, 40.58462689512221], [111.84797838432385, 40.584447232065386], [111.84815804738068, 40.584447232065386], [111.84815804738068, 40.58480655817904], [111.84797838432385, 40.58480655817904], [111.84797838432385, 40.58498622123586]], [[111.84618175375562, 40.585165884292685], [111.84600209069879, 40.585165884292685], [111.84600209069879, 40.58498622123586], [111.84618175375562, 40.58498622123586], [111.84618175375562, 40.585165884292685]], [[111.84779872126703, 40.58534554734951], [111.8476190582102, 40.58534554734951], [111.8476190582102, 40.58498622123586], [111.84779872126703, 40.58498622123586], [111.84779872126703, 40.58534554734951]], [[111.84618175375562, 40.58552521040633], [111.84600209069879, 40.58552521040633], [111.84600209069879, 40.58534554734951], [111.84618175375562, 40.58534554734951], [111.84618175375562, 40.58552521040633]], [[111.84582242764196, 40.5860641995768], [111.84546310152832, 40.5860641995768], [111.84546310152832, 40.585884536519984], [111.84564276458514, 40.585884536519984], [111.84564276458514, 40.58570487346316], [111.84582242764196, 40.58570487346316], [111.84582242764196, 40.58552521040633], [111.84600209069879, 40.58552521040633], [111.84600209069879, 40.585884536519984], [111.84582242764196, 40.585884536519984], [111.84582242764196, 40.5860641995768]]]}, "properties": {"name": "cn_horinger_r02", "ptype": "hall"}}, {"type": "Feature", "geometry": {"geodesic": false, "type": "Polygon", "coordinates": [[[111.83953422065314, 40.556060469087214], [111.83953422065314, 40.55570114297357], [111.83881556842583, 40.55570114297357], [111.83881556842583, 40.55552147991674], [111.838635905369, 40.55552147991674], [111.838635905369, 40.555341816859915], [111.83773759008488, 40.555341816859915], [111.83773759008488, 40.55552147991674], [111.83755792702807, 40.55552147991674], [111.83755792702807, 40.555162153803096], [111.83737826397125, 40.555162153803096], [111.83737826397125, 40.55498249074627], [111.83719860091442, 40.55498249074627], [111.83719860091442, 40.55480282768944], [111.83737826397125, 40.55480282768944], [111.83737826397125, 40.5544435015758], [111.83683927480077, 40.5544435015758], [111.83683927480077, 40.55426383851897], [111.83665961174394, 40.55426383851897], [111.83665961174394, 40.553904512405325], [111.83683927480077, 40.553904512405325], [111.83683927480077, 40.553724849348505], [111.8370189378576, 40.553724849348505], [111.8370189378576, 40.55336552323485], [111.83737826397125, 40.55336552323485], [111.83737826397125, 40.55318586017803], [111.83773759008488, 40.55318586017803], [111.83773759008488, 40.553006197121206], [111.83809691619854, 40.553006197121206], [111.83809691619854, 40.55264687100756], [111.83827657925536, 40.55264687100756], [111.83827657925536, 40.552467207950734], [111.83845624231219, 40.552467207950734], [111.83845624231219, 40.55354518629168], [111.83917489453948, 40.55354518629168], [111.83917489453948, 40.553724849348505], [111.83935455759631, 40.553724849348505], [111.83935455759631, 40.55408417546215], [111.83971388370995, 40.55408417546215], [111.83971388370995, 40.553904512405325], [111.83989354676677, 40.553904512405325], [111.83989354676677, 40.55408417546215], [111.8400732098236, 40.55408417546215], [111.8400732098236, 40.553904512405325], [111.84043253593725, 40.553904512405325], [111.84043253593725, 40.55408417546215], [111.84061219899407, 40.55408417546215], [111.84061219899407, 40.5544435015758], [111.84043253593725, 40.5544435015758], [111.84043253593725, 40.55462316463262], [111.8400732098236, 40.55462316463262], [111.8400732098236, 40.55480282768944], [111.83989354676677, 40.55480282768944], [111.83989354676677, 40.555162153803096], [111.83971388370995, 40.555162153803096], [111.83971388370995, 40.555341816859915], [111.83989354676677, 40.555341816859915], [111.83989354676677, 40.55570114297357], [111.83971388370995, 40.55570114297357], [111.83971388370995, 40.556060469087214], [111.83953422065314, 40.556060469087214]], [[111.83755792702807, 40.55408417546215], [111.8370189378576, 40.55408417546215], [111.8370189378576, 40.553904512405325], [111.83719860091442, 40.553904512405325], [111.83719860091442, 40.553724849348505], [111.83737826397125, 40.553724849348505], [111.83737826397125, 40.553904512405325], [111.83755792702807, 40.553904512405325], [111.83755792702807, 40.55408417546215]], [[111.83953422065314, 40.55480282768944], [111.83899523148266, 40.55480282768944], [111.83899523148266, 40.55462316463262], [111.83881556842583, 40.55462316463262], [111.83881556842583, 40.5544435015758], [111.83935455759631, 40.5544435015758], [111.83935455759631, 40.55462316463262], [111.83953422065314, 40.55462316463262], [111.83953422065314, 40.55480282768944]]]}, "properties": {"name": "cn_horinger_r19", "ptype": "hall"}}, {"type": "Feature", "geometry": {"geodesic": false, "type": "Polygon", "coordinates": [[[111.79300148893574, 40.542945065939065], [111.79300148893574, 40.542765402882246], [111.79282182587892, 40.542765402882246], [111.79282182587892, 40.54240607676859], [111.79300148893574, 40.54240607676859], [111.79300148893574, 40.542226413711774], [111.79282182587892, 40.542226413711774], [111.79282182587892, 40.541507761484475], [111.79300148893574, 40.541507761484475], [111.79300148893574, 40.541328098427655], [111.79318115199256, 40.541328098427655], [111.79318115199256, 40.540968772314], [111.79336081504938, 40.540968772314], [111.79336081504938, 40.54114843537083], [111.79354047810621, 40.54114843537083], [111.79354047810621, 40.541328098427655], [111.79372014116304, 40.541328098427655], [111.79372014116304, 40.541507761484475], [111.79354047810621, 40.541507761484475], [111.79354047810621, 40.5416874245413], [111.79318115199256, 40.5416874245413], [111.79318115199256, 40.542226413711774], [111.79354047810621, 40.542226413711774], [111.79354047810621, 40.54240607676859], [111.79372014116304, 40.54240607676859], [111.79372014116304, 40.542226413711774], [111.79389980421986, 40.542226413711774], [111.79389980421986, 40.54186708759812], [111.79407946727667, 40.54186708759812], [111.79407946727667, 40.541507761484475], [111.7942591303335, 40.541507761484475], [111.7942591303335, 40.54114843537083], [111.79407946727667, 40.54114843537083], [111.79407946727667, 40.540968772314], [111.7942591303335, 40.540968772314], [111.7942591303335, 40.54078910925718], [111.79443879339033, 40.54078910925718], [111.79443879339033, 40.54060944620036], [111.7942591303335, 40.54060944620036], [111.7942591303335, 40.54025012008671], [111.79389980421986, 40.54025012008671], [111.79389980421986, 40.540070457029884], [111.79354047810621, 40.540070457029884], [111.79354047810621, 40.53989079397306], [111.79336081504938, 40.53989079397306], [111.79336081504938, 40.53971113091624], [111.79300148893574, 40.53971113091624], [111.79300148893574, 40.53953146785941], [111.79264216282209, 40.53953146785941], [111.79264216282209, 40.539172141745766], [111.79318115199256, 40.539172141745766], [111.79318115199256, 40.53935180480259], [111.79389980421986, 40.53935180480259], [111.79389980421986, 40.53953146785941], [111.7942591303335, 40.53953146785941], [111.7942591303335, 40.53971113091624], [111.79443879339033, 40.53971113091624], [111.79443879339033, 40.53989079397306], [111.79461845644715, 40.53989079397306], [111.79461845644715, 40.53971113091624], [111.79479811950398, 40.53971113091624], [111.79479811950398, 40.53989079397306], [111.79551677173127, 40.53989079397306], [111.79551677173127, 40.54025012008671], [111.7956964347881, 40.54025012008671], [111.7956964347881, 40.540070457029884], [111.79587609784492, 40.540070457029884], [111.79587609784492, 40.54025012008671], [111.79659475007222, 40.54025012008671], [111.79659475007222, 40.540968772314], [111.79641508701539, 40.540968772314], [111.79641508701539, 40.541507761484475], [111.79623542395856, 40.541507761484475], [111.79623542395856, 40.5416874245413], [111.79515744561762, 40.5416874245413], [111.79515744561762, 40.541507761484475], [111.79479811950398, 40.541507761484475], [111.79479811950398, 40.54114843537083], [111.7949777825608, 40.54114843537083], [111.7949777825608, 40.540968772314], [111.79515744561762, 40.540968772314], [111.79515744561762, 40.54078910925718], [111.7949777825608, 40.54078910925718], [111.7949777825608, 40.54060944620036], [111.79461845644715, 40.54060944620036], [111.79461845644715, 40.54078910925718], [111.79479811950398, 40.54078910925718], [111.79479811950398, 40.540968772314], [111.79461845644715, 40.540968772314], [111.79461845644715, 40.541328098427655], [111.79443879339033, 40.541328098427655], [111.79443879339033, 40.54204675065495], [111.7942591303335, 40.54204675065495], [111.7942591303335, 40.54240607676859], [111.79407946727667, 40.54240607676859], [111.79407946727667, 40.54258573982542], [111.79389980421986, 40.54258573982542], [111.79389980421986, 40.542765402882246], [111.79336081504938, 40.542765402882246], [111.79336081504938, 40.542945065939065], [111.79300148893574, 40.542945065939065]], [[111.79443879339033, 40.54025012008671], [111.7942591303335, 40.54025012008671], [111.7942591303335, 40.540070457029884], [111.79443879339033, 40.540070457029884], [111.79443879339033, 40.54025012008671]], [[111.79623542395856, 40.541328098427655], [111.79605576090174, 40.541328098427655], [111.79605576090174, 40.54114843537083], [111.79623542395856, 40.54114843537083], [111.79623542395856, 40.541328098427655]]]}, "properties": {"name": "cn_horinger_r21", "ptype": "hall"}}, {"type": "Feature", "geometry": {"geodesic": false, "type": "Polygon", "coordinates": [[[111.83594095951665, 40.542945065939065], [111.83594095951665, 40.54240607676859], [111.8363002856303, 40.54240607676859], [111.8363002856303, 40.54204675065495], [111.83612062257347, 40.54204675065495], [111.83612062257347, 40.542226413711774], [111.83576129645982, 40.542226413711774], [111.83576129645982, 40.54204675065495], [111.83540197034618, 40.54204675065495], [111.83540197034618, 40.54186708759812], [111.83504264423253, 40.54186708759812], [111.83504264423253, 40.5416874245413], [111.83522230728936, 40.5416874245413], [111.83522230728936, 40.541328098427655], [111.83594095951665, 40.541328098427655], [111.83594095951665, 40.54114843537083], [111.83558163340301, 40.54114843537083], [111.83558163340301, 40.540968772314], [111.83540197034618, 40.540968772314], [111.83540197034618, 40.54078910925718], [111.83468331811888, 40.54078910925718], [111.83468331811888, 40.540968772314], [111.83432399200524, 40.540968772314], [111.83432399200524, 40.54078910925718], [111.83468331811888, 40.54078910925718], [111.83468331811888, 40.54060944620036], [111.83450365506206, 40.54060944620036], [111.83450365506206, 40.540070457029884], [111.83468331811888, 40.540070457029884], [111.83468331811888, 40.53989079397306], [111.83504264423253, 40.53989079397306], [111.83504264423253, 40.540070457029884], [111.83558163340301, 40.540070457029884], [111.83558163340301, 40.53989079397306], [111.83540197034618, 40.53989079397306], [111.83540197034618, 40.53953146785941], [111.83522230728936, 40.53953146785941], [111.83522230728936, 40.53935180480259], [111.83540197034618, 40.53935180480259], [111.83540197034618, 40.539172141745766], [111.83612062257347, 40.539172141745766], [111.83612062257347, 40.53935180480259], [111.83647994868713, 40.53935180480259], [111.83647994868713, 40.539172141745766], [111.83683927480077, 40.539172141745766], [111.83683927480077, 40.53935180480259], [111.8370189378576, 40.53935180480259], [111.8370189378576, 40.53953146785941], [111.83719860091442, 40.53953146785941], [111.83719860091442, 40.540070457029884], [111.8370189378576, 40.540070457029884], [111.8370189378576, 40.54025012008671], [111.83683927480077, 40.54025012008671], [111.83683927480077, 40.54060944620036], [111.8370189378576, 40.54060944620036], [111.8370189378576, 40.54042978314353], [111.83719860091442, 40.54042978314353], [111.83719860091442, 40.54025012008671], [111.83773759008488, 40.54025012008671], [111.83773759008488, 40.54060944620036], [111.83755792702807, 40.54060944620036], [111.83755792702807, 40.54078910925718], [111.83737826397125, 40.54078910925718], [111.83737826397125, 40.541328098427655], [111.83719860091442, 40.541328098427655], [111.83719860091442, 40.541507761484475], [111.8370189378576, 40.541507761484475], [111.8370189378576, 40.54186708759812], [111.83683927480077, 40.54186708759812], [111.83683927480077, 40.542226413711774], [111.83665961174394, 40.542226413711774], [111.83665961174394, 40.54240607676859], [111.8370189378576, 40.54240607676859], [111.8370189378576, 40.542765402882246], [111.83665961174394, 40.542765402882246], [111.83665961174394, 40.54258573982542], [111.83647994868713, 40.54258573982542], [111.83647994868713, 40.542945065939065], [111.83594095951665, 40.542945065939065]], [[111.83665961174394, 40.53971113091624], [111.83647994868713, 40.53971113091624], [111.83647994868713, 40.53935180480259], [111.83665961174394, 40.53935180480259], [111.83665961174394, 40.53971113091624]], [[111.8348629811757, 40.54042978314353], [111.83468331811888, 40.54042978314353], [111.83468331811888, 40.540070457029884], [111.8348629811757, 40.540070457029884], [111.8348629811757, 40.54042978314353]], [[111.83558163340301, 40.54060944620036], [111.83522230728936, 40.54060944620036], [111.83522230728936, 40.54042978314353], [111.83558163340301, 40.54042978314353], [111.83558163340301, 40.54060944620036]], [[111.8363002856303, 40.54060944620036], [111.83612062257347, 40.54060944620036], [111.83612062257347, 40.54042978314353], [111.8363002856303, 40.54042978314353], [111.8363002856303, 40.54060944620036]], [[111.83683927480077, 40.540968772314], [111.83612062257347, 40.540968772314], [111.83612062257347, 40.54078910925718], [111.83665961174394, 40.54078910925718], [111.83665961174394, 40.54060944620036], [111.83683927480077, 40.54060944620036], [111.83683927480077, 40.540968772314]], [[111.83719860091442, 40.540968772314], [111.8370189378576, 40.540968772314], [111.8370189378576, 40.54078910925718], [111.83719860091442, 40.54078910925718], [111.83719860091442, 40.540968772314]], [[111.83665961174394, 40.541507761484475], [111.8363002856303, 40.541507761484475], [111.8363002856303, 40.541328098427655], [111.83665961174394, 40.541328098427655], [111.83665961174394, 40.541507761484475]]]}, "properties": {"name": "cn_horinger_r20", "ptype": "hall"}}, {"type": "Feature", "geometry": {"geodesic": false, "type": "Polygon", "coordinates": [[[111.82893410030051, 40.50323953038099], [111.82893410030051, 40.50305986732416], [111.82821544807322, 40.50305986732416], [111.82821544807322, 40.502880204267335], [111.82767645890276, 40.502880204267335], [111.82767645890276, 40.502700541210515], [111.8273171327891, 40.502700541210515], [111.8273171327891, 40.50252087815369], [111.82659848056181, 40.50252087815369], [111.82659848056181, 40.50234121509686], [111.82587982833451, 40.50234121509686], [111.82587982833451, 40.50216155204004], [111.82552050222087, 40.50216155204004], [111.82552050222087, 40.50198188898322], [111.82516117610722, 40.50198188898322], [111.82516117610722, 40.50162256286957], [111.82534083916404, 40.50162256286957], [111.82534083916404, 40.5010835736991], [111.8257001652777, 40.5010835736991], [111.8257001652777, 40.50090391064227], [111.82605949139133, 40.50090391064227], [111.82605949139133, 40.50018525841498], [111.82623915444816, 40.50018525841498], [111.82623915444816, 40.500005595358154], [111.82641881750499, 40.500005595358154], [111.82641881750499, 40.50018525841498], [111.82659848056181, 40.50018525841498], [111.82659848056181, 40.5003649214718], [111.8273171327891, 40.5003649214718], [111.8273171327891, 40.500544584528626], [111.8280357850164, 40.500544584528626], [111.8280357850164, 40.50072424758545], [111.82875443724369, 40.50072424758545], [111.82875443724369, 40.50090391064227], [111.82893410030051, 40.50090391064227], [111.82893410030051, 40.501263236755925], [111.82911376335734, 40.501263236755925], [111.82911376335734, 40.501442899812744], [111.829473089471, 40.501442899812744], [111.829473089471, 40.50180222592639], [111.82929342641417, 40.50180222592639], [111.82929342641417, 40.50198188898322], [111.82965275252782, 40.50198188898322], [111.82965275252782, 40.50216155204004], [111.82983241558463, 40.50216155204004], [111.82983241558463, 40.50252087815369], [111.82965275252782, 40.50252087815369], [111.82965275252782, 40.502880204267335], [111.829473089471, 40.502880204267335], [111.829473089471, 40.50305986732416], [111.82929342641417, 40.50305986732416], [111.82929342641417, 40.50323953038099], [111.82893410030051, 40.50323953038099]], [[111.82839511113005, 40.501263236755925], [111.8280357850164, 40.501263236755925], [111.8280357850164, 40.5010835736991], [111.82839511113005, 40.5010835736991], [111.82839511113005, 40.501263236755925]]]}, "properties": {"name": "cn_horinger_r17", "ptype": "hall"}}, {"type": "Feature", "geometry": {"geodesic": false, "type": "Polygon", "coordinates": [[[111.81060846850448, 40.544382370393656], [111.81060846850448, 40.54420270733684], [111.81042880544766, 40.54420270733684], [111.81042880544766, 40.54384338122318], [111.80988981627719, 40.54384338122318], [111.80988981627719, 40.543663718166364], [111.80917116404989, 40.543663718166364], [111.80917116404989, 40.54348405510954], [111.80881183793625, 40.54348405510954], [111.80881183793625, 40.54330439205272], [111.80755419653848, 40.54330439205272], [111.80755419653848, 40.54312472899589], [111.80719487042482, 40.54312472899589], [111.80719487042482, 40.542945065939065], [111.807015207368, 40.542945065939065], [111.807015207368, 40.542765402882246], [111.80683554431118, 40.542765402882246], [111.80683554431118, 40.542945065939065], [111.80665588125436, 40.542945065939065], [111.80665588125436, 40.542765402882246], [111.80647621819753, 40.542765402882246], [111.80647621819753, 40.54240607676859], [111.80665588125436, 40.54240607676859], [111.80665588125436, 40.54204675065495], [111.80683554431118, 40.54204675065495], [111.80683554431118, 40.541507761484475], [111.807015207368, 40.541507761484475], [111.807015207368, 40.540968772314], [111.80719487042482, 40.540968772314], [111.80719487042482, 40.54078910925718], [111.80737453348165, 40.54078910925718], [111.80737453348165, 40.54060944620036], [111.80755419653848, 40.54060944620036], [111.80755419653848, 40.54025012008671], [111.8077338595953, 40.54025012008671], [111.8077338595953, 40.53989079397306], [111.80809318570894, 40.53989079397306], [111.80809318570894, 40.53971113091624], [111.80827284876577, 40.53971113091624], [111.80827284876577, 40.53953146785941], [111.80791352265213, 40.53953146785941], [111.80791352265213, 40.53935180480259], [111.8084525118226, 40.53935180480259], [111.8084525118226, 40.539172141745766], [111.80881183793625, 40.539172141745766], [111.80881183793625, 40.53935180480259], [111.80917116404989, 40.53935180480259], [111.80917116404989, 40.53953146785941], [111.80935082710671, 40.53953146785941], [111.80935082710671, 40.53971113091624], [111.80953049016354, 40.53971113091624], [111.80953049016354, 40.53989079397306], [111.80971015322037, 40.53989079397306], [111.80971015322037, 40.540070457029884], [111.80988981627719, 40.540070457029884], [111.80988981627719, 40.54025012008671], [111.810069479334, 40.54025012008671], [111.810069479334, 40.54060944620036], [111.81024914239083, 40.54060944620036], [111.81024914239083, 40.54042978314353], [111.81042880544766, 40.54042978314353], [111.81042880544766, 40.54025012008671], [111.81060846850448, 40.54025012008671], [111.81060846850448, 40.540070457029884], [111.81078813156131, 40.540070457029884], [111.81078813156131, 40.53989079397306], [111.81096779461812, 40.53989079397306], [111.81096779461812, 40.540070457029884], [111.81132712073178, 40.540070457029884], [111.81132712073178, 40.54025012008671], [111.81168644684543, 40.54025012008671], [111.81168644684543, 40.54042978314353], [111.81240509907272, 40.54042978314353], [111.81240509907272, 40.54025012008671], [111.81276442518637, 40.54025012008671], [111.81276442518637, 40.54060944620036], [111.81258476212955, 40.54060944620036], [111.81258476212955, 40.54078910925718], [111.81240509907272, 40.54078910925718], [111.81240509907272, 40.54114843537083], [111.81276442518637, 40.54114843537083], [111.81276442518637, 40.541328098427655], [111.8122254360159, 40.541328098427655], [111.8122254360159, 40.541507761484475], [111.81204577295907, 40.541507761484475], [111.81204577295907, 40.54186708759812], [111.81186610990225, 40.54186708759812], [111.81186610990225, 40.54204675065495], [111.81168644684543, 40.54204675065495], [111.81168644684543, 40.542226413711774], [111.8115067837886, 40.542226413711774], [111.8115067837886, 40.54204675065495], [111.81132712073178, 40.54204675065495], [111.81132712073178, 40.542226413711774], [111.81096779461812, 40.542226413711774], [111.81096779461812, 40.54204675065495], [111.81114745767495, 40.54204675065495], [111.81114745767495, 40.54186708759812], [111.81078813156131, 40.54186708759812], [111.81078813156131, 40.54204675065495], [111.81042880544766, 40.54204675065495], [111.81042880544766, 40.542226413711774], [111.81060846850448, 40.542226413711774], [111.81060846850448, 40.54258573982542], [111.81042880544766, 40.54258573982542], [111.81042880544766, 40.542945065939065], [111.80953049016354, 40.542945065939065], [111.80953049016354, 40.542765402882246], [111.80899150099306, 40.542765402882246], [111.80899150099306, 40.54258573982542], [111.8084525118226, 40.54258573982542], [111.8084525118226, 40.542765402882246], [111.80827284876577, 40.542765402882246], [111.80827284876577, 40.542945065939065], [111.80899150099306, 40.542945065939065], [111.80899150099306, 40.54312472899589], [111.80935082710671, 40.54312472899589], [111.80935082710671, 40.54330439205272], [111.810069479334, 40.54330439205272], [111.810069479334, 40.54348405510954], [111.81024914239083, 40.54348405510954], [111.81024914239083, 40.543663718166364], [111.81042880544766, 40.543663718166364], [111.81042880544766, 40.54384338122318], [111.81078813156131, 40.54384338122318], [111.81078813156131, 40.54402304428001], [111.81096779461812, 40.54402304428001], [111.81096779461812, 40.544382370393656], [111.81060846850448, 40.544382370393656]], [[111.80953049016354, 40.54060944620036], [111.80899150099306, 40.54060944620036], [111.80899150099306, 40.54025012008671], [111.80953049016354, 40.54025012008671], [111.80953049016354, 40.54060944620036]], [[111.80899150099306, 40.54114843537083], [111.80863217487942, 40.54114843537083], [111.80863217487942, 40.540968772314], [111.80899150099306, 40.540968772314], [111.80899150099306, 40.54114843537083]], [[111.81186610990225, 40.541328098427655], [111.8115067837886, 40.541328098427655], [111.8115067837886, 40.54114843537083], [111.81132712073178, 40.54114843537083], [111.81132712073178, 40.540968772314], [111.81186610990225, 40.540968772314], [111.81186610990225, 40.541328098427655]], [[111.80719487042482, 40.54258573982542], [111.807015207368, 40.54258573982542], [111.807015207368, 40.54240607676859], [111.80719487042482, 40.54240607676859], [111.80719487042482, 40.54258573982542]], [[111.8077338595953, 40.542765402882246], [111.80719487042482, 40.542765402882246], [111.80719487042482, 40.54258573982542], [111.80755419653848, 40.54258573982542], [111.80755419653848, 40.54240607676859], [111.8077338595953, 40.54240607676859], [111.8077338595953, 40.542765402882246]]]}, "properties": {"name": "cn_horinger_r06", "ptype": "hall"}}, {"type": "Feature", "geometry": {"geodesic": false, "type": "Polygon", "coordinates": [[[111.84959535183526, 40.565402948042056], [111.84959535183526, 40.564863958871584], [111.85013434100574, 40.564863958871584], [111.85013434100574, 40.56468429581476], [111.84941568877845, 40.56468429581476], [111.84941568877845, 40.564863958871584], [111.84923602572162, 40.564863958871584], [111.84923602572162, 40.56522328498523], [111.84851737349432, 40.56522328498523], [111.84851737349432, 40.56504362192841], [111.84797838432385, 40.56504362192841], [111.84797838432385, 40.564863958871584], [111.84743939515339, 40.564863958871584], [111.84743939515339, 40.56450463275794], [111.8476190582102, 40.56450463275794], [111.8476190582102, 40.564145306644285], [111.84815804738068, 40.564145306644285], [111.84815804738068, 40.563965643587466], [111.84869703655114, 40.563965643587466], [111.84869703655114, 40.56342665441699], [111.84851737349432, 40.56342665441699], [111.84851737349432, 40.56324699136017], [111.8483377104375, 40.56324699136017], [111.8483377104375, 40.56306732830335], [111.84851737349432, 40.56306732830335], [111.84851737349432, 40.562708002189694], [111.84869703655114, 40.562708002189694], [111.84869703655114, 40.562528339132875], [111.84887669960797, 40.562528339132875], [111.84887669960797, 40.56234867607605], [111.8490563626648, 40.56234867607605], [111.8490563626648, 40.562528339132875], [111.84923602572162, 40.562528339132875], [111.84923602572162, 40.56288766524652], [111.8490563626648, 40.56288766524652], [111.8490563626648, 40.56306732830335], [111.84923602572162, 40.56306732830335], [111.84923602572162, 40.56324699136017], [111.84977501489209, 40.56324699136017], [111.84977501489209, 40.56288766524652], [111.85031400406257, 40.56288766524652], [111.85031400406257, 40.56360631747382], [111.85085299323303, 40.56360631747382], [111.85085299323303, 40.56378598053064], [111.85103265628986, 40.56378598053064], [111.85103265628986, 40.56360631747382], [111.85121231934669, 40.56360631747382], [111.85121231934669, 40.564145306644285], [111.85103265628986, 40.564145306644285], [111.85103265628986, 40.56432496970111], [111.85085299323303, 40.56432496970111], [111.85085299323303, 40.564145306644285], [111.8506733301762, 40.564145306644285], [111.8506733301762, 40.56450463275794], [111.85103265628986, 40.56450463275794], [111.85103265628986, 40.564863958871584], [111.85013434100574, 40.564863958871584], [111.85013434100574, 40.56522328498523], [111.84977501489209, 40.56522328498523], [111.84977501489209, 40.565402948042056], [111.84959535183526, 40.565402948042056]], [[111.84995467794892, 40.563965643587466], [111.84977501489209, 40.563965643587466], [111.84977501489209, 40.56378598053064], [111.84995467794892, 40.56378598053064], [111.84995467794892, 40.563965643587466]], [[111.84941568877845, 40.564145306644285], [111.8490563626648, 40.564145306644285], [111.8490563626648, 40.563965643587466], [111.84923602572162, 40.563965643587466], [111.84923602572162, 40.56360631747382], [111.84941568877845, 40.56360631747382], [111.84941568877845, 40.564145306644285]], [[111.85031400406257, 40.56450463275794], [111.85013434100574, 40.56450463275794], [111.85013434100574, 40.56432496970111], [111.85031400406257, 40.56432496970111], [111.85031400406257, 40.56450463275794]], [[111.8490563626648, 40.564863958871584], [111.84887669960797, 40.564863958871584], [111.84887669960797, 40.56468429581476], [111.8483377104375, 40.56468429581476], [111.8483377104375, 40.56450463275794], [111.84797838432385, 40.56450463275794], [111.84797838432385, 40.56432496970111], [111.84815804738068, 40.56432496970111], [111.84815804738068, 40.564145306644285], [111.84851737349432, 40.564145306644285], [111.84851737349432, 40.56432496970111], [111.84869703655114, 40.56432496970111], [111.84869703655114, 40.56450463275794], [111.8490563626648, 40.56450463275794], [111.8490563626648, 40.564863958871584]]]}, "properties": {"name": "cn_horinger_r23", "ptype": "hall"}}, {"type": "Feature", "geometry": {"geodesic": false, "type": "Polygon", "coordinates": [[[111.83737826397125, 40.54761630541649], [111.83737826397125, 40.547256979302844], [111.83665961174394, 40.547256979302844], [111.83665961174394, 40.54689765318919], [111.83647994868713, 40.54689765318919], [111.83647994868713, 40.54671799013237], [111.8363002856303, 40.54671799013237], [111.8363002856303, 40.546538327075545], [111.83612062257347, 40.546538327075545], [111.83612062257347, 40.5461790009619], [111.83647994868713, 40.5461790009619], [111.83647994868713, 40.54564001179143], [111.83612062257347, 40.54564001179143], [111.83612062257347, 40.54492135956413], [111.8363002856303, 40.54492135956413], [111.8363002856303, 40.54474169650731], [111.83665961174394, 40.54474169650731], [111.83665961174394, 40.54456203345048], [111.8370189378576, 40.54456203345048], [111.8370189378576, 40.544382370393656], [111.83683927480077, 40.544382370393656], [111.83683927480077, 40.54402304428001], [111.8370189378576, 40.54402304428001], [111.8370189378576, 40.543663718166364], [111.83719860091442, 40.543663718166364], [111.83719860091442, 40.54348405510954], [111.83791725314171, 40.54348405510954], [111.83791725314171, 40.543663718166364], [111.83845624231219, 40.543663718166364], [111.83845624231219, 40.54384338122318], [111.83917489453948, 40.54384338122318], [111.83917489453948, 40.54402304428001], [111.83935455759631, 40.54402304428001], [111.83935455759631, 40.54420270733684], [111.83971388370995, 40.54420270733684], [111.83971388370995, 40.54402304428001], [111.8400732098236, 40.54402304428001], [111.8400732098236, 40.54384338122318], [111.84043253593725, 40.54384338122318], [111.84043253593725, 40.54402304428001], [111.84061219899407, 40.54402304428001], [111.84061219899407, 40.54420270733684], [111.84079186205089, 40.54420270733684], [111.84079186205089, 40.54456203345048], [111.84061219899407, 40.54456203345048], [111.84061219899407, 40.54492135956413], [111.84043253593725, 40.54492135956413], [111.84043253593725, 40.545101022620955], [111.84025287288043, 40.545101022620955], [111.84025287288043, 40.54528068567778], [111.8400732098236, 40.54528068567778], [111.8400732098236, 40.54474169650731], [111.84025287288043, 40.54474169650731], [111.84025287288043, 40.544382370393656], [111.83989354676677, 40.544382370393656], [111.83989354676677, 40.54456203345048], [111.83971388370995, 40.54456203345048], [111.83971388370995, 40.54492135956413], [111.83899523148266, 40.54492135956413], [111.83899523148266, 40.54474169650731], [111.83881556842583, 40.54474169650731], [111.83881556842583, 40.54456203345048], [111.83809691619854, 40.54456203345048], [111.83809691619854, 40.54492135956413], [111.83791725314171, 40.54492135956413], [111.83791725314171, 40.545101022620955], [111.83773759008488, 40.545101022620955], [111.83773759008488, 40.54528068567778], [111.83755792702807, 40.54528068567778], [111.83755792702807, 40.54564001179143], [111.83773759008488, 40.54564001179143], [111.83773759008488, 40.54599933790507], [111.83827657925536, 40.54599933790507], [111.83827657925536, 40.54564001179143], [111.83845624231219, 40.54564001179143], [111.83845624231219, 40.5454603487346], [111.83917489453948, 40.5454603487346], [111.83917489453948, 40.54581967484825], [111.83953422065314, 40.54581967484825], [111.83953422065314, 40.54599933790507], [111.83971388370995, 40.54599933790507], [111.83971388370995, 40.546538327075545], [111.83953422065314, 40.546538327075545], [111.83953422065314, 40.54671799013237], [111.83917489453948, 40.54671799013237], [111.83917489453948, 40.546538327075545], [111.83899523148266, 40.546538327075545], [111.83899523148266, 40.54671799013237], [111.838635905369, 40.54671799013237], [111.838635905369, 40.547256979302844], [111.83845624231219, 40.547256979302844], [111.83845624231219, 40.54743664235966], [111.83827657925536, 40.54743664235966], [111.83827657925536, 40.54761630541649], [111.83737826397125, 40.54761630541649]], [[111.83935455759631, 40.54456203345048], [111.83899523148266, 40.54456203345048], [111.83899523148266, 40.544382370393656], [111.83935455759631, 40.544382370393656], [111.83935455759631, 40.54456203345048]], [[111.83791725314171, 40.547256979302844], [111.83737826397125, 40.547256979302844], [111.83737826397125, 40.54707731624602], [111.83773759008488, 40.54707731624602], [111.83773759008488, 40.54689765318919], [111.83791725314171, 40.54689765318919], [111.83791725314171, 40.547256979302844]]]}, "properties": {"name": "cn_horinger_r14", "ptype": "hall"}}, {"type": "Feature", "geometry": {"geodesic": false, "type": "Polygon", "coordinates": [[[111.80521857679976, 40.547256979302844], [111.80521857679976, 40.54707731624602], [111.8046795876293, 40.54707731624602], [111.8046795876293, 40.547256979302844], [111.80449992457247, 40.547256979302844], [111.80449992457247, 40.54707731624602], [111.8046795876293, 40.54707731624602], [111.8046795876293, 40.54689765318919], [111.80449992457247, 40.54689765318919], [111.80449992457247, 40.54635866401872], [111.8046795876293, 40.54635866401872], [111.8046795876293, 40.5461790009619], [111.80485925068612, 40.5461790009619], [111.80485925068612, 40.54581967484825], [111.80503891374293, 40.54581967484825], [111.80503891374293, 40.54564001179143], [111.80485925068612, 40.54564001179143], [111.80485925068612, 40.5454603487346], [111.80503891374293, 40.5454603487346], [111.80503891374293, 40.54528068567778], [111.80557790291341, 40.54528068567778], [111.80557790291341, 40.545101022620955], [111.80593722902707, 40.545101022620955], [111.80593722902707, 40.54528068567778], [111.80575756597024, 40.54528068567778], [111.80575756597024, 40.5454603487346], [111.80593722902707, 40.5454603487346], [111.80593722902707, 40.54564001179143], [111.80539823985659, 40.54564001179143], [111.80539823985659, 40.54581967484825], [111.80557790291341, 40.54581967484825], [111.80557790291341, 40.5461790009619], [111.80575756597024, 40.5461790009619], [111.80575756597024, 40.54581967484825], [111.80611689208388, 40.54581967484825], [111.80611689208388, 40.5454603487346], [111.8062965551407, 40.5454603487346], [111.8062965551407, 40.545101022620955], [111.80611689208388, 40.545101022620955], [111.80611689208388, 40.54492135956413], [111.80575756597024, 40.54492135956413], [111.80575756597024, 40.544382370393656], [111.80557790291341, 40.544382370393656], [111.80557790291341, 40.54420270733684], [111.80575756597024, 40.54420270733684], [111.80575756597024, 40.54402304428001], [111.80593722902707, 40.54402304428001], [111.80593722902707, 40.54420270733684], [111.80611689208388, 40.54420270733684], [111.80611689208388, 40.54402304428001], [111.80665588125436, 40.54402304428001], [111.80665588125436, 40.54420270733684], [111.80719487042482, 40.54420270733684], [111.80719487042482, 40.54402304428001], [111.80755419653848, 40.54402304428001], [111.80755419653848, 40.54384338122318], [111.8077338595953, 40.54384338122318], [111.8077338595953, 40.54402304428001], [111.80755419653848, 40.54402304428001], [111.80755419653848, 40.54420270733684], [111.8077338595953, 40.54420270733684], [111.8077338595953, 40.54456203345048], [111.807015207368, 40.54456203345048], [111.807015207368, 40.544382370393656], [111.80683554431118, 40.544382370393656], [111.80683554431118, 40.54456203345048], [111.80665588125436, 40.54456203345048], [111.80665588125436, 40.54474169650731], [111.8062965551407, 40.54474169650731], [111.8062965551407, 40.54492135956413], [111.80647621819753, 40.54492135956413], [111.80647621819753, 40.54528068567778], [111.80665588125436, 40.54528068567778], [111.80665588125436, 40.54564001179143], [111.807015207368, 40.54564001179143], [111.807015207368, 40.54599933790507], [111.80719487042482, 40.54599933790507], [111.80719487042482, 40.54581967484825], [111.8077338595953, 40.54581967484825], [111.8077338595953, 40.54564001179143], [111.80791352265213, 40.54564001179143], [111.80791352265213, 40.54581967484825], [111.80809318570894, 40.54581967484825], [111.80809318570894, 40.5454603487346], [111.80827284876577, 40.5454603487346], [111.80827284876577, 40.54492135956413], [111.8084525118226, 40.54492135956413], [111.8084525118226, 40.54474169650731], [111.80863217487942, 40.54474169650731], [111.80863217487942, 40.54492135956413], [111.80899150099306, 40.54492135956413], [111.80899150099306, 40.545101022620955], [111.80953049016354, 40.545101022620955], [111.80953049016354, 40.54456203345048], [111.80971015322037, 40.54456203345048], [111.80971015322037, 40.544382370393656], [111.810069479334, 40.544382370393656], [111.810069479334, 40.545101022620955], [111.80988981627719, 40.545101022620955], [111.80988981627719, 40.54528068567778], [111.80953049016354, 40.54528068567778], [111.80953049016354, 40.5454603487346], [111.80971015322037, 40.5454603487346], [111.80971015322037, 40.54581967484825], [111.80953049016354, 40.54581967484825], [111.80953049016354, 40.54564001179143], [111.80935082710671, 40.54564001179143], [111.80935082710671, 40.54581967484825], [111.80917116404989, 40.54581967484825], [111.80917116404989, 40.54599933790507], [111.80881183793625, 40.54599933790507], [111.80881183793625, 40.54564001179143], [111.8084525118226, 40.54564001179143], [111.8084525118226, 40.54581967484825], [111.80827284876577, 40.54581967484825], [111.80827284876577, 40.5461790009619], [111.80863217487942, 40.5461790009619], [111.80863217487942, 40.54635866401872], [111.80809318570894, 40.54635866401872], [111.80809318570894, 40.546538327075545], [111.80737453348165, 40.546538327075545], [111.80737453348165, 40.54689765318919], [111.80683554431118, 40.54689765318919], [111.80683554431118, 40.546538327075545], [111.80665588125436, 40.546538327075545], [111.80665588125436, 40.54671799013237], [111.80647621819753, 40.54671799013237], [111.80647621819753, 40.54689765318919], [111.80575756597024, 40.54689765318919], [111.80575756597024, 40.54707731624602], [111.80557790291341, 40.54707731624602], [111.80557790291341, 40.547256979302844], [111.80521857679976, 40.547256979302844]], [[111.80539823985659, 40.54599933790507], [111.80521857679976, 40.54599933790507], [111.80521857679976, 40.54581967484825], [111.80539823985659, 40.54581967484825], [111.80539823985659, 40.54599933790507]], [[111.80521857679976, 40.5461790009619], [111.80503891374293, 40.5461790009619], [111.80503891374293, 40.54599933790507], [111.80521857679976, 40.54599933790507], [111.80521857679976, 40.5461790009619]], [[111.80737453348165, 40.5461790009619], [111.80719487042482, 40.5461790009619], [111.80719487042482, 40.54599933790507], [111.80737453348165, 40.54599933790507], [111.80737453348165, 40.5461790009619]], [[111.80809318570894, 40.54635866401872], [111.8077338595953, 40.54635866401872], [111.8077338595953, 40.5461790009619], [111.80809318570894, 40.5461790009619], [111.80809318570894, 40.54635866401872]], [[111.807015207368, 40.546538327075545], [111.80683554431118, 40.546538327075545], [111.80683554431118, 40.54635866401872], [111.8062965551407, 40.54635866401872], [111.8062965551407, 40.5461790009619], [111.80611689208388, 40.5461790009619], [111.80611689208388, 40.54581967484825], [111.80683554431118, 40.54581967484825], [111.80683554431118, 40.54599933790507], [111.80665588125436, 40.54599933790507], [111.80665588125436, 40.5461790009619], [111.80719487042482, 40.5461790009619], [111.80719487042482, 40.54635866401872], [111.807015207368, 40.54635866401872], [111.807015207368, 40.546538327075545]], [[111.80557790291341, 40.54689765318919], [111.80503891374293, 40.54689765318919], [111.80503891374293, 40.54671799013237], [111.80485925068612, 40.54671799013237], [111.80485925068612, 40.5461790009619], [111.80503891374293, 40.5461790009619], [111.80503891374293, 40.54635866401872], [111.80521857679976, 40.54635866401872], [111.80521857679976, 40.546538327075545], [111.80557790291341, 40.546538327075545], [111.80557790291341, 40.54689765318919]]]}, "properties": {"name": "cn_horinger_r18", "ptype": "hall"}}, {"type": "Feature", "geometry": {"geodesic": false, "type": "Polygon", "coordinates": [[[111.8558835588241, 40.55803676271228], [111.8558835588241, 40.55785709965545], [111.85534456965364, 40.55785709965545], [111.85534456965364, 40.55767743659863], [111.85516490659681, 40.55767743659863], [111.85516490659681, 40.557497773541805], [111.8542665913127, 40.557497773541805], [111.8542665913127, 40.55731811048498], [111.85408692825587, 40.55731811048498], [111.85408692825587, 40.55713844742816], [111.85390726519904, 40.55713844742816], [111.85390726519904, 40.55731811048498], [111.85354793908539, 40.55731811048498], [111.85354793908539, 40.55713844742816], [111.8528292868581, 40.55713844742816], [111.8528292868581, 40.556779121314506], [111.85229029768763, 40.556779121314506], [111.85229029768763, 40.55624013214403], [111.85246996074444, 40.55624013214403], [111.85246996074444, 40.556060469087214], [111.8528292868581, 40.556060469087214], [111.8528292868581, 40.55624013214403], [111.85264962380127, 40.55624013214403], [111.85264962380127, 40.556599458257686], [111.8528292868581, 40.556599458257686], [111.8528292868581, 40.556779121314506], [111.85300894991492, 40.556779121314506], [111.85300894991492, 40.556599458257686], [111.85318861297175, 40.556599458257686], [111.85318861297175, 40.556779121314506], [111.85354793908539, 40.556779121314506], [111.85354793908539, 40.55695878437133], [111.85390726519904, 40.55695878437133], [111.85390726519904, 40.556599458257686], [111.85408692825587, 40.556599458257686], [111.85408692825587, 40.55641979520086], [111.85372760214221, 40.55641979520086], [111.85372760214221, 40.55624013214403], [111.85354793908539, 40.55624013214403], [111.85354793908539, 40.55588080603039], [111.85336827602858, 40.55588080603039], [111.85336827602858, 40.55552147991674], [111.85354793908539, 40.55552147991674], [111.85354793908539, 40.55570114297357], [111.85372760214221, 40.55570114297357], [111.85372760214221, 40.555341816859915], [111.85318861297175, 40.555341816859915], [111.85318861297175, 40.55588080603039], [111.8528292868581, 40.55588080603039], [111.8528292868581, 40.55570114297357], [111.85264962380127, 40.55570114297357], [111.85264962380127, 40.55552147991674], [111.8528292868581, 40.55552147991674], [111.8528292868581, 40.555341816859915], [111.85318861297175, 40.555341816859915], [111.85318861297175, 40.555162153803096], [111.85300894991492, 40.555162153803096], [111.85300894991492, 40.55498249074627], [111.85336827602858, 40.55498249074627], [111.85336827602858, 40.55480282768944], [111.85318861297175, 40.55480282768944], [111.85318861297175, 40.55462316463262], [111.85354793908539, 40.55462316463262], [111.85354793908539, 40.553724849348505], [111.85372760214221, 40.553724849348505], [111.85372760214221, 40.55318586017803], [111.85390726519904, 40.55318586017803], [111.85390726519904, 40.553006197121206], [111.85408692825587, 40.553006197121206], [111.85408692825587, 40.55282653406438], [111.8542665913127, 40.55282653406438], [111.8542665913127, 40.55210788183709], [111.85480558048316, 40.55210788183709], [111.85480558048316, 40.552467207950734], [111.85516490659681, 40.552467207950734], [111.85516490659681, 40.55264687100756], [111.85606322188093, 40.55264687100756], [111.85606322188093, 40.55282653406438], [111.85624288493776, 40.55282653406438], [111.85624288493776, 40.55318586017803], [111.85642254799457, 40.55318586017803], [111.85642254799457, 40.55354518629168], [111.8566022110514, 40.55354518629168], [111.8566022110514, 40.553904512405325], [111.85642254799457, 40.553904512405325], [111.85642254799457, 40.55408417546215], [111.8566022110514, 40.55408417546215], [111.8566022110514, 40.55426383851897], [111.85678187410822, 40.55426383851897], [111.85678187410822, 40.55408417546215], [111.8573208632787, 40.55408417546215], [111.8573208632787, 40.55462316463262], [111.85768018939234, 40.55462316463262], [111.85768018939234, 40.5544435015758], [111.85750052633551, 40.5544435015758], [111.85750052633551, 40.55426383851897], [111.858039515506, 40.55426383851897], [111.858039515506, 40.55462316463262], [111.85821917856282, 40.55462316463262], [111.85821917856282, 40.55480282768944], [111.85857850467646, 40.55480282768944], [111.85857850467646, 40.555162153803096], [111.85893783079011, 40.555162153803096], [111.85893783079011, 40.555341816859915], [111.85929715690376, 40.555341816859915], [111.85929715690376, 40.55570114297357], [111.85947681996058, 40.55570114297357], [111.85947681996058, 40.55624013214403], [111.85929715690376, 40.55624013214403], [111.85929715690376, 40.55641979520086], [111.85839884161963, 40.55641979520086], [111.85839884161963, 40.55695878437133], [111.85768018939234, 40.55695878437133], [111.85768018939234, 40.55713844742816], [111.85750052633551, 40.55713844742816], [111.85750052633551, 40.55767743659863], [111.8573208632787, 40.55767743659863], [111.8573208632787, 40.557497773541805], [111.85714120022188, 40.557497773541805], [111.85714120022188, 40.55713844742816], [111.8566022110514, 40.55713844742816], [111.8566022110514, 40.55695878437133], [111.85642254799457, 40.55695878437133], [111.85642254799457, 40.556779121314506], [111.8558835588241, 40.556779121314506], [111.8558835588241, 40.556599458257686], [111.85534456965364, 40.556599458257686], [111.85534456965364, 40.55641979520086], [111.85516490659681, 40.55641979520086], [111.85516490659681, 40.55624013214403], [111.8558835588241, 40.55624013214403], [111.8558835588241, 40.55641979520086], [111.85624288493776, 40.55641979520086], [111.85624288493776, 40.55624013214403], [111.85642254799457, 40.55624013214403], [111.85642254799457, 40.556060469087214], [111.85678187410822, 40.556060469087214], [111.85678187410822, 40.55641979520086], [111.85642254799457, 40.55641979520086], [111.85642254799457, 40.556599458257686], [111.85714120022188, 40.556599458257686], [111.85714120022188, 40.556779121314506], [111.8573208632787, 40.556779121314506], [111.8573208632787, 40.556599458257686], [111.85750052633551, 40.556599458257686], [111.85750052633551, 40.55641979520086], [111.8573208632787, 40.55641979520086], [111.8573208632787, 40.55624013214403], [111.85714120022188, 40.55624013214403], [111.85714120022188, 40.55552147991674], [111.8573208632787, 40.55552147991674], [111.8573208632787, 40.555341816859915], [111.85750052633551, 40.555341816859915], [111.85750052633551, 40.55552147991674], [111.85768018939234, 40.55552147991674], [111.85768018939234, 40.555162153803096], [111.85750052633551, 40.555162153803096], [111.85750052633551, 40.55498249074627], [111.85714120022188, 40.55498249074627], [111.85714120022188, 40.55480282768944], [111.85696153716505, 40.55480282768944], [111.85696153716505, 40.55498249074627], [111.85678187410822, 40.55498249074627], [111.85678187410822, 40.55480282768944], [111.85624288493776, 40.55480282768944], [111.85624288493776, 40.55462316463262], [111.85606322188093, 40.55462316463262], [111.85606322188093, 40.5544435015758], [111.8558835588241, 40.5544435015758], [111.8558835588241, 40.55426383851897], [111.85570389576728, 40.55426383851897], [111.85570389576728, 40.5544435015758], [111.85516490659681, 40.5544435015758], [111.85516490659681, 40.55426383851897], [111.85462591742633, 40.55426383851897], [111.85462591742633, 40.55408417546215], [111.85480558048316, 40.55408417546215], [111.85480558048316, 40.553904512405325], [111.8544462543695, 40.553904512405325], [111.8544462543695, 40.55408417546215], [111.85408692825587, 40.55408417546215], [111.85408692825587, 40.5544435015758], [111.85372760214221, 40.5544435015758], [111.85372760214221, 40.55462316463262], [111.85354793908539, 40.55462316463262], [111.85354793908539, 40.55480282768944], [111.85498524353999, 40.55480282768944], [111.85498524353999, 40.555162153803096], [111.85516490659681, 40.555162153803096], [111.85516490659681, 40.555341816859915], [111.85570389576728, 40.555341816859915], [111.85570389576728, 40.55552147991674], [111.85606322188093, 40.55552147991674], [111.85606322188093, 40.55570114297357], [111.85624288493776, 40.55570114297357], [111.85624288493776, 40.556060469087214], [111.85570389576728, 40.556060469087214], [111.85570389576728, 40.55588080603039], [111.85480558048316, 40.55588080603039], [111.85480558048316, 40.556060469087214], [111.85498524353999, 40.556060469087214], [111.85498524353999, 40.556779121314506], [111.85516490659681, 40.556779121314506], [111.85516490659681, 40.55695878437133], [111.85534456965364, 40.55695878437133], [111.85534456965364, 40.55713844742816], [111.85552423271045, 40.55713844742816], [111.85552423271045, 40.55695878437133], [111.85570389576728, 40.55695878437133], [111.85570389576728, 40.55713844742816], [111.8558835588241, 40.55713844742816], [111.8558835588241, 40.55731811048498], [111.8566022110514, 40.55731811048498], [111.8566022110514, 40.557497773541805], [111.85678187410822, 40.557497773541805], [111.85678187410822, 40.55803676271228], [111.8558835588241, 40.55803676271228]], [[111.85462591742633, 40.556060469087214], [111.8544462543695, 40.556060469087214], [111.8544462543695, 40.55588080603039], [111.85462591742633, 40.55588080603039], [111.85462591742633, 40.556060469087214]], [[111.85839884161963, 40.55641979520086], [111.85768018939234, 40.55641979520086], [111.85768018939234, 40.556060469087214], [111.858039515506, 40.556060469087214], [111.858039515506, 40.55588080603039], [111.85821917856282, 40.55588080603039], [111.85821917856282, 40.556060469087214], [111.85857850467646, 40.556060469087214], [111.85857850467646, 40.55624013214403], [111.85839884161963, 40.55624013214403], [111.85839884161963, 40.55641979520086]]]}, "properties": {"name": "cn_horinger_r05", "ptype": "hall"}}, {"type": "Feature", "geometry": {"geodesic": false, "type": "Polygon", "coordinates": [[[111.81743566466379, 40.506473465403815], [111.81743566466379, 40.50593447623334], [111.81725600160696, 40.50593447623334], [111.81725600160696, 40.505754813176516], [111.81689667549331, 40.505754813176516], [111.81689667549331, 40.50593447623334], [111.81653734937967, 40.50593447623334], [111.81653734937967, 40.505754813176516], [111.81617802326602, 40.505754813176516], [111.81617802326602, 40.50611413929017], [111.81581869715238, 40.50611413929017], [111.81581869715238, 40.50539548706287], [111.81545937103873, 40.50539548706287], [111.81545937103873, 40.50521582400605], [111.81492038186825, 40.50521582400605], [111.81492038186825, 40.50539548706287], [111.81474071881144, 40.50539548706287], [111.81474071881144, 40.505754813176516], [111.81438139269778, 40.505754813176516], [111.81438139269778, 40.50521582400605], [111.81402206658413, 40.50521582400605], [111.81402206658413, 40.5055751501197], [111.81384240352732, 40.5055751501197], [111.81384240352732, 40.50539548706287], [111.81348307741366, 40.50539548706287], [111.81348307741366, 40.50521582400605], [111.81330341435684, 40.50521582400605], [111.81330341435684, 40.505036160949224], [111.81348307741366, 40.505036160949224], [111.81348307741366, 40.5048564978924], [111.81330341435684, 40.5048564978924], [111.81330341435684, 40.504137845665106], [111.81348307741366, 40.504137845665106], [111.81348307741366, 40.50395818260828], [111.81366274047049, 40.50395818260828], [111.81366274047049, 40.50377851955145], [111.81384240352732, 40.50377851955145], [111.81384240352732, 40.50395818260828], [111.81402206658413, 40.50395818260828], [111.81402206658413, 40.50377851955145], [111.81420172964096, 40.50377851955145], [111.81420172964096, 40.503598856494634], [111.81438139269778, 40.503598856494634], [111.81438139269778, 40.50395818260828], [111.81545937103873, 40.50395818260828], [111.81545937103873, 40.50377851955145], [111.81563903409555, 40.50377851955145], [111.81563903409555, 40.50395818260828], [111.81581869715238, 40.50395818260828], [111.81581869715238, 40.504317508721925], [111.81563903409555, 40.504317508721925], [111.81563903409555, 40.50449717177875], [111.81617802326602, 40.50449717177875], [111.81617802326602, 40.504317508721925], [111.81599836020919, 40.504317508721925], [111.81599836020919, 40.504137845665106], [111.81653734937967, 40.504137845665106], [111.81653734937967, 40.504317508721925], [111.8167170124365, 40.504317508721925], [111.8167170124365, 40.504137845665106], [111.81725600160696, 40.504137845665106], [111.81725600160696, 40.504317508721925], [111.81743566466379, 40.504317508721925], [111.81743566466379, 40.5048564978924], [111.81797465383426, 40.5048564978924], [111.81797465383426, 40.50467683483558], [111.81833397994791, 40.50467683483558], [111.81833397994791, 40.50521582400605], [111.81887296911837, 40.50521582400605], [111.81887296911837, 40.505036160949224], [111.81869330606156, 40.505036160949224], [111.81869330606156, 40.5048564978924], [111.81923229523203, 40.5048564978924], [111.81923229523203, 40.50467683483558], [111.8190526321752, 40.50467683483558], [111.8190526321752, 40.504317508721925], [111.81941195828885, 40.504317508721925], [111.81941195828885, 40.50449717177875], [111.8197712844025, 40.50449717177875], [111.8197712844025, 40.50467683483558], [111.81995094745932, 40.50467683483558], [111.81995094745932, 40.504137845665106], [111.8197712844025, 40.504137845665106], [111.8197712844025, 40.503598856494634], [111.81959162134568, 40.503598856494634], [111.81959162134568, 40.50323953038099], [111.8197712844025, 40.50323953038099], [111.8197712844025, 40.502700541210515], [111.81995094745932, 40.502700541210515], [111.81995094745932, 40.50252087815369], [111.82013061051614, 40.50252087815369], [111.82013061051614, 40.50234121509686], [111.82031027357297, 40.50234121509686], [111.82031027357297, 40.50198188898322], [111.8204899366298, 40.50198188898322], [111.8204899366298, 40.50180222592639], [111.82084926274344, 40.50180222592639], [111.82084926274344, 40.50162256286957], [111.82120858885709, 40.50162256286957], [111.82120858885709, 40.501442899812744], [111.82192724108438, 40.501442899812744], [111.82192724108438, 40.50180222592639], [111.82210690414121, 40.50180222592639], [111.82210690414121, 40.50216155204004], [111.82228656719803, 40.50216155204004], [111.82228656719803, 40.50234121509686], [111.82210690414121, 40.50234121509686], [111.82210690414121, 40.50252087815369], [111.82192724108438, 40.50252087815369], [111.82192724108438, 40.502880204267335], [111.82210690414121, 40.502880204267335], [111.82210690414121, 40.50305986732416], [111.82192724108438, 40.50305986732416], [111.82192724108438, 40.50341919343781], [111.82174757802757, 40.50341919343781], [111.82174757802757, 40.50377851955145], [111.82156791497074, 40.50377851955145], [111.82156791497074, 40.50395818260828], [111.82138825191392, 40.50395818260828], [111.82138825191392, 40.504137845665106], [111.82102892580026, 40.504137845665106], [111.82102892580026, 40.50395818260828], [111.82066959968662, 40.50395818260828], [111.82066959968662, 40.504137845665106], [111.8204899366298, 40.504137845665106], [111.8204899366298, 40.504317508721925], [111.82031027357297, 40.504317508721925], [111.82031027357297, 40.50467683483558], [111.82013061051614, 40.50467683483558], [111.82013061051614, 40.505036160949224], [111.81995094745932, 40.505036160949224], [111.81995094745932, 40.5048564978924], [111.81959162134568, 40.5048564978924], [111.81959162134568, 40.50521582400605], [111.81941195828885, 40.50521582400605], [111.81941195828885, 40.50539548706287], [111.8190526321752, 40.50539548706287], [111.8190526321752, 40.50521582400605], [111.81887296911837, 40.50521582400605], [111.81887296911837, 40.50539548706287], [111.81851364300474, 40.50539548706287], [111.81851364300474, 40.5055751501197], [111.81815431689108, 40.5055751501197], [111.81815431689108, 40.505754813176516], [111.81833397994791, 40.505754813176516], [111.81833397994791, 40.50593447623334], [111.81851364300474, 40.50593447623334], [111.81851364300474, 40.50611413929017], [111.81833397994791, 40.50611413929017], [111.81833397994791, 40.50629380234699], [111.81797465383426, 40.50629380234699], [111.81797465383426, 40.506473465403815], [111.81743566466379, 40.506473465403815]], [[111.82174757802757, 40.50216155204004], [111.82138825191392, 40.50216155204004], [111.82138825191392, 40.50180222592639], [111.82156791497074, 40.50180222592639], [111.82156791497074, 40.50198188898322], [111.82174757802757, 40.50198188898322], [111.82174757802757, 40.50216155204004]], [[111.82102892580026, 40.50234121509686], [111.82084926274344, 40.50234121509686], [111.82084926274344, 40.50216155204004], [111.82102892580026, 40.50216155204004], [111.82102892580026, 40.50234121509686]], [[111.82156791497074, 40.502700541210515], [111.82138825191392, 40.502700541210515], [111.82138825191392, 40.50252087815369], [111.82156791497074, 40.50252087815369], [111.82156791497074, 40.502700541210515]]]}, "properties": {"name": "cn_horinger_r08", "ptype": "hall"}}, {"type": "Feature", "geometry": {"geodesic": false, "type": "Polygon", "coordinates": [[[111.84204950344866, 40.54240607676859], [111.84204950344866, 40.542226413711774], [111.84186984039184, 40.542226413711774], [111.84186984039184, 40.54186708759812], [111.84169017733501, 40.54186708759812], [111.84169017733501, 40.54204675065495], [111.84115118816455, 40.54204675065495], [111.84115118816455, 40.54186708759812], [111.84061219899407, 40.54186708759812], [111.84061219899407, 40.54204675065495], [111.84043253593725, 40.54204675065495], [111.84043253593725, 40.542226413711774], [111.84025287288043, 40.542226413711774], [111.84025287288043, 40.54186708759812], [111.8400732098236, 40.54186708759812], [111.8400732098236, 40.5416874245413], [111.83935455759631, 40.5416874245413], [111.83935455759631, 40.541507761484475], [111.838635905369, 40.541507761484475], [111.838635905369, 40.541328098427655], [111.83827657925536, 40.541328098427655], [111.83827657925536, 40.540968772314], [111.83845624231219, 40.540968772314], [111.83845624231219, 40.54025012008671], [111.83881556842583, 40.54025012008671], [111.83881556842583, 40.540070457029884], [111.83899523148266, 40.540070457029884], [111.83899523148266, 40.53989079397306], [111.83971388370995, 40.53989079397306], [111.83971388370995, 40.54025012008671], [111.84061219899407, 40.54025012008671], [111.84061219899407, 40.54042978314353], [111.84097152510772, 40.54042978314353], [111.84097152510772, 40.54060944620036], [111.84115118816455, 40.54060944620036], [111.84115118816455, 40.540968772314], [111.84133085122137, 40.540968772314], [111.84133085122137, 40.541328098427655], [111.84169017733501, 40.541328098427655], [111.84169017733501, 40.5416874245413], [111.84222916650549, 40.5416874245413], [111.84222916650549, 40.541507761484475], [111.84258849261913, 40.541507761484475], [111.84258849261913, 40.54186708759812], [111.84240882956232, 40.54186708759812], [111.84240882956232, 40.54240607676859], [111.84204950344866, 40.54240607676859]]]}, "properties": {"name": "cn_horinger_r22", "ptype": "hall"}}, {"type": "Feature", "geometry": {"geodesic": false, "type": "Polygon", "coordinates": [[[111.800906663436, 40.540968772314], [111.800906663436, 40.54078910925718], [111.80018801120869, 40.54078910925718], [111.80018801120869, 40.54042978314353], [111.80054733732234, 40.54042978314353], [111.80054733732234, 40.53989079397306], [111.80072700037917, 40.53989079397306], [111.80072700037917, 40.53953146785941], [111.800906663436, 40.53953146785941], [111.800906663436, 40.539172141745766], [111.80072700037917, 40.539172141745766], [111.80072700037917, 40.53899247868894], [111.79964902203822, 40.53899247868894], [111.79964902203822, 40.539172141745766], [111.7994693589814, 40.539172141745766], [111.7994693589814, 40.53881281563212], [111.79928969592457, 40.53881281563212], [111.79928969592457, 40.538633152575294], [111.7987507067541, 40.538633152575294], [111.7987507067541, 40.53845348951847], [111.79839138064045, 40.53845348951847], [111.79839138064045, 40.53881281563212], [111.79821171758363, 40.53881281563212], [111.79821171758363, 40.53899247868894], [111.7980320545268, 40.53899247868894], [111.7980320545268, 40.539172141745766], [111.79821171758363, 40.539172141745766], [111.79821171758363, 40.53953146785941], [111.79785239146999, 40.53953146785941], [111.79785239146999, 40.53989079397306], [111.79731340229951, 40.53989079397306], [111.79731340229951, 40.53971113091624], [111.79659475007222, 40.53971113091624], [111.79659475007222, 40.53953146785941], [111.79623542395856, 40.53953146785941], [111.79623542395856, 40.53935180480259], [111.79641508701539, 40.53935180480259], [111.79641508701539, 40.539172141745766], [111.79713373924268, 40.539172141745766], [111.79713373924268, 40.53881281563212], [111.79731340229951, 40.53881281563212], [111.79731340229951, 40.53809416340482], [111.79713373924268, 40.53809416340482], [111.79713373924268, 40.537914500347995], [111.79695407618587, 40.537914500347995], [111.79695407618587, 40.537734837291175], [111.79677441312904, 40.537734837291175], [111.79677441312904, 40.53755517423435], [111.79695407618587, 40.53755517423435], [111.79695407618587, 40.5371958481207], [111.79713373924268, 40.5371958481207], [111.79713373924268, 40.53701618506388], [111.79731340229951, 40.53701618506388], [111.79731340229951, 40.53683652200706], [111.79749306535633, 40.53683652200706], [111.79749306535633, 40.53665685895023], [111.79731340229951, 40.53665685895023], [111.79731340229951, 40.536297532836585], [111.79821171758363, 40.536297532836585], [111.79821171758363, 40.536477195893404], [111.79857104369728, 40.536477195893404], [111.79857104369728, 40.53683652200706], [111.7987507067541, 40.53683652200706], [111.7987507067541, 40.53665685895023], [111.79893036981093, 40.53665685895023], [111.79893036981093, 40.53683652200706], [111.79911003286774, 40.53683652200706], [111.79911003286774, 40.5371958481207], [111.79893036981093, 40.5371958481207], [111.79893036981093, 40.53755517423435], [111.7987507067541, 40.53755517423435], [111.7987507067541, 40.53809416340482], [111.79928969592457, 40.53809416340482], [111.79928969592457, 40.537914500347995], [111.79964902203822, 40.537914500347995], [111.79964902203822, 40.537734837291175], [111.79982868509505, 40.537734837291175], [111.79982868509505, 40.537914500347995], [111.80000834815188, 40.537914500347995], [111.80000834815188, 40.53827382646165], [111.80018801120869, 40.53827382646165], [111.80018801120869, 40.53845348951847], [111.80036767426552, 40.53845348951847], [111.80036767426552, 40.53827382646165], [111.80072700037917, 40.53827382646165], [111.80072700037917, 40.53845348951847], [111.800906663436, 40.53845348951847], [111.800906663436, 40.53881281563212], [111.80108632649281, 40.53881281563212], [111.80108632649281, 40.538633152575294], [111.80126598954963, 40.538633152575294], [111.80126598954963, 40.53827382646165], [111.80144565260646, 40.53827382646165], [111.80144565260646, 40.53809416340482], [111.80162531566329, 40.53809416340482], [111.80162531566329, 40.537914500347995], [111.80216430483375, 40.537914500347995], [111.80216430483375, 40.537734837291175], [111.80234396789058, 40.537734837291175], [111.80234396789058, 40.537914500347995], [111.8025236309474, 40.537914500347995], [111.8025236309474, 40.53809416340482], [111.80342194623152, 40.53809416340482], [111.80342194623152, 40.537914500347995], [111.80378127234518, 40.537914500347995], [111.80378127234518, 40.53809416340482], [111.80360160928835, 40.53809416340482], [111.80360160928835, 40.53827382646165], [111.8032422831747, 40.53827382646165], [111.8032422831747, 40.53845348951847], [111.80306262011787, 40.53845348951847], [111.80306262011787, 40.53953146785941], [111.80288295706106, 40.53953146785941], [111.80288295706106, 40.53971113091624], [111.80270329400423, 40.53971113091624], [111.80270329400423, 40.53989079397306], [111.80234396789058, 40.53989079397306], [111.80234396789058, 40.53953146785941], [111.80180497872011, 40.53953146785941], [111.80180497872011, 40.53971113091624], [111.80162531566329, 40.53971113091624], [111.80162531566329, 40.53989079397306], [111.80144565260646, 40.53989079397306], [111.80144565260646, 40.54025012008671], [111.80126598954963, 40.54025012008671], [111.80126598954963, 40.54042978314353], [111.80108632649281, 40.54042978314353], [111.80108632649281, 40.540968772314], [111.800906663436, 40.540968772314]], [[111.79857104369728, 40.53701618506388], [111.79821171758363, 40.53701618506388], [111.79821171758363, 40.53683652200706], [111.79857104369728, 40.53683652200706], [111.79857104369728, 40.53701618506388]], [[111.7980320545268, 40.53755517423435], [111.79785239146999, 40.53755517423435], [111.79785239146999, 40.53737551117753], [111.7980320545268, 40.53737551117753], [111.7980320545268, 40.53755517423435]], [[111.8025236309474, 40.53827382646165], [111.80216430483375, 40.53827382646165], [111.80216430483375, 40.53809416340482], [111.8025236309474, 40.53809416340482], [111.8025236309474, 40.53827382646165]], [[111.80234396789058, 40.53881281563212], [111.80216430483375, 40.53881281563212], [111.80216430483375, 40.53845348951847], [111.80234396789058, 40.53845348951847], [111.80234396789058, 40.53881281563212]], [[111.79749306535633, 40.53953146785941], [111.79731340229951, 40.53953146785941], [111.79731340229951, 40.53935180480259], [111.79749306535633, 40.53935180480259], [111.79749306535633, 40.53953146785941]]]}, "properties": {"name": "cn_horinger_r11", "ptype": "hall"}}, {"type": "Feature", "geometry": {"geodesic": false, "type": "Polygon", "coordinates": [[[111.79713373924268, 40.535578880609286], [111.79713373924268, 40.53539921755247], [111.79731340229951, 40.53539921755247], [111.79731340229951, 40.53521955449564], [111.79749306535633, 40.53521955449564], [111.79749306535633, 40.535039891438814], [111.79695407618587, 40.535039891438814], [111.79695407618587, 40.534860228381994], [111.79659475007222, 40.534860228381994], [111.79659475007222, 40.53468056532517], [111.79587609784492, 40.53468056532517], [111.79587609784492, 40.53450090226834], [111.79551677173127, 40.53450090226834], [111.79551677173127, 40.53432123921152], [111.79533710867445, 40.53432123921152], [111.79533710867445, 40.53360258698422], [111.79551677173127, 40.53360258698422], [111.79551677173127, 40.533422923927404], [111.7956964347881, 40.533422923927404], [111.7956964347881, 40.53324326087058], [111.79605576090174, 40.53324326087058], [111.79605576090174, 40.533422923927404], [111.79623542395856, 40.533422923927404], [111.79623542395856, 40.53360258698422], [111.79677441312904, 40.53360258698422], [111.79677441312904, 40.53378225004105], [111.79695407618587, 40.53378225004105], [111.79695407618587, 40.534141576154695], [111.79677441312904, 40.534141576154695], [111.79677441312904, 40.53432123921152], [111.79731340229951, 40.53432123921152], [111.79731340229951, 40.53450090226834], [111.79767272841316, 40.53450090226834], [111.79767272841316, 40.53432123921152], [111.79749306535633, 40.53432123921152], [111.79749306535633, 40.534141576154695], [111.79713373924268, 40.534141576154695], [111.79713373924268, 40.53396191309787], [111.79731340229951, 40.53396191309787], [111.79731340229951, 40.53378225004105], [111.79713373924268, 40.53378225004105], [111.79713373924268, 40.53360258698422], [111.79731340229951, 40.53360258698422], [111.79731340229951, 40.53324326087058], [111.79659475007222, 40.53324326087058], [111.79659475007222, 40.53306359781375], [111.79587609784492, 40.53306359781375], [111.79587609784492, 40.53288393475693], [111.7956964347881, 40.53288393475693], [111.7956964347881, 40.53252460864328], [111.79587609784492, 40.53252460864328], [111.79587609784492, 40.53234494558646], [111.79623542395856, 40.53234494558646], [111.79623542395856, 40.53216528252963], [111.79641508701539, 40.53216528252963], [111.79641508701539, 40.531985619472806], [111.79659475007222, 40.531985619472806], [111.79659475007222, 40.53180595641599], [111.79641508701539, 40.53180595641599], [111.79641508701539, 40.531266967245514], [111.79659475007222, 40.531266967245514], [111.79659475007222, 40.53108730418869], [111.79695407618587, 40.53108730418869], [111.79695407618587, 40.531266967245514], [111.79731340229951, 40.531266967245514], [111.79731340229951, 40.53162629335916], [111.79713373924268, 40.53162629335916], [111.79713373924268, 40.53180595641599], [111.79749306535633, 40.53180595641599], [111.79749306535633, 40.53144663030234], [111.79767272841316, 40.53144663030234], [111.79767272841316, 40.53162629335916], [111.79785239146999, 40.53162629335916], [111.79785239146999, 40.531985619472806], [111.79767272841316, 40.531985619472806], [111.79767272841316, 40.53216528252963], [111.79749306535633, 40.53216528252963], [111.79749306535633, 40.53234494558646], [111.79767272841316, 40.53234494558646], [111.79767272841316, 40.532704271700105], [111.79785239146999, 40.532704271700105], [111.79785239146999, 40.53306359781375], [111.79857104369728, 40.53306359781375], [111.79857104369728, 40.53288393475693], [111.7987507067541, 40.53288393475693], [111.7987507067541, 40.532704271700105], [111.79893036981093, 40.532704271700105], [111.79893036981093, 40.53216528252963], [111.79911003286774, 40.53216528252963], [111.79911003286774, 40.531985619472806], [111.79964902203822, 40.531985619472806], [111.79964902203822, 40.53234494558646], [111.7994693589814, 40.53234494558646], [111.7994693589814, 40.53252460864328], [111.80000834815188, 40.53252460864328], [111.80000834815188, 40.53234494558646], [111.80036767426552, 40.53234494558646], [111.80036767426552, 40.53252460864328], [111.80018801120869, 40.53252460864328], [111.80018801120869, 40.532704271700105], [111.80036767426552, 40.532704271700105], [111.80036767426552, 40.53306359781375], [111.80018801120869, 40.53306359781375], [111.80018801120869, 40.53288393475693], [111.79982868509505, 40.53288393475693], [111.79982868509505, 40.53306359781375], [111.79964902203822, 40.53306359781375], [111.79964902203822, 40.53324326087058], [111.7994693589814, 40.53324326087058], [111.7994693589814, 40.533422923927404], [111.79964902203822, 40.533422923927404], [111.79964902203822, 40.53378225004105], [111.79982868509505, 40.53378225004105], [111.79982868509505, 40.53396191309787], [111.80000834815188, 40.53396191309787], [111.80000834815188, 40.534141576154695], [111.79982868509505, 40.534141576154695], [111.79982868509505, 40.53450090226834], [111.7994693589814, 40.53450090226834], [111.7994693589814, 40.53432123921152], [111.79928969592457, 40.53432123921152], [111.79928969592457, 40.534141576154695], [111.7994693589814, 40.534141576154695], [111.7994693589814, 40.53396191309787], [111.79911003286774, 40.53396191309787], [111.79911003286774, 40.53378225004105], [111.79839138064045, 40.53378225004105], [111.79839138064045, 40.53360258698422], [111.79821171758363, 40.53360258698422], [111.79821171758363, 40.533422923927404], [111.7980320545268, 40.533422923927404], [111.7980320545268, 40.53378225004105], [111.79785239146999, 40.53378225004105], [111.79785239146999, 40.53396191309787], [111.79839138064045, 40.53396191309787], [111.79839138064045, 40.534141576154695], [111.79857104369728, 40.534141576154695], [111.79857104369728, 40.53432123921152], [111.79911003286774, 40.53432123921152], [111.79911003286774, 40.53450090226834], [111.79928969592457, 40.53450090226834], [111.79928969592457, 40.53468056532517], [111.79911003286774, 40.53468056532517], [111.79911003286774, 40.534860228381994], [111.79893036981093, 40.534860228381994], [111.79893036981093, 40.53539921755247], [111.79785239146999, 40.53539921755247], [111.79785239146999, 40.53521955449564], [111.79749306535633, 40.53521955449564], [111.79749306535633, 40.535578880609286], [111.79713373924268, 40.535578880609286]], [[111.79623542395856, 40.534141576154695], [111.79587609784492, 40.534141576154695], [111.79587609784492, 40.53396191309787], [111.79623542395856, 40.53396191309787], [111.79623542395856, 40.534141576154695]], [[111.79695407618587, 40.53288393475693], [111.79659475007222, 40.53288393475693], [111.79659475007222, 40.532704271700105], [111.79677441312904, 40.532704271700105], [111.79677441312904, 40.53252460864328], [111.79695407618587, 40.53252460864328], [111.79695407618587, 40.53288393475693]], [[111.79749306535633, 40.53288393475693], [111.79713373924268, 40.53288393475693], [111.79713373924268, 40.532704271700105], [111.79749306535633, 40.532704271700105], [111.79749306535633, 40.53288393475693]]]}, "properties": {"name": "cn_horinger_r12", "ptype": "hall"}}, {"type": "Feature", "geometry": {"geodesic": false, "type": "Polygon", "coordinates": [[[111.77719113993524, 40.495334355880736], [111.77719113993524, 40.49515469282391], [111.77701147687841, 40.49515469282391], [111.77701147687841, 40.494795366710264], [111.77719113993524, 40.494795366710264], [111.77719113993524, 40.49461570365344], [111.77701147687841, 40.49461570365344], [111.77701147687841, 40.49443604059661], [111.77665215076476, 40.49443604059661], [111.77665215076476, 40.494076714482965], [111.77719113993524, 40.494076714482965], [111.77719113993524, 40.49425637753979], [111.77755046604888, 40.49425637753979], [111.77755046604888, 40.494076714482965], [111.7777301291057, 40.494076714482965], [111.7777301291057, 40.49335806225567], [111.77790979216253, 40.49335806225567], [111.77790979216253, 40.49317839919885], [111.77808945521936, 40.49317839919885], [111.77808945521936, 40.49245974697155], [111.77826911827617, 40.49245974697155], [111.77826911827617, 40.4921004208579], [111.778448781333, 40.4921004208579], [111.778448781333, 40.491920757801076], [111.77880810744665, 40.491920757801076], [111.77880810744665, 40.4921004208579], [111.7791674335603, 40.4921004208579], [111.7791674335603, 40.49228008391473], [111.77970642273077, 40.49228008391473], [111.77970642273077, 40.49245974697155], [111.7798860857876, 40.49245974697155], [111.7798860857876, 40.49317839919885], [111.77970642273077, 40.49317839919885], [111.77970642273077, 40.49335806225567], [111.77952675967394, 40.49335806225567], [111.77952675967394, 40.49371738836932], [111.77826911827617, 40.49371738836932], [111.77826911827617, 40.494076714482965], [111.77808945521936, 40.494076714482965], [111.77808945521936, 40.49425637753979], [111.77826911827617, 40.49425637753979], [111.77826911827617, 40.49443604059661], [111.77808945521936, 40.49443604059661], [111.77808945521936, 40.49461570365344], [111.77790979216253, 40.49461570365344], [111.77790979216253, 40.494795366710264], [111.7777301291057, 40.494795366710264], [111.7777301291057, 40.495334355880736], [111.77719113993524, 40.495334355880736]]]}, "properties": {"name": "cn_horinger_r25", "ptype": "hall"}}]}