{"type": "FeatureCollection", "features": [{"type": "Feature", "geometry": {"geodesic": false, "type": "Polygon", "coordinates": [[[111.81995094745932, 40.53845348951847], [111.81995094745932, 40.53827382646165], [111.81941195828885, 40.53827382646165], [111.81941195828885, 40.53809416340482], [111.8190526321752, 40.53809416340482], [111.8190526321752, 40.537734837291175], [111.81887296911837, 40.537734837291175], [111.81887296911837, 40.53755517423435], [111.81869330606156, 40.53755517423435], [111.81869330606156, 40.53737551117753], [111.81815431689108, 40.53737551117753], [111.81815431689108, 40.5371958481207], [111.81761532772062, 40.5371958481207], [111.81761532772062, 40.53701618506388], [111.81743566466379, 40.53701618506388], [111.81743566466379, 40.5371958481207], [111.81725600160696, 40.5371958481207], [111.81725600160696, 40.53683652200706], [111.81761532772062, 40.53683652200706], [111.81761532772062, 40.536477195893404], [111.81743566466379, 40.536477195893404], [111.81743566466379, 40.536297532836585], [111.81707633855014, 40.536297532836585], [111.81707633855014, 40.53611786977976], [111.8167170124365, 40.53611786977976], [111.8167170124365, 40.536297532836585], [111.81635768632285, 40.536297532836585], [111.81635768632285, 40.53611786977976], [111.81617802326602, 40.53611786977976], [111.81617802326602, 40.536477195893404], [111.81635768632285, 40.536477195893404], [111.81635768632285, 40.53665685895023], [111.8167170124365, 40.53665685895023], [111.8167170124365, 40.53683652200706], [111.81689667549331, 40.53683652200706], [111.81689667549331, 40.53755517423435], [111.8167170124365, 40.53755517423435], [111.8167170124365, 40.537914500347995], [111.81653734937967, 40.537914500347995], [111.81653734937967, 40.53827382646165], [111.81635768632285, 40.53827382646165], [111.81635768632285, 40.53809416340482], [111.81617802326602, 40.53809416340482], [111.81617802326602, 40.537914500347995], [111.81599836020919, 40.537914500347995], [111.81599836020919, 40.53809416340482], [111.81581869715238, 40.53809416340482], [111.81581869715238, 40.53827382646165], [111.81563903409555, 40.53827382646165], [111.81563903409555, 40.53809416340482], [111.8152797079819, 40.53809416340482], [111.8152797079819, 40.537734837291175], [111.81545937103873, 40.537734837291175], [111.81545937103873, 40.5371958481207], [111.81563903409555, 40.5371958481207], [111.81563903409555, 40.53701618506388], [111.81617802326602, 40.53701618506388], [111.81617802326602, 40.53683652200706], [111.81581869715238, 40.53683652200706], [111.81581869715238, 40.53665685895023], [111.81563903409555, 40.53665685895023], [111.81563903409555, 40.536477195893404], [111.81510004492507, 40.536477195893404], [111.81510004492507, 40.536297532836585], [111.81438139269778, 40.536297532836585], [111.81438139269778, 40.536477195893404], [111.81420172964096, 40.536477195893404], [111.81420172964096, 40.53665685895023], [111.81438139269778, 40.53665685895023], [111.81438139269778, 40.53755517423435], [111.81402206658413, 40.53755517423435], [111.81402206658413, 40.5371958481207], [111.81366274047049, 40.5371958481207], [111.81366274047049, 40.53737551117753], [111.81348307741366, 40.53737551117753], [111.81348307741366, 40.53755517423435], [111.81330341435684, 40.53755517423435], [111.81330341435684, 40.537734837291175], [111.81294408824319, 40.537734837291175], [111.81294408824319, 40.53755517423435], [111.8122254360159, 40.53755517423435], [111.8122254360159, 40.53737551117753], [111.81168644684543, 40.53737551117753], [111.81168644684543, 40.5371958481207], [111.81114745767495, 40.5371958481207], [111.81114745767495, 40.53701618506388], [111.81096779461812, 40.53701618506388], [111.81096779461812, 40.53665685895023], [111.81060846850448, 40.53665685895023], [111.81060846850448, 40.53683652200706], [111.81078813156131, 40.53683652200706], [111.81078813156131, 40.53701618506388], [111.81060846850448, 40.53701618506388], [111.81060846850448, 40.53683652200706], [111.810069479334, 40.53683652200706], [111.810069479334, 40.53665685895023], [111.80988981627719, 40.53665685895023], [111.80988981627719, 40.53611786977976], [111.810069479334, 40.53611786977976], [111.810069479334, 40.53593820672293], [111.81024914239083, 40.53593820672293], [111.81024914239083, 40.535578880609286], [111.81114745767495, 40.535578880609286], [111.81114745767495, 40.53539921755247], [111.8115067837886, 40.53539921755247], [111.8115067837886, 40.53521955449564], [111.81096779461812, 40.53521955449564], [111.81096779461812, 40.53539921755247], [111.81060846850448, 40.53539921755247], [111.81060846850448, 40.53521955449564], [111.81078813156131, 40.53521955449564], [111.81078813156131, 40.535039891438814], [111.81060846850448, 40.535039891438814], [111.81060846850448, 40.534860228381994], [111.81078813156131, 40.534860228381994], [111.81078813156131, 40.53468056532517], [111.81096779461812, 40.53468056532517], [111.81096779461812, 40.53432123921152], [111.81114745767495, 40.53432123921152], [111.81114745767495, 40.53396191309787], [111.81132712073178, 40.53396191309787], [111.81132712073178, 40.53360258698422], [111.8115067837886, 40.53360258698422], [111.8115067837886, 40.533422923927404], [111.81132712073178, 40.533422923927404], [111.81132712073178, 40.53324326087058], [111.81186610990225, 40.53324326087058], [111.81186610990225, 40.53288393475693], [111.81204577295907, 40.53288393475693], [111.81204577295907, 40.53234494558646], [111.81240509907272, 40.53234494558646], [111.81240509907272, 40.531985619472806], [111.81258476212955, 40.531985619472806], [111.81258476212955, 40.53180595641599], [111.81348307741366, 40.53180595641599], [111.81348307741366, 40.531985619472806], [111.81456105575461, 40.531985619472806], [111.81456105575461, 40.53216528252963], [111.81510004492507, 40.53216528252963], [111.81510004492507, 40.53234494558646], [111.81545937103873, 40.53234494558646], [111.81545937103873, 40.53252460864328], [111.81563903409555, 40.53252460864328], [111.81563903409555, 40.53234494558646], [111.81581869715238, 40.53234494558646], [111.81581869715238, 40.53252460864328], [111.81599836020919, 40.53252460864328], [111.81599836020919, 40.532704271700105], [111.81653734937967, 40.532704271700105], [111.81653734937967, 40.53306359781375], [111.8167170124365, 40.53306359781375], [111.8167170124365, 40.53324326087058], [111.81689667549331, 40.53324326087058], [111.81689667549331, 40.53306359781375], [111.81725600160696, 40.53306359781375], [111.81725600160696, 40.53360258698422], [111.81707633855014, 40.53360258698422], [111.81707633855014, 40.53432123921152], [111.81725600160696, 40.53432123921152], [111.81725600160696, 40.534141576154695], [111.81833397994791, 40.534141576154695], [111.81833397994791, 40.53432123921152], [111.81851364300474, 40.53432123921152], [111.81851364300474, 40.53450090226834], [111.81833397994791, 40.53450090226834], [111.81833397994791, 40.53468056532517], [111.81815431689108, 40.53468056532517], [111.81815431689108, 40.535039891438814], [111.81797465383426, 40.535039891438814], [111.81797465383426, 40.53521955449564], [111.81779499077744, 40.53521955449564], [111.81779499077744, 40.535578880609286], [111.81761532772062, 40.535578880609286], [111.81761532772062, 40.53593820672293], [111.81833397994791, 40.53593820672293], [111.81833397994791, 40.53575854366611], [111.81869330606156, 40.53575854366611], [111.81869330606156, 40.536297532836585], [111.81923229523203, 40.536297532836585], [111.81923229523203, 40.536477195893404], [111.82031027357297, 40.536477195893404], [111.82031027357297, 40.536297532836585], [111.8204899366298, 40.536297532836585], [111.8204899366298, 40.536477195893404], [111.82120858885709, 40.536477195893404], [111.82120858885709, 40.53665685895023], [111.82192724108438, 40.53665685895023], [111.82192724108438, 40.53683652200706], [111.82210690414121, 40.53683652200706], [111.82210690414121, 40.53701618506388], [111.82228656719803, 40.53701618506388], [111.82228656719803, 40.53737551117753], [111.82192724108438, 40.53737551117753], [111.82192724108438, 40.5371958481207], [111.82013061051614, 40.5371958481207], [111.82013061051614, 40.53755517423435], [111.8204899366298, 40.53755517423435], [111.8204899366298, 40.537914500347995], [111.82031027357297, 40.537914500347995], [111.82031027357297, 40.53827382646165], [111.82013061051614, 40.53827382646165], [111.82013061051614, 40.53845348951847], [111.81995094745932, 40.53845348951847]], [[111.81276442518637, 40.53396191309787], [111.81258476212955, 40.53396191309787], [111.81258476212955, 40.53378225004105], [111.81276442518637, 40.53378225004105], [111.81276442518637, 40.53396191309787]], [[111.81294408824319, 40.534141576154695], [111.81276442518637, 40.534141576154695], [111.81276442518637, 40.53396191309787], [111.81294408824319, 40.53396191309787], [111.81294408824319, 40.534141576154695]], [[111.81240509907272, 40.53432123921152], [111.81204577295907, 40.53432123921152], [111.81204577295907, 40.53396191309787], [111.81258476212955, 40.53396191309787], [111.81258476212955, 40.534141576154695], [111.81240509907272, 40.534141576154695], [111.81240509907272, 40.53432123921152]], [[111.81204577295907, 40.53468056532517], [111.81186610990225, 40.53468056532517], [111.81186610990225, 40.53450090226834], [111.81204577295907, 40.53450090226834], [111.81204577295907, 40.53468056532517]], [[111.8115067837886, 40.534860228381994], [111.81132712073178, 40.534860228381994], [111.81132712073178, 40.53468056532517], [111.81114745767495, 40.53468056532517], [111.81114745767495, 40.53450090226834], [111.81168644684543, 40.53450090226834], [111.81168644684543, 40.53468056532517], [111.8115067837886, 40.53468056532517], [111.8115067837886, 40.534860228381994]], [[111.81617802326602, 40.534860228381994], [111.81599836020919, 40.534860228381994], [111.81599836020919, 40.53468056532517], [111.81617802326602, 40.53468056532517], [111.81617802326602, 40.534860228381994]], [[111.81330341435684, 40.535039891438814], [111.81258476212955, 40.535039891438814], [111.81258476212955, 40.53450090226834], [111.81276442518637, 40.53450090226834], [111.81276442518637, 40.53432123921152], [111.81312375130001, 40.53432123921152], [111.81312375130001, 40.53450090226834], [111.81330341435684, 40.53450090226834], [111.81330341435684, 40.53468056532517], [111.81348307741366, 40.53468056532517], [111.81348307741366, 40.534860228381994], [111.81330341435684, 40.534860228381994], [111.81330341435684, 40.535039891438814]], [[111.81168644684543, 40.53521955449564], [111.8115067837886, 40.53521955449564], [111.8115067837886, 40.535039891438814], [111.81168644684543, 40.535039891438814], [111.81168644684543, 40.53521955449564]], [[111.81779499077744, 40.53521955449564], [111.81761532772062, 40.53521955449564], [111.81761532772062, 40.535039891438814], [111.81779499077744, 40.535039891438814], [111.81779499077744, 40.53521955449564]], [[111.8122254360159, 40.535578880609286], [111.81168644684543, 40.535578880609286], [111.81168644684543, 40.53539921755247], [111.8122254360159, 40.53539921755247], [111.8122254360159, 40.535578880609286]], [[111.81420172964096, 40.53575854366611], [111.81384240352732, 40.53575854366611], [111.81384240352732, 40.535578880609286], [111.81402206658413, 40.535578880609286], [111.81402206658413, 40.53521955449564], [111.81420172964096, 40.53521955449564], [111.81420172964096, 40.535039891438814], [111.81402206658413, 40.535039891438814], [111.81402206658413, 40.534860228381994], [111.81384240352732, 40.534860228381994], [111.81384240352732, 40.53468056532517], [111.81366274047049, 40.53468056532517], [111.81366274047049, 40.53450090226834], [111.81384240352732, 40.53450090226834], [111.81384240352732, 40.53432123921152], [111.81474071881144, 40.53432123921152], [111.81474071881144, 40.53450090226834], [111.81492038186825, 40.53450090226834], [111.81492038186825, 40.53468056532517], [111.8152797079819, 40.53468056532517], [111.8152797079819, 40.534860228381994], [111.81581869715238, 40.534860228381994], [111.81581869715238, 40.53521955449564], [111.81510004492507, 40.53521955449564], [111.81510004492507, 40.535039891438814], [111.81492038186825, 40.535039891438814], [111.81492038186825, 40.534860228381994], [111.81456105575461, 40.534860228381994], [111.81456105575461, 40.535039891438814], [111.81438139269778, 40.535039891438814], [111.81438139269778, 40.53539921755247], [111.81420172964096, 40.53539921755247], [111.81420172964096, 40.53575854366611]], [[111.81743566466379, 40.53575854366611], [111.81707633855014, 40.53575854366611], [111.81707633855014, 40.535578880609286], [111.8167170124365, 40.535578880609286], [111.8167170124365, 40.53575854366611], [111.81635768632285, 40.53575854366611], [111.81635768632285, 40.53539921755247], [111.81653734937967, 40.53539921755247], [111.81653734937967, 40.53521955449564], [111.81635768632285, 40.53521955449564], [111.81635768632285, 40.534860228381994], [111.8167170124365, 40.534860228381994], [111.8167170124365, 40.53468056532517], [111.81689667549331, 40.53468056532517], [111.81689667549331, 40.534860228381994], [111.81725600160696, 40.534860228381994], [111.81725600160696, 40.535039891438814], [111.8167170124365, 40.535039891438814], [111.8167170124365, 40.53539921755247], [111.81725600160696, 40.53539921755247], [111.81725600160696, 40.535578880609286], [111.81743566466379, 40.535578880609286], [111.81743566466379, 40.53575854366611]], [[111.81294408824319, 40.53593820672293], [111.81276442518637, 40.53593820672293], [111.81276442518637, 40.53575854366611], [111.81258476212955, 40.53575854366611], [111.81258476212955, 40.535578880609286], [111.81294408824319, 40.535578880609286], [111.81294408824319, 40.53593820672293]], [[111.81545937103873, 40.53611786977976], [111.8152797079819, 40.53611786977976], [111.8152797079819, 40.53593820672293], [111.81545937103873, 40.53593820672293], [111.81545937103873, 40.53611786977976]], [[111.81042880544766, 40.536477195893404], [111.81024914239083, 40.536477195893404], [111.81024914239083, 40.536297532836585], [111.81042880544766, 40.536297532836585], [111.81042880544766, 40.536477195893404]], [[111.81114745767495, 40.53665685895023], [111.81096779461812, 40.53665685895023], [111.81096779461812, 40.536477195893404], [111.81114745767495, 40.536477195893404], [111.81114745767495, 40.53665685895023]], [[111.8122254360159, 40.53701618506388], [111.81204577295907, 40.53701618506388], [111.81204577295907, 40.53665685895023], [111.81240509907272, 40.53665685895023], [111.81240509907272, 40.53683652200706], [111.8122254360159, 40.53683652200706], [111.8122254360159, 40.53701618506388]], [[111.81923229523203, 40.5371958481207], [111.81887296911837, 40.5371958481207], [111.81887296911837, 40.53701618506388], [111.81851364300474, 40.53701618506388], [111.81851364300474, 40.53683652200706], [111.81887296911837, 40.53683652200706], [111.81887296911837, 40.53665685895023], [111.81923229523203, 40.53665685895023], [111.81923229523203, 40.53683652200706], [111.81941195828885, 40.53683652200706], [111.81941195828885, 40.53701618506388], [111.81923229523203, 40.53701618506388], [111.81923229523203, 40.5371958481207]], [[111.81312375130001, 40.53737551117753], [111.81294408824319, 40.53737551117753], [111.81294408824319, 40.53701618506388], [111.81312375130001, 40.53701618506388], [111.81312375130001, 40.53737551117753]], [[111.8197712844025, 40.53737551117753], [111.81959162134568, 40.53737551117753], [111.81959162134568, 40.53683652200706], [111.82013061051614, 40.53683652200706], [111.82013061051614, 40.5371958481207], [111.8197712844025, 40.5371958481207], [111.8197712844025, 40.53737551117753]], [[111.8197712844025, 40.537734837291175], [111.81941195828885, 40.537734837291175], [111.81941195828885, 40.53737551117753], [111.81959162134568, 40.53737551117753], [111.81959162134568, 40.53755517423435], [111.8197712844025, 40.53755517423435], [111.8197712844025, 40.537734837291175]], [[111.82013061051614, 40.53809416340482], [111.8197712844025, 40.53809416340482], [111.8197712844025, 40.537914500347995], [111.82013061051614, 40.537914500347995], [111.82013061051614, 40.53809416340482]]]}, "properties": {"name": "cand01", "ptype": "hall", "confidence": "low", "rank": 1, "area_ha": 42.0, "rise_db": 10.1, "digitised_from": "Sentinel-1 VV rise 2021->2026, orbit 113"}}, {"type": "Feature", "geometry": {"geodesic": false, "type": "Polygon", "coordinates": [[[111.85103265628986, 40.58822015625869], [111.85103265628986, 40.588040493201866], [111.8506733301762, 40.588040493201866], [111.8506733301762, 40.58786083014505], [111.84995467794892, 40.58786083014505], [111.84995467794892, 40.58768116708822], [111.84941568877845, 40.58768116708822], [111.84941568877845, 40.587501504031394], [111.8490563626648, 40.587501504031394], [111.8490563626648, 40.58714217791775], [111.84887669960797, 40.58714217791775], [111.84887669960797, 40.587501504031394], [111.84869703655114, 40.587501504031394], [111.84869703655114, 40.58714217791775], [111.84887669960797, 40.58714217791775], [111.84887669960797, 40.58696251486092], [111.84851737349432, 40.58696251486092], [111.84851737349432, 40.5867828518041], [111.84869703655114, 40.5867828518041], [111.84869703655114, 40.58642352569045], [111.84887669960797, 40.58642352569045], [111.84887669960797, 40.58624386263363], [111.8483377104375, 40.58624386263363], [111.8483377104375, 40.5860641995768], [111.84797838432385, 40.5860641995768], [111.84797838432385, 40.585884536519984], [111.84708006903973, 40.585884536519984], [111.84708006903973, 40.5860641995768], [111.84690040598291, 40.5860641995768], [111.84690040598291, 40.58642352569045], [111.84672074292608, 40.58642352569045], [111.84672074292608, 40.586603188747276], [111.84708006903973, 40.586603188747276], [111.84708006903973, 40.58624386263363], [111.84725973209656, 40.58624386263363], [111.84725973209656, 40.5860641995768], [111.84743939515339, 40.5860641995768], [111.84743939515339, 40.58642352569045], [111.84725973209656, 40.58642352569045], [111.84725973209656, 40.586603188747276], [111.84708006903973, 40.586603188747276], [111.84708006903973, 40.5867828518041], [111.84672074292608, 40.5867828518041], [111.84672074292608, 40.586603188747276], [111.84654107986925, 40.586603188747276], [111.84654107986925, 40.58624386263363], [111.84636141681244, 40.58624386263363], [111.84636141681244, 40.586603188747276], [111.84618175375562, 40.586603188747276], [111.84618175375562, 40.58642352569045], [111.84582242764196, 40.58642352569045], [111.84582242764196, 40.58624386263363], [111.84456478624419, 40.58624386263363], [111.84456478624419, 40.5860641995768], [111.84420546013055, 40.5860641995768], [111.84420546013055, 40.585884536519984], [111.84366647096007, 40.585884536519984], [111.84366647096007, 40.5860641995768], [111.84348680790326, 40.5860641995768], [111.84348680790326, 40.58570487346316], [111.84330714484643, 40.58570487346316], [111.84330714484643, 40.58552521040633], [111.84312748178961, 40.58552521040633], [111.84312748178961, 40.58534554734951], [111.84294781873278, 40.58534554734951], [111.84294781873278, 40.58498622123586], [111.84330714484643, 40.58498622123586], [111.84330714484643, 40.58480655817904], [111.84366647096007, 40.58480655817904], [111.84366647096007, 40.58462689512221], [111.84348680790326, 40.58462689512221], [111.84348680790326, 40.58426756900857], [111.84366647096007, 40.58426756900857], [111.84366647096007, 40.58408790595174], [111.8438461340169, 40.58408790595174], [111.8438461340169, 40.58390824289492], [111.84420546013055, 40.58390824289492], [111.84420546013055, 40.583728579838095], [111.84402579707373, 40.583728579838095], [111.84402579707373, 40.58336925372445], [111.8438461340169, 40.58336925372445], [111.8438461340169, 40.58318959066762], [111.84402579707373, 40.58318959066762], [111.84402579707373, 40.583009927610796], [111.84420546013055, 40.583009927610796], [111.84420546013055, 40.58283026455398], [111.84438512318738, 40.58283026455398], [111.84438512318738, 40.58265060149715], [111.84474444930102, 40.58265060149715], [111.84474444930102, 40.58283026455398], [111.84492411235784, 40.58283026455398], [111.84492411235784, 40.58265060149715], [111.84510377541467, 40.58265060149715], [111.84510377541467, 40.58211161232668], [111.84564276458514, 40.58211161232668], [111.84564276458514, 40.58193194926986], [111.84546310152832, 40.58193194926986], [111.84546310152832, 40.58175228621303], [111.84492411235784, 40.58175228621303], [111.84492411235784, 40.58193194926986], [111.84456478624419, 40.58193194926986], [111.84456478624419, 40.58211161232668], [111.84420546013055, 40.58211161232668], [111.84420546013055, 40.58193194926986], [111.84402579707373, 40.58193194926986], [111.84402579707373, 40.58175228621303], [111.84366647096007, 40.58175228621303], [111.84366647096007, 40.581572623156205], [111.84348680790326, 40.581572623156205], [111.84348680790326, 40.58121329704256], [111.84366647096007, 40.58121329704256], [111.84366647096007, 40.58103363398573], [111.84348680790326, 40.58103363398573], [111.84348680790326, 40.580853970928914], [111.84330714484643, 40.580853970928914], [111.84330714484643, 40.58067430787209], [111.84312748178961, 40.58067430787209], [111.84312748178961, 40.58031498175844], [111.84330714484643, 40.58031498175844], [111.84330714484643, 40.58049464481526], [111.84348680790326, 40.58049464481526], [111.84348680790326, 40.580853970928914], [111.84366647096007, 40.580853970928914], [111.84366647096007, 40.58067430787209], [111.84438512318738, 40.58067430787209], [111.84438512318738, 40.58049464481526], [111.84456478624419, 40.58049464481526], [111.84456478624419, 40.58067430787209], [111.84546310152832, 40.58067430787209], [111.84546310152832, 40.58103363398573], [111.84492411235784, 40.58103363398573], [111.84492411235784, 40.580853970928914], [111.84420546013055, 40.580853970928914], [111.84420546013055, 40.58103363398573], [111.8438461340169, 40.58103363398573], [111.8438461340169, 40.58121329704256], [111.84402579707373, 40.58121329704256], [111.84402579707373, 40.581392960099386], [111.84420546013055, 40.581392960099386], [111.84420546013055, 40.58121329704256], [111.84456478624419, 40.58121329704256], [111.84456478624419, 40.581392960099386], [111.84510377541467, 40.581392960099386], [111.84510377541467, 40.581572623156205], [111.84546310152832, 40.581572623156205], [111.84546310152832, 40.581392960099386], [111.84618175375562, 40.581392960099386], [111.84618175375562, 40.581572623156205], [111.84600209069879, 40.581572623156205], [111.84600209069879, 40.58175228621303], [111.84618175375562, 40.58175228621303], [111.84618175375562, 40.58193194926986], [111.84636141681244, 40.58193194926986], [111.84636141681244, 40.58175228621303], [111.84654107986925, 40.58175228621303], [111.84654107986925, 40.58211161232668], [111.84672074292608, 40.58211161232668], [111.84672074292608, 40.58193194926986], [111.84690040598291, 40.58193194926986], [111.84690040598291, 40.581572623156205], [111.84708006903973, 40.581572623156205], [111.84708006903973, 40.581392960099386], [111.84690040598291, 40.581392960099386], [111.84690040598291, 40.58103363398573], [111.84708006903973, 40.58103363398573], [111.84708006903973, 40.58121329704256], [111.84725973209656, 40.58121329704256], [111.84725973209656, 40.581572623156205], [111.84743939515339, 40.581572623156205], [111.84743939515339, 40.58175228621303], [111.84779872126703, 40.58175228621303], [111.84779872126703, 40.581572623156205], [111.84869703655114, 40.581572623156205], [111.84869703655114, 40.58175228621303], [111.84887669960797, 40.58175228621303], [111.84887669960797, 40.582291275383504], [111.84941568877845, 40.582291275383504], [111.84941568877845, 40.58211161232668], [111.85013434100574, 40.58211161232668], [111.85013434100574, 40.58175228621303], [111.85031400406257, 40.58175228621303], [111.85031400406257, 40.58211161232668], [111.85013434100574, 40.58211161232668], [111.85013434100574, 40.58265060149715], [111.85031400406257, 40.58265060149715], [111.85031400406257, 40.58247093844032], [111.85049366711938, 40.58247093844032], [111.85049366711938, 40.58265060149715], [111.85085299323303, 40.58265060149715], [111.85085299323303, 40.58283026455398], [111.85121231934669, 40.58283026455398], [111.85121231934669, 40.583009927610796], [111.85139198240351, 40.583009927610796], [111.85139198240351, 40.58283026455398], [111.85175130851715, 40.58283026455398], [111.85175130851715, 40.583009927610796], [111.85193097157398, 40.583009927610796], [111.85193097157398, 40.58336925372445], [111.85175130851715, 40.58336925372445], [111.85175130851715, 40.583728579838095], [111.85157164546033, 40.583728579838095], [111.85157164546033, 40.58426756900857], [111.85139198240351, 40.58426756900857], [111.85139198240351, 40.584447232065386], [111.85121231934669, 40.584447232065386], [111.85121231934669, 40.58426756900857], [111.85103265628986, 40.58426756900857], [111.85103265628986, 40.58390824289492], [111.84977501489209, 40.58390824289492], [111.84977501489209, 40.58408790595174], [111.84959535183526, 40.58408790595174], [111.84959535183526, 40.58390824289492], [111.8490563626648, 40.58390824289492], [111.8490563626648, 40.58408790595174], [111.84923602572162, 40.58408790595174], [111.84923602572162, 40.584447232065386], [111.84941568877845, 40.584447232065386], [111.84941568877845, 40.58498622123586], [111.84923602572162, 40.58498622123586], [111.84923602572162, 40.58534554734951], [111.8490563626648, 40.58534554734951], [111.8490563626648, 40.58570487346316], [111.84887669960797, 40.58570487346316], [111.84887669960797, 40.5860641995768], [111.84923602572162, 40.5860641995768], [111.84923602572162, 40.585884536519984], [111.84959535183526, 40.585884536519984], [111.84959535183526, 40.5860641995768], [111.84941568877845, 40.5860641995768], [111.84941568877845, 40.58642352569045], [111.84959535183526, 40.58642352569045], [111.84959535183526, 40.586603188747276], [111.84977501489209, 40.586603188747276], [111.84977501489209, 40.58624386263363], [111.84995467794892, 40.58624386263363], [111.84995467794892, 40.586603188747276], [111.85013434100574, 40.586603188747276], [111.85013434100574, 40.5867828518041], [111.85031400406257, 40.5867828518041], [111.85031400406257, 40.586603188747276], [111.8506733301762, 40.586603188747276], [111.8506733301762, 40.5867828518041], [111.85085299323303, 40.5867828518041], [111.85085299323303, 40.586603188747276], [111.85121231934669, 40.586603188747276], [111.85121231934669, 40.5867828518041], [111.85175130851715, 40.5867828518041], [111.85175130851715, 40.58696251486092], [111.8521106346308, 40.58696251486092], [111.8521106346308, 40.5867828518041], [111.85229029768763, 40.5867828518041], [111.85229029768763, 40.587321840974575], [111.8521106346308, 40.587321840974575], [111.8521106346308, 40.587501504031394], [111.85193097157398, 40.587501504031394], [111.85193097157398, 40.587321840974575], [111.85175130851715, 40.587321840974575], [111.85175130851715, 40.58696251486092], [111.85157164546033, 40.58696251486092], [111.85157164546033, 40.58714217791775], [111.85139198240351, 40.58714217791775], [111.85139198240351, 40.58822015625869], [111.85103265628986, 40.58822015625869]], [[111.84725973209656, 40.58175228621303], [111.84708006903973, 40.58175228621303], [111.84708006903973, 40.581572623156205], [111.84725973209656, 40.581572623156205], [111.84725973209656, 40.58175228621303]], [[111.84815804738068, 40.582291275383504], [111.84797838432385, 40.582291275383504], [111.84797838432385, 40.58193194926986], [111.84815804738068, 40.58193194926986], [111.84815804738068, 40.582291275383504]], [[111.84582242764196, 40.58247093844032], [111.84564276458514, 40.58247093844032], [111.84564276458514, 40.582291275383504], [111.84582242764196, 40.582291275383504], [111.84582242764196, 40.58247093844032]], [[111.84743939515339, 40.58247093844032], [111.84725973209656, 40.58247093844032], [111.84725973209656, 40.582291275383504], [111.84743939515339, 40.582291275383504], [111.84743939515339, 40.58247093844032]], [[111.84869703655114, 40.58265060149715], [111.84851737349432, 40.58265060149715], [111.84851737349432, 40.58247093844032], [111.84869703655114, 40.58247093844032], [111.84869703655114, 40.58265060149715]], [[111.84564276458514, 40.58283026455398], [111.8452834384715, 40.58283026455398], [111.8452834384715, 40.58265060149715], [111.84546310152832, 40.58265060149715], [111.84546310152832, 40.58247093844032], [111.84564276458514, 40.58247093844032], [111.84564276458514, 40.58283026455398]], [[111.84600209069879, 40.583009927610796], [111.84564276458514, 40.583009927610796], [111.84564276458514, 40.58283026455398], [111.84600209069879, 40.58283026455398], [111.84600209069879, 40.583009927610796]], [[111.84743939515339, 40.583009927610796], [111.84725973209656, 40.583009927610796], [111.84725973209656, 40.58283026455398], [111.84708006903973, 40.58283026455398], [111.84708006903973, 40.58265060149715], [111.84690040598291, 40.58265060149715], [111.84690040598291, 40.58247093844032], [111.84725973209656, 40.58247093844032], [111.84725973209656, 40.58265060149715], [111.84743939515339, 40.58265060149715], [111.84743939515339, 40.583009927610796]], [[111.84743939515339, 40.58354891678127], [111.84725973209656, 40.58354891678127], [111.84725973209656, 40.58336925372445], [111.84743939515339, 40.58336925372445], [111.84743939515339, 40.58354891678127]], [[111.8483377104375, 40.58390824289492], [111.84815804738068, 40.58390824289492], [111.84815804738068, 40.583728579838095], [111.8476190582102, 40.583728579838095], [111.8476190582102, 40.58354891678127], [111.8483377104375, 40.58354891678127], [111.8483377104375, 40.58390824289492]], [[111.84887669960797, 40.58390824289492], [111.84851737349432, 40.58390824289492], [111.84851737349432, 40.583728579838095], [111.84887669960797, 40.583728579838095], [111.84887669960797, 40.58390824289492]], [[111.84690040598291, 40.58408790595174], [111.84654107986925, 40.58408790595174], [111.84654107986925, 40.58390824289492], [111.84672074292608, 40.58390824289492], [111.84672074292608, 40.58336925372445], [111.84618175375562, 40.58336925372445], [111.84618175375562, 40.583009927610796], [111.84672074292608, 40.583009927610796], [111.84672074292608, 40.58318959066762], [111.84725973209656, 40.58318959066762], [111.84725973209656, 40.58336925372445], [111.84708006903973, 40.58336925372445], [111.84708006903973, 40.583728579838095], [111.84690040598291, 40.583728579838095], [111.84690040598291, 40.58408790595174]], [[111.8483377104375, 40.584447232065386], [111.84815804738068, 40.584447232065386], [111.84815804738068, 40.58408790595174], [111.84851737349432, 40.58408790595174], [111.84851737349432, 40.58426756900857], [111.8483377104375, 40.58426756900857], [111.8483377104375, 40.584447232065386]], [[111.84654107986925, 40.58462689512221], [111.84636141681244, 40.58462689512221], [111.84636141681244, 40.584447232065386], [111.84654107986925, 40.584447232065386], [111.84654107986925, 40.58462689512221]], [[111.84636141681244, 40.58480655817904], [111.84618175375562, 40.58480655817904], [111.84618175375562, 40.58462689512221], [111.84636141681244, 40.58462689512221], [111.84636141681244, 40.58480655817904]], [[111.84797838432385, 40.58498622123586], [111.84779872126703, 40.58498622123586], [111.84779872126703, 40.58462689512221], [111.84797838432385, 40.58462689512221], [111.84797838432385, 40.584447232065386], [111.84815804738068, 40.584447232065386], [111.84815804738068, 40.58480655817904], [111.84797838432385, 40.58480655817904], [111.84797838432385, 40.58498622123586]], [[111.84618175375562, 40.585165884292685], [111.84600209069879, 40.585165884292685], [111.84600209069879, 40.58498622123586], [111.84618175375562, 40.58498622123586], [111.84618175375562, 40.585165884292685]], [[111.84779872126703, 40.58534554734951], [111.8476190582102, 40.58534554734951], [111.8476190582102, 40.58498622123586], [111.84779872126703, 40.58498622123586], [111.84779872126703, 40.58534554734951]], [[111.84618175375562, 40.58552521040633], [111.84600209069879, 40.58552521040633], [111.84600209069879, 40.58534554734951], [111.84618175375562, 40.58534554734951], [111.84618175375562, 40.58552521040633]], [[111.84582242764196, 40.5860641995768], [111.84546310152832, 40.5860641995768], [111.84546310152832, 40.585884536519984], [111.84564276458514, 40.585884536519984], [111.84564276458514, 40.58570487346316], [111.84582242764196, 40.58570487346316], [111.84582242764196, 40.58552521040633], [111.84600209069879, 40.58552521040633], [111.84600209069879, 40.585884536519984], [111.84582242764196, 40.585884536519984], [111.84582242764196, 40.5860641995768]]]}, "properties": {"name": "cand02", "ptype": "hall", "confidence": "low", "rank": 2, "area_ha": 38.4, "rise_db": 11.6, "digitised_from": "Sentinel-1 VV rise 2021->2026, orbit 113"}}, {"type": "Feature", "geometry": {"geodesic": false, "type": "Polygon", "coordinates": [[[111.86414805943801, 40.58408790595174], [111.86414805943801, 40.58390824289492], [111.86396839638118, 40.58390824289492], [111.86396839638118, 40.583728579838095], [111.86378873332436, 40.583728579838095], [111.86378873332436, 40.58336925372445], [111.86307008109706, 40.58336925372445], [111.86307008109706, 40.58318959066762], [111.86289041804024, 40.58318959066762], [111.86289041804024, 40.58336925372445], [111.86271075498341, 40.58336925372445], [111.86271075498341, 40.58354891678127], [111.86253109192658, 40.58354891678127], [111.86253109192658, 40.58336925372445], [111.86181243969929, 40.58336925372445], [111.86181243969929, 40.58318959066762], [111.861093787472, 40.58318959066762], [111.861093787472, 40.583009927610796], [111.86055479830152, 40.583009927610796], [111.86055479830152, 40.58283026455398], [111.85983614607423, 40.58283026455398], [111.85983614607423, 40.583009927610796], [111.85947681996058, 40.583009927610796], [111.85947681996058, 40.58283026455398], [111.85983614607423, 40.58283026455398], [111.85983614607423, 40.58265060149715], [111.85947681996058, 40.58265060149715], [111.85947681996058, 40.58247093844032], [111.85893783079011, 40.58247093844032], [111.85893783079011, 40.582291275383504], [111.85875816773328, 40.582291275383504], [111.85875816773328, 40.58193194926986], [111.85839884161963, 40.58193194926986], [111.85839884161963, 40.58211161232668], [111.85785985244917, 40.58211161232668], [111.85785985244917, 40.58175228621303], [111.85768018939234, 40.58175228621303], [111.85768018939234, 40.581572623156205], [111.85750052633551, 40.581572623156205], [111.85750052633551, 40.58121329704256], [111.85768018939234, 40.58121329704256], [111.85768018939234, 40.580853970928914], [111.85785985244917, 40.580853970928914], [111.85785985244917, 40.58031498175844], [111.85750052633551, 40.58031498175844], [111.85750052633551, 40.580135318701615], [111.85714120022188, 40.580135318701615], [111.85714120022188, 40.58049464481526], [111.85750052633551, 40.58049464481526], [111.85750052633551, 40.58103363398573], [111.85714120022188, 40.58103363398573], [111.85714120022188, 40.580853970928914], [111.85678187410822, 40.580853970928914], [111.85678187410822, 40.58067430787209], [111.8566022110514, 40.58067430787209], [111.8566022110514, 40.58031498175844], [111.85678187410822, 40.58031498175844], [111.85678187410822, 40.580135318701615], [111.85696153716505, 40.580135318701615], [111.85696153716505, 40.57977599258797], [111.8573208632787, 40.57977599258797], [111.8573208632787, 40.57941666647432], [111.85785985244917, 40.57941666647432], [111.85785985244917, 40.5792370034175], [111.85768018939234, 40.5792370034175], [111.85768018939234, 40.57905734036067], [111.85821917856282, 40.57905734036067], [111.85821917856282, 40.5792370034175], [111.85875816773328, 40.5792370034175], [111.85875816773328, 40.57905734036067], [111.85893783079011, 40.57905734036067], [111.85893783079011, 40.578698014247024], [111.85929715690376, 40.578698014247024], [111.85929715690376, 40.5785183511902], [111.85893783079011, 40.5785183511902], [111.85893783079011, 40.57815902507655], [111.8596564830174, 40.57815902507655], [111.8596564830174, 40.57833868813338], [111.85929715690376, 40.57833868813338], [111.85929715690376, 40.5785183511902], [111.8596564830174, 40.5785183511902], [111.8596564830174, 40.57905734036067], [111.85929715690376, 40.57905734036067], [111.85929715690376, 40.57941666647432], [111.85911749384694, 40.57941666647432], [111.85911749384694, 40.57959632953114], [111.85893783079011, 40.57959632953114], [111.85893783079011, 40.57995565564479], [111.85911749384694, 40.57995565564479], [111.85911749384694, 40.57977599258797], [111.85929715690376, 40.57977599258797], [111.85929715690376, 40.57959632953114], [111.85947681996058, 40.57959632953114], [111.85947681996058, 40.57995565564479], [111.8596564830174, 40.57995565564479], [111.8596564830174, 40.57977599258797], [111.85983614607423, 40.57977599258797], [111.85983614607423, 40.57941666647432], [111.86001580913106, 40.57941666647432], [111.86001580913106, 40.57887767730385], [111.86019547218788, 40.57887767730385], [111.86019547218788, 40.57905734036067], [111.8603751352447, 40.57905734036067], [111.8603751352447, 40.57887767730385], [111.86055479830152, 40.57887767730385], [111.86055479830152, 40.5792370034175], [111.8603751352447, 40.5792370034175], [111.8603751352447, 40.57941666647432], [111.86019547218788, 40.57941666647432], [111.86019547218788, 40.57977599258797], [111.86001580913106, 40.57977599258797], [111.86001580913106, 40.57995565564479], [111.86019547218788, 40.57995565564479], [111.86019547218788, 40.58031498175844], [111.86091412441517, 40.58031498175844], [111.86091412441517, 40.580135318701615], [111.86073446135835, 40.580135318701615], [111.86073446135835, 40.57977599258797], [111.86091412441517, 40.57977599258797], [111.86091412441517, 40.57941666647432], [111.861093787472, 40.57941666647432], [111.861093787472, 40.57887767730385], [111.86127345052883, 40.57887767730385], [111.86127345052883, 40.578698014247024], [111.86145311358564, 40.578698014247024], [111.86145311358564, 40.5785183511902], [111.861093787472, 40.5785183511902], [111.861093787472, 40.57833868813338], [111.86091412441517, 40.57833868813338], [111.86091412441517, 40.577979362019725], [111.861093787472, 40.577979362019725], [111.861093787472, 40.577799698962906], [111.86073446135835, 40.577799698962906], [111.86073446135835, 40.57762003590608], [111.86163277664247, 40.57762003590608], [111.86163277664247, 40.577979362019725], [111.86181243969929, 40.577979362019725], [111.86181243969929, 40.57815902507655], [111.86145311358564, 40.57815902507655], [111.86145311358564, 40.5785183511902], [111.86163277664247, 40.5785183511902], [111.86163277664247, 40.57887767730385], [111.86199210275612, 40.57887767730385], [111.86199210275612, 40.5792370034175], [111.86181243969929, 40.5792370034175], [111.86181243969929, 40.57941666647432], [111.86235142886976, 40.57941666647432], [111.86235142886976, 40.5792370034175], [111.86271075498341, 40.5792370034175], [111.86271075498341, 40.57941666647432], [111.86307008109706, 40.57941666647432], [111.86307008109706, 40.57959632953114], [111.86360907026753, 40.57959632953114], [111.86360907026753, 40.57977599258797], [111.86378873332436, 40.57977599258797], [111.86378873332436, 40.57995565564479], [111.86414805943801, 40.57995565564479], [111.86414805943801, 40.57977599258797], [111.86450738555165, 40.57977599258797], [111.86450738555165, 40.580135318701615], [111.86468704860847, 40.580135318701615], [111.86468704860847, 40.58049464481526], [111.8648667116653, 40.58049464481526], [111.8648667116653, 40.58031498175844], [111.86504637472213, 40.58031498175844], [111.86504637472213, 40.57995565564479], [111.86540570083577, 40.57995565564479], [111.86540570083577, 40.580135318701615], [111.86594469000624, 40.580135318701615], [111.86594469000624, 40.580853970928914], [111.86522603777895, 40.580853970928914], [111.86522603777895, 40.58121329704256], [111.86540570083577, 40.58121329704256], [111.86540570083577, 40.58175228621303], [111.86558536389259, 40.58175228621303], [111.86558536389259, 40.58193194926986], [111.86522603777895, 40.58193194926986], [111.86522603777895, 40.58318959066762], [111.86504637472213, 40.58318959066762], [111.86504637472213, 40.58336925372445], [111.8648667116653, 40.58336925372445], [111.8648667116653, 40.583728579838095], [111.86468704860847, 40.583728579838095], [111.86468704860847, 40.58408790595174], [111.86414805943801, 40.58408790595174]], [[111.85857850467646, 40.57959632953114], [111.858039515506, 40.57959632953114], [111.858039515506, 40.57941666647432], [111.85857850467646, 40.57941666647432], [111.85857850467646, 40.57959632953114]], [[111.85768018939234, 40.57995565564479], [111.85750052633551, 40.57995565564479], [111.85750052633551, 40.57977599258797], [111.85768018939234, 40.57977599258797], [111.85768018939234, 40.57995565564479]], [[111.86145311358564, 40.57995565564479], [111.861093787472, 40.57995565564479], [111.861093787472, 40.57977599258797], [111.86127345052883, 40.57977599258797], [111.86127345052883, 40.57959632953114], [111.86145311358564, 40.57959632953114], [111.86145311358564, 40.57941666647432], [111.86181243969929, 40.57941666647432], [111.86181243969929, 40.57959632953114], [111.86163277664247, 40.57959632953114], [111.86163277664247, 40.57977599258797], [111.86145311358564, 40.57977599258797], [111.86145311358564, 40.57995565564479]], [[111.86235142886976, 40.580135318701615], [111.86217176581295, 40.580135318701615], [111.86217176581295, 40.57995565564479], [111.86235142886976, 40.57995565564479], [111.86235142886976, 40.580135318701615]], [[111.85947681996058, 40.581572623156205], [111.85857850467646, 40.581572623156205], [111.85857850467646, 40.581392960099386], [111.85839884161963, 40.581392960099386], [111.85839884161963, 40.580853970928914], [111.85857850467646, 40.580853970928914], [111.85857850467646, 40.58049464481526], [111.85911749384694, 40.58049464481526], [111.85911749384694, 40.580853970928914], [111.85929715690376, 40.580853970928914], [111.85929715690376, 40.58067430787209], [111.85947681996058, 40.58067430787209], [111.85947681996058, 40.581572623156205]], [[111.86396839638118, 40.58175228621303], [111.8634294072107, 40.58175228621303], [111.8634294072107, 40.581392960099386], [111.86360907026753, 40.581392960099386], [111.86360907026753, 40.58121329704256], [111.86378873332436, 40.58121329704256], [111.86378873332436, 40.580853970928914], [111.86432772249482, 40.580853970928914], [111.86432772249482, 40.58103363398573], [111.86414805943801, 40.58103363398573], [111.86414805943801, 40.581392960099386], [111.86396839638118, 40.581392960099386], [111.86396839638118, 40.58175228621303]], [[111.8648667116653, 40.58175228621303], [111.86414805943801, 40.58175228621303], [111.86414805943801, 40.581392960099386], [111.86432772249482, 40.581392960099386], [111.86432772249482, 40.581572623156205], [111.86450738555165, 40.581572623156205], [111.86450738555165, 40.581392960099386], [111.86468704860847, 40.581392960099386], [111.86468704860847, 40.581572623156205], [111.8648667116653, 40.581572623156205], [111.8648667116653, 40.58175228621303]], [[111.86001580913106, 40.58193194926986], [111.85983614607423, 40.58193194926986], [111.85983614607423, 40.58175228621303], [111.85947681996058, 40.58175228621303], [111.85947681996058, 40.581572623156205], [111.8596564830174, 40.581572623156205], [111.8596564830174, 40.581392960099386], [111.85983614607423, 40.581392960099386], [111.85983614607423, 40.58121329704256], [111.86001580913106, 40.58121329704256], [111.86001580913106, 40.581572623156205], [111.86019547218788, 40.581572623156205], [111.86019547218788, 40.58175228621303], [111.86001580913106, 40.58175228621303], [111.86001580913106, 40.58193194926986]], [[111.85983614607423, 40.58211161232668], [111.85947681996058, 40.58211161232668], [111.85947681996058, 40.58193194926986], [111.85983614607423, 40.58193194926986], [111.85983614607423, 40.58211161232668]], [[111.86073446135835, 40.582291275383504], [111.86055479830152, 40.582291275383504], [111.86055479830152, 40.58211161232668], [111.86073446135835, 40.58211161232668], [111.86073446135835, 40.582291275383504]], [[111.86253109192658, 40.582291275383504], [111.86235142886976, 40.582291275383504], [111.86235142886976, 40.58211161232668], [111.86253109192658, 40.58211161232668], [111.86253109192658, 40.582291275383504]], [[111.86324974415389, 40.58283026455398], [111.86289041804024, 40.58283026455398], [111.86289041804024, 40.58247093844032], [111.86324974415389, 40.58247093844032], [111.86324974415389, 40.58283026455398]], [[111.86414805943801, 40.58354891678127], [111.86396839638118, 40.58354891678127], [111.86396839638118, 40.58336925372445], [111.86414805943801, 40.58336925372445], [111.86414805943801, 40.58354891678127]], [[111.86468704860847, 40.583728579838095], [111.86450738555165, 40.583728579838095], [111.86450738555165, 40.58354891678127], [111.86468704860847, 40.58354891678127], [111.86468704860847, 40.583728579838095]]]}, "properties": {"name": "cand03", "ptype": "hall", "confidence": "low", "rank": 3, "area_ha": 33.2, "rise_db": 11.6, "digitised_from": "Sentinel-1 VV rise 2021->2026, orbit 113"}}, {"type": "Feature", "geometry": {"geodesic": false, "type": "Polygon", "coordinates": [[[111.82767645890276, 40.540968772314], [111.82767645890276, 40.54025012008671], [111.8273171327891, 40.54025012008671], [111.8273171327891, 40.54078910925718], [111.82749679584593, 40.54078910925718], [111.82749679584593, 40.540968772314], [111.82695780667545, 40.540968772314], [111.82695780667545, 40.540070457029884], [111.82659848056181, 40.540070457029884], [111.82659848056181, 40.54025012008671], [111.82623915444816, 40.54025012008671], [111.82623915444816, 40.54042978314353], [111.82605949139133, 40.54042978314353], [111.82605949139133, 40.54060944620036], [111.82587982833451, 40.54060944620036], [111.82587982833451, 40.54078910925718], [111.8257001652777, 40.54078910925718], [111.8257001652777, 40.540968772314], [111.82534083916404, 40.540968772314], [111.82534083916404, 40.54078910925718], [111.82498151305039, 40.54078910925718], [111.82498151305039, 40.54060944620036], [111.82480184999356, 40.54060944620036], [111.82480184999356, 40.540070457029884], [111.82498151305039, 40.540070457029884], [111.82498151305039, 40.53989079397306], [111.82516117610722, 40.53989079397306], [111.82516117610722, 40.53971113091624], [111.82552050222087, 40.53971113091624], [111.82552050222087, 40.53953146785941], [111.82498151305039, 40.53953146785941], [111.82498151305039, 40.53935180480259], [111.82480184999356, 40.53935180480259], [111.82480184999356, 40.53845348951847], [111.82516117610722, 40.53845348951847], [111.82516117610722, 40.538633152575294], [111.82552050222087, 40.538633152575294], [111.82552050222087, 40.53881281563212], [111.82587982833451, 40.53881281563212], [111.82587982833451, 40.53845348951847], [111.82605949139133, 40.53845348951847], [111.82605949139133, 40.53827382646165], [111.82552050222087, 40.53827382646165], [111.82552050222087, 40.53809416340482], [111.82516117610722, 40.53809416340482], [111.82516117610722, 40.53755517423435], [111.82534083916404, 40.53755517423435], [111.82534083916404, 40.53737551117753], [111.82552050222087, 40.53737551117753], [111.82552050222087, 40.53665685895023], [111.82587982833451, 40.53665685895023], [111.82587982833451, 40.53611786977976], [111.82605949139133, 40.53611786977976], [111.82605949139133, 40.53593820672293], [111.82641881750499, 40.53593820672293], [111.82641881750499, 40.53575854366611], [111.82695780667545, 40.53575854366611], [111.82695780667545, 40.53593820672293], [111.8273171327891, 40.53593820672293], [111.8273171327891, 40.53611786977976], [111.82821544807322, 40.53611786977976], [111.82821544807322, 40.536477195893404], [111.82839511113005, 40.536477195893404], [111.82839511113005, 40.536297532836585], [111.82875443724369, 40.536297532836585], [111.82875443724369, 40.536477195893404], [111.829473089471, 40.536477195893404], [111.829473089471, 40.53665685895023], [111.83019174169829, 40.53665685895023], [111.83019174169829, 40.53683652200706], [111.83055106781194, 40.53683652200706], [111.83055106781194, 40.53701618506388], [111.83073073086875, 40.53701618506388], [111.83073073086875, 40.5371958481207], [111.8310900569824, 40.5371958481207], [111.8310900569824, 40.53737551117753], [111.83091039392558, 40.53737551117753], [111.83091039392558, 40.53755517423435], [111.83055106781194, 40.53755517423435], [111.83055106781194, 40.5371958481207], [111.83037140475511, 40.5371958481207], [111.83037140475511, 40.53737551117753], [111.83019174169829, 40.53737551117753], [111.83019174169829, 40.537734837291175], [111.83073073086875, 40.537734837291175], [111.83073073086875, 40.537914500347995], [111.83091039392558, 40.537914500347995], [111.83091039392558, 40.53827382646165], [111.8310900569824, 40.53827382646165], [111.8310900569824, 40.537914500347995], [111.83126972003923, 40.537914500347995], [111.83126972003923, 40.53809416340482], [111.83144938309606, 40.53809416340482], [111.83144938309606, 40.53845348951847], [111.83162904615288, 40.53845348951847], [111.83162904615288, 40.538633152575294], [111.83144938309606, 40.538633152575294], [111.83144938309606, 40.53899247868894], [111.83162904615288, 40.53899247868894], [111.83162904615288, 40.53881281563212], [111.8318087092097, 40.53881281563212], [111.8318087092097, 40.53899247868894], [111.83216803532335, 40.53899247868894], [111.83216803532335, 40.539172141745766], [111.83234769838018, 40.539172141745766], [111.83234769838018, 40.53953146785941], [111.83216803532335, 40.53953146785941], [111.83216803532335, 40.53971113091624], [111.83198837226652, 40.53971113091624], [111.83198837226652, 40.53989079397306], [111.8318087092097, 40.53989079397306], [111.8318087092097, 40.540070457029884], [111.83144938309606, 40.540070457029884], [111.83144938309606, 40.53971113091624], [111.83126972003923, 40.53971113091624], [111.83126972003923, 40.53953146785941], [111.8310900569824, 40.53953146785941], [111.8310900569824, 40.53971113091624], [111.83037140475511, 40.53971113091624], [111.83037140475511, 40.53989079397306], [111.83019174169829, 40.53989079397306], [111.83019174169829, 40.53971113091624], [111.829473089471, 40.53971113091624], [111.829473089471, 40.53989079397306], [111.82965275252782, 40.53989079397306], [111.82965275252782, 40.540070457029884], [111.83001207864146, 40.540070457029884], [111.83001207864146, 40.54060944620036], [111.82983241558463, 40.54060944620036], [111.82983241558463, 40.54078910925718], [111.82911376335734, 40.54078910925718], [111.82911376335734, 40.54060944620036], [111.82893410030051, 40.54060944620036], [111.82893410030051, 40.54078910925718], [111.82875443724369, 40.54078910925718], [111.82875443724369, 40.54060944620036], [111.82857477418688, 40.54060944620036], [111.82857477418688, 40.54042978314353], [111.82839511113005, 40.54042978314353], [111.82839511113005, 40.54060944620036], [111.82821544807322, 40.54060944620036], [111.82821544807322, 40.54078910925718], [111.8280357850164, 40.54078910925718], [111.8280357850164, 40.540968772314], [111.82767645890276, 40.540968772314]], [[111.82713746973228, 40.53701618506388], [111.82695780667545, 40.53701618506388], [111.82695780667545, 40.53683652200706], [111.82713746973228, 40.53683652200706], [111.82713746973228, 40.53701618506388]], [[111.82911376335734, 40.53701618506388], [111.82857477418688, 40.53701618506388], [111.82857477418688, 40.53683652200706], [111.82839511113005, 40.53683652200706], [111.82839511113005, 40.53665685895023], [111.82893410030051, 40.53665685895023], [111.82893410030051, 40.53683652200706], [111.82911376335734, 40.53683652200706], [111.82911376335734, 40.53701618506388]], [[111.82713746973228, 40.53809416340482], [111.82659848056181, 40.53809416340482], [111.82659848056181, 40.537914500347995], [111.82641881750499, 40.537914500347995], [111.82641881750499, 40.537734837291175], [111.82695780667545, 40.537734837291175], [111.82695780667545, 40.537914500347995], [111.82713746973228, 40.537914500347995], [111.82713746973228, 40.53809416340482]], [[111.82552050222087, 40.53899247868894], [111.82534083916404, 40.53899247868894], [111.82534083916404, 40.53881281563212], [111.82552050222087, 40.53881281563212], [111.82552050222087, 40.53899247868894]], [[111.82534083916404, 40.539172141745766], [111.82516117610722, 40.539172141745766], [111.82516117610722, 40.53899247868894], [111.82534083916404, 40.53899247868894], [111.82534083916404, 40.539172141745766]], [[111.82785612195957, 40.539172141745766], [111.82749679584593, 40.539172141745766], [111.82749679584593, 40.53899247868894], [111.8273171327891, 40.53899247868894], [111.8273171327891, 40.538633152575294], [111.8280357850164, 40.538633152575294], [111.8280357850164, 40.53827382646165], [111.82767645890276, 40.53827382646165], [111.82767645890276, 40.53809416340482], [111.82785612195957, 40.53809416340482], [111.82785612195957, 40.537914500347995], [111.82767645890276, 40.537914500347995], [111.82767645890276, 40.537734837291175], [111.82821544807322, 40.537734837291175], [111.82821544807322, 40.53755517423435], [111.8280357850164, 40.53755517423435], [111.8280357850164, 40.53737551117753], [111.82821544807322, 40.53737551117753], [111.82821544807322, 40.5371958481207], [111.82857477418688, 40.5371958481207], [111.82857477418688, 40.53737551117753], [111.82875443724369, 40.53737551117753], [111.82875443724369, 40.53755517423435], [111.82857477418688, 40.53755517423435], [111.82857477418688, 40.53827382646165], [111.82875443724369, 40.53827382646165], [111.82875443724369, 40.53809416340482], [111.82965275252782, 40.53809416340482], [111.82965275252782, 40.53827382646165], [111.83001207864146, 40.53827382646165], [111.83001207864146, 40.53845348951847], [111.829473089471, 40.53845348951847], [111.829473089471, 40.538633152575294], [111.82929342641417, 40.538633152575294], [111.82929342641417, 40.53845348951847], [111.82839511113005, 40.53845348951847], [111.82839511113005, 40.538633152575294], [111.82821544807322, 40.538633152575294], [111.82821544807322, 40.53881281563212], [111.82785612195957, 40.53881281563212], [111.82785612195957, 40.539172141745766]], [[111.82893410030051, 40.539172141745766], [111.82875443724369, 40.539172141745766], [111.82875443724369, 40.53899247868894], [111.82893410030051, 40.53899247868894], [111.82893410030051, 40.539172141745766]], [[111.82911376335734, 40.53953146785941], [111.82893410030051, 40.53953146785941], [111.82893410030051, 40.53935180480259], [111.82911376335734, 40.53935180480259], [111.82911376335734, 40.53953146785941]], [[111.83037140475511, 40.53953146785941], [111.83019174169829, 40.53953146785941], [111.83019174169829, 40.53935180480259], [111.83001207864146, 40.53935180480259], [111.83001207864146, 40.539172141745766], [111.83091039392558, 40.539172141745766], [111.83091039392558, 40.53935180480259], [111.83037140475511, 40.53935180480259], [111.83037140475511, 40.53953146785941]], [[111.82749679584593, 40.53989079397306], [111.82695780667545, 40.53989079397306], [111.82695780667545, 40.53971113091624], [111.82713746973228, 40.53971113091624], [111.82713746973228, 40.53935180480259], [111.82749679584593, 40.53935180480259], [111.82749679584593, 40.53989079397306]], [[111.82623915444816, 40.540070457029884], [111.82605949139133, 40.540070457029884], [111.82605949139133, 40.53989079397306], [111.82587982833451, 40.53989079397306], [111.82587982833451, 40.53971113091624], [111.82623915444816, 40.53971113091624], [111.82623915444816, 40.540070457029884]], [[111.82875443724369, 40.54042978314353], [111.82857477418688, 40.54042978314353], [111.82857477418688, 40.540070457029884], [111.82767645890276, 40.540070457029884], [111.82767645890276, 40.53989079397306], [111.82857477418688, 40.53989079397306], [111.82857477418688, 40.53971113091624], [111.82875443724369, 40.53971113091624], [111.82875443724369, 40.53953146785941], [111.82893410030051, 40.53953146785941], [111.82893410030051, 40.54025012008671], [111.82875443724369, 40.54025012008671], [111.82875443724369, 40.54042978314353]], [[111.8280357850164, 40.54060944620036], [111.82785612195957, 40.54060944620036], [111.82785612195957, 40.54042978314353], [111.8280357850164, 40.54042978314353], [111.8280357850164, 40.54060944620036]], [[111.82983241558463, 40.54060944620036], [111.82929342641417, 40.54060944620036], [111.82929342641417, 40.54025012008671], [111.82983241558463, 40.54025012008671], [111.82983241558463, 40.54060944620036]]]}, "properties": {"name": "cand04", "ptype": "hall", "confidence": "low", "rank": 4, "area_ha": 26.6, "rise_db": 10.9, "digitised_from": "Sentinel-1 VV rise 2021->2026, orbit 113"}}, {"type": "Feature", "geometry": {"geodesic": false, "type": "Polygon", "coordinates": [[[111.8558835588241, 40.55803676271228], [111.8558835588241, 40.55785709965545], [111.85534456965364, 40.55785709965545], [111.85534456965364, 40.55767743659863], [111.85516490659681, 40.55767743659863], [111.85516490659681, 40.557497773541805], [111.8542665913127, 40.557497773541805], [111.8542665913127, 40.55731811048498], [111.85408692825587, 40.55731811048498], [111.85408692825587, 40.55713844742816], [111.85390726519904, 40.55713844742816], [111.85390726519904, 40.55731811048498], [111.85354793908539, 40.55731811048498], [111.85354793908539, 40.55713844742816], [111.8528292868581, 40.55713844742816], [111.8528292868581, 40.556779121314506], [111.85229029768763, 40.556779121314506], [111.85229029768763, 40.55624013214403], [111.85246996074444, 40.55624013214403], [111.85246996074444, 40.556060469087214], [111.8528292868581, 40.556060469087214], [111.8528292868581, 40.55624013214403], [111.85264962380127, 40.55624013214403], [111.85264962380127, 40.556599458257686], [111.8528292868581, 40.556599458257686], [111.8528292868581, 40.556779121314506], [111.85300894991492, 40.556779121314506], [111.85300894991492, 40.556599458257686], [111.85318861297175, 40.556599458257686], [111.85318861297175, 40.556779121314506], [111.85354793908539, 40.556779121314506], [111.85354793908539, 40.55695878437133], [111.85390726519904, 40.55695878437133], [111.85390726519904, 40.556599458257686], [111.85408692825587, 40.556599458257686], [111.85408692825587, 40.55641979520086], [111.85372760214221, 40.55641979520086], [111.85372760214221, 40.55624013214403], [111.85354793908539, 40.55624013214403], [111.85354793908539, 40.55588080603039], [111.85336827602858, 40.55588080603039], [111.85336827602858, 40.55552147991674], [111.85354793908539, 40.55552147991674], [111.85354793908539, 40.55570114297357], [111.85372760214221, 40.55570114297357], [111.85372760214221, 40.555341816859915], [111.85318861297175, 40.555341816859915], [111.85318861297175, 40.55588080603039], [111.8528292868581, 40.55588080603039], [111.8528292868581, 40.55570114297357], [111.85264962380127, 40.55570114297357], [111.85264962380127, 40.55552147991674], [111.8528292868581, 40.55552147991674], [111.8528292868581, 40.555341816859915], [111.85318861297175, 40.555341816859915], [111.85318861297175, 40.555162153803096], [111.85300894991492, 40.555162153803096], [111.85300894991492, 40.55498249074627], [111.85336827602858, 40.55498249074627], [111.85336827602858, 40.55480282768944], [111.85318861297175, 40.55480282768944], [111.85318861297175, 40.55462316463262], [111.85354793908539, 40.55462316463262], [111.85354793908539, 40.553724849348505], [111.85372760214221, 40.553724849348505], [111.85372760214221, 40.55318586017803], [111.85390726519904, 40.55318586017803], [111.85390726519904, 40.553006197121206], [111.85408692825587, 40.553006197121206], [111.85408692825587, 40.55282653406438], [111.8542665913127, 40.55282653406438], [111.8542665913127, 40.55210788183709], [111.85480558048316, 40.55210788183709], [111.85480558048316, 40.552467207950734], [111.85516490659681, 40.552467207950734], [111.85516490659681, 40.55264687100756], [111.85606322188093, 40.55264687100756], [111.85606322188093, 40.55282653406438], [111.85624288493776, 40.55282653406438], [111.85624288493776, 40.55318586017803], [111.85642254799457, 40.55318586017803], [111.85642254799457, 40.55354518629168], [111.8566022110514, 40.55354518629168], [111.8566022110514, 40.553904512405325], [111.85642254799457, 40.553904512405325], [111.85642254799457, 40.55408417546215], [111.8566022110514, 40.55408417546215], [111.8566022110514, 40.55426383851897], [111.85678187410822, 40.55426383851897], [111.85678187410822, 40.55408417546215], [111.8573208632787, 40.55408417546215], [111.8573208632787, 40.55462316463262], [111.85768018939234, 40.55462316463262], [111.85768018939234, 40.5544435015758], [111.85750052633551, 40.5544435015758], [111.85750052633551, 40.55426383851897], [111.858039515506, 40.55426383851897], [111.858039515506, 40.55462316463262], [111.85821917856282, 40.55462316463262], [111.85821917856282, 40.55480282768944], [111.85857850467646, 40.55480282768944], [111.85857850467646, 40.555162153803096], [111.85893783079011, 40.555162153803096], [111.85893783079011, 40.555341816859915], [111.85929715690376, 40.555341816859915], [111.85929715690376, 40.55570114297357], [111.85947681996058, 40.55570114297357], [111.85947681996058, 40.55624013214403], [111.85929715690376, 40.55624013214403], [111.85929715690376, 40.55641979520086], [111.85839884161963, 40.55641979520086], [111.85839884161963, 40.55695878437133], [111.85768018939234, 40.55695878437133], [111.85768018939234, 40.55713844742816], [111.85750052633551, 40.55713844742816], [111.85750052633551, 40.55767743659863], [111.8573208632787, 40.55767743659863], [111.8573208632787, 40.557497773541805], [111.85714120022188, 40.557497773541805], [111.85714120022188, 40.55713844742816], [111.8566022110514, 40.55713844742816], [111.8566022110514, 40.55695878437133], [111.85642254799457, 40.55695878437133], [111.85642254799457, 40.556779121314506], [111.8558835588241, 40.556779121314506], [111.8558835588241, 40.556599458257686], [111.85534456965364, 40.556599458257686], [111.85534456965364, 40.55641979520086], [111.85516490659681, 40.55641979520086], [111.85516490659681, 40.55624013214403], [111.8558835588241, 40.55624013214403], [111.8558835588241, 40.55641979520086], [111.85624288493776, 40.55641979520086], [111.85624288493776, 40.55624013214403], [111.85642254799457, 40.55624013214403], [111.85642254799457, 40.556060469087214], [111.85678187410822, 40.556060469087214], [111.85678187410822, 40.55641979520086], [111.85642254799457, 40.55641979520086], [111.85642254799457, 40.556599458257686], [111.85714120022188, 40.556599458257686], [111.85714120022188, 40.556779121314506], [111.8573208632787, 40.556779121314506], [111.8573208632787, 40.556599458257686], [111.85750052633551, 40.556599458257686], [111.85750052633551, 40.55641979520086], [111.8573208632787, 40.55641979520086], [111.8573208632787, 40.55624013214403], [111.85714120022188, 40.55624013214403], [111.85714120022188, 40.55552147991674], [111.8573208632787, 40.55552147991674], [111.8573208632787, 40.555341816859915], [111.85750052633551, 40.555341816859915], [111.85750052633551, 40.55552147991674], [111.85768018939234, 40.55552147991674], [111.85768018939234, 40.555162153803096], [111.85750052633551, 40.555162153803096], [111.85750052633551, 40.55498249074627], [111.85714120022188, 40.55498249074627], [111.85714120022188, 40.55480282768944], [111.85696153716505, 40.55480282768944], [111.85696153716505, 40.55498249074627], [111.85678187410822, 40.55498249074627], [111.85678187410822, 40.55480282768944], [111.85624288493776, 40.55480282768944], [111.85624288493776, 40.55462316463262], [111.85606322188093, 40.55462316463262], [111.85606322188093, 40.5544435015758], [111.8558835588241, 40.5544435015758], [111.8558835588241, 40.55426383851897], [111.85570389576728, 40.55426383851897], [111.85570389576728, 40.5544435015758], [111.85516490659681, 40.5544435015758], [111.85516490659681, 40.55426383851897], [111.85462591742633, 40.55426383851897], [111.85462591742633, 40.55408417546215], [111.85480558048316, 40.55408417546215], [111.85480558048316, 40.553904512405325], [111.8544462543695, 40.553904512405325], [111.8544462543695, 40.55408417546215], [111.85408692825587, 40.55408417546215], [111.85408692825587, 40.5544435015758], [111.85372760214221, 40.5544435015758], [111.85372760214221, 40.55462316463262], [111.85354793908539, 40.55462316463262], [111.85354793908539, 40.55480282768944], [111.85498524353999, 40.55480282768944], [111.85498524353999, 40.555162153803096], [111.85516490659681, 40.555162153803096], [111.85516490659681, 40.555341816859915], [111.85570389576728, 40.555341816859915], [111.85570389576728, 40.55552147991674], [111.85606322188093, 40.55552147991674], [111.85606322188093, 40.55570114297357], [111.85624288493776, 40.55570114297357], [111.85624288493776, 40.556060469087214], [111.85570389576728, 40.556060469087214], [111.85570389576728, 40.55588080603039], [111.85480558048316, 40.55588080603039], [111.85480558048316, 40.556060469087214], [111.85498524353999, 40.556060469087214], [111.85498524353999, 40.556779121314506], [111.85516490659681, 40.556779121314506], [111.85516490659681, 40.55695878437133], [111.85534456965364, 40.55695878437133], [111.85534456965364, 40.55713844742816], [111.85552423271045, 40.55713844742816], [111.85552423271045, 40.55695878437133], [111.85570389576728, 40.55695878437133], [111.85570389576728, 40.55713844742816], [111.8558835588241, 40.55713844742816], [111.8558835588241, 40.55731811048498], [111.8566022110514, 40.55731811048498], [111.8566022110514, 40.557497773541805], [111.85678187410822, 40.557497773541805], [111.85678187410822, 40.55803676271228], [111.8558835588241, 40.55803676271228]], [[111.85462591742633, 40.556060469087214], [111.8544462543695, 40.556060469087214], [111.8544462543695, 40.55588080603039], [111.85462591742633, 40.55588080603039], [111.85462591742633, 40.556060469087214]], [[111.85839884161963, 40.55641979520086], [111.85768018939234, 40.55641979520086], [111.85768018939234, 40.556060469087214], [111.858039515506, 40.556060469087214], [111.858039515506, 40.55588080603039], [111.85821917856282, 40.55588080603039], [111.85821917856282, 40.556060469087214], [111.85857850467646, 40.556060469087214], [111.85857850467646, 40.55624013214403], [111.85839884161963, 40.55624013214403], [111.85839884161963, 40.55641979520086]]]}, "properties": {"name": "cand05", "ptype": "hall", "confidence": "low", "rank": 5, "area_ha": 20.6, "rise_db": 13.3, "digitised_from": "Sentinel-1 VV rise 2021->2026, orbit 113"}}, {"type": "Feature", "geometry": {"geodesic": false, "type": "Polygon", "coordinates": [[[111.81060846850448, 40.544382370393656], [111.81060846850448, 40.54420270733684], [111.81042880544766, 40.54420270733684], [111.81042880544766, 40.54384338122318], [111.80988981627719, 40.54384338122318], [111.80988981627719, 40.543663718166364], [111.80917116404989, 40.543663718166364], [111.80917116404989, 40.54348405510954], [111.80881183793625, 40.54348405510954], [111.80881183793625, 40.54330439205272], [111.80755419653848, 40.54330439205272], [111.80755419653848, 40.54312472899589], [111.80719487042482, 40.54312472899589], [111.80719487042482, 40.542945065939065], [111.807015207368, 40.542945065939065], [111.807015207368, 40.542765402882246], [111.80683554431118, 40.542765402882246], [111.80683554431118, 40.542945065939065], [111.80665588125436, 40.542945065939065], [111.80665588125436, 40.542765402882246], [111.80647621819753, 40.542765402882246], [111.80647621819753, 40.54240607676859], [111.80665588125436, 40.54240607676859], [111.80665588125436, 40.54204675065495], [111.80683554431118, 40.54204675065495], [111.80683554431118, 40.541507761484475], [111.807015207368, 40.541507761484475], [111.807015207368, 40.540968772314], [111.80719487042482, 40.540968772314], [111.80719487042482, 40.54078910925718], [111.80737453348165, 40.54078910925718], [111.80737453348165, 40.54060944620036], [111.80755419653848, 40.54060944620036], [111.80755419653848, 40.54025012008671], [111.8077338595953, 40.54025012008671], [111.8077338595953, 40.53989079397306], [111.80809318570894, 40.53989079397306], [111.80809318570894, 40.53971113091624], [111.80827284876577, 40.53971113091624], [111.80827284876577, 40.53953146785941], [111.80791352265213, 40.53953146785941], [111.80791352265213, 40.53935180480259], [111.8084525118226, 40.53935180480259], [111.8084525118226, 40.539172141745766], [111.80881183793625, 40.539172141745766], [111.80881183793625, 40.53935180480259], [111.80917116404989, 40.53935180480259], [111.80917116404989, 40.53953146785941], [111.80935082710671, 40.53953146785941], [111.80935082710671, 40.53971113091624], [111.80953049016354, 40.53971113091624], [111.80953049016354, 40.53989079397306], [111.80971015322037, 40.53989079397306], [111.80971015322037, 40.540070457029884], [111.80988981627719, 40.540070457029884], [111.80988981627719, 40.54025012008671], [111.810069479334, 40.54025012008671], [111.810069479334, 40.54060944620036], [111.81024914239083, 40.54060944620036], [111.81024914239083, 40.54042978314353], [111.81042880544766, 40.54042978314353], [111.81042880544766, 40.54025012008671], [111.81060846850448, 40.54025012008671], [111.81060846850448, 40.540070457029884], [111.81078813156131, 40.540070457029884], [111.81078813156131, 40.53989079397306], [111.81096779461812, 40.53989079397306], [111.81096779461812, 40.540070457029884], [111.81132712073178, 40.540070457029884], [111.81132712073178, 40.54025012008671], [111.81168644684543, 40.54025012008671], [111.81168644684543, 40.54042978314353], [111.81240509907272, 40.54042978314353], [111.81240509907272, 40.54025012008671], [111.81276442518637, 40.54025012008671], [111.81276442518637, 40.54060944620036], [111.81258476212955, 40.54060944620036], [111.81258476212955, 40.54078910925718], [111.81240509907272, 40.54078910925718], [111.81240509907272, 40.54114843537083], [111.81276442518637, 40.54114843537083], [111.81276442518637, 40.541328098427655], [111.8122254360159, 40.541328098427655], [111.8122254360159, 40.541507761484475], [111.81204577295907, 40.541507761484475], [111.81204577295907, 40.54186708759812], [111.81186610990225, 40.54186708759812], [111.81186610990225, 40.54204675065495], [111.81168644684543, 40.54204675065495], [111.81168644684543, 40.542226413711774], [111.8115067837886, 40.542226413711774], [111.8115067837886, 40.54204675065495], [111.81132712073178, 40.54204675065495], [111.81132712073178, 40.542226413711774], [111.81096779461812, 40.542226413711774], [111.81096779461812, 40.54204675065495], [111.81114745767495, 40.54204675065495], [111.81114745767495, 40.54186708759812], [111.81078813156131, 40.54186708759812], [111.81078813156131, 40.54204675065495], [111.81042880544766, 40.54204675065495], [111.81042880544766, 40.542226413711774], [111.81060846850448, 40.542226413711774], [111.81060846850448, 40.54258573982542], [111.81042880544766, 40.54258573982542], [111.81042880544766, 40.542945065939065], [111.80953049016354, 40.542945065939065], [111.80953049016354, 40.542765402882246], [111.80899150099306, 40.542765402882246], [111.80899150099306, 40.54258573982542], [111.8084525118226, 40.54258573982542], [111.8084525118226, 40.542765402882246], [111.80827284876577, 40.542765402882246], [111.80827284876577, 40.542945065939065], [111.80899150099306, 40.542945065939065], [111.80899150099306, 40.54312472899589], [111.80935082710671, 40.54312472899589], [111.80935082710671, 40.54330439205272], [111.810069479334, 40.54330439205272], [111.810069479334, 40.54348405510954], [111.81024914239083, 40.54348405510954], [111.81024914239083, 40.543663718166364], [111.81042880544766, 40.543663718166364], [111.81042880544766, 40.54384338122318], [111.81078813156131, 40.54384338122318], [111.81078813156131, 40.54402304428001], [111.81096779461812, 40.54402304428001], [111.81096779461812, 40.544382370393656], [111.81060846850448, 40.544382370393656]], [[111.80953049016354, 40.54060944620036], [111.80899150099306, 40.54060944620036], [111.80899150099306, 40.54025012008671], [111.80953049016354, 40.54025012008671], [111.80953049016354, 40.54060944620036]], [[111.80899150099306, 40.54114843537083], [111.80863217487942, 40.54114843537083], [111.80863217487942, 40.540968772314], [111.80899150099306, 40.540968772314], [111.80899150099306, 40.54114843537083]], [[111.81186610990225, 40.541328098427655], [111.8115067837886, 40.541328098427655], [111.8115067837886, 40.54114843537083], [111.81132712073178, 40.54114843537083], [111.81132712073178, 40.540968772314], [111.81186610990225, 40.540968772314], [111.81186610990225, 40.541328098427655]], [[111.80719487042482, 40.54258573982542], [111.807015207368, 40.54258573982542], [111.807015207368, 40.54240607676859], [111.80719487042482, 40.54240607676859], [111.80719487042482, 40.54258573982542]], [[111.8077338595953, 40.542765402882246], [111.80719487042482, 40.542765402882246], [111.80719487042482, 40.54258573982542], [111.80755419653848, 40.54258573982542], [111.80755419653848, 40.54240607676859], [111.8077338595953, 40.54240607676859], [111.8077338595953, 40.542765402882246]]]}, "properties": {"name": "cand06", "ptype": "hall", "confidence": "low", "rank": 6, "area_ha": 18.4, "rise_db": 11.0, "digitised_from": "Sentinel-1 VV rise 2021->2026, orbit 113"}}, {"type": "Feature", "geometry": {"geodesic": false, "type": "Polygon", "coordinates": [[[111.85408692825587, 40.547256979302844], [111.85408692825587, 40.54707731624602], [111.85354793908539, 40.54707731624602], [111.85354793908539, 40.54671799013237], [111.85318861297175, 40.54671799013237], [111.85318861297175, 40.54599933790507], [111.85300894991492, 40.54599933790507], [111.85300894991492, 40.5461790009619], [111.85264962380127, 40.5461790009619], [111.85264962380127, 40.54599933790507], [111.8528292868581, 40.54599933790507], [111.8528292868581, 40.54564001179143], [111.85246996074444, 40.54564001179143], [111.85246996074444, 40.5454603487346], [111.85229029768763, 40.5454603487346], [111.85229029768763, 40.545101022620955], [111.85246996074444, 40.545101022620955], [111.85246996074444, 40.54528068567778], [111.85264962380127, 40.54528068567778], [111.85264962380127, 40.545101022620955], [111.8528292868581, 40.545101022620955], [111.8528292868581, 40.54492135956413], [111.85300894991492, 40.54492135956413], [111.85300894991492, 40.54456203345048], [111.85372760214221, 40.54456203345048], [111.85372760214221, 40.544382370393656], [111.8542665913127, 40.544382370393656], [111.8542665913127, 40.54420270733684], [111.85408692825587, 40.54420270733684], [111.85408692825587, 40.54402304428001], [111.85354793908539, 40.54402304428001], [111.85354793908539, 40.54348405510954], [111.85336827602858, 40.54348405510954], [111.85336827602858, 40.543663718166364], [111.85318861297175, 40.543663718166364], [111.85318861297175, 40.54402304428001], [111.85300894991492, 40.54402304428001], [111.85300894991492, 40.54420270733684], [111.8528292868581, 40.54420270733684], [111.8528292868581, 40.54402304428001], [111.85246996074444, 40.54402304428001], [111.85246996074444, 40.54384338122318], [111.85229029768763, 40.54384338122318], [111.85229029768763, 40.54420270733684], [111.8521106346308, 40.54420270733684], [111.8521106346308, 40.544382370393656], [111.85193097157398, 40.544382370393656], [111.85193097157398, 40.54474169650731], [111.85103265628986, 40.54474169650731], [111.85103265628986, 40.544382370393656], [111.8506733301762, 40.544382370393656], [111.8506733301762, 40.54420270733684], [111.85031400406257, 40.54420270733684], [111.85031400406257, 40.54384338122318], [111.85013434100574, 40.54384338122318], [111.85013434100574, 40.543663718166364], [111.84995467794892, 40.543663718166364], [111.84995467794892, 40.54330439205272], [111.85013434100574, 40.54330439205272], [111.85013434100574, 40.54312472899589], [111.85031400406257, 40.54312472899589], [111.85031400406257, 40.542945065939065], [111.8506733301762, 40.542945065939065], [111.8506733301762, 40.54258573982542], [111.85121231934669, 40.54258573982542], [111.85121231934669, 40.54240607676859], [111.85157164546033, 40.54240607676859], [111.85157164546033, 40.542226413711774], [111.85175130851715, 40.542226413711774], [111.85175130851715, 40.54204675065495], [111.8521106346308, 40.54204675065495], [111.8521106346308, 40.54186708759812], [111.85246996074444, 40.54186708759812], [111.85246996074444, 40.542226413711774], [111.85264962380127, 40.542226413711774], [111.85264962380127, 40.54204675065495], [111.8528292868581, 40.54204675065495], [111.8528292868581, 40.54186708759812], [111.85300894991492, 40.54186708759812], [111.85300894991492, 40.5416874245413], [111.8528292868581, 40.5416874245413], [111.8528292868581, 40.541507761484475], [111.85318861297175, 40.541507761484475], [111.85318861297175, 40.5416874245413], [111.85336827602858, 40.5416874245413], [111.85336827602858, 40.54204675065495], [111.85318861297175, 40.54204675065495], [111.85318861297175, 40.54240607676859], [111.85372760214221, 40.54240607676859], [111.85372760214221, 40.542226413711774], [111.85354793908539, 40.542226413711774], [111.85354793908539, 40.54204675065495], [111.85372760214221, 40.54204675065495], [111.85372760214221, 40.542226413711774], [111.8542665913127, 40.542226413711774], [111.8542665913127, 40.54258573982542], [111.8544462543695, 40.54258573982542], [111.8544462543695, 40.542765402882246], [111.85462591742633, 40.542765402882246], [111.85462591742633, 40.542945065939065], [111.85480558048316, 40.542945065939065], [111.85480558048316, 40.54312472899589], [111.85516490659681, 40.54312472899589], [111.85516490659681, 40.54330439205272], [111.85534456965364, 40.54330439205272], [111.85534456965364, 40.54348405510954], [111.85552423271045, 40.54348405510954], [111.85552423271045, 40.543663718166364], [111.85570389576728, 40.543663718166364], [111.85570389576728, 40.54402304428001], [111.8558835588241, 40.54402304428001], [111.8558835588241, 40.54420270733684], [111.85606322188093, 40.54420270733684], [111.85606322188093, 40.544382370393656], [111.85624288493776, 40.544382370393656], [111.85624288493776, 40.54474169650731], [111.8558835588241, 40.54474169650731], [111.8558835588241, 40.54492135956413], [111.85570389576728, 40.54492135956413], [111.85570389576728, 40.545101022620955], [111.85552423271045, 40.545101022620955], [111.85552423271045, 40.54528068567778], [111.85516490659681, 40.54528068567778], [111.85516490659681, 40.5454603487346], [111.85498524353999, 40.5454603487346], [111.85498524353999, 40.54564001179143], [111.85480558048316, 40.54564001179143], [111.85480558048316, 40.54581967484825], [111.8544462543695, 40.54581967484825], [111.8544462543695, 40.54599933790507], [111.85408692825587, 40.54599933790507], [111.85408692825587, 40.54581967484825], [111.85390726519904, 40.54581967484825], [111.85390726519904, 40.54635866401872], [111.85372760214221, 40.54635866401872], [111.85372760214221, 40.546538327075545], [111.8544462543695, 40.546538327075545], [111.8544462543695, 40.54671799013237], [111.85462591742633, 40.54671799013237], [111.85462591742633, 40.54689765318919], [111.8544462543695, 40.54689765318919], [111.8544462543695, 40.54707731624602], [111.8542665913127, 40.54707731624602], [111.8542665913127, 40.547256979302844], [111.85408692825587, 40.547256979302844]], [[111.85318861297175, 40.542765402882246], [111.8528292868581, 40.542765402882246], [111.8528292868581, 40.54258573982542], [111.85318861297175, 40.54258573982542], [111.85318861297175, 40.542765402882246]], [[111.85390726519904, 40.542765402882246], [111.85372760214221, 40.542765402882246], [111.85372760214221, 40.54240607676859], [111.85390726519904, 40.54240607676859], [111.85390726519904, 40.542765402882246]], [[111.85336827602858, 40.542945065939065], [111.85318861297175, 40.542945065939065], [111.85318861297175, 40.542765402882246], [111.85336827602858, 40.542765402882246], [111.85336827602858, 40.542945065939065]], [[111.8542665913127, 40.542945065939065], [111.85408692825587, 40.542945065939065], [111.85408692825587, 40.542765402882246], [111.8542665913127, 40.542765402882246], [111.8542665913127, 40.542945065939065]], [[111.8544462543695, 40.54312472899589], [111.8542665913127, 40.54312472899589], [111.8542665913127, 40.542945065939065], [111.8544462543695, 40.542945065939065], [111.8544462543695, 40.54312472899589]], [[111.85193097157398, 40.543663718166364], [111.85175130851715, 40.543663718166364], [111.85175130851715, 40.54348405510954], [111.85193097157398, 40.54348405510954], [111.85193097157398, 40.543663718166364]], [[111.85229029768763, 40.54384338122318], [111.85193097157398, 40.54384338122318], [111.85193097157398, 40.543663718166364], [111.85229029768763, 40.543663718166364], [111.85229029768763, 40.54384338122318]], [[111.85516490659681, 40.54456203345048], [111.85498524353999, 40.54456203345048], [111.85498524353999, 40.54402304428001], [111.85516490659681, 40.54402304428001], [111.85516490659681, 40.54456203345048]], [[111.85552423271045, 40.545101022620955], [111.85516490659681, 40.545101022620955], [111.85516490659681, 40.54492135956413], [111.85534456965364, 40.54492135956413], [111.85534456965364, 40.544382370393656], [111.85552423271045, 40.544382370393656], [111.85552423271045, 40.545101022620955]], [[111.85498524353999, 40.5454603487346], [111.85480558048316, 40.5454603487346], [111.85480558048316, 40.54528068567778], [111.85498524353999, 40.54528068567778], [111.85498524353999, 40.5454603487346]]]}, "properties": {"name": "cand07", "ptype": "hall", "confidence": "low", "rank": 7, "area_ha": 18.0, "rise_db": 11.4, "digitised_from": "Sentinel-1 VV rise 2021->2026, orbit 113"}}, {"type": "Feature", "geometry": {"geodesic": false, "type": "Polygon", "coordinates": [[[111.81743566466379, 40.506473465403815], [111.81743566466379, 40.50593447623334], [111.81725600160696, 40.50593447623334], [111.81725600160696, 40.505754813176516], [111.81689667549331, 40.505754813176516], [111.81689667549331, 40.50593447623334], [111.81653734937967, 40.50593447623334], [111.81653734937967, 40.505754813176516], [111.81617802326602, 40.505754813176516], [111.81617802326602, 40.50611413929017], [111.81581869715238, 40.50611413929017], [111.81581869715238, 40.50539548706287], [111.81545937103873, 40.50539548706287], [111.81545937103873, 40.50521582400605], [111.81492038186825, 40.50521582400605], [111.81492038186825, 40.50539548706287], [111.81474071881144, 40.50539548706287], [111.81474071881144, 40.505754813176516], [111.81438139269778, 40.505754813176516], [111.81438139269778, 40.50521582400605], [111.81402206658413, 40.50521582400605], [111.81402206658413, 40.5055751501197], [111.81384240352732, 40.5055751501197], [111.81384240352732, 40.50539548706287], [111.81348307741366, 40.50539548706287], [111.81348307741366, 40.50521582400605], [111.81330341435684, 40.50521582400605], [111.81330341435684, 40.505036160949224], [111.81348307741366, 40.505036160949224], [111.81348307741366, 40.5048564978924], [111.81330341435684, 40.5048564978924], [111.81330341435684, 40.504137845665106], [111.81348307741366, 40.504137845665106], [111.81348307741366, 40.50395818260828], [111.81366274047049, 40.50395818260828], [111.81366274047049, 40.50377851955145], [111.81384240352732, 40.50377851955145], [111.81384240352732, 40.50395818260828], [111.81402206658413, 40.50395818260828], [111.81402206658413, 40.50377851955145], [111.81420172964096, 40.50377851955145], [111.81420172964096, 40.503598856494634], [111.81438139269778, 40.503598856494634], [111.81438139269778, 40.50395818260828], [111.81545937103873, 40.50395818260828], [111.81545937103873, 40.50377851955145], [111.81563903409555, 40.50377851955145], [111.81563903409555, 40.50395818260828], [111.81581869715238, 40.50395818260828], [111.81581869715238, 40.504317508721925], [111.81563903409555, 40.504317508721925], [111.81563903409555, 40.50449717177875], [111.81617802326602, 40.50449717177875], [111.81617802326602, 40.504317508721925], [111.81599836020919, 40.504317508721925], [111.81599836020919, 40.504137845665106], [111.81653734937967, 40.504137845665106], [111.81653734937967, 40.504317508721925], [111.8167170124365, 40.504317508721925], [111.8167170124365, 40.504137845665106], [111.81725600160696, 40.504137845665106], [111.81725600160696, 40.504317508721925], [111.81743566466379, 40.504317508721925], [111.81743566466379, 40.5048564978924], [111.81797465383426, 40.5048564978924], [111.81797465383426, 40.50467683483558], [111.81833397994791, 40.50467683483558], [111.81833397994791, 40.50521582400605], [111.81887296911837, 40.50521582400605], [111.81887296911837, 40.505036160949224], [111.81869330606156, 40.505036160949224], [111.81869330606156, 40.5048564978924], [111.81923229523203, 40.5048564978924], [111.81923229523203, 40.50467683483558], [111.8190526321752, 40.50467683483558], [111.8190526321752, 40.504317508721925], [111.81941195828885, 40.504317508721925], [111.81941195828885, 40.50449717177875], [111.8197712844025, 40.50449717177875], [111.8197712844025, 40.50467683483558], [111.81995094745932, 40.50467683483558], [111.81995094745932, 40.504137845665106], [111.8197712844025, 40.504137845665106], [111.8197712844025, 40.503598856494634], [111.81959162134568, 40.503598856494634], [111.81959162134568, 40.50323953038099], [111.8197712844025, 40.50323953038099], [111.8197712844025, 40.502700541210515], [111.81995094745932, 40.502700541210515], [111.81995094745932, 40.50252087815369], [111.82013061051614, 40.50252087815369], [111.82013061051614, 40.50234121509686], [111.82031027357297, 40.50234121509686], [111.82031027357297, 40.50198188898322], [111.8204899366298, 40.50198188898322], [111.8204899366298, 40.50180222592639], [111.82084926274344, 40.50180222592639], [111.82084926274344, 40.50162256286957], [111.82120858885709, 40.50162256286957], [111.82120858885709, 40.501442899812744], [111.82192724108438, 40.501442899812744], [111.82192724108438, 40.50180222592639], [111.82210690414121, 40.50180222592639], [111.82210690414121, 40.50216155204004], [111.82228656719803, 40.50216155204004], [111.82228656719803, 40.50234121509686], [111.82210690414121, 40.50234121509686], [111.82210690414121, 40.50252087815369], [111.82192724108438, 40.50252087815369], [111.82192724108438, 40.502880204267335], [111.82210690414121, 40.502880204267335], [111.82210690414121, 40.50305986732416], [111.82192724108438, 40.50305986732416], [111.82192724108438, 40.50341919343781], [111.82174757802757, 40.50341919343781], [111.82174757802757, 40.50377851955145], [111.82156791497074, 40.50377851955145], [111.82156791497074, 40.50395818260828], [111.82138825191392, 40.50395818260828], [111.82138825191392, 40.504137845665106], [111.82102892580026, 40.504137845665106], [111.82102892580026, 40.50395818260828], [111.82066959968662, 40.50395818260828], [111.82066959968662, 40.504137845665106], [111.8204899366298, 40.504137845665106], [111.8204899366298, 40.504317508721925], [111.82031027357297, 40.504317508721925], [111.82031027357297, 40.50467683483558], [111.82013061051614, 40.50467683483558], [111.82013061051614, 40.505036160949224], [111.81995094745932, 40.505036160949224], [111.81995094745932, 40.5048564978924], [111.81959162134568, 40.5048564978924], [111.81959162134568, 40.50521582400605], [111.81941195828885, 40.50521582400605], [111.81941195828885, 40.50539548706287], [111.8190526321752, 40.50539548706287], [111.8190526321752, 40.50521582400605], [111.81887296911837, 40.50521582400605], [111.81887296911837, 40.50539548706287], [111.81851364300474, 40.50539548706287], [111.81851364300474, 40.5055751501197], [111.81815431689108, 40.5055751501197], [111.81815431689108, 40.505754813176516], [111.81833397994791, 40.505754813176516], [111.81833397994791, 40.50593447623334], [111.81851364300474, 40.50593447623334], [111.81851364300474, 40.50611413929017], [111.81833397994791, 40.50611413929017], [111.81833397994791, 40.50629380234699], [111.81797465383426, 40.50629380234699], [111.81797465383426, 40.506473465403815], [111.81743566466379, 40.506473465403815]], [[111.82174757802757, 40.50216155204004], [111.82138825191392, 40.50216155204004], [111.82138825191392, 40.50180222592639], [111.82156791497074, 40.50180222592639], [111.82156791497074, 40.50198188898322], [111.82174757802757, 40.50198188898322], [111.82174757802757, 40.50216155204004]], [[111.82102892580026, 40.50234121509686], [111.82084926274344, 40.50234121509686], [111.82084926274344, 40.50216155204004], [111.82102892580026, 40.50216155204004], [111.82102892580026, 40.50234121509686]], [[111.82156791497074, 40.502700541210515], [111.82138825191392, 40.502700541210515], [111.82138825191392, 40.50252087815369], [111.82156791497074, 40.50252087815369], [111.82156791497074, 40.502700541210515]]]}, "properties": {"name": "cand08", "ptype": "hall", "confidence": "low", "rank": 8, "area_ha": 16.9, "rise_db": 11.2, "digitised_from": "Sentinel-1 VV rise 2021->2026, orbit 113"}}, {"type": "Feature", "geometry": {"geodesic": false, "type": "Polygon", "coordinates": [[[111.80539823985659, 40.537734837291175], [111.80539823985659, 40.53755517423435], [111.80503891374293, 40.53755517423435], [111.80503891374293, 40.537734837291175], [111.80485925068612, 40.537734837291175], [111.80485925068612, 40.53755517423435], [111.80503891374293, 40.53755517423435], [111.80503891374293, 40.5371958481207], [111.80378127234518, 40.5371958481207], [111.80378127234518, 40.53683652200706], [111.80360160928835, 40.53683652200706], [111.80360160928835, 40.536297532836585], [111.80378127234518, 40.536297532836585], [111.80378127234518, 40.53611786977976], [111.803960935402, 40.53611786977976], [111.803960935402, 40.53593820672293], [111.80414059845882, 40.53593820672293], [111.80414059845882, 40.53539921755247], [111.80432026151564, 40.53539921755247], [111.80432026151564, 40.534860228381994], [111.80414059845882, 40.534860228381994], [111.80414059845882, 40.535039891438814], [111.803960935402, 40.535039891438814], [111.803960935402, 40.53521955449564], [111.80378127234518, 40.53521955449564], [111.80378127234518, 40.53468056532517], [111.80360160928835, 40.53468056532517], [111.80360160928835, 40.53450090226834], [111.80306262011787, 40.53450090226834], [111.80306262011787, 40.534860228381994], [111.80342194623152, 40.534860228381994], [111.80342194623152, 40.53539921755247], [111.80270329400423, 40.53539921755247], [111.80270329400423, 40.535578880609286], [111.8025236309474, 40.535578880609286], [111.8025236309474, 40.53593820672293], [111.80288295706106, 40.53593820672293], [111.80288295706106, 40.535578880609286], [111.8032422831747, 40.535578880609286], [111.8032422831747, 40.53593820672293], [111.80306262011787, 40.53593820672293], [111.80306262011787, 40.53611786977976], [111.80288295706106, 40.53611786977976], [111.80288295706106, 40.536477195893404], [111.80234396789058, 40.536477195893404], [111.80234396789058, 40.536297532836585], [111.80180497872011, 40.536297532836585], [111.80180497872011, 40.53611786977976], [111.80126598954963, 40.53611786977976], [111.80126598954963, 40.53593820672293], [111.80018801120869, 40.53593820672293], [111.80018801120869, 40.53575854366611], [111.80000834815188, 40.53575854366611], [111.80000834815188, 40.53539921755247], [111.80018801120869, 40.53539921755247], [111.80018801120869, 40.53521955449564], [111.80036767426552, 40.53521955449564], [111.80036767426552, 40.534860228381994], [111.80054733732234, 40.534860228381994], [111.80054733732234, 40.53450090226834], [111.80036767426552, 40.53450090226834], [111.80036767426552, 40.53432123921152], [111.80054733732234, 40.53432123921152], [111.80054733732234, 40.534141576154695], [111.800906663436, 40.534141576154695], [111.800906663436, 40.53396191309787], [111.80108632649281, 40.53396191309787], [111.80108632649281, 40.53378225004105], [111.80126598954963, 40.53378225004105], [111.80126598954963, 40.53360258698422], [111.80108632649281, 40.53360258698422], [111.80108632649281, 40.533422923927404], [111.80162531566329, 40.533422923927404], [111.80162531566329, 40.53324326087058], [111.80180497872011, 40.53324326087058], [111.80180497872011, 40.533422923927404], [111.80162531566329, 40.533422923927404], [111.80162531566329, 40.53360258698422], [111.80180497872011, 40.53360258698422], [111.80180497872011, 40.53378225004105], [111.80198464177694, 40.53378225004105], [111.80198464177694, 40.53306359781375], [111.80162531566329, 40.53306359781375], [111.80162531566329, 40.532704271700105], [111.80216430483375, 40.532704271700105], [111.80216430483375, 40.53288393475693], [111.80270329400423, 40.53288393475693], [111.80270329400423, 40.53306359781375], [111.8032422831747, 40.53306359781375], [111.8032422831747, 40.53324326087058], [111.803960935402, 40.53324326087058], [111.803960935402, 40.533422923927404], [111.80449992457247, 40.533422923927404], [111.80449992457247, 40.53360258698422], [111.80503891374293, 40.53360258698422], [111.80503891374293, 40.53378225004105], [111.80539823985659, 40.53378225004105], [111.80539823985659, 40.53396191309787], [111.80611689208388, 40.53396191309787], [111.80611689208388, 40.534141576154695], [111.80647621819753, 40.534141576154695], [111.80647621819753, 40.53432123921152], [111.80665588125436, 40.53432123921152], [111.80665588125436, 40.53450090226834], [111.8062965551407, 40.53450090226834], [111.8062965551407, 40.534860228381994], [111.80611689208388, 40.534860228381994], [111.80611689208388, 40.535039891438814], [111.80539823985659, 40.535039891438814], [111.80539823985659, 40.534860228381994], [111.80503891374293, 40.534860228381994], [111.80503891374293, 40.535039891438814], [111.8046795876293, 40.535039891438814], [111.8046795876293, 40.53539921755247], [111.80449992457247, 40.53539921755247], [111.80449992457247, 40.53575854366611], [111.80432026151564, 40.53575854366611], [111.80432026151564, 40.53593820672293], [111.80414059845882, 40.53593820672293], [111.80414059845882, 40.536477195893404], [111.80432026151564, 40.536477195893404], [111.80432026151564, 40.53683652200706], [111.80485925068612, 40.53683652200706], [111.80485925068612, 40.53701618506388], [111.80503891374293, 40.53701618506388], [111.80503891374293, 40.53683652200706], [111.80521857679976, 40.53683652200706], [111.80521857679976, 40.536477195893404], [111.80539823985659, 40.536477195893404], [111.80539823985659, 40.536297532836585], [111.80557790291341, 40.536297532836585], [111.80557790291341, 40.53683652200706], [111.80539823985659, 40.53683652200706], [111.80539823985659, 40.53701618506388], [111.80575756597024, 40.53701618506388], [111.80575756597024, 40.537734837291175], [111.80539823985659, 40.537734837291175]], [[111.80288295706106, 40.533422923927404], [111.80234396789058, 40.533422923927404], [111.80234396789058, 40.53324326087058], [111.80288295706106, 40.53324326087058], [111.80288295706106, 40.533422923927404]], [[111.8025236309474, 40.53396191309787], [111.80216430483375, 40.53396191309787], [111.80216430483375, 40.53378225004105], [111.8025236309474, 40.53378225004105], [111.8025236309474, 40.53396191309787]], [[111.80414059845882, 40.53396191309787], [111.803960935402, 40.53396191309787], [111.803960935402, 40.53378225004105], [111.80342194623152, 40.53378225004105], [111.80342194623152, 40.53360258698422], [111.80306262011787, 40.53360258698422], [111.80306262011787, 40.533422923927404], [111.80360160928835, 40.533422923927404], [111.80360160928835, 40.53360258698422], [111.80414059845882, 40.53360258698422], [111.80414059845882, 40.53396191309787]], [[111.80306262011787, 40.534141576154695], [111.80270329400423, 40.534141576154695], [111.80270329400423, 40.53396191309787], [111.80306262011787, 40.53396191309787], [111.80306262011787, 40.534141576154695]], [[111.80485925068612, 40.534141576154695], [111.8046795876293, 40.534141576154695], [111.8046795876293, 40.53396191309787], [111.80485925068612, 40.53396191309787], [111.80485925068612, 40.534141576154695]], [[111.80503891374293, 40.53450090226834], [111.80485925068612, 40.53450090226834], [111.80485925068612, 40.53432123921152], [111.80503891374293, 40.53432123921152], [111.80503891374293, 40.53450090226834]], [[111.8062965551407, 40.53450090226834], [111.80611689208388, 40.53450090226834], [111.80611689208388, 40.53432123921152], [111.8062965551407, 40.53432123921152], [111.8062965551407, 40.53450090226834]]]}, "properties": {"name": "cand09", "ptype": "hall", "confidence": "low", "rank": 9, "area_ha": 16.4, "rise_db": 12.0, "digitised_from": "Sentinel-1 VV rise 2021->2026, orbit 113"}}, {"type": "Feature", "geometry": {"geodesic": false, "type": "Polygon", "coordinates": [[[111.80216430483375, 40.54528068567778], [111.80216430483375, 40.54402304428001], [111.80198464177694, 40.54402304428001], [111.80198464177694, 40.54384338122318], [111.800906663436, 40.54384338122318], [111.800906663436, 40.543663718166364], [111.80036767426552, 40.543663718166364], [111.80036767426552, 40.54402304428001], [111.80018801120869, 40.54402304428001], [111.80018801120869, 40.54420270733684], [111.79982868509505, 40.54420270733684], [111.79982868509505, 40.54402304428001], [111.7994693589814, 40.54402304428001], [111.7994693589814, 40.543663718166364], [111.79893036981093, 40.543663718166364], [111.79893036981093, 40.54384338122318], [111.79857104369728, 40.54384338122318], [111.79857104369728, 40.543663718166364], [111.79821171758363, 40.543663718166364], [111.79821171758363, 40.54348405510954], [111.79767272841316, 40.54348405510954], [111.79767272841316, 40.54330439205272], [111.79713373924268, 40.54330439205272], [111.79713373924268, 40.54312472899589], [111.79695407618587, 40.54312472899589], [111.79695407618587, 40.54258573982542], [111.79623542395856, 40.54258573982542], [111.79623542395856, 40.54204675065495], [111.79641508701539, 40.54204675065495], [111.79641508701539, 40.54186708759812], [111.79659475007222, 40.54186708759812], [111.79659475007222, 40.541507761484475], [111.79713373924268, 40.541507761484475], [111.79713373924268, 40.54186708759812], [111.79767272841316, 40.54186708759812], [111.79767272841316, 40.5416874245413], [111.79785239146999, 40.5416874245413], [111.79785239146999, 40.541507761484475], [111.79767272841316, 40.541507761484475], [111.79767272841316, 40.541328098427655], [111.79785239146999, 40.541328098427655], [111.79785239146999, 40.54114843537083], [111.7980320545268, 40.54114843537083], [111.7980320545268, 40.540968772314], [111.7987507067541, 40.540968772314], [111.7987507067541, 40.54114843537083], [111.79911003286774, 40.54114843537083], [111.79911003286774, 40.541328098427655], [111.7994693589814, 40.541328098427655], [111.7994693589814, 40.541507761484475], [111.79964902203822, 40.541507761484475], [111.79964902203822, 40.5416874245413], [111.79982868509505, 40.5416874245413], [111.79982868509505, 40.54186708759812], [111.80036767426552, 40.54186708759812], [111.80036767426552, 40.54204675065495], [111.80054733732234, 40.54204675065495], [111.80054733732234, 40.542226413711774], [111.800906663436, 40.542226413711774], [111.800906663436, 40.54240607676859], [111.80108632649281, 40.54240607676859], [111.80108632649281, 40.542226413711774], [111.80144565260646, 40.542226413711774], [111.80144565260646, 40.54204675065495], [111.80180497872011, 40.54204675065495], [111.80180497872011, 40.542765402882246], [111.80144565260646, 40.542765402882246], [111.80144565260646, 40.54330439205272], [111.8025236309474, 40.54330439205272], [111.8025236309474, 40.542945065939065], [111.80234396789058, 40.542945065939065], [111.80234396789058, 40.542765402882246], [111.80216430483375, 40.542765402882246], [111.80216430483375, 40.54240607676859], [111.80288295706106, 40.54240607676859], [111.80288295706106, 40.54258573982542], [111.8032422831747, 40.54258573982542], [111.8032422831747, 40.542945065939065], [111.80342194623152, 40.542945065939065], [111.80342194623152, 40.54312472899589], [111.8032422831747, 40.54312472899589], [111.8032422831747, 40.54330439205272], [111.80306262011787, 40.54330439205272], [111.80306262011787, 40.543663718166364], [111.80360160928835, 40.543663718166364], [111.80360160928835, 40.54384338122318], [111.803960935402, 40.54384338122318], [111.803960935402, 40.54420270733684], [111.80378127234518, 40.54420270733684], [111.80378127234518, 40.544382370393656], [111.8032422831747, 40.544382370393656], [111.8032422831747, 40.54420270733684], [111.80306262011787, 40.54420270733684], [111.80306262011787, 40.54402304428001], [111.80288295706106, 40.54402304428001], [111.80288295706106, 40.54420270733684], [111.80270329400423, 40.54420270733684], [111.80270329400423, 40.544382370393656], [111.8025236309474, 40.544382370393656], [111.8025236309474, 40.54492135956413], [111.80234396789058, 40.54492135956413], [111.80234396789058, 40.54528068567778], [111.80216430483375, 40.54528068567778]], [[111.79893036981093, 40.541507761484475], [111.7987507067541, 40.541507761484475], [111.7987507067541, 40.541328098427655], [111.79893036981093, 40.541328098427655], [111.79893036981093, 40.541507761484475]], [[111.79839138064045, 40.54186708759812], [111.79821171758363, 40.54186708759812], [111.79821171758363, 40.5416874245413], [111.79839138064045, 40.5416874245413], [111.79839138064045, 40.54186708759812]], [[111.79713373924268, 40.542226413711774], [111.79695407618587, 40.542226413711774], [111.79695407618587, 40.54204675065495], [111.79713373924268, 40.54204675065495], [111.79713373924268, 40.542226413711774]], [[111.79857104369728, 40.54240607676859], [111.79821171758363, 40.54240607676859], [111.79821171758363, 40.54204675065495], [111.79839138064045, 40.54204675065495], [111.79839138064045, 40.54186708759812], [111.79911003286774, 40.54186708759812], [111.79911003286774, 40.542226413711774], [111.79893036981093, 40.542226413711774], [111.79893036981093, 40.54204675065495], [111.7987507067541, 40.54204675065495], [111.7987507067541, 40.542226413711774], [111.79857104369728, 40.542226413711774], [111.79857104369728, 40.54240607676859]], [[111.79821171758363, 40.54312472899589], [111.79785239146999, 40.54312472899589], [111.79785239146999, 40.54258573982542], [111.79821171758363, 40.54258573982542], [111.79821171758363, 40.542765402882246], [111.7987507067541, 40.542765402882246], [111.7987507067541, 40.542945065939065], [111.79821171758363, 40.542945065939065], [111.79821171758363, 40.54312472899589]]]}, "properties": {"name": "cand10", "ptype": "hall", "confidence": "low", "rank": 10, "area_ha": 15.2, "rise_db": 10.7, "digitised_from": "Sentinel-1 VV rise 2021->2026, orbit 113"}}, {"type": "Feature", "geometry": {"geodesic": false, "type": "Polygon", "coordinates": [[[111.800906663436, 40.540968772314], [111.800906663436, 40.54078910925718], [111.80018801120869, 40.54078910925718], [111.80018801120869, 40.54042978314353], [111.80054733732234, 40.54042978314353], [111.80054733732234, 40.53989079397306], [111.80072700037917, 40.53989079397306], [111.80072700037917, 40.53953146785941], [111.800906663436, 40.53953146785941], [111.800906663436, 40.539172141745766], [111.80072700037917, 40.539172141745766], [111.80072700037917, 40.53899247868894], [111.79964902203822, 40.53899247868894], [111.79964902203822, 40.539172141745766], [111.7994693589814, 40.539172141745766], [111.7994693589814, 40.53881281563212], [111.79928969592457, 40.53881281563212], [111.79928969592457, 40.538633152575294], [111.7987507067541, 40.538633152575294], [111.7987507067541, 40.53845348951847], [111.79839138064045, 40.53845348951847], [111.79839138064045, 40.53881281563212], [111.79821171758363, 40.53881281563212], [111.79821171758363, 40.53899247868894], [111.7980320545268, 40.53899247868894], [111.7980320545268, 40.539172141745766], [111.79821171758363, 40.539172141745766], [111.79821171758363, 40.53953146785941], [111.79785239146999, 40.53953146785941], [111.79785239146999, 40.53989079397306], [111.79731340229951, 40.53989079397306], [111.79731340229951, 40.53971113091624], [111.79659475007222, 40.53971113091624], [111.79659475007222, 40.53953146785941], [111.79623542395856, 40.53953146785941], [111.79623542395856, 40.53935180480259], [111.79641508701539, 40.53935180480259], [111.79641508701539, 40.539172141745766], [111.79713373924268, 40.539172141745766], [111.79713373924268, 40.53881281563212], [111.79731340229951, 40.53881281563212], [111.79731340229951, 40.53809416340482], [111.79713373924268, 40.53809416340482], [111.79713373924268, 40.537914500347995], [111.79695407618587, 40.537914500347995], [111.79695407618587, 40.537734837291175], [111.79677441312904, 40.537734837291175], [111.79677441312904, 40.53755517423435], [111.79695407618587, 40.53755517423435], [111.79695407618587, 40.5371958481207], [111.79713373924268, 40.5371958481207], [111.79713373924268, 40.53701618506388], [111.79731340229951, 40.53701618506388], [111.79731340229951, 40.53683652200706], [111.79749306535633, 40.53683652200706], [111.79749306535633, 40.53665685895023], [111.79731340229951, 40.53665685895023], [111.79731340229951, 40.536297532836585], [111.79821171758363, 40.536297532836585], [111.79821171758363, 40.536477195893404], [111.79857104369728, 40.536477195893404], [111.79857104369728, 40.53683652200706], [111.7987507067541, 40.53683652200706], [111.7987507067541, 40.53665685895023], [111.79893036981093, 40.53665685895023], [111.79893036981093, 40.53683652200706], [111.79911003286774, 40.53683652200706], [111.79911003286774, 40.5371958481207], [111.79893036981093, 40.5371958481207], [111.79893036981093, 40.53755517423435], [111.7987507067541, 40.53755517423435], [111.7987507067541, 40.53809416340482], [111.79928969592457, 40.53809416340482], [111.79928969592457, 40.537914500347995], [111.79964902203822, 40.537914500347995], [111.79964902203822, 40.537734837291175], [111.79982868509505, 40.537734837291175], [111.79982868509505, 40.537914500347995], [111.80000834815188, 40.537914500347995], [111.80000834815188, 40.53827382646165], [111.80018801120869, 40.53827382646165], [111.80018801120869, 40.53845348951847], [111.80036767426552, 40.53845348951847], [111.80036767426552, 40.53827382646165], [111.80072700037917, 40.53827382646165], [111.80072700037917, 40.53845348951847], [111.800906663436, 40.53845348951847], [111.800906663436, 40.53881281563212], [111.80108632649281, 40.53881281563212], [111.80108632649281, 40.538633152575294], [111.80126598954963, 40.538633152575294], [111.80126598954963, 40.53827382646165], [111.80144565260646, 40.53827382646165], [111.80144565260646, 40.53809416340482], [111.80162531566329, 40.53809416340482], [111.80162531566329, 40.537914500347995], [111.80216430483375, 40.537914500347995], [111.80216430483375, 40.537734837291175], [111.80234396789058, 40.537734837291175], [111.80234396789058, 40.537914500347995], [111.8025236309474, 40.537914500347995], [111.8025236309474, 40.53809416340482], [111.80342194623152, 40.53809416340482], [111.80342194623152, 40.537914500347995], [111.80378127234518, 40.537914500347995], [111.80378127234518, 40.53809416340482], [111.80360160928835, 40.53809416340482], [111.80360160928835, 40.53827382646165], [111.8032422831747, 40.53827382646165], [111.8032422831747, 40.53845348951847], [111.80306262011787, 40.53845348951847], [111.80306262011787, 40.53953146785941], [111.80288295706106, 40.53953146785941], [111.80288295706106, 40.53971113091624], [111.80270329400423, 40.53971113091624], [111.80270329400423, 40.53989079397306], [111.80234396789058, 40.53989079397306], [111.80234396789058, 40.53953146785941], [111.80180497872011, 40.53953146785941], [111.80180497872011, 40.53971113091624], [111.80162531566329, 40.53971113091624], [111.80162531566329, 40.53989079397306], [111.80144565260646, 40.53989079397306], [111.80144565260646, 40.54025012008671], [111.80126598954963, 40.54025012008671], [111.80126598954963, 40.54042978314353], [111.80108632649281, 40.54042978314353], [111.80108632649281, 40.540968772314], [111.800906663436, 40.540968772314]], [[111.79857104369728, 40.53701618506388], [111.79821171758363, 40.53701618506388], [111.79821171758363, 40.53683652200706], [111.79857104369728, 40.53683652200706], [111.79857104369728, 40.53701618506388]], [[111.7980320545268, 40.53755517423435], [111.79785239146999, 40.53755517423435], [111.79785239146999, 40.53737551117753], [111.7980320545268, 40.53737551117753], [111.7980320545268, 40.53755517423435]], [[111.8025236309474, 40.53827382646165], [111.80216430483375, 40.53827382646165], [111.80216430483375, 40.53809416340482], [111.8025236309474, 40.53809416340482], [111.8025236309474, 40.53827382646165]], [[111.80234396789058, 40.53881281563212], [111.80216430483375, 40.53881281563212], [111.80216430483375, 40.53845348951847], [111.80234396789058, 40.53845348951847], [111.80234396789058, 40.53881281563212]], [[111.79749306535633, 40.53953146785941], [111.79731340229951, 40.53953146785941], [111.79731340229951, 40.53935180480259], [111.79749306535633, 40.53935180480259], [111.79749306535633, 40.53953146785941]]]}, "properties": {"name": "cand11", "ptype": "hall", "confidence": "low", "rank": 11, "area_ha": 13.9, "rise_db": 11.2, "digitised_from": "Sentinel-1 VV rise 2021->2026, orbit 113"}}, {"type": "Feature", "geometry": {"geodesic": false, "type": "Polygon", "coordinates": [[[111.79713373924268, 40.535578880609286], [111.79713373924268, 40.53539921755247], [111.79731340229951, 40.53539921755247], [111.79731340229951, 40.53521955449564], [111.79749306535633, 40.53521955449564], [111.79749306535633, 40.535039891438814], [111.79695407618587, 40.535039891438814], [111.79695407618587, 40.534860228381994], [111.79659475007222, 40.534860228381994], [111.79659475007222, 40.53468056532517], [111.79587609784492, 40.53468056532517], [111.79587609784492, 40.53450090226834], [111.79551677173127, 40.53450090226834], [111.79551677173127, 40.53432123921152], [111.79533710867445, 40.53432123921152], [111.79533710867445, 40.53360258698422], [111.79551677173127, 40.53360258698422], [111.79551677173127, 40.533422923927404], [111.7956964347881, 40.533422923927404], [111.7956964347881, 40.53324326087058], [111.79605576090174, 40.53324326087058], [111.79605576090174, 40.533422923927404], [111.79623542395856, 40.533422923927404], [111.79623542395856, 40.53360258698422], [111.79677441312904, 40.53360258698422], [111.79677441312904, 40.53378225004105], [111.79695407618587, 40.53378225004105], [111.79695407618587, 40.534141576154695], [111.79677441312904, 40.534141576154695], [111.79677441312904, 40.53432123921152], [111.79731340229951, 40.53432123921152], [111.79731340229951, 40.53450090226834], [111.79767272841316, 40.53450090226834], [111.79767272841316, 40.53432123921152], [111.79749306535633, 40.53432123921152], [111.79749306535633, 40.534141576154695], [111.79713373924268, 40.534141576154695], [111.79713373924268, 40.53396191309787], [111.79731340229951, 40.53396191309787], [111.79731340229951, 40.53378225004105], [111.79713373924268, 40.53378225004105], [111.79713373924268, 40.53360258698422], [111.79731340229951, 40.53360258698422], [111.79731340229951, 40.53324326087058], [111.79659475007222, 40.53324326087058], [111.79659475007222, 40.53306359781375], [111.79587609784492, 40.53306359781375], [111.79587609784492, 40.53288393475693], [111.7956964347881, 40.53288393475693], [111.7956964347881, 40.53252460864328], [111.79587609784492, 40.53252460864328], [111.79587609784492, 40.53234494558646], [111.79623542395856, 40.53234494558646], [111.79623542395856, 40.53216528252963], [111.79641508701539, 40.53216528252963], [111.79641508701539, 40.531985619472806], [111.79659475007222, 40.531985619472806], [111.79659475007222, 40.53180595641599], [111.79641508701539, 40.53180595641599], [111.79641508701539, 40.531266967245514], [111.79659475007222, 40.531266967245514], [111.79659475007222, 40.53108730418869], [111.79695407618587, 40.53108730418869], [111.79695407618587, 40.531266967245514], [111.79731340229951, 40.531266967245514], [111.79731340229951, 40.53162629335916], [111.79713373924268, 40.53162629335916], [111.79713373924268, 40.53180595641599], [111.79749306535633, 40.53180595641599], [111.79749306535633, 40.53144663030234], [111.79767272841316, 40.53144663030234], [111.79767272841316, 40.53162629335916], [111.79785239146999, 40.53162629335916], [111.79785239146999, 40.531985619472806], [111.79767272841316, 40.531985619472806], [111.79767272841316, 40.53216528252963], [111.79749306535633, 40.53216528252963], [111.79749306535633, 40.53234494558646], [111.79767272841316, 40.53234494558646], [111.79767272841316, 40.532704271700105], [111.79785239146999, 40.532704271700105], [111.79785239146999, 40.53306359781375], [111.79857104369728, 40.53306359781375], [111.79857104369728, 40.53288393475693], [111.7987507067541, 40.53288393475693], [111.7987507067541, 40.532704271700105], [111.79893036981093, 40.532704271700105], [111.79893036981093, 40.53216528252963], [111.79911003286774, 40.53216528252963], [111.79911003286774, 40.531985619472806], [111.79964902203822, 40.531985619472806], [111.79964902203822, 40.53234494558646], [111.7994693589814, 40.53234494558646], [111.7994693589814, 40.53252460864328], [111.80000834815188, 40.53252460864328], [111.80000834815188, 40.53234494558646], [111.80036767426552, 40.53234494558646], [111.80036767426552, 40.53252460864328], [111.80018801120869, 40.53252460864328], [111.80018801120869, 40.532704271700105], [111.80036767426552, 40.532704271700105], [111.80036767426552, 40.53306359781375], [111.80018801120869, 40.53306359781375], [111.80018801120869, 40.53288393475693], [111.79982868509505, 40.53288393475693], [111.79982868509505, 40.53306359781375], [111.79964902203822, 40.53306359781375], [111.79964902203822, 40.53324326087058], [111.7994693589814, 40.53324326087058], [111.7994693589814, 40.533422923927404], [111.79964902203822, 40.533422923927404], [111.79964902203822, 40.53378225004105], [111.79982868509505, 40.53378225004105], [111.79982868509505, 40.53396191309787], [111.80000834815188, 40.53396191309787], [111.80000834815188, 40.534141576154695], [111.79982868509505, 40.534141576154695], [111.79982868509505, 40.53450090226834], [111.7994693589814, 40.53450090226834], [111.7994693589814, 40.53432123921152], [111.79928969592457, 40.53432123921152], [111.79928969592457, 40.534141576154695], [111.7994693589814, 40.534141576154695], [111.7994693589814, 40.53396191309787], [111.79911003286774, 40.53396191309787], [111.79911003286774, 40.53378225004105], [111.79839138064045, 40.53378225004105], [111.79839138064045, 40.53360258698422], [111.79821171758363, 40.53360258698422], [111.79821171758363, 40.533422923927404], [111.7980320545268, 40.533422923927404], [111.7980320545268, 40.53378225004105], [111.79785239146999, 40.53378225004105], [111.79785239146999, 40.53396191309787], [111.79839138064045, 40.53396191309787], [111.79839138064045, 40.534141576154695], [111.79857104369728, 40.534141576154695], [111.79857104369728, 40.53432123921152], [111.79911003286774, 40.53432123921152], [111.79911003286774, 40.53450090226834], [111.79928969592457, 40.53450090226834], [111.79928969592457, 40.53468056532517], [111.79911003286774, 40.53468056532517], [111.79911003286774, 40.534860228381994], [111.79893036981093, 40.534860228381994], [111.79893036981093, 40.53539921755247], [111.79785239146999, 40.53539921755247], [111.79785239146999, 40.53521955449564], [111.79749306535633, 40.53521955449564], [111.79749306535633, 40.535578880609286], [111.79713373924268, 40.535578880609286]], [[111.79623542395856, 40.534141576154695], [111.79587609784492, 40.534141576154695], [111.79587609784492, 40.53396191309787], [111.79623542395856, 40.53396191309787], [111.79623542395856, 40.534141576154695]], [[111.79695407618587, 40.53288393475693], [111.79659475007222, 40.53288393475693], [111.79659475007222, 40.532704271700105], [111.79677441312904, 40.532704271700105], [111.79677441312904, 40.53252460864328], [111.79695407618587, 40.53252460864328], [111.79695407618587, 40.53288393475693]], [[111.79749306535633, 40.53288393475693], [111.79713373924268, 40.53288393475693], [111.79713373924268, 40.532704271700105], [111.79749306535633, 40.532704271700105], [111.79749306535633, 40.53288393475693]]]}, "properties": {"name": "cand12", "ptype": "hall", "confidence": "low", "rank": 12, "area_ha": 12.5, "rise_db": 12.6, "digitised_from": "Sentinel-1 VV rise 2021->2026, orbit 113"}}, {"type": "Feature", "geometry": {"geodesic": false, "type": "Polygon", "coordinates": [[[111.83001207864146, 40.553904512405325], [111.83001207864146, 40.553724849348505], [111.82983241558463, 40.553724849348505], [111.82983241558463, 40.55336552323485], [111.82965275252782, 40.55336552323485], [111.82965275252782, 40.55318586017803], [111.82857477418688, 40.55318586017803], [111.82857477418688, 40.553006197121206], [111.8280357850164, 40.553006197121206], [111.8280357850164, 40.55282653406438], [111.82767645890276, 40.55282653406438], [111.82767645890276, 40.553006197121206], [111.82749679584593, 40.553006197121206], [111.82749679584593, 40.55318586017803], [111.8273171327891, 40.55318586017803], [111.8273171327891, 40.55336552323485], [111.82695780667545, 40.55336552323485], [111.82695780667545, 40.553006197121206], [111.82713746973228, 40.553006197121206], [111.82713746973228, 40.55264687100756], [111.8273171327891, 40.55264687100756], [111.8273171327891, 40.55192821878026], [111.82749679584593, 40.55192821878026], [111.82749679584593, 40.551568892666616], [111.82767645890276, 40.551568892666616], [111.82767645890276, 40.55120956655297], [111.82785612195957, 40.55120956655297], [111.82785612195957, 40.55102990349614], [111.82695780667545, 40.55102990349614], [111.82695780667545, 40.55138922960979], [111.82713746973228, 40.55138922960979], [111.82713746973228, 40.551568892666616], [111.82659848056181, 40.551568892666616], [111.82659848056181, 40.55174855572344], [111.82641881750499, 40.55174855572344], [111.82641881750499, 40.55192821878026], [111.82623915444816, 40.55192821878026], [111.82623915444816, 40.55174855572344], [111.82605949139133, 40.55174855572344], [111.82605949139133, 40.55120956655297], [111.82623915444816, 40.55120956655297], [111.82623915444816, 40.55102990349614], [111.82641881750499, 40.55102990349614], [111.82641881750499, 40.5506705773825], [111.82623915444816, 40.5506705773825], [111.82623915444816, 40.550131588212025], [111.82659848056181, 40.550131588212025], [111.82659848056181, 40.5499519251552], [111.82677814361863, 40.5499519251552], [111.82677814361863, 40.550131588212025], [111.82695780667545, 40.550131588212025], [111.82695780667545, 40.550311251268845], [111.82677814361863, 40.550311251268845], [111.82677814361863, 40.55049091432567], [111.82695780667545, 40.55049091432567], [111.82695780667545, 40.5506705773825], [111.8273171327891, 40.5506705773825], [111.8273171327891, 40.55049091432567], [111.82749679584593, 40.55049091432567], [111.82749679584593, 40.550131588212025], [111.82767645890276, 40.550131588212025], [111.82767645890276, 40.5499519251552], [111.82785612195957, 40.5499519251552], [111.82785612195957, 40.550131588212025], [111.8280357850164, 40.550131588212025], [111.8280357850164, 40.55049091432567], [111.82785612195957, 40.55049091432567], [111.82785612195957, 40.55102990349614], [111.8280357850164, 40.55102990349614], [111.8280357850164, 40.55085024043932], [111.82821544807322, 40.55085024043932], [111.82821544807322, 40.55049091432567], [111.82839511113005, 40.55049091432567], [111.82839511113005, 40.550311251268845], [111.82857477418688, 40.550311251268845], [111.82857477418688, 40.550131588212025], [111.82911376335734, 40.550131588212025], [111.82911376335734, 40.55049091432567], [111.82875443724369, 40.55049091432567], [111.82875443724369, 40.5506705773825], [111.82893410030051, 40.5506705773825], [111.82893410030051, 40.55085024043932], [111.829473089471, 40.55085024043932], [111.829473089471, 40.55102990349614], [111.83001207864146, 40.55102990349614], [111.83001207864146, 40.551568892666616], [111.83037140475511, 40.551568892666616], [111.83037140475511, 40.55138922960979], [111.83055106781194, 40.55138922960979], [111.83055106781194, 40.551568892666616], [111.83091039392558, 40.551568892666616], [111.83091039392558, 40.55174855572344], [111.83126972003923, 40.55174855572344], [111.83126972003923, 40.55192821878026], [111.83162904615288, 40.55192821878026], [111.83162904615288, 40.55228754489391], [111.83144938309606, 40.55228754489391], [111.83144938309606, 40.55282653406438], [111.83126972003923, 40.55282653406438], [111.83126972003923, 40.553006197121206], [111.8310900569824, 40.553006197121206], [111.8310900569824, 40.55318586017803], [111.83091039392558, 40.55318586017803], [111.83091039392558, 40.55336552323485], [111.83073073086875, 40.55336552323485], [111.83073073086875, 40.55354518629168], [111.83037140475511, 40.55354518629168], [111.83037140475511, 40.553724849348505], [111.83019174169829, 40.553724849348505], [111.83019174169829, 40.553904512405325], [111.83001207864146, 40.553904512405325]], [[111.829473089471, 40.55228754489391], [111.82911376335734, 40.55228754489391], [111.82911376335734, 40.55210788183709], [111.82893410030051, 40.55210788183709], [111.82893410030051, 40.55192821878026], [111.82911376335734, 40.55192821878026], [111.82911376335734, 40.55138922960979], [111.82893410030051, 40.55138922960979], [111.82893410030051, 40.55120956655297], [111.82929342641417, 40.55120956655297], [111.82929342641417, 40.55138922960979], [111.829473089471, 40.55138922960979], [111.829473089471, 40.551568892666616], [111.83001207864146, 40.551568892666616], [111.83001207864146, 40.55174855572344], [111.82983241558463, 40.55174855572344], [111.82983241558463, 40.55192821878026], [111.82965275252782, 40.55192821878026], [111.82965275252782, 40.55210788183709], [111.829473089471, 40.55210788183709], [111.829473089471, 40.55228754489391]], [[111.83073073086875, 40.55336552323485], [111.83037140475511, 40.55336552323485], [111.83037140475511, 40.55318586017803], [111.83055106781194, 40.55318586017803], [111.83055106781194, 40.553006197121206], [111.83073073086875, 40.553006197121206], [111.83073073086875, 40.55336552323485]], [[111.83019174169829, 40.55354518629168], [111.83001207864146, 40.55354518629168], [111.83001207864146, 40.55336552323485], [111.83019174169829, 40.55336552323485], [111.83019174169829, 40.55354518629168]]]}, "properties": {"name": "cand13", "ptype": "hall", "confidence": "low", "rank": 13, "area_ha": 12.4, "rise_db": 9.2, "digitised_from": "Sentinel-1 VV rise 2021->2026, orbit 113"}}, {"type": "Feature", "geometry": {"geodesic": false, "type": "Polygon", "coordinates": [[[111.83737826397125, 40.54761630541649], [111.83737826397125, 40.547256979302844], [111.83665961174394, 40.547256979302844], [111.83665961174394, 40.54689765318919], [111.83647994868713, 40.54689765318919], [111.83647994868713, 40.54671799013237], [111.8363002856303, 40.54671799013237], [111.8363002856303, 40.546538327075545], [111.83612062257347, 40.546538327075545], [111.83612062257347, 40.5461790009619], [111.83647994868713, 40.5461790009619], [111.83647994868713, 40.54564001179143], [111.83612062257347, 40.54564001179143], [111.83612062257347, 40.54492135956413], [111.8363002856303, 40.54492135956413], [111.8363002856303, 40.54474169650731], [111.83665961174394, 40.54474169650731], [111.83665961174394, 40.54456203345048], [111.8370189378576, 40.54456203345048], [111.8370189378576, 40.544382370393656], [111.83683927480077, 40.544382370393656], [111.83683927480077, 40.54402304428001], [111.8370189378576, 40.54402304428001], [111.8370189378576, 40.543663718166364], [111.83719860091442, 40.543663718166364], [111.83719860091442, 40.54348405510954], [111.83791725314171, 40.54348405510954], [111.83791725314171, 40.543663718166364], [111.83845624231219, 40.543663718166364], [111.83845624231219, 40.54384338122318], [111.83917489453948, 40.54384338122318], [111.83917489453948, 40.54402304428001], [111.83935455759631, 40.54402304428001], [111.83935455759631, 40.54420270733684], [111.83971388370995, 40.54420270733684], [111.83971388370995, 40.54402304428001], [111.8400732098236, 40.54402304428001], [111.8400732098236, 40.54384338122318], [111.84043253593725, 40.54384338122318], [111.84043253593725, 40.54402304428001], [111.84061219899407, 40.54402304428001], [111.84061219899407, 40.54420270733684], [111.84079186205089, 40.54420270733684], [111.84079186205089, 40.54456203345048], [111.84061219899407, 40.54456203345048], [111.84061219899407, 40.54492135956413], [111.84043253593725, 40.54492135956413], [111.84043253593725, 40.545101022620955], [111.84025287288043, 40.545101022620955], [111.84025287288043, 40.54528068567778], [111.8400732098236, 40.54528068567778], [111.8400732098236, 40.54474169650731], [111.84025287288043, 40.54474169650731], [111.84025287288043, 40.544382370393656], [111.83989354676677, 40.544382370393656], [111.83989354676677, 40.54456203345048], [111.83971388370995, 40.54456203345048], [111.83971388370995, 40.54492135956413], [111.83899523148266, 40.54492135956413], [111.83899523148266, 40.54474169650731], [111.83881556842583, 40.54474169650731], [111.83881556842583, 40.54456203345048], [111.83809691619854, 40.54456203345048], [111.83809691619854, 40.54492135956413], [111.83791725314171, 40.54492135956413], [111.83791725314171, 40.545101022620955], [111.83773759008488, 40.545101022620955], [111.83773759008488, 40.54528068567778], [111.83755792702807, 40.54528068567778], [111.83755792702807, 40.54564001179143], [111.83773759008488, 40.54564001179143], [111.83773759008488, 40.54599933790507], [111.83827657925536, 40.54599933790507], [111.83827657925536, 40.54564001179143], [111.83845624231219, 40.54564001179143], [111.83845624231219, 40.5454603487346], [111.83917489453948, 40.5454603487346], [111.83917489453948, 40.54581967484825], [111.83953422065314, 40.54581967484825], [111.83953422065314, 40.54599933790507], [111.83971388370995, 40.54599933790507], [111.83971388370995, 40.546538327075545], [111.83953422065314, 40.546538327075545], [111.83953422065314, 40.54671799013237], [111.83917489453948, 40.54671799013237], [111.83917489453948, 40.546538327075545], [111.83899523148266, 40.546538327075545], [111.83899523148266, 40.54671799013237], [111.838635905369, 40.54671799013237], [111.838635905369, 40.547256979302844], [111.83845624231219, 40.547256979302844], [111.83845624231219, 40.54743664235966], [111.83827657925536, 40.54743664235966], [111.83827657925536, 40.54761630541649], [111.83737826397125, 40.54761630541649]], [[111.83935455759631, 40.54456203345048], [111.83899523148266, 40.54456203345048], [111.83899523148266, 40.544382370393656], [111.83935455759631, 40.544382370393656], [111.83935455759631, 40.54456203345048]], [[111.83791725314171, 40.547256979302844], [111.83737826397125, 40.547256979302844], [111.83737826397125, 40.54707731624602], [111.83773759008488, 40.54707731624602], [111.83773759008488, 40.54689765318919], [111.83791725314171, 40.54689765318919], [111.83791725314171, 40.547256979302844]]]}, "properties": {"name": "cand14", "ptype": "hall", "confidence": "low", "rank": 14, "area_ha": 12.0, "rise_db": 11.4, "digitised_from": "Sentinel-1 VV rise 2021->2026, orbit 113"}}, {"type": "Feature", "geometry": {"geodesic": false, "type": "Polygon", "coordinates": [[[111.83019174169829, 40.54959259904155], [111.83019174169829, 40.549412935984726], [111.829473089471, 40.549412935984726], [111.829473089471, 40.54959259904155], [111.82929342641417, 40.54959259904155], [111.82929342641417, 40.549412935984726], [111.82911376335734, 40.549412935984726], [111.82911376335734, 40.54905360987108], [111.82857477418688, 40.54905360987108], [111.82857477418688, 40.54923327292791], [111.82839511113005, 40.54923327292791], [111.82839511113005, 40.54905360987108], [111.82821544807322, 40.54905360987108], [111.82821544807322, 40.548873946814254], [111.82713746973228, 40.548873946814254], [111.82713746973228, 40.548694283757435], [111.82695780667545, 40.548694283757435], [111.82695780667545, 40.54833495764378], [111.82713746973228, 40.54833495764378], [111.82713746973228, 40.547975631530136], [111.8273171327891, 40.547975631530136], [111.8273171327891, 40.54779596847331], [111.82713746973228, 40.54779596847331], [111.82713746973228, 40.547256979302844], [111.8273171327891, 40.547256979302844], [111.8273171327891, 40.54743664235966], [111.82749679584593, 40.54743664235966], [111.82749679584593, 40.54707731624602], [111.82695780667545, 40.54707731624602], [111.82695780667545, 40.54689765318919], [111.82659848056181, 40.54689765318919], [111.82659848056181, 40.547256979302844], [111.82641881750499, 40.547256979302844], [111.82641881750499, 40.54743664235966], [111.82623915444816, 40.54743664235966], [111.82623915444816, 40.547256979302844], [111.82605949139133, 40.547256979302844], [111.82605949139133, 40.54707731624602], [111.82623915444816, 40.54707731624602], [111.82623915444816, 40.54671799013237], [111.82587982833451, 40.54671799013237], [111.82587982833451, 40.54635866401872], [111.82677814361863, 40.54635866401872], [111.82677814361863, 40.546538327075545], [111.82713746973228, 40.546538327075545], [111.82713746973228, 40.54671799013237], [111.8280357850164, 40.54671799013237], [111.8280357850164, 40.546538327075545], [111.82821544807322, 40.546538327075545], [111.82821544807322, 40.5461790009619], [111.82839511113005, 40.5461790009619], [111.82839511113005, 40.54581967484825], [111.82875443724369, 40.54581967484825], [111.82875443724369, 40.54599933790507], [111.82893410030051, 40.54599933790507], [111.82893410030051, 40.5461790009619], [111.82929342641417, 40.5461790009619], [111.82929342641417, 40.54635866401872], [111.829473089471, 40.54635866401872], [111.829473089471, 40.54689765318919], [111.82929342641417, 40.54689765318919], [111.82929342641417, 40.547256979302844], [111.82911376335734, 40.547256979302844], [111.82911376335734, 40.54761630541649], [111.82929342641417, 40.54761630541649], [111.82929342641417, 40.54779596847331], [111.82911376335734, 40.54779596847331], [111.82911376335734, 40.54851462070061], [111.82893410030051, 40.54851462070061], [111.82893410030051, 40.548694283757435], [111.82875443724369, 40.548694283757435], [111.82875443724369, 40.548873946814254], [111.82929342641417, 40.548873946814254], [111.82929342641417, 40.54851462070061], [111.829473089471, 40.54851462070061], [111.829473089471, 40.547975631530136], [111.82965275252782, 40.547975631530136], [111.82965275252782, 40.54779596847331], [111.82983241558463, 40.54779596847331], [111.82983241558463, 40.54815529458696], [111.83091039392558, 40.54815529458696], [111.83091039392558, 40.54833495764378], [111.8310900569824, 40.54833495764378], [111.8310900569824, 40.54851462070061], [111.83144938309606, 40.54851462070061], [111.83144938309606, 40.54833495764378], [111.83198837226652, 40.54833495764378], [111.83198837226652, 40.54779596847331], [111.8318087092097, 40.54779596847331], [111.8318087092097, 40.547975631530136], [111.83162904615288, 40.547975631530136], [111.83162904615288, 40.54815529458696], [111.83144938309606, 40.54815529458696], [111.83144938309606, 40.547975631530136], [111.83162904615288, 40.547975631530136], [111.83162904615288, 40.54743664235966], [111.8318087092097, 40.54743664235966], [111.8318087092097, 40.547256979302844], [111.83198837226652, 40.547256979302844], [111.83198837226652, 40.54743664235966], [111.83216803532335, 40.54743664235966], [111.83216803532335, 40.54761630541649], [111.832527361437, 40.54761630541649], [111.832527361437, 40.54707731624602], [111.83288668755064, 40.54707731624602], [111.83288668755064, 40.547256979302844], [111.83270702449381, 40.547256979302844], [111.83270702449381, 40.54743664235966], [111.83288668755064, 40.54743664235966], [111.83288668755064, 40.54761630541649], [111.83306635060747, 40.54761630541649], [111.83306635060747, 40.54779596847331], [111.8332460136643, 40.54779596847331], [111.8332460136643, 40.547975631530136], [111.83342567672112, 40.547975631530136], [111.83342567672112, 40.54815529458696], [111.8332460136643, 40.54815529458696], [111.8332460136643, 40.54833495764378], [111.83306635060747, 40.54833495764378], [111.83306635060747, 40.54851462070061], [111.83342567672112, 40.54851462070061], [111.83342567672112, 40.548873946814254], [111.83216803532335, 40.548873946814254], [111.83216803532335, 40.548694283757435], [111.83162904615288, 40.548694283757435], [111.83162904615288, 40.548873946814254], [111.8310900569824, 40.548873946814254], [111.8310900569824, 40.548694283757435], [111.83091039392558, 40.548694283757435], [111.83091039392558, 40.54851462070061], [111.83037140475511, 40.54851462070061], [111.83037140475511, 40.548694283757435], [111.83019174169829, 40.548694283757435], [111.83019174169829, 40.548873946814254], [111.83037140475511, 40.548873946814254], [111.83037140475511, 40.54905360987108], [111.83091039392558, 40.54905360987108], [111.83091039392558, 40.549412935984726], [111.83037140475511, 40.549412935984726], [111.83037140475511, 40.54959259904155], [111.83019174169829, 40.54959259904155]], [[111.82839511113005, 40.54671799013237], [111.82821544807322, 40.54671799013237], [111.82821544807322, 40.546538327075545], [111.82839511113005, 40.546538327075545], [111.82839511113005, 40.54671799013237]], [[111.82875443724369, 40.54707731624602], [111.82857477418688, 40.54707731624602], [111.82857477418688, 40.54689765318919], [111.82839511113005, 40.54689765318919], [111.82839511113005, 40.54671799013237], [111.82857477418688, 40.54671799013237], [111.82857477418688, 40.546538327075545], [111.82875443724369, 40.546538327075545], [111.82875443724369, 40.54635866401872], [111.82893410030051, 40.54635866401872], [111.82893410030051, 40.54689765318919], [111.82875443724369, 40.54689765318919], [111.82875443724369, 40.54707731624602]], [[111.82893410030051, 40.54779596847331], [111.82839511113005, 40.54779596847331], [111.82839511113005, 40.54761630541649], [111.82893410030051, 40.54761630541649], [111.82893410030051, 40.54779596847331]], [[111.82767645890276, 40.547975631530136], [111.82749679584593, 40.547975631530136], [111.82749679584593, 40.54779596847331], [111.82767645890276, 40.54779596847331], [111.82767645890276, 40.547975631530136]], [[111.8280357850164, 40.547975631530136], [111.82785612195957, 40.547975631530136], [111.82785612195957, 40.54779596847331], [111.8280357850164, 40.54779596847331], [111.8280357850164, 40.547975631530136]], [[111.82749679584593, 40.54815529458696], [111.8273171327891, 40.54815529458696], [111.8273171327891, 40.547975631530136], [111.82749679584593, 40.547975631530136], [111.82749679584593, 40.54815529458696]], [[111.82839511113005, 40.548694283757435], [111.82821544807322, 40.548694283757435], [111.82821544807322, 40.54815529458696], [111.82839511113005, 40.54815529458696], [111.82839511113005, 40.54833495764378], [111.82857477418688, 40.54833495764378], [111.82857477418688, 40.54851462070061], [111.82839511113005, 40.54851462070061], [111.82839511113005, 40.548694283757435]], [[111.83288668755064, 40.54833495764378], [111.83270702449381, 40.54833495764378], [111.83270702449381, 40.547975631530136], [111.83306635060747, 40.547975631530136], [111.83306635060747, 40.54815529458696], [111.83288668755064, 40.54815529458696], [111.83288668755064, 40.54833495764378]], [[111.83270702449381, 40.54851462070061], [111.83216803532335, 40.54851462070061], [111.83216803532335, 40.54833495764378], [111.83234769838018, 40.54833495764378], [111.83234769838018, 40.54815529458696], [111.832527361437, 40.54815529458696], [111.832527361437, 40.54833495764378], [111.83270702449381, 40.54833495764378], [111.83270702449381, 40.54851462070061]]]}, "properties": {"name": "cand15", "ptype": "hall", "confidence": "low", "rank": 15, "area_ha": 11.9, "rise_db": 8.1, "digitised_from": "Sentinel-1 VV rise 2021->2026, orbit 113"}}, {"type": "Feature", "geometry": {"geodesic": false, "type": "Polygon", "coordinates": [[[111.83091039392558, 40.52210415134749], [111.83091039392558, 40.52192448829067], [111.83019174169829, 40.52192448829067], [111.83019174169829, 40.521565162177026], [111.82983241558463, 40.521565162177026], [111.82983241558463, 40.52120583606337], [111.82965275252782, 40.52120583606337], [111.82965275252782, 40.521026173006554], [111.82929342641417, 40.521026173006554], [111.82929342641417, 40.52120583606337], [111.82911376335734, 40.52120583606337], [111.82911376335734, 40.5213854991202], [111.82857477418688, 40.5213854991202], [111.82857477418688, 40.52120583606337], [111.82839511113005, 40.52120583606337], [111.82839511113005, 40.52084650994973], [111.82857477418688, 40.52084650994973], [111.82857477418688, 40.5206668468929], [111.82839511113005, 40.5206668468929], [111.82839511113005, 40.52048718383608], [111.82857477418688, 40.52048718383608], [111.82857477418688, 40.520307520779255], [111.82875443724369, 40.520307520779255], [111.82875443724369, 40.52012785772243], [111.82893410030051, 40.52012785772243], [111.82893410030051, 40.51994819466561], [111.82875443724369, 40.51994819466561], [111.82875443724369, 40.51976853160878], [111.82893410030051, 40.51976853160878], [111.82893410030051, 40.51958886855196], [111.82911376335734, 40.51958886855196], [111.82911376335734, 40.51976853160878], [111.829473089471, 40.51976853160878], [111.829473089471, 40.51958886855196], [111.82965275252782, 40.51958886855196], [111.82965275252782, 40.51940920549514], [111.82911376335734, 40.51940920549514], [111.82911376335734, 40.51922954243831], [111.829473089471, 40.51922954243831], [111.829473089471, 40.518870216324665], [111.82965275252782, 40.518870216324665], [111.82965275252782, 40.51904987938149], [111.83037140475511, 40.51904987938149], [111.83037140475511, 40.51851089021102], [111.83055106781194, 40.51851089021102], [111.83055106781194, 40.51869055326784], [111.83126972003923, 40.51869055326784], [111.83126972003923, 40.518870216324665], [111.8310900569824, 40.518870216324665], [111.8310900569824, 40.51922954243831], [111.83144938309606, 40.51922954243831], [111.83144938309606, 40.518870216324665], [111.83216803532335, 40.518870216324665], [111.83216803532335, 40.51904987938149], [111.832527361437, 40.51904987938149], [111.832527361437, 40.51922954243831], [111.83270702449381, 40.51922954243831], [111.83270702449381, 40.51958886855196], [111.832527361437, 40.51958886855196], [111.832527361437, 40.51994819466561], [111.83234769838018, 40.51994819466561], [111.83234769838018, 40.52012785772243], [111.83216803532335, 40.52012785772243], [111.83216803532335, 40.520307520779255], [111.83198837226652, 40.520307520779255], [111.83198837226652, 40.5206668468929], [111.8318087092097, 40.5206668468929], [111.8318087092097, 40.52120583606337], [111.83162904615288, 40.52120583606337], [111.83162904615288, 40.5213854991202], [111.83144938309606, 40.5213854991202], [111.83144938309606, 40.521565162177026], [111.83126972003923, 40.521565162177026], [111.83126972003923, 40.52192448829067], [111.8310900569824, 40.52192448829067], [111.8310900569824, 40.52210415134749], [111.83091039392558, 40.52210415134749]], [[111.82983241558463, 40.52012785772243], [111.82965275252782, 40.52012785772243], [111.82965275252782, 40.51994819466561], [111.82983241558463, 40.51994819466561], [111.82983241558463, 40.52012785772243]], [[111.83162904615288, 40.520307520779255], [111.83144938309606, 40.520307520779255], [111.83144938309606, 40.52012785772243], [111.83162904615288, 40.52012785772243], [111.83162904615288, 40.520307520779255]], [[111.83037140475511, 40.521565162177026], [111.83019174169829, 40.521565162177026], [111.83019174169829, 40.5213854991202], [111.83037140475511, 40.5213854991202], [111.83037140475511, 40.521565162177026]]]}, "properties": {"name": "cand16", "ptype": "hall", "confidence": "low", "rank": 16, "area_ha": 10.8, "rise_db": 12.0, "digitised_from": "Sentinel-1 VV rise 2021->2026, orbit 113"}}, {"type": "Feature", "geometry": {"geodesic": false, "type": "Polygon", "coordinates": [[[111.82893410030051, 40.50323953038099], [111.82893410030051, 40.50305986732416], [111.82821544807322, 40.50305986732416], [111.82821544807322, 40.502880204267335], [111.82767645890276, 40.502880204267335], [111.82767645890276, 40.502700541210515], [111.8273171327891, 40.502700541210515], [111.8273171327891, 40.50252087815369], [111.82659848056181, 40.50252087815369], [111.82659848056181, 40.50234121509686], [111.82587982833451, 40.50234121509686], [111.82587982833451, 40.50216155204004], [111.82552050222087, 40.50216155204004], [111.82552050222087, 40.50198188898322], [111.82516117610722, 40.50198188898322], [111.82516117610722, 40.50162256286957], [111.82534083916404, 40.50162256286957], [111.82534083916404, 40.5010835736991], [111.8257001652777, 40.5010835736991], [111.8257001652777, 40.50090391064227], [111.82605949139133, 40.50090391064227], [111.82605949139133, 40.50018525841498], [111.82623915444816, 40.50018525841498], [111.82623915444816, 40.500005595358154], [111.82641881750499, 40.500005595358154], [111.82641881750499, 40.50018525841498], [111.82659848056181, 40.50018525841498], [111.82659848056181, 40.5003649214718], [111.8273171327891, 40.5003649214718], [111.8273171327891, 40.500544584528626], [111.8280357850164, 40.500544584528626], [111.8280357850164, 40.50072424758545], [111.82875443724369, 40.50072424758545], [111.82875443724369, 40.50090391064227], [111.82893410030051, 40.50090391064227], [111.82893410030051, 40.501263236755925], [111.82911376335734, 40.501263236755925], [111.82911376335734, 40.501442899812744], [111.829473089471, 40.501442899812744], [111.829473089471, 40.50180222592639], [111.82929342641417, 40.50180222592639], [111.82929342641417, 40.50198188898322], [111.82965275252782, 40.50198188898322], [111.82965275252782, 40.50216155204004], [111.82983241558463, 40.50216155204004], [111.82983241558463, 40.50252087815369], [111.82965275252782, 40.50252087815369], [111.82965275252782, 40.502880204267335], [111.829473089471, 40.502880204267335], [111.829473089471, 40.50305986732416], [111.82929342641417, 40.50305986732416], [111.82929342641417, 40.50323953038099], [111.82893410030051, 40.50323953038099]], [[111.82839511113005, 40.501263236755925], [111.8280357850164, 40.501263236755925], [111.8280357850164, 40.5010835736991], [111.82839511113005, 40.5010835736991], [111.82839511113005, 40.501263236755925]]]}, "properties": {"name": "cand17", "ptype": "hall", "confidence": "low", "rank": 17, "area_ha": 10.4, "rise_db": 14.1, "digitised_from": "Sentinel-1 VV rise 2021->2026, orbit 113"}}, {"type": "Feature", "geometry": {"geodesic": false, "type": "Polygon", "coordinates": [[[111.80521857679976, 40.547256979302844], [111.80521857679976, 40.54707731624602], [111.8046795876293, 40.54707731624602], [111.8046795876293, 40.547256979302844], [111.80449992457247, 40.547256979302844], [111.80449992457247, 40.54707731624602], [111.8046795876293, 40.54707731624602], [111.8046795876293, 40.54689765318919], [111.80449992457247, 40.54689765318919], [111.80449992457247, 40.54635866401872], [111.8046795876293, 40.54635866401872], [111.8046795876293, 40.5461790009619], [111.80485925068612, 40.5461790009619], [111.80485925068612, 40.54581967484825], [111.80503891374293, 40.54581967484825], [111.80503891374293, 40.54564001179143], [111.80485925068612, 40.54564001179143], [111.80485925068612, 40.5454603487346], [111.80503891374293, 40.5454603487346], [111.80503891374293, 40.54528068567778], [111.80557790291341, 40.54528068567778], [111.80557790291341, 40.545101022620955], [111.80593722902707, 40.545101022620955], [111.80593722902707, 40.54528068567778], [111.80575756597024, 40.54528068567778], [111.80575756597024, 40.5454603487346], [111.80593722902707, 40.5454603487346], [111.80593722902707, 40.54564001179143], [111.80539823985659, 40.54564001179143], [111.80539823985659, 40.54581967484825], [111.80557790291341, 40.54581967484825], [111.80557790291341, 40.5461790009619], [111.80575756597024, 40.5461790009619], [111.80575756597024, 40.54581967484825], [111.80611689208388, 40.54581967484825], [111.80611689208388, 40.5454603487346], [111.8062965551407, 40.5454603487346], [111.8062965551407, 40.545101022620955], [111.80611689208388, 40.545101022620955], [111.80611689208388, 40.54492135956413], [111.80575756597024, 40.54492135956413], [111.80575756597024, 40.544382370393656], [111.80557790291341, 40.544382370393656], [111.80557790291341, 40.54420270733684], [111.80575756597024, 40.54420270733684], [111.80575756597024, 40.54402304428001], [111.80593722902707, 40.54402304428001], [111.80593722902707, 40.54420270733684], [111.80611689208388, 40.54420270733684], [111.80611689208388, 40.54402304428001], [111.80665588125436, 40.54402304428001], [111.80665588125436, 40.54420270733684], [111.80719487042482, 40.54420270733684], [111.80719487042482, 40.54402304428001], [111.80755419653848, 40.54402304428001], [111.80755419653848, 40.54384338122318], [111.8077338595953, 40.54384338122318], [111.8077338595953, 40.54402304428001], [111.80755419653848, 40.54402304428001], [111.80755419653848, 40.54420270733684], [111.8077338595953, 40.54420270733684], [111.8077338595953, 40.54456203345048], [111.807015207368, 40.54456203345048], [111.807015207368, 40.544382370393656], [111.80683554431118, 40.544382370393656], [111.80683554431118, 40.54456203345048], [111.80665588125436, 40.54456203345048], [111.80665588125436, 40.54474169650731], [111.8062965551407, 40.54474169650731], [111.8062965551407, 40.54492135956413], [111.80647621819753, 40.54492135956413], [111.80647621819753, 40.54528068567778], [111.80665588125436, 40.54528068567778], [111.80665588125436, 40.54564001179143], [111.807015207368, 40.54564001179143], [111.807015207368, 40.54599933790507], [111.80719487042482, 40.54599933790507], [111.80719487042482, 40.54581967484825], [111.8077338595953, 40.54581967484825], [111.8077338595953, 40.54564001179143], [111.80791352265213, 40.54564001179143], [111.80791352265213, 40.54581967484825], [111.80809318570894, 40.54581967484825], [111.80809318570894, 40.5454603487346], [111.80827284876577, 40.5454603487346], [111.80827284876577, 40.54492135956413], [111.8084525118226, 40.54492135956413], [111.8084525118226, 40.54474169650731], [111.80863217487942, 40.54474169650731], [111.80863217487942, 40.54492135956413], [111.80899150099306, 40.54492135956413], [111.80899150099306, 40.545101022620955], [111.80953049016354, 40.545101022620955], [111.80953049016354, 40.54456203345048], [111.80971015322037, 40.54456203345048], [111.80971015322037, 40.544382370393656], [111.810069479334, 40.544382370393656], [111.810069479334, 40.545101022620955], [111.80988981627719, 40.545101022620955], [111.80988981627719, 40.54528068567778], [111.80953049016354, 40.54528068567778], [111.80953049016354, 40.5454603487346], [111.80971015322037, 40.5454603487346], [111.80971015322037, 40.54581967484825], [111.80953049016354, 40.54581967484825], [111.80953049016354, 40.54564001179143], [111.80935082710671, 40.54564001179143], [111.80935082710671, 40.54581967484825], [111.80917116404989, 40.54581967484825], [111.80917116404989, 40.54599933790507], [111.80881183793625, 40.54599933790507], [111.80881183793625, 40.54564001179143], [111.8084525118226, 40.54564001179143], [111.8084525118226, 40.54581967484825], [111.80827284876577, 40.54581967484825], [111.80827284876577, 40.5461790009619], [111.80863217487942, 40.5461790009619], [111.80863217487942, 40.54635866401872], [111.80809318570894, 40.54635866401872], [111.80809318570894, 40.546538327075545], [111.80737453348165, 40.546538327075545], [111.80737453348165, 40.54689765318919], [111.80683554431118, 40.54689765318919], [111.80683554431118, 40.546538327075545], [111.80665588125436, 40.546538327075545], [111.80665588125436, 40.54671799013237], [111.80647621819753, 40.54671799013237], [111.80647621819753, 40.54689765318919], [111.80575756597024, 40.54689765318919], [111.80575756597024, 40.54707731624602], [111.80557790291341, 40.54707731624602], [111.80557790291341, 40.547256979302844], [111.80521857679976, 40.547256979302844]], [[111.80539823985659, 40.54599933790507], [111.80521857679976, 40.54599933790507], [111.80521857679976, 40.54581967484825], [111.80539823985659, 40.54581967484825], [111.80539823985659, 40.54599933790507]], [[111.80521857679976, 40.5461790009619], [111.80503891374293, 40.5461790009619], [111.80503891374293, 40.54599933790507], [111.80521857679976, 40.54599933790507], [111.80521857679976, 40.5461790009619]], [[111.80737453348165, 40.5461790009619], [111.80719487042482, 40.5461790009619], [111.80719487042482, 40.54599933790507], [111.80737453348165, 40.54599933790507], [111.80737453348165, 40.5461790009619]], [[111.80809318570894, 40.54635866401872], [111.8077338595953, 40.54635866401872], [111.8077338595953, 40.5461790009619], [111.80809318570894, 40.5461790009619], [111.80809318570894, 40.54635866401872]], [[111.807015207368, 40.546538327075545], [111.80683554431118, 40.546538327075545], [111.80683554431118, 40.54635866401872], [111.8062965551407, 40.54635866401872], [111.8062965551407, 40.5461790009619], [111.80611689208388, 40.5461790009619], [111.80611689208388, 40.54581967484825], [111.80683554431118, 40.54581967484825], [111.80683554431118, 40.54599933790507], [111.80665588125436, 40.54599933790507], [111.80665588125436, 40.5461790009619], [111.80719487042482, 40.5461790009619], [111.80719487042482, 40.54635866401872], [111.807015207368, 40.54635866401872], [111.807015207368, 40.546538327075545]], [[111.80557790291341, 40.54689765318919], [111.80503891374293, 40.54689765318919], [111.80503891374293, 40.54671799013237], [111.80485925068612, 40.54671799013237], [111.80485925068612, 40.5461790009619], [111.80503891374293, 40.5461790009619], [111.80503891374293, 40.54635866401872], [111.80521857679976, 40.54635866401872], [111.80521857679976, 40.546538327075545], [111.80557790291341, 40.546538327075545], [111.80557790291341, 40.54689765318919]]]}, "properties": {"name": "cand18", "ptype": "hall", "confidence": "low", "rank": 18, "area_ha": 8.0, "rise_db": 8.5, "digitised_from": "Sentinel-1 VV rise 2021->2026, orbit 113"}}, {"type": "Feature", "geometry": {"geodesic": false, "type": "Polygon", "coordinates": [[[111.83953422065314, 40.556060469087214], [111.83953422065314, 40.55570114297357], [111.83881556842583, 40.55570114297357], [111.83881556842583, 40.55552147991674], [111.838635905369, 40.55552147991674], [111.838635905369, 40.555341816859915], [111.83773759008488, 40.555341816859915], [111.83773759008488, 40.55552147991674], [111.83755792702807, 40.55552147991674], [111.83755792702807, 40.555162153803096], [111.83737826397125, 40.555162153803096], [111.83737826397125, 40.55498249074627], [111.83719860091442, 40.55498249074627], [111.83719860091442, 40.55480282768944], [111.83737826397125, 40.55480282768944], [111.83737826397125, 40.5544435015758], [111.83683927480077, 40.5544435015758], [111.83683927480077, 40.55426383851897], [111.83665961174394, 40.55426383851897], [111.83665961174394, 40.553904512405325], [111.83683927480077, 40.553904512405325], [111.83683927480077, 40.553724849348505], [111.8370189378576, 40.553724849348505], [111.8370189378576, 40.55336552323485], [111.83737826397125, 40.55336552323485], [111.83737826397125, 40.55318586017803], [111.83773759008488, 40.55318586017803], [111.83773759008488, 40.553006197121206], [111.83809691619854, 40.553006197121206], [111.83809691619854, 40.55264687100756], [111.83827657925536, 40.55264687100756], [111.83827657925536, 40.552467207950734], [111.83845624231219, 40.552467207950734], [111.83845624231219, 40.55354518629168], [111.83917489453948, 40.55354518629168], [111.83917489453948, 40.553724849348505], [111.83935455759631, 40.553724849348505], [111.83935455759631, 40.55408417546215], [111.83971388370995, 40.55408417546215], [111.83971388370995, 40.553904512405325], [111.83989354676677, 40.553904512405325], [111.83989354676677, 40.55408417546215], [111.8400732098236, 40.55408417546215], [111.8400732098236, 40.553904512405325], [111.84043253593725, 40.553904512405325], [111.84043253593725, 40.55408417546215], [111.84061219899407, 40.55408417546215], [111.84061219899407, 40.5544435015758], [111.84043253593725, 40.5544435015758], [111.84043253593725, 40.55462316463262], [111.8400732098236, 40.55462316463262], [111.8400732098236, 40.55480282768944], [111.83989354676677, 40.55480282768944], [111.83989354676677, 40.555162153803096], [111.83971388370995, 40.555162153803096], [111.83971388370995, 40.555341816859915], [111.83989354676677, 40.555341816859915], [111.83989354676677, 40.55570114297357], [111.83971388370995, 40.55570114297357], [111.83971388370995, 40.556060469087214], [111.83953422065314, 40.556060469087214]], [[111.83755792702807, 40.55408417546215], [111.8370189378576, 40.55408417546215], [111.8370189378576, 40.553904512405325], [111.83719860091442, 40.553904512405325], [111.83719860091442, 40.553724849348505], [111.83737826397125, 40.553724849348505], [111.83737826397125, 40.553904512405325], [111.83755792702807, 40.553904512405325], [111.83755792702807, 40.55408417546215]], [[111.83953422065314, 40.55480282768944], [111.83899523148266, 40.55480282768944], [111.83899523148266, 40.55462316463262], [111.83881556842583, 40.55462316463262], [111.83881556842583, 40.5544435015758], [111.83935455759631, 40.5544435015758], [111.83935455759631, 40.55462316463262], [111.83953422065314, 40.55462316463262], [111.83953422065314, 40.55480282768944]]]}, "properties": {"name": "cand19", "ptype": "hall", "confidence": "low", "rank": 19, "area_ha": 7.6, "rise_db": 11.1, "digitised_from": "Sentinel-1 VV rise 2021->2026, orbit 113"}}, {"type": "Feature", "geometry": {"geodesic": false, "type": "Polygon", "coordinates": [[[111.83594095951665, 40.542945065939065], [111.83594095951665, 40.54240607676859], [111.8363002856303, 40.54240607676859], [111.8363002856303, 40.54204675065495], [111.83612062257347, 40.54204675065495], [111.83612062257347, 40.542226413711774], [111.83576129645982, 40.542226413711774], [111.83576129645982, 40.54204675065495], [111.83540197034618, 40.54204675065495], [111.83540197034618, 40.54186708759812], [111.83504264423253, 40.54186708759812], [111.83504264423253, 40.5416874245413], [111.83522230728936, 40.5416874245413], [111.83522230728936, 40.541328098427655], [111.83594095951665, 40.541328098427655], [111.83594095951665, 40.54114843537083], [111.83558163340301, 40.54114843537083], [111.83558163340301, 40.540968772314], [111.83540197034618, 40.540968772314], [111.83540197034618, 40.54078910925718], [111.83468331811888, 40.54078910925718], [111.83468331811888, 40.540968772314], [111.83432399200524, 40.540968772314], [111.83432399200524, 40.54078910925718], [111.83468331811888, 40.54078910925718], [111.83468331811888, 40.54060944620036], [111.83450365506206, 40.54060944620036], [111.83450365506206, 40.540070457029884], [111.83468331811888, 40.540070457029884], [111.83468331811888, 40.53989079397306], [111.83504264423253, 40.53989079397306], [111.83504264423253, 40.540070457029884], [111.83558163340301, 40.540070457029884], [111.83558163340301, 40.53989079397306], [111.83540197034618, 40.53989079397306], [111.83540197034618, 40.53953146785941], [111.83522230728936, 40.53953146785941], [111.83522230728936, 40.53935180480259], [111.83540197034618, 40.53935180480259], [111.83540197034618, 40.539172141745766], [111.83612062257347, 40.539172141745766], [111.83612062257347, 40.53935180480259], [111.83647994868713, 40.53935180480259], [111.83647994868713, 40.539172141745766], [111.83683927480077, 40.539172141745766], [111.83683927480077, 40.53935180480259], [111.8370189378576, 40.53935180480259], [111.8370189378576, 40.53953146785941], [111.83719860091442, 40.53953146785941], [111.83719860091442, 40.540070457029884], [111.8370189378576, 40.540070457029884], [111.8370189378576, 40.54025012008671], [111.83683927480077, 40.54025012008671], [111.83683927480077, 40.54060944620036], [111.8370189378576, 40.54060944620036], [111.8370189378576, 40.54042978314353], [111.83719860091442, 40.54042978314353], [111.83719860091442, 40.54025012008671], [111.83773759008488, 40.54025012008671], [111.83773759008488, 40.54060944620036], [111.83755792702807, 40.54060944620036], [111.83755792702807, 40.54078910925718], [111.83737826397125, 40.54078910925718], [111.83737826397125, 40.541328098427655], [111.83719860091442, 40.541328098427655], [111.83719860091442, 40.541507761484475], [111.8370189378576, 40.541507761484475], [111.8370189378576, 40.54186708759812], [111.83683927480077, 40.54186708759812], [111.83683927480077, 40.542226413711774], [111.83665961174394, 40.542226413711774], [111.83665961174394, 40.54240607676859], [111.8370189378576, 40.54240607676859], [111.8370189378576, 40.542765402882246], [111.83665961174394, 40.542765402882246], [111.83665961174394, 40.54258573982542], [111.83647994868713, 40.54258573982542], [111.83647994868713, 40.542945065939065], [111.83594095951665, 40.542945065939065]], [[111.83665961174394, 40.53971113091624], [111.83647994868713, 40.53971113091624], [111.83647994868713, 40.53935180480259], [111.83665961174394, 40.53935180480259], [111.83665961174394, 40.53971113091624]], [[111.8348629811757, 40.54042978314353], [111.83468331811888, 40.54042978314353], [111.83468331811888, 40.540070457029884], [111.8348629811757, 40.540070457029884], [111.8348629811757, 40.54042978314353]], [[111.83558163340301, 40.54060944620036], [111.83522230728936, 40.54060944620036], [111.83522230728936, 40.54042978314353], [111.83558163340301, 40.54042978314353], [111.83558163340301, 40.54060944620036]], [[111.8363002856303, 40.54060944620036], [111.83612062257347, 40.54060944620036], [111.83612062257347, 40.54042978314353], [111.8363002856303, 40.54042978314353], [111.8363002856303, 40.54060944620036]], [[111.83683927480077, 40.540968772314], [111.83612062257347, 40.540968772314], [111.83612062257347, 40.54078910925718], [111.83665961174394, 40.54078910925718], [111.83665961174394, 40.54060944620036], [111.83683927480077, 40.54060944620036], [111.83683927480077, 40.540968772314]], [[111.83719860091442, 40.540968772314], [111.8370189378576, 40.540968772314], [111.8370189378576, 40.54078910925718], [111.83719860091442, 40.54078910925718], [111.83719860091442, 40.540968772314]], [[111.83665961174394, 40.541507761484475], [111.8363002856303, 40.541507761484475], [111.8363002856303, 40.541328098427655], [111.83665961174394, 40.541328098427655], [111.83665961174394, 40.541507761484475]]]}, "properties": {"name": "cand20", "ptype": "hall", "confidence": "low", "rank": 20, "area_ha": 7.5, "rise_db": 8.5, "digitised_from": "Sentinel-1 VV rise 2021->2026, orbit 113"}}, {"type": "Feature", "geometry": {"geodesic": false, "type": "Polygon", "coordinates": [[[111.79300148893574, 40.542945065939065], [111.79300148893574, 40.542765402882246], [111.79282182587892, 40.542765402882246], [111.79282182587892, 40.54240607676859], [111.79300148893574, 40.54240607676859], [111.79300148893574, 40.542226413711774], [111.79282182587892, 40.542226413711774], [111.79282182587892, 40.541507761484475], [111.79300148893574, 40.541507761484475], [111.79300148893574, 40.541328098427655], [111.79318115199256, 40.541328098427655], [111.79318115199256, 40.540968772314], [111.79336081504938, 40.540968772314], [111.79336081504938, 40.54114843537083], [111.79354047810621, 40.54114843537083], [111.79354047810621, 40.541328098427655], [111.79372014116304, 40.541328098427655], [111.79372014116304, 40.541507761484475], [111.79354047810621, 40.541507761484475], [111.79354047810621, 40.5416874245413], [111.79318115199256, 40.5416874245413], [111.79318115199256, 40.542226413711774], [111.79354047810621, 40.542226413711774], [111.79354047810621, 40.54240607676859], [111.79372014116304, 40.54240607676859], [111.79372014116304, 40.542226413711774], [111.79389980421986, 40.542226413711774], [111.79389980421986, 40.54186708759812], [111.79407946727667, 40.54186708759812], [111.79407946727667, 40.541507761484475], [111.7942591303335, 40.541507761484475], [111.7942591303335, 40.54114843537083], [111.79407946727667, 40.54114843537083], [111.79407946727667, 40.540968772314], [111.7942591303335, 40.540968772314], [111.7942591303335, 40.54078910925718], [111.79443879339033, 40.54078910925718], [111.79443879339033, 40.54060944620036], [111.7942591303335, 40.54060944620036], [111.7942591303335, 40.54025012008671], [111.79389980421986, 40.54025012008671], [111.79389980421986, 40.540070457029884], [111.79354047810621, 40.540070457029884], [111.79354047810621, 40.53989079397306], [111.79336081504938, 40.53989079397306], [111.79336081504938, 40.53971113091624], [111.79300148893574, 40.53971113091624], [111.79300148893574, 40.53953146785941], [111.79264216282209, 40.53953146785941], [111.79264216282209, 40.539172141745766], [111.79318115199256, 40.539172141745766], [111.79318115199256, 40.53935180480259], [111.79389980421986, 40.53935180480259], [111.79389980421986, 40.53953146785941], [111.7942591303335, 40.53953146785941], [111.7942591303335, 40.53971113091624], [111.79443879339033, 40.53971113091624], [111.79443879339033, 40.53989079397306], [111.79461845644715, 40.53989079397306], [111.79461845644715, 40.53971113091624], [111.79479811950398, 40.53971113091624], [111.79479811950398, 40.53989079397306], [111.79551677173127, 40.53989079397306], [111.79551677173127, 40.54025012008671], [111.7956964347881, 40.54025012008671], [111.7956964347881, 40.540070457029884], [111.79587609784492, 40.540070457029884], [111.79587609784492, 40.54025012008671], [111.79659475007222, 40.54025012008671], [111.79659475007222, 40.540968772314], [111.79641508701539, 40.540968772314], [111.79641508701539, 40.541507761484475], [111.79623542395856, 40.541507761484475], [111.79623542395856, 40.5416874245413], [111.79515744561762, 40.5416874245413], [111.79515744561762, 40.541507761484475], [111.79479811950398, 40.541507761484475], [111.79479811950398, 40.54114843537083], [111.7949777825608, 40.54114843537083], [111.7949777825608, 40.540968772314], [111.79515744561762, 40.540968772314], [111.79515744561762, 40.54078910925718], [111.7949777825608, 40.54078910925718], [111.7949777825608, 40.54060944620036], [111.79461845644715, 40.54060944620036], [111.79461845644715, 40.54078910925718], [111.79479811950398, 40.54078910925718], [111.79479811950398, 40.540968772314], [111.79461845644715, 40.540968772314], [111.79461845644715, 40.541328098427655], [111.79443879339033, 40.541328098427655], [111.79443879339033, 40.54204675065495], [111.7942591303335, 40.54204675065495], [111.7942591303335, 40.54240607676859], [111.79407946727667, 40.54240607676859], [111.79407946727667, 40.54258573982542], [111.79389980421986, 40.54258573982542], [111.79389980421986, 40.542765402882246], [111.79336081504938, 40.542765402882246], [111.79336081504938, 40.542945065939065], [111.79300148893574, 40.542945065939065]], [[111.79443879339033, 40.54025012008671], [111.7942591303335, 40.54025012008671], [111.7942591303335, 40.540070457029884], [111.79443879339033, 40.540070457029884], [111.79443879339033, 40.54025012008671]], [[111.79623542395856, 40.541328098427655], [111.79605576090174, 40.541328098427655], [111.79605576090174, 40.54114843537083], [111.79623542395856, 40.54114843537083], [111.79623542395856, 40.541328098427655]]]}, "properties": {"name": "cand21", "ptype": "hall", "confidence": "low", "rank": 21, "area_ha": 7.0, "rise_db": 8.8, "digitised_from": "Sentinel-1 VV rise 2021->2026, orbit 113"}}, {"type": "Feature", "geometry": {"geodesic": false, "type": "Polygon", "coordinates": [[[111.84204950344866, 40.54240607676859], [111.84204950344866, 40.542226413711774], [111.84186984039184, 40.542226413711774], [111.84186984039184, 40.54186708759812], [111.84169017733501, 40.54186708759812], [111.84169017733501, 40.54204675065495], [111.84115118816455, 40.54204675065495], [111.84115118816455, 40.54186708759812], [111.84061219899407, 40.54186708759812], [111.84061219899407, 40.54204675065495], [111.84043253593725, 40.54204675065495], [111.84043253593725, 40.542226413711774], [111.84025287288043, 40.542226413711774], [111.84025287288043, 40.54186708759812], [111.8400732098236, 40.54186708759812], [111.8400732098236, 40.5416874245413], [111.83935455759631, 40.5416874245413], [111.83935455759631, 40.541507761484475], [111.838635905369, 40.541507761484475], [111.838635905369, 40.541328098427655], [111.83827657925536, 40.541328098427655], [111.83827657925536, 40.540968772314], [111.83845624231219, 40.540968772314], [111.83845624231219, 40.54025012008671], [111.83881556842583, 40.54025012008671], [111.83881556842583, 40.540070457029884], [111.83899523148266, 40.540070457029884], [111.83899523148266, 40.53989079397306], [111.83971388370995, 40.53989079397306], [111.83971388370995, 40.54025012008671], [111.84061219899407, 40.54025012008671], [111.84061219899407, 40.54042978314353], [111.84097152510772, 40.54042978314353], [111.84097152510772, 40.54060944620036], [111.84115118816455, 40.54060944620036], [111.84115118816455, 40.540968772314], [111.84133085122137, 40.540968772314], [111.84133085122137, 40.541328098427655], [111.84169017733501, 40.541328098427655], [111.84169017733501, 40.5416874245413], [111.84222916650549, 40.5416874245413], [111.84222916650549, 40.541507761484475], [111.84258849261913, 40.541507761484475], [111.84258849261913, 40.54186708759812], [111.84240882956232, 40.54186708759812], [111.84240882956232, 40.54240607676859], [111.84204950344866, 40.54240607676859]]]}, "properties": {"name": "cand22", "ptype": "hall", "confidence": "low", "rank": 22, "area_ha": 6.4, "rise_db": 12.8, "digitised_from": "Sentinel-1 VV rise 2021->2026, orbit 113"}}, {"type": "Feature", "geometry": {"geodesic": false, "type": "Polygon", "coordinates": [[[111.84959535183526, 40.565402948042056], [111.84959535183526, 40.564863958871584], [111.85013434100574, 40.564863958871584], [111.85013434100574, 40.56468429581476], [111.84941568877845, 40.56468429581476], [111.84941568877845, 40.564863958871584], [111.84923602572162, 40.564863958871584], [111.84923602572162, 40.56522328498523], [111.84851737349432, 40.56522328498523], [111.84851737349432, 40.56504362192841], [111.84797838432385, 40.56504362192841], [111.84797838432385, 40.564863958871584], [111.84743939515339, 40.564863958871584], [111.84743939515339, 40.56450463275794], [111.8476190582102, 40.56450463275794], [111.8476190582102, 40.564145306644285], [111.84815804738068, 40.564145306644285], [111.84815804738068, 40.563965643587466], [111.84869703655114, 40.563965643587466], [111.84869703655114, 40.56342665441699], [111.84851737349432, 40.56342665441699], [111.84851737349432, 40.56324699136017], [111.8483377104375, 40.56324699136017], [111.8483377104375, 40.56306732830335], [111.84851737349432, 40.56306732830335], [111.84851737349432, 40.562708002189694], [111.84869703655114, 40.562708002189694], [111.84869703655114, 40.562528339132875], [111.84887669960797, 40.562528339132875], [111.84887669960797, 40.56234867607605], [111.8490563626648, 40.56234867607605], [111.8490563626648, 40.562528339132875], [111.84923602572162, 40.562528339132875], [111.84923602572162, 40.56288766524652], [111.8490563626648, 40.56288766524652], [111.8490563626648, 40.56306732830335], [111.84923602572162, 40.56306732830335], [111.84923602572162, 40.56324699136017], [111.84977501489209, 40.56324699136017], [111.84977501489209, 40.56288766524652], [111.85031400406257, 40.56288766524652], [111.85031400406257, 40.56360631747382], [111.85085299323303, 40.56360631747382], [111.85085299323303, 40.56378598053064], [111.85103265628986, 40.56378598053064], [111.85103265628986, 40.56360631747382], [111.85121231934669, 40.56360631747382], [111.85121231934669, 40.564145306644285], [111.85103265628986, 40.564145306644285], [111.85103265628986, 40.56432496970111], [111.85085299323303, 40.56432496970111], [111.85085299323303, 40.564145306644285], [111.8506733301762, 40.564145306644285], [111.8506733301762, 40.56450463275794], [111.85103265628986, 40.56450463275794], [111.85103265628986, 40.564863958871584], [111.85013434100574, 40.564863958871584], [111.85013434100574, 40.56522328498523], [111.84977501489209, 40.56522328498523], [111.84977501489209, 40.565402948042056], [111.84959535183526, 40.565402948042056]], [[111.84995467794892, 40.563965643587466], [111.84977501489209, 40.563965643587466], [111.84977501489209, 40.56378598053064], [111.84995467794892, 40.56378598053064], [111.84995467794892, 40.563965643587466]], [[111.84941568877845, 40.564145306644285], [111.8490563626648, 40.564145306644285], [111.8490563626648, 40.563965643587466], [111.84923602572162, 40.563965643587466], [111.84923602572162, 40.56360631747382], [111.84941568877845, 40.56360631747382], [111.84941568877845, 40.564145306644285]], [[111.85031400406257, 40.56450463275794], [111.85013434100574, 40.56450463275794], [111.85013434100574, 40.56432496970111], [111.85031400406257, 40.56432496970111], [111.85031400406257, 40.56450463275794]], [[111.8490563626648, 40.564863958871584], [111.84887669960797, 40.564863958871584], [111.84887669960797, 40.56468429581476], [111.8483377104375, 40.56468429581476], [111.8483377104375, 40.56450463275794], [111.84797838432385, 40.56450463275794], [111.84797838432385, 40.56432496970111], [111.84815804738068, 40.56432496970111], [111.84815804738068, 40.564145306644285], [111.84851737349432, 40.564145306644285], [111.84851737349432, 40.56432496970111], [111.84869703655114, 40.56432496970111], [111.84869703655114, 40.56450463275794], [111.8490563626648, 40.56450463275794], [111.8490563626648, 40.564863958871584]]]}, "properties": {"name": "cand23", "ptype": "hall", "confidence": "low", "rank": 23, "area_ha": 6.3, "rise_db": 11.9, "digitised_from": "Sentinel-1 VV rise 2021->2026, orbit 113"}}, {"type": "Feature", "geometry": {"geodesic": false, "type": "Polygon", "coordinates": [[[111.84743939515339, 40.57312845948548], [111.84743939515339, 40.57294879642866], [111.84708006903973, 40.57294879642866], [111.84708006903973, 40.572769133371835], [111.84690040598291, 40.572769133371835], [111.84690040598291, 40.57258947031501], [111.84672074292608, 40.57258947031501], [111.84672074292608, 40.57223014420136], [111.84618175375562, 40.57223014420136], [111.84618175375562, 40.57205048114454], [111.84600209069879, 40.57205048114454], [111.84600209069879, 40.57169115503089], [111.84636141681244, 40.57169115503089], [111.84636141681244, 40.57151149197407], [111.84600209069879, 40.57151149197407], [111.84600209069879, 40.57115216586042], [111.84672074292608, 40.57115216586042], [111.84672074292608, 40.57079283974677], [111.84690040598291, 40.57079283974677], [111.84690040598291, 40.570613176689946], [111.84708006903973, 40.570613176689946], [111.84708006903973, 40.5702538505763], [111.8476190582102, 40.5702538505763], [111.8476190582102, 40.57043351363313], [111.84851737349432, 40.57043351363313], [111.84851737349432, 40.570613176689946], [111.84869703655114, 40.570613176689946], [111.84869703655114, 40.57079283974677], [111.84851737349432, 40.57079283974677], [111.84851737349432, 40.5709725028036], [111.8490563626648, 40.5709725028036], [111.8490563626648, 40.57115216586042], [111.84887669960797, 40.57115216586042], [111.84887669960797, 40.571331828917245], [111.84869703655114, 40.571331828917245], [111.84869703655114, 40.57151149197407], [111.84887669960797, 40.57151149197407], [111.84887669960797, 40.57169115503089], [111.84869703655114, 40.57169115503089], [111.84869703655114, 40.57187081808772], [111.84815804738068, 40.57187081808772], [111.84815804738068, 40.57169115503089], [111.84797838432385, 40.57169115503089], [111.84797838432385, 40.57187081808772], [111.84779872126703, 40.57187081808772], [111.84779872126703, 40.57205048114454], [111.8476190582102, 40.57205048114454], [111.8476190582102, 40.57240980725819], [111.84797838432385, 40.57240980725819], [111.84797838432385, 40.57258947031501], [111.84815804738068, 40.57258947031501], [111.84815804738068, 40.57312845948548], [111.84743939515339, 40.57312845948548]], [[111.84743939515339, 40.571331828917245], [111.84725973209656, 40.571331828917245], [111.84725973209656, 40.5709725028036], [111.84779872126703, 40.5709725028036], [111.84779872126703, 40.57115216586042], [111.84743939515339, 40.57115216586042], [111.84743939515339, 40.571331828917245]], [[111.84851737349432, 40.57151149197407], [111.8483377104375, 40.57151149197407], [111.8483377104375, 40.571331828917245], [111.84815804738068, 40.571331828917245], [111.84815804738068, 40.57115216586042], [111.84851737349432, 40.57115216586042], [111.84851737349432, 40.57151149197407]], [[111.84725973209656, 40.57169115503089], [111.84708006903973, 40.57169115503089], [111.84708006903973, 40.57151149197407], [111.84725973209656, 40.57151149197407], [111.84725973209656, 40.57169115503089]], [[111.84708006903973, 40.57187081808772], [111.84690040598291, 40.57187081808772], [111.84690040598291, 40.57169115503089], [111.84708006903973, 40.57169115503089], [111.84708006903973, 40.57187081808772]], [[111.8476190582102, 40.57205048114454], [111.84743939515339, 40.57205048114454], [111.84743939515339, 40.57187081808772], [111.8476190582102, 40.57187081808772], [111.8476190582102, 40.57205048114454]]]}, "properties": {"name": "cand24", "ptype": "hall", "confidence": "low", "rank": 24, "area_ha": 5.6, "rise_db": 11.0, "digitised_from": "Sentinel-1 VV rise 2021->2026, orbit 113"}}, {"type": "Feature", "geometry": {"geodesic": false, "type": "Polygon", "coordinates": [[[111.77719113993524, 40.495334355880736], [111.77719113993524, 40.49515469282391], [111.77701147687841, 40.49515469282391], [111.77701147687841, 40.494795366710264], [111.77719113993524, 40.494795366710264], [111.77719113993524, 40.49461570365344], [111.77701147687841, 40.49461570365344], [111.77701147687841, 40.49443604059661], [111.77665215076476, 40.49443604059661], [111.77665215076476, 40.494076714482965], [111.77719113993524, 40.494076714482965], [111.77719113993524, 40.49425637753979], [111.77755046604888, 40.49425637753979], [111.77755046604888, 40.494076714482965], [111.7777301291057, 40.494076714482965], [111.7777301291057, 40.49335806225567], [111.77790979216253, 40.49335806225567], [111.77790979216253, 40.49317839919885], [111.77808945521936, 40.49317839919885], [111.77808945521936, 40.49245974697155], [111.77826911827617, 40.49245974697155], [111.77826911827617, 40.4921004208579], [111.778448781333, 40.4921004208579], [111.778448781333, 40.491920757801076], [111.77880810744665, 40.491920757801076], [111.77880810744665, 40.4921004208579], [111.7791674335603, 40.4921004208579], [111.7791674335603, 40.49228008391473], [111.77970642273077, 40.49228008391473], [111.77970642273077, 40.49245974697155], [111.7798860857876, 40.49245974697155], [111.7798860857876, 40.49317839919885], [111.77970642273077, 40.49317839919885], [111.77970642273077, 40.49335806225567], [111.77952675967394, 40.49335806225567], [111.77952675967394, 40.49371738836932], [111.77826911827617, 40.49371738836932], [111.77826911827617, 40.494076714482965], [111.77808945521936, 40.494076714482965], [111.77808945521936, 40.49425637753979], [111.77826911827617, 40.49425637753979], [111.77826911827617, 40.49443604059661], [111.77808945521936, 40.49443604059661], [111.77808945521936, 40.49461570365344], [111.77790979216253, 40.49461570365344], [111.77790979216253, 40.494795366710264], [111.7777301291057, 40.494795366710264], [111.7777301291057, 40.495334355880736], [111.77719113993524, 40.495334355880736]]]}, "properties": {"name": "cand25", "ptype": "hall", "confidence": "low", "rank": 25, "area_ha": 5.1, "rise_db": 10.5, "digitised_from": "Sentinel-1 VV rise 2021->2026, orbit 113"}}, {"type": "Feature", "geometry": {"geodesic": false, "type": "Polygon", "coordinates": [[[111.7371262782635, 40.531266967245514], [111.7371262782635, 40.53108730418869], [111.73694661520668, 40.53108730418869], [111.73694661520668, 40.53072797807504], [111.73640762603621, 40.53072797807504], [111.73640762603621, 40.530548315018216], [111.73622796297938, 40.530548315018216], [111.73622796297938, 40.53072797807504], [111.73514998463844, 40.53072797807504], [111.73514998463844, 40.530548315018216], [111.73479065852479, 40.530548315018216], [111.73479065852479, 40.530368651961396], [111.73461099546797, 40.530368651961396], [111.73461099546797, 40.53000932584774], [111.73479065852479, 40.53000932584774], [111.73479065852479, 40.53018898890457], [111.73532964769527, 40.53018898890457], [111.73532964769527, 40.529829662790924], [111.73497032158161, 40.529829662790924], [111.73497032158161, 40.5296499997341], [111.73479065852479, 40.5296499997341], [111.73479065852479, 40.52947033667728], [111.73461099546797, 40.52947033667728], [111.73461099546797, 40.52929067362045], [111.73479065852479, 40.52929067362045], [111.73479065852479, 40.528931347506806], [111.73497032158161, 40.528931347506806], [111.73497032158161, 40.52875168444998], [111.73514998463844, 40.52875168444998], [111.73514998463844, 40.52857202139315], [111.73532964769527, 40.52857202139315], [111.73532964769527, 40.52875168444998], [111.7355093107521, 40.52875168444998], [111.7355093107521, 40.528931347506806], [111.73568897380892, 40.528931347506806], [111.73568897380892, 40.52875168444998], [111.73604829992256, 40.52875168444998], [111.73604829992256, 40.528931347506806], [111.73622796297938, 40.528931347506806], [111.73622796297938, 40.52929067362045], [111.73640762603621, 40.52929067362045], [111.73640762603621, 40.52947033667728], [111.73676695214985, 40.52947033667728], [111.73676695214985, 40.52929067362045], [111.7371262782635, 40.52929067362045], [111.7371262782635, 40.52947033667728], [111.73730594132033, 40.52947033667728], [111.73730594132033, 40.53000932584774], [111.7371262782635, 40.53000932584774], [111.7371262782635, 40.530548315018216], [111.73694661520668, 40.530548315018216], [111.73694661520668, 40.53072797807504], [111.73766526743398, 40.53072797807504], [111.73766526743398, 40.53108730418869], [111.73748560437716, 40.53108730418869], [111.73748560437716, 40.531266967245514], [111.7371262782635, 40.531266967245514]], [[111.7355093107521, 40.52947033667728], [111.73514998463844, 40.52947033667728], [111.73514998463844, 40.529111010563625], [111.73532964769527, 40.529111010563625], [111.73532964769527, 40.528931347506806], [111.7355093107521, 40.528931347506806], [111.7355093107521, 40.52947033667728]]]}, "properties": {"name": "cand26", "ptype": "hall", "confidence": "low", "rank": 26, "area_ha": 5.0, "rise_db": 11.6, "digitised_from": "Sentinel-1 VV rise 2021->2026, orbit 113"}}, {"type": "Feature", "geometry": {"geodesic": false, "type": "Polygon", "coordinates": [[[111.82228656719803, 40.56468429581476], [111.82228656719803, 40.56450463275794], [111.82210690414121, 40.56450463275794], [111.82210690414121, 40.56432496970111], [111.82156791497074, 40.56432496970111], [111.82156791497074, 40.564145306644285], [111.82138825191392, 40.564145306644285], [111.82138825191392, 40.56306732830335], [111.82174757802757, 40.56306732830335], [111.82174757802757, 40.56288766524652], [111.82192724108438, 40.56288766524652], [111.82192724108438, 40.562528339132875], [111.82228656719803, 40.562528339132875], [111.82228656719803, 40.56234867607605], [111.82246623025486, 40.56234867607605], [111.82246623025486, 40.56216901301922], [111.82264589331169, 40.56216901301922], [111.82264589331169, 40.56234867607605], [111.82300521942533, 40.56234867607605], [111.82300521942533, 40.562528339132875], [111.82372387165263, 40.562528339132875], [111.82372387165263, 40.562708002189694], [111.82408319776627, 40.562708002189694], [111.82408319776627, 40.56324699136017], [111.82390353470944, 40.56324699136017], [111.82390353470944, 40.56360631747382], [111.82372387165263, 40.56360631747382], [111.82372387165263, 40.56378598053064], [111.8235442085958, 40.56378598053064], [111.8235442085958, 40.56342665441699], [111.82336454553898, 40.56342665441699], [111.82336454553898, 40.56378598053064], [111.82318488248215, 40.56378598053064], [111.82318488248215, 40.563965643587466], [111.8228255563685, 40.563965643587466], [111.8228255563685, 40.564145306644285], [111.82318488248215, 40.564145306644285], [111.82318488248215, 40.56450463275794], [111.82300521942533, 40.56450463275794], [111.82300521942533, 40.56468429581476], [111.82228656719803, 40.56468429581476]], [[111.82336454553898, 40.56288766524652], [111.82318488248215, 40.56288766524652], [111.82318488248215, 40.562708002189694], [111.82336454553898, 40.562708002189694], [111.82336454553898, 40.56288766524652]], [[111.8228255563685, 40.56306732830335], [111.82246623025486, 40.56306732830335], [111.82246623025486, 40.56288766524652], [111.8228255563685, 40.56288766524652], [111.8228255563685, 40.56306732830335]], [[111.82246623025486, 40.563965643587466], [111.82210690414121, 40.563965643587466], [111.82210690414121, 40.56360631747382], [111.82228656719803, 40.56360631747382], [111.82228656719803, 40.56378598053064], [111.82246623025486, 40.56378598053064], [111.82246623025486, 40.563965643587466]], [[111.8228255563685, 40.56432496970111], [111.82264589331169, 40.56432496970111], [111.82264589331169, 40.564145306644285], [111.8228255563685, 40.564145306644285], [111.8228255563685, 40.56432496970111]]]}, "properties": {"name": "cand27", "ptype": "hall", "confidence": "low", "rank": 27, "area_ha": 5.0, "rise_db": 10.3, "digitised_from": "Sentinel-1 VV rise 2021->2026, orbit 113"}}, {"type": "Feature", "geometry": {"geodesic": false, "type": "Polygon", "coordinates": [[[111.81312375130001, 40.49497502976708], [111.81312375130001, 40.494795366710264], [111.81186610990225, 40.494795366710264], [111.81186610990225, 40.49461570365344], [111.81168644684543, 40.49461570365344], [111.81168644684543, 40.49425637753979], [111.81186610990225, 40.49425637753979], [111.81186610990225, 40.49335806225567], [111.81204577295907, 40.49335806225567], [111.81204577295907, 40.49317839919885], [111.8122254360159, 40.49317839919885], [111.8122254360159, 40.49299873614202], [111.81240509907272, 40.49299873614202], [111.81240509907272, 40.4928190730852], [111.81258476212955, 40.4928190730852], [111.81258476212955, 40.492639410028374], [111.81276442518637, 40.492639410028374], [111.81276442518637, 40.49245974697155], [111.81330341435684, 40.49245974697155], [111.81330341435684, 40.4928190730852], [111.81312375130001, 40.4928190730852], [111.81312375130001, 40.49299873614202], [111.81294408824319, 40.49299873614202], [111.81294408824319, 40.49335806225567], [111.81330341435684, 40.49335806225567], [111.81330341435684, 40.49317839919885], [111.81348307741366, 40.49317839919885], [111.81348307741366, 40.49299873614202], [111.81366274047049, 40.49299873614202], [111.81366274047049, 40.4928190730852], [111.81384240352732, 40.4928190730852], [111.81384240352732, 40.492639410028374], [111.81420172964096, 40.492639410028374], [111.81420172964096, 40.4921004208579], [111.81438139269778, 40.4921004208579], [111.81438139269778, 40.49228008391473], [111.81456105575461, 40.49228008391473], [111.81456105575461, 40.492639410028374], [111.81438139269778, 40.492639410028374], [111.81438139269778, 40.49335806225567], [111.81402206658413, 40.49335806225567], [111.81402206658413, 40.49317839919885], [111.81384240352732, 40.49317839919885], [111.81384240352732, 40.49335806225567], [111.81366274047049, 40.49335806225567], [111.81366274047049, 40.49353772531249], [111.81384240352732, 40.49353772531249], [111.81384240352732, 40.49371738836932], [111.81366274047049, 40.49371738836932], [111.81366274047049, 40.49389705142614], [111.81348307741366, 40.49389705142614], [111.81348307741366, 40.494076714482965], [111.81366274047049, 40.494076714482965], [111.81366274047049, 40.49425637753979], [111.81348307741366, 40.49425637753979], [111.81348307741366, 40.494795366710264], [111.81330341435684, 40.494795366710264], [111.81330341435684, 40.49497502976708], [111.81312375130001, 40.49497502976708]]]}, "properties": {"name": "cand28", "ptype": "hall", "confidence": "low", "rank": 28, "area_ha": 4.9, "rise_db": 11.7, "digitised_from": "Sentinel-1 VV rise 2021->2026, orbit 113"}}, {"type": "Feature", "geometry": {"geodesic": false, "type": "Polygon", "coordinates": [[[111.8573208632787, 40.59271173267929], [111.8573208632787, 40.59217274350882], [111.85678187410822, 40.59217274350882], [111.85678187410822, 40.59199308045199], [111.85624288493776, 40.59199308045199], [111.85624288493776, 40.59235240656564], [111.85696153716505, 40.59235240656564], [111.85696153716505, 40.59271173267929], [111.85624288493776, 40.59271173267929], [111.85624288493776, 40.592532069622465], [111.85570389576728, 40.592532069622465], [111.85570389576728, 40.59235240656564], [111.85516490659681, 40.59235240656564], [111.85516490659681, 40.59217274350882], [111.85498524353999, 40.59217274350882], [111.85498524353999, 40.59181341739517], [111.85516490659681, 40.59181341739517], [111.85516490659681, 40.591633754338346], [111.85534456965364, 40.591633754338346], [111.85534456965364, 40.59145409128152], [111.85516490659681, 40.59145409128152], [111.85516490659681, 40.591094765167874], [111.85534456965364, 40.591094765167874], [111.85534456965364, 40.59073543905423], [111.85552423271045, 40.59073543905423], [111.85552423271045, 40.5905557759974], [111.85570389576728, 40.5905557759974], [111.85570389576728, 40.590376112940575], [111.8558835588241, 40.590376112940575], [111.8558835588241, 40.5905557759974], [111.85606322188093, 40.5905557759974], [111.85606322188093, 40.59073543905423], [111.85624288493776, 40.59073543905423], [111.85624288493776, 40.59091510211105], [111.8573208632787, 40.59091510211105], [111.8573208632787, 40.591094765167874], [111.85785985244917, 40.591094765167874], [111.85785985244917, 40.59145409128152], [111.85768018939234, 40.59145409128152], [111.85768018939234, 40.59271173267929], [111.8573208632787, 40.59271173267929]], [[111.8558835588241, 40.59217274350882], [111.85570389576728, 40.59217274350882], [111.85570389576728, 40.59199308045199], [111.85552423271045, 40.59199308045199], [111.85552423271045, 40.59181341739517], [111.85624288493776, 40.59181341739517], [111.85624288493776, 40.59199308045199], [111.8558835588241, 40.59199308045199], [111.8558835588241, 40.59217274350882]]]}, "properties": {"name": "cand29", "ptype": "hall", "confidence": "low", "rank": 29, "area_ha": 4.9, "rise_db": 12.5, "digitised_from": "Sentinel-1 VV rise 2021->2026, orbit 113"}}, {"type": "Feature", "geometry": {"geodesic": false, "type": "Polygon", "coordinates": [[[111.7829403577536, 40.54456203345048], [111.7829403577536, 40.544382370393656], [111.78258103163995, 40.544382370393656], [111.78258103163995, 40.54456203345048], [111.7822217055263, 40.54456203345048], [111.7822217055263, 40.544382370393656], [111.78240136858312, 40.544382370393656], [111.78240136858312, 40.54420270733684], [111.78258103163995, 40.54420270733684], [111.78258103163995, 40.54402304428001], [111.78276069469678, 40.54402304428001], [111.78276069469678, 40.543663718166364], [111.7829403577536, 40.543663718166364], [111.7829403577536, 40.54312472899589], [111.78312002081043, 40.54312472899589], [111.78312002081043, 40.542945065939065], [111.78329968386724, 40.542945065939065], [111.78329968386724, 40.542765402882246], [111.78312002081043, 40.542765402882246], [111.78312002081043, 40.54258573982542], [111.78329968386724, 40.54258573982542], [111.78329968386724, 40.54240607676859], [111.78347934692407, 40.54240607676859], [111.78347934692407, 40.54204675065495], [111.7836590099809, 40.54204675065495], [111.7836590099809, 40.54186708759812], [111.78383867303772, 40.54186708759812], [111.78383867303772, 40.5416874245413], [111.78491665137867, 40.5416874245413], [111.78491665137867, 40.54186708759812], [111.78509631443549, 40.54186708759812], [111.78509631443549, 40.54240607676859], [111.78491665137867, 40.54240607676859], [111.78491665137867, 40.54258573982542], [111.78473698832184, 40.54258573982542], [111.78473698832184, 40.542945065939065], [111.78419799915136, 40.542945065939065], [111.78419799915136, 40.54312472899589], [111.78401833609455, 40.54312472899589], [111.78401833609455, 40.54330439205272], [111.78455732526501, 40.54330439205272], [111.78455732526501, 40.54348405510954], [111.78437766220819, 40.54348405510954], [111.78437766220819, 40.543663718166364], [111.78455732526501, 40.543663718166364], [111.78455732526501, 40.54384338122318], [111.78437766220819, 40.54384338122318], [111.78437766220819, 40.543663718166364], [111.78419799915136, 40.543663718166364], [111.78419799915136, 40.54384338122318], [111.78401833609455, 40.54384338122318], [111.78401833609455, 40.54402304428001], [111.7836590099809, 40.54402304428001], [111.7836590099809, 40.54420270733684], [111.78419799915136, 40.54420270733684], [111.78419799915136, 40.544382370393656], [111.78401833609455, 40.544382370393656], [111.78401833609455, 40.54456203345048], [111.7829403577536, 40.54456203345048]], [[111.78383867303772, 40.54330439205272], [111.7836590099809, 40.54330439205272], [111.7836590099809, 40.54312472899589], [111.78383867303772, 40.54312472899589], [111.78383867303772, 40.54330439205272]], [[111.78383867303772, 40.543663718166364], [111.7836590099809, 40.543663718166364], [111.7836590099809, 40.54348405510954], [111.78383867303772, 40.54348405510954], [111.78383867303772, 40.543663718166364]], [[111.78329968386724, 40.54384338122318], [111.7829403577536, 40.54384338122318], [111.7829403577536, 40.543663718166364], [111.78329968386724, 40.543663718166364], [111.78329968386724, 40.54384338122318]], [[111.78329968386724, 40.54420270733684], [111.7829403577536, 40.54420270733684], [111.7829403577536, 40.54402304428001], [111.78329968386724, 40.54402304428001], [111.78329968386724, 40.54420270733684]], [[111.7836590099809, 40.544382370393656], [111.78347934692407, 40.544382370393656], [111.78347934692407, 40.54420270733684], [111.7836590099809, 40.54420270733684], [111.7836590099809, 40.544382370393656]]]}, "properties": {"name": "cand30", "ptype": "hall", "confidence": "low", "rank": 30, "area_ha": 4.8, "rise_db": 8.3, "digitised_from": "Sentinel-1 VV rise 2021->2026, orbit 113"}}, {"type": "Feature", "geometry": {"geodesic": false, "type": "Polygon", "coordinates": [[[111.83773759008488, 40.550311251268845], [111.83773759008488, 40.550131588212025], [111.83755792702807, 40.550131588212025], [111.83755792702807, 40.5499519251552], [111.83737826397125, 40.5499519251552], [111.83737826397125, 40.54977226209838], [111.8370189378576, 40.54977226209838], [111.8370189378576, 40.5499519251552], [111.83683927480077, 40.5499519251552], [111.83683927480077, 40.54977226209838], [111.83665961174394, 40.54977226209838], [111.83665961174394, 40.54959259904155], [111.83540197034618, 40.54959259904155], [111.83540197034618, 40.549412935984726], [111.83504264423253, 40.549412935984726], [111.83504264423253, 40.54923327292791], [111.83468331811888, 40.54923327292791], [111.83468331811888, 40.548873946814254], [111.83504264423253, 40.548873946814254], [111.83504264423253, 40.54851462070061], [111.83522230728936, 40.54851462070061], [111.83522230728936, 40.54833495764378], [111.83504264423253, 40.54833495764378], [111.83504264423253, 40.54815529458696], [111.83522230728936, 40.54815529458696], [111.83522230728936, 40.547975631530136], [111.83558163340301, 40.547975631530136], [111.83558163340301, 40.54815529458696], [111.83576129645982, 40.54815529458696], [111.83576129645982, 40.54851462070061], [111.83558163340301, 40.54851462070061], [111.83558163340301, 40.548694283757435], [111.83594095951665, 40.548694283757435], [111.83594095951665, 40.548873946814254], [111.8363002856303, 40.548873946814254], [111.8363002856303, 40.548694283757435], [111.83612062257347, 40.548694283757435], [111.83612062257347, 40.54851462070061], [111.83594095951665, 40.54851462070061], [111.83594095951665, 40.54815529458696], [111.83647994868713, 40.54815529458696], [111.83647994868713, 40.54833495764378], [111.83719860091442, 40.54833495764378], [111.83719860091442, 40.548694283757435], [111.83737826397125, 40.548694283757435], [111.83737826397125, 40.548873946814254], [111.838635905369, 40.548873946814254], [111.838635905369, 40.54905360987108], [111.83881556842583, 40.54905360987108], [111.83881556842583, 40.549412935984726], [111.838635905369, 40.549412935984726], [111.838635905369, 40.54977226209838], [111.83845624231219, 40.54977226209838], [111.83845624231219, 40.549412935984726], [111.83827657925536, 40.549412935984726], [111.83827657925536, 40.54977226209838], [111.83809691619854, 40.54977226209838], [111.83809691619854, 40.5499519251552], [111.83827657925536, 40.5499519251552], [111.83827657925536, 40.550131588212025], [111.83809691619854, 40.550131588212025], [111.83809691619854, 40.550311251268845], [111.83773759008488, 40.550311251268845]], [[111.83647994868713, 40.54851462070061], [111.8363002856303, 40.54851462070061], [111.8363002856303, 40.54833495764378], [111.83647994868713, 40.54833495764378], [111.83647994868713, 40.54851462070061]], [[111.83576129645982, 40.54905360987108], [111.83522230728936, 40.54905360987108], [111.83522230728936, 40.548873946814254], [111.83576129645982, 40.548873946814254], [111.83576129645982, 40.54905360987108]], [[111.8363002856303, 40.54923327292791], [111.83594095951665, 40.54923327292791], [111.83594095951665, 40.54905360987108], [111.8363002856303, 40.54905360987108], [111.8363002856303, 40.54923327292791]], [[111.83683927480077, 40.549412935984726], [111.8363002856303, 40.549412935984726], [111.8363002856303, 40.54923327292791], [111.83683927480077, 40.54923327292791], [111.83683927480077, 40.549412935984726]], [[111.83809691619854, 40.549412935984726], [111.83773759008488, 40.549412935984726], [111.83773759008488, 40.54923327292791], [111.83809691619854, 40.54923327292791], [111.83809691619854, 40.549412935984726]], [[111.838635905369, 40.549412935984726], [111.83845624231219, 40.549412935984726], [111.83845624231219, 40.54905360987108], [111.838635905369, 40.54905360987108], [111.838635905369, 40.549412935984726]], [[111.83737826397125, 40.54959259904155], [111.8370189378576, 40.54959259904155], [111.8370189378576, 40.54905360987108], [111.83665961174394, 40.54905360987108], [111.83665961174394, 40.54851462070061], [111.83683927480077, 40.54851462070061], [111.83683927480077, 40.548873946814254], [111.83719860091442, 40.548873946814254], [111.83719860091442, 40.54905360987108], [111.83773759008488, 40.54905360987108], [111.83773759008488, 40.54923327292791], [111.83719860091442, 40.54923327292791], [111.83719860091442, 40.549412935984726], [111.83737826397125, 40.549412935984726], [111.83737826397125, 40.54959259904155]], [[111.83791725314171, 40.54977226209838], [111.83773759008488, 40.54977226209838], [111.83773759008488, 40.54959259904155], [111.83791725314171, 40.54959259904155], [111.83791725314171, 40.54977226209838]]]}, "properties": {"name": "cand31", "ptype": "hall", "confidence": "low", "rank": 31, "area_ha": 4.7, "rise_db": 6.4, "digitised_from": "Sentinel-1 VV rise 2021->2026, orbit 113"}}, {"type": "Feature", "geometry": {"geodesic": false, "type": "Polygon", "coordinates": [[[111.79300148893574, 40.54599933790507], [111.79300148893574, 40.54581967484825], [111.79282182587892, 40.54581967484825], [111.79282182587892, 40.54564001179143], [111.79300148893574, 40.54564001179143], [111.79300148893574, 40.54528068567778], [111.79264216282209, 40.54528068567778], [111.79264216282209, 40.5454603487346], [111.79246249976526, 40.5454603487346], [111.79246249976526, 40.54528068567778], [111.79228283670844, 40.54528068567778], [111.79228283670844, 40.54492135956413], [111.79246249976526, 40.54492135956413], [111.79246249976526, 40.54456203345048], [111.79210317365161, 40.54456203345048], [111.79210317365161, 40.54420270733684], [111.79228283670844, 40.54420270733684], [111.79228283670844, 40.54384338122318], [111.79246249976526, 40.54384338122318], [111.79246249976526, 40.543663718166364], [111.79300148893574, 40.543663718166364], [111.79300148893574, 40.54384338122318], [111.79318115199256, 40.54384338122318], [111.79318115199256, 40.54456203345048], [111.79354047810621, 40.54456203345048], [111.79354047810621, 40.544382370393656], [111.79336081504938, 40.544382370393656], [111.79336081504938, 40.54402304428001], [111.79389980421986, 40.54402304428001], [111.79389980421986, 40.54420270733684], [111.79443879339033, 40.54420270733684], [111.79443879339033, 40.544382370393656], [111.79479811950398, 40.544382370393656], [111.79479811950398, 40.54456203345048], [111.79461845644715, 40.54456203345048], [111.79461845644715, 40.545101022620955], [111.79443879339033, 40.545101022620955], [111.79443879339033, 40.54528068567778], [111.7942591303335, 40.54528068567778], [111.7942591303335, 40.54564001179143], [111.79336081504938, 40.54564001179143], [111.79336081504938, 40.54581967484825], [111.79354047810621, 40.54581967484825], [111.79354047810621, 40.54599933790507], [111.79300148893574, 40.54599933790507]]]}, "properties": {"name": "cand32", "ptype": "hall", "confidence": "low", "rank": 32, "area_ha": 4.4, "rise_db": 11.3, "digitised_from": "Sentinel-1 VV rise 2021->2026, orbit 113"}}, {"type": "Feature", "geometry": {"geodesic": false, "type": "Polygon", "coordinates": [[[111.8542665913127, 40.59271173267929], [111.8542665913127, 40.592532069622465], [111.85372760214221, 40.592532069622465], [111.85372760214221, 40.59235240656564], [111.85318861297175, 40.59235240656564], [111.85318861297175, 40.59217274350882], [111.85229029768763, 40.59217274350882], [111.85229029768763, 40.59199308045199], [111.85193097157398, 40.59199308045199], [111.85193097157398, 40.59181341739517], [111.85121231934669, 40.59181341739517], [111.85121231934669, 40.5912744282247], [111.85139198240351, 40.5912744282247], [111.85139198240351, 40.591094765167874], [111.85157164546033, 40.591094765167874], [111.85157164546033, 40.59091510211105], [111.85175130851715, 40.59091510211105], [111.85175130851715, 40.5905557759974], [111.85193097157398, 40.5905557759974], [111.85193097157398, 40.590376112940575], [111.85229029768763, 40.590376112940575], [111.85229029768763, 40.59073543905423], [111.85246996074444, 40.59073543905423], [111.85246996074444, 40.59091510211105], [111.85264962380127, 40.59091510211105], [111.85264962380127, 40.59145409128152], [111.8528292868581, 40.59145409128152], [111.8528292868581, 40.591633754338346], [111.85300894991492, 40.591633754338346], [111.85300894991492, 40.59145409128152], [111.85318861297175, 40.59145409128152], [111.85318861297175, 40.5912744282247], [111.85354793908539, 40.5912744282247], [111.85354793908539, 40.59181341739517], [111.85462591742633, 40.59181341739517], [111.85462591742633, 40.59199308045199], [111.85480558048316, 40.59199308045199], [111.85480558048316, 40.59235240656564], [111.85498524353999, 40.59235240656564], [111.85498524353999, 40.592532069622465], [111.85462591742633, 40.592532069622465], [111.85462591742633, 40.59271173267929], [111.8542665913127, 40.59271173267929]]]}, "properties": {"name": "cand33", "ptype": "hall", "confidence": "low", "rank": 33, "area_ha": 4.2, "rise_db": 11.6, "digitised_from": "Sentinel-1 VV rise 2021->2026, orbit 113"}}, {"type": "Feature", "geometry": {"geodesic": false, "type": "Polygon", "coordinates": [[[111.78689294500373, 40.54384338122318], [111.78689294500373, 40.543663718166364], [111.7867132819469, 40.543663718166364], [111.7867132819469, 40.54384338122318], [111.78635395583325, 40.54384338122318], [111.78635395583325, 40.543663718166364], [111.78617429277642, 40.543663718166364], [111.78617429277642, 40.54384338122318], [111.78563530360596, 40.54384338122318], [111.78563530360596, 40.543663718166364], [111.78545564054913, 40.543663718166364], [111.78545564054913, 40.54348405510954], [111.78581496666278, 40.54348405510954], [111.78581496666278, 40.54312472899589], [111.78563530360596, 40.54312472899589], [111.78563530360596, 40.542945065939065], [111.78581496666278, 40.542945065939065], [111.78581496666278, 40.54312472899589], [111.78599462971961, 40.54312472899589], [111.78599462971961, 40.542945065939065], [111.78617429277642, 40.542945065939065], [111.78617429277642, 40.542765402882246], [111.78635395583325, 40.542765402882246], [111.78635395583325, 40.54240607676859], [111.78581496666278, 40.54240607676859], [111.78581496666278, 40.54204675065495], [111.78563530360596, 40.54204675065495], [111.78563530360596, 40.54186708759812], [111.7852759774923, 40.54186708759812], [111.7852759774923, 40.5416874245413], [111.78545564054913, 40.5416874245413], [111.78545564054913, 40.541507761484475], [111.78599462971961, 40.541507761484475], [111.78599462971961, 40.5416874245413], [111.78617429277642, 40.5416874245413], [111.78617429277642, 40.54204675065495], [111.78599462971961, 40.54204675065495], [111.78599462971961, 40.542226413711774], [111.78635395583325, 40.542226413711774], [111.78635395583325, 40.54186708759812], [111.78653361889008, 40.54186708759812], [111.78653361889008, 40.54204675065495], [111.78689294500373, 40.54204675065495], [111.78689294500373, 40.542226413711774], [111.78707260806056, 40.542226413711774], [111.78707260806056, 40.54204675065495], [111.7874319341742, 40.54204675065495], [111.7874319341742, 40.542226413711774], [111.78815058640149, 40.542226413711774], [111.78815058640149, 40.54258573982542], [111.78797092334467, 40.54258573982542], [111.78797092334467, 40.542765402882246], [111.78779126028785, 40.542765402882246], [111.78779126028785, 40.54312472899589], [111.78761159723102, 40.54312472899589], [111.78761159723102, 40.542945065939065], [111.7874319341742, 40.542945065939065], [111.7874319341742, 40.54312472899589], [111.78725227111737, 40.54312472899589], [111.78725227111737, 40.54348405510954], [111.7874319341742, 40.54348405510954], [111.7874319341742, 40.54384338122318], [111.78689294500373, 40.54384338122318]], [[111.78599462971961, 40.54204675065495], [111.78581496666278, 40.54204675065495], [111.78581496666278, 40.54186708759812], [111.78599462971961, 40.54186708759812], [111.78599462971961, 40.54204675065495]], [[111.78599462971961, 40.543663718166364], [111.78581496666278, 40.543663718166364], [111.78581496666278, 40.54348405510954], [111.78599462971961, 40.54348405510954], [111.78599462971961, 40.543663718166364]]]}, "properties": {"name": "cand34", "ptype": "hall", "confidence": "low", "rank": 34, "area_ha": 4.1, "rise_db": 9.7, "digitised_from": "Sentinel-1 VV rise 2021->2026, orbit 113"}}, {"type": "Feature", "geometry": {"geodesic": false, "type": "Polygon", "coordinates": [[[111.85372760214221, 40.565402948042056], [111.85372760214221, 40.56522328498523], [111.85336827602858, 40.56522328498523], [111.85336827602858, 40.56504362192841], [111.85300894991492, 40.56504362192841], [111.85300894991492, 40.564863958871584], [111.85264962380127, 40.564863958871584], [111.85264962380127, 40.56468429581476], [111.85229029768763, 40.56468429581476], [111.85229029768763, 40.564863958871584], [111.85193097157398, 40.564863958871584], [111.85193097157398, 40.56504362192841], [111.85157164546033, 40.56504362192841], [111.85157164546033, 40.56450463275794], [111.85193097157398, 40.56450463275794], [111.85193097157398, 40.56432496970111], [111.85175130851715, 40.56432496970111], [111.85175130851715, 40.564145306644285], [111.85193097157398, 40.564145306644285], [111.85193097157398, 40.56378598053064], [111.85175130851715, 40.56378598053064], [111.85175130851715, 40.56360631747382], [111.8521106346308, 40.56360631747382], [111.8521106346308, 40.56378598053064], [111.85229029768763, 40.56378598053064], [111.85229029768763, 40.56342665441699], [111.85246996074444, 40.56342665441699], [111.85246996074444, 40.56324699136017], [111.85264962380127, 40.56324699136017], [111.85264962380127, 40.56306732830335], [111.85300894991492, 40.56306732830335], [111.85300894991492, 40.56360631747382], [111.85336827602858, 40.56360631747382], [111.85336827602858, 40.56378598053064], [111.85372760214221, 40.56378598053064], [111.85372760214221, 40.56360631747382], [111.85408692825587, 40.56360631747382], [111.85408692825587, 40.56342665441699], [111.8544462543695, 40.56342665441699], [111.8544462543695, 40.56378598053064], [111.85390726519904, 40.56378598053064], [111.85390726519904, 40.563965643587466], [111.8542665913127, 40.563965643587466], [111.8542665913127, 40.564145306644285], [111.85462591742633, 40.564145306644285], [111.85462591742633, 40.56450463275794], [111.85390726519904, 40.56450463275794], [111.85390726519904, 40.56432496970111], [111.85372760214221, 40.56432496970111], [111.85372760214221, 40.56450463275794], [111.85354793908539, 40.56450463275794], [111.85354793908539, 40.56468429581476], [111.85336827602858, 40.56468429581476], [111.85336827602858, 40.564863958871584], [111.85390726519904, 40.564863958871584], [111.85390726519904, 40.56504362192841], [111.85408692825587, 40.56504362192841], [111.85408692825587, 40.564863958871584], [111.8542665913127, 40.564863958871584], [111.8542665913127, 40.56522328498523], [111.85408692825587, 40.56522328498523], [111.85408692825587, 40.565402948042056], [111.85372760214221, 40.565402948042056]], [[111.85318861297175, 40.56450463275794], [111.8528292868581, 40.56450463275794], [111.8528292868581, 40.56432496970111], [111.85246996074444, 40.56432496970111], [111.85246996074444, 40.564145306644285], [111.85229029768763, 40.564145306644285], [111.85229029768763, 40.563965643587466], [111.85246996074444, 40.563965643587466], [111.85246996074444, 40.56378598053064], [111.8528292868581, 40.56378598053064], [111.8528292868581, 40.563965643587466], [111.85318861297175, 40.563965643587466], [111.85318861297175, 40.564145306644285], [111.85336827602858, 40.564145306644285], [111.85336827602858, 40.56432496970111], [111.85318861297175, 40.56432496970111], [111.85318861297175, 40.56450463275794]]]}, "properties": {"name": "cand35", "ptype": "hall", "confidence": "low", "rank": 35, "area_ha": 3.9, "rise_db": 9.7, "digitised_from": "Sentinel-1 VV rise 2021->2026, orbit 113"}}, {"type": "Feature", "geometry": {"geodesic": false, "type": "Polygon", "coordinates": [[[111.84672074292608, 40.547975631530136], [111.84672074292608, 40.54779596847331], [111.84618175375562, 40.54779596847331], [111.84618175375562, 40.547975631530136], [111.84582242764196, 40.547975631530136], [111.84582242764196, 40.54779596847331], [111.84600209069879, 40.54779596847331], [111.84600209069879, 40.54761630541649], [111.84582242764196, 40.54761630541649], [111.84582242764196, 40.54743664235966], [111.84600209069879, 40.54743664235966], [111.84600209069879, 40.547256979302844], [111.84582242764196, 40.547256979302844], [111.84582242764196, 40.54689765318919], [111.84546310152832, 40.54689765318919], [111.84546310152832, 40.54707731624602], [111.84492411235784, 40.54707731624602], [111.84492411235784, 40.54671799013237], [111.84474444930102, 40.54671799013237], [111.84474444930102, 40.546538327075545], [111.84438512318738, 40.546538327075545], [111.84438512318738, 40.5461790009619], [111.84420546013055, 40.5461790009619], [111.84420546013055, 40.54635866401872], [111.84402579707373, 40.54635866401872], [111.84402579707373, 40.5461790009619], [111.84330714484643, 40.5461790009619], [111.84330714484643, 40.54581967484825], [111.84312748178961, 40.54581967484825], [111.84312748178961, 40.54564001179143], [111.84348680790326, 40.54564001179143], [111.84348680790326, 40.5454603487346], [111.84330714484643, 40.5454603487346], [111.84330714484643, 40.54528068567778], [111.8438461340169, 40.54528068567778], [111.8438461340169, 40.5454603487346], [111.84366647096007, 40.5454603487346], [111.84366647096007, 40.54599933790507], [111.84402579707373, 40.54599933790507], [111.84402579707373, 40.54564001179143], [111.84510377541467, 40.54564001179143], [111.84510377541467, 40.54581967484825], [111.84564276458514, 40.54581967484825], [111.84564276458514, 40.54599933790507], [111.84582242764196, 40.54599933790507], [111.84582242764196, 40.5461790009619], [111.84600209069879, 40.5461790009619], [111.84600209069879, 40.54635866401872], [111.84582242764196, 40.54635866401872], [111.84582242764196, 40.54689765318919], [111.84600209069879, 40.54689765318919], [111.84600209069879, 40.54707731624602], [111.84618175375562, 40.54707731624602], [111.84618175375562, 40.547256979302844], [111.84636141681244, 40.547256979302844], [111.84636141681244, 40.54707731624602], [111.84690040598291, 40.54707731624602], [111.84690040598291, 40.547256979302844], [111.84708006903973, 40.547256979302844], [111.84708006903973, 40.54743664235966], [111.84690040598291, 40.54743664235966], [111.84690040598291, 40.54761630541649], [111.84708006903973, 40.54761630541649], [111.84708006903973, 40.54779596847331], [111.84690040598291, 40.54779596847331], [111.84690040598291, 40.547975631530136], [111.84672074292608, 40.547975631530136]], [[111.84510377541467, 40.5461790009619], [111.84456478624419, 40.5461790009619], [111.84456478624419, 40.54599933790507], [111.84510377541467, 40.54599933790507], [111.84510377541467, 40.5461790009619]], [[111.84546310152832, 40.5461790009619], [111.8452834384715, 40.5461790009619], [111.8452834384715, 40.54599933790507], [111.84546310152832, 40.54599933790507], [111.84546310152832, 40.5461790009619]]]}, "properties": {"name": "cand36", "ptype": "hall", "confidence": "low", "rank": 36, "area_ha": 3.7, "rise_db": 9.5, "digitised_from": "Sentinel-1 VV rise 2021->2026, orbit 113"}}, {"type": "Feature", "geometry": {"geodesic": false, "type": "Polygon", "coordinates": [[[111.76730967180993, 40.49874795396039], [111.76730967180993, 40.49856829090356], [111.76695034569627, 40.49856829090356], [111.76695034569627, 40.49820896478992], [111.7671300087531, 40.49820896478992], [111.7671300087531, 40.49802930173309], [111.76695034569627, 40.49802930173309], [111.76695034569627, 40.497669975619445], [111.7671300087531, 40.497669975619445], [111.7671300087531, 40.49749031256262], [111.76695034569627, 40.49749031256262], [111.76695034569627, 40.4973106495058], [111.7671300087531, 40.4973106495058], [111.7671300087531, 40.49713098644897], [111.76802832403722, 40.49713098644897], [111.76802832403722, 40.4973106495058], [111.76892663932134, 40.4973106495058], [111.76892663932134, 40.49749031256262], [111.76910630237816, 40.49749031256262], [111.76910630237816, 40.497849638676264], [111.76892663932134, 40.497849638676264], [111.76892663932134, 40.49874795396039], [111.76730967180993, 40.49874795396039]]]}, "properties": {"name": "cand37", "ptype": "hall", "confidence": "low", "rank": 37, "area_ha": 3.6, "rise_db": 11.9, "digitised_from": "Sentinel-1 VV rise 2021->2026, orbit 113"}}, {"type": "Feature", "geometry": {"geodesic": false, "type": "Polygon", "coordinates": [[[111.81168644684543, 40.57330812254231], [111.81168644684543, 40.57294879642866], [111.8115067837886, 40.57294879642866], [111.8115067837886, 40.57312845948548], [111.81042880544766, 40.57312845948548], [111.81042880544766, 40.57294879642866], [111.80988981627719, 40.57294879642866], [111.80988981627719, 40.572769133371835], [111.80971015322037, 40.572769133371835], [111.80971015322037, 40.57223014420136], [111.80988981627719, 40.57223014420136], [111.80988981627719, 40.57205048114454], [111.810069479334, 40.57205048114454], [111.810069479334, 40.57187081808772], [111.80988981627719, 40.57187081808772], [111.80988981627719, 40.57169115503089], [111.80971015322037, 40.57169115503089], [111.80971015322037, 40.5709725028036], [111.810069479334, 40.5709725028036], [111.810069479334, 40.57079283974677], [111.81042880544766, 40.57079283974677], [111.81042880544766, 40.570613176689946], [111.81060846850448, 40.570613176689946], [111.81060846850448, 40.57115216586042], [111.81096779461812, 40.57115216586042], [111.81096779461812, 40.571331828917245], [111.81132712073178, 40.571331828917245], [111.81132712073178, 40.57169115503089], [111.8115067837886, 40.57169115503089], [111.8115067837886, 40.57205048114454], [111.81114745767495, 40.57205048114454], [111.81114745767495, 40.57187081808772], [111.81024914239083, 40.57187081808772], [111.81024914239083, 40.57205048114454], [111.81042880544766, 40.57205048114454], [111.81042880544766, 40.57258947031501], [111.81132712073178, 40.57258947031501], [111.81132712073178, 40.57240980725819], [111.8115067837886, 40.57240980725819], [111.8115067837886, 40.57258947031501], [111.81168644684543, 40.57258947031501], [111.81168644684543, 40.57294879642866], [111.81204577295907, 40.57294879642866], [111.81204577295907, 40.57312845948548], [111.8122254360159, 40.57312845948548], [111.8122254360159, 40.57330812254231], [111.81168644684543, 40.57330812254231]]]}, "properties": {"name": "cand38", "ptype": "hall", "confidence": "low", "rank": 38, "area_ha": 3.6, "rise_db": 14.2, "digitised_from": "Sentinel-1 VV rise 2021->2026, orbit 113"}}, {"type": "Feature", "geometry": {"geodesic": false, "type": "Polygon", "coordinates": [[[111.7987507067541, 40.497849638676264], [111.7987507067541, 40.497669975619445], [111.79857104369728, 40.497669975619445], [111.79857104369728, 40.497849638676264], [111.79839138064045, 40.497849638676264], [111.79839138064045, 40.4973106495058], [111.79821171758363, 40.4973106495058], [111.79821171758363, 40.49749031256262], [111.7980320545268, 40.49749031256262], [111.7980320545268, 40.49713098644897], [111.7987507067541, 40.49713098644897], [111.7987507067541, 40.49677166033533], [111.79857104369728, 40.49677166033533], [111.79857104369728, 40.496951323392146], [111.7980320545268, 40.496951323392146], [111.7980320545268, 40.49677166033533], [111.79749306535633, 40.49677166033533], [111.79749306535633, 40.496951323392146], [111.79677441312904, 40.496951323392146], [111.79677441312904, 40.49677166033533], [111.79659475007222, 40.49677166033533], [111.79659475007222, 40.496951323392146], [111.79641508701539, 40.496951323392146], [111.79641508701539, 40.49677166033533], [111.79587609784492, 40.49677166033533], [111.79587609784492, 40.4965919972785], [111.79551677173127, 40.4965919972785], [111.79551677173127, 40.496232671164854], [111.79677441312904, 40.496232671164854], [111.79677441312904, 40.496412334221674], [111.79767272841316, 40.496412334221674], [111.79767272841316, 40.4965919972785], [111.79821171758363, 40.4965919972785], [111.79821171758363, 40.496412334221674], [111.79911003286774, 40.496412334221674], [111.79911003286774, 40.496232671164854], [111.7994693589814, 40.496232671164854], [111.7994693589814, 40.496412334221674], [111.79928969592457, 40.496412334221674], [111.79928969592457, 40.49713098644897], [111.79964902203822, 40.49713098644897], [111.79964902203822, 40.4973106495058], [111.79928969592457, 40.4973106495058], [111.79928969592457, 40.49749031256262], [111.79964902203822, 40.49749031256262], [111.79964902203822, 40.497849638676264], [111.7987507067541, 40.497849638676264]]]}, "properties": {"name": "cand39", "ptype": "hall", "confidence": "low", "rank": 39, "area_ha": 3.5, "rise_db": 8.7, "digitised_from": "Sentinel-1 VV rise 2021->2026, orbit 113"}}, {"type": "Feature", "geometry": {"geodesic": false, "type": "Polygon", "coordinates": [[[111.81186610990225, 40.548873946814254], [111.81186610990225, 40.54851462070061], [111.8122254360159, 40.54851462070061], [111.8122254360159, 40.54833495764378], [111.81240509907272, 40.54833495764378], [111.81240509907272, 40.54815529458696], [111.8122254360159, 40.54815529458696], [111.8122254360159, 40.547975631530136], [111.81204577295907, 40.547975631530136], [111.81204577295907, 40.54833495764378], [111.81168644684543, 40.54833495764378], [111.81168644684543, 40.54851462070061], [111.81114745767495, 40.54851462070061], [111.81114745767495, 40.54833495764378], [111.81078813156131, 40.54833495764378], [111.81078813156131, 40.54851462070061], [111.810069479334, 40.54851462070061], [111.810069479334, 40.54833495764378], [111.80988981627719, 40.54833495764378], [111.80988981627719, 40.547975631530136], [111.80971015322037, 40.547975631530136], [111.80971015322037, 40.54779596847331], [111.80953049016354, 40.54779596847331], [111.80953049016354, 40.54761630541649], [111.80935082710671, 40.54761630541649], [111.80935082710671, 40.54779596847331], [111.80917116404989, 40.54779596847331], [111.80917116404989, 40.54761630541649], [111.80899150099306, 40.54761630541649], [111.80899150099306, 40.547256979302844], [111.80917116404989, 40.547256979302844], [111.80917116404989, 40.54707731624602], [111.80881183793625, 40.54707731624602], [111.80881183793625, 40.54689765318919], [111.80899150099306, 40.54689765318919], [111.80899150099306, 40.546538327075545], [111.80935082710671, 40.546538327075545], [111.80935082710671, 40.54671799013237], [111.80953049016354, 40.54671799013237], [111.80953049016354, 40.54761630541649], [111.80971015322037, 40.54761630541649], [111.80971015322037, 40.54779596847331], [111.81024914239083, 40.54779596847331], [111.81024914239083, 40.54761630541649], [111.81060846850448, 40.54761630541649], [111.81060846850448, 40.54779596847331], [111.81042880544766, 40.54779596847331], [111.81042880544766, 40.547975631530136], [111.81060846850448, 40.547975631530136], [111.81060846850448, 40.54815529458696], [111.81096779461812, 40.54815529458696], [111.81096779461812, 40.547975631530136], [111.8115067837886, 40.547975631530136], [111.8115067837886, 40.54779596847331], [111.81132712073178, 40.54779596847331], [111.81132712073178, 40.54761630541649], [111.81114745767495, 40.54761630541649], [111.81114745767495, 40.54743664235966], [111.81132712073178, 40.54743664235966], [111.81132712073178, 40.547256979302844], [111.8115067837886, 40.547256979302844], [111.8115067837886, 40.54761630541649], [111.81240509907272, 40.54761630541649], [111.81240509907272, 40.54779596847331], [111.81276442518637, 40.54779596847331], [111.81276442518637, 40.54851462070061], [111.81258476212955, 40.54851462070061], [111.81258476212955, 40.548694283757435], [111.81240509907272, 40.548694283757435], [111.81240509907272, 40.548873946814254], [111.81186610990225, 40.548873946814254]]]}, "properties": {"name": "cand40", "ptype": "hall", "confidence": "low", "rank": 40, "area_ha": 3.4, "rise_db": 6.1, "digitised_from": "Sentinel-1 VV rise 2021->2026, orbit 113"}}, {"type": "Feature", "geometry": {"geodesic": false, "type": "Polygon", "coordinates": [[[111.81474071881144, 40.51114470488124], [111.81474071881144, 40.51096504182441], [111.81438139269778, 40.51096504182441], [111.81438139269778, 40.51078537876759], [111.81384240352732, 40.51078537876759], [111.81384240352732, 40.51060571571077], [111.81438139269778, 40.51060571571077], [111.81438139269778, 40.51078537876759], [111.81456105575461, 40.51078537876759], [111.81456105575461, 40.51060571571077], [111.81474071881144, 40.51060571571077], [111.81474071881144, 40.51042605265394], [111.81492038186825, 40.51042605265394], [111.81492038186825, 40.510246389597114], [111.81510004492507, 40.510246389597114], [111.81510004492507, 40.510066726540295], [111.81474071881144, 40.510066726540295], [111.81474071881144, 40.50988706348347], [111.81456105575461, 40.50988706348347], [111.81456105575461, 40.510066726540295], [111.81384240352732, 40.510066726540295], [111.81384240352732, 40.510246389597114], [111.81366274047049, 40.510246389597114], [111.81366274047049, 40.51078537876759], [111.81330341435684, 40.51078537876759], [111.81330341435684, 40.51060571571077], [111.81312375130001, 40.51060571571077], [111.81312375130001, 40.51042605265394], [111.81294408824319, 40.51042605265394], [111.81294408824319, 40.510066726540295], [111.81312375130001, 40.510066726540295], [111.81312375130001, 40.50988706348347], [111.81330341435684, 40.50988706348347], [111.81330341435684, 40.509348074312996], [111.81348307741366, 40.509348074312996], [111.81348307741366, 40.50916841125618], [111.81366274047049, 40.50916841125618], [111.81366274047049, 40.50880908514252], [111.81384240352732, 40.50880908514252], [111.81384240352732, 40.508629422085704], [111.81420172964096, 40.508629422085704], [111.81420172964096, 40.50880908514252], [111.81438139269778, 40.50880908514252], [111.81438139269778, 40.509348074312996], [111.81420172964096, 40.509348074312996], [111.81420172964096, 40.50952773736982], [111.81456105575461, 40.50952773736982], [111.81456105575461, 40.50970740042664], [111.81474071881144, 40.50970740042664], [111.81474071881144, 40.50988706348347], [111.81510004492507, 40.50988706348347], [111.81510004492507, 40.50970740042664], [111.8152797079819, 40.50970740042664], [111.8152797079819, 40.50952773736982], [111.81563903409555, 40.50952773736982], [111.81563903409555, 40.510066726540295], [111.81545937103873, 40.510066726540295], [111.81545937103873, 40.510246389597114], [111.8152797079819, 40.510246389597114], [111.8152797079819, 40.51042605265394], [111.81510004492507, 40.51042605265394], [111.81510004492507, 40.51096504182441], [111.81492038186825, 40.51096504182441], [111.81492038186825, 40.51114470488124], [111.81474071881144, 40.51114470488124]]]}, "properties": {"name": "cand41", "ptype": "hall", "confidence": "low", "rank": 41, "area_ha": 3.4, "rise_db": 9.6, "digitised_from": "Sentinel-1 VV rise 2021->2026, orbit 113"}}, {"type": "Feature", "geometry": {"geodesic": false, "type": "Polygon", "coordinates": [[[111.86953795114272, 40.58534554734951], [111.86953795114272, 40.58480655817904], [111.86971761419954, 40.58480655817904], [111.86971761419954, 40.58408790595174], [111.86953795114272, 40.58408790595174], [111.86953795114272, 40.58390824289492], [111.86971761419954, 40.58390824289492], [111.86971761419954, 40.58336925372445], [111.86935828808589, 40.58336925372445], [111.86935828808589, 40.58354891678127], [111.86917862502908, 40.58354891678127], [111.86917862502908, 40.583728579838095], [111.86881929891543, 40.583728579838095], [111.86881929891543, 40.58336925372445], [111.86899896197225, 40.58336925372445], [111.86899896197225, 40.58318959066762], [111.86917862502908, 40.58318959066762], [111.86917862502908, 40.583009927610796], [111.86935828808589, 40.583009927610796], [111.86935828808589, 40.58283026455398], [111.86953795114272, 40.58283026455398], [111.86953795114272, 40.58247093844032], [111.86971761419954, 40.58247093844032], [111.86971761419954, 40.58211161232668], [111.8700769403132, 40.58211161232668], [111.8700769403132, 40.582291275383504], [111.87025660337002, 40.582291275383504], [111.87025660337002, 40.58193194926986], [111.87043626642684, 40.58193194926986], [111.87043626642684, 40.58175228621303], [111.87079559254049, 40.58175228621303], [111.87079559254049, 40.58211161232668], [111.87061592948366, 40.58211161232668], [111.87061592948366, 40.58283026455398], [111.87043626642684, 40.58283026455398], [111.87043626642684, 40.58354891678127], [111.87025660337002, 40.58354891678127], [111.87025660337002, 40.58462689512221], [111.8700769403132, 40.58462689512221], [111.8700769403132, 40.585165884292685], [111.86989727725637, 40.585165884292685], [111.86989727725637, 40.58534554734951], [111.86953795114272, 40.58534554734951]], [[111.8700769403132, 40.58265060149715], [111.86989727725637, 40.58265060149715], [111.86989727725637, 40.58247093844032], [111.8700769403132, 40.58247093844032], [111.8700769403132, 40.58265060149715]]]}, "properties": {"name": "cand42", "ptype": "hall", "confidence": "low", "rank": 42, "area_ha": 3.4, "rise_db": 9.0, "digitised_from": "Sentinel-1 VV rise 2021->2026, orbit 113"}}, {"type": "Feature", "geometry": {"geodesic": false, "type": "Polygon", "coordinates": [[[111.80827284876577, 40.578698014247024], [111.80827284876577, 40.5785183511902], [111.80791352265213, 40.5785183511902], [111.80791352265213, 40.57833868813338], [111.807015207368, 40.57833868813338], [111.807015207368, 40.5785183511902], [111.80665588125436, 40.5785183511902], [111.80665588125436, 40.57833868813338], [111.80611689208388, 40.57833868813338], [111.80611689208388, 40.57815902507655], [111.80557790291341, 40.57815902507655], [111.80557790291341, 40.577979362019725], [111.80521857679976, 40.577979362019725], [111.80521857679976, 40.577799698962906], [111.80503891374293, 40.577799698962906], [111.80503891374293, 40.57762003590608], [111.80485925068612, 40.57762003590608], [111.80485925068612, 40.57744037284926], [111.80449992457247, 40.57744037284926], [111.80449992457247, 40.577260709792434], [111.80414059845882, 40.577260709792434], [111.80414059845882, 40.57708104673561], [111.803960935402, 40.57708104673561], [111.803960935402, 40.57672172062196], [111.8046795876293, 40.57672172062196], [111.8046795876293, 40.57690138367879], [111.80485925068612, 40.57690138367879], [111.80485925068612, 40.57708104673561], [111.80503891374293, 40.57708104673561], [111.80503891374293, 40.577260709792434], [111.80521857679976, 40.577260709792434], [111.80521857679976, 40.57762003590608], [111.80539823985659, 40.57762003590608], [111.80539823985659, 40.57744037284926], [111.80593722902707, 40.57744037284926], [111.80593722902707, 40.57762003590608], [111.8062965551407, 40.57762003590608], [111.8062965551407, 40.57744037284926], [111.80665588125436, 40.57744037284926], [111.80665588125436, 40.57762003590608], [111.80683554431118, 40.57762003590608], [111.80683554431118, 40.577799698962906], [111.807015207368, 40.577799698962906], [111.807015207368, 40.577979362019725], [111.80737453348165, 40.577979362019725], [111.80737453348165, 40.577799698962906], [111.8077338595953, 40.577799698962906], [111.8077338595953, 40.577979362019725], [111.80827284876577, 40.577979362019725], [111.80827284876577, 40.57815902507655], [111.8084525118226, 40.57815902507655], [111.8084525118226, 40.57833868813338], [111.80863217487942, 40.57833868813338], [111.80863217487942, 40.5785183511902], [111.8084525118226, 40.5785183511902], [111.8084525118226, 40.578698014247024], [111.80827284876577, 40.578698014247024]]]}, "properties": {"name": "cand43", "ptype": "hall", "confidence": "low", "rank": 43, "area_ha": 3.3, "rise_db": 10.4, "digitised_from": "Sentinel-1 VV rise 2021->2026, orbit 113"}}, {"type": "Feature", "geometry": {"geodesic": false, "type": "Polygon", "coordinates": [[[111.84169017733501, 40.54581967484825], [111.84169017733501, 40.54564001179143], [111.8415105142782, 40.54564001179143], [111.8415105142782, 40.5454603487346], [111.84133085122137, 40.5454603487346], [111.84133085122137, 40.54528068567778], [111.84115118816455, 40.54528068567778], [111.84115118816455, 40.545101022620955], [111.84133085122137, 40.545101022620955], [111.84133085122137, 40.54492135956413], [111.8415105142782, 40.54492135956413], [111.8415105142782, 40.54474169650731], [111.84169017733501, 40.54474169650731], [111.84169017733501, 40.54456203345048], [111.8415105142782, 40.54456203345048], [111.8415105142782, 40.54420270733684], [111.84169017733501, 40.54420270733684], [111.84169017733501, 40.54384338122318], [111.84204950344866, 40.54384338122318], [111.84204950344866, 40.54348405510954], [111.84240882956232, 40.54348405510954], [111.84240882956232, 40.54330439205272], [111.84294781873278, 40.54330439205272], [111.84294781873278, 40.54384338122318], [111.84258849261913, 40.54384338122318], [111.84258849261913, 40.54420270733684], [111.84276815567596, 40.54420270733684], [111.84276815567596, 40.544382370393656], [111.84366647096007, 40.544382370393656], [111.84366647096007, 40.54492135956413], [111.84222916650549, 40.54492135956413], [111.84222916650549, 40.54456203345048], [111.84204950344866, 40.54456203345048], [111.84204950344866, 40.54474169650731], [111.84186984039184, 40.54474169650731], [111.84186984039184, 40.5454603487346], [111.84204950344866, 40.5454603487346], [111.84204950344866, 40.54564001179143], [111.84222916650549, 40.54564001179143], [111.84222916650549, 40.54581967484825], [111.84169017733501, 40.54581967484825]]]}, "properties": {"name": "cand44", "ptype": "hall", "confidence": "low", "rank": 44, "area_ha": 3.1, "rise_db": 10.5, "digitised_from": "Sentinel-1 VV rise 2021->2026, orbit 113"}}, {"type": "Feature", "geometry": {"geodesic": false, "type": "Polygon", "coordinates": [[[111.7664113565258, 40.50341919343781], [111.7664113565258, 40.50323953038099], [111.76605203041215, 40.50323953038099], [111.76605203041215, 40.50341919343781], [111.7656927042985, 40.50341919343781], [111.7656927042985, 40.50323953038099], [111.76551304124168, 40.50323953038099], [111.76551304124168, 40.50252087815369], [111.7656927042985, 40.50252087815369], [111.7656927042985, 40.50162256286957], [111.76587236735533, 40.50162256286957], [111.76587236735533, 40.50090391064227], [111.7664113565258, 40.50090391064227], [111.7664113565258, 40.5010835736991], [111.76659101958262, 40.5010835736991], [111.76659101958262, 40.50216155204004], [111.7664113565258, 40.50216155204004], [111.7664113565258, 40.50252087815369], [111.76659101958262, 40.50252087815369], [111.76659101958262, 40.502700541210515], [111.76730967180993, 40.502700541210515], [111.76730967180993, 40.50323953038099], [111.76659101958262, 40.50323953038099], [111.76659101958262, 40.50341919343781], [111.7664113565258, 40.50341919343781]]]}, "properties": {"name": "cand45", "ptype": "hall", "confidence": "low", "rank": 45, "area_ha": 3.1, "rise_db": 10.2, "digitised_from": "Sentinel-1 VV rise 2021->2026, orbit 113"}}, {"type": "Feature", "geometry": {"geodesic": false, "type": "Polygon", "coordinates": [[[111.82120858885709, 40.53611786977976], [111.82120858885709, 40.53593820672293], [111.8204899366298, 40.53593820672293], [111.8204899366298, 40.53575854366611], [111.82031027357297, 40.53575854366611], [111.82031027357297, 40.53521955449564], [111.8204899366298, 40.53521955449564], [111.8204899366298, 40.534860228381994], [111.82084926274344, 40.534860228381994], [111.82084926274344, 40.53468056532517], [111.82174757802757, 40.53468056532517], [111.82174757802757, 40.534860228381994], [111.82228656719803, 40.534860228381994], [111.82228656719803, 40.535039891438814], [111.82246623025486, 40.535039891438814], [111.82246623025486, 40.53521955449564], [111.82264589331169, 40.53521955449564], [111.82264589331169, 40.53539921755247], [111.82246623025486, 40.53539921755247], [111.82246623025486, 40.535578880609286], [111.82228656719803, 40.535578880609286], [111.82228656719803, 40.53575854366611], [111.82210690414121, 40.53575854366611], [111.82210690414121, 40.53611786977976], [111.82120858885709, 40.53611786977976]]]}, "properties": {"name": "cand46", "ptype": "hall", "confidence": "low", "rank": 46, "area_ha": 3.0, "rise_db": 10.4, "digitised_from": "Sentinel-1 VV rise 2021->2026, orbit 113"}}, {"type": "Feature", "geometry": {"geodesic": false, "type": "Polygon", "coordinates": [[[111.83468331811888, 40.574925090053725], [111.83468331811888, 40.5747454269969], [111.83450365506206, 40.5747454269969], [111.83450365506206, 40.574206437826426], [111.83414432894841, 40.574206437826426], [111.83414432894841, 40.57384711171278], [111.83378500283476, 40.57384711171278], [111.83378500283476, 40.573667448655954], [111.83360533977795, 40.573667448655954], [111.83360533977795, 40.573487785599134], [111.83378500283476, 40.573487785599134], [111.83378500283476, 40.57312845948548], [111.83396466589159, 40.57312845948548], [111.83396466589159, 40.57294879642866], [111.83450365506206, 40.57294879642866], [111.83450365506206, 40.57312845948548], [111.83468331811888, 40.57312845948548], [111.83468331811888, 40.57330812254231], [111.83540197034618, 40.57330812254231], [111.83540197034618, 40.573487785599134], [111.83558163340301, 40.573487785599134], [111.83558163340301, 40.5740267747696], [111.83576129645982, 40.5740267747696], [111.83576129645982, 40.574206437826426], [111.83558163340301, 40.574206437826426], [111.83558163340301, 40.5747454269969], [111.83540197034618, 40.5747454269969], [111.83540197034618, 40.574925090053725], [111.83468331811888, 40.574925090053725]], [[111.83468331811888, 40.5740267747696], [111.83450365506206, 40.5740267747696], [111.83450365506206, 40.57384711171278], [111.83468331811888, 40.57384711171278], [111.83468331811888, 40.5740267747696]], [[111.83522230728936, 40.57438610088325], [111.83504264423253, 40.57438610088325], [111.83504264423253, 40.574206437826426], [111.83522230728936, 40.574206437826426], [111.83522230728936, 40.57438610088325]], [[111.83504264423253, 40.5747454269969], [111.8348629811757, 40.5747454269969], [111.8348629811757, 40.57456576394007], [111.83504264423253, 40.57456576394007], [111.83504264423253, 40.5747454269969]]]}, "properties": {"name": "cand47", "ptype": "hall", "confidence": "low", "rank": 47, "area_ha": 3.0, "rise_db": 8.2, "digitised_from": "Sentinel-1 VV rise 2021->2026, orbit 113"}}, {"type": "Feature", "geometry": {"geodesic": false, "type": "Polygon", "coordinates": [[[111.80539823985659, 40.54060944620036], [111.80539823985659, 40.54042978314353], [111.80503891374293, 40.54042978314353], [111.80503891374293, 40.54025012008671], [111.80485925068612, 40.54025012008671], [111.80485925068612, 40.540070457029884], [111.80414059845882, 40.540070457029884], [111.80414059845882, 40.53971113091624], [111.80449992457247, 40.53971113091624], [111.80449992457247, 40.539172141745766], [111.80432026151564, 40.539172141745766], [111.80432026151564, 40.53899247868894], [111.80449992457247, 40.53899247868894], [111.80449992457247, 40.538633152575294], [111.80485925068612, 40.538633152575294], [111.80485925068612, 40.53935180480259], [111.8046795876293, 40.53935180480259], [111.8046795876293, 40.53971113091624], [111.80539823985659, 40.53971113091624], [111.80539823985659, 40.53899247868894], [111.80593722902707, 40.53899247868894], [111.80593722902707, 40.539172141745766], [111.80611689208388, 40.539172141745766], [111.80611689208388, 40.53899247868894], [111.80665588125436, 40.53899247868894], [111.80665588125436, 40.53935180480259], [111.80647621819753, 40.53935180480259], [111.80647621819753, 40.53953146785941], [111.80683554431118, 40.53953146785941], [111.80683554431118, 40.53971113091624], [111.80665588125436, 40.53971113091624], [111.80665588125436, 40.53989079397306], [111.80647621819753, 40.53989079397306], [111.80647621819753, 40.53971113091624], [111.8062965551407, 40.53971113091624], [111.8062965551407, 40.53989079397306], [111.80611689208388, 40.53989079397306], [111.80611689208388, 40.540070457029884], [111.80575756597024, 40.540070457029884], [111.80575756597024, 40.54042978314353], [111.80557790291341, 40.54042978314353], [111.80557790291341, 40.54060944620036], [111.80539823985659, 40.54060944620036]]]}, "properties": {"name": "cand48", "ptype": "hall", "confidence": "low", "rank": 48, "area_ha": 2.9, "rise_db": 7.8, "digitised_from": "Sentinel-1 VV rise 2021->2026, orbit 113"}}, {"type": "Feature", "geometry": {"geodesic": false, "type": "Polygon", "coordinates": [[[111.80162531566329, 40.56432496970111], [111.80162531566329, 40.564145306644285], [111.80144565260646, 40.564145306644285], [111.80144565260646, 40.56378598053064], [111.80108632649281, 40.56378598053064], [111.80108632649281, 40.56360631747382], [111.80054733732234, 40.56360631747382], [111.80054733732234, 40.56324699136017], [111.80072700037917, 40.56324699136017], [111.80072700037917, 40.56288766524652], [111.800906663436, 40.56288766524652], [111.800906663436, 40.562708002189694], [111.80108632649281, 40.562708002189694], [111.80108632649281, 40.56288766524652], [111.80144565260646, 40.56288766524652], [111.80144565260646, 40.562708002189694], [111.80180497872011, 40.562708002189694], [111.80180497872011, 40.562528339132875], [111.8025236309474, 40.562528339132875], [111.8025236309474, 40.562708002189694], [111.80270329400423, 40.562708002189694], [111.80270329400423, 40.56306732830335], [111.80288295706106, 40.56306732830335], [111.80288295706106, 40.56324699136017], [111.80270329400423, 40.56324699136017], [111.80270329400423, 40.56306732830335], [111.8025236309474, 40.56306732830335], [111.8025236309474, 40.56342665441699], [111.80270329400423, 40.56342665441699], [111.80270329400423, 40.56360631747382], [111.80216430483375, 40.56360631747382], [111.80216430483375, 40.563965643587466], [111.80198464177694, 40.563965643587466], [111.80198464177694, 40.564145306644285], [111.80180497872011, 40.564145306644285], [111.80180497872011, 40.56432496970111], [111.80162531566329, 40.56432496970111]], [[111.80198464177694, 40.563965643587466], [111.80180497872011, 40.563965643587466], [111.80180497872011, 40.56378598053064], [111.80198464177694, 40.56378598053064], [111.80198464177694, 40.563965643587466]]]}, "properties": {"name": "cand49", "ptype": "hall", "confidence": "low", "rank": 49, "area_ha": 2.8, "rise_db": 9.6, "digitised_from": "Sentinel-1 VV rise 2021->2026, orbit 113"}}, {"type": "Feature", "geometry": {"geodesic": false, "type": "Polygon", "coordinates": [[[111.80719487042482, 40.57312845948548], [111.80719487042482, 40.57223014420136], [111.807015207368, 40.57223014420136], [111.807015207368, 40.57205048114454], [111.80665588125436, 40.57205048114454], [111.80665588125436, 40.57187081808772], [111.80611689208388, 40.57187081808772], [111.80611689208388, 40.57169115503089], [111.8062965551407, 40.57169115503089], [111.8062965551407, 40.571331828917245], [111.80647621819753, 40.571331828917245], [111.80647621819753, 40.57115216586042], [111.80665588125436, 40.57115216586042], [111.80665588125436, 40.5709725028036], [111.80719487042482, 40.5709725028036], [111.80719487042482, 40.57115216586042], [111.80755419653848, 40.57115216586042], [111.80755419653848, 40.5709725028036], [111.80791352265213, 40.5709725028036], [111.80791352265213, 40.57151149197407], [111.8077338595953, 40.57151149197407], [111.8077338595953, 40.57169115503089], [111.80791352265213, 40.57169115503089], [111.80791352265213, 40.57187081808772], [111.80863217487942, 40.57187081808772], [111.80863217487942, 40.57205048114454], [111.80809318570894, 40.57205048114454], [111.80809318570894, 40.57223014420136], [111.80755419653848, 40.57223014420136], [111.80755419653848, 40.57240980725819], [111.8077338595953, 40.57240980725819], [111.8077338595953, 40.572769133371835], [111.80755419653848, 40.572769133371835], [111.80755419653848, 40.57312845948548], [111.80719487042482, 40.57312845948548]]]}, "properties": {"name": "cand50", "ptype": "hall", "confidence": "low", "rank": 50, "area_ha": 2.8, "rise_db": 12.3, "digitised_from": "Sentinel-1 VV rise 2021->2026, orbit 113"}}, {"type": "Feature", "geometry": {"geodesic": false, "type": "Polygon", "coordinates": [[[111.74053987634316, 40.530368651961396], [111.74053987634316, 40.53018898890457], [111.73982122411586, 40.53018898890457], [111.73982122411586, 40.53000932584774], [111.73964156105905, 40.53000932584774], [111.73964156105905, 40.529829662790924], [111.73982122411586, 40.529829662790924], [111.73982122411586, 40.5296499997341], [111.74000088717268, 40.5296499997341], [111.74000088717268, 40.529111010563625], [111.73982122411586, 40.529111010563625], [111.73982122411586, 40.528931347506806], [111.73910257188857, 40.528931347506806], [111.73910257188857, 40.52839235833633], [111.73928223494539, 40.52839235833633], [111.73928223494539, 40.52821269527951], [111.73964156105905, 40.52821269527951], [111.73964156105905, 40.52839235833633], [111.73982122411586, 40.52839235833633], [111.73982122411586, 40.52857202139315], [111.7408992024568, 40.52857202139315], [111.7408992024568, 40.52929067362045], [111.74071953939998, 40.52929067362045], [111.74071953939998, 40.5296499997341], [111.7408992024568, 40.5296499997341], [111.7408992024568, 40.529829662790924], [111.74107886551363, 40.529829662790924], [111.74107886551363, 40.53018898890457], [111.74071953939998, 40.53018898890457], [111.74071953939998, 40.530368651961396], [111.74053987634316, 40.530368651961396]]]}, "properties": {"name": "cand51", "ptype": "hall", "confidence": "low", "rank": 51, "area_ha": 2.7, "rise_db": 8.4, "digitised_from": "Sentinel-1 VV rise 2021->2026, orbit 113"}}, {"type": "Feature", "geometry": {"geodesic": false, "type": "Polygon", "coordinates": [[[111.76856731320768, 40.500005595358154], [111.76856731320768, 40.49982593230133], [111.76730967180993, 40.49982593230133], [111.76730967180993, 40.49964626924451], [111.7671300087531, 40.49964626924451], [111.7671300087531, 40.49982593230133], [111.76677068263945, 40.49982593230133], [111.76677068263945, 40.49928694313086], [111.76766899792356, 40.49928694313086], [111.76766899792356, 40.49946660618768], [111.76820798709404, 40.49946660618768], [111.76820798709404, 40.49928694313086], [111.76856731320768, 40.49928694313086], [111.76856731320768, 40.49946660618768], [111.7709029329464, 40.49946660618768], [111.7709029329464, 40.49982593230133], [111.77072326988957, 40.49982593230133], [111.77072326988957, 40.500005595358154], [111.76856731320768, 40.500005595358154]]]}, "properties": {"name": "cand52", "ptype": "hall", "confidence": "low", "rank": 52, "area_ha": 2.6, "rise_db": 8.4, "digitised_from": "Sentinel-1 VV rise 2021->2026, orbit 113"}}, {"type": "Feature", "geometry": {"geodesic": false, "type": "Polygon", "coordinates": [[[111.80360160928835, 40.5003649214718], [111.80360160928835, 40.50018525841498], [111.80342194623152, 40.50018525841498], [111.80342194623152, 40.5003649214718], [111.8025236309474, 40.5003649214718], [111.8025236309474, 40.50018525841498], [111.80234396789058, 40.50018525841498], [111.80234396789058, 40.49964626924451], [111.8025236309474, 40.49964626924451], [111.8025236309474, 40.49946660618768], [111.80270329400423, 40.49946660618768], [111.80270329400423, 40.49874795396039], [111.80306262011787, 40.49874795396039], [111.80306262011787, 40.49856829090356], [111.8032422831747, 40.49856829090356], [111.8032422831747, 40.49874795396039], [111.80342194623152, 40.49874795396039], [111.80342194623152, 40.49892761701721], [111.80360160928835, 40.49892761701721], [111.80360160928835, 40.49874795396039], [111.803960935402, 40.49874795396039], [111.803960935402, 40.49946660618768], [111.80378127234518, 40.49946660618768], [111.80378127234518, 40.500005595358154], [111.80360160928835, 40.500005595358154], [111.80360160928835, 40.50018525841498], [111.80378127234518, 40.50018525841498], [111.80378127234518, 40.5003649214718], [111.80360160928835, 40.5003649214718]]]}, "properties": {"name": "cand53", "ptype": "hall", "confidence": "low", "rank": 53, "area_ha": 2.6, "rise_db": 11.9, "digitised_from": "Sentinel-1 VV rise 2021->2026, orbit 113"}}, {"type": "Feature", "geometry": {"geodesic": false, "type": "Polygon", "coordinates": [[[111.85875816773328, 40.56360631747382], [111.85875816773328, 40.56342665441699], [111.85857850467646, 40.56342665441699], [111.85857850467646, 40.56324699136017], [111.85875816773328, 40.56324699136017], [111.85875816773328, 40.56306732830335], [111.85839884161963, 40.56306732830335], [111.85839884161963, 40.56288766524652], [111.85857850467646, 40.56288766524652], [111.85857850467646, 40.562708002189694], [111.85875816773328, 40.562708002189694], [111.85875816773328, 40.562528339132875], [111.85893783079011, 40.562528339132875], [111.85893783079011, 40.56234867607605], [111.85911749384694, 40.56234867607605], [111.85911749384694, 40.56216901301922], [111.85929715690376, 40.56216901301922], [111.85929715690376, 40.5619893499624], [111.85947681996058, 40.5619893499624], [111.85947681996058, 40.561809686905576], [111.86019547218788, 40.561809686905576], [111.86019547218788, 40.5619893499624], [111.8603751352447, 40.5619893499624], [111.8603751352447, 40.56216901301922], [111.86055479830152, 40.56216901301922], [111.86055479830152, 40.562528339132875], [111.8603751352447, 40.562528339132875], [111.8603751352447, 40.562708002189694], [111.86019547218788, 40.562708002189694], [111.86019547218788, 40.56288766524652], [111.86001580913106, 40.56288766524652], [111.86001580913106, 40.56306732830335], [111.8596564830174, 40.56306732830335], [111.8596564830174, 40.56324699136017], [111.85929715690376, 40.56324699136017], [111.85929715690376, 40.56342665441699], [111.85911749384694, 40.56342665441699], [111.85911749384694, 40.56360631747382], [111.85875816773328, 40.56360631747382]], [[111.85911749384694, 40.56324699136017], [111.85893783079011, 40.56324699136017], [111.85893783079011, 40.56306732830335], [111.85911749384694, 40.56306732830335], [111.85911749384694, 40.56324699136017]]]}, "properties": {"name": "cand54", "ptype": "hall", "confidence": "low", "rank": 54, "area_ha": 2.6, "rise_db": 10.3, "digitised_from": "Sentinel-1 VV rise 2021->2026, orbit 113"}}, {"type": "Feature", "geometry": {"geodesic": false, "type": "Polygon", "coordinates": [[[111.83791725314171, 40.56971486140583], [111.83791725314171, 40.56881654612171], [111.83809691619854, 40.56881654612171], [111.83809691619854, 40.56863688306488], [111.83827657925536, 40.56863688306488], [111.83827657925536, 40.56827755695124], [111.83845624231219, 40.56827755695124], [111.83845624231219, 40.56791823083759], [111.83791725314171, 40.56791823083759], [111.83791725314171, 40.567558904723946], [111.83827657925536, 40.567558904723946], [111.83827657925536, 40.567738567780765], [111.83845624231219, 40.567738567780765], [111.83845624231219, 40.567558904723946], [111.838635905369, 40.567558904723946], [111.838635905369, 40.56719957861029], [111.83935455759631, 40.56719957861029], [111.83935455759631, 40.567738567780765], [111.83917489453948, 40.567738567780765], [111.83917489453948, 40.56791823083759], [111.83935455759631, 40.56791823083759], [111.83935455759631, 40.56809789389441], [111.83917489453948, 40.56809789389441], [111.83917489453948, 40.56863688306488], [111.83899523148266, 40.56863688306488], [111.83899523148266, 40.56881654612171], [111.838635905369, 40.56881654612171], [111.838635905369, 40.56935553529218], [111.83845624231219, 40.56935553529218], [111.83845624231219, 40.56953519834901], [111.83827657925536, 40.56953519834901], [111.83827657925536, 40.56971486140583], [111.83791725314171, 40.56971486140583]], [[111.83881556842583, 40.567738567780765], [111.838635905369, 40.567738567780765], [111.838635905369, 40.567558904723946], [111.83881556842583, 40.567558904723946], [111.83881556842583, 40.567738567780765]]]}, "properties": {"name": "cand55", "ptype": "hall", "confidence": "low", "rank": 55, "area_ha": 2.5, "rise_db": 9.0, "digitised_from": "Sentinel-1 VV rise 2021->2026, orbit 113"}}, {"type": "Feature", "geometry": {"geodesic": false, "type": "Polygon", "coordinates": [[[111.82372387165263, 40.558216425769096], [111.82372387165263, 40.55803676271228], [111.8235442085958, 40.55803676271228], [111.8235442085958, 40.55767743659863], [111.82336454553898, 40.55767743659863], [111.82336454553898, 40.557497773541805], [111.82264589331169, 40.557497773541805], [111.82264589331169, 40.55731811048498], [111.82246623025486, 40.55731811048498], [111.82246623025486, 40.55713844742816], [111.82264589331169, 40.55713844742816], [111.82264589331169, 40.556779121314506], [111.82246623025486, 40.556779121314506], [111.82246623025486, 40.55695878437133], [111.82210690414121, 40.55695878437133], [111.82210690414121, 40.556779121314506], [111.82192724108438, 40.556779121314506], [111.82192724108438, 40.556599458257686], [111.82210690414121, 40.556599458257686], [111.82210690414121, 40.55641979520086], [111.82192724108438, 40.55641979520086], [111.82192724108438, 40.55624013214403], [111.82228656719803, 40.55624013214403], [111.82228656719803, 40.55641979520086], [111.82246623025486, 40.55641979520086], [111.82246623025486, 40.556599458257686], [111.8228255563685, 40.556599458257686], [111.8228255563685, 40.55641979520086], [111.82264589331169, 40.55641979520086], [111.82264589331169, 40.55624013214403], [111.8235442085958, 40.55624013214403], [111.8235442085958, 40.556599458257686], [111.82336454553898, 40.556599458257686], [111.82336454553898, 40.556779121314506], [111.82390353470944, 40.556779121314506], [111.82390353470944, 40.55767743659863], [111.82408319776627, 40.55767743659863], [111.82408319776627, 40.55803676271228], [111.82390353470944, 40.55803676271228], [111.82390353470944, 40.558216425769096], [111.82372387165263, 40.558216425769096]], [[111.82300521942533, 40.55713844742816], [111.8228255563685, 40.55713844742816], [111.8228255563685, 40.55695878437133], [111.82300521942533, 40.55695878437133], [111.82300521942533, 40.55713844742816]]]}, "properties": {"name": "cand56", "ptype": "hall", "confidence": "low", "rank": 56, "area_ha": 2.4, "rise_db": 9.1, "digitised_from": "Sentinel-1 VV rise 2021->2026, orbit 113"}}, {"type": "Feature", "geometry": {"geodesic": false, "type": "Polygon", "coordinates": [[[111.82408319776627, 40.55174855572344], [111.82408319776627, 40.55138922960979], [111.82318488248215, 40.55138922960979], [111.82318488248215, 40.55102990349614], [111.82390353470944, 40.55102990349614], [111.82390353470944, 40.55085024043932], [111.82408319776627, 40.55085024043932], [111.82408319776627, 40.5506705773825], [111.82444252387992, 40.5506705773825], [111.82444252387992, 40.55085024043932], [111.82462218693675, 40.55085024043932], [111.82462218693675, 40.55102990349614], [111.82480184999356, 40.55102990349614], [111.82480184999356, 40.55085024043932], [111.82516117610722, 40.55085024043932], [111.82516117610722, 40.5506705773825], [111.82534083916404, 40.5506705773825], [111.82534083916404, 40.55049091432567], [111.82587982833451, 40.55049091432567], [111.82587982833451, 40.5506705773825], [111.82605949139133, 40.5506705773825], [111.82605949139133, 40.55085024043932], [111.82587982833451, 40.55085024043932], [111.82587982833451, 40.55102990349614], [111.82516117610722, 40.55102990349614], [111.82516117610722, 40.55120956655297], [111.82534083916404, 40.55120956655297], [111.82534083916404, 40.55138922960979], [111.82552050222087, 40.55138922960979], [111.82552050222087, 40.55174855572344], [111.82408319776627, 40.55174855572344]]]}, "properties": {"name": "cand57", "ptype": "hall", "confidence": "low", "rank": 57, "area_ha": 2.4, "rise_db": 6.4, "digitised_from": "Sentinel-1 VV rise 2021->2026, orbit 113"}}, {"type": "Feature", "geometry": {"geodesic": false, "type": "Polygon", "coordinates": [[[111.81186610990225, 40.57187081808772], [111.81186610990225, 40.57169115503089], [111.81204577295907, 40.57169115503089], [111.81204577295907, 40.571331828917245], [111.81168644684543, 40.571331828917245], [111.81168644684543, 40.57115216586042], [111.81114745767495, 40.57115216586042], [111.81114745767495, 40.5709725028036], [111.81096779461812, 40.5709725028036], [111.81096779461812, 40.570613176689946], [111.81114745767495, 40.570613176689946], [111.81114745767495, 40.57043351363313], [111.81168644684543, 40.57043351363313], [111.81168644684543, 40.570613176689946], [111.81240509907272, 40.570613176689946], [111.81240509907272, 40.57079283974677], [111.81276442518637, 40.57079283974677], [111.81276442518637, 40.5709725028036], [111.81312375130001, 40.5709725028036], [111.81312375130001, 40.57115216586042], [111.81366274047049, 40.57115216586042], [111.81366274047049, 40.571331828917245], [111.81384240352732, 40.571331828917245], [111.81384240352732, 40.57151149197407], [111.81366274047049, 40.57151149197407], [111.81366274047049, 40.57169115503089], [111.81294408824319, 40.57169115503089], [111.81294408824319, 40.57151149197407], [111.8122254360159, 40.57151149197407], [111.8122254360159, 40.57169115503089], [111.81204577295907, 40.57169115503089], [111.81204577295907, 40.57187081808772], [111.81186610990225, 40.57187081808772]]]}, "properties": {"name": "cand58", "ptype": "hall", "confidence": "low", "rank": 58, "area_ha": 2.4, "rise_db": 16.4, "digitised_from": "Sentinel-1 VV rise 2021->2026, orbit 113"}}, {"type": "Feature", "geometry": {"geodesic": false, "type": "Polygon", "coordinates": [[[111.86720233140402, 40.52569741248397], [111.86720233140402, 40.52551774942715], [111.86702266834719, 40.52551774942715], [111.86702266834719, 40.525338086370326], [111.8663040161199, 40.525338086370326], [111.8663040161199, 40.5251584233135], [111.86612435306307, 40.5251584233135], [111.86612435306307, 40.52497876025668], [111.86594469000624, 40.52497876025668], [111.86594469000624, 40.52479909719985], [111.86576502694942, 40.52479909719985], [111.86576502694942, 40.52461943414303], [111.86558536389259, 40.52461943414303], [111.86558536389259, 40.523900781915735], [111.86576502694942, 40.523900781915735], [111.86576502694942, 40.52372111885891], [111.86612435306307, 40.52372111885891], [111.86612435306307, 40.52354145580209], [111.8663040161199, 40.52354145580209], [111.8663040161199, 40.524080444972554], [111.86648367917671, 40.524080444972554], [111.86648367917671, 40.52426010802938], [111.86666334223354, 40.52426010802938], [111.86666334223354, 40.52443977108621], [111.86684300529036, 40.52443977108621], [111.86684300529036, 40.52461943414303], [111.86702266834719, 40.52461943414303], [111.86702266834719, 40.52479909719985], [111.86720233140402, 40.52479909719985], [111.86720233140402, 40.52497876025668], [111.86702266834719, 40.52497876025668], [111.86702266834719, 40.525338086370326], [111.86756165751765, 40.525338086370326], [111.86756165751765, 40.5251584233135], [111.86774132057448, 40.5251584233135], [111.86774132057448, 40.52551774942715], [111.86756165751765, 40.52551774942715], [111.86756165751765, 40.52569741248397], [111.86720233140402, 40.52569741248397]], [[111.8663040161199, 40.52426010802938], [111.86612435306307, 40.52426010802938], [111.86612435306307, 40.524080444972554], [111.8663040161199, 40.524080444972554], [111.8663040161199, 40.52426010802938]], [[111.86702266834719, 40.52497876025668], [111.86684300529036, 40.52497876025668], [111.86684300529036, 40.52479909719985], [111.86702266834719, 40.52479909719985], [111.86702266834719, 40.52497876025668]]]}, "properties": {"name": "cand59", "ptype": "hall", "confidence": "low", "rank": 59, "area_ha": 2.2, "rise_db": 11.8, "digitised_from": "Sentinel-1 VV rise 2021->2026, orbit 113"}}, {"type": "Feature", "geometry": {"geodesic": false, "type": "Polygon", "coordinates": [[[111.81060846850448, 40.53216528252963], [111.81060846850448, 40.531985619472806], [111.810069479334, 40.531985619472806], [111.810069479334, 40.53180595641599], [111.80953049016354, 40.53180595641599], [111.80953049016354, 40.53108730418869], [111.80971015322037, 40.53108730418869], [111.80971015322037, 40.53090764113187], [111.80988981627719, 40.53090764113187], [111.80988981627719, 40.53072797807504], [111.81024914239083, 40.53072797807504], [111.81024914239083, 40.53090764113187], [111.81078813156131, 40.53090764113187], [111.81078813156131, 40.53108730418869], [111.81114745767495, 40.53108730418869], [111.81114745767495, 40.531266967245514], [111.8115067837886, 40.531266967245514], [111.8115067837886, 40.53144663030234], [111.81132712073178, 40.53144663030234], [111.81132712073178, 40.53162629335916], [111.81096779461812, 40.53162629335916], [111.81096779461812, 40.53180595641599], [111.81114745767495, 40.53180595641599], [111.81114745767495, 40.531985619472806], [111.81096779461812, 40.531985619472806], [111.81096779461812, 40.53216528252963], [111.81060846850448, 40.53216528252963]]]}, "properties": {"name": "cand60", "ptype": "hall", "confidence": "low", "rank": 60, "area_ha": 2.2, "rise_db": 10.4, "digitised_from": "Sentinel-1 VV rise 2021->2026, orbit 113"}}, {"type": "Feature", "geometry": {"geodesic": false, "type": "Polygon", "coordinates": [[[111.82031027357297, 40.56091137162146], [111.82031027357297, 40.56073170856463], [111.82013061051614, 40.56073170856463], [111.82013061051614, 40.56055204550781], [111.8197712844025, 40.56055204550781], [111.8197712844025, 40.56019271939416], [111.81995094745932, 40.56019271939416], [111.81995094745932, 40.56001305633734], [111.82013061051614, 40.56001305633734], [111.82013061051614, 40.55983339328051], [111.82031027357297, 40.55983339328051], [111.82031027357297, 40.559653730223694], [111.82013061051614, 40.559653730223694], [111.82013061051614, 40.55947406716687], [111.81995094745932, 40.55947406716687], [111.81995094745932, 40.55911474105322], [111.82066959968662, 40.55911474105322], [111.82066959968662, 40.55875541493957], [111.82102892580026, 40.55875541493957], [111.82102892580026, 40.558935077996395], [111.82084926274344, 40.558935077996395], [111.82084926274344, 40.55911474105322], [111.82066959968662, 40.55911474105322], [111.82066959968662, 40.559653730223694], [111.82084926274344, 40.559653730223694], [111.82084926274344, 40.55983339328051], [111.82120858885709, 40.55983339328051], [111.82120858885709, 40.56001305633734], [111.82138825191392, 40.56001305633734], [111.82138825191392, 40.56019271939416], [111.82210690414121, 40.56019271939416], [111.82210690414121, 40.560372382450986], [111.82192724108438, 40.560372382450986], [111.82192724108438, 40.56055204550781], [111.82138825191392, 40.56055204550781], [111.82138825191392, 40.560372382450986], [111.8204899366298, 40.560372382450986], [111.8204899366298, 40.56091137162146], [111.82031027357297, 40.56091137162146]], [[111.8204899366298, 40.560372382450986], [111.82013061051614, 40.560372382450986], [111.82013061051614, 40.56001305633734], [111.82031027357297, 40.56001305633734], [111.82031027357297, 40.56019271939416], [111.8204899366298, 40.56019271939416], [111.8204899366298, 40.560372382450986]]]}, "properties": {"name": "cand61", "ptype": "hall", "confidence": "low", "rank": 61, "area_ha": 2.0, "rise_db": 6.3, "digitised_from": "Sentinel-1 VV rise 2021->2026, orbit 113"}}, {"type": "Feature", "geometry": {"geodesic": false, "type": "Polygon", "coordinates": [[[111.84851737349432, 40.55857575188275], [111.84851737349432, 40.55785709965545], [111.84869703655114, 40.55785709965545], [111.84869703655114, 40.55767743659863], [111.8483377104375, 40.55767743659863], [111.8483377104375, 40.55731811048498], [111.84815804738068, 40.55731811048498], [111.84815804738068, 40.55695878437133], [111.84887669960797, 40.55695878437133], [111.84887669960797, 40.556779121314506], [111.84851737349432, 40.556779121314506], [111.84851737349432, 40.556599458257686], [111.8483377104375, 40.556599458257686], [111.8483377104375, 40.55641979520086], [111.84815804738068, 40.55641979520086], [111.84815804738068, 40.556599458257686], [111.84797838432385, 40.556599458257686], [111.84797838432385, 40.55641979520086], [111.84779872126703, 40.55641979520086], [111.84779872126703, 40.55624013214403], [111.8476190582102, 40.55624013214403], [111.8476190582102, 40.556060469087214], [111.84815804738068, 40.556060469087214], [111.84815804738068, 40.55624013214403], [111.84851737349432, 40.55624013214403], [111.84851737349432, 40.55641979520086], [111.84923602572162, 40.55641979520086], [111.84923602572162, 40.556779121314506], [111.8490563626648, 40.556779121314506], [111.8490563626648, 40.55731811048498], [111.84887669960797, 40.55731811048498], [111.84887669960797, 40.557497773541805], [111.84923602572162, 40.557497773541805], [111.84923602572162, 40.55785709965545], [111.8490563626648, 40.55785709965545], [111.8490563626648, 40.55839608882592], [111.84887669960797, 40.55839608882592], [111.84887669960797, 40.55857575188275], [111.84851737349432, 40.55857575188275]]]}, "properties": {"name": "cand62", "ptype": "hall", "confidence": "low", "rank": 62, "area_ha": 2.0, "rise_db": 8.2, "digitised_from": "Sentinel-1 VV rise 2021->2026, orbit 113"}}, {"type": "Feature", "geometry": {"geodesic": false, "type": "Polygon", "coordinates": [[[111.81995094745932, 40.55875541493957], [111.81995094745932, 40.55857575188275], [111.81959162134568, 40.55857575188275], [111.81959162134568, 40.55839608882592], [111.81941195828885, 40.55839608882592], [111.81941195828885, 40.558216425769096], [111.81833397994791, 40.558216425769096], [111.81833397994791, 40.55785709965545], [111.81869330606156, 40.55785709965545], [111.81869330606156, 40.55767743659863], [111.81887296911837, 40.55767743659863], [111.81887296911837, 40.557497773541805], [111.8190526321752, 40.557497773541805], [111.8190526321752, 40.55731811048498], [111.81923229523203, 40.55731811048498], [111.81923229523203, 40.557497773541805], [111.81941195828885, 40.557497773541805], [111.81941195828885, 40.55785709965545], [111.81959162134568, 40.55785709965545], [111.81959162134568, 40.55767743659863], [111.82013061051614, 40.55767743659863], [111.82013061051614, 40.55785709965545], [111.8204899366298, 40.55785709965545], [111.8204899366298, 40.55803676271228], [111.82066959968662, 40.55803676271228], [111.82066959968662, 40.55839608882592], [111.8204899366298, 40.55839608882592], [111.8204899366298, 40.55857575188275], [111.82031027357297, 40.55857575188275], [111.82031027357297, 40.55875541493957], [111.81995094745932, 40.55875541493957]]]}, "properties": {"name": "cand63", "ptype": "hall", "confidence": "low", "rank": 63, "area_ha": 2.0, "rise_db": 7.4, "digitised_from": "Sentinel-1 VV rise 2021->2026, orbit 113"}}, {"type": "Feature", "geometry": {"geodesic": false, "type": "Polygon", "coordinates": [[[111.82372387165263, 40.56216901301922], [111.82372387165263, 40.5619893499624], [111.82336454553898, 40.5619893499624], [111.82336454553898, 40.56163002384876], [111.82318488248215, 40.56163002384876], [111.82318488248215, 40.561809686905576], [111.82264589331169, 40.561809686905576], [111.82264589331169, 40.56145036079193], [111.82246623025486, 40.56145036079193], [111.82246623025486, 40.561270697735104], [111.82264589331169, 40.561270697735104], [111.82264589331169, 40.561091034678284], [111.8228255563685, 40.561091034678284], [111.8228255563685, 40.56091137162146], [111.82318488248215, 40.56091137162146], [111.82318488248215, 40.56073170856463], [111.8235442085958, 40.56073170856463], [111.8235442085958, 40.56091137162146], [111.82372387165263, 40.56091137162146], [111.82372387165263, 40.561091034678284], [111.82390353470944, 40.561091034678284], [111.82390353470944, 40.561270697735104], [111.8242628608231, 40.561270697735104], [111.8242628608231, 40.56163002384876], [111.82408319776627, 40.56163002384876], [111.82408319776627, 40.561809686905576], [111.8242628608231, 40.561809686905576], [111.8242628608231, 40.5619893499624], [111.82408319776627, 40.5619893499624], [111.82408319776627, 40.56216901301922], [111.82372387165263, 40.56216901301922]]]}, "properties": {"name": "cand64", "ptype": "hall", "confidence": "low", "rank": 64, "area_ha": 1.9, "rise_db": 10.2, "digitised_from": "Sentinel-1 VV rise 2021->2026, orbit 113"}}, {"type": "Feature", "geometry": {"geodesic": false, "type": "Polygon", "coordinates": [[[111.82408319776627, 40.55588080603039], [111.82408319776627, 40.55570114297357], [111.8235442085958, 40.55570114297357], [111.8235442085958, 40.55552147991674], [111.82336454553898, 40.55552147991674], [111.82336454553898, 40.555162153803096], [111.8228255563685, 40.555162153803096], [111.8228255563685, 40.55480282768944], [111.82336454553898, 40.55480282768944], [111.82336454553898, 40.55462316463262], [111.82372387165263, 40.55462316463262], [111.82372387165263, 40.5544435015758], [111.82390353470944, 40.5544435015758], [111.82390353470944, 40.55462316463262], [111.8242628608231, 40.55462316463262], [111.8242628608231, 40.55480282768944], [111.82444252387992, 40.55480282768944], [111.82444252387992, 40.55498249074627], [111.8242628608231, 40.55498249074627], [111.8242628608231, 40.555162153803096], [111.82462218693675, 40.555162153803096], [111.82462218693675, 40.55570114297357], [111.82444252387992, 40.55570114297357], [111.82444252387992, 40.55588080603039], [111.82408319776627, 40.55588080603039]]]}, "properties": {"name": "cand65", "ptype": "hall", "confidence": "low", "rank": 65, "area_ha": 1.8, "rise_db": 7.4, "digitised_from": "Sentinel-1 VV rise 2021->2026, orbit 113"}}, {"type": "Feature", "geometry": {"geodesic": false, "type": "Polygon", "coordinates": [[[111.77036394377592, 40.556060469087214], [111.77036394377592, 40.55588080603039], [111.76982495460545, 40.55588080603039], [111.76982495460545, 40.55570114297357], [111.76910630237816, 40.55570114297357], [111.76910630237816, 40.55552147991674], [111.76856731320768, 40.55552147991674], [111.76856731320768, 40.555341816859915], [111.76802832403722, 40.555341816859915], [111.76802832403722, 40.555162153803096], [111.76784866098039, 40.555162153803096], [111.76784866098039, 40.55498249074627], [111.76802832403722, 40.55498249074627], [111.76802832403722, 40.55480282768944], [111.76820798709404, 40.55480282768944], [111.76820798709404, 40.55498249074627], [111.76892663932134, 40.55498249074627], [111.76892663932134, 40.555162153803096], [111.7694656284918, 40.555162153803096], [111.7694656284918, 40.555341816859915], [111.77000461766228, 40.555341816859915], [111.77000461766228, 40.55552147991674], [111.77054360683275, 40.55552147991674], [111.77054360683275, 40.55570114297357], [111.77126225906005, 40.55570114297357], [111.77126225906005, 40.556060469087214], [111.77036394377592, 40.556060469087214]]]}, "properties": {"name": "cand66", "ptype": "hall", "confidence": "low", "rank": 66, "area_ha": 1.8, "rise_db": 13.7, "digitised_from": "Sentinel-1 VV rise 2021->2026, orbit 113"}}, {"type": "Feature", "geometry": {"geodesic": false, "type": "Polygon", "coordinates": [[[111.86001580913106, 40.5702538505763], [111.86001580913106, 40.570074187519474], [111.8596564830174, 40.570074187519474], [111.8596564830174, 40.569894524462654], [111.85911749384694, 40.569894524462654], [111.85911749384694, 40.56971486140583], [111.85875816773328, 40.56971486140583], [111.85875816773328, 40.56953519834901], [111.85821917856282, 40.56953519834901], [111.85821917856282, 40.56935553529218], [111.858039515506, 40.56935553529218], [111.858039515506, 40.569175872235355], [111.85785985244917, 40.569175872235355], [111.85785985244917, 40.56881654612171], [111.858039515506, 40.56881654612171], [111.858039515506, 40.56863688306488], [111.85821917856282, 40.56863688306488], [111.85821917856282, 40.568457220008064], [111.85857850467646, 40.568457220008064], [111.85857850467646, 40.56863688306488], [111.85875816773328, 40.56863688306488], [111.85875816773328, 40.568996209178536], [111.85857850467646, 40.568996209178536], [111.85857850467646, 40.569175872235355], [111.85893783079011, 40.569175872235355], [111.85893783079011, 40.56935553529218], [111.85929715690376, 40.56935553529218], [111.85929715690376, 40.56953519834901], [111.8596564830174, 40.56953519834901], [111.8596564830174, 40.56971486140583], [111.86019547218788, 40.56971486140583], [111.86019547218788, 40.569894524462654], [111.8603751352447, 40.569894524462654], [111.8603751352447, 40.5702538505763], [111.86001580913106, 40.5702538505763]]]}, "properties": {"name": "cand67", "ptype": "hall", "confidence": "low", "rank": 67, "area_ha": 1.7, "rise_db": 10.9, "digitised_from": "Sentinel-1 VV rise 2021->2026, orbit 113"}}, {"type": "Feature", "geometry": {"geodesic": false, "type": "Polygon", "coordinates": [[[111.78563530360596, 40.50072424758545], [111.78563530360596, 40.500544584528626], [111.78545564054913, 40.500544584528626], [111.78545564054913, 40.5003649214718], [111.78563530360596, 40.5003649214718], [111.78563530360596, 40.50018525841498], [111.78599462971961, 40.50018525841498], [111.78599462971961, 40.49982593230133], [111.78617429277642, 40.49982593230133], [111.78617429277642, 40.49964626924451], [111.78653361889008, 40.49964626924451], [111.78653361889008, 40.49982593230133], [111.78689294500373, 40.49982593230133], [111.78689294500373, 40.500005595358154], [111.78779126028785, 40.500005595358154], [111.78779126028785, 40.50018525841498], [111.78797092334467, 40.50018525841498], [111.78797092334467, 40.5003649214718], [111.78779126028785, 40.5003649214718], [111.78779126028785, 40.500544584528626], [111.78689294500373, 40.500544584528626], [111.78689294500373, 40.5003649214718], [111.78617429277642, 40.5003649214718], [111.78617429277642, 40.50072424758545], [111.78563530360596, 40.50072424758545]]]}, "properties": {"name": "cand68", "ptype": "hall", "confidence": "low", "rank": 68, "area_ha": 1.7, "rise_db": 8.5, "digitised_from": "Sentinel-1 VV rise 2021->2026, orbit 113"}}, {"type": "Feature", "geometry": {"geodesic": false, "type": "Polygon", "coordinates": [[[111.85929715690376, 40.57240980725819], [111.85929715690376, 40.57205048114454], [111.85947681996058, 40.57205048114454], [111.85947681996058, 40.57187081808772], [111.8596564830174, 40.57187081808772], [111.8596564830174, 40.571331828917245], [111.86019547218788, 40.571331828917245], [111.86019547218788, 40.5709725028036], [111.8603751352447, 40.5709725028036], [111.8603751352447, 40.57079283974677], [111.86091412441517, 40.57079283974677], [111.86091412441517, 40.570613176689946], [111.861093787472, 40.570613176689946], [111.861093787472, 40.57079283974677], [111.86163277664247, 40.57079283974677], [111.86163277664247, 40.57115216586042], [111.86127345052883, 40.57115216586042], [111.86127345052883, 40.5709725028036], [111.86091412441517, 40.5709725028036], [111.86091412441517, 40.571331828917245], [111.86055479830152, 40.571331828917245], [111.86055479830152, 40.57151149197407], [111.8603751352447, 40.57151149197407], [111.8603751352447, 40.57187081808772], [111.86019547218788, 40.57187081808772], [111.86019547218788, 40.57205048114454], [111.86001580913106, 40.57205048114454], [111.86001580913106, 40.57223014420136], [111.85983614607423, 40.57223014420136], [111.85983614607423, 40.57240980725819], [111.85929715690376, 40.57240980725819]]]}, "properties": {"name": "cand69", "ptype": "hall", "confidence": "low", "rank": 69, "area_ha": 1.7, "rise_db": 7.5, "digitised_from": "Sentinel-1 VV rise 2021->2026, orbit 113"}}, {"type": "Feature", "geometry": {"geodesic": false, "type": "Polygon", "coordinates": [[[111.86145311358564, 40.57330812254231], [111.86145311358564, 40.57312845948548], [111.861093787472, 40.57312845948548], [111.861093787472, 40.57294879642866], [111.86073446135835, 40.57294879642866], [111.86073446135835, 40.572769133371835], [111.8603751352447, 40.572769133371835], [111.8603751352447, 40.57240980725819], [111.86055479830152, 40.57240980725819], [111.86055479830152, 40.57205048114454], [111.86073446135835, 40.57205048114454], [111.86073446135835, 40.57187081808772], [111.86091412441517, 40.57187081808772], [111.86091412441517, 40.57169115503089], [111.86127345052883, 40.57169115503089], [111.86127345052883, 40.571331828917245], [111.86145311358564, 40.571331828917245], [111.86145311358564, 40.57151149197407], [111.86181243969929, 40.57151149197407], [111.86181243969929, 40.57187081808772], [111.86163277664247, 40.57187081808772], [111.86163277664247, 40.57205048114454], [111.86145311358564, 40.57205048114454], [111.86145311358564, 40.57223014420136], [111.86127345052883, 40.57223014420136], [111.86127345052883, 40.572769133371835], [111.86145311358564, 40.572769133371835], [111.86145311358564, 40.57294879642866], [111.86181243969929, 40.57294879642866], [111.86181243969929, 40.57330812254231], [111.86145311358564, 40.57330812254231]], [[111.86073446135835, 40.57258947031501], [111.86055479830152, 40.57258947031501], [111.86055479830152, 40.57240980725819], [111.86073446135835, 40.57240980725819], [111.86073446135835, 40.57258947031501]]]}, "properties": {"name": "cand70", "ptype": "hall", "confidence": "low", "rank": 70, "area_ha": 1.7, "rise_db": 6.7, "digitised_from": "Sentinel-1 VV rise 2021->2026, orbit 113"}}, {"type": "Feature", "geometry": {"geodesic": false, "type": "Polygon", "coordinates": [[[111.80162531566329, 40.49515469282391], [111.80162531566329, 40.494795366710264], [111.80144565260646, 40.494795366710264], [111.80144565260646, 40.49443604059661], [111.80162531566329, 40.49443604059661], [111.80162531566329, 40.49425637753979], [111.80180497872011, 40.49425637753979], [111.80180497872011, 40.494076714482965], [111.80216430483375, 40.494076714482965], [111.80216430483375, 40.49389705142614], [111.8025236309474, 40.49389705142614], [111.8025236309474, 40.494076714482965], [111.80270329400423, 40.494076714482965], [111.80270329400423, 40.494795366710264], [111.80288295706106, 40.494795366710264], [111.80288295706106, 40.49497502976708], [111.8025236309474, 40.49497502976708], [111.8025236309474, 40.49515469282391], [111.80162531566329, 40.49515469282391]]]}, "properties": {"name": "cand71", "ptype": "hall", "confidence": "low", "rank": 71, "area_ha": 1.6, "rise_db": 9.8, "digitised_from": "Sentinel-1 VV rise 2021->2026, orbit 113"}}, {"type": "Feature", "geometry": {"geodesic": false, "type": "Polygon", "coordinates": [[[111.86899896197225, 40.566301263326174], [111.86899896197225, 40.56612160026935], [111.86881929891543, 40.56612160026935], [111.86881929891543, 40.56594193721253], [111.8686396358586, 40.56594193721253], [111.8686396358586, 40.56558261109888], [111.86881929891543, 40.56558261109888], [111.86881929891543, 40.565402948042056], [111.86899896197225, 40.565402948042056], [111.86899896197225, 40.56522328498523], [111.86917862502908, 40.56522328498523], [111.86917862502908, 40.56504362192841], [111.86971761419954, 40.56504362192841], [111.86971761419954, 40.564863958871584], [111.8700769403132, 40.564863958871584], [111.8700769403132, 40.56504362192841], [111.87025660337002, 40.56504362192841], [111.87025660337002, 40.56522328498523], [111.86971761419954, 40.56522328498523], [111.86971761419954, 40.56558261109888], [111.86989727725637, 40.56558261109888], [111.86989727725637, 40.56594193721253], [111.86971761419954, 40.56594193721253], [111.86971761419954, 40.56612160026935], [111.86953795114272, 40.56612160026935], [111.86953795114272, 40.566301263326174], [111.86899896197225, 40.566301263326174]]]}, "properties": {"name": "cand72", "ptype": "hall", "confidence": "low", "rank": 72, "area_ha": 1.6, "rise_db": 8.8, "digitised_from": "Sentinel-1 VV rise 2021->2026, orbit 113"}}, {"type": "Feature", "geometry": {"geodesic": false, "type": "Polygon", "coordinates": [[[111.85624288493776, 40.57151149197407], [111.85624288493776, 40.571331828917245], [111.85606322188093, 40.571331828917245], [111.85606322188093, 40.57115216586042], [111.85624288493776, 40.57115216586042], [111.85624288493776, 40.5709725028036], [111.85642254799457, 40.5709725028036], [111.85642254799457, 40.57079283974677], [111.8566022110514, 40.57079283974677], [111.8566022110514, 40.57043351363313], [111.85678187410822, 40.57043351363313], [111.85678187410822, 40.5702538505763], [111.85696153716505, 40.5702538505763], [111.85696153716505, 40.570074187519474], [111.85714120022188, 40.570074187519474], [111.85714120022188, 40.569894524462654], [111.8573208632787, 40.569894524462654], [111.8573208632787, 40.56953519834901], [111.85750052633551, 40.56953519834901], [111.85750052633551, 40.56935553529218], [111.85785985244917, 40.56935553529218], [111.85785985244917, 40.569894524462654], [111.85768018939234, 40.569894524462654], [111.85768018939234, 40.5702538505763], [111.85750052633551, 40.5702538505763], [111.85750052633551, 40.57043351363313], [111.8573208632787, 40.57043351363313], [111.8573208632787, 40.570613176689946], [111.85714120022188, 40.570613176689946], [111.85714120022188, 40.57079283974677], [111.85696153716505, 40.57079283974677], [111.85696153716505, 40.57115216586042], [111.85678187410822, 40.57115216586042], [111.85678187410822, 40.571331828917245], [111.8566022110514, 40.571331828917245], [111.8566022110514, 40.57151149197407], [111.85624288493776, 40.57151149197407]]]}, "properties": {"name": "cand73", "ptype": "hall", "confidence": "low", "rank": 73, "area_ha": 1.6, "rise_db": 10.6, "digitised_from": "Sentinel-1 VV rise 2021->2026, orbit 113"}}, {"type": "Feature", "geometry": {"geodesic": false, "type": "Polygon", "coordinates": [[[111.85498524353999, 40.58552521040633], [111.85498524353999, 40.58534554734951], [111.85480558048316, 40.58534554734951], [111.85480558048316, 40.585165884292685], [111.85408692825587, 40.585165884292685], [111.85408692825587, 40.58498622123586], [111.8542665913127, 40.58498622123586], [111.8542665913127, 40.58462689512221], [111.8544462543695, 40.58462689512221], [111.8544462543695, 40.584447232065386], [111.85462591742633, 40.584447232065386], [111.85462591742633, 40.58390824289492], [111.85480558048316, 40.58390824289492], [111.85480558048316, 40.58354891678127], [111.85498524353999, 40.58354891678127], [111.85498524353999, 40.58336925372445], [111.85516490659681, 40.58336925372445], [111.85516490659681, 40.583728579838095], [111.85498524353999, 40.583728579838095], [111.85498524353999, 40.58426756900857], [111.85480558048316, 40.58426756900857], [111.85480558048316, 40.584447232065386], [111.85516490659681, 40.584447232065386], [111.85516490659681, 40.58462689512221], [111.85552423271045, 40.58462689512221], [111.85552423271045, 40.58480655817904], [111.85570389576728, 40.58480655817904], [111.85570389576728, 40.585165884292685], [111.85498524353999, 40.585165884292685], [111.85498524353999, 40.58534554734951], [111.85516490659681, 40.58534554734951], [111.85516490659681, 40.58552521040633], [111.85498524353999, 40.58552521040633]]]}, "properties": {"name": "cand74", "ptype": "hall", "confidence": "low", "rank": 74, "area_ha": 1.6, "rise_db": 9.3, "digitised_from": "Sentinel-1 VV rise 2021->2026, orbit 113"}}, {"type": "Feature", "geometry": {"geodesic": false, "type": "Polygon", "coordinates": [[[111.81941195828885, 40.555341816859915], [111.81941195828885, 40.555162153803096], [111.81923229523203, 40.555162153803096], [111.81923229523203, 40.5544435015758], [111.81887296911837, 40.5544435015758], [111.81887296911837, 40.55480282768944], [111.81869330606156, 40.55480282768944], [111.81869330606156, 40.55498249074627], [111.81833397994791, 40.55498249074627], [111.81833397994791, 40.55480282768944], [111.81815431689108, 40.55480282768944], [111.81815431689108, 40.55462316463262], [111.81833397994791, 40.55462316463262], [111.81833397994791, 40.5544435015758], [111.81851364300474, 40.5544435015758], [111.81851364300474, 40.55426383851897], [111.81869330606156, 40.55426383851897], [111.81869330606156, 40.55408417546215], [111.8190526321752, 40.55408417546215], [111.8190526321752, 40.553724849348505], [111.81923229523203, 40.553724849348505], [111.81923229523203, 40.55354518629168], [111.81941195828885, 40.55354518629168], [111.81941195828885, 40.553904512405325], [111.81959162134568, 40.553904512405325], [111.81959162134568, 40.55408417546215], [111.8197712844025, 40.55408417546215], [111.8197712844025, 40.55462316463262], [111.81959162134568, 40.55462316463262], [111.81959162134568, 40.555341816859915], [111.81941195828885, 40.555341816859915]]]}, "properties": {"name": "cand75", "ptype": "hall", "confidence": "low", "rank": 75, "area_ha": 1.5, "rise_db": 8.2, "digitised_from": "Sentinel-1 VV rise 2021->2026, orbit 113"}}, {"type": "Feature", "geometry": {"geodesic": false, "type": "Polygon", "coordinates": [[[111.81492038186825, 40.56881654612171], [111.81492038186825, 40.56863688306488], [111.81456105575461, 40.56863688306488], [111.81456105575461, 40.568457220008064], [111.81474071881144, 40.568457220008064], [111.81474071881144, 40.56809789389441], [111.81438139269778, 40.56809789389441], [111.81438139269778, 40.568457220008064], [111.81384240352732, 40.568457220008064], [111.81384240352732, 40.56809789389441], [111.81402206658413, 40.56809789389441], [111.81402206658413, 40.56791823083759], [111.81420172964096, 40.56791823083759], [111.81420172964096, 40.567558904723946], [111.81474071881144, 40.567558904723946], [111.81474071881144, 40.56791823083759], [111.81492038186825, 40.56791823083759], [111.81492038186825, 40.56827755695124], [111.81510004492507, 40.56827755695124], [111.81510004492507, 40.56809789389441], [111.81545937103873, 40.56809789389441], [111.81545937103873, 40.56791823083759], [111.81581869715238, 40.56791823083759], [111.81581869715238, 40.56827755695124], [111.81599836020919, 40.56827755695124], [111.81599836020919, 40.568457220008064], [111.81581869715238, 40.568457220008064], [111.81581869715238, 40.56863688306488], [111.81563903409555, 40.56863688306488], [111.81563903409555, 40.568457220008064], [111.8152797079819, 40.568457220008064], [111.8152797079819, 40.56881654612171], [111.81492038186825, 40.56881654612171]]]}, "properties": {"name": "cand76", "ptype": "hall", "confidence": "low", "rank": 76, "area_ha": 1.5, "rise_db": 7.1, "digitised_from": "Sentinel-1 VV rise 2021->2026, orbit 113"}}, {"type": "Feature", "geometry": {"geodesic": false, "type": "Polygon", "coordinates": [[[111.78904890168562, 40.497849638676264], [111.78904890168562, 40.497669975619445], [111.78886923862879, 40.497669975619445], [111.78886923862879, 40.49749031256262], [111.78850991251514, 40.49749031256262], [111.78850991251514, 40.4973106495058], [111.7874319341742, 40.4973106495058], [111.7874319341742, 40.49677166033533], [111.78761159723102, 40.49677166033533], [111.78761159723102, 40.4965919972785], [111.78797092334467, 40.4965919972785], [111.78797092334467, 40.49677166033533], [111.78815058640149, 40.49677166033533], [111.78815058640149, 40.496951323392146], [111.78904890168562, 40.496951323392146], [111.78904890168562, 40.4973106495058], [111.78922856474243, 40.4973106495058], [111.78922856474243, 40.49749031256262], [111.78958789085608, 40.49749031256262], [111.78958789085608, 40.497849638676264], [111.78904890168562, 40.497849638676264]]]}, "properties": {"name": "cand77", "ptype": "hall", "confidence": "low", "rank": 77, "area_ha": 1.4, "rise_db": 5.1, "digitised_from": "Sentinel-1 VV rise 2021->2026, orbit 113"}}, {"type": "Feature", "geometry": {"geodesic": false, "type": "Polygon", "coordinates": [[[111.84438512318738, 40.552467207950734], [111.84438512318738, 40.55228754489391], [111.84420546013055, 40.55228754489391], [111.84420546013055, 40.55174855572344], [111.84438512318738, 40.55174855572344], [111.84438512318738, 40.551568892666616], [111.84456478624419, 40.551568892666616], [111.84456478624419, 40.55138922960979], [111.84474444930102, 40.55138922960979], [111.84474444930102, 40.55120956655297], [111.84492411235784, 40.55120956655297], [111.84492411235784, 40.55085024043932], [111.84546310152832, 40.55085024043932], [111.84546310152832, 40.55138922960979], [111.8452834384715, 40.55138922960979], [111.8452834384715, 40.551568892666616], [111.84510377541467, 40.551568892666616], [111.84510377541467, 40.55228754489391], [111.84492411235784, 40.55228754489391], [111.84492411235784, 40.552467207950734], [111.84438512318738, 40.552467207950734]], [[111.84510377541467, 40.55138922960979], [111.84492411235784, 40.55138922960979], [111.84492411235784, 40.55120956655297], [111.84510377541467, 40.55120956655297], [111.84510377541467, 40.55138922960979]]]}, "properties": {"name": "cand78", "ptype": "hall", "confidence": "low", "rank": 78, "area_ha": 1.4, "rise_db": 7.6, "digitised_from": "Sentinel-1 VV rise 2021->2026, orbit 113"}}, {"type": "Feature", "geometry": {"geodesic": false, "type": "Polygon", "coordinates": [[[111.78563530360596, 40.49856829090356], [111.78563530360596, 40.49838862784674], [111.7852759774923, 40.49838862784674], [111.7852759774923, 40.49856829090356], [111.78455732526501, 40.49856829090356], [111.78455732526501, 40.49802930173309], [111.78473698832184, 40.49802930173309], [111.78473698832184, 40.497849638676264], [111.78545564054913, 40.497849638676264], [111.78545564054913, 40.49820896478992], [111.78653361889008, 40.49820896478992], [111.78653361889008, 40.49802930173309], [111.7867132819469, 40.49802930173309], [111.7867132819469, 40.49820896478992], [111.78689294500373, 40.49820896478992], [111.78689294500373, 40.49838862784674], [111.7867132819469, 40.49838862784674], [111.7867132819469, 40.49856829090356], [111.78563530360596, 40.49856829090356]]]}, "properties": {"name": "cand79", "ptype": "hall", "confidence": "low", "rank": 79, "area_ha": 1.3, "rise_db": 6.0, "digitised_from": "Sentinel-1 VV rise 2021->2026, orbit 113"}}, {"type": "Feature", "geometry": {"geodesic": false, "type": "Polygon", "coordinates": [[[111.84923602572162, 40.502700541210515], [111.84923602572162, 40.50234121509686], [111.8490563626648, 40.50234121509686], [111.8490563626648, 40.50216155204004], [111.84869703655114, 40.50216155204004], [111.84869703655114, 40.50162256286957], [111.8483377104375, 40.50162256286957], [111.8483377104375, 40.501442899812744], [111.84869703655114, 40.501442899812744], [111.84869703655114, 40.501263236755925], [111.84851737349432, 40.501263236755925], [111.84851737349432, 40.5010835736991], [111.84869703655114, 40.5010835736991], [111.84869703655114, 40.50090391064227], [111.84887669960797, 40.50090391064227], [111.84887669960797, 40.50072424758545], [111.84923602572162, 40.50072424758545], [111.84923602572162, 40.500544584528626], [111.84941568877845, 40.500544584528626], [111.84941568877845, 40.50018525841498], [111.84977501489209, 40.50018525841498], [111.84977501489209, 40.500544584528626], [111.84959535183526, 40.500544584528626], [111.84959535183526, 40.50072424758545], [111.84941568877845, 40.50072424758545], [111.84941568877845, 40.50090391064227], [111.8490563626648, 40.50090391064227], [111.8490563626648, 40.5010835736991], [111.84887669960797, 40.5010835736991], [111.84887669960797, 40.501442899812744], [111.8490563626648, 40.501442899812744], [111.8490563626648, 40.50162256286957], [111.84887669960797, 40.50162256286957], [111.84887669960797, 40.50180222592639], [111.8490563626648, 40.50180222592639], [111.8490563626648, 40.50198188898322], [111.84941568877845, 40.50198188898322], [111.84941568877845, 40.50216155204004], [111.84959535183526, 40.50216155204004], [111.84959535183526, 40.502700541210515], [111.84923602572162, 40.502700541210515]]]}, "properties": {"name": "cand80", "ptype": "hall", "confidence": "low", "rank": 80, "area_ha": 1.3, "rise_db": 8.2, "digitised_from": "Sentinel-1 VV rise 2021->2026, orbit 113"}}, {"type": "Feature", "geometry": {"geodesic": false, "type": "Polygon", "coordinates": [[[111.73946189800222, 40.52300246663162], [111.73946189800222, 40.52282280357479], [111.73928223494539, 40.52282280357479], [111.73928223494539, 40.522643140517964], [111.73874324577491, 40.522643140517964], [111.73874324577491, 40.522463477461145], [111.73802459354762, 40.522463477461145], [111.73802459354762, 40.522643140517964], [111.7378449304908, 40.522643140517964], [111.7378449304908, 40.522463477461145], [111.73802459354762, 40.522463477461145], [111.73802459354762, 40.52210415134749], [111.7385635827181, 40.52210415134749], [111.7385635827181, 40.52228381440432], [111.73928223494539, 40.52228381440432], [111.73928223494539, 40.52210415134749], [111.73946189800222, 40.52210415134749], [111.73946189800222, 40.52192448829067], [111.73982122411586, 40.52192448829067], [111.73982122411586, 40.52228381440432], [111.74000088717268, 40.52228381440432], [111.74000088717268, 40.522643140517964], [111.73982122411586, 40.522643140517964], [111.73982122411586, 40.52300246663162], [111.73946189800222, 40.52300246663162]]]}, "properties": {"name": "cand81", "ptype": "hall", "confidence": "low", "rank": 81, "area_ha": 1.3, "rise_db": 6.8, "digitised_from": "Sentinel-1 VV rise 2021->2026, orbit 113"}}, {"type": "Feature", "geometry": {"geodesic": false, "type": "Polygon", "coordinates": [[[111.82372387165263, 40.56001305633734], [111.82372387165263, 40.55983339328051], [111.8235442085958, 40.55983339328051], [111.8235442085958, 40.559653730223694], [111.82372387165263, 40.559653730223694], [111.82372387165263, 40.55929440411004], [111.82390353470944, 40.55929440411004], [111.82390353470944, 40.55911474105322], [111.82372387165263, 40.55911474105322], [111.82372387165263, 40.558935077996395], [111.82408319776627, 40.558935077996395], [111.82408319776627, 40.55875541493957], [111.82444252387992, 40.55875541493957], [111.82444252387992, 40.558935077996395], [111.82480184999356, 40.558935077996395], [111.82480184999356, 40.55911474105322], [111.82498151305039, 40.55911474105322], [111.82498151305039, 40.55929440411004], [111.82480184999356, 40.55929440411004], [111.82480184999356, 40.559653730223694], [111.82462218693675, 40.559653730223694], [111.82462218693675, 40.55983339328051], [111.82390353470944, 40.55983339328051], [111.82390353470944, 40.56001305633734], [111.82372387165263, 40.56001305633734]], [[111.82390353470944, 40.55983339328051], [111.82372387165263, 40.55983339328051], [111.82372387165263, 40.559653730223694], [111.82390353470944, 40.559653730223694], [111.82390353470944, 40.55983339328051]]]}, "properties": {"name": "cand82", "ptype": "hall", "confidence": "low", "rank": 82, "area_ha": 1.3, "rise_db": 13.9, "digitised_from": "Sentinel-1 VV rise 2021->2026, orbit 113"}}, {"type": "Feature", "geometry": {"geodesic": false, "type": "Polygon", "coordinates": [[[111.81959162134568, 40.544382370393656], [111.81959162134568, 40.54420270733684], [111.81941195828885, 40.54420270733684], [111.81941195828885, 40.54402304428001], [111.81959162134568, 40.54402304428001], [111.81959162134568, 40.54384338122318], [111.8197712844025, 40.54384338122318], [111.8197712844025, 40.543663718166364], [111.81959162134568, 40.543663718166364], [111.81959162134568, 40.54348405510954], [111.81923229523203, 40.54348405510954], [111.81923229523203, 40.54312472899589], [111.81959162134568, 40.54312472899589], [111.81959162134568, 40.542945065939065], [111.81995094745932, 40.542945065939065], [111.81995094745932, 40.54258573982542], [111.82013061051614, 40.54258573982542], [111.82013061051614, 40.54240607676859], [111.82031027357297, 40.54240607676859], [111.82031027357297, 40.54312472899589], [111.82013061051614, 40.54312472899589], [111.82013061051614, 40.54402304428001], [111.81995094745932, 40.54402304428001], [111.81995094745932, 40.54420270733684], [111.8197712844025, 40.54420270733684], [111.8197712844025, 40.544382370393656], [111.81959162134568, 40.544382370393656]]]}, "properties": {"name": "cand83", "ptype": "hall", "confidence": "low", "rank": 83, "area_ha": 1.2, "rise_db": 6.6, "digitised_from": "Sentinel-1 VV rise 2021->2026, orbit 113"}}, {"type": "Feature", "geometry": {"geodesic": false, "type": "Polygon", "coordinates": [[[111.83414432894841, 40.55282653406438], [111.83414432894841, 40.552467207950734], [111.83396466589159, 40.552467207950734], [111.83396466589159, 40.55210788183709], [111.83414432894841, 40.55210788183709], [111.83414432894841, 40.55192821878026], [111.83432399200524, 40.55192821878026], [111.83432399200524, 40.55174855572344], [111.83450365506206, 40.55174855572344], [111.83450365506206, 40.551568892666616], [111.83432399200524, 40.551568892666616], [111.83432399200524, 40.55138922960979], [111.83522230728936, 40.55138922960979], [111.83522230728936, 40.551568892666616], [111.83504264423253, 40.551568892666616], [111.83504264423253, 40.55174855572344], [111.83468331811888, 40.55174855572344], [111.83468331811888, 40.55210788183709], [111.83504264423253, 40.55210788183709], [111.83504264423253, 40.55228754489391], [111.8348629811757, 40.55228754489391], [111.8348629811757, 40.55264687100756], [111.83468331811888, 40.55264687100756], [111.83468331811888, 40.55282653406438], [111.83414432894841, 40.55282653406438]]]}, "properties": {"name": "cand84", "ptype": "hall", "confidence": "low", "rank": 84, "area_ha": 1.2, "rise_db": 8.6, "digitised_from": "Sentinel-1 VV rise 2021->2026, orbit 113"}}, {"type": "Feature", "geometry": {"geodesic": false, "type": "Polygon", "coordinates": [[[111.77144192211686, 40.496232671164854], [111.77144192211686, 40.49569368199438], [111.77162158517369, 40.49569368199438], [111.77162158517369, 40.49497502976708], [111.77198091128734, 40.49497502976708], [111.77198091128734, 40.49515469282391], [111.77216057434417, 40.49515469282391], [111.77216057434417, 40.49497502976708], [111.77251990045781, 40.49497502976708], [111.77251990045781, 40.49569368199438], [111.77234023740098, 40.49569368199438], [111.77234023740098, 40.49605300810803], [111.77162158517369, 40.49605300810803], [111.77162158517369, 40.496232671164854], [111.77144192211686, 40.496232671164854]]]}, "properties": {"name": "cand85", "ptype": "hall", "confidence": "low", "rank": 85, "area_ha": 1.2, "rise_db": 11.0, "digitised_from": "Sentinel-1 VV rise 2021->2026, orbit 113"}}, {"type": "Feature", "geometry": {"geodesic": false, "type": "Polygon", "coordinates": [[[111.86378873332436, 40.567738567780765], [111.86378873332436, 40.56719957861029], [111.86414805943801, 40.56719957861029], [111.86414805943801, 40.56701991555347], [111.86432772249482, 40.56701991555347], [111.86432772249482, 40.56684025249665], [111.86450738555165, 40.56684025249665], [111.86450738555165, 40.56666058943982], [111.8648667116653, 40.56666058943982], [111.8648667116653, 40.566480926383], [111.86522603777895, 40.566480926383], [111.86522603777895, 40.566301263326174], [111.86540570083577, 40.566301263326174], [111.86540570083577, 40.56612160026935], [111.86558536389259, 40.56612160026935], [111.86558536389259, 40.566301263326174], [111.86576502694942, 40.566301263326174], [111.86576502694942, 40.566480926383], [111.86558536389259, 40.566480926383], [111.86558536389259, 40.56666058943982], [111.86540570083577, 40.56666058943982], [111.86540570083577, 40.56684025249665], [111.86522603777895, 40.56684025249665], [111.86522603777895, 40.56701991555347], [111.8648667116653, 40.56701991555347], [111.8648667116653, 40.56719957861029], [111.86450738555165, 40.56719957861029], [111.86450738555165, 40.56737924166712], [111.86432772249482, 40.56737924166712], [111.86432772249482, 40.567558904723946], [111.86396839638118, 40.567558904723946], [111.86396839638118, 40.567738567780765], [111.86378873332436, 40.567738567780765]]]}, "properties": {"name": "cand86", "ptype": "hall", "confidence": "low", "rank": 86, "area_ha": 1.2, "rise_db": 9.9, "digitised_from": "Sentinel-1 VV rise 2021->2026, orbit 113"}}, {"type": "Feature", "geometry": {"geodesic": false, "type": "Polygon", "coordinates": [[[111.86091412441517, 40.56971486140583], [111.86091412441517, 40.56953519834901], [111.86073446135835, 40.56953519834901], [111.86073446135835, 40.56935553529218], [111.8603751352447, 40.56935553529218], [111.8603751352447, 40.569175872235355], [111.86019547218788, 40.569175872235355], [111.86019547218788, 40.568996209178536], [111.86001580913106, 40.568996209178536], [111.86001580913106, 40.56881654612171], [111.8596564830174, 40.56881654612171], [111.8596564830174, 40.568457220008064], [111.85929715690376, 40.568457220008064], [111.85929715690376, 40.56827755695124], [111.85893783079011, 40.56827755695124], [111.85893783079011, 40.56791823083759], [111.85911749384694, 40.56791823083759], [111.85911749384694, 40.567738567780765], [111.85929715690376, 40.567738567780765], [111.85929715690376, 40.56791823083759], [111.85947681996058, 40.56791823083759], [111.85947681996058, 40.56827755695124], [111.85983614607423, 40.56827755695124], [111.85983614607423, 40.568457220008064], [111.86001580913106, 40.568457220008064], [111.86001580913106, 40.56863688306488], [111.86019547218788, 40.56863688306488], [111.86019547218788, 40.56881654612171], [111.8603751352447, 40.56881654612171], [111.8603751352447, 40.568996209178536], [111.86091412441517, 40.568996209178536], [111.86091412441517, 40.569175872235355], [111.861093787472, 40.569175872235355], [111.861093787472, 40.56935553529218], [111.86127345052883, 40.56935553529218], [111.86127345052883, 40.56971486140583], [111.86091412441517, 40.56971486140583]]]}, "properties": {"name": "cand87", "ptype": "hall", "confidence": "low", "rank": 87, "area_ha": 1.2, "rise_db": 6.5, "digitised_from": "Sentinel-1 VV rise 2021->2026, orbit 113"}}, {"type": "Feature", "geometry": {"geodesic": false, "type": "Polygon", "coordinates": [[[111.79964902203822, 40.548694283757435], [111.79964902203822, 40.54851462070061], [111.7994693589814, 40.54851462070061], [111.7994693589814, 40.54815529458696], [111.79964902203822, 40.54815529458696], [111.79964902203822, 40.547975631530136], [111.79982868509505, 40.547975631530136], [111.79982868509505, 40.54779596847331], [111.80018801120869, 40.54779596847331], [111.80018801120869, 40.547975631530136], [111.80072700037917, 40.547975631530136], [111.80072700037917, 40.54779596847331], [111.800906663436, 40.54779596847331], [111.800906663436, 40.54761630541649], [111.80108632649281, 40.54761630541649], [111.80108632649281, 40.54779596847331], [111.80126598954963, 40.54779596847331], [111.80126598954963, 40.54761630541649], [111.80144565260646, 40.54761630541649], [111.80144565260646, 40.547975631530136], [111.80108632649281, 40.547975631530136], [111.80108632649281, 40.54815529458696], [111.800906663436, 40.54815529458696], [111.800906663436, 40.54833495764378], [111.80054733732234, 40.54833495764378], [111.80054733732234, 40.54815529458696], [111.80018801120869, 40.54815529458696], [111.80018801120869, 40.548694283757435], [111.79964902203822, 40.548694283757435]]]}, "properties": {"name": "cand88", "ptype": "hall", "confidence": "low", "rank": 88, "area_ha": 1.2, "rise_db": 6.2, "digitised_from": "Sentinel-1 VV rise 2021->2026, orbit 113"}}, {"type": "Feature", "geometry": {"geodesic": false, "type": "Polygon", "coordinates": [[[111.81617802326602, 40.55336552323485], [111.81617802326602, 40.55318586017803], [111.81581869715238, 40.55318586017803], [111.81581869715238, 40.553006197121206], [111.81599836020919, 40.553006197121206], [111.81599836020919, 40.55282653406438], [111.81581869715238, 40.55282653406438], [111.81581869715238, 40.552467207950734], [111.81617802326602, 40.552467207950734], [111.81617802326602, 40.55228754489391], [111.81635768632285, 40.55228754489391], [111.81635768632285, 40.55210788183709], [111.81653734937967, 40.55210788183709], [111.81653734937967, 40.55192821878026], [111.81689667549331, 40.55192821878026], [111.81689667549331, 40.55264687100756], [111.8167170124365, 40.55264687100756], [111.8167170124365, 40.553006197121206], [111.81653734937967, 40.553006197121206], [111.81653734937967, 40.55318586017803], [111.81635768632285, 40.55318586017803], [111.81635768632285, 40.55336552323485], [111.81617802326602, 40.55336552323485]]]}, "properties": {"name": "cand89", "ptype": "hall", "confidence": "low", "rank": 89, "area_ha": 1.2, "rise_db": 6.3, "digitised_from": "Sentinel-1 VV rise 2021->2026, orbit 113"}}, {"type": "Feature", "geometry": {"geodesic": false, "type": "Polygon", "coordinates": [[[111.85372760214221, 40.591094765167874], [111.85372760214221, 40.59091510211105], [111.85354793908539, 40.59091510211105], [111.85354793908539, 40.59073543905423], [111.85372760214221, 40.59073543905423], [111.85372760214221, 40.5905557759974], [111.85390726519904, 40.5905557759974], [111.85390726519904, 40.59001678682693], [111.8542665913127, 40.59001678682693], [111.8542665913127, 40.590196449883756], [111.85480558048316, 40.590196449883756], [111.85480558048316, 40.59001678682693], [111.85516490659681, 40.59001678682693], [111.85516490659681, 40.590376112940575], [111.85462591742633, 40.590376112940575], [111.85462591742633, 40.59073543905423], [111.8544462543695, 40.59073543905423], [111.8544462543695, 40.591094765167874], [111.85372760214221, 40.591094765167874]]]}, "properties": {"name": "cand90", "ptype": "hall", "confidence": "low", "rank": 90, "area_ha": 1.2, "rise_db": 7.7, "digitised_from": "Sentinel-1 VV rise 2021->2026, orbit 113"}}, {"type": "Feature", "geometry": {"geodesic": false, "type": "Polygon", "coordinates": [[[111.79928969592457, 40.49245974697155], [111.79928969592457, 40.49228008391473], [111.79893036981093, 40.49228008391473], [111.79893036981093, 40.4921004208579], [111.79839138064045, 40.4921004208579], [111.79839138064045, 40.491920757801076], [111.79821171758363, 40.491920757801076], [111.79821171758363, 40.491741094744256], [111.79839138064045, 40.491741094744256], [111.79839138064045, 40.49156143168743], [111.79857104369728, 40.49156143168743], [111.79857104369728, 40.49138176863061], [111.79893036981093, 40.49138176863061], [111.79893036981093, 40.49156143168743], [111.7994693589814, 40.49156143168743], [111.7994693589814, 40.491741094744256], [111.79964902203822, 40.491741094744256], [111.79964902203822, 40.49228008391473], [111.7994693589814, 40.49228008391473], [111.7994693589814, 40.49245974697155], [111.79928969592457, 40.49245974697155]]]}, "properties": {"name": "cand91", "ptype": "hall", "confidence": "low", "rank": 91, "area_ha": 1.1, "rise_db": 7.8, "digitised_from": "Sentinel-1 VV rise 2021->2026, orbit 113"}}, {"type": "Feature", "geometry": {"geodesic": false, "type": "Polygon", "coordinates": [[[111.79605576090174, 40.558216425769096], [111.79605576090174, 40.55803676271228], [111.7956964347881, 40.55803676271228], [111.7956964347881, 40.55713844742816], [111.79605576090174, 40.55713844742816], [111.79605576090174, 40.55731811048498], [111.79641508701539, 40.55731811048498], [111.79641508701539, 40.55713844742816], [111.79695407618587, 40.55713844742816], [111.79695407618587, 40.557497773541805], [111.79713373924268, 40.557497773541805], [111.79713373924268, 40.55785709965545], [111.79677441312904, 40.55785709965545], [111.79677441312904, 40.55731811048498], [111.79659475007222, 40.55731811048498], [111.79659475007222, 40.557497773541805], [111.79641508701539, 40.557497773541805], [111.79641508701539, 40.55803676271228], [111.79623542395856, 40.55803676271228], [111.79623542395856, 40.558216425769096], [111.79605576090174, 40.558216425769096]]]}, "properties": {"name": "cand92", "ptype": "hall", "confidence": "low", "rank": 92, "area_ha": 1.1, "rise_db": 7.4, "digitised_from": "Sentinel-1 VV rise 2021->2026, orbit 113"}}, {"type": "Feature", "geometry": {"geodesic": false, "type": "Polygon", "coordinates": [[[111.82623915444816, 40.55929440411004], [111.82623915444816, 40.558935077996395], [111.82641881750499, 40.558935077996395], [111.82641881750499, 40.558216425769096], [111.82659848056181, 40.558216425769096], [111.82659848056181, 40.55803676271228], [111.82641881750499, 40.55803676271228], [111.82641881750499, 40.55785709965545], [111.82659848056181, 40.55785709965545], [111.82659848056181, 40.557497773541805], [111.82677814361863, 40.557497773541805], [111.82677814361863, 40.55731811048498], [111.82659848056181, 40.55731811048498], [111.82659848056181, 40.55713844742816], [111.82677814361863, 40.55713844742816], [111.82677814361863, 40.55695878437133], [111.82695780667545, 40.55695878437133], [111.82695780667545, 40.556779121314506], [111.82713746973228, 40.556779121314506], [111.82713746973228, 40.557497773541805], [111.82695780667545, 40.557497773541805], [111.82695780667545, 40.55803676271228], [111.82677814361863, 40.55803676271228], [111.82677814361863, 40.558935077996395], [111.82659848056181, 40.558935077996395], [111.82659848056181, 40.55929440411004], [111.82623915444816, 40.55929440411004]]]}, "properties": {"name": "cand93", "ptype": "hall", "confidence": "low", "rank": 93, "area_ha": 1.1, "rise_db": 6.9, "digitised_from": "Sentinel-1 VV rise 2021->2026, orbit 113"}}, {"type": "Feature", "geometry": {"geodesic": false, "type": "Polygon", "coordinates": [[[111.74485178970693, 40.52551774942715], [111.74485178970693, 40.525338086370326], [111.74359414830917, 40.525338086370326], [111.74359414830917, 40.52479909719985], [111.74377381136598, 40.52479909719985], [111.74377381136598, 40.52461943414303], [111.74413313747964, 40.52461943414303], [111.74413313747964, 40.52479909719985], [111.74449246359329, 40.52479909719985], [111.74449246359329, 40.52497876025668], [111.74485178970693, 40.52497876025668], [111.74485178970693, 40.52479909719985], [111.74503145276375, 40.52479909719985], [111.74503145276375, 40.52497876025668], [111.74521111582058, 40.52497876025668], [111.74521111582058, 40.525338086370326], [111.74503145276375, 40.525338086370326], [111.74503145276375, 40.52551774942715], [111.74485178970693, 40.52551774942715]]]}, "properties": {"name": "cand94", "ptype": "hall", "confidence": "low", "rank": 94, "area_ha": 1.1, "rise_db": 8.3, "digitised_from": "Sentinel-1 VV rise 2021->2026, orbit 113"}}, {"type": "Feature", "geometry": {"geodesic": false, "type": "Polygon", "coordinates": [[[111.80791352265213, 40.518870216324665], [111.80791352265213, 40.51851089021102], [111.8077338595953, 40.51851089021102], [111.8077338595953, 40.51833122715419], [111.80755419653848, 40.51833122715419], [111.80755419653848, 40.518151564097366], [111.80737453348165, 40.518151564097366], [111.80737453348165, 40.51779223798372], [111.80791352265213, 40.51779223798372], [111.80791352265213, 40.517971901040546], [111.80827284876577, 40.517971901040546], [111.80827284876577, 40.518151564097366], [111.8084525118226, 40.518151564097366], [111.8084525118226, 40.51833122715419], [111.80881183793625, 40.51833122715419], [111.80881183793625, 40.51851089021102], [111.80863217487942, 40.51851089021102], [111.80863217487942, 40.51869055326784], [111.8084525118226, 40.51869055326784], [111.8084525118226, 40.518870216324665], [111.80791352265213, 40.518870216324665]]]}, "properties": {"name": "cand95", "ptype": "hall", "confidence": "low", "rank": 95, "area_ha": 1.0, "rise_db": 6.9, "digitised_from": "Sentinel-1 VV rise 2021->2026, orbit 113"}}, {"type": "Feature", "geometry": {"geodesic": false, "type": "Polygon", "coordinates": [[[111.8438461340169, 40.542945065939065], [111.8438461340169, 40.542765402882246], [111.84276815567596, 40.542765402882246], [111.84276815567596, 40.54240607676859], [111.84294781873278, 40.54240607676859], [111.84294781873278, 40.54204675065495], [111.84366647096007, 40.54204675065495], [111.84366647096007, 40.542226413711774], [111.8438461340169, 40.542226413711774], [111.8438461340169, 40.54240607676859], [111.84402579707373, 40.54240607676859], [111.84402579707373, 40.542765402882246], [111.84420546013055, 40.542765402882246], [111.84420546013055, 40.542945065939065], [111.8438461340169, 40.542945065939065]]]}, "properties": {"name": "cand96", "ptype": "hall", "confidence": "low", "rank": 96, "area_ha": 1.0, "rise_db": 9.1, "digitised_from": "Sentinel-1 VV rise 2021->2026, orbit 113"}}, {"type": "Feature", "geometry": {"geodesic": false, "type": "Polygon", "coordinates": [[[111.85103265628986, 40.55085024043932], [111.85103265628986, 40.5506705773825], [111.85085299323303, 40.5506705773825], [111.85085299323303, 40.550311251268845], [111.85103265628986, 40.550311251268845], [111.85103265628986, 40.550131588212025], [111.85121231934669, 40.550131588212025], [111.85121231934669, 40.5499519251552], [111.85175130851715, 40.5499519251552], [111.85175130851715, 40.550131588212025], [111.85229029768763, 40.550131588212025], [111.85229029768763, 40.5506705773825], [111.8521106346308, 40.5506705773825], [111.8521106346308, 40.55049091432567], [111.85157164546033, 40.55049091432567], [111.85157164546033, 40.5506705773825], [111.85139198240351, 40.5506705773825], [111.85139198240351, 40.55085024043932], [111.85103265628986, 40.55085024043932]]]}, "properties": {"name": "cand97", "ptype": "hall", "confidence": "low", "rank": 97, "area_ha": 1.0, "rise_db": 8.7, "digitised_from": "Sentinel-1 VV rise 2021->2026, orbit 113"}}, {"type": "Feature", "geometry": {"geodesic": false, "type": "Polygon", "coordinates": [[[111.84348680790326, 40.55426383851897], [111.84348680790326, 40.55408417546215], [111.84312748178961, 40.55408417546215], [111.84312748178961, 40.55354518629168], [111.84330714484643, 40.55354518629168], [111.84330714484643, 40.55336552323485], [111.84366647096007, 40.55336552323485], [111.84366647096007, 40.55354518629168], [111.8438461340169, 40.55354518629168], [111.8438461340169, 40.553724849348505], [111.84402579707373, 40.553724849348505], [111.84402579707373, 40.55354518629168], [111.84420546013055, 40.55354518629168], [111.84420546013055, 40.553724849348505], [111.84438512318738, 40.553724849348505], [111.84438512318738, 40.55408417546215], [111.84420546013055, 40.55408417546215], [111.84420546013055, 40.55426383851897], [111.84348680790326, 40.55426383851897]]]}, "properties": {"name": "cand98", "ptype": "hall", "confidence": "low", "rank": 98, "area_ha": 1.0, "rise_db": 11.8, "digitised_from": "Sentinel-1 VV rise 2021->2026, orbit 113"}}, {"type": "Feature", "geometry": {"geodesic": false, "type": "Polygon", "coordinates": [[[111.81923229523203, 40.568996209178536], [111.81923229523203, 40.56881654612171], [111.8190526321752, 40.56881654612171], [111.8190526321752, 40.568457220008064], [111.81923229523203, 40.568457220008064], [111.81923229523203, 40.56809789389441], [111.81959162134568, 40.56809789389441], [111.81959162134568, 40.56791823083759], [111.8197712844025, 40.56791823083759], [111.8197712844025, 40.56809789389441], [111.81995094745932, 40.56809789389441], [111.81995094745932, 40.56827755695124], [111.82013061051614, 40.56827755695124], [111.82013061051614, 40.56881654612171], [111.8197712844025, 40.56881654612171], [111.8197712844025, 40.568996209178536], [111.81923229523203, 40.568996209178536]]]}, "properties": {"name": "cand99", "ptype": "hall", "confidence": "low", "rank": 99, "area_ha": 1.0, "rise_db": 8.9, "digitised_from": "Sentinel-1 VV rise 2021->2026, orbit 113"}}]}