{"type": "FeatureCollection", "features": [{"type": "Feature", "geometry": {"geodesic": false, "type": "Polygon", "coordinates": [[[-82.74903104889702, 40.10869945759569], [-82.74903104889702, 40.108519794538864], [-82.74957003806749, 40.108519794538864], [-82.74957003806749, 40.10869945759569], [-82.75046835335161, 40.10869945759569], [-82.75046835335161, 40.10816046842522], [-82.75010902723795, 40.10816046842522], [-82.75010902723795, 40.108519794538864], [-82.74992936418114, 40.108519794538864], [-82.74992936418114, 40.108340131482045], [-82.74957003806749, 40.108340131482045], [-82.74957003806749, 40.10816046842522], [-82.74939037501066, 40.10816046842522], [-82.74939037501066, 40.10798080536839], [-82.74974970112432, 40.10798080536839], [-82.74974970112432, 40.10780114231157], [-82.74992936418114, 40.10780114231157], [-82.74992936418114, 40.107621479254746], [-82.75028869029478, 40.107621479254746], [-82.75028869029478, 40.10780114231157], [-82.75064801640843, 40.10780114231157], [-82.75064801640843, 40.10816046842522], [-82.75136666863573, 40.10816046842522], [-82.75136666863573, 40.108340131482045], [-82.75208532086302, 40.108340131482045], [-82.75208532086302, 40.10780114231157], [-82.75226498391984, 40.10780114231157], [-82.75226498391984, 40.106184174800156], [-82.75208532086302, 40.106184174800156], [-82.75208532086302, 40.10582484868651], [-82.75154633169255, 40.10582484868651], [-82.75154633169255, 40.10510619645921], [-82.75100734252209, 40.10510619645921], [-82.75100734252209, 40.10528585951604], [-82.75082767946526, 40.10528585951604], [-82.75082767946526, 40.10510619645921], [-82.75064801640843, 40.10510619645921], [-82.75064801640843, 40.10492653340239], [-82.75046835335161, 40.10492653340239], [-82.75046835335161, 40.10420788117509], [-82.75064801640843, 40.10420788117509], [-82.75064801640843, 40.104028218118266], [-82.75082767946526, 40.104028218118266], [-82.75082767946526, 40.10438754423192], [-82.75100734252209, 40.10438754423192], [-82.75100734252209, 40.10456720728874], [-82.75154633169255, 40.10456720728874], [-82.75154633169255, 40.104746870345565], [-82.7519056578062, 40.104746870345565], [-82.7519056578062, 40.105465522572864], [-82.75208532086302, 40.105465522572864], [-82.75208532086302, 40.10564518562968], [-82.75244464697667, 40.10564518562968], [-82.75244464697667, 40.10528585951604], [-82.75226498391984, 40.10528585951604], [-82.75226498391984, 40.10312990283415], [-82.75244464697667, 40.10312990283415], [-82.75244464697667, 40.1027705767205], [-82.7526243100335, 40.1027705767205], [-82.7526243100335, 40.102590913663676], [-82.75244464697667, 40.102590913663676], [-82.75244464697667, 40.10133327226591], [-82.75226498391984, 40.10133327226591], [-82.75226498391984, 40.101153609209085], [-82.75208532086302, 40.101153609209085], [-82.75208532086302, 40.100973946152266], [-82.75172599474938, 40.100973946152266], [-82.75172599474938, 40.101153609209085], [-82.75154633169255, 40.101153609209085], [-82.75154633169255, 40.10133327226591], [-82.75100734252209, 40.10133327226591], [-82.75100734252209, 40.101153609209085], [-82.75082767946526, 40.101153609209085], [-82.75082767946526, 40.100973946152266], [-82.74957003806749, 40.100973946152266], [-82.74957003806749, 40.101153609209085], [-82.74974970112432, 40.101153609209085], [-82.74974970112432, 40.102590913663676], [-82.74957003806749, 40.102590913663676], [-82.74957003806749, 40.1034892289478], [-82.74939037501066, 40.1034892289478], [-82.74939037501066, 40.103309565890974], [-82.74921071195384, 40.103309565890974], [-82.74921071195384, 40.1027705767205], [-82.74903104889702, 40.1027705767205], [-82.74903104889702, 40.102590913663676], [-82.7488513858402, 40.102590913663676], [-82.7488513858402, 40.102411250606856], [-82.74849205972654, 40.102411250606856], [-82.74849205972654, 40.10223158755003], [-82.74831239666972, 40.10223158755003], [-82.74831239666972, 40.101872261436384], [-82.74813273361289, 40.101872261436384], [-82.74813273361289, 40.10169259837956], [-82.7474140813856, 40.10169259837956], [-82.7474140813856, 40.10133327226591], [-82.74813273361289, 40.10133327226591], [-82.74813273361289, 40.101153609209085], [-82.74849205972654, 40.101153609209085], [-82.74849205972654, 40.100973946152266], [-82.74867172278337, 40.100973946152266], [-82.74867172278337, 40.10079428309544], [-82.7488513858402, 40.10079428309544], [-82.7488513858402, 40.10061462003861], [-82.74867172278337, 40.10061462003861], [-82.74867172278337, 40.10043495698179], [-82.74849205972654, 40.10043495698179], [-82.74849205972654, 40.099536641697675], [-82.74831239666972, 40.099536641697675], [-82.74831239666972, 40.09791967418626], [-82.74687509221513, 40.09791967418626], [-82.74687509221513, 40.09774001112943], [-82.74597677693102, 40.09774001112943], [-82.74597677693102, 40.09809933724308], [-82.74633610304465, 40.09809933724308], [-82.74633610304465, 40.098279000299904], [-82.74651576610148, 40.098279000299904], [-82.74651576610148, 40.09845866335673], [-82.74633610304465, 40.09845866335673], [-82.74633610304465, 40.09917731558402], [-82.74579711387419, 40.09917731558402], [-82.74579711387419, 40.098817989470376], [-82.74561745081736, 40.098817989470376], [-82.74561745081736, 40.09863832641355], [-82.74543778776054, 40.09863832641355], [-82.74543778776054, 40.099716304754494], [-82.74525812470371, 40.099716304754494], [-82.74525812470371, 40.10025529392497], [-82.7450784616469, 40.10025529392497], [-82.7450784616469, 40.10061462003861], [-82.74525812470371, 40.10061462003861], [-82.74525812470371, 40.10133327226591], [-82.74543778776054, 40.10133327226591], [-82.74543778776054, 40.10169259837956], [-82.74525812470371, 40.10169259837956], [-82.74525812470371, 40.101872261436384], [-82.7450784616469, 40.101872261436384], [-82.7450784616469, 40.1020519244932], [-82.74489879859007, 40.1020519244932], [-82.74489879859007, 40.10295023977733], [-82.7450784616469, 40.10295023977733], [-82.7450784616469, 40.10312990283415], [-82.74489879859007, 40.10312990283415], [-82.74489879859007, 40.103309565890974], [-82.7450784616469, 40.103309565890974], [-82.7450784616469, 40.1034892289478], [-82.74525812470371, 40.1034892289478], [-82.74525812470371, 40.10366889200462], [-82.74561745081736, 40.10366889200462], [-82.74561745081736, 40.10384855506145], [-82.74597677693102, 40.10384855506145], [-82.74597677693102, 40.1034892289478], [-82.74615643998783, 40.1034892289478], [-82.74615643998783, 40.103309565890974], [-82.74651576610148, 40.103309565890974], [-82.74651576610148, 40.1034892289478], [-82.74669542915831, 40.1034892289478], [-82.74669542915831, 40.10366889200462], [-82.74723441832877, 40.10366889200462], [-82.74723441832877, 40.103309565890974], [-82.74759374444243, 40.103309565890974], [-82.74759374444243, 40.1034892289478], [-82.74795307055608, 40.1034892289478], [-82.74795307055608, 40.103309565890974], [-82.74813273361289, 40.103309565890974], [-82.74813273361289, 40.10312990283415], [-82.74831239666972, 40.10312990283415], [-82.74831239666972, 40.10295023977733], [-82.7488513858402, 40.10295023977733], [-82.7488513858402, 40.1034892289478], [-82.74867172278337, 40.1034892289478], [-82.74867172278337, 40.10438754423192], [-82.7488513858402, 40.10438754423192], [-82.7488513858402, 40.10456720728874], [-82.74867172278337, 40.10456720728874], [-82.74867172278337, 40.10528585951604], [-82.7488513858402, 40.10528585951604], [-82.7488513858402, 40.10564518562968], [-82.74849205972654, 40.10564518562968], [-82.74849205972654, 40.10582484868651], [-82.74831239666972, 40.10582484868651], [-82.74831239666972, 40.10636383785698], [-82.74867172278337, 40.10636383785698], [-82.74867172278337, 40.1065435009138], [-82.74849205972654, 40.1065435009138], [-82.74849205972654, 40.106902827027454], [-82.74867172278337, 40.106902827027454], [-82.74867172278337, 40.10816046842522], [-82.74849205972654, 40.10816046842522], [-82.74849205972654, 40.108340131482045], [-82.74867172278337, 40.108340131482045], [-82.74867172278337, 40.108519794538864], [-82.7488513858402, 40.108519794538864], [-82.7488513858402, 40.10869945759569], [-82.74903104889702, 40.10869945759569]], [[-82.75082767946526, 40.1027705767205], [-82.75100734252209, 40.1027705767205], [-82.75100734252209, 40.102590913663676], [-82.75082767946526, 40.102590913663676], [-82.75082767946526, 40.1027705767205]], [[-82.74813273361289, 40.099716304754494], [-82.74831239666972, 40.099716304754494], [-82.74831239666972, 40.099536641697675], [-82.74813273361289, 40.099536641697675], [-82.74813273361289, 40.099716304754494]], [[-82.74705475527196, 40.099716304754494], [-82.74723441832877, 40.099716304754494], [-82.74723441832877, 40.099536641697675], [-82.74705475527196, 40.099536641697675], [-82.74705475527196, 40.099716304754494]], [[-82.74597677693102, 40.099716304754494], [-82.74651576610148, 40.099716304754494], [-82.74651576610148, 40.099536641697675], [-82.74597677693102, 40.099536641697675], [-82.74597677693102, 40.099716304754494]], [[-82.74597677693102, 40.10079428309544], [-82.74615643998783, 40.10079428309544], [-82.74615643998783, 40.10061462003861], [-82.74597677693102, 40.10061462003861], [-82.74597677693102, 40.10079428309544]], [[-82.74579711387419, 40.100973946152266], [-82.74597677693102, 40.100973946152266], [-82.74597677693102, 40.10079428309544], [-82.74579711387419, 40.10079428309544], [-82.74579711387419, 40.100973946152266]], [[-82.74597677693102, 40.10151293532274], [-82.74633610304465, 40.10151293532274], [-82.74633610304465, 40.101153609209085], [-82.74615643998783, 40.101153609209085], [-82.74615643998783, 40.10133327226591], [-82.74597677693102, 40.10133327226591], [-82.74597677693102, 40.10151293532274]], [[-82.7450784616469, 40.103309565890974], [-82.74543778776054, 40.103309565890974], [-82.74543778776054, 40.10312990283415], [-82.7450784616469, 40.10312990283415], [-82.7450784616469, 40.103309565890974]], [[-82.74921071195384, 40.104028218118266], [-82.74957003806749, 40.104028218118266], [-82.74957003806749, 40.10384855506145], [-82.74921071195384, 40.10384855506145], [-82.74921071195384, 40.104028218118266]], [[-82.74921071195384, 40.10528585951604], [-82.74939037501066, 40.10528585951604], [-82.74939037501066, 40.10492653340239], [-82.74974970112432, 40.10492653340239], [-82.74974970112432, 40.10510619645921], [-82.75010902723795, 40.10510619645921], [-82.75010902723795, 40.10438754423192], [-82.74974970112432, 40.10438754423192], [-82.74974970112432, 40.10456720728874], [-82.74921071195384, 40.10456720728874], [-82.74921071195384, 40.10528585951604]], [[-82.75064801640843, 40.10582484868651], [-82.75136666863573, 40.10582484868651], [-82.75136666863573, 40.10564518562968], [-82.75100734252209, 40.10564518562968], [-82.75100734252209, 40.105465522572864], [-82.75064801640843, 40.105465522572864], [-82.75064801640843, 40.10582484868651]], [[-82.74921071195384, 40.10600451174333], [-82.74939037501066, 40.10600451174333], [-82.74939037501066, 40.10582484868651], [-82.74957003806749, 40.10582484868651], [-82.74957003806749, 40.10564518562968], [-82.74939037501066, 40.10564518562968], [-82.74939037501066, 40.105465522572864], [-82.74921071195384, 40.105465522572864], [-82.74921071195384, 40.10600451174333]], [[-82.7511870055789, 40.10780114231157], [-82.75136666863573, 40.10780114231157], [-82.75136666863573, 40.107621479254746], [-82.7511870055789, 40.107621479254746], [-82.7511870055789, 40.10780114231157]]]}, "properties": {"name": "cand01", "ptype": "hall", "confidence": "low", "rank": 1, "area_ha": 47.6, "rise_db": 9.1, "digitised_from": "Sentinel-1 VV rise 2021->2026, orbit 48"}}, {"type": "Feature", "geometry": {"geodesic": false, "type": "Polygon", "coordinates": [[[-82.73393935212381, 40.09720102195896], [-82.73393935212381, 40.09702135890214], [-82.73411901518064, 40.09702135890214], [-82.73411901518064, 40.09576371750437], [-82.73483766740793, 40.09576371750437], [-82.73483766740793, 40.09558405444755], [-82.73501733046476, 40.09558405444755], [-82.73501733046476, 40.09576371750437], [-82.7353766565784, 40.09576371750437], [-82.7353766565784, 40.09558405444755], [-82.73555631963522, 40.09558405444755], [-82.73555631963522, 40.095224728333896], [-82.73447834129428, 40.095224728333896], [-82.73447834129428, 40.09504506527708], [-82.73411901518064, 40.09504506527708], [-82.73411901518064, 40.094506076106605], [-82.73429867823745, 40.094506076106605], [-82.73429867823745, 40.09432641304978], [-82.73447834129428, 40.09432641304978], [-82.73447834129428, 40.09414674999295], [-82.73519699352158, 40.09414674999295], [-82.73519699352158, 40.09396708693613], [-82.73555631963522, 40.09396708693613], [-82.73555631963522, 40.093787423879306], [-82.73519699352158, 40.093787423879306], [-82.73519699352158, 40.09342809776566], [-82.73573598269205, 40.09342809776566], [-82.73573598269205, 40.093068771652014], [-82.7346580043511, 40.093068771652014], [-82.7346580043511, 40.09324843470883], [-82.73429867823745, 40.09324843470883], [-82.73429867823745, 40.093068771652014], [-82.73411901518064, 40.093068771652014], [-82.73411901518064, 40.09288910859519], [-82.73375968906699, 40.09288910859519], [-82.73375968906699, 40.09270944553836], [-82.73358002601016, 40.09270944553836], [-82.73358002601016, 40.09252978248154], [-82.73375968906699, 40.09252978248154], [-82.73375968906699, 40.092350119424715], [-82.73340036295333, 40.092350119424715], [-82.73340036295333, 40.09217045636789], [-82.7330410368397, 40.09217045636789], [-82.7330410368397, 40.09252978248154], [-82.73268171072604, 40.09252978248154], [-82.73268171072604, 40.092350119424715], [-82.73232238461239, 40.092350119424715], [-82.73232238461239, 40.09270944553836], [-82.73214272155558, 40.09270944553836], [-82.73214272155558, 40.09288910859519], [-82.73196305849875, 40.09288910859519], [-82.73196305849875, 40.09270944553836], [-82.73106474321463, 40.09270944553836], [-82.73106474321463, 40.09252978248154], [-82.7308850801578, 40.09252978248154], [-82.7308850801578, 40.092350119424715], [-82.73070541710098, 40.092350119424715], [-82.73070541710098, 40.09252978248154], [-82.73052575404415, 40.09252978248154], [-82.73052575404415, 40.09270944553836], [-82.73016642793051, 40.09270944553836], [-82.73016642793051, 40.09252978248154], [-82.72998676487369, 40.09252978248154], [-82.72998676487369, 40.092350119424715], [-82.72962743876003, 40.092350119424715], [-82.72962743876003, 40.09199079331107], [-82.7294477757032, 40.09199079331107], [-82.7294477757032, 40.09181113025424], [-82.7278308081918, 40.09181113025424], [-82.7278308081918, 40.091631467197416], [-82.72675282985085, 40.091631467197416], [-82.72675282985085, 40.09181113025424], [-82.7263935037372, 40.09181113025424], [-82.7263935037372, 40.091631467197416], [-82.72585451456673, 40.091631467197416], [-82.72585451456673, 40.09181113025424], [-82.72567485150991, 40.09181113025424], [-82.72567485150991, 40.09199079331107], [-82.72549518845308, 40.09199079331107], [-82.72549518845308, 40.09252978248154], [-82.72567485150991, 40.09252978248154], [-82.72567485150991, 40.09270944553836], [-82.72585451456673, 40.09270944553836], [-82.72585451456673, 40.093068771652014], [-82.72693249290768, 40.093068771652014], [-82.72693249290768, 40.09288910859519], [-82.7271121559645, 40.09288910859519], [-82.7271121559645, 40.09270944553836], [-82.72765114513497, 40.09270944553836], [-82.72765114513497, 40.09288910859519], [-82.72926811264638, 40.09288910859519], [-82.72926811264638, 40.09270944553836], [-82.7294477757032, 40.09270944553836], [-82.7294477757032, 40.09288910859519], [-82.73016642793051, 40.09288910859519], [-82.73016642793051, 40.09342809776566], [-82.7294477757032, 40.09342809776566], [-82.7294477757032, 40.093068771652014], [-82.72908844958957, 40.093068771652014], [-82.72908844958957, 40.09324843470883], [-82.72890878653274, 40.09324843470883], [-82.72890878653274, 40.093607760822486], [-82.72872912347592, 40.093607760822486], [-82.72872912347592, 40.094685739163424], [-82.72854946041909, 40.094685739163424], [-82.72854946041909, 40.09486540222025], [-82.72819013430545, 40.09486540222025], [-82.72819013430545, 40.09396708693613], [-82.72801047124862, 40.09396708693613], [-82.72801047124862, 40.093787423879306], [-82.7278308081918, 40.093787423879306], [-82.7278308081918, 40.093607760822486], [-82.72765114513497, 40.093607760822486], [-82.72765114513497, 40.093787423879306], [-82.72729181902132, 40.093787423879306], [-82.72729181902132, 40.09396708693613], [-82.7271121559645, 40.09396708693613], [-82.7271121559645, 40.09342809776566], [-82.72657316679403, 40.09342809776566], [-82.72657316679403, 40.093607760822486], [-82.72621384068039, 40.093607760822486], [-82.72621384068039, 40.09396708693613], [-82.72603417762356, 40.09396708693613], [-82.72603417762356, 40.093787423879306], [-82.72549518845308, 40.093787423879306], [-82.72549518845308, 40.09396708693613], [-82.72531552539625, 40.09396708693613], [-82.72531552539625, 40.09414674999295], [-82.72513586233944, 40.09414674999295], [-82.72513586233944, 40.09486540222025], [-82.72495619928262, 40.09486540222025], [-82.72495619928262, 40.09504506527708], [-82.72513586233944, 40.09504506527708], [-82.72513586233944, 40.095224728333896], [-82.72549518845308, 40.095224728333896], [-82.72549518845308, 40.09486540222025], [-82.72531552539625, 40.09486540222025], [-82.72531552539625, 40.094685739163424], [-82.72549518845308, 40.094685739163424], [-82.72549518845308, 40.094506076106605], [-82.72585451456673, 40.094506076106605], [-82.72585451456673, 40.094685739163424], [-82.72603417762356, 40.094685739163424], [-82.72603417762356, 40.095224728333896], [-82.7263935037372, 40.095224728333896], [-82.7263935037372, 40.09504506527708], [-82.7271121559645, 40.09504506527708], [-82.7271121559645, 40.095224728333896], [-82.7278308081918, 40.095224728333896], [-82.7278308081918, 40.09504506527708], [-82.72819013430545, 40.09504506527708], [-82.72819013430545, 40.095224728333896], [-82.72836979736226, 40.095224728333896], [-82.72836979736226, 40.09540439139072], [-82.72872912347592, 40.09540439139072], [-82.72872912347592, 40.095224728333896], [-82.72926811264638, 40.095224728333896], [-82.72926811264638, 40.09504506527708], [-82.7294477757032, 40.09504506527708], [-82.7294477757032, 40.095224728333896], [-82.72980710181686, 40.095224728333896], [-82.72980710181686, 40.09540439139072], [-82.72962743876003, 40.09540439139072], [-82.72962743876003, 40.09558405444755], [-82.7294477757032, 40.09558405444755], [-82.7294477757032, 40.09576371750437], [-82.72998676487369, 40.09576371750437], [-82.72998676487369, 40.095943380561195], [-82.73124440627146, 40.095943380561195], [-82.73124440627146, 40.096123043618014], [-82.73142406932827, 40.096123043618014], [-82.73142406932827, 40.09648236973167], [-82.7316037323851, 40.09648236973167], [-82.7316037323851, 40.09666203278849], [-82.73196305849875, 40.09666203278849], [-82.73196305849875, 40.096123043618014], [-82.73268171072604, 40.096123043618014], [-82.73268171072604, 40.09630270667484], [-82.7330410368397, 40.09630270667484], [-82.7330410368397, 40.09648236973167], [-82.73322069989652, 40.09648236973167], [-82.73322069989652, 40.09684169584531], [-82.73358002601016, 40.09684169584531], [-82.73358002601016, 40.09702135890214], [-82.73375968906699, 40.09702135890214], [-82.73375968906699, 40.09720102195896], [-82.73393935212381, 40.09720102195896]], [[-82.73483766740793, 40.093787423879306], [-82.73501733046476, 40.093787423879306], [-82.73501733046476, 40.093607760822486], [-82.73483766740793, 40.093607760822486], [-82.73483766740793, 40.093787423879306]], [[-82.73447834129428, 40.093787423879306], [-82.7346580043511, 40.093787423879306], [-82.7346580043511, 40.093607760822486], [-82.73447834129428, 40.093607760822486], [-82.73447834129428, 40.093787423879306]], [[-82.7263935037372, 40.09396708693613], [-82.72675282985085, 40.09396708693613], [-82.72675282985085, 40.093787423879306], [-82.7263935037372, 40.093787423879306], [-82.7263935037372, 40.09396708693613]], [[-82.73340036295333, 40.09666203278849], [-82.73375968906699, 40.09666203278849], [-82.73375968906699, 40.09648236973167], [-82.73340036295333, 40.09648236973167], [-82.73340036295333, 40.09666203278849]]]}, "properties": {"name": "cand02", "ptype": "hall", "confidence": "low", "rank": 2, "area_ha": 36.1, "rise_db": 12.2, "digitised_from": "Sentinel-1 VV rise 2021->2026, orbit 48"}}, {"type": "Feature", "geometry": {"geodesic": false, "type": "Polygon", "coordinates": [[[-82.7120204591913, 40.121455534630186], [-82.7120204591913, 40.12127587157337], [-82.71184079613447, 40.12127587157337], [-82.71184079613447, 40.12109620851654], [-82.71220012224812, 40.12109620851654], [-82.71220012224812, 40.12127587157337], [-82.71237978530495, 40.12127587157337], [-82.71237978530495, 40.12109620851654], [-82.71291877447541, 40.12109620851654], [-82.71291877447541, 40.12127587157337], [-82.7136374267027, 40.12127587157337], [-82.7136374267027, 40.12109620851654], [-82.71381708975953, 40.12109620851654], [-82.71381708975953, 40.120916545459714], [-82.71399675281636, 40.120916545459714], [-82.71399675281636, 40.120736882402895], [-82.71435607893001, 40.120736882402895], [-82.71435607893001, 40.12055721934607], [-82.71453574198682, 40.12055721934607], [-82.71453574198682, 40.120736882402895], [-82.71471540504365, 40.120736882402895], [-82.71471540504365, 40.12109620851654], [-82.71489506810047, 40.12109620851654], [-82.71489506810047, 40.12127587157337], [-82.7150747311573, 40.12127587157337], [-82.7150747311573, 40.121455534630186], [-82.71525439421413, 40.121455534630186], [-82.71525439421413, 40.12127587157337], [-82.71543405727094, 40.12127587157337], [-82.71543405727094, 40.12055721934607], [-82.71561372032777, 40.12055721934607], [-82.71561372032777, 40.12037755628924], [-82.7157933833846, 40.12037755628924], [-82.7157933833846, 40.12055721934607], [-82.71597304644142, 40.12055721934607], [-82.71597304644142, 40.120736882402895], [-82.71633237255507, 40.120736882402895], [-82.71633237255507, 40.12037755628924], [-82.71615270949825, 40.12037755628924], [-82.71615270949825, 40.12019789323242], [-82.71597304644142, 40.12019789323242], [-82.71597304644142, 40.120018230175596], [-82.71651203561188, 40.120018230175596], [-82.71651203561188, 40.11983856711877], [-82.71669169866871, 40.11983856711877], [-82.71669169866871, 40.11965890406195], [-82.71651203561188, 40.11965890406195], [-82.71651203561188, 40.11947924100512], [-82.71615270949825, 40.11947924100512], [-82.71615270949825, 40.119299577948304], [-82.71561372032777, 40.119299577948304], [-82.71561372032777, 40.11911991489148], [-82.71489506810047, 40.11911991489148], [-82.71489506810047, 40.119299577948304], [-82.71453574198682, 40.119299577948304], [-82.71453574198682, 40.11965890406195], [-82.71489506810047, 40.11965890406195], [-82.71489506810047, 40.11947924100512], [-82.71525439421413, 40.11947924100512], [-82.71525439421413, 40.120018230175596], [-82.7150747311573, 40.120018230175596], [-82.7150747311573, 40.12019789323242], [-82.71489506810047, 40.12019789323242], [-82.71489506810047, 40.12037755628924], [-82.71471540504365, 40.12037755628924], [-82.71471540504365, 40.12055721934607], [-82.71453574198682, 40.12055721934607], [-82.71453574198682, 40.120018230175596], [-82.71435607893001, 40.120018230175596], [-82.71435607893001, 40.11983856711877], [-82.71417641587318, 40.11983856711877], [-82.71417641587318, 40.11947924100512], [-82.71399675281636, 40.11947924100512], [-82.71399675281636, 40.119299577948304], [-82.71381708975953, 40.119299577948304], [-82.71381708975953, 40.11911991489148], [-82.71345776364588, 40.11911991489148], [-82.71345776364588, 40.119299577948304], [-82.71327810058906, 40.119299577948304], [-82.71327810058906, 40.11947924100512], [-82.71220012224812, 40.11947924100512], [-82.71220012224812, 40.119299577948304], [-82.71237978530495, 40.119299577948304], [-82.71237978530495, 40.11911991489148], [-82.71255944836176, 40.11911991489148], [-82.71255944836176, 40.118580925721005], [-82.71273911141859, 40.118580925721005], [-82.71273911141859, 40.11822159960736], [-82.71291877447541, 40.11822159960736], [-82.71291877447541, 40.11786227349371], [-82.71309843753224, 40.11786227349371], [-82.71309843753224, 40.11750294738006], [-82.71345776364588, 40.11750294738006], [-82.71345776364588, 40.11768261043689], [-82.7136374267027, 40.11768261043689], [-82.7136374267027, 40.11786227349371], [-82.71381708975953, 40.11786227349371], [-82.71381708975953, 40.11804193655053], [-82.71417641587318, 40.11804193655053], [-82.71417641587318, 40.11786227349371], [-82.71453574198682, 40.11786227349371], [-82.71453574198682, 40.11804193655053], [-82.71489506810047, 40.11804193655053], [-82.71489506810047, 40.117143621266415], [-82.71471540504365, 40.117143621266415], [-82.71471540504365, 40.11696395820959], [-82.71453574198682, 40.11696395820959], [-82.71453574198682, 40.11678429515277], [-82.71381708975953, 40.11678429515277], [-82.71381708975953, 40.11660463209594], [-82.7136374267027, 40.11660463209594], [-82.7136374267027, 40.116424969039116], [-82.71309843753224, 40.116424969039116], [-82.71309843753224, 40.1162453059823], [-82.71255944836176, 40.1162453059823], [-82.71255944836176, 40.116424969039116], [-82.71237978530495, 40.116424969039116], [-82.71237978530495, 40.11678429515277], [-82.71220012224812, 40.11678429515277], [-82.71220012224812, 40.11696395820959], [-82.7120204591913, 40.11696395820959], [-82.7120204591913, 40.117143621266415], [-82.711301806964, 40.117143621266415], [-82.711301806964, 40.11696395820959], [-82.71112214390718, 40.11696395820959], [-82.71112214390718, 40.11678429515277], [-82.711301806964, 40.11678429515277], [-82.711301806964, 40.11660463209594], [-82.71148147002081, 40.11660463209594], [-82.71148147002081, 40.11606564292547], [-82.71166113307764, 40.11606564292547], [-82.71166113307764, 40.115885979868644], [-82.71148147002081, 40.115885979868644], [-82.71148147002081, 40.115706316811824], [-82.71094248085035, 40.115706316811824], [-82.71094248085035, 40.116424969039116], [-82.71040349167988, 40.116424969039116], [-82.71040349167988, 40.115885979868644], [-82.7105831547367, 40.115885979868644], [-82.7105831547367, 40.115706316811824], [-82.71040349167988, 40.115706316811824], [-82.71040349167988, 40.11534699069818], [-82.71004416556623, 40.11534699069818], [-82.71004416556623, 40.115526653755], [-82.7098645025094, 40.115526653755], [-82.7098645025094, 40.115706316811824], [-82.70914585028211, 40.115706316811824], [-82.70914585028211, 40.115885979868644], [-82.70896618722529, 40.115885979868644], [-82.70896618722529, 40.11660463209594], [-82.70914585028211, 40.11660463209594], [-82.70914585028211, 40.11678429515277], [-82.70896618722529, 40.11678429515277], [-82.70896618722529, 40.11696395820959], [-82.70842719805482, 40.11696395820959], [-82.70842719805482, 40.11750294738006], [-82.708247534998, 40.11750294738006], [-82.708247534998, 40.11768261043689], [-82.70806787194117, 40.11768261043689], [-82.70806787194117, 40.11804193655053], [-82.708247534998, 40.11804193655053], [-82.708247534998, 40.11876058877783], [-82.70806787194117, 40.11876058877783], [-82.70806787194117, 40.11894025183465], [-82.70788820888434, 40.11894025183465], [-82.70788820888434, 40.11911991489148], [-82.70770854582751, 40.11911991489148], [-82.70770854582751, 40.11947924100512], [-82.70788820888434, 40.11947924100512], [-82.70788820888434, 40.11965890406195], [-82.708247534998, 40.11965890406195], [-82.708247534998, 40.11947924100512], [-82.70860686111163, 40.11947924100512], [-82.70860686111163, 40.11911991489148], [-82.70878652416846, 40.11911991489148], [-82.70878652416846, 40.11894025183465], [-82.70896618722529, 40.11894025183465], [-82.70896618722529, 40.11876058877783], [-82.70914585028211, 40.11876058877783], [-82.70914585028211, 40.11894025183465], [-82.70932551333894, 40.11894025183465], [-82.70932551333894, 40.11947924100512], [-82.70914585028211, 40.11947924100512], [-82.70914585028211, 40.11983856711877], [-82.70896618722529, 40.11983856711877], [-82.70896618722529, 40.120018230175596], [-82.70914585028211, 40.120018230175596], [-82.70914585028211, 40.12037755628924], [-82.7098645025094, 40.12037755628924], [-82.7098645025094, 40.12019789323242], [-82.71004416556623, 40.12019789323242], [-82.71004416556623, 40.120018230175596], [-82.71022382862306, 40.120018230175596], [-82.71022382862306, 40.11947924100512], [-82.7105831547367, 40.11947924100512], [-82.7105831547367, 40.12037755628924], [-82.71076281779352, 40.12037755628924], [-82.71076281779352, 40.12055721934607], [-82.71112214390718, 40.12055721934607], [-82.71112214390718, 40.12037755628924], [-82.71184079613447, 40.12037755628924], [-82.71184079613447, 40.12019789323242], [-82.71166113307764, 40.12019789323242], [-82.71166113307764, 40.120018230175596], [-82.71184079613447, 40.120018230175596], [-82.71184079613447, 40.11983856711877], [-82.71237978530495, 40.11983856711877], [-82.71237978530495, 40.12019789323242], [-82.71220012224812, 40.12019789323242], [-82.71220012224812, 40.12037755628924], [-82.7120204591913, 40.12037755628924], [-82.7120204591913, 40.12055721934607], [-82.71184079613447, 40.12055721934607], [-82.71184079613447, 40.12109620851654], [-82.71166113307764, 40.12109620851654], [-82.71166113307764, 40.121455534630186], [-82.7120204591913, 40.121455534630186]], [[-82.71561372032777, 40.12019789323242], [-82.7157933833846, 40.12019789323242], [-82.7157933833846, 40.120018230175596], [-82.71561372032777, 40.120018230175596], [-82.71561372032777, 40.12019789323242]], [[-82.71004416556623, 40.117143621266415], [-82.71040349167988, 40.117143621266415], [-82.71040349167988, 40.11678429515277], [-82.71004416556623, 40.11678429515277], [-82.71004416556623, 40.117143621266415]], [[-82.71040349167988, 40.11894025183465], [-82.71094248085035, 40.11894025183465], [-82.71094248085035, 40.118580925721005], [-82.71112214390718, 40.118580925721005], [-82.71112214390718, 40.11840126266418], [-82.711301806964, 40.11840126266418], [-82.711301806964, 40.11822159960736], [-82.71148147002081, 40.11822159960736], [-82.71148147002081, 40.11804193655053], [-82.71166113307764, 40.11804193655053], [-82.71166113307764, 40.11768261043689], [-82.71148147002081, 40.11768261043689], [-82.71148147002081, 40.11750294738006], [-82.71076281779352, 40.11750294738006], [-82.71076281779352, 40.11804193655053], [-82.71094248085035, 40.11804193655053], [-82.71094248085035, 40.11840126266418], [-82.71076281779352, 40.11840126266418], [-82.71076281779352, 40.118580925721005], [-82.71040349167988, 40.118580925721005], [-82.71040349167988, 40.11894025183465]]]}, "properties": {"name": "cand03", "ptype": "hall", "confidence": "low", "rank": 3, "area_ha": 30.0, "rise_db": 8.3, "digitised_from": "Sentinel-1 VV rise 2021->2026, orbit 48"}}, {"type": "Feature", "geometry": {"geodesic": false, "type": "Polygon", "coordinates": [[[-82.7488513858402, 40.12055721934607], [-82.7488513858402, 40.12037755628924], [-82.74903104889702, 40.12037755628924], [-82.74903104889702, 40.12019789323242], [-82.74867172278337, 40.12019789323242], [-82.74867172278337, 40.120018230175596], [-82.74849205972654, 40.120018230175596], [-82.74849205972654, 40.11983856711877], [-82.74813273361289, 40.11983856711877], [-82.74813273361289, 40.11965890406195], [-82.74795307055608, 40.11965890406195], [-82.74795307055608, 40.119299577948304], [-82.74813273361289, 40.119299577948304], [-82.74813273361289, 40.11894025183465], [-82.74795307055608, 40.11894025183465], [-82.74795307055608, 40.11876058877783], [-82.74777340749925, 40.11876058877783], [-82.74777340749925, 40.118580925721005], [-82.74759374444243, 40.118580925721005], [-82.74759374444243, 40.11840126266418], [-82.74777340749925, 40.11840126266418], [-82.74777340749925, 40.11822159960736], [-82.74795307055608, 40.11822159960736], [-82.74795307055608, 40.11840126266418], [-82.74831239666972, 40.11840126266418], [-82.74831239666972, 40.11822159960736], [-82.74849205972654, 40.11822159960736], [-82.74849205972654, 40.11804193655053], [-82.74867172278337, 40.11804193655053], [-82.74867172278337, 40.11732328432324], [-82.7488513858402, 40.11732328432324], [-82.7488513858402, 40.11696395820959], [-82.74867172278337, 40.11696395820959], [-82.74867172278337, 40.11678429515277], [-82.74849205972654, 40.11678429515277], [-82.74849205972654, 40.11660463209594], [-82.74813273361289, 40.11660463209594], [-82.74813273361289, 40.116424969039116], [-82.74777340749925, 40.116424969039116], [-82.74777340749925, 40.1162453059823], [-82.74723441832877, 40.1162453059823], [-82.74723441832877, 40.11606564292547], [-82.74687509221513, 40.11606564292547], [-82.74687509221513, 40.1162453059823], [-82.74633610304465, 40.1162453059823], [-82.74633610304465, 40.11606564292547], [-82.74579711387419, 40.11606564292547], [-82.74579711387419, 40.1162453059823], [-82.74525812470371, 40.1162453059823], [-82.74525812470371, 40.11696395820959], [-82.7450784616469, 40.11696395820959], [-82.7450784616469, 40.11750294738006], [-82.74489879859007, 40.11750294738006], [-82.74489879859007, 40.11732328432324], [-82.74453947247642, 40.11732328432324], [-82.74453947247642, 40.117143621266415], [-82.74435980941959, 40.117143621266415], [-82.74435980941959, 40.11750294738006], [-82.74346149413547, 40.11750294738006], [-82.74346149413547, 40.117143621266415], [-82.74418014636277, 40.117143621266415], [-82.74418014636277, 40.11696395820959], [-82.74435980941959, 40.11696395820959], [-82.74435980941959, 40.116424969039116], [-82.74418014636277, 40.116424969039116], [-82.74418014636277, 40.11660463209594], [-82.74346149413547, 40.11660463209594], [-82.74346149413547, 40.11678429515277], [-82.74328183107865, 40.11678429515277], [-82.74328183107865, 40.11696395820959], [-82.74310216802184, 40.11696395820959], [-82.74310216802184, 40.11732328432324], [-82.74292250496501, 40.11732328432324], [-82.74292250496501, 40.11840126266418], [-82.74274284190818, 40.11840126266418], [-82.74274284190818, 40.118580925721005], [-82.74292250496501, 40.118580925721005], [-82.74292250496501, 40.11876058877783], [-82.74310216802184, 40.11876058877783], [-82.74310216802184, 40.119299577948304], [-82.74292250496501, 40.119299577948304], [-82.74292250496501, 40.11965890406195], [-82.74274284190818, 40.11965890406195], [-82.74274284190818, 40.11983856711877], [-82.74310216802184, 40.11983856711877], [-82.74310216802184, 40.11965890406195], [-82.74346149413547, 40.11965890406195], [-82.74346149413547, 40.11983856711877], [-82.74382082024913, 40.11983856711877], [-82.74382082024913, 40.11894025183465], [-82.74400048330595, 40.11894025183465], [-82.74400048330595, 40.11947924100512], [-82.74418014636277, 40.11947924100512], [-82.74418014636277, 40.11965890406195], [-82.74453947247642, 40.11965890406195], [-82.74453947247642, 40.11983856711877], [-82.74435980941959, 40.11983856711877], [-82.74435980941959, 40.120018230175596], [-82.74453947247642, 40.120018230175596], [-82.74453947247642, 40.12019789323242], [-82.7450784616469, 40.12019789323242], [-82.7450784616469, 40.120018230175596], [-82.74561745081736, 40.120018230175596], [-82.74561745081736, 40.11947924100512], [-82.74543778776054, 40.11947924100512], [-82.74543778776054, 40.119299577948304], [-82.74561745081736, 40.119299577948304], [-82.74561745081736, 40.11911991489148], [-82.74651576610148, 40.11911991489148], [-82.74651576610148, 40.119299577948304], [-82.74687509221513, 40.119299577948304], [-82.74687509221513, 40.11911991489148], [-82.74723441832877, 40.11911991489148], [-82.74723441832877, 40.119299577948304], [-82.7474140813856, 40.119299577948304], [-82.7474140813856, 40.11947924100512], [-82.74759374444243, 40.11947924100512], [-82.74759374444243, 40.11965890406195], [-82.74777340749925, 40.11965890406195], [-82.74777340749925, 40.11983856711877], [-82.74795307055608, 40.11983856711877], [-82.74795307055608, 40.120018230175596], [-82.74813273361289, 40.120018230175596], [-82.74813273361289, 40.12019789323242], [-82.74831239666972, 40.12019789323242], [-82.74831239666972, 40.12055721934607], [-82.7488513858402, 40.12055721934607]], [[-82.74328183107865, 40.11768261043689], [-82.74346149413547, 40.11768261043689], [-82.74346149413547, 40.11750294738006], [-82.74328183107865, 40.11750294738006], [-82.74328183107865, 40.11768261043689]], [[-82.7474140813856, 40.11804193655053], [-82.74777340749925, 40.11804193655053], [-82.74777340749925, 40.11768261043689], [-82.74795307055608, 40.11768261043689], [-82.74795307055608, 40.117143621266415], [-82.74759374444243, 40.117143621266415], [-82.74759374444243, 40.11732328432324], [-82.7474140813856, 40.11732328432324], [-82.7474140813856, 40.11804193655053]]]}, "properties": {"name": "cand04", "ptype": "hall", "confidence": "low", "rank": 4, "area_ha": 19.9, "rise_db": 9.0, "digitised_from": "Sentinel-1 VV rise 2021->2026, orbit 48"}}, {"type": "Feature", "geometry": {"geodesic": false, "type": "Polygon", "coordinates": [[[-82.7384309285444, 40.11911991489148], [-82.7384309285444, 40.11894025183465], [-82.73861059160123, 40.11894025183465], [-82.73861059160123, 40.11876058877783], [-82.73879025465806, 40.11876058877783], [-82.73879025465806, 40.11894025183465], [-82.73896991771488, 40.11894025183465], [-82.73896991771488, 40.11911991489148], [-82.73932924382852, 40.11911991489148], [-82.73932924382852, 40.11894025183465], [-82.73950890688535, 40.11894025183465], [-82.73950890688535, 40.11822159960736], [-82.73968856994217, 40.11822159960736], [-82.73968856994217, 40.11804193655053], [-82.74004789605583, 40.11804193655053], [-82.74004789605583, 40.11911991489148], [-82.74040722216947, 40.11911991489148], [-82.74040722216947, 40.11894025183465], [-82.74058688522629, 40.11894025183465], [-82.74058688522629, 40.11768261043689], [-82.74040722216947, 40.11768261043689], [-82.74040722216947, 40.11696395820959], [-82.74058688522629, 40.11696395820959], [-82.74058688522629, 40.116424969039116], [-82.74040722216947, 40.116424969039116], [-82.74040722216947, 40.1162453059823], [-82.74004789605583, 40.1162453059823], [-82.74004789605583, 40.116424969039116], [-82.73950890688535, 40.116424969039116], [-82.73950890688535, 40.1162453059823], [-82.73896991771488, 40.1162453059823], [-82.73896991771488, 40.116424969039116], [-82.73861059160123, 40.116424969039116], [-82.73861059160123, 40.1162453059823], [-82.73753261326029, 40.1162453059823], [-82.73753261326029, 40.11606564292547], [-82.73735295020346, 40.11606564292547], [-82.73735295020346, 40.1162453059823], [-82.73645463491934, 40.1162453059823], [-82.73645463491934, 40.11606564292547], [-82.73627497186251, 40.11606564292547], [-82.73627497186251, 40.1162453059823], [-82.73573598269205, 40.1162453059823], [-82.73573598269205, 40.11606564292547], [-82.73519699352158, 40.11606564292547], [-82.73519699352158, 40.1162453059823], [-82.73501733046476, 40.1162453059823], [-82.73501733046476, 40.11660463209594], [-82.7353766565784, 40.11660463209594], [-82.7353766565784, 40.11696395820959], [-82.73555631963522, 40.11696395820959], [-82.73555631963522, 40.117143621266415], [-82.73591564574888, 40.117143621266415], [-82.73591564574888, 40.11678429515277], [-82.7360953088057, 40.11678429515277], [-82.7360953088057, 40.11876058877783], [-82.73627497186251, 40.11876058877783], [-82.73627497186251, 40.11894025183465], [-82.73753261326029, 40.11894025183465], [-82.73753261326029, 40.11876058877783], [-82.73789193937394, 40.11876058877783], [-82.73789193937394, 40.11894025183465], [-82.73807160243076, 40.11894025183465], [-82.73807160243076, 40.11911991489148], [-82.7384309285444, 40.11911991489148]], [[-82.73573598269205, 40.11660463209594], [-82.73591564574888, 40.11660463209594], [-82.73591564574888, 40.116424969039116], [-82.73573598269205, 40.116424969039116], [-82.73573598269205, 40.11660463209594]], [[-82.739868232999, 40.11750294738006], [-82.74004789605583, 40.11750294738006], [-82.74004789605583, 40.11678429515277], [-82.739868232999, 40.11678429515277], [-82.739868232999, 40.11750294738006]], [[-82.736813961033, 40.11750294738006], [-82.73699362408982, 40.11750294738006], [-82.73699362408982, 40.11696395820959], [-82.736813961033, 40.11696395820959], [-82.736813961033, 40.11750294738006]], [[-82.736813961033, 40.11804193655053], [-82.73699362408982, 40.11804193655053], [-82.73699362408982, 40.11786227349371], [-82.736813961033, 40.11786227349371], [-82.736813961033, 40.11804193655053]], [[-82.736813961033, 40.11840126266418], [-82.73699362408982, 40.11840126266418], [-82.73699362408982, 40.11822159960736], [-82.736813961033, 40.11822159960736], [-82.736813961033, 40.11840126266418]]]}, "properties": {"name": "cand05", "ptype": "hall", "confidence": "low", "rank": 5, "area_ha": 14.8, "rise_db": 8.3, "digitised_from": "Sentinel-1 VV rise 2021->2026, orbit 48"}}, {"type": "Feature", "geometry": {"geodesic": false, "type": "Polygon", "coordinates": [[[-82.7226205795439, 40.09217045636789], [-82.7226205795439, 40.09199079331107], [-82.72297990565755, 40.09199079331107], [-82.72297990565755, 40.09181113025424], [-82.72315956871438, 40.09181113025424], [-82.72315956871438, 40.091631467197416], [-82.72333923177119, 40.091631467197416], [-82.72333923177119, 40.09127214108377], [-82.72315956871438, 40.09127214108377], [-82.72315956871438, 40.09055348885648], [-82.72297990565755, 40.09055348885648], [-82.72297990565755, 40.090014499686006], [-82.7226205795439, 40.090014499686006], [-82.7226205795439, 40.08983483662918], [-82.72244091648707, 40.08983483662918], [-82.72244091648707, 40.08965517357235], [-82.72226125343026, 40.08965517357235], [-82.72226125343026, 40.08929584745871], [-82.72208159037343, 40.08929584745871], [-82.72208159037343, 40.08911618440189], [-82.72190192731661, 40.08911618440189], [-82.72190192731661, 40.088756858288235], [-82.72172226425978, 40.088756858288235], [-82.72172226425978, 40.088577195231416], [-82.72154260120296, 40.088577195231416], [-82.72154260120296, 40.08839753217459], [-82.72136293814613, 40.08839753217459], [-82.72136293814613, 40.08821786911776], [-82.72118327508932, 40.08821786911776], [-82.72118327508932, 40.08803820606094], [-82.72100361203249, 40.08803820606094], [-82.72100361203249, 40.08785854300412], [-82.72082394897566, 40.08785854300412], [-82.72082394897566, 40.08767887994729], [-82.72064428591884, 40.08767887994729], [-82.72064428591884, 40.08749921689047], [-82.72010529674837, 40.08749921689047], [-82.72010529674837, 40.08767887994729], [-82.71992563369155, 40.08767887994729], [-82.71992563369155, 40.08785854300412], [-82.71920698146425, 40.08785854300412], [-82.71920698146425, 40.087139890776825], [-82.71902731840743, 40.087139890776825], [-82.71902731840743, 40.08696022772], [-82.71830866618014, 40.08696022772], [-82.71830866618014, 40.087139890776825], [-82.71812900312331, 40.087139890776825], [-82.71812900312331, 40.087319553833645], [-82.71830866618014, 40.087319553833645], [-82.71830866618014, 40.08749921689047], [-82.71902731840743, 40.08749921689047], [-82.71902731840743, 40.08785854300412], [-82.71866799229377, 40.08785854300412], [-82.71866799229377, 40.08803820606094], [-82.71812900312331, 40.08803820606094], [-82.71812900312331, 40.08821786911776], [-82.71794934006648, 40.08821786911776], [-82.71794934006648, 40.088577195231416], [-82.71812900312331, 40.088577195231416], [-82.71812900312331, 40.088756858288235], [-82.71794934006648, 40.088756858288235], [-82.71794934006648, 40.08893652134506], [-82.71830866618014, 40.08893652134506], [-82.71830866618014, 40.08911618440189], [-82.71848832923695, 40.08911618440189], [-82.71848832923695, 40.08929584745871], [-82.71866799229377, 40.08929584745871], [-82.71866799229377, 40.089475510515534], [-82.7188476553506, 40.089475510515534], [-82.7188476553506, 40.08965517357235], [-82.71920698146425, 40.08965517357235], [-82.71920698146425, 40.089475510515534], [-82.71956630757789, 40.089475510515534], [-82.71956630757789, 40.08965517357235], [-82.71974597063472, 40.08965517357235], [-82.71974597063472, 40.08983483662918], [-82.72010529674837, 40.08983483662918], [-82.72010529674837, 40.090194162742826], [-82.72046462286201, 40.090194162742826], [-82.72046462286201, 40.09037382579965], [-82.72064428591884, 40.09037382579965], [-82.72064428591884, 40.09055348885648], [-82.72082394897566, 40.09055348885648], [-82.72082394897566, 40.0907331519133], [-82.72100361203249, 40.0907331519133], [-82.72100361203249, 40.090912814970125], [-82.72118327508932, 40.090912814970125], [-82.72118327508932, 40.09109247802695], [-82.72136293814613, 40.09109247802695], [-82.72136293814613, 40.09127214108377], [-82.72154260120296, 40.09127214108377], [-82.72154260120296, 40.0914518041406], [-82.72172226425978, 40.0914518041406], [-82.72172226425978, 40.091631467197416], [-82.72208159037343, 40.091631467197416], [-82.72208159037343, 40.09181113025424], [-82.72226125343026, 40.09181113025424], [-82.72226125343026, 40.09199079331107], [-82.72244091648707, 40.09199079331107], [-82.72244091648707, 40.09217045636789], [-82.7226205795439, 40.09217045636789]], [[-82.71848832923695, 40.088756858288235], [-82.71866799229377, 40.088756858288235], [-82.71866799229377, 40.088577195231416], [-82.71848832923695, 40.088577195231416], [-82.71848832923695, 40.088756858288235]], [[-82.7188476553506, 40.08911618440189], [-82.71902731840743, 40.08911618440189], [-82.71902731840743, 40.08893652134506], [-82.7188476553506, 40.08893652134506], [-82.7188476553506, 40.08911618440189]], [[-82.72226125343026, 40.090912814970125], [-82.7226205795439, 40.090912814970125], [-82.7226205795439, 40.0907331519133], [-82.72280024260073, 40.0907331519133], [-82.72280024260073, 40.09055348885648], [-82.7226205795439, 40.09055348885648], [-82.7226205795439, 40.09037382579965], [-82.72244091648707, 40.09037382579965], [-82.72244091648707, 40.090194162742826], [-82.72226125343026, 40.090194162742826], [-82.72226125343026, 40.09037382579965], [-82.72208159037343, 40.09037382579965], [-82.72208159037343, 40.0907331519133], [-82.72226125343026, 40.0907331519133], [-82.72226125343026, 40.090912814970125]], [[-82.72280024260073, 40.09109247802695], [-82.72297990565755, 40.09109247802695], [-82.72297990565755, 40.090912814970125], [-82.72280024260073, 40.090912814970125], [-82.72280024260073, 40.09109247802695]]]}, "properties": {"name": "cand06", "ptype": "hall", "confidence": "low", "rank": 6, "area_ha": 13.9, "rise_db": 7.9, "digitised_from": "Sentinel-1 VV rise 2021->2026, orbit 48"}}, {"type": "Feature", "geometry": {"geodesic": false, "type": "Polygon", "coordinates": [[[-82.73950890688535, 40.123611491312076], [-82.73950890688535, 40.12343182825525], [-82.73968856994217, 40.12343182825525], [-82.73968856994217, 40.1230725021416], [-82.739868232999, 40.1230725021416], [-82.739868232999, 40.12289283908478], [-82.74004789605583, 40.12289283908478], [-82.74004789605583, 40.122174186857485], [-82.74112587439677, 40.122174186857485], [-82.74112587439677, 40.122353849914305], [-82.74148520051041, 40.122353849914305], [-82.74148520051041, 40.122174186857485], [-82.74166486356724, 40.122174186857485], [-82.74166486356724, 40.121455534630186], [-82.74184452662406, 40.121455534630186], [-82.74184452662406, 40.120736882402895], [-82.74166486356724, 40.120736882402895], [-82.74166486356724, 40.12055721934607], [-82.74040722216947, 40.12055721934607], [-82.74040722216947, 40.120736882402895], [-82.73896991771488, 40.120736882402895], [-82.73896991771488, 40.12019789323242], [-82.73914958077171, 40.12019789323242], [-82.73914958077171, 40.11983856711877], [-82.73879025465806, 40.11983856711877], [-82.73879025465806, 40.120018230175596], [-82.73861059160123, 40.120018230175596], [-82.73861059160123, 40.12055721934607], [-82.7384309285444, 40.12055721934607], [-82.7384309285444, 40.120736882402895], [-82.73825126548758, 40.120736882402895], [-82.73825126548758, 40.12181486074383], [-82.73807160243076, 40.12181486074383], [-82.73807160243076, 40.12289283908478], [-82.73825126548758, 40.12289283908478], [-82.73825126548758, 40.1230725021416], [-82.7384309285444, 40.1230725021416], [-82.7384309285444, 40.12325216519843], [-82.73861059160123, 40.12325216519843], [-82.73861059160123, 40.12343182825525], [-82.73879025465806, 40.12343182825525], [-82.73879025465806, 40.12325216519843], [-82.73896991771488, 40.12325216519843], [-82.73896991771488, 40.12289283908478], [-82.73914958077171, 40.12289283908478], [-82.73914958077171, 40.12343182825525], [-82.73932924382852, 40.12343182825525], [-82.73932924382852, 40.123611491312076], [-82.73950890688535, 40.123611491312076]], [[-82.73861059160123, 40.12253351297113], [-82.73914958077171, 40.12253351297113], [-82.73914958077171, 40.122174186857485], [-82.73879025465806, 40.122174186857485], [-82.73879025465806, 40.122353849914305], [-82.73861059160123, 40.122353849914305], [-82.73861059160123, 40.12253351297113]]]}, "properties": {"name": "cand07", "ptype": "hall", "confidence": "low", "rank": 7, "area_ha": 9.5, "rise_db": 6.9, "digitised_from": "Sentinel-1 VV rise 2021->2026, orbit 48"}}, {"type": "Feature", "geometry": {"geodesic": false, "type": "Polygon", "coordinates": [[[-82.7271121559645, 40.11876058877783], [-82.7271121559645, 40.118580925721005], [-82.7278308081918, 40.118580925721005], [-82.7278308081918, 40.11876058877783], [-82.72836979736226, 40.11876058877783], [-82.72836979736226, 40.118580925721005], [-82.72854946041909, 40.118580925721005], [-82.72854946041909, 40.11840126266418], [-82.72872912347592, 40.11840126266418], [-82.72872912347592, 40.11822159960736], [-82.72890878653274, 40.11822159960736], [-82.72890878653274, 40.11840126266418], [-82.72908844958957, 40.11840126266418], [-82.72908844958957, 40.118580925721005], [-82.72926811264638, 40.118580925721005], [-82.72926811264638, 40.11876058877783], [-82.7294477757032, 40.11876058877783], [-82.7294477757032, 40.118580925721005], [-82.72962743876003, 40.118580925721005], [-82.72962743876003, 40.11678429515277], [-82.7294477757032, 40.11678429515277], [-82.7294477757032, 40.11660463209594], [-82.72908844958957, 40.11660463209594], [-82.72908844958957, 40.11696395820959], [-82.72926811264638, 40.11696395820959], [-82.72926811264638, 40.11750294738006], [-82.72908844958957, 40.11750294738006], [-82.72908844958957, 40.11804193655053], [-82.72890878653274, 40.11804193655053], [-82.72890878653274, 40.11786227349371], [-82.72854946041909, 40.11786227349371], [-82.72854946041909, 40.11606564292547], [-82.72819013430545, 40.11606564292547], [-82.72819013430545, 40.1162453059823], [-82.72801047124862, 40.1162453059823], [-82.72801047124862, 40.11678429515277], [-82.7278308081918, 40.11678429515277], [-82.7278308081918, 40.11660463209594], [-82.72765114513497, 40.11660463209594], [-82.72765114513497, 40.11606564292547], [-82.72657316679403, 40.11606564292547], [-82.72657316679403, 40.115885979868644], [-82.7263935037372, 40.115885979868644], [-82.7263935037372, 40.115706316811824], [-82.72621384068039, 40.115706316811824], [-82.72621384068039, 40.11534699069818], [-82.72603417762356, 40.11534699069818], [-82.72603417762356, 40.115706316811824], [-82.72621384068039, 40.115706316811824], [-82.72621384068039, 40.115885979868644], [-82.72603417762356, 40.115885979868644], [-82.72603417762356, 40.11606564292547], [-82.72567485150991, 40.11606564292547], [-82.72567485150991, 40.115885979868644], [-82.72531552539625, 40.115885979868644], [-82.72531552539625, 40.11606564292547], [-82.72513586233944, 40.11606564292547], [-82.72513586233944, 40.1162453059823], [-82.72531552539625, 40.1162453059823], [-82.72531552539625, 40.116424969039116], [-82.72585451456673, 40.116424969039116], [-82.72585451456673, 40.1162453059823], [-82.7263935037372, 40.1162453059823], [-82.7263935037372, 40.117143621266415], [-82.72657316679403, 40.117143621266415], [-82.72657316679403, 40.11732328432324], [-82.72675282985085, 40.11732328432324], [-82.72675282985085, 40.11660463209594], [-82.72693249290768, 40.11660463209594], [-82.72693249290768, 40.116424969039116], [-82.7271121559645, 40.116424969039116], [-82.7271121559645, 40.117143621266415], [-82.72693249290768, 40.117143621266415], [-82.72693249290768, 40.11732328432324], [-82.7271121559645, 40.11732328432324], [-82.7271121559645, 40.11750294738006], [-82.72675282985085, 40.11750294738006], [-82.72675282985085, 40.11768261043689], [-82.72693249290768, 40.11768261043689], [-82.72693249290768, 40.11786227349371], [-82.72657316679403, 40.11786227349371], [-82.72657316679403, 40.11804193655053], [-82.72675282985085, 40.11804193655053], [-82.72675282985085, 40.11822159960736], [-82.72603417762356, 40.11822159960736], [-82.72603417762356, 40.118580925721005], [-82.72621384068039, 40.118580925721005], [-82.72621384068039, 40.11876058877783], [-82.7271121559645, 40.11876058877783]], [[-82.72747148207814, 40.11804193655053], [-82.72801047124862, 40.11804193655053], [-82.72801047124862, 40.11768261043689], [-82.7278308081918, 40.11768261043689], [-82.7278308081918, 40.11750294738006], [-82.72765114513497, 40.11750294738006], [-82.72765114513497, 40.11786227349371], [-82.72747148207814, 40.11786227349371], [-82.72747148207814, 40.11804193655053]], [[-82.72675282985085, 40.11840126266418], [-82.72693249290768, 40.11840126266418], [-82.72693249290768, 40.11822159960736], [-82.72675282985085, 40.11822159960736], [-82.72675282985085, 40.11840126266418]]]}, "properties": {"name": "cand08", "ptype": "hall", "confidence": "low", "rank": 8, "area_ha": 8.0, "rise_db": 5.9, "digitised_from": "Sentinel-1 VV rise 2021->2026, orbit 48"}}, {"type": "Feature", "geometry": {"geodesic": false, "type": "Polygon", "coordinates": [[[-82.72100361203249, 40.123611491312076], [-82.72100361203249, 40.12271317602796], [-82.72082394897566, 40.12271317602796], [-82.72082394897566, 40.122353849914305], [-82.72064428591884, 40.122353849914305], [-82.72064428591884, 40.122174186857485], [-82.72046462286201, 40.122174186857485], [-82.72046462286201, 40.12253351297113], [-82.72064428591884, 40.12253351297113], [-82.72064428591884, 40.1230725021416], [-82.71992563369155, 40.1230725021416], [-82.71992563369155, 40.12271317602796], [-82.71974597063472, 40.12271317602796], [-82.71974597063472, 40.12253351297113], [-82.71992563369155, 40.12253351297113], [-82.71992563369155, 40.122174186857485], [-82.72010529674837, 40.122174186857485], [-82.72010529674837, 40.12199452380066], [-82.7202849598052, 40.12199452380066], [-82.7202849598052, 40.12163519768701], [-82.72100361203249, 40.12163519768701], [-82.72100361203249, 40.12127587157337], [-82.7202849598052, 40.12127587157337], [-82.7202849598052, 40.121455534630186], [-82.72010529674837, 40.121455534630186], [-82.72010529674837, 40.12127587157337], [-82.71866799229377, 40.12127587157337], [-82.71866799229377, 40.12163519768701], [-82.7188476553506, 40.12163519768701], [-82.7188476553506, 40.121455534630186], [-82.71902731840743, 40.121455534630186], [-82.71902731840743, 40.12163519768701], [-82.71920698146425, 40.12163519768701], [-82.71920698146425, 40.12181486074383], [-82.7188476553506, 40.12181486074383], [-82.7188476553506, 40.12199452380066], [-82.71866799229377, 40.12199452380066], [-82.71866799229377, 40.122174186857485], [-82.71848832923695, 40.122174186857485], [-82.71848832923695, 40.12199452380066], [-82.71830866618014, 40.12199452380066], [-82.71830866618014, 40.122174186857485], [-82.71759001395283, 40.122174186857485], [-82.71759001395283, 40.12289283908478], [-82.71776967700966, 40.12289283908478], [-82.71776967700966, 40.12271317602796], [-82.71794934006648, 40.12271317602796], [-82.71794934006648, 40.12253351297113], [-82.71812900312331, 40.12253351297113], [-82.71812900312331, 40.12289283908478], [-82.71830866618014, 40.12289283908478], [-82.71830866618014, 40.123611491312076], [-82.72100361203249, 40.123611491312076]], [[-82.7188476553506, 40.12253351297113], [-82.71902731840743, 40.12253351297113], [-82.71902731840743, 40.122174186857485], [-82.7188476553506, 40.122174186857485], [-82.7188476553506, 40.12253351297113]], [[-82.71812900312331, 40.12253351297113], [-82.71866799229377, 40.12253351297113], [-82.71866799229377, 40.122353849914305], [-82.71812900312331, 40.122353849914305], [-82.71812900312331, 40.12253351297113]], [[-82.71848832923695, 40.12325216519843], [-82.71866799229377, 40.12325216519843], [-82.71866799229377, 40.1230725021416], [-82.71848832923695, 40.1230725021416], [-82.71848832923695, 40.12325216519843]]]}, "properties": {"name": "cand09", "ptype": "hall", "confidence": "low", "rank": 9, "area_ha": 6.0, "rise_db": 5.4, "digitised_from": "Sentinel-1 VV rise 2021->2026, orbit 48"}}, {"type": "Feature", "geometry": {"geodesic": false, "type": "Polygon", "coordinates": [[[-82.71902731840743, 40.114808001527706], [-82.71902731840743, 40.11462833847088], [-82.71920698146425, 40.11462833847088], [-82.71920698146425, 40.11444867541405], [-82.71938664452107, 40.11444867541405], [-82.71938664452107, 40.114269012357234], [-82.71956630757789, 40.114269012357234], [-82.71956630757789, 40.11373002318676], [-82.71938664452107, 40.11373002318676], [-82.71938664452107, 40.11283170790264], [-82.71956630757789, 40.11283170790264], [-82.71956630757789, 40.11265204484582], [-82.71974597063472, 40.11265204484582], [-82.71974597063472, 40.11247238178899], [-82.71992563369155, 40.11247238178899], [-82.71992563369155, 40.11229271873217], [-82.71974597063472, 40.11229271873217], [-82.71974597063472, 40.112113055675344], [-82.71956630757789, 40.112113055675344], [-82.71956630757789, 40.11193339261852], [-82.71938664452107, 40.11193339261852], [-82.71938664452107, 40.1117537295617], [-82.7188476553506, 40.1117537295617], [-82.7188476553506, 40.11157406650487], [-82.71866799229377, 40.11157406650487], [-82.71866799229377, 40.1117537295617], [-82.71848832923695, 40.1117537295617], [-82.71848832923695, 40.112113055675344], [-82.71830866618014, 40.112113055675344], [-82.71830866618014, 40.11247238178899], [-82.71812900312331, 40.11247238178899], [-82.71812900312331, 40.11283170790264], [-82.71794934006648, 40.11283170790264], [-82.71794934006648, 40.11319103401629], [-82.71830866618014, 40.11319103401629], [-82.71830866618014, 40.113370697073115], [-82.71776967700966, 40.113370697073115], [-82.71776967700966, 40.113550360129935], [-82.71759001395283, 40.113550360129935], [-82.71759001395283, 40.11373002318676], [-82.717410350896, 40.11373002318676], [-82.717410350896, 40.11408934930041], [-82.71723068783919, 40.11408934930041], [-82.71723068783919, 40.114269012357234], [-82.71705102478236, 40.114269012357234], [-82.71705102478236, 40.11444867541405], [-82.71723068783919, 40.11444867541405], [-82.71723068783919, 40.11462833847088], [-82.71759001395283, 40.11462833847088], [-82.71759001395283, 40.11444867541405], [-82.71830866618014, 40.11444867541405], [-82.71830866618014, 40.114269012357234], [-82.71848832923695, 40.114269012357234], [-82.71848832923695, 40.11408934930041], [-82.7188476553506, 40.11408934930041], [-82.7188476553506, 40.114808001527706], [-82.71902731840743, 40.114808001527706]], [[-82.71938664452107, 40.11229271873217], [-82.71956630757789, 40.11229271873217], [-82.71956630757789, 40.112113055675344], [-82.71938664452107, 40.112113055675344], [-82.71938664452107, 40.11229271873217]], [[-82.71848832923695, 40.113550360129935], [-82.71866799229377, 40.113550360129935], [-82.71866799229377, 40.113370697073115], [-82.71848832923695, 40.113370697073115], [-82.71848832923695, 40.113550360129935]], [[-82.7188476553506, 40.11373002318676], [-82.71902731840743, 40.11373002318676], [-82.71902731840743, 40.113550360129935], [-82.7188476553506, 40.113550360129935], [-82.7188476553506, 40.11373002318676]]]}, "properties": {"name": "cand10", "ptype": "hall", "confidence": "low", "rank": 10, "area_ha": 5.4, "rise_db": 9.9, "digitised_from": "Sentinel-1 VV rise 2021->2026, orbit 48"}}, {"type": "Feature", "geometry": {"geodesic": false, "type": "Polygon", "coordinates": [[[-82.75693622339728, 40.1162453059823], [-82.75693622339728, 40.11606564292547], [-82.75711588645409, 40.11606564292547], [-82.75711588645409, 40.1162453059823], [-82.75747521256774, 40.1162453059823], [-82.75747521256774, 40.11606564292547], [-82.75765487562457, 40.11606564292547], [-82.75765487562457, 40.115526653755], [-82.75747521256774, 40.115526653755], [-82.75747521256774, 40.11534699069818], [-82.75765487562457, 40.11534699069818], [-82.75765487562457, 40.11516732764135], [-82.7578345386814, 40.11516732764135], [-82.7578345386814, 40.114987664584525], [-82.75819386479503, 40.114987664584525], [-82.75819386479503, 40.114808001527706], [-82.75837352785186, 40.114808001527706], [-82.75837352785186, 40.11462833847088], [-82.75819386479503, 40.11462833847088], [-82.75819386479503, 40.11444867541405], [-82.7580142017382, 40.11444867541405], [-82.7580142017382, 40.114269012357234], [-82.75765487562457, 40.114269012357234], [-82.75765487562457, 40.11444867541405], [-82.75747521256774, 40.11444867541405], [-82.75747521256774, 40.114269012357234], [-82.75729554951091, 40.114269012357234], [-82.75729554951091, 40.11444867541405], [-82.75693622339728, 40.11444867541405], [-82.75693622339728, 40.11462833847088], [-82.75657689728362, 40.11462833847088], [-82.75657689728362, 40.11444867541405], [-82.7563972342268, 40.11444867541405], [-82.7563972342268, 40.114269012357234], [-82.75621757116997, 40.114269012357234], [-82.75621757116997, 40.11462833847088], [-82.75603790811314, 40.11462833847088], [-82.75603790811314, 40.114808001527706], [-82.75585824505633, 40.114808001527706], [-82.75585824505633, 40.11444867541405], [-82.7556785819995, 40.11444867541405], [-82.7556785819995, 40.114269012357234], [-82.75531925588585, 40.114269012357234], [-82.75531925588585, 40.11444867541405], [-82.75513959282902, 40.11444867541405], [-82.75513959282902, 40.11462833847088], [-82.7542412775449, 40.11462833847088], [-82.7542412775449, 40.114808001527706], [-82.75406161448808, 40.114808001527706], [-82.75406161448808, 40.11444867541405], [-82.75388195143127, 40.11444867541405], [-82.75388195143127, 40.114269012357234], [-82.75352262531761, 40.114269012357234], [-82.75352262531761, 40.11444867541405], [-82.75334296226079, 40.11444867541405], [-82.75334296226079, 40.11516732764135], [-82.75352262531761, 40.11516732764135], [-82.75352262531761, 40.11534699069818], [-82.75388195143127, 40.11534699069818], [-82.75388195143127, 40.11516732764135], [-82.75442094060173, 40.11516732764135], [-82.75442094060173, 40.11534699069818], [-82.75460060365856, 40.11534699069818], [-82.75460060365856, 40.115526653755], [-82.75495992977221, 40.115526653755], [-82.75495992977221, 40.11534699069818], [-82.75531925588585, 40.11534699069818], [-82.75531925588585, 40.11516732764135], [-82.7556785819995, 40.11516732764135], [-82.7556785819995, 40.114987664584525], [-82.75603790811314, 40.114987664584525], [-82.75603790811314, 40.114808001527706], [-82.75621757116997, 40.114808001527706], [-82.75621757116997, 40.114987664584525], [-82.7563972342268, 40.114987664584525], [-82.7563972342268, 40.114808001527706], [-82.75693622339728, 40.114808001527706], [-82.75693622339728, 40.114987664584525], [-82.75711588645409, 40.114987664584525], [-82.75711588645409, 40.115526653755], [-82.75693622339728, 40.115526653755], [-82.75693622339728, 40.115885979868644], [-82.75675656034045, 40.115885979868644], [-82.75675656034045, 40.115706316811824], [-82.75657689728362, 40.115706316811824], [-82.75657689728362, 40.115885979868644], [-82.7563972342268, 40.115885979868644], [-82.7563972342268, 40.11606564292547], [-82.75657689728362, 40.11606564292547], [-82.75657689728362, 40.1162453059823], [-82.75693622339728, 40.1162453059823]], [[-82.75513959282902, 40.114808001527706], [-82.75549891894268, 40.114808001527706], [-82.75549891894268, 40.11462833847088], [-82.75513959282902, 40.11462833847088], [-82.75513959282902, 40.114808001527706]]]}, "properties": {"name": "cand11", "ptype": "hall", "confidence": "low", "rank": 11, "area_ha": 4.9, "rise_db": 6.3, "digitised_from": "Sentinel-1 VV rise 2021->2026, orbit 48"}}, {"type": "Feature", "geometry": {"geodesic": false, "type": "Polygon", "coordinates": [[[-82.74004789605583, 40.09917731558402], [-82.74004789605583, 40.0989976525272], [-82.74076654828312, 40.0989976525272], [-82.74076654828312, 40.09863832641355], [-82.74094621133995, 40.09863832641355], [-82.74094621133995, 40.098279000299904], [-82.74004789605583, 40.098279000299904], [-82.74004789605583, 40.09791967418626], [-82.739868232999, 40.09791967418626], [-82.739868232999, 40.09774001112943], [-82.73932924382852, 40.09774001112943], [-82.73932924382852, 40.09791967418626], [-82.73789193937394, 40.09791967418626], [-82.73789193937394, 40.09809933724308], [-82.73717328714665, 40.09809933724308], [-82.73717328714665, 40.098279000299904], [-82.73699362408982, 40.098279000299904], [-82.73699362408982, 40.09863832641355], [-82.73717328714665, 40.09863832641355], [-82.73717328714665, 40.098817989470376], [-82.73771227631711, 40.098817989470376], [-82.73771227631711, 40.09863832641355], [-82.73807160243076, 40.09863832641355], [-82.73807160243076, 40.098817989470376], [-82.7384309285444, 40.098817989470376], [-82.7384309285444, 40.0989976525272], [-82.73914958077171, 40.0989976525272], [-82.73914958077171, 40.098817989470376], [-82.73932924382852, 40.098817989470376], [-82.73932924382852, 40.0989976525272], [-82.73950890688535, 40.0989976525272], [-82.73950890688535, 40.09917731558402], [-82.74004789605583, 40.09917731558402]]]}, "properties": {"name": "cand12", "ptype": "hall", "confidence": "low", "rank": 12, "area_ha": 4.3, "rise_db": 11.8, "digitised_from": "Sentinel-1 VV rise 2021->2026, orbit 48"}}, {"type": "Feature", "geometry": {"geodesic": false, "type": "Polygon", "coordinates": [[[-82.74813273361289, 40.115706316811824], [-82.74813273361289, 40.115526653755], [-82.74831239666972, 40.115526653755], [-82.74831239666972, 40.11516732764135], [-82.74867172278337, 40.11516732764135], [-82.74867172278337, 40.114987664584525], [-82.74903104889702, 40.114987664584525], [-82.74903104889702, 40.11516732764135], [-82.74992936418114, 40.11516732764135], [-82.74992936418114, 40.114987664584525], [-82.75028869029478, 40.114987664584525], [-82.75028869029478, 40.11462833847088], [-82.75010902723795, 40.11462833847088], [-82.75010902723795, 40.11408934930041], [-82.75028869029478, 40.11408934930041], [-82.75028869029478, 40.11373002318676], [-82.75010902723795, 40.11373002318676], [-82.75010902723795, 40.113550360129935], [-82.7488513858402, 40.113550360129935], [-82.7488513858402, 40.113370697073115], [-82.74831239666972, 40.113370697073115], [-82.74831239666972, 40.113550360129935], [-82.74813273361289, 40.113550360129935], [-82.74813273361289, 40.11390968624358], [-82.74831239666972, 40.11390968624358], [-82.74831239666972, 40.11462833847088], [-82.74813273361289, 40.11462833847088], [-82.74813273361289, 40.114987664584525], [-82.74795307055608, 40.114987664584525], [-82.74795307055608, 40.11516732764135], [-82.74777340749925, 40.11516732764135], [-82.74777340749925, 40.115526653755], [-82.74795307055608, 40.115526653755], [-82.74795307055608, 40.115706316811824], [-82.74813273361289, 40.115706316811824]]]}, "properties": {"name": "cand13", "ptype": "hall", "confidence": "low", "rank": 13, "area_ha": 4.3, "rise_db": 5.8, "digitised_from": "Sentinel-1 VV rise 2021->2026, orbit 48"}}, {"type": "Feature", "geometry": {"geodesic": false, "type": "Polygon", "coordinates": [[[-82.74651576610148, 40.09396708693613], [-82.74651576610148, 40.093787423879306], [-82.74687509221513, 40.093787423879306], [-82.74687509221513, 40.093607760822486], [-82.7488513858402, 40.093607760822486], [-82.7488513858402, 40.09342809776566], [-82.74903104889702, 40.09342809776566], [-82.74903104889702, 40.09324843470883], [-82.74921071195384, 40.09324843470883], [-82.74921071195384, 40.093068771652014], [-82.74903104889702, 40.093068771652014], [-82.74903104889702, 40.09270944553836], [-82.74867172278337, 40.09270944553836], [-82.74867172278337, 40.09252978248154], [-82.74651576610148, 40.09252978248154], [-82.74651576610148, 40.09270944553836], [-82.74633610304465, 40.09270944553836], [-82.74633610304465, 40.093068771652014], [-82.74615643998783, 40.093068771652014], [-82.74615643998783, 40.09324843470883], [-82.74579711387419, 40.09324843470883], [-82.74579711387419, 40.09342809776566], [-82.74597677693102, 40.09342809776566], [-82.74597677693102, 40.093607760822486], [-82.74615643998783, 40.093607760822486], [-82.74615643998783, 40.093787423879306], [-82.74633610304465, 40.093787423879306], [-82.74633610304465, 40.09396708693613], [-82.74651576610148, 40.09396708693613]]]}, "properties": {"name": "cand14", "ptype": "hall", "confidence": "low", "rank": 14, "area_ha": 3.9, "rise_db": 10.7, "digitised_from": "Sentinel-1 VV rise 2021->2026, orbit 48"}}, {"type": "Feature", "geometry": {"geodesic": false, "type": "Polygon", "coordinates": [[[-82.73322069989652, 40.11983856711877], [-82.73322069989652, 40.11876058877783], [-82.73340036295333, 40.11876058877783], [-82.73340036295333, 40.118580925721005], [-82.73393935212381, 40.118580925721005], [-82.73393935212381, 40.11876058877783], [-82.73375968906699, 40.11876058877783], [-82.73375968906699, 40.11894025183465], [-82.73358002601016, 40.11894025183465], [-82.73358002601016, 40.11911991489148], [-82.73375968906699, 40.11911991489148], [-82.73375968906699, 40.119299577948304], [-82.73411901518064, 40.119299577948304], [-82.73411901518064, 40.11965890406195], [-82.73447834129428, 40.11965890406195], [-82.73447834129428, 40.11894025183465], [-82.73573598269205, 40.11894025183465], [-82.73573598269205, 40.11822159960736], [-82.73555631963522, 40.11822159960736], [-82.73555631963522, 40.11804193655053], [-82.73501733046476, 40.11804193655053], [-82.73501733046476, 40.11822159960736], [-82.73483766740793, 40.11822159960736], [-82.73483766740793, 40.118580925721005], [-82.73447834129428, 40.118580925721005], [-82.73447834129428, 40.11768261043689], [-82.73411901518064, 40.11768261043689], [-82.73411901518064, 40.11804193655053], [-82.73429867823745, 40.11804193655053], [-82.73429867823745, 40.11822159960736], [-82.7330410368397, 40.11822159960736], [-82.7330410368397, 40.11840126266418], [-82.73286137378287, 40.11840126266418], [-82.73286137378287, 40.119299577948304], [-82.73268171072604, 40.119299577948304], [-82.73268171072604, 40.11965890406195], [-82.73286137378287, 40.11965890406195], [-82.73286137378287, 40.11983856711877], [-82.73322069989652, 40.11983856711877]]]}, "properties": {"name": "cand15", "ptype": "hall", "confidence": "low", "rank": 15, "area_ha": 3.4, "rise_db": 6.2, "digitised_from": "Sentinel-1 VV rise 2021->2026, orbit 48"}}, {"type": "Feature", "geometry": {"geodesic": false, "type": "Polygon", "coordinates": [[[-82.7023186541228, 40.11786227349371], [-82.7023186541228, 40.11768261043689], [-82.70285764329327, 40.11768261043689], [-82.70285764329327, 40.11732328432324], [-82.7030373063501, 40.11732328432324], [-82.7030373063501, 40.117143621266415], [-82.70321696940692, 40.117143621266415], [-82.70321696940692, 40.116424969039116], [-82.70339663246375, 40.116424969039116], [-82.70339663246375, 40.1162453059823], [-82.70357629552056, 40.1162453059823], [-82.70357629552056, 40.115526653755], [-82.70393562163422, 40.115526653755], [-82.70393562163422, 40.11516732764135], [-82.70357629552056, 40.11516732764135], [-82.70357629552056, 40.114987664584525], [-82.70375595857739, 40.114987664584525], [-82.70375595857739, 40.11462833847088], [-82.70321696940692, 40.11462833847088], [-82.70321696940692, 40.114808001527706], [-82.7030373063501, 40.114808001527706], [-82.7030373063501, 40.114987664584525], [-82.70321696940692, 40.114987664584525], [-82.70321696940692, 40.11516732764135], [-82.7030373063501, 40.11516732764135], [-82.7030373063501, 40.115526653755], [-82.70285764329327, 40.115526653755], [-82.70285764329327, 40.116424969039116], [-82.70213899106598, 40.116424969039116], [-82.70213899106598, 40.11660463209594], [-82.70195932800915, 40.11660463209594], [-82.70195932800915, 40.11678429515277], [-82.70213899106598, 40.11678429515277], [-82.70213899106598, 40.11786227349371], [-82.7023186541228, 40.11786227349371]]]}, "properties": {"name": "cand16", "ptype": "hall", "confidence": "low", "rank": 16, "area_ha": 3.1, "rise_db": 6.0, "digitised_from": "Sentinel-1 VV rise 2021->2026, orbit 48"}}, {"type": "Feature", "geometry": {"geodesic": false, "type": "Polygon", "coordinates": [[[-82.70555258914563, 40.11894025183465], [-82.70555258914563, 40.11876058877783], [-82.70591191525928, 40.11876058877783], [-82.70591191525928, 40.118580925721005], [-82.7060915783161, 40.118580925721005], [-82.7060915783161, 40.11876058877783], [-82.70663056748657, 40.11876058877783], [-82.70663056748657, 40.11840126266418], [-82.70645090442976, 40.11840126266418], [-82.70645090442976, 40.11822159960736], [-82.70627124137293, 40.11822159960736], [-82.70627124137293, 40.11804193655053], [-82.70591191525928, 40.11804193655053], [-82.70591191525928, 40.11768261043689], [-82.70627124137293, 40.11768261043689], [-82.70627124137293, 40.11750294738006], [-82.70645090442976, 40.11750294738006], [-82.70645090442976, 40.11660463209594], [-82.70591191525928, 40.11660463209594], [-82.70591191525928, 40.11678429515277], [-82.70573225220245, 40.11678429515277], [-82.70573225220245, 40.117143621266415], [-82.70555258914563, 40.117143621266415], [-82.70555258914563, 40.11750294738006], [-82.70519326303199, 40.11750294738006], [-82.70519326303199, 40.11786227349371], [-82.70501359997516, 40.11786227349371], [-82.70501359997516, 40.11876058877783], [-82.70537292608881, 40.11876058877783], [-82.70537292608881, 40.11894025183465], [-82.70555258914563, 40.11894025183465]]]}, "properties": {"name": "cand17", "ptype": "hall", "confidence": "low", "rank": 17, "area_ha": 2.8, "rise_db": 6.4, "digitised_from": "Sentinel-1 VV rise 2021->2026, orbit 48"}}, {"type": "Feature", "geometry": {"geodesic": false, "type": "Polygon", "coordinates": [[[-82.71920698146425, 40.093607760822486], [-82.71920698146425, 40.09342809776566], [-82.71938664452107, 40.09342809776566], [-82.71938664452107, 40.09324843470883], [-82.71974597063472, 40.09324843470883], [-82.71974597063472, 40.093068771652014], [-82.72010529674837, 40.093068771652014], [-82.72010529674837, 40.09288910859519], [-82.7202849598052, 40.09288910859519], [-82.7202849598052, 40.09217045636789], [-82.71974597063472, 40.09217045636789], [-82.71974597063472, 40.09199079331107], [-82.71902731840743, 40.09199079331107], [-82.71902731840743, 40.09217045636789], [-82.7188476553506, 40.09217045636789], [-82.7188476553506, 40.092350119424715], [-82.71866799229377, 40.092350119424715], [-82.71866799229377, 40.09252978248154], [-82.71848832923695, 40.09252978248154], [-82.71848832923695, 40.09270944553836], [-82.71830866618014, 40.09270944553836], [-82.71830866618014, 40.09288910859519], [-82.71866799229377, 40.09288910859519], [-82.71866799229377, 40.09342809776566], [-82.71902731840743, 40.09342809776566], [-82.71902731840743, 40.093607760822486], [-82.71920698146425, 40.093607760822486]]]}, "properties": {"name": "cand18", "ptype": "hall", "confidence": "low", "rank": 18, "area_ha": 2.4, "rise_db": 10.8, "digitised_from": "Sentinel-1 VV rise 2021->2026, orbit 48"}}, {"type": "Feature", "geometry": {"geodesic": false, "type": "Polygon", "coordinates": [[[-82.75136666863573, 40.10025529392497], [-82.75136666863573, 40.10007563086814], [-82.75154633169255, 40.10007563086814], [-82.75154633169255, 40.099536641697675], [-82.75172599474938, 40.099536641697675], [-82.75172599474938, 40.09935697864085], [-82.75154633169255, 40.09935697864085], [-82.75154633169255, 40.09917731558402], [-82.7511870055789, 40.09917731558402], [-82.7511870055789, 40.0989976525272], [-82.75046835335161, 40.0989976525272], [-82.75046835335161, 40.09917731558402], [-82.74974970112432, 40.09917731558402], [-82.74974970112432, 40.09935697864085], [-82.74903104889702, 40.09935697864085], [-82.74903104889702, 40.09989596781132], [-82.74921071195384, 40.09989596781132], [-82.74921071195384, 40.099716304754494], [-82.74939037501066, 40.099716304754494], [-82.74939037501066, 40.09989596781132], [-82.74974970112432, 40.09989596781132], [-82.74974970112432, 40.099716304754494], [-82.74992936418114, 40.099716304754494], [-82.74992936418114, 40.09989596781132], [-82.75028869029478, 40.09989596781132], [-82.75028869029478, 40.099716304754494], [-82.75046835335161, 40.099716304754494], [-82.75046835335161, 40.09989596781132], [-82.75082767946526, 40.09989596781132], [-82.75082767946526, 40.10007563086814], [-82.75100734252209, 40.10007563086814], [-82.75100734252209, 40.10025529392497], [-82.75136666863573, 40.10025529392497]]]}, "properties": {"name": "cand19", "ptype": "hall", "confidence": "low", "rank": 19, "area_ha": 2.4, "rise_db": 6.1, "digitised_from": "Sentinel-1 VV rise 2021->2026, orbit 48"}}, {"type": "Feature", "geometry": {"geodesic": false, "type": "Polygon", "coordinates": [[[-82.71974597063472, 40.120736882402895], [-82.71974597063472, 40.12055721934607], [-82.7202849598052, 40.12055721934607], [-82.7202849598052, 40.12037755628924], [-82.72046462286201, 40.12037755628924], [-82.72046462286201, 40.12055721934607], [-82.72082394897566, 40.12055721934607], [-82.72082394897566, 40.12037755628924], [-82.72100361203249, 40.12037755628924], [-82.72100361203249, 40.12055721934607], [-82.72136293814613, 40.12055721934607], [-82.72136293814613, 40.12037755628924], [-82.72154260120296, 40.12037755628924], [-82.72154260120296, 40.11965890406195], [-82.72136293814613, 40.11965890406195], [-82.72136293814613, 40.11947924100512], [-82.71992563369155, 40.11947924100512], [-82.71992563369155, 40.11965890406195], [-82.71974597063472, 40.11965890406195], [-82.71974597063472, 40.12019789323242], [-82.71956630757789, 40.12019789323242], [-82.71956630757789, 40.12037755628924], [-82.71938664452107, 40.12037755628924], [-82.71938664452107, 40.120736882402895], [-82.71974597063472, 40.120736882402895]]]}, "properties": {"name": "cand20", "ptype": "hall", "confidence": "low", "rank": 20, "area_ha": 2.4, "rise_db": 7.5, "digitised_from": "Sentinel-1 VV rise 2021->2026, orbit 48"}}, {"type": "Feature", "geometry": {"geodesic": false, "type": "Polygon", "coordinates": [[[-82.73699362408982, 40.0907331519133], [-82.73699362408982, 40.09055348885648], [-82.73717328714665, 40.09055348885648], [-82.73717328714665, 40.09037382579965], [-82.73735295020346, 40.09037382579965], [-82.73735295020346, 40.08983483662918], [-82.73717328714665, 40.08983483662918], [-82.73717328714665, 40.08965517357235], [-82.73573598269205, 40.08965517357235], [-82.73573598269205, 40.089475510515534], [-82.7353766565784, 40.089475510515534], [-82.7353766565784, 40.08965517357235], [-82.73519699352158, 40.08965517357235], [-82.73519699352158, 40.09037382579965], [-82.7353766565784, 40.09037382579965], [-82.7353766565784, 40.09055348885648], [-82.73555631963522, 40.09055348885648], [-82.73555631963522, 40.09037382579965], [-82.73573598269205, 40.09037382579965], [-82.73573598269205, 40.090194162742826], [-82.73591564574888, 40.090194162742826], [-82.73591564574888, 40.09037382579965], [-82.7360953088057, 40.09037382579965], [-82.7360953088057, 40.09055348885648], [-82.73627497186251, 40.09055348885648], [-82.73627497186251, 40.0907331519133], [-82.73699362408982, 40.0907331519133]]]}, "properties": {"name": "cand21", "ptype": "hall", "confidence": "low", "rank": 21, "area_ha": 2.4, "rise_db": 11.0, "digitised_from": "Sentinel-1 VV rise 2021->2026, orbit 48"}}, {"type": "Feature", "geometry": {"geodesic": false, "type": "Polygon", "coordinates": [[[-82.70860686111163, 40.12163519768701], [-82.70860686111163, 40.121455534630186], [-82.70878652416846, 40.121455534630186], [-82.70878652416846, 40.12109620851654], [-82.70896618722529, 40.12109620851654], [-82.70896618722529, 40.12055721934607], [-82.70860686111163, 40.12055721934607], [-82.70860686111163, 40.12037755628924], [-82.708247534998, 40.12037755628924], [-82.708247534998, 40.12019789323242], [-82.70716955665705, 40.12019789323242], [-82.70716955665705, 40.120736882402895], [-82.70698989360022, 40.120736882402895], [-82.70698989360022, 40.120916545459714], [-82.70716955665705, 40.120916545459714], [-82.70716955665705, 40.12109620851654], [-82.70770854582751, 40.12109620851654], [-82.70770854582751, 40.12127587157337], [-82.70806787194117, 40.12127587157337], [-82.70806787194117, 40.121455534630186], [-82.708247534998, 40.121455534630186], [-82.708247534998, 40.12163519768701], [-82.70860686111163, 40.12163519768701]]]}, "properties": {"name": "cand22", "ptype": "hall", "confidence": "low", "rank": 22, "area_ha": 2.3, "rise_db": 10.1, "digitised_from": "Sentinel-1 VV rise 2021->2026, orbit 48"}}, {"type": "Feature", "geometry": {"geodesic": false, "type": "Polygon", "coordinates": [[[-82.71381708975953, 40.113550360129935], [-82.71381708975953, 40.11301137095946], [-82.71399675281636, 40.11301137095946], [-82.71399675281636, 40.113370697073115], [-82.71417641587318, 40.113370697073115], [-82.71417641587318, 40.113550360129935], [-82.71435607893001, 40.113550360129935], [-82.71435607893001, 40.113370697073115], [-82.71453574198682, 40.113370697073115], [-82.71453574198682, 40.11319103401629], [-82.71435607893001, 40.11319103401629], [-82.71435607893001, 40.11283170790264], [-82.71471540504365, 40.11283170790264], [-82.71471540504365, 40.113370697073115], [-82.71489506810047, 40.113370697073115], [-82.71489506810047, 40.113550360129935], [-82.71525439421413, 40.113550360129935], [-82.71525439421413, 40.11283170790264], [-82.71471540504365, 40.11283170790264], [-82.71471540504365, 40.11265204484582], [-82.71453574198682, 40.11265204484582], [-82.71453574198682, 40.11247238178899], [-82.7136374267027, 40.11247238178899], [-82.7136374267027, 40.11229271873217], [-82.71327810058906, 40.11229271873217], [-82.71327810058906, 40.11247238178899], [-82.71309843753224, 40.11247238178899], [-82.71309843753224, 40.11265204484582], [-82.71291877447541, 40.11265204484582], [-82.71291877447541, 40.11301137095946], [-82.71309843753224, 40.11301137095946], [-82.71309843753224, 40.113370697073115], [-82.71345776364588, 40.113370697073115], [-82.71345776364588, 40.113550360129935], [-82.71381708975953, 40.113550360129935]]]}, "properties": {"name": "cand23", "ptype": "hall", "confidence": "low", "rank": 23, "area_ha": 2.2, "rise_db": 6.3, "digitised_from": "Sentinel-1 VV rise 2021->2026, orbit 48"}}, {"type": "Feature", "geometry": {"geodesic": false, "type": "Polygon", "coordinates": [[[-82.72387822094167, 40.093607760822486], [-82.72387822094167, 40.09342809776566], [-82.7240578839985, 40.09342809776566], [-82.7240578839985, 40.09324843470883], [-82.72459687316896, 40.09324843470883], [-82.72459687316896, 40.09270944553836], [-82.72423754705532, 40.09270944553836], [-82.72423754705532, 40.09252978248154], [-82.7240578839985, 40.09252978248154], [-82.7240578839985, 40.09199079331107], [-82.72369855788484, 40.09199079331107], [-82.72369855788484, 40.09181113025424], [-82.72351889482802, 40.09181113025424], [-82.72351889482802, 40.09199079331107], [-82.72333923177119, 40.09199079331107], [-82.72333923177119, 40.09217045636789], [-82.72297990565755, 40.09217045636789], [-82.72297990565755, 40.09270944553836], [-82.72315956871438, 40.09270944553836], [-82.72315956871438, 40.09288910859519], [-82.72333923177119, 40.09288910859519], [-82.72333923177119, 40.09342809776566], [-82.72369855788484, 40.09342809776566], [-82.72369855788484, 40.093607760822486], [-82.72387822094167, 40.093607760822486]]]}, "properties": {"name": "cand24", "ptype": "hall", "confidence": "low", "rank": 24, "area_ha": 2.0, "rise_db": 6.2, "digitised_from": "Sentinel-1 VV rise 2021->2026, orbit 48"}}, {"type": "Feature", "geometry": {"geodesic": false, "type": "Polygon", "coordinates": [[[-82.74418014636277, 40.10043495698179], [-82.74418014636277, 40.10025529392497], [-82.74435980941959, 40.10025529392497], [-82.74435980941959, 40.10007563086814], [-82.74453947247642, 40.10007563086814], [-82.74453947247642, 40.09845866335673], [-82.74435980941959, 40.09845866335673], [-82.74435980941959, 40.09809933724308], [-82.74418014636277, 40.09809933724308], [-82.74418014636277, 40.09791967418626], [-82.74400048330595, 40.09791967418626], [-82.74400048330595, 40.098279000299904], [-82.7436411571923, 40.098279000299904], [-82.7436411571923, 40.09863832641355], [-82.74382082024913, 40.09863832641355], [-82.74382082024913, 40.10043495698179], [-82.74418014636277, 40.10043495698179]]]}, "properties": {"name": "cand25", "ptype": "hall", "confidence": "low", "rank": 25, "area_ha": 2.0, "rise_db": 7.4, "digitised_from": "Sentinel-1 VV rise 2021->2026, orbit 48"}}, {"type": "Feature", "geometry": {"geodesic": false, "type": "Polygon", "coordinates": [[[-82.70698989360022, 40.11139440344805], [-82.70698989360022, 40.1110350773344], [-82.7068102305434, 40.1110350773344], [-82.7068102305434, 40.11085541427758], [-82.70698989360022, 40.11085541427758], [-82.70698989360022, 40.110675751220754], [-82.70734921971388, 40.110675751220754], [-82.70734921971388, 40.11013676205028], [-82.70716955665705, 40.11013676205028], [-82.70716955665705, 40.109957098993455], [-82.70734921971388, 40.109957098993455], [-82.70734921971388, 40.109777435936635], [-82.70770854582751, 40.109777435936635], [-82.70770854582751, 40.10959777287981], [-82.70752888277069, 40.10959777287981], [-82.70752888277069, 40.10941810982299], [-82.70734921971388, 40.10941810982299], [-82.70734921971388, 40.10923844676616], [-82.70698989360022, 40.10923844676616], [-82.70698989360022, 40.10959777287981], [-82.7068102305434, 40.10959777287981], [-82.7068102305434, 40.109777435936635], [-82.70645090442976, 40.109777435936635], [-82.70645090442976, 40.109957098993455], [-82.70627124137293, 40.109957098993455], [-82.70627124137293, 40.11049608816393], [-82.70663056748657, 40.11049608816393], [-82.70663056748657, 40.110675751220754], [-82.7068102305434, 40.110675751220754], [-82.7068102305434, 40.11085541427758], [-82.70645090442976, 40.11085541427758], [-82.70645090442976, 40.1110350773344], [-82.70627124137293, 40.1110350773344], [-82.70627124137293, 40.11139440344805], [-82.70698989360022, 40.11139440344805]]]}, "properties": {"name": "cand26", "ptype": "hall", "confidence": "low", "rank": 26, "area_ha": 1.9, "rise_db": 5.7, "digitised_from": "Sentinel-1 VV rise 2021->2026, orbit 48"}}, {"type": "Feature", "geometry": {"geodesic": false, "type": "Polygon", "coordinates": [[[-82.71022382862306, 40.11390968624358], [-82.71022382862306, 40.11373002318676], [-82.71040349167988, 40.11373002318676], [-82.71040349167988, 40.113550360129935], [-82.71022382862306, 40.113550360129935], [-82.71022382862306, 40.113370697073115], [-82.71040349167988, 40.113370697073115], [-82.71040349167988, 40.11301137095946], [-82.71022382862306, 40.11301137095946], [-82.71022382862306, 40.11283170790264], [-82.7098645025094, 40.11283170790264], [-82.7098645025094, 40.11265204484582], [-82.70968483945258, 40.11265204484582], [-82.70968483945258, 40.11247238178899], [-82.70914585028211, 40.11247238178899], [-82.70914585028211, 40.11265204484582], [-82.70896618722529, 40.11265204484582], [-82.70896618722529, 40.113370697073115], [-82.70914585028211, 40.113370697073115], [-82.70914585028211, 40.113550360129935], [-82.70932551333894, 40.113550360129935], [-82.70932551333894, 40.11373002318676], [-82.70968483945258, 40.11373002318676], [-82.70968483945258, 40.11390968624358], [-82.71022382862306, 40.11390968624358]]]}, "properties": {"name": "cand27", "ptype": "hall", "confidence": "low", "rank": 27, "area_ha": 1.8, "rise_db": 10.2, "digitised_from": "Sentinel-1 VV rise 2021->2026, orbit 48"}}, {"type": "Feature", "geometry": {"geodesic": false, "type": "Polygon", "coordinates": [[[-82.72441721011214, 40.088756858288235], [-82.72441721011214, 40.08821786911776], [-82.72423754705532, 40.08821786911776], [-82.72423754705532, 40.08785854300412], [-82.7240578839985, 40.08785854300412], [-82.7240578839985, 40.08767887994729], [-82.72369855788484, 40.08767887994729], [-82.72369855788484, 40.08749921689047], [-82.72351889482802, 40.08749921689047], [-82.72351889482802, 40.087319553833645], [-82.72315956871438, 40.087319553833645], [-82.72315956871438, 40.08696022772], [-82.72297990565755, 40.08696022772], [-82.72297990565755, 40.08678056466317], [-82.72280024260073, 40.08678056466317], [-82.72280024260073, 40.08660090160635], [-82.72226125343026, 40.08660090160635], [-82.72226125343026, 40.087139890776825], [-82.72280024260073, 40.087139890776825], [-82.72280024260073, 40.087319553833645], [-82.72297990565755, 40.087319553833645], [-82.72297990565755, 40.08749921689047], [-82.72315956871438, 40.08749921689047], [-82.72315956871438, 40.08767887994729], [-82.72333923177119, 40.08767887994729], [-82.72333923177119, 40.08803820606094], [-82.72351889482802, 40.08803820606094], [-82.72351889482802, 40.08821786911776], [-82.72369855788484, 40.08821786911776], [-82.72369855788484, 40.088577195231416], [-82.72387822094167, 40.088577195231416], [-82.72387822094167, 40.088756858288235], [-82.72441721011214, 40.088756858288235]]]}, "properties": {"name": "cand28", "ptype": "hall", "confidence": "low", "rank": 28, "area_ha": 1.8, "rise_db": 5.9, "digitised_from": "Sentinel-1 VV rise 2021->2026, orbit 48"}}, {"type": "Feature", "geometry": {"geodesic": false, "type": "Polygon", "coordinates": [[[-82.73429867823745, 40.09127214108377], [-82.73429867823745, 40.0907331519133], [-82.73411901518064, 40.0907331519133], [-82.73411901518064, 40.09055348885648], [-82.73286137378287, 40.09055348885648], [-82.73286137378287, 40.09037382579965], [-82.73268171072604, 40.09037382579965], [-82.73268171072604, 40.09055348885648], [-82.73178339544192, 40.09055348885648], [-82.73178339544192, 40.09037382579965], [-82.7316037323851, 40.09037382579965], [-82.7316037323851, 40.09055348885648], [-82.73142406932827, 40.09055348885648], [-82.73142406932827, 40.090912814970125], [-82.73268171072604, 40.090912814970125], [-82.73268171072604, 40.09109247802695], [-82.7330410368397, 40.09109247802695], [-82.7330410368397, 40.090912814970125], [-82.73375968906699, 40.090912814970125], [-82.73375968906699, 40.09109247802695], [-82.73393935212381, 40.09109247802695], [-82.73393935212381, 40.09127214108377], [-82.73429867823745, 40.09127214108377]]]}, "properties": {"name": "cand29", "ptype": "hall", "confidence": "low", "rank": 29, "area_ha": 1.6, "rise_db": 11.7, "digitised_from": "Sentinel-1 VV rise 2021->2026, orbit 48"}}, {"type": "Feature", "geometry": {"geodesic": false, "type": "Polygon", "coordinates": [[[-82.74974970112432, 40.11840126266418], [-82.74974970112432, 40.11804193655053], [-82.74992936418114, 40.11804193655053], [-82.74992936418114, 40.11786227349371], [-82.75028869029478, 40.11786227349371], [-82.75028869029478, 40.11750294738006], [-82.75010902723795, 40.11750294738006], [-82.75010902723795, 40.11696395820959], [-82.74992936418114, 40.11696395820959], [-82.74992936418114, 40.11678429515277], [-82.75010902723795, 40.11678429515277], [-82.75010902723795, 40.11660463209594], [-82.74921071195384, 40.11660463209594], [-82.74921071195384, 40.11678429515277], [-82.74903104889702, 40.11678429515277], [-82.74903104889702, 40.11696395820959], [-82.74921071195384, 40.11696395820959], [-82.74921071195384, 40.117143621266415], [-82.74939037501066, 40.117143621266415], [-82.74939037501066, 40.11732328432324], [-82.74957003806749, 40.11732328432324], [-82.74957003806749, 40.11768261043689], [-82.74939037501066, 40.11768261043689], [-82.74939037501066, 40.11786227349371], [-82.74921071195384, 40.11786227349371], [-82.74921071195384, 40.11822159960736], [-82.74939037501066, 40.11822159960736], [-82.74939037501066, 40.11840126266418], [-82.74974970112432, 40.11840126266418]]]}, "properties": {"name": "cand30", "ptype": "hall", "confidence": "low", "rank": 30, "area_ha": 1.6, "rise_db": 5.0, "digitised_from": "Sentinel-1 VV rise 2021->2026, orbit 48"}}, {"type": "Feature", "geometry": {"geodesic": false, "type": "Polygon", "coordinates": [[[-82.74346149413547, 40.09558405444755], [-82.74346149413547, 40.094685739163424], [-82.7436411571923, 40.094685739163424], [-82.7436411571923, 40.09324843470883], [-82.74328183107865, 40.09324843470883], [-82.74328183107865, 40.09342809776566], [-82.74310216802184, 40.09342809776566], [-82.74310216802184, 40.095224728333896], [-82.74292250496501, 40.095224728333896], [-82.74292250496501, 40.09558405444755], [-82.74346149413547, 40.09558405444755]]]}, "properties": {"name": "cand31", "ptype": "hall", "confidence": "low", "rank": 31, "area_ha": 1.4, "rise_db": 7.4, "digitised_from": "Sentinel-1 VV rise 2021->2026, orbit 48"}}, {"type": "Feature", "geometry": {"geodesic": false, "type": "Polygon", "coordinates": [[[-82.71902731840743, 40.10384855506145], [-82.71902731840743, 40.10366889200462], [-82.71920698146425, 40.10366889200462], [-82.71920698146425, 40.10295023977733], [-82.71902731840743, 40.10295023977733], [-82.71902731840743, 40.1027705767205], [-82.71830866618014, 40.1027705767205], [-82.71830866618014, 40.10295023977733], [-82.71794934006648, 40.10295023977733], [-82.71794934006648, 40.103309565890974], [-82.71812900312331, 40.103309565890974], [-82.71812900312331, 40.10384855506145], [-82.71902731840743, 40.10384855506145]]]}, "properties": {"name": "cand32", "ptype": "hall", "confidence": "low", "rank": 32, "area_ha": 1.4, "rise_db": 6.6, "digitised_from": "Sentinel-1 VV rise 2021->2026, orbit 48"}}, {"type": "Feature", "geometry": {"geodesic": false, "type": "Polygon", "coordinates": [[[-82.70627124137293, 40.11516732764135], [-82.70627124137293, 40.114987664584525], [-82.70645090442976, 40.114987664584525], [-82.70645090442976, 40.114808001527706], [-82.70663056748657, 40.114808001527706], [-82.70663056748657, 40.11408934930041], [-82.70698989360022, 40.11408934930041], [-82.70698989360022, 40.11390968624358], [-82.70716955665705, 40.11390968624358], [-82.70716955665705, 40.113550360129935], [-82.70663056748657, 40.113550360129935], [-82.70663056748657, 40.11373002318676], [-82.70645090442976, 40.11373002318676], [-82.70645090442976, 40.11390968624358], [-82.70627124137293, 40.11390968624358], [-82.70627124137293, 40.114269012357234], [-82.7060915783161, 40.114269012357234], [-82.7060915783161, 40.11444867541405], [-82.70591191525928, 40.11444867541405], [-82.70591191525928, 40.11462833847088], [-82.70573225220245, 40.11462833847088], [-82.70573225220245, 40.11516732764135], [-82.70627124137293, 40.11516732764135]]]}, "properties": {"name": "cand33", "ptype": "hall", "confidence": "low", "rank": 33, "area_ha": 1.3, "rise_db": 6.1, "digitised_from": "Sentinel-1 VV rise 2021->2026, orbit 48"}}, {"type": "Feature", "geometry": {"geodesic": false, "type": "Polygon", "coordinates": [[[-82.73250204766921, 40.100973946152266], [-82.73250204766921, 40.10061462003861], [-82.73196305849875, 40.10061462003861], [-82.73196305849875, 40.10043495698179], [-82.7316037323851, 40.10043495698179], [-82.7316037323851, 40.10025529392497], [-82.73124440627146, 40.10025529392497], [-82.73124440627146, 40.10007563086814], [-82.7308850801578, 40.10007563086814], [-82.7308850801578, 40.09989596781132], [-82.73034609098733, 40.09989596781132], [-82.73034609098733, 40.099716304754494], [-82.72998676487369, 40.099716304754494], [-82.72998676487369, 40.099536641697675], [-82.72962743876003, 40.099536641697675], [-82.72962743876003, 40.09989596781132], [-82.72998676487369, 40.09989596781132], [-82.72998676487369, 40.10007563086814], [-82.73052575404415, 40.10007563086814], [-82.73052575404415, 40.10025529392497], [-82.7308850801578, 40.10025529392497], [-82.7308850801578, 40.10043495698179], [-82.73106474321463, 40.10043495698179], [-82.73106474321463, 40.10061462003861], [-82.7316037323851, 40.10061462003861], [-82.7316037323851, 40.10079428309544], [-82.73214272155558, 40.10079428309544], [-82.73214272155558, 40.100973946152266], [-82.73250204766921, 40.100973946152266]]]}, "properties": {"name": "cand34", "ptype": "hall", "confidence": "low", "rank": 34, "area_ha": 1.2, "rise_db": 7.1, "digitised_from": "Sentinel-1 VV rise 2021->2026, orbit 48"}}, {"type": "Feature", "geometry": {"geodesic": false, "type": "Polygon", "coordinates": [[[-82.73699362408982, 40.12433014353937], [-82.73699362408982, 40.12415048048255], [-82.73717328714665, 40.12415048048255], [-82.73717328714665, 40.12397081742572], [-82.73573598269205, 40.12397081742572], [-82.73573598269205, 40.123791154368895], [-82.7353766565784, 40.123791154368895], [-82.7353766565784, 40.123611491312076], [-82.73501733046476, 40.123611491312076], [-82.73501733046476, 40.123791154368895], [-82.73483766740793, 40.123791154368895], [-82.73483766740793, 40.12415048048255], [-82.73501733046476, 40.12415048048255], [-82.73501733046476, 40.12433014353937], [-82.73699362408982, 40.12433014353937]]]}, "properties": {"name": "cand35", "ptype": "hall", "confidence": "low", "rank": 35, "area_ha": 1.2, "rise_db": 5.7, "digitised_from": "Sentinel-1 VV rise 2021->2026, orbit 48"}}, {"type": "Feature", "geometry": {"geodesic": false, "type": "Polygon", "coordinates": [[[-82.71759001395283, 40.09396708693613], [-82.71759001395283, 40.093607760822486], [-82.71830866618014, 40.093607760822486], [-82.71830866618014, 40.09342809776566], [-82.71812900312331, 40.09342809776566], [-82.71812900312331, 40.09324843470883], [-82.71776967700966, 40.09324843470883], [-82.71776967700966, 40.09270944553836], [-82.71723068783919, 40.09270944553836], [-82.71723068783919, 40.09288910859519], [-82.71687136172554, 40.09288910859519], [-82.71687136172554, 40.093068771652014], [-82.71669169866871, 40.093068771652014], [-82.71669169866871, 40.09342809776566], [-82.71705102478236, 40.09342809776566], [-82.71705102478236, 40.09324843470883], [-82.71759001395283, 40.09324843470883], [-82.71759001395283, 40.09342809776566], [-82.71723068783919, 40.09342809776566], [-82.71723068783919, 40.093607760822486], [-82.71705102478236, 40.093607760822486], [-82.71705102478236, 40.093787423879306], [-82.71723068783919, 40.093787423879306], [-82.71723068783919, 40.09396708693613], [-82.71759001395283, 40.09396708693613]]]}, "properties": {"name": "cand36", "ptype": "hall", "confidence": "low", "rank": 36, "area_ha": 1.2, "rise_db": 6.2, "digitised_from": "Sentinel-1 VV rise 2021->2026, orbit 48"}}, {"type": "Feature", "geometry": {"geodesic": false, "type": "Polygon", "coordinates": [[[-82.74471913553324, 40.10528585951604], [-82.74471913553324, 40.10510619645921], [-82.74489879859007, 40.10510619645921], [-82.74489879859007, 40.10492653340239], [-82.74543778776054, 40.10492653340239], [-82.74543778776054, 40.104746870345565], [-82.74525812470371, 40.104746870345565], [-82.74525812470371, 40.10456720728874], [-82.7450784616469, 40.10456720728874], [-82.7450784616469, 40.10438754423192], [-82.74471913553324, 40.10438754423192], [-82.74471913553324, 40.10456720728874], [-82.74418014636277, 40.10456720728874], [-82.74418014636277, 40.10438754423192], [-82.74382082024913, 40.10438754423192], [-82.74382082024913, 40.10492653340239], [-82.74400048330595, 40.10492653340239], [-82.74400048330595, 40.10510619645921], [-82.74418014636277, 40.10510619645921], [-82.74418014636277, 40.10528585951604], [-82.74471913553324, 40.10528585951604]]]}, "properties": {"name": "cand37", "ptype": "hall", "confidence": "low", "rank": 37, "area_ha": 1.2, "rise_db": 6.4, "digitised_from": "Sentinel-1 VV rise 2021->2026, orbit 48"}}, {"type": "Feature", "geometry": {"geodesic": false, "type": "Polygon", "coordinates": [[[-82.72729181902132, 40.12127587157337], [-82.72729181902132, 40.12109620851654], [-82.72747148207814, 40.12109620851654], [-82.72747148207814, 40.12055721934607], [-82.72729181902132, 40.12055721934607], [-82.72729181902132, 40.12037755628924], [-82.72693249290768, 40.12037755628924], [-82.72693249290768, 40.12019789323242], [-82.72657316679403, 40.12019789323242], [-82.72657316679403, 40.120018230175596], [-82.7263935037372, 40.120018230175596], [-82.7263935037372, 40.12055721934607], [-82.72621384068039, 40.12055721934607], [-82.72621384068039, 40.120916545459714], [-82.72657316679403, 40.120916545459714], [-82.72657316679403, 40.12109620851654], [-82.7271121559645, 40.12109620851654], [-82.7271121559645, 40.12127587157337], [-82.72729181902132, 40.12127587157337]]]}, "properties": {"name": "cand38", "ptype": "hall", "confidence": "low", "rank": 38, "area_ha": 1.2, "rise_db": 7.0, "digitised_from": "Sentinel-1 VV rise 2021->2026, orbit 48"}}, {"type": "Feature", "geometry": {"geodesic": false, "type": "Polygon", "coordinates": [[[-82.7556785819995, 40.11750294738006], [-82.7556785819995, 40.11732328432324], [-82.75585824505633, 40.11732328432324], [-82.75585824505633, 40.11678429515277], [-82.7556785819995, 40.11678429515277], [-82.7556785819995, 40.11660463209594], [-82.75495992977221, 40.11660463209594], [-82.75495992977221, 40.11678429515277], [-82.7542412775449, 40.11678429515277], [-82.7542412775449, 40.11696395820959], [-82.75460060365856, 40.11696395820959], [-82.75460060365856, 40.117143621266415], [-82.75478026671539, 40.117143621266415], [-82.75478026671539, 40.11732328432324], [-82.75495992977221, 40.11732328432324], [-82.75495992977221, 40.117143621266415], [-82.75513959282902, 40.117143621266415], [-82.75513959282902, 40.11732328432324], [-82.75549891894268, 40.11732328432324], [-82.75549891894268, 40.11750294738006], [-82.7556785819995, 40.11750294738006]]]}, "properties": {"name": "cand39", "ptype": "hall", "confidence": "low", "rank": 39, "area_ha": 1.0, "rise_db": 6.8, "digitised_from": "Sentinel-1 VV rise 2021->2026, orbit 48"}}]}