{"type": "FeatureCollection", "features": [{"type": "Feature", "geometry": {"geodesic": false, "type": "Polygon", "coordinates": [[[-82.74903104889702, 40.10869945759569], [-82.74903104889702, 40.108519794538864], [-82.74957003806749, 40.108519794538864], [-82.74957003806749, 40.10869945759569], [-82.75046835335161, 40.10869945759569], [-82.75046835335161, 40.10816046842522], [-82.75010902723795, 40.10816046842522], [-82.75010902723795, 40.108519794538864], [-82.74992936418114, 40.108519794538864], [-82.74992936418114, 40.108340131482045], [-82.74957003806749, 40.108340131482045], [-82.74957003806749, 40.10816046842522], [-82.74939037501066, 40.10816046842522], [-82.74939037501066, 40.10798080536839], [-82.74974970112432, 40.10798080536839], [-82.74974970112432, 40.10780114231157], [-82.74992936418114, 40.10780114231157], [-82.74992936418114, 40.107621479254746], [-82.75028869029478, 40.107621479254746], [-82.75028869029478, 40.10780114231157], [-82.75064801640843, 40.10780114231157], [-82.75064801640843, 40.10816046842522], [-82.75136666863573, 40.10816046842522], [-82.75136666863573, 40.108340131482045], [-82.75208532086302, 40.108340131482045], [-82.75208532086302, 40.10780114231157], [-82.75226498391984, 40.10780114231157], [-82.75226498391984, 40.106184174800156], [-82.75208532086302, 40.106184174800156], [-82.75208532086302, 40.10582484868651], [-82.75154633169255, 40.10582484868651], [-82.75154633169255, 40.10510619645921], [-82.75100734252209, 40.10510619645921], [-82.75100734252209, 40.10528585951604], [-82.75082767946526, 40.10528585951604], [-82.75082767946526, 40.10510619645921], [-82.75064801640843, 40.10510619645921], [-82.75064801640843, 40.10492653340239], [-82.75046835335161, 40.10492653340239], [-82.75046835335161, 40.10420788117509], [-82.75064801640843, 40.10420788117509], [-82.75064801640843, 40.104028218118266], [-82.75082767946526, 40.104028218118266], [-82.75082767946526, 40.10438754423192], [-82.75100734252209, 40.10438754423192], [-82.75100734252209, 40.10456720728874], [-82.75154633169255, 40.10456720728874], [-82.75154633169255, 40.104746870345565], [-82.7519056578062, 40.104746870345565], [-82.7519056578062, 40.105465522572864], [-82.75208532086302, 40.105465522572864], [-82.75208532086302, 40.10564518562968], [-82.75244464697667, 40.10564518562968], [-82.75244464697667, 40.10528585951604], [-82.75226498391984, 40.10528585951604], [-82.75226498391984, 40.10312990283415], [-82.75244464697667, 40.10312990283415], [-82.75244464697667, 40.1027705767205], [-82.7526243100335, 40.1027705767205], [-82.7526243100335, 40.102590913663676], [-82.75244464697667, 40.102590913663676], [-82.75244464697667, 40.10133327226591], [-82.75226498391984, 40.10133327226591], [-82.75226498391984, 40.101153609209085], [-82.75208532086302, 40.101153609209085], [-82.75208532086302, 40.100973946152266], [-82.75172599474938, 40.100973946152266], [-82.75172599474938, 40.101153609209085], [-82.75154633169255, 40.101153609209085], [-82.75154633169255, 40.10133327226591], [-82.75100734252209, 40.10133327226591], [-82.75100734252209, 40.101153609209085], [-82.75082767946526, 40.101153609209085], [-82.75082767946526, 40.100973946152266], [-82.74957003806749, 40.100973946152266], [-82.74957003806749, 40.101153609209085], [-82.74974970112432, 40.101153609209085], [-82.74974970112432, 40.102590913663676], [-82.74957003806749, 40.102590913663676], [-82.74957003806749, 40.1034892289478], [-82.74939037501066, 40.1034892289478], [-82.74939037501066, 40.103309565890974], [-82.74921071195384, 40.103309565890974], [-82.74921071195384, 40.1027705767205], [-82.74903104889702, 40.1027705767205], [-82.74903104889702, 40.102590913663676], [-82.7488513858402, 40.102590913663676], [-82.7488513858402, 40.102411250606856], [-82.74849205972654, 40.102411250606856], [-82.74849205972654, 40.10223158755003], [-82.74831239666972, 40.10223158755003], [-82.74831239666972, 40.101872261436384], [-82.74813273361289, 40.101872261436384], [-82.74813273361289, 40.10169259837956], [-82.7474140813856, 40.10169259837956], [-82.7474140813856, 40.10133327226591], [-82.74813273361289, 40.10133327226591], [-82.74813273361289, 40.101153609209085], [-82.74849205972654, 40.101153609209085], [-82.74849205972654, 40.100973946152266], [-82.74867172278337, 40.100973946152266], [-82.74867172278337, 40.10079428309544], [-82.7488513858402, 40.10079428309544], [-82.7488513858402, 40.10061462003861], [-82.74867172278337, 40.10061462003861], [-82.74867172278337, 40.10043495698179], [-82.74849205972654, 40.10043495698179], [-82.74849205972654, 40.099536641697675], [-82.74831239666972, 40.099536641697675], [-82.74831239666972, 40.09791967418626], [-82.74687509221513, 40.09791967418626], [-82.74687509221513, 40.09774001112943], [-82.74597677693102, 40.09774001112943], [-82.74597677693102, 40.09809933724308], [-82.74633610304465, 40.09809933724308], [-82.74633610304465, 40.098279000299904], [-82.74651576610148, 40.098279000299904], [-82.74651576610148, 40.09845866335673], [-82.74633610304465, 40.09845866335673], [-82.74633610304465, 40.09917731558402], [-82.74579711387419, 40.09917731558402], [-82.74579711387419, 40.098817989470376], [-82.74561745081736, 40.098817989470376], [-82.74561745081736, 40.09863832641355], [-82.74543778776054, 40.09863832641355], [-82.74543778776054, 40.099716304754494], [-82.74525812470371, 40.099716304754494], [-82.74525812470371, 40.10025529392497], [-82.7450784616469, 40.10025529392497], [-82.7450784616469, 40.10061462003861], [-82.74525812470371, 40.10061462003861], [-82.74525812470371, 40.10133327226591], [-82.74543778776054, 40.10133327226591], [-82.74543778776054, 40.10169259837956], [-82.74525812470371, 40.10169259837956], [-82.74525812470371, 40.101872261436384], [-82.7450784616469, 40.101872261436384], [-82.7450784616469, 40.1020519244932], [-82.74489879859007, 40.1020519244932], [-82.74489879859007, 40.10295023977733], [-82.7450784616469, 40.10295023977733], [-82.7450784616469, 40.10312990283415], [-82.74489879859007, 40.10312990283415], [-82.74489879859007, 40.103309565890974], [-82.7450784616469, 40.103309565890974], [-82.7450784616469, 40.1034892289478], [-82.74525812470371, 40.1034892289478], [-82.74525812470371, 40.10366889200462], [-82.74561745081736, 40.10366889200462], [-82.74561745081736, 40.10384855506145], [-82.74597677693102, 40.10384855506145], [-82.74597677693102, 40.1034892289478], [-82.74615643998783, 40.1034892289478], [-82.74615643998783, 40.103309565890974], [-82.74651576610148, 40.103309565890974], [-82.74651576610148, 40.1034892289478], [-82.74669542915831, 40.1034892289478], [-82.74669542915831, 40.10366889200462], [-82.74723441832877, 40.10366889200462], [-82.74723441832877, 40.103309565890974], [-82.74759374444243, 40.103309565890974], [-82.74759374444243, 40.1034892289478], [-82.74795307055608, 40.1034892289478], [-82.74795307055608, 40.103309565890974], [-82.74813273361289, 40.103309565890974], [-82.74813273361289, 40.10312990283415], [-82.74831239666972, 40.10312990283415], [-82.74831239666972, 40.10295023977733], [-82.7488513858402, 40.10295023977733], [-82.7488513858402, 40.1034892289478], [-82.74867172278337, 40.1034892289478], [-82.74867172278337, 40.10438754423192], [-82.7488513858402, 40.10438754423192], [-82.7488513858402, 40.10456720728874], [-82.74867172278337, 40.10456720728874], [-82.74867172278337, 40.10528585951604], [-82.7488513858402, 40.10528585951604], [-82.7488513858402, 40.10564518562968], [-82.74849205972654, 40.10564518562968], [-82.74849205972654, 40.10582484868651], [-82.74831239666972, 40.10582484868651], [-82.74831239666972, 40.10636383785698], [-82.74867172278337, 40.10636383785698], [-82.74867172278337, 40.1065435009138], [-82.74849205972654, 40.1065435009138], [-82.74849205972654, 40.106902827027454], [-82.74867172278337, 40.106902827027454], [-82.74867172278337, 40.10816046842522], [-82.74849205972654, 40.10816046842522], [-82.74849205972654, 40.108340131482045], [-82.74867172278337, 40.108340131482045], [-82.74867172278337, 40.108519794538864], [-82.7488513858402, 40.108519794538864], [-82.7488513858402, 40.10869945759569], [-82.74903104889702, 40.10869945759569]], [[-82.75082767946526, 40.1027705767205], [-82.75100734252209, 40.1027705767205], [-82.75100734252209, 40.102590913663676], [-82.75082767946526, 40.102590913663676], [-82.75082767946526, 40.1027705767205]], [[-82.74813273361289, 40.099716304754494], [-82.74831239666972, 40.099716304754494], [-82.74831239666972, 40.099536641697675], [-82.74813273361289, 40.099536641697675], [-82.74813273361289, 40.099716304754494]], [[-82.74705475527196, 40.099716304754494], [-82.74723441832877, 40.099716304754494], [-82.74723441832877, 40.099536641697675], [-82.74705475527196, 40.099536641697675], [-82.74705475527196, 40.099716304754494]], [[-82.74597677693102, 40.099716304754494], [-82.74651576610148, 40.099716304754494], [-82.74651576610148, 40.099536641697675], [-82.74597677693102, 40.099536641697675], [-82.74597677693102, 40.099716304754494]], [[-82.74597677693102, 40.10079428309544], [-82.74615643998783, 40.10079428309544], [-82.74615643998783, 40.10061462003861], [-82.74597677693102, 40.10061462003861], [-82.74597677693102, 40.10079428309544]], [[-82.74579711387419, 40.100973946152266], [-82.74597677693102, 40.100973946152266], [-82.74597677693102, 40.10079428309544], [-82.74579711387419, 40.10079428309544], [-82.74579711387419, 40.100973946152266]], [[-82.74597677693102, 40.10151293532274], [-82.74633610304465, 40.10151293532274], [-82.74633610304465, 40.101153609209085], [-82.74615643998783, 40.101153609209085], [-82.74615643998783, 40.10133327226591], [-82.74597677693102, 40.10133327226591], [-82.74597677693102, 40.10151293532274]], [[-82.7450784616469, 40.103309565890974], [-82.74543778776054, 40.103309565890974], [-82.74543778776054, 40.10312990283415], [-82.7450784616469, 40.10312990283415], [-82.7450784616469, 40.103309565890974]], [[-82.74921071195384, 40.104028218118266], [-82.74957003806749, 40.104028218118266], [-82.74957003806749, 40.10384855506145], [-82.74921071195384, 40.10384855506145], [-82.74921071195384, 40.104028218118266]], [[-82.74921071195384, 40.10528585951604], [-82.74939037501066, 40.10528585951604], [-82.74939037501066, 40.10492653340239], [-82.74974970112432, 40.10492653340239], [-82.74974970112432, 40.10510619645921], [-82.75010902723795, 40.10510619645921], [-82.75010902723795, 40.10438754423192], [-82.74974970112432, 40.10438754423192], [-82.74974970112432, 40.10456720728874], [-82.74921071195384, 40.10456720728874], [-82.74921071195384, 40.10528585951604]], [[-82.75064801640843, 40.10582484868651], [-82.75136666863573, 40.10582484868651], [-82.75136666863573, 40.10564518562968], [-82.75100734252209, 40.10564518562968], [-82.75100734252209, 40.105465522572864], [-82.75064801640843, 40.105465522572864], [-82.75064801640843, 40.10582484868651]], [[-82.74921071195384, 40.10600451174333], [-82.74939037501066, 40.10600451174333], [-82.74939037501066, 40.10582484868651], [-82.74957003806749, 40.10582484868651], [-82.74957003806749, 40.10564518562968], [-82.74939037501066, 40.10564518562968], [-82.74939037501066, 40.105465522572864], [-82.74921071195384, 40.105465522572864], [-82.74921071195384, 40.10600451174333]], [[-82.7511870055789, 40.10780114231157], [-82.75136666863573, 40.10780114231157], [-82.75136666863573, 40.107621479254746], [-82.7511870055789, 40.107621479254746], [-82.7511870055789, 40.10780114231157]]]}, "properties": {"name": "cand01", "ptype": "hall", "confidence": "low", "rank": 1, "area_ha": 47.6, "rise_db": 9.1, "digitised_from": "Sentinel-1 VV rise 2021->2026, orbit 48"}}, {"type": "Feature", "geometry": {"geodesic": false, "type": "Polygon", "coordinates": [[[-82.73393935212381, 40.09720102195896], [-82.73393935212381, 40.09702135890214], [-82.73411901518064, 40.09702135890214], [-82.73411901518064, 40.09576371750437], [-82.73483766740793, 40.09576371750437], [-82.73483766740793, 40.09558405444755], [-82.73501733046476, 40.09558405444755], [-82.73501733046476, 40.09576371750437], [-82.7353766565784, 40.09576371750437], [-82.7353766565784, 40.09558405444755], [-82.73555631963522, 40.09558405444755], [-82.73555631963522, 40.095224728333896], [-82.73447834129428, 40.095224728333896], [-82.73447834129428, 40.09504506527708], [-82.73411901518064, 40.09504506527708], [-82.73411901518064, 40.094506076106605], [-82.73429867823745, 40.094506076106605], [-82.73429867823745, 40.09432641304978], [-82.73447834129428, 40.09432641304978], [-82.73447834129428, 40.09414674999295], [-82.73519699352158, 40.09414674999295], [-82.73519699352158, 40.09396708693613], [-82.73555631963522, 40.09396708693613], [-82.73555631963522, 40.093787423879306], [-82.73519699352158, 40.093787423879306], [-82.73519699352158, 40.09342809776566], [-82.73573598269205, 40.09342809776566], [-82.73573598269205, 40.093068771652014], [-82.7346580043511, 40.093068771652014], [-82.7346580043511, 40.09324843470883], [-82.73429867823745, 40.09324843470883], [-82.73429867823745, 40.093068771652014], [-82.73411901518064, 40.093068771652014], [-82.73411901518064, 40.09288910859519], [-82.73375968906699, 40.09288910859519], [-82.73375968906699, 40.09270944553836], [-82.73358002601016, 40.09270944553836], [-82.73358002601016, 40.09252978248154], [-82.73375968906699, 40.09252978248154], [-82.73375968906699, 40.092350119424715], [-82.73340036295333, 40.092350119424715], [-82.73340036295333, 40.09217045636789], [-82.7330410368397, 40.09217045636789], [-82.7330410368397, 40.09252978248154], [-82.73268171072604, 40.09252978248154], [-82.73268171072604, 40.092350119424715], [-82.73232238461239, 40.092350119424715], [-82.73232238461239, 40.09270944553836], [-82.73214272155558, 40.09270944553836], [-82.73214272155558, 40.09288910859519], [-82.73196305849875, 40.09288910859519], [-82.73196305849875, 40.09270944553836], [-82.73106474321463, 40.09270944553836], [-82.73106474321463, 40.09252978248154], [-82.7308850801578, 40.09252978248154], [-82.7308850801578, 40.092350119424715], [-82.73070541710098, 40.092350119424715], [-82.73070541710098, 40.09252978248154], [-82.73052575404415, 40.09252978248154], [-82.73052575404415, 40.09270944553836], [-82.73016642793051, 40.09270944553836], [-82.73016642793051, 40.09252978248154], [-82.72998676487369, 40.09252978248154], [-82.72998676487369, 40.092350119424715], [-82.72962743876003, 40.092350119424715], [-82.72962743876003, 40.09199079331107], [-82.7294477757032, 40.09199079331107], [-82.7294477757032, 40.09181113025424], [-82.7278308081918, 40.09181113025424], [-82.7278308081918, 40.091631467197416], [-82.72675282985085, 40.091631467197416], [-82.72675282985085, 40.09181113025424], [-82.7263935037372, 40.09181113025424], [-82.7263935037372, 40.091631467197416], [-82.72585451456673, 40.091631467197416], [-82.72585451456673, 40.09181113025424], [-82.72567485150991, 40.09181113025424], [-82.72567485150991, 40.09199079331107], [-82.72549518845308, 40.09199079331107], [-82.72549518845308, 40.09252978248154], [-82.72567485150991, 40.09252978248154], [-82.72567485150991, 40.09270944553836], [-82.72585451456673, 40.09270944553836], [-82.72585451456673, 40.093068771652014], [-82.72693249290768, 40.093068771652014], [-82.72693249290768, 40.09288910859519], [-82.7271121559645, 40.09288910859519], [-82.7271121559645, 40.09270944553836], [-82.72765114513497, 40.09270944553836], [-82.72765114513497, 40.09288910859519], [-82.72926811264638, 40.09288910859519], [-82.72926811264638, 40.09270944553836], [-82.7294477757032, 40.09270944553836], [-82.7294477757032, 40.09288910859519], [-82.73016642793051, 40.09288910859519], [-82.73016642793051, 40.09342809776566], [-82.7294477757032, 40.09342809776566], [-82.7294477757032, 40.093068771652014], [-82.72908844958957, 40.093068771652014], [-82.72908844958957, 40.09324843470883], [-82.72890878653274, 40.09324843470883], [-82.72890878653274, 40.093607760822486], [-82.72872912347592, 40.093607760822486], [-82.72872912347592, 40.094685739163424], [-82.72854946041909, 40.094685739163424], [-82.72854946041909, 40.09486540222025], [-82.72819013430545, 40.09486540222025], [-82.72819013430545, 40.09396708693613], [-82.72801047124862, 40.09396708693613], [-82.72801047124862, 40.093787423879306], [-82.7278308081918, 40.093787423879306], [-82.7278308081918, 40.093607760822486], [-82.72765114513497, 40.093607760822486], [-82.72765114513497, 40.093787423879306], [-82.72729181902132, 40.093787423879306], [-82.72729181902132, 40.09396708693613], [-82.7271121559645, 40.09396708693613], [-82.7271121559645, 40.09342809776566], [-82.72657316679403, 40.09342809776566], [-82.72657316679403, 40.093607760822486], [-82.72621384068039, 40.093607760822486], [-82.72621384068039, 40.09396708693613], [-82.72603417762356, 40.09396708693613], [-82.72603417762356, 40.093787423879306], [-82.72549518845308, 40.093787423879306], [-82.72549518845308, 40.09396708693613], [-82.72531552539625, 40.09396708693613], [-82.72531552539625, 40.09414674999295], [-82.72513586233944, 40.09414674999295], [-82.72513586233944, 40.09486540222025], [-82.72495619928262, 40.09486540222025], [-82.72495619928262, 40.09504506527708], [-82.72513586233944, 40.09504506527708], [-82.72513586233944, 40.095224728333896], [-82.72549518845308, 40.095224728333896], [-82.72549518845308, 40.09486540222025], [-82.72531552539625, 40.09486540222025], [-82.72531552539625, 40.094685739163424], [-82.72549518845308, 40.094685739163424], [-82.72549518845308, 40.094506076106605], [-82.72585451456673, 40.094506076106605], [-82.72585451456673, 40.094685739163424], [-82.72603417762356, 40.094685739163424], [-82.72603417762356, 40.095224728333896], [-82.7263935037372, 40.095224728333896], [-82.7263935037372, 40.09504506527708], [-82.7271121559645, 40.09504506527708], [-82.7271121559645, 40.095224728333896], [-82.7278308081918, 40.095224728333896], [-82.7278308081918, 40.09504506527708], [-82.72819013430545, 40.09504506527708], [-82.72819013430545, 40.095224728333896], [-82.72836979736226, 40.095224728333896], [-82.72836979736226, 40.09540439139072], [-82.72872912347592, 40.09540439139072], [-82.72872912347592, 40.095224728333896], [-82.72926811264638, 40.095224728333896], [-82.72926811264638, 40.09504506527708], [-82.7294477757032, 40.09504506527708], [-82.7294477757032, 40.095224728333896], [-82.72980710181686, 40.095224728333896], [-82.72980710181686, 40.09540439139072], [-82.72962743876003, 40.09540439139072], [-82.72962743876003, 40.09558405444755], [-82.7294477757032, 40.09558405444755], [-82.7294477757032, 40.09576371750437], [-82.72998676487369, 40.09576371750437], [-82.72998676487369, 40.095943380561195], [-82.73124440627146, 40.095943380561195], [-82.73124440627146, 40.096123043618014], [-82.73142406932827, 40.096123043618014], [-82.73142406932827, 40.09648236973167], [-82.7316037323851, 40.09648236973167], [-82.7316037323851, 40.09666203278849], [-82.73196305849875, 40.09666203278849], [-82.73196305849875, 40.096123043618014], [-82.73268171072604, 40.096123043618014], [-82.73268171072604, 40.09630270667484], [-82.7330410368397, 40.09630270667484], [-82.7330410368397, 40.09648236973167], [-82.73322069989652, 40.09648236973167], [-82.73322069989652, 40.09684169584531], [-82.73358002601016, 40.09684169584531], [-82.73358002601016, 40.09702135890214], [-82.73375968906699, 40.09702135890214], [-82.73375968906699, 40.09720102195896], [-82.73393935212381, 40.09720102195896]], [[-82.73483766740793, 40.093787423879306], [-82.73501733046476, 40.093787423879306], [-82.73501733046476, 40.093607760822486], [-82.73483766740793, 40.093607760822486], [-82.73483766740793, 40.093787423879306]], [[-82.73447834129428, 40.093787423879306], [-82.7346580043511, 40.093787423879306], [-82.7346580043511, 40.093607760822486], [-82.73447834129428, 40.093607760822486], [-82.73447834129428, 40.093787423879306]], [[-82.7263935037372, 40.09396708693613], [-82.72675282985085, 40.09396708693613], [-82.72675282985085, 40.093787423879306], [-82.7263935037372, 40.093787423879306], [-82.7263935037372, 40.09396708693613]], [[-82.73340036295333, 40.09666203278849], [-82.73375968906699, 40.09666203278849], [-82.73375968906699, 40.09648236973167], [-82.73340036295333, 40.09648236973167], [-82.73340036295333, 40.09666203278849]]]}, "properties": {"name": "cand02", "ptype": "hall", "confidence": "low", "rank": 2, "area_ha": 36.1, "rise_db": 12.2, "digitised_from": "Sentinel-1 VV rise 2021->2026, orbit 48"}}, {"type": "Feature", "geometry": {"geodesic": false, "type": "Polygon", "coordinates": [[[-82.77238724628413, 40.06072942142371], [-82.77238724628413, 40.06037009531006], [-82.77256690934095, 40.06037009531006], [-82.77256690934095, 40.060190432253236], [-82.77310589851142, 40.060190432253236], [-82.77310589851142, 40.06001076919641], [-82.77328556156824, 40.06001076919641], [-82.77328556156824, 40.059651443082764], [-82.77346522462507, 40.059651443082764], [-82.77346522462507, 40.058753127798646], [-82.7736448876819, 40.058753127798646], [-82.7736448876819, 40.05857346474182], [-82.77346522462507, 40.05857346474182], [-82.77346522462507, 40.058393801685], [-82.77328556156824, 40.058393801685], [-82.77328556156824, 40.05821413862817], [-82.77310589851142, 40.05821413862817], [-82.77310589851142, 40.058393801685], [-82.77256690934095, 40.058393801685], [-82.77256690934095, 40.05821413862817], [-82.77238724628413, 40.05821413862817], [-82.77238724628413, 40.058393801685], [-82.7722075832273, 40.058393801685], [-82.7722075832273, 40.059651443082764], [-82.77202792017047, 40.059651443082764], [-82.77202792017047, 40.06001076919641], [-82.77184825711365, 40.06001076919641], [-82.77184825711365, 40.060190432253236], [-82.77202792017047, 40.060190432253236], [-82.77202792017047, 40.06037009531006], [-82.77148893100001, 40.06037009531006], [-82.77148893100001, 40.060190432253236], [-82.77130926794318, 40.060190432253236], [-82.77130926794318, 40.059651443082764], [-82.77148893100001, 40.059651443082764], [-82.77148893100001, 40.05929211696912], [-82.77166859405683, 40.05929211696912], [-82.77166859405683, 40.05893279085547], [-82.77148893100001, 40.05893279085547], [-82.77148893100001, 40.05857346474182], [-82.77166859405683, 40.05857346474182], [-82.77166859405683, 40.058393801685], [-82.77148893100001, 40.058393801685], [-82.77148893100001, 40.05821413862817], [-82.77059061571589, 40.05821413862817], [-82.77059061571589, 40.05803447557135], [-82.77077027877272, 40.05803447557135], [-82.77077027877272, 40.057315823344055], [-82.77094994182953, 40.057315823344055], [-82.77094994182953, 40.05713616028723], [-82.77184825711365, 40.05713616028723], [-82.77184825711365, 40.05695649723041], [-82.77130926794318, 40.05695649723041], [-82.77130926794318, 40.05641750805994], [-82.77112960488635, 40.05641750805994], [-82.77112960488635, 40.05623784500311], [-82.77148893100001, 40.05623784500311], [-82.77148893100001, 40.05551919277581], [-82.77130926794318, 40.05551919277581], [-82.77130926794318, 40.05533952971899], [-82.77094994182953, 40.05533952971899], [-82.77094994182953, 40.055159866662166], [-82.77059061571589, 40.055159866662166], [-82.77059061571589, 40.05533952971899], [-82.77041095265906, 40.05533952971899], [-82.77041095265906, 40.05551919277581], [-82.77023128960224, 40.05551919277581], [-82.77023128960224, 40.055878518889465], [-82.77005162654541, 40.055878518889465], [-82.77005162654541, 40.05569885583264], [-82.76987196348858, 40.05569885583264], [-82.76987196348858, 40.055159866662166], [-82.76951263737494, 40.055159866662166], [-82.76951263737494, 40.05533952971899], [-82.76933297431812, 40.05533952971899], [-82.76933297431812, 40.05551919277581], [-82.76879398514765, 40.05551919277581], [-82.76879398514765, 40.055159866662166], [-82.76897364820447, 40.055159866662166], [-82.76897364820447, 40.05462087749169], [-82.76915331126129, 40.05462087749169], [-82.76915331126129, 40.054441214434874], [-82.76933297431812, 40.054441214434874], [-82.76933297431812, 40.05336323609393], [-82.76915331126129, 40.05336323609393], [-82.76915331126129, 40.05282424692346], [-82.76897364820447, 40.05282424692346], [-82.76897364820447, 40.05264458386663], [-82.76861432209083, 40.05264458386663], [-82.76861432209083, 40.05282424692346], [-82.76825499597717, 40.05282424692346], [-82.76825499597717, 40.05264458386663], [-82.76771600680671, 40.05264458386663], [-82.76771600680671, 40.05246492080981], [-82.76753634374988, 40.05246492080981], [-82.76753634374988, 40.05264458386663], [-82.76627870235211, 40.05264458386663], [-82.76627870235211, 40.0531835730371], [-82.76591937623846, 40.0531835730371], [-82.76591937623846, 40.05354289915075], [-82.76609903929528, 40.05354289915075], [-82.76609903929528, 40.053722562207575], [-82.76645836540894, 40.053722562207575], [-82.76645836540894, 40.05354289915075], [-82.7669973545794, 40.05354289915075], [-82.7669973545794, 40.053722562207575], [-82.76861432209083, 40.053722562207575], [-82.76861432209083, 40.0539022252644], [-82.76879398514765, 40.0539022252644], [-82.76879398514765, 40.05426155137805], [-82.76861432209083, 40.05426155137805], [-82.76861432209083, 40.05480054054852], [-82.76825499597717, 40.05480054054852], [-82.76825499597717, 40.054980203605346], [-82.76789566986352, 40.054980203605346], [-82.76789566986352, 40.055159866662166], [-82.76807533292035, 40.055159866662166], [-82.76807533292035, 40.05533952971899], [-82.76825499597717, 40.05533952971899], [-82.76825499597717, 40.055878518889465], [-82.768434659034, 40.055878518889465], [-82.768434659034, 40.056058181946284], [-82.76861432209083, 40.056058181946284], [-82.76861432209083, 40.05623784500311], [-82.76879398514765, 40.05623784500311], [-82.76879398514765, 40.05641750805994], [-82.76897364820447, 40.05641750805994], [-82.76897364820447, 40.056597171116756], [-82.77023128960224, 40.056597171116756], [-82.77023128960224, 40.05677683417358], [-82.77005162654541, 40.05677683417358], [-82.77005162654541, 40.05695649723041], [-82.76987196348858, 40.05695649723041], [-82.76987196348858, 40.057495486400875], [-82.77005162654541, 40.057495486400875], [-82.77005162654541, 40.057315823344055], [-82.77023128960224, 40.057315823344055], [-82.77023128960224, 40.0576751494577], [-82.77041095265906, 40.0576751494577], [-82.77041095265906, 40.05821413862817], [-82.77023128960224, 40.05821413862817], [-82.77023128960224, 40.05857346474182], [-82.77005162654541, 40.05857346474182], [-82.77005162654541, 40.058753127798646], [-82.77023128960224, 40.058753127798646], [-82.77023128960224, 40.059471780025945], [-82.77005162654541, 40.059471780025945], [-82.77005162654541, 40.05911245391229], [-82.76969230043177, 40.05911245391229], [-82.76969230043177, 40.05929211696912], [-82.76915331126129, 40.05929211696912], [-82.76915331126129, 40.059471780025945], [-82.76897364820447, 40.059471780025945], [-82.76897364820447, 40.05983110613959], [-82.76915331126129, 40.05983110613959], [-82.76915331126129, 40.06001076919641], [-82.76987196348858, 40.06001076919641], [-82.76987196348858, 40.05983110613959], [-82.77005162654541, 40.05983110613959], [-82.77005162654541, 40.06054975836688], [-82.77059061571589, 40.06054975836688], [-82.77059061571589, 40.06037009531006], [-82.77094994182953, 40.06037009531006], [-82.77094994182953, 40.06054975836688], [-82.77112960488635, 40.06054975836688], [-82.77112960488635, 40.06072942142371], [-82.77238724628413, 40.06072942142371]], [[-82.77130926794318, 40.05857346474182], [-82.77148893100001, 40.05857346474182], [-82.77148893100001, 40.058393801685], [-82.77130926794318, 40.058393801685], [-82.77130926794318, 40.05857346474182]], [[-82.77094994182953, 40.05929211696912], [-82.77112960488635, 40.05929211696912], [-82.77112960488635, 40.05893279085547], [-82.77077027877272, 40.05893279085547], [-82.77077027877272, 40.05911245391229], [-82.77094994182953, 40.05911245391229], [-82.77094994182953, 40.05929211696912]], [[-82.77112960488635, 40.06037009531006], [-82.77130926794318, 40.06037009531006], [-82.77130926794318, 40.060190432253236], [-82.77112960488635, 40.060190432253236], [-82.77112960488635, 40.06037009531006]]]}, "properties": {"name": "cand03", "ptype": "hall", "confidence": "low", "rank": 3, "area_ha": 19.3, "rise_db": 9.8, "digitised_from": "Sentinel-1 VV rise 2021->2026, orbit 48"}}, {"type": "Feature", "geometry": {"geodesic": false, "type": "Polygon", "coordinates": [[[-82.75136666863573, 40.05641750805994], [-82.75136666863573, 40.056058181946284], [-82.75154633169255, 40.056058181946284], [-82.75154633169255, 40.05551919277581], [-82.75172599474938, 40.05551919277581], [-82.75172599474938, 40.05533952971899], [-82.7519056578062, 40.05533952971899], [-82.7519056578062, 40.05551919277581], [-82.75208532086302, 40.05551919277581], [-82.75208532086302, 40.05569885583264], [-82.75316329920396, 40.05569885583264], [-82.75316329920396, 40.055878518889465], [-82.75352262531761, 40.055878518889465], [-82.75352262531761, 40.05551919277581], [-82.75406161448808, 40.05551919277581], [-82.75406161448808, 40.05569885583264], [-82.7542412775449, 40.05569885583264], [-82.7542412775449, 40.05551919277581], [-82.75442094060173, 40.05551919277581], [-82.75442094060173, 40.05426155137805], [-82.75460060365856, 40.05426155137805], [-82.75460060365856, 40.0531835730371], [-82.75442094060173, 40.0531835730371], [-82.75442094060173, 40.05300390998028], [-82.75352262531761, 40.05300390998028], [-82.75352262531761, 40.05282424692346], [-82.75298363614715, 40.05282424692346], [-82.75298363614715, 40.05300390998028], [-82.7526243100335, 40.05300390998028], [-82.7526243100335, 40.05282424692346], [-82.7511870055789, 40.05282424692346], [-82.7511870055789, 40.05300390998028], [-82.75064801640843, 40.05300390998028], [-82.75064801640843, 40.05282424692346], [-82.75010902723795, 40.05282424692346], [-82.75010902723795, 40.05300390998028], [-82.74974970112432, 40.05300390998028], [-82.74974970112432, 40.05282424692346], [-82.74957003806749, 40.05282424692346], [-82.74957003806749, 40.05264458386663], [-82.74939037501066, 40.05264458386663], [-82.74939037501066, 40.05282424692346], [-82.7488513858402, 40.05282424692346], [-82.7488513858402, 40.05426155137805], [-82.74867172278337, 40.05426155137805], [-82.74867172278337, 40.05480054054852], [-82.7488513858402, 40.05480054054852], [-82.7488513858402, 40.05551919277581], [-82.74921071195384, 40.05551919277581], [-82.74921071195384, 40.05533952971899], [-82.74957003806749, 40.05533952971899], [-82.74957003806749, 40.055159866662166], [-82.74974970112432, 40.055159866662166], [-82.74974970112432, 40.05480054054852], [-82.74957003806749, 40.05480054054852], [-82.74957003806749, 40.05462087749169], [-82.74939037501066, 40.05462087749169], [-82.74939037501066, 40.054441214434874], [-82.74974970112432, 40.054441214434874], [-82.74974970112432, 40.05426155137805], [-82.74992936418114, 40.05426155137805], [-82.74992936418114, 40.054441214434874], [-82.75010902723795, 40.054441214434874], [-82.75010902723795, 40.05462087749169], [-82.74992936418114, 40.05462087749169], [-82.74992936418114, 40.054980203605346], [-82.75010902723795, 40.054980203605346], [-82.75010902723795, 40.055159866662166], [-82.75028869029478, 40.055159866662166], [-82.75028869029478, 40.05533952971899], [-82.75046835335161, 40.05533952971899], [-82.75046835335161, 40.05551919277581], [-82.7511870055789, 40.05551919277581], [-82.7511870055789, 40.055878518889465], [-82.75100734252209, 40.055878518889465], [-82.75100734252209, 40.05641750805994], [-82.75136666863573, 40.05641750805994]], [[-82.75388195143127, 40.0539022252644], [-82.75406161448808, 40.0539022252644], [-82.75406161448808, 40.053722562207575], [-82.75388195143127, 40.053722562207575], [-82.75388195143127, 40.0539022252644]], [[-82.75388195143127, 40.05426155137805], [-82.75406161448808, 40.05426155137805], [-82.75406161448808, 40.05408188832122], [-82.75388195143127, 40.05408188832122], [-82.75388195143127, 40.05426155137805]], [[-82.75082767946526, 40.05426155137805], [-82.75100734252209, 40.05426155137805], [-82.75100734252209, 40.05408188832122], [-82.75082767946526, 40.05408188832122], [-82.75082767946526, 40.05426155137805]], [[-82.75082767946526, 40.055159866662166], [-82.75100734252209, 40.055159866662166], [-82.75100734252209, 40.054980203605346], [-82.75082767946526, 40.054980203605346], [-82.75082767946526, 40.055159866662166]], [[-82.75370228837444, 40.05533952971899], [-82.75388195143127, 40.05533952971899], [-82.75388195143127, 40.05426155137805], [-82.75370228837444, 40.05426155137805], [-82.75370228837444, 40.05533952971899]]]}, "properties": {"name": "cand04", "ptype": "hall", "confidence": "low", "rank": 4, "area_ha": 18.1, "rise_db": 8.3, "digitised_from": "Sentinel-1 VV rise 2021->2026, orbit 48"}}, {"type": "Feature", "geometry": {"geodesic": false, "type": "Polygon", "coordinates": [[[-82.75963116924963, 40.06575998701478], [-82.75963116924963, 40.06558032395795], [-82.76034982147692, 40.06558032395795], [-82.76034982147692, 40.06540066090113], [-82.76070914759057, 40.06540066090113], [-82.76070914759057, 40.06522099784431], [-82.76124813676104, 40.06522099784431], [-82.76124813676104, 40.06504133478748], [-82.76142779981787, 40.06504133478748], [-82.76142779981787, 40.06450234561701], [-82.76070914759057, 40.06450234561701], [-82.76070914759057, 40.064682008673834], [-82.76052948453375, 40.064682008673834], [-82.76052948453375, 40.06450234561701], [-82.76034982147692, 40.06450234561701], [-82.76034982147692, 40.06414301950336], [-82.76052948453375, 40.06414301950336], [-82.76052948453375, 40.063963356446536], [-82.76070914759057, 40.063963356446536], [-82.76070914759057, 40.06342436727607], [-82.76052948453375, 40.06342436727607], [-82.76052948453375, 40.063244704219244], [-82.7594515061928, 40.063244704219244], [-82.7594515061928, 40.062526051991945], [-82.75927184313598, 40.062526051991945], [-82.75927184313598, 40.062346388935126], [-82.75855319090869, 40.062346388935126], [-82.75855319090869, 40.062526051991945], [-82.75819386479503, 40.062526051991945], [-82.75819386479503, 40.0628853781056], [-82.7580142017382, 40.0628853781056], [-82.7580142017382, 40.063244704219244], [-82.7578345386814, 40.063244704219244], [-82.7578345386814, 40.06306504116242], [-82.75603790811314, 40.06306504116242], [-82.75603790811314, 40.063244704219244], [-82.75585824505633, 40.063244704219244], [-82.75585824505633, 40.06360403033289], [-82.75603790811314, 40.06360403033289], [-82.75603790811314, 40.06432268256019], [-82.75585824505633, 40.06432268256019], [-82.75585824505633, 40.06450234561701], [-82.7556785819995, 40.06450234561701], [-82.7556785819995, 40.06486167173066], [-82.75585824505633, 40.06486167173066], [-82.75585824505633, 40.06522099784431], [-82.75603790811314, 40.06522099784431], [-82.75603790811314, 40.06540066090113], [-82.7563972342268, 40.06540066090113], [-82.7563972342268, 40.06558032395795], [-82.75747521256774, 40.06558032395795], [-82.75747521256774, 40.06540066090113], [-82.75765487562457, 40.06540066090113], [-82.75765487562457, 40.06558032395795], [-82.7580142017382, 40.06558032395795], [-82.7580142017382, 40.06575998701478], [-82.75963116924963, 40.06575998701478]], [[-82.75909218007915, 40.06306504116242], [-82.75927184313598, 40.06306504116242], [-82.75927184313598, 40.0628853781056], [-82.75909218007915, 40.0628853781056], [-82.75909218007915, 40.06306504116242]], [[-82.75837352785186, 40.06306504116242], [-82.75873285396551, 40.06306504116242], [-82.75873285396551, 40.0628853781056], [-82.75837352785186, 40.0628853781056], [-82.75837352785186, 40.06306504116242]]]}, "properties": {"name": "cand05", "ptype": "hall", "confidence": "low", "rank": 5, "area_ha": 16.0, "rise_db": 9.9, "digitised_from": "Sentinel-1 VV rise 2021->2026, orbit 48"}}, {"type": "Feature", "geometry": {"geodesic": false, "type": "Polygon", "coordinates": [[[-82.7226205795439, 40.09217045636789], [-82.7226205795439, 40.09199079331107], [-82.72297990565755, 40.09199079331107], [-82.72297990565755, 40.09181113025424], [-82.72315956871438, 40.09181113025424], [-82.72315956871438, 40.091631467197416], [-82.72333923177119, 40.091631467197416], [-82.72333923177119, 40.09127214108377], [-82.72315956871438, 40.09127214108377], [-82.72315956871438, 40.09055348885648], [-82.72297990565755, 40.09055348885648], [-82.72297990565755, 40.090014499686006], [-82.7226205795439, 40.090014499686006], [-82.7226205795439, 40.08983483662918], [-82.72244091648707, 40.08983483662918], [-82.72244091648707, 40.08965517357235], [-82.72226125343026, 40.08965517357235], [-82.72226125343026, 40.08929584745871], [-82.72208159037343, 40.08929584745871], [-82.72208159037343, 40.08911618440189], [-82.72190192731661, 40.08911618440189], [-82.72190192731661, 40.088756858288235], [-82.72172226425978, 40.088756858288235], [-82.72172226425978, 40.088577195231416], [-82.72154260120296, 40.088577195231416], [-82.72154260120296, 40.08839753217459], [-82.72136293814613, 40.08839753217459], [-82.72136293814613, 40.08821786911776], [-82.72118327508932, 40.08821786911776], [-82.72118327508932, 40.08803820606094], [-82.72100361203249, 40.08803820606094], [-82.72100361203249, 40.08785854300412], [-82.72082394897566, 40.08785854300412], [-82.72082394897566, 40.08767887994729], [-82.72064428591884, 40.08767887994729], [-82.72064428591884, 40.08749921689047], [-82.72010529674837, 40.08749921689047], [-82.72010529674837, 40.08767887994729], [-82.71992563369155, 40.08767887994729], [-82.71992563369155, 40.08785854300412], [-82.71920698146425, 40.08785854300412], [-82.71920698146425, 40.087139890776825], [-82.71902731840743, 40.087139890776825], [-82.71902731840743, 40.08696022772], [-82.71830866618014, 40.08696022772], [-82.71830866618014, 40.087139890776825], [-82.71812900312331, 40.087139890776825], [-82.71812900312331, 40.087319553833645], [-82.71830866618014, 40.087319553833645], [-82.71830866618014, 40.08749921689047], [-82.71902731840743, 40.08749921689047], [-82.71902731840743, 40.08785854300412], [-82.71866799229377, 40.08785854300412], [-82.71866799229377, 40.08803820606094], [-82.71812900312331, 40.08803820606094], [-82.71812900312331, 40.08821786911776], [-82.71794934006648, 40.08821786911776], [-82.71794934006648, 40.088577195231416], [-82.71812900312331, 40.088577195231416], [-82.71812900312331, 40.088756858288235], [-82.71794934006648, 40.088756858288235], [-82.71794934006648, 40.08893652134506], [-82.71830866618014, 40.08893652134506], [-82.71830866618014, 40.08911618440189], [-82.71848832923695, 40.08911618440189], [-82.71848832923695, 40.08929584745871], [-82.71866799229377, 40.08929584745871], [-82.71866799229377, 40.089475510515534], [-82.7188476553506, 40.089475510515534], [-82.7188476553506, 40.08965517357235], [-82.71920698146425, 40.08965517357235], [-82.71920698146425, 40.089475510515534], [-82.71956630757789, 40.089475510515534], [-82.71956630757789, 40.08965517357235], [-82.71974597063472, 40.08965517357235], [-82.71974597063472, 40.08983483662918], [-82.72010529674837, 40.08983483662918], [-82.72010529674837, 40.090194162742826], [-82.72046462286201, 40.090194162742826], [-82.72046462286201, 40.09037382579965], [-82.72064428591884, 40.09037382579965], [-82.72064428591884, 40.09055348885648], [-82.72082394897566, 40.09055348885648], [-82.72082394897566, 40.0907331519133], [-82.72100361203249, 40.0907331519133], [-82.72100361203249, 40.090912814970125], [-82.72118327508932, 40.090912814970125], [-82.72118327508932, 40.09109247802695], [-82.72136293814613, 40.09109247802695], [-82.72136293814613, 40.09127214108377], [-82.72154260120296, 40.09127214108377], [-82.72154260120296, 40.0914518041406], [-82.72172226425978, 40.0914518041406], [-82.72172226425978, 40.091631467197416], [-82.72208159037343, 40.091631467197416], [-82.72208159037343, 40.09181113025424], [-82.72226125343026, 40.09181113025424], [-82.72226125343026, 40.09199079331107], [-82.72244091648707, 40.09199079331107], [-82.72244091648707, 40.09217045636789], [-82.7226205795439, 40.09217045636789]], [[-82.71848832923695, 40.088756858288235], [-82.71866799229377, 40.088756858288235], [-82.71866799229377, 40.088577195231416], [-82.71848832923695, 40.088577195231416], [-82.71848832923695, 40.088756858288235]], [[-82.7188476553506, 40.08911618440189], [-82.71902731840743, 40.08911618440189], [-82.71902731840743, 40.08893652134506], [-82.7188476553506, 40.08893652134506], [-82.7188476553506, 40.08911618440189]], [[-82.72226125343026, 40.090912814970125], [-82.7226205795439, 40.090912814970125], [-82.7226205795439, 40.0907331519133], [-82.72280024260073, 40.0907331519133], [-82.72280024260073, 40.09055348885648], [-82.7226205795439, 40.09055348885648], [-82.7226205795439, 40.09037382579965], [-82.72244091648707, 40.09037382579965], [-82.72244091648707, 40.090194162742826], [-82.72226125343026, 40.090194162742826], [-82.72226125343026, 40.09037382579965], [-82.72208159037343, 40.09037382579965], [-82.72208159037343, 40.0907331519133], [-82.72226125343026, 40.0907331519133], [-82.72226125343026, 40.090912814970125]], [[-82.72280024260073, 40.09109247802695], [-82.72297990565755, 40.09109247802695], [-82.72297990565755, 40.090912814970125], [-82.72280024260073, 40.090912814970125], [-82.72280024260073, 40.09109247802695]]]}, "properties": {"name": "cand06", "ptype": "hall", "confidence": "low", "rank": 6, "area_ha": 13.9, "rise_db": 7.9, "digitised_from": "Sentinel-1 VV rise 2021->2026, orbit 48"}}, {"type": "Feature", "geometry": {"geodesic": false, "type": "Polygon", "coordinates": [[[-82.74867172278337, 40.05695649723041], [-82.74867172278337, 40.05677683417358], [-82.7488513858402, 40.05677683417358], [-82.7488513858402, 40.056058181946284], [-82.74849205972654, 40.056058181946284], [-82.74849205972654, 40.05641750805994], [-82.74813273361289, 40.05641750805994], [-82.74813273361289, 40.055159866662166], [-82.74795307055608, 40.055159866662166], [-82.74795307055608, 40.05462087749169], [-82.74813273361289, 40.05462087749169], [-82.74813273361289, 40.05408188832122], [-82.74795307055608, 40.05408188832122], [-82.74795307055608, 40.0539022252644], [-82.7474140813856, 40.0539022252644], [-82.7474140813856, 40.05408188832122], [-82.74723441832877, 40.05408188832122], [-82.74723441832877, 40.054441214434874], [-82.74687509221513, 40.054441214434874], [-82.74687509221513, 40.0539022252644], [-82.74705475527196, 40.0539022252644], [-82.74705475527196, 40.053722562207575], [-82.74669542915831, 40.053722562207575], [-82.74669542915831, 40.05354289915075], [-82.74723441832877, 40.05354289915075], [-82.74723441832877, 40.05336323609393], [-82.74795307055608, 40.05336323609393], [-82.74795307055608, 40.0531835730371], [-82.74813273361289, 40.0531835730371], [-82.74813273361289, 40.05336323609393], [-82.74849205972654, 40.05336323609393], [-82.74849205972654, 40.05282424692346], [-82.74831239666972, 40.05282424692346], [-82.74831239666972, 40.05210559469616], [-82.74813273361289, 40.05210559469616], [-82.74813273361289, 40.052285257752985], [-82.74777340749925, 40.052285257752985], [-82.74777340749925, 40.05210559469616], [-82.7474140813856, 40.05210559469616], [-82.7474140813856, 40.052285257752985], [-82.74723441832877, 40.052285257752985], [-82.74723441832877, 40.05264458386663], [-82.74759374444243, 40.05264458386663], [-82.74759374444243, 40.05300390998028], [-82.74651576610148, 40.05300390998028], [-82.74651576610148, 40.05282424692346], [-82.74543778776054, 40.05282424692346], [-82.74543778776054, 40.05300390998028], [-82.7450784616469, 40.05300390998028], [-82.7450784616469, 40.053722562207575], [-82.74525812470371, 40.053722562207575], [-82.74525812470371, 40.0539022252644], [-82.74579711387419, 40.0539022252644], [-82.74579711387419, 40.05408188832122], [-82.74597677693102, 40.05408188832122], [-82.74597677693102, 40.05462087749169], [-82.74579711387419, 40.05462087749169], [-82.74579711387419, 40.05480054054852], [-82.74561745081736, 40.05480054054852], [-82.74561745081736, 40.054980203605346], [-82.74579711387419, 40.054980203605346], [-82.74579711387419, 40.05641750805994], [-82.74597677693102, 40.05641750805994], [-82.74597677693102, 40.05677683417358], [-82.74687509221513, 40.05677683417358], [-82.74687509221513, 40.05695649723041], [-82.74867172278337, 40.05695649723041]], [[-82.74651576610148, 40.05354289915075], [-82.74669542915831, 40.05354289915075], [-82.74669542915831, 40.05336323609393], [-82.74651576610148, 40.05336323609393], [-82.74651576610148, 40.05354289915075]], [[-82.74597677693102, 40.05354289915075], [-82.74615643998783, 40.05354289915075], [-82.74615643998783, 40.05336323609393], [-82.74597677693102, 40.05336323609393], [-82.74597677693102, 40.05354289915075]]]}, "properties": {"name": "cand07", "ptype": "hall", "confidence": "low", "rank": 7, "area_ha": 12.4, "rise_db": 8.3, "digitised_from": "Sentinel-1 VV rise 2021->2026, orbit 48"}}, {"type": "Feature", "geometry": {"geodesic": false, "type": "Polygon", "coordinates": [[[-82.74094621133995, 40.06342436727607], [-82.74094621133995, 40.06306504116242], [-82.74148520051041, 40.06306504116242], [-82.74148520051041, 40.0628853781056], [-82.74166486356724, 40.0628853781056], [-82.74166486356724, 40.062526051991945], [-82.74202418968089, 40.062526051991945], [-82.74202418968089, 40.06270571504877], [-82.74256317885136, 40.06270571504877], [-82.74256317885136, 40.062526051991945], [-82.74274284190818, 40.062526051991945], [-82.74274284190818, 40.06144807365101], [-82.74256317885136, 40.06144807365101], [-82.74256317885136, 40.06037009531006], [-82.74238351579453, 40.06037009531006], [-82.74238351579453, 40.06001076919641], [-82.74202418968089, 40.06001076919641], [-82.74202418968089, 40.05983110613959], [-82.74166486356724, 40.05983110613959], [-82.74166486356724, 40.06001076919641], [-82.74130553745358, 40.06001076919641], [-82.74130553745358, 40.05983110613959], [-82.74058688522629, 40.05983110613959], [-82.74058688522629, 40.059651443082764], [-82.74004789605583, 40.059651443082764], [-82.74004789605583, 40.05983110613959], [-82.739868232999, 40.05983110613959], [-82.739868232999, 40.06001076919641], [-82.73968856994217, 40.06001076919641], [-82.73968856994217, 40.06037009531006], [-82.739868232999, 40.06037009531006], [-82.739868232999, 40.06054975836688], [-82.73932924382852, 40.06054975836688], [-82.73932924382852, 40.061088747537354], [-82.73950890688535, 40.061088747537354], [-82.73950890688535, 40.06126841059418], [-82.73968856994217, 40.06126841059418], [-82.73968856994217, 40.06144807365101], [-82.739868232999, 40.06144807365101], [-82.739868232999, 40.06180739976465], [-82.74004789605583, 40.06180739976465], [-82.74004789605583, 40.06198706282147], [-82.739868232999, 40.06198706282147], [-82.739868232999, 40.0621667258783], [-82.73968856994217, 40.0621667258783], [-82.73968856994217, 40.06270571504877], [-82.739868232999, 40.06270571504877], [-82.739868232999, 40.0628853781056], [-82.73968856994217, 40.0628853781056], [-82.73968856994217, 40.063244704219244], [-82.74058688522629, 40.063244704219244], [-82.74058688522629, 40.06342436727607], [-82.74094621133995, 40.06342436727607]], [[-82.74004789605583, 40.06072942142371], [-82.74022755911264, 40.06072942142371], [-82.74022755911264, 40.06054975836688], [-82.74004789605583, 40.06054975836688], [-82.74004789605583, 40.06072942142371]]]}, "properties": {"name": "cand08", "ptype": "hall", "confidence": "low", "rank": 8, "area_ha": 11.4, "rise_db": 9.3, "digitised_from": "Sentinel-1 VV rise 2021->2026, orbit 48"}}, {"type": "Feature", "geometry": {"geodesic": false, "type": "Polygon", "coordinates": [[[-82.7608888106474, 40.068993922037606], [-82.7608888106474, 40.068275269810314], [-82.76106847370421, 40.068275269810314], [-82.76106847370421, 40.06719729146937], [-82.7608888106474, 40.06719729146937], [-82.7608888106474, 40.06701762841254], [-82.7594515061928, 40.06701762841254], [-82.7594515061928, 40.066837965355724], [-82.7601701584201, 40.066837965355724], [-82.7601701584201, 40.06647863924207], [-82.76052948453375, 40.06647863924207], [-82.76052948453375, 40.066119313128425], [-82.75873285396551, 40.066119313128425], [-82.75873285396551, 40.06629897618525], [-82.75891251702234, 40.06629897618525], [-82.75891251702234, 40.06647863924207], [-82.75819386479503, 40.06647863924207], [-82.75819386479503, 40.06629897618525], [-82.75837352785186, 40.06629897618525], [-82.75837352785186, 40.066119313128425], [-82.7578345386814, 40.066119313128425], [-82.7578345386814, 40.06629897618525], [-82.7580142017382, 40.06629897618525], [-82.7580142017382, 40.06647863924207], [-82.75693622339728, 40.06647863924207], [-82.75693622339728, 40.06629897618525], [-82.75765487562457, 40.06629897618525], [-82.75765487562457, 40.066119313128425], [-82.75747521256774, 40.066119313128425], [-82.75747521256774, 40.0659396500716], [-82.75729554951091, 40.0659396500716], [-82.75729554951091, 40.066119313128425], [-82.75711588645409, 40.066119313128425], [-82.75711588645409, 40.0659396500716], [-82.75657689728362, 40.0659396500716], [-82.75657689728362, 40.06701762841254], [-82.7563972342268, 40.06701762841254], [-82.7563972342268, 40.066837965355724], [-82.75603790811314, 40.066837965355724], [-82.75603790811314, 40.06701762841254], [-82.75621757116997, 40.06701762841254], [-82.75621757116997, 40.06719729146937], [-82.7563972342268, 40.06719729146937], [-82.7563972342268, 40.067376954526196], [-82.75675656034045, 40.067376954526196], [-82.75675656034045, 40.06791594369666], [-82.75657689728362, 40.06791594369666], [-82.75657689728362, 40.06809560675349], [-82.75693622339728, 40.06809560675349], [-82.75693622339728, 40.06791594369666], [-82.75711588645409, 40.06791594369666], [-82.75711588645409, 40.06809560675349], [-82.75765487562457, 40.06809560675349], [-82.75765487562457, 40.068275269810314], [-82.75819386479503, 40.068275269810314], [-82.75819386479503, 40.06809560675349], [-82.75855319090869, 40.06809560675349], [-82.75855319090869, 40.068275269810314], [-82.75873285396551, 40.068275269810314], [-82.75873285396551, 40.068454932867134], [-82.75837352785186, 40.068454932867134], [-82.75837352785186, 40.06863459592396], [-82.75819386479503, 40.06863459592396], [-82.75819386479503, 40.068454932867134], [-82.7578345386814, 40.068454932867134], [-82.7578345386814, 40.06863459592396], [-82.7580142017382, 40.06863459592396], [-82.7580142017382, 40.06881425898079], [-82.75981083230646, 40.06881425898079], [-82.75981083230646, 40.06863459592396], [-82.7601701584201, 40.06863459592396], [-82.7601701584201, 40.06881425898079], [-82.76052948453375, 40.06881425898079], [-82.76052948453375, 40.068993922037606], [-82.7608888106474, 40.068993922037606]], [[-82.75927184313598, 40.06647863924207], [-82.7594515061928, 40.06647863924207], [-82.7594515061928, 40.06629897618525], [-82.75927184313598, 40.06629897618525], [-82.75927184313598, 40.06647863924207]], [[-82.75693622339728, 40.066837965355724], [-82.75729554951091, 40.066837965355724], [-82.75729554951091, 40.0666583022989], [-82.75693622339728, 40.0666583022989], [-82.75693622339728, 40.066837965355724]], [[-82.75747521256774, 40.067556617583016], [-82.75765487562457, 40.067556617583016], [-82.75765487562457, 40.067376954526196], [-82.75747521256774, 40.067376954526196], [-82.75747521256774, 40.067556617583016]], [[-82.75999049536327, 40.06773628063984], [-82.7601701584201, 40.06773628063984], [-82.7601701584201, 40.067556617583016], [-82.75999049536327, 40.067556617583016], [-82.75999049536327, 40.06773628063984]], [[-82.7580142017382, 40.06773628063984], [-82.75837352785186, 40.06773628063984], [-82.75837352785186, 40.067376954526196], [-82.7580142017382, 40.067376954526196], [-82.7580142017382, 40.06773628063984]], [[-82.75927184313598, 40.06791594369666], [-82.75999049536327, 40.06791594369666], [-82.75999049536327, 40.06773628063984], [-82.75981083230646, 40.06773628063984], [-82.75981083230646, 40.067376954526196], [-82.75891251702234, 40.067376954526196], [-82.75891251702234, 40.06773628063984], [-82.75927184313598, 40.06773628063984], [-82.75927184313598, 40.06791594369666]], [[-82.75963116924963, 40.068454932867134], [-82.75981083230646, 40.068454932867134], [-82.75981083230646, 40.068275269810314], [-82.75963116924963, 40.068275269810314], [-82.75963116924963, 40.068454932867134]], [[-82.75891251702234, 40.068454932867134], [-82.75909218007915, 40.068454932867134], [-82.75909218007915, 40.068275269810314], [-82.75891251702234, 40.068275269810314], [-82.75891251702234, 40.068454932867134]]]}, "properties": {"name": "cand09", "ptype": "hall", "confidence": "low", "rank": 9, "area_ha": 11.1, "rise_db": 7.3, "digitised_from": "Sentinel-1 VV rise 2021->2026, orbit 48"}}, {"type": "Feature", "geometry": {"geodesic": false, "type": "Polygon", "coordinates": [[[-82.74202418968089, 40.0666583022989], [-82.74202418968089, 40.06647863924207], [-82.74310216802184, 40.06647863924207], [-82.74310216802184, 40.06629897618525], [-82.74328183107865, 40.06629897618525], [-82.74328183107865, 40.06575998701478], [-82.74310216802184, 40.06575998701478], [-82.74310216802184, 40.06486167173066], [-82.74328183107865, 40.06486167173066], [-82.74328183107865, 40.06450234561701], [-82.74310216802184, 40.06450234561701], [-82.74310216802184, 40.06432268256019], [-82.74292250496501, 40.06432268256019], [-82.74292250496501, 40.063963356446536], [-82.74346149413547, 40.063963356446536], [-82.74346149413547, 40.06414301950336], [-82.74453947247642, 40.06414301950336], [-82.74453947247642, 40.063783693389716], [-82.74418014636277, 40.063783693389716], [-82.74418014636277, 40.06360403033289], [-82.74382082024913, 40.06360403033289], [-82.74382082024913, 40.063783693389716], [-82.74328183107865, 40.063783693389716], [-82.74328183107865, 40.06360403033289], [-82.74310216802184, 40.06360403033289], [-82.74310216802184, 40.063783693389716], [-82.74292250496501, 40.063783693389716], [-82.74292250496501, 40.063963356446536], [-82.74274284190818, 40.063963356446536], [-82.74274284190818, 40.063783693389716], [-82.74238351579453, 40.063783693389716], [-82.74238351579453, 40.063963356446536], [-82.7422038527377, 40.063963356446536], [-82.7422038527377, 40.06414301950336], [-82.74184452662406, 40.06414301950336], [-82.74184452662406, 40.063963356446536], [-82.74166486356724, 40.063963356446536], [-82.74166486356724, 40.063783693389716], [-82.74058688522629, 40.063783693389716], [-82.74058688522629, 40.063963356446536], [-82.74022755911264, 40.063963356446536], [-82.74022755911264, 40.063783693389716], [-82.739868232999, 40.063783693389716], [-82.739868232999, 40.06432268256019], [-82.74022755911264, 40.06432268256019], [-82.74022755911264, 40.066119313128425], [-82.74040722216947, 40.066119313128425], [-82.74040722216947, 40.06629897618525], [-82.74058688522629, 40.06629897618525], [-82.74058688522629, 40.06647863924207], [-82.74094621133995, 40.06647863924207], [-82.74094621133995, 40.06629897618525], [-82.74112587439677, 40.06629897618525], [-82.74112587439677, 40.0666583022989], [-82.74202418968089, 40.0666583022989]], [[-82.74130553745358, 40.06575998701478], [-82.74148520051041, 40.06575998701478], [-82.74148520051041, 40.06558032395795], [-82.74130553745358, 40.06558032395795], [-82.74130553745358, 40.06575998701478]], [[-82.74058688522629, 40.06629897618525], [-82.74076654828312, 40.06629897618525], [-82.74076654828312, 40.066119313128425], [-82.74058688522629, 40.066119313128425], [-82.74058688522629, 40.06629897618525]]]}, "properties": {"name": "cand10", "ptype": "hall", "confidence": "low", "rank": 10, "area_ha": 10.2, "rise_db": 8.4, "digitised_from": "Sentinel-1 VV rise 2021->2026, orbit 48"}}, {"type": "Feature", "geometry": {"geodesic": false, "type": "Polygon", "coordinates": [[[-82.75747521256774, 40.057495486400875], [-82.75747521256774, 40.05713616028723], [-82.75711588645409, 40.05713616028723], [-82.75711588645409, 40.05695649723041], [-82.75729554951091, 40.05695649723041], [-82.75729554951091, 40.05677683417358], [-82.75711588645409, 40.05677683417358], [-82.75711588645409, 40.056597171116756], [-82.75729554951091, 40.056597171116756], [-82.75729554951091, 40.054980203605346], [-82.75747521256774, 40.054980203605346], [-82.75747521256774, 40.05462087749169], [-82.75729554951091, 40.05462087749169], [-82.75729554951091, 40.054441214434874], [-82.75747521256774, 40.054441214434874], [-82.75747521256774, 40.05408188832122], [-82.75765487562457, 40.05408188832122], [-82.75765487562457, 40.052285257752985], [-82.7578345386814, 40.052285257752985], [-82.7578345386814, 40.05210559469616], [-82.75747521256774, 40.05210559469616], [-82.75747521256774, 40.05192593163934], [-82.75621757116997, 40.05192593163934], [-82.75621757116997, 40.052285257752985], [-82.7563972342268, 40.052285257752985], [-82.7563972342268, 40.05282424692346], [-82.75621757116997, 40.05282424692346], [-82.75621757116997, 40.05354289915075], [-82.75603790811314, 40.05354289915075], [-82.75603790811314, 40.0539022252644], [-82.75549891894268, 40.0539022252644], [-82.75549891894268, 40.05426155137805], [-82.75603790811314, 40.05426155137805], [-82.75603790811314, 40.05408188832122], [-82.75621757116997, 40.05408188832122], [-82.75621757116997, 40.05462087749169], [-82.75603790811314, 40.05462087749169], [-82.75603790811314, 40.05569885583264], [-82.75585824505633, 40.05569885583264], [-82.75585824505633, 40.05677683417358], [-82.7556785819995, 40.05677683417358], [-82.7556785819995, 40.05713616028723], [-82.75549891894268, 40.05713616028723], [-82.75549891894268, 40.057315823344055], [-82.7556785819995, 40.057315823344055], [-82.7556785819995, 40.057495486400875], [-82.75747521256774, 40.057495486400875]], [[-82.7563972342268, 40.054441214434874], [-82.75657689728362, 40.054441214434874], [-82.75657689728362, 40.05426155137805], [-82.7563972342268, 40.05426155137805], [-82.7563972342268, 40.054441214434874]]]}, "properties": {"name": "cand11", "ptype": "hall", "confidence": "low", "rank": 11, "area_ha": 10.0, "rise_db": 10.8, "digitised_from": "Sentinel-1 VV rise 2021->2026, orbit 48"}}, {"type": "Feature", "geometry": {"geodesic": false, "type": "Polygon", "coordinates": [[[-82.76358375649976, 40.055878518889465], [-82.76358375649976, 40.05551919277581], [-82.76376341955658, 40.05551919277581], [-82.76376341955658, 40.05533952971899], [-82.7639430826134, 40.05533952971899], [-82.7639430826134, 40.055159866662166], [-82.76502106095434, 40.055159866662166], [-82.76502106095434, 40.054980203605346], [-82.76520072401117, 40.054980203605346], [-82.76520072401117, 40.054441214434874], [-82.76538038706799, 40.054441214434874], [-82.76538038706799, 40.05426155137805], [-82.76556005012482, 40.05426155137805], [-82.76556005012482, 40.05354289915075], [-82.76538038706799, 40.05354289915075], [-82.76538038706799, 40.05282424692346], [-82.76520072401117, 40.05282424692346], [-82.76520072401117, 40.05264458386663], [-82.76484139789753, 40.05264458386663], [-82.76484139789753, 40.05282424692346], [-82.76448207178387, 40.05282424692346], [-82.76448207178387, 40.05264458386663], [-82.76304476732928, 40.05264458386663], [-82.76304476732928, 40.05282424692346], [-82.76214645204516, 40.05282424692346], [-82.76214645204516, 40.05300390998028], [-82.76196678898833, 40.05300390998028], [-82.76196678898833, 40.05354289915075], [-82.76214645204516, 40.05354289915075], [-82.76214645204516, 40.053722562207575], [-82.76250577815881, 40.053722562207575], [-82.76250577815881, 40.05354289915075], [-82.7632244303861, 40.05354289915075], [-82.7632244303861, 40.053722562207575], [-82.76340409344293, 40.053722562207575], [-82.76340409344293, 40.0539022252644], [-82.76376341955658, 40.0539022252644], [-82.76376341955658, 40.053722562207575], [-82.76484139789753, 40.053722562207575], [-82.76484139789753, 40.05426155137805], [-82.76376341955658, 40.05426155137805], [-82.76376341955658, 40.05408188832122], [-82.76340409344293, 40.05408188832122], [-82.76340409344293, 40.05426155137805], [-82.76250577815881, 40.05426155137805], [-82.76250577815881, 40.05408188832122], [-82.76214645204516, 40.05408188832122], [-82.76214645204516, 40.05426155137805], [-82.7616074628747, 40.05426155137805], [-82.7616074628747, 40.05462087749169], [-82.76178712593152, 40.05462087749169], [-82.76178712593152, 40.05480054054852], [-82.76214645204516, 40.05480054054852], [-82.76214645204516, 40.054980203605346], [-82.76268544121564, 40.054980203605346], [-82.76268544121564, 40.055159866662166], [-82.76286510427246, 40.055159866662166], [-82.76286510427246, 40.05533952971899], [-82.76304476732928, 40.05533952971899], [-82.76304476732928, 40.05551919277581], [-82.7632244303861, 40.05551919277581], [-82.7632244303861, 40.05569885583264], [-82.76340409344293, 40.05569885583264], [-82.76340409344293, 40.055878518889465], [-82.76358375649976, 40.055878518889465]]]}, "properties": {"name": "cand12", "ptype": "hall", "confidence": "low", "rank": 12, "area_ha": 8.8, "rise_db": 10.3, "digitised_from": "Sentinel-1 VV rise 2021->2026, orbit 48"}}, {"type": "Feature", "geometry": {"geodesic": false, "type": "Polygon", "coordinates": [[[-82.7632244303861, 40.07725842265151], [-82.7632244303861, 40.077078759594684], [-82.76340409344293, 40.077078759594684], [-82.76340409344293, 40.07689909653786], [-82.76376341955658, 40.07689909653786], [-82.76376341955658, 40.07671943348104], [-82.7639430826134, 40.07671943348104], [-82.7639430826134, 40.076360107367385], [-82.76412274567022, 40.076360107367385], [-82.76412274567022, 40.075641455140094], [-82.7639430826134, 40.075641455140094], [-82.7639430826134, 40.07546179208327], [-82.76376341955658, 40.07546179208327], [-82.76376341955658, 40.074743139855975], [-82.76358375649976, 40.074743139855975], [-82.76358375649976, 40.074922802912795], [-82.76286510427246, 40.074922802912795], [-82.76286510427246, 40.074743139855975], [-82.76268544121564, 40.074743139855975], [-82.76268544121564, 40.07438381374232], [-82.76250577815881, 40.07438381374232], [-82.76250577815881, 40.07384482457185], [-82.76196678898833, 40.07384482457185], [-82.76196678898833, 40.0742041506855], [-82.76178712593152, 40.0742041506855], [-82.76178712593152, 40.07438381374232], [-82.76142779981787, 40.07438381374232], [-82.76142779981787, 40.0742041506855], [-82.76106847370421, 40.0742041506855], [-82.76106847370421, 40.07456347679915], [-82.76124813676104, 40.07456347679915], [-82.76124813676104, 40.074743139855975], [-82.7616074628747, 40.074743139855975], [-82.7616074628747, 40.074922802912795], [-82.76178712593152, 40.074922802912795], [-82.76178712593152, 40.07510246596962], [-82.7608888106474, 40.07510246596962], [-82.7608888106474, 40.074922802912795], [-82.7601701584201, 40.074922802912795], [-82.7601701584201, 40.07528212902645], [-82.76034982147692, 40.07528212902645], [-82.76034982147692, 40.07546179208327], [-82.76070914759057, 40.07546179208327], [-82.76070914759057, 40.075641455140094], [-82.7616074628747, 40.075641455140094], [-82.7616074628747, 40.076180444310566], [-82.76196678898833, 40.076180444310566], [-82.76196678898833, 40.07600078125374], [-82.76214645204516, 40.07600078125374], [-82.76214645204516, 40.076360107367385], [-82.76250577815881, 40.076360107367385], [-82.76250577815881, 40.07653977042421], [-82.76268544121564, 40.07653977042421], [-82.76268544121564, 40.07671943348104], [-82.76286510427246, 40.07671943348104], [-82.76286510427246, 40.077078759594684], [-82.76304476732928, 40.077078759594684], [-82.76304476732928, 40.07725842265151], [-82.7632244303861, 40.07725842265151]], [[-82.76340409344293, 40.07528212902645], [-82.76358375649976, 40.07528212902645], [-82.76358375649976, 40.07510246596962], [-82.76340409344293, 40.07510246596962], [-82.76340409344293, 40.07528212902645]], [[-82.76196678898833, 40.07546179208327], [-82.76214645204516, 40.07546179208327], [-82.76214645204516, 40.07528212902645], [-82.76196678898833, 40.07528212902645], [-82.76196678898833, 40.07546179208327]], [[-82.76214645204516, 40.075641455140094], [-82.76232611510198, 40.075641455140094], [-82.76232611510198, 40.07546179208327], [-82.76214645204516, 40.07546179208327], [-82.76214645204516, 40.075641455140094]], [[-82.76304476732928, 40.07600078125374], [-82.76340409344293, 40.07600078125374], [-82.76340409344293, 40.07582111819691], [-82.76304476732928, 40.07582111819691], [-82.76304476732928, 40.07600078125374]]]}, "properties": {"name": "cand13", "ptype": "hall", "confidence": "low", "rank": 13, "area_ha": 7.2, "rise_db": 10.4, "digitised_from": "Sentinel-1 VV rise 2021->2026, orbit 48"}}, {"type": "Feature", "geometry": {"geodesic": false, "type": "Polygon", "coordinates": [[[-82.71902731840743, 40.114808001527706], [-82.71902731840743, 40.11462833847088], [-82.71920698146425, 40.11462833847088], [-82.71920698146425, 40.11444867541405], [-82.71938664452107, 40.11444867541405], [-82.71938664452107, 40.114269012357234], [-82.71956630757789, 40.114269012357234], [-82.71956630757789, 40.11373002318676], [-82.71938664452107, 40.11373002318676], [-82.71938664452107, 40.11283170790264], [-82.71956630757789, 40.11283170790264], [-82.71956630757789, 40.11265204484582], [-82.71974597063472, 40.11265204484582], [-82.71974597063472, 40.11247238178899], [-82.71992563369155, 40.11247238178899], [-82.71992563369155, 40.11229271873217], [-82.71974597063472, 40.11229271873217], [-82.71974597063472, 40.112113055675344], [-82.71956630757789, 40.112113055675344], [-82.71956630757789, 40.11193339261852], [-82.71938664452107, 40.11193339261852], [-82.71938664452107, 40.1117537295617], [-82.7188476553506, 40.1117537295617], [-82.7188476553506, 40.11157406650487], [-82.71866799229377, 40.11157406650487], [-82.71866799229377, 40.1117537295617], [-82.71848832923695, 40.1117537295617], [-82.71848832923695, 40.112113055675344], [-82.71830866618014, 40.112113055675344], [-82.71830866618014, 40.11247238178899], [-82.71812900312331, 40.11247238178899], [-82.71812900312331, 40.11283170790264], [-82.71794934006648, 40.11283170790264], [-82.71794934006648, 40.11319103401629], [-82.71830866618014, 40.11319103401629], [-82.71830866618014, 40.113370697073115], [-82.71776967700966, 40.113370697073115], [-82.71776967700966, 40.113550360129935], [-82.71759001395283, 40.113550360129935], [-82.71759001395283, 40.11373002318676], [-82.717410350896, 40.11373002318676], [-82.717410350896, 40.11408934930041], [-82.71723068783919, 40.11408934930041], [-82.71723068783919, 40.114269012357234], [-82.71705102478236, 40.114269012357234], [-82.71705102478236, 40.11444867541405], [-82.71723068783919, 40.11444867541405], [-82.71723068783919, 40.11462833847088], [-82.71759001395283, 40.11462833847088], [-82.71759001395283, 40.11444867541405], [-82.71830866618014, 40.11444867541405], [-82.71830866618014, 40.114269012357234], [-82.71848832923695, 40.114269012357234], [-82.71848832923695, 40.11408934930041], [-82.7188476553506, 40.11408934930041], [-82.7188476553506, 40.114808001527706], [-82.71902731840743, 40.114808001527706]], [[-82.71938664452107, 40.11229271873217], [-82.71956630757789, 40.11229271873217], [-82.71956630757789, 40.112113055675344], [-82.71938664452107, 40.112113055675344], [-82.71938664452107, 40.11229271873217]], [[-82.71848832923695, 40.113550360129935], [-82.71866799229377, 40.113550360129935], [-82.71866799229377, 40.113370697073115], [-82.71848832923695, 40.113370697073115], [-82.71848832923695, 40.113550360129935]], [[-82.7188476553506, 40.11373002318676], [-82.71902731840743, 40.11373002318676], [-82.71902731840743, 40.113550360129935], [-82.7188476553506, 40.113550360129935], [-82.7188476553506, 40.11373002318676]]]}, "properties": {"name": "cand14", "ptype": "hall", "confidence": "low", "rank": 14, "area_ha": 5.4, "rise_db": 9.9, "digitised_from": "Sentinel-1 VV rise 2021->2026, orbit 48"}}, {"type": "Feature", "geometry": {"geodesic": false, "type": "Polygon", "coordinates": [[[-82.75765487562457, 40.11606564292547], [-82.75765487562457, 40.115526653755], [-82.75747521256774, 40.115526653755], [-82.75747521256774, 40.11534699069818], [-82.75765487562457, 40.11534699069818], [-82.75765487562457, 40.11516732764135], [-82.7578345386814, 40.11516732764135], [-82.7578345386814, 40.114987664584525], [-82.75819386479503, 40.114987664584525], [-82.75819386479503, 40.114808001527706], [-82.75837352785186, 40.114808001527706], [-82.75837352785186, 40.11462833847088], [-82.75819386479503, 40.11462833847088], [-82.75819386479503, 40.11444867541405], [-82.7580142017382, 40.11444867541405], [-82.7580142017382, 40.114269012357234], [-82.75765487562457, 40.114269012357234], [-82.75765487562457, 40.11444867541405], [-82.75747521256774, 40.11444867541405], [-82.75747521256774, 40.114269012357234], [-82.75729554951091, 40.114269012357234], [-82.75729554951091, 40.11444867541405], [-82.75693622339728, 40.11444867541405], [-82.75693622339728, 40.11462833847088], [-82.75657689728362, 40.11462833847088], [-82.75657689728362, 40.11444867541405], [-82.7563972342268, 40.11444867541405], [-82.7563972342268, 40.114269012357234], [-82.75621757116997, 40.114269012357234], [-82.75621757116997, 40.11462833847088], [-82.75603790811314, 40.11462833847088], [-82.75603790811314, 40.114808001527706], [-82.75585824505633, 40.114808001527706], [-82.75585824505633, 40.11444867541405], [-82.7556785819995, 40.11444867541405], [-82.7556785819995, 40.114269012357234], [-82.75531925588585, 40.114269012357234], [-82.75531925588585, 40.11444867541405], [-82.75513959282902, 40.11444867541405], [-82.75513959282902, 40.11462833847088], [-82.7542412775449, 40.11462833847088], [-82.7542412775449, 40.114808001527706], [-82.75406161448808, 40.114808001527706], [-82.75406161448808, 40.11444867541405], [-82.75388195143127, 40.11444867541405], [-82.75388195143127, 40.114269012357234], [-82.75352262531761, 40.114269012357234], [-82.75352262531761, 40.11444867541405], [-82.75334296226079, 40.11444867541405], [-82.75334296226079, 40.11516732764135], [-82.75352262531761, 40.11516732764135], [-82.75352262531761, 40.11534699069818], [-82.75388195143127, 40.11534699069818], [-82.75388195143127, 40.11516732764135], [-82.75442094060173, 40.11516732764135], [-82.75442094060173, 40.11534699069818], [-82.75460060365856, 40.11534699069818], [-82.75460060365856, 40.115526653755], [-82.75495992977221, 40.115526653755], [-82.75495992977221, 40.11534699069818], [-82.75531925588585, 40.11534699069818], [-82.75531925588585, 40.11516732764135], [-82.7556785819995, 40.11516732764135], [-82.7556785819995, 40.114987664584525], [-82.75603790811314, 40.114987664584525], [-82.75603790811314, 40.114808001527706], [-82.75621757116997, 40.114808001527706], [-82.75621757116997, 40.114987664584525], [-82.7563972342268, 40.114987664584525], [-82.7563972342268, 40.114808001527706], [-82.75693622339728, 40.114808001527706], [-82.75693622339728, 40.114987664584525], [-82.75711588645409, 40.114987664584525], [-82.75711588645409, 40.115526653755], [-82.75693622339728, 40.115526653755], [-82.75693622339728, 40.115885979868644], [-82.75675656034045, 40.115885979868644], [-82.75675656034045, 40.115706316811824], [-82.75657689728362, 40.115706316811824], [-82.75657689728362, 40.115885979868644], [-82.7563972342268, 40.115885979868644], [-82.7563972342268, 40.11606564292547], [-82.75765487562457, 40.11606564292547]], [[-82.75513959282902, 40.114808001527706], [-82.75549891894268, 40.114808001527706], [-82.75549891894268, 40.11462833847088], [-82.75513959282902, 40.11462833847088], [-82.75513959282902, 40.114808001527706]]]}, "properties": {"name": "cand15", "ptype": "hall", "confidence": "low", "rank": 15, "area_ha": 4.8, "rise_db": 6.4, "digitised_from": "Sentinel-1 VV rise 2021->2026, orbit 48"}}, {"type": "Feature", "geometry": {"geodesic": false, "type": "Polygon", "coordinates": [[[-82.76681769152259, 40.05785481251453], [-82.76681769152259, 40.0576751494577], [-82.7669973545794, 40.0576751494577], [-82.7669973545794, 40.057315823344055], [-82.76681769152259, 40.057315823344055], [-82.76681769152259, 40.05713616028723], [-82.7669973545794, 40.05713616028723], [-82.7669973545794, 40.05695649723041], [-82.76789566986352, 40.05695649723041], [-82.76789566986352, 40.05677683417358], [-82.76807533292035, 40.05677683417358], [-82.76807533292035, 40.05641750805994], [-82.76789566986352, 40.05641750805994], [-82.76789566986352, 40.05623784500311], [-82.76771600680671, 40.05623784500311], [-82.76771600680671, 40.056058181946284], [-82.76753634374988, 40.056058181946284], [-82.76753634374988, 40.05641750805994], [-82.76735668069306, 40.05641750805994], [-82.76735668069306, 40.056597171116756], [-82.76520072401117, 40.056597171116756], [-82.76520072401117, 40.05677683417358], [-82.76430240872705, 40.05677683417358], [-82.76430240872705, 40.05695649723041], [-82.76412274567022, 40.05695649723041], [-82.76412274567022, 40.05713616028723], [-82.76376341955658, 40.05713616028723], [-82.76376341955658, 40.057495486400875], [-82.76430240872705, 40.057495486400875], [-82.76430240872705, 40.0576751494577], [-82.76645836540894, 40.0576751494577], [-82.76645836540894, 40.05785481251453], [-82.76681769152259, 40.05785481251453]]]}, "properties": {"name": "cand16", "ptype": "hall", "confidence": "low", "rank": 16, "area_ha": 4.4, "rise_db": 8.2, "digitised_from": "Sentinel-1 VV rise 2021->2026, orbit 48"}}, {"type": "Feature", "geometry": {"geodesic": false, "type": "Polygon", "coordinates": [[[-82.74004789605583, 40.09917731558402], [-82.74004789605583, 40.0989976525272], [-82.74076654828312, 40.0989976525272], [-82.74076654828312, 40.09863832641355], [-82.74094621133995, 40.09863832641355], [-82.74094621133995, 40.098279000299904], [-82.74004789605583, 40.098279000299904], [-82.74004789605583, 40.09791967418626], [-82.739868232999, 40.09791967418626], [-82.739868232999, 40.09774001112943], [-82.73932924382852, 40.09774001112943], [-82.73932924382852, 40.09791967418626], [-82.73789193937394, 40.09791967418626], [-82.73789193937394, 40.09809933724308], [-82.73717328714665, 40.09809933724308], [-82.73717328714665, 40.098279000299904], [-82.73699362408982, 40.098279000299904], [-82.73699362408982, 40.09863832641355], [-82.73717328714665, 40.09863832641355], [-82.73717328714665, 40.098817989470376], [-82.73771227631711, 40.098817989470376], [-82.73771227631711, 40.09863832641355], [-82.73807160243076, 40.09863832641355], [-82.73807160243076, 40.098817989470376], [-82.7384309285444, 40.098817989470376], [-82.7384309285444, 40.0989976525272], [-82.73914958077171, 40.0989976525272], [-82.73914958077171, 40.098817989470376], [-82.73932924382852, 40.098817989470376], [-82.73932924382852, 40.0989976525272], [-82.73950890688535, 40.0989976525272], [-82.73950890688535, 40.09917731558402], [-82.74004789605583, 40.09917731558402]]]}, "properties": {"name": "cand17", "ptype": "hall", "confidence": "low", "rank": 17, "area_ha": 4.3, "rise_db": 11.8, "digitised_from": "Sentinel-1 VV rise 2021->2026, orbit 48"}}, {"type": "Feature", "geometry": {"geodesic": false, "type": "Polygon", "coordinates": [[[-82.74813273361289, 40.115706316811824], [-82.74813273361289, 40.115526653755], [-82.74831239666972, 40.115526653755], [-82.74831239666972, 40.11516732764135], [-82.74867172278337, 40.11516732764135], [-82.74867172278337, 40.114987664584525], [-82.74903104889702, 40.114987664584525], [-82.74903104889702, 40.11516732764135], [-82.74992936418114, 40.11516732764135], [-82.74992936418114, 40.114987664584525], [-82.75028869029478, 40.114987664584525], [-82.75028869029478, 40.11462833847088], [-82.75010902723795, 40.11462833847088], [-82.75010902723795, 40.11408934930041], [-82.75028869029478, 40.11408934930041], [-82.75028869029478, 40.11373002318676], [-82.75010902723795, 40.11373002318676], [-82.75010902723795, 40.113550360129935], [-82.7488513858402, 40.113550360129935], [-82.7488513858402, 40.113370697073115], [-82.74831239666972, 40.113370697073115], [-82.74831239666972, 40.113550360129935], [-82.74813273361289, 40.113550360129935], [-82.74813273361289, 40.11390968624358], [-82.74831239666972, 40.11390968624358], [-82.74831239666972, 40.11462833847088], [-82.74813273361289, 40.11462833847088], [-82.74813273361289, 40.114987664584525], [-82.74795307055608, 40.114987664584525], [-82.74795307055608, 40.11516732764135], [-82.74777340749925, 40.11516732764135], [-82.74777340749925, 40.115526653755], [-82.74795307055608, 40.115526653755], [-82.74795307055608, 40.115706316811824], [-82.74813273361289, 40.115706316811824]]]}, "properties": {"name": "cand18", "ptype": "hall", "confidence": "low", "rank": 18, "area_ha": 4.3, "rise_db": 5.8, "digitised_from": "Sentinel-1 VV rise 2021->2026, orbit 48"}}, {"type": "Feature", "geometry": {"geodesic": false, "type": "Polygon", "coordinates": [[[-82.74651576610148, 40.09396708693613], [-82.74651576610148, 40.093787423879306], [-82.74687509221513, 40.093787423879306], [-82.74687509221513, 40.093607760822486], [-82.7488513858402, 40.093607760822486], [-82.7488513858402, 40.09342809776566], [-82.74903104889702, 40.09342809776566], [-82.74903104889702, 40.09324843470883], [-82.74921071195384, 40.09324843470883], [-82.74921071195384, 40.093068771652014], [-82.74903104889702, 40.093068771652014], [-82.74903104889702, 40.09270944553836], [-82.74867172278337, 40.09270944553836], [-82.74867172278337, 40.09252978248154], [-82.74651576610148, 40.09252978248154], [-82.74651576610148, 40.09270944553836], [-82.74633610304465, 40.09270944553836], [-82.74633610304465, 40.093068771652014], [-82.74615643998783, 40.093068771652014], [-82.74615643998783, 40.09324843470883], [-82.74579711387419, 40.09324843470883], [-82.74579711387419, 40.09342809776566], [-82.74597677693102, 40.09342809776566], [-82.74597677693102, 40.093607760822486], [-82.74615643998783, 40.093607760822486], [-82.74615643998783, 40.093787423879306], [-82.74633610304465, 40.093787423879306], [-82.74633610304465, 40.09396708693613], [-82.74651576610148, 40.09396708693613]]]}, "properties": {"name": "cand19", "ptype": "hall", "confidence": "low", "rank": 19, "area_ha": 3.9, "rise_db": 10.7, "digitised_from": "Sentinel-1 VV rise 2021->2026, orbit 48"}}, {"type": "Feature", "geometry": {"geodesic": false, "type": "Polygon", "coordinates": [[[-82.74705475527196, 40.05929211696912], [-82.74705475527196, 40.058753127798646], [-82.74795307055608, 40.058753127798646], [-82.74795307055608, 40.05857346474182], [-82.74813273361289, 40.05857346474182], [-82.74813273361289, 40.058393801685], [-82.74831239666972, 40.058393801685], [-82.74831239666972, 40.05803447557135], [-82.74849205972654, 40.05803447557135], [-82.74849205972654, 40.05821413862817], [-82.7488513858402, 40.05821413862817], [-82.7488513858402, 40.05803447557135], [-82.74939037501066, 40.05803447557135], [-82.74939037501066, 40.0576751494577], [-82.74831239666972, 40.0576751494577], [-82.74831239666972, 40.057495486400875], [-82.74795307055608, 40.057495486400875], [-82.74795307055608, 40.0576751494577], [-82.74777340749925, 40.0576751494577], [-82.74777340749925, 40.057495486400875], [-82.74723441832877, 40.057495486400875], [-82.74723441832877, 40.05785481251453], [-82.74759374444243, 40.05785481251453], [-82.74759374444243, 40.05803447557135], [-82.74723441832877, 40.05803447557135], [-82.74723441832877, 40.05821413862817], [-82.74687509221513, 40.05821413862817], [-82.74687509221513, 40.05785481251453], [-82.74669542915831, 40.05785481251453], [-82.74669542915831, 40.0576751494577], [-82.74615643998783, 40.0576751494577], [-82.74615643998783, 40.05821413862817], [-82.74597677693102, 40.05821413862817], [-82.74597677693102, 40.05857346474182], [-82.74615643998783, 40.05857346474182], [-82.74615643998783, 40.058753127798646], [-82.74651576610148, 40.058753127798646], [-82.74651576610148, 40.05893279085547], [-82.74669542915831, 40.05893279085547], [-82.74669542915831, 40.05911245391229], [-82.74687509221513, 40.05911245391229], [-82.74687509221513, 40.05929211696912], [-82.74705475527196, 40.05929211696912]], [[-82.74615643998783, 40.05857346474182], [-82.74651576610148, 40.05857346474182], [-82.74651576610148, 40.058393801685], [-82.74615643998783, 40.058393801685], [-82.74615643998783, 40.05857346474182]]]}, "properties": {"name": "cand20", "ptype": "hall", "confidence": "low", "rank": 20, "area_ha": 3.4, "rise_db": 6.4, "digitised_from": "Sentinel-1 VV rise 2021->2026, orbit 48"}}, {"type": "Feature", "geometry": {"geodesic": false, "type": "Polygon", "coordinates": [[[-82.7669973545794, 40.05623784500311], [-82.7669973545794, 40.056058181946284], [-82.76735668069306, 40.056058181946284], [-82.76735668069306, 40.05569885583264], [-82.76753634374988, 40.05569885583264], [-82.76753634374988, 40.055159866662166], [-82.76771600680671, 40.055159866662166], [-82.76771600680671, 40.05480054054852], [-82.7669973545794, 40.05480054054852], [-82.7669973545794, 40.05462087749169], [-82.76717701763623, 40.05462087749169], [-82.76717701763623, 40.05426155137805], [-82.76645836540894, 40.05426155137805], [-82.76645836540894, 40.05408188832122], [-82.76591937623846, 40.05408188832122], [-82.76591937623846, 40.05480054054852], [-82.76573971318165, 40.05480054054852], [-82.76573971318165, 40.055159866662166], [-82.7669973545794, 40.055159866662166], [-82.7669973545794, 40.05533952971899], [-82.76681769152259, 40.05533952971899], [-82.76681769152259, 40.05551919277581], [-82.76645836540894, 40.05551919277581], [-82.76645836540894, 40.05569885583264], [-82.76627870235211, 40.05569885583264], [-82.76627870235211, 40.055878518889465], [-82.76645836540894, 40.055878518889465], [-82.76645836540894, 40.056058181946284], [-82.76663802846576, 40.056058181946284], [-82.76663802846576, 40.05623784500311], [-82.7669973545794, 40.05623784500311]]]}, "properties": {"name": "cand21", "ptype": "hall", "confidence": "low", "rank": 21, "area_ha": 2.8, "rise_db": 7.7, "digitised_from": "Sentinel-1 VV rise 2021->2026, orbit 48"}}, {"type": "Feature", "geometry": {"geodesic": false, "type": "Polygon", "coordinates": [[[-82.75352262531761, 40.07366516151503], [-82.75352262531761, 40.073485498458204], [-82.75334296226079, 40.073485498458204], [-82.75334296226079, 40.073305835401385], [-82.75352262531761, 40.073305835401385], [-82.75352262531761, 40.07294650928773], [-82.75370228837444, 40.07294650928773], [-82.75370228837444, 40.072587183174086], [-82.75388195143127, 40.072587183174086], [-82.75388195143127, 40.07222785706044], [-82.75370228837444, 40.07222785706044], [-82.75370228837444, 40.072048194003614], [-82.75334296226079, 40.072048194003614], [-82.75334296226079, 40.07186853094679], [-82.75316329920396, 40.07186853094679], [-82.75316329920396, 40.07168886788997], [-82.7526243100335, 40.07168886788997], [-82.7526243100335, 40.07186853094679], [-82.75244464697667, 40.07186853094679], [-82.75244464697667, 40.072587183174086], [-82.75226498391984, 40.072587183174086], [-82.75226498391984, 40.07312617234456], [-82.75244464697667, 40.07312617234456], [-82.75244464697667, 40.073485498458204], [-82.7526243100335, 40.073485498458204], [-82.7526243100335, 40.073305835401385], [-82.75298363614715, 40.073305835401385], [-82.75298363614715, 40.073485498458204], [-82.75316329920396, 40.073485498458204], [-82.75316329920396, 40.07366516151503], [-82.75352262531761, 40.07366516151503]]]}, "properties": {"name": "cand22", "ptype": "hall", "confidence": "low", "rank": 22, "area_ha": 2.6, "rise_db": 6.2, "digitised_from": "Sentinel-1 VV rise 2021->2026, orbit 48"}}, {"type": "Feature", "geometry": {"geodesic": false, "type": "Polygon", "coordinates": [[[-82.71920698146425, 40.093607760822486], [-82.71920698146425, 40.09342809776566], [-82.71938664452107, 40.09342809776566], [-82.71938664452107, 40.09324843470883], [-82.71974597063472, 40.09324843470883], [-82.71974597063472, 40.093068771652014], [-82.72010529674837, 40.093068771652014], [-82.72010529674837, 40.09288910859519], [-82.7202849598052, 40.09288910859519], [-82.7202849598052, 40.09217045636789], [-82.71974597063472, 40.09217045636789], [-82.71974597063472, 40.09199079331107], [-82.71902731840743, 40.09199079331107], [-82.71902731840743, 40.09217045636789], [-82.7188476553506, 40.09217045636789], [-82.7188476553506, 40.092350119424715], [-82.71866799229377, 40.092350119424715], [-82.71866799229377, 40.09252978248154], [-82.71848832923695, 40.09252978248154], [-82.71848832923695, 40.09270944553836], [-82.71830866618014, 40.09270944553836], [-82.71830866618014, 40.09288910859519], [-82.71866799229377, 40.09288910859519], [-82.71866799229377, 40.09342809776566], [-82.71902731840743, 40.09342809776566], [-82.71902731840743, 40.093607760822486], [-82.71920698146425, 40.093607760822486]]]}, "properties": {"name": "cand23", "ptype": "hall", "confidence": "low", "rank": 23, "area_ha": 2.4, "rise_db": 10.8, "digitised_from": "Sentinel-1 VV rise 2021->2026, orbit 48"}}, {"type": "Feature", "geometry": {"geodesic": false, "type": "Polygon", "coordinates": [[[-82.77256690934095, 40.05785481251453], [-82.77256690934095, 40.0576751494577], [-82.77274657239778, 40.0576751494577], [-82.77274657239778, 40.057315823344055], [-82.77328556156824, 40.057315823344055], [-82.77328556156824, 40.05713616028723], [-82.77346522462507, 40.05713616028723], [-82.77346522462507, 40.05695649723041], [-82.77328556156824, 40.05695649723041], [-82.77328556156824, 40.05677683417358], [-82.77346522462507, 40.05677683417358], [-82.77346522462507, 40.05569885583264], [-82.77328556156824, 40.05569885583264], [-82.77328556156824, 40.05551919277581], [-82.77292623545459, 40.05551919277581], [-82.77292623545459, 40.05533952971899], [-82.77274657239778, 40.05533952971899], [-82.77274657239778, 40.055159866662166], [-82.77256690934095, 40.055159866662166], [-82.77256690934095, 40.056058181946284], [-82.77238724628413, 40.056058181946284], [-82.77238724628413, 40.05677683417358], [-82.77256690934095, 40.05677683417358], [-82.77256690934095, 40.057315823344055], [-82.77238724628413, 40.057315823344055], [-82.77238724628413, 40.057495486400875], [-82.7722075832273, 40.057495486400875], [-82.7722075832273, 40.0576751494577], [-82.77238724628413, 40.0576751494577], [-82.77238724628413, 40.05785481251453], [-82.77256690934095, 40.05785481251453]]]}, "properties": {"name": "cand24", "ptype": "hall", "confidence": "low", "rank": 24, "area_ha": 2.4, "rise_db": 8.6, "digitised_from": "Sentinel-1 VV rise 2021->2026, orbit 48"}}, {"type": "Feature", "geometry": {"geodesic": false, "type": "Polygon", "coordinates": [[[-82.75136666863573, 40.10025529392497], [-82.75136666863573, 40.10007563086814], [-82.75154633169255, 40.10007563086814], [-82.75154633169255, 40.099536641697675], [-82.75172599474938, 40.099536641697675], [-82.75172599474938, 40.09935697864085], [-82.75154633169255, 40.09935697864085], [-82.75154633169255, 40.09917731558402], [-82.7511870055789, 40.09917731558402], [-82.7511870055789, 40.0989976525272], [-82.75046835335161, 40.0989976525272], [-82.75046835335161, 40.09917731558402], [-82.74974970112432, 40.09917731558402], [-82.74974970112432, 40.09935697864085], [-82.74903104889702, 40.09935697864085], [-82.74903104889702, 40.09989596781132], [-82.74921071195384, 40.09989596781132], [-82.74921071195384, 40.099716304754494], [-82.74939037501066, 40.099716304754494], [-82.74939037501066, 40.09989596781132], [-82.74974970112432, 40.09989596781132], [-82.74974970112432, 40.099716304754494], [-82.74992936418114, 40.099716304754494], [-82.74992936418114, 40.09989596781132], [-82.75028869029478, 40.09989596781132], [-82.75028869029478, 40.099716304754494], [-82.75046835335161, 40.099716304754494], [-82.75046835335161, 40.09989596781132], [-82.75082767946526, 40.09989596781132], [-82.75082767946526, 40.10007563086814], [-82.75100734252209, 40.10007563086814], [-82.75100734252209, 40.10025529392497], [-82.75136666863573, 40.10025529392497]]]}, "properties": {"name": "cand25", "ptype": "hall", "confidence": "low", "rank": 25, "area_ha": 2.4, "rise_db": 6.1, "digitised_from": "Sentinel-1 VV rise 2021->2026, orbit 48"}}, {"type": "Feature", "geometry": {"geodesic": false, "type": "Polygon", "coordinates": [[[-82.73699362408982, 40.0907331519133], [-82.73699362408982, 40.09055348885648], [-82.73717328714665, 40.09055348885648], [-82.73717328714665, 40.09037382579965], [-82.73735295020346, 40.09037382579965], [-82.73735295020346, 40.08983483662918], [-82.73717328714665, 40.08983483662918], [-82.73717328714665, 40.08965517357235], [-82.73573598269205, 40.08965517357235], [-82.73573598269205, 40.089475510515534], [-82.7353766565784, 40.089475510515534], [-82.7353766565784, 40.08965517357235], [-82.73519699352158, 40.08965517357235], [-82.73519699352158, 40.09037382579965], [-82.7353766565784, 40.09037382579965], [-82.7353766565784, 40.09055348885648], [-82.73555631963522, 40.09055348885648], [-82.73555631963522, 40.09037382579965], [-82.73573598269205, 40.09037382579965], [-82.73573598269205, 40.090194162742826], [-82.73591564574888, 40.090194162742826], [-82.73591564574888, 40.09037382579965], [-82.7360953088057, 40.09037382579965], [-82.7360953088057, 40.09055348885648], [-82.73627497186251, 40.09055348885648], [-82.73627497186251, 40.0907331519133], [-82.73699362408982, 40.0907331519133]]]}, "properties": {"name": "cand26", "ptype": "hall", "confidence": "low", "rank": 26, "area_ha": 2.4, "rise_db": 11.0, "digitised_from": "Sentinel-1 VV rise 2021->2026, orbit 48"}}, {"type": "Feature", "geometry": {"geodesic": false, "type": "Polygon", "coordinates": [[[-82.71381708975953, 40.113550360129935], [-82.71381708975953, 40.11301137095946], [-82.71399675281636, 40.11301137095946], [-82.71399675281636, 40.113370697073115], [-82.71417641587318, 40.113370697073115], [-82.71417641587318, 40.113550360129935], [-82.71435607893001, 40.113550360129935], [-82.71435607893001, 40.113370697073115], [-82.71453574198682, 40.113370697073115], [-82.71453574198682, 40.11319103401629], [-82.71435607893001, 40.11319103401629], [-82.71435607893001, 40.11283170790264], [-82.71471540504365, 40.11283170790264], [-82.71471540504365, 40.113370697073115], [-82.71489506810047, 40.113370697073115], [-82.71489506810047, 40.113550360129935], [-82.71525439421413, 40.113550360129935], [-82.71525439421413, 40.11283170790264], [-82.71471540504365, 40.11283170790264], [-82.71471540504365, 40.11265204484582], [-82.71453574198682, 40.11265204484582], [-82.71453574198682, 40.11247238178899], [-82.7136374267027, 40.11247238178899], [-82.7136374267027, 40.11229271873217], [-82.71327810058906, 40.11229271873217], [-82.71327810058906, 40.11247238178899], [-82.71309843753224, 40.11247238178899], [-82.71309843753224, 40.11265204484582], [-82.71291877447541, 40.11265204484582], [-82.71291877447541, 40.11301137095946], [-82.71309843753224, 40.11301137095946], [-82.71309843753224, 40.113370697073115], [-82.71345776364588, 40.113370697073115], [-82.71345776364588, 40.113550360129935], [-82.71381708975953, 40.113550360129935]]]}, "properties": {"name": "cand27", "ptype": "hall", "confidence": "low", "rank": 27, "area_ha": 2.2, "rise_db": 6.3, "digitised_from": "Sentinel-1 VV rise 2021->2026, orbit 48"}}, {"type": "Feature", "geometry": {"geodesic": false, "type": "Polygon", "coordinates": [[[-82.74777340749925, 40.06450234561701], [-82.74777340749925, 40.06432268256019], [-82.74849205972654, 40.06432268256019], [-82.74849205972654, 40.06450234561701], [-82.74867172278337, 40.06450234561701], [-82.74867172278337, 40.06432268256019], [-82.74903104889702, 40.06432268256019], [-82.74903104889702, 40.06414301950336], [-82.74974970112432, 40.06414301950336], [-82.74974970112432, 40.06432268256019], [-82.75028869029478, 40.06432268256019], [-82.75028869029478, 40.06414301950336], [-82.75046835335161, 40.06414301950336], [-82.75046835335161, 40.063963356446536], [-82.75028869029478, 40.063963356446536], [-82.75028869029478, 40.063783693389716], [-82.75010902723795, 40.063783693389716], [-82.75010902723795, 40.06360403033289], [-82.74957003806749, 40.06360403033289], [-82.74957003806749, 40.063783693389716], [-82.74849205972654, 40.063783693389716], [-82.74849205972654, 40.063963356446536], [-82.74705475527196, 40.063963356446536], [-82.74705475527196, 40.06414301950336], [-82.74687509221513, 40.06414301950336], [-82.74687509221513, 40.06432268256019], [-82.74705475527196, 40.06432268256019], [-82.74705475527196, 40.06450234561701], [-82.74777340749925, 40.06450234561701]]]}, "properties": {"name": "cand28", "ptype": "hall", "confidence": "low", "rank": 28, "area_ha": 2.1, "rise_db": 6.8, "digitised_from": "Sentinel-1 VV rise 2021->2026, orbit 48"}}, {"type": "Feature", "geometry": {"geodesic": false, "type": "Polygon", "coordinates": [[[-82.768434659034, 40.08767887994729], [-82.768434659034, 40.08749921689047], [-82.76861432209083, 40.08749921689047], [-82.76861432209083, 40.087319553833645], [-82.768434659034, 40.087319553833645], [-82.768434659034, 40.087139890776825], [-82.76807533292035, 40.087139890776825], [-82.76807533292035, 40.087319553833645], [-82.76717701763623, 40.087319553833645], [-82.76717701763623, 40.087139890776825], [-82.76681769152259, 40.087139890776825], [-82.76681769152259, 40.08696022772], [-82.76663802846576, 40.08696022772], [-82.76663802846576, 40.087139890776825], [-82.76502106095434, 40.087139890776825], [-82.76502106095434, 40.08749921689047], [-82.76538038706799, 40.08749921689047], [-82.76538038706799, 40.08767887994729], [-82.768434659034, 40.08767887994729]]]}, "properties": {"name": "cand29", "ptype": "hall", "confidence": "low", "rank": 29, "area_ha": 2.1, "rise_db": 8.8, "digitised_from": "Sentinel-1 VV rise 2021->2026, orbit 48"}}, {"type": "Feature", "geometry": {"geodesic": false, "type": "Polygon", "coordinates": [[[-82.76268544121564, 40.05911245391229], [-82.76268544121564, 40.05893279085547], [-82.76286510427246, 40.05893279085547], [-82.76286510427246, 40.05857346474182], [-82.7632244303861, 40.05857346474182], [-82.7632244303861, 40.05821413862817], [-82.76340409344293, 40.05821413862817], [-82.76340409344293, 40.057495486400875], [-82.76232611510198, 40.057495486400875], [-82.76232611510198, 40.0576751494577], [-82.76214645204516, 40.0576751494577], [-82.76214645204516, 40.058393801685], [-82.76196678898833, 40.058393801685], [-82.76196678898833, 40.058753127798646], [-82.76214645204516, 40.058753127798646], [-82.76214645204516, 40.05893279085547], [-82.76232611510198, 40.05893279085547], [-82.76232611510198, 40.05911245391229], [-82.76268544121564, 40.05911245391229]]]}, "properties": {"name": "cand30", "ptype": "hall", "confidence": "low", "rank": 30, "area_ha": 2.0, "rise_db": 10.9, "digitised_from": "Sentinel-1 VV rise 2021->2026, orbit 48"}}, {"type": "Feature", "geometry": {"geodesic": false, "type": "Polygon", "coordinates": [[[-82.72387822094167, 40.093607760822486], [-82.72387822094167, 40.09342809776566], [-82.7240578839985, 40.09342809776566], [-82.7240578839985, 40.09324843470883], [-82.72459687316896, 40.09324843470883], [-82.72459687316896, 40.09270944553836], [-82.72423754705532, 40.09270944553836], [-82.72423754705532, 40.09252978248154], [-82.7240578839985, 40.09252978248154], [-82.7240578839985, 40.09199079331107], [-82.72369855788484, 40.09199079331107], [-82.72369855788484, 40.09181113025424], [-82.72351889482802, 40.09181113025424], [-82.72351889482802, 40.09199079331107], [-82.72333923177119, 40.09199079331107], [-82.72333923177119, 40.09217045636789], [-82.72297990565755, 40.09217045636789], [-82.72297990565755, 40.09270944553836], [-82.72315956871438, 40.09270944553836], [-82.72315956871438, 40.09288910859519], [-82.72333923177119, 40.09288910859519], [-82.72333923177119, 40.09342809776566], [-82.72369855788484, 40.09342809776566], [-82.72369855788484, 40.093607760822486], [-82.72387822094167, 40.093607760822486]]]}, "properties": {"name": "cand31", "ptype": "hall", "confidence": "low", "rank": 31, "area_ha": 2.0, "rise_db": 6.2, "digitised_from": "Sentinel-1 VV rise 2021->2026, orbit 48"}}, {"type": "Feature", "geometry": {"geodesic": false, "type": "Polygon", "coordinates": [[[-82.74418014636277, 40.10043495698179], [-82.74418014636277, 40.10025529392497], [-82.74435980941959, 40.10025529392497], [-82.74435980941959, 40.10007563086814], [-82.74453947247642, 40.10007563086814], [-82.74453947247642, 40.09845866335673], [-82.74435980941959, 40.09845866335673], [-82.74435980941959, 40.09809933724308], [-82.74418014636277, 40.09809933724308], [-82.74418014636277, 40.09791967418626], [-82.74400048330595, 40.09791967418626], [-82.74400048330595, 40.098279000299904], [-82.7436411571923, 40.098279000299904], [-82.7436411571923, 40.09863832641355], [-82.74382082024913, 40.09863832641355], [-82.74382082024913, 40.10043495698179], [-82.74418014636277, 40.10043495698179]]]}, "properties": {"name": "cand32", "ptype": "hall", "confidence": "low", "rank": 32, "area_ha": 2.0, "rise_db": 7.4, "digitised_from": "Sentinel-1 VV rise 2021->2026, orbit 48"}}, {"type": "Feature", "geometry": {"geodesic": false, "type": "Polygon", "coordinates": [[[-82.76789566986352, 40.05192593163934], [-82.76789566986352, 40.051566605525686], [-82.7669973545794, 40.051566605525686], [-82.7669973545794, 40.051386942468866], [-82.76430240872705, 40.051386942468866], [-82.76430240872705, 40.05174626858251], [-82.76556005012482, 40.05174626858251], [-82.76556005012482, 40.05192593163934], [-82.76789566986352, 40.05192593163934]]]}, "properties": {"name": "cand33", "ptype": "hall", "confidence": "low", "rank": 33, "area_ha": 1.9, "rise_db": 9.9, "digitised_from": "Sentinel-1 VV rise 2021->2026, orbit 48"}}, {"type": "Feature", "geometry": {"geodesic": false, "type": "Polygon", "coordinates": [[[-82.70698989360022, 40.11139440344805], [-82.70698989360022, 40.1110350773344], [-82.7068102305434, 40.1110350773344], [-82.7068102305434, 40.11085541427758], [-82.70698989360022, 40.11085541427758], [-82.70698989360022, 40.110675751220754], [-82.70734921971388, 40.110675751220754], [-82.70734921971388, 40.11013676205028], [-82.70716955665705, 40.11013676205028], [-82.70716955665705, 40.109957098993455], [-82.70734921971388, 40.109957098993455], [-82.70734921971388, 40.109777435936635], [-82.70770854582751, 40.109777435936635], [-82.70770854582751, 40.10959777287981], [-82.70752888277069, 40.10959777287981], [-82.70752888277069, 40.10941810982299], [-82.70734921971388, 40.10941810982299], [-82.70734921971388, 40.10923844676616], [-82.70698989360022, 40.10923844676616], [-82.70698989360022, 40.10959777287981], [-82.7068102305434, 40.10959777287981], [-82.7068102305434, 40.109777435936635], [-82.70645090442976, 40.109777435936635], [-82.70645090442976, 40.109957098993455], [-82.70627124137293, 40.109957098993455], [-82.70627124137293, 40.11049608816393], [-82.70663056748657, 40.11049608816393], [-82.70663056748657, 40.110675751220754], [-82.7068102305434, 40.110675751220754], [-82.7068102305434, 40.11085541427758], [-82.70645090442976, 40.11085541427758], [-82.70645090442976, 40.1110350773344], [-82.70627124137293, 40.1110350773344], [-82.70627124137293, 40.11139440344805], [-82.70698989360022, 40.11139440344805]]]}, "properties": {"name": "cand34", "ptype": "hall", "confidence": "low", "rank": 34, "area_ha": 1.9, "rise_db": 5.7, "digitised_from": "Sentinel-1 VV rise 2021->2026, orbit 48"}}, {"type": "Feature", "geometry": {"geodesic": false, "type": "Polygon", "coordinates": [[[-82.71022382862306, 40.11390968624358], [-82.71022382862306, 40.11373002318676], [-82.71040349167988, 40.11373002318676], [-82.71040349167988, 40.113550360129935], [-82.71022382862306, 40.113550360129935], [-82.71022382862306, 40.113370697073115], [-82.71040349167988, 40.113370697073115], [-82.71040349167988, 40.11301137095946], [-82.71022382862306, 40.11301137095946], [-82.71022382862306, 40.11283170790264], [-82.7098645025094, 40.11283170790264], [-82.7098645025094, 40.11265204484582], [-82.70968483945258, 40.11265204484582], [-82.70968483945258, 40.11247238178899], [-82.70914585028211, 40.11247238178899], [-82.70914585028211, 40.11265204484582], [-82.70896618722529, 40.11265204484582], [-82.70896618722529, 40.113370697073115], [-82.70914585028211, 40.113370697073115], [-82.70914585028211, 40.113550360129935], [-82.70932551333894, 40.113550360129935], [-82.70932551333894, 40.11373002318676], [-82.70968483945258, 40.11373002318676], [-82.70968483945258, 40.11390968624358], [-82.71022382862306, 40.11390968624358]]]}, "properties": {"name": "cand35", "ptype": "hall", "confidence": "low", "rank": 35, "area_ha": 1.8, "rise_db": 10.2, "digitised_from": "Sentinel-1 VV rise 2021->2026, orbit 48"}}, {"type": "Feature", "geometry": {"geodesic": false, "type": "Polygon", "coordinates": [[[-82.72441721011214, 40.088756858288235], [-82.72441721011214, 40.08821786911776], [-82.72423754705532, 40.08821786911776], [-82.72423754705532, 40.08785854300412], [-82.7240578839985, 40.08785854300412], [-82.7240578839985, 40.08767887994729], [-82.72369855788484, 40.08767887994729], [-82.72369855788484, 40.08749921689047], [-82.72351889482802, 40.08749921689047], [-82.72351889482802, 40.087319553833645], [-82.72315956871438, 40.087319553833645], [-82.72315956871438, 40.08696022772], [-82.72297990565755, 40.08696022772], [-82.72297990565755, 40.08678056466317], [-82.72280024260073, 40.08678056466317], [-82.72280024260073, 40.08660090160635], [-82.72226125343026, 40.08660090160635], [-82.72226125343026, 40.087139890776825], [-82.72280024260073, 40.087139890776825], [-82.72280024260073, 40.087319553833645], [-82.72297990565755, 40.087319553833645], [-82.72297990565755, 40.08749921689047], [-82.72315956871438, 40.08749921689047], [-82.72315956871438, 40.08767887994729], [-82.72333923177119, 40.08767887994729], [-82.72333923177119, 40.08803820606094], [-82.72351889482802, 40.08803820606094], [-82.72351889482802, 40.08821786911776], [-82.72369855788484, 40.08821786911776], [-82.72369855788484, 40.088577195231416], [-82.72387822094167, 40.088577195231416], [-82.72387822094167, 40.088756858288235], [-82.72441721011214, 40.088756858288235]]]}, "properties": {"name": "cand36", "ptype": "hall", "confidence": "low", "rank": 36, "area_ha": 1.8, "rise_db": 5.9, "digitised_from": "Sentinel-1 VV rise 2021->2026, orbit 48"}}, {"type": "Feature", "geometry": {"geodesic": false, "type": "Polygon", "coordinates": [[[-82.73914958077171, 40.06432268256019], [-82.73914958077171, 40.06414301950336], [-82.73932924382852, 40.06414301950336], [-82.73932924382852, 40.063963356446536], [-82.73950890688535, 40.063963356446536], [-82.73950890688535, 40.06342436727607], [-82.73932924382852, 40.06342436727607], [-82.73932924382852, 40.063244704219244], [-82.73914958077171, 40.063244704219244], [-82.73914958077171, 40.06306504116242], [-82.7384309285444, 40.06306504116242], [-82.7384309285444, 40.06360403033289], [-82.73789193937394, 40.06360403033289], [-82.73789193937394, 40.063783693389716], [-82.73771227631711, 40.063783693389716], [-82.73771227631711, 40.063963356446536], [-82.7384309285444, 40.063963356446536], [-82.7384309285444, 40.06414301950336], [-82.73861059160123, 40.06414301950336], [-82.73861059160123, 40.06432268256019], [-82.73914958077171, 40.06432268256019]]]}, "properties": {"name": "cand37", "ptype": "hall", "confidence": "low", "rank": 37, "area_ha": 1.7, "rise_db": 9.2, "digitised_from": "Sentinel-1 VV rise 2021->2026, orbit 48"}}, {"type": "Feature", "geometry": {"geodesic": false, "type": "Polygon", "coordinates": [[[-82.7594515061928, 40.07546179208327], [-82.7594515061928, 40.07510246596962], [-82.75963116924963, 40.07510246596962], [-82.75963116924963, 40.074922802912795], [-82.75981083230646, 40.074922802912795], [-82.75981083230646, 40.074743139855975], [-82.75999049536327, 40.074743139855975], [-82.75999049536327, 40.07438381374232], [-82.75981083230646, 40.07438381374232], [-82.75981083230646, 40.0742041506855], [-82.75963116924963, 40.0742041506855], [-82.75963116924963, 40.07402448762868], [-82.75927184313598, 40.07402448762868], [-82.75927184313598, 40.0742041506855], [-82.75909218007915, 40.0742041506855], [-82.75909218007915, 40.07438381374232], [-82.75891251702234, 40.07438381374232], [-82.75891251702234, 40.0742041506855], [-82.75873285396551, 40.0742041506855], [-82.75873285396551, 40.07402448762868], [-82.75855319090869, 40.07402448762868], [-82.75855319090869, 40.0742041506855], [-82.75837352785186, 40.0742041506855], [-82.75837352785186, 40.07438381374232], [-82.75855319090869, 40.07438381374232], [-82.75855319090869, 40.074922802912795], [-82.75873285396551, 40.074922802912795], [-82.75873285396551, 40.07510246596962], [-82.75891251702234, 40.07510246596962], [-82.75891251702234, 40.07528212902645], [-82.75909218007915, 40.07528212902645], [-82.75909218007915, 40.07546179208327], [-82.7594515061928, 40.07546179208327]], [[-82.75909218007915, 40.074922802912795], [-82.75927184313598, 40.074922802912795], [-82.75927184313598, 40.074743139855975], [-82.75909218007915, 40.074743139855975], [-82.75909218007915, 40.074922802912795]], [[-82.75927184313598, 40.07510246596962], [-82.7594515061928, 40.07510246596962], [-82.7594515061928, 40.074922802912795], [-82.75927184313598, 40.074922802912795], [-82.75927184313598, 40.07510246596962]]]}, "properties": {"name": "cand38", "ptype": "hall", "confidence": "low", "rank": 38, "area_ha": 1.6, "rise_db": 6.0, "digitised_from": "Sentinel-1 VV rise 2021->2026, orbit 48"}}, {"type": "Feature", "geometry": {"geodesic": false, "type": "Polygon", "coordinates": [[[-82.73429867823745, 40.09127214108377], [-82.73429867823745, 40.0907331519133], [-82.73411901518064, 40.0907331519133], [-82.73411901518064, 40.09055348885648], [-82.73286137378287, 40.09055348885648], [-82.73286137378287, 40.09037382579965], [-82.73268171072604, 40.09037382579965], [-82.73268171072604, 40.09055348885648], [-82.73178339544192, 40.09055348885648], [-82.73178339544192, 40.09037382579965], [-82.7316037323851, 40.09037382579965], [-82.7316037323851, 40.09055348885648], [-82.73142406932827, 40.09055348885648], [-82.73142406932827, 40.090912814970125], [-82.73268171072604, 40.090912814970125], [-82.73268171072604, 40.09109247802695], [-82.7330410368397, 40.09109247802695], [-82.7330410368397, 40.090912814970125], [-82.73375968906699, 40.090912814970125], [-82.73375968906699, 40.09109247802695], [-82.73393935212381, 40.09109247802695], [-82.73393935212381, 40.09127214108377], [-82.73429867823745, 40.09127214108377]]]}, "properties": {"name": "cand39", "ptype": "hall", "confidence": "low", "rank": 39, "area_ha": 1.6, "rise_db": 11.7, "digitised_from": "Sentinel-1 VV rise 2021->2026, orbit 48"}}, {"type": "Feature", "geometry": {"geodesic": false, "type": "Polygon", "coordinates": [[[-82.74705475527196, 40.069712574264905], [-82.74705475527196, 40.06953291120808], [-82.74723441832877, 40.06953291120808], [-82.74723441832877, 40.06935324815126], [-82.7474140813856, 40.06935324815126], [-82.7474140813856, 40.06917358509443], [-82.74759374444243, 40.06917358509443], [-82.74759374444243, 40.068993922037606], [-82.7474140813856, 40.068993922037606], [-82.7474140813856, 40.06881425898079], [-82.74723441832877, 40.06881425898079], [-82.74723441832877, 40.06863459592396], [-82.74705475527196, 40.06863459592396], [-82.74705475527196, 40.068454932867134], [-82.74687509221513, 40.068454932867134], [-82.74687509221513, 40.06791594369666], [-82.74651576610148, 40.06791594369666], [-82.74651576610148, 40.068454932867134], [-82.74633610304465, 40.068454932867134], [-82.74633610304465, 40.06863459592396], [-82.74615643998783, 40.06863459592396], [-82.74615643998783, 40.068993922037606], [-82.74633610304465, 40.068993922037606], [-82.74633610304465, 40.06917358509443], [-82.74669542915831, 40.06917358509443], [-82.74669542915831, 40.069712574264905], [-82.74705475527196, 40.069712574264905]]]}, "properties": {"name": "cand40", "ptype": "hall", "confidence": "low", "rank": 40, "area_ha": 1.6, "rise_db": 6.5, "digitised_from": "Sentinel-1 VV rise 2021->2026, orbit 48"}}, {"type": "Feature", "geometry": {"geodesic": false, "type": "Polygon", "coordinates": [[[-82.81604536909234, 40.1072621531411], [-82.81604536909234, 40.10564518562968], [-82.81586570603551, 40.10564518562968], [-82.81586570603551, 40.105465522572864], [-82.81568604297868, 40.105465522572864], [-82.81568604297868, 40.10564518562968], [-82.81550637992186, 40.10564518562968], [-82.81550637992186, 40.10600451174333], [-82.81532671686504, 40.10600451174333], [-82.81532671686504, 40.10636383785698], [-82.81514705380822, 40.10636383785698], [-82.81514705380822, 40.1065435009138], [-82.81496739075139, 40.1065435009138], [-82.81496739075139, 40.106902827027454], [-82.81532671686504, 40.106902827027454], [-82.81532671686504, 40.107082490084274], [-82.81550637992186, 40.107082490084274], [-82.81550637992186, 40.1072621531411], [-82.81604536909234, 40.1072621531411]]]}, "properties": {"name": "cand41", "ptype": "hall", "confidence": "low", "rank": 41, "area_ha": 1.6, "rise_db": 9.7, "digitised_from": "Sentinel-1 VV rise 2021->2026, orbit 48"}}, {"type": "Feature", "geometry": {"geodesic": false, "type": "Polygon", "coordinates": [[[-82.71830866618014, 40.07528212902645], [-82.71830866618014, 40.07510246596962], [-82.71902731840743, 40.07510246596962], [-82.71902731840743, 40.074743139855975], [-82.71633237255507, 40.074743139855975], [-82.71633237255507, 40.07456347679915], [-82.71597304644142, 40.07456347679915], [-82.71597304644142, 40.07510246596962], [-82.71794934006648, 40.07510246596962], [-82.71794934006648, 40.07528212902645], [-82.71830866618014, 40.07528212902645]]]}, "properties": {"name": "cand42", "ptype": "hall", "confidence": "low", "rank": 42, "area_ha": 1.5, "rise_db": 10.0, "digitised_from": "Sentinel-1 VV rise 2021->2026, orbit 48"}}, {"type": "Feature", "geometry": {"geodesic": false, "type": "Polygon", "coordinates": [[[-82.74022755911264, 40.07815673793563], [-82.74022755911264, 40.077797411821976], [-82.74040722216947, 40.077797411821976], [-82.74040722216947, 40.07725842265151], [-82.74022755911264, 40.07725842265151], [-82.74022755911264, 40.07671943348104], [-82.74040722216947, 40.07671943348104], [-82.74040722216947, 40.07582111819691], [-82.74004789605583, 40.07582111819691], [-82.74004789605583, 40.075641455140094], [-82.739868232999, 40.075641455140094], [-82.739868232999, 40.07546179208327], [-82.73950890688535, 40.07546179208327], [-82.73950890688535, 40.07582111819691], [-82.74004789605583, 40.07582111819691], [-82.74004789605583, 40.076180444310566], [-82.739868232999, 40.076180444310566], [-82.739868232999, 40.07815673793563], [-82.74022755911264, 40.07815673793563]]]}, "properties": {"name": "cand43", "ptype": "hall", "confidence": "low", "rank": 43, "area_ha": 1.5, "rise_db": 5.9, "digitised_from": "Sentinel-1 VV rise 2021->2026, orbit 48"}}, {"type": "Feature", "geometry": {"geodesic": false, "type": "Polygon", "coordinates": [[[-82.74346149413547, 40.09558405444755], [-82.74346149413547, 40.094685739163424], [-82.7436411571923, 40.094685739163424], [-82.7436411571923, 40.09324843470883], [-82.74328183107865, 40.09324843470883], [-82.74328183107865, 40.09342809776566], [-82.74310216802184, 40.09342809776566], [-82.74310216802184, 40.095224728333896], [-82.74292250496501, 40.095224728333896], [-82.74292250496501, 40.09558405444755], [-82.74346149413547, 40.09558405444755]]]}, "properties": {"name": "cand44", "ptype": "hall", "confidence": "low", "rank": 44, "area_ha": 1.4, "rise_db": 7.4, "digitised_from": "Sentinel-1 VV rise 2021->2026, orbit 48"}}, {"type": "Feature", "geometry": {"geodesic": false, "type": "Polygon", "coordinates": [[[-82.71902731840743, 40.10384855506145], [-82.71902731840743, 40.10366889200462], [-82.71920698146425, 40.10366889200462], [-82.71920698146425, 40.10295023977733], [-82.71902731840743, 40.10295023977733], [-82.71902731840743, 40.1027705767205], [-82.71830866618014, 40.1027705767205], [-82.71830866618014, 40.10295023977733], [-82.71794934006648, 40.10295023977733], [-82.71794934006648, 40.103309565890974], [-82.71812900312331, 40.103309565890974], [-82.71812900312331, 40.10384855506145], [-82.71902731840743, 40.10384855506145]]]}, "properties": {"name": "cand45", "ptype": "hall", "confidence": "low", "rank": 45, "area_ha": 1.4, "rise_db": 6.6, "digitised_from": "Sentinel-1 VV rise 2021->2026, orbit 48"}}, {"type": "Feature", "geometry": {"geodesic": false, "type": "Polygon", "coordinates": [[[-82.72423754705532, 40.08336696658352], [-82.72423754705532, 40.08300764046987], [-82.72369855788484, 40.08300764046987], [-82.72369855788484, 40.08282797741305], [-82.7226205795439, 40.08282797741305], [-82.7226205795439, 40.08264831435623], [-82.72226125343026, 40.08264831435623], [-82.72226125343026, 40.0824686512994], [-82.72190192731661, 40.0824686512994], [-82.72190192731661, 40.08264831435623], [-82.72172226425978, 40.08264831435623], [-82.72172226425978, 40.08282797741305], [-82.72190192731661, 40.08282797741305], [-82.72190192731661, 40.08300764046987], [-82.72226125343026, 40.08300764046987], [-82.72226125343026, 40.0831873035267], [-82.72351889482802, 40.0831873035267], [-82.72351889482802, 40.08336696658352], [-82.72423754705532, 40.08336696658352]]]}, "properties": {"name": "cand46", "ptype": "hall", "confidence": "low", "rank": 46, "area_ha": 1.3, "rise_db": 10.3, "digitised_from": "Sentinel-1 VV rise 2021->2026, orbit 48"}}, {"type": "Feature", "geometry": {"geodesic": false, "type": "Polygon", "coordinates": [[[-82.70627124137293, 40.11516732764135], [-82.70627124137293, 40.114987664584525], [-82.70645090442976, 40.114987664584525], [-82.70645090442976, 40.114808001527706], [-82.70663056748657, 40.114808001527706], [-82.70663056748657, 40.11408934930041], [-82.70698989360022, 40.11408934930041], [-82.70698989360022, 40.11390968624358], [-82.70716955665705, 40.11390968624358], [-82.70716955665705, 40.113550360129935], [-82.70663056748657, 40.113550360129935], [-82.70663056748657, 40.11373002318676], [-82.70645090442976, 40.11373002318676], [-82.70645090442976, 40.11390968624358], [-82.70627124137293, 40.11390968624358], [-82.70627124137293, 40.114269012357234], [-82.7060915783161, 40.114269012357234], [-82.7060915783161, 40.11444867541405], [-82.70591191525928, 40.11444867541405], [-82.70591191525928, 40.11462833847088], [-82.70573225220245, 40.11462833847088], [-82.70573225220245, 40.11516732764135], [-82.70627124137293, 40.11516732764135]]]}, "properties": {"name": "cand47", "ptype": "hall", "confidence": "low", "rank": 47, "area_ha": 1.3, "rise_db": 6.1, "digitised_from": "Sentinel-1 VV rise 2021->2026, orbit 48"}}, {"type": "Feature", "geometry": {"geodesic": false, "type": "Polygon", "coordinates": [[[-82.73250204766921, 40.100973946152266], [-82.73250204766921, 40.10061462003861], [-82.73196305849875, 40.10061462003861], [-82.73196305849875, 40.10043495698179], [-82.7316037323851, 40.10043495698179], [-82.7316037323851, 40.10025529392497], [-82.73124440627146, 40.10025529392497], [-82.73124440627146, 40.10007563086814], [-82.7308850801578, 40.10007563086814], [-82.7308850801578, 40.09989596781132], [-82.73034609098733, 40.09989596781132], [-82.73034609098733, 40.099716304754494], [-82.72998676487369, 40.099716304754494], [-82.72998676487369, 40.099536641697675], [-82.72962743876003, 40.099536641697675], [-82.72962743876003, 40.09989596781132], [-82.72998676487369, 40.09989596781132], [-82.72998676487369, 40.10007563086814], [-82.73052575404415, 40.10007563086814], [-82.73052575404415, 40.10025529392497], [-82.7308850801578, 40.10025529392497], [-82.7308850801578, 40.10043495698179], [-82.73106474321463, 40.10043495698179], [-82.73106474321463, 40.10061462003861], [-82.7316037323851, 40.10061462003861], [-82.7316037323851, 40.10079428309544], [-82.73214272155558, 40.10079428309544], [-82.73214272155558, 40.100973946152266], [-82.73250204766921, 40.100973946152266]]]}, "properties": {"name": "cand48", "ptype": "hall", "confidence": "low", "rank": 48, "area_ha": 1.2, "rise_db": 7.1, "digitised_from": "Sentinel-1 VV rise 2021->2026, orbit 48"}}, {"type": "Feature", "geometry": {"geodesic": false, "type": "Polygon", "coordinates": [[[-82.70357629552056, 40.11606564292547], [-82.70357629552056, 40.115526653755], [-82.70393562163422, 40.115526653755], [-82.70393562163422, 40.11516732764135], [-82.70357629552056, 40.11516732764135], [-82.70357629552056, 40.114987664584525], [-82.70375595857739, 40.114987664584525], [-82.70375595857739, 40.11462833847088], [-82.70321696940692, 40.11462833847088], [-82.70321696940692, 40.114808001527706], [-82.7030373063501, 40.114808001527706], [-82.7030373063501, 40.114987664584525], [-82.70321696940692, 40.114987664584525], [-82.70321696940692, 40.11516732764135], [-82.7030373063501, 40.11516732764135], [-82.7030373063501, 40.115526653755], [-82.70285764329327, 40.115526653755], [-82.70285764329327, 40.11606564292547], [-82.70357629552056, 40.11606564292547]]]}, "properties": {"name": "cand49", "ptype": "hall", "confidence": "low", "rank": 49, "area_ha": 1.2, "rise_db": 5.9, "digitised_from": "Sentinel-1 VV rise 2021->2026, orbit 48"}}, {"type": "Feature", "geometry": {"geodesic": false, "type": "Polygon", "coordinates": [[[-82.71759001395283, 40.09396708693613], [-82.71759001395283, 40.093607760822486], [-82.71830866618014, 40.093607760822486], [-82.71830866618014, 40.09342809776566], [-82.71812900312331, 40.09342809776566], [-82.71812900312331, 40.09324843470883], [-82.71776967700966, 40.09324843470883], [-82.71776967700966, 40.09270944553836], [-82.71723068783919, 40.09270944553836], [-82.71723068783919, 40.09288910859519], [-82.71687136172554, 40.09288910859519], [-82.71687136172554, 40.093068771652014], [-82.71669169866871, 40.093068771652014], [-82.71669169866871, 40.09342809776566], [-82.71705102478236, 40.09342809776566], [-82.71705102478236, 40.09324843470883], [-82.71759001395283, 40.09324843470883], [-82.71759001395283, 40.09342809776566], [-82.71723068783919, 40.09342809776566], [-82.71723068783919, 40.093607760822486], [-82.71705102478236, 40.093607760822486], [-82.71705102478236, 40.093787423879306], [-82.71723068783919, 40.093787423879306], [-82.71723068783919, 40.09396708693613], [-82.71759001395283, 40.09396708693613]]]}, "properties": {"name": "cand50", "ptype": "hall", "confidence": "low", "rank": 50, "area_ha": 1.2, "rise_db": 6.2, "digitised_from": "Sentinel-1 VV rise 2021->2026, orbit 48"}}, {"type": "Feature", "geometry": {"geodesic": false, "type": "Polygon", "coordinates": [[[-82.80724187930797, 40.10905878370934], [-82.80724187930797, 40.108519794538864], [-82.80706221625114, 40.108519794538864], [-82.80706221625114, 40.108340131482045], [-82.80688255319431, 40.108340131482045], [-82.80688255319431, 40.10816046842522], [-82.80670289013749, 40.10816046842522], [-82.80670289013749, 40.10798080536839], [-82.80652322708066, 40.10798080536839], [-82.80652322708066, 40.108340131482045], [-82.80580457485337, 40.108340131482045], [-82.80580457485337, 40.108519794538864], [-82.80562491179654, 40.108519794538864], [-82.80562491179654, 40.10887912065252], [-82.80688255319431, 40.10887912065252], [-82.80688255319431, 40.10905878370934], [-82.80724187930797, 40.10905878370934]]]}, "properties": {"name": "cand51", "ptype": "hall", "confidence": "low", "rank": 51, "area_ha": 1.2, "rise_db": 5.2, "digitised_from": "Sentinel-1 VV rise 2021->2026, orbit 48"}}, {"type": "Feature", "geometry": {"geodesic": false, "type": "Polygon", "coordinates": [[[-82.74471913553324, 40.10528585951604], [-82.74471913553324, 40.10510619645921], [-82.74489879859007, 40.10510619645921], [-82.74489879859007, 40.10492653340239], [-82.74543778776054, 40.10492653340239], [-82.74543778776054, 40.104746870345565], [-82.74525812470371, 40.104746870345565], [-82.74525812470371, 40.10456720728874], [-82.7450784616469, 40.10456720728874], [-82.7450784616469, 40.10438754423192], [-82.74471913553324, 40.10438754423192], [-82.74471913553324, 40.10456720728874], [-82.74418014636277, 40.10456720728874], [-82.74418014636277, 40.10438754423192], [-82.74382082024913, 40.10438754423192], [-82.74382082024913, 40.10492653340239], [-82.74400048330595, 40.10492653340239], [-82.74400048330595, 40.10510619645921], [-82.74418014636277, 40.10510619645921], [-82.74418014636277, 40.10528585951604], [-82.74471913553324, 40.10528585951604]]]}, "properties": {"name": "cand52", "ptype": "hall", "confidence": "low", "rank": 52, "area_ha": 1.2, "rise_db": 6.4, "digitised_from": "Sentinel-1 VV rise 2021->2026, orbit 48"}}, {"type": "Feature", "geometry": {"geodesic": false, "type": "Polygon", "coordinates": [[[-82.79376715004616, 40.11606564292547], [-82.79376715004616, 40.11534699069818], [-82.79358748698934, 40.11534699069818], [-82.79358748698934, 40.11516732764135], [-82.79250950864841, 40.11516732764135], [-82.79250950864841, 40.11534699069818], [-82.79232984559158, 40.11534699069818], [-82.79232984559158, 40.115526653755], [-82.79250950864841, 40.115526653755], [-82.79250950864841, 40.115706316811824], [-82.79304849781887, 40.115706316811824], [-82.79304849781887, 40.115885979868644], [-82.7932281608757, 40.115885979868644], [-82.7932281608757, 40.11606564292547], [-82.79376715004616, 40.11606564292547]]]}, "properties": {"name": "cand53", "ptype": "hall", "confidence": "low", "rank": 53, "area_ha": 1.1, "rise_db": 8.4, "digitised_from": "Sentinel-1 VV rise 2021->2026, orbit 48"}}, {"type": "Feature", "geometry": {"geodesic": false, "type": "Polygon", "coordinates": [[[-82.81029615127397, 40.10582484868651], [-82.81029615127397, 40.10564518562968], [-82.81137412961492, 40.10564518562968], [-82.81137412961492, 40.10528585951604], [-82.81101480350127, 40.10528585951604], [-82.81101480350127, 40.10510619645921], [-82.81065547738761, 40.10510619645921], [-82.81065547738761, 40.10528585951604], [-82.80993682516032, 40.10528585951604], [-82.80993682516032, 40.105465522572864], [-82.80939783598986, 40.105465522572864], [-82.80939783598986, 40.10564518562968], [-82.80921817293303, 40.10564518562968], [-82.80921817293303, 40.10582484868651], [-82.81029615127397, 40.10582484868651]]]}, "properties": {"name": "cand54", "ptype": "hall", "confidence": "low", "rank": 54, "area_ha": 1.1, "rise_db": 8.9, "digitised_from": "Sentinel-1 VV rise 2021->2026, orbit 48"}}, {"type": "Feature", "geometry": {"geodesic": false, "type": "Polygon", "coordinates": [[[-82.77166859405683, 40.06180739976465], [-82.77166859405683, 40.06162773670783], [-82.77184825711365, 40.06162773670783], [-82.77184825711365, 40.06126841059418], [-82.77166859405683, 40.06126841059418], [-82.77166859405683, 40.061088747537354], [-82.77005162654541, 40.061088747537354], [-82.77005162654541, 40.06126841059418], [-82.77023128960224, 40.06126841059418], [-82.77023128960224, 40.06144807365101], [-82.77041095265906, 40.06144807365101], [-82.77041095265906, 40.06126841059418], [-82.77077027877272, 40.06126841059418], [-82.77077027877272, 40.06162773670783], [-82.77094994182953, 40.06162773670783], [-82.77094994182953, 40.06180739976465], [-82.77166859405683, 40.06180739976465]]]}, "properties": {"name": "cand55", "ptype": "hall", "confidence": "low", "rank": 55, "area_ha": 1.0, "rise_db": 8.5, "digitised_from": "Sentinel-1 VV rise 2021->2026, orbit 48"}}, {"type": "Feature", "geometry": {"geodesic": false, "type": "Polygon", "coordinates": [[[-82.69890505604315, 40.07977370544704], [-82.69890505604315, 40.07959404239022], [-82.69908471909997, 40.07959404239022], [-82.69908471909997, 40.0786957271061], [-82.69872539298632, 40.0786957271061], [-82.69872539298632, 40.07887539016292], [-82.69836606687268, 40.07887539016292], [-82.69836606687268, 40.07959404239022], [-82.69800674075903, 40.07959404239022], [-82.69800674075903, 40.07941437933339], [-82.6978270777022, 40.07941437933339], [-82.6978270777022, 40.07977370544704], [-82.69890505604315, 40.07977370544704]]]}, "properties": {"name": "cand56", "ptype": "hall", "confidence": "low", "rank": 56, "area_ha": 1.0, "rise_db": 6.0, "digitised_from": "Sentinel-1 VV rise 2021->2026, orbit 48"}}]}