{"type": "FeatureCollection", "features": [{"type": "Feature", "geometry": {"geodesic": false, "type": "Polygon", "coordinates": [[[107.65859522530405, 35.73318537170633], [107.65859522530405, 35.7330057086495], [107.65841556224723, 35.7330057086495], [107.65841556224723, 35.73282604559268], [107.65859522530405, 35.73282604559268], [107.65859522530405, 35.73210739336538], [107.65877488836088, 35.73210739336538], [107.65877488836088, 35.731927730308556], [107.65859522530405, 35.731927730308556], [107.65859522530405, 35.731748067251736], [107.65805623613358, 35.731748067251736], [107.65805623613358, 35.73156840419491], [107.65733758390628, 35.73156840419491], [107.65733758390628, 35.73138874113808], [107.65661893167899, 35.73138874113808], [107.65661893167899, 35.731209078081264], [107.65625960556534, 35.731209078081264], [107.65625960556534, 35.73102941502444], [107.65572061639487, 35.73102941502444], [107.65572061639487, 35.731209078081264], [107.6559002794517, 35.731209078081264], [107.6559002794517, 35.73156840419491], [107.65607994250851, 35.73156840419491], [107.65607994250851, 35.73210739336538], [107.6559002794517, 35.73210739336538], [107.6559002794517, 35.73228705642221], [107.65482230111076, 35.73228705642221], [107.65482230111076, 35.73210739336538], [107.65464263805393, 35.73210739336538], [107.65464263805393, 35.731748067251736], [107.65482230111076, 35.731748067251736], [107.65482230111076, 35.73156840419491], [107.65500196416757, 35.73156840419491], [107.65500196416757, 35.73084975196762], [107.65482230111076, 35.73084975196762], [107.65482230111076, 35.73102941502444], [107.65428331194028, 35.73102941502444], [107.65428331194028, 35.731209078081264], [107.65410364888345, 35.731209078081264], [107.65410364888345, 35.73156840419491], [107.65392398582664, 35.73156840419491], [107.65392398582664, 35.731748067251736], [107.65374432276981, 35.731748067251736], [107.65374432276981, 35.731927730308556], [107.65356465971298, 35.731927730308556], [107.65356465971298, 35.731748067251736], [107.65338499665616, 35.731748067251736], [107.65338499665616, 35.73138874113808], [107.65320533359933, 35.73138874113808], [107.65320533359933, 35.731748067251736], [107.65266634442887, 35.731748067251736], [107.65266634442887, 35.73156840419491], [107.65248668137204, 35.73156840419491], [107.65248668137204, 35.73138874113808], [107.65266634442887, 35.73138874113808], [107.65266634442887, 35.731209078081264], [107.65320533359933, 35.731209078081264], [107.65320533359933, 35.73102941502444], [107.6530256705425, 35.73102941502444], [107.6530256705425, 35.73084975196762], [107.65320533359933, 35.73084975196762], [107.65320533359933, 35.73067008891079], [107.65338499665616, 35.73067008891079], [107.65338499665616, 35.72995143668349], [107.65356465971298, 35.72995143668349], [107.65356465971298, 35.72977177362667], [107.65374432276981, 35.72977177362667], [107.65374432276981, 35.72959211056985], [107.65392398582664, 35.72959211056985], [107.65392398582664, 35.728873458342555], [107.65410364888345, 35.728873458342555], [107.65410364888345, 35.72941244751302], [107.65428331194028, 35.72941244751302], [107.65428331194028, 35.72977177362667], [107.6544629749971, 35.72977177362667], [107.6544629749971, 35.72995143668349], [107.65482230111076, 35.72995143668349], [107.65482230111076, 35.72977177362667], [107.65536129028122, 35.72977177362667], [107.65536129028122, 35.72995143668349], [107.65554095333805, 35.72995143668349], [107.65554095333805, 35.730310762797146], [107.65697825779263, 35.730310762797146], [107.65697825779263, 35.730490425853965], [107.65733758390628, 35.730490425853965], [107.65733758390628, 35.73067008891079], [107.65751724696311, 35.73067008891079], [107.65751724696311, 35.730490425853965], [107.65769691001994, 35.730490425853965], [107.65769691001994, 35.73067008891079], [107.65787657307676, 35.73067008891079], [107.65787657307676, 35.730310762797146], [107.6582358991904, 35.730310762797146], [107.6582358991904, 35.72995143668349], [107.65805623613358, 35.72995143668349], [107.65805623613358, 35.72977177362667], [107.65769691001994, 35.72977177362667], [107.65769691001994, 35.72959211056985], [107.65751724696311, 35.72959211056985], [107.65751724696311, 35.7292327844562], [107.65769691001994, 35.7292327844562], [107.65769691001994, 35.728873458342555], [107.65787657307676, 35.728873458342555], [107.65787657307676, 35.72869379528573], [107.6589545514177, 35.72869379528573], [107.6589545514177, 35.7285141322289], [107.65913421447452, 35.7285141322289], [107.65913421447452, 35.72869379528573], [107.659673203645, 35.72869379528573], [107.659673203645, 35.7285141322289], [107.65949354058817, 35.7285141322289], [107.65949354058817, 35.72833446917208], [107.65985286670183, 35.72833446917208], [107.65985286670183, 35.728154806115256], [107.66039185587229, 35.728154806115256], [107.66039185587229, 35.72833446917208], [107.66057151892912, 35.72833446917208], [107.66057151892912, 35.72869379528573], [107.66075118198594, 35.72869379528573], [107.66075118198594, 35.7292327844562], [107.66057151892912, 35.7292327844562], [107.66057151892912, 35.72941244751302], [107.66039185587229, 35.72941244751302], [107.66039185587229, 35.72977177362667], [107.66021219281546, 35.72977177362667], [107.66021219281546, 35.730310762797146], [107.66003252975864, 35.730310762797146], [107.66003252975864, 35.73084975196762], [107.659673203645, 35.73084975196762], [107.659673203645, 35.731209078081264], [107.65949354058817, 35.731209078081264], [107.65949354058817, 35.731748067251736], [107.65931387753135, 35.731748067251736], [107.65931387753135, 35.73228705642221], [107.65913421447452, 35.73228705642221], [107.65913421447452, 35.73282604559268], [107.6589545514177, 35.73282604559268], [107.6589545514177, 35.7330057086495], [107.65877488836088, 35.7330057086495], [107.65877488836088, 35.73318537170633], [107.65859522530405, 35.73318537170633]], [[107.66057151892912, 35.728873458342555], [107.66039185587229, 35.728873458342555], [107.66039185587229, 35.72869379528573], [107.66057151892912, 35.72869379528573], [107.66057151892912, 35.728873458342555]], [[107.6551816272244, 35.73084975196762], [107.65500196416757, 35.73084975196762], [107.65500196416757, 35.73067008891079], [107.65482230111076, 35.73067008891079], [107.65482230111076, 35.730310762797146], [107.65500196416757, 35.730310762797146], [107.65500196416757, 35.730490425853965], [107.6551816272244, 35.730490425853965], [107.6551816272244, 35.73084975196762]], [[107.6582358991904, 35.73084975196762], [107.65805623613358, 35.73084975196762], [107.65805623613358, 35.730490425853965], [107.65841556224723, 35.730490425853965], [107.65841556224723, 35.73067008891079], [107.6582358991904, 35.73067008891079], [107.6582358991904, 35.73084975196762]], [[107.65428331194028, 35.73102941502444], [107.65410364888345, 35.73102941502444], [107.65410364888345, 35.73084975196762], [107.65428331194028, 35.73084975196762], [107.65428331194028, 35.73102941502444]]]}, "properties": {"name": "cand01", "ptype": "hall", "confidence": "low", "rank": 1, "area_ha": 18.8, "rise_db": 8.5, "digitised_from": "Sentinel-1 VV rise 2021->2026, orbit 84"}}, {"type": "Feature", "geometry": {"geodesic": false, "type": "Polygon", "coordinates": [[[107.69362952138471, 35.72725649083114], [107.69362952138471, 35.72707682777431], [107.69380918444153, 35.72707682777431], [107.69380918444153, 35.72689716471749], [107.69398884749836, 35.72689716471749], [107.69398884749836, 35.72653783860384], [107.6934498583279, 35.72653783860384], [107.6934498583279, 35.726717501660666], [107.69327019527107, 35.726717501660666], [107.69327019527107, 35.72707682777431], [107.69309053221424, 35.72707682777431], [107.69309053221424, 35.72725649083114], [107.69255154304378, 35.72725649083114], [107.69255154304378, 35.72707682777431], [107.69219221693012, 35.72707682777431], [107.69219221693012, 35.72689716471749], [107.6920125538733, 35.72689716471749], [107.6920125538733, 35.72635817554702], [107.69219221693012, 35.72635817554702], [107.69219221693012, 35.72617851249019], [107.69165322775964, 35.72617851249019], [107.69165322775964, 35.72653783860384], [107.69093457553235, 35.72653783860384], [107.69093457553235, 35.726717501660666], [107.69057524941871, 35.726717501660666], [107.69057524941871, 35.72617851249019], [107.69075491247553, 35.72617851249019], [107.69075491247553, 35.72581918637655], [107.69111423858918, 35.72581918637655], [107.69111423858918, 35.72599884943337], [107.69183289081647, 35.72599884943337], [107.69183289081647, 35.72563952331972], [107.6920125538733, 35.72563952331972], [107.6920125538733, 35.72492087109243], [107.69219221693012, 35.72492087109243], [107.69219221693012, 35.724561544978776], [107.6920125538733, 35.724561544978776], [107.6920125538733, 35.72420221886513], [107.69219221693012, 35.72420221886513], [107.69219221693012, 35.724022555808304], [107.69237187998695, 35.724022555808304], [107.69237187998695, 35.723842892751485], [107.69291086915742, 35.723842892751485], [107.69291086915742, 35.724022555808304], [107.69309053221424, 35.724022555808304], [107.69309053221424, 35.72420221886513], [107.69327019527107, 35.72420221886513], [107.69327019527107, 35.72438188192196], [107.6934498583279, 35.72438188192196], [107.6934498583279, 35.724561544978776], [107.69380918444153, 35.724561544978776], [107.69380918444153, 35.72438188192196], [107.69398884749836, 35.72438188192196], [107.69398884749836, 35.72420221886513], [107.69434817361201, 35.72420221886513], [107.69434817361201, 35.724022555808304], [107.69452783666884, 35.724022555808304], [107.69452783666884, 35.72366322969466], [107.69470749972565, 35.72366322969466], [107.69470749972565, 35.72330390358101], [107.69488716278248, 35.72330390358101], [107.69488716278248, 35.723124240524186], [107.69524648889613, 35.723124240524186], [107.69524648889613, 35.72330390358101], [107.69542615195296, 35.72330390358101], [107.69542615195296, 35.723124240524186], [107.6957854780666, 35.723124240524186], [107.6957854780666, 35.72330390358101], [107.69632446723708, 35.72330390358101], [107.69632446723708, 35.72348356663783], [107.6965041302939, 35.72348356663783], [107.6965041302939, 35.72366322969466], [107.69668379335072, 35.72366322969466], [107.69668379335072, 35.723842892751485], [107.69686345640754, 35.723842892751485], [107.69686345640754, 35.72420221886513], [107.69614480418025, 35.72420221886513], [107.69614480418025, 35.72438188192196], [107.69560581500977, 35.72438188192196], [107.69560581500977, 35.72420221886513], [107.6950668258393, 35.72420221886513], [107.6950668258393, 35.72438188192196], [107.69524648889613, 35.72438188192196], [107.69524648889613, 35.72510053414925], [107.6950668258393, 35.72510053414925], [107.6950668258393, 35.725280197206075], [107.69488716278248, 35.725280197206075], [107.69488716278248, 35.72617851249019], [107.69470749972565, 35.72617851249019], [107.69470749972565, 35.72635817554702], [107.69488716278248, 35.72635817554702], [107.69488716278248, 35.72653783860384], [107.69470749972565, 35.72653783860384], [107.69470749972565, 35.72707682777431], [107.69452783666884, 35.72707682777431], [107.69452783666884, 35.72725649083114], [107.69362952138471, 35.72725649083114]], [[107.69309053221424, 35.726717501660666], [107.69273120610059, 35.726717501660666], [107.69273120610059, 35.72653783860384], [107.69255154304378, 35.72653783860384], [107.69255154304378, 35.72635817554702], [107.69237187998695, 35.72635817554702], [107.69237187998695, 35.72617851249019], [107.69291086915742, 35.72617851249019], [107.69291086915742, 35.72653783860384], [107.69309053221424, 35.72653783860384], [107.69309053221424, 35.726717501660666]]]}, "properties": {"name": "cand02", "ptype": "hall", "confidence": "low", "rank": 2, "area_ha": 13.6, "rise_db": 9.5, "digitised_from": "Sentinel-1 VV rise 2021->2026, orbit 84"}}, {"type": "Feature", "geometry": {"geodesic": false, "type": "Polygon", "coordinates": [[[107.61062518913207, 35.70246298898944], [107.61062518913207, 35.70228332593261], [107.61044552607524, 35.70228332593261], [107.61044552607524, 35.701923999818966], [107.61080485218889, 35.701923999818966], [107.61080485218889, 35.70156467370532], [107.61098451524572, 35.70156467370532], [107.61098451524572, 35.70102568453485], [107.61116417830254, 35.70102568453485], [107.61116417830254, 35.700486695364376], [107.61134384135937, 35.700486695364376], [107.61134384135937, 35.69976804313708], [107.61080485218889, 35.69976804313708], [107.61080485218889, 35.69958838008026], [107.61062518913207, 35.69958838008026], [107.61062518913207, 35.69940871702343], [107.61044552607524, 35.69940871702343], [107.61044552607524, 35.699229053966604], [107.61062518913207, 35.699229053966604], [107.61062518913207, 35.699049390909785], [107.61044552607524, 35.699049390909785], [107.61044552607524, 35.69869006479614], [107.61062518913207, 35.69869006479614], [107.61062518913207, 35.698330738682486], [107.61098451524572, 35.698330738682486], [107.61098451524572, 35.69815107562567], [107.61116417830254, 35.69815107562567], [107.61116417830254, 35.69797141256884], [107.61152350441618, 35.69797141256884], [107.61152350441618, 35.69869006479614], [107.61206249358666, 35.69869006479614], [107.61206249358666, 35.69851040173931], [107.61224215664349, 35.69851040173931], [107.61224215664349, 35.69797141256884], [107.61206249358666, 35.69797141256884], [107.61206249358666, 35.697612086455194], [107.61224215664349, 35.697612086455194], [107.61224215664349, 35.697791749512014], [107.6124218197003, 35.697791749512014], [107.6124218197003, 35.69797141256884], [107.61260148275713, 35.69797141256884], [107.61260148275713, 35.69815107562567], [107.61278114581395, 35.69815107562567], [107.61278114581395, 35.698330738682486], [107.61314047192761, 35.698330738682486], [107.61314047192761, 35.69851040173931], [107.61332013498443, 35.69851040173931], [107.61332013498443, 35.69869006479614], [107.61349979804125, 35.69869006479614], [107.61349979804125, 35.69886972785296], [107.61367946109807, 35.69886972785296], [107.61367946109807, 35.699049390909785], [107.6138591241549, 35.699049390909785], [107.6138591241549, 35.69958838008026], [107.61367946109807, 35.69958838008026], [107.61367946109807, 35.69976804313708], [107.61349979804125, 35.69976804313708], [107.61349979804125, 35.70012736925073], [107.61332013498443, 35.70012736925073], [107.61332013498443, 35.700486695364376], [107.61439811332536, 35.700486695364376], [107.61439811332536, 35.70084602147802], [107.61421845026855, 35.70084602147802], [107.61421845026855, 35.70102568453485], [107.61403878721173, 35.70102568453485], [107.61403878721173, 35.70156467370532], [107.6138591241549, 35.70156467370532], [107.6138591241549, 35.70174433676214], [107.61367946109807, 35.70174433676214], [107.61367946109807, 35.70156467370532], [107.61278114581395, 35.70156467370532], [107.61278114581395, 35.701385010648494], [107.6124218197003, 35.701385010648494], [107.6124218197003, 35.70084602147802], [107.61206249358666, 35.70084602147802], [107.61206249358666, 35.70102568453485], [107.61188283052984, 35.70102568453485], [107.61188283052984, 35.70120534759167], [107.61170316747301, 35.70120534759167], [107.61170316747301, 35.70156467370532], [107.61188283052984, 35.70156467370532], [107.61188283052984, 35.701923999818966], [107.61170316747301, 35.701923999818966], [107.61170316747301, 35.70210366287579], [107.61116417830254, 35.70210366287579], [107.61116417830254, 35.70228332593261], [107.61098451524572, 35.70228332593261], [107.61098451524572, 35.70246298898944], [107.61062518913207, 35.70246298898944]], [[107.6124218197003, 35.7006663584212], [107.61224215664349, 35.7006663584212], [107.61224215664349, 35.700486695364376], [107.6124218197003, 35.700486695364376], [107.6124218197003, 35.7006663584212]], [[107.61332013498443, 35.70102568453485], [107.61314047192761, 35.70102568453485], [107.61314047192761, 35.70084602147802], [107.61332013498443, 35.70084602147802], [107.61332013498443, 35.70102568453485]]]}, "properties": {"name": "cand03", "ptype": "hall", "confidence": "low", "rank": 3, "area_ha": 12.0, "rise_db": 7.1, "digitised_from": "Sentinel-1 VV rise 2021->2026, orbit 84"}}, {"type": "Feature", "geometry": {"geodesic": false, "type": "Polygon", "coordinates": [[[107.63793397376931, 35.71396142462617], [107.63793397376931, 35.713781761569344], [107.63649666931471, 35.713781761569344], [107.63649666931471, 35.71360209851252], [107.63595768014424, 35.71360209851252], [107.63595768014424, 35.7134224354557], [107.63541869097376, 35.7134224354557], [107.63541869097376, 35.71252412017158], [107.63667633237154, 35.71252412017158], [107.63667633237154, 35.71234445711475], [107.63685599542836, 35.71234445711475], [107.63685599542836, 35.71198513100111], [107.63667633237154, 35.71198513100111], [107.63667633237154, 35.711625804887454], [107.63811363682613, 35.711625804887454], [107.63811363682613, 35.71180546794428], [107.63955094128072, 35.71180546794428], [107.63955094128072, 35.71198513100111], [107.63973060433754, 35.71198513100111], [107.63973060433754, 35.71234445711475], [107.6400899304512, 35.71234445711475], [107.6400899304512, 35.71216479405793], [107.64026959350801, 35.71216479405793], [107.64026959350801, 35.71234445711475], [107.64044925656484, 35.71234445711475], [107.64044925656484, 35.712883446285225], [107.64026959350801, 35.712883446285225], [107.64026959350801, 35.713063109342045], [107.6400899304512, 35.713063109342045], [107.6400899304512, 35.71324277239887], [107.63991026739437, 35.71324277239887], [107.63991026739437, 35.7134224354557], [107.63973060433754, 35.7134224354557], [107.63973060433754, 35.71360209851252], [107.63955094128072, 35.71360209851252], [107.63955094128072, 35.713781761569344], [107.6386526259966, 35.713781761569344], [107.6386526259966, 35.71396142462617], [107.63793397376931, 35.71396142462617]], [[107.63811363682613, 35.71234445711475], [107.63793397376931, 35.71234445711475], [107.63793397376931, 35.71216479405793], [107.63811363682613, 35.71216479405793], [107.63811363682613, 35.71234445711475]], [[107.63919161516706, 35.7127037832284], [107.6386526259966, 35.7127037832284], [107.6386526259966, 35.71252412017158], [107.63919161516706, 35.71252412017158], [107.63919161516706, 35.7127037832284]], [[107.63613734320107, 35.71324277239887], [107.63577801708742, 35.71324277239887], [107.63577801708742, 35.712883446285225], [107.63613734320107, 35.712883446285225], [107.63613734320107, 35.71324277239887]]]}, "properties": {"name": "cand04", "ptype": "hall", "confidence": "low", "rank": 4, "area_ha": 9.8, "rise_db": 8.9, "digitised_from": "Sentinel-1 VV rise 2021->2026, orbit 84"}}, {"type": "Feature", "geometry": {"geodesic": false, "type": "Polygon", "coordinates": [[[107.65751724696311, 35.70946984820557], [107.65751724696311, 35.709290185148745], [107.65733758390628, 35.709290185148745], [107.65733758390628, 35.70911052209192], [107.65715792084946, 35.70911052209192], [107.65715792084946, 35.7089308590351], [107.65536129028122, 35.7089308590351], [107.65536129028122, 35.70875119597827], [107.6551816272244, 35.70875119597827], [107.6551816272244, 35.707852880694155], [107.65536129028122, 35.707852880694155], [107.65536129028122, 35.70695456541004], [107.65554095333805, 35.70695456541004], [107.65554095333805, 35.70677490235321], [107.65625960556534, 35.70677490235321], [107.65625960556534, 35.70659523929639], [107.65679859473582, 35.70659523929639], [107.65679859473582, 35.70677490235321], [107.65859522530405, 35.70677490235321], [107.65859522530405, 35.70695456541004], [107.65877488836088, 35.70695456541004], [107.65877488836088, 35.70803254375098], [107.65859522530405, 35.70803254375098], [107.65859522530405, 35.70839186986463], [107.65841556224723, 35.70839186986463], [107.65841556224723, 35.70911052209192], [107.65805623613358, 35.70911052209192], [107.65805623613358, 35.709290185148745], [107.65787657307676, 35.709290185148745], [107.65787657307676, 35.70946984820557], [107.65751724696311, 35.70946984820557]]]}, "properties": {"name": "cand05", "ptype": "hall", "confidence": "low", "rank": 5, "area_ha": 9.6, "rise_db": 12.4, "digitised_from": "Sentinel-1 VV rise 2021->2026, orbit 84"}}, {"type": "Feature", "geometry": {"geodesic": false, "type": "Polygon", "coordinates": [[[107.662727475611, 35.6796457807728], [107.662727475611, 35.679466117715975], [107.6620088233837, 35.679466117715975], [107.6620088233837, 35.679286454659156], [107.66182916032689, 35.679286454659156], [107.66182916032689, 35.67910679160233], [107.66164949727006, 35.67910679160233], [107.66164949727006, 35.67856780243186], [107.66093084504276, 35.67856780243186], [107.66093084504276, 35.67820847631821], [107.66075118198594, 35.67820847631821], [107.66075118198594, 35.677849150204565], [107.66093084504276, 35.677849150204565], [107.66093084504276, 35.67713049797727], [107.66075118198594, 35.67713049797727], [107.66075118198594, 35.67695083492044], [107.66003252975864, 35.67695083492044], [107.66003252975864, 35.67677117186362], [107.65985286670183, 35.67677117186362], [107.65985286670183, 35.676411845749975], [107.66039185587229, 35.676411845749975], [107.66039185587229, 35.676591508806794], [107.66093084504276, 35.676591508806794], [107.66093084504276, 35.67677117186362], [107.66111050809958, 35.67677117186362], [107.66111050809958, 35.67695083492044], [107.66146983421324, 35.67695083492044], [107.66146983421324, 35.67713049797727], [107.662727475611, 35.67713049797727], [107.662727475611, 35.67731016103409], [107.66416478006559, 35.67731016103409], [107.66416478006559, 35.67748982409091], [107.66434444312242, 35.67748982409091], [107.66434444312242, 35.67820847631821], [107.66362579089513, 35.67820847631821], [107.66362579089513, 35.67838813937504], [107.66380545395195, 35.67838813937504], [107.66380545395195, 35.679466117715975], [107.66362579089513, 35.679466117715975], [107.66362579089513, 35.6796457807728], [107.662727475611, 35.6796457807728]]]}, "properties": {"name": "cand06", "ptype": "hall", "confidence": "low", "rank": 6, "area_ha": 8.7, "rise_db": 10.3, "digitised_from": "Sentinel-1 VV rise 2021->2026, orbit 84"}}, {"type": "Feature", "geometry": {"geodesic": false, "type": "Polygon", "coordinates": [[[107.69901941308943, 35.72725649083114], [107.69901941308943, 35.72707682777431], [107.69830076086214, 35.72707682777431], [107.69830076086214, 35.726717501660666], [107.69812109780531, 35.726717501660666], [107.69812109780531, 35.72635817554702], [107.69794143474849, 35.72635817554702], [107.69794143474849, 35.72617851249019], [107.69776177169166, 35.72617851249019], [107.69776177169166, 35.72599884943337], [107.69758210863483, 35.72599884943337], [107.69758210863483, 35.72617851249019], [107.69740244557802, 35.72617851249019], [107.69740244557802, 35.72653783860384], [107.69704311946437, 35.72653783860384], [107.69704311946437, 35.726717501660666], [107.69686345640754, 35.726717501660666], [107.69686345640754, 35.72653783860384], [107.69668379335072, 35.72653783860384], [107.69668379335072, 35.72635817554702], [107.69686345640754, 35.72635817554702], [107.69686345640754, 35.72617851249019], [107.69704311946437, 35.72617851249019], [107.69704311946437, 35.72581918637655], [107.6972227825212, 35.72581918637655], [107.6972227825212, 35.72366322969466], [107.69740244557802, 35.72366322969466], [107.69740244557802, 35.72330390358101], [107.69758210863483, 35.72330390358101], [107.69758210863483, 35.723124240524186], [107.69794143474849, 35.723124240524186], [107.69794143474849, 35.72330390358101], [107.69812109780531, 35.72330390358101], [107.69812109780531, 35.72348356663783], [107.69830076086214, 35.72348356663783], [107.69830076086214, 35.72330390358101], [107.69866008697578, 35.72330390358101], [107.69866008697578, 35.72348356663783], [107.69848042391897, 35.72348356663783], [107.69848042391897, 35.72366322969466], [107.69830076086214, 35.72366322969466], [107.69830076086214, 35.72420221886513], [107.69812109780531, 35.72420221886513], [107.69812109780531, 35.72438188192196], [107.69794143474849, 35.72438188192196], [107.69794143474849, 35.72510053414925], [107.69812109780531, 35.72510053414925], [107.69812109780531, 35.725280197206075], [107.6988397500326, 35.725280197206075], [107.6988397500326, 35.725459860262895], [107.69901941308943, 35.725459860262895], [107.69901941308943, 35.725280197206075], [107.6995584022599, 35.725280197206075], [107.6995584022599, 35.725459860262895], [107.69973806531672, 35.725459860262895], [107.69973806531672, 35.72581918637655], [107.69991772837355, 35.72581918637655], [107.69991772837355, 35.72617851249019], [107.7002770544872, 35.72617851249019], [107.7002770544872, 35.725459860262895], [107.70063638060084, 35.725459860262895], [107.70063638060084, 35.72563952331972], [107.70081604365767, 35.72563952331972], [107.70081604365767, 35.725459860262895], [107.7009957067145, 35.725459860262895], [107.7009957067145, 35.72581918637655], [107.70081604365767, 35.72581918637655], [107.70081604365767, 35.72653783860384], [107.70063638060084, 35.72653783860384], [107.70063638060084, 35.726717501660666], [107.70009739143038, 35.726717501660666], [107.70009739143038, 35.72689716471749], [107.6995584022599, 35.72689716471749], [107.6995584022599, 35.72707682777431], [107.69937873920308, 35.72707682777431], [107.69937873920308, 35.72725649083114], [107.69901941308943, 35.72725649083114]]]}, "properties": {"name": "cand07", "ptype": "hall", "confidence": "low", "rank": 7, "area_ha": 8.6, "rise_db": 7.7, "digitised_from": "Sentinel-1 VV rise 2021->2026, orbit 84"}}, {"type": "Feature", "geometry": {"geodesic": false, "type": "Polygon", "coordinates": [[[107.67602254181597, 35.736958295899626], [107.67602254181597, 35.73677863284281], [107.67530388958868, 35.73677863284281], [107.67530388958868, 35.73659896978598], [107.67512422653185, 35.73659896978598], [107.67512422653185, 35.736419306729154], [107.67494456347502, 35.736419306729154], [107.67494456347502, 35.736239643672334], [107.6747649004182, 35.736239643672334], [107.6747649004182, 35.73588031755868], [107.67458523736138, 35.73588031755868], [107.67458523736138, 35.73570065450186], [107.67422591124773, 35.73570065450186], [107.67422591124773, 35.73588031755868], [107.67350725902044, 35.73588031755868], [107.67350725902044, 35.735520991445036], [107.67332759596361, 35.735520991445036], [107.67332759596361, 35.73534132838821], [107.67350725902044, 35.73534132838821], [107.67350725902044, 35.73516166533139], [107.67332759596361, 35.73516166533139], [107.67332759596361, 35.73498200227456], [107.67350725902044, 35.73498200227456], [107.67350725902044, 35.73462267616092], [107.67368692207727, 35.73462267616092], [107.67368692207727, 35.73426335004727], [107.67386658513408, 35.73426335004727], [107.67386658513408, 35.734083686990445], [107.6740462481909, 35.734083686990445], [107.6740462481909, 35.73390402393362], [107.67422591124773, 35.73390402393362], [107.67422591124773, 35.7337243608768], [107.67458523736138, 35.7337243608768], [107.67458523736138, 35.733365034763146], [107.67440557430456, 35.733365034763146], [107.67440557430456, 35.73318537170633], [107.67422591124773, 35.73318537170633], [107.67422591124773, 35.7330057086495], [107.67440557430456, 35.7330057086495], [107.67440557430456, 35.73282604559268], [107.67494456347502, 35.73282604559268], [107.67494456347502, 35.7330057086495], [107.67512422653185, 35.7330057086495], [107.67512422653185, 35.733365034763146], [107.6754835526455, 35.733365034763146], [107.6754835526455, 35.7337243608768], [107.67494456347502, 35.7337243608768], [107.67494456347502, 35.73390402393362], [107.6747649004182, 35.73390402393362], [107.6747649004182, 35.73444301310409], [107.67494456347502, 35.73444301310409], [107.67494456347502, 35.73462267616092], [107.67512422653185, 35.73462267616092], [107.67512422653185, 35.734802339217744], [107.67530388958868, 35.734802339217744], [107.67530388958868, 35.73390402393362], [107.67566321570233, 35.73390402393362], [107.67566321570233, 35.73354469781997], [107.6762022048728, 35.73354469781997], [107.6762022048728, 35.734083686990445], [107.67602254181597, 35.734083686990445], [107.67602254181597, 35.73462267616092], [107.67584287875914, 35.73462267616092], [107.67584287875914, 35.734802339217744], [107.67530388958868, 35.734802339217744], [107.67530388958868, 35.73498200227456], [107.6754835526455, 35.73498200227456], [107.6754835526455, 35.73516166533139], [107.67602254181597, 35.73516166533139], [107.67602254181597, 35.73534132838821], [107.6762022048728, 35.73534132838821], [107.6762022048728, 35.735520991445036], [107.67638186792962, 35.735520991445036], [107.67638186792962, 35.736239643672334], [107.67674119404326, 35.736239643672334], [107.67674119404326, 35.736419306729154], [107.67692085710009, 35.736419306729154], [107.67692085710009, 35.73677863284281], [107.67674119404326, 35.73677863284281], [107.67674119404326, 35.736958295899626], [107.67602254181597, 35.736958295899626]], [[107.67530388958868, 35.73570065450186], [107.67512422653185, 35.73570065450186], [107.67512422653185, 35.735520991445036], [107.67530388958868, 35.735520991445036], [107.67530388958868, 35.73570065450186]], [[107.6754835526455, 35.73588031755868], [107.67530388958868, 35.73588031755868], [107.67530388958868, 35.73570065450186], [107.6754835526455, 35.73570065450186], [107.6754835526455, 35.73588031755868]], [[107.67530388958868, 35.736239643672334], [107.67512422653185, 35.736239643672334], [107.67512422653185, 35.73605998061551], [107.67530388958868, 35.73605998061551], [107.67530388958868, 35.736239643672334]]]}, "properties": {"name": "cand08", "ptype": "hall", "confidence": "low", "rank": 8, "area_ha": 8.5, "rise_db": 8.0, "digitised_from": "Sentinel-1 VV rise 2021->2026, orbit 84"}}, {"type": "Feature", "geometry": {"geodesic": false, "type": "Polygon", "coordinates": [[[107.62913048398494, 35.71503940296711], [107.62913048398494, 35.71485973991029], [107.62895082092811, 35.71485973991029], [107.62895082092811, 35.71468007685346], [107.62913048398494, 35.71468007685346], [107.62913048398494, 35.71450041379664], [107.62931014704175, 35.71450041379664], [107.62931014704175, 35.71324277239887], [107.62913048398494, 35.71324277239887], [107.62913048398494, 35.713063109342045], [107.62895082092811, 35.713063109342045], [107.62895082092811, 35.712883446285225], [107.62877115787128, 35.712883446285225], [107.62877115787128, 35.7127037832284], [107.62841183175763, 35.7127037832284], [107.62841183175763, 35.71252412017158], [107.62823216870082, 35.71252412017158], [107.62823216870082, 35.71216479405793], [107.62841183175763, 35.71216479405793], [107.62841183175763, 35.71198513100111], [107.62859149481446, 35.71198513100111], [107.62859149481446, 35.711625804887454], [107.62877115787128, 35.711625804887454], [107.62877115787128, 35.711446141830635], [107.62913048398494, 35.711446141830635], [107.62913048398494, 35.711625804887454], [107.62931014704175, 35.711625804887454], [107.62931014704175, 35.71180546794428], [107.62984913621223, 35.71180546794428], [107.62984913621223, 35.71108681571698], [107.63002879926906, 35.71108681571698], [107.63002879926906, 35.71090715266016], [107.63020846232588, 35.71090715266016], [107.63020846232588, 35.711625804887454], [107.6303881253827, 35.711625804887454], [107.6303881253827, 35.71180546794428], [107.63074745149635, 35.71180546794428], [107.63074745149635, 35.711625804887454], [107.63092711455317, 35.711625804887454], [107.63092711455317, 35.71180546794428], [107.63110677761, 35.71180546794428], [107.63110677761, 35.71198513100111], [107.63128644066681, 35.71198513100111], [107.63128644066681, 35.71252412017158], [107.63110677761, 35.71252412017158], [107.63110677761, 35.712883446285225], [107.63056778843952, 35.712883446285225], [107.63056778843952, 35.713063109342045], [107.63020846232588, 35.713063109342045], [107.63020846232588, 35.712883446285225], [107.6296694731554, 35.712883446285225], [107.6296694731554, 35.71324277239887], [107.63002879926906, 35.71324277239887], [107.63002879926906, 35.71396142462617], [107.63020846232588, 35.71396142462617], [107.63020846232588, 35.714320750739816], [107.63002879926906, 35.714320750739816], [107.63002879926906, 35.71450041379664], [107.62984913621223, 35.71450041379664], [107.62984913621223, 35.71468007685346], [107.6296694731554, 35.71468007685346], [107.6296694731554, 35.71485973991029], [107.62948981009858, 35.71485973991029], [107.62948981009858, 35.71503940296711], [107.62913048398494, 35.71503940296711]]]}, "properties": {"name": "cand09", "ptype": "hall", "confidence": "low", "rank": 9, "area_ha": 6.3, "rise_db": 7.6, "digitised_from": "Sentinel-1 VV rise 2021->2026, orbit 84"}}, {"type": "Feature", "geometry": {"geodesic": false, "type": "Polygon", "coordinates": [[[107.64943240940603, 35.68844927055717], [107.64943240940603, 35.68826960750035], [107.64907308329238, 35.68826960750035], [107.64907308329238, 35.688089944443526], [107.64871375717874, 35.688089944443526], [107.64871375717874, 35.68773061832988], [107.64889342023557, 35.68773061832988], [107.64889342023557, 35.68755095527305], [107.64907308329238, 35.68755095527305], [107.64907308329238, 35.68737129221623], [107.64871375717874, 35.68737129221623], [107.64871375717874, 35.68719162915941], [107.64835443106509, 35.68719162915941], [107.64835443106509, 35.68701196610258], [107.64799510495145, 35.68701196610258], [107.64799510495145, 35.68683230304576], [107.64781544189462, 35.68683230304576], [107.64781544189462, 35.68647297693211], [107.64853409412191, 35.68647297693211], [107.64853409412191, 35.685933987761636], [107.64835443106509, 35.685933987761636], [107.64835443106509, 35.68575432470482], [107.64853409412191, 35.68575432470482], [107.64853409412191, 35.685933987761636], [107.64907308329238, 35.685933987761636], [107.64907308329238, 35.68611365081846], [107.6492527463492, 35.68611365081846], [107.6492527463492, 35.685933987761636], [107.64997139857651, 35.685933987761636], [107.64997139857651, 35.68611365081846], [107.65015106163332, 35.68611365081846], [107.65015106163332, 35.685933987761636], [107.65051038774698, 35.685933987761636], [107.65051038774698, 35.68575432470482], [107.6506900508038, 35.68575432470482], [107.6506900508038, 35.68611365081846], [107.65051038774698, 35.68611365081846], [107.65051038774698, 35.68647297693211], [107.6506900508038, 35.68647297693211], [107.6506900508038, 35.68701196610258], [107.65051038774698, 35.68701196610258], [107.65051038774698, 35.68719162915941], [107.6506900508038, 35.68719162915941], [107.6506900508038, 35.68773061832988], [107.65051038774698, 35.68773061832988], [107.65051038774698, 35.688089944443526], [107.65033072469015, 35.688089944443526], [107.65033072469015, 35.68826960750035], [107.64961207246286, 35.68826960750035], [107.64961207246286, 35.68844927055717], [107.64943240940603, 35.68844927055717]]]}, "properties": {"name": "cand10", "ptype": "hall", "confidence": "low", "rank": 10, "area_ha": 6.0, "rise_db": 8.4, "digitised_from": "Sentinel-1 VV rise 2021->2026, orbit 84"}}, {"type": "Feature", "geometry": {"geodesic": false, "type": "Polygon", "coordinates": [[[107.7002770544872, 35.73444301310409], [107.7002770544872, 35.73426335004727], [107.70009739143038, 35.73426335004727], [107.70009739143038, 35.734083686990445], [107.69991772837355, 35.734083686990445], [107.69991772837355, 35.7337243608768], [107.70063638060084, 35.7337243608768], [107.70063638060084, 35.73354469781997], [107.70081604365767, 35.73354469781997], [107.70081604365767, 35.7330057086495], [107.70063638060084, 35.7330057086495], [107.70063638060084, 35.73282604559268], [107.70081604365767, 35.73282604559268], [107.70081604365767, 35.732646382535854], [107.7009957067145, 35.732646382535854], [107.7009957067145, 35.73246671947903], [107.70135503282815, 35.73246671947903], [107.70135503282815, 35.73210739336538], [107.70153469588496, 35.73210739336538], [107.70153469588496, 35.731927730308556], [107.70171435894179, 35.731927730308556], [107.70171435894179, 35.731748067251736], [107.70153469588496, 35.731748067251736], [107.70153469588496, 35.73156840419491], [107.7009957067145, 35.73156840419491], [107.7009957067145, 35.731209078081264], [107.70189402199861, 35.731209078081264], [107.70189402199861, 35.73138874113808], [107.70207368505544, 35.73138874113808], [107.70207368505544, 35.73156840419491], [107.70279233728273, 35.73156840419491], [107.70279233728273, 35.731927730308556], [107.70297200033956, 35.731927730308556], [107.70297200033956, 35.73228705642221], [107.70279233728273, 35.73228705642221], [107.70279233728273, 35.732646382535854], [107.7026126742259, 35.732646382535854], [107.7026126742259, 35.733365034763146], [107.70243301116909, 35.733365034763146], [107.70243301116909, 35.7337243608768], [107.70225334811227, 35.7337243608768], [107.70225334811227, 35.73390402393362], [107.70207368505544, 35.73390402393362], [107.70207368505544, 35.734083686990445], [107.70171435894179, 35.734083686990445], [107.70171435894179, 35.73390402393362], [107.70153469588496, 35.73390402393362], [107.70153469588496, 35.734083686990445], [107.70117536977132, 35.734083686990445], [107.70117536977132, 35.73426335004727], [107.70045671754403, 35.73426335004727], [107.70045671754403, 35.73444301310409], [107.7002770544872, 35.73444301310409]], [[107.70117536977132, 35.73282604559268], [107.7009957067145, 35.73282604559268], [107.7009957067145, 35.732646382535854], [107.70117536977132, 35.732646382535854], [107.70117536977132, 35.73282604559268]]]}, "properties": {"name": "cand11", "ptype": "hall", "confidence": "low", "rank": 11, "area_ha": 6.0, "rise_db": 8.1, "digitised_from": "Sentinel-1 VV rise 2021->2026, orbit 84"}}, {"type": "Feature", "geometry": {"geodesic": false, "type": "Polygon", "coordinates": [[[107.69830076086214, 35.73857526341104], [107.69830076086214, 35.73839560035422], [107.69812109780531, 35.73839560035422], [107.69812109780531, 35.737676948126925], [107.69776177169166, 35.737676948126925], [107.69776177169166, 35.7374972850701], [107.69758210863483, 35.7374972850701], [107.69758210863483, 35.73731762201327], [107.6972227825212, 35.73731762201327], [107.6972227825212, 35.736239643672334], [107.69740244557802, 35.736239643672334], [107.69740244557802, 35.73605998061551], [107.69758210863483, 35.73605998061551], [107.69758210863483, 35.73659896978598], [107.69794143474849, 35.73659896978598], [107.69794143474849, 35.73570065450186], [107.69812109780531, 35.73570065450186], [107.69812109780531, 35.73534132838821], [107.69830076086214, 35.73534132838821], [107.69830076086214, 35.73516166533139], [107.69848042391897, 35.73516166533139], [107.69848042391897, 35.73498200227456], [107.6988397500326, 35.73498200227456], [107.6988397500326, 35.73516166533139], [107.69901941308943, 35.73516166533139], [107.69901941308943, 35.735520991445036], [107.69919907614626, 35.735520991445036], [107.69919907614626, 35.73588031755868], [107.69937873920308, 35.73588031755868], [107.69937873920308, 35.73605998061551], [107.69919907614626, 35.73605998061551], [107.69919907614626, 35.736239643672334], [107.69901941308943, 35.736239643672334], [107.69901941308943, 35.736419306729154], [107.6988397500326, 35.736419306729154], [107.6988397500326, 35.73677863284281], [107.69901941308943, 35.73677863284281], [107.69901941308943, 35.736958295899626], [107.6988397500326, 35.736958295899626], [107.6988397500326, 35.73713795895645], [107.69866008697578, 35.73713795895645], [107.69866008697578, 35.7374972850701], [107.6988397500326, 35.7374972850701], [107.6988397500326, 35.737676948126925], [107.69901941308943, 35.737676948126925], [107.69901941308943, 35.737856611183744], [107.69919907614626, 35.737856611183744], [107.69919907614626, 35.7382159372974], [107.69901941308943, 35.7382159372974], [107.69901941308943, 35.73839560035422], [107.6988397500326, 35.73839560035422], [107.6988397500326, 35.73857526341104], [107.69830076086214, 35.73857526341104]]]}, "properties": {"name": "cand12", "ptype": "hall", "confidence": "low", "rank": 12, "area_ha": 5.1, "rise_db": 9.1, "digitised_from": "Sentinel-1 VV rise 2021->2026, orbit 84"}}, {"type": "Feature", "geometry": {"geodesic": false, "type": "Polygon", "coordinates": [[[107.6214049725415, 35.76498573276416], [107.6214049725415, 35.76480606970733], [107.62104564642786, 35.76480606970733], [107.62104564642786, 35.76462640665051], [107.61996766808691, 35.76462640665051], [107.61996766808691, 35.76444674359369], [107.61978800503009, 35.76444674359369], [107.61978800503009, 35.76426708053686], [107.61960834197326, 35.76426708053686], [107.61960834197326, 35.763907754423215], [107.61978800503009, 35.763907754423215], [107.61978800503009, 35.76426708053686], [107.62014733114374, 35.76426708053686], [107.62014733114374, 35.764087417480035], [107.62032699420057, 35.764087417480035], [107.62032699420057, 35.76372809136639], [107.6206863203142, 35.76372809136639], [107.6206863203142, 35.76336876525274], [107.62104564642786, 35.76336876525274], [107.62104564642786, 35.763907754423215], [107.62194396171198, 35.763907754423215], [107.62194396171198, 35.76372809136639], [107.6214049725415, 35.76372809136639], [107.6214049725415, 35.76336876525274], [107.62158463559832, 35.76336876525274], [107.62158463559832, 35.763189102195916], [107.62176429865515, 35.763189102195916], [107.62176429865515, 35.7630094391391], [107.62230328782563, 35.7630094391391], [107.62230328782563, 35.76282977608227], [107.6221236247688, 35.76282977608227], [107.6221236247688, 35.762650113025444], [107.62194396171198, 35.762650113025444], [107.62194396171198, 35.762470449968625], [107.62266261393927, 35.762470449968625], [107.62266261393927, 35.762650113025444], [107.6228422769961, 35.762650113025444], [107.6228422769961, 35.7630094391391], [107.62230328782563, 35.7630094391391], [107.62230328782563, 35.763189102195916], [107.62248295088244, 35.763189102195916], [107.62248295088244, 35.76336876525274], [107.62266261393927, 35.76336876525274], [107.62266261393927, 35.76372809136639], [107.6228422769961, 35.76372809136639], [107.6228422769961, 35.764087417480035], [107.62266261393927, 35.764087417480035], [107.62266261393927, 35.76480606970733], [107.62248295088244, 35.76480606970733], [107.62248295088244, 35.76498573276416], [107.6214049725415, 35.76498573276416]]]}, "properties": {"name": "cand13", "ptype": "hall", "confidence": "low", "rank": 13, "area_ha": 4.9, "rise_db": 7.3, "digitised_from": "Sentinel-1 VV rise 2021->2026, orbit 84"}}, {"type": "Feature", "geometry": {"geodesic": false, "type": "Polygon", "coordinates": [[[107.69470749972565, 35.734083686990445], [107.69470749972565, 35.733365034763146], [107.69488716278248, 35.733365034763146], [107.69488716278248, 35.73282604559268], [107.69470749972565, 35.73282604559268], [107.69470749972565, 35.73246671947903], [107.69452783666884, 35.73246671947903], [107.69452783666884, 35.73210739336538], [107.69470749972565, 35.73210739336538], [107.69470749972565, 35.731927730308556], [107.69488716278248, 35.731927730308556], [107.69488716278248, 35.731748067251736], [107.6950668258393, 35.731748067251736], [107.6950668258393, 35.73138874113808], [107.69524648889613, 35.73138874113808], [107.69524648889613, 35.73102941502444], [107.69542615195296, 35.73102941502444], [107.69542615195296, 35.72959211056985], [107.69560581500977, 35.72959211056985], [107.69560581500977, 35.7292327844562], [107.6957854780666, 35.7292327844562], [107.6957854780666, 35.729053121399375], [107.69596514112342, 35.729053121399375], [107.69596514112342, 35.7292327844562], [107.69614480418025, 35.7292327844562], [107.69614480418025, 35.72977177362667], [107.69632446723708, 35.72977177362667], [107.69632446723708, 35.72995143668349], [107.6965041302939, 35.72995143668349], [107.6965041302939, 35.730310762797146], [107.69632446723708, 35.730310762797146], [107.69632446723708, 35.73067008891079], [107.69614480418025, 35.73067008891079], [107.69614480418025, 35.73084975196762], [107.69596514112342, 35.73084975196762], [107.69596514112342, 35.73102941502444], [107.6957854780666, 35.73102941502444], [107.6957854780666, 35.73156840419491], [107.69596514112342, 35.73156840419491], [107.69596514112342, 35.731748067251736], [107.69614480418025, 35.731748067251736], [107.69614480418025, 35.73246671947903], [107.6957854780666, 35.73246671947903], [107.6957854780666, 35.732646382535854], [107.69560581500977, 35.732646382535854], [107.69560581500977, 35.73282604559268], [107.69542615195296, 35.73282604559268], [107.69542615195296, 35.7330057086495], [107.69524648889613, 35.7330057086495], [107.69524648889613, 35.73354469781997], [107.6950668258393, 35.73354469781997], [107.6950668258393, 35.734083686990445], [107.69470749972565, 35.734083686990445]]]}, "properties": {"name": "cand14", "ptype": "hall", "confidence": "low", "rank": 14, "area_ha": 4.8, "rise_db": 8.7, "digitised_from": "Sentinel-1 VV rise 2021->2026, orbit 84"}}, {"type": "Feature", "geometry": {"geodesic": false, "type": "Polygon", "coordinates": [[[107.6454798221559, 35.70731389152368], [107.6454798221559, 35.707134228466856], [107.64476116992861, 35.707134228466856], [107.64476116992861, 35.70659523929639], [107.64494083298544, 35.70659523929639], [107.64494083298544, 35.706415576239564], [107.64458150687179, 35.706415576239564], [107.64458150687179, 35.70623591318274], [107.64440184381496, 35.70623591318274], [107.64440184381496, 35.706415576239564], [107.64422218075813, 35.706415576239564], [107.64422218075813, 35.70695456541004], [107.64368319158767, 35.70695456541004], [107.64368319158767, 35.70659523929639], [107.6438628546445, 35.70659523929639], [107.6438628546445, 35.705696924012265], [107.64368319158767, 35.705696924012265], [107.64368319158767, 35.70515793484179], [107.6438628546445, 35.70515793484179], [107.6438628546445, 35.70533759789862], [107.64583914826956, 35.70533759789862], [107.64583914826956, 35.705517260955446], [107.64601881132639, 35.705517260955446], [107.64601881132639, 35.705696924012265], [107.64583914826956, 35.705696924012265], [107.64583914826956, 35.70587658706909], [107.64565948521273, 35.70587658706909], [107.64565948521273, 35.70623591318274], [107.64583914826956, 35.70623591318274], [107.64583914826956, 35.70605625012592], [107.64655780049685, 35.70605625012592], [107.64655780049685, 35.70623591318274], [107.64637813744002, 35.70623591318274], [107.64637813744002, 35.706415576239564], [107.6461984743832, 35.706415576239564], [107.6461984743832, 35.70659523929639], [107.64601881132639, 35.70659523929639], [107.64601881132639, 35.70677490235321], [107.6461984743832, 35.70677490235321], [107.6461984743832, 35.70695456541004], [107.64637813744002, 35.70695456541004], [107.64637813744002, 35.70731389152368], [107.6454798221559, 35.70731389152368]], [[107.64530015909908, 35.70659523929639], [107.64512049604225, 35.70659523929639], [107.64512049604225, 35.706415576239564], [107.64530015909908, 35.706415576239564], [107.64530015909908, 35.70659523929639]], [[107.64565948521273, 35.70677490235321], [107.6454798221559, 35.70677490235321], [107.6454798221559, 35.70623591318274], [107.64565948521273, 35.70623591318274], [107.64565948521273, 35.70677490235321]]]}, "properties": {"name": "cand15", "ptype": "hall", "confidence": "low", "rank": 15, "area_ha": 4.6, "rise_db": 8.2, "digitised_from": "Sentinel-1 VV rise 2021->2026, orbit 84"}}, {"type": "Feature", "geometry": {"geodesic": false, "type": "Polygon", "coordinates": [[[107.63020846232588, 35.688988259727644], [107.63020846232588, 35.688808596670825], [107.63002879926906, 35.688808596670825], [107.63002879926906, 35.688628933614], [107.62984913621223, 35.688628933614], [107.62984913621223, 35.68844927055717], [107.63002879926906, 35.68844927055717], [107.63002879926906, 35.68826960750035], [107.63020846232588, 35.68826960750035], [107.63020846232588, 35.68773061832988], [107.63002879926906, 35.68773061832988], [107.63002879926906, 35.68755095527305], [107.62984913621223, 35.68755095527305], [107.62984913621223, 35.68737129221623], [107.6296694731554, 35.68737129221623], [107.6296694731554, 35.68683230304576], [107.62984913621223, 35.68683230304576], [107.62984913621223, 35.686652639988935], [107.63002879926906, 35.686652639988935], [107.63002879926906, 35.68647297693211], [107.63020846232588, 35.68647297693211], [107.63020846232588, 35.68611365081846], [107.6303881253827, 35.68611365081846], [107.6303881253827, 35.685933987761636], [107.63092711455317, 35.685933987761636], [107.63092711455317, 35.68611365081846], [107.63128644066681, 35.68611365081846], [107.63128644066681, 35.68683230304576], [107.63164576678047, 35.68683230304576], [107.63164576678047, 35.68719162915941], [107.63182542983729, 35.68719162915941], [107.63182542983729, 35.68737129221623], [107.63164576678047, 35.68737129221623], [107.63164576678047, 35.68755095527305], [107.63146610372364, 35.68755095527305], [107.63146610372364, 35.68773061832988], [107.63128644066681, 35.68773061832988], [107.63128644066681, 35.688089944443526], [107.63110677761, 35.688089944443526], [107.63110677761, 35.68826960750035], [107.63074745149635, 35.68826960750035], [107.63074745149635, 35.688808596670825], [107.6303881253827, 35.688808596670825], [107.6303881253827, 35.688988259727644], [107.63020846232588, 35.688988259727644]], [[107.63110677761, 35.6879102813867], [107.63074745149635, 35.6879102813867], [107.63074745149635, 35.68773061832988], [107.63092711455317, 35.68773061832988], [107.63092711455317, 35.68755095527305], [107.63110677761, 35.68755095527305], [107.63110677761, 35.6879102813867]]]}, "properties": {"name": "cand16", "ptype": "hall", "confidence": "low", "rank": 16, "area_ha": 4.4, "rise_db": 9.1, "digitised_from": "Sentinel-1 VV rise 2021->2026, orbit 84"}}, {"type": "Feature", "geometry": {"geodesic": false, "type": "Polygon", "coordinates": [[[107.62769317953034, 35.75474493852519], [107.62769317953034, 35.754385612411546], [107.62751351647351, 35.754385612411546], [107.62751351647351, 35.75420594935472], [107.62733385341669, 35.75420594935472], [107.62733385341669, 35.7540262862979], [107.6266152011894, 35.7540262862979], [107.6266152011894, 35.75366696018425], [107.62715419035987, 35.75366696018425], [107.62715419035987, 35.7533076340706], [107.62697452730305, 35.7533076340706], [107.62697452730305, 35.75312797101378], [107.62679486424622, 35.75312797101378], [107.62679486424622, 35.752948307956956], [107.62697452730305, 35.752948307956956], [107.62697452730305, 35.75258898184331], [107.62715419035987, 35.75258898184331], [107.62715419035987, 35.75276864490013], [107.62733385341669, 35.75276864490013], [107.62733385341669, 35.752948307956956], [107.62751351647351, 35.752948307956956], [107.62751351647351, 35.75312797101378], [107.62769317953034, 35.75312797101378], [107.62769317953034, 35.7533076340706], [107.62787284258717, 35.7533076340706], [107.62787284258717, 35.75348729712743], [107.62805250564399, 35.75348729712743], [107.62805250564399, 35.7533076340706], [107.62823216870082, 35.7533076340706], [107.62823216870082, 35.75312797101378], [107.62913048398494, 35.75312797101378], [107.62913048398494, 35.752948307956956], [107.62895082092811, 35.752948307956956], [107.62895082092811, 35.75276864490013], [107.62859149481446, 35.75276864490013], [107.62859149481446, 35.75240931878648], [107.62895082092811, 35.75240931878648], [107.62895082092811, 35.75258898184331], [107.6296694731554, 35.75258898184331], [107.6296694731554, 35.75312797101378], [107.62948981009858, 35.75312797101378], [107.62948981009858, 35.75348729712743], [107.62931014704175, 35.75348729712743], [107.62931014704175, 35.75366696018425], [107.62913048398494, 35.75366696018425], [107.62913048398494, 35.754385612411546], [107.62859149481446, 35.754385612411546], [107.62859149481446, 35.75456527546837], [107.62823216870082, 35.75456527546837], [107.62823216870082, 35.75474493852519], [107.62769317953034, 35.75474493852519]], [[107.62859149481446, 35.7540262862979], [107.62823216870082, 35.7540262862979], [107.62823216870082, 35.75348729712743], [107.62859149481446, 35.75348729712743], [107.62859149481446, 35.75366696018425], [107.62877115787128, 35.75366696018425], [107.62877115787128, 35.753846623241074], [107.62859149481446, 35.753846623241074], [107.62859149481446, 35.7540262862979]]]}, "properties": {"name": "cand17", "ptype": "hall", "confidence": "low", "rank": 17, "area_ha": 4.2, "rise_db": 6.0, "digitised_from": "Sentinel-1 VV rise 2021->2026, orbit 84"}}, {"type": "Feature", "geometry": {"geodesic": false, "type": "Polygon", "coordinates": [[[107.63829329988295, 35.71989030550136], [107.63829329988295, 35.71971064244453], [107.63811363682613, 35.71971064244453], [107.63811363682613, 35.719530979387706], [107.63757464765565, 35.719530979387706], [107.63757464765565, 35.71971064244453], [107.637215321542, 35.71971064244453], [107.637215321542, 35.719530979387706], [107.63649666931471, 35.719530979387706], [107.63649666931471, 35.71935131633089], [107.63631700625788, 35.71935131633089], [107.63631700625788, 35.71899199021724], [107.63649666931471, 35.71899199021724], [107.63649666931471, 35.718812327160414], [107.63667633237154, 35.718812327160414], [107.63667633237154, 35.71863266410359], [107.63739498459883, 35.71863266410359], [107.63739498459883, 35.718812327160414], [107.63757464765565, 35.718812327160414], [107.63757464765565, 35.71917165327406], [107.63793397376931, 35.71917165327406], [107.63793397376931, 35.71863266410359], [107.63811363682613, 35.71863266410359], [107.63811363682613, 35.71827333798994], [107.63829329988295, 35.71827333798994], [107.63829329988295, 35.718093674933115], [107.63847296293977, 35.718093674933115], [107.63847296293977, 35.717914011876296], [107.63901195211025, 35.717914011876296], [107.63901195211025, 35.71845300104677], [107.63919161516706, 35.71845300104677], [107.63919161516706, 35.71935131633089], [107.63901195211025, 35.71935131633089], [107.63901195211025, 35.719530979387706], [107.63883228905343, 35.719530979387706], [107.63883228905343, 35.71971064244453], [107.6386526259966, 35.71971064244453], [107.6386526259966, 35.71989030550136], [107.63829329988295, 35.71989030550136]]]}, "properties": {"name": "cand18", "ptype": "hall", "confidence": "low", "rank": 18, "area_ha": 3.8, "rise_db": 10.3, "digitised_from": "Sentinel-1 VV rise 2021->2026, orbit 84"}}, {"type": "Feature", "geometry": {"geodesic": false, "type": "Polygon", "coordinates": [[[107.61278114581395, 35.76444674359369], [107.61278114581395, 35.76426708053686], [107.6124218197003, 35.76426708053686], [107.6124218197003, 35.763907754423215], [107.61224215664349, 35.763907754423215], [107.61224215664349, 35.76372809136639], [107.61188283052984, 35.76372809136639], [107.61188283052984, 35.76336876525274], [107.61206249358666, 35.76336876525274], [107.61206249358666, 35.763189102195916], [107.61224215664349, 35.763189102195916], [107.61224215664349, 35.7630094391391], [107.61206249358666, 35.7630094391391], [107.61206249358666, 35.762650113025444], [107.61224215664349, 35.762650113025444], [107.61224215664349, 35.762470449968625], [107.6124218197003, 35.762470449968625], [107.6124218197003, 35.76193146079815], [107.61260148275713, 35.76193146079815], [107.61260148275713, 35.761751797741326], [107.61296080887078, 35.761751797741326], [107.61296080887078, 35.76193146079815], [107.61332013498443, 35.76193146079815], [107.61332013498443, 35.76211112385497], [107.61349979804125, 35.76211112385497], [107.61349979804125, 35.7622907869118], [107.61367946109807, 35.7622907869118], [107.61367946109807, 35.762470449968625], [107.61349979804125, 35.762470449968625], [107.61349979804125, 35.763189102195916], [107.61367946109807, 35.763189102195916], [107.61367946109807, 35.76336876525274], [107.61349979804125, 35.76336876525274], [107.61349979804125, 35.76372809136639], [107.61332013498443, 35.76372809136639], [107.61332013498443, 35.764087417480035], [107.61314047192761, 35.764087417480035], [107.61314047192761, 35.76426708053686], [107.61296080887078, 35.76426708053686], [107.61296080887078, 35.76444674359369], [107.61278114581395, 35.76444674359369]]]}, "properties": {"name": "cand19", "ptype": "hall", "confidence": "low", "rank": 19, "area_ha": 3.7, "rise_db": 7.8, "digitised_from": "Sentinel-1 VV rise 2021->2026, orbit 84"}}, {"type": "Feature", "geometry": {"geodesic": false, "type": "Polygon", "coordinates": [[[107.65392398582664, 35.71593771825123], [107.65392398582664, 35.71575805519441], [107.65356465971298, 35.71575805519441], [107.65356465971298, 35.71593771825123], [107.65320533359933, 35.71593771825123], [107.65320533359933, 35.71557839213758], [107.65374432276981, 35.71557839213758], [107.65374432276981, 35.715219066023934], [107.65356465971298, 35.715219066023934], [107.65356465971298, 35.71503940296711], [107.65338499665616, 35.71503940296711], [107.65338499665616, 35.71396142462617], [107.65356465971298, 35.71396142462617], [107.65356465971298, 35.713781761569344], [107.65410364888345, 35.713781761569344], [107.65410364888345, 35.71396142462617], [107.65428331194028, 35.71396142462617], [107.65428331194028, 35.71414108768299], [107.65464263805393, 35.71414108768299], [107.65464263805393, 35.714320750739816], [107.65482230111076, 35.714320750739816], [107.65482230111076, 35.71450041379664], [107.65500196416757, 35.71450041379664], [107.65500196416757, 35.71468007685346], [107.6551816272244, 35.71468007685346], [107.6551816272244, 35.71503940296711], [107.65482230111076, 35.71503940296711], [107.65482230111076, 35.71539872908076], [107.65500196416757, 35.71539872908076], [107.65500196416757, 35.71593771825123], [107.65392398582664, 35.71593771825123]]]}, "properties": {"name": "cand20", "ptype": "hall", "confidence": "low", "rank": 20, "area_ha": 3.6, "rise_db": 7.2, "digitised_from": "Sentinel-1 VV rise 2021->2026, orbit 84"}}, {"type": "Feature", "geometry": {"geodesic": false, "type": "Polygon", "coordinates": [[[107.66308680172465, 35.72563952331972], [107.66308680172465, 35.725459860262895], [107.66326646478147, 35.725459860262895], [107.66326646478147, 35.72510053414925], [107.6634461278383, 35.72510053414925], [107.6634461278383, 35.7247412080356], [107.66362579089513, 35.7247412080356], [107.66362579089513, 35.724022555808304], [107.6634461278383, 35.724022555808304], [107.6634461278383, 35.72420221886513], [107.66326646478147, 35.72420221886513], [107.66326646478147, 35.72438188192196], [107.662727475611, 35.72438188192196], [107.662727475611, 35.72420221886513], [107.66254781255418, 35.72420221886513], [107.66254781255418, 35.724022555808304], [107.66326646478147, 35.724022555808304], [107.66326646478147, 35.72366322969466], [107.66308680172465, 35.72366322969466], [107.66308680172465, 35.723842892751485], [107.66290713866782, 35.723842892751485], [107.66290713866782, 35.72366322969466], [107.66254781255418, 35.72366322969466], [107.66254781255418, 35.723124240524186], [107.66236814949735, 35.723124240524186], [107.66236814949735, 35.722944577467366], [107.66290713866782, 35.722944577467366], [107.66290713866782, 35.723124240524186], [107.66308680172465, 35.723124240524186], [107.66308680172465, 35.72348356663783], [107.6634461278383, 35.72348356663783], [107.6634461278383, 35.72330390358101], [107.66362579089513, 35.72330390358101], [107.66362579089513, 35.722944577467366], [107.66380545395195, 35.722944577467366], [107.66380545395195, 35.72276491441054], [107.66398511700876, 35.72276491441054], [107.66398511700876, 35.722944577467366], [107.66416478006559, 35.722944577467366], [107.66416478006559, 35.723124240524186], [107.66452410617924, 35.723124240524186], [107.66452410617924, 35.72366322969466], [107.66434444312242, 35.72366322969466], [107.66434444312242, 35.723842892751485], [107.66416478006559, 35.723842892751485], [107.66416478006559, 35.724022555808304], [107.66398511700876, 35.724022555808304], [107.66398511700876, 35.72438188192196], [107.66416478006559, 35.72438188192196], [107.66416478006559, 35.7247412080356], [107.66398511700876, 35.7247412080356], [107.66398511700876, 35.72563952331972], [107.66308680172465, 35.72563952331972]]]}, "properties": {"name": "cand21", "ptype": "hall", "confidence": "low", "rank": 21, "area_ha": 3.4, "rise_db": 6.3, "digitised_from": "Sentinel-1 VV rise 2021->2026, orbit 84"}}, {"type": "Feature", "geometry": {"geodesic": false, "type": "Polygon", "coordinates": [[[107.599486079609, 35.716656370478525], [107.599486079609, 35.716476707421705], [107.59930641655217, 35.716476707421705], [107.59930641655217, 35.71629704436488], [107.59894709043851, 35.71629704436488], [107.59894709043851, 35.71611738130805], [107.5980487751544, 35.71611738130805], [107.5980487751544, 35.71593771825123], [107.59786911209757, 35.71593771825123], [107.59786911209757, 35.71611738130805], [107.59768944904074, 35.71611738130805], [107.59768944904074, 35.716476707421705], [107.59750978598393, 35.716476707421705], [107.59750978598393, 35.716656370478525], [107.5973301229271, 35.716656370478525], [107.5973301229271, 35.716476707421705], [107.59715045987028, 35.716476707421705], [107.59715045987028, 35.71629704436488], [107.5973301229271, 35.71629704436488], [107.5973301229271, 35.71575805519441], [107.59786911209757, 35.71575805519441], [107.59786911209757, 35.71557839213758], [107.5980487751544, 35.71557839213758], [107.5980487751544, 35.71539872908076], [107.59840810126805, 35.71539872908076], [107.59840810126805, 35.71557839213758], [107.59858776432486, 35.71557839213758], [107.59858776432486, 35.71575805519441], [107.59894709043851, 35.71575805519441], [107.59894709043851, 35.715219066023934], [107.59912675349534, 35.715219066023934], [107.59912675349534, 35.71503940296711], [107.59930641655217, 35.71503940296711], [107.59930641655217, 35.715219066023934], [107.599486079609, 35.715219066023934], [107.599486079609, 35.71503940296711], [107.60002506877946, 35.71503940296711], [107.60002506877946, 35.715219066023934], [107.60020473183629, 35.715219066023934], [107.60020473183629, 35.71629704436488], [107.60002506877946, 35.71629704436488], [107.60002506877946, 35.716656370478525], [107.599486079609, 35.716656370478525]]]}, "properties": {"name": "cand22", "ptype": "hall", "confidence": "low", "rank": 22, "area_ha": 3.3, "rise_db": 6.1, "digitised_from": "Sentinel-1 VV rise 2021->2026, orbit 84"}}, {"type": "Feature", "geometry": {"geodesic": false, "type": "Polygon", "coordinates": [[[107.61853036363232, 35.76282977608227], [107.61853036363232, 35.76193146079815], [107.61871002668914, 35.76193146079815], [107.61871002668914, 35.76139247162768], [107.6190693528028, 35.76139247162768], [107.6190693528028, 35.76085348245721], [107.61888968974597, 35.76085348245721], [107.61888968974597, 35.760314493286735], [107.6190693528028, 35.760314493286735], [107.6190693528028, 35.76049415634356], [107.61960834197326, 35.76049415634356], [107.61960834197326, 35.760314493286735], [107.61978800503009, 35.760314493286735], [107.61978800503009, 35.76013483022991], [107.62014733114374, 35.76013483022991], [107.62014733114374, 35.76049415634356], [107.62032699420057, 35.76049415634356], [107.62032699420057, 35.76085348245721], [107.62014733114374, 35.76085348245721], [107.62014733114374, 35.761033145514034], [107.61960834197326, 35.761033145514034], [107.61960834197326, 35.76121280857085], [107.61978800503009, 35.76121280857085], [107.61978800503009, 35.76139247162768], [107.61996766808691, 35.76139247162768], [107.61996766808691, 35.7615721346845], [107.62014733114374, 35.7615721346845], [107.62014733114374, 35.761751797741326], [107.62032699420057, 35.761751797741326], [107.62032699420057, 35.76193146079815], [107.62014733114374, 35.76193146079815], [107.62014733114374, 35.76211112385497], [107.61978800503009, 35.76211112385497], [107.61978800503009, 35.76193146079815], [107.6190693528028, 35.76193146079815], [107.6190693528028, 35.76211112385497], [107.61924901585962, 35.76211112385497], [107.61924901585962, 35.7622907869118], [107.61942867891644, 35.7622907869118], [107.61942867891644, 35.76211112385497], [107.61960834197326, 35.76211112385497], [107.61960834197326, 35.7622907869118], [107.61978800503009, 35.7622907869118], [107.61978800503009, 35.762470449968625], [107.61960834197326, 35.762470449968625], [107.61960834197326, 35.762650113025444], [107.61942867891644, 35.762650113025444], [107.61942867891644, 35.762470449968625], [107.6190693528028, 35.762470449968625], [107.6190693528028, 35.762650113025444], [107.61888968974597, 35.762650113025444], [107.61888968974597, 35.76282977608227], [107.61853036363232, 35.76282977608227]], [[107.61978800503009, 35.7615721346845], [107.61960834197326, 35.7615721346845], [107.61960834197326, 35.76139247162768], [107.61978800503009, 35.76139247162768], [107.61978800503009, 35.7615721346845]]]}, "properties": {"name": "cand23", "ptype": "hall", "confidence": "low", "rank": 23, "area_ha": 3.2, "rise_db": 6.4, "digitised_from": "Sentinel-1 VV rise 2021->2026, orbit 84"}}, {"type": "Feature", "geometry": {"geodesic": false, "type": "Polygon", "coordinates": [[[107.59768944904074, 35.712883446285225], [107.59768944904074, 35.7127037832284], [107.59697079681345, 35.7127037832284], [107.59697079681345, 35.71252412017158], [107.59679113375662, 35.71252412017158], [107.59679113375662, 35.71216479405793], [107.59697079681345, 35.71216479405793], [107.59697079681345, 35.71198513100111], [107.59715045987028, 35.71198513100111], [107.59715045987028, 35.71180546794428], [107.59822843821122, 35.71180546794428], [107.59822843821122, 35.71198513100111], [107.59840810126805, 35.71198513100111], [107.59840810126805, 35.71180546794428], [107.59858776432486, 35.71180546794428], [107.59858776432486, 35.71126647877381], [107.59876742738169, 35.71126647877381], [107.59876742738169, 35.71090715266016], [107.59894709043851, 35.71090715266016], [107.59894709043851, 35.710727489603336], [107.59930641655217, 35.710727489603336], [107.59930641655217, 35.71090715266016], [107.599486079609, 35.71090715266016], [107.599486079609, 35.71126647877381], [107.59930641655217, 35.71126647877381], [107.59930641655217, 35.71198513100111], [107.59912675349534, 35.71198513100111], [107.59912675349534, 35.71252412017158], [107.59894709043851, 35.71252412017158], [107.59894709043851, 35.71234445711475], [107.59876742738169, 35.71234445711475], [107.59876742738169, 35.71216479405793], [107.59840810126805, 35.71216479405793], [107.59840810126805, 35.71252412017158], [107.59822843821122, 35.71252412017158], [107.59822843821122, 35.7127037832284], [107.5980487751544, 35.7127037832284], [107.5980487751544, 35.712883446285225], [107.59768944904074, 35.712883446285225]]]}, "properties": {"name": "cand24", "ptype": "hall", "confidence": "low", "rank": 24, "area_ha": 3.0, "rise_db": 5.8, "digitised_from": "Sentinel-1 VV rise 2021->2026, orbit 84"}}, {"type": "Feature", "geometry": {"geodesic": false, "type": "Polygon", "coordinates": [[[107.59409618790427, 35.72438188192196], [107.59409618790427, 35.724022555808304], [107.59445551401792, 35.724022555808304], [107.59445551401792, 35.72366322969466], [107.5942758509611, 35.72366322969466], [107.5942758509611, 35.72348356663783], [107.59337753567698, 35.72348356663783], [107.59337753567698, 35.72330390358101], [107.59319787262015, 35.72330390358101], [107.59319787262015, 35.72276491441054], [107.59337753567698, 35.72276491441054], [107.59337753567698, 35.72258525135371], [107.5935571987338, 35.72258525135371], [107.5935571987338, 35.722405588296894], [107.59373686179062, 35.722405588296894], [107.59373686179062, 35.72222592524007], [107.59391652484744, 35.72222592524007], [107.59391652484744, 35.72204626218324], [107.59445551401792, 35.72204626218324], [107.59445551401792, 35.72222592524007], [107.59463517707474, 35.72222592524007], [107.59463517707474, 35.722405588296894], [107.59445551401792, 35.722405588296894], [107.59445551401792, 35.722944577467366], [107.59481484013156, 35.722944577467366], [107.59481484013156, 35.723124240524186], [107.59499450318839, 35.723124240524186], [107.59499450318839, 35.72330390358101], [107.59517416624522, 35.72330390358101], [107.59517416624522, 35.723842892751485], [107.59499450318839, 35.723842892751485], [107.59499450318839, 35.724022555808304], [107.59463517707474, 35.724022555808304], [107.59463517707474, 35.72420221886513], [107.59445551401792, 35.72420221886513], [107.59445551401792, 35.72438188192196], [107.59409618790427, 35.72438188192196]]]}, "properties": {"name": "cand25", "ptype": "hall", "confidence": "low", "rank": 25, "area_ha": 2.9, "rise_db": 6.0, "digitised_from": "Sentinel-1 VV rise 2021->2026, orbit 84"}}, {"type": "Feature", "geometry": {"geodesic": false, "type": "Polygon", "coordinates": [[[107.66146983421324, 35.7337243608768], [107.66146983421324, 35.73354469781997], [107.66093084504276, 35.73354469781997], [107.66093084504276, 35.7330057086495], [107.66111050809958, 35.7330057086495], [107.66111050809958, 35.73282604559268], [107.66129017115641, 35.73282604559268], [107.66129017115641, 35.732646382535854], [107.66111050809958, 35.732646382535854], [107.66111050809958, 35.73246671947903], [107.66075118198594, 35.73246671947903], [107.66075118198594, 35.732646382535854], [107.66057151892912, 35.732646382535854], [107.66057151892912, 35.73282604559268], [107.66039185587229, 35.73282604559268], [107.66039185587229, 35.73318537170633], [107.66003252975864, 35.73318537170633], [107.66003252975864, 35.732646382535854], [107.66021219281546, 35.732646382535854], [107.66021219281546, 35.73228705642221], [107.66039185587229, 35.73228705642221], [107.66039185587229, 35.73156840419491], [107.66057151892912, 35.73156840419491], [107.66057151892912, 35.73138874113808], [107.66075118198594, 35.73138874113808], [107.66075118198594, 35.73156840419491], [107.66093084504276, 35.73156840419491], [107.66093084504276, 35.731748067251736], [107.66075118198594, 35.731748067251736], [107.66075118198594, 35.731927730308556], [107.66093084504276, 35.731927730308556], [107.66093084504276, 35.73228705642221], [107.66111050809958, 35.73228705642221], [107.66111050809958, 35.73210739336538], [107.66129017115641, 35.73210739336538], [107.66129017115641, 35.731748067251736], [107.66111050809958, 35.731748067251736], [107.66111050809958, 35.73156840419491], [107.66164949727006, 35.73156840419491], [107.66164949727006, 35.731748067251736], [107.66182916032689, 35.731748067251736], [107.66182916032689, 35.731209078081264], [107.6620088233837, 35.731209078081264], [107.6620088233837, 35.73102941502444], [107.66218848644053, 35.73102941502444], [107.66218848644053, 35.73138874113808], [107.66236814949735, 35.73138874113808], [107.66236814949735, 35.73156840419491], [107.66254781255418, 35.73156840419491], [107.66254781255418, 35.731927730308556], [107.66182916032689, 35.731927730308556], [107.66182916032689, 35.73210739336538], [107.66164949727006, 35.73210739336538], [107.66164949727006, 35.73228705642221], [107.66146983421324, 35.73228705642221], [107.66146983421324, 35.73282604559268], [107.66129017115641, 35.73282604559268], [107.66129017115641, 35.733365034763146], [107.66164949727006, 35.733365034763146], [107.66164949727006, 35.73318537170633], [107.66182916032689, 35.73318537170633], [107.66182916032689, 35.733365034763146], [107.6620088233837, 35.733365034763146], [107.6620088233837, 35.73354469781997], [107.66182916032689, 35.73354469781997], [107.66182916032689, 35.7337243608768], [107.66146983421324, 35.7337243608768]]]}, "properties": {"name": "cand26", "ptype": "hall", "confidence": "low", "rank": 26, "area_ha": 2.9, "rise_db": 6.6, "digitised_from": "Sentinel-1 VV rise 2021->2026, orbit 84"}}, {"type": "Feature", "geometry": {"geodesic": false, "type": "Polygon", "coordinates": [[[107.61493710249584, 35.76965697224158], [107.61493710249584, 35.76947730918475], [107.61439811332536, 35.76947730918475], [107.61439811332536, 35.76929764612793], [107.61349979804125, 35.76929764612793], [107.61349979804125, 35.768938320014286], [107.6138591241549, 35.768938320014286], [107.6138591241549, 35.76875865695746], [107.61439811332536, 35.76875865695746], [107.61439811332536, 35.76857899390063], [107.61457777638219, 35.76857899390063], [107.61457777638219, 35.76839933084381], [107.61475743943902, 35.76839933084381], [107.61475743943902, 35.76821966778699], [107.61583541777996, 35.76821966778699], [107.61583541777996, 35.76839933084381], [107.61601508083679, 35.76839933084381], [107.61601508083679, 35.768938320014286], [107.61583541777996, 35.768938320014286], [107.61583541777996, 35.76929764612793], [107.61565575472314, 35.76929764612793], [107.61565575472314, 35.76947730918475], [107.61547609166631, 35.76947730918475], [107.61547609166631, 35.76965697224158], [107.61493710249584, 35.76965697224158]]]}, "properties": {"name": "cand27", "ptype": "hall", "confidence": "low", "rank": 27, "area_ha": 2.8, "rise_db": 6.5, "digitised_from": "Sentinel-1 VV rise 2021->2026, orbit 84"}}, {"type": "Feature", "geometry": {"geodesic": false, "type": "Polygon", "coordinates": [[[107.69794143474849, 35.69797141256884], [107.69794143474849, 35.697791749512014], [107.69776177169166, 35.697791749512014], [107.69776177169166, 35.697612086455194], [107.69758210863483, 35.697612086455194], [107.69758210863483, 35.696893434227896], [107.69776177169166, 35.696893434227896], [107.69776177169166, 35.69635444505742], [107.69794143474849, 35.69635444505742], [107.69794143474849, 35.69581545588695], [107.69812109780531, 35.69581545588695], [107.69812109780531, 35.69563579283013], [107.69901941308943, 35.69563579283013], [107.69901941308943, 35.695456129773305], [107.69919907614626, 35.695456129773305], [107.69919907614626, 35.69527646671648], [107.69937873920308, 35.69527646671648], [107.69937873920308, 35.69509680365966], [107.6995584022599, 35.69509680365966], [107.6995584022599, 35.69491714060283], [107.69973806531672, 35.69491714060283], [107.69973806531672, 35.69473747754601], [107.69991772837355, 35.69473747754601], [107.69991772837355, 35.69455781448919], [107.70009739143038, 35.69455781448919], [107.70009739143038, 35.69437815143236], [107.70045671754403, 35.69437815143236], [107.70045671754403, 35.69419848837554], [107.70063638060084, 35.69419848837554], [107.70063638060084, 35.694018825318715], [107.70081604365767, 35.694018825318715], [107.70081604365767, 35.69437815143236], [107.70063638060084, 35.69437815143236], [107.70063638060084, 35.69455781448919], [107.70045671754403, 35.69455781448919], [107.70045671754403, 35.69473747754601], [107.7002770544872, 35.69473747754601], [107.7002770544872, 35.69491714060283], [107.70009739143038, 35.69491714060283], [107.70009739143038, 35.69509680365966], [107.69973806531672, 35.69509680365966], [107.69973806531672, 35.69527646671648], [107.6995584022599, 35.69527646671648], [107.6995584022599, 35.69563579283013], [107.69937873920308, 35.69563579283013], [107.69937873920308, 35.69581545588695], [107.69919907614626, 35.69581545588695], [107.69919907614626, 35.69599511894378], [107.69848042391897, 35.69599511894378], [107.69848042391897, 35.696174782000604], [107.69830076086214, 35.696174782000604], [107.69830076086214, 35.697791749512014], [107.69812109780531, 35.697791749512014], [107.69812109780531, 35.69797141256884], [107.69794143474849, 35.69797141256884]]]}, "properties": {"name": "cand28", "ptype": "hall", "confidence": "low", "rank": 28, "area_ha": 2.8, "rise_db": 7.6, "digitised_from": "Sentinel-1 VV rise 2021->2026, orbit 84"}}, {"type": "Feature", "geometry": {"geodesic": false, "type": "Polygon", "coordinates": [[[107.58403505672213, 35.71503940296711], [107.58403505672213, 35.71485973991029], [107.5838553936653, 35.71485973991029], [107.5838553936653, 35.714320750739816], [107.58403505672213, 35.714320750739816], [107.58403505672213, 35.71414108768299], [107.5838553936653, 35.71414108768299], [107.5838553936653, 35.71396142462617], [107.58403505672213, 35.71396142462617], [107.58403505672213, 35.71360209851252], [107.58421471977896, 35.71360209851252], [107.58421471977896, 35.7134224354557], [107.58457404589261, 35.7134224354557], [107.58457404589261, 35.71360209851252], [107.58565202423355, 35.71360209851252], [107.58565202423355, 35.713781761569344], [107.58583168729037, 35.713781761569344], [107.58583168729037, 35.71450041379664], [107.58565202423355, 35.71450041379664], [107.58565202423355, 35.71468007685346], [107.58475370894942, 35.71468007685346], [107.58475370894942, 35.71485973991029], [107.58439438283578, 35.71485973991029], [107.58439438283578, 35.71503940296711], [107.58403505672213, 35.71503940296711]]]}, "properties": {"name": "cand29", "ptype": "hall", "confidence": "low", "rank": 29, "area_ha": 2.8, "rise_db": 9.1, "digitised_from": "Sentinel-1 VV rise 2021->2026, orbit 84"}}, {"type": "Feature", "geometry": {"geodesic": false, "type": "Polygon", "coordinates": [[[107.63973060433754, 35.70479860872815], [107.63973060433754, 35.70461894567133], [107.63955094128072, 35.70461894567133], [107.63955094128072, 35.70390029344403], [107.63973060433754, 35.70390029344403], [107.63973060433754, 35.70246298898944], [107.63955094128072, 35.70246298898944], [107.63955094128072, 35.70228332593261], [107.63973060433754, 35.70228332593261], [107.63973060433754, 35.70210366287579], [107.63937127822389, 35.70210366287579], [107.63937127822389, 35.70156467370532], [107.63991026739437, 35.70156467370532], [107.63991026739437, 35.70174433676214], [107.63973060433754, 35.70174433676214], [107.63973060433754, 35.701923999818966], [107.64044925656484, 35.701923999818966], [107.64044925656484, 35.70210366287579], [107.64062891962166, 35.70210366287579], [107.64062891962166, 35.702642652046265], [107.64044925656484, 35.702642652046265], [107.64044925656484, 35.702822315103084], [107.64026959350801, 35.702822315103084], [107.64026959350801, 35.704079956500856], [107.64044925656484, 35.704079956500856], [107.64044925656484, 35.704259619557675], [107.64026959350801, 35.704259619557675], [107.64026959350801, 35.70461894567133], [107.6400899304512, 35.70461894567133], [107.6400899304512, 35.70479860872815], [107.63973060433754, 35.70479860872815]]]}, "properties": {"name": "cand30", "ptype": "hall", "confidence": "low", "rank": 30, "area_ha": 2.7, "rise_db": 6.3, "digitised_from": "Sentinel-1 VV rise 2021->2026, orbit 84"}}, {"type": "Feature", "geometry": {"geodesic": false, "type": "Polygon", "coordinates": [[[107.59337753567698, 35.705696924012265], [107.59337753567698, 35.705517260955446], [107.59319787262015, 35.705517260955446], [107.59319787262015, 35.70479860872815], [107.59373686179062, 35.70479860872815], [107.59373686179062, 35.7044392826145], [107.5935571987338, 35.7044392826145], [107.5935571987338, 35.704259619557675], [107.59337753567698, 35.704259619557675], [107.59337753567698, 35.70390029344403], [107.59301820956333, 35.70390029344403], [107.59301820956333, 35.7037206303872], [107.59247922039286, 35.7037206303872], [107.59247922039286, 35.70354096733038], [107.59211989427921, 35.70354096733038], [107.59211989427921, 35.70336130427356], [107.59194023122238, 35.70336130427356], [107.59194023122238, 35.70318164121673], [107.59176056816555, 35.70318164121673], [107.59176056816555, 35.70300197815991], [107.59194023122238, 35.70300197815991], [107.59194023122238, 35.702822315103084], [107.59211989427921, 35.702822315103084], [107.59211989427921, 35.702642652046265], [107.59229955733603, 35.702642652046265], [107.59229955733603, 35.702822315103084], [107.59247922039286, 35.702822315103084], [107.59247922039286, 35.70318164121673], [107.5928385465065, 35.70318164121673], [107.5928385465065, 35.702822315103084], [107.59319787262015, 35.702822315103084], [107.59319787262015, 35.70300197815991], [107.59337753567698, 35.70300197815991], [107.59337753567698, 35.70318164121673], [107.59301820956333, 35.70318164121673], [107.59301820956333, 35.70336130427356], [107.59337753567698, 35.70336130427356], [107.59337753567698, 35.70390029344403], [107.59391652484744, 35.70390029344403], [107.59391652484744, 35.704079956500856], [107.59409618790427, 35.704079956500856], [107.59409618790427, 35.7044392826145], [107.5942758509611, 35.7044392826145], [107.5942758509611, 35.70479860872815], [107.59409618790427, 35.70479860872815], [107.59409618790427, 35.704978271784974], [107.59391652484744, 35.704978271784974], [107.59391652484744, 35.70515793484179], [107.59373686179062, 35.70515793484179], [107.59373686179062, 35.705517260955446], [107.5935571987338, 35.705517260955446], [107.5935571987338, 35.705696924012265], [107.59337753567698, 35.705696924012265]]]}, "properties": {"name": "cand31", "ptype": "hall", "confidence": "low", "rank": 31, "area_ha": 2.6, "rise_db": 7.2, "digitised_from": "Sentinel-1 VV rise 2021->2026, orbit 84"}}, {"type": "Feature", "geometry": {"geodesic": false, "type": "Polygon", "coordinates": [[[107.65859522530405, 35.77468753783265], [107.65859522530405, 35.77450787477582], [107.65841556224723, 35.77450787477582], [107.65841556224723, 35.774328211719], [107.6582358991904, 35.774328211719], [107.6582358991904, 35.77396888560535], [107.65841556224723, 35.77396888560535], [107.65841556224723, 35.77378922254853], [107.65859522530405, 35.77378922254853], [107.65859522530405, 35.77342989643488], [107.65877488836088, 35.77342989643488], [107.65877488836088, 35.77325023337806], [107.6589545514177, 35.77325023337806], [107.6589545514177, 35.77307057032123], [107.65949354058817, 35.77307057032123], [107.65949354058817, 35.77289090726441], [107.659673203645, 35.77289090726441], [107.659673203645, 35.77307057032123], [107.66003252975864, 35.77307057032123], [107.66003252975864, 35.772711244207585], [107.66039185587229, 35.772711244207585], [107.66039185587229, 35.77307057032123], [107.66021219281546, 35.77307057032123], [107.66021219281546, 35.77325023337806], [107.66003252975864, 35.77325023337806], [107.66003252975864, 35.77342989643488], [107.65985286670183, 35.77342989643488], [107.65985286670183, 35.77396888560535], [107.65949354058817, 35.77396888560535], [107.65949354058817, 35.774328211719], [107.65931387753135, 35.774328211719], [107.65931387753135, 35.77450787477582], [107.65877488836088, 35.77450787477582], [107.65877488836088, 35.77468753783265], [107.65859522530405, 35.77468753783265]]]}, "properties": {"name": "cand32", "ptype": "hall", "confidence": "low", "rank": 32, "area_ha": 2.4, "rise_db": 11.9, "digitised_from": "Sentinel-1 VV rise 2021->2026, orbit 84"}}, {"type": "Feature", "geometry": {"geodesic": false, "type": "Polygon", "coordinates": [[[107.62895082092811, 35.693120510034596], [107.62895082092811, 35.692581520864124], [107.62841183175763, 35.692581520864124], [107.62841183175763, 35.6924018578073], [107.62787284258717, 35.6924018578073], [107.62787284258717, 35.69222219475048], [107.62769317953034, 35.69222219475048], [107.62769317953034, 35.69204253169365], [107.62751351647351, 35.69204253169365], [107.62751351647351, 35.69150354252318], [107.62733385341669, 35.69150354252318], [107.62733385341669, 35.69132387946635], [107.62751351647351, 35.69132387946635], [107.62751351647351, 35.69114421640953], [107.62769317953034, 35.69114421640953], [107.62769317953034, 35.69150354252318], [107.62805250564399, 35.69150354252318], [107.62805250564399, 35.691683205580006], [107.62823216870082, 35.691683205580006], [107.62823216870082, 35.691862868636825], [107.62841183175763, 35.691862868636825], [107.62841183175763, 35.69204253169365], [107.62895082092811, 35.69204253169365], [107.62895082092811, 35.691862868636825], [107.62931014704175, 35.691862868636825], [107.62931014704175, 35.691683205580006], [107.6296694731554, 35.691683205580006], [107.6296694731554, 35.691862868636825], [107.63002879926906, 35.691862868636825], [107.63002879926906, 35.69222219475048], [107.62948981009858, 35.69222219475048], [107.62948981009858, 35.69294084697777], [107.62931014704175, 35.69294084697777], [107.62931014704175, 35.693120510034596], [107.62895082092811, 35.693120510034596]]]}, "properties": {"name": "cand33", "ptype": "hall", "confidence": "low", "rank": 33, "area_ha": 2.4, "rise_db": 6.3, "digitised_from": "Sentinel-1 VV rise 2021->2026, orbit 84"}}, {"type": "Feature", "geometry": {"geodesic": false, "type": "Polygon", "coordinates": [[[107.6221236247688, 35.722405588296894], [107.6221236247688, 35.72222592524007], [107.62176429865515, 35.72222592524007], [107.62176429865515, 35.722405588296894], [107.6214049725415, 35.722405588296894], [107.6214049725415, 35.72204626218324], [107.62158463559832, 35.72204626218324], [107.62158463559832, 35.721686936069595], [107.6214049725415, 35.721686936069595], [107.6214049725415, 35.72060895772865], [107.6221236247688, 35.72060895772865], [107.6221236247688, 35.72078862078548], [107.6228422769961, 35.72078862078548], [107.6228422769961, 35.7209682838423], [107.62302194005292, 35.7209682838423], [107.62302194005292, 35.72132760995595], [107.6228422769961, 35.72132760995595], [107.6228422769961, 35.72150727301277], [107.62266261393927, 35.72150727301277], [107.62266261393927, 35.721686936069595], [107.62230328782563, 35.721686936069595], [107.62230328782563, 35.72150727301277], [107.62194396171198, 35.72150727301277], [107.62194396171198, 35.721686936069595], [107.62176429865515, 35.721686936069595], [107.62176429865515, 35.72204626218324], [107.62230328782563, 35.72204626218324], [107.62230328782563, 35.72186659912642], [107.62248295088244, 35.72186659912642], [107.62248295088244, 35.72204626218324], [107.6228422769961, 35.72204626218324], [107.6228422769961, 35.72222592524007], [107.62266261393927, 35.72222592524007], [107.62266261393927, 35.722405588296894], [107.6221236247688, 35.722405588296894]]]}, "properties": {"name": "cand34", "ptype": "hall", "confidence": "low", "rank": 34, "area_ha": 2.4, "rise_db": 6.1, "digitised_from": "Sentinel-1 VV rise 2021->2026, orbit 84"}}, {"type": "Feature", "geometry": {"geodesic": false, "type": "Polygon", "coordinates": [[[107.63020846232588, 35.762470449968625], [107.63020846232588, 35.7622907869118], [107.62984913621223, 35.7622907869118], [107.62984913621223, 35.76211112385497], [107.6296694731554, 35.76211112385497], [107.6296694731554, 35.76193146079815], [107.62948981009858, 35.76193146079815], [107.62948981009858, 35.76139247162768], [107.6296694731554, 35.76139247162768], [107.6296694731554, 35.76067381940038], [107.62984913621223, 35.76067381940038], [107.62984913621223, 35.76049415634356], [107.63002879926906, 35.76049415634356], [107.63002879926906, 35.760314493286735], [107.6303881253827, 35.760314493286735], [107.6303881253827, 35.76085348245721], [107.63056778843952, 35.76085348245721], [107.63056778843952, 35.761751797741326], [107.63074745149635, 35.761751797741326], [107.63074745149635, 35.76193146079815], [107.63092711455317, 35.76193146079815], [107.63092711455317, 35.7622907869118], [107.63074745149635, 35.7622907869118], [107.63074745149635, 35.762470449968625], [107.63020846232588, 35.762470449968625]]]}, "properties": {"name": "cand35", "ptype": "hall", "confidence": "low", "rank": 35, "area_ha": 2.4, "rise_db": 7.5, "digitised_from": "Sentinel-1 VV rise 2021->2026, orbit 84"}}, {"type": "Feature", "geometry": {"geodesic": false, "type": "Polygon", "coordinates": [[[107.67853782461151, 35.770375624468876], [107.67853782461151, 35.77019596141205], [107.67835816155468, 35.77019596141205], [107.67835816155468, 35.76965697224158], [107.67853782461151, 35.76965697224158], [107.67853782461151, 35.76947730918475], [107.67871748766832, 35.76947730918475], [107.67871748766832, 35.76929764612793], [107.67907681378198, 35.76929764612793], [107.67907681378198, 35.769117983071105], [107.6792564768388, 35.769117983071105], [107.6792564768388, 35.768938320014286], [107.67943613989563, 35.768938320014286], [107.67943613989563, 35.76839933084381], [107.67961580295245, 35.76839933084381], [107.67961580295245, 35.76821966778699], [107.67943613989563, 35.76821966778699], [107.67943613989563, 35.76804000473016], [107.6792564768388, 35.76804000473016], [107.6792564768388, 35.76786034167334], [107.67943613989563, 35.76786034167334], [107.67943613989563, 35.76696202638922], [107.67961580295245, 35.76696202638922], [107.67961580295245, 35.76642303721875], [107.67979546600927, 35.76642303721875], [107.67979546600927, 35.766243374161924], [107.68015479212292, 35.766243374161924], [107.68015479212292, 35.76642303721875], [107.68033445517975, 35.76642303721875], [107.68033445517975, 35.76660270027557], [107.68015479212292, 35.76660270027557], [107.68015479212292, 35.766782363332396], [107.6799751290661, 35.766782363332396], [107.6799751290661, 35.76732135250287], [107.67979546600927, 35.76732135250287], [107.67979546600927, 35.76857899390063], [107.67961580295245, 35.76857899390063], [107.67961580295245, 35.769117983071105], [107.67943613989563, 35.769117983071105], [107.67943613989563, 35.76929764612793], [107.6792564768388, 35.76929764612793], [107.6792564768388, 35.76947730918475], [107.67907681378198, 35.76947730918475], [107.67907681378198, 35.769836635298404], [107.67889715072515, 35.769836635298404], [107.67889715072515, 35.770375624468876], [107.67853782461151, 35.770375624468876]]]}, "properties": {"name": "cand36", "ptype": "hall", "confidence": "low", "rank": 36, "area_ha": 2.2, "rise_db": 6.0, "digitised_from": "Sentinel-1 VV rise 2021->2026, orbit 84"}}, {"type": "Feature", "geometry": {"geodesic": false, "type": "Polygon", "coordinates": [[[107.68895828190729, 35.69851040173931], [107.68895828190729, 35.698330738682486], [107.68877861885046, 35.698330738682486], [107.68877861885046, 35.69707309728472], [107.68949727107777, 35.69707309728472], [107.68949727107777, 35.696893434227896], [107.68985659719141, 35.696893434227896], [107.68985659719141, 35.69707309728472], [107.69021592330506, 35.69707309728472], [107.69021592330506, 35.697612086455194], [107.69003626024823, 35.697612086455194], [107.69003626024823, 35.697791749512014], [107.68985659719141, 35.697791749512014], [107.68985659719141, 35.69815107562567], [107.68967693413458, 35.69815107562567], [107.68967693413458, 35.698330738682486], [107.68949727107777, 35.698330738682486], [107.68949727107777, 35.69851040173931], [107.68895828190729, 35.69851040173931]]]}, "properties": {"name": "cand37", "ptype": "hall", "confidence": "low", "rank": 37, "area_ha": 2.1, "rise_db": 7.8, "digitised_from": "Sentinel-1 VV rise 2021->2026, orbit 84"}}, {"type": "Feature", "geometry": {"geodesic": false, "type": "Polygon", "coordinates": [[[107.67979546600927, 35.713781761569344], [107.67979546600927, 35.71360209851252], [107.67961580295245, 35.71360209851252], [107.67961580295245, 35.7134224354557], [107.6792564768388, 35.7134224354557], [107.6792564768388, 35.712883446285225], [107.67943613989563, 35.712883446285225], [107.67943613989563, 35.7127037832284], [107.6792564768388, 35.7127037832284], [107.6792564768388, 35.71252412017158], [107.67889715072515, 35.71252412017158], [107.67889715072515, 35.71234445711475], [107.67907681378198, 35.71234445711475], [107.67907681378198, 35.71198513100111], [107.67943613989563, 35.71198513100111], [107.67943613989563, 35.71216479405793], [107.67979546600927, 35.71216479405793], [107.67979546600927, 35.71234445711475], [107.68015479212292, 35.71234445711475], [107.68015479212292, 35.71252412017158], [107.68033445517975, 35.71252412017158], [107.68033445517975, 35.71360209851252], [107.68015479212292, 35.71360209851252], [107.68015479212292, 35.713781761569344], [107.67979546600927, 35.713781761569344]]]}, "properties": {"name": "cand38", "ptype": "hall", "confidence": "low", "rank": 38, "area_ha": 1.9, "rise_db": 7.8, "digitised_from": "Sentinel-1 VV rise 2021->2026, orbit 84"}}, {"type": "Feature", "geometry": {"geodesic": false, "type": "Polygon", "coordinates": [[[107.61260148275713, 35.688988259727644], [107.61260148275713, 35.688808596670825], [107.6124218197003, 35.688808596670825], [107.6124218197003, 35.688628933614], [107.61224215664349, 35.688628933614], [107.61224215664349, 35.68844927055717], [107.61152350441618, 35.68844927055717], [107.61152350441618, 35.68826960750035], [107.61026586301843, 35.68826960750035], [107.61026586301843, 35.68755095527305], [107.61044552607524, 35.68755095527305], [107.61044552607524, 35.68737129221623], [107.61062518913207, 35.68737129221623], [107.61062518913207, 35.68755095527305], [107.61080485218889, 35.68755095527305], [107.61080485218889, 35.6879102813867], [107.61098451524572, 35.6879102813867], [107.61098451524572, 35.688089944443526], [107.61116417830254, 35.688089944443526], [107.61116417830254, 35.6879102813867], [107.61134384135937, 35.6879102813867], [107.61134384135937, 35.68773061832988], [107.61170316747301, 35.68773061832988], [107.61170316747301, 35.6879102813867], [107.61188283052984, 35.6879102813867], [107.61188283052984, 35.688089944443526], [107.61206249358666, 35.688089944443526], [107.61206249358666, 35.68826960750035], [107.61278114581395, 35.68826960750035], [107.61278114581395, 35.68844927055717], [107.61296080887078, 35.68844927055717], [107.61296080887078, 35.688628933614], [107.61314047192761, 35.688628933614], [107.61314047192761, 35.688808596670825], [107.61296080887078, 35.688808596670825], [107.61296080887078, 35.688988259727644], [107.61260148275713, 35.688988259727644]]]}, "properties": {"name": "cand39", "ptype": "hall", "confidence": "low", "rank": 39, "area_ha": 1.8, "rise_db": 5.8, "digitised_from": "Sentinel-1 VV rise 2021->2026, orbit 84"}}, {"type": "Feature", "geometry": {"geodesic": false, "type": "Polygon", "coordinates": [[[107.61403878721173, 35.76498573276416], [107.61403878721173, 35.76480606970733], [107.6138591241549, 35.76480606970733], [107.6138591241549, 35.76462640665051], [107.61403878721173, 35.76462640665051], [107.61403878721173, 35.76444674359369], [107.61493710249584, 35.76444674359369], [107.61493710249584, 35.764087417480035], [107.6152964286095, 35.764087417480035], [107.6152964286095, 35.763907754423215], [107.61547609166631, 35.763907754423215], [107.61547609166631, 35.76372809136639], [107.61565575472314, 35.76372809136639], [107.61565575472314, 35.76354842830956], [107.61619474389362, 35.76354842830956], [107.61619474389362, 35.764087417480035], [107.6169133961209, 35.764087417480035], [107.6169133961209, 35.76426708053686], [107.61709305917773, 35.76426708053686], [107.61709305917773, 35.76444674359369], [107.61619474389362, 35.76444674359369], [107.61619474389362, 35.76426708053686], [107.61601508083679, 35.76426708053686], [107.61601508083679, 35.76444674359369], [107.61565575472314, 35.76444674359369], [107.61565575472314, 35.76426708053686], [107.61511676555267, 35.76426708053686], [107.61511676555267, 35.76462640665051], [107.61493710249584, 35.76462640665051], [107.61493710249584, 35.76480606970733], [107.61421845026855, 35.76480606970733], [107.61421845026855, 35.76498573276416], [107.61403878721173, 35.76498573276416]]]}, "properties": {"name": "cand40", "ptype": "hall", "confidence": "low", "rank": 40, "area_ha": 1.8, "rise_db": 5.8, "digitised_from": "Sentinel-1 VV rise 2021->2026, orbit 84"}}, {"type": "Feature", "geometry": {"geodesic": false, "type": "Polygon", "coordinates": [[[107.61637440695043, 35.77217225503711], [107.61637440695043, 35.771992591980286], [107.61619474389362, 35.771992591980286], [107.61619474389362, 35.77181292892347], [107.61601508083679, 35.77181292892347], [107.61601508083679, 35.77163326586664], [107.61583541777996, 35.77163326586664], [107.61583541777996, 35.771453602809814], [107.61565575472314, 35.771453602809814], [107.61565575472314, 35.77109427669617], [107.61583541777996, 35.77109427669617], [107.61583541777996, 35.77091461363935], [107.61601508083679, 35.77091461363935], [107.61601508083679, 35.77073495058252], [107.61637440695043, 35.77073495058252], [107.61637440695043, 35.770555287525696], [107.61655407000725, 35.770555287525696], [107.61655407000725, 35.770375624468876], [107.61673373306408, 35.770375624468876], [107.61673373306408, 35.770555287525696], [107.6169133961209, 35.770555287525696], [107.6169133961209, 35.771273939752994], [107.61673373306408, 35.771273939752994], [107.61673373306408, 35.77217225503711], [107.61637440695043, 35.77217225503711]]]}, "properties": {"name": "cand41", "ptype": "hall", "confidence": "low", "rank": 41, "area_ha": 1.7, "rise_db": 7.7, "digitised_from": "Sentinel-1 VV rise 2021->2026, orbit 84"}}, {"type": "Feature", "geometry": {"geodesic": false, "type": "Polygon", "coordinates": [[[107.61727272223456, 35.77253158115076], [107.61727272223456, 35.77235191809394], [107.61709305917773, 35.77235191809394], [107.61709305917773, 35.77181292892347], [107.61727272223456, 35.77181292892347], [107.61727272223456, 35.771453602809814], [107.61709305917773, 35.771453602809814], [107.61709305917773, 35.77109427669617], [107.61727272223456, 35.77109427669617], [107.61727272223456, 35.77091461363935], [107.61745238529137, 35.77091461363935], [107.61745238529137, 35.77073495058252], [107.61781171140503, 35.77073495058252], [107.61781171140503, 35.770555287525696], [107.61817103751868, 35.770555287525696], [107.61817103751868, 35.770375624468876], [107.61835070057549, 35.770375624468876], [107.61835070057549, 35.770555287525696], [107.61888968974597, 35.770555287525696], [107.61888968974597, 35.77091461363935], [107.6190693528028, 35.77091461363935], [107.6190693528028, 35.77109427669617], [107.61853036363232, 35.77109427669617], [107.61853036363232, 35.77091461363935], [107.61799137446185, 35.77091461363935], [107.61799137446185, 35.77109427669617], [107.61781171140503, 35.77109427669617], [107.61781171140503, 35.771273939752994], [107.6176320483482, 35.771273939752994], [107.6176320483482, 35.771453602809814], [107.61745238529137, 35.771453602809814], [107.61745238529137, 35.77181292892347], [107.6176320483482, 35.77181292892347], [107.6176320483482, 35.77253158115076], [107.61727272223456, 35.77253158115076]]]}, "properties": {"name": "cand42", "ptype": "hall", "confidence": "low", "rank": 42, "area_ha": 1.7, "rise_db": 6.1, "digitised_from": "Sentinel-1 VV rise 2021->2026, orbit 84"}}, {"type": "Feature", "geometry": {"geodesic": false, "type": "Polygon", "coordinates": [[[107.64152723490578, 35.72995143668349], [107.64152723490578, 35.72977177362667], [107.64134757184895, 35.72977177362667], [107.64134757184895, 35.72959211056985], [107.64116790879213, 35.72959211056985], [107.64116790879213, 35.72941244751302], [107.64098824573531, 35.72941244751302], [107.64098824573531, 35.7292327844562], [107.64080858267849, 35.7292327844562], [107.64080858267849, 35.729053121399375], [107.64062891962166, 35.729053121399375], [107.64062891962166, 35.728873458342555], [107.64080858267849, 35.728873458342555], [107.64080858267849, 35.72869379528573], [107.64152723490578, 35.72869379528573], [107.64152723490578, 35.728873458342555], [107.64188656101943, 35.728873458342555], [107.64188656101943, 35.729053121399375], [107.64206622407626, 35.729053121399375], [107.64206622407626, 35.7292327844562], [107.6424255501899, 35.7292327844562], [107.6424255501899, 35.72959211056985], [107.64224588713307, 35.72959211056985], [107.64224588713307, 35.72977177362667], [107.64206622407626, 35.72977177362667], [107.64206622407626, 35.72995143668349], [107.64152723490578, 35.72995143668349]]]}, "properties": {"name": "cand43", "ptype": "hall", "confidence": "low", "rank": 43, "area_ha": 1.6, "rise_db": 5.2, "digitised_from": "Sentinel-1 VV rise 2021->2026, orbit 84"}}, {"type": "Feature", "geometry": {"geodesic": false, "type": "Polygon", "coordinates": [[[107.61637440695043, 35.75240931878648], [107.61637440695043, 35.751511003502365], [107.61745238529137, 35.751511003502365], [107.61745238529137, 35.75133134044554], [107.6176320483482, 35.75133134044554], [107.6176320483482, 35.75115167738872], [107.61799137446185, 35.75115167738872], [107.61799137446185, 35.75133134044554], [107.61817103751868, 35.75133134044554], [107.61817103751868, 35.75187032961601], [107.61799137446185, 35.75187032961601], [107.61799137446185, 35.75204999267284], [107.61709305917773, 35.75204999267284], [107.61709305917773, 35.75222965572966], [107.61673373306408, 35.75222965572966], [107.61673373306408, 35.75240931878648], [107.61637440695043, 35.75240931878648]]]}, "properties": {"name": "cand44", "ptype": "hall", "confidence": "low", "rank": 44, "area_ha": 1.6, "rise_db": 6.8, "digitised_from": "Sentinel-1 VV rise 2021->2026, orbit 84"}}, {"type": "Feature", "geometry": {"geodesic": false, "type": "Polygon", "coordinates": [[[107.58187910004024, 35.78169439704878], [107.58187910004024, 35.781514733991955], [107.58169943698343, 35.781514733991955], [107.58169943698343, 35.781335070935135], [107.58098078475612, 35.781335070935135], [107.58098078475612, 35.78097574482148], [107.58116044781295, 35.78097574482148], [107.58116044781295, 35.78115540787831], [107.58134011086977, 35.78115540787831], [107.58134011086977, 35.78079608176466], [107.58169943698343, 35.78079608176466], [107.58169943698343, 35.78097574482148], [107.58259775226755, 35.78097574482148], [107.58259775226755, 35.78079608176466], [107.58295707838118, 35.78079608176466], [107.58295707838118, 35.78097574482148], [107.58313674143801, 35.78097574482148], [107.58313674143801, 35.781514733991955], [107.58295707838118, 35.781514733991955], [107.58295707838118, 35.78169439704878], [107.58187910004024, 35.78169439704878]]]}, "properties": {"name": "cand45", "ptype": "hall", "confidence": "low", "rank": 45, "area_ha": 1.6, "rise_db": 6.9, "digitised_from": "Sentinel-1 VV rise 2021->2026, orbit 84"}}, {"type": "Feature", "geometry": {"geodesic": false, "type": "Polygon", "coordinates": [[[107.64997139857651, 35.70767321763733], [107.64997139857651, 35.70749355458051], [107.64979173551968, 35.70749355458051], [107.64979173551968, 35.706415576239564], [107.64997139857651, 35.706415576239564], [107.64997139857651, 35.70605625012592], [107.65033072469015, 35.70605625012592], [107.65033072469015, 35.70623591318274], [107.65051038774698, 35.70623591318274], [107.65051038774698, 35.706415576239564], [107.6506900508038, 35.706415576239564], [107.6506900508038, 35.70659523929639], [107.65086971386063, 35.70659523929639], [107.65086971386063, 35.707134228466856], [107.6506900508038, 35.707134228466856], [107.6506900508038, 35.70749355458051], [107.65033072469015, 35.70749355458051], [107.65033072469015, 35.70767321763733], [107.64997139857651, 35.70767321763733]]]}, "properties": {"name": "cand46", "ptype": "hall", "confidence": "low", "rank": 46, "area_ha": 1.6, "rise_db": 6.7, "digitised_from": "Sentinel-1 VV rise 2021->2026, orbit 84"}}, {"type": "Feature", "geometry": {"geodesic": false, "type": "Polygon", "coordinates": [[[107.6424255501899, 35.73354469781997], [107.6424255501899, 35.733365034763146], [107.64206622407626, 35.733365034763146], [107.64206622407626, 35.73318537170633], [107.64152723490578, 35.73318537170633], [107.64152723490578, 35.7330057086495], [107.64134757184895, 35.7330057086495], [107.64134757184895, 35.732646382535854], [107.64116790879213, 35.732646382535854], [107.64116790879213, 35.73246671947903], [107.64080858267849, 35.73246671947903], [107.64080858267849, 35.73228705642221], [107.64062891962166, 35.73228705642221], [107.64062891962166, 35.731927730308556], [107.64098824573531, 35.731927730308556], [107.64098824573531, 35.73228705642221], [107.64116790879213, 35.73228705642221], [107.64116790879213, 35.73246671947903], [107.64134757184895, 35.73246671947903], [107.64134757184895, 35.73228705642221], [107.64152723490578, 35.73228705642221], [107.64152723490578, 35.73210739336538], [107.64224588713307, 35.73210739336538], [107.64224588713307, 35.7330057086495], [107.6424255501899, 35.7330057086495], [107.6424255501899, 35.73318537170633], [107.64260521324672, 35.73318537170633], [107.64260521324672, 35.73354469781997], [107.6424255501899, 35.73354469781997]]]}, "properties": {"name": "cand47", "ptype": "hall", "confidence": "low", "rank": 47, "area_ha": 1.6, "rise_db": 6.3, "digitised_from": "Sentinel-1 VV rise 2021->2026, orbit 84"}}, {"type": "Feature", "geometry": {"geodesic": false, "type": "Polygon", "coordinates": [[[107.60505563437053, 35.783670690673844], [107.60505563437053, 35.782772375389726], [107.60523529742736, 35.782772375389726], [107.60523529742736, 35.7825927123329], [107.60541496048418, 35.7825927123329], [107.60541496048418, 35.782233386219254], [107.60577428659782, 35.782233386219254], [107.60577428659782, 35.7818740601056], [107.60613361271147, 35.7818740601056], [107.60613361271147, 35.782233386219254], [107.60595394965465, 35.782233386219254], [107.60595394965465, 35.78241304927607], [107.60613361271147, 35.78241304927607], [107.60613361271147, 35.782772375389726], [107.60649293882511, 35.782772375389726], [107.60649293882511, 35.78313170150337], [107.6063132757683, 35.78313170150337], [107.6063132757683, 35.7833113645602], [107.60595394965465, 35.7833113645602], [107.60595394965465, 35.78313170150337], [107.60613361271147, 35.78313170150337], [107.60613361271147, 35.782772375389726], [107.60577428659782, 35.782772375389726], [107.60577428659782, 35.78313170150337], [107.605594623541, 35.78313170150337], [107.605594623541, 35.7833113645602], [107.60541496048418, 35.7833113645602], [107.60541496048418, 35.78349102761702], [107.605594623541, 35.78349102761702], [107.605594623541, 35.783670690673844], [107.60505563437053, 35.783670690673844]], [[107.605594623541, 35.782772375389726], [107.60541496048418, 35.782772375389726], [107.60541496048418, 35.7825927123329], [107.605594623541, 35.7825927123329], [107.605594623541, 35.782772375389726]]]}, "properties": {"name": "cand48", "ptype": "hall", "confidence": "low", "rank": 48, "area_ha": 1.5, "rise_db": 9.9, "digitised_from": "Sentinel-1 VV rise 2021->2026, orbit 84"}}, {"type": "Feature", "geometry": {"geodesic": false, "type": "Polygon", "coordinates": [[[107.60667260188194, 35.72617851249019], [107.60667260188194, 35.72599884943337], [107.60649293882511, 35.72599884943337], [107.60649293882511, 35.725459860262895], [107.6063132757683, 35.725459860262895], [107.6063132757683, 35.725280197206075], [107.60613361271147, 35.725280197206075], [107.60613361271147, 35.72510053414925], [107.6063132757683, 35.72510053414925], [107.6063132757683, 35.7247412080356], [107.60649293882511, 35.7247412080356], [107.60649293882511, 35.724561544978776], [107.60685226493877, 35.724561544978776], [107.60685226493877, 35.7247412080356], [107.60703192799559, 35.7247412080356], [107.60703192799559, 35.72492087109243], [107.60721159105242, 35.72492087109243], [107.60721159105242, 35.72510053414925], [107.60739125410925, 35.72510053414925], [107.60739125410925, 35.725280197206075], [107.60721159105242, 35.725280197206075], [107.60721159105242, 35.72599884943337], [107.60685226493877, 35.72599884943337], [107.60685226493877, 35.72617851249019], [107.60667260188194, 35.72617851249019]]]}, "properties": {"name": "cand49", "ptype": "hall", "confidence": "low", "rank": 49, "area_ha": 1.4, "rise_db": 12.9, "digitised_from": "Sentinel-1 VV rise 2021->2026, orbit 84"}}, {"type": "Feature", "geometry": {"geodesic": false, "type": "Polygon", "coordinates": [[[107.6957854780666, 35.7285141322289], [107.6957854780666, 35.72833446917208], [107.69560581500977, 35.72833446917208], [107.69560581500977, 35.72797514305843], [107.6957854780666, 35.72797514305843], [107.6957854780666, 35.72725649083114], [107.69596514112342, 35.72725649083114], [107.69596514112342, 35.72743615388796], [107.69614480418025, 35.72743615388796], [107.69614480418025, 35.727615816944784], [107.69632446723708, 35.727615816944784], [107.69632446723708, 35.72743615388796], [107.6965041302939, 35.72743615388796], [107.6965041302939, 35.727615816944784], [107.69686345640754, 35.727615816944784], [107.69686345640754, 35.72707682777431], [107.69704311946437, 35.72707682777431], [107.69704311946437, 35.72725649083114], [107.6972227825212, 35.72725649083114], [107.6972227825212, 35.72743615388796], [107.69740244557802, 35.72743615388796], [107.69740244557802, 35.72797514305843], [107.6972227825212, 35.72797514305843], [107.6972227825212, 35.728154806115256], [107.69704311946437, 35.728154806115256], [107.69704311946437, 35.72797514305843], [107.69686345640754, 35.72797514305843], [107.69686345640754, 35.72779548000161], [107.69668379335072, 35.72779548000161], [107.69668379335072, 35.72797514305843], [107.69632446723708, 35.72797514305843], [107.69632446723708, 35.728154806115256], [107.69614480418025, 35.728154806115256], [107.69614480418025, 35.72833446917208], [107.69596514112342, 35.72833446917208], [107.69596514112342, 35.7285141322289], [107.6957854780666, 35.7285141322289]]]}, "properties": {"name": "cand50", "ptype": "hall", "confidence": "low", "rank": 50, "area_ha": 1.4, "rise_db": 6.9, "digitised_from": "Sentinel-1 VV rise 2021->2026, orbit 84"}}, {"type": "Feature", "geometry": {"geodesic": false, "type": "Polygon", "coordinates": [[[107.63577801708742, 35.71593771825123], [107.63577801708742, 35.71575805519441], [107.63523902791694, 35.71575805519441], [107.63523902791694, 35.71593771825123], [107.6348797018033, 35.71593771825123], [107.6348797018033, 35.71557839213758], [107.63523902791694, 35.71557839213758], [107.63523902791694, 35.71539872908076], [107.63541869097376, 35.71539872908076], [107.63541869097376, 35.715219066023934], [107.63559835403059, 35.715219066023934], [107.63559835403059, 35.71503940296711], [107.63577801708742, 35.71503940296711], [107.63577801708742, 35.71468007685346], [107.63595768014424, 35.71468007685346], [107.63595768014424, 35.71450041379664], [107.63631700625788, 35.71450041379664], [107.63631700625788, 35.71575805519441], [107.63613734320107, 35.71575805519441], [107.63613734320107, 35.71593771825123], [107.63577801708742, 35.71593771825123]]]}, "properties": {"name": "cand51", "ptype": "hall", "confidence": "low", "rank": 51, "area_ha": 1.4, "rise_db": 6.6, "digitised_from": "Sentinel-1 VV rise 2021->2026, orbit 84"}}, {"type": "Feature", "geometry": {"geodesic": false, "type": "Polygon", "coordinates": [[[107.69219221693012, 35.75115167738872], [107.69219221693012, 35.75061268821825], [107.69237187998695, 35.75061268821825], [107.69237187998695, 35.75043302516142], [107.69255154304378, 35.75043302516142], [107.69255154304378, 35.750073699047775], [107.69273120610059, 35.750073699047775], [107.69273120610059, 35.74989403599095], [107.69291086915742, 35.74989403599095], [107.69291086915742, 35.74917538376366], [107.69309053221424, 35.74917538376366], [107.69309053221424, 35.74827706847953], [107.69327019527107, 35.74827706847953], [107.69327019527107, 35.74809740542271], [107.69362952138471, 35.74809740542271], [107.69362952138471, 35.748636394593184], [107.6934498583279, 35.748636394593184], [107.6934498583279, 35.74917538376366], [107.69327019527107, 35.74917538376366], [107.69327019527107, 35.74971437293412], [107.69309053221424, 35.74971437293412], [107.69309053221424, 35.74989403599095], [107.69291086915742, 35.74989403599095], [107.69291086915742, 35.75043302516142], [107.69273120610059, 35.75043302516142], [107.69273120610059, 35.75079235127507], [107.69255154304378, 35.75079235127507], [107.69255154304378, 35.75115167738872], [107.69219221693012, 35.75115167738872]]]}, "properties": {"name": "cand52", "ptype": "hall", "confidence": "low", "rank": 52, "area_ha": 1.4, "rise_db": 6.9, "digitised_from": "Sentinel-1 VV rise 2021->2026, orbit 84"}}, {"type": "Feature", "geometry": {"geodesic": false, "type": "Polygon", "coordinates": [[[107.59409618790427, 35.781335070935135], [107.59409618790427, 35.78115540787831], [107.59373686179062, 35.78115540787831], [107.59373686179062, 35.78097574482148], [107.5935571987338, 35.78097574482148], [107.5935571987338, 35.78079608176466], [107.59337753567698, 35.78079608176466], [107.59337753567698, 35.78061641870784], [107.59319787262015, 35.78061641870784], [107.59319787262015, 35.780077429537364], [107.59337753567698, 35.780077429537364], [107.59337753567698, 35.77989776648054], [107.5935571987338, 35.77989776648054], [107.5935571987338, 35.780077429537364], [107.59373686179062, 35.780077429537364], [107.59373686179062, 35.78025709259419], [107.59409618790427, 35.78025709259419], [107.59409618790427, 35.78043675565101], [107.59445551401792, 35.78043675565101], [107.59445551401792, 35.78115540787831], [107.59463517707474, 35.78115540787831], [107.59463517707474, 35.781335070935135], [107.59409618790427, 35.781335070935135]]]}, "properties": {"name": "cand53", "ptype": "hall", "confidence": "low", "rank": 53, "area_ha": 1.4, "rise_db": 7.7, "digitised_from": "Sentinel-1 VV rise 2021->2026, orbit 84"}}, {"type": "Feature", "geometry": {"geodesic": false, "type": "Polygon", "coordinates": [[[107.61817103751868, 35.71755468576264], [107.61817103751868, 35.71737502270582], [107.61799137446185, 35.71737502270582], [107.61799137446185, 35.717195359649], [107.61781171140503, 35.717195359649], [107.61781171140503, 35.71683603353535], [107.6176320483482, 35.71683603353535], [107.6176320483482, 35.716656370478525], [107.61745238529137, 35.716656370478525], [107.61745238529137, 35.71593771825123], [107.6176320483482, 35.71593771825123], [107.6176320483482, 35.71557839213758], [107.61781171140503, 35.71557839213758], [107.61781171140503, 35.71539872908076], [107.61799137446185, 35.71539872908076], [107.61799137446185, 35.71557839213758], [107.61817103751868, 35.71557839213758], [107.61817103751868, 35.71611738130805], [107.61799137446185, 35.71611738130805], [107.61799137446185, 35.71683603353535], [107.61835070057549, 35.71683603353535], [107.61835070057549, 35.71701569659218], [107.61853036363232, 35.71701569659218], [107.61853036363232, 35.71737502270582], [107.61835070057549, 35.71737502270582], [107.61835070057549, 35.71755468576264], [107.61817103751868, 35.71755468576264]]]}, "properties": {"name": "cand54", "ptype": "hall", "confidence": "low", "rank": 54, "area_ha": 1.3, "rise_db": 7.0, "digitised_from": "Sentinel-1 VV rise 2021->2026, orbit 84"}}, {"type": "Feature", "geometry": {"geodesic": false, "type": "Polygon", "coordinates": [[[107.65158836608792, 35.72635817554702], [107.65158836608792, 35.72617851249019], [107.65122903997427, 35.72617851249019], [107.65122903997427, 35.72581918637655], [107.65158836608792, 35.72581918637655], [107.65158836608792, 35.72563952331972], [107.65176802914475, 35.72563952331972], [107.65176802914475, 35.725459860262895], [107.65158836608792, 35.725459860262895], [107.65158836608792, 35.725280197206075], [107.65086971386063, 35.725280197206075], [107.65086971386063, 35.72510053414925], [107.6506900508038, 35.72510053414925], [107.6506900508038, 35.72492087109243], [107.6514087030311, 35.72492087109243], [107.6514087030311, 35.72510053414925], [107.65212735525839, 35.72510053414925], [107.65212735525839, 35.72599884943337], [107.65230701831521, 35.72599884943337], [107.65230701831521, 35.72617851249019], [107.65212735525839, 35.72617851249019], [107.65212735525839, 35.72635817554702], [107.65158836608792, 35.72635817554702]]]}, "properties": {"name": "cand55", "ptype": "hall", "confidence": "low", "rank": 55, "area_ha": 1.3, "rise_db": 6.5, "digitised_from": "Sentinel-1 VV rise 2021->2026, orbit 84"}}, {"type": "Feature", "geometry": {"geodesic": false, "type": "Polygon", "coordinates": [[[107.61978800503009, 35.68216106356834], [107.61978800503009, 35.68198140051151], [107.61942867891644, 35.68198140051151], [107.61942867891644, 35.68180173745469], [107.61924901585962, 35.68180173745469], [107.61924901585962, 35.68144241134104], [107.6190693528028, 35.68144241134104], [107.6190693528028, 35.68126274828422], [107.61888968974597, 35.68126274828422], [107.61888968974597, 35.680903422170566], [107.6190693528028, 35.680903422170566], [107.6190693528028, 35.68072375911375], [107.61942867891644, 35.68072375911375], [107.61942867891644, 35.680903422170566], [107.61960834197326, 35.680903422170566], [107.61960834197326, 35.68108308522739], [107.62014733114374, 35.68108308522739], [107.62014733114374, 35.68126274828422], [107.61996766808691, 35.68126274828422], [107.61996766808691, 35.681622074397865], [107.62014733114374, 35.681622074397865], [107.62014733114374, 35.68198140051151], [107.61996766808691, 35.68198140051151], [107.61996766808691, 35.68216106356834], [107.61978800503009, 35.68216106356834]]]}, "properties": {"name": "cand56", "ptype": "hall", "confidence": "low", "rank": 56, "area_ha": 1.3, "rise_db": 7.0, "digitised_from": "Sentinel-1 VV rise 2021->2026, orbit 84"}}, {"type": "Feature", "geometry": {"geodesic": false, "type": "Polygon", "coordinates": [[[107.6348797018033, 35.6841373571934], [107.6348797018033, 35.68395769413657], [107.63434071263282, 35.68395769413657], [107.63434071263282, 35.683778031079754], [107.63416104957601, 35.683778031079754], [107.63416104957601, 35.6834187049661], [107.63434071263282, 35.6834187049661], [107.63434071263282, 35.68323904190928], [107.63452037568965, 35.68323904190928], [107.63452037568965, 35.683059378852455], [107.63470003874647, 35.683059378852455], [107.63470003874647, 35.68323904190928], [107.6348797018033, 35.68323904190928], [107.6348797018033, 35.6834187049661], [107.63541869097376, 35.6834187049661], [107.63541869097376, 35.68359836802293], [107.63559835403059, 35.68359836802293], [107.63559835403059, 35.683778031079754], [107.63577801708742, 35.683778031079754], [107.63577801708742, 35.6841373571934], [107.6348797018033, 35.6841373571934]]]}, "properties": {"name": "cand57", "ptype": "hall", "confidence": "low", "rank": 57, "area_ha": 1.3, "rise_db": 5.4, "digitised_from": "Sentinel-1 VV rise 2021->2026, orbit 84"}}, {"type": "Feature", "geometry": {"geodesic": false, "type": "Polygon", "coordinates": [[[107.62931014704175, 35.696893434227896], [107.62931014704175, 35.696713771171076], [107.62913048398494, 35.696713771171076], [107.62913048398494, 35.69635444505742], [107.62931014704175, 35.69635444505742], [107.62931014704175, 35.696174782000604], [107.6296694731554, 35.696174782000604], [107.6296694731554, 35.69635444505742], [107.62984913621223, 35.69635444505742], [107.62984913621223, 35.696174782000604], [107.63020846232588, 35.696174782000604], [107.63020846232588, 35.69581545588695], [107.63002879926906, 35.69581545588695], [107.63002879926906, 35.69527646671648], [107.63056778843952, 35.69527646671648], [107.63056778843952, 35.69581545588695], [107.6303881253827, 35.69581545588695], [107.6303881253827, 35.696174782000604], [107.63056778843952, 35.696174782000604], [107.63056778843952, 35.69635444505742], [107.6303881253827, 35.69635444505742], [107.6303881253827, 35.69653410811425], [107.63002879926906, 35.69653410811425], [107.63002879926906, 35.696713771171076], [107.62984913621223, 35.696713771171076], [107.62984913621223, 35.696893434227896], [107.62931014704175, 35.696893434227896]]]}, "properties": {"name": "cand58", "ptype": "hall", "confidence": "low", "rank": 58, "area_ha": 1.3, "rise_db": 5.7, "digitised_from": "Sentinel-1 VV rise 2021->2026, orbit 84"}}, {"type": "Feature", "geometry": {"geodesic": false, "type": "Polygon", "coordinates": [[[107.62392025533704, 35.709290185148745], [107.62392025533704, 35.70911052209192], [107.62374059228021, 35.70911052209192], [107.62374059228021, 35.70875119597827], [107.62392025533704, 35.70875119597827], [107.62392025533704, 35.708571532921454], [107.62409991839387, 35.708571532921454], [107.62409991839387, 35.70839186986463], [107.6242795814507, 35.70839186986463], [107.6242795814507, 35.7082122068078], [107.6244592445075, 35.7082122068078], [107.6244592445075, 35.70839186986463], [107.62481857062116, 35.70839186986463], [107.62481857062116, 35.708571532921454], [107.62517789673481, 35.708571532921454], [107.62517789673481, 35.70875119597827], [107.62499823367799, 35.70875119597827], [107.62499823367799, 35.709290185148745], [107.62392025533704, 35.709290185148745]]]}, "properties": {"name": "cand59", "ptype": "hall", "confidence": "low", "rank": 59, "area_ha": 1.3, "rise_db": 5.9, "digitised_from": "Sentinel-1 VV rise 2021->2026, orbit 84"}}, {"type": "Feature", "geometry": {"geodesic": false, "type": "Polygon", "coordinates": [[[107.66236814949735, 35.735520991445036], [107.66236814949735, 35.73534132838821], [107.66218848644053, 35.73534132838821], [107.66218848644053, 35.73516166533139], [107.6620088233837, 35.73516166533139], [107.6620088233837, 35.734802339217744], [107.66218848644053, 35.734802339217744], [107.66218848644053, 35.73444301310409], [107.66326646478147, 35.73444301310409], [107.66326646478147, 35.73462267616092], [107.6634461278383, 35.73462267616092], [107.6634461278383, 35.734802339217744], [107.66326646478147, 35.734802339217744], [107.66326646478147, 35.73516166533139], [107.66290713866782, 35.73516166533139], [107.66290713866782, 35.73534132838821], [107.66254781255418, 35.73534132838821], [107.66254781255418, 35.735520991445036], [107.66236814949735, 35.735520991445036]]]}, "properties": {"name": "cand60", "ptype": "hall", "confidence": "low", "rank": 60, "area_ha": 1.3, "rise_db": 7.6, "digitised_from": "Sentinel-1 VV rise 2021->2026, orbit 84"}}, {"type": "Feature", "geometry": {"geodesic": false, "type": "Polygon", "coordinates": [[[107.62517789673481, 35.72132760995595], [107.62517789673481, 35.72114794689912], [107.62499823367799, 35.72114794689912], [107.62499823367799, 35.72042929467183], [107.62517789673481, 35.72042929467183], [107.62517789673481, 35.71989030550136], [107.62499823367799, 35.71989030550136], [107.62499823367799, 35.71917165327406], [107.62517789673481, 35.71917165327406], [107.62517789673481, 35.71935131633089], [107.62535755979162, 35.71935131633089], [107.62535755979162, 35.71971064244453], [107.62553722284845, 35.71971064244453], [107.62553722284845, 35.71989030550136], [107.62571688590528, 35.71989030550136], [107.62571688590528, 35.72060895772865], [107.62553722284845, 35.72060895772865], [107.62553722284845, 35.72114794689912], [107.62535755979162, 35.72114794689912], [107.62535755979162, 35.72132760995595], [107.62517789673481, 35.72132760995595]]]}, "properties": {"name": "cand61", "ptype": "hall", "confidence": "low", "rank": 61, "area_ha": 1.2, "rise_db": 6.0, "digitised_from": "Sentinel-1 VV rise 2021->2026, orbit 84"}}, {"type": "Feature", "geometry": {"geodesic": false, "type": "Polygon", "coordinates": [[[107.66111050809958, 35.725280197206075], [107.66111050809958, 35.72510053414925], [107.66093084504276, 35.72510053414925], [107.66093084504276, 35.72438188192196], [107.66111050809958, 35.72438188192196], [107.66111050809958, 35.72420221886513], [107.66182916032689, 35.72420221886513], [107.66182916032689, 35.724022555808304], [107.6620088233837, 35.724022555808304], [107.6620088233837, 35.723842892751485], [107.66218848644053, 35.723842892751485], [107.66218848644053, 35.72420221886513], [107.6620088233837, 35.72420221886513], [107.6620088233837, 35.7247412080356], [107.66182916032689, 35.7247412080356], [107.66182916032689, 35.72510053414925], [107.66129017115641, 35.72510053414925], [107.66129017115641, 35.725280197206075], [107.66111050809958, 35.725280197206075]]]}, "properties": {"name": "cand62", "ptype": "hall", "confidence": "low", "rank": 62, "area_ha": 1.2, "rise_db": 12.4, "digitised_from": "Sentinel-1 VV rise 2021->2026, orbit 84"}}, {"type": "Feature", "geometry": {"geodesic": false, "type": "Polygon", "coordinates": [[[107.62715419035987, 35.71108681571698], [107.62715419035987, 35.710727489603336], [107.62697452730305, 35.710727489603336], [107.62697452730305, 35.710008837376044], [107.62715419035987, 35.710008837376044], [107.62715419035987, 35.70982917431922], [107.62733385341669, 35.70982917431922], [107.62733385341669, 35.70964951126239], [107.62751351647351, 35.70964951126239], [107.62751351647351, 35.70946984820557], [107.62787284258717, 35.70946984820557], [107.62787284258717, 35.71036816348969], [107.62769317953034, 35.71036816348969], [107.62769317953034, 35.710727489603336], [107.62751351647351, 35.710727489603336], [107.62751351647351, 35.71090715266016], [107.62733385341669, 35.71090715266016], [107.62733385341669, 35.71108681571698], [107.62715419035987, 35.71108681571698]]]}, "properties": {"name": "cand63", "ptype": "hall", "confidence": "low", "rank": 63, "area_ha": 1.2, "rise_db": 5.7, "digitised_from": "Sentinel-1 VV rise 2021->2026, orbit 84"}}, {"type": "Feature", "geometry": {"geodesic": false, "type": "Polygon", "coordinates": [[[107.61296080887078, 35.76821966778699], [107.61296080887078, 35.76804000473016], [107.61260148275713, 35.76804000473016], [107.61260148275713, 35.76821966778699], [107.6124218197003, 35.76821966778699], [107.6124218197003, 35.76804000473016], [107.61224215664349, 35.76804000473016], [107.61224215664349, 35.767680678616514], [107.6124218197003, 35.767680678616514], [107.6124218197003, 35.76750101555969], [107.61296080887078, 35.76750101555969], [107.61296080887078, 35.767680678616514], [107.6138591241549, 35.767680678616514], [107.6138591241549, 35.76786034167334], [107.61403878721173, 35.76786034167334], [107.61403878721173, 35.76804000473016], [107.6138591241549, 35.76804000473016], [107.6138591241549, 35.76821966778699], [107.61296080887078, 35.76821966778699]]]}, "properties": {"name": "cand64", "ptype": "hall", "confidence": "low", "rank": 64, "area_ha": 1.1, "rise_db": 6.7, "digitised_from": "Sentinel-1 VV rise 2021->2026, orbit 84"}}, {"type": "Feature", "geometry": {"geodesic": false, "type": "Polygon", "coordinates": [[[107.7047686309078, 35.68144241134104], [107.7047686309078, 35.68054409605692], [107.70494829396462, 35.68054409605692], [107.70494829396462, 35.68000510688645], [107.70512795702145, 35.68000510688645], [107.70512795702145, 35.679466117715975], [107.70530762007827, 35.679466117715975], [107.70530762007827, 35.679286454659156], [107.70548728313508, 35.679286454659156], [107.70548728313508, 35.679466117715975], [107.70566694619191, 35.679466117715975], [107.70566694619191, 35.67982544382963], [107.70548728313508, 35.67982544382963], [107.70548728313508, 35.68000510688645], [107.70530762007827, 35.68000510688645], [107.70530762007827, 35.680903422170566], [107.70512795702145, 35.680903422170566], [107.70512795702145, 35.68144241134104], [107.7047686309078, 35.68144241134104]]]}, "properties": {"name": "cand65", "ptype": "hall", "confidence": "low", "rank": 65, "area_ha": 1.1, "rise_db": 5.9, "digitised_from": "Sentinel-1 VV rise 2021->2026, orbit 84"}}, {"type": "Feature", "geometry": {"geodesic": false, "type": "Polygon", "coordinates": [[[107.63685599542836, 35.699229053966604], [107.63685599542836, 35.699049390909785], [107.63667633237154, 35.699049390909785], [107.63667633237154, 35.69886972785296], [107.63685599542836, 35.69886972785296], [107.63685599542836, 35.69851040173931], [107.63703565848519, 35.69851040173931], [107.63703565848519, 35.698330738682486], [107.63685599542836, 35.698330738682486], [107.63685599542836, 35.69797141256884], [107.63667633237154, 35.69797141256884], [107.63667633237154, 35.697791749512014], [107.63685599542836, 35.697791749512014], [107.63685599542836, 35.697612086455194], [107.637215321542, 35.697612086455194], [107.637215321542, 35.697791749512014], [107.63757464765565, 35.697791749512014], [107.63757464765565, 35.698330738682486], [107.63739498459883, 35.698330738682486], [107.63739498459883, 35.69851040173931], [107.637215321542, 35.69851040173931], [107.637215321542, 35.69886972785296], [107.63739498459883, 35.69886972785296], [107.63739498459883, 35.699049390909785], [107.637215321542, 35.699049390909785], [107.637215321542, 35.699229053966604], [107.63685599542836, 35.699229053966604]]]}, "properties": {"name": "cand66", "ptype": "hall", "confidence": "low", "rank": 66, "area_ha": 1.1, "rise_db": 5.0, "digitised_from": "Sentinel-1 VV rise 2021->2026, orbit 84"}}, {"type": "Feature", "geometry": {"geodesic": false, "type": "Polygon", "coordinates": [[[107.62517789673481, 35.76480606970733], [107.62517789673481, 35.76462640665051], [107.62481857062116, 35.76462640665051], [107.62481857062116, 35.76444674359369], [107.62463890756433, 35.76444674359369], [107.62463890756433, 35.76426708053686], [107.62481857062116, 35.76426708053686], [107.62481857062116, 35.764087417480035], [107.62499823367799, 35.764087417480035], [107.62499823367799, 35.763907754423215], [107.62517789673481, 35.763907754423215], [107.62517789673481, 35.76372809136639], [107.62535755979162, 35.76372809136639], [107.62535755979162, 35.76354842830956], [107.62553722284845, 35.76354842830956], [107.62553722284845, 35.76372809136639], [107.62571688590528, 35.76372809136639], [107.62571688590528, 35.76480606970733], [107.62517789673481, 35.76480606970733]]]}, "properties": {"name": "cand67", "ptype": "hall", "confidence": "low", "rank": 67, "area_ha": 1.1, "rise_db": 9.2, "digitised_from": "Sentinel-1 VV rise 2021->2026, orbit 84"}}, {"type": "Feature", "geometry": {"geodesic": false, "type": "Polygon", "coordinates": [[[107.6169133961209, 35.76786034167334], [107.6169133961209, 35.767680678616514], [107.61637440695043, 35.767680678616514], [107.61637440695043, 35.76786034167334], [107.61619474389362, 35.76786034167334], [107.61619474389362, 35.767680678616514], [107.61601508083679, 35.767680678616514], [107.61601508083679, 35.76750101555969], [107.61583541777996, 35.76750101555969], [107.61583541777996, 35.76732135250287], [107.61601508083679, 35.76732135250287], [107.61601508083679, 35.76714168944604], [107.61619474389362, 35.76714168944604], [107.61619474389362, 35.76696202638922], [107.61673373306408, 35.76696202638922], [107.61673373306408, 35.76714168944604], [107.6169133961209, 35.76714168944604], [107.6169133961209, 35.76732135250287], [107.61727272223456, 35.76732135250287], [107.61727272223456, 35.76750101555969], [107.61745238529137, 35.76750101555969], [107.61745238529137, 35.767680678616514], [107.61727272223456, 35.767680678616514], [107.61727272223456, 35.76786034167334], [107.6169133961209, 35.76786034167334]]]}, "properties": {"name": "cand68", "ptype": "hall", "confidence": "low", "rank": 68, "area_ha": 1.1, "rise_db": 6.8, "digitised_from": "Sentinel-1 VV rise 2021->2026, orbit 84"}}, {"type": "Feature", "geometry": {"geodesic": false, "type": "Polygon", "coordinates": [[[107.61996766808691, 35.779179114253246], [107.61996766808691, 35.77899945119642], [107.61978800503009, 35.77899945119642], [107.61978800503009, 35.7788197881396], [107.61960834197326, 35.7788197881396], [107.61960834197326, 35.778640125082774], [107.61978800503009, 35.778640125082774], [107.61978800503009, 35.77846046202595], [107.62050665725738, 35.77846046202595], [107.62050665725738, 35.778640125082774], [107.62104564642786, 35.778640125082774], [107.62104564642786, 35.7788197881396], [107.62122530948469, 35.7788197881396], [107.62122530948469, 35.77899945119642], [107.62104564642786, 35.77899945119642], [107.62104564642786, 35.779179114253246], [107.61996766808691, 35.779179114253246]]]}, "properties": {"name": "cand69", "ptype": "hall", "confidence": "low", "rank": 69, "area_ha": 1.0, "rise_db": 9.9, "digitised_from": "Sentinel-1 VV rise 2021->2026, orbit 84"}}, {"type": "Feature", "geometry": {"geodesic": false, "type": "Polygon", "coordinates": [[[107.70548728313508, 35.678747465488684], [107.70548728313508, 35.677849150204565], [107.70566694619191, 35.677849150204565], [107.70566694619191, 35.67748982409091], [107.70584660924874, 35.67748982409091], [107.70584660924874, 35.67677117186362], [107.70620593536239, 35.67677117186362], [107.70620593536239, 35.67820847631821], [107.70584660924874, 35.67820847631821], [107.70584660924874, 35.67838813937504], [107.70566694619191, 35.67838813937504], [107.70566694619191, 35.678747465488684], [107.70548728313508, 35.678747465488684]]]}, "properties": {"name": "cand70", "ptype": "hall", "confidence": "low", "rank": 70, "area_ha": 1.0, "rise_db": 5.4, "digitised_from": "Sentinel-1 VV rise 2021->2026, orbit 84"}}, {"type": "Feature", "geometry": {"geodesic": false, "type": "Polygon", "coordinates": [[[107.61601508083679, 35.70839186986463], [107.61601508083679, 35.707852880694155], [107.61547609166631, 35.707852880694155], [107.61547609166631, 35.70767321763733], [107.6152964286095, 35.70767321763733], [107.6152964286095, 35.707134228466856], [107.61547609166631, 35.707134228466856], [107.61547609166631, 35.70695456541004], [107.61583541777996, 35.70695456541004], [107.61583541777996, 35.707134228466856], [107.61601508083679, 35.707134228466856], [107.61601508083679, 35.70749355458051], [107.61619474389362, 35.70749355458051], [107.61619474389362, 35.707852880694155], [107.61637440695043, 35.707852880694155], [107.61637440695043, 35.70839186986463], [107.61601508083679, 35.70839186986463]]]}, "properties": {"name": "cand71", "ptype": "hall", "confidence": "low", "rank": 71, "area_ha": 1.0, "rise_db": 6.6, "digitised_from": "Sentinel-1 VV rise 2021->2026, orbit 84"}}, {"type": "Feature", "geometry": {"geodesic": false, "type": "Polygon", "coordinates": [[[107.70297200033956, 35.733365034763146], [107.70297200033956, 35.73282604559268], [107.70315166339638, 35.73282604559268], [107.70315166339638, 35.73210739336538], [107.70333132645321, 35.73210739336538], [107.70333132645321, 35.731748067251736], [107.70369065256685, 35.731748067251736], [107.70369065256685, 35.731927730308556], [107.70387031562367, 35.731927730308556], [107.70387031562367, 35.73246671947903], [107.70369065256685, 35.73246671947903], [107.70369065256685, 35.732646382535854], [107.70351098951002, 35.732646382535854], [107.70351098951002, 35.7330057086495], [107.70333132645321, 35.7330057086495], [107.70333132645321, 35.733365034763146], [107.70297200033956, 35.733365034763146]]]}, "properties": {"name": "cand72", "ptype": "hall", "confidence": "low", "rank": 72, "area_ha": 1.0, "rise_db": 5.9, "digitised_from": "Sentinel-1 VV rise 2021->2026, orbit 84"}}, {"type": "Feature", "geometry": {"geodesic": false, "type": "Polygon", "coordinates": [[[107.68536502077082, 35.752948307956956], [107.68536502077082, 35.75276864490013], [107.68518535771399, 35.75276864490013], [107.68518535771399, 35.75204999267284], [107.68536502077082, 35.75204999267284], [107.68536502077082, 35.75187032961601], [107.68572434688446, 35.75187032961601], [107.68572434688446, 35.75222965572966], [107.68590400994128, 35.75222965572966], [107.68590400994128, 35.75240931878648], [107.68608367299811, 35.75240931878648], [107.68608367299811, 35.75258898184331], [107.68626333605494, 35.75258898184331], [107.68626333605494, 35.752948307956956], [107.68536502077082, 35.752948307956956]]]}, "properties": {"name": "cand73", "ptype": "hall", "confidence": "low", "rank": 73, "area_ha": 1.0, "rise_db": 6.0, "digitised_from": "Sentinel-1 VV rise 2021->2026, orbit 84"}}, {"type": "Feature", "geometry": {"geodesic": false, "type": "Polygon", "coordinates": [[[107.6176320483482, 35.76947730918475], [107.6176320483482, 35.76875865695746], [107.61781171140503, 35.76875865695746], [107.61781171140503, 35.76857899390063], [107.61817103751868, 35.76857899390063], [107.61817103751868, 35.76875865695746], [107.61835070057549, 35.76875865695746], [107.61835070057549, 35.768938320014286], [107.61888968974597, 35.768938320014286], [107.61888968974597, 35.76929764612793], [107.61853036363232, 35.76929764612793], [107.61853036363232, 35.76947730918475], [107.6176320483482, 35.76947730918475]]]}, "properties": {"name": "cand74", "ptype": "hall", "confidence": "low", "rank": 74, "area_ha": 1.0, "rise_db": 5.5, "digitised_from": "Sentinel-1 VV rise 2021->2026, orbit 84"}}]}