name,d,VV,VH
phase1_block1,2022-01-09,-12.787027194367232,-19.601655723160302
phase1_block2,2022-01-09,-14.693514175593508,-21.79202068916489
phase2_mid_block1,2022-01-09,-16.639847837979893,-26.171655845955794
phase2_mid_block2,2022-01-09,-12.278926970566223,-19.259538893535446
phase2_mid_block3,2022-01-09,-12.24624975661392,-19.49753879532385
phase2_mid_block4,2022-01-09,-13.10819310097925,-19.688080405045344
phase2_south_block1,2022-01-09,-15.753425827289856,-24.77939423709071
phase2_south_block2,2022-01-09,-11.64726817428354,-18.978576044809206
phase2_south_block3,2022-01-09,-13.370046996552254,-19.92477080997786
phase2_south_block4,2022-01-09,-14.60369336354909,-23.30762241538433
phase2_south_block5,2022-01-09,-12.788026519625864,-19.6498988895311
phase2_south_block6,2022-01-09,-12.78620821263517,-19.653423760906982
phase1_block1,2022-01-21,-13.586259879989239,-20.432496949503903
phase1_block2,2022-01-21,-15.842206543119884,-23.804237557035908
phase2_mid_block1,2022-01-21,-16.471714806693136,-27.51972495143175
phase2_mid_block2,2022-01-21,-12.428795649395418,-19.89906516627467
phase2_mid_block3,2022-01-21,-12.448989252141121,-20.49137290407764
phase2_mid_block4,2022-01-21,-13.507878043463494,-21.124616886639682
phase2_south_block1,2022-01-21,-16.14334971988493,-25.15764706870292
phase2_south_block2,2022-01-21,-12.395797196202075,-18.72149002606647
phase2_south_block3,2022-01-21,-13.233382127133813,-20.68899067184165
phase2_south_block4,2022-01-21,-15.029521644713112,-23.368713570324562
phase2_south_block5,2022-01-21,-13.025216712878052,-20.61810534217667
phase2_south_block6,2022-01-21,-12.88707252051344,-20.20387561768673
phase1_block1,2022-02-02,-13.064563874041028,-19.8641904119846
phase1_block2,2022-02-02,-15.378923905924385,-22.27564992521754
phase2_mid_block1,2022-02-02,-16.60640393323974,-26.894510981690676
phase2_mid_block2,2022-02-02,-12.103819446092713,-19.436358927033144
phase2_mid_block3,2022-02-02,-12.245612509922303,-19.99273013081819
phase2_mid_block4,2022-02-02,-13.449781610971785,-20.311058951858787
phase2_south_block1,2022-02-02,-16.184285420806425,-24.849815134819842
phase2_south_block2,2022-02-02,-11.5361414847794,-19.062078962790675
phase2_south_block3,2022-02-02,-12.874792224735625,-20.40100178352244
phase2_south_block4,2022-02-02,-15.148202462053879,-22.916876721499023
phase2_south_block5,2022-02-02,-12.940958123433651,-19.731673100030008
phase2_south_block6,2022-02-02,-12.740988661665792,-19.65450544485153
phase1_block1,2022-02-14,-12.820475073363408,-20.268191546131785
phase1_block2,2022-02-14,-15.358295404411946,-22.601667890679668
phase2_mid_block1,2022-02-14,-15.956427482766088,-27.2608187269705
phase2_mid_block2,2022-02-14,-12.529922851496304,-19.552051389540164
phase2_mid_block3,2022-02-14,-12.45097466164458,-19.83145345382632
phase2_mid_block4,2022-02-14,-13.101378230924043,-20.38196554455054
phase2_south_block1,2022-02-14,-15.523703433671324,-25.321240527691252
phase2_south_block2,2022-02-14,-12.021986151342773,-18.768641929156903
phase2_south_block3,2022-02-14,-12.974928745051274,-20.856322932578884
phase2_south_block4,2022-02-14,-15.088902357723285,-23.273542418191
phase2_south_block5,2022-02-14,-12.926705398818283,-20.39790350748108
phase2_south_block6,2022-02-14,-13.059763877468695,-19.99389355490786
phase1_block1,2022-02-26,-12.48028226457465,-20.825757831326428
phase1_block2,2022-02-26,-14.114460243911404,-21.774837540281638
phase2_mid_block1,2022-02-26,-15.063043650416741,-24.834884924565294
phase2_mid_block2,2022-02-26,-11.755748203397538,-19.40610015498817
phase2_mid_block3,2022-02-26,-12.225087561517777,-20.32039314389705
phase2_mid_block4,2022-02-26,-12.968577195275358,-20.36241857783286
phase2_south_block1,2022-02-26,-14.780420442817684,-24.153671849506704
phase2_south_block2,2022-02-26,-10.543460701598713,-18.14263111783891
phase2_south_block3,2022-02-26,-11.906713332668383,-20.68656689191349
phase2_south_block4,2022-02-26,-14.056643821121739,-23.20237098117017
phase2_south_block5,2022-02-26,-12.875373774643059,-20.2696893709105
phase2_south_block6,2022-02-26,-12.429495882705497,-20.06207243416604
phase1_block1,2022-03-10,-13.113464672748895,-19.761592268476022
phase1_block2,2022-03-10,-15.18327009198945,-22.28668902596849
phase2_mid_block1,2022-03-10,-16.398317945995778,-27.465967045612413
phase2_mid_block2,2022-03-10,-11.921717303639872,-19.016683134136436
phase2_mid_block3,2022-03-10,-12.364286296113995,-19.784544865721195
phase2_mid_block4,2022-03-10,-13.162190060191023,-20.68413700178557
phase2_south_block1,2022-03-10,-15.706203518518024,-24.85952345023874
phase2_south_block2,2022-03-10,-11.611613926088774,-18.438695743630337
phase2_south_block3,2022-03-10,-12.812674863539007,-20.153306893941004
phase2_south_block4,2022-03-10,-14.837599881194313,-22.48030003164912
phase2_south_block5,2022-03-10,-13.258774395577474,-19.79848795406066
phase2_south_block6,2022-03-10,-12.241727998115524,-19.573553166041453
phase1_block1,2022-03-22,-12.69560452465817,-18.9917167123025
phase1_block2,2022-03-22,-13.807358756434075,-21.048058442319814
phase2_mid_block1,2022-03-22,-14.714638649579497,-25.68274106915787
phase2_mid_block2,2022-03-22,-11.999271289339221,-18.58562823130763
phase2_mid_block3,2022-03-22,-12.397494274027602,-19.858589604464104
phase2_mid_block4,2022-03-22,-12.424754430236693,-19.84530972130838
phase2_south_block1,2022-03-22,-14.938533780553422,-23.457532157803783
phase2_south_block2,2022-03-22,-11.240222454724348,-17.40524558381399
phase2_south_block3,2022-03-22,-12.089741315561719,-19.426244811331646
phase2_south_block4,2022-03-22,-13.948616325553411,-23.208546009267668
phase2_south_block5,2022-03-22,-12.778241542776096,-19.701205480370582
phase2_south_block6,2022-03-22,-12.171240767181361,-19.057830724523452
phase1_block1,2022-04-03,-12.931347249725714,-19.279650253571337
phase1_block2,2022-04-03,-14.835623664787262,-21.744420894089824
phase2_mid_block1,2022-04-03,-16.71836038377511,-26.804628432123675
phase2_mid_block2,2022-04-03,-11.756952127100401,-19.0998997021922
phase2_mid_block3,2022-04-03,-12.462777557573052,-19.294674203362227
phase2_mid_block4,2022-04-03,-12.49939206486751,-20.29664207151416
phase2_south_block1,2022-04-03,-15.120280948017893,-24.666908101012112
phase2_south_block2,2022-04-03,-11.31028120575224,-17.35269707170309
phase2_south_block3,2022-04-03,-12.816744315632654,-19.837216209783886
phase2_south_block4,2022-04-03,-14.230154734831236,-21.590752315851134
phase2_south_block5,2022-04-03,-12.866533081398384,-19.242630432738416
phase2_south_block6,2022-04-03,-12.008789752443597,-19.377577543218866
phase1_block1,2022-04-15,-12.345654456492163,-18.859802035273475
phase1_block2,2022-04-15,-14.323238896031599,-21.16529506694797
phase2_mid_block1,2022-04-15,-16.912442123603867,-27.208345372677577
phase2_mid_block2,2022-04-15,-11.839412876552212,-18.01550662580363
phase2_mid_block3,2022-04-15,-12.27411569554844,-19.460427989035097
phase2_mid_block4,2022-04-15,-12.828578519373055,-19.45571167905942
phase2_south_block1,2022-04-15,-15.259221748900666,-24.25889681286763
phase2_south_block2,2022-04-15,-11.71023342885197,-17.94942178288578
phase2_south_block3,2022-04-15,-12.457636775602564,-18.879482536731476
phase2_south_block4,2022-04-15,-13.889841051770654,-21.281955343690758
phase2_south_block5,2022-04-15,-12.655807458869438,-18.970482723063657
phase2_south_block6,2022-04-15,-12.372936617817683,-18.61894064467358
phase1_block1,2022-04-27,-13.287869409059262,-19.56476592104387
phase1_block2,2022-04-27,-14.513199971840521,-21.222591475510075
phase2_mid_block1,2022-04-27,-16.941417690283807,-26.83955796583742
phase2_mid_block2,2022-04-27,-11.794381733227377,-18.660951887833313
phase2_mid_block3,2022-04-27,-12.804162014345632,-19.563803942724434
phase2_mid_block4,2022-04-27,-12.558816529821378,-20.470916805267095
phase2_south_block1,2022-04-27,-15.565983419480123,-24.130463389243737
phase2_south_block2,2022-04-27,-11.539187932896525,-17.900274419989273
phase2_south_block3,2022-04-27,-12.351501766394913,-19.236822108016113
phase2_south_block4,2022-04-27,-14.63954514503392,-21.57251073439513
phase2_south_block5,2022-04-27,-13.240735200436406,-19.91726605362852
phase2_south_block6,2022-04-27,-12.519396697460605,-19.24412751939539
phase1_block1,2022-05-09,-12.772379002926947,-19.517987814754136
phase1_block2,2022-05-09,-14.254363351262523,-21.25830711923694
phase2_mid_block1,2022-05-09,-17.216662451020785,-26.79185103771524
phase2_mid_block2,2022-05-09,-11.740345479248386,-18.648358316707913
phase2_mid_block3,2022-05-09,-12.002575251027345,-19.626846021197856
phase2_mid_block4,2022-05-09,-12.953184454477098,-19.480697133306723
phase2_south_block1,2022-05-09,-15.403866721337232,-25.246680806684644
phase2_south_block2,2022-05-09,-12.192287487750336,-18.06736882566641
phase2_south_block3,2022-05-09,-12.451495921240461,-18.42367401369705
phase2_south_block4,2022-05-09,-14.069155675882836,-21.278043012355965
phase2_south_block5,2022-05-09,-13.081969639470909,-19.45937057413049
phase2_south_block6,2022-05-09,-12.012057656709759,-19.11277207856907
phase1_block1,2022-05-21,-12.844594742885977,-19.354109638692485
phase1_block2,2022-05-21,-14.564751972622608,-21.198168586233997
phase2_mid_block1,2022-05-21,-16.878347371696574,-26.468354683573477
phase2_mid_block2,2022-05-21,-11.923122629877744,-18.178906108664645
phase2_mid_block3,2022-05-21,-12.112451606302908,-19.68829118316859
phase2_mid_block4,2022-05-21,-12.839323695268385,-19.790480083302935
phase2_south_block1,2022-05-21,-15.444257244974397,-24.1760794550303
phase2_south_block2,2022-05-21,-11.827486440221456,-18.102981195345123
phase2_south_block3,2022-05-21,-12.294130789142818,-19.02621417201358
phase2_south_block4,2022-05-21,-14.159371189692365,-21.346072911919787
phase2_south_block5,2022-05-21,-12.882672973124333,-19.419459933102733
phase2_south_block6,2022-05-21,-12.086082594947447,-18.739723040412137
phase1_block1,2022-06-02,-12.989885662395363,-19.317375865816505
phase1_block2,2022-06-02,-14.335571695742464,-21.701871592172655
phase2_mid_block1,2022-06-02,-16.697598071772944,-26.65470767635163
phase2_mid_block2,2022-06-02,-12.00906567072586,-19.268449521041962
phase2_mid_block3,2022-06-02,-12.290342867488365,-19.410340658319353
phase2_mid_block4,2022-06-02,-12.838639931284915,-19.283840024854737
phase2_south_block1,2022-06-02,-15.166498698517263,-25.119351489740467
phase2_south_block2,2022-06-02,-12.036512156940788,-17.812899259931502
phase2_south_block3,2022-06-02,-12.29651224487859,-19.00882726790155
phase2_south_block4,2022-06-02,-14.326978484228558,-21.83906990822075
phase2_south_block5,2022-06-02,-12.608915109716007,-19.59232916922404
phase2_south_block6,2022-06-02,-12.397687705907819,-19.02095806231911
phase1_block1,2022-06-14,-12.982080082762684,-19.021039964076667
phase1_block2,2022-06-14,-14.585735926115214,-21.55170126881103
phase2_mid_block1,2022-06-14,-16.577274378726436,-26.190880053917674
phase2_mid_block2,2022-06-14,-11.87791661004655,-18.348390925582947
phase2_mid_block3,2022-06-14,-12.463667709577688,-18.854320883474248
phase2_mid_block4,2022-06-14,-13.20532894616821,-19.162170946318877
phase2_south_block1,2022-06-14,-15.35896453189862,-24.03846259450272
phase2_south_block2,2022-06-14,-11.513091736641202,-17.567339746831045
phase2_south_block3,2022-06-14,-12.95894385338136,-18.51360481300692
phase2_south_block4,2022-06-14,-13.836737528949822,-20.93398938198044
phase2_south_block5,2022-06-14,-12.677058151842173,-19.15371735390413
phase2_south_block6,2022-06-14,-12.147456000250251,-18.822211729187973
phase1_block1,2022-06-26,-12.56579033618274,-19.027415886385796
phase1_block2,2022-06-26,-14.783012815656267,-22.080332581883802
phase2_mid_block1,2022-06-26,-16.287044400822598,-26.1404853582773
phase2_mid_block2,2022-06-26,-12.323151417564237,-18.19652253483749
phase2_mid_block3,2022-06-26,-12.571916514553282,-19.41551943633088
phase2_mid_block4,2022-06-26,-12.841177324074462,-19.203904206713393
phase2_south_block1,2022-06-26,-15.421959978624205,-24.481251292723574
phase2_south_block2,2022-06-26,-11.756237394830908,-18.14746661567899
phase2_south_block3,2022-06-26,-11.935489150981661,-19.031198022073085
phase2_south_block4,2022-06-26,-14.454432886641369,-21.488032166407127
phase2_south_block5,2022-06-26,-12.749944872931925,-19.322476928414748
phase2_south_block6,2022-06-26,-12.091709409025324,-19.61620370199664
phase1_block1,2022-07-08,-12.395878070270275,-19.16864500411554
phase1_block2,2022-07-08,-14.689218771463832,-21.279584455873593
phase2_mid_block1,2022-07-08,-16.223417901012105,-25.712619553367215
phase2_mid_block2,2022-07-08,-11.925868948021215,-18.890845827751196
phase2_mid_block3,2022-07-08,-12.282182537646156,-19.372532588166752
phase2_mid_block4,2022-07-08,-13.341833880566092,-19.41535619776867
phase2_south_block1,2022-07-08,-15.345846054360969,-23.868226745120904
phase2_south_block2,2022-07-08,-11.700225439816627,-18.200862260545335
phase2_south_block3,2022-07-08,-12.49234084353522,-19.046866758592785
phase2_south_block4,2022-07-08,-14.512314287906488,-21.415151855636758
phase2_south_block5,2022-07-08,-12.995622271573717,-19.068078084200234
phase2_south_block6,2022-07-08,-12.14310063883862,-19.405345298613774
phase1_block1,2022-07-20,-13.013069053723154,-19.283642456102378
phase1_block2,2022-07-20,-14.7819068543003,-21.865043527071727
phase2_mid_block1,2022-07-20,-16.288873046024293,-25.111308286425288
phase2_mid_block2,2022-07-20,-11.63084068530062,-18.420894682980258
phase2_mid_block3,2022-07-20,-12.334824816870276,-19.358291976575348
phase2_mid_block4,2022-07-20,-12.936479050422568,-19.39182775749851
phase2_south_block1,2022-07-20,-14.941709804625654,-24.24117605320147
phase2_south_block2,2022-07-20,-12.00919954291573,-18.0628632918454
phase2_south_block3,2022-07-20,-12.446292473705649,-19.18002339810735
phase2_south_block4,2022-07-20,-13.864075057745886,-21.675206162804194
phase2_south_block5,2022-07-20,-12.563529856114137,-18.84780615773227
phase2_south_block6,2022-07-20,-12.36867748503793,-19.509780305120344
phase1_block1,2022-08-01,-13.004556823930566,-19.55736880602533
phase1_block2,2022-08-01,-14.87323253708494,-21.997275628819985
phase2_mid_block1,2022-08-01,-15.946860615753733,-25.66149007676253
phase2_mid_block2,2022-08-01,-12.043875414143221,-18.206975353730286
phase2_mid_block3,2022-08-01,-12.237861108091852,-18.68014406658804
phase2_mid_block4,2022-08-01,-12.918615522995285,-19.45390148303927
phase2_south_block1,2022-08-01,-15.24718104311653,-24.031276952036873
phase2_south_block2,2022-08-01,-12.221997482734414,-18.32293666304842
phase2_south_block3,2022-08-01,-12.642238561971695,-19.379460301160147
phase2_south_block4,2022-08-01,-14.153892165077194,-22.061554220877422
phase2_south_block5,2022-08-01,-12.626020770046424,-19.252702950954795
phase2_south_block6,2022-08-01,-12.223031032206771,-19.181680114676944
phase1_block1,2022-08-13,-12.924843248345276,-19.859278180055007
phase1_block2,2022-08-13,-15.243491646190336,-21.872256284539628
phase2_mid_block1,2022-08-13,-16.666063108151782,-25.626737696571862
phase2_mid_block2,2022-08-13,-12.135952650822489,-19.000562724440858
phase2_mid_block3,2022-08-13,-13.281727703037893,-19.490550240557376
phase2_mid_block4,2022-08-13,-13.606201543214718,-20.008214839070064
phase2_south_block1,2022-08-13,-15.485014870816704,-24.301160700085102
phase2_south_block2,2022-08-13,-11.53400395610091,-19.363990656305234
phase2_south_block3,2022-08-13,-13.086797304361125,-19.711543308416157
phase2_south_block4,2022-08-13,-14.644050927489406,-22.454495469214923
phase2_south_block5,2022-08-13,-13.11676800833272,-20.1795108355901
phase2_south_block6,2022-08-13,-13.018100628976297,-19.64134288486226
phase1_block1,2022-08-25,-13.176963876931467,-20.023791639507166
phase1_block2,2022-08-25,-15.482957098519336,-22.428922073224363
phase2_mid_block1,2022-08-25,-16.545108428608806,-24.757777720273584
phase2_mid_block2,2022-08-25,-12.371658694608401,-19.45158115501547
phase2_mid_block3,2022-08-25,-13.575214016407573,-19.69501110291009
phase2_mid_block4,2022-08-25,-13.922254701390237,-19.77160239624869
phase2_south_block1,2022-08-25,-14.933965346522042,-24.207035298871425
phase2_south_block2,2022-08-25,-12.176113273050163,-18.78052906566617
phase2_south_block3,2022-08-25,-12.690141519603255,-20.64048597465315
phase2_south_block4,2022-08-25,-15.041458789556618,-22.723681261760177
phase2_south_block5,2022-08-25,-13.281021678226457,-20.267974948383287
phase2_south_block6,2022-08-25,-13.193908141537595,-20.193247056297288
phase1_block1,2022-09-06,-12.753540533600239,-19.742238506308478
phase1_block2,2022-09-06,-14.254160406827044,-21.499057497223802
phase2_mid_block1,2022-09-06,-15.183209502929667,-24.06949909082102
phase2_mid_block2,2022-09-06,-12.514681276095997,-19.447610339501963
phase2_mid_block3,2022-09-06,-12.829625958461861,-20.21393824008735
phase2_mid_block4,2022-09-06,-12.871606382053281,-19.900207215993795
phase2_south_block1,2022-09-06,-15.116685719424284,-23.08335216393256
phase2_south_block2,2022-09-06,-11.92083291279736,-18.55428393362456
phase2_south_block3,2022-09-06,-12.864164844747304,-19.911771307119864
phase2_south_block4,2022-09-06,-13.951649265624841,-21.962250625053596
phase2_south_block5,2022-09-06,-13.176906160693823,-19.740817119003157
phase2_south_block6,2022-09-06,-12.277557733377137,-19.866340296206296
phase1_block1,2022-09-18,-12.55355568364424,-19.88154594364875
phase1_block2,2022-09-18,-14.764260881402844,-21.723048842702493
phase2_mid_block1,2022-09-18,-15.752031055316223,-25.13452716878675
phase2_mid_block2,2022-09-18,-12.072573527344426,-19.02476346333483
phase2_mid_block3,2022-09-18,-12.57476259345713,-19.56424525681128
phase2_mid_block4,2022-09-18,-13.376275924936067,-19.555238829687546
phase2_south_block1,2022-09-18,-15.155127990201587,-23.49545473063975
phase2_south_block2,2022-09-18,-12.228150239034427,-18.912938539715043
phase2_south_block3,2022-09-18,-13.209313948431136,-19.485373872558213
phase2_south_block4,2022-09-18,-14.240608854358781,-22.01565934013706
phase2_south_block5,2022-09-18,-12.89859289247045,-19.593825584462643
phase2_south_block6,2022-09-18,-12.49878847127237,-19.293678812932146
phase1_block1,2022-09-30,-13.179406628264625,-19.90837127077791
phase1_block2,2022-09-30,-15.08604476474449,-22.110030902878307
phase2_mid_block1,2022-09-30,-16.022279644333985,-24.789936864490116
phase2_mid_block2,2022-09-30,-12.167488835521539,-18.915089874406355
phase2_mid_block3,2022-09-30,-12.688589852423716,-19.15080878173197
phase2_mid_block4,2022-09-30,-13.234911779566753,-19.578104946509434
phase2_south_block1,2022-09-30,-15.322233294069997,-23.347848347489272
phase2_south_block2,2022-09-30,-12.008186975764408,-18.524906332103217
phase2_south_block3,2022-09-30,-12.767633165322016,-19.505592358980273
phase2_south_block4,2022-09-30,-14.315843798448418,-21.91674826714951
phase2_south_block5,2022-09-30,-12.95887142179883,-19.832956012378173
phase2_south_block6,2022-09-30,-12.176051285043453,-19.473752379910735
phase1_block1,2022-10-12,-12.189099808266445,-18.936031794469677
phase1_block2,2022-10-12,-13.187006917013834,-20.97034614146897
phase2_mid_block1,2022-10-12,-13.796168318943277,-22.446983449449093
phase2_mid_block2,2022-10-12,-11.618638191106198,-18.94305962713189
phase2_mid_block3,2022-10-12,-12.299305868378895,-19.683943985761363
phase2_mid_block4,2022-10-12,-12.596242182148023,-19.273037105652584
phase2_south_block1,2022-10-12,-13.339221297936074,-22.0189444904993
phase2_south_block2,2022-10-12,-11.417021333081497,-17.66403006165473
phase2_south_block3,2022-10-12,-11.458494907861985,-19.09045131909305
phase2_south_block4,2022-10-12,-13.533297240631384,-21.228747123731182
phase2_south_block5,2022-10-12,-12.386942599042673,-19.824121496710916
phase2_south_block6,2022-10-12,-12.486567148474682,-19.00572408325584
phase1_block1,2022-10-24,-12.998664501903626,-20.324960373961783
phase1_block2,2022-10-24,-15.088314791583812,-22.063495334976256
phase2_mid_block1,2022-10-24,-15.666526658196698,-24.68334189069256
phase2_mid_block2,2022-10-24,-12.366064380976853,-19.623184230733226
phase2_mid_block3,2022-10-24,-13.183428891462276,-19.881021856918107
phase2_mid_block4,2022-10-24,-12.99535928162512,-20.532874278995067
phase2_south_block1,2022-10-24,-15.074382988912847,-23.825715333773758
phase2_south_block2,2022-10-24,-12.092176398757863,-18.43359453007747
phase2_south_block3,2022-10-24,-13.342441687127703,-19.982976615048724
phase2_south_block4,2022-10-24,-14.698459598956168,-22.756426481941173
phase2_south_block5,2022-10-24,-13.590457933735673,-20.277600442028582
phase2_south_block6,2022-10-24,-12.877497569346618,-20.49779146069792
phase1_block1,2022-11-05,-12.908945573955345,-20.267780015131994
phase1_block2,2022-11-05,-14.928205801126191,-21.873256751424233
phase2_mid_block1,2022-11-05,-15.260205652843258,-23.64757386413106
phase2_mid_block2,2022-11-05,-12.722896927120257,-19.687505010904587
phase2_mid_block3,2022-11-05,-12.35776710578287,-20.307143170874376
phase2_mid_block4,2022-11-05,-13.18372271725319,-19.796015216317233
phase2_south_block1,2022-11-05,-14.649932217172733,-23.810224909043683
phase2_south_block2,2022-11-05,-11.627104175401382,-18.63985129413453
phase2_south_block3,2022-11-05,-13.143664711977094,-20.28263590213912
phase2_south_block4,2022-11-05,-14.66224353072303,-23.00395871847838
phase2_south_block5,2022-11-05,-13.119936132067613,-20.269557696727052
phase2_south_block6,2022-11-05,-13.120119516736649,-19.87531191869184
phase1_block1,2022-11-17,-13.919782121454022,-21.181339965275463
phase1_block2,2022-11-17,-15.369243445527182,-23.4982890179045
phase2_mid_block1,2022-11-17,-16.30490722815075,-25.394752546492704
phase2_mid_block2,2022-11-17,-12.221134427432988,-19.49161022030531
phase2_mid_block3,2022-11-17,-12.970675944082007,-21.07534605739567
phase2_mid_block4,2022-11-17,-13.401203484108851,-21.010258627757448
phase2_south_block1,2022-11-17,-15.450325292546884,-24.161463653744576
phase2_south_block2,2022-11-17,-12.40622011214041,-19.14130316820678
phase2_south_block3,2022-11-17,-13.561684887027006,-20.95298471472603
phase2_south_block4,2022-11-17,-14.752329213670032,-23.425270714660538
phase2_south_block5,2022-11-17,-13.873480494291519,-21.291008454938677
phase2_south_block6,2022-11-17,-13.216596891246448,-20.889226760669253
phase1_block1,2022-11-29,-12.153686604384927,-19.55595532287557
phase1_block2,2022-11-29,-12.934687755690618,-20.41650082055131
phase2_mid_block1,2022-11-29,-13.6134172830381,-22.513094390379152
phase2_mid_block2,2022-11-29,-11.47426859214136,-19.024608313510342
phase2_mid_block3,2022-11-29,-11.678806192850352,-19.250674864572343
phase2_mid_block4,2022-11-29,-12.182149522983076,-19.230861562020333
phase2_south_block1,2022-11-29,-13.818405601622633,-22.062892608062146
phase2_south_block2,2022-11-29,-10.392821240486073,-17.957342173003617
phase2_south_block3,2022-11-29,-11.258835500749202,-20.524518808467597
phase2_south_block4,2022-11-29,-13.133897864911827,-22.159836985831635
phase2_south_block5,2022-11-29,-12.48073451554117,-20.147001182190127
phase2_south_block6,2022-11-29,-12.509567203361572,-19.87652394141118
phase1_block1,2022-12-11,-11.675995741268133,-18.27808475083273
phase1_block2,2022-12-11,-12.79731150558548,-18.51033735612195
phase2_mid_block1,2022-12-11,-11.156567893851289,-18.694690140073
phase2_mid_block2,2022-12-11,-11.258145683763429,-18.06984266154221
phase2_mid_block3,2022-12-11,-12.120739379821682,-19.10790684716358
phase2_mid_block4,2022-12-11,-11.831334017564826,-18.07186132926333
phase2_south_block1,2022-12-11,-11.708817098753592,-19.048293998291342
phase2_south_block2,2022-12-11,-11.035903046767997,-16.961175902957702
phase2_south_block3,2022-12-11,-11.873549294408916,-18.440523129906065
phase2_south_block4,2022-12-11,-13.148231594716696,-19.983328497671792
phase2_south_block5,2022-12-11,-11.994445176260983,-18.180494504082464
phase2_south_block6,2022-12-11,-11.238063830114724,-17.7588711478456
phase1_block1,2022-12-23,-14.420201940561155,-22.563554020235273
phase1_block2,2022-12-23,-16.742092581278353,-24.713399049186183
phase2_mid_block1,2022-12-23,-16.1199256202104,-26.19703189536015
phase2_mid_block2,2022-12-23,-12.809171123830321,-21.71105959904929
phase2_mid_block3,2022-12-23,-13.362714547226568,-21.48893697672038
phase2_mid_block4,2022-12-23,-14.358322650543371,-21.890881421901078
phase2_south_block1,2022-12-23,-15.986061224241103,-25.66035627447195
phase2_south_block2,2022-12-23,-13.282369129171299,-20.74368682290282
phase2_south_block3,2022-12-23,-13.741013029085197,-21.967437092442584
phase2_south_block4,2022-12-23,-16.08044386347451,-25.079670567856223
phase2_south_block5,2022-12-23,-14.605237727979077,-22.574050259034877
phase2_south_block6,2022-12-23,-14.535718588174264,-22.706552469251864
phase1_block1,2023-01-04,-13.184320815470816,-20.324145532810522
phase1_block2,2023-01-04,-15.170736501513682,-22.721295156175024
phase2_mid_block1,2023-01-04,-15.950486549330417,-24.33574841820602
phase2_mid_block2,2023-01-04,-12.1076284303787,-20.10678461753082
phase2_mid_block3,2023-01-04,-12.559212227578703,-20.444626568123056
phase2_mid_block4,2023-01-04,-13.062892517710162,-19.903829069461445
phase2_south_block1,2023-01-04,-15.063420287775935,-23.199493064187546
phase2_south_block2,2023-01-04,-12.356429230912296,-18.970585603506212
phase2_south_block3,2023-01-04,-13.32107436468475,-20.174762234271466
phase2_south_block4,2023-01-04,-14.570590884683131,-22.65849178177352
phase2_south_block5,2023-01-04,-13.281523700525288,-21.014761860970484
phase2_south_block6,2023-01-04,-12.751324363121784,-20.376844920756998
phase1_block1,2023-01-28,-12.82279075481964,-19.92061268511359
phase1_block2,2023-01-28,-14.429273819784699,-21.43786399034212
phase2_mid_block1,2023-01-28,-15.457606817560674,-23.206362326667044
phase2_mid_block2,2023-01-28,-11.946708773886824,-18.90913981367271
phase2_mid_block3,2023-01-28,-12.118797163825642,-19.90297162689107
phase2_mid_block4,2023-01-28,-12.442612152832956,-19.347504521728272
phase2_south_block1,2023-01-28,-14.67887706817532,-23.165920312454073
phase2_south_block2,2023-01-28,-11.902683170740211,-18.18769171596681
phase2_south_block3,2023-01-28,-12.275950762327088,-19.95084570270851
phase2_south_block4,2023-01-28,-14.047658971284667,-22.05757597410419
phase2_south_block5,2023-01-28,-13.025297631990764,-20.291948638677148
phase2_south_block6,2023-01-28,-12.513072760899615,-19.796822468014543
phase1_block1,2023-02-09,-11.97747840056469,-19.358475305624054
phase1_block2,2023-02-09,-12.821347104464554,-20.32038379916347
phase2_mid_block1,2023-02-09,-12.63744904346548,-21.01733635810185
phase2_mid_block2,2023-02-09,-10.92036028987076,-18.381654818577346
phase2_mid_block3,2023-02-09,-11.209401196146061,-19.249816923981225
phase2_mid_block4,2023-02-09,-11.744131956438189,-18.89035499556599
phase2_south_block1,2023-02-09,-12.056315117281189,-21.011041460872942
phase2_south_block2,2023-02-09,-10.602387203443605,-17.188709069450383
phase2_south_block3,2023-02-09,-11.044059623077384,-18.997066734464898
phase2_south_block4,2023-02-09,-12.817103870822347,-21.039803394928015
phase2_south_block5,2023-02-09,-12.44353261840513,-19.745548922233166
phase2_south_block6,2023-02-09,-11.536383060680526,-18.905106389543064
phase1_block1,2023-02-21,-12.372601361503179,-19.859741110523032
phase1_block2,2023-02-21,-14.611019004932576,-21.52611958504314
phase2_mid_block1,2023-02-21,-15.044127123516159,-24.121544922745727
phase2_mid_block2,2023-02-21,-11.504311717296426,-19.647978263715856
phase2_mid_block3,2023-02-21,-12.388607537271811,-19.94051576861628
phase2_mid_block4,2023-02-21,-12.846463670781592,-19.196750406313317
phase2_south_block1,2023-02-21,-14.550545280129988,-23.14800017506345
phase2_south_block2,2023-02-21,-11.872176865074138,-17.80471320411638
phase2_south_block3,2023-02-21,-13.001467668675641,-19.42986676771034
phase2_south_block4,2023-02-21,-14.209375282021599,-22.048127634070312
phase2_south_block5,2023-02-21,-12.952071800724147,-20.078222309120815
phase2_south_block6,2023-02-21,-12.530232589154151,-20.025366417366257
phase1_block1,2023-03-05,-12.033421875252461,-19.75127671620026
phase1_block2,2023-03-05,-13.455271209190364,-20.91831299053429
phase2_mid_block1,2023-03-05,-14.90960153814913,-23.343255763765015
phase2_mid_block2,2023-03-05,-11.475640184300525,-18.485008928615322
phase2_mid_block3,2023-03-05,-12.48133706285904,-19.71470447176455
phase2_mid_block4,2023-03-05,-12.249309324652119,-19.840487289321864
phase2_south_block1,2023-03-05,-14.478480569803448,-23.063793741198687
phase2_south_block2,2023-03-05,-11.1009606149629,-17.698508628414434
phase2_south_block3,2023-03-05,-11.910954248491977,-19.744614708368317
phase2_south_block4,2023-03-05,-14.155640633646316,-22.172137907709665
phase2_south_block5,2023-03-05,-12.362337217421342,-19.901684893993796
phase2_south_block6,2023-03-05,-12.456153063431533,-19.30534160598745
phase1_block1,2023-03-17,-12.757905991463383,-19.597880617863726
phase1_block2,2023-03-17,-14.24024926152603,-21.04032443718218
phase2_mid_block1,2023-03-17,-14.730851485008692,-24.01709816263332
phase2_mid_block2,2023-03-17,-11.471103219476694,-18.99789472645226
phase2_mid_block3,2023-03-17,-12.464348399485717,-19.344178501891268
phase2_mid_block4,2023-03-17,-12.715701406383104,-19.440732632857745
phase2_south_block1,2023-03-17,-14.586400550477217,-22.686508350977423
phase2_south_block2,2023-03-17,-11.240465721626272,-17.954194499923148
phase2_south_block3,2023-03-17,-12.590212759038367,-19.527016932373467
phase2_south_block4,2023-03-17,-14.592859596174028,-21.971287412873973
phase2_south_block5,2023-03-17,-13.127907254441638,-19.755453493115304
phase2_south_block6,2023-03-17,-12.949710806551563,-19.857064922659248
phase1_block1,2023-03-29,-13.064861186281913,-19.42369064660753
phase1_block2,2023-03-29,-14.183487132445043,-21.256570132298986
phase2_mid_block1,2023-03-29,-15.385540213788216,-22.68375599956465
phase2_mid_block2,2023-03-29,-12.011943022631085,-18.667324620534526
phase2_mid_block3,2023-03-29,-12.58449778570512,-19.653239106789787
phase2_mid_block4,2023-03-29,-12.231872279977068,-19.52841715802954
phase2_south_block1,2023-03-29,-14.398571945684777,-22.039184120330034
phase2_south_block2,2023-03-29,-11.22147837804921,-17.587518261504883
phase2_south_block3,2023-03-29,-12.001208360299914,-19.269483005632654
phase2_south_block4,2023-03-29,-13.96750782487966,-21.490084128085268
phase2_south_block5,2023-03-29,-12.816719400107122,-19.652359971350386
phase2_south_block6,2023-03-29,-12.765991900447553,-19.648027999509665
phase1_block1,2023-04-10,-11.757911104126414,-18.091372811580264
phase1_block2,2023-04-10,-11.786374189157648,-19.037166238596374
phase2_mid_block1,2023-04-10,-13.370193175026314,-20.544536576706477
phase2_mid_block2,2023-04-10,-11.019246044825925,-17.6736885241675
phase2_mid_block3,2023-04-10,-12.251568247638664,-19.121246333978196
phase2_mid_block4,2023-04-10,-11.372841799175303,-18.695937650259218
phase2_south_block1,2023-04-10,-13.02372535000689,-20.442987934892383
phase2_south_block2,2023-04-10,-11.05635474191602,-17.900643164291395
phase2_south_block3,2023-04-10,-11.982452436092391,-18.032362427052362
phase2_south_block4,2023-04-10,-12.750377021307186,-19.691390150102993
phase2_south_block5,2023-04-10,-12.215815334211154,-18.65868639554016
phase2_south_block6,2023-04-10,-12.222899187850631,-18.451294551843986
phase1_block1,2023-04-22,-13.189892781058802,-19.35556040955087
phase1_block2,2023-04-22,-14.051203172128258,-21.117848837086708
phase2_mid_block1,2023-04-22,-14.885725089266701,-23.15017429045525
phase2_mid_block2,2023-04-22,-11.99541743895629,-18.692841821301858
phase2_mid_block3,2023-04-22,-12.782276651164363,-19.350775643519572
phase2_mid_block4,2023-04-22,-12.382339369574032,-18.840920891737884
phase2_south_block1,2023-04-22,-14.692555414630633,-22.259915943208014
phase2_south_block2,2023-04-22,-11.89756513509333,-18.388377095438088
phase2_south_block3,2023-04-22,-12.129573441861819,-19.351905503070427
phase2_south_block4,2023-04-22,-13.374057115695592,-21.29228770572155
phase2_south_block5,2023-04-22,-12.840186984085447,-19.343460842038024
phase2_south_block6,2023-04-22,-12.497079724216544,-19.204844005907308
phase1_block1,2023-05-04,-12.556873307694914,-19.212451445342513
phase1_block2,2023-05-04,-13.771142696332292,-20.848470705194057
phase2_mid_block1,2023-05-04,-15.358056409699746,-22.31959100458968
phase2_mid_block2,2023-05-04,-12.022168719832043,-18.04346724708813
phase2_mid_block3,2023-05-04,-12.256018483230678,-19.508402407100963
phase2_mid_block4,2023-05-04,-12.386527225829479,-18.87136335203949
phase2_south_block1,2023-05-04,-14.231745571701442,-22.070856190299846
phase2_south_block2,2023-05-04,-11.691472331821608,-17.650270022590384
phase2_south_block3,2023-05-04,-12.349586518098835,-18.9157884072099
phase2_south_block4,2023-05-04,-13.626673754404981,-20.2161351012219
phase2_south_block5,2023-05-04,-12.518135042134237,-18.612911264644943
phase2_south_block6,2023-05-04,-12.212261958044149,-18.833472686575774
phase1_block1,2023-05-16,-11.371258791427126,-18.520312845865114
phase1_block2,2023-05-16,-11.638316240523745,-19.088942838283792
phase2_mid_block1,2023-05-16,-13.620792848844166,-19.89483078070228
phase2_mid_block2,2023-05-16,-10.874160326680986,-17.568038465217096
phase2_mid_block3,2023-05-16,-11.52880903961207,-18.69362048663852
phase2_mid_block4,2023-05-16,-11.001047629391788,-18.106459124644655
phase2_south_block1,2023-05-16,-12.98869336774784,-19.895779620571858
phase2_south_block2,2023-05-16,-10.537246433730736,-17.2521694314283
phase2_south_block3,2023-05-16,-10.835616397210293,-18.04752785356059
phase2_south_block4,2023-05-16,-12.664375315910359,-19.91732987417179
phase2_south_block5,2023-05-16,-11.18770470782212,-18.292445342657377
phase2_south_block6,2023-05-16,-11.117495510582067,-17.99741873638244
phase1_block1,2023-05-28,-10.63890205033084,-16.85736774372164
phase1_block2,2023-05-28,-9.959233696439455,-17.143028068718817
phase2_mid_block1,2023-05-28,-11.562021130792719,-17.65324654907785
phase2_mid_block2,2023-05-28,-10.987523832839747,-16.50226476265955
phase2_mid_block3,2023-05-28,-10.544615202889878,-17.458950637572006
phase2_mid_block4,2023-05-28,-10.464116416426629,-16.347224086886666
phase2_south_block1,2023-05-28,-11.362720022696871,-17.280539733739893
phase2_south_block2,2023-05-28,-9.554577171348832,-15.524238040218043
phase2_south_block3,2023-05-28,-10.085147429060356,-16.772202361760478
phase2_south_block4,2023-05-28,-10.770407274602254,-18.245969352932633
phase2_south_block5,2023-05-28,-10.381293844821208,-16.865860532680657
phase2_south_block6,2023-05-28,-10.486039222519794,-16.527573653024852
phase1_block1,2023-06-09,-11.428472404360079,-18.134793573323616
phase1_block2,2023-06-09,-11.842457698159954,-18.544873241961916
phase2_mid_block1,2023-06-09,-13.391686815128324,-19.92009448732522
phase2_mid_block2,2023-06-09,-11.19177716452757,-17.305139539925204
phase2_mid_block3,2023-06-09,-11.298896504368686,-18.236016209868133
phase2_mid_block4,2023-06-09,-11.423570512184229,-18.315127345735306
phase2_south_block1,2023-06-09,-13.461197421360287,-20.220232641711323
phase2_south_block2,2023-06-09,-11.023890341914136,-16.835623480772533
phase2_south_block3,2023-06-09,-10.82533007411017,-17.657659025249618
phase2_south_block4,2023-06-09,-12.69736194803865,-19.821717454770457
phase2_south_block5,2023-06-09,-10.780228104556581,-17.64738092043293
phase2_south_block6,2023-06-09,-11.11465284595816,-18.05445897863398
phase1_block1,2023-06-21,-11.749656312144959,-17.629736580546716
phase1_block2,2023-06-21,-12.553847275670918,-18.867433151373916
phase2_mid_block1,2023-06-21,-14.422264804240564,-20.91378237032485
phase2_mid_block2,2023-06-21,-11.611954004157104,-18.029222960048394
phase2_mid_block3,2023-06-21,-12.284912361722432,-18.57345658089408
phase2_mid_block4,2023-06-21,-12.05819041536151,-17.836857020017195
phase2_south_block1,2023-06-21,-12.963965463227867,-20.798320604598857
phase2_south_block2,2023-06-21,-11.56477551830848,-17.347197988713773
phase2_south_block3,2023-06-21,-11.169131194052147,-18.035037679327733
phase2_south_block4,2023-06-21,-13.528839029742413,-19.633427525472484
phase2_south_block5,2023-06-21,-11.796459276468585,-17.62526773720195
phase2_south_block6,2023-06-21,-11.527075684256955,-17.364215172017232
phase1_block1,2023-07-03,-11.072499202980255,-18.10834434589893
phase1_block2,2023-07-03,-11.822189919078259,-18.461666001322225
phase2_mid_block1,2023-07-03,-13.229819419030875,-20.481172187387234
phase2_mid_block2,2023-07-03,-10.809035131868919,-16.994359973542842
phase2_mid_block3,2023-07-03,-11.33610499737925,-18.32514292528284
phase2_mid_block4,2023-07-03,-11.287960738457473,-17.44129702156376
phase2_south_block1,2023-07-03,-13.054202516762453,-19.55969271395892
phase2_south_block2,2023-07-03,-10.629595685490939,-17.059960314487622
phase2_south_block3,2023-07-03,-11.365488084823571,-17.848509084107025
phase2_south_block4,2023-07-03,-12.145012189968611,-19.081414293309283
phase2_south_block5,2023-07-03,-10.803860616369732,-17.14394178145485
phase2_south_block6,2023-07-03,-11.021564691310868,-17.363504983094153
phase1_block1,2023-07-15,-12.042861114962818,-18.92320292921329
phase1_block2,2023-07-15,-12.81820076629374,-19.224627747837864
phase2_mid_block1,2023-07-15,-16.979020929007163,-24.912833369218085
phase2_mid_block2,2023-07-15,-11.377142458044677,-17.45750999406042
phase2_mid_block3,2023-07-15,-11.991232128807171,-18.88832125256852
phase2_mid_block4,2023-07-15,-11.677236161684084,-18.58318855766196
phase2_south_block1,2023-07-15,-14.595799866590262,-21.721849298301063
phase2_south_block2,2023-07-15,-12.059840281160678,-17.820222208066202
phase2_south_block3,2023-07-15,-11.688788704735808,-18.02093087067361
phase2_south_block4,2023-07-15,-13.231045179849456,-19.9106238677981
phase2_south_block5,2023-07-15,-11.377004537682803,-17.785930240678304
phase2_south_block6,2023-07-15,-11.568849369106623,-17.32736222274681
phase1_block1,2023-07-27,-12.050709254312158,-18.84585026122561
phase1_block2,2023-07-27,-14.072287312680748,-19.769544550351416
phase2_mid_block1,2023-07-27,-16.79055645238476,-25.989463855624685
phase2_mid_block2,2023-07-27,-11.436922038793865,-17.67786572124286
phase2_mid_block3,2023-07-27,-12.58831246610056,-18.49668725122278
phase2_mid_block4,2023-07-27,-12.226840521925082,-19.597211194990138
phase2_south_block1,2023-07-27,-15.355597640555862,-23.635271228701324
phase2_south_block2,2023-07-27,-10.798144675196731,-17.839773049471997
phase2_south_block3,2023-07-27,-11.728969308365796,-18.090891015467534
phase2_south_block4,2023-07-27,-13.563551689278837,-20.115836664098204
phase2_south_block5,2023-07-27,-12.077482634231345,-19.084188035289188
phase2_south_block6,2023-07-27,-11.71871847785336,-18.08996468066539
phase1_block1,2023-08-08,-12.24898135046921,-18.959161052655435
phase1_block2,2023-08-08,-14.25790241809017,-20.34519166105037
phase2_mid_block1,2023-08-08,-17.12686157171187,-26.357556399621203
phase2_mid_block2,2023-08-08,-11.473876073336713,-18.245384551422507
phase2_mid_block3,2023-08-08,-12.323294322966378,-18.74701677106153
phase2_mid_block4,2023-08-08,-12.177261877281554,-19.203088429712327
phase2_south_block1,2023-08-08,-15.580723331227386,-23.811978810757335
phase2_south_block2,2023-08-08,-11.287246762036407,-17.482390099308088
phase2_south_block3,2023-08-08,-12.020689262390578,-18.248680878389425
phase2_south_block4,2023-08-08,-13.397728799288219,-20.9110673011721
phase2_south_block5,2023-08-08,-11.671826202422096,-18.77213806980958
phase2_south_block6,2023-08-08,-11.916730693562187,-19.089080316994
phase1_block1,2023-08-20,-12.637277890817927,-19.192146470874402
phase1_block2,2023-08-20,-13.906063464567984,-20.794649536802083
phase2_mid_block1,2023-08-20,-17.36245963581942,-26.808465596355724
phase2_mid_block2,2023-08-20,-11.890715135571696,-18.808239096900685
phase2_mid_block3,2023-08-20,-12.420893016432853,-19.520247716195193
phase2_mid_block4,2023-08-20,-12.646553430379766,-19.426352076932176
phase2_south_block1,2023-08-20,-15.926918146592321,-24.98989679263303
phase2_south_block2,2023-08-20,-11.934847487019306,-17.657244630184103
phase2_south_block3,2023-08-20,-12.08318100097891,-18.30209606541677
phase2_south_block4,2023-08-20,-14.098973070734532,-20.64952480575338
phase2_south_block5,2023-08-20,-12.573301734929627,-19.40621783683722
phase2_south_block6,2023-08-20,-12.318884386475101,-18.640533771193923
phase1_block1,2023-09-01,-12.221666384136464,-19.256485817675856
phase1_block2,2023-09-01,-14.3338498631204,-21.12648150105021
phase2_mid_block1,2023-09-01,-16.866654295084498,-26.970825064108386
phase2_mid_block2,2023-09-01,-12.01958275235361,-18.207909522498678
phase2_mid_block3,2023-09-01,-11.88407671582638,-19.639882819068006
phase2_mid_block4,2023-09-01,-12.711391935627887,-20.468379171531275
phase2_south_block1,2023-09-01,-15.580163940859228,-25.24564554989175
phase2_south_block2,2023-09-01,-11.519751045798598,-18.157179151232118
phase2_south_block3,2023-09-01,-11.895211139539745,-18.6452750500746
phase2_south_block4,2023-09-01,-14.429543115989944,-21.11707291349976
phase2_south_block5,2023-09-01,-12.45457763375579,-19.122667114351263
phase2_south_block6,2023-09-01,-12.225025703940727,-18.91821082013526
phase1_block1,2023-09-13,-11.449050339488696,-19.06268328033839
phase1_block2,2023-09-13,-11.668320314510796,-20.002144718016257
phase2_mid_block1,2023-09-13,-13.62240635081376,-20.172331033257596
phase2_mid_block2,2023-09-13,-11.28511654805705,-18.33752767988673
phase2_mid_block3,2023-09-13,-11.280811989308269,-18.741763047984673
phase2_mid_block4,2023-09-13,-11.389343486178667,-17.80616050418338
phase2_south_block1,2023-09-13,-13.063317507667305,-20.3232963241193
phase2_south_block2,2023-09-13,-10.247333340737562,-17.1853816609282
phase2_south_block3,2023-09-13,-11.158992744697416,-18.414225845094474
phase2_south_block4,2023-09-13,-12.913652533607838,-20.1871009709263
phase2_south_block5,2023-09-13,-11.664188804734954,-18.629191326381537
phase2_south_block6,2023-09-13,-11.338798841407261,-18.130456536750916
phase1_block1,2023-09-25,-12.616669051883619,-18.38254702353776
phase1_block2,2023-09-25,-13.41901190656628,-20.803712900383736
phase2_mid_block1,2023-09-25,-15.874013737663368,-24.90546313677887
phase2_mid_block2,2023-09-25,-11.736664401484036,-18.063656648398567
phase2_mid_block3,2023-09-25,-12.428403610541062,-18.803168066432367
phase2_mid_block4,2023-09-25,-12.18877300603197,-18.681823571844347
phase2_south_block1,2023-09-25,-15.214023514196128,-23.411599793622514
phase2_south_block2,2023-09-25,-11.422844740313366,-19.132142174898245
phase2_south_block3,2023-09-25,-11.912582315579726,-18.951259491237334
phase2_south_block4,2023-09-25,-13.249090406783171,-21.117956103959408
phase2_south_block5,2023-09-25,-12.060019505429953,-18.312759673343443
phase2_south_block6,2023-09-25,-12.360281836191263,-18.627814176189837
phase1_block1,2023-10-07,-12.712731477216835,-19.07995079529878
phase1_block2,2023-10-07,-13.134250537000332,-20.50616526499979
phase2_mid_block1,2023-10-07,-15.290499801764888,-23.19518401776139
phase2_mid_block2,2023-10-07,-11.764045966355864,-18.68838917945244
phase2_mid_block3,2023-10-07,-12.092932217349595,-19.608199106825165
phase2_mid_block4,2023-10-07,-12.535183159111442,-18.9310890376938
phase2_south_block1,2023-10-07,-14.865674373846248,-22.624168682506024
phase2_south_block2,2023-10-07,-11.45774305756224,-18.362458850158873
phase2_south_block3,2023-10-07,-12.375708147363877,-18.96237207206391
phase2_south_block4,2023-10-07,-14.203717666897004,-21.32870488750482
phase2_south_block5,2023-10-07,-12.580408560396538,-19.24895599322594
phase2_south_block6,2023-10-07,-12.328659831513963,-18.898324949825536
phase1_block1,2023-10-19,-12.428446427917585,-18.865186454698033
phase1_block2,2023-10-19,-14.147623239074225,-20.78439093745054
phase2_mid_block1,2023-10-19,-15.353951493240444,-24.352417923940546
phase2_mid_block2,2023-10-19,-11.780398619390274,-18.185357622303922
phase2_mid_block3,2023-10-19,-12.328905087188387,-19.34790865532752
phase2_mid_block4,2023-10-19,-12.493686606053686,-19.14944369049222
phase2_south_block1,2023-10-19,-14.936391971819821,-23.19885214211272
phase2_south_block2,2023-10-19,-11.741613857380964,-17.802645713014304
phase2_south_block3,2023-10-19,-12.052223072176611,-18.39037639419897
phase2_south_block4,2023-10-19,-14.005649819862427,-21.260570966559893
phase2_south_block5,2023-10-19,-12.5092300366581,-19.00416945047457
phase2_south_block6,2023-10-19,-12.469129967877464,-18.93117798543011
phase1_block1,2023-10-31,-12.05866668373185,-19.147446208130283
phase1_block2,2023-10-31,-11.801412271067969,-19.80765871529289
phase2_mid_block1,2023-10-31,-13.329768029067035,-21.870489375176348
phase2_mid_block2,2023-10-31,-11.909248138949128,-19.05551337681415
phase2_mid_block3,2023-10-31,-11.584064208544726,-19.7150674243978
phase2_mid_block4,2023-10-31,-11.69206109422287,-19.180850566345153
phase2_south_block1,2023-10-31,-13.251572259163428,-21.614363793682017
phase2_south_block2,2023-10-31,-10.811712896313402,-17.53420965486272
phase2_south_block3,2023-10-31,-11.358133989369113,-18.06224776581964
phase2_south_block4,2023-10-31,-13.261125498561812,-21.02127510424436
phase2_south_block5,2023-10-31,-12.35548425641378,-18.932400570043647
phase2_south_block6,2023-10-31,-11.281849595528154,-18.96727304132159
phase1_block1,2023-11-12,-12.746335080985421,-20.444751247085843
phase1_block2,2023-11-12,-13.842144243856023,-21.24503547054432
phase2_mid_block1,2023-11-12,-14.826134954175622,-23.336562653621204
phase2_mid_block2,2023-11-12,-12.478609574942572,-19.491586206579136
phase2_mid_block3,2023-11-12,-12.279876240812237,-20.289978908072257
phase2_mid_block4,2023-11-12,-13.366753129623184,-19.86530794214386
phase2_south_block1,2023-11-12,-15.217419385051357,-23.11146723645805
phase2_south_block2,2023-11-12,-11.796505381038735,-17.977144555483402
phase2_south_block3,2023-11-12,-12.616243491775291,-19.792386778499907
phase2_south_block4,2023-11-12,-14.38575249521576,-22.21172469646506
phase2_south_block5,2023-11-12,-13.200438843823497,-20.119750440323628
phase2_south_block6,2023-11-12,-12.655318906959666,-19.787122161892988
phase1_block1,2023-11-24,-12.98566313826974,-20.559967809046228
phase1_block2,2023-11-24,-14.437938051976968,-21.928243576657906
phase2_mid_block1,2023-11-24,-16.09511057284332,-24.994373476810754
phase2_mid_block2,2023-11-24,-12.522403345602275,-19.18980220394927
phase2_mid_block3,2023-11-24,-12.678937083424994,-19.97511319740333
phase2_mid_block4,2023-11-24,-13.279211244208337,-19.986319913506563
phase2_south_block1,2023-11-24,-15.595991686823918,-24.21075300467043
phase2_south_block2,2023-11-24,-11.737014983449924,-18.14524202721394
phase2_south_block3,2023-11-24,-13.090436850483755,-20.057454613382863
phase2_south_block4,2023-11-24,-15.037993572076447,-22.16644882418567
phase2_south_block5,2023-11-24,-13.589394914404926,-20.577279293277424
phase2_south_block6,2023-11-24,-12.994396196953035,-19.83515893239073
phase1_block1,2023-12-06,-13.181866757074738,-20.053305957708318
phase1_block2,2023-12-06,-14.413893839447768,-21.86483695984955
phase2_mid_block1,2023-12-06,-16.725272324610078,-26.04778599230654
phase2_mid_block2,2023-12-06,-12.326747183760206,-19.083290062425757
phase2_mid_block3,2023-12-06,-12.753211013931903,-19.907665327678767
phase2_mid_block4,2023-12-06,-13.372091076813595,-20.42921568506637
phase2_south_block1,2023-12-06,-15.320429786718154,-24.207181331432736
phase2_south_block2,2023-12-06,-12.322533636066034,-18.617784070934565
phase2_south_block3,2023-12-06,-12.827331893100066,-19.523648794596706
phase2_south_block4,2023-12-06,-14.517956093665443,-22.611523739304168
phase2_south_block5,2023-12-06,-13.09610356190214,-20.13766201416761
phase2_south_block6,2023-12-06,-12.78720949337195,-19.748973509037118
phase1_block1,2023-12-18,-12.511336260699789,-19.54830164555326
phase1_block2,2023-12-18,-12.87474373317221,-20.608339441782444
phase2_mid_block1,2023-12-18,-15.48712581375835,-22.693734690325936
phase2_mid_block2,2023-12-18,-12.073009707910403,-18.50314656026486
phase2_mid_block3,2023-12-18,-12.39883006863375,-20.75580585141512
phase2_mid_block4,2023-12-18,-12.252943700625485,-18.624764666285213
phase2_south_block1,2023-12-18,-14.37083708830796,-22.976697685062696
phase2_south_block2,2023-12-18,-11.20247705952353,-17.66528141534716
phase2_south_block3,2023-12-18,-11.81265753994892,-19.01753491227931
phase2_south_block4,2023-12-18,-14.04281933595087,-21.759142124456236
phase2_south_block5,2023-12-18,-12.635214580552306,-19.59341327526982
phase2_south_block6,2023-12-18,-11.606351792041014,-19.189011113663714
phase1_block1,2023-12-30,-13.11352897027898,-20.124851003250942
phase1_block2,2023-12-30,-14.240390865367889,-21.2472508807438
phase2_mid_block1,2023-12-30,-16.249537723269967,-24.517842192711186
phase2_mid_block2,2023-12-30,-12.40875317263928,-19.264863239466592
phase2_mid_block3,2023-12-30,-13.033788380443497,-20.723786428244075
phase2_mid_block4,2023-12-30,-12.688449413260509,-20.17742016155139
phase2_south_block1,2023-12-30,-14.754467921732303,-24.647820262733426
phase2_south_block2,2023-12-30,-11.273344119804495,-18.771345730493202
phase2_south_block3,2023-12-30,-12.27832312485208,-20.191195421682398
phase2_south_block4,2023-12-30,-14.46635833277649,-22.50792808635085
phase2_south_block5,2023-12-30,-13.11860689446026,-19.881512409791718
phase2_south_block6,2023-12-30,-12.333556919182458,-19.416158653410168
phase1_block1,2024-01-11,-12.634734832859655,-19.437935976202215
phase1_block2,2024-01-11,-13.261772440736255,-20.46690632227719
phase2_mid_block1,2024-01-11,-15.427388227609663,-23.79795754022956
phase2_mid_block2,2024-01-11,-12.405626711148326,-18.864389421166493
phase2_mid_block3,2024-01-11,-12.120401035025017,-20.280117761606345
phase2_mid_block4,2024-01-11,-11.94210786551207,-19.549458407274308
phase2_south_block1,2024-01-11,-14.777686749133704,-24.293387250549397
phase2_south_block2,2024-01-11,-11.35573843581044,-17.738563660330367
phase2_south_block3,2024-01-11,-11.863714082407967,-20.334823025048884
phase2_south_block4,2024-01-11,-14.556055022458848,-21.85975568684372
phase2_south_block5,2024-01-11,-12.424600147246505,-19.725999003385418
phase2_south_block6,2024-01-11,-11.872923881814085,-19.410920062892295
phase1_block1,2024-01-23,-12.03111066301317,-18.843012557346004
phase1_block2,2024-01-23,-13.04532224354985,-20.10890958652186
phase2_mid_block1,2024-01-23,-13.935314946366129,-20.755186105188294
phase2_mid_block2,2024-01-23,-11.663626869760515,-18.672197196196095
phase2_mid_block3,2024-01-23,-11.629482877098791,-20.529686541746532
phase2_mid_block4,2024-01-23,-11.37862921220505,-18.245781421195268
phase2_south_block1,2024-01-23,-13.393969115836054,-21.67937968045413
phase2_south_block2,2024-01-23,-10.909082417494025,-17.818049536350326
phase2_south_block3,2024-01-23,-11.522958236809778,-19.00982322268435
phase2_south_block4,2024-01-23,-13.521638920627495,-21.514776796853255
phase2_south_block5,2024-01-23,-12.518501027510473,-19.450921559148412
phase2_south_block6,2024-01-23,-11.678100361390443,-18.749889661072388
phase1_block1,2024-02-04,-12.34272473580913,-19.33324907967576
phase1_block2,2024-02-04,-12.958345653733213,-20.86821947711553
phase2_mid_block1,2024-02-04,-15.416433752020236,-23.54110213486835
phase2_mid_block2,2024-02-04,-11.944237830156782,-18.91980198814724
phase2_mid_block3,2024-02-04,-11.74425058104136,-20.38933041774466
phase2_mid_block4,2024-02-04,-12.450527661434654,-19.202072219850855
phase2_south_block1,2024-02-04,-13.957529657154552,-23.531885148158448
phase2_south_block2,2024-02-04,-10.97365403958586,-17.71411702737679
phase2_south_block3,2024-02-04,-11.83106993088051,-19.78401232447616
phase2_south_block4,2024-02-04,-14.430464038535774,-22.13602547100684
phase2_south_block5,2024-02-04,-12.18221271949588,-20.066050332665142
phase2_south_block6,2024-02-04,-11.794111964686595,-19.384520449291028
phase1_block1,2024-02-16,-12.581824673115428,-19.435352233162313
phase1_block2,2024-02-16,-13.51614277731807,-20.953633144582398
phase2_mid_block1,2024-02-16,-15.573186273262655,-24.04569363710224
phase2_mid_block2,2024-02-16,-11.913246060371316,-19.204412141795665
phase2_mid_block3,2024-02-16,-12.061677489633432,-19.890258963650727
phase2_mid_block4,2024-02-16,-12.508466346284147,-19.320743598290814
phase2_south_block1,2024-02-16,-14.198235980506107,-23.671224391514823
phase2_south_block2,2024-02-16,-11.098335569892765,-17.4607066825661
phase2_south_block3,2024-02-16,-11.871960043042755,-19.595703811780023
phase2_south_block4,2024-02-16,-14.330132153924943,-21.944235530679403
phase2_south_block5,2024-02-16,-12.459284948145102,-19.8870331120949
phase2_south_block6,2024-02-16,-12.198327440705514,-19.747904466213047
phase1_block1,2024-02-28,-12.519100865442852,-19.25265501573903
phase1_block2,2024-02-28,-13.579889866387203,-20.202913542902394
phase2_mid_block1,2024-02-28,-16.014722717725725,-24.13122342288438
phase2_mid_block2,2024-02-28,-11.706874165529227,-17.877823194443042
phase2_mid_block3,2024-02-28,-12.341346792214193,-19.32452017525458
phase2_mid_block4,2024-02-28,-11.812984505321348,-18.73621358433773
phase2_south_block1,2024-02-28,-14.735237121222367,-24.024619728692997
phase2_south_block2,2024-02-28,-10.828047713272479,-17.70969428178004
phase2_south_block3,2024-02-28,-12.142537307805283,-18.15872340951817
phase2_south_block4,2024-02-28,-14.584714048915693,-22.181625877394588
phase2_south_block5,2024-02-28,-12.450835502393106,-19.414005217055568
phase2_south_block6,2024-02-28,-12.120924715570833,-19.319742235926938
phase1_block1,2024-03-11,-12.288386938233018,-19.48285244245372
phase1_block2,2024-03-11,-13.451541726878052,-20.95403081455804
phase2_mid_block1,2024-03-11,-15.447294545829177,-23.492963303513374
phase2_mid_block2,2024-03-11,-12.123590611365541,-18.49939579940951
phase2_mid_block3,2024-03-11,-12.627678831228149,-19.725372954772727
phase2_mid_block4,2024-03-11,-12.725659002869858,-18.903737732453695
phase2_south_block1,2024-03-11,-14.25844176146911,-23.020650401583918
phase2_south_block2,2024-03-11,-10.913129799440965,-17.736535303014406
phase2_south_block3,2024-03-11,-12.52496404537199,-19.178587039542958
phase2_south_block4,2024-03-11,-14.795446633065152,-22.547090593832966
phase2_south_block5,2024-03-11,-12.872382186205572,-19.4018419334106
phase2_south_block6,2024-03-11,-12.017070108019944,-19.217735235860697
phase1_block1,2024-03-23,-12.005343362297637,-18.136205337098374
phase1_block2,2024-03-23,-11.7750447487914,-19.10960404024485
phase2_mid_block1,2024-03-23,-14.154237067497837,-22.207957830343226
phase2_mid_block2,2024-03-23,-11.509764908727357,-17.443705797727937
phase2_mid_block3,2024-03-23,-11.532907938819099,-19.049321772638727
phase2_mid_block4,2024-03-23,-11.874404867953785,-18.00341922730877
phase2_south_block1,2024-03-23,-14.242708970951638,-21.250220468881214
phase2_south_block2,2024-03-23,-10.901118393811474,-17.296850337480233
phase2_south_block3,2024-03-23,-11.49912439051235,-18.361087914158418
phase2_south_block4,2024-03-23,-13.08611956401042,-20.46890202296421
phase2_south_block5,2024-03-23,-12.14672091375667,-18.67003276630147
phase2_south_block6,2024-03-23,-11.570310827149795,-18.24439167351455
phase1_block1,2024-04-04,-12.340048452558639,-18.6166981048436
phase1_block2,2024-04-04,-12.833531966681242,-19.749338690597018
phase2_mid_block1,2024-04-04,-15.778159620335499,-23.114196568699196
phase2_mid_block2,2024-04-04,-11.534140661094053,-18.54132706068699
phase2_mid_block3,2024-04-04,-12.076294411203794,-19.32119573301445
phase2_mid_block4,2024-04-04,-11.917255412753894,-18.808287079611926
phase2_south_block1,2024-04-04,-14.508069151485895,-22.187878240076127
phase2_south_block2,2024-04-04,-11.220357391034252,-17.67286791398026
phase2_south_block3,2024-04-04,-12.504400703698478,-19.429619608796422
phase2_south_block4,2024-04-04,-14.260014700018074,-21.125406692154204
phase2_south_block5,2024-04-04,-12.764709898376076,-19.201295269593693
phase2_south_block6,2024-04-04,-11.988615292996988,-19.057177715775552
phase1_block1,2024-04-16,-12.443656776259715,-19.016147593805492
phase1_block2,2024-04-16,-13.275982458560541,-20.245413342635583
phase2_mid_block1,2024-04-16,-15.540593913216947,-23.352451621344308
phase2_mid_block2,2024-04-16,-11.514033035595382,-18.29740013080979
phase2_mid_block3,2024-04-16,-12.724914215269955,-18.567006743618464
phase2_mid_block4,2024-04-16,-12.018445348614156,-18.602984962117954
phase2_south_block1,2024-04-16,-14.438358719628768,-22.52267802114361
phase2_south_block2,2024-04-16,-11.755978221655338,-17.1597282364761
phase2_south_block3,2024-04-16,-11.99076842810377,-18.696331054796964
phase2_south_block4,2024-04-16,-13.763971977644507,-20.42329177491754
phase2_south_block5,2024-04-16,-12.076382683004052,-18.80025030920205
phase2_south_block6,2024-04-16,-11.956407314301995,-19.023316965603982
phase1_block1,2024-04-28,-12.376201948601905,-18.985839264376043
phase1_block2,2024-04-28,-13.420609590409397,-19.880176901174075
phase2_mid_block1,2024-04-28,-15.14456858670005,-22.53561561005932
phase2_mid_block2,2024-04-28,-11.76729649041921,-17.552056872851484
phase2_mid_block3,2024-04-28,-12.313982658244756,-18.339311000717853
phase2_mid_block4,2024-04-28,-11.83922820484615,-18.555934064365275
phase2_south_block1,2024-04-28,-14.560815813988741,-21.86530962184618
phase2_south_block2,2024-04-28,-11.33881338905342,-17.423998476132997
phase2_south_block3,2024-04-28,-12.275504302275852,-18.697856300586082
phase2_south_block4,2024-04-28,-13.884172349030033,-20.533809369925724
phase2_south_block5,2024-04-28,-12.29472615869341,-19.07797776347118
phase2_south_block6,2024-04-28,-12.23948856525699,-18.45699664661919
phase1_block1,2024-05-10,-13.18674727167745,-19.8315228565209
phase1_block2,2024-05-10,-13.799998424303805,-20.47874037569635
phase2_mid_block1,2024-05-10,-16.224001244771767,-23.972220100100735
phase2_mid_block2,2024-05-10,-12.396600180013829,-18.59481240339954
phase2_mid_block3,2024-05-10,-13.348008399238026,-19.247165240563067
phase2_mid_block4,2024-05-10,-12.574057042610281,-19.31141548397542
phase2_south_block1,2024-05-10,-15.546502238563681,-22.41667336467915
phase2_south_block2,2024-05-10,-11.73652760957265,-18.58642293831622
phase2_south_block3,2024-05-10,-12.036301419052528,-18.85006142425645
phase2_south_block4,2024-05-10,-13.705910098126648,-20.721668352862473
phase2_south_block5,2024-05-10,-12.839964283353893,-19.421013627709133
phase2_south_block6,2024-05-10,-12.47676588001253,-19.329323040987195
phase1_block1,2024-05-22,-12.529867675277796,-19.077677177879355
phase1_block2,2024-05-22,-13.256282286531677,-20.900271794377623
phase2_mid_block1,2024-05-22,-15.47341226942956,-22.684556071638994
phase2_mid_block2,2024-05-22,-12.094740912202873,-18.264334589715983
phase2_mid_block3,2024-05-22,-12.472240688191688,-18.864103545414917
phase2_mid_block4,2024-05-22,-12.439759655695736,-18.660443626644312
phase2_south_block1,2024-05-22,-14.967383879166603,-21.71074267669044
phase2_south_block2,2024-05-22,-11.345105567807616,-17.26577468029277
phase2_south_block3,2024-05-22,-11.908848975460685,-19.030270808686012
phase2_south_block4,2024-05-22,-13.326549552367734,-20.3768713328173
phase2_south_block5,2024-05-22,-12.440450194586914,-18.803766131809247
phase2_south_block6,2024-05-22,-12.146015050941239,-18.575803800755978
phase1_block1,2024-06-03,-12.854434181191907,-19.216573414670574
phase1_block2,2024-06-03,-13.456490934756598,-21.771604527041028
phase2_mid_block1,2024-06-03,-15.657392497305887,-22.66350796986595
phase2_mid_block2,2024-06-03,-11.991372318674035,-18.291994387987778
phase2_mid_block3,2024-06-03,-12.25085571067111,-18.701788896153392
phase2_mid_block4,2024-06-03,-12.07700519744487,-18.981572805806284
phase2_south_block1,2024-06-03,-15.232172950304166,-22.420553700615677
phase2_south_block2,2024-06-03,-10.61912090404317,-16.611342287514162
phase2_south_block3,2024-06-03,-12.239433833796452,-18.907680244545613
phase2_south_block4,2024-06-03,-13.65332199083155,-20.298241691933516
phase2_south_block5,2024-06-03,-12.432591345223235,-19.18273925244912
phase2_south_block6,2024-06-03,-12.232241016154443,-18.651827819402456
phase1_block1,2024-06-15,-13.932559787591739,-22.954140323094435
phase1_block2,2024-06-15,-15.189449476561432,-24.8958254501436
phase2_mid_block1,2024-06-15,-15.833943384625252,-24.331857234053686
phase2_mid_block2,2024-06-15,-12.101877390023235,-18.12880173006103
phase2_mid_block3,2024-06-15,-12.295243348605812,-19.03387487871742
phase2_mid_block4,2024-06-15,-12.70302397246434,-18.62385939077743
phase2_south_block1,2024-06-15,-15.095178485394996,-23.141873600242707
phase2_south_block2,2024-06-15,-10.843000331815826,-17.04876693053809
phase2_south_block3,2024-06-15,-12.051891107764083,-19.457607640042593
phase2_south_block4,2024-06-15,-14.027306306051138,-21.08713165516202
phase2_south_block5,2024-06-15,-12.382065369361266,-19.440760242948215
phase2_south_block6,2024-06-15,-12.31143763210339,-18.528366271221103
phase1_block1,2024-06-27,-14.597204359229508,-23.15817965654673
phase1_block2,2024-06-27,-14.645994821520667,-26.702976719473888
phase2_mid_block1,2024-06-27,-16.428846140660216,-24.82341402746091
phase2_mid_block2,2024-06-27,-12.046138479420812,-18.32713451801438
phase2_mid_block3,2024-06-27,-12.2249491257731,-18.740891399483015
phase2_mid_block4,2024-06-27,-12.635258768041378,-18.980434108720136
phase2_south_block1,2024-06-27,-15.967432409057631,-23.969454383989948
phase2_south_block2,2024-06-27,-10.74068154599829,-17.61130990522768
phase2_south_block3,2024-06-27,-12.353398522240525,-18.8345248492712
phase2_south_block4,2024-06-27,-13.832748203064401,-20.845932621676955
phase2_south_block5,2024-06-27,-11.998874979115776,-19.12917311974208
phase2_south_block6,2024-06-27,-11.958937829825798,-18.360157692334354
phase1_block1,2024-07-09,-13.85417853266901,-24.452464460671692
phase1_block2,2024-07-09,-14.436048950598487,-25.66471222360369
phase2_mid_block1,2024-07-09,-16.139233286832077,-25.422733852846306
phase2_mid_block2,2024-07-09,-11.983781876522668,-18.294526064520056
phase2_mid_block3,2024-07-09,-12.856489030471092,-19.117094852948888
phase2_mid_block4,2024-07-09,-12.638475022886498,-19.59534506767351
phase2_south_block1,2024-07-09,-15.48601293018692,-24.417280277508688
phase2_south_block2,2024-07-09,-12.080250600903412,-18.00922648173398
phase2_south_block3,2024-07-09,-12.03957642515551,-19.43520672408449
phase2_south_block4,2024-07-09,-14.04279499575589,-21.809759162800802
phase2_south_block5,2024-07-09,-12.67357448855934,-19.25161675538308
phase2_south_block6,2024-07-09,-12.528659048070306,-19.050938493537743
phase1_block1,2024-07-21,-12.110549870308292,-22.28375066843402
phase1_block2,2024-07-21,-12.230412975629541,-24.591759445358946
phase2_mid_block1,2024-07-21,-13.172147086137688,-19.507762340647798
phase2_mid_block2,2024-07-21,-11.297205554248167,-17.794694140407515
phase2_mid_block3,2024-07-21,-11.833192948735675,-17.587582919954905
phase2_mid_block4,2024-07-21,-11.643330856606699,-17.957535705039916
phase2_south_block1,2024-07-21,-13.300701735811453,-19.484077663001095
phase2_south_block2,2024-07-21,-10.987880826212974,-16.54320384746864
phase2_south_block3,2024-07-21,-11.070740929791063,-18.100759086720807
phase2_south_block4,2024-07-21,-12.69744126913878,-19.41978718826848
phase2_south_block5,2024-07-21,-11.125012506750942,-17.875701538280747
phase2_south_block6,2024-07-21,-11.21820624240958,-18.11213845099859
phase1_block1,2024-08-02,-14.305104016484188,-24.034565658708313
phase1_block2,2024-08-02,-15.025756240639556,-26.24375003015326
phase2_mid_block1,2024-08-02,-16.77109817933822,-25.743641849057088
phase2_mid_block2,2024-08-02,-11.578607800937936,-18.289789973633557
phase2_mid_block3,2024-08-02,-12.187914888209171,-19.07916600977514
phase2_mid_block4,2024-08-02,-12.873499052099508,-19.982215853447272
phase2_south_block1,2024-08-02,-15.82747229925332,-24.637139122808822
phase2_south_block2,2024-08-02,-11.6003774187448,-18.323954222796626
phase2_south_block3,2024-08-02,-12.348224920655664,-18.79820297955141
phase2_south_block4,2024-08-02,-13.635743371427974,-22.309467582977895
phase2_south_block5,2024-08-02,-12.132460637930924,-19.1115062376035
phase2_south_block6,2024-08-02,-12.441623115355414,-18.99118248570829
phase1_block1,2024-08-14,-13.354283759857026,-24.22195672482573
phase1_block2,2024-08-14,-13.183256162584707,-23.10193697394979
phase2_mid_block1,2024-08-14,-16.592737262262872,-25.42124587643551
phase2_mid_block2,2024-08-14,-11.79602670582977,-17.876918187721135
phase2_mid_block3,2024-08-14,-12.141223765898086,-19.23174369063279
phase2_mid_block4,2024-08-14,-12.628807433888808,-19.38830992688124
phase2_south_block1,2024-08-14,-15.730759717996948,-25.3090818037755
phase2_south_block2,2024-08-14,-11.411669081404629,-18.52278027783039
phase2_south_block3,2024-08-14,-12.26298646242907,-18.807595740458307
phase2_south_block4,2024-08-14,-13.86675554985749,-21.72418838459517
phase2_south_block5,2024-08-14,-11.98297477621672,-19.063668359621524
phase2_south_block6,2024-08-14,-11.950440860014542,-19.155432407615365
phase1_block1,2024-08-26,-14.266558710009393,-24.397944463635223
phase1_block2,2024-08-26,-11.060975991763703,-20.174532236441042
phase2_mid_block1,2024-08-26,-17.093600716194473,-25.20590597133522
phase2_mid_block2,2024-08-26,-11.896797962405953,-18.398665776041003
phase2_mid_block3,2024-08-26,-12.422323446707521,-19.155292809742278
phase2_mid_block4,2024-08-26,-12.94817424671688,-19.204171613371756
phase2_south_block1,2024-08-26,-15.183518508233261,-24.766070446145434
phase2_south_block2,2024-08-26,-11.695213956972792,-18.108526539538307
phase2_south_block3,2024-08-26,-12.013315338483668,-19.918278065711753
phase2_south_block4,2024-08-26,-13.969268726794553,-21.904670843467308
phase2_south_block5,2024-08-26,-12.239263539409663,-19.151618304095702
phase2_south_block6,2024-08-26,-12.367395687308544,-18.850128870183546
phase1_block1,2024-09-07,-14.482139300305052,-26.217773100267486
phase1_block2,2024-09-07,-9.415279492257518,-19.692197465389274
phase2_mid_block1,2024-09-07,-15.141673241164264,-23.804322621320587
phase2_mid_block2,2024-09-07,-11.995199327346729,-19.06701978483238
phase2_mid_block3,2024-09-07,-11.975449138912191,-19.669063727087032
phase2_mid_block4,2024-09-07,-12.165050595539487,-19.26695571759332
phase2_south_block1,2024-09-07,-15.123872816835814,-22.720564285771893
phase2_south_block2,2024-09-07,-11.047105302886575,-17.0317749446648
phase2_south_block3,2024-09-07,-12.223531354000711,-19.252041827688792
phase2_south_block4,2024-09-07,-13.507150321519653,-21.50783581367306
phase2_south_block5,2024-09-07,-12.470158745220639,-19.75291415072206
phase2_south_block6,2024-09-07,-12.236957902519842,-19.208407116361492
phase1_block1,2024-09-19,-14.522128785291734,-25.54880163727741
phase1_block2,2024-09-19,-8.643070592376795,-18.430045933678183
phase2_mid_block1,2024-09-19,-16.218294422993694,-24.41725579814555
phase2_mid_block2,2024-09-19,-11.938662880005442,-18.436148016373394
phase2_mid_block3,2024-09-19,-12.645583817261398,-19.628038469857124
phase2_mid_block4,2024-09-19,-12.371854582014423,-19.082635283732742
phase2_south_block1,2024-09-19,-15.506063513633187,-24.34978566064245
phase2_south_block2,2024-09-19,-11.35668551108684,-17.85078504923422
phase2_south_block3,2024-09-19,-12.722489340847305,-19.47878905275741
phase2_south_block4,2024-09-19,-13.853035548760596,-21.741947109837334
phase2_south_block5,2024-09-19,-12.625224935938775,-19.798912754136634
phase2_south_block6,2024-09-19,-12.300705164789113,-19.046737221061548
phase1_block1,2024-10-01,-13.969473942793375,-24.471396763830683
phase1_block2,2024-10-01,-7.922556532783255,-16.80501678820974
phase2_mid_block1,2024-10-01,-14.65999463142715,-22.56903100017073
phase2_mid_block2,2024-10-01,-12.060532581721262,-18.814270409466793
phase2_mid_block3,2024-10-01,-12.435649598941835,-19.827192339519186
phase2_mid_block4,2024-10-01,-13.104739091678004,-19.28867286700635
phase2_south_block1,2024-10-01,-15.217109233960862,-23.30189269884347
phase2_south_block2,2024-10-01,-11.204956125511282,-18.03875122476846
phase2_south_block3,2024-10-01,-12.935809232580109,-19.13875821911514
phase2_south_block4,2024-10-01,-13.859579117256924,-22.38289496259227
phase2_south_block5,2024-10-01,-12.742644007262694,-19.73115467192643
phase2_south_block6,2024-10-01,-12.429745159843058,-19.393596953656893
phase1_block1,2024-10-13,-11.180058555152394,-19.853664678506235
phase1_block2,2024-10-13,-4.812486897673076,-13.795016007825891
phase2_mid_block1,2024-10-13,-14.720364149352314,-22.336354206450068
phase2_mid_block2,2024-10-13,-12.111303763379716,-18.625118100122805
phase2_mid_block3,2024-10-13,-12.541527604650028,-18.955647105480125
phase2_mid_block4,2024-10-13,-12.7899610447946,-18.963334436808605
phase2_south_block1,2024-10-13,-15.112558012833334,-22.795316108555593
phase2_south_block2,2024-10-13,-11.508506853587747,-18.089722898224277
phase2_south_block3,2024-10-13,-12.072325657504738,-19.737691931288534
phase2_south_block4,2024-10-13,-13.774632768553067,-21.439181624247208
phase2_south_block5,2024-10-13,-12.255199640170124,-19.217946510429663
phase2_south_block6,2024-10-13,-12.876700625887034,-19.418187928411754
phase1_block1,2024-10-25,-10.461098068148702,-19.47186705404296
phase1_block2,2024-10-25,-3.697384446581657,-13.33314304648318
phase2_mid_block1,2024-10-25,-15.087594356595115,-22.811489336414212
phase2_mid_block2,2024-10-25,-12.039727973036957,-18.89858095785745
phase2_mid_block3,2024-10-25,-12.687817199516141,-19.48148269861428
phase2_mid_block4,2024-10-25,-12.914778154062663,-19.605684942720128
phase2_south_block1,2024-10-25,-15.297891411785631,-23.03793512876967
phase2_south_block2,2024-10-25,-11.543923707987481,-18.494018026818516
phase2_south_block3,2024-10-25,-12.524654367699473,-19.916079564386948
phase2_south_block4,2024-10-25,-13.64307285270117,-21.90639166763319
phase2_south_block5,2024-10-25,-12.085202354544087,-20.114372099239507
phase2_south_block6,2024-10-25,-12.677314146672725,-19.071193967731308
phase1_block1,2024-11-06,-10.033038958268978,-19.618667672691576
phase1_block2,2024-11-06,-3.6301340033358405,-12.299935529063514
phase2_mid_block1,2024-11-06,-13.665883817886069,-21.5106893594712
phase2_mid_block2,2024-11-06,-12.3580038361092,-19.36793147758195
phase2_mid_block3,2024-11-06,-12.49098650594837,-19.817547834765005
phase2_mid_block4,2024-11-06,-12.746923183537186,-19.421107464846127
phase2_south_block1,2024-11-06,-14.549748030877776,-22.8755611114628
phase2_south_block2,2024-11-06,-11.418091768175557,-17.84358523565028
phase2_south_block3,2024-11-06,-12.24481546313394,-19.617629020808646
phase2_south_block4,2024-11-06,-14.045483678338428,-21.82328162504504
phase2_south_block5,2024-11-06,-12.771204714246082,-19.821651138294392
phase2_south_block6,2024-11-06,-12.34635844081615,-19.346960746216904
phase1_block1,2024-11-18,-8.846128756093481,-18.91264647978226
phase1_block2,2024-11-18,-2.7702303240825943,-13.373770812485237
phase2_mid_block1,2024-11-18,-12.122969492721449,-18.246000443252615
phase2_mid_block2,2024-11-18,-11.391602733288085,-17.817903165476363
phase2_mid_block3,2024-11-18,-11.308154797921734,-18.22615941313784
phase2_mid_block4,2024-11-18,-11.389272219367506,-17.709315081857177
phase2_south_block1,2024-11-18,-12.10601225062343,-18.915312090760647
phase2_south_block2,2024-11-18,-10.595404055680802,-16.3823947515688
phase2_south_block3,2024-11-18,-11.059138858025033,-17.54706267660549
phase2_south_block4,2024-11-18,-12.402068655779074,-18.880804996979816
phase2_south_block5,2024-11-18,-11.499618765625936,-18.036968603898348
phase2_south_block6,2024-11-18,-11.600470097983402,-17.029801702644313
phase1_block1,2024-11-30,-9.010142291690693,-18.73841894311468
phase1_block2,2024-11-30,-2.9395801108890773,-11.538396400431857
phase2_mid_block1,2024-11-30,-15.090111002918347,-23.63441625129609
phase2_mid_block2,2024-11-30,-12.86092491030224,-19.048057303535973
phase2_mid_block3,2024-11-30,-12.694953330431439,-21.194428370480484
phase2_mid_block4,2024-11-30,-13.34062372496314,-20.40378366198517
phase2_south_block1,2024-11-30,-14.83469899821607,-23.29577015939263
phase2_south_block2,2024-11-30,-11.574819429939168,-18.99602506142321
phase2_south_block3,2024-11-30,-13.12803797899807,-20.123022296764628
phase2_south_block4,2024-11-30,-14.662734267276516,-23.033511811806534
phase2_south_block5,2024-11-30,-13.30470880913521,-20.45573280137366
phase2_south_block6,2024-11-30,-13.12292199403902,-20.280106972021166
phase1_block1,2024-12-12,-8.851549210168988,-18.73276882281722
phase1_block2,2024-12-12,-2.929686543218413,-11.750475702896075
phase2_mid_block1,2024-12-12,-14.824864903717728,-23.47540633513221
phase2_mid_block2,2024-12-12,-12.428621760748321,-19.07712385449683
phase2_mid_block3,2024-12-12,-11.972682880436121,-20.61946442550727
phase2_mid_block4,2024-12-12,-13.1654747482551,-19.389520610485153
phase2_south_block1,2024-12-12,-14.997172599331085,-22.997026438891094
phase2_south_block2,2024-12-12,-11.148271170149856,-18.13805436738218
phase2_south_block3,2024-12-12,-12.74111813382604,-19.696498775889033
phase2_south_block4,2024-12-12,-14.56848851007594,-22.718712333707973
phase2_south_block5,2024-12-12,-13.313536668546398,-20.69273689288551
phase2_south_block6,2024-12-12,-12.32834709520838,-20.272971168678755
phase1_block1,2024-12-24,-8.131852335433548,-17.994644847090736
phase1_block2,2024-12-24,-2.754385753431471,-11.564837771180665
phase2_mid_block1,2024-12-24,-14.76690739978597,-23.71955294147959
phase2_mid_block2,2024-12-24,-12.092532479806035,-18.591150762944725
phase2_mid_block3,2024-12-24,-12.095139740482173,-20.076213459317707
phase2_mid_block4,2024-12-24,-12.802927002429408,-19.807624304675254
phase2_south_block1,2024-12-24,-14.593659494020624,-22.894272932074006
phase2_south_block2,2024-12-24,-10.783702811363383,-17.70571264537252
phase2_south_block3,2024-12-24,-12.31044125195018,-19.534395282429553
phase2_south_block4,2024-12-24,-13.668921762840625,-22.597612338664707
phase2_south_block5,2024-12-24,-13.377677351961873,-20.147608317193793
phase2_south_block6,2024-12-24,-12.281487989526783,-19.71761852572327
phase1_block1,2025-01-05,-6.567161844846295,-16.839607541851947
phase1_block2,2025-01-05,-2.1692115138567876,-11.529574199503148
phase2_mid_block1,2025-01-05,-14.965433495538324,-24.07131021542203
phase2_mid_block2,2025-01-05,-12.588627138280096,-19.25285039512226
phase2_mid_block3,2025-01-05,-12.22580397657279,-19.631591836109564
phase2_mid_block4,2025-01-05,-12.652025627899606,-19.30710326571845
phase2_south_block1,2025-01-05,-14.615533999909958,-23.129516890028107
phase2_south_block2,2025-01-05,-11.808231057057,-17.812490641324796
phase2_south_block3,2025-01-05,-12.673700337341595,-19.834711488521894
phase2_south_block4,2025-01-05,-13.820730785404647,-22.165322534706117
phase2_south_block5,2025-01-05,-13.005959339120416,-19.70096313488154
phase2_south_block6,2025-01-05,-12.663163976254936,-19.50035289910456
phase1_block1,2025-01-17,-5.47944996557631,-16.11194641046104
phase1_block2,2025-01-17,-2.016022898755585,-11.329682718331526
phase2_mid_block1,2025-01-17,-14.809880892654137,-23.984583527142807
phase2_mid_block2,2025-01-17,-12.351351010407937,-19.04879266801674
phase2_mid_block3,2025-01-17,-12.335858537576206,-20.21912861893541
phase2_mid_block4,2025-01-17,-12.398973440615976,-19.4884585792327
phase2_south_block1,2025-01-17,-14.908532740912273,-23.555351648963907
phase2_south_block2,2025-01-17,-11.126705808760729,-18.19663568127735
phase2_south_block3,2025-01-17,-12.36487145697615,-20.014978271650016
phase2_south_block4,2025-01-17,-14.238744055327365,-22.323733268661865
phase2_south_block5,2025-01-17,-12.752969275221654,-20.33636914804849
phase2_south_block6,2025-01-17,-12.520383860966703,-19.767140727799177
phase1_block1,2025-01-29,-4.833136202048892,-15.471427447073216
phase1_block2,2025-01-29,-1.9605106037446447,-10.678484280740678
phase2_mid_block1,2025-01-29,-15.265779871587707,-24.29320158562756
phase2_mid_block2,2025-01-29,-13.024189788182595,-22.367760252286185
phase2_mid_block3,2025-01-29,-12.09293908899352,-21.40638104923466
phase2_mid_block4,2025-01-29,-13.664366547587804,-22.585706964125244
phase2_south_block1,2025-01-29,-13.949735411893355,-22.930616649497907
phase2_south_block2,2025-01-29,-13.164452329950512,-24.60364098628284
phase2_south_block3,2025-01-29,-12.207653046396931,-20.838072600247404
phase2_south_block4,2025-01-29,-12.781844343409453,-20.950520509798515
phase2_south_block5,2025-01-29,-13.216302879591787,-20.54748929842435
phase2_south_block6,2025-01-29,-12.63922974019237,-19.8563327739411
phase1_block1,2025-02-10,-3.400112021276191,-13.350937277361535
phase1_block2,2025-02-10,-2.166749611358106,-10.908691966887691
phase2_mid_block1,2025-02-10,-15.569323036663693,-26.499543827751918
phase2_mid_block2,2025-02-10,-14.19444688977267,-23.403136375156954
phase2_mid_block3,2025-02-10,-12.614527448982868,-20.105150639737925
phase2_mid_block4,2025-02-10,-15.028743947427948,-24.444170786621736
phase2_south_block1,2025-02-10,-14.043883563366013,-24.374754345811308
phase2_south_block2,2025-02-10,-13.774661820450863,-24.178385579592543
phase2_south_block3,2025-02-10,-11.83326807573527,-20.806182288309735
phase2_south_block4,2025-02-10,-13.14792236026306,-22.879510949248928
phase2_south_block5,2025-02-10,-13.244703635994753,-20.13366569434776
phase2_south_block6,2025-02-10,-12.648458739803825,-20.83844199988865
phase1_block1,2025-02-22,-3.2667887172282324,-13.738808265758909
phase1_block2,2025-02-22,-1.8919970012814813,-10.898600817252076
phase2_mid_block1,2025-02-22,-15.997051505653799,-26.539221280006046
phase2_mid_block2,2025-02-22,-16.371010581234195,-27.48837160036397
phase2_mid_block3,2025-02-22,-13.530379873180632,-22.398403343856568
phase2_mid_block4,2025-02-22,-15.20328187651662,-25.006065746840278
phase2_south_block1,2025-02-22,-14.717219898918415,-26.293791653241705
phase2_south_block2,2025-02-22,-14.427644081969785,-27.193943419947267
phase2_south_block3,2025-02-22,-12.177937367610625,-21.571957820618152
phase2_south_block4,2025-02-22,-13.919060244127483,-22.992950817837766
phase2_south_block5,2025-02-22,-13.388999670231993,-20.65233830073193
phase2_south_block6,2025-02-22,-13.36997227903911,-22.32296996225546
phase1_block1,2025-03-06,-2.9056290744564746,-13.107488710372213
phase1_block2,2025-03-06,-1.1411404162736118,-10.377019367004879
phase2_mid_block1,2025-03-06,-14.286419767943594,-26.340082627856567
phase2_mid_block2,2025-03-06,-11.622760953900478,-21.160629882039775
phase2_mid_block3,2025-03-06,-13.777806295280989,-24.039493607885376
phase2_mid_block4,2025-03-06,-12.147611052246914,-23.47920916421177
phase2_south_block1,2025-03-06,-14.386589800428693,-25.87374720279797
phase2_south_block2,2025-03-06,-9.467340120591578,-19.161108094113633
phase2_south_block3,2025-03-06,-12.542515254940996,-22.967466177826275
phase2_south_block4,2025-03-06,-12.409988627908131,-21.757149252884762
phase2_south_block5,2025-03-06,-13.507647761174331,-23.197523496468648
phase2_south_block6,2025-03-06,-13.717392748510989,-23.06416396725009
phase1_block1,2025-03-18,-2.4939606159610803,-11.971877539117374
phase1_block2,2025-03-18,-0.8486352724532394,-10.065848935890212
phase2_mid_block1,2025-03-18,-14.885660318284486,-25.475417549253052
phase2_mid_block2,2025-03-18,-11.330962585355538,-19.885283003183464
phase2_mid_block3,2025-03-18,-13.563886351142644,-23.396338587875476
phase2_mid_block4,2025-03-18,-15.240295612912842,-25.9355541274896
phase2_south_block1,2025-03-18,-14.162286895792896,-25.932169654123314
phase2_south_block2,2025-03-18,-11.87517576330374,-23.031462548091575
phase2_south_block3,2025-03-18,-14.80123554398532,-25.683373321873717
phase2_south_block4,2025-03-18,-15.374176747142258,-25.95260748694929
phase2_south_block5,2025-03-18,-13.04358794936497,-22.812867065986186
phase2_south_block6,2025-03-18,-13.437934369769144,-22.419161785012466
phase1_block1,2025-03-30,-1.7354511080035857,-11.498220321578758
phase1_block2,2025-03-30,-1.3887081273459971,-10.266949003864077
phase2_mid_block1,2025-03-30,-15.232260856605208,-25.344034625313522
phase2_mid_block2,2025-03-30,-8.369391266787042,-18.29997656622627
phase2_mid_block3,2025-03-30,-11.237505191167434,-19.164870037385487
phase2_mid_block4,2025-03-30,-16.074267362330126,-27.75839316716426
phase2_south_block1,2025-03-30,-13.5940655843762,-23.18835487245637
phase2_south_block2,2025-03-30,-12.945017205688693,-22.18215944391644
phase2_south_block3,2025-03-30,-14.206435510456943,-24.14462499678719
phase2_south_block4,2025-03-30,-16.74135243406053,-28.202873626508534
phase2_south_block5,2025-03-30,-12.538877613894782,-21.023121566567198
phase2_south_block6,2025-03-30,-13.258619346953225,-22.06534086839822
phase1_block1,2025-04-11,-1.1667660696575592,-11.25166117381978
phase1_block2,2025-04-11,-1.0267699727348065,-9.888228704929382
phase2_mid_block1,2025-04-11,-12.28185754761162,-21.767622348938904
phase2_mid_block2,2025-04-11,-10.555613593968461,-19.143406749752774
phase2_mid_block3,2025-04-11,-11.021314632720893,-19.126785283065345
phase2_mid_block4,2025-04-11,-10.794915609114828,-19.124702189335952
phase2_south_block1,2025-04-11,-13.178071672562098,-22.81022918798043
phase2_south_block2,2025-04-11,-12.250401983823261,-19.960584707270904
phase2_south_block3,2025-04-11,-13.140439588317214,-22.011893256020368
phase2_south_block4,2025-04-11,-10.349439512664285,-17.27449123591627
phase2_south_block5,2025-04-11,-11.411494359647474,-20.416767730393264
phase2_south_block6,2025-04-11,-13.521748024749225,-22.66422736716476
phase1_block1,2025-04-23,-1.0675186605774132,-11.17724301299832
phase1_block2,2025-04-23,-1.292866217922622,-10.202945246840608
phase2_mid_block1,2025-04-23,-17.729503816512757,-28.32011891536996
phase2_mid_block2,2025-04-23,-9.321558037614578,-17.51008408393173
phase2_mid_block3,2025-04-23,-10.830028689294686,-19.50179590763244
phase2_mid_block4,2025-04-23,-13.33413300443405,-21.67848646601231
phase2_south_block1,2025-04-23,-15.250942265191126,-24.844155221017143
phase2_south_block2,2025-04-23,-9.81306513936111,-17.76335067271559
phase2_south_block3,2025-04-23,-11.00664405383349,-20.079462484273016
phase2_south_block4,2025-04-23,-12.320387572523112,-21.584026146083932
phase2_south_block5,2025-04-23,-11.822422536626725,-22.019571370416173
phase2_south_block6,2025-04-23,-13.827933450076824,-22.306095690344584
phase1_block1,2025-05-05,-1.3693857755824244,-11.139805217911308
phase1_block2,2025-05-05,-1.4544451655029813,-10.360714506187351
phase2_mid_block1,2025-05-05,-13.443882865787842,-23.342355361317267
phase2_mid_block2,2025-05-05,-8.136174145179965,-17.72939168634935
phase2_mid_block3,2025-05-05,-10.035557614976614,-19.724589877313807
phase2_mid_block4,2025-05-05,-13.061956901166324,-22.56858208255734
phase2_south_block1,2025-05-05,-12.649361710954267,-21.506458293944092
phase2_south_block2,2025-05-05,-9.921040266790444,-18.395281025118955
phase2_south_block3,2025-05-05,-11.836869276233958,-20.491231970197987
phase2_south_block4,2025-05-05,-12.570301738739037,-22.709575497995818
phase2_south_block5,2025-05-05,-11.76311309002666,-21.087544361480425
phase2_south_block6,2025-05-05,-13.445863169868824,-21.677788966089082
phase1_block1,2025-05-17,-1.2449512815225052,-10.782233942480898
phase1_block2,2025-05-17,-0.96537763017346,-10.125059895742698
phase2_mid_block1,2025-05-17,-11.822117361222382,-20.522458868576216
phase2_mid_block2,2025-05-17,-7.893593740188842,-16.547587233785638
phase2_mid_block3,2025-05-17,-9.332535956252205,-17.00085903608935
phase2_mid_block4,2025-05-17,-12.120159325249903,-21.19309104417991
phase2_south_block1,2025-05-17,-14.950725543917363,-23.766779831381104
phase2_south_block2,2025-05-17,-8.752392815730545,-15.966686362188865
phase2_south_block3,2025-05-17,-10.013920538708204,-18.263724376533993
phase2_south_block4,2025-05-17,-11.913952966256904,-19.85833984644007
phase2_south_block5,2025-05-17,-14.177607276832903,-23.404201425571095
phase2_south_block6,2025-05-17,-12.772578965857335,-20.546279204187023
phase1_block1,2025-05-29,-1.1941797263121003,-10.72403813975829
phase1_block2,2025-05-29,-1.2526878795181475,-10.508674525534731
phase2_mid_block1,2025-05-29,-12.81175390410452,-22.29030219961469
phase2_mid_block2,2025-05-29,-6.897895924625662,-16.623049919760135
phase2_mid_block3,2025-05-29,-9.103872487774044,-17.704961602420955
phase2_mid_block4,2025-05-29,-11.28772562157519,-20.82528297554818
phase2_south_block1,2025-05-29,-13.396988229665745,-23.033132151946234
phase2_south_block2,2025-05-29,-7.381816325255712,-15.180331115476264
phase2_south_block3,2025-05-29,-10.073622068506701,-18.289425019147508
phase2_south_block4,2025-05-29,-12.337950528664999,-21.95447922106983
phase2_south_block5,2025-05-29,-15.048305247228729,-26.240621179778188
phase2_south_block6,2025-05-29,-12.233426909463214,-21.907092239105477
phase1_block1,2025-06-10,-0.3024504809708223,-10.62839745139687
phase1_block2,2025-06-10,-0.8617383722824635,-10.55436249905046
phase2_mid_block1,2025-06-10,-12.07880466872265,-22.852960344572587
phase2_mid_block2,2025-06-10,-3.9031187431730117,-13.262958440363876
phase2_mid_block3,2025-06-10,-6.7256126087835035,-15.729783361249385
phase2_mid_block4,2025-06-10,-10.009098082529295,-20.350685402504066
phase2_south_block1,2025-06-10,-12.46860730807315,-22.9940509988544
phase2_south_block2,2025-06-10,-8.059022844370487,-16.705241341310025
phase2_south_block3,2025-06-10,-10.495262603699363,-19.667322136714397
phase2_south_block4,2025-06-10,-9.752789144015747,-20.763016221738848
phase2_south_block5,2025-06-10,-14.784496979345034,-26.407263681526317
phase2_south_block6,2025-06-10,-13.686458144841616,-25.646969811927836
phase1_block1,2025-06-22,-0.7521033613312386,-10.347335696412822
phase1_block2,2025-06-22,-0.9750289851532584,-10.608066465197576
phase2_mid_block1,2025-06-22,-10.937815593624261,-20.475746968213777
phase2_mid_block2,2025-06-22,-2.7055680905485593,-11.840343118681332
phase2_mid_block3,2025-06-22,-7.356378539008766,-15.78070005093156
phase2_mid_block4,2025-06-22,-10.120883972760968,-19.070167587269328
phase2_south_block1,2025-06-22,-11.460279575554612,-21.285870639925417
phase2_south_block2,2025-06-22,-7.40419005220985,-17.188179939837237
phase2_south_block3,2025-06-22,-8.561965050645474,-16.486325220751194
phase2_south_block4,2025-06-22,-9.322345736199988,-19.475897235538344
phase2_south_block5,2025-06-22,-14.274782473763043,-24.72026968485529
phase2_south_block6,2025-06-22,-13.161334450657936,-22.741011347381622
phase1_block1,2025-07-04,-0.312525411295358,-10.833460625197622
phase1_block2,2025-07-04,-0.39236638725394707,-11.484436109426193
phase2_mid_block1,2025-07-04,-9.28952629913303,-19.989249492616917
phase2_mid_block2,2025-07-04,-2.6538060017429643,-12.773321358529762
phase2_mid_block3,2025-07-04,-5.768784095789019,-17.238391424863657
phase2_mid_block4,2025-07-04,-7.6407973442590515,-17.173909314397857
phase2_south_block1,2025-07-04,-11.087540370388135,-21.596452772291514
phase2_south_block2,2025-07-04,-10.223721213806026,-19.634202225972846
phase2_south_block3,2025-07-04,-6.910553585336243,-16.082493794749425
phase2_south_block4,2025-07-04,-8.924861196142793,-19.11245226103462
phase2_south_block5,2025-07-04,-12.100663048147014,-23.246118080555835
phase2_south_block6,2025-07-04,-12.08183098323398,-23.019356075807643
phase1_block1,2025-07-16,-0.3064185567064406,-10.410562025389446
phase1_block2,2025-07-16,-1.2864031608411999,-10.751613902181393
phase2_mid_block1,2025-07-16,-8.745924853280815,-18.373003225959263
phase2_mid_block2,2025-07-16,-3.6375156626511584,-13.0735022181244
phase2_mid_block3,2025-07-16,-3.0215267443815477,-12.023976037805191
phase2_mid_block4,2025-07-16,-7.849263865306274,-17.475012571136464
phase2_south_block1,2025-07-16,-11.128420067276942,-21.699838747535278
phase2_south_block2,2025-07-16,-7.099061967756342,-17.40013235941356
phase2_south_block3,2025-07-16,-9.145048983438082,-19.155669708072725
phase2_south_block4,2025-07-16,-9.703386669634902,-18.81660570797848
phase2_south_block5,2025-07-16,-12.578610114125109,-22.817418082545426
phase2_south_block6,2025-07-16,-14.597337412393262,-25.13627722194331
phase1_block1,2025-07-28,-0.8701487327631554,-10.13597109577893
phase1_block2,2025-07-28,-1.2101574019872794,-10.684318740492825
phase2_mid_block1,2025-07-28,-8.153891457859713,-16.05951236491144
phase2_mid_block2,2025-07-28,-2.2481793040090765,-11.212201591648078
phase2_mid_block3,2025-07-28,-2.0687604906877755,-12.005434860894036
phase2_mid_block4,2025-07-28,-8.96491092250207,-18.75336969857321
phase2_south_block1,2025-07-28,-10.916196745673252,-19.810437019127026
phase2_south_block2,2025-07-28,-2.776671443632957,-11.88100868441243
phase2_south_block3,2025-07-28,-11.515297930592988,-21.615526307284505
phase2_south_block4,2025-07-28,-8.3773588167395,-17.359374560177773
phase2_south_block5,2025-07-28,-11.217998065244124,-20.190983108170027
phase2_south_block6,2025-07-28,-13.862120988135512,-22.008922366425
phase1_block1,2025-08-09,-1.124376274884819,-10.462544949937053
phase1_block2,2025-08-09,-1.1668914816922298,-10.726678635182092
phase2_mid_block1,2025-08-09,-10.864217572034057,-20.149318139459236
phase2_mid_block2,2025-08-09,-2.0161887969178096,-11.32466294173968
phase2_mid_block3,2025-08-09,-1.1556646452670327,-10.76310612612751
phase2_mid_block4,2025-08-09,-10.206829273364285,-21.92084165567546
phase2_south_block1,2025-08-09,-9.337521423628228,-18.55188599035787
phase2_south_block2,2025-08-09,-0.4569885612524082,-11.068167707539635
phase2_south_block3,2025-08-09,-5.614349433898638,-16.08521024805791
phase2_south_block4,2025-08-09,-7.342669660030703,-15.67699787393006
phase2_south_block5,2025-08-09,-11.01240820869423,-19.857949473072143
phase2_south_block6,2025-08-09,-13.464527592373503,-22.47784221454635
phase1_block1,2025-08-21,-0.8342659939434496,-10.767200753290815
phase1_block2,2025-08-21,-0.568877206291504,-10.786530903021303
phase2_mid_block1,2025-08-21,-10.986877137522074,-21.489386172377728
phase2_mid_block2,2025-08-21,-0.8764799871875978,-10.603420527112725
phase2_mid_block3,2025-08-21,-1.4396912471519752,-11.707046438022106
phase2_mid_block4,2025-08-21,-6.599083102481436,-16.576067814711017
phase2_south_block1,2025-08-21,-7.791268727910754,-16.868217074383576
phase2_south_block2,2025-08-21,0.22345779407953353,-9.630858741375134
phase2_south_block3,2025-08-21,-2.945498676674494,-12.363181401491298
phase2_south_block4,2025-08-21,-9.206202944601134,-19.428054198013424
phase2_south_block5,2025-08-21,-9.38714819927375,-19.62882444013617
phase2_south_block6,2025-08-21,-11.416022443734777,-21.901027377162062
phase1_block1,2025-09-02,-1.1686138224753246,-10.826903691607198
phase1_block2,2025-09-02,-1.0021928906458395,-10.69602094898302
phase2_mid_block1,2025-09-02,-8.552079832549119,-19.189837641809852
phase2_mid_block2,2025-09-02,-1.9279360244890151,-11.040724472749831
phase2_mid_block3,2025-09-02,-1.3908339916572647,-10.730583465678388
phase2_mid_block4,2025-09-02,-3.444062689381256,-13.149031373744915
phase2_south_block1,2025-09-02,-8.20130541265495,-18.024696078707347
phase2_south_block2,2025-09-02,-1.486276100762826,-11.023847835710335
phase2_south_block3,2025-09-02,-1.1611941589817858,-10.639992452259277
phase2_south_block4,2025-09-02,-10.25466948453955,-22.28910245244358
phase2_south_block5,2025-09-02,-10.144895677045922,-18.741677704065278
phase2_south_block6,2025-09-02,-11.503269375582297,-20.881022780183343
phase1_block1,2025-09-14,-1.2506647585005388,-10.688488970836145
phase1_block2,2025-09-14,-1.1071174303090825,-10.641450349620444
phase2_mid_block1,2025-09-14,-5.779159965122681,-14.553124587785037
phase2_mid_block2,2025-09-14,-1.453813834718377,-10.948249878965534
phase2_mid_block3,2025-09-14,-0.7412737439987845,-9.853199674115594
phase2_mid_block4,2025-09-14,-2.5614349038962327,-11.051674979172793
phase2_south_block1,2025-09-14,-9.512670496631424,-19.329205640381577
phase2_south_block2,2025-09-14,-1.9526225668873178,-10.797750864384028
phase2_south_block3,2025-09-14,-1.6877357335730947,-10.353007691842645
phase2_south_block4,2025-09-14,-7.364650463269878,-16.218480102019576
phase2_south_block5,2025-09-14,-9.69449261314459,-18.371702344436013
phase2_south_block6,2025-09-14,-10.971513046351902,-19.171546024203412
phase1_block1,2025-09-26,-1.0347481502269291,-10.710641550430866
phase1_block2,2025-09-26,-0.8304876890284937,-10.863141388580349
phase2_mid_block1,2025-09-26,-2.6217117909673435,-11.81565267947958
phase2_mid_block2,2025-09-26,-1.2267241664512127,-11.209227827845261
phase2_mid_block3,2025-09-26,-0.7009138278850209,-9.44120337415763
phase2_mid_block4,2025-09-26,-1.6931921555546614,-10.868566392873273
phase2_south_block1,2025-09-26,-8.599120327294028,-19.71206162981122
phase2_south_block2,2025-09-26,-1.5295399147396953,-10.438146666543828
phase2_south_block3,2025-09-26,-1.1761871722957609,-10.476226145683125
phase2_south_block4,2025-09-26,-2.8045075071244723,-11.284625671694776
phase2_south_block5,2025-09-26,-8.291266327722585,-17.69663502218981
phase2_south_block6,2025-09-26,-9.851160444773653,-19.497403662538776
phase1_block1,2025-10-08,-1.010480334933429,-10.411981736463371
phase1_block2,2025-10-08,-0.9680199779263482,-10.801824612054329
phase2_mid_block1,2025-10-08,-3.0399068114780885,-11.247096471843806
phase2_mid_block2,2025-10-08,-1.139082646817061,-10.844843656295227
phase2_mid_block3,2025-10-08,-0.22313544696336593,-9.693481541845296
phase2_mid_block4,2025-10-08,-1.82454093605743,-10.808465286926273
phase2_south_block1,2025-10-08,-3.606092867895713,-12.510938307198511
phase2_south_block2,2025-10-08,-1.6392421995395843,-10.54030639242466
phase2_south_block3,2025-10-08,-1.05432372346226,-10.376514008854672
phase2_south_block4,2025-10-08,-1.890942623525915,-11.030693108725156
phase2_south_block5,2025-10-08,-7.250645519036238,-15.792474033282131
phase2_south_block6,2025-10-08,-10.5156586021032,-18.815651502826523
phase1_block1,2025-10-20,-0.9885780841783869,-10.331761019789642
phase1_block2,2025-10-20,-1.1780394651637838,-10.726178107940429
phase2_mid_block1,2025-10-20,-2.815542498774415,-11.347204066360506
phase2_mid_block2,2025-10-20,-0.9548922177810785,-10.641503288289398
phase2_mid_block3,2025-10-20,-0.17561710345304543,-9.761671819433484
phase2_mid_block4,2025-10-20,-2.221452577642508,-10.950212733146854
phase2_south_block1,2025-10-20,-2.337327896661549,-12.352933914448807
phase2_south_block2,2025-10-20,-1.6124730567090826,-10.497816468224489
phase2_south_block3,2025-10-20,-1.153784944614658,-10.354762931680163
phase2_south_block4,2025-10-20,-1.176064324283574,-9.864807097269791
phase2_south_block5,2025-10-20,-5.599714902464834,-16.04557259814846
phase2_south_block6,2025-10-20,-8.611037126702627,-17.966061863770634
phase1_block1,2025-11-01,-0.8367432467468523,-10.50649249744739
phase1_block2,2025-11-01,-1.1316515233118212,-10.79990640482841
phase2_mid_block1,2025-11-01,-2.7761576871718003,-11.9858401151755
phase2_mid_block2,2025-11-01,-0.9580279312692566,-10.872543255202615
phase2_mid_block3,2025-11-01,-0.3673707401609184,-9.985244237013568
phase2_mid_block4,2025-11-01,-1.2957096359145663,-10.020487063695578
phase2_south_block1,2025-11-01,-1.1379614941490004,-10.973727083812564
phase2_south_block2,2025-11-01,-1.894686525001233,-10.477287565447911
phase2_south_block3,2025-11-01,-0.7446513501379832,-10.297577603751524
phase2_south_block4,2025-11-01,-1.3422273018976287,-9.45506886080535
phase2_south_block5,2025-11-01,-5.6972153798585286,-14.933037619207038
phase2_south_block6,2025-11-01,-8.291147275358977,-17.770024595897926
phase1_block1,2025-11-13,-1.1816199564535672,-10.543392436662963
phase1_block2,2025-11-13,-1.386960461473625,-10.85763641985325
phase2_mid_block1,2025-11-13,-1.7414212288295663,-11.208966131690488
phase2_mid_block2,2025-11-13,-0.804109053357495,-10.274121292136286
phase2_mid_block3,2025-11-13,-0.051651965821011205,-9.833535832360663
phase2_mid_block4,2025-11-13,-2.3768437535894043,-10.111970501429427
phase2_south_block1,2025-11-13,-0.8625021315884,-10.72931089192931
phase2_south_block2,2025-11-13,-1.2705784778611469,-10.351734034403956
phase2_south_block3,2025-11-13,-1.1104075921849563,-10.289866401207226
phase2_south_block4,2025-11-13,-1.4851829362841151,-9.193303593230485
phase2_south_block5,2025-11-13,-3.1405615407619343,-12.18342097433279
phase2_south_block6,2025-11-13,-6.600805185684214,-16.603605763097157
phase1_block1,2025-11-25,-0.8371887386928571,-10.488689563963543
phase1_block2,2025-11-25,-0.9273560473979598,-10.920972318336
phase2_mid_block1,2025-11-25,-0.021323806438540552,-11.19635775730121
phase2_mid_block2,2025-11-25,-0.379185673073811,-10.602809894741563
phase2_mid_block3,2025-11-25,0.5607328181068041,-9.561804852417577
phase2_mid_block4,2025-11-25,-0.7113280652371298,-10.418720819423424
phase2_south_block1,2025-11-25,0.12226050892114818,-11.492106623209942
phase2_south_block2,2025-11-25,-1.5038184997860127,-10.361689255536648
phase2_south_block3,2025-11-25,-0.7312369580687107,-10.512346266405041
phase2_south_block4,2025-11-25,-0.4775577258485796,-9.37386197064873
phase2_south_block5,2025-11-25,0.23719163055402268,-11.671650582426794
phase2_south_block6,2025-11-25,-3.5839292028283984,-14.044988045261531
phase1_block1,2025-12-07,-1.048190469148304,-10.41549152582846
phase1_block2,2025-12-07,-0.9926555360882109,-10.761576141781115
phase2_mid_block1,2025-12-07,-1.394260627507541,-9.942509427258639
phase2_mid_block2,2025-12-07,-0.6652840310947213,-10.525866905970842
phase2_mid_block3,2025-12-07,0.2302201519303462,-9.500515301692406
phase2_mid_block4,2025-12-07,-1.020205177206067,-9.966755875890174
phase2_south_block1,2025-12-07,-1.2162738654678378,-11.306378997504238
phase2_south_block2,2025-12-07,-1.596724058625852,-10.695327995071295
phase2_south_block3,2025-12-07,-1.3031891767772932,-10.353350851346534
phase2_south_block4,2025-12-07,-0.4859934453687898,-9.174670993148062
phase2_south_block5,2025-12-07,-2.051575681615786,-11.449041695927955
phase2_south_block6,2025-12-07,-2.8308864201349873,-13.608580650183045
phase1_block1,2025-12-19,-0.9856166851150695,-10.44514699185489
phase1_block2,2025-12-19,-1.2206662871176819,-10.736867739045078
phase2_mid_block1,2025-12-19,-1.7899868833114887,-10.105292222414045
phase2_mid_block2,2025-12-19,-0.6421336545685677,-10.347247932830197
phase2_mid_block3,2025-12-19,0.04324306919374278,-9.41687473707555
phase2_mid_block4,2025-12-19,-1.0804235789803467,-9.990701899957621
phase2_south_block1,2025-12-19,-0.7200518658032808,-10.751897347790605
phase2_south_block2,2025-12-19,-1.7627008711671246,-9.998580538450916
phase2_south_block3,2025-12-19,-1.2622945481880241,-10.23628382704066
phase2_south_block4,2025-12-19,-0.7819980878567451,-9.340133494952987
phase2_south_block5,2025-12-19,-1.446152112666801,-10.909907826785611
phase2_south_block6,2025-12-19,-0.9052630852808914,-11.342694083428345
phase1_block1,2026-01-12,-1.089548667540001,-10.565994192044963
phase1_block2,2026-01-12,-1.0697267540554516,-10.778847986258015
phase2_mid_block1,2026-01-12,-1.1877416766750692,-9.979863591483532
phase2_mid_block2,2026-01-12,-0.5854456380312943,-10.23085368609743
phase2_mid_block3,2026-01-12,0.9297351836768186,-9.49125442036306
phase2_mid_block4,2026-01-12,-0.8996649389503067,-9.839847345214293
phase2_south_block1,2026-01-12,-0.6919846602685007,-10.088924351609865
phase2_south_block2,2026-01-12,-1.965042997892042,-10.2516883077828
phase2_south_block3,2026-01-12,-0.91975238967788,-10.405936392528552
phase2_south_block4,2026-01-12,-0.6252201795186555,-9.36277567489074
phase2_south_block5,2026-01-12,-1.1166261022674113,-10.276124852969609
phase2_south_block6,2026-01-12,-0.049857828635103484,-11.181049011070897
phase1_block1,2026-01-24,0.13771088458096614,-10.519489128004086
phase1_block2,2026-01-24,0.3762218666642056,-10.652873227566367
phase2_mid_block1,2026-01-24,1.2460542381606186,-9.401834967146037
phase2_mid_block2,2026-01-24,1.5653127412059258,-9.71099105923626
phase2_mid_block3,2026-01-24,2.439011710793992,-9.03093626471366
phase2_mid_block4,2026-01-24,0.6748002139069755,-9.233466713503875
phase2_south_block1,2026-01-24,0.6772370928366994,-8.951999573297257
phase2_south_block2,2026-01-24,-0.14882840893499472,-9.91265334911255
phase2_south_block3,2026-01-24,0.68838528692555,-10.303711534336463
phase2_south_block4,2026-01-24,1.4935439502153836,-9.100375087130637
phase2_south_block5,2026-01-24,1.4009772419185273,-10.199496587560795
phase2_south_block6,2026-01-24,1.123540519720083,-11.051359319825412
phase1_block1,2026-02-05,-1.0623196429290498,-10.567648124685125
phase1_block2,2026-02-05,-1.109778590198757,-10.723653449778345
phase2_mid_block1,2026-02-05,-0.6275922293538491,-10.032179202423269
phase2_mid_block2,2026-02-05,-0.8233814814035948,-10.601080472725817
phase2_mid_block3,2026-02-05,1.2356507821356806,-9.15906600055054
phase2_mid_block4,2026-02-05,-0.7255422335974032,-9.632481207309986
phase2_south_block1,2026-02-05,-0.4942469154543458,-9.917776078611013
phase2_south_block2,2026-02-05,-1.744481214461293,-10.167798921102493
phase2_south_block3,2026-02-05,-0.7842320258728304,-10.26777409331499
phase2_south_block4,2026-02-05,-0.07671304059265711,-8.991090692711085
phase2_south_block5,2026-02-05,-1.1816756490647011,-10.52864267160352
phase2_south_block6,2026-02-05,-0.44375667448826167,-10.681071488736372
phase1_block1,2026-02-17,-0.9236459188027891,-10.725455881414078
phase1_block2,2026-02-17,-1.1128969069090215,-10.803386071565164
phase2_mid_block1,2026-02-17,-0.5369967720240966,-9.8529340958279
phase2_mid_block2,2026-02-17,-0.7336620641631432,-10.463277715948266
phase2_mid_block3,2026-02-17,1.1155557996418217,-9.383327456869623
phase2_mid_block4,2026-02-17,-0.21645249962824872,-9.53903197509062
phase2_south_block1,2026-02-17,-0.07577971935134867,-9.978173528639886
phase2_south_block2,2026-02-17,-1.5696652256659416,-9.961841420118681
phase2_south_block3,2026-02-17,-0.9036061039566359,-10.459135999363104
phase2_south_block4,2026-02-17,-0.06140366292211638,-9.102124127909066
phase2_south_block5,2026-02-17,-1.2413769616714707,-10.272526676311472
phase2_south_block6,2026-02-17,-0.4616130611060453,-10.841350499388458
phase1_block1,2026-03-01,-1.0587315940961155,-10.609298203025343
phase1_block2,2026-03-01,-1.315600074030817,-10.673770318665849
phase2_mid_block1,2026-03-01,-0.6702853524574758,-10.09614478631654
phase2_mid_block2,2026-03-01,-1.104984031811457,-10.812268657593819
phase2_mid_block3,2026-03-01,0.6908881890333645,-9.35061166849289
phase2_mid_block4,2026-03-01,-1.1613014989211938,-9.76926235556132
phase2_south_block1,2026-03-01,-0.2812524250529136,-9.556628947052193
phase2_south_block2,2026-03-01,-1.6626701868489928,-10.314654794234173
phase2_south_block3,2026-03-01,-0.8483411040551163,-10.105096157399428
phase2_south_block4,2026-03-01,-0.7684817478436041,-9.028467645004303
phase2_south_block5,2026-03-01,-1.2672294510462774,-10.112021484056353
phase2_south_block6,2026-03-01,-0.6495928473630108,-10.53263865654386
phase1_block1,2026-03-13,-0.8874958604380143,-10.137574522736866
phase1_block2,2026-03-13,-0.9750964999052216,-10.433021533697943
phase2_mid_block1,2026-03-13,-0.9071463460047664,-10.012320629641893
phase2_mid_block2,2026-03-13,-0.9928069120562903,-10.377831097814312
phase2_mid_block3,2026-03-13,1.050218456809083,-9.154658042312542
phase2_mid_block4,2026-03-13,-1.0878362503797163,-9.681867527574827
phase2_south_block1,2026-03-13,0.021087610426895415,-9.275928954295042
phase2_south_block2,2026-03-13,-1.4534779727094362,-10.189086865158846
phase2_south_block3,2026-03-13,-1.3163043312155707,-10.583209687941414
phase2_south_block4,2026-03-13,-0.9193807613205961,-8.739339102508817
phase2_south_block5,2026-03-13,-0.7186299962541232,-10.135512592746
phase2_south_block6,2026-03-13,-0.6238509488228724,-10.620400063931072
phase1_block1,2026-03-25,-0.9245753450963837,-10.524233441958128
phase1_block2,2026-03-25,-1.2803398301512894,-10.643111356257155
phase2_mid_block1,2026-03-25,-1.8484808363569152,-9.976628430664055
phase2_mid_block2,2026-03-25,-0.6613635426597445,-10.794716383464348
phase2_mid_block3,2026-03-25,1.0907630092734644,-9.408446563208727
phase2_mid_block4,2026-03-25,-1.207095552969276,-10.231902200135444
phase2_south_block1,2026-03-25,-0.2923850866966463,-9.204263680193037
phase2_south_block2,2026-03-25,-1.5083880873832485,-10.087798650890017
phase2_south_block3,2026-03-25,-1.2472601682544395,-10.486462266460288
phase2_south_block4,2026-03-25,-0.8321525396128184,-8.792029034851982
phase2_south_block5,2026-03-25,-1.19288900333681,-10.317518151597234
phase2_south_block6,2026-03-25,-1.108666066479131,-10.293809662438486
phase1_block1,2026-04-06,-0.9623772832578974,-10.515037092108606
phase1_block2,2026-04-06,-1.1502688238647667,-10.562667035796508
phase2_mid_block1,2026-04-06,-1.6047859216086453,-10.315945512262598
phase2_mid_block2,2026-04-06,-0.8027209577966329,-10.898507117568105
phase2_mid_block3,2026-04-06,0.8535351179938665,-9.43504537389997
phase2_mid_block4,2026-04-06,-1.3336552438238205,-9.840489454753277
phase2_south_block1,2026-04-06,-0.37151962989563453,-9.56075518568113
phase2_south_block2,2026-04-06,-1.6057236537199928,-10.495774487687086
phase2_south_block3,2026-04-06,-1.2137781274353794,-10.393282941750648
phase2_south_block4,2026-04-06,-0.8802866624982988,-9.158928259266752
phase2_south_block5,2026-04-06,-1.1370383156644905,-10.338229833495097
phase2_south_block6,2026-04-06,-1.258736901515568,-10.92397104989206
phase1_block1,2026-04-18,-1.0264941241075207,-10.512264810470509
phase1_block2,2026-04-18,-1.217307342937361,-10.828457387260675
phase2_mid_block1,2026-04-18,-1.6698942902336502,-10.287405714871447
phase2_mid_block2,2026-04-18,-0.9213721458727276,-10.896023678716908
phase2_mid_block3,2026-04-18,0.4923317204752421,-9.547115811368979
phase2_mid_block4,2026-04-18,-1.0946162884720083,-9.897398584121422
phase2_south_block1,2026-04-18,-0.44347054846205747,-9.830287817509468
phase2_south_block2,2026-04-18,-1.9191347414702025,-10.292115963858205
phase2_south_block3,2026-04-18,-1.2442476278497712,-10.60434822968351
phase2_south_block4,2026-04-18,-0.41627160327535473,-8.585358155256953
phase2_south_block5,2026-04-18,-1.3106854084333315,-10.559200435443564
phase2_south_block6,2026-04-18,-1.2942589151780695,-10.853798642030032
phase1_block1,2026-04-30,-1.0877219216599883,-10.482162213372485
phase1_block2,2026-04-30,-1.143035685792759,-10.815360772336568
phase2_mid_block1,2026-04-30,-1.5551397519225394,-9.85849187734434
phase2_mid_block2,2026-04-30,-0.8687721285629821,-10.577570150395937
phase2_mid_block3,2026-04-30,0.7858342933095372,-9.367755957437602
phase2_mid_block4,2026-04-30,-1.2084339135631854,-10.092148016746043
phase2_south_block1,2026-04-30,-0.6163450512363751,-9.975984757458955
phase2_south_block2,2026-04-30,-1.9050027636889608,-10.329600229614275
phase2_south_block3,2026-04-30,-1.0585539865785893,-10.207587459589902
phase2_south_block4,2026-04-30,-0.5421039532637628,-9.402635758005133
phase2_south_block5,2026-04-30,-1.1958029401123598,-10.421771037214091
phase2_south_block6,2026-04-30,-1.4376514577512765,-10.748757741466214
phase1_block1,2026-05-12,-1.0616252071394665,-10.527259145952298
phase1_block2,2026-05-12,-1.2162594010528187,-10.993136802567717
phase2_mid_block1,2026-05-12,-1.2791797394479294,-9.947423220961435
phase2_mid_block2,2026-05-12,-0.6994378012546794,-10.621648939293038
phase2_mid_block3,2026-05-12,0.8377501461744695,-9.248894422942964
phase2_mid_block4,2026-05-12,-0.8558293860947279,-10.225904370693323
phase2_south_block1,2026-05-12,-0.5278326353310753,-10.06339259557664
phase2_south_block2,2026-05-12,-1.4025813386513613,-10.098160952937327
phase2_south_block3,2026-05-12,-1.3273302871703965,-10.619658494663724
phase2_south_block4,2026-05-12,-0.43738754862744905,-9.5636077244444
phase2_south_block5,2026-05-12,-0.7232273871868103,-10.350287489611011
phase2_south_block6,2026-05-12,-1.039476140552164,-10.344491153859067
phase1_block1,2026-05-24,-0.9667730094872403,-10.504316685588684
phase1_block2,2026-05-24,-1.04843292628026,-10.748872259444033
phase2_mid_block1,2026-05-24,-1.320771700136675,-10.194924775501518
phase2_mid_block2,2026-05-24,-0.6880549936287976,-10.826317353407072
phase2_mid_block3,2026-05-24,0.6459564114095656,-9.508745992700831
phase2_mid_block4,2026-05-24,-1.3916866999811872,-10.183069287896204
phase2_south_block1,2026-05-24,-0.2570326548536397,-9.543579046293885
phase2_south_block2,2026-05-24,-1.2607576135790723,-10.478963398861746
phase2_south_block3,2026-05-24,-1.0192178148936415,-10.453771737346633
phase2_south_block4,2026-05-24,-0.26944651239119227,-9.345435759716729
phase2_south_block5,2026-05-24,-1.420524611306135,-10.160664412127048
phase2_south_block6,2026-05-24,-0.6348814003143602,-10.62343765595769
phase1_block1,2026-06-05,-0.8771879640777481,-10.336188019451862
phase1_block2,2026-06-05,-1.1529231856457878,-10.647136859900556
phase2_mid_block1,2026-06-05,-1.5604996681136307,-10.200439891682056
phase2_mid_block2,2026-06-05,-0.9244622568675661,-10.852975631343657
phase2_mid_block3,2026-06-05,0.52907036507177,-9.834145306121636
phase2_mid_block4,2026-06-05,-1.2083919780145282,-10.660930164001105
phase2_south_block1,2026-06-05,-0.20144217391447117,-9.659928490274295
phase2_south_block2,2026-06-05,-1.4549872621460935,-10.193300643269426
phase2_south_block3,2026-06-05,-0.9937534986724585,-10.715705232428064
phase2_south_block4,2026-06-05,-0.8228217471128609,-9.530584333426605
phase2_south_block5,2026-06-05,-1.4221083672456323,-10.103900072877012
phase2_south_block6,2026-06-05,-0.4400101071393299,-10.06536977137071
phase1_block1,2026-06-17,-1.0039282026470644,-10.655211399103473
phase1_block2,2026-06-17,-1.1157433741819647,-10.621728357985559
phase2_mid_block1,2026-06-17,-1.6552804321570975,-9.925040023253805
phase2_mid_block2,2026-06-17,-0.9598066947034029,-11.022244719479945
phase2_mid_block3,2026-06-17,0.5332359471280116,-9.775082987274494
phase2_mid_block4,2026-06-17,-1.3958204566742247,-10.466169193616983
phase2_south_block1,2026-06-17,-0.3532264758743968,-9.906700149737322
phase2_south_block2,2026-06-17,-1.4824211925493787,-10.310820016484868
phase2_south_block3,2026-06-17,-1.2569884997312963,-10.627485881023231
phase2_south_block4,2026-06-17,-0.6171440214322906,-9.681234662607292
phase2_south_block5,2026-06-17,-1.612102188898737,-10.249626593127935
phase2_south_block6,2026-06-17,-1.0692739024443325,-10.512255649879368
phase1_block1,2026-06-29,-0.9606250798602931,-10.629884916073955
phase1_block2,2026-06-29,-1.0347132130696142,-10.564724488940454
phase2_mid_block1,2026-06-29,-1.639975992211242,-10.008023628707706
phase2_mid_block2,2026-06-29,-0.8145137223313044,-10.717648054714138
phase2_mid_block3,2026-06-29,0.6547243469263123,-9.726195076138755
phase2_mid_block4,2026-06-29,-1.3770376150403225,-10.364295756409891
phase2_south_block1,2026-06-29,0.005016622743964367,-9.537186013746187
phase2_south_block2,2026-06-29,-1.315460310267388,-10.250583457715225
phase2_south_block3,2026-06-29,-1.0628127924282327,-10.492301885209816
phase2_south_block4,2026-06-29,-0.8605247188510572,-10.100074379340494
phase2_south_block5,2026-06-29,-1.5189255838392175,-10.108332787120156
phase2_south_block6,2026-06-29,-0.6312749201068139,-10.284081550735038
phase1_block1,2026-07-06,0.17079306855043846,-12.965506442361916
phase1_block2,2026-07-06,0.8013524834248844,-13.123458442033922
phase2_mid_block1,2026-07-06,-0.32585543480903983,-12.599666629662174
phase2_mid_block2,2026-07-06,0.939074165014242,-12.692130578626955
phase2_mid_block3,2026-07-06,1.1336243171687357,-11.995782319969416
phase2_mid_block4,2026-07-06,0.8645878601962325,-12.510718902861237
phase2_south_block1,2026-07-06,0.24425800000859055,-13.03067520057515
phase2_south_block2,2026-07-06,-0.7294320314289078,-13.570736541197391
phase2_south_block3,2026-07-06,0.30877811112270714,-13.439134128455622
phase2_south_block4,2026-07-06,0.31231447453662975,-12.846882810186388
phase2_south_block5,2026-07-06,0.734828638805836,-12.780973707116315
phase2_south_block6,2026-07-06,0.09044556176079781,-12.661045951581299
phase1_block1,2026-07-18,-0.8338178388767795,-10.313453075666802
phase1_block2,2026-07-18,-1.292122875565999,-10.756567518680232
phase2_mid_block1,2026-07-18,-1.7071391491983412,-10.226304442458714
phase2_mid_block2,2026-07-18,-0.7595299930537928,-10.585592163020454
phase2_mid_block3,2026-07-18,0.7242742853647349,-9.880523869238573
phase2_mid_block4,2026-07-18,-1.1362144575340538,-9.99295852648016
phase2_south_block1,2026-07-18,0.1789375886902964,-9.669378409810978
phase2_south_block2,2026-07-18,-1.3739497034931603,-10.357997798364913
phase2_south_block3,2026-07-18,-0.9404737488447231,-10.490620313294638
phase2_south_block4,2026-07-18,-0.5105221096955662,-9.904495186988807
phase2_south_block5,2026-07-18,-1.4749155528986784,-9.764458507602065
phase2_south_block6,2026-07-18,-0.7604048386763412,-10.424135650453856
phase1_block1,2026-07-30,-1.0480162693811357,-10.53613936747975
phase1_block2,2026-07-30,-1.5885872114706614,-10.912504111705143
phase2_mid_block1,2026-07-30,-2.359438848763758,-10.720119385995815
phase2_mid_block2,2026-07-30,-1.0602879149549986,-10.672461122814038
phase2_mid_block3,2026-07-30,0.5067989086612531,-9.905153984131827
phase2_mid_block4,2026-07-30,-1.308817973418621,-10.272332820902806
phase2_south_block1,2026-07-30,-0.08418285514503521,-9.884430667180517
phase2_south_block2,2026-07-30,-1.597648235882312,-10.487855046759577
phase2_south_block3,2026-07-30,-1.3149709945806887,-10.540756270672953
phase2_south_block4,2026-07-30,-0.9988861815088365,-10.11292588593053
phase2_south_block5,2026-07-30,-1.703548423815477,-9.889052413211962
phase2_south_block6,2026-07-30,-1.4520688342511296,-10.609113512441375
phase1_block1,2026-08-11,-1.040478840436951,-10.355018364593308
phase1_block2,2026-08-11,-1.7255567358247823,-10.814033984177836
phase2_mid_block1,2026-08-11,-2.1596169720248772,-10.77901577987566
phase2_mid_block2,2026-08-11,-1.092871294037431,-10.749643673572637
phase2_mid_block3,2026-08-11,0.5707334388919961,-9.815792908684118
phase2_mid_block4,2026-08-11,-1.196356281707941,-10.23563153524985
phase2_south_block1,2026-08-11,-0.19945666736448062,-9.803860855074356
phase2_south_block2,2026-08-11,-1.638452067648703,-10.403565818311419
phase2_south_block3,2026-08-11,-1.3875480545855075,-10.635865969557576
phase2_south_block4,2026-08-11,-1.128982853181498,-10.116401202817878
phase2_south_block5,2026-08-11,-1.8914763808180437,-9.903596481573512
phase2_south_block6,2026-08-11,-1.257954788852356,-10.426033751138483
phase1_block1,2026-08-23,-1.120819357336312,-10.170252941725982
phase1_block2,2026-08-23,-1.7499733940367144,-10.827257199073426
phase2_mid_block1,2026-08-23,-1.940311035429493,-10.64352800332448
phase2_mid_block2,2026-08-23,-1.0567379752705794,-10.575413207864452
phase2_mid_block3,2026-08-23,0.5665936570713355,-9.578336324707207
phase2_mid_block4,2026-08-23,-1.4503703126888985,-10.306625520394828
phase2_south_block1,2026-08-23,-0.07736289181946744,-9.686805246208458
phase2_south_block2,2026-08-23,-1.7947165158219214,-10.41305377369944
phase2_south_block3,2026-08-23,-1.248056819131259,-10.680215926968451
phase2_south_block4,2026-08-23,-1.074045775756337,-10.023147782205552
phase2_south_block5,2026-08-23,-1.7836902768082128,-9.806856361437102
phase2_south_block6,2026-08-23,-1.0881113901023518,-10.365169139450067
phase1_block1,2026-09-04,-0.9776252123295038,-10.209587695099568
phase1_block2,2026-09-04,-1.6980395089076434,-10.800821113402224
phase2_mid_block1,2026-09-04,-2.2837756509745333,-10.708781037063167
phase2_mid_block2,2026-09-04,-0.9293817723834611,-10.513690829713342
phase2_mid_block3,2026-09-04,0.4894128385305211,-9.7145635684247
phase2_mid_block4,2026-09-04,-1.367441182505961,-10.492892844271987
phase2_south_block1,2026-09-04,-0.2137047789637673,-9.523260814448594
phase2_south_block2,2026-09-04,-1.6878232807478215,-10.512387408269849
phase2_south_block3,2026-09-04,-1.2818998023833572,-10.772950280340547
phase2_south_block4,2026-09-04,-1.1318423669464515,-9.9171607095627
phase2_south_block5,2026-09-04,-1.8454694149350144,-9.966853264866346
phase2_south_block6,2026-09-04,-0.6995475811423251,-10.06494737988997
