{"type": "FeatureCollection", "features": [{"type": "Feature", "geometry": {"geodesic": false, "type": "Polygon", "coordinates": [[[116.99137237507858, 39.39561678506161], [116.99137237507858, 39.39543712200479], [116.99119271202176, 39.39543712200479], [116.99119271202176, 39.39561678506161], [116.99101304896493, 39.39561678506161], [116.99101304896493, 39.39525745894797], [116.99083338590812, 39.39525745894797], [116.99083338590812, 39.39489813283432], [116.99065372285129, 39.39489813283432], [116.99065372285129, 39.394718469777494], [116.99047405979447, 39.394718469777494], [116.99047405979447, 39.3939998175502], [116.99101304896493, 39.3939998175502], [116.99101304896493, 39.393820154493376], [116.99137237507858, 39.393820154493376], [116.99137237507858, 39.39346082837973], [116.99119271202176, 39.39346082837973], [116.99119271202176, 39.393281165322904], [116.99101304896493, 39.393281165322904], [116.99101304896493, 39.39274217615243], [116.99137237507858, 39.39274217615243], [116.99137237507858, 39.392562513095605], [116.99119271202176, 39.392562513095605], [116.99119271202176, 39.39220318698196], [116.99137237507858, 39.39220318698196], [116.99137237507858, 39.39202352392514], [116.99173170119224, 39.39202352392514], [116.99173170119224, 39.39184386086831], [116.99245035341953, 39.39184386086831], [116.99245035341953, 39.39166419781149], [116.99280967953318, 39.39166419781149], [116.99280967953318, 39.39148453475467], [116.99352833176047, 39.39148453475467], [116.99352833176047, 39.39130487169784], [116.99388765787413, 39.39130487169784], [116.99388765787413, 39.391125208641014], [116.99280967953318, 39.391125208641014], [116.99280967953318, 39.390945545584195], [116.99263001647635, 39.390945545584195], [116.99263001647635, 39.39058621947054], [116.99245035341953, 39.39058621947054], [116.99245035341953, 39.39040655641372], [116.9922706903627, 39.39040655641372], [116.9922706903627, 39.390226893356896], [116.99173170119224, 39.390226893356896], [116.99173170119224, 39.39040655641372], [116.99137237507858, 39.39040655641372], [116.99137237507858, 39.390226893356896], [116.99119271202176, 39.390226893356896], [116.99119271202176, 39.389508241129604], [116.99137237507858, 39.389508241129604], [116.99137237507858, 39.38932857807278], [116.99011473368081, 39.38932857807278], [116.99011473368081, 39.389508241129604], [116.98777911394211, 39.389508241129604], [116.98777911394211, 39.38932857807278], [116.98741978782846, 39.38932857807278], [116.98741978782846, 39.38914891501595], [116.98724012477163, 39.38914891501595], [116.98724012477163, 39.38825059973183], [116.9870604617148, 39.38825059973183], [116.9870604617148, 39.38789127361819], [116.98724012477163, 39.38789127361819], [116.98724012477163, 39.388070936675014], [116.98813844005575, 39.388070936675014], [116.98813844005575, 39.38789127361819], [116.98867742922623, 39.38789127361819], [116.98867742922623, 39.388070936675014], [116.98885709228306, 39.388070936675014], [116.98885709228306, 39.388789588902306], [116.98903675533987, 39.388789588902306], [116.98903675533987, 39.38932857807278], [116.9892164183967, 39.38932857807278], [116.9892164183967, 39.38914891501595], [116.98939608145352, 39.38914891501595], [116.98939608145352, 39.38843026278866], [116.9892164183967, 39.38843026278866], [116.9892164183967, 39.388070936675014], [116.98939608145352, 39.388070936675014], [116.98939608145352, 39.38789127361819], [116.98957574451035, 39.38789127361819], [116.98957574451035, 39.38771161056136], [116.99011473368081, 39.38771161056136], [116.99011473368081, 39.38789127361819], [116.99083338590812, 39.38789127361819], [116.99083338590812, 39.38825059973183], [116.99047405979447, 39.38825059973183], [116.99047405979447, 39.38843026278866], [116.99101304896493, 39.38843026278866], [116.99101304896493, 39.38896925195913], [116.99119271202176, 39.38896925195913], [116.99119271202176, 39.38914891501595], [116.99173170119224, 39.38914891501595], [116.99173170119224, 39.38932857807278], [116.99245035341953, 39.38932857807278], [116.99245035341953, 39.389508241129604], [116.99280967953318, 39.389508241129604], [116.99280967953318, 39.38914891501595], [116.99298934259, 39.38914891501595], [116.99298934259, 39.38896925195913], [116.99280967953318, 39.38896925195913], [116.99280967953318, 39.388789588902306], [116.99263001647635, 39.388789588902306], [116.99263001647635, 39.38843026278866], [116.99280967953318, 39.38843026278866], [116.99280967953318, 39.38825059973183], [116.99316900564682, 39.38825059973183], [116.99316900564682, 39.38896925195913], [116.99442664704459, 39.38896925195913], [116.99442664704459, 39.388789588902306], [116.99496563621506, 39.388789588902306], [116.99496563621506, 39.38914891501595], [116.99478597315824, 39.38914891501595], [116.99478597315824, 39.38932857807278], [116.99442664704459, 39.38932857807278], [116.99442664704459, 39.389508241129604], [116.99478597315824, 39.389508241129604], [116.99478597315824, 39.389687904186424], [116.99496563621506, 39.389687904186424], [116.99496563621506, 39.39058621947054], [116.99478597315824, 39.39058621947054], [116.99478597315824, 39.39076588252737], [116.99442664704459, 39.39076588252737], [116.99442664704459, 39.39058621947054], [116.99406732093094, 39.39058621947054], [116.99406732093094, 39.390226893356896], [116.9937079948173, 39.390226893356896], [116.9937079948173, 39.39040655641372], [116.99388765787413, 39.39040655641372], [116.99388765787413, 39.39076588252737], [116.99406732093094, 39.39076588252737], [116.99406732093094, 39.390945545584195], [116.99424698398776, 39.390945545584195], [116.99424698398776, 39.391125208641014], [116.99478597315824, 39.391125208641014], [116.99478597315824, 39.390945545584195], [116.99496563621506, 39.390945545584195], [116.99496563621506, 39.39076588252737], [116.99568428844236, 39.39076588252737], [116.99568428844236, 39.39058621947054], [116.99658260372648, 39.39058621947054], [116.99658260372648, 39.39076588252737], [116.99712159289695, 39.39076588252737], [116.99712159289695, 39.391125208641014], [116.9967622667833, 39.391125208641014], [116.9967622667833, 39.39148453475467], [116.99658260372648, 39.39148453475467], [116.99658260372648, 39.39166419781149], [116.9967622667833, 39.39166419781149], [116.9967622667833, 39.39202352392514], [116.99694192984012, 39.39202352392514], [116.99694192984012, 39.392562513095605], [116.99712159289695, 39.392562513095605], [116.99712159289695, 39.39310150226608], [116.99694192984012, 39.39310150226608], [116.99694192984012, 39.393281165322904], [116.99640294066965, 39.393281165322904], [116.99640294066965, 39.39346082837973], [116.996043614556, 39.39346082837973], [116.996043614556, 39.39364049143655], [116.99550462538554, 39.39364049143655], [116.99550462538554, 39.393820154493376], [116.99496563621506, 39.393820154493376], [116.99496563621506, 39.3939998175502], [116.99406732093094, 39.3939998175502], [116.99406732093094, 39.39417948060702], [116.99388765787413, 39.39417948060702], [116.99388765787413, 39.39435914366385], [116.99316900564682, 39.39435914366385], [116.99316900564682, 39.39453880672067], [116.99263001647635, 39.39453880672067], [116.99263001647635, 39.394718469777494], [116.99280967953318, 39.394718469777494], [116.99280967953318, 39.39507779589114], [116.9922706903627, 39.39507779589114], [116.9922706903627, 39.39525745894797], [116.99155203813541, 39.39525745894797], [116.99155203813541, 39.39561678506161], [116.99137237507858, 39.39561678506161]], [[116.99047405979447, 39.38825059973183], [116.99029439673764, 39.38825059973183], [116.99029439673764, 39.388070936675014], [116.99047405979447, 39.388070936675014], [116.99047405979447, 39.38825059973183]], [[116.99191136424906, 39.39004723030008], [116.99173170119224, 39.39004723030008], [116.99173170119224, 39.38986756724325], [116.99191136424906, 39.38986756724325], [116.99191136424906, 39.39004723030008]]]}, "properties": {"name": "cand01", "ptype": "hall", "confidence": "low", "rank": 1, "area_ha": 36.5, "rise_db": 8.7, "digitised_from": "Sentinel-1 VV rise 2021->2026, orbit 142"}}, {"type": "Feature", "geometry": {"geodesic": false, "type": "Polygon", "coordinates": [[[117.0043081151699, 39.395976111175266], [117.0043081151699, 39.39579644811844], [117.00412845211308, 39.39579644811844], [117.00412845211308, 39.39525745894797], [117.0043081151699, 39.39525745894797], [117.0043081151699, 39.39507779589114], [117.00448777822673, 39.39507779589114], [117.00448777822673, 39.39489813283432], [117.00466744128356, 39.39489813283432], [117.00466744128356, 39.394718469777494], [117.00520643045402, 39.394718469777494], [117.00520643045402, 39.39364049143655], [117.00538609351085, 39.39364049143655], [117.00538609351085, 39.39346082837973], [117.00520643045402, 39.39346082837973], [117.00520643045402, 39.393281165322904], [117.00394878905625, 39.393281165322904], [117.00394878905625, 39.39346082837973], [117.00323013682896, 39.39346082837973], [117.00323013682896, 39.393281165322904], [117.00305047377213, 39.393281165322904], [117.00305047377213, 39.39310150226608], [117.00287081071531, 39.39310150226608], [117.00287081071531, 39.39292183920926], [117.0026911476585, 39.39292183920926], [117.0026911476585, 39.392562513095605], [117.00251148460167, 39.392562513095605], [117.00251148460167, 39.392382850038786], [117.00233182154484, 39.392382850038786], [117.00233182154484, 39.39202352392514], [117.00305047377213, 39.39202352392514], [117.00305047377213, 39.39184386086831], [117.00358946294261, 39.39184386086831], [117.00358946294261, 39.39166419781149], [117.00394878905625, 39.39166419781149], [117.00394878905625, 39.39148453475467], [117.00466744128356, 39.39148453475467], [117.00466744128356, 39.39130487169784], [117.00484710434037, 39.39130487169784], [117.00484710434037, 39.391125208641014], [117.00556575656768, 39.391125208641014], [117.00556575656768, 39.390945545584195], [117.00592508268132, 39.390945545584195], [117.00592508268132, 39.39076588252737], [117.00628440879497, 39.39076588252737], [117.00628440879497, 39.390945545584195], [117.0064640718518, 39.390945545584195], [117.0064640718518, 39.39130487169784], [117.00628440879497, 39.39130487169784], [117.00628440879497, 39.39148453475467], [117.0064640718518, 39.39148453475467], [117.0064640718518, 39.39184386086831], [117.00664373490862, 39.39184386086831], [117.00664373490862, 39.392382850038786], [117.00682339796543, 39.392382850038786], [117.00682339796543, 39.393281165322904], [117.00628440879497, 39.393281165322904], [117.00628440879497, 39.39346082837973], [117.00610474573814, 39.39346082837973], [117.00610474573814, 39.39364049143655], [117.00628440879497, 39.39364049143655], [117.00628440879497, 39.39435914366385], [117.0064640718518, 39.39435914366385], [117.0064640718518, 39.39543712200479], [117.00592508268132, 39.39543712200479], [117.00592508268132, 39.39561678506161], [117.0057454196245, 39.39561678506161], [117.0057454196245, 39.39579644811844], [117.00538609351085, 39.39579644811844], [117.00538609351085, 39.395976111175266], [117.0043081151699, 39.395976111175266]], [[117.00484710434037, 39.39184386086831], [117.00466744128356, 39.39184386086831], [117.00466744128356, 39.39166419781149], [117.00484710434037, 39.39166419781149], [117.00484710434037, 39.39184386086831]], [[117.00484710434037, 39.39220318698196], [117.00466744128356, 39.39220318698196], [117.00466744128356, 39.39202352392514], [117.00484710434037, 39.39202352392514], [117.00484710434037, 39.39220318698196]]]}, "properties": {"name": "cand02", "ptype": "hall", "confidence": "low", "rank": 2, "area_ha": 14.3, "rise_db": 7.5, "digitised_from": "Sentinel-1 VV rise 2021->2026, orbit 142"}}, {"type": "Feature", "geometry": {"geodesic": false, "type": "Polygon", "coordinates": [[[116.98795877699894, 39.41268477545989], [116.98795877699894, 39.41178646017577], [116.98813844005575, 39.41178646017577], [116.98813844005575, 39.41160679711894], [116.9884977661694, 39.41160679711894], [116.9884977661694, 39.411427134062116], [116.98867742922623, 39.411427134062116], [116.98867742922623, 39.4112474710053], [116.98813844005575, 39.4112474710053], [116.98813844005575, 39.411427134062116], [116.98759945088528, 39.411427134062116], [116.98759945088528, 39.4112474710053], [116.98741978782846, 39.4112474710053], [116.98741978782846, 39.41088814489164], [116.98777911394211, 39.41088814489164], [116.98777911394211, 39.410708481834824], [116.98813844005575, 39.410708481834824], [116.98813844005575, 39.41034915572118], [116.98759945088528, 39.41034915572118], [116.98759945088528, 39.409989829607525], [116.98724012477163, 39.409989829607525], [116.98724012477163, 39.409810166550706], [116.9870604617148, 39.409810166550706], [116.9870604617148, 39.409271177380234], [116.98724012477163, 39.409271177380234], [116.98724012477163, 39.40909151432341], [116.9870604617148, 39.40909151432341], [116.9870604617148, 39.40891185126658], [116.98688079865799, 39.40891185126658], [116.98688079865799, 39.408372862096115], [116.98759945088528, 39.408372862096115], [116.98759945088528, 39.408552525152935], [116.98795877699894, 39.408552525152935], [116.98795877699894, 39.40873218820976], [116.98813844005575, 39.40873218820976], [116.98813844005575, 39.40909151432341], [116.98885709228306, 39.40909151432341], [116.98885709228306, 39.40891185126658], [116.9892164183967, 39.40891185126658], [116.9892164183967, 39.40909151432341], [116.989935070624, 39.40909151432341], [116.989935070624, 39.40945084043705], [116.99047405979447, 39.40945084043705], [116.99047405979447, 39.409271177380234], [116.99029439673764, 39.409271177380234], [116.99029439673764, 39.40891185126658], [116.99047405979447, 39.40891185126658], [116.99047405979447, 39.40873218820976], [116.99065372285129, 39.40873218820976], [116.99065372285129, 39.408552525152935], [116.99119271202176, 39.408552525152935], [116.99119271202176, 39.40873218820976], [116.99137237507858, 39.40873218820976], [116.99137237507858, 39.408552525152935], [116.99155203813541, 39.408552525152935], [116.99155203813541, 39.40819319903929], [116.99209102730588, 39.40819319903929], [116.99209102730588, 39.40801353598246], [116.99263001647635, 39.40801353598246], [116.99263001647635, 39.40783387292564], [116.99280967953318, 39.40783387292564], [116.99280967953318, 39.40801353598246], [116.99316900564682, 39.40801353598246], [116.99316900564682, 39.40891185126658], [116.99334866870365, 39.40891185126658], [116.99334866870365, 39.409271177380234], [116.99352833176047, 39.409271177380234], [116.99352833176047, 39.40945084043705], [116.99334866870365, 39.40945084043705], [116.99334866870365, 39.40963050349388], [116.99298934259, 39.40963050349388], [116.99298934259, 39.409810166550706], [116.99245035341953, 39.409810166550706], [116.99245035341953, 39.409989829607525], [116.99173170119224, 39.409989829607525], [116.99173170119224, 39.41016949266435], [116.99137237507858, 39.41016949266435], [116.99137237507858, 39.41034915572118], [116.99065372285129, 39.41034915572118], [116.99065372285129, 39.41016949266435], [116.99047405979447, 39.41016949266435], [116.99047405979447, 39.41034915572118], [116.99029439673764, 39.41034915572118], [116.99029439673764, 39.410528818778], [116.99011473368081, 39.410528818778], [116.99011473368081, 39.410708481834824], [116.98975540756717, 39.410708481834824], [116.98975540756717, 39.41088814489164], [116.98885709228306, 39.41088814489164], [116.98885709228306, 39.41106780794847], [116.98867742922623, 39.41106780794847], [116.98867742922623, 39.4112474710053], [116.9892164183967, 39.4112474710053], [116.9892164183967, 39.411427134062116], [116.98957574451035, 39.411427134062116], [116.98957574451035, 39.41160679711894], [116.98975540756717, 39.41160679711894], [116.98975540756717, 39.41196612323259], [116.98957574451035, 39.41196612323259], [116.98957574451035, 39.412145786289415], [116.98975540756717, 39.412145786289415], [116.98975540756717, 39.41232544934624], [116.98939608145352, 39.41232544934624], [116.98939608145352, 39.41196612323259], [116.9892164183967, 39.41196612323259], [116.9892164183967, 39.41160679711894], [116.98903675533987, 39.41160679711894], [116.98903675533987, 39.41178646017577], [116.98867742922623, 39.41178646017577], [116.98867742922623, 39.41196612323259], [116.9884977661694, 39.41196612323259], [116.9884977661694, 39.41250511240306], [116.98831810311258, 39.41250511240306], [116.98831810311258, 39.41268477545989], [116.98795877699894, 39.41268477545989]], [[116.98759945088528, 39.40909151432341], [116.98741978782846, 39.40909151432341], [116.98741978782846, 39.40891185126658], [116.98759945088528, 39.40891185126658], [116.98759945088528, 39.40909151432341]], [[116.99263001647635, 39.408372862096115], [116.99245035341953, 39.408372862096115], [116.99245035341953, 39.40819319903929], [116.99263001647635, 39.40819319903929], [116.99263001647635, 39.408372862096115]], [[116.99263001647635, 39.40873218820976], [116.99245035341953, 39.40873218820976], [116.99245035341953, 39.408552525152935], [116.99263001647635, 39.408552525152935], [116.99263001647635, 39.40873218820976]], [[116.99263001647635, 39.40909151432341], [116.99191136424906, 39.40909151432341], [116.99191136424906, 39.40891185126658], [116.9922706903627, 39.40891185126658], [116.9922706903627, 39.40873218820976], [116.99245035341953, 39.40873218820976], [116.99245035341953, 39.40891185126658], [116.99263001647635, 39.40891185126658], [116.99263001647635, 39.40909151432341]], [[116.99173170119224, 39.409271177380234], [116.99155203813541, 39.409271177380234], [116.99155203813541, 39.40909151432341], [116.99173170119224, 39.40909151432341], [116.99173170119224, 39.409271177380234]], [[116.9892164183967, 39.40945084043705], [116.98885709228306, 39.40945084043705], [116.98885709228306, 39.40909151432341], [116.9892164183967, 39.40909151432341], [116.9892164183967, 39.40945084043705]], [[116.98777911394211, 39.40963050349388], [116.98741978782846, 39.40963050349388], [116.98741978782846, 39.40945084043705], [116.98777911394211, 39.40945084043705], [116.98777911394211, 39.40963050349388]], [[116.98885709228306, 39.40963050349388], [116.98831810311258, 39.40963050349388], [116.98831810311258, 39.40945084043705], [116.98885709228306, 39.40945084043705], [116.98885709228306, 39.40963050349388]], [[116.99245035341953, 39.40963050349388], [116.99209102730588, 39.40963050349388], [116.99209102730588, 39.40945084043705], [116.9922706903627, 39.40945084043705], [116.9922706903627, 39.409271177380234], [116.99280967953318, 39.409271177380234], [116.99280967953318, 39.40945084043705], [116.99245035341953, 39.40945084043705], [116.99245035341953, 39.40963050349388]], [[116.98939608145352, 39.409989829607525], [116.9892164183967, 39.409989829607525], [116.9892164183967, 39.409810166550706], [116.98939608145352, 39.409810166550706], [116.98939608145352, 39.409989829607525]], [[116.99029439673764, 39.409989829607525], [116.99011473368081, 39.409989829607525], [116.99011473368081, 39.409810166550706], [116.99029439673764, 39.409810166550706], [116.99029439673764, 39.409989829607525]], [[116.98885709228306, 39.41016949266435], [116.9884977661694, 39.41016949266435], [116.9884977661694, 39.409989829607525], [116.98867742922623, 39.409989829607525], [116.98867742922623, 39.409810166550706], [116.98903675533987, 39.409810166550706], [116.98903675533987, 39.409989829607525], [116.98885709228306, 39.409989829607525], [116.98885709228306, 39.41016949266435]], [[116.98903675533987, 39.410708481834824], [116.9884977661694, 39.410708481834824], [116.9884977661694, 39.410528818778], [116.98885709228306, 39.410528818778], [116.98885709228306, 39.41034915572118], [116.98957574451035, 39.41034915572118], [116.98957574451035, 39.41016949266435], [116.98975540756717, 39.41016949266435], [116.98975540756717, 39.410528818778], [116.98903675533987, 39.410528818778], [116.98903675533987, 39.410708481834824]]]}, "properties": {"name": "cand03", "ptype": "hall", "confidence": "low", "rank": 3, "area_ha": 14.1, "rise_db": 6.3, "digitised_from": "Sentinel-1 VV rise 2021->2026, orbit 142"}}, {"type": "Feature", "geometry": {"geodesic": false, "type": "Polygon", "coordinates": [[[116.98813844005575, 39.4315493964264], [116.98813844005575, 39.43136973336957], [116.98795877699894, 39.43136973336957], [116.98795877699894, 39.431010407255926], [116.98777911394211, 39.431010407255926], [116.98777911394211, 39.4308307441991], [116.98795877699894, 39.4308307441991], [116.98795877699894, 39.43047141808545], [116.98724012477163, 39.43047141808545], [116.98724012477163, 39.43065108114227], [116.9870604617148, 39.43065108114227], [116.9870604617148, 39.43047141808545], [116.98688079865799, 39.43047141808545], [116.98688079865799, 39.43011209197181], [116.98670113560117, 39.43011209197181], [116.98670113560117, 39.43029175502863], [116.98652147254434, 39.43029175502863], [116.98652147254434, 39.43011209197181], [116.98616214643069, 39.43011209197181], [116.98616214643069, 39.43047141808545], [116.98562315726022, 39.43047141808545], [116.98562315726022, 39.43065108114227], [116.9854434942034, 39.43065108114227], [116.9854434942034, 39.431010407255926], [116.98526383114657, 39.431010407255926], [116.98526383114657, 39.43136973336957], [116.98490450503293, 39.43136973336957], [116.98490450503293, 39.43029175502863], [116.98508416808974, 39.43029175502863], [116.98508416808974, 39.42921377668768], [116.98490450503293, 39.42921377668768], [116.98490450503293, 39.42903411363086], [116.9847248419761, 39.42903411363086], [116.9847248419761, 39.428854450574036], [116.98490450503293, 39.428854450574036], [116.98490450503293, 39.42867478751721], [116.98526383114657, 39.42867478751721], [116.98526383114657, 39.428135798346744], [116.98490450503293, 39.428135798346744], [116.98490450503293, 39.428315461403564], [116.9847248419761, 39.428315461403564], [116.9847248419761, 39.428135798346744], [116.98454517891928, 39.428135798346744], [116.98454517891928, 39.42795613528992], [116.9847248419761, 39.42795613528992], [116.9847248419761, 39.42759680917627], [116.98490450503293, 39.42759680917627], [116.98490450503293, 39.427417146119446], [116.98508416808974, 39.427417146119446], [116.98508416808974, 39.42723748306262], [116.98688079865799, 39.42723748306262], [116.98688079865799, 39.4270578200058], [116.98759945088528, 39.4270578200058], [116.98759945088528, 39.42723748306262], [116.98795877699894, 39.42723748306262], [116.98795877699894, 39.427417146119446], [116.98831810311258, 39.427417146119446], [116.98831810311258, 39.42777647223309], [116.98795877699894, 39.42777647223309], [116.98795877699894, 39.42795613528992], [116.98777911394211, 39.42795613528992], [116.98777911394211, 39.428854450574036], [116.98795877699894, 39.428854450574036], [116.98795877699894, 39.42903411363086], [116.98813844005575, 39.42903411363086], [116.98813844005575, 39.42939343974451], [116.98831810311258, 39.42939343974451], [116.98831810311258, 39.42993242891498], [116.9884977661694, 39.42993242891498], [116.9884977661694, 39.43011209197181], [116.98885709228306, 39.43011209197181], [116.98885709228306, 39.43029175502863], [116.98867742922623, 39.43029175502863], [116.98867742922623, 39.43065108114227], [116.9884977661694, 39.43065108114227], [116.9884977661694, 39.43136973336957], [116.98831810311258, 39.43136973336957], [116.98831810311258, 39.4315493964264], [116.98813844005575, 39.4315493964264]], [[116.98670113560117, 39.42777647223309], [116.98652147254434, 39.42777647223309], [116.98652147254434, 39.42759680917627], [116.98670113560117, 39.42759680917627], [116.98670113560117, 39.42777647223309]], [[116.98634180948751, 39.42849512446039], [116.98580282031705, 39.42849512446039], [116.98580282031705, 39.428315461403564], [116.98634180948751, 39.428315461403564], [116.98634180948751, 39.42849512446039]], [[116.98724012477163, 39.42849512446039], [116.9870604617148, 39.42849512446039], [116.9870604617148, 39.428315461403564], [116.98724012477163, 39.428315461403564], [116.98724012477163, 39.42849512446039]], [[116.98652147254434, 39.42939343974451], [116.98616214643069, 39.42939343974451], [116.98616214643069, 39.42921377668768], [116.98634180948751, 39.42921377668768], [116.98634180948751, 39.42903411363086], [116.98652147254434, 39.42903411363086], [116.98652147254434, 39.42939343974451]], [[116.98724012477163, 39.429752765858154], [116.9870604617148, 39.429752765858154], [116.9870604617148, 39.42921377668768], [116.98688079865799, 39.42921377668768], [116.98688079865799, 39.428854450574036], [116.98724012477163, 39.428854450574036], [116.98724012477163, 39.42939343974451], [116.98741978782846, 39.42939343974451], [116.98741978782846, 39.429573102801335], [116.98724012477163, 39.429573102801335], [116.98724012477163, 39.429752765858154]]]}, "properties": {"name": "cand04", "ptype": "hall", "confidence": "low", "rank": 4, "area_ha": 13.3, "rise_db": 8.9, "digitised_from": "Sentinel-1 VV rise 2021->2026, orbit 142"}}, {"type": "Feature", "geometry": {"geodesic": false, "type": "Polygon", "coordinates": [[[117.08156322960419, 39.382321718856645], [117.08156322960419, 39.3812437405157], [117.08138356654736, 39.3812437405157], [117.08138356654736, 39.37962677300429], [117.08120390349053, 39.37962677300429], [117.08120390349053, 39.37944710994746], [117.08174289266101, 39.37944710994746], [117.08174289266101, 39.37926744689064], [117.08192255571784, 39.37926744689064], [117.08192255571784, 39.37908778383382], [117.08228188183148, 39.37908778383382], [117.08228188183148, 39.37926744689064], [117.0824615448883, 39.37926744689064], [117.0824615448883, 39.37908778383382], [117.08264120794513, 39.37908778383382], [117.08264120794513, 39.37890812077699], [117.08300053405877, 39.37890812077699], [117.08300053405877, 39.378548794663345], [117.08335986017242, 39.378548794663345], [117.08335986017242, 39.37836913160652], [117.08353952322925, 39.37836913160652], [117.08353952322925, 39.3781894685497], [117.08371918628607, 39.3781894685497], [117.08371918628607, 39.37800980549287], [117.08353952322925, 39.37800980549287], [117.08353952322925, 39.377830142436046], [117.08335986017242, 39.377830142436046], [117.08335986017242, 39.37765047937923], [117.08353952322925, 39.37765047937923], [117.08353952322925, 39.377291153265574], [117.08371918628607, 39.377291153265574], [117.08371918628607, 39.377111490208755], [117.08407851239971, 39.377111490208755], [117.08407851239971, 39.37693182715193], [117.08425817545654, 39.37693182715193], [117.08425817545654, 39.3767521640951], [117.08479716462702, 39.3767521640951], [117.08479716462702, 39.37693182715193], [117.08497682768383, 39.37693182715193], [117.08497682768383, 39.3767521640951], [117.08515649074066, 39.3767521640951], [117.08515649074066, 39.37657250103828], [117.08551581685431, 39.37657250103828], [117.08551581685431, 39.3767521640951], [117.08569547991114, 39.3767521640951], [117.08569547991114, 39.377111490208755], [117.08551581685431, 39.377111490208755], [117.08551581685431, 39.377291153265574], [117.08533615379748, 39.377291153265574], [117.08533615379748, 39.377830142436046], [117.08515649074066, 39.377830142436046], [117.08515649074066, 39.37800980549287], [117.08497682768383, 39.37800980549287], [117.08497682768383, 39.37836913160652], [117.08479716462702, 39.37836913160652], [117.08479716462702, 39.378548794663345], [117.0846175015702, 39.378548794663345], [117.0846175015702, 39.37836913160652], [117.08443783851337, 39.37836913160652], [117.08443783851337, 39.37908778383382], [117.08425817545654, 39.37908778383382], [117.08425817545654, 39.37926744689064], [117.08407851239971, 39.37926744689064], [117.08407851239971, 39.37962677300429], [117.0838988493429, 39.37962677300429], [117.0838988493429, 39.38052508828841], [117.08371918628607, 39.38052508828841], [117.08371918628607, 39.38070475134523], [117.08353952322925, 39.38070475134523], [117.08353952322925, 39.380884414402054], [117.08335986017242, 39.380884414402054], [117.08335986017242, 39.3812437405157], [117.08353952322925, 39.3812437405157], [117.08353952322925, 39.381423403572526], [117.08335986017242, 39.381423403572526], [117.08335986017242, 39.38160306662935], [117.0831801971156, 39.38160306662935], [117.0831801971156, 39.38178272968617], [117.08282087100196, 39.38178272968617], [117.08282087100196, 39.381962392743], [117.0824615448883, 39.381962392743], [117.0824615448883, 39.382142055799825], [117.08210221877465, 39.382142055799825], [117.08210221877465, 39.382321718856645], [117.08156322960419, 39.382321718856645]]]}, "properties": {"name": "cand05", "ptype": "hall", "confidence": "low", "rank": 5, "area_ha": 12.8, "rise_db": 6.9, "digitised_from": "Sentinel-1 VV rise 2021->2026, orbit 142"}}, {"type": "Feature", "geometry": {"geodesic": false, "type": "Polygon", "coordinates": [[[117.01293194189745, 39.401904992050454], [117.01293194189745, 39.40172532899363], [117.01275227884062, 39.40172532899363], [117.01275227884062, 39.4015456659368], [117.01257261578381, 39.4015456659368], [117.01257261578381, 39.40136600287998], [117.01275227884062, 39.40136600287998], [117.01275227884062, 39.401186339823155], [117.0132912680111, 39.401186339823155], [117.0132912680111, 39.40100667676633], [117.01365059412475, 39.40100667676633], [117.01365059412475, 39.40082701370951], [117.0140099202384, 39.40082701370951], [117.0140099202384, 39.40064735065268], [117.01293194189745, 39.40064735065268], [117.01293194189745, 39.40082701370951], [117.01257261578381, 39.40082701370951], [117.01257261578381, 39.399749035368565], [117.01239295272698, 39.399749035368565], [117.01239295272698, 39.39921004619809], [117.01221328967016, 39.39921004619809], [117.01221328967016, 39.39885072008445], [117.01203362661333, 39.39885072008445], [117.01203362661333, 39.39867105702762], [117.01239295272698, 39.39867105702762], [117.01239295272698, 39.399030383141266], [117.01275227884062, 39.399030383141266], [117.01275227884062, 39.39867105702762], [117.01257261578381, 39.39867105702762], [117.01257261578381, 39.398491393970794], [117.0118539635565, 39.398491393970794], [117.0118539635565, 39.398311730913974], [117.01149463744287, 39.398311730913974], [117.01149463744287, 39.39795240480033], [117.01131497438604, 39.39795240480033], [117.01131497438604, 39.397593078686675], [117.01149463744287, 39.397593078686675], [117.01149463744287, 39.397413415629856], [117.01167430049969, 39.397413415629856], [117.01167430049969, 39.39723375257303], [117.01221328967016, 39.39723375257303], [117.01221328967016, 39.3970540895162], [117.01293194189745, 39.3970540895162], [117.01293194189745, 39.39723375257303], [117.01347093106793, 39.39723375257303], [117.01347093106793, 39.397413415629856], [117.01436924635205, 39.397413415629856], [117.01436924635205, 39.397593078686675], [117.01454890940887, 39.397593078686675], [117.01454890940887, 39.398311730913974], [117.01436924635205, 39.398311730913974], [117.01436924635205, 39.3977727417435], [117.0140099202384, 39.3977727417435], [117.0140099202384, 39.39813206785715], [117.01418958329522, 39.39813206785715], [117.01418958329522, 39.39867105702762], [117.01454890940887, 39.39867105702762], [117.01454890940887, 39.39885072008445], [117.01490823552251, 39.39885072008445], [117.01490823552251, 39.39938970925492], [117.01508789857934, 39.39938970925492], [117.01508789857934, 39.39956937231174], [117.01562688774982, 39.39956937231174], [117.01562688774982, 39.39992869842539], [117.01526756163616, 39.39992869842539], [117.01526756163616, 39.40010836148221], [117.01508789857934, 39.40010836148221], [117.01508789857934, 39.40028802453904], [117.01490823552251, 39.40028802453904], [117.01490823552251, 39.40046768759586], [117.01508789857934, 39.40046768759586], [117.01508789857934, 39.40064735065268], [117.01544722469299, 39.40064735065268], [117.01544722469299, 39.401186339823155], [117.01508789857934, 39.401186339823155], [117.01508789857934, 39.40136600287998], [117.01454890940887, 39.40136600287998], [117.01454890940887, 39.4015456659368], [117.0140099202384, 39.4015456659368], [117.0140099202384, 39.40172532899363], [117.01347093106793, 39.40172532899363], [117.01347093106793, 39.401904992050454], [117.01293194189745, 39.401904992050454]], [[117.0132912680111, 39.3977727417435], [117.01311160495428, 39.3977727417435], [117.01311160495428, 39.397593078686675], [117.0132912680111, 39.397593078686675], [117.0132912680111, 39.3977727417435]], [[117.01275227884062, 39.39795240480033], [117.01257261578381, 39.39795240480033], [117.01257261578381, 39.3977727417435], [117.01275227884062, 39.3977727417435], [117.01275227884062, 39.39795240480033]], [[117.01347093106793, 39.39795240480033], [117.0132912680111, 39.39795240480033], [117.0132912680111, 39.3977727417435], [117.01347093106793, 39.3977727417435], [117.01347093106793, 39.39795240480033]], [[117.01311160495428, 39.39867105702762], [117.01293194189745, 39.39867105702762], [117.01293194189745, 39.398491393970794], [117.01275227884062, 39.398491393970794], [117.01275227884062, 39.398311730913974], [117.01257261578381, 39.398311730913974], [117.01257261578381, 39.39813206785715], [117.01293194189745, 39.39813206785715], [117.01293194189745, 39.398311730913974], [117.01311160495428, 39.398311730913974], [117.01311160495428, 39.39867105702762]], [[117.01347093106793, 39.399030383141266], [117.0132912680111, 39.399030383141266], [117.0132912680111, 39.39885072008445], [117.01347093106793, 39.39885072008445], [117.01347093106793, 39.399030383141266]], [[117.01311160495428, 39.39921004619809], [117.01275227884062, 39.39921004619809], [117.01275227884062, 39.399030383141266], [117.01311160495428, 39.399030383141266], [117.01311160495428, 39.39921004619809]], [[117.01365059412475, 39.40010836148221], [117.01311160495428, 39.40010836148221], [117.01311160495428, 39.39938970925492], [117.0132912680111, 39.39938970925492], [117.0132912680111, 39.399749035368565], [117.01365059412475, 39.399749035368565], [117.01365059412475, 39.399030383141266], [117.01383025718157, 39.399030383141266], [117.01383025718157, 39.39938970925492], [117.0140099202384, 39.39938970925492], [117.0140099202384, 39.399030383141266], [117.01418958329522, 39.399030383141266], [117.01418958329522, 39.39921004619809], [117.01436924635205, 39.39921004619809], [117.01436924635205, 39.39956937231174], [117.01418958329522, 39.39956937231174], [117.01418958329522, 39.399749035368565], [117.0140099202384, 39.399749035368565], [117.0140099202384, 39.39992869842539], [117.01365059412475, 39.39992869842539], [117.01365059412475, 39.40010836148221]], [[117.01490823552251, 39.40064735065268], [117.01472857246569, 39.40064735065268], [117.01472857246569, 39.40046768759586], [117.01490823552251, 39.40046768759586], [117.01490823552251, 39.40064735065268]], [[117.01454890940887, 39.40082701370951], [117.01418958329522, 39.40082701370951], [117.01418958329522, 39.40064735065268], [117.01454890940887, 39.40064735065268], [117.01454890940887, 39.40082701370951]]]}, "properties": {"name": "cand06", "ptype": "hall", "confidence": "low", "rank": 6, "area_ha": 12.3, "rise_db": 6.7, "digitised_from": "Sentinel-1 VV rise 2021->2026, orbit 142"}}, {"type": "Feature", "geometry": {"geodesic": false, "type": "Polygon", "coordinates": [[[117.11659752568485, 39.36417575011743], [117.11659752568485, 39.363457097890134], [117.11641786262803, 39.363457097890134], [117.11641786262803, 39.363277434833314], [117.11569921040072, 39.363277434833314], [117.11569921040072, 39.36291810871966], [117.11659752568485, 39.36291810871966], [117.11659752568485, 39.36201979343554], [117.11641786262803, 39.36201979343554], [117.11641786262803, 39.3616604673219], [117.11659752568485, 39.3616604673219], [117.11659752568485, 39.36148080426507], [117.1162381995712, 39.36148080426507], [117.1162381995712, 39.361121478151425], [117.11605853651437, 39.361121478151425], [117.11605853651437, 39.36076215203778], [117.11587887345755, 39.36076215203778], [117.11587887345755, 39.36022316286731], [117.11569921040072, 39.36022316286731], [117.11569921040072, 39.36004349981048], [117.11587887345755, 39.36004349981048], [117.11587887345755, 39.35986383675366], [117.11641786262803, 39.35986383675366], [117.11641786262803, 39.36004349981048], [117.11659752568485, 39.36004349981048], [117.11659752568485, 39.35986383675366], [117.11677718874166, 39.35986383675366], [117.11677718874166, 39.359684173696834], [117.11659752568485, 39.359684173696834], [117.11659752568485, 39.35914518452636], [117.11641786262803, 39.35914518452636], [117.11641786262803, 39.358785858412716], [117.11605853651437, 39.358785858412716], [117.11605853651437, 39.35860619535589], [117.11641786262803, 39.35860619535589], [117.11641786262803, 39.358785858412716], [117.11677718874166, 39.358785858412716], [117.11677718874166, 39.35860619535589], [117.11749584096897, 39.35860619535589], [117.11749584096897, 39.35914518452636], [117.11731617791214, 39.35914518452636], [117.11731617791214, 39.35932484758319], [117.11749584096897, 39.35932484758319], [117.11749584096897, 39.35950451064001], [117.11767550402578, 39.35950451064001], [117.11767550402578, 39.36004349981048], [117.11785516708261, 39.36004349981048], [117.11785516708261, 39.36022316286731], [117.11803483013944, 39.36022316286731], [117.11803483013944, 39.36076215203778], [117.11821449319626, 39.36076215203778], [117.11821449319626, 39.361840130378724], [117.11839415625309, 39.361840130378724], [117.11839415625309, 39.362558782606015], [117.11893314542355, 39.362558782606015], [117.11893314542355, 39.36237911954919], [117.11929247153721, 39.36237911954919], [117.11929247153721, 39.362558782606015], [117.11947213459403, 39.362558782606015], [117.11947213459403, 39.36273844566284], [117.11929247153721, 39.36273844566284], [117.11929247153721, 39.36309777177649], [117.11803483013944, 39.36309777177649], [117.11803483013944, 39.363457097890134], [117.11731617791214, 39.363457097890134], [117.11731617791214, 39.36381642400379], [117.11695685179849, 39.36381642400379], [117.11695685179849, 39.36417575011743], [117.11659752568485, 39.36417575011743]], [[117.11713651485532, 39.36148080426507], [117.11695685179849, 39.36148080426507], [117.11695685179849, 39.361121478151425], [117.11677718874166, 39.361121478151425], [117.11677718874166, 39.3609418150946], [117.11713651485532, 39.3609418150946], [117.11713651485532, 39.36148080426507]], [[117.11749584096897, 39.36273844566284], [117.11731617791214, 39.36273844566284], [117.11731617791214, 39.36237911954919], [117.11749584096897, 39.36237911954919], [117.11749584096897, 39.36273844566284]], [[117.11767550402578, 39.36291810871966], [117.11749584096897, 39.36291810871966], [117.11749584096897, 39.36273844566284], [117.11767550402578, 39.36273844566284], [117.11767550402578, 39.36291810871966]]]}, "properties": {"name": "cand07", "ptype": "hall", "confidence": "low", "rank": 7, "area_ha": 11.2, "rise_db": 9.0, "digitised_from": "Sentinel-1 VV rise 2021->2026, orbit 142"}}, {"type": "Feature", "geometry": {"geodesic": false, "type": "Polygon", "coordinates": [[[117.01868115971581, 39.423644221926146], [117.01868115971581, 39.42292556969885], [117.018501496659, 39.42292556969885], [117.018501496659, 39.42274590664202], [117.01814217054535, 39.42274590664202], [117.01814217054535, 39.42292556969885], [117.0177828444317, 39.42292556969885], [117.0177828444317, 39.42328489581249], [117.01796250748852, 39.42328489581249], [117.01796250748852, 39.423644221926146], [117.01742351831805, 39.423644221926146], [117.01742351831805, 39.42328489581249], [117.01724385526123, 39.42328489581249], [117.01724385526123, 39.423105232755674], [117.0170641922044, 39.423105232755674], [117.0170641922044, 39.42274590664202], [117.01688452914757, 39.42274590664202], [117.01688452914757, 39.422206917471556], [117.01670486609075, 39.422206917471556], [117.01670486609075, 39.4218475913579], [117.01652520303394, 39.4218475913579], [117.01652520303394, 39.42148826524426], [117.01634553997711, 39.42148826524426], [117.01634553997711, 39.42130860218743], [117.01616587692028, 39.42130860218743], [117.01616587692028, 39.420949276073785], [117.01598621386346, 39.420949276073785], [117.01598621386346, 39.42058994996014], [117.01580655080663, 39.42058994996014], [117.01580655080663, 39.420050960789666], [117.01598621386346, 39.420050960789666], [117.01598621386346, 39.41987129773284], [117.01634553997711, 39.41987129773284], [117.01634553997711, 39.41969163467602], [117.01652520303394, 39.41969163467602], [117.01652520303394, 39.419511971619194], [117.01760318137488, 39.419511971619194], [117.01760318137488, 39.41933230856237], [117.01814217054535, 39.41933230856237], [117.01814217054535, 39.41969163467602], [117.01796250748852, 39.41969163467602], [117.01796250748852, 39.41987129773284], [117.01760318137488, 39.41987129773284], [117.01760318137488, 39.42023062384649], [117.018501496659, 39.42023062384649], [117.018501496659, 39.42041028690331], [117.01868115971581, 39.42041028690331], [117.01868115971581, 39.42058994996014], [117.018501496659, 39.42058994996014], [117.018501496659, 39.42076961301696], [117.01814217054535, 39.42076961301696], [117.01814217054535, 39.420949276073785], [117.01796250748852, 39.420949276073785], [117.01796250748852, 39.42112893913061], [117.01814217054535, 39.42112893913061], [117.01814217054535, 39.42130860218743], [117.01832183360217, 39.42130860218743], [117.01832183360217, 39.42112893913061], [117.018501496659, 39.42112893913061], [117.018501496659, 39.420949276073785], [117.01868115971581, 39.420949276073785], [117.01868115971581, 39.42112893913061], [117.01904048582946, 39.42112893913061], [117.01904048582946, 39.42130860218743], [117.01922014888629, 39.42130860218743], [117.01922014888629, 39.42148826524426], [117.01904048582946, 39.42148826524426], [117.01904048582946, 39.42166792830108], [117.018501496659, 39.42166792830108], [117.018501496659, 39.42202725441473], [117.01868115971581, 39.42202725441473], [117.01868115971581, 39.422206917471556], [117.01886082277264, 39.422206917471556], [117.01886082277264, 39.42202725441473], [117.01904048582946, 39.42202725441473], [117.01904048582946, 39.422206917471556], [117.01922014888629, 39.422206917471556], [117.01922014888629, 39.422386580528375], [117.01904048582946, 39.422386580528375], [117.01904048582946, 39.42346455886932], [117.01886082277264, 39.42346455886932], [117.01886082277264, 39.423644221926146], [117.01868115971581, 39.423644221926146]], [[117.0170641922044, 39.42076961301696], [117.01652520303394, 39.42076961301696], [117.01652520303394, 39.42023062384649], [117.01724385526123, 39.42023062384649], [117.01724385526123, 39.42058994996014], [117.0170641922044, 39.42058994996014], [117.0170641922044, 39.42076961301696]], [[117.01760318137488, 39.42166792830108], [117.0170641922044, 39.42166792830108], [117.0170641922044, 39.42148826524426], [117.01688452914757, 39.42148826524426], [117.01688452914757, 39.42112893913061], [117.01760318137488, 39.42112893913061], [117.01760318137488, 39.42130860218743], [117.0177828444317, 39.42130860218743], [117.0177828444317, 39.42148826524426], [117.01760318137488, 39.42148826524426], [117.01760318137488, 39.42166792830108]], [[117.01814217054535, 39.4225662435852], [117.01742351831805, 39.4225662435852], [117.01742351831805, 39.422386580528375], [117.01724385526123, 39.422386580528375], [117.01724385526123, 39.42202725441473], [117.01742351831805, 39.42202725441473], [117.01742351831805, 39.4218475913579], [117.01814217054535, 39.4218475913579], [117.01814217054535, 39.422206917471556], [117.01832183360217, 39.422206917471556], [117.01832183360217, 39.422386580528375], [117.01814217054535, 39.422386580528375], [117.01814217054535, 39.4225662435852]]]}, "properties": {"name": "cand08", "ptype": "hall", "confidence": "low", "rank": 8, "area_ha": 8.4, "rise_db": 8.6, "digitised_from": "Sentinel-1 VV rise 2021->2026, orbit 142"}}, {"type": "Feature", "geometry": {"geodesic": false, "type": "Polygon", "coordinates": [[[117.08156322960419, 39.376392837981456], [117.08156322960419, 39.37621317492464], [117.08138356654736, 39.37621317492464], [117.08138356654736, 39.375674185754164], [117.08120390349053, 39.375674185754164], [117.08120390349053, 39.37549452269734], [117.0810242404337, 39.37549452269734], [117.0810242404337, 39.37531485964051], [117.0808445773769, 39.37531485964051], [117.0808445773769, 39.37441654435639], [117.0810242404337, 39.37441654435639], [117.0810242404337, 39.37333856601545], [117.08120390349053, 39.37333856601545], [117.08120390349053, 39.37315890295863], [117.08138356654736, 39.37315890295863], [117.08138356654736, 39.3729792399018], [117.0824615448883, 39.3729792399018], [117.0824615448883, 39.37315890295863], [117.08282087100196, 39.37315890295863], [117.08282087100196, 39.37333856601545], [117.08300053405877, 39.37333856601545], [117.08300053405877, 39.373518229072275], [117.08282087100196, 39.373518229072275], [117.08282087100196, 39.3736978921291], [117.08264120794513, 39.3736978921291], [117.08264120794513, 39.37387755518592], [117.0824615448883, 39.37387755518592], [117.0824615448883, 39.374236881299574], [117.08264120794513, 39.374236881299574], [117.08264120794513, 39.37441654435639], [117.0831801971156, 39.37441654435639], [117.0831801971156, 39.37513519658369], [117.08335986017242, 39.37513519658369], [117.08335986017242, 39.374955533526865], [117.08353952322925, 39.374955533526865], [117.08353952322925, 39.37477587047004], [117.08407851239971, 39.37477587047004], [117.08407851239971, 39.37459620741322], [117.08443783851337, 39.37459620741322], [117.08443783851337, 39.374955533526865], [117.08425817545654, 39.374955533526865], [117.08425817545654, 39.37549452269734], [117.0838988493429, 39.37549452269734], [117.0838988493429, 39.37531485964051], [117.08335986017242, 39.37531485964051], [117.08335986017242, 39.37549452269734], [117.0831801971156, 39.37549452269734], [117.0831801971156, 39.375674185754164], [117.08282087100196, 39.375674185754164], [117.08282087100196, 39.37549452269734], [117.08174289266101, 39.37549452269734], [117.08174289266101, 39.37585384881098], [117.08192255571784, 39.37585384881098], [117.08192255571784, 39.37621317492464], [117.08174289266101, 39.37621317492464], [117.08174289266101, 39.376392837981456], [117.08156322960419, 39.376392837981456]]]}, "properties": {"name": "cand09", "ptype": "hall", "confidence": "low", "rank": 9, "area_ha": 7.3, "rise_db": 8.3, "digitised_from": "Sentinel-1 VV rise 2021->2026, orbit 142"}}, {"type": "Feature", "geometry": {"geodesic": false, "type": "Polygon", "coordinates": [[[116.98436551586245, 39.42723748306262], [116.98436551586245, 39.4270578200058], [116.98418585280562, 39.4270578200058], [116.98418585280562, 39.42687815694897], [116.98400618974881, 39.42687815694897], [116.98400618974881, 39.42651883083533], [116.98418585280562, 39.42651883083533], [116.98418585280562, 39.42615950472168], [116.98400618974881, 39.42615950472168], [116.98400618974881, 39.425979841664855], [116.98418585280562, 39.425979841664855], [116.98418585280562, 39.42580017860803], [116.98436551586245, 39.42580017860803], [116.98436551586245, 39.425979841664855], [116.98454517891928, 39.425979841664855], [116.98454517891928, 39.42615950472168], [116.9847248419761, 39.42615950472168], [116.9847248419761, 39.4263391677785], [116.98526383114657, 39.4263391677785], [116.98526383114657, 39.42615950472168], [116.98562315726022, 39.42615950472168], [116.98562315726022, 39.42544085249438], [116.9854434942034, 39.42544085249438], [116.9854434942034, 39.42400354803979], [116.98562315726022, 39.42400354803979], [116.98562315726022, 39.423823884982966], [116.98598248337387, 39.423823884982966], [116.98598248337387, 39.423644221926146], [116.98634180948751, 39.423644221926146], [116.98634180948751, 39.423823884982966], [116.98670113560117, 39.423823884982966], [116.98670113560117, 39.42400354803979], [116.9870604617148, 39.42400354803979], [116.9870604617148, 39.423823884982966], [116.98777911394211, 39.423823884982966], [116.98777911394211, 39.42508152638074], [116.98795877699894, 39.42508152638074], [116.98795877699894, 39.425261189437556], [116.98813844005575, 39.425261189437556], [116.98813844005575, 39.42615950472168], [116.98795877699894, 39.42615950472168], [116.98795877699894, 39.4263391677785], [116.98777911394211, 39.4263391677785], [116.98777911394211, 39.42651883083533], [116.98759945088528, 39.42651883083533], [116.98759945088528, 39.4263391677785], [116.98741978782846, 39.4263391677785], [116.98741978782846, 39.425979841664855], [116.9870604617148, 39.425979841664855], [116.9870604617148, 39.42580017860803], [116.98688079865799, 39.42580017860803], [116.98688079865799, 39.425261189437556], [116.98670113560117, 39.425261189437556], [116.98670113560117, 39.42544085249438], [116.98652147254434, 39.42544085249438], [116.98652147254434, 39.42562051555121], [116.98634180948751, 39.42562051555121], [116.98634180948751, 39.42508152638074], [116.98652147254434, 39.42508152638074], [116.98652147254434, 39.425261189437556], [116.98670113560117, 39.425261189437556], [116.98670113560117, 39.424722200267084], [116.9870604617148, 39.424722200267084], [116.9870604617148, 39.42436287415344], [116.98688079865799, 39.42436287415344], [116.98688079865799, 39.42418321109662], [116.98670113560117, 39.42418321109662], [116.98670113560117, 39.42436287415344], [116.98616214643069, 39.42436287415344], [116.98616214643069, 39.424542537210264], [116.98598248337387, 39.424542537210264], [116.98598248337387, 39.424722200267084], [116.98616214643069, 39.424722200267084], [116.98616214643069, 39.42544085249438], [116.98598248337387, 39.42544085249438], [116.98598248337387, 39.42562051555121], [116.98616214643069, 39.42562051555121], [116.98616214643069, 39.42615950472168], [116.98598248337387, 39.42615950472168], [116.98598248337387, 39.4263391677785], [116.98562315726022, 39.4263391677785], [116.98562315726022, 39.42651883083533], [116.98508416808974, 39.42651883083533], [116.98508416808974, 39.4270578200058], [116.98490450503293, 39.4270578200058], [116.98490450503293, 39.42723748306262], [116.98436551586245, 39.42723748306262]]]}, "properties": {"name": "cand10", "ptype": "hall", "confidence": "low", "rank": 10, "area_ha": 7.0, "rise_db": 7.9, "digitised_from": "Sentinel-1 VV rise 2021->2026, orbit 142"}}, {"type": "Feature", "geometry": {"geodesic": false, "type": "Polygon", "coordinates": [[[116.99388765787413, 39.409271177380234], [116.99388765787413, 39.40891185126658], [116.9937079948173, 39.40891185126658], [116.9937079948173, 39.40801353598246], [116.99388765787413, 39.40801353598246], [116.99388765787413, 39.40765420986882], [116.99406732093094, 39.40765420986882], [116.99406732093094, 39.40747454681199], [116.99442664704459, 39.40747454681199], [116.99442664704459, 39.40765420986882], [116.99460631010142, 39.40765420986882], [116.99460631010142, 39.40747454681199], [116.99496563621506, 39.40747454681199], [116.99496563621506, 39.40783387292564], [116.99514529927188, 39.40783387292564], [116.99514529927188, 39.407115220698344], [116.99550462538554, 39.407115220698344], [116.99550462538554, 39.40693555764152], [116.99586395149919, 39.40693555764152], [116.99586395149919, 39.4067558945847], [116.99640294066965, 39.4067558945847], [116.99640294066965, 39.40657623152787], [116.99658260372648, 39.40657623152787], [116.99658260372648, 39.4067558945847], [116.9967622667833, 39.4067558945847], [116.9967622667833, 39.40729488375517], [116.99694192984012, 39.40729488375517], [116.99694192984012, 39.40801353598246], [116.99712159289695, 39.40801353598246], [116.99712159289695, 39.408372862096115], [116.99694192984012, 39.408372862096115], [116.99694192984012, 39.408552525152935], [116.99640294066965, 39.408552525152935], [116.99640294066965, 39.40873218820976], [116.99568428844236, 39.40873218820976], [116.99568428844236, 39.40891185126658], [116.99532496232871, 39.40891185126658], [116.99532496232871, 39.40909151432341], [116.99478597315824, 39.40909151432341], [116.99478597315824, 39.409271177380234], [116.99388765787413, 39.409271177380234]], [[116.996043614556, 39.40765420986882], [116.99586395149919, 39.40765420986882], [116.99586395149919, 39.40747454681199], [116.996043614556, 39.40747454681199], [116.996043614556, 39.40765420986882]], [[116.99496563621506, 39.40801353598246], [116.99478597315824, 39.40801353598246], [116.99478597315824, 39.40783387292564], [116.99496563621506, 39.40783387292564], [116.99496563621506, 39.40801353598246]], [[116.99442664704459, 39.408552525152935], [116.99424698398776, 39.408552525152935], [116.99424698398776, 39.408372862096115], [116.99442664704459, 39.408372862096115], [116.99442664704459, 39.408552525152935]], [[116.99496563621506, 39.408552525152935], [116.99478597315824, 39.408552525152935], [116.99478597315824, 39.40819319903929], [116.99514529927188, 39.40819319903929], [116.99514529927188, 39.408372862096115], [116.99496563621506, 39.408372862096115], [116.99496563621506, 39.408552525152935]]]}, "properties": {"name": "cand11", "ptype": "hall", "confidence": "low", "rank": 11, "area_ha": 6.7, "rise_db": 7.2, "digitised_from": "Sentinel-1 VV rise 2021->2026, orbit 142"}}, {"type": "Feature", "geometry": {"geodesic": false, "type": "Polygon", "coordinates": [[[117.03413218260268, 39.41196612323259], [117.03413218260268, 39.41178646017577], [117.03395251954585, 39.41178646017577], [117.03395251954585, 39.41160679711894], [117.03377285648902, 39.41160679711894], [117.03377285648902, 39.41106780794847], [117.0335931934322, 39.41106780794847], [117.0335931934322, 39.41088814489164], [117.03341353037538, 39.41088814489164], [117.03341353037538, 39.41034915572118], [117.03323386731856, 39.41034915572118], [117.03323386731856, 39.409989829607525], [117.03305420426173, 39.409989829607525], [117.03305420426173, 39.409810166550706], [117.03323386731856, 39.409810166550706], [117.03323386731856, 39.40963050349388], [117.0343118456595, 39.40963050349388], [117.0343118456595, 39.409810166550706], [117.03449150871633, 39.409810166550706], [117.03449150871633, 39.409989829607525], [117.03467117177314, 39.409989829607525], [117.03467117177314, 39.41016949266435], [117.0350304978868, 39.41016949266435], [117.0350304978868, 39.409989829607525], [117.03521016094362, 39.409989829607525], [117.03521016094362, 39.409810166550706], [117.03538982400045, 39.409810166550706], [117.03538982400045, 39.40963050349388], [117.03574915011409, 39.40963050349388], [117.03574915011409, 39.41016949266435], [117.03592881317091, 39.41016949266435], [117.03592881317091, 39.41034915572118], [117.03610847622774, 39.41034915572118], [117.03610847622774, 39.41088814489164], [117.03628813928457, 39.41088814489164], [117.03628813928457, 39.41106780794847], [117.03610847622774, 39.41106780794847], [117.03610847622774, 39.4112474710053], [117.03574915011409, 39.4112474710053], [117.03574915011409, 39.41106780794847], [117.03538982400045, 39.41106780794847], [117.03538982400045, 39.4112474710053], [117.03556948705726, 39.4112474710053], [117.03556948705726, 39.411427134062116], [117.03467117177314, 39.411427134062116], [117.03467117177314, 39.41178646017577], [117.0343118456595, 39.41178646017577], [117.0343118456595, 39.41196612323259], [117.03413218260268, 39.41196612323259]]]}, "properties": {"name": "cand12", "ptype": "hall", "confidence": "low", "rank": 12, "area_ha": 5.5, "rise_db": 7.9, "digitised_from": "Sentinel-1 VV rise 2021->2026, orbit 142"}}, {"type": "Feature", "geometry": {"geodesic": false, "type": "Polygon", "coordinates": [[[116.99801990818106, 39.424722200267084], [116.99801990818106, 39.424542537210264], [116.99766058206743, 39.424542537210264], [116.99766058206743, 39.42436287415344], [116.9974809190106, 39.42436287415344], [116.9974809190106, 39.4225662435852], [116.99730125595377, 39.4225662435852], [116.99730125595377, 39.422386580528375], [116.99712159289695, 39.422386580528375], [116.99712159289695, 39.422206917471556], [116.9974809190106, 39.422206917471556], [116.9974809190106, 39.42202725441473], [116.99784024512425, 39.42202725441473], [116.99784024512425, 39.423105232755674], [116.99801990818106, 39.423105232755674], [116.99801990818106, 39.422206917471556], [116.99873856040837, 39.422206917471556], [116.99873856040837, 39.4218475913579], [116.99891822346518, 39.4218475913579], [116.99891822346518, 39.42166792830108], [116.99927754957884, 39.42166792830108], [116.99927754957884, 39.42148826524426], [116.99963687569249, 39.42148826524426], [116.99963687569249, 39.4218475913579], [116.99981653874931, 39.4218475913579], [116.99981653874931, 39.42202725441473], [116.99927754957884, 39.42202725441473], [116.99927754957884, 39.423823884982966], [116.99945721263566, 39.423823884982966], [116.99945721263566, 39.42400354803979], [116.99927754957884, 39.42400354803979], [116.99927754957884, 39.42418321109662], [116.99945721263566, 39.42418321109662], [116.99945721263566, 39.42436287415344], [116.99927754957884, 39.42436287415344], [116.99927754957884, 39.424542537210264], [116.99891822346518, 39.424542537210264], [116.99891822346518, 39.42436287415344], [116.99873856040837, 39.42436287415344], [116.99873856040837, 39.424542537210264], [116.99837923429472, 39.424542537210264], [116.99837923429472, 39.424722200267084], [116.99801990818106, 39.424722200267084]], [[116.99873856040837, 39.4225662435852], [116.99855889735154, 39.4225662435852], [116.99855889735154, 39.422386580528375], [116.99873856040837, 39.422386580528375], [116.99873856040837, 39.4225662435852]], [[116.99873856040837, 39.423105232755674], [116.99855889735154, 39.423105232755674], [116.99855889735154, 39.42274590664202], [116.99873856040837, 39.42274590664202], [116.99873856040837, 39.423105232755674]], [[116.99819957123789, 39.42346455886932], [116.99801990818106, 39.42346455886932], [116.99801990818106, 39.42328489581249], [116.99819957123789, 39.42328489581249], [116.99819957123789, 39.42346455886932]], [[116.99873856040837, 39.42346455886932], [116.99855889735154, 39.42346455886932], [116.99855889735154, 39.42328489581249], [116.99873856040837, 39.42328489581249], [116.99873856040837, 39.42346455886932]], [[116.99819957123789, 39.42418321109662], [116.99801990818106, 39.42418321109662], [116.99801990818106, 39.423644221926146], [116.99819957123789, 39.423644221926146], [116.99819957123789, 39.42418321109662]], [[116.99891822346518, 39.42418321109662], [116.99855889735154, 39.42418321109662], [116.99855889735154, 39.42400354803979], [116.99837923429472, 39.42400354803979], [116.99837923429472, 39.423823884982966], [116.99855889735154, 39.423823884982966], [116.99855889735154, 39.423644221926146], [116.99873856040837, 39.423644221926146], [116.99873856040837, 39.42400354803979], [116.99891822346518, 39.42400354803979], [116.99891822346518, 39.42418321109662]]]}, "properties": {"name": "cand13", "ptype": "hall", "confidence": "low", "rank": 13, "area_ha": 5.4, "rise_db": 9.0, "digitised_from": "Sentinel-1 VV rise 2021->2026, orbit 142"}}, {"type": "Feature", "geometry": {"geodesic": false, "type": "Polygon", "coordinates": [[[117.02550835587513, 39.38753194750454], [117.02550835587513, 39.387352284447715], [117.0253286928183, 39.387352284447715], [117.0253286928183, 39.38717262139089], [117.02514902976148, 39.38717262139089], [117.02514902976148, 39.38681329527724], [117.02496936670465, 39.38681329527724], [117.02496936670465, 39.386633632220416], [117.02514902976148, 39.386633632220416], [117.02514902976148, 39.3864539691636], [117.02550835587513, 39.3864539691636], [117.02550835587513, 39.386633632220416], [117.02568801893194, 39.386633632220416], [117.02568801893194, 39.38681329527724], [117.02622700810242, 39.38681329527724], [117.02622700810242, 39.3864539691636], [117.02676599727289, 39.3864539691636], [117.02676599727289, 39.38627430610677], [117.02694566032972, 39.38627430610677], [117.02694566032972, 39.38609464304995], [117.02820330172749, 39.38609464304995], [117.02820330172749, 39.385914979993125], [117.02856262784114, 39.385914979993125], [117.02856262784114, 39.3857353169363], [117.02874229089795, 39.3857353169363], [117.02874229089795, 39.38555565387948], [117.02928128006843, 39.38555565387948], [117.02928128006843, 39.38537599082265], [117.03017959535255, 39.38537599082265], [117.03017959535255, 39.3857353169363], [117.03035925840938, 39.3857353169363], [117.03035925840938, 39.385914979993125], [117.03017959535255, 39.385914979993125], [117.03017959535255, 39.38609464304995], [117.02999993229572, 39.38609464304995], [117.02999993229572, 39.38627430610677], [117.0298202692389, 39.38627430610677], [117.0298202692389, 39.3864539691636], [117.02946094312526, 39.3864539691636], [117.02946094312526, 39.38627430610677], [117.0291016170116, 39.38627430610677], [117.0291016170116, 39.3864539691636], [117.02874229089795, 39.3864539691636], [117.02874229089795, 39.386633632220416], [117.02820330172749, 39.386633632220416], [117.02820330172749, 39.38681329527724], [117.02766431255701, 39.38681329527724], [117.02766431255701, 39.38699295833407], [117.02694566032972, 39.38699295833407], [117.02694566032972, 39.38717262139089], [117.02622700810242, 39.38717262139089], [117.02622700810242, 39.387352284447715], [117.02586768198877, 39.387352284447715], [117.02586768198877, 39.38753194750454], [117.02550835587513, 39.38753194750454]]]}, "properties": {"name": "cand14", "ptype": "hall", "confidence": "low", "rank": 14, "area_ha": 5.1, "rise_db": 7.9, "digitised_from": "Sentinel-1 VV rise 2021->2026, orbit 142"}}, {"type": "Feature", "geometry": {"geodesic": false, "type": "Polygon", "coordinates": [[[117.08120390349053, 39.36022316286731], [117.08120390349053, 39.36004349981048], [117.0810242404337, 39.36004349981048], [117.0810242404337, 39.35986383675366], [117.08066491432007, 39.35986383675366], [117.08066491432007, 39.36004349981048], [117.08030558820641, 39.36004349981048], [117.08030558820641, 39.35986383675366], [117.07976659903595, 39.35986383675366], [117.07976659903595, 39.35932484758319], [117.08030558820641, 39.35932484758319], [117.08030558820641, 39.358965521469536], [117.07994626209278, 39.358965521469536], [117.07994626209278, 39.358785858412716], [117.07976659903595, 39.358785858412716], [117.07976659903595, 39.358965521469536], [117.0794072729223, 39.358965521469536], [117.0794072729223, 39.358785858412716], [117.07922760986547, 39.358785858412716], [117.07922760986547, 39.358246869242244], [117.07904794680864, 39.358246869242244], [117.07904794680864, 39.35806720618542], [117.07886828375183, 39.35806720618542], [117.07886828375183, 39.3578875431286], [117.07904794680864, 39.3578875431286], [117.07904794680864, 39.357528217014945], [117.07886828375183, 39.357528217014945], [117.07886828375183, 39.35770788007177], [117.078688620695, 39.35770788007177], [117.078688620695, 39.3578875431286], [117.07832929458135, 39.3578875431286], [117.07832929458135, 39.357348553958126], [117.078688620695, 39.357348553958126], [117.078688620695, 39.357528217014945], [117.07886828375183, 39.357528217014945], [117.07886828375183, 39.3571688909013], [117.07904794680864, 39.3571688909013], [117.07904794680864, 39.357348553958126], [117.0794072729223, 39.357348553958126], [117.0794072729223, 39.357528217014945], [117.07922760986547, 39.357528217014945], [117.07922760986547, 39.35770788007177], [117.0794072729223, 39.35770788007177], [117.0794072729223, 39.3578875431286], [117.07976659903595, 39.3578875431286], [117.07976659903595, 39.35806720618542], [117.07958693597912, 39.35806720618542], [117.07958693597912, 39.358246869242244], [117.07976659903595, 39.358246869242244], [117.07976659903595, 39.35842653229906], [117.07994626209278, 39.35842653229906], [117.07994626209278, 39.358785858412716], [117.08012592514959, 39.358785858412716], [117.08012592514959, 39.35860619535589], [117.08048525126324, 39.35860619535589], [117.08048525126324, 39.358785858412716], [117.08066491432007, 39.358785858412716], [117.08066491432007, 39.35932484758319], [117.08138356654736, 39.35932484758319], [117.08138356654736, 39.35842653229906], [117.08156322960419, 39.35842653229906], [117.08156322960419, 39.35860619535589], [117.08174289266101, 39.35860619535589], [117.08174289266101, 39.358785858412716], [117.08192255571784, 39.358785858412716], [117.08192255571784, 39.358965521469536], [117.08210221877465, 39.358965521469536], [117.08210221877465, 39.35914518452636], [117.08228188183148, 39.35914518452636], [117.08228188183148, 39.359684173696834], [117.08210221877465, 39.359684173696834], [117.08210221877465, 39.35986383675366], [117.08192255571784, 39.35986383675366], [117.08192255571784, 39.36004349981048], [117.08174289266101, 39.36004349981048], [117.08174289266101, 39.36022316286731], [117.08120390349053, 39.36022316286731]], [[117.08048525126324, 39.358965521469536], [117.08030558820641, 39.358965521469536], [117.08030558820641, 39.358785858412716], [117.08048525126324, 39.358785858412716], [117.08048525126324, 39.358965521469536]]]}, "properties": {"name": "cand15", "ptype": "hall", "confidence": "low", "rank": 15, "area_ha": 4.4, "rise_db": 8.0, "digitised_from": "Sentinel-1 VV rise 2021->2026, orbit 142"}}, {"type": "Feature", "geometry": {"geodesic": false, "type": "Polygon", "coordinates": [[[117.05856635833072, 39.38052508828841], [117.05856635833072, 39.38016576217476], [117.0583866952739, 39.38016576217476], [117.0583866952739, 39.37980643606111], [117.05820703221708, 39.37980643606111], [117.05820703221708, 39.37962677300429], [117.0576680430466, 39.37962677300429], [117.0576680430466, 39.37944710994746], [117.05748837998978, 39.37944710994746], [117.05748837998978, 39.37926744689064], [117.0576680430466, 39.37926744689064], [117.0576680430466, 39.37908778383382], [117.05712905387614, 39.37908778383382], [117.05712905387614, 39.37926744689064], [117.05730871693295, 39.37926744689064], [117.05730871693295, 39.37944710994746], [117.05712905387614, 39.37944710994746], [117.05712905387614, 39.37980643606111], [117.05730871693295, 39.37980643606111], [117.05730871693295, 39.379986099117936], [117.05712905387614, 39.379986099117936], [117.05712905387614, 39.38016576217476], [117.05694939081931, 39.38016576217476], [117.05694939081931, 39.379986099117936], [117.05659006470566, 39.379986099117936], [117.05659006470566, 39.37962677300429], [117.05641040164883, 39.37962677300429], [117.05641040164883, 39.37944710994746], [117.05659006470566, 39.37944710994746], [117.05659006470566, 39.37890812077699], [117.05641040164883, 39.37890812077699], [117.05641040164883, 39.37836913160652], [117.05676972776249, 39.37836913160652], [117.05676972776249, 39.378548794663345], [117.05784770610343, 39.378548794663345], [117.05784770610343, 39.37836913160652], [117.0583866952739, 39.37836913160652], [117.0583866952739, 39.3781894685497], [117.0591053475012, 39.3781894685497], [117.0591053475012, 39.37836913160652], [117.0583866952739, 39.37836913160652], [117.0583866952739, 39.378548794663345], [117.05856635833072, 39.378548794663345], [117.05856635833072, 39.378728457720165], [117.0591053475012, 39.378728457720165], [117.0591053475012, 39.37908778383382], [117.05928501055801, 39.37908778383382], [117.05928501055801, 39.37962677300429], [117.0591053475012, 39.37962677300429], [117.0591053475012, 39.37980643606111], [117.05892568444438, 39.37980643606111], [117.05892568444438, 39.38016576217476], [117.0591053475012, 39.38016576217476], [117.0591053475012, 39.38052508828841], [117.05856635833072, 39.38052508828841]], [[117.05820703221708, 39.37890812077699], [117.0576680430466, 39.37890812077699], [117.0576680430466, 39.378728457720165], [117.05820703221708, 39.378728457720165], [117.05820703221708, 39.37890812077699]], [[117.05712905387614, 39.37908778383382], [117.05694939081931, 39.37908778383382], [117.05694939081931, 39.37890812077699], [117.05712905387614, 39.37890812077699], [117.05712905387614, 39.37908778383382]], [[117.05874602138755, 39.37926744689064], [117.05856635833072, 39.37926744689064], [117.05856635833072, 39.37908778383382], [117.05874602138755, 39.37908778383382], [117.05874602138755, 39.37926744689064]], [[117.05784770610343, 39.37944710994746], [117.0576680430466, 39.37944710994746], [117.0576680430466, 39.37926744689064], [117.05784770610343, 39.37926744689064], [117.05784770610343, 39.37944710994746]]]}, "properties": {"name": "cand16", "ptype": "hall", "confidence": "low", "rank": 16, "area_ha": 4.3, "rise_db": 5.9, "digitised_from": "Sentinel-1 VV rise 2021->2026, orbit 142"}}, {"type": "Feature", "geometry": {"geodesic": false, "type": "Polygon", "coordinates": [[[116.98867742922623, 39.41448140602812], [116.98867742922623, 39.414301742971304], [116.9884977661694, 39.414301742971304], [116.9884977661694, 39.41412207991448], [116.98831810311258, 39.41412207991448], [116.98831810311258, 39.41322376463036], [116.98903675533987, 39.41322376463036], [116.98903675533987, 39.41304410157353], [116.98957574451035, 39.41304410157353], [116.98957574451035, 39.412864438516706], [116.989935070624, 39.412864438516706], [116.989935070624, 39.41268477545989], [116.99047405979447, 39.41268477545989], [116.99047405979447, 39.41250511240306], [116.99065372285129, 39.41250511240306], [116.99065372285129, 39.41268477545989], [116.99083338590812, 39.41268477545989], [116.99083338590812, 39.412864438516706], [116.99101304896493, 39.412864438516706], [116.99101304896493, 39.41304410157353], [116.99119271202176, 39.41304410157353], [116.99119271202176, 39.41322376463036], [116.99101304896493, 39.41322376463036], [116.99101304896493, 39.41340342768718], [116.99119271202176, 39.41340342768718], [116.99119271202176, 39.41394241685765], [116.99083338590812, 39.41394241685765], [116.99083338590812, 39.41376275380083], [116.99047405979447, 39.41376275380083], [116.99047405979447, 39.41394241685765], [116.99029439673764, 39.41394241685765], [116.99029439673764, 39.41412207991448], [116.98975540756717, 39.41412207991448], [116.98975540756717, 39.414301742971304], [116.98957574451035, 39.414301742971304], [116.98957574451035, 39.41448140602812], [116.98867742922623, 39.41448140602812]], [[116.99083338590812, 39.41304410157353], [116.99065372285129, 39.41304410157353], [116.99065372285129, 39.412864438516706], [116.99083338590812, 39.412864438516706], [116.99083338590812, 39.41304410157353]], [[116.98975540756717, 39.41340342768718], [116.98957574451035, 39.41340342768718], [116.98957574451035, 39.41322376463036], [116.98975540756717, 39.41322376463036], [116.98975540756717, 39.41340342768718]]]}, "properties": {"name": "cand17", "ptype": "hall", "confidence": "low", "rank": 17, "area_ha": 4.3, "rise_db": 7.1, "digitised_from": "Sentinel-1 VV rise 2021->2026, orbit 142"}}, {"type": "Feature", "geometry": {"geodesic": false, "type": "Polygon", "coordinates": [[[117.06449523920591, 39.33471100879831], [117.06449523920591, 39.33453134574149], [117.06431557614908, 39.33453134574149], [117.06431557614908, 39.334172019627836], [117.06413591309227, 39.334172019627836], [117.06413591309227, 39.33435168268466], [117.06341726086497, 39.33435168268466], [117.06341726086497, 39.33453134574149], [117.06323759780814, 39.33453134574149], [117.06323759780814, 39.33435168268466], [117.06305793475133, 39.33435168268466], [117.06305793475133, 39.33363303045737], [117.06323759780814, 39.33363303045737], [117.06323759780814, 39.33327370434372], [117.06341726086497, 39.33327370434372], [117.06341726086497, 39.3330940412869], [117.06359692392179, 39.3330940412869], [117.06359692392179, 39.33291437823007], [117.06377658697862, 39.33291437823007], [117.06377658697862, 39.332734715173245], [117.06413591309227, 39.332734715173245], [117.06413591309227, 39.3330940412869], [117.06431557614908, 39.3330940412869], [117.06431557614908, 39.333453367400544], [117.06377658697862, 39.333453367400544], [117.06377658697862, 39.33363303045737], [117.06467490226274, 39.33363303045737], [117.06467490226274, 39.333453367400544], [117.06449523920591, 39.333453367400544], [117.06449523920591, 39.33291437823007], [117.06485456531956, 39.33291437823007], [117.06485456531956, 39.3330940412869], [117.0652138914332, 39.3330940412869], [117.0652138914332, 39.33327370434372], [117.06539355449003, 39.33327370434372], [117.06539355449003, 39.333453367400544], [117.06557321754686, 39.333453367400544], [117.06557321754686, 39.33381269351419], [117.06575288060368, 39.33381269351419], [117.06575288060368, 39.33399235657102], [117.06629186977415, 39.33399235657102], [117.06629186977415, 39.33435168268466], [117.06611220671734, 39.33435168268466], [117.06611220671734, 39.33453134574149], [117.06593254366051, 39.33453134574149], [117.06593254366051, 39.33435168268466], [117.06575288060368, 39.33435168268466], [117.06575288060368, 39.33453134574149], [117.06539355449003, 39.33453134574149], [117.06539355449003, 39.33435168268466], [117.06503422837639, 39.33435168268466], [117.06503422837639, 39.334172019627836], [117.06467490226274, 39.334172019627836], [117.06467490226274, 39.33453134574149], [117.06485456531956, 39.33453134574149], [117.06485456531956, 39.33471100879831], [117.06449523920591, 39.33471100879831]], [[117.06449523920591, 39.33399235657102], [117.06431557614908, 39.33399235657102], [117.06431557614908, 39.33381269351419], [117.06449523920591, 39.33381269351419], [117.06449523920591, 39.33399235657102]], [[117.06467490226274, 39.334172019627836], [117.06449523920591, 39.334172019627836], [117.06449523920591, 39.33399235657102], [117.06467490226274, 39.33399235657102], [117.06467490226274, 39.334172019627836]], [[117.06539355449003, 39.334172019627836], [117.0652138914332, 39.334172019627836], [117.0652138914332, 39.33399235657102], [117.06539355449003, 39.33399235657102], [117.06539355449003, 39.334172019627836]]]}, "properties": {"name": "cand18", "ptype": "hall", "confidence": "low", "rank": 18, "area_ha": 4.1, "rise_db": 7.0, "digitised_from": "Sentinel-1 VV rise 2021->2026, orbit 142"}}, {"type": "Feature", "geometry": {"geodesic": false, "type": "Polygon", "coordinates": [[[117.05730871693295, 39.42544085249438], [117.05730871693295, 39.425261189437556], [117.05694939081931, 39.425261189437556], [117.05694939081931, 39.42508152638074], [117.05659006470566, 39.42508152638074], [117.05659006470566, 39.425261189437556], [117.05623073859202, 39.425261189437556], [117.05623073859202, 39.42508152638074], [117.05515276025108, 39.42508152638074], [117.05515276025108, 39.424542537210264], [117.05533242330789, 39.424542537210264], [117.05533242330789, 39.42436287415344], [117.05641040164883, 39.42436287415344], [117.05641040164883, 39.42418321109662], [117.05676972776249, 39.42418321109662], [117.05676972776249, 39.42436287415344], [117.05730871693295, 39.42436287415344], [117.05730871693295, 39.42418321109662], [117.05892568444438, 39.42418321109662], [117.05892568444438, 39.424542537210264], [117.05874602138755, 39.424542537210264], [117.05874602138755, 39.424722200267084], [117.05856635833072, 39.424722200267084], [117.05856635833072, 39.42508152638074], [117.0583866952739, 39.42508152638074], [117.0583866952739, 39.425261189437556], [117.05820703221708, 39.425261189437556], [117.05820703221708, 39.42544085249438], [117.05730871693295, 39.42544085249438]], [[117.05748837998978, 39.42508152638074], [117.05730871693295, 39.42508152638074], [117.05730871693295, 39.424542537210264], [117.05748837998978, 39.424542537210264], [117.05748837998978, 39.42508152638074]]]}, "properties": {"name": "cand19", "ptype": "hall", "confidence": "low", "rank": 19, "area_ha": 4.0, "rise_db": 7.5, "digitised_from": "Sentinel-1 VV rise 2021->2026, orbit 142"}}, {"type": "Feature", "geometry": {"geodesic": false, "type": "Polygon", "coordinates": [[[116.99730125595377, 39.42687815694897], [116.99730125595377, 39.42669849389215], [116.99712159289695, 39.42669849389215], [116.99712159289695, 39.4263391677785], [116.9974809190106, 39.4263391677785], [116.9974809190106, 39.42615950472168], [116.99730125595377, 39.42615950472168], [116.99730125595377, 39.42544085249438], [116.99784024512425, 39.42544085249438], [116.99784024512425, 39.425261189437556], [116.99891822346518, 39.425261189437556], [116.99891822346518, 39.42508152638074], [116.99909788652201, 39.42508152638074], [116.99909788652201, 39.42490186332391], [116.99999620180613, 39.42490186332391], [116.99999620180613, 39.425261189437556], [117.00017586486295, 39.425261189437556], [117.00017586486295, 39.42562051555121], [116.99981653874931, 39.42562051555121], [116.99981653874931, 39.42580017860803], [116.99963687569249, 39.42580017860803], [116.99963687569249, 39.42615950472168], [116.99945721263566, 39.42615950472168], [116.99945721263566, 39.4263391677785], [116.99909788652201, 39.4263391677785], [116.99909788652201, 39.42615950472168], [116.99891822346518, 39.42615950472168], [116.99891822346518, 39.425979841664855], [116.99873856040837, 39.425979841664855], [116.99873856040837, 39.42615950472168], [116.99855889735154, 39.42615950472168], [116.99855889735154, 39.4263391677785], [116.99837923429472, 39.4263391677785], [116.99837923429472, 39.42651883083533], [116.99801990818106, 39.42651883083533], [116.99801990818106, 39.42669849389215], [116.99766058206743, 39.42669849389215], [116.99766058206743, 39.42687815694897], [116.99730125595377, 39.42687815694897]]]}, "properties": {"name": "cand20", "ptype": "hall", "confidence": "low", "rank": 20, "area_ha": 4.0, "rise_db": 7.0, "digitised_from": "Sentinel-1 VV rise 2021->2026, orbit 142"}}, {"type": "Feature", "geometry": {"geodesic": false, "type": "Polygon", "coordinates": [[[117.075634348729, 39.40316263344822], [117.075634348729, 39.40298297039139], [117.07545468567217, 39.40298297039139], [117.07545468567217, 39.40280330733457], [117.075634348729, 39.40280330733457], [117.075634348729, 39.402623644277746], [117.07545468567217, 39.402623644277746], [117.07545468567217, 39.40244398122092], [117.07509535955852, 39.40244398122092], [117.07509535955852, 39.4022643181641], [117.0749156965017, 39.4022643181641], [117.0749156965017, 39.402084655107274], [117.07473603344488, 39.402084655107274], [117.07473603344488, 39.401904992050454], [117.07455637038805, 39.401904992050454], [117.07455637038805, 39.4015456659368], [117.07473603344488, 39.4015456659368], [117.07473603344488, 39.40136600287998], [117.0749156965017, 39.40136600287998], [117.0749156965017, 39.40100667676633], [117.07509535955852, 39.40100667676633], [117.07509535955852, 39.40064735065268], [117.07545468567217, 39.40064735065268], [117.07545468567217, 39.40046768759586], [117.07599367484265, 39.40046768759586], [117.07599367484265, 39.40082701370951], [117.07581401178582, 39.40082701370951], [117.07581401178582, 39.40100667676633], [117.07599367484265, 39.40100667676633], [117.07599367484265, 39.4015456659368], [117.07617333789946, 39.4015456659368], [117.07617333789946, 39.401904992050454], [117.07635300095629, 39.401904992050454], [117.07635300095629, 39.402084655107274], [117.07653266401311, 39.402084655107274], [117.07653266401311, 39.40244398122092], [117.07671232706994, 39.40244398122092], [117.07671232706994, 39.40298297039139], [117.07653266401311, 39.40298297039139], [117.07653266401311, 39.40316263344822], [117.075634348729, 39.40316263344822]]]}, "properties": {"name": "cand21", "ptype": "hall", "confidence": "low", "rank": 21, "area_ha": 4.0, "rise_db": 8.6, "digitised_from": "Sentinel-1 VV rise 2021->2026, orbit 142"}}, {"type": "Feature", "geometry": {"geodesic": false, "type": "Polygon", "coordinates": [[[117.04760691186446, 39.342256857184914], [117.04760691186446, 39.342077194128095], [117.04724758575082, 39.342077194128095], [117.04724758575082, 39.34189753107127], [117.04688825963717, 39.34189753107127], [117.04688825963717, 39.34171786801444], [117.04670859658034, 39.34171786801444], [117.04670859658034, 39.34099921578715], [117.04688825963717, 39.34099921578715], [117.04688825963717, 39.34081955273032], [117.047067922694, 39.34081955273032], [117.047067922694, 39.3406398896735], [117.04724758575082, 39.3406398896735], [117.04724758575082, 39.34028056355985], [117.04904421631906, 39.34028056355985], [117.04904421631906, 39.340100900503025], [117.04958320548953, 39.340100900503025], [117.04958320548953, 39.34028056355985], [117.04976286854635, 39.34028056355985], [117.04976286854635, 39.34046022661668], [117.04958320548953, 39.34046022661668], [117.04958320548953, 39.3406398896735], [117.04994253160318, 39.3406398896735], [117.04994253160318, 39.34117887884397], [117.05012219466, 39.34117887884397], [117.05012219466, 39.341358541900796], [117.04976286854635, 39.341358541900796], [117.04976286854635, 39.34099921578715], [117.0494035424327, 39.34099921578715], [117.0494035424327, 39.34117887884397], [117.04922387937589, 39.34117887884397], [117.04922387937589, 39.34099921578715], [117.04886455326223, 39.34099921578715], [117.04886455326223, 39.3406398896735], [117.04868489020541, 39.3406398896735], [117.04868489020541, 39.34099921578715], [117.04760691186446, 39.34099921578715], [117.04760691186446, 39.34117887884397], [117.04742724880764, 39.34117887884397], [117.04742724880764, 39.341358541900796], [117.04724758575082, 39.341358541900796], [117.04724758575082, 39.34189753107127], [117.04760691186446, 39.34189753107127], [117.04760691186446, 39.34171786801444], [117.04742724880764, 39.34171786801444], [117.04742724880764, 39.34153820495762], [117.04796623797812, 39.34153820495762], [117.04796623797812, 39.34171786801444], [117.04850522714858, 39.34171786801444], [117.04850522714858, 39.342077194128095], [117.04832556409177, 39.342077194128095], [117.04832556409177, 39.342256857184914], [117.04760691186446, 39.342256857184914]], [[117.04904421631906, 39.3406398896735], [117.04886455326223, 39.3406398896735], [117.04886455326223, 39.34046022661668], [117.04904421631906, 39.34046022661668], [117.04904421631906, 39.3406398896735]], [[117.04796623797812, 39.34081955273032], [117.04724758575082, 39.34081955273032], [117.04724758575082, 39.3406398896735], [117.04796623797812, 39.3406398896735], [117.04796623797812, 39.34081955273032]]]}, "properties": {"name": "cand22", "ptype": "hall", "confidence": "low", "rank": 22, "area_ha": 3.8, "rise_db": 6.6, "digitised_from": "Sentinel-1 VV rise 2021->2026, orbit 142"}}, {"type": "Feature", "geometry": {"geodesic": false, "type": "Polygon", "coordinates": [[[117.10545841616177, 39.334172019627836], [117.10545841616177, 39.33363303045737], [117.10491942699129, 39.33363303045737], [117.10491942699129, 39.33399235657102], [117.10473976393448, 39.33399235657102], [117.10473976393448, 39.334172019627836], [117.10438043782082, 39.334172019627836], [117.10438043782082, 39.33399235657102], [117.10402111170717, 39.33399235657102], [117.10402111170717, 39.33381269351419], [117.10384144865034, 39.33381269351419], [117.10384144865034, 39.332734715173245], [117.10366178559353, 39.332734715173245], [117.10366178559353, 39.332555052116426], [117.1034821225367, 39.332555052116426], [117.1034821225367, 39.33219572600277], [117.104200774764, 39.33219572600277], [117.104200774764, 39.3323753890596], [117.10438043782082, 39.3323753890596], [117.10438043782082, 39.332555052116426], [117.10456010087765, 39.332555052116426], [117.10456010087765, 39.33291437823007], [117.10545841616177, 39.33291437823007], [117.10545841616177, 39.3330940412869], [117.1058177422754, 39.3330940412869], [117.1058177422754, 39.33327370434372], [117.10599740533223, 39.33327370434372], [117.10599740533223, 39.333453367400544], [117.10617706838906, 39.333453367400544], [117.10617706838906, 39.33363303045737], [117.10635673144589, 39.33363303045737], [117.10635673144589, 39.33399235657102], [117.10599740533223, 39.33399235657102], [117.10599740533223, 39.334172019627836], [117.10545841616177, 39.334172019627836]]]}, "properties": {"name": "cand23", "ptype": "hall", "confidence": "low", "rank": 23, "area_ha": 3.6, "rise_db": 5.3, "digitised_from": "Sentinel-1 VV rise 2021->2026, orbit 142"}}, {"type": "Feature", "geometry": {"geodesic": false, "type": "Polygon", "coordinates": [[[117.05263747745553, 39.3767521640951], [117.05263747745553, 39.37621317492464], [117.05245781439871, 39.37621317492464], [117.05245781439871, 39.375674185754164], [117.05263747745553, 39.375674185754164], [117.05263747745553, 39.37549452269734], [117.05317646662601, 39.37549452269734], [117.05317646662601, 39.37531485964051], [117.05353579273965, 39.37531485964051], [117.05353579273965, 39.374955533526865], [117.05371545579648, 39.374955533526865], [117.05371545579648, 39.37477587047004], [117.05407478191013, 39.37477587047004], [117.05407478191013, 39.374955533526865], [117.05425444496696, 39.374955533526865], [117.05425444496696, 39.37531485964051], [117.05443410802377, 39.37531485964051], [117.05443410802377, 39.37549452269734], [117.0546137710806, 39.37549452269734], [117.0546137710806, 39.37603351186781], [117.05443410802377, 39.37603351186781], [117.05443410802377, 39.37621317492464], [117.05425444496696, 39.37621317492464], [117.05425444496696, 39.376392837981456], [117.05371545579648, 39.376392837981456], [117.05371545579648, 39.37657250103828], [117.05335612968283, 39.37657250103828], [117.05335612968283, 39.3767521640951], [117.05263747745553, 39.3767521640951]]]}, "properties": {"name": "cand24", "ptype": "hall", "confidence": "low", "rank": 24, "area_ha": 3.3, "rise_db": 7.5, "digitised_from": "Sentinel-1 VV rise 2021->2026, orbit 142"}}, {"type": "Feature", "geometry": {"geodesic": false, "type": "Polygon", "coordinates": [[[116.98185023306692, 39.420949276073785], [116.98185023306692, 39.42058994996014], [116.9816705700101, 39.42058994996014], [116.9816705700101, 39.42041028690331], [116.98149090695327, 39.42041028690331], [116.98149090695327, 39.42023062384649], [116.98131124389644, 39.42023062384649], [116.98131124389644, 39.420050960789666], [116.98149090695327, 39.420050960789666], [116.98149090695327, 39.41987129773284], [116.98185023306692, 39.41987129773284], [116.98185023306692, 39.41969163467602], [116.98202989612375, 39.41969163467602], [116.98202989612375, 39.41933230856237], [116.98185023306692, 39.41933230856237], [116.98185023306692, 39.41897298244872], [116.98202989612375, 39.41897298244872], [116.98202989612375, 39.418793319391895], [116.98220955918056, 39.418793319391895], [116.98220955918056, 39.418613656335076], [116.98256888529421, 39.418613656335076], [116.98256888529421, 39.418793319391895], [116.98274854835104, 39.418793319391895], [116.98274854835104, 39.41915264550555], [116.98256888529421, 39.41915264550555], [116.98256888529421, 39.41969163467602], [116.98274854835104, 39.41969163467602], [116.98274854835104, 39.41987129773284], [116.98292821140787, 39.41987129773284], [116.98292821140787, 39.420050960789666], [116.9832875375215, 39.420050960789666], [116.9832875375215, 39.42023062384649], [116.98346720057833, 39.42023062384649], [116.98346720057833, 39.42076961301696], [116.98292821140787, 39.42076961301696], [116.98292821140787, 39.420949276073785], [116.98185023306692, 39.420949276073785]], [[116.98256888529421, 39.41987129773284], [116.98238922223739, 39.41987129773284], [116.98238922223739, 39.41969163467602], [116.98256888529421, 39.41969163467602], [116.98256888529421, 39.41987129773284]]]}, "properties": {"name": "cand25", "ptype": "hall", "confidence": "low", "rank": 25, "area_ha": 3.2, "rise_db": 10.2, "digitised_from": "Sentinel-1 VV rise 2021->2026, orbit 142"}}, {"type": "Feature", "geometry": {"geodesic": false, "type": "Polygon", "coordinates": [[[117.07006479396746, 39.3729792399018], [117.07006479396746, 39.372799576844976], [117.06934614174016, 39.372799576844976], [117.06934614174016, 39.3722605876745], [117.06916647868333, 39.3722605876745], [117.06916647868333, 39.372080924617684], [117.06880715256969, 39.372080924617684], [117.06880715256969, 39.37190126156086], [117.06862748951286, 39.37190126156086], [117.06862748951286, 39.371182609333566], [117.06880715256969, 39.371182609333566], [117.06880715256969, 39.37100294627674], [117.06898681562652, 39.37100294627674], [117.06898681562652, 39.37082328321991], [117.06916647868333, 39.37082328321991], [117.06916647868333, 39.37100294627674], [117.06970546785381, 39.37100294627674], [117.06970546785381, 39.371182609333566], [117.06988513091063, 39.371182609333566], [117.06988513091063, 39.37190126156086], [117.07024445702427, 39.37190126156086], [117.07024445702427, 39.37172159850404], [117.0704241200811, 39.37172159850404], [117.0704241200811, 39.37190126156086], [117.07060378313793, 39.37190126156086], [117.07060378313793, 39.372799576844976], [117.0704241200811, 39.372799576844976], [117.0704241200811, 39.3729792399018], [117.07006479396746, 39.3729792399018]]]}, "properties": {"name": "cand26", "ptype": "hall", "confidence": "low", "rank": 26, "area_ha": 3.0, "rise_db": 8.1, "digitised_from": "Sentinel-1 VV rise 2021->2026, orbit 142"}}, {"type": "Feature", "geometry": {"geodesic": false, "type": "Polygon", "coordinates": [[[117.05353579273965, 39.36669103291297], [117.05353579273965, 39.36651136985614], [117.05317646662601, 39.36651136985614], [117.05317646662601, 39.366152043742495], [117.05281714051236, 39.366152043742495], [117.05281714051236, 39.36597238068567], [117.05209848828507, 39.36597238068567], [117.05209848828507, 39.36561305457202], [117.0522781513419, 39.36561305457202], [117.0522781513419, 39.3654333915152], [117.05281714051236, 39.3654333915152], [117.05281714051236, 39.36525372845838], [117.05317646662601, 39.36525372845838], [117.05317646662601, 39.36507406540155], [117.05371545579648, 39.36507406540155], [117.05371545579648, 39.364894402344724], [117.05443410802377, 39.364894402344724], [117.05443410802377, 39.36525372845838], [117.05425444496696, 39.36525372845838], [117.05425444496696, 39.3654333915152], [117.05407478191013, 39.3654333915152], [117.05407478191013, 39.366152043742495], [117.05425444496696, 39.366152043742495], [117.05425444496696, 39.36651136985614], [117.05407478191013, 39.36651136985614], [117.05407478191013, 39.36669103291297], [117.05353579273965, 39.36669103291297]]]}, "properties": {"name": "cand27", "ptype": "hall", "confidence": "low", "rank": 27, "area_ha": 2.9, "rise_db": 10.2, "digitised_from": "Sentinel-1 VV rise 2021->2026, orbit 142"}}, {"type": "Feature", "geometry": {"geodesic": false, "type": "Polygon", "coordinates": [[[117.06180029335356, 39.33399235657102], [117.06180029335356, 39.33381269351419], [117.06108164112626, 39.33381269351419], [117.06108164112626, 39.333453367400544], [117.06126130418308, 39.333453367400544], [117.06126130418308, 39.33327370434372], [117.06108164112626, 39.33327370434372], [117.06108164112626, 39.3330940412869], [117.06090197806944, 39.3330940412869], [117.06090197806944, 39.33291437823007], [117.06108164112626, 39.33291437823007], [117.06108164112626, 39.332734715173245], [117.06126130418308, 39.332734715173245], [117.06126130418308, 39.33327370434372], [117.06180029335356, 39.33327370434372], [117.06180029335356, 39.3330940412869], [117.0614409672399, 39.3330940412869], [117.0614409672399, 39.33291437823007], [117.06162063029673, 39.33291437823007], [117.06162063029673, 39.332734715173245], [117.0614409672399, 39.332734715173245], [117.0614409672399, 39.332555052116426], [117.06162063029673, 39.332555052116426], [117.06162063029673, 39.3323753890596], [117.06180029335356, 39.3323753890596], [117.06180029335356, 39.33219572600277], [117.06197995641038, 39.33219572600277], [117.06197995641038, 39.332016062945954], [117.06251894558085, 39.332016062945954], [117.06251894558085, 39.33183639988913], [117.06269860863767, 39.33183639988913], [117.06269860863767, 39.332016062945954], [117.06251894558085, 39.332016062945954], [117.06251894558085, 39.3323753890596], [117.06233928252402, 39.3323753890596], [117.06233928252402, 39.332555052116426], [117.06251894558085, 39.332555052116426], [117.06251894558085, 39.332734715173245], [117.0628782716945, 39.332734715173245], [117.0628782716945, 39.332555052116426], [117.06305793475133, 39.332555052116426], [117.06305793475133, 39.3323753890596], [117.06323759780814, 39.3323753890596], [117.06323759780814, 39.33219572600277], [117.06341726086497, 39.33219572600277], [117.06341726086497, 39.3323753890596], [117.06359692392179, 39.3323753890596], [117.06359692392179, 39.332555052116426], [117.06341726086497, 39.332555052116426], [117.06341726086497, 39.332734715173245], [117.06305793475133, 39.332734715173245], [117.06305793475133, 39.33291437823007], [117.06323759780814, 39.33291437823007], [117.06323759780814, 39.3330940412869], [117.06305793475133, 39.3330940412869], [117.06305793475133, 39.33327370434372], [117.0628782716945, 39.33327370434372], [117.0628782716945, 39.333453367400544], [117.06269860863767, 39.333453367400544], [117.06269860863767, 39.33363303045737], [117.06251894558085, 39.33363303045737], [117.06251894558085, 39.33381269351419], [117.06233928252402, 39.33381269351419], [117.06233928252402, 39.33363303045737], [117.06215961946721, 39.33363303045737], [117.06215961946721, 39.33399235657102], [117.06180029335356, 39.33399235657102]], [[117.06233928252402, 39.3323753890596], [117.06215961946721, 39.3323753890596], [117.06215961946721, 39.33219572600277], [117.06233928252402, 39.33219572600277], [117.06233928252402, 39.3323753890596]], [[117.06341726086497, 39.332555052116426], [117.06323759780814, 39.332555052116426], [117.06323759780814, 39.3323753890596], [117.06341726086497, 39.3323753890596], [117.06341726086497, 39.332555052116426]], [[117.06215961946721, 39.3330940412869], [117.06180029335356, 39.3330940412869], [117.06180029335356, 39.33291437823007], [117.06197995641038, 39.33291437823007], [117.06197995641038, 39.332555052116426], [117.06233928252402, 39.332555052116426], [117.06233928252402, 39.332734715173245], [117.06251894558085, 39.332734715173245], [117.06251894558085, 39.33291437823007], [117.06215961946721, 39.33291437823007], [117.06215961946721, 39.3330940412869]], [[117.06269860863767, 39.3330940412869], [117.06251894558085, 39.3330940412869], [117.06251894558085, 39.33291437823007], [117.06269860863767, 39.33291437823007], [117.06269860863767, 39.3330940412869]], [[117.06215961946721, 39.33363303045737], [117.06197995641038, 39.33363303045737], [117.06197995641038, 39.333453367400544], [117.06215961946721, 39.333453367400544], [117.06215961946721, 39.33363303045737]]]}, "properties": {"name": "cand28", "ptype": "hall", "confidence": "low", "rank": 28, "area_ha": 2.8, "rise_db": 6.4, "digitised_from": "Sentinel-1 VV rise 2021->2026, orbit 142"}}, {"type": "Feature", "geometry": {"geodesic": false, "type": "Polygon", "coordinates": [[[117.0494035424327, 39.37333856601545], [117.0494035424327, 39.37315890295863], [117.04922387937589, 39.37315890295863], [117.04922387937589, 39.3729792399018], [117.04904421631906, 39.3729792399018], [117.04904421631906, 39.37261991378816], [117.04886455326223, 39.37261991378816], [117.04886455326223, 39.37244025073133], [117.04868489020541, 39.37244025073133], [117.04868489020541, 39.37172159850404], [117.04886455326223, 39.37172159850404], [117.04886455326223, 39.37154193544721], [117.04904421631906, 39.37154193544721], [117.04904421631906, 39.371362272390385], [117.04922387937589, 39.371362272390385], [117.04922387937589, 39.37172159850404], [117.04994253160318, 39.37172159850404], [117.04994253160318, 39.37154193544721], [117.05030185771683, 39.37154193544721], [117.05030185771683, 39.37172159850404], [117.05012219466, 39.37172159850404], [117.05012219466, 39.37190126156086], [117.05030185771683, 39.37190126156086], [117.05030185771683, 39.3722605876745], [117.05048152077364, 39.3722605876745], [117.05048152077364, 39.37244025073133], [117.05066118383047, 39.37244025073133], [117.05066118383047, 39.372799576844976], [117.05048152077364, 39.372799576844976], [117.05048152077364, 39.3729792399018], [117.04994253160318, 39.3729792399018], [117.04994253160318, 39.37315890295863], [117.04958320548953, 39.37315890295863], [117.04958320548953, 39.37333856601545], [117.0494035424327, 39.37333856601545]], [[117.04994253160318, 39.3722605876745], [117.04958320548953, 39.3722605876745], [117.04958320548953, 39.372080924617684], [117.0494035424327, 39.372080924617684], [117.0494035424327, 39.37190126156086], [117.05012219466, 39.37190126156086], [117.05012219466, 39.372080924617684], [117.04994253160318, 39.372080924617684], [117.04994253160318, 39.3722605876745]], [[117.05012219466, 39.37261991378816], [117.04994253160318, 39.37261991378816], [117.04994253160318, 39.37244025073133], [117.05012219466, 39.37244025073133], [117.05012219466, 39.37261991378816]]]}, "properties": {"name": "cand29", "ptype": "hall", "confidence": "low", "rank": 29, "area_ha": 2.6, "rise_db": 6.2, "digitised_from": "Sentinel-1 VV rise 2021->2026, orbit 142"}}, {"type": "Feature", "geometry": {"geodesic": false, "type": "Polygon", "coordinates": [[[117.04886455326223, 39.42023062384649], [117.04886455326223, 39.420050960789666], [117.04850522714858, 39.420050960789666], [117.04850522714858, 39.42023062384649], [117.04832556409177, 39.42023062384649], [117.04832556409177, 39.420050960789666], [117.04814590103494, 39.420050960789666], [117.04814590103494, 39.41987129773284], [117.04832556409177, 39.41987129773284], [117.04832556409177, 39.419511971619194], [117.04850522714858, 39.419511971619194], [117.04850522714858, 39.41933230856237], [117.04994253160318, 39.41933230856237], [117.04994253160318, 39.41915264550555], [117.05066118383047, 39.41915264550555], [117.05066118383047, 39.41897298244872], [117.05102050994412, 39.41897298244872], [117.05102050994412, 39.41969163467602], [117.0508408468873, 39.41969163467602], [117.0508408468873, 39.41987129773284], [117.04994253160318, 39.41987129773284], [117.04994253160318, 39.420050960789666], [117.04958320548953, 39.420050960789666], [117.04958320548953, 39.42023062384649], [117.04886455326223, 39.42023062384649]]]}, "properties": {"name": "cand30", "ptype": "hall", "confidence": "low", "rank": 30, "area_ha": 2.6, "rise_db": 8.5, "digitised_from": "Sentinel-1 VV rise 2021->2026, orbit 142"}}, {"type": "Feature", "geometry": {"geodesic": false, "type": "Polygon", "coordinates": [[[117.08749211047937, 39.372799576844976], [117.08749211047937, 39.37261991378816], [117.08713278436572, 39.37261991378816], [117.08713278436572, 39.37244025073133], [117.08641413213843, 39.37244025073133], [117.08641413213843, 39.3722605876745], [117.0862344690816, 39.3722605876745], [117.0862344690816, 39.372080924617684], [117.08641413213843, 39.372080924617684], [117.08641413213843, 39.37190126156086], [117.08659379519526, 39.37190126156086], [117.08659379519526, 39.371362272390385], [117.08677345825208, 39.371362272390385], [117.08677345825208, 39.371182609333566], [117.08713278436572, 39.371182609333566], [117.08713278436572, 39.37082328321991], [117.08731244742255, 39.37082328321991], [117.08731244742255, 39.37046395710627], [117.0876717735362, 39.37046395710627], [117.0876717735362, 39.37100294627674], [117.08749211047937, 39.37100294627674], [117.08749211047937, 39.371362272390385], [117.08713278436572, 39.371362272390385], [117.08713278436572, 39.37172159850404], [117.08731244742255, 39.37172159850404], [117.08731244742255, 39.37190126156086], [117.08749211047937, 39.37190126156086], [117.08749211047937, 39.372080924617684], [117.08821076270667, 39.372080924617684], [117.08821076270667, 39.3722605876745], [117.08839042576349, 39.3722605876745], [117.08839042576349, 39.37261991378816], [117.08821076270667, 39.37261991378816], [117.08821076270667, 39.372799576844976], [117.08749211047937, 39.372799576844976]]]}, "properties": {"name": "cand31", "ptype": "hall", "confidence": "low", "rank": 31, "area_ha": 2.5, "rise_db": 7.0, "digitised_from": "Sentinel-1 VV rise 2021->2026, orbit 142"}}, {"type": "Feature", "geometry": {"geodesic": false, "type": "Polygon", "coordinates": [[[117.03521016094362, 39.34800607500328], [117.03521016094362, 39.347287422775985], [117.0350304978868, 39.347287422775985], [117.0350304978868, 39.34692809666234], [117.03485083482997, 39.34692809666234], [117.03485083482997, 39.346568770548686], [117.03467117177314, 39.346568770548686], [117.03467117177314, 39.34674843360551], [117.03413218260268, 39.34674843360551], [117.03413218260268, 39.346568770548686], [117.03395251954585, 39.346568770548686], [117.03395251954585, 39.346389107491866], [117.03413218260268, 39.346389107491866], [117.03413218260268, 39.34602978137822], [117.0343118456595, 39.34602978137822], [117.0343118456595, 39.34567045526457], [117.03449150871633, 39.34567045526457], [117.03449150871633, 39.345850118321394], [117.03467117177314, 39.345850118321394], [117.03467117177314, 39.34602978137822], [117.03485083482997, 39.34602978137822], [117.03485083482997, 39.346389107491866], [117.03538982400045, 39.346389107491866], [117.03538982400045, 39.346568770548686], [117.03556948705726, 39.346568770548686], [117.03556948705726, 39.34674843360551], [117.03574915011409, 39.34674843360551], [117.03574915011409, 39.34692809666234], [117.03556948705726, 39.34692809666234], [117.03556948705726, 39.34710775971916], [117.03592881317091, 39.34710775971916], [117.03592881317091, 39.34692809666234], [117.03628813928457, 39.34692809666234], [117.03628813928457, 39.34710775971916], [117.03646780234139, 39.34710775971916], [117.03646780234139, 39.34746708583281], [117.03592881317091, 39.34746708583281], [117.03592881317091, 39.34782641194646], [117.03574915011409, 39.34782641194646], [117.03574915011409, 39.34800607500328], [117.03521016094362, 39.34800607500328]], [[117.03556948705726, 39.347287422775985], [117.03538982400045, 39.347287422775985], [117.03538982400045, 39.34710775971916], [117.03556948705726, 39.34710775971916], [117.03556948705726, 39.347287422775985]]]}, "properties": {"name": "cand32", "ptype": "hall", "confidence": "low", "rank": 32, "area_ha": 2.4, "rise_db": 5.1, "digitised_from": "Sentinel-1 VV rise 2021->2026, orbit 142"}}, {"type": "Feature", "geometry": {"geodesic": false, "type": "Polygon", "coordinates": [[[117.0598239997285, 39.367050359026614], [117.0598239997285, 39.36669103291297], [117.05964433667167, 39.36669103291297], [117.05964433667167, 39.36651136985614], [117.05928501055801, 39.36651136985614], [117.05928501055801, 39.366331706799315], [117.0591053475012, 39.366331706799315], [117.0591053475012, 39.36597238068567], [117.05892568444438, 39.36597238068567], [117.05892568444438, 39.36561305457202], [117.05874602138755, 39.36561305457202], [117.05874602138755, 39.36507406540155], [117.05856635833072, 39.36507406540155], [117.05856635833072, 39.364894402344724], [117.0583866952739, 39.364894402344724], [117.0583866952739, 39.364714739287905], [117.05856635833072, 39.364714739287905], [117.05856635833072, 39.36453507623108], [117.05874602138755, 39.36453507623108], [117.05874602138755, 39.364714739287905], [117.05892568444438, 39.364714739287905], [117.05892568444438, 39.364894402344724], [117.0591053475012, 39.364894402344724], [117.0591053475012, 39.36507406540155], [117.05964433667167, 39.36507406540155], [117.05964433667167, 39.36525372845838], [117.0598239997285, 39.36525372845838], [117.0598239997285, 39.3654333915152], [117.06000366278532, 39.3654333915152], [117.06000366278532, 39.36561305457202], [117.06036298889896, 39.36561305457202], [117.06036298889896, 39.36597238068567], [117.06018332584215, 39.36597238068567], [117.06018332584215, 39.366152043742495], [117.06000366278532, 39.366152043742495], [117.06000366278532, 39.36669103291297], [117.06018332584215, 39.36669103291297], [117.06018332584215, 39.36687069596979], [117.06000366278532, 39.36687069596979], [117.06000366278532, 39.367050359026614], [117.0598239997285, 39.367050359026614]]]}, "properties": {"name": "cand33", "ptype": "hall", "confidence": "low", "rank": 33, "area_ha": 2.4, "rise_db": 7.1, "digitised_from": "Sentinel-1 VV rise 2021->2026, orbit 142"}}, {"type": "Feature", "geometry": {"geodesic": false, "type": "Polygon", "coordinates": [[[117.0328745412049, 39.41699668882366], [117.0328745412049, 39.41681702576683], [117.03305420426173, 39.41681702576683], [117.03305420426173, 39.41663736271001], [117.0328745412049, 39.41663736271001], [117.0328745412049, 39.415918710482714], [117.03269487814808, 39.415918710482714], [117.03269487814808, 39.41555938436907], [117.0328745412049, 39.41555938436907], [117.0328745412049, 39.41520005825542], [117.03251521509127, 39.41520005825542], [117.03251521509127, 39.41537972131224], [117.03215588897761, 39.41537972131224], [117.03215588897761, 39.415020395198596], [117.03233555203444, 39.415020395198596], [117.03233555203444, 39.41484073214177], [117.03269487814808, 39.41484073214177], [117.03269487814808, 39.41466106908495], [117.03305420426173, 39.41466106908495], [117.03305420426173, 39.41484073214177], [117.03323386731856, 39.41484073214177], [117.03323386731856, 39.415020395198596], [117.03305420426173, 39.415020395198596], [117.03305420426173, 39.41537972131224], [117.03323386731856, 39.41537972131224], [117.03323386731856, 39.41555938436907], [117.0343118456595, 39.41555938436907], [117.0343118456595, 39.415739047425895], [117.03449150871633, 39.415739047425895], [117.03449150871633, 39.415918710482714], [117.03467117177314, 39.415918710482714], [117.03467117177314, 39.41609837353954], [117.03449150871633, 39.41609837353954], [117.03449150871633, 39.41627803659637], [117.0343118456595, 39.41627803659637], [117.0343118456595, 39.41609837353954], [117.03377285648902, 39.41609837353954], [117.03377285648902, 39.41627803659637], [117.0335931934322, 39.41627803659637], [117.0335931934322, 39.416457699653186], [117.03341353037538, 39.416457699653186], [117.03341353037538, 39.41663736271001], [117.03323386731856, 39.41663736271001], [117.03323386731856, 39.41681702576683], [117.03305420426173, 39.41681702576683], [117.03305420426173, 39.41699668882366], [117.0328745412049, 39.41699668882366]]]}, "properties": {"name": "cand34", "ptype": "hall", "confidence": "low", "rank": 34, "area_ha": 2.4, "rise_db": 6.2, "digitised_from": "Sentinel-1 VV rise 2021->2026, orbit 142"}}, {"type": "Feature", "geometry": {"geodesic": false, "type": "Polygon", "coordinates": [[[117.05066118383047, 39.34297550941221], [117.05066118383047, 39.342795846355386], [117.04958320548953, 39.342795846355386], [117.04958320548953, 39.34243652024174], [117.04904421631906, 39.34243652024174], [117.04904421631906, 39.342256857184914], [117.04922387937589, 39.342256857184914], [117.04922387937589, 39.342077194128095], [117.05048152077364, 39.342077194128095], [117.05048152077364, 39.34189753107127], [117.0508408468873, 39.34189753107127], [117.0508408468873, 39.342077194128095], [117.05120017300095, 39.342077194128095], [117.05120017300095, 39.34189753107127], [117.05209848828507, 39.34189753107127], [117.05209848828507, 39.342256857184914], [117.05137983605776, 39.342256857184914], [117.05137983605776, 39.34261618329856], [117.05155949911459, 39.34261618329856], [117.05155949911459, 39.34297550941221], [117.05066118383047, 39.34297550941221]], [[117.05120017300095, 39.34243652024174], [117.05066118383047, 39.34243652024174], [117.05066118383047, 39.342256857184914], [117.05120017300095, 39.342256857184914], [117.05120017300095, 39.34243652024174]]]}, "properties": {"name": "cand35", "ptype": "hall", "confidence": "low", "rank": 35, "area_ha": 2.4, "rise_db": 7.6, "digitised_from": "Sentinel-1 VV rise 2021->2026, orbit 142"}}, {"type": "Feature", "geometry": {"geodesic": false, "type": "Polygon", "coordinates": [[[117.04203735710293, 39.35124001002611], [117.04203735710293, 39.351060346969284], [117.0418576940461, 39.351060346969284], [117.0418576940461, 39.35070102085564], [117.04167803098927, 39.35070102085564], [117.04167803098927, 39.35052135779881], [117.04149836793245, 39.35052135779881], [117.04149836793245, 39.35034169474199], [117.04113904181881, 39.35034169474199], [117.04113904181881, 39.350162031685166], [117.04095937876198, 39.350162031685166], [117.04095937876198, 39.3489043902874], [117.04131870487564, 39.3489043902874], [117.04131870487564, 39.34926371640105], [117.04203735710293, 39.34926371640105], [117.04203735710293, 39.349982368628346], [117.04257634627339, 39.349982368628346], [117.04257634627339, 39.34980270557152], [117.04293567238705, 39.34980270557152], [117.04293567238705, 39.350162031685166], [117.04257634627339, 39.350162031685166], [117.04257634627339, 39.35034169474199], [117.04221702015975, 39.35034169474199], [117.04221702015975, 39.35052135779881], [117.04203735710293, 39.35052135779881], [117.04203735710293, 39.350880683912465], [117.04221702015975, 39.350880683912465], [117.04221702015975, 39.35124001002611], [117.04203735710293, 39.35124001002611]]]}, "properties": {"name": "cand36", "ptype": "hall", "confidence": "low", "rank": 36, "area_ha": 2.4, "rise_db": 5.1, "digitised_from": "Sentinel-1 VV rise 2021->2026, orbit 142"}}, {"type": "Feature", "geometry": {"geodesic": false, "type": "Polygon", "coordinates": [[[117.04886455326223, 39.345131466094095], [117.04886455326223, 39.344951803037276], [117.04814590103494, 39.344951803037276], [117.04814590103494, 39.34477213998045], [117.04742724880764, 39.34477213998045], [117.04742724880764, 39.3444128138668], [117.04724758575082, 39.3444128138668], [117.04724758575082, 39.34423315080998], [117.04742724880764, 39.34423315080998], [117.04742724880764, 39.34405348775316], [117.04778657492129, 39.34405348775316], [117.04778657492129, 39.34387382469633], [117.04796623797812, 39.34387382469633], [117.04796623797812, 39.343694161639505], [117.04832556409177, 39.343694161639505], [117.04832556409177, 39.34387382469633], [117.04850522714858, 39.34387382469633], [117.04850522714858, 39.34405348775316], [117.04868489020541, 39.34405348775316], [117.04868489020541, 39.34387382469633], [117.04904421631906, 39.34387382469633], [117.04904421631906, 39.343694161639505], [117.04922387937589, 39.343694161639505], [117.04922387937589, 39.34387382469633], [117.0494035424327, 39.34387382469633], [117.0494035424327, 39.34423315080998], [117.04922387937589, 39.34423315080998], [117.04922387937589, 39.34459247692362], [117.0494035424327, 39.34459247692362], [117.0494035424327, 39.344951803037276], [117.04922387937589, 39.344951803037276], [117.04922387937589, 39.345131466094095], [117.04886455326223, 39.345131466094095]], [[117.04868489020541, 39.34459247692362], [117.04814590103494, 39.34459247692362], [117.04814590103494, 39.3444128138668], [117.04832556409177, 39.3444128138668], [117.04832556409177, 39.34423315080998], [117.04868489020541, 39.34423315080998], [117.04868489020541, 39.34459247692362]]]}, "properties": {"name": "cand37", "ptype": "hall", "confidence": "low", "rank": 37, "area_ha": 2.3, "rise_db": 5.8, "digitised_from": "Sentinel-1 VV rise 2021->2026, orbit 142"}}, {"type": "Feature", "geometry": {"geodesic": false, "type": "Polygon", "coordinates": [[[117.06377658697862, 39.33219572600277], [117.06377658697862, 39.332016062945954], [117.06341726086497, 39.332016062945954], [117.06341726086497, 39.33147707377548], [117.06359692392179, 39.33147707377548], [117.06359692392179, 39.331297410718655], [117.06431557614908, 39.331297410718655], [117.06431557614908, 39.33093808460501], [117.06395625003545, 39.33093808460501], [117.06395625003545, 39.33057875849136], [117.06377658697862, 39.33057875849136], [117.06377658697862, 39.33039909543454], [117.06413591309227, 39.33039909543454], [117.06413591309227, 39.33057875849136], [117.06449523920591, 39.33057875849136], [117.06449523920591, 39.33075842154818], [117.06467490226274, 39.33075842154818], [117.06467490226274, 39.33093808460501], [117.06485456531956, 39.33093808460501], [117.06485456531956, 39.33075842154818], [117.06539355449003, 39.33075842154818], [117.06539355449003, 39.331117747661835], [117.0652138914332, 39.331117747661835], [117.0652138914332, 39.331297410718655], [117.06503422837639, 39.331297410718655], [117.06503422837639, 39.33147707377548], [117.06485456531956, 39.33147707377548], [117.06485456531956, 39.33183639988913], [117.06449523920591, 39.33183639988913], [117.06449523920591, 39.332016062945954], [117.06431557614908, 39.332016062945954], [117.06431557614908, 39.33219572600277], [117.06377658697862, 39.33219572600277]]]}, "properties": {"name": "cand38", "ptype": "hall", "confidence": "low", "rank": 38, "area_ha": 2.2, "rise_db": 10.5, "digitised_from": "Sentinel-1 VV rise 2021->2026, orbit 142"}}, {"type": "Feature", "geometry": {"geodesic": false, "type": "Polygon", "coordinates": [[[117.07150209842204, 39.36956564182215], [117.07150209842204, 39.36938597876532], [117.07132243536522, 39.36938597876532], [117.07132243536522, 39.3692063157085], [117.07078344619475, 39.3692063157085], [117.07078344619475, 39.36938597876532], [117.07060378313793, 39.36938597876532], [117.07060378313793, 39.3692063157085], [117.07024445702427, 39.3692063157085], [117.07024445702427, 39.36938597876532], [117.07006479396746, 39.36938597876532], [117.07006479396746, 39.3692063157085], [117.06988513091063, 39.3692063157085], [117.06988513091063, 39.36866732653803], [117.07006479396746, 39.36866732653803], [117.07006479396746, 39.36830800042438], [117.06952580479698, 39.36830800042438], [117.06952580479698, 39.368487663481204], [117.06970546785381, 39.368487663481204], [117.06970546785381, 39.36866732653803], [117.06934614174016, 39.36866732653803], [117.06934614174016, 39.36794867431073], [117.06952580479698, 39.36794867431073], [117.06952580479698, 39.367589348197086], [117.06970546785381, 39.367589348197086], [117.06970546785381, 39.36776901125391], [117.0704241200811, 39.36776901125391], [117.0704241200811, 39.36794867431073], [117.07060378313793, 39.36794867431073], [117.07060378313793, 39.36812833736756], [117.0704241200811, 39.36812833736756], [117.0704241200811, 39.36830800042438], [117.07024445702427, 39.36830800042438], [117.07024445702427, 39.368487663481204], [117.0704241200811, 39.368487663481204], [117.0704241200811, 39.36884698959485], [117.07150209842204, 39.36884698959485], [117.07150209842204, 39.36902665265168], [117.07168176147887, 39.36902665265168], [117.07168176147887, 39.36938597876532], [117.0718614245357, 39.36938597876532], [117.0718614245357, 39.36956564182215], [117.07150209842204, 39.36956564182215]]]}, "properties": {"name": "cand39", "ptype": "hall", "confidence": "low", "rank": 39, "area_ha": 2.1, "rise_db": 6.0, "digitised_from": "Sentinel-1 VV rise 2021->2026, orbit 142"}}, {"type": "Feature", "geometry": {"geodesic": false, "type": "Polygon", "coordinates": [[[116.98185023306692, 39.40747454681199], [116.98185023306692, 39.40639656847105], [116.98202989612375, 39.40639656847105], [116.98202989612375, 39.406216905414226], [116.98256888529421, 39.406216905414226], [116.98256888529421, 39.40639656847105], [116.98292821140787, 39.40639656847105], [116.98292821140787, 39.406216905414226], [116.98310787446468, 39.406216905414226], [116.98310787446468, 39.4060372423574], [116.98364686363516, 39.4060372423574], [116.98364686363516, 39.406216905414226], [116.98382652669198, 39.406216905414226], [116.98382652669198, 39.4067558945847], [116.98364686363516, 39.4067558945847], [116.98364686363516, 39.40693555764152], [116.98256888529421, 39.40693555764152], [116.98256888529421, 39.407115220698344], [116.98238922223739, 39.407115220698344], [116.98238922223739, 39.40729488375517], [116.98220955918056, 39.40729488375517], [116.98220955918056, 39.40747454681199], [116.98185023306692, 39.40747454681199]]]}, "properties": {"name": "cand40", "ptype": "hall", "confidence": "low", "rank": 40, "area_ha": 2.1, "rise_db": 5.7, "digitised_from": "Sentinel-1 VV rise 2021->2026, orbit 142"}}, {"type": "Feature", "geometry": {"geodesic": false, "type": "Polygon", "coordinates": [[[117.03305420426173, 39.34926371640105], [117.03305420426173, 39.34836540111693], [117.0328745412049, 39.34836540111693], [117.0328745412049, 39.34800607500328], [117.03305420426173, 39.34800607500328], [117.03305420426173, 39.34782641194646], [117.03323386731856, 39.34782641194646], [117.03323386731856, 39.34764674888963], [117.03341353037538, 39.34764674888963], [117.03341353037538, 39.34746708583281], [117.03377285648902, 39.34746708583281], [117.03377285648902, 39.34782641194646], [117.03413218260268, 39.34782641194646], [117.03413218260268, 39.34800607500328], [117.03449150871633, 39.34800607500328], [117.03449150871633, 39.3481857380601], [117.0343118456595, 39.3481857380601], [117.0343118456595, 39.34854506417375], [117.03449150871633, 39.34854506417375], [117.03449150871633, 39.34836540111693], [117.03467117177314, 39.34836540111693], [117.03467117177314, 39.348724727230575], [117.03485083482997, 39.348724727230575], [117.03485083482997, 39.3489043902874], [117.03449150871633, 39.3489043902874], [117.03449150871633, 39.34908405334422], [117.03413218260268, 39.34908405334422], [117.03413218260268, 39.3489043902874], [117.03395251954585, 39.3489043902874], [117.03395251954585, 39.348724727230575], [117.03413218260268, 39.348724727230575], [117.03413218260268, 39.3481857380601], [117.0335931934322, 39.3481857380601], [117.0335931934322, 39.348724727230575], [117.03341353037538, 39.348724727230575], [117.03341353037538, 39.3489043902874], [117.0335931934322, 39.3489043902874], [117.0335931934322, 39.34926371640105], [117.03305420426173, 39.34926371640105]]]}, "properties": {"name": "cand41", "ptype": "hall", "confidence": "low", "rank": 41, "area_ha": 2.0, "rise_db": 5.5, "digitised_from": "Sentinel-1 VV rise 2021->2026, orbit 142"}}, {"type": "Feature", "geometry": {"geodesic": false, "type": "Polygon", "coordinates": [[[117.09557694803645, 39.34602978137822], [117.09557694803645, 39.345850118321394], [117.09539728497963, 39.345850118321394], [117.09539728497963, 39.34567045526457], [117.09557694803645, 39.34567045526457], [117.09557694803645, 39.34549079220775], [117.0952176219228, 39.34549079220775], [117.0952176219228, 39.34531112915092], [117.09557694803645, 39.34531112915092], [117.09557694803645, 39.345131466094095], [117.0952176219228, 39.345131466094095], [117.0952176219228, 39.344951803037276], [117.09557694803645, 39.344951803037276], [117.09557694803645, 39.345131466094095], [117.09575661109328, 39.345131466094095], [117.09575661109328, 39.3444128138668], [117.09593627415009, 39.3444128138668], [117.09593627415009, 39.343514498582685], [117.09611593720692, 39.343514498582685], [117.09611593720692, 39.34333483552586], [117.09647526332057, 39.34333483552586], [117.09647526332057, 39.34459247692362], [117.09629560026374, 39.34459247692362], [117.09629560026374, 39.345131466094095], [117.09611593720692, 39.345131466094095], [117.09611593720692, 39.34602978137822], [117.09557694803645, 39.34602978137822]]]}, "properties": {"name": "cand42", "ptype": "hall", "confidence": "low", "rank": 42, "area_ha": 2.0, "rise_db": 8.1, "digitised_from": "Sentinel-1 VV rise 2021->2026, orbit 142"}}, {"type": "Feature", "geometry": {"geodesic": false, "type": "Polygon", "coordinates": [[[117.0718614245357, 39.36830800042438], [117.0718614245357, 39.36794867431073], [117.07204108759252, 39.36794867431073], [117.07204108759252, 39.367589348197086], [117.07150209842204, 39.367589348197086], [117.07150209842204, 39.36740968514026], [117.07132243536522, 39.36740968514026], [117.07132243536522, 39.36723002208344], [117.07150209842204, 39.36723002208344], [117.07150209842204, 39.366331706799315], [117.07204108759252, 39.366331706799315], [117.07204108759252, 39.36651136985614], [117.07240041370616, 39.36651136985614], [117.07240041370616, 39.366331706799315], [117.07275973981982, 39.366331706799315], [117.07275973981982, 39.367050359026614], [117.07222075064934, 39.367050359026614], [117.07222075064934, 39.36723002208344], [117.07240041370616, 39.36723002208344], [117.07240041370616, 39.36812833736756], [117.07222075064934, 39.36812833736756], [117.07222075064934, 39.36830800042438], [117.0718614245357, 39.36830800042438]]]}, "properties": {"name": "cand43", "ptype": "hall", "confidence": "low", "rank": 43, "area_ha": 2.0, "rise_db": 6.5, "digitised_from": "Sentinel-1 VV rise 2021->2026, orbit 142"}}, {"type": "Feature", "geometry": {"geodesic": false, "type": "Polygon", "coordinates": [[[116.9884977661694, 39.40370162261869], [116.9884977661694, 39.403521959561864], [116.98813844005575, 39.403521959561864], [116.98813844005575, 39.40316263344822], [116.98831810311258, 39.40316263344822], [116.98831810311258, 39.40298297039139], [116.98759945088528, 39.40298297039139], [116.98759945088528, 39.40280330733457], [116.98724012477163, 39.40280330733457], [116.98724012477163, 39.40298297039139], [116.9870604617148, 39.40298297039139], [116.9870604617148, 39.403521959561864], [116.98688079865799, 39.403521959561864], [116.98688079865799, 39.40370162261869], [116.98652147254434, 39.40370162261869], [116.98652147254434, 39.40316263344822], [116.98670113560117, 39.40316263344822], [116.98670113560117, 39.40280330733457], [116.98688079865799, 39.40280330733457], [116.98688079865799, 39.402623644277746], [116.9870604617148, 39.402623644277746], [116.9870604617148, 39.40244398122092], [116.98795877699894, 39.40244398122092], [116.98795877699894, 39.402623644277746], [116.98813844005575, 39.402623644277746], [116.98813844005575, 39.40280330733457], [116.98831810311258, 39.40280330733457], [116.98831810311258, 39.40298297039139], [116.98867742922623, 39.40298297039139], [116.98867742922623, 39.40316263344822], [116.98939608145352, 39.40316263344822], [116.98939608145352, 39.403521959561864], [116.9892164183967, 39.403521959561864], [116.9892164183967, 39.40370162261869], [116.9884977661694, 39.40370162261869]]]}, "properties": {"name": "cand44", "ptype": "hall", "confidence": "low", "rank": 44, "area_ha": 2.0, "rise_db": 6.4, "digitised_from": "Sentinel-1 VV rise 2021->2026, orbit 142"}}, {"type": "Feature", "geometry": {"geodesic": false, "type": "Polygon", "coordinates": [[[117.04760691186446, 39.41915264550555], [117.04760691186446, 39.418793319391895], [117.04742724880764, 39.418793319391895], [117.04742724880764, 39.41843399327825], [117.04724758575082, 39.41843399327825], [117.04724758575082, 39.41825433022143], [117.047067922694, 39.41825433022143], [117.047067922694, 39.41771534105096], [117.04688825963717, 39.41771534105096], [117.04688825963717, 39.41753567799413], [117.04670859658034, 39.41753567799413], [117.04670859658034, 39.417356014937305], [117.04688825963717, 39.417356014937305], [117.04688825963717, 39.417176351880485], [117.04742724880764, 39.417176351880485], [117.04742724880764, 39.41699668882366], [117.04778657492129, 39.41699668882366], [117.04778657492129, 39.417356014937305], [117.04724758575082, 39.417356014937305], [117.04724758575082, 39.41771534105096], [117.04760691186446, 39.41771534105096], [117.04760691186446, 39.41843399327825], [117.04778657492129, 39.41843399327825], [117.04778657492129, 39.418613656335076], [117.04814590103494, 39.418613656335076], [117.04814590103494, 39.41843399327825], [117.04886455326223, 39.41843399327825], [117.04886455326223, 39.418613656335076], [117.04904421631906, 39.418613656335076], [117.04904421631906, 39.418793319391895], [117.04886455326223, 39.418793319391895], [117.04886455326223, 39.41897298244872], [117.04832556409177, 39.41897298244872], [117.04832556409177, 39.41915264550555], [117.04760691186446, 39.41915264550555]]]}, "properties": {"name": "cand45", "ptype": "hall", "confidence": "low", "rank": 45, "area_ha": 2.0, "rise_db": 7.2, "digitised_from": "Sentinel-1 VV rise 2021->2026, orbit 142"}}, {"type": "Feature", "geometry": {"geodesic": false, "type": "Polygon", "coordinates": [[[117.07293940287664, 39.34962304251469], [117.07293940287664, 39.349443379457874], [117.07275973981982, 39.349443379457874], [117.07275973981982, 39.3489043902874], [117.07258007676299, 39.3489043902874], [117.07258007676299, 39.34854506417375], [117.07240041370616, 39.34854506417375], [117.07240041370616, 39.34836540111693], [117.07222075064934, 39.34836540111693], [117.07222075064934, 39.3481857380601], [117.07204108759252, 39.3481857380601], [117.07204108759252, 39.34800607500328], [117.07222075064934, 39.34800607500328], [117.07222075064934, 39.34782641194646], [117.07258007676299, 39.34782641194646], [117.07258007676299, 39.34764674888963], [117.07293940287664, 39.34764674888963], [117.07293940287664, 39.34782641194646], [117.07311906593345, 39.34782641194646], [117.07311906593345, 39.34800607500328], [117.07347839204711, 39.34800607500328], [117.07347839204711, 39.3481857380601], [117.07365805510393, 39.3481857380601], [117.07365805510393, 39.34836540111693], [117.07347839204711, 39.34836540111693], [117.07347839204711, 39.348724727230575], [117.07329872899028, 39.348724727230575], [117.07329872899028, 39.349443379457874], [117.07311906593345, 39.349443379457874], [117.07311906593345, 39.34962304251469], [117.07293940287664, 39.34962304251469]]]}, "properties": {"name": "cand46", "ptype": "hall", "confidence": "low", "rank": 46, "area_ha": 1.9, "rise_db": 7.6, "digitised_from": "Sentinel-1 VV rise 2021->2026, orbit 142"}}, {"type": "Feature", "geometry": {"geodesic": false, "type": "Polygon", "coordinates": [[[116.98077225472598, 39.43370535310828], [116.98077225472598, 39.433346026994634], [116.98185023306692, 39.433346026994634], [116.98185023306692, 39.43316636393781], [116.9816705700101, 39.43316636393781], [116.9816705700101, 39.43298670088099], [116.98149090695327, 39.43298670088099], [116.98149090695327, 39.43280703782416], [116.9809519177828, 39.43280703782416], [116.9809519177828, 39.43298670088099], [116.98077225472598, 39.43298670088099], [116.98077225472598, 39.432447711710516], [116.98202989612375, 39.432447711710516], [116.98202989612375, 39.432627374767335], [116.98274854835104, 39.432627374767335], [116.98274854835104, 39.43298670088099], [116.98220955918056, 39.43298670088099], [116.98220955918056, 39.43370535310828], [116.98077225472598, 39.43370535310828]]]}, "properties": {"name": "cand47", "ptype": "hall", "confidence": "low", "rank": 47, "area_ha": 1.9, "rise_db": 11.2, "digitised_from": "Sentinel-1 VV rise 2021->2026, orbit 142"}}, {"type": "Feature", "geometry": {"geodesic": false, "type": "Polygon", "coordinates": [[[117.04652893352352, 39.34531112915092], [117.04652893352352, 39.345131466094095], [117.0463492704667, 39.345131466094095], [117.0463492704667, 39.344951803037276], [117.04616960740988, 39.344951803037276], [117.04616960740988, 39.3444128138668], [117.0456306182394, 39.3444128138668], [117.0456306182394, 39.34405348775316], [117.04581028129623, 39.34405348775316], [117.04581028129623, 39.34387382469633], [117.04616960740988, 39.34387382469633], [117.04616960740988, 39.343694161639505], [117.0463492704667, 39.343694161639505], [117.0463492704667, 39.343514498582685], [117.04652893352352, 39.343514498582685], [117.04652893352352, 39.343694161639505], [117.04670859658034, 39.343694161639505], [117.04670859658034, 39.34387382469633], [117.04688825963717, 39.34387382469633], [117.04688825963717, 39.34423315080998], [117.047067922694, 39.34423315080998], [117.047067922694, 39.3444128138668], [117.04688825963717, 39.3444128138668], [117.04688825963717, 39.345131466094095], [117.04670859658034, 39.345131466094095], [117.04670859658034, 39.34531112915092], [117.04652893352352, 39.34531112915092]]]}, "properties": {"name": "cand48", "ptype": "hall", "confidence": "low", "rank": 48, "area_ha": 1.6, "rise_db": 5.8, "digitised_from": "Sentinel-1 VV rise 2021->2026, orbit 142"}}, {"type": "Feature", "geometry": {"geodesic": false, "type": "Polygon", "coordinates": [[[117.03305420426173, 39.41897298244872], [117.03305420426173, 39.418793319391895], [117.0328745412049, 39.418793319391895], [117.0328745412049, 39.41843399327825], [117.03269487814808, 39.41843399327825], [117.03269487814808, 39.41825433022143], [117.03251521509127, 39.41825433022143], [117.03251521509127, 39.41789500410778], [117.0328745412049, 39.41789500410778], [117.0328745412049, 39.41753567799413], [117.03323386731856, 39.41753567799413], [117.03323386731856, 39.41771534105096], [117.03341353037538, 39.41771534105096], [117.03341353037538, 39.4180746671646], [117.03305420426173, 39.4180746671646], [117.03305420426173, 39.41843399327825], [117.03323386731856, 39.41843399327825], [117.03323386731856, 39.41825433022143], [117.03377285648902, 39.41825433022143], [117.03377285648902, 39.4180746671646], [117.03413218260268, 39.4180746671646], [117.03413218260268, 39.41825433022143], [117.0343118456595, 39.41825433022143], [117.0343118456595, 39.41843399327825], [117.03449150871633, 39.41843399327825], [117.03449150871633, 39.418613656335076], [117.0343118456595, 39.418613656335076], [117.0343118456595, 39.418793319391895], [117.03323386731856, 39.418793319391895], [117.03323386731856, 39.41897298244872], [117.03305420426173, 39.41897298244872]]]}, "properties": {"name": "cand49", "ptype": "hall", "confidence": "low", "rank": 49, "area_ha": 1.6, "rise_db": 5.9, "digitised_from": "Sentinel-1 VV rise 2021->2026, orbit 142"}}, {"type": "Feature", "geometry": {"geodesic": false, "type": "Polygon", "coordinates": [[[117.00233182154484, 39.39130487169784], [117.00233182154484, 39.391125208641014], [117.00215215848802, 39.391125208641014], [117.00215215848802, 39.390945545584195], [117.00233182154484, 39.390945545584195], [117.00233182154484, 39.39076588252737], [117.00305047377213, 39.39076588252737], [117.00305047377213, 39.390226893356896], [117.00323013682896, 39.390226893356896], [117.00323013682896, 39.38986756724325], [117.00358946294261, 39.38986756724325], [117.00358946294261, 39.39004723030008], [117.00376912599944, 39.39004723030008], [117.00376912599944, 39.390226893356896], [117.00394878905625, 39.390226893356896], [117.00394878905625, 39.391125208641014], [117.00340979988579, 39.391125208641014], [117.00340979988579, 39.39076588252737], [117.00323013682896, 39.39076588252737], [117.00323013682896, 39.390945545584195], [117.00305047377213, 39.390945545584195], [117.00305047377213, 39.391125208641014], [117.00287081071531, 39.391125208641014], [117.00287081071531, 39.39130487169784], [117.00233182154484, 39.39130487169784]]]}, "properties": {"name": "cand50", "ptype": "hall", "confidence": "low", "rank": 50, "area_ha": 1.6, "rise_db": 6.3, "digitised_from": "Sentinel-1 VV rise 2021->2026, orbit 142"}}, {"type": "Feature", "geometry": {"geodesic": false, "type": "Polygon", "coordinates": [[[117.01975913805676, 39.41969163467602], [117.01975913805676, 39.41915264550555], [117.01957947499994, 39.41915264550555], [117.01957947499994, 39.418613656335076], [117.01993880111358, 39.418613656335076], [117.01993880111358, 39.41843399327825], [117.02029812722724, 39.41843399327825], [117.02029812722724, 39.41825433022143], [117.02047779028406, 39.41825433022143], [117.02047779028406, 39.41843399327825], [117.0208371163977, 39.41843399327825], [117.0208371163977, 39.41897298244872], [117.02101677945453, 39.41897298244872], [117.02101677945453, 39.41933230856237], [117.02047779028406, 39.41933230856237], [117.02047779028406, 39.419511971619194], [117.02011846417041, 39.419511971619194], [117.02011846417041, 39.41969163467602], [117.01975913805676, 39.41969163467602]], [[117.02047779028406, 39.418613656335076], [117.02029812722724, 39.418613656335076], [117.02029812722724, 39.41843399327825], [117.02047779028406, 39.41843399327825], [117.02047779028406, 39.418613656335076]], [[117.02047779028406, 39.41915264550555], [117.02029812722724, 39.41915264550555], [117.02029812722724, 39.41897298244872], [117.02047779028406, 39.41897298244872], [117.02047779028406, 39.41915264550555]]]}, "properties": {"name": "cand51", "ptype": "hall", "confidence": "low", "rank": 51, "area_ha": 1.6, "rise_db": 5.7, "digitised_from": "Sentinel-1 VV rise 2021->2026, orbit 142"}}, {"type": "Feature", "geometry": {"geodesic": false, "type": "Polygon", "coordinates": [[[117.09701425249104, 39.428854450574036], [117.09701425249104, 39.428135798346744], [117.09719391554786, 39.428135798346744], [117.09719391554786, 39.42723748306262], [117.09737357860469, 39.42723748306262], [117.09737357860469, 39.4270578200058], [117.09755324166152, 39.4270578200058], [117.09755324166152, 39.42687815694897], [117.09791256777515, 39.42687815694897], [117.09791256777515, 39.4270578200058], [117.09809223083198, 39.4270578200058], [117.09809223083198, 39.42723748306262], [117.09791256777515, 39.42723748306262], [117.09791256777515, 39.42795613528992], [117.09809223083198, 39.42795613528992], [117.09809223083198, 39.428135798346744], [117.09773290471834, 39.428135798346744], [117.09773290471834, 39.428315461403564], [117.09755324166152, 39.428315461403564], [117.09755324166152, 39.42867478751721], [117.09737357860469, 39.42867478751721], [117.09737357860469, 39.428854450574036], [117.09701425249104, 39.428854450574036]]]}, "properties": {"name": "cand52", "ptype": "hall", "confidence": "low", "rank": 52, "area_ha": 1.6, "rise_db": 7.7, "digitised_from": "Sentinel-1 VV rise 2021->2026, orbit 142"}}, {"type": "Feature", "geometry": {"geodesic": false, "type": "Polygon", "coordinates": [[[117.03521016094362, 39.357348553958126], [117.03521016094362, 39.3571688909013], [117.0350304978868, 39.3571688909013], [117.0350304978868, 39.35698922784447], [117.03521016094362, 39.35698922784447], [117.03521016094362, 39.356450238674], [117.03538982400045, 39.356450238674], [117.03538982400045, 39.35627057561718], [117.03574915011409, 39.35627057561718], [117.03574915011409, 39.356450238674], [117.0366474653982, 39.356450238674], [117.0366474653982, 39.35627057561718], [117.03682712845503, 39.35627057561718], [117.03682712845503, 39.356090912560354], [117.03718645456868, 39.356090912560354], [117.03718645456868, 39.356450238674], [117.03736611762551, 39.356450238674], [117.03736611762551, 39.35662990173083], [117.03718645456868, 39.35662990173083], [117.03718645456868, 39.35680956478765], [117.03610847622774, 39.35680956478765], [117.03610847622774, 39.35698922784447], [117.03574915011409, 39.35698922784447], [117.03574915011409, 39.3571688909013], [117.03538982400045, 39.3571688909013], [117.03538982400045, 39.357348553958126], [117.03521016094362, 39.357348553958126]], [[117.03574915011409, 39.35680956478765], [117.03556948705726, 39.35680956478765], [117.03556948705726, 39.356450238674], [117.03574915011409, 39.356450238674], [117.03574915011409, 39.35680956478765]]]}, "properties": {"name": "cand53", "ptype": "hall", "confidence": "low", "rank": 53, "area_ha": 1.5, "rise_db": 5.5, "digitised_from": "Sentinel-1 VV rise 2021->2026, orbit 142"}}, {"type": "Feature", "geometry": {"geodesic": false, "type": "Polygon", "coordinates": [[[117.0838988493429, 39.40963050349388], [117.0838988493429, 39.40945084043705], [117.08371918628607, 39.40945084043705], [117.08371918628607, 39.409271177380234], [117.0838988493429, 39.409271177380234], [117.0838988493429, 39.40873218820976], [117.08353952322925, 39.40873218820976], [117.08353952322925, 39.408552525152935], [117.08335986017242, 39.408552525152935], [117.08335986017242, 39.40801353598246], [117.08353952322925, 39.40801353598246], [117.08353952322925, 39.40783387292564], [117.08407851239971, 39.40783387292564], [117.08407851239971, 39.40801353598246], [117.08425817545654, 39.40801353598246], [117.08425817545654, 39.40819319903929], [117.08407851239971, 39.40819319903929], [117.08407851239971, 39.408552525152935], [117.08443783851337, 39.408552525152935], [117.08443783851337, 39.408372862096115], [117.0846175015702, 39.408372862096115], [117.0846175015702, 39.408552525152935], [117.08479716462702, 39.408552525152935], [117.08479716462702, 39.40891185126658], [117.08443783851337, 39.40891185126658], [117.08443783851337, 39.40909151432341], [117.08425817545654, 39.40909151432341], [117.08425817545654, 39.409271177380234], [117.08407851239971, 39.409271177380234], [117.08407851239971, 39.40963050349388], [117.0838988493429, 39.40963050349388]]]}, "properties": {"name": "cand54", "ptype": "hall", "confidence": "low", "rank": 54, "area_ha": 1.5, "rise_db": 6.9, "digitised_from": "Sentinel-1 VV rise 2021->2026, orbit 142"}}, {"type": "Feature", "geometry": {"geodesic": false, "type": "Polygon", "coordinates": [[[117.04401365072799, 39.377291153265574], [117.04401365072799, 39.37693182715193], [117.04383398767116, 39.37693182715193], [117.04383398767116, 39.376392837981456], [117.04365432461434, 39.376392837981456], [117.04365432461434, 39.37621317492464], [117.04347466155751, 39.37621317492464], [117.04347466155751, 39.37603351186781], [117.0432949985007, 39.37603351186781], [117.0432949985007, 39.375674185754164], [117.04311533544387, 39.375674185754164], [117.04311533544387, 39.37549452269734], [117.0432949985007, 39.37549452269734], [117.0432949985007, 39.37531485964051], [117.04419331378482, 39.37531485964051], [117.04419331378482, 39.37549452269734], [117.04401365072799, 39.37549452269734], [117.04401365072799, 39.375674185754164], [117.04365432461434, 39.375674185754164], [117.04365432461434, 39.37603351186781], [117.04383398767116, 39.37603351186781], [117.04383398767116, 39.37621317492464], [117.04401365072799, 39.37621317492464], [117.04401365072799, 39.376392837981456], [117.04491196601211, 39.376392837981456], [117.04491196601211, 39.37657250103828], [117.04473230295528, 39.37657250103828], [117.04473230295528, 39.3767521640951], [117.04455263989846, 39.3767521640951], [117.04455263989846, 39.37657250103828], [117.04437297684164, 39.37657250103828], [117.04437297684164, 39.3767521640951], [117.04419331378482, 39.3767521640951], [117.04419331378482, 39.37693182715193], [117.04455263989846, 39.37693182715193], [117.04455263989846, 39.377291153265574], [117.04401365072799, 39.377291153265574]]]}, "properties": {"name": "cand55", "ptype": "hall", "confidence": "low", "rank": 55, "area_ha": 1.4, "rise_db": 5.0, "digitised_from": "Sentinel-1 VV rise 2021->2026, orbit 142"}}, {"type": "Feature", "geometry": {"geodesic": false, "type": "Polygon", "coordinates": [[[117.01365059412475, 39.41915264550555], [117.01365059412475, 39.41897298244872], [117.01347093106793, 39.41897298244872], [117.01347093106793, 39.41843399327825], [117.01383025718157, 39.41843399327825], [117.01383025718157, 39.4180746671646], [117.01454890940887, 39.4180746671646], [117.01454890940887, 39.41789500410778], [117.01490823552251, 39.41789500410778], [117.01490823552251, 39.41771534105096], [117.01526756163616, 39.41771534105096], [117.01526756163616, 39.41789500410778], [117.01544722469299, 39.41789500410778], [117.01544722469299, 39.4180746671646], [117.01562688774982, 39.4180746671646], [117.01562688774982, 39.418613656335076], [117.01544722469299, 39.418613656335076], [117.01544722469299, 39.41843399327825], [117.01508789857934, 39.41843399327825], [117.01508789857934, 39.41825433022143], [117.01454890940887, 39.41825433022143], [117.01454890940887, 39.41843399327825], [117.01436924635205, 39.41843399327825], [117.01436924635205, 39.418613656335076], [117.01418958329522, 39.418613656335076], [117.01418958329522, 39.41843399327825], [117.0140099202384, 39.41843399327825], [117.0140099202384, 39.418613656335076], [117.01383025718157, 39.418613656335076], [117.01383025718157, 39.418793319391895], [117.0140099202384, 39.418793319391895], [117.0140099202384, 39.41897298244872], [117.01383025718157, 39.41897298244872], [117.01383025718157, 39.41915264550555], [117.01365059412475, 39.41915264550555]]]}, "properties": {"name": "cand56", "ptype": "hall", "confidence": "low", "rank": 56, "area_ha": 1.4, "rise_db": 6.3, "digitised_from": "Sentinel-1 VV rise 2021->2026, orbit 142"}}, {"type": "Feature", "geometry": {"geodesic": false, "type": "Polygon", "coordinates": [[[117.0680885003424, 39.35680956478765], [117.0680885003424, 39.35662990173083], [117.06790883728557, 39.35662990173083], [117.06790883728557, 39.356090912560354], [117.0680885003424, 39.356090912560354], [117.0680885003424, 39.355911249503535], [117.06826816339921, 39.355911249503535], [117.06826816339921, 39.35573158644671], [117.06844782645604, 39.35573158644671], [117.06844782645604, 39.35537226033306], [117.06898681562652, 39.35537226033306], [117.06898681562652, 39.35555192338988], [117.06916647868333, 39.35555192338988], [117.06916647868333, 39.356090912560354], [117.06898681562652, 39.356090912560354], [117.06898681562652, 39.35627057561718], [117.06862748951286, 39.35627057561718], [117.06862748951286, 39.35662990173083], [117.06844782645604, 39.35662990173083], [117.06844782645604, 39.35680956478765], [117.0680885003424, 39.35680956478765]]]}, "properties": {"name": "cand57", "ptype": "hall", "confidence": "low", "rank": 57, "area_ha": 1.4, "rise_db": 7.2, "digitised_from": "Sentinel-1 VV rise 2021->2026, orbit 142"}}, {"type": "Feature", "geometry": {"geodesic": false, "type": "Polygon", "coordinates": [[[117.06126130418308, 39.36830800042438], [117.06126130418308, 39.36812833736756], [117.06108164112626, 39.36812833736756], [117.06108164112626, 39.36794867431073], [117.06090197806944, 39.36794867431073], [117.06090197806944, 39.36776901125391], [117.06072231501261, 39.36776901125391], [117.06072231501261, 39.367589348197086], [117.06054265195579, 39.367589348197086], [117.06054265195579, 39.36723002208344], [117.06108164112626, 39.36723002208344], [117.06108164112626, 39.36740968514026], [117.06215961946721, 39.36740968514026], [117.06215961946721, 39.36776901125391], [117.06197995641038, 39.36776901125391], [117.06197995641038, 39.36812833736756], [117.06180029335356, 39.36812833736756], [117.06180029335356, 39.36830800042438], [117.06126130418308, 39.36830800042438]]]}, "properties": {"name": "cand58", "ptype": "hall", "confidence": "low", "rank": 58, "area_ha": 1.4, "rise_db": 6.6, "digitised_from": "Sentinel-1 VV rise 2021->2026, orbit 142"}}, {"type": "Feature", "geometry": {"geodesic": false, "type": "Polygon", "coordinates": [[[117.09575661109328, 39.355911249503535], [117.09575661109328, 39.35573158644671], [117.0952176219228, 39.35573158644671], [117.0952176219228, 39.35555192338988], [117.09503795886597, 39.35555192338988], [117.09503795886597, 39.35537226033306], [117.09485829580916, 39.35537226033306], [117.09485829580916, 39.35483327116259], [117.09539728497963, 39.35483327116259], [117.09539728497963, 39.35501293421941], [117.09611593720692, 39.35501293421941], [117.09611593720692, 39.355192597276236], [117.09629560026374, 39.355192597276236], [117.09629560026374, 39.35573158644671], [117.09611593720692, 39.35573158644671], [117.09611593720692, 39.355911249503535], [117.09575661109328, 39.355911249503535]]]}, "properties": {"name": "cand59", "ptype": "hall", "confidence": "low", "rank": 59, "area_ha": 1.3, "rise_db": 6.9, "digitised_from": "Sentinel-1 VV rise 2021->2026, orbit 142"}}, {"type": "Feature", "geometry": {"geodesic": false, "type": "Polygon", "coordinates": [[[117.04149836793245, 39.39956937231174], [117.04149836793245, 39.39938970925492], [117.04131870487564, 39.39938970925492], [117.04131870487564, 39.39921004619809], [117.04113904181881, 39.39921004619809], [117.04113904181881, 39.399030383141266], [117.04131870487564, 39.399030383141266], [117.04131870487564, 39.39885072008445], [117.04149836793245, 39.39885072008445], [117.04149836793245, 39.39867105702762], [117.04167803098927, 39.39867105702762], [117.04167803098927, 39.398491393970794], [117.0418576940461, 39.398491393970794], [117.0418576940461, 39.398311730913974], [117.04167803098927, 39.398311730913974], [117.04167803098927, 39.39795240480033], [117.0418576940461, 39.39795240480033], [117.0418576940461, 39.3977727417435], [117.04203735710293, 39.3977727417435], [117.04203735710293, 39.39795240480033], [117.04257634627339, 39.39795240480033], [117.04257634627339, 39.3977727417435], [117.04275600933022, 39.3977727417435], [117.04275600933022, 39.39813206785715], [117.04239668321658, 39.39813206785715], [117.04239668321658, 39.39867105702762], [117.04203735710293, 39.39867105702762], [117.04203735710293, 39.39885072008445], [117.0418576940461, 39.39885072008445], [117.0418576940461, 39.39938970925492], [117.04167803098927, 39.39938970925492], [117.04167803098927, 39.39956937231174], [117.04149836793245, 39.39956937231174]]]}, "properties": {"name": "cand60", "ptype": "hall", "confidence": "low", "rank": 60, "area_ha": 1.3, "rise_db": 6.9, "digitised_from": "Sentinel-1 VV rise 2021->2026, orbit 142"}}, {"type": "Feature", "geometry": {"geodesic": false, "type": "Polygon", "coordinates": [[[117.01041665910192, 39.4263391677785], [117.01041665910192, 39.42615950472168], [117.01005733298827, 39.42615950472168], [117.01005733298827, 39.42544085249438], [117.00969800687463, 39.42544085249438], [117.00969800687463, 39.425261189437556], [117.0095183438178, 39.425261189437556], [117.0095183438178, 39.42490186332391], [117.0102369960451, 39.42490186332391], [117.0102369960451, 39.425261189437556], [117.01059632215875, 39.425261189437556], [117.01059632215875, 39.42544085249438], [117.01095564827239, 39.42544085249438], [117.01095564827239, 39.425979841664855], [117.01077598521556, 39.425979841664855], [117.01077598521556, 39.42615950472168], [117.01059632215875, 39.42615950472168], [117.01059632215875, 39.4263391677785], [117.01041665910192, 39.4263391677785]]]}, "properties": {"name": "cand61", "ptype": "hall", "confidence": "low", "rank": 61, "area_ha": 1.3, "rise_db": 7.3, "digitised_from": "Sentinel-1 VV rise 2021->2026, orbit 142"}}, {"type": "Feature", "geometry": {"geodesic": false, "type": "Polygon", "coordinates": [[[116.98418585280562, 39.40729488375517], [116.98418585280562, 39.40693555764152], [116.98436551586245, 39.40693555764152], [116.98436551586245, 39.40657623152787], [116.98418585280562, 39.40657623152787], [116.98418585280562, 39.406216905414226], [116.98436551586245, 39.406216905414226], [116.98436551586245, 39.4060372423574], [116.98490450503293, 39.4060372423574], [116.98490450503293, 39.406216905414226], [116.98508416808974, 39.406216905414226], [116.98508416808974, 39.40657623152787], [116.98526383114657, 39.40657623152787], [116.98526383114657, 39.4067558945847], [116.9854434942034, 39.4067558945847], [116.9854434942034, 39.40693555764152], [116.98526383114657, 39.40693555764152], [116.98526383114657, 39.407115220698344], [116.98454517891928, 39.407115220698344], [116.98454517891928, 39.40729488375517], [116.98418585280562, 39.40729488375517]]]}, "properties": {"name": "cand62", "ptype": "hall", "confidence": "low", "rank": 62, "area_ha": 1.3, "rise_db": 6.7, "digitised_from": "Sentinel-1 VV rise 2021->2026, orbit 142"}}, {"type": "Feature", "geometry": {"geodesic": false, "type": "Polygon", "coordinates": [[[116.99963687569249, 39.42436287415344], [116.99963687569249, 39.42400354803979], [116.99999620180613, 39.42400354803979], [116.99999620180613, 39.423823884982966], [117.00035552791978, 39.423823884982966], [117.00035552791978, 39.423644221926146], [117.00071485403343, 39.423644221926146], [117.00071485403343, 39.42292556969885], [117.00107418014707, 39.42292556969885], [117.00107418014707, 39.42328489581249], [117.00089451709025, 39.42328489581249], [117.00089451709025, 39.42346455886932], [117.0012538432039, 39.42346455886932], [117.0012538432039, 39.423823884982966], [117.00107418014707, 39.423823884982966], [117.00107418014707, 39.42400354803979], [117.00089451709025, 39.42400354803979], [117.00089451709025, 39.42418321109662], [117.00071485403343, 39.42418321109662], [117.00071485403343, 39.42436287415344], [116.99963687569249, 39.42436287415344]]]}, "properties": {"name": "cand63", "ptype": "hall", "confidence": "low", "rank": 63, "area_ha": 1.3, "rise_db": 5.6, "digitised_from": "Sentinel-1 VV rise 2021->2026, orbit 142"}}, {"type": "Feature", "geometry": {"geodesic": false, "type": "Polygon", "coordinates": [[[117.10006852445704, 39.41034915572118], [117.10006852445704, 39.409989829607525], [117.10024818751387, 39.409989829607525], [117.10024818751387, 39.409810166550706], [117.10006852445704, 39.409810166550706], [117.10006852445704, 39.40909151432341], [117.10024818751387, 39.40909151432341], [117.10024818751387, 39.40891185126658], [117.1004278505707, 39.40891185126658], [117.1004278505707, 39.40873218820976], [117.10078717668435, 39.40873218820976], [117.10078717668435, 39.409989829607525], [117.10060751362752, 39.409989829607525], [117.10060751362752, 39.41034915572118], [117.10006852445704, 39.41034915572118]]]}, "properties": {"name": "cand64", "ptype": "hall", "confidence": "low", "rank": 64, "area_ha": 1.2, "rise_db": 8.9, "digitised_from": "Sentinel-1 VV rise 2021->2026, orbit 142"}}, {"type": "Feature", "geometry": {"geodesic": false, "type": "Polygon", "coordinates": [[[117.09539728497963, 39.36219945649237], [117.09539728497963, 39.36201979343554], [117.0952176219228, 39.36201979343554], [117.0952176219228, 39.3616604673219], [117.09449896969551, 39.3616604673219], [117.09449896969551, 39.36148080426507], [117.09431930663868, 39.36148080426507], [117.09431930663868, 39.361121478151425], [117.09449896969551, 39.361121478151425], [117.09449896969551, 39.3609418150946], [117.09467863275233, 39.3609418150946], [117.09467863275233, 39.36076215203778], [117.09539728497963, 39.36076215203778], [117.09539728497963, 39.36148080426507], [117.0952176219228, 39.36148080426507], [117.0952176219228, 39.3616604673219], [117.09539728497963, 39.3616604673219], [117.09539728497963, 39.361840130378724], [117.09557694803645, 39.361840130378724], [117.09557694803645, 39.36219945649237], [117.09539728497963, 39.36219945649237]]]}, "properties": {"name": "cand65", "ptype": "hall", "confidence": "low", "rank": 65, "area_ha": 1.2, "rise_db": 7.7, "digitised_from": "Sentinel-1 VV rise 2021->2026, orbit 142"}}, {"type": "Feature", "geometry": {"geodesic": false, "type": "Polygon", "coordinates": [[[117.01203362661333, 39.40513892707328], [117.01203362661333, 39.40459993790281], [117.0118539635565, 39.40459993790281], [117.0118539635565, 39.40406094873234], [117.01203362661333, 39.40406094873234], [117.01203362661333, 39.40388128567552], [117.01275227884062, 39.40388128567552], [117.01275227884062, 39.40406094873234], [117.01293194189745, 39.40406094873234], [117.01293194189745, 39.40424061178916], [117.01311160495428, 39.40424061178916], [117.01311160495428, 39.40442027484598], [117.01293194189745, 39.40442027484598], [117.01293194189745, 39.40459993790281], [117.01257261578381, 39.40459993790281], [117.01257261578381, 39.404779600959635], [117.01239295272698, 39.404779600959635], [117.01239295272698, 39.404959264016455], [117.01221328967016, 39.404959264016455], [117.01221328967016, 39.40513892707328], [117.01203362661333, 39.40513892707328]]]}, "properties": {"name": "cand66", "ptype": "hall", "confidence": "low", "rank": 66, "area_ha": 1.2, "rise_db": 9.9, "digitised_from": "Sentinel-1 VV rise 2021->2026, orbit 142"}}, {"type": "Feature", "geometry": {"geodesic": false, "type": "Polygon", "coordinates": [[[117.08497682768383, 39.37154193544721], [117.08497682768383, 39.371362272390385], [117.08479716462702, 39.371362272390385], [117.08479716462702, 39.371182609333566], [117.08497682768383, 39.371182609333566], [117.08497682768383, 39.37100294627674], [117.08533615379748, 39.37100294627674], [117.08533615379748, 39.37082328321991], [117.08569547991114, 39.37082328321991], [117.08569547991114, 39.370643620163094], [117.08605480602478, 39.370643620163094], [117.08605480602478, 39.37046395710627], [117.0862344690816, 39.37046395710627], [117.0862344690816, 39.37028429404944], [117.08641413213843, 39.37028429404944], [117.08641413213843, 39.37010463099262], [117.08659379519526, 39.37010463099262], [117.08659379519526, 39.37046395710627], [117.08641413213843, 39.37046395710627], [117.08641413213843, 39.370643620163094], [117.0862344690816, 39.370643620163094], [117.0862344690816, 39.37082328321991], [117.08605480602478, 39.37082328321991], [117.08605480602478, 39.371182609333566], [117.08587514296796, 39.371182609333566], [117.08587514296796, 39.371362272390385], [117.08569547991114, 39.371362272390385], [117.08569547991114, 39.37154193544721], [117.08497682768383, 39.37154193544721]]]}, "properties": {"name": "cand67", "ptype": "hall", "confidence": "low", "rank": 67, "area_ha": 1.1, "rise_db": 5.0, "digitised_from": "Sentinel-1 VV rise 2021->2026, orbit 142"}}, {"type": "Feature", "geometry": {"geodesic": false, "type": "Polygon", "coordinates": [[[116.99550462538554, 39.38896925195913], [116.99550462538554, 39.388789588902306], [116.99568428844236, 39.388789588902306], [116.99568428844236, 39.38860992584548], [116.99586395149919, 39.38860992584548], [116.99586395149919, 39.38843026278866], [116.99568428844236, 39.38843026278866], [116.99568428844236, 39.38789127361819], [116.99550462538554, 39.38789127361819], [116.99550462538554, 39.38717262139089], [116.99586395149919, 39.38717262139089], [116.99586395149919, 39.387352284447715], [116.996043614556, 39.387352284447715], [116.996043614556, 39.38789127361819], [116.99622327761283, 39.38789127361819], [116.99622327761283, 39.388789588902306], [116.996043614556, 39.388789588902306], [116.996043614556, 39.38896925195913], [116.99550462538554, 39.38896925195913]]]}, "properties": {"name": "cand68", "ptype": "hall", "confidence": "low", "rank": 68, "area_ha": 1.1, "rise_db": 6.9, "digitised_from": "Sentinel-1 VV rise 2021->2026, orbit 142"}}, {"type": "Feature", "geometry": {"geodesic": false, "type": "Polygon", "coordinates": [[[117.04868489020541, 39.389508241129604], [117.04868489020541, 39.38932857807278], [117.04814590103494, 39.38932857807278], [117.04814590103494, 39.389508241129604], [117.04796623797812, 39.389508241129604], [117.04796623797812, 39.38932857807278], [117.04778657492129, 39.38932857807278], [117.04778657492129, 39.388789588902306], [117.04796623797812, 39.388789588902306], [117.04796623797812, 39.38860992584548], [117.04868489020541, 39.38860992584548], [117.04868489020541, 39.388789588902306], [117.04886455326223, 39.388789588902306], [117.04886455326223, 39.38896925195913], [117.04904421631906, 39.38896925195913], [117.04904421631906, 39.38914891501595], [117.04922387937589, 39.38914891501595], [117.04922387937589, 39.389508241129604], [117.04868489020541, 39.389508241129604]], [[117.04850522714858, 39.38914891501595], [117.04832556409177, 39.38914891501595], [117.04832556409177, 39.38896925195913], [117.04850522714858, 39.38896925195913], [117.04850522714858, 39.38914891501595]]]}, "properties": {"name": "cand69", "ptype": "hall", "confidence": "low", "rank": 69, "area_ha": 1.1, "rise_db": 6.6, "digitised_from": "Sentinel-1 VV rise 2021->2026, orbit 142"}}, {"type": "Feature", "geometry": {"geodesic": false, "type": "Polygon", "coordinates": [[[117.075634348729, 39.35806720618542], [117.075634348729, 39.357528217014945], [117.07653266401311, 39.357528217014945], [117.07653266401311, 39.3571688909013], [117.07671232706994, 39.3571688909013], [117.07671232706994, 39.35698922784447], [117.07689199012677, 39.35698922784447], [117.07689199012677, 39.35680956478765], [117.07707165318358, 39.35680956478765], [117.07707165318358, 39.35698922784447], [117.0772513162404, 39.35698922784447], [117.0772513162404, 39.3571688909013], [117.07761064235406, 39.3571688909013], [117.07761064235406, 39.357348553958126], [117.07743097929723, 39.357348553958126], [117.07743097929723, 39.357528217014945], [117.0772513162404, 39.357528217014945], [117.0772513162404, 39.3571688909013], [117.07707165318358, 39.3571688909013], [117.07707165318358, 39.357348553958126], [117.07689199012677, 39.357348553958126], [117.07689199012677, 39.357528217014945], [117.07671232706994, 39.357528217014945], [117.07671232706994, 39.35770788007177], [117.07653266401311, 39.35770788007177], [117.07653266401311, 39.3578875431286], [117.07635300095629, 39.3578875431286], [117.07635300095629, 39.35806720618542], [117.075634348729, 39.35806720618542]]]}, "properties": {"name": "cand70", "ptype": "hall", "confidence": "low", "rank": 70, "area_ha": 1.1, "rise_db": 6.5, "digitised_from": "Sentinel-1 VV rise 2021->2026, orbit 142"}}, {"type": "Feature", "geometry": {"geodesic": false, "type": "Polygon", "coordinates": [[[117.08821076270667, 39.3692063157085], [117.08821076270667, 39.36884698959485], [117.08857008882032, 39.36884698959485], [117.08857008882032, 39.36866732653803], [117.08821076270667, 39.36866732653803], [117.08821076270667, 39.36830800042438], [117.08910907799078, 39.36830800042438], [117.08910907799078, 39.368487663481204], [117.08928874104761, 39.368487663481204], [117.08928874104761, 39.36866732653803], [117.08892941493396, 39.36866732653803], [117.08892941493396, 39.36884698959485], [117.08946840410444, 39.36884698959485], [117.08946840410444, 39.3692063157085], [117.08821076270667, 39.3692063157085]]]}, "properties": {"name": "cand71", "ptype": "hall", "confidence": "low", "rank": 71, "area_ha": 1.1, "rise_db": 5.4, "digitised_from": "Sentinel-1 VV rise 2021->2026, orbit 142"}}, {"type": "Feature", "geometry": {"geodesic": false, "type": "Polygon", "coordinates": [[[117.07473603344488, 39.33399235657102], [117.07473603344488, 39.33381269351419], [117.07455637038805, 39.33381269351419], [117.07455637038805, 39.333453367400544], [117.07473603344488, 39.333453367400544], [117.07473603344488, 39.3330940412869], [117.0749156965017, 39.3330940412869], [117.0749156965017, 39.33291437823007], [117.07545468567217, 39.33291437823007], [117.07545468567217, 39.3330940412869], [117.075634348729, 39.3330940412869], [117.075634348729, 39.333453367400544], [117.07545468567217, 39.333453367400544], [117.07545468567217, 39.33381269351419], [117.07527502261534, 39.33381269351419], [117.07527502261534, 39.33399235657102], [117.07473603344488, 39.33399235657102]]]}, "properties": {"name": "cand72", "ptype": "hall", "confidence": "low", "rank": 72, "area_ha": 1.0, "rise_db": 7.8, "digitised_from": "Sentinel-1 VV rise 2021->2026, orbit 142"}}, {"type": "Feature", "geometry": {"geodesic": false, "type": "Polygon", "coordinates": [[[116.99173170119224, 39.388789588902306], [116.99173170119224, 39.38860992584548], [116.99119271202176, 39.38860992584548], [116.99119271202176, 39.38843026278866], [116.99173170119224, 39.38843026278866], [116.99173170119224, 39.388070936675014], [116.99155203813541, 39.388070936675014], [116.99155203813541, 39.38789127361819], [116.99137237507858, 39.38789127361819], [116.99137237507858, 39.38771161056136], [116.99245035341953, 39.38771161056136], [116.99245035341953, 39.38753194750454], [116.99280967953318, 39.38753194750454], [116.99280967953318, 39.388070936675014], [116.99209102730588, 39.388070936675014], [116.99209102730588, 39.38860992584548], [116.99191136424906, 39.38860992584548], [116.99191136424906, 39.388789588902306], [116.99173170119224, 39.388789588902306]], [[116.99191136424906, 39.38860992584548], [116.99173170119224, 39.38860992584548], [116.99173170119224, 39.38843026278866], [116.99191136424906, 39.38843026278866], [116.99191136424906, 39.38860992584548]]]}, "properties": {"name": "cand73", "ptype": "hall", "confidence": "low", "rank": 73, "area_ha": 1.0, "rise_db": 4.9, "digitised_from": "Sentinel-1 VV rise 2021->2026, orbit 142"}}, {"type": "Feature", "geometry": {"geodesic": false, "type": "Polygon", "coordinates": [[[117.03754578068232, 39.415739047425895], [117.03754578068232, 39.41555938436907], [117.03736611762551, 39.41555938436907], [117.03736611762551, 39.41537972131224], [117.03754578068232, 39.41537972131224], [117.03754578068232, 39.41520005825542], [117.03736611762551, 39.41520005825542], [117.03736611762551, 39.415020395198596], [117.03718645456868, 39.415020395198596], [117.03718645456868, 39.41484073214177], [117.03736611762551, 39.41484073214177], [117.03736611762551, 39.41466106908495], [117.03790510679598, 39.41466106908495], [117.03790510679598, 39.41484073214177], [117.03826443290963, 39.41484073214177], [117.03826443290963, 39.41520005825542], [117.03844409596645, 39.41520005825542], [117.03844409596645, 39.41537972131224], [117.03826443290963, 39.41537972131224], [117.03826443290963, 39.41555938436907], [117.03790510679598, 39.41555938436907], [117.03790510679598, 39.415739047425895], [117.03754578068232, 39.415739047425895]]]}, "properties": {"name": "cand74", "ptype": "hall", "confidence": "low", "rank": 74, "area_ha": 1.0, "rise_db": 7.2, "digitised_from": "Sentinel-1 VV rise 2021->2026, orbit 142"}}, {"type": "Feature", "geometry": {"geodesic": false, "type": "Polygon", "coordinates": [[[117.10959066646872, 39.417356014937305], [117.10959066646872, 39.417176351880485], [117.10941100341189, 39.417176351880485], [117.10941100341189, 39.41699668882366], [117.10959066646872, 39.41699668882366], [117.10959066646872, 39.41681702576683], [117.10977032952553, 39.41681702576683], [117.10977032952553, 39.416457699653186], [117.10959066646872, 39.416457699653186], [117.10959066646872, 39.41609837353954], [117.10977032952553, 39.41609837353954], [117.10977032952553, 39.415918710482714], [117.10994999258236, 39.415918710482714], [117.10994999258236, 39.415739047425895], [117.11030931869601, 39.415739047425895], [117.11030931869601, 39.415918710482714], [117.11048898175284, 39.415918710482714], [117.11048898175284, 39.41609837353954], [117.11030931869601, 39.41609837353954], [117.11030931869601, 39.41627803659637], [117.11012965563918, 39.41627803659637], [117.11012965563918, 39.416457699653186], [117.10994999258236, 39.416457699653186], [117.10994999258236, 39.41681702576683], [117.11012965563918, 39.41681702576683], [117.11012965563918, 39.41699668882366], [117.11030931869601, 39.41699668882366], [117.11030931869601, 39.417176351880485], [117.11012965563918, 39.417176351880485], [117.11012965563918, 39.417356014937305], [117.10959066646872, 39.417356014937305]]]}, "properties": {"name": "cand75", "ptype": "hall", "confidence": "low", "rank": 75, "area_ha": 1.0, "rise_db": 7.3, "digitised_from": "Sentinel-1 VV rise 2021->2026, orbit 142"}}, {"type": "Feature", "geometry": {"geodesic": false, "type": "Polygon", "coordinates": [[[116.99298934259, 39.4270578200058], [116.99298934259, 39.42687815694897], [116.9922706903627, 39.42687815694897], [116.9922706903627, 39.4270578200058], [116.99191136424906, 39.4270578200058], [116.99191136424906, 39.42687815694897], [116.99209102730588, 39.42687815694897], [116.99209102730588, 39.42651883083533], [116.99388765787413, 39.42651883083533], [116.99388765787413, 39.42687815694897], [116.9937079948173, 39.42687815694897], [116.9937079948173, 39.4270578200058], [116.99298934259, 39.4270578200058]]]}, "properties": {"name": "cand76", "ptype": "hall", "confidence": "low", "rank": 76, "area_ha": 1.0, "rise_db": 6.8, "digitised_from": "Sentinel-1 VV rise 2021->2026, orbit 142"}}, {"type": "Feature", "geometry": {"geodesic": false, "type": "Polygon", "coordinates": [[[117.09413964358185, 39.34333483552586], [117.09413964358185, 39.34315517246903], [117.09395998052503, 39.34315517246903], [117.09395998052503, 39.34297550941221], [117.09378031746822, 39.34297550941221], [117.09378031746822, 39.342795846355386], [117.09360065441139, 39.342795846355386], [117.09360065441139, 39.34261618329856], [117.09413964358185, 39.34261618329856], [117.09413964358185, 39.342795846355386], [117.09503795886597, 39.342795846355386], [117.09503795886597, 39.34297550941221], [117.09539728497963, 39.34297550941221], [117.09539728497963, 39.34333483552586], [117.09413964358185, 39.34333483552586]]]}, "properties": {"name": "cand77", "ptype": "hall", "confidence": "low", "rank": 77, "area_ha": 1.0, "rise_db": 7.0, "digitised_from": "Sentinel-1 VV rise 2021->2026, orbit 142"}}, {"type": "Feature", "geometry": {"geodesic": false, "type": "Polygon", "coordinates": [[[117.0614409672399, 39.42795613528992], [117.0614409672399, 39.4270578200058], [117.06215961946721, 39.4270578200058], [117.06215961946721, 39.42723748306262], [117.06251894558085, 39.42723748306262], [117.06251894558085, 39.427417146119446], [117.06269860863767, 39.427417146119446], [117.06269860863767, 39.42759680917627], [117.06233928252402, 39.42759680917627], [117.06233928252402, 39.42777647223309], [117.06197995641038, 39.42777647223309], [117.06197995641038, 39.42795613528992], [117.0614409672399, 39.42795613528992]]]}, "properties": {"name": "cand78", "ptype": "hall", "confidence": "low", "rank": 78, "area_ha": 1.0, "rise_db": 5.8, "digitised_from": "Sentinel-1 VV rise 2021->2026, orbit 142"}}]}