{"type": "FeatureCollection", "features": [{"type": "Feature", "geometry": {"geodesic": false, "type": "Polygon", "coordinates": [[[113.16652555835448, 41.067740854921695], [113.16652555835448, 41.06756119186487], [113.16634589529767, 41.06756119186487], [113.16634589529767, 41.06738152880804], [113.16616623224084, 41.06738152880804], [113.16616623224084, 41.06756119186487], [113.16598656918401, 41.06756119186487], [113.16598656918401, 41.06720186575122], [113.16562724307036, 41.06720186575122], [113.16562724307036, 41.067022202694396], [113.16526791695672, 41.067022202694396], [113.16526791695672, 41.06684253963757], [113.16490859084307, 41.06684253963757], [113.16490859084307, 41.06666287658075], [113.16454926472942, 41.06666287658075], [113.16454926472942, 41.066483213523924], [113.16418993861578, 41.066483213523924], [113.16418993861578, 41.0663035504671], [113.16401027555895, 41.0663035504671], [113.16401027555895, 41.06612388741028], [113.1636509494453, 41.06612388741028], [113.1636509494453, 41.06594422435345], [113.16329162333166, 41.06594422435345], [113.16329162333166, 41.06576456129663], [113.162932297218, 41.06576456129663], [113.162932297218, 41.065584898239806], [113.16257297110435, 41.065584898239806], [113.16257297110435, 41.06540523518298], [113.16221364499071, 41.06540523518298], [113.16221364499071, 41.06522557212616], [113.16185431887706, 41.06522557212616], [113.16185431887706, 41.06504590906933], [113.16149499276342, 41.06504590906933], [113.16149499276342, 41.06486624601251], [113.16113566664977, 41.06486624601251], [113.16113566664977, 41.06468658295569], [113.16077634053612, 41.06468658295569], [113.16077634053612, 41.06450691989886], [113.16059667747929, 41.06450691989886], [113.16059667747929, 41.064327256842034], [113.16005768830883, 41.064327256842034], [113.16005768830883, 41.064147593785215], [113.159878025252, 41.064147593785215], [113.159878025252, 41.06396793072839], [113.15951869913836, 41.06396793072839], [113.15951869913836, 41.06378826767157], [113.1591593730247, 41.06378826767157], [113.1591593730247, 41.06360860461474], [113.15880004691105, 41.06360860461474], [113.15880004691105, 41.063428941557916], [113.15844072079742, 41.063428941557916], [113.15844072079742, 41.0632492785011], [113.15826105774059, 41.0632492785011], [113.15826105774059, 41.06306961544427], [113.15844072079742, 41.06306961544427], [113.15844072079742, 41.062889952387444], [113.15862038385423, 41.062889952387444], [113.15862038385423, 41.062710289330624], [113.15880004691105, 41.062710289330624], [113.15880004691105, 41.0625306262738], [113.1591593730247, 41.0625306262738], [113.1591593730247, 41.06235096321697], [113.15933903608153, 41.06235096321697], [113.15933903608153, 41.061991637103326], [113.15951869913836, 41.061991637103326], [113.15951869913836, 41.06163231098968], [113.15969836219517, 41.06163231098968], [113.15969836219517, 41.06145264793285], [113.15951869913836, 41.06145264793285], [113.15951869913836, 41.061272984876034], [113.15969836219517, 41.061272984876034], [113.15969836219517, 41.06109332181921], [113.16005768830883, 41.06109332181921], [113.16005768830883, 41.06145264793285], [113.16041701442248, 41.06145264793285], [113.16041701442248, 41.06091365876238], [113.16023735136565, 41.06091365876238], [113.16023735136565, 41.06073399570556], [113.16041701442248, 41.06073399570556], [113.16041701442248, 41.060554332648735], [113.159878025252, 41.060554332648735], [113.159878025252, 41.06019500653509], [113.15951869913836, 41.06019500653509], [113.15951869913836, 41.06001534347826], [113.15933903608153, 41.06001534347826], [113.15933903608153, 41.05983568042144], [113.15880004691105, 41.05983568042144], [113.15880004691105, 41.05965601736462], [113.15862038385423, 41.05965601736462], [113.15862038385423, 41.05947635430779], [113.15826105774059, 41.05947635430779], [113.15826105774059, 41.05929669125097], [113.15790173162694, 41.05929669125097], [113.15790173162694, 41.059117028194144], [113.1575424055133, 41.059117028194144], [113.1575424055133, 41.05893736513732], [113.15736274245647, 41.05893736513732], [113.15736274245647, 41.0587577020805], [113.15700341634282, 41.0587577020805], [113.15700341634282, 41.05857803902367], [113.15682375328599, 41.05857803902367], [113.15682375328599, 41.058398375966846], [113.1561051010587, 41.058398375966846], [113.1561051010587, 41.05857803902367], [113.15592543800187, 41.05857803902367], [113.15592543800187, 41.05893736513732], [113.15628476411553, 41.05893736513732], [113.15628476411553, 41.059117028194144], [113.15664409022916, 41.059117028194144], [113.15664409022916, 41.05947635430779], [113.15682375328599, 41.05947635430779], [113.15682375328599, 41.05965601736462], [113.15664409022916, 41.05965601736462], [113.15664409022916, 41.05947635430779], [113.15646442717235, 41.05947635430779], [113.15646442717235, 41.05965601736462], [113.1561051010587, 41.05965601736462], [113.1561051010587, 41.05983568042144], [113.15646442717235, 41.05983568042144], [113.15646442717235, 41.06001534347826], [113.15664409022916, 41.06001534347826], [113.15664409022916, 41.06019500653509], [113.15628476411553, 41.06019500653509], [113.15628476411553, 41.06001534347826], [113.1561051010587, 41.06001534347826], [113.1561051010587, 41.05983568042144], [113.15574577494505, 41.05983568042144], [113.15574577494505, 41.05929669125097], [113.15556611188823, 41.05929669125097], [113.15556611188823, 41.059117028194144], [113.15538644883141, 41.059117028194144], [113.15538644883141, 41.0587577020805], [113.15556611188823, 41.0587577020805], [113.15556611188823, 41.058398375966846], [113.15574577494505, 41.058398375966846], [113.15574577494505, 41.058218712910026], [113.15556611188823, 41.058218712910026], [113.15556611188823, 41.0580390498532], [113.15538644883141, 41.0580390498532], [113.15538644883141, 41.05785938679638], [113.15502712271775, 41.05785938679638], [113.15502712271775, 41.057679723739554], [113.1546677966041, 41.057679723739554], [113.1546677966041, 41.05750006068273], [113.15430847049046, 41.05750006068273], [113.15430847049046, 41.056781408455436], [113.15412880743364, 41.056781408455436], [113.15412880743364, 41.05660174539861], [113.15430847049046, 41.05660174539861], [113.15430847049046, 41.05642208234178], [113.15484745966093, 41.05642208234178], [113.15484745966093, 41.05660174539861], [113.15502712271775, 41.05660174539861], [113.15502712271775, 41.056781408455436], [113.15538644883141, 41.056781408455436], [113.15538644883141, 41.056961071512255], [113.15574577494505, 41.056961071512255], [113.15574577494505, 41.05714073456908], [113.15646442717235, 41.05714073456908], [113.15646442717235, 41.056961071512255], [113.15682375328599, 41.056961071512255], [113.15682375328599, 41.056781408455436], [113.15718307939964, 41.056781408455436], [113.15718307939964, 41.056961071512255], [113.15736274245647, 41.056961071512255], [113.15736274245647, 41.05714073456908], [113.15772206857011, 41.05714073456908], [113.15772206857011, 41.056961071512255], [113.15790173162694, 41.056961071512255], [113.15790173162694, 41.05660174539861], [113.15772206857011, 41.05660174539861], [113.15772206857011, 41.056781408455436], [113.15736274245647, 41.056781408455436], [113.15736274245647, 41.05660174539861], [113.15700341634282, 41.05660174539861], [113.15700341634282, 41.05642208234178], [113.15682375328599, 41.05642208234178], [113.15682375328599, 41.05606275622814], [113.15664409022916, 41.05606275622814], [113.15664409022916, 41.05588309317132], [113.15646442717235, 41.05588309317132], [113.15646442717235, 41.05570343011449], [113.15664409022916, 41.05570343011449], [113.15664409022916, 41.055523767057664], [113.15682375328599, 41.055523767057664], [113.15682375328599, 41.05516444094402], [113.15628476411553, 41.05516444094402], [113.15628476411553, 41.055344104000845], [113.15574577494505, 41.055344104000845], [113.15574577494505, 41.05516444094402], [113.15556611188823, 41.05516444094402], [113.15556611188823, 41.05498477788719], [113.15574577494505, 41.05498477788719], [113.15574577494505, 41.05444578871672], [113.15592543800187, 41.05444578871672], [113.15592543800187, 41.0542661256599], [113.1561051010587, 41.0542661256599], [113.1561051010587, 41.054086462603074], [113.15628476411553, 41.054086462603074], [113.15628476411553, 41.0542661256599], [113.15664409022916, 41.0542661256599], [113.15664409022916, 41.05444578871672], [113.15682375328599, 41.05444578871672], [113.15682375328599, 41.054625451773546], [113.1575424055133, 41.054625451773546], [113.1575424055133, 41.05480511483037], [113.15772206857011, 41.05480511483037], [113.15772206857011, 41.05498477788719], [113.15790173162694, 41.05498477788719], [113.15790173162694, 41.05516444094402], [113.15808139468376, 41.05516444094402], [113.15808139468376, 41.05570343011449], [113.15897970996788, 41.05570343011449], [113.15897970996788, 41.05588309317132], [113.1591593730247, 41.05588309317132], [113.1591593730247, 41.05606275622814], [113.15897970996788, 41.05606275622814], [113.15897970996788, 41.05624241928496], [113.15880004691105, 41.05624241928496], [113.15880004691105, 41.056781408455436], [113.15897970996788, 41.056781408455436], [113.15897970996788, 41.05714073456908], [113.15880004691105, 41.05714073456908], [113.15880004691105, 41.05732039762591], [113.15897970996788, 41.05732039762591], [113.15897970996788, 41.05785938679638], [113.15880004691105, 41.05785938679638], [113.15880004691105, 41.0580390498532], [113.15844072079742, 41.0580390498532], [113.15844072079742, 41.058398375966846], [113.15880004691105, 41.058398375966846], [113.15880004691105, 41.05857803902367], [113.1591593730247, 41.05857803902367], [113.1591593730247, 41.0587577020805], [113.15933903608153, 41.0587577020805], [113.15933903608153, 41.05893736513732], [113.15951869913836, 41.05893736513732], [113.15951869913836, 41.05929669125097], [113.15933903608153, 41.05929669125097], [113.15933903608153, 41.05947635430779], [113.15969836219517, 41.05947635430779], [113.15969836219517, 41.059117028194144], [113.16023735136565, 41.059117028194144], [113.16023735136565, 41.05929669125097], [113.16041701442248, 41.05929669125097], [113.16041701442248, 41.05947635430779], [113.16059667747929, 41.05947635430779], [113.16059667747929, 41.05965601736462], [113.16077634053612, 41.05965601736462], [113.16077634053612, 41.05983568042144], [113.16095600359294, 41.05983568042144], [113.16095600359294, 41.06001534347826], [113.16113566664977, 41.06001534347826], [113.16113566664977, 41.06019500653509], [113.1613153297066, 41.06019500653509], [113.1613153297066, 41.06037466959191], [113.16149499276342, 41.06037466959191], [113.16149499276342, 41.06091365876238], [113.16095600359294, 41.06091365876238], [113.16095600359294, 41.061272984876034], [113.16077634053612, 41.061272984876034], [113.16077634053612, 41.06163231098968], [113.16059667747929, 41.06163231098968], [113.16059667747929, 41.061991637103326], [113.16041701442248, 41.061991637103326], [113.16041701442248, 41.06235096321697], [113.16059667747929, 41.06235096321697], [113.16059667747929, 41.0625306262738], [113.16095600359294, 41.0625306262738], [113.16095600359294, 41.062710289330624], [113.1613153297066, 41.062710289330624], [113.1613153297066, 41.062889952387444], [113.16149499276342, 41.062889952387444], [113.16149499276342, 41.062710289330624], [113.16185431887706, 41.062710289330624], [113.16185431887706, 41.06306961544427], [113.16239330804754, 41.06306961544427], [113.16239330804754, 41.0632492785011], [113.16275263416118, 41.0632492785011], [113.16275263416118, 41.063428941557916], [113.16311196027483, 41.063428941557916], [113.16311196027483, 41.06360860461474], [113.16329162333166, 41.06360860461474], [113.16329162333166, 41.06378826767157], [113.16347128638849, 41.06378826767157], [113.16347128638849, 41.064147593785215], [113.1636509494453, 41.064147593785215], [113.1636509494453, 41.06450691989886], [113.16329162333166, 41.06450691989886], [113.16329162333166, 41.064327256842034], [113.162932297218, 41.064327256842034], [113.162932297218, 41.064147593785215], [113.16257297110435, 41.064147593785215], [113.16257297110435, 41.06396793072839], [113.16221364499071, 41.06396793072839], [113.16221364499071, 41.06378826767157], [113.16185431887706, 41.06378826767157], [113.16185431887706, 41.06360860461474], [113.16167465582024, 41.06360860461474], [113.16167465582024, 41.063428941557916], [113.1613153297066, 41.063428941557916], [113.1613153297066, 41.0632492785011], [113.16095600359294, 41.0632492785011], [113.16095600359294, 41.06306961544427], [113.16041701442248, 41.06306961544427], [113.16041701442248, 41.062889952387444], [113.16023735136565, 41.062889952387444], [113.16023735136565, 41.062710289330624], [113.159878025252, 41.062710289330624], [113.159878025252, 41.062889952387444], [113.15969836219517, 41.062889952387444], [113.15969836219517, 41.06306961544427], [113.15951869913836, 41.06306961544427], [113.15951869913836, 41.0632492785011], [113.15969836219517, 41.0632492785011], [113.15969836219517, 41.063428941557916], [113.16005768830883, 41.063428941557916], [113.16005768830883, 41.06396793072839], [113.16077634053612, 41.06396793072839], [113.16077634053612, 41.064147593785215], [113.1613153297066, 41.064147593785215], [113.1613153297066, 41.064327256842034], [113.16185431887706, 41.064327256842034], [113.16185431887706, 41.06450691989886], [113.16203398193389, 41.06450691989886], [113.16203398193389, 41.06468658295569], [113.16221364499071, 41.06468658295569], [113.16221364499071, 41.06486624601251], [113.16239330804754, 41.06486624601251], [113.16239330804754, 41.06504590906933], [113.16257297110435, 41.06504590906933], [113.16257297110435, 41.06522557212616], [113.16275263416118, 41.06522557212616], [113.16275263416118, 41.06504590906933], [113.16347128638849, 41.06504590906933], [113.16347128638849, 41.06486624601251], [113.16401027555895, 41.06486624601251], [113.16401027555895, 41.06522557212616], [113.16383061250212, 41.06522557212616], [113.16383061250212, 41.06540523518298], [113.16401027555895, 41.06540523518298], [113.16401027555895, 41.06576456129663], [113.16418993861578, 41.06576456129663], [113.16418993861578, 41.06594422435345], [113.1643696016726, 41.06594422435345], [113.1643696016726, 41.06612388741028], [113.1650882538999, 41.06612388741028], [113.1650882538999, 41.0663035504671], [113.16526791695672, 41.0663035504671], [113.16526791695672, 41.066483213523924], [113.16562724307036, 41.066483213523924], [113.16562724307036, 41.06666287658075], [113.16634589529767, 41.06666287658075], [113.16634589529767, 41.06684253963757], [113.16652555835448, 41.06684253963757], [113.16652555835448, 41.06720186575122], [113.16688488446813, 41.06720186575122], [113.16688488446813, 41.067740854921695], [113.16652555835448, 41.067740854921695]], [[113.15718307939964, 41.05642208234178], [113.15700341634282, 41.05642208234178], [113.15700341634282, 41.05624241928496], [113.15718307939964, 41.05624241928496], [113.15718307939964, 41.05642208234178]], [[113.16113566664977, 41.060554332648735], [113.16095600359294, 41.060554332648735], [113.16095600359294, 41.06037466959191], [113.16113566664977, 41.06037466959191], [113.16113566664977, 41.060554332648735]], [[113.16095600359294, 41.06091365876238], [113.16077634053612, 41.06091365876238], [113.16077634053612, 41.06073399570556], [113.16095600359294, 41.06073399570556], [113.16095600359294, 41.06091365876238]], [[113.15969836219517, 41.06360860461474], [113.15951869913836, 41.06360860461474], [113.15951869913836, 41.063428941557916], [113.15969836219517, 41.063428941557916], [113.15969836219517, 41.06360860461474]]]}, "properties": {"name": "cand01", "ptype": "hall", "confidence": "low", "rank": 1, "area_ha": 32.0, "rise_db": 9.4, "digitised_from": "Sentinel-1 VV rise 2021->2026, orbit 40"}}, {"type": "Feature", "geometry": {"geodesic": false, "type": "Polygon", "coordinates": [[[113.16724421058179, 41.071513779114994], [113.16724421058179, 41.07133411605817], [113.1667052214113, 41.07133411605817], [113.1667052214113, 41.07115445300135], [113.16634589529767, 41.07115445300135], [113.16634589529767, 41.07097478994452], [113.16598656918401, 41.07097478994452], [113.16598656918401, 41.070795126887695], [113.16562724307036, 41.070795126887695], [113.16562724307036, 41.070615463830876], [113.16544758001355, 41.070615463830876], [113.16544758001355, 41.07043580077405], [113.1650882538999, 41.07043580077405], [113.1650882538999, 41.07025613771722], [113.16472892778624, 41.07025613771722], [113.16472892778624, 41.070076474660404], [113.1643696016726, 41.070076474660404], [113.1643696016726, 41.06989681160358], [113.16383061250212, 41.06989681160358], [113.16383061250212, 41.06971714854676], [113.1636509494453, 41.06971714854676], [113.1636509494453, 41.06953748548993], [113.16347128638849, 41.06953748548993], [113.16347128638849, 41.069357822433105], [113.16329162333166, 41.069357822433105], [113.16329162333166, 41.06953748548993], [113.16311196027483, 41.06953748548993], [113.16311196027483, 41.069357822433105], [113.162932297218, 41.069357822433105], [113.162932297218, 41.069178159376285], [113.16275263416118, 41.069178159376285], [113.16275263416118, 41.06899849631946], [113.16257297110435, 41.06899849631946], [113.16257297110435, 41.06881883326263], [113.16239330804754, 41.06881883326263], [113.16239330804754, 41.06863917020581], [113.16203398193389, 41.06863917020581], [113.16203398193389, 41.06881883326263], [113.16185431887706, 41.06881883326263], [113.16185431887706, 41.06899849631946], [113.16167465582024, 41.06899849631946], [113.16167465582024, 41.069178159376285], [113.16149499276342, 41.069178159376285], [113.16149499276342, 41.06881883326263], [113.1613153297066, 41.06881883326263], [113.1613153297066, 41.06899849631946], [113.16113566664977, 41.06899849631946], [113.16113566664977, 41.06881883326263], [113.16095600359294, 41.06881883326263], [113.16095600359294, 41.06845950714899], [113.16077634053612, 41.06845950714899], [113.16077634053612, 41.06810018103534], [113.16041701442248, 41.06810018103534], [113.16041701442248, 41.067920517978514], [113.16023735136565, 41.067920517978514], [113.16023735136565, 41.067740854921695], [113.159878025252, 41.067740854921695], [113.159878025252, 41.06738152880804], [113.16041701442248, 41.06738152880804], [113.16041701442248, 41.06720186575122], [113.16059667747929, 41.06720186575122], [113.16059667747929, 41.067022202694396], [113.15933903608153, 41.067022202694396], [113.15933903608153, 41.06684253963757], [113.15969836219517, 41.06684253963757], [113.15969836219517, 41.06666287658075], [113.16059667747929, 41.06666287658075], [113.16059667747929, 41.06684253963757], [113.16077634053612, 41.06684253963757], [113.16077634053612, 41.06666287658075], [113.16113566664977, 41.06666287658075], [113.16113566664977, 41.066483213523924], [113.16167465582024, 41.066483213523924], [113.16167465582024, 41.06666287658075], [113.16185431887706, 41.06666287658075], [113.16185431887706, 41.06684253963757], [113.16203398193389, 41.06684253963757], [113.16203398193389, 41.067022202694396], [113.16239330804754, 41.067022202694396], [113.16239330804754, 41.06720186575122], [113.16257297110435, 41.06720186575122], [113.16257297110435, 41.06738152880804], [113.16275263416118, 41.06738152880804], [113.16275263416118, 41.06756119186487], [113.162932297218, 41.06756119186487], [113.162932297218, 41.067740854921695], [113.16311196027483, 41.067740854921695], [113.16311196027483, 41.067920517978514], [113.16329162333166, 41.067920517978514], [113.16329162333166, 41.06810018103534], [113.1636509494453, 41.06810018103534], [113.1636509494453, 41.06827984409216], [113.16383061250212, 41.06827984409216], [113.16383061250212, 41.06863917020581], [113.16454926472942, 41.06863917020581], [113.16454926472942, 41.069178159376285], [113.16472892778624, 41.069178159376285], [113.16472892778624, 41.06953748548993], [113.16490859084307, 41.06953748548993], [113.16490859084307, 41.06971714854676], [113.1650882538999, 41.06971714854676], [113.1650882538999, 41.06989681160358], [113.16526791695672, 41.06989681160358], [113.16526791695672, 41.06971714854676], [113.16562724307036, 41.06971714854676], [113.16562724307036, 41.06953748548993], [113.16580690612719, 41.06953748548993], [113.16580690612719, 41.070076474660404], [113.16616623224084, 41.070076474660404], [113.16616623224084, 41.07025613771722], [113.1667052214113, 41.07025613771722], [113.1667052214113, 41.070615463830876], [113.16688488446813, 41.070615463830876], [113.16688488446813, 41.070795126887695], [113.16706454752496, 41.070795126887695], [113.16706454752496, 41.070615463830876], [113.16724421058179, 41.070615463830876], [113.16724421058179, 41.070795126887695], [113.16742387363861, 41.070795126887695], [113.16742387363861, 41.07097478994452], [113.16760353669542, 41.07097478994452], [113.16760353669542, 41.07115445300135], [113.16778319975225, 41.07115445300135], [113.16778319975225, 41.071513779114994], [113.16724421058179, 41.071513779114994]]]}, "properties": {"name": "cand02", "ptype": "hall", "confidence": "low", "rank": 2, "area_ha": 12.3, "rise_db": 8.9, "digitised_from": "Sentinel-1 VV rise 2021->2026, orbit 40"}}, {"type": "Feature", "geometry": {"geodesic": false, "type": "Polygon", "coordinates": [[[113.19113939713937, 41.02246576460207], [113.19113939713937, 41.02210643848842], [113.19095973408254, 41.02210643848842], [113.19095973408254, 41.021926775431595], [113.19131906019618, 41.021926775431595], [113.19131906019618, 41.02156744931795], [113.19095973408254, 41.02156744931795], [113.19095973408254, 41.02138778626112], [113.19024108185525, 41.02138778626112], [113.19024108185525, 41.0212081232043], [113.18970209268477, 41.0212081232043], [113.18970209268477, 41.02102846014748], [113.1898817557416, 41.02102846014748], [113.1898817557416, 41.020489470977004], [113.18952242962794, 41.020489470977004], [113.18952242962794, 41.02066913403383], [113.1891631035143, 41.02066913403383], [113.1891631035143, 41.020489470977004], [113.18898344045748, 41.020489470977004], [113.18898344045748, 41.02013014486336], [113.188444451287, 41.02013014486336], [113.188444451287, 41.01995048180653], [113.18826478823019, 41.01995048180653], [113.18826478823019, 41.019591155692886], [113.188444451287, 41.019591155692886], [113.188444451287, 41.01923182957924], [113.18862411434382, 41.01923182957924], [113.18862411434382, 41.01887250346559], [113.18880377740065, 41.01887250346559], [113.18880377740065, 41.01869284040877], [113.18898344045748, 41.01869284040877], [113.18898344045748, 41.01851317735194], [113.1891631035143, 41.01851317735194], [113.1891631035143, 41.01797418818147], [113.18934276657112, 41.01797418818147], [113.18934276657112, 41.018153851238296], [113.18970209268477, 41.018153851238296], [113.18970209268477, 41.018333514295115], [113.19042074491206, 41.018333514295115], [113.19042074491206, 41.018153851238296], [113.19060040796889, 41.018153851238296], [113.19060040796889, 41.01851317735194], [113.19078007102571, 41.01851317735194], [113.19078007102571, 41.01887250346559], [113.19060040796889, 41.01887250346559], [113.19060040796889, 41.01923182957924], [113.19042074491206, 41.01923182957924], [113.19042074491206, 41.019591155692886], [113.19095973408254, 41.019591155692886], [113.19095973408254, 41.01995048180653], [113.19078007102571, 41.01995048180653], [113.19078007102571, 41.02013014486336], [113.19095973408254, 41.02013014486336], [113.19095973408254, 41.02030980792018], [113.19167838630983, 41.02030980792018], [113.19167838630983, 41.020489470977004], [113.191498723253, 41.020489470977004], [113.191498723253, 41.02066913403383], [113.19113939713937, 41.02066913403383], [113.19113939713937, 41.020489470977004], [113.19095973408254, 41.020489470977004], [113.19095973408254, 41.02066913403383], [113.19078007102571, 41.02066913403383], [113.19078007102571, 41.02084879709065], [113.19042074491206, 41.02084879709065], [113.19042074491206, 41.02102846014748], [113.19095973408254, 41.02102846014748], [113.19095973408254, 41.0212081232043], [113.191498723253, 41.0212081232043], [113.191498723253, 41.02102846014748], [113.19167838630983, 41.02102846014748], [113.19167838630983, 41.02084879709065], [113.19203771242348, 41.02084879709065], [113.19203771242348, 41.02102846014748], [113.19185804936666, 41.02102846014748], [113.19185804936666, 41.02138778626112], [113.19167838630983, 41.02138778626112], [113.19167838630983, 41.021747112374776], [113.191498723253, 41.021747112374776], [113.191498723253, 41.021926775431595], [113.19203771242348, 41.021926775431595], [113.19203771242348, 41.02210643848842], [113.191498723253, 41.02210643848842], [113.191498723253, 41.02228610154524], [113.19131906019618, 41.02228610154524], [113.19131906019618, 41.02246576460207], [113.19113939713937, 41.02246576460207]]]}, "properties": {"name": "cand03", "ptype": "hall", "confidence": "low", "rank": 3, "area_ha": 8.0, "rise_db": 11.4, "digitised_from": "Sentinel-1 VV rise 2021->2026, orbit 40"}}, {"type": "Feature", "geometry": {"geodesic": false, "type": "Polygon", "coordinates": [[[113.14586430681973, 41.07402906191053], [113.14586430681973, 41.0738493988537], [113.14532531764927, 41.0738493988537], [113.14532531764927, 41.073669735796884], [113.14496599153561, 41.073669735796884], [113.14496599153561, 41.07349007274006], [113.14424733930832, 41.07349007274006], [113.14424733930832, 41.07313074662641], [113.1440676762515, 41.07313074662641], [113.1440676762515, 41.07331040968323], [113.14370835013786, 41.07331040968323], [113.14370835013786, 41.072951083569585], [113.1433490240242, 41.072951083569585], [113.1433490240242, 41.07223243134229], [113.14316936096738, 41.07223243134229], [113.14316936096738, 41.07205276828547], [113.14298969791055, 41.07205276828547], [113.14298969791055, 41.07223243134229], [113.14281003485372, 41.07223243134229], [113.14281003485372, 41.07241209439911], [113.14263037179691, 41.07241209439911], [113.14263037179691, 41.07223243134229], [113.14209138262643, 41.07223243134229], [113.14209138262643, 41.07205276828547], [113.1417320565128, 41.07205276828547], [113.1417320565128, 41.07187310522864], [113.14155239345597, 41.07187310522864], [113.14155239345597, 41.071513779114994], [113.1417320565128, 41.071513779114994], [113.1417320565128, 41.07133411605817], [113.14209138262643, 41.07133411605817], [113.14209138262643, 41.071513779114994], [113.14227104568326, 41.071513779114994], [113.14227104568326, 41.07169344217182], [113.14245070874009, 41.07169344217182], [113.14245070874009, 41.07187310522864], [113.14298969791055, 41.07187310522864], [113.14298969791055, 41.07169344217182], [113.14316936096738, 41.07169344217182], [113.14316936096738, 41.07133411605817], [113.1433490240242, 41.07133411605817], [113.1433490240242, 41.07115445300135], [113.14352868708103, 41.07115445300135], [113.14352868708103, 41.07097478994452], [113.1440676762515, 41.07097478994452], [113.1440676762515, 41.071513779114994], [113.14424733930832, 41.071513779114994], [113.14424733930832, 41.07169344217182], [113.14442700236515, 41.07169344217182], [113.14442700236515, 41.07187310522864], [113.14460666542197, 41.07187310522864], [113.14460666542197, 41.07205276828547], [113.14478632847879, 41.07205276828547], [113.14478632847879, 41.07187310522864], [113.14514565459244, 41.07187310522864], [113.14514565459244, 41.07241209439911], [113.14460666542197, 41.07241209439911], [113.14460666542197, 41.07259175745594], [113.14442700236515, 41.07259175745594], [113.14442700236515, 41.072951083569585], [113.14460666542197, 41.072951083569585], [113.14460666542197, 41.07313074662641], [113.14478632847879, 41.07313074662641], [113.14478632847879, 41.07331040968323], [113.14532531764927, 41.07331040968323], [113.14532531764927, 41.07349007274006], [113.1455049807061, 41.07349007274006], [113.1455049807061, 41.073669735796884], [113.14586430681973, 41.073669735796884], [113.14586430681973, 41.07349007274006], [113.14604396987656, 41.07349007274006], [113.14604396987656, 41.07331040968323], [113.14586430681973, 41.07331040968323], [113.14586430681973, 41.07313074662641], [113.14568464376292, 41.07313074662641], [113.14568464376292, 41.07277142051276], [113.1455049807061, 41.07277142051276], [113.1455049807061, 41.07259175745594], [113.14604396987656, 41.07259175745594], [113.14604396987656, 41.07277142051276], [113.14640329599021, 41.07277142051276], [113.14640329599021, 41.07187310522864], [113.14694228516068, 41.07187310522864], [113.14694228516068, 41.07205276828547], [113.1471219482175, 41.07205276828547], [113.1471219482175, 41.07223243134229], [113.14730161127433, 41.07223243134229], [113.14730161127433, 41.07241209439911], [113.1471219482175, 41.07241209439911], [113.1471219482175, 41.07259175745594], [113.14730161127433, 41.07259175745594], [113.14730161127433, 41.07277142051276], [113.14748127433116, 41.07277142051276], [113.14748127433116, 41.072951083569585], [113.14730161127433, 41.072951083569585], [113.14730161127433, 41.07331040968323], [113.1471219482175, 41.07331040968323], [113.1471219482175, 41.07349007274006], [113.14694228516068, 41.07349007274006], [113.14694228516068, 41.073669735796884], [113.14676262210385, 41.073669735796884], [113.14676262210385, 41.0738493988537], [113.14658295904704, 41.0738493988537], [113.14658295904704, 41.073669735796884], [113.14640329599021, 41.073669735796884], [113.14640329599021, 41.0738493988537], [113.14622363293338, 41.0738493988537], [113.14622363293338, 41.07402906191053], [113.14586430681973, 41.07402906191053]], [[113.14694228516068, 41.07277142051276], [113.14676262210385, 41.07277142051276], [113.14676262210385, 41.07259175745594], [113.14694228516068, 41.07259175745594], [113.14694228516068, 41.07277142051276]]]}, "properties": {"name": "cand04", "ptype": "hall", "confidence": "low", "rank": 4, "area_ha": 7.6, "rise_db": 8.2, "digitised_from": "Sentinel-1 VV rise 2021->2026, orbit 40"}}, {"type": "Feature", "geometry": {"geodesic": false, "type": "Polygon", "coordinates": [[[113.10094854261376, 41.06360860461474], [113.10094854261376, 41.063428941557916], [113.10076887955694, 41.063428941557916], [113.10076887955694, 41.062889952387444], [113.10112820567059, 41.062889952387444], [113.10112820567059, 41.06306961544427], [113.1013078687274, 41.06306961544427], [113.1013078687274, 41.0632492785011], [113.10148753178423, 41.0632492785011], [113.10148753178423, 41.06306961544427], [113.10166719484106, 41.06306961544427], [113.10166719484106, 41.062889952387444], [113.1013078687274, 41.062889952387444], [113.1013078687274, 41.062710289330624], [113.10094854261376, 41.062710289330624], [113.10094854261376, 41.0625306262738], [113.10112820567059, 41.0625306262738], [113.10112820567059, 41.06217130016015], [113.10040955344328, 41.06217130016015], [113.10040955344328, 41.06235096321697], [113.10076887955694, 41.06235096321697], [113.10076887955694, 41.0625306262738], [113.10040955344328, 41.0625306262738], [113.10040955344328, 41.06235096321697], [113.10022989038646, 41.06235096321697], [113.10022989038646, 41.0625306262738], [113.10005022732965, 41.0625306262738], [113.10005022732965, 41.06217130016015], [113.099690901216, 41.06217130016015], [113.099690901216, 41.061991637103326], [113.10058921650011, 41.061991637103326], [113.10058921650011, 41.061811974046506], [113.10094854261376, 41.061811974046506], [113.10094854261376, 41.06163231098968], [113.10076887955694, 41.06163231098968], [113.10076887955694, 41.06145264793285], [113.1013078687274, 41.06145264793285], [113.1013078687274, 41.061811974046506], [113.10112820567059, 41.061811974046506], [113.10112820567059, 41.06217130016015], [113.1013078687274, 41.06217130016015], [113.1013078687274, 41.061991637103326], [113.10148753178423, 41.061991637103326], [113.10148753178423, 41.06163231098968], [113.10184685789788, 41.06163231098968], [113.10184685789788, 41.06145264793285], [113.10166719484106, 41.06145264793285], [113.10166719484106, 41.061272984876034], [113.10184685789788, 41.061272984876034], [113.10184685789788, 41.06091365876238], [113.10166719484106, 41.06091365876238], [113.10166719484106, 41.06109332181921], [113.10148753178423, 41.06109332181921], [113.10148753178423, 41.06091365876238], [113.1013078687274, 41.06091365876238], [113.1013078687274, 41.061272984876034], [113.10094854261376, 41.061272984876034], [113.10094854261376, 41.06091365876238], [113.10076887955694, 41.06091365876238], [113.10076887955694, 41.06109332181921], [113.10058921650011, 41.06109332181921], [113.10058921650011, 41.06145264793285], [113.10040955344328, 41.06145264793285], [113.10040955344328, 41.061811974046506], [113.10022989038646, 41.061811974046506], [113.10022989038646, 41.06163231098968], [113.10005022732965, 41.06163231098968], [113.10005022732965, 41.06109332181921], [113.10040955344328, 41.06109332181921], [113.10040955344328, 41.06091365876238], [113.10022989038646, 41.06091365876238], [113.10022989038646, 41.06073399570556], [113.10058921650011, 41.06073399570556], [113.10058921650011, 41.060554332648735], [113.10076887955694, 41.060554332648735], [113.10076887955694, 41.06037466959191], [113.10094854261376, 41.06037466959191], [113.10094854261376, 41.06019500653509], [113.10040955344328, 41.06019500653509], [113.10040955344328, 41.05983568042144], [113.10094854261376, 41.05983568042144], [113.10094854261376, 41.06001534347826], [113.1013078687274, 41.06001534347826], [113.1013078687274, 41.05965601736462], [113.10148753178423, 41.05965601736462], [113.10148753178423, 41.05983568042144], [113.10166719484106, 41.05983568042144], [113.10166719484106, 41.06001534347826], [113.10184685789788, 41.06001534347826], [113.10184685789788, 41.05983568042144], [113.10202652095471, 41.05983568042144], [113.10202652095471, 41.06019500653509], [113.10166719484106, 41.06019500653509], [113.10166719484106, 41.060554332648735], [113.10220618401152, 41.060554332648735], [113.10220618401152, 41.06037466959191], [113.10238584706835, 41.06037466959191], [113.10238584706835, 41.06019500653509], [113.10256551012517, 41.06019500653509], [113.10256551012517, 41.06001534347826], [113.10310449929565, 41.06001534347826], [113.10310449929565, 41.06037466959191], [113.10292483623883, 41.06037466959191], [113.10292483623883, 41.06073399570556], [113.10328416235247, 41.06073399570556], [113.10328416235247, 41.06091365876238], [113.10346382540929, 41.06091365876238], [113.10346382540929, 41.061272984876034], [113.10328416235247, 41.061272984876034], [113.10328416235247, 41.06145264793285], [113.10310449929565, 41.06145264793285], [113.10310449929565, 41.06163231098968], [113.10292483623883, 41.06163231098968], [113.10292483623883, 41.06145264793285], [113.102745173182, 41.06145264793285], [113.102745173182, 41.061272984876034], [113.10238584706835, 41.061272984876034], [113.10238584706835, 41.06145264793285], [113.10220618401152, 41.06145264793285], [113.10220618401152, 41.061811974046506], [113.102745173182, 41.061811974046506], [113.102745173182, 41.061991637103326], [113.10256551012517, 41.061991637103326], [113.10256551012517, 41.06217130016015], [113.10220618401152, 41.06217130016015], [113.10220618401152, 41.06235096321697], [113.10184685789788, 41.06235096321697], [113.10184685789788, 41.06217130016015], [113.10166719484106, 41.06217130016015], [113.10166719484106, 41.062889952387444], [113.10184685789788, 41.062889952387444], [113.10184685789788, 41.06306961544427], [113.10202652095471, 41.06306961544427], [113.10202652095471, 41.0632492785011], [113.10220618401152, 41.0632492785011], [113.10220618401152, 41.06360860461474], [113.10094854261376, 41.06360860461474]], [[113.10148753178423, 41.06019500653509], [113.1013078687274, 41.06019500653509], [113.1013078687274, 41.06001534347826], [113.10148753178423, 41.06001534347826], [113.10148753178423, 41.06019500653509]], [[113.10256551012517, 41.060554332648735], [113.10238584706835, 41.060554332648735], [113.10238584706835, 41.06037466959191], [113.10256551012517, 41.06037466959191], [113.10256551012517, 41.060554332648735]], [[113.10094854261376, 41.06073399570556], [113.10076887955694, 41.06073399570556], [113.10076887955694, 41.060554332648735], [113.10094854261376, 41.060554332648735], [113.10094854261376, 41.06073399570556]], [[113.10148753178423, 41.06073399570556], [113.10112820567059, 41.06073399570556], [113.10112820567059, 41.06037466959191], [113.10148753178423, 41.06037466959191], [113.10148753178423, 41.06073399570556]], [[113.10202652095471, 41.06091365876238], [113.10184685789788, 41.06091365876238], [113.10184685789788, 41.06073399570556], [113.10202652095471, 41.06073399570556], [113.10202652095471, 41.06091365876238]], [[113.10184685789788, 41.061991637103326], [113.10166719484106, 41.061991637103326], [113.10166719484106, 41.061811974046506], [113.10184685789788, 41.061811974046506], [113.10184685789788, 41.061991637103326]], [[113.10148753178423, 41.062710289330624], [113.1013078687274, 41.062710289330624], [113.1013078687274, 41.0625306262738], [113.10148753178423, 41.0625306262738], [113.10148753178423, 41.062710289330624]], [[113.10184685789788, 41.063428941557916], [113.10148753178423, 41.063428941557916], [113.10148753178423, 41.0632492785011], [113.10166719484106, 41.0632492785011], [113.10166719484106, 41.06306961544427], [113.10184685789788, 41.06306961544427], [113.10184685789788, 41.063428941557916]]]}, "properties": {"name": "cand05", "ptype": "hall", "confidence": "low", "rank": 5, "area_ha": 7.0, "rise_db": 5.1, "digitised_from": "Sentinel-1 VV rise 2021->2026, orbit 40"}}, {"type": "Feature", "geometry": {"geodesic": false, "type": "Polygon", "coordinates": [[[113.14963723101305, 41.06666287658075], [113.14963723101305, 41.066483213523924], [113.14909824184257, 41.066483213523924], [113.14909824184257, 41.0663035504671], [113.14873891572891, 41.0663035504671], [113.14873891572891, 41.06612388741028], [113.14819992655845, 41.06612388741028], [113.14819992655845, 41.065584898239806], [113.14802026350162, 41.065584898239806], [113.14802026350162, 41.06540523518298], [113.14766093738798, 41.06540523518298], [113.14766093738798, 41.065584898239806], [113.14730161127433, 41.065584898239806], [113.14730161127433, 41.06522557212616], [113.14694228516068, 41.06522557212616], [113.14694228516068, 41.06504590906933], [113.14676262210385, 41.06504590906933], [113.14676262210385, 41.06486624601251], [113.14640329599021, 41.06486624601251], [113.14640329599021, 41.06468658295569], [113.14622363293338, 41.06468658295569], [113.14622363293338, 41.064327256842034], [113.14658295904704, 41.064327256842034], [113.14658295904704, 41.06450691989886], [113.14694228516068, 41.06450691989886], [113.14694228516068, 41.064327256842034], [113.14676262210385, 41.064327256842034], [113.14676262210385, 41.064147593785215], [113.14658295904704, 41.064147593785215], [113.14658295904704, 41.06396793072839], [113.1471219482175, 41.06396793072839], [113.1471219482175, 41.06378826767157], [113.14694228516068, 41.06378826767157], [113.14694228516068, 41.063428941557916], [113.14730161127433, 41.063428941557916], [113.14730161127433, 41.06360860461474], [113.14766093738798, 41.06360860461474], [113.14766093738798, 41.06378826767157], [113.14802026350162, 41.06378826767157], [113.14802026350162, 41.06396793072839], [113.14837958961527, 41.06396793072839], [113.14837958961527, 41.064147593785215], [113.1485592526721, 41.064147593785215], [113.1485592526721, 41.064327256842034], [113.14891857878574, 41.064327256842034], [113.14891857878574, 41.06450691989886], [113.14873891572891, 41.06450691989886], [113.14873891572891, 41.06468658295569], [113.14837958961527, 41.06468658295569], [113.14837958961527, 41.06504590906933], [113.1485592526721, 41.06504590906933], [113.1485592526721, 41.06486624601251], [113.14891857878574, 41.06486624601251], [113.14891857878574, 41.06468658295569], [113.14945756795622, 41.06468658295569], [113.14945756795622, 41.06450691989886], [113.14963723101305, 41.06450691989886], [113.14963723101305, 41.06468658295569], [113.14981689406986, 41.06468658295569], [113.14981689406986, 41.06504590906933], [113.15035588324034, 41.06504590906933], [113.15035588324034, 41.06522557212616], [113.15053554629716, 41.06522557212616], [113.15053554629716, 41.06540523518298], [113.15071520935398, 41.06540523518298], [113.15071520935398, 41.06576456129663], [113.15035588324034, 41.06576456129663], [113.15035588324034, 41.06594422435345], [113.15053554629716, 41.06594422435345], [113.15053554629716, 41.06612388741028], [113.14981689406986, 41.06612388741028], [113.14981689406986, 41.0663035504671], [113.14999655712668, 41.0663035504671], [113.14999655712668, 41.06666287658075], [113.14963723101305, 41.06666287658075]], [[113.14748127433116, 41.064147593785215], [113.1471219482175, 41.064147593785215], [113.1471219482175, 41.06396793072839], [113.14748127433116, 41.06396793072839], [113.14748127433116, 41.064147593785215]], [[113.14802026350162, 41.06450691989886], [113.14766093738798, 41.06450691989886], [113.14766093738798, 41.064327256842034], [113.14748127433116, 41.064327256842034], [113.14748127433116, 41.064147593785215], [113.1478406004448, 41.064147593785215], [113.1478406004448, 41.064327256842034], [113.14802026350162, 41.064327256842034], [113.14802026350162, 41.06450691989886]], [[113.14730161127433, 41.06468658295569], [113.14694228516068, 41.06468658295569], [113.14694228516068, 41.06450691989886], [113.14730161127433, 41.06450691989886], [113.14730161127433, 41.06468658295569]], [[113.14837958961527, 41.06468658295569], [113.14802026350162, 41.06468658295569], [113.14802026350162, 41.06450691989886], [113.14837958961527, 41.06450691989886], [113.14837958961527, 41.06468658295569]], [[113.1478406004448, 41.06504590906933], [113.14748127433116, 41.06504590906933], [113.14748127433116, 41.06486624601251], [113.14730161127433, 41.06486624601251], [113.14730161127433, 41.06468658295569], [113.14766093738798, 41.06468658295569], [113.14766093738798, 41.06486624601251], [113.1478406004448, 41.06486624601251], [113.1478406004448, 41.06504590906933]], [[113.14819992655845, 41.06540523518298], [113.14802026350162, 41.06540523518298], [113.14802026350162, 41.06504590906933], [113.14837958961527, 41.06504590906933], [113.14837958961527, 41.06522557212616], [113.14819992655845, 41.06522557212616], [113.14819992655845, 41.06540523518298]], [[113.14963723101305, 41.06540523518298], [113.14945756795622, 41.06540523518298], [113.14945756795622, 41.06522557212616], [113.14963723101305, 41.06522557212616], [113.14963723101305, 41.06540523518298]], [[113.14999655712668, 41.065584898239806], [113.14963723101305, 41.065584898239806], [113.14963723101305, 41.06540523518298], [113.14999655712668, 41.06540523518298], [113.14999655712668, 41.065584898239806]], [[113.14909824184257, 41.06576456129663], [113.14873891572891, 41.06576456129663], [113.14873891572891, 41.065584898239806], [113.1485592526721, 41.065584898239806], [113.1485592526721, 41.06540523518298], [113.14891857878574, 41.06540523518298], [113.14891857878574, 41.065584898239806], [113.14909824184257, 41.065584898239806], [113.14909824184257, 41.06576456129663]], [[113.15035588324034, 41.06576456129663], [113.15017622018351, 41.06576456129663], [113.15017622018351, 41.065584898239806], [113.15035588324034, 41.065584898239806], [113.15035588324034, 41.06576456129663]], [[113.14981689406986, 41.06612388741028], [113.14945756795622, 41.06612388741028], [113.14945756795622, 41.06594422435345], [113.14927790489939, 41.06594422435345], [113.14927790489939, 41.06576456129663], [113.14963723101305, 41.06576456129663], [113.14963723101305, 41.06594422435345], [113.14981689406986, 41.06594422435345], [113.14981689406986, 41.06612388741028]]]}, "properties": {"name": "cand06", "ptype": "hall", "confidence": "low", "rank": 6, "area_ha": 6.7, "rise_db": 11.5, "digitised_from": "Sentinel-1 VV rise 2021->2026, orbit 40"}}, {"type": "Feature", "geometry": {"geodesic": false, "type": "Polygon", "coordinates": [[[113.17155612394555, 41.04851690784153], [113.17155612394555, 41.047977918671066], [113.17101713477508, 41.047977918671066], [113.17101713477508, 41.048157581727885], [113.17065780866143, 41.048157581727885], [113.17065780866143, 41.04779825561424], [113.17029848254779, 41.04779825561424], [113.17029848254779, 41.04761859255741], [113.17011881949097, 41.04761859255741], [113.17011881949097, 41.04707960338694], [113.17029848254779, 41.04707960338694], [113.17029848254779, 41.04654061421647], [113.1704781456046, 41.04654061421647], [113.1704781456046, 41.04636095115965], [113.17065780866143, 41.04636095115965], [113.17065780866143, 41.04618128810282], [113.17119679783191, 41.04618128810282], [113.17119679783191, 41.046001625046], [113.17137646088874, 41.046001625046], [113.17137646088874, 41.045821961989176], [113.1719154500592, 41.045821961989176], [113.1719154500592, 41.046001625046], [113.17245443922968, 41.046001625046], [113.17245443922968, 41.04564229893235], [113.17317309145697, 41.04564229893235], [113.17317309145697, 41.045821961989176], [113.1733527545138, 41.045821961989176], [113.1733527545138, 41.046001625046], [113.17317309145697, 41.046001625046], [113.17317309145697, 41.04636095115965], [113.17209511311603, 41.04636095115965], [113.17209511311603, 41.04654061421647], [113.1719154500592, 41.04654061421647], [113.1719154500592, 41.04725926644377], [113.17227477617286, 41.04725926644377], [113.17227477617286, 41.04743892950059], [113.17245443922968, 41.04743892950059], [113.17245443922968, 41.04761859255741], [113.17227477617286, 41.04761859255741], [113.17227477617286, 41.04779825561424], [113.17209511311603, 41.04779825561424], [113.17209511311603, 41.047977918671066], [113.17227477617286, 41.047977918671066], [113.17227477617286, 41.048157581727885], [113.17209511311603, 41.048157581727885], [113.17209511311603, 41.04833724478471], [113.1719154500592, 41.04833724478471], [113.1719154500592, 41.04851690784153], [113.17155612394555, 41.04851690784153]]]}, "properties": {"name": "cand07", "ptype": "hall", "confidence": "low", "rank": 7, "area_ha": 5.5, "rise_db": 7.4, "digitised_from": "Sentinel-1 VV rise 2021->2026, orbit 40"}}, {"type": "Feature", "geometry": {"geodesic": false, "type": "Polygon", "coordinates": [[[113.16634589529767, 41.05157117980754], [113.16634589529767, 41.05139151675072], [113.16598656918401, 41.05139151675072], [113.16598656918401, 41.05121185369389], [113.16544758001355, 41.05121185369389], [113.16544758001355, 41.051032190637066], [113.16526791695672, 41.051032190637066], [113.16526791695672, 41.050313538409775], [113.1650882538999, 41.050313538409775], [113.1650882538999, 41.0497745492393], [113.16526791695672, 41.0497745492393], [113.16526791695672, 41.049594886182476], [113.16544758001355, 41.049594886182476], [113.16544758001355, 41.049415223125656], [113.16562724307036, 41.049415223125656], [113.16562724307036, 41.049594886182476], [113.16796286280908, 41.049594886182476], [113.16796286280908, 41.0497745492393], [113.16850185197954, 41.0497745492393], [113.16850185197954, 41.04995421229613], [113.16868151503637, 41.04995421229613], [113.16868151503637, 41.050313538409775], [113.16850185197954, 41.050313538409775], [113.16850185197954, 41.050493201466594], [113.16778319975225, 41.050493201466594], [113.16778319975225, 41.05013387535295], [113.16742387363861, 41.05013387535295], [113.16742387363861, 41.050313538409775], [113.16724421058179, 41.050313538409775], [113.16724421058179, 41.050493201466594], [113.16706454752496, 41.050493201466594], [113.16706454752496, 41.050313538409775], [113.16688488446813, 41.050313538409775], [113.16688488446813, 41.050493201466594], [113.1667052214113, 41.050493201466594], [113.1667052214113, 41.05067286452342], [113.16652555835448, 41.05067286452342], [113.16652555835448, 41.050493201466594], [113.16580690612719, 41.050493201466594], [113.16580690612719, 41.05085252758025], [113.16634589529767, 41.05085252758025], [113.16634589529767, 41.051032190637066], [113.16652555835448, 41.051032190637066], [113.16652555835448, 41.05121185369389], [113.16634589529767, 41.05121185369389], [113.16634589529767, 41.05139151675072], [113.1667052214113, 41.05139151675072], [113.1667052214113, 41.05157117980754], [113.16634589529767, 41.05157117980754]], [[113.1667052214113, 41.05013387535295], [113.16652555835448, 41.05013387535295], [113.16652555835448, 41.04995421229613], [113.1667052214113, 41.04995421229613], [113.1667052214113, 41.05013387535295]]]}, "properties": {"name": "cand08", "ptype": "hall", "confidence": "low", "rank": 8, "area_ha": 4.4, "rise_db": 9.2, "digitised_from": "Sentinel-1 VV rise 2021->2026, orbit 40"}}, {"type": "Feature", "geometry": {"geodesic": false, "type": "Polygon", "coordinates": [[[113.15897970996788, 41.049415223125656], [113.15897970996788, 41.049055897012], [113.15826105774059, 41.049055897012], [113.15826105774059, 41.048876233955184], [113.15808139468376, 41.048876233955184], [113.15808139468376, 41.04869657089836], [113.15826105774059, 41.04869657089836], [113.15826105774059, 41.04851690784153], [113.15790173162694, 41.04851690784153], [113.15790173162694, 41.04833724478471], [113.15772206857011, 41.04833724478471], [113.15772206857011, 41.04851690784153], [113.15736274245647, 41.04851690784153], [113.15736274245647, 41.049055897012], [113.15682375328599, 41.049055897012], [113.15682375328599, 41.048876233955184], [113.15664409022916, 41.048876233955184], [113.15664409022916, 41.04869657089836], [113.15646442717235, 41.04869657089836], [113.15646442717235, 41.048157581727885], [113.15628476411553, 41.048157581727885], [113.15628476411553, 41.04761859255741], [113.15646442717235, 41.04761859255741], [113.15646442717235, 41.04743892950059], [113.15664409022916, 41.04743892950059], [113.15664409022916, 41.04761859255741], [113.15682375328599, 41.04761859255741], [113.15682375328599, 41.04779825561424], [113.15718307939964, 41.04779825561424], [113.15718307939964, 41.04761859255741], [113.15736274245647, 41.04761859255741], [113.15736274245647, 41.04779825561424], [113.1575424055133, 41.04779825561424], [113.1575424055133, 41.047977918671066], [113.15772206857011, 41.047977918671066], [113.15772206857011, 41.04761859255741], [113.15790173162694, 41.04761859255741], [113.15790173162694, 41.04725926644377], [113.15880004691105, 41.04725926644377], [113.15880004691105, 41.04743892950059], [113.15897970996788, 41.04743892950059], [113.15897970996788, 41.04851690784153], [113.15880004691105, 41.04851690784153], [113.15880004691105, 41.04869657089836], [113.15897970996788, 41.04869657089836], [113.15897970996788, 41.049055897012], [113.1591593730247, 41.049055897012], [113.1591593730247, 41.049415223125656], [113.15897970996788, 41.049415223125656]], [[113.15826105774059, 41.048157581727885], [113.15808139468376, 41.048157581727885], [113.15808139468376, 41.047977918671066], [113.15826105774059, 41.047977918671066], [113.15826105774059, 41.048157581727885]], [[113.15772206857011, 41.04833724478471], [113.1575424055133, 41.04833724478471], [113.1575424055133, 41.048157581727885], [113.15772206857011, 41.048157581727885], [113.15772206857011, 41.04833724478471]]]}, "properties": {"name": "cand09", "ptype": "hall", "confidence": "low", "rank": 9, "area_ha": 4.1, "rise_db": 7.7, "digitised_from": "Sentinel-1 VV rise 2021->2026, orbit 40"}}, {"type": "Feature", "geometry": {"geodesic": false, "type": "Polygon", "coordinates": [[[113.09483999868175, 41.013841937874524], [113.09483999868175, 41.0136622748177], [113.09430100951127, 41.0136622748177], [113.09430100951127, 41.01348261176087], [113.09412134645446, 41.01348261176087], [113.09412134645446, 41.01330294870405], [113.0937620203408, 41.01330294870405], [113.0937620203408, 41.013123285647225], [113.09358235728398, 41.013123285647225], [113.09358235728398, 41.01330294870405], [113.09340269422715, 41.01330294870405], [113.09340269422715, 41.01348261176087], [113.09322303117034, 41.01348261176087], [113.09322303117034, 41.0136622748177], [113.09286370505669, 41.0136622748177], [113.09286370505669, 41.01348261176087], [113.09304336811351, 41.01348261176087], [113.09304336811351, 41.01258429647675], [113.09322303117034, 41.01258429647675], [113.09322303117034, 41.012404633419926], [113.09304336811351, 41.012404633419926], [113.09304336811351, 41.01222497036311], [113.09322303117034, 41.01222497036311], [113.09322303117034, 41.01204530730628], [113.0937620203408, 41.01204530730628], [113.0937620203408, 41.011685981192635], [113.09394168339763, 41.011685981192635], [113.09394168339763, 41.01150631813581], [113.09466033562492, 41.01150631813581], [113.09466033562492, 41.01132665507899], [113.09483999868175, 41.01132665507899], [113.09483999868175, 41.01150631813581], [113.09501966173858, 41.01150631813581], [113.09501966173858, 41.01204530730628], [113.09483999868175, 41.01204530730628], [113.09483999868175, 41.012404633419926], [113.09466033562492, 41.012404633419926], [113.09466033562492, 41.0129436225904], [113.09483999868175, 41.0129436225904], [113.09483999868175, 41.013123285647225], [113.09466033562492, 41.013123285647225], [113.09466033562492, 41.01330294870405], [113.09483999868175, 41.01330294870405], [113.09483999868175, 41.01348261176087], [113.09501966173858, 41.01348261176087], [113.09501966173858, 41.01330294870405], [113.09555865090904, 41.01330294870405], [113.09555865090904, 41.0136622748177], [113.0951993247954, 41.0136622748177], [113.0951993247954, 41.013841937874524], [113.09483999868175, 41.013841937874524]], [[113.09394168339763, 41.01222497036311], [113.0937620203408, 41.01222497036311], [113.0937620203408, 41.01204530730628], [113.09394168339763, 41.01204530730628], [113.09394168339763, 41.01222497036311]], [[113.0944806725681, 41.012404633419926], [113.09412134645446, 41.012404633419926], [113.09412134645446, 41.01222497036311], [113.0944806725681, 41.01222497036311], [113.0944806725681, 41.012404633419926]]]}, "properties": {"name": "cand10", "ptype": "hall", "confidence": "low", "rank": 10, "area_ha": 4.0, "rise_db": 7.0, "digitised_from": "Sentinel-1 VV rise 2021->2026, orbit 40"}}, {"type": "Feature", "geometry": {"geodesic": false, "type": "Polygon", "coordinates": [[[113.09268404199986, 41.040072744170814], [113.09268404199986, 41.03989308111399], [113.0923247158862, 41.03989308111399], [113.0923247158862, 41.03971341805716], [113.09250437894303, 41.03971341805716], [113.09250437894303, 41.03953375500034], [113.09304336811351, 41.03953375500034], [113.09304336811351, 41.039354091943515], [113.09322303117034, 41.039354091943515], [113.09322303117034, 41.03917442888669], [113.09268404199986, 41.03917442888669], [113.09268404199986, 41.03881510277304], [113.09178572671574, 41.03881510277304], [113.09178572671574, 41.03899476582987], [113.09160606365892, 41.03899476582987], [113.09160606365892, 41.03917442888669], [113.09106707448845, 41.03917442888669], [113.09106707448845, 41.03881510277304], [113.09088741143162, 41.03881510277304], [113.09088741143162, 41.03863543971622], [113.0907077483748, 41.03863543971622], [113.0907077483748, 41.0384557766594], [113.09052808531797, 41.0384557766594], [113.09052808531797, 41.03863543971622], [113.09034842226114, 41.03863543971622], [113.09034842226114, 41.0384557766594], [113.09016875920433, 41.0384557766594], [113.09016875920433, 41.038096450545744], [113.09034842226114, 41.038096450545744], [113.09034842226114, 41.037916787488925], [113.0907077483748, 41.037916787488925], [113.0907077483748, 41.0377371244321], [113.09088741143162, 41.0377371244321], [113.09088741143162, 41.03755746137528], [113.09106707448845, 41.03755746137528], [113.09106707448845, 41.037916787488925], [113.0907077483748, 41.037916787488925], [113.0907077483748, 41.03827611360257], [113.0921450528294, 41.03827611360257], [113.0921450528294, 41.0384557766594], [113.0937620203408, 41.0384557766594], [113.0937620203408, 41.03863543971622], [113.09394168339763, 41.03863543971622], [113.09394168339763, 41.03917442888669], [113.0937620203408, 41.03917442888669], [113.0937620203408, 41.03953375500034], [113.09358235728398, 41.03953375500034], [113.09358235728398, 41.03989308111399], [113.09340269422715, 41.03989308111399], [113.09340269422715, 41.040072744170814], [113.09268404199986, 41.040072744170814]]]}, "properties": {"name": "cand11", "ptype": "hall", "confidence": "low", "rank": 11, "area_ha": 4.0, "rise_db": 7.3, "digitised_from": "Sentinel-1 VV rise 2021->2026, orbit 40"}}, {"type": "Feature", "geometry": {"geodesic": false, "type": "Polygon", "coordinates": [[[113.188444451287, 41.07870030138795], [113.188444451287, 41.07852063833113], [113.18808512517336, 41.07852063833113], [113.18808512517336, 41.0783409752743], [113.18754613600288, 41.0783409752743], [113.18754613600288, 41.07816131221748], [113.18718680988924, 41.07816131221748], [113.18718680988924, 41.077981649160655], [113.18664782071876, 41.077981649160655], [113.18664782071876, 41.07780198610383], [113.1861088315483, 41.07780198610383], [113.1861088315483, 41.07762232304701], [113.18574950543464, 41.07762232304701], [113.18574950543464, 41.07744265999018], [113.18521051626418, 41.07744265999018], [113.18521051626418, 41.07726299693336], [113.18485119015052, 41.07726299693336], [113.18485119015052, 41.07708333387654], [113.18449186403687, 41.07708333387654], [113.18449186403687, 41.07690367081971], [113.18413253792323, 41.07690367081971], [113.18413253792323, 41.076724007762884], [113.18341388569593, 41.076724007762884], [113.18341388569593, 41.076544344706065], [113.18305455958229, 41.076544344706065], [113.18305455958229, 41.07636468164924], [113.18251557041181, 41.07636468164924], [113.18251557041181, 41.07618501859242], [113.18197658124134, 41.07618501859242], [113.18197658124134, 41.07600535553559], [113.18179691818452, 41.07600535553559], [113.18179691818452, 41.075825692478766], [113.18161725512769, 41.075825692478766], [113.18161725512769, 41.07564602942195], [113.18215624429817, 41.07564602942195], [113.18215624429817, 41.075825692478766], [113.18269523346864, 41.075825692478766], [113.18269523346864, 41.07600535553559], [113.18323422263911, 41.07600535553559], [113.18323422263911, 41.07618501859242], [113.18359354875275, 41.07618501859242], [113.18359354875275, 41.07636468164924], [113.1839528748664, 41.07636468164924], [113.1839528748664, 41.076544344706065], [113.18449186403687, 41.076544344706065], [113.18449186403687, 41.076724007762884], [113.18485119015052, 41.076724007762884], [113.18485119015052, 41.07690367081971], [113.18539017932099, 41.07690367081971], [113.18539017932099, 41.07708333387654], [113.18592916849147, 41.07708333387654], [113.18592916849147, 41.07726299693336], [113.18646815766193, 41.07726299693336], [113.18646815766193, 41.07744265999018], [113.18682748377559, 41.07744265999018], [113.18682748377559, 41.07762232304701], [113.18736647294605, 41.07762232304701], [113.18736647294605, 41.07780198610383], [113.1877257990597, 41.07780198610383], [113.1877257990597, 41.077981649160655], [113.18808512517336, 41.077981649160655], [113.18808512517336, 41.07816131221748], [113.18898344045748, 41.07816131221748], [113.18898344045748, 41.0783409752743], [113.1891631035143, 41.0783409752743], [113.1891631035143, 41.07852063833113], [113.18934276657112, 41.07852063833113], [113.18934276657112, 41.07870030138795], [113.188444451287, 41.07870030138795]]]}, "properties": {"name": "cand12", "ptype": "hall", "confidence": "low", "rank": 12, "area_ha": 3.9, "rise_db": 6.8, "digitised_from": "Sentinel-1 VV rise 2021->2026, orbit 40"}}, {"type": "Feature", "geometry": {"geodesic": false, "type": "Polygon", "coordinates": [[[113.16832218892273, 41.05282882120531], [113.16832218892273, 41.05246949509166], [113.16850185197954, 41.05246949509166], [113.16850185197954, 41.05157117980754], [113.16796286280908, 41.05157117980754], [113.16796286280908, 41.051750842864365], [113.16778319975225, 41.051750842864365], [113.16778319975225, 41.05157117980754], [113.16742387363861, 41.05157117980754], [113.16742387363861, 41.051032190637066], [113.16760353669542, 41.051032190637066], [113.16760353669542, 41.05085252758025], [113.16778319975225, 41.05085252758025], [113.16778319975225, 41.051032190637066], [113.16850185197954, 41.051032190637066], [113.16850185197954, 41.05139151675072], [113.16904084115002, 41.05139151675072], [113.16904084115002, 41.05121185369389], [113.16922050420685, 41.05121185369389], [113.16922050420685, 41.051750842864365], [113.16940016726367, 41.051750842864365], [113.16940016726367, 41.05193050592119], [113.16957983032049, 41.05193050592119], [113.16957983032049, 41.051750842864365], [113.16975949337731, 41.051750842864365], [113.16975949337731, 41.05139151675072], [113.16957983032049, 41.05139151675072], [113.16957983032049, 41.05121185369389], [113.16975949337731, 41.05121185369389], [113.16975949337731, 41.05085252758025], [113.16993915643414, 41.05085252758025], [113.16993915643414, 41.05067286452342], [113.17029848254779, 41.05067286452342], [113.17029848254779, 41.05085252758025], [113.17065780866143, 41.05085252758025], [113.17065780866143, 41.05139151675072], [113.16993915643414, 41.05139151675072], [113.16993915643414, 41.051750842864365], [113.17011881949097, 41.051750842864365], [113.17011881949097, 41.05193050592119], [113.17029848254779, 41.05193050592119], [113.17029848254779, 41.05228983203484], [113.16940016726367, 41.05228983203484], [113.16940016726367, 41.05246949509166], [113.16922050420685, 41.05246949509166], [113.16922050420685, 41.05228983203484], [113.16904084115002, 41.05228983203484], [113.16904084115002, 41.05246949509166], [113.1688611780932, 41.05246949509166], [113.1688611780932, 41.05264915814848], [113.16868151503637, 41.05264915814848], [113.16868151503637, 41.05282882120531], [113.16832218892273, 41.05282882120531]]]}, "properties": {"name": "cand13", "ptype": "hall", "confidence": "low", "rank": 13, "area_ha": 3.4, "rise_db": 7.3, "digitised_from": "Sentinel-1 VV rise 2021->2026, orbit 40"}}, {"type": "Feature", "geometry": {"geodesic": false, "type": "Polygon", "coordinates": [[[113.12556238139864, 41.046001625046], [113.12556238139864, 41.045821961989176], [113.12538271834181, 41.045821961989176], [113.12538271834181, 41.04564229893235], [113.12556238139864, 41.04564229893235], [113.12556238139864, 41.04546263587553], [113.12574204445546, 41.04546263587553], [113.12574204445546, 41.04474398364823], [113.12592170751229, 41.04474398364823], [113.12592170751229, 41.04402533142094], [113.12574204445546, 41.04402533142094], [113.12574204445546, 41.04366600530729], [113.12592170751229, 41.04366600530729], [113.12592170751229, 41.04384566836411], [113.1261013705691, 41.04384566836411], [113.1261013705691, 41.04402533142094], [113.12628103362593, 41.04402533142094], [113.12628103362593, 41.04384566836411], [113.12646069668276, 41.04384566836411], [113.12646069668276, 41.04366600530729], [113.12682002279641, 41.04366600530729], [113.12682002279641, 41.04384566836411], [113.12699968585322, 41.04384566836411], [113.12699968585322, 41.04402533142094], [113.12717934891005, 41.04402533142094], [113.12717934891005, 41.044384657534586], [113.1275386750237, 41.044384657534586], [113.1275386750237, 41.04474398364823], [113.12735901196687, 41.04474398364823], [113.12735901196687, 41.04492364670506], [113.12717934891005, 41.04492364670506], [113.12717934891005, 41.04510330976188], [113.12699968585322, 41.04510330976188], [113.12699968585322, 41.045282972818704], [113.12682002279641, 41.045282972818704], [113.12682002279641, 41.04546263587553], [113.12646069668276, 41.04546263587553], [113.12646069668276, 41.04564229893235], [113.12664035973958, 41.04564229893235], [113.12664035973958, 41.045821961989176], [113.12646069668276, 41.045821961989176], [113.12646069668276, 41.046001625046], [113.12556238139864, 41.046001625046]], [[113.12664035973958, 41.044384657534586], [113.12628103362593, 41.044384657534586], [113.12628103362593, 41.04402533142094], [113.12646069668276, 41.04402533142094], [113.12646069668276, 41.04420499447776], [113.12664035973958, 41.04420499447776], [113.12664035973958, 41.044384657534586]]]}, "properties": {"name": "cand14", "ptype": "hall", "confidence": "low", "rank": 14, "area_ha": 3.4, "rise_db": 7.7, "digitised_from": "Sentinel-1 VV rise 2021->2026, orbit 40"}}, {"type": "Feature", "geometry": {"geodesic": false, "type": "Polygon", "coordinates": [[[113.14119306734231, 41.02102846014748], [113.14119306734231, 41.02084879709065], [113.14101340428549, 41.02084879709065], [113.14101340428549, 41.020489470977004], [113.14083374122866, 41.020489470977004], [113.14083374122866, 41.01941149263606], [113.14065407817185, 41.01941149263606], [113.14065407817185, 41.01923182957924], [113.14047441511502, 41.01923182957924], [113.14047441511502, 41.01851317735194], [113.14065407817185, 41.01851317735194], [113.14065407817185, 41.018333514295115], [113.14119306734231, 41.018333514295115], [113.14119306734231, 41.01851317735194], [113.14155239345597, 41.01851317735194], [113.14155239345597, 41.01869284040877], [113.1419117195696, 41.01869284040877], [113.1419117195696, 41.01887250346559], [113.14209138262643, 41.01887250346559], [113.14209138262643, 41.019052166522414], [113.14227104568326, 41.019052166522414], [113.14227104568326, 41.01923182957924], [113.14245070874009, 41.01923182957924], [113.14245070874009, 41.01941149263606], [113.14155239345597, 41.01941149263606], [113.14155239345597, 41.02013014486336], [113.14137273039914, 41.02013014486336], [113.14137273039914, 41.020489470977004], [113.14155239345597, 41.020489470977004], [113.14155239345597, 41.02084879709065], [113.14137273039914, 41.02084879709065], [113.14137273039914, 41.02102846014748], [113.14119306734231, 41.02102846014748]], [[113.14155239345597, 41.01941149263606], [113.14137273039914, 41.01941149263606], [113.14137273039914, 41.01923182957924], [113.14155239345597, 41.01923182957924], [113.14155239345597, 41.01941149263606]]]}, "properties": {"name": "cand15", "ptype": "hall", "confidence": "low", "rank": 15, "area_ha": 3.0, "rise_db": 7.7, "digitised_from": "Sentinel-1 VV rise 2021->2026, orbit 40"}}, {"type": "Feature", "geometry": {"geodesic": false, "type": "Polygon", "coordinates": [[[113.14281003485372, 41.019591155692886], [113.14281003485372, 41.019052166522414], [113.14316936096738, 41.019052166522414], [113.14316936096738, 41.01887250346559], [113.14388801319467, 41.01887250346559], [113.14388801319467, 41.01869284040877], [113.14424733930832, 41.01869284040877], [113.14424733930832, 41.01851317735194], [113.14442700236515, 41.01851317735194], [113.14442700236515, 41.018333514295115], [113.14424733930832, 41.018333514295115], [113.14424733930832, 41.018153851238296], [113.1440676762515, 41.018153851238296], [113.1440676762515, 41.01779452512465], [113.14388801319467, 41.01779452512465], [113.14388801319467, 41.01761486206782], [113.1440676762515, 41.01761486206782], [113.1440676762515, 41.017435199011], [113.14424733930832, 41.017435199011], [113.14424733930832, 41.01761486206782], [113.14442700236515, 41.01761486206782], [113.14442700236515, 41.01797418818147], [113.14460666542197, 41.01797418818147], [113.14460666542197, 41.018333514295115], [113.14478632847879, 41.018333514295115], [113.14478632847879, 41.01851317735194], [113.14496599153561, 41.01851317735194], [113.14496599153561, 41.018333514295115], [113.14514565459244, 41.018333514295115], [113.14514565459244, 41.018153851238296], [113.14532531764927, 41.018153851238296], [113.14532531764927, 41.01797418818147], [113.1455049807061, 41.01797418818147], [113.1455049807061, 41.01779452512465], [113.14568464376292, 41.01779452512465], [113.14568464376292, 41.01797418818147], [113.14622363293338, 41.01797418818147], [113.14622363293338, 41.018333514295115], [113.14604396987656, 41.018333514295115], [113.14604396987656, 41.01851317735194], [113.1455049807061, 41.01851317735194], [113.1455049807061, 41.01869284040877], [113.14532531764927, 41.01869284040877], [113.14532531764927, 41.01887250346559], [113.14460666542197, 41.01887250346559], [113.14460666542197, 41.019052166522414], [113.1440676762515, 41.019052166522414], [113.1440676762515, 41.01923182957924], [113.14352868708103, 41.01923182957924], [113.14352868708103, 41.01941149263606], [113.1433490240242, 41.01941149263606], [113.1433490240242, 41.019591155692886], [113.14281003485372, 41.019591155692886]]]}, "properties": {"name": "cand16", "ptype": "hall", "confidence": "low", "rank": 16, "area_ha": 2.7, "rise_db": 6.6, "digitised_from": "Sentinel-1 VV rise 2021->2026, orbit 40"}}, {"type": "Feature", "geometry": {"geodesic": false, "type": "Polygon", "coordinates": [[[113.11424360881873, 41.01869284040877], [113.11424360881873, 41.01851317735194], [113.11370461964826, 41.01851317735194], [113.11370461964826, 41.01779452512465], [113.11388428270509, 41.01779452512465], [113.11388428270509, 41.01761486206782], [113.11406394576191, 41.01761486206782], [113.11406394576191, 41.017435199011], [113.11442327187555, 41.017435199011], [113.11442327187555, 41.01725553595418], [113.11460293493238, 41.01725553595418], [113.11460293493238, 41.01707587289735], [113.1147825979892, 41.01707587289735], [113.1147825979892, 41.016896209840525], [113.11496226104603, 41.016896209840525], [113.11496226104603, 41.016716546783705], [113.1155012502165, 41.016716546783705], [113.1155012502165, 41.01707587289735], [113.11532158715967, 41.01707587289735], [113.11532158715967, 41.01725553595418], [113.11514192410284, 41.01725553595418], [113.11514192410284, 41.01761486206782], [113.11496226104603, 41.01761486206782], [113.11496226104603, 41.018153851238296], [113.11514192410284, 41.018153851238296], [113.11514192410284, 41.018333514295115], [113.11496226104603, 41.018333514295115], [113.11496226104603, 41.01869284040877], [113.11424360881873, 41.01869284040877]]]}, "properties": {"name": "cand17", "ptype": "hall", "confidence": "low", "rank": 17, "area_ha": 2.4, "rise_db": 7.5, "digitised_from": "Sentinel-1 VV rise 2021->2026, orbit 40"}}, {"type": "Feature", "geometry": {"geodesic": false, "type": "Polygon", "coordinates": [[[113.16688488446813, 41.07313074662641], [113.16688488446813, 41.072951083569585], [113.1667052214113, 41.072951083569585], [113.1667052214113, 41.07277142051276], [113.16616623224084, 41.07277142051276], [113.16616623224084, 41.07259175745594], [113.16580690612719, 41.07259175745594], [113.16580690612719, 41.07223243134229], [113.16562724307036, 41.07223243134229], [113.16562724307036, 41.07205276828547], [113.16544758001355, 41.07205276828547], [113.16544758001355, 41.071513779114994], [113.16562724307036, 41.071513779114994], [113.16562724307036, 41.07133411605817], [113.16616623224084, 41.07133411605817], [113.16616623224084, 41.071513779114994], [113.16634589529767, 41.071513779114994], [113.16634589529767, 41.07169344217182], [113.16688488446813, 41.07169344217182], [113.16688488446813, 41.07187310522864], [113.16760353669542, 41.07187310522864], [113.16760353669542, 41.07205276828547], [113.16742387363861, 41.07205276828547], [113.16742387363861, 41.07223243134229], [113.16778319975225, 41.07223243134229], [113.16778319975225, 41.07241209439911], [113.16742387363861, 41.07241209439911], [113.16742387363861, 41.07223243134229], [113.16706454752496, 41.07223243134229], [113.16706454752496, 41.07241209439911], [113.16688488446813, 41.07241209439911], [113.16688488446813, 41.07277142051276], [113.16742387363861, 41.07277142051276], [113.16742387363861, 41.072951083569585], [113.16706454752496, 41.072951083569585], [113.16706454752496, 41.07313074662641], [113.16688488446813, 41.07313074662641]], [[113.16616623224084, 41.07223243134229], [113.16598656918401, 41.07223243134229], [113.16598656918401, 41.07205276828547], [113.16616623224084, 41.07205276828547], [113.16616623224084, 41.07223243134229]], [[113.16688488446813, 41.07241209439911], [113.1667052214113, 41.07241209439911], [113.1667052214113, 41.07223243134229], [113.16688488446813, 41.07223243134229], [113.16688488446813, 41.07241209439911]]]}, "properties": {"name": "cand18", "ptype": "hall", "confidence": "low", "rank": 18, "area_ha": 2.4, "rise_db": 11.5, "digitised_from": "Sentinel-1 VV rise 2021->2026, orbit 40"}}, {"type": "Feature", "geometry": {"geodesic": false, "type": "Polygon", "coordinates": [[[113.14837958961527, 41.05642208234178], [113.14837958961527, 41.05624241928496], [113.14802026350162, 41.05624241928496], [113.14802026350162, 41.05606275622814], [113.1478406004448, 41.05606275622814], [113.1478406004448, 41.05570343011449], [113.14802026350162, 41.05570343011449], [113.14802026350162, 41.055523767057664], [113.14927790489939, 41.055523767057664], [113.14927790489939, 41.055344104000845], [113.14981689406986, 41.055344104000845], [113.14981689406986, 41.055523767057664], [113.14999655712668, 41.055523767057664], [113.14999655712668, 41.05588309317132], [113.14981689406986, 41.05588309317132], [113.14981689406986, 41.05642208234178], [113.14837958961527, 41.05642208234178]]]}, "properties": {"name": "cand19", "ptype": "hall", "confidence": "low", "rank": 19, "area_ha": 2.2, "rise_db": 9.9, "digitised_from": "Sentinel-1 VV rise 2021->2026, orbit 40"}}, {"type": "Feature", "geometry": {"geodesic": false, "type": "Polygon", "coordinates": [[[113.15664409022916, 41.08103592112666], [113.15664409022916, 41.080856258069836], [113.15628476411553, 41.080856258069836], [113.15628476411553, 41.08103592112666], [113.1561051010587, 41.08103592112666], [113.1561051010587, 41.080856258069836], [113.15592543800187, 41.080856258069836], [113.15592543800187, 41.08067659501301], [113.15574577494505, 41.08067659501301], [113.15574577494505, 41.08049693195619], [113.15520678577458, 41.08049693195619], [113.15520678577458, 41.08067659501301], [113.15484745966093, 41.08067659501301], [113.15484745966093, 41.080137605842545], [113.15502712271775, 41.080137605842545], [113.15502712271775, 41.07995794278572], [113.15520678577458, 41.07995794278572], [113.15520678577458, 41.080137605842545], [113.15592543800187, 41.080137605842545], [113.15592543800187, 41.07995794278572], [113.15700341634282, 41.07995794278572], [113.15700341634282, 41.080137605842545], [113.15718307939964, 41.080137605842545], [113.15718307939964, 41.08067659501301], [113.15736274245647, 41.08067659501301], [113.15736274245647, 41.080856258069836], [113.15718307939964, 41.080856258069836], [113.15718307939964, 41.08103592112666], [113.15664409022916, 41.08103592112666]]]}, "properties": {"name": "cand20", "ptype": "hall", "confidence": "low", "rank": 20, "area_ha": 2.2, "rise_db": 9.0, "digitised_from": "Sentinel-1 VV rise 2021->2026, orbit 40"}}, {"type": "Feature", "geometry": {"geodesic": false, "type": "Polygon", "coordinates": [[[113.15969836219517, 41.0422287008527], [113.15969836219517, 41.04204903779588], [113.15862038385423, 41.04204903779588], [113.15862038385423, 41.0422287008527], [113.15844072079742, 41.0422287008527], [113.15844072079742, 41.041689711682224], [113.15826105774059, 41.041689711682224], [113.15826105774059, 41.04133038556858], [113.15808139468376, 41.04133038556858], [113.15808139468376, 41.04115072251175], [113.15880004691105, 41.04115072251175], [113.15880004691105, 41.04097105945493], [113.1591593730247, 41.04097105945493], [113.1591593730247, 41.04133038556858], [113.15933903608153, 41.04133038556858], [113.15933903608153, 41.04115072251175], [113.15951869913836, 41.04115072251175], [113.15951869913836, 41.04133038556858], [113.16041701442248, 41.04133038556858], [113.16041701442248, 41.041510048625405], [113.16023735136565, 41.041510048625405], [113.16023735136565, 41.041689711682224], [113.16005768830883, 41.041689711682224], [113.16005768830883, 41.04204903779588], [113.159878025252, 41.04204903779588], [113.159878025252, 41.0422287008527], [113.15969836219517, 41.0422287008527]]]}, "properties": {"name": "cand21", "ptype": "hall", "confidence": "low", "rank": 21, "area_ha": 2.1, "rise_db": 7.5, "digitised_from": "Sentinel-1 VV rise 2021->2026, orbit 40"}}, {"type": "Feature", "geometry": {"geodesic": false, "type": "Polygon", "coordinates": [[[113.17425106979792, 41.06037466959191], [113.17425106979792, 41.06001534347826], [113.17407140674109, 41.06001534347826], [113.17407140674109, 41.059117028194144], [113.17425106979792, 41.059117028194144], [113.17425106979792, 41.0587577020805], [113.17461039591156, 41.0587577020805], [113.17461039591156, 41.05857803902367], [113.17514938508204, 41.05857803902367], [113.17514938508204, 41.05893736513732], [113.17532904813886, 41.05893736513732], [113.17532904813886, 41.05965601736462], [113.17514938508204, 41.05965601736462], [113.17514938508204, 41.06001534347826], [113.17496972202521, 41.06001534347826], [113.17496972202521, 41.06019500653509], [113.17443073285474, 41.06019500653509], [113.17443073285474, 41.06037466959191], [113.17425106979792, 41.06037466959191]]]}, "properties": {"name": "cand22", "ptype": "hall", "confidence": "low", "rank": 22, "area_ha": 2.1, "rise_db": 15.2, "digitised_from": "Sentinel-1 VV rise 2021->2026, orbit 40"}}, {"type": "Feature", "geometry": {"geodesic": false, "type": "Polygon", "coordinates": [[[113.14586430681973, 41.064147593785215], [113.14586430681973, 41.06378826767157], [113.14568464376292, 41.06378826767157], [113.14568464376292, 41.06360860461474], [113.14532531764927, 41.06360860461474], [113.14532531764927, 41.06378826767157], [113.1455049807061, 41.06378826767157], [113.1455049807061, 41.06396793072839], [113.14568464376292, 41.06396793072839], [113.14568464376292, 41.064147593785215], [113.14514565459244, 41.064147593785215], [113.14514565459244, 41.06396793072839], [113.14478632847879, 41.06396793072839], [113.14478632847879, 41.06378826767157], [113.14442700236515, 41.06378826767157], [113.14442700236515, 41.063428941557916], [113.14496599153561, 41.063428941557916], [113.14496599153561, 41.0632492785011], [113.14514565459244, 41.0632492785011], [113.14514565459244, 41.06306961544427], [113.14532531764927, 41.06306961544427], [113.14532531764927, 41.062889952387444], [113.1455049807061, 41.062889952387444], [113.1455049807061, 41.062710289330624], [113.14604396987656, 41.062710289330624], [113.14604396987656, 41.062889952387444], [113.14622363293338, 41.062889952387444], [113.14622363293338, 41.06306961544427], [113.14658295904704, 41.06306961544427], [113.14658295904704, 41.0632492785011], [113.14676262210385, 41.0632492785011], [113.14676262210385, 41.06360860461474], [113.14640329599021, 41.06360860461474], [113.14640329599021, 41.06396793072839], [113.14622363293338, 41.06396793072839], [113.14622363293338, 41.064147593785215], [113.14586430681973, 41.064147593785215]], [[113.14586430681973, 41.0632492785011], [113.14532531764927, 41.0632492785011], [113.14532531764927, 41.06306961544427], [113.14586430681973, 41.06306961544427], [113.14586430681973, 41.0632492785011]], [[113.14622363293338, 41.063428941557916], [113.14586430681973, 41.063428941557916], [113.14586430681973, 41.0632492785011], [113.14622363293338, 41.0632492785011], [113.14622363293338, 41.063428941557916]], [[113.14532531764927, 41.06360860461474], [113.14496599153561, 41.06360860461474], [113.14496599153561, 41.063428941557916], [113.14532531764927, 41.063428941557916], [113.14532531764927, 41.06360860461474]], [[113.14640329599021, 41.06360860461474], [113.14622363293338, 41.06360860461474], [113.14622363293338, 41.063428941557916], [113.14640329599021, 41.063428941557916], [113.14640329599021, 41.06360860461474]]]}, "properties": {"name": "cand23", "ptype": "hall", "confidence": "low", "rank": 23, "area_ha": 2.1, "rise_db": 8.3, "digitised_from": "Sentinel-1 VV rise 2021->2026, orbit 40"}}, {"type": "Feature", "geometry": {"geodesic": false, "type": "Polygon", "coordinates": [[[113.18053927678675, 41.01150631813581], [113.18053927678675, 41.01132665507899], [113.18035961372993, 41.01132665507899], [113.18035961372993, 41.01114699202216], [113.18000028761628, 41.01114699202216], [113.18000028761628, 41.010967328965336], [113.17982062455945, 41.010967328965336], [113.17982062455945, 41.010248676738044], [113.18017995067311, 41.010248676738044], [113.18017995067311, 41.00970968756757], [113.1808986029004, 41.00970968756757], [113.1808986029004, 41.01042833979486], [113.18107826595723, 41.01042833979486], [113.18107826595723, 41.01060800285169], [113.18125792901405, 41.01060800285169], [113.18125792901405, 41.010787665908516], [113.18107826595723, 41.010787665908516], [113.18107826595723, 41.01150631813581], [113.18053927678675, 41.01150631813581]], [[113.1808986029004, 41.01114699202216], [113.18035961372993, 41.01114699202216], [113.18035961372993, 41.010787665908516], [113.18053927678675, 41.010787665908516], [113.18053927678675, 41.010967328965336], [113.1808986029004, 41.010967328965336], [113.1808986029004, 41.01114699202216]]]}, "properties": {"name": "cand24", "ptype": "hall", "confidence": "low", "rank": 24, "area_ha": 2.0, "rise_db": 5.5, "digitised_from": "Sentinel-1 VV rise 2021->2026, orbit 40"}}, {"type": "Feature", "geometry": {"geodesic": false, "type": "Polygon", "coordinates": [[[113.21449559452647, 41.029113297704555], [113.21449559452647, 41.02893363464773], [113.213956605356, 41.02893363464773], [113.213956605356, 41.0287539715909], [113.21359727924235, 41.0287539715909], [113.21359727924235, 41.02821498242043], [113.21377694229918, 41.02821498242043], [113.21377694229918, 41.027855656306784], [113.2146752575833, 41.027855656306784], [113.2146752575833, 41.02803531936361], [113.21485492064012, 41.02803531936361], [113.21485492064012, 41.02821498242043], [113.2146752575833, 41.02821498242043], [113.2146752575833, 41.02857430853408], [113.21503458369693, 41.02857430853408], [113.21503458369693, 41.0287539715909], [113.21557357286741, 41.0287539715909], [113.21557357286741, 41.029113297704555], [113.21449559452647, 41.029113297704555]]]}, "properties": {"name": "cand25", "ptype": "hall", "confidence": "low", "rank": 25, "area_ha": 1.8, "rise_db": 7.5, "digitised_from": "Sentinel-1 VV rise 2021->2026, orbit 40"}}, {"type": "Feature", "geometry": {"geodesic": false, "type": "Polygon", "coordinates": [[[113.15430847049046, 41.04833724478471], [113.15430847049046, 41.048157581727885], [113.15412880743364, 41.048157581727885], [113.15412880743364, 41.04779825561424], [113.15376948131998, 41.04779825561424], [113.15376948131998, 41.04761859255741], [113.15394914437681, 41.04761859255741], [113.15394914437681, 41.04743892950059], [113.15412880743364, 41.04743892950059], [113.15412880743364, 41.04689994033012], [113.15430847049046, 41.04689994033012], [113.15430847049046, 41.046720277273295], [113.15484745966093, 41.046720277273295], [113.15484745966093, 41.04689994033012], [113.15502712271775, 41.04689994033012], [113.15502712271775, 41.046720277273295], [113.15556611188823, 41.046720277273295], [113.15556611188823, 41.04725926644377], [113.15520678577458, 41.04725926644377], [113.15520678577458, 41.04743892950059], [113.15502712271775, 41.04743892950059], [113.15502712271775, 41.04761859255741], [113.15484745966093, 41.04761859255741], [113.15484745966093, 41.047977918671066], [113.1546677966041, 41.047977918671066], [113.1546677966041, 41.048157581727885], [113.15448813354729, 41.048157581727885], [113.15448813354729, 41.04833724478471], [113.15430847049046, 41.04833724478471]], [[113.15520678577458, 41.04707960338694], [113.15502712271775, 41.04707960338694], [113.15502712271775, 41.04689994033012], [113.15520678577458, 41.04689994033012], [113.15520678577458, 41.04707960338694]], [[113.15484745966093, 41.04743892950059], [113.1546677966041, 41.04743892950059], [113.1546677966041, 41.04725926644377], [113.15484745966093, 41.04725926644377], [113.15484745966093, 41.04743892950059]]]}, "properties": {"name": "cand26", "ptype": "hall", "confidence": "low", "rank": 26, "area_ha": 1.8, "rise_db": 8.6, "digitised_from": "Sentinel-1 VV rise 2021->2026, orbit 40"}}, {"type": "Feature", "geometry": {"geodesic": false, "type": "Polygon", "coordinates": [[[113.15071520935398, 41.080856258069836], [113.15071520935398, 41.08049693195619], [113.15053554629716, 41.08049693195619], [113.15053554629716, 41.080317268899364], [113.15035588324034, 41.080317268899364], [113.15035588324034, 41.080137605842545], [113.15017622018351, 41.080137605842545], [113.15017622018351, 41.07995794278572], [113.14981689406986, 41.07995794278572], [113.14981689406986, 41.080317268899364], [113.14963723101305, 41.080317268899364], [113.14963723101305, 41.080137605842545], [113.14945756795622, 41.080137605842545], [113.14945756795622, 41.07995794278572], [113.14963723101305, 41.07995794278572], [113.14963723101305, 41.07977827972889], [113.14981689406986, 41.07977827972889], [113.14981689406986, 41.07959861667207], [113.15035588324034, 41.07959861667207], [113.15035588324034, 41.07977827972889], [113.15053554629716, 41.07977827972889], [113.15053554629716, 41.07995794278572], [113.15125419852446, 41.07995794278572], [113.15125419852446, 41.079418953615246], [113.15161352463811, 41.079418953615246], [113.15161352463811, 41.08067659501301], [113.15125419852446, 41.08067659501301], [113.15125419852446, 41.080856258069836], [113.15071520935398, 41.080856258069836]]]}, "properties": {"name": "cand27", "ptype": "hall", "confidence": "low", "rank": 27, "area_ha": 1.8, "rise_db": 8.6, "digitised_from": "Sentinel-1 VV rise 2021->2026, orbit 40"}}, {"type": "Feature", "geometry": {"geodesic": false, "type": "Polygon", "coordinates": [[[113.10184685789788, 41.01114699202216], [113.10184685789788, 41.010967328965336], [113.10148753178423, 41.010967328965336], [113.10148753178423, 41.010787665908516], [113.10112820567059, 41.010787665908516], [113.10112820567059, 41.01060800285169], [113.10094854261376, 41.01060800285169], [113.10094854261376, 41.0098893506244], [113.10112820567059, 41.0098893506244], [113.10112820567059, 41.00970968756757], [113.1013078687274, 41.00970968756757], [113.1013078687274, 41.0098893506244], [113.10148753178423, 41.0098893506244], [113.10148753178423, 41.01006901368122], [113.10166719484106, 41.01006901368122], [113.10166719484106, 41.0098893506244], [113.10202652095471, 41.0098893506244], [113.10202652095471, 41.00970968756757], [113.10238584706835, 41.00970968756757], [113.10238584706835, 41.0098893506244], [113.10256551012517, 41.0098893506244], [113.10256551012517, 41.01006901368122], [113.10238584706835, 41.01006901368122], [113.10238584706835, 41.010248676738044], [113.10220618401152, 41.010248676738044], [113.10220618401152, 41.01042833979486], [113.10202652095471, 41.01042833979486], [113.10202652095471, 41.010787665908516], [113.10220618401152, 41.010787665908516], [113.10220618401152, 41.010967328965336], [113.10202652095471, 41.010967328965336], [113.10202652095471, 41.01114699202216], [113.10184685789788, 41.01114699202216]]]}, "properties": {"name": "cand28", "ptype": "hall", "confidence": "low", "rank": 28, "area_ha": 1.7, "rise_db": 6.2, "digitised_from": "Sentinel-1 VV rise 2021->2026, orbit 40"}}, {"type": "Feature", "geometry": {"geodesic": false, "type": "Polygon", "coordinates": [[[113.10831472794354, 41.067022202694396], [113.10831472794354, 41.06666287658075], [113.10813506488672, 41.06666287658075], [113.10813506488672, 41.066483213523924], [113.1079554018299, 41.066483213523924], [113.1079554018299, 41.0663035504671], [113.10759607571624, 41.0663035504671], [113.10759607571624, 41.06612388741028], [113.10741641265942, 41.06612388741028], [113.10741641265942, 41.06594422435345], [113.10777573877307, 41.06594422435345], [113.10777573877307, 41.06612388741028], [113.10813506488672, 41.06612388741028], [113.10813506488672, 41.06594422435345], [113.10831472794354, 41.06594422435345], [113.10831472794354, 41.06540523518298], [113.10867405405719, 41.06540523518298], [113.10867405405719, 41.065584898239806], [113.10885371711402, 41.065584898239806], [113.10885371711402, 41.06576456129663], [113.10921304322765, 41.06576456129663], [113.10921304322765, 41.06594422435345], [113.10939270628448, 41.06594422435345], [113.10939270628448, 41.06612388741028], [113.10921304322765, 41.06612388741028], [113.10921304322765, 41.0663035504671], [113.10903338017084, 41.0663035504671], [113.10903338017084, 41.066483213523924], [113.10867405405719, 41.066483213523924], [113.10867405405719, 41.06684253963757], [113.10849439100036, 41.06684253963757], [113.10849439100036, 41.067022202694396], [113.10831472794354, 41.067022202694396]]]}, "properties": {"name": "cand29", "ptype": "hall", "confidence": "low", "rank": 29, "area_ha": 1.6, "rise_db": 10.4, "digitised_from": "Sentinel-1 VV rise 2021->2026, orbit 40"}}, {"type": "Feature", "geometry": {"geodesic": false, "type": "Polygon", "coordinates": [[[113.10939270628448, 41.075107040251474], [113.10939270628448, 41.07492737719465], [113.10921304322765, 41.07492737719465], [113.10921304322765, 41.074568051081], [113.10903338017084, 41.074568051081], [113.10903338017084, 41.074388388024175], [113.10939270628448, 41.074388388024175], [113.10939270628448, 41.074568051081], [113.10957236934131, 41.074568051081], [113.10957236934131, 41.074388388024175], [113.10975203239813, 41.074388388024175], [113.10975203239813, 41.074208724967356], [113.10957236934131, 41.074208724967356], [113.10957236934131, 41.0738493988537], [113.10939270628448, 41.0738493988537], [113.10939270628448, 41.07402906191053], [113.10903338017084, 41.07402906191053], [113.10903338017084, 41.0738493988537], [113.10921304322765, 41.0738493988537], [113.10921304322765, 41.073669735796884], [113.10939270628448, 41.073669735796884], [113.10939270628448, 41.07349007274006], [113.10975203239813, 41.07349007274006], [113.10975203239813, 41.0738493988537], [113.1102910215686, 41.0738493988537], [113.1102910215686, 41.07402906191053], [113.11065034768225, 41.07402906191053], [113.11065034768225, 41.074208724967356], [113.1110096737959, 41.074208724967356], [113.1110096737959, 41.074388388024175], [113.11083001073908, 41.074388388024175], [113.11083001073908, 41.074568051081], [113.11047068462543, 41.074568051081], [113.11047068462543, 41.074388388024175], [113.10993169545496, 41.074388388024175], [113.10993169545496, 41.07492737719465], [113.10975203239813, 41.07492737719465], [113.10975203239813, 41.075107040251474], [113.10939270628448, 41.075107040251474]]]}, "properties": {"name": "cand30", "ptype": "hall", "confidence": "low", "rank": 30, "area_ha": 1.6, "rise_db": 7.0, "digitised_from": "Sentinel-1 VV rise 2021->2026, orbit 40"}}, {"type": "Feature", "geometry": {"geodesic": false, "type": "Polygon", "coordinates": [[[113.16167465582024, 41.049415223125656], [113.16167465582024, 41.049055897012], [113.16185431887706, 41.049055897012], [113.16185431887706, 41.048876233955184], [113.16203398193389, 41.048876233955184], [113.16203398193389, 41.04743892950059], [113.16221364499071, 41.04743892950059], [113.16221364499071, 41.04725926644377], [113.16239330804754, 41.04725926644377], [113.16239330804754, 41.04743892950059], [113.16257297110435, 41.04743892950059], [113.16257297110435, 41.04761859255741], [113.16275263416118, 41.04761859255741], [113.16275263416118, 41.047977918671066], [113.16257297110435, 41.047977918671066], [113.16257297110435, 41.04833724478471], [113.16239330804754, 41.04833724478471], [113.16239330804754, 41.04869657089836], [113.16257297110435, 41.04869657089836], [113.16257297110435, 41.049415223125656], [113.16167465582024, 41.049415223125656]]]}, "properties": {"name": "cand31", "ptype": "hall", "confidence": "low", "rank": 31, "area_ha": 1.6, "rise_db": 6.5, "digitised_from": "Sentinel-1 VV rise 2021->2026, orbit 40"}}, {"type": "Feature", "geometry": {"geodesic": false, "type": "Polygon", "coordinates": [[[113.17910197233216, 41.04779825561424], [113.17910197233216, 41.04761859255741], [113.17874264621851, 41.04761859255741], [113.17874264621851, 41.04779825561424], [113.17838332010487, 41.04779825561424], [113.17838332010487, 41.04743892950059], [113.17856298316168, 41.04743892950059], [113.17856298316168, 41.04725926644377], [113.17910197233216, 41.04725926644377], [113.17910197233216, 41.04707960338694], [113.17964096150263, 41.04707960338694], [113.17964096150263, 41.04725926644377], [113.18053927678675, 41.04725926644377], [113.18053927678675, 41.04779825561424], [113.17910197233216, 41.04779825561424]]]}, "properties": {"name": "cand32", "ptype": "hall", "confidence": "low", "rank": 32, "area_ha": 1.4, "rise_db": 11.6, "digitised_from": "Sentinel-1 VV rise 2021->2026, orbit 40"}}, {"type": "Feature", "geometry": {"geodesic": false, "type": "Polygon", "coordinates": [[[113.17173578700238, 41.027675993249964], [113.17173578700238, 41.02749633019314], [113.17155612394555, 41.02749633019314], [113.17155612394555, 41.02731666713631], [113.17173578700238, 41.02731666713631], [113.17173578700238, 41.02677767796584], [113.17137646088874, 41.02677767796584], [113.17137646088874, 41.02641835185219], [113.17209511311603, 41.02641835185219], [113.17209511311603, 41.02587936268172], [113.17227477617286, 41.02587936268172], [113.17227477617286, 41.0256996996249], [113.17245443922968, 41.0256996996249], [113.17245443922968, 41.02587936268172], [113.1726341022865, 41.02587936268172], [113.1726341022865, 41.02641835185219], [113.17245443922968, 41.02641835185219], [113.17245443922968, 41.02677767796584], [113.17227477617286, 41.02677767796584], [113.17227477617286, 41.026957341022666], [113.17209511311603, 41.026957341022666], [113.17209511311603, 41.02731666713631], [113.17227477617286, 41.02731666713631], [113.17227477617286, 41.02713700407949], [113.17245443922968, 41.02713700407949], [113.17245443922968, 41.02749633019314], [113.17209511311603, 41.02749633019314], [113.17209511311603, 41.02731666713631], [113.1719154500592, 41.02731666713631], [113.1719154500592, 41.027675993249964], [113.17173578700238, 41.027675993249964]]]}, "properties": {"name": "cand33", "ptype": "hall", "confidence": "low", "rank": 33, "area_ha": 1.4, "rise_db": 9.6, "digitised_from": "Sentinel-1 VV rise 2021->2026, orbit 40"}}, {"type": "Feature", "geometry": {"geodesic": false, "type": "Polygon", "coordinates": [[[113.09286370505669, 41.10097852043411], [113.09286370505669, 41.10079885737729], [113.09268404199986, 41.10079885737729], [113.09268404199986, 41.10008020514999], [113.09304336811351, 41.10008020514999], [113.09304336811351, 41.10043953126364], [113.09501966173858, 41.10043953126364], [113.09501966173858, 41.100619194320466], [113.0951993247954, 41.100619194320466], [113.0951993247954, 41.10079885737729], [113.09358235728398, 41.10079885737729], [113.09358235728398, 41.10097852043411], [113.09286370505669, 41.10097852043411]]]}, "properties": {"name": "cand34", "ptype": "hall", "confidence": "low", "rank": 34, "area_ha": 1.4, "rise_db": 8.7, "digitised_from": "Sentinel-1 VV rise 2021->2026, orbit 40"}}, {"type": "Feature", "geometry": {"geodesic": false, "type": "Polygon", "coordinates": [[[113.15358981826317, 41.00360114363556], [113.15358981826317, 41.00324181752191], [113.15376948131998, 41.00324181752191], [113.15376948131998, 41.003062154465084], [113.15358981826317, 41.003062154465084], [113.15358981826317, 41.002882491408265], [113.15376948131998, 41.002882491408265], [113.15376948131998, 41.002163839180966], [113.15430847049046, 41.002163839180966], [113.15430847049046, 41.00234350223779], [113.15448813354729, 41.00234350223779], [113.15448813354729, 41.00360114363556], [113.15358981826317, 41.00360114363556]], [[113.15430847049046, 41.00324181752191], [113.15412880743364, 41.00324181752191], [113.15412880743364, 41.003062154465084], [113.15430847049046, 41.003062154465084], [113.15430847049046, 41.00324181752191]]]}, "properties": {"name": "cand35", "ptype": "hall", "confidence": "low", "rank": 35, "area_ha": 1.3, "rise_db": 5.7, "digitised_from": "Sentinel-1 VV rise 2021->2026, orbit 40"}}, {"type": "Feature", "geometry": {"geodesic": false, "type": "Polygon", "coordinates": [[[113.1223284463758, 41.05246949509166], [113.1223284463758, 41.05211016897801], [113.12250810943263, 41.05211016897801], [113.12250810943263, 41.05193050592119], [113.12268777248946, 41.05193050592119], [113.12268777248946, 41.051750842864365], [113.12286743554628, 41.051750842864365], [113.12286743554628, 41.05139151675072], [113.1230470986031, 41.05139151675072], [113.1230470986031, 41.05121185369389], [113.12322676165992, 41.05121185369389], [113.12322676165992, 41.051032190637066], [113.12340642471675, 41.051032190637066], [113.12340642471675, 41.051750842864365], [113.12358608777357, 41.051750842864365], [113.12358608777357, 41.05193050592119], [113.1237657508304, 41.05193050592119], [113.1237657508304, 41.05228983203484], [113.12286743554628, 41.05228983203484], [113.12286743554628, 41.05246949509166], [113.1223284463758, 41.05246949509166]]]}, "properties": {"name": "cand36", "ptype": "hall", "confidence": "low", "rank": 36, "area_ha": 1.3, "rise_db": 6.8, "digitised_from": "Sentinel-1 VV rise 2021->2026, orbit 40"}}, {"type": "Feature", "geometry": {"geodesic": false, "type": "Polygon", "coordinates": [[[113.10400281457977, 41.06396793072839], [113.10400281457977, 41.06360860461474], [113.10382315152295, 41.06360860461474], [113.10382315152295, 41.06378826767157], [113.10364348846612, 41.06378826767157], [113.10364348846612, 41.063428941557916], [113.10346382540929, 41.063428941557916], [113.10346382540929, 41.06360860461474], [113.10328416235247, 41.06360860461474], [113.10328416235247, 41.06378826767157], [113.10346382540929, 41.06378826767157], [113.10346382540929, 41.06396793072839], [113.10310449929565, 41.06396793072839], [113.10310449929565, 41.06378826767157], [113.10256551012517, 41.06378826767157], [113.10256551012517, 41.06360860461474], [113.10328416235247, 41.06360860461474], [113.10328416235247, 41.063428941557916], [113.10346382540929, 41.063428941557916], [113.10346382540929, 41.06306961544427], [113.10328416235247, 41.06306961544427], [113.10328416235247, 41.0632492785011], [113.10310449929565, 41.0632492785011], [113.10310449929565, 41.063428941557916], [113.102745173182, 41.063428941557916], [113.102745173182, 41.0632492785011], [113.10310449929565, 41.0632492785011], [113.10310449929565, 41.06306961544427], [113.10292483623883, 41.06306961544427], [113.10292483623883, 41.062889952387444], [113.102745173182, 41.062889952387444], [113.102745173182, 41.062710289330624], [113.10310449929565, 41.062710289330624], [113.10310449929565, 41.06306961544427], [113.10328416235247, 41.06306961544427], [113.10328416235247, 41.062889952387444], [113.10382315152295, 41.062889952387444], [113.10382315152295, 41.06306961544427], [113.10400281457977, 41.06306961544427], [113.10400281457977, 41.0632492785011], [113.10382315152295, 41.0632492785011], [113.10382315152295, 41.063428941557916], [113.10418247763658, 41.063428941557916], [113.10418247763658, 41.06306961544427], [113.10436214069341, 41.06306961544427], [113.10436214069341, 41.062889952387444], [113.10454180375024, 41.062889952387444], [113.10454180375024, 41.0632492785011], [113.10436214069341, 41.0632492785011], [113.10436214069341, 41.06360860461474], [113.10418247763658, 41.06360860461474], [113.10418247763658, 41.06396793072839], [113.10400281457977, 41.06396793072839]]]}, "properties": {"name": "cand37", "ptype": "hall", "confidence": "low", "rank": 37, "area_ha": 1.3, "rise_db": 5.3, "digitised_from": "Sentinel-1 VV rise 2021->2026, orbit 40"}}, {"type": "Feature", "geometry": {"geodesic": false, "type": "Polygon", "coordinates": [[[113.16221364499071, 41.00863170922663], [113.16221364499071, 41.0084520461698], [113.16203398193389, 41.0084520461698], [113.16203398193389, 41.00773339394251], [113.16185431887706, 41.00773339394251], [113.16185431887706, 41.00737406782886], [113.16167465582024, 41.00737406782886], [113.16167465582024, 41.00683507865839], [113.16185431887706, 41.00683507865839], [113.16185431887706, 41.006655415601564], [113.16221364499071, 41.006655415601564], [113.16221364499071, 41.00683507865839], [113.16239330804754, 41.00683507865839], [113.16239330804754, 41.00701474171521], [113.16221364499071, 41.00701474171521], [113.16221364499071, 41.00737406782886], [113.16239330804754, 41.00737406782886], [113.16239330804754, 41.007913056999335], [113.16257297110435, 41.007913056999335], [113.16257297110435, 41.0084520461698], [113.16239330804754, 41.0084520461698], [113.16239330804754, 41.00863170922663], [113.16221364499071, 41.00863170922663]]]}, "properties": {"name": "cand38", "ptype": "hall", "confidence": "low", "rank": 38, "area_ha": 1.2, "rise_db": 7.3, "digitised_from": "Sentinel-1 VV rise 2021->2026, orbit 40"}}, {"type": "Feature", "geometry": {"geodesic": false, "type": "Polygon", "coordinates": [[[113.15394914437681, 41.01222497036311], [113.15394914437681, 41.01204530730628], [113.15412880743364, 41.01204530730628], [113.15412880743364, 41.01186564424946], [113.15376948131998, 41.01186564424946], [113.15376948131998, 41.011685981192635], [113.15412880743364, 41.011685981192635], [113.15412880743364, 41.01186564424946], [113.15430847049046, 41.01186564424946], [113.15430847049046, 41.01150631813581], [113.15448813354729, 41.01150631813581], [113.15448813354729, 41.01114699202216], [113.1546677966041, 41.01114699202216], [113.1546677966041, 41.010787665908516], [113.15484745966093, 41.010787665908516], [113.15484745966093, 41.01060800285169], [113.15538644883141, 41.01060800285169], [113.15538644883141, 41.010787665908516], [113.15556611188823, 41.010787665908516], [113.15556611188823, 41.010967328965336], [113.15502712271775, 41.010967328965336], [113.15502712271775, 41.01132665507899], [113.15520678577458, 41.01132665507899], [113.15520678577458, 41.01150631813581], [113.15484745966093, 41.01150631813581], [113.15484745966093, 41.011685981192635], [113.1546677966041, 41.011685981192635], [113.1546677966041, 41.01186564424946], [113.15430847049046, 41.01186564424946], [113.15430847049046, 41.01204530730628], [113.15448813354729, 41.01204530730628], [113.15448813354729, 41.01222497036311], [113.15394914437681, 41.01222497036311]]]}, "properties": {"name": "cand39", "ptype": "hall", "confidence": "low", "rank": 39, "area_ha": 1.1, "rise_db": 6.1, "digitised_from": "Sentinel-1 VV rise 2021->2026, orbit 40"}}, {"type": "Feature", "geometry": {"geodesic": false, "type": "Polygon", "coordinates": [[[113.15574577494505, 41.06720186575122], [113.15574577494505, 41.067022202694396], [113.15556611188823, 41.067022202694396], [113.15556611188823, 41.06684253963757], [113.15520678577458, 41.06684253963757], [113.15520678577458, 41.066483213523924], [113.15556611188823, 41.066483213523924], [113.15556611188823, 41.06666287658075], [113.15574577494505, 41.06666287658075], [113.15574577494505, 41.06684253963757], [113.1561051010587, 41.06684253963757], [113.1561051010587, 41.06666287658075], [113.15628476411553, 41.06666287658075], [113.15628476411553, 41.066483213523924], [113.15646442717235, 41.066483213523924], [113.15646442717235, 41.0663035504671], [113.15700341634282, 41.0663035504671], [113.15700341634282, 41.06666287658075], [113.15718307939964, 41.06666287658075], [113.15718307939964, 41.06684253963757], [113.15664409022916, 41.06684253963757], [113.15664409022916, 41.067022202694396], [113.15646442717235, 41.067022202694396], [113.15646442717235, 41.06720186575122], [113.15574577494505, 41.06720186575122]]]}, "properties": {"name": "cand40", "ptype": "hall", "confidence": "low", "rank": 40, "area_ha": 1.1, "rise_db": 8.6, "digitised_from": "Sentinel-1 VV rise 2021->2026, orbit 40"}}, {"type": "Feature", "geometry": {"geodesic": false, "type": "Polygon", "coordinates": [[[113.10993169545496, 41.07959861667207], [113.10993169545496, 41.079418953615246], [113.10921304322765, 41.079418953615246], [113.10921304322765, 41.0790596275016], [113.10903338017084, 41.0790596275016], [113.10903338017084, 41.07887996444477], [113.10921304322765, 41.07887996444477], [113.10921304322765, 41.07870030138795], [113.11011135851179, 41.07870030138795], [113.11011135851179, 41.07923929055842], [113.1102910215686, 41.07923929055842], [113.1102910215686, 41.0790596275016], [113.11047068462543, 41.0790596275016], [113.11047068462543, 41.07923929055842], [113.11065034768225, 41.07923929055842], [113.11065034768225, 41.079418953615246], [113.11047068462543, 41.079418953615246], [113.11047068462543, 41.07959861667207], [113.10993169545496, 41.07959861667207]]]}, "properties": {"name": "cand41", "ptype": "hall", "confidence": "low", "rank": 41, "area_ha": 1.1, "rise_db": 5.9, "digitised_from": "Sentinel-1 VV rise 2021->2026, orbit 40"}}, {"type": "Feature", "geometry": {"geodesic": false, "type": "Polygon", "coordinates": [[[113.15951869913836, 41.050313538409775], [113.15951869913836, 41.04995421229613], [113.15933903608153, 41.04995421229613], [113.15933903608153, 41.0497745492393], [113.15951869913836, 41.0497745492393], [113.15951869913836, 41.049594886182476], [113.15969836219517, 41.049594886182476], [113.15969836219517, 41.04923556006883], [113.159878025252, 41.04923556006883], [113.159878025252, 41.049055897012], [113.16023735136565, 41.049055897012], [113.16023735136565, 41.048876233955184], [113.16059667747929, 41.048876233955184], [113.16059667747929, 41.049415223125656], [113.16041701442248, 41.049415223125656], [113.16041701442248, 41.049594886182476], [113.16023735136565, 41.049594886182476], [113.16023735136565, 41.0497745492393], [113.16005768830883, 41.0497745492393], [113.16005768830883, 41.05013387535295], [113.159878025252, 41.05013387535295], [113.159878025252, 41.050313538409775], [113.15951869913836, 41.050313538409775]], [[113.159878025252, 41.04995421229613], [113.15969836219517, 41.04995421229613], [113.15969836219517, 41.0497745492393], [113.159878025252, 41.0497745492393], [113.159878025252, 41.04995421229613]]]}, "properties": {"name": "cand42", "ptype": "hall", "confidence": "low", "rank": 42, "area_ha": 1.1, "rise_db": 5.4, "digitised_from": "Sentinel-1 VV rise 2021->2026, orbit 40"}}, {"type": "Feature", "geometry": {"geodesic": false, "type": "Polygon", "coordinates": [[[113.09250437894303, 41.06863917020581], [113.09250437894303, 41.06845950714899], [113.09268404199986, 41.06845950714899], [113.09268404199986, 41.06756119186487], [113.09286370505669, 41.06756119186487], [113.09286370505669, 41.06720186575122], [113.09304336811351, 41.06720186575122], [113.09304336811351, 41.06738152880804], [113.09322303117034, 41.06738152880804], [113.09322303117034, 41.06756119186487], [113.09358235728398, 41.06756119186487], [113.09358235728398, 41.067740854921695], [113.09394168339763, 41.067740854921695], [113.09394168339763, 41.067920517978514], [113.09358235728398, 41.067920517978514], [113.09358235728398, 41.06810018103534], [113.09304336811351, 41.06810018103534], [113.09304336811351, 41.06845950714899], [113.09286370505669, 41.06845950714899], [113.09286370505669, 41.06863917020581], [113.09250437894303, 41.06863917020581]]]}, "properties": {"name": "cand43", "ptype": "hall", "confidence": "low", "rank": 43, "area_ha": 1.0, "rise_db": 6.6, "digitised_from": "Sentinel-1 VV rise 2021->2026, orbit 40"}}, {"type": "Feature", "geometry": {"geodesic": false, "type": "Polygon", "coordinates": [[[113.14802026350162, 41.007913056999335], [113.14802026350162, 41.00755373088568], [113.14819992655845, 41.00755373088568], [113.14819992655845, 41.00737406782886], [113.14837958961527, 41.00737406782886], [113.14837958961527, 41.00719440477204], [113.14819992655845, 41.00719440477204], [113.14819992655845, 41.00701474171521], [113.14802026350162, 41.00701474171521], [113.14802026350162, 41.00683507865839], [113.14837958961527, 41.00683507865839], [113.14837958961527, 41.006655415601564], [113.1485592526721, 41.006655415601564], [113.1485592526721, 41.00647575254474], [113.14873891572891, 41.00647575254474], [113.14873891572891, 41.006655415601564], [113.14891857878574, 41.006655415601564], [113.14891857878574, 41.00683507865839], [113.14909824184257, 41.00683507865839], [113.14909824184257, 41.00719440477204], [113.14891857878574, 41.00719440477204], [113.14891857878574, 41.00737406782886], [113.1485592526721, 41.00737406782886], [113.1485592526721, 41.00773339394251], [113.14837958961527, 41.00773339394251], [113.14837958961527, 41.007913056999335], [113.14802026350162, 41.007913056999335]]]}, "properties": {"name": "cand44", "ptype": "hall", "confidence": "low", "rank": 44, "area_ha": 1.0, "rise_db": 7.0, "digitised_from": "Sentinel-1 VV rise 2021->2026, orbit 40"}}, {"type": "Feature", "geometry": {"geodesic": false, "type": "Polygon", "coordinates": [[[113.10490112986389, 41.0332455480115], [113.10490112986389, 41.032886221897854], [113.10472146680706, 41.032886221897854], [113.10472146680706, 41.03252689578421], [113.10490112986389, 41.03252689578421], [113.10490112986389, 41.031987906613736], [113.10508079292072, 41.031987906613736], [113.10508079292072, 41.03180824355691], [113.10526045597753, 41.03180824355691], [113.10526045597753, 41.031987906613736], [113.10544011903436, 41.031987906613736], [113.10544011903436, 41.03234723272738], [113.10561978209118, 41.03234723272738], [113.10561978209118, 41.032886221897854], [113.10526045597753, 41.032886221897854], [113.10526045597753, 41.0332455480115], [113.10490112986389, 41.0332455480115]]]}, "properties": {"name": "cand45", "ptype": "hall", "confidence": "low", "rank": 45, "area_ha": 1.0, "rise_db": 6.7, "digitised_from": "Sentinel-1 VV rise 2021->2026, orbit 40"}}, {"type": "Feature", "geometry": {"geodesic": false, "type": "Polygon", "coordinates": [[[113.15394914437681, 41.059117028194144], [113.15394914437681, 41.05893736513732], [113.15376948131998, 41.05893736513732], [113.15376948131998, 41.0587577020805], [113.15341015520634, 41.0587577020805], [113.15341015520634, 41.05857803902367], [113.15323049214952, 41.05857803902367], [113.15323049214952, 41.058398375966846], [113.15305082909269, 41.058398375966846], [113.15305082909269, 41.058218712910026], [113.15287116603587, 41.058218712910026], [113.15287116603587, 41.058398375966846], [113.15269150297904, 41.058398375966846], [113.15269150297904, 41.058218712910026], [113.1523321768654, 41.058218712910026], [113.1523321768654, 41.05785938679638], [113.15287116603587, 41.05785938679638], [113.15287116603587, 41.0580390498532], [113.15323049214952, 41.0580390498532], [113.15323049214952, 41.058218712910026], [113.15376948131998, 41.058218712910026], [113.15376948131998, 41.058398375966846], [113.15394914437681, 41.058398375966846], [113.15394914437681, 41.05857803902367], [113.15412880743364, 41.05857803902367], [113.15412880743364, 41.0587577020805], [113.15430847049046, 41.0587577020805], [113.15430847049046, 41.05893736513732], [113.15412880743364, 41.05893736513732], [113.15412880743364, 41.059117028194144], [113.15394914437681, 41.059117028194144]]]}, "properties": {"name": "cand46", "ptype": "hall", "confidence": "low", "rank": 46, "area_ha": 1.0, "rise_db": 5.4, "digitised_from": "Sentinel-1 VV rise 2021->2026, orbit 40"}}]}