{"type": "FeatureCollection", "features": [{"type": "Feature", "geometry": {"geodesic": false, "type": "Polygon", "coordinates": [[[118.31602809304123, 31.38300377682913], [118.31602809304123, 31.38282411377231], [118.31530944081393, 31.38282411377231], [118.31530944081393, 31.38246478765866], [118.31512977775711, 31.38246478765866], [118.31512977775711, 31.382105461545013], [118.31495011470028, 31.382105461545013], [118.31495011470028, 31.381925798488187], [118.31512977775711, 31.381925798488187], [118.31512977775711, 31.380488494033596], [118.31530944081393, 31.380488494033596], [118.31530944081393, 31.380308830976773], [118.31566876692759, 31.380308830976773], [118.31566876692759, 31.38012916791995], [118.31584842998441, 31.38012916791995], [118.31584842998441, 31.379949504863124], [118.31566876692759, 31.379949504863124], [118.31566876692759, 31.3797698418063], [118.31530944081393, 31.3797698418063], [118.31530944081393, 31.37923085263583], [118.31548910387076, 31.37923085263583], [118.31548910387076, 31.378512200408533], [118.31566876692759, 31.378512200408533], [118.31566876692759, 31.377793548181238], [118.31584842998441, 31.377793548181238], [118.31584842998441, 31.377074895953943], [118.3165670822117, 31.377074895953943], [118.3165670822117, 31.377254559010765], [118.31692640832534, 31.377254559010765], [118.31692640832534, 31.37743422206759], [118.31800438666629, 31.37743422206759], [118.31800438666629, 31.377613885124415], [118.31818404972311, 31.377613885124415], [118.31818404972311, 31.377793548181238], [118.31836371277994, 31.377793548181238], [118.31836371277994, 31.378152874294884], [118.31818404972311, 31.378152874294884], [118.31818404972311, 31.378512200408533], [118.31800438666629, 31.378512200408533], [118.31800438666629, 31.37923085263583], [118.31782472360948, 31.37923085263583], [118.31782472360948, 31.3797698418063], [118.31764506055265, 31.3797698418063], [118.31764506055265, 31.38012916791995], [118.31746539749582, 31.38012916791995], [118.31746539749582, 31.380308830976773], [118.317285734439, 31.380308830976773], [118.317285734439, 31.380847820147245], [118.31710607138217, 31.380847820147245], [118.31710607138217, 31.38102748320407], [118.31692640832534, 31.38102748320407], [118.31692640832534, 31.38120714626089], [118.31674674526853, 31.38120714626089], [118.31674674526853, 31.381746135431364], [118.3165670822117, 31.381746135431364], [118.3165670822117, 31.382105461545013], [118.31584842998441, 31.382105461545013], [118.31584842998441, 31.38246478765866], [118.31710607138217, 31.38246478765866], [118.31710607138217, 31.382644450715482], [118.317285734439, 31.382644450715482], [118.317285734439, 31.38300377682913], [118.31602809304123, 31.38300377682913]]]}, "properties": {"name": "cand01", "ptype": "hall", "confidence": "low", "rank": 1, "area_ha": 14.3, "rise_db": 9.3, "digitised_from": "Sentinel-1 VV rise 2021->2026, orbit 69"}}, {"type": "Feature", "geometry": {"geodesic": false, "type": "Polygon", "coordinates": [[[118.41628007874897, 31.31904372859982], [118.41628007874897, 31.318864065542996], [118.41592075263532, 31.318864065542996], [118.41592075263532, 31.31904372859982], [118.41556142652168, 31.31904372859982], [118.41556142652168, 31.31850473942935], [118.4150224373512, 31.31850473942935], [118.4150224373512, 31.318684402486173], [118.41484277429439, 31.318684402486173], [118.41484277429439, 31.318864065542996], [118.41466311123756, 31.318864065542996], [118.41466311123756, 31.31904372859982], [118.41376479595344, 31.31904372859982], [118.41376479595344, 31.318864065542996], [118.41358513289661, 31.318864065542996], [118.41358513289661, 31.3181454133157], [118.41376479595344, 31.3181454133157], [118.41376479595344, 31.316887771917933], [118.41358513289661, 31.316887771917933], [118.41358513289661, 31.31670810886111], [118.41376479595344, 31.31670810886111], [118.41376479595344, 31.316528445804288], [118.41394445901025, 31.316528445804288], [118.41394445901025, 31.31634878274746], [118.41520210040802, 31.31634878274746], [118.41520210040802, 31.316528445804288], [118.41538176346485, 31.316528445804288], [118.41538176346485, 31.31670810886111], [118.41556142652168, 31.31670810886111], [118.41556142652168, 31.317067434974756], [118.41538176346485, 31.317067434974756], [118.41538176346485, 31.317247098031583], [118.41556142652168, 31.317247098031583], [118.41556142652168, 31.317426761088406], [118.4157410895785, 31.317426761088406], [118.4157410895785, 31.31760642414523], [118.41610041569214, 31.31760642414523], [118.41610041569214, 31.317426761088406], [118.41628007874897, 31.317426761088406], [118.41628007874897, 31.317247098031583], [118.41663940486262, 31.317247098031583], [118.41663940486262, 31.317426761088406], [118.4164597418058, 31.317426761088406], [118.4164597418058, 31.317786087202055], [118.41628007874897, 31.317786087202055], [118.41628007874897, 31.3181454133157], [118.41610041569214, 31.3181454133157], [118.41610041569214, 31.318684402486173], [118.41681906791945, 31.318684402486173], [118.41681906791945, 31.3181454133157], [118.41699873097626, 31.3181454133157], [118.41699873097626, 31.317965750258878], [118.41753772014674, 31.317965750258878], [118.41753772014674, 31.317786087202055], [118.41825637237403, 31.317786087202055], [118.41825637237403, 31.317965750258878], [118.41843603543086, 31.317965750258878], [118.41843603543086, 31.31850473942935], [118.41825637237403, 31.31850473942935], [118.41825637237403, 31.318684402486173], [118.41771738320357, 31.318684402486173], [118.41771738320357, 31.31850473942935], [118.41735805708991, 31.31850473942935], [118.41735805708991, 31.318684402486173], [118.41681906791945, 31.318684402486173], [118.41681906791945, 31.31904372859982], [118.41628007874897, 31.31904372859982]], [[118.41466311123756, 31.317786087202055], [118.41448344818073, 31.317786087202055], [118.41448344818073, 31.317426761088406], [118.41466311123756, 31.317426761088406], [118.41466311123756, 31.317786087202055]], [[118.4150224373512, 31.317965750258878], [118.41484277429439, 31.317965750258878], [118.41484277429439, 31.317786087202055], [118.4150224373512, 31.317786087202055], [118.4150224373512, 31.317965750258878]]]}, "properties": {"name": "cand02", "ptype": "hall", "confidence": "low", "rank": 2, "area_ha": 8.4, "rise_db": 7.2, "digitised_from": "Sentinel-1 VV rise 2021->2026, orbit 69"}}, {"type": "Feature", "geometry": {"geodesic": false, "type": "Polygon", "coordinates": [[[118.38196443489561, 31.278260214700794], [118.38196443489561, 31.27808055164397], [118.38160510878195, 31.27808055164397], [118.38160510878195, 31.277900888587148], [118.38142544572513, 31.277900888587148], [118.38142544572513, 31.2775415624735], [118.3812457826683, 31.2775415624735], [118.3812457826683, 31.277361899416675], [118.38106611961149, 31.277361899416675], [118.38106611961149, 31.277002573303026], [118.38088645655466, 31.277002573303026], [118.38088645655466, 31.276463584132557], [118.38106611961149, 31.276463584132557], [118.38106611961149, 31.27628392107573], [118.3812457826683, 31.27628392107573], [118.3812457826683, 31.276104258018908], [118.38142544572513, 31.276104258018908], [118.38142544572513, 31.27628392107573], [118.38160510878195, 31.27628392107573], [118.38160510878195, 31.276104258018908], [118.38376106546384, 31.276104258018908], [118.38376106546384, 31.276463584132557], [118.38304241323655, 31.276463584132557], [118.38304241323655, 31.27664324718938], [118.38286275017973, 31.27664324718938], [118.38286275017973, 31.276822910246203], [118.3826830871229, 31.276822910246203], [118.3826830871229, 31.277002573303026], [118.38250342406607, 31.277002573303026], [118.38250342406607, 31.277361899416675], [118.38286275017973, 31.277361899416675], [118.38286275017973, 31.2775415624735], [118.38376106546384, 31.2775415624735], [118.38376106546384, 31.277182236359852], [118.38340173935019, 31.277182236359852], [118.38340173935019, 31.276822910246203], [118.3841203915775, 31.276822910246203], [118.3841203915775, 31.277002573303026], [118.38430005463431, 31.277002573303026], [118.38430005463431, 31.276822910246203], [118.38447971769114, 31.276822910246203], [118.38447971769114, 31.276463584132557], [118.38501870686162, 31.276463584132557], [118.38501870686162, 31.27664324718938], [118.38537803297525, 31.27664324718938], [118.38537803297525, 31.276822910246203], [118.38555769603208, 31.276822910246203], [118.38555769603208, 31.277182236359852], [118.38537803297525, 31.277182236359852], [118.38537803297525, 31.277361899416675], [118.38519836991843, 31.277361899416675], [118.38519836991843, 31.27772122553032], [118.38501870686162, 31.27772122553032], [118.38501870686162, 31.27808055164397], [118.38465938074796, 31.27808055164397], [118.38465938074796, 31.278260214700794], [118.38196443489561, 31.278260214700794]]]}, "properties": {"name": "cand03", "ptype": "hall", "confidence": "low", "rank": 3, "area_ha": 8.4, "rise_db": 7.1, "digitised_from": "Sentinel-1 VV rise 2021->2026, orbit 69"}}, {"type": "Feature", "geometry": {"geodesic": false, "type": "Polygon", "coordinates": [[[118.35573362859931, 31.352640720225892], [118.35573362859931, 31.352281394112243], [118.35555396554248, 31.352281394112243], [118.35555396554248, 31.35210173105542], [118.35519463942884, 31.35210173105542], [118.35519463942884, 31.351922067998597], [118.35501497637202, 31.351922067998597], [118.35501497637202, 31.35174240494177], [118.35483531331519, 31.35174240494177], [118.35483531331519, 31.351203415771298], [118.35465565025837, 31.351203415771298], [118.35465565025837, 31.350844089657652], [118.35447598720155, 31.350844089657652], [118.35447598720155, 31.35066442660083], [118.3541166610879, 31.35066442660083], [118.3541166610879, 31.350125437430357], [118.35501497637202, 31.350125437430357], [118.35501497637202, 31.35030510048718], [118.35555396554248, 31.35030510048718], [118.35555396554248, 31.350125437430357], [118.35573362859931, 31.350125437430357], [118.35573362859931, 31.349945774373534], [118.35591329165614, 31.349945774373534], [118.35591329165614, 31.349586448259885], [118.35573362859931, 31.349586448259885], [118.35573362859931, 31.349406785203062], [118.35591329165614, 31.349406785203062], [118.35591329165614, 31.349227122146235], [118.35645228082662, 31.349227122146235], [118.35645228082662, 31.349406785203062], [118.35663194388343, 31.349406785203062], [118.35663194388343, 31.349945774373534], [118.35681160694025, 31.349945774373534], [118.35681160694025, 31.350125437430357], [118.35717093305391, 31.350125437430357], [118.35717093305391, 31.349945774373534], [118.3578895852812, 31.349945774373534], [118.3578895852812, 31.349766111316708], [118.35806924833803, 31.349766111316708], [118.35806924833803, 31.349586448259885], [118.35842857445168, 31.349586448259885], [118.35842857445168, 31.349766111316708], [118.35860823750849, 31.349766111316708], [118.35860823750849, 31.349945774373534], [118.35878790056532, 31.349945774373534], [118.35878790056532, 31.350125437430357], [118.35896756362214, 31.350125437430357], [118.35896756362214, 31.35030510048718], [118.35878790056532, 31.35030510048718], [118.35878790056532, 31.350484763544003], [118.35860823750849, 31.350484763544003], [118.35860823750849, 31.351023752714475], [118.35842857445168, 31.351023752714475], [118.35842857445168, 31.351203415771298], [118.35824891139485, 31.351203415771298], [118.35824891139485, 31.351023752714475], [118.35806924833803, 31.351023752714475], [118.35806924833803, 31.35030510048718], [118.35735059611073, 31.35030510048718], [118.35735059611073, 31.35066442660083], [118.35699126999708, 31.35066442660083], [118.35699126999708, 31.350844089657652], [118.35717093305391, 31.350844089657652], [118.35717093305391, 31.351383078828125], [118.35699126999708, 31.351383078828125], [118.35699126999708, 31.351203415771298], [118.35645228082662, 31.351203415771298], [118.35645228082662, 31.351383078828125], [118.35627261776979, 31.351383078828125], [118.35627261776979, 31.352281394112243], [118.35609295471296, 31.352281394112243], [118.35609295471296, 31.352461057169066], [118.35591329165614, 31.352461057169066], [118.35591329165614, 31.352640720225892], [118.35573362859931, 31.352640720225892]], [[118.35681160694025, 31.35066442660083], [118.35663194388343, 31.35066442660083], [118.35663194388343, 31.35030510048718], [118.35681160694025, 31.35030510048718], [118.35681160694025, 31.35066442660083]]]}, "properties": {"name": "cand04", "ptype": "hall", "confidence": "low", "rank": 4, "area_ha": 7.9, "rise_db": 6.8, "digitised_from": "Sentinel-1 VV rise 2021->2026, orbit 69"}}, {"type": "Feature", "geometry": {"geodesic": false, "type": "Polygon", "coordinates": [[[118.3578895852812, 31.365217134203565], [118.3578895852812, 31.365037471146742], [118.35735059611073, 31.365037471146742], [118.35735059611073, 31.365217134203565], [118.35663194388343, 31.365217134203565], [118.35663194388343, 31.365037471146742], [118.35591329165614, 31.365037471146742], [118.35591329165614, 31.364857808089916], [118.35555396554248, 31.364857808089916], [118.35555396554248, 31.364318818919443], [118.35573362859931, 31.364318818919443], [118.35573362859931, 31.363420503635325], [118.35591329165614, 31.363420503635325], [118.35591329165614, 31.36306117752168], [118.35537430248567, 31.36306117752168], [118.35537430248567, 31.362881514464853], [118.35483531331519, 31.362881514464853], [118.35483531331519, 31.36306117752168], [118.35447598720155, 31.36306117752168], [118.35447598720155, 31.362881514464853], [118.35429632414473, 31.362881514464853], [118.35429632414473, 31.36270185140803], [118.35447598720155, 31.36270185140803], [118.35447598720155, 31.362522188351207], [118.35483531331519, 31.362522188351207], [118.35483531331519, 31.36270185140803], [118.35537430248567, 31.36270185140803], [118.35537430248567, 31.362522188351207], [118.35555396554248, 31.362522188351207], [118.35555396554248, 31.36270185140803], [118.35609295471296, 31.36270185140803], [118.35609295471296, 31.362522188351207], [118.35699126999708, 31.362522188351207], [118.35699126999708, 31.36270185140803], [118.3578895852812, 31.36270185140803], [118.3578895852812, 31.362881514464853], [118.35806924833803, 31.362881514464853], [118.35806924833803, 31.36306117752168], [118.35824891139485, 31.36306117752168], [118.35824891139485, 31.363420503635325], [118.35806924833803, 31.363420503635325], [118.35806924833803, 31.363959492805797], [118.35824891139485, 31.363959492805797], [118.35824891139485, 31.364318818919443], [118.35806924833803, 31.364318818919443], [118.35806924833803, 31.365217134203565], [118.3578895852812, 31.365217134203565]], [[118.35770992222437, 31.36413915586262], [118.35663194388343, 31.36413915586262], [118.35663194388343, 31.363779829748974], [118.35645228082662, 31.363779829748974], [118.35645228082662, 31.363420503635325], [118.35609295471296, 31.363420503635325], [118.35609295471296, 31.36306117752168], [118.35645228082662, 31.36306117752168], [118.35645228082662, 31.363240840578502], [118.35663194388343, 31.363240840578502], [118.35663194388343, 31.363420503635325], [118.35699126999708, 31.363420503635325], [118.35699126999708, 31.363600166692148], [118.35717093305391, 31.363600166692148], [118.35717093305391, 31.363959492805797], [118.35770992222437, 31.363959492805797], [118.35770992222437, 31.36413915586262]]]}, "properties": {"name": "cand05", "ptype": "hall", "confidence": "low", "rank": 5, "area_ha": 7.0, "rise_db": 6.5, "digitised_from": "Sentinel-1 VV rise 2021->2026, orbit 69"}}, {"type": "Feature", "geometry": {"geodesic": false, "type": "Polygon", "coordinates": [[[118.41466311123756, 31.306646977678973], [118.41466311123756, 31.306467314622147], [118.41448344818073, 31.306467314622147], [118.41448344818073, 31.3061079885085], [118.4143037851239, 31.3061079885085], [118.4143037851239, 31.306287651565324], [118.41376479595344, 31.306287651565324], [118.41376479595344, 31.3061079885085], [118.41358513289661, 31.3061079885085], [118.41358513289661, 31.306287651565324], [118.41340546983979, 31.306287651565324], [118.41340546983979, 31.306467314622147], [118.41322580678296, 31.306467314622147], [118.41322580678296, 31.306287651565324], [118.41304614372613, 31.306287651565324], [118.41304614372613, 31.30574866239485], [118.4126868176125, 31.30574866239485], [118.4126868176125, 31.30556899933803], [118.41250715455567, 31.30556899933803], [118.41250715455567, 31.305389336281205], [118.41214782844202, 31.305389336281205], [118.41214782844202, 31.30520967322438], [118.41196816538519, 31.30520967322438], [118.41196816538519, 31.30467068405391], [118.41214782844202, 31.30467068405391], [118.41214782844202, 31.304491020997084], [118.41232749149884, 31.304491020997084], [118.41232749149884, 31.30431135794026], [118.41286648066932, 31.30431135794026], [118.41286648066932, 31.304850347110733], [118.41304614372613, 31.304850347110733], [118.41304614372613, 31.305030010167556], [118.41358513289661, 31.305030010167556], [118.41358513289661, 31.304850347110733], [118.41376479595344, 31.304850347110733], [118.41376479595344, 31.30431135794026], [118.41358513289661, 31.30431135794026], [118.41358513289661, 31.304131694883438], [118.41394445901025, 31.304131694883438], [118.41394445901025, 31.30395203182661], [118.41484277429439, 31.30395203182661], [118.41484277429439, 31.30377236876979], [118.41520210040802, 31.30377236876979], [118.41520210040802, 31.30431135794026], [118.41484277429439, 31.30431135794026], [118.41484277429439, 31.304491020997084], [118.41466311123756, 31.304491020997084], [118.41466311123756, 31.30467068405391], [118.41484277429439, 31.30467068405391], [118.41484277429439, 31.304850347110733], [118.4150224373512, 31.304850347110733], [118.4150224373512, 31.305030010167556], [118.41538176346485, 31.305030010167556], [118.41538176346485, 31.304850347110733], [118.4157410895785, 31.304850347110733], [118.4157410895785, 31.30520967322438], [118.41538176346485, 31.30520967322438], [118.41538176346485, 31.305389336281205], [118.41520210040802, 31.305389336281205], [118.41520210040802, 31.30574866239485], [118.4150224373512, 31.30574866239485], [118.4150224373512, 31.306467314622147], [118.41484277429439, 31.306467314622147], [118.41484277429439, 31.306646977678973], [118.41466311123756, 31.306646977678973]], [[118.41412412206708, 31.30556899933803], [118.41376479595344, 31.30556899933803], [118.41376479595344, 31.305389336281205], [118.41394445901025, 31.305389336281205], [118.41394445901025, 31.30520967322438], [118.41412412206708, 31.30520967322438], [118.41412412206708, 31.30556899933803]]]}, "properties": {"name": "cand06", "ptype": "hall", "confidence": "low", "rank": 6, "area_ha": 6.6, "rise_db": 6.7, "digitised_from": "Sentinel-1 VV rise 2021->2026, orbit 69"}}, {"type": "Feature", "geometry": {"geodesic": false, "type": "Polygon", "coordinates": [[[118.38968994633903, 31.349406785203062], [118.38968994633903, 31.349227122146235], [118.3895102832822, 31.349227122146235], [118.3895102832822, 31.34886779603259], [118.38933062022538, 31.34886779603259], [118.38933062022538, 31.348688132975767], [118.38915095716855, 31.348688132975767], [118.38915095716855, 31.34850846991894], [118.38897129411174, 31.34850846991894], [118.38897129411174, 31.348328806862117], [118.38879163105491, 31.348328806862117], [118.38879163105491, 31.347789817691645], [118.38897129411174, 31.347789817691645], [118.38897129411174, 31.347250828521172], [118.38915095716855, 31.347250828521172], [118.38915095716855, 31.34707116546435], [118.3902289355095, 31.34707116546435], [118.3902289355095, 31.346891502407527], [118.39058826162315, 31.346891502407527], [118.39058826162315, 31.346711839350704], [118.3909475877368, 31.346711839350704], [118.3909475877368, 31.346891502407527], [118.39184590302092, 31.346891502407527], [118.39184590302092, 31.34707116546435], [118.39202556607775, 31.34707116546435], [118.39202556607775, 31.347610154634822], [118.39220522913456, 31.347610154634822], [118.39220522913456, 31.347789817691645], [118.39238489219139, 31.347789817691645], [118.39238489219139, 31.348149143805294], [118.39202556607775, 31.348149143805294], [118.39202556607775, 31.347789817691645], [118.39184590302092, 31.347789817691645], [118.39184590302092, 31.347610154634822], [118.39112725079362, 31.347610154634822], [118.39112725079362, 31.348149143805294], [118.3909475877368, 31.348149143805294], [118.3909475877368, 31.347610154634822], [118.39076792467998, 31.347610154634822], [118.39076792467998, 31.347430491578], [118.39040859856632, 31.347430491578], [118.39040859856632, 31.348149143805294], [118.3902289355095, 31.348149143805294], [118.3902289355095, 31.34850846991894], [118.39040859856632, 31.34850846991894], [118.39040859856632, 31.348688132975767], [118.39076792467998, 31.348688132975767], [118.39076792467998, 31.34850846991894], [118.39112725079362, 31.34850846991894], [118.39112725079362, 31.348688132975767], [118.39148657690727, 31.348688132975767], [118.39148657690727, 31.34850846991894], [118.3916662399641, 31.34850846991894], [118.3916662399641, 31.348328806862117], [118.39202556607775, 31.348328806862117], [118.39202556607775, 31.34850846991894], [118.39184590302092, 31.34850846991894], [118.39184590302092, 31.348688132975767], [118.39148657690727, 31.348688132975767], [118.39148657690727, 31.349047459089412], [118.39004927245269, 31.349047459089412], [118.39004927245269, 31.349227122146235], [118.38986960939586, 31.349227122146235], [118.38986960939586, 31.349406785203062], [118.38968994633903, 31.349406785203062]]]}, "properties": {"name": "cand07", "ptype": "hall", "confidence": "low", "rank": 7, "area_ha": 6.0, "rise_db": 7.1, "digitised_from": "Sentinel-1 VV rise 2021->2026, orbit 69"}}, {"type": "Feature", "geometry": {"geodesic": false, "type": "Polygon", "coordinates": [[[118.399930740578, 31.33683037122539], [118.399930740578, 31.336650708168563], [118.39957141446435, 31.336650708168563], [118.39957141446435, 31.33683037122539], [118.39885276223706, 31.33683037122539], [118.39885276223706, 31.336650708168563], [118.39795444695294, 31.336650708168563], [118.39795444695294, 31.336291382054917], [118.39759512083928, 31.336291382054917], [118.39759512083928, 31.33503374065715], [118.39741545778246, 31.33503374065715], [118.39741545778246, 31.3346744145435], [118.39903242529388, 31.3346744145435], [118.39903242529388, 31.334854077600326], [118.39957141446435, 31.334854077600326], [118.39957141446435, 31.33503374065715], [118.39975107752117, 31.33503374065715], [118.39975107752117, 31.33557272982762], [118.399930740578, 31.33557272982762], [118.399930740578, 31.335932055941267], [118.39957141446435, 31.335932055941267], [118.39957141446435, 31.336291382054917], [118.399930740578, 31.336291382054917], [118.399930740578, 31.33611171899809], [118.40029006669164, 31.33611171899809], [118.40029006669164, 31.33647104511174], [118.40046972974847, 31.33647104511174], [118.40046972974847, 31.336650708168563], [118.40029006669164, 31.336650708168563], [118.40029006669164, 31.33683037122539], [118.399930740578, 31.33683037122539]]]}, "properties": {"name": "cand08", "ptype": "hall", "confidence": "low", "rank": 8, "area_ha": 5.6, "rise_db": 10.0, "digitised_from": "Sentinel-1 VV rise 2021->2026, orbit 69"}}, {"type": "Feature", "geometry": {"geodesic": false, "type": "Polygon", "coordinates": [[[118.41412412206708, 31.325331935588657], [118.41412412206708, 31.325152272531835], [118.41376479595344, 31.325152272531835], [118.41376479595344, 31.324972609475008], [118.41358513289661, 31.324972609475008], [118.41358513289661, 31.324792946418185], [118.41340546983979, 31.324792946418185], [118.41340546983979, 31.324613283361362], [118.41322580678296, 31.324613283361362], [118.41322580678296, 31.324253957247713], [118.41304614372613, 31.324253957247713], [118.41304614372613, 31.323894631134067], [118.41286648066932, 31.323894631134067], [118.41286648066932, 31.323714968077244], [118.41304614372613, 31.323714968077244], [118.41304614372613, 31.323535305020417], [118.41358513289661, 31.323535305020417], [118.41358513289661, 31.323714968077244], [118.41376479595344, 31.323714968077244], [118.41376479595344, 31.323894631134067], [118.4143037851239, 31.323894631134067], [118.4143037851239, 31.323355641963595], [118.41394445901025, 31.323355641963595], [118.41394445901025, 31.322996315849945], [118.4143037851239, 31.322996315849945], [118.4143037851239, 31.322816652793122], [118.4150224373512, 31.322816652793122], [118.4150224373512, 31.322996315849945], [118.4157410895785, 31.322996315849945], [118.4157410895785, 31.3226369897363], [118.41592075263532, 31.3226369897363], [118.41592075263532, 31.32227766362265], [118.41628007874897, 31.32227766362265], [118.41628007874897, 31.322816652793122], [118.41610041569214, 31.322816652793122], [118.41610041569214, 31.323535305020417], [118.41592075263532, 31.323535305020417], [118.41592075263532, 31.323714968077244], [118.4157410895785, 31.323714968077244], [118.4157410895785, 31.323894631134067], [118.41556142652168, 31.323894631134067], [118.41556142652168, 31.32407429419089], [118.41538176346485, 31.32407429419089], [118.41538176346485, 31.324253957247713], [118.41520210040802, 31.324253957247713], [118.41520210040802, 31.32443362030454], [118.41484277429439, 31.32443362030454], [118.41484277429439, 31.324613283361362], [118.41466311123756, 31.324613283361362], [118.41466311123756, 31.325152272531835], [118.41448344818073, 31.325152272531835], [118.41448344818073, 31.325331935588657], [118.41412412206708, 31.325331935588657]], [[118.41484277429439, 31.323535305020417], [118.41448344818073, 31.323535305020417], [118.41448344818073, 31.323355641963595], [118.41466311123756, 31.323355641963595], [118.41466311123756, 31.32317597890677], [118.41484277429439, 31.32317597890677], [118.41484277429439, 31.323535305020417]], [[118.41412412206708, 31.324253957247713], [118.41376479595344, 31.324253957247713], [118.41376479595344, 31.32407429419089], [118.41412412206708, 31.32407429419089], [118.41412412206708, 31.324253957247713]]]}, "properties": {"name": "cand09", "ptype": "hall", "confidence": "low", "rank": 9, "area_ha": 5.4, "rise_db": 6.7, "digitised_from": "Sentinel-1 VV rise 2021->2026, orbit 69"}}, {"type": "Feature", "geometry": {"geodesic": false, "type": "Polygon", "coordinates": [[[118.3248315828256, 31.361084883896613], [118.3248315828256, 31.36090522083979], [118.32447225671196, 31.36090522083979], [118.32447225671196, 31.360725557782967], [118.3241129305983, 31.360725557782967], [118.3241129305983, 31.360545894726144], [118.32393326754148, 31.360545894726144], [118.32393326754148, 31.360366231669317], [118.32375360448466, 31.360366231669317], [118.32375360448466, 31.35982724249885], [118.32357394142784, 31.35982724249885], [118.32357394142784, 31.359647579442022], [118.32339427837101, 31.359647579442022], [118.32339427837101, 31.35910859027155], [118.32357394142784, 31.35910859027155], [118.32357394142784, 31.358928927214727], [118.32339427837101, 31.358928927214727], [118.32339427837101, 31.35856960110108], [118.32357394142784, 31.35856960110108], [118.32357394142784, 31.35821027498743], [118.32375360448466, 31.35821027498743], [118.32375360448466, 31.35803061193061], [118.32393326754148, 31.35803061193061], [118.32393326754148, 31.357850948873786], [118.32447225671196, 31.357850948873786], [118.32447225671196, 31.35821027498743], [118.32465191976878, 31.35821027498743], [118.32465191976878, 31.358389938044255], [118.32537057199607, 31.358389938044255], [118.32537057199607, 31.35821027498743], [118.32590956116654, 31.35821027498743], [118.32590956116654, 31.358749264157904], [118.32537057199607, 31.358749264157904], [118.32537057199607, 31.35910859027155], [118.3248315828256, 31.35910859027155], [118.3248315828256, 31.358928927214727], [118.32465191976878, 31.358928927214727], [118.32465191976878, 31.35910859027155], [118.32447225671196, 31.35910859027155], [118.32447225671196, 31.359288253328376], [118.32465191976878, 31.359288253328376], [118.32465191976878, 31.3594679163852], [118.32501124588242, 31.3594679163852], [118.32501124588242, 31.36000690555567], [118.3248315828256, 31.36000690555567], [118.3248315828256, 31.360366231669317], [118.32519090893925, 31.360366231669317], [118.32519090893925, 31.360545894726144], [118.32537057199607, 31.360545894726144], [118.32537057199607, 31.36090522083979], [118.32519090893925, 31.36090522083979], [118.32519090893925, 31.361084883896613], [118.3248315828256, 31.361084883896613]]]}, "properties": {"name": "cand10", "ptype": "hall", "confidence": "low", "rank": 10, "area_ha": 5.3, "rise_db": 6.9, "digitised_from": "Sentinel-1 VV rise 2021->2026, orbit 69"}}, {"type": "Feature", "geometry": {"geodesic": false, "type": "Polygon", "coordinates": [[[118.35878790056532, 31.38120714626089], [118.35878790056532, 31.380308830976773], [118.35860823750849, 31.380308830976773], [118.35860823750849, 31.38012916791995], [118.35824891139485, 31.38012916791995], [118.35824891139485, 31.380308830976773], [118.3578895852812, 31.380308830976773], [118.3578895852812, 31.38012916791995], [118.35770992222437, 31.38012916791995], [118.35770992222437, 31.379590178749478], [118.3578895852812, 31.379590178749478], [118.3578895852812, 31.379051189579005], [118.35806924833803, 31.379051189579005], [118.35806924833803, 31.378871526522182], [118.35824891139485, 31.378871526522182], [118.35824891139485, 31.378691863465356], [118.35878790056532, 31.378691863465356], [118.35878790056532, 31.378512200408533], [118.3593268897358, 31.378512200408533], [118.3593268897358, 31.378691863465356], [118.36022520501992, 31.378691863465356], [118.36022520501992, 31.378871526522182], [118.36040486807674, 31.378871526522182], [118.36040486807674, 31.37923085263583], [118.36058453113355, 31.37923085263583], [118.36058453113355, 31.37941051569265], [118.36040486807674, 31.37941051569265], [118.36040486807674, 31.379590178749478], [118.35968621584944, 31.379590178749478], [118.35968621584944, 31.379949504863124], [118.36004554196309, 31.379949504863124], [118.36004554196309, 31.380308830976773], [118.35968621584944, 31.380308830976773], [118.35968621584944, 31.380488494033596], [118.3593268897358, 31.380488494033596], [118.3593268897358, 31.38066815709042], [118.35914722667897, 31.38066815709042], [118.35914722667897, 31.38120714626089], [118.35878790056532, 31.38120714626089]]]}, "properties": {"name": "cand11", "ptype": "hall", "confidence": "low", "rank": 11, "area_ha": 5.2, "rise_db": 7.7, "digitised_from": "Sentinel-1 VV rise 2021->2026, orbit 69"}}, {"type": "Feature", "geometry": {"geodesic": false, "type": "Polygon", "coordinates": [[[118.36974734703158, 31.280595834439506], [118.36974734703158, 31.280416171382683], [118.36956768397475, 31.280416171382683], [118.36956768397475, 31.280236508325856], [118.36974734703158, 31.280236508325856], [118.36974734703158, 31.279697519155384], [118.3699270100884, 31.279697519155384], [118.3699270100884, 31.27933819304174], [118.36974734703158, 31.27933819304174], [118.36974734703158, 31.279158529984915], [118.36956768397475, 31.279158529984915], [118.36956768397475, 31.27933819304174], [118.36938802091792, 31.27933819304174], [118.36938802091792, 31.279697519155384], [118.36920835786111, 31.279697519155384], [118.36920835786111, 31.27933819304174], [118.36902869480429, 31.27933819304174], [118.36902869480429, 31.279158529984915], [118.36884903174746, 31.279158529984915], [118.36884903174746, 31.278799203871266], [118.36866936869063, 31.278799203871266], [118.36866936869063, 31.278619540814443], [118.36884903174746, 31.278619540814443], [118.36884903174746, 31.27808055164397], [118.36902869480429, 31.27808055164397], [118.36902869480429, 31.277900888587148], [118.36974734703158, 31.277900888587148], [118.36974734703158, 31.27808055164397], [118.37010667314523, 31.27808055164397], [118.37010667314523, 31.277900888587148], [118.37046599925887, 31.277900888587148], [118.37046599925887, 31.27772122553032], [118.37082532537252, 31.27772122553032], [118.37082532537252, 31.277900888587148], [118.37100498842935, 31.277900888587148], [118.37100498842935, 31.27808055164397], [118.37136431454299, 31.27808055164397], [118.37136431454299, 31.278260214700794], [118.37154397759981, 31.278260214700794], [118.37154397759981, 31.27843987775762], [118.37136431454299, 31.27843987775762], [118.37136431454299, 31.278619540814443], [118.37082532537252, 31.278619540814443], [118.37082532537252, 31.278799203871266], [118.3706456623157, 31.278799203871266], [118.3706456623157, 31.27933819304174], [118.37046599925887, 31.27933819304174], [118.37046599925887, 31.279697519155384], [118.3706456623157, 31.279697519155384], [118.3706456623157, 31.280056845269034], [118.37046599925887, 31.280056845269034], [118.37046599925887, 31.280416171382683], [118.37010667314523, 31.280416171382683], [118.37010667314523, 31.280595834439506], [118.36974734703158, 31.280595834439506]]]}, "properties": {"name": "cand12", "ptype": "hall", "confidence": "low", "rank": 12, "area_ha": 4.9, "rise_db": 7.4, "digitised_from": "Sentinel-1 VV rise 2021->2026, orbit 69"}}, {"type": "Feature", "geometry": {"geodesic": false, "type": "Polygon", "coordinates": [[[118.37801184764548, 31.28454842168963], [118.37801184764548, 31.284189095575982], [118.37783218458866, 31.284189095575982], [118.37783218458866, 31.28436875863281], [118.37657454319088, 31.28436875863281], [118.37657454319088, 31.284189095575982], [118.37639488013406, 31.284189095575982], [118.37639488013406, 31.28400943251916], [118.37621521707725, 31.28400943251916], [118.37621521707725, 31.283829769462336], [118.37639488013406, 31.283829769462336], [118.37639488013406, 31.283650106405513], [118.37675420624771, 31.283650106405513], [118.37675420624771, 31.283470443348687], [118.37657454319088, 31.283470443348687], [118.37657454319088, 31.283290780291864], [118.37639488013406, 31.283290780291864], [118.37639488013406, 31.282931454178215], [118.37657454319088, 31.282931454178215], [118.37657454319088, 31.28275179112139], [118.37693386930454, 31.28275179112139], [118.37693386930454, 31.28257212806457], [118.37711353236136, 31.28257212806457], [118.37711353236136, 31.28221280195092], [118.37729319541818, 31.28221280195092], [118.37729319541818, 31.282392465007746], [118.377472858475, 31.282392465007746], [118.377472858475, 31.28275179112139], [118.37783218458866, 31.28275179112139], [118.37783218458866, 31.28257212806457], [118.37801184764548, 31.28257212806457], [118.37801184764548, 31.282392465007746], [118.37819151070231, 31.282392465007746], [118.37819151070231, 31.28221280195092], [118.37837117375912, 31.28221280195092], [118.37837117375912, 31.282033138894096], [118.37873049987277, 31.282033138894096], [118.37873049987277, 31.28221280195092], [118.3789101629296, 31.28221280195092], [118.3789101629296, 31.28257212806457], [118.37908982598643, 31.28257212806457], [118.37908982598643, 31.282931454178215], [118.3789101629296, 31.282931454178215], [118.3789101629296, 31.28311111723504], [118.37837117375912, 31.28311111723504], [118.37837117375912, 31.282931454178215], [118.37819151070231, 31.282931454178215], [118.37819151070231, 31.283829769462336], [118.37801184764548, 31.283829769462336], [118.37801184764548, 31.284189095575982], [118.37855083681595, 31.284189095575982], [118.37855083681595, 31.28436875863281], [118.37837117375912, 31.28436875863281], [118.37837117375912, 31.28454842168963], [118.37801184764548, 31.28454842168963]]]}, "properties": {"name": "cand13", "ptype": "hall", "confidence": "low", "rank": 13, "area_ha": 4.8, "rise_db": 10.2, "digitised_from": "Sentinel-1 VV rise 2021->2026, orbit 69"}}, {"type": "Feature", "geometry": {"geodesic": false, "type": "Polygon", "coordinates": [[[118.39058826162315, 31.352640720225892], [118.39058826162315, 31.352461057169066], [118.3902289355095, 31.352461057169066], [118.3902289355095, 31.352281394112243], [118.38986960939586, 31.352281394112243], [118.38986960939586, 31.351922067998597], [118.39004927245269, 31.351922067998597], [118.39004927245269, 31.351383078828125], [118.38986960939586, 31.351383078828125], [118.38986960939586, 31.351203415771298], [118.38968994633903, 31.351203415771298], [118.38968994633903, 31.35066442660083], [118.39058826162315, 31.35066442660083], [118.39058826162315, 31.350484763544003], [118.39076792467998, 31.350484763544003], [118.39076792467998, 31.35030510048718], [118.39112725079362, 31.35030510048718], [118.39112725079362, 31.350484763544003], [118.39184590302092, 31.350484763544003], [118.39184590302092, 31.351203415771298], [118.39202556607775, 31.351203415771298], [118.39202556607775, 31.351383078828125], [118.39220522913456, 31.351383078828125], [118.39220522913456, 31.35174240494177], [118.39202556607775, 31.35174240494177], [118.39202556607775, 31.35210173105542], [118.39184590302092, 31.35210173105542], [118.39184590302092, 31.352281394112243], [118.39130691385044, 31.352281394112243], [118.39130691385044, 31.35210173105542], [118.3909475877368, 31.35210173105542], [118.3909475877368, 31.352461057169066], [118.39076792467998, 31.352461057169066], [118.39076792467998, 31.352640720225892], [118.39058826162315, 31.352640720225892]]]}, "properties": {"name": "cand14", "ptype": "hall", "confidence": "low", "rank": 14, "area_ha": 4.7, "rise_db": 10.1, "digitised_from": "Sentinel-1 VV rise 2021->2026, orbit 69"}}, {"type": "Feature", "geometry": {"geodesic": false, "type": "Polygon", "coordinates": [[[118.4195140137718, 31.321918337509004], [118.4195140137718, 31.32173867445218], [118.41897502460132, 31.32173867445218], [118.41897502460132, 31.321559011395355], [118.41879536154451, 31.321559011395355], [118.41879536154451, 31.32137934833853], [118.41771738320357, 31.32137934833853], [118.41771738320357, 31.321559011395355], [118.41735805708991, 31.321559011395355], [118.41735805708991, 31.32119968528171], [118.41699873097626, 31.32119968528171], [118.41699873097626, 31.321020022224882], [118.41681906791945, 31.321020022224882], [118.41681906791945, 31.320660696111236], [118.41699873097626, 31.320660696111236], [118.41699873097626, 31.31994204388394], [118.41717839403309, 31.31994204388394], [118.41717839403309, 31.319762380827118], [118.41753772014674, 31.319762380827118], [118.41753772014674, 31.31958271777029], [118.41771738320357, 31.31958271777029], [118.41771738320357, 31.31940305471347], [118.41789704626038, 31.31940305471347], [118.41789704626038, 31.31958271777029], [118.41843603543086, 31.31958271777029], [118.41843603543086, 31.319762380827118], [118.41861569848768, 31.319762380827118], [118.41861569848768, 31.31994204388394], [118.41843603543086, 31.31994204388394], [118.41843603543086, 31.320301369997587], [118.41825637237403, 31.320301369997587], [118.41825637237403, 31.320660696111236], [118.41843603543086, 31.320660696111236], [118.41843603543086, 31.32084035916806], [118.41879536154451, 31.32084035916806], [118.41879536154451, 31.320660696111236], [118.41897502460132, 31.320660696111236], [118.41897502460132, 31.31958271777029], [118.41933435071498, 31.31958271777029], [118.41933435071498, 31.321559011395355], [118.41969367682863, 31.321559011395355], [118.41969367682863, 31.321918337509004], [118.4195140137718, 31.321918337509004]]]}, "properties": {"name": "cand15", "ptype": "hall", "confidence": "low", "rank": 15, "area_ha": 4.6, "rise_db": 5.5, "digitised_from": "Sentinel-1 VV rise 2021->2026, orbit 69"}}, {"type": "Feature", "geometry": {"geodesic": false, "type": "Polygon", "coordinates": [[[118.31710607138217, 31.37366129787429], [118.31710607138217, 31.373481634817463], [118.31674674526853, 31.373481634817463], [118.31674674526853, 31.373122308703817], [118.31710607138217, 31.373122308703817], [118.31710607138217, 31.372942645646994], [118.31692640832534, 31.372942645646994], [118.31692640832534, 31.372762982590167], [118.31710607138217, 31.372762982590167], [118.31710607138217, 31.372583319533344], [118.317285734439, 31.372583319533344], [118.317285734439, 31.372223993419695], [118.31764506055265, 31.372223993419695], [118.31764506055265, 31.371685004249226], [118.31782472360948, 31.371685004249226], [118.31782472360948, 31.37096635202193], [118.31800438666629, 31.37096635202193], [118.31800438666629, 31.370786688965104], [118.31836371277994, 31.370786688965104], [118.31836371277994, 31.37096635202193], [118.31854337583677, 31.37096635202193], [118.31854337583677, 31.37060702590828], [118.31836371277994, 31.37060702590828], [118.31836371277994, 31.37042736285146], [118.31854337583677, 31.37042736285146], [118.31854337583677, 31.370247699794632], [118.3189027019504, 31.370247699794632], [118.3189027019504, 31.37042736285146], [118.31908236500723, 31.37042736285146], [118.31908236500723, 31.370786688965104], [118.3187230388936, 31.370786688965104], [118.3187230388936, 31.37096635202193], [118.31854337583677, 31.37096635202193], [118.31854337583677, 31.371325678135577], [118.3187230388936, 31.371325678135577], [118.3187230388936, 31.371685004249226], [118.31818404972311, 31.371685004249226], [118.31818404972311, 31.372044330362872], [118.31800438666629, 31.372044330362872], [118.31800438666629, 31.372223993419695], [118.31764506055265, 31.372223993419695], [118.31764506055265, 31.372583319533344], [118.31836371277994, 31.372583319533344], [118.31836371277994, 31.372762982590167], [118.31854337583677, 31.372762982590167], [118.31854337583677, 31.372223993419695], [118.3187230388936, 31.372223993419695], [118.3187230388936, 31.372044330362872], [118.3189027019504, 31.372044330362872], [118.3189027019504, 31.37186466730605], [118.31908236500723, 31.37186466730605], [118.31908236500723, 31.371685004249226], [118.31944169112089, 31.371685004249226], [118.31944169112089, 31.3715053411924], [118.31962135417771, 31.3715053411924], [118.31962135417771, 31.37096635202193], [118.31980101723454, 31.37096635202193], [118.31980101723454, 31.370786688965104], [118.31962135417771, 31.370786688965104], [118.31962135417771, 31.37042736285146], [118.31980101723454, 31.37042736285146], [118.31980101723454, 31.370247699794632], [118.320340006405, 31.370247699794632], [118.320340006405, 31.37042736285146], [118.32016034334818, 31.37042736285146], [118.32016034334818, 31.37060702590828], [118.31998068029135, 31.37060702590828], [118.31998068029135, 31.37096635202193], [118.31980101723454, 31.37096635202193], [118.31980101723454, 31.3715053411924], [118.31962135417771, 31.3715053411924], [118.31962135417771, 31.371685004249226], [118.31944169112089, 31.371685004249226], [118.31944169112089, 31.37186466730605], [118.31908236500723, 31.37186466730605], [118.31908236500723, 31.37240365647652], [118.3189027019504, 31.37240365647652], [118.3189027019504, 31.372583319533344], [118.3187230388936, 31.372583319533344], [118.3187230388936, 31.373122308703817], [118.31836371277994, 31.373122308703817], [118.31836371277994, 31.372942645646994], [118.31764506055265, 31.372942645646994], [118.31764506055265, 31.373122308703817], [118.31746539749582, 31.373122308703817], [118.31746539749582, 31.37366129787429], [118.31710607138217, 31.37366129787429]], [[118.31746539749582, 31.373122308703817], [118.317285734439, 31.373122308703817], [118.317285734439, 31.372942645646994], [118.31710607138217, 31.372942645646994], [118.31710607138217, 31.372762982590167], [118.31764506055265, 31.372762982590167], [118.31764506055265, 31.372942645646994], [118.31746539749582, 31.372942645646994], [118.31746539749582, 31.373122308703817]]]}, "properties": {"name": "cand16", "ptype": "hall", "confidence": "low", "rank": 16, "area_ha": 3.8, "rise_db": 8.2, "digitised_from": "Sentinel-1 VV rise 2021->2026, orbit 69"}}, {"type": "Feature", "geometry": {"geodesic": false, "type": "Polygon", "coordinates": [[[118.35806924833803, 31.34886779603259], [118.35806924833803, 31.348688132975767], [118.35753025916755, 31.348688132975767], [118.35753025916755, 31.34886779603259], [118.35717093305391, 31.34886779603259], [118.35717093305391, 31.348688132975767], [118.35699126999708, 31.348688132975767], [118.35699126999708, 31.34796948074847], [118.35681160694025, 31.34796948074847], [118.35681160694025, 31.347789817691645], [118.35663194388343, 31.347789817691645], [118.35663194388343, 31.347610154634822], [118.35681160694025, 31.347610154634822], [118.35681160694025, 31.347430491578], [118.35842857445168, 31.347430491578], [118.35842857445168, 31.347610154634822], [118.35878790056532, 31.347610154634822], [118.35878790056532, 31.347789817691645], [118.35896756362214, 31.347789817691645], [118.35896756362214, 31.347610154634822], [118.35950655279261, 31.347610154634822], [118.35950655279261, 31.347789817691645], [118.35914722667897, 31.347789817691645], [118.35914722667897, 31.348688132975767], [118.35842857445168, 31.348688132975767], [118.35842857445168, 31.34886779603259], [118.35806924833803, 31.34886779603259]]]}, "properties": {"name": "cand17", "ptype": "hall", "confidence": "low", "rank": 17, "area_ha": 3.6, "rise_db": 6.4, "digitised_from": "Sentinel-1 VV rise 2021->2026, orbit 69"}}, {"type": "Feature", "geometry": {"geodesic": false, "type": "Polygon", "coordinates": [[[118.32770619173479, 31.360545894726144], [118.32770619173479, 31.360186568612495], [118.32752652867796, 31.360186568612495], [118.32752652867796, 31.360366231669317], [118.32698753950748, 31.360366231669317], [118.32698753950748, 31.360186568612495], [118.32680787645066, 31.360186568612495], [118.32680787645066, 31.360366231669317], [118.32662821339385, 31.360366231669317], [118.32662821339385, 31.360186568612495], [118.32644855033702, 31.360186568612495], [118.32644855033702, 31.36000690555567], [118.32680787645066, 31.36000690555567], [118.32680787645066, 31.35982724249885], [118.32716720256431, 31.35982724249885], [118.32716720256431, 31.359647579442022], [118.32734686562114, 31.359647579442022], [118.32734686562114, 31.3594679163852], [118.32770619173479, 31.3594679163852], [118.32770619173479, 31.359288253328376], [118.32698753950748, 31.359288253328376], [118.32698753950748, 31.35910859027155], [118.3262688872802, 31.35910859027155], [118.3262688872802, 31.358928927214727], [118.32644855033702, 31.358928927214727], [118.32644855033702, 31.358389938044255], [118.32680787645066, 31.358389938044255], [118.32680787645066, 31.35821027498743], [118.32734686562114, 31.35821027498743], [118.32734686562114, 31.358389938044255], [118.3278858547916, 31.358389938044255], [118.3278858547916, 31.358928927214727], [118.32806551784843, 31.358928927214727], [118.32806551784843, 31.35910859027155], [118.32842484396208, 31.35910859027155], [118.32842484396208, 31.359288253328376], [118.32824518090526, 31.359288253328376], [118.32824518090526, 31.3594679163852], [118.32806551784843, 31.3594679163852], [118.32806551784843, 31.35982724249885], [118.32824518090526, 31.35982724249885], [118.32824518090526, 31.360366231669317], [118.3278858547916, 31.360366231669317], [118.3278858547916, 31.360545894726144], [118.32770619173479, 31.360545894726144]]]}, "properties": {"name": "cand18", "ptype": "hall", "confidence": "low", "rank": 18, "area_ha": 3.3, "rise_db": 5.8, "digitised_from": "Sentinel-1 VV rise 2021->2026, orbit 69"}}, {"type": "Feature", "geometry": {"geodesic": false, "type": "Polygon", "coordinates": [[[118.35914722667897, 31.289399324223876], [118.35914722667897, 31.288501008939757], [118.3593268897358, 31.288501008939757], [118.3593268897358, 31.287423030598813], [118.35914722667897, 31.287423030598813], [118.35914722667897, 31.28724336754199], [118.35896756362214, 31.28724336754199], [118.35896756362214, 31.28688404142834], [118.35914722667897, 31.28688404142834], [118.35914722667897, 31.286704378371518], [118.35950655279261, 31.286704378371518], [118.35950655279261, 31.286524715314695], [118.35968621584944, 31.286524715314695], [118.35968621584944, 31.286165389201045], [118.35986587890626, 31.286165389201045], [118.35986587890626, 31.2858060630874], [118.36004554196309, 31.2858060630874], [118.36004554196309, 31.285626400030576], [118.36022520501992, 31.285626400030576], [118.36022520501992, 31.286165389201045], [118.36004554196309, 31.286165389201045], [118.36004554196309, 31.286704378371518], [118.36022520501992, 31.286704378371518], [118.36022520501992, 31.28688404142834], [118.36112352030403, 31.28688404142834], [118.36112352030403, 31.287063704485167], [118.36130318336086, 31.287063704485167], [118.36130318336086, 31.28724336754199], [118.36094385724721, 31.28724336754199], [118.36094385724721, 31.287423030598813], [118.36004554196309, 31.287423030598813], [118.36004554196309, 31.287782356712462], [118.35986587890626, 31.287782356712462], [118.35986587890626, 31.287962019769285], [118.35968621584944, 31.287962019769285], [118.35968621584944, 31.28868067199658], [118.35950655279261, 31.28868067199658], [118.35950655279261, 31.289399324223876], [118.35914722667897, 31.289399324223876]]]}, "properties": {"name": "cand19", "ptype": "hall", "confidence": "low", "rank": 19, "area_ha": 3.2, "rise_db": 9.4, "digitised_from": "Sentinel-1 VV rise 2021->2026, orbit 69"}}, {"type": "Feature", "geometry": {"geodesic": false, "type": "Polygon", "coordinates": [[[118.35106238912189, 31.350844089657652], [118.35106238912189, 31.35066442660083], [118.3503437368946, 31.35066442660083], [118.3503437368946, 31.350484763544003], [118.35016407383777, 31.350484763544003], [118.35016407383777, 31.35030510048718], [118.3503437368946, 31.35030510048718], [118.3503437368946, 31.349586448259885], [118.35052339995143, 31.349586448259885], [118.35052339995143, 31.349766111316708], [118.35070306300824, 31.349766111316708], [118.35070306300824, 31.349945774373534], [118.35106238912189, 31.349945774373534], [118.35106238912189, 31.349406785203062], [118.35160137829236, 31.349406785203062], [118.35160137829236, 31.349586448259885], [118.35214036746284, 31.349586448259885], [118.35214036746284, 31.349766111316708], [118.3526793566333, 31.349766111316708], [118.3526793566333, 31.349586448259885], [118.35303868274696, 31.349586448259885], [118.35303868274696, 31.349766111316708], [118.35357767191742, 31.349766111316708], [118.35357767191742, 31.350125437430357], [118.35339800886061, 31.350125437430357], [118.35339800886061, 31.35030510048718], [118.35321834580378, 31.35030510048718], [118.35321834580378, 31.350125437430357], [118.35214036746284, 31.350125437430357], [118.35214036746284, 31.35030510048718], [118.35196070440601, 31.35030510048718], [118.35196070440601, 31.350484763544003], [118.35178104134918, 31.350484763544003], [118.35178104134918, 31.35030510048718], [118.35160137829236, 31.35030510048718], [118.35160137829236, 31.350125437430357], [118.35142171523555, 31.350125437430357], [118.35142171523555, 31.350484763544003], [118.35160137829236, 31.350484763544003], [118.35160137829236, 31.350844089657652], [118.35106238912189, 31.350844089657652]]]}, "properties": {"name": "cand20", "ptype": "hall", "confidence": "low", "rank": 20, "area_ha": 3.0, "rise_db": 7.4, "digitised_from": "Sentinel-1 VV rise 2021->2026, orbit 69"}}, {"type": "Feature", "geometry": {"geodesic": false, "type": "Polygon", "coordinates": [[[118.41735805708991, 31.34060329541869], [118.41735805708991, 31.340423632361865], [118.41681906791945, 31.340423632361865], [118.41681906791945, 31.340243969305043], [118.41663940486262, 31.340243969305043], [118.41663940486262, 31.340064306248216], [118.4164597418058, 31.340064306248216], [118.4164597418058, 31.33970498013457], [118.41663940486262, 31.33970498013457], [118.41663940486262, 31.339525317077747], [118.41717839403309, 31.339525317077747], [118.41717839403309, 31.33934565402092], [118.41861569848768, 31.33934565402092], [118.41861569848768, 31.339165990964098], [118.41897502460132, 31.339165990964098], [118.41897502460132, 31.33934565402092], [118.41915468765815, 31.33934565402092], [118.41915468765815, 31.33970498013457], [118.41897502460132, 31.33970498013457], [118.41897502460132, 31.339884643191393], [118.41879536154451, 31.339884643191393], [118.41879536154451, 31.340064306248216], [118.41861569848768, 31.340064306248216], [118.41861569848768, 31.340243969305043], [118.41789704626038, 31.340243969305043], [118.41789704626038, 31.340423632361865], [118.41753772014674, 31.340423632361865], [118.41753772014674, 31.34060329541869], [118.41735805708991, 31.34060329541869]]]}, "properties": {"name": "cand21", "ptype": "hall", "confidence": "low", "rank": 21, "area_ha": 2.9, "rise_db": 10.3, "digitised_from": "Sentinel-1 VV rise 2021->2026, orbit 69"}}, {"type": "Feature", "geometry": {"geodesic": false, "type": "Polygon", "coordinates": [[[118.3902289355095, 31.343298241271047], [118.3902289355095, 31.343118578214224], [118.39004927245269, 31.343118578214224], [118.39004927245269, 31.342759252100578], [118.38986960939586, 31.342759252100578], [118.38986960939586, 31.34257958904375], [118.38968994633903, 31.34257958904375], [118.38968994633903, 31.342220262930105], [118.38986960939586, 31.342220262930105], [118.38986960939586, 31.34204059987328], [118.39004927245269, 31.34204059987328], [118.39004927245269, 31.341860936816456], [118.39040859856632, 31.341860936816456], [118.39040859856632, 31.341681273759633], [118.39184590302092, 31.341681273759633], [118.39184590302092, 31.342220262930105], [118.39148657690727, 31.342220262930105], [118.39148657690727, 31.342759252100578], [118.39130691385044, 31.342759252100578], [118.39130691385044, 31.3429389151574], [118.3909475877368, 31.3429389151574], [118.3909475877368, 31.343118578214224], [118.39058826162315, 31.343118578214224], [118.39058826162315, 31.343298241271047], [118.3902289355095, 31.343298241271047]]]}, "properties": {"name": "cand22", "ptype": "hall", "confidence": "low", "rank": 22, "area_ha": 2.9, "rise_db": 10.2, "digitised_from": "Sentinel-1 VV rise 2021->2026, orbit 69"}}, {"type": "Feature", "geometry": {"geodesic": false, "type": "Polygon", "coordinates": [[[118.36292015087227, 31.35803061193061], [118.36292015087227, 31.357132296646487], [118.3630998139291, 31.357132296646487], [118.3630998139291, 31.356952633589664], [118.36256082475862, 31.356952633589664], [118.36256082475862, 31.357311959703313], [118.3623811617018, 31.357311959703313], [118.3623811617018, 31.357491622760136], [118.36220149864498, 31.357491622760136], [118.36220149864498, 31.35767128581696], [118.36202183558815, 31.35767128581696], [118.36202183558815, 31.357491622760136], [118.36184217253133, 31.357491622760136], [118.36184217253133, 31.35677297053284], [118.36202183558815, 31.35677297053284], [118.36202183558815, 31.355874655248723], [118.36220149864498, 31.355874655248723], [118.36220149864498, 31.355694992191896], [118.36256082475862, 31.355694992191896], [118.36256082475862, 31.35641364441919], [118.36292015087227, 31.35641364441919], [118.36292015087227, 31.355874655248723], [118.36327947698592, 31.355874655248723], [118.36327947698592, 31.356054318305546], [118.36345914004274, 31.356054318305546], [118.36345914004274, 31.357491622760136], [118.36327947698592, 31.357491622760136], [118.36327947698592, 31.35803061193061], [118.36292015087227, 31.35803061193061]]]}, "properties": {"name": "cand23", "ptype": "hall", "confidence": "low", "rank": 23, "area_ha": 2.8, "rise_db": 7.2, "digitised_from": "Sentinel-1 VV rise 2021->2026, orbit 69"}}, {"type": "Feature", "geometry": {"geodesic": false, "type": "Polygon", "coordinates": [[[118.37801184764548, 31.32694890310007], [118.37801184764548, 31.326769240043248], [118.377472858475, 31.326769240043248], [118.377472858475, 31.326409913929602], [118.37783218458866, 31.326409913929602], [118.37783218458866, 31.326050587815953], [118.37801184764548, 31.326050587815953], [118.37801184764548, 31.32587092475913], [118.37819151070231, 31.32587092475913], [118.37819151070231, 31.326050587815953], [118.37926948904324, 31.326050587815953], [118.37926948904324, 31.325691261702307], [118.37944915210007, 31.325691261702307], [118.37944915210007, 31.32551159864548], [118.37980847821372, 31.32551159864548], [118.37980847821372, 31.325691261702307], [118.38034746738418, 31.325691261702307], [118.38034746738418, 31.32587092475913], [118.38016780432737, 31.32587092475913], [118.38016780432737, 31.326050587815953], [118.37998814127054, 31.326050587815953], [118.37998814127054, 31.326230250872776], [118.37980847821372, 31.326230250872776], [118.37980847821372, 31.326769240043248], [118.37962881515689, 31.326769240043248], [118.37962881515689, 31.326589576986425], [118.37944915210007, 31.326589576986425], [118.37944915210007, 31.326409913929602], [118.37926948904324, 31.326409913929602], [118.37926948904324, 31.326230250872776], [118.37908982598643, 31.326230250872776], [118.37908982598643, 31.326589576986425], [118.3789101629296, 31.326589576986425], [118.3789101629296, 31.32694890310007], [118.37801184764548, 31.32694890310007]]]}, "properties": {"name": "cand24", "ptype": "hall", "confidence": "low", "rank": 24, "area_ha": 2.4, "rise_db": 7.2, "digitised_from": "Sentinel-1 VV rise 2021->2026, orbit 69"}}, {"type": "Feature", "geometry": {"geodesic": false, "type": "Polygon", "coordinates": [[[118.37531690179311, 31.29137561784894], [118.37531690179311, 31.291195954792116], [118.3751372387363, 31.291195954792116], [118.3751372387363, 31.290836628678466], [118.37531690179311, 31.290836628678466], [118.37531690179311, 31.290656965621643], [118.37567622790677, 31.290656965621643], [118.37567622790677, 31.29011797645117], [118.37549656484994, 31.29011797645117], [118.37549656484994, 31.289399324223876], [118.37567622790677, 31.289399324223876], [118.37567622790677, 31.28903999811023], [118.37639488013406, 31.28903999811023], [118.37639488013406, 31.289219661167053], [118.37657454319088, 31.289219661167053], [118.37657454319088, 31.289399324223876], [118.37675420624771, 31.289399324223876], [118.37675420624771, 31.29011797645117], [118.37657454319088, 31.29011797645117], [118.37657454319088, 31.290297639507997], [118.37639488013406, 31.290297639507997], [118.37639488013406, 31.29047730256482], [118.37585589096359, 31.29047730256482], [118.37585589096359, 31.291016291735293], [118.37567622790677, 31.291016291735293], [118.37567622790677, 31.29137561784894], [118.37531690179311, 31.29137561784894]]]}, "properties": {"name": "cand25", "ptype": "hall", "confidence": "low", "rank": 25, "area_ha": 2.4, "rise_db": 11.5, "digitised_from": "Sentinel-1 VV rise 2021->2026, orbit 69"}}, {"type": "Feature", "geometry": {"geodesic": false, "type": "Polygon", "coordinates": [[[118.40388332782813, 31.309521586588154], [118.40388332782813, 31.30934192353133], [118.4037036647713, 31.30934192353133], [118.4037036647713, 31.309162260474505], [118.40298501254401, 31.309162260474505], [118.40298501254401, 31.308982597417682], [118.40262568643035, 31.308982597417682], [118.40262568643035, 31.30880293436086], [118.40244602337353, 31.30880293436086], [118.40244602337353, 31.30844360824721], [118.40262568643035, 31.30844360824721], [118.40262568643035, 31.307724956019914], [118.40280534948718, 31.307724956019914], [118.40280534948718, 31.30754529296309], [118.40316467560082, 31.30754529296309], [118.40316467560082, 31.307724956019914], [118.40334433865765, 31.307724956019914], [118.40334433865765, 31.308084282133564], [118.40352400171447, 31.308084282133564], [118.40352400171447, 31.30844360824721], [118.40334433865765, 31.30844360824721], [118.40334433865765, 31.308623271304036], [118.40352400171447, 31.308623271304036], [118.40352400171447, 31.30880293436086], [118.40424265394176, 31.30880293436086], [118.40424265394176, 31.308982597417682], [118.40442231699859, 31.308982597417682], [118.40442231699859, 31.30880293436086], [118.40460198005542, 31.30880293436086], [118.40460198005542, 31.309521586588154], [118.40388332782813, 31.309521586588154]]]}, "properties": {"name": "cand26", "ptype": "hall", "confidence": "low", "rank": 26, "area_ha": 2.4, "rise_db": 7.8, "digitised_from": "Sentinel-1 VV rise 2021->2026, orbit 69"}}, {"type": "Feature", "geometry": {"geodesic": false, "type": "Polygon", "coordinates": [[[118.37459824956582, 31.280236508325856], [118.37459824956582, 31.280056845269034], [118.374418586509, 31.280056845269034], [118.374418586509, 31.279158529984915], [118.37459824956582, 31.279158529984915], [118.37459824956582, 31.27897886692809], [118.37477791262265, 31.27897886692809], [118.37477791262265, 31.27843987775762], [118.37495757567947, 31.27843987775762], [118.37495757567947, 31.27808055164397], [118.37531690179311, 31.27808055164397], [118.37531690179311, 31.278260214700794], [118.37549656484994, 31.278260214700794], [118.37549656484994, 31.278619540814443], [118.37567622790677, 31.278619540814443], [118.37567622790677, 31.278799203871266], [118.37549656484994, 31.278799203871266], [118.37549656484994, 31.27897886692809], [118.37567622790677, 31.27897886692809], [118.37567622790677, 31.279158529984915], [118.37549656484994, 31.279158529984915], [118.37549656484994, 31.27951785609856], [118.37531690179311, 31.27951785609856], [118.37531690179311, 31.280056845269034], [118.3751372387363, 31.280056845269034], [118.3751372387363, 31.280236508325856], [118.37459824956582, 31.280236508325856]]]}, "properties": {"name": "cand27", "ptype": "hall", "confidence": "low", "rank": 27, "area_ha": 2.2, "rise_db": 9.0, "digitised_from": "Sentinel-1 VV rise 2021->2026, orbit 69"}}, {"type": "Feature", "geometry": {"geodesic": false, "type": "Polygon", "coordinates": [[[118.4247242424197, 31.341681273759633], [118.4247242424197, 31.34150161070281], [118.42436491630605, 31.34150161070281], [118.42436491630605, 31.341321947645984], [118.42382592713557, 31.341321947645984], [118.42382592713557, 31.34114228458916], [118.42364626407876, 31.34114228458916], [118.42364626407876, 31.340962621532338], [118.42382592713557, 31.340962621532338], [118.42382592713557, 31.340782958475515], [118.42436491630605, 31.340782958475515], [118.42436491630605, 31.34060329541869], [118.42490390547651, 31.34060329541869], [118.42490390547651, 31.340782958475515], [118.42508356853334, 31.340782958475515], [118.42508356853334, 31.340962621532338], [118.42526323159016, 31.340962621532338], [118.42526323159016, 31.340782958475515], [118.42580222076063, 31.340782958475515], [118.42580222076063, 31.34114228458916], [118.42598188381746, 31.34114228458916], [118.42598188381746, 31.34150161070281], [118.42580222076063, 31.34150161070281], [118.42580222076063, 31.341681273759633], [118.4247242424197, 31.341681273759633]]]}, "properties": {"name": "cand28", "ptype": "hall", "confidence": "low", "rank": 28, "area_ha": 2.1, "rise_db": 8.6, "digitised_from": "Sentinel-1 VV rise 2021->2026, orbit 69"}}, {"type": "Feature", "geometry": {"geodesic": false, "type": "Polygon", "coordinates": [[[118.37046599925887, 31.32874553366831], [118.37046599925887, 31.328026881441016], [118.37028633620206, 31.328026881441016], [118.37028633620206, 31.327487892270543], [118.37100498842935, 31.327487892270543], [118.37100498842935, 31.32730822921372], [118.37136431454299, 31.32730822921372], [118.37136431454299, 31.327487892270543], [118.37154397759981, 31.327487892270543], [118.37154397759981, 31.32766755532737], [118.37172364065664, 31.32766755532737], [118.37172364065664, 31.327847218384193], [118.37190330371347, 31.327847218384193], [118.37190330371347, 31.328026881441016], [118.37172364065664, 31.328026881441016], [118.37172364065664, 31.328386207554665], [118.37154397759981, 31.328386207554665], [118.37154397759981, 31.328565870611488], [118.37136431454299, 31.328565870611488], [118.37136431454299, 31.32874553366831], [118.37046599925887, 31.32874553366831]]]}, "properties": {"name": "cand29", "ptype": "hall", "confidence": "low", "rank": 29, "area_ha": 2.0, "rise_db": 8.8, "digitised_from": "Sentinel-1 VV rise 2021->2026, orbit 69"}}, {"type": "Feature", "geometry": {"geodesic": false, "type": "Polygon", "coordinates": [[[118.41987333988544, 31.340064306248216], [118.41987333988544, 31.339884643191393], [118.41969367682863, 31.339884643191393], [118.41969367682863, 31.33970498013457], [118.4195140137718, 31.33970498013457], [118.4195140137718, 31.339525317077747], [118.41933435071498, 31.339525317077747], [118.41933435071498, 31.33934565402092], [118.4195140137718, 31.33934565402092], [118.4195140137718, 31.339165990964098], [118.41969367682863, 31.339165990964098], [118.41969367682863, 31.33790834956633], [118.4202326659991, 31.33790834956633], [118.4202326659991, 31.338088012623153], [118.42041232905592, 31.338088012623153], [118.42041232905592, 31.338447338736803], [118.4202326659991, 31.338447338736803], [118.4202326659991, 31.338806664850452], [118.42041232905592, 31.338806664850452], [118.42041232905592, 31.339165990964098], [118.42059199211275, 31.339165990964098], [118.42059199211275, 31.33934565402092], [118.42041232905592, 31.33934565402092], [118.42041232905592, 31.339525317077747], [118.42059199211275, 31.339525317077747], [118.42059199211275, 31.33970498013457], [118.42041232905592, 31.33970498013457], [118.42041232905592, 31.340064306248216], [118.41987333988544, 31.340064306248216]]]}, "properties": {"name": "cand30", "ptype": "hall", "confidence": "low", "rank": 30, "area_ha": 2.0, "rise_db": 6.9, "digitised_from": "Sentinel-1 VV rise 2021->2026, orbit 69"}}, {"type": "Feature", "geometry": {"geodesic": false, "type": "Polygon", "coordinates": [[[118.34926575855366, 31.34796948074847], [118.34926575855366, 31.347430491578], [118.34908609549683, 31.347430491578], [118.34908609549683, 31.347250828521172], [118.34890643244, 31.347250828521172], [118.34890643244, 31.346891502407527], [118.34908609549683, 31.346891502407527], [118.34908609549683, 31.346711839350704], [118.34944542161048, 31.346711839350704], [118.34944542161048, 31.346532176293877], [118.3496250846673, 31.346532176293877], [118.3496250846673, 31.346352513237054], [118.34926575855366, 31.346352513237054], [118.34926575855366, 31.345993187123405], [118.34944542161048, 31.345993187123405], [118.34944542161048, 31.34563386100976], [118.34926575855366, 31.34563386100976], [118.34926575855366, 31.345094871839287], [118.34908609549683, 31.345094871839287], [118.34908609549683, 31.344915208782464], [118.3496250846673, 31.344915208782464], [118.3496250846673, 31.345094871839287], [118.34980474772412, 31.345094871839287], [118.34980474772412, 31.34527453489611], [118.34998441078095, 31.34527453489611], [118.34998441078095, 31.34563386100976], [118.34980474772412, 31.34563386100976], [118.34980474772412, 31.345813524066582], [118.3496250846673, 31.345813524066582], [118.3496250846673, 31.345993187123405], [118.34944542161048, 31.345993187123405], [118.34944542161048, 31.34617285018023], [118.3496250846673, 31.34617285018023], [118.3496250846673, 31.346352513237054], [118.34980474772412, 31.346352513237054], [118.34980474772412, 31.347789817691645], [118.3496250846673, 31.347789817691645], [118.3496250846673, 31.34796948074847], [118.34926575855366, 31.34796948074847]]]}, "properties": {"name": "cand31", "ptype": "hall", "confidence": "low", "rank": 31, "area_ha": 2.0, "rise_db": 9.8, "digitised_from": "Sentinel-1 VV rise 2021->2026, orbit 69"}}, {"type": "Feature", "geometry": {"geodesic": false, "type": "Polygon", "coordinates": [[[118.3630998139291, 31.382105461545013], [118.3630998139291, 31.381925798488187], [118.36292015087227, 31.381925798488187], [118.36292015087227, 31.38120714626089], [118.3630998139291, 31.38120714626089], [118.3630998139291, 31.380847820147245], [118.36327947698592, 31.380847820147245], [118.36327947698592, 31.38066815709042], [118.36399812921321, 31.38066815709042], [118.36399812921321, 31.380847820147245], [118.36435745532687, 31.380847820147245], [118.36435745532687, 31.38102748320407], [118.36453711838368, 31.38102748320407], [118.36453711838368, 31.38156647237454], [118.36435745532687, 31.38156647237454], [118.36435745532687, 31.381746135431364], [118.36345914004274, 31.381746135431364], [118.36345914004274, 31.381925798488187], [118.36327947698592, 31.381925798488187], [118.36327947698592, 31.382105461545013], [118.3630998139291, 31.382105461545013]]]}, "properties": {"name": "cand32", "ptype": "hall", "confidence": "low", "rank": 32, "area_ha": 2.0, "rise_db": 6.8, "digitised_from": "Sentinel-1 VV rise 2021->2026, orbit 69"}}, {"type": "Feature", "geometry": {"geodesic": false, "type": "Polygon", "coordinates": [[[118.4074765889646, 31.30395203182661], [118.4074765889646, 31.30377236876979], [118.40693759979413, 31.30377236876979], [118.40693759979413, 31.303592705712965], [118.4067579367373, 31.303592705712965], [118.4067579367373, 31.303233379599316], [118.40657827368048, 31.303233379599316], [118.40657827368048, 31.30287405348567], [118.4067579367373, 31.30287405348567], [118.4067579367373, 31.302694390428847], [118.40729692590777, 31.302694390428847], [118.40729692590777, 31.30251472737202], [118.40801557813506, 31.30251472737202], [118.40801557813506, 31.30287405348567], [118.40783591507825, 31.30287405348567], [118.40783591507825, 31.303413042656143], [118.40801557813506, 31.303413042656143], [118.40801557813506, 31.30395203182661], [118.4074765889646, 31.30395203182661]]]}, "properties": {"name": "cand33", "ptype": "hall", "confidence": "low", "rank": 33, "area_ha": 1.9, "rise_db": 6.8, "digitised_from": "Sentinel-1 VV rise 2021->2026, orbit 69"}}, {"type": "Feature", "geometry": {"geodesic": false, "type": "Polygon", "coordinates": [[[118.3526793566333, 31.348328806862117], [118.3526793566333, 31.348149143805294], [118.35196070440601, 31.348149143805294], [118.35196070440601, 31.34796948074847], [118.35178104134918, 31.34796948074847], [118.35178104134918, 31.347789817691645], [118.35160137829236, 31.347789817691645], [118.35160137829236, 31.347610154634822], [118.35178104134918, 31.347610154634822], [118.35178104134918, 31.347250828521172], [118.35214036746284, 31.347250828521172], [118.35214036746284, 31.347610154634822], [118.35249969357649, 31.347610154634822], [118.35249969357649, 31.346891502407527], [118.3526793566333, 31.346891502407527], [118.3526793566333, 31.346711839350704], [118.35285901969013, 31.346711839350704], [118.35285901969013, 31.346891502407527], [118.35303868274696, 31.346891502407527], [118.35303868274696, 31.34707116546435], [118.35339800886061, 31.34707116546435], [118.35339800886061, 31.347250828521172], [118.35321834580378, 31.347250828521172], [118.35321834580378, 31.34796948074847], [118.35303868274696, 31.34796948074847], [118.35303868274696, 31.348149143805294], [118.35285901969013, 31.348149143805294], [118.35285901969013, 31.348328806862117], [118.3526793566333, 31.348328806862117]]]}, "properties": {"name": "cand34", "ptype": "hall", "confidence": "low", "rank": 34, "area_ha": 1.8, "rise_db": 6.7, "digitised_from": "Sentinel-1 VV rise 2021->2026, orbit 69"}}, {"type": "Feature", "geometry": {"geodesic": false, "type": "Polygon", "coordinates": [[[118.35357767191742, 31.359288253328376], [118.35357767191742, 31.358749264157904], [118.35339800886061, 31.358749264157904], [118.35339800886061, 31.35856960110108], [118.35321834580378, 31.35856960110108], [118.35321834580378, 31.358389938044255], [118.35303868274696, 31.358389938044255], [118.35303868274696, 31.35803061193061], [118.35357767191742, 31.35803061193061], [118.35357767191742, 31.35821027498743], [118.35393699803107, 31.35821027498743], [118.35393699803107, 31.358389938044255], [118.3541166610879, 31.358389938044255], [118.3541166610879, 31.35821027498743], [118.35429632414473, 31.35821027498743], [118.35429632414473, 31.35803061193061], [118.35447598720155, 31.35803061193061], [118.35447598720155, 31.35821027498743], [118.35465565025837, 31.35821027498743], [118.35465565025837, 31.35803061193061], [118.35483531331519, 31.35803061193061], [118.35483531331519, 31.35821027498743], [118.35501497637202, 31.35821027498743], [118.35501497637202, 31.35856960110108], [118.35483531331519, 31.35856960110108], [118.35483531331519, 31.358749264157904], [118.35465565025837, 31.358749264157904], [118.35465565025837, 31.358928927214727], [118.35429632414473, 31.358928927214727], [118.35429632414473, 31.35910859027155], [118.35393699803107, 31.35910859027155], [118.35393699803107, 31.359288253328376], [118.35357767191742, 31.359288253328376]]]}, "properties": {"name": "cand35", "ptype": "hall", "confidence": "low", "rank": 35, "area_ha": 1.8, "rise_db": 7.3, "digitised_from": "Sentinel-1 VV rise 2021->2026, orbit 69"}}, {"type": "Feature", "geometry": {"geodesic": false, "type": "Polygon", "coordinates": [[[118.39651714249834, 31.289578987280702], [118.39651714249834, 31.289399324223876], [118.39633747944151, 31.289399324223876], [118.39633747944151, 31.289219661167053], [118.39651714249834, 31.289219661167053], [118.39651714249834, 31.28868067199658], [118.39633747944151, 31.28868067199658], [118.39633747944151, 31.288501008939757], [118.39651714249834, 31.288501008939757], [118.39651714249834, 31.288141682826108], [118.39759512083928, 31.288141682826108], [118.39759512083928, 31.288501008939757], [118.39777478389611, 31.288501008939757], [118.39777478389611, 31.28868067199658], [118.39795444695294, 31.28868067199658], [118.39795444695294, 31.28903999811023], [118.39777478389611, 31.28903999811023], [118.39777478389611, 31.289219661167053], [118.39741545778246, 31.289219661167053], [118.39741545778246, 31.28903999811023], [118.3970561316688, 31.28903999811023], [118.3970561316688, 31.288860335053403], [118.39687646861199, 31.288860335053403], [118.39687646861199, 31.289578987280702], [118.39651714249834, 31.289578987280702]]]}, "properties": {"name": "cand36", "ptype": "hall", "confidence": "low", "rank": 36, "area_ha": 1.8, "rise_db": 5.7, "digitised_from": "Sentinel-1 VV rise 2021->2026, orbit 69"}}, {"type": "Feature", "geometry": {"geodesic": false, "type": "Polygon", "coordinates": [[[118.35142171523555, 31.35910859027155], [118.35142171523555, 31.358928927214727], [118.35124205217872, 31.358928927214727], [118.35124205217872, 31.358389938044255], [118.35142171523555, 31.358389938044255], [118.35142171523555, 31.357491622760136], [118.35160137829236, 31.357491622760136], [118.35160137829236, 31.357311959703313], [118.35214036746284, 31.357311959703313], [118.35214036746284, 31.357491622760136], [118.35232003051966, 31.357491622760136], [118.35232003051966, 31.35821027498743], [118.35214036746284, 31.35821027498743], [118.35214036746284, 31.358749264157904], [118.35196070440601, 31.358749264157904], [118.35196070440601, 31.35910859027155], [118.35142171523555, 31.35910859027155]]]}, "properties": {"name": "cand37", "ptype": "hall", "confidence": "low", "rank": 37, "area_ha": 1.8, "rise_db": 10.0, "digitised_from": "Sentinel-1 VV rise 2021->2026, orbit 69"}}, {"type": "Feature", "geometry": {"geodesic": false, "type": "Polygon", "coordinates": [[[118.43065312329489, 31.288501008939757], [118.43065312329489, 31.288321345882935], [118.43047346023806, 31.288321345882935], [118.43047346023806, 31.288141682826108], [118.43029379718124, 31.288141682826108], [118.43029379718124, 31.28760269365564], [118.43047346023806, 31.28760269365564], [118.43047346023806, 31.287063704485167], [118.43029379718124, 31.287063704485167], [118.43029379718124, 31.28688404142834], [118.43011413412441, 31.28688404142834], [118.43011413412441, 31.287063704485167], [118.42975480801076, 31.287063704485167], [118.42975480801076, 31.28688404142834], [118.42957514495394, 31.28688404142834], [118.42957514495394, 31.287063704485167], [118.42921581884029, 31.287063704485167], [118.42921581884029, 31.28688404142834], [118.42957514495394, 31.28688404142834], [118.42957514495394, 31.286704378371518], [118.42939548189712, 31.286704378371518], [118.42939548189712, 31.286524715314695], [118.42903615578346, 31.286524715314695], [118.42903615578346, 31.28634505225787], [118.42957514495394, 31.28634505225787], [118.42957514495394, 31.286524715314695], [118.42975480801076, 31.286524715314695], [118.42975480801076, 31.286704378371518], [118.42993447106758, 31.286704378371518], [118.42993447106758, 31.286524715314695], [118.43029379718124, 31.286524715314695], [118.43029379718124, 31.286704378371518], [118.43101244940853, 31.286704378371518], [118.43101244940853, 31.28688404142834], [118.43065312329489, 31.28688404142834], [118.43065312329489, 31.287063704485167], [118.4308327863517, 31.287063704485167], [118.4308327863517, 31.28724336754199], [118.43065312329489, 31.28724336754199], [118.43065312329489, 31.287423030598813], [118.4308327863517, 31.287423030598813], [118.4308327863517, 31.287782356712462], [118.43119211246535, 31.287782356712462], [118.43119211246535, 31.288141682826108], [118.43101244940853, 31.288141682826108], [118.43101244940853, 31.288321345882935], [118.4308327863517, 31.288321345882935], [118.4308327863517, 31.288501008939757], [118.43065312329489, 31.288501008939757]], [[118.43101244940853, 31.288141682826108], [118.4308327863517, 31.288141682826108], [118.4308327863517, 31.287962019769285], [118.43101244940853, 31.287962019769285], [118.43101244940853, 31.288141682826108]]]}, "properties": {"name": "cand38", "ptype": "hall", "confidence": "low", "rank": 38, "area_ha": 1.7, "rise_db": 5.9, "digitised_from": "Sentinel-1 VV rise 2021->2026, orbit 69"}}, {"type": "Feature", "geometry": {"geodesic": false, "type": "Polygon", "coordinates": [[[118.36507610755416, 31.332877783975263], [118.36507610755416, 31.332518457861614], [118.36489644449733, 31.332518457861614], [118.36489644449733, 31.33233879480479], [118.3647167814405, 31.33233879480479], [118.3647167814405, 31.33179980563432], [118.36507610755416, 31.33179980563432], [118.36507610755416, 31.33197946869114], [118.36525577061099, 31.33197946869114], [118.36525577061099, 31.332159131747964], [118.3654354336678, 31.332159131747964], [118.3654354336678, 31.33179980563432], [118.36579475978145, 31.33179980563432], [118.36579475978145, 31.331620142577496], [118.36651341200874, 31.331620142577496], [118.36651341200874, 31.332159131747964], [118.3661540858951, 31.332159131747964], [118.3661540858951, 31.33197946869114], [118.36597442283828, 31.33197946869114], [118.36597442283828, 31.332159131747964], [118.36561509672462, 31.332159131747964], [118.36561509672462, 31.332518457861614], [118.36579475978145, 31.332518457861614], [118.36579475978145, 31.33233879480479], [118.36597442283828, 31.33233879480479], [118.36597442283828, 31.332698120918437], [118.3661540858951, 31.332698120918437], [118.3661540858951, 31.332877783975263], [118.36507610755416, 31.332877783975263]]]}, "properties": {"name": "cand39", "ptype": "hall", "confidence": "low", "rank": 39, "area_ha": 1.6, "rise_db": 7.6, "digitised_from": "Sentinel-1 VV rise 2021->2026, orbit 69"}}, {"type": "Feature", "geometry": {"geodesic": false, "type": "Polygon", "coordinates": [[[118.41699873097626, 31.37330197176064], [118.41699873097626, 31.373122308703817], [118.41681906791945, 31.373122308703817], [118.41681906791945, 31.372762982590167], [118.41699873097626, 31.372762982590167], [118.41699873097626, 31.37240365647652], [118.41717839403309, 31.37240365647652], [118.41717839403309, 31.372223993419695], [118.41735805708991, 31.372223993419695], [118.41735805708991, 31.372044330362872], [118.41789704626038, 31.372044330362872], [118.41789704626038, 31.37186466730605], [118.41843603543086, 31.37186466730605], [118.41843603543086, 31.372044330362872], [118.41861569848768, 31.372044330362872], [118.41861569848768, 31.372223993419695], [118.41843603543086, 31.372223993419695], [118.41843603543086, 31.37240365647652], [118.41789704626038, 31.37240365647652], [118.41789704626038, 31.372942645646994], [118.41753772014674, 31.372942645646994], [118.41753772014674, 31.37330197176064], [118.41699873097626, 31.37330197176064]]]}, "properties": {"name": "cand40", "ptype": "hall", "confidence": "low", "rank": 40, "area_ha": 1.6, "rise_db": 8.2, "digitised_from": "Sentinel-1 VV rise 2021->2026, orbit 69"}}, {"type": "Feature", "geometry": {"geodesic": false, "type": "Polygon", "coordinates": [[[118.41825637237403, 31.347610154634822], [118.41825637237403, 31.347430491578], [118.41789704626038, 31.347430491578], [118.41789704626038, 31.346352513237054], [118.41879536154451, 31.346352513237054], [118.41879536154451, 31.346532176293877], [118.41897502460132, 31.346532176293877], [118.41897502460132, 31.346711839350704], [118.41933435071498, 31.346711839350704], [118.41933435071498, 31.347430491578], [118.41879536154451, 31.347430491578], [118.41879536154451, 31.346711839350704], [118.41861569848768, 31.346711839350704], [118.41861569848768, 31.347430491578], [118.41843603543086, 31.347430491578], [118.41843603543086, 31.347610154634822], [118.41825637237403, 31.347610154634822]], [[118.41843603543086, 31.346891502407527], [118.41825637237403, 31.346891502407527], [118.41825637237403, 31.346711839350704], [118.41843603543086, 31.346711839350704], [118.41843603543086, 31.346891502407527]]]}, "properties": {"name": "cand41", "ptype": "hall", "confidence": "low", "rank": 41, "area_ha": 1.6, "rise_db": 5.9, "digitised_from": "Sentinel-1 VV rise 2021->2026, orbit 69"}}, {"type": "Feature", "geometry": {"geodesic": false, "type": "Polygon", "coordinates": [[[118.3902289355095, 31.383542765999604], [118.3902289355095, 31.383363102942777], [118.39004927245269, 31.383363102942777], [118.39004927245269, 31.383183439885954], [118.3902289355095, 31.383183439885954], [118.3902289355095, 31.382644450715482], [118.39040859856632, 31.382644450715482], [118.39040859856632, 31.38246478765866], [118.39130691385044, 31.38246478765866], [118.39130691385044, 31.382285124601836], [118.3916662399641, 31.382285124601836], [118.3916662399641, 31.382644450715482], [118.39148657690727, 31.382644450715482], [118.39148657690727, 31.383183439885954], [118.39130691385044, 31.383183439885954], [118.39130691385044, 31.383363102942777], [118.39058826162315, 31.383363102942777], [118.39058826162315, 31.383542765999604], [118.3902289355095, 31.383542765999604]]]}, "properties": {"name": "cand42", "ptype": "hall", "confidence": "low", "rank": 42, "area_ha": 1.6, "rise_db": 6.1, "digitised_from": "Sentinel-1 VV rise 2021->2026, orbit 69"}}, {"type": "Feature", "geometry": {"geodesic": false, "type": "Polygon", "coordinates": [[[118.42616154687428, 31.339884643191393], [118.42616154687428, 31.33970498013457], [118.42508356853334, 31.33970498013457], [118.42508356853334, 31.33934565402092], [118.42544289464699, 31.33934565402092], [118.42544289464699, 31.339165990964098], [118.42598188381746, 31.339165990964098], [118.42598188381746, 31.338986327907275], [118.42688019910157, 31.338986327907275], [118.42688019910157, 31.339165990964098], [118.4270598621584, 31.339165990964098], [118.4270598621584, 31.339525317077747], [118.42688019910157, 31.339525317077747], [118.42688019910157, 31.33970498013457], [118.42670053604476, 31.33970498013457], [118.42670053604476, 31.339884643191393], [118.42616154687428, 31.339884643191393]]]}, "properties": {"name": "cand43", "ptype": "hall", "confidence": "low", "rank": 43, "area_ha": 1.5, "rise_db": 5.8, "digitised_from": "Sentinel-1 VV rise 2021->2026, orbit 69"}}, {"type": "Feature", "geometry": {"geodesic": false, "type": "Polygon", "coordinates": [[[118.39310354441868, 31.29496887898542], [118.39310354441868, 31.294789215928592], [118.39292388136187, 31.294789215928592], [118.39292388136187, 31.29460955287177], [118.39310354441868, 31.29460955287177], [118.39310354441868, 31.293890900644474], [118.3932832074755, 31.293890900644474], [118.3932832074755, 31.29371123758765], [118.39310354441868, 31.29371123758765], [118.39310354441868, 31.293531574530828], [118.39274421830504, 31.293531574530828], [118.39274421830504, 31.29317224841718], [118.3932832074755, 31.29317224841718], [118.3932832074755, 31.293351911474], [118.39364253358916, 31.293351911474], [118.39364253358916, 31.293531574530828], [118.39382219664598, 31.293531574530828], [118.39382219664598, 31.29460955287177], [118.39364253358916, 31.29460955287177], [118.39364253358916, 31.294789215928592], [118.39346287053233, 31.294789215928592], [118.39346287053233, 31.29496887898542], [118.39310354441868, 31.29496887898542]]]}, "properties": {"name": "cand44", "ptype": "hall", "confidence": "low", "rank": 44, "area_ha": 1.5, "rise_db": 6.1, "digitised_from": "Sentinel-1 VV rise 2021->2026, orbit 69"}}, {"type": "Feature", "geometry": {"geodesic": false, "type": "Polygon", "coordinates": [[[118.39777478389611, 31.382285124601836], [118.39777478389611, 31.382105461545013], [118.39759512083928, 31.382105461545013], [118.39759512083928, 31.38120714626089], [118.39777478389611, 31.38120714626089], [118.39777478389611, 31.38102748320407], [118.39867309918023, 31.38102748320407], [118.39867309918023, 31.38120714626089], [118.39885276223706, 31.38120714626089], [118.39885276223706, 31.381386809317714], [118.39867309918023, 31.381386809317714], [118.39867309918023, 31.38156647237454], [118.3984934361234, 31.38156647237454], [118.3984934361234, 31.381746135431364], [118.39867309918023, 31.381746135431364], [118.39867309918023, 31.382105461545013], [118.39813411000975, 31.382105461545013], [118.39813411000975, 31.382285124601836], [118.39777478389611, 31.382285124601836]]]}, "properties": {"name": "cand45", "ptype": "hall", "confidence": "low", "rank": 45, "area_ha": 1.5, "rise_db": 6.6, "digitised_from": "Sentinel-1 VV rise 2021->2026, orbit 69"}}, {"type": "Feature", "geometry": {"geodesic": false, "type": "Polygon", "coordinates": [[[118.38879163105491, 31.297484161780954], [118.38879163105491, 31.296765509553655], [118.38807297882762, 31.296765509553655], [118.38807297882762, 31.29640618344001], [118.38825264188443, 31.29640618344001], [118.38825264188443, 31.296226520383186], [118.38843230494126, 31.296226520383186], [118.38843230494126, 31.29604685732636], [118.38861196799809, 31.29604685732636], [118.38861196799809, 31.295867194269537], [118.38879163105491, 31.295867194269537], [118.38879163105491, 31.29604685732636], [118.38897129411174, 31.29604685732636], [118.38897129411174, 31.296585846496832], [118.38915095716855, 31.296585846496832], [118.38915095716855, 31.296765509553655], [118.3895102832822, 31.296765509553655], [118.3895102832822, 31.296585846496832], [118.38986960939586, 31.296585846496832], [118.38986960939586, 31.296765509553655], [118.38968994633903, 31.296765509553655], [118.38968994633903, 31.297124835667304], [118.38933062022538, 31.297124835667304], [118.38933062022538, 31.297304498724127], [118.38915095716855, 31.297304498724127], [118.38915095716855, 31.297484161780954], [118.38879163105491, 31.297484161780954]]]}, "properties": {"name": "cand46", "ptype": "hall", "confidence": "low", "rank": 46, "area_ha": 1.4, "rise_db": 4.9, "digitised_from": "Sentinel-1 VV rise 2021->2026, orbit 69"}}, {"type": "Feature", "geometry": {"geodesic": false, "type": "Polygon", "coordinates": [[[118.39723579472563, 31.33826767567998], [118.39723579472563, 31.338088012623153], [118.39669680555517, 31.338088012623153], [118.39669680555517, 31.33790834956633], [118.39651714249834, 31.33790834956633], [118.39651714249834, 31.337549023452684], [118.3970561316688, 31.337549023452684], [118.3970561316688, 31.337369360395858], [118.39813411000975, 31.337369360395858], [118.39813411000975, 31.337549023452684], [118.39831377306658, 31.337549023452684], [118.39831377306658, 31.33790834956633], [118.39813411000975, 31.33790834956633], [118.39813411000975, 31.338088012623153], [118.39759512083928, 31.338088012623153], [118.39759512083928, 31.33826767567998], [118.39723579472563, 31.33826767567998]]]}, "properties": {"name": "cand47", "ptype": "hall", "confidence": "low", "rank": 47, "area_ha": 1.4, "rise_db": 10.3, "digitised_from": "Sentinel-1 VV rise 2021->2026, orbit 69"}}, {"type": "Feature", "geometry": {"geodesic": false, "type": "Polygon", "coordinates": [[[118.39939175140752, 31.31958271777029], [118.39939175140752, 31.31940305471347], [118.3992120883507, 31.31940305471347], [118.3992120883507, 31.318864065542996], [118.39939175140752, 31.318864065542996], [118.39939175140752, 31.318684402486173], [118.3992120883507, 31.318684402486173], [118.3992120883507, 31.31850473942935], [118.39939175140752, 31.31850473942935], [118.39939175140752, 31.318325076372524], [118.39975107752117, 31.318325076372524], [118.39975107752117, 31.3181454133157], [118.399930740578, 31.3181454133157], [118.399930740578, 31.317786087202055], [118.40029006669164, 31.317786087202055], [118.40029006669164, 31.317965750258878], [118.40011040363481, 31.317965750258878], [118.40011040363481, 31.318864065542996], [118.40029006669164, 31.318864065542996], [118.40029006669164, 31.31904372859982], [118.40011040363481, 31.31904372859982], [118.40011040363481, 31.31940305471347], [118.39957141446435, 31.31940305471347], [118.39957141446435, 31.31958271777029], [118.39939175140752, 31.31958271777029]]]}, "properties": {"name": "cand48", "ptype": "hall", "confidence": "low", "rank": 48, "area_ha": 1.4, "rise_db": 6.0, "digitised_from": "Sentinel-1 VV rise 2021->2026, orbit 69"}}, {"type": "Feature", "geometry": {"geodesic": false, "type": "Polygon", "coordinates": [[[118.39885276223706, 31.36413915586262], [118.39885276223706, 31.363959492805797], [118.3984934361234, 31.363959492805797], [118.3984934361234, 31.363779829748974], [118.39831377306658, 31.363779829748974], [118.39831377306658, 31.363600166692148], [118.3984934361234, 31.363600166692148], [118.3984934361234, 31.363240840578502], [118.39831377306658, 31.363240840578502], [118.39831377306658, 31.362881514464853], [118.3984934361234, 31.362881514464853], [118.3984934361234, 31.36270185140803], [118.39867309918023, 31.36270185140803], [118.39867309918023, 31.362522188351207], [118.3992120883507, 31.362522188351207], [118.3992120883507, 31.362881514464853], [118.39939175140752, 31.362881514464853], [118.39939175140752, 31.363240840578502], [118.3992120883507, 31.363240840578502], [118.3992120883507, 31.363600166692148], [118.39903242529388, 31.363600166692148], [118.39903242529388, 31.36413915586262], [118.39885276223706, 31.36413915586262]], [[118.39903242529388, 31.363600166692148], [118.39885276223706, 31.363600166692148], [118.39885276223706, 31.363420503635325], [118.39903242529388, 31.363420503635325], [118.39903242529388, 31.363600166692148]]]}, "properties": {"name": "cand49", "ptype": "hall", "confidence": "low", "rank": 49, "area_ha": 1.4, "rise_db": 8.8, "digitised_from": "Sentinel-1 VV rise 2021->2026, orbit 69"}}, {"type": "Feature", "geometry": {"geodesic": false, "type": "Polygon", "coordinates": [[[118.41897502460132, 31.285985726144222], [118.41897502460132, 31.2858060630874], [118.41879536154451, 31.2858060630874], [118.41879536154451, 31.285267073916927], [118.41897502460132, 31.285267073916927], [118.41897502460132, 31.28454842168963], [118.41915468765815, 31.28454842168963], [118.41915468765815, 31.28436875863281], [118.41933435071498, 31.28436875863281], [118.41933435071498, 31.284189095575982], [118.41969367682863, 31.284189095575982], [118.41969367682863, 31.28436875863281], [118.41987333988544, 31.28436875863281], [118.41987333988544, 31.284728084746455], [118.41969367682863, 31.284728084746455], [118.41969367682863, 31.284907747803278], [118.4195140137718, 31.284907747803278], [118.4195140137718, 31.28544673697375], [118.41933435071498, 31.28544673697375], [118.41933435071498, 31.285985726144222], [118.41897502460132, 31.285985726144222]]]}, "properties": {"name": "cand50", "ptype": "hall", "confidence": "low", "rank": 50, "area_ha": 1.3, "rise_db": 8.3, "digitised_from": "Sentinel-1 VV rise 2021->2026, orbit 69"}}, {"type": "Feature", "geometry": {"geodesic": false, "type": "Polygon", "coordinates": [[[118.41017153481695, 31.33054216423655], [118.41017153481695, 31.330362501179728], [118.40999187176013, 31.330362501179728], [118.40999187176013, 31.33000317506608], [118.41017153481695, 31.33000317506608], [118.41017153481695, 31.329823512009256], [118.41035119787378, 31.329823512009256], [118.41035119787378, 31.328925196725134], [118.41017153481695, 31.328925196725134], [118.41017153481695, 31.328565870611488], [118.41035119787378, 31.328565870611488], [118.41035119787378, 31.328386207554665], [118.41089018704426, 31.328386207554665], [118.41089018704426, 31.329464185895606], [118.41071052398743, 31.329464185895606], [118.41071052398743, 31.33000317506608], [118.4105308609306, 31.33000317506608], [118.4105308609306, 31.3301828381229], [118.41035119787378, 31.3301828381229], [118.41035119787378, 31.33054216423655], [118.41017153481695, 31.33054216423655]]]}, "properties": {"name": "cand51", "ptype": "hall", "confidence": "low", "rank": 51, "area_ha": 1.3, "rise_db": 6.0, "digitised_from": "Sentinel-1 VV rise 2021->2026, orbit 69"}}, {"type": "Feature", "geometry": {"geodesic": false, "type": "Polygon", "coordinates": [[[118.32447225671196, 31.363959492805797], [118.32447225671196, 31.363779829748974], [118.32465191976878, 31.363779829748974], [118.32465191976878, 31.363600166692148], [118.32447225671196, 31.363600166692148], [118.32447225671196, 31.363420503635325], [118.3241129305983, 31.363420503635325], [118.3241129305983, 31.363600166692148], [118.32393326754148, 31.363600166692148], [118.32393326754148, 31.363959492805797], [118.32357394142784, 31.363959492805797], [118.32357394142784, 31.363240840578502], [118.32339427837101, 31.363240840578502], [118.32339427837101, 31.362881514464853], [118.32357394142784, 31.362881514464853], [118.32357394142784, 31.36270185140803], [118.32375360448466, 31.36270185140803], [118.32375360448466, 31.362881514464853], [118.32393326754148, 31.362881514464853], [118.32393326754148, 31.36306117752168], [118.32465191976878, 31.36306117752168], [118.32465191976878, 31.363240840578502], [118.32501124588242, 31.363240840578502], [118.32501124588242, 31.363420503635325], [118.32519090893925, 31.363420503635325], [118.32519090893925, 31.363600166692148], [118.32501124588242, 31.363600166692148], [118.32501124588242, 31.363420503635325], [118.3248315828256, 31.363420503635325], [118.3248315828256, 31.363779829748974], [118.32501124588242, 31.363779829748974], [118.32501124588242, 31.363959492805797], [118.32447225671196, 31.363959492805797]]]}, "properties": {"name": "cand52", "ptype": "hall", "confidence": "low", "rank": 52, "area_ha": 1.3, "rise_db": 5.4, "digitised_from": "Sentinel-1 VV rise 2021->2026, orbit 69"}}, {"type": "Feature", "geometry": {"geodesic": false, "type": "Polygon", "coordinates": [[[118.37298128205441, 31.29137561784894], [118.37298128205441, 31.291195954792116], [118.37262195594076, 31.291195954792116], [118.37262195594076, 31.290836628678466], [118.37244229288393, 31.290836628678466], [118.37244229288393, 31.290656965621643], [118.37262195594076, 31.290656965621643], [118.37262195594076, 31.29047730256482], [118.37280161899758, 31.29047730256482], [118.37280161899758, 31.290297639507997], [118.37298128205441, 31.290297639507997], [118.37298128205441, 31.29011797645117], [118.37352027122488, 31.29011797645117], [118.37352027122488, 31.29047730256482], [118.37334060816805, 31.29047730256482], [118.37334060816805, 31.290656965621643], [118.37352027122488, 31.290656965621643], [118.37352027122488, 31.290836628678466], [118.3736999342817, 31.290836628678466], [118.3736999342817, 31.291195954792116], [118.37334060816805, 31.291195954792116], [118.37334060816805, 31.29137561784894], [118.37298128205441, 31.29137561784894]]]}, "properties": {"name": "cand53", "ptype": "hall", "confidence": "low", "rank": 53, "area_ha": 1.2, "rise_db": 9.0, "digitised_from": "Sentinel-1 VV rise 2021->2026, orbit 69"}}, {"type": "Feature", "geometry": {"geodesic": false, "type": "Polygon", "coordinates": [[[118.42490390547651, 31.338088012623153], [118.42490390547651, 31.33790834956633], [118.42436491630605, 31.33790834956633], [118.42436491630605, 31.337728686509507], [118.42490390547651, 31.337728686509507], [118.42490390547651, 31.337549023452684], [118.42544289464699, 31.337549023452684], [118.42544289464699, 31.337369360395858], [118.42634120993111, 31.337369360395858], [118.42634120993111, 31.337549023452684], [118.42652087298794, 31.337549023452684], [118.42652087298794, 31.337728686509507], [118.42634120993111, 31.337728686509507], [118.42634120993111, 31.33790834956633], [118.42598188381746, 31.33790834956633], [118.42598188381746, 31.338088012623153], [118.42490390547651, 31.338088012623153]]]}, "properties": {"name": "cand54", "ptype": "hall", "confidence": "low", "rank": 54, "area_ha": 1.2, "rise_db": 5.3, "digitised_from": "Sentinel-1 VV rise 2021->2026, orbit 69"}}, {"type": "Feature", "geometry": {"geodesic": false, "type": "Polygon", "coordinates": [[[118.42166997045369, 31.339884643191393], [118.42166997045369, 31.33970498013457], [118.42131064434004, 31.33970498013457], [118.42131064434004, 31.339525317077747], [118.4218496335105, 31.339525317077747], [118.4218496335105, 31.33934565402092], [118.42202929656733, 31.33934565402092], [118.42202929656733, 31.339165990964098], [118.42166997045369, 31.339165990964098], [118.42166997045369, 31.338986327907275], [118.42220895962416, 31.338986327907275], [118.42220895962416, 31.33934565402092], [118.42238862268098, 31.33934565402092], [118.42238862268098, 31.339165990964098], [118.42274794879464, 31.339165990964098], [118.42274794879464, 31.338986327907275], [118.42256828573781, 31.338986327907275], [118.42256828573781, 31.338806664850452], [118.42292761185145, 31.338806664850452], [118.42292761185145, 31.339165990964098], [118.42310727490828, 31.339165990964098], [118.42310727490828, 31.339525317077747], [118.42292761185145, 31.339525317077747], [118.42292761185145, 31.33970498013457], [118.42238862268098, 31.33970498013457], [118.42238862268098, 31.339884643191393], [118.42166997045369, 31.339884643191393]]]}, "properties": {"name": "cand55", "ptype": "hall", "confidence": "low", "rank": 55, "area_ha": 1.2, "rise_db": 5.0, "digitised_from": "Sentinel-1 VV rise 2021->2026, orbit 69"}}, {"type": "Feature", "geometry": {"geodesic": false, "type": "Polygon", "coordinates": [[[118.42544289464699, 31.350125437430357], [118.42544289464699, 31.349945774373534], [118.42526323159016, 31.349945774373534], [118.42526323159016, 31.349766111316708], [118.42508356853334, 31.349766111316708], [118.42508356853334, 31.349586448259885], [118.42526323159016, 31.349586448259885], [118.42526323159016, 31.349227122146235], [118.42544289464699, 31.349227122146235], [118.42544289464699, 31.349047459089412], [118.42562255770382, 31.349047459089412], [118.42562255770382, 31.34886779603259], [118.42634120993111, 31.34886779603259], [118.42634120993111, 31.349047459089412], [118.42652087298794, 31.349047459089412], [118.42652087298794, 31.349227122146235], [118.42634120993111, 31.349227122146235], [118.42634120993111, 31.349406785203062], [118.42598188381746, 31.349406785203062], [118.42598188381746, 31.349945774373534], [118.42580222076063, 31.349945774373534], [118.42580222076063, 31.350125437430357], [118.42544289464699, 31.350125437430357]]]}, "properties": {"name": "cand56", "ptype": "hall", "confidence": "low", "rank": 56, "area_ha": 1.2, "rise_db": 7.5, "digitised_from": "Sentinel-1 VV rise 2021->2026, orbit 69"}}, {"type": "Feature", "geometry": {"geodesic": false, "type": "Polygon", "coordinates": [[[118.35770992222437, 31.293890900644474], [118.35770992222437, 31.29371123758765], [118.35591329165614, 31.29371123758765], [118.35591329165614, 31.293351911474], [118.35753025916755, 31.293351911474], [118.35753025916755, 31.293531574530828], [118.35770992222437, 31.293531574530828], [118.35770992222437, 31.293351911474], [118.35842857445168, 31.293351911474], [118.35842857445168, 31.29371123758765], [118.35824891139485, 31.29371123758765], [118.35824891139485, 31.293890900644474], [118.35770992222437, 31.293890900644474]]]}, "properties": {"name": "cand57", "ptype": "hall", "confidence": "low", "rank": 57, "area_ha": 1.2, "rise_db": 6.1, "digitised_from": "Sentinel-1 VV rise 2021->2026, orbit 69"}}, {"type": "Feature", "geometry": {"geodesic": false, "type": "Polygon", "coordinates": [[[118.40424265394176, 31.32910485978196], [118.40424265394176, 31.328925196725134], [118.40406299088494, 31.328925196725134], [118.40406299088494, 31.32874553366831], [118.40424265394176, 31.32874553366831], [118.40424265394176, 31.328386207554665], [118.40406299088494, 31.328386207554665], [118.40406299088494, 31.32820654449784], [118.40442231699859, 31.32820654449784], [118.40442231699859, 31.328026881441016], [118.40478164311224, 31.328026881441016], [118.40478164311224, 31.327847218384193], [118.40496130616907, 31.327847218384193], [118.40496130616907, 31.328026881441016], [118.40514096922588, 31.328026881441016], [118.40514096922588, 31.32820654449784], [118.40532063228271, 31.32820654449784], [118.40532063228271, 31.32874553366831], [118.40478164311224, 31.32874553366831], [118.40478164311224, 31.328925196725134], [118.40460198005542, 31.328925196725134], [118.40460198005542, 31.32910485978196], [118.40424265394176, 31.32910485978196]]]}, "properties": {"name": "cand58", "ptype": "hall", "confidence": "low", "rank": 58, "area_ha": 1.2, "rise_db": 6.9, "digitised_from": "Sentinel-1 VV rise 2021->2026, orbit 69"}}, {"type": "Feature", "geometry": {"geodesic": false, "type": "Polygon", "coordinates": [[[118.35249969357649, 31.346532176293877], [118.35249969357649, 31.345993187123405], [118.3526793566333, 31.345993187123405], [118.3526793566333, 31.34563386100976], [118.35357767191742, 31.34563386100976], [118.35357767191742, 31.345813524066582], [118.35375733497425, 31.345813524066582], [118.35375733497425, 31.34617285018023], [118.35393699803107, 31.34617285018023], [118.35393699803107, 31.346352513237054], [118.35303868274696, 31.346352513237054], [118.35303868274696, 31.346532176293877], [118.35249969357649, 31.346532176293877]]]}, "properties": {"name": "cand59", "ptype": "hall", "confidence": "low", "rank": 59, "area_ha": 1.2, "rise_db": 6.7, "digitised_from": "Sentinel-1 VV rise 2021->2026, orbit 69"}}, {"type": "Feature", "geometry": {"geodesic": false, "type": "Polygon", "coordinates": [[[118.38807297882762, 31.353000046339538], [118.38807297882762, 31.352820383282715], [118.3878933157708, 31.352820383282715], [118.3878933157708, 31.352640720225892], [118.38807297882762, 31.352640720225892], [118.38807297882762, 31.352461057169066], [118.38825264188443, 31.352461057169066], [118.38825264188443, 31.352281394112243], [118.38861196799809, 31.352281394112243], [118.38861196799809, 31.351922067998597], [118.38915095716855, 31.351922067998597], [118.38915095716855, 31.352820383282715], [118.38897129411174, 31.352820383282715], [118.38897129411174, 31.353000046339538], [118.38807297882762, 31.353000046339538]]]}, "properties": {"name": "cand60", "ptype": "hall", "confidence": "low", "rank": 60, "area_ha": 1.2, "rise_db": 6.3, "digitised_from": "Sentinel-1 VV rise 2021->2026, orbit 69"}}, {"type": "Feature", "geometry": {"geodesic": false, "type": "Polygon", "coordinates": [[[118.38447971769114, 31.354257687737306], [118.38447971769114, 31.35389836162366], [118.38483904380479, 31.35389836162366], [118.38483904380479, 31.353718698566833], [118.38501870686162, 31.353718698566833], [118.38501870686162, 31.35353903551001], [118.38537803297525, 31.35353903551001], [118.38537803297525, 31.353359372453188], [118.38555769603208, 31.353359372453188], [118.38555769603208, 31.35317970939636], [118.38591702214573, 31.35317970939636], [118.38591702214573, 31.353000046339538], [118.38609668520256, 31.353000046339538], [118.38609668520256, 31.35317970939636], [118.38627634825937, 31.35317970939636], [118.38627634825937, 31.35353903551001], [118.38609668520256, 31.35353903551001], [118.38609668520256, 31.353718698566833], [118.3857373590889, 31.353718698566833], [118.3857373590889, 31.35389836162366], [118.38537803297525, 31.35389836162366], [118.38537803297525, 31.354078024680483], [118.38501870686162, 31.354078024680483], [118.38501870686162, 31.354257687737306], [118.38447971769114, 31.354257687737306]]]}, "properties": {"name": "cand61", "ptype": "hall", "confidence": "low", "rank": 61, "area_ha": 1.2, "rise_db": 8.8, "digitised_from": "Sentinel-1 VV rise 2021->2026, orbit 69"}}, {"type": "Feature", "geometry": {"geodesic": false, "type": "Polygon", "coordinates": [[[118.41843603543086, 31.358928927214727], [118.41843603543086, 31.358749264157904], [118.41825637237403, 31.358749264157904], [118.41825637237403, 31.358389938044255], [118.4180767093172, 31.358389938044255], [118.4180767093172, 31.357311959703313], [118.41825637237403, 31.357311959703313], [118.41825637237403, 31.357132296646487], [118.41843603543086, 31.357132296646487], [118.41843603543086, 31.357311959703313], [118.41861569848768, 31.357311959703313], [118.41861569848768, 31.35821027498743], [118.41879536154451, 31.35821027498743], [118.41879536154451, 31.358389938044255], [118.41897502460132, 31.358389938044255], [118.41897502460132, 31.358749264157904], [118.41861569848768, 31.358749264157904], [118.41861569848768, 31.358928927214727], [118.41843603543086, 31.358928927214727]]]}, "properties": {"name": "cand62", "ptype": "hall", "confidence": "low", "rank": 62, "area_ha": 1.2, "rise_db": 5.6, "digitised_from": "Sentinel-1 VV rise 2021->2026, orbit 69"}}, {"type": "Feature", "geometry": {"geodesic": false, "type": "Polygon", "coordinates": [[[118.37783218458866, 31.31994204388394], [118.37783218458866, 31.319762380827118], [118.377472858475, 31.319762380827118], [118.377472858475, 31.31958271777029], [118.37765252153183, 31.31958271777029], [118.37765252153183, 31.31940305471347], [118.37783218458866, 31.31940305471347], [118.37783218458866, 31.319223391656646], [118.37801184764548, 31.319223391656646], [118.37801184764548, 31.31904372859982], [118.37873049987277, 31.31904372859982], [118.37873049987277, 31.31940305471347], [118.37855083681595, 31.31940305471347], [118.37855083681595, 31.319762380827118], [118.3789101629296, 31.319762380827118], [118.3789101629296, 31.31994204388394], [118.37783218458866, 31.31994204388394]]]}, "properties": {"name": "cand63", "ptype": "hall", "confidence": "low", "rank": 63, "area_ha": 1.0, "rise_db": 6.7, "digitised_from": "Sentinel-1 VV rise 2021->2026, orbit 69"}}]}