{"type": "FeatureCollection", "features": [{"type": "Feature", "geometry": {"geodesic": false, "type": "Polygon", "coordinates": [[[114.69887177000557, 41.18452184185723], [114.69887177000557, 41.18434217880041], [114.69869210694874, 41.18434217880041], [114.69869210694874, 41.18416251574358], [114.69851244389191, 41.18416251574358], [114.69851244389191, 41.18398285268676], [114.69797345472145, 41.18398285268676], [114.69797345472145, 41.183803189629934], [114.69779379166462, 41.183803189629934], [114.69779379166462, 41.18326420045946], [114.69797345472145, 41.18326420045946], [114.69797345472145, 41.182904874345816], [114.69815311777828, 41.182904874345816], [114.69815311777828, 41.18254554823217], [114.69833278083509, 41.18254554823217], [114.69833278083509, 41.18218622211852], [114.69815311777828, 41.18218622211852], [114.69815311777828, 41.181647232948045], [114.69833278083509, 41.181647232948045], [114.69833278083509, 41.18092858072075], [114.69851244389191, 41.18092858072075], [114.69851244389191, 41.18074891766393], [114.69869210694874, 41.18074891766393], [114.69869210694874, 41.18056925460711], [114.6990514330624, 41.18056925460711], [114.6990514330624, 41.180209928493454], [114.7006684005738, 41.180209928493454], [114.7006684005738, 41.18038959155028], [114.70084806363063, 41.18038959155028], [114.70084806363063, 41.18056925460711], [114.70102772668746, 41.18056925460711], [114.70102772668746, 41.18074891766393], [114.70120738974428, 41.18074891766393], [114.70120738974428, 41.18056925460711], [114.70174637891475, 41.18056925460711], [114.70174637891475, 41.18074891766393], [114.70228536808521, 41.18074891766393], [114.70228536808521, 41.18056925460711], [114.70246503114204, 41.18056925460711], [114.70246503114204, 41.18074891766393], [114.70264469419887, 41.18074891766393], [114.70264469419887, 41.18092858072075], [114.7028243572557, 41.18092858072075], [114.7028243572557, 41.1812879068344], [114.70264469419887, 41.1812879068344], [114.70264469419887, 41.181467569891225], [114.7028243572557, 41.181467569891225], [114.7028243572557, 41.18218622211852], [114.70264469419887, 41.18218622211852], [114.70264469419887, 41.182365885175344], [114.7028243572557, 41.182365885175344], [114.7028243572557, 41.18254554823217], [114.70300402031252, 41.18254554823217], [114.70300402031252, 41.182904874345816], [114.70246503114204, 41.182904874345816], [114.70246503114204, 41.183084537402635], [114.70228536808521, 41.183084537402635], [114.70228536808521, 41.18326420045946], [114.70120738974428, 41.18326420045946], [114.70120738974428, 41.183084537402635], [114.70102772668746, 41.183084537402635], [114.70102772668746, 41.18272521128899], [114.70084806363063, 41.18272521128899], [114.70084806363063, 41.18254554823217], [114.7006684005738, 41.18254554823217], [114.7006684005738, 41.182365885175344], [114.70048873751698, 41.182365885175344], [114.70048873751698, 41.18218622211852], [114.70030907446015, 41.18218622211852], [114.70030907446015, 41.18182689600487], [114.70012941140334, 41.18182689600487], [114.70012941140334, 41.18254554823217], [114.69994974834651, 41.18254554823217], [114.69994974834651, 41.182904874345816], [114.70012941140334, 41.182904874345816], [114.70012941140334, 41.18326420045946], [114.70030907446015, 41.18326420045946], [114.70030907446015, 41.18362352657311], [114.70048873751698, 41.18362352657311], [114.70048873751698, 41.18398285268676], [114.70030907446015, 41.18398285268676], [114.70030907446015, 41.18434217880041], [114.70012941140334, 41.18434217880041], [114.70012941140334, 41.18452184185723], [114.69887177000557, 41.18452184185723]], [[114.69923109611922, 41.181467569891225], [114.69887177000557, 41.181467569891225], [114.69887177000557, 41.1812879068344], [114.6990514330624, 41.1812879068344], [114.6990514330624, 41.18092858072075], [114.69923109611922, 41.18092858072075], [114.69923109611922, 41.181467569891225]], [[114.69994974834651, 41.1820065590617], [114.69977008528969, 41.1820065590617], [114.69977008528969, 41.18182689600487], [114.69994974834651, 41.18182689600487], [114.69994974834651, 41.1820065590617]], [[114.7021057050284, 41.182365885175344], [114.70192604197157, 41.182365885175344], [114.70192604197157, 41.18218622211852], [114.7021057050284, 41.18218622211852], [114.7021057050284, 41.182365885175344]]]}, "properties": {"name": "cand01", "ptype": "hall", "confidence": "low", "rank": 1, "area_ha": 17.4, "rise_db": 11.7, "digitised_from": "Sentinel-1 VV rise 2021->2026, orbit 142"}}, {"type": "Feature", "geometry": {"geodesic": false, "type": "Polygon", "coordinates": [[[114.6952785088691, 41.19134903801654], [114.6952785088691, 41.19116937495971], [114.69509884581227, 41.19116937495971], [114.69509884581227, 41.19134903801654], [114.69455985664179, 41.19134903801654], [114.69455985664179, 41.19116937495971], [114.69420053052815, 41.19116937495971], [114.69420053052815, 41.19098971190289], [114.69402086747132, 41.19098971190289], [114.69402086747132, 41.19081004884607], [114.69366154135767, 41.19081004884607], [114.69366154135767, 41.19063038578924], [114.69348187830084, 41.19063038578924], [114.69348187830084, 41.19045072273242], [114.69330221524403, 41.19045072273242], [114.69330221524403, 41.190271059675595], [114.69294288913038, 41.190271059675595], [114.69294288913038, 41.19045072273242], [114.69276322607355, 41.19045072273242], [114.69276322607355, 41.18991173356195], [114.69258356301673, 41.18991173356195], [114.69258356301673, 41.189552407448296], [114.6924038999599, 41.189552407448296], [114.6924038999599, 41.18937274439148], [114.69258356301673, 41.18937274439148], [114.69258356301673, 41.189013418277824], [114.69276322607355, 41.189013418277824], [114.69276322607355, 41.188833755221005], [114.69294288913038, 41.188833755221005], [114.69294288913038, 41.18865409216418], [114.6931225521872, 41.18865409216418], [114.6931225521872, 41.18847442910736], [114.69366154135767, 41.18847442910736], [114.69366154135767, 41.18829476605053], [114.69348187830084, 41.18829476605053], [114.69348187830084, 41.188115102993706], [114.69438019358496, 41.188115102993706], [114.69438019358496, 41.187935439936886], [114.69455985664179, 41.187935439936886], [114.69455985664179, 41.18775577688006], [114.69438019358496, 41.18775577688006], [114.69438019358496, 41.18757611382323], [114.69420053052815, 41.18757611382323], [114.69420053052815, 41.18721678770959], [114.69402086747132, 41.18721678770959], [114.69402086747132, 41.187396450766414], [114.6938412044145, 41.187396450766414], [114.6938412044145, 41.18721678770959], [114.69402086747132, 41.18721678770959], [114.69402086747132, 41.18703712465276], [114.6938412044145, 41.18703712465276], [114.6938412044145, 41.186677798539115], [114.69402086747132, 41.186677798539115], [114.69402086747132, 41.18631847242547], [114.69420053052815, 41.18631847242547], [114.69420053052815, 41.18613880936864], [114.69473951969862, 41.18613880936864], [114.69473951969862, 41.18595914631182], [114.69491918275544, 41.18595914631182], [114.69491918275544, 41.18613880936864], [114.69473951969862, 41.18613880936864], [114.69473951969862, 41.18631847242547], [114.69491918275544, 41.18631847242547], [114.69491918275544, 41.186677798539115], [114.69509884581227, 41.186677798539115], [114.69509884581227, 41.18685746159594], [114.6952785088691, 41.18685746159594], [114.6952785088691, 41.186677798539115], [114.69581749803956, 41.186677798539115], [114.69581749803956, 41.18685746159594], [114.69599716109639, 41.18685746159594], [114.69599716109639, 41.18721678770959], [114.69563783498273, 41.18721678770959], [114.69563783498273, 41.18703712465276], [114.69509884581227, 41.18703712465276], [114.69509884581227, 41.18721678770959], [114.69455985664179, 41.18721678770959], [114.69455985664179, 41.187396450766414], [114.69491918275544, 41.187396450766414], [114.69491918275544, 41.187935439936886], [114.6954581719259, 41.187935439936886], [114.6954581719259, 41.18775577688006], [114.69581749803956, 41.18775577688006], [114.69581749803956, 41.187935439936886], [114.69599716109639, 41.187935439936886], [114.69599716109639, 41.188115102993706], [114.69581749803956, 41.188115102993706], [114.69581749803956, 41.18829476605053], [114.69563783498273, 41.18829476605053], [114.69563783498273, 41.18847442910736], [114.69599716109639, 41.18847442910736], [114.69599716109639, 41.188833755221005], [114.69635648721002, 41.188833755221005], [114.69635648721002, 41.189552407448296], [114.69653615026685, 41.189552407448296], [114.69653615026685, 41.18973207050512], [114.69707513943733, 41.18973207050512], [114.69707513943733, 41.189552407448296], [114.69743446555097, 41.189552407448296], [114.69743446555097, 41.18937274439148], [114.6976141286078, 41.18937274439148], [114.6976141286078, 41.18973207050512], [114.69743446555097, 41.18973207050512], [114.69743446555097, 41.19009139661877], [114.6976141286078, 41.19009139661877], [114.6976141286078, 41.18991173356195], [114.69815311777828, 41.18991173356195], [114.69815311777828, 41.19009139661877], [114.69833278083509, 41.19009139661877], [114.69833278083509, 41.19045072273242], [114.69815311777828, 41.19045072273242], [114.69815311777828, 41.19063038578924], [114.69797345472145, 41.19063038578924], [114.69797345472145, 41.19098971190289], [114.69779379166462, 41.19098971190289], [114.69779379166462, 41.19116937495971], [114.69725480249416, 41.19116937495971], [114.69725480249416, 41.19098971190289], [114.69707513943733, 41.19098971190289], [114.69707513943733, 41.19116937495971], [114.69671581332368, 41.19116937495971], [114.69671581332368, 41.19081004884607], [114.69635648721002, 41.19081004884607], [114.69635648721002, 41.19116937495971], [114.69617682415321, 41.19116937495971], [114.69617682415321, 41.19134903801654], [114.6952785088691, 41.19134903801654]], [[114.6954581719259, 41.18919308133465], [114.69509884581227, 41.18919308133465], [114.69509884581227, 41.189013418277824], [114.69491918275544, 41.189013418277824], [114.69491918275544, 41.188833755221005], [114.69473951969862, 41.188833755221005], [114.69473951969862, 41.18865409216418], [114.69509884581227, 41.18865409216418], [114.69509884581227, 41.188833755221005], [114.6952785088691, 41.188833755221005], [114.6952785088691, 41.189013418277824], [114.6954581719259, 41.189013418277824], [114.6954581719259, 41.18919308133465]], [[114.69671581332368, 41.190271059675595], [114.69653615026685, 41.190271059675595], [114.69653615026685, 41.19009139661877], [114.69671581332368, 41.19009139661877], [114.69671581332368, 41.190271059675595]], [[114.69779379166462, 41.190271059675595], [114.6976141286078, 41.190271059675595], [114.6976141286078, 41.19009139661877], [114.69779379166462, 41.19009139661877], [114.69779379166462, 41.190271059675595]], [[114.6952785088691, 41.19081004884607], [114.69491918275544, 41.19081004884607], [114.69491918275544, 41.19063038578924], [114.69509884581227, 41.19063038578924], [114.69509884581227, 41.19045072273242], [114.6952785088691, 41.19045072273242], [114.6952785088691, 41.190271059675595], [114.69563783498273, 41.190271059675595], [114.69563783498273, 41.19009139661877], [114.69581749803956, 41.19009139661877], [114.69581749803956, 41.18991173356195], [114.69563783498273, 41.18991173356195], [114.69563783498273, 41.18973207050512], [114.6954581719259, 41.18973207050512], [114.6954581719259, 41.189552407448296], [114.69581749803956, 41.189552407448296], [114.69581749803956, 41.18973207050512], [114.69599716109639, 41.18973207050512], [114.69599716109639, 41.18991173356195], [114.69617682415321, 41.18991173356195], [114.69617682415321, 41.19045072273242], [114.6954581719259, 41.19045072273242], [114.6954581719259, 41.19063038578924], [114.6952785088691, 41.19063038578924], [114.6952785088691, 41.19081004884607]]]}, "properties": {"name": "cand02", "ptype": "hall", "confidence": "low", "rank": 2, "area_ha": 16.8, "rise_db": 11.4, "digitised_from": "Sentinel-1 VV rise 2021->2026, orbit 142"}}, {"type": "Feature", "geometry": {"geodesic": false, "type": "Polygon", "coordinates": [[[114.75187237176861, 41.181647232948045], [114.75187237176861, 41.181467569891225], [114.75151304565497, 41.181467569891225], [114.75151304565497, 41.1812879068344], [114.74935708897308, 41.1812879068344], [114.74935708897308, 41.18110824377757], [114.74845877368897, 41.18110824377757], [114.74845877368897, 41.1812879068344], [114.74827911063214, 41.1812879068344], [114.74827911063214, 41.18110824377757], [114.74791978451849, 41.18110824377757], [114.74791978451849, 41.1812879068344], [114.74756045840485, 41.1812879068344], [114.74756045840485, 41.18110824377757], [114.74666214312073, 41.18110824377757], [114.74666214312073, 41.1812879068344], [114.74684180617754, 41.1812879068344], [114.74684180617754, 41.181647232948045], [114.74666214312073, 41.181647232948045], [114.74666214312073, 41.181467569891225], [114.74630281700708, 41.181467569891225], [114.74630281700708, 41.1812879068344], [114.74612315395025, 41.1812879068344], [114.74612315395025, 41.18110824377757], [114.74558416477979, 41.18110824377757], [114.74558416477979, 41.18092858072075], [114.74522483866613, 41.18092858072075], [114.74522483866613, 41.1812879068344], [114.7450451756093, 41.1812879068344], [114.7450451756093, 41.18110824377757], [114.74468584949567, 41.18110824377757], [114.74468584949567, 41.1812879068344], [114.74288921892742, 41.1812879068344], [114.74288921892742, 41.18110824377757], [114.7427095558706, 41.18110824377757], [114.7427095558706, 41.180209928493454], [114.74306888198424, 41.180209928493454], [114.74306888198424, 41.18056925460711], [114.74324854504107, 41.18056925460711], [114.74324854504107, 41.18092858072075], [114.74396719726836, 41.18092858072075], [114.74396719726836, 41.18110824377757], [114.74414686032519, 41.18110824377757], [114.74414686032519, 41.180209928493454], [114.74432652338201, 41.180209928493454], [114.74432652338201, 41.180030265436635], [114.74576382783661, 41.180030265436635], [114.74576382783661, 41.180209928493454], [114.74774012146167, 41.180209928493454], [114.74774012146167, 41.18038959155028], [114.7488180998026, 41.18038959155028], [114.7488180998026, 41.18056925460711], [114.74953675202991, 41.18056925460711], [114.74953675202991, 41.18038959155028], [114.74989607814355, 41.18038959155028], [114.74989607814355, 41.18056925460711], [114.75007574120038, 41.18056925460711], [114.75007574120038, 41.180209928493454], [114.7502554042572, 41.180209928493454], [114.7502554042572, 41.18038959155028], [114.75043506731403, 41.18038959155028], [114.75043506731403, 41.18056925460711], [114.75241136093909, 41.18056925460711], [114.75241136093909, 41.18074891766393], [114.75277068705273, 41.18074891766393], [114.75277068705273, 41.18092858072075], [114.75295035010956, 41.18092858072075], [114.75295035010956, 41.18110824377757], [114.75277068705273, 41.18110824377757], [114.75277068705273, 41.1812879068344], [114.75259102399592, 41.1812879068344], [114.75259102399592, 41.181467569891225], [114.75205203482544, 41.181467569891225], [114.75205203482544, 41.181647232948045], [114.75187237176861, 41.181647232948045]]]}, "properties": {"name": "cand03", "ptype": "hall", "confidence": "low", "rank": 3, "area_ha": 10.6, "rise_db": 13.7, "digitised_from": "Sentinel-1 VV rise 2021->2026, orbit 142"}}, {"type": "Feature", "geometry": {"geodesic": false, "type": "Polygon", "coordinates": [[[114.73642134888176, 41.18559982019817], [114.73642134888176, 41.18542015714135], [114.73408572914305, 41.18542015714135], [114.73408572914305, 41.185240494084525], [114.73390606608622, 41.185240494084525], [114.73390606608622, 41.1850608310277], [114.73408572914305, 41.1850608310277], [114.73408572914305, 41.18488116797088], [114.73462471831353, 41.18488116797088], [114.73462471831353, 41.18470150491405], [114.73480438137035, 41.18470150491405], [114.73480438137035, 41.18398285268676], [114.73498404442716, 41.18398285268676], [114.73498404442716, 41.18344386351629], [114.73480438137035, 41.18344386351629], [114.73480438137035, 41.18326420045946], [114.73498404442716, 41.18326420045946], [114.73498404442716, 41.183084537402635], [114.73516370748399, 41.183084537402635], [114.73516370748399, 41.18272521128899], [114.73480438137035, 41.18272521128899], [114.73480438137035, 41.18254554823217], [114.73498404442716, 41.18254554823217], [114.73498404442716, 41.182365885175344], [114.73516370748399, 41.182365885175344], [114.73516370748399, 41.18218622211852], [114.73642134888176, 41.18218622211852], [114.73642134888176, 41.182365885175344], [114.73731966416588, 41.182365885175344], [114.73731966416588, 41.18344386351629], [114.73714000110905, 41.18344386351629], [114.73714000110905, 41.18362352657311], [114.73731966416588, 41.18362352657311], [114.73731966416588, 41.183803189629934], [114.73714000110905, 41.183803189629934], [114.73714000110905, 41.18452184185723], [114.73696033805223, 41.18452184185723], [114.73696033805223, 41.18542015714135], [114.73678067499542, 41.18542015714135], [114.73678067499542, 41.18559982019817], [114.73642134888176, 41.18559982019817]], [[114.73660101193859, 41.183084537402635], [114.73606202276811, 41.183084537402635], [114.73606202276811, 41.182904874345816], [114.73660101193859, 41.182904874345816], [114.73660101193859, 41.183084537402635]]]}, "properties": {"name": "cand04", "ptype": "hall", "confidence": "low", "rank": 4, "area_ha": 9.4, "rise_db": 10.3, "digitised_from": "Sentinel-1 VV rise 2021->2026, orbit 142"}}, {"type": "Feature", "geometry": {"geodesic": false, "type": "Polygon", "coordinates": [[[114.73354673997258, 41.2211731054493], [114.73354673997258, 41.22099344239248], [114.73318741385893, 41.22099344239248], [114.73318741385893, 41.22081377933566], [114.73264842468846, 41.22081377933566], [114.73264842468846, 41.22063411627884], [114.73210943551798, 41.22063411627884], [114.73210943551798, 41.22045445322201], [114.73175010940435, 41.22045445322201], [114.73175010940435, 41.220274790165185], [114.7306721310634, 41.220274790165185], [114.7306721310634, 41.220095127108365], [114.73031280494975, 41.220095127108365], [114.73031280494975, 41.21991546405154], [114.73013314189292, 41.21991546405154], [114.73013314189292, 41.220274790165185], [114.7299534788361, 41.220274790165185], [114.7299534788361, 41.21991546405154], [114.73013314189292, 41.21991546405154], [114.73013314189292, 41.21955613793789], [114.73031280494975, 41.21955613793789], [114.73031280494975, 41.21937647488107], [114.73049246800657, 41.21937647488107], [114.73049246800657, 41.21919681182424], [114.7306721310634, 41.21919681182424], [114.7306721310634, 41.218837485710594], [114.73085179412023, 41.218837485710594], [114.73085179412023, 41.218657822653775], [114.73103145717704, 41.218657822653775], [114.73103145717704, 41.21847815959695], [114.73192977246116, 41.21847815959695], [114.73192977246116, 41.218657822653775], [114.73228909857481, 41.218657822653775], [114.73228909857481, 41.21901714876742], [114.73264842468846, 41.21901714876742], [114.73264842468846, 41.21919681182424], [114.73282808774529, 41.21919681182424], [114.73282808774529, 41.21937647488107], [114.73336707691575, 41.21937647488107], [114.73336707691575, 41.21955613793789], [114.73372640302941, 41.21955613793789], [114.73372640302941, 41.21973580099471], [114.73390606608622, 41.21973580099471], [114.73390606608622, 41.21955613793789], [114.73408572914305, 41.21955613793789], [114.73408572914305, 41.21937647488107], [114.73426539219987, 41.21937647488107], [114.73426539219987, 41.21973580099471], [114.73462471831353, 41.21973580099471], [114.73462471831353, 41.220095127108365], [114.7344450552567, 41.220095127108365], [114.7344450552567, 41.22045445322201], [114.73426539219987, 41.22045445322201], [114.73426539219987, 41.22081377933566], [114.73408572914305, 41.22081377933566], [114.73408572914305, 41.22099344239248], [114.73390606608622, 41.22099344239248], [114.73390606608622, 41.2211731054493], [114.73354673997258, 41.2211731054493]]]}, "properties": {"name": "cand05", "ptype": "hall", "confidence": "low", "rank": 5, "area_ha": 8.0, "rise_db": 7.7, "digitised_from": "Sentinel-1 VV rise 2021->2026, orbit 142"}}, {"type": "Feature", "geometry": {"geodesic": false, "type": "Polygon", "coordinates": [[[114.71809571708572, 41.163321601152006], [114.71809571708572, 41.16314193809519], [114.71755672791525, 41.16314193809519], [114.71755672791525, 41.16296227503836], [114.71683807568796, 41.16296227503836], [114.71683807568796, 41.16314193809519], [114.7164787495743, 41.16314193809519], [114.7164787495743, 41.16296227503836], [114.71593976040384, 41.16296227503836], [114.71593976040384, 41.162782611981534], [114.71576009734702, 41.162782611981534], [114.71576009734702, 41.16206395975424], [114.71593976040384, 41.16206395975424], [114.71593976040384, 41.161884296697416], [114.7164787495743, 41.161884296697416], [114.7164787495743, 41.16152497058377], [114.71611942346065, 41.16152497058377], [114.71611942346065, 41.161704633640596], [114.71593976040384, 41.161704633640596], [114.71593976040384, 41.16152497058377], [114.71576009734702, 41.16152497058377], [114.71576009734702, 41.160446992242825], [114.71593976040384, 41.160446992242825], [114.71593976040384, 41.160267329186006], [114.71576009734702, 41.160267329186006], [114.71576009734702, 41.16008766612918], [114.71611942346065, 41.16008766612918], [114.71611942346065, 41.16080631835647], [114.71629908651748, 41.16080631835647], [114.71629908651748, 41.1609859814133], [114.7164787495743, 41.1609859814133], [114.7164787495743, 41.161165644470124], [114.71665841263113, 41.161165644470124], [114.71665841263113, 41.16134530752694], [114.7171974018016, 41.16134530752694], [114.7171974018016, 41.161704633640596], [114.71683807568796, 41.161704633640596], [114.71683807568796, 41.16206395975424], [114.71773639097208, 41.16206395975424], [114.71773639097208, 41.16242328586789], [114.71665841263113, 41.16242328586789], [114.71665841263113, 41.16224362281107], [114.71629908651748, 41.16224362281107], [114.71629908651748, 41.162602948924714], [114.7164787495743, 41.162602948924714], [114.7164787495743, 41.162782611981534], [114.71701773874479, 41.162782611981534], [114.71701773874479, 41.162602948924714], [114.71737706485843, 41.162602948924714], [114.71737706485843, 41.162782611981534], [114.71809571708572, 41.162782611981534], [114.71809571708572, 41.16242328586789], [114.71845504319937, 41.16242328586789], [114.71845504319937, 41.16224362281107], [114.7186347062562, 41.16224362281107], [114.7186347062562, 41.161884296697416], [114.71845504319937, 41.161884296697416], [114.71845504319937, 41.161704633640596], [114.71827538014254, 41.161704633640596], [114.71827538014254, 41.16134530752694], [114.7186347062562, 41.16134530752694], [114.7186347062562, 41.161165644470124], [114.71917369542666, 41.161165644470124], [114.71917369542666, 41.16134530752694], [114.71899403236985, 41.16134530752694], [114.71899403236985, 41.16152497058377], [114.71971268459714, 41.16152497058377], [114.71971268459714, 41.161704633640596], [114.71989234765397, 41.161704633640596], [114.71989234765397, 41.162602948924714], [114.71953302154031, 41.162602948924714], [114.71953302154031, 41.162782611981534], [114.72007201071078, 41.162782611981534], [114.72007201071078, 41.16314193809519], [114.71971268459714, 41.16314193809519], [114.71971268459714, 41.16296227503836], [114.71953302154031, 41.16296227503836], [114.71953302154031, 41.162782611981534], [114.71899403236985, 41.162782611981534], [114.71899403236985, 41.16296227503836], [114.71881436931302, 41.16296227503836], [114.71881436931302, 41.16314193809519], [114.7186347062562, 41.16314193809519], [114.7186347062562, 41.163321601152006], [114.71809571708572, 41.163321601152006]]]}, "properties": {"name": "cand06", "ptype": "hall", "confidence": "low", "rank": 6, "area_ha": 6.6, "rise_db": 5.8, "digitised_from": "Sentinel-1 VV rise 2021->2026, orbit 142"}}, {"type": "Feature", "geometry": {"geodesic": false, "type": "Polygon", "coordinates": [[[114.72869583743834, 41.16457924254978], [114.72869583743834, 41.16421991643613], [114.72833651132468, 41.16421991643613], [114.72833651132468, 41.16386059032248], [114.72815684826786, 41.16386059032248], [114.72815684826786, 41.16421991643613], [114.72779752215422, 41.16421991643613], [114.72779752215422, 41.164040253379305], [114.72653988075645, 41.164040253379305], [114.72653988075645, 41.16386059032248], [114.7261805546428, 41.16386059032248], [114.7261805546428, 41.16368092726566], [114.72600089158597, 41.16368092726566], [114.72600089158597, 41.16296227503836], [114.7261805546428, 41.16296227503836], [114.7261805546428, 41.162602948924714], [114.72600089158597, 41.162602948924714], [114.72600089158597, 41.16242328586789], [114.7261805546428, 41.16242328586789], [114.7261805546428, 41.16206395975424], [114.72636021769962, 41.16206395975424], [114.72636021769962, 41.161704633640596], [114.72707886992691, 41.161704633640596], [114.72707886992691, 41.161884296697416], [114.72779752215422, 41.161884296697416], [114.72779752215422, 41.16206395975424], [114.72725853298374, 41.16206395975424], [114.72725853298374, 41.16224362281107], [114.72707886992691, 41.16224362281107], [114.72707886992691, 41.162602948924714], [114.7268992068701, 41.162602948924714], [114.7268992068701, 41.16296227503836], [114.72743819604057, 41.16296227503836], [114.72743819604057, 41.162782611981534], [114.72797718521103, 41.162782611981534], [114.72797718521103, 41.16296227503836], [114.72833651132468, 41.16296227503836], [114.72833651132468, 41.163321601152006], [114.72815684826786, 41.163321601152006], [114.72815684826786, 41.16350126420883], [114.72869583743834, 41.16350126420883], [114.72869583743834, 41.16368092726566], [114.72887550049516, 41.16368092726566], [114.72887550049516, 41.16386059032248], [114.72869583743834, 41.16386059032248], [114.72869583743834, 41.164040253379305], [114.72887550049516, 41.164040253379305], [114.72887550049516, 41.16421991643613], [114.72905516355198, 41.16421991643613], [114.72905516355198, 41.16457924254978], [114.72869583743834, 41.16457924254978]], [[114.72743819604057, 41.163321601152006], [114.72725853298374, 41.163321601152006], [114.72725853298374, 41.16314193809519], [114.72743819604057, 41.16314193809519], [114.72743819604057, 41.163321601152006]], [[114.72779752215422, 41.16350126420883], [114.72743819604057, 41.16350126420883], [114.72743819604057, 41.163321601152006], [114.72779752215422, 41.163321601152006], [114.72779752215422, 41.16350126420883]]]}, "properties": {"name": "cand07", "ptype": "hall", "confidence": "low", "rank": 7, "area_ha": 5.0, "rise_db": 6.5, "digitised_from": "Sentinel-1 VV rise 2021->2026, orbit 142"}}, {"type": "Feature", "geometry": {"geodesic": false, "type": "Polygon", "coordinates": [[[114.72456358713139, 41.18110824377757], [114.72456358713139, 41.18092858072075], [114.72438392407456, 41.18092858072075], [114.72438392407456, 41.180209928493454], [114.7240245979609, 41.180209928493454], [114.7240245979609, 41.17967093932298], [114.72420426101773, 41.17967093932298], [114.72420426101773, 41.179311613209336], [114.72438392407456, 41.179311613209336], [114.72438392407456, 41.17895228709569], [114.72456358713139, 41.17895228709569], [114.72456358713139, 41.17805397181157], [114.72510257630185, 41.17805397181157], [114.72510257630185, 41.178592960982044], [114.7254619024155, 41.178592960982044], [114.7254619024155, 41.17841329792522], [114.72582122852916, 41.17841329792522], [114.72582122852916, 41.17823363486839], [114.72564156547233, 41.17823363486839], [114.72564156547233, 41.17805397181157], [114.72600089158597, 41.17805397181157], [114.72600089158597, 41.177874308754745], [114.7261805546428, 41.177874308754745], [114.7261805546428, 41.17805397181157], [114.72636021769962, 41.17805397181157], [114.72636021769962, 41.17841329792522], [114.7261805546428, 41.17841329792522], [114.7261805546428, 41.17913195015251], [114.72653988075645, 41.17913195015251], [114.72653988075645, 41.178772624038864], [114.72671954381327, 41.178772624038864], [114.72671954381327, 41.17913195015251], [114.72653988075645, 41.17913195015251], [114.72653988075645, 41.179311613209336], [114.7268992068701, 41.179311613209336], [114.7268992068701, 41.17949127626616], [114.72707886992691, 41.17949127626616], [114.72707886992691, 41.17967093932298], [114.7268992068701, 41.17967093932298], [114.7268992068701, 41.17985060237981], [114.72671954381327, 41.17985060237981], [114.72671954381327, 41.17967093932298], [114.72653988075645, 41.17967093932298], [114.72653988075645, 41.179311613209336], [114.7261805546428, 41.179311613209336], [114.7261805546428, 41.17967093932298], [114.72564156547233, 41.17967093932298], [114.72564156547233, 41.17949127626616], [114.72600089158597, 41.17949127626616], [114.72600089158597, 41.179311613209336], [114.7254619024155, 41.179311613209336], [114.7254619024155, 41.17985060237981], [114.72528223935868, 41.17985060237981], [114.72528223935868, 41.17967093932298], [114.72510257630185, 41.17967093932298], [114.72510257630185, 41.17949127626616], [114.72492291324504, 41.17949127626616], [114.72492291324504, 41.17967093932298], [114.72474325018821, 41.17967093932298], [114.72474325018821, 41.180030265436635], [114.72510257630185, 41.180030265436635], [114.72510257630185, 41.180209928493454], [114.72528223935868, 41.180209928493454], [114.72528223935868, 41.18038959155028], [114.72510257630185, 41.18038959155028], [114.72510257630185, 41.18092858072075], [114.72492291324504, 41.18092858072075], [114.72492291324504, 41.18110824377757], [114.72456358713139, 41.18110824377757]], [[114.72528223935868, 41.17913195015251], [114.72510257630185, 41.17913195015251], [114.72510257630185, 41.17895228709569], [114.72528223935868, 41.17895228709569], [114.72528223935868, 41.17913195015251]]]}, "properties": {"name": "cand08", "ptype": "hall", "confidence": "low", "rank": 8, "area_ha": 4.8, "rise_db": 7.4, "digitised_from": "Sentinel-1 VV rise 2021->2026, orbit 142"}}, {"type": "Feature", "geometry": {"geodesic": false, "type": "Polygon", "coordinates": [[[114.78169643920138, 41.204105115051036], [114.78169643920138, 41.20374578893739], [114.78151677614456, 41.20374578893739], [114.78151677614456, 41.20392545199421], [114.78133711308774, 41.20392545199421], [114.78133711308774, 41.20374578893739], [114.78115745003092, 41.20374578893739], [114.78115745003092, 41.20356612588056], [114.78133711308774, 41.20356612588056], [114.78133711308774, 41.20338646282374], [114.78205576531504, 41.20338646282374], [114.78205576531504, 41.20320679976692], [114.7825947544855, 41.20320679976692], [114.7825947544855, 41.20302713671009], [114.78277441754233, 41.20302713671009], [114.78277441754233, 41.20284747365327], [114.78349306976962, 41.20284747365327], [114.78349306976962, 41.20302713671009], [114.78367273282645, 41.20302713671009], [114.78367273282645, 41.20284747365327], [114.78457104811056, 41.20284747365327], [114.78457104811056, 41.20302713671009], [114.78528970033787, 41.20302713671009], [114.78528970033787, 41.20320679976692], [114.78511003728104, 41.20320679976692], [114.78511003728104, 41.20338646282374], [114.78564902645151, 41.20338646282374], [114.78564902645151, 41.20320679976692], [114.78546936339468, 41.20320679976692], [114.78546936339468, 41.20302713671009], [114.78564902645151, 41.20302713671009], [114.78564902645151, 41.20320679976692], [114.78582868950834, 41.20320679976692], [114.78582868950834, 41.20284747365327], [114.7863676786788, 41.20284747365327], [114.7863676786788, 41.20248814753962], [114.78690666784928, 41.20248814753962], [114.78690666784928, 41.20284747365327], [114.78672700479245, 41.20284747365327], [114.78672700479245, 41.20302713671009], [114.78690666784928, 41.20302713671009], [114.78690666784928, 41.20320679976692], [114.78672700479245, 41.20320679976692], [114.78672700479245, 41.20338646282374], [114.78600835256516, 41.20338646282374], [114.78600835256516, 41.20356612588056], [114.78528970033787, 41.20356612588056], [114.78528970033787, 41.20374578893739], [114.78493037422422, 41.20374578893739], [114.78493037422422, 41.20392545199421], [114.78457104811056, 41.20392545199421], [114.78457104811056, 41.20356612588056], [114.78367273282645, 41.20356612588056], [114.78367273282645, 41.20392545199421], [114.78331340671281, 41.20392545199421], [114.78331340671281, 41.20374578893739], [114.78295408059915, 41.20374578893739], [114.78295408059915, 41.20392545199421], [114.78277441754233, 41.20392545199421], [114.78277441754233, 41.20374578893739], [114.78223542837186, 41.20374578893739], [114.78223542837186, 41.20392545199421], [114.78205576531504, 41.20392545199421], [114.78205576531504, 41.204105115051036], [114.78169643920138, 41.204105115051036]], [[114.7825947544855, 41.20356612588056], [114.78241509142867, 41.20356612588056], [114.78241509142867, 41.20338646282374], [114.7825947544855, 41.20338646282374], [114.7825947544855, 41.20356612588056]]]}, "properties": {"name": "cand09", "ptype": "hall", "confidence": "low", "rank": 9, "area_ha": 4.8, "rise_db": 5.6, "digitised_from": "Sentinel-1 VV rise 2021->2026, orbit 142"}}, {"type": "Feature", "geometry": {"geodesic": false, "type": "Polygon", "coordinates": [[[114.70785492284676, 41.183803189629934], [114.70785492284676, 41.18362352657311], [114.70749559673311, 41.18362352657311], [114.70749559673311, 41.18344386351629], [114.70731593367628, 41.18344386351629], [114.70731593367628, 41.183084537402635], [114.70713627061947, 41.183084537402635], [114.70713627061947, 41.182904874345816], [114.70731593367628, 41.182904874345816], [114.70731593367628, 41.182365885175344], [114.70713627061947, 41.182365885175344], [114.70713627061947, 41.1820065590617], [114.70695660756265, 41.1820065590617], [114.70695660756265, 41.18182689600487], [114.70677694450582, 41.18182689600487], [114.70677694450582, 41.1820065590617], [114.70659728144899, 41.1820065590617], [114.70659728144899, 41.18182689600487], [114.70641761839217, 41.18182689600487], [114.70641761839217, 41.181647232948045], [114.70623795533534, 41.181647232948045], [114.70623795533534, 41.18110824377757], [114.70677694450582, 41.18110824377757], [114.70677694450582, 41.1812879068344], [114.70695660756265, 41.1812879068344], [114.70695660756265, 41.18110824377757], [114.70785492284676, 41.18110824377757], [114.70785492284676, 41.1812879068344], [114.70803458590359, 41.1812879068344], [114.70803458590359, 41.181467569891225], [114.70767525978994, 41.181467569891225], [114.70767525978994, 41.181647232948045], [114.70803458590359, 41.181647232948045], [114.70803458590359, 41.18182689600487], [114.7082142489604, 41.18182689600487], [114.7082142489604, 41.1820065590617], [114.70857357507406, 41.1820065590617], [114.70857357507406, 41.182365885175344], [114.70875323813088, 41.182365885175344], [114.70875323813088, 41.183084537402635], [114.70893290118771, 41.183084537402635], [114.70893290118771, 41.18344386351629], [114.70839391201723, 41.18344386351629], [114.70839391201723, 41.18362352657311], [114.7082142489604, 41.18362352657311], [114.7082142489604, 41.183803189629934], [114.70785492284676, 41.183803189629934]]]}, "properties": {"name": "cand10", "ptype": "hall", "confidence": "low", "rank": 10, "area_ha": 4.7, "rise_db": 9.5, "digitised_from": "Sentinel-1 VV rise 2021->2026, orbit 142"}}, {"type": "Feature", "geometry": {"geodesic": false, "type": "Polygon", "coordinates": [[[114.72258729350632, 41.163321601152006], [114.72258729350632, 41.16296227503836], [114.7224076304495, 41.16296227503836], [114.7224076304495, 41.162782611981534], [114.72186864127903, 41.162782611981534], [114.72186864127903, 41.161704633640596], [114.72204830433584, 41.161704633640596], [114.72204830433584, 41.16152497058377], [114.7224076304495, 41.16152497058377], [114.7224076304495, 41.16206395975424], [114.72276695656315, 41.16206395975424], [114.72276695656315, 41.16134530752694], [114.72258729350632, 41.16134530752694], [114.72258729350632, 41.161165644470124], [114.72276695656315, 41.161165644470124], [114.72276695656315, 41.1609859814133], [114.72294661961998, 41.1609859814133], [114.72294661961998, 41.16080631835647], [114.72312628267679, 41.16080631835647], [114.72312628267679, 41.160446992242825], [114.72330594573361, 41.160446992242825], [114.72330594573361, 41.160267329186006], [114.72348560879044, 41.160267329186006], [114.72348560879044, 41.160446992242825], [114.72366527184727, 41.160446992242825], [114.72366527184727, 41.1609859814133], [114.72312628267679, 41.1609859814133], [114.72312628267679, 41.16134530752694], [114.72330594573361, 41.16134530752694], [114.72330594573361, 41.16152497058377], [114.72348560879044, 41.16152497058377], [114.72348560879044, 41.161884296697416], [114.7238449349041, 41.161884296697416], [114.7238449349041, 41.16206395975424], [114.7240245979609, 41.16206395975424], [114.7240245979609, 41.16224362281107], [114.72420426101773, 41.16224362281107], [114.72420426101773, 41.162602948924714], [114.7240245979609, 41.162602948924714], [114.7240245979609, 41.162782611981534], [114.72366527184727, 41.162782611981534], [114.72366527184727, 41.162602948924714], [114.72348560879044, 41.162602948924714], [114.72348560879044, 41.16242328586789], [114.72330594573361, 41.16242328586789], [114.72330594573361, 41.162602948924714], [114.72312628267679, 41.162602948924714], [114.72312628267679, 41.16296227503836], [114.72294661961998, 41.16296227503836], [114.72294661961998, 41.163321601152006], [114.72258729350632, 41.163321601152006]]]}, "properties": {"name": "cand11", "ptype": "hall", "confidence": "low", "rank": 11, "area_ha": 3.8, "rise_db": 6.2, "digitised_from": "Sentinel-1 VV rise 2021->2026, orbit 142"}}, {"type": "Feature", "geometry": {"geodesic": false, "type": "Polygon", "coordinates": [[[114.75187237176861, 41.17032846036814], [114.75187237176861, 41.17014879731132], [114.75115371954132, 41.17014879731132], [114.75115371954132, 41.169969134254494], [114.7509740564845, 41.169969134254494], [114.7509740564845, 41.16978947119767], [114.75115371954132, 41.16978947119767], [114.75115371954132, 41.169250482027195], [114.75133338259815, 41.169250482027195], [114.75133338259815, 41.169070818970376], [114.75151304565497, 41.169070818970376], [114.75151304565497, 41.1685318297999], [114.75133338259815, 41.1685318297999], [114.75133338259815, 41.16817250368626], [114.75151304565497, 41.16817250368626], [114.75151304565497, 41.16799284062943], [114.75259102399592, 41.16799284062943], [114.75259102399592, 41.16817250368626], [114.75277068705273, 41.16817250368626], [114.75277068705273, 41.16871149285672], [114.75259102399592, 41.16871149285672], [114.75259102399592, 41.16889115591355], [114.75223169788227, 41.16889115591355], [114.75223169788227, 41.16871149285672], [114.75205203482544, 41.16871149285672], [114.75205203482544, 41.16889115591355], [114.75187237176861, 41.16889115591355], [114.75187237176861, 41.169250482027195], [114.75259102399592, 41.169250482027195], [114.75259102399592, 41.16943014508402], [114.75277068705273, 41.16943014508402], [114.75277068705273, 41.16978947119767], [114.75259102399592, 41.16978947119767], [114.75259102399592, 41.169969134254494], [114.75241136093909, 41.169969134254494], [114.75241136093909, 41.17014879731132], [114.75223169788227, 41.17014879731132], [114.75223169788227, 41.17032846036814], [114.75187237176861, 41.17032846036814]]]}, "properties": {"name": "cand12", "ptype": "hall", "confidence": "low", "rank": 12, "area_ha": 3.3, "rise_db": 10.6, "digitised_from": "Sentinel-1 VV rise 2021->2026, orbit 142"}}, {"type": "Feature", "geometry": {"geodesic": false, "type": "Polygon", "coordinates": [[[114.73246876163164, 41.18182689600487], [114.73246876163164, 41.181647232948045], [114.73228909857481, 41.181647232948045], [114.73228909857481, 41.181467569891225], [114.73210943551798, 41.181467569891225], [114.73210943551798, 41.1812879068344], [114.73192977246116, 41.1812879068344], [114.73192977246116, 41.181467569891225], [114.73175010940435, 41.181467569891225], [114.73175010940435, 41.181647232948045], [114.73085179412023, 41.181647232948045], [114.73085179412023, 41.181467569891225], [114.7306721310634, 41.181467569891225], [114.7306721310634, 41.1812879068344], [114.73049246800657, 41.1812879068344], [114.73049246800657, 41.18074891766393], [114.7306721310634, 41.18074891766393], [114.7306721310634, 41.18056925460711], [114.73175010940435, 41.18056925460711], [114.73175010940435, 41.18074891766393], [114.73282808774529, 41.18074891766393], [114.73282808774529, 41.18056925460711], [114.73318741385893, 41.18056925460711], [114.73318741385893, 41.180209928493454], [114.73354673997258, 41.180209928493454], [114.73354673997258, 41.18074891766393], [114.73336707691575, 41.18074891766393], [114.73336707691575, 41.18110824377757], [114.73318741385893, 41.18110824377757], [114.73318741385893, 41.1812879068344], [114.7330077508021, 41.1812879068344], [114.7330077508021, 41.181467569891225], [114.73282808774529, 41.181467569891225], [114.73282808774529, 41.181647232948045], [114.73264842468846, 41.181647232948045], [114.73264842468846, 41.18182689600487], [114.73246876163164, 41.18182689600487]]]}, "properties": {"name": "cand13", "ptype": "hall", "confidence": "low", "rank": 13, "area_ha": 3.3, "rise_db": 9.0, "digitised_from": "Sentinel-1 VV rise 2021->2026, orbit 142"}}, {"type": "Feature", "geometry": {"geodesic": false, "type": "Polygon", "coordinates": [[[114.70498031393758, 41.186677798539115], [114.70498031393758, 41.186498135482296], [114.70480065088076, 41.186498135482296], [114.70480065088076, 41.18631847242547], [114.70462098782393, 41.18631847242547], [114.70462098782393, 41.18613880936864], [114.70426166171028, 41.18613880936864], [114.70426166171028, 41.18595914631182], [114.70408199865346, 41.18595914631182], [114.70408199865346, 41.185779483255], [114.70390233559664, 41.185779483255], [114.70390233559664, 41.185240494084525], [114.70515997699441, 41.185240494084525], [114.70515997699441, 41.18559982019817], [114.70533964005122, 41.18559982019817], [114.70533964005122, 41.185779483255], [114.70623795533534, 41.185779483255], [114.70623795533534, 41.18595914631182], [114.70641761839217, 41.18595914631182], [114.70641761839217, 41.18631847242547], [114.70659728144899, 41.18631847242547], [114.70659728144899, 41.186677798539115], [114.70498031393758, 41.186677798539115]]]}, "properties": {"name": "cand14", "ptype": "hall", "confidence": "low", "rank": 14, "area_ha": 3.0, "rise_db": 8.5, "digitised_from": "Sentinel-1 VV rise 2021->2026, orbit 142"}}, {"type": "Feature", "geometry": {"geodesic": false, "type": "Polygon", "coordinates": [[[114.75456731762098, 41.170508123424966], [114.75456731762098, 41.17032846036814], [114.75438765456416, 41.17032846036814], [114.75438765456416, 41.169969134254494], [114.75456731762098, 41.169969134254494], [114.75456731762098, 41.16960980814085], [114.75438765456416, 41.16960980814085], [114.75438765456416, 41.16943014508402], [114.75420799150733, 41.16943014508402], [114.75420799150733, 41.169250482027195], [114.75366900233686, 41.169250482027195], [114.75366900233686, 41.169070818970376], [114.75330967622321, 41.169070818970376], [114.75330967622321, 41.1685318297999], [114.75313001316638, 41.1685318297999], [114.75313001316638, 41.16799284062943], [114.75366900233686, 41.16799284062943], [114.75366900233686, 41.16817250368626], [114.75420799150733, 41.16817250368626], [114.75420799150733, 41.16835216674308], [114.75384866539368, 41.16835216674308], [114.75384866539368, 41.16871149285672], [114.75420799150733, 41.16871149285672], [114.75420799150733, 41.16889115591355], [114.75438765456416, 41.16889115591355], [114.75438765456416, 41.169070818970376], [114.7547469806778, 41.169070818970376], [114.7547469806778, 41.16817250368626], [114.75528596984827, 41.16817250368626], [114.75528596984827, 41.16799284062943], [114.7554656329051, 41.16799284062943], [114.7554656329051, 41.167813177572604], [114.75564529596193, 41.167813177572604], [114.75564529596193, 41.16817250368626], [114.75528596984827, 41.16817250368626], [114.75528596984827, 41.169250482027195], [114.75510630679145, 41.169250482027195], [114.75510630679145, 41.16960980814085], [114.75492664373462, 41.16960980814085], [114.75492664373462, 41.17032846036814], [114.7547469806778, 41.17032846036814], [114.7547469806778, 41.170508123424966], [114.75456731762098, 41.170508123424966]]]}, "properties": {"name": "cand15", "ptype": "hall", "confidence": "low", "rank": 15, "area_ha": 3.0, "rise_db": 7.9, "digitised_from": "Sentinel-1 VV rise 2021->2026, orbit 142"}}, {"type": "Feature", "geometry": {"geodesic": false, "type": "Polygon", "coordinates": [[[114.80127971239519, 41.21488489846047], [114.80127971239519, 41.21470523540365], [114.80110004933837, 41.21470523540365], [114.80110004933837, 41.21488489846047], [114.80092038628155, 41.21488489846047], [114.80092038628155, 41.21452557234682], [114.80074072322472, 41.21452557234682], [114.80074072322472, 41.21488489846047], [114.8005610601679, 41.21488489846047], [114.8005610601679, 41.21452557234682], [114.79966274488378, 41.21452557234682], [114.79966274488378, 41.21470523540365], [114.79912375571331, 41.21470523540365], [114.79912375571331, 41.21488489846047], [114.79894409265648, 41.21488489846047], [114.79894409265648, 41.21470523540365], [114.79876442959966, 41.21470523540365], [114.79876442959966, 41.21452557234682], [114.79804577737237, 41.21452557234682], [114.79804577737237, 41.214345909289996], [114.79822544042918, 41.214345909289996], [114.79822544042918, 41.21416624623318], [114.79858476654283, 41.21416624623318], [114.79858476654283, 41.21398658317635], [114.79876442959966, 41.21398658317635], [114.79876442959966, 41.214345909289996], [114.79894409265648, 41.214345909289996], [114.79894409265648, 41.21398658317635], [114.80002207099743, 41.21398658317635], [114.80002207099743, 41.213806920119524], [114.80020173405424, 41.213806920119524], [114.80020173405424, 41.21398658317635], [114.80038139711107, 41.21398658317635], [114.80038139711107, 41.213806920119524], [114.80110004933837, 41.213806920119524], [114.80110004933837, 41.213627257062704], [114.80092038628155, 41.213627257062704], [114.80092038628155, 41.21344759400588], [114.80127971239519, 41.21344759400588], [114.80127971239519, 41.213627257062704], [114.80145937545201, 41.213627257062704], [114.80145937545201, 41.21488489846047], [114.80127971239519, 41.21488489846047]], [[114.79966274488378, 41.21452557234682], [114.79948308182695, 41.21452557234682], [114.79948308182695, 41.214345909289996], [114.79966274488378, 41.214345909289996], [114.79966274488378, 41.21452557234682]], [[114.80074072322472, 41.21452557234682], [114.8005610601679, 41.21452557234682], [114.8005610601679, 41.214345909289996], [114.80074072322472, 41.214345909289996], [114.80074072322472, 41.21452557234682]]]}, "properties": {"name": "cand16", "ptype": "hall", "confidence": "low", "rank": 16, "area_ha": 2.9, "rise_db": 6.8, "digitised_from": "Sentinel-1 VV rise 2021->2026, orbit 142"}}, {"type": "Feature", "geometry": {"geodesic": false, "type": "Polygon", "coordinates": [[[114.7006684005738, 41.178592960982044], [114.7006684005738, 41.17841329792522], [114.69941075917603, 41.17841329792522], [114.69941075917603, 41.17823363486839], [114.69923109611922, 41.17823363486839], [114.69923109611922, 41.17805397181157], [114.6990514330624, 41.17805397181157], [114.6990514330624, 41.177874308754745], [114.69923109611922, 41.177874308754745], [114.69923109611922, 41.1775149826411], [114.69941075917603, 41.1775149826411], [114.69941075917603, 41.17697599347063], [114.69959042223286, 41.17697599347063], [114.69959042223286, 41.1767963304138], [114.69994974834651, 41.1767963304138], [114.69994974834651, 41.17697599347063], [114.70012941140334, 41.17697599347063], [114.70012941140334, 41.17733531958427], [114.69994974834651, 41.17733531958427], [114.69994974834651, 41.1775149826411], [114.69977008528969, 41.1775149826411], [114.69977008528969, 41.17769464569792], [114.70048873751698, 41.17769464569792], [114.70048873751698, 41.177874308754745], [114.7013870528011, 41.177874308754745], [114.7013870528011, 41.17805397181157], [114.70192604197157, 41.17805397181157], [114.70192604197157, 41.17823363486839], [114.7021057050284, 41.17823363486839], [114.7021057050284, 41.17841329792522], [114.7013870528011, 41.17841329792522], [114.7013870528011, 41.178592960982044], [114.7006684005738, 41.178592960982044]]]}, "properties": {"name": "cand17", "ptype": "hall", "confidence": "low", "rank": 17, "area_ha": 2.8, "rise_db": 8.1, "digitised_from": "Sentinel-1 VV rise 2021->2026, orbit 142"}}, {"type": "Feature", "geometry": {"geodesic": false, "type": "Polygon", "coordinates": [[[114.75223169788227, 41.21308826789223], [114.75223169788227, 41.21254927872176], [114.75241136093909, 41.21254927872176], [114.75241136093909, 41.21236961566493], [114.75223169788227, 41.21236961566493], [114.75223169788227, 41.212189952608114], [114.75241136093909, 41.212189952608114], [114.75241136093909, 41.21183062649446], [114.75223169788227, 41.21183062649446], [114.75223169788227, 41.21201028955129], [114.75205203482544, 41.21201028955129], [114.75205203482544, 41.21183062649446], [114.75187237176861, 41.21183062649446], [114.75187237176861, 41.21165096343764], [114.75151304565497, 41.21165096343764], [114.75151304565497, 41.21236961566493], [114.75133338259815, 41.21236961566493], [114.75133338259815, 41.21254927872176], [114.7509740564845, 41.21254927872176], [114.7509740564845, 41.21236961566493], [114.75079439342767, 41.21236961566493], [114.75079439342767, 41.212189952608114], [114.7509740564845, 41.212189952608114], [114.7509740564845, 41.21183062649446], [114.75115371954132, 41.21183062649446], [114.75115371954132, 41.21165096343764], [114.7509740564845, 41.21165096343764], [114.7509740564845, 41.21129163732399], [114.75115371954132, 41.21129163732399], [114.75115371954132, 41.21093231121034], [114.75151304565497, 41.21093231121034], [114.75151304565497, 41.21111197426717], [114.75187237176861, 41.21111197426717], [114.75187237176861, 41.21093231121034], [114.75205203482544, 41.21093231121034], [114.75205203482544, 41.21111197426717], [114.75259102399592, 41.21111197426717], [114.75259102399592, 41.21129163732399], [114.75277068705273, 41.21129163732399], [114.75277068705273, 41.211471300380815], [114.75295035010956, 41.211471300380815], [114.75295035010956, 41.21129163732399], [114.75313001316638, 41.21129163732399], [114.75313001316638, 41.21165096343764], [114.75295035010956, 41.21165096343764], [114.75295035010956, 41.21201028955129], [114.75277068705273, 41.21201028955129], [114.75277068705273, 41.212189952608114], [114.75259102399592, 41.212189952608114], [114.75259102399592, 41.21236961566493], [114.75277068705273, 41.21236961566493], [114.75277068705273, 41.212728941778586], [114.75241136093909, 41.212728941778586], [114.75241136093909, 41.21308826789223], [114.75223169788227, 41.21308826789223]], [[114.75133338259815, 41.21236961566493], [114.75115371954132, 41.21236961566493], [114.75115371954132, 41.212189952608114], [114.75133338259815, 41.212189952608114], [114.75133338259815, 41.21236961566493]]]}, "properties": {"name": "cand18", "ptype": "hall", "confidence": "low", "rank": 18, "area_ha": 2.7, "rise_db": 6.2, "digitised_from": "Sentinel-1 VV rise 2021->2026, orbit 142"}}, {"type": "Feature", "geometry": {"geodesic": false, "type": "Polygon", "coordinates": [[[114.73785865333635, 41.17949127626616], [114.73785865333635, 41.177874308754745], [114.73821797945, 41.177874308754745], [114.73821797945, 41.17805397181157], [114.73839764250683, 41.17805397181157], [114.73839764250683, 41.17823363486839], [114.73875696862048, 41.17823363486839], [114.73875696862048, 41.177874308754745], [114.73929595779094, 41.177874308754745], [114.73929595779094, 41.17805397181157], [114.73947562084777, 41.17805397181157], [114.73947562084777, 41.17823363486839], [114.7396552839046, 41.17823363486839], [114.7396552839046, 41.17805397181157], [114.74001461001824, 41.17805397181157], [114.74001461001824, 41.17823363486839], [114.74019427307506, 41.17823363486839], [114.74019427307506, 41.17841329792522], [114.74001461001824, 41.17841329792522], [114.74001461001824, 41.178772624038864], [114.73983494696142, 41.178772624038864], [114.73983494696142, 41.17895228709569], [114.73893663167729, 41.17895228709569], [114.73893663167729, 41.178772624038864], [114.73839764250683, 41.178772624038864], [114.73839764250683, 41.17895228709569], [114.73821797945, 41.17895228709569], [114.73821797945, 41.17913195015251], [114.73839764250683, 41.17913195015251], [114.73839764250683, 41.17949127626616], [114.73785865333635, 41.17949127626616]]]}, "properties": {"name": "cand19", "ptype": "hall", "confidence": "low", "rank": 19, "area_ha": 2.7, "rise_db": 7.7, "digitised_from": "Sentinel-1 VV rise 2021->2026, orbit 142"}}, {"type": "Feature", "geometry": {"geodesic": false, "type": "Polygon", "coordinates": [[[114.75816057875745, 41.16943014508402], [114.75816057875745, 41.169250482027195], [114.75798091570063, 41.169250482027195], [114.75798091570063, 41.16943014508402], [114.7578012526438, 41.16943014508402], [114.7578012526438, 41.169250482027195], [114.75762158958699, 41.169250482027195], [114.75762158958699, 41.16835216674308], [114.75744192653016, 41.16835216674308], [114.75744192653016, 41.1685318297999], [114.75726226347334, 41.1685318297999], [114.75726226347334, 41.16943014508402], [114.75690293735968, 41.16943014508402], [114.75690293735968, 41.169250482027195], [114.75672327430286, 41.169250482027195], [114.75672327430286, 41.16889115591355], [114.75690293735968, 41.16889115591355], [114.75690293735968, 41.16871149285672], [114.75708260041651, 41.16871149285672], [114.75708260041651, 41.1685318297999], [114.75690293735968, 41.1685318297999], [114.75690293735968, 41.16835216674308], [114.75708260041651, 41.16835216674308], [114.75708260041651, 41.16817250368626], [114.75851990487111, 41.16817250368626], [114.75851990487111, 41.16835216674308], [114.75869956792792, 41.16835216674308], [114.75869956792792, 41.1685318297999], [114.75851990487111, 41.1685318297999], [114.75851990487111, 41.16871149285672], [114.75869956792792, 41.16871149285672], [114.75869956792792, 41.169070818970376], [114.75959788321205, 41.169070818970376], [114.75959788321205, 41.169250482027195], [114.75977754626886, 41.169250482027195], [114.75977754626886, 41.16943014508402], [114.75816057875745, 41.16943014508402]]]}, "properties": {"name": "cand20", "ptype": "hall", "confidence": "low", "rank": 20, "area_ha": 2.6, "rise_db": 9.4, "digitised_from": "Sentinel-1 VV rise 2021->2026, orbit 142"}}, {"type": "Feature", "geometry": {"geodesic": false, "type": "Polygon", "coordinates": [[[114.67821051847082, 41.19098971190289], [114.67821051847082, 41.19081004884607], [114.67785119235717, 41.19081004884607], [114.67785119235717, 41.19098971190289], [114.67767152930034, 41.19098971190289], [114.67767152930034, 41.19063038578924], [114.67785119235717, 41.19063038578924], [114.67785119235717, 41.190271059675595], [114.678030855414, 41.190271059675595], [114.678030855414, 41.19009139661877], [114.67821051847082, 41.19009139661877], [114.67821051847082, 41.18973207050512], [114.678030855414, 41.18973207050512], [114.678030855414, 41.189552407448296], [114.67821051847082, 41.189552407448296], [114.67821051847082, 41.18937274439148], [114.67874950764129, 41.18937274439148], [114.67874950764129, 41.18919308133465], [114.67910883375494, 41.18919308133465], [114.67910883375494, 41.18937274439148], [114.67928849681176, 41.18937274439148], [114.67928849681176, 41.189552407448296], [114.67946815986859, 41.189552407448296], [114.67946815986859, 41.19009139661877], [114.67928849681176, 41.19009139661877], [114.67928849681176, 41.19063038578924], [114.67910883375494, 41.19063038578924], [114.67910883375494, 41.19081004884607], [114.67892917069811, 41.19081004884607], [114.67892917069811, 41.19098971190289], [114.67821051847082, 41.19098971190289]]]}, "properties": {"name": "cand21", "ptype": "hall", "confidence": "low", "rank": 21, "area_ha": 2.6, "rise_db": 8.7, "digitised_from": "Sentinel-1 VV rise 2021->2026, orbit 142"}}, {"type": "Feature", "geometry": {"geodesic": false, "type": "Polygon", "coordinates": [[[114.75187237176861, 41.148768893549274], [114.75187237176861, 41.1482299043788], [114.75205203482544, 41.1482299043788], [114.75205203482544, 41.148050241321975], [114.75223169788227, 41.148050241321975], [114.75223169788227, 41.147870578265156], [114.75259102399592, 41.147870578265156], [114.75259102399592, 41.14769091520833], [114.75277068705273, 41.14769091520833], [114.75277068705273, 41.147331589094684], [114.75295035010956, 41.147331589094684], [114.75295035010956, 41.14715192603786], [114.75313001316638, 41.14715192603786], [114.75313001316638, 41.146433273810565], [114.75330967622321, 41.146433273810565], [114.75330967622321, 41.14625361075374], [114.75348933928004, 41.14625361075374], [114.75348933928004, 41.14715192603786], [114.75366900233686, 41.14715192603786], [114.75366900233686, 41.147331589094684], [114.75384866539368, 41.147331589094684], [114.75384866539368, 41.14769091520833], [114.75366900233686, 41.14769091520833], [114.75366900233686, 41.148050241321975], [114.75313001316638, 41.148050241321975], [114.75313001316638, 41.1482299043788], [114.75295035010956, 41.1482299043788], [114.75295035010956, 41.14858923049245], [114.75259102399592, 41.14858923049245], [114.75259102399592, 41.148768893549274], [114.75187237176861, 41.148768893549274]]]}, "properties": {"name": "cand22", "ptype": "hall", "confidence": "low", "rank": 22, "area_ha": 2.4, "rise_db": 7.5, "digitised_from": "Sentinel-1 VV rise 2021->2026, orbit 142"}}, {"type": "Feature", "geometry": {"geodesic": false, "type": "Polygon", "coordinates": [[[114.74756045840485, 41.17949127626616], [114.74756045840485, 41.17913195015251], [114.74774012146167, 41.17913195015251], [114.74774012146167, 41.17895228709569], [114.7472011322912, 41.17895228709569], [114.7472011322912, 41.178772624038864], [114.74702146923437, 41.178772624038864], [114.74702146923437, 41.17895228709569], [114.74684180617754, 41.17895228709569], [114.74684180617754, 41.178772624038864], [114.7464824800639, 41.178772624038864], [114.7464824800639, 41.17895228709569], [114.74630281700708, 41.17895228709569], [114.74630281700708, 41.17913195015251], [114.74576382783661, 41.17913195015251], [114.74576382783661, 41.17895228709569], [114.7450451756093, 41.17895228709569], [114.7450451756093, 41.178772624038864], [114.74468584949567, 41.178772624038864], [114.74468584949567, 41.178592960982044], [114.74378753421155, 41.178592960982044], [114.74378753421155, 41.17823363486839], [114.74432652338201, 41.17823363486839], [114.74432652338201, 41.17841329792522], [114.74450618643884, 41.17841329792522], [114.74450618643884, 41.17823363486839], [114.74522483866613, 41.17823363486839], [114.74522483866613, 41.17841329792522], [114.74666214312073, 41.17841329792522], [114.74666214312073, 41.178592960982044], [114.74791978451849, 41.178592960982044], [114.74791978451849, 41.179311613209336], [114.74774012146167, 41.179311613209336], [114.74774012146167, 41.17949127626616], [114.74756045840485, 41.17949127626616]]]}, "properties": {"name": "cand23", "ptype": "hall", "confidence": "low", "rank": 23, "area_ha": 2.4, "rise_db": 6.6, "digitised_from": "Sentinel-1 VV rise 2021->2026, orbit 142"}}, {"type": "Feature", "geometry": {"geodesic": false, "type": "Polygon", "coordinates": [[[114.70515997699441, 41.210033995926224], [114.70515997699441, 41.2098543328694], [114.70480065088076, 41.2098543328694], [114.70480065088076, 41.20967466981258], [114.7044413247671, 41.20967466981258], [114.7044413247671, 41.209315343698925], [114.70462098782393, 41.209315343698925], [114.70462098782393, 41.20895601758528], [114.70426166171028, 41.20895601758528], [114.70426166171028, 41.209315343698925], [114.70408199865346, 41.209315343698925], [114.70408199865346, 41.20949500675575], [114.70390233559664, 41.20949500675575], [114.70390233559664, 41.20967466981258], [114.70372267253981, 41.20967466981258], [114.70372267253981, 41.20949500675575], [114.70354300948298, 41.20949500675575], [114.70354300948298, 41.209135680642106], [114.70372267253981, 41.209135680642106], [114.70372267253981, 41.20895601758528], [114.70390233559664, 41.20895601758528], [114.70390233559664, 41.20877635452846], [114.70408199865346, 41.20877635452846], [114.70408199865346, 41.208596691471634], [114.70426166171028, 41.208596691471634], [114.70426166171028, 41.20877635452846], [114.70462098782393, 41.20877635452846], [114.70462098782393, 41.208596691471634], [114.70480065088076, 41.208596691471634], [114.70480065088076, 41.20877635452846], [114.70498031393758, 41.20877635452846], [114.70498031393758, 41.20895601758528], [114.70551930310805, 41.20895601758528], [114.70551930310805, 41.209135680642106], [114.70605829227853, 41.209135680642106], [114.70605829227853, 41.20949500675575], [114.7058786292217, 41.20949500675575], [114.7058786292217, 41.20967466981258], [114.70605829227853, 41.20967466981258], [114.70605829227853, 41.2098543328694], [114.70569896616487, 41.2098543328694], [114.70569896616487, 41.210033995926224], [114.70515997699441, 41.210033995926224]]]}, "properties": {"name": "cand24", "ptype": "hall", "confidence": "low", "rank": 24, "area_ha": 2.4, "rise_db": 10.7, "digitised_from": "Sentinel-1 VV rise 2021->2026, orbit 142"}}, {"type": "Feature", "geometry": {"geodesic": false, "type": "Polygon", "coordinates": [[[114.75241136093909, 41.21093231121034], [114.75241136093909, 41.21075264815352], [114.75115371954132, 41.21075264815352], [114.75115371954132, 41.2105729850967], [114.7509740564845, 41.2105729850967], [114.7509740564845, 41.21021365898305], [114.75115371954132, 41.21021365898305], [114.75115371954132, 41.2098543328694], [114.75133338259815, 41.2098543328694], [114.75133338259815, 41.210033995926224], [114.7516927087118, 41.210033995926224], [114.7516927087118, 41.21021365898305], [114.75187237176861, 41.21021365898305], [114.75187237176861, 41.210033995926224], [114.75223169788227, 41.210033995926224], [114.75223169788227, 41.2098543328694], [114.75277068705273, 41.2098543328694], [114.75277068705273, 41.21075264815352], [114.75295035010956, 41.21075264815352], [114.75295035010956, 41.21021365898305], [114.75330967622321, 41.21021365898305], [114.75330967622321, 41.21039332203987], [114.75348933928004, 41.21039332203987], [114.75348933928004, 41.21093231121034], [114.75241136093909, 41.21093231121034]]]}, "properties": {"name": "cand25", "ptype": "hall", "confidence": "low", "rank": 25, "area_ha": 2.2, "rise_db": 6.0, "digitised_from": "Sentinel-1 VV rise 2021->2026, orbit 142"}}, {"type": "Feature", "geometry": {"geodesic": false, "type": "Polygon", "coordinates": [[[114.66275949558396, 41.22440704047214], [114.66275949558396, 41.22422737741531], [114.66222050641349, 41.22422737741531], [114.66222050641349, 41.223868051301665], [114.66257983252714, 41.223868051301665], [114.66257983252714, 41.22350872518802], [114.66240016947032, 41.22350872518802], [114.66240016947032, 41.22332906213119], [114.66168151724301, 41.22332906213119], [114.66168151724301, 41.223149399074366], [114.66186118029984, 41.223149399074366], [114.66186118029984, 41.222969736017546], [114.66275949558396, 41.222969736017546], [114.66275949558396, 41.223149399074366], [114.66293915864078, 41.223149399074366], [114.66293915864078, 41.22332906213119], [114.66329848475443, 41.22332906213119], [114.66329848475443, 41.223149399074366], [114.66419680003855, 41.223149399074366], [114.66419680003855, 41.22332906213119], [114.66437646309538, 41.22332906213119], [114.66437646309538, 41.22350872518802], [114.66419680003855, 41.22350872518802], [114.66419680003855, 41.22368838824484], [114.66401713698173, 41.22368838824484], [114.66401713698173, 41.22350872518802], [114.66365781086807, 41.22350872518802], [114.66365781086807, 41.22368838824484], [114.66311882169761, 41.22368838824484], [114.66311882169761, 41.223868051301665], [114.66329848475443, 41.223868051301665], [114.66329848475443, 41.22404771435849], [114.66347814781126, 41.22404771435849], [114.66347814781126, 41.22422737741531], [114.66329848475443, 41.22422737741531], [114.66329848475443, 41.22440704047214], [114.66275949558396, 41.22440704047214]]]}, "properties": {"name": "cand26", "ptype": "hall", "confidence": "low", "rank": 26, "area_ha": 2.2, "rise_db": 4.9, "digitised_from": "Sentinel-1 VV rise 2021->2026, orbit 142"}}, {"type": "Feature", "geometry": {"geodesic": false, "type": "Polygon", "coordinates": [[[114.71989234765397, 41.207878039244335], [114.71989234765397, 41.20751871313069], [114.72007201071078, 41.20751871313069], [114.72007201071078, 41.2068000609034], [114.71971268459714, 41.2068000609034], [114.71971268459714, 41.206440734789744], [114.7202516737676, 41.206440734789744], [114.7202516737676, 41.20590174561927], [114.72043133682443, 41.20590174561927], [114.72043133682443, 41.205542419505626], [114.72079066293809, 41.205542419505626], [114.72079066293809, 41.20590174561927], [114.72061099988126, 41.20590174561927], [114.72061099988126, 41.206261071732925], [114.72079066293809, 41.206261071732925], [114.72079066293809, 41.206440734789744], [114.72097032599491, 41.206440734789744], [114.72097032599491, 41.20662039784657], [114.72132965210855, 41.20662039784657], [114.72132965210855, 41.2068000609034], [114.72150931516538, 41.2068000609034], [114.72150931516538, 41.20697972396022], [114.72132965210855, 41.20697972396022], [114.72132965210855, 41.20733905007386], [114.72114998905172, 41.20733905007386], [114.72114998905172, 41.20751871313069], [114.72097032599491, 41.20751871313069], [114.72097032599491, 41.20733905007386], [114.72061099988126, 41.20733905007386], [114.72061099988126, 41.20697972396022], [114.72043133682443, 41.20697972396022], [114.72043133682443, 41.20751871313069], [114.7202516737676, 41.20751871313069], [114.7202516737676, 41.207698376187516], [114.72007201071078, 41.207698376187516], [114.72007201071078, 41.207878039244335], [114.71989234765397, 41.207878039244335]]]}, "properties": {"name": "cand27", "ptype": "hall", "confidence": "low", "rank": 27, "area_ha": 2.1, "rise_db": 8.7, "digitised_from": "Sentinel-1 VV rise 2021->2026, orbit 142"}}, {"type": "Feature", "geometry": {"geodesic": false, "type": "Polygon", "coordinates": [[[114.72725853298374, 41.18362352657311], [114.72725853298374, 41.18344386351629], [114.72707886992691, 41.18344386351629], [114.72707886992691, 41.183084537402635], [114.7268992068701, 41.183084537402635], [114.7268992068701, 41.18272521128899], [114.72707886992691, 41.18272521128899], [114.72707886992691, 41.18182689600487], [114.72725853298374, 41.18182689600487], [114.72725853298374, 41.181467569891225], [114.72707886992691, 41.181467569891225], [114.72707886992691, 41.1812879068344], [114.72743819604057, 41.1812879068344], [114.72743819604057, 41.181467569891225], [114.72761785909739, 41.181467569891225], [114.72761785909739, 41.181647232948045], [114.72779752215422, 41.181647232948045], [114.72779752215422, 41.18182689600487], [114.72797718521103, 41.18182689600487], [114.72797718521103, 41.18218622211852], [114.72779752215422, 41.18218622211852], [114.72779752215422, 41.18326420045946], [114.72797718521103, 41.18326420045946], [114.72797718521103, 41.18362352657311], [114.72725853298374, 41.18362352657311]]]}, "properties": {"name": "cand28", "ptype": "hall", "confidence": "low", "rank": 28, "area_ha": 2.1, "rise_db": 6.9, "digitised_from": "Sentinel-1 VV rise 2021->2026, orbit 142"}}, {"type": "Feature", "geometry": {"geodesic": false, "type": "Polygon", "coordinates": [[[114.77397092775796, 41.156853731106345], [114.77397092775796, 41.156674068049526], [114.77379126470113, 41.156674068049526], [114.77379126470113, 41.15595541582223], [114.77397092775796, 41.15595541582223], [114.77397092775796, 41.15559608970858], [114.7736116016443, 41.15559608970858], [114.7736116016443, 41.15577575276541], [114.77343193858749, 41.15577575276541], [114.77343193858749, 41.15559608970858], [114.7736116016443, 41.15559608970858], [114.7736116016443, 41.155236763594935], [114.77415059081478, 41.155236763594935], [114.77415059081478, 41.155416426651755], [114.77397092775796, 41.155416426651755], [114.77397092775796, 41.15559608970858], [114.77415059081478, 41.15559608970858], [114.77415059081478, 41.15595541582223], [114.77397092775796, 41.15595541582223], [114.77397092775796, 41.15613507887905], [114.77450991692842, 41.15613507887905], [114.77450991692842, 41.15595541582223], [114.77433025387161, 41.15595541582223], [114.77433025387161, 41.155416426651755], [114.77468957998525, 41.155416426651755], [114.77468957998525, 41.15559608970858], [114.77486924304208, 41.15559608970858], [114.77486924304208, 41.15577575276541], [114.77522856915573, 41.15577575276541], [114.77522856915573, 41.15559608970858], [114.77558789526937, 41.15559608970858], [114.77558789526937, 41.15577575276541], [114.7757675583262, 41.15577575276541], [114.7757675583262, 41.15595541582223], [114.77558789526937, 41.15595541582223], [114.77558789526937, 41.15613507887905], [114.7750489060989, 41.15613507887905], [114.7750489060989, 41.15631474193588], [114.77450991692842, 41.15631474193588], [114.77450991692842, 41.1564944049927], [114.77468957998525, 41.1564944049927], [114.77468957998525, 41.156674068049526], [114.77450991692842, 41.156674068049526], [114.77450991692842, 41.156853731106345], [114.77397092775796, 41.156853731106345]]]}, "properties": {"name": "cand29", "ptype": "hall", "confidence": "low", "rank": 29, "area_ha": 2.0, "rise_db": 4.9, "digitised_from": "Sentinel-1 VV rise 2021->2026, orbit 142"}}, {"type": "Feature", "geometry": {"geodesic": false, "type": "Polygon", "coordinates": [[[114.71360414066513, 41.159009687788235], [114.71360414066513, 41.15865036167459], [114.71432279289242, 41.15865036167459], [114.71432279289242, 41.15847069861776], [114.71450245594924, 41.15847069861776], [114.71450245594924, 41.15829103556094], [114.71504144511972, 41.15829103556094], [114.71504144511972, 41.158111372504116], [114.71522110817654, 41.158111372504116], [114.71522110817654, 41.15775204639047], [114.71504144511972, 41.15775204639047], [114.71504144511972, 41.157572383333644], [114.71522110817654, 41.157572383333644], [114.71522110817654, 41.15739272027682], [114.71540077123336, 41.15739272027682], [114.71540077123336, 41.157572383333644], [114.71576009734702, 41.157572383333644], [114.71576009734702, 41.15721305722], [114.71593976040384, 41.15721305722], [114.71593976040384, 41.156853731106345], [114.71629908651748, 41.156853731106345], [114.71629908651748, 41.157572383333644], [114.71611942346065, 41.157572383333644], [114.71611942346065, 41.15775204639047], [114.71540077123336, 41.15775204639047], [114.71540077123336, 41.15793170944729], [114.71558043429019, 41.15793170944729], [114.71558043429019, 41.158111372504116], [114.71576009734702, 41.158111372504116], [114.71576009734702, 41.15793170944729], [114.71593976040384, 41.15793170944729], [114.71593976040384, 41.15847069861776], [114.71576009734702, 41.15847069861776], [114.71576009734702, 41.15865036167459], [114.71540077123336, 41.15865036167459], [114.71540077123336, 41.15847069861776], [114.71504144511972, 41.15847069861776], [114.71504144511972, 41.15865036167459], [114.71432279289242, 41.15865036167459], [114.71432279289242, 41.15883002473141], [114.71414312983559, 41.15883002473141], [114.71414312983559, 41.159009687788235], [114.71360414066513, 41.159009687788235]]]}, "properties": {"name": "cand30", "ptype": "hall", "confidence": "low", "rank": 30, "area_ha": 1.9, "rise_db": 5.6, "digitised_from": "Sentinel-1 VV rise 2021->2026, orbit 142"}}, {"type": "Feature", "geometry": {"geodesic": false, "type": "Polygon", "coordinates": [[[114.79948308182695, 41.252434477336664], [114.79948308182695, 41.252254814279844], [114.79930341877012, 41.252254814279844], [114.79930341877012, 41.25207515122302], [114.79948308182695, 41.25207515122302], [114.79948308182695, 41.25171582510937], [114.79966274488378, 41.25171582510937], [114.79966274488378, 41.251536162052545], [114.7998424079406, 41.251536162052545], [114.7998424079406, 41.25135649899572], [114.80002207099743, 41.25135649899572], [114.80002207099743, 41.250817509825254], [114.80020173405424, 41.250817509825254], [114.80020173405424, 41.2504581837116], [114.80038139711107, 41.2504581837116], [114.80038139711107, 41.25027852065478], [114.8005610601679, 41.25027852065478], [114.8005610601679, 41.250098857597955], [114.80110004933837, 41.250098857597955], [114.80110004933837, 41.25063784676843], [114.80127971239519, 41.25063784676843], [114.80127971239519, 41.250817509825254], [114.80110004933837, 41.250817509825254], [114.80110004933837, 41.25099717288207], [114.80074072322472, 41.25099717288207], [114.80074072322472, 41.2511768359389], [114.8005610601679, 41.2511768359389], [114.8005610601679, 41.25135649899572], [114.80038139711107, 41.25135649899572], [114.80038139711107, 41.251536162052545], [114.7998424079406, 41.251536162052545], [114.7998424079406, 41.25189548816619], [114.80020173405424, 41.25189548816619], [114.80020173405424, 41.25207515122302], [114.80002207099743, 41.25207515122302], [114.80002207099743, 41.252254814279844], [114.7998424079406, 41.252254814279844], [114.7998424079406, 41.252434477336664], [114.79948308182695, 41.252434477336664]]]}, "properties": {"name": "cand31", "ptype": "hall", "confidence": "low", "rank": 31, "area_ha": 1.9, "rise_db": 7.2, "digitised_from": "Sentinel-1 VV rise 2021->2026, orbit 142"}}, {"type": "Feature", "geometry": {"geodesic": false, "type": "Polygon", "coordinates": [[[114.7292348266088, 41.16386059032248], [114.7292348266088, 41.16350126420883], [114.72941448966563, 41.16350126420883], [114.72941448966563, 41.16296227503836], [114.7292348266088, 41.16296227503836], [114.7292348266088, 41.162782611981534], [114.72941448966563, 41.162782611981534], [114.72941448966563, 41.162602948924714], [114.7292348266088, 41.162602948924714], [114.7292348266088, 41.16242328586789], [114.72887550049516, 41.16242328586789], [114.72887550049516, 41.16206395975424], [114.72941448966563, 41.16206395975424], [114.72941448966563, 41.16224362281107], [114.7299534788361, 41.16224362281107], [114.7299534788361, 41.16206395975424], [114.73013314189292, 41.16206395975424], [114.73013314189292, 41.161884296697416], [114.73049246800657, 41.161884296697416], [114.73049246800657, 41.16224362281107], [114.73031280494975, 41.16224362281107], [114.73031280494975, 41.16242328586789], [114.73013314189292, 41.16242328586789], [114.73013314189292, 41.162782611981534], [114.7299534788361, 41.162782611981534], [114.7299534788361, 41.16314193809519], [114.73013314189292, 41.16314193809519], [114.73013314189292, 41.163321601152006], [114.7299534788361, 41.163321601152006], [114.7299534788361, 41.16368092726566], [114.72977381577928, 41.16368092726566], [114.72977381577928, 41.16386059032248], [114.7292348266088, 41.16386059032248]]]}, "properties": {"name": "cand32", "ptype": "hall", "confidence": "low", "rank": 32, "area_ha": 1.8, "rise_db": 5.9, "digitised_from": "Sentinel-1 VV rise 2021->2026, orbit 142"}}, {"type": "Feature", "geometry": {"geodesic": false, "type": "Polygon", "coordinates": [[[114.72833651132468, 41.18254554823217], [114.72833651132468, 41.1820065590617], [114.72815684826786, 41.1820065590617], [114.72815684826786, 41.181647232948045], [114.72887550049516, 41.181647232948045], [114.72887550049516, 41.1812879068344], [114.72869583743834, 41.1812879068344], [114.72869583743834, 41.18110824377757], [114.72887550049516, 41.18110824377757], [114.72887550049516, 41.18092858072075], [114.72905516355198, 41.18092858072075], [114.72905516355198, 41.18074891766393], [114.7292348266088, 41.18074891766393], [114.7292348266088, 41.17967093932298], [114.72941448966563, 41.17967093932298], [114.72941448966563, 41.17949127626616], [114.72977381577928, 41.17949127626616], [114.72977381577928, 41.17967093932298], [114.7299534788361, 41.17967093932298], [114.7299534788361, 41.17985060237981], [114.72977381577928, 41.17985060237981], [114.72977381577928, 41.18038959155028], [114.7299534788361, 41.18038959155028], [114.7299534788361, 41.18056925460711], [114.72959415272246, 41.18056925460711], [114.72959415272246, 41.18074891766393], [114.72941448966563, 41.18074891766393], [114.72941448966563, 41.18092858072075], [114.72959415272246, 41.18092858072075], [114.72959415272246, 41.18110824377757], [114.7292348266088, 41.18110824377757], [114.7292348266088, 41.181467569891225], [114.72905516355198, 41.181467569891225], [114.72905516355198, 41.181647232948045], [114.72887550049516, 41.181647232948045], [114.72887550049516, 41.1820065590617], [114.72869583743834, 41.1820065590617], [114.72869583743834, 41.182365885175344], [114.72851617438151, 41.182365885175344], [114.72851617438151, 41.18254554823217], [114.72833651132468, 41.18254554823217]]]}, "properties": {"name": "cand33", "ptype": "hall", "confidence": "low", "rank": 33, "area_ha": 1.8, "rise_db": 6.7, "digitised_from": "Sentinel-1 VV rise 2021->2026, orbit 142"}}, {"type": "Feature", "geometry": {"geodesic": false, "type": "Polygon", "coordinates": [[[114.75744192653016, 41.17068778648179], [114.75744192653016, 41.170508123424966], [114.75726226347334, 41.170508123424966], [114.75726226347334, 41.17068778648179], [114.75690293735968, 41.17068778648179], [114.75690293735968, 41.170508123424966], [114.75672327430286, 41.170508123424966], [114.75672327430286, 41.17032846036814], [114.75690293735968, 41.17032846036814], [114.75690293735968, 41.169969134254494], [114.75672327430286, 41.169969134254494], [114.75672327430286, 41.16978947119767], [114.75708260041651, 41.16978947119767], [114.75708260041651, 41.17014879731132], [114.75726226347334, 41.17014879731132], [114.75726226347334, 41.169969134254494], [114.75744192653016, 41.169969134254494], [114.75744192653016, 41.16978947119767], [114.75798091570063, 41.16978947119767], [114.75798091570063, 41.169969134254494], [114.75905889404157, 41.169969134254494], [114.75905889404157, 41.17032846036814], [114.75887923098475, 41.17032846036814], [114.75887923098475, 41.170508123424966], [114.75798091570063, 41.170508123424966], [114.75798091570063, 41.17068778648179], [114.75744192653016, 41.17068778648179]]]}, "properties": {"name": "cand34", "ptype": "hall", "confidence": "low", "rank": 34, "area_ha": 1.8, "rise_db": 14.3, "digitised_from": "Sentinel-1 VV rise 2021->2026, orbit 142"}}, {"type": "Feature", "geometry": {"geodesic": false, "type": "Polygon", "coordinates": [[[114.72222796739267, 41.16583688394754], [114.72222796739267, 41.16565722089072], [114.72204830433584, 41.16565722089072], [114.72204830433584, 41.16493856866342], [114.72222796739267, 41.16493856866342], [114.72222796739267, 41.16421991643613], [114.7224076304495, 41.16421991643613], [114.7224076304495, 41.164040253379305], [114.72294661961998, 41.164040253379305], [114.72294661961998, 41.16386059032248], [114.72330594573361, 41.16386059032248], [114.72330594573361, 41.164040253379305], [114.72366527184727, 41.164040253379305], [114.72366527184727, 41.16439957949295], [114.72330594573361, 41.16439957949295], [114.72330594573361, 41.16457924254978], [114.72276695656315, 41.16457924254978], [114.72276695656315, 41.1647589056066], [114.72294661961998, 41.1647589056066], [114.72294661961998, 41.16511823172025], [114.72258729350632, 41.16511823172025], [114.72258729350632, 41.165477557833896], [114.7224076304495, 41.165477557833896], [114.7224076304495, 41.16583688394754], [114.72222796739267, 41.16583688394754]]]}, "properties": {"name": "cand35", "ptype": "hall", "confidence": "low", "rank": 35, "area_ha": 1.8, "rise_db": 5.9, "digitised_from": "Sentinel-1 VV rise 2021->2026, orbit 142"}}, {"type": "Feature", "geometry": {"geodesic": false, "type": "Polygon", "coordinates": [[[114.74630281700708, 41.18865409216418], [114.74630281700708, 41.187935439936886], [114.74612315395025, 41.187935439936886], [114.74612315395025, 41.18775577688006], [114.74630281700708, 41.18775577688006], [114.74630281700708, 41.18757611382323], [114.74774012146167, 41.18757611382323], [114.74774012146167, 41.18775577688006], [114.74809944757531, 41.18775577688006], [114.74809944757531, 41.187935439936886], [114.74791978451849, 41.187935439936886], [114.74791978451849, 41.188115102993706], [114.74738079534802, 41.188115102993706], [114.74738079534802, 41.18829476605053], [114.7472011322912, 41.18829476605053], [114.7472011322912, 41.18847442910736], [114.74684180617754, 41.18847442910736], [114.74684180617754, 41.18865409216418], [114.74630281700708, 41.18865409216418]]]}, "properties": {"name": "cand36", "ptype": "hall", "confidence": "low", "rank": 36, "area_ha": 1.7, "rise_db": 10.2, "digitised_from": "Sentinel-1 VV rise 2021->2026, orbit 142"}}, {"type": "Feature", "geometry": {"geodesic": false, "type": "Polygon", "coordinates": [[[114.76085552460981, 41.21201028955129], [114.76085552460981, 41.21183062649446], [114.76067586155298, 41.21183062649446], [114.76067586155298, 41.211471300380815], [114.76085552460981, 41.211471300380815], [114.76085552460981, 41.21129163732399], [114.76103518766664, 41.21129163732399], [114.76103518766664, 41.21111197426717], [114.76121485072346, 41.21111197426717], [114.76121485072346, 41.21093231121034], [114.76157417683712, 41.21093231121034], [114.76157417683712, 41.21075264815352], [114.76193350295075, 41.21075264815352], [114.76193350295075, 41.21093231121034], [114.76211316600758, 41.21093231121034], [114.76211316600758, 41.21111197426717], [114.7622928290644, 41.21111197426717], [114.7622928290644, 41.211471300380815], [114.76211316600758, 41.211471300380815], [114.76211316600758, 41.21165096343764], [114.76175383989393, 41.21165096343764], [114.76175383989393, 41.21201028955129], [114.76085552460981, 41.21201028955129]]]}, "properties": {"name": "cand37", "ptype": "hall", "confidence": "low", "rank": 37, "area_ha": 1.6, "rise_db": 8.2, "digitised_from": "Sentinel-1 VV rise 2021->2026, orbit 142"}}, {"type": "Feature", "geometry": {"geodesic": false, "type": "Polygon", "coordinates": [[[114.71072953175594, 41.195301625266666], [114.71072953175594, 41.19512196220984], [114.71054986869912, 41.19512196220984], [114.71054986869912, 41.19476263609619], [114.71001087952865, 41.19476263609619], [114.71001087952865, 41.19458297303937], [114.70983121647183, 41.19458297303937], [114.70983121647183, 41.19422364692572], [114.709651553415, 41.19422364692572], [114.709651553415, 41.193864320812075], [114.71001087952865, 41.193864320812075], [114.71001087952865, 41.194043983868895], [114.71019054258547, 41.194043983868895], [114.71019054258547, 41.19422364692572], [114.71054986869912, 41.19422364692572], [114.71054986869912, 41.194043983868895], [114.71072953175594, 41.194043983868895], [114.71072953175594, 41.193864320812075], [114.71090919481277, 41.193864320812075], [114.71090919481277, 41.194043983868895], [114.7110888578696, 41.194043983868895], [114.7110888578696, 41.19458297303937], [114.71126852092641, 41.19458297303937], [114.71126852092641, 41.19512196220984], [114.71090919481277, 41.19512196220984], [114.71090919481277, 41.195301625266666], [114.71072953175594, 41.195301625266666]]]}, "properties": {"name": "cand38", "ptype": "hall", "confidence": "low", "rank": 38, "area_ha": 1.6, "rise_db": 6.0, "digitised_from": "Sentinel-1 VV rise 2021->2026, orbit 142"}}, {"type": "Feature", "geometry": {"geodesic": false, "type": "Polygon", "coordinates": [[[114.7240245979609, 41.19566095138031], [114.7240245979609, 41.195481288323485], [114.72348560879044, 41.195481288323485], [114.72348560879044, 41.19566095138031], [114.72294661961998, 41.19566095138031], [114.72294661961998, 41.195481288323485], [114.72276695656315, 41.195481288323485], [114.72276695656315, 41.19494229915301], [114.72294661961998, 41.19494229915301], [114.72294661961998, 41.19476263609619], [114.7238449349041, 41.19476263609619], [114.7238449349041, 41.19494229915301], [114.72420426101773, 41.19494229915301], [114.72420426101773, 41.19512196220984], [114.72456358713139, 41.19512196220984], [114.72456358713139, 41.19566095138031], [114.7240245979609, 41.19566095138031]]]}, "properties": {"name": "cand39", "ptype": "hall", "confidence": "low", "rank": 39, "area_ha": 1.6, "rise_db": 8.7, "digitised_from": "Sentinel-1 VV rise 2021->2026, orbit 142"}}, {"type": "Feature", "geometry": {"geodesic": false, "type": "Polygon", "coordinates": [[[114.66240016947032, 41.226024007983554], [114.66240016947032, 41.2256646818699], [114.66222050641349, 41.2256646818699], [114.66222050641349, 41.22548501881308], [114.66204084335666, 41.22548501881308], [114.66204084335666, 41.225305355756255], [114.66222050641349, 41.225305355756255], [114.66222050641349, 41.22548501881308], [114.66257983252714, 41.22548501881308], [114.66257983252714, 41.225305355756255], [114.66275949558396, 41.225305355756255], [114.66275949558396, 41.22512569269943], [114.66293915864078, 41.22512569269943], [114.66293915864078, 41.22494602964261], [114.66329848475443, 41.22494602964261], [114.66329848475443, 41.22476636658578], [114.66347814781126, 41.22476636658578], [114.66347814781126, 41.22440704047214], [114.66401713698173, 41.22440704047214], [114.66401713698173, 41.22476636658578], [114.6638374739249, 41.22476636658578], [114.6638374739249, 41.22548501881308], [114.66347814781126, 41.22548501881308], [114.66347814781126, 41.225305355756255], [114.66311882169761, 41.225305355756255], [114.66311882169761, 41.22584434492673], [114.66329848475443, 41.22584434492673], [114.66329848475443, 41.226024007983554], [114.66240016947032, 41.226024007983554]], [[114.66365781086807, 41.225305355756255], [114.66347814781126, 41.225305355756255], [114.66347814781126, 41.22512569269943], [114.66365781086807, 41.22512569269943], [114.66365781086807, 41.225305355756255]]]}, "properties": {"name": "cand40", "ptype": "hall", "confidence": "low", "rank": 40, "area_ha": 1.6, "rise_db": 5.4, "digitised_from": "Sentinel-1 VV rise 2021->2026, orbit 142"}}, {"type": "Feature", "geometry": {"geodesic": false, "type": "Polygon", "coordinates": [[[114.73031280494975, 41.161165644470124], [114.73031280494975, 41.16080631835647], [114.73013314189292, 41.16080631835647], [114.73013314189292, 41.16062665529965], [114.7299534788361, 41.16062665529965], [114.7299534788361, 41.160267329186006], [114.73013314189292, 41.160267329186006], [114.73013314189292, 41.16008766612918], [114.73049246800657, 41.16008766612918], [114.73049246800657, 41.15972834001553], [114.7299534788361, 41.15972834001553], [114.7299534788361, 41.15954867695871], [114.73013314189292, 41.15954867695871], [114.73013314189292, 41.15936901390188], [114.73031280494975, 41.15936901390188], [114.73031280494975, 41.15954867695871], [114.73085179412023, 41.15954867695871], [114.73085179412023, 41.15972834001553], [114.73103145717704, 41.15972834001553], [114.73103145717704, 41.16062665529965], [114.73085179412023, 41.16062665529965], [114.73085179412023, 41.1609859814133], [114.7306721310634, 41.1609859814133], [114.7306721310634, 41.161165644470124], [114.73031280494975, 41.161165644470124]]]}, "properties": {"name": "cand41", "ptype": "hall", "confidence": "low", "rank": 41, "area_ha": 1.5, "rise_db": 6.5, "digitised_from": "Sentinel-1 VV rise 2021->2026, orbit 142"}}, {"type": "Feature", "geometry": {"geodesic": false, "type": "Polygon", "coordinates": [[[114.67785119235717, 41.16601654700437], [114.67785119235717, 41.16583688394754], [114.67749186624353, 41.16583688394754], [114.67749186624353, 41.16565722089072], [114.6773122031867, 41.16565722089072], [114.6773122031867, 41.16511823172025], [114.67713254012988, 41.16511823172025], [114.67713254012988, 41.16457924254978], [114.6773122031867, 41.16457924254978], [114.6773122031867, 41.16439957949295], [114.67767152930034, 41.16439957949295], [114.67767152930034, 41.1647589056066], [114.67749186624353, 41.1647589056066], [114.67749186624353, 41.16511823172025], [114.67767152930034, 41.16511823172025], [114.67767152930034, 41.16493856866342], [114.67821051847082, 41.16493856866342], [114.67821051847082, 41.16529789477707], [114.67839018152765, 41.16529789477707], [114.67839018152765, 41.16565722089072], [114.67856984458446, 41.16565722089072], [114.67856984458446, 41.16583688394754], [114.67839018152765, 41.16583688394754], [114.67839018152765, 41.16601654700437], [114.67785119235717, 41.16601654700437]]]}, "properties": {"name": "cand42", "ptype": "hall", "confidence": "low", "rank": 42, "area_ha": 1.5, "rise_db": 7.7, "digitised_from": "Sentinel-1 VV rise 2021->2026, orbit 142"}}, {"type": "Feature", "geometry": {"geodesic": false, "type": "Polygon", "coordinates": [[[114.72132965210855, 41.17338273233415], [114.72132965210855, 41.17320306927732], [114.72061099988126, 41.17320306927732], [114.72061099988126, 41.172664080106856], [114.72079066293809, 41.172664080106856], [114.72079066293809, 41.17248441705003], [114.72114998905172, 41.17248441705003], [114.72114998905172, 41.1723047539932], [114.72204830433584, 41.1723047539932], [114.72204830433584, 41.1730234062205], [114.72186864127903, 41.1730234062205], [114.72186864127903, 41.17320306927732], [114.7216889782222, 41.17320306927732], [114.7216889782222, 41.17338273233415], [114.72132965210855, 41.17338273233415]]]}, "properties": {"name": "cand43", "ptype": "hall", "confidence": "low", "rank": 43, "area_ha": 1.5, "rise_db": 11.2, "digitised_from": "Sentinel-1 VV rise 2021->2026, orbit 142"}}, {"type": "Feature", "geometry": {"geodesic": false, "type": "Polygon", "coordinates": [[[114.68916996493708, 41.185240494084525], [114.68916996493708, 41.1850608310277], [114.68899030188025, 41.1850608310277], [114.68899030188025, 41.18488116797088], [114.6886309757666, 41.18488116797088], [114.6886309757666, 41.1850608310277], [114.68773266048248, 41.1850608310277], [114.68773266048248, 41.18488116797088], [114.68755299742566, 41.18488116797088], [114.68755299742566, 41.18470150491405], [114.68719367131202, 41.18470150491405], [114.68719367131202, 41.18434217880041], [114.68737333436884, 41.18434217880041], [114.68737333436884, 41.18416251574358], [114.68773266048248, 41.18416251574358], [114.68773266048248, 41.18434217880041], [114.68791232353931, 41.18434217880041], [114.68791232353931, 41.18452184185723], [114.68809198659613, 41.18452184185723], [114.68809198659613, 41.18470150491405], [114.68827164965296, 41.18470150491405], [114.68827164965296, 41.18452184185723], [114.68881063882343, 41.18452184185723], [114.68881063882343, 41.18470150491405], [114.68899030188025, 41.18470150491405], [114.68899030188025, 41.18452184185723], [114.68916996493708, 41.18452184185723], [114.68916996493708, 41.18470150491405], [114.68952929105072, 41.18470150491405], [114.68952929105072, 41.1850608310277], [114.68970895410754, 41.1850608310277], [114.68970895410754, 41.185240494084525], [114.68916996493708, 41.185240494084525]]]}, "properties": {"name": "cand44", "ptype": "hall", "confidence": "low", "rank": 44, "area_ha": 1.5, "rise_db": 6.2, "digitised_from": "Sentinel-1 VV rise 2021->2026, orbit 142"}}, {"type": "Feature", "geometry": {"geodesic": false, "type": "Polygon", "coordinates": [[[114.80020173405424, 41.18110824377757], [114.80020173405424, 41.18056925460711], [114.80002207099743, 41.18056925460711], [114.80002207099743, 41.18038959155028], [114.80020173405424, 41.18038959155028], [114.80020173405424, 41.180209928493454], [114.8005610601679, 41.180209928493454], [114.8005610601679, 41.180030265436635], [114.80110004933837, 41.180030265436635], [114.80110004933837, 41.180209928493454], [114.80145937545201, 41.180209928493454], [114.80145937545201, 41.18092858072075], [114.80110004933837, 41.18092858072075], [114.80110004933837, 41.18110824377757], [114.80020173405424, 41.18110824377757]]]}, "properties": {"name": "cand45", "ptype": "hall", "confidence": "low", "rank": 45, "area_ha": 1.5, "rise_db": 14.1, "digitised_from": "Sentinel-1 VV rise 2021->2026, orbit 142"}}, {"type": "Feature", "geometry": {"geodesic": false, "type": "Polygon", "coordinates": [[[114.75438765456416, 41.1820065590617], [114.75438765456416, 41.18182689600487], [114.75384866539368, 41.18182689600487], [114.75384866539368, 41.1820065590617], [114.75366900233686, 41.1820065590617], [114.75366900233686, 41.18182689600487], [114.75384866539368, 41.18182689600487], [114.75384866539368, 41.181647232948045], [114.7540283284505, 41.181647232948045], [114.7540283284505, 41.1812879068344], [114.75420799150733, 41.1812879068344], [114.75420799150733, 41.18074891766393], [114.75438765456416, 41.18074891766393], [114.75438765456416, 41.18038959155028], [114.75456731762098, 41.18038959155028], [114.75456731762098, 41.180030265436635], [114.75492664373462, 41.180030265436635], [114.75492664373462, 41.18074891766393], [114.7547469806778, 41.18074891766393], [114.7547469806778, 41.18092858072075], [114.75492664373462, 41.18092858072075], [114.75492664373462, 41.18110824377757], [114.7547469806778, 41.18110824377757], [114.7547469806778, 41.1820065590617], [114.75438765456416, 41.1820065590617]]]}, "properties": {"name": "cand46", "ptype": "hall", "confidence": "low", "rank": 46, "area_ha": 1.4, "rise_db": 7.8, "digitised_from": "Sentinel-1 VV rise 2021->2026, orbit 142"}}, {"type": "Feature", "geometry": {"geodesic": false, "type": "Polygon", "coordinates": [[[114.72456358713139, 41.16368092726566], [114.72456358713139, 41.16350126420883], [114.72438392407456, 41.16350126420883], [114.72438392407456, 41.163321601152006], [114.72456358713139, 41.163321601152006], [114.72456358713139, 41.16314193809519], [114.72474325018821, 41.16314193809519], [114.72474325018821, 41.16296227503836], [114.72492291324504, 41.16296227503836], [114.72492291324504, 41.162782611981534], [114.72510257630185, 41.162782611981534], [114.72510257630185, 41.162602948924714], [114.72528223935868, 41.162602948924714], [114.72528223935868, 41.16242328586789], [114.7254619024155, 41.16242328586789], [114.7254619024155, 41.161704633640596], [114.72564156547233, 41.161704633640596], [114.72564156547233, 41.161884296697416], [114.72582122852916, 41.161884296697416], [114.72582122852916, 41.16242328586789], [114.72564156547233, 41.16242328586789], [114.72564156547233, 41.16296227503836], [114.7254619024155, 41.16296227503836], [114.7254619024155, 41.16350126420883], [114.72528223935868, 41.16350126420883], [114.72528223935868, 41.16368092726566], [114.72456358713139, 41.16368092726566]]]}, "properties": {"name": "cand47", "ptype": "hall", "confidence": "low", "rank": 47, "area_ha": 1.4, "rise_db": 6.2, "digitised_from": "Sentinel-1 VV rise 2021->2026, orbit 142"}}, {"type": "Feature", "geometry": {"geodesic": false, "type": "Polygon", "coordinates": [[[114.70084806363063, 41.16799284062943], [114.70084806363063, 41.167813177572604], [114.7006684005738, 41.167813177572604], [114.7006684005738, 41.167633514515785], [114.70084806363063, 41.167633514515785], [114.70084806363063, 41.16727418840213], [114.70102772668746, 41.16727418840213], [114.70102772668746, 41.16709452534531], [114.70120738974428, 41.16709452534531], [114.70120738974428, 41.16673519923166], [114.7013870528011, 41.16673519923166], [114.7013870528011, 41.16655553617484], [114.70120738974428, 41.16655553617484], [114.70120738974428, 41.166196210061194], [114.7013870528011, 41.166196210061194], [114.7013870528011, 41.16601654700437], [114.70174637891475, 41.16601654700437], [114.70174637891475, 41.16583688394754], [114.7021057050284, 41.16583688394754], [114.7021057050284, 41.166375873118014], [114.70156671585792, 41.166375873118014], [114.70156671585792, 41.16655553617484], [114.70174637891475, 41.16655553617484], [114.70174637891475, 41.166914862288486], [114.70156671585792, 41.166914862288486], [114.70156671585792, 41.16745385145896], [114.7013870528011, 41.16745385145896], [114.7013870528011, 41.167633514515785], [114.70120738974428, 41.167633514515785], [114.70120738974428, 41.16799284062943], [114.70084806363063, 41.16799284062943]]]}, "properties": {"name": "cand48", "ptype": "hall", "confidence": "low", "rank": 48, "area_ha": 1.4, "rise_db": 7.4, "digitised_from": "Sentinel-1 VV rise 2021->2026, orbit 142"}}, {"type": "Feature", "geometry": {"geodesic": false, "type": "Polygon", "coordinates": [[[114.7238449349041, 41.1978169080622], [114.7238449349041, 41.197637245005374], [114.72330594573361, 41.197637245005374], [114.72330594573361, 41.19745758194855], [114.72294661961998, 41.19745758194855], [114.72294661961998, 41.1970982558349], [114.72312628267679, 41.1970982558349], [114.72312628267679, 41.196918592778076], [114.72366527184727, 41.196918592778076], [114.72366527184727, 41.1970982558349], [114.7240245979609, 41.1970982558349], [114.7240245979609, 41.19727791889173], [114.72456358713139, 41.19727791889173], [114.72456358713139, 41.19745758194855], [114.72492291324504, 41.19745758194855], [114.72492291324504, 41.19727791889173], [114.7254619024155, 41.19727791889173], [114.7254619024155, 41.197637245005374], [114.72420426101773, 41.197637245005374], [114.72420426101773, 41.1978169080622], [114.7238449349041, 41.1978169080622]]]}, "properties": {"name": "cand49", "ptype": "hall", "confidence": "low", "rank": 49, "area_ha": 1.4, "rise_db": 12.0, "digitised_from": "Sentinel-1 VV rise 2021->2026, orbit 142"}}, {"type": "Feature", "geometry": {"geodesic": false, "type": "Polygon", "coordinates": [[[114.76247249212123, 41.21308826789223], [114.76247249212123, 41.212908604835405], [114.7622928290644, 41.212908604835405], [114.7622928290644, 41.212728941778586], [114.76211316600758, 41.212728941778586], [114.76211316600758, 41.21254927872176], [114.7622928290644, 41.21254927872176], [114.7622928290644, 41.21236961566493], [114.76247249212123, 41.21236961566493], [114.76247249212123, 41.212189952608114], [114.76283181823487, 41.212189952608114], [114.76283181823487, 41.21201028955129], [114.7630114812917, 41.21201028955129], [114.7630114812917, 41.21183062649446], [114.76355047046218, 41.21183062649446], [114.76355047046218, 41.21201028955129], [114.76373013351899, 41.21201028955129], [114.76373013351899, 41.212189952608114], [114.76355047046218, 41.212189952608114], [114.76355047046218, 41.21236961566493], [114.76373013351899, 41.21236961566493], [114.76373013351899, 41.21254927872176], [114.76355047046218, 41.21254927872176], [114.76355047046218, 41.212728941778586], [114.7630114812917, 41.212728941778586], [114.7630114812917, 41.212908604835405], [114.76265215517805, 41.212908604835405], [114.76265215517805, 41.21308826789223], [114.76247249212123, 41.21308826789223]]]}, "properties": {"name": "cand50", "ptype": "hall", "confidence": "low", "rank": 50, "area_ha": 1.4, "rise_db": 7.4, "digitised_from": "Sentinel-1 VV rise 2021->2026, orbit 142"}}, {"type": "Feature", "geometry": {"geodesic": false, "type": "Polygon", "coordinates": [[[114.70695660756265, 41.1850608310277], [114.70695660756265, 41.18488116797088], [114.70641761839217, 41.18488116797088], [114.70641761839217, 41.1850608310277], [114.70605829227853, 41.1850608310277], [114.70605829227853, 41.18434217880041], [114.70623795533534, 41.18434217880041], [114.70623795533534, 41.18416251574358], [114.70713627061947, 41.18416251574358], [114.70713627061947, 41.18398285268676], [114.70803458590359, 41.18398285268676], [114.70803458590359, 41.18434217880041], [114.70785492284676, 41.18434217880041], [114.70785492284676, 41.18470150491405], [114.70767525978994, 41.18470150491405], [114.70767525978994, 41.18416251574358], [114.70731593367628, 41.18416251574358], [114.70731593367628, 41.18434217880041], [114.70713627061947, 41.18434217880041], [114.70713627061947, 41.18470150491405], [114.70695660756265, 41.18470150491405], [114.70695660756265, 41.18488116797088], [114.70713627061947, 41.18488116797088], [114.70713627061947, 41.1850608310277], [114.70695660756265, 41.1850608310277]], [[114.70695660756265, 41.18470150491405], [114.70677694450582, 41.18470150491405], [114.70677694450582, 41.18452184185723], [114.70695660756265, 41.18452184185723], [114.70695660756265, 41.18470150491405]]]}, "properties": {"name": "cand51", "ptype": "hall", "confidence": "low", "rank": 51, "area_ha": 1.4, "rise_db": 7.1, "digitised_from": "Sentinel-1 VV rise 2021->2026, orbit 142"}}, {"type": "Feature", "geometry": {"geodesic": false, "type": "Polygon", "coordinates": [[[114.69671581332368, 41.21470523540365], [114.69671581332368, 41.21452557234682], [114.69635648721002, 41.21452557234682], [114.69635648721002, 41.214345909289996], [114.69581749803956, 41.214345909289996], [114.69581749803956, 41.213806920119524], [114.69599716109639, 41.213806920119524], [114.69599716109639, 41.21344759400588], [114.69617682415321, 41.21344759400588], [114.69617682415321, 41.21326793094905], [114.69671581332368, 41.21326793094905], [114.69671581332368, 41.213806920119524], [114.69653615026685, 41.213806920119524], [114.69653615026685, 41.21398658317635], [114.69635648721002, 41.21398658317635], [114.69635648721002, 41.21416624623318], [114.69707513943733, 41.21416624623318], [114.69707513943733, 41.214345909289996], [114.69743446555097, 41.214345909289996], [114.69743446555097, 41.21452557234682], [114.69725480249416, 41.21452557234682], [114.69725480249416, 41.21470523540365], [114.69671581332368, 41.21470523540365]]]}, "properties": {"name": "cand52", "ptype": "hall", "confidence": "low", "rank": 52, "area_ha": 1.4, "rise_db": 8.0, "digitised_from": "Sentinel-1 VV rise 2021->2026, orbit 142"}}, {"type": "Feature", "geometry": {"geodesic": false, "type": "Polygon", "coordinates": [[[114.77918115640585, 41.167813177572604], [114.77918115640585, 41.167633514515785], [114.7788218302922, 41.167633514515785], [114.7788218302922, 41.16727418840213], [114.77918115640585, 41.16727418840213], [114.77918115640585, 41.16745385145896], [114.77936081946268, 41.16745385145896], [114.77936081946268, 41.16727418840213], [114.7795404825195, 41.16727418840213], [114.7795404825195, 41.16673519923166], [114.77972014557632, 41.16673519923166], [114.77972014557632, 41.16655553617484], [114.78043879780361, 41.16655553617484], [114.78043879780361, 41.16727418840213], [114.77989980863315, 41.16727418840213], [114.77989980863315, 41.16745385145896], [114.77972014557632, 41.16745385145896], [114.77972014557632, 41.167633514515785], [114.7795404825195, 41.167633514515785], [114.7795404825195, 41.167813177572604], [114.77918115640585, 41.167813177572604]]]}, "properties": {"name": "cand53", "ptype": "hall", "confidence": "low", "rank": 53, "area_ha": 1.2, "rise_db": 7.0, "digitised_from": "Sentinel-1 VV rise 2021->2026, orbit 142"}}, {"type": "Feature", "geometry": {"geodesic": false, "type": "Polygon", "coordinates": [[[114.78439138505374, 41.16943014508402], [114.78439138505374, 41.169250482027195], [114.78421172199693, 41.169250482027195], [114.78421172199693, 41.169070818970376], [114.7840320589401, 41.169070818970376], [114.7840320589401, 41.16871149285672], [114.78385239588327, 41.16871149285672], [114.78385239588327, 41.16835216674308], [114.78421172199693, 41.16835216674308], [114.78421172199693, 41.16817250368626], [114.78439138505374, 41.16817250368626], [114.78439138505374, 41.16835216674308], [114.78493037422422, 41.16835216674308], [114.78493037422422, 41.1685318297999], [114.78511003728104, 41.1685318297999], [114.78511003728104, 41.16871149285672], [114.78528970033787, 41.16871149285672], [114.78528970033787, 41.16889115591355], [114.78546936339468, 41.16889115591355], [114.78546936339468, 41.169070818970376], [114.78528970033787, 41.169070818970376], [114.78528970033787, 41.169250482027195], [114.78475071116739, 41.169250482027195], [114.78475071116739, 41.16943014508402], [114.78439138505374, 41.16943014508402]], [[114.78511003728104, 41.169070818970376], [114.78475071116739, 41.169070818970376], [114.78475071116739, 41.16889115591355], [114.78457104811056, 41.16889115591355], [114.78457104811056, 41.16871149285672], [114.78475071116739, 41.16871149285672], [114.78475071116739, 41.1685318297999], [114.78493037422422, 41.1685318297999], [114.78493037422422, 41.16871149285672], [114.78511003728104, 41.16871149285672], [114.78511003728104, 41.169070818970376]]]}, "properties": {"name": "cand54", "ptype": "hall", "confidence": "low", "rank": 54, "area_ha": 1.2, "rise_db": 4.6, "digitised_from": "Sentinel-1 VV rise 2021->2026, orbit 142"}}, {"type": "Feature", "geometry": {"geodesic": false, "type": "Polygon", "coordinates": [[[114.69258356301673, 41.18416251574358], [114.69258356301673, 41.18398285268676], [114.6924038999599, 41.18398285268676], [114.6924038999599, 41.18344386351629], [114.69258356301673, 41.18344386351629], [114.69258356301673, 41.183084537402635], [114.6924038999599, 41.183084537402635], [114.6924038999599, 41.18254554823217], [114.69276322607355, 41.18254554823217], [114.69276322607355, 41.18272521128899], [114.69294288913038, 41.18272521128899], [114.69294288913038, 41.183084537402635], [114.6931225521872, 41.183084537402635], [114.6931225521872, 41.18326420045946], [114.69348187830084, 41.18326420045946], [114.69348187830084, 41.18344386351629], [114.69366154135767, 41.18344386351629], [114.69366154135767, 41.183803189629934], [114.69330221524403, 41.183803189629934], [114.69330221524403, 41.18362352657311], [114.6931225521872, 41.18362352657311], [114.6931225521872, 41.18344386351629], [114.69294288913038, 41.18344386351629], [114.69294288913038, 41.18398285268676], [114.69276322607355, 41.18398285268676], [114.69276322607355, 41.18416251574358], [114.69258356301673, 41.18416251574358]]]}, "properties": {"name": "cand55", "ptype": "hall", "confidence": "low", "rank": 55, "area_ha": 1.2, "rise_db": 6.9, "digitised_from": "Sentinel-1 VV rise 2021->2026, orbit 142"}}, {"type": "Feature", "geometry": {"geodesic": false, "type": "Polygon", "coordinates": [[[114.73013314189292, 41.18452184185723], [114.73013314189292, 41.18434217880041], [114.72851617438151, 41.18434217880041], [114.72851617438151, 41.18398285268676], [114.72869583743834, 41.18398285268676], [114.72869583743834, 41.183803189629934], [114.72941448966563, 41.183803189629934], [114.72941448966563, 41.18398285268676], [114.72977381577928, 41.18398285268676], [114.72977381577928, 41.183803189629934], [114.73031280494975, 41.183803189629934], [114.73031280494975, 41.18398285268676], [114.73049246800657, 41.18398285268676], [114.73049246800657, 41.18452184185723], [114.73013314189292, 41.18452184185723]]]}, "properties": {"name": "cand56", "ptype": "hall", "confidence": "low", "rank": 56, "area_ha": 1.2, "rise_db": 7.6, "digitised_from": "Sentinel-1 VV rise 2021->2026, orbit 142"}}, {"type": "Feature", "geometry": {"geodesic": false, "type": "Polygon", "coordinates": [[[114.7028243572557, 41.16727418840213], [114.7028243572557, 41.16709452534531], [114.70264469419887, 41.16709452534531], [114.70264469419887, 41.166375873118014], [114.7028243572557, 41.166375873118014], [114.7028243572557, 41.166196210061194], [114.70318368336935, 41.166196210061194], [114.70318368336935, 41.16601654700437], [114.70336334642616, 41.16601654700437], [114.70336334642616, 41.166196210061194], [114.70354300948298, 41.166196210061194], [114.70354300948298, 41.16673519923166], [114.70372267253981, 41.16673519923166], [114.70372267253981, 41.16709452534531], [114.70318368336935, 41.16709452534531], [114.70318368336935, 41.16727418840213], [114.7028243572557, 41.16727418840213]]]}, "properties": {"name": "cand57", "ptype": "hall", "confidence": "low", "rank": 57, "area_ha": 1.2, "rise_db": 7.7, "digitised_from": "Sentinel-1 VV rise 2021->2026, orbit 142"}}, {"type": "Feature", "geometry": {"geodesic": false, "type": "Polygon", "coordinates": [[[114.77792351500808, 41.172843743163675], [114.77792351500808, 41.172664080106856], [114.77774385195126, 41.172664080106856], [114.77774385195126, 41.1723047539932], [114.77792351500808, 41.1723047539932], [114.77792351500808, 41.17212509093638], [114.77810317806491, 41.17212509093638], [114.77810317806491, 41.17176576482273], [114.77828284112174, 41.17176576482273], [114.77828284112174, 41.17104711259544], [114.77846250417855, 41.17104711259544], [114.77846250417855, 41.17086744953861], [114.77864216723538, 41.17086744953861], [114.77864216723538, 41.17104711259544], [114.7788218302922, 41.17104711259544], [114.7788218302922, 41.17158610176591], [114.77864216723538, 41.17158610176591], [114.77864216723538, 41.17212509093638], [114.77846250417855, 41.17212509093638], [114.77846250417855, 41.1723047539932], [114.77828284112174, 41.1723047539932], [114.77828284112174, 41.172843743163675], [114.77792351500808, 41.172843743163675]]]}, "properties": {"name": "cand58", "ptype": "hall", "confidence": "low", "rank": 58, "area_ha": 1.2, "rise_db": 7.1, "digitised_from": "Sentinel-1 VV rise 2021->2026, orbit 142"}}, {"type": "Feature", "geometry": {"geodesic": false, "type": "Polygon", "coordinates": [[[114.71629908651748, 41.18685746159594], [114.71629908651748, 41.18631847242547], [114.7164787495743, 41.18631847242547], [114.7164787495743, 41.18613880936864], [114.71665841263113, 41.18613880936864], [114.71665841263113, 41.185779483255], [114.7164787495743, 41.185779483255], [114.7164787495743, 41.18559982019817], [114.71576009734702, 41.18559982019817], [114.71576009734702, 41.1850608310277], [114.7164787495743, 41.1850608310277], [114.7164787495743, 41.185240494084525], [114.71665841263113, 41.185240494084525], [114.71665841263113, 41.18542015714135], [114.71683807568796, 41.18542015714135], [114.71683807568796, 41.18595914631182], [114.71701773874479, 41.18595914631182], [114.71701773874479, 41.18613880936864], [114.71683807568796, 41.18613880936864], [114.71683807568796, 41.186498135482296], [114.71665841263113, 41.186498135482296], [114.71665841263113, 41.18685746159594], [114.71629908651748, 41.18685746159594]]]}, "properties": {"name": "cand59", "ptype": "hall", "confidence": "low", "rank": 59, "area_ha": 1.2, "rise_db": 5.6, "digitised_from": "Sentinel-1 VV rise 2021->2026, orbit 142"}}, {"type": "Feature", "geometry": {"geodesic": false, "type": "Polygon", "coordinates": [[[114.75528596984827, 41.17733531958427], [114.75528596984827, 41.17697599347063], [114.75510630679145, 41.17697599347063], [114.75510630679145, 41.176437004300155], [114.75528596984827, 41.176437004300155], [114.75528596984827, 41.17625734124333], [114.7554656329051, 41.17625734124333], [114.7554656329051, 41.175718352072856], [114.75564529596193, 41.175718352072856], [114.75564529596193, 41.17553868901604], [114.75582495901874, 41.17553868901604], [114.75582495901874, 41.175718352072856], [114.75600462207557, 41.175718352072856], [114.75600462207557, 41.17589801512968], [114.75582495901874, 41.17589801512968], [114.75582495901874, 41.176437004300155], [114.75600462207557, 41.176437004300155], [114.75600462207557, 41.17661666735698], [114.75582495901874, 41.17661666735698], [114.75582495901874, 41.17715565652745], [114.7554656329051, 41.17715565652745], [114.7554656329051, 41.17733531958427], [114.75528596984827, 41.17733531958427]]]}, "properties": {"name": "cand60", "ptype": "hall", "confidence": "low", "rank": 60, "area_ha": 1.1, "rise_db": 8.8, "digitised_from": "Sentinel-1 VV rise 2021->2026, orbit 142"}}, {"type": "Feature", "geometry": {"geodesic": false, "type": "Polygon", "coordinates": [[[114.77379126470113, 41.16871149285672], [114.77379126470113, 41.1685318297999], [114.7736116016443, 41.1685318297999], [114.7736116016443, 41.16835216674308], [114.77307261247384, 41.16835216674308], [114.77307261247384, 41.167633514515785], [114.77325227553067, 41.167633514515785], [114.77325227553067, 41.16745385145896], [114.77343193858749, 41.16745385145896], [114.77343193858749, 41.167633514515785], [114.77415059081478, 41.167633514515785], [114.77415059081478, 41.167813177572604], [114.77433025387161, 41.167813177572604], [114.77433025387161, 41.16817250368626], [114.77415059081478, 41.16817250368626], [114.77415059081478, 41.16835216674308], [114.77397092775796, 41.16835216674308], [114.77397092775796, 41.16871149285672], [114.77379126470113, 41.16871149285672]], [[114.77397092775796, 41.16835216674308], [114.7736116016443, 41.16835216674308], [114.7736116016443, 41.16799284062943], [114.77379126470113, 41.16799284062943], [114.77379126470113, 41.16817250368626], [114.77397092775796, 41.16817250368626], [114.77397092775796, 41.16835216674308]]]}, "properties": {"name": "cand61", "ptype": "hall", "confidence": "low", "rank": 61, "area_ha": 1.1, "rise_db": 6.1, "digitised_from": "Sentinel-1 VV rise 2021->2026, orbit 142"}}, {"type": "Feature", "geometry": {"geodesic": false, "type": "Polygon", "coordinates": [[[114.74702146923437, 41.18362352657311], [114.74702146923437, 41.18344386351629], [114.74684180617754, 41.18344386351629], [114.74684180617754, 41.183084537402635], [114.74702146923437, 41.183084537402635], [114.74702146923437, 41.18272521128899], [114.7472011322912, 41.18272521128899], [114.7472011322912, 41.18254554823217], [114.74756045840485, 41.18254554823217], [114.74756045840485, 41.18272521128899], [114.74791978451849, 41.18272521128899], [114.74791978451849, 41.18326420045946], [114.74774012146167, 41.18326420045946], [114.74774012146167, 41.18344386351629], [114.74756045840485, 41.18344386351629], [114.74756045840485, 41.18362352657311], [114.74702146923437, 41.18362352657311]]]}, "properties": {"name": "cand62", "ptype": "hall", "confidence": "low", "rank": 62, "area_ha": 1.0, "rise_db": 10.3, "digitised_from": "Sentinel-1 VV rise 2021->2026, orbit 142"}}, {"type": "Feature", "geometry": {"geodesic": false, "type": "Polygon", "coordinates": [[[114.67946815986859, 41.247763237859246], [114.67946815986859, 41.24758357480242], [114.67928849681176, 41.24758357480242], [114.67928849681176, 41.24704458563195], [114.67946815986859, 41.24704458563195], [114.67946815986859, 41.24686492257513], [114.67910883375494, 41.24686492257513], [114.67910883375494, 41.2466852595183], [114.67874950764129, 41.2466852595183], [114.67874950764129, 41.246505596461475], [114.67839018152765, 41.246505596461475], [114.67839018152765, 41.2466852595183], [114.678030855414, 41.2466852595183], [114.678030855414, 41.246505596461475], [114.67785119235717, 41.246505596461475], [114.67785119235717, 41.24614627034783], [114.678030855414, 41.24614627034783], [114.678030855414, 41.246325933404655], [114.67928849681176, 41.246325933404655], [114.67928849681176, 41.2466852595183], [114.67946815986859, 41.2466852595183], [114.67946815986859, 41.24686492257513], [114.6796478229254, 41.24686492257513], [114.6796478229254, 41.247224248688774], [114.67982748598223, 41.247224248688774], [114.67982748598223, 41.24758357480242], [114.6796478229254, 41.24758357480242], [114.6796478229254, 41.247763237859246], [114.67946815986859, 41.247763237859246]]]}, "properties": {"name": "cand63", "ptype": "hall", "confidence": "low", "rank": 63, "area_ha": 1.0, "rise_db": 4.8, "digitised_from": "Sentinel-1 VV rise 2021->2026, orbit 142"}}]}