{"type": "FeatureCollection", "features": [{"type": "Feature", "geometry": {"geodesic": false, "type": "Polygon", "coordinates": [[[105.24769666578408, 37.63096624093723], [105.24769666578408, 37.6307865778804], [105.24733733967044, 37.6307865778804], [105.24733733967044, 37.63060691482358], [105.24715767661361, 37.63060691482358], [105.24715767661361, 37.630427251766754], [105.24733733967044, 37.630427251766754], [105.24733733967044, 37.63060691482358], [105.24769666578408, 37.63060691482358], [105.24769666578408, 37.63024758870993], [105.2478763288409, 37.63024758870993], [105.2478763288409, 37.62916961036899], [105.24769666578408, 37.62916961036899], [105.24769666578408, 37.628989947312164], [105.2478763288409, 37.628989947312164], [105.2478763288409, 37.62881028425534], [105.24805599189773, 37.62881028425534], [105.24805599189773, 37.62863062119852], [105.24823565495456, 37.62863062119852], [105.24823565495456, 37.62755264285757], [105.24841531801138, 37.62755264285757], [105.24841531801138, 37.626833990630274], [105.24823565495456, 37.626833990630274], [105.24823565495456, 37.626654327573455], [105.2485949810682, 37.626654327573455], [105.2485949810682, 37.62647466451663], [105.24841531801138, 37.62647466451663], [105.24841531801138, 37.62611533840298], [105.24823565495456, 37.62611533840298], [105.24823565495456, 37.625935675346156], [105.24841531801138, 37.625935675346156], [105.24841531801138, 37.62575601228934], [105.2485949810682, 37.62575601228934], [105.2485949810682, 37.62557634923251], [105.24823565495456, 37.62557634923251], [105.24823565495456, 37.625396686175684], [105.24769666578408, 37.625396686175684], [105.24769666578408, 37.62557634923251], [105.24733733967044, 37.62557634923251], [105.24733733967044, 37.62575601228934], [105.24715767661361, 37.62575601228934], [105.24715767661361, 37.625396686175684], [105.24607969827267, 37.625396686175684], [105.24607969827267, 37.62557634923251], [105.24536104604537, 37.62557634923251], [105.24536104604537, 37.625396686175684], [105.24464239381807, 37.625396686175684], [105.24464239381807, 37.625217023118864], [105.24446273076126, 37.625217023118864], [105.24446273076126, 37.62557634923251], [105.24356441547712, 37.62557634923251], [105.24356441547712, 37.625396686175684], [105.24158812185206, 37.625396686175684], [105.24158812185206, 37.625217023118864], [105.24140845879525, 37.625217023118864], [105.24140845879525, 37.625396686175684], [105.24122879573842, 37.625396686175684], [105.24122879573842, 37.62557634923251], [105.24086946962477, 37.62557634923251], [105.24086946962477, 37.625396686175684], [105.239611828227, 37.625396686175684], [105.239611828227, 37.625217023118864], [105.23925250211336, 37.625217023118864], [105.23925250211336, 37.625396686175684], [105.23907283905653, 37.625396686175684], [105.23907283905653, 37.62557634923251], [105.23871351294288, 37.62557634923251], [105.23871351294288, 37.625396686175684], [105.23817452377241, 37.625396686175684], [105.23817452377241, 37.625217023118864], [105.23799486071559, 37.625217023118864], [105.23799486071559, 37.62503736006204], [105.23781519765876, 37.62503736006204], [105.23781519765876, 37.62485769700521], [105.23763553460194, 37.62485769700521], [105.23763553460194, 37.62431870783474], [105.23745587154512, 37.62431870783474], [105.23745587154512, 37.62413904477792], [105.2372762084883, 37.62413904477792], [105.2372762084883, 37.624498370891565], [105.23709654543147, 37.624498370891565], [105.23709654543147, 37.62467803394839], [105.23691688237464, 37.62467803394839], [105.23691688237464, 37.62485769700521], [105.23673721931782, 37.62485769700521], [105.23673721931782, 37.62467803394839], [105.23637789320418, 37.62467803394839], [105.23637789320418, 37.624498370891565], [105.23601856709053, 37.624498370891565], [105.23601856709053, 37.62467803394839], [105.23565924097687, 37.62467803394839], [105.23565924097687, 37.62485769700521], [105.23547957792006, 37.62485769700521], [105.23547957792006, 37.62503736006204], [105.23529991486323, 37.62503736006204], [105.23529991486323, 37.625217023118864], [105.23547957792006, 37.625217023118864], [105.23547957792006, 37.625396686175684], [105.2358389040337, 37.625396686175684], [105.2358389040337, 37.62557634923251], [105.23637789320418, 37.62557634923251], [105.23637789320418, 37.62575601228934], [105.23547957792006, 37.62575601228934], [105.23547957792006, 37.62557634923251], [105.23529991486323, 37.62557634923251], [105.23529991486323, 37.62575601228934], [105.23494058874958, 37.62575601228934], [105.23494058874958, 37.62557634923251], [105.23458126263594, 37.62557634923251], [105.23458126263594, 37.62431870783474], [105.23476092569275, 37.62431870783474], [105.23476092569275, 37.62395938172109], [105.23565924097687, 37.62395938172109], [105.23565924097687, 37.623779718664274], [105.2358389040337, 37.623779718664274], [105.2358389040337, 37.62395938172109], [105.23619823014735, 37.62395938172109], [105.23619823014735, 37.62270174032333], [105.23637789320418, 37.62270174032333], [105.23637789320418, 37.6225220772665], [105.236557556261, 37.6225220772665], [105.236557556261, 37.622342414209676], [105.23637789320418, 37.622342414209676], [105.23637789320418, 37.62216275115286], [105.23619823014735, 37.62216275115286], [105.23619823014735, 37.62180342503921], [105.236557556261, 37.62180342503921], [105.236557556261, 37.621623761982384], [105.23673721931782, 37.621623761982384], [105.23673721931782, 37.62126443586874], [105.236557556261, 37.62126443586874], [105.236557556261, 37.620725446698266], [105.2372762084883, 37.620725446698266], [105.2372762084883, 37.62036612058461], [105.23745587154512, 37.62036612058461], [105.23745587154512, 37.62000679447097], [105.23763553460194, 37.62000679447097], [105.23763553460194, 37.619288142243676], [105.23781519765876, 37.619288142243676], [105.23781519765876, 37.61910847918685], [105.23853384988607, 37.61910847918685], [105.23853384988607, 37.61892881613002], [105.24051014351113, 37.61892881613002], [105.24051014351113, 37.61910847918685], [105.2410491326816, 37.61910847918685], [105.2410491326816, 37.620186457527794], [105.24176778490889, 37.620186457527794], [105.24176778490889, 37.62036612058461], [105.24194744796571, 37.62036612058461], [105.24194744796571, 37.62054578364144], [105.24176778490889, 37.62054578364144], [105.24176778490889, 37.62036612058461], [105.24140845879525, 37.62036612058461], [105.24140845879525, 37.620905109755086], [105.2410491326816, 37.620905109755086], [105.2410491326816, 37.62108477281191], [105.24086946962477, 37.62108477281191], [105.24086946962477, 37.62126443586874], [105.24176778490889, 37.62126443586874], [105.24176778490889, 37.62108477281191], [105.2424864371362, 37.62108477281191], [105.2424864371362, 37.62126443586874], [105.24284576324983, 37.62126443586874], [105.24284576324983, 37.62108477281191], [105.242666100193, 37.62108477281191], [105.242666100193, 37.620905109755086], [105.24230677407937, 37.620905109755086], [105.24230677407937, 37.62000679447097], [105.24212711102254, 37.62000679447097], [105.24212711102254, 37.61982713141415], [105.24230677407937, 37.61982713141415], [105.24230677407937, 37.61964746835732], [105.242666100193, 37.61964746835732], [105.242666100193, 37.620186457527794], [105.24284576324983, 37.620186457527794], [105.24284576324983, 37.620725446698266], [105.24302542630666, 37.620725446698266], [105.24302542630666, 37.62108477281191], [105.24338475242031, 37.62108477281191], [105.24338475242031, 37.62054578364144], [105.24356441547712, 37.62054578364144], [105.24356441547712, 37.62036612058461], [105.24338475242031, 37.62036612058461], [105.24338475242031, 37.62000679447097], [105.24428306770443, 37.62000679447097], [105.24428306770443, 37.61982713141415], [105.2441034046476, 37.61982713141415], [105.2441034046476, 37.61964746835732], [105.24374407853395, 37.61964746835732], [105.24374407853395, 37.619467805300495], [105.24356441547712, 37.619467805300495], [105.24356441547712, 37.61910847918685], [105.24374407853395, 37.61910847918685], [105.24374407853395, 37.61892881613002], [105.24428306770443, 37.61892881613002], [105.24428306770443, 37.61910847918685], [105.2448220568749, 37.61910847918685], [105.2448220568749, 37.61892881613002], [105.24500171993172, 37.61892881613002], [105.24500171993172, 37.6187491530732], [105.24518138298855, 37.6187491530732], [105.24518138298855, 37.61821016390273], [105.24536104604537, 37.61821016390273], [105.24536104604537, 37.618030500845904], [105.24518138298855, 37.618030500845904], [105.24518138298855, 37.61767117473226], [105.24536104604537, 37.61767117473226], [105.24536104604537, 37.617132185561786], [105.24554070910219, 37.617132185561786], [105.24554070910219, 37.61677285944814], [105.24572037215901, 37.61677285944814], [105.24572037215901, 37.616593196391314], [105.24590003521584, 37.616593196391314], [105.24590003521584, 37.61677285944814], [105.24607969827267, 37.61677285944814], [105.24607969827267, 37.61695252250496], [105.24625936132949, 37.61695252250496], [105.24625936132949, 37.617132185561786], [105.24661868744313, 37.617132185561786], [105.24661868744313, 37.61731184861861], [105.24715767661361, 37.61731184861861], [105.24715767661361, 37.61749151167543], [105.24697801355678, 37.61749151167543], [105.24697801355678, 37.61767117473226], [105.24679835049996, 37.61767117473226], [105.24679835049996, 37.61749151167543], [105.24643902438632, 37.61749151167543], [105.24643902438632, 37.61767117473226], [105.24607969827267, 37.61767117473226], [105.24607969827267, 37.617850837789085], [105.24572037215901, 37.617850837789085], [105.24572037215901, 37.61767117473226], [105.24554070910219, 37.61767117473226], [105.24554070910219, 37.61821016390273], [105.24590003521584, 37.61821016390273], [105.24590003521584, 37.61838982695955], [105.24661868744313, 37.61838982695955], [105.24661868744313, 37.61856949001638], [105.24679835049996, 37.61856949001638], [105.24679835049996, 37.6187491530732], [105.24572037215901, 37.6187491530732], [105.24572037215901, 37.61910847918685], [105.24590003521584, 37.61910847918685], [105.24590003521584, 37.619288142243676], [105.24572037215901, 37.619288142243676], [105.24572037215901, 37.619467805300495], [105.24536104604537, 37.619467805300495], [105.24536104604537, 37.62000679447097], [105.24500171993172, 37.62000679447097], [105.24500171993172, 37.61982713141415], [105.2448220568749, 37.61982713141415], [105.2448220568749, 37.61964746835732], [105.24464239381807, 37.61964746835732], [105.24464239381807, 37.62000679447097], [105.2448220568749, 37.62000679447097], [105.2448220568749, 37.620186457527794], [105.24518138298855, 37.620186457527794], [105.24518138298855, 37.62036612058461], [105.24500171993172, 37.62036612058461], [105.24500171993172, 37.62054578364144], [105.24464239381807, 37.62054578364144], [105.24464239381807, 37.62036612058461], [105.24446273076126, 37.62036612058461], [105.24446273076126, 37.62054578364144], [105.24428306770443, 37.62054578364144], [105.24428306770443, 37.62108477281191], [105.24518138298855, 37.62108477281191], [105.24518138298855, 37.620905109755086], [105.24536104604537, 37.620905109755086], [105.24536104604537, 37.62054578364144], [105.24554070910219, 37.62054578364144], [105.24554070910219, 37.620905109755086], [105.24536104604537, 37.620905109755086], [105.24536104604537, 37.62108477281191], [105.24572037215901, 37.62108477281191], [105.24572037215901, 37.62144409892556], [105.24536104604537, 37.62144409892556], [105.24536104604537, 37.62180342503921], [105.24518138298855, 37.62180342503921], [105.24518138298855, 37.62198308809603], [105.24500171993172, 37.62198308809603], [105.24500171993172, 37.62216275115286], [105.24536104604537, 37.62216275115286], [105.24536104604537, 37.622342414209676], [105.24554070910219, 37.622342414209676], [105.24554070910219, 37.62216275115286], [105.24590003521584, 37.62216275115286], [105.24590003521584, 37.622342414209676], [105.24554070910219, 37.622342414209676], [105.24554070910219, 37.624498370891565], [105.24572037215901, 37.624498370891565], [105.24572037215901, 37.62467803394839], [105.24554070910219, 37.62467803394839], [105.24554070910219, 37.62503736006204], [105.24572037215901, 37.62503736006204], [105.24572037215901, 37.62485769700521], [105.24607969827267, 37.62485769700521], [105.24607969827267, 37.62503736006204], [105.24715767661361, 37.62503736006204], [105.24715767661361, 37.624498370891565], [105.24733733967044, 37.624498370891565], [105.24733733967044, 37.62431870783474], [105.24715767661361, 37.62431870783474], [105.24715767661361, 37.62395938172109], [105.24733733967044, 37.62395938172109], [105.24733733967044, 37.62360005560745], [105.24715767661361, 37.62360005560745], [105.24715767661361, 37.623061066436975], [105.24733733967044, 37.623061066436975], [105.24733733967044, 37.62270174032333], [105.24751700272725, 37.62270174032333], [105.24751700272725, 37.622342414209676], [105.24715767661361, 37.622342414209676], [105.24715767661361, 37.621623761982384], [105.24733733967044, 37.621623761982384], [105.24733733967044, 37.62198308809603], [105.24751700272725, 37.62198308809603], [105.24751700272725, 37.62216275115286], [105.24769666578408, 37.62216275115286], [105.24769666578408, 37.622342414209676], [105.2478763288409, 37.622342414209676], [105.2478763288409, 37.62270174032333], [105.24769666578408, 37.62270174032333], [105.24769666578408, 37.623061066436975], [105.2478763288409, 37.623061066436975], [105.2478763288409, 37.62360005560745], [105.24805599189773, 37.62360005560745], [105.24805599189773, 37.623779718664274], [105.24823565495456, 37.623779718664274], [105.24823565495456, 37.62360005560745], [105.24841531801138, 37.62360005560745], [105.24841531801138, 37.623779718664274], [105.2485949810682, 37.623779718664274], [105.2485949810682, 37.62395938172109], [105.24841531801138, 37.62395938172109], [105.24841531801138, 37.62413904477792], [105.24823565495456, 37.62413904477792], [105.24823565495456, 37.62467803394839], [105.2478763288409, 37.62467803394839], [105.2478763288409, 37.62503736006204], [105.24877464412502, 37.62503736006204], [105.24877464412502, 37.625217023118864], [105.24895430718185, 37.625217023118864], [105.24895430718185, 37.62575601228934], [105.24877464412502, 37.62575601228934], [105.24877464412502, 37.62611533840298], [105.24895430718185, 37.62611533840298], [105.24895430718185, 37.62719331674393], [105.24877464412502, 37.62719331674393], [105.24877464412502, 37.628091632028045], [105.2485949810682, 37.628091632028045], [105.2485949810682, 37.628989947312164], [105.24841531801138, 37.628989947312164], [105.24841531801138, 37.63006792565311], [105.24823565495456, 37.63006792565311], [105.24823565495456, 37.6307865778804], [105.24805599189773, 37.6307865778804], [105.24805599189773, 37.63096624093723], [105.24769666578408, 37.63096624093723]], [[105.24554070910219, 37.61892881613002], [105.24518138298855, 37.61892881613002], [105.24518138298855, 37.6187491530732], [105.24554070910219, 37.6187491530732], [105.24554070910219, 37.61892881613002]], [[105.23943216517019, 37.62144409892556], [105.23835418682924, 37.62144409892556], [105.23835418682924, 37.62126443586874], [105.23943216517019, 37.62126443586874], [105.23943216517019, 37.62144409892556]], [[105.24051014351113, 37.62144409892556], [105.239611828227, 37.62144409892556], [105.239611828227, 37.62126443586874], [105.24015081739748, 37.62126443586874], [105.24015081739748, 37.62108477281191], [105.2403304804543, 37.62108477281191], [105.2403304804543, 37.62126443586874], [105.24051014351113, 37.62126443586874], [105.24051014351113, 37.62144409892556]], [[105.24428306770443, 37.62180342503921], [105.24392374159078, 37.62180342503921], [105.24392374159078, 37.621623761982384], [105.24428306770443, 37.621623761982384], [105.24428306770443, 37.62180342503921]], [[105.23745587154512, 37.62198308809603], [105.23709654543147, 37.62198308809603], [105.23709654543147, 37.621623761982384], [105.23691688237464, 37.621623761982384], [105.23691688237464, 37.620905109755086], [105.2372762084883, 37.620905109755086], [105.2372762084883, 37.620725446698266], [105.23781519765876, 37.620725446698266], [105.23781519765876, 37.620905109755086], [105.23763553460194, 37.620905109755086], [105.23763553460194, 37.62108477281191], [105.23817452377241, 37.62108477281191], [105.23817452377241, 37.62126443586874], [105.23781519765876, 37.62126443586874], [105.23781519765876, 37.62144409892556], [105.23763553460194, 37.62144409892556], [105.23763553460194, 37.621623761982384], [105.23745587154512, 37.621623761982384], [105.23745587154512, 37.62198308809603]], [[105.24392374159078, 37.62198308809603], [105.24356441547712, 37.62198308809603], [105.24356441547712, 37.62180342503921], [105.24338475242031, 37.62180342503921], [105.24338475242031, 37.62108477281191], [105.24374407853395, 37.62108477281191], [105.24374407853395, 37.62126443586874], [105.24356441547712, 37.62126443586874], [105.24356441547712, 37.62144409892556], [105.24374407853395, 37.62144409892556], [105.24374407853395, 37.62180342503921], [105.24392374159078, 37.62180342503921], [105.24392374159078, 37.62198308809603]], [[105.2448220568749, 37.622342414209676], [105.24446273076126, 37.622342414209676], [105.24446273076126, 37.62216275115286], [105.2441034046476, 37.62216275115286], [105.2441034046476, 37.62198308809603], [105.24428306770443, 37.62198308809603], [105.24428306770443, 37.62180342503921], [105.2448220568749, 37.62180342503921], [105.2448220568749, 37.622342414209676]], [[105.24284576324983, 37.62288140338015], [105.2424864371362, 37.62288140338015], [105.2424864371362, 37.62270174032333], [105.242666100193, 37.62270174032333], [105.242666100193, 37.62216275115286], [105.2424864371362, 37.62216275115286], [105.2424864371362, 37.62198308809603], [105.24320508936349, 37.62198308809603], [105.24320508936349, 37.62270174032333], [105.24284576324983, 37.62270174032333], [105.24284576324983, 37.62288140338015]], [[105.23709654543147, 37.623061066436975], [105.23673721931782, 37.623061066436975], [105.23673721931782, 37.62288140338015], [105.23709654543147, 37.62288140338015], [105.23709654543147, 37.623061066436975]], [[105.23691688237464, 37.623779718664274], [105.236557556261, 37.623779718664274], [105.236557556261, 37.62360005560745], [105.23691688237464, 37.62360005560745], [105.23691688237464, 37.623779718664274]], [[105.24320508936349, 37.623779718664274], [105.2424864371362, 37.623779718664274], [105.2424864371362, 37.62360005560745], [105.24320508936349, 37.62360005560745], [105.24320508936349, 37.623779718664274]], [[105.24194744796571, 37.62503736006204], [105.24140845879525, 37.62503736006204], [105.24140845879525, 37.62485769700521], [105.24194744796571, 37.62485769700521], [105.24194744796571, 37.62503736006204]], [[105.24356441547712, 37.62503736006204], [105.24338475242031, 37.62503736006204], [105.24338475242031, 37.62485769700521], [105.24320508936349, 37.62485769700521], [105.24320508936349, 37.62467803394839], [105.24338475242031, 37.62467803394839], [105.24338475242031, 37.62431870783474], [105.24356441547712, 37.62431870783474], [105.24356441547712, 37.62503736006204]]]}, "properties": {"name": "cand01", "ptype": "hall", "confidence": "low", "rank": 1, "area_ha": 71.9, "rise_db": 12.2, "digitised_from": "Sentinel-1 VV rise 2021->2026, orbit 55"}}, {"type": "Feature", "geometry": {"geodesic": false, "type": "Polygon", "coordinates": [[[105.2582967861367, 37.6262950014598], [105.2582967861367, 37.62611533840298], [105.25811712307987, 37.62611533840298], [105.25811712307987, 37.625935675346156], [105.25775779696622, 37.625935675346156], [105.25775779696622, 37.62575601228934], [105.25757813390939, 37.62575601228934], [105.25757813390939, 37.625935675346156], [105.25739847085256, 37.625935675346156], [105.25739847085256, 37.62575601228934], [105.25703914473893, 37.62575601228934], [105.25703914473893, 37.625935675346156], [105.2568594816821, 37.625935675346156], [105.2568594816821, 37.62575601228934], [105.25667981862527, 37.62575601228934], [105.25667981862527, 37.62557634923251], [105.25650015556845, 37.62557634923251], [105.25650015556845, 37.62575601228934], [105.25632049251163, 37.62575601228934], [105.25632049251163, 37.625935675346156], [105.25578150334115, 37.625935675346156], [105.25578150334115, 37.62611533840298], [105.25560184028433, 37.62611533840298], [105.25560184028433, 37.625935675346156], [105.2554221772275, 37.625935675346156], [105.2554221772275, 37.62575601228934], [105.25578150334115, 37.62575601228934], [105.25578150334115, 37.62557634923251], [105.25596116639798, 37.62557634923251], [105.25596116639798, 37.625396686175684], [105.25614082945481, 37.625396686175684], [105.25614082945481, 37.62503736006204], [105.25596116639798, 37.62503736006204], [105.25596116639798, 37.625217023118864], [105.25560184028433, 37.625217023118864], [105.25560184028433, 37.625396686175684], [105.2554221772275, 37.625396686175684], [105.2554221772275, 37.62557634923251], [105.25524251417069, 37.62557634923251], [105.25524251417069, 37.625217023118864], [105.25506285111386, 37.625217023118864], [105.25506285111386, 37.62557634923251], [105.25488318805704, 37.62557634923251], [105.25488318805704, 37.625396686175684], [105.25470352500021, 37.625396686175684], [105.25470352500021, 37.62611533840298], [105.25434419888657, 37.62611533840298], [105.25434419888657, 37.6262950014598], [105.25398487277292, 37.6262950014598], [105.25398487277292, 37.62611533840298], [105.25380520971609, 37.62611533840298], [105.25380520971609, 37.625935675346156], [105.25362554665926, 37.625935675346156], [105.25362554665926, 37.62611533840298], [105.25344588360244, 37.62611533840298], [105.25344588360244, 37.625935675346156], [105.25290689443197, 37.625935675346156], [105.25290689443197, 37.62557634923251], [105.2530865574888, 37.62557634923251], [105.2530865574888, 37.625396686175684], [105.25290689443197, 37.625396686175684], [105.25290689443197, 37.625217023118864], [105.2530865574888, 37.625217023118864], [105.2530865574888, 37.62503736006204], [105.25290689443197, 37.62503736006204], [105.25290689443197, 37.62485769700521], [105.25272723137515, 37.62485769700521], [105.25272723137515, 37.62413904477792], [105.25254756831832, 37.62413904477792], [105.25254756831832, 37.62342039255062], [105.25236790526151, 37.62342039255062], [105.25236790526151, 37.62395938172109], [105.25218824220468, 37.62395938172109], [105.25218824220468, 37.62413904477792], [105.25236790526151, 37.62413904477792], [105.25236790526151, 37.62431870783474], [105.25200857914786, 37.62431870783474], [105.25200857914786, 37.624498370891565], [105.25236790526151, 37.624498370891565], [105.25236790526151, 37.62467803394839], [105.25218824220468, 37.62467803394839], [105.25218824220468, 37.62485769700521], [105.25236790526151, 37.62485769700521], [105.25236790526151, 37.62503736006204], [105.25200857914786, 37.62503736006204], [105.25200857914786, 37.62485769700521], [105.25182891609103, 37.62485769700521], [105.25182891609103, 37.625217023118864], [105.2516492530342, 37.625217023118864], [105.2516492530342, 37.625396686175684], [105.25200857914786, 37.625396686175684], [105.25200857914786, 37.625217023118864], [105.25236790526151, 37.625217023118864], [105.25236790526151, 37.625396686175684], [105.25254756831832, 37.625396686175684], [105.25254756831832, 37.62557634923251], [105.25218824220468, 37.62557634923251], [105.25218824220468, 37.62611533840298], [105.25200857914786, 37.62611533840298], [105.25200857914786, 37.6262950014598], [105.25182891609103, 37.6262950014598], [105.25182891609103, 37.62611533840298], [105.25075093775008, 37.62611533840298], [105.25075093775008, 37.6262950014598], [105.25039161163645, 37.6262950014598], [105.25039161163645, 37.62611533840298], [105.25003228552279, 37.62611533840298], [105.25003228552279, 37.625396686175684], [105.24985262246597, 37.625396686175684], [105.24985262246597, 37.625935675346156], [105.24967295940914, 37.625935675346156], [105.24967295940914, 37.62611533840298], [105.24949329635231, 37.62611533840298], [105.24949329635231, 37.625935675346156], [105.24913397023867, 37.625935675346156], [105.24913397023867, 37.625396686175684], [105.2493136332955, 37.625396686175684], [105.2493136332955, 37.625217023118864], [105.24913397023867, 37.625217023118864], [105.24913397023867, 37.62503736006204], [105.24895430718185, 37.62503736006204], [105.24895430718185, 37.62485769700521], [105.24877464412502, 37.62485769700521], [105.24877464412502, 37.624498370891565], [105.2493136332955, 37.624498370891565], [105.2493136332955, 37.62467803394839], [105.24967295940914, 37.62467803394839], [105.24967295940914, 37.62431870783474], [105.24985262246597, 37.62431870783474], [105.24985262246597, 37.624498370891565], [105.25021194857962, 37.624498370891565], [105.25021194857962, 37.62413904477792], [105.24967295940914, 37.62413904477792], [105.24967295940914, 37.623779718664274], [105.25003228552279, 37.623779718664274], [105.25003228552279, 37.62342039255062], [105.24985262246597, 37.62342039255062], [105.24985262246597, 37.6232407294938], [105.24967295940914, 37.6232407294938], [105.24967295940914, 37.623061066436975], [105.24985262246597, 37.623061066436975], [105.24985262246597, 37.62288140338015], [105.24967295940914, 37.62288140338015], [105.24967295940914, 37.62270174032333], [105.24949329635231, 37.62270174032333], [105.24949329635231, 37.622342414209676], [105.2493136332955, 37.622342414209676], [105.2493136332955, 37.62198308809603], [105.24949329635231, 37.62198308809603], [105.24949329635231, 37.62180342503921], [105.24985262246597, 37.62180342503921], [105.24985262246597, 37.6225220772665], [105.25003228552279, 37.6225220772665], [105.25003228552279, 37.62270174032333], [105.25021194857962, 37.62270174032333], [105.25021194857962, 37.62288140338015], [105.25057127469326, 37.62288140338015], [105.25057127469326, 37.62270174032333], [105.25039161163645, 37.62270174032333], [105.25039161163645, 37.622342414209676], [105.25093060080691, 37.622342414209676], [105.25093060080691, 37.62216275115286], [105.25111026386374, 37.62216275115286], [105.25111026386374, 37.62180342503921], [105.25182891609103, 37.62180342503921], [105.25182891609103, 37.62198308809603], [105.25290689443197, 37.62198308809603], [105.25290689443197, 37.62180342503921], [105.25326622054563, 37.62180342503921], [105.25326622054563, 37.62198308809603], [105.25362554665926, 37.62198308809603], [105.25362554665926, 37.62180342503921], [105.25434419888657, 37.62180342503921], [105.25434419888657, 37.62216275115286], [105.25398487277292, 37.62216275115286], [105.25398487277292, 37.622342414209676], [105.25416453582974, 37.622342414209676], [105.25416453582974, 37.623061066436975], [105.25398487277292, 37.623061066436975], [105.25398487277292, 37.62360005560745], [105.25416453582974, 37.62360005560745], [105.25416453582974, 37.62413904477792], [105.25434419888657, 37.62413904477792], [105.25434419888657, 37.62395938172109], [105.25452386194338, 37.62395938172109], [105.25452386194338, 37.62413904477792], [105.25470352500021, 37.62413904477792], [105.25470352500021, 37.62431870783474], [105.25452386194338, 37.62431870783474], [105.25452386194338, 37.62485769700521], [105.25506285111386, 37.62485769700521], [105.25506285111386, 37.62467803394839], [105.2554221772275, 37.62467803394839], [105.2554221772275, 37.624498370891565], [105.25614082945481, 37.624498370891565], [105.25614082945481, 37.62503736006204], [105.25650015556845, 37.62503736006204], [105.25650015556845, 37.625217023118864], [105.25667981862527, 37.625217023118864], [105.25667981862527, 37.62557634923251], [105.2568594816821, 37.62557634923251], [105.2568594816821, 37.625217023118864], [105.25703914473893, 37.625217023118864], [105.25703914473893, 37.624498370891565], [105.25667981862527, 37.624498370891565], [105.25667981862527, 37.62413904477792], [105.25703914473893, 37.62413904477792], [105.25703914473893, 37.624498370891565], [105.25721880779575, 37.624498370891565], [105.25721880779575, 37.62467803394839], [105.25739847085256, 37.62467803394839], [105.25739847085256, 37.62485769700521], [105.25721880779575, 37.62485769700521], [105.25721880779575, 37.62503736006204], [105.25739847085256, 37.62503736006204], [105.25739847085256, 37.625217023118864], [105.2582967861367, 37.625217023118864], [105.2582967861367, 37.625396686175684], [105.25811712307987, 37.625396686175684], [105.25811712307987, 37.62557634923251], [105.25793746002304, 37.62557634923251], [105.25793746002304, 37.62575601228934], [105.25883577530716, 37.62575601228934], [105.25883577530716, 37.62611533840298], [105.25865611225034, 37.62611533840298], [105.25865611225034, 37.6262950014598], [105.2582967861367, 37.6262950014598]], [[105.25128992692056, 37.62288140338015], [105.25093060080691, 37.62288140338015], [105.25093060080691, 37.62270174032333], [105.25128992692056, 37.62270174032333], [105.25128992692056, 37.62288140338015]], [[105.25218824220468, 37.62288140338015], [105.25200857914786, 37.62288140338015], [105.25200857914786, 37.62270174032333], [105.25218824220468, 37.62270174032333], [105.25218824220468, 37.62288140338015]], [[105.25380520971609, 37.6232407294938], [105.25344588360244, 37.6232407294938], [105.25344588360244, 37.623061066436975], [105.25380520971609, 37.623061066436975], [105.25380520971609, 37.6232407294938]], [[105.25075093775008, 37.62360005560745], [105.25039161163645, 37.62360005560745], [105.25039161163645, 37.623061066436975], [105.25057127469326, 37.623061066436975], [105.25057127469326, 37.62288140338015], [105.25093060080691, 37.62288140338015], [105.25093060080691, 37.62342039255062], [105.25075093775008, 37.62342039255062], [105.25075093775008, 37.62360005560745]], [[105.25200857914786, 37.62360005560745], [105.25182891609103, 37.62360005560745], [105.25182891609103, 37.62342039255062], [105.25200857914786, 37.62342039255062], [105.25200857914786, 37.62360005560745]], [[105.25362554665926, 37.62360005560745], [105.25344588360244, 37.62360005560745], [105.25344588360244, 37.62342039255062], [105.25362554665926, 37.62342039255062], [105.25362554665926, 37.62360005560745]], [[105.25039161163645, 37.623779718664274], [105.25021194857962, 37.623779718664274], [105.25021194857962, 37.62360005560745], [105.25039161163645, 37.62360005560745], [105.25039161163645, 37.623779718664274]], [[105.25344588360244, 37.62395938172109], [105.2530865574888, 37.62395938172109], [105.2530865574888, 37.62342039255062], [105.25326622054563, 37.62342039255062], [105.25326622054563, 37.62360005560745], [105.25344588360244, 37.62360005560745], [105.25344588360244, 37.62395938172109]], [[105.25362554665926, 37.62413904477792], [105.25344588360244, 37.62413904477792], [105.25344588360244, 37.62395938172109], [105.25362554665926, 37.62395938172109], [105.25362554665926, 37.62413904477792]], [[105.25200857914786, 37.62431870783474], [105.2516492530342, 37.62431870783474], [105.2516492530342, 37.623779718664274], [105.25146958997738, 37.623779718664274], [105.25146958997738, 37.62360005560745], [105.25093060080691, 37.62360005560745], [105.25093060080691, 37.62342039255062], [105.25111026386374, 37.62342039255062], [105.25111026386374, 37.6232407294938], [105.25128992692056, 37.6232407294938], [105.25128992692056, 37.62288140338015], [105.2516492530342, 37.62288140338015], [105.2516492530342, 37.6225220772665], [105.25182891609103, 37.6225220772665], [105.25182891609103, 37.623061066436975], [105.2516492530342, 37.623061066436975], [105.2516492530342, 37.6232407294938], [105.25146958997738, 37.6232407294938], [105.25146958997738, 37.62342039255062], [105.2516492530342, 37.62342039255062], [105.2516492530342, 37.62360005560745], [105.25182891609103, 37.62360005560745], [105.25182891609103, 37.62413904477792], [105.25200857914786, 37.62413904477792], [105.25200857914786, 37.62431870783474]], [[105.25416453582974, 37.62431870783474], [105.25398487277292, 37.62431870783474], [105.25398487277292, 37.62413904477792], [105.25416453582974, 37.62413904477792], [105.25416453582974, 37.62431870783474]], [[105.25146958997738, 37.62485769700521], [105.25128992692056, 37.62485769700521], [105.25128992692056, 37.624498370891565], [105.25146958997738, 37.624498370891565], [105.25146958997738, 37.62485769700521]], [[105.2554221772275, 37.625217023118864], [105.25524251417069, 37.625217023118864], [105.25524251417069, 37.62503736006204], [105.2554221772275, 37.62503736006204], [105.2554221772275, 37.625217023118864]], [[105.2516492530342, 37.62557634923251], [105.25146958997738, 37.62557634923251], [105.25146958997738, 37.625396686175684], [105.2516492530342, 37.625396686175684], [105.2516492530342, 37.62557634923251]], [[105.25434419888657, 37.625935675346156], [105.25416453582974, 37.625935675346156], [105.25416453582974, 37.62575601228934], [105.25398487277292, 37.62575601228934], [105.25398487277292, 37.62557634923251], [105.25380520971609, 37.62557634923251], [105.25380520971609, 37.625396686175684], [105.25398487277292, 37.625396686175684], [105.25398487277292, 37.62503736006204], [105.25416453582974, 37.62503736006204], [105.25416453582974, 37.62485769700521], [105.25434419888657, 37.62485769700521], [105.25434419888657, 37.62503736006204], [105.25488318805704, 37.62503736006204], [105.25488318805704, 37.625217023118864], [105.25470352500021, 37.625217023118864], [105.25470352500021, 37.625396686175684], [105.25434419888657, 37.625396686175684], [105.25434419888657, 37.625935675346156]]]}, "properties": {"name": "cand02", "ptype": "hall", "confidence": "low", "rank": 2, "area_ha": 23.9, "rise_db": 11.4, "digitised_from": "Sentinel-1 VV rise 2021->2026, orbit 55"}}, {"type": "Feature", "geometry": {"geodesic": false, "type": "Polygon", "coordinates": [[[105.1966723576461, 37.63240354539182], [105.1966723576461, 37.63222388233499], [105.19649269458927, 37.63222388233499], [105.19649269458927, 37.63204421927817], [105.19559437930515, 37.63204421927817], [105.19559437930515, 37.63222388233499], [105.19487572707786, 37.63222388233499], [105.19487572707786, 37.63240354539182], [105.19433673790738, 37.63240354539182], [105.19433673790738, 37.63204421927817], [105.19397741179374, 37.63204421927817], [105.19397741179374, 37.631864556221345], [105.19343842262326, 37.631864556221345], [105.19343842262326, 37.6315052301077], [105.19361808568009, 37.6315052301077], [105.19361808568009, 37.63132556705087], [105.19379774873691, 37.63132556705087], [105.19379774873691, 37.63114590399405], [105.19397741179374, 37.63114590399405], [105.19397741179374, 37.63132556705087], [105.19415707485055, 37.63132556705087], [105.19415707485055, 37.631684893164525], [105.19433673790738, 37.631684893164525], [105.19433673790738, 37.631864556221345], [105.1945164009642, 37.631864556221345], [105.1945164009642, 37.63222388233499], [105.19469606402103, 37.63222388233499], [105.19469606402103, 37.631684893164525], [105.1945164009642, 37.631684893164525], [105.1945164009642, 37.6315052301077], [105.19469606402103, 37.6315052301077], [105.19469606402103, 37.63132556705087], [105.1945164009642, 37.63132556705087], [105.1945164009642, 37.6307865778804], [105.19469606402103, 37.6307865778804], [105.19469606402103, 37.63024758870993], [105.19487572707786, 37.63024758870993], [105.19487572707786, 37.62988826259628], [105.19469606402103, 37.62988826259628], [105.19469606402103, 37.62970859953946], [105.1945164009642, 37.62970859953946], [105.1945164009642, 37.62934927342581], [105.19469606402103, 37.62934927342581], [105.19469606402103, 37.628989947312164], [105.1945164009642, 37.628989947312164], [105.1945164009642, 37.62845095814169], [105.19505539013467, 37.62845095814169], [105.19505539013467, 37.62863062119852], [105.1952350531915, 37.62863062119852], [105.1952350531915, 37.62934927342581], [105.19559437930515, 37.62934927342581], [105.19559437930515, 37.62863062119852], [105.1959537054188, 37.62863062119852], [105.1959537054188, 37.62881028425534], [105.19649269458927, 37.62881028425534], [105.19649269458927, 37.62863062119852], [105.19631303153244, 37.62863062119852], [105.19631303153244, 37.62845095814169], [105.19649269458927, 37.62845095814169], [105.19649269458927, 37.628091632028045], [105.19613336847561, 37.628091632028045], [105.19613336847561, 37.62791196897122], [105.19577404236198, 37.62791196897122], [105.19577404236198, 37.62737297980075], [105.19631303153244, 37.62737297980075], [105.19631303153244, 37.62755264285757], [105.19685202070292, 37.62755264285757], [105.19685202070292, 37.6277323059144], [105.19703168375973, 37.6277323059144], [105.19703168375973, 37.628271295084865], [105.19721134681656, 37.628271295084865], [105.19721134681656, 37.62881028425534], [105.19703168375973, 37.62881028425534], [105.19703168375973, 37.628989947312164], [105.19649269458927, 37.628989947312164], [105.19649269458927, 37.62934927342581], [105.19631303153244, 37.62934927342581], [105.19631303153244, 37.62970859953946], [105.19685202070292, 37.62970859953946], [105.19685202070292, 37.629528936482636], [105.19703168375973, 37.629528936482636], [105.19703168375973, 37.62970859953946], [105.19721134681656, 37.62970859953946], [105.19721134681656, 37.62988826259628], [105.19739100987339, 37.62988826259628], [105.19739100987339, 37.63006792565311], [105.19775033598704, 37.63006792565311], [105.19775033598704, 37.62988826259628], [105.19810966210068, 37.62988826259628], [105.19810966210068, 37.63006792565311], [105.1982893251575, 37.63006792565311], [105.1982893251575, 37.63024758870993], [105.19846898821433, 37.63024758870993], [105.19846898821433, 37.630427251766754], [105.19864865127116, 37.630427251766754], [105.19864865127116, 37.6307865778804], [105.19846898821433, 37.6307865778804], [105.19846898821433, 37.63114590399405], [105.1982893251575, 37.63114590399405], [105.1982893251575, 37.631864556221345], [105.19810966210068, 37.631864556221345], [105.19810966210068, 37.63204421927817], [105.19757067293021, 37.63204421927817], [105.19757067293021, 37.63222388233499], [105.19721134681656, 37.63222388233499], [105.19721134681656, 37.63240354539182], [105.1966723576461, 37.63240354539182]], [[105.19685202070292, 37.630427251766754], [105.19649269458927, 37.630427251766754], [105.19649269458927, 37.63006792565311], [105.19685202070292, 37.63006792565311], [105.19685202070292, 37.630427251766754]], [[105.1966723576461, 37.631684893164525], [105.19649269458927, 37.631684893164525], [105.19649269458927, 37.63132556705087], [105.1966723576461, 37.63132556705087], [105.1966723576461, 37.631684893164525]], [[105.19792999904386, 37.631684893164525], [105.19739100987339, 37.631684893164525], [105.19739100987339, 37.6315052301077], [105.19757067293021, 37.6315052301077], [105.19757067293021, 37.63132556705087], [105.19792999904386, 37.63132556705087], [105.19792999904386, 37.631684893164525]]]}, "properties": {"name": "cand03", "ptype": "hall", "confidence": "low", "rank": 3, "area_ha": 15.1, "rise_db": 7.5, "digitised_from": "Sentinel-1 VV rise 2021->2026, orbit 55"}}, {"type": "Feature", "geometry": {"geodesic": false, "type": "Polygon", "coordinates": [[[105.19757067293021, 37.642824002687604], [105.19757067293021, 37.64264433963078], [105.19739100987339, 37.64264433963078], [105.19739100987339, 37.64246467657396], [105.19721134681656, 37.64246467657396], [105.19721134681656, 37.64228501351713], [105.19703168375973, 37.64228501351713], [105.19703168375973, 37.64246467657396], [105.1966723576461, 37.64246467657396], [105.1966723576461, 37.64264433963078], [105.19631303153244, 37.64264433963078], [105.19631303153244, 37.642105350460305], [105.19577404236198, 37.642105350460305], [105.19577404236198, 37.64228501351713], [105.1959537054188, 37.64228501351713], [105.1959537054188, 37.64264433963078], [105.19559437930515, 37.64264433963078], [105.19559437930515, 37.64246467657396], [105.19541471624832, 37.64246467657396], [105.19541471624832, 37.64228501351713], [105.1952350531915, 37.64228501351713], [105.1952350531915, 37.64120703517619], [105.19541471624832, 37.64120703517619], [105.19541471624832, 37.64084770906254], [105.19577404236198, 37.64084770906254], [105.19577404236198, 37.64120703517619], [105.1959537054188, 37.64120703517619], [105.1959537054188, 37.64138669823301], [105.19613336847561, 37.64138669823301], [105.19613336847561, 37.64156636128984], [105.19649269458927, 37.64156636128984], [105.19649269458927, 37.64138669823301], [105.19685202070292, 37.64138669823301], [105.19685202070292, 37.64156636128984], [105.19703168375973, 37.64156636128984], [105.19703168375973, 37.64174602434666], [105.19739100987339, 37.64174602434666], [105.19739100987339, 37.64156636128984], [105.19775033598704, 37.64156636128984], [105.19775033598704, 37.64138669823301], [105.19792999904386, 37.64138669823301], [105.19792999904386, 37.64120703517619], [105.19846898821433, 37.64120703517619], [105.19846898821433, 37.64084770906254], [105.19775033598704, 37.64084770906254], [105.19775033598704, 37.640668046005715], [105.19739100987339, 37.640668046005715], [105.19739100987339, 37.640488382948895], [105.19757067293021, 37.640488382948895], [105.19757067293021, 37.64030871989207], [105.19810966210068, 37.64030871989207], [105.19810966210068, 37.64012905683524], [105.1982893251575, 37.64012905683524], [105.1982893251575, 37.63994939377842], [105.19846898821433, 37.63994939377842], [105.19846898821433, 37.63941040460795], [105.1982893251575, 37.63941040460795], [105.1982893251575, 37.63887141543748], [105.19846898821433, 37.63887141543748], [105.19846898821433, 37.63869175238065], [105.1990079773848, 37.63869175238065], [105.1990079773848, 37.63851208932383], [105.19882831432798, 37.63851208932383], [105.19882831432798, 37.63743411098289], [105.1990079773848, 37.63743411098289], [105.1990079773848, 37.63725444792606], [105.19918764044162, 37.63725444792606], [105.19918764044162, 37.63581714347147], [105.19936730349845, 37.63581714347147], [105.19936730349845, 37.63563748041465], [105.19918764044162, 37.63563748041465], [105.19918764044162, 37.635457817357825], [105.1990079773848, 37.635457817357825], [105.1990079773848, 37.63509849124418], [105.19936730349845, 37.63509849124418], [105.19936730349845, 37.63491882818735], [105.19954696655527, 37.63491882818735], [105.19954696655527, 37.634739165130526], [105.19990629266893, 37.634739165130526], [105.19990629266893, 37.63509849124418], [105.1997266296121, 37.63509849124418], [105.1997266296121, 37.635457817357825], [105.19990629266893, 37.635457817357825], [105.19990629266893, 37.636176469585116], [105.1997266296121, 37.636176469585116], [105.1997266296121, 37.63707478486924], [105.20008595572574, 37.63707478486924], [105.20008595572574, 37.63743411098289], [105.19990629266893, 37.63743411098289], [105.19990629266893, 37.637613774039714], [105.1997266296121, 37.637613774039714], [105.1997266296121, 37.63779343709653], [105.19954696655527, 37.63779343709653], [105.19954696655527, 37.63797310015336], [105.19936730349845, 37.63797310015336], [105.19936730349845, 37.63851208932383], [105.19918764044162, 37.63851208932383], [105.19918764044162, 37.63941040460795], [105.19936730349845, 37.63941040460795], [105.19936730349845, 37.639769730721596], [105.19918764044162, 37.639769730721596], [105.19918764044162, 37.64012905683524], [105.1990079773848, 37.64012905683524], [105.1990079773848, 37.64030871989207], [105.19882831432798, 37.64030871989207], [105.19882831432798, 37.64084770906254], [105.19864865127116, 37.64084770906254], [105.19864865127116, 37.64156636128984], [105.1982893251575, 37.64156636128984], [105.1982893251575, 37.64174602434666], [105.19810966210068, 37.64174602434666], [105.19810966210068, 37.642105350460305], [105.19792999904386, 37.642105350460305], [105.19792999904386, 37.64264433963078], [105.19775033598704, 37.64264433963078], [105.19775033598704, 37.642824002687604], [105.19757067293021, 37.642824002687604]]]}, "properties": {"name": "cand04", "ptype": "hall", "confidence": "low", "rank": 4, "area_ha": 9.9, "rise_db": 7.5, "digitised_from": "Sentinel-1 VV rise 2021->2026, orbit 55"}}, {"type": "Feature", "geometry": {"geodesic": false, "type": "Polygon", "coordinates": [[[105.25919510142081, 37.6307865778804], [105.25919510142081, 37.63060691482358], [105.25901543836399, 37.63060691482358], [105.25901543836399, 37.63024758870993], [105.25883577530716, 37.63024758870993], [105.25883577530716, 37.62988826259628], [105.25865611225034, 37.62988826259628], [105.25865611225034, 37.629528936482636], [105.25883577530716, 37.629528936482636], [105.25883577530716, 37.62934927342581], [105.25901543836399, 37.62934927342581], [105.25901543836399, 37.629528936482636], [105.25973409059128, 37.629528936482636], [105.25973409059128, 37.62934927342581], [105.2599137536481, 37.62934927342581], [105.2599137536481, 37.62916961036899], [105.25973409059128, 37.62916961036899], [105.25973409059128, 37.62845095814169], [105.25955442753445, 37.62845095814169], [105.25955442753445, 37.628091632028045], [105.25973409059128, 37.628091632028045], [105.25973409059128, 37.62791196897122], [105.25955442753445, 37.62791196897122], [105.25955442753445, 37.6277323059144], [105.25973409059128, 37.6277323059144], [105.25973409059128, 37.62719331674393], [105.25955442753445, 37.62719331674393], [105.25955442753445, 37.6270136536871], [105.26081206893222, 37.6270136536871], [105.26081206893222, 37.62737297980075], [105.2606324058754, 37.62737297980075], [105.2606324058754, 37.62755264285757], [105.26027307976176, 37.62755264285757], [105.26027307976176, 37.62791196897122], [105.26045274281857, 37.62791196897122], [105.26045274281857, 37.628091632028045], [105.26027307976176, 37.628091632028045], [105.26027307976176, 37.62845095814169], [105.26009341670493, 37.62845095814169], [105.26009341670493, 37.62863062119852], [105.26027307976176, 37.62863062119852], [105.26027307976176, 37.62881028425534], [105.26045274281857, 37.62881028425534], [105.26045274281857, 37.62934927342581], [105.2606324058754, 37.62934927342581], [105.2606324058754, 37.62988826259628], [105.26081206893222, 37.62988826259628], [105.26081206893222, 37.63006792565311], [105.2606324058754, 37.63006792565311], [105.2606324058754, 37.63024758870993], [105.26099173198905, 37.63024758870993], [105.26099173198905, 37.629528936482636], [105.26117139504588, 37.629528936482636], [105.26117139504588, 37.62934927342581], [105.26099173198905, 37.62934927342581], [105.26099173198905, 37.6270136536871], [105.26171038421634, 37.6270136536871], [105.26171038421634, 37.626833990630274], [105.26189004727317, 37.626833990630274], [105.26189004727317, 37.6270136536871], [105.26206971033, 37.6270136536871], [105.26206971033, 37.62719331674393], [105.26189004727317, 37.62719331674393], [105.26189004727317, 37.62791196897122], [105.26206971033, 37.62791196897122], [105.26206971033, 37.630427251766754], [105.26153072115952, 37.630427251766754], [105.26153072115952, 37.63060691482358], [105.26081206893222, 37.63060691482358], [105.26081206893222, 37.630427251766754], [105.26045274281857, 37.630427251766754], [105.26045274281857, 37.63024758870993], [105.26027307976176, 37.63024758870993], [105.26027307976176, 37.63060691482358], [105.25973409059128, 37.63060691482358], [105.25973409059128, 37.630427251766754], [105.25955442753445, 37.630427251766754], [105.25955442753445, 37.63060691482358], [105.25937476447763, 37.63060691482358], [105.25937476447763, 37.6307865778804], [105.25919510142081, 37.6307865778804]], [[105.25937476447763, 37.62988826259628], [105.25919510142081, 37.62988826259628], [105.25919510142081, 37.62970859953946], [105.25937476447763, 37.62970859953946], [105.25937476447763, 37.62988826259628]], [[105.26045274281857, 37.63006792565311], [105.26027307976176, 37.63006792565311], [105.26027307976176, 37.62988826259628], [105.26045274281857, 37.62988826259628], [105.26045274281857, 37.63006792565311]], [[105.25937476447763, 37.63024758870993], [105.25901543836399, 37.63024758870993], [105.25901543836399, 37.62988826259628], [105.25919510142081, 37.62988826259628], [105.25919510142081, 37.63006792565311], [105.25937476447763, 37.63006792565311], [105.25937476447763, 37.63024758870993]]]}, "properties": {"name": "cand05", "ptype": "hall", "confidence": "low", "rank": 5, "area_ha": 9.1, "rise_db": 12.0, "digitised_from": "Sentinel-1 VV rise 2021->2026, orbit 55"}}, {"type": "Feature", "geometry": {"geodesic": false, "type": "Polygon", "coordinates": [[[105.233503284295, 37.59880655376575], [105.233503284295, 37.59862689070892], [105.23332362123817, 37.59862689070892], [105.23332362123817, 37.598267564595275], [105.23296429512452, 37.598267564595275], [105.23296429512452, 37.59790823848163], [105.23260496901088, 37.59790823848163], [105.23260496901088, 37.59808790153845], [105.2320659798404, 37.59808790153845], [105.2320659798404, 37.59790823848163], [105.23134732761311, 37.59790823848163], [105.23134732761311, 37.59736924931116], [105.23152699066993, 37.59736924931116], [105.23152699066993, 37.59718958625433], [105.23170665372675, 37.59718958625433], [105.23170665372675, 37.59665059708386], [105.23188631678357, 37.59665059708386], [105.23188631678357, 37.59718958625433], [105.2320659798404, 37.59718958625433], [105.2320659798404, 37.596830260140685], [105.23224564289723, 37.596830260140685], [105.23224564289723, 37.59647093402704], [105.23314395818134, 37.59647093402704], [105.23314395818134, 37.59629127097021], [105.23332362123817, 37.59629127097021], [105.23332362123817, 37.596111607913386], [105.233503284295, 37.596111607913386], [105.233503284295, 37.59593194485657], [105.23332362123817, 37.59593194485657], [105.23332362123817, 37.595392955686094], [105.233503284295, 37.595392955686094], [105.233503284295, 37.59521329262927], [105.23458126263594, 37.59521329262927], [105.23458126263594, 37.59557261874292], [105.23440159957912, 37.59557261874292], [105.23440159957912, 37.596111607913386], [105.23458126263594, 37.596111607913386], [105.23458126263594, 37.596830260140685], [105.2351202518064, 37.596830260140685], [105.2351202518064, 37.59718958625433], [105.23529991486323, 37.59718958625433], [105.23529991486323, 37.597548912367984], [105.23547957792006, 37.597548912367984], [105.23547957792006, 37.59790823848163], [105.23529991486323, 37.59790823848163], [105.23529991486323, 37.598267564595275], [105.23476092569275, 37.598267564595275], [105.23476092569275, 37.59808790153845], [105.23458126263594, 37.59808790153845], [105.23458126263594, 37.59790823848163], [105.23440159957912, 37.59790823848163], [105.23440159957912, 37.597548912367984], [105.23422193652229, 37.597548912367984], [105.23422193652229, 37.596830260140685], [105.23404227346546, 37.596830260140685], [105.23404227346546, 37.59665059708386], [105.23386261040864, 37.59665059708386], [105.23386261040864, 37.59629127097021], [105.233503284295, 37.59629127097021], [105.233503284295, 37.59647093402704], [105.23332362123817, 37.59647093402704], [105.23332362123817, 37.596830260140685], [105.23278463206769, 37.596830260140685], [105.23278463206769, 37.59718958625433], [105.2320659798404, 37.59718958625433], [105.2320659798404, 37.597548912367984], [105.23278463206769, 37.597548912367984], [105.23278463206769, 37.59736924931116], [105.23296429512452, 37.59736924931116], [105.23296429512452, 37.59718958625433], [105.23332362123817, 37.59718958625433], [105.23332362123817, 37.597548912367984], [105.233503284295, 37.597548912367984], [105.233503284295, 37.5977285754248], [105.23386261040864, 37.5977285754248], [105.23386261040864, 37.59790823848163], [105.23404227346546, 37.59790823848163], [105.23404227346546, 37.59808790153845], [105.23422193652229, 37.59808790153845], [105.23422193652229, 37.598267564595275], [105.23404227346546, 37.598267564595275], [105.23404227346546, 37.59880655376575], [105.233503284295, 37.59880655376575]]]}, "properties": {"name": "cand06", "ptype": "hall", "confidence": "low", "rank": 6, "area_ha": 7.2, "rise_db": 7.5, "digitised_from": "Sentinel-1 VV rise 2021->2026, orbit 55"}}, {"type": "Feature", "geometry": {"geodesic": false, "type": "Polygon", "coordinates": [[[105.23314395818134, 37.59341666206103], [105.23314395818134, 37.59287767289056], [105.2320659798404, 37.59287767289056], [105.2320659798404, 37.593057335947385], [105.23188631678357, 37.593057335947385], [105.23188631678357, 37.593236999004205], [105.23170665372675, 37.593236999004205], [105.23170665372675, 37.59341666206103], [105.23116766455628, 37.59341666206103], [105.23116766455628, 37.593236999004205], [105.23098800149945, 37.593236999004205], [105.23098800149945, 37.59251834677691], [105.23080833844263, 37.59251834677691], [105.23080833844263, 37.59233868372009], [105.23098800149945, 37.59233868372009], [105.23098800149945, 37.59215902066326], [105.23134732761311, 37.59215902066326], [105.23134732761311, 37.59233868372009], [105.2320659798404, 37.59233868372009], [105.2320659798404, 37.59197935760644], [105.23188631678357, 37.59197935760644], [105.23188631678357, 37.59215902066326], [105.23170665372675, 37.59215902066326], [105.23170665372675, 37.59197935760644], [105.23152699066993, 37.59197935760644], [105.23152699066993, 37.591799694549614], [105.23188631678357, 37.591799694549614], [105.23188631678357, 37.591620031492795], [105.23242530595405, 37.591620031492795], [105.23242530595405, 37.59144036843597], [105.23332362123817, 37.59144036843597], [105.23332362123817, 37.59126070537914], [105.23386261040864, 37.59126070537914], [105.23386261040864, 37.59144036843597], [105.23404227346546, 37.59144036843597], [105.23404227346546, 37.591620031492795], [105.23422193652229, 37.591620031492795], [105.23422193652229, 37.591799694549614], [105.23440159957912, 37.591799694549614], [105.23440159957912, 37.59197935760644], [105.23458126263594, 37.59197935760644], [105.23458126263594, 37.59215902066326], [105.23476092569275, 37.59215902066326], [105.23476092569275, 37.59197935760644], [105.23529991486323, 37.59197935760644], [105.23529991486323, 37.59233868372009], [105.2351202518064, 37.59233868372009], [105.2351202518064, 37.59251834677691], [105.23494058874958, 37.59251834677691], [105.23494058874958, 37.59287767289056], [105.23476092569275, 37.59287767289056], [105.23476092569275, 37.593057335947385], [105.23458126263594, 37.593057335947385], [105.23458126263594, 37.59287767289056], [105.23440159957912, 37.59287767289056], [105.23440159957912, 37.59269800983373], [105.23404227346546, 37.59269800983373], [105.23404227346546, 37.59287767289056], [105.23332362123817, 37.59287767289056], [105.23332362123817, 37.59341666206103], [105.23314395818134, 37.59341666206103]], [[105.23278463206769, 37.59233868372009], [105.23260496901088, 37.59233868372009], [105.23260496901088, 37.59215902066326], [105.23278463206769, 37.59215902066326], [105.23278463206769, 37.59233868372009]]]}, "properties": {"name": "cand07", "ptype": "hall", "confidence": "low", "rank": 7, "area_ha": 6.5, "rise_db": 10.6, "digitised_from": "Sentinel-1 VV rise 2021->2026, orbit 55"}}, {"type": "Feature", "geometry": {"geodesic": false, "type": "Polygon", "coordinates": [[[105.24949329635231, 37.61964746835732], [105.24949329635231, 37.619467805300495], [105.2493136332955, 37.619467805300495], [105.2493136332955, 37.619288142243676], [105.24913397023867, 37.619288142243676], [105.24913397023867, 37.61767117473226], [105.24895430718185, 37.61767117473226], [105.24895430718185, 37.61731184861861], [105.24913397023867, 37.61731184861861], [105.24913397023867, 37.617132185561786], [105.24895430718185, 37.617132185561786], [105.24895430718185, 37.61695252250496], [105.24913397023867, 37.61695252250496], [105.24913397023867, 37.61641353333449], [105.2493136332955, 37.61641353333449], [105.2493136332955, 37.61623387027767], [105.24985262246597, 37.61623387027767], [105.24985262246597, 37.61605420722084], [105.24967295940914, 37.61605420722084], [105.24967295940914, 37.615694881107196], [105.25021194857962, 37.615694881107196], [105.25021194857962, 37.61587454416402], [105.25057127469326, 37.61587454416402], [105.25057127469326, 37.615694881107196], [105.25111026386374, 37.615694881107196], [105.25111026386374, 37.61587454416402], [105.25182891609103, 37.61587454416402], [105.25182891609103, 37.61623387027767], [105.25093060080691, 37.61623387027767], [105.25093060080691, 37.61605420722084], [105.25003228552279, 37.61605420722084], [105.25003228552279, 37.61623387027767], [105.25039161163645, 37.61623387027767], [105.25039161163645, 37.616593196391314], [105.24985262246597, 37.616593196391314], [105.24985262246597, 37.61677285944814], [105.25021194857962, 37.61677285944814], [105.25021194857962, 37.61695252250496], [105.25039161163645, 37.61695252250496], [105.25039161163645, 37.61821016390273], [105.25057127469326, 37.61821016390273], [105.25057127469326, 37.61838982695955], [105.25039161163645, 37.61838982695955], [105.25039161163645, 37.619467805300495], [105.25021194857962, 37.619467805300495], [105.25021194857962, 37.61964746835732], [105.24949329635231, 37.61964746835732]], [[105.25003228552279, 37.61767117473226], [105.24985262246597, 37.61767117473226], [105.24985262246597, 37.61731184861861], [105.25003228552279, 37.61731184861861], [105.25003228552279, 37.61767117473226]], [[105.25003228552279, 37.61856949001638], [105.24985262246597, 37.61856949001638], [105.24985262246597, 37.61838982695955], [105.25003228552279, 37.61838982695955], [105.25003228552279, 37.61856949001638]], [[105.25003228552279, 37.61892881613002], [105.24985262246597, 37.61892881613002], [105.24985262246597, 37.6187491530732], [105.25003228552279, 37.6187491530732], [105.25003228552279, 37.61892881613002]], [[105.24967295940914, 37.61910847918685], [105.24949329635231, 37.61910847918685], [105.24949329635231, 37.61856949001638], [105.24967295940914, 37.61856949001638], [105.24967295940914, 37.61910847918685]], [[105.24985262246597, 37.619288142243676], [105.24967295940914, 37.619288142243676], [105.24967295940914, 37.61910847918685], [105.24985262246597, 37.61910847918685], [105.24985262246597, 37.619288142243676]]]}, "properties": {"name": "cand08", "ptype": "hall", "confidence": "low", "rank": 8, "area_ha": 5.8, "rise_db": 11.0, "digitised_from": "Sentinel-1 VV rise 2021->2026, orbit 55"}}, {"type": "Feature", "geometry": {"geodesic": false, "type": "Polygon", "coordinates": [[[105.20224191240763, 37.64875288356279], [105.20224191240763, 37.648573220505966], [105.20170292323716, 37.648573220505966], [105.20170292323716, 37.6480342313355], [105.20134359712351, 37.6480342313355], [105.20134359712351, 37.64839355744915], [105.20098427100986, 37.64839355744915], [105.20098427100986, 37.64821389439232], [105.20080460795305, 37.64821389439232], [105.20080460795305, 37.6480342313355], [105.20134359712351, 37.6480342313355], [105.20134359712351, 37.64767490522185], [105.2020622493508, 37.64767490522185], [105.2020622493508, 37.64749524216503], [105.20170292323716, 37.64749524216503], [105.20170292323716, 37.6473155791082], [105.20152326018034, 37.6473155791082], [105.20152326018034, 37.647135916051376], [105.20116393406668, 37.647135916051376], [105.20116393406668, 37.64677658993773], [105.20152326018034, 37.64677658993773], [105.20152326018034, 37.646417263824084], [105.20134359712351, 37.646417263824084], [105.20134359712351, 37.64623760076726], [105.20116393406668, 37.64623760076726], [105.20116393406668, 37.64587827465361], [105.20152326018034, 37.64587827465361], [105.20152326018034, 37.64605793771044], [105.20224191240763, 37.64605793771044], [105.20224191240763, 37.64587827465361], [105.20278090157811, 37.64587827465361], [105.20278090157811, 37.64623760076726], [105.20260123852128, 37.64623760076726], [105.20260123852128, 37.6465969268809], [105.20278090157811, 37.6465969268809], [105.20278090157811, 37.64677658993773], [105.20296056463494, 37.64677658993773], [105.20296056463494, 37.647135916051376], [105.20314022769175, 37.647135916051376], [105.20314022769175, 37.6473155791082], [105.2034995538054, 37.6473155791082], [105.2034995538054, 37.64749524216503], [105.20367921686223, 37.64749524216503], [105.20367921686223, 37.64839355744915], [105.20331989074857, 37.64839355744915], [105.20331989074857, 37.648573220505966], [105.20314022769175, 37.648573220505966], [105.20314022769175, 37.64839355744915], [105.20296056463494, 37.64839355744915], [105.20296056463494, 37.64821389439232], [105.20260123852128, 37.64821389439232], [105.20260123852128, 37.64875288356279], [105.20224191240763, 37.64875288356279]], [[105.20242157546446, 37.6465969268809], [105.20224191240763, 37.6465969268809], [105.20224191240763, 37.646417263824084], [105.20242157546446, 37.646417263824084], [105.20242157546446, 37.6465969268809]], [[105.2034995538054, 37.64767490522185], [105.20331989074857, 37.64767490522185], [105.20331989074857, 37.64749524216503], [105.2034995538054, 37.64749524216503], [105.2034995538054, 37.64767490522185]], [[105.20260123852128, 37.6480342313355], [105.20242157546446, 37.6480342313355], [105.20242157546446, 37.647854568278674], [105.20260123852128, 37.647854568278674], [105.20260123852128, 37.6480342313355]], [[105.2020622493508, 37.64821389439232], [105.20188258629399, 37.64821389439232], [105.20188258629399, 37.6480342313355], [105.2020622493508, 37.6480342313355], [105.2020622493508, 37.64821389439232]]]}, "properties": {"name": "cand09", "ptype": "hall", "confidence": "low", "rank": 9, "area_ha": 5.5, "rise_db": 9.8, "digitised_from": "Sentinel-1 VV rise 2021->2026, orbit 55"}}, {"type": "Feature", "geometry": {"geodesic": false, "type": "Polygon", "coordinates": [[[105.20709281494187, 37.58874542258361], [105.20709281494187, 37.586769128958544], [105.20691315188506, 37.586769128958544], [105.20691315188506, 37.5864098028449], [105.20709281494187, 37.5864098028449], [105.20709281494187, 37.58551148756078], [105.20691315188506, 37.58551148756078], [105.20691315188506, 37.585152161447134], [105.20709281494187, 37.585152161447134], [105.20709281494187, 37.58461317227666], [105.20691315188506, 37.58461317227666], [105.20691315188506, 37.58425384616301], [105.20709281494187, 37.58425384616301], [105.20709281494187, 37.582097889481126], [105.20691315188506, 37.582097889481126], [105.20691315188506, 37.5819182264243], [105.20709281494187, 37.5819182264243], [105.20709281494187, 37.58173856336748], [105.20691315188506, 37.58173856336748], [105.20691315188506, 37.580660585026536], [105.20709281494187, 37.580660585026536], [105.20709281494187, 37.58030125891288], [105.2072724779987, 37.58030125891288], [105.2072724779987, 37.580660585026536], [105.20745214105553, 37.580660585026536], [105.20745214105553, 37.58874542258361], [105.20709281494187, 37.58874542258361]]]}, "properties": {"name": "cand10", "ptype": "hall", "confidence": "low", "rank": 10, "area_ha": 4.2, "rise_db": 7.9, "digitised_from": "Sentinel-1 VV rise 2021->2026, orbit 55"}}, {"type": "Feature", "geometry": {"geodesic": false, "type": "Polygon", "coordinates": [[[105.23781519765876, 37.628091632028045], [105.23781519765876, 37.62791196897122], [105.23709654543147, 37.62791196897122], [105.23709654543147, 37.6277323059144], [105.23691688237464, 37.6277323059144], [105.23691688237464, 37.62737297980075], [105.23709654543147, 37.62737297980075], [105.23709654543147, 37.62719331674393], [105.2372762084883, 37.62719331674393], [105.2372762084883, 37.6270136536871], [105.23709654543147, 37.6270136536871], [105.23709654543147, 37.626654327573455], [105.23673721931782, 37.626654327573455], [105.23673721931782, 37.626833990630274], [105.23637789320418, 37.626833990630274], [105.23637789320418, 37.626654327573455], [105.23619823014735, 37.626654327573455], [105.23619823014735, 37.62647466451663], [105.23601856709053, 37.62647466451663], [105.23601856709053, 37.626833990630274], [105.23619823014735, 37.626833990630274], [105.23619823014735, 37.6270136536871], [105.23601856709053, 37.6270136536871], [105.23601856709053, 37.62719331674393], [105.23547957792006, 37.62719331674393], [105.23547957792006, 37.626833990630274], [105.23565924097687, 37.626833990630274], [105.23565924097687, 37.625935675346156], [105.23619823014735, 37.625935675346156], [105.23619823014735, 37.62611533840298], [105.236557556261, 37.62611533840298], [105.236557556261, 37.625935675346156], [105.23673721931782, 37.625935675346156], [105.23673721931782, 37.62611533840298], [105.236557556261, 37.62611533840298], [105.236557556261, 37.6262950014598], [105.23691688237464, 37.6262950014598], [105.23691688237464, 37.62611533840298], [105.23709654543147, 37.62611533840298], [105.23709654543147, 37.6262950014598], [105.2372762084883, 37.6262950014598], [105.2372762084883, 37.62647466451663], [105.23745587154512, 37.62647466451663], [105.23745587154512, 37.626654327573455], [105.23781519765876, 37.626654327573455], [105.23781519765876, 37.62611533840298], [105.23907283905653, 37.62611533840298], [105.23907283905653, 37.6262950014598], [105.23925250211336, 37.6262950014598], [105.23925250211336, 37.62647466451663], [105.23907283905653, 37.62647466451663], [105.23907283905653, 37.626654327573455], [105.2388931759997, 37.626654327573455], [105.2388931759997, 37.62647466451663], [105.23853384988607, 37.62647466451663], [105.23853384988607, 37.626654327573455], [105.23835418682924, 37.626654327573455], [105.23835418682924, 37.62719331674393], [105.23817452377241, 37.62719331674393], [105.23817452377241, 37.62737297980075], [105.23799486071559, 37.62737297980075], [105.23799486071559, 37.6277323059144], [105.23817452377241, 37.6277323059144], [105.23817452377241, 37.628091632028045], [105.23781519765876, 37.628091632028045]]]}, "properties": {"name": "cand11", "ptype": "hall", "confidence": "low", "rank": 11, "area_ha": 4.2, "rise_db": 7.7, "digitised_from": "Sentinel-1 VV rise 2021->2026, orbit 55"}}, {"type": "Feature", "geometry": {"geodesic": false, "type": "Polygon", "coordinates": [[[105.20547584743046, 37.62342039255062], [105.20547584743046, 37.623061066436975], [105.20529618437364, 37.623061066436975], [105.20529618437364, 37.62288140338015], [105.20565551048729, 37.62288140338015], [105.20565551048729, 37.62270174032333], [105.20601483660093, 37.62270174032333], [105.20601483660093, 37.6225220772665], [105.20547584743046, 37.6225220772665], [105.20547584743046, 37.622342414209676], [105.20511652131681, 37.622342414209676], [105.20511652131681, 37.62216275115286], [105.20493685826, 37.62216275115286], [105.20493685826, 37.6225220772665], [105.20475719520317, 37.6225220772665], [105.20475719520317, 37.62270174032333], [105.20457753214635, 37.62270174032333], [105.20457753214635, 37.62288140338015], [105.20403854297587, 37.62288140338015], [105.20403854297587, 37.62270174032333], [105.2034995538054, 37.62270174032333], [105.2034995538054, 37.62288140338015], [105.20314022769175, 37.62288140338015], [105.20314022769175, 37.62270174032333], [105.20296056463494, 37.62270174032333], [105.20296056463494, 37.6225220772665], [105.20331989074857, 37.6225220772665], [105.20331989074857, 37.622342414209676], [105.2034995538054, 37.622342414209676], [105.2034995538054, 37.62216275115286], [105.20385887991905, 37.62216275115286], [105.20385887991905, 37.62180342503921], [105.20439786908952, 37.62180342503921], [105.20439786908952, 37.621623761982384], [105.20475719520317, 37.621623761982384], [105.20475719520317, 37.62180342503921], [105.20529618437364, 37.62180342503921], [105.20529618437364, 37.62198308809603], [105.20565551048729, 37.62198308809603], [105.20565551048729, 37.62216275115286], [105.20601483660093, 37.62216275115286], [105.20601483660093, 37.622342414209676], [105.20655382577141, 37.622342414209676], [105.20655382577141, 37.6225220772665], [105.20709281494187, 37.6225220772665], [105.20709281494187, 37.62216275115286], [105.2072724779987, 37.62216275115286], [105.2072724779987, 37.62198308809603], [105.20745214105553, 37.62198308809603], [105.20745214105553, 37.622342414209676], [105.2072724779987, 37.622342414209676], [105.2072724779987, 37.62270174032333], [105.20709281494187, 37.62270174032333], [105.20709281494187, 37.623061066436975], [105.20655382577141, 37.623061066436975], [105.20655382577141, 37.6232407294938], [105.20583517354412, 37.6232407294938], [105.20583517354412, 37.62342039255062], [105.20547584743046, 37.62342039255062]], [[105.20655382577141, 37.62288140338015], [105.20619449965776, 37.62288140338015], [105.20619449965776, 37.62270174032333], [105.20655382577141, 37.62270174032333], [105.20655382577141, 37.62288140338015]]]}, "properties": {"name": "cand12", "ptype": "hall", "confidence": "low", "rank": 12, "area_ha": 3.9, "rise_db": 9.5, "digitised_from": "Sentinel-1 VV rise 2021->2026, orbit 55"}}, {"type": "Feature", "geometry": {"geodesic": false, "type": "Polygon", "coordinates": [[[105.21589630472624, 37.60365745629999], [105.21589630472624, 37.60347779324317], [105.21517765249895, 37.60347779324317], [105.21517765249895, 37.603298130186346], [105.21499798944213, 37.603298130186346], [105.21499798944213, 37.60311846712952], [105.21481832638531, 37.60311846712952], [105.21481832638531, 37.60239981490223], [105.21499798944213, 37.60239981490223], [105.21499798944213, 37.6022201518454], [105.2155369786126, 37.6022201518454], [105.2155369786126, 37.602040488788575], [105.21589630472624, 37.602040488788575], [105.21589630472624, 37.601860825731755], [105.21607596778307, 37.601860825731755], [105.21607596778307, 37.60168116267493], [105.2162556308399, 37.60168116267493], [105.2162556308399, 37.60150149961811], [105.21661495695355, 37.60150149961811], [105.21661495695355, 37.60168116267493], [105.21643529389672, 37.60168116267493], [105.21643529389672, 37.601860825731755], [105.2162556308399, 37.601860825731755], [105.2162556308399, 37.602040488788575], [105.21607596778307, 37.602040488788575], [105.21607596778307, 37.6022201518454], [105.21661495695355, 37.6022201518454], [105.21661495695355, 37.602040488788575], [105.21679462001038, 37.602040488788575], [105.21679462001038, 37.6022201518454], [105.21697428306719, 37.6022201518454], [105.21697428306719, 37.60257947795905], [105.21733360918084, 37.60257947795905], [105.21733360918084, 37.60239981490223], [105.21751327223767, 37.60239981490223], [105.21751327223767, 37.6029388040727], [105.21715394612401, 37.6029388040727], [105.21715394612401, 37.60311846712952], [105.21697428306719, 37.60311846712952], [105.21697428306719, 37.603298130186346], [105.21679462001038, 37.603298130186346], [105.21679462001038, 37.60347779324317], [105.21643529389672, 37.60347779324317], [105.21643529389672, 37.60365745629999], [105.21589630472624, 37.60365745629999]], [[105.21697428306719, 37.60275914101587], [105.21679462001038, 37.60275914101587], [105.21679462001038, 37.60257947795905], [105.21697428306719, 37.60257947795905], [105.21697428306719, 37.60275914101587]], [[105.21607596778307, 37.603298130186346], [105.21589630472624, 37.603298130186346], [105.21589630472624, 37.60311846712952], [105.21571664166943, 37.60311846712952], [105.21571664166943, 37.6029388040727], [105.21589630472624, 37.6029388040727], [105.21589630472624, 37.60275914101587], [105.21607596778307, 37.60275914101587], [105.21607596778307, 37.60257947795905], [105.21661495695355, 37.60257947795905], [105.21661495695355, 37.60275914101587], [105.21643529389672, 37.60275914101587], [105.21643529389672, 37.60311846712952], [105.21607596778307, 37.60311846712952], [105.21607596778307, 37.603298130186346]]]}, "properties": {"name": "cand13", "ptype": "hall", "confidence": "low", "rank": 13, "area_ha": 3.5, "rise_db": 7.5, "digitised_from": "Sentinel-1 VV rise 2021->2026, orbit 55"}}, {"type": "Feature", "geometry": {"geodesic": false, "type": "Polygon", "coordinates": [[[105.24068980656794, 37.617850837789085], [105.24068980656794, 37.61767117473226], [105.23997115434065, 37.61767117473226], [105.23997115434065, 37.61731184861861], [105.23979149128382, 37.61731184861861], [105.23979149128382, 37.616593196391314], [105.23997115434065, 37.616593196391314], [105.23997115434065, 37.61623387027767], [105.23979149128382, 37.61623387027767], [105.23979149128382, 37.61587454416402], [105.24051014351113, 37.61587454416402], [105.24051014351113, 37.61623387027767], [105.24068980656794, 37.61623387027767], [105.24068980656794, 37.615694881107196], [105.24140845879525, 37.615694881107196], [105.24140845879525, 37.61587454416402], [105.24158812185206, 37.61587454416402], [105.24158812185206, 37.61731184861861], [105.24122879573842, 37.61731184861861], [105.24122879573842, 37.61767117473226], [105.2410491326816, 37.61767117473226], [105.2410491326816, 37.617850837789085], [105.24068980656794, 37.617850837789085]], [[105.24122879573842, 37.61731184861861], [105.24086946962477, 37.61731184861861], [105.24086946962477, 37.617132185561786], [105.24068980656794, 37.617132185561786], [105.24068980656794, 37.61695252250496], [105.24086946962477, 37.61695252250496], [105.24086946962477, 37.61677285944814], [105.24051014351113, 37.61677285944814], [105.24051014351113, 37.616593196391314], [105.24122879573842, 37.616593196391314], [105.24122879573842, 37.61677285944814], [105.24140845879525, 37.61677285944814], [105.24140845879525, 37.61695252250496], [105.24122879573842, 37.61695252250496], [105.24122879573842, 37.61731184861861]]]}, "properties": {"name": "cand14", "ptype": "hall", "confidence": "low", "rank": 14, "area_ha": 3.4, "rise_db": 9.9, "digitised_from": "Sentinel-1 VV rise 2021->2026, orbit 55"}}, {"type": "Feature", "geometry": {"geodesic": false, "type": "Polygon", "coordinates": [[[105.23188631678357, 37.61012532634565], [105.23188631678357, 37.60994566328883], [105.23170665372675, 37.60994566328883], [105.23170665372675, 37.60976600023201], [105.23116766455628, 37.60976600023201], [105.23116766455628, 37.60940667411836], [105.23026934927216, 37.60940667411836], [105.23026934927216, 37.609227011061535], [105.23008968621534, 37.609227011061535], [105.23008968621534, 37.60868802189106], [105.23026934927216, 37.60868802189106], [105.23026934927216, 37.60814903272059], [105.23044901232899, 37.60814903272059], [105.23044901232899, 37.60796936966376], [105.23062867538582, 37.60796936966376], [105.23062867538582, 37.60761004355012], [105.23080833844263, 37.60761004355012], [105.23080833844263, 37.6074303804933], [105.23116766455628, 37.6074303804933], [105.23116766455628, 37.60725071743647], [105.23152699066993, 37.60725071743647], [105.23152699066993, 37.60761004355012], [105.23134732761311, 37.60761004355012], [105.23134732761311, 37.607789706606944], [105.23116766455628, 37.607789706606944], [105.23116766455628, 37.608328695777416], [105.23098800149945, 37.608328695777416], [105.23098800149945, 37.608508358834236], [105.23116766455628, 37.608508358834236], [105.23116766455628, 37.60886768494789], [105.23134732761311, 37.60886768494789], [105.23134732761311, 37.60904734800471], [105.23170665372675, 37.60904734800471], [105.23170665372675, 37.609227011061535], [105.2320659798404, 37.609227011061535], [105.2320659798404, 37.60940667411836], [105.23224564289723, 37.60940667411836], [105.23224564289723, 37.60958633717518], [105.23260496901088, 37.60958633717518], [105.23260496901088, 37.60976600023201], [105.23242530595405, 37.60976600023201], [105.23242530595405, 37.60994566328883], [105.2320659798404, 37.60994566328883], [105.2320659798404, 37.61012532634565], [105.23188631678357, 37.61012532634565]]]}, "properties": {"name": "cand15", "ptype": "hall", "confidence": "low", "rank": 15, "area_ha": 3.3, "rise_db": 9.6, "digitised_from": "Sentinel-1 VV rise 2021->2026, orbit 55"}}, {"type": "Feature", "geometry": {"geodesic": false, "type": "Polygon", "coordinates": [[[105.20062494489622, 37.6232407294938], [105.20062494489622, 37.62270174032333], [105.2004452818394, 37.62270174032333], [105.2004452818394, 37.62288140338015], [105.20026561878257, 37.62288140338015], [105.20026561878257, 37.62270174032333], [105.20008595572574, 37.62270174032333], [105.20008595572574, 37.6225220772665], [105.1997266296121, 37.6225220772665], [105.1997266296121, 37.62270174032333], [105.19846898821433, 37.62270174032333], [105.19846898821433, 37.622342414209676], [105.19864865127116, 37.622342414209676], [105.19864865127116, 37.62216275115286], [105.19882831432798, 37.62216275115286], [105.19882831432798, 37.622342414209676], [105.1990079773848, 37.622342414209676], [105.1990079773848, 37.62216275115286], [105.19990629266893, 37.62216275115286], [105.19990629266893, 37.62198308809603], [105.20008595572574, 37.62198308809603], [105.20008595572574, 37.62180342503921], [105.20026561878257, 37.62180342503921], [105.20026561878257, 37.621623761982384], [105.2004452818394, 37.621623761982384], [105.2004452818394, 37.62180342503921], [105.20098427100986, 37.62180342503921], [105.20098427100986, 37.62216275115286], [105.20134359712351, 37.62216275115286], [105.20134359712351, 37.621623761982384], [105.20152326018034, 37.621623761982384], [105.20152326018034, 37.62144409892556], [105.20188258629399, 37.62144409892556], [105.20188258629399, 37.62198308809603], [105.20170292323716, 37.62198308809603], [105.20170292323716, 37.622342414209676], [105.20152326018034, 37.622342414209676], [105.20152326018034, 37.6225220772665], [105.20134359712351, 37.6225220772665], [105.20134359712351, 37.62288140338015], [105.20116393406668, 37.62288140338015], [105.20116393406668, 37.623061066436975], [105.20098427100986, 37.623061066436975], [105.20098427100986, 37.6232407294938], [105.20062494489622, 37.6232407294938]], [[105.20116393406668, 37.62270174032333], [105.20098427100986, 37.62270174032333], [105.20098427100986, 37.6225220772665], [105.20116393406668, 37.6225220772665], [105.20116393406668, 37.62270174032333]]]}, "properties": {"name": "cand16", "ptype": "hall", "confidence": "low", "rank": 16, "area_ha": 3.1, "rise_db": 7.1, "digitised_from": "Sentinel-1 VV rise 2021->2026, orbit 55"}}, {"type": "Feature", "geometry": {"geodesic": false, "type": "Polygon", "coordinates": [[[105.23386261040864, 37.61174229385707], [105.23386261040864, 37.61156263080024], [105.23368294735181, 37.61156263080024], [105.23368294735181, 37.6112033046866], [105.23314395818134, 37.6112033046866], [105.23314395818134, 37.610664315516125], [105.23332362123817, 37.610664315516125], [105.23332362123817, 37.6104846524593], [105.233503284295, 37.6104846524593], [105.233503284295, 37.61030498940248], [105.23386261040864, 37.61030498940248], [105.23386261040864, 37.61012532634565], [105.23368294735181, 37.61012532634565], [105.23368294735181, 37.60994566328883], [105.233503284295, 37.60994566328883], [105.233503284295, 37.60940667411836], [105.23368294735181, 37.60940667411836], [105.23368294735181, 37.60958633717518], [105.23386261040864, 37.60958633717518], [105.23386261040864, 37.60940667411836], [105.23422193652229, 37.60940667411836], [105.23422193652229, 37.60958633717518], [105.23458126263594, 37.60958633717518], [105.23458126263594, 37.60940667411836], [105.23476092569275, 37.60940667411836], [105.23476092569275, 37.60958633717518], [105.23547957792006, 37.60958633717518], [105.23547957792006, 37.60976600023201], [105.23565924097687, 37.60976600023201], [105.23565924097687, 37.61012532634565], [105.23547957792006, 37.61012532634565], [105.23547957792006, 37.61030498940248], [105.2351202518064, 37.61030498940248], [105.2351202518064, 37.6104846524593], [105.23494058874958, 37.6104846524593], [105.23494058874958, 37.61030498940248], [105.23476092569275, 37.61030498940248], [105.23476092569275, 37.60976600023201], [105.23440159957912, 37.60976600023201], [105.23440159957912, 37.61012532634565], [105.23422193652229, 37.61012532634565], [105.23422193652229, 37.610664315516125], [105.23440159957912, 37.610664315516125], [105.23440159957912, 37.61084397857295], [105.23458126263594, 37.61084397857295], [105.23458126263594, 37.61102364162977], [105.23440159957912, 37.61102364162977], [105.23440159957912, 37.611382967743424], [105.23422193652229, 37.611382967743424], [105.23422193652229, 37.61156263080024], [105.23404227346546, 37.61156263080024], [105.23404227346546, 37.61174229385707], [105.23386261040864, 37.61174229385707]], [[105.23386261040864, 37.6112033046866], [105.23368294735181, 37.6112033046866], [105.23368294735181, 37.610664315516125], [105.23386261040864, 37.610664315516125], [105.23386261040864, 37.6112033046866]]]}, "properties": {"name": "cand17", "ptype": "hall", "confidence": "low", "rank": 17, "area_ha": 3.1, "rise_db": 7.1, "digitised_from": "Sentinel-1 VV rise 2021->2026, orbit 55"}}, {"type": "Feature", "geometry": {"geodesic": false, "type": "Polygon", "coordinates": [[[105.20835045633964, 37.64120703517619], [105.20835045633964, 37.64102737211937], [105.2072724779987, 37.64102737211937], [105.2072724779987, 37.64084770906254], [105.20709281494187, 37.64084770906254], [105.20709281494187, 37.640668046005715], [105.20691315188506, 37.640668046005715], [105.20691315188506, 37.640488382948895], [105.20673348882823, 37.640488382948895], [105.20673348882823, 37.63994939377842], [105.20655382577141, 37.63994939377842], [105.20655382577141, 37.63959006766478], [105.20673348882823, 37.63959006766478], [105.20673348882823, 37.63941040460795], [105.20691315188506, 37.63941040460795], [105.20691315188506, 37.63994939377842], [105.20763180411235, 37.63994939377842], [105.20763180411235, 37.639769730721596], [105.20835045633964, 37.639769730721596], [105.20835045633964, 37.63994939377842], [105.20853011939647, 37.63994939377842], [105.20853011939647, 37.64012905683524], [105.20888944551012, 37.64012905683524], [105.20888944551012, 37.640488382948895], [105.20906910856694, 37.640488382948895], [105.20906910856694, 37.64102737211937], [105.20888944551012, 37.64102737211937], [105.20888944551012, 37.64120703517619], [105.20835045633964, 37.64120703517619]], [[105.20817079328282, 37.64012905683524], [105.20799113022599, 37.64012905683524], [105.20799113022599, 37.63994939377842], [105.20817079328282, 37.63994939377842], [105.20817079328282, 37.64012905683524]], [[105.20835045633964, 37.640668046005715], [105.20817079328282, 37.640668046005715], [105.20817079328282, 37.640488382948895], [105.20835045633964, 37.640488382948895], [105.20835045633964, 37.640668046005715]]]}, "properties": {"name": "cand18", "ptype": "hall", "confidence": "low", "rank": 18, "area_ha": 3.1, "rise_db": 9.9, "digitised_from": "Sentinel-1 VV rise 2021->2026, orbit 55"}}, {"type": "Feature", "geometry": {"geodesic": false, "type": "Polygon", "coordinates": [[[105.22757440341981, 37.60994566328883], [105.22757440341981, 37.60976600023201], [105.22739474036298, 37.60976600023201], [105.22739474036298, 37.60994566328883], [105.22721507730616, 37.60994566328883], [105.22721507730616, 37.60976600023201], [105.2268557511925, 37.60976600023201], [105.2268557511925, 37.60958633717518], [105.22631676202204, 37.60958633717518], [105.22631676202204, 37.60940667411836], [105.22613709896521, 37.60940667411836], [105.22613709896521, 37.609227011061535], [105.22667608813569, 37.609227011061535], [105.22667608813569, 37.60940667411836], [105.22703541424933, 37.60940667411836], [105.22703541424933, 37.609227011061535], [105.22721507730616, 37.609227011061535], [105.22721507730616, 37.60904734800471], [105.22757440341981, 37.60904734800471], [105.22757440341981, 37.60868802189106], [105.22739474036298, 37.60868802189106], [105.22739474036298, 37.608508358834236], [105.22721507730616, 37.608508358834236], [105.22721507730616, 37.60814903272059], [105.22739474036298, 37.60814903272059], [105.22739474036298, 37.608328695777416], [105.22757440341981, 37.608328695777416], [105.22757440341981, 37.60868802189106], [105.22775406647662, 37.60868802189106], [105.22775406647662, 37.608508358834236], [105.22811339259027, 37.608508358834236], [105.22811339259027, 37.608328695777416], [105.22847271870393, 37.608328695777416], [105.22847271870393, 37.608508358834236], [105.22865238176075, 37.608508358834236], [105.22865238176075, 37.60868802189106], [105.22901170787439, 37.60868802189106], [105.22901170787439, 37.60886768494789], [105.22865238176075, 37.60886768494789], [105.22865238176075, 37.60940667411836], [105.22847271870393, 37.60940667411836], [105.22847271870393, 37.60994566328883], [105.22757440341981, 37.60994566328883]]]}, "properties": {"name": "cand19", "ptype": "hall", "confidence": "low", "rank": 19, "area_ha": 2.9, "rise_db": 11.0, "digitised_from": "Sentinel-1 VV rise 2021->2026, orbit 55"}}, {"type": "Feature", "geometry": {"geodesic": false, "type": "Polygon", "coordinates": [[[105.2448220568749, 37.63240354539182], [105.2448220568749, 37.63222388233499], [105.24464239381807, 37.63222388233499], [105.24464239381807, 37.631684893164525], [105.24446273076126, 37.631684893164525], [105.24446273076126, 37.6315052301077], [105.24428306770443, 37.6315052301077], [105.24428306770443, 37.63132556705087], [105.24464239381807, 37.63132556705087], [105.24464239381807, 37.63114590399405], [105.2448220568749, 37.63114590399405], [105.2448220568749, 37.63096624093723], [105.24464239381807, 37.63096624093723], [105.24464239381807, 37.6307865778804], [105.2448220568749, 37.6307865778804], [105.2448220568749, 37.63006792565311], [105.24554070910219, 37.63006792565311], [105.24554070910219, 37.63024758870993], [105.24572037215901, 37.63024758870993], [105.24572037215901, 37.63006792565311], [105.24590003521584, 37.63006792565311], [105.24590003521584, 37.63024758870993], [105.24625936132949, 37.63024758870993], [105.24625936132949, 37.63060691482358], [105.24607969827267, 37.63060691482358], [105.24607969827267, 37.6307865778804], [105.24554070910219, 37.6307865778804], [105.24554070910219, 37.63096624093723], [105.24536104604537, 37.63096624093723], [105.24536104604537, 37.63114590399405], [105.24554070910219, 37.63114590399405], [105.24554070910219, 37.63132556705087], [105.24572037215901, 37.63132556705087], [105.24572037215901, 37.631864556221345], [105.24554070910219, 37.631864556221345], [105.24554070910219, 37.63204421927817], [105.24518138298855, 37.63204421927817], [105.24518138298855, 37.63222388233499], [105.24500171993172, 37.63222388233499], [105.24500171993172, 37.63240354539182], [105.2448220568749, 37.63240354539182]]]}, "properties": {"name": "cand20", "ptype": "hall", "confidence": "low", "rank": 20, "area_ha": 2.8, "rise_db": 8.1, "digitised_from": "Sentinel-1 VV rise 2021->2026, orbit 55"}}, {"type": "Feature", "geometry": {"geodesic": false, "type": "Polygon", "coordinates": [[[105.2485949810682, 37.633122197619116], [105.2485949810682, 37.63294253456229], [105.24841531801138, 37.63294253456229], [105.24841531801138, 37.632583208448644], [105.24823565495456, 37.632583208448644], [105.24823565495456, 37.63240354539182], [105.24841531801138, 37.63240354539182], [105.24841531801138, 37.63222388233499], [105.24877464412502, 37.63222388233499], [105.24877464412502, 37.63204421927817], [105.24913397023867, 37.63204421927817], [105.24913397023867, 37.63222388233499], [105.25003228552279, 37.63222388233499], [105.25003228552279, 37.63240354539182], [105.25039161163645, 37.63240354539182], [105.25039161163645, 37.63222388233499], [105.25146958997738, 37.63222388233499], [105.25146958997738, 37.63240354539182], [105.2516492530342, 37.63240354539182], [105.2516492530342, 37.63222388233499], [105.25236790526151, 37.63222388233499], [105.25236790526151, 37.63240354539182], [105.25272723137515, 37.63240354539182], [105.25272723137515, 37.63222388233499], [105.25290689443197, 37.63222388233499], [105.25290689443197, 37.632583208448644], [105.25272723137515, 37.632583208448644], [105.25272723137515, 37.63276287150546], [105.25254756831832, 37.63276287150546], [105.25254756831832, 37.632583208448644], [105.25182891609103, 37.632583208448644], [105.25182891609103, 37.63276287150546], [105.2516492530342, 37.63276287150546], [105.2516492530342, 37.632583208448644], [105.25021194857962, 37.632583208448644], [105.25021194857962, 37.63276287150546], [105.25003228552279, 37.63276287150546], [105.25003228552279, 37.632583208448644], [105.2493136332955, 37.632583208448644], [105.2493136332955, 37.633122197619116], [105.2485949810682, 37.633122197619116]]]}, "properties": {"name": "cand21", "ptype": "hall", "confidence": "low", "rank": 21, "area_ha": 2.6, "rise_db": 11.1, "digitised_from": "Sentinel-1 VV rise 2021->2026, orbit 55"}}, {"type": "Feature", "geometry": {"geodesic": false, "type": "Polygon", "coordinates": [[[105.1711602035771, 37.61910847918685], [105.1711602035771, 37.61892881613002], [105.17080087746345, 37.61892881613002], [105.17080087746345, 37.61910847918685], [105.17062121440662, 37.61910847918685], [105.17062121440662, 37.61892881613002], [105.1704415513498, 37.61892881613002], [105.1704415513498, 37.6187491530732], [105.17026188829298, 37.6187491530732], [105.17026188829298, 37.61856949001638], [105.17008222523616, 37.61856949001638], [105.17008222523616, 37.61838982695955], [105.16990256217933, 37.61838982695955], [105.16990256217933, 37.61821016390273], [105.1697228991225, 37.61821016390273], [105.1697228991225, 37.618030500845904], [105.1704415513498, 37.618030500845904], [105.1704415513498, 37.617850837789085], [105.17026188829298, 37.617850837789085], [105.17026188829298, 37.61767117473226], [105.1697228991225, 37.61767117473226], [105.1697228991225, 37.61731184861861], [105.16990256217933, 37.61731184861861], [105.16990256217933, 37.617132185561786], [105.17008222523616, 37.617132185561786], [105.17008222523616, 37.61749151167543], [105.17062121440662, 37.61749151167543], [105.17062121440662, 37.61731184861861], [105.17080087746345, 37.61731184861861], [105.17080087746345, 37.61749151167543], [105.17098054052028, 37.61749151167543], [105.17098054052028, 37.61767117473226], [105.1711602035771, 37.61767117473226], [105.1711602035771, 37.617850837789085], [105.17151952969074, 37.617850837789085], [105.17151952969074, 37.61838982695955], [105.17169919274757, 37.61838982695955], [105.17169919274757, 37.61856949001638], [105.17151952969074, 37.61856949001638], [105.17151952969074, 37.6187491530732], [105.17133986663391, 37.6187491530732], [105.17133986663391, 37.61910847918685], [105.1711602035771, 37.61910847918685]]]}, "properties": {"name": "cand22", "ptype": "hall", "confidence": "low", "rank": 22, "area_ha": 2.6, "rise_db": 6.6, "digitised_from": "Sentinel-1 VV rise 2021->2026, orbit 55"}}, {"type": "Feature", "geometry": {"geodesic": false, "type": "Polygon", "coordinates": [[[105.22469979451063, 37.6270136536871], [105.22469979451063, 37.626833990630274], [105.22398114228332, 37.626833990630274], [105.22398114228332, 37.626654327573455], [105.2245201314538, 37.626654327573455], [105.2245201314538, 37.62647466451663], [105.2238014792265, 37.62647466451663], [105.2238014792265, 37.626654327573455], [105.22362181616968, 37.626654327573455], [105.22362181616968, 37.6262950014598], [105.22344215311286, 37.6262950014598], [105.22344215311286, 37.62611533840298], [105.22362181616968, 37.62611533840298], [105.22362181616968, 37.625935675346156], [105.22326249005603, 37.625935675346156], [105.22326249005603, 37.62575601228934], [105.22344215311286, 37.62575601228934], [105.22344215311286, 37.62557634923251], [105.22362181616968, 37.62557634923251], [105.22362181616968, 37.625396686175684], [105.2238014792265, 37.625396686175684], [105.2238014792265, 37.62503736006204], [105.22416080534015, 37.62503736006204], [105.22416080534015, 37.625217023118864], [105.22398114228332, 37.625217023118864], [105.22398114228332, 37.625396686175684], [105.2238014792265, 37.625396686175684], [105.2238014792265, 37.62575601228934], [105.22398114228332, 37.62575601228934], [105.22398114228332, 37.625935675346156], [105.2238014792265, 37.625935675346156], [105.2238014792265, 37.62611533840298], [105.22416080534015, 37.62611533840298], [105.22416080534015, 37.625935675346156], [105.22434046839697, 37.625935675346156], [105.22434046839697, 37.62575601228934], [105.22469979451063, 37.62575601228934], [105.22469979451063, 37.625396686175684], [105.22523878368109, 37.625396686175684], [105.22523878368109, 37.625935675346156], [105.22541844673792, 37.625935675346156], [105.22541844673792, 37.625396686175684], [105.22577777285156, 37.625396686175684], [105.22577777285156, 37.62575601228934], [105.22595743590838, 37.62575601228934], [105.22595743590838, 37.625935675346156], [105.22577777285156, 37.625935675346156], [105.22577777285156, 37.62611533840298], [105.22523878368109, 37.62611533840298], [105.22523878368109, 37.6262950014598], [105.22505912062427, 37.6262950014598], [105.22505912062427, 37.626833990630274], [105.22487945756744, 37.626833990630274], [105.22487945756744, 37.6270136536871], [105.22469979451063, 37.6270136536871]], [[105.22487945756744, 37.625935675346156], [105.22469979451063, 37.625935675346156], [105.22469979451063, 37.62575601228934], [105.22487945756744, 37.62575601228934], [105.22487945756744, 37.625935675346156]], [[105.2245201314538, 37.6262950014598], [105.22416080534015, 37.6262950014598], [105.22416080534015, 37.62611533840298], [105.2245201314538, 37.62611533840298], [105.2245201314538, 37.6262950014598]]]}, "properties": {"name": "cand23", "ptype": "hall", "confidence": "low", "rank": 23, "area_ha": 2.6, "rise_db": 8.2, "digitised_from": "Sentinel-1 VV rise 2021->2026, orbit 55"}}, {"type": "Feature", "geometry": {"geodesic": false, "type": "Polygon", "coordinates": [[[105.25811712307987, 37.629528936482636], [105.25811712307987, 37.62934927342581], [105.25793746002304, 37.62934927342581], [105.25793746002304, 37.62916961036899], [105.25775779696622, 37.62916961036899], [105.25775779696622, 37.628989947312164], [105.25811712307987, 37.628989947312164], [105.25811712307987, 37.62881028425534], [105.25793746002304, 37.62881028425534], [105.25793746002304, 37.62863062119852], [105.25775779696622, 37.62863062119852], [105.25775779696622, 37.62845095814169], [105.25811712307987, 37.62845095814169], [105.25811712307987, 37.62791196897122], [105.25793746002304, 37.62791196897122], [105.25793746002304, 37.6270136536871], [105.25847644919351, 37.6270136536871], [105.25847644919351, 37.62719331674393], [105.25865611225034, 37.62719331674393], [105.25865611225034, 37.62737297980075], [105.25847644919351, 37.62737297980075], [105.25847644919351, 37.62755264285757], [105.25865611225034, 37.62755264285757], [105.25865611225034, 37.6277323059144], [105.25883577530716, 37.6277323059144], [105.25883577530716, 37.62791196897122], [105.25865611225034, 37.62791196897122], [105.25865611225034, 37.628271295084865], [105.25901543836399, 37.628271295084865], [105.25901543836399, 37.62863062119852], [105.25955442753445, 37.62863062119852], [105.25955442753445, 37.62916961036899], [105.25901543836399, 37.62916961036899], [105.25901543836399, 37.628989947312164], [105.25883577530716, 37.628989947312164], [105.25883577530716, 37.62881028425534], [105.25847644919351, 37.62881028425534], [105.25847644919351, 37.628989947312164], [105.25865611225034, 37.628989947312164], [105.25865611225034, 37.62934927342581], [105.2582967861367, 37.62934927342581], [105.2582967861367, 37.629528936482636], [105.25811712307987, 37.629528936482636]], [[105.25865611225034, 37.62845095814169], [105.25847644919351, 37.62845095814169], [105.25847644919351, 37.628271295084865], [105.25865611225034, 37.628271295084865], [105.25865611225034, 37.62845095814169]]]}, "properties": {"name": "cand24", "ptype": "hall", "confidence": "low", "rank": 24, "area_ha": 2.6, "rise_db": 8.7, "digitised_from": "Sentinel-1 VV rise 2021->2026, orbit 55"}}, {"type": "Feature", "geometry": {"geodesic": false, "type": "Polygon", "coordinates": [[[105.24068980656794, 37.61102364162977], [105.24068980656794, 37.61084397857295], [105.24015081739748, 37.61084397857295], [105.24015081739748, 37.610664315516125], [105.23997115434065, 37.610664315516125], [105.23997115434065, 37.61012532634565], [105.24015081739748, 37.61012532634565], [105.24015081739748, 37.60994566328883], [105.2403304804543, 37.60994566328883], [105.2403304804543, 37.60976600023201], [105.24051014351113, 37.60976600023201], [105.24051014351113, 37.60958633717518], [105.24068980656794, 37.60958633717518], [105.24068980656794, 37.60940667411836], [105.24140845879525, 37.60940667411836], [105.24140845879525, 37.609227011061535], [105.24158812185206, 37.609227011061535], [105.24158812185206, 37.60904734800471], [105.24176778490889, 37.60904734800471], [105.24176778490889, 37.60994566328883], [105.24158812185206, 37.60994566328883], [105.24158812185206, 37.60976600023201], [105.24140845879525, 37.60976600023201], [105.24140845879525, 37.60958633717518], [105.24122879573842, 37.60958633717518], [105.24122879573842, 37.60994566328883], [105.24140845879525, 37.60994566328883], [105.24140845879525, 37.6104846524593], [105.24122879573842, 37.6104846524593], [105.24122879573842, 37.61084397857295], [105.24086946962477, 37.61084397857295], [105.24086946962477, 37.61102364162977], [105.24068980656794, 37.61102364162977]]]}, "properties": {"name": "cand25", "ptype": "hall", "confidence": "low", "rank": 25, "area_ha": 2.3, "rise_db": 10.2, "digitised_from": "Sentinel-1 VV rise 2021->2026, orbit 55"}}, {"type": "Feature", "geometry": {"geodesic": false, "type": "Polygon", "coordinates": [[[105.24733733967044, 37.63222388233499], [105.24733733967044, 37.63204421927817], [105.24697801355678, 37.63204421927817], [105.24697801355678, 37.63222388233499], [105.24661868744313, 37.63222388233499], [105.24661868744313, 37.631864556221345], [105.24679835049996, 37.631864556221345], [105.24679835049996, 37.63132556705087], [105.24697801355678, 37.63132556705087], [105.24697801355678, 37.63114590399405], [105.24715767661361, 37.63114590399405], [105.24715767661361, 37.63132556705087], [105.24697801355678, 37.63132556705087], [105.24697801355678, 37.631684893164525], [105.24715767661361, 37.631684893164525], [105.24715767661361, 37.631864556221345], [105.24733733967044, 37.631864556221345], [105.24733733967044, 37.631684893164525], [105.24751700272725, 37.631684893164525], [105.24751700272725, 37.6315052301077], [105.24769666578408, 37.6315052301077], [105.24769666578408, 37.63132556705087], [105.24841531801138, 37.63132556705087], [105.24841531801138, 37.63114590399405], [105.2485949810682, 37.63114590399405], [105.2485949810682, 37.63132556705087], [105.25039161163645, 37.63132556705087], [105.25039161163645, 37.631684893164525], [105.25021194857962, 37.631684893164525], [105.25021194857962, 37.631864556221345], [105.25003228552279, 37.631864556221345], [105.25003228552279, 37.631684893164525], [105.24967295940914, 37.631684893164525], [105.24967295940914, 37.631864556221345], [105.24949329635231, 37.631864556221345], [105.24949329635231, 37.631684893164525], [105.2493136332955, 37.631684893164525], [105.2493136332955, 37.631864556221345], [105.24913397023867, 37.631864556221345], [105.24913397023867, 37.631684893164525], [105.24877464412502, 37.631684893164525], [105.24877464412502, 37.631864556221345], [105.24769666578408, 37.631864556221345], [105.24769666578408, 37.63222388233499], [105.24733733967044, 37.63222388233499]]]}, "properties": {"name": "cand26", "ptype": "hall", "confidence": "low", "rank": 26, "area_ha": 2.3, "rise_db": 12.0, "digitised_from": "Sentinel-1 VV rise 2021->2026, orbit 55"}}, {"type": "Feature", "geometry": {"geodesic": false, "type": "Polygon", "coordinates": [[[105.22793372953345, 37.64102737211937], [105.22793372953345, 37.64084770906254], [105.22775406647662, 37.64084770906254], [105.22775406647662, 37.640488382948895], [105.22793372953345, 37.640488382948895], [105.22793372953345, 37.64030871989207], [105.22811339259027, 37.64030871989207], [105.22811339259027, 37.64012905683524], [105.22793372953345, 37.64012905683524], [105.22793372953345, 37.63994939377842], [105.2282930556471, 37.63994939377842], [105.2282930556471, 37.639769730721596], [105.22847271870393, 37.639769730721596], [105.22847271870393, 37.63941040460795], [105.22865238176075, 37.63941040460795], [105.22865238176075, 37.639230741551124], [105.22901170787439, 37.639230741551124], [105.22901170787439, 37.63941040460795], [105.22991002315851, 37.63941040460795], [105.22991002315851, 37.639769730721596], [105.22973036010168, 37.639769730721596], [105.22973036010168, 37.63994939377842], [105.22955069704487, 37.63994939377842], [105.22955069704487, 37.64012905683524], [105.22937103398804, 37.64012905683524], [105.22937103398804, 37.63994939377842], [105.22919137093122, 37.63994939377842], [105.22919137093122, 37.639769730721596], [105.22883204481757, 37.639769730721596], [105.22883204481757, 37.63994939377842], [105.22847271870393, 37.63994939377842], [105.22847271870393, 37.640488382948895], [105.22919137093122, 37.640488382948895], [105.22919137093122, 37.64102737211937], [105.22793372953345, 37.64102737211937]]]}, "properties": {"name": "cand27", "ptype": "hall", "confidence": "low", "rank": 27, "area_ha": 2.2, "rise_db": 6.6, "digitised_from": "Sentinel-1 VV rise 2021->2026, orbit 55"}}, {"type": "Feature", "geometry": {"geodesic": false, "type": "Polygon", "coordinates": [[[105.20565551048729, 37.59126070537914], [105.20565551048729, 37.59072171620867], [105.20583517354412, 37.59072171620867], [105.20583517354412, 37.590362390095024], [105.20547584743046, 37.590362390095024], [105.20547584743046, 37.5901827270382], [105.20529618437364, 37.5901827270382], [105.20529618437364, 37.590362390095024], [105.20511652131681, 37.590362390095024], [105.20511652131681, 37.59054205315185], [105.20475719520317, 37.59054205315185], [105.20475719520317, 37.58964373786773], [105.20493685826, 37.58964373786773], [105.20493685826, 37.58928441175408], [105.20511652131681, 37.58928441175408], [105.20511652131681, 37.589464074810905], [105.20529618437364, 37.589464074810905], [105.20529618437364, 37.59000306398138], [105.20565551048729, 37.59000306398138], [105.20565551048729, 37.5901827270382], [105.20601483660093, 37.5901827270382], [105.20601483660093, 37.59000306398138], [105.20619449965776, 37.59000306398138], [105.20619449965776, 37.589464074810905], [105.20637416271458, 37.589464074810905], [105.20637416271458, 37.58964373786773], [105.20655382577141, 37.58964373786773], [105.20655382577141, 37.589464074810905], [105.20673348882823, 37.589464074810905], [105.20673348882823, 37.58964373786773], [105.20691315188506, 37.58964373786773], [105.20691315188506, 37.58982340092455], [105.20673348882823, 37.58982340092455], [105.20673348882823, 37.59000306398138], [105.20655382577141, 37.59000306398138], [105.20655382577141, 37.590362390095024], [105.20673348882823, 37.590362390095024], [105.20673348882823, 37.59054205315185], [105.20691315188506, 37.59054205315185], [105.20691315188506, 37.590901379265496], [105.20655382577141, 37.590901379265496], [105.20655382577141, 37.59072171620867], [105.20637416271458, 37.59072171620867], [105.20637416271458, 37.59054205315185], [105.20619449965776, 37.59054205315185], [105.20619449965776, 37.59072171620867], [105.20601483660093, 37.59072171620867], [105.20601483660093, 37.59108104232232], [105.20583517354412, 37.59108104232232], [105.20583517354412, 37.59126070537914], [105.20565551048729, 37.59126070537914]]]}, "properties": {"name": "cand28", "ptype": "hall", "confidence": "low", "rank": 28, "area_ha": 2.2, "rise_db": 6.0, "digitised_from": "Sentinel-1 VV rise 2021->2026, orbit 55"}}, {"type": "Feature", "geometry": {"geodesic": false, "type": "Polygon", "coordinates": [[[105.23458126263594, 37.61910847918685], [105.23458126263594, 37.61892881613002], [105.23440159957912, 37.61892881613002], [105.23440159957912, 37.6187491530732], [105.23422193652229, 37.6187491530732], [105.23422193652229, 37.61892881613002], [105.23404227346546, 37.61892881613002], [105.23404227346546, 37.61910847918685], [105.23368294735181, 37.61910847918685], [105.23368294735181, 37.61856949001638], [105.23386261040864, 37.61856949001638], [105.23386261040864, 37.618030500845904], [105.23404227346546, 37.618030500845904], [105.23404227346546, 37.617850837789085], [105.23565924097687, 37.617850837789085], [105.23565924097687, 37.618030500845904], [105.23547957792006, 37.618030500845904], [105.23547957792006, 37.61821016390273], [105.2351202518064, 37.61821016390273], [105.2351202518064, 37.61838982695955], [105.23494058874958, 37.61838982695955], [105.23494058874958, 37.6187491530732], [105.23547957792006, 37.6187491530732], [105.23547957792006, 37.61910847918685], [105.23458126263594, 37.61910847918685]]]}, "properties": {"name": "cand29", "ptype": "hall", "confidence": "low", "rank": 29, "area_ha": 2.2, "rise_db": 9.4, "digitised_from": "Sentinel-1 VV rise 2021->2026, orbit 55"}}, {"type": "Feature", "geometry": {"geodesic": false, "type": "Polygon", "coordinates": [[[105.20367921686223, 37.634020512903234], [105.20367921686223, 37.63384084984641], [105.2034995538054, 37.63384084984641], [105.2034995538054, 37.63366118678959], [105.20367921686223, 37.63366118678959], [105.20367921686223, 37.63276287150546], [105.20385887991905, 37.63276287150546], [105.20385887991905, 37.631684893164525], [105.20403854297587, 37.631684893164525], [105.20403854297587, 37.6315052301077], [105.20421820603269, 37.6315052301077], [105.20421820603269, 37.63132556705087], [105.20403854297587, 37.63132556705087], [105.20403854297587, 37.63114590399405], [105.20385887991905, 37.63114590399405], [105.20385887991905, 37.63096624093723], [105.20403854297587, 37.63096624093723], [105.20403854297587, 37.63060691482358], [105.20421820603269, 37.63060691482358], [105.20421820603269, 37.63024758870993], [105.20457753214635, 37.63024758870993], [105.20457753214635, 37.63114590399405], [105.20439786908952, 37.63114590399405], [105.20439786908952, 37.6315052301077], [105.20421820603269, 37.6315052301077], [105.20421820603269, 37.631684893164525], [105.20439786908952, 37.631684893164525], [105.20439786908952, 37.632583208448644], [105.20421820603269, 37.632583208448644], [105.20421820603269, 37.63348152373276], [105.20403854297587, 37.63348152373276], [105.20403854297587, 37.634020512903234], [105.20367921686223, 37.634020512903234]]]}, "properties": {"name": "cand30", "ptype": "hall", "confidence": "low", "rank": 30, "area_ha": 2.2, "rise_db": 6.6, "digitised_from": "Sentinel-1 VV rise 2021->2026, orbit 55"}}, {"type": "Feature", "geometry": {"geodesic": false, "type": "Polygon", "coordinates": [[[105.20745214105553, 37.626654327573455], [105.20745214105553, 37.62647466451663], [105.2072724779987, 37.62647466451663], [105.2072724779987, 37.626654327573455], [105.20655382577141, 37.626654327573455], [105.20655382577141, 37.6262950014598], [105.20637416271458, 37.6262950014598], [105.20637416271458, 37.62575601228934], [105.20655382577141, 37.62575601228934], [105.20655382577141, 37.625396686175684], [105.20709281494187, 37.625396686175684], [105.20709281494187, 37.62557634923251], [105.20745214105553, 37.62557634923251], [105.20745214105553, 37.625396686175684], [105.20781146716918, 37.625396686175684], [105.20781146716918, 37.62557634923251], [105.20817079328282, 37.62557634923251], [105.20817079328282, 37.62575601228934], [105.20799113022599, 37.62575601228934], [105.20799113022599, 37.625935675346156], [105.20817079328282, 37.625935675346156], [105.20817079328282, 37.62611533840298], [105.20799113022599, 37.62611533840298], [105.20799113022599, 37.6262950014598], [105.20763180411235, 37.6262950014598], [105.20763180411235, 37.626654327573455], [105.20745214105553, 37.626654327573455]]]}, "properties": {"name": "cand31", "ptype": "hall", "confidence": "low", "rank": 31, "area_ha": 2.1, "rise_db": 13.0, "digitised_from": "Sentinel-1 VV rise 2021->2026, orbit 55"}}, {"type": "Feature", "geometry": {"geodesic": false, "type": "Polygon", "coordinates": [[[105.2358389040337, 37.617850837789085], [105.2358389040337, 37.61749151167543], [105.23529991486323, 37.61749151167543], [105.23529991486323, 37.61731184861861], [105.2351202518064, 37.61731184861861], [105.2351202518064, 37.617132185561786], [105.23529991486323, 37.617132185561786], [105.23529991486323, 37.61695252250496], [105.23547957792006, 37.61695252250496], [105.23547957792006, 37.61677285944814], [105.23565924097687, 37.61677285944814], [105.23565924097687, 37.616593196391314], [105.2358389040337, 37.616593196391314], [105.2358389040337, 37.61641353333449], [105.23637789320418, 37.61641353333449], [105.23637789320418, 37.616593196391314], [105.236557556261, 37.616593196391314], [105.236557556261, 37.61677285944814], [105.23637789320418, 37.61677285944814], [105.23637789320418, 37.61695252250496], [105.23673721931782, 37.61695252250496], [105.23673721931782, 37.617132185561786], [105.23691688237464, 37.617132185561786], [105.23691688237464, 37.61695252250496], [105.23709654543147, 37.61695252250496], [105.23709654543147, 37.61731184861861], [105.23673721931782, 37.61731184861861], [105.23673721931782, 37.61767117473226], [105.236557556261, 37.61767117473226], [105.236557556261, 37.617850837789085], [105.2358389040337, 37.617850837789085]]]}, "properties": {"name": "cand32", "ptype": "hall", "confidence": "low", "rank": 32, "area_ha": 2.0, "rise_db": 10.1, "digitised_from": "Sentinel-1 VV rise 2021->2026, orbit 55"}}, {"type": "Feature", "geometry": {"geodesic": false, "type": "Polygon", "coordinates": [[[105.25757813390939, 37.63276287150546], [105.25757813390939, 37.632583208448644], [105.25344588360244, 37.632583208448644], [105.25344588360244, 37.63240354539182], [105.25380520971609, 37.63240354539182], [105.25380520971609, 37.63222388233499], [105.25452386194338, 37.63222388233499], [105.25452386194338, 37.63240354539182], [105.25470352500021, 37.63240354539182], [105.25470352500021, 37.63222388233499], [105.25596116639798, 37.63222388233499], [105.25596116639798, 37.63240354539182], [105.25614082945481, 37.63240354539182], [105.25614082945481, 37.63222388233499], [105.25650015556845, 37.63222388233499], [105.25650015556845, 37.63240354539182], [105.25667981862527, 37.63240354539182], [105.25667981862527, 37.63222388233499], [105.25811712307987, 37.63222388233499], [105.25811712307987, 37.632583208448644], [105.25793746002304, 37.632583208448644], [105.25793746002304, 37.63276287150546], [105.25757813390939, 37.63276287150546]]]}, "properties": {"name": "cand33", "ptype": "hall", "confidence": "low", "rank": 33, "area_ha": 2.0, "rise_db": 10.0, "digitised_from": "Sentinel-1 VV rise 2021->2026, orbit 55"}}, {"type": "Feature", "geometry": {"geodesic": false, "type": "Polygon", "coordinates": [[[105.1711602035771, 37.61371858748213], [105.1711602035771, 37.61335926136849], [105.17080087746345, 37.61335926136849], [105.17080087746345, 37.61317959831166], [105.1711602035771, 37.61317959831166], [105.1711602035771, 37.61335926136849], [105.17133986663391, 37.61335926136849], [105.17133986663391, 37.61317959831166], [105.17169919274757, 37.61317959831166], [105.17169919274757, 37.612999935254834], [105.17133986663391, 37.612999935254834], [105.17133986663391, 37.61264060914119], [105.17151952969074, 37.61264060914119], [105.17151952969074, 37.61246094608436], [105.17205851886122, 37.61246094608436], [105.17205851886122, 37.61264060914119], [105.17223818191805, 37.61264060914119], [105.17223818191805, 37.61246094608436], [105.17241784497486, 37.61246094608436], [105.17241784497486, 37.61264060914119], [105.17313649720217, 37.61264060914119], [105.17313649720217, 37.612820272198014], [105.17277717108851, 37.612820272198014], [105.17277717108851, 37.612999935254834], [105.17259750803169, 37.612999935254834], [105.17259750803169, 37.61317959831166], [105.17241784497486, 37.61317959831166], [105.17241784497486, 37.613538924425306], [105.17223818191805, 37.613538924425306], [105.17223818191805, 37.61371858748213], [105.1711602035771, 37.61371858748213]]]}, "properties": {"name": "cand34", "ptype": "hall", "confidence": "low", "rank": 34, "area_ha": 1.9, "rise_db": 8.3, "digitised_from": "Sentinel-1 VV rise 2021->2026, orbit 55"}}, {"type": "Feature", "geometry": {"geodesic": false, "type": "Polygon", "coordinates": [[[105.19469606402103, 37.65198681858563], [105.19469606402103, 37.65126816635833], [105.1945164009642, 37.65126816635833], [105.1945164009642, 37.6510885033015], [105.19433673790738, 37.6510885033015], [105.19433673790738, 37.65090884024468], [105.19415707485055, 37.65090884024468], [105.19415707485055, 37.65054951413103], [105.19505539013467, 37.65054951413103], [105.19505539013467, 37.65036985107421], [105.19541471624832, 37.65036985107421], [105.19541471624832, 37.65019018801738], [105.1959537054188, 37.65019018801738], [105.1959537054188, 37.650010524960564], [105.19613336847561, 37.650010524960564], [105.19613336847561, 37.65019018801738], [105.19631303153244, 37.65019018801738], [105.19631303153244, 37.65054951413103], [105.19577404236198, 37.65054951413103], [105.19577404236198, 37.65036985107421], [105.19559437930515, 37.65036985107421], [105.19559437930515, 37.65090884024468], [105.19541471624832, 37.65090884024468], [105.19541471624832, 37.651447829415154], [105.19505539013467, 37.651447829415154], [105.19505539013467, 37.651627492471974], [105.19487572707786, 37.651627492471974], [105.19487572707786, 37.65198681858563], [105.19469606402103, 37.65198681858563]]]}, "properties": {"name": "cand35", "ptype": "hall", "confidence": "low", "rank": 35, "area_ha": 1.9, "rise_db": 7.9, "digitised_from": "Sentinel-1 VV rise 2021->2026, orbit 55"}}, {"type": "Feature", "geometry": {"geodesic": false, "type": "Polygon", "coordinates": [[[105.21086573913519, 37.573474062753576], [105.21086573913519, 37.573294399696756], [105.21050641302153, 37.573294399696756], [105.21050641302153, 37.57311473663993], [105.21032674996471, 37.57311473663993], [105.21032674996471, 37.5729350735831], [105.20996742385105, 37.5729350735831], [105.20996742385105, 37.57257574746946], [105.21068607607836, 37.57257574746946], [105.21068607607836, 37.57239608441263], [105.21140472830565, 37.57239608441263], [105.21140472830565, 37.57257574746946], [105.21158439136248, 37.57257574746946], [105.21158439136248, 37.572755410526284], [105.21212338053294, 37.572755410526284], [105.21212338053294, 37.57311473663993], [105.2117640544193, 37.57311473663993], [105.2117640544193, 37.573294399696756], [105.211045402192, 37.573294399696756], [105.211045402192, 37.573474062753576], [105.21086573913519, 37.573474062753576]]]}, "properties": {"name": "cand36", "ptype": "hall", "confidence": "low", "rank": 36, "area_ha": 1.7, "rise_db": 9.9, "digitised_from": "Sentinel-1 VV rise 2021->2026, orbit 55"}}, {"type": "Feature", "geometry": {"geodesic": false, "type": "Polygon", "coordinates": [[[105.23224564289723, 37.59629127097021], [105.23224564289723, 37.596111607913386], [105.23116766455628, 37.596111607913386], [105.23116766455628, 37.59575228179974], [105.23134732761311, 37.59575228179974], [105.23134732761311, 37.59557261874292], [105.23170665372675, 37.59557261874292], [105.23170665372675, 37.595392955686094], [105.23224564289723, 37.595392955686094], [105.23224564289723, 37.59521329262927], [105.23260496901088, 37.59521329262927], [105.23260496901088, 37.595392955686094], [105.23296429512452, 37.595392955686094], [105.23296429512452, 37.59521329262927], [105.23314395818134, 37.59521329262927], [105.23314395818134, 37.595392955686094], [105.23296429512452, 37.595392955686094], [105.23296429512452, 37.596111607913386], [105.23278463206769, 37.596111607913386], [105.23278463206769, 37.59629127097021], [105.23224564289723, 37.59629127097021]]]}, "properties": {"name": "cand37", "ptype": "hall", "confidence": "low", "rank": 37, "area_ha": 1.7, "rise_db": 11.1, "digitised_from": "Sentinel-1 VV rise 2021->2026, orbit 55"}}, {"type": "Feature", "geometry": {"geodesic": false, "type": "Polygon", "coordinates": [[[105.23709654543147, 37.59952520599305], [105.23709654543147, 37.59934554293622], [105.23673721931782, 37.59934554293622], [105.23673721931782, 37.59916587987939], [105.23601856709053, 37.59916587987939], [105.23601856709053, 37.598986216822574], [105.23619823014735, 37.598986216822574], [105.23619823014735, 37.59880655376575], [105.23799486071559, 37.59880655376575], [105.23799486071559, 37.598986216822574], [105.23817452377241, 37.598986216822574], [105.23817452377241, 37.59880655376575], [105.23871351294288, 37.59880655376575], [105.23871351294288, 37.598986216822574], [105.2388931759997, 37.598986216822574], [105.2388931759997, 37.59916587987939], [105.23853384988607, 37.59916587987939], [105.23853384988607, 37.598986216822574], [105.23817452377241, 37.598986216822574], [105.23817452377241, 37.59916587987939], [105.23799486071559, 37.59916587987939], [105.23799486071559, 37.59934554293622], [105.23781519765876, 37.59934554293622], [105.23781519765876, 37.59952520599305], [105.23709654543147, 37.59952520599305]]]}, "properties": {"name": "cand38", "ptype": "hall", "confidence": "low", "rank": 38, "area_ha": 1.5, "rise_db": 6.7, "digitised_from": "Sentinel-1 VV rise 2021->2026, orbit 55"}}, {"type": "Feature", "geometry": {"geodesic": false, "type": "Polygon", "coordinates": [[[105.22272350088556, 37.606891391322826], [105.22272350088556, 37.60653206520917], [105.22290316394238, 37.60653206520917], [105.22290316394238, 37.60617273909553], [105.2230828269992, 37.60617273909553], [105.2230828269992, 37.6059930760387], [105.22326249005603, 37.6059930760387], [105.22326249005603, 37.60581341298188], [105.22272350088556, 37.60581341298188], [105.22272350088556, 37.605454086868235], [105.22290316394238, 37.605454086868235], [105.22290316394238, 37.60527442381141], [105.22326249005603, 37.60527442381141], [105.22326249005603, 37.605454086868235], [105.22362181616968, 37.605454086868235], [105.22362181616968, 37.605633749925055], [105.2238014792265, 37.605633749925055], [105.2238014792265, 37.60581341298188], [105.22398114228332, 37.60581341298188], [105.22398114228332, 37.60635240215235], [105.2238014792265, 37.60635240215235], [105.2238014792265, 37.60653206520917], [105.22362181616968, 37.60653206520917], [105.22362181616968, 37.606711728266], [105.22344215311286, 37.606711728266], [105.22344215311286, 37.60653206520917], [105.22326249005603, 37.60653206520917], [105.22326249005603, 37.606711728266], [105.22290316394238, 37.606711728266], [105.22290316394238, 37.606891391322826], [105.22272350088556, 37.606891391322826]]]}, "properties": {"name": "cand39", "ptype": "hall", "confidence": "low", "rank": 39, "area_ha": 1.5, "rise_db": 10.0, "digitised_from": "Sentinel-1 VV rise 2021->2026, orbit 55"}}, {"type": "Feature", "geometry": {"geodesic": false, "type": "Polygon", "coordinates": [[[105.20619449965776, 37.593057335947385], [105.20619449965776, 37.59287767289056], [105.20583517354412, 37.59287767289056], [105.20583517354412, 37.59251834677691], [105.20601483660093, 37.59251834677691], [105.20601483660093, 37.591620031492795], [105.20619449965776, 37.591620031492795], [105.20619449965776, 37.59144036843597], [105.20655382577141, 37.59144036843597], [105.20655382577141, 37.591620031492795], [105.20673348882823, 37.591620031492795], [105.20673348882823, 37.59251834677691], [105.20691315188506, 37.59251834677691], [105.20691315188506, 37.59287767289056], [105.20673348882823, 37.59287767289056], [105.20673348882823, 37.593057335947385], [105.20619449965776, 37.593057335947385]]]}, "properties": {"name": "cand40", "ptype": "hall", "confidence": "low", "rank": 40, "area_ha": 1.5, "rise_db": 7.3, "digitised_from": "Sentinel-1 VV rise 2021->2026, orbit 55"}}, {"type": "Feature", "geometry": {"geodesic": false, "type": "Polygon", "coordinates": [[[105.22955069704487, 37.6059930760387], [105.22955069704487, 37.60581341298188], [105.22937103398804, 37.60581341298188], [105.22937103398804, 37.6059930760387], [105.22919137093122, 37.6059930760387], [105.22919137093122, 37.605633749925055], [105.22937103398804, 37.605633749925055], [105.22937103398804, 37.605454086868235], [105.22955069704487, 37.605454086868235], [105.22955069704487, 37.604735434640936], [105.22937103398804, 37.604735434640936], [105.22937103398804, 37.60491509769776], [105.22901170787439, 37.60491509769776], [105.22901170787439, 37.60509476075458], [105.22865238176075, 37.60509476075458], [105.22865238176075, 37.60455577158411], [105.22883204481757, 37.60455577158411], [105.22883204481757, 37.60437610852729], [105.22937103398804, 37.60437610852729], [105.22937103398804, 37.60455577158411], [105.22955069704487, 37.60455577158411], [105.22955069704487, 37.604735434640936], [105.22991002315851, 37.604735434640936], [105.22991002315851, 37.60491509769776], [105.23008968621534, 37.60491509769776], [105.23008968621534, 37.60527442381141], [105.22991002315851, 37.60527442381141], [105.22991002315851, 37.6059930760387], [105.22955069704487, 37.6059930760387]]]}, "properties": {"name": "cand41", "ptype": "hall", "confidence": "low", "rank": 41, "area_ha": 1.4, "rise_db": 8.7, "digitised_from": "Sentinel-1 VV rise 2021->2026, orbit 55"}}, {"type": "Feature", "geometry": {"geodesic": false, "type": "Polygon", "coordinates": [[[105.24841531801138, 37.594494640401976], [105.24841531801138, 37.59431497734515], [105.24805599189773, 37.59431497734515], [105.24805599189773, 37.59413531428832], [105.2478763288409, 37.59413531428832], [105.2478763288409, 37.59359632511786], [105.24805599189773, 37.59359632511786], [105.24805599189773, 37.593057335947385], [105.24823565495456, 37.593057335947385], [105.24823565495456, 37.59287767289056], [105.24841531801138, 37.59287767289056], [105.24841531801138, 37.59215902066326], [105.2485949810682, 37.59215902066326], [105.2485949810682, 37.59233868372009], [105.24895430718185, 37.59233868372009], [105.24895430718185, 37.59269800983373], [105.24877464412502, 37.59269800983373], [105.24877464412502, 37.593057335947385], [105.2485949810682, 37.593057335947385], [105.2485949810682, 37.59341666206103], [105.24841531801138, 37.59341666206103], [105.24841531801138, 37.59377598817468], [105.24823565495456, 37.59377598817468], [105.24823565495456, 37.593955651231504], [105.24841531801138, 37.593955651231504], [105.24841531801138, 37.59413531428832], [105.2485949810682, 37.59413531428832], [105.2485949810682, 37.594494640401976], [105.24841531801138, 37.594494640401976]]]}, "properties": {"name": "cand42", "ptype": "hall", "confidence": "low", "rank": 42, "area_ha": 1.3, "rise_db": 6.3, "digitised_from": "Sentinel-1 VV rise 2021->2026, orbit 55"}}, {"type": "Feature", "geometry": {"geodesic": false, "type": "Polygon", "coordinates": [[[105.24284576324983, 37.6104846524593], [105.24284576324983, 37.61030498940248], [105.242666100193, 37.61030498940248], [105.242666100193, 37.60976600023201], [105.2424864371362, 37.60976600023201], [105.2424864371362, 37.60940667411836], [105.242666100193, 37.60940667411836], [105.242666100193, 37.60904734800471], [105.24284576324983, 37.60904734800471], [105.24284576324983, 37.60868802189106], [105.24320508936349, 37.60868802189106], [105.24320508936349, 37.609227011061535], [105.24302542630666, 37.609227011061535], [105.24302542630666, 37.60958633717518], [105.24338475242031, 37.60958633717518], [105.24338475242031, 37.61030498940248], [105.24320508936349, 37.61030498940248], [105.24320508936349, 37.6104846524593], [105.24284576324983, 37.6104846524593]]]}, "properties": {"name": "cand43", "ptype": "hall", "confidence": "low", "rank": 43, "area_ha": 1.2, "rise_db": 5.7, "digitised_from": "Sentinel-1 VV rise 2021->2026, orbit 55"}}, {"type": "Feature", "geometry": {"geodesic": false, "type": "Polygon", "coordinates": [[[105.16523132270191, 37.54993820230965], [105.16523132270191, 37.54975853925282], [105.16505165964509, 37.54975853925282], [105.16505165964509, 37.549399213139175], [105.16523132270191, 37.549399213139175], [105.16523132270191, 37.54903988702553], [105.16541098575873, 37.54903988702553], [105.16541098575873, 37.5488602239687], [105.16612963798603, 37.5488602239687], [105.16612963798603, 37.54975853925282], [105.1659499749292, 37.54975853925282], [105.1659499749292, 37.54993820230965], [105.16523132270191, 37.54993820230965]]]}, "properties": {"name": "cand44", "ptype": "hall", "confidence": "low", "rank": 44, "area_ha": 1.2, "rise_db": 6.2, "digitised_from": "Sentinel-1 VV rise 2021->2026, orbit 55"}}, {"type": "Feature", "geometry": {"geodesic": false, "type": "Polygon", "coordinates": [[[105.23332362123817, 37.60509476075458], [105.23332362123817, 37.60491509769776], [105.233503284295, 37.60491509769776], [105.233503284295, 37.60437610852729], [105.23368294735181, 37.60437610852729], [105.23368294735181, 37.60401678241364], [105.233503284295, 37.60401678241364], [105.233503284295, 37.60365745629999], [105.23296429512452, 37.60365745629999], [105.23296429512452, 37.603298130186346], [105.23332362123817, 37.603298130186346], [105.23332362123817, 37.60347779324317], [105.233503284295, 37.60347779324317], [105.233503284295, 37.60365745629999], [105.23404227346546, 37.60365745629999], [105.23404227346546, 37.60383711935682], [105.23422193652229, 37.60383711935682], [105.23422193652229, 37.60455577158411], [105.23404227346546, 37.60455577158411], [105.23404227346546, 37.604735434640936], [105.23386261040864, 37.604735434640936], [105.23386261040864, 37.60509476075458], [105.23332362123817, 37.60509476075458]]]}, "properties": {"name": "cand45", "ptype": "hall", "confidence": "low", "rank": 45, "area_ha": 1.2, "rise_db": 8.5, "digitised_from": "Sentinel-1 VV rise 2021->2026, orbit 55"}}, {"type": "Feature", "geometry": {"geodesic": false, "type": "Polygon", "coordinates": [[[105.23799486071559, 37.606891391322826], [105.23799486071559, 37.60635240215235], [105.23817452377241, 37.60635240215235], [105.23817452377241, 37.60617273909553], [105.23799486071559, 37.60617273909553], [105.23799486071559, 37.6059930760387], [105.23781519765876, 37.6059930760387], [105.23781519765876, 37.605633749925055], [105.23835418682924, 37.605633749925055], [105.23835418682924, 37.60581341298188], [105.23853384988607, 37.60581341298188], [105.23853384988607, 37.6059930760387], [105.23925250211336, 37.6059930760387], [105.23925250211336, 37.60635240215235], [105.23907283905653, 37.60635240215235], [105.23907283905653, 37.60653206520917], [105.23853384988607, 37.60653206520917], [105.23853384988607, 37.606711728266], [105.23817452377241, 37.606711728266], [105.23817452377241, 37.606891391322826], [105.23799486071559, 37.606891391322826]]]}, "properties": {"name": "cand46", "ptype": "hall", "confidence": "low", "rank": 46, "area_ha": 1.2, "rise_db": 6.3, "digitised_from": "Sentinel-1 VV rise 2021->2026, orbit 55"}}, {"type": "Feature", "geometry": {"geodesic": false, "type": "Polygon", "coordinates": [[[105.20152326018034, 37.61156263080024], [105.20152326018034, 37.6112033046866], [105.20116393406668, 37.6112033046866], [105.20116393406668, 37.610664315516125], [105.20134359712351, 37.610664315516125], [105.20134359712351, 37.6104846524593], [105.20224191240763, 37.6104846524593], [105.20224191240763, 37.610664315516125], [105.20242157546446, 37.610664315516125], [105.20242157546446, 37.61102364162977], [105.20224191240763, 37.61102364162977], [105.20224191240763, 37.6112033046866], [105.2020622493508, 37.6112033046866], [105.2020622493508, 37.611382967743424], [105.20188258629399, 37.611382967743424], [105.20188258629399, 37.61156263080024], [105.20152326018034, 37.61156263080024]]]}, "properties": {"name": "cand47", "ptype": "hall", "confidence": "low", "rank": 47, "area_ha": 1.2, "rise_db": 11.0, "digitised_from": "Sentinel-1 VV rise 2021->2026, orbit 55"}}, {"type": "Feature", "geometry": {"geodesic": false, "type": "Polygon", "coordinates": [[[105.24320508936349, 37.62791196897122], [105.24320508936349, 37.6277323059144], [105.24302542630666, 37.6277323059144], [105.24302542630666, 37.62719331674393], [105.24320508936349, 37.62719331674393], [105.24320508936349, 37.6270136536871], [105.24392374159078, 37.6270136536871], [105.24392374159078, 37.62719331674393], [105.24428306770443, 37.62719331674393], [105.24428306770443, 37.6277323059144], [105.2441034046476, 37.6277323059144], [105.2441034046476, 37.62791196897122], [105.24320508936349, 37.62791196897122]]]}, "properties": {"name": "cand48", "ptype": "hall", "confidence": "low", "rank": 48, "area_ha": 1.2, "rise_db": 8.2, "digitised_from": "Sentinel-1 VV rise 2021->2026, orbit 55"}}, {"type": "Feature", "geometry": {"geodesic": false, "type": "Polygon", "coordinates": [[[105.25218824220468, 37.63114590399405], [105.25218824220468, 37.6307865778804], [105.25236790526151, 37.6307865778804], [105.25236790526151, 37.63060691482358], [105.25200857914786, 37.63060691482358], [105.25200857914786, 37.6307865778804], [105.25182891609103, 37.6307865778804], [105.25182891609103, 37.63096624093723], [105.2516492530342, 37.63096624093723], [105.2516492530342, 37.63114590399405], [105.25146958997738, 37.63114590399405], [105.25146958997738, 37.63096624093723], [105.25128992692056, 37.63096624093723], [105.25128992692056, 37.630427251766754], [105.25146958997738, 37.630427251766754], [105.25146958997738, 37.63024758870993], [105.25200857914786, 37.63024758870993], [105.25200857914786, 37.63006792565311], [105.25218824220468, 37.63006792565311], [105.25218824220468, 37.63024758870993], [105.25272723137515, 37.63024758870993], [105.25272723137515, 37.63060691482358], [105.25254756831832, 37.63060691482358], [105.25254756831832, 37.6307865778804], [105.25272723137515, 37.6307865778804], [105.25272723137515, 37.63096624093723], [105.25254756831832, 37.63096624093723], [105.25254756831832, 37.63114590399405], [105.25218824220468, 37.63114590399405]]]}, "properties": {"name": "cand49", "ptype": "hall", "confidence": "low", "rank": 49, "area_ha": 1.2, "rise_db": 12.0, "digitised_from": "Sentinel-1 VV rise 2021->2026, orbit 55"}}, {"type": "Feature", "geometry": {"geodesic": false, "type": "Polygon", "coordinates": [[[105.25452386194338, 37.62036612058461], [105.25452386194338, 37.620186457527794], [105.25434419888657, 37.620186457527794], [105.25434419888657, 37.62000679447097], [105.25398487277292, 37.62000679447097], [105.25398487277292, 37.619467805300495], [105.25524251417069, 37.619467805300495], [105.25524251417069, 37.61964746835732], [105.2554221772275, 37.61964746835732], [105.2554221772275, 37.62000679447097], [105.25506285111386, 37.62000679447097], [105.25506285111386, 37.620186457527794], [105.25488318805704, 37.620186457527794], [105.25488318805704, 37.62036612058461], [105.25452386194338, 37.62036612058461]]]}, "properties": {"name": "cand50", "ptype": "hall", "confidence": "low", "rank": 50, "area_ha": 1.2, "rise_db": 14.1, "digitised_from": "Sentinel-1 VV rise 2021->2026, orbit 55"}}, {"type": "Feature", "geometry": {"geodesic": false, "type": "Polygon", "coordinates": [[[105.23691688237464, 37.60581341298188], [105.23691688237464, 37.605633749925055], [105.236557556261, 37.605633749925055], [105.236557556261, 37.60509476075458], [105.23673721931782, 37.60509476075458], [105.23673721931782, 37.60491509769776], [105.23709654543147, 37.60491509769776], [105.23709654543147, 37.604735434640936], [105.23763553460194, 37.604735434640936], [105.23763553460194, 37.60509476075458], [105.23745587154512, 37.60509476075458], [105.23745587154512, 37.605454086868235], [105.23763553460194, 37.605454086868235], [105.23763553460194, 37.60581341298188], [105.23691688237464, 37.60581341298188]]]}, "properties": {"name": "cand51", "ptype": "hall", "confidence": "low", "rank": 51, "area_ha": 1.1, "rise_db": 9.3, "digitised_from": "Sentinel-1 VV rise 2021->2026, orbit 55"}}, {"type": "Feature", "geometry": {"geodesic": false, "type": "Polygon", "coordinates": [[[105.22613709896521, 37.60347779324317], [105.22613709896521, 37.603298130186346], [105.22595743590838, 37.603298130186346], [105.22595743590838, 37.60311846712952], [105.22559810979475, 37.60311846712952], [105.22559810979475, 37.6029388040727], [105.22487945756744, 37.6029388040727], [105.22487945756744, 37.60275914101587], [105.22469979451063, 37.60275914101587], [105.22469979451063, 37.60257947795905], [105.22487945756744, 37.60257947795905], [105.22487945756744, 37.60239981490223], [105.22523878368109, 37.60239981490223], [105.22523878368109, 37.60257947795905], [105.22613709896521, 37.60257947795905], [105.22613709896521, 37.60275914101587], [105.22649642507886, 37.60275914101587], [105.22649642507886, 37.6029388040727], [105.22631676202204, 37.6029388040727], [105.22631676202204, 37.60311846712952], [105.22649642507886, 37.60311846712952], [105.22649642507886, 37.603298130186346], [105.22631676202204, 37.603298130186346], [105.22631676202204, 37.60347779324317], [105.22613709896521, 37.60347779324317]]]}, "properties": {"name": "cand52", "ptype": "hall", "confidence": "low", "rank": 52, "area_ha": 1.1, "rise_db": 11.5, "digitised_from": "Sentinel-1 VV rise 2021->2026, orbit 55"}}, {"type": "Feature", "geometry": {"geodesic": false, "type": "Polygon", "coordinates": [[[105.23745587154512, 37.63743411098289], [105.23745587154512, 37.63725444792606], [105.2372762084883, 37.63725444792606], [105.2372762084883, 37.63671545875559], [105.23745587154512, 37.63671545875559], [105.23745587154512, 37.63653579569877], [105.23835418682924, 37.63653579569877], [105.23835418682924, 37.63671545875559], [105.23853384988607, 37.63671545875559], [105.23853384988607, 37.63725444792606], [105.23763553460194, 37.63725444792606], [105.23763553460194, 37.63743411098289], [105.23745587154512, 37.63743411098289]]]}, "properties": {"name": "cand53", "ptype": "hall", "confidence": "low", "rank": 53, "area_ha": 1.1, "rise_db": 11.7, "digitised_from": "Sentinel-1 VV rise 2021->2026, orbit 55"}}, {"type": "Feature", "geometry": {"geodesic": false, "type": "Polygon", "coordinates": [[[105.25111026386374, 37.605454086868235], [105.25111026386374, 37.60527442381141], [105.25093060080691, 37.60527442381141], [105.25093060080691, 37.60491509769776], [105.25111026386374, 37.60491509769776], [105.25111026386374, 37.60455577158411], [105.25093060080691, 37.60455577158411], [105.25093060080691, 37.60437610852729], [105.25075093775008, 37.60437610852729], [105.25075093775008, 37.604196445470464], [105.25111026386374, 37.604196445470464], [105.25111026386374, 37.60401678241364], [105.25128992692056, 37.60401678241364], [105.25128992692056, 37.60383711935682], [105.25146958997738, 37.60383711935682], [105.25146958997738, 37.60455577158411], [105.2516492530342, 37.60455577158411], [105.2516492530342, 37.60527442381141], [105.25146958997738, 37.60527442381141], [105.25146958997738, 37.605454086868235], [105.25111026386374, 37.605454086868235]]]}, "properties": {"name": "cand54", "ptype": "hall", "confidence": "low", "rank": 54, "area_ha": 1.0, "rise_db": 6.6, "digitised_from": "Sentinel-1 VV rise 2021->2026, orbit 55"}}, {"type": "Feature", "geometry": {"geodesic": false, "type": "Polygon", "coordinates": [[[105.21463866332849, 37.63743411098289], [105.21463866332849, 37.63725444792606], [105.21445900027166, 37.63725444792606], [105.21445900027166, 37.63707478486924], [105.214099674158, 37.63707478486924], [105.214099674158, 37.636895121812415], [105.21392001110118, 37.636895121812415], [105.21392001110118, 37.63635613264194], [105.214099674158, 37.63635613264194], [105.214099674158, 37.636176469585116], [105.21445900027166, 37.636176469585116], [105.21445900027166, 37.63635613264194], [105.21481832638531, 37.63635613264194], [105.21481832638531, 37.63671545875559], [105.21499798944213, 37.63671545875559], [105.21499798944213, 37.63707478486924], [105.21481832638531, 37.63707478486924], [105.21481832638531, 37.63743411098289], [105.21463866332849, 37.63743411098289]]]}, "properties": {"name": "cand55", "ptype": "hall", "confidence": "low", "rank": 55, "area_ha": 1.0, "rise_db": 12.4, "digitised_from": "Sentinel-1 VV rise 2021->2026, orbit 55"}}, {"type": "Feature", "geometry": {"geodesic": false, "type": "Polygon", "coordinates": [[[105.24895430718185, 37.5901827270382], [105.24895430718185, 37.58982340092455], [105.24913397023867, 37.58982340092455], [105.24913397023867, 37.58964373786773], [105.2493136332955, 37.58964373786773], [105.2493136332955, 37.589464074810905], [105.24913397023867, 37.589464074810905], [105.24913397023867, 37.58928441175408], [105.24895430718185, 37.58928441175408], [105.24895430718185, 37.58892508564043], [105.24913397023867, 37.58892508564043], [105.24913397023867, 37.58874542258361], [105.24967295940914, 37.58874542258361], [105.24967295940914, 37.58892508564043], [105.24985262246597, 37.58892508564043], [105.24985262246597, 37.589464074810905], [105.24967295940914, 37.589464074810905], [105.24967295940914, 37.58964373786773], [105.24949329635231, 37.58964373786773], [105.24949329635231, 37.58982340092455], [105.2493136332955, 37.58982340092455], [105.2493136332955, 37.5901827270382], [105.24895430718185, 37.5901827270382]]]}, "properties": {"name": "cand56", "ptype": "hall", "confidence": "low", "rank": 56, "area_ha": 1.0, "rise_db": 5.9, "digitised_from": "Sentinel-1 VV rise 2021->2026, orbit 55"}}, {"type": "Feature", "geometry": {"geodesic": false, "type": "Polygon", "coordinates": [[[105.20098427100986, 37.62970859953946], [105.20098427100986, 37.628271295084865], [105.20116393406668, 37.628271295084865], [105.20116393406668, 37.628091632028045], [105.20152326018034, 37.628091632028045], [105.20152326018034, 37.629528936482636], [105.20134359712351, 37.629528936482636], [105.20134359712351, 37.62970859953946], [105.20098427100986, 37.62970859953946]]]}, "properties": {"name": "cand57", "ptype": "hall", "confidence": "low", "rank": 57, "area_ha": 1.0, "rise_db": 5.7, "digitised_from": "Sentinel-1 VV rise 2021->2026, orbit 55"}}, {"type": "Feature", "geometry": {"geodesic": false, "type": "Polygon", "coordinates": [[[105.22847271870393, 37.64300366574443], [105.22847271870393, 37.642824002687604], [105.22811339259027, 37.642824002687604], [105.22811339259027, 37.64264433963078], [105.2282930556471, 37.64264433963078], [105.2282930556471, 37.64228501351713], [105.22865238176075, 37.64228501351713], [105.22865238176075, 37.642105350460305], [105.22883204481757, 37.642105350460305], [105.22883204481757, 37.64228501351713], [105.22919137093122, 37.64228501351713], [105.22919137093122, 37.641925687403486], [105.22937103398804, 37.641925687403486], [105.22937103398804, 37.64174602434666], [105.22973036010168, 37.64174602434666], [105.22973036010168, 37.642105350460305], [105.22955069704487, 37.642105350460305], [105.22955069704487, 37.64228501351713], [105.22919137093122, 37.64228501351713], [105.22919137093122, 37.64264433963078], [105.22901170787439, 37.64264433963078], [105.22901170787439, 37.642824002687604], [105.22883204481757, 37.642824002687604], [105.22883204481757, 37.64300366574443], [105.22847271870393, 37.64300366574443]]]}, "properties": {"name": "cand58", "ptype": "hall", "confidence": "low", "rank": 58, "area_ha": 1.0, "rise_db": 8.0, "digitised_from": "Sentinel-1 VV rise 2021->2026, orbit 55"}}, {"type": "Feature", "geometry": {"geodesic": false, "type": "Polygon", "coordinates": [[[105.19721134681656, 37.64480029631267], [105.19721134681656, 37.64462063325584], [105.19613336847561, 37.64462063325584], [105.19613336847561, 37.64444097019902], [105.1959537054188, 37.64444097019902], [105.1959537054188, 37.644261307142195], [105.1966723576461, 37.644261307142195], [105.1966723576461, 37.644081644085375], [105.19703168375973, 37.644081644085375], [105.19703168375973, 37.644261307142195], [105.19721134681656, 37.644261307142195], [105.19721134681656, 37.64444097019902], [105.19810966210068, 37.64444097019902], [105.19810966210068, 37.64480029631267], [105.19721134681656, 37.64480029631267]]]}, "properties": {"name": "cand59", "ptype": "hall", "confidence": "low", "rank": 59, "area_ha": 1.0, "rise_db": 8.6, "digitised_from": "Sentinel-1 VV rise 2021->2026, orbit 55"}}, {"type": "Feature", "geometry": {"geodesic": false, "type": "Polygon", "coordinates": [[[105.1907434767709, 37.64965119884691], [105.1907434767709, 37.64947153579009], [105.19038415065725, 37.64947153579009], [105.19038415065725, 37.649291872733265], [105.18984516148679, 37.649291872733265], [105.18984516148679, 37.64875288356279], [105.19038415065725, 37.64875288356279], [105.19038415065725, 37.64893254661962], [105.19128246594137, 37.64893254661962], [105.19128246594137, 37.64947153579009], [105.19092313982773, 37.64947153579009], [105.19092313982773, 37.64965119884691], [105.1907434767709, 37.64965119884691]]]}, "properties": {"name": "cand60", "ptype": "hall", "confidence": "low", "rank": 60, "area_ha": 1.0, "rise_db": 7.4, "digitised_from": "Sentinel-1 VV rise 2021->2026, orbit 55"}}]}