d,-11000.0,-9000.0,-7000.0,-5000.0,-3000.0,-1000.0,1000.0,3000.0,5000.0,7000.0,9000.0,11000.0,13000.0,15000.0,17000.0,19000.0,21000.0,23000.0,25000.0,27000.0,29000.0,speed,phi,cloud
2024-01-01,2.8535796335378024e-05,3.149224965379269e-05,3.1689936161486873e-05,3.0663148966495526e-05,3.0345129068823783e-05,3.41177595548454e-05,3.525333176519791e-05,3.5635916690786755e-05,3.41887186171975e-05,3.45327584065297e-05,3.384872724247087e-05,3.402412772485053e-05,3.427257354998332e-05,3.687892741541181e-05,3.828131407037496e-05,3.843708180530286e-05,4.1008615381355436e-05,4.601784633719259e-05,4.9764099310369925e-05,5.618823844884867e-05,5.840782857587655e-05,5.0164684389695395,8.482570299596205,0.03597464398748733
2024-01-02,4.935291648198014e-06,7.572541331013755e-06,1.2147698761793616e-05,1.6390238244982598e-05,1.8354972177344928e-05,1.655984912014877e-05,1.4687152716417527e-05,1.1882308635659782e-05,1.0297119405366406e-05,1.398407587010335e-05,1.4200476666672507e-05,1.6963517916631403e-05,2.5053192829701427e-05,3.0690969111499084e-05,2.4733068807264887e-05,2.6940457907723793e-05,2.988047803027842e-05,3.161531254971022e-05,2.651739803056632e-05,2.7821626111529942e-05,1.4779963493488727e-05,5.185037034468767,195.25266025856038,0.10291220374942142
2024-01-06,1.4310135277216046e-05,1.2410611498985096e-05,9.269177268736796e-06,8.441890444247097e-06,9.107734681686292e-06,1.0899815146849675e-05,1.2199574294984414e-05,1.2933595546711228e-05,1.5056946815210616e-05,1.7545086689200122e-05,1.8886059783797675e-05,1.972782250014746e-05,2.0161497399720986e-05,1.7935841814760264e-05,1.423379256134016e-05,1.4333806489043874e-05,1.4866076261384819e-05,1.1979967857945019e-05,1.102884994576817e-05,1.1228810989905238e-05,1.0937011215160804e-05,7.244747046911463,149.7212232639984,0.12569923245431341
2024-01-09,1.1649667226761688e-05,1.6035444230026443e-05,2.291189333642288e-05,3.0140016390386653e-05,2.8208364446179325e-05,1.512497223918088e-05,2.807862604308521e-06,-4.931917194933891e-06,6.328185035074635e-06,7.96843898705692e-06,9.441627609612695e-06,1.3466173433958819e-05,1.9881610991866972e-05,2.257255250359211e-05,2.168258958939321e-05,1.967470055671204e-05,1.9975068473101925e-05,2.1894002149618385e-05,2.3600488328103592e-05,1.6727023502246886e-05,1.0257062259763446e-05,5.800152182350098,114.59914980621602,0.0
2024-01-10,1.4717431651509443e-05,1.3483999638133044e-05,1.3688635051992756e-05,1.506692603809488e-05,1.6741153821316132e-05,1.898636228284873e-05,2.1505641392791134e-05,2.2287622711130394e-05,1.949776043334276e-05,1.7248599127515626e-05,1.8134732485281918e-05,1.7106416016236896e-05,1.4239721478591987e-05,1.3205290715518686e-05,1.6496737716291872e-05,1.3044736697815885e-05,1.0501228732400216e-05,1.5863935407500685e-05,2.2717131207649366e-05,2.659314266167025e-05,2.6107152187517375e-05,11.646416159913516,103.51176668836024,0.00011587525245817623
2024-01-12,4.011526645445477e-05,3.831471257880913e-05,3.766229749876854e-05,4.0406363163662905e-05,4.3494146874515826e-05,4.262383988088965e-05,3.8549954988355566e-05,3.6419358279410966e-05,3.6191858502156544e-05,3.5402853388291766e-05,3.407235731912629e-05,3.402635773492925e-05,3.345073915022846e-05,3.301777676199325e-05,3.405782474135114e-05,3.58927236570356e-05,3.689734126962756e-05,3.593993564983866e-05,3.487905941666906e-05,3.2637191053166674e-05,3.2276425041070435e-05,10.376083989328455,108.7157374147555,0.00040984971424840846
2024-01-13,2.817438886264173e-05,2.988397997491394e-05,3.001855516010106e-05,2.8187018778016505e-05,2.5906455876991683e-05,2.5277687686392578e-05,2.5593358681217405e-05,2.630607688752331e-05,2.5836475104314754e-05,2.4322750789745348e-05,2.44173128960733e-05,2.482290223401728e-05,2.673297649620469e-05,2.723183859575474e-05,2.8805248053708236e-05,2.863260742878498e-05,2.9771614446301063e-05,2.759541048864403e-05,2.8142907936478156e-05,3.497957368893123e-05,3.9085276870780855e-05,7.469418697478324,200.9658279045298,0.004273502470344882
2024-01-14,2.563384388166577e-05,2.1864164725836954e-05,1.934866692799562e-05,1.813178558875447e-05,1.487427680783807e-05,1.701035698040411e-05,2.0242935336714788e-05,2.1347509151872946e-05,2.2063447258561234e-05,2.3532271097596836e-05,2.702903567021421e-05,3.0282919989030187e-05,3.401703863813537e-05,3.831647913598222e-05,4.254919054393989e-05,4.73496624887041e-05,4.6897142842633014e-05,4.1100094902665936e-05,4.0501742022446346e-05,4.469171674080407e-05,5.117228597212535e-05,3.546390956897893,295.37400692144075,0.001238288215043329
2024-01-15,1.9833062483761984e-05,1.575467157905018e-05,1.3861149393703522e-05,1.8144900511601733e-05,2.3237090269006728e-05,2.0032919677889817e-05,1.3262068523413122e-05,1.3247274890728202e-05,1.7580134735964408e-05,2.3778897951411803e-05,2.5543359659794466e-05,2.5292462426491218e-05,3.10189361258885e-05,4.0321989661648634e-05,4.0952232854559734e-05,3.2317301388519463e-05,2.597658256307575e-05,2.6560631163909504e-05,2.803238579071052e-05,2.354435421151801e-05,2.1141830618284822e-05,6.7554469139742634,220.90484563444522,0.04079254477348033
2024-01-16,2.7415002724701315e-05,2.854811247475729e-05,3.4071134837274185e-05,3.675299168289751e-05,4.4236714065479355e-05,5.052113025212936e-05,5.044133610840597e-05,4.4793913831180536e-05,3.960235637042802e-05,3.5475873894547745e-05,3.306112259179419e-05,3.159806355199032e-05,2.8518238205517293e-05,2.522434510201076e-05,2.5022818844271853e-05,2.5400205186239e-05,2.9338251968778408e-05,3.343762873264509e-05,3.658202094824623e-05,3.498161343406282e-05,3.1495259543729915e-05,4.880770125263755,54.34792313872066,0.0006184627933790172
2024-01-17,3.433109917476472e-05,3.590359075971742e-05,3.811762393023671e-05,3.934650031465413e-05,4.1121358452675035e-05,4.1719874300055956e-05,4.188366123510119e-05,4.093635367979054e-05,3.9357889703663014e-05,3.858826231024997e-05,3.6429244256847766e-05,3.761447352884037e-05,3.899057536698414e-05,3.895655788280541e-05,3.605163816413831e-05,3.520686383541522e-05,3.508892800377047e-05,3.454255423664754e-05,3.478608690289044e-05,3.4858240659731554e-05,3.586571886611323e-05,11.892733554476543,64.36584682317925,0.10744548688184875
2024-01-18,8.137181225216542e-05,8.062190384690316e-05,8.864951633218454e-05,0.00010289836976465342,0.00010252840335709721,0.00010280014125039992,0.00012528621981820683,0.00012953813153223593,0.00012948088239579577,0.00011222361370942933,8.784648260004101e-05,8.804615161575389e-05,8.774846017640866e-05,5.8249800686616256e-05,4.829325989642442e-05,4.852127147868621e-05,4.656316425972008e-05,3.641651899155792e-05,3.592854852061558e-05,3.5791948060959846e-05,3.6810618380528195e-05,3.6473571213151192,79.28111605847818,0.0005910586904426566
2024-01-19,2.9507772147389e-05,2.1721697569191254e-05,1.2623685421894908e-05,1.1044570894702261e-05,1.566444487867598e-05,1.8119277030174317e-05,2.412473430343197e-05,2.9084037962851214e-05,3.347406185197904e-05,3.361362633139008e-05,3.0280902010959297e-05,2.8124299495757506e-05,3.082498569316879e-05,3.601146391367429e-05,3.620703285895305e-05,3.361246361482839e-05,3.5212298579199174e-05,3.75015697574966e-05,3.167921077439675e-05,2.7965681051424184e-05,2.8056863911845396e-05,2.310632060948993,192.68935987506794,0.08277517241256385
2024-01-20,-4.247718676029069e-06,-5.30023721151989e-07,3.938940658399247e-06,5.884333920592844e-06,3.952787676716044e-06,3.8803416696267224e-06,2.6845315475187256e-06,3.631442772915673e-06,4.6601273935679265e-06,6.926941946688619e-06,6.943029545422011e-06,9.212348691403223e-06,8.05228993545871e-06,7.719253788708897e-06,8.724804988553187e-06,1.3287072150840151e-05,1.298033648055683e-05,1.3210432829860947e-05,1.1480250226337267e-05,1.1544369413197486e-05,1.1879977789748313e-05,9.2932757780057,353.44509401891213,0.12800626183996433
2024-01-22,2.8039022989523564e-05,3.1441221067791696e-05,3.159660929184401e-05,3.0417869131556787e-05,2.7326916598404164e-05,2.5618531475984168e-05,2.5918026333159592e-05,2.7126580679741427e-05,3.0046626470972374e-05,3.1966978216569385e-05,3.0618053713128675e-05,2.9561829745090057e-05,2.9744200749294353e-05,2.9493552990859643e-05,3.070028324913442e-05,2.959511479245588e-05,2.9354937754603188e-05,2.767642274463089e-05,2.7889838285654468e-05,2.9010010125908865e-05,3.0837974255747e-05,5.680666695804929,8.46717353471189,0.048401104878064406
2024-01-28,1.6788217840457528e-05,1.819498510320365e-05,1.690613499236466e-05,1.3849603807961486e-05,1.3240377473530618e-05,1.3152700238848938e-05,1.0951032271619405e-05,1.0222738062227184e-05,1.217094659209009e-05,1.5327570251599258e-05,2.199427241423287e-05,2.367006439621035e-05,2.1912472230836266e-05,1.8873975386269336e-05,2.0331871828964703e-05,2.240936871925944e-05,2.3553404932652618e-05,2.546642984245319e-05,2.6007847871088714e-05,2.94996751122062e-05,2.6058335412937046e-05,6.414405103055212,88.88974135455271,0.0
2024-01-31,5.848787477452205e-05,5.635231605705491e-05,5.25571322681738e-05,5.549718274068391e-05,5.402699504335207e-05,5.260843220906888e-05,5.1778424462908924e-05,4.8410012457808445e-05,4.034631116161843e-05,3.566154565995202e-05,4.247233880425724e-05,4.611645905163685e-05,4.671522526661376e-05,4.5305564136815e-05,4.6306994380921524e-05,4.8779357474112996e-05,4.393754203907146e-05,3.8421164538382326e-05,4.310039743007716e-05,4.7372805080846424e-05,4.5234060254227546e-05,6.038304735238747,39.44908083369347,0.09579625408144339
2024-02-01,3.599607446686043e-05,3.558009775961856e-05,4.197161291509996e-05,4.5876678449616405e-05,4.6337679436484736e-05,4.728947323768524e-05,4.81265070735719e-05,4.924300612398571e-05,4.7043392711996484e-05,4.1262296812024576e-05,3.49959307811251e-05,3.511336105071941e-05,3.510526122433427e-05,3.597463550063139e-05,3.595785792180088e-05,3.8196811873894154e-05,3.280280640917206e-05,2.867504554541655e-05,2.8319011175761645e-05,2.662165695825232e-05,2.4600191936742255e-05,7.891798646872407,78.58154874273987,0.13987818427283305
2024-02-05,4.902265406086842e-05,4.0396543906731636e-05,4.382603949928207e-05,5.102149191831916e-05,3.293278836044149e-05,4.787498320198455e-05,4.1653884620646256e-05,3.613376327654043e-05,3.769464602130475e-05,3.949262281179141e-05,3.491738338832119e-05,3.3238191145353834e-05,3.5901052799305544e-05,3.522786721925647e-05,2.8321047013035553e-05,2.7931304411537194e-05,2.7864646690182127e-05,2.5255771031460986e-05,2.3380383455682313e-05,2.5517504321391705e-05,2.5407517913387035e-05,2.2972942093596322,56.403820062289924,0.0
2024-02-08,1.4299580320692416e-05,1.5231149720025898e-05,1.586875602485332e-05,1.5831150797198738e-05,1.5799569913307223e-05,1.4900626001795529e-05,1.3508305196703418e-05,1.3386447108306037e-05,1.3269899050131964e-05,1.4109489170386687e-05,2.0262205453872807e-05,2.047342961983409e-05,2.0418602630545343e-05,2.035692811386492e-05,1.632022355843607e-05,1.5100987919752668e-05,1.5244439981214482e-05,1.4312971685014907e-05,1.3755505707671586e-05,1.3151773326124732e-05,1.2853546579953007e-05,11.31344915604559,82.72967227581387,5.698826910852218e-05
2024-02-12,2.978771713198438e-05,2.711083069609106e-05,2.4292452043000736e-05,2.369199926378564e-05,2.5071369998889834e-05,2.6302929901212195e-05,2.5192532034235382e-05,2.4594353934718663e-05,2.5013766834748985e-05,2.367574946945731e-05,2.1728059422867647e-05,1.9737531841669538e-05,1.8755782172229383e-05,1.7969009753094444e-05,1.8339200753747842e-05,1.7138514806962428e-05,1.5786208989060626e-05,1.6344330978653123e-05,1.782158825203843e-05,1.927207878192466e-05,1.8937775994282546e-05,4.73562343781085,132.9448105872509,0.2929671415334508
2024-02-13,4.028336496051587e-05,4.009288925107014e-05,3.938816794402585e-05,4.073823566115658e-05,4.095472170519568e-05,3.920580667009803e-05,3.487712110597768e-05,3.3166667428902965e-05,3.3330482869188205e-05,3.343657922240353e-05,3.355098510133088e-05,3.2658363760488384e-05,2.6852799684119667e-05,2.7844696105892847e-05,3.2831427321924656e-05,3.341345653660237e-05,3.356682025334928e-05,2.9364479901207944e-05,2.362002914076593e-05,2.2897091772089495e-05,2.2728406665818584e-05,4.10137482122439,83.62286922220176,0.0038122079588143493
2024-02-14,2.619791542233385e-05,2.7231344124914952e-05,2.8368175239336487e-05,2.892714945214638e-05,3.164975704538674e-05,3.1858672610649894e-05,3.096292643887012e-05,2.836588007220992e-05,2.8431610389890148e-05,2.7798167158050118e-05,2.692603744791724e-05,2.5368987827370417e-05,2.5775833753945976e-05,2.4153339213726146e-05,2.5034619412452324e-05,2.4320971720932215e-05,2.3956241250278742e-05,2.3470262087753915e-05,2.4930005631914704e-05,2.706202592748144e-05,2.5851205765983093e-05,10.895489267730717,72.75582318824456,0.0002727926875661234
2024-02-15,2.010639866279915e-05,1.9890162267157184e-05,2.0365777643686667e-05,2.1181429868618057e-05,2.161467584923374e-05,2.2204415885763273e-05,2.214659097134927e-05,2.174337651100793e-05,2.2948637206010085e-05,2.5177438261145033e-05,2.5929793030671532e-05,2.6646577184209554e-05,2.3600408057012057e-05,2.3566028338106748e-05,3.0256647555447936e-05,3.1615551375314575e-05,3.1270914200929785e-05,3.118844390185642e-05,3.2649888772054995e-05,3.2674280729307394e-05,2.8221654573586072e-05,6.256975286382708,353.9822106818982,0.00023497295661755686
2024-02-18,3.1353772938061865e-05,3.0158615052451706e-05,3.0624047735823354e-05,3.14962500299913e-05,3.361600181077508e-05,3.5779191314066596e-05,3.5832085335612835e-05,3.542575149502029e-05,3.668505443684373e-05,3.823819624124455e-05,3.90655227304103e-05,3.929499356123785e-05,4.001573705956717e-05,4.28101076320094e-05,4.638316199503533e-05,4.7245498931728275e-05,4.555537457982327e-05,4.3509799025244704e-05,4.271651982166176e-05,4.172194892928914e-05,4.015130975249915e-05,5.523997143643815,28.683986405644305,0.026096799416429853
2024-02-19,3.4405069583440626e-05,3.4543394553173856e-05,3.840284777919698e-05,4.068450967255873e-05,3.807223666615228e-05,3.3596301828085876e-05,3.260979000450401e-05,3.413324146268668e-05,3.603496491352511e-05,3.711942848268506e-05,3.940913284906494e-05,4.1289654971943635e-05,4.011080620471314e-05,3.684029400940111e-05,3.428035201652431e-05,3.463541409361552e-05,3.5575309706992234e-05,3.5379148549387426e-05,3.496545118708744e-05,3.481035639704817e-05,3.415430690035154e-05,3.285619294431447,149.05783143306746,0.0
2024-02-20,7.805028494851346e-05,6.717118256668972e-05,6.277927151204419e-05,6.354447334248137e-05,5.525679684545312e-05,5.066244415823702e-05,4.730600107926483e-05,4.581269099979187e-05,4.4658343102438616e-05,4.676541736091178e-05,4.8174559110501146e-05,4.924914334311389e-05,4.893458792150721e-05,4.609203853640988e-05,3.638120995229531e-05,3.8745008898090987e-05,4.6676426494403065e-05,4.886913758723765e-05,5.0302200531336627e-05,5.144564245727578e-05,5.302663972166727e-05,6.1291154713779825,82.38350043876511,0.00028365049055709943
2024-02-21,5.5578312053106156e-05,5.195254889229255e-05,4.9755671742068126e-05,5.026487561578663e-05,5.119262070324619e-05,4.937320345022924e-05,4.462267186899408e-05,4.826862272022244e-05,5.096178755524738e-05,5.019125379011712e-05,5.0501822081269916e-05,5.2862477314116966e-05,5.1796995164390107e-05,4.99885143239458e-05,4.717462169276972e-05,4.611247086412051e-05,4.527434327424538e-05,4.747274818121099e-05,4.994641524715787e-05,5.1855930009142895e-05,5.664888715739427e-05,7.195168437191061,42.517625698517065,0.0
2024-02-23,2.981104456707808e-05,3.1257980724691604e-05,3.048357434608138e-05,2.9283141127847033e-05,3.015051190221661e-05,3.0882845491828575e-05,3.064849594494949e-05,3.075724766658348e-05,3.072781364031448e-05,3.0498553021984314e-05,2.9063921071710814e-05,2.8732807385663004e-05,3.0104466453477296e-05,3.090393280826549e-05,3.108406901111111e-05,3.167537808944487e-05,3.2107807302384986e-05,3.094848769360505e-05,2.9130028179470375e-05,2.7818285126126933e-05,2.8054257377321173e-05,5.439557032299014,106.44309963288111,0.03706126765070881
2024-02-24,3.748090571195979e-05,3.524304472970313e-05,3.4378457603590446e-05,3.470153287671177e-05,3.584544689684568e-05,3.7630076664093765e-05,3.758412652358653e-05,3.609634793023158e-05,3.426548595544232e-05,3.2960887299793796e-05,3.1718693403477015e-05,3.139335508783436e-05,3.200978118172147e-05,3.297499968311275e-05,3.397145129547389e-05,3.404860589781724e-05,3.325107402934753e-05,3.321358377046715e-05,3.53181451384713e-05,3.897716350643276e-05,4.0293762728474735e-05,11.027816248199692,50.50840951565897,0.012215082612070495
2024-02-25,3.7656194082815364e-05,3.573056217711814e-05,3.512348010175548e-05,3.309801048027405e-05,2.7855202536391585e-05,2.803748905276253e-05,3.3919307907540866e-05,3.730524495144958e-05,3.97218349084897e-05,3.958774008036068e-05,3.891703546230764e-05,3.820756159037373e-05,3.895523284686597e-05,3.777434599784584e-05,3.651408267740814e-05,3.493188523319923e-05,3.4697277544225216e-05,3.3571891667307746e-05,3.46707980935694e-05,3.844754660441516e-05,4.0955497838081276e-05,7.923071585870687,97.97301673771506,0.0005405130981330983
2024-03-01,2.654990942580904e-05,2.713855574062318e-05,2.8154858570101623e-05,2.8654896504430453e-05,3.1528535658641616e-05,3.543282472089336e-05,3.537248043955825e-05,3.3620615963604056e-05,3.29088071360311e-05,3.312360248037562e-05,3.1874967503131044e-05,3.057171077445273e-05,3.110671712747162e-05,3.42730665197523e-05,3.473092501225152e-05,3.3551576940934e-05,3.309395581047395e-05,3.4132515425373895e-05,3.6526147760482895e-05,3.675012138205845e-05,3.577688523973681e-05,6.68174168585607,74.76175953576671,0.0
2024-03-03,1.3939672364829403e-05,1.3328738235264244e-05,1.3676465855875396e-05,1.453651929279095e-05,1.1160030906023959e-05,5.486554808414863e-06,7.233612052836896e-06,1.2779353476010185e-05,1.4105920864535807e-05,1.4322609365271241e-05,1.4098682176410071e-05,1.6850512727066953e-05,2.0673656957810255e-05,2.3764812572044622e-05,2.0040094356963545e-05,1.253271173034269e-05,1.0878928347219186e-05,9.839298174025469e-06,9.468961551849936e-06,1.1792945118748654e-05,1.3408052334091993e-05,9.53143123401844,70.22087742738296,0.10004865464280668
2024-03-05,2.0641575743148643e-05,2.0522894910193046e-05,1.9775195833497957e-05,1.7515086921818793e-05,1.8337545800908952e-05,1.847421290485127e-05,1.9293679748091968e-05,1.9286863314205566e-05,1.9888341009969984e-05,2.6015739404245684e-05,2.9030496334368277e-05,2.8767262983232167e-05,2.872220164052544e-05,2.8751508751143216e-05,3.070973361000257e-05,3.6723232635602805e-05,4.035216408776786e-05,4.476832544589883e-05,4.5398169956223324e-05,4.520488325217305e-05,4.5043863206854956e-05,4.397743659024638,233.41661360401167,0.18189687811045469
2024-03-07,4.1266770399948806e-05,4.492387487887778e-05,3.824304487880284e-05,3.705660336804944e-05,3.190975116962383e-05,2.593760890645899e-05,2.062360203157429e-05,2.074221940706509e-05,2.3337917934794663e-05,2.401666083082758e-05,2.1907749324038408e-05,2.1699673674453536e-05,2.6193027947222354e-05,2.7098428313500797e-05,2.8748385293575964e-05,2.94431169126373e-05,2.866095931552037e-05,2.8504438430476216e-05,2.677487655639729e-05,2.5183492584038008e-05,2.6665031004334008e-05,5.857553929739643,74.15291028207184,0.1350572125820548
2024-03-10,2.742517453522962e-05,2.738904392151568e-05,2.7983635717034718e-05,2.8850746974936817e-05,2.930208092854249e-05,2.8699894229810857e-05,2.7708288099631184e-05,2.6463403571967268e-05,2.576438005954169e-05,2.6176906720402548e-05,2.6667383066267387e-05,2.6879932746948314e-05,2.7266502094367073e-05,2.7388538079382824e-05,2.7640377753511556e-05,2.8145484328254903e-05,2.827290728459524e-05,2.77755005057777e-05,2.5849106577176042e-05,2.3415634240370667e-05,2.3524276211405124e-05,6.609898757469728,34.24900869086508,0.00013828138538365896
2024-03-11,2.7589751663090358e-05,2.838856571555933e-05,2.7643918139822494e-05,2.6247256083293407e-05,2.50736236762324e-05,2.4366282157139325e-05,2.3224815898287503e-05,2.081268091519066e-05,2.0720206806532702e-05,2.400078048608795e-05,2.6582630223426455e-05,2.705459802950786e-05,2.7643372983698956e-05,2.829199913696066e-05,2.7627571001167727e-05,2.7979410644636036e-05,2.8044552392742026e-05,2.648418673517737e-05,2.5346435295519927e-05,2.4503096124497714e-05,2.62676760348487e-05,10.351093961905251,39.153971323068106,0.0011358002365589406
2024-03-12,2.6982058209289287e-05,2.945446899951981e-05,3.13660282158173e-05,3.303531396809411e-05,3.054965265834807e-05,2.89923537925949e-05,3.049476229652508e-05,3.088401454771295e-05,3.052751519185825e-05,3.1425130723691954e-05,2.827869223121591e-05,2.6745510403844605e-05,2.6598196789885015e-05,3.089105529349515e-05,3.429260888343108e-05,3.5384007461010256e-05,3.4062648020525824e-05,3.316390590266892e-05,3.18240964353019e-05,3.189017163340542e-05,3.233760014047731e-05,4.703847589832633,92.46410844009233,0.00024874586008437035
2024-03-13,2.703842329438556e-05,2.4598054891182e-05,2.588242476934676e-05,2.5896108115574508e-05,2.4475414180375295e-05,2.335236132345141e-05,2.4598426649063966e-05,2.6434771488919185e-05,2.5091164921166317e-05,2.1195836115874676e-05,2.3996109063846843e-05,2.396607238752081e-05,2.3484813329922943e-05,2.280992534732462e-05,2.3595781597860825e-05,2.3907244754893517e-05,2.1441555107414825e-05,2.101684817572603e-05,2.368677326226369e-05,2.094483347299048e-05,1.9193000422440438e-05,9.862050375406106,67.33742652576831,4.501683961680389e-05
2024-03-14,3.102834384591656e-05,2.8422419697646947e-05,2.5896867302214643e-05,2.4995214053645404e-05,2.4995672674539067e-05,2.613240426427855e-05,2.629500541607354e-05,2.5635185168344055e-05,2.3926195733496113e-05,2.1700168133262984e-05,2.440593212424272e-05,2.7208970756982728e-05,2.678181187553001e-05,2.499612173664536e-05,2.425697619439371e-05,2.3817981329511757e-05,2.459437559023452e-05,2.9234772038341553e-05,3.386448570533561e-05,2.8344834292047568e-05,2.0745603361543764e-05,3.975341280946683,133.80742844216775,0.0004859710421969281
2024-03-19,3.6005586111605266e-05,3.9390292495859036e-05,4.2628202996483595e-05,4.003569572431001e-05,4.0076472659115013e-05,3.959619089698742e-05,3.700553036017808e-05,3.547476486511052e-05,3.211136063978374e-05,2.9597968373538493e-05,3.0108780984596618e-05,3.2169358912509884e-05,3.58499251161752e-05,3.682952612381919e-05,3.438475863456251e-05,3.235258450280455e-05,3.5456633862890995e-05,4.032086959003984e-05,3.9006927717683354e-05,3.4027674856742095e-05,3.2189634499854173e-05,8.61402128571303,51.08697116129429,0.00019078864943220114
2024-03-22,1.734866965532713e-05,1.7268230052236197e-05,1.6442847517272528e-05,1.2880904614917691e-05,9.927004883147724e-06,1.0686926147835586e-05,1.1410094335319517e-05,1.1484708293893586e-05,1.1441828754460657e-05,1.1378434124345176e-05,1.020115748985062e-05,1.0883989221621308e-05,1.2716817307761898e-05,1.274650725317588e-05,1.1712415269917199e-05,1.2384566817310733e-05,1.2671795853211227e-05,1.1154938252447756e-05,9.520549019634234e-06,8.434682589964827e-06,7.962539129577302e-06,9.680593635230137,209.60800161325312,0.0003016852502190044
2024-03-28,2.5257364061635238e-05,2.79768602226122e-05,2.850208341970984e-05,2.8393220750426582e-05,2.8067907294581876e-05,2.7228085996462122e-05,2.6910302087064434e-05,2.7606936037176256e-05,2.6830348889726963e-05,2.571147102904435e-05,2.6000241262495376e-05,2.613378871093539e-05,2.6698652828954128e-05,2.5519991952321065e-05,2.5737485145644284e-05,2.7619507479082416e-05,2.7629870068223028e-05,2.584101256769581e-05,2.5678234858662463e-05,2.949631650097097e-05,3.0063372818301858e-05,11.583930792110344,42.57334665471825,8.814306012319563e-05
2024-03-30,3.196545079490127e-05,3.1496189596018184e-05,3.4033515467155746e-05,3.568404144615089e-05,3.46489010568305e-05,3.769351601475803e-05,4.260267588730327e-05,4.58396664278404e-05,6.31319884547875e-05,6.772153628284692e-05,6.783196229659592e-05,5.96892428627963e-05,5.9329634438080577e-05,4.636334198373439e-05,2.7628252048719126e-05,2.671827946406833e-05,2.5101833082137667e-05,2.808708417566122e-05,2.7324074517323482e-05,2.3606297589552925e-05,2.129742909850712e-05,2.851792866154334,330.2612525942506,0.016477958324212044
2024-04-02,8.493109568715002e-06,8.531640513972805e-06,1.0063965999194783e-05,1.0612953236211554e-05,1.0388992470860718e-05,1.0244220348847979e-05,1.0068569670208108e-05,1.0174960698276539e-05,1.2181550770831992e-05,1.2584380561105283e-05,1.1984308077184265e-05,7.427802870174143e-06,7.096893793698493e-06,9.684374405409381e-06,1.146115311773568e-05,1.1455149488779714e-05,1.0385855792022047e-05,9.94491401557264e-06,1.000550542228836e-05,8.039740450676287e-06,8.026235710245985e-06,11.769843494237527,178.82810541796835,0.06715129776960704
2024-04-03,1.8617216071028296e-05,1.9942891658847397e-05,2.101453538921407e-05,1.820217898899443e-05,1.7804498500499558e-05,1.9924996303580842e-05,2.2211598821617358e-05,2.3253061207607226e-05,2.5137237314334366e-05,2.46275020762043e-05,2.3742723333161235e-05,2.1503921674453623e-05,2.3673631251385397e-05,2.414896404831138e-05,2.126982867850794e-05,1.8797675705657873e-05,1.9251140366322053e-05,1.8620646285641623e-05,1.7552737140378425e-05,1.7808846963571586e-05,1.9326630440581952e-05,4.80974072138071,157.96541421412132,4.392402500437238e-06
2024-04-04,3.888464086779374e-05,4.04402441357143e-05,4.143523359607245e-05,4.2415922912528606e-05,4.372332257124227e-05,4.780681875590394e-05,5.034311554312043e-05,5.088088128176555e-05,4.8019175179475535e-05,4.549327650921623e-05,4.47412958214434e-05,4.361523953748093e-05,4.575462644205475e-05,4.648936050869287e-05,4.5360646572381545e-05,4.23048953018338e-05,3.757859842005474e-05,3.599077177399546e-05,3.9047543920471564e-05,4.184866125044977e-05,4.2034420542371974e-05,6.652117224033169,50.379181830368,4.071277282568929e-06
2024-04-07,2.667587927056885e-05,2.6690589613352405e-05,2.6698090149396927e-05,2.6538701768536662e-05,2.6447605972700555e-05,2.5809554453586233e-05,2.391577119906875e-05,2.386021846471045e-05,2.379292805617264e-05,2.2151836401317182e-05,2.061573516440063e-05,2.06624979879666e-05,2.0736244093334246e-05,2.289956333939307e-05,2.356231981129498e-05,2.3691885726466184e-05,2.4370167314733376e-05,2.686201412051935e-05,2.6924724215450656e-05,2.6931550473166046e-05,2.4341014006090094e-05,5.801062306518257,79.9154374045205,0.0002429554359603202
2024-04-10,2.8018574016144836e-05,2.6213807950942523e-05,2.609233055287622e-05,2.8986137069856774e-05,2.961038565874272e-05,2.821887581536333e-05,2.5618766782894938e-05,2.4646332735979683e-05,1.8580622531790937e-05,1.8512039797335734e-05,1.96472879153166e-05,2.1896293401517534e-05,2.148448506547983e-05,2.1213003560332945e-05,1.925799305424894e-05,3.200759205540083e-05,2.7662156533321966e-05,1.999383572079605e-05,1.953738107417753e-05,1.714929931590252e-05,1.7356141806041042e-05,9.026146428498084,163.25490763600442,0.00019578337665258758
2024-04-12,2.9234910075289768e-05,3.0463516011337236e-05,3.1963355735845145e-05,3.392377218148245e-05,3.586811090859428e-05,3.7511542437296524e-05,3.7755811840062576e-05,3.628257255540586e-05,3.227623914545561e-05,2.8797998578645017e-05,2.9853042586989762e-05,3.337143948929578e-05,3.567536524554973e-05,3.311094690223052e-05,3.103026311121501e-05,3.1536994378796336e-05,3.23034703556429e-05,3.273041391981756e-05,3.245960972999676e-05,3.274258665216497e-05,3.408533053287235e-05,7.357212033161998,26.079276993230167,3.2516449717637714e-05
2024-04-13,4.1708737304061874e-05,4.166736459834971e-05,4.10269509553991e-05,4.019325616048522e-05,3.78923282969575e-05,3.494117498354653e-05,3.250517562544845e-05,3.308951152122071e-05,3.558314088530792e-05,3.865038032270951e-05,3.815692215318865e-05,3.5425760670206504e-05,3.586244477392649e-05,3.796516478257224e-05,3.911850531730129e-05,3.78325823174661e-05,3.4940983207671374e-05,3.4255492266248506e-05,3.3857415513968276e-05,3.344125550144713e-05,3.435859662519696e-05,8.513645894783963,44.92955439285873,0.0004757003695442819
2024-04-14,3.1032564302137655e-05,3.5753101492978296e-05,3.6822639821289904e-05,3.4082778150047094e-05,4.5208398864226266e-05,4.622726232608727e-05,4.1782534243406655e-05,3.812054962617028e-05,3.680516927657668e-05,3.5076852385165564e-05,3.337706456350747e-05,3.213744535671369e-05,3.302115627939258e-05,3.5410906216953124e-05,3.657216188585875e-05,3.3765120307285584e-05,3.0384856120950685e-05,3.337060270882978e-05,3.94789052840742e-05,3.592651119425641e-05,3.0518218365085984e-05,4.9326552629986375,43.796056959762154,0.05016270136417402
2024-04-15,4.460914445116325e-05,4.798065875977767e-05,5.3155497643149015e-05,5.603321810479294e-05,5.17377034783451e-05,4.9211725754988184e-05,5.079858772636216e-05,5.1017397139037845e-05,4.7805978587177485e-05,4.34271722785442e-05,3.95707920594473e-05,4.0275701141661857e-05,4.5857113907140425e-05,4.5046692059967597e-05,4.193317034586852e-05,4.150629562135819e-05,4.237697057234435e-05,4.756557517110555e-05,5.2594211613499264e-05,5.292956730361595e-05,5.2433661767092254e-05,10.648813447718046,32.440196103134326,7.248378612593097e-05
2024-04-16,2.669960605516593e-05,2.7072137569765107e-05,2.743555151510505e-05,2.749911177195834e-05,2.8716707968402155e-05,2.9066059827679533e-05,2.750822380292757e-05,2.6638732781923517e-05,2.684263221996389e-05,2.7421224462851244e-05,2.7674965428238184e-05,2.6809256595923227e-05,2.691272474289194e-05,2.7875137697531993e-05,2.7009609864877984e-05,2.4526431272337634e-05,2.2558272787353758e-05,2.0795479083705253e-05,2.0126542417714077e-05,2.3594969912319173e-05,2.7384917008324656e-05,6.571142859164471,125.56755961737366,0.0
2024-04-17,2.9731404611976845e-05,3.059510139325481e-05,2.9447271361292528e-05,3.035092717404837e-05,3.109086407524415e-05,3.0062636510210334e-05,3.105604460185125e-05,3.311650789658717e-05,3.33689214542045e-05,3.367625552415162e-05,3.4522382755717914e-05,3.6697748359513306e-05,3.751473424985012e-05,3.8230377662079735e-05,3.6191851084047645e-05,3.339298096581074e-05,3.1327263978406205e-05,3.0485876104765633e-05,3.1328004631183765e-05,3.2339535571325336e-05,3.276811967331539e-05,8.419326415955162,59.88064066149309,2.5464188738470084e-06
2024-04-18,1.7776655834267614e-05,1.8052412632444282e-05,1.9267288269056914e-05,2.1412211509641223e-05,1.9902093600947902e-05,1.683871625622108e-05,1.5179274019481866e-05,1.3990224235448599e-05,1.5006728662729789e-05,1.638613787688093e-05,1.6037592770564268e-05,1.4919158379518355e-05,1.6132832764731347e-05,1.6919209530412154e-05,1.8221016028784356e-05,1.5946987809139203e-05,1.3956643607280936e-05,1.3980404347773529e-05,1.7880162089583812e-05,1.9761065171809463e-05,2.021585653537203e-05,9.278386159247667,202.69931189689026,0.0008282337172683591
2024-04-19,9.72504900608648e-06,8.127443958777893e-06,1.3328694458482209e-05,1.8991229795349055e-05,2.1132726757774363e-05,1.8511031936840758e-05,1.970864287145645e-05,2.4948099593691694e-05,2.4399759416909804e-05,1.9526882740506545e-05,1.6628736827350023e-05,1.7539919698353156e-05,1.9564882657051382e-05,2.428613990351123e-05,2.501112471599832e-05,2.0679468781142776e-05,1.8962688147387647e-05,2.25167835057046e-05,2.418925497347103e-05,2.454073611964785e-05,2.3871767592464693e-05,4.387726195410661,308.5674860599878,0.09797680750446962
2024-04-22,2.0292909555113808e-05,2.015391486421207e-05,2.0580046112531053e-05,2.09257833869554e-05,2.131858785979563e-05,2.1649655595104682e-05,2.1635833304189512e-05,2.141976072208249e-05,2.1615926568474824e-05,2.175817863353634e-05,2.18523346734977e-05,2.157380340530112e-05,2.11662956205897e-05,2.0897868513807405e-05,2.0854495369988296e-05,2.0840497960967037e-05,2.092197126876496e-05,2.1523314261163967e-05,2.1508038501088156e-05,2.10680706938323e-05,2.143694716123171e-05,11.565530160803599,35.57183778391084,0.0022911877619855125
2024-04-23,2.3113694516023465e-05,2.490655532292975e-05,3.0097183001972805e-05,3.204599163784318e-05,2.9879711536612653e-05,2.7919433932562187e-05,2.7436568506128857e-05,2.7086036134390755e-05,2.9405106651093166e-05,3.104375576103885e-05,3.0037868369917237e-05,2.8137418073549167e-05,2.6423772661865276e-05,2.5509773276508668e-05,2.6176554940946984e-05,2.7217529767464926e-05,2.9487983084175485e-05,3.232814233674571e-05,3.421484864534485e-05,3.4022112931594056e-05,2.9430310861148618e-05,9.600055101753679,216.76528701083564,0.0027429990737675284
2024-04-25,1.5151099246170663e-05,1.6198241739566905e-05,1.642271556836303e-05,2.526481910283854e-05,2.477486150759853e-05,2.5229968397863945e-05,2.5297977309622453e-05,2.4083662607538e-05,1.7665768979675886e-05,2.018933143654933e-05,2.14668722637059e-05,2.4125836312156134e-05,2.133774428964988e-05,2.2519570244049286e-05,2.2109760231200398e-05,2.0397208517586483e-05,1.79779343397811e-05,1.3941278416406585e-05,1.0454679475974226e-05,1.13134936228809e-05,1.2571669306895528e-05,10.457027805667384,2.388521369684838,0.17874935155846736
2024-04-26,3.318194426971006e-05,3.321321198777303e-05,3.056385060107341e-05,2.9305359754207603e-05,2.642168192131565e-05,2.6137171459840504e-05,2.6568610262972196e-05,2.8144796267577702e-05,3.201872905762054e-05,3.3268334998875435e-05,3.2714859890157457e-05,3.0188381222240715e-05,2.990706479486743e-05,3.0302306633003445e-05,3.213723220597145e-05,3.325147328508671e-05,3.323072769541876e-05,3.0330609628255872e-05,2.9921455352704965e-05,3.095078026319224e-05,3.154423389735988e-05,8.101484875378434,58.84841909396482,0.0
2024-04-27,1.6068406135012966e-05,1.7969644478257786e-05,1.9608607787109266e-05,2.0860585911189005e-05,2.0489600165289655e-05,1.905124434696347e-05,1.6722013577823538e-05,1.413980275715967e-05,1.3520417341118421e-05,1.356183124159238e-05,1.3864888099975658e-05,1.2561462900706734e-05,1.2585280348225898e-05,1.4443370679032488e-05,1.7077344604525033e-05,1.924976576573237e-05,1.9627123081445552e-05,1.8052309677773675e-05,1.7118870877506114e-05,1.7469049498815635e-05,1.826627940901963e-05,10.036062314824683,53.45286701566704,0.02066403283833538
2024-04-29,1.0884516917980718e-05,4.881517319377992e-06,-2.3665306506041332e-07,5.475208087360468e-06,1.4737813388352077e-05,1.3941483694167133e-05,1.0230381014695484e-05,7.77709492201441e-06,6.328771928513466e-06,1.1526805937556388e-05,1.5100314348387365e-05,1.6815607320735142e-05,1.70026651929451e-05,1.9576159177093144e-05,2.270486285097106e-05,2.4485649402563886e-05,1.5220040899178963e-05,1.1138417214317005e-05,1.6024766963886346e-05,2.599815701393056e-05,2.998629836653015e-05,6.313016428955642,25.196844743439385,0.12825743924476277
2024-04-30,2.334759757238237e-05,1.8957005246539136e-05,1.8541058749783407e-05,2.2426354755269535e-05,2.516046073726493e-05,2.5013686149106895e-05,2.477913046608615e-05,2.4623978035469518e-05,2.739042977322385e-05,2.8376939929433918e-05,2.841453691304012e-05,2.7927657983783834e-05,2.4211828823730994e-05,2.615391241749448e-05,3.019426116915109e-05,3.0500900128234366e-05,2.9737981311078268e-05,2.660177619838851e-05,2.634001563144141e-05,2.5712809952075143e-05,2.523089488418096e-05,7.755975088960826,48.75747300599875,0.0
2024-05-01,1.7289085325960605e-05,1.6804600019765034e-05,1.5849911654461252e-05,1.7546899110400733e-05,2.085646785812781e-05,1.9736940926205276e-05,1.7212378769549942e-05,1.7053659899372364e-05,1.7055337834890876e-05,1.3847797298568414e-05,1.3002013726325188e-05,1.379815328204314e-05,1.168000737006645e-05,1.196657126464533e-05,1.6050114976327677e-05,1.6066049065199157e-05,1.5602005134826786e-05,1.607649934439285e-05,1.61458119710361e-05,1.601314608828683e-05,1.382225002928541e-05,7.152496423808068,16.815641594155238,0.10505672145969172
2024-05-02,1.5453157917972995e-05,1.9270291521871516e-05,2.2079118112269043e-05,2.1273638615497107e-05,1.952503289117891e-05,1.6901282970641916e-05,1.6285393109844482e-05,1.755776246764941e-05,1.772854658089333e-05,1.7656735171769634e-05,1.7272454323404523e-05,1.8165226026840287e-05,1.88302545645042e-05,1.9479105973811538e-05,1.9813070430420344e-05,1.929817657291702e-05,1.84163415451874e-05,1.6962014324266265e-05,1.6560899101803507e-05,1.835069950243159e-05,2.091534441952993e-05,6.929160292225365,208.39928140113997,0.04011004027863681
2024-05-05,1.3102992856267973e-05,1.5329248514097794e-05,1.758607912570159e-05,1.9066278880656663e-05,2.085839231042747e-05,2.0657209125174472e-05,1.9729077677115588e-05,1.848111607709713e-05,2.2222259584956996e-05,2.664201827374083e-05,2.5650411821979415e-05,2.5731156627491723e-05,2.587065877296476e-05,2.5515057376381497e-05,2.527251349904516e-05,2.6676270027384252e-05,2.575223970890359e-05,2.629008448365448e-05,2.5828237262331154e-05,2.312485353557265e-05,2.30015985418346e-05,8.091147289605669,19.351726883468075,0.06086093949970548
2024-05-07,2.7122778708529732e-05,2.7017913602262404e-05,2.8333299733199907e-05,2.856930294555952e-05,2.8627711627483092e-05,2.8549199844258974e-05,2.9037817256410817e-05,3.051405227342893e-05,3.253242234055318e-05,3.172733346852017e-05,2.9730197880026202e-05,2.5449496135799297e-05,2.563684849355108e-05,2.8603319182647988e-05,3.093771664391202e-05,3.1245195750400674e-05,2.789785620619344e-05,2.6287626076884666e-05,2.665143587943214e-05,2.7560748008881333e-05,2.5014091677261954e-05,10.531817812539826,39.66809983106174,0.0
2024-05-08,3.4016433079586334e-05,3.4891950350863775e-05,3.559227442813759e-05,3.5826734590623294e-05,3.653805169456271e-05,4.161512922899514e-05,4.397604288834825e-05,4.340631737777483e-05,4.1177033690155086e-05,4.109389057575386e-05,4.185481645514787e-05,4.111413598566052e-05,4.0563772901582475e-05,3.578913012924715e-05,3.0704504255116005e-05,3.0134274234519597e-05,3.0531535785787125e-05,3.101314743902683e-05,3.058286580787357e-05,2.9319577286118616e-05,2.910393745223196e-05,3.9383588843567408,2.560055425850692,0.0
2024-05-09,1.5113308167948536e-05,1.5069791765662803e-05,1.5186048524376078e-05,1.5362093561935858e-05,1.585273521785071e-05,1.5608039987134918e-05,1.473040484572798e-05,1.4541086391716013e-05,1.4558534137429602e-05,1.3143195755888304e-05,1.1318542145777047e-05,9.655587851149894e-06,1.0965654201176801e-05,1.70594076960331e-05,1.9920213010788474e-05,1.9853249812166895e-05,1.9689257145071862e-05,2.148068944339537e-05,2.1938576945632815e-05,2.2336009641894777e-05,2.395447225851747e-05,8.23855745317983,252.25398900898796,0.0036505196916010274
2024-05-10,3.538160807791788e-05,3.493940995113666e-05,2.9402705155901675e-05,2.8420769077929887e-05,3.199602665315615e-05,3.0020705638197905e-05,3.058301030962829e-05,3.333661237348135e-05,3.3932357660355095e-05,3.563552856583048e-05,3.420030804486325e-05,3.404375565024857e-05,3.5947052706037295e-05,4.2610674754561565e-05,4.3620106665124154e-05,4.415017990782182e-05,4.611921414350084e-05,4.660705668134802e-05,4.6864996493983e-05,4.365542080522785e-05,3.950915857531423e-05,3.648401464422803,242.27275282607437,0.07459683097753156
2024-05-13,1.5728515990493228e-05,1.6825194696752348e-05,1.651446167222139e-05,1.345431768430813e-05,1.0626544976866108e-05,9.613632976733549e-06,9.43813848542e-06,1.0908757250617254e-05,1.3210663401351318e-05,1.5931813972692753e-05,1.5980636019884657e-05,1.4275877634307474e-05,1.0752669553636558e-05,1.0422492407989649e-05,1.1008202707637595e-05,1.2058264325412804e-05,1.1138292435314207e-05,1.1195821948275512e-05,1.2277409892153688e-05,1.2545391244529824e-05,1.2795389919018252e-05,9.816113032482317,173.5691077395644,0.13997542084243328
2024-05-14,1.870002537782086e-05,1.6585843117844398e-05,1.8314148935626735e-05,2.0535534334758757e-05,2.0253559337786643e-05,1.9038077682184517e-05,2.0909375516401746e-05,2.549497946696134e-05,2.7801092182809245e-05,2.7855450285835806e-05,2.7179884156001436e-05,2.4936737040071478e-05,2.2867079096271792e-05,2.159242792316841e-05,2.0394801135291612e-05,1.9352352899764312e-05,1.9037048868702664e-05,2.0563976382883862e-05,2.2026152895259135e-05,2.244209010183588e-05,2.3127316244703053e-05,6.9415851517035385,33.862277605343024,0.0072712304583502935
2024-05-17,1.7505603940401537e-05,1.961623076076473e-05,1.592725315193773e-05,1.1469695734717643e-05,1.1597568835219207e-05,1.7647259563948276e-05,2.0544432296308415e-05,2.4581303550972275e-05,3.518636071634045e-05,4.033421707661723e-05,3.73967739885069e-05,3.203540201795168e-05,3.027516403255796e-05,3.085875525874964e-05,2.8302627889833383e-05,2.2095053406871967e-05,1.864499170270672e-05,1.1698226610264132e-05,9.667117457610947e-06,1.0252961072556634e-05,1.0748952746149577e-05,2.966046501390866,357.7484133753542,0.014801967238038134
2024-05-20,2.494319406801677e-05,2.9223263059747787e-05,3.226811772183056e-05,3.219143677586746e-05,3.085869433820965e-05,3.0946998759363514e-05,3.0837732199236913e-05,3.284508111691533e-05,3.7342749472693694e-05,4.3619608686180164e-05,4.284740413680635e-05,4.13690385863362e-05,4.2591894431149757e-05,4.561351435080902e-05,4.608725581994606e-05,4.811180135154303e-05,5.076403526351786e-05,4.932524021326926e-05,4.4457006075016736e-05,4.16906636805638e-05,4.0886211375291634e-05,3.5117883743758873,17.488243765717925,0.00013776137592931182
2024-05-21,2.752359522419265e-05,3.067087771635783e-05,3.410529586458707e-05,3.562351003420279e-05,3.2938740028229934e-05,2.8968107798239767e-05,3.0147857086522554e-05,3.289560252969876e-05,2.9670954268133557e-05,2.3607092465933804e-05,2.425662952290896e-05,2.5811147617039964e-05,2.8019361410059612e-05,2.9438541887640237e-05,2.5060686080234204e-05,2.4246437601434182e-05,2.5742151435019823e-05,2.457388610536253e-05,2.240139725778956e-05,2.3932229300716426e-05,2.633646481982549e-05,5.792367040724884,80.48663997694803,0.00011013935186919105
2024-05-22,2.468528773221785e-05,2.3409001535877263e-05,2.2373959949302727e-05,2.045347317725854e-05,2.0139897295306533e-05,2.0164417972537104e-05,2.0900776531955443e-05,2.2718824248801704e-05,2.3383993723101716e-05,2.3457416634548536e-05,2.3784741582476655e-05,2.5929226064967146e-05,2.5995943980361507e-05,2.7169762570197174e-05,2.7596752273475495e-05,2.943090527240212e-05,3.0490185279727827e-05,3.286992824818108e-05,3.1858495012227916e-05,3.187046980287429e-05,3.213007657697426e-05,4.515435525552993,255.73015113345707,0.0
2024-05-23,3.349294294666358e-05,3.558132450624581e-05,3.6011045329616496e-05,3.5374245503073204e-05,3.3779805961771764e-05,3.209910984944118e-05,3.0620467215166656e-05,3.0383355229262377e-05,3.156872803353608e-05,3.299316397372347e-05,3.127062740807042e-05,2.9508091797214337e-05,2.7947149743818035e-05,2.924237492493144e-05,2.966013190900168e-05,2.879320761057079e-05,2.5481601011772653e-05,2.3597875254627995e-05,2.653076019033965e-05,2.933538830621748e-05,3.0453078611668917e-05,11.55194513190965,40.593367281254416,0.0001631452735387142
2024-05-24,1.663987515987858e-05,1.717210989764268e-05,1.6836849378370344e-05,1.595473554474329e-05,1.5375736098611926e-05,1.572787820064221e-05,1.6023673812512838e-05,1.732999869072433e-05,1.958181637784729e-05,2.1926750749490142e-05,2.442642388487134e-05,2.487778000239568e-05,2.3886029058289108e-05,2.183454627401194e-05,2.1290016100539506e-05,2.2206198778327993e-05,2.2395292568087583e-05,2.2272870013145144e-05,2.1672817073232687e-05,1.9670229563057277e-05,1.848558590733129e-05,4.14441762657218,221.33300463404345,0.009320325448735416
2024-05-26,2.8168232021324417e-05,2.757725635947607e-05,2.699942174313772e-05,2.797823836881743e-05,2.7288650332377214e-05,3.0020877610924857e-05,3.0463722205485553e-05,2.912246552560253e-05,2.7373345952276236e-05,2.5114870007878914e-05,2.7947128106440046e-05,3.3969253807756956e-05,3.613195141280057e-05,3.441043467009195e-05,3.2820292926642883e-05,3.332340033865475e-05,3.2415973354548255e-05,3.0445576324046762e-05,3.048465580799542e-05,2.9593897843638747e-05,3.0573660459365936e-05,5.088102919139533,121.06372739325707,0.002342294244776565
2024-05-27,1.2814038816394405e-05,1.0850545920502281e-05,1.2609317506580309e-05,1.4111144358582033e-05,1.5332743155749034e-05,1.4095743822765481e-05,1.344185151190474e-05,1.2793473968950738e-05,1.300567207758899e-05,1.3463766610034885e-05,1.2881423932952505e-05,1.458831054345943e-05,1.804385173689015e-05,1.8519611584667282e-05,1.8455432820224074e-05,1.918176874018372e-05,1.844227587217702e-05,1.794845888994717e-05,1.8157718449918335e-05,1.993396025253562e-05,1.8991749611342452e-05,5.266261796006529,350.5112102754206,5.117389863227023e-05
2024-05-29,2.5643576927646747e-05,2.7643481729722992e-05,3.106172808019117e-05,3.3822569650093395e-05,3.536574943040721e-05,3.7309563757835375e-05,3.999127934028435e-05,4.181318455011636e-05,4.1796349920035565e-05,3.9572328568905455e-05,3.976193822089038e-05,4.090328848852208e-05,4.239142404931576e-05,4.3298523291568536e-05,4.518087044219409e-05,4.7608165852135216e-05,5.0603919318751e-05,5.097327409957598e-05,4.965509651173084e-05,4.4727272385128444e-05,4.359620423508402e-05,4.6180318605079815,20.518658281257217,0.11507064286890448
2024-05-30,1.6792741134020228e-05,1.7669136084134192e-05,1.8689137880015565e-05,1.961163534434856e-05,2.1994170979243828e-05,2.3390668339855113e-05,2.4202834082152243e-05,2.6785658213593203e-05,2.9468985594272093e-05,2.8065643678427863e-05,2.3524672869826785e-05,2.1511044024558763e-05,2.3216600033404127e-05,2.5013372892068032e-05,2.5662792662625973e-05,2.7625500726019527e-05,2.676676534496126e-05,2.5693052335489244e-05,2.5215369168440245e-05,2.613557269903751e-05,2.5629654714522903e-05,8.028957491384212,9.224515816884718,0.005282916611075874
2024-05-31,2.9242152395933094e-05,2.945447570287326e-05,2.8769059917110304e-05,2.7712676712600356e-05,2.9104185974866493e-05,3.2111249325989106e-05,3.377251793239505e-05,3.456633596564931e-05,3.438021493660038e-05,3.509654022096855e-05,3.876268406777861e-05,4.11622564409617e-05,4.53956767545046e-05,6.004762740767823e-05,6.570808213796982e-05,5.46487364017205e-05,4.789709928576673e-05,4.7635198642657445e-05,4.458782828860658e-05,3.579988552871413e-05,2.7743756079743866e-05,3.659898924541458,315.01473750796185,0.00796240524388121
2024-06-01,2.1947070253534298e-05,2.0516967210497665e-05,2.2107817754285464e-05,2.7904815452449413e-05,3.268231486211398e-05,3.587693894983375e-05,3.671587680970603e-05,3.969998863464766e-05,4.1124130526958695e-05,4.51507521233854e-05,5.5513055785136454e-05,6.442730114830341e-05,6.35849535612008e-05,5.960131534756029e-05,6.245098295723457e-05,6.355179534895762e-05,5.717942812837296e-05,3.8578050782832714e-05,3.105548790305449e-05,2.6456166003672582e-05,1.8404600046876657e-05,4.585058008159167,5.1387434377696195,6.43468473405128e-05
2024-06-02,9.857535179549051e-06,1.4852389400692004e-05,1.835749841803469e-05,1.862218356284233e-05,1.653535947896106e-05,1.5511892755179154e-05,1.5588845415268228e-05,1.551765892125811e-05,1.5139258249596643e-05,1.61852575043328e-05,1.751537308888692e-05,1.5436413274918996e-05,1.4791001363317045e-05,1.5866757383121284e-05,1.714104144253091e-05,1.6628440821675157e-05,1.7504785876371246e-05,1.5293187631134636e-05,8.966696934253735e-06,6.932061661115471e-06,1.1394462222757256e-05,10.519994189818128,14.296793714151477,0.022190555571479878
2024-06-03,3.626617880168609e-05,3.809726027100522e-05,3.798175254764273e-05,3.60126463260242e-05,3.386425056488375e-05,3.35483054791173e-05,3.838489597826706e-05,4.284452817345577e-05,4.644840661353078e-05,5.03495531394909e-05,5.457970483401313e-05,5.6332050875503445e-05,5.5243114124188e-05,5.210359000071529e-05,4.567202896755494e-05,3.971848802546568e-05,3.7851097201600834e-05,3.837643985634701e-05,3.9715185498580955e-05,4.089954464881464e-05,4.0928766236188714e-05,2.7223482901758835,219.79129022719027,0.007946355417001321
2024-06-04,1.5257523679803883e-05,1.4618343791926579e-05,2.0339797135176006e-05,2.6276678094493395e-05,2.9098781372081206e-05,3.12980523043413e-05,3.115697857453852e-05,3.0003024598369962e-05,2.8239440784621214e-05,2.9694775621415826e-05,2.828209169134521e-05,2.89924332481757e-05,2.8760599413296158e-05,3.186392766339688e-05,3.304086125961743e-05,3.250347970462341e-05,2.9402120720465268e-05,2.907184921587589e-05,3.072454312920201e-05,2.9453042738018403e-05,2.5947475434686927e-05,10.227982974683785,167.47025544932967,0.10124989698061426
2024-06-05,1.2721343341073795e-05,1.4454773515116086e-05,1.3438011373104e-05,1.2335873254082384e-05,1.609790938854299e-05,1.8342928649087104e-05,1.9172354901823582e-05,1.973970911972584e-05,2.1233533283982598e-05,2.2638101170995842e-05,2.265310887169403e-05,2.173914473180531e-05,2.3178786010733247e-05,2.2695647471776266e-05,2.2275213152296777e-05,2.1803066667965522e-05,1.9142486046308508e-05,1.7446381828227465e-05,1.910978711220822e-05,2.1259366848195136e-05,1.909109948435682e-05,4.803180269678863,5.774983020910213,0.0
2024-06-06,2.3686097600457267e-05,2.0023549337362723e-05,1.2887346013444844e-05,1.030717313130762e-05,1.153778217923126e-05,1.6300013786089633e-05,1.6936492511535077e-05,1.3989444099304556e-05,1.0686228358982307e-05,4.20721573759239e-06,-6.771627151003289e-07,8.254790044027614e-06,2.1844911778398645e-05,2.193399203634482e-05,1.683598834497704e-05,2.2258209306762002e-05,2.705743758953999e-05,2.4077044833082742e-05,3.94914584424589e-06,-5.3508821769906275e-06,-7.643480462793267e-06,3.386709633050971,30.865874729794825,0.14122168306259592
2024-06-07,3.300500315263679e-05,3.3711596158441355e-05,3.144110749764913e-05,2.6348558423276396e-05,2.4181500289329056e-05,2.9325622721376148e-05,3.177354227020816e-05,2.878778084849213e-05,2.7089631445702432e-05,3.0170270330739873e-05,2.8785556991268063e-05,2.6771298907599994e-05,2.9230089807716893e-05,3.2510067574534664e-05,3.121231352524371e-05,2.6400861505836834e-05,2.712774953127228e-05,3.1539353461171875e-05,2.5102634892387417e-05,2.094013959932623e-05,2.6269719488747415e-05,10.378951827218483,17.74294564520801,0.00030782189727360124
2024-06-08,3.253419161725729e-05,3.157788912279099e-05,3.3031471081775405e-05,3.665277983345966e-05,3.7326605127402717e-05,3.433908552922535e-05,3.2036263723680605e-05,3.182828696748608e-05,3.2102659095850677e-05,3.4879440848889406e-05,3.954283923476111e-05,4.1457486120752443e-05,3.615677307403671e-05,3.14695895638171e-05,3.1886019420490124e-05,3.2554597366818806e-05,3.1844215772442227e-05,3.0305566096134577e-05,2.8771039434694072e-05,2.9492216421097187e-05,3.1329849829069323e-05,6.34451866537818,19.987115932778693,0.05775011439160843
2024-06-09,3.244907469337216e-05,3.3145341437783925e-05,3.1844091710334045e-05,3.1773314762712716e-05,3.155579460170858e-05,3.1768089703564284e-05,3.243338207605853e-05,3.363209910992332e-05,3.3756897448299364e-05,3.3871158124244406e-05,3.41965439276036e-05,3.4489837729334566e-05,3.460839412698766e-05,3.491636591238023e-05,3.777663540382706e-05,3.7688211538634004e-05,3.78962007724309e-05,3.872254404445982e-05,3.887967194704162e-05,3.845343700339339e-05,3.522923185387166e-05,7.3087821876825405,257.9135796752415,0.12273381502263503
2024-06-12,3.471822792169753e-05,3.289961610643254e-05,3.322205553974276e-05,3.395940863578804e-05,3.302047785644069e-05,3.251128053899699e-05,3.331405914710246e-05,3.3063537574705127e-05,3.137256646741347e-05,3.047262305293742e-05,2.996805211578986e-05,2.917318264813473e-05,3.0168068430176462e-05,3.0326722844284755e-05,3.030135090164694e-05,3.2303229386754267e-05,3.560638208932251e-05,3.5276961671798176e-05,3.326911332606694e-05,3.2182019004151346e-05,3.115973691715209e-05,6.5646271010817765,16.97751640980499,0.00012983073331049755
2024-06-13,3.113429713393043e-05,3.2835710571258104e-05,3.551761586944663e-05,3.368667520645666e-05,3.1728688378667374e-05,3.159466184744836e-05,3.316764436935844e-05,3.321065033623394e-05,3.378035783713814e-05,3.106264887006765e-05,2.8499967164016666e-05,2.9938158937722548e-05,3.181092524682342e-05,3.076081966326604e-05,2.6554429497173002e-05,2.71434870166714e-05,2.8467679116313363e-05,2.8246778658962836e-05,2.7706012560132203e-05,3.0414739903394017e-05,3.340728044656805e-05,7.268220696738073,16.618210249384447,0.0
2024-06-14,1.9259363788724533e-05,1.821879491983688e-05,1.868884963153123e-05,1.954282402315189e-05,2.074630855271803e-05,2.186879983442646e-05,2.348621336569065e-05,2.3639825689565157e-05,2.277759786236283e-05,2.2193352992443515e-05,2.239712624664686e-05,2.4707661753927923e-05,2.662283230378401e-05,2.5570651106755243e-05,2.190236740319499e-05,2.017190226032211e-05,2.05925106673412e-05,2.2232112149083172e-05,2.1835447270434404e-05,2.2102001409958755e-05,1.8552631741989275e-05,6.481604350104229,334.29223074648576,0.08604375511393234
2024-06-15,1.1305242902816661e-05,1.3517026318194556e-05,1.9595827236115618e-05,2.2149918204149362e-05,2.2571517945169963e-05,2.1859404942573988e-05,1.824649605009537e-05,1.558381180518307e-05,1.5211156707068682e-05,1.55839715521975e-05,1.6798791259162918e-05,2.0677808989338286e-05,2.709573896032698e-05,2.7267118696083566e-05,2.414572822745694e-05,1.984263201993943e-05,1.846172436642775e-05,1.889178841675931e-05,1.8559422405323172e-05,1.646139949814846e-05,1.58034078910235e-05,8.134214689416067,20.68776439358328,0.15599091124206305
2024-06-16,2.2599702632637675e-05,2.2631703341550136e-05,2.1954666518312215e-05,2.1648844355591684e-05,2.0003898019203136e-05,1.866900169941755e-05,1.969443482735074e-05,2.18556171918087e-05,2.4917088100932923e-05,2.444897332533284e-05,2.2177116659300758e-05,2.022252978804646e-05,2.106434171789894e-05,2.336713463798013e-05,2.5331571469688616e-05,2.395364049367669e-05,2.1580237601475885e-05,1.8911143937976862e-05,2.0919162027590117e-05,2.1936642109923935e-05,2.063549923338472e-05,9.325906814295717,5.062421244953214,0.0017748306586211533
2024-06-17,2.9299298031820816e-05,2.7402554866704137e-05,2.745423459174921e-05,2.904534187090933e-05,3.137645097442079e-05,3.1148768974406206e-05,2.9847395621688205e-05,3.091173831942785e-05,3.3003375343457116e-05,3.218286778793813e-05,3.2122146596317606e-05,3.101648925219765e-05,3.109412981124901e-05,3.044162327639192e-05,3.4894027299633184e-05,3.5554857186181646e-05,3.526246712235057e-05,3.563927447450088e-05,3.3645758053703394e-05,2.9650260154402966e-05,2.9221670528386318e-05,11.221990990276634,4.068609794805184,0.029920976023437438
2024-06-18,2.2539925988171038e-05,2.59529831536856e-05,3.06729411080607e-05,3.339510501599794e-05,2.9484866224166585e-05,2.9249334912929316e-05,3.3523551857531526e-05,3.531171996611953e-05,3.343939244715386e-05,3.306068606417705e-05,3.0449153861502684e-05,2.7467093620461555e-05,2.710601957948992e-05,3.3609584375331473e-05,3.68538752144843e-05,3.6387063762779876e-05,3.291069409865648e-05,3.0163005881546737e-05,3.103994129872937e-05,3.3641998446970344e-05,3.3270472939563676e-05,9.530561815172353,10.473792086501135,0.013538302243879995
2024-06-22,2.247154893774376e-05,2.379683712055142e-05,2.5417616269948803e-05,2.7099654743484042e-05,2.3699570309918622e-05,2.5484997670334332e-05,2.759721318842423e-05,2.9450682525981334e-05,2.853014983715969e-05,2.3718041348314244e-05,2.5833714925136484e-05,2.658420312818226e-05,2.4193763214762718e-05,2.2976509757909967e-05,2.427912950319612e-05,2.4897892653294685e-05,2.748333960249918e-05,3.024414632225079e-05,2.8200547572829118e-05,2.8437501738645872e-05,3.1075082731916014e-05,6.197490486308431,56.84150617474006,0.0178389079365664
2024-06-23,2.538408193064205e-05,2.5510895507970767e-05,2.7406972560580306e-05,2.950635204451178e-05,3.036107452014192e-05,3.008755867884467e-05,2.9760664056489562e-05,3.2381876133307844e-05,3.819458459368236e-05,3.841659219153691e-05,3.8711059663336855e-05,4.497673889305622e-05,5.041883184688015e-05,4.656822483871012e-05,3.582714141201538e-05,3.4066728309158156e-05,3.605472974189101e-05,3.630085302146599e-05,2.496578068027555e-05,1.632166036879933e-05,1.4464389554108313e-05,3.561405126278355,9.589113748550517,0.00010893864020989472
2024-06-24,1.2952628814570777e-05,1.3019401673191688e-05,1.5614786409077987e-05,1.8545192056401e-05,1.9653126073590047e-05,1.6001743332567213e-05,1.2958445194080284e-05,1.2369601014957045e-05,1.3153414170622727e-05,1.2324726444613186e-05,7.725674469481679e-06,6.105842750015497e-06,6.098452569206779e-06,6.220071454166878e-06,1.4337007152406102e-05,1.4337007113737857e-05,2.0569496669384306e-05,3.147606065065537e-05,4.429209510869365e-05,3.968688482220427e-05,2.272132311531688e-05,9.318059466880449,10.252967834633353,0.09964676373970958
2024-06-25,3.284054054841154e-05,3.168218015960291e-05,3.156603554423065e-05,3.2056534478115066e-05,3.280811559578239e-05,3.328835824203351e-05,3.318986946407067e-05,3.346613816823576e-05,3.26181322237209e-05,3.16851882382723e-05,3.210311803763242e-05,3.251756906297686e-05,3.163782781988114e-05,3.0276080961559515e-05,2.9643256953741603e-05,2.9121372205314687e-05,2.8787238279684182e-05,2.8771359807322398e-05,2.9362365673081605e-05,2.9875234311640092e-05,2.9612547726759226e-05,2.9589104677839093,56.6752457571115,0.015796169600794552
2024-06-26,3.643497437407893e-05,2.944936987883528e-05,1.84566822859418e-05,1.1500597354196266e-05,1.8880792168130218e-05,2.9824542123904332e-05,4.0500079391562445e-05,4.100946719008375e-05,3.4696584406871076e-05,3.480174090013334e-05,3.590366086226083e-05,3.8768394331934495e-05,4.1763300232711386e-05,4.088991108681238e-05,4.055564777274026e-05,4.183734415005593e-05,4.300343218162598e-05,4.202653445815343e-05,3.911340831688577e-05,3.786057600794173e-05,3.6985838744585476e-05,6.5774866825905445,296.79865748685734,0.23422783381684326
2024-06-27,2.647002211963757e-05,2.4122310495037332e-05,2.6799544105257772e-05,2.9619398636196114e-05,3.181958280072373e-05,3.233728483442037e-05,3.2597859897002385e-05,3.1843609760534647e-05,3.236238357798296e-05,3.208626057198629e-05,3.3776055946538936e-05,3.390827632182685e-05,3.1374075199230125e-05,2.8441679399875447e-05,2.9578940787452587e-05,3.2037225848896014e-05,3.249836702270725e-05,3.3692434645937916e-05,3.227403134693647e-05,3.228667343428873e-05,3.253328665147639e-05,7.653457756584744,9.04017329951597,0.011232596622985135
2024-06-28,4.0261438828688136e-05,4.264484913994209e-05,4.038828678886377e-05,3.803033608158018e-05,4.249936088609216e-05,4.2328945889926625e-05,3.7785794709411286e-05,3.545606560839167e-05,3.6039837618095996e-05,4.055822571428928e-05,4.1877260295190864e-05,3.684087334167335e-05,3.5229495280214564e-05,3.21003986971528e-05,3.0021986761759193e-05,3.2929126192678664e-05,3.432902716278693e-05,3.4722891405178306e-05,3.347964815721683e-05,3.339261224847753e-05,3.555418020442893e-05,8.452424299048054,69.00263445170589,0.0
2024-06-29,2.6077906240290707e-05,2.6119886615848876e-05,2.4224630520474204e-05,2.3562533889714918e-05,2.3420996181390558e-05,2.5274916445429888e-05,2.8941859581384593e-05,3.239546832151543e-05,3.175923908511558e-05,2.950245830002689e-05,2.809056175541394e-05,3.1499853423996346e-05,3.0331941921277678e-05,2.9638686765929678e-05,2.7968917340707862e-05,2.7164110185837274e-05,2.6448914696376667e-05,2.657366111414275e-05,2.6918332134102643e-05,2.7533758540774855e-05,2.33288419752528e-05,3.1120732060463236,241.0073662689279,0.011482007179649261
2024-06-30,2.0138116679850883e-05,2.2015610950970087e-05,2.316509097409019e-05,2.543526237199688e-05,3.062885746586882e-05,3.663551072841058e-05,3.689244322235646e-05,3.7137953861267486e-05,3.449889860957186e-05,2.9427193608733986e-05,2.5792178236949583e-05,2.509911942124066e-05,2.6051489682832347e-05,2.5863385845513427e-05,2.55564769508848e-05,2.502655551804702e-05,2.5493358120328644e-05,2.5418171288024247e-05,2.4418710346812193e-05,2.3974793396323887e-05,2.55694007052896e-05,5.092039481026845,1.4771631527407294,0.2450988803710701
2024-07-01,2.374784553377318e-05,2.3177722964231858e-05,2.1976429767654144e-05,2.261659353624836e-05,2.830597918763799e-05,3.255912224255115e-05,3.173303730015995e-05,3.032670198659219e-05,2.9247048528473977e-05,2.690569116075907e-05,2.4771182111347094e-05,2.6373127736606858e-05,2.764734307355221e-05,2.6572201808044982e-05,2.4800306688118237e-05,2.3931103358865156e-05,2.284838848980785e-05,2.3704338401204318e-05,2.576322941918581e-05,2.3782110361462987e-05,2.1802847638221744e-05,10.882574417448089,19.944086523852548,4.942883103253439e-07
2024-07-02,3.4486888896309235e-05,3.42739261597071e-05,3.6545393164789804e-05,4.072382733231767e-05,4.658074546346491e-05,4.5843063899405564e-05,4.226742542669192e-05,3.9449772543875864e-05,3.737625252316642e-05,3.498878734621135e-05,3.278220549830011e-05,2.957143635554923e-05,2.8781684817400827e-05,2.915796043372431e-05,2.9770761609148673e-05,2.9380243623843816e-05,2.515181715584325e-05,2.2374509494126084e-05,2.236150623956594e-05,2.236150625223984e-05,3.1743577240242257e-05,8.547665354070649,58.02998908501718,0.17282327167459524
2024-07-04,1.9626451613256958e-05,2.27763137949502e-05,2.5835982437563308e-05,2.532487406933445e-05,2.396049295330969e-05,2.6138370819164457e-05,3.0714985282411686e-05,3.291664973280385e-05,3.202403052553123e-05,3.0087606399729552e-05,2.9575262275829212e-05,2.9362422533939618e-05,2.8534629964295154e-05,2.5814189505319027e-05,2.5067953663051437e-05,2.538383930867499e-05,2.406777675870742e-05,2.4152704456216778e-05,2.301362042296781e-05,1.993017015555425e-05,2.1161244685705497e-05,7.777676842750869,204.28843958890963,0.048266184607964745
2024-07-06,1.2049424248913441e-05,1.4413906157828807e-05,1.4049286736059059e-05,1.289870084519835e-05,1.4669897022435187e-05,1.5200997548731666e-05,1.618244483427699e-05,1.6560994939956686e-05,1.5431367133573144e-05,1.3675105758509125e-05,1.3212071444743293e-05,1.4564643453019477e-05,1.610751265867881e-05,1.805404433060686e-05,1.90228787171223e-05,1.864625153527775e-05,1.7363184382082532e-05,1.6843648833420986e-05,1.6394373768573776e-05,1.5455056552807752e-05,1.4461167736773248e-05,6.1471525092487855,18.806059124227602,0.1614069988155662
2024-07-07,1.7708135184580453e-05,1.9630920701647135e-05,1.8266752736696892e-05,1.8116387740668878e-05,1.882860456709573e-05,1.8912082855515463e-05,1.7669602263495744e-05,1.9235387971594987e-05,1.9876632537761994e-05,1.8936717500437325e-05,1.9064016671900476e-05,2.530083124115564e-05,2.624624981171136e-05,2.326483785180002e-05,2.1585067922254275e-05,2.2292511088270073e-05,2.1403708668937207e-05,1.4607066538894722e-05,1.1983290116774048e-05,1.36060651942394e-05,1.4687777057708759e-05,4.29795095098716,288.18559938030876,0.147664914318711
2024-07-08,2.2359529945916418e-05,1.9424378424739613e-05,1.7451955684752868e-05,1.5739633411469135e-05,1.5152081947001202e-05,2.062205101332434e-05,2.3359996838967363e-05,2.1196089900969893e-05,1.7917365121945504e-05,1.851342660917357e-05,1.9370031930982576e-05,2.128552139447331e-05,2.643225114864917e-05,2.6637171708211532e-05,2.601029783992544e-05,2.6123876950047712e-05,3.1526349386095457e-05,3.4568495074053664e-05,3.2596942945223935e-05,3.1161468572320344e-05,2.7898458671957026e-05,3.6911971144637095,229.25146713168365,0.030435493482112976
2024-07-10,3.010667350253407e-05,3.2463740520605865e-05,3.370637678700893e-05,3.3978663446377906e-05,3.4089113031433434e-05,3.691779681897899e-05,3.906060185422239e-05,3.915005547288545e-05,3.426439314006678e-05,2.941542932038315e-05,2.9107228255424115e-05,3.287489936731391e-05,3.587883327816572e-05,3.4599987968652776e-05,3.260225888221274e-05,2.8780546763495833e-05,2.7096123436800823e-05,2.672419988097747e-05,2.5865702210449843e-05,2.679476487725824e-05,2.713298859847235e-05,4.38700642083169,47.949098069887725,0.01584973568799042
2024-07-11,3.541143489522058e-05,3.62968748581312e-05,3.893600335940896e-05,4.342057302300149e-05,4.2867626864184714e-05,3.867559058889599e-05,3.80379579421772e-05,3.828807844246923e-05,3.895133198945854e-05,3.981830528563847e-05,4.049541061414111e-05,4.2891363629183235e-05,4.224305717565931e-05,3.9645579482516094e-05,3.808313665322105e-05,3.6479360602732666e-05,3.5447829886905515e-05,3.4531553469187146e-05,3.40795637901135e-05,3.4377347957359506e-05,3.458841457512858e-05,4.000551270374869,41.90868407709871,0.1789030428762979
2024-07-12,2.512349375949072e-05,2.6401850087433247e-05,2.816533163566834e-05,2.9920491979119324e-05,3.134756488116102e-05,3.203854156277753e-05,3.246416847970753e-05,3.0224434153924187e-05,2.6141117771912098e-05,2.4697756275601233e-05,2.824624485456962e-05,3.0762957981433514e-05,3.067179756557722e-05,3.0303454402765843e-05,3.003005704178155e-05,2.9469145479397892e-05,2.83204417115881e-05,2.6981466133000662e-05,2.5833837402223093e-05,2.5288332640757447e-05,2.778542158039791e-05,6.7132566909563565,32.288455372046656,0.09480033873060732
2024-07-13,2.3302326554194528e-05,2.3312444732848462e-05,2.3581798922998243e-05,2.42000240866098e-05,2.4548193523226144e-05,2.4026930117310035e-05,2.4673669628755327e-05,2.6266674015536007e-05,2.7981810411916074e-05,2.6129088254612375e-05,2.6072967839379207e-05,2.6599419406077004e-05,2.5427106679453946e-05,2.2241013253430376e-05,2.0788859736320206e-05,2.113280236594347e-05,2.0964908510387487e-05,2.2680566852917534e-05,2.4403882008323033e-05,2.323003378096246e-05,2.2837554680238106e-05,7.46042305606232,9.055994930093789,0.0017944879596835683
2024-07-14,2.731024748248472e-05,2.8947490798026805e-05,2.9682170534131177e-05,2.8992969828720922e-05,2.7703478488070094e-05,2.7849789879812735e-05,3.0512947980152485e-05,3.168644932122923e-05,3.119021300472889e-05,3.057699634879962e-05,3.095920876775733e-05,3.325959930124538e-05,3.441962086907848e-05,3.203126855185885e-05,3.3014831911727954e-05,3.16788092757716e-05,2.9898305823423383e-05,3.126217903691354e-05,3.225250993441583e-05,3.0856621728050645e-05,3.114269636374868e-05,7.672307212402493,32.64565819938787,0.0008306263425573022
2024-07-15,3.105293321283695e-05,3.096060200292718e-05,2.9014654054153167e-05,2.736565445650856e-05,2.622348953530098e-05,2.5146126999084944e-05,2.40122221087712e-05,2.554291641578848e-05,2.8234174117719626e-05,2.902993397991697e-05,2.8376579160605603e-05,2.7732121430787705e-05,2.7520978379089676e-05,2.8809868978488377e-05,3.0258646515314606e-05,2.915969577299809e-05,2.7750297235927105e-05,2.798449741815687e-05,2.8837825412474422e-05,2.743506228597193e-05,2.4020367766220882e-05,6.7858889699787674,43.506750037487336,0.04497746114324499
2024-07-16,3.3975550502819314e-05,3.414657230868973e-05,3.447052128339315e-05,3.496578684974762e-05,3.527340495296868e-05,3.8386756035399685e-05,3.869373137207222e-05,3.912769221588876e-05,3.8393642501072544e-05,3.620569899115748e-05,3.3087950024353365e-05,3.1057272938706695e-05,3.0587806745810045e-05,2.823672563604788e-05,2.7453226270460335e-05,2.6816030870598384e-05,2.8208837739259868e-05,3.0323058642729362e-05,3.177950699340228e-05,3.271228305453371e-05,3.1477852947518256e-05,3.191844775982361,58.6587267262895,0.11517553092792257
2024-07-17,2.5150233003705e-05,2.5011383127406467e-05,2.4642550980010242e-05,2.5966296085655487e-05,2.8579658781435228e-05,2.8488731130727554e-05,2.8316857892798197e-05,2.6428847310811122e-05,2.2369969146477468e-05,2.225050677178932e-05,2.2254846649857394e-05,2.2837898180536167e-05,2.778606434295817e-05,2.9375644148408874e-05,2.9475989475016135e-05,2.954610105152114e-05,3.2516095670645646e-05,3.481297961709034e-05,3.468802030919244e-05,3.45292052464896e-05,3.309038819214515e-05,5.091090708197926,256.56189648467125,0.0682789766729773
2024-07-19,2.3897730367090763e-05,2.529204515895398e-05,2.3120669725677025e-05,2.2648274034499578e-05,2.1453040857133997e-05,2.137169362785587e-05,2.1673728832377314e-05,2.4181239284650367e-05,1.86554055936602e-05,1.1106045351872331e-05,1.277789866607995e-05,2.4399094392981534e-05,2.4719126696074366e-05,2.5592509806521757e-05,3.4417471922484726e-05,3.444898550215857e-05,3.284101499232271e-05,1.8525107270225007e-05,1.77403699030993e-05,1.8746293691521243e-05,1.9520502359932735e-05,6.7877355035250435,18.951114566252045,0.16489818692887742
2024-07-20,2.0287925161278195e-05,2.3918312977243843e-05,2.658370907341245e-05,2.5277165346898783e-05,2.0789127498515164e-05,1.7810604668241188e-05,1.6512257400493945e-05,1.63098532028225e-05,1.6913725573922768e-05,1.8334966353215965e-05,2.134253808501174e-05,2.3589666798483864e-05,2.535094864106515e-05,2.9283423309655572e-05,3.221901465000559e-05,3.647752514326368e-05,3.941018898198192e-05,3.9033688433111405e-05,3.623341588068159e-05,3.224969872215894e-05,3.116310338907871e-05,4.426518902930181,221.76881738611064,0.027272546389754702
2024-07-21,7.538098744846621e-06,8.92300237252876e-06,1.0803184738344657e-05,1.1820260369728075e-05,1.1474305708501618e-05,1.1050044412970081e-05,1.2786352560591779e-05,1.3717664900631944e-05,1.0826544444998841e-05,8.926204590282511e-06,9.667098159085582e-06,1.0124348265592536e-05,1.0839215321670222e-05,1.2092556658249356e-05,1.2494481626317786e-05,1.242907598286623e-05,1.2180477000373674e-05,1.2608439322422391e-05,1.2360520279778668e-05,1.1537787399402275e-05,1.0681401830124313e-05,5.468830785203905,218.96997775834453,0.1548052412681769
2024-07-22,1.7770062854541024e-05,1.7516033505183796e-05,1.7916546530482907e-05,1.98481789560527e-05,2.1121524625619633e-05,2.1729731472563613e-05,2.2148228616934874e-05,2.1881909880786962e-05,1.9417908617010814e-05,1.867665408451942e-05,1.8971398384682046e-05,1.874662102898102e-05,1.67829187522839e-05,1.5986896754803667e-05,1.554417482279254e-05,1.5176915411783512e-05,2.6997946305955213e-05,3.338634989123889e-05,3.33863499329487e-05,3.338635009705518e-05,3.3386350248791004e-05,2.7098422430637235,236.68670072080903,0.22656630784796672
2024-07-23,1.9858861274069982e-05,2.082232194911251e-05,2.171999372711495e-05,2.0962370418890436e-05,1.657085997338932e-05,1.3531317087149799e-05,1.6458870547236546e-05,2.0200553639221958e-05,2.3859020218777414e-05,2.6669173426643467e-05,2.905256463408689e-05,2.9520277557658357e-05,3.007544933317468e-05,2.8655591260761352e-05,2.8516476129027633e-05,2.6700444541938652e-05,2.25952191754606e-05,2.2758757497371576e-05,2.5591225673666992e-05,2.828980552110807e-05,2.9435341126580076e-05,2.56752764484909,217.0960265354592,0.2103130965219538
2024-07-25,1.7328259071907848e-05,1.5876598560234274e-05,1.581862364606985e-05,1.978080314715104e-05,2.3461910721726725e-05,2.355780031023064e-05,2.493714967200084e-05,2.544439634538655e-05,2.523831161484684e-05,2.3973902761863357e-05,2.3661920455168227e-05,2.417737063207671e-05,2.761261062397837e-05,2.8226931603522624e-05,2.624925294798904e-05,2.252819318321629e-05,2.2256966708354644e-05,2.298156982460368e-05,2.6443559968628247e-05,2.653904401664303e-05,2.8457350566818585e-05,4.022251105333185,342.24259171523323,0.05633806710223548
2024-07-26,1.4820081826506195e-05,1.5153734111682256e-05,1.5849358093664246e-05,1.6574133779758495e-05,1.8542676144317943e-05,2.1636704156013393e-05,2.4412601014425188e-05,2.3726723978469175e-05,2.0332376188233604e-05,1.6607062141634593e-05,1.6375869503023393e-05,1.6561935362147887e-05,1.69650475526262e-05,1.7684399964975445e-05,1.8391957244913192e-05,1.7686559879807527e-05,1.6836812919639613e-05,1.670899813947166e-05,1.7901315589454502e-05,1.7287819916816776e-05,1.8253582920319896e-05,8.130426677493489,354.8450375552152,0.032659128030101785
2024-07-27,1.06277132145879e-05,1.2847206936586091e-05,1.4328779766795949e-05,1.6286407794517866e-05,1.8293781311275324e-05,1.912400470175055e-05,1.9853441475362108e-05,1.994698351881655e-05,2.078325351841726e-05,2.0658098090614547e-05,2.0603106747392117e-05,2.1188745207200677e-05,2.3281029549170253e-05,2.371812717392386e-05,2.373597250054965e-05,2.3045690439550517e-05,2.2798050657503197e-05,2.2391550275154283e-05,2.2152926140288477e-05,2.2076031201423803e-05,2.2319792264138304e-05,8.629368683230695,19.32494867270492,0.15850998181241147
2024-07-28,2.2732438556751602e-05,2.1944986676495426e-05,2.2247988169466636e-05,2.2152312154881937e-05,1.8739587928565385e-05,1.641317764230174e-05,1.8772860836844806e-05,2.0086148400998813e-05,2.0369464124345118e-05,1.9601383751027477e-05,1.613270137426713e-05,1.6898596467606138e-05,2.0445310155774593e-05,2.196095307075346e-05,2.014648318325903e-05,1.733044149688602e-05,1.5864562769604263e-05,2.0645355534391132e-05,2.2153294749013312e-05,2.0254723979776834e-05,1.9152891687259382e-05,10.115044961134009,15.250654917956297,0.00045375536440669473
2024-07-29,3.3733885611640056e-05,3.4422487019762704e-05,3.453680188192861e-05,3.481914741176054e-05,3.4985348179805494e-05,3.406329052732535e-05,3.339955325498758e-05,3.594395234449359e-05,4.349345242369487e-05,4.62026728763766e-05,4.322333612703445e-05,4.127903380053164e-05,3.8461553678605415e-05,3.6570365651493313e-05,3.427364157773826e-05,3.452167214715376e-05,3.6659002570190814e-05,4.058069074696051e-05,4.2861209938274544e-05,4.4393342841270076e-05,4.3544542377331844e-05,7.250063882875103,19.678947101151095,0.004247180636584152
2024-07-30,2.671693620223346e-05,2.363331434221951e-05,2.474787074976608e-05,2.7241041832526964e-05,2.994596604410836e-05,3.08190020430563e-05,3.424972831974173e-05,3.533677188824252e-05,3.6083167628939375e-05,3.7721289474377655e-05,3.8212654978930616e-05,3.785163616769752e-05,3.50521996911135e-05,3.269860260435286e-05,3.004874695012813e-05,2.6224036878596543e-05,2.5465653970319708e-05,2.608485931130831e-05,2.8697747531520388e-05,2.8957785576329645e-05,3.0517309765713977e-05,7.110389713795159,4.954694606527482,0.00010814055941924322
2024-07-31,2.875757792759109e-05,2.663787481571654e-05,2.5763934799990064e-05,2.6273516800921848e-05,2.715809522944001e-05,2.785711398136689e-05,2.874570697025333e-05,2.9704242697195225e-05,3.0472225684546523e-05,2.91236773354666e-05,2.781396000110571e-05,2.788746327100761e-05,2.9335761717476267e-05,3.0117810810379435e-05,2.9059162214910616e-05,2.9964632898698534e-05,3.18750073288998e-05,3.329070621668056e-05,3.3238335941862784e-05,3.227475255676975e-05,3.018990208569482e-05,7.105557372772096,15.291263078968427,0.000289844357267295
2024-08-01,2.1422629433031662e-05,1.9819142961903086e-05,1.883608226530983e-05,2.0499325883452827e-05,2.3885276890573254e-05,2.6934144390581133e-05,2.865800695372667e-05,2.9235192742396903e-05,2.8131490615792085e-05,2.587031776780714e-05,2.555482709051979e-05,2.722715609288967e-05,2.901367375726497e-05,3.067478889667831e-05,3.2537795865473815e-05,3.404427460898353e-05,3.596749542768688e-05,3.6895853629553936e-05,3.737689997060131e-05,3.77494665400526e-05,3.710795139888776e-05,2.947794111714202,313.29281058344225,0.05919234522199605
2024-08-02,3.0380772337247753e-05,2.9625730686926402e-05,2.8853535711847942e-05,2.8173518941902555e-05,2.6812905505502245e-05,2.6286695258781193e-05,2.6652145307512437e-05,2.7768734130005656e-05,2.8332062425134078e-05,2.8930683458486494e-05,3.0824523677283844e-05,3.355428953277877e-05,3.606519548093143e-05,3.769474417300698e-05,3.824168039982253e-05,3.735066116802451e-05,3.571225034262897e-05,3.44246744779108e-05,3.421944023925385e-05,3.398570874075835e-05,3.337275927197208e-05,5.7234888098437295,302.5886755788959,0.005062348547682341
2024-08-03,1.9011193518974925e-05,1.802534263760085e-05,1.6795718693808104e-05,1.7762688445741475e-05,2.135904615628155e-05,2.2697829145177785e-05,2.412848538011904e-05,2.5313285437411594e-05,2.53545609250359e-05,2.482708477469882e-05,2.687096261680201e-05,2.7188326727495016e-05,2.5503209404565614e-05,2.487295689853608e-05,2.4735080502607296e-05,2.2448277727605493e-05,2.1617342583498272e-05,2.297983785028154e-05,2.7095930907028655e-05,2.728268391041697e-05,2.4347668650471627e-05,5.459365434733136,347.1784881209423,0.01512107601140781
2024-08-04,1.621938870325637e-05,2.036967118261319e-05,2.2667679189446043e-05,2.525840058488335e-05,2.442901127047055e-05,2.249555482417245e-05,2.1331608528375435e-05,2.1189538446745168e-05,2.1370037021093666e-05,2.2275141315964037e-05,2.4167968143165416e-05,2.657361203831127e-05,2.6394183919283942e-05,2.7210173820378906e-05,2.5106524308887678e-05,2.3864023534483665e-05,2.2755463127849616e-05,2.4405400864435495e-05,2.5144883133385586e-05,2.6978325151483275e-05,2.5526151476868e-05,5.014919600298766,356.17275650739424,0.05379875881559303
2024-08-05,2.7665985551618817e-05,2.856966926162919e-05,2.9256742900174394e-05,2.903702839832019e-05,2.6681492170478645e-05,2.4719873311570078e-05,2.5511172669853534e-05,2.55668395457949e-05,2.462577184044977e-05,2.6519934709589996e-05,2.9408765240501852e-05,3.077640921022592e-05,3.098340153325691e-05,3.299747538647127e-05,3.2278059729801324e-05,2.962105402923058e-05,2.8317221427969788e-05,2.9437794662859756e-05,3.1709761348943936e-05,3.0842339623062706e-05,2.8997715530924683e-05,3.5657140531075244,7.597829222168741,0.0
2024-08-07,2.309394784374084e-05,2.329000264926454e-05,2.535782524334218e-05,2.7315397574449493e-05,2.904337342605318e-05,3.1928755147003e-05,3.144520042993987e-05,3.025893966171943e-05,2.6804245001000064e-05,2.4879897789724755e-05,2.6817513261911746e-05,2.959862955376146e-05,3.0891183450616615e-05,2.8331339084999507e-05,2.611484460202121e-05,2.4664731788200444e-05,2.431061903294394e-05,2.5536756580429993e-05,2.708079944012096e-05,2.7413626853311046e-05,2.6109258166982797e-05,6.422725907711413,32.080050589185646,0.001957443845873186
2024-08-08,2.3362783166091563e-05,2.3000360830362873e-05,2.5611834703925773e-05,2.7898523768378505e-05,2.54968615917831e-05,2.322909042462234e-05,2.143654180816699e-05,2.1132759202516663e-05,2.677845955889375e-05,3.200562865374878e-05,2.7939782725550087e-05,2.501162392722e-05,2.532305145537523e-05,2.7514524810786193e-05,3.157918143268854e-05,3.330339700639606e-05,3.275657387615006e-05,3.412923674227739e-05,3.666488185638775e-05,3.145246810437372e-05,2.5164913098992946e-05,10.289813426757055,218.84539305627504,0.006003379356094256
2024-08-11,3.89877552064824e-05,3.9712084333178064e-05,3.2036206261029506e-05,2.9105331052145817e-05,2.9064439448663675e-05,3.1584942153155976e-05,3.4604800463108966e-05,3.674027380654819e-05,3.8235647548467866e-05,3.564708218163188e-05,3.353588071759738e-05,3.397340513265645e-05,3.319260470813185e-05,3.3820069014884775e-05,3.356962490937295e-05,3.338444635626578e-05,3.395379181151364e-05,3.406695442023985e-05,3.4914684267549515e-05,3.7541712674954416e-05,4.323913165896651e-05,6.118592364769632,52.712321761448095,0.07263026135113212
2024-08-12,3.305233611090079e-05,3.347858013973645e-05,3.306745321087289e-05,3.222840203376618e-05,3.288007270617207e-05,3.4530639790860776e-05,3.542874667356337e-05,3.4299439074123933e-05,3.436041261619546e-05,3.4876604221054554e-05,3.546155080022341e-05,3.5538908014519996e-05,3.621862415998435e-05,3.696017553567422e-05,3.610855827673391e-05,3.372724174152522e-05,3.26045103890844e-05,3.1919276027288277e-05,3.191394148506118e-05,3.207969131516014e-05,3.2470230810519364e-05,5.743226331978544,13.876487886379095,0.007263876213534338
2024-08-13,2.3642882562416895e-05,2.547974643822534e-05,2.563955559345041e-05,2.434391595964968e-05,2.3536246599469177e-05,2.5711444379703135e-05,2.563036311835608e-05,2.482979823960749e-05,2.4399190509805676e-05,2.4564742716814287e-05,2.6038587066305708e-05,2.8052973901029902e-05,2.78808788306016e-05,2.7540111557305183e-05,2.94761013125709e-05,2.868152588910469e-05,2.568955421480738e-05,2.1821468478912605e-05,2.3672880065063325e-05,2.6548703126911143e-05,2.5775532183077564e-05,7.326724510276217,11.274628183075777,0.0
2024-08-14,3.88408789599053e-05,3.623431644670318e-05,3.557660279024459e-05,4.273235065415507e-05,3.9461576596315345e-05,3.480740748131316e-05,3.197823132157408e-05,3.05367495127441e-05,3.074333402168605e-05,3.2591659567900554e-05,3.195492567903063e-05,3.176844912982929e-05,3.072000473044773e-05,3.214315570340021e-05,3.37734932135169e-05,3.407944554806154e-05,3.441411989862992e-05,3.728760494645383e-05,4.2039249631439294e-05,4.026358479629443e-05,3.5560845253802706e-05,7.610705689029052,31.451769641956275,0.16283511916703386
2024-08-15,2.8141257826766783e-05,2.6098543661684475e-05,2.8823261280057352e-05,2.8754645686218633e-05,2.906933075844201e-05,2.6909997369044574e-05,2.745065322146249e-05,3.4020666784932826e-05,3.086680791191092e-05,2.484108356478481e-05,3.133318396237101e-05,3.9753698951162604e-05,4.352852961708442e-05,4.724829421881433e-05,5.961707761436884e-05,6.118436580411527e-05,6.452302821914353e-05,6.0554877791550625e-05,5.5458857481301706e-05,5.172350583521715e-05,5.503536149799396e-05,4.088385714382178,250.6164985179489,0.007337763490216159
2024-08-16,3.529302342365748e-05,3.35390776020468e-05,3.2763569646427134e-05,3.493902625897569e-05,3.293654195458721e-05,3.174933056429102e-05,3.202682987666771e-05,3.409102345759933e-05,3.6881428124356836e-05,3.860532999480524e-05,3.889701980356244e-05,3.569366784698078e-05,3.3162041298675124e-05,3.0230392482176147e-05,2.8167172168224484e-05,2.8969735721765692e-05,3.2866442155201416e-05,3.505646411893253e-05,3.353671662898254e-05,2.836837576265378e-05,2.8182632450690477e-05,5.329578875273339,46.01688229943221,0.0032778356862635315
2024-08-17,3.341486721422182e-05,3.402187152792484e-05,3.5239745430014216e-05,3.655871026384817e-05,3.866641532250632e-05,3.998412596786818e-05,4.0394569598878196e-05,4.0959503811798086e-05,4.086222507447467e-05,3.94717904126914e-05,3.595783143181864e-05,3.216210352978228e-05,3.111068010154897e-05,3.1211935982601154e-05,3.137657786133469e-05,3.039855794803619e-05,2.7955894030988353e-05,2.659734960744775e-05,2.733233701439154e-05,2.7051995852865017e-05,2.539049211172431e-05,5.044404308826714,23.3336940874824,0.0037520948854611203
2024-08-18,1.933965276194892e-05,1.9957528285846996e-05,2.048934495181441e-05,2.024266370714254e-05,2.252185781190842e-05,2.5894734436607382e-05,2.788433111849574e-05,2.6641680366188218e-05,2.499606047644533e-05,2.648899619790151e-05,2.6788713677920253e-05,2.740866836435138e-05,2.658718998622496e-05,2.57865236562594e-05,2.5165764905030256e-05,2.4225203458919176e-05,2.2505539895070886e-05,2.1075867774959956e-05,1.9901957196527784e-05,1.9626408931993124e-05,2.0788262588444164e-05,6.526665139722813,39.861835104921,0.0
2024-08-19,2.9345819816484763e-05,3.0556409796814094e-05,2.99177897610981e-05,3.1141286007679636e-05,3.253877822464385e-05,3.054345938141026e-05,3.052379207229119e-05,3.23337676872736e-05,3.1282169444272994e-05,2.798378964753824e-05,2.6892135772708515e-05,2.6443257642605646e-05,2.730604278568998e-05,2.9127164428641636e-05,2.8734820235441786e-05,2.7509254107034643e-05,2.605882331124357e-05,2.626737625316316e-05,2.8073418084907274e-05,2.7826585718552308e-05,2.56093687234466e-05,3.312748593112398,42.47149264827493,0.000308664200369509
2024-08-20,3.654890970457767e-05,4.227860866242066e-05,4.7023494848473044e-05,4.895043696797717e-05,4.421398411443658e-05,3.7773773716627685e-05,3.9593586915994794e-05,4.2268353191140975e-05,4.3937451393917954e-05,4.420003856198389e-05,4.266879932644536e-05,4.055700427151937e-05,4.07540144001251e-05,4.33048309570411e-05,4.573489995260121e-05,4.967170509551934e-05,5.154898747767729e-05,4.9184094167974866e-05,4.833653971296497e-05,4.872670311606473e-05,4.813781710724846e-05,4.133446662899859,44.2559766666277,0.00020979095510724024
2024-08-21,3.886354826231458e-05,5.4129174100180795e-05,5.5278018538358696e-05,5.35921332753016e-05,4.697035074330397e-05,4.193695168551014e-05,3.857334479701658e-05,3.389683896317356e-05,3.244856398262883e-05,2.9567546959011753e-05,2.336085999417601e-05,2.2843306368741995e-05,2.4340651644356576e-05,2.2064280903269396e-05,2.380844124070324e-05,2.7171099152310424e-05,2.528022910348705e-05,1.944597554310969e-05,1.8823585585634324e-05,1.6944714615194157e-05,1.4672101851787739e-05,5.070699607493962,38.72097138926415,0.20714398259433192
2024-08-22,2.8775822818799486e-05,2.9588149342362565e-05,3.105844074575363e-05,3.518810493841179e-05,4.0091700747496196e-05,4.287991013731606e-05,4.669186066951521e-05,4.7942962756065675e-05,4.5297217157942544e-05,4.2253581130782097e-05,3.944981105462693e-05,3.7639970319749384e-05,3.728960252366762e-05,3.8232519955269184e-05,3.973776777846138e-05,3.916253270870919e-05,3.722231736019668e-05,3.5931427658520534e-05,3.5886376131567083e-05,3.432002184109793e-05,3.2743871083342564e-05,5.540618242622412,14.907225195883939,0.00035164848365452364
2024-08-23,2.9176487851584284e-05,3.10212291804162e-05,3.355581203778548e-05,3.880897660285329e-05,3.831857435821444e-05,3.498534474846339e-05,3.241674657021587e-05,2.975339152300426e-05,3.0269253644985055e-05,3.067074914748469e-05,2.9671124481109503e-05,3.0491752076956898e-05,3.25588399088161e-05,3.4886861908310976e-05,3.5881517699392e-05,3.6698878903090125e-05,3.5210138416369393e-05,3.367239477502249e-05,3.252257093534042e-05,3.2754810687180247e-05,3.398284706570618e-05,8.591709663077179,48.77161226327388,0.20073435282100993
2024-08-24,2.889182111461198e-05,2.7786006732244575e-05,2.4826375840764665e-05,2.2280315779917463e-05,2.54720694126386e-05,3.604113591339521e-05,3.816992230301685e-05,3.5134036003867333e-05,3.158618218805694e-05,2.8087320943759887e-05,2.3639144919162095e-05,2.3781183326261945e-05,2.6134802960076763e-05,2.7580551908369094e-05,2.6695788970903052e-05,2.450195187587381e-05,2.3233224303318252e-05,2.3283549463265964e-05,2.2974990101215587e-05,2.2366019460602555e-05,2.2572451221460698e-05,6.235685876576063,34.104430529960894,0.14128758346562104
2024-08-25,1.0658274269431426e-05,2.1670179319138962e-05,2.145573315925322e-05,1.982271297415957e-05,1.9728835627038845e-05,1.7185095655870427e-05,1.7284377608552868e-05,1.2823950771900562e-05,1.1132072801629215e-05,1.2524689430371649e-05,1.8249583974879776e-05,2.1617574490502174e-05,2.2979622124578783e-05,2.198896851604599e-05,2.0296601872809838e-05,1.8953568095463947e-05,1.9374885207879777e-05,1.6342060361858555e-05,1.4962531899760444e-05,1.4362962435117719e-05,1.820311217002359e-05,5.530468507623386,0.24506582271010302,0.1666738427928498
2024-08-26,1.2417110467866933e-05,1.466700888250995e-05,1.592396092477326e-05,1.9580640235093415e-05,1.6550268354308392e-05,1.8078088520828016e-05,1.9716192295961024e-05,2.1977227108235294e-05,2.44832518192763e-05,2.3873579083502047e-05,2.314196024155601e-05,2.491478952349931e-05,2.5759076186209273e-05,2.5614300724779814e-05,2.457294196859788e-05,2.8624199678376528e-05,3.127198806067236e-05,3.250086049472615e-05,3.025447501570387e-05,2.8793528976472116e-05,2.6617809495304565e-05,4.338071529907319,315.11689895420534,0.12384946737114376
2024-08-27,2.582966861960457e-05,2.2396203895427554e-05,1.5757125667841244e-05,1.316712395664756e-05,1.2578291521016822e-05,9.748281372557925e-06,8.744833568624771e-06,1.0551367707010486e-05,1.9914515786389164e-05,2.1613340459371237e-05,2.1419696627772143e-05,2.0701951907593108e-05,2.053791229921405e-05,2.0288982719698805e-05,1.969016146081311e-05,2.104633407299073e-05,2.38343376262066e-05,2.53869582863698e-05,2.5385684209697544e-05,1.8010778518631884e-05,1.0963339229497462e-05,3.5490712813244865,340.5836337090356,0.15575179127037037
2024-08-28,1.444179953906449e-05,1.4139957912322053e-05,1.4442917863754797e-05,1.4615081334514632e-05,1.597279815098222e-05,1.6786670994901123e-05,1.781415757824949e-05,1.878660538027313e-05,1.893554247002519e-05,1.8629989927024793e-05,1.8026539855917236e-05,1.8211237253621828e-05,1.795132378533135e-05,1.7067823226670156e-05,1.7096243284027767e-05,1.842991702699716e-05,2.033096368979363e-05,2.2444925945499475e-05,2.4336212571224602e-05,2.2388946859298565e-05,2.055041247987933e-05,5.5017551975941625,351.1822371163492,0.14808895415082227
2024-08-31,2.1215468931473577e-05,2.4961354543386793e-05,2.6393336355597572e-05,2.7082662465151826e-05,3.094605940142886e-05,3.299386418921331e-05,3.223117344323462e-05,2.84295403676357e-05,2.6596003790147962e-05,2.8900472687274895e-05,2.977282182670327e-05,2.916015353820319e-05,2.530648932970038e-05,2.952576698205789e-05,3.32069652275876e-05,3.3255969804457314e-05,3.1640657449271546e-05,2.847187444568272e-05,3.074501027107808e-05,3.0652433655210907e-05,2.8416736224864456e-05,3.0922646827363387,222.69663491823866,0.00041151794048856915
2024-09-01,2.06125324978764e-05,2.0437518156323005e-05,2.008473458151109e-05,2.0933749391782635e-05,2.289509614428058e-05,2.152865490242588e-05,2.0496616096408734e-05,1.767107437296893e-05,1.5169254528854053e-05,1.5123659297540436e-05,1.6728974536481735e-05,1.5736279918414646e-05,1.4700806556344526e-05,1.5481972837791793e-05,2.1741408123224558e-05,2.7026247077315718e-05,2.5739059691612417e-05,2.544553869163895e-05,2.611465332679248e-05,2.6798464639855992e-05,2.435785229261115e-05,5.7596619526718165,232.79298232928338,0.053506719039563166
2024-09-03,1.9909318341617524e-05,2.073094931750877e-05,2.2043795974080734e-05,2.175782012558128e-05,2.420427157267844e-05,2.8529922449715053e-05,3.4619792000265814e-05,3.428180146830476e-05,3.1506621218782476e-05,2.8431180474714315e-05,2.939647064398158e-05,3.0049706886287884e-05,2.8066990917916344e-05,2.540044242635802e-05,2.507162046597082e-05,2.830834082541374e-05,2.9849069785151587e-05,3.0160738044737137e-05,3.057579032836709e-05,3.0184580924099208e-05,2.8358758758861224e-05,2.8989024858846135,346.8667917807265,0.007912403417949528
2024-09-04,2.397881022074324e-05,2.4945148553542198e-05,2.3888722765165875e-05,2.010140779103246e-05,1.7667707456893e-05,1.761551277529336e-05,1.7620059782474094e-05,1.6373811792306107e-05,1.693900718009298e-05,1.9628756608945437e-05,2.1135174582910557e-05,2.0924177750475805e-05,2.1969893371898606e-05,2.187145897075807e-05,2.1351422670438576e-05,1.661247565716874e-05,1.6579491001127287e-05,1.6504030726691055e-05,1.758497235606932e-05,1.785212516931132e-05,1.785038592031099e-05,3.8891525937340314,3.664079335904262,0.14665912359635422
2024-09-05,1.3852481194570705e-05,1.8743537344654202e-05,2.3916256814958764e-05,2.527972174553768e-05,2.364949802969842e-05,2.1674692081730893e-05,2.1445599537861382e-05,2.0654081628562192e-05,1.6175915756854713e-05,1.4592684397201789e-05,1.5487023921653506e-05,1.9455383746874178e-05,1.8986616003672175e-05,1.6048558878703512e-05,1.9123344465343348e-05,2.2856782123092324e-05,3.07057096090417e-05,3.332992960182312e-05,3.402560883569554e-05,3.531033384719985e-05,2.905126367670116e-05,4.456771500989037,224.32634004037567,0.21465628063263162
2024-09-07,6.7191642339611505e-06,7.618875052985711e-06,8.727545314319402e-06,1.038977205409436e-05,1.1890738150721504e-05,1.1273891769277626e-05,1.0532106536583993e-05,1.1055993414585009e-05,1.2229298383033037e-05,1.3409537294171346e-05,1.288449894626924e-05,1.2091184853282702e-05,1.1547375684005048e-05,1.2950887687374017e-05,1.4808272453083179e-05,1.3639419815574058e-05,1.1701345546909371e-05,1.0439266720048968e-05,9.481300784630426e-06,9.1976552790247e-06,9.69086634234232e-06,2.965778610799393,13.50055463728205,0.07344822056504019
2024-09-08,1.641977458940019e-05,1.6256265113213485e-05,1.6002581906783112e-05,1.6470145166943824e-05,1.9326474305510717e-05,2.06318966425338e-05,2.0399766182361763e-05,1.876719357033244e-05,1.7152827132984484e-05,1.8810214672451966e-05,2.2346167735680864e-05,2.3776525993760297e-05,2.178533620475786e-05,1.9265936000528453e-05,1.781400222593876e-05,1.6391790827553047e-05,1.5200389165318996e-05,1.468204895258872e-05,1.4697321938783173e-05,1.550373437144894e-05,1.636973360189574e-05,5.369751924605395,24.724919050403116,0.060186057450712004
2024-09-09,2.366373279648101e-05,2.4100892883394076e-05,2.5980514065010207e-05,2.515014209040289e-05,2.4579676140109284e-05,2.424520783707808e-05,2.415475863421786e-05,2.1525929730848293e-05,1.687939383613119e-05,1.7177015968078732e-05,1.9495153104753843e-05,1.9402463786760012e-05,1.9038874333856736e-05,2.311458654226138e-05,2.5578180149297824e-05,2.452500063455758e-05,2.371037307397282e-05,2.324798942476888e-05,2.4871451013003423e-05,2.4204226406293233e-05,2.221732468494053e-05,7.740622522303161,4.116827049324286,0.014778117017665689
2024-09-10,2.4877436981342983e-05,2.3732367323400025e-05,2.3137267265538357e-05,2.2755019903104977e-05,2.529729591780092e-05,2.7015057062453498e-05,2.595720434982252e-05,2.6415310033520755e-05,2.3764159614309618e-05,2.289631621226356e-05,2.5606298224251455e-05,2.929930979920226e-05,3.129275285117326e-05,3.069264895049934e-05,2.8260119070682388e-05,2.7594037688659418e-05,2.7876249741096298e-05,2.835263842282594e-05,2.8735990387272852e-05,3.008777654185347e-05,3.064279382615894e-05,6.273397675903291,5.5881553036215905,0.005134493418797579
2024-09-11,3.097586438875845e-05,2.963587725513687e-05,2.9171727569931368e-05,3.185008294205993e-05,3.1313173932286796e-05,2.9763282352533064e-05,3.032889156734035e-05,3.312286397732673e-05,3.2976188265069384e-05,3.344336772846857e-05,3.618267567255834e-05,3.5763147588513754e-05,3.199891266240065e-05,2.687698531471541e-05,2.7701337184914184e-05,3.138347590452687e-05,3.3154018820827155e-05,3.419768935021728e-05,3.425541428782733e-05,3.289451360813555e-05,3.358816793588289e-05,6.754795084737867,1.8818430480664574,0.004085922902494118
2024-09-12,2.2354859358753174e-05,2.2445794014293855e-05,2.150580975049533e-05,1.861750661236048e-05,1.6988891301566428e-05,2.0005037427487286e-05,2.0931813818578784e-05,2.0594004210524358e-05,1.997888312262788e-05,2.1499388868698458e-05,2.3959082142856047e-05,2.511353116675349e-05,2.3409486291566916e-05,2.2311700063549594e-05,2.216583592456953e-05,2.2750027265819614e-05,2.25210519670698e-05,2.2546466319286175e-05,2.4685425953648765e-05,2.3958033437137916e-05,2.3045157662745605e-05,9.785780882231636,354.4689344091312,0.03396693844052383
2024-09-13,3.6225079725898144e-05,3.733606127201031e-05,3.852605857899341e-05,4.047399196328943e-05,3.959518551017424e-05,3.7604081436395335e-05,3.520486660015504e-05,3.283258421503184e-05,3.169252101663971e-05,3.033553240756715e-05,3.063839494973487e-05,3.2832408497052936e-05,3.0864167583829986e-05,3.0473086217755718e-05,3.052066206744483e-05,3.0500297093759024e-05,3.0487649895958102e-05,3.0478213077830037e-05,3.3534559467316083e-05,3.2985058144298096e-05,3.290525867026981e-05,5.549145105489669,59.16220843599285,0.14706447884197113
2024-09-15,2.706800597691725e-05,2.6125385835234362e-05,2.6539798901079227e-05,2.626756461937402e-05,2.5031831723049233e-05,2.681298117775137e-05,3.189107782743767e-05,3.327070909594105e-05,3.407660936675432e-05,3.035721033844856e-05,2.955875395091748e-05,2.9326664879334416e-05,2.947677596632915e-05,3.004655529692419e-05,3.6189566222805935e-05,3.674863951131174e-05,3.608204739346296e-05,3.474295922564222e-05,3.6346763931977444e-05,3.640115281267768e-05,3.6499464873108545e-05,7.55699125536916,2.1967868384793974,0.03516168605868735
2024-09-16,2.1408110367824853e-05,2.55764987842417e-05,2.7101034130950718e-05,2.79591658396705e-05,2.442039178401368e-05,2.6488425677141747e-05,2.977129605093982e-05,3.073198088458607e-05,2.8194062663816164e-05,2.7757059499353746e-05,2.9513035321201798e-05,3.2597281493387505e-05,3.128388160752928e-05,3.063461515650209e-05,3.1244532686263834e-05,3.191139185242994e-05,3.087315010445396e-05,3.1333744086370745e-05,3.4040027723653525e-05,3.307606789994324e-05,3.228862869523536e-05,7.502428586476704,3.2010771808834306,0.017893332180827965
2024-09-17,9.501881896353556e-06,1.463606151814858e-05,1.6148256472842504e-05,1.823541084356272e-05,1.3803761479143766e-05,1.4986871857217327e-05,1.5965982749556484e-05,1.7775798759794433e-05,1.8270427255285628e-05,1.8031258574210052e-05,1.6824702667530773e-05,1.7306534261233405e-05,1.8772467546948974e-05,1.8641826566838466e-05,1.67917056444239e-05,1.3644989757951734e-05,1.3304303123536319e-05,1.3914220127751092e-05,9.88065975333684e-06,5.881811649534663e-06,7.328038522071218e-06,10.030929224125321,0.5695358285345264,0.12086360420729489
2024-09-18,3.705715454187173e-05,3.6404493424566165e-05,3.498823223238812e-05,3.416968192552223e-05,3.5285785221273045e-05,3.758764042627828e-05,3.897174650111274e-05,3.887296881191637e-05,3.945428473177002e-05,4.026711426481487e-05,3.898695658690438e-05,3.600751946437314e-05,3.480402276554049e-05,3.4055054188294976e-05,3.21543882201772e-05,3.1014302751613586e-05,3.218933956187185e-05,3.328725964473772e-05,3.3711962114771265e-05,3.274153013694528e-05,3.215940413388695e-05,7.936997309556975,42.79841662976662,0.031921357110318876
2024-09-19,3.842037414010237e-05,4.103581684807079e-05,4.393326395341192e-05,4.436797007154861e-05,4.334133698912627e-05,4.16271984512712e-05,4.1078468722546056e-05,4.147947127356019e-05,4.1381706680638e-05,3.747471293510496e-05,3.6822892140903715e-05,3.903864291019376e-05,3.918565546386689e-05,4.086470271598325e-05,4.1672796282330394e-05,4.0751177340252756e-05,4.3683781557600385e-05,4.37629700756607e-05,4.4256790499285616e-05,4.537725812783717e-05,3.850529182704138e-05,3.5990902484850467,70.98773305149905,0.06702414724372052
2024-09-23,3.9939447443648076e-05,4.033853053820744e-05,4.0897070743694165e-05,4.103989547415399e-05,4.214326723953045e-05,4.373320801888288e-05,4.269721154687837e-05,4.084007359617906e-05,4.022319933908847e-05,4.050870486288576e-05,4.076368042704412e-05,4.023325381339486e-05,3.920850655660997e-05,3.879748060873577e-05,3.969180596377018e-05,4.1658956496283856e-05,4.32019226042782e-05,4.5489468192971674e-05,4.6589387500059144e-05,4.581888111135361e-05,4.491240927650763e-05,4.555134927312346,51.453359913714735,0.006242695619042568
2024-09-24,2.1295505594487658e-05,1.9674221926548686e-05,2.0732382909066864e-05,2.0250857651735497e-05,2.1507822387326396e-05,2.315680594455139e-05,2.369624437696049e-05,2.553246439648832e-05,3.0828780151451894e-05,3.370146147963989e-05,3.7019167317169315e-05,3.5792155263991895e-05,3.471836249092697e-05,2.8241736535734634e-05,2.6129627450486384e-05,2.7033254812406774e-05,2.8491353909699285e-05,2.9473146333544522e-05,2.8607251465153455e-05,2.671139610075173e-05,2.4302105267911743e-05,5.950446071254444,155.19507505586262,0.097234130796115
2024-09-26,2.8871258038065936e-05,3.091774564463695e-05,3.1940729788445504e-05,2.8437516839376454e-05,2.6281583456648373e-05,2.8680805469388615e-05,3.0533763586926356e-05,3.0311602221397104e-05,3.2350496012182974e-05,3.1651155154825605e-05,2.8848827289722434e-05,3.1205453937052386e-05,3.2426454943886665e-05,2.974717634151993e-05,2.7188104893159342e-05,2.612545603044415e-05,2.788239032960839e-05,3.0594190463798845e-05,3.165518815505644e-05,2.9839946679678476e-05,2.6803521710977917e-05,4.472457110938474,20.355293925236424,0.0011155435040795271
2024-09-27,3.1953226833042466e-05,3.137192649987452e-05,3.145970386158229e-05,3.308186306862589e-05,3.266987637925572e-05,3.1524321708789936e-05,2.7800408997341062e-05,2.4401760619292498e-05,2.634144163526969e-05,2.99462738846246e-05,2.9733314473742465e-05,2.3047845352798824e-05,2.526738157891314e-05,3.153991943894996e-05,3.868099365170174e-05,3.949121765646068e-05,3.6177979354094454e-05,3.9858571674044444e-05,4.394705517221154e-05,4.3541341934889666e-05,3.863757773192457e-05,3.5427175419272094,269.0117291013718,0.0018914685190732194
2024-09-28,2.8247454797357546e-05,3.007555717932762e-05,3.0373315852869567e-05,2.8827220859958777e-05,2.6841447980996882e-05,2.700805294126666e-05,2.7014911268061226e-05,2.6819618868649437e-05,2.7239496114420627e-05,2.890706242986479e-05,3.1205959792415145e-05,3.18389896284188e-05,3.1875567215904815e-05,3.215902741895465e-05,3.413028363360524e-05,3.503012322100316e-05,3.4754242159212895e-05,3.310771956622782e-05,3.3186165976711e-05,3.3060055415408406e-05,3.4953275464437985e-05,4.414076618662816,214.2380847653827,0.0007761695984088821
2024-09-30,2.3376958285430508e-05,2.7787813540306028e-05,3.092885365317512e-05,3.0420921929893894e-05,2.9947729870105573e-05,3.167655768783242e-05,3.283570968763048e-05,3.204456492552565e-05,3.190713362154525e-05,3.4113602365316396e-05,3.635350897682542e-05,3.5303279020021894e-05,3.316099720733132e-05,3.15045492303367e-05,2.9294484304642184e-05,2.7257758774273688e-05,2.526515775756194e-05,2.505057263067192e-05,2.6750826089077572e-05,2.7993758040338224e-05,3.045514941199253e-05,5.993270535942817,35.52265340757117,0.00954337684460891
2024-10-01,1.600485909766556e-05,1.6725772678412484e-05,1.9365548329840793e-05,1.712620245271858e-05,1.5268976967067856e-05,1.817352730363796e-05,1.727730214125377e-05,1.623816144565687e-05,1.516205889526521e-05,1.5631973227452593e-05,1.9035049209513322e-05,2.2572549106058993e-05,2.281945738757479e-05,2.5011256585654513e-05,2.644983537928004e-05,2.699532069086044e-05,2.856738023513351e-05,3.080079275865352e-05,2.840752068420793e-05,2.9253169111119977e-05,2.9591074132512962e-05,4.901867398166665,235.1315620310535,0.007917115928195039
2024-10-02,2.9139667628541667e-05,2.8055735173063826e-05,2.8216055006683228e-05,2.7097707702043308e-05,2.4451152081156926e-05,2.4182954886004143e-05,2.356750845923091e-05,2.3755115220416164e-05,2.5427979848517268e-05,2.5349848463382164e-05,2.5013405760056098e-05,2.4087513627493874e-05,2.30646060972136e-05,2.1943655803734268e-05,2.2842883867093826e-05,2.059478035430669e-05,1.87838166266215e-05,2.2809687430844898e-05,2.5257648996755512e-05,2.5563886191776905e-05,2.4256542770179993e-05,9.682903413760954,43.102903187089964,0.002580564302096176
2024-10-03,1.6049245107686648e-05,1.6199566524560826e-05,1.7875538591475225e-05,2.0297611302461747e-05,2.1494208951817804e-05,2.1990214473186872e-05,2.1463598304658225e-05,2.07300971734325e-05,1.9966875621063075e-05,2.0218623832525014e-05,2.1726785558687295e-05,2.3455406300766423e-05,2.4131977176869643e-05,2.3139174578971318e-05,2.3907353792055124e-05,2.5246657093406205e-05,2.474271471279688e-05,2.155052213170686e-05,2.024202751036869e-05,2.290719808084038e-05,2.3219244373248666e-05,9.038860240901895,28.839214686581556,0.010281916504069925
2024-10-05,2.4594912262015253e-05,2.4319623284874696e-05,2.470066011742487e-05,2.6273825343327377e-05,2.758095680601195e-05,2.808794038608894e-05,2.8642418338811794e-05,2.905195023775834e-05,2.8341032053637666e-05,2.729202113879765e-05,2.634749781972347e-05,2.6743837075321294e-05,2.775614262531277e-05,2.997666426748456e-05,3.1093059390002934e-05,3.0348144461532758e-05,2.9808574364804656e-05,2.9433235397181088e-05,2.828260733866821e-05,2.6187483329100774e-05,2.4726735645702768e-05,7.777088812430028,33.47602724184554,0.02146421718579307
2024-10-06,2.733615147026601e-05,2.6526400606036767e-05,2.5129544843641242e-05,2.517085972071542e-05,2.6141930611428622e-05,2.6557150030743522e-05,2.500760344053809e-05,2.415986195453098e-05,2.3805058025703227e-05,2.3585437849180295e-05,2.4033235924362696e-05,2.667787076206207e-05,2.9904984124853553e-05,3.294648522528228e-05,3.414867958690898e-05,3.312992622106338e-05,3.0390034665427056e-05,2.932992031227188e-05,3.171332187517613e-05,3.40059817518183e-05,3.5129013348095566e-05,6.1189528474975114,220.0540455507163,0.01727652956561945
2024-10-07,2.6279255835310714e-05,2.5024728743805263e-05,2.6304794145581985e-05,2.5036469631607883e-05,2.5715689331944208e-05,2.6970388969424355e-05,2.7067751890181325e-05,2.900748211062897e-05,3.1751562670879136e-05,3.178268189740194e-05,2.9126980537863844e-05,3.118254623064404e-05,3.4247208878532756e-05,3.170669608611784e-05,3.0365807859257925e-05,2.6706942435307608e-05,2.359654485421396e-05,2.570135871769789e-05,2.8860003111894055e-05,3.071624315668741e-05,3.106618355336805e-05,7.201975003696061,31.04127463292849,0.0112042612582824
2024-10-08,3.950782298888648e-05,4.2209354913923604e-05,3.9458837088336473e-05,3.672775286416566e-05,3.5699354587435455e-05,3.4850784012343484e-05,3.365650193959438e-05,3.133320416616839e-05,2.5714409196519135e-05,2.330047572623749e-05,2.7529265749871816e-05,3.0442614828483384e-05,3.0109477337216316e-05,3.0177216981521596e-05,3.12226834567213e-05,2.974826946134961e-05,2.8512108202526092e-05,2.860641300464422e-05,2.821637616935815e-05,2.6924079108407977e-05,2.6655089526953676e-05,4.518279518678019,49.397383144214984,0.018578347820054703
2024-10-09,4.251813356455712e-05,4.288559613836124e-05,3.8625029115461856e-05,3.58320954454048e-05,3.578842316765859e-05,3.6468334729318194e-05,3.733347184553885e-05,3.963033422657159e-05,4.056349476623765e-05,3.7163107792758135e-05,3.0057107471408685e-05,2.7585023751642652e-05,2.7497748025345957e-05,3.0252131416647476e-05,3.419281744818128e-05,3.8683607599298994e-05,3.9632243957889476e-05,3.735963694652283e-05,3.044777009140981e-05,2.953158110731906e-05,2.951970556392323e-05,3.4639372364993153,58.986639330643754,0.0784653597375659
2024-10-10,2.761591455738932e-05,2.7997479251397617e-05,2.8700184884664903e-05,2.9477035608494803e-05,2.971951767042119e-05,2.9759717852348508e-05,3.0030366451662447e-05,3.1150023720506e-05,3.334002736435905e-05,3.606419766008346e-05,3.750611122427878e-05,3.7661110166507065e-05,3.921934500951477e-05,4.5025134737556036e-05,5.0801275743002464e-05,5.134553341936868e-05,5.1257941400268877e-05,5.265013377346619e-05,5.261280955865442e-05,5.1780732156281344e-05,5.2759412013569225e-05,2.2199896666684777,247.35683940648877,0.04605271620217692
2024-10-12,4.491569946431017e-05,4.8087415897650726e-05,5.226452058019088e-05,5.144066958738423e-05,4.290022338778132e-05,3.805833084518559e-05,3.9516051817318725e-05,4.093782105564494e-05,4.247984052232485e-05,3.53573327670467e-05,3.4331325728900016e-05,3.42782818426922e-05,3.137637994130292e-05,3.0043615217987706e-05,2.909103221409072e-05,2.7278193163692044e-05,2.9116334031063687e-05,3.79622362825712e-05,4.543741903848219e-05,4.502603538994457e-05,4.276595160422381e-05,2.1915684449700006,88.09200379776695,0.014670812040205218
2024-10-13,2.003567642732657e-05,2.1362123869764123e-05,1.7238975875445164e-05,1.4681869901057963e-05,1.3856845480771472e-05,1.38973486226693e-05,1.2919282888220904e-05,1.1975608758356219e-05,1.120893183090716e-05,1.1648092995150657e-05,1.346160280823558e-05,8.28989735463144e-06,1.6622358791811516e-05,2.210473355373142e-05,2.138466991164557e-05,2.0143106161422142e-05,2.3617331159069467e-05,2.4219681268983663e-05,1.2162446333469461e-05,1.3111404373731367e-05,1.4938879851999723e-05,6.381518006819392,250.53522925404508,0.07327905581638249
2024-10-14,1.5016100262350913e-05,1.5757502278470296e-05,1.9358459681898008e-05,2.254613439530748e-05,2.35289594369547e-05,2.322525759891971e-05,2.10454386751757e-05,1.9229063915779097e-05,1.8386371326514587e-05,1.7504118084138805e-05,1.7001833931221e-05,1.8566799744602158e-05,2.277407178363613e-05,2.5099925160939802e-05,2.4317268088097848e-05,2.15930331782577e-05,1.9501284966716353e-05,1.8321941459251473e-05,1.9552191512332897e-05,2.0949163558363748e-05,1.9830681099374608e-05,6.578692605838657,25.7335131628422,0.038250175264092134
2024-10-15,2.949170540540638e-05,2.8618045872196157e-05,2.8384185664747155e-05,2.800146794950976e-05,2.7445381379340007e-05,2.6699218227510064e-05,2.863721987707822e-05,2.8637219679387288e-05,2.8636989069297334e-05,2.858137565726181e-05,3.06127318735276e-05,3.1251940687902955e-05,3.1747621408526225e-05,2.689033124491487e-05,2.559139107822619e-05,2.8229264019254068e-05,2.8517313657962076e-05,2.9225873777039495e-05,3.051377802452729e-05,3.3859498538504264e-05,3.489706887685035e-05,10.098309587846547,233.97243247803863,0.258924320497134
2024-10-16,1.5658062345372264e-05,1.385819758556078e-05,1.3643047429114453e-05,1.4727089236301208e-05,1.721048378535917e-05,1.818672014534896e-05,1.7506157344745334e-05,1.683167528786326e-05,1.6769993789658518e-05,1.9102944282544858e-05,2.0039618245276096e-05,2.2185916562329488e-05,1.956906843707238e-05,1.7474473224487495e-05,1.8156061512016553e-05,2.0931915644281716e-05,2.0593519539409016e-05,1.9299930295537015e-05,1.8654373521090354e-05,1.945568438962873e-05,1.8081505208623663e-05,5.870087456640786,3.4035384500709256,0.03739175637693129
2024-10-21,2.873395131921821e-05,3.1236761104673423e-05,3.192602401260533e-05,3.143292284545328e-05,3.131280816090048e-05,3.2364692127629444e-05,3.08481753636598e-05,3.136182025482268e-05,3.230564054736043e-05,2.8562273754899126e-05,2.9406331176664898e-05,2.963539702917344e-05,2.897579816288292e-05,2.9431425305026636e-05,3.0516644750995378e-05,2.7825860782446507e-05,2.760483982569216e-05,2.7417990809315292e-05,2.676479354692801e-05,2.938969901112847e-05,3.344115608078405e-05,10.806738129919234,67.72941015911653,0.017264628847860557
2024-10-23,2.378511992523165e-05,2.190668052406212e-05,1.7085886535503123e-05,1.7394585290924027e-05,2.0345410559620378e-05,1.9177756916897222e-05,1.9688535973009293e-05,2.3619883677769046e-05,2.6447055469227308e-05,2.9010746213521836e-05,3.084793008919486e-05,2.9489163138107432e-05,3.0196558712636435e-05,3.279727225460623e-05,3.9363705304099496e-05,3.9932410852249665e-05,3.7733435468498114e-05,4.102184700762828e-05,4.432533235816626e-05,4.604615978831836e-05,4.2725534342142346e-05,5.0431355713441475,289.8013393105863,0.008702761493563176
2024-10-24,3.469754644360128e-05,3.7918543796662226e-05,3.77172147976805e-05,3.206867124230908e-05,3.146403895163025e-05,3.30775884089232e-05,3.0060950438534e-05,2.630176081651378e-05,2.649799066230597e-05,2.8308327932872525e-05,3.028235926223765e-05,3.354852655258706e-05,3.803760060961873e-05,3.773175164721382e-05,3.10915101471944e-05,2.897518831933074e-05,3.3832836371567486e-05,3.512471200884719e-05,3.186073009482367e-05,2.6602739895804147e-05,2.5491620848278722e-05,10.645172883051165,55.29044290854938,0.009896242067927802
2024-10-25,1.3230703196515843e-05,1.3231865538432094e-05,1.623211311780694e-05,1.9326397080540596e-05,2.1725123436216428e-05,2.3203775528243283e-05,2.265607460831823e-05,2.2253401122537247e-05,2.1374734159101123e-05,2.0627424246456515e-05,1.9408956339341043e-05,1.7680120164203515e-05,1.68153603598732e-05,1.7444527260345743e-05,1.862470507077854e-05,2.0636185132587463e-05,2.0925332753862452e-05,2.0509104559516193e-05,1.933862456430479e-05,1.8680682146133536e-05,1.8927268903773794e-05,4.750156704030836,212.88167369455846,0.010802109221281735
2024-10-26,1.5958796551677254e-05,1.559669489071974e-05,1.4249325977137477e-05,1.2471859714362258e-05,1.0388766921689723e-05,1.0781187613632934e-05,1.701109409082275e-05,2.0459383703446737e-05,2.387100246176081e-05,2.480508454446119e-05,2.2941418500335165e-05,2.0360163964129456e-05,1.8937756016415387e-05,1.9672972861933046e-05,2.22404549795391e-05,2.2942488775225102e-05,2.070384937447834e-05,1.7007295701238833e-05,1.7715222883999003e-05,2.0500829390300136e-05,1.9739818525396217e-05,2.9494459195485927,355.21427771707084,0.02229067761085251
2024-10-27,2.1375104036460092e-05,2.013375750440641e-05,2.1215903642023133e-05,2.6703773124432013e-05,2.801931438562328e-05,2.7631654250826052e-05,2.6951579001119853e-05,2.6583456444382612e-05,2.542289395009267e-05,2.420775162731994e-05,2.2964012712360694e-05,2.321849110149488e-05,2.7108865597026008e-05,3.2315170522094707e-05,3.4899606862793584e-05,3.6256604857469625e-05,3.393765498245296e-05,2.7006903091629482e-05,2.4101601010487483e-05,2.8714781499869243e-05,3.1409437679329876e-05,5.622400393835088,26.777149268551398,0.023346630892057765
2024-10-28,1.733276722194182e-05,1.8339408538565294e-05,1.841547432274477e-05,1.8131051792401307e-05,2.2363292535558256e-05,2.187085871930406e-05,2.0722965771809685e-05,2.375404338829645e-05,2.2353000940742053e-05,1.8047104216563173e-05,1.61362974757564e-05,1.8566097522022865e-05,2.0983246754141797e-05,1.9389776599393686e-05,1.7358433204579595e-05,1.6635020590329723e-05,1.667546952288045e-05,1.7865753850017338e-05,1.999173419851654e-05,1.9319090896698716e-05,1.89820948275115e-05,10.50350906498953,34.65909853307414,0.021762241390109346
2024-10-31,1.3142796124429685e-05,1.3179682183101262e-05,1.4003639151871582e-05,1.699838612858944e-05,2.1915768938293605e-05,2.3412983388784522e-05,2.2757256381526366e-05,2.20192414772781e-05,2.102541049814527e-05,2.293792639551925e-05,2.4485420212421104e-05,2.5388217165170027e-05,2.5227956446084954e-05,2.3892899680226173e-05,2.5316313461360312e-05,2.5617387200147425e-05,2.572884916208906e-05,2.306515646482137e-05,2.293564891890873e-05,2.4537569632184906e-05,2.6749693852475564e-05,4.872324558480679,359.13769388006773,0.013924041431732443
2024-11-01,2.1236135324947525e-05,2.5260986282665726e-05,2.9939896953436796e-05,3.201111053584919e-05,2.825105380778499e-05,2.545534264773443e-05,2.6870019771832018e-05,2.8965800773487333e-05,2.6882215150221448e-05,2.1350190870281075e-05,1.7276743759443765e-05,1.5648279594993957e-05,1.3750481932222603e-05,1.2219061991461073e-05,1.4908846515495772e-05,2.130886744039974e-05,2.4765146171418208e-05,2.3608187747672804e-05,2.2088210764933043e-05,2.153567280036401e-05,2.1316432996569823e-05,8.220898371304306,25.62192500621711,0.07114626441233542
2024-11-03,3.060249133205342e-05,2.6767473300781105e-05,2.452955456603157e-05,2.6052678297898552e-05,3.1405676798025604e-05,3.232282747503027e-05,3.1805525481201715e-05,3.3867120117167534e-05,3.4721145577392374e-05,3.25928091074007e-05,2.9384161396661442e-05,3.0539997299279665e-05,3.0200900447811138e-05,2.5635598219250125e-05,2.634546352362876e-05,2.865751172408491e-05,3.0406646320983254e-05,2.9734214486630107e-05,2.8223528163496388e-05,3.137644266816186e-05,3.479675048885102e-05,8.062706735659198,42.68385960418664,0.0003539255095854606
2024-11-05,3.3852660046321446e-05,3.236407377695291e-05,3.3519757728697545e-05,3.586769231084821e-05,4.071776132377806e-05,4.378007118226059e-05,4.34354759473003e-05,4.357638501376587e-05,4.3828978569092804e-05,4.365395292895099e-05,4.3878369024142226e-05,4.368145363587169e-05,4.1850808985502835e-05,4.071406288643365e-05,4.036510512054659e-05,4.1141733809732974e-05,4.116443968781459e-05,4.06142889328227e-05,4.1464956317505736e-05,3.893169245789423e-05,3.52585537656546e-05,2.748214334686145,22.59801249385805,0.0021557371463427196
2024-11-06,1.7060732012025166e-05,2.409172221174412e-05,2.379655640949297e-05,1.6348606583023655e-05,1.3236896968905541e-05,1.3728077897913646e-05,2.070312528643087e-05,2.5735293209622763e-05,2.685407733950756e-05,2.853664799276737e-05,3.087728063062142e-05,3.209490126831765e-05,3.3549301454072195e-05,3.299004152676062e-05,3.1023797079293835e-05,2.7744123712916973e-05,2.6958672811725975e-05,2.6475086559425734e-05,2.6349868449501234e-05,2.7305845942207472e-05,2.504363034453549e-05,5.4203035059592,186.94848225011836,0.01687475272513206
2024-11-09,3.9821589829926305e-05,4.013658606779743e-05,3.7220428278052616e-05,3.291393443578805e-05,2.8432243523156493e-05,2.9595916778631994e-05,3.47584055599277e-05,4.004010591189993e-05,4.085422989363762e-05,3.821642634242331e-05,3.6960078797368585e-05,3.5387188951484354e-05,3.310581462241309e-05,3.294715251078445e-05,3.4513625627447024e-05,3.863900356759585e-05,3.9164166401476616e-05,3.446679400751035e-05,3.239706165807496e-05,3.2627616878133533e-05,3.176259757526798e-05,7.883934218570818,55.71275028826102,0.00016238744891621253
2024-11-10,3.103370649666559e-05,2.7614251361869382e-05,2.572183472095506e-05,2.8520782674805217e-05,3.058787411533039e-05,3.053211224078131e-05,2.6158733472797732e-05,2.170196726442411e-05,2.106087222918974e-05,2.1775814036119813e-05,2.4506649089679448e-05,2.6053990124614397e-05,2.7220289800453614e-05,2.900095474047592e-05,2.888393104987756e-05,2.7677724348271782e-05,2.4366251510464416e-05,1.8968849266919358e-05,1.769294471639013e-05,1.8949287827844127e-05,2.2277153646419583e-05,3.3614075699613895,101.0466558417412,0.0001679067300574038
2024-11-11,3.278153837970516e-05,3.141700001212887e-05,3.177848784938695e-05,3.050349205067915e-05,2.8116654945679403e-05,2.8740614644767045e-05,3.260464780680233e-05,3.900766697384312e-05,4.033688833266643e-05,3.8498978852667104e-05,3.438376672943645e-05,3.416213085679977e-05,3.30331838051686e-05,3.369455705717298e-05,3.597907739780858e-05,3.869076951286759e-05,3.669025986166754e-05,3.473928288995821e-05,3.396745576689642e-05,3.3619332245565354e-05,3.750938399465767e-05,6.350191498452212,22.955725648343787,0.08472603540666149
2024-11-12,2.7860551678332985e-05,2.8479948367094734e-05,3.0110971390785248e-05,3.524011281808039e-05,3.542946981281883e-05,3.365920357162499e-05,3.2909660525936924e-05,3.406746230364869e-05,2.971291679913122e-05,2.8133237122321906e-05,2.9990635622411017e-05,3.890006602826725e-05,3.72701671751916e-05,3.595313838589547e-05,3.1712345600617464e-05,2.9596863299560185e-05,3.105991738358918e-05,3.327669526697464e-05,3.237697721451369e-05,3.244842345730182e-05,3.366681233298025e-05,9.913312199727605,7.937146427255925,0.13462346834863445
2024-11-13,1.508644433510901e-05,1.5684308813335273e-05,1.5518553436386376e-05,1.8555679981020002e-05,1.9193602114405976e-05,2.008695124543959e-05,1.9278288812717466e-05,1.8898276665093783e-05,1.58561389590652e-05,1.6249403392665208e-05,1.6565002907453915e-05,1.71931696018921e-05,1.8277018263013522e-05,1.806597444590689e-05,1.6980528096636923e-05,1.6401050202166762e-05,1.723465809377819e-05,1.9622819284257657e-05,1.9286846976596945e-05,1.8658443352496635e-05,1.934151738101433e-05,7.9959790102101005,165.25719680743043,0.0013722380282923652
2024-11-14,2.7885422693793895e-05,2.4782072619755083e-05,2.7881233260397884e-05,3.306082745277979e-05,3.701331007689828e-05,3.839235711687713e-05,3.417048666080659e-05,3.4680797991622624e-05,3.703170679646078e-05,3.524401206706908e-05,3.68401909862558e-05,4.186491615430195e-05,4.4049399464309285e-05,3.937597438458653e-05,3.744363895667392e-05,3.690154491926288e-05,3.522583635451848e-05,4.247034315578339e-05,4.229207974864897e-05,3.664524794383146e-05,3.930343823026621e-05,9.606110842032827,44.33146845288314,0.004562901724279145
2024-11-15,3.8174801927056536e-05,3.9520946530211795e-05,4.194665423993502e-05,4.2561281169828923e-05,3.8371650680412636e-05,3.59494144104707e-05,3.841437989406678e-05,4.26364049696456e-05,4.563183449658934e-05,4.6399848089500395e-05,4.543792475386102e-05,4.424746975391561e-05,4.428025306773621e-05,4.4509406062174164e-05,4.4202104197844575e-05,4.346154389519305e-05,4.2549085300108525e-05,3.924106206413343e-05,3.898788521201478e-05,3.9380308211075496e-05,3.829982494986712e-05,8.444046036490017,7.357606351791333,0.015056651761315315
2024-11-16,3.313173011430896e-05,3.3788016586847776e-05,3.290181944217048e-05,3.32814412883185e-05,3.344256235833986e-05,3.323311024746071e-05,3.210942269211628e-05,3.152951876918206e-05,3.1138756968753114e-05,2.963113166924833e-05,2.9811312454460064e-05,3.1638259486853335e-05,3.240694159869014e-05,3.2790086812819706e-05,3.4307623226027855e-05,3.6264987153952165e-05,3.615909430014608e-05,3.555318766954098e-05,3.519956602360676e-05,3.4091088740164085e-05,3.2438270267884465e-05,5.573718719458551,52.040664837804,0.028050064938548978
2024-11-17,2.1687218385687393e-05,2.4677577546927916e-05,2.5889502187647175e-05,2.5226116487605395e-05,2.799390221584355e-05,3.1070868828284476e-05,3.0147516211193313e-05,2.5254891678917483e-05,2.1100235978973942e-05,2.117293815780377e-05,2.244761302733002e-05,2.4577128237995718e-05,2.679329536288756e-05,2.6785351420887607e-05,2.4852033756816002e-05,2.3264148647695572e-05,2.3804262940664523e-05,2.8428577723999217e-05,3.272589052540813e-05,3.2672309644980455e-05,3.1489529842752934e-05,4.2566553875852895,218.35232477173895,0.0389682277761443
2024-11-18,3.141246440874096e-05,3.1263769899679385e-05,3.0763041274785486e-05,3.1802198322526246e-05,3.2203104870623785e-05,2.848038377601042e-05,2.9700450406421544e-05,3.340657906635943e-05,3.184821539919703e-05,3.679010953207195e-05,3.95279221077406e-05,3.6017906367022225e-05,3.128753268946554e-05,3.0480399854208767e-05,3.097274026218859e-05,3.468198817237238e-05,3.613428320469146e-05,4.17364894685265e-05,4.4682100455696926e-05,4.570893325297757e-05,4.232900547866158e-05,7.304843405492393,82.30661047407489,0.001605300814838251
2024-11-20,4.3157745672090806e-05,4.5080135411405805e-05,4.509981606357963e-05,4.516783217256587e-05,4.287637004597212e-05,4.112522003632074e-05,4.087046205672449e-05,3.942074059196353e-05,3.641673834786098e-05,3.2995188892130634e-05,3.446110372938347e-05,3.408819425762097e-05,3.1931390828778855e-05,2.73021540611875e-05,2.6808659436896095e-05,2.4794633833759543e-05,2.4161367893315754e-05,2.3784936744630925e-05,2.733233155590943e-05,2.74745081559562e-05,2.6090406603517456e-05,3.6446028771257,356.6110507363955,6.570783009343901e-05
2024-11-22,5.3774420923129363e-05,5.342278190252246e-05,5.675670570817773e-05,6.306250108881381e-05,6.851598457522764e-05,6.840390324692481e-05,6.747752135324826e-05,6.498571492366355e-05,6.349195724185133e-05,6.913810076605482e-05,7.449508585928893e-05,7.273188236396761e-05,6.472139768256692e-05,5.9480603849250496e-05,5.811026472141985e-05,5.710404801802223e-05,5.607923406108375e-05,6.17340028299753e-05,6.472456172788767e-05,6.456126641053872e-05,6.405337595814018e-05,4.123102030619241,10.024383976151114,0.0036314636596710553
2024-11-23,3.777394634319563e-05,4.075986927335806e-05,4.27000899656838e-05,4.3065244641812195e-05,4.209857414186986e-05,4.325951408110446e-05,4.244277571739074e-05,3.994928365182184e-05,4.313334490584238e-05,4.5899696020765154e-05,4.2402603978029474e-05,3.998761679575338e-05,4.639389106138867e-05,4.488103036893485e-05,3.413994456228863e-05,3.938625528385432e-05,4.5996160934235215e-05,4.34951502003897e-05,4.1513373442330506e-05,4.3547123834524674e-05,4.2028723821267014e-05,6.457482715611713,47.44482098243128,0.01038652223676107
2024-11-24,3.47397066620306e-05,3.0000915832657596e-05,2.6467681812157726e-05,2.7588023258056015e-05,3.4486264685759e-05,3.286761205560426e-05,2.849584042016684e-05,2.734215382454329e-05,2.370509319862253e-05,2.776194591449326e-05,3.0154121250961138e-05,2.6591575844109836e-05,2.3718784915644636e-05,2.1854056779349713e-05,2.1027570620125787e-05,2.601158433154545e-05,2.5866406951613774e-05,2.3564127066580182e-05,2.5048935640921448e-05,3.101677727064781e-05,4.038747716811242e-05,10.69145422657905,73.58539275191401,0.00826169939554111
2024-11-25,1.6982155150321987e-05,2.0711761889047246e-05,2.128706503491618e-05,1.8446433358205518e-05,1.8098014658135608e-05,2.044494245279347e-05,2.070309901767388e-05,1.9983460212349418e-05,2.2561868054080523e-05,2.3759416703155208e-05,2.218988039010799e-05,2.082612091900377e-05,1.9347487557411415e-05,1.944190395226483e-05,2.0024859113797867e-05,2.4722000807390733e-05,3.0446954647371163e-05,3.206249852053737e-05,2.923943199998485e-05,2.5920159035211042e-05,2.2933671671950232e-05,6.2715374007087625,195.18183390995304,0.01929130317238717
2024-11-26,2.218318440020806e-05,2.1615791370416482e-05,2.1325864067410585e-05,1.8433127466323617e-05,1.7634060815358975e-05,1.9180788591131854e-05,2.084796645709712e-05,2.0198560927123542e-05,1.7646501314929307e-05,1.657026643069749e-05,1.5654293287630855e-05,1.3114056808098161e-05,9.06334247709695e-06,7.487451254607217e-06,9.136339556610794e-06,1.2540793485567811e-05,1.622651970145106e-05,1.699613240609527e-05,1.7963817886505613e-05,1.864744562151637e-05,2.170819092895621e-05,11.504053811741395,40.56222721023653,0.022821956702737997
2024-11-29,1.8708646296330677e-05,2.4041633236175344e-05,2.4735163519201224e-05,2.4298568573064142e-05,2.5918435504051365e-05,2.4628643852737874e-05,2.2836246930588003e-05,2.1088281228548938e-05,2.245381986721088e-05,2.36678467191506e-05,2.3439613204893086e-05,2.617005862253322e-05,2.925447585200847e-05,2.7524427597645537e-05,2.7645965986778513e-05,2.895207063636857e-05,2.591248586374531e-05,2.5158258386394283e-05,2.6375799860169134e-05,2.6150146840585493e-05,2.6212634969957706e-05,8.246236903673003,40.116529142253,0.007386083634782176
2024-11-30,1.39039833975162e-05,1.3087043821001437e-05,1.4423767296540941e-05,1.662598700667363e-05,1.7644136473792325e-05,1.935283300749287e-05,2.1680246066258016e-05,2.5995307095927322e-05,2.47787443389377e-05,2.041736256160559e-05,1.6451341515701687e-05,1.4991113897735926e-05,1.7261283346879413e-05,2.1819959847123636e-05,2.6063974860064107e-05,2.809985641563772e-05,2.7335935141460305e-05,2.2192862460714818e-05,2.0312493061193255e-05,2.3952735740523227e-05,2.504359402672158e-05,2.0901114147143747,188.91975205832395,0.002283289281050721
2024-12-02,2.3679766323014493e-05,2.331371257340377e-05,2.29604588692077e-05,2.3407349618955038e-05,2.5902332136332974e-05,2.764746740361039e-05,2.8940669603078613e-05,2.958013374406949e-05,3.2119788173646495e-05,3.5310762515806924e-05,3.962016193513205e-05,3.980880826537891e-05,3.979157926042897e-05,4.006342155386555e-05,4.0575716601055185e-05,4.119858760363405e-05,4.1628840027515486e-05,4.139948166310606e-05,3.822190177099521e-05,3.518553339349797e-05,3.429977251719984e-05,2.753915566782038,347.9578139867841,0.014370420801131647
2024-12-03,1.664073774486797e-05,1.747145528886124e-05,2.127490168589578e-05,2.3501741397428355e-05,2.3976406883484803e-05,2.5228454061607442e-05,2.686569348822022e-05,2.7009112452306522e-05,2.5525272129332083e-05,2.5340668173741787e-05,2.545126398327878e-05,2.4307709352176017e-05,2.217488671493435e-05,2.1979772147628237e-05,2.303332348387322e-05,2.3926684076694248e-05,2.3733564826628304e-05,2.2770011510285283e-05,2.172391248214777e-05,2.081894308628646e-05,1.9436702376500404e-05,10.566840605406814,45.81618199326488,0.13555162484087865
2024-12-04,2.2047994457457646e-05,1.9750644025857318e-05,2.0906811302163352e-05,2.1987718214010103e-05,1.8757597255950266e-05,1.5587173616699832e-05,1.5704777804968315e-05,1.9445234391845266e-05,2.1753751157131924e-05,2.3176875103391576e-05,2.000197769694887e-05,1.6487249006150887e-05,1.7211748161111495e-05,1.9717555181184968e-05,2.1027664460575232e-05,2.4170416714482142e-05,2.7329511167332538e-05,2.7135510309438075e-05,2.4113123318540466e-05,2.4549048045243722e-05,2.781706428198332e-05,7.717574665422945,210.5029934419833,0.0059918032475524
2024-12-05,2.6026994461683518e-05,2.8344433636997758e-05,2.9895099995939725e-05,2.987895171280556e-05,3.1804881649270296e-05,3.4097232115164744e-05,3.0040325493958518e-05,2.951981760538669e-05,3.7369900075195136e-05,4.5751901216080396e-05,4.5289838188963284e-05,3.846022308675168e-05,3.229378265338451e-05,3.1510932799503934e-05,2.8724551227880007e-05,2.7266932894623167e-05,2.5788563214607833e-05,2.344985884465981e-05,2.3775346426622318e-05,2.478881041910184e-05,3.1460778371163754e-05,3.597223946784802,325.16296329581513,0.0645689425813388
2024-12-06,3.880593870847446e-05,4.128764184176428e-05,4.5210063599227395e-05,4.328096011806412e-05,4.017275026444393e-05,3.870889092270882e-05,3.843043846645581e-05,3.9566937069898883e-05,3.917956897133502e-05,3.92203237880838e-05,3.79686522341367e-05,3.7743688308580374e-05,3.6886838489743647e-05,3.854478175779268e-05,3.729367356150853e-05,3.383161776251336e-05,3.086142469173916e-05,3.2315166451734664e-05,3.5672247262073074e-05,3.741414835721716e-05,4.093476062625566e-05,6.51953143292983,52.772712150664006,0.03595453707739113
2024-12-07,2.2607720603335214e-05,2.385957726898578e-05,2.5636076658431393e-05,2.631672342396632e-05,2.569013450087101e-05,2.5725494968427195e-05,2.752281208945648e-05,2.890049017134948e-05,2.9253718075434315e-05,2.9772879569502866e-05,3.054755194958849e-05,3.074898490180526e-05,3.0186502851526293e-05,2.954924633386576e-05,3.01618649762122e-05,3.110655868657295e-05,3.150948216975946e-05,3.1079533780157084e-05,3.0150564280458247e-05,2.850967529004757e-05,2.732610902180711e-05,6.980800183736202,36.194120643938334,0.048806936618393436
2024-12-08,2.0031081465884865e-05,2.2030434199366753e-05,2.7065391635045082e-05,3.0621154386201486e-05,3.451083152397475e-05,3.423711024682018e-05,3.257835408022772e-05,3.548110814747184e-05,3.102965643415565e-05,2.7773703434288994e-05,2.7127347478387955e-05,2.533178645181011e-05,2.6731971489651412e-05,2.873847397521436e-05,2.9933117837145924e-05,2.9470526977167613e-05,2.8488985102461466e-05,2.7797414357789794e-05,2.8771213782732978e-05,2.8580916034391492e-05,2.8167271143437577e-05,6.107874364697149,63.378553435713116,0.011006815393201431
2024-12-09,1.9416299016164275e-05,1.9882585115382703e-05,2.3625537021620927e-05,2.5590199087241725e-05,2.506346382330707e-05,2.2966984342916015e-05,2.1448435576370777e-05,2.2612703823911136e-05,2.4340945299924947e-05,2.4385649427917118e-05,2.1049819738908322e-05,1.8718580629878727e-05,2.2933004839584803e-05,3.041726455621612e-05,3.346022789881241e-05,3.1864805403834695e-05,2.9327449659636114e-05,3.0100094409055504e-05,3.077417757919005e-05,3.039776948480209e-05,2.809925597524572e-05,9.918094180156702,208.63379127343555,0.01520420822494698
2024-12-10,2.4845112659099392e-05,2.341596760098312e-05,2.3543833379393223e-05,2.3577845131841928e-05,2.493642609828552e-05,2.5183994975474454e-05,2.228828290233912e-05,1.7989858423276645e-05,1.990290535344231e-05,2.4114518853644487e-05,2.495872663959875e-05,2.1569114368677306e-05,2.1189997334616358e-05,2.1891817828695784e-05,2.1410552564913266e-05,1.8979334991990625e-05,2.044929510383917e-05,2.2537366591009025e-05,2.1516517722787413e-05,2.135297144320307e-05,2.0393462233887897e-05,6.5040796513288734,136.81809336151156,0.005302345006403263
2024-12-11,4.385472657480414e-05,4.7074430344749186e-05,4.8895709169214975e-05,5.2453641023919425e-05,5.62005564506293e-05,5.696652821159455e-05,5.5094457572666245e-05,5.3748038044146996e-05,5.448248937026513e-05,5.459339548571221e-05,5.000380953810805e-05,4.6923196658085044e-05,5.045610749351933e-05,5.8304203071229614e-05,5.489508530632051e-05,5.2458193123441614e-05,5.3649440546997226e-05,5.218642952040235e-05,4.832332875050789e-05,4.342824271332974e-05,4.1597104737824006e-05,6.43720271298956,49.38974146253628,0.002550703517638039
2024-12-13,4.750724407305465e-05,4.7565813415656686e-05,4.7565811428265165e-05,7.529686192370364e-05,7.034446982734232e-05,6.403433030516767e-05,6.553607179599168e-05,6.747238608781403e-05,7.026217856653528e-05,7.397970073773599e-05,7.182168685478949e-05,6.238747508141138e-05,5.888888576403641e-05,6.1033568188327595e-05,6.288917735822523e-05,6.778283278378163e-05,7.038733139610763e-05,7.132978212808957e-05,7.039055206808237e-05,6.903286566529255e-05,6.702639906370655e-05,8.208753905442219,40.98746255393752,0.2883977687311621
2024-12-14,4.2404054417887286e-05,4.153630586054926e-05,4.67395225114904e-05,5.022480677720556e-05,4.769596016527215e-05,4.5269506291250924e-05,4.572543370852691e-05,4.4257307516578736e-05,4.2991533313708464e-05,4.3844888516050085e-05,4.258648372630946e-05,3.91417232127991e-05,3.389287600984078e-05,2.8055517037014583e-05,2.2562347112572858e-05,2.1674809633449452e-05,2.296521073165978e-05,2.0272021162478123e-05,1.7096418158648733e-05,1.779068453250929e-05,2.2745142629835297e-05,3.539853477192686,59.6648870228363,0.010406538332036397
2024-12-15,2.3301730075261154e-05,2.110120715199894e-05,1.6820749117768185e-05,2.4591149210041572e-05,2.980852230492209e-05,2.8814360118141435e-05,2.6017196806811833e-05,2.4803168966846756e-05,2.8516244246597254e-05,2.8625762025322367e-05,2.141947403040167e-05,2.1162163394268007e-05,2.5522263687738088e-05,2.7722913859779716e-05,2.435756744746298e-05,2.5471011806230063e-05,2.747958514666365e-05,2.425817052134557e-05,1.9901236924244886e-05,2.292527309899171e-05,2.6166877097243908e-05,8.592341303160948,58.4639486375533,0.06645358945202863
2024-12-16,2.126265517135628e-05,1.9902655196291973e-05,1.7984123521864814e-05,1.6881593682362423e-05,1.859722698134046e-05,2.2494659047366775e-05,2.5955795401232154e-05,2.725717534503085e-05,2.7197630225591644e-05,2.422111251763152e-05,2.3793334913729434e-05,2.5688786299338468e-05,2.4348493178712097e-05,2.231532986490392e-05,2.2915568940073442e-05,2.4526001742773496e-05,2.1571397850860506e-05,1.8855980969506514e-05,2.1945126630355057e-05,2.486054505213614e-05,2.5214762832456317e-05,4.224511068029926,212.706365926749,0.009575232144810302
2024-12-19,2.3878678942610257e-05,2.293935257579098e-05,2.269221809671498e-05,2.5883843115323697e-05,2.9251247025098475e-05,3.065052930515173e-05,3.1510831871371566e-05,3.313615147633942e-05,3.48343955440647e-05,3.252077769344403e-05,2.886102350803247e-05,2.8166636053521858e-05,2.867795529983161e-05,2.8532184183181206e-05,2.799050904825249e-05,2.8225059846097748e-05,2.9476142746973954e-05,3.054798948154907e-05,2.9825767946525462e-05,3.0277998761232682e-05,3.0766263111167866e-05,6.883695763733657,215.84136810750292,0.02141685372846472
2024-12-20,2.9577647717413936e-05,3.175799613062047e-05,3.0384610815855587e-05,2.963314410947041e-05,2.9730127573941254e-05,2.7102617453828923e-05,3.181578553872678e-05,3.854172533315359e-05,4.254512928375909e-05,4.098771300073483e-05,3.828906356130338e-05,3.769552952348795e-05,3.7054376378141105e-05,3.884013455336503e-05,4.257153636592563e-05,4.0058085508362525e-05,3.6222066089768295e-05,3.327320696515623e-05,3.572863650992281e-05,3.9183497849712635e-05,3.463996682483812e-05,8.01244282965768,37.612074448490034,0.00806443200441178
2024-12-21,2.415881035559227e-05,2.4981785712620973e-05,2.6149832644970523e-05,2.9872403876022247e-05,2.9354853614439073e-05,2.6530664780593483e-05,2.6749492519785566e-05,2.6181484728460088e-05,2.4058084641423125e-05,2.878739724453873e-05,3.0636962195233065e-05,2.8452528129516012e-05,2.7292028249617166e-05,3.3122670003992295e-05,3.562673855484623e-05,3.7834874935656624e-05,3.89306805668402e-05,3.666663839395385e-05,3.613905655454289e-05,3.75494743652977e-05,4.065354046165759e-05,2.6219799629332186,190.4692188074215,0.0037069357093298923
2024-12-22,4.4854962878284966e-05,4.171741067012444e-05,3.759959688703946e-05,3.7866088234814894e-05,3.9660833466285215e-05,4.1972827662352985e-05,4.919578494954022e-05,5.209396466765896e-05,4.9609367366130665e-05,4.598024807268959e-05,4.807616050124907e-05,5.278747519369679e-05,5.4669132849833044e-05,5.304959432395983e-05,5.166932168329825e-05,4.589691718551023e-05,4.0017467652395954e-05,4.1182491155934256e-05,4.516045474972928e-05,4.8965410868828844e-05,5.439207413335808e-05,6.654539319570101,35.36867256288633,0.007540831965624954
2024-12-26,2.839774531279762e-05,2.9240848601211085e-05,2.691728015539391e-05,2.618549817985374e-05,2.7234930278663507e-05,3.0100574967658747e-05,2.9801933394819187e-05,2.9417086791731113e-05,2.5446610359897325e-05,2.1733587356675056e-05,2.681767864334729e-05,2.888234555401141e-05,2.2375535560149764e-05,1.924052125067313e-05,1.7137813605885607e-05,1.8723581245590257e-05,1.5736304512974945e-05,1.1776663749628125e-05,1.847633643187273e-05,2.162981886983043e-05,1.65531871399231e-05,3.9991076917078034,113.91118066681679,0.008662303875689545
2024-12-27,9.022819658942407e-06,1.832959760146253e-05,1.5849685422313444e-05,8.473129384176867e-06,7.145517091747557e-06,6.408316152707726e-06,7.502921376932119e-06,1.0792264340563494e-05,1.537217413963446e-05,1.5000600634214816e-05,1.256595441236382e-05,1.7421642057644483e-05,2.057759622872601e-05,1.6963749239985063e-05,1.4398068145806279e-05,1.536391599655638e-05,1.5108045441992407e-05,1.3290668281394032e-05,8.431123326740135e-06,7.987166485841506e-06,1.2856556590434881e-05,6.684596261760594,113.48892340989903,0.005868977806298252
2024-12-28,1.4105209724642585e-05,1.766699555201759e-05,2.0422278968941936e-05,2.2828326448150815e-05,2.289870553171486e-05,2.040464996038923e-05,1.8000506941909123e-05,1.7829645322804367e-05,1.788682713104757e-05,1.6028258381259757e-05,1.430757176564213e-05,1.3758388296652782e-05,1.2629216607116018e-05,1.2106000494513333e-05,1.2687751679372682e-05,1.2726767219132277e-05,1.3248190552598193e-05,1.3007976609562005e-05,1.607265106424269e-05,1.8612564362130326e-05,1.876699113413006e-05,2.5690653035018496,110.06659302077793,0.0182971366192965
2024-12-30,2.4378240132746267e-05,2.1200080210671767e-05,1.658888786111226e-05,1.5808409550376284e-05,1.839112410823317e-05,1.9948200368537865e-05,1.9289438584151423e-05,1.8474029966800383e-05,1.9301283530609737e-05,2.091701358537841e-05,2.1504366348183265e-05,2.0644822537835905e-05,2.0114004937410294e-05,2.0572089824492857e-05,2.060483764028902e-05,2.0404692808481926e-05,2.0467341386713927e-05,2.0105588022673056e-05,2.0150207052809212e-05,2.0599548454270098e-05,2.183678159537514e-05,10.569067319226061,134.76498142423043,0.005455000495822679
2024-12-31,2.4834909636888687e-05,2.2756495075969488e-05,2.3382194567016796e-05,2.3867162491683527e-05,2.21811896548531e-05,2.240786912703381e-05,2.4776442242082616e-05,2.891682039286679e-05,3.078578916783189e-05,3.1812969655436165e-05,2.9279347760057776e-05,2.8068719458769853e-05,2.4350827845593555e-05,2.697435153023982e-05,2.8247999096695955e-05,2.9184757677613843e-05,2.882678832742646e-05,3.1447207273734945e-05,3.060427180185124e-05,2.826167575855131e-05,2.8162155358008382e-05,2.275217157359801,182.75732733589365,0.0022686249038684973
2025-01-03,2.535702896524576e-05,2.8057595899831845e-05,2.989784618811966e-05,2.9315061083097517e-05,2.9029875161469924e-05,2.8624228928157104e-05,2.7622228654730713e-05,2.5998178800002982e-05,2.4394325142146887e-05,2.478129432246227e-05,2.6675443687235137e-05,2.830054992335106e-05,2.8027842596543944e-05,2.6824288510051413e-05,2.6006055119279175e-05,2.793337185916806e-05,2.971437272506919e-05,2.9358720561467568e-05,2.746675925428775e-05,2.623617060404311e-05,2.9151382771710567e-05,8.953669311654373,14.52088821258286,0.019679111793293978
2025-01-07,1.7112466214205626e-05,1.711246659729879e-05,1.9851135280580876e-05,1.9851135311654897e-05,1.5775289986769495e-05,1.572037026386924e-05,1.5720370280612784e-05,1.75041494837635e-05,2.6336771941161827e-05,2.7028053863834796e-05,2.4256160395483543e-05,2.2829231945229866e-05,2.3193691012524998e-05,3.622068442964174e-05,4.5037683983797595e-05,4.58656697635632e-05,4.5055859030558887e-05,4.2552905068887696e-05,5.0920692727091645e-05,4.736553645686936e-05,4.6474526700559844e-05,3.0624056263844803,246.33555042426315,0.22912346939245942
2025-01-08,2.1773031388735957e-05,2.489814831577803e-05,2.4759546876387228e-05,2.402714717918884e-05,2.4825135326714106e-05,2.456663140687937e-05,2.4018287999543053e-05,2.3848243063716872e-05,2.420571438314825e-05,2.434633218069765e-05,2.4450078372947832e-05,2.475708838010975e-05,2.3754190471782586e-05,2.1583218071383244e-05,2.172682261207133e-05,2.2372542159294627e-05,2.3555326088864472e-05,2.5881562875719682e-05,2.6230117725571643e-05,2.7536315676068004e-05,2.9091379700756442e-05,5.498841806292163,57.21210902420091,0.03363252388001325
2025-01-13,2.692817179339005e-05,2.8163006809884204e-05,2.8581189441241387e-05,2.9001871646760838e-05,2.9218025193377414e-05,2.800222185297669e-05,2.7477312384614214e-05,2.7833863898838993e-05,2.96356957763027e-05,3.116611256635349e-05,3.274631760125952e-05,3.275204860218326e-05,3.185425439194862e-05,3.132514216252913e-05,3.2253667180130435e-05,3.493516180583676e-05,3.791984622334698e-05,3.9837574846437654e-05,4.0466781867221305e-05,3.97174053948265e-05,3.92433390022456e-05,7.982860585054189,34.5040162709339,0.2834679697461458
2025-01-14,2.0166993553902948e-05,1.8938228159826953e-05,1.7436710052339032e-05,1.634939657856733e-05,1.6050821496604876e-05,1.7122075924228083e-05,1.8012087514864313e-05,1.8414055001254074e-05,1.8224618063093266e-05,1.758264706444684e-05,1.8731899370138378e-05,2.1054446580745066e-05,2.313625896274163e-05,2.3114143498547727e-05,2.4506695125848198e-05,2.549726265913768e-05,2.7158244466849728e-05,2.7097495476135037e-05,2.7220332608288636e-05,2.887657473451794e-05,2.9337334460564225e-05,4.399056586557705,176.49563642584258,0.14709288175793828
2025-01-15,2.4310994027519875e-05,3.0620793597275034e-05,3.21694945435687e-05,3.179282801557041e-05,3.272633803728612e-05,3.313216325615331e-05,3.3307419942786225e-05,3.56694530134222e-05,3.63778472914541e-05,3.6069059225522615e-05,3.288129740524924e-05,3.2619726156018915e-05,3.262795897096829e-05,3.314798326987498e-05,3.309375618827024e-05,3.443718279477996e-05,3.83587493734546e-05,3.8485296636793655e-05,3.737432385472007e-05,3.507830360379077e-05,3.524039421890365e-05,5.213901064826853,81.73410239389273,0.04806597081805389
2025-01-16,2.0655930505479514e-05,2.1435848391780477e-05,2.421859501039189e-05,2.6410000497574993e-05,2.4813952765860115e-05,2.6146590736692985e-05,2.947920337937592e-05,3.1109494558750746e-05,3.0195890786093998e-05,3.0338760977346095e-05,3.571490734575944e-05,3.797362556945237e-05,3.851772920831214e-05,4.453139537267444e-05,4.803880631432899e-05,4.933394397277393e-05,4.9652819882817194e-05,4.845064696557265e-05,5.1385075864140176e-05,5.250525109915026e-05,4.85798833609369e-05,4.2219284434859405,52.40262135886917,0.008167032747235004
2025-01-17,2.6443319093127468e-05,2.5955760231713544e-05,2.73829810978982e-05,2.381702605979437e-05,2.223478701707705e-05,2.7332484961017398e-05,3.100300324469887e-05,3.312174381054816e-05,3.4955376798685765e-05,3.515092587856886e-05,3.377744760685939e-05,3.295744570016855e-05,3.0409090230230124e-05,2.5279717350857606e-05,2.2850398304322538e-05,2.363580122479121e-05,2.5294934431436212e-05,2.9367357412748434e-05,3.2131299015344536e-05,3.271803093034292e-05,2.7739296529675417e-05,11.211522042387386,106.10870520872459,0.002833796898396705
2025-01-19,2.3460839419227245e-05,2.3795365708750285e-05,2.4339641335648585e-05,2.6349561354423226e-05,2.7814771522008615e-05,2.7484347878854846e-05,2.613061572691606e-05,2.5697852034682627e-05,2.5968169993293957e-05,2.727979090911597e-05,2.8810070503093916e-05,3.0262199934544218e-05,3.1566721532496384e-05,2.8875434368604077e-05,2.8083732719463403e-05,2.8895386658651633e-05,3.2211385747684724e-05,3.299836622674809e-05,2.9531212709006508e-05,3.126085505345043e-05,3.497179949601243e-05,3.5497672841831385,351.23221046444894,0.03364469619878379
2025-01-21,2.539367797758247e-05,2.5669612024289112e-05,2.6739218117343458e-05,2.9095558658761665e-05,2.824378883278766e-05,2.7769303980575003e-05,2.9446170044529847e-05,3.086158607508496e-05,3.366375852299354e-05,2.909332623279707e-05,2.5553089847955916e-05,2.7919827579837448e-05,2.7172715248628445e-05,2.4840324639614534e-05,2.482626541523376e-05,2.4910669364935638e-05,2.6362153934475344e-05,2.7603008585689607e-05,2.797733935837183e-05,2.9293466837759465e-05,3.389256663674077e-05,8.686389299531552,59.245014764139,0.11550764474466117
2025-01-22,1.9694494898118148e-05,2.0567205409418385e-05,1.9171071202463515e-05,1.6753138787605734e-05,1.8923562679794778e-05,2.1911912906733563e-05,2.3321628542170188e-05,2.0985234207884897e-05,1.8526071228436105e-05,1.948445514284728e-05,2.2454481066018532e-05,2.721512928197033e-05,2.9683856321641885e-05,2.948470727689344e-05,2.877246280065226e-05,2.970715269255682e-05,2.81470848874506e-05,2.3845909572231972e-05,2.2481007027134195e-05,2.409536037821015e-05,2.371494494306956e-05,8.30215018989404,187.9914234167706,0.0030877262273337953
2025-01-23,7.045768044826546e-06,7.939706573952211e-06,7.623170364763308e-06,8.99307004101294e-06,1.3100781332220967e-05,1.309802346014074e-05,1.0260596660825512e-05,3.4082168619734178e-06,3.5380946695758444e-06,9.421943641444781e-06,1.3811002642998559e-05,1.3750591292431749e-05,1.095746654759621e-05,9.335200562703023e-06,8.856971411636244e-06,6.041815048250085e-06,5.355316042523356e-06,7.441794152846904e-06,1.5652067144635594e-05,1.6068985123908744e-05,1.3999185987456831e-05,8.19622478938349,157.47079357582345,0.017613375096131083
2025-01-24,4.6039091738327964e-05,4.419816146196512e-05,4.0707959989678044e-05,4.0973277197082707e-05,4.1387304023022945e-05,4.114354346131088e-05,4.0730898822059436e-05,4.2202180815563965e-05,4.5024290821370974e-05,4.7114502358337956e-05,4.938469038181479e-05,4.937711920633066e-05,4.764491372483772e-05,4.724837852172154e-05,4.877875528651049e-05,4.961102377263513e-05,4.773667656630323e-05,4.807406646504689e-05,4.7935432528151825e-05,4.5817866780151986e-05,4.455769563959499e-05,7.136983143236307,52.26246679214029,0.004595270015240562
2025-01-27,4.864395440574758e-05,4.3341038712689816e-05,3.856711042256824e-05,3.507508072691799e-05,3.238002951428409e-05,3.299364621788185e-05,3.678627114187504e-05,4.015461882586999e-05,3.740102860123311e-05,3.6739625303491815e-05,4.393712215878215e-05,4.5941238442225165e-05,4.043836965271877e-05,4.0863259177128975e-05,4.3878313867275624e-05,4.440630088226204e-05,4.51082588165392e-05,4.546858730970478e-05,4.440233368251455e-05,4.425638326283201e-05,4.660435270734355e-05,6.160662661017471,51.15779213255604,0.0024771279694319583
2025-01-30,3.073385143040725e-05,3.145368948853238e-05,3.138072515399484e-05,3.271846241208201e-05,3.284451556738892e-05,3.2172450825931494e-05,3.194751330561526e-05,2.9954883157957313e-05,2.8941937819344077e-05,2.8891501191406148e-05,2.9011415650970508e-05,3.110226484888929e-05,3.4467523615952355e-05,3.366344292917629e-05,3.376750438333141e-05,3.5053293207618495e-05,3.550744256610814e-05,3.555799467515856e-05,3.583606968603583e-05,3.667645875485784e-05,3.766606363109985e-05,9.407099958168134,62.39472710594771,0.15585109245265089
2025-01-31,2.165065606701268e-05,2.4353149055417222e-05,2.655364406138082e-05,2.4516037473650495e-05,2.42258442075716e-05,2.5253113041361198e-05,2.4895127154017504e-05,2.2291376576917826e-05,2.041124300948379e-05,2.142162632306593e-05,2.3533350601521132e-05,2.3611748296755317e-05,2.2697996956394463e-05,2.2340298529182165e-05,2.121168402704172e-05,2.0601333944048163e-05,2.1321364801116206e-05,2.134490152939006e-05,2.1727897855581733e-05,2.166601703758716e-05,2.400346029387386e-05,6.551740343176235,137.31419913258605,0.0005717171857787192
2025-02-02,3.409314996949817e-05,4.131815654073238e-05,4.184314932497907e-05,3.7832120815730114e-05,3.7811665803106605e-05,4.648036807665962e-05,5.212367704203977e-05,4.955909354126477e-05,4.898599421586331e-05,5.083305339805041e-05,5.091969287927589e-05,5.097582228075561e-05,5.0193291023905616e-05,5.2579272432449144e-05,5.4251946640319104e-05,5.146863251371589e-05,5.1742950633266415e-05,5.3026078774434536e-05,5.543932778037081e-05,5.337096563585342e-05,5.034506649984391e-05,5.416602023262819,9.120950698837532,0.06712257951296738
2025-02-03,2.8342471539097795e-05,2.7605954223663238e-05,2.8789826817434947e-05,3.219660546200419e-05,3.0328925514535987e-05,2.226167702561518e-05,2.1226078841944227e-05,2.0125516397504633e-05,2.458360727264934e-05,2.773290683828157e-05,2.7940408260201345e-05,2.7071946110633155e-05,2.429578698457735e-05,2.3999296013481087e-05,2.503734892279635e-05,2.90009086421002e-05,3.228772324454707e-05,2.735580536470829e-05,1.8748947437420646e-05,1.7481187048263154e-05,1.835527482066773e-05,5.797485558570445,82.12622078191151,0.0038703013516103476
2025-02-04,2.5375951965601448e-05,2.3255699856527274e-05,2.1806531055519025e-05,2.2151090803013415e-05,2.467837333038321e-05,2.67348039636202e-05,2.908127077986511e-05,3.140833776005171e-05,3.463429115701431e-05,3.800786229937412e-05,4.139805927102823e-05,4.464592095492777e-05,4.780506429053045e-05,5.092770665299254e-05,5.299738791071745e-05,5.1146416106769885e-05,4.8476940065703695e-05,4.4074862847495844e-05,3.8624839539762784e-05,3.442670862573069e-05,3.145602452748061e-05,2.503490833803981,317.7938122510564,0.16729891223831717
2025-02-05,2.6580088629360998e-05,2.5583269401040642e-05,2.389309681732728e-05,2.2726910818917665e-05,2.3438266105214627e-05,2.315716781038697e-05,2.7877069262428195e-05,2.7367024721856385e-05,2.4282577270864376e-05,2.1007666539471783e-05,1.9835774929657704e-05,2.1494545526544376e-05,2.4342857132399645e-05,2.410751828974988e-05,2.585123566505085e-05,2.5628711768438326e-05,2.3539204595225377e-05,2.242387987058041e-05,2.1077735169942523e-05,2.1934933896686936e-05,2.230696859817836e-05,11.122857124640179,64.38761041330065,0.0048545552743475395
2025-02-06,3.180177620688702e-05,3.120352029884399e-05,3.5931632183142476e-05,3.8512741155468256e-05,3.2003637382878226e-05,2.9535251122016066e-05,3.0295705275978695e-05,3.318086043781499e-05,4.003987406517072e-05,3.680659838484927e-05,3.415603115159162e-05,3.895560503199757e-05,4.196840452490992e-05,4.074052622955568e-05,4.1695702811638036e-05,4.356965865317786e-05,4.9790896207792056e-05,6.0144388218972396e-05,6.260802394113699e-05,6.871533907837636e-05,6.687209164656953e-05,4.842577840054739,248.52968396487677,0.002039032203719946
2025-02-07,2.5249549411844417e-05,2.8484689276265496e-05,3.088627524978519e-05,3.1213515151856964e-05,2.830797804007551e-05,3.2910640800559474e-05,3.557158919887473e-05,3.210746057291555e-05,2.9369048836900957e-05,2.7648582301290804e-05,2.5305848395831207e-05,2.6156146727641625e-05,2.4170825239261546e-05,2.0629766769958062e-05,2.5016875251568686e-05,3.351404591673722e-05,2.9424565489578183e-05,1.7788954841760905e-05,1.59037981728223e-05,2.1686350434969385e-05,2.6061103104883917e-05,9.719992062958136,49.205235739528234,0.04861195708897121
2025-02-08,2.9590579946107217e-05,3.314245259024814e-05,3.7159495254598794e-05,3.7729683099030565e-05,3.298574629736583e-05,3.243891696086235e-05,3.166441495911732e-05,3.029594124288229e-05,2.9336552907633698e-05,3.222059916200281e-05,3.439001396249589e-05,3.205711004761194e-05,2.8872040098989783e-05,2.709691033754194e-05,2.61793096858521e-05,2.513173831892613e-05,2.7500021437189312e-05,3.048497360787438e-05,2.9305918952090338e-05,2.5535104964746478e-05,2.3154012644426547e-05,7.263444078202244,215.23755194148026,0.0020149543758652927
2025-02-09,3.0126899604591533e-05,3.17528175781848e-05,3.524998274262548e-05,3.5595831512676e-05,3.40455712089128e-05,3.295096812283541e-05,3.2439498588936534e-05,3.082897804265982e-05,2.8914243963157108e-05,2.925408282443184e-05,3.219340204481154e-05,3.4343449932795285e-05,3.323181154935644e-05,3.3971805521871946e-05,3.7148820472672764e-05,3.969012903206725e-05,3.9626924547849774e-05,3.888248355311596e-05,3.9284693182876705e-05,4.070198742785723e-05,4.0903418318961655e-05,2.8156172733077325,213.35609736280017,0.04488414578331633
2025-02-16,1.4685067287749277e-05,1.3172235154389156e-05,1.2523404130133157e-05,1.338817479236466e-05,1.3261333632334139e-05,1.1763596852612671e-05,1.0481381787717834e-05,1.096736569200328e-05,1.4565962134608067e-05,1.9704073887044327e-05,2.2304220431259734e-05,2.1653672848735296e-05,2.032001276102933e-05,2.1260091990113335e-05,2.68472732560125e-05,3.1081126327440285e-05,3.345195709103804e-05,3.5408443850722754e-05,3.612788699290586e-05,3.6142820707474895e-05,3.410673501146624e-05,2.306177082258212,320.7351057663584,0.010347491883713882
2025-02-20,1.9496222346098294e-05,1.8848453998568848e-05,1.9473573080058788e-05,1.8938298980079925e-05,1.7776889352502935e-05,1.4846909513959667e-05,1.4427250448075972e-05,1.4850245749096796e-05,1.5099894126317823e-05,1.6026755021789483e-05,1.936190361636788e-05,2.2106049757238692e-05,2.2735964599418747e-05,2.2994115484685807e-05,2.339746604304989e-05,2.3936116868768717e-05,2.6931295757640113e-05,2.7799114476475272e-05,2.7162887545896476e-05,2.5081733665758716e-05,2.5417332682015478e-05,5.237213714601222,329.74011421404674,0.014875678012943677
2025-02-21,4.810161705010259e-05,4.745982953213677e-05,4.557625656388701e-05,4.7040218879881346e-05,4.893532203382879e-05,5.043419120497312e-05,5.077776540516274e-05,5.1361031718894626e-05,5.107453148390061e-05,5.25872535522217e-05,5.3229425800824024e-05,5.272670193384233e-05,5.21421767890972e-05,4.897707109958222e-05,4.5569413838145756e-05,4.3456707332041583e-05,4.351543343935151e-05,4.181614537724643e-05,3.641726127477588e-05,3.278514562944679e-05,3.584133964901286e-05,4.743609525034012,34.819229984531546,0.011700951301994387
2025-02-22,2.3427239884699613e-05,2.46687115296259e-05,2.1847897777025135e-05,2.073787826161745e-05,2.0267262901017932e-05,2.2105351703069953e-05,2.264157085167228e-05,2.0700069381324475e-05,2.3107381676775526e-05,2.3941701996118157e-05,2.161976397202617e-05,1.959875827954956e-05,2.0909534465941264e-05,2.5912523768754183e-05,2.524886884823878e-05,2.114938713849245e-05,2.039137284769802e-05,2.0490088432469008e-05,2.1454921625751808e-05,2.3432182752092565e-05,2.51083166310582e-05,5.28081035482493,39.84382132937128,0.0023700487362465525
2025-02-23,1.8497896542879164e-05,2.1456530003249675e-05,2.0520189032769178e-05,1.570427924701303e-05,1.6025879359875752e-05,1.851152005326545e-05,1.798306526027066e-05,1.7568280315732024e-05,1.9189688646414787e-05,1.8959498163354503e-05,1.645791171313594e-05,1.652402384570079e-05,1.9670466286787868e-05,2.3232352851987724e-05,2.208102021229128e-05,1.9361868235703466e-05,2.039705580928701e-05,2.502048749931871e-05,2.6293212315812813e-05,2.5621350114813685e-05,2.547297505629868e-05,2.781730766440662,192.21760491514294,0.0007922286111579916
2025-02-24,3.2601207649275346e-05,3.79504188899668e-05,4.103885510181925e-05,4.226247250919151e-05,4.793295057640719e-05,4.784031587948839e-05,4.6057258987585815e-05,4.279426531298455e-05,4.2593814105866105e-05,4.195249011428459e-05,4.3098362426183404e-05,4.29765029228298e-05,4.26406222141746e-05,4.287546944660118e-05,4.333192117501252e-05,4.733426371847192e-05,4.7720142110616715e-05,4.840289745713159e-05,5.7771556448888574e-05,5.9003980686590716e-05,5.4997058682838986e-05,3.9148731006801176,158.39926054739703,0.01832358144766628
2025-02-25,3.262247075515058e-05,3.413285506264792e-05,3.3432322076785124e-05,3.2924802351341026e-05,3.378443762285427e-05,3.5174774301090786e-05,3.487732787214994e-05,3.3345662777745053e-05,3.3194275849934354e-05,3.373833700678582e-05,3.4379506620641994e-05,3.110841360707273e-05,2.961622371342105e-05,2.8640774008215526e-05,3.0349350134781933e-05,3.2745155312205566e-05,3.3182437206678117e-05,3.326082597363724e-05,2.998463880523397e-05,2.662023666704376e-05,2.692986232009655e-05,5.281774194102828,355.5056999947896,0.003586534203835873
2025-02-28,2.835666031450642e-05,3.550778327666464e-05,3.373730536296017e-05,3.258363373632842e-05,3.425592137546748e-05,3.771103236078646e-05,3.673563005765158e-05,3.6746548731306796e-05,3.854775692458222e-05,3.456358328019066e-05,3.779002463363203e-05,4.240205441837803e-05,4.3122797180327214e-05,4.074232253315427e-05,4.057172048052433e-05,4.044177151771945e-05,3.757938278324007e-05,3.779348004154638e-05,3.80897014662966e-05,3.8149206178330644e-05,4.07530776708301e-05,7.287391467991474,83.67074481449549,0.0008708089593300925
2025-03-01,2.4836183090319717e-05,2.6386300610044745e-05,2.894576210521883e-05,2.9692339123280228e-05,3.1532873349945716e-05,3.1818314770933445e-05,3.346194391380083e-05,3.25753235255486e-05,3.200077568534137e-05,3.055110694754474e-05,3.0231207913646687e-05,3.130785774369841e-05,2.8338926146095814e-05,2.3394823758848833e-05,2.29545167612518e-05,2.2705108385899275e-05,2.360218492898732e-05,2.4076654151278672e-05,3.09047615589684e-05,3.282381858363739e-05,3.27406144091242e-05,5.549024936025729,345.2532214544942,0.00037788472661347353
2025-03-07,2.6387133273172656e-05,2.514024861838161e-05,2.48126857747738e-05,2.505819077568147e-05,2.7933917609348218e-05,3.17408878541645e-05,3.508408847889454e-05,3.541469644330352e-05,3.312306461356234e-05,3.3850697720105016e-05,3.113626042665969e-05,2.8206915635572402e-05,2.6038720898325173e-05,2.413832456374911e-05,2.6986126717463093e-05,2.7986833232535743e-05,2.7053843628136245e-05,2.47008450359295e-05,2.3555248444349956e-05,2.5172739079460632e-05,2.7477970658050252e-05,4.336080108600488,91.13593152975113,0.0018135635296595042
2025-03-09,2.168873701043315e-05,2.2013750757539823e-05,2.0838120238487802e-05,1.8907797614940706e-05,1.7974245085813e-05,2.077871849610626e-05,2.37385248392084e-05,2.2894482145238032e-05,2.0984317105616438e-05,2.1179444868946204e-05,2.081024428069288e-05,1.9672026570304758e-05,1.8889307100911878e-05,1.9404741590040044e-05,1.9444067833643266e-05,1.8164205321484465e-05,1.6907383975967815e-05,1.719269373628415e-05,1.8396294161040827e-05,1.944667336709153e-05,2.072139419117139e-05,3.851229340556765,145.61152024284837,0.0017908223064484927
2025-03-10,4.338167461508913e-05,4.368200763224164e-05,4.191547250669447e-05,4.11929514788209e-05,4.3464056524893946e-05,4.151902447538056e-05,4.00421869501275e-05,4.455911239095372e-05,4.573738041913842e-05,4.011973968894442e-05,3.659705359310224e-05,3.6190765675283604e-05,4.174000453639172e-05,4.561244682413502e-05,4.235663332664209e-05,3.474441080126728e-05,3.2785622431395676e-05,3.565565470649867e-05,3.566168380328698e-05,3.9888196427870675e-05,4.246231814319892e-05,8.218942177214634,46.441822369465854,0.00038452394782457876
2025-03-11,2.9086888894602573e-05,2.9796055498980995e-05,3.2611663994794555e-05,3.656098248061888e-05,3.3991937077127625e-05,2.9941521358095842e-05,3.0342783947264508e-05,3.093171479715634e-05,3.286756598822002e-05,3.964274518302292e-05,4.2167010891368304e-05,3.65463211965614e-05,3.168102309140594e-05,3.3877282995119744e-05,3.951079782793423e-05,4.123864622017685e-05,3.907466159238818e-05,3.8153636756383466e-05,3.716791931709119e-05,3.4239890818467815e-05,3.27153042387354e-05,4.024612883995876,127.05184929122612,0.0007359379818270745
2025-03-12,1.007572392863366e-06,9.423803972369595e-07,2.567557386019343e-06,2.8415354253713357e-06,3.642693069335376e-06,5.140883466349164e-06,5.792954629491045e-06,2.9920146246184116e-06,-1.3557205782392702e-06,-1.8729901850587525e-06,2.126058018995995e-06,4.660153134799507e-06,7.005281758370306e-06,7.702510866725979e-06,6.075282749737599e-06,5.887258380853597e-06,7.594601802914975e-06,9.639012344808871e-06,1.1761399032363263e-05,1.128627997961282e-05,7.731827329800987e-06,7.955785311010864,108.62472103384158,0.006396765361350424
2025-03-15,1.4816105292142191e-05,1.2992047737431284e-05,1.1960855946331419e-05,1.2163903527146024e-05,1.4073086989063209e-05,1.441152913278563e-05,1.4367951356128024e-05,1.4387429630194415e-05,1.5800283575275754e-05,1.5708338910134714e-05,1.528952447761604e-05,1.6512545664816355e-05,1.7970733087855976e-05,1.856721381838909e-05,1.5259558042213297e-05,1.485651353328653e-05,1.4595870589757625e-05,1.2767031766892232e-05,1.1260552023722924e-05,1.418580957787218e-05,2.0805602350917173e-05,7.670168577043921,166.82922349037608,0.07990699943608347
2025-03-16,3.0796801996859664e-05,2.9972412549836426e-05,3.1104589307582854e-05,2.8507774775732066e-05,2.828211322409706e-05,3.036137796652901e-05,2.8868716175969286e-05,2.69451920230103e-05,2.4115192404515177e-05,2.6433198436687827e-05,2.9481303925126024e-05,2.8445101944131155e-05,3.0453818590925535e-05,3.257274882707918e-05,2.783903814001994e-05,2.40700102890725e-05,2.611299830643013e-05,2.890414102983501e-05,2.5620462680848128e-05,2.443607341737938e-05,2.6852953632006844e-05,5.682892420856534,90.36452969310403,0.0008453549534281722
2025-03-20,2.2858505083949048e-05,1.910235539431904e-05,1.9283285270707005e-05,1.8594886410923017e-05,1.6767029779044638e-05,1.91473017371356e-05,2.2621121775944684e-05,2.359122687731063e-05,2.2606878518745767e-05,2.0878704337789358e-05,2.434610772171307e-05,2.80184411439822e-05,2.619263321048871e-05,2.2407683255831786e-05,2.219204165723084e-05,2.3855234768312247e-05,2.3450416206095437e-05,2.0291759272704814e-05,1.743598706426833e-05,1.6201768034392618e-05,1.8309016713504065e-05,7.811256477873608,44.636221533037315,0.0043517669875344145
2025-03-21,1.845689068302676e-05,1.8969391388435846e-05,1.6282711984023006e-05,1.7242229803854547e-05,2.108246316485399e-05,2.097037121372482e-05,1.837589012003447e-05,1.5427290410610822e-05,1.5752496142322173e-05,1.6816611277982055e-05,1.6653616489770276e-05,1.4961844638627602e-05,1.605116128129072e-05,1.8246411222363986e-05,2.115899850075265e-05,2.316788427554583e-05,2.4796805487439766e-05,2.4923571768408832e-05,2.2572533680925976e-05,2.2109901903516207e-05,2.1801557845581062e-05,3.093409601743397,206.16823969566875,0.03981696856924877
2025-03-22,3.9360061666937117e-05,3.918058874541019e-05,3.857585025048741e-05,3.8013905354673226e-05,3.8083097612938614e-05,3.5203800620397597e-05,3.147672852213841e-05,3.263131137004119e-05,3.561794685835647e-05,3.637002183445439e-05,3.4951469990645846e-05,3.868953299273736e-05,4.3804184254921057e-05,4.1356608438853264e-05,3.7954115121080206e-05,3.9914068787467534e-05,4.0521256483527105e-05,3.7226290183844394e-05,3.2542198226136156e-05,3.0247212217795156e-05,3.0108526960707912e-05,8.438641778091105,43.26912600279752,0.0009590561018629083
2025-03-25,2.7403289031408103e-05,2.8358316028602066e-05,2.6969455980015528e-05,2.7328983528028422e-05,2.888110019215018e-05,2.9298268478352366e-05,3.1142063183406696e-05,3.0424590855202132e-05,2.8915259767086714e-05,2.8267801516030022e-05,2.7684622181686246e-05,2.955159787503652e-05,2.994564657914623e-05,3.142881801760966e-05,3.2946968066091434e-05,3.4175810696026495e-05,3.393405586645992e-05,3.4215971714735176e-05,3.22050081726274e-05,3.061614871055365e-05,2.835387274331935e-05,5.438879666226314,273.0089730120708,0.0033407628474051276
2025-03-26,2.16086983633881e-05,2.1965943285067966e-05,2.211664992136188e-05,2.1610747279684263e-05,1.942917200585947e-05,1.9496415469271238e-05,2.496181882017166e-05,2.864056256736742e-05,2.8520540717547656e-05,2.3990021923989902e-05,2.285443325526907e-05,2.3234183609200846e-05,2.4746946486135476e-05,2.4968294284049297e-05,2.4525416319901797e-05,2.4103330780619353e-05,2.4051511019420814e-05,2.4749705957068553e-05,2.6184541596184027e-05,2.6058596922016363e-05,2.295524489786465e-05,7.512579577386767,352.8637609514883,0.0071149840180370115
2025-03-27,1.423214200263853e-05,1.6541723235920777e-05,1.7438684001567308e-05,1.4015577658828995e-05,1.3585968419232683e-05,1.4662188205561027e-05,1.6378333075347547e-05,1.8281630128082996e-05,2.1693732041375502e-05,2.050326937511976e-05,1.989182408100784e-05,2.015734139125177e-05,2.110206023119896e-05,2.099821854953081e-05,1.8898814790186904e-05,1.5221804669116743e-05,1.374552439664355e-05,1.415238068306323e-05,1.6555605824835132e-05,1.8455252529925233e-05,1.661747008648776e-05,8.687318251081317,9.141181689265409,0.016542148940529515
2025-03-28,2.2660159196522375e-05,2.3733546224330725e-05,2.3684089453742677e-05,2.2523966952488993e-05,2.445147094022141e-05,2.4636399735861405e-05,2.365460508270459e-05,2.3793842576813097e-05,2.3075528315512708e-05,2.2750215155460957e-05,2.2704372651068743e-05,2.3300062880930078e-05,2.283821611301934e-05,2.2902750519232942e-05,2.3224478520561988e-05,2.4179448040437074e-05,2.564624964755187e-05,2.6691399149692162e-05,2.86598528310531e-05,2.9816147483376684e-05,2.8981375525360596e-05,8.360604874994635,38.59592132536682,0.00840916906756308
2025-03-31,1.844614800114898e-05,1.8875772569005404e-05,1.987044481515636e-05,1.9491577483308237e-05,2.0499494243590327e-05,2.3151359406357244e-05,2.460377550742536e-05,2.3916044866298037e-05,2.5777354926311168e-05,2.7075537881017383e-05,2.7656898676381257e-05,2.554017908921889e-05,2.4581242344663963e-05,2.626185098157448e-05,2.7927374803363186e-05,2.6679069922912407e-05,2.5315189827503367e-05,2.3394625377355346e-05,2.3173882055656915e-05,2.440300235693023e-05,2.4947914873828435e-05,4.53169512626057,334.9896856854559,0.01099033361993496
2025-04-02,1.646655058260122e-05,1.853385143726287e-05,2.1166625801057564e-05,2.0642859395005554e-05,1.6206515737082747e-05,1.2690146985947272e-05,1.5957393707332144e-05,1.9850915821437053e-05,2.103803099549678e-05,1.663468881154906e-05,1.4782416992518438e-05,1.6571659841710918e-05,1.5524389744564176e-05,1.4953671313482036e-05,1.5350255074373987e-05,1.4398762780779922e-05,1.2331061508373821e-05,8.80736216576538e-06,5.105086414659053e-06,6.771422805989381e-06,7.891152689827873e-06,3.992474431493415,85.90556835037171,0.002858451264232209
2025-04-06,7.804631193433532e-06,7.893062876237849e-06,8.825237756692863e-06,9.675075992031535e-06,1.0230596203062372e-05,1.0813835075874796e-05,1.1176741012795022e-05,9.186380049860736e-06,9.21493228846872e-06,8.462022584169469e-06,9.340403917665855e-06,9.885738083030957e-06,1.022030456612405e-05,8.057401504427005e-06,7.37494307154296e-06,7.943361475436445e-06,1.1724802994531404e-05,1.3305997954966034e-05,1.2316850784856406e-05,1.0181677034802176e-05,7.899469476329753e-06,3.4020730634713763,158.02553381736516,0.0
2025-04-07,1.9597091428461894e-05,2.395177913078848e-05,2.6498462195491494e-05,2.4282149855362256e-05,2.1431535013642264e-05,2.0496034007010727e-05,2.2075998041541533e-05,2.2434572637476946e-05,2.3172435281173218e-05,2.3733100894246057e-05,2.6260000147193922e-05,2.5018155089491393e-05,2.2377173698285748e-05,2.099654383197284e-05,2.103184914973308e-05,1.936752074579762e-05,1.8777630657601737e-05,2.1186770431509405e-05,2.42285448029918e-05,2.604079123674433e-05,2.6629373940314862e-05,3.906405930863926,183.89133908567163,1.9259494001765468e-06
2025-04-08,2.8722702187019516e-05,2.761352973143816e-05,2.936957272086669e-05,3.103605989928108e-05,2.9076957673012687e-05,2.7322209694156526e-05,2.597193881775019e-05,2.580468492794147e-05,2.7595176726789272e-05,2.6485170977491057e-05,2.646137597889625e-05,2.4976378815708805e-05,2.5261632695199052e-05,2.742448433559049e-05,2.9232294373448287e-05,2.9733346121251866e-05,3.0433757637658128e-05,3.3185657903950084e-05,3.244147279145587e-05,3.089942705565497e-05,2.8494804354210654e-05,6.377936914816906,49.51860112349107,0.019339235629801846
2025-04-09,1.9013531836102507e-05,2.018107924951159e-05,1.9524095455039413e-05,1.8246848631416652e-05,1.7226579862834426e-05,1.6736399787010138e-05,1.8095674440492375e-05,2.0143210836910566e-05,2.1707960660624082e-05,2.1574813867587558e-05,2.038524221077779e-05,1.9580716381450924e-05,2.0420110474324605e-05,2.045977841155202e-05,1.817433204346355e-05,1.5712908633431785e-05,1.5097562029816056e-05,1.605125518581039e-05,1.7492838960482477e-05,1.7926286762188604e-05,1.8273223429800492e-05,7.457568431555115,203.58327172657636,0.0027181552698950086
2025-04-10,1.9393055611187647e-05,2.0434894427286634e-05,1.9402982579776896e-05,1.8529283603784833e-05,1.890908509373989e-05,1.9372498150475294e-05,2.1072009302338326e-05,2.2965034109572156e-05,2.5690181282111948e-05,2.7521945731411217e-05,2.6122161546243676e-05,2.5835692247618538e-05,2.8273231136548274e-05,3.078426144533385e-05,3.2181610824899906e-05,3.2559494466350986e-05,3.1818896218805365e-05,3.1731934772212874e-05,3.495841126152984e-05,3.7288474790621545e-05,3.462871518193353e-05,5.84095810717652,214.8934388556376,0.0059636933331811744
2025-04-11,2.4644760407142445e-05,2.560548722093674e-05,2.7124143236437976e-05,2.7837397050935605e-05,2.5219140300282192e-05,2.2487252770772883e-05,2.2570157190675755e-05,2.4522999421180244e-05,2.4813344712549884e-05,2.204629049802273e-05,2.2166043179093853e-05,2.4310193956651256e-05,2.673424109880367e-05,2.637298922411729e-05,2.2945055015116318e-05,2.0393294892429607e-05,2.104520881001538e-05,2.303025020009485e-05,2.4534929291304907e-05,2.272922066896575e-05,2.219329098125258e-05,8.110705033841846,6.726804722697352,0.0008963811719945627
2025-04-12,3.0687574805466055e-05,3.5522054119912805e-05,3.6367274336494066e-05,3.8067007111823297e-05,4.138628777980016e-05,4.078401262457726e-05,3.272415204904203e-05,2.7525353141457976e-05,2.864712731932346e-05,3.095678485874724e-05,3.729119668029997e-05,3.858038289290406e-05,3.215497554666378e-05,2.927372433716527e-05,3.316187734442007e-05,3.079572306351403e-05,2.781359496772722e-05,2.680772341513852e-05,2.7481310954591337e-05,2.9055241422286085e-05,3.276354215946163e-05,9.196193323653414,34.99361290151978,5.686571537778832e-06
2025-04-15,1.8961917450606165e-05,1.8889526767677226e-05,1.7499892821962398e-05,1.689444716457045e-05,1.7349148109355705e-05,1.940395492658351e-05,1.9413628671890047e-05,1.9102235162353004e-05,1.769276270814281e-05,1.743255064494341e-05,2.11957895873969e-05,2.3627776702204034e-05,2.36241239674077e-05,2.57884632942311e-05,2.7192091199529892e-05,2.5163310673366467e-05,2.10550343971094e-05,1.9247216832479527e-05,2.101024892185386e-05,2.3929912767436057e-05,2.3819324102179207e-05,8.096238057277375,0.459422873912672,0.0014398902580331553
2025-04-16,1.957180571643043e-05,2.4202854201461964e-05,2.7080634623611496e-05,2.4610049549981153e-05,2.5684510718521348e-05,2.8405331094590458e-05,3.059061720984008e-05,3.1515701960250424e-05,2.8630962252385854e-05,2.416220557897027e-05,2.4312735115383005e-05,2.7307155310832694e-05,2.9018979494291386e-05,2.7445421680583496e-05,2.4623513163375808e-05,2.452564626719849e-05,2.5116275690252953e-05,2.4805908494914434e-05,2.475183998788099e-05,2.5536201278971044e-05,2.68114460828482e-05,8.44428199196368,26.47578186727185,0.0009481476752671088
2025-04-18,2.0633401688963742e-05,1.0516236799485538e-05,1.340794569524347e-05,2.91098915773101e-05,3.753985416072802e-05,3.69456017373252e-05,3.4892769024608e-05,3.58093822280706e-05,3.143597663571975e-05,2.742487810094095e-05,2.6516403235993554e-05,2.491684898933805e-05,2.521464720940093e-05,2.4890010467615975e-05,2.8785613033983883e-05,3.020273694662082e-05,2.996963366480291e-05,2.6596023882981995e-05,3.02772823301465e-05,4.415286454078103e-05,4.415286490140144e-05,5.129446469112764,228.4933115459907,0.25689159951469465
2025-04-20,2.0126070421769548e-05,2.0106419280702538e-05,1.9140006197060558e-05,1.8612643071069415e-05,2.0529466849905156e-05,2.113188713944165e-05,2.339980340826862e-05,2.468715181522962e-05,2.6130676349396403e-05,2.6232614204106106e-05,2.6941268265297155e-05,2.4971981734298224e-05,2.1164127322595354e-05,1.8851698795633998e-05,1.9407972413377558e-05,1.8345214661092664e-05,1.708149089757646e-05,1.808331223596302e-05,1.8862358596232098e-05,1.8645773804420007e-05,2.0839521689166636e-05,6.1813885414830425,138.88770515830703,0.0009566072492189757
2025-04-21,3.128603052383114e-05,3.0977425501098255e-05,2.9297719190297604e-05,2.8828268727323738e-05,2.9206628924255277e-05,3.084944404415062e-05,2.9156457999086386e-05,2.7747178573831222e-05,2.813454712645607e-05,3.0349828512190102e-05,3.105803983902106e-05,3.024356572829426e-05,2.7994095366368028e-05,2.61154410402399e-05,2.7277843654876824e-05,3.0269368504611097e-05,3.289418579856287e-05,3.2750864279111566e-05,3.089986924997175e-05,3.06019808821399e-05,3.1380410521972754e-05,9.316697032685186,67.22329835857346,0.02001148541156729
2025-04-22,2.5286876327021384e-05,2.5972978457146748e-05,2.6310629470557188e-05,2.6932883081882117e-05,2.606279026405855e-05,2.462028024642626e-05,2.382053249681426e-05,2.413990891121928e-05,2.4800235198423227e-05,2.3331584276729142e-05,2.4303789431818673e-05,2.6087129381522873e-05,2.8388351202539063e-05,2.4775726184850292e-05,2.2726613920974416e-05,2.5315979873099294e-05,2.9240729562806416e-05,2.9221345438229755e-05,2.6649729512261287e-05,2.735197301819965e-05,2.8424024812611175e-05,4.521631875024181,33.40410541717529,0.0239083621912475
2025-04-23,2.283816597522088e-05,2.3020637999696364e-05,2.2327775391731337e-05,2.2604725331574854e-05,2.3746538658807902e-05,2.6303464364265002e-05,2.59760444406878e-05,2.5659837636498042e-05,2.6116699540976356e-05,2.6309469163302516e-05,2.4955320394217407e-05,2.423531904556931e-05,2.382132820300028e-05,2.2356020257139547e-05,2.2565489223879183e-05,2.3385174375027866e-05,2.6970445371899348e-05,2.4023725901011494e-05,2.4006882257097223e-05,2.159424019039157e-05,2.0347262407932667e-05,7.464805979558443,346.68663434399974,0.004680220546302225
2025-04-24,2.0815359490965238e-05,1.9378895899560867e-05,1.8642723868727226e-05,1.9762548606003248e-05,2.383814394929397e-05,2.7665423634912245e-05,2.661184537710169e-05,2.372112655284129e-05,2.1517533207971436e-05,2.1842906300071522e-05,2.2612939967309872e-05,2.32416746061551e-05,2.3216084097592625e-05,2.2661154956455564e-05,2.1099623837228165e-05,2.0131425534624872e-05,2.0733369130373328e-05,2.14428414299636e-05,1.950791274062539e-05,1.673601038801602e-05,1.4628983950446519e-05,7.117576486493446,34.27421417586402,0.01736738691660969
2025-04-25,2.3709179751567617e-05,2.357050049624246e-05,2.3253018769138207e-05,2.286224359111776e-05,2.3103465858696873e-05,2.4736180293299162e-05,2.499776058372073e-05,2.501578960496301e-05,2.5031954556592347e-05,2.5429265346475698e-05,2.4681188223735178e-05,2.3744792652144844e-05,2.4993391481383924e-05,2.6537369703513e-05,2.779275740397252e-05,2.6316458679359834e-05,2.3726693358514276e-05,2.3432043148682834e-05,2.1407044025899483e-05,1.9173797048831268e-05,2.253892974315336e-05,5.8231869493006805,282.0740684279458,0.22791270373865422
2025-04-27,1.5998386685610637e-05,1.579613699991492e-05,1.5626121351810703e-05,1.0270730630410668e-05,1.0874652862330032e-05,1.4793705008294429e-05,1.6850444961849826e-05,1.6451502512029664e-05,1.7199736870039432e-05,2.0531550605567342e-05,2.0745360382509454e-05,2.1730956532180147e-05,2.2745276397127726e-05,2.2562973746696165e-05,1.734178868252898e-05,1.869625723465118e-05,1.934422996211816e-05,1.7034297682851025e-05,1.5741133319079094e-05,1.7398458732096202e-05,1.6727608187934084e-05,11.469336921186603,9.011371036093465,0.12571551545080598
2025-04-28,1.9628547103261697e-05,1.7853589183029635e-05,2.078494357864522e-05,2.0606309650236132e-05,1.4963080071044771e-05,1.4218900939574407e-05,1.956427798974345e-05,1.6478554056043355e-05,1.657138061873913e-05,1.672200251717857e-05,1.79207868776011e-05,2.304233261845688e-05,2.6876794131311967e-05,2.5038244057285317e-05,2.356409153718525e-05,2.563544418527837e-05,2.4318094994563068e-05,2.4540039539883136e-05,2.446630493252362e-05,2.405418618546697e-05,2.2826552103124677e-05,8.249480591078395,62.56692645303826,0.03281121203069329
2025-05-01,1.945707747321606e-05,2.123338830962291e-05,2.391610661367857e-05,2.539351579542298e-05,2.5915909969547462e-05,2.426311507490065e-05,2.2641984658697588e-05,2.1084864007697527e-05,2.010766308222176e-05,2.0396031261091656e-05,2.14075773143003e-05,2.4161214957422082e-05,2.5595712318822953e-05,2.516469696516644e-05,2.553692080293579e-05,2.6542973332977982e-05,2.7064209068707832e-05,2.7062198931289166e-05,2.473443744183996e-05,2.2883939214680022e-05,2.329143289132002e-05,4.3952187404768495,238.7122002380425,0.008072595379528844
2025-05-02,1.6925263309395268e-05,1.7009250947893416e-05,1.6698761519971863e-05,1.5663915174170115e-05,1.5239650049001641e-05,1.4073262059185998e-05,1.5701229202519615e-05,1.4748227324808803e-05,1.370194301733926e-05,6.423687237891748e-06,5.094820709875832e-06,5.719254294779063e-06,7.711206290585965e-06,8.233280116390496e-06,1.1556965640148872e-05,1.3839640913430286e-05,1.5533089029880922e-05,1.6141931110719997e-05,1.912118593760976e-05,2.8308391072404597e-05,3.3524071228768014e-05,6.1789120505481225,188.55177552885405,0.11284033663085748
2025-05-03,1.7733694191068877e-05,1.3694422402722376e-05,1.2019090199328351e-05,1.455734674548411e-05,1.8713022970006094e-05,2.167495547830497e-05,2.0847350283902892e-05,1.6774860437079556e-05,1.7516669774404493e-05,2.311435017500383e-05,2.7902014812064317e-05,2.8148647963839216e-05,2.5400251276662303e-05,2.368220835500704e-05,2.394059627615755e-05,2.6872801667110428e-05,2.610958477292694e-05,2.4834708782131443e-05,2.4469167703049184e-05,2.3969800233978475e-05,2.3195762543664894e-05,5.087315396340402,38.862508254722684,0.0
2025-05-09,1.934783820129517e-05,2.104201234332916e-05,1.690438280334367e-05,1.4355989779489687e-05,1.569245560351392e-05,1.8065850450627856e-05,2.0175664616018008e-05,1.79919449198211e-05,1.5958352367885262e-05,1.860487169246117e-05,1.874543110372735e-05,1.8566266393475013e-05,1.7674906808461898e-05,1.6785105002969406e-05,2.0493063436007043e-05,1.9685086001752742e-05,1.5209456688424258e-05,1.5335251036578723e-05,1.3882230674787135e-05,9.118757644434713e-06,7.268579521562471e-06,4.810732792772045,237.52343452915846,0.12448047980195487
2025-05-10,1.879243072257773e-05,1.7965156209650638e-05,1.7851223327707055e-05,1.9427128759503963e-05,2.115499042860468e-05,2.153690455908644e-05,2.0632185385916123e-05,1.823059879260976e-05,1.7375563814457377e-05,1.8724815719196507e-05,2.0471050029730285e-05,2.320453068592418e-05,2.4622385295329766e-05,2.4785777772608312e-05,2.3845338826770416e-05,2.3160287950855704e-05,2.255092056078437e-05,2.286736990194952e-05,2.0941728281902407e-05,1.8572675592630113e-05,1.8901254754216512e-05,6.973329178343617,221.70352629986985,0.0014643809636445862
2025-05-11,1.7327873323057583e-05,1.886926138907407e-05,1.9619436265479037e-05,1.9640147247917562e-05,1.9621979677253486e-05,1.903722877543479e-05,1.9485437300907993e-05,2.0075667176513953e-05,2.1973137169138723e-05,2.3502309512240842e-05,2.4896693037103075e-05,2.4903168903425916e-05,2.444074916806932e-05,2.3226013597599525e-05,2.2212130762614705e-05,1.9685788652505676e-05,1.91018337646321e-05,1.958144697349132e-05,1.9732402934221735e-05,1.892850641392999e-05,1.8778775457996107e-05,3.650052269962983,322.5344747253045,0.0
2025-05-12,2.182325517030782e-05,2.473897609967337e-05,2.679457821234697e-05,2.758909764376153e-05,2.889043192900538e-05,2.8439533807662075e-05,2.5057638124715155e-05,2.3778935331500814e-05,2.6103591382960327e-05,2.7507950829520576e-05,2.6527668564321504e-05,2.595946795898273e-05,2.466934282852624e-05,2.3179255937207415e-05,2.4086594845071535e-05,2.5742425955519332e-05,2.73655011678411e-05,2.860529964935008e-05,2.7549731728354056e-05,2.604801235664031e-05,2.6088017282912496e-05,8.23112676175425,26.589015192634804,0.0
2025-05-14,2.505191417980274e-05,2.4534847240454977e-05,2.1596936002264233e-05,1.7345075669129678e-05,1.6918505920125386e-05,1.9853749365355702e-05,2.0144576927368047e-05,2.2604635566934652e-05,2.259619848194815e-05,1.9730946046832113e-05,2.178963371124211e-05,2.4045319754073436e-05,2.36683026375497e-05,2.56870455053772e-05,2.870052437004481e-05,2.7251191397277232e-05,2.7138713142137794e-05,3.078026822415143e-05,3.158631912450331e-05,2.9771703079413005e-05,2.800375207198889e-05,11.6413411891525,69.41066786262968,0.0
2025-05-15,3.211657011503321e-05,3.404700315030989e-05,3.622246167685276e-05,3.531461348530503e-05,3.3792952283328105e-05,3.357463837743733e-05,3.2428640895985766e-05,3.1121355656700985e-05,3.09014384072076e-05,3.204315373354149e-05,3.043308657298737e-05,2.7886374969290932e-05,3.029001922681598e-05,3.3790444354623145e-05,3.544946058899862e-05,3.2785659470967904e-05,3.17483250165855e-05,3.242799613566963e-05,3.29390509980233e-05,3.299955724236578e-05,3.099032152238866e-05,5.9678194023114175,55.54282040259733,0.0
2025-05-16,2.6012509982432116e-05,2.564607780177017e-05,2.7332478166012115e-05,2.9430887629600827e-05,2.8532229032090196e-05,2.585369761201002e-05,2.375643291859626e-05,2.161077437910734e-05,2.1270601536530325e-05,2.1134481977863712e-05,2.0819078367920987e-05,2.1024029508575e-05,2.1245844107693757e-05,2.0562731004901773e-05,2.0481692761594457e-05,1.9630407691274258e-05,1.9516176743770814e-05,1.8697305926630797e-05,1.806080803868224e-05,1.7181826303007483e-05,1.7811755206623467e-05,5.725313824891556,51.2777696634862,0.0
2025-05-17,3.068062544680835e-05,3.085876341304556e-05,3.148528313957194e-05,3.188670652706569e-05,3.302200382094087e-05,3.158115114734202e-05,2.9503777011341958e-05,2.901769821002483e-05,3.103544456323796e-05,2.8267710429915277e-05,2.2859902458521794e-05,2.2169343238360363e-05,2.53817137501495e-05,3.439040730111885e-05,4.222714478092226e-05,4.991865724499694e-05,4.9911586263997625e-05,4.2617793015008155e-05,2.9577743957389435e-05,2.919886792330073e-05,2.9936978574668e-05,4.503777627911748,57.112746714423224,0.14918376296716335
2025-05-18,1.9897042165185954e-05,2.0963605878530085e-05,1.7904046114999823e-05,1.578373131471179e-05,1.619432941800487e-05,1.959543903952795e-05,2.1739795969197237e-05,2.0954915662957058e-05,1.857299767379749e-05,1.5817349251853428e-05,1.6150058657363217e-05,1.817184124597965e-05,1.9452675025007058e-05,1.85106012731983e-05,1.5641395471410043e-05,1.5616070081491545e-05,1.9765740595585917e-05,2.0300676017879224e-05,1.991346164997952e-05,2.05710304520073e-05,1.975989304772701e-05,10.588090891328706,32.287966214183086,7.083442358198457e-05
2025-05-19,1.7910183418783196e-05,1.5637016004844076e-05,2.031067209344317e-05,2.39372556760835e-05,2.5961151122205605e-05,2.2400941211682173e-05,2.0046899579940626e-05,1.769794217117686e-05,1.3672997527624734e-05,2.0122467123937975e-05,2.4185966623753628e-05,2.328003568098945e-05,2.474168126264431e-05,2.5235401133019696e-05,2.400367824896214e-05,2.071031321564134e-05,2.171185303770412e-05,2.5858823848559518e-05,2.407567503512425e-05,2.3731597991885166e-05,2.1905101624119772e-05,11.772170737288537,70.22743729427816,0.0
2025-05-20,2.820898958411309e-05,3.135485263144804e-05,2.6984704903415194e-05,2.3158231100437202e-05,2.4077409822237053e-05,2.6037667588194853e-05,2.5743903187757346e-05,2.140191114687127e-05,1.949201732584718e-05,2.1173419972141318e-05,2.3787342326126055e-05,2.4689364070322813e-05,2.755497854389423e-05,2.702740226235131e-05,2.5582011943127538e-05,2.4315249540187955e-05,2.4265084928413446e-05,2.4214339178754096e-05,2.599623203245818e-05,2.7723385502922843e-05,2.769056935353861e-05,7.915588712937494,70.2901681627219,0.017086456971426234
2025-05-22,2.4640682806128883e-05,2.5681570575363507e-05,2.991465797619351e-05,3.252910848519951e-05,3.353942449508693e-05,3.21247258060891e-05,2.928782291410439e-05,2.9256685949467165e-05,3.024554742782549e-05,3.1346547886825814e-05,3.0239756262847037e-05,2.7561544870262362e-05,2.52866968706297e-05,2.5209591556297377e-05,2.6651832543254164e-05,2.940664358297686e-05,3.1964130163770666e-05,3.234831907444598e-05,3.3222712401333164e-05,3.357636583608256e-05,3.313253848804173e-05,6.629583884455147,220.9578727148998,0.00032409334017542745
2025-05-23,2.6766745088176268e-05,2.8322635840894328e-05,2.8356549139754168e-05,2.6455137874995644e-05,2.5462255509538943e-05,2.4983559258442736e-05,2.347387325744922e-05,2.3401620078088368e-05,2.5725941528915825e-05,2.57562059498377e-05,2.3587637974572537e-05,2.5590383424149836e-05,2.4739434560916306e-05,2.295044836331252e-05,2.3512601304159264e-05,2.440650307935827e-05,2.2575211992450114e-05,2.0600010071025698e-05,2.15204970760649e-05,2.521243020406248e-05,2.8240524587490696e-05,9.133131965394629,21.78290509916559,0.04150834539815074
2025-05-24,1.602907202199429e-05,1.9139168246689314e-05,2.186738822097129e-05,1.951164751657719e-05,1.612792975192171e-05,1.4449437151987088e-05,1.661892647209597e-05,1.9967220699762763e-05,2.1070333359458063e-05,1.987528308034326e-05,2.016975592871019e-05,1.8032197790285424e-05,1.6703809134773342e-05,2.5535404890846445e-05,3.142727854970355e-05,3.532566706916466e-05,3.327537144928404e-05,3.117384416201638e-05,2.7152417591651258e-05,2.345777964363119e-05,2.5831812184114265e-05,3.070913118530558,236.62581090398186,0.013577763327729926
2025-05-25,2.0944551573834232e-05,1.789604330032106e-05,1.5020400022399149e-05,7.3042362339186775e-06,1.9595637530101245e-05,2.36193845116388e-05,2.2213853684638797e-05,1.8632200452252342e-05,2.002226992172211e-05,2.6067677436455588e-05,3.0135830774761795e-05,2.2871287783247948e-05,2.2648973221558312e-05,2.6943714010989743e-05,3.291624567527735e-05,2.9998908408920107e-05,2.7991225456715312e-05,2.9254392057528767e-05,3.130345145075855e-05,2.85782877016702e-05,2.7213339988519592e-05,5.048048689124899,259.67376121308394,0.2366111159541258
2025-05-28,4.3167022702957675e-06,3.0198814269964435e-06,4.958142735648863e-06,6.375833254387731e-06,7.456121142590074e-06,8.762516655630001e-06,8.05255812510109e-06,7.10860931979288e-06,7.218201599711914e-06,1.0675117518748112e-05,1.1579032925569669e-05,7.471630820901008e-06,5.149956575460523e-06,4.465329444724525e-06,4.75346355065645e-06,5.808762697691564e-06,6.390699235245752e-06,8.1932515487328e-06,8.485384288555797e-06,8.148615737413517e-06,7.831131262757613e-06,7.101854754759872,14.490507853743452,0.10898902005219949
2025-05-30,2.7596460480322145e-05,3.238336095143638e-05,3.475003828623478e-05,3.351377569213675e-05,3.23581448793978e-05,3.229981321094064e-05,3.308470298551677e-05,3.66738528512979e-05,3.910708501483909e-05,3.3583525512226766e-05,3.1543175440293084e-05,3.28583518113668e-05,3.0109990110114507e-05,3.0241160758971684e-05,3.549523674914025e-05,3.870954699017127e-05,4.036969432681914e-05,3.939069767045594e-05,3.8514205007989945e-05,3.7665493004982195e-05,3.655438864917582e-05,3.4050588707191065,39.205855356352686,0.02881129376930629
2025-05-31,1.9931282845390683e-05,1.967924795143959e-05,1.9154158329988192e-05,2.0031495929134776e-05,2.0863182341516127e-05,2.31119338715659e-05,2.2899055273956177e-05,2.3825950214890136e-05,2.4057164702501773e-05,2.4368515990135877e-05,2.3003741021735455e-05,2.1880071447667173e-05,1.7706854286680834e-05,1.7211540703379367e-05,1.7736203076090555e-05,1.8446775426892834e-05,1.9896500182491925e-05,2.1308135338309383e-05,2.3383818492277396e-05,2.1492050737569572e-05,2.1221952559323194e-05,3.396494139933684,177.3300329680069,0.0
2025-06-01,2.131259620705491e-05,2.2123690106271958e-05,2.3274475837104675e-05,2.3756457051802178e-05,2.3167929886252638e-05,2.165736096427974e-05,2.021770657103488e-05,1.930080722143834e-05,2.0412166988362212e-05,2.315061347601879e-05,2.516831137807337e-05,2.696433493771649e-05,2.8215643299502067e-05,2.844538755926473e-05,2.5660911573292614e-05,2.305803180042711e-05,2.1968975713157893e-05,2.266183427961179e-05,2.298675546031042e-05,2.406700085602418e-05,2.5526331328364483e-05,5.312315234993923,315.2821420446205,0.006693303232652912
2025-06-04,2.5889545590038943e-05,2.3666092174502724e-05,2.3674316989077745e-05,2.5156445888936255e-05,2.775754292290416e-05,2.8043226256789846e-05,2.5817601971881427e-05,2.5012611264516174e-05,2.662703910249117e-05,2.892550985171966e-05,2.7922233576362094e-05,2.748051308192447e-05,2.9946452544189484e-05,2.9074030036398363e-05,2.3337234002617102e-05,1.8383754093075107e-05,1.9479026762590246e-05,2.422395330574793e-05,2.493132822627022e-05,2.2465618265105832e-05,2.3768348998865885e-05,2.373780655245033,307.47546833333615,0.0
2025-06-11,8.673599377197415e-06,1.114842334785052e-05,1.1407475652726471e-05,9.349091295594734e-06,7.954720595663411e-06,9.19461195992832e-06,9.77345000050522e-06,8.809796355410877e-06,8.97124442729536e-06,9.525150908339552e-06,8.10624020096675e-06,7.105498452615075e-06,6.32742230472244e-06,9.036835832206053e-06,1.3961722774516028e-05,1.4749356969398667e-05,1.38059761854671e-05,1.2892016104018151e-05,1.482890400634111e-05,1.7245184285141653e-05,1.7461477592730725e-05,4.7786667721406655,4.008718225273185,0.07913173407908934
2025-06-12,1.857033831871011e-05,1.926956096454841e-05,2.075838373464086e-05,2.2560591516978422e-05,2.3412450796426344e-05,2.2800342533839195e-05,2.177224791593234e-05,1.951769664038951e-05,1.763368743175892e-05,1.6919571903290657e-05,1.7216993591371647e-05,1.713564165284054e-05,1.6549207640792222e-05,1.6337116352118705e-05,1.7622074383360425e-05,1.936476883676845e-05,1.9755949115005145e-05,1.9758595075634378e-05,1.9967774866375027e-05,2.056593913651593e-05,2.0470550770427155e-05,6.739430634357544,22.55900952979249,0.0076983119106108985
2025-06-13,1.9702034379945287e-05,1.9787844211784425e-05,1.742943123438682e-05,1.5798785933380026e-05,1.8184716263914412e-05,2.2285062237554917e-05,2.4796193157892707e-05,2.5644604971225775e-05,2.4326552436715148e-05,2.307933421057648e-05,2.2116512616217442e-05,2.2955548517968703e-05,2.6695905789970953e-05,3.214670278702621e-05,3.16669164834308e-05,2.5765345104056454e-05,2.191292109362479e-05,1.950524399931955e-05,1.9903285202231822e-05,2.1585018501152644e-05,2.0908324331157306e-05,5.328360303044501,10.270212190605207,0.0005114011564924559
2025-06-14,2.155637057666378e-05,2.1670604999021703e-05,2.0874204222008205e-05,1.8635848896096318e-05,1.905186531676438e-05,2.3166133875941526e-05,2.530297099450807e-05,2.5335745039669577e-05,2.5337801749588213e-05,2.5404205000911502e-05,2.6180218276673568e-05,3.063139495567313e-05,3.071665301268655e-05,3.072521746856793e-05,3.029702519447042e-05,3.022501905387933e-05,3.00550749840147e-05,3.137746736920361e-05,3.130939858532288e-05,2.4541329006861717e-05,2.097554762341953e-05,3.3395483476188494,350.78400769141007,0.0004474329636801581
2025-06-15,2.0371146046732225e-05,2.238612250719546e-05,2.1616639118384044e-05,2.0568955434757484e-05,2.1631902392559545e-05,2.2699767227410483e-05,2.1877951862654012e-05,1.9307161006807872e-05,1.9132075019916012e-05,1.924845674707008e-05,1.6429936492108024e-05,1.6743183262110194e-05,1.971378917698262e-05,2.1450838391687864e-05,2.1023255717094853e-05,2.265706667854656e-05,2.322829234939135e-05,2.149071241060116e-05,2.1199760880178838e-05,2.190149569077505e-05,2.2840336319708836e-05,5.555183671297264,355.563170445657,0.046285994600566274
2025-06-16,1.8919090083355773e-05,1.9492267652211527e-05,2.0771517269755934e-05,2.284477567549941e-05,2.2244481423362085e-05,2.2409583798830257e-05,2.5381900789438724e-05,2.952253496513623e-05,2.8113818546377543e-05,2.4930566691788378e-05,2.550711947629919e-05,2.7057953735233728e-05,2.6516213124108393e-05,2.420711948080009e-05,2.5724738628663688e-05,2.790260935495647e-05,2.6321852863791177e-05,2.160671479505261e-05,2.0543196789625814e-05,2.2342867098010703e-05,2.2738832286287416e-05,7.324869700182552,17.406211842415928,0.00027282365279834354
2025-06-18,2.1471179748864666e-05,2.073449291873184e-05,1.9924429951304188e-05,1.9214964110990196e-05,1.884344424611528e-05,1.8668506087012007e-05,1.861252425552341e-05,1.8117572989337136e-05,1.891706500224083e-05,2.0007385561343083e-05,2.1124907352859432e-05,2.2283129863500894e-05,2.4338345260549503e-05,2.2834237699487353e-05,2.2153017980732774e-05,2.236884384418292e-05,2.106802157525823e-05,2.215092649338939e-05,2.00634047823171e-05,1.7559091522443784e-05,1.5301263523451495e-05,3.8285505655287957,230.40524791212806,0.023942178394454873
2025-06-19,1.385480230428617e-05,1.392380139433387e-05,1.4853449537985563e-05,1.4214043801333337e-05,1.5188817291936228e-05,1.715319950181064e-05,1.762952953034957e-05,1.6599031099900373e-05,1.2493101784011567e-05,1.0746815628379377e-05,1.7144177245379588e-05,2.199473629923579e-05,2.185337704119118e-05,1.8025518720101602e-05,1.799336102363604e-05,1.8583905166832623e-05,1.6921618995881468e-05,1.1473132024459136e-05,1.0773776777845681e-05,1.2076624587184777e-05,1.268245568677003e-05,7.235676506050295,1.6275152713422472,0.00413946300252895
2025-06-26,2.4311120370207215e-05,2.5152833982733325e-05,2.3670725280185382e-05,2.395686123795814e-05,2.894444783785075e-05,3.4111923821242845e-05,3.392757581522903e-05,3.0244700753824336e-05,2.7073793415694398e-05,2.6560871650946984e-05,2.6196500772101162e-05,2.4592109657529043e-05,2.1763417358424725e-05,2.128644693313486e-05,2.176706667507929e-05,2.1710701034263548e-05,2.0140597379722726e-05,1.780257288470972e-05,1.771226391397014e-05,1.6365557862350275e-05,1.7861799411240794e-05,4.941007582846301,15.15893371816054,0.01868200395809496
2025-06-27,2.0752721113886686e-05,2.2283922447567292e-05,2.2290760379711776e-05,2.1795127669322505e-05,2.258883573812719e-05,2.3551396575886552e-05,2.3697965633788188e-05,2.3693549977242084e-05,2.4388484154605283e-05,2.6756037266869396e-05,2.8443496294138373e-05,2.769212399607221e-05,2.7220224706306304e-05,2.743511924983899e-05,2.8861630563529804e-05,3.0253646155635027e-05,3.05443556195332e-05,3.067028520466305e-05,2.9687838930798967e-05,2.8889124871219905e-05,2.930553108392973e-05,7.00803824331214,21.287469395860626,0.004747682966692832
2025-06-28,2.480441744396707e-05,2.3404302163675027e-05,2.2009231602763716e-05,2.1696087235162223e-05,2.239683385001089e-05,2.3801811816683133e-05,2.584768870394856e-05,2.7666949029673382e-05,2.8709589215170526e-05,2.9125594077947036e-05,2.7320791567560447e-05,2.5858919044004127e-05,2.550534039399872e-05,2.744629187423117e-05,2.7207981659223597e-05,2.5912458878280347e-05,2.483859685009294e-05,2.4742750039707363e-05,2.52598905131666e-05,2.6096724223116216e-05,2.7362282477953097e-05,8.46243864861329,26.926908805373102,0.10370721848614163
2025-06-29,3.093050807361414e-05,2.874240502054955e-05,2.7302663247545627e-05,2.6581745942740108e-05,2.642536400315403e-05,2.8093724190825187e-05,2.9602946172189465e-05,3.104230769457322e-05,3.2587685008846844e-05,3.364557195227729e-05,3.142696897644116e-05,3.124028147854536e-05,3.23375716237336e-05,3.2066903057256464e-05,2.837204036571596e-05,2.575682872890662e-05,2.7914988500809718e-05,3.225020511904757e-05,3.40981108966966e-05,3.149445310163781e-05,2.832118791803528e-05,5.519975582727747,24.00392230683542,0.003392813171696441
2025-07-04,2.5003999288760644e-05,2.759250624870019e-05,2.771985002715006e-05,2.476246065168577e-05,2.322399830667153e-05,2.132032462435712e-05,1.8957454974575523e-05,1.89126665120814e-05,2.2364890573781368e-05,2.536617214875004e-05,2.4638034870705367e-05,2.294636129130797e-05,2.196977765885298e-05,2.4636739089940067e-05,2.4478336022759797e-05,2.3582401225984866e-05,2.2010724479855784e-05,2.078303792045991e-05,2.0735029397397965e-05,2.2819636457534275e-05,2.462921477794198e-05,7.085549978221221,10.147747930102696,0.19273228203674125
2025-07-05,1.739528346869884e-05,1.5488871296207622e-05,1.3809365630232386e-05,1.7280128651118025e-05,2.151309863972788e-05,2.298857105199644e-05,2.3802089630043805e-05,2.3626535512735342e-05,2.3990439915966664e-05,2.241823368386572e-05,1.9548638059213985e-05,1.8294935144796717e-05,1.8692687351665934e-05,1.9139410590942703e-05,2.1204679047782192e-05,2.3840312752990995e-05,2.4861767541944463e-05,2.4178234423846808e-05,2.210079007035474e-05,2.2796796655071352e-05,2.2967386371301844e-05,4.7277524077902,271.75888201617477,0.03943190635337494
2025-07-08,2.897967316447956e-05,2.8226108648094777e-05,2.9709160256530227e-05,3.256807254794591e-05,3.3126245841345234e-05,2.8840910839257098e-05,2.4435089490952733e-05,2.5354477207192993e-05,2.9799551821413038e-05,3.408244311198062e-05,3.493699491969436e-05,3.460254854148343e-05,3.3095188067498926e-05,3.253962067922659e-05,3.234832056660386e-05,3.282160433738005e-05,3.3415340153640726e-05,3.177390692844817e-05,2.970036326908364e-05,3.0884085813992445e-05,3.3576711739749153e-05,3.6410432223859717,14.04943394844588,0.03461109459983646
2025-07-09,3.07100179367977e-05,3.197984077785449e-05,3.155985830946663e-05,3.08956572021765e-05,3.051995785207322e-05,3.0503018949383416e-05,2.856047719251743e-05,2.5863638779733e-05,2.5137303401662064e-05,2.546057923486434e-05,2.305492268635691e-05,2.0130552598965998e-05,2.0097654777835536e-05,2.108189883045315e-05,2.34034229239971e-05,2.2676503722985596e-05,2.0846464175142564e-05,1.9624352302297558e-05,1.9248355643949626e-05,1.949107519415319e-05,1.9176321636183088e-05,2.476418907977687,31.74266319762819,0.029117805781207828
2025-07-10,1.055355861754817e-05,1.4945787597827797e-05,1.8067738042150833e-05,1.6540390955026864e-05,1.3757962490493878e-05,1.4318173428388006e-05,1.5394687025943184e-05,1.5313806456040078e-05,1.350706880275267e-05,1.334431080184311e-05,1.5806857053602906e-05,1.7545925292052216e-05,1.6029895440200427e-05,1.4120973191241178e-05,1.4998639849420913e-05,1.5129277075700215e-05,1.2870179647119548e-05,1.0601584871450623e-05,1.3194477751136703e-05,1.529795064958228e-05,1.2711920240279377e-05,9.061855288296721,15.266761902586836,0.0
2025-07-11,2.0108213399683562e-05,1.9131935616050953e-05,2.0874668482472065e-05,2.2626031035403973e-05,2.36012963810922e-05,2.3881593448783923e-05,2.2250154790191436e-05,1.6736674545380605e-05,1.823808737826547e-05,2.0170131905942567e-05,3.1251883079479105e-05,3.3563762113060394e-05,3.3029358375909743e-05,3.2209542989129255e-05,3.479351268170378e-05,3.1866172808851555e-05,2.7345311415200217e-05,2.3185380453765747e-05,2.445219512082685e-05,2.9261308723534804e-05,3.2652113492847016e-05,4.17245789829229,327.2986711437509,0.254257767738403
2025-07-12,1.3402121001003039e-05,1.4926052967334763e-05,1.471580433852284e-05,1.406252402260788e-05,1.3669183444597096e-05,1.3620523656840336e-05,1.3468675315057552e-05,1.4287479007029712e-05,1.6840626908445486e-05,1.491009893302794e-05,1.295693683442997e-05,1.043546715583763e-05,1.2173134346514389e-05,1.3282264550808514e-05,1.3658772595992413e-05,1.4664741029254547e-05,1.5137587833105039e-05,1.640904719688056e-05,1.6744634983982507e-05,1.8547440141768725e-05,1.762127307852154e-05,2.1268947172973816,140.63665526633883,0.13653746643449405
2025-07-13,2.2821605758670184e-05,2.148760110895406e-05,1.9753132784914468e-05,1.8272547956002157e-05,1.8343556087185567e-05,1.828796872605873e-05,1.877934789441774e-05,1.8722965619050812e-05,1.880079133530473e-05,1.9068469526452187e-05,2.1807842598943522e-05,2.5308508957010877e-05,2.5711204466220815e-05,2.2684642324799945e-05,1.577507670957792e-05,1.2166040477738481e-05,1.1045647262033442e-05,1.0872034041202757e-05,1.2572891540323742e-05,1.459999159458023e-05,1.675683666712122e-05,3.9059061063845473,356.2452282207638,0.042970674986755567
2025-07-15,1.8507032720026122e-05,1.8094649837096636e-05,1.766427596842576e-05,1.8202736721530914e-05,1.8234346529340052e-05,1.6909265309309024e-05,1.7372050106618232e-05,1.9683166181113786e-05,2.1214697869039077e-05,1.957997414742345e-05,1.9376307581586725e-05,2.0201869087976985e-05,2.1096755454007926e-05,2.041063906432549e-05,1.8372455271207774e-05,1.3583330316903877e-05,1.4842191781318302e-05,1.7162659379165858e-05,1.8308380995142924e-05,1.8432304765349563e-05,1.671551852247987e-05,7.923585283118873,17.039774742656448,0.03939451663584964
2025-07-16,2.1645244067321716e-05,1.9490063846335565e-05,2.034999338134256e-05,2.1274534990612954e-05,2.039696038811203e-05,2.1432831068550184e-05,2.212191716472095e-05,2.2596548279359575e-05,2.2532188476929136e-05,2.429327753685497e-05,2.5059056276957404e-05,2.507229951460063e-05,2.19039639830513e-05,2.1016064848874165e-05,1.955658712654087e-05,2.139184920448414e-05,2.1592474651764137e-05,2.2856483395208115e-05,2.2306181810077074e-05,2.2869172628656064e-05,2.170294375427014e-05,4.042268396628671,2.7613499445719754,0.08068176204549157
2025-07-18,2.7886170817432438e-05,2.588680164693861e-05,2.412332663911845e-05,2.3666553642629392e-05,2.376497631500717e-05,2.571504832326862e-05,2.7080333476508748e-05,2.6015556381338246e-05,2.497405872258888e-05,2.5008849489514517e-05,2.530936780457286e-05,2.2941820819767928e-05,2.1249813898781612e-05,2.0847753138495605e-05,2.3034715877233916e-05,2.3360274008928476e-05,2.3593811668167596e-05,2.4474697779246584e-05,2.3563922656182123e-05,2.3429015729503073e-05,2.367313039510229e-05,8.200253411004221,23.52616523100579,5.261834342099881e-05
2025-07-19,2.7694606746261147e-05,2.862441555989854e-05,2.8195486249717818e-05,2.8318462248556417e-05,2.9262683280254542e-05,2.999452420808609e-05,2.985075319232435e-05,3.0364300209426677e-05,3.137532107804378e-05,3.231593030069836e-05,3.3367457704662705e-05,3.3801574985006016e-05,3.459506514095475e-05,3.400697026473043e-05,3.0211630570799158e-05,2.743995934020874e-05,2.787685489225635e-05,2.9046942198276996e-05,3.0186724996617376e-05,3.215721957269156e-05,3.5591017710955266e-05,7.767086160139363,22.76024488527122,0.00846255957168267
2025-07-20,2.0507545056170217e-05,2.1804499205341113e-05,2.4621528244817775e-05,2.647118527914183e-05,2.6778037224840337e-05,2.6667495273238895e-05,2.630712786095838e-05,2.6156987157570817e-05,2.5337557822367973e-05,2.3892167505358343e-05,2.238842496489845e-05,2.2813537090620307e-05,2.4416209595233088e-05,2.415153241458564e-05,2.362977504324992e-05,2.3041233072369613e-05,2.142471736388326e-05,2.117096784654475e-05,2.1558408930880778e-05,2.1544818877835616e-05,2.046545455745304e-05,5.456321494890357,39.4446122916201,0.004683468537097854
2025-07-23,1.5617061254062504e-05,1.4867899191808247e-05,1.4916486740720834e-05,1.7661516782885276e-05,1.9981375459528574e-05,1.9759232131915183e-05,1.8765615052275546e-05,1.6235233667731153e-05,1.4014585726654966e-05,1.564776950199016e-05,1.8108610475269216e-05,1.9842347165841963e-05,2.0850164544042747e-05,1.9331157639265616e-05,1.6220739537079233e-05,1.9222741848206207e-05,2.4288178502401234e-05,2.3635751696759193e-05,2.2356689268218308e-05,2.508350686981462e-05,2.6568599959730853e-05,8.740594351980185,14.929735535451925,0.05506916631738768
2025-07-24,2.9528340311491507e-05,2.839894063225168e-05,3.043618220158189e-05,3.7330256794100466e-05,3.811734614882003e-05,3.313380894541985e-05,2.5192569843596218e-05,2.2451083725195355e-05,2.2191253613851076e-05,2.150617302864144e-05,2.2514230869132e-05,2.3927647580697043e-05,2.4795433526718412e-05,2.6144988412037536e-05,2.3683678717297998e-05,2.1569176107076275e-05,2.060904637506695e-05,2.530883227068891e-05,2.7066370138403957e-05,2.8567147769166165e-05,2.788905046658787e-05,2.701546897951809,168.10137504658394,0.021722236241518346
2025-07-26,2.934548738844964e-05,3.0142180737181823e-05,2.8083707746375976e-05,2.853280661706194e-05,3.0421976291472374e-05,3.430678172402396e-05,3.5017794462834366e-05,3.6538928370440915e-05,3.508579954771203e-05,3.418786610320861e-05,3.162728129965266e-05,3.189382626387322e-05,3.211081836424505e-05,3.183623557628402e-05,3.206506230535927e-05,3.07861237772856e-05,2.754274325795828e-05,2.666062640181505e-05,2.8316624772484525e-05,3.0399611642123087e-05,2.9744924659427234e-05,5.206784472963663,4.8856801558706024,0.0023391843707350353
2025-07-27,2.373280965154878e-05,2.4581753838317924e-05,2.533422558903712e-05,2.6120331210723003e-05,2.65715878323857e-05,2.601926305626938e-05,2.665617927482476e-05,3.030003655157252e-05,3.364452381266266e-05,2.944807963574377e-05,2.7091528314910065e-05,2.7240285589914866e-05,2.8517554655211424e-05,2.8653528511973957e-05,3.130504053934066e-05,3.076105773483202e-05,2.9062233285199068e-05,2.8531015153811926e-05,3.183277327908184e-05,3.2985507930498e-05,3.071867847888748e-05,7.860139671270781,6.3537644941772555,0.00025215363637084705
2025-07-28,2.10462259638056e-05,2.3062298069903344e-05,2.449859866196744e-05,2.4530400507032145e-05,2.3265309568906586e-05,2.248885260393131e-05,2.3513873027265026e-05,2.579830994367239e-05,2.626352124917949e-05,2.5214025786007254e-05,2.5235103552995593e-05,2.625942233995628e-05,2.73556885522268e-05,2.574980226267247e-05,2.3471270203142995e-05,2.088638051112075e-05,1.8914917387316153e-05,1.961925206579702e-05,2.3962754280598395e-05,2.810649667627074e-05,2.651183389756179e-05,8.468078397709375,15.136829252735538,0.019928855358503448
2025-07-29,1.582807463132986e-05,1.841765377288143e-05,2.2999727462796854e-05,2.749676862431021e-05,2.7774260064355276e-05,2.713005298514557e-05,2.6819852766531325e-05,2.698744965455363e-05,2.7367652729793302e-05,2.689840473846753e-05,2.4422072114284424e-05,2.3091042749222212e-05,2.2608679614676545e-05,2.1786734406794053e-05,2.0830955779292884e-05,2.0605648041136622e-05,2.0043786334708767e-05,2.0729775461610175e-05,1.968015001313751e-05,1.665723389333036e-05,1.3491914843307946e-05,7.172390761426013,353.93467945302643,0.0
2025-08-01,1.676820442440191e-05,1.6630116553243902e-05,1.3601424256748057e-05,9.130648257200562e-06,7.83104968893422e-06,9.83568010585005e-06,1.2946157738899546e-05,1.3873953008485186e-05,1.3357624203206653e-05,1.044227114989341e-05,1.7579098984231384e-05,2.1775057302194545e-05,2.084129217329961e-05,1.5081551796171454e-05,1.1532959886136102e-05,1.0978452395018654e-05,1.1069725877966916e-05,1.1776043320515803e-05,1.4332471898195744e-05,1.5795164108563385e-05,1.7110496807947873e-05,2.660758359138234,319.7505019927344,0.09832824941217982
2025-08-02,1.049356293738296e-05,1.0258579731528729e-05,1.2666170893664664e-05,1.55098582616603e-05,1.4362502287395483e-05,1.483727064637989e-05,1.8885405301011624e-05,2.0245288916007407e-05,2.140704084269196e-05,2.167741202464997e-05,2.1427675556791094e-05,1.9791060353636064e-05,2.0842525507304425e-05,2.2545129803538664e-05,2.1839695677682855e-05,1.895087142149092e-05,1.7684447995363143e-05,1.9499360277322807e-05,2.300412037182367e-05,2.236560767081805e-05,1.957336668892161e-05,5.061053126153037,4.92718858192552,0.0
2025-08-03,1.2231628520311909e-05,1.1653476103115914e-05,1.14067873066831e-05,1.2186330259398791e-05,1.1344716192875433e-05,7.491195770020624e-06,5.0645605395933464e-06,5.292057778628624e-06,7.520751999347029e-06,1.148488208752401e-05,1.5631084261234475e-05,1.6745961442891507e-05,1.653118508111893e-05,1.4912469305871482e-05,1.1930932380193338e-05,7.89246709172161e-06,6.304134247454164e-06,5.273742533978447e-06,4.116303582412695e-06,5.472981730848421e-06,6.63013374502197e-06,4.248301005709326,27.816796207731954,0.11326299223749899
2025-08-04,1.3799698130512247e-05,9.138768706588583e-06,6.698583070240937e-06,7.741932360097062e-06,8.880479948078335e-06,8.337828941874432e-06,6.827317737652873e-06,6.309280645712859e-06,6.973824628381108e-06,8.85375735019504e-06,1.1895322926595694e-05,1.3623231007228738e-05,1.3352965428152761e-05,1.1232218515994408e-05,9.08693524145449e-06,7.595080881852539e-06,8.425362977158994e-06,1.1050546565221765e-05,1.170019724292252e-05,1.104616043348247e-05,8.586924086148182e-06,6.733569933089281,313.31906875191663,0.006306378306162418
2025-08-05,1.729381131900847e-05,1.421003016253644e-05,1.124697997679252e-05,1.050000817331843e-05,1.0385649460703595e-05,1.1025325036649995e-05,1.0713773394666704e-05,1.0604351936374075e-05,1.3350309933846738e-05,1.7032119896267657e-05,1.917096110611383e-05,1.8308467224042663e-05,1.685697839320662e-05,1.4968866139281362e-05,1.4976792655495986e-05,1.4892712962940448e-05,1.3786507691871378e-05,1.245228504052974e-05,1.3400926969616635e-05,1.446742364531778e-05,1.3439270288576273e-05,10.644747094070729,11.76792208564109,5.619972534744974e-05
2025-08-06,3.785968586334794e-05,3.58624879182775e-05,3.194229831438498e-05,3.3563674616348085e-05,3.632621180486401e-05,3.785330657210421e-05,3.788150702683916e-05,3.677858530613113e-05,3.443769421749991e-05,3.246704697812889e-05,2.8954424491866778e-05,2.6521367426076342e-05,2.5088952967681635e-05,2.360309761612664e-05,2.457804156765978e-05,2.7103944017232618e-05,2.845888815499493e-05,2.825318438901418e-05,2.732183543178201e-05,2.839296273644814e-05,3.103169897206073e-05,8.160742988203193,33.33862414826922,0.0
2025-08-08,2.4045967800350867e-05,2.399851028832194e-05,2.393098316105203e-05,2.817226944739597e-05,2.8758727378915046e-05,2.3306535183369142e-05,2.352093678147784e-05,3.0452230778697072e-05,3.388103403628876e-05,3.21217801771638e-05,3.204279298024173e-05,3.283467116747173e-05,2.900576566062915e-05,2.3599744317039405e-05,2.4567533544684742e-05,2.838311450745908e-05,2.9552332590987778e-05,3.10848357587546e-05,3.2053088826533056e-05,2.944562637968855e-05,2.662276272702911e-05,9.701855922510244,42.856897677088,0.012719738939903646
2025-08-10,1.6434945512144283e-05,1.712094167138267e-05,1.7410291356644578e-05,1.724767216267092e-05,1.6771404082000424e-05,1.669792132393258e-05,1.7451285933386132e-05,2.1998509607484892e-05,2.4200498729766133e-05,2.425971594825223e-05,2.2394676836396208e-05,1.879147228479086e-05,2.169463412464542e-05,2.3403178067080757e-05,2.508562973346411e-05,2.972141199303852e-05,3.0407518858812993e-05,2.8241593079773842e-05,2.688980938000698e-05,1.7706904652470078e-05,8.777114464407813e-06,3.0295138103943766,261.0902271338283,0.20858264598225404
2025-08-13,1.6893186555319416e-05,1.6404253723581036e-05,1.6507962570595188e-05,1.873937234554165e-05,2.433424940087444e-05,2.5068741706623553e-05,2.1854925035368645e-05,1.824674488843358e-05,2.364773338366023e-05,2.6067329721568875e-05,2.578960202501522e-05,2.508751246589629e-05,2.4843276452679145e-05,2.442282450886052e-05,2.2193275112544012e-05,1.9875218808458696e-05,1.789805846745572e-05,1.7426224157295358e-05,1.866533451308009e-05,2.0459186790922287e-05,2.0129139639522195e-05,4.666855515889772,12.574861422513436,0.10020346139493323
2025-08-14,2.5550246142817657e-05,2.764374154718617e-05,2.8371114361736715e-05,2.746079976281013e-05,2.4778310500268985e-05,2.5430847511144864e-05,2.8180473802299242e-05,3.151522241706612e-05,3.7500683450178914e-05,3.931583116836895e-05,3.563945965148344e-05,3.097257696633202e-05,2.88709217856638e-05,2.756188100625019e-05,3.0026999685226652e-05,3.402056259300018e-05,3.553971336163544e-05,3.477825536342449e-05,3.1348779996870395e-05,3.198527549958716e-05,3.6088037020785964e-05,7.814212835291841,6.569622646808398,0.01566189895924846
2025-08-17,1.2124233670906788e-05,1.4599117702503294e-05,1.932927988224172e-05,2.3171758522160984e-05,2.3300498303955692e-05,2.3579348948089332e-05,2.244183842717111e-05,2.159125736544409e-05,1.903217758802839e-05,1.613671738880465e-05,1.467575734249041e-05,1.488923090999402e-05,1.7350980480013208e-05,1.9286250775954915e-05,1.6261219882368863e-05,1.5341757664369965e-05,1.7385921564641866e-05,1.700433416896874e-05,1.754034118208507e-05,1.4958084325904202e-05,1.3147879448396097e-05,6.568457998483347,16.60119390641455,0.07471451596574301
2025-08-20,1.6777425864896948e-05,1.603759928009323e-05,1.4797476490129851e-05,1.4356999664688757e-05,1.566731739224621e-05,1.6656773089104846e-05,1.851406134688129e-05,2.0681637501091227e-05,2.2861332903581082e-05,2.5131121570032894e-05,2.465313533621594e-05,2.376873632519577e-05,2.314473261713317e-05,2.321298106399319e-05,2.3674546204674386e-05,2.5080787967855377e-05,2.5226054670697394e-05,2.4206360281436363e-05,2.2259565262387416e-05,2.338111063041458e-05,2.4217420830068803e-05,5.068069138536195,244.9592311584634,0.002215830811972174
2025-08-21,2.2899995228287123e-05,2.4162478640332044e-05,2.5730239662985684e-05,2.525189791868157e-05,2.549523036386008e-05,2.6501619279838695e-05,2.758566365727682e-05,2.9284902065286667e-05,2.977250653938997e-05,3.0861937593021466e-05,3.608317770881046e-05,3.862299702744629e-05,3.783058162592856e-05,3.883973483361022e-05,3.929447054373712e-05,3.93859740467712e-05,4.118969602145474e-05,4.0577198622578116e-05,3.693735572795757e-05,3.0774901753916886e-05,2.9738115220142992e-05,2.505460331640123,279.2634053224615,0.015830417950674264
2025-08-22,2.8976846515269504e-05,2.864934991249433e-05,2.734656610754229e-05,2.3089750066300698e-05,2.2032360326025926e-05,2.6105946308548176e-05,2.9946870260747157e-05,2.8658704092499066e-05,2.750193669690036e-05,2.8750105461634184e-05,3.538037555747727e-05,4.149031253214276e-05,4.4056117265279355e-05,4.5734624643365325e-05,4.2167298374083326e-05,3.7829983082907404e-05,3.490054838177687e-05,3.063546846400801e-05,2.8469885330606767e-05,2.739838478529864e-05,2.60377505797239e-05,2.1374518306372785,304.9353072823452,2.4954817510780237e-05
2025-08-27,1.3962483986880156e-05,1.2835457366441271e-05,1.1841744686180571e-05,1.4465887658238584e-05,2.1983701600882022e-05,2.325357121794042e-05,2.0158515463449697e-05,1.643862875967593e-05,1.4353362956740062e-05,1.614398379495881e-05,1.8250779629678175e-05,1.807383297489509e-05,1.4649746916493317e-05,1.3564572412169628e-05,1.6707875516508695e-05,1.961425982726367e-05,2.021160529224519e-05,2.0207312324849317e-05,2.1027129467311953e-05,1.947205996403467e-05,1.7775187745322664e-05,9.148127242513258,25.776190448465684,0.07767337881263586
2025-08-28,1.9922038296247074e-05,1.949450065438855e-05,2.3275424482189805e-05,2.540030877441735e-05,2.3013885809929176e-05,2.3987621378512452e-05,2.4045861370928355e-05,1.90807380179462e-05,1.8707010115594464e-05,2.1122718212006173e-05,1.9141227059809284e-05,1.959306573244974e-05,2.393780758417561e-05,2.5347377312611683e-05,2.2062360057665425e-05,2.1096896557270017e-05,2.581923895006196e-05,2.873109620689814e-05,3.0148783467138154e-05,3.182688886986661e-05,3.329676597754839e-05,7.225589432515258,218.78981512441467,0.053514240505845447
2025-08-31,1.638159724718639e-05,1.5681501127720312e-05,1.4939852460607472e-05,1.45294994280113e-05,1.4872484674178314e-05,1.592822271700814e-05,1.6924830258569824e-05,1.7573970763606646e-05,1.778000849729985e-05,1.7857339141639493e-05,1.8334507477724205e-05,1.854305021276238e-05,1.860253454826921e-05,1.875614654371293e-05,1.8689222301836854e-05,1.8526020288826258e-05,1.8349750730319564e-05,1.8048997170252123e-05,1.7790589271491287e-05,1.8005332198231872e-05,1.7826940366945443e-05,4.618390963130692,217.20153523145575,0.10400398050409941
2025-09-02,2.4536414870545338e-05,2.2775357521163585e-05,2.2417834481457536e-05,2.5212092896704996e-05,2.6267081945914092e-05,2.6139626853749875e-05,2.492199332688336e-05,2.383170728769848e-05,2.5448986576453942e-05,2.820145322635288e-05,2.831745007198246e-05,2.9358383723649073e-05,3.16382075708725e-05,3.466137482074106e-05,3.316076606326744e-05,3.108819548719349e-05,2.8721098689988736e-05,2.3456076230613626e-05,2.154631995319396e-05,2.4510119834845667e-05,2.707458850548671e-05,3.8901062244692666,194.2346241467818,0.0
2025-09-03,3.854197010405333e-05,3.7112580251604415e-05,3.838850933976909e-05,4.2005038018371866e-05,4.2856461491953794e-05,3.811843503369613e-05,3.660350740700035e-05,3.803462441542214e-05,3.6810781895965246e-05,3.7490031017550624e-05,3.8341303035732505e-05,3.683579530102933e-05,3.484575157423986e-05,3.284609145149989e-05,3.289588406965751e-05,3.429252568752094e-05,3.529864454498402e-05,3.453763892293326e-05,3.27158362505489e-05,3.187303520085222e-05,2.8770722288720303e-05,5.829543161768449,70.83459012664895,6.686726193272812e-06
2025-09-04,3.3917539975427755e-05,3.717176577019207e-05,4.095156753480332e-05,4.447585479598513e-05,4.32388071733878e-05,4.0835188091011006e-05,3.785220543092792e-05,3.4507082966419223e-05,3.363825385388258e-05,3.437989045116556e-05,3.562061499128677e-05,3.578473661641372e-05,3.7987418706464195e-05,3.874775808772997e-05,3.592466312672608e-05,3.1421271052547326e-05,2.9177609837661678e-05,2.9618888723379353e-05,2.995034365395482e-05,2.931832305496119e-05,2.8541931316222617e-05,5.8031010109924885,36.52656868496541,0.0013088300206512183
2025-09-07,1.653438877770297e-05,1.209650478448608e-05,1.1965833881539323e-05,1.3809806712375777e-05,1.5080134738237306e-05,1.533990865277068e-05,1.4124001400057988e-05,1.5152915249763055e-05,1.528041907991468e-05,1.7539854208209733e-05,1.7930164573072007e-05,1.794799338258697e-05,1.7430630269414012e-05,1.6881498724828643e-05,1.5338628410318852e-05,1.4120161086936281e-05,1.4114985211657737e-05,1.641116364080111e-05,1.899352348298688e-05,1.8410563361180095e-05,1.4958261868516688e-05,7.81773059585569,354.75614230955955,0.14540020538369747
2025-09-08,1.970559666328635e-05,1.783766642833764e-05,1.721902986605386e-05,2.010113434442453e-05,2.4117991340960754e-05,2.1782244972100784e-05,1.8659715012193437e-05,2.0558215087076336e-05,2.3573098568336188e-05,2.3110785809370828e-05,2.1040683204062116e-05,2.1349236903588118e-05,2.072013850974038e-05,2.1244150589665417e-05,2.1350002483988042e-05,2.054563789037585e-05,2.0268088608961636e-05,1.7529435293999655e-05,1.703799875403098e-05,1.8079661900264583e-05,1.9054432304761634e-05,7.877060709219231,24.825104689254033,0.04661171697115675
2025-09-09,2.3034258892654365e-05,2.1714651919269025e-05,2.7069238105511163e-05,3.0720895074391115e-05,3.0920053653752e-05,2.8311048635114948e-05,2.5481502931921487e-05,2.2763736525488316e-05,2.3358909699270386e-05,2.829358044635574e-05,3.144383053745959e-05,3.199145404053332e-05,3.159272732687846e-05,2.9775876239221818e-05,2.8419387152443466e-05,2.918212132755198e-05,3.060087555797402e-05,2.9516254330304094e-05,2.8995601017774614e-05,2.8583090975712268e-05,2.8574216490264624e-05,6.735959695081266,22.55560361442241,0.020778620952901495
2025-09-10,3.3112177594815255e-05,3.163073073709807e-05,2.9208849405239943e-05,2.794360853004888e-05,2.9782451255850514e-05,3.568303933246384e-05,3.849228772589103e-05,3.7132414807424625e-05,3.208275801598973e-05,2.859066499916853e-05,2.6030944726143408e-05,2.3715095058832166e-05,2.4627684011267108e-05,2.8401719302872932e-05,3.0340003582298972e-05,3.0666890480269614e-05,3.0455794026483167e-05,2.955618145991231e-05,2.8256539116672066e-05,2.788177032188708e-05,2.7236059616570362e-05,7.040412619884148,18.31062457509887,0.0
2025-09-11,2.4375918453340772e-05,2.5878689571453492e-05,2.851052636491201e-05,3.0679014411781334e-05,2.863577739948594e-05,2.4522833848003917e-05,2.3195175952650623e-05,2.4589205232196324e-05,2.6140000663904126e-05,2.81601112392162e-05,3.068009263045997e-05,3.1600805778568864e-05,3.250670007046411e-05,3.3304399954460804e-05,3.192602492276841e-05,3.0354693910575414e-05,2.8053334881008836e-05,2.5194270774960416e-05,2.615532715599308e-05,2.9532172085174436e-05,3.282632370733513e-05,7.356669029585788,18.135149754878,0.0001029763514348395
2025-09-12,2.130293785306137e-05,1.924830573020416e-05,1.7454735318147415e-05,1.969724402521232e-05,2.3669420134082468e-05,2.4238851388335128e-05,2.120317961097689e-05,1.8965139727132085e-05,1.783927657081638e-05,2.0152467432115515e-05,2.1449324332418196e-05,2.1606036386102498e-05,2.1414456102759675e-05,2.263906846866292e-05,2.1713772363339423e-05,2.1488735031175677e-05,2.2062344437874323e-05,2.3468305922175565e-05,2.353559187462697e-05,2.2564868871401117e-05,1.98369991248786e-05,8.368200471329244,8.842316961040922,0.0
2025-09-14,3.2447789680240547e-05,3.292024560400177e-05,3.192898595987654e-05,3.2405385706675006e-05,3.2364010479742607e-05,2.901086557653304e-05,2.7160231436304028e-05,2.771333219396419e-05,2.7251008721439587e-05,2.850958833805773e-05,2.956092502517818e-05,3.0483812944625102e-05,3.3358773133731265e-05,3.2174895498416984e-05,3.175465575996057e-05,2.983466839047063e-05,2.5671829713654572e-05,2.2660899334970718e-05,2.0846800631719742e-05,2.2232509638922948e-05,2.7214702102307347e-05,6.753506629475948,48.98632609283101,0.04011154839317482
2025-09-15,2.2848578135156558e-05,2.5661694487222552e-05,2.6873726803948167e-05,2.5906223881476338e-05,2.501476166000052e-05,2.3940048556244882e-05,2.2790283624347255e-05,1.991890883618826e-05,1.790986628745057e-05,1.8892550829948814e-05,2.230614278226119e-05,2.3371504092518186e-05,2.2497331982775083e-05,2.222430254435252e-05,1.9474043552955578e-05,1.8063123552172612e-05,1.870201645938669e-05,1.9194657364291866e-05,1.853235711391005e-05,1.685833299536644e-05,1.6855139917111233e-05,5.4202454210110425,16.5349477867382,0.05888450090039133
2025-09-16,1.4626851314853097e-05,1.534858458922512e-05,1.841155960264596e-05,2.2508259791889016e-05,2.277417255826468e-05,2.064302463310932e-05,2.0175008990265288e-05,2.1375044059899275e-05,2.6499844205630174e-05,2.578894200138682e-05,2.3826908877927175e-05,2.1745395102279967e-05,2.0991934591960103e-05,2.1298494874822936e-05,2.5087708074586895e-05,3.071824628751626e-05,3.100182929796034e-05,2.8431355957770146e-05,2.5887325509727098e-05,2.325811050792434e-05,2.3681048639798317e-05,7.656020626251366,6.662581157427951,0.19049331149913973
2025-09-20,2.2770041394792983e-05,2.3307526270270047e-05,2.7270543444669248e-05,2.8134299134100654e-05,2.6161222594843405e-05,2.3728428932526325e-05,2.5139831756420118e-05,2.5672409746736023e-05,2.3835659802538632e-05,2.3131824804637827e-05,2.5702041438732144e-05,2.812161885531793e-05,2.8854737153374534e-05,2.777722981155689e-05,2.6730658897281506e-05,2.5566823961748646e-05,2.506502617897632e-05,2.3264051567242758e-05,2.032143586433998e-05,2.152978221679661e-05,2.5949654097633467e-05,5.875611380349006,10.880323002787293,0.012409128145497512
2025-09-23,1.5937998010338894e-05,1.702611382149994e-05,2.2022712687211865e-05,2.2073427987959184e-05,2.3012387043009668e-05,2.32964878868004e-05,2.3533086327185756e-05,2.1352873441877095e-05,2.0356235414001243e-05,1.9813304029827635e-05,1.8232390545061437e-05,1.789390676802495e-05,1.8100299137742608e-05,1.909458043853244e-05,1.931774218862643e-05,2.075558753493025e-05,2.0082704702337732e-05,2.0179605080041523e-05,2.2240046311935834e-05,2.2912526925100307e-05,2.1870222731035783e-05,5.62516490890952,175.01521662703078,0.0
2025-09-25,4.1553522455981384e-05,3.969737508365494e-05,3.76793042278969e-05,3.4773173766279605e-05,3.324188022172877e-05,2.3379754146024045e-05,2.2502086978478015e-05,2.0561974457377987e-05,1.897053670064206e-05,1.9390124289259188e-05,1.972947854970489e-05,1.9782840782075223e-05,1.839455923520973e-05,1.766862304845427e-05,1.969554439234763e-05,2.089827178381692e-05,2.253994394950058e-05,2.4711416333293203e-05,2.457581756100766e-05,2.2555314907528893e-05,2.2063389022421788e-05,2.126633984165406,71.8895378426422,0.0
2025-09-27,1.8897623370195122e-05,1.575648396801054e-05,1.4134511896771278e-05,1.2198357513339883e-05,1.313084188070048e-05,2.0732229268337416e-05,2.009717662998987e-05,1.7864521023974707e-05,1.4790387833230548e-05,1.643001691079812e-05,1.7402430690320874e-05,1.6725162632590158e-05,1.6516498548045534e-05,1.8533398063780774e-05,1.4970615568385774e-05,1.2013978370399665e-05,1.0753767092635098e-05,1.1008719858590804e-05,6.792552815389511e-06,5.0363347510440516e-06,5.029659675849185e-06,4.0226122644722615,14.040460433495753,0.21971278585298365
2025-09-28,4.6170822444880026e-06,7.056973903881171e-06,1.5192420288106914e-05,1.6489258391434372e-05,1.3153331521507896e-05,9.662336037783992e-06,9.594709915315256e-06,1.2634783425319302e-05,1.2659854638492902e-05,1.0687107663897157e-05,7.458661452681084e-06,7.988704883953273e-06,1.2419813183412186e-05,2.1731710876038802e-05,2.263144413855888e-05,1.9183870412477597e-05,1.5903556019023602e-05,1.4778870319058544e-05,9.30052462802161e-06,6.001240415768488e-06,6.404939387034754e-06,6.0560434270681585,0.45221952528254405,0.056397272899501694
2025-09-30,2.9605580840895308e-05,2.799877728258609e-05,2.541374053230848e-05,1.99097315789042e-05,1.83416269195117e-05,2.0780800033710125e-05,2.0818407807979947e-05,1.9762425953565895e-05,2.001203190414581e-05,2.4700878350602216e-05,2.7183226240046927e-05,2.3642276419323955e-05,2.0006393842296654e-05,1.882216283974618e-05,1.8267555372127216e-05,1.5703320361704767e-05,1.5064823102772847e-05,1.808211748571285e-05,1.9378346832119133e-05,1.9039480544514047e-05,1.8099441777174878e-05,7.495892522643422,29.069483878737174,0.09788195819491999
2025-10-02,4.565184556622394e-05,4.551804606103457e-05,4.331139486424319e-05,4.044313796824672e-05,3.86974805269175e-05,3.670984113031313e-05,3.413311524473636e-05,3.180679574514905e-05,3.281901583959685e-05,3.156743996751603e-05,2.778373025617734e-05,2.547214660494522e-05,2.5131732770835015e-05,2.669816092015651e-05,2.9471699224653085e-05,3.0723420077413607e-05,2.9892463797081308e-05,2.799170371319193e-05,2.659119907405485e-05,2.651803494585215e-05,2.682107100990068e-05,2.6886464146645093,35.20112251008396,0.1955773900243476
2025-10-05,2.133035028503592e-05,2.055381202426516e-05,2.2130594749761715e-05,2.4816932820025553e-05,2.254145776327936e-05,1.8501031737230402e-05,1.884306185165683e-05,2.1437526896934308e-05,2.3735534693521907e-05,2.29279527249571e-05,2.101930979745562e-05,1.935139388257885e-05,1.947128676607014e-05,1.61888897961802e-05,1.5780067674643892e-05,1.613259351889232e-05,1.4524446997443268e-05,1.0871528580857022e-05,9.874983419268603e-06,1.377353424585299e-05,1.4873939081337345e-05,8.1424408864507,10.023205995970955,0.0001767717595495305
2025-10-06,1.3115084088896688e-05,1.4903300738690334e-05,1.6181756428561393e-05,1.8506814615730345e-05,2.016556345629547e-05,2.380519002574785e-05,2.7457775260833552e-05,2.6545542615222066e-05,2.2286354837351084e-05,2.161629003767096e-05,2.447805689955723e-05,2.728177592678409e-05,2.8785827191142402e-05,2.8386255271097828e-05,2.8176794971883135e-05,2.748900335205872e-05,3.058975974397424e-05,3.539202352688331e-05,3.654802026539732e-05,3.589922693510212e-05,3.731373781389579e-05,3.410313338553847,232.95075336710855,0.007124933544529162
2025-10-08,1.694698632590163e-05,1.95415546388394e-05,2.1940945859660974e-05,2.0563740795461858e-05,1.4099806146130085e-05,1.0458353858298866e-05,1.2377598946665792e-05,1.3526423656400352e-05,1.2526805195717285e-05,1.2655058493284021e-05,1.480843988835119e-05,1.673851901785919e-05,1.5669561990367097e-05,1.4922680681866682e-05,1.6787024561576308e-05,1.663135790348798e-05,1.599040545863208e-05,1.7536935882054128e-05,1.9502332238432123e-05,1.9000844466109017e-05,1.752442342895431e-05,7.653542672257441,23.187896130748754,0.14925693392198885
2025-10-09,2.0504652216287043e-05,2.000140689761792e-05,1.878188959163766e-05,1.7597297125181895e-05,1.915569998677425e-05,1.7401290527732424e-05,1.1417214792156904e-05,1.1558224739024958e-05,1.3988894887549026e-05,1.542716931926217e-05,1.639109834842895e-05,1.675470146031997e-05,1.5663804965543294e-05,1.3082262313964062e-05,1.2620593561642758e-05,1.3527488348631247e-05,1.3585002888910188e-05,1.3689244169803666e-05,1.4869929952746676e-05,1.6327927572861986e-05,1.5967641218866007e-05,7.5858459737611605,33.82404656904663,0.12873933968456347
2025-10-10,6.395764654625446e-06,8.996479635799797e-06,1.680182625313552e-05,2.1341804310458047e-05,2.124268605143852e-05,2.1384728642507703e-05,1.8660258991605344e-05,1.6851774983624327e-05,1.640656363220513e-05,1.7136917104302e-05,1.4475707449050912e-05,1.2977214942813608e-05,1.3035092811784018e-05,1.3273352964126695e-05,1.3547482301566124e-05,1.3583034372606422e-05,1.3667699588828013e-05,1.4408370282767715e-05,1.2718685586994998e-05,1.0675190247118388e-05,1.1495436063886681e-05,4.890145464216574,23.997613951955316,0.100370102678038
2025-10-11,1.0262095833527846e-05,1.5674285570487e-05,1.6937902536074967e-05,1.3093230950441173e-05,1.0449265605421132e-05,9.931602251575921e-06,1.0964874710246968e-05,9.492505579624978e-06,1.0963589697747108e-05,1.2989262805019677e-05,1.5915727237695732e-05,1.471664922452691e-05,1.2277994228064761e-05,1.2628504864359874e-05,1.4959318878793776e-05,1.4478660871919143e-05,1.4849301015354073e-05,1.5761956008719905e-05,1.579619754110056e-05,1.2939517991245917e-05,1.2425996299363682e-05,11.703656207974408,11.961778903474055,0.04807734228546858
2025-10-15,1.043491895621029e-05,1.15404587383204e-05,1.4120584341788212e-05,1.8863959527827475e-05,1.693954425471191e-05,1.063076551846964e-05,7.358597946538006e-06,9.381663752680371e-06,1.4717547715194664e-05,1.5291628035135558e-05,1.5490366970095447e-05,1.688200016712881e-05,1.9492450537253256e-05,1.854848376432885e-05,1.5230068924776929e-05,1.2820797229603515e-05,1.3034725003075356e-05,1.3762169836420077e-05,1.2537003380544654e-05,8.9092545728799e-06,7.247127836921171e-06,7.819052091966483,0.9631384189594314,0.00011233617023799876
2025-10-16,1.5973460379897095e-05,1.3709332206383913e-05,1.866552091740117e-05,2.2377168334613904e-05,2.3921382504109458e-05,2.4796680202185417e-05,2.448525476560905e-05,2.2674597464563538e-05,1.967827910340985e-05,1.8046630584641967e-05,1.3889926091086088e-05,1.4662955874669161e-05,1.614575506947388e-05,2.1404474598251978e-05,2.6157094502120275e-05,2.9555023952560124e-05,2.967265397813375e-05,2.7416261472853765e-05,2.976863469574506e-05,3.173639572687453e-05,3.024985685424243e-05,10.351423107765733,1.0241121389074124,0.00025907962026290056
2025-10-18,2.3833890631432947e-05,2.23714692822484e-05,1.8536521660574092e-05,1.827312919016926e-05,1.7954430499842895e-05,1.8517233016554774e-05,1.8669029245750566e-05,2.084275537695984e-05,2.049708831002655e-05,2.0573671475623393e-05,1.9939370652612345e-05,2.0532614556400855e-05,2.0663277125627183e-05,2.072504218772765e-05,2.0386578142566113e-05,2.1457648018203864e-05,2.4058959405357543e-05,2.3667806898203187e-05,1.902591290204269e-05,1.3877734635305096e-05,1.3795672606783008e-05,8.20281030054099,147.42492745175105,0.0005029635632474266
2025-10-19,1.710361201320632e-05,1.745823735170022e-05,1.7887919500431345e-05,1.7664546646362788e-05,1.696809371280995e-05,1.549388853532675e-05,1.5474602395222142e-05,1.621595573540453e-05,1.6505825275089202e-05,1.667528039250416e-05,1.70225978123785e-05,1.700135805682629e-05,1.6984461172321575e-05,1.3975666839923589e-05,1.1665374538049325e-05,1.4725743359928809e-05,1.8066833097401408e-05,1.6785653326326947e-05,1.5818407733015953e-05,1.770670285858937e-05,1.9530160194277823e-05,10.338234212494799,32.46970052826384,0.0005230940105894875
2025-10-20,1.7212898365181234e-05,1.7092692729578125e-05,1.8793543903415926e-05,2.405548875955219e-05,2.5054565175687545e-05,2.3363802325350133e-05,2.241293133822217e-05,2.0413520373822977e-05,1.6936756195599352e-05,1.706722977054103e-05,2.021273400344054e-05,2.356215700119108e-05,2.388696743942074e-05,2.7538763802718477e-05,2.941581443031147e-05,2.758878437471865e-05,2.4521503246259173e-05,2.3396161889813988e-05,2.0366526793590708e-05,1.4449000332010503e-05,1.2788526333060632e-05,5.445021613365121,197.0351171799287,2.7028962888564888e-05
2025-10-21,3.253094145121622e-05,3.303680901788596e-05,3.460047289453852e-05,3.712364462146846e-05,3.617374536455922e-05,3.473046070485179e-05,3.285224262513748e-05,3.6626680910667664e-05,3.98796088757575e-05,4.251187252263765e-05,4.151726613151876e-05,3.938883167223261e-05,4.5992103973947334e-05,4.9636830714297776e-05,4.754611231706979e-05,3.9312657562940465e-05,3.356649078424176e-05,3.723386954449247e-05,3.5478973989850796e-05,3.3450523818472965e-05,3.093622932953107e-05,3.676598781287949,42.1107336899035,0.0
2025-10-22,3.5388242853019637e-05,3.493898233117498e-05,3.5430980316306137e-05,3.5954869877712276e-05,3.575724827150888e-05,3.48532670100203e-05,3.591154989133274e-05,3.558558409721854e-05,3.185232077800044e-05,2.883973982688653e-05,2.8663865980629453e-05,2.872959503473427e-05,3.1204774385623315e-05,3.340911542968643e-05,4.404383319519464e-05,4.493680808973687e-05,4.350263834783341e-05,3.9446346086189534e-05,3.9531761819543624e-05,3.977751916763042e-05,4.060912891024776e-05,5.500462204380971,65.5361362160769,0.0017075471459190653
2025-11-03,3.637066376876293e-05,3.4241618828492714e-05,3.329474971693322e-05,3.458136369467531e-05,3.704538246049103e-05,4.002979940646337e-05,4.098268396863748e-05,3.9427199076429665e-05,3.889020913535149e-05,3.892294092928957e-05,3.969896051091758e-05,4.243287250255835e-05,4.4424931948482036e-05,4.5688477087205517e-05,4.5144701370999026e-05,4.252005519100643e-05,3.8980263525499094e-05,3.493542383397471e-05,3.443427033889644e-05,3.770289370524169e-05,4.036827179781004e-05,3.376361222971677,218.50237849901325,2.2107052929614298e-05
2025-11-04,3.256290375236928e-05,3.46897402778393e-05,3.8018365587091674e-05,3.6842226270513255e-05,3.5326502411149535e-05,3.060905342414913e-05,3.157343650829084e-05,3.424262242926942e-05,3.957242930664507e-05,3.7912675005588756e-05,3.6217226809733635e-05,3.470041015315227e-05,3.446406286880526e-05,3.647158235602457e-05,3.3651805303194585e-05,2.9814348637784386e-05,2.5062273468623806e-05,2.6024257223863052e-05,3.1960219492767405e-05,3.8437109662370335e-05,4.075901042754779e-05,8.458749355977828,61.995643057168934,0.022626959422857796
2025-11-05,3.075738542527806e-05,2.57234048176232e-05,2.0144273770670568e-05,1.7735554185289976e-05,2.0664960790358756e-05,2.3847041572322862e-05,2.612505058873031e-05,2.8694305808221434e-05,3.157896765507004e-05,3.1859549098046804e-05,2.791357124997706e-05,2.6356739991779756e-05,2.6484843143783316e-05,2.84676296836416e-05,3.110958010328455e-05,3.0467860893402144e-05,3.2533198853287754e-05,3.607768000790065e-05,3.5689801061180364e-05,3.566022727253736e-05,3.431089016326945e-05,8.348496104115457,216.2664936281013,0.0002617013978231789
2025-11-06,3.816876474472615e-05,3.724614220959306e-05,3.175523947084463e-05,2.906946951746902e-05,3.036942081938304e-05,3.189580335163327e-05,3.2319239534184486e-05,3.252827120008608e-05,3.6503204675712264e-05,3.749610934116161e-05,3.829274677755016e-05,3.8929220902488684e-05,4.0863114392334064e-05,3.171868001549246e-05,2.8742889254456743e-05,3.36908445962003e-05,3.200660059663827e-05,3.522596099844494e-05,4.12036640086566e-05,3.644156985040066e-05,2.5305898901556078e-05,10.232329953462134,62.15211385182488,0.010854487116899163
2025-11-07,2.2944579427720654e-05,2.088308514887143e-05,2.224243069055438e-05,2.1963331223500734e-05,2.044372365099103e-05,2.2018548251892566e-05,2.245114369437477e-05,1.7370388964058243e-05,1.2499874614204304e-05,1.642249048873408e-05,2.32928900109111e-05,2.8783186136143603e-05,3.2475674163324554e-05,3.0271805308952934e-05,2.748439852432133e-05,2.9906371306032793e-05,3.441054538068802e-05,3.6987861190137164e-05,3.612217482508422e-05,3.30253681609323e-05,3.140560893650784e-05,3.1300070002283755,216.41946638699082,0.0
2025-11-08,1.795144287518415e-05,2.990519832029184e-05,3.474991923822909e-05,3.0603129259898105e-05,2.4249678333235202e-05,1.5102613849614528e-05,8.888402797439422e-06,7.932930816317492e-06,1.0774912983521472e-05,1.4764593105208036e-05,2.159234556963674e-05,2.347554487727821e-05,2.1559015752431153e-05,1.9468701468275305e-05,1.9162534850525404e-05,2.1624293390206716e-05,2.4238207110596194e-05,2.5229998253361123e-05,2.329647735384867e-05,1.9751698633216912e-05,1.7053579536528942e-05,10.264697489255163,203.15454939873115,0.19620253738442994
2025-11-09,1.823116020108878e-05,1.663041938626299e-05,1.5983821299775936e-05,1.715981223852407e-05,2.011345499808499e-05,2.0261414840903025e-05,1.9237284299995627e-05,1.865855810731426e-05,1.8270754671191874e-05,1.3961282724714148e-05,1.2969560534940404e-05,1.324898110085881e-05,1.59408230369385e-05,1.645631444205291e-05,1.943933550232624e-05,2.5807232244592666e-05,2.6086978480682195e-05,2.580150724670443e-05,2.2440976218165497e-05,2.0663949963324328e-05,1.3978323669213238e-05,6.778877142450067,174.79986722261333,0.012818488937096837
2025-11-10,4.779170876006717e-05,5.286136075448479e-05,5.479995495868444e-05,5.49839680640421e-05,5.411395595776419e-05,5.099231596617463e-05,4.991565065279706e-05,5.250586107718909e-05,4.991636333439003e-05,4.438238111626164e-05,4.173696508885579e-05,4.456135312398697e-05,4.7992780386489415e-05,5.086978355803746e-05,5.531358512337841e-05,5.446691946389828e-05,4.7328136628476373e-05,4.261226690925694e-05,4.2067443592453625e-05,4.2384175839687855e-05,4.632072404601234e-05,7.117071087762197,53.65363106805614,0.006800532611663155
2025-11-11,2.747754635324952e-05,3.0065513791374163e-05,3.292279736606619e-05,3.61037164870483e-05,3.737396224368648e-05,3.412781361396413e-05,3.3117797476364914e-05,3.524627604872141e-05,3.6568557390373426e-05,3.432855420246441e-05,2.950853700795741e-05,2.9217843801267182e-05,3.075869715024881e-05,2.8629856420885086e-05,2.658575037503388e-05,2.5014781249623433e-05,2.699209628368736e-05,2.8597761678600103e-05,2.5485337911656963e-05,2.687971070669551e-05,3.1379828440890126e-05,2.889003489962495,138.3783979122652,0.033388837831394874
2025-11-12,2.5235164963016633e-05,2.3780452603610145e-05,2.456989980793241e-05,2.8782701963057485e-05,3.1445289227188655e-05,3.2597538651907075e-05,3.015697495537262e-05,3.6925079112438215e-05,4.192108702485989e-05,3.654994040621655e-05,3.116777654108661e-05,3.095258686920726e-05,3.368454342424123e-05,3.595348567430645e-05,3.6147751228405e-05,4.0976384713796656e-05,4.636384947730019e-05,4.605100860269885e-05,3.7288293671487884e-05,3.322155580285621e-05,3.07788635953768e-05,4.325959305486842,315.13590210963685,9.05114318821488e-06
2025-11-13,5.046939968788264e-05,5.114535814382115e-05,5.0222606436518665e-05,5.025362818089705e-05,5.077154085198194e-05,5.2059009141624074e-05,5.013603152004776e-05,4.968957738514226e-05,4.876119663390309e-05,5.131886542790932e-05,5.743046367917162e-05,5.8001435391893914e-05,5.8069630838250956e-05,5.867442894131799e-05,5.7689923706425194e-05,5.738839643693596e-05,5.724761833205771e-05,5.619443593402914e-05,4.8277830515265445e-05,4.607369677611335e-05,4.4769511497129494e-05,3.349336961703285,79.47201516052814,0.04920949757225838
2025-11-14,5.321518764647689e-05,5.4980772593378805e-05,5.5646385679203284e-05,5.5985859517047244e-05,5.982173766063672e-05,6.10396478116066e-05,6.091116097641955e-05,6.128082290084768e-05,6.298417099807864e-05,6.322754448689602e-05,6.085096107654318e-05,6.28947685137297e-05,6.535543589707224e-05,6.10647179253261e-05,5.970626642375823e-05,5.728287991014114e-05,5.1509541051710885e-05,4.9881580631123875e-05,5.049893445305543e-05,5.174922787084805e-05,5.156508165910984e-05,5.016443023857731,54.92169339661376,0.00456674386124512
2025-11-15,3.169822760882284e-05,3.58651464388048e-05,3.739998451809937e-05,3.420257114238565e-05,3.2027612573257124e-05,3.368928962968373e-05,3.345625500097911e-05,3.262172889602676e-05,3.5303069070200145e-05,3.806915513431972e-05,3.9672051279854267e-05,4.131390610884862e-05,3.933293289592987e-05,3.6716860891663836e-05,3.592307350399908e-05,3.950695169187253e-05,4.5964934739782426e-05,5.0720513151739195e-05,5.4270469294092045e-05,5.281423558003574e-05,4.893566614586374e-05,6.637836486020499,208.24308935564508,0.0050516275440614005
2025-11-16,2.3463041893748438e-05,2.658107816992025e-05,2.324003898928346e-05,2.2094473819670737e-05,2.442489510054176e-05,2.8503421190157402e-05,2.6548510054796278e-05,2.3486527933965812e-05,2.5982666251945137e-05,2.9853990839820423e-05,3.524505879489093e-05,3.614294604320129e-05,3.376762754687584e-05,3.015003245179015e-05,3.090989453954832e-05,3.0073710110224964e-05,2.6273421708062494e-05,2.529145063175223e-05,2.7923956920504658e-05,2.6063747826759415e-05,2.3126800802767863e-05,5.5626117261521575,334.8891453218831,0.003812138028655402
2025-11-22,4.593390567691863e-05,4.7047854543462487e-05,4.9841178074292494e-05,5.3548246349968504e-05,5.287125908330078e-05,4.7915273640260676e-05,5.0541436443848824e-05,4.6988354745009584e-05,4.121295796062392e-05,4.177930215683672e-05,4.058228989214715e-05,4.1147655292807665e-05,3.717987070110495e-05,3.176375245240859e-05,2.7960231113154883e-05,3.0253015370972937e-05,3.4097166015489986e-05,3.953933582300413e-05,4.668031391396971e-05,4.132229861625788e-05,3.2998753571740685e-05,2.6249138888238726,68.61767917595984,5.940778781053044e-05
2025-11-24,3.858940959430096e-05,3.453530507676859e-05,2.845256461388949e-05,2.7199940831183226e-05,2.9034026339514446e-05,3.0411431880458585e-05,2.942051894875323e-05,3.127910650939687e-05,3.479753701861832e-05,3.7208643448325614e-05,3.609903141480132e-05,3.457267693609725e-05,3.4623017259026514e-05,3.656271679541214e-05,3.971875527356719e-05,3.844120808345071e-05,3.442855748747806e-05,3.08583329504683e-05,2.948857770715993e-05,2.9521885445414886e-05,3.012763949668694e-05,10.377016530834604,145.05876497013202,0.11068060019213581
2025-11-25,2.5975307355372308e-05,2.6206807315677186e-05,2.5121827859649816e-05,2.322527443549855e-05,2.320326296008675e-05,2.433434057368741e-05,2.542140346477998e-05,2.5501562656228157e-05,2.2938861942900107e-05,1.9973614443711738e-05,2.0528994419519376e-05,2.0469112974162347e-05,1.699373458719618e-05,1.3129860118444903e-05,1.2953368336663822e-05,1.5525586193258462e-05,2.0383644027424995e-05,2.849064869032707e-05,3.189245359558197e-05,2.8207167388192858e-05,2.447562060954476e-05,10.608464429971159,208.14522034682653,0.04059021539421424
2025-11-26,3.0202212817692183e-05,3.1147583652881984e-05,3.454581256804747e-05,3.414270603358209e-05,3.108078987426436e-05,3.1342778713583015e-05,3.539385724721043e-05,3.689863364451966e-05,3.652664094886703e-05,3.5718071867402247e-05,3.660783865580881e-05,3.745646843447229e-05,3.894245292367432e-05,4.313845397564013e-05,4.640394480459926e-05,4.21460915011128e-05,3.877761790467282e-05,3.760591766245402e-05,3.987486860951745e-05,4.067151407190778e-05,4.3433804235855086e-05,7.657148659137057,15.496354653792423,0.0008453397862964376
2025-11-27,4.082684051344645e-05,4.2724777774755055e-05,4.82876228165812e-05,4.930860674139948e-05,4.271131337698167e-05,3.696785694149576e-05,4.107470650725775e-05,5.343429385100143e-05,5.3363145884480844e-05,4.701153127269521e-05,4.702039060747027e-05,5.368513147757037e-05,6.207332453665024e-05,7.29617985836608e-05,7.88171587246523e-05,7.314389250998942e-05,6.614082589108279e-05,6.276564861109291e-05,5.8690232570463636e-05,5.591809720502859e-05,5.631937839656069e-05,2.931306004924903,313.24106926335736,0.00017850438917707388
2025-11-30,1.538751199789055e-05,1.3630450326835509e-05,1.5291453490499628e-05,1.4776923744814943e-05,1.5804382412932327e-05,2.4006611264015855e-05,2.7468121045620632e-05,2.005224386577306e-05,1.1712541638753157e-05,1.6293823284950123e-05,2.363217075503931e-05,2.865947172137871e-05,2.9370095466278134e-05,2.9696566445699087e-05,2.8804843263018584e-05,2.9061785624904797e-05,2.9191578344237957e-05,2.8892635918900553e-05,2.6692233836639042e-05,2.5146368482656866e-05,2.273005999358897e-05,4.661230451009842,317.3170026382797,0.28118244147711247
2025-12-01,2.9330897386632335e-05,2.7912601108715886e-05,2.5649125600290186e-05,2.4837919186484844e-05,2.459402841129135e-05,2.376975090691605e-05,2.4409432564707472e-05,2.7761058829617993e-05,2.7133567489061455e-05,2.2856330492955898e-05,1.9925940087017803e-05,2.1447166617141033e-05,2.6801948921739416e-05,3.0626959223195795e-05,2.9803779269031356e-05,2.9107316800994977e-05,3.036341542299516e-05,3.3221381966764424e-05,3.397131294470034e-05,3.3873252385321076e-05,3.4920545449571866e-05,7.432027833761787,152.84470485605777,0.006745371943221385
2025-12-02,6.7975848399012e-05,6.785537066640249e-05,6.824812621366689e-05,7.179222100863853e-05,7.29784500657647e-05,7.091860844585808e-05,6.892874622137382e-05,6.848207512345821e-05,6.996708269045916e-05,7.588688283304104e-05,7.619139479863366e-05,7.288883101619802e-05,7.477803423204199e-05,8.028956535114334e-05,8.712921974838773e-05,8.355723440665006e-05,7.837790806869081e-05,8.063393221949845e-05,8.292915605276464e-05,8.364712151479109e-05,8.408444875639763e-05,10.41010092221888,43.17121247784769,0.0019179472269280505
2025-12-03,2.5105309155454615e-05,2.76508692051849e-05,2.357527706970345e-05,2.1054828051414904e-05,2.5095908983944974e-05,2.5624455840630268e-05,2.6167143244486326e-05,3.0729075065971034e-05,3.33461841301705e-05,3.0504730987509402e-05,2.7566647991292748e-05,2.8504085799950793e-05,2.84161781602238e-05,2.9264794393254932e-05,3.3902910860607996e-05,3.577595515004973e-05,3.1201306920905346e-05,2.6015376430005447e-05,2.415406128369798e-05,2.9890749932637674e-05,3.472967626947087e-05,7.509395086452246,222.4894887541879,0.0017555615452856483
2025-12-05,3.663606403526542e-05,3.6110743869315915e-05,3.6596314133872614e-05,3.8127011312057434e-05,3.811668715799005e-05,3.5637992048925434e-05,3.49799509711264e-05,3.4697520829603475e-05,3.7849614391098066e-05,4.13271520582768e-05,4.214088201779378e-05,4.352200835970877e-05,4.329778279904501e-05,4.347263300564688e-05,4.430181098088987e-05,4.3466861580567985e-05,4.4358599642830823e-05,4.860443225297118e-05,5.579337831957103e-05,6.066575569054719e-05,6.636717487586848e-05,2.721806284104783,170.05404678794923,0.003671183946785178
2025-12-06,2.5046191763802954e-05,2.5754094563513308e-05,2.7878550004546572e-05,2.8836669760624158e-05,2.8888676044494015e-05,2.62244867041589e-05,2.6778842209294587e-05,2.7750949542467604e-05,2.7988945724673128e-05,3.20453280308084e-05,2.9773133075311317e-05,2.9485655715914847e-05,2.8801224792831296e-05,2.6056791813778078e-05,2.5655988800024476e-05,2.564270601291863e-05,2.6726464831828852e-05,2.8898814964072203e-05,3.081834627475405e-05,3.0788457646772235e-05,3.201326730129815e-05,8.897581135692143,87.20357901215152,0.001170208880716226
2025-12-08,3.2897053680946394e-05,3.607660404271152e-05,4.0742904040781685e-05,4.235708255567663e-05,4.8845082564286324e-05,4.583098165243712e-05,4.148948570215289e-05,4.1690294413736956e-05,4.2440758207563717e-05,4.180605523882561e-05,4.148184734523331e-05,4.542093068478758e-05,4.93262654546646e-05,4.4418881084558436e-05,4.089450777072519e-05,3.810527848395702e-05,3.789821033463562e-05,3.790964355886275e-05,3.807656774647004e-05,4.1367209339284716e-05,4.251436720140501e-05,2.8323507951331464,73.94767323892285,0.00019663459378789334
2025-12-09,4.313094466748803e-05,4.221427171358607e-05,4.324627177095132e-05,4.388669902148599e-05,4.370958294049321e-05,4.1939049492919446e-05,3.852247388468671e-05,3.838335985239082e-05,3.8071556429190743e-05,3.6518757388895414e-05,3.651044221203594e-05,3.843064663277816e-05,3.959717260881705e-05,3.6932860192689564e-05,1.7814586778080554e-05,1.4147749606569256e-05,1.8943704100464495e-05,3.44389893813812e-05,3.405765064095181e-05,2.7469895552028708e-05,2.4674354793267304e-05,5.785932369205798,69.75902555678203,0.00500423843361836
2025-12-10,2.1605908884899675e-05,2.0310497304526786e-05,2.112502543295256e-05,2.52221088471417e-05,2.709193487364535e-05,2.7954691417168128e-05,2.7847284288414894e-05,2.8154129857468557e-05,3.073818051910812e-05,3.278230921615893e-05,3.208437704081536e-05,2.920994111817296e-05,2.475415455303323e-05,1.9992896645857234e-05,1.9508044766074765e-05,1.9760838234240486e-05,1.9551268540966793e-05,1.70626274625736e-05,1.5026947318142785e-05,1.480037715460319e-05,1.6570181524403157e-05,2.5662638865378335,174.229762410592,0.0034889840159842652
2025-12-11,2.0786443497092878e-05,2.451761377546569e-05,2.863173221981989e-05,3.375843488450757e-05,3.502778103674336e-05,3.591596153361081e-05,3.425025935876827e-05,3.329037455802159e-05,2.6440769559078504e-05,2.6172720437454732e-05,2.691868189351074e-05,2.6102430203065844e-05,1.9817478060809282e-05,1.6866522542249932e-05,1.8808751422787776e-05,2.22719782456372e-05,2.5859614605602676e-05,2.9699676056419473e-05,2.836804321052719e-05,2.9343025883775903e-05,2.92806603776216e-05,5.352245262136648,67.31234672844545,0.04371775840176089
2025-12-12,2.8396895748702507e-05,2.8109262252140747e-05,2.6299278502186895e-05,2.478594410820562e-05,2.712107163958493e-05,2.8195972162580597e-05,3.071927801609527e-05,3.7979968668100054e-05,3.910929599417313e-05,3.6515176236826096e-05,3.580742693204892e-05,3.460403711685994e-05,3.0324098212657e-05,2.8972080075536377e-05,3.1764054998702156e-05,3.4873120114389595e-05,3.843628272545171e-05,4.0337489990160734e-05,4.045348537008284e-05,4.286626340858017e-05,4.411023872239064e-05,3.9195582534229993,221.64097649662602,0.002422993382933707
2025-12-13,3.0046480194515092e-05,3.400822982180202e-05,3.500462487548982e-05,3.362032907301859e-05,2.887063889055916e-05,2.977370854261817e-05,3.1355888574717855e-05,3.052265893890557e-05,3.552545249799177e-05,3.6400485134024665e-05,3.273523176871176e-05,3.363211785340894e-05,3.6973427210198356e-05,3.7419386170215456e-05,3.7232130940068946e-05,3.2903105650939074e-05,2.97188501733949e-05,3.3485655807793327e-05,3.6057113153515716e-05,3.247935802160442e-05,2.533266737687771e-05,6.76487752147463,203.67414045109228,0.00030423891765785896
2025-12-14,1.4776647099548303e-05,1.629082038671513e-05,1.9064484144244696e-05,2.082613937567736e-05,2.1267744432737884e-05,1.8959193671510933e-05,2.1219241081393528e-05,2.2390336805406804e-05,1.924444793629335e-05,1.3860526575789926e-05,1.1278572068329888e-05,1.0940587446359146e-05,1.5712741001326872e-05,2.1582625809505533e-05,2.3846719981212932e-05,2.335084244809798e-05,2.1962522847518438e-05,1.9316246210425436e-05,1.703515617406274e-05,1.9833535992647392e-05,2.286877268644733e-05,5.856089310901256,8.7160722959037,0.0017804904374910124
2025-12-15,-1.0276231375313482e-05,-8.338834808316212e-06,4.952592455886402e-06,5.500418685426627e-06,5.089571386385426e-06,9.714739207585397e-06,6.404424093583497e-06,7.675649580146065e-06,1.644660267072568e-05,1.7980551391378662e-05,1.7225832553157503e-05,1.3798433253914013e-05,9.043347400517393e-06,1.0073115527101498e-05,1.5330212844590586e-05,1.8736698743966592e-05,1.798212784288065e-05,1.894883949038385e-05,1.8167363408070245e-05,1.8384711887770164e-05,1.9789713397967714e-05,6.735150374300879,52.04664935620144,0.20760050300355226
2025-12-16,3.68353117045811e-05,3.308688978007331e-05,3.448212390848389e-05,3.724223861567582e-05,3.910347500317367e-05,3.912713140023893e-05,3.95952851647473e-05,4.048489569786831e-05,3.7717544852942e-05,3.485763191339464e-05,3.667933063737278e-05,4.5874349000299134e-05,5.3311825130100895e-05,5.5602929467635996e-05,5.478394426458584e-05,5.255638668031386e-05,4.821963803636423e-05,4.6150637564754975e-05,4.73484333972627e-05,4.847148535812182e-05,4.863028351292755e-05,3.0424942431695197,129.00017766134567,0.011305073839152751
2025-12-17,6.876733953512116e-05,6.862701605404079e-05,6.484545337730458e-05,5.340862316437954e-05,4.8730751194508516e-05,5.514764822609585e-05,6.261543327913957e-05,6.199734767819427e-05,6.253907909246316e-05,6.625909163314238e-05,6.809799743610594e-05,6.42406413076174e-05,5.9317099227719894e-05,5.638673403870431e-05,5.561711919235642e-05,5.8319158209818844e-05,6.470145683005526e-05,7.246064539408948e-05,7.54103344027352e-05,7.372226002735762e-05,7.382310948289985e-05,6.231720374933879,50.625544980066195,0.0053445617724895405
2025-12-18,1.30397700865405e-05,1.4820821917527726e-05,1.5261141859775525e-05,1.605743797040286e-05,1.7149637032597738e-05,1.7153076878387848e-05,1.8853916686520342e-05,1.772349357747798e-05,1.682879528488053e-05,1.7557664237262146e-05,1.7765047512441684e-05,1.8122354816392322e-05,1.4295782138318194e-05,1.4267042357246214e-05,1.654512522140179e-05,2.0482478085297193e-05,2.056662240933201e-05,1.992461811429172e-05,1.7481582368876902e-05,1.8633669786299095e-05,1.853594742605832e-05,8.877623051003852,177.31776727526767,0.0022403868638260554
2025-12-20,3.81639866270801e-05,3.460926768307109e-05,3.0059416178532342e-05,2.5044447403115813e-05,1.9721881558804874e-05,1.7686348087806978e-05,2.0475444303120536e-05,2.954279121554685e-05,3.684515158413176e-05,4.053822584280053e-05,3.795788025247823e-05,3.339592796750791e-05,3.313487453600182e-05,3.623629327765601e-05,3.9622045862743055e-05,4.1245181750771973e-05,4.2924784521562884e-05,4.292058272363232e-05,4.370340924157026e-05,4.687662656659908e-05,4.7157872399202143e-05,9.709294069829706,221.97869575262524,0.05218443847155538
2025-12-21,4.20579111971875e-05,4.2949202177274676e-05,4.204918210493798e-05,3.693415008395895e-05,3.751755087699935e-05,4.0268553808430865e-05,4.0020452874005935e-05,4.205391115871885e-05,4.342521419170525e-05,4.6069148490413896e-05,5.100310090759273e-05,5.294512792644368e-05,5.2443624314152695e-05,5.141374366288935e-05,5.214932588158894e-05,5.179863019036709e-05,5.0643322433741087e-05,4.6947547634069795e-05,4.299281089399434e-05,4.372898000388712e-05,4.5606907155600486e-05,4.497633547884891,10.701480064193618,0.043538749592229184
2025-12-22,3.422907639918123e-05,3.538457413785485e-05,3.702960869365023e-05,3.6662198334003906e-05,3.519040178354649e-05,3.5282270541671705e-05,3.562346249926382e-05,3.396186006866925e-05,3.320896966238974e-05,3.076011463593332e-05,2.941217183043294e-05,2.8831859108551343e-05,3.0000714997535846e-05,3.2500610243205235e-05,3.2931565169336746e-05,3.165569853609967e-05,3.3973167632256114e-05,3.4446401701054495e-05,3.4903893881599654e-05,3.4379930376453996e-05,3.495969435329424e-05,9.44555944740575,68.27859896119651,0.005881916717955824
2025-12-23,6.216722463193158e-05,6.552201503228604e-05,5.884317599489471e-05,4.905247973139347e-05,4.552966809018677e-05,4.8431125464159974e-05,6.21940301348807e-05,6.72615615473688e-05,6.053888936342947e-05,5.666273058485247e-05,5.4905836145655844e-05,5.4011081911502105e-05,4.684080068423232e-05,4.870351472625658e-05,4.917134327764956e-05,4.381729457170593e-05,4.4061662955007606e-05,3.960868360954629e-05,3.814058855207661e-05,4.282773742276039e-05,4.237943278835749e-05,3.369807126325883,87.31095061363317,0.004011922089484974
2025-12-24,3.6023593976834634e-05,2.6532502347652245e-05,2.12157326295671e-05,2.611823777279005e-05,3.7113201235778545e-05,3.612880484567016e-05,3.448276129218034e-05,3.536879145791956e-05,3.125714958689965e-05,3.048427804432934e-05,2.865091418261056e-05,2.5814875974074246e-05,2.52727684080447e-05,2.1555381869897648e-05,2.2803736104839153e-05,2.2716875887101154e-05,2.70915314554162e-05,3.409008455182841e-05,3.180563712517437e-05,3.323158646131561e-05,3.078410106742497e-05,7.686899214468268,60.040416629946264,0.030169951920684314
2025-12-26,4.227593440801415e-05,4.414178383410888e-05,4.474647961866827e-05,4.293240663019385e-05,4.262879548519313e-05,4.227516939306202e-05,4.2727736056646066e-05,4.330723178388863e-05,4.3239250694801185e-05,4.39119480223304e-05,4.360608901546991e-05,4.1660002816902376e-05,3.46816159691433e-05,3.1411581581663824e-05,3.1197188614034764e-05,3.0157122974527116e-05,2.978652990955774e-05,3.0012532238570376e-05,3.059389652953149e-05,3.186307210346525e-05,3.472050142067214e-05,5.045444554011892,61.71184268261868,0.004439360914856067
2025-12-27,5.2559636274961385e-05,5.271588110793342e-05,4.811664722663243e-05,4.993515869692211e-05,5.2892020242398545e-05,5.2111284362058656e-05,4.642002579576668e-05,4.117961800601875e-05,4.132642709838533e-05,4.2650127831304834e-05,4.3007717302049026e-05,4.135210812986016e-05,3.7748208235982004e-05,3.6047759723300385e-05,3.272501366750919e-05,3.3836897640074636e-05,3.6508491152824056e-05,3.5678736791074264e-05,3.533378499950952e-05,3.9083665476120775e-05,4.0455831886545114e-05,7.9871967800569434,47.45343514689796,0.25321241059647703
2025-12-28,3.0797757333014474e-05,2.8254415007705963e-05,2.6382725663635134e-05,2.745692441653261e-05,2.6741380137503547e-05,2.4718131259747333e-05,2.5060983442422533e-05,2.6935293463880067e-05,2.93931767301164e-05,2.8613537920626786e-05,2.6952066450268487e-05,2.647842734607063e-05,2.780662243877561e-05,2.6175766655417972e-05,2.4067380962133583e-05,2.5374847810997545e-05,2.9715867392189778e-05,3.0760685883358386e-05,2.864934461211417e-05,2.7737689936937482e-05,2.7398930023220095e-05,11.983216702419774,186.4811938734579,0.006995588391144779
2025-12-29,2.907969502825296e-05,3.0812522563468086e-05,2.8519943943931838e-05,2.533659273971296e-05,2.5663380464984067e-05,2.983130883626709e-05,3.372675791047007e-05,3.526062950871907e-05,3.74168375249483e-05,3.540276081493615e-05,3.364693559619323e-05,3.13736113340796e-05,3.140156721938391e-05,3.1173239904659995e-05,3.062289249905119e-05,2.604379458317069e-05,2.4991608147091396e-05,2.408169451962899e-05,2.520458999752546e-05,2.9506629051372154e-05,3.2925281110599195e-05,4.583149248583413,149.01579695413886,0.002623130759317008
2025-12-30,1.3500288975672558e-05,6.836295602304015e-06,2.46920405733e-06,6.047883800172419e-06,1.2740890110701771e-05,1.2722128237667082e-05,1.086283142187358e-05,1.2419767866863577e-05,1.3529750863827891e-05,1.3081070922154118e-05,9.813777355955838e-06,4.07637856180386e-06,3.66406007213934e-06,7.662457239226645e-06,9.351832999289656e-06,9.44317846885119e-06,9.532810649138936e-06,1.0626194968112569e-05,1.7529704012271675e-05,1.9106111155812578e-05,2.6568843312579637e-05,4.441971120173276,77.48175955855294,0.00027403948406974274
2025-12-31,1.1726635448408766e-05,1.2976906790548524e-05,1.6527190659175333e-05,2.0833881742259022e-05,2.1076679252797678e-05,1.7438649984798926e-05,1.875905891576578e-05,2.2142669618624078e-05,2.6997437557367098e-05,3.093828062335106e-05,2.829146344668015e-05,2.8869037732040197e-05,3.0881677950504625e-05,3.250679272984416e-05,3.169481339058982e-05,3.0727843968377524e-05,2.9512262226534786e-05,2.6685013893677386e-05,2.178758214755288e-05,1.72268666825257e-05,1.982025238514465e-05,5.567620870536286,41.65206966565023,0.037564237757779874
2026-01-02,3.2129380167363976e-05,3.0575701038926865e-05,2.8705442849646863e-05,2.8553168902771766e-05,2.4002456574800602e-05,2.3525404426223565e-05,2.655045376699063e-05,3.1257384825620855e-05,3.3242176482325286e-05,3.0467191272562864e-05,2.645937439640559e-05,2.6698567873442298e-05,2.5514976848144878e-05,2.7640236980214697e-05,2.786260168768766e-05,3.043805588710043e-05,2.8000377219956212e-05,2.6322374450417064e-05,2.7057559056082385e-05,2.819119129763983e-05,2.798699469527713e-05,5.490356208171432,89.14582464579894,0.0039017750738900457
2026-01-05,3.660363264292634e-05,3.9700512823758654e-05,3.190067487742458e-05,3.0032903522923413e-05,2.9851923632603596e-05,3.7125823845456584e-05,4.387263619820098e-05,4.5181782495576384e-05,3.8797272863664526e-05,1.5688196378940974e-05,1.5145917098003962e-05,1.4644612013962616e-05,2.042361235260749e-05,2.2965338720153764e-05,2.34396344404225e-05,2.3756630344479613e-05,1.9125858235083235e-05,1.7212808950653826e-05,2.7701392334001785e-05,3.0870911443022897e-05,3.1101818735054524e-05,10.412042709920762,80.68341399731719,0.20480441151276013
2026-01-08,2.711726721242811e-05,2.459749672636213e-05,2.3739058363195456e-05,2.5832579176943485e-05,2.6697643158895186e-05,2.569913029992959e-05,2.5147059640020365e-05,2.6351375331577683e-05,2.8686360374107654e-05,2.7464716512416473e-05,2.534858159785524e-05,3.0314798513022385e-05,3.308211311462286e-05,2.859241386582663e-05,2.4414687863848523e-05,2.0290170049345723e-05,2.2900306378117857e-05,2.8773754569856634e-05,2.795882649877285e-05,2.642496826001828e-05,2.7273781890564973e-05,10.820528863369764,119.92748036696378,0.022402218286367615
2026-01-10,2.065849872681807e-05,1.8788018662755796e-05,2.0038550803557533e-05,2.1643710351728237e-05,2.0130131876380522e-05,1.8076406525669167e-05,2.0317792661814996e-05,2.355366916641547e-05,2.1816845773571586e-05,1.9280924351927207e-05,2.209510205540787e-05,2.3039555107046556e-05,1.7329670690072012e-05,1.907520042660587e-05,2.0866683914912567e-05,1.8300139060844726e-05,1.730882877540002e-05,1.5583572010022003e-05,1.3325661207834306e-05,1.5127674611543996e-05,1.6735458201380726e-05,4.970180742614745,128.05151443572822,0.00026580091640374863
2026-01-11,2.830340028908242e-05,3.0743485813001685e-05,2.883099580574473e-05,2.7869324477038175e-05,2.8138717924769103e-05,2.8481390077757964e-05,2.9960637214821298e-05,3.0260761501640565e-05,3.085812842535876e-05,2.9826628685585943e-05,2.6387295549038232e-05,2.602894538713508e-05,2.678775503448899e-05,2.577722165093883e-05,2.4897686606934905e-05,2.5195775153720368e-05,2.507793541971553e-05,2.4562810177387038e-05,2.791412735268674e-05,2.8831315661637873e-05,2.850177878005474e-05,4.100157026802224,79.47562930377171,0.0023027371875271184
2026-01-12,2.0908135780599363e-05,2.3869198414689536e-05,2.4624454940546024e-05,2.447610092307666e-05,2.458468249087608e-05,2.556249151424884e-05,2.666713721125726e-05,2.9067898018931537e-05,3.0890113455510846e-05,3.011369281825108e-05,2.8205753669803495e-05,2.6848898768865956e-05,2.717944640390384e-05,2.836648152622223e-05,2.9431662149569055e-05,2.8068267974893716e-05,2.8495893999586183e-05,3.1161307364260165e-05,3.073293141730951e-05,3.2051017523709116e-05,3.272036494460041e-05,5.230900473959016,75.5257801543301,0.004113982244867533
2026-01-13,2.700057727784275e-05,3.2063372106701254e-05,3.3664902763123304e-05,3.130657645692637e-05,2.7993184993459317e-05,2.7326770590951277e-05,2.7653924298584774e-05,2.8952470766011328e-05,3.275802949384909e-05,3.542655192055082e-05,3.171564154221343e-05,2.934082749709384e-05,2.8184173011990107e-05,3.061504427713265e-05,3.4485148122417726e-05,3.508422778396631e-05,3.3009077316891295e-05,3.205764159572171e-05,3.450149428516765e-05,3.663141662250092e-05,3.421238878355382e-05,3.7575250952469115,110.23290871097902,0.05985170684358867
2026-01-14,1.4351497521246303e-05,1.6573811135494267e-05,2.211520274812578e-05,2.2373852546287036e-05,2.0359710086780977e-05,2.004488510998542e-05,2.0139976543223105e-05,1.6462425350423377e-05,1.424525798089125e-05,1.4593184512779175e-05,1.4384523804734254e-05,1.4174214017020584e-05,1.4544236885609576e-05,1.6790334352648287e-05,1.703687128844445e-05,1.4693482039309484e-05,1.0313739142524475e-05,1.0236154175924755e-05,1.1520827920807322e-05,1.2882344534727624e-05,1.2830082800151722e-05,9.98385225920104,167.06046399002685,0.09300860982115611
2026-01-15,3.498735287776316e-05,2.8466526344901988e-05,3.431156457238003e-05,4.1543711447619105e-05,4.315195986217132e-05,3.7466310564742336e-05,3.784976424114645e-05,3.6690965884408075e-05,3.666406476404378e-05,3.827578075111262e-05,2.873993754528084e-05,3.073300610915147e-05,3.571316677761021e-05,3.688156127538024e-05,3.351516963514446e-05,3.185664445184696e-05,3.0547157587829705e-05,2.950800579193306e-05,3.25874836257989e-05,3.7318180516778416e-05,3.892461529714696e-05,6.986738861518126,81.08388168260103,0.00011683221435474281
2026-01-16,1.2845205385045986e-05,1.184690720284285e-05,9.573899080537528e-06,8.715630630226293e-06,9.694070091090982e-06,8.269386536614116e-06,6.285492003584702e-06,6.096571334284487e-06,1.2680747968302404e-05,1.7278018012502083e-05,1.7165270289299845e-05,1.4010318207197565e-05,1.0950969918161413e-05,9.613498687654835e-06,7.91223350504126e-06,8.60525924066525e-06,1.0081330381097174e-05,1.0647997443093327e-05,1.0258952755972431e-05,1.25470172452141e-05,1.5057327794066376e-05,10.622011565145888,177.8203595528871,0.003779134591035314
2026-01-17,1.88004527352703e-06,3.1115857521420643e-06,4.691294521695125e-06,6.238771504831006e-06,6.4460427434400145e-06,7.531558819579939e-06,8.83084319837519e-06,9.119292407227504e-06,7.268859912709238e-06,6.5491061418706455e-06,6.303355131697208e-06,7.399524028620169e-06,9.122670726905077e-06,1.1047030312122196e-05,1.0223403796870891e-05,7.779969161032666e-06,5.201789281726494e-06,4.355523597845817e-06,4.274048299423187e-06,5.255829825095469e-06,7.362496566599777e-06,10.001323726454705,150.3557640542898,0.14730778121534235
2026-01-19,2.8045223831849556e-05,3.0128767606850045e-05,2.8755213430044876e-05,2.5815207435738894e-05,2.886087262646287e-05,3.115859941384722e-05,2.7601334683369366e-05,2.7829785409027295e-05,2.9065994447301148e-05,2.8658832999612605e-05,2.8685421755091433e-05,3.070522206479914e-05,3.1323877916415615e-05,2.832424258931598e-05,2.9189244035318457e-05,3.064254262616175e-05,3.0885076617588955e-05,3.0361799691402517e-05,2.9920396825002943e-05,2.924875259515196e-05,3.004125237471803e-05,6.103732476502056,229.4554271090401,0.00638559724299879
2026-01-20,3.3716884536488855e-05,3.0767591253332954e-05,3.403547367071264e-05,4.211267809433173e-05,3.830431389006796e-05,3.5121248683629385e-05,3.899240350665625e-05,4.0071104577687096e-05,3.726943749085497e-05,2.920855397752952e-05,3.1313513953206365e-05,3.6619191458531364e-05,3.845575295897812e-05,3.4963274783450426e-05,2.887660154327861e-05,2.914153899603904e-05,2.801046336226224e-05,2.9109455354255016e-05,2.890717294956843e-05,2.650650148378508e-05,2.7625882634655763e-05,8.298461189940692,44.4255926966332,0.00044901748371922116
2026-01-28,3.834768923962358e-05,3.279390308387195e-05,2.934539152781356e-05,3.191746994661932e-05,3.7063722591115457e-05,3.933768335802488e-05,4.0723843426854457e-05,4.48494792878469e-05,4.62431632719598e-05,4.171132311945013e-05,4.004464111399451e-05,4.040805065762427e-05,4.179114090873481e-05,4.027566711529716e-05,3.8845224151227024e-05,3.640770575451951e-05,3.244495851368289e-05,2.9383695136631928e-05,2.8770409853999007e-05,2.8864891541455763e-05,2.9846526721176835e-05,7.532083756458157,38.78543126991781,0.012609485577369359
2026-01-29,2.9411950462741162e-05,2.966699082847874e-05,2.8317114339756823e-05,2.4192508011961658e-05,2.4053860449982974e-05,2.5091830589878665e-05,2.580962722243815e-05,2.53596834566011e-05,2.622613341169348e-05,2.6198170946103795e-05,2.698004162704255e-05,2.8830810270983335e-05,2.9725226366206735e-05,2.9782344308059278e-05,3.434891930792798e-05,3.48111980180043e-05,3.441325400066093e-05,2.9668673702754544e-05,2.930226199621877e-05,2.813580331674275e-05,2.7655396604393263e-05,10.658122804970011,179.62156119316955,0.004019648460353368
2026-01-30,2.314070072166264e-05,1.9313336148079972e-05,1.9238483568088415e-05,2.325938705073389e-05,2.4934707364198563e-05,2.525998090637641e-05,2.57492156724096e-05,2.2914841722480823e-05,2.0759001395830455e-05,1.8898617133644972e-05,1.891147943326896e-05,2.032317606302393e-05,2.1451108710263754e-05,1.9690719883827496e-05,1.8629855876671534e-05,2.0504744182172817e-05,2.166357796515214e-05,2.1418033880689026e-05,2.108965736026294e-05,2.2315622793524287e-05,2.2272215492560485e-05,6.156437030809213,110.218557996848,0.0021837646267928628
2026-02-01,3.7388990226269155e-05,3.779458723418019e-05,3.844776265608517e-05,3.8478308716739184e-05,3.897727385947206e-05,3.967116897025724e-05,3.8345830060384596e-05,3.531724420302362e-05,3.3273743464625135e-05,3.431279094292928e-05,3.447486642092937e-05,3.480731036555874e-05,3.421180410450721e-05,3.3520436849475286e-05,3.2341140801407725e-05,3.146715831470577e-05,3.086003058406623e-05,3.1220843447716986e-05,3.335297327176445e-05,3.432976503396869e-05,3.3111751537561155e-05,6.818793677579205,52.687016300058815,0.001737939005747764
2026-02-02,3.3917760056504754e-05,3.458007005898955e-05,3.303596963014874e-05,3.3275695089785415e-05,3.3235702562805685e-05,3.505106344049229e-05,3.673638922189079e-05,3.603869158986438e-05,3.407487278738752e-05,3.478156668828108e-05,3.80364726215891e-05,4.070699736371313e-05,4.057539901497984e-05,3.823216236071602e-05,3.660073796484705e-05,3.6689324570742076e-05,3.7405830290554916e-05,3.818268273493675e-05,4.157894610151541e-05,4.316255757915905e-05,4.2791023478407766e-05,7.647484407925056,38.62019945812261,0.09034476965354751
2026-02-04,1.942880734124581e-05,1.7777317183961553e-05,1.6286245690449894e-05,1.4603190103622454e-05,1.238694555451636e-05,1.1584762262392093e-05,1.0915706298399935e-05,1.1998332069599538e-05,1.306640147266616e-05,1.1144184497701219e-05,1.0553801706130843e-05,1.2165486808813026e-05,1.4554186383984538e-05,1.5128866830858777e-05,1.5056037920150755e-05,1.5765785660252468e-05,1.5682944488691348e-05,1.498781378889007e-05,1.4549759517447298e-05,1.5816718809594264e-05,1.679171243123438e-05,9.113617064790104,179.99064687921225,0.12956296046665924
2026-02-05,1.955836967870938e-05,1.9782571700310076e-05,1.889574085141921e-05,1.6940441846982735e-05,1.867346913201943e-05,1.9445647959291475e-05,1.8292972620844348e-05,1.5380032616331546e-05,1.8029635810438725e-05,1.8859843732502186e-05,2.2401921215862014e-05,2.068667516746572e-05,1.9512712242839755e-05,1.8249574743652496e-05,1.9799169428213407e-05,1.944411340790132e-05,2.0578798072871574e-05,2.228761771979668e-05,2.3357632370785073e-05,2.4579076005956323e-05,2.4260806411162247e-05,5.710887699755618,156.27834516187238,0.003132482033909685
2026-02-07,2.67897281373374e-05,2.5949358129972145e-05,2.514900707463804e-05,2.555262497142211e-05,2.5657709450496995e-05,2.3952051937393843e-05,2.3488595610827924e-05,2.2333004069500445e-05,2.1097934617844453e-05,2.1638035813153687e-05,2.2726137855394284e-05,2.316672803719963e-05,2.321530196678227e-05,2.3663551121894354e-05,2.4818567054897306e-05,2.6316389685174266e-05,2.7613863267809292e-05,2.7151201271528644e-05,2.6663566216850985e-05,2.671838299390867e-05,2.6474586922259953e-05,9.761706774148836,38.638373154347164,0.02442562801936405
2026-02-08,1.54302309750678e-05,1.2272964108356106e-05,1.3941689603297117e-05,1.621975972831969e-05,2.035049897384804e-05,2.1824357783149214e-05,2.016322449608123e-05,1.955204920059817e-05,1.934851359387584e-05,2.1581106048146964e-05,2.4325184786720144e-05,2.3977255901611412e-05,2.312863388544396e-05,2.3918018121005944e-05,2.506259971253118e-05,2.7666169848460765e-05,2.77942923430477e-05,3.062170511658059e-05,3.42368065368356e-05,3.6753517508778586e-05,3.3868966934166147e-05,5.106752285961978,236.90189732386006,0.007592873583433823
2026-02-09,3.438975498502743e-05,3.5078010263920266e-05,3.6690820080422206e-05,3.823379916310244e-05,3.7480172152016946e-05,3.6683520348916585e-05,3.9998178338550876e-05,4.1885889325024304e-05,4.220763841514449e-05,3.738802732595467e-05,3.521755768800457e-05,4.082742141405251e-05,3.9178945232094056e-05,3.496558546497719e-05,3.79294253657721e-05,3.873820781993643e-05,3.59187204241852e-05,3.668605291426533e-05,3.879261484792804e-05,3.690416636219847e-05,3.3772165927513206e-05,11.939278324411934,40.68401144744132,0.003609992230753917
2026-02-11,3.787721498819121e-05,3.6334703905038425e-05,3.5460347520650734e-05,3.6692706647201285e-05,3.370788601069718e-05,3.036584130396996e-05,3.2374586985766056e-05,3.595682682403132e-05,3.4916818891263944e-05,3.0561719679292995e-05,3.411962238270782e-05,3.778615116798322e-05,3.7492398807995945e-05,3.445411694175189e-05,3.482624572098899e-05,3.637014379654776e-05,3.597559930179344e-05,3.440173272967425e-05,3.290943915420668e-05,3.425282433025989e-05,3.5050534097083534e-05,5.629148928538927,14.879534305559446,0.038652539036579524
2026-02-12,4.0686720828563915e-05,4.203508186088951e-05,4.336312158126283e-05,4.5085972152417865e-05,4.4899306932892356e-05,4.3707067168800897e-05,4.2278921290258415e-05,4.26743030080994e-05,4.303799041404147e-05,4.4712248162614374e-05,4.5527299278949834e-05,4.702669366973633e-05,4.789612774557256e-05,4.695128609493237e-05,4.779290920698134e-05,4.617298327066914e-05,4.423302780978509e-05,4.406928481360808e-05,4.1489090299747005e-05,3.92282923576179e-05,3.8035956459677455e-05,4.976657991958923,92.52937015538322,0.07382892814318788
2026-02-16,2.8426652872452334e-05,3.183927534049737e-05,4.04312466470798e-05,4.6097502013663606e-05,4.921500228015922e-05,4.257435622128182e-05,3.6895912976011894e-05,3.631811042190948e-05,3.892540906780975e-05,4.143779619640939e-05,4.581532326841225e-05,4.1388672320192754e-05,3.533317632299899e-05,3.043009026233393e-05,3.1101221672935744e-05,3.512640155721745e-05,3.491563012468828e-05,3.616247273313836e-05,4.183314479273142e-05,4.4840004289751786e-05,4.1590327232402945e-05,9.853201470297273,54.806901817133735,0.12340582215857973
2026-02-19,2.020829440362591e-05,1.820801082149069e-05,1.7549814921463373e-05,1.771318895357103e-05,2.011929930947246e-05,2.2589341824503344e-05,2.298464533843986e-05,2.410662838061018e-05,2.4743566154737814e-05,2.21885725635626e-05,1.6134006397172666e-05,1.358320135607694e-05,1.3668711906574764e-05,1.5559768972312263e-05,2.06336697222299e-05,2.441310164596386e-05,2.4056644849413184e-05,2.0908332921309973e-05,1.9786288432066713e-05,2.2760445780124493e-05,2.2652603795282292e-05,6.304601063370872,110.23550536815844,0.08302288441883776
2026-02-20,1.2925319918015301e-05,1.3246651936508635e-05,1.3046387237478493e-05,1.3082806654643173e-05,1.6510122664867243e-05,1.791570122013655e-05,1.7057791049652367e-05,1.7536025396360534e-05,1.8595117695425326e-05,1.901914710772781e-05,1.5923042552468053e-05,1.5589044773164088e-05,1.600773368028582e-05,1.8582210398980362e-05,1.8397585658694067e-05,1.8365930719850156e-05,1.812390003136695e-05,1.801342436403018e-05,1.4506465121218385e-05,1.303552040785725e-05,1.3885531738924893e-05,9.032151470955878,351.75241998190387,0.0023520650428378205
2026-02-21,1.4925164283472898e-05,1.5180427124575778e-05,1.2801739767669148e-05,1.2700021621256852e-05,1.4427319346501436e-05,1.6541909396358974e-05,1.577104238176835e-05,1.4565050526215736e-05,1.3663044968370629e-05,1.547103578185365e-05,1.6356723437352325e-05,1.4472558946323512e-05,1.287447142958644e-05,1.326544205571083e-05,1.5549398553276204e-05,1.7114653907864152e-05,1.7593061934726342e-05,1.7512810370264204e-05,1.7557832886918672e-05,1.7948909956609546e-05,1.7560428066444075e-05,3.8889881218710527,183.36614383924368,0.0006507202953665018
2026-02-22,2.235437304041944e-05,2.2405884871913552e-05,2.319678565790385e-05,2.5152001749355342e-05,2.7606054787248895e-05,2.937849621062182e-05,2.9680100756253418e-05,3.1710672600713596e-05,3.232312125285937e-05,3.201455261403195e-05,3.354165298968762e-05,3.710518218513929e-05,4.004100025481171e-05,4.053155203588349e-05,3.921495945916109e-05,3.524432475656879e-05,3.358111174572169e-05,3.824196654946498e-05,4.638290127580713e-05,4.843282733529459e-05,4.2494865748740516e-05,5.256703245322624,15.25911546359066,0.0009657278544231871
2026-02-23,2.3599856597163443e-05,2.5836545019280244e-05,2.7248314753021085e-05,2.7509225049391568e-05,2.6103836820038262e-05,2.5002613032461158e-05,2.4018266209590046e-05,2.3258178378124127e-05,2.1825543874523826e-05,2.098236107609296e-05,2.1503823619340366e-05,2.2513391537668802e-05,2.418361950405807e-05,2.5846173988923098e-05,2.6636038745739758e-05,2.5909488570911967e-05,2.508781073334274e-05,2.5752957435173258e-05,2.7700573043726097e-05,2.9222971926348474e-05,2.9767152257183744e-05,9.593544279452486,27.879222962040103,0.013712521809851344
2026-02-24,3.301897972883703e-05,3.43710102344385e-05,3.709053757458376e-05,3.692919708891608e-05,3.6763540386806077e-05,3.6070575473841444e-05,3.5059157306704295e-05,3.4811328474432756e-05,3.39731390730702e-05,3.169802598051214e-05,3.150695832043678e-05,3.134070185401393e-05,3.168268088646847e-05,3.179152187908122e-05,3.1740939773853115e-05,3.148857850765867e-05,2.8580492973107533e-05,2.8011771051529865e-05,2.7644274562994077e-05,2.9857133496743684e-05,3.1940739818261526e-05,8.51412022668796,80.12920955553903,0.03513796548574575
2026-02-25,2.6835964727391112e-05,3.2557590072057615e-05,2.9731875974091756e-05,2.785141544376815e-05,2.8776269487144975e-05,3.088162137749923e-05,2.976475712218574e-05,2.733083178093251e-05,2.6806313991490347e-05,2.752006030481481e-05,2.7208537553753065e-05,2.5084571009390405e-05,2.5303277322841383e-05,2.4475362769604065e-05,2.4258389274295097e-05,2.339924789779556e-05,2.3670187910136323e-05,2.5473567258437924e-05,2.7374132297216658e-05,2.8723339837527133e-05,3.0581503192464195e-05,4.818602454271425,2.2289495911194876,0.056924055351245194
2026-02-26,2.598401722880003e-05,2.7615494932194128e-05,2.9019029506373356e-05,2.8415918964586375e-05,2.9781401366034977e-05,3.052800068045886e-05,3.133975573936927e-05,3.1306939548498025e-05,3.226763707841675e-05,3.327600459992936e-05,3.11327255236877e-05,2.9536193614996695e-05,2.7398208677694114e-05,2.540429461202865e-05,2.667926353176877e-05,2.6215238829757866e-05,2.394686870565372e-05,1.863237010512254e-05,2.0163119065934605e-05,2.337734260279893e-05,2.460050989463101e-05,2.4755338782911447,353.95342259037375,0.0005540072381594261
2026-02-27,3.220084618952143e-05,3.326860907846365e-05,3.462795455426298e-05,3.372100266178313e-05,3.4820788198918414e-05,4.014071988577714e-05,4.530139322934577e-05,4.307246633849471e-05,4.119942434100112e-05,4.3775284658335125e-05,4.5236036518033665e-05,4.330196428743712e-05,4.028867585186135e-05,3.765917279693209e-05,3.788774792269325e-05,3.7317680713177105e-05,3.50937561095527e-05,3.071920467454365e-05,2.6683419808427288e-05,2.5755767943197578e-05,2.769898939963185e-05,5.322779876517069,11.92459730300726,0.0033267892096213157
2026-02-28,3.074739555425886e-05,3.0851461358124596e-05,2.9369923297251777e-05,2.8173369912354006e-05,2.9103839514340158e-05,2.4274687492399108e-05,1.9002476658823528e-05,1.6304020695234743e-05,1.711816150820323e-05,2.1439720495683788e-05,3.098564711134897e-05,3.789627135397103e-05,4.083746604430322e-05,4.223693006493789e-05,4.2170796346455675e-05,4.2417007317010385e-05,4.302984177243244e-05,4.3529887614678294e-05,4.285644784971697e-05,4.166595995486441e-05,4.1125955887631015e-05,4.655935413965474,220.35804108198263,0.008084130549597342
2026-03-02,2.355407651188987e-05,1.895935346364983e-05,1.512477342443403e-05,1.8984547181334764e-05,2.570949420140138e-05,2.5779698482153814e-05,2.47186548483693e-05,2.5788359686121922e-05,2.8005608017177862e-05,2.6125812674785033e-05,1.7933083670869013e-05,1.8056752685234697e-05,3.519325725814195e-05,3.8136042458858134e-05,3.4981912791048803e-05,2.9695665578375545e-05,3.434744415661291e-05,3.734924492875979e-05,3.923069069970136e-05,3.724747884821429e-05,3.253606657789296e-05,6.329402652753727,17.01099581868482,0.14341554464200115
2026-03-03,2.11363597276512e-05,2.4115193294350444e-05,2.7718123076278787e-05,2.7852542411356892e-05,2.7672809438216393e-05,2.714057244090749e-05,2.9276051686577038e-05,3.356113541577455e-05,3.0329487130809662e-05,2.7654300321999948e-05,3.553937569010443e-05,4.23147242810064e-05,3.973795823718515e-05,3.898218558714255e-05,4.4506028024679755e-05,4.824059220064974e-05,4.27833530193054e-05,3.644763404939834e-05,2.785719430707466e-05,2.3406044989861638e-05,2.431915736658473e-05,3.9623178441462263,202.24693043317197,0.027553995925989845
2026-03-06,3.2061633988645934e-05,2.7851946212417658e-05,2.6221407206411448e-05,2.6348452565855995e-05,2.6323048425176716e-05,2.5575142227823826e-05,2.4011768366952245e-05,2.2944632223248538e-05,2.354373227811344e-05,2.677840363452718e-05,2.7238525382401872e-05,2.849027371520182e-05,2.6866905411795878e-05,2.5666159284026444e-05,2.6963663305666465e-05,2.798210532401424e-05,2.862248400542764e-05,2.818221401546677e-05,2.813649407743558e-05,2.8594205570312527e-05,2.990828688961708e-05,11.69500138513828,54.37741954996221,0.00969776949790257
2026-03-07,1.4268511075535246e-05,1.4217238943464154e-05,1.4071999692572543e-05,1.2391562034674083e-05,1.5290660951547695e-05,1.9750737208783804e-05,2.041751786387119e-05,1.837422101156292e-05,1.8069528997809034e-05,1.7582237029593265e-05,1.7613952790528067e-05,1.7429195473257022e-05,1.9060617000741094e-05,2.0170022937952432e-05,1.876104892926218e-05,1.7509775912770037e-05,2.1388344434253823e-05,2.719248044522579e-05,2.6489120581697954e-05,1.894331015175028e-05,1.5734872102640167e-05,3.7953205937355916,189.1581692278234,0.007152893678208618
2026-03-08,3.23474389416291e-05,3.11723741327825e-05,3.0213179140231874e-05,2.9663463642347073e-05,2.9624383864626605e-05,3.583668963616764e-05,3.610051556278451e-05,3.4336522406583884e-05,3.552675157571801e-05,3.712548481119226e-05,3.527475063211504e-05,3.4877170821129375e-05,3.727943587176185e-05,3.440120079598491e-05,3.091105827579476e-05,3.13124744273284e-05,3.283933022150202e-05,3.5962910757333407e-05,4.078815282233613e-05,4.1688495996100926e-05,3.724319529007621e-05,8.296593133742793,58.34400114963995,0.001515305527588097
2026-03-09,3.25196078237964e-05,3.391637474505798e-05,3.370895971600008e-05,3.187863742278182e-05,3.117793562602772e-05,3.4254599314958264e-05,3.6818412616865065e-05,3.404114212001996e-05,2.20351999429109e-05,2.310114903228451e-05,3.216820940625178e-05,3.3866950091853184e-05,3.140339443513875e-05,3.185995552825796e-05,3.7361814374080456e-05,3.813328759251055e-05,4.210633507904182e-05,4.059979171258773e-05,3.4180695299786294e-05,3.4871951926086424e-05,3.44271912365607e-05,10.497441259092865,70.45739764150358,0.004219365528406487
2026-03-10,2.309165926065405e-05,2.198814163539432e-05,1.9127475567920322e-05,1.685041831312384e-05,1.454753634834582e-05,1.366879242255444e-05,1.5238021726909758e-05,1.6101255868706553e-05,1.6661992383035735e-05,1.7166948755699727e-05,1.8018418066413017e-05,2.0230606851518897e-05,2.2753094500675714e-05,2.4369399827464424e-05,2.495314389666852e-05,2.3595808994262958e-05,2.1480294238811553e-05,2.0208529830525018e-05,2.0589657439837494e-05,2.136314560395122e-05,2.3258974436060765e-05,6.636488869330754,23.407807611013254,0.06602065076766944
2026-03-13,3.234423040327462e-05,3.199665517252046e-05,2.856658082810011e-05,3.174686912344519e-05,3.2454191236944654e-05,3.479824183372435e-05,3.9854979556289965e-05,4.103904303261194e-05,3.490611700648694e-05,3.328079254166141e-05,3.619088399706743e-05,3.8188856369588504e-05,4.470972253874811e-05,4.955263929218803e-05,5.377748821085629e-05,5.442296907586292e-05,5.951938444222482e-05,6.190995268941859e-05,5.3564614785861384e-05,4.971768464259175e-05,5.410640503424624e-05,3.370951804671094,245.0166753153975,0.03913736741574981
2026-03-14,6.355025982732163e-05,5.95839244099169e-05,5.6736770165580704e-05,7.317860845023015e-05,8.352246785959505e-05,7.431410651361097e-05,7.630609387294666e-05,7.466877682739093e-05,6.753666052451633e-05,5.7826017979227534e-05,5.018974495711991e-05,4.5910924363174375e-05,3.940362581046336e-05,3.265248580441412e-05,3.097560811854002e-05,3.191924444923203e-05,3.594812671371592e-05,3.705436709650674e-05,3.5884016364388574e-05,3.304537318447882e-05,3.1432981925213977e-05,3.82413258114678,41.692518308037734,0.10995872930499845
2026-03-16,1.8180764398906923e-05,1.8824874832575676e-05,2.135261195933477e-05,2.4092483768184077e-05,2.6213208456902328e-05,2.8286324988279895e-05,3.224506225106794e-05,3.218071867073137e-05,2.9440254238992654e-05,2.7660805581663266e-05,2.6433633090576466e-05,2.5372945902576877e-05,2.8541647189632835e-05,2.8986449729309447e-05,2.9751267464081577e-05,3.0151601543679177e-05,3.065715463990302e-05,2.8119220380284855e-05,2.2990691938056224e-05,2.3493689052049245e-05,2.3717084991441182e-05,5.264140605989726,60.79744186479547,0.1662602978991606
2026-03-17,2.835630903131414e-05,2.9898220418025568e-05,3.0693677673006814e-05,3.2989672028864976e-05,3.629562831803729e-05,3.6892347850725965e-05,3.52657498706728e-05,3.6526128332741504e-05,3.782731257083714e-05,3.611065935888124e-05,3.153466086854774e-05,2.7758546748871147e-05,2.9837542626192354e-05,3.474782558556863e-05,3.907849713759647e-05,4.147755068461028e-05,4.372019363814089e-05,4.475695618748217e-05,4.277646088329471e-05,4.123911701659343e-05,4.331915569108867e-05,5.21983354546831,36.614023992545754,0.017325278358896273
2026-03-19,3.7271932918283636e-05,3.239086743345939e-05,2.6520292145991352e-05,2.63848105648599e-05,2.927075269069365e-05,2.974991606011264e-05,2.7921644132318643e-05,2.6783600768984345e-05,3.102723325218018e-05,3.413630141559881e-05,3.84325435788318e-05,5.240949298462797e-05,5.956544875202582e-05,5.723024392084624e-05,5.728603841049529e-05,5.405377154263326e-05,4.9256027325592775e-05,4.526040625906133e-05,4.3960279269790154e-05,4.4738299987970585e-05,4.73790563737919e-05,4.502836936818308,224.3074882668227,0.0011231613760872181
2026-03-20,4.407008754082522e-05,4.3161987683381326e-05,4.661425805834399e-05,4.921248922176588e-05,4.247540474295348e-05,3.556513109714185e-05,3.780678761734098e-05,3.963008557985195e-05,3.766292862726124e-05,3.8397596089032855e-05,4.669285449949621e-05,5.3665122636656034e-05,5.789943189395238e-05,5.908408763334837e-05,5.750573108674809e-05,5.999678935156281e-05,6.053651960685181e-05,5.570602891775035e-05,4.945317993913439e-05,4.959079649839222e-05,5.649264279574022e-05,4.155518331305486,213.57184899119588,0.001476126342230061
2026-03-21,1.7081283087042737e-05,1.7947101639893123e-05,2.0207739539881616e-05,2.417468324554397e-05,2.6824725324992274e-05,2.6570278500504682e-05,2.6179798824841075e-05,2.839869170080577e-05,3.306225342927049e-05,3.3777230962901994e-05,3.1194898689408515e-05,2.977716310026249e-05,3.194635565626152e-05,3.518895095464588e-05,3.331256097257454e-05,2.7621201527983793e-05,2.5222635607951004e-05,2.7186992274922897e-05,2.9992534146982552e-05,3.056681469227207e-05,2.9667853558457966e-05,6.405365069462255,8.218401726468812,0.0015550621578445567
2026-03-24,2.8237313895578483e-05,2.7961567999173796e-05,2.599191828565198e-05,2.4885984450810865e-05,2.6906255794696754e-05,3.18113837240843e-05,3.339790044294376e-05,2.9039225368129775e-05,2.8387091190873125e-05,2.8055547726700436e-05,2.515749599108265e-05,2.5706026237225684e-05,2.8441793303638347e-05,3.1022272302721105e-05,3.406614171620158e-05,3.8469832922057484e-05,4.40907606689301e-05,4.294689317795316e-05,4.0039938831332195e-05,3.766378198011241e-05,3.677613253167363e-05,6.22259846547938,12.050383484064866,0.03366741078938078
2026-03-25,2.0245389055488685e-05,1.9832388104796147e-05,2.1976772209154305e-05,2.5706316993979796e-05,2.9149932837232808e-05,3.066983249479232e-05,2.7916087987989014e-05,2.829474616828923e-05,3.2126687610023455e-05,3.686901562668015e-05,3.679168444003181e-05,3.6824039709512146e-05,3.586058082651541e-05,3.7008201987186216e-05,3.7795514303177486e-05,3.996134001374518e-05,3.9559541165219514e-05,3.8962383090242306e-05,3.056075228709311e-05,2.9477473409671662e-05,2.9377731474150436e-05,3.10062578718229,358.44209905631715,0.001405452178307444
2026-03-26,2.610102623549615e-05,2.7391882732782394e-05,2.806356202042946e-05,2.7095746089268048e-05,2.5397257158979205e-05,2.483872852532074e-05,2.5052497259231723e-05,2.6594375211114985e-05,2.7309232073903625e-05,2.855683974115179e-05,2.8665525639023255e-05,2.7788930421754052e-05,2.620434589688144e-05,2.6389045102605455e-05,2.9800719950244518e-05,3.2541738163233316e-05,3.333045138259149e-05,3.097595562565949e-05,2.8287959822707278e-05,2.7454104251498586e-05,2.7822276621161736e-05,10.632243872077796,33.21148138294723,0.004632718809044634
2026-03-28,1.3143724554691726e-05,1.5110470702760656e-05,1.4591788328730507e-05,1.1963690223068119e-05,8.25258059439581e-06,5.433216742525183e-06,7.220509147363827e-06,1.0998953095774182e-05,1.4767707018599326e-05,1.719602069560419e-05,1.873009753977885e-05,1.540932967335693e-05,1.1221910014558988e-05,1.1647772433935393e-05,1.6044255035717284e-05,1.8652192326224757e-05,1.954108085083459e-05,1.9574493167140913e-05,1.9685604059106228e-05,1.9471463469363847e-05,1.860545189889916e-05,8.7810867319475,23.8718212382106,0.014196591879630174
2026-03-29,4.024000744998817e-05,3.9451156674979975e-05,3.6667079203840514e-05,3.5880220302368506e-05,3.327642773065424e-05,3.332981745123091e-05,3.4033299916929465e-05,3.4146036963113995e-05,3.608712373949703e-05,3.658519484536841e-05,3.048890544678857e-05,3.000581264851843e-05,3.6145337490454176e-05,4.0031087745780135e-05,3.74845155222975e-05,3.7129439222132877e-05,3.7559463052636474e-05,3.878147873029869e-05,4.1169474980813014e-05,4.33849172066753e-05,4.352647674556609e-05,4.339406338477566,80.971641356909,0.01020855621858508
2026-03-30,3.066741816180277e-05,3.461567549883967e-05,3.751703915351303e-05,3.766427184102992e-05,4.147032559915305e-05,4.0749452239712806e-05,3.3921524198313374e-05,3.212550263154509e-05,4.034745963612786e-05,5.000171532058021e-05,4.2636011528590084e-05,4.1474304210042813e-05,4.6286698131020804e-05,5.055796794981986e-05,5.7785515400886876e-05,5.843758701441423e-05,5.034784055354144e-05,5.2166577165987754e-05,5.4442208296176685e-05,5.2948627464093326e-05,4.490956086902208e-05,8.265447443972214,63.668462151521794,0.21213153279840344
2026-04-02,2.140835865279223e-05,2.2162252038218162e-05,2.3032276955287093e-05,2.4380159069566533e-05,2.5498455493805866e-05,2.5160357980650145e-05,2.300403157768638e-05,2.32987275469153e-05,2.3959683068678957e-05,2.3493511128791964e-05,2.223192968293911e-05,2.1731887300505713e-05,2.103011364160551e-05,1.971139343197972e-05,2.002520956832416e-05,2.1926650100997228e-05,2.2026626936066567e-05,2.1426971044267986e-05,2.2486628315481683e-05,2.2938700680311372e-05,2.3603870057750765e-05,6.798758132494362,34.921833097205706,0.009407814473634493
2026-04-03,2.0177944533878913e-05,1.9935378805225866e-05,1.962283151424246e-05,2.3870639897073077e-05,2.6958095486295996e-05,2.618821855200569e-05,2.250082298362166e-05,1.958094948140807e-05,2.1134237897976683e-05,2.3353749768470195e-05,2.3883237847341985e-05,2.5096632143437302e-05,2.6677205986449603e-05,2.6218579938540165e-05,2.564519221030058e-05,2.5550359411521186e-05,2.8399282843776605e-05,3.4221925149313714e-05,3.426005703516193e-05,3.0740707302332094e-05,2.97260817328348e-05,4.142593252931914,211.12474556805492,0.0069955321672452815
2026-04-04,2.4558582117704403e-05,2.5011263691141247e-05,2.543900811248114e-05,2.663989625369848e-05,2.839190537307916e-05,2.8203901734478446e-05,2.5336572330660962e-05,2.5545293085684418e-05,2.533543656976709e-05,2.490188374601089e-05,2.144527733210936e-05,1.8265971359032812e-05,2.1108704260962263e-05,2.7744530473348432e-05,3.0173994200939857e-05,2.9050050560012877e-05,2.9028253274319287e-05,2.9703006447131007e-05,3.2015204942277685e-05,3.515096591870952e-05,3.2733671018758516e-05,4.822521589744148,213.00875499752823,0.0011060035994631078
2026-04-05,2.2634102374270384e-05,2.306599425994355e-05,2.6142261708461588e-05,2.676126533971988e-05,2.6597856447651574e-05,2.692108460375026e-05,2.7852144970484087e-05,2.7936703686564064e-05,2.86328838551495e-05,2.8196739078203846e-05,3.0184460133600988e-05,3.102406104744172e-05,3.060007320213535e-05,3.506564255823564e-05,3.828135166282053e-05,3.7687368468753956e-05,3.431811128118687e-05,3.327867310604897e-05,3.3678377582471635e-05,3.4611468093237014e-05,3.4336078529605586e-05,3.2214372850986543,339.87499275668165,0.0002278350221132587
2026-04-06,1.8039806553062387e-05,1.8903955195644e-05,1.938892696846662e-05,2.03392423501168e-05,2.1352465687181323e-05,2.2790891674942284e-05,2.3835654744971203e-05,2.431124152611455e-05,2.264705978552198e-05,2.1892847785141134e-05,2.18141893311999e-05,2.1754331432163336e-05,2.070282077037536e-05,1.9431301244152572e-05,1.839062039291665e-05,1.7350819623759652e-05,1.6917799921275005e-05,1.897035101262179e-05,2.4206067593418576e-05,2.8004722144357958e-05,2.604201039175813e-05,9.986867363495547,10.085603709288762,0.015227523764741995
2026-04-07,2.3290633409075376e-05,1.9089367158882405e-05,1.6162509357697532e-05,1.4675317480012219e-05,1.5661589314432432e-05,1.7598850191236748e-05,1.9219395896760433e-05,2.2214946086596788e-05,2.2236262957268155e-05,2.1278421142283846e-05,2.1943307128203142e-05,2.1608941570062126e-05,2.0872985105209614e-05,2.0103831238545647e-05,2.171734025800024e-05,2.127228215872004e-05,2.021536820589071e-05,2.1041700087380805e-05,2.3335962580309873e-05,2.343592902469547e-05,2.2363551762944425e-05,8.315583846953771,355.24250932662335,0.06226117009526415
2026-04-08,2.6167463659329625e-05,2.453776179540844e-05,2.341665957127715e-05,2.477559186969895e-05,2.7388695766307682e-05,2.8276682561568784e-05,2.722225141880798e-05,2.758188819649107e-05,2.731886264815978e-05,2.590492951492035e-05,2.5989446914724105e-05,2.664912496795787e-05,2.5992169664548213e-05,2.6938969905335037e-05,3.080685147895227e-05,3.243021450911607e-05,2.9587007657090826e-05,2.5718313556131844e-05,2.537606233187736e-05,2.6224495500905465e-05,2.5925044155940948e-05,9.165265356158217,25.561463626117813,0.013474286144530018
2026-04-09,2.2874286752142046e-05,2.462079856301853e-05,2.6358063449832605e-05,2.9322888018736915e-05,3.067569523122835e-05,3.04796079960797e-05,3.146287702297338e-05,3.2901989826549076e-05,3.287515813694705e-05,3.261186239148126e-05,3.466538029086536e-05,3.398344193639659e-05,2.636609150689593e-05,2.505702738709238e-05,2.7511471322458687e-05,3.0070536444522218e-05,3.107744830574547e-05,3.2196459270582897e-05,3.318194937564708e-05,3.040950407499363e-05,2.9640859678609587e-05,11.055857281958788,11.584957348945068,0.018889907701430262
2026-04-10,2.9039455612313953e-05,3.215732856757898e-05,3.1868214200321536e-05,2.8366717163488032e-05,2.633895367806425e-05,2.633711923469071e-05,2.5909922838734593e-05,2.6554242438567513e-05,2.7661346471496236e-05,2.9085956135040672e-05,2.918822005450941e-05,2.9037180967384622e-05,2.9355216719048038e-05,2.9585065041511604e-05,3.0462993788191405e-05,3.283846529404805e-05,3.299934300169572e-05,3.274700184929682e-05,3.160756530870238e-05,3.154153170128787e-05,3.453173505364832e-05,7.749844722043347,338.41464227141086,0.04242886778536513
2026-04-12,2.554603135648475e-05,2.7430005147728425e-05,2.7610474447747357e-05,2.8143083756634486e-05,2.8660881768398823e-05,2.935472902935792e-05,2.882296874171047e-05,2.869107854072608e-05,2.9129486472003338e-05,2.920734351936569e-05,2.8708227172858758e-05,2.742372932506075e-05,2.7958332636738475e-05,2.7446265251414106e-05,2.5299348263171424e-05,2.4416110952261364e-05,2.428047578458357e-05,2.4796417866083665e-05,2.62350049406457e-05,2.67165415136235e-05,2.760309277374512e-05,10.590113414480195,62.89281320044745,0.09306589877811264
2026-04-13,2.882595102400106e-05,3.072465868424536e-05,2.9620970594586698e-05,2.8313563383863187e-05,2.8618743365742903e-05,3.1606472312957694e-05,3.4241407941715035e-05,3.4767548158001115e-05,3.0409471284360922e-05,2.633509856724655e-05,2.336306201668844e-05,2.369295162838183e-05,2.6799925686043828e-05,2.7029913709158192e-05,2.369639626074766e-05,2.137903470013038e-05,2.1432058599989967e-05,2.2519368118012255e-05,2.31745268177182e-05,2.3481616709616203e-05,2.2518549106832947e-05,11.994099112379867,63.325990165306564,0.010778985780189591
2026-04-15,4.060053922584613e-05,4.235392822377212e-05,3.922287332254756e-05,3.3784997527725895e-05,3.328718148043807e-05,3.339952850943223e-05,3.6321550856803206e-05,3.7385719563435626e-05,3.807437556528758e-05,3.8149804367474906e-05,3.340447236441545e-05,3.2389288389375034e-05,2.9224662855366235e-05,3.098111375800768e-05,3.734259902171137e-05,3.70481423997415e-05,3.601205481236398e-05,3.741221541580876e-05,3.961987142788621e-05,3.73879178725211e-05,3.707367049801648e-05,8.34828615099503,75.40871071257135,0.00015334313129811993
2026-04-16,4.117938960504562e-05,4.091783394405051e-05,3.693198490343288e-05,3.587103894896144e-05,3.926814120365897e-05,4.1197912563329914e-05,3.872460781682736e-05,3.5115776555781855e-05,3.082851224619196e-05,2.8308844170466363e-05,2.7724022809446193e-05,3.0366565933535095e-05,3.274570559489153e-05,3.391160875762662e-05,3.4853619182015705e-05,3.861328644719392e-05,4.103265194701422e-05,4.1225592275349485e-05,4.065914795527275e-05,3.908362895020724e-05,3.777462510777737e-05,11.370706270013697,49.46729033295156,0.0027411422815899326
2026-04-17,2.062265196017749e-05,2.1025247922715536e-05,2.2482899333057473e-05,2.4649749888668743e-05,2.572542461584931e-05,2.5778937671837632e-05,2.5211302331975372e-05,2.3910650112050154e-05,2.3425606629399867e-05,2.318395466089264e-05,2.2200250025849296e-05,2.2829079980988918e-05,2.3671898933817653e-05,2.4337308059950376e-05,2.4528964094421324e-05,2.4670242260979743e-05,2.4417213074973217e-05,2.279960189510805e-05,2.0548390006159418e-05,1.9811968974497794e-05,2.039055557853753e-05,11.020539929015053,66.00302446059914,0.017388111358036567
2026-04-19,2.1483908283095123e-05,2.181709755798683e-05,1.879434254043455e-05,1.7581055614295345e-05,1.8096403863239994e-05,1.8255544353843974e-05,1.7890109108491505e-05,1.8442931617083872e-05,1.864318747851688e-05,1.6928601754803303e-05,1.528172614377727e-05,1.640382673820494e-05,1.9890395493425333e-05,2.4594582387529887e-05,2.530384252698122e-05,2.2768003662338153e-05,2.096357365002235e-05,2.0105961283921494e-05,1.793176101846882e-05,1.454645958277195e-05,1.4534434205039745e-05,9.991829876182226,20.444952348871936,0.013216578839596102
2026-04-20,2.452603866687686e-05,2.346783651505766e-05,2.320872321400671e-05,2.453640961208881e-05,2.44609001855267e-05,2.3331745761740028e-05,2.4669025534356033e-05,2.4792339323232746e-05,2.5092856513923252e-05,2.528061465310247e-05,2.384126946734444e-05,2.2686876903305035e-05,2.165601970915838e-05,2.4228237847176862e-05,2.6060155336896565e-05,2.718137955530368e-05,2.7286283755284053e-05,2.6954484564520524e-05,2.3434396450034185e-05,2.1090102539256067e-05,2.2369025110892436e-05,9.146003591197248,12.928887316817452,0.016632895388885873
2026-04-21,1.8811814815908877e-05,1.8798492952480232e-05,1.9838349111746587e-05,2.509774749970706e-05,2.663516377742775e-05,2.768287332016934e-05,2.9517619514451043e-05,3.148151963146588e-05,3.11592355204589e-05,2.9402304103483623e-05,2.804963574866661e-05,2.6407596897181953e-05,2.4857029262943112e-05,2.5118155739200676e-05,2.5993468796152945e-05,2.5024505952025565e-05,2.4288285271224383e-05,2.452641787516283e-05,2.5684752138926147e-05,2.6182323101168183e-05,2.7807666173599377e-05,5.407644220180555,1.1539304868605882,0.001629239129175722
2026-04-22,1.6808466805655425e-05,1.3493120944998087e-05,1.3083172872025083e-05,1.4190385537838723e-05,1.78614314104211e-05,2.312081675304832e-05,2.7172014607026495e-05,3.040798334470739e-05,3.2661814980891764e-05,3.1620593229602884e-05,1.980439160275522e-05,1.6345799900625643e-05,1.4626852140426762e-05,1.4233724161104345e-05,1.5562125014028403e-05,1.7331136488499133e-05,1.8758733677723947e-05,2.088333994519759e-05,2.363981328728187e-05,2.260413936491454e-05,2.0165926395795637e-05,8.974709541885286,24.382114759110266,0.11470580833037644
2026-04-23,3.149514634661215e-05,3.072428840890105e-05,2.9525811732815008e-05,2.8956026026741914e-05,2.843783097991213e-05,2.8553938263227935e-05,2.8633290521501254e-05,2.927770089853361e-05,3.0077611259888148e-05,2.973944935954815e-05,2.958970785097348e-05,3.288614599034283e-05,3.45304980715783e-05,3.4003926553425814e-05,3.496902291418721e-05,3.158252941578897e-05,3.1139653669175355e-05,3.072707554119167e-05,3.010214437691095e-05,3.1758467907627144e-05,3.1868891845888624e-05,11.892225614972167,69.23977309269452,0.03758325749857263
2026-04-24,2.8428264174807355e-05,2.9796626179511414e-05,3.396341147011878e-05,3.780526950566728e-05,3.9679169705020006e-05,3.979611860561618e-05,3.8536548537466905e-05,3.669558842184831e-05,3.699581163845526e-05,3.8017404557257186e-05,4.130448841594611e-05,4.4757313324493946e-05,4.421585787838492e-05,3.809262043740203e-05,3.410874396913818e-05,3.3226770309237244e-05,2.884066469897029e-05,2.4143363604110825e-05,2.2689972536749967e-05,2.2669019352188335e-05,2.285260851746154e-05,2.7049085760389087,333.12540274891063,0.0220107098696816
2026-04-25,2.2838951090035345e-05,2.3645823508880494e-05,2.334469729578981e-05,2.2726022067994417e-05,2.318265769684753e-05,2.7229508085079356e-05,3.411010447106679e-05,3.5401585415750614e-05,3.534943517176247e-05,3.3763453154103585e-05,3.28463986704543e-05,3.294288932623472e-05,3.1591434807883034e-05,3.014733660841675e-05,3.193415035950606e-05,3.2891588825892275e-05,3.391681011701027e-05,3.1083165784799666e-05,3.0344799307164655e-05,3.348064970377459e-05,3.544191817823955e-05,3.4425878319070633,174.44134002712372,0.04993498071225395
2026-04-26,2.069107398811822e-05,2.3630301190391996e-05,2.457035840461697e-05,2.596170540792508e-05,2.7255083395875613e-05,2.7405614217165996e-05,2.940531429656026e-05,2.744534632135773e-05,2.641002730372621e-05,2.8552493299373467e-05,2.7857567115936502e-05,2.624873388915994e-05,2.7265513895044043e-05,2.731380091056211e-05,2.4159759210716962e-05,2.4280822472465372e-05,2.48621997119408e-05,2.4716624825498956e-05,2.5041092456420317e-05,2.2899805603836555e-05,2.2718874073491884e-05,7.236559124885244,26.527393077958322,0.0688085520226546
2026-04-27,2.4259178115957204e-05,2.6432733726029214e-05,2.643393816508008e-05,2.5365648623637702e-05,2.1684539752581935e-05,2.0847327278724008e-05,2.395080102005731e-05,2.5659113189810883e-05,2.777642307323615e-05,2.83818162685066e-05,2.920425341762119e-05,2.9000751906738133e-05,2.5762424564231026e-05,2.1704796917999016e-05,2.2520909329551166e-05,2.433337136097906e-05,2.8510645231933356e-05,2.7617400119801603e-05,2.7884466484871543e-05,2.771736740511463e-05,2.8805543842163e-05,5.373011032041143,94.33019859917636,0.0014789584254546113
2026-04-28,2.4280047232699107e-05,2.642088015203152e-05,2.7883385455130766e-05,2.8345490933512796e-05,2.9056022778912712e-05,2.9846312333958124e-05,2.9450771635678416e-05,2.6533964546972307e-05,2.6475732496190615e-05,2.8298125197248157e-05,3.106333132292994e-05,3.196756293151614e-05,3.174071800542383e-05,3.0265645707152988e-05,2.9521258068521635e-05,2.9232138011712577e-05,2.868161805079339e-05,2.8226708972588828e-05,2.7877015460377896e-05,2.7790480137565425e-05,2.700305859766165e-05,2.0526246796733183,147.74761152596966,0.017629744639498724
2026-05-03,2.1462378448177956e-05,2.199652178863509e-05,2.263658767452544e-05,2.2239768309175004e-05,2.1885435521906145e-05,2.1908223622360468e-05,2.057131531063349e-05,2.0050747454469727e-05,2.1069562582354855e-05,2.129676174018555e-05,2.0986839015595856e-05,2.0620737917140047e-05,1.983238431679905e-05,2.027795658571613e-05,2.2495645376495928e-05,2.6134527832216616e-05,2.6329461212507183e-05,2.5081038901552196e-05,2.4017037998146402e-05,2.5773964108347436e-05,2.586766306848464e-05,9.629746953600707,46.26420015809799,0.03165453221787972
2026-05-07,3.860714788566067e-05,3.61747201244443e-05,3.548667145252041e-05,3.530305215343305e-05,3.4258801753279425e-05,3.152196107211568e-05,3.107379958305399e-05,3.298326912335444e-05,3.348086702106657e-05,3.37373785902897e-05,3.384354543609609e-05,3.446299374926847e-05,3.071883333712599e-05,2.5623588605265977e-05,2.5412730439048483e-05,2.8767176259122804e-05,3.180777124248436e-05,3.3571309580541135e-05,3.291357180049058e-05,2.9172727231663054e-05,2.8214925326542997e-05,5.341093778938401,66.19070451005206,0.001297135827082892
2026-05-08,3.2731097340176286e-05,3.45119831926237e-05,3.5225775400247444e-05,3.455103862532533e-05,3.3884030836488124e-05,3.3587180366365576e-05,3.284030813234521e-05,3.059885139244937e-05,2.9885837833315793e-05,2.971779474634445e-05,2.9130109433611743e-05,3.07151467451416e-05,3.133992457136783e-05,3.044642229130118e-05,3.035315095392683e-05,3.05529138613953e-05,3.211878442305967e-05,3.388371558505288e-05,3.5862052720696925e-05,3.6356864637570765e-05,3.6162793776091274e-05,7.898693995764857,201.64301277893935,0.004943452001889003
2026-05-09,3.262430439413804e-05,3.2895311547095965e-05,3.331863540026098e-05,3.322119574779526e-05,3.321472624325852e-05,3.3582694052330546e-05,3.4165973112916e-05,3.5637862235722624e-05,3.6523754462959435e-05,3.5542106430818524e-05,3.381173504937033e-05,3.219466250976738e-05,3.2232270442108146e-05,3.3293007294510124e-05,3.438635858900835e-05,3.426924679984221e-05,3.430812266046729e-05,3.513457345981708e-05,3.784504188371322e-05,4.0164396629564624e-05,3.9984786489518045e-05,5.602364490710622,51.06023704662954,0.0662900286772806
2026-05-11,3.924447993881198e-05,3.591252699899903e-05,3.8025632983419785e-05,4.156146663021654e-05,4.3094074237871057e-05,4.19048788431258e-05,4.084907072809211e-05,4.136595160184942e-05,4.3639504462018504e-05,4.4409024904158144e-05,4.233072019109307e-05,4.013130595063366e-05,3.951378258640062e-05,4.0139058498487294e-05,4.2066575535772035e-05,4.367436041225773e-05,4.466366474175673e-05,4.4806155475395515e-05,4.513891127173237e-05,4.3446695635153624e-05,4.299425361097055e-05,5.40512326669118,7.919187314025635,0.008578523255404178
2026-05-12,4.120994190765302e-05,4.879229942920388e-05,4.763073912978009e-05,4.56820299211513e-05,4.1519017635554983e-05,4.054938811833805e-05,3.860766509066684e-05,3.834770915682389e-05,3.9707644748791673e-05,3.688372206851355e-05,3.447844045301817e-05,3.2855436185973025e-05,3.428088304480124e-05,3.8003530606516185e-05,4.15585587276009e-05,4.409062846369941e-05,4.729961935547512e-05,4.4902606532020306e-05,4.078324044211644e-05,3.837817994265809e-05,4.026738975412449e-05,4.166272603219733,40.890982649477394,0.0035478160733805036
2026-05-13,2.9927144309707725e-05,3.340318068527905e-05,3.300427137247351e-05,3.1192534796456206e-05,3.074968424082338e-05,3.0958276443130374e-05,3.367598462710916e-05,3.481581120210683e-05,3.460171600790914e-05,3.090828227966236e-05,3.0715534935986634e-05,3.217084519772331e-05,3.3707967011245975e-05,3.4068632904296103e-05,3.603192744926583e-05,3.772861354938972e-05,3.736404199535942e-05,3.111883016471931e-05,3.0257598330580613e-05,3.0524968078514664e-05,3.469715382797527e-05,4.42481750600556,337.1781678513447,0.011110159062234276
2026-05-15,2.959658380980499e-05,3.0735598775342646e-05,3.1406644114238573e-05,3.209343419242364e-05,3.072702171288218e-05,3.001902810174883e-05,2.888142826034959e-05,2.5973761188235358e-05,2.5123863352223314e-05,2.5617650525793317e-05,2.9433737878450924e-05,3.327667345354731e-05,3.345245486927231e-05,3.3299263407507815e-05,3.311552678679406e-05,3.5046595737380355e-05,3.55047730975801e-05,3.7086294502102443e-05,3.8403645653993145e-05,3.9885213408073116e-05,4.022893551309401e-05,7.907006827063766,70.70749086585363,0.0235969735092082
2026-05-16,4.0068728866062994e-05,3.941606694061623e-05,4.010503770507095e-05,4.272328818283414e-05,4.638931373843489e-05,4.892296750727512e-05,4.9331234708013454e-05,4.8760685262155784e-05,4.7517250023411486e-05,4.738239830961886e-05,4.65475637853438e-05,4.534978961978611e-05,4.7229638192588834e-05,4.616183180807798e-05,4.4497238368389064e-05,4.606544243407788e-05,4.848057548698066e-05,4.854095162405581e-05,4.724934032762183e-05,4.630780230786782e-05,4.506061972601646e-05,5.809288919110579,33.50476434832308,0.05617022047648485
2026-05-17,3.859807077555108e-05,3.86814654255386e-05,3.7001190915582605e-05,3.590930823326079e-05,3.4019134909604586e-05,3.1640391129513904e-05,2.746632359346849e-05,2.4692485443058943e-05,3.096759412370085e-05,3.4535355654931104e-05,3.460612068097899e-05,3.375764014169085e-05,3.394601724270524e-05,3.3075138416813714e-05,3.296159418146171e-05,3.472344922262171e-05,3.555314989728487e-05,3.709850379604347e-05,3.9204553809219755e-05,3.938294424404625e-05,4.003702809207431e-05,11.319424646052035,36.5534611833196,0.008527362409261493
2026-05-19,2.1852167620905783e-05,2.0935656381668475e-05,2.0363779512648967e-05,1.9051099118971898e-05,1.794190840022208e-05,1.8154898810241176e-05,1.874208011229954e-05,1.705752344453865e-05,1.4701621726084722e-05,1.3129544068499913e-05,1.2178408806291176e-05,1.3200916724947136e-05,1.573224205789707e-05,1.7374522445754126e-05,1.8819230219954422e-05,1.9298972659755314e-05,1.888566725835499e-05,1.924756155405992e-05,2.0116987603668677e-05,2.0644561874798706e-05,2.017037659084004e-05,5.8484399945458145,235.4761599338723,0.02210912839819617
2026-05-22,2.2218780963428336e-05,2.2411314155739654e-05,2.3550144997456072e-05,2.5055111105347653e-05,2.340196919066687e-05,2.2063143062865833e-05,2.4539649565467725e-05,2.287037640536778e-05,2.2274388301545195e-05,2.488128425087824e-05,2.5218327347349112e-05,2.500981938771942e-05,2.5648187681524868e-05,2.92868206280635e-05,3.429731812055759e-05,3.342540632996587e-05,3.414056770412882e-05,3.5518000827348574e-05,3.6648453286786346e-05,3.520884677364916e-05,3.3537222753267716e-05,2.220942323289106,221.5796980928466,0.06634021139051413
2026-05-24,4.0084286735396085e-05,4.365491782035907e-05,4.562478795944427e-05,4.7772648321337516e-05,4.9386917035343086e-05,4.375716375477412e-05,4.428038555191855e-05,4.5220103541878505e-05,4.950473196752554e-05,4.918933716883779e-05,5.0783731652043846e-05,5.256032122340462e-05,4.83883521542928e-05,4.292743174852432e-05,3.999299879813661e-05,3.7227077362712415e-05,3.257265254713081e-05,2.6196509022115305e-05,2.371128494416392e-05,2.0731985262551004e-05,1.881391554642274e-05,3.582577114820723,349.16679307938887,0.06820237102486947
2026-05-25,2.1124101991610873e-05,1.918098020049123e-05,1.7178782058883958e-05,1.7157330692779745e-05,1.9067664576430205e-05,2.1606610860613923e-05,2.2822603962742207e-05,2.2531838319701423e-05,2.236057831699119e-05,2.1641076094063086e-05,1.9922174761150873e-05,1.8866581408546516e-05,1.9015961334904754e-05,2.090259338714671e-05,2.1958063586173892e-05,2.1433189989653258e-05,1.74604376344635e-05,1.6752394784985635e-05,1.7826386044605332e-05,1.990310920106367e-05,1.9345599208062534e-05,5.481125695011272,333.382697700118,0.030978284630380024
2026-05-28,1.1988006428112809e-05,1.4580224871861779e-05,1.2935707206619665e-05,1.0862611519542458e-05,1.5600823448481182e-05,1.883180221325492e-05,1.8058744059541284e-05,1.6205273112611087e-05,1.4691842611391497e-05,1.3087586399096874e-05,1.2842717163501194e-05,1.418780129392353e-05,1.390066623585691e-05,1.180402453138693e-05,1.2324306375031238e-05,1.336974112491507e-05,1.1705818492362486e-05,1.1303337271378533e-05,1.3202171202429654e-05,1.4958904938978849e-05,1.552458629414546e-05,2.47989845606171,135.97387349555254,0.07187121176258403
2026-05-30,3.712885948306313e-05,3.6672315248190946e-05,3.7441472812250373e-05,3.742651994181885e-05,3.552182033844121e-05,3.3725219066320144e-05,3.2994522535493624e-05,3.242381465812858e-05,3.1651327674234906e-05,3.117819928071734e-05,3.0947029610986427e-05,3.1249093514301586e-05,3.16800344344426e-05,3.250361435831653e-05,3.342490532305489e-05,3.434956961351822e-05,3.5697428548455885e-05,3.541614334684178e-05,3.499969637139726e-05,3.490799907844016e-05,3.517266616048468e-05,8.540480352035766,49.182396466591456,0.016061726297019414
2026-06-01,1.8508220721446938e-05,1.8124001983913845e-05,1.8341911116761454e-05,1.8486480737262345e-05,1.8445007173208307e-05,1.5461494860065784e-05,1.4519275440902572e-05,1.477238180016002e-05,1.9858223011597892e-05,2.1246655806481216e-05,2.0530256039379648e-05,1.8192968023267672e-05,1.853470073479432e-05,1.875749865549026e-05,1.9009864356520637e-05,1.8632824498656815e-05,1.7707738624007533e-05,1.899172466314489e-05,1.921903403405032e-05,1.8412169882187842e-05,1.2280275655423776e-05,6.439453106184855,353.2496803861251,0.08103865757478591
2026-06-02,1.9065913249595902e-05,2.0872560121202535e-05,2.2502722278489418e-05,2.1236798412524772e-05,2.1314062428841095e-05,1.995670099401721e-05,1.808643151871674e-05,1.738671682468926e-05,2.315660251729333e-05,2.6869565076732822e-05,2.561460139933101e-05,2.403668841117677e-05,2.341245132427294e-05,2.7057777041277807e-05,2.6260633895413532e-05,2.6898748310665412e-05,2.5854550268194603e-05,2.452488779105971e-05,2.4638746213375125e-05,2.3441454108996782e-05,2.3635759767528327e-05,7.745593609734966,321.0150467630755,0.13928334101651532
2026-06-04,1.9371206287944884e-05,2.359314026674204e-05,2.795834741563008e-05,3.076337452998583e-05,2.9459557322114118e-05,2.416376235747455e-05,2.0384701627737338e-05,2.1595750861223064e-05,2.341469062512604e-05,2.4256499721931264e-05,2.4616439806706007e-05,2.6617321985826954e-05,2.957794238853826e-05,2.8534660750362253e-05,2.555129618484521e-05,2.326499961721661e-05,2.3414024143124057e-05,2.4004288290087446e-05,2.224187291908773e-05,2.0523436221512623e-05,2.0918384514635042e-05,7.703926159771613,32.44763995779505,0.18443985193838291
2026-06-07,4.5193720796839864e-05,4.411484403564031e-05,4.304353657701069e-05,4.279163307199935e-05,4.277330237193834e-05,4.2900594297709134e-05,4.278985741434908e-05,4.552843966916825e-05,4.711236421509773e-05,4.6123765887101575e-05,4.66207541403504e-05,4.733132860607718e-05,4.732628129448066e-05,4.667049754370306e-05,4.566167833039571e-05,4.3686958324894526e-05,4.349677404460776e-05,4.4220786342907604e-05,4.415159363006575e-05,4.204208982098589e-05,4.1740288924827385e-05,8.516569678828441,11.251247088914909,0.014188284740602556
2026-06-08,5.6472404832124865e-05,5.9234313775190315e-05,5.929110613993373e-05,5.689000942023402e-05,5.180058731157382e-05,4.779401983740086e-05,4.834987606534401e-05,5.146298945628542e-05,5.4328852110732064e-05,5.378857846415525e-05,5.302381196928789e-05,5.4174917828441043e-05,5.582177334924377e-05,5.51666797806481e-05,5.732692993011742e-05,5.7338593274677085e-05,4.901631313407737e-05,4.6419177170559755e-05,4.684563935751414e-05,4.5121131022958e-05,4.628422457308981e-05,3.482631508104372,52.16409700910907,0.014946884816578116
2026-06-09,1.9996017403534546e-05,1.991276601721193e-05,2.1694270790884842e-05,2.3134217781701516e-05,2.316746153456112e-05,2.2865989584523177e-05,2.214366672688008e-05,1.9488159556607635e-05,1.7626663364072403e-05,1.940131710124726e-05,2.3041523732034268e-05,2.4666489097651506e-05,2.5908831065059852e-05,2.7063031153305543e-05,2.687897607731316e-05,2.6502648269072874e-05,2.6720320669883508e-05,2.8621665852503843e-05,2.897677323176046e-05,2.7062673292751155e-05,2.5212772689858056e-05,9.70411092901121,12.002458307356221,0.016712427759501266
2026-06-10,3.287074025400292e-05,3.421320059073688e-05,3.3942252617822814e-05,3.2622103237212365e-05,3.122123711493155e-05,3.05726385132193e-05,3.324107178871151e-05,3.4465553874486446e-05,3.347960748787648e-05,3.155484962509825e-05,2.9633555855390754e-05,3.007587920207253e-05,3.3193418795267134e-05,3.4182451926708315e-05,3.339985097768302e-05,3.23643910986868e-05,3.12240753125817e-05,3.1751513554096135e-05,3.1832217574394044e-05,3.213891961664626e-05,3.2055148328010495e-05,10.170765732558404,52.00152263124693,0.017326930344000017
2026-06-11,1.2375665412015101e-05,1.300355505162228e-05,1.7158198947258398e-05,1.8856830055643825e-05,1.753330680355852e-05,1.5509602472598784e-05,1.5179702313335182e-05,1.6055531140706827e-05,1.7976922137064812e-05,2.09647430326289e-05,2.1570925424436753e-05,2.0989083963396415e-05,2.2700583440772958e-05,2.7161887871552294e-05,2.9785315510590548e-05,2.7048508219797303e-05,2.2781131675746984e-05,2.047561612240384e-05,1.9423059531936757e-05,1.9926663510481955e-05,1.9897716069414104e-05,11.026154467659648,223.9413196862959,0.0314717514621825
2026-06-12,2.376429077802714e-05,2.5073557716450786e-05,2.5012649902062983e-05,2.6340001737505747e-05,3.057743527978665e-05,3.087423754892348e-05,3.177424714092606e-05,3.194096656503702e-05,3.201664031143672e-05,2.8871108880465515e-05,2.8709566675240453e-05,2.876897177462957e-05,3.12608435691979e-05,3.149440965927755e-05,3.0262195950409286e-05,2.8658505477335928e-05,2.863257946991953e-05,2.90815520136851e-05,2.933684082234282e-05,2.9644397284472036e-05,2.823954708773587e-05,7.646621338045783,345.1320237535376,0.045447935805162015
2026-06-13,2.0634280529762485e-05,1.9726568939352313e-05,1.834905121212063e-05,2.0894622117823884e-05,2.5274615346938096e-05,2.4403038971651413e-05,2.283453268622791e-05,2.3173604679343536e-05,2.3129480026221668e-05,2.5029188324785132e-05,2.6541783018624825e-05,2.9357247795268534e-05,3.437241730040404e-05,3.492712931669095e-05,3.180520563661163e-05,2.864979197325579e-05,2.379830352388163e-05,2.2303566094352072e-05,2.5539502941247155e-05,2.8306303347691025e-05,2.9837953769177273e-05,9.071270483464872,31.24064411570106,0.018667262402298778
2026-06-16,2.300089910919638e-05,2.4395441927552694e-05,2.699660567334651e-05,2.9104333640769886e-05,3.132928754622568e-05,3.0867505538347486e-05,2.7540958203064454e-05,2.7041695403199147e-05,2.9459794832324036e-05,2.924421365705426e-05,2.584106422925883e-05,2.4233699139876167e-05,2.4086634309209293e-05,2.393369001416794e-05,2.5779367829795456e-05,2.7249969280836728e-05,2.6489265754432786e-05,2.519271942753077e-05,2.559906979601422e-05,2.715715208526561e-05,2.7582988915391254e-05,5.52703609108428,28.601767970099843,0.046492882599678965
2026-06-17,3.226492926759529e-05,2.9975002452188507e-05,3.2781416893720226e-05,3.789962216492627e-05,3.890491229947747e-05,3.8583853599373713e-05,3.67615241143333e-05,3.3698047881466656e-05,3.4581573364082056e-05,3.503009469519015e-05,3.675093890679053e-05,4.2967970851664765e-05,4.314243566347724e-05,4.264453983025506e-05,4.39332100683213e-05,4.257499707293892e-05,4.177572190553034e-05,4.240533389200116e-05,4.378850772551394e-05,4.448419180753389e-05,4.4892966275076524e-05,5.142444869659364,231.60255651805915,0.033518231898965106
2026-06-19,3.2034679014207456e-05,3.030275039040038e-05,2.9581589866954486e-05,3.098286510560361e-05,3.296253053884352e-05,3.674176056972081e-05,3.900892149861657e-05,3.667569821215216e-05,3.445766277698881e-05,3.16911911468107e-05,3.247422861080809e-05,3.266214080610593e-05,3.50583330475424e-05,3.892002106846974e-05,4.046182773768719e-05,3.705906970246496e-05,3.385310817351314e-05,3.293034974290545e-05,3.075935309555011e-05,2.9034558996707003e-05,3.0060327178488437e-05,5.296124977615966,326.90025765502367,0.041149695255450834
2026-06-20,2.3104461626583558e-05,2.601194987036691e-05,2.768371048620764e-05,2.7139291278177246e-05,2.6046886102899397e-05,2.4270946362095757e-05,2.3582121449695934e-05,2.3138792896001976e-05,2.2313845321114486e-05,2.033630569069524e-05,2.049190335218924e-05,2.4502903383131844e-05,2.5448297716645713e-05,2.629514490287274e-05,3.10067762319188e-05,3.2826263149337004e-05,3.3429627780386873e-05,2.7880842315691288e-05,2.614341606102386e-05,2.9221488139374425e-05,3.632712344488134e-05,8.205282402277282,357.7383374689924,0.12758398835713697
2026-06-21,2.409055496650503e-05,2.6353928161177663e-05,2.8698541546291973e-05,2.8693968699780443e-05,2.8064945297890987e-05,2.879816405184145e-05,2.7299708914798616e-05,2.57944482945415e-05,2.810654345209522e-05,3.0927437145646013e-05,3.13519238674511e-05,2.90463315301246e-05,2.9595564967666458e-05,3.0001753472728088e-05,3.11313026804663e-05,3.301821445399329e-05,3.3096627650050914e-05,3.0872728039744924e-05,2.9983266342353565e-05,2.9291165090110014e-05,2.7583825577590097e-05,3.284440248155633,194.60792300503644,0.021657901248580805
2026-06-22,1.963315965894659e-05,1.900495986137877e-05,1.791560330988153e-05,1.894142517472959e-05,2.054236333981959e-05,2.126966306580261e-05,2.1349489194318343e-05,2.0095608726057398e-05,2.0088807028584694e-05,2.2881734440397757e-05,2.5542838361835707e-05,2.608352185427828e-05,2.6664911757694634e-05,2.8208560464476222e-05,2.9166447030052767e-05,1.721803814039237e-05,1.4509728758245362e-05,1.4416151293265939e-05,1.7479772022859896e-05,2.144561604106346e-05,2.1558078019397792e-05,5.597960091269247,292.4023660155399,0.12029790769044812
2026-06-23,1.104301381669267e-05,1.1598967507118544e-05,1.1572381103197557e-05,1.1598962302540322e-05,2.3570048441539086e-05,2.7640344792961173e-05,2.7653927532359747e-05,2.6287673919982547e-05,2.176046018512624e-05,2.1606950086731683e-05,2.086956330604526e-05,2.0821733203446192e-05,2.132679321349109e-05,2.3113136741532818e-05,2.197906784157096e-05,2.123508156604724e-05,2.0521728147856286e-05,2.0052366824925938e-05,1.9246284210741643e-05,1.686805794147373e-05,1.679167297925874e-05,8.26245757324194,350.85485710699123,0.1713532699744626
2026-06-25,2.8346896883799924e-05,2.7826834153344164e-05,2.762339157782977e-05,2.8051656501691873e-05,2.957582441083281e-05,3.213846039138785e-05,3.530802827480085e-05,3.960943911530091e-05,4.527219275891169e-05,4.942695969581375e-05,5.243646778367498e-05,4.7948159911550936e-05,3.111713303241677e-05,2.1847386457625937e-05,2.9462869309645085e-05,3.456076966085008e-05,3.548811050740799e-05,3.330871865312634e-05,3.1425073506903396e-05,2.9246598840811877e-05,2.8748214830727236e-05,9.572622550991886,33.46398147299601,0.06807316170882648
2026-06-26,2.6359541246738288e-05,2.920314099554197e-05,3.158345969070582e-05,3.401983629721014e-05,3.663747885058383e-05,3.898666797140515e-05,4.059879089362302e-05,3.693079369005697e-05,3.311556865433961e-05,3.203284257849152e-05,3.2072243771490136e-05,3.2820521264820236e-05,3.281568228455585e-05,3.268136308354451e-05,3.283529639217536e-05,3.195838465603215e-05,3.051032129574402e-05,3.0046735453411726e-05,3.065909394703195e-05,3.1481293479506484e-05,3.073603007812548e-05,3.372658524940562,34.62887842219544,0.032573359204460764
2026-06-27,1.7622739201086103e-05,7.690303237801703e-06,3.1144514576374774e-06,6.328019580023706e-06,1.4021040412852364e-05,1.919061197493718e-05,1.9532582842638118e-05,1.9397312514664182e-05,1.3206094034271391e-05,1.320609406857793e-05,1.2137826924716643e-05,7.563604037116278e-06,3.0470139357219275e-06,4.736554400437789e-06,1.3476377497916147e-05,1.6639770366698595e-05,1.5161259008136615e-05,7.418101158346778e-06,4.36686660604433e-06,3.90720919733065e-06,4.595190740238972e-06,8.703177229523494,45.00390672252274,0.2475844065250935
2026-06-28,2.5868522321308415e-05,2.829357073836492e-05,2.8677127866825062e-05,2.991164281893052e-05,2.8922484968564427e-05,2.7022248839028487e-05,2.7924638892435158e-05,3.164744168911629e-05,3.167800928484172e-05,2.8690738882251012e-05,3.069374195718009e-05,3.5514592530900395e-05,3.856688304192822e-05,3.776125222739315e-05,3.562977936201096e-05,3.0196339106421248e-05,2.601298085377745e-05,2.5454131774696885e-05,2.7572381084773875e-05,3.161790681823802e-05,3.088236551165742e-05,10.711751760360352,48.563482429874,0.022889025602425454
2026-06-29,4.392663911161875e-05,4.4580367161248314e-05,4.458845954803726e-05,4.81278193663629e-05,4.8163621466616164e-05,4.407654045158809e-05,4.184064596578556e-05,3.8296904110506094e-05,3.8319099850412556e-05,3.979601987652269e-05,3.993365037546803e-05,3.557930263464266e-05,3.5051900735355525e-05,3.3644280017539055e-05,3.1150138566045436e-05,3.0486284985416988e-05,3.3684987562869675e-05,3.64306435461498e-05,3.6037384189368e-05,3.5332477079990584e-05,3.3863983545061514e-05,9.925896027219395,21.182801637038267,0.21247317865076068
2026-07-01,2.6726490067919003e-05,2.6295637068637872e-05,2.286645173585802e-05,1.9249731955537056e-05,1.9199301699114585e-05,2.064666435881285e-05,2.2168309782883673e-05,2.5299545435971633e-05,2.802931001115339e-05,2.8834231896901752e-05,3.1243939560826546e-05,3.0498728673423014e-05,2.974601096251549e-05,2.9819405907547503e-05,3.174640220554652e-05,3.0429623703953226e-05,2.6735105342302637e-05,2.2620723982523224e-05,2.1414696368293997e-05,2.108379079210052e-05,2.066518798838478e-05,8.83811486917669,15.30106160279962,0.22007431125529658
2026-07-03,2.8414159216140868e-05,2.778714402534245e-05,2.6707229621622975e-05,2.599126124109382e-05,2.613382212201248e-05,2.743604473298437e-05,2.9344681593519505e-05,2.9781716240677843e-05,3.0322830952667008e-05,3.107520886498621e-05,3.3583679442847904e-05,3.396237287374468e-05,3.3426953911183836e-05,3.423080567880214e-05,3.584483428588504e-05,3.4544918419824384e-05,3.265267079357664e-05,3.209903161851597e-05,3.1930513174099285e-05,3.1207657274287305e-05,2.9867996115135093e-05,7.753707617548201,5.2736912677105465,0.026744314318414595
2026-07-05,2.890457399379236e-05,2.8932126445665302e-05,3.1123853972456585e-05,3.153739616425128e-05,2.920818376706795e-05,2.8973990533012114e-05,2.9503217857654085e-05,2.9157360865908365e-05,2.7664075795428142e-05,2.7382392242119633e-05,2.7122247357247965e-05,2.6265562661312728e-05,2.4001068539911183e-05,2.4209220013358377e-05,2.5686750380747154e-05,2.44262070771191e-05,2.051924515960458e-05,2.1039936679364517e-05,2.553761709927464e-05,2.806417423062341e-05,2.5549497305014825e-05,2.3777283771421267,189.28650987036698,0.07123860694471955
2026-07-06,2.0218243707097202e-05,2.0027032522134582e-05,2.1079116513068686e-05,2.205949162156837e-05,2.2940568523634553e-05,2.5040258819159725e-05,2.7525440640140456e-05,3.010029053694907e-05,3.0141578142407715e-05,2.88639526928125e-05,2.90917847819183e-05,3.347646687645583e-05,3.5178081585347325e-05,3.4662713905809456e-05,3.45584048213678e-05,3.5488995532895917e-05,3.522895382605397e-05,3.476845000589345e-05,3.196304508396446e-05,3.008911792502882e-05,2.8965440145130003e-05,3.317632399859552,319.38964460308534,0.03709334853943912
2026-07-07,2.3984279849155137e-05,2.2240371735671122e-05,2.3878879214657826e-05,3.1921058684935995e-05,2.992060292504904e-05,2.6874367197016087e-05,2.5310156478037406e-05,2.6128836446816586e-05,3.151321131911189e-05,3.587205474127719e-05,3.372216840445383e-05,3.106418756892645e-05,3.2121834266614856e-05,3.619322809605321e-05,3.579746598115988e-05,3.449856946687984e-05,3.3891953337383596e-05,3.416968782181099e-05,3.284232614512853e-05,2.7767161550082692e-05,2.4631565841344417e-05,5.378378297207747,344.35259739909924,0.1842500060174138
2026-07-08,1.4657347822395818e-05,1.6288389689537774e-05,1.9001889622314796e-05,1.9640618459187717e-05,1.7993052952685607e-05,1.827012179692099e-05,1.9332066594666858e-05,1.907765556339039e-05,1.706286075759742e-05,1.6469080134343742e-05,1.8050751526434794e-05,2.0182690917416606e-05,1.8783766314024467e-05,1.754039141401996e-05,1.8142549392950665e-05,2.023543430797328e-05,2.27574862754432e-05,2.327498019052363e-05,2.2208332700710296e-05,2.2093853978334215e-05,2.3677969436898244e-05,8.26604465157363,29.351378524670395,0.04177191221463558
2026-07-09,1.70905534055247e-05,1.775775680369777e-05,1.9501529322066e-05,2.067767264475812e-05,2.020041465295653e-05,1.9684351830884078e-05,2.0741274412589352e-05,2.0322240838733545e-05,2.0531529285471097e-05,2.2102276247369546e-05,2.132035502978815e-05,2.2146583578988483e-05,2.2662547855385973e-05,2.57553842142496e-05,2.645995712213748e-05,2.7351402418846936e-05,2.8603155263860132e-05,2.9464599160601106e-05,2.9139482082410812e-05,2.604845220901331e-05,2.5736887832242053e-05,7.594590645625494,357.5109121105434,0.024083792719998175
2026-07-10,1.2166007914943937e-05,1.5265623398701015e-05,1.5505035714285758e-05,1.523922948429775e-05,1.4528349339022293e-05,1.5620067977774725e-05,1.5190238057972662e-05,1.6234216315490962e-05,1.5489089292598492e-05,1.5701170376370782e-05,1.592523333310225e-05,1.6845778105479126e-05,1.6585728890919743e-05,1.927691566299288e-05,2.1398163920079175e-05,2.3558331185295568e-05,2.4565244771150457e-05,2.54745557464974e-05,2.1693474721893686e-05,1.903854218893716e-05,1.8927166295228734e-05,5.007663129752981,355.85671124554017,0.02415451829304732
2026-07-13,1.6803328877802594e-05,1.881900966249414e-05,1.8572999388680326e-05,1.8194107613842614e-05,1.9551439367913372e-05,2.1897461927536092e-05,2.408812017434026e-05,2.4257815952518898e-05,2.3565595564444792e-05,2.3495784770160356e-05,2.5557881485799243e-05,2.80950640199803e-05,2.9200297880459443e-05,2.7096585052641332e-05,2.6469555194224033e-05,2.7829914557195634e-05,2.694620184991993e-05,2.4337180267757723e-05,2.469220868910404e-05,2.6139067505621554e-05,2.700058013009953e-05,4.613289623441908,281.5493748418545,0.10498258408438108
2026-07-14,2.1629721062944683e-05,1.875863468514182e-05,1.4945630893419106e-05,1.6651341200738565e-05,1.9100631862769874e-05,2.004187978705311e-05,1.905081450156618e-05,1.829888492958018e-05,1.8238266297753797e-05,1.7864065214427805e-05,1.946971426600369e-05,2.1225523315089976e-05,2.2088982502323767e-05,2.4167760932888505e-05,2.758370229935539e-05,2.876188635149852e-05,2.6095534272199805e-05,2.8769704610110203e-05,2.6868406573978858e-05,2.0370128126378258e-05,1.9780852613859584e-05,6.090161483735376,292.20548301228894,0.15346119618190288
2026-07-15,2.392367537450999e-05,2.9153936318855488e-05,2.8876839035689805e-05,2.5840821481822917e-05,2.43564990487206e-05,2.4569527751976114e-05,2.3918920474615122e-05,2.3566075469777374e-05,2.383666812572271e-05,2.1845480782258005e-05,1.9867259181083264e-05,2.0663368104919117e-05,2.251104493601826e-05,2.460301556423921e-05,2.5732169681914444e-05,2.7879473795318143e-05,2.9232029356801516e-05,2.9210364617932536e-05,2.559777924824735e-05,2.3824552564934354e-05,2.5893305125718817e-05,5.289482320781609,311.5776743101113,0.14479488355604953
2026-07-20,3.20195574101474e-05,3.516638266992865e-05,3.7149069538041517e-05,3.5402910123128416e-05,3.205504381341704e-05,3.4537766746807076e-05,3.6520896581078493e-05,3.583866234514724e-05,3.469224960064192e-05,2.9028731322311232e-05,3.168650798909405e-05,3.3296022532108125e-05,3.661008813802671e-05,3.8696467831359396e-05,4.0477660646380354e-05,3.533366966400889e-05,3.300204260319847e-05,3.314225943046223e-05,3.494373685218926e-05,3.568028282187335e-05,3.727590676674865e-05,4.45055874756925,4.812622643814677,0.17606941144124277
2026-07-21,2.525176909077579e-05,2.7429528602211263e-05,3.1387083976603316e-05,3.2136761084493895e-05,3.152240072297662e-05,3.062792401851428e-05,2.987508826230797e-05,2.9399981559156828e-05,2.8128458221167223e-05,3.004796360331968e-05,3.115215216612168e-05,3.14608801326776e-05,3.065216364963269e-05,3.1790126088622743e-05,3.308030490562617e-05,3.358734538033728e-05,3.3872422006638175e-05,3.386510948172704e-05,3.3474398925995134e-05,3.2100217395798616e-05,3.225829291313079e-05,5.9937210987142855,349.0962926426545,0.022779306955792507
2026-07-22,1.5213747686736648e-05,1.755189456209015e-05,1.742683058824809e-05,1.5491691304592768e-05,1.8096234036340178e-05,1.9788118281659923e-05,2.426383253198556e-05,2.5746336794672294e-05,2.575799261978524e-05,2.53302981676732e-05,2.4366547583244133e-05,2.2662445323457666e-05,1.9749451710446307e-05,1.8408842668014445e-05,1.9559570492730883e-05,2.1277626268382276e-05,2.2395409854972065e-05,2.2532048802913896e-05,2.2962842490179506e-05,2.3469940850627626e-05,2.3931349066154323e-05,4.862731057743326,11.377859858429701,0.16661408699565217
2026-07-23,2.8960134849109686e-05,2.9662105827274788e-05,2.9641322141821644e-05,2.895190527841242e-05,2.898717977121208e-05,2.861848396449236e-05,3.022135338019631e-05,3.110001209319232e-05,3.035196149088721e-05,2.9256166298228805e-05,2.6606458044129616e-05,2.547692740757113e-05,2.6618060321162987e-05,2.6554876865789153e-05,2.7628975652459505e-05,2.8718864044589643e-05,2.9220642736640303e-05,3.058780518454053e-05,2.9924261978474508e-05,2.8539214533628732e-05,2.813697422385232e-05,5.814255350922355,27.66895529834278,0.048002067301820314
2026-07-24,2.8167776522223153e-05,2.6593505320490775e-05,2.788765439832726e-05,3.1277980296529185e-05,3.173555893360674e-05,3.2196192766245655e-05,3.7873622004103464e-05,3.750644415848925e-05,3.460880105744643e-05,3.482419332373868e-05,3.470184221302909e-05,3.3806529075836976e-05,3.254108638697265e-05,3.2083800722699515e-05,3.10312506044941e-05,3.28320098423743e-05,3.517483140329692e-05,3.3743066779432595e-05,2.9032277719721358e-05,2.861458573643678e-05,3.4688971820468e-05,4.433711197617964,16.967780009192268,0.23775901550669865
2026-07-25,3.817317386938214e-05,3.818873887210327e-05,3.665905793916634e-05,3.897672042790846e-05,4.347217092421907e-05,4.416496518003917e-05,4.0139849221030434e-05,3.878643807476687e-05,3.9727115456281486e-05,4.0386654957342493e-05,3.865972597237344e-05,3.6855762436549326e-05,3.6199968084737615e-05,3.8609660580434275e-05,4.054920963423456e-05,3.9136734034426686e-05,3.978022126382388e-05,4.0987680801047196e-05,4.153056932727468e-05,4.171421756294086e-05,4.0292537952738345e-05,5.719555458208341,24.03190264585271,0.042539659512319736
2026-07-26,2.9093690419214632e-05,2.881181114527919e-05,2.837055055102172e-05,3.0447067320158666e-05,3.2247989506480156e-05,3.1733481922773866e-05,3.044357119537727e-05,3.0171091361206794e-05,3.036053712824472e-05,3.125575801427672e-05,3.3212783417787294e-05,3.324633378507012e-05,3.0278418167623304e-05,2.9810405475195213e-05,3.169684723754167e-05,3.344390209553628e-05,3.4575583482844235e-05,3.3470290172929816e-05,3.217595877118792e-05,3.5064499601716864e-05,3.7935120660842187e-05,7.204121966085541,11.353724278017353,0.015979112534190258
2026-07-27,1.880549829032056e-05,1.9911587918968103e-05,2.2904785197737108e-05,2.3322580282243444e-05,2.3743486429438734e-05,2.6651361303864535e-05,2.935404928068749e-05,3.0230010372540985e-05,2.9280010130728922e-05,2.6108032686562788e-05,2.3804364813173222e-05,2.346239662131401e-05,2.5308132447381386e-05,2.642796733591691e-05,2.8969985374540088e-05,2.9546562339136758e-05,2.7954435795390775e-05,2.449334330383902e-05,2.3634307807830942e-05,2.4735337475318943e-05,2.528816281299253e-05,5.673550158347143,354.35795305227737,0.012410675174769868
2026-07-29,3.781122492814453e-05,3.899317759402314e-05,3.7931758772683485e-05,3.663848032851641e-05,3.555736605059765e-05,3.377343276278713e-05,3.280126525009943e-05,3.34124184464039e-05,3.670981013309562e-05,3.910982554846967e-05,3.9091150997962034e-05,3.937380882489725e-05,4.1484784628278926e-05,4.342673210572752e-05,4.136621243740978e-05,3.881851801423304e-05,3.9643567010797425e-05,4.020941694067298e-05,3.909974549116037e-05,3.6398458232635904e-05,3.419009677912635e-05,3.46402149547221,335.0847665193104,0.10108559543017943
2026-07-30,3.4759909540670946e-05,3.340953495758635e-05,3.228245276776831e-05,3.125264109332544e-05,3.35382308566144e-05,3.769324424212437e-05,3.9588629227254896e-05,3.9525275076956126e-05,3.9348080247344146e-05,4.138333124376888e-05,4.151321457991895e-05,4.0746733391630505e-05,4.047939972061892e-05,3.980669183821189e-05,3.8685760928364304e-05,3.959645435546408e-05,4.3971819015481645e-05,4.344675817303027e-05,4.23354661605775e-05,4.1712766351001114e-05,4.174403437583274e-05,5.941297868898347,11.66723265799925,0.026097935544161753
2026-08-01,2.3919563931546946e-05,2.295976132128775e-05,2.0898790525817962e-05,1.959119759217838e-05,1.799177361121299e-05,1.8620931067841682e-05,2.0112636919278162e-05,2.3849025306638016e-05,2.3767971916665572e-05,2.2703525395313287e-05,2.1414092641164632e-05,2.1746563534262974e-05,2.1368568470561337e-05,2.167268455319253e-05,2.2253497393821794e-05,2.3034280402005336e-05,2.759914008193618e-05,2.8253101507609232e-05,2.6716637738689968e-05,2.7420910776738738e-05,2.6841079553853908e-05,3.927559543876206,264.42952322603105,0.03737436037387465
2026-08-02,2.7479444787330877e-05,2.8459411912634593e-05,2.894199099356491e-05,3.0112187465529186e-05,3.190488288413228e-05,3.3148734543020296e-05,3.379386244486929e-05,3.401034764201471e-05,3.3354317827066646e-05,3.208585049574081e-05,3.131607761800756e-05,3.0121105262672824e-05,2.8911912206582665e-05,2.77897391868831e-05,2.6082396891956988e-05,2.5633252738810417e-05,2.5553470834055494e-05,2.4506464742097662e-05,2.3066566226431853e-05,2.257424452219476e-05,2.2400731126324087e-05,3.0579380883596987,28.964118599884216,0.03306062557517783
2026-08-03,2.3192822859841247e-05,2.5175212695140396e-05,2.798435706190533e-05,2.9314892028553675e-05,2.7913318602990756e-05,2.668176791542719e-05,2.6935613848608614e-05,2.570982518814546e-05,2.5412971240265377e-05,2.6918790877060756e-05,2.7442740526943818e-05,2.4054589115360427e-05,2.441582058327651e-05,2.7029235005173658e-05,2.9479311877193277e-05,2.7243636247460255e-05,2.511431423094255e-05,2.505992532535231e-05,2.705568222844159e-05,2.8737038261068097e-05,2.7443093983944706e-05,9.893394716838863,12.371754019163689,0.03861889222366505
2026-08-04,3.366187608977822e-05,3.242385445950916e-05,3.179466138008234e-05,3.105159938818428e-05,3.4616897119201784e-05,3.465818847806097e-05,3.406958638793953e-05,3.146624866767673e-05,3.077529882256749e-05,3.205958285059115e-05,3.403397553646771e-05,3.702312198338949e-05,4.4594525657905354e-05,4.891154691932727e-05,4.8059770096499924e-05,4.5838148652851575e-05,4.4519079636825175e-05,4.476705417425199e-05,4.4988804328713364e-05,4.4160819261655793e-05,4.441981973211431e-05,3.1016612545411557,11.194509449326347,0.10327323342805832
2026-08-05,2.662325429743592e-05,2.571641238565592e-05,2.5320153786082743e-05,2.4349694011980724e-05,2.136023109871123e-05,2.4281582754257864e-05,2.6528467684834196e-05,2.603183344578691e-05,2.3145994199118112e-05,2.2768910145169482e-05,2.2954511419469745e-05,2.2628912218983237e-05,2.5469505288388448e-05,2.6505294867897587e-05,2.4394855413573675e-05,2.482212188618428e-05,2.6577171642274778e-05,2.722195168988264e-05,2.5853871937082223e-05,2.725822899669008e-05,2.957156433295968e-05,7.496662958263559,3.2203030381741655,0.024835230264613057
2026-08-06,2.6177353103878592e-05,2.7403538525639648e-05,2.8433731042044896e-05,2.8416502111040436e-05,2.907949984517748e-05,3.197558245366988e-05,3.2890834163046626e-05,3.145372446916435e-05,2.8695803881830852e-05,2.852590875428744e-05,3.0416072145878754e-05,2.9650552879752457e-05,2.8207505479331514e-05,2.912459209866837e-05,3.268343675508735e-05,3.189714368127013e-05,2.879194168889828e-05,2.4986342071013795e-05,2.4515103890842833e-05,2.638522784386314e-05,2.9814500256724926e-05,6.886655683644194,357.3645310096051,0.06088008933662693
2026-08-07,3.360065786824602e-05,3.4755090695060804e-05,3.720781535408447e-05,3.946972562873863e-05,4.135795029014986e-05,4.284913513382135e-05,4.132780087390579e-05,4.0266989102509e-05,3.8288156302150764e-05,3.575704384277285e-05,3.599227783188533e-05,3.883330934211765e-05,3.724706531093994e-05,3.5161174083074396e-05,3.537494829192107e-05,3.584792856019841e-05,3.4181347508018316e-05,3.181838773009522e-05,3.182052794811316e-05,3.4671775647387316e-05,3.8509265683336524e-05,3.8964658276187003,24.19583109283076,0.06530573963793436
2026-08-08,2.8486025305973498e-05,2.7165127578619952e-05,2.8537109349880748e-05,3.403588249243124e-05,3.5973367105915805e-05,3.509142318946692e-05,3.4704561453868476e-05,3.4295575473144794e-05,3.8103107926718226e-05,3.8591358767485586e-05,3.862993469055396e-05,3.640763575494375e-05,3.3881607249765334e-05,3.126627004595794e-05,3.021651822626634e-05,2.9811263799404663e-05,3.016135962073674e-05,3.2644818926925365e-05,3.4954988044227494e-05,3.450042687792686e-05,3.231167780119614e-05,5.770837460346075,9.48700399873644,0.04994543320529686
2026-08-09,2.5155706856422995e-05,2.770169784633343e-05,3.111018860704462e-05,3.225640605524879e-05,2.9679653390519165e-05,2.871452349844347e-05,2.9719094099494247e-05,2.8508768707748916e-05,2.8596865944107756e-05,3.111643542872502e-05,3.08118201385478e-05,2.9023077330234375e-05,2.7463863973076547e-05,2.7547974102815502e-05,2.811343611774454e-05,2.8556826211476922e-05,2.9740722202266577e-05,3.096481899558657e-05,3.1145027825062107e-05,2.8730934391959278e-05,2.5396864358555625e-05,8.70770368235997,20.46166641113973,0.0369657296916132
2026-08-10,2.758886023056686e-05,2.8427422428503826e-05,2.9327471206033264e-05,3.007475464316847e-05,3.1190761896899884e-05,2.999635689860726e-05,3.118205294096444e-05,3.241883272927954e-05,3.358092971026161e-05,3.1340841706368587e-05,2.7863287618628557e-05,2.62790045728132e-05,2.5796427218382752e-05,2.6967594108331888e-05,2.7024704603910903e-05,2.829168330503477e-05,3.0369540651207648e-05,3.079719526412542e-05,2.920047215845132e-05,2.8763316085714096e-05,2.9649863828175335e-05,8.591159886106794,12.391249337599845,0.03232160878388625
2026-08-11,2.6275772098805367e-05,2.4693786125785608e-05,2.320093093483511e-05,2.3291753909926215e-05,2.5175452689741004e-05,2.6296298373486946e-05,2.538815770612913e-05,2.6081722843562855e-05,2.8867875918804973e-05,2.892788565874071e-05,2.7878426897606857e-05,2.6377496636995948e-05,2.4878883355879158e-05,2.526708492837555e-05,2.7251771099781213e-05,2.730473099234272e-05,2.6591987173838594e-05,2.5738273335776972e-05,2.5496154698553034e-05,2.4053254862292188e-05,2.3289017497343604e-05,6.9332892485784114,11.661886044432094,0.02782887198106537
2026-08-12,3.224198279595379e-05,3.0631270787427175e-05,3.0193469432653926e-05,3.0405197307004063e-05,3.052808032705825e-05,3.0662540457336266e-05,3.114839960229261e-05,3.236669193723694e-05,3.430543344048582e-05,3.500158935533525e-05,3.479246998915889e-05,3.3843222125224844e-05,3.330652515722916e-05,3.287428071134742e-05,3.225914978469947e-05,3.1907744689239796e-05,3.153383321241331e-05,3.068119576218945e-05,2.9835506331175817e-05,2.9798974931933864e-05,3.016689060928165e-05,8.79828049756125,5.94644404380017,0.03369421250481702
2026-08-13,3.8550320792869714e-05,3.892111305736006e-05,3.8518481068684196e-05,3.621980760421421e-05,3.597897979981179e-05,3.474668276092967e-05,3.491402622990562e-05,3.794780206734044e-05,3.597394498161434e-05,3.630355300786935e-05,3.7474436202235953e-05,3.4967997772119395e-05,2.9549083653155713e-05,2.6997146773476764e-05,2.630427475760258e-05,2.9936951583712587e-05,3.282314344027299e-05,3.3437965201824754e-05,3.143242507097927e-05,3.0863614112232074e-05,3.359795143125695e-05,8.284654226500795,50.05165279484493,0.12138468132511598
2026-08-15,1.7710525639189945e-05,2.2605102229388482e-05,2.247306151077378e-05,2.4073661075152334e-05,2.4402063616768853e-05,2.4585576494977325e-05,2.4890020064937525e-05,2.528746227292739e-05,2.4940508943769566e-05,2.302713636089437e-05,2.4085986763406236e-05,2.38665842275866e-05,2.154387027868393e-05,2.0725744486120846e-05,1.986098526186295e-05,2.0561877022035322e-05,2.0682882775074245e-05,2.1462526252935437e-05,2.1513168855095683e-05,2.0639272674581245e-05,1.822102005634716e-05,7.675708549225897,343.57128891610535,0.07190591342273078
2026-08-17,2.632905470821849e-05,2.602873525267923e-05,2.62726469161672e-05,2.7579710735839754e-05,2.9389315969918625e-05,3.149279057728998e-05,3.3260732045607106e-05,3.298916106851385e-05,3.3217052013361334e-05,3.325009216297063e-05,3.170855309724211e-05,2.847261422140498e-05,2.9451872313313518e-05,3.270688939827162e-05,3.557538857184726e-05,3.661030134418014e-05,3.703134822894541e-05,3.79026305511023e-05,4.0019364736687824e-05,4.2066664724956184e-05,3.7997509903306226e-05,4.396684859727276,358.1137021907002,0.04129360745686225
2026-08-18,1.9650584013731824e-05,2.0760208927236258e-05,2.130974574522596e-05,2.195466894573898e-05,2.2606324157210558e-05,2.3436047778497268e-05,2.5015296239956834e-05,2.4145981509327827e-05,2.367643180211481e-05,2.3938289481254363e-05,2.3792614745500505e-05,2.3352579795095028e-05,2.2687470497172016e-05,2.2244889900112173e-05,2.1853301335923793e-05,2.1877172013381604e-05,2.197287515889361e-05,2.241329215594317e-05,2.306072108718964e-05,2.3416907906030383e-05,2.3484392304878488e-05,8.569601195137714,44.559986909578186,0.030763410075368754
2026-08-20,2.8843137599527382e-05,3.0061686982241553e-05,2.8856855906134412e-05,2.7192960888113695e-05,2.866981777673216e-05,2.8257633168130086e-05,3.0512032466790587e-05,3.3396509963308645e-05,5.329568059299746e-05,5.822351053630082e-05,5.687863871108736e-05,5.458577899829093e-05,5.2948715531920656e-05,4.8293154113831085e-05,4.904850759474105e-05,4.642827443321165e-05,4.3194672227631565e-05,4.174770301312085e-05,3.8084839013330244e-05,3.141029062395301e-05,3.1976379912255484e-05,2.226195245835531,356.6558855653088,0.20029717036184363
2026-08-21,4.7951739228078905e-05,4.862347842752601e-05,4.3998113232246904e-05,3.7755574963613206e-05,4.6056757640227466e-05,4.916949304056439e-05,4.672322305232411e-05,4.30722909665888e-05,3.3982586162550424e-05,2.9296201291405767e-05,2.3030918303143086e-05,2.3992797678959317e-05,2.7088041101054698e-05,3.002378618182638e-05,3.181032259015067e-05,2.8132131927991963e-05,2.506779985109603e-05,2.830122212696176e-05,2.9378098597467622e-05,3.3818135269032934e-05,3.5841873288550324e-05,2.8225232687024873,72.91674190420281,0.08884043869182842
2026-08-22,3.5808590394188514e-05,3.670635571039263e-05,3.5390972665122184e-05,3.545714653118155e-05,3.4412466794656106e-05,3.490247958760621e-05,3.379385485989514e-05,3.112396389010776e-05,3.0055275962320093e-05,3.400169235770429e-05,3.815528246311e-05,3.84683864656413e-05,3.899693303096686e-05,4.4794552962378894e-05,4.7384485630376874e-05,4.623852242602578e-05,4.3014734757271985e-05,4.107800910181153e-05,3.9968105377805576e-05,3.953862884111856e-05,3.760881522980848e-05,2.4061021733396855,233.15248489365666,0.06496862733576395
2026-08-23,3.2025790816040446e-05,3.1622353895446385e-05,3.1493652692604463e-05,3.355819711490617e-05,3.2436505986279594e-05,2.9466506114381184e-05,3.062195730772937e-05,3.416334499237708e-05,3.711383022231122e-05,3.774785149510971e-05,3.697806760934102e-05,3.492573280612834e-05,3.312062393407341e-05,3.159459741887369e-05,2.995333399870104e-05,2.849295584546461e-05,2.7319198164993648e-05,2.8752184760733563e-05,3.2090785981659185e-05,3.293221271854636e-05,2.9352639079575605e-05,6.830629090304027,30.55659504074589,0.13569661260903204
2026-08-25,3.6788800874064895e-05,3.82764795713039e-05,4.002576896697468e-05,4.101123251477787e-05,4.046355636809588e-05,4.026622129874362e-05,3.906229067061737e-05,3.8105148236844615e-05,3.7262256054327694e-05,3.4242189170413283e-05,3.1630719456957504e-05,3.796135176201026e-05,4.5317526874096957e-05,4.529452622796211e-05,4.5240899690062644e-05,4.696708131697321e-05,4.832668028638978e-05,4.822834830169411e-05,4.56242019518297e-05,4.3264156090718304e-05,4.0866034188594614e-05,3.7329586099039727,216.0967050249578,0.03244182373498081
2026-08-27,3.7666583199555666e-05,3.667094355779949e-05,3.592331404067066e-05,3.4719415522537105e-05,3.6632887730375034e-05,3.631299930757859e-05,3.767771706446578e-05,4.016552988546078e-05,4.112416533324624e-05,4.0294304683984325e-05,3.9779425979320705e-05,4.257501875425563e-05,4.5312532123812274e-05,4.570554388265253e-05,4.666133268148199e-05,4.739904110737807e-05,4.650922627738765e-05,4.3198285536654585e-05,3.975152386670492e-05,4.065202521723265e-05,4.393179415703021e-05,3.7535246726283553,323.201864470614,0.01787971651811028
2026-08-28,2.935982172668152e-05,3.043419953949029e-05,3.174814266106053e-05,3.240179400915631e-05,3.4168305885197145e-05,3.45034526762893e-05,3.44571865950879e-05,3.472871177646127e-05,3.578485863534866e-05,3.64969588845018e-05,3.600397094071106e-05,3.5126346170470546e-05,3.5460931625377215e-05,3.6844985106920504e-05,3.798742121272505e-05,3.7459843798269655e-05,3.716131382801359e-05,3.686990693530887e-05,3.58140427026529e-05,3.77580942112012e-05,4.200145927401804e-05,4.785006753577529,358.52290748685846,0.023598561496867315
2026-08-29,2.7062917412669703e-05,2.8430362829460335e-05,2.877394285421327e-05,2.8218889526355335e-05,2.7778359828342084e-05,2.779689912627577e-05,2.9578289403316114e-05,3.068258769055567e-05,3.043907845619333e-05,2.8013329220419787e-05,2.5444931650114574e-05,2.4873864350209242e-05,2.558415986899598e-05,2.6066895199011603e-05,2.7658906934713068e-05,2.8669141724987224e-05,2.850110857135182e-05,2.8792749143420693e-05,2.872694619033357e-05,2.7631323426950796e-05,2.816242692098124e-05,8.77998628649023,22.01100035533642,0.03767558950819318
2026-08-30,2.189667111630444e-05,2.232273452429357e-05,2.375001056019555e-05,2.5139617510443364e-05,2.3089586079547444e-05,2.1161691351085683e-05,1.960157169270437e-05,1.685007651169216e-05,1.5791934557130097e-05,2.0352276908374165e-05,2.203758377193857e-05,2.1732270312910173e-05,2.041350944362111e-05,1.8879354543993573e-05,1.7181949393931862e-05,1.792938158960607e-05,1.8276969357322807e-05,1.847027419448396e-05,2.155680671421642e-05,2.5277698043423657e-05,2.7320636609298567e-05,9.530894518600963,20.71659346115871,0.028285517311835283
2026-08-31,2.318920659685747e-05,2.307259819904101e-05,2.3315104384230304e-05,2.5786986794760424e-05,3.0441327148933732e-05,3.0882559213680035e-05,2.7038438974652233e-05,2.5764860417571202e-05,2.501508025696297e-05,2.848711313356833e-05,2.9859517804011027e-05,2.9016526414510118e-05,2.9220589809401695e-05,2.837870344898016e-05,2.7074363761945504e-05,2.553137124326646e-05,2.5470091071185056e-05,2.5346416592351298e-05,2.4840278400387338e-05,2.4914220068096723e-05,2.646992973068461e-05,6.1537390493835415,2.6381850955334585,0.07437546256435365
