site_id,datetime_utc,product_id,sensor,local_solar_hour,t_bg_k,t_bg_sd_k,n_valid_bg,n_total_bg,scene_cloud_cover,sun_elev_deg,ta_c,td_c,rh_pct,wind_ms,q_kgkg,tw_c,capacity_mw,capacity_basis,capacity_tier,n_valid_poly,n_total_poly,n_polygons,delta_t_k,valid_frac_poly,cooling_arch,pue_assumed,site_tier,area_ha,it_mw,density,log_it_mw,tier_a
lulea,2015-01-27T10:05:06.550763+00:00,LC08_L1TP_194014_20150127_20170413_01_T1,L8_C1_L1TP_BT_B10,11.559,259.458,2.229,6636,8861,5.58,5.45913191,-4.472,-6.713,84.34,4.346,0.002281,-5.701,120.0,grid_connection,A2,146,148,2,1.776780821917808,0.9864864864864865,free_air_evap_assist,1.1,A2,13.180851343894595,109.09090909090908,8.276469117561232,4.692181562977721,True
lulea,2015-03-09T09:58:38.354151+00:00,LC08_L1TP_193014_20150309_20170412_01_T1,L8_C1_L1TP_BT_B10,11.451,273.49,0.501,8840,8861,15.57,19.38237769,3.428,-2.623,64.57,7.036,0.003107,0.441,120.0,grid_connection,A2,146,148,2,0.3821986301369863,0.9864864864864865,free_air_evap_assist,1.1,A2,13.180851343894595,109.09090909090908,8.276469117561232,4.692181562977721,True
lulea,2015-03-16T10:04:44.909993+00:00,LC08_L1TP_194014_20150316_20170412_01_T1,L8_C1_L1TP_BT_B10,11.553,274.404,0.697,8861,8861,0.01,22.16653724,3.545,-4.108,57.32,4.878,0.00278,0.037,120.0,grid_connection,A2,148,148,2,0.8869662162162163,1.0,free_air_evap_assist,1.1,A2,13.180851343894595,109.09090909090908,8.276469117561232,4.692181562977721,True
lulea,2015-03-25T09:58:29.722419+00:00,LC08_L1TP_193014_20150325_20170411_01_T1,L8_C1_L1TP_BT_B10,11.449,269.394,1.198,8385,8861,39.97,25.75927678,-1.244,-12.963,40.56,3.755,0.001393,-4.938,120.0,grid_connection,A2,148,148,2,1.8251418918918922,1.0,free_air_evap_assist,1.1,A2,13.180851343894595,109.09090909090908,8.276469117561232,4.692181562977721,True
lulea,2015-04-19T09:52:10.283529+00:00,LC08_L1TP_192014_20150419_20170409_01_T1,L8_C1_L1TP_BT_B10,11.344,278.348,2.361,8132,8861,67.91,35.22384053,7.994,-0.272,55.93,5.287,0.003693,3.874,120.0,grid_connection,A2,148,148,2,3.587756756756757,1.0,free_air_evap_assist,1.1,A2,13.180851343894595,109.09090909090908,8.276469117561232,4.692181562977721,True
lulea,2015-04-26T09:58:16.938018+00:00,LC08_L1TP_193014_20150426_20170409_01_T1,L8_C1_L1TP_BT_B10,11.445,276.745,2.227,8764,8861,32.75,37.58586778,3.706,-5.113,52.55,6.985,0.002577,-0.143,120.0,grid_connection,A2,148,148,2,1.7833108108108109,1.0,free_air_evap_assist,1.1,A2,13.180851343894595,109.09090909090908,8.276469117561232,4.692181562977721,True
lulea,2015-06-20T10:04:27.887733+00:00,LC08_L1TP_194014_20150620_20170407_01_T1,L8_C1_L1TP_BT_B10,11.548,292.206,2.258,8861,8861,57.87,47.4452383,14.33,4.577,51.91,2.398,0.005224,9.035,120.0,grid_connection,A2,148,148,2,2.001317567567568,1.0,free_air_evap_assist,1.1,A2,13.180851343894595,109.09090909090908,8.276469117561232,4.692181562977721,True
lulea,2015-06-22T09:52:06.633684+00:00,LC08_L1TP_192014_20150622_20170407_01_T1,L8_C1_L1TP_BT_B10,11.343,294.473,2.053,6987,8861,33.72,47.43998771,16.115,12.039,76.78,2.355,0.008687,13.434,120.0,grid_connection,A2,148,148,2,1.9781351351351355,1.0,free_air_evap_assist,1.1,A2,13.180851343894595,109.09090909090908,8.276469117561232,4.692181562977721,True
lulea,2015-07-06T10:04:36.835770+00:00,LC08_L1TP_194014_20150706_20170407_01_T1,L8_C1_L1TP_BT_B10,11.551,289.482,1.864,8858,8861,30.57,46.64498846,14.183,5.503,55.9,6.765,0.005573,9.339,120.0,grid_connection,A2,130,148,2,0.8786,0.8783783783783784,free_air_evap_assist,1.1,A2,13.180851343894595,109.09090909090908,8.276469117561232,4.692181562977721,True
lulea,2015-07-24T09:52:23.376351+00:00,LC08_L1TP_192014_20150724_20170406_01_T1,L8_C1_L1TP_BT_B10,11.347,292.417,2.319,6557,8861,28.58,43.8111393,17.591,8.466,55.08,3.285,0.006834,12.251,120.0,grid_connection,A2,148,148,2,0.6846081081081079,1.0,free_air_evap_assist,1.1,A2,13.180851343894595,109.09090909090908,8.276469117561232,4.692181562977721,True
lulea,2015-08-07T10:04:46.958662+00:00,LC08_L1TP_194014_20150807_20170406_01_T1,L8_C1_L1TP_BT_B10,11.554,290.504,2.305,4629,8861,46.61,40.40895266,18.467,14.194,76.18,2.183,0.010008,15.598,120.0,grid_connection,A2,148,148,2,2.30054054054054,1.0,free_air_evap_assist,1.1,A2,13.180851343894595,109.09090909090908,8.276469117561232,4.692181562977721,True
lulea,2015-08-23T10:04:55.464447+00:00,LC08_L1TP_194014_20150823_20170405_01_T1,L8_C1_L1TP_BT_B10,11.556,293.819,1.533,8861,8861,23.89,35.52338948,18.05,14.748,81.05,1.332,0.010375,15.782,120.0,grid_connection,A2,148,148,2,1.7283513513513515,1.0,free_air_evap_assist,1.1,A2,13.180851343894595,109.09090909090908,8.276469117561232,4.692181562977721,True
lulea,2015-08-25T09:52:34.520224+00:00,LC08_L1TP_192014_20150825_20170405_01_T1,L8_C1_L1TP_BT_B10,11.35,293.797,1.33,8861,8861,13.34,34.85636024,19.164,13.975,71.9,1.606,0.009866,15.735,120.0,grid_connection,A2,148,148,2,2.008817567567568,1.0,free_air_evap_assist,1.1,A2,13.180851343894595,109.09090909090908,8.276469117561232,4.692181562977721,True
lulea,2015-09-08T10:05:01.315221+00:00,LC08_L1TP_194014_20150908_20170404_01_T1,L8_C1_L1TP_BT_B10,11.558,284.139,1.013,7848,8861,6.08,29.88669833,12.568,3.673,54.65,5.05,0.004902,7.785,120.0,grid_connection,A2,148,148,2,1.6759662162162166,1.0,free_air_evap_assist,1.1,A2,13.180851343894595,109.09090909090908,8.276469117561232,4.692181562977721,True
lulea,2015-09-10T09:52:40.884005+00:00,LC08_L1TP_192014_20150910_20170404_01_T1,L8_C1_L1TP_BT_B10,11.352,288.51,1.053,8861,8861,0.0,29.14803555,14.755,7.177,60.46,1.157,0.006257,10.347,120.0,grid_connection,A2,148,148,2,1.5455878378378378,1.0,free_air_evap_assist,1.1,A2,13.180851343894595,109.09090909090908,8.276469117561232,4.692181562977721,True
lulea,2015-09-26T09:52:47.575522+00:00,LC08_L1TP_192014_20150926_20170403_01_T1,L8_C1_L1TP_BT_B10,11.354,284.077,0.543,8856,8861,15.34,23.06247163,12.344,6.336,66.75,4.573,0.005905,8.817,120.0,grid_connection,A2,146,148,2,0.8976369863013699,0.9864864864864865,free_air_evap_assist,1.1,A2,13.180851343894595,109.09090909090908,8.276469117561232,4.692181562977721,True
lulea,2015-10-03T09:58:59.498089+00:00,LC08_L1TP_193014_20151003_20180527_01_T1,L8_C1_L1TP_BT_B10,11.457,279.766,0.501,8859,8861,21.38,20.3731157,8.372,-0.733,52.72,5.291,0.003571,3.932,120.0,grid_connection,A2,147,148,2,0.4448571428571429,0.9932432432432432,free_air_evap_assist,1.1,A2,13.180851343894595,109.09090909090908,8.276469117561232,4.692181562977721,True
lulea,2015-10-12T09:52:48.190235+00:00,LC08_L1TP_192014_20151012_20170403_01_T1,L8_C1_L1TP_BT_B10,11.354,277.458,1.105,3667,8861,30.37,16.96769174,8.194,5.154,81.16,3.692,0.005439,6.302,120.0,grid_connection,A2,126,148,2,0.3295476190476191,0.8513513513513513,free_air_evap_assist,1.1,A2,13.180851343894595,109.09090909090908,8.276469117561232,4.692181562977721,True
lulea,2015-10-19T09:59:00.804506+00:00,LC08_L1TP_193014_20151019_20170403_01_T1,L8_C1_L1TP_BT_B10,11.458,276.074,0.622,8481,8861,12.62,14.39873572,4.626,2.597,86.69,2.045,0.004542,3.338,120.0,grid_connection,A2,127,148,2,0.3448188976377953,0.8581081081081081,free_air_evap_assist,1.1,A2,13.180851343894595,109.09090909090908,8.276469117561232,4.692181562977721,True
lulea,2015-10-26T10:05:14.702373+00:00,LC08_L1TP_194014_20151026_20170402_01_T1,L8_C1_L1TP_BT_B10,11.561,274.195,0.623,8843,8861,49.87,11.94359156,5.053,-0.161,69.03,4.404,0.003723,2.278,120.0,grid_connection,A2,142,148,2,0.5946267605633803,0.9594594594594594,free_air_evap_assist,1.1,A2,13.180851343894595,109.09090909090908,8.276469117561232,4.692181562977721,True
lulea,2016-02-15T10:05:05.175793+00:00,LC08_L1TP_194014_20160215_20170329_01_T1,L8_C1_L1TP_BT_B10,11.559,266.637,0.099,7768,8861,6.61,11.09447789,-5.047,-7.161,85.1,4.387,0.002203,-6.213,120.0,grid_connection,A2,148,148,2,0.0735337837837838,1.0,free_air_evap_assist,1.1,A2,13.180851343894595,109.09090909090908,8.276469117561232,4.692181562977721,True
lulea,2016-03-11T09:58:49.967449+00:00,LC08_L1TP_193014_20160311_20170328_01_T1,L8_C1_L1TP_BT_B10,11.455,271.057,0.812,8788,8861,43.83,20.4804618,0.471,-1.666,85.58,1.9,0.003335,-0.807,120.0,grid_connection,A2,148,148,2,1.0092229729729731,1.0,free_air_evap_assist,1.1,A2,13.180851343894595,109.09090909090908,8.276469117561232,4.692181562977721,True
lulea,2016-04-21T09:52:19.929253+00:00,LC08_L1TP_192014_20160421_20170326_01_T1,L8_C1_L1TP_BT_B10,11.346,277.258,2.204,8843,8861,24.38,36.18059848,0.765,-4.33,68.73,2.085,0.002734,-1.724,120.0,grid_connection,A2,148,148,2,3.26472972972973,1.0,free_air_evap_assist,1.1,A2,13.180851343894595,109.09090909090908,8.276469117561232,4.692181562977721,True
lulea,2016-04-28T09:58:32.413281+00:00,LC08_L1TP_193014_20160428_20170326_01_T1,L8_C1_L1TP_BT_B10,11.45,279.678,2.571,8684,8861,18.4,38.4716022,5.84,1.339,72.83,3.339,0.00415,3.324,120.0,grid_connection,A2,148,148,2,3.11329054054054,1.0,free_air_evap_assist,1.1,A2,13.180851343894595,109.09090909090908,8.276469117561232,4.692181562977721,True
lulea,2016-05-05T10:04:45.783449+00:00,LC08_L1TP_194014_20160505_20170325_01_T1,L8_C1_L1TP_BT_B10,11.553,285.768,2.239,8848,8861,12.65,40.56987708,10.075,-0.906,46.42,2.364,0.003526,4.837,120.0,grid_connection,A2,148,148,2,1.2218513513513516,1.0,free_air_evap_assist,1.1,A2,13.180851343894595,109.09090909090908,8.276469117561232,4.692181562977721,True
lulea,2016-06-06T10:04:50.050573+00:00,LC08_L1TP_194014_20160606_20170324_01_T1,L8_C1_L1TP_BT_B10,11.555,282.399,1.45,5935,8861,17.73,46.79603223,10.219,2.504,58.77,4.134,0.004512,6.106,120.0,grid_connection,A2,127,148,2,2.421708661417323,0.8581081081081081,free_air_evap_assist,1.1,A2,13.180851343894595,109.09090909090908,8.276469117561232,4.692181562977721,True
lulea,2016-06-15T09:58:40.121032+00:00,LC08_L1TP_193014_20160615_20170324_01_T1,L8_C1_L1TP_BT_B10,11.452,290.615,2.079,8861,8861,35.85,47.37535809,11.569,5.595,66.75,4.154,0.005609,8.102,120.0,grid_connection,A2,148,148,2,2.970094594594595,1.0,free_air_evap_assist,1.1,A2,13.180851343894595,109.09090909090908,8.276469117561232,4.692181562977721,True
lulea,2016-06-22T10:04:54.882670+00:00,LC08_L1TP_194014_20160622_20170323_01_T1,L8_C1_L1TP_BT_B10,11.556,290.974,1.603,8861,8861,30.43,47.44077356,16.455,7.389,55.02,3.866,0.006349,11.243,120.0,grid_connection,A2,148,148,2,2.966067567567568,1.0,free_air_evap_assist,1.1,A2,13.180851343894595,109.09090909090908,8.276469117561232,4.692181562977721,True
lulea,2016-07-24T10:05:08.938785+00:00,LC08_L1TP_194014_20160724_20170322_01_T1,L8_C1_L1TP_BT_B10,11.56,294.858,1.648,8861,8861,17.43,43.66096115,21.442,16.278,72.43,2.854,0.011452,17.939,120.0,grid_connection,A2,148,148,2,2.7828445945945948,1.0,free_air_evap_assist,1.1,A2,13.180851343894595,109.09090909090908,8.276469117561232,4.692181562977721,True
lulea,2016-07-26T09:52:47.701799+00:00,LC08_L1TP_192014_20160726_20170322_01_T1,L8_C1_L1TP_BT_B10,11.354,292.503,1.541,8860,8861,44.99,43.22726283,20.78,17.807,83.1,3.981,0.012627,18.67,120.0,grid_connection,A2,148,148,2,2.2198243243243243,1.0,free_air_evap_assist,1.1,A2,13.180851343894595,109.09090909090908,8.276469117561232,4.692181562977721,True
lulea,2016-08-02T09:58:59.651665+00:00,LC08_L1TP_193014_20160802_20170322_01_T1,L8_C1_L1TP_BT_B10,11.457,290.431,1.553,8861,8861,51.21,41.54683985,16.913,11.541,70.63,3.681,0.008404,13.478,120.0,grid_connection,A2,148,148,2,2.1058108108108105,1.0,free_air_evap_assist,1.1,A2,13.180851343894595,109.09090909090908,8.276469117561232,4.692181562977721,True
lulea,2016-09-12T09:53:01.163646+00:00,LC08_L1TP_192014_20160912_20170321_01_T1,L8_C1_L1TP_BT_B10,11.358,286.917,0.676,8849,8861,32.99,28.12144711,15.096,6.126,55.02,8.351,0.005819,10.048,120.0,grid_connection,A2,148,148,2,1.1229054054054053,1.0,free_air_evap_assist,1.1,A2,13.180851343894595,109.09090909090908,8.276469117561232,4.692181562977721,True
lulea,2016-10-05T09:59:14.766389+00:00,LC08_L1TP_193014_20161005_20170320_01_T1,L8_C1_L1TP_BT_B10,11.461,277.97,0.693,8739,8861,34.02,19.32355087,6.815,0.081,62.2,4.094,0.003789,3.342,120.0,grid_connection,A2,143,148,2,0.8694475524475523,0.9662162162162162,free_air_evap_assist,1.1,A2,13.180851343894595,109.09090909090908,8.276469117561232,4.692181562977721,True
lulea,2016-10-12T10:05:28.175845+00:00,LC08_L1TP_194014_20161012_20170319_01_T1,L8_C1_L1TP_BT_B10,11.565,276.014,0.686,7898,8861,0.37,16.6855689,3.353,1.499,87.65,1.624,0.004198,2.174,120.0,grid_connection,A2,124,148,2,0.26558064516129026,0.8378378378378378,free_air_evap_assist,1.1,A2,13.180851343894595,109.09090909090908,8.276469117561232,4.692181562977721,True
lulea,2016-11-13T10:05:29.143126+00:00,LC08_L1TP_194014_20161113_20170318_01_T1,L8_C1_L1TP_BT_B10,11.566,261.618,0.614,8730,8861,7.21,6.21745644,-3.344,-4.644,90.72,3.064,0.00267,-4.175,120.0,grid_connection,A2,148,148,2,0.06797972972972971,1.0,free_air_evap_assist,1.1,A2,13.180851343894595,109.09090909090908,8.276469117561232,4.692181562977721,True
lulea,2017-02-26T09:58:51.058103+00:00,LC08_L1TP_193014_20170226_20170316_01_T1,L8_C1_L1TP_BT_B10,11.455,260.069,0.765,8683,8861,1.37,15.33068763,-9.577,-13.113,75.41,3.628,0.001376,-11.067,120.0,grid_connection,A2,148,148,2,0.9033716216216217,1.0,free_air_evap_assist,1.1,A2,13.180851343894595,109.09090909090908,8.276469117561232,4.692181562977721,True
lulea,2017-03-05T10:04:58.566741+00:00,LC08_L1TP_194014_20170305_20170316_01_T1,L8_C1_L1TP_BT_B10,11.557,262.289,0.721,8861,8861,0.02,18.02024072,-8.086,-11.922,73.89,3.302,0.001515,-9.722,120.0,grid_connection,A2,148,148,2,0.8675405405405404,1.0,free_air_evap_assist,1.1,A2,13.180851343894595,109.09090909090908,8.276469117561232,4.692181562977721,True
lulea,2017-03-07T09:52:35.853115+00:00,LC08_L1TP_192014_20170307_20170317_01_T1,L8_C1_L1TP_BT_B10,11.351,259.725,0.729,8206,8861,0.34,18.80008327,-12.967,-14.874,85.59,1.394,0.001191,-13.901,120.0,grid_connection,A2,148,148,2,0.7204391891891891,1.0,free_air_evap_assist,1.1,A2,13.180851343894595,109.09090909090908,8.276469117561232,4.692181562977721,True
lulea,2017-03-30T09:58:33.829327+00:00,LC08_L1TP_193014_20170330_20170414_01_T1,L8_C1_L1TP_BT_B10,11.45,268.704,1.259,8750,8861,23.41,27.94236866,-2.612,-9.171,60.67,2.63,0.001884,-5.278,120.0,grid_connection,A2,148,148,2,1.5934459459459458,1.0,free_air_evap_assist,1.1,A2,13.180851343894595,109.09090909090908,8.276469117561232,4.692181562977721,True
lulea,2017-04-08T09:52:18.917982900+00:00,LC08_L1TP_192014_20170408_20180523_01_T1,L8_C1_L1TP_BT_B10,11.346,270.627,0.942,7649,8861,7.25,31.41026258,-0.179,-7.463,57.96,1.155,0.002153,-3.238,120.0,grid_connection,A2,146,148,2,0.9345547945205479,0.9864864864864865,free_air_evap_assist,1.1,A2,13.180851343894595,109.09090909090908,8.276469117561232,4.692181562977721,True
lulea,2017-04-15T09:58:25.830953+00:00,LC08_L1TP_193014_20170415_20170501_01_T1,L8_C1_L1TP_BT_B10,11.448,269.425,1.397,5755,8861,51.02,33.99232069,-2.703,-7.978,67.04,4.46,0.002068,-5.034,120.0,grid_connection,A2,141,148,2,1.597709219858156,0.9527027027027027,free_air_evap_assist,1.1,A2,13.180851343894595,109.09090909090908,8.276469117561232,4.692181562977721,True
lulea,2017-05-10T09:52:09.816245+00:00,LC08_L1TP_192014_20170510_20170516_01_T1,L8_C1_L1TP_BT_B10,11.343,279.195,3.426,6689,8861,33.73,41.8582937,2.628,-1.81,72.56,2.534,0.003299,0.284,120.0,grid_connection,A2,148,148,2,2.9157702702702704,1.0,free_air_evap_assist,1.1,A2,13.180851343894595,109.09090909090908,8.276469117561232,4.692181562977721,True
lulea,2017-05-24T10:04:41.140146+00:00,LC08_L1TP_194014_20170524_20170614_01_T1,L8_C1_L1TP_BT_B10,11.552,287.479,2.41,6213,8861,10.54,44.95985723,8.321,0.817,59.19,5.827,0.003997,4.444,120.0,grid_connection,A2,148,148,2,2.2749864864864864,1.0,free_air_evap_assist,1.1,A2,13.180851343894595,109.09090909090908,8.276469117561232,4.692181562977721,True
lulea,2017-06-09T10:04:49.251851+00:00,LC08_L1TP_194014_20170609_20170616_01_T1,L8_C1_L1TP_BT_B10,11.555,289.47,1.841,8510,8861,66.67,47.03118198,12.733,7.985,72.85,2.942,0.006614,9.806,120.0,grid_connection,A2,147,148,2,2.5558435374149666,0.9932432432432432,free_air_evap_assist,1.1,A2,13.180851343894595,109.09090909090908,8.276469117561232,4.692181562977721,True
lulea,2017-06-11T09:52:28.443732+00:00,LC08_L1TP_192014_20170611_20170627_01_T1,L8_C1_L1TP_BT_B10,11.349,294.426,2.146,8861,8861,24.3,47.16964625,11.361,7.926,79.41,3.543,0.006587,9.176,120.0,grid_connection,A2,148,148,2,2.8776554054054055,1.0,free_air_evap_assist,1.1,A2,13.180851343894595,109.09090909090908,8.276469117561232,4.692181562977721,True
lulea,2017-07-13T09:52:36.042129+00:00,LC08_L1TP_192014_20170713_20170726_01_T1,L8_C1_L1TP_BT_B10,11.351,291.96,1.917,8848,8861,52.15,45.70337063,16.377,13.342,82.24,5.219,0.009466,14.309,120.0,grid_connection,A2,148,148,2,2.7536554054054054,1.0,free_air_evap_assist,1.1,A2,13.180851343894595,109.09090909090908,8.276469117561232,4.692181562977721,True
lulea,2017-07-27T10:05:04.946211+00:00,LC08_L1TP_194014_20170727_20170810_01_T1,L8_C1_L1TP_BT_B10,11.559,290.706,1.423,7344,8861,55.04,43.05179796,20.207,14.598,70.17,2.067,0.010275,16.495,120.0,grid_connection,A2,141,148,2,1.4977021276595743,0.9527027027027027,free_air_evap_assist,1.1,A2,13.180851343894595,109.09090909090908,8.276469117561232,4.692181562977721,True
lulea,2017-08-05T09:58:57.946766+00:00,LC08_L1TP_193014_20170805_20180523_01_T1,L8_C1_L1TP_BT_B10,11.457,289.957,1.606,5884,8861,54.72,40.81995571,17.4,11.536,68.46,6.035,0.008402,13.677,120.0,grid_connection,A2,84,87,1,4.345,0.9655172413793104,free_air_evap_assist,1.1,A2,13.180851343894595,109.09090909090908,8.276469117561232,4.692181562977721,True
lulea,2017-08-14T09:52:50.189793900+00:00,LC08_L1TP_192014_20170814_20170825_01_T1,L8_C1_L1TP_BT_B10,11.355,288.836,2.024,3827,8861,26.59,38.23794225,16.589,6.69,51.99,7.069,0.006051,11.004,120.0,grid_connection,A2,147,148,2,1.258122448979592,0.9932432432432432,free_air_evap_assist,1.1,A2,13.180851343894595,109.09090909090908,8.276469117561232,4.692181562977721,True
lulea,2017-08-28T10:05:15.009212+00:00,LC08_L1TP_194014_20170828_20170914_01_T1,L8_C1_L1TP_BT_B10,11.562,287.027,1.11,8857,8861,5.71,33.6535729,13.178,9.702,79.46,5.434,0.007431,10.923,120.0,grid_connection,A2,148,148,2,2.0015270270270267,1.0,free_air_evap_assist,1.1,A2,13.180851343894595,109.09090909090908,8.276469117561232,4.692181562977721,True
lulea,2017-08-30T09:52:53.646929+00:00,LC08_L1TP_192014_20170830_20170914_01_T1,L8_C1_L1TP_BT_B10,11.356,288.148,1.154,8861,8861,35.26,32.95707339,14.731,9.103,69.01,3.783,0.007136,11.263,120.0,grid_connection,A2,148,148,2,2.128628378378379,1.0,free_air_evap_assist,1.1,A2,13.180851343894595,109.09090909090908,8.276469117561232,4.692181562977721,True
lulea,2017-09-29T10:05:22.672817900+00:00,LC08_L1TP_194014_20170929_20171013_01_T1,L8_C1_L1TP_BT_B10,11.564,282.187,0.79,8821,8861,56.0,21.70876883,7.492,6.695,94.69,0.908,0.006053,6.897,120.0,grid_connection,A2,148,148,2,1.2747635135135134,1.0,free_air_evap_assist,1.1,A2,13.180851343894595,109.09090909090908,8.276469117561232,4.692181562977721,True
lulea,2017-10-17T09:53:05.404668900+00:00,LC08_L1TP_192014_20171017_20171024_01_T1,L8_C1_L1TP_BT_B10,11.359,279.013,0.343,8685,8861,6.87,14.93908278,8.171,2.759,68.7,4.454,0.004594,5.144,120.0,grid_connection,A2,146,148,2,0.4989794520547945,0.9864864864864865,free_air_evap_assist,1.1,A2,13.180851343894595,109.09090909090908,8.276469117561232,4.692181562977721,True
lulea,2017-11-16T10:05:23.723804+00:00,LC08_L1TP_194014_20171116_20171122_01_T1,L8_C1_L1TP_BT_B10,11.564,264.42,0.981,8771,8861,3.49,5.50994376,-4.233,-6.085,86.92,4.206,0.002393,-5.304,120.0,grid_connection,A2,148,148,2,0.741195945945946,1.0,free_air_evap_assist,1.1,A2,13.180851343894595,109.09090909090908,8.276469117561232,4.692181562977721,True
lulea,2018-02-04T10:05:01.097577900+00:00,LC08_L1TP_194014_20180204_20180220_01_T1,L8_C1_L1TP_BT_B10,11.558,250.569,2.031,8460,8861,2.04,7.73301975,-16.406,-18.402,84.54,2.865,0.000887,-17.287,120.0,grid_connection,A2,148,148,2,1.861418918918919,1.0,free_air_evap_assist,1.1,A2,13.180851343894595,109.09090909090908,8.276469117561232,4.692181562977721,True
lulea,2018-02-22T09:52:33.195143900+00:00,LC08_L1TP_192014_20180222_20180308_01_T1,L8_C1_L1TP_BT_B10,11.35,252.766,0.926,7465,8861,7.61,13.74955656,-18.422,-21.52,76.59,2.662,0.000678,-19.429,120.0,grid_connection,A2,148,148,2,1.0995202702702702,1.0,free_air_evap_assist,1.1,A2,13.180851343894595,109.09090909090908,8.276469117561232,4.692181562977721,True
lulea,2018-03-26T09:52:17.264961+00:00,LC08_L1TP_192014_20180326_20180404_01_T1,L8_C1_L1TP_BT_B10,11.346,266.75,0.602,8861,8861,0.05,26.26319728,-4.745,-12.604,54.17,4.235,0.001434,-7.446,120.0,grid_connection,A2,148,148,2,0.4450675675675676,1.0,free_air_evap_assist,1.1,A2,13.180851343894595,109.09090909090908,8.276469117561232,4.692181562977721,True
lulea,2018-04-09T10:04:31.817588900+00:00,LC08_L1TP_194014_20180409_20180417_01_T1,L8_C1_L1TP_BT_B10,11.55,272.823,0.603,8861,8861,7.74,31.69475048,1.765,-7.134,51.68,6.198,0.002208,-1.884,120.0,grid_connection,A2,148,148,2,0.43542567567567564,1.0,free_air_evap_assist,1.1,A2,13.180851343894595,109.09090909090908,8.276469117561232,4.692181562977721,True
lulea,2018-04-18T09:58:15.362077+00:00,LC08_L1TP_193014_20180418_20180501_01_T1,L8_C1_L1TP_BT_B10,11.445,277.375,1.584,8833,8861,11.05,34.97068471,6.419,-1.295,57.81,2.584,0.003427,2.631,120.0,grid_connection,A2,148,148,2,1.3297027027027026,1.0,free_air_evap_assist,1.1,A2,13.180851343894595,109.09090909090908,8.276469117561232,4.692181562977721,True
lulea,2018-05-11T10:04:13.010504+00:00,LC08_L1TP_194014_20180511_20180517_01_T1,L8_C1_L1TP_BT_B10,11.545,286.834,2.82,7853,8861,35.02,42.04161667,10.336,3.156,61.08,4.467,0.004726,6.427,120.0,grid_connection,A2,148,148,2,3.977277027027027,1.0,free_air_evap_assist,1.1,A2,13.180851343894595,109.09090909090908,8.276469117561232,4.692181562977721,True
lulea,2018-05-27T10:04:00.607210+00:00,LC08_L1TP_194014_20180527_20180605_01_T1,L8_C1_L1TP_BT_B10,11.541,290.468,2.253,8861,8861,1.96,45.41444579,12.442,0.289,43.28,1.831,0.003847,6.513,120.0,grid_connection,A2,148,148,2,4.5825,1.0,free_air_evap_assist,1.1,A2,13.180851343894595,109.09090909090908,8.276469117561232,4.692181562977721,True
lulea,2018-05-29T09:51:37.256073+00:00,LC08_L1TP_192014_20180529_20180605_01_T1,L8_C1_L1TP_BT_B10,11.335,297.061,1.64,8861,8861,10.25,45.72653305,20.145,3.929,34.35,7.072,0.004991,11.602,120.0,grid_connection,A2,148,148,2,3.9858243243243248,1.0,free_air_evap_assist,1.1,A2,13.180851343894595,109.09090909090908,8.276469117561232,4.692181562977721,True
lulea,2018-07-14T10:04:18.914659+00:00,LC08_L1TP_194014_20180714_20180730_01_T1,L8_C1_L1TP_BT_B10,11.546,296.243,2.014,8861,8861,23.83,45.57212326,21.709,15.166,66.37,3.013,0.010661,17.394,120.0,grid_connection,A2,148,148,2,4.764108108108108,1.0,free_air_evap_assist,1.1,A2,13.180851343894595,109.09090909090908,8.276469117561232,4.692181562977721,True
lulea,2018-07-16T09:51:58.118238+00:00,LC08_L1TP_192014_20180716_20180730_01_T1,L8_C1_L1TP_BT_B10,11.34,298.469,2.247,8860,8861,0.05,45.25357447,23.249,12.656,51.35,1.032,0.009048,16.692,120.0,grid_connection,A2,148,148,2,5.242655405405405,1.0,free_air_evap_assist,1.1,A2,13.180851343894595,109.09090909090908,8.276469117561232,4.692181562977721,True
lulea,2018-07-23T09:58:11.560241900+00:00,LC08_L1TP_193014_20180723_20180731_01_T1,L8_C1_L1TP_BT_B10,11.444,296.647,1.754,8861,8861,42.09,43.95486862,23.874,16.949,65.22,2.897,0.011956,19.227,120.0,grid_connection,A2,148,148,2,4.356851351351351,1.0,free_air_evap_assist,1.1,A2,13.180851343894595,109.09090909090908,8.276469117561232,4.692181562977721,True
lulea,2018-08-08T09:58:20.549976900+00:00,LC08_L1TP_193014_20180808_20180815_01_T1,L8_C1_L1TP_BT_B10,11.446,293.959,1.424,8861,8861,11.23,40.05102192,21.094,14.808,67.35,5.695,0.010416,16.956,120.0,grid_connection,A2,148,148,2,3.607560810810811,1.0,free_air_evap_assist,1.1,A2,13.180851343894595,109.09090909090908,8.276469117561232,4.692181562977721,True
lulea,2018-08-31T10:04:42.199134900+00:00,LC08_L1TP_194014_20180831_20180912_01_T1,L8_C1_L1TP_BT_B10,11.553,288.464,1.298,8861,8861,4.08,32.67915072,14.825,7.453,61.33,2.785,0.006377,10.506,120.0,grid_connection,A2,148,148,2,3.0712094594594594,1.0,free_air_evap_assist,1.1,A2,13.180851343894595,109.09090909090908,8.276469117561232,4.692181562977721,True
lulea,2018-09-18T09:52:25.582599+00:00,LC08_L1TP_192014_20180918_20180928_01_T1,L8_C1_L1TP_BT_B10,11.348,284.57,0.844,8806,8861,13.16,26.02335788,12.276,5.76,64.44,3.265,0.005673,8.519,120.0,grid_connection,A2,148,148,2,2.4679797297297297,1.0,free_air_evap_assist,1.1,A2,13.180851343894595,109.09090909090908,8.276469117561232,4.692181562977721,True
lulea,2018-10-04T09:52:33.388714+00:00,LC08_L1TP_192014_20181004_20181010_01_T1,L8_C1_L1TP_BT_B10,11.35,275.961,0.669,8678,8861,3.62,19.88738846,3.968,-0.774,71.22,1.451,0.00356,1.438,120.0,grid_connection,A2,118,148,2,1.2648305084745763,0.7972972972972973,free_air_evap_assist,1.1,A2,13.180851343894595,109.09090909090908,8.276469117561232,4.692181562977721,True
lulea,2018-10-11T09:58:47.306855+00:00,LC08_L1TP_193014_20181011_20181030_01_T1,L8_C1_L1TP_BT_B10,11.454,280.625,0.539,8364,8861,8.89,17.2369476,9.295,5.397,76.62,1.361,0.005532,6.929,120.0,grid_connection,A2,144,148,2,1.3457708333333334,0.972972972972973,free_air_evap_assist,1.1,A2,13.180851343894595,109.09090909090908,8.276469117561232,4.692181562977721,True
lulea,2018-10-18T10:05:00.619085+00:00,LC08_L1TP_194014_20181018_20181031_01_T1,L8_C1_L1TP_BT_B10,11.558,278.801,0.396,8715,8861,0.97,14.65864762,8.448,4.371,75.53,4.094,0.005149,6.023,120.0,grid_connection,A2,148,148,2,0.8187567567567566,1.0,free_air_evap_assist,1.1,A2,13.180851343894595,109.09090909090908,8.276469117561232,4.692181562977721,True
lulea,2018-11-05T09:52:43.094630+00:00,LC08_L1TP_192014_20181105_20181115_01_T1,L8_C1_L1TP_BT_B10,11.353,274.867,0.344,8831,8861,44.74,8.62805295,3.8,2.232,89.5,3.809,0.004425,2.77,120.0,grid_connection,A2,143,148,2,0.44642657342657344,0.9662162162162162,free_air_evap_assist,1.1,A2,13.180851343894595,109.09090909090908,8.276469117561232,4.692181562977721,True
lulea,2019-01-31T09:58:44.582994+00:00,LC08_L1TP_193014_20190131_20190206_01_T1,L8_C1_L1TP_BT_B10,11.453,246.063,1.323,7493,8861,2.31,6.51893702,-18.003,-21.542,73.78,1.511,0.000677,-19.079,120.0,grid_connection,A2,71,87,1,0.082,0.8160919540229885,free_air_evap_assist,1.1,A2,13.180851343894595,109.09090909090908,8.276469117561232,4.692181562977721,True
lulea,2019-02-25T09:52:29.755504+00:00,LC08_L1TP_192014_20190225_20190309_01_T1,L8_C1_L1TP_BT_B10,11.349,273.925,0.631,8550,8861,0.88,14.76977673,4.676,-2.203,61.02,6.886,0.003205,1.315,120.0,grid_connection,A2,148,148,2,-0.11369594594594594,1.0,free_air_evap_assist,1.1,A2,13.180851343894595,109.09090909090908,8.276469117561232,4.692181562977721,True
lulea,2019-03-04T09:58:38.364658+00:00,LC08_L1TP_193014_20190304_20190309_01_T1,L8_C1_L1TP_BT_B10,11.451,260.486,1.263,8301,8861,3.94,17.43953184,-9.254,-12.56,76.88,2.245,0.001439,-10.697,120.0,grid_connection,A2,148,148,2,0.3128378378378378,1.0,free_air_evap_assist,1.1,A2,13.180851343894595,109.09090909090908,8.276469117561232,4.692181562977721,True
lulea,2019-03-11T10:04:46.473984+00:00,LC08_L1TP_194014_20190311_20190325_01_T1,L8_C1_L1TP_BT_B10,11.554,263.935,0.414,8858,8861,7.36,20.1905073,-5.948,-10.812,68.49,7.989,0.001655,-7.962,120.0,grid_connection,A2,148,148,2,0.14829729729729732,1.0,free_air_evap_assist,1.1,A2,13.180851343894595,109.09090909090908,8.276469117561232,4.692181562977721,True
lulea,2019-03-27T10:04:43.026368+00:00,LC08_L1TP_194014_20190327_20190404_01_T1,L8_C1_L1TP_BT_B10,11.553,272.621,0.523,8445,8861,25.5,26.56995072,2.465,-2.173,71.47,4.444,0.003212,0.051,120.0,grid_connection,A2,148,148,2,0.14406081081081082,1.0,free_air_evap_assist,1.1,A2,13.180851343894595,109.09090909090908,8.276469117561232,4.692181562977721,True
lulea,2019-04-05T09:58:29.889179900+00:00,LC08_L1TP_193014_20190405_20190422_01_T1,L8_C1_L1TP_BT_B10,11.449,273.441,0.716,8854,8861,7.04,30.08689546,0.43,-4.802,67.95,3.606,0.002638,-2.085,120.0,grid_connection,A2,148,148,2,1.285689189189189,1.0,free_air_evap_assist,1.1,A2,13.180851343894595,109.09090909090908,8.276469117561232,4.692181562977721,True
lulea,2019-04-14T09:52:15.849484+00:00,LC08_L1TP_192014_20190414_20190422_01_T1,L8_C1_L1TP_BT_B10,11.345,276.806,1.722,8861,8861,19.22,33.4570663,5.484,-2.999,54.38,1.594,0.003021,1.54,120.0,grid_connection,A2,148,148,2,2.2426486486486485,1.0,free_air_evap_assist,1.1,A2,13.180851343894595,109.09090909090908,8.276469117561232,4.692181562977721,True
lulea,2019-04-28T10:04:33.340917+00:00,LC08_L1TP_194014_20190428_20190508_01_T1,L8_C1_L1TP_BT_B10,11.55,280.554,2.497,7686,8861,0.68,38.25004276,4.08,-1.807,65.51,4.031,0.0033,1.108,120.0,grid_connection,A2,148,148,2,4.398466216216216,1.0,free_air_evap_assist,1.1,A2,13.180851343894595,109.09090909090908,8.276469117561232,4.692181562977721,True
lulea,2019-05-16T09:52:22.570269900+00:00,LC08_L1TP_192014_20190516_20190521_01_T1,L8_C1_L1TP_BT_B10,11.347,286.409,2.678,7421,8861,18.6,43.21462366,11.186,0.231,46.82,0.587,0.003831,5.814,120.0,grid_connection,A2,148,148,2,0.4973918918918919,1.0,free_air_evap_assist,1.1,A2,13.180851343894595,109.09090909090908,8.276469117561232,4.692181562977721,True
lulea,2019-06-01T09:52:31.303915+00:00,LC08_L1TP_192014_20190601_20190605_01_T1,L8_C1_L1TP_BT_B10,11.35,287.643,1.852,8280,8861,37.24,46.14288127,11.561,1.041,48.43,6.71,0.004062,6.289,120.0,grid_connection,A2,124,148,2,2.2410806451612904,0.8378378378378378,free_air_evap_assist,1.1,A2,13.180851343894595,109.09090909090908,8.276469117561232,4.692181562977721,True
lulea,2019-06-08T09:58:45.252980900+00:00,LC08_L1TP_193014_20190608_20190619_01_T1,L8_C1_L1TP_BT_B10,11.453,292.727,1.389,8844,8861,18.39,46.91268746,16.533,13.049,79.89,5.107,0.009285,14.188,120.0,grid_connection,A2,147,148,2,2.873918367346939,0.9932432432432432,free_air_evap_assist,1.1,A2,13.180851343894595,109.09090909090908,8.276469117561232,4.692181562977721,True
lulea,2019-06-15T10:04:58.757324900+00:00,LC08_L1TP_194014_20190615_20190620_01_T1,L8_C1_L1TP_BT_B10,11.557,295.618,2.232,8861,8861,6.61,47.35091433,17.91,7.826,51.69,1.142,0.006542,12.113,120.0,grid_connection,A2,148,148,2,4.777060810810811,1.0,free_air_evap_assist,1.1,A2,13.180851343894595,109.09090909090908,8.276469117561232,4.692181562977721,True
lulea,2019-07-03T09:52:42.301872+00:00,LC08_L1TP_192014_20190703_20190718_01_T1,L8_C1_L1TP_BT_B10,11.353,293.761,3.26,3378,8861,22.62,46.93367539,15.509,6.114,53.54,1.865,0.005815,10.243,120.0,grid_connection,A2,148,148,2,4.5735472972972975,1.0,free_air_evap_assist,1.1,A2,13.180851343894595,109.09090909090908,8.276469117561232,4.692181562977721,True
lulea,2019-07-19T09:52:45.014269900+00:00,LC08_L1TP_192014_20190719_20190731_01_T1,L8_C1_L1TP_BT_B10,11.353,292.968,2.515,5361,8861,24.31,44.79214506,17.551,11.737,68.72,2.614,0.008515,13.848,120.0,grid_connection,A2,148,148,2,5.604608108108109,1.0,free_air_evap_assist,1.1,A2,13.180851343894595,109.09090909090908,8.276469117561232,4.692181562977721,True
lulea,2019-07-26T09:58:59.120098+00:00,LC08_L1TP_193014_20190726_20190801_01_T1,L8_C1_L1TP_BT_B10,11.457,297.763,1.386,8795,8861,8.98,43.38736829,25.663,18.087,62.97,4.828,0.012854,20.538,120.0,grid_connection,A2,138,148,2,3.5735217391304346,0.9324324324324325,free_air_evap_assist,1.1,A2,13.180851343894595,109.09090909090908,8.276469117561232,4.692181562977721,True
lulea,2019-08-02T10:05:12.899822+00:00,LC08_L1TP_194014_20190802_20190819_01_T1,L8_C1_L1TP_BT_B10,11.561,288.569,2.585,4588,8861,54.32,41.73054135,13.625,4.591,54.4,4.874,0.005229,8.687,120.0,grid_connection,A2,147,148,2,4.08761224489796,0.9932432432432432,free_air_evap_assist,1.1,A2,13.180851343894595,109.09090909090908,8.276469117561232,4.692181562977721,True
lulea,2019-08-04T09:52:52.037770+00:00,LC08_L1TP_192014_20190804_20190820_01_T1,L8_C1_L1TP_BT_B10,11.355,291.64,2.24,8861,8861,3.24,41.21720882,15.964,4.711,47.18,0.769,0.005273,9.898,120.0,grid_connection,A2,148,148,2,4.324871621621621,1.0,free_air_evap_assist,1.1,A2,13.180851343894595,109.09090909090908,8.276469117561232,4.692181562977721,True
lulea,2019-08-20T09:52:57.074856+00:00,LC08_L1TP_192014_20190820_20190903_01_T1,L8_C1_L1TP_BT_B10,11.357,289.841,1.18,8758,8861,29.91,36.50926182,17.293,12.974,75.76,5.948,0.00924,14.434,120.0,grid_connection,A2,146,148,2,1.7004109589041094,0.9864864864864865,free_air_evap_assist,1.1,A2,13.180851343894595,109.09090909090908,8.276469117561232,4.692181562977721,True
lulea,2019-08-27T09:59:09.469808900+00:00,LC08_L1TP_193014_20190827_20190903_01_T1,L8_C1_L1TP_BT_B10,11.46,291.914,1.035,8547,8861,4.9,34.17225026,19.672,14.521,72.17,4.246,0.010223,16.245,120.0,grid_connection,A2,87,87,1,3.699,1.0,free_air_evap_assist,1.1,A2,13.180851343894595,109.09090909090908,8.276469117561232,4.692181562977721,True
lulea,2019-09-03T10:05:21.525906+00:00,LC08_L1TP_194014_20190903_20190916_01_T1,L8_C1_L1TP_BT_B10,11.563,287.026,1.236,8861,8861,4.12,31.70544491,14.328,7.243,62.43,4.155,0.006286,10.176,120.0,grid_connection,A2,148,148,2,2.413081081081081,1.0,free_air_evap_assist,1.1,A2,13.180851343894595,109.09090909090908,8.276469117561232,4.692181562977721,True
lulea,2019-09-19T10:05:27.161249+00:00,LC08_L1TP_194014_20190919_20190926_01_T1,L8_C1_L1TP_BT_B10,11.565,278.258,1.074,8012,8861,5.03,25.74051664,7.9,0.637,60.12,5.233,0.003945,4.147,120.0,grid_connection,A2,82,87,1,2.264,0.9425287356321839,free_air_evap_assist,1.1,A2,13.180851343894595,109.09090909090908,8.276469117561232,4.692181562977721,True
lulea,2020-02-03T09:59:02.719985+00:00,LC08_L1TP_193014_20200203_20200211_01_T1,L8_C1_L1TP_BT_B10,11.458,263.319,1.109,5294,8861,1.5,7.30133472,-5.138,-9.187,73.22,7.571,0.001882,-6.977,120.0,grid_connection,A2,148,148,2,1.3913040540540542,1.0,free_air_evap_assist,1.1,A2,13.180851343894595,109.09090909090908,8.276469117561232,4.692181562977721,True
lulea,2020-02-19T09:58:59.526383+00:00,LC08_L1TP_193014_20200219_20200225_01_T1,L8_C1_L1TP_BT_B10,11.457,264.944,0.412,8663,8861,50.45,12.49826291,-3.508,-6.334,80.77,5.317,0.002348,-4.992,120.0,grid_connection,A2,148,148,2,0.25063513513513513,1.0,free_air_evap_assist,1.1,A2,13.180851343894595,109.09090909090908,8.276469117561232,4.692181562977721,True
lulea,2020-02-28T09:52:46.005914900+00:00,LC08_L1TP_192014_20200228_20200313_01_T1,L8_C1_L1TP_BT_B10,11.354,257.778,1.467,5887,8861,6.69,15.81295433,-10.818,-13.038,83.69,2.358,0.001384,-11.896,120.0,grid_connection,A2,131,148,2,1.209557251908397,0.8851351351351351,free_air_evap_assist,1.1,A2,13.180851343894595,109.09090909090908,8.276469117561232,4.692181562977721,True
lulea,2020-03-06T09:58:54.142388+00:00,LC08_L1TP_193014_20200306_20200314_01_T1,L8_C1_L1TP_BT_B10,11.456,264.951,0.822,7274,8861,18.59,18.51958938,-4.565,-7.964,77.13,2.935,0.002071,-6.222,120.0,grid_connection,A2,148,148,2,0.5404324324324324,1.0,free_air_evap_assist,1.1,A2,13.180851343894595,109.09090909090908,8.276469117561232,4.692181562977721,True
lulea,2020-03-15T09:52:39.194962+00:00,LC08_L1TP_192014_20200315_20200325_01_T1,L8_C1_L1TP_BT_B10,11.352,267.475,0.65,4740,8861,17.54,22.08432778,-1.54,-7.038,66.15,5.764,0.002224,-4.012,120.0,grid_connection,A2,62,87,1,1.03,0.7126436781609196,free_air_evap_assist,1.1,A2,13.180851343894595,109.09090909090908,8.276469117561232,4.692181562977721,True
lulea,2020-05-18T09:52:13.278028+00:00,LC08_L1TP_192014_20200518_20200527_01_T1,L8_C1_L1TP_BT_B10,11.345,283.865,3.153,7017,8861,47.72,43.82567119,7.752,-2.599,47.94,0.963,0.003112,2.999,120.0,grid_connection,A2,148,148,2,4.378702702702703,1.0,free_air_evap_assist,1.1,A2,13.180851343894595,109.09090909090908,8.276469117561232,4.692181562977721,True
lulea,2020-05-25T09:58:25.418965900+00:00,LC08_L1TP_193014_20200525_20200608_01_T1,L8_C1_L1TP_BT_B10,11.448,292.514,3.152,7585,8861,15.77,45.18544745,14.694,4.383,50.03,1.795,0.005153,9.14,120.0,grid_connection,A2,148,148,2,3.797932432432432,1.0,free_air_evap_assist,1.1,A2,13.180851343894595,109.09090909090908,8.276469117561232,4.692181562977721,True
lulea,2020-06-01T10:04:39.263168+00:00,LC08_L1TP_194014_20200601_20200608_01_T1,L8_C1_L1TP_BT_B10,11.552,296.002,2.177,8861,8861,2.37,46.24155953,17.868,5.801,45.11,2.542,0.00569,11.248,120.0,grid_connection,A2,146,148,2,4.421136986301371,0.9864864864864865,free_air_evap_assist,1.1,A2,13.180851343894595,109.09090909090908,8.276469117561232,4.692181562977721,True
lulea,2020-06-17T10:04:49.172511900+00:00,LC08_L1TP_194014_20200617_20200625_01_T1,L8_C1_L1TP_BT_B10,11.555,296.219,2.536,8861,8861,0.07,47.42873648,18.712,6.892,46.12,2.889,0.006136,12.088,120.0,grid_connection,A2,144,148,2,5.506729166666667,0.972972972972973,free_air_evap_assist,1.1,A2,13.180851343894595,109.09090909090908,8.276469117561232,4.692181562977721,True
lulea,2020-06-19T09:52:28.625919900+00:00,LC08_L1TP_192014_20200619_20200626_01_T1,L8_C1_L1TP_BT_B10,11.349,294.179,2.26,8861,8861,5.83,47.45354363,17.596,5.117,43.76,3.754,0.005425,10.849,120.0,grid_connection,A2,148,148,2,4.2706959459459455,1.0,free_air_evap_assist,1.1,A2,13.180851343894595,109.09090909090908,8.276469117561232,4.692181562977721,True
lulea,2020-06-26T09:58:43.022279+00:00,LC08_L1TP_193014_20200626_20200708_01_T1,L8_C1_L1TP_BT_B10,11.453,294.39,2.427,8589,8861,17.02,47.32509145,22.046,11.725,51.96,2.133,0.008508,15.737,120.0,grid_connection,A2,138,148,2,4.745108695652174,0.9324324324324325,free_air_evap_assist,1.1,A2,13.180851343894595,109.09090909090908,8.276469117561232,4.692181562977721,True
lulea,2020-08-06T09:52:45.425298+00:00,LC08_L1TP_192014_20200806_20200821_01_T1,L8_C1_L1TP_BT_B10,11.353,292.084,2.061,8831,8861,13.4,40.47701727,18.421,13.075,71.04,2.189,0.009301,14.934,120.0,grid_connection,A2,86,87,1,3.5430000000000006,0.9885057471264368,free_air_evap_assist,1.1,A2,13.180851343894595,109.09090909090908,8.276469117561232,4.692181562977721,True
lulea,2020-08-29T09:59:06.429848+00:00,LC08_L1TP_193014_20200829_20200905_01_T1,L8_C1_L1TP_BT_B10,11.459,286.569,1.275,6959,8861,49.17,33.21253869,14.628,10.697,77.29,3.28,0.007944,12.075,120.0,grid_connection,A2,87,87,1,4.038,1.0,free_air_evap_assist,1.1,A2,13.180851343894595,109.09090909090908,8.276469117561232,4.692181562977721,True
lulea,2020-09-07T09:52:59.477739900+00:00,LC08_L1TP_192014_20200907_20200918_01_T1,L8_C1_L1TP_BT_B10,11.357,287.128,1.953,4976,8861,61.0,29.97346138,14.034,8.573,69.65,1.403,0.006884,10.685,120.0,grid_connection,A2,85,87,1,2.241,0.9770114942528736,free_air_evap_assist,1.1,A2,13.180851343894595,109.09090909090908,8.276469117561232,4.692181562977721,True
lulea,2020-09-14T09:59:12.814222900+00:00,LC08_L1TP_193014_20200914_20200920_01_T1,L8_C1_L1TP_BT_B10,11.461,285.544,0.733,8777,8861,8.17,27.35452481,13.979,5.655,57.25,6.508,0.005632,9.303,120.0,grid_connection,A2,87,87,1,2.522,1.0,free_air_evap_assist,1.1,A2,13.180851343894595,109.09090909090908,8.276469117561232,4.692181562977721,True
lulea,2020-10-23T10:05:29.297709900+00:00,LC08_L1TP_194014_20201023_20201105_01_T1,L8_C1_L1TP_BT_B10,11.566,266.787,1.002,8776,8861,0.97,12.70679729,-1.542,-4.443,80.6,3.636,0.002711,-3.112,120.0,grid_connection,A2,148,148,2,0.689885135135135,1.0,free_air_evap_assist,1.1,A2,13.180851343894595,109.09090909090908,8.276469117561232,4.692181562977721,True
lulea,2021-01-29T09:52:55.800290900+00:00,LC08_L1TP_192014_20210129_20210306_01_T1,L8_C1_L1TP_BT_B10,11.356,249.444,2.273,7099,8861,8.02,6.12059355,-13.493,-15.968,81.59,2.709,0.001088,-14.569,120.0,grid_connection,A2,146,148,2,1.8452054794520547,0.9864864864864865,free_air_evap_assist,1.1,A2,13.180851343894595,109.09090909090908,8.276469117561232,4.692181562977721,True
lulea,2021-02-14T09:52:52.579592900+00:00,LC08_L1TP_192014_20210214_20210304_01_T1,L8_C1_L1TP_BT_B10,11.355,258.049,1.84,8733,8861,0.11,11.01913794,-11.958,-14.805,79.35,3.67,0.001198,-13.179,120.0,grid_connection,A2,148,148,2,1.6929054054054056,1.0,free_air_evap_assist,1.1,A2,13.180851343894595,109.09090909090908,8.276469117561232,4.692181562977721,True
lulea,2021-03-18T09:52:36.957281900+00:00,LC08_L1TP_192014_20210318_20210328_01_T1,L8_C1_L1TP_BT_B10,11.351,266.695,0.638,8738,8861,0.09,23.18838647,-5.263,-12.087,58.72,5.644,0.001495,-7.742,120.0,grid_connection,A2,148,148,2,1.1006283783783781,1.0,free_air_evap_assist,1.1,A2,13.180851343894595,109.09090909090908,8.276469117561232,4.692181562977721,True
lulea,2021-04-17T10:04:49.794454+00:00,LC08_L1TP_194014_20210417_20210424_01_T1,L8_C1_L1TP_BT_B10,11.555,279.395,2.581,8806,8861,0.01,34.72455919,4.261,-0.845,69.41,1.89,0.003542,1.572,120.0,grid_connection,A2,148,148,2,7.127243243243242,1.0,free_air_evap_assist,1.1,A2,13.180851343894595,109.09090909090908,8.276469117561232,4.692181562977721,True
lulea,2021-04-19T09:52:27.181026900+00:00,LC08_L1TP_192014_20210419_20210424_01_T1,L8_C1_L1TP_BT_B10,11.348,279.699,2.578,8720,8861,0.01,35.42257394,5.341,-0.896,64.13,2.83,0.003529,2.157,120.0,grid_connection,A2,148,148,2,6.809168918918919,1.0,free_air_evap_assist,1.1,A2,13.180851343894595,109.09090909090908,8.276469117561232,4.692181562977721,True
lulea,2021-04-26T09:58:34.148793+00:00,LC08_L1TP_193014_20210426_20210501_01_T1,L8_C1_L1TP_BT_B10,11.45,276.075,1.575,7655,8861,35.87,37.77099665,4.25,-6.781,44.54,4.253,0.002269,-0.203,120.0,grid_connection,A2,148,148,2,3.627351351351352,1.0,free_air_evap_assist,1.1,A2,13.180851343894595,109.09090909090908,8.276469117561232,4.692181562977721,True
lulea,2021-05-05T09:52:17.394201+00:00,LC08_L1TP_192014_20210505_20210517_01_T1,L8_C1_L1TP_BT_B10,11.346,281.958,3.013,8861,8861,47.33,40.50216298,3.652,-6.747,46.57,4.033,0.002275,-0.576,120.0,grid_connection,A2,148,148,2,5.7577837837837835,1.0,free_air_evap_assist,1.1,A2,13.180851343894595,109.09090909090908,8.276469117561232,4.692181562977721,True
lulea,2021-06-04T10:04:55.310570+00:00,LC08_L1TP_194014_20210604_20210614_01_T1,L8_C1_L1TP_BT_B10,11.556,296.377,1.781,8861,8861,7.24,46.57197177,18.534,8.528,52.13,5.942,0.006863,12.71,120.0,grid_connection,A2,148,148,2,5.100222972972973,1.0,free_air_evap_assist,1.1,A2,13.180851343894595,109.09090909090908,8.276469117561232,4.692181562977721,True
lulea,2021-06-06T09:52:34.523206900+00:00,LC08_L1TP_192014_20210606_20210614_01_T1,L8_C1_L1TP_BT_B10,11.35,295.029,1.967,8861,8861,20.01,46.77766839,18.607,7.159,47.28,2.972,0.006249,12.151,120.0,grid_connection,A2,148,148,2,5.939952702702703,1.0,free_air_evap_assist,1.1,A2,13.180851343894595,109.09090909090908,8.276469117561232,4.692181562977721,True
lulea,2021-06-13T09:58:47.982302+00:00,LC08_L1TP_193014_20210613_20210622_01_T1,L8_C1_L1TP_BT_B10,11.454,290.957,2.358,4844,8861,25.21,47.28668671,16.112,3.839,43.97,5.807,0.004959,9.64,120.0,grid_connection,A2,82,87,1,2.701,0.9425287356321839,free_air_evap_assist,1.1,A2,13.180851343894595,109.09090909090908,8.276469117561232,4.692181562977721,True
lulea,2021-07-06T10:05:03.495922+00:00,LC08_L1TP_194014_20210706_20210713_01_T1,L8_C1_L1TP_BT_B10,11.558,296.617,1.618,8861,8861,39.63,46.60003068,23.683,16.039,62.26,3.624,0.011278,18.638,120.0,grid_connection,A2,148,148,2,3.661804054054054,1.0,free_air_evap_assist,1.1,A2,13.180851343894595,109.09090909090908,8.276469117561232,4.692181562977721,True
lulea,2021-08-07T10:05:15.225966900+00:00,LC08_L1TP_194014_20210807_20210811_01_T1,L8_C1_L1TP_BT_B10,11.562,294.666,1.953,8861,8861,27.52,40.26800978,19.178,12.231,64.11,3.929,0.008798,14.785,120.0,grid_connection,A2,148,148,2,4.934283783783783,1.0,free_air_evap_assist,1.1,A2,13.180851343894595,109.09090909090908,8.276469117561232,4.692181562977721,True
lulea,2021-09-08T10:05:24.930470900+00:00,LC08_L1TP_194014_20210908_20210916_01_T1,L8_C1_L1TP_BT_B10,11.564,287.926,0.69,8861,8861,15.68,29.69050975,16.293,9.366,63.55,5.844,0.007264,12.088,120.0,grid_connection,A2,148,148,2,2.391445945945946,1.0,free_air_evap_assist,1.1,A2,13.180851343894595,109.09090909090908,8.276469117561232,4.692181562977721,True
lulea,2021-09-10T09:53:03.750218+00:00,LC08_L1TP_192014_20210910_20210916_01_T1,L8_C1_L1TP_BT_B10,11.358,285.876,1.254,8861,8861,1.61,28.94978874,11.472,4.096,60.51,2.117,0.00505,7.397,120.0,grid_connection,A2,148,148,2,3.804351351351351,1.0,free_air_evap_assist,1.1,A2,13.180851343894595,109.09090909090908,8.276469117561232,4.692181562977721,True
lulea,2021-09-26T09:53:07.058064+00:00,LC08_L1TP_192014_20210926_20211001_01_T1,L8_C1_L1TP_BT_B10,11.36,278.717,0.66,7101,8861,12.63,22.85742893,9.591,5.398,75.12,2.765,0.005532,7.067,120.0,grid_connection,A2,130,148,2,2.0644769230769233,0.8783783783783784,free_air_evap_assist,1.1,A2,13.180851343894595,109.09090909090908,8.276469117561232,4.692181562977721,True
lulea,2021-10-19T09:59:24.307947+00:00,LC08_L1TP_193014_20211019_20211026_01_T1,L8_C1_L1TP_BT_B10,11.464,267.808,0.538,3968,8861,32.13,14.20584454,0.114,-4.188,72.81,1.398,0.002764,-2.06,120.0,grid_connection,A2,132,148,2,-0.19558333333333333,0.8918918918918919,free_air_evap_assist,1.1,A2,13.180851343894595,109.09090909090908,8.276469117561232,4.692181562977721,True
nsa_utah,2014-06-28T18:07:56.095164+00:00,LC08_L1TP_038032_20140628_20170304_01_T1,L8_C1_L1TP_BT_B10,10.67,309.085,3.202,14574,14574,6.25,65.54823881,25.622,2.042,21.57,2.195,0.00516,13.286,65.0,facility_design,A1,114,114,1,-2.004,1.0,evaporative,1.3,A1,10.00843126112029,50.0,4.995787920753854,3.912023005428146,True
nsa_utah,2014-07-14T18:08:04.199696+00:00,LC08_L1TP_038032_20140714_20170304_01_T1,L8_C1_L1TP_BT_B10,10.672,319.348,3.698,14574,14574,6.08,63.91568418,33.79,6.434,18.33,2.69,0.007029,17.954,65.0,facility_design,A1,114,114,1,-3.248,1.0,evaporative,1.3,A1,10.00843126112029,50.0,4.995787920753854,3.912023005428146,True
nsa_utah,2014-08-15T18:08:15.930139+00:00,LC08_L1TP_038032_20140815_20170304_01_T1,L8_C1_L1TP_BT_B10,10.675,307.568,2.55,14574,14574,7.64,57.81157323,30.166,1.586,16.01,3.683,0.004995,14.855,65.0,facility_design,A1,114,114,1,-1.392,1.0,evaporative,1.3,A1,10.00843126112029,50.0,4.995787920753854,3.912023005428146,True
nsa_utah,2014-08-31T18:08:17.831324+00:00,LC08_L1TP_038032_20140831_20170303_01_T1,L8_C1_L1TP_BT_B10,10.676,301.726,2.31,11998,14574,5.37,53.52228065,21.77,3.162,29.45,2.877,0.005589,12.059,65.0,facility_design,A1,110,114,1,-1.19,0.9649122807017544,evaporative,1.3,A1,10.00843126112029,50.0,4.995787920753854,3.912023005428146,True
nsa_utah,2014-09-16T18:08:20.143323+00:00,LC08_L1TP_038032_20140916_20170303_01_T1,L8_C1_L1TP_BT_B10,10.677,307.647,3.082,14574,14574,12.32,48.57113893,28.56,-0.98,14.59,2.632,0.004146,13.399,65.0,facility_design,A1,114,114,1,-2.4459999999999997,1.0,evaporative,1.3,A1,10.00843126112029,50.0,4.995787920753854,3.912023005428146,True
nsa_utah,2014-10-02T18:08:22.414452+00:00,LC08_L1TP_038032_20141002_20170303_01_T1,L8_C1_L1TP_BT_B10,10.677,290.701,1.651,14574,14574,0.71,43.18374601,13.088,0.527,42.21,2.069,0.004627,6.935,65.0,facility_design,A1,114,114,1,-0.7010000000000001,1.0,evaporative,1.3,A1,10.00843126112029,50.0,4.995787920753854,3.912023005428146,True
nsa_utah,2014-10-18T18:08:26.303578+00:00,LC08_L1TP_038032_20141018_20170303_01_T1,L8_C1_L1TP_BT_B10,10.678,296.585,2.661,14574,14574,1.48,37.7095746,18.935,-0.657,26.67,0.705,0.004245,9.494,65.0,facility_design,A1,114,114,1,-2.317,1.0,evaporative,1.3,A1,10.00843126112029,50.0,4.995787920753854,3.912023005428146,True
nsa_utah,2014-12-05T18:08:21.616566+00:00,LC08_L1TP_038032_20141205_20170302_01_T1,L8_C1_L1TP_BT_B10,10.677,280.923,1.917,14569,14574,8.03,25.15394503,6.921,4.003,81.67,2.073,0.005932,5.123,65.0,facility_design,A1,111,114,1,-1.75,0.9736842105263158,evaporative,1.3,A1,10.00843126112029,50.0,4.995787920753854,3.912023005428146,True
nsa_utah,2015-01-22T18:08:09.178310+00:00,LC08_L1TP_038032_20150122_20170302_01_T1,L8_C1_L1TP_BT_B10,10.674,274.358,2.056,14517,14574,0.72,26.38984724,-3.384,-10.681,57.04,1.233,0.001977,-6.134,65.0,facility_design,A1,114,114,1,-1.819,1.0,evaporative,1.3,A1,10.00843126112029,50.0,4.995787920753854,3.912023005428146,True
nsa_utah,2015-02-07T18:08:06.046114+00:00,LC08_L1TP_038032_20150207_20170301_01_T1,L8_C1_L1TP_BT_B10,10.673,290.22,1.831,14574,14574,22.55,30.29802635,15.528,-4.688,24.53,3.993,0.003145,6.705,65.0,facility_design,A1,114,114,1,-2.237,1.0,evaporative,1.3,A1,10.00843126112029,50.0,4.995787920753854,3.912023005428146,True
nsa_utah,2015-02-23T18:08:00.365318+00:00,LC08_L1TP_038032_20150223_20170301_01_T1,L8_C1_L1TP_BT_B10,10.671,280.298,2.27,14573,14574,5.84,35.47246845,-0.232,-12.374,39.51,2.162,0.001726,-4.153,65.0,facility_design,A1,109,114,1,-3.345,0.956140350877193,evaporative,1.3,A1,10.00843126112029,50.0,4.995787920753854,3.912023005428146,True
nsa_utah,2015-03-27T18:07:41.387447+00:00,LC08_L1TP_038032_20150327_20170228_01_T1,L8_C1_L1TP_BT_B10,10.666,300.43,2.585,14573,14574,1.79,47.6626692,15.326,0.722,37.04,0.599,0.004693,8.163,65.0,facility_design,A1,114,114,1,-3.33,1.0,evaporative,1.3,A1,10.00843126112029,50.0,4.995787920753854,3.912023005428146,True
nsa_utah,2015-04-12T18:07:34.974075+00:00,LC08_L1TP_038032_20150412_20170228_01_T1,L8_C1_L1TP_BT_B10,10.664,299.526,2.509,14574,14574,2.85,53.62608481,10.541,-5.574,31.78,2.477,0.002941,3.845,65.0,facility_design,A1,114,114,1,-3.548,1.0,evaporative,1.3,A1,10.00843126112029,50.0,4.995787920753854,3.912023005428146,True
nsa_utah,2015-04-28T18:07:28.350365+00:00,LC08_L1TP_038032_20150428_20170301_01_T1,L8_C1_L1TP_BT_B10,10.662,301.0,1.633,14574,14574,2.0,58.80535688,16.975,2.321,37.38,1.679,0.005265,9.523,65.0,facility_design,A1,114,114,1,-1.299,1.0,evaporative,1.3,A1,10.00843126112029,50.0,4.995787920753854,3.912023005428146,True
nsa_utah,2015-06-15T18:07:29.403425+00:00,LC08_L1TP_038032_20150615_20170226_01_T1,L8_C1_L1TP_BT_B10,10.662,309.661,2.533,14574,14574,25.9,65.94397147,29.899,4.986,20.67,4.631,0.006356,16.014,65.0,facility_design,A1,114,114,1,-1.656,1.0,evaporative,1.3,A1,10.00843126112029,50.0,4.995787920753854,3.912023005428146,True
nsa_utah,2015-07-01T18:07:35.860996+00:00,LC08_L1TP_038032_20150701_20170226_01_T1,L8_C1_L1TP_BT_B10,10.664,312.229,3.18,14574,14574,7.79,65.28822936,31.627,9.308,25.17,2.24,0.008557,18.414,65.0,facility_design,A1,114,114,1,-1.9159999999999997,1.0,evaporative,1.3,A1,10.00843126112029,50.0,4.995787920753854,3.912023005428146,True
nsa_utah,2015-08-18T18:07:56.406650+00:00,LC08_L1TP_038032_20150818_20170226_01_T1,L8_C1_L1TP_BT_B10,10.67,311.39,3.227,14574,14574,0.14,57.09477561,25.44,0.881,20.06,3.579,0.004747,12.812,65.0,facility_design,A1,114,114,1,-2.575,1.0,evaporative,1.3,A1,10.00843126112029,50.0,4.995787920753854,3.912023005428146,True
nsa_utah,2015-09-19T18:08:09.934456+00:00,LC08_L1TP_038032_20150919_20170302_01_T1,L8_C1_L1TP_BT_B10,10.674,299.608,2.491,14574,14574,0.03,47.64848398,17.835,2.354,35.49,0.756,0.005277,9.953,65.0,facility_design,A1,114,114,1,-1.708,1.0,evaporative,1.3,A1,10.00843126112029,50.0,4.995787920753854,3.912023005428146,True
nsa_utah,2015-12-08T18:08:19.245925+00:00,LC08_L1TP_038032_20151208_20170224_01_T1,L8_C1_L1TP_BT_B10,10.676,279.33,1.729,14574,14574,58.98,24.78098679,8.752,-0.613,51.83,1.126,0.004259,4.187,65.0,facility_design,A1,113,114,1,-2.3270000000000004,0.9912280701754386,evaporative,1.3,A1,10.00843126112029,50.0,4.995787920753854,3.912023005428146,True
nsa_utah,2016-02-10T18:08:11.070014+00:00,LC08_L1TP_038032_20160210_20170224_01_T1,L8_C1_L1TP_BT_B10,10.674,270.006,1.271,12154,14574,37.66,31.12479754,-1.61,-10.008,52.76,0.276,0.002085,-4.761,65.0,facility_design,A1,114,114,1,-0.056,1.0,evaporative,1.3,A1,10.00843126112029,50.0,4.995787920753854,3.912023005428146,True
nsa_utah,2016-02-26T18:08:05.836354+00:00,LC08_L1TP_038032_20160226_20170224_01_T1,L8_C1_L1TP_BT_B10,10.672,284.888,3.024,14215,14574,0.95,36.47568896,5.086,-2.156,59.51,1.372,0.003801,1.571,65.0,facility_design,A1,112,114,1,-1.011,0.9824561403508771,evaporative,1.3,A1,10.00843126112029,50.0,4.995787920753854,3.912023005428146,True
nsa_utah,2016-03-13T18:08:02.604258+00:00,LC08_L1TP_038032_20160313_20170224_01_T1,L8_C1_L1TP_BT_B10,10.672,289.895,2.473,14364,14574,57.91,42.52619452,10.686,0.412,49.04,3.339,0.004588,5.601,65.0,facility_design,A1,114,114,1,-1.827,1.0,evaporative,1.3,A1,10.00843126112029,50.0,4.995787920753854,3.912023005428146,True
nsa_utah,2016-06-01T18:07:51.909485+00:00,LC08_L1TP_038032_20160601_20170223_01_T1,L8_C1_L1TP_BT_B10,10.669,309.154,3.699,14574,14574,0.97,65.48598415,23.701,-1.059,19.34,1.606,0.004122,11.467,65.0,facility_design,A1,114,114,1,-0.971,1.0,evaporative,1.3,A1,10.00843126112029,50.0,4.995787920753854,3.912023005428146,True
nsa_utah,2016-06-17T18:07:54.605734+00:00,LC08_L1TP_038032_20160617_20170222_01_T1,L8_C1_L1TP_BT_B10,10.669,311.007,3.584,14574,14574,0.65,65.99603192,27.721,-0.114,16.32,4.443,0.004416,13.367,65.0,facility_design,A1,114,114,1,-1.759,1.0,evaporative,1.3,A1,10.00843126112029,50.0,4.995787920753854,3.912023005428146,True
nsa_utah,2016-07-03T18:08:04.195968+00:00,LC08_L1TP_038032_20160703_20170222_01_T1,L8_C1_L1TP_BT_B10,10.672,311.449,3.402,14574,14574,5.4,65.1198314,29.694,7.339,24.6,3.191,0.007482,16.88,65.0,facility_design,A1,114,114,1,-2.158,1.0,evaporative,1.3,A1,10.00843126112029,50.0,4.995787920753854,3.912023005428146,True
nsa_utah,2016-07-19T18:08:10.618293+00:00,LC08_L1TP_038032_20160719_20170221_01_T1,L8_C1_L1TP_BT_B10,10.674,312.305,3.435,14316,14574,12.03,63.13132419,32.402,5.054,18.01,5.213,0.006386,16.932,65.0,facility_design,A1,114,114,1,-2.107,1.0,evaporative,1.3,A1,10.00843126112029,50.0,4.995787920753854,3.912023005428146,True
nsa_utah,2016-08-04T18:08:13.569203+00:00,LC08_L1TP_038032_20160804_20170221_01_T1,L8_C1_L1TP_BT_B10,10.675,311.487,3.518,14574,14574,10.48,60.20683539,26.723,-0.585,16.72,1.826,0.004267,12.829,65.0,facility_design,A1,114,114,1,-2.836,1.0,evaporative,1.3,A1,10.00843126112029,50.0,4.995787920753854,3.912023005428146,True
nsa_utah,2016-08-20T18:08:18.665764+00:00,LC08_L1TP_038032_20160820_20170221_01_T1,L8_C1_L1TP_BT_B10,10.676,313.107,3.491,14574,14574,0.06,56.43430608,26.426,1.745,20.13,1.73,0.005052,13.501,65.0,facility_design,A1,114,114,1,-2.647,1.0,evaporative,1.3,A1,10.00843126112029,50.0,4.995787920753854,3.912023005428146,True
nsa_utah,2016-09-05T18:08:24.446711+00:00,LC08_L1TP_038032_20160905_20170221_01_T1,L8_C1_L1TP_BT_B10,10.678,303.214,2.999,14574,14574,5.06,51.89547743,18.633,3.082,35.55,2.894,0.005558,10.591,65.0,facility_design,A1,114,114,1,-2.766,1.0,evaporative,1.3,A1,10.00843126112029,50.0,4.995787920753854,3.912023005428146,True
nsa_utah,2016-09-21T18:08:26.203671+00:00,LC08_L1TP_038032_20160921_20170222_01_T1,L8_C1_L1TP_BT_B10,10.678,303.116,2.301,14574,14574,19.53,46.76103823,23.851,7.231,34.44,5.097,0.007426,14.518,65.0,facility_design,A1,114,114,1,-2.602,1.0,evaporative,1.3,A1,10.00843126112029,50.0,4.995787920753854,3.912023005428146,True
nsa_utah,2016-10-07T18:08:29.362256+00:00,LC08_L1TP_038032_20161007_20170220_01_T1,L8_C1_L1TP_BT_B10,10.679,292.8,2.587,14573,14574,0.78,41.2972925,13.718,-4.124,28.77,2.206,0.003282,5.926,65.0,facility_design,A1,114,114,1,-1.861,1.0,evaporative,1.3,A1,10.00843126112029,50.0,4.995787920753854,3.912023005428146,True
nsa_utah,2016-11-08T18:08:31.862274+00:00,LC08_L1TP_038032_20161108_20170219_01_T1,L8_C1_L1TP_BT_B10,10.68,291.858,2.657,14573,14574,0.19,30.96455575,14.547,2.987,45.78,0.463,0.00552,8.541,65.0,facility_design,A1,113,114,1,-2.841,0.9912280701754386,evaporative,1.3,A1,10.00843126112029,50.0,4.995787920753854,3.912023005428146,True
nsa_utah,2016-11-24T18:08:32.534045+00:00,LC08_L1TP_038032_20161124_20170219_01_T1,L8_C1_L1TP_BT_B10,10.68,275.499,1.817,14565,14574,2.14,27.01352227,1.502,-1.66,79.5,2.517,0.003944,-0.268,65.0,facility_design,A1,114,114,1,-0.592,1.0,evaporative,1.3,A1,10.00843126112029,50.0,4.995787920753854,3.912023005428146,True
nsa_utah,2016-12-26T18:08:26.167448+00:00,LC08_L1TP_038032_20161226_20170218_01_T1,L8_C1_L1TP_BT_B10,10.678,266.702,0.967,9065,14574,5.02,23.65055198,-7.444,-9.873,82.75,1.585,0.002107,-8.675,65.0,facility_design,A1,114,114,1,0.7719999999999999,1.0,evaporative,1.3,A1,10.00843126112029,50.0,4.995787920753854,3.912023005428146,True
nsa_utah,2017-01-27T18:08:16.822780+00:00,LC08_L1TP_038032_20170127_20170218_01_T1,L8_C1_L1TP_BT_B10,10.675,264.748,1.371,5106,14574,3.05,27.57887862,-8.07,-11.386,77.03,0.485,0.001869,-9.564,65.0,facility_design,A1,90,114,1,0.814,0.7894736842105263,evaporative,1.3,A1,10.00843126112029,50.0,4.995787920753854,3.912023005428146,True
nsa_utah,2017-02-12T18:08:09.010192+00:00,LC08_L1TP_038032_20170212_20170228_01_T1,L8_C1_L1TP_BT_B10,10.674,276.662,2.017,14549,14574,0.48,31.97414743,1.999,-3.606,66.42,1.778,0.003412,-0.739,65.0,facility_design,A1,114,114,1,-0.704,1.0,evaporative,1.3,A1,10.00843126112029,50.0,4.995787920753854,3.912023005428146,True
nsa_utah,2017-04-01T18:07:46.402271+00:00,LC08_L1TP_038032_20170401_20170414_01_T1,L8_C1_L1TP_BT_B10,10.667,292.641,1.385,14574,14574,5.84,49.79194034,12.021,1.36,48.07,3.085,0.004914,6.645,65.0,facility_design,A1,114,114,1,-1.017,1.0,evaporative,1.3,A1,10.00843126112029,50.0,4.995787920753854,3.912023005428146,True
nsa_utah,2017-05-03T18:07:28.978586+00:00,LC08_L1TP_038032_20170503_20170515_01_T1,L8_C1_L1TP_BT_B10,10.662,300.461,1.774,14574,14574,2.44,60.37700193,15.453,3.778,45.66,1.631,0.005838,9.289,65.0,facility_design,A1,114,114,1,-0.75,1.0,evaporative,1.3,A1,10.00843126112029,50.0,4.995787920753854,3.912023005428146,True
nsa_utah,2017-06-20T18:07:56.163317+00:00,LC08_L1TP_038032_20170620_20170630_01_T1,L8_C1_L1TP_BT_B10,10.67,313.164,5.263,11637,14574,6.87,65.92714417,32.879,6.973,20.02,0.667,0.007296,17.864,65.0,facility_design,A1,114,114,1,1.3679999999999999,1.0,evaporative,1.3,A1,10.00843126112029,50.0,4.995787920753854,3.912023005428146,True
nsa_utah,2017-07-22T18:08:05.515528+00:00,LC08_L1TP_038032_20170722_20170728_01_T1,L8_C1_L1TP_BT_B10,10.672,314.733,3.286,14574,14574,4.12,62.67948585,30.397,8.995,26.44,0.663,0.008377,17.836,65.0,facility_design,A1,114,114,1,-1.608,1.0,evaporative,1.3,A1,10.00843126112029,50.0,4.995787920753854,3.912023005428146,True
nsa_utah,2017-08-23T18:08:17.055554+00:00,LC08_L1TP_038032_20170823_20170912_01_T1,L8_C1_L1TP_BT_B10,10.676,307.386,2.777,14574,14574,17.26,55.69134786,27.592,8.641,30.37,0.96,0.008178,16.626,65.0,facility_design,A1,114,114,1,-0.8900000000000001,1.0,evaporative,1.3,A1,10.00843126112029,50.0,4.995787920753854,3.912023005428146,True
nsa_utah,2017-09-08T18:08:18.729576+00:00,LC08_L1TP_038032_20170908_20170927_01_T1,L8_C1_L1TP_BT_B10,10.676,307.818,2.948,14574,14574,18.0,51.03824591,28.81,6.683,24.75,3.562,0.007151,16.281,65.0,facility_design,A1,114,114,1,-2.057,1.0,evaporative,1.3,A1,10.00843126112029,50.0,4.995787920753854,3.912023005428146,True
nsa_utah,2017-10-10T18:08:28.785931900+00:00,LC08_L1TP_038032_20171010_20171024_01_T1,L8_C1_L1TP_BT_B10,10.679,293.104,2.567,14574,14574,1.13,40.34343904,13.085,-5.479,27.07,2.687,0.002962,5.254,65.0,facility_design,A1,114,114,1,-2.246,1.0,evaporative,1.3,A1,10.00843126112029,50.0,4.995787920753854,3.912023005428146,True
nsa_utah,2017-11-11T18:08:27.933598+00:00,LC08_L1TP_038032_20171111_20171121_01_T1,L8_C1_L1TP_BT_B10,10.679,288.737,2.497,14574,14574,4.96,30.19674329,9.681,-0.21,50.14,1.548,0.004386,4.84,65.0,facility_design,A1,114,114,1,-2.638,1.0,evaporative,1.3,A1,10.00843126112029,50.0,4.995787920753854,3.912023005428146,True
nsa_utah,2018-01-14T18:08:15.450205+00:00,LC08_L1TP_038032_20180114_20180120_01_T1,L8_C1_L1TP_BT_B10,10.675,278.397,1.788,14547,14574,1.45,25.07518183,3.73,-4.357,55.54,1.435,0.003225,0.079,65.0,facility_design,A1,110,114,1,-1.685,0.9649122807017544,evaporative,1.3,A1,10.00843126112029,50.0,4.995787920753854,3.912023005428146,True
nsa_utah,2018-03-19T18:07:44.284907+00:00,LC08_L1TP_038032_20180319_20180403_01_T1,L8_C1_L1TP_BT_B10,10.667,284.085,2.602,11755,14574,21.03,44.65909165,4.401,-2.776,59.63,0.909,0.003631,0.965,65.0,facility_design,A1,114,114,1,-1.442,1.0,evaporative,1.3,A1,10.00843126112029,50.0,4.995787920753854,3.912023005428146,True
nsa_utah,2018-06-07T18:06:59.993588+00:00,LC08_L1TP_038032_20180607_20180615_01_T1,L8_C1_L1TP_BT_B10,10.654,314.623,3.465,14574,14574,1.89,65.71706132,29.607,-1.877,12.86,5.119,0.003881,13.5,65.0,facility_design,A1,114,114,1,-3.036,1.0,evaporative,1.3,A1,10.00843126112029,50.0,4.995787920753854,3.912023005428146,True
nsa_utah,2018-06-23T18:07:11.068761900+00:00,LC08_L1TP_038032_20180623_20180704_01_T1,L8_C1_L1TP_BT_B10,10.657,316.783,3.835,14564,14574,3.21,65.71678207,28.743,-0.123,15.37,2.878,0.004413,13.748,65.0,facility_design,A1,114,114,1,-2.431,1.0,evaporative,1.3,A1,10.00843126112029,50.0,4.995787920753854,3.912023005428146,True
nsa_utah,2018-07-09T18:07:19.676159+00:00,LC08_L1TP_038032_20180709_20180717_01_T1,L8_C1_L1TP_BT_B10,10.66,310.569,2.321,14574,14574,10.3,64.43689089,32.469,11.273,27.37,1.841,0.009764,19.586,65.0,facility_design,A1,114,114,1,-1.94,1.0,evaporative,1.3,A1,10.00843126112029,50.0,4.995787920753854,3.912023005428146,True
nsa_utah,2018-07-25T18:07:26.038713900+00:00,LC08_L1TP_038032_20180725_20180731_01_T1,L8_C1_L1TP_BT_B10,10.662,312.351,4.131,11171,14574,31.45,62.12196726,32.428,7.996,22.02,0.839,0.007826,18.134,65.0,facility_design,A1,114,114,1,-1.397,1.0,evaporative,1.3,A1,10.00843126112029,50.0,4.995787920753854,3.912023005428146,True
nsa_utah,2018-08-10T18:07:35.557888+00:00,LC08_L1TP_038032_20180810_20180815_01_T1,L8_C1_L1TP_BT_B10,10.664,313.586,3.256,14574,14574,3.18,58.91267156,33.489,-0.211,11.65,1.807,0.004385,15.41,65.0,facility_design,A1,114,114,1,-3.2129999999999996,1.0,evaporative,1.3,A1,10.00843126112029,50.0,4.995787920753854,3.912023005428146,True
nsa_utah,2018-08-26T18:07:43.281577900+00:00,LC08_L1TP_038032_20180826_20180830_01_T1,L8_C1_L1TP_BT_B10,10.666,310.496,2.735,14574,14574,22.22,54.87868477,28.23,-1.979,13.82,2.03,0.003851,12.958,65.0,facility_design,A1,114,114,1,-2.797,1.0,evaporative,1.3,A1,10.00843126112029,50.0,4.995787920753854,3.912023005428146,True
nsa_utah,2018-09-11T18:07:48.558123+00:00,LC08_L1TP_038032_20180911_20180927_01_T1,L8_C1_L1TP_BT_B10,10.668,311.978,3.391,14574,14574,0.16,50.12565318,28.064,-1.523,14.43,2.503,0.003983,13.04,65.0,facility_design,A1,114,114,1,-3.629,1.0,evaporative,1.3,A1,10.00843126112029,50.0,4.995787920753854,3.912023005428146,True
nsa_utah,2018-09-27T18:07:54.529353+00:00,LC08_L1TP_038032_20180927_20181009_01_T1,L8_C1_L1TP_BT_B10,10.669,304.028,3.441,14565,14574,0.24,44.8551008,20.99,-6.51,15.16,1.21,0.002738,8.761,65.0,facility_design,A1,114,114,1,-3.367,1.0,evaporative,1.3,A1,10.00843126112029,50.0,4.995787920753854,3.912023005428146,True
nsa_utah,2018-10-13T18:08:01.857857900+00:00,LC08_L1TP_038032_20181013_20181030_01_T1,L8_C1_L1TP_BT_B10,10.671,290.111,1.795,14574,14574,10.36,39.3714576,12.683,1.368,46.05,2.737,0.004917,7.001,65.0,facility_design,A1,114,114,1,-1.254,1.0,evaporative,1.3,A1,10.00843126112029,50.0,4.995787920753854,3.912023005428146,True
nsa_utah,2018-11-14T18:08:08.255816+00:00,LC08_L1TP_038032_20181114_20181128_01_T1,L8_C1_L1TP_BT_B10,10.673,284.169,2.745,14511,14574,1.16,29.44693151,5.084,-9.283,34.61,0.862,0.002208,-0.161,65.0,facility_design,A1,96,114,1,-2.9180000000000006,0.8421052631578947,evaporative,1.3,A1,10.00843126112029,50.0,4.995787920753854,3.912023005428146,True
nsa_utah,2018-12-16T18:08:04.314958+00:00,LC08_L1TP_038032_20181216_20181227_01_T1,L8_C1_L1TP_BT_B10,10.672,275.257,2.301,13059,14574,15.09,23.95643539,-0.494,-6.414,64.28,2.068,0.002758,-3.161,65.0,facility_design,A1,107,114,1,-2.206,0.9385964912280702,evaporative,1.3,A1,10.00843126112029,50.0,4.995787920753854,3.912023005428146,True
nsa_utah,2019-01-01T18:08:04.389686+00:00,LC08_L1TP_038032_20190101_20190130_01_T1,L8_C1_L1TP_BT_B10,10.672,263.54,2.016,14306,14574,1.82,23.78492167,-9.835,-18.582,48.88,0.809,0.001032,-11.965,65.0,facility_design,A1,114,114,1,-0.225,1.0,evaporative,1.3,A1,10.00843126112029,50.0,4.995787920753854,3.912023005428146,True
nsa_utah,2019-02-18T18:07:55.857808+00:00,LC08_L1TP_038032_20190218_20190222_01_T1,L8_C1_L1TP_BT_B10,10.67,268.535,1.466,14574,14574,18.62,33.757857,-3.643,-9.166,65.54,1.711,0.002228,-5.976,65.0,facility_design,A1,114,114,1,-0.378,1.0,evaporative,1.3,A1,10.00843126112029,50.0,4.995787920753854,3.912023005428146,True
nsa_utah,2019-04-23T18:07:36.000304900+00:00,LC08_L1TP_038032_20190423_20190507_01_T1,L8_C1_L1TP_BT_B10,10.664,299.408,1.63,14574,14574,6.42,57.33399626,14.932,5.346,52.68,2.178,0.006517,9.643,65.0,facility_design,A1,114,114,1,-0.374,1.0,evaporative,1.3,A1,10.00843126112029,50.0,4.995787920753854,3.912023005428146,True
nsa_utah,2019-05-25T18:07:52.427084+00:00,LC08_L1TP_038032_20190525_20190605_01_T1,L8_C1_L1TP_BT_B10,10.669,295.843,1.942,9065,14574,46.9,64.66888891,17.075,3.767,41.15,5.645,0.005834,10.087,65.0,facility_design,A1,114,114,1,-0.724,1.0,evaporative,1.3,A1,10.00843126112029,50.0,4.995787920753854,3.912023005428146,True
nsa_utah,2019-06-10T18:07:59.869321900+00:00,LC08_L1TP_038032_20190610_20190619_01_T1,L8_C1_L1TP_BT_B10,10.671,304.209,2.46,14574,14574,2.77,65.94069022,20.542,0.01,25.34,1.121,0.004456,10.442,65.0,facility_design,A1,114,114,1,0.011,1.0,evaporative,1.3,A1,10.00843126112029,50.0,4.995787920753854,3.912023005428146,True
nsa_utah,2019-06-26T18:08:05.143847900+00:00,LC08_L1TP_038032_20190626_20190705_01_T1,L8_C1_L1TP_BT_B10,10.672,311.121,3.223,14574,14574,12.94,65.69893416,27.921,-1.025,15.1,5.734,0.004132,13.145,65.0,facility_design,A1,114,114,1,-1.235,1.0,evaporative,1.3,A1,10.00843126112029,50.0,4.995787920753854,3.912023005428146,True
nsa_utah,2019-07-12T18:08:08.423703+00:00,LC08_L1TP_038032_20190712_20190719_01_T1,L8_C1_L1TP_BT_B10,10.673,315.416,3.594,14574,14574,9.66,64.21624101,32.137,3.835,16.79,4.002,0.005862,16.373,65.0,facility_design,A1,114,114,1,-1.58,1.0,evaporative,1.3,A1,10.00843126112029,50.0,4.995787920753854,3.912023005428146,True
nsa_utah,2019-07-28T18:08:13.787302+00:00,LC08_L1TP_038032_20190728_20190801_01_T1,L8_C1_L1TP_BT_B10,10.675,309.056,2.822,14574,14574,3.64,61.73192433,29.618,5.325,21.51,1.581,0.006508,16.043,65.0,facility_design,A1,114,114,1,-1.219,1.0,evaporative,1.3,A1,10.00843126112029,50.0,4.995787920753854,3.912023005428146,True
nsa_utah,2019-08-13T18:08:19.667257+00:00,LC08_L1TP_038032_20190813_20190820_01_T1,L8_C1_L1TP_BT_B10,10.676,311.662,3.442,14574,14574,0.73,58.36016933,29.307,-0.669,14.3,2.614,0.004241,13.776,65.0,facility_design,A1,114,114,1,-2.142,1.0,evaporative,1.3,A1,10.00843126112029,50.0,4.995787920753854,3.912023005428146,True
nsa_utah,2019-08-29T18:08:23.590706+00:00,LC08_L1TP_038032_20190829_20190903_01_T1,L8_C1_L1TP_BT_B10,10.677,309.82,3.11,14574,14574,22.44,54.17950386,29.907,7.712,24.93,2.875,0.007676,17.113,65.0,facility_design,A1,114,114,1,-1.94,1.0,evaporative,1.3,A1,10.00843126112029,50.0,4.995787920753854,3.912023005428146,True
nsa_utah,2019-09-14T18:08:28.370299+00:00,LC08_L1TP_038032_20190914_20190925_01_T1,L8_C1_L1TP_BT_B10,10.679,305.344,3.023,14573,14574,0.05,49.30644,25.058,-2.643,15.86,2.033,0.003667,11.528,65.0,facility_design,A1,114,114,1,-1.927,1.0,evaporative,1.3,A1,10.00843126112029,50.0,4.995787920753854,3.912023005428146,True
nsa_utah,2019-09-30T18:08:33.231427+00:00,LC08_L1TP_038032_20190930_20191018_01_T1,L8_C1_L1TP_BT_B10,10.68,291.566,2.067,14574,14574,6.01,43.96133362,10.946,0.536,48.63,2.785,0.00463,5.784,65.0,facility_design,A1,114,114,1,-1.317,1.0,evaporative,1.3,A1,10.00843126112029,50.0,4.995787920753854,3.912023005428146,True
nsa_utah,2019-10-16T18:08:35.662022900+00:00,LC08_L1TP_038032_20191016_20191029_01_T1,L8_C1_L1TP_BT_B10,10.681,297.428,3.175,14560,14574,0.77,38.47381637,18.84,-10.427,12.77,3.451,0.002017,6.902,65.0,facility_design,A1,112,114,1,-3.159,0.9824561403508771,evaporative,1.3,A1,10.00843126112029,50.0,4.995787920753854,3.912023005428146,True
nsa_utah,2019-11-01T18:08:35.416966+00:00,LC08_L1TP_038032_20191101_20191114_01_T1,L8_C1_L1TP_BT_B10,10.681,284.312,2.647,14437,14574,3.85,33.25534072,0.928,-9.083,47.17,1.054,0.002243,-2.847,65.0,facility_design,A1,114,114,1,-2.381,1.0,evaporative,1.3,A1,10.00843126112029,50.0,4.995787920753854,3.912023005428146,True
nsa_utah,2019-11-17T18:08:32.249864900+00:00,LC08_L1TP_038032_20191117_20191202_01_T1,L8_C1_L1TP_BT_B10,10.68,286.043,2.503,14570,14574,1.06,28.77847534,8.911,-2.094,46.0,0.752,0.003819,3.818,65.0,facility_design,A1,114,114,1,-2.316,1.0,evaporative,1.3,A1,10.00843126112029,50.0,4.995787920753854,3.912023005428146,True
nsa_utah,2019-12-03T18:08:31.142591+00:00,LC08_L1TP_038032_20191203_20191217_01_T1,L8_C1_L1TP_BT_B10,10.68,274.791,2.094,14574,14574,4.38,25.50051899,2.217,-3.966,63.65,0.036,0.003321,-0.728,65.0,facility_design,A1,114,114,1,-0.746,1.0,evaporative,1.3,A1,10.00843126112029,50.0,4.995787920753854,3.912023005428146,True
nsa_utah,2020-04-25T18:07:43.029767+00:00,LC08_L1TP_038032_20200425_20200509_01_T1,L8_C1_L1TP_BT_B10,10.666,303.825,2.885,14574,14574,13.66,58.18925226,17.243,0.482,32.22,1.97,0.004612,9.043,65.0,facility_design,A1,114,114,1,-2.032,1.0,evaporative,1.3,A1,10.00843126112029,50.0,4.995787920753854,3.912023005428146,True
nsa_utah,2020-05-11T18:07:36.167008+00:00,LC08_L1TP_038032_20200511_20200526_01_T1,L8_C1_L1TP_BT_B10,10.664,306.786,2.701,14571,14574,30.2,62.34864557,25.115,2.482,22.93,4.852,0.005325,13.237,65.0,facility_design,A1,114,114,1,-2.216,1.0,evaporative,1.3,A1,10.00843126112029,50.0,4.995787920753854,3.912023005428146,True
nsa_utah,2020-05-27T18:07:39.444011+00:00,LC08_L1TP_038032_20200527_20200608_01_T1,L8_C1_L1TP_BT_B10,10.665,306.895,2.69,14574,14574,30.07,64.98427815,25.687,7.156,30.71,1.638,0.007388,15.25,65.0,facility_design,A1,114,114,1,-1.1689999999999998,1.0,evaporative,1.3,A1,10.00843126112029,50.0,4.995787920753854,3.912023005428146,True
nsa_utah,2020-06-12T18:07:49.386462900+00:00,LC08_L1TP_038032_20200612_20200625_01_T1,L8_C1_L1TP_BT_B10,10.668,310.011,3.178,14574,14574,10.31,65.9825423,30.163,-2.117,12.24,4.644,0.003813,13.627,65.0,facility_design,A1,114,114,1,-0.634,1.0,evaporative,1.3,A1,10.00843126112029,50.0,4.995787920753854,3.912023005428146,True
nsa_utah,2020-07-30T18:08:08.621907+00:00,LC08_L1TP_038032_20200730_20200807_01_T1,L8_C1_L1TP_BT_B10,10.673,317.761,3.397,14574,14574,1.58,61.19673186,32.508,-0.23,12.29,0.959,0.004379,15.065,65.0,facility_design,A1,114,114,1,-3.0540000000000003,1.0,evaporative,1.3,A1,10.00843126112029,50.0,4.995787920753854,3.912023005428146,True
nsa_utah,2020-08-15T18:08:12.960817900+00:00,LC08_L1TP_038032_20200815_20200822_01_T1,L8_C1_L1TP_BT_B10,10.674,315.431,3.27,14574,14574,0.03,57.68496001,31.054,0.439,14.02,1.313,0.004598,14.777,65.0,facility_design,A1,114,114,1,-2.568,1.0,evaporative,1.3,A1,10.00843126112029,50.0,4.995787920753854,3.912023005428146,True
nsa_utah,2020-09-16T18:08:27.254758+00:00,LC08_L1TP_038032_20200916_20201006_01_T1,L8_C1_L1TP_BT_B10,10.679,307.306,3.04,14428,14574,0.76,48.40346164,26.139,-2.563,14.97,1.061,0.003688,11.979,65.0,facility_design,A1,114,114,1,-3.058,1.0,evaporative,1.3,A1,10.00843126112029,50.0,4.995787920753854,3.912023005428146,True
nsa_utah,2020-10-18T18:08:32.294500+00:00,LC08_L1TP_038032_20201018_20201105_01_T1,L8_C1_L1TP_BT_B10,10.68,299.94,2.927,14574,14574,7.03,37.53666697,19.696,-3.969,19.91,1.22,0.003321,8.872,65.0,facility_design,A1,114,114,1,-2.652,1.0,evaporative,1.3,A1,10.00843126112029,50.0,4.995787920753854,3.912023005428146,True
nsa_utah,2020-12-21T18:08:31.763816+00:00,LC08_L1TP_038032_20201221_20210310_01_T1,L8_C1_L1TP_BT_B10,10.68,276.226,2.19,13653,14574,3.47,23.70759992,4.197,-1.601,65.96,2.109,0.003961,1.249,65.0,facility_design,A1,81,114,1,-1.364,0.7105263157894737,evaporative,1.3,A1,10.00843126112029,50.0,4.995787920753854,3.912023005428146,True
nsa_utah,2021-01-06T18:08:26.593555+00:00,LC08_L1TP_038032_20210106_20210307_01_T1,L8_C1_L1TP_BT_B10,10.678,273.208,2.149,14325,14574,0.74,24.18688883,-4.182,-9.381,67.1,1.652,0.002191,-6.395,65.0,facility_design,A1,111,114,1,-1.507,0.9736842105263158,evaporative,1.3,A1,10.00843126112029,50.0,4.995787920753854,3.912023005428146,True
nsa_utah,2021-02-07T18:08:18.660211+00:00,LC08_L1TP_038032_20210207_20210305_01_T1,L8_C1_L1TP_BT_B10,10.676,281.668,2.344,14360,14574,1.17,30.4785018,3.364,-4.928,54.59,1.603,0.003089,-0.308,65.0,facility_design,A1,114,114,1,-0.346,1.0,evaporative,1.3,A1,10.00843126112029,50.0,4.995787920753854,3.912023005428146,True
nsa_utah,2021-02-23T18:08:13.677920900+00:00,LC08_L1TP_038032_20210223_20210304_01_T1,L8_C1_L1TP_BT_B10,10.675,276.455,2.462,10930,14574,41.37,35.69270362,2.746,-4.879,57.23,2.807,0.0031,-0.679,65.0,facility_design,A1,112,114,1,-1.434,0.9824561403508771,evaporative,1.3,A1,10.00843126112029,50.0,4.995787920753854,3.912023005428146,True
nsa_utah,2021-03-27T18:07:59.747820+00:00,LC08_L1TP_038032_20210327_20210402_01_T1,L8_C1_L1TP_BT_B10,10.671,291.565,2.071,13931,14574,11.06,47.90994188,6.067,-0.507,62.74,1.142,0.004292,2.707,65.0,facility_design,A1,114,114,1,-0.216,1.0,evaporative,1.3,A1,10.00843126112029,50.0,4.995787920753854,3.912023005428146,True
nsa_utah,2021-04-12T18:07:54.573463+00:00,LC08_L1TP_038032_20210412_20210423_01_T1,L8_C1_L1TP_BT_B10,10.669,299.191,2.415,14574,14574,2.1,53.85942804,8.461,-6.814,33.24,2.011,0.002675,2.372,65.0,facility_design,A1,114,114,1,-3.698,1.0,evaporative,1.3,A1,10.00843126112029,50.0,4.995787920753854,3.912023005428146,True
nsa_utah,2021-04-28T18:07:46.251752+00:00,LC08_L1TP_038032_20210428_20210507_01_T1,L8_C1_L1TP_BT_B10,10.667,299.505,2.005,14574,14574,10.37,59.009693,13.448,2.584,47.77,4.405,0.005364,7.829,65.0,facility_design,A1,114,114,1,-2.443,1.0,evaporative,1.3,A1,10.00843126112029,50.0,4.995787920753854,3.912023005428146,True
nsa_utah,2021-05-14T18:07:46.810161+00:00,LC08_L1TP_038032_20210514_20210525_01_T1,L8_C1_L1TP_BT_B10,10.667,310.889,3.648,14447,14574,13.17,62.93581305,25.446,-1.601,16.74,0.392,0.003961,12.004,65.0,facility_design,A1,114,114,1,-1.119,1.0,evaporative,1.3,A1,10.00843126112029,50.0,4.995787920753854,3.912023005428146,True
nsa_utah,2021-05-30T18:07:56.052309+00:00,LC08_L1TP_038032_20210530_20210608_01_T1,L8_C1_L1TP_BT_B10,10.67,311.519,3.19,14574,14574,14.06,65.29028531,23.35,-0.988,19.85,2.67,0.004143,11.343,65.0,facility_design,A1,114,114,1,-3.371,1.0,evaporative,1.3,A1,10.00843126112029,50.0,4.995787920753854,3.912023005428146,True
nsa_utah,2021-06-15T18:08:02.398806900+00:00,LC08_L1TP_038032_20210615_20210622_01_T1,L8_C1_L1TP_BT_B10,10.672,320.105,3.252,14574,14574,5.38,66.01305222,36.043,-1.961,8.9,5.545,0.003857,15.725,65.0,facility_design,A1,114,114,1,-3.4569999999999994,1.0,evaporative,1.3,A1,10.00843126112029,50.0,4.995787920753854,3.912023005428146,True
nsa_utah,2021-07-01T18:08:05.863079+00:00,LC08_L1TP_038032_20210701_20210708_01_T1,L8_C1_L1TP_BT_B10,10.672,314.531,3.027,14574,14574,23.38,65.31291151,28.797,8.062,27.22,1.656,0.007862,16.845,65.0,facility_design,A1,114,114,1,-2.998,1.0,evaporative,1.3,A1,10.00843126112029,50.0,4.995787920753854,3.912023005428146,True
nsa_utah,2021-07-17T18:08:07.777220+00:00,LC08_L1TP_038032_20210717_20210729_01_T1,L8_C1_L1TP_BT_B10,10.673,316.778,2.94,14574,14574,8.15,63.46290065,32.039,8.557,23.38,2.114,0.008131,18.236,65.0,facility_design,A1,114,114,1,-3.331,1.0,evaporative,1.3,A1,10.00843126112029,50.0,4.995787920753854,3.912023005428146,True
nsa_utah,2021-09-03T18:08:26.500154+00:00,LC08_L1TP_038032_20210903_20210910_01_T1,L8_C1_L1TP_BT_B10,10.678,304.962,2.43,14574,14574,7.44,52.56745249,23.877,10.894,44.02,1.558,0.00952,16.114,65.0,facility_design,A1,114,114,1,-1.833,1.0,evaporative,1.3,A1,10.00843126112029,50.0,4.995787920753854,3.912023005428146,True
nsa_utah,2021-09-19T18:08:29.693464+00:00,LC08_L1TP_038032_20210919_20210925_01_T1,L8_C1_L1TP_BT_B10,10.679,302.158,1.841,14574,14574,6.26,47.499532,23.855,4.801,29.12,6.349,0.006274,13.564,65.0,facility_design,A1,114,114,1,-1.833,1.0,evaporative,1.3,A1,10.00843126112029,50.0,4.995787920753854,3.912023005428146,True
nsa_utah,2021-10-21T18:08:38.090072+00:00,LC08_L1TP_038032_20211021_20211102_01_T1,L8_C1_L1TP_BT_B10,10.682,290.739,1.718,14574,14574,3.03,36.61857426,15.04,1.705,40.48,2.074,0.005037,8.342,65.0,facility_design,A1,114,114,1,-1.321,1.0,evaporative,1.3,A1,10.00843126112029,50.0,4.995787920753854,3.912023005428146,True
nsa_utah,2021-11-22T18:08:32.757517+00:00,LC08_L1TP_038032_20211122_20211130_01_T1,L8_C1_L1TP_BT_B10,10.68,281.916,2.248,14450,14574,0.65,27.48932441,5.208,-2.082,59.33,0.671,0.003822,1.667,65.0,facility_design,A1,93,114,1,-2.289,0.8157894736842105,evaporative,1.3,A1,10.00843126112029,50.0,4.995787920753854,3.912023005428146,True
nsa_utah,2021-12-08T18:08:33.599072+00:00,LC08_L1TP_038032_20211208_20211215_01_T1,L8_C1_L1TP_BT_B10,10.68,280.35,2.021,14574,14574,42.26,24.72346934,7.38,-1.227,54.4,3.773,0.004071,3.206,65.0,facility_design,A1,112,114,1,-2.3910000000000005,0.9824561403508771,evaporative,1.3,A1,10.00843126112029,50.0,4.995787920753854,3.912023005428146,True
nscc_guangzhou,2013-07-08T02:54:06.439928+00:00,LC08_L1TP_122044_20130708_20170504_01_T1,L8_C1_L1TP_BT_B10,10.461,296.961,1.007,5693,6295,44.45,67.74423488,31.576,23.769,63.35,3.757,0.018282,25.976,17.8,it_measured_hpl,A1,30,30,1,1.442,1.0,evaporative,1.3,A1,2.5616893202961606,17.8,6.948539722975508,2.8791984572980396,True
nscc_guangzhou,2013-08-09T02:54:07.719764+00:00,LC08_L1TP_122044_20130809_20170503_01_T1,L8_C1_L1TP_BT_B10,10.461,300.956,1.12,5350,6295,10.5,66.01908777,32.268,24.674,64.32,1.989,0.019315,26.768,17.8,it_measured_hpl,A1,30,30,1,0.924,1.0,evaporative,1.3,A1,2.5616893202961606,17.8,6.948539722975508,2.8791984572980396,True
nscc_guangzhou,2013-10-12T02:53:59.798137+00:00,LC08_L1TP_122044_20131012_20170429_01_T1,L8_C1_L1TP_BT_B10,10.459,298.618,0.901,6213,6295,24.1,53.96352052,30.74,21.485,57.85,1.771,0.015891,24.298,17.8,it_measured_hpl,A1,25,30,1,0.706,0.8333333333333334,evaporative,1.3,A1,2.5616893202961606,17.8,6.948539722975508,2.8791984572980396,True
nscc_guangzhou,2013-11-29T02:53:44.092556+00:00,LC08_L1TP_122044_20131129_20170428_01_T1,L8_C1_L1TP_BT_B10,10.455,290.367,1.007,6294,6295,0.12,41.31159233,15.895,-5.086,23.26,5.091,0.002581,6.785,17.8,it_measured_hpl,A1,28,30,1,-0.275,0.9333333333333333,evaporative,1.3,A1,2.5616893202961606,17.8,6.948539722975508,2.8791984572980396,True
nscc_guangzhou,2013-12-31T02:53:31.316000+00:00,LC08_L1TP_122044_20131231_20170427_01_T1,L8_C1_L1TP_BT_B10,10.451,288.94,0.769,6286,6295,0.14,38.33138817,15.563,-1.46,31.12,2.879,0.003384,7.611,17.8,it_measured_hpl,A1,22,30,1,-1.134,0.7333333333333333,evaporative,1.3,A1,2.5616893202961606,17.8,6.948539722975508,2.8791984572980396,True
nscc_guangzhou,2014-01-16T02:53:15.827974+00:00,LC08_L1TP_122044_20140116_20170426_01_T1,L8_C1_L1TP_BT_B10,10.447,289.143,0.807,6295,6295,1.62,39.39386242,14.672,2.191,42.91,2.124,0.004409,8.321,17.8,it_measured_hpl,A1,29,30,1,-0.904,0.9666666666666667,evaporative,1.3,A1,2.5616893202961606,17.8,6.948539722975508,2.8791984572980396,True
nscc_guangzhou,2014-02-01T02:53:10.935375+00:00,LC08_L1TP_122044_20140201_20170426_01_T1,L8_C1_L1TP_BT_B10,10.445,295.009,0.882,6229,6295,28.28,42.11202761,20.687,16.982,79.34,1.129,0.011974,18.106,17.8,it_measured_hpl,A1,19,30,1,-0.329,0.6333333333333333,evaporative,1.3,A1,2.5616893202961606,17.8,6.948539722975508,2.8791984572980396,True
nscc_guangzhou,2014-09-29T02:52:15.158154+00:00,LC08_L1TP_122044_20140929_20170418_01_T1,L8_C1_L1TP_BT_B10,10.43,301.075,1.114,5904,6295,15.45,57.36062075,31.104,24.366,67.45,1.07,0.018958,26.215,17.8,it_measured_hpl,A1,30,30,1,0.933,1.0,evaporative,1.3,A1,2.5616893202961606,17.8,6.948539722975508,2.8791984572980396,True
nscc_guangzhou,2014-10-15T02:52:20.855965+00:00,LC08_L1TP_122044_20141015_20170418_01_T1,L8_C1_L1TP_BT_B10,10.431,297.886,1.139,6285,6295,0.17,52.96110082,26.01,13.673,46.53,3.011,0.009667,18.306,17.8,it_measured_hpl,A1,30,30,1,0.721,1.0,evaporative,1.3,A1,2.5616893202961606,17.8,6.948539722975508,2.8791984572980396,True
nscc_guangzhou,2014-10-31T02:52:17.124925+00:00,LC08_L1TP_122044_20141031_20170418_01_T1,L8_C1_L1TP_BT_B10,10.431,295.602,0.835,5705,6295,18.57,48.33531386,28.355,18.953,56.75,1.776,0.013568,21.999,17.8,it_measured_hpl,A1,30,30,1,0.545,1.0,evaporative,1.3,A1,2.5616893202961606,17.8,6.948539722975508,2.8791984572980396,True
nscc_guangzhou,2014-11-16T02:52:19.614114+00:00,LC08_L1TP_122044_20141116_20170417_01_T1,L8_C1_L1TP_BT_B10,10.431,295.024,0.827,6295,6295,0.56,44.06121253,24.968,15.105,54.3,3.514,0.010612,18.627,17.8,it_measured_hpl,A1,30,30,1,0.203,1.0,evaporative,1.3,A1,2.5616893202961606,17.8,6.948539722975508,2.8791984572980396,True
nscc_guangzhou,2015-01-03T02:52:09.168877+00:00,LC08_L1TP_122044_20150103_20170415_01_T1,L8_C1_L1TP_BT_B10,10.428,288.952,0.605,6289,6295,0.08,38.25486862,16.691,6.202,49.96,1.789,0.005847,10.849,17.8,it_measured_hpl,A1,20,30,1,-0.025,0.6666666666666666,evaporative,1.3,A1,2.5616893202961606,17.8,6.948539722975508,2.8791984572980396,True
nscc_guangzhou,2015-01-19T02:52:06.712021+00:00,LC08_L1TP_122044_20150119_20170413_01_T1,L8_C1_L1TP_BT_B10,10.428,289.942,0.822,6295,6295,0.1,39.61244341,16.575,0.763,34.3,3.903,0.003979,8.804,17.8,it_measured_hpl,A1,30,30,1,-0.501,1.0,evaporative,1.3,A1,2.5616893202961606,17.8,6.948539722975508,2.8791984572980396,True
nscc_guangzhou,2015-06-12T02:51:22.715294+00:00,LC08_L1TP_122044_20150612_20170408_01_T1,L8_C1_L1TP_BT_B10,10.415,289.671,0.682,2144,6295,68.37,68.40222695,30.394,25.446,74.92,2.184,0.020237,26.73,17.8,it_measured_hpl,A1,30,30,1,0.62,1.0,evaporative,1.3,A1,2.5616893202961606,17.8,6.948539722975508,2.8791984572980396,True
nscc_guangzhou,2015-10-02T02:52:08.073054+00:00,LC08_L1TP_122044_20151002_20170403_01_T1,L8_C1_L1TP_BT_B10,10.428,296.424,0.764,6290,6295,17.88,56.620611,29.181,20.643,60.08,4.37,0.015082,23.272,17.8,it_measured_hpl,A1,30,30,1,0.558,1.0,evaporative,1.3,A1,2.5616893202961606,17.8,6.948539722975508,2.8791984572980396,True
nscc_guangzhou,2015-10-18T02:52:08.684440+00:00,LC08_L1TP_122044_20151018_20170403_01_T1,L8_C1_L1TP_BT_B10,10.428,299.895,1.061,6293,6295,0.58,52.1473931,27.748,15.121,46.13,2.913,0.010623,19.705,17.8,it_measured_hpl,A1,30,30,1,0.446,1.0,evaporative,1.3,A1,2.5616893202961606,17.8,6.948539722975508,2.8791984572980396,True
nscc_guangzhou,2016-01-06T02:52:11.333796+00:00,LC08_L1TP_122044_20160106_20170404_01_T1,L8_C1_L1TP_BT_B10,10.429,293.187,0.571,6093,6295,34.01,38.37157694,21.984,17.029,73.5,3.817,0.012009,18.587,17.8,it_measured_hpl,A1,26,30,1,0.043,0.8666666666666667,evaporative,1.3,A1,2.5616893202961606,17.8,6.948539722975508,2.8791984572980396,True
nscc_guangzhou,2016-02-07T02:52:07.961341+00:00,LC08_L1TP_122044_20160207_20170330_01_T1,L8_C1_L1TP_BT_B10,10.428,289.008,1.014,6293,6295,0.05,43.25964311,13.691,-5.409,26.16,3.93,0.002518,5.589,17.8,it_measured_hpl,A1,27,30,1,-0.222,0.9,evaporative,1.3,A1,2.5616893202961606,17.8,6.948539722975508,2.8791984572980396,True
nscc_guangzhou,2016-04-27T02:51:39.601656+00:00,LC08_L1TP_122044_20160427_20170326_01_T1,L8_C1_L1TP_BT_B10,10.42,296.853,0.699,6000,6295,43.67,66.43172882,28.745,22.955,70.96,2.206,0.017396,24.572,17.8,it_measured_hpl,A1,30,30,1,0.7260000000000001,1.0,evaporative,1.3,A1,2.5616893202961606,17.8,6.948539722975508,2.8791984572980396,True
nscc_guangzhou,2016-09-18T02:52:21.167507+00:00,LC08_L1TP_122044_20160918_20170321_01_T1,L8_C1_L1TP_BT_B10,10.432,300.78,1.066,6294,6295,11.88,59.90163472,30.272,21.46,59.33,3.532,0.015867,24.128,17.8,it_measured_hpl,A1,30,30,1,0.952,1.0,evaporative,1.3,A1,2.5616893202961606,17.8,6.948539722975508,2.8791984572980396,True
nscc_guangzhou,2016-11-05T02:52:27.519728+00:00,LC08_L1TP_122044_20161105_20170318_01_T1,L8_C1_L1TP_BT_B10,10.433,296.84,0.7,6295,6295,6.53,46.80733968,25.161,18.063,64.78,1.006,0.012826,20.343,17.8,it_measured_hpl,A1,30,30,1,-0.171,1.0,evaporative,1.3,A1,2.5616893202961606,17.8,6.948539722975508,2.8791984572980396,True
nscc_guangzhou,2016-12-07T02:52:25.779394+00:00,LC08_L1TP_122044_20161207_20170317_01_T1,L8_C1_L1TP_BT_B10,10.433,292.711,0.746,6295,6295,3.96,39.81498254,19.649,6.918,43.58,3.318,0.006143,12.532,17.8,it_measured_hpl,A1,30,30,1,0.089,1.0,evaporative,1.3,A1,2.5616893202961606,17.8,6.948539722975508,2.8791984572980396,True
nscc_guangzhou,2017-01-08T02:52:18.481303+00:00,LC08_L1TP_122044_20170108_20170311_01_T1,L8_C1_L1TP_BT_B10,10.431,293.422,0.566,6295,6295,24.01,38.54130762,23.248,16.647,66.44,3.07,0.01172,18.82,17.8,it_measured_hpl,A1,30,30,1,0.095,1.0,evaporative,1.3,A1,2.5616893202961606,17.8,6.948539722975508,2.8791984572980396,True
nscc_guangzhou,2017-02-09T02:52:04.996941+00:00,LC08_L1TP_122044_20170209_20170217_01_T1,L8_C1_L1TP_BT_B10,10.427,286.895,0.702,6292,6295,55.69,43.9527393,12.375,2.496,50.92,6.083,0.004506,7.238,17.8,it_measured_hpl,A1,30,30,1,0.164,1.0,evaporative,1.3,A1,2.5616893202961606,17.8,6.948539722975508,2.8791984572980396,True
nscc_guangzhou,2017-08-20T02:52:11.250773+00:00,LC08_L1TP_122044_20170820_20170826_01_T1,L8_C1_L1TP_BT_B10,10.429,301.765,1.044,6218,6295,12.42,64.62048748,33.117,25.345,63.81,1.807,0.020114,27.457,17.8,it_measured_hpl,A1,30,30,1,1.062,1.0,evaporative,1.3,A1,2.5616893202961606,17.8,6.948539722975508,2.8791984572980396,True
nscc_guangzhou,2017-10-23T02:52:25.285884+00:00,LC08_L1TP_122044_20171023_20171107_01_T1,L8_C1_L1TP_BT_B10,10.433,295.477,0.876,6295,6295,0.05,50.56421773,24.183,13.481,51.23,3.86,0.009547,17.482,17.8,it_measured_hpl,A1,30,30,1,0.629,1.0,evaporative,1.3,A1,2.5616893202961606,17.8,6.948539722975508,2.8791984572980396,True
nscc_guangzhou,2017-12-26T02:52:18.082868+00:00,LC08_L1TP_122044_20171226_20180103_01_T1,L8_C1_L1TP_BT_B10,10.431,289.906,1.294,3307,6295,40.33,38.22497738,18.417,4.774,40.58,2.835,0.005293,11.109,18.5,it_measured_hpl,A1,28,30,1,-0.27,0.9333333333333333,evaporative,1.3,A1,2.5616893202961606,18.5,7.221796903092522,2.917770732084279,True
nscc_guangzhou,2018-01-11T02:52:12.189304900+00:00,LC08_L1TP_122044_20180111_20180119_01_T1,L8_C1_L1TP_BT_B10,10.429,287.606,0.677,6294,6295,14.75,38.74436125,14.078,-2.038,32.82,5.344,0.003242,6.68,18.5,it_measured_hpl,A1,27,30,1,-0.313,0.9,evaporative,1.3,A1,2.5616893202961606,18.5,7.221796903092522,2.917770732084279,True
nscc_guangzhou,2018-02-12T02:51:56.591118+00:00,LC08_L1TP_122044_20180212_20180222_01_T1,L8_C1_L1TP_BT_B10,10.425,289.455,0.934,6295,6295,7.55,44.66427677,15.049,0.507,37.12,4.192,0.003906,7.952,18.5,it_measured_hpl,A1,30,30,1,-0.144,1.0,evaporative,1.3,A1,2.5616893202961606,18.5,7.221796903092522,2.917770732084279,True
nscc_guangzhou,2018-04-01T02:51:33.985674+00:00,LC08_L1TP_122044_20180401_20180416_01_T1,L8_C1_L1TP_BT_B10,10.418,296.257,1.0,5468,6295,10.48,59.86511671,26.396,17.118,56.72,1.24,0.012078,20.257,18.5,it_measured_hpl,A1,30,30,1,0.12200000000000001,1.0,evaporative,1.3,A1,2.5616893202961606,18.5,7.221796903092522,2.917770732084279,True
nscc_guangzhou,2018-07-22T02:51:19.809763+00:00,LC08_L1TP_122044_20180722_20180731_01_T1,L8_C1_L1TP_BT_B10,10.415,300.642,0.966,6295,6295,47.69,66.46046784,32.753,25.18,64.5,2.099,0.019915,27.242,18.5,it_measured_hpl,A1,30,30,1,1.1,1.0,evaporative,1.3,A1,2.5616893202961606,18.5,7.221796903092522,2.917770732084279,True
nscc_guangzhou,2018-09-24T02:51:47.520638+00:00,LC08_L1TP_122044_20180924_20180929_01_T1,L8_C1_L1TP_BT_B10,10.422,295.604,0.713,2232,6295,53.49,58.53368836,29.278,24.73,76.55,2.627,0.019381,25.92,18.5,it_measured_hpl,A1,30,30,1,0.793,1.0,evaporative,1.3,A1,2.5616893202961606,18.5,7.221796903092522,2.917770732084279,True
nscc_guangzhou,2019-01-30T02:51:53.505428+00:00,LC08_L1TP_122044_20190130_20190206_01_T1,L8_C1_L1TP_BT_B10,10.424,293.928,0.791,6271,6295,26.1,41.49600345,22.069,12.873,55.95,1.969,0.009173,16.314,18.5,it_measured_hpl,A1,27,30,1,-0.106,0.9,evaporative,1.3,A1,2.5616893202961606,18.5,7.221796903092522,2.917770732084279,True
nscc_guangzhou,2019-08-10T02:52:13.502427900+00:00,LC08_L1TP_122044_20190810_20190820_01_T1,L8_C1_L1TP_BT_B10,10.43,296.283,0.639,5247,6295,24.91,65.56077937,34.662,27.705,67.28,2.438,0.023163,29.471,18.5,it_measured_hpl,A1,30,30,1,0.711,1.0,evaporative,1.3,A1,2.5616893202961606,18.5,7.221796903092522,2.917770732084279,True
nscc_guangzhou,2019-09-11T02:52:21.967860+00:00,LC08_L1TP_122044_20190911_20190917_01_T1,L8_C1_L1TP_BT_B10,10.432,298.452,0.755,6009,6295,27.3,61.5043762,32.806,25.017,63.69,1.504,0.019721,27.152,18.5,it_measured_hpl,A1,30,30,1,0.409,1.0,evaporative,1.3,A1,2.5616893202961606,18.5,7.221796903092522,2.917770732084279,True
nscc_guangzhou,2019-09-27T02:52:27.332783+00:00,LC08_L1TP_122044_20190927_20191017_01_T1,L8_C1_L1TP_BT_B10,10.433,299.494,0.935,5387,6295,4.73,57.95484948,29.171,21.267,62.46,2.125,0.015678,23.645,18.5,it_measured_hpl,A1,30,30,1,0.83,1.0,evaporative,1.3,A1,2.5616893202961606,18.5,7.221796903092522,2.917770732084279,True
nscc_guangzhou,2019-10-29T02:52:30.737808900+00:00,LC08_L1TP_122044_20191029_20191114_01_T1,L8_C1_L1TP_BT_B10,10.434,297.475,0.998,6294,6295,5.11,48.99386575,24.019,12.531,48.63,5.103,0.008969,16.947,18.5,it_measured_hpl,A1,30,30,1,0.509,1.0,evaporative,1.3,A1,2.5616893202961606,18.5,7.221796903092522,2.917770732084279,True
nscc_guangzhou,2019-11-14T02:52:28.222801+00:00,LC08_L1TP_122044_20191114_20191202_01_T1,L8_C1_L1TP_BT_B10,10.434,294.643,0.755,6295,6295,0.21,44.63361539,23.384,12.837,51.55,4.735,0.009151,16.837,18.5,it_measured_hpl,A1,30,30,1,0.437,1.0,evaporative,1.3,A1,2.5616893202961606,18.5,7.221796903092522,2.917770732084279,True
nscc_guangzhou,2020-02-18T02:52:08.405028+00:00,LC08_L1TP_122044_20200218_20200225_01_T1,L8_C1_L1TP_BT_B10,10.428,289.504,0.756,6292,6295,0.05,46.240228,14.969,-1.359,32.57,3.541,0.003409,7.338,18.5,it_measured_hpl,A1,30,30,1,-0.12200000000000001,1.0,evaporative,1.3,A1,2.5616893202961606,18.5,7.221796903092522,2.917770732084279,True
nscc_guangzhou,2020-11-16T02:52:24.459316+00:00,LC08_L1TP_122044_20201116_20210314_01_T1,L8_C1_L1TP_BT_B10,10.433,293.531,0.502,6276,6295,6.47,43.94493582,25.682,20.112,71.36,1.172,0.014591,21.768,18.5,it_measured_hpl,A1,28,30,1,0.101,0.9333333333333333,evaporative,1.3,A1,2.5616893202961606,18.5,7.221796903092522,2.917770732084279,True
nscc_guangzhou,2020-12-02T02:52:28.114239900+00:00,LC08_L1TP_122044_20201202_20210312_01_T1,L8_C1_L1TP_BT_B10,10.434,292.022,0.747,6282,6295,16.53,40.60203226,18.866,10.784,59.41,4.326,0.007986,13.917,18.5,it_measured_hpl,A1,30,30,1,0.196,1.0,evaporative,1.3,A1,2.5616893202961606,18.5,7.221796903092522,2.917770732084279,True
nscc_guangzhou,2021-01-03T02:52:23.098300+00:00,LC08_L1TP_122044_20210103_20210309_01_T1,L8_C1_L1TP_BT_B10,10.432,290.541,0.731,6268,6295,2.89,38.29614637,16.907,0.441,32.81,3.361,0.003888,8.865,18.5,it_measured_hpl,A1,29,30,1,-0.441,0.9666666666666667,evaporative,1.3,A1,2.5616893202961606,18.5,7.221796903092522,2.917770732084279,True
nscc_guangzhou,2021-01-19T02:52:15.599202+00:00,LC08_L1TP_122044_20210119_20210306_01_T1,L8_C1_L1TP_BT_B10,10.43,290.093,0.778,6287,6295,0.57,39.71467069,16.186,1.186,36.24,2.154,0.004102,8.748,18.5,it_measured_hpl,A1,30,30,1,-0.256,1.0,evaporative,1.3,A1,2.5616893202961606,18.5,7.221796903092522,2.917770732084279,True
nscc_guangzhou,2021-02-04T02:52:14.372612+00:00,LC08_L1TP_122044_20210204_20210306_01_T1,L8_C1_L1TP_BT_B10,10.43,294.405,0.789,6294,6295,0.09,42.74809628,22.118,12.903,55.9,1.007,0.009191,16.35,18.5,it_measured_hpl,A1,30,30,1,0.091,1.0,evaporative,1.3,A1,2.5616893202961606,18.5,7.221796903092522,2.917770732084279,True
nscc_guangzhou,2021-02-20T02:52:10.067853+00:00,LC08_L1TP_122044_20210220_20210304_01_T1,L8_C1_L1TP_BT_B10,10.429,294.521,0.82,6294,6295,0.04,47.05950479,21.566,12.494,56.29,0.881,0.008947,15.915,18.5,it_measured_hpl,A1,30,30,1,0.002,1.0,evaporative,1.3,A1,2.5616893202961606,18.5,7.221796903092522,2.917770732084279,True
nscc_guangzhou,2021-05-27T02:51:49.247224900+00:00,LC08_L1TP_122044_20210527_20210607_01_T1,L8_C1_L1TP_BT_B10,10.423,299.114,0.796,4742,6295,34.6,68.85973223,32.37,25.668,67.85,2.956,0.020509,27.449,18.5,it_measured_hpl,A1,30,30,1,0.801,1.0,evaporative,1.3,A1,2.5616893202961606,18.5,7.221796903092522,2.917770732084279,True
nscc_guangzhou,2021-07-14T02:52:01.610877+00:00,LC08_L1TP_122044_20210714_20210721_01_T1,L8_C1_L1TP_BT_B10,10.426,300.352,1.078,4462,6295,24.76,66.98370241,33.355,25.665,64.17,1.345,0.020505,27.737,18.5,it_measured_hpl,A1,25,30,1,0.493,0.8333333333333334,evaporative,1.3,A1,2.5616893202961606,18.5,7.221796903092522,2.917770732084279,True
nscc_guangzhou,2021-07-30T02:52:09.524089900+00:00,LC08_L1TP_122044_20210730_20210804_01_T1,L8_C1_L1TP_BT_B10,10.428,289.857,0.876,6097,6295,56.39,66.21583149,31.177,26.32,75.45,1.757,0.021327,27.554,18.5,it_measured_hpl,A1,30,30,1,0.438,1.0,evaporative,1.3,A1,2.5616893202961606,18.5,7.221796903092522,2.917770732084279,True
nscc_guangzhou,2021-11-19T02:52:26.924351+00:00,LC08_L1TP_122044_20211119_20211125_01_T1,L8_C1_L1TP_BT_B10,10.433,294.838,0.764,6294,6295,40.26,43.29244781,22.897,16.391,66.77,1.347,0.011529,18.542,18.5,it_measured_hpl,A1,30,30,1,0.204,1.0,evaporative,1.3,A1,2.5616893202961606,18.5,7.221796903092522,2.917770732084279,True
nscc_wuxi,2013-04-14T02:32:59.895990+00:00,LC08_L1TP_119038_20130414_20170505_01_T1,L8_C1_L1TP_BT_B10,10.566,298.126,1.345,4946,5049,4.46,60.12096891,22.94,9.251,41.74,4.808,0.007199,14.982,0.5,it_measured_hpl,A1,30,30,1,0.495,1.0,evaporative,1.3,A1,2.5621723632996165,0.5,0.1951469023559719,-0.6931471805599453,True
nscc_wuxi,2013-06-17T02:33:08.682630+00:00,LC08_L1TP_119038_20130617_20170503_01_T1,L8_C1_L1TP_BT_B10,10.569,299.09,0.917,5049,5049,46.98,69.20544847,32.897,25.283,64.37,3.097,0.020028,27.352,0.5,it_measured_hpl,A1,30,30,1,0.902,1.0,evaporative,1.3,A1,2.5621723632996165,0.5,0.1951469023559719,-0.6931471805599453,True
nscc_wuxi,2013-07-19T02:33:09.200544+00:00,LC08_L1TP_119038_20130719_20170503_01_T1,L8_C1_L1TP_BT_B10,10.569,299.797,1.31,5000,5049,31.0,66.83132246,31.198,23.227,62.65,5.32,0.017678,25.515,0.5,it_measured_hpl,A1,30,30,1,2.449,1.0,evaporative,1.3,A1,2.5621723632996165,0.5,0.1951469023559719,-0.6931471805599453,True
nscc_wuxi,2013-10-23T02:32:58.622860+00:00,LC08_L1TP_119038_20131023_20170429_01_T1,L8_C1_L1TP_BT_B10,10.566,294.143,0.769,4212,5049,13.86,43.71252533,19.638,11.08,57.74,3.491,0.008141,14.396,0.5,it_measured_hpl,A1,30,30,1,0.205,1.0,evaporative,1.3,A1,2.5621723632996165,0.5,0.1951469023559719,-0.6931471805599453,True
nscc_wuxi,2013-11-08T02:32:56.043593+00:00,LC08_L1TP_119038_20131108_20180205_01_T1,L8_C1_L1TP_BT_B10,10.565,292.566,0.78,5048,5049,5.9,38.89748415,19.849,12.89,64.21,5.605,0.009178,15.41,0.5,it_measured_hpl,A1,28,30,1,-0.379,0.9333333333333333,evaporative,1.3,A1,2.5621723632996165,0.5,0.1951469023559719,-0.6931471805599453,True
nscc_wuxi,2014-01-27T02:32:17.977319+00:00,LC08_L1TP_119038_20140127_20170426_01_T1,L8_C1_L1TP_BT_B10,10.555,283.371,1.784,5027,5049,31.04,34.44212355,8.415,2.513,66.4,5.932,0.004509,5.165,0.5,it_measured_hpl,A1,26,30,1,-1.132,0.8666666666666667,evaporative,1.3,A1,2.5621723632996165,0.5,0.1951469023559719,-0.6931471805599453,True
nscc_wuxi,2014-03-16T02:31:41.034980+00:00,LC08_L1TP_119038_20140316_20170425_01_T1,L8_C1_L1TP_BT_B10,10.545,294.243,1.336,4986,5049,0.47,49.49690491,17.042,8.415,56.83,2.598,0.006802,11.976,0.5,it_measured_hpl,A1,22,30,1,-0.912,0.7333333333333333,evaporative,1.3,A1,2.5621723632996165,0.5,0.1951469023559719,-0.6931471805599453,True
nscc_wuxi,2014-07-22T02:31:03.807604+00:00,LC08_L1TP_119038_20140722_20170421_01_T1,L8_C1_L1TP_BT_B10,10.534,306.137,1.402,5049,5049,20.85,66.11168171,32.03,25.895,70.1,4.83,0.020778,27.503,0.5,it_measured_hpl,A1,30,30,1,2.132,1.0,evaporative,1.3,A1,2.5621723632996165,0.5,0.1951469023559719,-0.6931471805599453,True
nscc_wuxi,2014-10-26T02:31:23.494453+00:00,LC08_L1TP_119038_20141026_20170418_01_T1,L8_C1_L1TP_BT_B10,10.54,296.672,1.061,5024,5049,0.09,42.71187916,23.367,17.237,68.48,0.665,0.012163,19.209,0.5,it_measured_hpl,A1,25,30,1,-0.049,0.8333333333333334,evaporative,1.3,A1,2.5621723632996165,0.5,0.1951469023559719,-0.6931471805599453,True
nscc_wuxi,2015-05-22T02:30:14.437413+00:00,LC08_L1TP_119038_20150522_20180205_01_T1,L8_C1_L1TP_BT_B10,10.52,298.038,1.473,5049,5049,25.67,67.83790708,22.464,13.719,57.72,4.91,0.009691,16.909,0.5,it_measured_hpl,A1,30,30,1,1.668,1.0,evaporative,1.3,A1,2.5621723632996165,0.5,0.1951469023559719,-0.6931471805599453,True
nscc_wuxi,2015-10-13T02:31:11.784932+00:00,LC08_L1TP_119038_20151013_20170403_01_T1,L8_C1_L1TP_BT_B10,10.536,295.623,0.864,5040,5049,3.2,46.90326286,21.555,9.593,46.46,1.882,0.007367,14.534,0.5,it_measured_hpl,A1,27,30,1,0.357,0.9,evaporative,1.3,A1,2.5621723632996165,0.5,0.1951469023559719,-0.6931471805599453,True
nscc_wuxi,2015-11-14T02:31:17.632636+00:00,LC08_L1TP_119038_20151114_20170402_01_T1,L8_C1_L1TP_BT_B10,10.538,287.416,0.532,5048,5049,25.51,37.28881788,14.611,8.876,68.49,3.426,0.007018,11.095,0.5,it_measured_hpl,A1,30,30,1,-0.042,1.0,evaporative,1.3,A1,2.5621723632996165,0.5,0.1951469023559719,-0.6931471805599453,True
nscc_wuxi,2015-11-30T02:31:20.331310+00:00,LC08_L1TP_119038_20151130_20170401_01_T1,L8_C1_L1TP_BT_B10,10.539,286.391,0.759,5048,5049,24.44,33.70766519,10.348,9.059,91.72,0.588,0.007106,9.437,0.5,it_measured_hpl,A1,30,30,1,-0.108,1.0,evaporative,1.3,A1,2.5621723632996165,0.5,0.1951469023559719,-0.6931471805599453,True
nscc_wuxi,2015-12-16T02:31:19.293624+00:00,LC08_L1TP_119038_20151216_20170331_01_T1,L8_C1_L1TP_BT_B10,10.538,276.911,0.782,3812,5049,6.6,31.54426631,5.569,-7.844,37.43,5.936,0.002088,0.409,0.5,it_measured_hpl,A1,22,30,1,0.09699999999999999,0.7333333333333333,evaporative,1.3,A1,2.5621723632996165,0.5,0.1951469023559719,-0.6931471805599453,True
nscc_wuxi,2016-02-02T02:31:14.118781+00:00,LC08_L1TP_119038_20160202_20170330_01_T1,L8_C1_L1TP_BT_B10,10.537,276.004,0.632,5045,5049,25.94,35.58806669,1.319,-6.474,56.13,3.028,0.00232,-2.013,0.5,it_measured_hpl,A1,30,30,1,-0.39,1.0,evaporative,1.3,A1,2.5621723632996165,0.5,0.1951469023559719,-0.6931471805599453,True
nscc_wuxi,2016-03-05T02:31:04.434273+00:00,LC08_L1TP_119038_20160305_20170328_01_T1,L8_C1_L1TP_BT_B10,10.534,293.131,1.192,5048,5049,2.89,45.563658,19.279,14.241,72.63,2.932,0.010027,15.933,0.5,it_measured_hpl,A1,30,30,1,-0.331,1.0,evaporative,1.3,A1,2.5621723632996165,0.5,0.1951469023559719,-0.6931471805599453,True
nscc_wuxi,2016-04-22T02:30:43.105067+00:00,LC08_L1TP_119038_20160422_20170326_01_T1,L8_C1_L1TP_BT_B10,10.528,295.143,1.337,5036,5049,19.5,62.2250033,23.46,17.067,67.36,3.525,0.012031,19.143,0.5,it_measured_hpl,A1,30,30,1,1.568,1.0,evaporative,1.3,A1,2.5621723632996165,0.5,0.1951469023559719,-0.6931471805599453,True
nscc_wuxi,2016-07-27T02:31:11.521928+00:00,LC08_L1TP_119038_20160727_20170322_01_T1,L8_C1_L1TP_BT_B10,10.536,303.529,1.076,5043,5049,5.05,65.45712372,35.736,26.503,59.07,2.843,0.021549,28.978,15.4,it_measured_hpl,A1,30,30,1,0.433,1.0,evaporative,1.3,A1,2.5621723632996165,15.4,6.010524592563934,2.7343675094195836,True
nscc_wuxi,2016-09-13T02:31:24.945887+00:00,LC08_L1TP_119038_20160913_20180205_01_T1,L8_C1_L1TP_BT_B10,10.54,300.242,0.978,4794,5049,24.7,55.83795716,27.608,19.474,61.24,3.294,0.014011,22.038,15.4,it_measured_hpl,A1,30,30,1,1.121,1.0,evaporative,1.3,A1,2.5621723632996165,15.4,6.010524592563934,2.7343675094195836,True
nscc_wuxi,2016-12-02T02:31:31.022625+00:00,LC08_L1TP_119038_20161202_20170317_01_T1,L8_C1_L1TP_BT_B10,10.542,285.616,0.74,5041,5049,13.02,33.23404431,11.626,4.43,61.31,2.451,0.005164,7.615,15.4,it_measured_hpl,A1,30,30,1,-0.241,1.0,evaporative,1.3,A1,2.5621723632996165,15.4,6.010524592563934,2.7343675094195836,True
nscc_wuxi,2016-12-18T02:31:26.475626+00:00,LC08_L1TP_119038_20161218_20170315_01_T1,L8_C1_L1TP_BT_B10,10.54,281.324,1.406,3572,5049,43.56,31.34978099,11.172,6.424,72.57,2.677,0.005934,8.31,15.4,it_measured_hpl,A1,27,30,1,0.173,0.9,evaporative,1.3,A1,2.5621723632996165,15.4,6.010524592563934,2.7343675094195836,True
nscc_wuxi,2017-01-03T02:31:23.647805+00:00,LC08_L1TP_119038_20170103_20170312_01_T1,L8_C1_L1TP_BT_B10,10.54,283.622,0.558,5048,5049,66.68,31.21806064,7.258,5.679,89.7,2.269,0.005635,6.191,15.4,it_measured_hpl,A1,30,30,1,-0.115,1.0,evaporative,1.3,A1,2.5621723632996165,15.4,6.010524592563934,2.7343675094195836,True
nscc_wuxi,2017-03-08T02:30:59.038542+00:00,LC08_L1TP_119038_20170308_20170317_01_T1,L8_C1_L1TP_BT_B10,10.533,287.568,1.204,5036,5049,1.95,46.55796391,9.758,-0.407,49.17,3.553,0.003653,4.818,15.4,it_measured_hpl,A1,30,30,1,-0.327,1.0,evaporative,1.3,A1,2.5621723632996165,15.4,6.010524592563934,2.7343675094195836,True
nscc_wuxi,2017-05-11T02:30:34.082214+00:00,LC08_L1TP_119038_20170511_20170516_01_T1,L8_C1_L1TP_BT_B10,10.526,299.138,1.625,5045,5049,53.32,66.49167812,27.132,18.549,59.44,1.043,0.013219,21.332,15.4,it_measured_hpl,A1,30,30,1,2.563,1.0,evaporative,1.3,A1,2.5621723632996165,15.4,6.010524592563934,2.7343675094195836,True
nscc_wuxi,2017-05-27T02:30:44.831764+00:00,LC08_L1TP_119038_20170527_20170615_01_T1,L8_C1_L1TP_BT_B10,10.529,302.964,1.73,5024,5049,4.95,68.41035303,26.608,17.942,59.01,3.856,0.01272,20.796,15.4,it_measured_hpl,A1,30,30,1,2.528,1.0,evaporative,1.3,A1,2.5621723632996165,15.4,6.010524592563934,2.7343675094195836,True
nscc_wuxi,2017-07-14T02:30:59.974375+00:00,LC08_L1TP_119038_20170714_20170726_01_T1,L8_C1_L1TP_BT_B10,10.533,298.916,1.5,2917,5049,63.04,66.94150873,33.31,26.559,67.83,1.275,0.021621,28.316,15.4,it_measured_hpl,A1,30,30,1,1.735,1.0,evaporative,1.3,A1,2.5621723632996165,15.4,6.010524592563934,2.7343675094195836,True
nscc_wuxi,2017-09-16T02:31:18.359722+00:00,LC08_L1TP_119038_20170916_20170929_01_T1,L8_C1_L1TP_BT_B10,10.538,298.255,1.039,2105,5049,29.76,55.05688863,25.39,17.854,63.07,4.799,0.01265,20.304,15.4,it_measured_hpl,A1,30,30,1,2.521,1.0,evaporative,1.3,A1,2.5621723632996165,15.4,6.010524592563934,2.7343675094195836,True
nscc_wuxi,2017-11-03T02:31:28.915015+00:00,LC08_L1TP_119038_20171103_20171109_01_T1,L8_C1_L1TP_BT_B10,10.541,292.481,0.691,5048,5049,12.55,40.20890892,19.716,13.086,65.57,3.11,0.009297,15.461,15.4,it_measured_hpl,A1,30,30,1,0.321,1.0,evaporative,1.3,A1,2.5621723632996165,15.4,6.010524592563934,2.7343675094195836,True
nscc_wuxi,2018-01-06T02:31:18.599367+00:00,LC08_L1TP_119038_20180106_20180119_01_T1,L8_C1_L1TP_BT_B10,10.538,277.361,0.584,5026,5049,37.59,31.37200261,3.901,-1.291,68.9,3.799,0.003424,1.198,15.4,it_measured_hpl,A1,25,30,1,-0.549,0.8333333333333334,evaporative,1.3,A1,2.5621723632996165,15.4,6.010524592563934,2.7343675094195836,True
nscc_wuxi,2018-02-07T02:31:02.339231+00:00,LC08_L1TP_119038_20180207_20180221_01_T1,L8_C1_L1TP_BT_B10,10.534,276.295,1.283,5048,5049,58.59,36.99123868,2.427,-4.166,61.78,4.564,0.002765,-0.664,15.4,it_measured_hpl,A1,30,30,1,-0.576,1.0,evaporative,1.3,A1,2.5621723632996165,15.4,6.010524592563934,2.7343675094195836,True
nscc_wuxi,2018-02-23T02:30:56.467242+00:00,LC08_L1TP_119038_20180223_20180308_01_T1,L8_C1_L1TP_BT_B10,10.532,285.038,1.339,4925,5049,0.99,41.87991469,9.653,3.269,64.45,4.118,0.004758,6.122,15.4,it_measured_hpl,A1,20,30,1,-0.743,0.6666666666666666,evaporative,1.3,A1,2.5621723632996165,15.4,6.010524592563934,2.7343675094195836,True
nscc_wuxi,2018-03-11T02:30:47.798849900+00:00,LC08_L1TP_119038_20180311_20180320_01_T1,L8_C1_L1TP_BT_B10,10.53,290.967,1.346,5045,5049,46.0,47.55380111,13.562,6.454,62.15,3.393,0.005946,9.452,15.4,it_measured_hpl,A1,29,30,1,-0.528,0.9666666666666667,evaporative,1.3,A1,2.5621723632996165,15.4,6.010524592563934,2.7343675094195836,True
nscc_wuxi,2018-03-27T02:30:40.541450+00:00,LC08_L1TP_119038_20180327_20180404_01_T1,L8_C1_L1TP_BT_B10,10.528,294.859,1.197,4932,5049,8.95,53.4593379,18.874,13.516,71.07,3.192,0.009563,15.361,15.4,it_measured_hpl,A1,30,30,1,0.63,1.0,evaporative,1.3,A1,2.5621723632996165,15.4,6.010524592563934,2.7343675094195836,True
nscc_wuxi,2018-04-28T02:30:23.038512900+00:00,LC08_L1TP_119038_20180428_20180502_01_T1,L8_C1_L1TP_BT_B10,10.523,298.773,1.485,5030,5049,3.0,63.63532734,23.203,15.506,61.94,2.626,0.010884,18.159,15.4,it_measured_hpl,A1,30,30,1,2.206,1.0,evaporative,1.3,A1,2.5621723632996165,15.4,6.010524592563934,2.7343675094195836,True
nscc_wuxi,2018-06-15T02:30:04.621580+00:00,LC08_L1TP_119038_20180615_20180703_01_T1,L8_C1_L1TP_BT_B10,10.518,301.486,2.221,1867,5049,21.57,68.65508439,28.598,18.237,53.51,1.728,0.01296,21.681,15.4,it_measured_hpl,A1,30,30,1,1.6699999999999997,1.0,evaporative,1.3,A1,2.5621723632996165,15.4,6.010524592563934,2.7343675094195836,True
nscc_wuxi,2018-11-22T02:31:07.313033+00:00,LC08_L1TP_119038_20181122_20181129_01_T1,L8_C1_L1TP_BT_B10,10.535,286.263,0.593,4656,5049,4.6,35.26905362,12.227,4.698,60.05,3.953,0.005262,8.03,15.4,it_measured_hpl,A1,29,30,1,0.164,0.9666666666666667,evaporative,1.3,A1,2.5621723632996165,15.4,6.010524592563934,2.7343675094195836,True
nscc_wuxi,2018-12-24T02:31:03.940845+00:00,LC08_L1TP_119038_20181224_20190129_01_T1,L8_C1_L1TP_BT_B10,10.534,282.866,0.654,5046,5049,2.44,31.07304131,9.242,2.606,63.21,3.494,0.004539,5.634,15.4,it_measured_hpl,A1,30,30,1,-0.342,1.0,evaporative,1.3,A1,2.5621723632996165,15.4,6.010524592563934,2.7343675094195836,True
nscc_wuxi,2019-04-15T02:30:39.126803+00:00,LC08_L1TP_119038_20190415_20190423_01_T1,L8_C1_L1TP_BT_B10,10.527,296.016,1.476,5048,5049,6.15,59.91038405,16.324,4.568,45.65,3.73,0.005214,10.02,15.4,it_measured_hpl,A1,30,30,1,1.962,1.0,evaporative,1.3,A1,2.5621723632996165,15.4,6.010524592563934,2.7343675094195836,True
nscc_wuxi,2019-06-02T02:30:55.369241+00:00,LC08_L1TP_119038_20190602_20190605_01_T1,L8_C1_L1TP_BT_B10,10.532,299.031,1.483,4976,5049,38.03,68.72318028,23.563,16.557,64.82,4.153,0.011646,18.886,15.4,it_measured_hpl,A1,30,30,1,2.8,1.0,evaporative,1.3,A1,2.5621723632996165,15.4,6.010524592563934,2.7343675094195836,True
nscc_wuxi,2019-10-24T02:31:35.103677+00:00,LC08_L1TP_119038_20191024_20191030_01_T1,L8_C1_L1TP_BT_B10,10.543,294.659,1.041,3135,5049,16.52,43.42482242,21.467,14.041,62.64,2.685,0.009897,16.68,15.4,it_measured_hpl,A1,30,30,1,1.227,1.0,evaporative,1.3,A1,2.5621723632996165,15.4,6.010524592563934,2.7343675094195836,True
nscc_wuxi,2019-11-09T02:31:33.524398+00:00,LC08_L1TP_119038_20191109_20191115_01_T1,L8_C1_L1TP_BT_B10,10.542,290.848,0.848,4999,5049,0.15,38.64834668,16.057,5.858,50.79,0.137,0.005706,10.402,15.4,it_measured_hpl,A1,28,30,1,-0.005,0.9333333333333333,evaporative,1.3,A1,2.5621723632996165,15.4,6.010524592563934,2.7343675094195836,True
nscc_wuxi,2019-12-11T02:31:29.666232+00:00,LC08_L1TP_119038_20191211_20191217_01_T1,L8_C1_L1TP_BT_B10,10.541,284.99,0.763,5036,5049,0.2,32.06060219,11.026,5.21,67.37,3.35,0.005454,7.662,15.4,it_measured_hpl,A1,30,30,1,-0.024,1.0,evaporative,1.3,A1,2.5621723632996165,15.4,6.010524592563934,2.7343675094195836,True
nscc_wuxi,2019-12-27T02:31:26.117383+00:00,LC08_L1TP_119038_20191227_20200110_01_T1,L8_C1_L1TP_BT_B10,10.54,280.615,0.633,4844,5049,5.12,31.06049694,6.08,-4.653,46.11,2.413,0.002665,1.442,15.4,it_measured_hpl,A1,23,30,1,-0.318,0.7666666666666667,evaporative,1.3,A1,2.5621723632996165,15.4,6.010524592563934,2.7343675094195836,True
nscc_wuxi,2020-05-03T02:30:38.022761+00:00,LC08_L1TP_119038_20200503_20200509_01_T1,L8_C1_L1TP_BT_B10,10.527,300.662,1.233,5039,5049,1.26,64.95905105,28.961,22.745,69.19,3.951,0.017163,24.504,15.4,it_measured_hpl,A1,30,30,1,1.874,1.0,evaporative,1.3,A1,2.5621723632996165,15.4,6.010524592563934,2.7343675094195836,True
nscc_wuxi,2020-05-19T02:30:37.174410+00:00,LC08_L1TP_119038_20200519_20200527_01_T1,L8_C1_L1TP_BT_B10,10.527,303.006,1.936,5048,5049,12.31,67.66943658,24.788,11.225,42.61,4.501,0.008219,16.643,15.4,it_measured_hpl,A1,30,30,1,2.608,1.0,evaporative,1.3,A1,2.5621723632996165,15.4,6.010524592563934,2.7343675094195836,True
nscc_wuxi,2020-08-23T02:31:16.223390+00:00,LC08_L1TP_119038_20200823_20200905_01_T1,L8_C1_L1TP_BT_B10,10.538,299.602,0.998,4007,5049,11.8,60.93173437,30.897,24.723,69.73,3.569,0.019361,26.388,15.4,it_measured_hpl,A1,30,30,1,1.086,1.0,evaporative,1.3,A1,2.5621723632996165,15.4,6.010524592563934,2.7343675094195836,True
nscc_wuxi,2020-09-08T02:31:23.458889+00:00,LC08_L1TP_119038_20200908_20200918_01_T1,L8_C1_L1TP_BT_B10,10.54,300.65,1.804,4787,5049,13.98,57.16866887,31.039,20.687,54.15,2.985,0.015114,23.927,15.4,it_measured_hpl,A1,30,30,1,2.086,1.0,evaporative,1.3,A1,2.5621723632996165,15.4,6.010524592563934,2.7343675094195836,True
nscc_wuxi,2020-10-10T02:31:31.170382+00:00,LC08_L1TP_119038_20201010_20201016_01_T1,L8_C1_L1TP_BT_B10,10.542,294.136,1.274,1766,5049,27.32,47.63950596,21.46,14.619,65.05,2.497,0.010277,16.993,15.4,it_measured_hpl,A1,30,30,1,0.876,1.0,evaporative,1.3,A1,2.5621723632996165,15.4,6.010524592563934,2.7343675094195836,True
nscc_wuxi,2020-11-11T02:31:27.903989+00:00,LC08_L1TP_119038_20201111_20210316_01_T1,L8_C1_L1TP_BT_B10,10.541,291.251,0.832,5034,5049,10.56,37.89271349,17.125,7.629,53.59,2.809,0.006447,11.663,15.4,it_measured_hpl,A1,27,30,1,-0.444,0.9,evaporative,1.3,A1,2.5621723632996165,15.4,6.010524592563934,2.7343675094195836,True
nscc_wuxi,2020-12-13T02:31:32.267697+00:00,LC08_L1TP_119038_20201213_20210313_01_T1,L8_C1_L1TP_BT_B10,10.542,283.57,0.607,5041,5049,8.31,31.76168663,9.015,3.325,67.53,2.52,0.004777,5.82,15.4,it_measured_hpl,A1,29,30,1,-0.773,0.9666666666666667,evaporative,1.3,A1,2.5621723632996165,15.4,6.010524592563934,2.7343675094195836,True
nscc_wuxi,2021-01-14T02:31:22.333696+00:00,LC08_L1TP_119038_20210114_20210308_01_T1,L8_C1_L1TP_BT_B10,10.539,283.867,1.497,4994,5049,3.86,32.20312749,8.326,-0.377,54.27,2.318,0.003661,4.025,15.4,it_measured_hpl,A1,25,30,1,-1.499,0.8333333333333334,evaporative,1.3,A1,2.5621723632996165,15.4,6.010524592563934,2.7343675094195836,True
nscc_wuxi,2021-01-30T02:31:19.353709+00:00,LC08_L1TP_119038_20210130_20210306_01_T1,L8_C1_L1TP_BT_B10,10.538,282.87,1.052,5044,5049,0.15,35.08049953,8.277,0.13,56.49,3.06,0.003798,4.172,15.4,it_measured_hpl,A1,30,30,1,-1.198,1.0,evaporative,1.3,A1,2.5621723632996165,15.4,6.010524592563934,2.7343675094195836,True
nscc_wuxi,2021-04-04T02:30:56.917272900+00:00,LC08_L1TP_119038_20210404_20210409_01_T1,L8_C1_L1TP_BT_B10,10.532,291.017,1.158,5049,5049,8.02,56.45839705,13.266,2.525,48.14,5.338,0.004513,7.713,15.4,it_measured_hpl,A1,30,30,1,0.444,1.0,evaporative,1.3,A1,2.5621723632996165,15.4,6.010524592563934,2.7343675094195836,True
nscc_wuxi,2021-05-22T02:30:50.664034+00:00,LC08_L1TP_119038_20210522_20210529_01_T1,L8_C1_L1TP_BT_B10,10.53,296.812,1.442,5027,5049,18.5,67.99375158,23.874,16.608,63.82,5.646,0.011684,19.031,15.4,it_measured_hpl,A1,30,30,1,1.976,1.0,evaporative,1.3,A1,2.5621723632996165,15.4,6.010524592563934,2.7343675094195836,True
nscc_wuxi,2021-06-23T02:31:03.548027+00:00,LC08_L1TP_119038_20210623_20210629_01_T1,L8_C1_L1TP_BT_B10,10.534,303.573,2.135,5049,5049,3.94,68.52439434,28.978,16.707,47.52,2.045,0.011758,20.988,15.4,it_measured_hpl,A1,30,30,1,2.576,1.0,evaporative,1.3,A1,2.5621723632996165,15.4,6.010524592563934,2.7343675094195836,True
nscc_wuxi,2021-08-26T02:31:22.802453+00:00,LC08_L1TP_119038_20210826_20210901_01_T1,L8_C1_L1TP_BT_B10,10.539,297.826,0.96,5049,5049,37.67,60.35658094,31.051,23.034,62.45,1.801,0.01747,25.348,15.4,it_measured_hpl,A1,30,30,1,1.34,1.0,evaporative,1.3,A1,2.5621723632996165,15.4,6.010524592563934,2.7343675094195836,True
nscc_wuxi,2021-09-27T02:31:31.069598+00:00,LC08_L1TP_119038_20210927_20211001_01_T1,L8_C1_L1TP_BT_B10,10.542,299.691,1.144,5047,5049,6.55,51.81414133,27.332,21.767,71.68,2.755,0.016161,23.359,15.4,it_measured_hpl,A1,30,30,1,1.063,1.0,evaporative,1.3,A1,2.5621723632996165,15.4,6.010524592563934,2.7343675094195836,True
nscc_wuxi,2021-11-14T02:31:32.742718900+00:00,LC08_L1TP_119038_20211114_20211124_01_T1,L8_C1_L1TP_BT_B10,10.542,290.107,0.947,5036,5049,0.2,37.16768317,15.753,6.92,55.71,3.082,0.00614,10.705,15.4,it_measured_hpl,A1,30,30,1,-0.251,1.0,evaporative,1.3,A1,2.5621723632996165,15.4,6.010524592563934,2.7343675094195836,True
ornl_olcf,2013-06-20T16:13:53.209437+00:00,LC08_L1TP_019035_20130620_20170309_01_T1,L8_C1_L1TP_BT_B10,10.611,297.136,1.69,4919,14773,37.38,68.03302285,27.065,19.357,62.76,0.785,0.01434,21.78,8.2,it_measured_hpl,A1,89,102,1,3.198,0.8725490196078431,evaporative,1.25,A1,9.1056080909208,8.2,0.9005439195407737,2.1041341542702074,True
ornl_olcf,2013-09-24T16:13:51.350460+00:00,LC08_L1TP_019035_20130924_20170308_01_T1,L8_C1_L1TP_BT_B10,10.61,294.666,1.096,14765,14773,34.9,49.45407612,21.888,16.237,70.3,1.058,0.011763,18.078,8.2,it_measured_hpl,A1,102,102,1,3.766,1.0,evaporative,1.25,A1,9.1056080909208,8.2,0.9005439195407737,2.1041341542702074,True
ornl_olcf,2013-10-10T16:13:51.140369+00:00,LC08_L1TP_019035_20131010_20170308_01_T1,L8_C1_L1TP_BT_B10,10.61,292.778,1.282,14632,14773,7.8,44.143789,21.535,10.892,50.74,1.631,0.008288,15.122,8.2,it_measured_hpl,A1,102,102,1,4.232,1.0,evaporative,1.25,A1,9.1056080909208,8.2,0.9005439195407737,2.1041341542702074,True
ornl_olcf,2013-10-26T16:13:42.393933+00:00,LC08_L1TP_019035_20131026_20170308_01_T1,L8_C1_L1TP_BT_B10,10.608,283.035,1.194,14768,14773,0.09,38.88533968,9.614,-1.058,47.34,3.789,0.00359,4.531,8.2,it_measured_hpl,A1,102,102,1,3.6710000000000003,1.0,evaporative,1.25,A1,9.1056080909208,8.2,0.9005439195407737,2.1041341542702074,True
ornl_olcf,2013-11-11T16:13:41.974933+00:00,LC08_L1TP_019035_20131111_20170307_01_T1,L8_C1_L1TP_BT_B10,10.608,286.013,1.144,14769,14773,4.69,34.13719944,11.728,-2.261,37.65,0.695,0.003286,5.356,8.2,it_measured_hpl,A1,102,102,1,2.06,1.0,evaporative,1.25,A1,9.1056080909208,8.2,0.9005439195407737,2.1041341542702074,True
ornl_olcf,2013-12-13T16:13:31.664611+00:00,LC08_L1TP_019035_20131213_20170307_01_T1,L8_C1_L1TP_BT_B10,10.605,275.729,1.458,14751,14773,13.03,28.06850582,3.538,-8.826,39.97,0.202,0.001993,-1.07,8.2,it_measured_hpl,A1,101,102,1,1.152,0.9901960784313726,evaporative,1.25,A1,9.1056080909208,8.2,0.9005439195407737,2.1041341542702074,True
ornl_olcf,2014-01-30T16:13:02.942714+00:00,LC08_L1TP_019035_20140130_20170306_01_T1,L8_C1_L1TP_BT_B10,10.597,270.056,1.617,12255,14773,7.44,31.79252527,-3.931,-14.426,43.94,2.172,0.001273,-7.055,8.2,it_measured_hpl,A1,102,102,1,2.03,1.0,evaporative,1.25,A1,9.1056080909208,8.2,0.9005439195407737,2.1041341542702074,True
ornl_olcf,2014-04-20T16:11:52.158900+00:00,LC08_L1TP_019035_20140420_20170306_01_T1,L8_C1_L1TP_BT_B10,10.577,296.34,1.412,14773,14773,0.15,59.27769911,19.698,3.388,33.99,1.346,0.004947,11.2,8.2,it_measured_hpl,A1,102,102,1,3.202,1.0,evaporative,1.25,A1,9.1056080909208,8.2,0.9005439195407737,2.1041341542702074,True
ornl_olcf,2014-05-06T16:11:35.739718+00:00,LC08_L1TP_019035_20140506_20170307_01_T1,L8_C1_L1TP_BT_B10,10.573,298.627,1.602,14770,14773,0.13,63.58918557,26.004,13.898,47.23,2.614,0.010109,18.415,8.2,it_measured_hpl,A1,102,102,1,4.78,1.0,evaporative,1.25,A1,9.1056080909208,8.2,0.9005439195407737,2.1041341542702074,True
ornl_olcf,2014-05-22T16:11:27.797096+00:00,LC08_L1TP_019035_20140522_20170306_01_T1,L8_C1_L1TP_BT_B10,10.57,297.984,1.271,14763,14773,11.62,66.44425236,26.009,18.823,64.6,3.724,0.013867,21.093,8.2,it_measured_hpl,A1,102,102,1,3.952,1.0,evaporative,1.25,A1,9.1056080909208,8.2,0.9005439195407737,2.1041341542702074,True
ornl_olcf,2014-06-07T16:11:38.056164+00:00,LC08_L1TP_019035_20140607_20170305_01_T1,L8_C1_L1TP_BT_B10,10.574,298.221,1.631,14772,14773,11.64,67.68823979,26.916,16.636,53.35,0.331,0.012067,20.187,8.2,it_measured_hpl,A1,102,102,1,5.383,1.0,evaporative,1.25,A1,9.1056080909208,8.2,0.9005439195407737,2.1041341542702074,True
ornl_olcf,2014-06-23T16:11:40.859813+00:00,LC08_L1TP_019035_20140623_20170304_01_T1,L8_C1_L1TP_BT_B10,10.574,297.01,1.168,14770,14773,11.98,67.52632839,29.324,19.528,55.61,2.754,0.014496,22.668,8.2,it_measured_hpl,A1,102,102,1,3.654,1.0,evaporative,1.25,A1,9.1056080909208,8.2,0.9005439195407737,2.1041341542702074,True
ornl_olcf,2014-07-25T16:11:51.193181+00:00,LC08_L1TP_019035_20140725_20170304_01_T1,L8_C1_L1TP_BT_B10,10.577,295.25,1.482,6691,14773,29.74,64.24368328,23.999,16.049,61.13,0.819,0.011622,18.764,8.2,it_measured_hpl,A1,102,102,1,5.587000000000001,1.0,evaporative,1.25,A1,9.1056080909208,8.2,0.9005439195407737,2.1041341542702074,True
ornl_olcf,2014-08-26T16:12:02.713257+00:00,LC08_L1TP_019035_20140826_20170303_01_T1,L8_C1_L1TP_BT_B10,10.58,296.112,1.159,13907,14773,27.97,57.78438703,25.301,17.495,61.99,1.095,0.012748,20.065,8.2,it_measured_hpl,A1,102,102,1,4.284,1.0,evaporative,1.25,A1,9.1056080909208,8.2,0.9005439195407737,2.1041341542702074,True
ornl_olcf,2014-11-14T16:12:11.298501+00:00,LC08_L1TP_019035_20141114_20170303_01_T1,L8_C1_L1TP_BT_B10,10.583,273.472,1.638,12569,14773,56.83,33.31282075,-0.522,-9.344,51.34,2.949,0.001914,-3.883,8.2,it_measured_hpl,A1,102,102,1,2.499,1.0,evaporative,1.25,A1,9.1056080909208,8.2,0.9005439195407737,2.1041341542702074,True
ornl_olcf,2015-01-17T16:11:58.599541+00:00,LC08_L1TP_019035_20150117_20170302_01_T1,L8_C1_L1TP_BT_B10,10.579,278.306,1.475,14679,14773,0.29,29.06810868,7.764,-1.011,53.84,2.687,0.003603,3.496,8.2,it_measured_hpl,A1,77,102,1,1.133,0.7549019607843137,evaporative,1.25,A1,9.1056080909208,8.2,0.9005439195407737,2.1041341542702074,True
ornl_olcf,2015-04-23T16:11:18.584907+00:00,LC08_L1TP_019035_20150423_20170301_01_T1,L8_C1_L1TP_BT_B10,10.568,288.852,1.765,13681,14773,14.4,60.02230262,14.221,-4.529,27.01,2.527,0.002773,6.083,8.2,it_measured_hpl,A1,102,102,1,4.516,1.0,evaporative,1.25,A1,9.1056080909208,8.2,0.9005439195407737,2.1041341542702074,True
ornl_olcf,2015-05-09T16:11:02.717514+00:00,LC08_L1TP_019035_20150509_20170301_01_T1,L8_C1_L1TP_BT_B10,10.564,297.588,1.556,14773,14773,54.36,64.10254001,27.017,15.801,50.29,0.744,0.011437,19.78,8.2,it_measured_hpl,A1,102,102,1,4.607,1.0,evaporative,1.25,A1,9.1056080909208,8.2,0.9005439195407737,2.1041341542702074,True
ornl_olcf,2015-05-25T16:11:02.000243+00:00,LC08_L1TP_019035_20150525_20170301_01_T1,L8_C1_L1TP_BT_B10,10.564,295.372,1.602,13724,14773,27.95,66.69167101,25.571,14.852,51.54,3.835,0.010756,18.73,8.2,it_measured_hpl,A1,102,102,1,4.597,1.0,evaporative,1.25,A1,9.1056080909208,8.2,0.9005439195407737,2.1041341542702074,True
ornl_olcf,2015-06-10T16:11:12.883601+00:00,LC08_L1TP_019035_20150610_20170301_01_T1,L8_C1_L1TP_BT_B10,10.566,298.413,1.33,14708,14773,6.68,67.67717707,28.704,16.784,48.52,0.162,0.012182,20.928,8.2,it_measured_hpl,A1,102,102,1,4.824,1.0,evaporative,1.25,A1,9.1056080909208,8.2,0.9005439195407737,2.1041341542702074,True
ornl_olcf,2015-07-28T16:11:34.780783+00:00,LC08_L1TP_019035_20150728_20170310_01_T1,L8_C1_L1TP_BT_B10,10.572,296.013,0.847,13206,14773,26.05,63.75910564,31.026,23.15,62.97,1.205,0.018142,25.412,8.2,it_measured_hpl,A1,102,102,1,2.227,1.0,evaporative,1.25,A1,9.1056080909208,8.2,0.9005439195407737,2.1041341542702074,True
ornl_olcf,2015-08-13T16:11:39.838422+00:00,LC08_L1TP_019035_20150813_20170226_01_T1,L8_C1_L1TP_BT_B10,10.574,297.973,1.485,14772,14773,13.94,60.80528382,27.207,16.337,51.46,1.683,0.011838,20.135,8.2,it_measured_hpl,A1,102,102,1,4.932,1.0,evaporative,1.25,A1,9.1056080909208,8.2,0.9005439195407737,2.1041341542702074,True
ornl_olcf,2015-09-14T16:11:53.708633+00:00,LC08_L1TP_019035_20150914_20170225_01_T1,L8_C1_L1TP_BT_B10,10.578,293.396,1.486,14769,14773,0.03,52.54194599,19.295,8.732,50.41,0.969,0.007165,13.147,8.2,it_measured_hpl,A1,102,102,1,4.72,1.0,evaporative,1.25,A1,9.1056080909208,8.2,0.9005439195407737,2.1041341542702074,True
ornl_olcf,2015-10-16T16:11:58.762683+00:00,LC08_L1TP_019035_20151016_20170225_01_T1,L8_C1_L1TP_BT_B10,10.579,292.316,1.124,14771,14773,6.67,42.16716305,17.529,4.672,42.6,2.025,0.005415,10.646,8.2,it_measured_hpl,A1,102,102,1,3.088,1.0,evaporative,1.25,A1,9.1056080909208,8.2,0.9005439195407737,2.1041341542702074,True
ornl_olcf,2015-12-03T16:12:06.610156+00:00,LC08_L1TP_019035_20151203_20170224_01_T1,L8_C1_L1TP_BT_B10,10.581,280.856,1.205,14772,14773,8.78,29.31823235,5.75,-3.202,52.59,2.891,0.003064,1.639,8.2,it_measured_hpl,A1,102,102,1,1.4769999999999999,1.0,evaporative,1.25,A1,9.1056080909208,8.2,0.9005439195407737,2.1041341542702074,True
ornl_olcf,2015-12-19T16:12:06.598192+00:00,LC08_L1TP_019035_20151219_20170224_01_T1,L8_C1_L1TP_BT_B10,10.581,277.759,1.357,14757,14773,0.07,27.57142728,4.474,-5.251,49.27,2.387,0.002626,0.3,8.2,it_measured_hpl,A1,101,102,1,1.127,0.9901960784313726,evaporative,1.25,A1,9.1056080909208,8.2,0.9005439195407737,2.1041341542702074,True
ornl_olcf,2016-02-05T16:11:59.627588+00:00,LC08_L1TP_019035_20160205_20170224_01_T1,L8_C1_L1TP_BT_B10,10.579,279.231,1.536,14772,14773,0.01,33.11001439,2.956,-8.984,41.13,2.569,0.001969,-1.478,8.2,it_measured_hpl,A1,102,102,1,1.307,1.0,evaporative,1.25,A1,9.1056080909208,8.2,0.9005439195407737,2.1041341542702074,True
ornl_olcf,2016-03-08T16:11:50.477928+00:00,LC08_L1TP_019035_20160308_20170224_01_T1,L8_C1_L1TP_BT_B10,10.577,289.548,1.182,14771,14773,17.81,43.78600236,19.021,6.796,44.94,3.244,0.006276,12.193,8.2,it_measured_hpl,A1,102,102,1,0.11199999999999999,1.0,evaporative,1.25,A1,9.1056080909208,8.2,0.9005439195407737,2.1041341542702074,True
ornl_olcf,2016-04-09T16:11:35.322560+00:00,LC08_L1TP_019035_20160409_20170223_01_T1,L8_C1_L1TP_BT_B10,10.573,287.996,1.493,14773,14773,10.64,55.76245678,7.303,-9.14,30.03,4.287,0.001945,1.228,8.2,it_measured_hpl,A1,102,102,1,2.804,1.0,evaporative,1.25,A1,9.1056080909208,8.2,0.9005439195407737,2.1041341542702074,True
ornl_olcf,2016-05-27T16:11:36.498795+00:00,LC08_L1TP_019035_20160527_20170223_01_T1,L8_C1_L1TP_BT_B10,10.573,295.805,0.974,8431,14773,43.59,67.06068116,28.324,16.359,48.28,2.701,0.011855,20.563,8.2,it_measured_hpl,A1,102,102,1,4.403,1.0,evaporative,1.25,A1,9.1056080909208,8.2,0.9005439195407737,2.1041341542702074,True
ornl_olcf,2016-07-14T16:11:55.011748+00:00,LC08_L1TP_019035_20160714_20170221_01_T1,L8_C1_L1TP_BT_B10,10.578,297.354,1.22,8674,14773,32.47,65.69203711,29.25,22.612,67.49,3.264,0.017553,24.509,8.2,it_measured_hpl,A1,102,102,1,3.1820000000000004,1.0,evaporative,1.25,A1,9.1056080909208,8.2,0.9005439195407737,2.1041341542702074,True
ornl_olcf,2016-08-15T16:12:02.146477+00:00,LC08_L1TP_019035_20160815_20170222_01_T1,L8_C1_L1TP_BT_B10,10.58,297.698,1.191,14120,14773,46.87,60.2701957,30.317,20.099,54.42,2.093,0.015023,23.34,8.2,it_measured_hpl,A1,71,102,1,1.692,0.696078431372549,evaporative,1.25,A1,9.1056080909208,8.2,0.9005439195407737,2.1041341542702074,True
ornl_olcf,2016-08-31T16:12:09.058352+00:00,LC08_L1TP_019035_20160831_20170223_01_T1,L8_C1_L1TP_BT_B10,10.582,298.931,1.153,14772,14773,7.42,56.36790641,30.701,18.858,49.28,0.679,0.013898,22.771,8.2,it_measured_hpl,A1,102,102,1,3.439,1.0,evaporative,1.25,A1,9.1056080909208,8.2,0.9005439195407737,2.1041341542702074,True
ornl_olcf,2016-09-16T16:12:12.111746+00:00,LC08_L1TP_019035_20160916_20180130_01_T1,L8_C1_L1TP_BT_B10,10.583,297.414,1.065,13950,14773,30.71,51.73580843,29.583,16.736,45.98,3.746,0.012145,21.224,8.2,it_measured_hpl,A1,102,102,1,2.8130000000000006,1.0,evaporative,1.25,A1,9.1056080909208,8.2,0.9005439195407737,2.1041341542702074,True
ornl_olcf,2016-10-18T16:12:18.446344+00:00,LC08_L1TP_019035_20161018_20170219_01_T1,L8_C1_L1TP_BT_B10,10.585,297.076,1.018,14771,14773,35.13,41.28019159,25.938,14.533,49.4,5.034,0.010536,18.709,8.2,it_measured_hpl,A1,102,102,1,2.168,1.0,evaporative,1.25,A1,9.1056080909208,8.2,0.9005439195407737,2.1041341542702074,True
ornl_olcf,2016-11-03T16:12:18.755938+00:00,LC08_L1TP_019035_20161103_20170219_01_T1,L8_C1_L1TP_BT_B10,10.585,293.245,0.97,14772,14773,31.89,36.24113098,23.676,13.166,51.75,2.583,0.009635,17.119,8.2,it_measured_hpl,A1,102,102,1,1.861,1.0,evaporative,1.25,A1,9.1056080909208,8.2,0.9005439195407737,2.1041341542702074,True
ornl_olcf,2017-04-12T16:11:26.993211+00:00,LC08_L1TP_019035_20170412_20170501_01_T1,L8_C1_L1TP_BT_B10,10.57,297.786,1.377,14230,14773,19.7,56.69716721,21.253,10.481,50.22,1.57,0.008063,14.808,8.2,it_measured_hpl,A1,102,102,1,2.113,1.0,evaporative,1.25,A1,9.1056080909208,8.2,0.9005439195407737,2.1041341542702074,True
ornl_olcf,2017-05-14T16:11:23.543599+00:00,LC08_L1TP_019035_20170514_20170525_01_T1,L8_C1_L1TP_BT_B10,10.569,296.595,1.509,14772,14773,0.03,65.26169401,23.119,11.036,46.52,0.545,0.008368,15.862,8.2,it_measured_hpl,A1,102,102,1,5.034,1.0,evaporative,1.25,A1,9.1056080909208,8.2,0.9005439195407737,2.1041341542702074,True
ornl_olcf,2017-05-30T16:11:33.590416+00:00,LC08_L1TP_019035_20170530_20170615_01_T1,L8_C1_L1TP_BT_B10,10.572,293.25,1.471,13557,14773,24.5,67.28230378,25.144,16.718,59.56,1.74,0.012131,19.568,8.2,it_measured_hpl,A1,102,102,1,4.218,1.0,evaporative,1.25,A1,9.1056080909208,8.2,0.9005439195407737,2.1041341542702074,True
ornl_olcf,2017-06-15T16:11:40.554396+00:00,LC08_L1TP_019035_20170615_20170629_01_T1,L8_C1_L1TP_BT_B10,10.574,296.877,1.191,5108,14773,37.95,67.76000344,27.208,21.253,69.97,2.177,0.016142,22.99,8.2,it_measured_hpl,A1,62,102,1,1.798,0.6078431372549019,evaporative,1.25,A1,9.1056080909208,8.2,0.9005439195407737,2.1041341542702074,True
ornl_olcf,2017-07-01T16:11:44.873292+00:00,LC08_L1TP_019035_20170701_20170715_01_T1,L8_C1_L1TP_BT_B10,10.575,295.93,0.665,12094,14773,44.84,67.00434064,27.106,21.598,71.89,2.327,0.016491,23.178,8.2,it_measured_hpl,A1,102,102,1,2.482,1.0,evaporative,1.25,A1,9.1056080909208,8.2,0.9005439195407737,2.1041341542702074,True
ornl_olcf,2017-07-17T16:11:48.847712+00:00,LC08_L1TP_019035_20170717_20170727_01_T1,L8_C1_L1TP_BT_B10,10.576,297.887,1.133,13798,14773,17.66,65.33623365,27.965,20.298,63.12,1.025,0.015211,22.653,8.2,it_measured_hpl,A1,72,102,1,3.387,0.7058823529411765,evaporative,1.25,A1,9.1056080909208,8.2,0.9005439195407737,2.1041341542702074,True
ornl_olcf,2017-08-18T16:12:01.898800+00:00,LC08_L1TP_019035_20170818_20170826_01_T1,L8_C1_L1TP_BT_B10,10.58,297.628,0.815,9399,14773,61.25,59.64256805,26.479,23.56,84.03,2.827,0.018603,24.317,8.2,it_measured_hpl,A1,95,102,1,2.035,0.9313725490196079,evaporative,1.25,A1,9.1056080909208,8.2,0.9005439195407737,2.1041341542702074,True
ornl_olcf,2017-09-03T16:12:04.593693+00:00,LC08_L1TP_019035_20170903_20170916_01_T1,L8_C1_L1TP_BT_B10,10.581,293.944,1.205,14769,14773,0.24,55.60421545,21.748,13.693,60.19,1.202,0.009974,16.607,8.2,it_measured_hpl,A1,102,102,1,4.083,1.0,evaporative,1.25,A1,9.1056080909208,8.2,0.9005439195407737,2.1041341542702074,True
ornl_olcf,2017-09-19T16:12:07.107111+00:00,LC08_L1TP_019035_20170919_20170930_01_T1,L8_C1_L1TP_BT_B10,10.582,294.768,0.95,14772,14773,16.91,50.86683758,25.089,17.883,64.32,1.663,0.013066,20.212,8.2,it_measured_hpl,A1,102,102,1,3.121,1.0,evaporative,1.25,A1,9.1056080909208,8.2,0.9005439195407737,2.1041341542702074,True
ornl_olcf,2017-10-05T16:12:13.593545+00:00,LC08_L1TP_019035_20171005_20171014_01_T1,L8_C1_L1TP_BT_B10,10.583,295.312,1.389,14760,14773,0.58,45.66641958,24.082,13.675,52.2,0.356,0.009962,17.539,8.2,it_measured_hpl,A1,102,102,1,3.9980000000000007,1.0,evaporative,1.25,A1,9.1056080909208,8.2,0.9005439195407737,2.1041341542702074,True
ornl_olcf,2017-11-22T16:12:10.154418+00:00,LC08_L1TP_019035_20171122_20171206_01_T1,L8_C1_L1TP_BT_B10,10.582,283.982,1.241,14771,14773,0.79,31.32779965,8.742,0.358,55.65,3.467,0.003981,4.511,8.2,it_measured_hpl,A1,102,102,1,1.285,1.0,evaporative,1.25,A1,9.1056080909208,8.2,0.9005439195407737,2.1041341542702074,True
ornl_olcf,2018-01-25T16:11:55.233973+00:00,LC08_L1TP_019035_20180125_20180206_01_T1,L8_C1_L1TP_BT_B10,10.578,280.349,1.478,14772,14773,0.02,30.58026119,5.324,-3.76,51.96,0.641,0.002938,1.222,8.2,it_measured_hpl,A1,102,102,1,0.948,1.0,evaporative,1.25,A1,9.1056080909208,8.2,0.9005439195407737,2.1041341542702074,True
ornl_olcf,2018-03-14T16:11:32.330135900+00:00,LC08_L1TP_019035_20180314_20180320_01_T1,L8_C1_L1TP_BT_B10,10.572,282.071,1.869,11430,14773,29.57,45.85758972,2.525,-9.289,41.41,4.049,0.001922,-1.816,8.2,it_measured_hpl,A1,102,102,1,1.722,1.0,evaporative,1.25,A1,9.1056080909208,8.2,0.9005439195407737,2.1041341542702074,True
ornl_olcf,2018-05-01T16:11:07.875020+00:00,LC08_L1TP_019035_20180501_20180516_01_T1,L8_C1_L1TP_BT_B10,10.565,297.353,1.409,14772,14773,0.01,62.31718301,22.833,6.634,35.16,2.729,0.006206,13.84,8.2,it_measured_hpl,A1,102,102,1,3.944,1.0,evaporative,1.25,A1,9.1056080909208,8.2,0.9005439195407737,2.1041341542702074,True
ornl_olcf,2018-06-18T16:10:53.868490900+00:00,LC08_L1TP_019035_20180618_20180703_01_T1,L8_C1_L1TP_BT_B10,10.561,298.769,1.408,14772,14773,7.52,67.57374178,29.749,20.425,57.36,1.228,0.015332,23.336,17.0,it_measured_hpl,A1,102,102,1,4.491,1.0,evaporative,1.25,A1,9.1056080909208,17.0,1.8669812966089214,2.833213344056216,True
ornl_olcf,2018-07-04T16:11:03.233855+00:00,LC08_L1TP_019035_20180704_20180717_01_T1,L8_C1_L1TP_BT_B10,10.564,301.464,1.276,14773,14773,3.54,66.65427357,31.863,21.4,53.98,2.287,0.016289,24.619,17.0,it_measured_hpl,A1,102,102,1,4.228,1.0,evaporative,1.25,A1,9.1056080909208,17.0,1.8669812966089214,2.833213344056216,True
ornl_olcf,2018-07-20T16:11:10.303339+00:00,LC08_L1TP_019035_20180720_20180731_01_T1,L8_C1_L1TP_BT_B10,10.566,297.101,1.381,12965,14773,21.84,64.85396055,28.938,17.959,51.56,3.787,0.013129,21.649,17.0,it_measured_hpl,A1,102,102,1,4.082,1.0,evaporative,1.25,A1,9.1056080909208,17.0,1.8669812966089214,2.833213344056216,True
ornl_olcf,2018-09-06T16:11:33.135919+00:00,LC08_L1TP_019035_20180906_20180912_01_T1,L8_C1_L1TP_BT_B10,10.572,295.709,1.303,9522,14773,40.1,54.77342263,29.014,22.158,66.56,0.743,0.01707,24.146,17.0,it_measured_hpl,A1,102,102,1,2.942,1.0,evaporative,1.25,A1,9.1056080909208,17.0,1.8669812966089214,2.833213344056216,True
ornl_olcf,2018-09-22T16:11:37.696345+00:00,LC08_L1TP_019035_20180922_20180928_01_T1,L8_C1_L1TP_BT_B10,10.573,295.981,0.906,14771,14773,34.2,49.94813715,26.174,20.292,70.09,1.063,0.015205,22.044,17.0,it_measured_hpl,A1,102,102,1,3.025,1.0,evaporative,1.25,A1,9.1056080909208,17.0,1.8669812966089214,2.833213344056216,True
ornl_olcf,2018-10-08T16:11:45.858689+00:00,LC08_L1TP_019035_20181008_20181029_01_T1,L8_C1_L1TP_BT_B10,10.575,295.854,0.675,11850,14773,21.99,44.7153938,27.166,20.132,65.46,1.899,0.015054,22.28,17.0,it_measured_hpl,A1,102,102,1,2.805,1.0,evaporative,1.25,A1,9.1056080909208,17.0,1.8669812966089214,2.833213344056216,True
ornl_olcf,2018-10-24T16:11:51.340103+00:00,LC08_L1TP_019035_20181024_20181031_01_T1,L8_C1_L1TP_BT_B10,10.577,288.264,1.109,14769,14773,0.07,39.4547386,14.496,3.504,47.64,3.015,0.004987,8.705,17.0,it_measured_hpl,A1,102,102,1,2.847,1.0,evaporative,1.25,A1,9.1056080909208,17.0,1.8669812966089214,2.833213344056216,True
ornl_olcf,2018-12-11T16:11:50.632098+00:00,LC08_L1TP_019035_20181211_20181226_01_T1,L8_C1_L1TP_BT_B10,10.577,277.004,1.357,14768,14773,13.29,28.18696282,3.361,-5.899,50.72,0.974,0.002499,-0.561,17.0,it_measured_hpl,A1,102,102,1,1.587,1.0,evaporative,1.25,A1,9.1056080909208,17.0,1.8669812966089214,2.833213344056216,True
ornl_olcf,2019-01-28T16:11:44.875133+00:00,LC08_L1TP_019035_20190128_20190206_01_T1,L8_C1_L1TP_BT_B10,10.575,281.401,1.321,14773,14773,0.76,31.17281602,7.601,0.562,61.03,3.557,0.00404,3.955,17.0,it_measured_hpl,A1,102,102,1,0.635,1.0,evaporative,1.25,A1,9.1056080909208,17.0,1.8669812966089214,2.833213344056216,True
ornl_olcf,2019-02-13T16:11:42.859818+00:00,LC08_L1TP_019035_20190213_20190222_01_T1,L8_C1_L1TP_BT_B10,10.575,280.969,1.219,14773,14773,0.42,35.49125361,5.377,-6.745,41.29,4.198,0.002343,0.515,17.0,it_measured_hpl,A1,102,102,1,1.321,1.0,evaporative,1.25,A1,9.1056080909208,17.0,1.8669812966089214,2.833213344056216,True
ornl_olcf,2019-03-17T16:11:33.500191900+00:00,LC08_L1TP_019035_20190317_20190325_01_T1,L8_C1_L1TP_BT_B10,10.572,289.078,1.462,14773,14773,0.06,46.91583837,10.24,-7.295,28.42,0.896,0.002245,3.293,17.0,it_measured_hpl,A1,102,102,1,1.5940000000000003,1.0,evaporative,1.25,A1,9.1056080909208,17.0,1.8669812966089214,2.833213344056216,True
ornl_olcf,2019-06-21T16:11:49.742118+00:00,LC08_L1TP_019035_20190621_20190704_01_T1,L8_C1_L1TP_BT_B10,10.577,295.811,1.638,3820,14773,6.67,67.63235071,25.449,15.845,55.33,1.539,0.01147,19.206,17.0,it_measured_hpl,A1,63,102,1,2.267,0.6176470588235294,evaporative,1.25,A1,9.1056080909208,17.0,1.8669812966089214,2.833213344056216,True
ornl_olcf,2019-07-07T16:11:53.652958+00:00,LC08_L1TP_019035_20190707_20190719_01_T1,L8_C1_L1TP_BT_B10,10.578,296.049,1.017,11898,14773,33.11,66.53439055,30.043,20.936,58.21,1.144,0.015827,23.738,17.0,it_measured_hpl,A1,102,102,1,2.459,1.0,evaporative,1.25,A1,9.1056080909208,17.0,1.8669812966089214,2.833213344056216,True
ornl_olcf,2019-09-09T16:12:12.396261+00:00,LC08_L1TP_019035_20190909_20190917_01_T1,L8_C1_L1TP_BT_B10,10.583,298.947,1.369,14773,14773,13.14,54.05803861,29.746,14.473,39.4,1.015,0.010495,20.127,10.1,it_measured_hpl,A1,102,102,1,4.238,1.0,evaporative,1.25,A1,9.1056080909208,10.1,1.1092065350441238,2.312535423847214,True
ornl_olcf,2019-09-25T16:12:17.947510+00:00,LC08_L1TP_019035_20190925_20191017_01_T1,L8_C1_L1TP_BT_B10,10.584,296.675,1.559,14761,14773,0.57,49.12808965,26.864,8.993,32.45,2.082,0.007294,16.491,10.1,it_measured_hpl,A1,102,102,1,4.142,1.0,evaporative,1.25,A1,9.1056080909208,10.1,1.1092065350441238,2.312535423847214,True
ornl_olcf,2019-10-11T16:12:21.187043+00:00,LC08_L1TP_019035_20191011_20191018_01_T1,L8_C1_L1TP_BT_B10,10.585,291.898,1.095,14745,14773,22.55,43.84593837,23.291,11.851,48.58,3.485,0.008834,16.319,10.1,it_measured_hpl,A1,102,102,1,2.327,1.0,evaporative,1.25,A1,9.1056080909208,10.1,1.1092065350441238,2.312535423847214,True
ornl_olcf,2019-11-28T16:12:17.340160+00:00,LC08_L1TP_019035_20191128_20191216_01_T1,L8_C1_L1TP_BT_B10,10.584,281.971,1.205,14759,14773,1.26,30.20861387,8.017,-1.293,51.84,2.406,0.003529,3.549,10.1,it_measured_hpl,A1,102,102,1,0.9180000000000001,1.0,evaporative,1.25,A1,9.1056080909208,10.1,1.1092065350441238,2.312535423847214,True
ornl_olcf,2020-04-04T16:11:38.071499+00:00,LC08_L1TP_019035_20200404_20200410_01_T1,L8_C1_L1TP_BT_B10,10.574,295.377,0.977,14773,14773,14.86,53.99581847,20.128,4.11,34.82,1.665,0.005205,11.661,10.1,it_measured_hpl,A1,102,102,1,0.682,1.0,evaporative,1.25,A1,9.1056080909208,10.1,1.1092065350441238,2.312535423847214,True
ornl_olcf,2020-04-20T16:11:31.631459+00:00,LC08_L1TP_019035_20200420_20200508_01_T1,L8_C1_L1TP_BT_B10,10.572,290.653,1.155,13346,14773,20.99,59.39580339,16.161,4.222,45.02,2.58,0.005246,9.808,10.1,it_measured_hpl,A1,102,102,1,4.085,1.0,evaporative,1.25,A1,9.1056080909208,10.1,1.1092065350441238,2.312535423847214,True
ornl_olcf,2020-06-07T16:11:32.340899900+00:00,LC08_L1TP_019035_20200607_20200625_01_T1,L8_C1_L1TP_BT_B10,10.572,300.754,1.357,14772,14773,4.61,67.69329716,31.384,18.128,45.28,2.225,0.013271,22.608,10.1,it_measured_hpl,A1,102,102,1,4.928,1.0,evaporative,1.25,A1,9.1056080909208,10.1,1.1092065350441238,2.312535423847214,True
ornl_olcf,2020-06-23T16:11:41.387194+00:00,LC08_L1TP_019035_20200623_20200707_01_T1,L8_C1_L1TP_BT_B10,10.574,286.461,1.84,10192,14773,34.32,67.48934521,23.61,21.382,87.34,3.946,0.016272,21.973,10.1,it_measured_hpl,A1,102,102,1,0.22299999999999998,1.0,evaporative,1.25,A1,9.1056080909208,10.1,1.1092065350441238,2.312535423847214,True
ornl_olcf,2020-07-09T16:11:48.417725+00:00,LC08_L1TP_019035_20200709_20200721_01_T1,L8_C1_L1TP_BT_B10,10.576,296.829,1.181,8618,14773,16.64,66.23813558,29.442,20.962,60.35,0.533,0.015853,23.552,10.1,it_measured_hpl,A1,90,102,1,4.596,0.8823529411764706,evaporative,1.25,A1,9.1056080909208,10.1,1.1092065350441238,2.312535423847214,True
ornl_olcf,2020-08-26T16:12:04.816403+00:00,LC08_L1TP_019035_20200826_20200905_01_T1,L8_C1_L1TP_BT_B10,10.581,295.652,0.673,3740,14773,20.98,57.65472804,28.633,19.837,59.0,0.566,0.014779,22.608,10.1,it_measured_hpl,A1,85,102,1,4.151,0.8333333333333334,evaporative,1.25,A1,9.1056080909208,10.1,1.1092065350441238,2.312535423847214,True
ornl_olcf,2020-09-11T16:12:11.573334900+00:00,LC08_L1TP_019035_20200911_20200919_01_T1,L8_C1_L1TP_BT_B10,10.583,297.473,0.949,12174,14773,23.63,53.23935384,27.884,20.685,64.95,1.946,0.015582,22.86,10.1,it_measured_hpl,A1,88,102,1,2.194,0.8627450980392157,evaporative,1.25,A1,9.1056080909208,10.1,1.1092065350441238,2.312535423847214,True
ornl_olcf,2020-10-13T16:12:18.209336+00:00,LC08_L1TP_019035_20201013_20201104_01_T1,L8_C1_L1TP_BT_B10,10.585,291.684,1.147,14770,14773,22.99,42.92358678,17.854,9.348,57.5,2.312,0.007471,12.778,10.1,it_measured_hpl,A1,102,102,1,3.699,1.0,evaporative,1.25,A1,9.1056080909208,10.1,1.1092065350441238,2.312535423847214,True
ornl_olcf,2020-11-14T16:12:14.979604+00:00,LC08_L1TP_019035_20201114_20210314_01_T1,L8_C1_L1TP_BT_B10,10.584,286.193,0.981,14738,14773,35.21,33.18461128,14.004,3.369,48.71,0.568,0.00494,8.404,10.1,it_measured_hpl,A1,102,102,1,1.834,1.0,evaporative,1.25,A1,9.1056080909208,10.1,1.1092065350441238,2.312535423847214,True
ornl_olcf,2021-02-02T16:12:05.663904+00:00,LC08_L1TP_019035_20210202_20210306_01_T1,L8_C1_L1TP_BT_B10,10.581,276.666,1.335,13047,14773,65.93,32.53731905,1.184,-7.156,53.79,4.757,0.002269,-2.268,10.1,it_measured_hpl,A1,102,102,1,1.612,1.0,evaporative,1.25,A1,9.1056080909208,10.1,1.1092065350441238,2.312535423847214,True
ornl_olcf,2021-03-06T16:11:54.369064900+00:00,LC08_L1TP_019035_20210306_20210317_01_T1,L8_C1_L1TP_BT_B10,10.578,286.458,1.455,14773,14773,1.23,42.96801166,8.89,-9.238,26.76,2.798,0.00193,2.141,10.1,it_measured_hpl,A1,102,102,1,1.154,1.0,evaporative,1.25,A1,9.1056080909208,10.1,1.1092065350441238,2.312535423847214,True
ornl_olcf,2021-04-07T16:11:42.542156+00:00,LC08_L1TP_019035_20210407_20210416_01_T1,L8_C1_L1TP_BT_B10,10.575,294.922,2.816,14772,14773,27.96,54.99504344,23.408,9.708,41.84,2.356,0.007655,15.382,10.1,it_measured_hpl,A1,102,102,1,1.123,1.0,evaporative,1.25,A1,9.1056080909208,10.1,1.1092065350441238,2.312535423847214,True
ornl_olcf,2021-07-28T16:11:59.865474+00:00,LC08_L1TP_019035_20210728_20210804_01_T1,L8_C1_L1TP_BT_B10,10.579,301.806,1.665,14773,14773,4.89,63.74126987,31.804,15.957,38.53,1.803,0.011553,21.614,10.1,it_measured_hpl,A1,102,102,1,5.601,1.0,evaporative,1.25,A1,9.1056080909208,10.1,1.1092065350441238,2.312535423847214,True
ornl_olcf,2021-10-16T16:12:23.661355+00:00,LC08_L1TP_019035_20211016_20211025_01_T1,L8_C1_L1TP_BT_B10,10.586,289.149,1.363,8697,14773,55.31,42.0110394,17.384,8.883,57.41,5.715,0.007239,12.349,10.1,it_measured_hpl,A1,102,102,1,3.6439999999999997,1.0,evaporative,1.25,A1,9.1056080909208,10.1,1.1092065350441238,2.312535423847214,True
ornl_olcf,2021-11-17T16:12:17.909027900+00:00,LC08_L1TP_019035_20211117_20211125_01_T1,L8_C1_L1TP_BT_B10,10.584,291.093,0.724,14739,14773,11.02,32.49513719,16.807,10.637,66.97,4.811,0.008148,12.954,10.1,it_measured_hpl,A1,102,102,1,0.575,1.0,evaporative,1.25,A1,9.1056080909208,10.1,1.1092065350441238,2.312535423847214,True
ornl_olcf,2021-12-03T16:12:19.902720+00:00,LC08_L1TP_019035_20211203_20211209_01_T1,L8_C1_L1TP_BT_B10,10.585,289.373,1.177,14588,14773,0.06,29.24632329,17.653,7.466,51.26,2.279,0.006572,11.837,10.1,it_measured_hpl,A1,76,102,1,0.279,0.7450980392156863,evaporative,1.25,A1,9.1056080909208,10.1,1.1092065350441238,2.312535423847214,True
prineville,2013-04-23T18:52:02.213098+00:00,LC08_L1TP_045029_20130423_20170310_01_T1,L8_C1_L1TP_BT_B10,10.808,299.196,2.874,18943,18966,2.53,54.69518699,10.969,-12.391,18.12,0.602,0.001632,2.736,,,,77,77,2,-1.4865194805194806,1.0,free_air_evap_assist,1.1,U,30.58678078698155,,,,False
prineville,2013-05-25T18:52:19.100964+00:00,LC08_L1TP_045029_20130525_20170310_01_T1,L8_C1_L1TP_BT_B10,10.813,305.297,4.64,18905,18966,22.02,62.37378175,14.584,0.006,36.89,1.224,0.004217,7.554,,,,77,77,2,-1.255987012987013,1.0,free_air_evap_assist,1.1,U,30.58678078698155,,,,False
prineville,2013-06-03T18:46:08.127229+00:00,LC08_L1TP_044029_20130603_20170310_01_T1,L8_C1_L1TP_BT_B10,10.71,311.792,4.259,18885,18969,2.81,63.40114325,19.298,1.323,30.09,1.438,0.004639,10.3,,,,82,82,2,-2.1216951219512192,1.0,free_air_evap_assist,1.1,U,30.58678078698155,,,,False
prineville,2013-06-10T18:52:16.755905+00:00,LC08_L1TP_045029_20130610_20170309_01_T1,L8_C1_L1TP_BT_B10,10.812,314.992,5.894,18793,18966,1.65,63.82970904,21.004,-3.063,19.65,2.465,0.003364,9.71,,,,77,77,2,-2.7071818181818186,1.0,free_air_evap_assist,1.1,U,30.58678078698155,,,,False
prineville,2013-07-05T18:46:04.503913+00:00,LC08_L1TP_044029_20130705_20170309_01_T1,L8_C1_L1TP_BT_B10,10.709,314.691,4.734,18658,18969,0.2,62.92691261,21.337,-0.688,22.94,3.314,0.004009,10.575,,,,82,82,2,-2.9120243902439022,1.0,free_air_evap_assist,1.1,U,30.58678078698155,,,,False
prineville,2013-07-12T18:52:15.461157+00:00,LC08_L1TP_045029_20130712_20170309_01_T1,L8_C1_L1TP_BT_B10,10.812,315.612,4.735,18860,18966,1.74,62.07521512,22.387,-2.325,19.08,2.187,0.003554,10.525,,,,77,77,2,-2.5184545454545453,1.0,free_air_evap_assist,1.1,U,30.58678078698155,,,,False
prineville,2013-07-21T18:46:02.431376+00:00,LC08_L1TP_044029_20130721_20170309_01_T1,L8_C1_L1TP_BT_B10,10.708,322.365,5.649,18873,18969,0.0,60.6610402,28.705,-1.638,13.79,1.65,0.003739,13.243,,,,82,82,2,-2.8075975609756094,1.0,free_air_evap_assist,1.1,U,30.58678078698155,,,,False
prineville,2013-07-28T18:52:15.583775+00:00,LC08_L1TP_045029_20130728_20170309_01_T1,L8_C1_L1TP_BT_B10,10.812,316.8,4.782,18940,18966,0.98,59.32914269,23.609,-1.311,19.09,2.875,0.00383,11.35,,,,77,77,2,-2.4806233766233765,1.0,free_air_evap_assist,1.1,U,30.58678078698155,,,,False
prineville,2013-08-06T18:46:05.985430+00:00,LC08_L1TP_044029_20130806_20170309_01_T1,L8_C1_L1TP_BT_B10,10.709,315.685,4.402,18751,18969,0.02,57.34397543,28.205,4.495,22.03,1.098,0.005812,15.193,,,,82,82,2,-1.3605731707317072,1.0,free_air_evap_assist,1.1,U,30.58678078698155,,,,False
prineville,2013-08-13T18:52:16.316243+00:00,LC08_L1TP_045029_20130813_20170309_01_T1,L8_C1_L1TP_BT_B10,10.812,311.868,4.147,18796,18966,0.4,55.60094011,24.243,8.782,37.38,0.333,0.007814,15.331,,,,77,77,2,-1.990012987012987,1.0,free_air_evap_assist,1.1,U,30.58678078698155,,,,False
prineville,2013-08-22T18:46:07.628671+00:00,LC08_L1TP_044029_20130822_20170309_01_T1,L8_C1_L1TP_BT_B10,10.709,304.4,2.546,17194,18969,41.77,53.13617266,25.83,6.94,30.0,0.828,0.006889,15.22,,,,80,82,2,-2.4978875,0.975609756097561,free_air_evap_assist,1.1,U,30.58678078698155,,,,False
prineville,2013-08-29T18:52:18.895545+00:00,LC08_L1TP_045029_20130829_20170309_01_T1,L8_C1_L1TP_BT_B10,10.812,304.131,3.463,15195,18966,46.1,51.053673,25.422,7.69,32.35,3.262,0.007253,15.36,,,,77,77,2,0.4875324675324676,1.0,free_air_evap_assist,1.1,U,30.58678078698155,,,,False
prineville,2013-09-07T18:46:06.611640+00:00,LC08_L1TP_044029_20130907_20170309_01_T1,L8_C1_L1TP_BT_B10,10.709,307.047,3.556,18676,18969,0.97,48.19679267,19.569,8.367,48.34,0.455,0.007597,13.11,,,,82,82,2,-2.681658536585366,1.0,free_air_evap_assist,1.1,U,30.58678078698155,,,,False
prineville,2013-09-14T18:52:14.896596+00:00,LC08_L1TP_045029_20130914_20170309_01_T1,L8_C1_L1TP_BT_B10,10.811,309.397,3.263,18740,18966,20.9,45.85738153,24.947,9.415,37.4,0.911,0.008157,15.898,,,,77,77,2,-2.7078051948051947,1.0,free_air_evap_assist,1.1,U,30.58678078698155,,,,False
prineville,2013-09-23T18:45:59.163055+00:00,LC08_L1TP_044029_20130923_20170308_01_T1,L8_C1_L1TP_BT_B10,10.707,290.315,2.862,8594,18969,55.81,42.74602494,15.742,2.362,40.55,4.41,0.004997,8.924,,,,77,82,2,-0.7708571428571428,0.9390243902439024,free_air_evap_assist,1.1,U,30.58678078698155,,,,False
prineville,2013-09-30T18:52:08.843317+00:00,LC08_L1TP_045029_20130930_20170308_01_T1,L8_C1_L1TP_BT_B10,10.81,287.31,1.57,8583,18966,68.35,40.27115836,12.039,2.144,50.78,8.096,0.00492,6.933,,,,77,77,2,1.3806493506493507,1.0,free_air_evap_assist,1.1,U,30.58678078698155,,,,False
prineville,2013-10-16T18:52:07.344697+00:00,LC08_L1TP_045029_20131016_20170308_01_T1,L8_C1_L1TP_BT_B10,10.809,292.87,2.395,18749,18966,8.76,34.62429189,12.088,-1.601,38.6,1.117,0.003749,5.742,,,,77,77,2,-0.22593506493506496,1.0,free_air_evap_assist,1.1,U,30.58678078698155,,,,False
prineville,2013-10-25T18:45:50.443970+00:00,LC08_L1TP_044029_20131025_20170308_01_T1,L8_C1_L1TP_BT_B10,10.705,294.152,2.71,18373,18969,0.02,31.57728621,14.82,2.844,44.52,0.435,0.005172,8.628,,,,81,82,2,-0.4294320987654321,0.9878048780487805,free_air_evap_assist,1.1,U,30.58678078698155,,,,False
prineville,2013-11-01T18:52:00.381168+00:00,LC08_L1TP_045029_20131101_20170308_01_T1,L8_C1_L1TP_BT_B10,10.808,288.696,1.719,18611,18966,8.71,29.33242734,7.79,5.005,82.55,3.086,0.006023,6.042,,,,77,77,2,-1.2631558441558441,1.0,free_air_evap_assist,1.1,U,30.58678078698155,,,,False
prineville,2013-11-17T18:51:56.225909+00:00,LC08_L1TP_045029_20131117_20170308_01_T1,L8_C1_L1TP_BT_B10,10.806,283.343,1.96,14330,18966,60.8,24.85063487,8.174,-1.458,50.67,3.959,0.003789,3.587,,,,76,77,2,-0.2900526315789474,0.987012987012987,free_air_evap_assist,1.1,U,30.58678078698155,,,,False
prineville,2013-12-19T18:51:43.738132+00:00,LC08_L1TP_045029_20131219_20180201_01_T1,L8_C1_L1TP_BT_B10,10.803,271.628,1.285,18014,18966,9.48,20.05865055,-1.246,-10.204,50.58,1.93,0.001943,-4.543,,,,69,77,2,0.39133333333333337,0.8961038961038961,free_air_evap_assist,1.1,U,30.58678078698155,,,,False
prineville,2013-12-28T18:45:30.695726+00:00,LC08_L1TP_044029_20131228_20170307_01_T1,L8_C1_L1TP_BT_B10,10.699,273.678,1.197,17820,18969,0.37,19.98742584,1.245,-4.639,64.87,0.476,0.002989,-1.535,,,,28,37,1,0.333,0.7567567567567568,free_air_evap_assist,1.1,U,30.58678078698155,,,,False
prineville,2014-01-04T18:51:37.120607+00:00,LC08_L1TP_045029_20140104_20170307_01_T1,L8_C1_L1TP_BT_B10,10.801,272.419,1.403,17735,18966,1.42,20.34952749,-0.287,-8.099,55.62,1.054,0.002292,-3.461,,,,62,77,2,-0.2572741935483871,0.8051948051948052,free_air_evap_assist,1.1,U,30.58678078698155,,,,False
prineville,2014-02-21T18:51:02.988133+00:00,LC08_L1TP_045029_20140221_20170306_01_T1,L8_C1_L1TP_BT_B10,10.791,279.423,1.421,18418,18966,31.36,31.51595457,6.535,-0.344,61.48,4.544,0.004111,3.029,,,,43,45,1,0.127,0.9555555555555556,free_air_evap_assist,1.1,U,30.58678078698155,,,,False
prineville,2014-03-18T18:44:32.640755+00:00,LC08_L1TP_044029_20140318_20170307_01_T1,L8_C1_L1TP_BT_B10,10.683,289.729,2.022,18928,18969,1.91,41.04058116,4.832,-3.37,55.35,0.684,0.003288,1.038,,,,82,82,2,-0.25546341463414635,1.0,free_air_evap_assist,1.1,U,30.58678078698155,,,,False
prineville,2014-04-10T18:50:20.732093+00:00,LC08_L1TP_045029_20140410_20170307_01_T1,L8_C1_L1TP_BT_B10,10.78,301.086,2.739,18770,18966,0.53,49.9281112,13.047,-2.157,34.79,1.024,0.003598,6.101,,,,77,77,2,-1.1575584415584415,1.0,free_air_evap_assist,1.1,U,30.58678078698155,,,,False
prineville,2014-04-19T18:43:59.818962+00:00,LC08_L1TP_044029_20140419_20170307_01_T1,L8_C1_L1TP_BT_B10,10.674,298.508,3.038,16241,18969,37.07,53.09744839,16.051,-3.992,25.0,5.647,0.003138,7.147,,,,81,82,2,-3.5785061728395067,0.9878048780487805,free_air_evap_assist,1.1,U,30.58678078698155,,,,False
prineville,2014-05-12T18:49:50.919894+00:00,LC08_L1TP_045029_20140512_20170307_01_T1,L8_C1_L1TP_BT_B10,10.771,302.07,3.345,18927,18966,2.45,59.64839141,15.404,-1.746,30.79,1.677,0.003709,7.447,,,,77,77,2,-1.184779220779221,1.0,free_air_evap_assist,1.1,U,30.58678078698155,,,,False
prineville,2014-05-21T18:43:35.389553+00:00,LC08_L1TP_044029_20140521_20170307_01_T1,L8_C1_L1TP_BT_B10,10.667,309.803,3.887,18818,18969,2.05,61.45109834,19.26,3.103,34.23,2.753,0.005268,10.894,,,,82,82,2,-1.673658536585366,1.0,free_air_evap_assist,1.1,U,30.58678078698155,,,,False
prineville,2014-06-06T18:43:44.809911+00:00,LC08_L1TP_044029_20140606_20170305_01_T1,L8_C1_L1TP_BT_B10,10.67,314.739,4.667,18836,18969,0.29,63.34316226,21.389,-2.538,19.96,2.027,0.003498,10.032,,,,82,82,2,-3.350792682926829,1.0,free_air_evap_assist,1.1,U,30.58678078698155,,,,False
prineville,2014-06-29T18:50:01.000291+00:00,LC08_L1TP_045029_20140629_20170304_01_T1,L8_C1_L1TP_BT_B10,10.774,310.291,3.919,18804,18966,25.53,63.21497221,19.276,4.564,37.9,2.138,0.00584,11.435,,,,77,77,2,-2.351025974025974,1.0,free_air_evap_assist,1.1,U,30.58678078698155,,,,False
prineville,2014-07-08T18:43:55.899609+00:00,LC08_L1TP_044029_20140708_20170304_01_T1,L8_C1_L1TP_BT_B10,10.673,315.821,3.981,18270,18969,1.02,62.36125116,30.434,9.41,27.13,1.313,0.008154,18.029,,,,82,82,2,-0.9425853658536587,1.0,free_air_evap_assist,1.1,U,30.58678078698155,,,,False
prineville,2014-07-15T18:50:08.367764+00:00,LC08_L1TP_045029_20140715_20170304_01_T1,L8_C1_L1TP_BT_B10,10.776,318.307,4.727,18910,18966,0.21,61.43068971,30.042,10.187,29.23,0.546,0.008593,18.227,,,,77,77,2,-2.6846623376623375,1.0,free_air_evap_assist,1.1,U,30.58678078698155,,,,False
prineville,2014-07-24T18:43:57.785732+00:00,LC08_L1TP_044029_20140724_20170304_01_T1,L8_C1_L1TP_BT_B10,10.673,303.21,3.67,13509,18969,18.03,59.92311195,16.587,3.973,43.06,2.834,0.005602,9.924,,,,82,82,2,1.5411219512195122,1.0,free_air_evap_assist,1.1,U,30.58678078698155,,,,False
prineville,2014-07-31T18:50:13.991067+00:00,LC08_L1TP_045029_20140731_20170304_01_T1,L8_C1_L1TP_BT_B10,10.778,317.467,4.866,18869,18966,12.42,58.52463274,30.141,6.109,22.04,1.088,0.006505,16.544,,,,77,77,2,-2.066896103896104,1.0,free_air_evap_assist,1.1,U,30.58678078698155,,,,False
prineville,2014-08-16T18:50:20.170380+00:00,LC08_L1TP_045029_20140816_20170304_01_T1,L8_C1_L1TP_BT_B10,10.78,311.191,3.779,18868,18966,0.47,54.67936993,24.714,9.876,39.12,1.11,0.008415,16.004,,,,77,77,2,-1.7725454545454544,1.0,free_air_evap_assist,1.1,U,30.58678078698155,,,,False
prineville,2014-08-25T18:44:09.974993+00:00,LC08_L1TP_044029_20140825_20170303_01_T1,L8_C1_L1TP_BT_B10,10.677,308.537,3.641,18723,18969,6.16,52.15603345,20.793,7.578,42.48,2.644,0.007198,13.325,,,,82,82,2,-1.7220243902439023,1.0,free_air_evap_assist,1.1,U,30.58678078698155,,,,False
prineville,2014-09-01T18:50:22.355439+00:00,LC08_L1TP_045029_20140901_20170303_01_T1,L8_C1_L1TP_BT_B10,10.78,308.456,3.701,18654,18966,0.78,50.03516014,20.005,4.786,36.79,0.501,0.005932,11.857,,,,77,77,2,-2.095415584415584,1.0,free_air_evap_assist,1.1,U,30.58678078698155,,,,False
prineville,2014-09-10T18:44:14.032420+00:00,LC08_L1TP_044029_20140910_20170303_01_T1,L8_C1_L1TP_BT_B10,10.678,305.92,3.551,18402,18969,1.43,47.14465013,18.738,2.993,35.09,1.403,0.005227,10.609,,,,82,82,2,-1.2099268292682928,1.0,free_air_evap_assist,1.1,U,30.58678078698155,,,,False
prineville,2014-09-26T18:44:11.406082+00:00,LC08_L1TP_044029_20140926_20170303_01_T1,L8_C1_L1TP_BT_B10,10.677,293.768,2.462,7109,18969,21.71,41.65951099,16.005,5.431,49.47,0.891,0.006205,10.203,,,,82,82,2,2.3556341463414636,1.0,free_air_evap_assist,1.1,U,30.58678078698155,,,,False
prineville,2014-10-03T18:50:26.917471+00:00,LC08_L1TP_045029_20141003_20170303_01_T1,L8_C1_L1TP_BT_B10,10.781,301.278,3.091,18429,18966,0.02,39.18634936,19.072,1.239,30.33,2.009,0.004611,10.166,,,,76,77,2,-0.8476842105263159,0.987012987012987,free_air_evap_assist,1.1,U,30.58678078698155,,,,False
prineville,2014-10-12T18:44:18.391634+00:00,LC08_L1TP_044029_20141012_20170303_01_T1,L8_C1_L1TP_BT_B10,10.679,295.114,2.452,18842,18969,21.5,36.01525573,12.99,1.486,45.52,1.576,0.004694,7.203,,,,82,82,2,0.6104756097560975,1.0,free_air_evap_assist,1.1,U,30.58678078698155,,,,False
prineville,2014-10-19T18:50:30.344759+00:00,LC08_L1TP_045029_20141019_20180201_01_T1,L8_C1_L1TP_BT_B10,10.782,295.291,1.901,18579,18966,19.77,33.59129163,19.165,2.755,33.6,4.956,0.005139,10.726,,,,77,77,2,0.025272727272727294,1.0,free_air_evap_assist,1.1,U,30.58678078698155,,,,False
prineville,2014-11-29T18:44:17.071600+00:00,LC08_L1TP_044029_20141129_20170302_01_T1,L8_C1_L1TP_BT_B10,10.679,278.143,1.72,11984,18969,60.34,22.27542521,3.884,-4.057,56.19,6.428,0.003122,0.26,,,,82,82,2,0.2997439024390244,1.0,free_air_evap_assist,1.1,U,30.58678078698155,,,,False
prineville,2014-12-06T18:50:24.971666+00:00,LC08_L1TP_045029_20141206_20170302_01_T1,L8_C1_L1TP_BT_B10,10.781,277.664,1.215,18262,18966,37.84,21.17184326,6.817,2.038,71.58,3.613,0.004883,4.135,,,,75,77,2,0.7872800000000001,0.974025974025974,free_air_evap_assist,1.1,U,30.58678078698155,,,,False
prineville,2014-12-22T18:50:23.339115+00:00,LC08_L1TP_045029_20141222_20170302_01_T1,L8_C1_L1TP_BT_B10,10.781,279.199,1.154,15615,18966,39.21,19.90570325,8.919,5.028,76.6,2.273,0.006033,6.569,,,,28,45,1,-0.933,0.6222222222222222,free_air_evap_assist,1.1,U,30.58678078698155,,,,False
prineville,2014-12-31T18:44:06.432979+00:00,LC08_L1TP_044029_20141231_20170302_01_T1,L8_C1_L1TP_BT_B10,10.676,262.156,1.171,18969,18969,0.46,20.0167911,-8.776,-15.165,59.89,1.226,0.001301,-10.854,,,,82,82,2,0.33658536585365856,1.0,free_air_evap_assist,1.1,U,30.58678078698155,,,,False
prineville,2015-01-07T18:50:19.289701+00:00,LC08_L1TP_045029_20150107_20170302_01_T1,L8_C1_L1TP_BT_B10,10.779,278.495,1.219,17745,18966,4.71,20.52242393,4.071,1.712,84.61,2.584,0.00477,2.619,,,,99,127,3,1.3409393939393939,0.7795275590551181,free_air_evap_assist,1.1,U,30.58678078698155,,,,False
prineville,2015-01-16T18:44:06.293064+00:00,LC08_L1TP_044029_20150116_20170302_01_T1,L8_C1_L1TP_BT_B10,10.676,279.99,1.099,18112,18969,51.16,21.69697765,7.228,3.18,75.47,2.219,0.005297,4.862,,,,128,131,3,0.024484374999999996,0.9770992366412213,free_air_evap_assist,1.1,U,30.58678078698155,,,,False
prineville,2015-02-17T18:43:54.081583+00:00,LC08_L1TP_044029_20150217_20170301_01_T1,L8_C1_L1TP_BT_B10,10.672,281.927,1.473,18362,18969,0.27,29.97455643,5.996,-1.302,59.5,1.455,0.003832,2.385,,,,129,131,3,0.6349379844961242,0.9847328244274809,free_air_evap_assist,1.1,U,30.58678078698155,,,,False
prineville,2015-02-24T18:50:04.144566+00:00,LC08_L1TP_045029_20150224_20170227_01_T1,L8_C1_L1TP_BT_B10,10.775,284.627,1.682,18897,18966,3.57,32.42940472,7.251,-7.196,35.05,1.48,0.002459,1.572,,,,124,127,3,0.6779193548387097,0.9763779527559056,free_air_evap_assist,1.1,U,30.58678078698155,,,,False
prineville,2015-03-12T18:49:52.247779+00:00,LC08_L1TP_045029_20150312_20170228_01_T1,L8_C1_L1TP_BT_B10,10.772,290.39,1.209,18821,18966,11.26,38.5093778,12.303,5.102,61.46,1.724,0.006065,8.241,,,,126,127,3,0.5141269841269841,0.9921259842519685,free_air_evap_assist,1.1,U,30.58678078698155,,,,False
prineville,2015-03-28T18:49:44.514377+00:00,LC08_L1TP_045029_20150328_20170228_01_T1,L8_C1_L1TP_BT_B10,10.77,292.15,1.946,18811,18966,66.09,44.825204,9.809,-1.025,46.84,2.346,0.003911,4.651,,,,127,127,3,-0.8735984251968503,1.0,free_air_evap_assist,1.1,U,30.58678078698155,,,,False
prineville,2015-04-22T18:43:26.389142+00:00,LC08_L1TP_044029_20150422_20170301_01_T1,L8_C1_L1TP_BT_B10,10.665,302.602,3.337,18797,18969,0.06,53.95187346,9.68,-6.433,31.53,3.233,0.002607,3.162,,,,131,131,3,-1.9693053435114503,1.0,free_air_evap_assist,1.1,U,30.58678078698155,,,,False
prineville,2015-04-29T18:49:31.412577+00:00,LC08_L1TP_045029_20150429_20170228_01_T1,L8_C1_L1TP_BT_B10,10.766,298.173,5.498,17242,18966,50.18,56.13442677,12.146,-2.414,36.22,2.72,0.00353,5.542,,,,32,32,1,0.991,1.0,free_air_evap_assist,1.1,U,30.58678078698155,,,,False
prineville,2015-05-08T18:43:10.572686+00:00,LC08_L1TP_044029_20150508_20170301_01_T1,L8_C1_L1TP_BT_B10,10.66,309.815,4.238,18776,18969,1.66,58.58811845,17.039,-2.174,26.88,4.15,0.003594,8.136,,,,131,131,3,-1.693503816793893,1.0,free_air_evap_assist,1.1,U,30.58678078698155,,,,False
prineville,2015-05-24T18:43:09.033534+00:00,LC08_L1TP_044029_20150524_20180131_01_T1,L8_C1_L1TP_BT_B10,10.66,299.962,2.218,18803,18969,8.81,61.84384512,18.549,7.857,49.76,2.107,0.007337,12.422,,,,131,131,3,1.126847328244275,1.0,free_air_evap_assist,1.1,U,30.58678078698155,,,,False
prineville,2015-05-31T18:49:22.734088+00:00,LC08_L1TP_045029_20150531_20170226_01_T1,L8_C1_L1TP_BT_B10,10.764,297.341,4.038,15798,18966,68.14,62.7548876,26.681,8.801,32.38,2.484,0.007825,16.336,,,,127,127,3,-1.1275354330708662,1.0,free_air_evap_assist,1.1,U,30.58678078698155,,,,False
prineville,2015-06-16T18:49:33.825776+00:00,LC08_L1TP_045029_20150616_20170226_01_T1,L8_C1_L1TP_BT_B10,10.767,307.465,3.556,18808,18966,5.16,63.62966514,23.565,5.474,31.05,0.893,0.006224,13.698,,,,127,127,3,-1.0807401574803148,1.0,free_air_evap_assist,1.1,U,30.58678078698155,,,,False
prineville,2015-06-25T18:43:24.638166+00:00,LC08_L1TP_044029_20150625_20170301_01_T1,L8_C1_L1TP_BT_B10,10.664,319.448,5.097,18854,18969,0.0,63.42383823,27.289,5.196,24.41,1.041,0.006104,15.109,,,,131,131,3,-1.21906106870229,1.0,free_air_evap_assist,1.1,U,30.58678078698155,,,,False
prineville,2015-07-02T18:49:40.808502+00:00,LC08_L1TP_045029_20150702_20170226_01_T1,L8_C1_L1TP_BT_B10,10.769,319.289,4.807,18966,18966,0.12,62.95167188,32.671,6.985,20.27,1.46,0.006911,17.797,,,,127,127,3,-0.9976062992125984,1.0,free_air_evap_assist,1.1,U,30.58678078698155,,,,False
prineville,2015-07-18T18:49:50.283758+00:00,LC08_L1TP_045029_20150718_20170226_01_T1,L8_C1_L1TP_BT_B10,10.771,316.544,4.866,18923,18966,0.02,60.96350411,24.849,1.886,22.33,0.966,0.00483,12.918,,,,127,127,3,-1.390992125984252,1.0,free_air_evap_assist,1.1,U,30.58678078698155,,,,False
prineville,2015-07-27T18:43:41.817870+00:00,LC08_L1TP_044029_20150727_20170226_01_T1,L8_C1_L1TP_BT_B10,10.669,310.627,4.495,18782,18969,35.87,59.35911937,17.914,2.59,35.91,3.249,0.005079,10.074,,,,131,131,3,-1.273412213740458,1.0,free_air_evap_assist,1.1,U,30.58678078698155,,,,False
prineville,2015-08-12T18:43:46.519568+00:00,LC08_L1TP_044029_20150812_20170226_01_T1,L8_C1_L1TP_BT_B10,10.67,316.418,4.599,18966,18969,0.06,55.75688279,28.274,8.727,29.35,1.996,0.007785,16.926,,,,131,131,3,-0.8449694656488549,1.0,free_air_evap_assist,1.1,U,30.58678078698155,,,,False
prineville,2015-08-19T18:50:00.918381+00:00,LC08_L1TP_045029_20150819_20180131_01_T1,L8_C1_L1TP_BT_B10,10.774,315.276,4.754,18824,18966,0.05,53.9057487,27.646,3.633,21.43,1.375,0.00547,14.656,,,,127,127,3,-0.8954015748031495,1.0,free_air_evap_assist,1.1,U,30.58678078698155,,,,False
prineville,2015-09-13T18:44:00.453278+00:00,LC08_L1TP_044029_20150913_20170225_01_T1,L8_C1_L1TP_BT_B10,10.674,310.051,3.784,18449,18969,0.01,46.21181319,25.398,5.329,27.54,2.463,0.006161,14.407,,,,131,131,3,-0.24860305343511452,1.0,free_air_evap_assist,1.1,U,30.58678078698155,,,,False
prineville,2015-09-20T18:50:14.374271+00:00,LC08_L1TP_045029_20150920_20170225_01_T1,L8_C1_L1TP_BT_B10,10.778,306.898,3.526,18816,18966,2.66,43.82375769,23.762,2.011,24.05,1.552,0.004874,12.512,,,,127,127,3,-0.8846771653543307,1.0,free_air_evap_assist,1.1,U,30.58678078698155,,,,False
prineville,2015-09-29T18:44:05.984674+00:00,LC08_L1TP_044029_20150929_20180201_01_T1,L8_C1_L1TP_BT_B10,10.676,304.22,3.453,18517,18969,0.0,40.67989483,19.467,1.423,29.99,0.633,0.004672,10.412,,,,131,131,3,-0.5419541984732825,1.0,free_air_evap_assist,1.1,U,30.58678078698155,,,,False
prineville,2015-10-15T18:44:05.337576+00:00,LC08_L1TP_044029_20151015_20170225_01_T1,L8_C1_L1TP_BT_B10,10.676,291.187,2.201,18233,18969,4.09,35.04697065,15.423,5.404,51.25,1.624,0.006194,9.908,,,,129,131,3,0.1577364341085271,0.9847328244274809,free_air_evap_assist,1.1,U,30.58678078698155,,,,False
prineville,2015-10-22T18:50:20.239233+00:00,LC08_L1TP_045029_20151022_20170225_01_T1,L8_C1_L1TP_BT_B10,10.78,293.317,2.006,18291,18966,2.89,32.65069285,12.864,4.856,58.23,0.798,0.005961,8.415,,,,126,127,3,0.17111111111111113,0.9921259842519685,free_air_evap_assist,1.1,U,30.58678078698155,,,,False
prineville,2015-11-07T18:50:22.919309+00:00,LC08_L1TP_045029_20151107_20170225_01_T1,L8_C1_L1TP_BT_B10,10.78,285.043,1.285,18331,18966,55.53,27.59960404,10.49,-1.598,42.92,4.573,0.00375,4.86,,,,127,127,3,0.027952755905511818,1.0,free_air_evap_assist,1.1,U,30.58678078698155,,,,False
prineville,2015-11-23T18:50:25.156225+00:00,LC08_L1TP_045029_20151123_20170225_01_T1,L8_C1_L1TP_BT_B10,10.781,279.615,1.286,17951,18966,15.32,23.51048007,3.632,-1.555,68.86,2.55,0.003761,0.946,,,,118,127,3,0.8902372881355932,0.9291338582677166,free_air_evap_assist,1.1,U,30.58678078698155,,,,False
prineville,2016-02-20T18:43:58.751650+00:00,LC08_L1TP_044029_20160220_20170224_01_T1,L8_C1_L1TP_BT_B10,10.674,277.507,1.411,18780,18969,28.02,30.93501361,4.739,-5.327,48.09,2.355,0.002837,0.446,,,,109,131,3,-0.22111926605504587,0.8320610687022901,free_air_evap_assist,1.1,U,30.58678078698155,,,,False
prineville,2016-03-07T18:43:57.929065+00:00,LC08_L1TP_044029_20160307_20170224_01_T1,L8_C1_L1TP_BT_B10,10.673,284.295,2.319,13444,18969,50.26,36.86941276,5.877,-4.375,47.75,2.78,0.003049,1.39,,,,128,131,3,-0.03132031249999995,0.9770992366412213,free_air_evap_assist,1.1,U,30.58678078698155,,,,False
prineville,2016-03-23T18:43:50.268601+00:00,LC08_L1TP_044029_20160323_20170224_01_T1,L8_C1_L1TP_BT_B10,10.671,288.488,3.685,17551,18969,21.15,43.17673711,7.704,-0.465,56.25,2.057,0.004075,3.645,,,,131,131,3,0.01496946564885495,1.0,free_air_evap_assist,1.1,U,30.58678078698155,,,,False
prineville,2016-03-30T18:49:55.954349+00:00,LC08_L1TP_045029_20160330_20170223_01_T1,L8_C1_L1TP_BT_B10,10.773,297.515,2.252,18583,18966,0.49,45.92320337,10.551,-1.838,42.0,2.458,0.003684,4.824,,,,125,127,3,-1.1468800000000001,0.984251968503937,free_air_evap_assist,1.1,U,30.58678078698155,,,,False
prineville,2016-04-08T18:43:42.811660+00:00,LC08_L1TP_044029_20160408_20170223_01_T1,L8_C1_L1TP_BT_B10,10.669,306.212,3.046,18766,18969,5.44,49.34274471,20.259,3.914,34.07,1.172,0.005579,11.649,,,,130,131,3,-1.8353384615384616,0.9923664122137404,free_air_evap_assist,1.1,U,30.58678078698155,,,,False
prineville,2016-04-15T18:49:51.111247+00:00,LC08_L1TP_045029_20160415_20180201_01_T1,L8_C1_L1TP_BT_B10,10.772,292.531,2.202,18200,18966,47.13,51.86922078,9.977,-1.522,44.66,0.848,0.003771,4.594,,,,126,127,3,-0.879079365079365,0.9921259842519685,free_air_evap_assist,1.1,U,30.58678078698155,,,,False
prineville,2016-05-01T18:49:53.299641+00:00,LC08_L1TP_045029_20160501_20170223_01_T1,L8_C1_L1TP_BT_B10,10.772,308.152,3.542,18745,18966,4.48,56.9651773,16.765,3.585,41.43,2.557,0.005451,9.869,,,,127,127,3,-3.2325433070866136,1.0,free_air_evap_assist,1.1,U,30.58678078698155,,,,False
prineville,2016-05-10T18:43:38.188388+00:00,LC08_L1TP_044029_20160510_20170223_01_T1,L8_C1_L1TP_BT_B10,10.668,307.144,3.508,18713,18969,9.87,59.32003967,16.015,-0.681,32.01,2.219,0.004011,8.072,,,,125,131,3,-3.4280959999999996,0.9541984732824428,free_air_evap_assist,1.1,U,30.58678078698155,,,,False
prineville,2016-05-17T18:49:50.444628+00:00,LC08_L1TP_045029_20160517_20170223_01_T1,L8_C1_L1TP_BT_B10,10.771,307.244,3.039,18779,18966,1.05,60.82226333,18.423,6.655,46.2,0.945,0.006755,11.856,,,,118,127,3,-1.842322033898305,0.9291338582677166,free_air_evap_assist,1.1,U,30.58678078698155,,,,False
prineville,2016-06-27T18:43:54.197580+00:00,LC08_L1TP_044029_20160627_20180201_01_T1,L8_C1_L1TP_BT_B10,10.672,317.423,4.517,18833,18969,0.0,63.32690923,27.024,3.039,21.31,2.6,0.005244,14.196,,,,131,131,3,-1.9469999999999996,1.0,free_air_evap_assist,1.1,U,30.58678078698155,,,,False
prineville,2016-07-04T18:50:08.772800+00:00,LC08_L1TP_045029_20160704_20170221_01_T1,L8_C1_L1TP_BT_B10,10.776,314.406,4.531,18790,18966,3.5,62.75009671,21.615,0.172,24.0,3.424,0.004268,10.972,,,,127,127,3,-3.1501732283464565,1.0,free_air_evap_assist,1.1,U,30.58678078698155,,,,False
prineville,2016-07-13T18:44:01.886364+00:00,LC08_L1TP_044029_20160713_20170222_01_T1,L8_C1_L1TP_BT_B10,10.674,311.383,3.86,18694,18969,0.15,61.65654325,23.103,3.243,27.31,0.166,0.005321,12.668,,,,131,131,3,-2.4346106870229005,1.0,free_air_evap_assist,1.1,U,30.58678078698155,,,,False
prineville,2016-07-20T18:50:14.958034+00:00,LC08_L1TP_045029_20160720_20170221_01_T1,L8_C1_L1TP_BT_B10,10.778,303.774,2.125,18668,18966,5.2,60.5574273,23.479,6.096,32.58,0.634,0.006499,13.904,,,,124,127,3,1.2188709677419354,0.9763779527559056,free_air_evap_assist,1.1,U,30.58678078698155,,,,False
prineville,2016-07-29T18:44:06.009939+00:00,LC08_L1TP_044029_20160729_20170222_01_T1,L8_C1_L1TP_BT_B10,10.676,318.195,4.409,18867,18969,0.0,58.85191745,30.945,6.953,22.3,0.976,0.006895,17.177,,,,131,131,3,-1.9238702290076335,1.0,free_air_evap_assist,1.1,U,30.58678078698155,,,,False
prineville,2016-08-05T18:50:17.709914+00:00,LC08_L1TP_045029_20160805_20170221_01_T1,L8_C1_L1TP_BT_B10,10.779,314.254,4.207,18782,18966,0.35,57.311161,26.786,2.606,20.96,2.956,0.005085,13.947,,,,127,127,3,-2.055314960629921,1.0,free_air_evap_assist,1.1,U,30.58678078698155,,,,False
prineville,2016-08-21T18:50:23.192222+00:00,LC08_L1TP_045029_20160821_20170222_01_T1,L8_C1_L1TP_BT_B10,10.781,315.858,4.41,18734,18966,0.02,53.17406372,28.567,-1.169,14.39,3.828,0.00387,13.341,,,,127,127,3,-1.8040629921259843,1.0,free_air_evap_assist,1.1,U,30.58678078698155,,,,False
prineville,2016-09-15T18:44:19.244257+00:00,LC08_L1TP_044029_20160915_20170222_01_T1,L8_C1_L1TP_BT_B10,10.679,304.167,3.126,18927,18969,2.41,45.30511685,19.159,1.047,29.75,0.907,0.004547,10.143,,,,127,131,3,-1.4829606299212597,0.9694656488549618,free_air_evap_assist,1.1,U,30.58678078698155,,,,False
prineville,2016-09-22T18:50:30.230270+00:00,LC08_L1TP_045029_20160922_20180201_01_T1,L8_C1_L1TP_BT_B10,10.782,296.693,2.074,10714,18966,63.2,42.89094722,13.866,1.068,41.72,4.07,0.004554,7.522,,,,108,127,3,-3.9146944444444447,0.8503937007874016,free_air_evap_assist,1.1,U,30.58678078698155,,,,False
prineville,2016-10-08T18:50:33.808290+00:00,LC08_L1TP_045029_20161008_20170220_01_T1,L8_C1_L1TP_BT_B10,10.783,297.722,1.753,18930,18966,13.93,37.24618677,19.639,7.06,44.04,2.941,0.006946,12.586,,,,125,127,3,-0.938872,0.984251968503937,free_air_evap_assist,1.1,U,30.58678078698155,,,,False
prineville,2016-11-02T18:44:26.066307+00:00,LC08_L1TP_044029_20161102_20170219_01_T1,L8_C1_L1TP_BT_B10,10.681,286.19,1.343,18432,18969,13.83,28.87539651,12.297,0.728,45.1,6.046,0.004444,6.579,,,,128,131,3,0.34097656249999997,0.9770992366412213,free_air_evap_assist,1.1,U,30.58678078698155,,,,False
prineville,2016-11-09T18:50:35.702746+00:00,LC08_L1TP_045029_20161109_20170219_01_T1,L8_C1_L1TP_BT_B10,10.784,288.077,1.364,17785,18966,22.04,26.82149586,13.979,5.584,56.97,0.939,0.006272,9.274,,,,70,77,2,1.2889714285714287,0.9090909090909091,free_air_evap_assist,1.1,U,30.58678078698155,,,,False
prineville,2017-01-05T18:44:17.205539+00:00,LC08_L1TP_044029_20170105_20170218_01_T1,L8_C1_L1TP_BT_B10,10.679,257.867,0.199,18969,18969,4.68,20.39149818,-22.737,-25.78,76.16,1.296,0.000519,-23.534,,,,131,131,3,0.13782442748091603,1.0,free_air_evap_assist,1.1,U,30.58678078698155,,,,False
prineville,2017-02-06T18:44:04.682197900+00:00,LC08_L1TP_044029_20170206_20170218_01_T1,L8_C1_L1TP_BT_B10,10.675,273.267,1.149,18738,18969,50.84,26.66839743,2.558,-6.37,51.79,6.317,0.00262,-1.189,,,,113,131,3,1.7376460176991149,0.8625954198473282,free_air_evap_assist,1.1,U,30.58678078698155,,,,False
prineville,2017-02-13T18:50:12.817067+00:00,LC08_L1TP_045029_20170213_20180201_01_T1,L8_C1_L1TP_BT_B10,10.777,276.197,2.078,16683,18966,12.12,28.83086367,3.687,-4.801,53.87,1.967,0.002952,-0.072,,,,73,77,2,2.6993287671232875,0.948051948051948,free_air_evap_assist,1.1,U,30.58678078698155,,,,False
prineville,2017-03-10T18:43:51.529828+00:00,LC08_L1TP_044029_20170310_20170317_01_T1,L8_C1_L1TP_BT_B10,10.672,290.765,1.387,18907,18969,37.17,37.93873999,11.441,2.65,54.76,3.916,0.005101,6.805,,,,131,131,3,-0.3473129770992366,1.0,free_air_evap_assist,1.1,U,30.58678078698155,,,,False
prineville,2017-04-02T18:49:50.018837900+00:00,LC08_L1TP_045029_20170402_20170414_01_T1,L8_C1_L1TP_BT_B10,10.771,291.831,1.535,18831,18966,24.37,46.977687,9.322,-5.426,34.87,3.559,0.002815,3.184,,,,126,127,3,0.12413492063492068,0.9921259842519685,free_air_evap_assist,1.1,U,30.58678078698155,,,,False
prineville,2017-04-18T18:49:41.305244+00:00,LC08_L1TP_045029_20170418_20170501_01_T1,L8_C1_L1TP_BT_B10,10.769,289.371,2.156,12855,18966,58.03,52.80772286,11.879,3.262,55.55,2.311,0.005328,7.269,,,,123,127,3,-0.7810813008130081,0.968503937007874,free_air_evap_assist,1.1,U,30.58678078698155,,,,False
prineville,2017-05-04T18:49:33.874800+00:00,LC08_L1TP_045029_20170504_20180201_01_T1,L8_C1_L1TP_BT_B10,10.767,309.067,3.404,18847,18966,9.94,57.7380122,27.668,9.811,32.71,4.108,0.008378,17.162,,,,127,127,3,-1.3141102362204724,1.0,free_air_evap_assist,1.1,U,30.58678078698155,,,,False
prineville,2017-05-20T18:49:45.755764+00:00,LC08_L1TP_045029_20170520_20170525_01_T1,L8_C1_L1TP_BT_B10,10.77,307.378,3.801,17614,18966,15.23,61.32516254,17.858,5.896,45.43,2.594,0.006409,11.281,,,,127,127,3,-1.0307480314960633,1.0,free_air_evap_assist,1.1,U,30.58678078698155,,,,False
prineville,2017-05-29T18:43:40.318398+00:00,LC08_L1TP_044029_20170529_20170615_01_T1,L8_C1_L1TP_BT_B10,10.669,317.056,4.883,18818,18969,4.29,62.6389539,26.539,3.775,23.1,2.561,0.005525,14.277,,,,131,131,3,-1.7472519083969464,1.0,free_air_evap_assist,1.1,U,30.58678078698155,,,,False
prineville,2017-06-05T18:49:54.562333+00:00,LC08_L1TP_045029_20170605_20170616_01_T1,L8_C1_L1TP_BT_B10,10.773,313.37,4.907,18837,18966,0.76,63.29469889,19.205,-1.042,25.5,1.285,0.003906,9.501,,,,127,127,3,-2.7064173228346453,1.0,free_air_evap_assist,1.1,U,30.58678078698155,,,,False
prineville,2017-06-21T18:50:00.523020+00:00,LC08_L1TP_045029_20170621_20170630_01_T1,L8_C1_L1TP_BT_B10,10.774,314.964,5.477,18810,18966,1.01,63.60990687,22.833,-2.84,17.87,3.729,0.00342,10.559,,,,127,127,3,-3.235204724409449,1.0,free_air_evap_assist,1.1,U,30.58678078698155,,,,False
prineville,2017-06-30T18:43:51.906167+00:00,LC08_L1TP_044029_20170630_20170715_01_T1,L8_C1_L1TP_BT_B10,10.672,317.498,4.931,18830,18969,0.0,63.12001912,26.594,4.763,24.67,0.806,0.005922,14.67,,,,131,131,3,-2.7851526717557253,1.0,free_air_evap_assist,1.1,U,30.58678078698155,,,,False
prineville,2017-07-07T18:50:03.918269+00:00,LC08_L1TP_045029_20170707_20170716_01_T1,L8_C1_L1TP_BT_B10,10.775,320.42,5.242,18885,18966,4.65,62.44670865,29.122,9.986,30.41,2.89,0.008477,17.795,,,,127,127,3,-2.597023622047244,1.0,free_air_evap_assist,1.1,U,30.58678078698155,,,,False
prineville,2017-07-16T18:43:55.550218900+00:00,LC08_L1TP_044029_20170716_20180201_01_T1,L8_C1_L1TP_BT_B10,10.673,314.727,4.73,18835,18969,0.0,61.24073774,22.574,3.945,29.63,1.788,0.005592,12.695,,,,131,131,3,-2.7638473282442746,1.0,free_air_evap_assist,1.1,U,30.58678078698155,,,,False
prineville,2017-08-01T18:44:03.362476+00:00,LC08_L1TP_044029_20170801_20170811_01_T1,L8_C1_L1TP_BT_B10,10.675,319.837,5.002,18866,18969,0.2,58.2553396,30.235,3.602,18.4,1.825,0.005458,15.61,,,,131,131,3,-2.438954198473283,1.0,free_air_evap_assist,1.1,U,30.58678078698155,,,,False
prineville,2017-08-08T18:50:16.895951+00:00,LC08_L1TP_045029_20170808_20170823_01_T1,L8_C1_L1TP_BT_B10,10.779,316.141,4.593,18804,18966,0.13,56.64890353,28.907,6.748,24.73,1.291,0.006799,16.344,,,,127,127,3,-2.4737952755905512,1.0,free_air_evap_assist,1.1,U,30.58678078698155,,,,False
prineville,2017-08-17T18:44:08.859562+00:00,LC08_L1TP_044029_20170817_20170826_01_T1,L8_C1_L1TP_BT_B10,10.676,314.415,4.455,18783,18969,0.0,54.34225111,24.742,4.203,26.48,2.165,0.005694,13.71,,,,131,131,3,-2.754419847328245,1.0,free_air_evap_assist,1.1,U,30.58678078698155,,,,False
prineville,2017-08-24T18:50:21.305385900+00:00,LC08_L1TP_045029_20170824_20170913_01_T1,L8_C1_L1TP_BT_B10,10.78,303.816,2.512,9343,18966,27.51,52.370586,23.026,11.052,46.83,2.068,0.009105,15.831,,,,120,127,3,-1.0662416666666668,0.9448818897637795,free_air_evap_assist,1.1,U,30.58678078698155,,,,False
prineville,2017-09-02T18:44:11.719679+00:00,LC08_L1TP_044029_20170902_20170916_01_T1,L8_C1_L1TP_BT_B10,10.677,312.566,4.165,18765,18969,0.0,49.64286735,29.438,2.19,17.43,0.775,0.004936,14.803,,,,131,131,3,-2.1500992366412213,1.0,free_air_evap_assist,1.1,U,30.58678078698155,,,,False
prineville,2017-09-09T18:50:22.737922+00:00,LC08_L1TP_045029_20170909_20170927_01_T1,L8_C1_L1TP_BT_B10,10.78,303.964,3.162,18697,18966,21.1,47.38738006,22.47,11.977,51.49,1.6,0.009683,16.037,,,,126,127,3,-1.1518412698412699,0.9921259842519685,free_air_evap_assist,1.1,U,30.58678078698155,,,,False
prineville,2017-10-04T18:44:20.532807900+00:00,LC08_L1TP_044029_20171004_20171014_01_T1,L8_C1_L1TP_BT_B10,10.68,295.275,2.396,18840,18969,1.36,38.74096232,10.208,-2.705,40.3,1.144,0.003455,4.384,,,,129,131,3,-1.0954728682170543,0.9847328244274809,free_air_evap_assist,1.1,U,30.58678078698155,,,,False
prineville,2017-10-27T18:50:34.312348+00:00,LC08_L1TP_045029_20171027_20171108_01_T1,L8_C1_L1TP_BT_B10,10.784,287.916,1.465,15889,18966,1.14,30.83469245,10.767,7.461,80.03,0.609,0.00714,8.668,,,,62,77,2,0.09058064516129033,0.8051948051948052,free_air_evap_assist,1.1,U,30.58678078698155,,,,False
prineville,2017-12-30T18:50:25.758446+00:00,LC08_L1TP_045029_20171230_20180103_01_T1,L8_C1_L1TP_BT_B10,10.781,274.382,0.687,18062,18966,25.7,19.98622936,4.203,-1.572,66.07,1.065,0.003757,1.264,,,,53,82,2,-0.45303773584905654,0.6463414634146342,free_air_evap_assist,1.1,U,30.58678078698155,,,,False
prineville,2018-03-20T18:49:47.972263+00:00,LC08_L1TP_045029_20180320_20180403_01_T1,L8_C1_L1TP_BT_B10,10.771,287.695,1.86,14393,18966,6.3,41.7810422,8.364,-1.385,50.29,2.317,0.003809,3.719,,,,122,127,3,0.31263934426229506,0.9606299212598425,free_air_evap_assist,1.1,U,30.58678078698155,,,,False
prineville,2018-04-21T18:49:31.112819+00:00,LC08_L1TP_045029_20180421_20180502_01_T1,L8_C1_L1TP_BT_B10,10.766,295.876,2.75,7513,18966,22.13,53.71913358,11.962,-1.695,38.65,2.373,0.003723,5.646,,,,126,127,3,-0.39373015873015865,0.9921259842519685,free_air_evap_assist,1.1,U,30.58678078698155,,,,False
prineville,2018-05-07T18:49:22.192011+00:00,LC08_L1TP_045029_20180507_20180517_01_T1,L8_C1_L1TP_BT_B10,10.764,307.446,3.641,18853,18966,7.03,58.41228159,19.582,3.406,34.28,0.804,0.005383,11.153,,,,127,127,3,-0.37852755905511815,1.0,free_air_evap_assist,1.1,U,30.58678078698155,,,,False
prineville,2018-06-01T18:42:52.481705+00:00,LC08_L1TP_044029_20180601_20180614_01_T1,L8_C1_L1TP_BT_B10,10.655,310.141,4.412,18818,18969,2.68,62.84744313,15.656,-1.388,31.1,0.999,0.003808,7.679,,,,239,239,4,-3.0402719665271967,1.0,free_air_evap_assist,1.1,U,30.58678078698155,,,,False
prineville,2018-06-08T18:49:04.828994+00:00,LC08_L1TP_045029_20180608_20180615_01_T1,L8_C1_L1TP_BT_B10,10.759,314.191,4.819,18885,18966,33.99,63.37562343,23.132,1.232,23.63,2.9,0.004608,11.978,,,,235,235,4,-4.494370212765957,1.0,free_air_evap_assist,1.1,U,30.58678078698155,,,,False
prineville,2018-06-24T18:49:15.747561900+00:00,LC08_L1TP_045029_20180624_20180704_01_T1,L8_C1_L1TP_BT_B10,10.762,316.042,4.539,18824,18966,0.13,63.41950134,26.055,4.118,24.35,2.925,0.00566,14.212,,,,235,235,4,-2.1062212765957447,1.0,free_air_evap_assist,1.1,U,30.58678078698155,,,,False
prineville,2018-07-03T18:43:09.968845+00:00,LC08_L1TP_044029_20180703_20180717_01_T1,L8_C1_L1TP_BT_B10,10.66,312.252,4.503,18632,18969,2.95,62.80068657,17.285,-2.307,26.21,0.586,0.003558,8.217,,,,239,239,4,-3.926979079497908,1.0,free_air_evap_assist,1.1,U,30.58678078698155,,,,False
prineville,2018-07-10T18:49:24.206754+00:00,LC08_L1TP_045029_20180710_20180717_01_T1,L8_C1_L1TP_BT_B10,10.764,312.878,4.517,18663,18966,14.57,62.03469819,22.961,5.319,31.86,2.703,0.006157,13.379,,,,235,235,4,-2.8657361702127657,1.0,free_air_evap_assist,1.1,U,30.58678078698155,,,,False
prineville,2018-07-19T18:43:17.169639+00:00,LC08_L1TP_044029_20180719_20180731_01_T1,L8_C1_L1TP_BT_B10,10.662,318.764,4.981,18848,18969,0.0,60.72091608,26.012,5.321,26.54,2.17,0.006158,14.653,,,,239,239,4,-3.8048744769874476,1.0,free_air_evap_assist,1.1,U,30.58678078698155,,,,False
prineville,2018-07-26T18:49:30.429729900+00:00,LC08_L1TP_045029_20180726_20180731_01_T1,L8_C1_L1TP_BT_B10,10.766,319.685,4.942,18882,18966,0.01,59.46644288,30.582,1.109,15.11,1.621,0.004568,14.838,,,,235,235,4,-3.5362000000000005,1.0,free_air_evap_assist,1.1,U,30.58678078698155,,,,False
prineville,2018-08-04T18:43:25.341902+00:00,LC08_L1TP_044029_20180804_20180814_01_T1,L8_C1_L1TP_BT_B10,10.664,313.471,4.2,18962,18969,0.33,57.57915764,23.104,4.667,30.18,1.612,0.005883,13.193,,,,239,239,4,-3.319686192468619,1.0,free_air_evap_assist,1.1,U,30.58678078698155,,,,False
prineville,2018-08-11T18:49:40.173342900+00:00,LC08_L1TP_045029_20180811_20180815_01_T1,L8_C1_L1TP_BT_B10,10.769,312.704,4.473,18864,18966,16.91,55.90863024,24.703,6.82,31.82,3.507,0.006833,14.709,,,,235,235,4,-3.8327063829787233,1.0,free_air_evap_assist,1.1,U,30.58678078698155,,,,False
prineville,2018-08-20T18:43:33.878353+00:00,LC08_L1TP_044029_20180820_20180829_01_T1,L8_C1_L1TP_BT_B10,10.667,303.641,1.375,16841,18969,36.3,53.5280334,23.96,6.149,31.77,2.44,0.006523,14.13,,,,185,239,4,-2.0229405405405405,0.7740585774058577,free_air_evap_assist,1.1,U,30.58678078698155,,,,False
prineville,2018-08-27T18:49:47.744578+00:00,LC08_L1TP_045029_20180827_20180911_01_T1,L8_C1_L1TP_BT_B10,10.771,301.256,4.329,7063,18966,55.85,51.50933669,18.526,7.711,49.34,3.111,0.007264,12.348,,,,42,50,1,-1.433,0.84,free_air_evap_assist,1.1,U,30.58678078698155,,,,False
prineville,2018-09-05T18:43:40.057140900+00:00,LC08_L1TP_044029_20180905_20180912_01_T1,L8_C1_L1TP_BT_B10,10.669,306.775,3.22,18482,18969,6.43,48.72680348,22.292,1.542,25.42,0.627,0.004712,11.723,,,,238,239,4,-2.7695882352941177,0.99581589958159,free_air_evap_assist,1.1,U,30.58678078698155,,,,False
prineville,2018-09-12T18:49:52.868628+00:00,LC08_L1TP_045029_20180912_20180927_01_T1,L8_C1_L1TP_BT_B10,10.772,298.963,4.032,12185,18966,54.26,46.43355356,14.999,1.18,39.09,2.417,0.004591,8.145,,,,206,235,4,-1.4771553398058253,0.8765957446808511,free_air_evap_assist,1.1,U,30.58678078698155,,,,False
prineville,2018-09-28T18:49:59.119516+00:00,LC08_L1TP_045029_20180928_20181009_01_T1,L8_C1_L1TP_BT_B10,10.774,302.952,3.213,18456,18966,0.2,40.92012562,18.955,-1.355,25.31,1.131,0.003817,9.29,,,,230,235,4,-2.9440260869565216,0.9787234042553191,free_air_evap_assist,1.1,U,30.58678078698155,,,,False
prineville,2018-10-14T18:50:06.282810+00:00,LC08_L1TP_045029_20181014_20181030_01_T1,L8_C1_L1TP_BT_B10,10.776,290.398,2.097,18452,18966,0.02,35.2855561,11.342,-6.607,27.85,5.054,0.002572,4.054,,,,230,235,4,-1.2101434782608695,0.9787234042553191,free_air_evap_assist,1.1,U,30.58678078698155,,,,False
prineville,2018-10-30T18:50:10.710175+00:00,LC08_L1TP_045029_20181030_20181115_01_T1,L8_C1_L1TP_BT_B10,10.777,285.855,1.462,18759,18966,13.39,29.93827978,6.16,0.614,67.62,1.325,0.004407,3.189,,,,232,235,4,0.3910948275862069,0.9872340425531915,free_air_evap_assist,1.1,U,30.58678078698155,,,,False
prineville,2018-11-08T18:44:01.189582+00:00,LC08_L1TP_044029_20181108_20181116_01_T1,L8_C1_L1TP_BT_B10,10.674,282.223,1.981,18577,18969,0.45,27.22388056,3.302,-5.671,51.82,1.769,0.002763,-0.542,,,,233,239,4,-1.086725321888412,0.9748953974895398,free_air_evap_assist,1.1,U,30.58678078698155,,,,False
prineville,2018-11-15T18:50:12.320830900+00:00,LC08_L1TP_045029_20181115_20181128_01_T1,L8_C1_L1TP_BT_B10,10.777,284.83,2.003,18168,18966,1.89,25.32517579,7.556,0.231,59.77,1.62,0.004287,3.808,,,,219,235,4,-0.6579041095890412,0.9319148936170213,free_air_evap_assist,1.1,U,30.58678078698155,,,,False
prineville,2018-11-24T18:44:01.118693+00:00,LC08_L1TP_044029_20181124_20181210_01_T1,L8_C1_L1TP_BT_B10,10.674,277.019,1.11,18317,18969,22.13,23.23179047,3.316,-2.091,67.7,0.919,0.003616,0.566,,,,230,239,4,0.7869521739130435,0.9623430962343096,free_air_evap_assist,1.1,U,30.58678078698155,,,,False
prineville,2018-12-10T18:43:58.103923+00:00,LC08_L1TP_044029_20181210_20181226_01_T1,L8_C1_L1TP_BT_B10,10.674,276.834,1.146,18328,18969,63.38,20.67239883,3.018,0.078,81.01,1.058,0.004239,1.306,,,,228,239,4,0.9501228070175438,0.9539748953974896,free_air_evap_assist,1.1,U,30.58678078698155,,,,False
prineville,2018-12-17T18:50:08.464951+00:00,LC08_L1TP_045029_20181217_20181227_01_T1,L8_C1_L1TP_BT_B10,10.776,278.102,1.208,18224,18966,50.69,20.09164134,5.041,1.686,78.92,3.828,0.004761,3.077,,,,217,235,4,0.45561290322580644,0.9234042553191489,free_air_evap_assist,1.1,U,30.58678078698155,,,,False
prineville,2019-02-28T18:43:46.407316+00:00,LC08_L1TP_044029_20190228_20190309_01_T1,L8_C1_L1TP_BT_B10,10.67,264.855,1.25,18963,18969,6.07,33.91219874,-8.504,-10.417,86.06,1.425,0.001911,-9.527,,,,335,338,5,1.3551432835820896,0.9911242603550295,free_air_evap_assist,1.1,U,30.58678078698155,,,,False
prineville,2019-03-07T18:49:54.779634+00:00,LC08_L1TP_045029_20190307_20190324_01_T1,L8_C1_L1TP_BT_B10,10.773,270.536,0.73,16480,18966,59.56,36.57675673,0.542,-5.982,61.63,2.634,0.002699,-2.378,,,,332,334,5,1.447632530120482,0.9940119760479041,free_air_evap_assist,1.1,U,30.58678078698155,,,,False
prineville,2019-04-24T18:49:39.540599900+00:00,LC08_L1TP_045029_20190424_20190508_01_T1,L8_C1_L1TP_BT_B10,10.768,302.529,2.584,18827,18966,3.84,54.62805517,14.941,1.46,40.03,2.694,0.004685,8.209,,,,325,334,5,-2.0034123076923076,0.9730538922155688,free_air_evap_assist,1.1,U,30.58678078698155,,,,False
prineville,2019-05-03T18:43:31.710567+00:00,LC08_L1TP_044029_20190503_20190520_01_T1,L8_C1_L1TP_BT_B10,10.666,307.456,3.655,18674,18969,0.72,57.33716396,15.937,-2.091,29.01,0.962,0.003616,7.616,,,,297,338,5,-4.327542087542088,0.878698224852071,free_air_evap_assist,1.1,U,30.58678078698155,,,,False
prineville,2019-05-10T18:49:47.467063+00:00,LC08_L1TP_045029_20190510_20190521_01_T1,L8_C1_L1TP_BT_B10,10.771,311.923,4.367,18702,18966,1.01,59.15063963,20.905,-4.145,18.24,1.17,0.003102,9.359,,,,318,334,5,-5.344764150943397,0.9520958083832335,free_air_evap_assist,1.1,U,30.58678078698155,,,,False
prineville,2019-06-04T18:43:50.608683+00:00,LC08_L1TP_044029_20190604_20190618_01_T1,L8_C1_L1TP_BT_B10,10.671,312.171,4.397,18823,18969,0.06,63.1899085,21.505,-5.093,16.37,1.964,0.002888,9.356,,,,297,338,5,-2.9647979797979795,0.878698224852071,free_air_evap_assist,1.1,U,30.58678078698155,,,,False
prineville,2019-06-11T18:50:04.320622+00:00,LC08_L1TP_045029_20190611_20190619_01_T1,L8_C1_L1TP_BT_B10,10.775,314.4,4.453,18856,18966,0.34,63.59237855,25.974,5.627,27.17,1.576,0.00629,14.756,,,,334,334,5,-3.9027215568862275,1.0,free_air_evap_assist,1.1,U,30.58678078698155,,,,False
prineville,2019-06-27T18:50:09.468055+00:00,LC08_L1TP_045029_20190627_20190706_01_T1,L8_C1_L1TP_BT_B10,10.777,296.845,2.403,8478,18966,65.2,63.3723231,14.242,-1.06,34.9,4.16,0.003901,7.05,,,,226,226,4,3.2306769911504425,1.0,free_air_evap_assist,1.1,U,30.58678078698155,,,,False
prineville,2019-07-06T18:44:00.696185+00:00,LC08_L1TP_044029_20190706_20190719_01_T1,L8_C1_L1TP_BT_B10,10.674,313.394,4.415,18718,18969,0.32,62.61876749,22.757,7.13,36.54,2.189,0.00698,14.007,,,,332,338,5,-3.1132228915662656,0.9822485207100592,free_air_evap_assist,1.1,U,30.58678078698155,,,,False
prineville,2019-07-13T18:50:12.612479+00:00,LC08_L1TP_045029_20190713_20190719_01_T1,L8_C1_L1TP_BT_B10,10.777,310.874,3.903,18845,18966,22.7,61.75934976,24.06,9.813,40.51,2.142,0.008379,15.703,,,,332,334,5,-3.073367469879518,0.9940119760479041,free_air_evap_assist,1.1,U,30.58678078698155,,,,False
prineville,2019-07-22T18:44:04.348877+00:00,LC08_L1TP_044029_20190722_20190801_01_T1,L8_C1_L1TP_BT_B10,10.675,313.964,4.462,18806,18969,6.16,60.33754224,27.567,5.775,25.0,1.582,0.006356,15.444,,,,338,338,5,-2.580286982248521,1.0,free_air_evap_assist,1.1,U,30.58678078698155,,,,False
prineville,2019-07-29T18:50:18.289430+00:00,LC08_L1TP_045029_20190729_20190801_01_T1,L8_C1_L1TP_BT_B10,10.779,315.004,4.588,18842,18966,0.06,59.00162707,25.775,5.384,27.04,1.653,0.006185,14.582,,,,334,334,5,-3.1657844311377246,1.0,free_air_evap_assist,1.1,U,30.58678078698155,,,,False
prineville,2019-08-07T18:44:10.948822+00:00,LC08_L1TP_044029_20190807_20190820_01_T1,L8_C1_L1TP_BT_B10,10.677,314.625,4.292,18846,18969,26.84,57.01496338,27.501,12.438,39.31,0.608,0.009983,18.293,,,,338,338,5,-2.926162721893491,1.0,free_air_evap_assist,1.1,U,30.58678078698155,,,,False
prineville,2019-08-14T18:50:24.038062900+00:00,LC08_L1TP_045029_20190814_20190820_01_T1,L8_C1_L1TP_BT_B10,10.781,307.633,2.724,18785,18966,0.26,55.27664837,25.086,6.908,31.29,1.235,0.006874,14.903,,,,334,334,5,-0.5346497005988023,1.0,free_air_evap_assist,1.1,U,30.58678078698155,,,,False
prineville,2019-08-23T18:44:15.570881+00:00,LC08_L1TP_044029_20190823_20190903_01_T1,L8_C1_L1TP_BT_B10,10.678,302.571,1.757,18849,18969,1.3,52.81501725,22.52,2.76,27.34,0.809,0.005141,12.244,,,,318,338,5,0.9020471698113207,0.9408284023668639,free_air_evap_assist,1.1,U,30.58678078698155,,,,False
prineville,2019-08-30T18:50:27.834469+00:00,LC08_L1TP_045029_20190830_20190916_01_T1,L8_C1_L1TP_BT_B10,10.782,307.478,3.073,18806,18966,10.51,50.73584118,25.541,13.764,48.12,0.898,0.010893,18.166,,,,334,334,5,-1.0755239520958082,1.0,free_air_evap_assist,1.1,U,30.58678078698155,,,,False
prineville,2019-09-24T18:44:24.888993+00:00,LC08_L1TP_044029_20190924_20191017_01_T1,L8_C1_L1TP_BT_B10,10.681,295.205,1.256,18019,18969,21.21,42.4528637,20.623,10.101,50.9,2.48,0.008543,14.357,,,,198,230,4,-0.797,0.8608695652173913,free_air_evap_assist,1.1,U,30.58678078698155,,,,False
prineville,2019-10-10T18:44:28.264035900+00:00,LC08_L1TP_044029_20191010_20191018_01_T1,L8_C1_L1TP_BT_B10,10.682,287.765,1.693,18710,18969,0.29,36.80514186,6.203,-9.127,32.42,2.228,0.002116,0.563,,,,338,338,5,0.26884615384615385,1.0,free_air_evap_assist,1.1,U,30.58678078698155,,,,False
prineville,2019-10-26T18:44:29.094335+00:00,LC08_L1TP_044029_20191026_20191030_01_T1,L8_C1_L1TP_BT_B10,10.682,285.798,1.676,18913,18969,54.89,31.3335595,6.64,-3.446,48.57,3.062,0.003269,2.102,,,,337,338,5,-0.09097922848664686,0.9970414201183432,free_air_evap_assist,1.1,U,30.58678078698155,,,,False
prineville,2019-11-02T18:50:39.351724+00:00,LC08_L1TP_045029_20191102_20191115_01_T1,L8_C1_L1TP_BT_B10,10.785,287.257,2.006,18305,18966,0.19,29.10215013,9.642,-6.949,30.38,2.322,0.002506,3.028,,,,321,334,5,-0.8791090342679129,0.9610778443113772,free_air_evap_assist,1.1,U,30.58678078698155,,,,False
prineville,2019-12-04T18:50:35.132566900+00:00,LC08_L1TP_045029_20191204_20191217_01_T1,L8_C1_L1TP_BT_B10,10.784,275.043,1.61,13993,18966,48.01,21.49633158,1.437,-1.751,79.33,3.779,0.003708,-0.342,,,,216,239,3,0.7496388888888889,0.9037656903765691,free_air_evap_assist,1.1,U,30.58678078698155,,,,False
prineville,2020-01-14T18:44:15.927055+00:00,LC08_L1TP_044029_20200114_20200127_01_T1,L8_C1_L1TP_BT_B10,10.678,268.114,0.911,18969,18969,44.31,21.36731362,-1.858,-8.729,59.4,4.786,0.002182,-4.663,,,,338,338,5,0.627621301775148,1.0,free_air_evap_assist,1.1,U,30.58678078698155,,,,False
prineville,2020-02-22T18:50:16.253428+00:00,LC08_L1TP_045029_20200222_20200225_01_T1,L8_C1_L1TP_BT_B10,10.779,284.653,1.725,18906,18966,3.14,31.65569334,8.353,-3.318,43.62,0.337,0.0033,3.149,,,,330,334,5,0.2447121212121212,0.9880239520958084,free_air_evap_assist,1.1,U,30.58678078698155,,,,False
prineville,2020-03-25T18:50:01.886894+00:00,LC08_L1TP_045029_20200325_20200409_01_T1,L8_C1_L1TP_BT_B10,10.774,285.925,2.98,5045,18966,58.95,43.98102084,4.756,-8.865,36.58,3.528,0.002159,-0.294,,,,334,334,5,0.18788622754491024,1.0,free_air_evap_assist,1.1,U,30.58678078698155,,,,False
prineville,2020-04-03T18:43:45.580241+00:00,LC08_L1TP_044029_20200403_20200410_01_T1,L8_C1_L1TP_BT_B10,10.67,291.648,2.409,14551,18969,48.23,47.4746098,4.521,-9.416,35.62,2.218,0.002068,-0.54,,,,262,293,4,-3.2792977099236644,0.89419795221843,free_air_evap_assist,1.1,U,30.58678078698155,,,,False
prineville,2020-04-10T18:49:53.959229+00:00,LC08_L1TP_045029_20200410_20200422_01_T1,L8_C1_L1TP_BT_B10,10.772,298.378,2.801,18698,18966,2.1,50.09090257,18.299,-1.442,26.2,3.958,0.003793,8.956,,,,334,334,5,0.12540419161676644,1.0,free_air_evap_assist,1.1,U,30.58678078698155,,,,False
prineville,2020-04-19T18:43:39.279778+00:00,LC08_L1TP_044029_20200419_20200508_01_T1,L8_C1_L1TP_BT_B10,10.668,302.628,2.879,18599,18969,25.29,53.24860452,12.712,-1.702,36.78,0.36,0.003721,6.05,,,,336,338,5,-2.7158839285714285,0.9940828402366864,free_air_evap_assist,1.1,U,30.58678078698155,,,,False
prineville,2020-04-26T18:49:46.541425+00:00,LC08_L1TP_045029_20200426_20200509_01_T1,L8_C1_L1TP_BT_B10,10.77,302.468,2.792,18846,18966,3.64,55.49794824,17.241,-6.902,18.59,2.594,0.002515,6.982,,,,334,334,5,-1.7269101796407187,1.0,free_air_evap_assist,1.1,U,30.58678078698155,,,,False
prineville,2020-05-05T18:43:30.413586+00:00,LC08_L1TP_044029_20200505_20200509_01_T1,L8_C1_L1TP_BT_B10,10.666,306.928,4.086,17462,18969,9.66,58.0556208,19.812,-1.631,23.51,1.695,0.003741,9.602,,,,338,338,5,-4.290757396449703,1.0,free_air_evap_assist,1.1,U,30.58678078698155,,,,False
prineville,2020-06-22T18:43:48.137380+00:00,LC08_L1TP_044029_20200622_20200707_01_T1,L8_C1_L1TP_BT_B10,10.671,315.901,4.71,18845,18969,0.01,63.56168304,25.359,3.62,24.5,1.515,0.005465,13.747,,,,338,338,5,-3.659639053254438,1.0,free_air_evap_assist,1.1,U,30.58678078698155,,,,False
prineville,2020-07-08T18:43:55.286478+00:00,LC08_L1TP_044029_20200708_20200721_01_T1,L8_C1_L1TP_BT_B10,10.673,312.079,4.307,18731,18969,0.56,62.29590473,19.727,4.256,36.06,0.101,0.005715,11.53,,,,338,338,5,-3.7062633136094676,1.0,free_air_evap_assist,1.1,U,30.58678078698155,,,,False
prineville,2020-07-15T18:50:08.585724+00:00,LC08_L1TP_045029_20200715_20200722_01_T1,L8_C1_L1TP_BT_B10,10.776,317.491,4.798,18873,18966,0.08,61.34868847,27.027,0.58,17.87,1.8,0.004396,13.334,,,,334,334,5,-3.6536317365269464,1.0,free_air_evap_assist,1.1,U,30.58678078698155,,,,False
prineville,2020-07-24T18:44:00.457042+00:00,LC08_L1TP_044029_20200724_20200807_01_T1,L8_C1_L1TP_BT_B10,10.674,313.983,4.468,18690,18969,0.71,59.82091716,23.517,0.657,22.15,3.208,0.004421,11.948,,,,338,338,5,-3.3719615384615382,1.0,free_air_evap_assist,1.1,U,30.58678078698155,,,,False
prineville,2020-07-31T18:50:12.900452+00:00,LC08_L1TP_045029_20200731_20200807_01_T1,L8_C1_L1TP_BT_B10,10.777,318.456,4.699,18854,18966,0.03,58.41240001,31.702,6.518,20.73,1.923,0.006692,17.269,,,,334,334,5,-3.141571856287425,1.0,free_air_evap_assist,1.1,U,30.58678078698155,,,,False
prineville,2020-08-09T18:44:03.597749+00:00,LC08_L1TP_044029_20200809_20200821_01_T1,L8_C1_L1TP_BT_B10,10.675,312.034,3.929,18614,18969,0.0,56.34193885,21.669,3.986,31.4,2.656,0.005608,12.312,,,,338,338,5,-3.2316775147928993,1.0,free_air_evap_assist,1.1,U,30.58678078698155,,,,False
prineville,2020-09-01T18:50:25.695127+00:00,LC08_L1TP_045029_20200901_20200906_01_T1,L8_C1_L1TP_BT_B10,10.781,310.267,3.827,18811,18966,0.05,49.87496254,26.192,4.52,24.84,0.854,0.005822,14.418,,,,334,334,5,-3.2692874251497006,1.0,free_air_evap_assist,1.1,U,30.58678078698155,,,,False
prineville,2020-09-10T18:44:18.450673+00:00,LC08_L1TP_044029_20200910_20200918_01_T1,L8_C1_L1TP_BT_B10,10.679,309.205,4.007,18538,18969,0.0,46.97395164,23.652,-5.682,13.74,2.308,0.002761,10.092,,,,337,338,5,-3.4813264094955487,0.9970414201183432,free_air_evap_assist,1.1,U,30.58678078698155,,,,False
prineville,2020-09-26T18:44:23.186819+00:00,LC08_L1TP_044029_20200926_20201008_01_T1,L8_C1_L1TP_BT_B10,10.681,288.401,2.297,9076,18969,56.23,41.47694533,16.069,4.808,47.18,3.895,0.005941,9.988,,,,319,338,5,0.22137304075235112,0.9437869822485208,free_air_evap_assist,1.1,U,30.58678078698155,,,,False
prineville,2020-10-03T18:50:35.312350+00:00,LC08_L1TP_045029_20201003_20201015_01_T1,L8_C1_L1TP_BT_B10,10.784,303.533,2.961,17899,18966,0.03,39.00459098,21.653,3.03,29.38,1.064,0.005241,11.96,,,,258,334,5,-2.3712441860465114,0.7724550898203593,free_air_evap_assist,1.1,U,30.58678078698155,,,,False
prineville,2020-10-19T18:50:36.331562+00:00,LC08_L1TP_045029_20201019_20201105_01_T1,L8_C1_L1TP_BT_B10,10.784,289.736,1.979,18402,18966,21.07,33.41383544,14.934,5.474,53.15,1.962,0.006224,9.697,,,,322,334,5,-2.3509627329192546,0.9640718562874252,free_air_evap_assist,1.1,U,30.58678078698155,,,,False
prineville,2020-10-28T18:44:24.844038+00:00,LC08_L1TP_044029_20201028_20201105_01_T1,L8_C1_L1TP_BT_B10,10.681,293.722,2.595,18914,18969,0.0,30.43432586,11.873,-4.349,31.92,1.126,0.003055,4.88,,,,333,338,5,-2.0991501501501504,0.985207100591716,free_air_evap_assist,1.1,U,30.58678078698155,,,,False
prineville,2020-11-20T18:50:34.999563900+00:00,LC08_L1TP_045029_20201120_20210315_01_T1,L8_C1_L1TP_BT_B10,10.784,276.79,1.13,18502,18966,1.15,24.0107745,2.929,-5.289,54.77,3.645,0.002845,-0.677,,,,307,334,5,0.18036156351791535,0.9191616766467066,free_air_evap_assist,1.1,U,30.58678078698155,,,,False
prineville,2020-11-29T18:44:26.096334900+00:00,LC08_L1TP_044029_20201129_20210316_01_T1,L8_C1_L1TP_BT_B10,10.681,277.69,1.17,18756,18969,2.23,22.1876405,4.02,-4.909,52.2,4.954,0.002928,0.106,,,,330,338,5,0.03235757575757577,0.9763313609467456,free_air_evap_assist,1.1,U,30.58678078698155,,,,False
prineville,2020-12-22T18:50:35.601745+00:00,LC08_L1TP_045029_20201222_20210310_01_T1,L8_C1_L1TP_BT_B10,10.784,274.647,0.959,17859,18966,32.09,19.90449553,2.401,-5.406,56.36,5.439,0.00282,-1.041,,,,237,239,3,-0.1049409282700422,0.9916317991631799,free_air_evap_assist,1.1,U,30.58678078698155,,,,False
prineville,2021-01-16T18:44:14.919871+00:00,LC08_L1TP_044029_20210116_20210306_01_T1,L8_C1_L1TP_BT_B10,10.678,277.374,1.059,18347,18969,33.46,21.79909307,4.193,1.503,82.65,2.864,0.004699,2.573,,,,328,338,5,0.7539786585365854,0.9704142011834319,free_air_evap_assist,1.1,U,30.58678078698155,,,,False
prineville,2021-01-23T18:50:24.643822+00:00,LC08_L1TP_045029_20210123_20210305_01_T1,L8_C1_L1TP_BT_B10,10.781,267.262,0.859,17932,18966,1.39,23.12866664,-0.875,-6.262,66.87,0.599,0.002641,-3.358,,,,333,334,5,0.6731171171171171,0.9970059880239521,free_air_evap_assist,1.1,U,30.58678078698155,,,,False
prineville,2021-02-01T18:44:13.019833+00:00,LC08_L1TP_044029_20210201_20210306_01_T1,L8_C1_L1TP_BT_B10,10.678,281.761,1.148,18482,18969,65.92,25.2875349,10.653,-2.477,39.79,7.507,0.003514,4.698,,,,336,338,5,-0.022821428571428597,0.9940828402366864,free_air_evap_assist,1.1,U,30.58678078698155,,,,False
prineville,2021-02-08T18:50:22.498299+00:00,LC08_L1TP_045029_20210208_20210305_01_T1,L8_C1_L1TP_BT_B10,10.78,273.398,1.394,12771,18966,60.39,27.2820007,2.006,-5.042,59.59,1.125,0.002899,-1.186,,,,311,334,5,0.053810289389067525,0.9311377245508982,free_air_evap_assist,1.1,U,30.58678078698155,,,,False
prineville,2021-02-17T18:44:09.147117+00:00,LC08_L1TP_044029_20210217_20210304_01_T1,L8_C1_L1TP_BT_B10,10.677,277.786,1.716,18724,18969,48.09,30.17968735,1.609,-6.374,55.4,4.016,0.002619,-1.8,,,,338,338,5,1.6551656804733728,1.0,free_air_evap_assist,1.1,U,30.58678078698155,,,,False
prineville,2021-02-24T18:50:17.312700+00:00,LC08_L1TP_045029_20210224_20210304_01_T1,L8_C1_L1TP_BT_B10,10.779,279.852,1.755,18706,18966,2.17,32.65071846,2.991,-8.169,43.73,0.958,0.00228,-1.302,,,,332,334,5,0.9108493975903614,0.9940119760479041,free_air_evap_assist,1.1,U,30.58678078698155,,,,False
prineville,2021-03-12T18:50:08.781273+00:00,LC08_L1TP_045029_20210312_20210317_01_T1,L8_C1_L1TP_BT_B10,10.776,289.701,2.083,18773,18966,0.43,38.75077825,6.872,-4.407,44.48,1.16,0.003041,1.984,,,,332,334,5,-0.5956355421686748,0.9940119760479041,free_air_evap_assist,1.1,U,30.58678078698155,,,,False
prineville,2021-03-21T18:43:54.131282900+00:00,LC08_L1TP_044029_20210321_20210401_01_T1,L8_C1_L1TP_BT_B10,10.672,286.45,2.298,18621,18969,53.31,42.30962197,5.978,-5.892,42.27,3.081,0.002717,1.078,,,,338,338,5,-1.007041420118343,1.0,free_air_evap_assist,1.1,U,30.58678078698155,,,,False
prineville,2021-03-28T18:50:03.577611+00:00,LC08_L1TP_045029_20210328_20210402_01_T1,L8_C1_L1TP_BT_B10,10.775,296.294,3.398,12588,18966,16.37,45.06949009,16.126,-5.108,22.88,7.263,0.002884,6.893,,,,108,108,1,-3.738,1.0,free_air_evap_assist,1.1,U,30.58678078698155,,,,False
prineville,2021-04-06T18:43:50.071630+00:00,LC08_L1TP_044029_20210406_20210416_01_T1,L8_C1_L1TP_BT_B10,10.671,302.105,2.675,18661,18969,1.04,48.52494069,13.128,-9.327,20.06,1.91,0.002083,4.425,,,,338,338,5,-2.8723165680473373,1.0,free_air_evap_assist,1.1,U,30.58678078698155,,,,False
prineville,2021-04-13T18:49:58.204138+00:00,LC08_L1TP_045029_20210413_20210424_01_T1,L8_C1_L1TP_BT_B10,10.774,295.886,2.622,18758,18966,6.04,51.09381176,9.333,-13.019,19.22,6.642,0.001551,1.757,,,,334,334,5,-3.6464221556886227,1.0,free_air_evap_assist,1.1,U,30.58678078698155,,,,False
prineville,2021-04-22T18:43:43.007807+00:00,LC08_L1TP_044029_20210422_20210501_01_T1,L8_C1_L1TP_BT_B10,10.669,306.128,3.288,18841,18969,2.48,54.16696263,16.224,-4.805,23.26,5.347,0.002951,7.019,,,,338,338,5,-3.30337573964497,1.0,free_air_evap_assist,1.1,U,30.58678078698155,,,,False
prineville,2021-04-29T18:49:49.653798+00:00,LC08_L1TP_045029_20210429_20210507_01_T1,L8_C1_L1TP_BT_B10,10.771,305.698,3.054,18842,18966,12.64,56.33372824,23.324,2.196,25.02,2.443,0.004938,12.391,,,,334,334,5,-3.3442934131736526,1.0,free_air_evap_assist,1.1,U,30.58678078698155,,,,False
prineville,2021-05-08T18:43:35.750270+00:00,LC08_L1TP_044029_20210508_20210518_01_T1,L8_C1_L1TP_BT_B10,10.667,293.727,3.559,18571,18969,9.93,58.786335,11.727,-5.521,29.5,2.841,0.002795,4.514,,,,306,338,5,-3.250107843137255,0.9053254437869822,free_air_evap_assist,1.1,U,30.58678078698155,,,,False
prineville,2021-05-15T18:49:51.546473+00:00,LC08_L1TP_045029_20210515_20210525_01_T1,L8_C1_L1TP_BT_B10,10.772,311.627,4.079,16972,18966,2.49,60.38001546,20.906,1.0,26.61,3.995,0.004532,10.929,,,,334,334,5,-2.7575449101796408,1.0,free_air_evap_assist,1.1,U,30.58678078698155,,,,False
prineville,2021-05-31T18:50:00.589610900+00:00,LC08_L1TP_045029_20210531_20210608_01_T1,L8_C1_L1TP_BT_B10,10.774,316.196,4.039,18833,18966,5.61,62.87019458,24.721,0.879,20.94,0.996,0.004493,12.52,,,,334,334,5,-3.727269461077844,1.0,free_air_evap_assist,1.1,U,30.58678078698155,,,,False
prineville,2021-06-09T18:43:53.591272+00:00,LC08_L1TP_044029_20210609_20210615_01_T1,L8_C1_L1TP_BT_B10,10.672,299.886,5.5,11804,18969,47.03,63.53289651,14.703,1.073,39.53,1.387,0.004556,7.958,,,,337,338,5,0.016863501483679547,0.9970414201183432,free_air_evap_assist,1.1,U,30.58678078698155,,,,False
prineville,2021-06-16T18:50:06.749943+00:00,LC08_L1TP_045029_20210616_20210622_01_T1,L8_C1_L1TP_BT_B10,10.776,308.983,3.537,18853,18966,0.25,63.68752708,19.437,4.781,38.09,1.062,0.00593,11.592,,,,334,334,5,-2.0136107784431134,1.0,free_air_evap_assist,1.1,U,30.58678078698155,,,,False
prineville,2021-06-25T18:43:58.143553+00:00,LC08_L1TP_044029_20210625_20210707_01_T1,L8_C1_L1TP_BT_B10,10.674,315.825,3.505,18866,18969,4.85,63.45408294,27.772,8.737,30.24,1.585,0.00779,16.737,,,,338,338,5,-2.339426035502959,1.0,free_air_evap_assist,1.1,U,30.58678078698155,,,,False
prineville,2021-07-02T18:50:10.040527+00:00,LC08_L1TP_045029_20210702_20210713_01_T1,L8_C1_L1TP_BT_B10,10.777,322.087,4.468,18883,18966,2.65,62.96025788,29.474,4.922,21.09,1.631,0.005989,15.833,,,,334,334,5,-4.2432095808383234,1.0,free_air_evap_assist,1.1,U,30.58678078698155,,,,False
prineville,2021-07-11T18:43:59.829048+00:00,LC08_L1TP_044029_20210711_20210720_01_T1,L8_C1_L1TP_BT_B10,10.674,322.766,4.398,18864,18969,0.0,61.96070393,27.576,1.746,18.82,2.302,0.004782,13.947,,,,338,338,5,-3.8474349112426034,1.0,free_air_evap_assist,1.1,U,30.58678078698155,,,,False
prineville,2021-07-18T18:50:12.458853+00:00,LC08_L1TP_045029_20210718_20210729_01_T1,L8_C1_L1TP_BT_B10,10.777,316.578,3.752,18870,18966,0.03,60.9264135,26.801,7.106,28.65,0.707,0.006968,15.676,,,,334,334,5,-3.5764401197604787,1.0,free_air_evap_assist,1.1,U,30.58678078698155,,,,False
prineville,2021-08-03T18:50:20.647742+00:00,LC08_L1TP_045029_20210803_20210811_01_T1,L8_C1_L1TP_BT_B10,10.78,312.774,4.356,18799,18966,2.13,57.81900007,30.176,6.1,21.98,1.028,0.006501,16.554,,,,334,334,5,-1.3902155688622755,1.0,free_air_evap_assist,1.1,U,30.58678078698155,,,,False
prineville,2021-08-12T18:44:13.237031+00:00,LC08_L1TP_044029_20210812_20210819_01_T1,L8_C1_L1TP_BT_B10,10.678,317.401,3.664,18863,18969,0.23,55.65795872,32.74,8.283,22.06,1.698,0.007554,18.363,,,,338,338,5,-2.642275147928994,1.0,free_air_evap_assist,1.1,U,30.58678078698155,,,,False
prineville,2021-08-19T18:50:26.142524+00:00,LC08_L1TP_045029_20210819_20210827_01_T1,L8_C1_L1TP_BT_B10,10.781,302.634,2.17,18121,18966,8.63,53.79406973,22.699,6.358,34.78,3.057,0.006618,13.671,,,,217,226,4,-1.6464331797235021,0.9601769911504425,free_air_evap_assist,1.1,U,30.58678078698155,,,,False
prineville,2021-08-28T18:44:17.737592+00:00,LC08_L1TP_044029_20210828_20210901_01_T1,L8_C1_L1TP_BT_B10,10.679,310.677,3.444,18809,18969,0.0,51.18785562,20.107,4.737,36.43,0.911,0.005912,11.885,,,,338,338,5,-2.905390532544379,1.0,free_air_evap_assist,1.1,U,30.58678078698155,,,,False
prineville,2021-09-04T18:50:30.855770+00:00,LC08_L1TP_045029_20210904_20210910_01_T1,L8_C1_L1TP_BT_B10,10.782,306.686,3.414,18757,18966,11.58,49.01019063,22.982,-4.675,15.44,1.023,0.00298,10.093,,,,331,334,5,-3.097712990936556,0.9910179640718563,free_air_evap_assist,1.1,U,30.58678078698155,,,,False
prineville,2021-09-13T18:44:22.108158+00:00,LC08_L1TP_044029_20210913_20210924_01_T1,L8_C1_L1TP_BT_B10,10.68,301.025,2.028,18818,18969,12.55,46.05447875,16.32,8.143,58.41,0.854,0.007482,11.519,,,,334,338,5,-0.4405359281437126,0.9881656804733728,free_air_evap_assist,1.1,U,30.58678078698155,,,,False
prineville,2021-09-20T18:50:33.850091900+00:00,LC08_L1TP_045029_20210920_20210925_01_T1,L8_C1_L1TP_BT_B10,10.783,297.213,1.917,18685,18966,1.39,43.66138385,13.863,4.266,52.36,1.723,0.005719,8.677,,,,334,334,5,-0.2181137724550898,1.0,free_air_evap_assist,1.1,U,30.58678078698155,,,,False
prineville,2021-09-29T18:44:26.246172+00:00,LC08_L1TP_044029_20210929_20211013_01_T1,L8_C1_L1TP_BT_B10,10.681,291.824,1.417,18621,18969,7.31,40.50969942,12.919,2.248,48.28,2.95,0.004957,7.433,,,,338,338,5,-0.070603550295858,1.0,free_air_evap_assist,1.1,U,30.58678078698155,,,,False
prineville,2021-10-06T18:50:39.581329900+00:00,LC08_L1TP_045029_20211006_20211013_01_T1,L8_C1_L1TP_BT_B10,10.785,294.139,2.206,18695,18966,18.6,38.03097993,10.59,-2.395,40.2,1.898,0.003535,4.686,,,,334,334,5,-1.104637724550898,1.0,free_air_evap_assist,1.1,U,30.58678078698155,,,,False
prineville,2021-10-15T18:44:30.745301+00:00,LC08_L1TP_044029_20211015_20211025_01_T1,L8_C1_L1TP_BT_B10,10.683,295.005,2.043,18435,18969,0.05,34.87429221,14.531,-2.457,30.9,2.776,0.003519,6.797,,,,337,338,5,-1.6191750741839763,0.9970414201183432,free_air_evap_assist,1.1,U,30.58678078698155,,,,False
prineville,2021-11-07T18:50:40.062961+00:00,LC08_L1TP_045029_20211107_20211117_01_T1,L8_C1_L1TP_BT_B10,10.785,277.664,2.053,13103,18966,43.38,27.45320596,6.09,-4.701,45.91,4.846,0.002974,1.436,,,,321,334,5,1.4341619937694703,0.9610778443113772,free_air_evap_assist,1.1,U,30.58678078698155,,,,False
prineville,2021-11-16T18:44:25.552017900+00:00,LC08_L1TP_044029_20211116_20211125_01_T1,L8_C1_L1TP_BT_B10,10.681,279.74,1.24,18775,18969,39.22,25.02701015,3.524,-4.276,56.69,2.192,0.003071,-0.025,,,,336,338,5,0.3632172619047619,0.9940828402366864,free_air_evap_assist,1.1,U,30.58678078698155,,,,False
prineville,2021-12-09T18:50:37.544065+00:00,LC08_L1TP_045029_20211209_20211215_01_T1,L8_C1_L1TP_BT_B10,10.784,274.173,1.001,18127,18966,55.03,20.77134997,2.212,-7.387,49.1,3.824,0.002422,-1.649,,,,276,334,5,0.09967753623188406,0.8263473053892215,free_air_evap_assist,1.1,U,30.58678078698155,,,,False
riken_kobe,2013-05-01T01:36:33.198335+00:00,LC08_L1TP_110036_20130501_20170504_01_T1,L8_C1_L1TP_BT_B10,10.624,293.486,3.014,631,1055,58.55,63.42763974,14.455,3.893,49.09,6.011,0.004971,8.831,12.66,it_measured_hpl,A1,9,9,1,3.352,1.0,evaporative,1.3,A1,0.9991794913908439,12.66,12.670396169138195,2.5384474167160302,True
riken_kobe,2013-05-17T01:36:45.533765+00:00,LC08_L1TP_110036_20130517_20170504_01_T1,L8_C1_L1TP_BT_B10,10.627,298.386,2.868,578,1055,22.3,66.71341215,18.947,9.202,53.17,2.702,0.007174,13.202,12.66,it_measured_hpl,A1,9,9,1,1.766,1.0,evaporative,1.3,A1,0.9991794913908439,12.66,12.670396169138195,2.5384474167160302,True
riken_kobe,2013-07-20T01:36:43.737563+00:00,LC08_L1TP_110036_20130720_20170503_01_T1,L8_C1_L1TP_BT_B10,10.627,305.187,1.93,1055,1055,8.93,65.89847245,27.736,17.184,52.65,0.566,0.012119,20.788,12.66,it_measured_hpl,A1,9,9,1,2.038,1.0,evaporative,1.3,A1,0.9991794913908439,12.66,12.670396169138195,2.5384474167160302,True
riken_kobe,2013-08-05T01:36:46.732414+00:00,LC08_L1TP_110036_20130805_20170503_01_T1,L8_C1_L1TP_BT_B10,10.627,299.318,1.07,1042,1055,42.86,63.43677947,30.088,24.862,73.64,2.249,0.01952,26.244,12.66,it_measured_hpl,A1,9,9,1,0.7,1.0,evaporative,1.3,A1,0.9991794913908439,12.66,12.670396169138195,2.5384474167160302,True
riken_kobe,2013-08-21T01:36:48.049642+00:00,LC08_L1TP_110036_20130821_20170502_01_T1,L8_C1_L1TP_BT_B10,10.628,302.446,1.15,1046,1055,32.06,60.19485097,30.787,25.168,72.06,2.163,0.019884,26.654,12.66,it_measured_hpl,A1,9,9,1,0.927,1.0,evaporative,1.3,A1,0.9991794913908439,12.66,12.670396169138195,2.5384474167160302,True
riken_kobe,2014-03-17T01:35:15.060311+00:00,LC08_L1TP_110036_20140317_20170425_01_T1,L8_C1_L1TP_BT_B10,10.602,289.868,1.833,1051,1055,1.72,47.87313169,11.083,6.489,73.32,0.951,0.005959,8.302,12.66,it_measured_hpl,A1,9,9,1,1.8760000000000001,1.0,evaporative,1.3,A1,0.9991794913908439,12.66,12.670396169138195,2.5384474167160302,True
riken_kobe,2014-07-23T01:34:38.654763+00:00,LC08_L1TP_110036_20140723_20170421_01_T1,L8_C1_L1TP_BT_B10,10.592,301.44,1.442,1051,1055,69.23,65.16004699,29.442,23.263,69.44,3.581,0.017712,24.989,12.66,it_measured_hpl,A1,9,9,1,0.61,1.0,evaporative,1.3,A1,0.9991794913908439,12.66,12.670396169138195,2.5384474167160302,True
riken_kobe,2014-09-09T01:34:54.647227+00:00,LC08_L1TP_110036_20140909_20170419_01_T1,L8_C1_L1TP_BT_B10,10.596,304.548,1.82,1055,1055,6.78,55.14693222,26.091,17.453,58.99,3.082,0.012329,20.331,12.66,it_measured_hpl,A1,9,9,1,1.04,1.0,evaporative,1.3,A1,0.9991794913908439,12.66,12.670396169138195,2.5384474167160302,True
riken_kobe,2014-10-27T01:34:57.719159+00:00,LC08_L1TP_110036_20141027_20170418_01_T1,L8_C1_L1TP_BT_B10,10.597,294.958,1.109,1055,1055,40.18,39.96331628,21.275,15.308,68.78,2.523,0.010743,17.309,12.66,it_measured_hpl,A1,9,9,1,0.581,1.0,evaporative,1.3,A1,0.9991794913908439,12.66,12.670396169138195,2.5384474167160302,True
riken_kobe,2014-12-30T01:34:48.529785+00:00,LC08_L1TP_110036_20141230_20170415_01_T1,L8_C1_L1TP_BT_B10,10.595,282.01,0.574,1051,1055,24.19,28.62313233,9.506,2.318,60.84,4.994,0.004446,5.657,12.66,it_measured_hpl,A1,9,9,1,0.453,1.0,evaporative,1.3,A1,0.9991794913908439,12.66,12.670396169138195,2.5384474167160302,True
riken_kobe,2015-02-16T01:34:34.631891+00:00,LC08_L1TP_110036_20150216_20170412_01_T1,L8_C1_L1TP_BT_B10,10.591,283.909,1.054,1055,1055,21.44,37.34062703,5.625,-3.093,53.48,2.776,0.002995,1.596,12.66,it_measured_hpl,A1,9,9,1,0.6,1.0,evaporative,1.3,A1,0.9991794913908439,12.66,12.670396169138195,2.5384474167160302,True
riken_kobe,2015-03-20T01:34:20.541118+00:00,LC08_L1TP_110036_20150320_20170411_01_T1,L8_C1_L1TP_BT_B10,10.587,291.391,2.022,1053,1055,55.07,48.81650766,14.555,7.969,64.64,3.72,0.006597,10.623,12.66,it_measured_hpl,A1,9,9,1,1.981,1.0,evaporative,1.3,A1,0.9991794913908439,12.66,12.670396169138195,2.5384474167160302,True
riken_kobe,2015-06-24T01:34:05.397109+00:00,LC08_L1TP_110036_20150624_20170407_01_T1,L8_C1_L1TP_BT_B10,10.583,298.408,1.436,656,1055,65.61,67.85290686,26.37,18.88,63.47,1.85,0.013494,21.254,12.66,it_measured_hpl,A1,9,9,1,-1.218,1.0,evaporative,1.3,A1,0.9991794913908439,12.66,12.670396169138195,2.5384474167160302,True
riken_kobe,2015-07-26T01:34:22.313681+00:00,LC08_L1TP_110036_20150726_20170406_01_T1,L8_C1_L1TP_BT_B10,10.587,303.716,1.85,1046,1055,3.52,64.7140144,30.748,23.159,64.02,3.845,0.0176,25.33,12.66,it_measured_hpl,A1,9,9,1,1.261,1.0,evaporative,1.3,A1,0.9991794913908439,12.66,12.670396169138195,2.5384474167160302,True
riken_kobe,2015-08-27T01:34:33.589117+00:00,LC08_L1TP_110036_20150827_20170405_01_T1,L8_C1_L1TP_BT_B10,10.59,301.545,1.74,1052,1055,25.8,58.58559759,27.626,19.633,61.78,1.705,0.014148,22.139,12.66,it_measured_hpl,A1,9,9,1,1.52,1.0,evaporative,1.3,A1,0.9991794913908439,12.66,12.670396169138195,2.5384474167160302,True
riken_kobe,2015-09-12T01:34:40.372620+00:00,LC08_L1TP_110036_20150912_20170404_01_T1,L8_C1_L1TP_BT_B10,10.592,299.058,1.891,1052,1055,51.8,54.33788387,23.821,16.174,62.28,1.9,0.01136,18.766,12.66,it_measured_hpl,A1,9,9,1,1.568,1.0,evaporative,1.3,A1,0.9991794913908439,12.66,12.670396169138195,2.5384474167160302,True
riken_kobe,2015-09-28T01:34:46.505137+00:00,LC08_L1TP_110036_20150928_20170403_01_T1,L8_C1_L1TP_BT_B10,10.594,301.368,1.755,1055,1055,3.34,49.45131202,24.616,16.629,61.12,1.999,0.011696,19.32,12.66,it_measured_hpl,A1,9,9,1,1.605,1.0,evaporative,1.3,A1,0.9991794913908439,12.66,12.670396169138195,2.5384474167160302,True
riken_kobe,2015-10-14T01:34:46.467755+00:00,LC08_L1TP_110036_20151014_20170403_01_T1,L8_C1_L1TP_BT_B10,10.594,298.013,1.216,1055,1055,12.69,44.23201105,20.087,10.888,55.45,0.974,0.008035,14.496,12.66,it_measured_hpl,A1,9,9,1,0.555,1.0,evaporative,1.3,A1,0.9991794913908439,12.66,12.670396169138195,2.5384474167160302,True
riken_kobe,2015-10-30T01:34:52.519520+00:00,LC08_L1TP_110036_20151030_20170402_01_T1,L8_C1_L1TP_BT_B10,10.596,289.251,1.613,1055,1055,49.64,39.09921988,17.976,9.536,57.79,3.643,0.007338,12.922,12.66,it_measured_hpl,A1,9,9,1,1.638,1.0,evaporative,1.3,A1,0.9991794913908439,12.66,12.670396169138195,2.5384474167160302,True
riken_kobe,2015-12-01T01:34:55.069285+00:00,LC08_L1TP_110036_20151201_20170401_01_T1,L8_C1_L1TP_BT_B10,10.597,288.17,0.848,1033,1055,53.75,31.02261284,12.596,6.411,66.0,4.772,0.005927,8.971,12.66,it_measured_hpl,A1,9,9,1,0.384,1.0,evaporative,1.3,A1,0.9991794913908439,12.66,12.670396169138195,2.5384474167160302,True
riken_kobe,2016-02-03T01:34:48.645176+00:00,LC08_L1TP_110036_20160203_20170330_01_T1,L8_C1_L1TP_BT_B10,10.595,283.7,1.098,1002,1055,39.46,33.56689324,5.83,-1.878,57.69,3.289,0.003278,2.096,12.66,it_measured_hpl,A1,9,9,1,0.69,1.0,evaporative,1.3,A1,0.9991794913908439,12.66,12.670396169138195,2.5384474167160302,True
riken_kobe,2016-02-19T01:34:39.330458+00:00,LC08_L1TP_110036_20160219_20170329_01_T1,L8_C1_L1TP_BT_B10,10.592,286.711,1.079,1054,1055,7.43,38.24360469,11.253,1.911,52.6,4.556,0.004318,6.431,12.66,it_measured_hpl,A1,9,9,1,0.9140000000000001,1.0,evaporative,1.3,A1,0.9991794913908439,12.66,12.670396169138195,2.5384474167160302,True
riken_kobe,2016-03-22T01:34:32.197971+00:00,LC08_L1TP_110036_20160322_20180204_01_T1,L8_C1_L1TP_BT_B10,10.59,291.69,1.746,1055,1055,0.1,49.88982446,9.577,-0.752,48.54,1.343,0.003561,4.606,12.66,it_measured_hpl,A1,9,9,1,1.512,1.0,evaporative,1.3,A1,0.9991794913908439,12.66,12.670396169138195,2.5384474167160302,True
riken_kobe,2016-06-10T01:34:27.485903+00:00,LC08_L1TP_110036_20160610_20170324_01_T1,L8_C1_L1TP_BT_B10,10.589,301.663,2.216,790,1055,17.12,68.22036688,25.589,17.821,62.19,1.929,0.01262,20.357,12.66,it_measured_hpl,A1,9,9,1,-0.671,1.0,evaporative,1.3,A1,0.9991794913908439,12.66,12.670396169138195,2.5384474167160302,True
riken_kobe,2016-07-28T01:34:46.549150+00:00,LC08_L1TP_110036_20160728_20170322_01_T1,L8_C1_L1TP_BT_B10,10.594,300.589,1.409,1007,1055,47.72,64.38230952,29.588,22.486,65.68,2.92,0.016888,24.537,12.66,it_measured_hpl,A1,9,9,1,0.838,1.0,evaporative,1.3,A1,0.9991794913908439,12.66,12.670396169138195,2.5384474167160302,True
riken_kobe,2016-08-13T01:34:48.746165+00:00,LC08_L1TP_110036_20160813_20170322_01_T1,L8_C1_L1TP_BT_B10,10.595,303.857,1.428,746,1055,28.87,61.56766888,30.398,23.434,66.4,2.223,0.017898,25.396,12.66,it_measured_hpl,A1,9,9,1,0.39,1.0,evaporative,1.3,A1,0.9991794913908439,12.66,12.670396169138195,2.5384474167160302,True
riken_kobe,2016-11-01T01:35:07.058051+00:00,LC08_L1TP_110036_20161101_20170318_01_T1,L8_C1_L1TP_BT_B10,10.6,292.036,1.118,995,1055,53.29,38.27429392,16.917,11.191,69.0,3.322,0.008199,13.291,12.66,it_measured_hpl,A1,9,9,1,0.792,1.0,evaporative,1.3,A1,0.9991794913908439,12.66,12.670396169138195,2.5384474167160302,True
riken_kobe,2016-12-03T01:35:05.707176+00:00,LC08_L1TP_110036_20161203_20170317_01_T1,L8_C1_L1TP_BT_B10,10.599,288.606,0.716,1047,1055,1.74,30.56590203,9.498,6.796,83.24,0.623,0.006087,7.761,12.66,it_measured_hpl,A1,7,9,1,0.154,0.7777777777777778,evaporative,1.3,A1,0.9991794913908439,12.66,12.670396169138195,2.5384474167160302,True
riken_kobe,2016-12-19T01:35:00.935573+00:00,LC08_L1TP_110036_20161219_20170315_01_T1,L8_C1_L1TP_BT_B10,10.598,285.676,0.547,1040,1055,3.28,28.81725538,7.199,6.184,93.27,0.215,0.005835,6.47,12.66,it_measured_hpl,A1,8,9,1,-0.13,0.8888888888888888,evaporative,1.3,A1,0.9991794913908439,12.66,12.670396169138195,2.5384474167160302,True
riken_kobe,2017-01-04T01:34:58.340932+00:00,LC08_L1TP_110036_20170104_20170312_01_T1,L8_C1_L1TP_BT_B10,10.597,284.199,0.54,1038,1055,27.3,28.85676575,8.783,4.297,73.45,2.511,0.005115,6.148,12.66,it_measured_hpl,A1,8,9,1,0.281,0.8888888888888888,evaporative,1.3,A1,0.9991794913908439,12.66,12.670396169138195,2.5384474167160302,True
riken_kobe,2017-03-09T01:34:33.346565+00:00,LC08_L1TP_110036_20170309_20170317_01_T1,L8_C1_L1TP_BT_B10,10.59,284.683,1.443,811,1055,51.72,44.87868846,7.749,-0.944,54.15,6.279,0.003511,3.509,12.66,it_measured_hpl,A1,9,9,1,1.069,1.0,evaporative,1.3,A1,0.9991794913908439,12.66,12.670396169138195,2.5384474167160302,True
riken_kobe,2017-05-28T01:34:20.225899+00:00,LC08_L1TP_110036_20170528_20170615_01_T1,L8_C1_L1TP_BT_B10,10.587,302.277,2.38,1033,1055,22.09,67.61487361,21.646,11.367,52.0,2.147,0.008296,15.395,12.66,it_measured_hpl,A1,9,9,1,1.217,1.0,evaporative,1.3,A1,0.9991794913908439,12.66,12.670396169138195,2.5384474167160302,True
riken_kobe,2017-07-15T01:34:35.394050+00:00,LC08_L1TP_110036_20170715_20170727_01_T1,L8_C1_L1TP_BT_B10,10.591,302.995,1.472,1027,1055,22.99,66.13504418,29.941,22.907,66.03,2.325,0.017331,24.916,12.66,it_measured_hpl,A1,9,9,1,0.443,1.0,evaporative,1.3,A1,0.9991794913908439,12.66,12.670396169138195,2.5384474167160302,True
riken_kobe,2017-07-31T01:34:43.464705+00:00,LC08_L1TP_110036_20170731_20170811_01_T1,L8_C1_L1TP_BT_B10,10.593,300.073,1.121,1051,1055,37.71,63.93483072,30.707,26.301,77.42,1.868,0.021286,27.412,12.66,it_measured_hpl,A1,9,9,1,0.679,1.0,evaporative,1.3,A1,0.9991794913908439,12.66,12.670396169138195,2.5384474167160302,True
riken_kobe,2017-11-04T01:35:03.632077+00:00,LC08_L1TP_110036_20171104_20171109_01_T1,L8_C1_L1TP_BT_B10,10.599,292.441,0.928,925,1055,50.37,37.44373209,18.612,12.678,68.4,5.079,0.009049,14.792,12.66,it_measured_hpl,A1,9,9,1,1.389,1.0,evaporative,1.3,A1,0.9991794913908439,12.66,12.670396169138195,2.5384474167160302,True
riken_kobe,2017-12-06T01:34:54.935999+00:00,LC08_L1TP_110036_20171206_20171222_01_T1,L8_C1_L1TP_BT_B10,10.596,283.479,0.822,1046,1055,19.79,30.13823509,7.041,-0.863,57.17,4.082,0.003532,3.133,12.66,it_measured_hpl,A1,7,9,1,-0.129,0.7777777777777778,evaporative,1.3,A1,0.9991794913908439,12.66,12.670396169138195,2.5384474167160302,True
riken_kobe,2017-12-22T01:34:58.129935+00:00,LC08_L1TP_110036_20171222_20180102_01_T1,L8_C1_L1TP_BT_B10,10.597,283.236,0.594,1032,1055,5.46,28.68296588,4.09,1.991,86.2,0.574,0.004343,2.772,12.66,it_measured_hpl,A1,8,9,1,-0.366,0.8888888888888888,evaporative,1.3,A1,0.9991794913908439,12.66,12.670396169138195,2.5384474167160302,True
riken_kobe,2018-02-08T01:34:36.912468+00:00,LC08_L1TP_110036_20180208_20180221_01_T1,L8_C1_L1TP_BT_B10,10.591,280.615,0.622,1054,1055,24.98,35.03093066,3.462,-3.942,58.38,3.331,0.002811,0.036,12.66,it_measured_hpl,A1,9,9,1,0.23400000000000004,1.0,evaporative,1.3,A1,0.9991794913908439,12.66,12.670396169138195,2.5384474167160302,True
riken_kobe,2018-02-24T01:34:30.871156+00:00,LC08_L1TP_110036_20180224_20180308_01_T1,L8_C1_L1TP_BT_B10,10.59,285.197,1.052,1055,1055,6.94,40.08263549,7.955,0.32,58.54,3.87,0.00385,4.061,12.66,it_measured_hpl,A1,9,9,1,0.53,1.0,evaporative,1.3,A1,0.9991794913908439,12.66,12.670396169138195,2.5384474167160302,True
riken_kobe,2018-03-12T01:34:22.041986+00:00,LC08_L1TP_110036_20180312_20180320_01_T1,L8_C1_L1TP_BT_B10,10.587,288.313,1.577,1055,1055,4.83,45.89866812,8.953,0.731,56.37,0.691,0.003967,4.759,12.66,it_measured_hpl,A1,9,9,1,0.901,1.0,evaporative,1.3,A1,0.9991794913908439,12.66,12.670396169138195,2.5384474167160302,True
riken_kobe,2018-03-28T01:34:14.966777+00:00,LC08_L1TP_110036_20180328_20180405_01_T1,L8_C1_L1TP_BT_B10,10.585,295.978,1.823,1008,1055,7.74,51.93666796,16.951,8.221,56.41,1.941,0.006711,11.846,12.66,it_measured_hpl,A1,9,9,1,1.335,1.0,evaporative,1.3,A1,0.9991794913908439,12.66,12.670396169138195,2.5384474167160302,True
riken_kobe,2018-04-13T01:34:06.422547900+00:00,LC08_L1TP_110036_20180413_20180417_01_T1,L8_C1_L1TP_BT_B10,10.583,294.033,1.918,1053,1055,1.05,57.63351673,16.607,-1.651,28.71,4.203,0.003333,8.076,12.66,it_measured_hpl,A1,9,9,1,2.201,1.0,evaporative,1.3,A1,0.9991794913908439,12.66,12.670396169138195,2.5384474167160302,True
riken_kobe,2018-04-29T01:33:57.370680+00:00,LC08_L1TP_110036_20180429_20180502_01_T1,L8_C1_L1TP_BT_B10,10.58,301.717,2.542,1024,1055,0.07,62.43252613,20.976,10.064,49.68,1.889,0.007603,14.495,12.66,it_measured_hpl,A1,9,9,1,2.487,1.0,evaporative,1.3,A1,0.9991794913908439,12.66,12.670396169138195,2.5384474167160302,True
riken_kobe,2018-05-15T01:33:47.187428+00:00,LC08_L1TP_110036_20180515_20180604_01_T1,L8_C1_L1TP_BT_B10,10.578,300.009,2.983,526,1055,3.29,65.85598758,23.58,11.378,46.27,0.696,0.008302,16.215,12.66,it_measured_hpl,A1,9,9,1,0.433,1.0,evaporative,1.3,A1,0.9991794913908439,12.66,12.670396169138195,2.5384474167160302,True
riken_kobe,2018-06-16T01:33:40.140031900+00:00,LC08_L1TP_110036_20180616_20180703_01_T1,L8_C1_L1TP_BT_B10,10.576,300.446,2.706,1038,1055,29.78,68.04725915,20.657,11.954,57.44,3.52,0.008625,15.263,12.66,it_measured_hpl,A1,9,9,1,2.466,1.0,evaporative,1.3,A1,0.9991794913908439,12.66,12.670396169138195,2.5384474167160302,True
riken_kobe,2018-07-18T01:33:57.353997+00:00,LC08_L1TP_110036_20180718_20180730_01_T1,L8_C1_L1TP_BT_B10,10.58,303.727,1.208,1025,1055,9.71,65.6845999,32.007,24.674,65.27,1.07,0.019299,26.689,12.66,it_measured_hpl,A1,9,9,1,0.541,1.0,evaporative,1.3,A1,0.9991794913908439,12.66,12.670396169138195,2.5384474167160302,True
riken_kobe,2018-08-03T01:34:05.144959900+00:00,LC08_L1TP_110036_20180803_20180814_01_T1,L8_C1_L1TP_BT_B10,10.583,302.094,1.108,959,1055,12.18,63.38153962,31.695,25.225,68.66,2.344,0.019952,26.957,12.66,it_measured_hpl,A1,9,9,1,0.45200000000000007,1.0,evaporative,1.3,A1,0.9991794913908439,12.66,12.670396169138195,2.5384474167160302,True
riken_kobe,2018-10-22T01:34:38.652663900+00:00,LC08_L1TP_110036_20181022_20181031_01_T1,L8_C1_L1TP_BT_B10,10.592,293.396,1.527,1032,1055,18.02,41.51994537,18.83,11.437,62.18,1.676,0.008335,14.229,12.66,it_measured_hpl,A1,9,9,1,0.4719999999999999,1.0,evaporative,1.3,A1,0.9991794913908439,12.66,12.670396169138195,2.5384474167160302,True
riken_kobe,2018-11-07T01:34:41.852160+00:00,LC08_L1TP_110036_20181107_20181116_01_T1,L8_C1_L1TP_BT_B10,10.593,294.21,0.929,1055,1055,14.24,36.62209198,19.504,11.154,58.51,3.384,0.008179,14.375,12.66,it_measured_hpl,A1,9,9,1,-0.216,1.0,evaporative,1.3,A1,0.9991794913908439,12.66,12.670396169138195,2.5384474167160302,True
riken_kobe,2018-11-23T01:34:42.094718+00:00,LC08_L1TP_110036_20181123_20181129_01_T1,L8_C1_L1TP_BT_B10,10.593,287.799,0.682,1053,1055,37.19,32.54359337,11.026,2.223,54.6,4.551,0.004416,6.425,12.66,it_measured_hpl,A1,8,9,1,-0.403,0.8888888888888888,evaporative,1.3,A1,0.9991794913908439,12.66,12.670396169138195,2.5384474167160302,True
riken_kobe,2018-12-25T01:34:38.794793+00:00,LC08_L1TP_110036_20181225_20190129_01_T1,L8_C1_L1TP_BT_B10,10.592,284.058,0.547,1031,1055,33.89,28.59856805,6.849,1.176,67.16,0.479,0.004096,3.787,12.66,it_measured_hpl,A1,8,9,1,-0.517,0.8888888888888888,evaporative,1.3,A1,0.9991794913908439,12.66,12.670396169138195,2.5384474167160302,True
riken_kobe,2019-03-15T01:34:21.827978+00:00,LC08_L1TP_110036_20190315_20190325_01_T1,L8_C1_L1TP_BT_B10,10.587,288.831,1.419,1055,1055,8.18,46.94281155,7.933,1.766,65.06,1.476,0.004274,4.603,12.66,it_measured_hpl,A1,9,9,1,1.304,1.0,evaporative,1.3,A1,0.9991794913908439,12.66,12.670396169138195,2.5384474167160302,True
riken_kobe,2019-04-16T01:34:13.587158+00:00,LC08_L1TP_110036_20190416_20190423_01_T1,L8_C1_L1TP_BT_B10,10.585,296.277,2.506,1055,1055,13.79,58.55670573,14.233,2.402,44.82,0.413,0.004472,8.169,12.66,it_measured_hpl,A1,9,9,1,2.48,1.0,evaporative,1.3,A1,0.9991794913908439,12.66,12.670396169138195,2.5384474167160302,True
riken_kobe,2019-05-02T01:34:11.842654+00:00,LC08_L1TP_110036_20190502_20190508_01_T1,L8_C1_L1TP_BT_B10,10.584,295.7,2.619,962,1055,21.68,63.19100166,19.419,9.965,54.34,2.35,0.007553,13.765,12.66,it_measured_hpl,A1,9,9,1,2.553,1.0,evaporative,1.3,A1,0.9991794913908439,12.66,12.670396169138195,2.5384474167160302,True
riken_kobe,2019-06-19T01:34:36.950899+00:00,LC08_L1TP_110036_20190619_20190703_01_T1,L8_C1_L1TP_BT_B10,10.591,295.684,1.578,1033,1055,36.5,68.13660519,25.031,19.545,71.62,1.538,0.01407,21.194,12.66,it_measured_hpl,A1,9,9,1,0.078,1.0,evaporative,1.3,A1,0.9991794913908439,12.66,12.670396169138195,2.5384474167160302,True
riken_kobe,2019-09-07T01:34:59.321185900+00:00,LC08_L1TP_110036_20190907_20190917_01_T1,L8_C1_L1TP_BT_B10,10.598,298.679,1.328,1052,1055,23.52,55.7837959,31.499,23.155,61.32,3.961,0.017596,25.566,,,,9,9,1,0.989,1.0,evaporative,1.3,A1,0.9991794913908439,,,,False
riken_kobe,2019-10-09T01:35:08.848637900+00:00,LC08_L1TP_110036_20191009_20191018_01_T1,L8_C1_L1TP_BT_B10,10.6,300.631,1.432,1055,1055,0.24,45.89624492,20.942,8.449,44.66,3.908,0.006816,13.761,,,,9,9,1,0.77,1.0,evaporative,1.3,A1,0.9991794913908439,,,,False
riken_kobe,2019-11-10T01:35:08.188587+00:00,LC08_L1TP_110036_20191110_20191115_01_T1,L8_C1_L1TP_BT_B10,10.6,292.905,0.882,1055,1055,6.0,35.88229358,16.128,6.835,54.08,2.086,0.006103,10.847,,,,9,9,1,0.005,1.0,evaporative,1.3,A1,0.9991794913908439,,,,False
riken_kobe,2020-01-13T01:34:57.133945+00:00,LC08_L1TP_110036_20200113_20200127_01_T1,L8_C1_L1TP_BT_B10,10.597,283.96,0.614,1050,1055,19.92,29.61240435,9.422,0.301,52.94,4.64,0.003845,4.867,,,,8,9,1,0.109,0.8888888888888888,evaporative,1.3,A1,0.9991794913908439,,,,False
riken_kobe,2020-03-17T01:34:36.751932+00:00,LC08_L1TP_110036_20200317_20200326_01_T1,L8_C1_L1TP_BT_B10,10.591,287.821,1.46,1055,1055,23.39,48.01082086,8.736,1.366,59.87,4.079,0.004153,4.876,,,,9,9,1,0.736,1.0,evaporative,1.3,A1,0.9991794913908439,,,,False
riken_kobe,2020-06-05T01:34:18.679319+00:00,LC08_L1TP_110036_20200605_20200608_01_T1,L8_C1_L1TP_BT_B10,10.586,296.191,1.755,1055,1055,49.97,68.08828505,25.906,19.217,66.62,2.969,0.013783,21.292,29.9,it_measured_hpl,A1,9,9,1,1.8590000000000002,1.0,evaporative,1.3,A1,0.9991794913908439,29.9,29.92455335365182,3.3978584803966405,True
riken_kobe,2020-08-24T01:34:51.557330+00:00,LC08_L1TP_110036_20200824_20200905_01_T1,L8_C1_L1TP_BT_B10,10.595,302.138,1.478,971,1055,21.92,59.15610656,31.122,25.226,70.93,1.415,0.019953,26.79,29.9,it_measured_hpl,A1,9,9,1,0.335,1.0,evaporative,1.3,A1,0.9991794913908439,29.9,29.92455335365182,3.3978584803966405,True
riken_kobe,2020-10-27T01:35:05.867941+00:00,LC08_L1TP_110036_20201027_20201106_01_T1,L8_C1_L1TP_BT_B10,10.599,295.21,1.196,1055,1055,0.64,39.80517271,17.821,10.689,63.03,1.972,0.007929,13.417,29.9,it_measured_hpl,A1,9,9,1,0.755,1.0,evaporative,1.3,A1,0.9991794913908439,29.9,29.92455335365182,3.3978584803966405,True
riken_kobe,2020-11-12T01:35:02.454224+00:00,LC08_L1TP_110036_20201112_20210317_01_T1,L8_C1_L1TP_BT_B10,10.599,289.812,1.133,992,1055,23.58,35.13041274,13.401,6.58,63.36,2.796,0.005997,9.432,29.9,it_measured_hpl,A1,9,9,1,-1.078,1.0,evaporative,1.3,A1,0.9991794913908439,29.9,29.92455335365182,3.3978584803966405,True
riken_kobe,2021-01-15T01:34:56.676546900+00:00,LC08_L1TP_110036_20210115_20210308_01_T1,L8_C1_L1TP_BT_B10,10.597,283.476,0.601,1046,1055,10.0,29.96939544,6.632,3.402,79.86,1.533,0.004802,4.683,29.9,it_measured_hpl,A1,8,9,1,0.39,0.8888888888888888,evaporative,1.3,A1,0.9991794913908439,29.9,29.92455335365182,3.3978584803966405,True
riken_kobe,2021-01-31T01:34:54.081964+00:00,LC08_L1TP_110036_20210131_20210306_01_T1,L8_C1_L1TP_BT_B10,10.596,284.837,0.939,932,1055,36.76,33.03282158,8.384,2.404,66.02,2.21,0.004473,5.103,29.9,it_measured_hpl,A1,9,9,1,0.682,1.0,evaporative,1.3,A1,0.9991794913908439,29.9,29.92455335365182,3.3978584803966405,True
riken_kobe,2021-02-16T01:34:50.526740+00:00,LC08_L1TP_110036_20210216_20210304_01_T1,L8_C1_L1TP_BT_B10,10.595,284.436,1.341,1055,1055,30.95,37.54145583,7.871,-2.016,49.65,6.041,0.003245,3.241,29.9,it_measured_hpl,A1,9,9,1,1.637,1.0,evaporative,1.3,A1,0.9991794913908439,29.9,29.92455335365182,3.3978584803966405,True
riken_kobe,2021-03-04T01:34:43.820398+00:00,LC08_L1TP_110036_20210304_20210312_01_T1,L8_C1_L1TP_BT_B10,10.593,287.766,1.555,1048,1055,37.7,43.05840177,11.193,4.57,63.72,2.769,0.005214,7.459,29.9,it_measured_hpl,A1,9,9,1,1.462,1.0,evaporative,1.3,A1,0.9991794913908439,29.9,29.92455335365182,3.3978584803966405,True
riken_kobe,2021-03-20T01:34:35.175948+00:00,LC08_L1TP_110036_20210320_20210328_01_T1,L8_C1_L1TP_BT_B10,10.591,290.306,1.551,967,1055,61.19,49.06364772,15.887,7.445,57.26,2.863,0.006365,11.001,29.9,it_measured_hpl,A1,9,9,1,1.069,1.0,evaporative,1.3,A1,0.9991794913908439,29.9,29.92455335365182,3.3978584803966405,True
riken_kobe,2021-04-05T01:34:31.455232+00:00,LC08_L1TP_110036_20210405_20210409_01_T1,L8_C1_L1TP_BT_B10,10.59,291.506,2.216,535,1055,67.63,55.00220379,12.757,4.445,56.98,7.341,0.005168,8.191,29.9,it_measured_hpl,A1,9,9,1,0.45200000000000007,1.0,evaporative,1.3,A1,0.9991794913908439,29.9,29.92455335365182,3.3978584803966405,True
riken_kobe,2021-04-21T01:34:24.743034+00:00,LC08_L1TP_110036_20210421_20210501_01_T1,L8_C1_L1TP_BT_B10,10.588,299.06,2.471,1031,1055,0.17,60.30747391,19.252,7.75,47.29,1.318,0.006499,12.699,29.9,it_measured_hpl,A1,9,9,1,2.466,1.0,evaporative,1.3,A1,0.9991794913908439,29.9,29.92455335365182,3.3978584803966405,True
riken_kobe,2021-05-23T01:34:26.057664+00:00,LC08_L1TP_110036_20210523_20210529_01_T1,L8_C1_L1TP_BT_B10,10.589,300.041,2.51,877,1055,8.21,67.13024078,22.718,15.107,62.17,2.055,0.010604,17.752,29.9,it_measured_hpl,A1,9,9,1,2.053,1.0,evaporative,1.3,A1,0.9991794913908439,29.9,29.92455335365182,3.3978584803966405,True
riken_kobe,2021-06-24T01:34:38.615827+00:00,LC08_L1TP_110036_20210624_20210630_01_T1,L8_C1_L1TP_BT_B10,10.592,300.107,1.462,389,1055,35.43,67.91390485,25.597,19.168,67.64,1.221,0.013742,21.156,29.9,it_measured_hpl,A1,9,9,1,0.424,1.0,evaporative,1.3,A1,0.9991794913908439,29.9,29.92455335365182,3.3978584803966405,True
riken_kobe,2021-07-26T01:34:46.587160900+00:00,LC08_L1TP_110036_20210726_20210803_01_T1,L8_C1_L1TP_BT_B10,10.594,302.771,1.384,837,1055,31.03,64.7105563,30.427,22.947,64.37,1.177,0.017373,25.095,29.9,it_measured_hpl,A1,9,9,1,0.951,1.0,evaporative,1.3,A1,0.9991794913908439,29.9,29.92455335365182,3.3978584803966405,True
riken_kobe,2021-08-27T01:34:57.921322+00:00,LC08_L1TP_110036_20210827_20210901_01_T1,L8_C1_L1TP_BT_B10,10.597,302.081,1.423,1023,1055,8.79,58.50861324,30.674,23.207,64.47,1.408,0.017651,25.337,29.9,it_measured_hpl,A1,9,9,1,0.442,1.0,evaporative,1.3,A1,0.9991794913908439,29.9,29.92455335365182,3.3978584803966405,True
riken_kobe,2021-10-14T01:35:11.301535+00:00,LC08_L1TP_110036_20211014_20211019_01_T1,L8_C1_L1TP_BT_B10,10.601,300.242,1.263,1055,1055,41.23,44.07797119,24.014,15.73,59.84,3.136,0.01104,18.594,29.9,it_measured_hpl,A1,9,9,1,0.484,1.0,evaporative,1.3,A1,0.9991794913908439,29.9,29.92455335365182,3.3978584803966405,True
riken_kobe,2021-10-30T01:35:11.954982+00:00,LC08_L1TP_110036_20211030_20211109_01_T1,L8_C1_L1TP_BT_B10,10.601,293.771,1.107,1055,1055,12.14,38.95377158,17.142,9.562,61.02,1.579,0.00735,12.561,29.9,it_measured_hpl,A1,9,9,1,0.489,1.0,evaporative,1.3,A1,0.9991794913908439,29.9,29.92455335365182,3.3978584803966405,True
riken_kobe,2021-11-15T01:35:07.162858+00:00,LC08_L1TP_110036_20211115_20211125_01_T1,L8_C1_L1TP_BT_B10,10.6,290.718,0.904,1052,1055,6.64,34.41135013,15.444,9.244,66.55,1.827,0.007194,11.65,29.9,it_measured_hpl,A1,9,9,1,0.481,1.0,evaporative,1.3,A1,0.9991794913908439,29.9,29.92455335365182,3.3978584803966405,True
