d,cross1,cross2,down,up,speed,phi,site,dw_minus_uw,cross_diff
2022-04-14,34.70957959944379,19.74002224689004,11.116479376397699,31.179647150103087,5.0372682517044804,70.56707495641564,epoch_google_new_albany,-20.063167773705388,14.969557352553753
2022-04-15,4.153633095238877,20.144197516243953,12.020509341215835,17.96197951644076,7.307697201481032,39.846096807865194,epoch_google_new_albany,-5.941470175224925,-15.990564421005075
2022-04-16,33.04813273263554,33.30618744010037,30.227528548529612,36.22573847167483,4.272741960452207,97.6832552120951,epoch_google_new_albany,-5.998209923145218,-0.2580547074648365
2022-04-17,12.552276429705879,6.36900288122212,13.957531665190547,8.612364479071724,2.612737596902077,230.29395908702523,epoch_google_new_albany,5.3451671861188235,6.183273548483759
2022-04-20,31.191166553316886,45.113325624678204,39.11757729013694,37.862842826060714,2.4644131716652704,332.82627090026944,epoch_google_new_albany,1.254734464076229,-13.922159071361317
2022-04-23,31.9671624673555,47.75167535822603,34.27567209001461,38.275158568997625,4.362787526518086,35.8602970953566,epoch_google_new_albany,-3.999486478983016,-15.78451289087053
2022-04-24,21.89813079751583,25.40464692215459,19.365431890172434,14.751064102443648,5.2559953585688906,26.968237319929585,epoch_google_new_albany,4.614367787728787,-3.506516124638761
2022-04-27,41.54980811228656,24.977644086157795,38.19896733895195,29.514444479208542,6.382858922454805,128.20010469511158,epoch_google_new_albany,8.68452285974341,16.572164026128767
2022-04-29,41.431874278479086,56.80873480497442,64.07752592766664,56.5424739969191,2.391779847725341,276.37147279228793,epoch_google_new_albany,7.535051930747542,-15.376860526495335
2022-05-02,48.92125201531141,34.78529516952874,43.40615893777448,44.124260667045405,3.26530413180075,87.91649580427696,epoch_google_new_albany,-0.7181017292709271,14.135956845782673
2022-05-08,25.02030405460862,37.85017006961473,35.194542774008006,28.089672819410808,2.927560294868587,268.34958539579293,epoch_google_new_albany,7.1048699545971985,-12.829866015006107
2022-05-09,27.755437733347748,26.963789265192947,37.55210425652996,25.557045672425833,3.489867965906115,317.4967987426403,epoch_google_new_albany,11.995058584104125,0.7916484681548006
2022-05-10,30.496136971646543,51.519290640113965,40.81023652895516,40.482513597178084,3.226839105006158,338.5642027849318,epoch_google_new_albany,0.3277229317770747,-21.023153668467423
2022-05-11,35.555041201991756,39.94355622165719,44.94660027907658,27.447312801325957,2.5768263147441774,271.3357369546531,epoch_google_new_albany,17.49928747775062,-4.388515019665434
2022-05-12,44.49643208445104,57.821028886671755,50.98346368428369,52.47373945106051,3.321629767755909,289.50013029723823,epoch_google_new_albany,-1.4902757667768185,-13.324596802220718
2022-05-13,42.48977254505058,51.39779365677578,54.5302047551377,41.723859819760456,2.065289970896154,325.9357571529207,epoch_google_new_albany,12.806344935377247,-8.908021111725205
2022-05-15,39.74743905768546,30.725878408712894,35.17941056022991,41.50968171835026,2.0450794123658755,98.22116405447866,epoch_google_new_albany,-6.330271158120347,9.021560648972567
2022-05-16,40.519170238537555,26.360858520678473,33.73793463226276,28.363138764035575,4.952949673506772,98.63871417311913,epoch_google_new_albany,5.3747958682271815,14.158311717859082
2022-05-17,42.754004434215986,25.934048325586698,33.62991678222602,23.39340056861438,4.675384615212788,128.18904413525547,epoch_google_new_albany,10.23651621361164,16.819956108629288
2022-05-19,24.954710388101905,34.01098245129388,25.03914446509519,31.856179616069596,3.657950897452275,43.251580065180576,epoch_google_new_albany,-6.817035150974405,-9.056272063191972
2022-05-25,39.41057195197773,39.87751517951781,45.47283596782766,40.34998769082822,4.123147539776159,324.5347407661189,epoch_google_new_albany,5.1228482769994415,-0.466943227540078
2022-05-29,14.285945808613107,25.307323189547862,19.591374999529254,17.83405853512576,3.1953997944915113,1.5560227011084748,epoch_google_new_albany,1.7573164644034946,-11.021377380934755
2022-05-30,26.205450809606567,22.347793081634553,26.30442298993148,27.579466691613728,4.058547553276188,19.584169401503573,epoch_google_new_albany,-1.2750437016822467,3.857657727972015
2022-05-31,27.329982772533327,21.83342612720836,26.65918974089795,33.05859777255079,3.981163316462378,50.70995964587121,epoch_google_new_albany,-6.39940803165284,5.496556645324969
2022-06-03,36.79001026042515,27.334555604823052,31.106565758818398,27.592807608026057,2.9352278177226165,126.9992549885041,epoch_google_new_albany,3.5137581507923414,9.455454655602097
2022-06-05,28.521106214322927,30.917950267005075,26.91309939585153,24.273453124615287,2.418300501920331,343.56215849595935,epoch_google_new_albany,2.6396462712362414,-2.396844052682148
2022-06-06,29.439747534350488,20.46485161416732,20.402454554098718,24.85508859792322,4.910772209780164,7.630554647520114,epoch_google_new_albany,-4.452634043824503,8.974895920183169
2022-06-08,73.97043369907668,57.87956254818534,73.98681600385632,78.14377473584486,2.4553503534938503,358.37968848941927,epoch_google_new_albany,-4.156958731988539,16.09087115089134
2022-06-14,38.323656205007026,40.761310543693476,47.065710502856625,43.51320470935599,2.9289888340537633,125.07548284506368,epoch_google_new_albany,3.552505793500636,-2.4376543386864498
2022-06-15,13.231811367044067,29.4388483473426,21.68979443097009,20.23785452144335,3.192943479840557,34.628159177887596,epoch_google_new_albany,1.4519399095267396,-16.207036980298533
2022-06-16,25.032971019433454,19.517100999708052,22.948311829495868,31.988008013379144,3.969036380606467,83.15366174273777,epoch_google_new_albany,-9.039696183883276,5.515870019725401
2022-06-17,65.79318030874084,48.352792907672296,49.94639574813814,51.93122522310578,5.3884615678498164,126.96310885391,epoch_google_new_albany,-1.9848294749676398,17.44038740106855
2022-06-18,15.769254465898024,13.604524202783352,22.017403286324353,20.514708498901914,4.76217569837851,173.36981758506658,epoch_google_new_albany,1.5026947874224383,2.164730263114672
2022-06-19,17.72254449267512,16.036584218097268,17.725424350444804,15.064219692742391,2.301113490092763,161.1897764836823,epoch_google_new_albany,2.661204657702413,1.6859602745778517
2022-06-21,53.08916060534263,48.75834946516328,49.87989399896884,53.9396161260509,3.6839169649504453,61.07708339787132,epoch_google_new_albany,-4.059722127082061,4.33081114017935
2022-06-22,37.39814960647839,30.54076917996611,37.51327220692257,39.18250411334888,3.844474905966846,121.28519740674733,epoch_google_new_albany,-1.6692319064263046,6.857380426512282
2022-06-23,18.664535543521303,24.855819448131722,31.275051036410375,21.633228009872536,3.3471405496489823,170.9367063429171,epoch_google_new_albany,9.641823026537839,-6.191283904610419
2022-06-27,36.70177252246801,27.58396164540194,25.697163768845957,21.28657493826238,3.9965669931960623,125.73938669069003,epoch_google_new_albany,4.410588830583578,9.117810877066074
2022-06-30,36.727388515398026,38.85275597634156,43.413282241171004,38.71925372103368,2.9422264482909837,17.23003649147853,epoch_google_new_albany,4.694028520137323,-2.1253674609435365
2022-07-01,26.7221925455232,30.503476924924023,29.330483574471124,33.29027393537694,4.862304721623929,58.337122862365845,epoch_google_new_albany,-3.9597903609058136,-3.781284379400823
2022-07-02,61.49873289302318,46.447164910321796,42.49678183796201,44.2873696434763,2.66491330135004,136.80905294534705,epoch_google_new_albany,-1.790587805514292,15.051567982701386
2022-07-04,46.70374594538144,48.977517053531884,32.06257512693574,80.58345050967664,2.2980325015634517,334.06659924750574,epoch_google_new_albany,-48.5208753827409,-2.2737711081504415
2022-07-07,36.22206969014387,27.997628539687117,26.66482484081362,26.942474442800567,2.212873101186628,151.37491393768244,epoch_google_new_albany,-0.27764960198694766,8.224441150456752
2022-07-09,38.22180837576909,42.44453565366852,53.29388867863648,19.786660488325307,3.409428575686103,217.89965026066074,epoch_google_new_albany,33.50722819031117,-4.222727277899423
2022-07-11,9.917023391798184,14.767692870979255,10.194371259996963,12.693064850914684,4.154887258004127,40.60696617703201,epoch_google_new_albany,-2.4986935909177213,-4.850669479181072
2022-07-12,24.9846108835263,18.02896717161088,16.888601791056463,25.367253122706696,4.683520436390452,102.27595214942937,epoch_google_new_albany,-8.478651331650234,6.955643711915421
2022-07-13,42.80952208378265,40.67467620027832,52.43799533149701,27.66365549791444,2.944743864406413,81.3103956907791,epoch_google_new_albany,24.774339833582566,2.134845883504333
2022-07-14,49.04954833901255,8.250244174068511,34.73998362765532,25.769606788293615,2.1039619619922023,177.13994997768782,epoch_google_new_albany,8.970376839361705,40.79930416494404
2022-07-21,33.42778482350003,26.390879231426986,25.117736050479195,33.7686031199796,4.31108597749402,98.10460631069958,epoch_google_new_albany,-8.650867069500407,7.036905592073047
2022-07-22,45.78749559326804,40.362941210243044,33.75727420484147,38.535024730624514,3.5244102982052037,103.73198297806573,epoch_google_new_albany,-4.777750525783041,5.424554383024997
2022-07-27,41.44491747482844,43.748503432493045,44.684610834166946,49.066200889115,3.623188633359371,45.01143171962349,epoch_google_new_albany,-4.381590054948056,-2.303585957664602
2022-07-28,39.552806455430236,33.667471744363944,42.534058232697674,35.59672927041448,3.4881987385058895,89.59922375315,epoch_google_new_albany,6.937328962283196,5.885334711066292
2022-07-31,34.06955151901841,28.872568390259588,26.591614575823915,34.15374342629567,2.3512894395507953,351.249554953261,epoch_google_new_albany,-7.562128850471755,5.1969831287588235
2022-08-03,36.404258166663986,44.92062288608682,36.069262743132214,41.789203504402195,4.1992043107153245,29.34809647233135,epoch_google_new_albany,-5.7199407612699815,-8.516364719422832
2022-08-12,12.597201556375413,13.746646533545267,17.432244970124806,10.232322675237837,2.535637223604424,199.7463415117247,epoch_google_new_albany,7.199922294886969,-1.1494449771698534
2022-08-15,20.914210827248183,23.709983010016835,26.1622143744075,17.78626703950403,3.4129408562234937,192.92182251816632,epoch_google_new_albany,8.375947334903472,-2.7957721827686512
2022-08-22,33.136974061368065,25.081516153848543,26.102851763195332,29.24042416895314,3.7222068694924113,138.67087058082421,epoch_google_new_albany,-3.1375724057578083,8.055457907519521
2022-08-23,34.6416588265627,27.81432299696661,37.81954743579211,27.958168632355537,2.749472621720368,92.51408296684627,epoch_google_new_albany,9.861378803436573,6.8273358295960875
2022-08-25,28.942532380945355,22.611659077376352,32.036475805288354,34.028392633507025,2.7360934790747513,56.626269252334566,epoch_google_new_albany,-1.9919168282186703,6.330873303569003
2022-08-28,27.439785311713948,34.5834159736703,30.850898658203874,31.686231455392274,2.677081733131025,344.9658722766972,epoch_google_new_albany,-0.8353327971883999,-7.143630661956351
2022-08-29,23.315871761457977,31.382086639405916,20.398597185284604,9.625427965667367,3.838215646429615,28.665067438550693,epoch_google_new_albany,10.773169219617238,-8.066214877947939
2022-08-30,32.350220213401975,27.415887815482044,22.88771431088589,24.35342249094061,4.871104110878686,111.3640348064518,epoch_google_new_albany,-1.465708180054719,4.934332397919931
2022-08-31,25.7390390054209,19.03400475083971,18.521404829756573,28.041611589540018,3.5345250844054408,111.26468958010986,epoch_google_new_albany,-9.520206759783445,6.705034254581189
2022-09-02,28.10065672246424,28.28607072016005,16.9845034745002,18.184782546237333,2.277592744005818,331.4332716920656,epoch_google_new_albany,-1.2002790717371319,-0.1854139976958109
2022-09-07,31.054555054151727,29.307168961132113,25.433323097323033,26.47197304712411,3.0590408892216745,169.13036769600785,epoch_google_new_albany,-1.0386499498010764,1.747386093019614
2022-09-09,32.78887315630995,37.49396392190533,29.764576183563687,32.08568411419237,2.5399897314133444,332.1338613507911,epoch_google_new_albany,-2.3211079306286813,-4.705090765595386
2022-09-10,27.675502104408647,25.785504577600165,20.026277165948652,30.294684903010022,3.421613593331108,332.6935466036423,epoch_google_new_albany,-10.26840773706137,1.8899975268084823
2022-09-12,31.647216249450445,33.1819034648831,29.085912701067446,31.6134124946104,3.646677720677398,76.87651503082117,epoch_google_new_albany,-2.5274997935429546,-1.5346872154326547
2022-09-18,39.12117325292847,44.570001240738364,42.053409442109675,40.17184954966008,3.7313434891559045,45.008946563229586,epoch_google_new_albany,1.8815598924495944,-5.448827987809892
2022-09-26,35.542867239213855,9.382756290932797,10.398186661085093,27.370302528295195,6.154357126539005,96.5041055066032,epoch_google_new_albany,-16.9721158672101,26.16011094828106
2022-09-30,44.27850462036554,40.046935874709575,31.270029286271207,36.44434218759282,3.8504739526815452,221.74355345470687,epoch_google_new_albany,-5.17431290132161,4.231568745655963
2022-10-02,27.020174071613383,24.717605391816438,28.707217253110766,22.011776226318904,5.327853402514632,202.60738755774912,epoch_google_new_albany,6.695441026791862,2.302568679796945
2022-10-03,32.64423266068302,31.40932554355685,35.30374582579686,34.09578013314792,3.4325072864422705,209.00690772321676,epoch_google_new_albany,1.2079656926489406,1.2349071171261734
2022-10-04,49.14825192952691,50.37042294156904,55.8043318780201,50.76487043130699,3.277846906370886,174.3829720433116,epoch_google_new_albany,5.039461446713112,-1.222171012042132
2022-10-06,55.37236106002957,70.606269164825,79.72655685344918,108.90152256751821,2.704263053642962,58.25859021123449,epoch_google_new_albany,-29.17496571406903,-15.233908104795425
2022-10-08,41.47444470030488,25.15008052491598,33.889769234633185,38.631280780521124,2.741136627963976,94.05011100799663,epoch_google_new_albany,-4.741511545887938,16.3243641753889
2022-10-09,32.74949262385212,29.421472638619075,29.383978708450076,30.97929551881011,3.4924363741597615,70.79074864888503,epoch_google_new_albany,-1.595316810360032,3.3280199852330448
2022-10-10,59.79092303826996,39.255067613889906,42.64227553270438,64.1896438454341,2.0358799182077694,67.50092833433382,epoch_google_new_albany,-21.547368312729724,20.535855424380053
2022-10-11,29.79642976795733,50.61607135715572,36.361368582637965,31.091259566742284,3.3020098440389782,355.9608072551629,epoch_google_new_albany,5.270109015895681,-20.819641589198387
2022-10-12,30.175902437257008,31.196607831368432,37.4763809030956,41.83263177433919,5.2734177092615715,15.955005937633075,epoch_google_new_albany,-4.356250871243589,-1.020705394111424
2022-10-13,31.023548131419624,5.232971943315684,20.645520543054584,28.21326960793492,5.6907276791318475,77.66850118003993,epoch_google_new_albany,-7.567749064880335,25.79057618810394
2022-10-14,40.18679856225824,45.59422534731074,56.820858937111495,43.264353794818355,5.765997337153517,50.02579348804608,epoch_google_new_albany,13.55650514229314,-5.4074267850525
2022-10-15,20.621039880420717,12.797208061439774,4.278838207278052,10.348982008851676,3.5489735208850988,73.6957688951145,epoch_google_new_albany,-6.070143801573624,7.823831818980944
2022-10-16,26.604280845479348,40.97266691376585,33.66507258064271,38.380785266308486,4.420330154044099,44.65106363660942,epoch_google_new_albany,-4.715712685665778,-14.368386068286501
2022-10-20,87.55078246790204,117.1589293358603,110.1031742804122,111.5005201982326,5.0076030338571345,58.76110728943246,epoch_google_new_albany,-1.3973459178204024,-29.608146867958254
2022-10-21,50.16280528314019,49.7755189606294,48.74677090502328,44.57889985427889,5.389371423658858,14.846248388194738,epoch_google_new_albany,4.167871050744395,0.3872863225107892
2022-10-22,30.51717795654408,42.462746744218435,31.64557820786066,31.501012443902344,3.783663582254922,351.84625567200254,epoch_google_new_albany,0.14456576395831533,-11.945568787674354
2022-10-23,37.23864915783754,40.793648178403465,44.299084952617065,41.229725597268086,2.946601592968826,334.8205230792645,epoch_google_new_albany,3.069359355348979,-3.5549990205659228
2022-10-24,54.097009392077304,71.26040644175232,57.03487349193957,63.75482582788863,2.977097313627379,344.9044912804209,epoch_google_new_albany,-6.71995233594906,-17.16339704967502
2022-10-27,43.20151515512366,45.78092614741701,46.577740942625994,43.78306690256813,3.0385619211132187,227.8976383287429,epoch_google_new_albany,2.7946740400578634,-2.5794109922933544
2022-10-29,48.10551467102141,54.88928598045043,53.437218647008294,49.560707581660566,2.0441866391583208,300.3797708986415,epoch_google_new_albany,3.876511065347728,-6.783771309429021
2022-11-04,36.40455874368456,44.82889697709894,49.316121786328054,42.8693201839747,4.815214070791711,8.033136813921772,epoch_google_new_albany,6.446801602353354,-8.424338233414382
2022-11-06,30.09698884585199,53.61128531388687,45.90797963678082,30.052771485311336,4.918922927066342,39.111847724597794,epoch_google_new_albany,15.855208151469487,-23.51429646803488
2022-11-07,53.118125077461016,39.18779953108067,49.98045378522194,28.875847420261415,2.774884142545344,164.06209377258506,epoch_google_new_albany,21.104606364960524,13.930325546380345
2022-11-08,33.73988661267463,44.39833251921726,37.70752918678179,32.34483597665029,3.635373477096528,237.71492959829794,epoch_google_new_albany,5.3626932101315035,-10.658445906542632
2022-11-09,58.69650274491602,66.70764336540822,55.945104373364906,52.792416729256296,3.1359467309435285,335.97358756650186,epoch_google_new_albany,3.1526876441086102,-8.011140620492199
2022-11-10,46.868330602455664,62.47991963286751,58.769831658846215,49.22078303113269,3.212982999503099,353.4235187286079,epoch_google_new_albany,9.549048627713525,-15.611589030411842
2022-11-19,59.692399642395976,74.20447202762479,63.40035251797432,53.66151660787487,5.735702316254137,37.498007771985385,epoch_google_new_albany,9.738835910099446,-14.512072385228812
2022-11-20,49.25730592858454,34.37471620341712,46.27860691256513,49.72892833065633,3.1464293517963426,83.99924311152483,epoch_google_new_albany,-3.4503214180911996,14.88258972516742
2022-11-21,35.793810612377044,66.15319653809676,50.69369587960404,45.56344373633452,5.028166192286857,29.769089511641482,epoch_google_new_albany,5.130252143269523,-30.35938592571972
2022-11-22,95.31659675327133,121.63881409595147,126.9710974687905,101.83965006669168,3.711545548602179,29.902830653882233,epoch_google_new_albany,25.13144740209883,-26.322217342680148
2022-11-23,49.202723313180805,129.68103472399724,86.85631449603046,85.03516951766704,2.374530048457489,25.732156187226224,epoch_google_new_albany,1.8211449783634208,-80.47831141081645
2022-11-25,39.75004515323297,26.33061497576494,31.662604936365273,31.60718642312912,3.6012688140096865,127.4561139874844,epoch_google_new_albany,0.05541851323615177,13.419430177468026
2022-11-26,39.837947204409296,60.15276399800486,54.61402978882807,44.29871855354037,2.1337970752009894,10.989818921068604,epoch_google_new_albany,10.315311235287702,-20.31481679359556
2022-11-30,48.983407543060224,41.32791489795132,37.54111045601716,51.99485941831576,6.378964707749443,87.91288752463367,epoch_google_new_albany,-14.453748962298604,7.655492645108907
2022-12-03,41.03643655635195,46.80936037452042,39.89153925422639,39.258103314434905,5.062150997101305,119.21514287340568,epoch_google_new_albany,0.6334359397914824,-5.772923818168472
2022-12-04,40.047157938513955,56.81656233865113,53.702152941390935,57.49822195025052,2.552302971661205,46.94658492228319,epoch_google_new_albany,-3.7960690088595825,-16.769404400137176
2022-12-05,42.42576336937389,48.34008123812566,45.86982202793511,40.39855422298303,2.9513840428675655,346.64844932034276,epoch_google_new_albany,5.4712678049520775,-5.914317868751773
2022-12-09,33.88135755959218,50.96798659737374,42.30445233756208,41.761123623164586,3.3111917893104827,261.38170147890816,epoch_google_new_albany,0.5433287143974965,-17.086629037781556
2022-12-13,42.9240211966929,66.25602475254061,65.60913227098244,45.67703555491286,2.48225534989963,281.90766824733004,epoch_google_new_albany,19.93209671606958,-23.332003555847713
2022-12-30,76.64739182454063,88.68732061746314,94.54470683635716,78.94906597373502,3.2882718160312225,9.282851413748915,epoch_google_new_albany,15.595640862622147,-12.03992879292251
2023-01-19,21.57970681233122,25.915936695205982,17.164883337915338,26.215961013004314,5.631436768773368,45.30089129311489,epoch_google_new_albany,-9.051077675088976,-4.336229882874761
2023-02-03,22.502750204966883,7.3390267964808675,12.312055964410428,16.844731196598985,5.008483174795517,139.3255848121234,epoch_google_new_albany,-4.5326752321885575,15.163723408486016
2023-02-04,28.27579998940523,43.51753013448382,38.21636245027114,35.08523535050413,5.07149168525696,17.63359612069047,epoch_google_new_albany,3.1311270997670135,-15.241730145078591
2023-02-05,24.402118101323506,22.753063055482365,24.256491412169517,23.765038105171772,6.092830634150548,43.62280870471386,epoch_google_new_albany,0.4914533069977445,1.6490550458411413
2023-02-09,34.222722399898196,38.83282542785493,48.014614113342745,30.79185329897587,8.019775705717258,30.981143504933925,epoch_google_new_albany,17.222760814366875,-4.6101030279567325
2023-02-12,36.64389892546497,28.789349414170406,25.63350092269829,33.072915455710245,2.3528126148676636,189.96114095731855,epoch_google_new_albany,-7.439414533011956,7.854549511294561
2023-02-13,102.0430163957379,51.098514718484374,76.13050620466393,66.83814646619184,5.089956592149413,90.88057567033707,epoch_google_new_albany,9.292359738472086,50.94450167725352
2023-02-15,40.38179523458719,39.33699216140735,50.766373325480465,51.00471811296572,6.870977411947676,53.02375497362766,epoch_google_new_albany,-0.23834478748525356,1.0448030731798355
2023-02-18,17.214955571284765,30.237740414228988,24.5214259858933,31.217071880342008,4.837281052908016,32.67286677766924,epoch_google_new_albany,-6.69564589444871,-13.022784842944223
2023-02-19,13.444859394759295,24.5856275561237,30.017737281545106,20.74518423820984,6.270370109240507,42.327456672835524,epoch_google_new_albany,9.272553043335265,-11.140768161364406
2023-02-21,31.583751402956267,27.785901540981687,19.59539285825096,-1.3817657275328286,5.751804419950935,98.84503221466593,epoch_google_new_albany,20.97715858578379,3.79784986197458
2023-02-23,40.960772806816,44.30497361539153,33.947605319974116,44.19839970284008,7.050303707406724,62.44628261443455,epoch_google_new_albany,-10.250794382865962,-3.344200808575529
2023-02-24,56.11853056327964,50.72766796757582,59.88538864492638,40.43518408947728,2.7628243514986766,164.1796998695795,epoch_google_new_albany,19.450204555449098,5.3908625957038225
2023-02-25,85.76882043751144,76.8834928026572,63.008995677861776,77.03231098084582,2.360717614950221,96.6807317898789,epoch_google_new_albany,-14.023315302984045,8.885327634854235
2023-02-26,47.74116586928016,38.961424189926625,41.637783996775404,46.62552958357998,3.5265995660561287,89.30039266626454,epoch_google_new_albany,-4.987745586804579,8.779741679353535
2023-03-01,54.910306215524294,74.54241236067162,72.83429059110487,56.266961692260466,3.6098019234539787,24.740006213327263,epoch_google_new_albany,16.56732889884441,-19.632106145147326
2023-03-02,50.3573289893943,39.33246353187088,42.266842905960104,44.89339436583344,3.345836563159584,139.1035659766979,epoch_google_new_albany,-2.6265514598733333,11.024865457523418
2023-03-04,48.06171196050713,31.03005924199135,36.325659736663134,42.57506367266156,2.6484896748348516,88.40300043646471,epoch_google_new_albany,-6.249403935998423,17.031652718515783
2023-03-07,51.60431803020585,41.654400410407504,49.852181700672276,41.412153384741046,5.452254088874674,183.37007641714098,epoch_google_new_albany,8.44002831593123,9.949917619798349
2023-03-08,32.058013519519086,26.769364102110735,34.426596395648,24.900259317358735,3.328763427935621,189.85081600736436,epoch_google_new_albany,9.526337078289263,5.288649417408351
2023-03-09,21.372732825162455,28.32205588527047,34.193347258327734,23.260813108159052,2.554240237377752,243.3509887620404,epoch_google_new_albany,10.932534150168681,-6.949323060108014
2023-03-18,21.744440225074655,10.533131986449456,16.248211750658438,6.797725634155415,6.456713757262507,91.14636357283945,epoch_google_new_albany,9.450486116503022,11.211308238625199
2023-03-20,38.48864187442055,75.98443884880624,54.284862492305784,47.90603139386927,4.566928553891679,35.513788422582536,epoch_google_new_albany,6.378831098436514,-37.495796974385684
2023-03-21,27.86709968100246,43.43751206237452,43.28426704341122,31.265567968902847,3.2742125181499713,9.921050900789908,epoch_google_new_albany,12.018699074508373,-15.570412381372062
2023-04-03,51.75734650136441,54.24448960047074,44.47729409616598,48.35829392998705,4.231556201963675,27.264233283858744,epoch_google_new_albany,-3.880999833821072,-2.4871430991063335
2023-04-04,37.339335237113026,49.12469305427282,41.89736443436615,41.13426571491899,3.592565625421045,357.5885044516075,epoch_google_new_albany,0.7630987194471643,-11.785357817159792
2023-04-09,13.649606246037557,18.237384825114344,16.181899891347406,18.366173852957132,2.4638822528054964,225.74470433045278,epoch_google_new_albany,-2.184273961609726,-4.587778579076787
2023-04-11,86.620248795152,56.05090563980023,56.07300167959908,70.78000950407855,3.330423861125266,75.66184320012644,epoch_google_new_albany,-14.707007824479469,30.569343155351767
2023-04-12,54.640791490042965,53.0878132531986,57.92561652986,61.412196939549844,4.3826741688970605,65.04919048503757,epoch_google_new_albany,-3.486580409689843,1.5529782368443676
2023-04-13,46.24831380290778,58.87848307308682,54.110056312822756,57.935944270507214,2.3033617460911993,33.59832378337785,epoch_google_new_albany,-3.8258879576844578,-12.630169270179039
2023-04-15,38.47269535534377,34.84220403786951,38.943784820379605,33.95225458793706,2.4716224613845537,64.75632751692649,epoch_google_new_albany,4.991530232442543,3.6304913174742595
2023-04-18,65.99380003581393,31.23205154065123,43.975648766383685,40.7856952958671,5.245558857971468,92.49521788854497,epoch_google_new_albany,3.189953470516585,34.761748495162706
2023-04-19,35.078109393445594,46.72380032521599,40.357253290247264,35.8634092324527,2.4262030484298758,351.7574094492828,epoch_google_new_albany,4.493844057794561,-11.645690931770396
2023-04-20,30.00869916782524,48.31224133229108,41.90897655983692,33.64350096809901,5.139719614534148,29.830181584948605,epoch_google_new_albany,8.26547559173791,-18.30354216446584
2023-05-05,22.575828432155912,34.47806084261019,35.069902019639194,27.016809034869745,2.223943491786878,292.53277495488555,epoch_google_new_albany,8.05309298476945,-11.902232410454278
2023-05-07,57.55079926812195,51.68694132497136,50.78730849725364,55.10469971009058,4.015449422041161,89.30260921562927,epoch_google_new_albany,-4.317391212836938,5.863857943150592
2023-05-09,26.326496008687812,19.591260610472865,23.55103070234325,21.46736415307679,4.151090812050281,176.99700135200465,epoch_google_new_albany,2.0836665492664608,6.735235398214947
2023-05-13,33.15111128719608,32.328091877550534,24.11082705973717,29.98585560415258,3.191462721408554,240.40370412835017,epoch_google_new_albany,-5.875028544415411,0.8230194096455463
2023-05-17,1.1398970251128135,-0.5703570790255886,10.693831165827984,-0.432796423319071,3.5075504007611245,200.45305077469172,epoch_google_new_albany,11.126627589147054,1.7102541041384023
2023-05-20,18.408341678599175,14.25650483164138,16.875251795538535,14.262877672367138,4.756036958485275,126.78550493628904,epoch_google_new_albany,2.6123741231713975,4.151836846957796
2023-05-21,21.516151426316434,17.80915873738321,16.13009830516803,22.001163115826387,2.6967117796136493,137.79051319673022,epoch_google_new_albany,-5.871064810658357,3.706992688933223
2023-05-23,24.569759423594842,40.17811994785884,31.530862033330642,25.76647081925326,2.548466999555296,335.0473634904322,epoch_google_new_albany,5.764391214077381,-15.608360524263997
2023-05-24,21.161462924547003,32.176908522302725,33.1241025916985,25.38158350676229,3.4962400594007383,181.82786189062298,epoch_google_new_albany,7.742519084936212,-11.015445597755722
2023-05-25,19.784435857954684,25.959514429260324,26.295127566776205,25.42135908047286,4.081019438424545,216.78553505532602,epoch_google_new_albany,0.8737684863033444,-6.17507857130564
2023-05-26,29.522589237465922,35.141965874474074,28.854553396028376,23.06745306462649,3.377169636964487,237.72807081406023,epoch_google_new_albany,5.787100331401884,-5.619376637008152
2023-05-30,32.788786147798874,33.50133679990626,37.98654050335843,35.871795420562904,2.5771765539339517,301.7731199538069,epoch_google_new_albany,2.1147450827955225,-0.7125506521073888
2023-06-01,39.86954741789357,38.30522700795458,40.24858840346742,35.914955892144356,2.750715103769504,257.08499798340705,epoch_google_new_albany,4.333632511323067,1.5643204099389934
2023-06-02,33.12879598039831,28.054315655895795,37.706155177822275,31.985758434361266,3.0914453746247967,216.30040458380446,epoch_google_new_albany,5.720396743461009,5.074480324502513
2023-06-04,31.66620889020392,28.596108943027357,32.975902163989595,25.6490390773655,3.5819090237920705,220.18983468562246,epoch_google_new_albany,7.326863086624094,3.070099947176562
2023-06-07,21.669789396973282,17.755488430477474,25.493714338756106,16.614759064137488,3.7728589287434944,170.04456628322555,epoch_google_new_albany,8.878955274618619,3.9143009664958086
2023-06-10,44.56150965716227,38.99387834911917,34.63793497046072,40.25686557376384,2.6484203777741735,90.62655708449927,epoch_google_new_albany,-5.61893060330312,5.567631308043097
2023-06-17,22.882825711137833,20.022949657494372,15.962639257725291,23.539169537050984,2.847759134366489,138.64628242586662,epoch_google_new_albany,-7.576530279325693,2.859876053643461
2023-06-21,32.134683208235934,27.353051031301842,31.19673945164094,28.016792457890336,4.891232608906118,266.79358837710754,epoch_google_new_albany,3.1799469937506046,4.781632176934092
2023-06-24,24.35147711015275,22.342073491049593,16.580833705023462,23.639244155412175,2.133029032164299,132.8498876532633,epoch_google_new_albany,-7.058410450388713,2.009403619103157
2023-06-29,27.901686139210643,34.33395133612818,28.38326013853325,30.36493964558964,2.6711006950841205,10.705408153671158,epoch_google_new_albany,-1.9816795070563913,-6.4322651969175375
2023-07-07,15.43785280465273,14.938106621745048,21.8903199643189,11.955314770957193,2.2845268204381886,170.16176543326787,epoch_google_new_albany,9.935005193361706,0.4997461829076819
2023-07-10,34.371362121144756,25.689012297487828,28.64094842646996,26.760885486611414,2.3234800801068394,118.03551251867287,epoch_google_new_albany,1.880062939858547,8.682349823656928
2023-07-11,35.54897284785428,30.664150909891493,36.467940240369465,33.34228937693327,3.787291036332203,67.09388143419051,epoch_google_new_albany,3.125650863436192,4.884821937962787
2023-07-13,33.815249992577364,33.34710522552207,29.863788945045297,31.790851686852918,2.2496837072062315,110.56373203609917,epoch_google_new_albany,-1.927062741807621,0.46814476705529273
2023-07-20,21.785454373570627,25.914717972360123,32.81024110536004,29.050255120458008,3.8037807352376416,39.12273458779492,epoch_google_new_albany,3.759985984902034,-4.129263598789496
2023-07-21,42.488085365753264,21.683520326885958,17.58258585805443,33.19772171354698,3.4336294477919007,150.69361419004252,epoch_google_new_albany,-15.615135855492554,20.804565038867306
2023-07-23,14.133792636244223,19.9102269742408,15.596188546920354,18.33123514318888,2.8709019517109033,24.55858956049849,epoch_google_new_albany,-2.7350465962685266,-5.776434337996577
2023-07-26,27.509864391558647,36.32483743415507,34.159663793667264,33.78563267634087,4.208623785748633,12.229046583597324,epoch_google_new_albany,0.37403111732639616,-8.814973042596424
2023-07-31,37.32616244900129,29.24059372392633,20.974147740878472,16.15006589249643,2.8505245877535237,176.29244184880235,epoch_google_new_albany,4.824081848382043,8.085568725074957
2023-08-04,24.82885065873805,27.388316177450992,20.738577224531845,24.23510964668574,2.416762658175805,130.2181002089432,epoch_google_new_albany,-3.4965324221538943,-2.5594655187129405
2023-08-08,31.0283308202343,10.975093968453324,12.86122811847172,21.86043203961469,3.649857391045515,101.3981542693511,epoch_google_new_albany,-8.99920392114297,20.053236851780973
2023-08-11,9.378527496582286,13.100039072072398,22.92513834027373,17.0141953854461,2.868349706447102,46.117225894495846,epoch_google_new_albany,5.910942954827629,-3.721511575490112
2023-08-12,23.584940632463894,21.716868147247386,24.754877537683587,26.514883946629592,4.169296589729321,47.286908377664076,epoch_google_new_albany,-1.7600064089460048,1.8680724852165085
2023-08-13,12.98433062813927,24.315164260863828,25.953690098923072,29.003451431889403,3.40992579894733,78.592168749991,epoch_google_new_albany,-3.0497613329663302,-11.330833632724557
2023-08-20,29.10532344177548,31.922987759672257,28.441018419629064,30.918189741614615,2.0285472548488377,33.797646812891,epoch_google_new_albany,-2.4771713219855513,-2.817664317896778
2023-08-22,25.49869280289259,24.607335070457808,32.32378472205991,19.668683407223014,2.5022649639659784,197.65969630024802,epoch_google_new_albany,12.655101314836898,0.8913577324347841
2023-08-23,35.5599700585177,26.454548076716232,17.484686321461304,43.53340416178706,3.6908196661975414,71.94868801074642,epoch_google_new_albany,-26.048717840325757,9.105421981801467
2023-08-24,34.741326329677364,45.90698784432904,39.79673010521688,43.851653966728854,4.745697521222099,68.73677526054195,epoch_google_new_albany,-4.054923861511973,-11.165661514651674
2023-08-25,29.82222798193373,24.534482708925218,30.527664970973028,28.645040710678767,3.7704180807740664,158.69108898579339,epoch_google_new_albany,1.8826242602942607,5.287745273008511
2023-08-27,17.183785438506522,17.027094376494144,25.01943930552942,15.172284616135258,2.7127677712951965,210.83414792491658,epoch_google_new_albany,9.847154689394163,0.1566910620123778
2023-08-28,37.073814291322954,24.321403064498202,36.47663660026391,27.256599499318217,2.866063604752165,184.20279686647848,epoch_google_new_albany,9.220037100945692,12.752411226824751
2023-08-31,22.291114315848017,14.31313733568574,18.353875446538456,19.473119076716266,3.1780565422618707,211.79018261607206,epoch_google_new_albany,-1.1192436301778095,7.977976980162277
2023-09-02,20.55977705191847,18.239033164562958,16.899418147153874,38.12991112465363,2.4789553052005004,79.05567699678966,epoch_google_new_albany,-21.230492977499758,2.320743887355512
2023-09-03,26.47015320881609,28.409518218284354,24.5072127393275,29.873885586420467,3.5157444143296845,79.93090640994996,epoch_google_new_albany,-5.366672847092968,-1.9393650094682648
2023-09-04,33.11457069340828,28.60961961694679,26.183952237455834,31.708545095927768,2.65088693387133,55.932249115684385,epoch_google_new_albany,-5.524592858471934,4.5049510764614915
2023-09-05,25.526724601395372,34.58345889782108,28.816325882121166,27.943198993153363,2.348620881131611,26.926134315543948,epoch_google_new_albany,0.8731268889678034,-9.05673429642571
2023-09-06,29.6294677841203,20.354164256502713,22.103647170791103,25.939098448870304,3.804316725837103,32.34308450422532,epoch_google_new_albany,-3.8354512780792014,9.275303527617588
2023-09-10,36.25794275709782,30.516901815497118,34.72268007876433,30.80373896475276,2.3158044950381873,161.1378964974947,epoch_google_new_albany,3.9189411140115666,5.741040941600705
2023-09-13,26.706681623443288,26.378077738950495,26.541238605766537,20.488577137699263,2.55917094680213,163.83816142924047,epoch_google_new_albany,6.052661468067274,0.328603884492793
2023-09-18,30.213350221792204,14.957561036546737,30.545434530664373,24.11500218533002,3.3729930712147786,133.64507676090477,epoch_google_new_albany,6.430432345334353,15.255789185245467
2023-09-21,28.245760982517485,35.67933352012662,36.58505756980065,32.12471666278908,2.8453029503461096,280.6661637407092,epoch_google_new_albany,4.460340907011563,-7.433572537609134
2023-09-22,19.656417030134406,20.10038278088627,25.27710416999078,15.437229233857524,3.4204481177614015,248.55326306299082,epoch_google_new_albany,9.839874936133254,-0.4439657507518646
2023-09-23,36.12508774645716,34.996469999225816,36.79628448588551,33.8259145291784,3.80369908254616,227.39738199697624,epoch_google_new_albany,2.97036995670711,1.1286177472313454
2023-10-04,28.574666523933498,40.787231832792365,30.850011469034975,30.03277971205959,2.338150201677125,10.711509461208607,epoch_google_new_albany,0.8172317569753851,-12.212565308858867
2023-10-06,59.24345144583224,34.66716615240972,35.11099068041786,44.69332560585782,3.5623450221280955,81.11017766776752,epoch_google_new_albany,-9.582334925439959,24.576285293422522
2023-10-10,70.77953748785997,55.05186499347413,63.303608615681334,74.11715350058711,4.147446772460751,72.59522885965248,epoch_google_new_albany,-10.813544884905774,15.727672494385835
2023-10-11,56.28280857454527,51.29444424074065,60.5559739743381,60.50397404840985,3.6062055033154228,56.99319667825927,epoch_google_new_albany,0.05199992592824998,4.988364333804618
2023-10-13,31.371440511947974,35.173778035450304,38.984131400116546,25.873019104532933,3.460326132397572,275.4865450366421,epoch_google_new_albany,13.111112295583613,-3.802337523502331
2023-10-18,33.06803869924657,45.605844673792944,54.29496855351422,40.77030260605227,2.9991505302025536,8.0895576779767,epoch_google_new_albany,13.524665947461948,-12.537805974546373
2023-10-22,38.78205436690305,34.16166698975418,37.84639578358348,40.1274720387578,3.2583237912323666,132.0428060089081,epoch_google_new_albany,-2.2810762551743196,4.620387377148866
2023-10-24,38.6295861298753,66.17879614368562,51.75420879962516,41.83305938847925,3.337576666406161,8.423183023981608,epoch_google_new_albany,9.921149411145912,-27.549210013810317
2023-10-25,47.0949388775167,21.136914123486214,25.87029743241998,36.4389088510664,4.412344867656761,26.619092894928485,epoch_google_new_albany,-10.56861141864642,25.958024754030482
2023-11-01,48.309065337276735,41.53983597877658,44.05125252283482,40.210435633713715,3.2614576898463135,136.98031491604206,epoch_google_new_albany,3.8408168891211076,6.769229358500155
2023-11-02,53.109160445560725,72.18938978142766,68.75475242591652,56.567416153340055,4.525423253727472,22.482310183313643,epoch_google_new_albany,12.187336272576466,-19.08022933586694
2023-11-03,45.04167228647678,60.03416639585664,55.72231870885308,54.553172067652255,5.093801581188185,20.61258323648292,epoch_google_new_albany,1.1691466412008253,-14.992494109379855
2023-11-04,50.850558586865745,73.64622498367008,65.1676611722654,52.077090030879724,2.833056030063132,35.22283169511854,epoch_google_new_albany,13.090571141385674,-22.795666396804336
2023-11-07,75.0284455291542,64.40790553826584,71.62222396178106,66.3499302553377,3.1488452395107256,119.84323554524917,epoch_google_new_albany,5.272293706443364,10.62053999088836
2023-11-08,53.1628367373521,68.25391528286613,68.83622245722326,65.10209989914831,4.600611581697494,331.3132390664551,epoch_google_new_albany,3.7341225580749438,-15.09107854551403
2023-11-09,74.56672417987785,51.2672139185151,66.04230550631196,56.56871542423702,3.707915130506619,136.50227129885104,epoch_google_new_albany,9.473590082074942,23.299510261362755
2023-11-10,71.42891552429025,80.42019084250722,94.29010780769613,76.10288263354688,3.9854975243035673,60.41155716577259,epoch_google_new_albany,18.187225174149248,-8.991275318216978
2023-11-13,86.88404048236592,61.706070600426905,96.68343879902388,66.61395632097566,4.220307907249427,118.15756126727376,epoch_google_new_albany,30.069482478048215,25.177969881939013
2023-11-15,120.32449761448822,98.15763584038346,127.2207637666684,104.02326674710368,3.377580786056831,44.60062560132167,epoch_google_new_albany,23.19749701956472,22.16686177410476
2023-11-16,83.93246473002303,94.5865020530087,84.43019674095073,70.57082371832605,3.1630962390667867,1.1489131120093816,epoch_google_new_albany,13.85937302262468,-10.654037322985673
2023-11-18,55.9941760353158,32.99851600690297,42.62507048345456,44.03415735264073,2.0980283618687983,112.60983191287573,epoch_google_new_albany,-1.4090868691861758,22.995660028412836
2023-11-23,70.74178307702488,69.78366667194835,74.05544153581297,76.99155177498017,3.2513098794112096,65.83670255081961,epoch_google_new_albany,-2.936110239167192,0.9581164050765238
2023-11-24,42.98371064969472,44.756062009839,40.703904008152286,43.566099804880096,3.8774159071925367,184.97110314781824,epoch_google_new_albany,-2.8621957967278107,-1.7723513601442775
2023-11-29,80.07227714781943,99.07070115826248,89.22824927804992,98.23489802190925,4.6537147954248566,44.063371863135785,epoch_google_new_albany,-9.00664874385933,-18.998424010443046
2023-11-30,51.212002482304555,64.56428510573068,62.27566643800265,71.53796208962966,4.548135472601187,20.225223440037325,epoch_google_new_albany,-9.262295651627007,-13.35228262342612
2023-12-04,85.9319131243703,41.222174178902904,53.840773396706695,35.685242153647266,2.9146036314274704,106.09819615045092,epoch_google_new_albany,18.15553124305943,44.70973894546739
2023-12-07,64.04743322673741,92.73090359219249,82.79878906397472,90.85447226739268,3.8860108230216293,55.16058748915225,epoch_google_new_albany,-8.055683203417956,-28.68347036545508
2023-12-08,24.374910503120343,35.67275897845228,29.335927423031016,29.03491109354811,4.126620100977142,14.30919369555619,epoch_google_new_albany,0.3010163294829056,-11.297848475331936
2023-12-12,84.50797401598399,113.39590418955378,111.12430743475032,122.7367646705043,4.520542702457299,50.86545960532749,epoch_google_new_albany,-11.612457235753979,-28.887930173569785
2023-12-14,70.42508344637989,136.92012218469122,86.14958775647493,95.50098609890138,2.257326448037394,45.36752664324797,epoch_google_new_albany,-9.35139834242645,-66.49503873831134
2023-12-20,28.158169093235816,39.55200098887923,40.154823247537045,21.347841475722987,2.635154825194405,354.69937988797864,epoch_google_new_albany,18.80698177181406,-11.393831895643412
2024-01-03,53.98012568075208,92.05606160095742,73.32426107953997,73.4555534890034,3.1982543337252403,52.05412085323803,epoch_google_new_albany,-0.13129240946344112,-38.07593592020534
2024-01-16,57.26001468673729,33.629862112206695,41.334207802643085,35.379684485696885,3.83027346806983,86.47553479683637,epoch_google_new_albany,5.954523316946201,23.630152574530598
2024-01-19,53.11585104889408,30.576694649105963,47.40636554087075,28.823476263102947,5.154913504172775,124.9092191411425,epoch_google_new_albany,18.582889277767805,22.539156399788116
2024-01-20,44.886830971622366,20.503247146290892,33.565012748204815,33.75991088022672,4.823838408556886,114.64227332705957,epoch_google_new_albany,-0.19489813202190476,24.383583825331474
2024-02-01,55.75781470891952,87.43491379130917,66.34856505961827,79.76126880428498,4.30086316653522,41.709898787474685,epoch_google_new_albany,-13.412703744666715,-31.677099082389653
2024-02-02,17.927305646245696,15.812120277399105,21.80143613041841,16.503003044931003,3.373901997078648,202.6107158227804,epoch_google_new_albany,5.298433085487407,2.115185368846591
2024-02-04,38.90571209366085,36.86525767629356,37.97233764897415,27.008511746531813,2.862036600788012,217.17335223130303,epoch_google_new_albany,10.963825902442334,2.040454417367293
2024-02-05,42.87936507412241,26.749870917459564,41.39587057064216,36.57854562298905,3.588028228468719,189.0295347227315,epoch_google_new_albany,4.817324947653113,16.129494156662847
2024-02-08,55.89130207939669,59.290732825000546,67.88814385614295,51.32075433553691,4.208954677141161,10.078624478776362,epoch_google_new_albany,16.567389520606035,-3.3994307456038584
2024-02-09,18.582671787658484,35.96821391090989,27.491660329037977,25.641475742456883,5.9558155022295844,36.38505542657691,epoch_google_new_albany,1.8501845865810935,-17.385542123251405
2024-02-13,40.086141977875705,38.41901035058953,48.93484370864986,46.77071951718924,5.884602876522749,104.51059702756203,epoch_google_new_albany,2.1641241914606155,1.6671316272861745
2024-02-14,80.00474877893797,42.74880249092495,54.267591666693264,53.57379127309777,2.030651967123359,134.53558185935793,epoch_google_new_albany,0.6938003935954953,37.255946288013014
2024-02-18,47.803101841617064,58.986117850463415,53.2042809559651,62.83566475297098,5.48404306503957,58.08676988215768,epoch_google_new_albany,-9.631383797005874,-11.183016008846351
2024-02-21,44.83322225791093,77.73898624168882,70.58624094618084,51.59157039130066,4.229273092030527,20.165713328528,epoch_google_new_albany,18.99467055488018,-32.90576398377789
2024-02-23,86.85050702915606,87.48982368748861,71.41990107635881,96.47458145921418,3.847053216318696,97.61156805727921,epoch_google_new_albany,-25.054680382855366,-0.6393166583325467
2024-02-24,16.978172040328037,12.031543038205685,13.793297130670597,9.887933645796585,4.216760356160989,170.15735490076122,epoch_google_new_albany,3.9053634848740124,4.946629002122352
2024-02-25,16.8708350577173,33.45224490707701,31.97069358517836,22.63068535354408,4.410887955046209,8.125251316484537,epoch_google_new_albany,9.340008231634279,-16.58140984935971
2024-02-26,56.989392073556424,72.34519180141443,67.76087077208295,54.45203582539566,2.5399552909152456,355.5247498945973,epoch_google_new_albany,13.308834946687291,-15.355799727858006
2024-02-29,84.80635459240806,56.0881161829205,72.05553369449018,74.47764234882698,2.800847901020265,96.44167263957314,epoch_google_new_albany,-2.422108654336796,28.718238409487554
2024-03-03,24.75136343169256,31.169031260535068,31.956255140468638,33.56335109482766,3.2221225463575784,350.9909308751494,epoch_google_new_albany,-1.6070959543590213,-6.417667828842507
2024-03-04,27.634471718688367,42.4335521885453,36.50303270078136,28.37951869231477,3.4035426657255514,358.64283476593727,epoch_google_new_albany,8.12351400846659,-14.799080469856932
2024-03-11,79.74610919940686,67.26108516449766,64.5084424751187,88.71209544223699,4.224421477294704,75.30288890275051,epoch_google_new_albany,-24.203652967118288,12.485024034909202
2024-03-12,68.45922759198511,61.98806758543271,65.95327057717017,60.99133036293693,4.476112712677628,58.99410459557379,epoch_google_new_albany,4.961940214233245,6.471160006552402
2024-03-13,49.89888776153353,58.25826891196218,54.69446779694974,59.65417219427308,3.326096848600009,51.4723429036103,epoch_google_new_albany,-4.959704397323343,-8.359381150428653
2024-03-16,26.307594458154906,45.652086514895295,35.26434823994918,41.78298404968387,5.90549523837819,45.72666852784232,epoch_google_new_albany,-6.51863580973469,-19.34449205674039
2024-03-19,51.490103425887504,70.93565053260853,70.24433104712868,61.356952628835735,7.128724382742339,45.40225630538771,epoch_google_new_albany,8.887378418292947,-19.44554710672103
2024-03-20,33.85576654790722,21.796648080394938,29.548043808101134,26.942853531624504,6.373328802877124,119.77079387992211,epoch_google_new_albany,2.6051902764766304,12.059118467512285
2024-03-24,23.074648354514462,25.56600243849517,29.081104697562985,22.94331030357666,3.7276397572775446,281.6980845626345,epoch_google_new_albany,6.137794393986326,-2.4913540839807062
2024-03-25,39.41536126246194,35.60096058932143,40.00687782820972,37.17998661169876,4.5370744652296455,334.6572198718811,epoch_google_new_albany,2.8268912165109583,3.8144006731405113
2024-03-28,33.07528576444479,20.680567441384362,33.6451418012361,43.96760053635202,4.648211614686163,101.87488262043621,epoch_google_new_albany,-10.322458735115923,12.394718323060431
2024-03-29,72.06799233038548,35.75520140957379,52.418346323757746,53.77827345371031,3.1694375174639924,109.48912893727174,epoch_google_new_albany,-1.3599271299525668,36.312790920811686
2024-04-07,24.214214938476623,27.39443254704743,22.71549212027235,24.466940647137605,2.797213922817397,314.949389857335,epoch_google_new_albany,-1.7514485268652535,-3.180217608570807
2024-04-13,17.95100979667309,8.269806422247212,11.549569867165845,17.372351394709526,5.172665838277531,107.53092518542451,epoch_google_new_albany,-5.822781527543681,9.681203374425879
2024-04-14,26.880981603872574,28.428561437393636,30.859475835161586,35.65808017976332,6.690006318312351,53.25574024576662,epoch_google_new_albany,-4.798604344601731,-1.5475798335210627
2024-04-15,43.63306359013828,36.51845810669194,42.73264005529669,37.09694272335774,2.221237149644871,173.15389217390918,epoch_google_new_albany,5.63569733193895,7.11460548344634
2024-04-16,45.2837082634289,48.33373223893737,49.00186338993061,43.88938795814772,2.3524318322651947,336.4848970268169,epoch_google_new_albany,5.11247543178289,-3.0500239755084735
2024-04-20,30.24682540155326,24.542087212276424,27.855901564218176,26.57864424224703,4.696073632125263,112.17617637706331,epoch_google_new_albany,1.2772573219711454,5.704738189276835
2024-04-22,18.781911529883327,90.95380275523102,67.38845646135609,43.10750724486107,2.0866261307818976,40.32475916124889,epoch_google_new_albany,24.280949216495017,-72.1718912253477
2024-04-26,40.73410148542999,48.668954443361464,48.69838250414819,40.813934950560366,3.503464453950543,324.60200041989873,epoch_google_new_albany,7.884447553587826,-7.934852957931476
2024-04-27,32.75771887539008,31.258948508172704,29.93627483367777,39.78583852918166,6.130211782310813,35.34028063278555,epoch_google_new_albany,-9.849563695503889,1.4987703672173787
2024-04-29,48.37065830433167,39.6804379021363,49.14579759970269,50.049374643077506,5.324606793959744,30.038738688262356,epoch_google_new_albany,-0.9035770433748169,8.690220402195372
2024-05-01,27.51785019155615,31.016012484705453,28.260363147921414,27.674458469855452,4.568072681836139,52.443843476321376,epoch_google_new_albany,0.5859046780659618,-3.498162293149303
2024-05-08,41.03987027583185,30.26525916959846,32.49875783183332,32.23186316430955,3.2568960492979486,89.03234723786585,epoch_google_new_albany,0.266894667523772,10.774611106233394
2024-05-10,22.973390249451207,19.12809492709324,23.696129185724562,14.263061271469374,4.780242693215103,151.4537549667249,epoch_google_new_albany,9.433067914255188,3.8452953223579662
2024-05-12,14.120093034286816,12.08250252665402,10.313178846995894,17.06760444596047,2.617843472808189,117.6613786159221,epoch_google_new_albany,-6.754425598964575,2.037590507632796
2024-05-13,29.446996683931044,37.09134730954026,33.07919077897767,33.65871958789109,4.346316220086176,20.395423576470137,epoch_google_new_albany,-0.5795288089134232,-7.644350625609217
2024-05-20,38.54809936339735,43.44076703885246,43.93538155308038,43.075610496800806,2.511516653978095,17.796766644867205,epoch_google_new_albany,0.8597710562795768,-4.892667675455108
2024-05-21,28.06952659181947,39.54013208638079,32.55934589841849,39.57645029231961,3.236987528792721,40.54569289138294,epoch_google_new_albany,-7.017104393901121,-11.470605494561315
2024-05-25,20.366904968912262,16.12801207085019,25.278708109185406,23.110436253485563,2.02500608940843,87.21897216407007,epoch_google_new_albany,2.1682718556998424,4.238892898062073
2024-05-28,37.67057500065384,26.476767615620187,35.51462320478097,42.51184669432323,3.9832249774121364,109.04380492349435,epoch_google_new_albany,-6.9972234895422645,11.193807385033654
2024-05-30,17.697256449972063,11.88729228702776,21.39731428594702,15.443948516188811,3.097136444756128,154.0651245374811,epoch_google_new_albany,5.953365769758207,5.809964162944302
2024-06-01,17.547848331420585,22.211362564601313,22.49019378523356,27.248298246589393,3.314669610458211,352.2276910049542,epoch_google_new_albany,-4.758104461355831,-4.663514233180727
2024-06-04,38.4924188837917,44.33061512356812,44.971913169614425,43.23790395158162,2.3718654786989553,346.0079750613071,epoch_google_new_albany,1.7340092180328028,-5.838196239776423
2024-06-07,38.37634493839763,14.674873859999948,18.434314561828348,23.360717688363152,5.921814115083128,108.84325025802974,epoch_google_new_albany,-4.9264031265348045,23.70147107839768
2024-06-08,37.76980138993091,39.49401469602943,35.84890544054585,38.037578369481665,3.1684706853596474,33.735716584631064,epoch_google_new_albany,-2.1886729289358158,-1.7242133060985196
2024-06-09,36.647783866050816,23.82984674667014,34.258044373262855,43.65426052526865,4.651166266934154,114.77496990273403,epoch_google_new_albany,-9.396216152005792,12.817937119380677
2024-06-13,42.057703776592355,52.52749675758122,44.7612594957456,52.29681196943748,3.4340795881579154,42.03006807554681,epoch_google_new_albany,-7.5355524736918795,-10.469792980988863
2024-06-14,27.01933141923792,28.49888750433458,18.875431205032257,34.51919611763835,2.3916611938185257,116.32449329854228,epoch_google_new_albany,-15.643764912606095,-1.479556085096661
2024-06-15,30.412000436520007,33.558365802917244,31.879806101407045,34.363859361674535,2.156175893537756,214.7376074452566,epoch_google_new_albany,-2.4840532602674905,-3.1463653663972373
2024-06-22,7.681550003773609,25.72090940916415,21.1651501602179,45.747080798374675,3.561230798778322,59.93517991745017,epoch_google_new_albany,-24.581930638156773,-18.03935940539054
2024-06-27,14.390914999834163,2.452011568098381,12.913363551842792,10.30313856092564,2.091728525248298,166.0882906717561,epoch_google_new_albany,2.6102249909171515,11.938903431735781
2024-06-28,39.32739343533822,47.86049183824046,40.73840534506696,43.90677487111318,2.901857285121498,14.172775861662899,epoch_google_new_albany,-3.16836952604622,-8.53309840290224
2024-06-30,20.818654947116347,18.765403369499076,18.59475635013468,19.479522442769984,4.8956782303363084,152.1761690298256,epoch_google_new_albany,-0.8847660926353029,2.053251577617271
2024-07-01,34.944713099377445,27.760896471415172,34.42711023869342,27.448019071640253,2.8262941619955715,225.40558534778873,epoch_google_new_albany,6.97909116705317,7.183816627962273
2024-07-02,24.77918861099359,33.725910175795995,28.147390732394847,23.975576397734145,3.5207631592680997,341.5979922605614,epoch_google_new_albany,4.171814334660702,-8.946721564802406
2024-07-13,41.808136156049486,25.938698512800837,42.47675433275153,23.553471899035912,2.0172802094535465,100.7356774663732,epoch_google_new_albany,18.92328243371562,15.869437643248649
2024-07-14,43.86065063410103,51.39237253606216,48.29578317812153,49.01437088393024,4.452841854276261,41.95849204480987,epoch_google_new_albany,-0.7185877058087087,-7.531721901961134
2024-07-15,37.098114232387715,30.699494462143008,31.66678283688261,39.53936793922925,3.5279069287523446,71.96840236276933,epoch_google_new_albany,-7.87258510234664,6.398619770244707
2024-07-16,39.50088553226849,42.167494456178225,40.07594319405383,43.523806808215085,3.9959401979396376,70.05459591030439,epoch_google_new_albany,-3.447863614161257,-2.6666089239097346
2024-07-18,20.184018250777672,13.940948986049067,14.608320225735929,15.16337405257514,3.7961848812140544,168.56135789719804,epoch_google_new_albany,-0.5550538268392113,6.2430692647286055
2024-07-24,27.89923517790121,25.115030864177385,21.603775577001162,30.773415492422103,3.96180264304892,79.43903481004213,epoch_google_new_albany,-9.169639915420941,2.7842043137238264
2024-07-25,29.47673905609263,24.846076436711712,25.099326290610243,26.823402844738272,3.378690661401732,136.67134540317852,epoch_google_new_albany,-1.724076554128029,4.630662619380917
2024-07-26,23.92970932767235,22.037749566657574,21.209725640265876,21.48023870317183,2.430916034222997,201.83756061239754,epoch_google_new_albany,-0.2705130629059518,1.8919597610147747
2024-07-31,24.31921972676413,41.03465119273802,23.5798655144634,28.750665710789672,2.726677249388928,42.102275903857844,epoch_google_new_albany,-5.170800196326272,-16.71543146597389
2024-08-03,25.048324785776803,7.733244252203688,19.362209198647378,23.25004724728283,2.7002168323236386,149.91087012218833,epoch_google_new_albany,-3.8878380486354516,17.315080533573116
2024-08-05,31.52000175962813,28.070662703910664,31.504999346554342,36.62963449916406,3.305916649384214,68.97727013596557,epoch_google_new_albany,-5.12463515260972,3.4493390557174664
2024-08-06,30.55524009772592,38.97154451152458,33.887499173833376,39.41330148487177,3.5117484886551984,56.89335895449102,epoch_google_new_albany,-5.525802311038397,-8.416304413798656
2024-08-10,15.791298827870708,17.836874148854392,14.47729683012255,15.777442835898995,3.6168508739040632,99.50220350009442,epoch_google_new_albany,-1.3001460057764458,-2.0455753209836836
2024-08-12,25.935095717820996,20.907314473368015,16.390409100409695,17.741616053669116,2.7175437671049765,151.28288487939858,epoch_google_new_albany,-1.351206953259421,5.0277812444529815
2024-08-17,23.655116208968145,17.405904856035164,26.03835469218871,28.380290497123756,4.4631167121465944,27.23562438526966,epoch_google_new_albany,-2.3419358049350443,6.249211352932981
2024-08-21,22.99086866688302,13.892295001550744,30.417306874552775,14.56575497495696,3.2658129421536746,185.36132228884907,epoch_google_new_albany,15.851551899595815,9.098573665332276
2024-08-27,53.675297918367576,62.179198916592824,46.66358849345112,57.558268539749534,3.2080097846057063,58.90780809498534,epoch_google_new_albany,-10.894680046298411,-8.503900998225248
2024-08-28,60.34065308107257,37.4773358300584,38.118771124535826,45.07636329307386,2.0870314113049018,97.62431837215871,epoch_google_new_albany,-6.957592168538035,22.863317251014166
2024-09-01,37.43339180890148,30.160118713207716,31.459005907920297,34.072800739129576,3.467714502776595,118.45219774659773,epoch_google_new_albany,-2.6137948312092796,7.273273095693767
2024-09-02,22.54830147448442,18.602805896846185,23.071523654739597,17.199129106462415,3.9724155384630584,189.70694641069,epoch_google_new_albany,5.872394548277182,3.9454955776382334
2024-09-03,34.64064933832728,34.25330499988445,32.983089620946515,33.45301205116015,2.647925335083006,259.49712943506233,epoch_google_new_albany,-0.4699224302136358,0.3873443384428299
2024-09-07,14.119524891442985,11.715367078465432,14.093803745598514,14.707570242043824,4.914300614229076,141.67233566726088,epoch_google_new_albany,-0.6137664964453098,2.4041578129775534
2024-09-08,17.582788741365444,20.419766380419137,11.332205035158799,13.938898771739987,2.329715532125652,97.36081946492845,epoch_google_new_albany,-2.606693736581189,-2.8369776390536927
2024-09-09,57.46810056256442,40.60193913636239,48.039645432535316,46.877400750607954,3.2061685269692846,80.33894926281454,epoch_google_new_albany,1.162244681927362,16.866161426202034
2024-09-12,38.94877263497288,40.8458121723873,43.997307510332675,35.58743987675388,3.496522700489567,284.2066965070202,epoch_google_new_albany,8.409867633578791,-1.8970395374144147
2024-09-13,23.809357041161917,24.618724437119734,22.287267714144786,24.40501470504145,3.1785425417900646,289.53924344539473,epoch_google_new_albany,-2.117746990896663,-0.8093673959578176
2024-09-14,28.15929296243246,29.03368828580261,27.805828931010637,26.75328239404688,3.311209848939593,276.1943443587101,epoch_google_new_albany,1.0525465369637566,-0.8743953233701518
2024-09-15,34.58872038598009,30.555422092868547,28.5610640743078,24.47565925944745,2.423675681411166,275.3114259228797,epoch_google_new_albany,4.08540481486035,4.033298293111542
2024-09-16,34.97351093020448,29.92715321089779,37.73378893626151,33.382742728997044,2.477749001286861,258.3201626391146,epoch_google_new_albany,4.351046207264467,5.046357719306695
2024-09-21,42.63511494210484,37.574112267122175,37.19117753011519,36.71795437318105,2.8132539449921348,138.44701951130833,epoch_google_new_albany,0.4732231569341394,5.061002674982667
2024-09-22,48.600553730695594,49.40589924779302,53.12349149052037,42.28808306074946,3.025560289116582,51.689321543596975,epoch_google_new_albany,10.835408429770915,-0.8053455170974289
2024-10-06,39.6150429609885,32.1694461850875,29.13859799791748,33.786203452714304,5.336796348926509,59.23611138090121,epoch_google_new_albany,-4.647605454796825,7.445596775900995
2024-10-07,44.54816246994596,26.1600877897057,36.09024940873262,31.551260486641713,2.8530451583285785,155.78569933021038,epoch_google_new_albany,4.538988922090905,18.38807468024026
2024-10-08,45.06944370871978,25.8091973716834,26.54974734499001,29.390172031917775,2.5576806249806454,116.20858407614236,epoch_google_new_albany,-2.840424686927765,19.26024633703638
2024-10-09,36.42426157275027,26.139830655037564,32.41996219595443,31.19721609502857,2.909910380654758,136.81310234909245,epoch_google_new_albany,1.222746100925864,10.284430917712704
2024-10-11,52.81969226877213,61.94993326476191,63.554051310951344,70.21911249734183,3.018371770498255,51.57227239076167,epoch_google_new_albany,-6.665061186390481,-9.13024099598978
2024-10-21,41.501967457594475,85.90058126026848,62.52846694541731,63.150085408672865,2.516401369573985,39.639825751959734,epoch_google_new_albany,-0.6216184632555581,-44.39861380267401
2024-10-22,35.348598922028245,46.452557527196156,48.034410390343346,36.66907235043046,3.397142232658562,12.663469407463879,epoch_google_new_albany,11.365338039912885,-11.103958605167911
2024-10-23,89.46436752259171,74.11115454806065,76.07798527227457,92.35866036708411,4.186400182974629,94.75789690482833,epoch_google_new_albany,-16.28067509480954,15.353212974531061
2024-10-25,94.22499861059755,91.31323321557156,81.94111574784378,90.40411107993059,3.2335731629221813,74.87141450172129,epoch_google_new_albany,-8.462995332086805,2.911765395025995
2024-10-26,46.92298847590933,35.43324995053528,40.45249348133025,38.14628168955515,3.561741968553502,158.78426747616186,epoch_google_new_albany,2.306211791775098,11.489738525374051
2024-10-28,55.22057721431964,84.1397654328813,54.82660707696501,83.67209378126194,2.8438052044419986,354.7700063651526,epoch_google_new_albany,-28.845486704296924,-28.919188218561665
2024-10-29,45.769729979402925,58.01500277432913,38.78645875300398,47.09109629339564,5.701108127715949,30.392303012335105,epoch_google_new_albany,-8.30463754039166,-12.245272794926208
2024-10-30,32.137294415750596,48.51431586487575,46.535502930491745,39.700341396292686,4.825377691750872,34.04144580458063,epoch_google_new_albany,6.8351615341990595,-16.377021449125152
2024-11-01,67.6673199914231,35.859701888771255,49.27153589681238,46.075666397133865,2.91875316990812,122.57701250196271,epoch_google_new_albany,3.1958694996785155,31.807618102651844
2024-11-03,67.43905645036452,67.01981976535815,53.52032256449853,69.14882213377287,3.3281465368391845,316.14363644333685,epoch_google_new_albany,-15.62849956927434,0.4192366850063678
2024-11-04,65.56547129895817,65.04538642013418,27.277692888741438,80.40596178117633,5.225960828540641,3.755813480639631,epoch_google_new_albany,-53.12826889243489,0.5200848788239938
2024-11-05,27.954427614691618,37.664090081531995,42.05054235389798,21.247778618670793,6.338343825687387,24.958645283645467,epoch_google_new_albany,20.802763735227188,-9.709662466840378
2024-11-07,64.13085214185278,53.387200539566564,64.47544220444483,50.2081118252006,2.100924561754243,168.66268723177132,epoch_google_new_albany,14.267330379244235,10.74365160228622
2024-11-08,115.53748637795515,66.54776087065085,82.43252277484035,86.14827767711755,3.731823387057261,107.10806843043667,epoch_google_new_albany,-3.7157549022771974,48.9897255073043
2024-11-09,30.86982209618496,39.90668797094872,45.88782294085607,39.335694842741404,3.2798526244359367,271.2286755056866,epoch_google_new_albany,6.552128098114665,-9.036865874763755
2024-11-12,35.221746740548824,29.88720906640629,44.55362649639871,35.01961696966139,3.7404447409932717,215.26394378665267,epoch_google_new_albany,9.534009526737314,5.334537674142535
2024-11-17,47.84402591713048,48.35056713612602,48.58137554004768,58.544344056125134,3.6495770861592076,13.778511255426451,epoch_google_new_albany,-9.962968516077453,-0.5065412189955367
2024-11-24,91.84108509298544,51.92422627317487,82.76068204472213,59.846371429822966,2.0359550861052345,28.24255972714485,epoch_google_new_albany,22.914310614899165,39.91685881981057
2024-11-26,62.6480932271592,46.34767350820952,58.16089350821753,58.71249256405346,3.9594661998907834,81.20579224040591,epoch_google_new_albany,-0.5515990558359363,16.300419718949684
2024-11-30,32.64036164411868,35.1685692541228,56.648789634712585,46.400280727674996,4.488842072790799,67.04274965842683,epoch_google_new_albany,10.24850890703759,-2.5282076100041238
2024-12-01,35.59089408288232,23.45563731660192,26.72103100415611,20.80070378885002,3.3886962324450223,106.28214970153056,epoch_google_new_albany,5.9203272153060915,12.135256766280403
2024-12-06,92.43533229499235,85.64058455547418,107.95814329493261,100.6271355743299,4.179713186027466,69.83814382754366,epoch_google_new_albany,7.331007720602713,6.794747739518172
2024-12-07,83.02366590516911,101.229228606791,98.51580638594886,87.36716689699911,4.577595762781669,35.97592462386308,epoch_google_new_albany,11.148639488949755,-18.205562701621886
2024-12-08,97.87689545804491,77.81296501991976,89.01365953221679,91.6998198054171,4.0057715003556265,62.2333934958595,epoch_google_new_albany,-2.686160273200315,20.063930438125155
2024-12-12,73.0246911474224,44.51571854600245,56.7595388753324,55.48138388308344,3.60749520656393,77.13007451879241,epoch_google_new_albany,1.2781549922489646,28.508972601419956
2024-12-17,75.79848265129824,54.91806644607057,69.24026516789282,77.82483043011301,3.541702491426256,76.26220770549372,epoch_google_new_albany,-8.584565262220195,20.880416205227675
2024-12-23,94.28684270552914,65.55148186215251,52.522163074213616,68.40608295329771,4.425134413956995,0.1584496034626568,epoch_google_new_albany,-15.883919879084097,28.735360843376625
2024-12-30,38.30995904967579,26.177457661411797,36.191620715703905,37.5334918293602,3.3015777281885796,74.887364777063,epoch_google_new_albany,-1.3418711136562962,12.132501388263993
2025-01-09,140.38210410391775,41.82751004318386,76.32640434343743,80.42165488256073,2.124728967949237,109.28849698586919,epoch_google_new_albany,-4.095250539123299,98.5545940607339
2025-01-13,63.15449033211166,30.92957386087367,45.466541676590595,48.39834845808833,4.516547427249392,77.40053315795342,epoch_google_new_albany,-2.931806781497734,32.22491647123799
2025-01-15,87.08240206925565,171.49905675352997,160.95348355300658,179.60431570086516,3.1372993968989036,62.01848378472744,epoch_google_new_albany,-18.65083214785858,-84.41665468427432
2025-01-17,14.114242397868978,39.591471272802835,22.245008648006518,12.83663983453545,4.319232695781838,359.64132372242335,epoch_google_new_albany,9.408368813471068,-25.477228874933857
2025-01-20,75.11976447388925,66.59970671561678,85.46739111540683,80.96643930208204,4.072541306347058,71.39323264673237,epoch_google_new_albany,4.500951813324789,8.520057758272472
2025-01-27,53.771266895710674,70.08662664933297,73.25765078163964,80.8499923015221,5.412468720887144,58.2541136548121,epoch_google_new_albany,-7.592341519882453,-16.315359753622296
2025-01-28,52.65243072575957,83.3380290408336,67.47239944143153,64.9415497253707,5.015522575294681,49.70835228001812,epoch_google_new_albany,2.5308497160608283,-30.68559831507403
2025-02-01,17.298939492475352,17.435433757106498,30.26844773341421,17.81386234672167,2.472562169105159,221.64927830541492,epoch_google_new_albany,12.45458538669254,-0.13649426463114622
2025-02-04,53.10426019313654,35.42329200751221,44.66334375901343,41.52114462280864,3.327517956190796,175.1116179966216,epoch_google_new_albany,3.1421991362047876,17.68096818562433
2025-02-10,94.1082363788629,39.25248920688158,82.73232429464534,40.19872596023691,3.060825635406244,106.38925825076029,epoch_google_new_albany,42.53359833440843,54.85574717198132
2025-02-17,55.91800568581301,23.58727871469654,49.54069442961409,43.14324048661723,5.361279447571026,82.38481223743247,epoch_google_new_albany,6.3974539429968615,32.33072697111646
2025-02-19,40.633273063745264,24.675442655640985,37.635156922979945,20.41326845948328,2.279912413644668,179.8078842023831,epoch_google_new_albany,17.221888463496665,15.957830408104279
2025-02-22,69.09470922302542,92.10509192204673,103.67832111164408,84.45583508584694,3.7220440746240633,41.78224656566397,epoch_google_new_albany,19.22248602579714,-23.010382699021307
2025-02-23,47.55531406217914,83.99349846051535,54.504612146034226,57.16838638809939,3.116922733406764,45.800082651752575,epoch_google_new_albany,-2.663774242065166,-36.43818439833621
2025-02-25,98.39895343219776,110.11289629404642,86.56050896117038,115.94014629590518,4.332356921279563,91.86464688932904,epoch_google_new_albany,-29.379637334734795,-11.713942861848665
2025-02-28,43.726056533275774,58.96531368303777,44.83422799520132,54.61254696775233,7.1749704243078725,23.09671313255393,epoch_google_new_albany,-9.778318972551013,-15.239257149761997
2025-03-02,52.76594855375864,17.94810839788023,39.095948291707394,32.63448604071304,2.4295139372483785,107.34421089032014,epoch_google_new_albany,6.461462250994352,34.817840155878415
2025-03-04,53.592208835310615,56.565395254419116,59.697614038231876,52.70702926204578,4.660506254472134,356.4961683901064,epoch_google_new_albany,6.990584776186097,-2.973186419108501
2025-03-08,40.17251923272728,23.335694728920167,32.17267062694457,33.38483704828491,3.9467206952675173,121.81268836240866,epoch_google_new_albany,-1.212166421340335,16.836824503807115
2025-03-09,42.019655158089115,24.886610946105428,29.251381084128596,36.32409153278654,3.6269621538531895,76.75533078465725,epoch_google_new_albany,-7.0727104486579435,17.133044211983687
2025-03-10,80.18579960806511,124.10973103161287,93.41638983162174,106.16896379318618,3.051796363015021,58.450587065024706,epoch_google_new_albany,-12.752573961564437,-43.92393142354776
2025-03-11,114.45418224504593,97.57495113360632,110.09413424418422,111.44107886527462,3.862129463321473,86.55826211839269,epoch_google_new_albany,-1.346944621090401,16.87923111143961
2025-03-14,40.717459809187964,39.77368574938128,29.892830447849473,36.242963658596516,5.30089079366751,356.46583064023406,epoch_google_new_albany,-6.3501332107470425,0.9437740598066853
2025-03-17,55.89165080756556,37.4043522080927,44.24284604560713,42.761405796536934,2.4709281640322236,124.85674204950419,epoch_google_new_albany,1.4814402490701966,18.487298599472858
2025-03-18,33.82795414953188,50.50020259421552,48.67304752211426,37.944528728432005,4.65637857534161,8.093389863216089,epoch_google_new_albany,10.728518793682255,-16.672248444683646
2025-03-21,18.03915655365836,47.37219450728899,38.40140574473509,42.32680650895748,4.59581310893306,44.633986722651684,epoch_google_new_albany,-3.9254007642223954,-29.33303795363063
2025-03-25,61.33089245130391,48.73113177210167,56.55083121851533,49.647492459500924,5.113985271573286,109.76935315208368,epoch_google_new_albany,6.903338759014403,12.599760679202241
2025-03-26,37.11726720740223,29.364521817021842,28.42229208404989,26.68613331915404,5.251854752949597,126.67564610740476,epoch_google_new_albany,1.7361587648958476,7.752745390380387
2025-03-27,44.91964517050799,57.181216593191586,56.079231276100934,58.1426074212372,3.9475196231872673,55.33854012527837,epoch_google_new_albany,-2.0633761451362673,-12.261571422683595
2025-04-07,39.43427411490881,22.82656345143258,26.40444927616019,40.71756846473185,3.8110135963222316,77.76800365030817,epoch_google_new_albany,-14.313119188571658,16.60771066347623
2025-04-08,26.423618555349332,14.81705053509346,18.369657305261878,18.19833171335962,3.849440727364903,134.86566276341836,epoch_google_new_albany,0.1713255919022565,11.606568020255873
2025-04-13,33.051662118623234,18.934374538132968,21.442393003045847,27.333247678750773,2.7140415707712973,5.9335367173139275,epoch_google_new_albany,-5.890854675704926,14.117287580490267
2025-04-16,49.89269129963142,29.123180310002503,43.46778412308807,39.29764101876084,4.3012622339207,125.27413956243123,epoch_google_new_albany,4.170143104327231,20.76951098962892
2025-04-17,36.3594806546952,53.86395521383206,34.82750328609305,39.03728635272407,2.7219207070297897,352.9000001763786,epoch_google_new_albany,-4.209783066631019,-17.50447455913686
2025-04-18,21.581527286903928,37.29981335412324,32.44080710402814,23.179598600401356,6.610092398163851,23.527087458427786,epoch_google_new_albany,9.261208503626783,-15.71828606721931
2025-04-20,14.182034469208197,16.239492024761944,18.935189973578705,18.37344337462317,2.981454094226421,267.55021684464856,epoch_google_new_albany,0.5617465989555335,-2.0574575555537464
2025-04-24,50.30077146763066,66.64291245625922,52.56301638984794,54.80618503072876,2.7039735635551754,358.7995654214034,epoch_google_new_albany,-2.2431686408808247,-16.342140988628564
2025-04-28,25.44120955432387,47.90671345142657,42.31384533599584,40.669668716091365,3.0767176251193162,347.63834978810047,epoch_google_new_albany,1.6441766199044778,-22.4655038971027
2025-05-08,9.95553543736586,8.54876386188495,9.663222475674662,8.065256239581801,3.285552870393381,192.79351548205187,epoch_google_new_albany,1.5979662360928604,1.40677157548091
2025-05-09,41.57149469184391,34.09250051422665,32.19477591690254,32.67466108147232,3.6251211401531673,182.24862727471594,epoch_google_new_albany,-0.4798851645697795,7.47899417761726
2025-05-11,28.70867166860563,32.554470917737746,36.179976978952304,29.515456884577564,2.2607937236889217,240.84514746033466,epoch_google_new_albany,6.6645200943747405,-3.845799249132117
2025-05-16,52.695189529322214,47.25259678062042,48.379994291454615,46.94611178438273,3.740056495327435,32.03084047368088,epoch_google_new_albany,1.4338825070718855,5.4425927487017915
2025-05-19,45.23086874193513,35.36631001955842,55.950738027382464,38.906333327256284,2.5746410040222254,178.94371569458644,epoch_google_new_albany,17.04440470012618,9.864558722376714
2025-05-24,38.52633752123975,25.850352459133564,35.224171600853474,21.85824768114736,4.244633523800737,132.9831659973603,epoch_google_new_albany,13.365923919706113,12.67598506210619
2025-05-26,39.66956532572597,41.684341367015314,40.31781628209037,41.96847746792892,3.1727304199292687,240.8358895224535,epoch_google_new_albany,-1.6506611858385511,-2.0147760412893447
2025-05-31,16.647668120405246,25.684413750380372,20.050736056158048,21.748034125796725,5.592149305642609,142.42600864204547,epoch_google_new_albany,-1.697298069638677,-9.036745629975126
2025-06-01,16.979004689975312,6.39925820595761,12.114191187525044,12.855334949778069,2.9313173919017834,132.49448233170085,epoch_google_new_albany,-0.7411437622530244,10.579746484017702
2025-06-02,34.953174822138074,51.041588179880904,49.8994726251683,51.945552504752264,2.5100276283086727,52.10391293480052,epoch_google_new_albany,-2.0460798795839636,-16.08841335774283
2025-06-03,35.22292724177871,45.79648901074518,39.18248132957576,37.54716929369599,3.626876133630299,2.192175751404534,epoch_google_new_albany,1.635312035879771,-10.573561768966464
2025-06-04,25.25499599341298,30.83914339491887,25.55180461177292,34.66873819007342,4.832343474561941,31.532606797941128,epoch_google_new_albany,-9.1169335783005,-5.584147401505891
2025-06-11,27.827822465799034,30.12243653369649,28.538412163843233,39.82545147288869,3.993462135588362,42.39780331704759,epoch_google_new_albany,-11.287039309045454,-2.294614067897456
2025-06-21,19.318423981858906,27.557734174366736,18.402011515140273,19.84258112612315,4.159147256303002,21.690768474967513,epoch_google_new_albany,-1.4405696109828767,-8.23931019250783
2025-06-22,20.451422907237976,22.9911473099824,20.53687957559187,22.717807182075358,3.4731295391660497,55.49111401028273,epoch_google_new_albany,-2.1809276064834897,-2.5397244027444223
2025-06-23,16.08620550571115,19.699954395014164,19.65875323836053,28.34684561370265,2.091221538399835,64.55143909076367,epoch_google_new_albany,-8.688092375342123,-3.6137488893030145
2025-06-24,35.7529678019471,34.967111596409566,38.82925923934356,23.59699125977295,2.2141130409314016,59.93069776331089,epoch_google_new_albany,15.232267979570608,0.7858562055375344
2025-06-27,26.357295732455334,26.49974811044674,37.024762631498824,28.563929541111484,3.027837969869958,28.921810387229698,epoch_google_new_albany,8.46083309038734,-0.14245237799140398
2025-07-03,34.995370046712154,23.24869783152312,27.963103382521407,27.54218726071622,2.6778414583969967,131.35987473645002,epoch_google_new_albany,0.4209161218051882,11.746672215189033
2025-07-05,36.48619164370496,44.91621592661578,38.15580133198272,45.92135821185137,2.5739862264374818,12.916975043811988,epoch_google_new_albany,-7.765556879868647,-8.430024282910814
2025-07-06,27.124910196498146,40.24812769967134,27.707038198493798,37.17682063316023,3.4965652289757285,29.698330713455334,epoch_google_new_albany,-9.469782434666435,-13.123217503173198
2025-07-08,34.10653830226133,25.959438112375995,26.903410677068784,32.813843936051086,2.0008046670596356,135.2824427020148,epoch_google_new_albany,-5.910433258982302,8.147100189885332
2025-07-11,41.11010133067516,50.80371186916456,63.5617961620291,53.99047890816826,2.2761974684793933,59.81996641653518,epoch_google_new_albany,9.57131725386084,-9.693610538489402
2025-07-19,34.867077271552496,32.67173505628049,37.88503371360399,32.39457016187331,2.4136955304244294,52.04317227708759,epoch_google_new_albany,5.490463551730677,2.1953422152720066
2025-07-24,30.265450364805766,45.03629050490194,36.61743533033041,37.19847641871192,2.9967955417388494,56.95251003548691,epoch_google_new_albany,-0.5810410883815109,-14.770840140096176
2025-07-25,34.79062523091716,32.1626087055884,46.55384674632153,36.60721483932126,2.779051822276646,81.10082280471897,epoch_google_new_albany,9.946631907000274,2.6280165253287606
2025-08-01,33.68320676359264,21.63493378001024,38.22431934663625,25.055498066014454,4.201722694446354,207.68841226612005,epoch_google_new_albany,13.168821280621795,12.048272983582404
2025-08-02,16.491186868045254,18.516715402158315,12.305553834914859,15.864781779430333,3.0540608291619944,231.53323585364922,epoch_google_new_albany,-3.5592279445154738,-2.025528534113061
2025-08-03,23.574737914794824,26.05222141765514,27.630441394427528,24.617938286093498,2.4076915513364243,277.7774150065711,epoch_google_new_albany,3.0125031083340303,-2.4774835028603164
2025-08-08,22.63553941631741,21.731765103712863,25.01396033422931,18.96086175626694,2.2899753337665425,328.2538107034234,epoch_google_new_albany,6.05309857796237,0.903774312604547
2025-08-19,30.21503904770333,28.191254281526213,25.25901711618154,28.67400830519876,2.9403843247666117,24.365511620503923,epoch_google_new_albany,-3.414991189017222,2.0237847661771156
2025-08-27,36.3447894033161,24.671154289260976,25.565091947226477,23.872433728274824,2.3016760362564246,128.6259361082283,epoch_google_new_albany,1.692658218951653,11.673635114055124
2025-08-30,7.884672121948998,11.762815514100387,11.426337600460748,10.522986940204662,2.400419164312661,197.4762507251076,epoch_google_new_albany,0.9033506602560859,-3.8781433921513893
2025-08-31,15.594534110160428,21.084035063517913,22.249019884768092,21.89111509662834,3.100331712319696,222.89917654542774,epoch_google_new_albany,0.35790478813975213,-5.489500953357485
2025-09-01,16.08805991400809,50.754755095230955,7.593058510162983,20.765981229560744,2.426167054649772,272.23341630696626,epoch_google_new_albany,-13.17292271939776,-34.66669518122286
2025-09-14,25.972195288082972,20.54990420211858,30.02164333460431,29.55770979568258,2.084444607028578,244.72283085598428,epoch_google_new_albany,0.4639335389217294,5.4222910859643925
2025-09-18,54.694961551263354,35.46276374725531,46.67890885108615,33.03075087263908,2.070651693801334,146.35130604571054,epoch_google_new_albany,13.648157978447067,19.232197804008045
2025-09-25,36.55162803766028,18.83797187250943,24.229782974186776,19.37828369392593,2.5472648915370293,114.25862538156326,epoch_google_new_albany,4.851499280260846,17.713656165150848
2025-09-30,42.084609386815785,34.511182144651706,54.162783702528564,46.52483985848342,2.555351053905153,203.8562076473138,epoch_google_new_albany,7.637943844045147,7.57342724216408
2025-10-01,35.80350322245835,31.715760673605903,46.533106772634,32.22188390700275,2.9126370403548014,222.89170039188147,epoch_google_new_albany,14.311222865631251,4.08774254885245
2025-10-05,32.32556696348634,37.488354833859944,27.039877717816815,26.909309615801266,2.1400888368499205,10.891397979937778,epoch_google_new_albany,0.13056810201554825,-5.162787870373606
2025-10-08,33.109012159024864,32.33943466146894,20.552681807174,30.515253356863525,3.899379082641556,172.64491642451503,epoch_google_new_albany,-9.962571549689525,0.7695774975559218
2025-10-09,22.011169485597474,28.048931812658612,34.565256380032885,17.891158003836846,2.4390374919720386,245.63254817604786,epoch_google_new_albany,16.67409837619604,-6.037762327061138
2025-10-10,34.3411961874853,57.46243185404373,47.33431855246845,41.710338128790795,2.9405261505284392,3.32183498208866,epoch_google_new_albany,5.623980423677658,-23.121235666558427
2025-10-12,33.753555398900275,29.752264286867934,40.23817730000769,26.33436354511896,2.7519465602745017,263.0228295693574,epoch_google_new_albany,13.90381375488873,4.001291112032341
2025-10-13,33.42863839340717,35.91506408986684,42.123771885683624,33.46032668282791,3.4470252574052074,187.5693521503686,epoch_google_new_albany,8.663445202855712,-2.486425696459669
2025-10-14,27.124341631002064,23.531422164007452,38.727121837071884,29.117246608871966,3.044528078207227,188.5263212891234,epoch_google_new_albany,9.609875228199918,3.592919466994612
2025-10-16,33.32124909885042,25.854486218412436,28.68924976125258,27.207604963344092,2.0947914529346945,190.4844788030829,epoch_google_new_albany,1.481644797908487,7.466762880437987
2025-10-17,36.266292233787546,56.626750314243054,41.06551775467293,38.21125007312207,2.3507380005721297,358.08653657400583,epoch_google_new_albany,2.8542676815508585,-20.36045808045551
2025-10-18,13.326726288020836,18.319196750242902,10.477435978130082,18.47466491648179,4.433413157862871,10.266298603443374,epoch_google_new_albany,-7.997228938351707,-4.992470462222066
2025-10-20,63.84229156898872,42.42861963345631,34.92451146020689,71.18381162721279,3.105844681418365,68.01743884259469,epoch_google_new_albany,-36.259300167005904,21.413671935532413
2025-10-21,57.39568826687551,39.90718594526795,39.33940500309889,51.50378685761672,4.042769246298013,60.04381263355651,epoch_google_new_albany,-12.164381854517828,17.488502321607562
2025-11-04,80.39875106208476,157.51320958432808,134.63145872455954,107.85809993949773,2.8682413396520965,58.94478968309443,epoch_google_new_albany,26.773358785061802,-77.11445852224332
2025-11-05,30.495021371024446,50.079338710460135,47.09251717233967,40.968368326760334,6.852430952817031,81.2694863796649,epoch_google_new_albany,6.1241488455793345,-19.58431733943569
2025-11-12,87.27422671178508,69.7441247528527,88.40725601838709,62.83505393028565,6.389674313493934,95.16785459814241,epoch_google_new_albany,25.572202088101434,17.530101958932377
2025-11-13,75.18846331377321,56.79100737732548,65.70885408237167,70.18792541556185,3.7928010129397487,99.7510192954341,epoch_google_new_albany,-4.479071333190177,18.397455936447734
2025-11-16,39.66764405116257,31.92646995688221,42.1369722308266,35.47782992134231,6.068720323879159,119.1745261706215,epoch_google_new_albany,6.659142309484288,7.741174094280357
2025-11-17,61.79476473291173,38.14556003349191,47.40936154569042,40.53676106625567,3.2322269274666855,110.95825966499251,epoch_google_new_albany,6.872600479434752,23.64920469941982
2025-11-22,62.49613968090201,28.67308606296804,43.359465152386946,39.47463988908381,2.3215192911122564,146.12996885409694,epoch_google_new_albany,3.884825263303135,33.82305361793397
2025-11-23,58.502607158439254,35.802150321602625,56.43894319949627,50.83614987833591,3.7434289633472546,105.37879867293168,epoch_google_new_albany,5.602793321160362,22.70045683683663
2025-11-24,78.7354531007732,103.4020779053405,108.24788332394421,79.45106086627594,2.1609268252486364,330.9109209186245,epoch_google_new_albany,28.79682245766827,-24.666624804567306
2025-12-09,26.799082392081747,44.41233787143784,49.620352341949165,24.357959946619726,5.315295681254663,21.972742507840792,epoch_google_new_albany,25.26239239532944,-17.613255479356095
2025-12-14,56.88668156702819,30.34366719737561,41.53402480420561,37.93059155426682,4.693104845648791,119.74721500830486,epoch_google_new_albany,3.6034332499387887,26.54301436965258
2025-12-21,41.21318679284841,20.459583863522838,27.36270936323224,23.245429268931762,2.8388142517929893,140.8512845269213,epoch_google_new_albany,4.1172800943004795,20.753602929325574
2025-12-25,35.53931439965018,46.641814178205856,79.10009041281795,36.33430264503536,3.355458814050734,205.56499896602767,epoch_google_new_albany,42.76578776778259,-11.102499778555675
2026-01-08,57.89364828667911,69.29738090445728,58.16672871891661,40.7164620586794,3.298804308050186,326.2675203204384,epoch_google_new_albany,17.45026666023721,-11.403732617778175
2026-01-09,51.73004267192913,81.75396751785016,73.64804744725629,61.19661316788948,6.502141598336711,93.7283241492247,epoch_google_new_albany,12.451434279366808,-30.02392484592103
2026-01-13,22.459461722242644,52.0808716744777,45.60844648773237,22.82720166439889,5.9444191499466985,31.10666923698028,epoch_google_new_albany,22.781244823333484,-29.621409952235055
2026-01-18,36.702059071626415,39.0754471282956,39.66633787718727,37.073688185064064,2.991669770154396,64.16721133799626,epoch_google_new_albany,2.592649692123203,-2.373388056669185
2026-01-20,113.16075908373386,46.68514116862962,68.15491555602047,72.84385769341372,3.6989454495552927,70.16252677365117,epoch_google_new_albany,-4.688942137393255,66.47561791510424
2026-01-22,32.87771570417277,26.808785039996863,32.78178525690499,37.05873888077442,4.336709170960122,81.93485594039169,epoch_google_new_albany,-4.2769536238694315,6.068930664175909
2026-01-23,85.59626070527945,98.86951647231066,93.249869034878,75.98913384075529,4.9610399328098325,138.48975871753566,epoch_google_new_albany,17.260735194122717,-13.273255767031216
2026-01-28,115.83699917717296,52.517258038735044,80.99758489687339,80.7383641239695,4.29885225480032,77.54050087167167,epoch_google_new_albany,0.25922077290388756,63.31974113843791
2026-01-30,29.723022394587147,23.083742372379767,32.65082678288996,23.88407511599405,2.479235966475885,199.3993120082136,epoch_google_new_albany,8.766751666895907,6.63928002220738
2026-02-01,62.7761816275569,23.97416433520031,41.28395795871142,38.69055289371599,2.5891692432416082,110.49837142740637,epoch_google_new_albany,2.59340506499543,38.802017292356595
2026-02-04,37.33269722733497,35.712031003879154,44.11113089103241,26.697656066149946,2.368254194658246,199.6097714213026,epoch_google_new_albany,17.413474824882464,1.6206662234558138
2026-02-07,29.089654886499385,20.855729291334328,21.87070863399852,22.186552605434716,4.802653574713272,143.57537570485863,epoch_google_new_albany,-0.3158439714361947,8.233925595165058
2026-02-10,39.766459607573275,72.13498193098374,55.692663304594994,70.51714049529193,3.422079652332763,41.64807246672035,epoch_google_new_albany,-14.824477190696932,-32.36852232341047
2026-02-11,40.80042888284275,24.7131951699355,30.732401728513338,33.82578043702131,5.061056241546123,121.59850539151591,epoch_google_new_albany,-3.09337870850797,16.087233712907253
2026-02-13,35.71813526793242,93.42444453762343,50.61248895683162,83.3925677781912,2.116206561711386,54.21830565216072,epoch_google_new_albany,-32.780078821359574,-57.70630926969101
2026-02-16,35.5839059834309,33.30499683229052,59.01588131619717,25.86948964395596,3.3421084554861564,26.22877045844831,epoch_google_new_albany,33.14639167224121,2.2789091511403825
2026-02-20,45.60490145476919,30.221588298666013,31.00198933428557,36.01206623949678,8.108697361982568,71.56631269473678,epoch_google_new_albany,-5.010076905211211,15.383313156103178
2026-02-21,46.898779876990346,30.33686871926346,35.79839030308809,29.7202310634219,2.2645146994012313,109.6317885393409,epoch_google_new_albany,6.078159239666192,16.561911157726886
2026-02-24,50.07123005309824,83.37245676114536,67.92597535227617,62.820058852345845,4.7447101704216195,19.64287099492816,epoch_google_new_albany,5.1059164999303235,-33.30122670804712
2026-02-25,70.87141366298032,43.41239714225578,57.25775625865678,47.42398995463016,6.16056200147868,79.95849165192669,epoch_google_new_albany,9.833766304026618,27.45901652072454
2026-02-27,51.092834494524375,78.52492418843356,70.3242581444917,61.63007854547685,3.7417508528482184,35.67321324953241,epoch_google_new_albany,8.694179599014845,-27.432089693909184
2026-03-01,33.89603286612502,32.411151558343235,30.586091084545032,21.826749092152866,3.799289744288733,195.70540851114617,epoch_google_new_albany,8.759341992392166,1.4848813077817837
2026-03-06,31.262983332823065,44.128423850741875,35.14932717374914,32.13060622624539,3.9386198961158954,15.870405159497238,epoch_google_new_albany,3.018720947503752,-12.86544051791881
2026-03-08,33.98152802019733,28.923252005398783,31.38332108654507,32.77178551936591,3.384501759337764,72.13657718495858,epoch_google_new_albany,-1.388464432820843,5.0582760147985475
2026-03-09,29.15822387205172,37.95844242768017,40.29153957844664,25.057975034161295,5.075473886074474,26.086704481092,epoch_google_new_albany,15.233564544285343,-8.800218555628447
2026-03-13,58.6339876222621,39.398931074115374,56.493645388694326,46.535471396767925,11.48684050506036,69.21913830897228,epoch_google_new_albany,9.958173991926401,19.235056548146723
2026-03-15,13.939175356533736,6.439427617419983,17.98847455062698,16.569578725564664,7.373079356400677,359.6998848464046,epoch_google_new_albany,1.4188958250623145,7.4997477391137535
2026-03-19,55.93497334422448,98.64245450924695,94.91936476562911,86.30498770536846,2.4322926457663576,39.22403184290607,epoch_google_new_albany,8.61437706026065,-42.707481165022465
2026-03-22,31.927321242610347,24.640763453690905,26.041762365634003,21.221879717331564,5.1786258535453955,68.29709819946106,epoch_google_new_albany,4.819882648302439,7.286557788919442
2026-03-26,24.41666050295157,30.079460856265435,29.219605148623216,26.907456825672217,6.677668291553376,42.27763008166761,epoch_google_new_albany,2.312148322951,-5.662800353313866
2026-03-27,50.74487541004385,36.01191034049022,28.22597322868986,46.06477487947573,3.503840628035585,164.76053929825162,epoch_google_new_albany,-17.838801650785868,14.732965069553636
2026-03-29,59.03374788653652,59.8324409491942,58.863433329664424,48.46134422643868,4.312970050739823,35.43280581686628,epoch_google_new_albany,10.402089103225741,-0.7986930626576836
2026-04-03,17.844975978696507,18.869220066504415,17.53264355195573,15.00303367900861,4.852132345253438,45.71453582552999,epoch_google_new_albany,2.5296098729471197,-1.024244087807908
2026-04-07,26.500609890988677,5.309717865309931,29.854079683424665,21.140093219870057,2.7742687674120248,192.40903741392216,epoch_google_new_albany,8.713986463554608,21.190892025678746
2026-04-08,26.70274427713827,59.957254290687885,41.23789334039337,35.91819994099487,2.9250506873356126,340.83384886614095,epoch_google_new_albany,5.319693399398503,-33.25451001354962
2026-04-09,33.19797020771981,48.149105281673464,43.392098030280785,45.9488479000667,5.1628360059734275,57.44792072204075,epoch_google_new_albany,-2.556749869785918,-14.951135073953651
2026-04-14,40.23172229547917,48.84530488682238,45.97735816481109,42.18701570880838,5.003812701479318,51.44766015818345,epoch_google_new_albany,3.790342456002712,-8.61358259134321
2026-04-20,27.286304558245906,18.419102339040307,20.449837634630565,17.094638094534535,2.975179033829092,144.59279520153768,epoch_google_new_albany,3.355199540096031,8.867202219205598
2026-04-21,35.61231948546995,35.11316447052601,43.04860469727907,34.50720830814898,5.970767752003342,38.041359142290844,epoch_google_new_albany,8.541396389130085,0.49915501494394476
2026-04-22,40.26999559212095,39.35229709980473,39.85027001574952,44.1389651195171,3.7867366959202498,63.64046958639665,epoch_google_new_albany,-4.28869510376758,0.9176984923162195
2026-04-23,34.95216886213332,28.58229690756048,30.928493099359947,49.67720033565788,2.804123856154393,56.799962578337045,epoch_google_new_albany,-18.748707236297932,6.36987195457284
2026-04-24,41.776412478556246,49.22018147570437,57.312734890242766,50.801396792547074,3.7022238431464953,42.736589323153,epoch_google_new_albany,6.511338097695692,-7.443768997148126
2026-04-30,24.200320894945452,15.826645249802114,23.779259144331828,43.06208286679163,4.601214635004459,125.03985452751158,epoch_google_new_albany,-19.2828237224598,8.373675645143338
2026-05-03,44.64136923305739,34.79435065280409,35.191086617416985,41.52275841076811,5.1818475449700205,57.67779233832971,epoch_google_new_albany,-6.331671793351127,9.847018580253298
2026-05-04,22.978004472356194,31.611398365292345,26.075844264310298,32.26002725646851,6.0582166714016825,42.6105016352783,epoch_google_new_albany,-6.184182992158213,-8.633393892936152
2026-05-07,33.313590068414825,20.760844465465144,27.671165156461377,25.75686867862882,5.2214811019876235,119.395905949363,epoch_google_new_albany,1.9142964778325577,12.552745602949681
2026-05-09,21.120645913127248,20.820539704310153,25.954836840620008,28.369650046868237,4.591520034398588,51.44253008188292,epoch_google_new_albany,-2.4148132062482297,0.3001062088170947
2026-05-10,33.63751956345245,25.35245305399869,31.06428294694874,26.845653833285716,2.9306949429059306,149.60791754754564,epoch_google_new_albany,4.218629113663024,8.28506650945376
2026-05-11,48.25762208004096,41.4761408287294,51.38320120825329,41.476141926087934,2.675682706349619,100.90680287687212,epoch_google_new_albany,9.907059282165356,6.781481251311561
2026-05-17,43.79676569825283,47.58216221790493,42.601437829197835,41.95437843839306,4.4156660900410785,18.596538652686775,epoch_google_new_albany,0.6470593908047775,-3.785396519652103
2026-05-19,17.138079142258498,19.48304682874296,17.67054909926466,16.553976579921773,5.516953530331708,40.34485236362309,epoch_google_new_albany,1.1165725193428884,-2.3449676864844626
2026-05-28,36.6433604221203,40.29517923521868,46.76445521633808,35.13084518465393,4.182141747949034,180.6746102773191,epoch_google_new_albany,11.63361003168415,-3.65181881309838
2026-05-30,26.606307422289635,25.979485242843488,29.01903293513949,25.200229395915056,3.651092353578279,227.22523756585244,epoch_google_new_albany,3.818803539224433,0.6268221794461475
2026-06-02,31.696056230449905,33.20224701182855,34.11754766718737,27.534993773910802,4.045207567939455,228.79712879225042,epoch_google_new_albany,6.582553893276565,-1.506190781378642
2026-06-05,28.010701465489678,37.55443954698181,34.73928863360324,31.1645525201673,4.612071590345744,33.55305830059592,epoch_google_new_albany,3.574736113435936,-9.543738081492133
2026-06-11,65.34329759827855,44.118001712099264,50.05494655124099,63.45098877621307,4.663715763791894,75.44255054927834,epoch_google_new_albany,-13.396042224972085,21.22529588617929
2026-06-13,30.29820178838297,32.58353998577038,29.422287401953877,38.45550438348619,3.073980722861732,44.66485375424361,epoch_google_new_albany,-9.033216981532316,-2.2853381973874107
2026-06-18,27.319737328680194,38.85243365681806,37.494260136486,32.78642975140698,6.685432810365636,85.77703062055014,epoch_google_new_albany,4.707830385079021,-11.532696328137863
2026-06-19,30.468634406503323,22.54120964393193,21.395171264392705,20.28098561633099,5.003954730919284,112.01604329058989,epoch_google_new_albany,1.1141856480617136,7.927424762571395
2026-06-23,14.557210164637027,16.20485071241257,8.530315282198918,20.944817405009566,4.364145001255994,162.20052353522635,epoch_google_new_albany,-12.414502122810648,-1.6476405477755414
2026-06-30,24.846393423927033,23.03093570073755,25.26779446986509,26.605905734479503,4.212045534830581,46.04035199686513,epoch_google_new_albany,-1.3381112646144118,1.815457723189482
2026-07-01,53.77460096973691,53.67137881759497,45.67833061287456,61.57413311471457,2.7190777002570328,41.513215219425774,epoch_google_new_albany,-15.89580250184001,0.10322215214193875
2026-07-02,26.18025667956516,29.312055884785657,28.102574876562983,36.66425710200196,2.0671479674214,65.47265366397795,epoch_google_new_albany,-8.561682225438979,-3.1317992052204957
2026-07-03,21.338246123618777,21.088842175376257,21.780407491114627,29.555226765637467,2.6825624144703513,73.2753711659185,epoch_google_new_albany,-7.774819274522841,0.2494039482425201
2026-07-04,16.563627119983174,10.723574750428387,14.091748397457579,29.443710412242012,3.083481033936661,59.62639440519325,epoch_google_new_albany,-15.351962014784434,5.840052369554787
2026-07-05,23.19467779196121,24.841763280587625,28.93707902343371,31.7981409307069,2.7406084740331385,71.56797663397452,epoch_google_new_albany,-2.8610619072731893,-1.6470854886264128
2026-07-09,38.405616230388425,32.06784896420673,32.0783939971652,39.50947782149704,3.3392924678960245,89.32091126521442,epoch_google_new_albany,-7.431083824331843,6.337767266181693
2026-07-12,14.30653440047371,22.000181752804743,25.143669995412626,13.96641081796475,2.400549071540938,228.62216464038448,epoch_google_new_albany,11.177259177447876,-7.693647352331032
2026-07-15,22.035100937839424,16.88486795856748,13.774906201331978,19.384046060732388,2.3392415551679067,82.32873316243143,epoch_google_new_albany,-5.609139859400409,5.150232979271944
2026-07-19,20.335849526032966,17.77732375988954,22.722058075527098,14.212606739196023,2.485843800635908,181.49910434582682,epoch_google_new_albany,8.509451336331075,2.5585257661434255
2026-07-28,22.92368629508312,13.886786444236494,20.72225417663962,13.976006246636622,4.540558226250372,165.5539066877975,epoch_google_new_albany,6.746247930002998,9.036899850846625
2026-07-29,2.836509528060417,10.683260800678818,9.414027370519218,7.921352411621175,4.267642498758394,174.21129452782543,epoch_google_new_albany,1.4926749588980428,-7.846751272618401
2026-07-30,39.00041702960703,15.179011208285191,39.00041758400576,10.428379893157091,3.793445472496001,170.57839496329052,epoch_google_new_albany,28.572037690848667,23.82140582132184
2026-08-03,30.166689577580836,20.252832857029347,27.28559395286692,29.546978669738298,2.602590647773533,182.35765325629703,epoch_google_new_albany,-2.2613847168713797,9.91385672055149
2026-08-08,21.88457510260775,20.41892721341557,25.413296003548247,25.354827754967957,3.985567482871489,58.94998661290276,epoch_google_new_albany,0.058468248580290094,1.46564788919218
2026-08-09,23.568460194776854,28.12635241667967,24.293991809846386,28.414293367887975,2.1109439763914994,68.43275676356575,epoch_google_new_albany,-4.120301558041589,-4.557892221902815
2026-08-18,39.39508798506415,39.79825392436204,39.27851105671003,39.242752862395236,2.0840575833285593,123.0621795228626,epoch_google_new_albany,0.03575819431479488,-0.40316593929788525
2026-08-22,14.463780518237998,9.079308207883951,12.101329647081306,15.735007904693564,3.5220169614188035,75.32389862660602,epoch_google_new_albany,-3.6336782576122584,5.384472310354047
2026-08-23,-3.79661509274153,5.9546166275039605,-0.8140428115979349,-4.028020858997463,4.287286412210464,110.68857907596578,epoch_google_new_albany,3.2139780473995283,-9.75123172024549
2026-08-26,27.782138093063764,40.36380262883666,29.25029747872919,34.31663425416193,2.7128648039755,35.04059816062954,epoch_google_new_albany,-5.066336775432742,-12.581664535772894
2026-08-28,22.624558379874944,21.001221340022955,21.852385182005502,15.39273119921124,3.019125890782616,204.93919437647335,epoch_google_new_albany,6.459653982794261,1.6233370398519895
2022-04-08,22.016094331411058,21.761638942435724,25.745286005856272,28.894924761709333,3.400779720980847,51.96630925782097,control_1,-3.1496387558530614,0.2544553889753338
2022-04-13,120.331465891886,94.90822749805575,99.02498333044905,97.3080160661938,3.93510851481211,355.790307678933,control_1,1.7169672642552456,25.423238393830246
2022-04-14,33.31997244263402,17.122772180592758,19.33814905958153,20.4862160213303,4.388787186365134,74.72299624463017,control_1,-1.1480669617487713,16.19720026204126
2022-04-15,2.4353172653082273,13.423013532965484,4.937124063550014,3.775022695105483,6.356816594096769,38.95053920553789,control_1,1.1621013684445312,-10.987696267657256
2022-04-17,14.18391525004616,18.45298347409159,12.380451557541093,10.305850056368868,2.2603916046167054,231.85319253646273,control_1,2.074601501172225,-4.269068224045428
2022-04-20,24.864663617743705,29.93054520028307,19.092116461496158,30.591333548403156,2.024566300739242,333.9485565003712,control_1,-11.499217086906999,-5.065881582539365
2022-04-23,27.46870701100393,36.04694857245155,27.95109534625517,32.48967857017735,3.8055665123971942,41.17577183029954,control_1,-4.538583223922178,-8.57824156144762
2022-04-24,23.654913947272387,21.66541276203299,18.71990151138499,23.04993961573815,4.51414988698663,30.402090924703714,control_1,-4.330038104353161,1.9895011852393978
2022-04-27,37.12531160203457,33.410340815302035,38.08138649755878,38.41962790402812,5.677623862789961,127.452637696789,control_1,-0.3382414064693364,3.714970786732536
2022-04-29,38.883453398507335,57.27940958365112,41.876921683114674,48.761213076822855,2.093873815140409,271.81195740249245,control_1,-6.884291393708182,-18.39595618514379
2022-05-02,43.088769765042784,39.633727549893024,40.171991407449404,43.61720120651109,3.031938067602952,85.23208389515537,control_1,-3.4452097990616863,3.45504221514976
2022-05-08,22.97055825184143,26.83702523221142,30.10617768568046,31.353825936379298,2.5823719446605007,268.61661030233074,control_1,-1.2476482506988376,-3.8664669803699887
2022-05-09,26.602485570096675,30.954514859299117,28.664576194497847,29.84326675040961,2.9731877921692886,313.2254002978773,control_1,-1.1786905559117642,-4.3520292892024415
2022-05-10,38.679936983395656,30.852219785581134,37.04080052851001,28.268297038594792,2.717789800698063,333.435519769636,control_1,8.77250348991522,7.827717197814522
2022-05-11,32.85026473676897,39.94667956033744,36.53367369162553,30.274804653847443,2.3080712831659045,269.8184193390893,control_1,6.258869037778087,-7.096414823568466
2022-05-12,47.64747257858401,51.50890627526148,46.75681531354096,58.57767509749316,3.0029830461988505,285.14507286055016,control_1,-11.820859783952201,-3.861433696677473
2022-05-13,45.319577306936814,44.25794394130705,39.204974759390936,38.0660064462504,2.0062041667100057,315.7472684236841,control_1,1.1389683131405377,1.061633365629767
2022-05-16,41.39796456354049,25.180906976451162,26.311375324334243,26.343452676261034,4.5019829945662035,100.33184714166163,control_1,-0.032077351926790953,16.21705758708933
2022-05-17,36.63247323001722,14.382833656196318,22.361258341566778,20.134638227267036,4.281109386207437,125.5120510628459,control_1,2.2266201142997417,22.2496395738209
2022-05-19,20.94996243918491,23.999548289498637,21.36089519212065,17.731228791607837,3.236160162594247,46.73480196042016,control_1,3.6296664005128143,-3.0495858503137256
2022-05-21,27.68560475267192,23.706465362642433,11.55590407764582,28.09351317214126,3.1411096109155783,36.97697115821978,control_1,-16.53760909449544,3.979139390029488
2022-05-25,49.88492126589188,52.34646821690658,39.22436996563029,39.45481947750527,3.5380487825036355,324.7939851920411,control_1,-0.23044951187497986,-2.4615469510146966
2022-05-29,14.348362137598421,13.671372595287117,29.948188698111377,15.22607965927408,2.7223796479285367,359.11313727428535,control_1,14.722109038837297,0.6769895423113041
2022-05-30,23.232263738577426,28.40493579124613,23.753638888531615,32.891491470260696,3.452586007148732,20.22167674325908,control_1,-9.137852581729081,-5.172672052668705
2022-05-31,22.914221577021145,27.281248181661624,18.498799018259106,24.65767226585896,3.4140172102969064,52.18199679675206,control_1,-6.158873247599853,-4.367026604640479
2022-06-01,34.83854219349529,38.29419150476378,30.7591967169436,53.08096550444513,4.282094182262202,66.96293090350741,control_1,-22.321768787501533,-3.4556493112684876
2022-06-03,25.85768457069265,26.20708719936431,26.011159424366113,27.37094076832459,2.77629311050707,135.58953014937248,control_1,-1.3597813439584776,-0.3494026286716583
2022-06-05,27.020318702756136,31.106980911096738,25.389053379983533,24.54304182369149,2.155034888198032,334.22037357192625,control_1,0.8460115562920443,-4.086662208340602
2022-06-06,27.445984638101375,26.03895027745034,16.47198947531088,35.68351904215756,4.2276923418978996,9.147390957846483,control_1,-19.211529566846682,1.4070343606510356
2022-06-08,54.994007766865124,72.09215270711377,58.872780459540955,57.629395064064916,2.2146234027564025,9.093333037097068,control_1,1.2433853954760394,-17.098144940248645
2022-06-15,16.42174316520437,15.29369979012641,15.009936401399258,16.487123930909696,2.7227492413859173,40.41105634142946,control_1,-1.477187529510438,1.128043375077958
2022-06-16,22.30097036150669,26.750607397211194,16.398967948666368,19.56376454669382,3.5184001094668456,82.97730802889129,control_1,-3.164796598027454,-4.449637035704505
2022-06-17,51.365463983469496,42.27632695857062,36.44465823931937,40.25582678474607,4.941986176544768,124.73381813116504,control_1,-3.8111685454267032,9.089137024898875
2022-06-18,12.963366231924251,14.63913462063804,21.973333092483244,15.829435557258961,4.241177452622238,172.3047705754093,control_1,6.1438975352242835,-1.6757683887137897
2022-06-19,19.116045951873893,17.440139434341386,20.263517760746563,20.04326594759432,2.164718501025867,163.23841696867157,control_1,0.22025181315224174,1.675906517532507
2022-06-21,44.359559895498954,42.26178450200107,47.216250925969284,45.31982053555716,3.3305652645600157,65.71930450758555,control_1,1.896430390412121,2.0977753934978836
2022-06-22,38.28340208612253,26.768917972649408,23.359106902570918,32.29930595108024,3.3214512607065974,119.68461286165416,control_1,-8.940199048509324,11.51448411347312
2022-06-23,18.179330281142285,25.126917181702233,31.456839632614308,23.278557694056744,2.9461805573090496,170.6350762327187,control_1,8.178281938557564,-6.947586900559948
2022-06-27,20.015548346941745,19.34400991646285,19.61650638816792,21.33409301927441,3.569550750836182,125.98901661521518,control_1,-1.7175866311064887,0.6715384304788969
2022-06-30,32.215238491849014,39.84551776451072,34.16542541138933,39.46271579555653,2.5752345070151,17.45344982383432,control_1,-5.297290384167198,-7.630279272661703
2022-07-01,35.883524982575416,19.63800685006521,34.895425277493416,32.73433306226109,4.315512780059701,58.74886320933393,control_1,2.1610922152323226,16.245518132510206
2022-07-02,44.64724275641921,28.27603696344574,35.70343584327776,47.13791458668775,2.4578037214834128,130.0087544149037,control_1,-11.43447874340999,16.37120579297347
2022-07-11,13.335857517062648,10.125295638715638,9.347738981861664,10.667320032012759,3.6871237488442445,43.14992473188664,control_1,-1.3195810501510952,3.2105618783470096
2022-07-12,17.388925447706548,19.015708009158175,15.305822950947165,15.720805488049008,4.285739386710699,100.45290184589481,control_1,-0.4149825371018423,-1.626782561451627
2022-07-13,27.582488855191873,15.343399806039708,30.65655899367993,26.836728792359747,2.5744782190294595,80.93021849389544,control_1,3.8198302013201832,12.239089049152165
2022-07-20,20.313763295630032,14.677357158175234,27.111339978332403,21.93788069672851,4.710610694781963,37.6546686252716,control_1,5.173459281603893,5.636406137454799
2022-07-21,23.358990222199914,34.637735090590525,22.846497169049876,19.84851147272404,3.827090340020892,96.34155400847192,control_1,2.9979856963258342,-11.27874486839061
2022-07-22,40.55489586376108,38.15477293841935,43.25315529613299,40.5258973040162,3.322979196776024,99.52292074241461,control_1,2.7272579921167903,2.4001229253417335
2022-07-28,29.947503987398054,33.33893783881041,33.9447701446372,34.95779688778996,3.216299866175363,91.5226512369889,control_1,-1.0130267431527642,-3.391433851412355
2022-08-02,28.143012920334563,31.14320023656104,36.79350468412502,23.824308161062064,3.437697623179392,120.20607701298292,control_1,12.969196523062955,-3.0001873162264765
2022-08-03,45.0275565636766,39.65087160306425,43.61666778458123,45.761220048815005,3.6504974939338823,32.80036111663799,control_1,-2.1445522642337735,5.376684960612344
2022-08-08,26.578677024868078,26.78314098357656,16.38525119427129,28.74014837324738,3.5756352227518744,42.17700378674829,control_1,-12.354897178976088,-0.20446395870848022
2022-08-12,12.903663624134609,12.125743827866136,11.251969774359585,10.784573418550691,2.2312507945411477,201.294226217977,control_1,0.46739635580889427,0.7779197962684723
2022-08-15,26.157594275605682,14.740438241209825,12.909149529270042,19.234855393970975,2.8478987716552515,197.42977905871817,control_1,-6.325705864700932,11.417156034395857
2022-08-22,30.549535906069536,28.28819602896807,25.123863537571857,24.90013226278775,3.0241620745470077,133.4117433823485,control_1,0.22373127478410737,2.2613398771014666
2022-08-23,22.880613198622008,27.73539587065074,14.312064492573944,10.477447874325323,2.3617032544293037,93.73409521808566,control_1,3.8346166182486208,-4.854782672028733
2022-08-25,20.443772131169663,26.126912785622782,20.461118727933737,26.59427707839269,2.502992523553354,56.175227737565365,control_1,-6.133158350458952,-5.683140654453119
2022-08-26,16.45596015769074,24.261860332296127,23.970559860577794,17.260374252654405,2.7226130076626642,117.11298721149683,control_1,6.710185607923389,-7.805900174605387
2022-08-28,29.875765823464214,31.5823896617161,30.639939068789644,30.19082286075251,2.240368718399093,348.30346901193263,control_1,0.4491162080371325,-1.7066238382518861
2022-08-29,19.69466180410941,25.847708792335077,28.4346251445323,22.453308659168464,3.389750367732223,26.740707518272586,control_1,5.981316485363838,-6.153046988225668
2022-08-30,27.718817157018155,33.64915733924093,21.908318787933556,26.27985810622655,4.258845772292668,108.92737411132379,control_1,-4.371539318292992,-5.930340182222775
2022-08-31,18.510363900732084,15.68929347314545,11.174706150723726,22.214121731603225,3.0822123929469245,109.15564206018234,control_1,-11.0394155808795,2.821070427586635
2022-09-09,27.206361360147955,28.65498443826722,30.99179424224966,16.298861446620286,2.2108965229459394,329.3336833607366,control_1,14.692932795629375,-1.4486230781192653
2022-09-12,23.7609450183498,29.80069141209269,29.43884644723453,20.351380191532595,3.2664043641849787,79.11979034729023,control_1,9.087466255701933,-6.039746393742888
2022-09-18,35.521072429027605,39.20896523682347,43.96364423213995,41.412462230445435,3.275149955633928,47.31211082277616,control_1,2.5511820016945137,-3.687892807795862
2022-09-22,2.4727186537907673,10.527041074270999,27.823579407497267,10.527040939501775,5.106496660119516,149.16719462551407,control_1,17.29653846799549,-8.054322420480231
2022-10-02,26.543132601403723,12.990244138769823,16.93656998962926,22.372838497921876,4.41728946623732,202.3665814656358,control_1,-5.436268508292617,13.5528884626339
2022-10-03,34.57884226828133,38.02727902793175,38.867719312842745,37.18044738541271,2.961068596884923,209.29021910978125,control_1,1.6872719274300323,-3.44843675965042
2022-10-04,56.91214782024192,52.66494884864321,50.60085888835004,48.42929412782006,2.805126375598689,177.58511556427334,control_1,2.171564760529982,4.247198971598706
2022-10-06,45.834698873691224,82.05124035433296,54.17674146694948,58.81143297415084,2.41906318356433,48.71796180172504,control_1,-4.63469150720136,-36.21654148064174
2022-10-08,33.46548112858956,31.8207265803227,22.021822813392923,31.439737604806357,2.5558234555297408,94.41018333463148,control_1,-9.417914791413434,1.6447545482668602
2022-10-09,27.43139505535241,23.590090652768176,28.482330678274213,33.693898820392505,3.0949596506917305,71.0314871985384,control_1,-5.211568142118292,3.8413044025842353
2022-10-11,17.940513662805845,30.97089497325791,27.669969299498252,23.59238245624901,2.6917620374053826,357.32436109448093,control_1,4.077586843249243,-13.030381310452064
2022-10-12,38.0290554884176,28.45804302289106,34.009986757559275,34.52995323167466,4.555873784025994,16.8059523984399,control_1,-0.5199664741153853,9.571012465526536
2022-10-13,25.244111157823923,12.967123307088388,13.024376007572789,17.190155466359993,4.7903055135683905,78.24278679427607,control_1,-4.165779458787204,12.276987850735535
2022-10-14,21.285771281273444,52.39281964481535,33.77428852371399,40.33381391967108,4.975019700988851,48.11500398757653,control_1,-6.559525395957088,-31.107048363541903
2022-10-15,6.6479144729772255,6.940828434920766,6.189173989860212,11.652736391172198,3.2133028345797623,74.2574442145717,control_1,-5.463562401311986,-0.29291396194354036
2022-10-16,30.677997264554016,36.54841315200322,29.42443174995052,35.74522814011969,3.7448661458017574,41.80257942421241,control_1,-6.320796390169171,-5.870415887449205
2022-10-20,53.688666627887415,75.46409607799282,48.158094431942715,61.903361663147365,4.454720089789668,58.72642082441314,control_1,-13.74526723120465,-21.775429450105406
2022-10-21,36.02577584437924,44.27831996999897,40.56001247839444,38.251877357507226,4.599306446658574,13.307202583664548,control_1,2.308135120887215,-8.252544125619728
2022-10-22,24.383988389916617,31.089821948827765,31.80887015175089,30.22144848886296,3.099027283249624,352.5764186572702,control_1,1.5874216628879303,-6.705833558911149
2022-10-23,37.00169889570531,42.02156110538728,31.363604295360393,37.57914292154791,2.3892827755408135,328.6131989125683,control_1,-6.21553862618752,-5.019862209681968
2022-10-24,42.58879708402222,52.881700756085394,57.887507618234025,46.43815711985993,2.4555879766838964,346.6774152190746,control_1,11.449350498374095,-10.292903672063176
2022-10-27,47.12665939388384,38.38515692100403,46.32229708051299,54.680974045679754,2.6480109528411995,226.6279726394244,control_1,-8.358676965166765,8.741502472879809
2022-11-04,45.59705301989084,43.05553242478457,44.09964385177865,41.75741983265516,4.0176162734551975,7.859275303035645,control_1,2.342224019123492,2.5415205951062703
2022-11-07,37.78148594723161,29.560362594732727,27.43395269899931,36.18243510684966,2.4069968972576667,160.04307267647482,control_1,-8.74848240785035,8.221123352498882
2022-11-08,35.715746491897555,25.92443639478626,37.18191854960432,34.813428199851586,3.1552312359338135,234.84460269169898,control_1,2.368490349752733,9.791310097111296
2022-11-09,48.7651867908115,64.36214252845195,57.83819099089427,56.179288292043516,2.6688494515541605,336.2774468600987,control_1,1.6589026988507527,-15.596955737640457
2022-11-10,46.62774375350875,48.153286735190484,34.958180638784626,45.18967336318133,2.7370894907608583,356.8131624542512,control_1,-10.231492724396702,-1.5255429816817312
2022-11-18,66.01409002481314,53.78638314167472,62.68445338771698,42.70772725629763,5.070122814554202,80.4842275149997,control_1,19.976726131419348,12.227706883138424
2022-11-19,47.00711690097219,41.71313271092874,45.031074069371385,48.05120039376808,4.979382179565523,40.05592387723476,control_1,-3.020126324396692,5.293984190043453
2022-11-20,48.58584941545871,44.9290909833715,50.615242984463094,42.86008484674664,2.9346262591129357,84.61386021242089,control_1,7.755158137716457,3.6567584320872086
2022-11-21,25.57863505081158,29.126425661883786,28.628881871579676,28.965525021292446,4.2743204574939,31.155248281502338,control_1,-0.33664314971277065,-3.5477906110722053
2022-11-22,68.87610962901493,79.14235242545853,70.15111189225223,73.74947501815411,3.12253601347718,31.522058508394764,control_1,-3.5983631259018836,-10.266242796443592
2022-11-23,62.224101599916295,62.962845837000565,70.11808078301355,66.66648232929425,2.0324138000278196,29.970879681098324,control_1,3.451598453719299,-0.7387442370842692
2022-11-25,27.152551645025987,25.886912118165778,38.68847971840013,23.984199484948245,3.1617619448570484,124.99246192664214,control_1,14.704280233451886,1.265639526860209
2022-11-29,31.046239369332575,47.9324386000745,44.551383017250956,57.64702861143437,3.823889367610464,340.9584441217189,control_1,-13.095645594183416,-16.886199230741923
2022-11-30,50.07046368358103,42.17099938780402,40.66013735516935,43.37063015146429,5.691359543397,87.81802089380966,control_1,-2.710492796294943,7.899464295777015
2022-12-03,41.24952480164513,33.59480982110135,41.61040059805389,44.79566588404759,4.552499870001094,118.03511529295668,control_1,-3.185265285993694,7.65471498054378
2022-12-04,26.543120267253773,40.752802377762116,35.75010016762327,39.04269002655261,2.2851279141839944,50.21958141598071,control_1,-3.2925898589293396,-14.209682110508343
2022-12-05,36.63599941675347,29.264916562332807,31.967355031996973,16.03544672743651,2.3659471360065676,347.80185449898147,control_1,15.931908304560462,7.3710828544206635
2022-12-09,38.87994387268177,34.2933376220598,43.52188610391232,34.64068246500969,2.738901619157162,256.4765703690148,control_1,8.881203638902633,4.586606250621969
2022-12-13,44.11128186481478,69.71000631678797,48.35062150981105,44.70239922681649,2.0385244550884183,279.77674517536144,control_1,3.64822228299456,-25.59872445197319
2022-12-30,84.94430135331741,89.64804084891163,64.16181456808953,76.83423832820256,2.7110800915163455,9.865558301017131,control_1,-12.672423760113034,-4.70373949559422
2023-01-17,27.163255510824705,30.380844248825163,25.127278067527516,35.959202831212664,4.7557338116481045,56.947401827236774,control_1,-10.831924763685148,-3.217588738000458
2023-01-19,14.306132793724858,24.42400280599216,21.053262116401147,15.075756588661383,4.831811411553093,47.58698991009345,control_1,5.977505527739764,-10.117870012267302
2023-02-03,5.572152593633071,17.414254538688454,10.007049946556116,3.5959732420908517,4.561681038983975,137.14327130760273,control_1,6.411076704465264,-11.842101945055383
2023-02-04,35.29834216858674,34.980694084849176,39.427046006308856,31.30821377618745,4.305738346503415,19.712329703752232,control_1,8.118832230121406,0.31764808373756637
2023-02-09,45.93593145870061,40.771557167119134,24.23105101291511,43.00929495835815,6.877568480037415,29.86847160068072,control_1,-18.778243945443037,5.164374291581474
2023-02-12,23.24438768984243,30.56426471761015,23.493715644021922,27.32284961909858,2.160397864798398,193.09598590188892,control_1,-3.829133975076658,-7.3198770277677205
2023-02-13,74.57214430436542,78.88584506186746,79.41781364859396,83.8178821091701,4.578327892416732,87.88037013849959,control_1,-4.400068460576136,-4.313700757502033
2023-02-15,31.843016721111162,41.515231330553156,34.51286874701617,31.277400486075198,6.064823738024987,53.0234576985593,control_1,3.235468260940973,-9.672214609441994
2023-02-18,26.722904114696174,16.874590405927425,27.208106504687063,24.441029317815463,4.1579094439861235,35.15494882437088,control_1,2.7670771868715995,9.84831370876875
2023-02-19,12.546128641114464,14.974204696543579,17.606471765294195,15.672562242171221,5.5501824054023405,43.32525491139137,control_1,1.9339095231229742,-2.4280760554291145
2023-02-21,21.847221136061094,20.16723112164609,29.14958487225193,8.701694095393016,5.278715481948077,97.44751808110186,control_1,20.447890776858912,1.6799900144150044
2023-02-23,38.875002837946376,32.06756713895898,35.09437693564564,34.46069082838876,6.208517594291797,60.00686227637988,control_1,0.633686107256878,6.807435698987398
2023-02-24,48.97677437791031,47.92667186792357,45.664609325459494,47.95301714327457,2.4857220120696635,159.64722825477054,control_1,-2.2884078178150773,1.0501025099867434
2023-02-25,51.87751006887454,54.07922212140394,45.66913772961983,62.600546503216464,2.116715155177963,92.78271340677531,control_1,-16.931408773596637,-2.2017120525293947
2023-02-26,54.399907813607584,27.611521752111294,42.89542966137545,43.403629818403616,3.247652459125174,88.88706208752933,control_1,-0.5082001570281633,26.78838606149629
2023-03-01,45.3539530465776,45.33232339253748,46.203197370069596,43.38937524565419,3.2189791382694852,29.596313254170354,control_1,2.8138221244154025,0.02162965404011885
2023-03-02,39.686975052717145,28.236017211870504,39.165039676988854,36.21399137426797,2.963992230153568,132.1118633790088,control_1,2.951048302720885,11.450957840846641
2023-03-04,40.42003016917672,20.673021545230775,25.99631103609763,31.871766209931106,2.4404381549331995,89.84906855073683,control_1,-5.875455173833476,19.747008623945945
2023-03-06,49.94421630236472,39.726284486814386,42.41738458585984,32.651416346318655,3.29489749527204,20.124456199285532,control_1,9.765968239541188,10.217931815550337
2023-03-07,38.38437712679859,35.59829665238076,40.28346386185379,35.99595434580218,4.785184724343496,179.68081744608025,control_1,4.287509516051607,2.7860804744178296
2023-03-08,25.23156596250959,35.60099211601084,30.632893334058775,23.490003592833794,2.856063541775618,185.44789947377015,control_1,7.14288974122498,-10.369426153501255
2023-03-09,35.974430520013435,30.67019616261967,30.687154675131488,37.256547922619994,2.2041713721132608,239.02501961847364,control_1,-6.569393247488506,5.304234357393764
2023-03-20,29.87140230859415,42.03817024587948,35.747429751031895,39.35949912243929,3.9282108494671264,39.315221212402776,control_1,-3.6120693714073937,-12.166767937285329
2023-03-21,14.5858164587493,23.8585464746065,23.846378569414608,22.7622610380112,2.6803713755125007,12.737328497327326,control_1,1.0841175314034075,-9.2727300158572
2023-03-25,23.332589497174972,6.887262143141269,23.329844719864095,11.370146336891818,9.14244878787048,61.31823013289659,control_1,11.959698382972277,16.4453273540337
2023-03-28,-4.33083344294415,-13.038473401030577,-2.411916653157144,1.3666088149072422,2.5290613193194327,173.48358369945765,control_1,-3.7785254680643865,8.707639958086428
2023-04-03,43.96536315003517,27.95735269492512,37.27452644696731,47.73910539869331,3.591096337343243,27.33318828818392,control_1,-10.464578951726004,16.008010455110046
2023-04-04,35.81607112340648,39.447703708592506,28.531131046755107,32.45176257023761,3.15129517295361,5.5075589669285705,control_1,-3.9206315234825055,-3.6316325851860256
2023-04-09,13.259111325899022,12.40952024417728,11.668063506525005,19.313184276723785,2.3254478347306877,223.7302419637579,control_1,-7.64512077019878,0.8495910817217425
2023-04-11,106.58163723500867,62.87230708484005,131.3555900240318,88.14531175198746,3.0912716038991714,78.02927083399436,control_1,43.21027827204435,43.70933015016862
2023-04-12,44.10126845038428,52.41676061607872,51.22786409412916,54.809900785328274,3.903307017786326,66.12645125207149,control_1,-3.5820366911991144,-8.315492165694437
2023-04-13,31.89528393679477,35.98418260044522,33.74447423467,37.5727495303508,2.1015623869118163,36.93633394442554,control_1,-3.828275295680797,-4.088898663650454
2023-04-15,28.02369119868177,31.454353014366518,32.61541548935584,35.469382646115655,2.337863029627926,62.4877348046702,control_1,-2.853967156759815,-3.430661815684747
2023-04-18,46.500759841691604,35.09075009302706,52.26127817594562,48.59321471237424,4.823514253977215,90.7465011704715,control_1,3.6680634635713787,11.410009748664542
2023-04-20,27.15081425085185,23.784077766089382,26.080772399521997,28.313258843493742,4.433166904372503,33.09173521079231,control_1,-2.2324864439717444,3.3667364847624697
2023-04-21,44.75845214114629,47.83649089813608,52.35346840549186,48.205757992131105,4.157336604746876,34.246530977107795,control_1,4.147710413360755,-3.078038756989784
2023-04-22,12.54799135961853,-4.40703982154255,1.5790042713479926,11.425613422203885,4.997215506105538,72.66280447541942,control_1,-9.846609150855892,16.95503118116108
2023-05-09,24.274460877637534,7.082829966508787,19.729585618703215,20.87316274665912,3.520436282069343,176.96784674344156,control_1,-1.1435771279559042,17.191630911128748
2023-05-13,32.94818192007379,55.77162778520105,43.12978386089914,37.38296488401719,2.8339443279233603,242.65411630234632,control_1,5.746818976881947,-22.823445865127255
2023-05-14,22.257775984671646,11.861168393868532,1.0043791069836383,17.58624271606639,2.687272146918922,194.3484341304282,control_1,-16.581863609082752,10.396607590803114
2023-05-17,4.2719644807660515,0.8984165228181922,3.292978363789033,-2.868185667531877,2.9580036237702916,200.466018072681,control_1,6.16116403132091,3.373547957947859
2023-05-20,16.99201556123244,13.689482341708112,20.70513026359194,15.163381685823031,4.064977177313621,123.96192496469934,control_1,5.541748577768908,3.302533219524326
2023-05-21,21.99395306358011,17.649796158568083,19.359000623691497,18.300156894729675,2.273284241665644,141.542960193643,control_1,1.058843728961822,4.344156905012028
2023-05-23,27.167571213966337,27.85624203105136,25.954588981230046,21.715465595870846,2.2370809994814542,326.15254995980644,control_1,4.2391233853592,-0.688670817085022
2023-05-25,24.52829776903743,30.22860180129349,27.978734510536654,25.119900166448847,3.5333146233333776,219.22450447055618,control_1,2.858834344087807,-5.70030403225606
2023-05-26,23.67161280409951,28.905455213137046,29.885535879473373,28.458094399811625,2.9510670826710865,239.6594044832582,control_1,1.4274414796617485,-5.2338424090375355
2023-05-30,31.538518722685726,34.96719730732509,33.73194464400573,32.764465626703654,2.416662124001694,299.5137604597171,control_1,0.9674790173020753,-3.4286785846393606
2023-06-01,27.74684523769762,36.09843566698638,43.62734417562392,37.17395496695094,2.487096596499912,257.7687993762776,control_1,6.453389208672981,-8.351590429288763
2023-06-02,31.02255027237777,29.920768997164963,31.516613495002595,35.6626321772931,2.775121455771656,214.80756287510604,control_1,-4.146018682290503,1.101781275212808
2023-06-04,31.129264241307432,31.25520286226509,30.50234878738164,27.14036950647527,3.1017227215301744,222.94630793735092,control_1,3.361979280906368,-0.1259386209576583
2023-06-07,17.464698590816656,11.451375934186569,22.188962033111245,17.515251323804115,3.117166105565724,166.9654520332117,control_1,4.67371070930713,6.013322656630088
2023-06-10,41.66026006974299,28.71043820150342,40.32312467705578,41.717094155104824,2.4362752375318992,86.05020911880439,control_1,-1.3939694780490441,12.949821868239571
2023-06-14,23.58965143615168,20.328532858111007,16.64495489155718,22.25104394822214,3.527592496964975,119.97420428938591,control_1,-5.60608905666496,3.261118578040673
2023-06-17,22.350848258551142,23.3418941055067,17.2396813325991,19.008137223944473,2.505638058084944,139.73888687387182,control_1,-1.768455891345372,-0.9910458469555579
2023-06-21,28.532539130399485,32.70734450494432,30.236038167368395,32.17209482596598,4.281331767172666,267.3179267971839,control_1,-1.9360566585975825,-4.174805374544832
2023-06-29,22.273846851150626,25.343163993349087,26.25936535303141,22.250255668844602,2.20497121282868,11.932518363031193,control_1,4.009109684186807,-3.069317142198461
2023-07-07,0.6529016305934489,11.499824947290103,7.728981633879828,8.81439090997957,2.126815655552999,173.52176259092846,control_1,-1.0854092760997425,-10.846923316696653
2023-07-11,21.392131739746304,31.773406866096426,19.17998582528159,25.46889774799944,3.3688657447557837,67.46716174773042,control_1,-6.288911922717848,-10.381275126350122
2023-07-12,41.32720376212162,41.28311675253645,24.818717637218736,37.20564645944033,3.0235392079169556,42.6021904443154,control_1,-12.386928822221595,0.04408700958516931
2023-07-13,26.424200969814716,27.90476017066016,27.496685355361667,30.400979136085265,2.0928317037892996,99.13308572503354,control_1,-2.9042937807235987,-1.4805592008454447
2023-07-20,18.74355973176575,34.279172238311816,23.686143634882907,20.212404069981176,3.2669256710357337,36.49673866986393,control_1,3.473739564901731,-15.535612506546066
2023-07-23,6.059159768766528,11.345988400465583,13.018777857093571,9.467340323056828,2.408034004453827,21.36577864349323,control_1,3.5514375340367437,-5.286828631699055
2023-07-31,18.374143768673978,18.62337659788787,18.69702841109944,16.92654500444313,2.4572520373372195,181.0190345483711,control_1,1.7704834066563073,-0.24923282921389145
2023-08-04,18.211790162615298,14.685479402140192,15.148634618186566,15.227638539103543,2.180187338900394,128.95008253409844,control_1,-0.07900392091697661,3.5263107604751056
2023-08-08,12.617930873744182,3.08065331094321,12.907920902874762,11.051636698892608,3.2387480155102772,102.54955187343216,control_1,1.8562842039821543,9.537277562800972
2023-08-12,20.93712901159668,17.27794761813944,8.96671438333518,19.415410609862597,3.642340985249348,45.49347239160761,control_1,-10.448696226527417,3.659181393457242
2023-08-13,22.27749564204556,28.06538621436179,17.94944571955994,22.080812721784053,2.9785163012097327,77.03778995886887,control_1,-4.131367002224113,-5.787890572316229
2023-08-22,25.66991192156203,24.851241792995012,29.652583506856928,24.05641078830448,2.161729872586382,198.2660680094862,control_1,5.596172718552449,0.8186701285670175
2023-08-23,19.372753726882646,29.568897688578264,16.25427228641908,25.761600660351515,3.1449919911091433,67.29387377883268,control_1,-9.507328373932435,-10.196143961695618
2023-08-24,27.318881986650858,54.97894721549978,44.76250873435868,41.38423979844998,3.981331888082236,69.0854403993298,control_1,3.3782689359087,-27.66006522884892
2023-08-25,33.60960402899381,29.44906074365014,25.745810185737593,30.82890036530225,3.2763701441079283,155.07245863431876,control_1,-5.083090179564657,4.1605432853436675
2023-08-27,12.131527805629277,14.781704458338098,12.121118671056992,12.228580993246323,2.3488831091783178,213.10845477128458,control_1,-0.10746232218933116,-2.6501766527088204
2023-08-28,25.30718019773923,24.68264101717112,31.874859892565958,17.375126932999045,2.2412839801689564,182.73681712698465,control_1,14.499732959566913,0.6245391805681066
2023-08-31,19.705283233095564,21.660500655585615,16.56562123005985,14.254410872221852,2.842557191824508,212.80284330603058,control_1,2.3112103578379983,-1.9552174224900511
2023-09-02,17.919272532821644,29.412916253629625,6.96217049434756,20.90751478027591,2.2963911030520863,76.9508802243937,control_1,-13.94534428592835,-11.493643720807981
2023-09-03,22.580951127799086,31.6045794246767,13.418301555645394,30.007264816258626,3.113798545323044,81.64287222056652,control_1,-16.588963260613234,-9.023628296877614
2023-09-04,27.15432628820328,22.428730111545352,24.18864246348938,20.57000529587635,2.360764813155452,60.69866085048159,control_1,3.6186371676130307,4.725596176657927
2023-09-06,15.777206151202277,26.766718139148914,19.53505240700854,14.29298448784776,3.256879430443116,38.68673309966084,control_1,5.24206791916078,-10.989511987946637
2023-09-13,22.061533218928982,6.045166526630313,19.693788060690387,22.69439457016843,2.2141884240532934,163.1969603080089,control_1,-3.000606509478043,16.016366692298668
2023-09-18,27.146304162720078,10.893941627116625,21.421067981310433,7.172916462553544,2.962629579575213,129.95882053142174,control_1,14.248151518756888,16.252362535603453
2023-09-21,26.668219953127178,31.719869323622813,30.392900703124216,32.046936173807154,2.559861052811611,277.43645841205364,control_1,-1.6540354706829383,-5.051649370495635
2023-09-22,13.891822769255608,16.333311380412603,15.455399338875322,17.123568921455657,3.0029432244163896,247.72372491954104,control_1,-1.6681695825803349,-2.441488611156995
2023-09-23,41.987151973118365,33.29948847927136,40.70431659006825,38.21852993246666,3.281365331834299,228.3045187421822,control_1,2.4857866576015937,8.687663493847005
2023-10-10,52.22618749093702,68.85988853066564,54.597113125364054,70.64367756435871,3.6776976608641494,70.50394949665088,control_1,-16.046564438994658,-16.63370103972862
2023-10-11,48.03033972931356,82.5168149364024,69.4344785596748,59.57601658810199,3.2374776549200606,58.603103443036616,control_1,9.858461971572808,-34.48647520708884
2023-10-13,35.51111912188493,38.51328121099059,31.313849041924367,23.52723383913898,2.8652828556041308,273.14144378895554,control_1,7.786615202785388,-3.00216208910566
2023-10-18,33.835577062383045,36.43685520956062,35.90857309347643,35.77344800989024,2.4996401295542157,11.51972402553082,control_1,0.13512508358618902,-2.601278147177574
2023-10-24,33.02044623795879,33.8181690671071,37.94470034382834,42.83401132271969,2.7455684446454294,11.263376925423358,control_1,-4.889310978891352,-0.7977228291483129
2023-10-25,10.25291108601339,28.24572824109869,19.77362340930239,24.689338221761428,3.764982536797744,30.632825736904124,control_1,-4.915714812459036,-17.992817155085298
2023-11-01,37.846166032122355,34.56119486953996,35.37415895219751,37.55492921073926,2.8969138434673614,134.20390322046842,control_1,-2.1807702585417488,3.2849711625823943
2023-11-02,54.77972762756935,48.99321056058833,49.896384871762535,45.36269728469694,3.8265159133296156,22.94478926400285,control_1,4.533687587065593,5.78651706698102
2023-11-03,53.8325839235685,51.41189253205965,49.64929672158986,60.897634401287995,4.284202518701477,21.646724829370953,control_1,-11.248337679698132,2.4206913915088464
2023-11-04,48.64053234421755,46.90224774408428,56.64412322174828,53.41036628809517,2.4570549088244404,34.43402156330325,control_1,3.233756933653112,1.7382846001332695
2023-11-06,61.31396691230506,38.475406822731586,49.024779162259705,48.59571900990686,4.411783757460662,14.521485661369695,control_1,0.42906015235284656,22.838560089573477
2023-11-07,64.25849439701881,43.28037860436454,32.69132021308681,69.83423693692751,2.929916795380362,116.46510079692098,control_1,-37.1429167238407,20.978115792654265
2023-11-08,49.303289338644454,51.827321247236746,48.84081798518391,46.95760794585121,3.843996373142916,328.37692741476445,control_1,1.8832100393327025,-2.524031908592292
2023-11-09,57.7469092577808,52.310321200772044,51.17418713060884,45.4431894384133,3.2516005455313794,134.79039092420618,control_1,5.730997692195544,5.4365880570087555
2023-11-10,69.86329357937126,72.21735957304408,76.90974117988443,68.22522137793106,3.5588945694072804,58.130686306772134,control_1,8.684519801953371,-2.354065993672819
2023-11-13,105.6935503732709,85.27952896248478,106.87881997516612,88.65587369983636,3.7475971546891804,113.42897464576936,control_1,18.22294627532976,20.41402141078612
2023-11-16,73.47525238755463,80.43764740236884,73.4349681284528,76.18909293582767,2.592587157077616,3.994703456711079,control_1,-2.754124807374879,-6.962395014814206
2023-11-23,55.01636134466783,66.58936684093355,59.94964877946245,64.99055541016698,2.9143741175646207,65.6633840082601,control_1,-5.0409066307045265,-11.573005496265722
2023-11-24,40.0084185599473,32.74735670660607,31.256501743062184,39.654878470951076,3.2675949406098526,182.96463775727165,control_1,-8.398376727888891,7.261061853341232
2023-11-29,64.120139306781,82.77790811248187,76.45755780752245,71.46457667045433,4.043975855648483,42.02283796408068,control_1,4.992981137068114,-18.65776880570087
2023-12-04,54.85242061313654,22.579326187624837,43.1537669532089,24.95007789763874,2.880911846268983,104.65925794607722,control_1,18.203689055570162,32.2730944255117
2023-12-07,38.27753559300316,69.83763061708652,47.14924883068474,49.17493879260442,3.4881989261118207,57.069425554539066,control_1,-2.0256899619196815,-31.56009502408336
2023-12-08,25.88445980567642,31.522721789709824,34.295164730029896,24.703020625608147,3.437905039583427,14.579010589549114,control_1,9.592144104421749,-5.638261984033402
2023-12-12,71.05819318519958,87.02654078691995,72.01321804767029,68.22854591172971,4.0207277134436765,51.053123943894605,control_1,3.784672135940582,-15.968347601720367
2023-12-20,0.24287564376179283,17.86820113040689,7.915115842375829,12.380344898233876,2.1275084280181558,357.73021943722694,control_1,-4.465229055858047,-17.6253254866451
2023-12-25,29.98904352926889,24.411165613557134,22.773456074211726,25.935407939873876,2.9930347329606364,312.3950790412309,control_1,-3.16195186566215,5.577877915711756
2024-01-03,40.48499072820934,58.59765011001743,61.57776272405313,42.8466916302906,2.867132805481941,52.36899915831793,control_1,18.73107109376253,-18.112659381808093
2024-01-14,41.190376452329005,41.54516611390888,35.64071486470473,41.633998723148316,4.017167010998612,80.74174081504998,control_1,-5.99328385844359,-0.354789661579872
2024-01-16,52.57886290046175,33.566505465427234,38.053430238108696,44.668626200972724,3.395740706017759,87.63703068317182,control_1,-6.6151959628640284,19.012357435034517
2024-01-17,38.6043527369746,37.59993626452264,37.50713273014112,34.122398774557574,5.039100803982344,47.0102829889513,control_1,3.384733955583549,1.0044164724519575
2024-01-19,37.6279215255649,38.18446050560992,47.627770185576196,26.589320355537765,4.367216688177994,122.48517232911604,control_1,21.03844983003843,-0.5565389800450191
2024-01-20,45.62991303427843,15.392575677643523,34.88484596300484,20.10925845223336,4.262719132909127,115.43292826197859,control_1,14.775587510771484,30.23733735663491
2024-02-01,53.94180214922691,54.098862451341105,54.01450782478643,56.03650149531005,3.7879728575057388,42.315194415639326,control_1,-2.021993670523621,-0.1570603021141963
2024-02-04,32.408524279854674,43.321072805205176,37.666777692526225,33.42447934373893,2.2610711730659,217.6276946496736,control_1,4.242298348787294,-10.912548525350502
2024-02-05,33.3672083823962,39.020386722355255,43.0755892910019,29.507667075627815,3.060807339076747,190.6665914415653,control_1,13.567922215374082,-5.653178339959055
2024-02-09,19.580393192500704,18.844112917432355,20.22537528698609,12.730641563178743,5.311729464770518,39.004467190849766,control_1,7.494733723807347,0.7362802750683493
2024-02-18,31.37572293745996,45.966987020235116,40.00340544530739,40.960391713044615,5.1354445065668495,61.946641415333374,control_1,-0.9569862677372214,-14.591264082775155
2024-02-21,47.78782528561825,44.08002034998019,51.92989632823027,38.73886530955205,3.6887154539438787,23.026195471557344,control_1,13.191031018678224,3.707804935638059
2024-02-23,41.49214030990185,84.36959016845438,65.87100653774414,73.2523999323918,3.2289571305150053,87.17078878668752,control_1,-7.3813933946476595,-42.87744985855253
2024-02-24,14.103118396230913,14.993200105764249,16.665529998356384,13.111621536629505,3.595823646615266,169.3676495015444,control_1,3.553908461726879,-0.8900817095333355
2024-02-25,20.11407719678002,19.64151653073481,18.0829120723142,17.913137404442782,3.757619538264456,11.131864083504638,control_1,0.16977466787141893,0.4725606660452115
2024-02-26,36.7857845678715,39.23588083459796,43.719951534247954,43.265834542538066,2.209918055729913,357.6080446268711,control_1,0.4541169917098884,-2.4500962667264545
2024-02-27,33.21250550836564,35.785595761430145,23.91551582111121,30.039919418275414,4.192754935627957,29.569031347353643,control_1,-6.1244035971642035,-2.573090253064507
2024-02-29,82.0789964248654,49.79054252370773,67.9657393603329,66.19685045298587,2.6767440967641587,98.7670336117402,control_1,1.7688889073470335,32.288453901157666
2024-03-03,33.89810299000425,28.047679493234963,27.370002229766474,29.970932835415972,2.5546285588136604,349.6348063771433,control_1,-2.6009306056494985,5.8504234967692845
2024-03-04,28.623642448490884,25.37666956991012,35.74515811160345,25.549751694796182,2.910708778568514,3.875512531588072,control_1,10.19540641680727,3.2469728785807632
2024-03-11,59.52202234300579,72.85088828756729,81.3180969088121,75.88730533060219,3.822868121739808,77.85627682054326,control_1,5.430791578209906,-13.3288659445615
2024-03-12,34.57687711510741,61.541563272417626,48.620063798975316,59.81008224146127,3.9911128453521623,61.58767651275059,control_1,-11.19001844248595,-26.96468615731022
2024-03-13,25.154267667849165,44.85782570853639,36.981093340995734,41.252136504446334,3.0024075164211688,54.3241785760664,control_1,-4.271043163450599,-19.703558040687223
2024-03-16,23.35608822774957,26.860578890194006,26.43531770960215,26.542430608654428,5.025901902581973,46.61763536784065,control_1,-0.10711289905227872,-3.504490662444436
2024-03-19,40.33353134692163,51.12680068316997,47.589123884836994,40.871612976854806,6.148037857904554,45.986119195440324,control_1,6.717510907982188,-10.793269336248336
2024-03-23,17.354218061658543,15.52889115120029,18.914073556056895,13.581325603788118,4.547528679921646,178.35824529617798,control_1,5.332747952268777,1.8253269104582532
2024-03-24,37.76202039112685,30.959807019137436,32.734400930443336,20.822720134832338,3.180481119238581,279.3199967929969,control_1,11.911680795610998,6.802213371989417
2024-03-25,35.29240830096397,41.425721320995905,34.65702444876932,35.67931104940982,3.920626372042159,333.94938501252733,control_1,-1.0222866006404985,-6.133313020031935
2024-03-28,46.42209237506165,23.298027545807777,40.33475249990527,31.517307633858163,4.315388998218262,105.70902788018736,control_1,8.817444866047108,23.124064829253875
2024-03-29,47.887592518316524,41.40206054402198,42.693375929530966,39.200514468469805,3.0753163764090727,109.41493904105948,control_1,3.4928614610611604,6.485531974294545
2024-04-07,20.002762913445896,28.848589735131306,21.184189935679765,28.08518712719865,2.244480150584576,311.22359388519385,control_1,-6.900997191518886,-8.84582682168541
2024-04-13,15.350678424469306,5.893588883608858,7.759389356249701,6.621506042924293,4.617089716113936,107.10398887203274,control_1,1.1378833133254087,9.457089540860448
2024-04-14,23.914364779796646,28.131874602539835,31.926925578538786,31.680563048518728,5.947610683347568,53.0700993149037,control_1,0.2463625300200576,-4.217509822743189
2024-04-20,25.912050253712746,24.647728101892255,20.937337696429108,28.263938487714753,4.287969256929069,110.95179652047813,control_1,-7.326600791285646,1.2643221518204903
2024-04-26,41.49446838272,39.621416077673906,43.53255935535564,34.393165923037515,3.077530117850367,326.61487908416615,control_1,9.139393432318123,1.8730523050460945
2024-04-27,31.425252469530605,34.53189425785877,33.07811844067181,34.62175016419577,5.150336426086802,36.634527329920445,control_1,-1.5436317235239585,-3.1066417883281616
2024-04-29,41.26667158824262,44.01537485347924,36.386480750663246,30.701956359752252,4.595901991714905,29.85655528973524,control_1,5.684524390910994,-2.748703265236614
2024-05-01,19.257284868727844,22.156242868062492,9.123982765692503,19.198613633941527,3.9443612322840185,50.62661014992216,control_1,-10.074630868249024,-2.898957999334648
2024-05-08,30.463683549704434,28.78076623752811,31.458054993923852,29.201945919383903,3.0362284857702693,87.47776655684402,control_1,2.2561090745399497,1.6829173121763255
2024-05-11,9.007886540781588,8.806585604548875,11.225701776538337,11.766275429229863,5.7284488916838905,99.56218925022642,control_1,-0.5405736526915259,0.2013009362327125
2024-05-12,12.429840508128473,12.397540073868457,17.74487550687564,10.963187718708351,2.3683742860889927,120.02404012958493,control_1,6.7816877881672895,0.03230043426001572
2024-05-13,24.817207043312177,30.08818525938521,29.237930173899837,26.78016764962421,3.675194237243391,18.562417751770624,control_1,2.4577625242756262,-5.270978216073033
2024-05-20,23.01354139697668,34.69086842823814,32.205879339279456,30.362470725043405,2.114838167434327,16.540977219830836,control_1,1.8434086142360506,-11.67732703126146
2024-05-21,25.04235507044712,21.610396350416888,27.466411251097192,27.59990290722241,2.710850860258347,41.06997033823478,control_1,-0.1334916561252193,3.431958720030231
2024-05-30,14.305422564849563,19.82150654259896,17.682430032765932,18.071996482343458,2.678120063231633,155.86026841993146,control_1,-0.38956644957752573,-5.516083977749398
2024-06-01,19.65531400248553,14.706473700049594,19.1326668025644,18.624042439949378,2.7253551516494197,351.66556965220747,control_1,0.5086243626150235,4.948840302435935
2024-06-06,26.263014331420866,11.931875716724315,15.901687867257303,8.026055582903345,4.187771589744029,86.36283768586782,control_1,7.875632284353959,14.33113861469655
2024-06-07,18.22759124378161,16.696592111793027,24.697914476484623,32.55842590467734,5.326089877357889,107.37895562278783,control_1,-7.860511428192719,1.5309991319885832
2024-06-08,27.853166077052837,26.711637556294708,29.474380348366342,31.402629855555354,2.684323550613775,45.673871635720275,control_1,-1.9282495071890118,1.1415285207581292
2024-06-09,26.131703632920026,41.776168425084386,27.309386902757144,40.16573211460106,4.075655482375921,114.05819066819214,control_1,-12.85634521184392,-15.64446479216436
2024-06-13,40.25706941910527,38.13271857905133,43.50699095392921,38.838729485476115,2.8881039317591344,44.81280640204227,control_1,4.668261468453096,2.1243508400539426
2024-06-15,24.45628227175692,29.99232603734817,32.04995134452478,29.189657483066494,2.060014574408934,213.185629470796,control_1,2.8602938614582847,-5.536043765591252
2024-06-17,24.368524653211658,30.871357715048422,26.16458915062675,29.72572830583757,2.350838428000568,47.247533311819154,control_1,-3.561139155210821,-6.502833061836764
2024-06-22,25.54601174120863,23.54894643904877,18.471100731952568,26.335157004809865,3.136200076237981,63.420799039110136,control_1,-7.864056272857297,1.9970653021598608
2024-06-28,34.02935557733033,36.687585281413476,30.116827465489795,33.73889095210998,2.474001702036494,16.737069067240952,control_1,-3.6220634866201884,-2.6582297040831477
2024-06-30,19.42186575206013,19.10197377800422,17.488718514768202,18.50474488576384,4.293295259291599,150.7980934399709,control_1,-1.0160263709956396,0.31989197405590986
2024-07-01,28.51619472401695,26.744672379369714,26.553551753531934,23.08913624097161,2.497918458062032,225.3401087012137,control_1,3.4644155125603255,1.771522344647238
2024-07-02,24.76007144432917,25.641584452369766,27.965048165201765,31.25818733513331,3.1625210962077364,339.7831068972023,control_1,-3.293139169931546,-0.8815130080405957
2024-07-11,16.732700641882367,17.605796872104904,19.054143403475035,20.874585698564083,2.0010329780855654,146.75470604670966,control_1,-1.8204422950890482,-0.8730962302225365
2024-07-15,30.200587264427973,27.758743350313292,36.882333816183966,27.661868441039577,3.3509630279882736,76.5051343569765,control_1,9.22046537514439,2.4418439141146813
2024-07-16,32.2889339393671,43.60672403523927,36.68350075916816,42.96635736004,3.610424513495121,73.89072270404597,control_1,-6.282856600871838,-11.31779009587217
2024-07-18,20.795047281211083,-2.7594098526060336,12.027990207667516,1.7758987756304385,3.218121187585644,170.92227885503212,control_1,10.252091432037078,23.554457133817117
2024-07-24,26.576723492702957,15.286700316917623,29.45749037736045,21.71058562943717,3.6017754403374522,78.30588609933108,control_1,7.746904747923281,11.290023175785334
2024-07-25,24.890126782109235,23.223459164784966,20.249357537430264,21.783062788366834,3.029433216550336,132.95183294031608,control_1,-1.5337052509365705,1.6666676173242685
2024-07-26,20.20279870261007,22.938704829895233,21.61889180628243,22.05325285011388,2.084230204025688,201.4347893239083,control_1,-0.4343610438314478,-2.735906127285162
2024-07-31,23.95159274403043,29.183555639147055,33.82186178677645,25.84350382343175,2.668657953233697,54.042355480491835,control_1,7.978357963344703,-5.231962895116624
2024-08-06,27.639838538753274,30.70858765179001,24.457005516962905,22.086585465978658,3.051405309050103,59.067567925296146,control_1,2.3704200509842472,-3.068749113036734
2024-08-09,21.40059932224255,16.26412434484915,21.69435135346207,17.693200440871,4.0809938485758614,119.5177811280031,control_1,4.001150912591072,5.136474977393398
2024-08-11,31.665182249831073,21.021588677558423,26.338039569916415,22.734111172776156,3.3496126784511326,95.20506251731831,control_1,3.6039283971402583,10.64359357227265
2024-08-16,30.74539561095129,20.661484115978688,31.38793161316549,27.558162283416458,3.654321147437583,31.067356149393163,control_1,3.829769329749034,10.083911494972604
2024-08-17,24.276529035839125,45.55906238675711,39.56353387287635,23.409770540927255,4.12022314668066,30.90607831255386,control_1,16.153763331949094,-21.282533350917987
2024-08-27,44.59587152787195,41.79614688960876,46.291604197836136,43.623112749612645,2.8546343734591986,63.96713105001521,control_1,2.6684914482234916,2.799724638263193
2024-08-28,35.77407848200089,33.888576022867454,38.19198949386274,32.13982482411895,2.056461190281075,102.95368635992918,control_1,6.052164669743789,1.8855024591334342
2024-08-30,19.881583939677377,25.736729275935513,16.352476613131266,20.569861172166963,2.1145301393756113,70.85521231288737,control_1,-4.217384559035697,-5.855145336258136
2024-09-01,31.28116322867621,23.08703534504547,31.771574298960022,32.2850208079208,3.1009583878218807,115.37453854051125,control_1,-0.5134465089607794,8.194127883630738
2024-09-02,20.402110541961648,23.10514881054612,13.662060717431121,16.921038314450243,3.47476872293996,188.506990866258,control_1,-3.258977597019122,-2.7030382685844714
2024-09-03,24.76729115702734,20.467876420512106,28.678117464656207,27.859494170092635,2.3173554115564645,259.5412285175126,control_1,0.8186232945635723,4.299414736515235
2024-09-07,10.852764497167302,8.24405461727875,11.748489017151538,11.387027210335308,4.2325972034358665,138.87186768049378,control_1,0.3614618068162301,2.6087098798885524
2024-09-08,14.469998367670035,10.727572438206723,14.205361546092952,11.526363084965368,2.134675174371404,101.30856703235816,control_1,2.678998461127584,3.7424259294633124
2024-09-09,43.31280463776966,45.93643236696518,78.99013304576788,46.87863835331049,2.8963808568787153,83.20395722377498,control_1,32.111494692457384,-2.623627729195519
2024-09-12,29.858178015794504,35.541262431440735,30.582153957106517,31.189507972624938,3.0941974958412275,285.6873710926284,control_1,-0.6073540155184212,-5.683084415646231
2024-09-13,21.55119679947553,22.885221582614037,34.20413315959047,23.49910091683769,2.7865264899148294,285.70423009613074,control_1,10.705032242752779,-1.3340247831385064
2024-09-14,31.925316866277896,30.67590514734238,28.244252346033004,31.251059564777165,2.99253803276216,278.1535724116717,control_1,-3.006807218744161,1.2494117189355158
2024-09-15,26.16523871912305,33.22067662754229,34.9563749489764,32.84975840906374,2.230767505646116,274.9786444232575,control_1,2.1066165399126646,-7.05543790841924
2024-09-16,31.621713832514335,26.986845802765497,32.00545245771786,26.21237294187573,2.461530118559628,260.6585154886336,control_1,5.793079515842127,4.634868029748837
2024-09-21,36.0997367068319,36.541417994767514,39.82250999936279,24.80079134978936,2.6358799210484354,134.90173104947166,control_1,15.021718649573426,-0.4416812879356158
2024-09-22,48.73435295453494,37.09316178178429,36.45845192230767,42.44907331570795,2.1931362983956153,54.31143574251308,control_1,-5.990621393400282,11.641191172750652
2024-10-06,15.462257598116125,28.461818055286688,14.01485415492007,26.92011473397473,4.698503920366217,54.45792107023334,control_1,-12.905260579054662,-12.999560457170563
2024-10-07,22.30900461463626,24.869838493932647,21.128137430712233,26.69031977409548,2.4106342008946813,157.25199394203764,control_1,-5.562182343383249,-2.5608338792963856
2024-10-08,29.254178508270755,16.876866950313644,32.78821182285275,22.135702663794557,2.335710418977455,118.07647629389282,control_1,10.652509159058194,12.37731155795711
2024-10-09,24.143274967154028,21.999258971302734,21.9944873047863,26.519681178292878,2.698768525254716,136.98434385175062,control_1,-4.525193873506577,2.1440159958512943
2024-10-11,34.10160097216296,44.029390027615364,33.395368101444255,42.47971279646938,2.6650854076678234,55.62031074411448,control_1,-9.084344695025123,-9.9277890554524
2024-10-21,36.23667943438138,39.72803068684007,47.56342868478849,39.535345842051754,2.2040772815413976,45.539930732003086,control_1,8.028082842736737,-3.491351252458692
2024-10-22,47.31817059087803,49.9163233449007,43.2906113221063,45.47273089946948,2.8748611055373434,13.948369261075072,control_1,-2.1821195773631814,-2.5981527540226637
2024-10-23,62.17000412221301,79.57467192248619,58.957985947566215,75.05040944449722,3.6441704012245393,90.96469908805494,control_1,-16.092423496931005,-17.40466780027318
2024-10-25,76.31273491661969,76.29660968836674,69.55595946557445,69.96759003167513,2.9432545544698416,70.60858825100547,control_1,-0.4116305661006834,0.016125228252946044
2024-10-26,36.4283280271792,39.139781465251886,43.99314482356385,46.649129934016145,3.0890756810536706,156.87413572032483,control_1,-2.655985110452292,-2.711453438072688
2024-10-28,24.51975621037277,46.176021220592915,39.16162353753312,56.74863720397911,2.377679577006271,355.12416213526336,control_1,-17.58701366644599,-21.656265010220146
2024-10-29,33.42806425217273,34.29376183750171,40.86597206401878,39.99252504801921,4.876573736472159,31.63278905301479,control_1,0.8734470159995666,-0.8656975853289808
2024-10-30,36.97214129659424,39.44539883393581,44.85877842026221,38.76578128989117,4.073685792998405,35.56182765565666,control_1,6.092997130371039,-2.473257537341574
2024-11-01,43.666846863546574,38.70829998757527,41.15734182711955,38.836899376169164,2.6798567171880716,119.30165881563147,control_1,2.320442450950388,4.958546875971301
2024-11-03,68.5214276054016,73.81119827207542,62.49216681443517,76.42592700061786,2.8525504631969936,313.9277266253182,control_1,-13.933760186182688,-5.289770666673817
2024-11-05,25.861827047643168,31.30914234924387,37.07675227262808,29.344469862031268,5.250368708743769,26.69443657562732,control_1,7.7322824105968095,-5.447315301600703
2024-11-08,125.94006321931661,75.55931017593781,81.63729439649647,76.91950067875669,3.3626916685462396,103.77928658097613,control_1,4.717793717739781,50.3807530433788
2024-11-09,38.39281180928611,43.09116095895014,42.5232250997465,46.25809977593792,2.774912270897736,268.5080512361094,control_1,-3.734874676191424,-4.698349149664033
2024-11-12,27.369818320834383,34.342220826166226,39.51112388261414,37.15470123168229,3.260729125443502,213.86998885198247,control_1,2.3564226509318544,-6.972402505331843
2024-11-17,53.63884854827416,44.031639504945744,61.177968462702275,56.14675805497586,3.0981382266597466,12.720688513451933,control_1,5.031210407726412,9.607209043328417
2024-11-26,51.19843644019778,48.02021250613727,56.74868198217486,57.25118541048637,3.580001921585438,80.9541315466193,control_1,-0.5025034283115133,3.1782239340605116
2024-11-30,23.23256687143221,30.27984136255155,28.118769835491754,26.576860033895194,4.000370791007365,67.3523040844662,control_1,1.5419098015965602,-7.047274491119342
2024-12-01,34.97967482528679,28.4036216562409,24.57023118458946,17.982866900758022,3.0126527725482344,105.5282197171291,control_1,6.5873642838314375,6.576053169045892
2024-12-06,70.9799715325682,106.67574623668764,93.94178360275092,96.4640932920498,3.665084717832993,73.75795762175011,control_1,-2.522309689298879,-35.695774704119444
2024-12-07,78.24071369489384,83.72220257483578,87.06447545452203,89.64892730590915,3.9938951221286287,38.427476443217415,control_1,-2.5844518513871293,-5.481488879941935
2024-12-08,66.81365902925398,85.71633919347015,70.19461176745409,87.58802119424897,3.593279651401283,64.5364404975785,control_1,-17.393409426794875,-18.902680164216164
2024-12-12,65.05637602594196,48.55509461106114,72.66272389680493,74.81578946505765,3.368064968579578,78.34377209452254,control_1,-2.153065568252714,16.501281414880815
2024-12-14,76.18951921921557,46.87270389104496,50.37013516347249,57.889121778036994,2.1864918506816657,282.9340186430374,control_1,-7.518986614564504,29.316815328170613
2024-12-17,62.91808971085196,61.09818871326079,71.01968063570716,80.44737085306346,3.249713728420055,75.14270163336789,control_1,-9.4276902173563,1.8199009975911693
2024-12-30,33.04416297364498,31.863415287739834,25.810691071932794,31.65400211274505,3.162495163716948,75.616778979208,control_1,-5.843311040812257,1.1807476859051462
2025-01-09,63.56917156784985,37.42687010153937,50.04589543582689,42.13336930546086,2.035018838457474,112.00201302550096,control_1,7.912526130366032,26.142301466310478
2025-01-13,70.51465549785291,41.69697910081874,52.40295697535484,60.28550176457145,4.094368317039196,77.23872043818608,control_1,-7.88254478921661,28.817676397034177
2025-01-17,15.651967846754054,21.794254769796012,28.114556931628794,15.005333443507224,3.6344368399282767,1.6831306999005733,control_1,13.10922348812157,-6.142286923041958
2025-01-20,40.87273868607444,86.73152175926779,62.66865275962472,68.10589830207286,3.5725095254141594,70.68318886421025,control_1,-5.437245542448139,-45.85878307319335
2025-01-27,26.041409443435356,67.42644256612748,42.618689231273564,42.80793824485721,4.78207578514631,59.4518375026928,control_1,-0.1892490135836482,-41.38503312269212
2025-01-28,48.671072586921994,58.36596620364401,81.67974153633008,48.90842570375848,4.417493299383872,52.80220398331204,control_1,32.7713158325716,-9.694893616722013
2025-01-29,38.27161663892782,52.41074434054574,42.47584148379236,56.889981132978996,5.175618366549603,108.34486081557282,control_1,-14.414139649186637,-14.139127701617923
2025-02-01,15.227118050256838,27.624238358407418,28.979740226090993,25.429278436574002,2.1825135671523954,219.88506844551873,control_1,3.5504617895169908,-12.39712030815058
2025-02-04,39.2860036690838,40.82146354716249,41.73510045107879,42.3429717170292,2.8783550052534848,169.0205515965971,control_1,-0.6078712659504077,-1.53545987807869
2025-02-10,127.24778412058149,50.865191370402265,71.78024912153492,90.74215288038606,2.728700752548942,107.11653276551999,control_1,-18.961903758851136,76.38259275017921
2025-02-17,46.49448128609423,40.97784651415722,57.17607792759736,54.634897567039935,5.073565615198103,84.39946860297505,control_1,2.5411803605574264,5.516634771937007
2025-02-22,62.64541289611446,96.92004530059052,61.73648336622752,66.5760600365573,3.258838535759101,45.53358335290983,control_1,-4.839576670329777,-34.27463240447606
2025-02-23,47.95287256482164,36.48675638369748,33.767802942897816,32.11618278337018,2.712121225872517,51.02912998284319,control_1,1.6516201595276385,11.466116181124157
2025-02-25,64.2011918201694,54.55522505125824,37.60617785094606,59.9739402425481,3.8810155324054185,90.5385083763058,control_1,-22.367762391602042,9.645966768911158
2025-02-28,46.89981221080126,38.37028659575403,54.78257611783599,51.77341997004368,6.037096476553626,23.627586636499757,control_1,3.0091561477923037,8.529525615047227
2025-03-02,44.99059728769703,20.8738154447072,23.553321912783808,25.875264396654746,2.366200262269943,104.46288790494748,control_1,-2.321942483870938,24.116781842989827
2025-03-04,56.612687477023385,54.97908493125285,58.54497752309224,49.71293864323433,3.938240327894249,358.2782914021599,control_1,8.832038879857912,1.633602545770536
2025-03-08,30.63288851605255,19.5308946181802,31.458498773771208,17.561229716968413,3.430097316416372,119.59044667272815,control_1,13.897269056802795,11.101993897872351
2025-03-09,38.679281924847245,29.654361965141227,29.208871114803305,39.22200763494507,3.27373309272064,77.17864430921202,control_1,-10.013136520141767,9.024919959706018
2025-03-10,36.619511425594304,52.78199754895339,33.88078396848019,44.32232167377608,2.670322646130108,61.81240412586601,control_1,-10.441537705295893,-16.162486123359088
2025-03-11,55.87298413190169,103.55403903587589,73.2432716713248,94.69437343480527,3.5383055419337,83.19334832105648,control_1,-21.451101763480466,-47.6810549039742
2025-03-14,38.158408548845856,46.88518680277471,27.29093084173262,37.83052160736509,4.5647967198438115,356.9635115497812,control_1,-10.539590765632472,-8.726778253928856
2025-03-16,25.65026459960107,22.190798959060576,22.957616531560173,20.890811743827506,4.606261267434051,72.9139394507659,control_1,2.066804787732668,3.4594656405404933
2025-03-17,34.5290314631173,36.3462544494222,36.44085793996058,31.378563155598513,2.225199382795085,125.14255901816398,control_1,5.0622947843620665,-1.8172229863048983
2025-03-18,31.169932012003137,29.58230611694989,35.4327562433423,30.51887464257721,3.8888599585179886,9.624599901521776,control_1,4.913881600765087,1.5876258950532467
2025-03-21,8.436613717706695,32.920910349098826,38.23095295290016,22.04388871571896,3.9898900634254493,48.0927325252336,control_1,16.1870642371812,-24.48429663139213
2025-03-25,69.90955752961905,53.1862907913749,66.95579596152872,53.40911341327656,4.61548310187027,106.77723705166,control_1,13.546682548252164,16.72326673824415
2025-03-26,34.99234674856027,30.59584648438708,33.19574771863809,23.051968808246937,5.0320329414989935,122.96974713107085,control_1,10.143778910391152,4.396500264173191
2025-03-27,39.100409142863924,42.106779998311175,40.17409304926469,44.730439292264606,3.6297120970313728,62.383481287239874,control_1,-4.556346242999915,-3.0063708554472512
2025-04-07,41.80820767174913,17.855850238279977,17.815146558623823,31.34807902611438,3.200081004446752,77.88346177701021,control_1,-13.532932467490557,23.952357433469153
2025-04-08,15.46652147156626,12.932660984628258,20.379835579271568,13.237584899586434,3.5407043969712424,136.75943366707713,control_1,7.142250679685134,2.5338604869380017
2025-04-14,39.6721562216668,51.356891976338076,49.15238809546861,45.58314310625391,4.419654088425136,67.0882685902663,control_1,3.5692449892147025,-11.684735754671273
2025-04-16,41.23113492419557,27.53448911106552,48.06749082036499,30.764518347839132,4.0641834726977715,122.94928364499839,control_1,17.302972472525855,13.696645813130054
2025-04-17,33.517894219694405,34.7452109416591,32.505836975968116,24.231845702679248,2.204857575795116,353.87224354721076,control_1,8.273991273288868,-1.2273167219646979
2025-04-18,30.046347968812324,22.950811988320357,30.97762446721078,23.81493353709427,5.6374032977411215,25.217161602675503,control_1,7.162690930116511,7.095535980491967
2025-04-20,21.394764037654536,15.662629597928198,23.70220806145458,18.22973135690722,2.5483048535862824,264.67884522577936,control_1,5.472476704547361,5.732134439726337
2025-04-24,48.0731643681073,50.871610423442476,48.790140083568275,52.2999395602569,2.604662697767371,356.1839875712083,control_1,-3.5097994766886274,-2.7984460553351767
2025-04-28,35.72202871392942,30.60186747482232,33.14472252269584,35.478317527566844,2.668972956142708,345.84228293874224,control_1,-2.3335950048710075,5.120161239107098
2025-05-08,7.91530302777437,8.022547192313029,1.0903177362285377,3.352820823299064,2.4902089970595167,195.57129061964366,control_1,-2.2625030870705265,-0.10724416453865881
2025-05-09,37.23105171668735,37.15271112824808,36.16961394360799,31.58110316504259,3.114777771126317,181.9071700429855,control_1,4.5885107785654,0.07834058843926783
2025-05-14,24.278498960167262,18.80535155170801,31.478593827327366,19.10811246170346,2.3606097234100893,345.63939909692436,control_1,12.370481365623906,5.473147408459251
2025-05-18,31.341475357895867,1.3974576453950471,5.6870076296027525,23.87470524525983,3.477896249754123,114.38707626751375,control_1,-18.187697615657076,29.94401771250082
2025-05-19,37.33952265091481,27.09774264070205,37.056067440300886,31.98996532094477,2.2162616240699666,177.93939974390833,control_1,5.066102119356117,10.241780010212757
2025-05-24,29.349902890721243,21.204799475649907,23.36085973102343,23.46136224606725,3.8443799619913697,129.94204412528097,control_1,-0.10050251504381791,8.145103415071336
2025-05-26,40.95763087413274,41.14503497506183,44.809987865607326,41.03797335316882,2.8392980819148477,243.39150319127077,control_1,3.7720145124385027,-0.18740410092909343
2025-05-31,27.13622081679405,45.986239062555356,28.077868997859962,34.18126207248657,4.829392786430166,142.65544459882062,control_1,-6.103393074626606,-18.850018245761305
2025-06-01,9.893863035022232,7.599292661188183,11.873135028002277,8.679730752210537,2.519460190767343,128.00911065108573,control_1,3.1934042757917407,2.2945703738340493
2025-06-02,33.164392656787065,28.680654031384613,35.22473545998221,30.84754942461358,2.2599371667084736,50.62045939704325,control_1,4.377186035368634,4.483738625402452
2025-06-03,44.2811028187404,40.37820323440814,42.54453837976012,44.70327806689101,3.1111413210920063,359.53351697059145,control_1,-2.1587396871308897,3.9028995843322605
2025-06-04,24.275163228220624,22.647871485783185,19.89341890384391,27.11658677774152,4.210643278519902,32.34598466079984,control_1,-7.223167873897612,1.6272917424374391
2025-06-08,11.783102649779423,18.27863009419791,18.351009006624743,12.400476147213647,2.072693072481229,147.2027516598116,control_1,5.950532859411096,-6.495527444418489
2025-06-11,20.323251065961752,23.444843885641774,24.732940684919107,22.012861934662816,3.4428700533778613,41.831683800711915,control_1,2.7200787502562918,-3.1215928196800213
2025-06-21,17.890938896797,20.054181910415597,22.384148992736474,29.734166585755037,3.543180338084382,20.52484103723515,control_1,-7.350017593018563,-2.1632430136185974
2025-06-22,15.381656393146844,21.727540577023188,19.67093883836138,16.524076214799685,3.0215500689251162,56.87361512895461,control_1,3.146862623561695,-6.345884183876343
2025-06-27,35.31327913054333,25.253314113926674,27.019214832393804,27.40528289827559,2.289320935677314,10.593099467707418,control_1,-0.386068065881787,10.059965016616655
2025-07-03,27.35678157577059,19.306643965575788,23.855868791953707,17.87203851933688,2.2510671448824295,131.03860474180993,control_1,5.983830272616828,8.050137610194803
2025-07-05,38.05174365957721,37.8897532567547,40.85548704421876,37.22877864051218,2.1364840358656942,7.292303212349736,control_1,3.62670840370658,0.16199040282251076
2025-07-06,32.91247452424739,34.0702386564033,37.23559888874749,30.760531698970468,2.988096026137326,31.130546652326245,control_1,6.475067189777022,-1.1577641321559042
2025-07-07,33.565278760866406,48.78748299753874,29.66365899570565,34.69545323855022,3.0413239033743364,90.15221116211353,control_1,-5.0317942428445726,-15.222204236672333
2025-07-11,44.244558551279205,41.26160110354124,45.16084169610582,37.08487693665378,2.060578400714779,62.1644122696365,control_1,8.075964759452042,2.9829574477379666
2025-07-12,13.58274072274461,16.45955146819146,12.302133669161183,11.614919328619132,3.3027477149407627,34.17445918221563,control_1,0.6872143405420506,-2.87681074544685
2025-07-19,30.074320196967747,37.54437726183332,34.80794819686548,34.36549957738199,2.0208831205532056,53.93624198452062,control_1,0.4424486194834927,-7.470057064865571
2025-08-01,26.734832727581043,30.530815776823594,36.66635208472022,22.566709692013035,3.5396091708071658,210.81494843273865,control_1,14.099642392707182,-3.795983049242551
2025-08-03,24.189861273180295,26.26244368869235,30.5158260544806,22.477258740205926,2.217520520597027,280.1366061476855,control_1,8.038567314274673,-2.0725824155120556
2025-08-19,24.165686767301644,26.251322695841772,25.915289893627637,26.248663728513414,2.4028036480041686,20.62466398012168,control_1,-0.33337383488577643,-2.0856359285401282
2025-08-23,14.931582586305696,21.041388649956318,21.836547042773564,18.55876032697715,2.4022965263022584,69.44989672868996,control_1,3.277786715796413,-6.1098060636506215
2025-08-24,1.0775440431125758,5.405206714516543,8.812030743442929,5.405206580381657,2.833787075248239,107.88435580447452,control_1,3.4068241630612714,-4.327662671403967
2025-08-27,20.373642176575746,24.538034695019732,20.59720538343453,22.465613726930375,2.012280657043102,123.49859468613118,control_1,-1.8684083434958438,-4.164392518443986
2025-08-31,22.431358315877148,13.408845703867664,10.326335465206125,7.669960994542075,2.712921562906263,225.90297914478757,control_1,2.6563744706640495,9.022512612009484
2025-09-01,20.24758837211966,26.314641543379043,31.05154417151084,15.962171323751214,2.2504428329744615,271.1268260184969,control_1,15.089372847759627,-6.067053171259381
2025-09-03,23.486783904704104,30.423632920466755,34.08706940750982,26.858563537555384,3.3795310624881787,45.70349857556232,control_1,7.228505869954439,-6.93684901576265
2025-09-30,40.27639724533248,37.65276947792737,39.20895508942638,48.407410077457705,2.3081170796168595,211.66690835835433,control_1,-9.198454988031322,2.623627767405111
2025-10-01,28.385312827383043,25.938210382034868,32.60744133990097,31.869413423308835,2.632668258401887,228.19259497720412,control_1,0.738027916592138,2.4471024453481753
2025-10-09,11.433401114337732,15.06508585476031,24.859284675193273,18.69317365252779,2.280476481179259,246.41155112564468,control_1,6.166111022665483,-3.6316847404225783
2025-10-10,23.582978106356123,27.76007347460573,25.072277949634852,25.904518800851342,2.645481762640618,1.025351807490722,control_1,-0.8322408512164898,-4.177095368249606
2025-10-12,33.84553364270822,34.19110481761329,33.617041266759074,39.00256193135623,2.521916144181938,262.89734297855364,control_1,-5.385520664597159,-0.34557117490506783
2025-10-13,35.38245671511051,28.94096462387061,31.223630599029335,30.70608321962079,3.0387271971904077,190.3016812692252,control_1,0.5175473794085441,6.441492091239898
2025-10-14,24.588867345960036,24.72958749333876,33.077327310808094,27.5045430323311,2.648646570215335,189.98403075059167,control_1,5.572784278476995,-0.14072014737872252
2025-10-18,-0.3081631786696833,14.68440130341854,14.880595486536262,10.87054645848327,3.6340584593091623,10.695062160023042,control_1,4.0100490280529915,-14.992564482088223
2025-10-20,70.51065147916518,45.06425462029442,48.506520952797324,63.18933468593182,2.8543924856151297,71.42667632168343,control_1,-14.682813733134495,25.446396858870756
2025-10-21,50.82117375724686,38.8845169189955,46.80106105565498,49.01214127849784,3.568305554678844,62.933114030508875,control_1,-2.2110802228428597,11.93665683825136
2025-11-04,61.32865099902076,127.48059693774663,71.70113161910282,73.20008658379724,2.5751725989502945,65.13901183420006,control_1,-1.4989549646944198,-66.15194593872587
2025-11-08,75.5610492688937,93.79199463127537,95.87642577268764,80.60807143234823,2.278416806480335,82.37785734918702,control_1,15.268354340339414,-18.230945362381675
2025-11-11,75.73574302822962,74.94308604293676,85.49351814229962,75.65779654600898,4.340559979806714,53.56218701072703,control_1,9.83572159629064,0.7926569852928651
2025-11-12,86.69976919844153,98.90600877332622,89.81683375682495,107.90519075245639,5.82078010121276,94.27056420116998,control_1,-18.088356995631443,-12.206239574884691
2025-11-13,72.7171420720485,47.56776559616925,63.93964303369286,59.718496006561715,3.453842383502887,99.4024942884962,control_1,4.2211470271311455,25.14937647587925
2025-11-16,28.485594156975285,36.81974059963729,43.044687130703885,39.34932038151024,5.736176005135975,119.20800657284377,control_1,3.6953667491936457,-8.334146442662007
2025-11-17,47.431982542958785,47.72108504546454,46.91024937400176,46.9865920065491,2.951011443534765,110.09781663709737,control_1,-0.07634263254734464,-0.28910250250575587
2025-11-22,35.66591393230934,33.79505161222727,38.842671188282715,38.42849959910366,2.059609467150954,142.2270249844296,control_1,0.4141715891790554,1.8708623200820682
2025-11-23,52.154829719452884,43.471768121168864,53.47985141674057,48.81185778250717,3.382226034850681,102.89790781432055,control_1,4.6679936342334045,8.68306159828402
2025-12-14,29.559048756644536,29.938045027056372,28.272877187224072,26.82277368323618,4.27355593556663,120.40029224935438,control_1,1.4501035039878936,-0.3789962704118359
2025-12-16,76.45772766691118,77.80402498574269,86.59747707754133,56.52078853174558,3.2303840308056615,17.013308709263356,control_1,30.076688545795747,-1.3462973188315033
2025-12-21,28.433118121368352,23.836525464527874,24.839261315514175,27.03675172039782,2.6190575044323388,137.99406389459364,control_1,-2.197490404883645,4.596592656840478
2025-12-25,36.08129519719018,47.688744288683644,47.74614499656968,28.99415904063754,2.8924956885491855,202.69429466077648,control_1,18.751985955932142,-11.607449091493464
2026-01-18,34.97987889019544,48.586710403610375,41.18898504386373,39.07413379606439,2.6946826416109957,68.89918749787205,control_1,2.1148512477993435,-13.606831513414939
2026-01-20,117.70483183228157,84.71380057229197,98.21222825465249,117.70483334786519,3.3489540718959256,71.50470483261319,control_1,-19.492605093212703,32.9910312599896
2026-01-22,23.270415769888366,11.49072281762325,14.241012705352826,10.692287917464743,3.9423781817373174,81.19016221633774,control_1,3.5487247878880837,11.779692952265115
2026-01-23,88.51907412843741,70.58933846289324,85.53889745128595,62.25550337373197,4.429483193956038,134.78395380038762,control_1,23.28339407755398,17.92973566554417
2026-01-28,124.95848564703452,81.4867655702537,135.69908517674915,122.80364522115282,3.813646463525736,78.54239988240579,control_1,12.89543995559633,43.47172007678083
2026-01-30,28.986237143271786,28.974105859684144,39.77091732120188,25.16809454939653,2.1143103040461626,202.2842185141218,control_1,14.60282277180535,0.012131283587642372
2026-02-01,48.153326360630494,30.886793678732587,38.91414015625724,26.515303749321372,2.5093910454855726,122.12492917991574,control_1,12.398836406935867,17.266532681897907
2026-02-07,22.657311591671622,20.34490501011616,21.30455054744182,18.63924569626277,4.278102009065617,140.9718222163283,control_1,2.6653048511790516,2.312406581555461
2026-02-10,30.787350749566688,38.10290753930321,37.03943881164266,31.52213320510007,3.3106708678359027,44.560762483035944,control_1,5.5173056065425925,-7.315556789736522
2026-02-16,30.657030172747394,24.770014297443364,33.146020643833,27.86017755005078,2.8185708691795015,29.483455745735625,control_1,5.285843093782219,5.88701587530403
2026-02-20,38.28165022656662,31.202595040093286,29.284212243912442,38.00749338506105,7.155724627734796,71.38844699185762,control_1,-8.723281141148611,7.079055186473333
2026-02-21,38.74649688025176,16.006305658647033,44.54781499265413,26.764984365497607,2.017116989536804,107.44073218944368,control_1,17.782830627156525,22.74019122160473
2026-02-24,41.18299697126507,44.06866119649458,43.31211101289848,45.29581510250221,3.936406793878524,23.949237011253786,control_1,-1.9837040896037337,-2.8856642252295117
2026-02-25,73.26959354097393,47.8547521539487,58.49379861304116,51.46763336064214,5.459382054311131,78.2761172241216,control_1,7.026165252399018,25.414841387025227
2026-02-27,42.49819401107492,53.758928085818575,49.90525336752311,48.061855154453944,3.1638751891590036,37.492060166055694,control_1,1.8433982130691646,-11.260734074743652
2026-03-01,30.03996272459353,25.11906776611788,35.18098836991358,31.48859697718697,3.17736833914155,193.94545108697113,control_1,3.692391392726609,4.92089495847565
2026-03-06,24.031722629979118,34.19482356197895,46.89238490486569,30.82597253461069,3.3325655609312554,18.033174638595085,control_1,16.066412370255005,-10.163100931999832
2026-03-08,26.48353772707434,35.58114507054725,32.54559263535669,34.02801389890597,3.1131386626742112,75.20398570888278,control_1,-1.482421263549277,-9.097607343472912
2026-03-09,32.76279909433912,27.609950554907307,32.81867604302807,36.76986786735036,4.369618793876382,27.446842634487723,control_1,-3.9511918243222865,5.152848539431815
2026-03-13,38.14884285829475,61.157566027559106,45.19210480813441,55.13583684567533,9.997647511295842,66.92923688426129,control_1,-9.943732037540919,-23.008723169264357
2026-03-19,47.9102437674892,68.34447591535161,51.7238480460168,49.625357385325685,2.2915467041952158,46.053524165469184,control_1,2.0984906606911125,-20.43423214786241
2026-03-22,25.340335050079965,18.339339747301757,24.478903371639674,22.871858218973312,4.724324427164,66.545804072723,control_1,1.6070451526663625,7.0009953027782075
2026-03-26,21.120678287072742,27.476300245694308,29.19519877417585,24.713735870037326,6.245897688016327,46.62625657250817,control_1,4.4814629041385246,-6.355621958621565
2026-03-27,19.631122915864317,29.504606140249564,41.040671237514566,8.649655863093159,2.637823382592835,164.45034159893726,control_1,32.39101537442141,-9.873483224385247
2026-03-29,42.45772580968107,43.683963162538625,44.926093005251445,42.056349144232925,3.810571380594911,38.42269498309156,control_1,2.86974386101852,-1.2262373528575523
2026-04-07,4.390154306404618,-0.8812350948904275,11.410514236336896,4.889449664283029,2.3999541674341835,190.36049743151963,control_1,6.5210645720538665,5.271389401295045
2026-04-08,34.53214145404166,30.218082436299166,26.71024500464473,21.777442548559293,2.5343123191099686,343.1125634204184,control_1,4.932802456085437,4.3140590177424905
2026-04-09,26.709019875569055,30.236916844558994,22.51631702544181,27.021802899928108,4.469364830427749,54.77701582031307,control_1,-4.505485874486297,-3.527896968989939
2026-04-12,23.655261307370125,31.47787104154055,27.526568681875897,27.61996827474656,4.380015599003871,34.72186591954642,control_1,-0.09339959287066435,-7.822609734170424
2026-04-13,35.25359391653453,30.05729334971189,29.96244113954275,32.09067685779873,4.338892323777782,56.42742992957375,control_1,-2.1282357182559757,5.196300566822636
2026-04-15,33.76884658046047,30.840243986298,32.4911407601985,30.985687287387844,4.2293927488352665,45.83530159161671,control_1,1.505453472810654,2.92860259416247
2026-04-20,12.241279218934217,7.8581602575334735,10.130805609743689,17.706383492959205,2.903824034398918,144.3955264613328,control_1,-7.575577883215516,4.3831189614007435
2026-04-21,22.588893474740534,24.843432190828484,34.2979141709085,29.185425807217534,5.10227487282634,37.694574421895254,control_1,5.112488363690964,-2.25453871608795
2026-04-22,33.68124334764479,37.548897360236005,30.763031849580486,38.35544039077361,3.2079229452953215,66.87385686463642,control_1,-7.592408541193123,-3.867654012591217
2026-04-23,35.28343610140437,33.8927881044653,29.27573633979233,32.9304721848737,2.6175471095549354,59.34115752820168,control_1,-3.654735845081369,1.390647996939066
2026-04-24,37.294880701982294,41.7375171932681,39.30309984669713,45.801778146098435,3.19163606751206,45.17985652313445,control_1,-6.4986782994013055,-4.442636491285803
2026-04-27,69.06188570939108,72.98831701993598,76.58609718037093,70.77408182061298,4.157006254794081,324.3262069539469,control_1,5.81201535975795,-3.926431310544899
2026-04-28,6.7126090394783935,7.5781598157626995,9.53305521168518,13.988999371247585,4.414262822828099,71.26918430961956,control_1,-4.455944159562405,-0.865550776284306
2026-04-30,33.82537507256745,8.370593179911891,23.10295584131718,7.036254937999931,4.100664494221455,122.98680235165881,control_1,16.066700903317248,25.454781892655554
2026-05-04,8.458995608028342,18.48252877659542,20.540345636128922,19.334576323908543,5.198423130970176,42.35596087310057,control_1,1.2057693122203794,-10.023533168567077
2026-05-07,30.150894951739208,23.60833747310887,35.605644674758175,25.654861706841224,4.685802600749928,112.53508708023043,control_1,9.95078296791695,6.542557478630336
2026-05-09,16.721116453951808,19.50943835358801,21.680217058360615,18.485909134001677,3.955903737889814,51.94384800896677,control_1,3.194307924358938,-2.788321899636202
2026-05-10,27.223878613223683,23.811480572083386,28.935759011871685,21.486316340679576,2.342251584069102,151.49138977832774,control_1,7.449442671192109,3.412398041140296
2026-05-17,43.03059670027375,45.95614270046645,37.49398665195442,47.29755297200017,3.785125090586899,18.49373713344505,control_1,-9.803566320045746,-2.9255460001927034
2026-05-19,23.686703682760637,15.481440323521733,21.11933350171129,18.9792237994675,4.9925228371196395,44.398448058152326,control_1,2.1401097022437874,8.205263359238904
2026-05-28,34.682138205268174,35.11668693320887,34.10110299782781,35.085605136115184,3.703592100713079,179.3265097304311,control_1,-0.9845021382873753,-0.4345487279406939
2026-05-30,26.039902713350568,17.351319161143234,32.26579467350492,33.06569785208398,3.2733467539067904,227.02252402977453,control_1,-0.7999031785790578,8.688583552207334
2026-06-02,32.6890651373235,22.869573806672488,26.925688764031218,23.970347798898636,3.479941878889962,232.6853462246944,control_1,2.9553409651325815,9.819491330651015
2026-06-05,23.39836688209839,29.670824844408628,21.817499255221403,27.61242449429892,4.0197754261018,36.86228546746884,control_1,-5.794925239077518,-6.272457962310238
2026-06-13,30.52903980283444,30.048402168230073,12.513810494418182,27.194389272206507,2.7062679134254135,46.622426559498024,control_1,-14.680578777788325,0.48063763460436704
2026-06-16,21.74542705938308,22.25978389029098,15.517416698716175,32.35578348565652,3.671420553169043,35.02097634711549,control_1,-16.83836678694034,-0.5143568309079001
2026-06-18,47.571625510363354,35.93075248403708,37.6409593930513,46.339003817331815,6.037525288580632,84.34116271173804,control_1,-8.698044424280518,11.640873026326275
2026-06-23,22.641735125633033,17.00864479654436,18.966114672672205,17.309615015812362,3.8330945328603137,166.45819750428552,control_1,1.6564996568598431,5.633090329088674
2026-06-25,18.411682483313708,25.44859944310953,20.295279459281595,20.913370476524978,3.5529971234722204,53.52816307498165,control_1,-0.6180910172433833,-7.036916959795821
2026-06-30,23.000162346011653,23.529584582170024,23.757926869154556,25.075498508794087,3.8518789585823954,49.46492359995483,control_1,-1.3175716396395316,-0.5294222361583714
2026-07-01,39.3904108641125,51.120715364693744,49.300229765287845,46.446259165884584,2.391123371501982,47.524470447150804,control_1,2.8539705994032616,-11.73030450058124
2026-07-03,18.40774443615677,14.823142327610553,22.692840270098788,17.438835049545794,2.4096927820413367,70.34431350932692,control_1,5.254005220552994,3.584602108546216
2026-07-04,20.372805879162282,15.370137948446974,9.267123214340153,18.0986104029094,2.5058903364832656,62.33178023886876,control_1,-8.831487188569248,5.002667930715308
2026-07-05,28.260883160722948,26.029469848851225,26.623900887363973,28.94393264256699,2.3506822143637565,62.18165514405081,control_1,-2.320031755203015,2.231413311871723
2026-07-09,34.968782026013876,21.48578052589446,28.622659115951972,28.923665015275063,3.035852135817372,86.910855720499,control_1,-0.30100589932309063,13.483001500119418
2026-07-15,20.345183351265714,16.170253632086627,17.238766848338106,21.51344013120952,2.2030475124141646,84.34593303430438,control_1,-4.274673282871415,4.174929719179087
2026-07-19,14.319083903685456,9.881803753207056,14.15221619179672,10.023476819188826,2.066049617832467,179.92129269621626,control_1,4.128739372607894,4.437280150478401
2026-07-29,3.3983456271043813,17.645041910233434,12.65520054766129,-0.21172962102568024,3.807989478622305,171.98402442906,control_1,12.86693016868697,-14.246696283129053
2026-07-30,17.004867183818593,11.93136626730718,13.908276707213451,8.073267736461743,3.5012142142714295,169.7108279020522,control_1,5.8350089707517085,5.0735009165114135
2026-08-03,21.454059249055582,24.55924302274429,18.51294676034721,28.72717501993097,2.205866517360667,179.82581007924614,control_1,-10.214228259583763,-3.105183773688708
2026-08-07,32.97853360532148,29.231114918436848,23.949872432999356,30.244168648416714,2.2323380113191904,40.37456291272912,control_1,-6.294296215417358,3.7474186868846324
2026-08-08,14.029580830774218,13.897614590141627,12.523195290652534,16.793808011230922,3.515924687017987,57.573679931299125,control_1,-4.270612720578388,0.13196624063259144
2026-08-22,14.246671535393677,14.259223042188959,0.8398780591537518,11.399280015880747,3.0690793317744216,67.85354760345211,control_1,-10.559401956726994,-0.012551506795281497
2026-08-23,2.446554985821943,5.515265093992767,-0.7392368628718791,2.1064888334080734,3.733079367077692,109.01520784690024,control_1,-2.8457256962799526,-3.0687101081708237
2026-08-24,11.705715956530115,9.325200242022037,2.9220196789077746,1.2224434902924368,3.5997188938933258,109.99253730420992,control_1,1.6995761886153378,2.3805157145080784
2026-08-26,26.972474985499378,22.66422220932528,24.844902042383517,24.252165445179134,2.294129024941129,32.69611761732955,control_1,0.5927365972043823,4.308252776174097
2022-04-14,32.21429029173544,9.632255055886253,14.11557221925468,25.30536336595612,6.020227697519704,66.10452324679318,control_2,-11.189791146701438,22.582035235849183
2022-04-15,19.240603294559005,21.615092423096968,24.631466210325733,23.98661010892826,8.312892046305658,41.254484572576644,control_2,0.6448561013974725,-2.374489128537963
2022-04-16,35.91506088949075,28.573832419421166,29.609649453237346,24.343083556722352,4.943998811801124,100.67690762344876,control_2,5.266565896514994,7.341228470069588
2022-04-17,12.175551154448247,28.326845726977044,22.92346057625189,15.89454279058747,3.168084475370839,233.45541940740546,control_2,7.0289177856644205,-16.151294572528798
2022-04-22,39.820262559008725,52.89897973910416,44.03618825047727,49.657594029132255,2.5685353369280777,300.96745961773274,control_2,-5.621405778654989,-13.078717180095438
2022-04-23,36.59488604352251,35.09214970570209,33.287198598546325,35.09492263609317,5.139281962291478,29.348960019527112,control_2,-1.8077240375468477,1.5027363378204157
2022-04-24,26.03164846673233,23.453781876401266,25.13207788495658,23.37300988415862,6.191828846348042,24.008852660428147,control_2,1.75906800079796,2.577866590331066
2022-04-27,40.6727272254044,27.010052173952243,43.32935614304771,35.851477521963695,6.84086301146499,127.95559405234769,control_2,7.477878621084017,13.662675051452158
2022-04-29,75.72531734296979,86.11323874529882,84.59039474979883,80.83134097550042,3.0073264634559775,282.8770324423323,control_2,3.7590537742984083,-10.387921402329027
2022-05-02,33.23385415191169,30.04185828027943,33.73052795713688,28.482899788560584,3.430837997313581,89.3629237015191,control_2,5.247628168576295,3.191995871632262
2022-05-08,34.22621457745875,36.57819365589822,38.796133539727975,35.72319928594475,3.3390159349532023,271.0500577895378,control_2,3.072934253783224,-2.35197907843947
2022-05-09,47.39128627088335,41.20232491573567,50.369263020489086,54.060381298199594,4.471532859954477,321.2428812726017,control_2,-3.6911182777105083,6.188961355147676
2022-05-10,56.72433376918102,32.038760395680406,35.15137431044171,49.44276277155517,4.024419246788209,341.44187472867554,control_2,-14.291388461113456,24.685573373500617
2022-05-11,45.045567634035095,66.92905351419341,49.71808664539597,52.23990294899264,2.725798232707429,275.1491838213417,control_2,-2.5218163035966725,-21.883485880158318
2022-05-12,47.5294969326687,52.73107735148956,53.153463512230154,53.791979800287066,3.636857209538036,296.72709606292926,control_2,-0.6385162880569126,-5.2015804188208605
2022-05-13,52.03153941621864,46.826222278745455,52.07367782558479,52.206878388022794,2.523321306881444,332.9372505393808,control_2,-0.13320056243800593,5.2053171374731875
2022-05-16,28.03616298627577,24.57784289250686,28.00328435495383,21.559829481021172,5.479074482289642,101.83614928020847,control_2,6.443454873932659,3.458320093768908
2022-05-17,30.07652680355096,20.885409571483187,29.63536729262783,17.086065272392236,4.942800530773672,132.04133258630208,control_2,12.549302020235594,9.191117232067771
2022-05-19,39.12895761796311,32.81656747998644,27.365170468777798,31.44125465922614,4.170073616116801,36.67726903858278,control_2,-4.076084190448341,6.312390137976671
2022-05-21,29.707185874962644,20.734858509648287,21.131832624105964,23.40777233552794,4.57356456589407,28.312388390924013,control_2,-2.2759397114219766,8.972327365314356
2022-05-24,30.54508284149755,48.69933591111039,38.708252858825766,40.14320971620418,2.3041848451821254,256.23642455927575,control_2,-1.4349568573784168,-18.15425306961284
2022-05-25,41.76197528682105,50.10572222274978,44.11201485625621,53.26739586490844,4.9979979144940945,325.3999006213555,control_2,-9.155381008652228,-8.343746935928735
2022-05-29,25.848413521353176,16.328113608768902,19.07206153214656,16.62910860742663,4.105593537502213,357.748702178345,control_2,2.442952924719929,9.520299912584274
2022-05-30,28.479343846652178,27.35649610751179,29.308813338999467,25.79875370642869,4.7999862398447,16.178708451414025,control_2,3.5100596325707762,1.1228477391403864
2022-05-31,34.8132341443156,31.49120480172649,29.505952919018206,26.48434181616887,4.444641047721952,46.68808233339746,control_2,3.0216111028493344,3.3220293425891114
2022-06-03,27.653877071416606,28.234388511789195,31.594372440882168,26.151820085449923,3.102767041392988,119.93154513880648,control_2,5.442552355432245,-0.5805114403725895
2022-06-05,30.969637057140975,25.092890557501363,24.95219224975986,31.11966367122512,3.0388037459972255,340.13776512954774,control_2,-6.167471421465258,5.876746499639612
2022-06-09,17.704152891298403,18.868187505562688,19.21391560972035,19.381584531497072,4.220934865261906,141.21638119377866,control_2,-0.16766892177672332,-1.1640346142642848
2022-06-12,21.293435456723817,17.077970013746153,21.293435470931467,21.293435316974115,2.3940464750271033,58.93602051268158,control_2,1.539573517561621e-07,4.2154654429776635
2022-06-14,45.24610740811308,33.567963191776755,44.93546099590674,39.04337572979426,3.100755962053502,118.054177161996,control_2,5.892085266112474,11.678144216336328
2022-06-15,33.11157793523563,21.30011866824872,22.072942294666664,19.959375549561315,3.8416589020881053,24.173661636127974,control_2,2.1135667451053486,11.811459266986908
2022-06-16,20.63799204127706,18.737991755752937,23.33241327987605,20.56912758061841,4.507020592761894,83.69940556765357,control_2,2.76328569925764,1.900000285524122
2022-06-17,53.65086412653561,50.76373057216108,54.82215014864982,57.97866027830369,5.788043035297689,130.81982796984516,control_2,-3.1565101296538742,2.887133554374529
2022-06-18,17.611184751380165,25.193497270565302,20.47987238739555,23.82791863745771,5.186219191856633,177.55518104341263,control_2,-3.3480462500621613,-7.5823125191851375
2022-06-19,18.741596550687557,22.488306426343037,30.79473124453589,21.78952209602732,2.11756554715609,170.0072669704076,control_2,9.00520914850857,-3.7467098756554797
2022-06-21,51.86811254033424,44.37124342557341,44.98500770067987,47.25905036064115,4.039468211121263,58.53815708189137,control_2,-2.2740426599612746,7.496869114760827
2022-06-22,40.37243560926349,37.6862035073505,42.90391119522373,35.90515902985739,4.468525920619262,122.78676208607766,control_2,6.998752165366341,2.686232101912992
2022-06-23,29.59065959540302,35.78125015299696,30.321201960444064,27.496314045703166,3.710527548058574,177.08970060240256,control_2,2.8248879147408985,-6.190590557593939
2022-06-27,23.157305749199786,30.484495417580145,38.53844527569149,25.932303755172747,4.356362213209609,126.29198523822544,control_2,12.60614152051874,-7.32718966838036
2022-06-30,50.62123515086995,38.405800497906675,44.96649251925185,45.731673553409316,3.4622822433607103,12.327403077891233,control_2,-0.7651810341574645,12.215434652963275
2022-07-01,26.499816249957775,24.77203223959143,25.596179241645313,35.6018195158035,5.538323701877341,61.22379587807211,control_2,-10.005640274158186,1.7277840103663458
2022-07-02,47.174221557087236,47.723813782377206,55.33031356466006,47.473742467003085,2.958963937633371,149.8309180638929,control_2,7.856571097656975,-0.5495922252899703
2022-07-03,48.499863482659094,52.90147316492785,59.14798759170866,55.98344426405932,2.012277341604501,194.247148518153,control_2,3.1645433276493407,-4.401609682268756
2022-07-04,51.96459689694015,35.234310372339465,34.099323666313005,39.267764091333234,3.002969175375686,334.3808206283341,control_2,-5.168440425020229,16.730286524600686
2022-07-05,49.54340925857418,29.665960439808853,39.78692941802162,40.532849218782616,4.424799254331366,63.542396729090456,control_2,-0.7459198007609942,19.877448818765327
2022-07-07,28.904608105894006,29.689528052503228,42.81528444869908,28.04756368853336,2.078761901632723,165.89981968277323,control_2,14.767720760165723,-0.7849199466092216
2022-07-11,23.676543391235644,14.580657483009745,20.28616316267509,21.75481050458976,4.582324789465042,37.23018887303522,control_2,-1.468647341914668,9.095885908225899
2022-07-12,19.768239832515516,12.272481639873229,27.262833052024188,12.301493164290905,5.125192430511151,105.15125184946515,control_2,14.961339887733283,7.4957581926422865
2022-07-13,34.20884051840324,31.130625252225993,23.482878805409626,39.690836897933316,3.421826026218375,83.41086867105116,control_2,-16.20795809252369,3.0782152661772493
2022-07-14,19.57610272843572,22.143495760561937,34.06290649643538,12.613586951754938,2.3875791643445576,185.33918569396013,control_2,21.449319544680442,-2.5673930321262155
2022-07-19,32.72937907629194,34.09960184228552,38.60686028711962,35.05287114259614,2.0750584416131206,78.824750810674,control_2,3.5539891445234844,-1.3702227659935815
2022-07-20,19.81944736074126,21.619345846875493,23.83717536329055,21.591026421167555,5.985112050081505,34.28379956290871,control_2,2.2461489421229963,-1.7998984861342322
2022-07-21,33.58989408088769,29.51385811753148,29.70559445926019,23.027181947400983,4.713963748418736,100.61709757457413,control_2,6.678412511859207,4.076035963356208
2022-07-22,42.702647969428426,34.616037301638436,43.50146221268996,32.40548294499374,3.4897733146595975,108.82675636931327,control_2,11.095979267696215,8.08661066778999
2022-07-28,35.11308082814403,34.12613987972758,31.70208100627616,30.040013319744915,3.710854707658238,86.89260146546212,control_2,1.6620676865312447,0.9869409484164464
2022-07-31,37.180763405894545,34.39585836125894,31.63270050497713,32.41242947540326,2.80422377083668,355.38006553208817,control_2,-0.7797289704261274,2.7849050446356074
2022-08-01,50.34099306695562,41.14409259710119,57.50433258037838,41.67108079754958,5.295252048169785,58.61523806275409,control_2,15.833251782828803,9.196900469854427
2022-08-02,31.78027649596804,41.52674223527232,49.85896555241716,39.562292573582816,3.7764859556093113,125.02649927297324,control_2,10.296672978834344,-9.746465739304284
2022-08-03,41.50652701171216,33.84926552093373,36.09371904842244,34.4963882999992,4.967705478723849,26.609637516496264,control_2,1.5973307484232464,7.657261490778431
2022-08-07,50.33909829146196,22.36043888052321,29.588970607577604,26.19820558214899,3.4548516427376574,23.898614308000163,control_2,3.390765025428614,27.97865941093875
2022-08-08,29.681444831733465,22.73260832655881,18.174760792920015,22.007603395283933,4.90873608113611,45.87033048159958,control_2,-3.832842602363918,6.948836505174654
2022-08-09,25.657293559745515,27.773776145906307,31.301046185104802,26.093219143630943,2.9597915223290454,188.43862420590187,control_2,5.207827041473859,-2.1164825861607923
2022-08-12,18.222109594563083,16.975487668498754,18.928100163873122,10.333937575305605,3.0296617862538473,199.69895510599775,control_2,8.594162588567517,1.2466219260643285
2022-08-15,12.234196901533107,27.40646293596331,16.590809533554943,17.53655842618783,3.985681590450389,193.45314105855695,control_2,-0.9457488926328885,-15.172266034430205
2022-08-22,27.877703362703453,28.06562841651968,30.896393764417486,20.401246316927754,4.290364475695952,144.30984161677418,control_2,10.495147447489732,-0.18792505381622604
2022-08-23,23.407254267821354,23.619545629144056,26.30402886654865,18.026852376236047,3.0698860493520965,94.04049126602712,control_2,8.277176490312602,-0.212291361322702
2022-08-25,34.24262483181076,33.01933087161188,30.598666813018486,31.912528424717966,2.8705128458452407,57.073706490955146,control_2,-1.3138616116994797,1.2232939601988804
2022-08-26,18.958323611275496,18.73877186961318,25.304018850829788,11.931907447492128,3.622590652969384,134.3066286951165,control_2,13.37211140333766,0.21955174166231473
2022-08-28,35.24290500449652,27.509557967808522,32.5677158244287,33.36529616740189,3.4029428291267516,342.8403121315303,control_2,-0.797580342973184,7.733347036687999
2022-08-30,27.984711726443628,22.904860060069257,32.867814756434,19.335720696638038,5.577020559601796,113.4987969446513,control_2,13.532094059795963,5.0798516663743705
2022-08-31,18.037998646359256,27.895282433547198,19.955573900658536,11.5979274187117,3.86323227263881,114.0892339133523,control_2,8.357646481946835,-9.857283787187942
2022-09-02,34.85184326722436,35.229684723102885,32.9169890536597,32.409329162404966,2.8880927803280216,331.8391830570111,control_2,0.5076598912547325,-0.37784145587852436
2022-09-07,26.011574012388003,31.044281784546445,33.19950289735895,22.5062341535173,3.7562218497504642,172.19713339533416,control_2,10.693268743841646,-5.032707772158442
2022-09-09,36.78605484623299,39.343326864238215,31.961440406677315,43.12671920811766,2.974931273496745,327.46851917450624,control_2,-11.165278801440348,-2.5572720180052215
2022-09-10,26.345962971978473,16.14358473911148,24.607521529935052,20.52075801259405,4.114196552471986,330.93212840232263,control_2,4.0867635173410015,10.202378232866995
2022-09-12,31.357009673766573,22.07736895919739,25.79590833291278,27.265880689873878,4.36217689848045,74.5847373492308,control_2,-1.4699723569610974,9.279640714569183
2022-09-18,41.566196912845705,24.658167704954103,33.91149170614593,25.81553245034886,4.124042517096023,41.57151697554508,control_2,8.09595925579707,16.9080292078916
2022-09-22,17.13529089752821,22.14116219907985,18.424737991179093,18.170614226520108,6.768844495003723,152.45755543300675,control_2,0.2541237646589849,-5.00587130155164
2022-09-26,2.7523784357654524,-0.9802673215595644,11.791914186099135,-2.314512985679615,6.795724735296847,99.45680475653819,control_2,14.10642717177875,3.7326457573250167
2022-09-30,38.482728070153364,28.80248476942986,36.36421116043131,35.99351577385281,4.478744698442207,218.68646789502446,control_2,0.37069538657849677,9.680243300723504
2022-10-02,24.628109836949807,26.440030469718554,25.24437835701798,22.178305995658825,6.509033782041877,202.0780022599762,control_2,3.0660723613591543,-1.8119206327687465
2022-10-03,38.50143335408802,45.77911239078047,39.5712765367674,36.37225390197854,3.9363508068933903,209.3050158791522,control_2,3.199022634788861,-7.277679036692447
2022-10-04,46.092344226512836,58.212998091941756,48.97146932891512,44.34873177918958,3.7425575247074234,174.68450230699716,control_2,4.622737549725542,-12.12065386542892
2022-10-06,55.08207390381233,38.46661422718206,41.67633189138404,38.22860148993667,3.156700391506983,67.87723305084108,control_2,3.447730401447366,16.615459676630266
2022-10-07,25.111508877453073,50.39938669219699,20.96919161009241,55.390832511889116,4.709640844026651,160.82811188319442,control_2,-34.42164090179671,-25.28787781474392
2022-10-08,29.805396185942744,18.3851082648298,27.648722656581036,24.702929004373555,2.972129464242786,93.6122522153837,control_2,2.945793652207481,11.420287921112944
2022-10-09,29.361568266721747,20.882667860253218,26.169242200822502,25.457997531080924,3.9686531742707283,72.12089762184576,control_2,0.7112446697415784,8.47890040646853
2022-10-11,53.203629936954044,27.850195147718093,42.35498991348926,38.745289783156124,4.065138028461448,353.25140274346234,control_2,3.609700130333138,25.35343478923595
2022-10-13,24.78944891697065,13.393699127928146,25.875621170253616,19.304297638450514,6.7634747106182065,77.26257780746676,control_2,6.5713235318031025,11.395749789042503
2022-10-14,37.57656125509725,47.80853117090871,37.714285420458864,48.7824441081888,6.755592592998678,52.807537748032814,control_2,-11.068158687729934,-10.231969915811455
2022-10-15,14.575359638093634,6.544990345976113,7.694388691061696,17.997876856823336,4.0918719332671465,74.7482824456622,control_2,-10.303488165761639,8.03036929211752
2022-10-16,32.43503939661766,33.796273154742536,37.31629100031771,35.57115381174257,5.412391648804988,50.120284593924964,control_2,1.7451371885751428,-1.3612337581248752
2022-10-21,44.86345754753679,43.68621111923402,40.613919622365145,41.270037008261276,6.431484180674946,19.921780281327983,control_2,-0.6561173858961311,1.177246428302773
2022-10-22,45.80048441233438,30.853501848044694,32.93422715340383,38.855949167257045,4.774202091175229,355.9883528881704,control_2,-5.921722013853213,14.946982564289684
2022-10-23,45.03263493748084,33.49536812585195,42.272817934418,41.555678138467975,4.061767523643133,340.66288740528,control_2,0.7171397959500254,11.537266811628896
2022-10-24,108.17644606086317,76.24166463796129,96.99279893329015,90.05487171593643,3.917747639127617,345.29394220861,control_2,6.937927217353717,31.934781422901878
2022-10-27,43.03751246366448,63.491174163337796,59.32538255316778,41.596977207118165,3.5882832082573373,230.11676004508917,control_2,17.728405346049612,-20.45366169967332
2022-10-28,80.79635406162541,119.12726143733178,98.13476965213279,91.18850050559831,2.345169243867128,271.4762398042287,control_2,6.946269146534476,-38.330907375706374
2022-10-29,67.1510767925623,104.48666221996244,89.7571051990327,73.09009629916302,2.626746967635483,301.09379589739393,control_2,16.66700889986967,-37.33558542740013
2022-11-03,152.04121548411644,76.23107410397675,68.94852000044024,156.0874071301123,2.211716847859376,335.0358817633927,control_2,-87.13888712967206,75.81014138013968
2022-11-04,36.533028704822094,39.693144554684054,41.09855431463532,36.845637030909536,5.886691955325822,9.23174052431159,control_2,4.252917283725786,-3.1601158498619597
2022-11-06,43.09798497305795,44.72486644737247,34.54717437245124,29.43199657360252,5.399420843670699,38.737013766821406,control_2,5.115177798848716,-1.6268814743145228
2022-11-07,38.51984309979583,42.990964125153745,53.59189833425666,35.7927932617355,3.211617714735196,170.102914974457,control_2,17.799105072521165,-4.471121025357917
2022-11-08,35.75114881029789,60.012196867799794,44.99734836931463,35.943103673886796,4.166627494360858,240.99815028629703,control_2,9.054244695427833,-24.261048057501903
2022-11-09,96.62883199517478,75.01160131993494,95.18847849138889,86.16403942090322,3.6685440775014877,337.0595957610077,control_2,9.02443907048567,21.61723067523984
2022-11-10,68.47931537426946,62.72410927591218,70.38257884676189,63.76354868361362,3.9097146928027073,353.26807259571547,control_2,6.619030163148267,5.755206098357284
2022-11-19,72.44509137813725,55.86054021101697,70.42029457034594,78.18854218931244,6.74536794385548,37.44712361362667,control_2,-7.768247618966498,16.58455116712028
2022-11-20,42.90266768840943,23.891876771875054,35.33482611815977,25.528855698720136,3.5219597953945034,83.22312186266765,control_2,9.805970419439632,19.010790916534376
2022-11-21,65.0555845666982,80.14682295044223,70.45009025324401,57.95238475580809,5.9993104587461215,32.60113370687719,control_2,12.497705497435923,-15.091238383744027
2022-11-22,122.20833009589647,98.303614202032,102.90399944946935,101.4340560970167,4.579607555507611,34.54529206526138,control_2,1.4699433524526597,23.904715893864477
2022-11-23,149.142449147505,57.28561121887714,139.04582608423814,80.5501988576109,2.816115375500598,30.432924779103075,control_2,58.49562722662725,91.85683792862787
2022-11-24,54.981955461480744,50.156348082295736,60.33577940122215,76.14431739126847,2.452588341752459,0.4441610124250701,control_2,-15.808537990046325,4.8256073791850085
2022-11-25,39.60911099377838,27.354979759995963,41.88648715510003,24.518542174957137,4.111453698891175,129.75118733189032,control_2,17.36794498014289,12.254131233782417
2022-11-26,63.9971661002501,46.70124832783366,57.13361794960309,47.97842697398065,2.594689464678137,9.511213636743264,control_2,9.155190975622439,17.295917772416438
2022-11-27,46.03227686900763,35.55726140882999,45.37552042965843,34.416501153616004,7.575645522506165,55.314594051877236,control_2,10.959019276042426,10.475015460177644
2022-11-29,93.61204292167136,58.20763324503884,63.48962680863172,73.2495001394113,5.570483506779201,345.6784965626292,control_2,-9.759873330779577,35.40440967663252
2022-11-30,41.66128724161486,25.47763118070924,41.51262138608746,32.36854060940612,7.325086518876419,87.77364309529537,control_2,9.144080776681342,16.18365606090562
2022-12-03,38.38240017228378,33.924971384248856,43.81042699684876,30.571871916507217,5.744238922113933,119.2273014154921,control_2,13.238555080341545,4.457428788034925
2022-12-04,45.278880322953235,42.67513748130622,48.252097878167184,29.7441578206524,2.967925932507273,50.062931052564295,control_2,18.507940057514784,2.603742841647012
2022-12-05,63.13697126655146,31.1312887503346,37.20463415029505,46.40300236763137,3.8012341695523784,348.4418049899256,control_2,-9.198368217336323,32.005682516216865
2022-12-09,44.14329862063877,67.52668169488311,57.98304729219946,45.42969100028226,3.9525255256047687,267.78974396647243,control_2,12.553356291917197,-23.383383074244342
2022-12-13,73.32075112260755,88.86055299083768,84.51779663256123,82.26613053540046,3.1048582381201,285.13224291584146,control_2,2.251666097160765,-15.539801868230128
2022-12-15,92.11729929482284,64.64045508425772,91.09317864760523,94.21815988831283,4.07587260507178,40.7156563512894,control_2,-3.124981240707598,27.47684421056512
2023-01-04,86.55436494978865,73.40247112326993,81.5119195289501,81.54147576674201,5.142403918843912,63.618283978811974,control_2,-0.029556237791908302,13.151893826518716
2023-01-09,87.32054402190535,38.21365272846596,33.85191276449508,72.32940423240788,3.2660907190861894,62.77229953741306,control_2,-38.4774914679128,49.10689129343939
2023-01-14,8.096321389242233,12.513623038038155,14.761571773302071,9.897512217379639,3.74454463807528,149.67182629507192,control_2,4.864059555922433,-4.417301648795922
2023-01-15,49.322614960637935,18.4541113148403,46.81880406030447,37.30485431093712,2.312728649141582,324.70816912842486,control_2,9.513949749367356,30.868503645797635
2023-01-17,27.44512213874347,15.866110401601581,42.55827200962772,20.20827810498112,6.602332469097402,62.992993816479895,control_2,22.349993904646603,11.57901173714189
2023-01-19,23.306227105960442,23.95217268697256,17.36730046145,22.335351758491427,6.083447633789629,42.311877730069,control_2,-4.968051297041427,-0.6459455810121177
2023-02-02,132.90169590648188,97.31298478312428,101.1806030846936,81.79571960215742,5.13297841147166,47.558063731867946,control_2,19.384883482536182,35.5887111233576
2023-02-03,14.032312601266302,8.808291500850812,23.149622785500476,9.231577239477666,5.31734090485645,141.94093274926388,control_2,13.91804554602281,5.22402110041549
2023-02-04,42.29510829062743,33.91492755314254,40.104270447719934,43.50393039795456,6.1140424678980665,19.731038504024696,control_2,-3.3996599502346285,8.380180737484892
2023-02-12,37.780390278710414,37.56178859241247,37.08332946904149,34.78446650456025,2.315566099055995,188.95914191150604,control_2,2.2988629644812377,0.2186016862979443
2023-02-13,65.29988101008232,38.69758553959284,64.49902126669008,32.98263049312697,5.7635518687007306,95.76760153923408,control_2,31.51639077356311,26.602295470489473
2023-02-15,48.1719725622615,38.15717403703943,41.488337829117704,37.86188460525668,7.639482332109438,53.75223462764785,control_2,3.626453223861027,10.01479852522207
2023-02-18,33.87055811609455,40.1870076130418,41.21152062592113,30.77837048268015,5.682671579709746,32.8856553270125,control_2,10.433150143240983,-6.31644949694725
2023-02-19,23.80125431121728,30.405166068331262,31.76832038047634,23.848057344559976,7.095077321249816,42.512711044364494,control_2,7.9202630359163635,-6.6039117571139805
2023-02-21,33.55533823230805,26.24489592749434,17.410777462446365,29.693892227569663,6.360360037901639,99.78269692053044,control_2,-12.283114765123297,7.310442304813712
2023-02-23,50.230710660775216,59.871065431911575,51.52967648955404,56.96565355119355,7.839136423156898,64.99111404841477,control_2,-5.435977061639505,-9.640354771136359
2023-02-24,43.640602590543,57.48148421050598,64.26026311713215,42.526297801742174,2.9907081251764533,168.82972356208575,control_2,21.73396531538998,-13.840881619962985
2023-02-25,55.170534797028886,62.99550883080447,79.19817971361168,56.65073832230451,2.8284689280248023,102.19814725164531,control_2,22.547441391307167,-7.824974033775582
2023-02-26,36.517393195169056,37.73836933545605,41.80620676684273,37.31602155896848,3.8854842417930446,91.44605355653789,control_2,4.490185207874248,-1.220976140286993
2023-03-01,65.99153237711147,63.42122577187997,66.98963327330212,56.11660724266177,4.100266983369475,19.527766738863875,control_2,10.873026030640347,2.570306605231501
2023-03-02,45.773820149183685,39.433913033487194,56.25512514880424,38.912189117803585,3.7185644264901745,146.89788373264048,control_2,17.342936031000654,6.339907115696491
2023-03-04,32.49228711605598,26.009012687677654,30.170940842591893,24.56361323442943,2.859351284753393,88.52079768565795,control_2,5.607327608162464,6.483274428378323
2023-03-07,49.12158692814883,53.70537927824051,57.751682003738736,48.898832584165895,6.1586281251767625,189.60909309826675,control_2,8.852849419572841,-4.583792350091677
2023-03-08,32.34841836893192,51.17261400013757,49.96815534598743,42.146470741879185,3.95376333424776,197.68127620702754,control_2,7.821684604108242,-18.824195631205654
2023-03-09,33.93848346228683,63.470193635251725,45.16306272436326,36.62320160306464,3.1055686636400104,248.69116743823002,control_2,8.539861121298614,-29.531710172964893
2023-03-15,89.51392985065014,35.46259811422775,68.23311920461697,57.600187942153475,2.0483234657774054,61.47633517765166,control_2,10.632931262463494,54.05133173642239
2023-03-18,18.898274707434837,4.082766789511225,11.281281055654794,10.289789108637748,7.449892536520409,92.98324048963707,control_2,0.991491947017046,14.815507917923611
2023-03-19,13.836986148984233,7.271637047616615,13.036707565520352,4.082380830686956,4.456624906123808,93.53549384510876,control_2,8.954326734833396,6.565349101367618
2023-03-20,39.49594205024925,46.01103202162086,58.629408077394686,29.849384478397837,5.343451953176515,33.58873752043701,control_2,28.78002359899685,-6.515089971371616
2023-03-25,31.042088599364483,1.2311933156524373,23.704644946966084,2.6841045366712417,10.88014677800434,67.3588412195594,control_2,21.020540410294842,29.810895283712046
2023-03-26,29.051064872046698,6.964776765026169,16.468781195802176,18.841758452910533,2.3119985381806085,4.769341335318529,control_2,-2.3729772571083565,22.08628810702053
2023-03-30,94.74322654633013,36.96731245920495,66.23230843598074,51.60309487288889,2.5217538508014044,1.9341983567377952,control_2,14.629213563091852,57.77591408712519
2023-04-03,47.89609824623182,34.554071833856334,52.52447265349611,33.85253698132782,5.199153020374988,29.26961347712836,control_2,18.67193567216829,13.342026412375489
2023-04-08,18.15439190514022,31.13254578059477,32.70386893498191,18.796675949582067,2.712639495822652,268.67489583412936,control_2,13.907192985399845,-12.978153875454552
2023-04-09,17.181851192870376,27.397384535157446,23.96332601326387,16.86109004865808,2.749405653165599,233.25799521651658,control_2,7.102235964605789,-10.21553334228707
2023-04-11,60.82587396630244,43.208259026471154,53.809247419162496,47.76613178936967,3.442469578057024,73.17127174496113,control_2,6.043115629792823,17.617614939831284
2023-04-12,49.6006699144889,43.348933016969646,51.311189325174084,47.185460523574136,4.855467587991382,64.98218871747576,control_2,4.125728801599948,6.251736897519251
2023-04-13,57.1417505164217,36.933800472418575,46.06030577702619,37.76641207085889,2.441157894782308,23.460617158537957,control_2,8.293893706167296,20.207950044003127
2023-04-18,52.837195380325156,33.68738483834461,40.617409292825386,30.32740819819474,5.788599805547097,94.90039303350034,control_2,10.290001094630647,19.149810541980543
2023-04-19,54.723916725735265,57.78682311379457,59.9283208782407,58.469664599766894,3.31082389994384,348.2107029322122,control_2,1.4586562784738035,-3.0629063880593037
2023-04-20,64.75775558908784,38.44969394218856,45.87874935051587,46.918251925632646,6.102606698107166,26.154178482367456,control_2,-1.039502575116778,26.308061646899276
2023-04-22,1.245411303098304,-1.5295587133984467,0.448652978523543,3.721583335216725,6.87032066331452,76.25240601734538,control_2,-3.2729303566931818,2.774970016496751
2023-04-27,54.0078933270846,60.639258113716345,66.9762814660839,53.13338872110201,2.6546733404991345,297.3449647738233,control_2,13.842892744981896,-6.6313647866317424
2023-04-30,15.913040650510784,13.66684503829434,10.643544545371231,15.126847632183566,5.797806059529691,91.05587410323795,control_2,-4.4833030868123345,2.246195612216443
2023-05-05,49.42050533101088,45.10777553740669,53.710585450971834,52.05562457693648,2.812651371866362,301.6241696335186,control_2,1.6549608740353534,4.312729793604191
2023-05-07,48.96658233329496,40.23403949701917,51.53071259969754,42.488467071325445,5.260791746686448,90.20690066517295,control_2,9.042245528372092,8.73254283627579
2023-05-09,19.67462441451669,28.271069435599998,40.74676976310067,32.567040575155254,4.761586645867612,182.1663531584523,control_2,8.17972918794542,-8.596445021083309
2023-05-11,50.9968943982663,50.052591712916005,56.42829202873619,53.283891125243706,2.0959488683887724,315.028167636618,control_2,3.144400903492482,0.9443026853502943
2023-05-17,9.520346440312474,17.793977733836904,12.031620952338116,4.378386342667413,4.173511925143873,204.14438516256052,control_2,7.653234609670704,-8.27363129352443
2023-05-19,40.75006466659742,36.14906288914831,35.16836163801621,31.033940867723206,4.291028241527511,42.50474378730269,control_2,4.134420770293001,4.601001777449106
2023-05-20,14.49464192700281,12.875945076042305,18.589930532770143,17.148743566946376,5.479199349916124,130.78948019683622,control_2,1.4411869658237677,1.6186968509605055
2023-05-21,20.629197944488034,20.226535375700333,21.59795389644325,15.581878865148449,2.7497435065426123,138.50038088396707,control_2,6.016075031294802,0.4026625687877008
2023-05-23,43.120990388955164,34.57730386296093,37.266523092147594,45.0682358412856,3.1419851811505257,340.0093099906894,control_2,-7.801712749138005,8.543686525994232
2023-05-24,31.184071045979014,29.997336925093965,42.106817629271326,20.89910833003173,4.02779329277743,190.65646978637278,control_2,21.207709299239596,1.186734120885049
2023-05-25,23.583753097684887,27.293122255000714,33.09732777553728,21.174510578946194,4.898448272410705,213.7047692732736,control_2,11.922817196591087,-3.7093691573158267
2023-05-26,26.71535331937279,36.6829337998299,31.59289660557994,29.560537837003473,3.9884577244882364,234.512392999776,control_2,2.0323587685764686,-9.967580480457105
2023-05-30,42.59547588137147,43.123263157107424,44.34088858075543,35.55742828383878,3.0299840052660585,304.8077379292242,control_2,8.783460296916651,-0.5277872757359532
2023-05-31,32.41136631115953,34.641765296148954,37.321461298592794,36.345848396425474,2.2278999253356644,301.67492161151085,control_2,0.9756129021673203,-2.230398984989421
2023-06-01,45.08320417418862,54.68762362576097,45.93136156766398,40.98522170729088,2.9919577396479915,255.153011452163,control_2,4.946139860373094,-9.604419451572348
2023-06-02,36.35384256212381,43.25674665124996,37.96325672025459,40.41171334761636,3.462495791128993,217.79484735917381,control_2,-2.4484566273617716,-6.902904089126153
2023-06-04,32.41328507048277,34.419717560715235,34.87491233710178,31.39402031857864,4.321387942075996,217.98105032613384,control_2,3.480892018523143,-2.006432490232463
2023-06-05,18.956615636507443,23.139662803214076,19.841400135505882,16.01729414008796,2.8332717847664184,214.31204743893926,control_2,3.8241059954179235,-4.183047166706633
2023-06-07,22.285362000425312,27.498341193190463,39.80712442316526,19.075310529266147,4.377466826975433,176.96394587562168,control_2,20.731813893899115,-5.21297919276515
2023-06-08,22.626573830175072,42.85255510516348,32.136103084149205,28.56814994028646,3.3272569909225638,165.4403213707218,control_2,3.567953143862745,-20.22598127498841
2023-06-09,27.031814038469676,34.862238865367665,37.6779358491792,18.318682358298947,3.5079599475905954,155.82495688698464,control_2,19.359253490880253,-7.830424826897989
2023-06-10,41.858527963217696,37.41674593280177,44.71774128793174,44.358488298226604,2.6239241402834153,94.30419208570947,control_2,0.35925298970513353,4.441782030415929
2023-06-14,18.72504768878978,28.6673740577548,35.21936917993332,19.187865759542042,3.7475627199656607,123.80776174193255,control_2,16.031503420391275,-9.94232636896502
2023-06-18,49.05917639182972,49.486163222393245,50.18883478076005,56.675697753522186,2.1613299692266317,340.1542095316653,control_2,-6.48686297276214,-0.4269868305635214
2023-06-21,34.192618801171506,37.8838217318188,29.94856040649185,34.572940207130536,5.3871188702888,269.6089642669501,control_2,-4.624379800638685,-3.691202930647293
2023-06-24,18.94413712825604,25.846907381879088,18.34209080047847,21.257004604974885,2.336509077810576,130.51844029743086,control_2,-2.9149138044964147,-6.90277025362305
2023-06-25,25.093355178771787,25.304536491374837,25.940013196287566,22.68975963079118,6.549817963645784,16.76848133711104,control_2,3.2502535654963864,-0.21118131260304907
2023-06-26,44.7009602939679,30.206332579856873,38.8666261834136,35.09543893689091,5.841151609159046,72.77697821855293,control_2,3.771187246522693,14.49462771411103
2023-06-29,54.52386968558669,36.81551892850935,42.157065119071596,41.82476136966594,3.3000552199899627,5.690857034694147,control_2,0.33230374940565355,17.70835075707734
2023-07-05,42.471161835633254,31.257251740750963,42.08566862090663,34.81372491451534,2.190817054473792,11.399542288557882,control_2,7.271943706391291,11.21391009488229
2023-07-07,21.371894022780296,16.457111238968732,19.828559712472877,17.480458335678016,2.1870494044766695,178.21604519792288,control_2,2.3481013767948617,4.914782783811564
2023-07-10,26.898274144279597,34.08384765735005,29.51356457671001,24.871016685534755,2.4409921357132576,119.49839284729131,control_2,4.642547891175255,-7.185573513070452
2023-07-11,29.80739588937184,27.245932270401703,31.08984058043566,27.03317308339855,4.187060078892148,65.38306684231884,control_2,4.0566674970371075,2.561463618970137
2023-07-12,45.027080951539816,34.110244472417236,35.43411632914877,36.13439705537634,3.9808661431083867,38.063863717393815,control_2,-0.7002807262275681,10.91683647912258
2023-07-13,27.065916478230587,28.69636452807955,33.17902334053647,28.7600200663751,2.3720436031500376,122.92270810400453,control_2,4.419003274161369,-1.6304480498489617
2023-07-16,20.61689409904473,19.790843728710897,21.59817761485199,17.16588282913495,4.506339793768813,94.49650876988,control_2,4.4322947857170405,0.8260503703338316
2023-07-20,35.0508742505241,20.08530376052017,20.370002721298093,18.139189358795058,4.357668778342321,42.10196392730791,control_2,2.230813362503035,14.965570490003934
2023-07-21,27.75733523476851,20.7450083983544,25.55822499072425,33.85979689396336,3.7460790352217,156.19127183077126,control_2,-8.301571903239115,7.012326836414111
2023-07-23,17.552198685176048,20.01020669335821,20.102934988705236,25.601139632969872,3.1962804882793097,25.20541106286339,control_2,-5.498204644264636,-2.458008008182162
2023-07-30,20.32502897082878,15.982294926037776,21.72530089121249,9.807590034677757,2.721143887788129,115.25496770261253,control_2,11.917710856534734,4.342734044791003
2023-07-31,26.2973364047247,28.52781486913558,19.59560282878044,25.532757760363836,3.150991104449524,181.26530629374147,control_2,-5.937154931583397,-2.2304784644108793
2023-08-02,37.19072918176428,35.66977745738963,38.02147992906711,43.75653609104998,2.377202741401363,311.29928200113557,control_2,-5.735056161982868,1.5209517243746546
2023-08-04,19.55030872242118,17.29969814069461,30.382294071478565,20.86538481977426,2.3849928760530923,133.8675964232889,control_2,9.516909251704305,2.250610581726569
2023-08-06,31.99745397367594,26.696450884569323,32.69007871704695,30.806762776210437,5.622174768540173,51.83829291662562,control_2,1.883315940836514,5.301003089106615
2023-08-08,20.214702676269745,8.213573437012403,16.682573911696302,10.333833191742528,3.8166692044475155,99.49355952545852,control_2,6.348740719953774,12.001129239257342
2023-08-10,21.470378621703812,12.590586229716875,17.44504782148866,17.158660836379113,4.437659318240765,115.10782492647604,control_2,0.28638698510954796,8.879792391986937
2023-08-12,32.49864351497514,30.2905471512904,34.156189410285705,33.45016158678933,4.943853706813957,50.067807011721015,control_2,0.7060278234963775,2.208096363684742
2023-08-13,25.47149052922732,21.800482339174096,30.400249514495474,18.415810513489394,3.6287182559625806,77.25677510667043,control_2,11.98443900100608,3.671008190053225
2023-08-20,31.90491156320594,26.680035676877775,33.27373445075032,25.480616099977734,2.1611129906595794,31.384853965946377,control_2,7.793118350772584,5.224875886328164
2023-08-22,32.28632600871277,37.179664161824356,43.261720212387935,25.37549841245611,2.874253870887137,202.17346632667432,control_2,17.886221799931825,-4.893338153111586
2023-08-23,38.035817021800355,39.158123522656496,38.81868568080375,37.51764655264785,4.28061584554615,76.53569690216324,control_2,1.3010391281559066,-1.1223065008561406
2023-08-24,38.6817967996541,38.282810881029505,44.717338415957805,43.179012148938156,5.678988736482919,69.33906655012396,control_2,1.5383262670196487,0.39898591862459654
2023-08-25,22.138641362524805,32.41027150197333,30.203741812824994,22.761770587809803,4.172644141164373,166.6574824752746,control_2,7.441971225015191,-10.271630139448522
2023-08-26,25.24281369358852,34.090200432400856,30.77095178074046,25.881771907851636,3.0046465085839986,208.76685853181914,control_2,4.889179872888825,-8.847386738812336
2023-08-27,8.250310769912451,19.133898475718954,17.910704790994654,23.616674099998246,3.1661574992976735,211.21639911891967,control_2,-5.705969309003592,-10.883587705806503
2023-08-28,31.967850982492266,36.06250466172937,41.360580595286756,27.184292720812167,3.4877855195153407,189.20928782695117,control_2,14.176287874474589,-4.094653679237105
2023-08-31,22.862227007975378,26.671247167851064,24.118789454839316,21.53123373775036,3.6850361259843174,212.25596011955554,control_2,2.587555717088957,-3.8090201598756863
2023-09-02,21.259509086055267,10.433835545356132,25.520231246063915,24.973043008145865,2.626990311121891,82.29979454322262,control_2,0.5471882379180499,10.825673540699135
2023-09-03,29.038773056749367,23.804270567290374,25.232406378533373,32.577667660150034,4.030047015790845,77.4184496427921,control_2,-7.345261281616661,5.234502489458993
2023-09-04,21.854392314695378,29.250579723673916,37.8338206916319,31.218933048816,3.037395216541966,48.643691921022935,control_2,6.614887642815898,-7.3961874089785375
2023-09-05,35.614302092557914,26.910937839504435,33.15923476453811,25.032258125514094,3.2225389376153304,24.22629802032128,control_2,8.126976639024019,8.70336425305348
2023-09-09,14.663805207664593,27.952667008097485,21.45126413577024,15.306223406195807,4.099104820120091,188.86929584991594,control_2,6.1450407295744345,-13.288861800432892
2023-09-13,26.859929158311687,29.77743706309187,28.463337872338368,24.717083098306006,2.8996706206373886,164.09020016542797,control_2,3.746254774032362,-2.9175079047801837
2023-09-14,29.975242039173633,43.275848478989936,28.539334828686847,34.67195256676047,2.1525765991488055,230.67813027913311,control_2,-6.13261773807362,-13.300606439816303
2023-09-15,35.69045054409947,49.26392802989096,48.610361351661744,41.114276059334045,2.3058744148628323,224.3723722279142,control_2,7.496085292327699,-13.573477485791493
2023-09-17,36.27232886489798,27.1326638691857,39.350668753142024,28.082309167409804,2.023138550223336,143.006598748454,control_2,11.26835958573222,9.13966499571228
2023-09-18,19.274699313240713,32.161648760485704,14.70953362120827,11.072984182255558,3.7699229180237026,138.82821146847505,control_2,3.636549438952711,-12.88694944724499
2023-09-20,54.85851424365498,52.30558193111055,47.85193644119364,49.345103816538355,2.2589074991068645,295.6635876792419,control_2,-1.4931673753447186,2.552932312544428
2023-09-21,43.935637684080426,57.395665585618055,47.66068926340274,47.120045714076554,3.2599051533445653,283.43807966555926,control_2,0.5406435493261839,-13.460027901537629
2023-09-22,23.23595190026408,33.34583436329053,27.561128915540493,22.674796053531278,3.937498167072005,249.94509347460036,control_2,4.8863328620092155,-10.109882463026448
2023-09-23,36.543950342673014,43.470917947975906,30.267799531864785,40.436222602642495,4.386307381602733,225.17060591204725,control_2,-10.16842307077771,-6.926967605302892
2023-09-24,20.1233131445655,22.810152772278386,26.402976000270904,25.018270181957824,3.478619234068425,202.0054594422314,control_2,1.3847058183130798,-2.686839627712885
2023-10-03,53.62454936198883,60.69202250175908,68.0112858516345,67.14651267675505,2.0850117075599215,316.2344093848414,control_2,0.8647731748794456,-7.06747313977025
2023-10-06,37.927643976210014,25.064042879845577,39.29945782325833,23.924120636715838,4.182035751324252,84.61735116461273,control_2,15.375337186542492,12.863601096364437
2023-10-10,58.084175290327956,42.029336957745514,50.472338920675945,49.58667148784965,4.718100297586401,76.13374937854064,control_2,0.8856674328262955,16.05483833258244
2023-10-11,56.44369258457584,54.95944855201797,56.83702495221584,48.77979565030678,3.989343935926605,56.417971189582545,control_2,8.05722930190906,1.484244032557875
2023-10-13,40.87765940563246,55.783162777162026,51.354682668207225,42.12515041897383,4.204780268829914,279.9339719266022,control_2,9.229532249233394,-14.90550337152957
2023-10-22,32.69099986311006,19.26922258513663,36.53809178377954,27.484282081718526,3.4602820436664294,133.72009542839118,control_2,9.053809702061017,13.421777277973426
2023-10-23,79.91719610167819,59.71708761088466,67.1346663470888,77.97656393874742,2.308533627299863,335.0955639508916,control_2,-10.841897591658622,20.200108490793525
2023-10-24,59.73742772147063,40.17111493736011,49.528048362042725,48.216195687754436,4.015365758051226,8.477172261479211,control_2,1.3118526742882892,19.566312784110522
2023-11-01,27.256485753955676,42.522407604346746,36.17319779642426,36.09675079727548,3.4617212510250375,138.67943617203179,control_2,0.07644699914877862,-15.26592185039107
2023-11-02,62.86290125407858,52.23908947012589,59.983050942549454,51.399957219589936,5.3360981148839395,23.868872227068437,control_2,8.583093722959518,10.62381178395269
2023-11-03,58.82364021602242,61.34874242232526,65.80341158530278,53.97555725469473,6.081714841504513,22.306631323120087,control_2,11.827854330608055,-2.52510220630284
2023-11-04,55.39648832302791,62.48963841779098,61.17484040302779,49.21091237329729,3.2764060906201085,40.46136130620795,control_2,11.963928029730496,-7.093150094763068
2023-11-07,49.25311341165808,57.55699104000545,56.88837163354623,45.99372856427151,3.413836282137299,122.78783518035675,control_2,10.894643069274721,-8.303877628347372
2023-11-08,70.86727779221718,52.47351302009953,69.26134453114796,63.11934695670073,5.752237299103086,338.2060132264748,control_2,6.141997574447224,18.39376477211765
2023-11-09,45.765736426295106,51.18501607893121,65.93284752369021,50.28837575356069,4.3225318157322565,137.26849432281887,control_2,15.64447177012952,-5.4192796526361064
2023-11-10,57.89474874481073,95.57811291611792,78.67823672007005,71.37054708159383,4.634562711141994,66.14730611836603,control_2,7.307689638476219,-37.68336417130719
2023-11-13,56.051446397660605,56.51949799951786,71.50548330371768,51.44542637136872,4.8366179108067655,123.83046692779999,control_2,20.060056932348964,-0.4680516018572547
2023-11-15,90.04585772293136,91.7961890469311,100.44903160856641,95.55392474189027,3.808596426965922,50.43503818648878,control_2,4.895106866676144,-1.7503313239997453
2023-11-16,102.75933095782234,70.3847657002555,104.46732137543091,88.99849339534111,4.016010487561299,359.76238554962714,control_2,15.468827980089799,32.37456525756684
2023-11-18,40.4896606256559,39.658427892608216,57.564780399482835,32.607252240605064,2.1422042682425833,108.7041628742208,control_2,24.95752815887777,0.8312327330476847
2023-11-23,73.46809282084136,61.38218000295666,70.83160496041815,62.78057940137597,3.7106021228012676,70.11599220650214,control_2,8.05102555904218,12.085912817884704
2023-11-24,51.10776478850546,48.57693953648308,46.964355074649426,37.332769527860144,4.680247043374034,188.45065190907832,control_2,9.631585546789282,2.5308252520223817
2023-11-29,98.79281227476649,106.37211588951644,105.32887910554142,102.12364615878678,5.356726984762351,50.5580657462873,control_2,3.2052329467546343,-7.579303614749946
2023-11-30,72.44572187659931,62.85261948712697,55.347733157917304,27.325390475162063,5.409062952830472,22.67859280894828,control_2,28.02234268275524,9.593102389472335
2023-12-07,94.5633256334519,81.9020331021769,99.64073602249636,90.86667072508911,4.453326986652229,56.93095774599874,control_2,8.774065297407247,12.661292531274995
2023-12-08,29.711343929628807,28.43941497767951,26.136392988730844,14.8442095525382,5.118056008862934,18.7905509178305,control_2,11.292183436192644,1.2719289519492953
2023-12-12,109.04089151069499,87.82137277345325,111.92777156083656,108.99813448645874,5.18420232370479,53.07055553669471,control_2,2.9296370743778226,21.219518737241742
2023-12-14,98.20782935115312,79.70552203784483,100.50015982688225,60.122097439250666,2.577867028057213,46.488427934500976,control_2,40.37806238763159,18.502307313308293
2023-12-15,106.9631437274282,52.68054498660426,88.75103732703641,63.65218861624855,2.080690095276453,1.3722287347302995,control_2,25.098848710787863,54.28259874082394
2023-12-20,62.45912340361119,29.487131452289095,40.84017156353762,32.843620660912315,3.3550077924324295,353.7119724754659,control_2,7.996550902625309,32.971991951322096
2024-01-03,78.70055708528874,52.94988804546998,75.3672546707556,54.19035655705302,3.661461876088558,57.357777248986,control_2,21.176898113702578,25.750669039818753
2024-01-19,35.52751639036962,35.201677909417654,47.218671010316854,38.35404371704664,5.994295930760294,126.05683766921356,control_2,8.86462729327021,0.32583848095196544
2024-01-20,22.921192542236316,22.17258992012214,36.577030032969425,16.89801412465197,5.525653322678198,114.84691914479708,control_2,19.679015908317457,0.748602622114177
2024-01-21,49.559266191654025,32.25625009164868,55.74986527497275,36.6188516607083,2.3158629388768968,40.2900753813704,control_2,19.131013614264447,17.303016100005344
2024-01-22,72.19962871178335,50.52895655073772,51.32872338308406,74.24859918811417,5.35610856908755,23.943487752666044,control_2,-22.91987580503011,21.67067216104563
2024-02-01,78.18680684652544,84.63653514313653,90.31585774581085,80.19749584925034,5.027468398684459,45.67324781236118,control_2,10.1183618965605,-6.4497282966110845
2024-02-02,13.596244478970641,23.849312150038124,28.18950050484512,14.1253628275902,3.9633077046422645,207.75999435494202,control_2,14.064137677254921,-10.253067671067482
2024-02-03,35.97465190264618,63.83136562014299,49.38190813568026,40.378972692822074,2.162869689610085,238.57652778199588,control_2,9.002935442858188,-27.85671371749681
2024-02-04,46.43571643898253,55.61812430801922,60.0724627956827,43.44807596326227,3.7452195759694344,217.48426286607645,control_2,16.624386832420434,-9.182407869036687
2024-02-05,35.48537207317199,52.54687019768863,52.56114863009815,41.182490427683916,4.33543710896099,189.341781664871,control_2,11.378658202414236,-17.06149812451664
2024-02-09,31.17008474023437,31.387746427754617,29.304367578253824,31.437102055066998,6.574853058912635,34.530171051932484,control_2,-2.132734476813173,-0.2176616875202484
2024-02-13,35.321201740398216,36.083627371013954,46.629997892277096,31.75403028302259,6.606887476705454,106.96281084254059,control_2,14.875967609254506,-0.7624256306157378
2024-02-17,21.664114925580257,20.724239955651385,19.47800594629721,17.56767927016875,5.134558256145811,96.15921966136773,control_2,1.9103266761284594,0.9398749699288729
2024-02-18,63.77574960421985,36.98501623237656,53.93279632022653,46.1815297095456,5.432122422482025,55.31231114102849,control_2,7.751266610680929,26.790733371843288
2024-02-21,68.19285555207458,37.93240390878297,53.99967755616376,44.573665973046616,4.935413560588904,18.81544648361711,control_2,9.426011583117145,30.260451643291603
2024-02-23,55.66226566260912,51.98873274690649,64.80356848188913,51.89999792178859,4.911282106105585,111.41561130792115,control_2,12.90357056010054,3.67353291570263
2024-02-24,9.224096878089888,16.90234768968155,20.858523313770423,12.15327542591452,4.850522511215207,175.04946477497924,control_2,8.705247887855903,-7.6782508115916634
2024-02-25,25.474615996183402,20.050688082033112,18.205733582466266,17.64067015031108,5.242230406661002,7.373155497613652,control_2,0.5650634321551848,5.4239279141502905
2024-02-26,104.30649375858984,55.6401653270121,96.92290300254064,62.24250358820367,3.076155466204355,353.6215965419757,control_2,34.68039941433697,48.66632843157774
2024-02-29,48.11825160455759,44.622977917294165,59.938362865293776,42.13718016740207,2.9932626801536504,95.69715160071149,control_2,17.801182697891704,3.4952736872634276
2024-03-03,32.346995962060184,23.19667763127107,25.649208129958044,29.636072853609022,4.3170185556236085,349.7626174957477,control_2,-3.986864723650978,9.150318330789116
2024-03-04,51.76739954153169,34.002489935166814,42.850068445294404,36.53688678567682,4.181697989636706,357.42946833815506,control_2,6.313181659617584,17.764909606364874
2024-03-11,81.6084402877582,58.58576351904587,85.9065122790497,59.72088140180177,4.7377835732745375,72.64079327729502,control_2,26.185630877247938,23.02267676871233
2024-03-12,54.842736150201965,37.258377115097666,46.17931206764087,39.95131277839815,5.123521367682714,56.691361537277714,control_2,6.2279992892427245,17.5843590351043
2024-03-13,46.50771327228884,35.1944437850236,39.79687804651294,37.689675175288535,3.531827326911237,48.42385575125036,control_2,2.107202871224402,11.313269487265238
2024-03-16,54.32651427399643,37.75293004355058,47.56365658492505,40.04806373009341,6.978022650571868,47.18889184293744,control_2,7.515592854831638,16.573584230445853
2024-03-19,78.63542076370557,72.2429285286179,83.96381364897528,79.03575752789864,8.37440206942622,47.07321117319498,control_2,4.9280561210766365,6.392492235087673
2024-03-20,36.828626266541896,25.843614964190024,44.67464243914616,30.830582315696144,7.314938849338285,120.94305637634329,control_2,13.844060123450017,10.985011302351872
2024-03-24,33.38297393617297,43.11500109535605,33.631984617573146,39.137255488819555,4.463901958962431,285.86947494224745,control_2,-5.50527087124641,-9.732027159183083
2024-03-25,48.16069266383432,39.91499626384253,53.59751747822288,48.735239377630805,5.522828426542847,337.3144831212415,control_2,4.8622781005920785,8.245696399991786
2024-03-28,38.403038203131814,23.470327255997823,28.921003303094462,28.668834886633558,5.091322851138148,97.15586767999486,control_2,0.25216841646090415,14.932710947133991
2024-03-29,46.77169122013847,47.20937598564328,59.44113219500866,42.47924732059638,3.352965216058695,110.53343062752685,control_2,16.961884874412284,-0.4376847655048053
2024-03-30,15.626599736912343,16.81570048337224,16.815700276471308,17.85359570593552,7.160358042847658,72.8355060684874,control_2,-1.0378954294642107,-1.1891007464598964
2024-04-07,33.84507528952593,34.26354655634883,39.22457512883241,17.095119215957933,3.794522076446288,313.7739441069882,control_2,22.12945591287448,-0.41847126682289826
2024-04-13,13.4906841431141,12.023243280366053,16.40345917188513,0.9664686233947601,5.704491421092214,106.72478663883851,control_2,15.436990548490371,1.467440862748047
2024-04-14,36.6362008285222,30.057654348919893,30.97807983212784,33.81089205844155,7.250973262481067,54.47539933033681,control_2,-2.832812226313713,6.578546479602306
2024-04-15,32.03173138270021,48.195626087770634,42.992395008113995,28.52801055487777,2.5302360996364133,187.147256618218,control_2,14.464384453236224,-16.163894705070426
2024-04-16,49.215568437737836,44.81601073876504,49.74914774157966,57.17486481239965,3.1642713373341476,330.3461394844514,control_2,-7.425717070819985,4.399557698972799
2024-04-19,14.789871597802863,16.84988602910509,16.061840468495372,13.729701220334531,4.868472672230919,120.87319747929729,control_2,2.332139248160841,-2.0600144313022266
2024-04-20,17.576709323048178,25.575962039127887,17.65452285386529,17.093255480112585,5.224080128340431,113.69296781763074,control_2,0.5612673737527061,-7.99925271607971
2024-04-22,55.26800171031478,11.76198591186552,42.21296502335897,12.86226861006458,2.2860409829913935,33.168096512521856,control_2,29.350696413294386,43.506015798449255
2024-04-26,56.978729513841756,49.64549108820317,46.74138080301137,62.616364773159134,4.322311049022205,321.75069127845927,control_2,-15.874983970147767,7.333238425638584
2024-04-28,28.781258795075093,32.88327212464717,29.666480957282676,24.751990217488647,4.966153100565856,43.37983369860467,control_2,4.914490739794029,-4.1020133295720775
2024-04-30,19.69349611865394,13.563963110158147,26.844419299417773,22.739101294409803,3.099587581294984,115.29928819651195,control_2,4.10531800500797,6.129533008495793
2024-05-01,27.716561721659815,16.012801089395236,21.534724456268915,18.64646680250361,5.331977504028611,57.080743475688905,control_2,2.8882576537653044,11.70376063226458
2024-05-02,68.3830849199251,55.53913645739528,67.11555989869368,59.90791506220115,2.446180075715586,8.293081576811232,control_2,7.207644836492527,12.843948462529816
2024-05-08,29.872367771433385,27.892752637692045,29.7621221587722,28.63988639573852,2.919537923426997,90.21422164585073,control_2,1.1222357630336788,1.9796151337413406
2024-05-12,15.360873488398482,9.440566377629155,16.88431739141063,16.296534709664382,2.4682274970167186,112.4575526385376,control_2,0.5877826817462477,5.920307110769327
2024-05-13,38.962839623588565,24.620269217423434,28.197764196874825,30.120967949296567,4.937935186687647,18.465322479579072,control_2,-1.9232037524217418,14.34257040616513
2024-05-20,47.971041715847576,39.7315342517805,39.3665034606349,40.96580414555759,2.9698480370548177,15.643591203415212,control_2,-1.5993006849226887,8.239507464067074
2024-05-21,37.43848290436208,36.38914058622095,39.59896713639696,34.568375163660754,3.6509811758972286,37.757372157890984,control_2,5.030591972736204,1.0493423181411359
2024-05-24,41.24563596451155,22.635204650634446,32.68437018956909,26.57228734576622,2.6636532850116956,17.025255687826245,control_2,6.112082843802867,18.610431313877104
2024-05-25,23.428262892981287,25.407618120392247,24.817854182841153,19.868807002088047,2.4166384366439675,91.97745865405739,control_2,4.949047180753105,-1.9793552274109594
2024-05-27,18.015102849128965,10.560064449061306,19.952307051271593,-0.3683008016514463,8.00614220679983,83.98255188468823,control_2,20.32060785292304,7.455038400067659
2024-05-29,11.958932754445934,20.020045740719997,20.965495457165392,11.738623387440242,4.196330814146097,156.83541349680684,control_2,9.22687206972515,-8.061112986274063
2024-05-30,13.285226234928928,15.299955922711133,24.81643506020775,14.416047960085962,3.1314178335470833,162.28808563419034,control_2,10.400387100121787,-2.0147296877822054
2024-06-01,26.25992148602382,19.05007460089264,21.452664928702678,30.532706626071633,4.065437697474866,351.2258734538686,control_2,-9.080041697368955,7.209846885131181
2024-06-05,62.3428568137335,50.28582016241694,43.39230432919844,50.067447837210544,5.192184313944439,9.186598217731444,control_2,-6.6751435080121055,12.057036651316558
2024-06-06,35.8935942317177,26.646446994369402,34.97792884308324,33.91264809513524,4.839066803085121,92.59048634364831,control_2,1.0652807479480018,9.247147237348297
2024-06-07,27.822694057296015,18.25374134887094,29.70679526749463,21.72139963252526,6.417138907120949,110.37686066052265,control_2,7.985395634969372,9.568952708425076
2024-06-08,39.69435452363584,33.160831197533454,32.74972769215918,40.13429478385068,4.003410452131247,22.872270886385365,control_2,-7.384567091691494,6.533523326102383
2024-06-09,37.34944642848466,40.98809352799861,42.36101782559009,35.080062270058946,5.206042240618689,116.22051985825124,control_2,7.280955555531143,-3.638647099513946
2024-06-12,60.951104989730766,45.77374022524834,49.01966129679576,42.74086218902549,2.231029979827796,27.368626498897527,control_2,6.2787991077702685,15.177364764482427
2024-06-13,52.918065910007456,42.43362825019677,47.33722596280354,45.96794377964329,3.963705311382812,38.13446502128721,control_2,1.3692821831602444,10.484437659810688
2024-06-14,24.539703566943693,23.854694995231572,22.697057972676937,21.361877067186196,2.163614728073693,135.49302404212915,control_2,1.3351809054907413,0.685008571712121
2024-06-15,31.36793384094068,39.54965325414893,35.120090265939396,31.045534745670988,2.258185560238324,223.46170141632882,control_2,4.074555520268408,-8.18171941320825
2024-06-16,52.982810482170734,43.04810280656478,45.921730366489335,44.819336939235306,2.387665935762533,5.868057108646724,control_2,1.1023934272540288,9.934707675605956
2024-06-17,56.851116184341784,33.511586939136365,29.441295858409624,34.61680292284503,2.9781525369197883,23.19504185250196,control_2,-5.175507064435408,23.33952924520542
2024-06-21,37.596543787873756,25.312898405331254,43.21916936527879,31.33956078651133,2.2090814202177604,89.97289049632616,control_2,11.879608578767456,12.283645382542502
2024-06-24,32.81575309136999,42.40277917328072,38.08979105207523,35.552443816380425,2.0983236832066754,164.57758938346774,control_2,2.537347235694803,-9.587026081910729
2024-06-27,14.76635125668714,17.895003417794545,19.72093217553538,19.832642181146518,2.229955953970076,177.67899083814677,control_2,-0.11171000561113686,-3.1286521611074054
2024-06-28,52.42584021069216,28.053808743717063,42.881812062361625,42.043274781870394,3.6784068396679053,7.069255076379591,control_2,0.8385372804912308,24.372031466975095
2024-06-30,21.51698459751803,22.96170785245317,26.207776255892888,23.65787361766651,5.494362182656589,156.37257662137404,control_2,2.549902638226378,-1.4447232549351412
2024-07-01,31.786425860985837,46.21181665901939,34.147325184792685,36.52242187531453,3.300020228797802,226.24664983174483,control_2,-2.3750966905218434,-14.425390798033554
2024-07-02,40.42940292688785,31.34867994176294,42.7044380238533,31.76326528628912,3.983814148495276,339.3729096216507,control_2,10.94117273756418,9.080722985124915
2024-07-03,27.474498725194767,34.263473458698044,34.26347403222066,34.26347399407029,4.825223653689498,60.86802466567195,control_2,3.815036819787565e-08,-6.788974733503277
2024-07-06,26.380079920906677,23.226351883189228,21.992165793820444,22.837145710049263,3.9677278606338944,83.7318336615794,control_2,-0.8449799162288194,3.1537280377174497
2024-07-15,42.54385820342789,40.56081386652113,43.030459422006075,38.907826764448444,3.6951765669809373,67.21745684299862,control_2,4.122632657557631,1.983044336906758
2024-07-16,35.77684094301509,38.90635413170394,41.82379805556399,47.33451092082018,4.503597702966436,71.15221365809293,control_2,-5.510712865256188,-3.129513188688854
2024-07-18,18.010674074165827,12.858689634673622,23.57360207507025,12.292536887692156,4.211091746998219,171.75457790140103,control_2,11.281065187378095,5.151984439492205
2024-07-20,25.1523845422282,27.977157347671586,30.82903863748746,23.1130916048095,2.0422617723449803,161.3003964839795,control_2,7.71594703267796,-2.8247728054433843
2024-07-23,29.07918295114041,25.691323869413086,28.876043503400275,26.29654151618543,2.494872434791392,43.823236473491875,control_2,2.5795019872148437,3.387859081727324
2024-07-24,22.417637807933854,13.65678569912714,20.717430541070467,21.15811107957935,4.277173349000814,80.06635767227306,control_2,-0.44068053850888234,8.760852108806715
2024-07-25,22.73354497672523,26.37630036647702,26.305004623541283,22.62792542078149,3.6244498653931116,143.30016978836818,control_2,3.677079202759792,-3.642755389751791
2024-07-26,22.452847839547818,25.32476911370639,26.67513523242363,22.953185051740178,2.7092090361792223,212.75387203546063,control_2,3.7219501806834536,-2.8719212741585736
2024-07-28,36.02198428935247,29.010458202516457,29.450075239983995,27.177518727282184,2.4537121903124355,9.21121427701496,control_2,2.2725565127018115,7.01152608683601
2024-07-29,39.10801824238659,34.34009339123827,43.7828346391945,37.376646635173294,3.539345409515741,44.91251486223422,control_2,6.406188004021203,4.767924851148322
2024-07-30,24.91680707394221,20.406919002709685,28.342196748200703,16.84292195773078,4.320249794764782,103.34608068447557,control_2,11.499274790469922,4.509888071232524
2024-07-31,33.52904353011248,31.923360262772665,38.22917569976908,36.010050560373905,3.2716043188842483,37.39372522977658,control_2,2.2191251393951745,1.605683267339817
2024-08-01,57.52485343391034,47.7154739945666,53.91676154810525,57.70856880795778,3.18251026314643,7.370840065660559,control_2,-3.7918072598525328,9.809379439343736
2024-08-05,28.596100460818725,24.012340131075927,35.45955249430861,17.494779813546263,3.6538458141719157,63.637564804238025,control_2,17.964772680762348,4.583760329742798
2024-08-06,37.97197626215799,35.37483600867939,41.81916843941321,35.98773837453145,4.052280125589704,55.695362298139,control_2,5.831430064881758,2.5971402534785994
2024-08-10,15.096700714553766,14.244435985087195,13.292633050548893,15.059435620508808,4.051538194110892,101.15896828300515,control_2,-1.7668025699599141,0.8522647294665706
2024-08-12,14.345936946272136,23.954002828664674,26.607639379598915,20.725005435840785,2.664915505923385,157.82271110211036,control_2,5.88263394375813,-9.608065882392538
2024-08-21,16.997188405698637,23.99933629184182,31.734580567477533,15.018512223302062,3.769452129408276,191.22632916702324,control_2,16.71606834417547,-7.0021478861431845
2024-08-24,18.983884210353644,16.355741582521713,23.97860646245337,17.904422209081027,2.091066956448991,68.44579148334282,control_2,6.074184253372344,2.628142627831931
2024-08-27,59.846858812321855,50.931941696356304,58.91581464828729,56.06392156226492,3.5930195431620646,49.929787639136464,control_2,2.851893086022365,8.914917115965551
2024-09-01,26.124486323934892,25.183960616102297,32.074648973700306,23.722687725396057,3.786942528686615,122.22365647294868,control_2,8.35196124830425,0.9405257078325953
2024-09-02,25.72825654606951,26.139896805503096,27.334933176918714,29.21066803973056,4.545853438241729,192.1011911481146,control_2,-1.8757348628118464,-0.41164025943358595
2024-09-03,28.442420704477,57.53691554256403,42.70936813867745,44.68436190353233,3.0785369166082397,261.2278649618692,control_2,-1.9749937648548794,-29.09449483808703
2024-09-04,46.43372197889178,47.636426419648224,58.59752011895594,58.971417422987734,2.389083758940567,316.4688637248396,control_2,-0.373897304031793,-1.2027044407564418
2024-09-07,14.327735690205746,17.65636225489704,17.567682906787365,14.754425974526312,5.778028965799894,144.85677342286806,control_2,2.8132569322610532,-3.3286265646912945
2024-09-08,16.77955234413034,11.206443615079841,14.297313843411953,11.66389348597102,2.2933188024284523,94.98696333863518,control_2,2.633420357440933,5.5731087290504995
2024-09-09,41.0831932371709,35.16060203355606,43.56954180141011,32.48246547506053,3.4267427265255535,80.61883506145779,control_2,11.087076326349582,5.922591203614843
2024-09-12,44.693862596526294,59.547948287829186,53.31815588279431,45.71695262739405,3.9904089772348694,284.5886026885847,control_2,7.601203255400257,-14.854085691302892
2024-09-13,35.46417370267047,35.29778310370938,29.25925195467054,29.87373107225347,3.8219514999563398,295.15910075142233,control_2,-0.6144791175829312,0.16639059896109387
2024-09-14,27.806782150173678,35.181992736441536,31.566218261050018,30.2302827752694,3.8329551902845624,276.00865749228467,control_2,1.3359354857806167,-7.375210586267858
2024-09-15,35.702958625265055,39.73118482812994,30.98749855623209,38.62938188271789,2.9155579570079997,281.09925333903345,control_2,-7.641883326485797,-4.028226202864886
2024-09-16,38.393483263735455,50.58425696207278,39.367738520427736,46.63607701327604,2.47788368547429,262.25054176862636,control_2,-7.268338492848301,-12.190773698337324
2024-09-19,28.682391298726667,45.28721856322522,46.723550096156515,33.60069851956329,2.308417774774527,184.10951049926123,control_2,13.122851576593227,-16.60482726449855
2024-09-21,41.6749254700316,32.007078368254014,43.20215816893673,26.00948225219343,2.766951295085235,146.66918782666187,control_2,17.192675916743298,9.667847101777589
2024-09-22,70.36469591388577,65.38806396458277,90.80424338346785,69.59825543717747,4.1761663624129435,53.11670943617071,control_2,21.205987946290378,4.976631949302998
2024-10-06,36.56382314349903,26.65630755922713,32.57906278670391,23.30314582898067,6.012530218140945,66.85709447499772,control_2,9.275916957723236,9.907515584271898
2024-10-07,28.308721111543854,28.43020295529688,46.03185210808642,20.76398905456429,3.241994509170649,157.88095237447214,control_2,25.267863053522127,-0.12148184375302762
2024-10-08,35.02838804972957,28.489542902792053,36.2084535944671,31.166854531427315,2.6607586868801762,115.73803932385499,control_2,5.041599063039786,6.538845146937518
2024-10-09,29.113434608427692,27.75590781175049,41.45209952183005,24.481130292497276,2.9323042661095586,138.94065338960706,control_2,16.970969229332773,1.3575267966772024
2024-10-11,51.39666576805373,31.09727770321746,45.43505863136676,36.888742899720846,3.39689215153389,49.3053685350763,control_2,8.546315731645912,20.29938806483627
2024-10-21,73.96609031643924,41.76299812328512,61.98604796615594,44.032967191077695,2.8750452059208906,35.566346164323875,control_2,17.95308077507824,32.20309219315411
2024-10-22,58.866309758270916,30.395813959998844,52.47026226611793,37.02496630110113,4.154529080208812,11.451224251807389,control_2,15.445295965016797,28.470495798272072
2024-10-23,53.471288968473296,41.318650830380584,65.68728150278554,31.25336375892165,4.981171196053103,100.32634252601622,control_2,34.43391774386389,12.152638138092712
2024-10-25,69.47374494383774,56.30313961974327,66.25196183553156,57.56357012793947,3.7190682276661913,84.52025277715842,control_2,8.68839170759209,13.170605324094474
2024-10-26,29.434704799076844,40.36106597952915,41.312577699852525,31.613709880623485,4.034158000325612,162.95534767876939,control_2,9.69886781922904,-10.926361180452307
2024-10-28,91.52068238782284,67.13504606527009,117.9779512693152,93.53858891492202,3.5714193444542444,355.1304379931007,control_2,24.439362354393182,24.385636322552756
2024-10-29,52.33037888825135,37.466843273840915,46.231033323619954,42.58575313192662,6.800074381694354,30.991968273055022,control_2,3.645280191693331,14.863535614410438
2024-10-30,40.39864344457012,38.24498762239687,41.997696795176715,35.10793854856743,5.757611259445314,33.429316477710586,control_2,6.889758246609283,2.153655822173249
2024-11-01,33.286118675544905,38.668722972304494,39.43176687072323,34.392054868319114,3.2236769755309047,125.40609407858051,control_2,5.039712002404116,-5.382604296759588
2024-11-03,72.1213474144349,74.1727935130299,59.15383110662787,83.09377852569486,4.0127079762621385,319.35925216341144,control_2,-23.93994741906699,-2.051446098595008
2024-11-05,35.536797192410624,23.736074620437332,27.50661914883972,27.4968257136406,7.405927831080047,22.79550746475161,control_2,0.009793435199121348,11.800722571973292
2024-11-07,50.882321860609686,70.04318318821016,65.02723833423521,60.0861582001194,2.5361465803896537,176.39217428163022,control_2,4.941080134115808,-19.16086132760048
2024-11-08,69.43066941819067,69.64320428838869,79.77856521712518,55.69755197231229,4.240276491443818,111.0863458946211,control_2,24.081013244812887,-0.21253487019801298
2024-11-09,40.315752418646504,53.73227743217101,45.85757874391101,43.34519991970241,3.7523321042183273,276.6808250611243,control_2,2.5123788242086036,-13.416525013524506
2024-11-12,30.353865294457044,42.70047132609177,41.799273146389886,38.5205516303619,4.384341200119396,217.7703727292108,control_2,3.2787215160279857,-12.346606031634728
2024-11-17,57.88051337607023,45.93955627640366,52.88124966374814,33.36012331622455,4.3557685550273595,20.39780418744158,control_2,19.52112634752359,11.940957099666576
2024-11-24,55.73401281957745,33.794072844125665,33.75068735138363,41.604201055103765,2.4627078882944304,15.750586690585635,control_2,-7.853513703720132,21.939939975451786
2024-11-26,48.11733540907846,33.6978425490956,54.957530717301374,35.74325537696003,4.476334723975044,80.92006011291556,control_2,19.214275340341345,14.41949285998286
2024-11-30,25.837832476760415,25.52319018371926,38.81150105946069,20.012184065467785,5.12140998712525,67.65422047052027,control_2,18.799316993992903,0.3146422930411532
2024-12-01,22.20425524194593,2.361154978728747,31.277472529166566,0.3218558774055015,3.843555313291474,107.36823844418825,control_2,30.955616651761066,19.84310026321718
2024-12-03,100.10547281594945,54.84386346186801,70.68422209029639,44.22180033397385,4.2422582689763635,75.29034064657344,control_2,26.462421756322534,45.26160935408144
2024-12-06,96.29987461600791,73.39009766496747,97.51500418077386,100.07309409947646,4.781662912399513,66.00440164791445,control_2,-2.5580899187026063,22.909776951040442
2024-12-07,103.94753700652186,115.78394667253352,108.78679894464828,104.61554368701042,5.329004839809674,37.37667845219056,control_2,4.171255257637867,-11.836409666011662
2024-12-08,68.32452318743839,49.076949248058234,59.871859515846545,51.595888498360075,4.708778770148367,61.26715237945814,control_2,8.27597101748647,19.247573939380153
2024-12-12,60.819353888634396,26.490727830553443,34.1117862181343,40.401707334911535,4.019474269242776,76.95817830979854,control_2,-6.289921116777236,34.32862605808096
2024-12-17,57.86043419220049,34.303607813325385,55.838444987997356,47.652958116066166,3.924932237468901,78.86375596236303,control_2,8.18548687193119,23.556826378875108
2024-12-23,68.33422283253728,55.01721552668659,54.426161149926266,74.76779846419198,5.463331255402188,4.35203619562941,control_2,-20.341637314265718,13.317007305850687
2024-12-30,28.513603133961915,9.552429547930519,21.977308910965764,23.807967479772035,3.420209037135221,75.18660940489508,control_2,-1.830658568806271,18.961173586031396
2025-01-11,49.8026983329364,52.155621419665195,47.680281801469334,46.24149689055338,4.3226264957041005,96.60920794734625,control_2,1.438784910915956,-2.3529230867287936
2025-01-13,54.01221257217815,27.69922676234904,37.89164702251462,28.063233682664265,5.154173629605097,79.12391701021494,control_2,9.828413339850353,26.31298580982911
2025-01-15,107.24453591489745,39.41006887708366,73.5021587445041,61.25659736355151,3.15531914208404,55.398342795240126,control_2,12.245561380952587,67.8344670378138
2025-01-17,48.366004141599724,14.055032701477389,32.88308247992724,26.688496312545723,5.303392626449107,357.98247864094145,control_2,6.194586167381516,34.31097144012234
2025-01-20,55.21849046477546,28.546671948614087,61.66027774816552,40.48478975672993,4.553958039113303,70.15433308849003,control_2,21.17548799143559,26.671818516161377
2025-01-27,92.98987874082486,73.04469723136575,97.9182784100484,81.03020453433612,6.313970574988424,58.95966004979897,control_2,16.88807387571228,19.94518150945912
2025-01-28,66.81205448533957,51.35523134352027,76.80958998820843,54.078756152053636,5.829456761853715,48.354336087032664,control_2,22.730833836154794,15.4568231418193
2025-01-29,40.6069398224651,38.53242870362119,47.29307030014195,32.8270743680256,6.39001685229344,110.29921597696,control_2,14.46599593211635,2.0745111188439083
2025-02-01,19.115145081202865,40.5256857912841,25.125341551613218,29.450680986314293,2.8698985241043444,226.41968181077996,control_2,-4.325339434701075,-21.410540710081232
2025-02-04,49.556275108466174,54.14313668976196,54.74679474761542,45.45154059940201,3.690758982997843,180.78291027908278,control_2,9.29525414821341,-4.586861581295786
2025-02-07,48.30844188294976,43.016529536062656,77.48690060278278,43.649735131560575,3.110907740137171,126.53659197036973,control_2,33.83716547122221,5.291912346887102
2025-02-10,50.77299025986696,28.95196457399155,35.72180725178999,22.931497890126934,3.396242276374415,104.5360009365935,control_2,12.790309361663056,21.82102568587541
2025-02-14,48.213295871101565,63.46457857385686,25.96637949146155,106.16204568123392,2.169204375433593,293.03800145819935,control_2,-80.19566618977237,-15.251282702755297
2025-02-17,37.24976927994647,13.61544138849859,24.612044897716405,12.57926398916813,5.897728621091057,81.41018494815967,control_2,12.032780908548276,23.63432789144788
2025-02-19,31.18238883439855,61.72880242397255,75.59244745394054,25.905152068112166,2.9951491458844077,181.7408280617928,control_2,49.68729538582837,-30.546413589574
2025-02-22,66.51647499942365,48.64462389537459,53.40707630221962,42.92073469691176,4.334875809168477,40.724103397556746,control_2,10.486341605307864,17.871851104049057
2025-02-23,48.81325873405791,31.92325745245411,44.31298524618273,36.133579177836985,3.6831352450382475,41.4208560866785,control_2,8.179406068345742,16.8900012816038
2025-02-25,80.40160192588061,82.97738252624357,84.51731855543622,76.44498957771805,4.910806553530029,97.29294818519674,control_2,8.072328977718172,-2.575780600362961
2025-02-28,53.4342712986142,70.24132333218212,74.03103586844192,54.987424917354,8.703367860020391,24.686162397315968,control_2,19.04361095108792,-16.80705203356792
2025-03-02,23.226742673127863,22.425121084508902,28.56110801372265,17.024049346972856,2.459150267786606,112.94368164936793,control_2,11.537058666749793,0.8016215886189606
2025-03-04,77.65664360965937,57.46722535016427,64.89368248416613,61.8828890656257,5.667553089804396,355.5958464545711,control_2,3.0107934185404375,20.1894182594951
2025-03-08,22.088380679230035,25.82850506909238,33.428873889931445,22.543159864311246,4.595753622782006,122.68586582820512,control_2,10.8857140256202,-3.740124389862345
2025-03-09,34.32090513387217,25.33172866756346,31.643114724332243,19.15731812840661,4.084465620626837,78.10744086413206,control_2,12.485796595925631,8.989176466308706
2025-03-10,70.59691484777498,52.25789920456782,60.320071677568684,45.922778407210004,3.4856858195072427,58.43126268278439,control_2,14.39729327035868,18.339015643207162
2025-03-11,79.09096040674419,41.10810216282291,94.26613469373123,52.00889536872485,4.249217148234731,92.60915800448458,control_2,42.25723932500638,37.98285824392128
2025-03-14,50.45440707855895,42.558283379748424,46.76525412837688,48.3028653082241,6.300074483431729,354.5197900047708,control_2,-1.537611179847218,7.896123698810527
2025-03-15,75.86032204487975,52.01705317653824,61.335244078336586,76.55331310853956,8.95796360356805,17.080754233771415,control_2,-15.218069030202969,23.84326886834151
2025-03-17,35.73522153044688,38.447170798057336,44.999699568269364,34.18763810379285,2.460782255326348,125.76057630384236,control_2,10.812061464476514,-2.711949267610457
2025-03-18,52.03126744243309,37.184805150268396,40.08209446010135,42.41270413290802,5.686254021069151,6.684638372626409,control_2,-2.3306096728066663,14.846462292164695
2025-03-21,52.921708549876904,59.25748882285264,52.614508400046866,58.895495370709774,5.442968294096313,42.46764907661253,control_2,-6.280986970662909,-6.3357802729757395
2025-03-26,31.449901954664572,29.82823407591518,35.05293662207043,23.956666794416513,5.439313995394132,131.2797313202811,control_2,11.09626982765392,1.6216678787493919
2025-03-27,43.18041076738796,41.08655773853872,47.365295606430195,36.42928110000491,4.399166636808037,49.38128630039586,control_2,10.936014506425288,2.0938530288492387
2025-04-07,22.124588837780692,17.57452092144569,29.162964451443585,20.144236525764324,4.940945430340109,79.16818783462998,control_2,9.018727925679261,4.550067916335003
2025-04-08,14.581801801568632,9.607107731318449,21.629744965338983,13.80255733539687,3.933220441365852,133.03738324133178,control_2,7.827187629942113,4.974694070250184
2025-04-13,24.554106573705916,23.102547125692194,34.34773644156773,26.83741896706461,3.5825850340273346,358.2160843061983,control_2,7.510317474503122,1.4515594480137217
2025-04-16,28.973937005591033,40.4838004053189,37.08297703724102,29.127851220659277,4.474345980312851,129.15578369209152,control_2,7.955125816581745,-11.50986339972787
2025-04-17,63.17888775272543,47.850328578358045,64.03970905443036,61.57985151678085,3.701922233721927,346.81734738543616,control_2,2.459857537649512,15.328559174367385
2025-04-18,26.035319659024186,25.183896424989996,23.5029725956185,25.779779475407626,7.646789132922694,22.570746082707217,control_2,-2.2768068797891274,0.8514232340341898
2025-04-20,14.535700937946306,26.28960033249541,21.815007636573092,25.800077773767605,3.614630020589684,271.95859207499757,control_2,-3.985070137194512,-11.753899394549105
2025-04-24,78.95284294987958,73.54847126417411,71.29917836392514,76.58243254333159,2.8558841530596806,358.3832800597873,control_2,-5.283254179406455,5.40437168570547
2025-04-28,56.67821741781711,53.43696615978556,61.268613940887775,54.14924071225864,3.7538302640156807,344.97536562407527,control_2,7.1193732286291365,3.2412512580315465
2025-05-08,20.410132454945003,14.931051038195362,30.067121875321313,14.40281956104081,4.317613018524078,194.29287134464954,control_2,15.664302314280503,5.479081416749642
2025-05-09,35.45564047243833,35.142753301877,36.72260712773259,32.96117378302805,4.088610206995733,187.9235474895784,control_2,3.7614333447045354,0.3128871705613321
2025-05-11,32.04767992649362,42.139299692643,29.566290743770473,32.43189818704409,2.825183600420563,239.2692784934937,control_2,-2.8656074432736176,-10.091619766149378
2025-05-16,40.62357793463681,21.61393585245828,20.529035950279997,26.88793548918831,5.29464940669813,36.21497051258831,control_2,-6.358899538908311,19.009642082178534
2025-05-19,32.74982864827857,42.200851767049826,43.63113402785381,40.81822554577533,2.7977322169862813,182.78898357983078,control_2,2.812908482078484,-9.451023118771253
2025-05-24,44.704479183213145,24.168935027640824,36.41523836662805,30.114965979549286,4.504886113068848,136.4859380715344,control_2,6.300272387078767,20.53554415557232
2025-05-26,41.40195862501519,39.96586392587776,42.77777928292448,40.52408184676586,3.764777021904005,238.1171650893345,control_2,2.2536974361586175,1.4360946991374277
2025-05-29,24.968895773744194,20.70149223365285,41.212417260116986,22.217647918858535,4.094407036299833,103.19481729385234,control_2,18.99476934125845,4.267403540091344
2025-05-31,18.036599634007707,18.222379909396548,20.007391199407024,18.204256839902868,5.958468134807271,142.2983759844799,control_2,1.8031343595041562,-0.18578027538884
2025-06-01,15.179610710333824,15.55181226452743,13.726729777179667,17.49282741516976,3.2169529921893067,140.96248346081325,control_2,-3.766097637990093,-0.37220155419360523
2025-06-02,49.05765970866019,36.562189293157495,45.16080445715568,30.20156701560835,2.426164567777802,51.833152214566724,control_2,14.959237441547327,12.495470415502695
2025-06-03,49.74257283187008,41.401261757444495,45.59000513585345,44.27250941168469,4.288980839149304,2.3562347030151045,control_2,1.317495724168765,8.341311074425583
2025-06-04,41.37546967722078,18.689132030888867,32.442503415388884,29.588806491197825,5.449016681449797,29.692124590493904,control_2,2.853696924191059,22.68633764633191
2025-06-11,38.20080122593412,28.6348440500594,29.580167276173597,27.42197587724897,4.468056383605899,41.8543381162782,control_2,2.158191398924629,9.565957175874722
2025-06-18,33.28350163235195,28.067793919391693,42.748187382955535,30.801327945715247,4.3274075999490185,38.95338247058464,control_2,11.946859437240288,5.215707712960256
2025-06-21,19.591244985102488,10.288865022186902,16.04523558203383,12.321005453206746,5.0097710775904325,22.342128316227047,control_2,3.7242301288270827,9.302379962915586
2025-06-22,23.944536482613984,24.39188059042913,24.306669291695844,20.73930503996014,3.7734542407192455,50.14256217772686,control_2,3.567364251735704,-0.44734410781514455
2025-06-23,31.818408519711927,30.36404072813987,22.790819812216622,22.742170603781602,2.1216836521142244,59.821285378737855,control_2,0.04864920843501963,1.4543677915720572
2025-06-24,31.398781294614047,30.840158138941337,34.79123638048902,25.650811054802602,2.5263569510554436,60.43367918305864,control_2,9.140425325686415,0.5586231556727093
2025-06-27,40.652416983333815,28.745362352017136,36.38097231843812,35.16053191100244,3.873767615263601,39.06701563263016,control_2,1.2204404074356816,11.90705463131668
2025-06-28,15.738903932619678,28.215668359164958,27.959667879389496,10.840491851902677,3.048409228841566,71.60093690774443,control_2,17.11917602748682,-12.47676442654528
2025-07-03,30.71734905745101,27.445235384810857,37.10083107146459,27.925848366020535,2.6480188774190307,135.4824953583506,control_2,9.174982705444055,3.2721136726401525
2025-07-05,48.416022304616504,45.60325430220714,44.661724357396395,56.221329486681476,3.1120608507388297,11.873800683546278,control_2,-11.559605129285082,2.8127680024093635
2025-07-07,42.77205406163381,40.22180640545615,76.83943602895945,41.58737849978137,3.7438571252019535,92.0295934451666,control_2,35.25205752917808,2.5502476561776604
2025-07-08,32.21440666827213,33.17409850472732,37.27295466190729,35.66477681580313,2.111595256436664,143.97950607886014,control_2,1.6081778461041623,-0.9596918364551854
2025-07-11,47.25642027148151,44.10209074632462,44.69591257346495,43.173105759396186,2.4029717574441074,54.14606764352425,control_2,1.5228068140687654,3.1543295251568892
2025-07-13,26.457051897243275,19.53803255598792,29.934526846148827,22.576562021891043,2.9164707851009246,62.249629105508404,control_2,7.357964824257785,6.919019341255353
2025-07-17,43.71530065414364,39.42848358182081,39.42848372312099,46.06446897827402,3.8060440435059206,104.36764485281617,control_2,-6.635985255153031,4.286817072322833
2025-07-19,30.266973722086018,36.78636184233537,33.576360815937846,32.49562060550486,2.423783015380908,41.015427106384095,control_2,1.0807402104329853,-6.519388120249349
2025-07-24,36.84906800986304,31.745196383617458,39.90572279290277,31.433254395410568,3.2708805831762255,55.00312961302649,control_2,8.472468397492204,5.103871626245581
2025-07-25,41.10339248713168,28.5980789346501,32.10317073680954,40.09031596092314,2.9098137232519155,77.85797511829293,control_2,-7.987145224113604,12.505313552481578
2025-07-26,29.231558266818617,32.75139400613623,40.83383991429283,25.431892017701568,2.1569456616536145,49.51301099788719,control_2,15.401947896591263,-3.519835739317614
2025-07-29,14.172445758796306,20.86824505153811,15.804155225869224,12.53045259794826,2.4689235368911806,211.76470606402168,control_2,3.2737026279209633,-6.695799292741805
2025-08-01,28.441393783962504,36.388951207643956,39.215861626915306,34.59539515027869,5.010212844284531,204.62494948129137,control_2,4.620466476636615,-7.947557423681452
2025-08-02,15.14893274394504,27.077049947027003,26.70797954933809,18.880984748685492,3.7114238491838742,228.52777094554062,control_2,7.826994800652599,-11.928117203081964
2025-08-03,20.16247502646196,29.294163257839656,22.25931091848791,28.403219755931154,2.694541710109239,275.5455211053467,control_2,-6.143908837443245,-9.131688231377698
2025-08-08,23.431233406804594,22.000417114493494,23.28613772711831,26.55338977357476,2.8369918500424243,328.1662029136816,control_2,-3.267252046456452,1.4308162923110999
2025-08-09,28.756567810118124,26.518279907981473,24.76594044742482,21.06178565382082,2.1223313501582166,355.69864676445803,control_2,3.704154793604001,2.2382879021366513
2025-08-11,41.70682571776797,28.929294600313124,36.33772396231183,36.15497175550659,2.3053226127725175,355.430087742817,control_2,0.1827522068052403,12.777531117454846
2025-08-12,37.24360667452342,19.825055444879045,31.83120760875219,30.17902476573759,2.1106069405881844,2.899770751947017,control_2,1.6521828430146002,17.418551229644375
2025-08-19,29.43465240626973,20.09672322444714,25.52786075241875,26.952176366478803,3.637133142582725,27.074858238874356,control_2,-1.4243156140600526,9.337929181822592
2025-08-24,22.110831514571974,1.7306388715624905,14.644407282885071,9.319111161930307,3.7045804405259615,107.11096189153727,control_2,5.325296120954764,20.380192643009483
2025-08-26,13.657707424973559,21.582525577655083,11.084708415333921,-0.6842509827694335,4.285398888939483,125.53779637037644,control_2,11.768959398103355,-7.9248181526815245
2025-08-27,26.579849888681267,29.706556996597868,36.25149557133902,26.883783416578385,2.3619908546299553,138.08280605169648,control_2,9.367712154760635,-3.1267071079166016
2025-08-30,13.670207936757853,14.695440622495887,19.901745171845846,14.354167328877981,2.838865676336293,204.222177711726,control_2,5.547577842967865,-1.0252326857380343
2025-08-31,13.547833910059435,21.906034522635434,17.113999829779907,19.65837031137092,3.608919004669888,220.65353096141956,control_2,-2.544370481591013,-8.358200612575999
2025-09-01,44.258447435457924,22.933017300315683,11.513043262734808,25.424456099185495,2.7039717639052427,274.58460054579155,control_2,-13.911412836450687,21.32543013514224
2025-09-04,31.434662883118808,32.78133569921826,30.36257979427135,25.534525788207656,4.173380727945016,106.63086108429337,control_2,4.828054006063695,-1.3466728160994528
2025-09-09,41.84256413429231,37.17114113172023,50.37050106750708,45.753473571833936,2.35285541932474,339.28278595827203,control_2,4.617027495673142,4.671423002572077
2025-09-11,36.72061318571274,40.3970092400012,42.30157131447824,32.68480254657021,2.170978145397872,192.1274115412699,control_2,9.616768767908027,-3.6763960542884604
2025-09-14,23.64098925800742,39.9421051080632,37.44227269054709,29.99229310854068,2.5822376339932727,244.49875788185767,control_2,7.449979582006414,-16.301115850055783
2025-09-17,29.45042895695245,50.056963639949835,45.062063810678694,44.16882682791112,2.137070216943889,174.69443940758492,control_2,0.8932369827675757,-20.606534682997385
2025-09-18,42.99108658519675,46.814925658105416,58.28392247664821,46.30696917167185,2.0031641756784984,155.875548926394,control_2,11.976953304976355,-3.823839072908669
2025-09-30,53.70971222922736,55.58426940168452,61.35965543784852,49.47269182764721,2.99709857685978,201.33944636852178,control_2,11.886963610201306,-1.8745571724571661
2025-10-01,34.05315578670781,48.44972590803259,48.86881309191648,38.18230372342084,3.4302490589860537,218.2987650112076,control_2,10.686509368495642,-14.396570121324778
2025-10-05,36.195322137787365,26.282292776481157,27.029488347273645,28.30104604116866,2.576323306949568,4.512702054008571,control_2,-1.2715576938950157,9.913029361306208
2025-10-08,20.98605318954491,40.412333327833956,45.913420667229616,44.92170324121816,4.1073418121157905,176.5080970804952,control_2,0.991717426011455,-19.426280138289044
2025-10-09,24.650710551595804,58.06112020209539,33.308351556699435,37.95308706695448,2.6771579790358264,246.42403601988028,control_2,-4.644735510255046,-33.41040965049959
2025-10-10,81.10284339731562,41.141472012426625,60.059255718126956,49.30285749153014,3.1749009892752618,1.4624973582270968,control_2,10.756398226596815,39.961371384889
2025-10-11,41.80412987771997,47.217138377653725,80.61763260698676,35.93562154413466,2.077290868508056,170.32740833037758,control_2,44.6820110628521,-5.413008499933753
2025-10-12,34.84895993881204,45.94425905111598,36.711124366960995,46.23529076173461,2.851890156485348,261.61584486996674,control_2,-9.524166394773616,-11.095299112303941
2025-10-13,32.624383230755164,37.71326051935149,36.361438346588514,29.612236961307712,3.7633488097226033,189.39331959535053,control_2,6.749201385280802,-5.088877288596329
2025-10-14,25.15259127932779,46.151438582027566,40.99100570024795,34.17375595908389,3.5818830364826004,191.30837676636548,control_2,6.817249741164062,-20.998847302699776
2025-10-16,34.54523165322705,43.61480745640448,60.092206759163815,49.27457864742851,2.399233059596531,201.3474412048947,control_2,10.817628111735303,-9.069575803177429
2025-10-17,49.132136230387076,28.20278131792687,57.72622411093901,50.47364400901861,3.274883341108613,353.11723649847517,control_2,7.252580101920401,20.929354912460205
2025-10-20,53.57200941605143,37.292215853902675,42.224685137191734,34.39164555582363,3.3817198199554857,62.004283578976356,control_2,7.833039581368105,16.279793562148754
2025-10-21,40.91598836539105,27.949433068799603,30.82780318056111,37.86636066423894,4.775574002406055,57.323956445840054,control_2,-7.038557483677831,12.966555296591448
2025-11-04,71.8012405891166,68.15883491761079,88.90218305002765,62.269401067983196,3.3733271042174464,56.39881305089034,control_2,26.63278198204445,3.642405671505813
2025-11-05,47.20591933750256,42.4346627182121,55.317178250161994,47.570335586544005,7.819139730941779,85.9279177755285,control_2,7.74684266361799,4.771256619290455
2025-11-12,56.7559273302238,60.904793863369996,67.92295588917867,48.06900830377347,7.036697316503256,96.01333221417514,control_2,19.853947585405194,-4.148866533146197
2025-11-13,62.99045544205528,50.55470800782587,60.8120894687749,47.645977911980324,4.165104104603912,99.72963058414433,control_2,13.166111556794576,12.435747434229405
2025-11-14,76.09120866049675,57.273146105495854,64.35008512481352,46.732360010313634,4.142636424901685,30.31414789710891,control_2,17.617725114499883,18.818062555000893
2025-11-16,34.967724524720445,31.89033481989495,38.255964785205926,27.911324810010488,6.734084407279311,118.86447817073025,control_2,10.344639975195438,3.077389704825496
2025-11-17,49.23658763664747,33.161037354877955,54.93412133802407,44.850596475160344,3.4766193768651927,109.38058406990677,control_2,10.083524862863726,16.075550281769516
2025-11-22,48.534645688625005,50.29179050558367,49.37931326012308,33.39345112532528,2.492222183776187,149.64051375649296,control_2,15.985862134797799,-1.7571448169586645
2025-11-23,51.02619906546842,46.33592188403566,43.36301126006245,38.217137020700505,4.128891028623568,109.27374550469358,control_2,5.1458742393619445,4.690277181432755
2025-11-24,109.95889927166435,97.18702477702853,126.21595897356424,115.03642062672598,2.9162374959898725,330.8564884191407,control_2,11.179538346838257,12.771874494635824
2025-12-04,30.39212671655204,44.48664695783757,43.395452098485876,28.521461493795073,3.0873560792358368,178.44545787236143,control_2,14.873990604690803,-14.094520241285533
2025-12-08,43.11628342047376,71.27153011638606,66.78592446641872,70.06732163360476,3.8210213011488725,222.1225106398871,control_2,-3.281397167186043,-28.155246695912297
2025-12-09,49.51505622442137,60.35720417713303,58.38398820619174,33.484837136325034,6.280637785760506,27.01748852203849,control_2,24.899151069866704,-10.842147952711656
2025-12-14,39.551911323254494,34.05757772284137,46.93503273447042,28.18701668196993,4.581300492086903,116.76996063619208,control_2,18.74801605250049,5.494333600413121
2025-12-21,27.09742176408385,26.544427289655598,31.96892577555042,29.058572411470024,2.9821134229542463,142.84702422035093,control_2,2.9103533640803967,0.5529944744282531
2025-12-25,42.79170087615035,63.0946513888478,57.77768185815876,33.35091593610207,3.9147981351049976,208.64545200402935,control_2,24.42676592205669,-20.30295051269745
2026-01-05,147.32605684801874,130.1002616471896,130.91219788911192,136.3169582069688,4.552978081207894,46.19402809103252,control_2,-5.404760317856869,17.22579520082914
2026-01-08,54.936076688812015,88.5310484801272,59.86930358612878,76.90744369795067,4.155114572388672,330.7756193325148,control_2,-17.03814011182189,-33.59497179131518
2026-01-09,62.31159072984729,60.45161261884955,69.6559623328367,56.31553206656024,7.451948582176264,97.26101015335735,control_2,13.340430266276456,1.8599781109977371
2026-01-13,29.97414269727439,17.423082328242092,-1.6652739775026162,6.135548188936982,7.264985449431905,37.407858907492596,control_2,-7.800822166439598,12.5510603690323
2026-01-18,22.975223308954398,24.08715911723561,27.55344152674436,20.24398498664126,3.5350978896217544,59.7909644413574,control_2,7.309456540103103,-1.1119358082812134
2026-01-22,17.858589828618577,8.435344442566244,20.413853725833828,8.942010709975248,4.939250453458666,82.88701475664357,control_2,11.47184301585858,9.423245386052333
2026-01-26,23.864406890097726,47.10340389708756,58.13327665564418,29.511618974485618,6.490543466749348,98.12736879461352,control_2,28.621657681158563,-23.238997006989834
2026-01-28,73.80379562173084,53.41127185559916,62.497953020043006,39.03186936262987,5.180389797455559,77.22235272759337,control_2,23.466083657413137,20.39252376613168
2026-01-30,55.759007617063574,50.69175025282211,96.38786259387925,46.86199241819109,2.2688207919529164,196.36876958704536,control_2,49.525870175688155,5.067257364241463
2026-02-01,37.19726462835241,24.583703154076105,45.8238530335924,19.668267037124565,2.7692288377225065,94.30650521637602,control_2,26.155585996467835,12.613561474276302
2026-02-04,39.08815210330635,58.49219611228954,75.1390282282032,48.84018598285915,3.195242174525661,190.1285195631572,control_2,26.298842245344055,-19.404044008983192
2026-02-07,13.860291086585546,18.127782810675996,23.82705854293039,14.28727474516064,5.036765347108792,146.1744742991284,control_2,9.53978379776975,-4.2674917240904495
2026-02-10,73.95556178640642,60.96637036348807,71.7115429090614,51.64794489197132,3.9687570709338504,46.567787595483765,control_2,20.063598017090072,12.989191422918353
2026-02-11,24.543270068019417,27.032152686951083,37.03663681707408,22.718436717973493,5.665160135085448,121.88739960873829,control_2,14.31820009910059,-2.4888826189316653
2026-02-13,79.28434265243305,32.416081335886986,71.3289817013972,39.046270874306934,2.426985620234181,36.663739650928676,control_2,32.28271082709026,46.86826131654607
2026-02-21,20.094471184284814,16.82291554458201,35.62620092012413,12.991224401654902,2.7476187027613723,111.1481365319222,control_2,22.634976518469223,3.271555639702804
2026-02-24,82.95236990467843,55.0271612851511,71.53837737472219,58.0338090198332,5.965246312786421,15.997922167637114,control_2,13.504568354888988,27.925208619527332
2026-02-25,61.20036939164486,34.59539298689422,37.083682529940596,40.46047521882189,7.015569110802696,82.0432172703135,control_2,-3.376792688881295,26.604976404750644
2026-02-27,74.28447362159184,60.67266253187607,90.33739149787456,63.543230269806045,4.661050033626016,37.39185056624768,control_2,26.794161228068518,13.611811089715772
2026-03-01,23.767941397184174,42.13541510368128,34.679173234837315,23.847378105282772,4.521503152934458,198.65653830143125,control_2,10.831795129554543,-18.36747370649711
2026-03-08,30.261851074075825,18.12538193507601,28.82330985858984,23.364299852701688,3.770025903089991,70.01992478225691,control_2,5.459010005888153,12.136469138999814
2026-03-09,36.42549659358279,26.608935146620052,35.93488501634128,21.699315341579847,5.858408689653871,25.91356688150978,control_2,14.235569674761436,9.81656144696274
2026-03-13,32.885714511424254,27.622213373622092,38.159540862994675,24.826296297666538,13.165825675645513,71.84722377337431,control_2,13.333244565328137,5.263501137802162
2026-03-19,91.82924086269266,43.79365086537829,70.49716539557882,41.199295547085896,2.6463233366055263,38.88120307747403,control_2,29.297869848492923,48.03558999731437
2026-03-26,28.699775472450167,31.78673202343927,30.037646895274825,22.8464829483437,7.276702678228127,38.396600943262115,control_2,7.191163946931127,-3.086956550989104
2026-03-29,45.94258136191383,62.185118408086645,59.410418360201696,52.52527675711427,4.9094175858260884,34.54126537128565,control_2,6.885141603087426,-16.242537046172814
2026-04-02,25.812230355860095,13.74306869101794,33.0190474043449,25.812231046811377,6.994584617478693,20.169744735342647,control_2,7.206816357533526,12.069161664842154
2026-04-06,15.721828739781591,16.91975733763404,24.712787963380563,22.328969952433344,6.53508664298311,111.2420755082752,control_2,2.38381801094722,-1.1979285978524477
2026-04-07,26.07645988796612,33.53965280980194,38.01234969791576,22.67240873768953,3.2226078517126133,200.59830740058405,control_2,15.33994096022623,-7.463192921835823
2026-04-08,83.46266368472449,35.90348780215804,76.06941805866465,58.49838324841554,3.659906997486881,337.6708760440411,control_2,17.57103481024911,47.55917588256645
2026-04-09,40.45986145187656,28.792203202465494,36.51086817510934,29.001174431419194,5.8600825737352995,62.44841622804415,control_2,7.509693743690143,11.667658249411069
2026-04-12,22.898439573508973,34.063976425113125,16.53040093320881,28.517622195406414,5.949805546713131,31.61398078460286,control_2,-11.987221262197604,-11.165536851604152
2026-04-13,33.90089011420377,34.616565574086536,40.08391298123596,33.7466335314675,5.579687272713264,51.89407544576392,control_2,6.3372794497684595,-0.7156754598827675
2026-04-14,38.46183496580568,41.11317130987151,44.99391265153337,32.94619373239212,5.728093396966185,51.400509769769656,control_2,12.047718919141253,-2.6513363440658324
2026-04-17,35.81369040628017,37.21565407547174,21.24430953786629,36.51064185298105,2.1117438139180664,29.890768264089502,control_2,-15.266332315114763,-1.4019636691915665
2026-04-20,18.78812925880016,29.839391695187622,37.136867488009514,22.184615867467762,2.49315970508848,147.43565756629823,control_2,14.952251620541752,-11.05126243638746
2026-04-21,41.47983494601294,33.36102550149336,29.36192881583445,31.072146090277215,6.978986875212792,39.31270841003965,control_2,-1.7102172744427655,8.118809444519584
2026-04-22,36.828714724180735,32.174677635357014,34.79864171011939,36.22186392289818,4.317179018782748,62.1139043357681,control_2,-1.4232222127787892,4.654037088823721
2026-04-23,37.247513740149344,21.776586079626647,36.92886184601845,31.9581226182555,3.154159207581774,51.42850463902869,control_2,4.970739227762948,15.470927660522698
2026-04-24,45.15561084071225,50.816555209727575,48.62851151570239,29.694693766057043,4.534887584025459,41.12562245324807,control_2,18.93381774964535,-5.660944369015326
2026-04-28,19.869815266761044,15.270055040047431,12.027036044675391,13.483992425705674,5.36309510182211,73.26830208174329,control_2,-1.4569563810302828,4.599760226713613
2026-04-30,14.191370614031259,3.967752556267409,31.690127673046433,15.377889383665906,4.974143950847109,130.42153953814068,control_2,16.312238289380527,10.22361805776385
2026-05-03,35.31443179644279,18.69530342992966,26.91483265265694,25.656652391902757,5.860065741320846,55.142539521336175,control_2,1.2581802607541839,16.61912836651313
2026-05-04,27.653009983279333,27.74708926353331,29.494588746056472,26.089201705048044,7.030004368387734,44.47502469231057,control_2,3.405387041008428,-0.09407928025397894
2026-05-07,21.39820182495505,24.581672756641847,26.471394366261492,19.92559487961221,5.683327378368573,127.96187731366626,control_2,6.545799486649283,-3.1834709316867986
2026-05-09,20.330011753101754,23.519526371007313,23.16619823650345,27.955761370274264,5.332451047858435,50.86868331109207,control_2,-4.789563133770812,-3.1895146179055587
2026-05-10,29.46104433123308,26.428909835900953,41.57894044469367,25.70352848150621,3.5141976781715347,152.31773577214415,control_2,15.87541196318746,3.0321344953321265
2026-05-12,61.50790164216473,43.94462598233917,68.77034712242487,43.803373843620925,2.6385117386669243,40.240385989825654,control_2,24.96697327880394,17.563275659825564
2026-05-13,23.597972604593828,17.1793942293128,21.396039100309952,19.04812786730877,7.251257362684435,119.92050100365071,control_2,2.347911233001181,6.4185783752810295
2026-05-17,52.84185374139508,46.43492650712427,43.113052809701784,38.810899379493236,5.180620606933869,16.920305067502625,control_2,4.3021534302085485,6.40692723427081
2026-05-19,18.448529854312607,17.85449006667832,13.840730741793834,17.15429834812891,6.332552877012665,33.693762569130286,control_2,-3.313567606335077,0.5940397876342871
2026-05-21,46.26672330696618,59.181950439984924,50.750603564986456,56.284976268523216,4.09837028514121,229.6676254117587,control_2,-5.534372703536761,-12.915227133018746
2026-05-25,23.113380792207746,26.297399461271258,23.855222287423025,23.51274747437494,2.23730559329339,205.27733422520566,control_2,0.342474813048085,-3.184018669063512
2026-05-28,39.96730718972381,47.17387552806479,47.57898291768265,42.03425658027172,4.442165524596006,188.88315530139982,control_2,5.544726337410928,-7.206568338340979
2026-05-30,29.51895741771691,35.20679974353308,33.43265970420948,28.221944950595404,4.148887096175069,225.97557219399573,control_2,5.210714753614074,-5.687842325816174
2026-06-02,26.475308887683045,39.28429905039031,39.64366876835025,27.777040866131735,5.100266526012923,221.44053000985392,control_2,11.866627902218518,-12.808990162707264
2026-06-04,62.267684113150494,38.267271195450235,47.92848785863342,46.462174717865324,2.0643253365535417,26.215209783737123,control_2,1.4663131407680936,24.00041291770026
2026-06-05,36.52282793651474,29.271966441633197,36.58362781337787,31.04083108174496,5.333396013343818,30.310773445126358,control_2,5.542796731632912,7.250861494881541
2026-06-06,70.6599062734017,68.03228829285567,68.11316804675731,61.107483447906105,5.2671770033611285,62.272064441815814,control_2,7.005684598851204,2.6276179805460345
2026-06-10,31.912112088122992,33.868586151509334,47.46458503303598,37.14741603198628,4.85026259833073,53.71329168987802,control_2,10.317169001049699,-1.9564740633863416
2026-06-11,59.746848086924025,43.4503334843885,61.35839413784841,43.36633838443178,5.190844156285834,77.34656439471803,control_2,17.99205575341663,16.296514602535524
2026-06-13,32.00089260211075,31.050777906318864,29.676507911334713,33.356089260384024,3.506843884121332,39.5533712469404,control_2,-3.679581349049311,0.9501146957918891
2026-06-16,42.550985170211035,38.6388730044203,35.02458803815704,31.92338911462195,4.803709066406601,40.22291972812815,control_2,3.1011989235350903,3.912112165790738
2026-06-18,32.649759270449835,32.052429906850385,41.71141821696023,37.119704056807755,7.125825159723166,87.30873558280678,control_2,4.591714160152478,0.5973293635994494
2026-06-19,21.487216468884792,22.29882505370239,27.702888065357914,17.86522935107352,5.56182329728557,113.43786528468723,control_2,9.837658714284395,-0.8116085848175985
2026-06-23,18.542354204086276,15.379211211826789,13.581713994556008,15.424000906170264,4.424134331778257,162.66188993747494,control_2,-1.8422869116142557,3.1631429922594876
2026-06-24,15.769121007787522,25.6055610185268,20.38952251735814,21.563969913732333,2.0499363983592955,46.54980350407544,control_2,-1.174447396374191,-9.836440010739278
2026-06-29,31.15215263516587,21.398547841610487,31.058779904138564,25.854137912914563,2.523615544787583,10.269832368430173,control_2,5.204641991224001,9.753604793555382
2026-06-30,28.25739618355718,24.668937071931893,25.14561008171547,23.142718029867517,4.5442093488672395,42.759648160995596,control_2,2.0028920518479545,3.588459111625287
2026-07-01,60.27263014984487,41.63006455961589,48.4424982035316,48.36831352938112,2.9721832579428704,35.31658135713434,control_2,0.07418467415048013,18.642565590228983
2026-07-02,32.145625403329376,22.50613273519524,28.438785104654475,20.646764355951877,2.2301965352365305,60.5816323665573,control_2,7.792020748702598,9.639492668134135
2026-07-03,24.32491284207712,29.841983690229206,25.342840063799933,20.60000367562701,2.7785924229438073,77.12509155553482,control_2,4.742836388172922,-5.517070848152088
2026-07-09,33.419428535023876,29.79305383894044,38.58553584559418,35.02502499059887,3.709895322398193,92.54175039469646,control_2,3.5605108549953073,3.6263746960834347
2026-07-15,23.268534610436856,18.98693070914327,22.15317760046271,18.688470447668514,2.4662843065844573,84.2902357712764,control_2,3.464707152794194,4.281603901293586
2026-07-19,18.14535098031979,21.971220193527685,26.00957377379226,18.10495777831359,2.9777010912460775,187.4923759938906,control_2,7.904615995478668,-3.825869213207895
2026-07-20,62.73117328608502,35.87731717786443,62.51918142030041,41.977066224341776,2.0790771392258374,50.73544411057736,control_2,20.542115195958637,26.85385610822059
2026-07-22,10.316128997810845,20.64218804429029,21.24274119630869,18.28111254792125,3.259232343093373,161.7265170840351,control_2,2.961628648387439,-10.326059046479445
2026-07-25,15.746138219015041,15.23154971897881,22.63243945427815,12.447768317510024,2.1650597702025656,62.87322224578213,control_2,10.184671136768126,0.5145885000362309
2026-07-28,22.641094628412276,16.51336067048281,22.9555017709864,17.662002941216297,5.141696636635468,166.92153087089878,control_2,5.293498829770105,6.127733957929465
2026-07-30,23.067325944160554,8.351446967204144,23.750686232267526,26.66427128496402,3.86374491311229,172.95316537374504,control_2,-2.9135850526964937,14.715878976956411
2026-08-01,32.97646269420497,27.382753598302646,31.484946472360495,28.246378543683793,4.122917751931653,307.2266526688585,control_2,3.2385679286767015,5.593709095902323
2026-08-03,31.60607324371541,33.53044853774888,32.7783612607108,28.4174539456013,2.989943288391488,189.20235590276374,control_2,4.360907315109504,-1.9243752940334709
2026-08-08,21.027160716777335,13.5222331108728,22.93060443346932,17.20039226875243,4.296999546940146,59.555846166034144,control_2,5.730212164716889,7.504927605904534
2026-08-09,32.67365846405939,26.225192474073197,23.90551415315527,26.564266003434703,2.5497893228852075,62.53777198859353,control_2,-2.658751850279433,6.448465989986197
2026-08-20,11.55057266839563,26.653693085128857,22.247878552142474,19.181907689801942,2.2381768051977673,168.27888716736925,control_2,3.0659708623405315,-15.103120416733228
2026-08-23,7.315836266336674,0.7697705640206958,3.555265581962805,3.7687480292270914,4.893140292873159,111.49530369141564,control_2,-0.21348244726428645,6.546065702315978
2026-08-26,35.35413499436674,20.41398546212364,29.871656712643613,24.20733036427659,3.043326207871297,26.47897476426874,control_2,5.664326348367023,14.940149532243097
2026-08-28,14.19575644420619,26.36688636670378,23.7375587208301,19.66843744437437,3.5511649257541484,208.36470946811104,control_2,4.069121276455732,-12.171129922497592
