d,cross1,cross2,down,up,speed,phi,site,dw_minus_uw,cross_diff
2024-04-01,26.183900997898647,23.167150121540526,25.63333333200283,29.987339015705288,5.851383166908695,132.92421836402673,epoch_meta_kuna,-4.354005683702457,3.0167508763581203
2024-04-07,9.477216884494453,9.555876735785557,12.295183832935349,13.051421916226298,4.207658722705521,127.94476124530809,epoch_meta_kuna,-0.756238083290949,-0.07865985129110342
2024-04-08,24.118262959016196,21.292917640600468,27.00893050982704,26.81852179899917,4.195071601501503,128.66159834086994,epoch_meta_kuna,0.19040871082786737,2.825345318415728
2024-04-09,12.871593952220486,24.977425016563274,15.692919933424587,5.108306481182957,3.311522868943449,106.61197472109632,epoch_meta_kuna,10.58461345224163,-12.105831064342787
2024-04-10,25.870191489485308,29.13937167713197,26.070757068901184,35.179187911791274,2.629463582130594,126.72842399947439,epoch_meta_kuna,-9.10843084289009,-3.2691801876466613
2024-04-11,15.891369565561039,15.042514139219639,19.461931981490167,20.176349574451653,4.516151790783891,322.8626815442024,epoch_meta_kuna,-0.7144175929614853,0.8488554263413999
2024-04-12,13.635622828694443,9.739104607676815,9.863442072830132,16.84546055664461,5.66987608445016,318.70853343482247,epoch_meta_kuna,-6.982018483814478,3.8965182210176277
2024-04-13,25.38207397970943,19.64759829326131,24.04007728731037,19.341710772657315,2.9971011658824778,315.32724177444936,epoch_meta_kuna,4.698366514653056,5.734475686448118
2024-04-14,15.398383270280195,17.371997488061957,11.2336587923112,16.480574476064568,4.848252159751415,348.785304893313,epoch_meta_kuna,-5.246915683753368,-1.973614217781762
2024-04-15,17.45535693129663,19.759295926058996,16.200432595768454,10.643038038834986,7.1517443076266565,128.75952888631878,epoch_meta_kuna,5.557394556933469,-2.3039389947623654
2024-04-17,15.617033998996517,16.01368155260677,17.311870480111892,14.494008099672554,6.5686943393607145,141.06181363472,epoch_meta_kuna,2.8178623804393386,-0.3966475536102525
2024-04-18,25.095095626952567,21.94208300992214,27.4229890669742,21.4127117317979,3.1647639769503724,332.76541046814805,epoch_meta_kuna,6.010277335176301,3.153012617030427
2024-04-20,18.04626734692322,15.838472870342075,16.455713146240488,18.456496294137064,3.1376088113794123,325.6594450771835,epoch_meta_kuna,-2.000783147896577,2.207794476581144
2024-04-21,7.213467676577173,5.721284067599088,7.906339410059288,8.776226100518638,5.695122061657265,135.65255467877876,epoch_meta_kuna,-0.8698866904593503,1.4921836089780847
2024-04-22,24.895175093949835,28.48030895768705,17.869104383392532,21.84824813896689,3.3154206842193497,137.0386402576671,epoch_meta_kuna,-3.979143755574359,-3.585133863737216
2024-04-24,18.79003854772673,29.28651357338726,22.51229566508102,23.641428868641317,3.5575476811706532,138.27588835227596,epoch_meta_kuna,-1.129133203560297,-10.49647502566053
2024-04-25,16.923439079585346,23.462579455675865,6.684701676156601,14.256578453949748,3.6339001680806584,125.78385908741092,epoch_meta_kuna,-7.571876777793147,-6.5391403760905185
2024-04-26,1.5765282056934578,2.352244521053276,4.949353023760057,4.307611061618845,5.824752494351836,133.15527308180867,epoch_meta_kuna,0.6417419621412126,-0.7757163153598181
2024-04-27,15.828922732197167,21.43199496188037,24.605092067256038,13.982063515326663,5.7379092965705585,118.8977461086028,epoch_meta_kuna,10.623028551929375,-5.603072229683203
2024-05-01,10.136377042631747,11.868436869789253,8.694752753922105,18.347909496888764,4.91704416366387,133.60763306012393,epoch_meta_kuna,-9.65315674296666,-1.7320598271575065
2024-05-06,8.978034256543632,6.860153673396256,10.625697458613063,5.873606802882899,5.0744097453943775,109.0369372375365,epoch_meta_kuna,4.752090655730163,2.117880583147376
2024-05-07,18.729571338097397,19.665074729661995,14.924434709355069,16.832683444049408,6.808372601181882,132.21198485488162,epoch_meta_kuna,-1.9082487346943395,-0.9355033915645983
2024-05-08,34.54022039054514,37.75991000075376,31.43194289894472,32.55910832684032,7.3096249341937085,150.45365745029704,epoch_meta_kuna,-1.1271654278955978,-3.2196896102086257
2024-05-09,27.615659857883916,34.840952634100645,28.598515553730184,31.524881012274147,2.6599301369262682,128.42426522871529,epoch_meta_kuna,-2.9263654585439625,-7.22529277621673
2024-05-11,31.459562112318203,33.18196729727708,30.315047439808865,27.316618457968904,3.3443987786174665,133.42056388158926,epoch_meta_kuna,2.998428981839961,-1.7224051849588804
2024-05-12,11.402846671340326,18.398313389998737,16.191147629462503,14.434442773466818,3.1533111103994593,129.2841319298127,epoch_meta_kuna,1.7567048559956842,-6.995466718658411
2024-05-14,29.966611507673434,29.745102192129785,31.619946144580656,33.4447160872213,4.997123840102233,134.25233260213838,epoch_meta_kuna,-1.8247699426406463,0.22150931554364917
2024-05-15,17.194304438339067,30.09266641259001,27.400776903182866,18.985485848722007,3.5784197045660457,132.9523846709384,epoch_meta_kuna,8.415291054460859,-12.898361974250943
2024-05-16,16.15225307289726,26.945188718354206,20.60751669488775,27.215781604708035,2.9408957427665765,122.38177415428095,epoch_meta_kuna,-6.608264909820285,-10.792935645456947
2024-05-17,22.774489880270462,24.59570202501835,24.077496260222407,24.695422656469123,6.68968826728648,127.71850109158873,epoch_meta_kuna,-0.6179263962467161,-1.8212121447478893
2024-05-19,19.327227015653996,26.26082157024468,20.668419439815306,21.929993169790794,5.081349382413188,134.19465496945952,epoch_meta_kuna,-1.2615737299754883,-6.933594554590684
2024-05-20,16.271769458800648,16.908151030517896,10.090006239882936,12.303299606096752,7.068603783379495,142.82675590018937,epoch_meta_kuna,-2.213293366213817,-0.6363815717172479
2024-05-21,11.22676661621196,28.178708254165997,12.403888619046661,7.241669261360915,2.7873441925387414,111.90263805601865,epoch_meta_kuna,5.162219357685746,-16.951941637954036
2024-05-23,15.436291427800578,25.247742439299305,28.280041701268406,20.24720513565357,5.410905716689603,139.29830336588873,epoch_meta_kuna,8.032836565614836,-9.811451011498727
2024-05-24,18.813966095787233,12.52476284366051,28.852052743379602,9.177411463041773,2.149600147958602,352.5375471597285,epoch_meta_kuna,19.67464128033783,6.289203252126724
2024-05-26,18.56829315336716,20.994499911140277,15.481597149700141,16.695326263984096,3.2135373830589633,130.91476698847316,epoch_meta_kuna,-1.2137291142839555,-2.426206757773116
2024-05-28,33.03360828866455,25.617304414972853,41.09552318889308,22.689631245283355,3.281174021594097,4.148898878427644,epoch_meta_kuna,18.405891943609728,7.4163038736916995
2024-05-29,25.63255545409697,25.177411279669784,26.06952186667701,31.42123096711626,6.197165257047368,127.27241574404337,epoch_meta_kuna,-5.351709100439248,0.45514417442718624
2024-05-30,33.40769387044609,32.335305290190114,28.220644189920424,33.02882995501331,4.23516153525167,135.243224509433,epoch_meta_kuna,-4.808185765092883,1.072388580255975
2024-05-31,28.416167544474046,42.677034383314215,25.20290395885991,35.25415913794617,2.562063156144667,125.9839835884984,epoch_meta_kuna,-10.051255179086258,-14.260866838840169
2024-06-02,14.751626423283914,18.419726217663772,33.50711701786947,5.868929726946849,2.4589697010643614,116.6217356518855,epoch_meta_kuna,27.63818729092262,-3.6680997943798577
2024-06-05,23.58140679497588,28.93609561516645,27.247207676370305,29.777952359891433,4.217125322928008,138.6033417034484,epoch_meta_kuna,-2.530744683521128,-5.354688820190571
2024-06-07,21.57806915858839,29.65726793740238,19.487491418849885,23.494412384921016,3.223049221151524,141.71271624268195,epoch_meta_kuna,-4.006920966071132,-8.07919877881399
2024-06-08,16.218947426928455,13.136839824148556,17.359733815103656,15.36840300083231,3.2458209431577814,149.9796450079425,epoch_meta_kuna,1.9913308142713468,3.0821076027798995
2024-06-10,24.70297013196422,27.937025761235674,29.21555902758739,27.551580205832938,4.403293582691899,135.6673013190678,epoch_meta_kuna,1.6639788217544513,-3.2340556292714524
2024-06-12,21.247937270714772,22.447685477879862,17.61436335195968,19.75151501931624,4.083074016685109,145.78937397865127,epoch_meta_kuna,-2.1371516673565623,-1.19974820716509
2024-06-14,18.994452698344652,24.378282635328436,18.272290005837355,28.761490071437226,5.149063296067783,140.74918613974688,epoch_meta_kuna,-10.48920006559987,-5.383829936983783
2024-06-15,5.274279642405753,19.637151427018335,12.855963915347292,14.500390099784697,6.486690424330892,111.36534807083672,epoch_meta_kuna,-1.644426184437405,-14.362871784612581
2024-06-19,25.654603828493748,12.343435576767513,18.197608982415783,16.09371845499317,2.1597637614641276,324.07574926402066,epoch_meta_kuna,2.103890527422614,13.311168251726235
2024-06-21,24.618236902325247,35.849853144581516,26.377604886241347,26.875107795838844,3.841208446473376,138.19292613036072,epoch_meta_kuna,-0.49750290959749677,-11.231616242256269
2024-06-22,16.910572857154218,21.358475886373817,20.109126189013534,18.15565924967269,2.186125688744991,343.45635045830426,epoch_meta_kuna,1.9534669393408421,-4.447903029219599
2024-06-23,13.669341317951972,16.208605923854698,13.476076297822855,15.941485351828513,2.495283440672796,148.73379217271588,epoch_meta_kuna,-2.465409054005658,-2.5392646059027264
2024-06-24,25.763761642643374,29.18475101691489,20.915139930721416,25.34217564613121,3.025961122877846,151.02784356706502,epoch_meta_kuna,-4.427035715409794,-3.4209893742715174
2024-06-25,17.18084697059394,33.051808449029856,21.660290087182425,22.469001162586896,2.507334508226626,135.73558896033705,epoch_meta_kuna,-0.8087110754044708,-15.870961478435916
2024-06-26,22.123046239095,31.592637172218115,29.690142806907478,15.781519415206837,3.388905261746601,341.99734727326074,epoch_meta_kuna,13.90862339170064,-9.469590933123115
2024-06-27,19.38457265930787,21.563559665300463,14.34756040135108,19.37592710782702,5.096564136744544,134.3100457503383,epoch_meta_kuna,-5.028366706475941,-2.1789870059925924
2024-06-28,17.217953545618073,15.301038124634784,17.052399709177188,16.855087948454553,3.240085531570802,140.7535087281576,epoch_meta_kuna,0.19731176072263423,1.9169154209832886
2024-06-30,15.492569350524457,17.290893993031354,18.059830716082534,15.971451265704367,4.951301309467425,127.53682746859704,epoch_meta_kuna,2.0883794503781665,-1.7983246425068966
2024-07-01,27.617459491873824,29.25035032989773,27.38817487108482,32.50867993800654,5.275789742476777,130.35140523599716,epoch_meta_kuna,-5.120505066921716,-1.6328908380239078
2024-07-02,23.18333390804233,28.588498464034345,27.327083580135803,30.780305140492402,3.549203196659655,125.99720160104903,epoch_meta_kuna,-3.4532215603565994,-5.405164555992016
2024-07-03,22.812503850642397,25.36509671598298,21.254027953030423,26.720799871728445,5.719363969882479,127.60247045813912,epoch_meta_kuna,-5.466771918698022,-2.552592865340582
2024-07-04,17.116724465224426,22.875145708700543,20.394316103291754,21.89066886560509,3.137415479959865,126.19271639802787,epoch_meta_kuna,-1.496352762313336,-5.758421243476118
2024-07-05,21.495826997201547,26.306102277832487,19.79413541248146,29.14394977926698,4.364988133742308,130.52148077270004,epoch_meta_kuna,-9.34981436678552,-4.81027528063094
2024-07-06,14.361073506581876,14.210203614545998,10.91502092817724,12.163324401339851,4.21521357359434,130.63340830422908,epoch_meta_kuna,-1.2483034731626113,0.1508698920358782
2024-07-07,22.585402699216505,25.38852846167747,28.912753874195072,30.448872082181808,4.594656549514717,135.57573713943725,epoch_meta_kuna,-1.5361182079867355,-2.803125762460965
2024-07-08,24.451627525139987,31.954969437822253,23.43075334510029,32.798815530198674,2.7741037527527252,125.81232158078728,epoch_meta_kuna,-9.368062185098385,-7.5033419126822665
2024-07-11,29.50698649341049,23.443458643917886,19.98461184787909,28.867071648333127,4.031153152300097,145.14090617394118,epoch_meta_kuna,-8.882459800454036,6.063527849492605
2024-07-12,29.18622688260358,31.910856872751495,25.060618127631866,29.37026288313835,2.0648059700733423,126.54745690357703,epoch_meta_kuna,-4.309644755506483,-2.724629990147914
2024-07-15,19.342869671545802,26.59602095447508,18.98198751832702,24.133718340672157,3.2619225173713224,122.56235944701268,epoch_meta_kuna,-5.151730822345137,-7.253151282929277
2024-07-16,19.226607373584912,30.94131002332948,20.408067240734702,30.20689079222595,3.4328348938952606,140.41652291290882,epoch_meta_kuna,-9.798823551491246,-11.714702649744567
2024-07-17,32.36033345393667,23.47822237780899,31.869669877255156,30.644062656689325,2.3706399420580007,341.2463240882886,epoch_meta_kuna,1.2256072205658306,8.882111076127678
2024-07-18,29.161652237734625,43.82894667942073,33.922562820695155,42.046611264483246,2.4236522001361513,124.23050964223069,epoch_meta_kuna,-8.12404844378809,-14.667294441686106
2024-07-19,21.611550537996646,24.746774751298943,18.83522316800932,24.374656223280304,2.984689706327018,130.7723035532764,epoch_meta_kuna,-5.539433055270983,-3.1352242133022976
2024-07-21,25.984308019627665,22.12806164491623,29.63241197319789,22.315912446954297,3.8450701123206774,321.632153431343,epoch_meta_kuna,7.316499526243593,3.8562463747114357
2024-07-22,42.01637809606194,25.839170757408947,30.018782017199374,23.515648537396935,3.171690281479352,330.28079516636734,epoch_meta_kuna,6.50313347980244,16.177207338652995
2024-07-25,39.75517636323133,43.368202295460726,46.15825677372043,36.95555334591295,2.5788469625082557,92.05613506319071,epoch_meta_kuna,9.202703427807478,-3.613025932229398
2024-07-26,28.4893538981051,28.739926826167487,28.997551663275797,27.62722018565599,2.1089897985157315,132.70277574572702,epoch_meta_kuna,1.370331477619807,-0.25057292806238607
2024-07-29,19.763076932422567,14.635022518318289,15.590736305109505,20.2578366461546,3.228647958094756,128.79317284032612,epoch_meta_kuna,-4.667100341045096,5.1280544141042785
2024-07-30,16.25799707986114,17.823690401815384,15.912194200683494,19.52648100069459,3.366111506777635,131.6155939203523,epoch_meta_kuna,-3.6142868000110973,-1.5656933219542424
2024-08-04,16.126633556154058,16.34544388965619,14.516250031034042,17.95482945884838,2.7092775088276615,122.34112787244868,epoch_meta_kuna,-3.4385794278143376,-0.21881033350213386
2024-08-05,21.06168143568931,18.474834532317352,22.515796747317832,15.41172175365885,3.1570846089298685,338.476661523986,epoch_meta_kuna,7.1040749936589815,2.5868469033719563
2024-08-06,37.84692713323644,38.98658872675551,30.43218889827194,30.878955094859354,2.121305799074134,110.53168566271165,epoch_meta_kuna,-0.446766196587415,-1.1396615935190653
2024-08-07,28.386978410537917,39.532367118374886,25.068918610979075,26.814572881740656,4.305023196935645,136.39484560702078,epoch_meta_kuna,-1.7456542707615803,-11.145388707836968
2024-08-10,18.10096854306353,24.824757254113383,18.462505608067175,20.626991208729425,3.0774306554552804,121.50268573149731,epoch_meta_kuna,-2.1644856006622497,-6.723788711049853
2024-08-12,26.652873315458397,31.610333809131117,20.280007278809254,28.648019447073,2.9868226970814806,118.07662788043672,epoch_meta_kuna,-8.368012168263746,-4.95746049367272
2024-08-13,18.85794484533809,29.281594454884832,19.222468421632474,21.380487194975263,2.9995335979481332,114.60126104541837,epoch_meta_kuna,-2.158018773342789,-10.423649609546743
2024-08-14,15.457498840026528,20.94927341509907,16.313425488887695,17.663889853446438,3.406625661184008,134.45728510113827,epoch_meta_kuna,-1.3504643645587429,-5.491774575072544
2024-08-15,22.100645533069116,31.236046679366837,24.65053992841275,29.144634980545426,3.3104646842916376,129.29862555166324,epoch_meta_kuna,-4.494095052132675,-9.13540114629772
2024-08-16,25.04848612096724,28.12026154638692,17.406175155917303,29.908812645054507,2.220431791776567,133.76458363878726,epoch_meta_kuna,-12.502637489137204,-3.0717754254196805
2024-08-17,20.256429342371078,23.054599831174926,24.196186760874653,23.013740244635496,2.474452791066917,326.8542387685431,epoch_meta_kuna,1.1824465162391569,-2.798170488803848
2024-08-19,30.02566748216121,44.23463916716248,39.81715226518237,24.59305178365556,2.097529595085735,68.85692016290676,epoch_meta_kuna,15.224100481526811,-14.208971685001266
2024-08-20,14.273799240487739,23.23922899377778,14.430199509933303,10.74755238254676,3.611130989980296,138.28988371516493,epoch_meta_kuna,3.6826471273865433,-8.96542975329004
2024-08-21,16.596655888882633,14.93680835719989,16.544614208417325,16.58145488694488,4.414969984487458,136.4208208396226,epoch_meta_kuna,-0.036840678527553905,1.6598475316827432
2024-08-22,30.629122650463604,24.40947859723641,46.602325068032684,17.049001081644303,3.9147710638724407,349.1810740025453,epoch_meta_kuna,29.55332398638838,6.219644053227192
2024-08-23,8.289608287698846,26.844505163170098,24.001682877970055,20.306988667259244,2.623172659713459,88.39145924031504,epoch_meta_kuna,3.6946942107108107,-18.55489687547125
2024-08-25,19.520049722833605,17.858323578885425,18.936406941235216,20.277918107023712,4.302373278028058,133.22826375041438,epoch_meta_kuna,-1.3415111657884964,1.6617261439481794
2024-08-27,23.155479547296043,29.35615102125655,26.542392359744742,15.49874462015685,3.5264901211502586,342.1829107429576,epoch_meta_kuna,11.043647739587891,-6.200671473960508
2024-08-28,24.971394246132824,24.794655080059915,22.99112281431981,29.443313254795985,4.8195206741835666,136.85003371528364,epoch_meta_kuna,-6.452190440476176,0.17673916607290963
2024-09-01,22.188638737235554,15.743703373002093,20.098458204561744,14.954997853036284,2.3174405220635004,332.7527408161455,epoch_meta_kuna,5.14346035152546,6.44493536423346
2024-09-02,22.881146041818543,30.30652840329335,24.86383099879695,20.30272590724047,2.342472756077665,104.84397859703154,epoch_meta_kuna,4.5611050915564775,-7.4253823614748065
2024-09-04,20.16085936675206,31.64284924582712,17.0721000845529,24.002410150078614,2.8985786286249398,133.4855751967816,epoch_meta_kuna,-6.930310065525713,-11.481989879075059
2024-09-05,28.032618156356282,20.19549882615385,34.312035693288564,19.739121723358483,3.6297586772282444,331.95452482238187,epoch_meta_kuna,14.572913969930081,7.83711933020243
2024-09-06,28.44110680472337,20.604819561068524,34.42431386694488,17.193893856147834,2.353924022121553,331.9269341059417,epoch_meta_kuna,17.230420010797044,7.836287243654844
2024-09-08,21.526559044751405,25.790685434992277,18.941356507370084,18.821866889638756,3.6500507425676725,1.1799644058337435,epoch_meta_kuna,0.11948961773132893,-4.264126390240872
2024-09-14,3.2442970308299075,17.943790049235457,-13.965280026298805,22.175446864776784,4.695438696371619,329.87858792477095,epoch_meta_kuna,-36.14072689107559,-14.69949301840555
2024-09-15,20.45437665596565,27.071996523567996,26.1702349592383,24.04866301517198,2.7743884699496904,133.95100111971715,epoch_meta_kuna,2.1215719440663214,-6.617619867602347
2024-09-18,19.17760219563842,27.788242444553216,23.376177098885478,25.105147587675127,4.016465257936201,133.80721416805312,epoch_meta_kuna,-1.728970488789649,-8.610640248914795
2024-09-20,22.792607004720953,32.45729813869653,30.594603806210554,30.535212878551874,4.4082216817394375,131.99480433881843,epoch_meta_kuna,0.05939092765867926,-9.664691133975577
2024-09-21,19.198173181413875,17.338755004703472,14.831777801165503,21.599036917967783,3.6597891511537823,128.5753256697796,epoch_meta_kuna,-6.767259116802281,1.8594181767104025
2024-09-22,16.99086702562521,24.128541723327334,18.920839871488155,23.75530140859881,2.5915790524638482,133.95185897539426,epoch_meta_kuna,-4.834461537110656,-7.137674697702124
2024-09-23,24.68169931835619,31.51789393874119,27.425922732803645,32.46207610558896,4.569180610286598,132.0584761251282,epoch_meta_kuna,-5.036153372785318,-6.8361946203849975
2024-09-24,11.420375002137924,13.11465927066268,16.43504881111897,9.790770269408057,4.000263477923025,329.21928605066665,epoch_meta_kuna,6.644278541710914,-1.6942842685247559
2024-09-25,18.829830218472868,18.602593615465562,20.476771083654356,17.85130136541022,4.17101235869576,332.84674352698704,epoch_meta_kuna,2.625469718244137,0.22723660300730586
2024-09-26,20.901283349065547,20.766672986209155,19.259252201181443,20.125591461560823,3.0845622567230317,146.41515194285745,epoch_meta_kuna,-0.8663392603793802,0.13461036285639238
2024-09-28,34.71194620700143,33.886761187218546,32.42867976327217,29.69971072138139,4.076918827825915,328.9062439407426,epoch_meta_kuna,2.7289690418907817,0.8251850197828858
2024-09-29,19.842358624046643,23.82698748992395,20.001223691597648,26.888805104886835,5.393346107254169,137.14135793006483,epoch_meta_kuna,-6.887581413289187,-3.9846288658773084
2024-09-30,27.249416729364608,40.67472674862964,37.65770241621747,35.27107753060456,4.86706661870666,130.45662010436445,epoch_meta_kuna,2.3866248856129104,-13.42531001926503
2024-10-01,30.495133887747627,20.662166638858732,27.279751990903783,22.491882720180612,3.144299352077633,328.7410259784344,epoch_meta_kuna,4.787869270723171,9.832967248888895
2024-10-02,32.044696138583454,31.64012866203219,21.30911414887076,28.385257589772618,4.674842812066623,145.01515761463327,epoch_meta_kuna,-7.076143440901859,0.40456747655126435
2024-10-04,35.76327154719585,22.258089443479875,43.00877319118139,18.557154744093403,4.24849363566118,323.84013072736786,epoch_meta_kuna,24.451618447087988,13.505182103715974
2024-10-05,18.064082177885822,23.814229396850994,14.51378253677535,23.544103206494864,2.079900148830261,138.4964108219723,epoch_meta_kuna,-9.030320669719513,-5.7501472189651714
2024-10-08,33.339594061569706,24.668023747992535,45.850770286527585,18.226302498898985,2.4524531264297704,337.7798117762044,epoch_meta_kuna,27.6244677876286,8.67157031357717
2024-10-13,28.543863697891947,34.54004275698943,26.04570216756731,34.418955411583994,2.628430545987159,128.2490332070999,epoch_meta_kuna,-8.373253244016684,-5.996179059097482
2024-10-15,41.72895868444385,23.72938923743138,56.29458205692411,15.896750965272119,3.5203759340931557,328.8057236510545,epoch_meta_kuna,40.397831091651994,17.999569447012473
2024-10-18,29.339966770902503,26.627911527152516,27.625489816553447,28.936690906799118,5.535784493052804,135.5602169769905,epoch_meta_kuna,-1.311201090245671,2.7120552437499867
2024-10-20,21.446885828758244,18.60561664649567,20.780763360487956,17.263542664885144,2.9533595913993245,329.7188605846902,epoch_meta_kuna,3.5172206956028127,2.8412691822625753
2024-10-24,35.81943482380238,37.201507530592735,28.394466611501507,31.32185070495286,2.44867992022105,127.90499815315593,epoch_meta_kuna,-2.9273840934513515,-1.3820727067903533
2024-10-26,37.61548562767737,33.23979220089829,61.13567108102112,21.91220260050199,2.9628608222526864,322.98221092867476,epoch_meta_kuna,39.22346848051913,4.37569342677908
2024-10-27,20.14816067607677,27.735444460994437,40.53457701864878,17.765823010004464,2.3896072376446478,15.378561860871855,epoch_meta_kuna,22.76875400864432,-7.587283784917666
2024-10-28,15.465347753862977,14.779939671843149,10.177732062763772,18.220705839830394,4.252918675902745,125.91497441168252,epoch_meta_kuna,-8.042973777066623,0.6854080820198281
2024-10-29,12.318680275882611,14.315980773852385,14.004242479480018,11.045528510841246,7.313393765381625,136.68969550125905,epoch_meta_kuna,2.9587139686387722,-1.997300497969773
2024-10-30,37.17906860059111,1.7104714791076558,25.77908236166324,19.88271402312954,5.0630088618314835,323.0990377947105,epoch_meta_kuna,5.896368338533698,35.468597121483455
2024-11-01,6.4327502431127295,11.272583673279751,10.39500707437032,23.149954657198155,7.372840871361626,318.790284059681,epoch_meta_kuna,-12.754947582827835,-4.839833430167022
2024-11-03,32.14094021647257,24.090700555028,29.234804897119126,23.341487684772808,5.491980331570532,143.20686343204335,epoch_meta_kuna,5.893317212346318,8.050239661444571
2024-11-05,24.078604078100895,12.286269816824522,12.210813286682743,7.612505831974471,6.9966478751974135,139.09145610148494,epoch_meta_kuna,4.598307454708272,11.792334261276373
2024-11-09,64.57473314831476,27.923814253981316,55.322328380998165,34.35446127195637,2.146564462309022,319.76491001887695,epoch_meta_kuna,20.967867109041798,36.650918894333444
2024-11-12,18.584707993152136,34.432977653309116,36.094608171478924,12.50627843053658,5.034951477252252,118.83239457271992,epoch_meta_kuna,23.588329740942342,-15.84826966015698
2024-11-14,26.80904747635812,18.32295647656095,17.221775498705476,21.21995140421179,2.060169001423822,319.61619232685007,epoch_meta_kuna,-3.998175905506315,8.48609099979717
2024-11-15,25.94611689892681,20.90006188520055,13.389570538810966,19.024951174082013,6.347828765909017,127.49433439521556,epoch_meta_kuna,-5.635380635271046,5.04605501372626
2024-11-16,23.751068307740333,26.588085770367066,31.136938389891476,32.29331193080206,5.186091101225403,127.33069021490087,epoch_meta_kuna,-1.156373540910586,-2.837017462626733
2024-11-19,13.621922647327228,2.2888965019534626,11.252826242165995,2.7012177100959796,5.068113318428465,310.46385371278654,epoch_meta_kuna,8.551608532070015,11.333026145373765
2024-11-27,11.393631123771279,44.03800230196356,20.773742873388073,18.234239458350284,3.1256276238424134,122.51059344285659,epoch_meta_kuna,2.539503415037789,-32.64437117819228
2024-12-08,17.36177189795823,13.029093998407962,16.131276438954224,21.859699622766072,3.4618015611504807,120.92061848765684,epoch_meta_kuna,-5.728423183811849,4.332677899550269
2024-12-09,7.435026162617981,23.506601449012386,1.8360846900834051,10.463372159331506,4.0241965355560545,133.97178355375598,epoch_meta_kuna,-8.6272874692481,-16.071575286394406
2024-12-18,38.03197429083021,20.484143950928228,25.0771429945467,20.68180327974705,3.424793635727367,307.68871371506015,epoch_meta_kuna,4.3953397147996505,17.547830339901985
2024-12-19,67.503329839803,34.05886710351847,61.88915440372051,42.892926478796056,2.839168212866762,313.76118529499524,epoch_meta_kuna,18.996227924924455,33.44446273628453
2024-12-20,125.57870070675162,53.02558020568111,101.62807172843203,62.489564694947596,2.4795231899344974,306.70545433743575,epoch_meta_kuna,39.13850703348444,72.55312050107051
2024-12-30,33.37952352364687,34.747138327747145,31.402942911023203,45.9461216555785,3.178168114262885,125.7750504422093,epoch_meta_kuna,-14.543178744555298,-1.3676148041002776
2025-01-06,16.009489678806908,23.454070396621375,17.538097112276326,20.136002191356766,4.776780866944098,130.63928089469954,epoch_meta_kuna,-2.5979050790804408,-7.444580717814468
2025-01-11,19.269477024624837,25.15604364038481,19.2167418261155,27.881885340610783,6.691344989353978,129.40354166638724,epoch_meta_kuna,-8.665143514495284,-5.886566615759971
2025-01-12,15.067865363174526,21.65906033381465,16.010950789669433,14.076287442082632,4.212109914442177,139.48110299604207,epoch_meta_kuna,1.9346633475868007,-6.5911949706401245
2025-01-13,28.061234772214263,41.926880562417004,28.540347346848545,43.03289744403225,4.821409016517504,132.68790538595874,epoch_meta_kuna,-14.492550097183706,-13.865645790202741
2025-01-15,30.935810019533214,17.905865375964176,26.695151101072163,19.02664597214363,3.2366150157124953,316.09223630629793,epoch_meta_kuna,7.668505128928533,13.029944643569038
2025-01-16,74.26595639211048,26.498085383663174,89.04354690154307,29.31964143516428,2.13591468522177,321.17298117788664,epoch_meta_kuna,59.72390546637879,47.76787100844731
2025-01-17,16.98423028719102,12.412642873515956,15.98152008573179,15.049322996535297,6.50535123258408,135.00078993000875,epoch_meta_kuna,0.9321970891964924,4.571587413675065
2025-01-18,9.308872574332051,40.34566432924723,23.87651033381232,32.34309240751344,3.1683280280342014,130.6988020786929,epoch_meta_kuna,-8.466582073701119,-31.03679175491518
2025-01-21,86.35009255430138,50.640555800656685,92.61236090911477,37.192940225574134,2.091879847054827,312.7058347061161,epoch_meta_kuna,55.419420683540636,35.7095367536447
2025-01-22,53.7565594983297,121.02096753372003,68.92200030880842,87.97975571703925,3.40604617021412,141.05812058298886,epoch_meta_kuna,-19.057755408230832,-67.26440803539032
2025-01-23,31.62892838930748,28.40375927880869,34.74365279534415,23.418315570657956,3.3448292094511367,311.4641435331674,epoch_meta_kuna,11.32533722468619,3.22516911049879
2025-01-24,42.94806109328538,55.426296559444594,56.71270739449159,67.66971677731749,4.049448380222014,133.26054649648825,epoch_meta_kuna,-10.957009382825902,-12.478235466159212
2025-01-25,37.458339559631185,56.51510466438952,41.37895781192725,40.574897159443694,2.6463714133858947,124.46641243037493,epoch_meta_kuna,0.8040606524835567,-19.056765104758334
2025-02-05,13.259595602506591,19.68922221309288,18.836714992359987,19.11848952671871,4.020181959544907,102.15772176676523,epoch_meta_kuna,-0.2817745343587248,-6.429626610586288
2025-02-07,14.890114428381708,29.73261446449487,24.70985652442623,20.441778222776264,6.590205317843669,100.56210484179235,epoch_meta_kuna,4.268078301649965,-14.842500036113162
2025-02-09,19.55523374202015,57.351357603554135,27.75447299219751,44.47072472519152,2.298519355647333,114.60134895674543,epoch_meta_kuna,-16.716251732994014,-37.796123861533985
2025-02-10,37.53174293323893,109.62765158254109,72.18514731300013,51.19599688471472,3.4471562685739294,137.20933551263352,epoch_meta_kuna,20.989150428285413,-72.09590864930216
2025-02-11,27.877505821454168,37.02715665858561,26.685365445053897,33.68337329817557,5.35610345814374,132.5405305717701,epoch_meta_kuna,-6.9980078531216705,-9.149650837131443
2025-02-12,48.204762053786524,106.64087954844915,81.52353186230738,97.50720225267153,2.2252722924742594,137.72500281059797,epoch_meta_kuna,-15.983670390364153,-58.436117494662625
2025-02-15,8.469369578245798,34.01592251129539,10.189625236290361,38.92437077602873,2.2414094767514237,133.6744875170167,epoch_meta_kuna,-28.73474553973837,-25.546552933049597
2025-02-20,16.973248310709188,20.59850220384821,20.06271642133252,21.27042889949496,6.150942833709173,131.79338482490334,epoch_meta_kuna,-1.2077124781624384,-3.6252538931390212
2025-02-21,33.897297142898545,30.58757797663996,45.4723388478475,32.221554103963456,2.3423900607097994,320.79680734632626,epoch_meta_kuna,13.250784743884047,3.309719166258585
2025-02-22,33.008233968002,23.503743543508932,37.15726685910966,31.498006779150426,4.6319955582959,314.7894289143788,epoch_meta_kuna,5.659260079959235,9.50449042449307
2025-02-24,28.876493560752,25.405565856247737,27.406569152530007,28.17587537434653,5.577123197621034,293.5638439856193,epoch_meta_kuna,-0.769306221816521,3.4709277045042626
2025-02-27,31.216264503385407,27.674335676870918,42.94144240475131,27.015441601948538,5.230666005053538,324.2504098685904,epoch_meta_kuna,15.926000802802768,3.5419288265144893
2025-03-01,29.395703971159204,28.72642603571282,40.4929673066025,30.778714443181716,2.4259680714294336,324.9742199380256,epoch_meta_kuna,9.714252863420786,0.6692779354463845
2025-03-03,25.026321535458933,25.510409517426655,22.610893660666957,19.528438802442786,8.98446663377987,139.18077650899687,epoch_meta_kuna,3.082454858224171,-0.48408798196772196
2025-03-06,25.265586737155658,21.338472523786344,32.806446272516226,22.856875229066404,7.27295649774401,140.2277965942556,epoch_meta_kuna,9.949571043449822,3.9271142133693147
2025-03-07,29.525867991944455,26.138665656685905,24.86522196677149,34.52071685560795,5.776950423413302,136.933202318744,epoch_meta_kuna,-9.655494888836461,3.38720233525855
2025-03-09,18.72334448547952,13.234031390663002,20.52827407886166,17.303600250711668,6.324128493287495,321.7039511652144,epoch_meta_kuna,3.2246738281499923,5.4893130948165165
2025-03-10,25.136956007610287,57.4645579490956,37.838870234848656,35.865521914697005,2.3794351264006175,109.4760469216937,epoch_meta_kuna,1.9733483201516506,-32.32760194148531
2025-03-18,18.587793301107805,37.01612284226026,28.148561309244,53.772208041321875,6.399734378665389,130.07949725449424,epoch_meta_kuna,-25.623646732077876,-18.428329541152454
2025-03-19,29.70254949128304,24.69074759634287,32.03179537852799,32.440418674689596,6.6988137227744,318.07044394816984,epoch_meta_kuna,-0.40862329616160764,5.01180189494017
2025-03-20,23.273763912707174,33.54639228572741,42.75562618808129,27.20816365030358,4.5217816303343685,106.43256823679974,epoch_meta_kuna,15.547462537777708,-10.272628373020233
2025-03-22,30.084701025754963,16.257021709870497,27.321124210154352,24.90960750720252,4.571844020929402,136.67099736898138,epoch_meta_kuna,2.4115167029518325,13.827679315884467
2025-03-24,42.7849044202352,39.66188046121538,28.407649725319573,41.3246537488706,2.502390791486533,122.55905837061607,epoch_meta_kuna,-12.91700402355103,3.123023959019818
2025-03-25,37.53268497161036,30.310099154229597,34.85851567392041,26.900318171448735,3.075789028344478,319.54985841638415,epoch_meta_kuna,7.958197502471673,7.222585817380761
2025-03-26,35.43290393182667,34.18701160467414,33.751897947485936,27.35552697393118,5.949116434506752,318.1612602633121,epoch_meta_kuna,6.396370973554756,1.2458923271525322
2025-03-28,13.073507243472898,27.839958219802643,29.41843053188793,20.752194195223712,3.08128420669562,98.16599632346299,epoch_meta_kuna,8.666236336664216,-14.766450976329745
2025-03-30,24.160820265193795,24.92025554621249,23.71676274119986,18.035595965762504,4.659902249113111,319.74242277494983,epoch_meta_kuna,5.681166775437358,-0.7594352810186962
2025-04-02,24.866186812307177,21.711775961959823,28.343183408343204,26.41753658078151,4.558542730162416,139.48353635546562,epoch_meta_kuna,1.925646827561696,3.154410850347354
2025-04-03,21.88784552619016,41.244844022828,25.83577894245464,28.347413657889756,5.3158720118208445,125.67475709759964,epoch_meta_kuna,-2.511634715435118,-19.35699849663784
2025-04-04,38.832665560668964,63.49628740416216,43.38419093823623,46.25832923614172,2.370499631483931,130.15229556629185,epoch_meta_kuna,-2.874138297905489,-24.663621843493196
2025-04-10,22.120821687689592,21.44074619177303,23.639290942155526,20.555461065890928,6.137068922177436,320.35741874625774,epoch_meta_kuna,3.0838298762645984,0.6800754959165616
2025-04-12,12.792770641031883,17.97937369451329,15.676197816503066,14.888037889987025,7.074843477319809,135.33090900627212,epoch_meta_kuna,0.788159926516041,-5.186603053481406
2025-04-13,10.264784956082181,12.976009655621608,10.913252545385427,9.880817736795358,4.560632681990253,145.42359552967196,epoch_meta_kuna,1.0324348085900699,-2.711224699539427
2025-04-14,17.823494430828802,9.304618298050395,18.819213945661303,17.50153996373152,4.371641024710559,318.3876357113812,epoch_meta_kuna,1.317673981929783,8.518876132778407
2025-04-16,6.195747997490586,13.585345639161496,13.2935051474761,14.393601155739336,5.1899696134812725,135.10083007156624,epoch_meta_kuna,-1.100096008263236,-7.3895976416709095
2025-04-17,11.272819818588223,11.755674787717682,15.208471436631294,10.093187545280877,8.58042853054278,153.6599156392747,epoch_meta_kuna,5.115283891350417,-0.482854969129459
2025-04-18,26.32182545676693,22.269666669845904,22.48261714328478,28.87848846822169,2.525109741634841,167.70849024138727,epoch_meta_kuna,-6.395871324936909,4.0521587869210265
2025-04-20,12.042959708335205,15.170984981812596,14.980349912039921,15.032649090371445,3.7271723355743145,116.92901958163606,epoch_meta_kuna,-0.05229917833152342,-3.128025273477391
2025-04-21,24.616275179267213,32.640278672411014,27.586447588277498,25.73547448042588,4.565335047169315,121.90147247459697,epoch_meta_kuna,1.850973107851619,-8.024003493143802
2025-04-22,15.609721417305332,22.547646738897924,19.69851166070654,17.585172431713715,2.6116010095379067,142.16691385854944,epoch_meta_kuna,2.1133392289928246,-6.9379253215925925
2025-04-23,22.084147560805828,10.608664311772516,3.6913116784333666,19.012310897246,4.467640697417311,134.32860176243076,epoch_meta_kuna,-15.320999218812632,11.475483249033312
2025-04-26,35.10974918156106,34.13617236749939,25.26882667428481,26.95666259327426,2.056536754908641,130.40294845251765,epoch_meta_kuna,-1.6878359189894496,0.9735768140616656
2025-04-28,18.523955468200786,16.940167612957573,19.019377264506613,20.898769070288477,5.458867536261132,137.28337257814184,epoch_meta_kuna,-1.8793918057818644,1.5837878552432123
2025-04-30,22.23496251873012,26.795571101265647,29.098937235410126,30.68419483864576,4.392804270630188,134.21772949834815,epoch_meta_kuna,-1.5852576032356325,-4.560608582535526
2025-05-02,27.02165447106285,25.46587906536772,24.383029542664833,28.645465120890414,3.974984750292539,328.6401650171049,epoch_meta_kuna,-4.262435578225581,1.5557754056951296
2025-05-03,16.980847534218526,19.91862835235677,16.009656339322486,21.503959938376376,4.715244938421156,141.52307426030478,epoch_meta_kuna,-5.4943035990538895,-2.9377808181382434
2025-05-04,20.383643340265753,17.197515721711163,20.78470334924563,15.563647638554063,7.106992292167465,138.73591803424938,epoch_meta_kuna,5.221055710691566,3.1861276185545897
2025-05-05,17.115840661942517,16.77734414127329,20.83784179591564,19.420937600196535,9.74500985198571,149.82279955214403,epoch_meta_kuna,1.4169041957191055,0.33849652066922786
2025-05-07,33.75549316832482,25.22750312447639,30.044026960025878,25.940522929662052,3.0488135576530184,350.49685253740455,epoch_meta_kuna,4.103504030363826,8.52799004384843
2025-05-08,28.371606005042256,24.47606850775138,23.33250273925067,23.068770815265527,4.021777305629542,140.39297589428156,epoch_meta_kuna,0.26373192398514433,3.895537497290878
2025-05-09,19.554953246533852,22.513887386794863,29.673625793745487,17.0020774282909,3.4978520333799903,338.3982840588387,epoch_meta_kuna,12.671548365454587,-2.958934140261011
2025-05-13,17.32715206212729,8.183255460322151,8.990594906186988,8.896437514008948,6.347045043231032,122.16003122909854,epoch_meta_kuna,0.09415739217804031,9.143896601805139
2025-05-15,20.226475353728247,28.296224070787613,23.232414378878367,26.728686407413193,4.806792489698692,124.92544390617076,epoch_meta_kuna,-3.4962720285348254,-8.069748717059365
2025-05-19,33.44055112394072,38.5778751253941,31.615735689740255,40.34252020144351,2.195380751732552,109.50170947439665,epoch_meta_kuna,-8.726784511703258,-5.137324001453379
2025-05-20,16.930139813944276,17.986871342737103,20.818109180927934,17.01370030873681,4.404236285741963,131.48909583946687,epoch_meta_kuna,3.804408872191125,-1.0567315287928274
2025-05-22,23.260463694987358,30.84526963599631,33.01443959351193,30.63451296628876,3.87024247419473,112.54599761827973,epoch_meta_kuna,2.3799266272231705,-7.584805941008952
2025-05-24,19.38451790256591,20.571543553801824,16.713449974177827,22.91987900994179,3.312953764138993,134.100363005622,epoch_meta_kuna,-6.206429035763964,-1.1870256512359134
2025-05-25,18.260650088726447,19.30821434088736,24.178267483127186,16.172904995246668,2.2992538093695662,339.2383925832727,epoch_meta_kuna,8.005362487880518,-1.0475642521609139
2025-05-27,21.211713356265122,25.39247608348614,24.837751357902178,25.342695248799053,3.899797247718279,132.22409051501995,epoch_meta_kuna,-0.5049438908968753,-4.180762727221019
2025-05-29,33.50302348727411,37.7037757653271,37.08703939816134,35.58461011489288,3.2495491285413385,95.17316446857586,epoch_meta_kuna,1.5024292832684552,-4.200752278052988
2025-05-30,29.99406653010225,30.175316051721648,28.94851567771916,26.85186550180351,4.217171743772956,138.36135605878894,epoch_meta_kuna,2.096650175915652,-0.18124952161939945
2025-05-31,13.590383429414914,16.30942052519401,15.630998769328503,15.260210933538286,4.2902520799576385,324.8358144123556,epoch_meta_kuna,0.37078783579021746,-2.719037095779097
2025-06-01,17.959171476623585,22.626452344770758,15.776708029324118,17.886850994480913,6.363642175389173,135.26067522813798,epoch_meta_kuna,-2.110142965156795,-4.667280868147174
2025-06-02,28.533879932103204,22.863379512582522,23.588055006592928,18.575828613137027,6.442030006795648,140.1752010456927,epoch_meta_kuna,5.012226393455901,5.670500419520682
2025-06-03,27.966099665282698,29.595925178570226,29.091983110165685,24.207200493895044,6.006182789216397,135.12999686588216,epoch_meta_kuna,4.884782616270641,-1.6298255132875283
2025-06-07,19.739124911833073,24.816633938168955,18.798766497321107,21.845904706131865,3.7811995227877095,132.10175700166087,epoch_meta_kuna,-3.0471382088107575,-5.077509026335882
2025-06-08,23.72321995244067,24.800816386208506,15.480641571366947,20.183746436431587,4.763249800908779,133.0098342606184,epoch_meta_kuna,-4.70310486506464,-1.0775964337678374
2025-06-09,21.199081912468444,21.08046060525222,21.684874066119182,25.56801379284,2.970737366015404,135.4654115143784,epoch_meta_kuna,-3.8831397267208168,0.11862130721622322
2025-06-10,19.092292950229083,26.334447934445365,20.645877545485696,17.932372218065147,3.7860402610599087,128.3315582407928,epoch_meta_kuna,2.713505327420549,-7.242154984216281
2025-06-11,31.83662483978847,40.73196596502278,31.131260906422867,31.380139860273164,2.1811790532991058,123.11198423148136,epoch_meta_kuna,-0.2488789538502978,-8.89534112523431
2025-06-12,28.92857517256868,43.71639074960219,35.78744015273076,29.57126534357981,2.994963463973018,132.90857609290538,epoch_meta_kuna,6.216174809150949,-14.78781557703351
2025-06-13,24.862829815926673,40.45699051237353,33.703522512268265,37.357447559256045,2.3156078872431625,90.5948451034485,epoch_meta_kuna,-3.65392504698778,-15.594160696446856
2025-06-14,21.495176381893163,20.07591116477185,20.363131005398927,25.8125937183014,2.9548799549430527,137.6067468887872,epoch_meta_kuna,-5.4494627129024735,1.419265217121314
2025-06-15,24.495736209600658,26.46457819053101,25.139695053651177,13.05060576419189,3.138647429081592,122.91876557157173,epoch_meta_kuna,12.089089289459288,-1.9688419809303532
2025-06-16,17.62379547667937,19.29347723998582,14.60676665293404,18.404274282787124,3.1331438481989773,134.06351643601454,epoch_meta_kuna,-3.7975076298530848,-1.6696817633064498
2025-06-17,30.39836672620211,31.68341359335101,32.36870933996944,30.742987937287328,3.322540267789806,130.25440481234847,epoch_meta_kuna,1.6257214026821138,-1.2850468671488997
2025-06-19,26.346243384887554,29.82157581330265,27.27195776445783,30.633298614786458,3.6960587502735014,135.51680517392947,epoch_meta_kuna,-3.3613408503286273,-3.475332428415097
2025-06-22,9.530733180763752,16.03485331378953,12.46967462058701,17.088900250719966,4.510878480755307,120.01519187090003,epoch_meta_kuna,-4.619225630132956,-6.504120133025777
2025-06-26,15.122601460788333,14.111678564390777,13.538704207685477,15.360315216078332,3.7673870567864913,132.16086676960185,epoch_meta_kuna,-1.8216110083928552,1.010922896397556
2025-06-27,19.2655534287062,21.545856317516378,11.51465420116194,20.37523869461649,3.9413370146981777,128.5592068512904,epoch_meta_kuna,-8.860584493454548,-2.28030288881018
2025-06-28,-15.385554344112679,7.644451387497057,-1.3190088290960755,2.1999292103104104,4.619563034869021,137.59576749804546,epoch_meta_kuna,-3.518938039406486,-23.030005731609734
2025-06-29,25.711625541205454,23.591936069696914,21.805063566889796,22.731001644174437,3.950453750684555,134.30987173762628,epoch_meta_kuna,-0.9259380772846413,2.11968947150854
2025-07-02,18.079428469088054,28.22179044612829,20.637904925531622,27.073587696145914,2.633211057210671,91.93651114158723,epoch_meta_kuna,-6.435682770614292,-10.142361977040235
2025-07-03,23.867702220867578,27.269572160177155,22.185297663853117,26.445022538691813,3.801907769309794,133.7099228748658,epoch_meta_kuna,-4.259724874838696,-3.4018699393095773
2025-07-05,25.916315109989068,28.763001001811887,22.95082057053521,26.228857350110253,3.2864498883514224,125.04501192293878,epoch_meta_kuna,-3.278036779575043,-2.846685891822819
2025-07-06,23.996588656538123,26.348055790481208,23.12597501759059,22.354429580293832,3.6411479927450574,121.82811486675132,epoch_meta_kuna,0.7715454372967585,-2.3514671339430855
2025-07-09,25.22152528099966,32.77861341412605,23.378698980709586,30.2885516592313,4.937251740062843,128.22059203894923,epoch_meta_kuna,-6.9098526785217125,-7.557088133126388
2025-07-10,19.36610964318624,22.690326038866598,16.477358035551937,17.195356012070313,5.098621595597278,128.77181410461617,epoch_meta_kuna,-0.7179979765183759,-3.3242163956803594
2025-07-11,17.333713316453586,23.365702309135067,18.94780363715309,22.562725823199074,5.060234600340623,128.98311274813074,epoch_meta_kuna,-3.614922186045984,-6.03198899268148
2025-07-12,19.27515240483726,20.37232743741282,19.546775382451507,16.36659393937286,4.48025438418546,130.343007318922,epoch_meta_kuna,3.1801814430786486,-1.09717503257556
2025-07-13,10.49276961171725,21.56892645065147,14.821951821998315,17.42235905717722,4.45072435784486,126.02463527974004,epoch_meta_kuna,-2.6004072351789063,-11.07615683893422
2025-07-14,19.62929448736721,22.006283238602265,18.864257667526015,16.753761859064983,4.441763174305617,132.67960729454876,epoch_meta_kuna,2.1104958084610317,-2.3769887512350536
2025-07-16,28.92419999257143,35.177089528558206,31.479436396548685,29.77804803939374,2.298918170763631,120.26516951523365,epoch_meta_kuna,1.7013883571549435,-6.252889535986775
2025-07-17,25.61465005222228,23.173589434462368,23.222440773918706,22.26148331003453,3.250713138947503,143.4360022592948,epoch_meta_kuna,0.9609574638841742,2.441060617759913
2025-07-18,20.70954563572173,28.33932710763611,19.04019833584541,20.387696341411228,3.7927999252563205,126.91000574239968,epoch_meta_kuna,-1.347498005565818,-7.629781471914377
2025-07-19,15.336683389011748,16.54888992667357,15.801167268340684,17.803182966932827,4.011992045305275,119.5524176532225,epoch_meta_kuna,-2.0020156985921425,-1.2122065376618227
2025-07-20,9.47452978080467,12.10506011488443,9.829225774673512,7.640123969156027,3.271315954481715,133.43503027011468,epoch_meta_kuna,2.1891018055174847,-2.6305303340797614
2025-07-21,7.997392276996298,12.92545335638052,15.373937306220611,-10.194992558035112,7.008195672274079,148.50708131433964,epoch_meta_kuna,25.568929864255722,-4.928061079384222
2025-07-22,19.481036834029045,17.55235336299533,20.92985772493977,20.477423481785994,3.0973572121885096,126.5742558008181,epoch_meta_kuna,0.4524342431537747,1.9286834710337146
2025-07-23,19.039994885164386,13.014651538586442,10.87285365420728,17.916246756536562,3.4420590034161123,142.90905035241542,epoch_meta_kuna,-7.043393102329283,6.0253433465779445
2025-07-24,19.680582126214023,27.29704161232247,21.624664617433428,25.61612845048784,2.9842123848342306,144.00964152303004,epoch_meta_kuna,-3.9914638330544108,-7.616459486108447
2025-07-25,30.213572096588756,30.30776528772797,28.028161000331213,26.296949391310605,2.981559328382657,133.05269735741376,epoch_meta_kuna,1.7312116090206082,-0.09419319113921532
2025-07-26,23.820911740660556,25.78129918703137,21.420293956477234,30.54009833833811,3.8020274241601077,123.67833278233394,epoch_meta_kuna,-9.119804381860877,-1.960387446370813
2025-07-27,17.95791635867443,26.94713031888102,24.343644890376787,21.377279943169253,2.446369085613902,133.35330463618027,epoch_meta_kuna,2.966364947207534,-8.989213960206587
2025-07-28,22.121804360015837,31.854141041979553,25.911371938586928,26.215501455724,2.749632448027954,119.11286237402567,epoch_meta_kuna,-0.3041295171370706,-9.732336681963716
2025-07-29,19.034544327947195,31.485827945535956,24.57198139213861,24.066898463213207,2.4728779489183594,111.68093990266846,epoch_meta_kuna,0.505082928925404,-12.45128361758876
2025-07-30,24.757682844857744,32.93499420228356,21.603294926888058,30.94138043079427,2.2965643451914355,122.41193677869103,epoch_meta_kuna,-9.33808550390621,-8.177311357425818
2025-07-31,19.57101869835599,25.834693903588317,20.568286435608613,28.139452713169778,3.2940945144523393,137.162549692938,epoch_meta_kuna,-7.571166277561165,-6.263675205232328
2025-08-01,24.21859126331017,33.75582610740261,23.21018389369516,25.122214657288225,2.1094907177260542,119.24657715817875,epoch_meta_kuna,-1.9120307635930658,-9.537234844092442
2025-08-02,18.818681854927757,19.24728136718706,14.74461944182166,20.03376726909614,4.203057688423143,134.34605497437582,epoch_meta_kuna,-5.289147827274478,-0.4285995122593036
2025-08-04,24.111875177391934,25.003511660941907,14.504489837547446,20.848025703972013,5.727058573785363,129.01941044399734,epoch_meta_kuna,-6.343535866424567,-0.8916364835499735
2025-08-06,27.354328908941167,33.239292633525025,24.415299449072364,24.77060025401385,4.284056341751964,128.6582276520138,epoch_meta_kuna,-0.35530080494148564,-5.884963724583859
2025-08-07,14.76162512458095,22.66508640598286,10.602375578131728,18.092954501761767,4.208279092179949,120.6394811342372,epoch_meta_kuna,-7.490578923630039,-7.903461281401908
2025-08-08,14.001759545402729,25.087414925079074,19.515770777496062,22.745347086443715,4.292234773564425,127.85807391389244,epoch_meta_kuna,-3.229576308947653,-11.085655379676345
2025-08-09,14.219341708910097,24.596679724910793,19.321233475325087,20.4664150184926,3.9885905156906265,126.78689536329841,epoch_meta_kuna,-1.1451815431675136,-10.377338016000696
2025-08-10,19.986907173097155,18.003919290645495,10.715157096374595,14.446952060586561,4.667682749543552,128.54400296789498,epoch_meta_kuna,-3.731794964211966,1.9829878824516598
2025-08-11,19.92799481459981,27.949216311063633,20.127961214982307,19.77641302151993,3.0535087970287833,126.14671929045221,epoch_meta_kuna,0.35154819346237787,-8.021221496463824
2025-08-13,15.716855746738567,22.755819656370573,16.784837586560695,20.43559162052411,4.324819731121436,135.72973836981828,epoch_meta_kuna,-3.650754033963416,-7.038963909632006
2025-08-14,13.70275777488209,18.88460292579349,12.11945648604684,17.225582681050195,4.527837457288168,137.91195699032278,epoch_meta_kuna,-5.106126195003355,-5.181845150911402
2025-08-15,17.54220147070731,24.331291180950455,20.872648508090105,21.864349735878793,4.426854145444493,137.21153653218119,epoch_meta_kuna,-0.9917012277886883,-6.789089710243143
2025-08-17,20.927769695632044,20.292198889193177,23.11237295506129,20.72448329057489,2.4595019395051327,127.58685154683229,epoch_meta_kuna,2.387889664486398,0.6355708064388672
2025-08-20,31.56967850205128,25.13683346205046,28.469538058174514,33.17369161860359,5.6177932094701974,134.72784917459194,epoch_meta_kuna,-4.704153560429077,6.432845040000817
2025-08-21,25.404692859700877,30.592618991178668,16.34395222712562,23.593222334742126,4.322092843289514,137.63572442108648,epoch_meta_kuna,-7.249270107616507,-5.187926131477791
2025-08-22,28.7875317505627,45.48841622377111,34.3385098926623,42.57259904330697,2.397379605861861,124.49569507698368,epoch_meta_kuna,-8.234089150644671,-16.70088447320841
2025-08-30,27.5429933554581,28.3669317663898,21.170600840768582,23.510398424705645,2.2969550754804144,326.879779865401,epoch_meta_kuna,-2.339797583937063,-0.8239384109316994
2025-08-31,24.687194923896786,27.071702709711666,21.469669660741864,26.670010990023535,5.946877272522374,324.21254493555267,epoch_meta_kuna,-5.20034132928167,-2.384507785814879
2025-09-01,32.714927395666486,23.792666652642758,32.482108533562766,28.050228405449257,5.113536348770327,321.5858160714073,epoch_meta_kuna,4.431880128113509,8.922260743023728
2025-09-02,44.925151912321766,31.24176753307032,39.43465939672053,33.190320192624455,2.646350469271989,338.9282151672978,epoch_meta_kuna,6.244339204096072,13.683384379251446
2025-09-04,25.35136835631024,40.24747304925164,32.09534739683286,30.228182524280477,3.57517403356504,133.21062594043724,epoch_meta_kuna,1.8671648725523795,-14.8961046929414
2025-09-05,28.076862202292844,22.488467005927582,36.245467743266765,19.255091837462768,2.8642621383065983,350.1074994242871,epoch_meta_kuna,16.990375905803997,5.588395196365262
2025-09-06,31.499793935294093,25.934717803111575,24.23446943639675,22.257948229950557,3.5691392436100657,244.96997326939086,epoch_meta_kuna,1.9765212064461934,5.565076132182519
2025-09-09,12.625488680084958,26.875880006921978,10.866510538875122,21.905590949109712,2.875206610341076,119.4534837862135,epoch_meta_kuna,-11.03908041023459,-14.25039132683702
2025-09-12,26.74400199913931,37.185556039182494,34.93913414120123,25.05358463265925,3.4212175917365806,132.80835360961032,epoch_meta_kuna,9.885549508541981,-10.441554040043183
2025-09-13,18.817384121396167,23.73392969572091,18.65880813685353,27.015779218132092,2.4185079396634532,124.70684773941883,epoch_meta_kuna,-8.356971081278562,-4.9165455743247435
2025-09-14,20.46671170223505,22.626113257381423,24.99279294213507,20.74847010945453,3.3759004467519422,122.93361053000507,epoch_meta_kuna,4.244322832680538,-2.159401555146374
2025-09-15,23.4312094462731,29.06288096962063,25.27905054775129,30.303369751235696,4.006895025648796,133.8983472807795,epoch_meta_kuna,-5.024319203484406,-5.631671523347528
2025-09-17,27.95235321561192,28.045041484850245,32.54452482337127,30.02819510616226,3.000402699020931,338.3675440287699,epoch_meta_kuna,2.5163297172090076,-0.09268826923832307
2025-09-18,33.35781029951607,13.511609521840255,31.1930090336373,15.6361155435531,2.710151970525632,334.2168363192938,epoch_meta_kuna,15.5568934900842,19.84620077767581
2025-09-21,12.948333622834856,21.57089821743635,18.973150076033964,24.628288965646853,2.5534306710871175,136.50655047091243,epoch_meta_kuna,-5.655138889612889,-8.622564594601496
2025-09-22,19.015413436328465,20.2677004434533,19.247680375525487,22.577214184803438,5.173396714433662,134.37474925888,epoch_meta_kuna,-3.329533809277951,-1.2522870071248349
2025-09-23,32.393296316833506,28.237619214639896,34.096748371784244,35.38761178711384,3.634569121054236,329.82557321277784,epoch_meta_kuna,-1.2908634153295964,4.155677102193611
2025-09-24,44.24903170022619,26.49939668959259,35.27328620790837,23.1719404785042,4.139920174073159,328.5218117060557,epoch_meta_kuna,12.10134572940417,17.7496350106336
2025-09-26,24.73464869355191,29.67002400868202,24.16990713317595,28.624821470830604,5.20489470210577,130.8259702501373,epoch_meta_kuna,-4.454914337654653,-4.935375315130109
2025-09-27,15.285532950460727,10.200339424180779,20.473629660328275,17.84049911960091,3.626354686240961,328.64531448751995,epoch_meta_kuna,2.6331305407273646,5.085193526279948
2025-09-28,24.209336603191655,9.45365690472118,26.18265539522303,5.371502510948313,2.5761604152871658,337.2127884679417,epoch_meta_kuna,20.811152884274716,14.755679698470475
2025-09-30,27.117069994719603,16.360187464839086,28.126881899873446,15.765490552441738,3.336316043225517,348.59105588656774,epoch_meta_kuna,12.361391347431708,10.756882529880517
2025-10-01,28.613055338615933,24.0321306908426,28.73274725022075,31.981788255015314,4.507334155261431,321.30561318144197,epoch_meta_kuna,-3.249041004794563,4.580924647773333
2025-10-04,20.98554468199193,21.186372417454013,24.3376286506191,21.27973687639869,8.199252277629327,131.31016493804782,epoch_meta_kuna,3.0578917742204084,-0.20082773546208443
2025-10-05,24.983790820019976,19.46286800640692,21.460742401356324,17.855480663136685,4.323219704857658,129.42656992049336,epoch_meta_kuna,3.605261738219639,5.520922813613055
2025-10-07,26.06351225854152,17.034731279946097,25.52620439236702,19.002826978681142,4.3828175455475415,329.59416193003807,epoch_meta_kuna,6.523377413685878,9.028780978595425
2025-10-08,23.417098442790582,18.17820271341261,15.52051515878835,13.365179750538715,6.81615949982726,318.47360618356714,epoch_meta_kuna,2.155335408249634,5.2388957293779725
2025-10-09,67.43963766166041,73.46002865704968,69.74924957053122,35.70605444249566,4.632482992870002,322.502631903636,epoch_meta_kuna,34.043195128035556,-6.020390995389263
2025-10-10,20.857676714744557,25.57991132439623,30.286992226439068,19.88507013171736,6.2176522351397985,330.3103637599533,epoch_meta_kuna,10.401922094721709,-4.722234609651675
2025-10-11,11.67928149672958,5.592556615470057,10.86054893438889,16.056535177901466,4.617432622038867,110.77241034840904,epoch_meta_kuna,-5.195986243512577,6.0867248812595225
2025-10-14,24.963468036471287,35.4847675659286,26.057825257708025,42.12567401239055,2.8857679596365715,146.44685168778216,epoch_meta_kuna,-16.067848754682522,-10.521299529457313
2025-10-15,27.304681523980296,36.43969586945503,28.905965073776454,35.53396708929833,3.116368544970201,126.0055088872598,epoch_meta_kuna,-6.628002015521876,-9.135014345474733
2025-10-16,20.384358380967342,29.551349763318157,22.62224843158407,28.67590844686237,5.890423820143146,125.46584770655534,epoch_meta_kuna,-6.0536600152783,-9.166991382350815
2025-10-20,20.917634505909557,46.91880811101164,26.84893550662706,40.955864063003446,2.4809223877388575,133.96080469994354,epoch_meta_kuna,-14.106928556376385,-26.001173605102085
2025-10-21,34.28741344592605,23.921699722652477,42.37738386868755,25.23704034175961,2.2207308055692483,328.43870885140313,epoch_meta_kuna,17.140343526927943,10.365713723273572
2025-10-28,26.94985444415937,16.320881556662684,22.123327528702994,26.7813640888998,5.775188001195403,317.58078910288475,epoch_meta_kuna,-4.6580365601968055,10.628972887496687
2025-11-03,47.45595657504006,28.174803449403516,33.28317542387396,28.488449105671915,3.2850145104369304,327.90896975644705,epoch_meta_kuna,4.7947263182020485,19.281153125636546
2025-11-07,25.250881037807414,26.66247132113651,25.45036252793735,24.1015688821497,5.119577221008081,140.60875780731112,epoch_meta_kuna,1.3487936457876515,-1.4115902833290974
2025-11-09,32.6267544048463,-1.5573501832482948,16.873683380739518,13.768201629245695,3.4006578751351815,318.6248806778693,epoch_meta_kuna,3.105481751493823,34.1841045880946
2025-11-10,93.20933008355588,21.226005792383116,38.988989613538045,35.08473374771078,2.7618573661241155,319.6132606262644,epoch_meta_kuna,3.904255865827267,71.98332429117276
2025-11-12,35.68893311481213,24.06435104560603,35.78540852973725,26.36714693440739,4.511149862932991,320.318776373776,epoch_meta_kuna,9.418261595329863,11.624582069206099
2025-11-16,28.077443484161247,27.112339701010157,32.41613965545365,24.950549583983758,4.64144515309459,327.6386378936169,epoch_meta_kuna,7.46559007146989,0.9651037831510898
2025-11-21,50.64000039009403,53.1554326069682,44.21179359901083,64.41751296409697,2.6064111751846686,155.4791024635074,epoch_meta_kuna,-20.20571936508614,-2.515432216874167
2025-11-22,14.781110627517883,17.828407394534334,22.38408597604202,19.867638386505217,3.418531469957573,317.7617322009897,epoch_meta_kuna,2.516447589536803,-3.0472967670164515
2025-11-24,16.15810763478351,23.284875322754598,15.041857122024984,18.85172664079466,6.686772225271649,136.4726335004084,epoch_meta_kuna,-3.809869518769675,-7.126767687971089
2025-11-27,39.64016012946545,39.11235636643463,43.99837709157595,34.48709807844749,2.1105154369089907,334.024051687852,epoch_meta_kuna,9.511279013128458,0.5278037630308177
2025-11-28,28.552557873623766,24.8885859283984,34.605732611308284,14.921587952179872,3.56628606004778,134.21948962260433,epoch_meta_kuna,19.684144659128414,3.6639719452253665
2025-11-29,19.16536585515642,13.903709244016333,12.143571147070569,9.33273922717554,5.2987389113923715,325.81307275873917,epoch_meta_kuna,2.810831919895028,5.261656611140086
2025-11-30,-0.6609241474263786,8.85118619301805,2.3240635585189926,6.342777569445498,5.602062179664305,128.4136071177045,epoch_meta_kuna,-4.018714010926505,-9.512110340444428
2025-12-02,16.90500672118762,14.426357121260253,15.505393222593705,26.321990780024098,3.565121413292229,136.50989675475813,epoch_meta_kuna,-10.816597557430393,2.4786495999273654
2025-12-03,17.81009570844165,44.53591058312726,30.91490322215602,26.390768894877155,3.332693437258613,121.09516998139185,epoch_meta_kuna,4.524134327278865,-26.72581487468561
2025-12-06,8.587788126528661,8.412094333448634,8.864200840702505,9.595712956494244,4.9337117046345655,111.38901843608329,epoch_meta_kuna,-0.7315121157917392,0.1756937930800273
2025-12-14,19.936777407918054,16.186524518231288,26.308830814585573,3.064548125044798,2.9764644380277123,322.54493176587306,epoch_meta_kuna,23.244282689540775,3.7502528896867666
2025-12-17,6.600207649382002,18.430669843431055,-4.189414847534847,11.476407282452564,8.87246265087771,121.8356901921374,epoch_meta_kuna,-15.665822129987411,-11.830462194049053
2025-12-20,36.996838691165344,32.38369685771366,33.42010598331243,29.959017708659445,2.207870143228263,323.91213029801145,epoch_meta_kuna,3.4610882746529867,4.613141833451685
2025-12-26,-6.922114196094849,5.481707451257622,4.2193780011690905,-6.809164459913901,2.608180688180674,29.379400240136363,epoch_meta_kuna,11.028542461082992,-12.403821647352471
2025-12-27,-1.0251024427564837,-0.8579318558235008,-1.8718338528122342,-8.22898865831852,7.284424545101091,125.12260376835303,epoch_meta_kuna,6.357154805506287,-0.1671705869329828
2025-12-28,21.333611801476152,21.24832333132629,14.49661503372597,6.880505961043354,3.3043537200396127,138.58794029043224,epoch_meta_kuna,7.616109072682616,0.0852884701498624
2025-12-29,12.98857389475309,-1.8098123409213733,16.550549790095655,5.2342424026944805,3.7815471028041774,323.7826102193968,epoch_meta_kuna,11.316307387401174,14.798386235674464
2025-12-30,15.921050486391342,-4.733496600097059,21.014602153778522,-12.273200937421167,3.0475758367406915,322.2175812797133,epoch_meta_kuna,33.28780309119969,20.6545470864884
2026-01-03,5.668207997065767,5.944307782220305,7.334326189498139,18.998630601510516,6.680414239811441,306.7809454336794,epoch_meta_kuna,-11.664304412012378,-0.27609978515453815
2026-01-07,7.624840164943587,18.25477297279305,14.469549128683619,2.1594015150913832,4.408157166017851,117.33707292546347,epoch_meta_kuna,12.310147613592235,-10.629932807849462
2026-01-10,28.939958265473077,27.440274661355204,55.350748905978215,23.464817046831023,2.7106204095786355,316.31876797624403,epoch_meta_kuna,31.885931859147192,1.4996836041178732
2026-01-11,38.521589948768224,29.24808241802837,29.001908271182366,17.035465516796098,3.18737626595253,325.7497127554524,epoch_meta_kuna,11.966442754386268,9.273507530739852
2026-01-15,50.84921539301105,60.136983884911,50.628988873431574,62.14717721732714,3.0224278000348357,143.34189822076183,epoch_meta_kuna,-11.518188343895567,-9.287768491899946
2026-01-24,14.412694466746329,22.199613293043384,21.00995922317038,20.71187458861714,3.638800532213184,136.0647181413911,epoch_meta_kuna,0.2980846345532413,-7.786918826297056
2026-01-25,26.517694902194002,18.89193130379684,17.04971976396389,36.876554060695376,2.1892699867120538,136.34557658594952,epoch_meta_kuna,-19.826834296731487,7.62576359839716
2026-01-27,72.35101974992196,23.541608276816266,56.17774186295986,29.178239355563722,2.6776204805790615,319.6503279842139,epoch_meta_kuna,26.99950250739614,48.8094114731057
2026-02-09,7.763462888267181,16.930897446998145,9.608259080948336,16.838277582306734,4.699273076631777,123.62337594809742,epoch_meta_kuna,-7.230018501358398,-9.167434558730964
2026-02-10,14.689781136225246,7.327868945201329,20.52390430943855,7.010252724933571,5.211048696630375,311.6819309012917,epoch_meta_kuna,13.513651584504977,7.361912191023917
2026-02-13,23.42260421690195,15.89271388573311,22.119985370202222,22.442359172962394,3.0091030365189373,321.02667372937213,epoch_meta_kuna,-0.3223738027601719,7.529890331168838
2026-02-14,15.164549370814594,17.24218764918837,12.465215469360903,13.248425517265986,4.748383630279335,319.4865078859481,epoch_meta_kuna,-0.783210047905083,-2.077638278373776
2026-02-19,16.439557524060838,17.19944888176363,22.267323172040275,18.191552773788164,5.021612322871543,311.0206138096048,epoch_meta_kuna,4.075770398252111,-0.7598913577027915
2026-02-22,22.5322408527154,27.661433439734274,23.674651233540885,26.14795133273793,7.697382735794596,316.54709231581,epoch_meta_kuna,-2.4733000991970435,-5.129192587018874
2026-02-27,58.97833121680107,63.62239494887744,33.3187593794982,57.73759558316223,2.128056230306753,141.26868486089438,epoch_meta_kuna,-24.41883620366403,-4.644063732076376
2026-03-02,40.786718161544634,20.425950813002725,32.999882112306636,19.246912426558012,2.9618856861535576,123.00133407763008,epoch_meta_kuna,13.752969685748624,20.36076734854191
2026-03-03,16.6054663910671,21.166632605670635,19.936522511797612,25.03144354397775,2.61114519893731,326.04898816816603,epoch_meta_kuna,-5.094921032180139,-4.561166214603535
2026-03-06,25.039293299638,24.004243190423956,21.803728287185926,18.928428878303116,5.196412296974295,137.83481570617948,epoch_meta_kuna,2.8752994088828103,1.035050109214044
2026-03-09,12.78358064711597,15.243141403032288,14.229931915107477,15.19802963461898,6.219388251265539,146.06941900496378,epoch_meta_kuna,-0.968097719511503,-2.4595607559163177
2026-03-10,23.0135979857734,25.674913990658336,23.634915363902046,26.043711638413416,4.817954191905718,129.81009001300356,epoch_meta_kuna,-2.4087962745113707,-2.6613160048849345
2026-03-14,-1.5665773339163553,5.762946027708794,1.8170195161605125,-1.566577382323262,8.746799255086728,123.3762132794389,epoch_meta_kuna,3.3835968984837743,-7.329523361625149
2026-03-16,45.454937460877034,38.7109792962782,45.68678206707674,40.835279585442485,3.089006679693439,156.1285778952738,epoch_meta_kuna,4.851502481634256,6.743958164598837
2026-03-20,26.304370928112483,17.98820191440342,35.40082218368361,24.033809686868654,2.1804536633822127,322.2564673329825,epoch_meta_kuna,11.367012496814954,8.316169013709064
2026-03-21,19.198778087889917,20.435470955238166,17.507105825855486,16.32592222526039,6.028306847030009,134.1131189456127,epoch_meta_kuna,1.181183600595098,-1.2366928673482498
2026-03-22,15.931671577634402,15.758609662781872,18.912088354071106,21.419417006805283,3.762575450380565,141.04178790334538,epoch_meta_kuna,-2.507328652734177,0.1730619148525303
2026-03-26,38.531007029914804,39.133652517224164,36.11624337478805,40.06990843213003,5.865809600295154,134.44094944000426,epoch_meta_kuna,-3.953665057341979,-0.6026454873093599
2026-03-27,32.612807630261116,15.74465376702933,24.650223537028833,27.217518484759946,4.736733106112571,321.80960045772053,epoch_meta_kuna,-2.5672949477311136,16.868153863231786
2026-03-30,17.471711020623676,22.279269464104164,18.06136982610176,22.02299216725042,5.370980549107083,142.20499253534786,epoch_meta_kuna,-3.961622341148658,-4.807558443480488
2026-04-03,26.073692227046223,32.5560186087937,27.92691228125332,37.48464792090456,3.433422720358808,134.9816570975513,epoch_meta_kuna,-9.557735639651238,-6.482326381747477
2026-04-05,17.397479460390205,7.0483103776239115,12.38581578311644,11.31221206255139,4.7463801384375435,320.93470181966234,epoch_meta_kuna,1.0736037205650497,10.349169082766293
2026-04-07,16.477182937234122,38.93878002113825,18.403203831728344,25.622588725239357,4.8207604666561705,123.87481442338446,epoch_meta_kuna,-7.2193848935110125,-22.461597083904127
2026-04-08,22.24761979470069,42.45363978629075,28.629851697053077,33.09738822030328,2.6183503027829853,139.81293424013666,epoch_meta_kuna,-4.467536523250203,-20.20601999159006
2026-04-10,9.964658026753648,10.358751906222247,9.933779515117285,2.5893040753348395,3.2520721709453304,123.03503618958098,epoch_meta_kuna,7.344475439782446,-0.3940938794685991
2026-04-14,16.50413247974829,26.221698750218227,18.781949366853123,17.83143390491422,3.2378273490317437,105.84271354128254,epoch_meta_kuna,0.9505154619389025,-9.717566270469938
2026-04-16,8.660688975299598,15.147621521318003,7.683230244807685,13.529761014744548,4.96933638229219,128.34566666200192,epoch_meta_kuna,-5.846530769936862,-6.486932546018405
2026-04-17,18.06652416835267,40.34514330764898,19.830144829603373,30.350113632354553,2.52159041618554,103.9327287781083,epoch_meta_kuna,-10.51996880275118,-22.27861913929631
2026-04-19,26.519186842538044,8.620933118849582,19.653795856473913,20.885864662663845,5.230547330617893,318.18712858591323,epoch_meta_kuna,-1.2320688061899325,17.898253723688462
2026-04-20,26.402741167994478,22.016353346793778,27.999252275478668,22.87949646869903,4.493532859019568,317.37804891198823,epoch_meta_kuna,5.1197558067796365,4.3863878212006995
2026-04-21,16.908532580911654,16.579629940176222,24.02053893968589,21.657416811508117,5.114831478717442,332.4274666101216,epoch_meta_kuna,2.3631221281777712,0.3289026407354321
2026-04-23,20.463404756296605,26.201809651662078,23.530382919153865,23.33051015018706,5.580852531805199,123.31392946054058,epoch_meta_kuna,0.19987276896680584,-5.738404895365473
2026-04-24,20.714468222377032,20.053370333582663,21.262154433254768,15.239641396336658,6.35655722065835,138.80293403891017,epoch_meta_kuna,6.0225130369181095,0.6610978887943695
2026-04-25,20.09929322473786,11.605870452018886,23.537459367586806,16.146958285239943,2.2104310279667985,332.99704293613746,epoch_meta_kuna,7.390501082346862,8.493422772718974
2026-04-26,15.366654009403266,19.88399446428081,19.029777152238886,19.72193205115096,5.148156455484969,123.9491409933666,epoch_meta_kuna,-0.6921548989120758,-4.517340454877544
2026-04-27,24.960494160285947,26.452598724623993,22.80435039388344,23.77190572351211,5.071676717882886,141.6884773015961,epoch_meta_kuna,-0.9675553296286701,-1.492104564338046
2026-04-28,25.731434401719632,41.690871723866955,26.340759327445355,47.65829631755977,2.80496260305673,128.00272752758622,epoch_meta_kuna,-21.317536990114412,-15.959437322147323
2026-05-01,20.408825539734547,10.8485425691941,23.270951902442693,14.213196244843768,3.160882667006333,326.930006738971,epoch_meta_kuna,9.057755657598925,9.560282970540447
2026-05-02,20.104743420849058,5.588313778010733,14.396312804111188,16.96013745058263,3.850572937263625,317.17842591420407,epoch_meta_kuna,-2.5638246464714403,14.516429642838325
2026-05-03,22.566217413317727,32.06274458611228,25.71497692143395,29.825525290929868,2.542273375361573,147.77896422100235,epoch_meta_kuna,-4.110548369495916,-9.496527172794554
2026-05-04,26.02973123961128,31.007359510858397,30.841866306403368,25.67783678200182,4.198625580284819,135.20159714540165,epoch_meta_kuna,5.164029524401549,-4.9776282712471165
2026-05-05,17.416563836334856,33.57272323771822,28.508650790409543,25.111917112205305,3.208122455984878,139.7794363377131,epoch_meta_kuna,3.3967336782042388,-16.156159401383366
2026-05-07,19.24545250630194,23.764980558441636,18.314421887241732,25.99071887327654,4.71632946072904,129.43816396089164,epoch_meta_kuna,-7.6762969860348065,-4.5195280521396946
2026-05-09,15.97572677316839,28.36099888501574,18.90893926108148,19.25457816590825,3.831489516867795,129.24129976230233,epoch_meta_kuna,-0.34563890482677095,-12.38527211184735
2026-05-10,19.36874487749372,22.49044479981397,25.768045133449647,21.072973073094154,5.437856523814001,321.6989713143893,epoch_meta_kuna,4.695072060355493,-3.12169992232025
2026-05-11,20.971302984385726,18.661899564534252,21.332378110406935,21.06779821803774,4.0573060577739115,143.1456599374663,epoch_meta_kuna,0.2645798923691949,2.309403419851474
2026-05-12,16.587128744835283,15.107095334390381,20.063985231417526,12.823989976658256,3.5761291659498693,320.37143894264545,epoch_meta_kuna,7.23999525475927,1.4800334104449018
2026-05-13,20.196525944985083,27.117003876741155,20.00024202270944,18.73879989024896,10.100484166790524,107.8025779901609,epoch_meta_kuna,1.2614421324604805,-6.920477931756071
2026-05-14,21.55153965816024,29.372421857514798,17.703697426616685,27.98736113153542,3.0286005381337544,120.37731836453332,epoch_meta_kuna,-10.283663704918734,-7.820882199354557
2026-05-15,12.245970516039426,24.771534645617848,17.108514341905018,11.161250790199459,4.688552474546016,128.54541938666426,epoch_meta_kuna,5.947263551705559,-12.525564129578422
2026-05-16,12.30551554435115,9.800383151205072,19.971865275133716,3.46535747557635,6.229247374853035,121.51873944321176,epoch_meta_kuna,16.506507799557365,2.505132393146079
2026-05-19,19.930224977952943,32.21506360153518,30.20838706274563,30.690903593934532,3.4614458600955293,126.89134100693678,epoch_meta_kuna,-0.48251653118890303,-12.284838623582235
2026-05-20,27.18603504460191,29.577789585685917,29.581310484937436,25.49934908292196,2.5909939120754664,120.15219159369849,epoch_meta_kuna,4.081961402015477,-2.3917545410840084
2026-05-21,28.197231656710503,26.466673527250187,28.257556973167816,30.652058692741623,5.116535290678032,145.93371702848333,epoch_meta_kuna,-2.3945017195738068,1.7305581294603165
2026-05-24,15.850777665806921,23.020035512924995,19.412508119244954,14.715169612671751,3.0887371076495627,122.29779510971491,epoch_meta_kuna,4.697338506573203,-7.1692578471180735
2026-05-25,12.012988580425839,20.027321989358946,22.10437151983764,24.42990032426796,3.5495247756041035,350.98941245469143,epoch_meta_kuna,-2.3255288044303235,-8.014333408933107
2026-05-26,14.385627828352574,17.658789444677517,16.82615979576731,16.019451965101158,7.221044169693178,140.12549307645372,epoch_meta_kuna,0.8067078306661521,-3.273161616324943
2026-05-27,29.6526285528962,24.292942733651348,21.77765235140914,26.86431509957403,2.1799973378659936,146.70357926136245,epoch_meta_kuna,-5.086662748164887,5.359685819244852
2026-05-28,28.098786442315255,25.365690769995936,22.473561998831986,25.365690210698034,4.228148166762187,321.28547627057014,epoch_meta_kuna,-2.892128211866048,2.733095672319319
2026-05-29,16.675178731948623,28.44327568847576,21.029138861870702,22.178786837663377,4.291637771400072,134.06449829068117,epoch_meta_kuna,-1.149647975792675,-11.768096956527138
2026-05-30,24.317380719988094,20.137157058881556,24.149340647750034,21.351472771513627,6.613492953244058,123.32459805477583,epoch_meta_kuna,2.797867876236406,4.180223661106538
2026-05-31,21.347771835407755,19.034346209732814,44.58291119496631,19.709495555272838,4.905187283865912,126.17044213590049,epoch_meta_kuna,24.87341563969347,2.3134256256749417
2026-06-01,16.052158579362356,22.278151956985734,20.06499951110074,21.51601167070819,3.3127016160427813,128.60932349586585,epoch_meta_kuna,-1.4510121596074477,-6.225993377623379
2026-06-04,22.614492798898322,26.2315501688279,19.050306035547543,26.04334761947587,4.255467055708603,127.0838947387594,epoch_meta_kuna,-6.993041583928328,-3.6170573699295794
2026-06-07,12.678960294540591,9.732565398053065,9.076883538684239,16.342766050343382,4.44475837288918,128.86185122202812,epoch_meta_kuna,-7.265882511659143,2.9463948964875257
2026-06-08,14.99258840783148,22.656664599240052,23.712873852183108,20.761597389564574,5.449817674173923,321.9594141419999,epoch_meta_kuna,2.9512764626185337,-7.664076191408572
2026-06-09,20.3619035966561,25.009930001163244,20.373842944102385,25.48610854458911,6.344976233875355,101.20251953820912,epoch_meta_kuna,-5.112265600486726,-4.648026404507146
2026-06-10,23.213078090455934,22.2703833679529,14.252214829461737,19.66643191164721,7.48530661723397,125.88687973590334,epoch_meta_kuna,-5.414217082185472,0.9426947225030347
2026-06-11,29.88343169926783,19.090175159530546,25.621517944435794,34.8751643817824,2.608615673024868,335.92513081520804,epoch_meta_kuna,-9.253646437346603,10.793256539737285
2026-06-12,16.17719573116543,13.996376673501993,14.162779184334992,19.633130043519238,3.6463308639100007,134.12573946687382,epoch_meta_kuna,-5.470350859184245,2.1808190576634363
2026-06-13,12.89313071339834,20.46087139109678,15.833467065987035,20.679628403546378,2.6746080995982755,124.06820891296798,epoch_meta_kuna,-4.846161337559343,-7.56774067769844
2026-06-15,23.1959789843454,41.80639314097633,22.7214569751149,28.234484046475792,2.223811367784611,131.71791893383562,epoch_meta_kuna,-5.5130270713608915,-18.610414156630934
2026-06-16,28.11197472433399,33.68721779768775,21.781100369254624,25.2821168929584,4.761296167763316,131.9252134238264,epoch_meta_kuna,-3.5010165237037754,-5.575243073353761
2026-06-17,24.233191710741853,34.023375999276496,23.125223834617294,27.831042020705908,6.354067619883434,134.53902686768754,epoch_meta_kuna,-4.705818186088614,-9.790184288534643
2026-06-21,24.917371599646803,25.36942041084622,23.414434392052875,29.564152702475937,3.0676741642337952,131.41148364984605,epoch_meta_kuna,-6.1497183104230615,-0.4520488111994183
2026-06-22,27.596311405001305,36.48774668183259,23.889744017348576,31.686507064278054,4.298615751484157,142.50145278457853,epoch_meta_kuna,-7.7967630469294775,-8.891435276831285
2026-06-24,22.118806919120683,19.408229255874787,12.6704599573233,22.067698842645616,3.710022883835976,128.37297044239477,epoch_meta_kuna,-9.397238885322315,2.710577663245896
2026-06-25,22.464806088433075,26.536424068257517,23.811641404507878,28.55962584244961,2.789680323298439,130.60765117948546,epoch_meta_kuna,-4.7479844379417315,-4.071617979824442
2026-06-29,19.16158348889789,23.41729495758362,18.85413645904154,25.844713406935128,4.353216107266394,124.66944525292655,epoch_meta_kuna,-6.990576947893587,-4.255711468685732
2026-07-01,25.662585899262545,34.681338751432044,30.303097143076812,29.253196637906207,3.0406817228573098,131.06923396074842,epoch_meta_kuna,1.049900505170605,-9.018752852169499
2026-07-02,16.11073062167725,27.819044815205608,14.852658952401288,13.96685999801727,2.763365684081071,144.2248814069925,epoch_meta_kuna,0.8857989543840183,-11.70831419352836
2026-07-03,17.388068847268965,13.401889706704955,16.037056139472565,22.489177201497842,2.8903418195336172,143.7226291018451,epoch_meta_kuna,-6.452121062025277,3.98617914056401
2026-07-05,11.6183888497418,23.070099570403638,21.265008389684624,30.65308518574222,3.4068539581387824,141.88306543682268,epoch_meta_kuna,-9.388076796057597,-11.451710720661838
2026-07-06,27.72983968792171,34.99051063371082,29.35054415073961,26.219215938219758,5.345573146639386,126.41830091794128,epoch_meta_kuna,3.1313282125198505,-7.2606709457891085
2026-07-08,29.248021756419732,37.903119585285616,35.287988109052584,35.10900896580199,2.4637363814015165,130.63436650091865,epoch_meta_kuna,0.1789791432505936,-8.655097828865884
2026-07-09,18.736340627384607,19.403098265083493,21.184517823287976,22.610759605838826,4.002429795981691,140.7308608985644,epoch_meta_kuna,-1.42624178255085,-0.6667576376988862
2026-07-14,19.168924011656095,19.040003834679297,21.221474097840645,29.464544860554557,2.7949014959660916,189.90295949835263,epoch_meta_kuna,-8.243070762713913,0.12892017697679847
2026-07-15,23.42826831291652,32.90023825389065,22.856452778229457,23.812687248347647,2.7723029904128818,133.69829052734661,epoch_meta_kuna,-0.95623447011819,-9.47196994097413
2026-07-16,43.83767105656027,33.63720269210964,38.872670940885136,28.172476545693442,2.5193022244183267,341.6940499062945,epoch_meta_kuna,10.700194395191694,10.200468364450629
2026-07-17,46.72993845319149,48.69959319939739,46.6083060265396,42.152041959080755,2.4191652530369634,95.88093465167452,epoch_meta_kuna,4.4562640674588465,-1.9696547462059044
2026-07-18,32.818171810528156,30.733350575742953,30.294252760337887,32.82880418249561,3.936909017047714,121.04830407620346,epoch_meta_kuna,-2.5345514221577226,2.0848212347852026
2026-07-20,27.29496221846018,29.23985242841566,25.371488089980645,24.393049650292873,5.1754877728544795,137.09698512147668,epoch_meta_kuna,0.9784384396877712,-1.944890209955478
2026-07-25,41.544110437914135,44.48848301355132,36.22620696916811,42.74346818114722,2.465371741589199,148.24466221174953,epoch_meta_kuna,-6.517261211979111,-2.944372575637182
2026-07-26,44.7945264551429,34.21948194166788,36.63667665577008,31.75121117940277,3.2554491698471346,137.98623874964665,epoch_meta_kuna,4.885465476367312,10.57504451347502
2026-07-27,31.533110641509726,36.673239243271645,30.4647482431647,32.56626656775581,4.118888293039409,126.61598398891124,epoch_meta_kuna,-2.1015183245911118,-5.140128601761919
2026-07-28,33.00068880398528,55.713865883682324,38.997982395675976,40.14140469964994,2.3793274625712244,129.8901423567238,epoch_meta_kuna,-1.1434223039739635,-22.713177079697047
2026-07-29,25.730368080628267,36.46027634449721,31.60926728408707,30.484270293083295,3.593253739089337,124.03260440778558,epoch_meta_kuna,1.1249969910037763,-10.729908263868943
2026-08-01,19.855044634528983,25.898111655967185,22.40034177615714,22.34645374196197,3.1812638579505563,133.98702971607474,epoch_meta_kuna,0.05388803419517174,-6.043067021438201
2026-08-02,17.788015106487638,26.104219368214235,13.668095782711344,22.897905398863728,5.157853958448946,136.1524901913889,epoch_meta_kuna,-9.229809616152384,-8.316204261726597
2026-08-03,24.24669647158148,26.52251792387086,23.653839220194126,22.97348430288698,4.797930812929714,128.19267316491005,epoch_meta_kuna,0.6803549173071453,-2.2758214522893816
2026-08-04,20.45030883975622,32.51729340554121,26.96018016403134,28.769641298366476,3.370229073457654,132.93303922758935,epoch_meta_kuna,-1.8094611343351374,-12.066984565784988
2026-08-07,36.351196774907834,44.567342617874736,37.53727969897896,38.37149601577893,2.469591811612211,122.81687310306603,epoch_meta_kuna,-0.8342163167999672,-8.216145842966903
2026-08-08,33.27937177133444,32.4389810373395,29.119645160066177,29.735582288757964,2.6729733947811214,116.7379822538328,epoch_meta_kuna,-0.6159371286917867,0.840390733994937
2026-08-09,14.444471621808649,19.78292237656104,15.856402468166237,22.213679916122768,3.849970655310505,135.45878469028264,epoch_meta_kuna,-6.35727744795653,-5.33845075475239
2026-08-10,14.208973268623383,19.66648307529302,16.100535918818014,17.152647112721336,4.225722226984813,139.87189787253328,epoch_meta_kuna,-1.0521111939033219,-5.457509806669636
2026-08-11,24.682568611253252,31.306561456651004,22.781743901290422,22.80391604036103,3.6544720047821904,130.98524775198467,epoch_meta_kuna,-0.022172139070608665,-6.623992845397751
2026-08-15,11.517325252688712,19.551100184043275,27.268651443528267,18.488375310358055,2.877408957613996,321.11363436701225,epoch_meta_kuna,8.780276133170211,-8.033774931354563
2026-08-18,25.38566093530277,38.078165174111206,27.902962586661545,27.318647051164145,2.97565905381701,126.0515340938444,epoch_meta_kuna,0.5843155354973995,-12.692504238808436
2026-08-23,18.47364082204437,22.01742509346764,10.451668563475163,20.188883248184876,3.0313726193674055,133.595777903074,epoch_meta_kuna,-9.737214684709713,-3.54378427142327
2026-08-25,27.245504372266993,20.31342436466704,34.08719612472149,24.652265885311703,2.4751168139952915,353.0460248677375,epoch_meta_kuna,9.434930239409784,6.932080007599954
2026-08-26,34.68082725463446,25.462150031047795,31.754731739789644,21.334960948131453,2.3983145105859465,349.6551311341695,epoch_meta_kuna,10.419770791658191,9.218677223586663
2026-08-27,15.737732248370902,28.218993828522432,15.318584744275073,18.000325003895625,2.0366222469302104,90.54668575462267,epoch_meta_kuna,-2.681740259620552,-12.48126158015153
2026-08-29,13.236167982045624,23.858933049076263,18.54649605023109,12.717644678557331,2.562847930134847,90.94411989101883,epoch_meta_kuna,5.82885137167376,-10.62276506703064
2026-08-30,16.030331841776437,24.83567547687398,13.808552159748915,18.347699259694114,2.877688273829545,124.29146868539675,epoch_meta_kuna,-4.539147099945199,-8.805343635097543
2026-08-31,28.792049666926086,13.957312561855831,28.047754901227343,12.915448228830506,2.112968456696089,323.58559350458637,epoch_meta_kuna,15.132306672396837,14.834737105070255
2026-09-01,35.6541729351054,26.028591890323938,33.54279277105098,26.477566433630834,2.9517039206094795,350.26546306153756,epoch_meta_kuna,7.06522633742015,9.625581044781462
2024-04-01,22.335801162851595,19.42791381708486,14.54131141559971,20.163923095309325,5.830811280867187,134.54246095059403,control_1,-5.622611679709616,2.907887345766735
2024-04-03,25.561425018191862,15.471155761676748,10.431698582886257,11.99468378907889,3.4181609549328194,328.884009658497,control_1,-1.5629852061926321,10.090269256515114
2024-04-06,14.84409087878979,10.2921922495888,14.865809455906996,15.02360363175966,5.032461887050977,113.82280152239713,control_1,-0.1577941758526631,4.551898629200991
2024-04-07,15.800097700652183,1.534938641033552,11.280830922807388,8.1391870898303,4.334747616882032,123.2212456201467,control_1,3.1416438329770884,14.26515905961863
2024-04-08,28.0063942659312,19.917846276045275,29.736105114981797,19.99446426403322,4.24661054508563,126.11635863789184,control_1,9.741640850948578,8.088547989885924
2024-04-09,22.06625028170542,17.804258028998056,14.289490818007375,29.934978390318474,3.7090408056674873,106.32294645398707,control_1,-15.645487572311099,4.261992252707362
2024-04-10,21.557365729111908,19.497415569871357,22.488295846141494,27.789688310704562,2.8429581321968698,119.18798381593751,control_1,-5.301392464563069,2.0599501592405502
2024-04-11,15.060034834587388,18.797040969068977,19.280104546306227,21.257672662505072,4.345633493552735,324.8649203193547,control_1,-1.9775681161988459,-3.7370061344815895
2024-04-12,12.626944299695198,14.606951577155085,3.3385190461880554,13.215997187163781,5.0917094088851815,315.61065670312297,control_1,-9.877478140975725,-1.9800072774598867
2024-04-13,25.887547942536482,30.191440056979847,25.739395115159365,26.390715036690086,3.642055813861743,324.6133017657756,control_1,-0.651319921530721,-4.303892114443364
2024-04-14,33.06028912396938,12.241063690272707,19.18269081745694,12.110064908622162,5.063110522836214,344.30476399358724,control_1,7.0726259088347785,20.819225433696676
2024-04-15,19.899926195837512,17.399534171911093,21.14468769373622,18.889911482961654,7.3028895123642785,130.774155536911,control_1,2.2547762107745655,2.5003920239264197
2024-04-17,16.333781097148933,14.828536118318539,10.978830964257371,16.447370650493017,6.455359714906618,137.52307651057356,control_1,-5.468539686235646,1.5052449788303939
2024-04-18,22.48563421182018,20.58976914088246,18.330984271223254,22.61144566372453,3.055247158394299,336.6087953084463,control_1,-4.280461392501277,1.8958650709377203
2024-04-20,18.968940333259415,18.433442302968622,16.75181912947121,16.351963927069153,2.613387206657015,333.93307392652906,control_1,0.3998552024020583,0.5354980302907926
2024-04-21,14.551789558707284,19.84568708864934,19.815643388230132,15.211072934953938,5.717743441192956,131.13889676541868,control_1,4.604570453276194,-5.293897529942054
2024-04-22,24.669262281167093,28.396832332921424,23.168823745604328,26.681051707865663,3.4774631740291353,125.94914937212553,control_1,-3.512227962261335,-3.7275700517543306
2024-04-24,28.224283322060625,31.518382433590926,18.248832225806453,26.514798145973618,3.373834134608976,123.81070131369484,control_1,-8.265965920167165,-3.2940991115303007
2024-04-27,25.14419289838834,22.671523819920875,22.062951604809655,25.76321938406754,6.167389388790012,119.95996392606673,control_1,-3.700267779257885,2.472669078467465
2024-04-28,10.165851706558502,13.164639070165903,19.951467354489296,17.724530065977426,3.9360431974414882,105.66653166417302,control_1,2.22693728851187,-2.9987873636074003
2024-04-29,4.472773113875937,-1.1100394510913465,15.314536580535965,10.712905358925394,6.47625391237871,106.94140193161877,control_1,4.601631221610571,5.582812564967284
2024-05-07,18.210421375862634,7.493592976623484,14.148412101473715,24.63669117177848,6.548346393359849,129.25611568854026,control_1,-10.488279070304765,10.71682839923915
2024-05-08,27.287097331954136,25.555670758931107,30.976724159214164,31.072870422058834,6.592139548677921,150.8548057427514,control_1,-0.09614626284466965,1.731426573023029
2024-05-09,29.169902190826097,19.559789320391094,28.292648508651993,30.45034078851935,2.5429366828367264,117.39805384651152,control_1,-2.1576922798673586,9.610112870435003
2024-05-11,22.770020414882044,22.49281005796898,20.879510502633604,26.61157276883224,3.8249844175860246,128.2142391230745,control_1,-5.732062266198636,0.27721035691306284
2024-05-12,15.562709821759883,16.969203406580036,15.448318758262436,15.63062364497078,3.883002475706322,123.5757194003562,control_1,-0.18230488670834433,-1.4064935848201525
2024-05-13,21.244189452532904,24.637598461995907,12.980520958466734,17.181525845320614,4.1032732655346065,114.2820712205704,control_1,-4.20100488685388,-3.393409009463003
2024-05-14,24.091953360400822,31.036758408407568,30.73133286502323,27.050085768249875,5.169897360302451,133.42767082250168,control_1,3.6812470967733546,-6.944805048006746
2024-05-15,25.91589601248584,23.543719620624486,19.29756383162325,22.643042437689708,3.278006564247416,117.2189807812,control_1,-3.3454786060664574,2.3721763918613554
2024-05-16,21.68460656881704,20.255401438701437,20.479993941105107,22.04187561419629,3.7851333169916708,115.05730920902914,control_1,-1.5618816730911824,1.4292051301156015
2024-05-17,20.662914683276643,22.76763804900247,21.251420695506482,25.175597601771074,6.788959870713416,123.79552474679252,control_1,-3.9241769062645915,-2.104723365725828
2024-05-19,25.156933018437226,17.11738002109463,21.71090211512002,23.944390083434758,5.323722547067379,128.58840638539215,control_1,-2.233487968314737,8.039552997342597
2024-05-20,17.589388930643057,16.82830093162252,11.909568459088261,11.200047413589074,6.650530952874558,141.5791569689692,control_1,0.7095210454991872,0.761087999020539
2024-05-21,17.875689028868194,18.10677658512831,22.67938499758941,26.123709398707568,3.494479202159648,106.5152535444787,control_1,-3.444324401118159,-0.231087556260114
2024-05-22,18.357592822438946,14.631145510316923,15.479896050990705,21.00107566037123,5.871659885533971,92.5165115415976,control_1,-5.5211796093805265,3.7264473121220227
2024-05-23,30.603380691774603,21.80269051223686,21.652008069196164,26.017070842508787,5.297444169651393,137.57223361713181,control_1,-4.365062773312623,8.800690179537742
2024-05-24,17.434726527413936,18.86237048998241,18.475184839375558,19.08148765476772,2.151365617013086,15.038756050191864,control_1,-0.6063028153921621,-1.4276439625684745
2024-05-26,22.142361225295737,19.55097437223534,20.802213104420115,20.361426893829872,3.791310478294778,120.30757783807849,control_1,0.44078621059024314,2.5913868530603956
2024-05-28,14.830616186526816,22.136202336424567,21.322414049900544,16.047653927195633,3.7596865645214814,357.62686826975676,control_1,5.274760122704912,-7.305586149897751
2024-05-29,31.36283221576848,21.555096746215916,24.60428108214769,30.470677362405507,6.386790203812498,122.12300071033519,control_1,-5.866396280257817,9.807735469552565
2024-05-30,27.038921193389886,21.07994032892531,28.98505101828855,28.63827219077445,4.504865145847899,128.68156714342206,control_1,0.3467788275141004,5.958980864464575
2024-05-31,46.459683562311255,31.627059518055557,40.12177649150659,39.038401724986066,2.9869938422628852,114.47072144399249,control_1,1.083374766520521,14.832624044255699
2024-06-02,17.4899356474002,9.170476161648274,8.356725776455644,6.331109973859788,3.294290697053362,109.41454531085009,control_1,2.0256158025958557,8.319459485751924
2024-06-04,26.444814553821974,20.510604206398124,29.02705863355751,30.55638896135042,2.1610281457848797,107.94425215033249,control_1,-1.5293303277929127,5.93421034742385
2024-06-05,28.00520777393756,24.688156987908346,26.151557292074504,24.566672255123308,4.55917328572455,130.83800089118756,control_1,1.5848850369511958,3.3170507860292133
2024-06-07,18.376585724082982,13.3672008428116,17.469635846653308,18.372058694776655,3.3731002490142394,129.58567297280507,control_1,-0.9024228481233472,5.009384881271382
2024-06-08,14.6218694189026,16.058658581736182,11.683020225446462,16.666710012390716,3.458192287893803,139.40280480216586,control_1,-4.983689786944254,-1.4367891628335823
2024-06-10,28.114842225266926,25.640691099524204,28.428389167795707,21.865340515490708,4.8498724301823275,129.34774192877438,control_1,6.563048652305,2.474151125742722
2024-06-12,17.254019351168548,14.562177725774069,9.502923853683654,14.12559673037755,4.257524119982009,138.36962826395495,control_1,-4.622672876693896,2.6918416253944795
2024-06-14,23.089243651925404,8.53701553844091,11.207261474424854,14.869325977931368,5.377094985544494,133.980575356087,control_1,-3.662064503506514,14.552228113484494
2024-06-15,4.416301265735473,16.95271823573931,15.524048346432586,13.306035007332136,6.663836408204763,110.50602548023255,control_1,2.21801333910045,-12.536416970003838
2024-06-16,8.414423814283621,8.475970998679513,6.8458918589231414,7.594870874830659,2.222272378993073,116.97846580372465,control_1,-0.7489790159075174,-0.06154718439589146
2024-06-21,31.669797062185797,9.66523334628933,18.847502933313887,20.461530490481437,3.6785455594059697,130.4114213821,control_1,-1.6140275571675495,22.004563715896467
2024-06-22,11.273258478643305,20.33273007043968,14.115773444465713,17.92528560508611,2.7512526536631254,2.798914735754238,control_1,-3.8095121606203968,-9.059471591796376
2024-06-23,14.301739587602778,15.581161557876552,15.96724448270503,15.406008750799172,3.018524819437737,126.23506718201759,control_1,0.5612357319058585,-1.2794219702737735
2024-06-24,19.040618754250875,16.682134291676135,17.389549434341752,16.50920670306548,3.4812347879464807,134.56137277471794,control_1,0.8803427312762722,2.35848446257474
2024-06-25,25.674347250763066,17.911991043416368,22.176421651571207,28.832378633971746,2.8823253585642825,116.60218493100916,control_1,-6.655956982400539,7.7623562073466985
2024-06-26,26.573006631085256,29.53925240301134,28.256491148286827,32.316742002361686,3.4363519389535693,355.37043754584414,control_1,-4.060250854074859,-2.966245771926083
2024-06-27,16.293430507384816,17.07417033572622,16.34979095049606,14.538940869649505,5.409398390361984,125.9709493186067,control_1,1.8108500808465564,-0.7807398283414031
2024-06-28,16.19733137527651,13.089216518727094,10.550923579000262,14.65368972205651,3.4990861115553846,129.8810370729767,control_1,-4.1027661430562485,3.108114856549415
2024-06-30,19.471961922094128,19.508657491091192,15.449287969012914,17.346380235433415,5.10039042064079,121.04026168526428,control_1,-1.8970922664205006,-0.0366955689970645
2024-07-01,29.823423991834034,25.887816803907874,23.97780270801032,29.52322225259908,5.606237028481035,123.79812025090712,control_1,-5.545419544588761,3.935607187926159
2024-07-02,34.700004204220534,23.098007126044784,21.450334774202254,25.800559725326387,4.06521946858841,118.42617356534754,control_1,-4.350224951124133,11.60199707817575
2024-07-03,19.722664564772643,12.470531345501476,19.984574121930684,19.67205697818193,5.891289177829488,122.66611031394723,control_1,0.31251714374875306,7.252133219271167
2024-07-04,15.875510384366159,14.455937997195516,16.732009816748413,15.580196881179907,3.477661450240851,114.29405070044999,control_1,1.1518129355685058,1.4195723871706427
2024-07-05,22.261571824703562,18.68364337797743,19.74273957678895,18.831846956175834,4.864055496578366,123.7633218014517,control_1,0.9108926206131152,3.5779284467261334
2024-07-06,10.005041840721875,7.614608433011033,1.9397033928206278,19.285658748543437,5.0153296833545165,120.4978621409847,control_1,-17.345955355722808,2.390433407710842
2024-07-07,23.62032041856905,23.713782072793798,19.5261252583732,26.732585440039585,4.4954809227861325,129.75926929434183,control_1,-7.206460181666387,-0.09346165422474684
2024-07-08,21.302856764721497,17.851989250131858,16.851706344926676,25.843948053953746,3.2174660290802657,112.76100243223135,control_1,-8.99224170902707,3.450867514589639
2024-07-10,13.081895994253333,21.31679989023475,18.774163473356683,20.349906087749538,2.236761976424312,12.172900355829825,control_1,-1.5757426143928548,-8.234903895981418
2024-07-11,26.60879225131026,25.5547778371066,19.802081270612977,21.125581009756267,4.128036394631228,134.9745742409316,control_1,-1.3234997391432906,1.0540144142036603
2024-07-12,28.59274439039447,25.261540350657217,20.51860524338679,34.336407338798416,2.8145321412818842,103.57196074503588,control_1,-13.817802095411626,3.3312040397372513
2024-07-15,17.983691828441785,18.554558988598036,13.826901919528368,23.315523969645128,3.7674028508385757,112.73222677800305,control_1,-9.48862205011676,-0.5708671601562507
2024-07-16,30.945908656527877,18.47939198917183,14.262158808098306,33.384075032726145,3.8659446326916203,129.38027753234803,control_1,-19.12191622462784,12.466516667356046
2024-07-17,23.77555419502151,27.328877640858053,21.17240007561532,31.20193802639365,2.4489832334525357,352.47407609131676,control_1,-10.029537950778327,-3.5533234458365435
2024-07-18,34.96320808072273,26.072336030125808,25.85404868325657,31.43984242966738,2.5637105676426675,100.83692208407592,control_1,-5.585793746410811,8.890872050596922
2024-07-19,21.75706624357246,16.680911869772615,16.887403051530857,22.906089271203637,2.7930003482233268,123.22147265755581,control_1,-6.01868621967278,5.076154373799845
2024-07-21,17.26357801899562,20.180691450165238,26.407844515267946,15.7618130658941,3.7118763939928936,326.41763666037923,control_1,10.646031449373847,-2.917113431169618
2024-07-22,15.433390999166885,29.413821520696242,20.50397022755089,22.424633029388023,3.097571485962443,338.6437608407554,control_1,-1.920662801837132,-13.980430521529357
2024-07-25,36.316980547294406,45.23736388867988,34.12177103136228,40.179167027273444,3.157819470954311,73.10486629219082,control_1,-6.057395995911165,-8.920383341385474
2024-07-26,24.928874420061963,22.5059587872748,21.692936824225978,24.12634574496541,2.481271276133108,109.33240448829076,control_1,-2.4334089207394314,2.422915632787163
2024-07-27,29.654603674587687,28.196843451522827,33.55206395044186,29.515149494650203,2.6909857136972097,143.80789582370198,control_1,4.03691445579166,1.4577602230648594
2024-07-28,16.568545987486814,16.499363771791646,15.616926296459381,16.020662290384095,2.040574187971173,86.52369874144699,control_1,-0.40373599392471426,0.06918221569516803
2024-07-29,15.568377626743366,12.438311524314978,18.401359953881546,14.424411286115362,3.578876382705631,115.8400935792734,control_1,3.976948667766184,3.1300661024283887
2024-07-30,15.932273175133108,15.411072893511369,15.798882223620716,15.60992732947282,3.7429340914868665,119.9793788180898,control_1,0.188954894147896,0.5212002816217396
2024-08-04,15.85354291379882,10.341893727641954,10.973318045790029,14.073635988586217,3.39617407586772,112.96954101816073,control_1,-3.100317942796188,5.511649186156866
2024-08-05,20.36953212828997,12.528918995612248,18.78625996042041,16.401554168929138,3.3371859581921512,345.26691121813417,control_1,2.384705791491271,7.840613132677721
2024-08-06,36.88659305052368,31.350023669759555,29.082253721228113,29.99044104032554,2.7879119883607264,90.44859656280397,control_1,-0.9081873190974257,5.536569380764124
2024-08-07,36.32244212867423,27.276578262800804,20.4350520195668,31.320434460659904,4.4807397626228385,129.32417382719285,control_1,-10.885382441093103,9.045863865873429
2024-08-10,17.113198468701412,20.429200526769705,16.025227730625012,19.974654390412674,3.2098073682622696,114.4499811718988,control_1,-3.9494266597876617,-3.3160020580682925
2024-08-12,28.250528205858906,19.319073498154548,17.61946126986144,32.92745662935195,3.400560142315691,102.00012766888824,control_1,-15.307995359490512,8.931454707704358
2024-08-13,19.528728527379677,18.892381378192496,20.14609937752915,24.892693597528694,3.6501336379406135,103.87265149345183,control_1,-4.746594219999544,0.6363471491871806
2024-08-14,22.047353646452617,17.747599169152878,16.38658114452493,20.518053989986818,3.4091853705878146,124.13948240244542,control_1,-4.131472845461889,4.299754477299739
2024-08-15,24.668751799380328,24.314230632502223,16.539754858235177,32.03681727483712,3.2985992209833714,109.53641824949909,control_1,-15.497062416601942,0.3545211668781043
2024-08-16,18.261456788553026,13.904049723815639,20.133821832584214,23.645811114774688,2.2986116525389746,109.0363372640536,control_1,-3.5119892821904735,4.357407064737387
2024-08-17,11.620943282359661,21.27600845975604,17.987404728009793,14.070263893959618,3.3060865358523888,336.1582953747891,control_1,3.9171408340501745,-9.655065177396377
2024-08-19,20.966218187531094,32.13540345246702,26.318358170586823,23.621595268677257,3.0273009351885376,38.46489422666133,control_1,2.6967629019095654,-11.169185264935923
2024-08-20,18.71871166809286,11.459218228662229,18.428117472080327,11.831408463254203,3.53163884104777,123.594269468785,control_1,6.596709008826124,7.25949343943063
2024-08-21,15.2596376234678,12.497301245361436,12.137159125314334,11.904656929128503,4.771725818011638,129.43206043437976,control_1,0.23250219618583046,2.7623363781063635
2024-08-22,14.163743987416385,21.76748273969155,18.1960529418145,12.09351361728004,4.582355211325169,354.595418875152,control_1,6.10253932453446,-7.603738752275163
2024-08-23,18.81475168571983,13.435846097694538,8.549979661569587,20.989025361918262,3.3534603618430188,84.1517015006163,control_1,-12.439045700348675,5.378905588025292
2024-08-25,18.747638899508697,16.289803791819303,13.368140848441282,13.896642289111801,3.9236662886509586,126.45647719196529,control_1,-0.5285014406705191,2.4578351076893945
2024-08-26,18.842783582479477,10.763112225931172,14.92080198939514,20.255408544396307,2.498080733750563,104.75435765153037,control_1,-5.334606555001168,8.079671356548305
2024-08-27,20.457845511923793,18.589646782612817,19.959664994575558,18.04672146902403,3.8401876232214556,354.92390200065665,control_1,1.9129435255515297,1.8681987293109756
2024-08-28,28.06036286822558,16.3469297973781,16.94253230996501,21.84542784483782,5.0846325302167985,132.1572876821068,control_1,-4.902895534872808,11.713433070847483
2024-09-01,19.752975707781033,20.95836045664568,14.596618637447738,17.742611916935292,2.512400632025976,346.18196667767995,control_1,-3.145993279487554,-1.2053847488646454
2024-09-02,30.84893501324006,33.83147098620053,37.27107065070494,28.36073779829802,2.4979895592803336,79.08199427406225,control_1,8.91033285240692,-2.98253597296047
2024-09-04,18.47364684947361,15.766029464507563,13.531099928297307,17.12760559131065,2.4500940519632888,116.99560855625094,control_1,-3.5965056630133443,2.7076173849660474
2024-09-05,19.126809652240294,20.845408965071943,18.15406960818737,20.371602542163618,3.3303374544605253,337.99887017001777,control_1,-2.2175329339762477,-1.7185993128316497
2024-09-06,19.65179647790127,18.950984315359385,21.44839722122357,21.761631353541944,2.408793733893635,344.71287366750744,control_1,-0.3132341323183745,0.7008121625418866
2024-09-07,34.75369310677886,28.990709305035182,16.773697768821847,22.94270572780516,2.1653127614750245,16.784375810681354,control_1,-6.169007958983311,5.76298380174368
2024-09-08,21.2431522419987,22.01406065129626,17.634236433127587,20.705583675228763,4.682024089541252,357.80017915674523,control_1,-3.071347242101176,-0.770908409297558
2024-09-15,12.389490696397639,18.077413811006316,23.65917228396738,20.3410941173087,2.247771225521767,107.2813539428301,control_1,3.3180781666586796,-5.687923114608678
2024-09-20,19.466420685397832,23.722774194561563,21.1112449855346,23.341223074660622,4.425431632124019,122.99329071262412,control_1,-2.2299780891260212,-4.256353509163731
2024-09-21,15.557966253174218,15.557838883021915,18.60998419488912,15.28128983614667,3.2055155866455753,115.73567424561372,control_1,3.3286943587424496,0.00012737015230257498
2024-09-22,40.09155293941762,48.77278515320652,23.51076518803111,34.30237698766422,2.7551188325156613,119.80655586369738,control_1,-10.791611799633106,-8.681232213788903
2024-09-23,15.988203097199838,21.96751686804112,26.291204313805434,26.444840123492966,4.7782185290576376,128.0436321708454,control_1,-0.15363580968753254,-5.979313770841282
2024-09-24,6.937569448687936,13.199477493613045,13.766781746179717,13.675429621542564,4.033874946418523,335.3655912975992,control_1,0.0913521246371527,-6.26190804492511
2024-09-25,16.20307826033661,21.068587891676394,15.613434126561211,18.44097155265065,4.279223843078908,340.8879004506413,control_1,-2.8275374260894406,-4.865509631339783
2024-09-26,15.147624174886129,19.39903808906369,14.623455895139067,9.319458136336584,3.4618879262269835,136.29815492812168,control_1,5.303997758802483,-4.2514139141775615
2024-09-28,22.260717504498288,31.297056800894747,29.595879485844673,28.519956476985843,4.21315237741587,332.5762071170584,control_1,1.0759230088588296,-9.03633929639646
2024-09-29,25.74003632606016,16.31815000004429,20.242988270801117,18.983424648620517,5.344978768408995,128.20242134858847,control_1,1.2595636221806004,9.42188632601587
2024-09-30,29.322730497739766,22.945774308325717,30.910785274186843,29.82422440294282,4.589523305416677,126.40036945970837,control_1,1.0865608712440213,6.376956189414049
2024-10-01,27.300874994873304,21.949090988044933,33.24913761991946,27.978900934448664,2.9586257293300053,343.2672020205,control_1,5.270236685470795,5.351784006828371
2024-10-02,27.166159192594982,19.02307116197185,24.448833941499068,29.429785130814203,4.886027833927375,135.95833493058666,control_1,-4.980951189315135,8.143088030623133
2024-10-04,15.577057325509726,17.143692261154726,28.098638283296033,18.194533486309417,4.258172626109358,340.9048028687003,control_1,9.904104796986616,-1.5666349356450002
2024-10-05,19.664261264928818,14.401143292506509,22.685539316628425,17.7591768767732,2.527774332788823,122.21915077298479,control_1,4.926362439855225,5.263117972422309
2024-10-08,19.053736421972655,26.003730949858422,20.84968051584801,20.84125810905025,2.6307450110596733,351.2200283264697,control_1,0.008422406797759407,-6.949994527885767
2024-10-13,27.415639715402317,23.39763683060703,26.822920523752966,27.818431874763956,2.492645984249521,118.18961526201741,control_1,-0.9955113510109896,4.018002884795287
2024-10-15,16.92694671326077,24.21215075871766,13.581634906800478,18.582713472659965,3.660734524230165,338.49596279762284,control_1,-5.001078565859487,-7.28520404545689
2024-10-18,20.256490721428825,16.188301694711846,19.7281457269273,26.74407370112598,5.066845011426632,132.27678219296763,control_1,-7.015927974198682,4.068189026716979
2024-10-20,19.844529400485357,25.567155643906695,16.024795573764663,16.742008140512926,2.3728242603777305,347.82455767085503,control_1,-0.7172125667482625,-5.722626243421338
2024-10-24,24.640944393077554,29.714084455918897,36.541324011046946,27.773051845124716,2.636955432125934,116.31328696641924,control_1,8.76827216592223,-5.073140062841343
2024-10-26,19.98896307356102,20.628589788279815,25.016944099650765,15.615928110719429,2.9714045736111983,332.6449064986499,control_1,9.401015988931336,-0.6396267147187942
2024-10-27,23.837450524114466,29.788242348404264,26.395712882524943,17.82134515512638,3.1185292937812186,30.576286711726766,control_1,8.574367727398563,-5.950791824289798
2024-10-29,8.566673642223787,0.3662172169033979,5.167951435867203,5.235501778825743,6.858989489630773,135.1949056910762,control_1,-0.06755034295853957,8.20045642532039
2024-10-30,11.082908295727277,12.102157914453988,15.446571950627327,5.185778920582856,4.59825824227761,331.2060031407078,control_1,10.260793030044471,-1.019249618726711
2024-11-01,15.981651371334546,8.511257198098923,10.191061663440788,12.11524678483132,6.858227847679703,315.75604559298563,control_1,-1.9241851213905328,7.470394173235624
2024-11-03,24.12193453947319,15.3863997909024,20.894504308254884,18.32464007992915,5.496484157513359,144.04463389252015,control_1,2.5698642283257342,8.73553474857079
2024-11-05,12.317442493995785,7.137702356791238,10.715528781488935,11.109957936601916,6.447105435370835,135.01179119149833,control_1,-0.3944291551129808,5.179740137204546
2024-11-09,34.052752240668575,34.43930454832246,38.94871039698321,31.925939790572034,2.1353726134961097,328.60626284212447,control_1,7.022770606411175,-0.3865523076538864
2024-11-12,30.923616736941913,13.489990839496347,16.732666870181298,25.60601896306368,5.106790857243612,120.35104693589756,control_1,-8.873352092882381,17.433625897445566
2024-11-16,20.375100248318947,19.834082798808105,20.97752893185007,21.571742896314603,5.009579745305271,129.7819393697834,control_1,-0.594213964464533,0.5410174495108429
2024-11-19,8.35954733139125,3.140055882020458,9.980284272852971,4.957108516535637,4.3486787544602885,308.3094485639508,control_1,5.023175756317334,5.219491449370792
2024-11-27,26.152906633950515,11.691386098518679,25.99565702023709,33.9943015862996,3.2001498480411184,123.91049894431808,control_1,-7.998644566062509,14.461520535431836
2024-12-08,7.247089939110319,9.072730486463275,7.278624089698803,10.537694143073269,3.6671437026626137,117.8376927303434,control_1,-3.259070053374466,-1.8256405473529558
2024-12-09,8.151912426310203,-4.676431572231736,-5.229098988664103,4.643800093863444,4.249478968563482,138.33665532826706,control_1,-9.872899082527546,12.82834399854194
2024-12-10,28.673458137254713,13.978589823133825,21.3763856847958,20.803901711940473,2.164146634476258,146.34287308850435,control_1,0.572483972855327,14.694868314120887
2024-12-18,12.4452345567222,27.515308340767312,25.757055355244994,9.427074516758692,2.6393166869296674,306.04555419950833,control_1,16.3299808384863,-15.070073784045112
2024-12-20,25.20521871192903,34.307730622958786,36.772398717731356,35.46853470331703,2.3177981508275223,307.25645812161423,control_1,1.303864014414323,-9.102511911029755
2024-12-23,30.713329238185395,22.965067800449994,18.540665091521138,27.40547790334434,2.2042102157486316,135.81939892116998,control_1,-8.864812811823203,7.748261437735401
2024-12-30,28.905336375361383,10.165517753268686,13.384575536974308,20.083834935066847,3.2771823716371884,129.24576639380723,control_1,-6.699259398092538,18.7398186220927
2025-01-04,3.6238668861157888,5.297691034802414,7.464908979025461,14.55008513268712,4.50211206961547,122.98343037618878,control_1,-7.085176153661658,-1.673824148686625
2025-01-06,23.72131760606501,3.879132358187192,14.752701825915876,6.577500191793313,4.087650287030665,132.20186146174552,control_1,8.175201634122562,19.84218524787782
2025-01-11,15.250245939344337,4.944413498069007,14.01362579171014,15.193442732904733,6.328201535125053,128.3421974571611,control_1,-1.1798169411945931,10.30583244127533
2025-01-13,33.4337914406146,28.180757792804577,71.76212669803537,31.897806529131056,4.565111868510245,132.4539222556254,control_1,39.864320168904314,5.253033647810021
2025-01-15,1.7826461691837139,5.878016591121427,-2.3099877362277255,10.825363654516595,2.65230752520053,321.0203534189082,control_1,-13.13535139074432,-4.095370421937713
2025-01-17,11.468448643461132,9.16051543227579,8.671576776422107,11.697208704671622,6.114931035871779,133.36366332555178,control_1,-3.025631928249515,2.3079332111853414
2025-01-18,26.613256701972638,-0.45546301296728586,19.367073543433268,34.8646639172239,2.941558069155775,129.1711693444845,control_1,-15.497590373790633,27.068719714939924
2025-01-22,50.586486838143685,18.169193100000314,43.16209578162673,45.221566032595824,3.330895701500849,141.25507366281067,control_1,-2.059470250969092,32.41729373814337
2025-01-23,6.105991589237842,16.259194444784708,10.52795693839158,10.851816470445668,2.5819809922901302,313.1266221634364,control_1,-0.32385953205408846,-10.153202855546866
2025-01-24,70.12002712596903,21.708656027123407,40.79141339299503,45.18751012357833,3.928095607036338,130.60666294961771,control_1,-4.396096730583295,48.41137109884562
2025-02-05,22.25790331698498,12.450579956910907,16.68442584322244,28.342744516576484,4.187329662008278,105.14825943448022,control_1,-11.658318673354046,9.807323360074072
2025-02-07,23.032405178195027,12.529205478894124,12.366687048581976,21.36452226452624,6.224048785652787,100.96682564096284,control_1,-8.997835215944264,10.503199699300904
2025-02-10,33.73569766532104,3.1715198276763488,13.839294412572722,53.063765094086946,3.3243202454337135,133.42218963197706,control_1,-39.22447068151423,30.564177837644692
2025-02-11,18.273796788864296,2.668378995947912,19.407422946025005,29.564842282529202,4.8539973276370425,129.48674815445577,control_1,-10.157419336504198,15.605417792916384
2025-02-12,74.99606605918504,1.0271413694730553,6.365144016688392,133.6144773369778,2.138839745060428,131.83440294613206,control_1,-127.24933332028942,73.96892468971198
2025-02-15,10.203898427804612,-2.101990656330529,-0.6527980551319599,12.405719893265427,3.0994968617074723,126.02039506790669,control_1,-13.058517948397387,12.30588908413514
2025-02-20,17.06503302807937,9.637412305453703,9.150237027377996,13.879134563881996,5.821877793316977,132.0849633781266,control_1,-4.728897536504,7.427620722625667
2025-02-21,8.686294685109191,36.89633210312979,13.948543495789956,2.7472770048666733,2.214156113717499,336.18240062336264,control_1,11.201266490923283,-28.210037418020597
2025-02-22,17.64702321692907,20.14240140647355,20.377882897886984,18.90000026285384,3.8662002437829956,315.8069125661309,control_1,1.4778826350331435,-2.4953781895444784
2025-02-27,6.143821412211012,25.112119482319372,22.017052291658107,18.601565813283077,4.390246507216995,327.10870762321525,control_1,3.41548647837503,-18.96829807010836
2025-03-01,17.286211170714214,27.36519614338245,17.92992905811567,17.511052469165907,2.1368618894375686,338.1384567691208,control_1,0.418876588949761,-10.078984972668238
2025-03-03,23.783392865174537,11.813959786827,18.822034853731072,19.480267074780873,8.037699553899612,140.77408773849038,control_1,-0.6582322210498006,11.969433078347537
2025-03-06,28.852600563117868,11.281657896972321,12.681745299078605,8.209928419698674,6.00758633163942,143.0091113658612,control_1,4.471816879379931,17.570942666145548
2025-03-07,29.062526873056306,14.51832300981503,22.144499275644183,25.173118071337292,4.646053055771369,135.21475737471258,control_1,-3.0286187956931094,14.544203863241277
2025-03-09,8.60200291188732,19.860017468184893,12.587692841655027,19.140191950510715,5.931059287757703,322.39258462691134,control_1,-6.552499108855688,-11.258014556297573
2025-03-10,29.13994137569514,23.34632636036587,28.753113454537758,39.870273003167334,2.7131272165869116,107.94254471501847,control_1,-11.117159548629576,5.793615015329269
2025-03-18,28.68849997694353,13.129165847634535,21.83437942568582,17.488794987495876,6.19145420571632,126.89622178656595,control_1,4.345584438189945,15.559334129308994
2025-03-19,20.837455161030398,30.521342368528323,22.787660252436982,19.397844270778847,5.992491092962977,319.6903968328588,control_1,3.389815981658135,-9.683887207497925
2025-03-20,24.643719380666234,18.292072209682388,30.938742827718432,24.64371940312184,4.359516980311303,108.43041452167154,control_1,6.295023424596593,6.351647170983846
2025-03-22,19.15691497134102,16.58620945014929,17.669442926099066,17.09437832902797,4.515265974899552,128.78897425515066,control_1,0.5750645970710977,2.57070552119173
2025-03-24,27.94629645729306,15.112617596532049,16.38804864800743,29.457739603117393,3.2056963984216127,118.92174453367181,control_1,-13.069690955109962,12.83367886076101
2025-03-25,15.961864898001016,30.729390876833758,26.864426265849424,25.070950136962438,2.6286059409887814,322.85270776714196,control_1,1.7934761288869865,-14.767525978832742
2025-03-26,21.215655156452705,31.576614595697045,29.73073627137843,26.7535006810471,5.154664131765161,313.6343942828823,control_1,2.977235590331329,-10.36095943924434
2025-03-28,17.986803032612183,16.992887769653667,18.296552069432053,24.573183306705555,3.273875953900109,98.9651476462559,control_1,-6.276631237273502,0.9939152629585166
2025-03-30,23.05675505745016,24.442271966162785,22.462845180562816,20.03991400987615,4.36587168839741,320.3265100771202,control_1,2.4229311706866667,-1.3855169087126242
2025-04-01,24.04754345786309,15.400056620197121,19.75632116295991,17.68604618407774,3.018833398481986,125.6217642292828,control_1,2.0702749788821713,8.647486837665967
2025-04-02,21.419332733734485,12.08896353079677,17.823433886024752,13.44459837125686,4.187951651613746,135.75631967394452,control_1,4.378835514767891,9.330369202937716
2025-04-03,34.15288719774536,15.576131255890706,16.736065074062125,27.08210015295766,5.22999395150249,122.64619726031697,control_1,-10.346035078895536,18.57675594185465
2025-04-10,15.926342351678114,22.08299339138484,18.11984685661949,21.33867195510768,5.617243341134912,315.91430953323436,control_1,-3.2188250984881925,-6.156651039706725
2025-04-12,18.483148113270854,15.63074981610915,19.87277910493441,17.041526768143054,7.023440834958644,132.49337980901362,control_1,2.831252336791355,2.852398297161704
2025-04-13,12.708013830258123,10.691727277973527,15.253047602105957,10.815049868510503,3.766715253970594,137.52081347076341,control_1,4.437997733595454,2.016286552284596
2025-04-14,16.02873616584605,25.65579338909172,18.632299342905014,22.922277150692683,4.071711428470475,318.83712171453715,control_1,-4.289977807787668,-9.627057223245671
2025-04-16,14.943647047118137,7.931761498540637,13.135685362072097,17.370477785780924,5.252242131375836,126.75106503035266,control_1,-4.234792423708827,7.0118855485775
2025-04-17,13.948278965016963,15.269093767888103,14.99793614715766,14.306871494077852,7.421895173654838,161.6035515257022,control_1,0.6910646530798079,-1.3208148028711406
2025-04-20,19.064989968587728,18.11712280325343,18.647792213240933,15.97685087862997,4.0727767083902995,108.35766134974324,control_1,2.670941334610964,0.9478671653342978
2025-04-21,25.970192046973256,29.006855141063518,28.19614688767485,27.017029236766135,4.853344379129771,117.72365584886967,control_1,1.1791176509087151,-3.0366630940902617
2025-04-22,30.67949479572163,17.032585221026885,22.60920073431871,23.324025874525788,2.639817516040652,124.38573935963245,control_1,-0.7148251402070791,13.646909574694746
2025-04-23,11.747943761442707,17.406161329287293,11.637171313224924,15.313253786991924,4.18303778416787,129.46000382651846,control_1,-3.676082473767,-5.658217567844586
2025-04-30,29.186157660987888,14.863369833440265,24.034231106292495,24.002212126043293,4.503448472194495,130.1790114377318,control_1,0.03201898024920169,14.322787827547623
2025-05-02,21.82792355029346,36.53846468818112,31.155859652396572,18.483504834732933,3.6485522501312824,336.00574863622785,control_1,12.672354817663638,-14.710541137887663
2025-05-03,19.328388314552136,19.516592788900986,19.531429321174585,18.214535646097975,4.0257683652141605,137.18456926495708,control_1,1.31689367507661,-0.18820447434885068
2025-05-04,22.699453634721614,21.136741919312062,17.079671299534983,7.768454166826371,6.297416850967655,135.5881100696614,control_1,9.311217132708613,1.5627117154095522
2025-05-05,23.118256134385483,22.505357587455915,24.79198171805129,20.823440272844504,8.174040133198273,151.12368888533172,control_1,3.9685414452067853,0.6128985469295678
2025-05-07,35.328092532930484,26.163210845434676,34.56895874650299,35.53025839229484,3.4599486620925766,3.933673012893678,control_1,-0.961299645791847,9.164881687495807
2025-05-08,24.116082161786064,23.559303131931458,23.656181418733933,24.82596130852853,4.073852064254226,130.14204512163417,control_1,-1.1697798897945972,0.5567790298546065
2025-05-09,20.043900312260323,21.888696315023093,20.201747663751654,33.767938630017106,3.6832572664514434,352.96174659332183,control_1,-13.566190966265452,-1.8447960027627701
2025-05-14,19.687436728890077,10.79703435815723,25.020350775588884,3.7199261013856533,6.704552488575963,124.16775441560765,control_1,21.30042467420323,8.890402370732847
2025-05-15,26.61911761483696,23.571663735020625,29.85641536633589,28.068588837579913,5.155194252914555,120.0003000467724,control_1,1.7878265287559785,3.0474538798163344
2025-05-16,17.092172665542446,19.508067907185545,18.226245828021764,24.325953115301584,3.2859557308917933,104.9619959889393,control_1,-6.09970728727982,-2.415895241643099
2025-05-18,18.881499912741397,15.40000525007114,19.723864810789813,18.1750618718335,7.8412606544402195,124.11603922226175,control_1,1.5488029389563138,3.481494662670256
2025-05-19,34.87632294142393,28.022438751502445,30.487524580765985,33.307578960564186,3.142312325321896,109.2618754491292,control_1,-2.8200543797982007,6.853884189921484
2025-05-20,11.561669651070254,11.267628301764361,17.712967770960237,20.630205525620546,4.611701244606295,126.42459996147278,control_1,-2.9172377546603094,0.29404134930589265
2025-05-21,23.737424764996263,34.65538324396805,30.798785143247528,37.198748543250254,2.3670816752924986,98.15862153958159,control_1,-6.399963400002726,-10.91795847897179
2025-05-22,24.772545135912065,27.508945348792995,27.04759506416045,28.896863537832566,4.266464480501675,109.04440370044716,control_1,-1.8492684736721152,-2.7364002128809304
2025-05-24,19.91082880004584,26.015009591911188,19.323762110228177,16.236950359210706,3.317235810643254,124.2828881218768,control_1,3.0868117510174713,-6.104180791865346
2025-05-25,20.098433192863435,18.177115631141255,21.776666318089212,20.344100667686728,2.390041206176167,355.55681317384176,control_1,1.4325656504024842,1.92131756172218
2025-05-26,8.204370738466505,25.832664626773806,18.423476914176394,28.39331646564708,5.700721003559758,127.46351993200022,control_1,-9.969839551470685,-17.6282938883073
2025-05-27,25.512277747436165,24.96038191645919,22.554462420778364,24.61969761302583,4.066706291238944,125.94847125209066,control_1,-2.065235192247467,0.5518958309769744
2025-05-29,36.30370655547729,39.27847374166222,37.081888377815915,48.448000133405856,3.3106964146829085,86.68615417789766,control_1,-11.366111755589941,-2.974767186184927
2025-05-30,34.50358310360754,30.98749997539632,34.074142992967246,27.003857706878907,4.200495731443298,133.24381714929632,control_1,7.070285286088339,3.5160831282112177
2025-05-31,21.989591760766057,12.596455807737795,17.252477980745642,21.563607764093025,3.7841522433063335,335.3012162402868,control_1,-4.311129783347383,9.393135953028262
2025-06-01,20.256659154196647,23.824928252423554,21.374991950587674,18.478912856610737,6.092989310302158,130.80423957208063,control_1,2.8960790939769367,-3.5682690982269065
2025-06-02,25.23712872647184,26.18402376309475,21.123992621657575,21.720487956500175,6.343010567223217,136.23509498542148,control_1,-0.5964953348426008,-0.9468950366229087
2025-06-03,35.6772984538114,28.124228367462788,23.7681219247786,31.818996860079082,5.638960854222042,128.73765362720758,control_1,-8.050874935300481,7.553070086348615
2025-06-06,33.833765596156326,31.286337278211338,28.034341419441166,23.02679422786928,2.82704986188903,115.43611633624892,control_1,5.007547191571884,2.5474283179449877
2025-06-07,18.94281720592256,20.292760970364455,15.241048112163474,19.86017865415609,4.178350292531038,125.75258656525648,control_1,-4.619130541992616,-1.3499437644418961
2025-06-08,15.739892505086786,12.254957974362698,18.20167383134513,14.799145155274744,4.3749485839213715,123.69894922623314,control_1,3.4025286760703857,3.4849345307240878
2025-06-09,20.56039355446013,19.422395076459964,16.593493468337986,21.939045737310067,3.1092663264127327,123.28746477253128,control_1,-5.345552268972082,1.137998478000167
2025-06-10,23.622780494462898,24.95198824415998,20.33632857354003,29.2423271898625,3.997806689202194,123.1316304370597,control_1,-8.90599861632247,-1.3292077496970833
2025-06-11,25.626309532076075,28.906821659823986,22.63359614240471,30.175399267385917,2.4077523831419665,110.80236492977343,control_1,-7.541803124981207,-3.2805121277479117
2025-06-12,22.467045759219225,23.141392777886665,12.803517154878682,24.31336355730275,3.3903804397775037,119.94523170152775,control_1,-11.509846402424069,-0.6743470186674401
2025-06-13,29.05555255680307,26.802810532965285,17.66080912989706,38.167198141011596,2.945024962189688,73.5024539289239,control_1,-20.506389011114535,2.2527420238377864
2025-06-14,22.013451828831094,21.743380388991888,23.634543015246372,20.78881441267129,3.15231263822534,121.67810771884217,control_1,2.8457286025750825,0.27007143983920656
2025-06-15,4.977896707722952,11.089987881322504,9.062716797009832,11.109251100885627,3.271940553818927,102.06612009296975,control_1,-2.046534303875795,-6.112091173599552
2025-06-16,13.318241454484886,12.359157080118704,12.06220401614215,15.035188717867706,3.1222408432918947,118.22907239431049,control_1,-2.972984701725556,0.9590843743661814
2025-06-17,28.932109854075662,22.698329902513983,20.611558855371438,27.05330311131126,3.9176993119364982,119.38565194672776,control_1,-6.44174425593982,6.233779951561679
2025-06-19,27.395769582361886,22.09846164178921,18.045509729638457,21.524853858782123,3.393908644256438,122.51860754409557,control_1,-3.4793441291436658,5.297307940572676
2025-06-22,11.276204785577391,5.723184749059147,-2.503421604529182,6.988847115227903,4.776617217745567,115.71940730363207,control_1,-9.492268719757085,5.5530200365182445
2025-06-25,20.98524434391478,26.08986210743586,22.241290750869204,25.980496371611007,2.9392291832943642,32.07039662644638,control_1,-3.739205620741803,-5.10461776352108
2025-06-26,15.34289030526286,11.505460851975998,12.419936179278272,13.968247203308538,4.1131014044349845,122.27297225554679,control_1,-1.5483110240302658,3.8374294532868607
2025-06-27,10.299937304539931,9.989993604756588,5.912793649739857,14.307849418744167,4.257982288073638,117.58719278709157,control_1,-8.39505576900431,0.3099436997833429
2025-06-29,19.002533800830292,13.730586499107849,16.354817479372883,22.406337956252592,3.9985442629762966,126.1745656225894,control_1,-6.051520476879709,5.271947301722443
2025-07-02,26.34734711830617,16.41597381402101,19.11420050403999,23.91897289186265,3.145179966739086,69.69962917234005,control_1,-4.804772387822663,9.93137330428516
2025-07-03,20.503562172148747,17.09966222029999,13.268580822604992,19.715477074783344,3.81602632028794,120.26096606378758,control_1,-6.446896252178352,3.403899951848757
2025-07-05,23.95764420272569,22.344530228400302,22.12012817930357,25.0956619966982,3.5774801233215046,117.28674635727106,control_1,-2.9755338173946306,1.6131139743253868
2025-07-06,23.274241082089997,18.89548098588812,21.28820165255854,23.958997359089828,3.81702628639669,117.08797005961446,control_1,-2.670795706531287,4.3787600962018765
2025-07-07,22.34889544735448,15.998961789587947,19.98361727502411,22.118009028723254,2.3254086364997013,115.35699495546032,control_1,-2.134391753699145,6.349933657766533
2025-07-09,28.49462519388965,21.54416786338693,21.95289707652763,27.10679909279823,5.038696772522253,125.47250053591722,control_1,-5.1539020162705995,6.950457330502719
2025-07-10,20.655479497162627,18.255061668053763,14.09019860652255,19.07240045235532,5.433779407342009,124.06254433897084,control_1,-4.982201845832771,2.4004178291088643
2025-07-11,20.687214430438203,15.076369322886421,17.826663458501876,19.5313264699589,4.868148628262289,121.05758633210053,control_1,-1.704663011457022,5.610845107551782
2025-07-12,17.53269910062291,14.086361147612932,17.714827362058934,16.946903241546604,4.871391865303019,123.67545211629556,control_1,0.7679241205123297,3.4463379530099782
2025-07-13,13.769399688612038,12.05339099048437,13.641153696512015,20.431406824292488,4.64553713775604,118.66572270300367,control_1,-6.790253127780472,1.716008698127668
2025-07-14,15.399714824265006,17.16009976356253,15.521659016077894,17.546584603786737,4.935342706948437,122.78513909091839,control_1,-2.024925587708843,-1.7603849392975253
2025-07-15,19.63787543151323,19.36976279815587,24.768763728709718,7.567437689875138,5.236722661596271,128.05879149885106,control_1,17.20132603883458,0.268112633357358
2025-07-16,29.847262325483683,22.571927794415636,20.324304330211387,24.02911733479176,2.6822710916671757,101.47606713397334,control_1,-3.704813004580373,7.275334531068047
2025-07-17,19.36755057376547,16.565558577734812,15.55116375141401,19.54284848304469,3.5586999512401927,127.95157122301526,control_1,-3.991684731630679,2.801991996030658
2025-07-18,20.413333111767635,17.45597975702328,19.022185650770542,24.781306497301973,4.017281728819201,114.94541675704033,control_1,-5.759120846531431,2.957353354744356
2025-07-19,101.79668747078179,11.35764742045286,41.78102101745193,11.145382858264982,4.523174597858961,112.43035928833979,control_1,30.635638159186946,90.43904005032893
2025-07-20,5.74807359562533,6.2991346789343945,8.10319143360761,16.405543859127885,3.679434011820637,117.06989367215391,control_1,-8.302352425520276,-0.5510610833090643
2025-07-22,19.90614509015473,11.321056911698701,11.327087142151601,18.54943527577908,3.4488111903765706,115.38345212446848,control_1,-7.222348133627477,8.58508817845603
2025-07-23,14.41390872243065,8.468466277360411,14.999832671821553,13.653473939210215,3.9088764171459593,132.06229756983237,control_1,1.3463587326113373,5.945442445070238
2025-07-24,23.939321879887373,16.28470484106461,20.799293140970892,25.284540504484795,3.5284936859440865,136.3991247609781,control_1,-4.485247363513903,7.654617038822764
2025-07-25,21.053347524885556,27.324433751497573,20.240681096819007,26.579737407952766,2.857559355387417,112.52093783008235,control_1,-6.33905631113376,-6.271086226612017
2025-07-26,16.337521648064953,15.574014143570142,20.714844282224078,21.938715369508884,3.48316784508008,112.22201241037925,control_1,-1.223871087284806,0.763507504494811
2025-07-27,18.752897191552353,18.494301169955687,20.974409940885586,22.079373672118457,2.661878124746145,110.53690167053554,control_1,-1.1049637312328713,0.2585960215966665
2025-07-28,20.449648180176826,15.455775697559604,12.713339603927805,32.99633557391914,2.8587469624613973,102.04518445849993,control_1,-20.282995969991333,4.993872482617222
2025-07-29,22.323920743231362,20.81808083909352,25.861219001639398,26.15937825246505,2.5973576739033186,95.46926072048416,control_1,-0.29815925082565187,1.5058399041378436
2025-07-30,31.342986678686405,17.414041510975164,20.98240075408653,33.558469895685285,2.4760854616461883,113.63497797429886,control_1,-12.576069141598754,13.928945167711241
2025-07-31,26.26556565830915,23.410888239401835,29.969889670932268,22.11648077920262,2.4774235048535047,144.1579922323108,control_1,7.8534088917296465,2.8546774189073147
2025-08-01,25.22605062592962,24.484349593875223,21.7550844248991,24.338673590581834,2.682221915423078,101.67640905259827,control_1,-2.583589165682735,0.7417010320543973
2025-08-02,19.796046486425542,17.030384836494033,14.323333765480879,18.61131235882345,4.4720726491368294,129.12883167992806,control_1,-4.287978593342572,2.765661649931509
2025-08-04,20.859518603913287,12.514536920113136,16.262485830877022,14.597899678893318,5.43762738840579,124.94286195493066,control_1,1.6645861519837037,8.344981683800151
2025-08-06,26.975192238728056,18.12104857344768,21.667541704805753,25.100818798445367,4.264617139207744,117.45448654956175,control_1,-3.4332770936396138,8.854143665280375
2025-08-07,13.567588717298795,9.973855645030708,13.001743687104888,11.651772116817456,4.721058773782279,112.22606822216744,control_1,1.3499715702874315,3.593733072268087
2025-08-08,17.384067829188954,16.48159377548404,15.05347678694352,26.087411758218376,4.550219639295555,122.53485734774648,control_1,-11.033934971274856,0.9024740537049141
2025-08-09,15.903229845977554,16.15714011583148,14.21478968530304,19.484069862233696,4.176022579091412,119.5096862061639,control_1,-5.269280176930655,-0.25391026985392706
2025-08-10,20.866175021069104,21.014663989042575,15.776517969383956,25.712529184663715,4.227110672079127,121.52161997965129,control_1,-9.936011215279759,-0.14848896797347066
2025-08-11,28.60609253175197,14.50778227329314,18.865375217134993,21.43822778840091,3.026780428580557,111.13610724804369,control_1,-2.5728525712659156,14.09831025845883
2025-08-13,20.185885200431052,14.531690552289643,14.338783809759054,15.733144322724476,4.8251787740223815,125.96984576261565,control_1,-1.394360512965422,5.654194648141409
2025-08-14,16.540170864742993,18.427183948284007,17.598025609413195,10.69964389092588,4.877589588109869,131.3969609422083,control_1,6.898381718487315,-1.8870130835410137
2025-08-15,22.60614345591317,14.658237411325603,17.590721852265816,19.445171883227065,4.553530508685098,130.40204260575547,control_1,-1.8544500309612495,7.947906044587567
2025-08-17,13.87729667663749,19.41099489580402,15.754162280312785,21.60918296120773,2.8038486833568914,117.73570416472006,control_1,-5.855020680894944,-5.53369821916653
2025-08-18,17.704243137667053,25.707818816144414,16.66912133912193,20.172326375528133,2.5476038534420926,12.809612659739855,control_1,-3.5032050364062037,-8.003575678477361
2025-08-20,27.47595384100293,19.039687519391148,18.866311980080198,28.475173779894373,5.707565661619538,131.20792145297935,control_1,-9.608861799814175,8.436266321611782
2025-08-21,22.764691598857247,12.866511809837363,21.825979192234087,20.809904563588127,4.408162894837053,128.3643332984371,control_1,1.0160746286459599,9.898179789019885
2025-08-22,31.87744227568065,23.946746547120043,25.346243683890414,39.17485229717882,2.6011168192852843,109.75622153586067,control_1,-13.82860861328841,7.9306957285606074
2025-08-26,30.720698041889012,19.087508087970118,24.58372128491227,31.697759768083934,2.2316556777647585,18.400880697841274,control_1,-7.114038483171665,11.633189953918894
2025-08-28,20.11525402802468,15.439894243932626,14.774183922207717,21.45817867450984,2.5137609179485474,114.38879855485663,control_1,-6.683994752302121,4.675359784092054
2025-08-31,24.13733552296357,25.684817257016515,27.30653213491293,21.589541945943964,5.543013673474333,323.64632299269425,control_1,5.716990188968968,-1.547481734052944
2025-09-01,23.590327885940546,28.016183012250487,21.96477762034211,24.932541547259213,4.555024091436705,317.9180928098341,control_1,-2.967763926917101,-4.425855126309941
2025-09-02,29.19221894695421,33.877155128734216,29.011419827722545,24.995243145384457,2.726375199590779,340.83988848592287,control_1,4.016176682338088,-4.684936181780007
2025-09-04,37.499736543197734,26.481414961285015,37.21403754037753,25.260796362374037,2.871041786649993,120.9527749659128,control_1,11.953241178003495,11.01832158191272
2025-09-05,20.849093788536244,27.711493613594477,22.53440691256612,23.38703866602496,2.9536987663485714,358.39167711813786,control_1,-0.8526317534588408,-6.862399825058233
2025-09-06,16.934378380969022,11.900924411298718,19.786896007582573,21.41980795013219,2.697347673764541,239.60931806686418,control_1,-1.6329119425496152,5.033453969670305
2025-09-07,19.551368643601652,21.42861030971276,20.495799843035424,24.911668412026117,2.1938720263937994,30.830024752047393,control_1,-4.4158685689906925,-1.8772416661111073
2025-09-08,20.310832477026644,23.13569709062347,18.700951532924627,15.673662482369293,2.1501494072543084,5.8970480089436705,control_1,3.027289050555334,-2.8248646135968265
2025-09-11,22.715930484406623,21.29460802280005,20.899236899319924,29.88594712016985,2.199830897156239,117.7819925839454,control_1,-8.986710220849925,1.4213224616065752
2025-09-12,40.569732073632395,18.68266354131207,28.582781061655208,32.33107213619079,3.5491055393837256,126.54756833068774,control_1,-3.748291074535583,21.887068532320324
2025-09-13,17.708268147750868,21.054298786874973,19.067669268350475,24.30510605870289,2.9118717437826342,115.87131793934338,control_1,-5.237436790352415,-3.3460306391241055
2025-09-15,27.36950762106679,24.582178436190304,24.06136211999683,29.035589153194717,4.184666050346576,127.38013102120772,control_1,-4.974227033197888,2.787329184876487
2025-09-17,17.006658059253976,20.528791890916875,16.45881003574166,18.854304481101128,2.515120519159784,353.41948971871227,control_1,-2.3954944453594678,-3.5221338316628987
2025-09-18,19.762709067694825,30.85242363299586,21.97389695428907,22.55480863081595,2.635371953867494,345.2270985373951,control_1,-0.5809116765268776,-11.089714565301033
2025-09-22,20.819331375222053,15.434190845788224,17.984319589862697,18.335220047571813,5.108187242548269,132.01859472369756,control_1,-0.35090045770911615,5.385140529433828
2025-09-23,21.81374719421429,26.557714003657715,21.317796621983597,24.35304945129123,3.1006830290832785,338.83852813028,control_1,-3.035252829307634,-4.743966809443425
2025-09-24,12.996864087055055,27.301285280618114,27.69476179479204,16.887310277168826,4.077979066320866,330.989832338601,control_1,10.807451517623214,-14.304421193563059
2025-09-25,21.00746665498649,33.40066730904682,17.99543643317149,21.197934674058295,2.4221481605160866,352.4142385087969,control_1,-3.202498240886804,-12.393200654060326
2025-09-26,25.78227554807716,18.399367566953757,15.774569224869817,26.049388449741247,5.171688981903068,126.26307122914363,control_1,-10.27481922487143,7.382907981123402
2025-09-27,10.264274201199482,18.498548820460424,15.578901414755029,18.692607204752466,3.648055395998328,337.0568979302354,control_1,-3.1137057899974376,-8.234274619260942
2025-09-28,20.380023791376445,20.129772115205085,17.383671229173043,19.86381098950773,3.0765281485648353,344.79571836293417,control_1,-2.480139760334687,0.25025167617135935
2025-09-30,14.078448242043654,12.670966602181103,10.354146856319197,24.269453970171558,3.746257119199597,357.2911983126285,control_1,-13.91530711385236,1.4074816398625511
2025-10-01,25.051240966552193,24.888875688988502,21.64089618176105,17.770645818058377,4.161171228278598,327.20446391151324,control_1,3.8702503637026737,0.16236527756369057
2025-10-04,22.753945213478037,23.810904477749418,22.23211020516793,22.953058494807873,7.784400046274707,132.7954515038325,control_1,-0.7209482896399422,-1.0569592642713808
2025-10-05,18.730044859218975,15.431230113966945,12.500361173096127,15.402546319784872,3.7539469299961583,118.93858362483132,control_1,-2.902185146688744,3.298814745252029
2025-10-07,11.503824785492784,25.12681687416706,17.77563439407306,19.138691214614443,3.8257785000026456,334.0875925727744,control_1,-1.3630568205413844,-13.622992088674275
2025-10-08,10.25174601167525,17.953289821956027,10.022902539938334,13.820218128278741,6.117468403199827,320.04509792645575,control_1,-3.797315588340407,-7.701543810280777
2025-10-09,25.028129739831883,34.90780257792406,34.66268193132216,26.169743756137144,4.959409522241415,320.00396730525426,control_1,8.492938175185017,-9.879672838092176
2025-10-10,22.017386281745647,23.699938739501096,26.907708085892043,22.273526291753377,6.323406961765924,333.8128339088744,control_1,4.634181794138666,-1.682552457755449
2025-10-11,13.052260881048396,23.32387957912347,21.551452200970182,14.318329829183895,4.600081523988298,108.099616872777,control_1,7.233122371786287,-10.271618698075075
2025-10-15,31.439968010398932,33.285667330909696,31.641076740295905,34.06543108600259,2.8820897557030754,119.14808585641111,control_1,-2.4243543457066856,-1.8456993205107644
2025-10-16,20.37037103731953,12.5215990124865,19.84095819746919,19.442020005840078,5.4368822404453265,121.40724519325033,control_1,0.3989381916291137,7.848772024833028
2025-10-17,28.615179089599014,27.195445361528378,19.94530912956957,39.584894153288495,2.1095549498125665,96.05696355178077,control_1,-19.639585023718926,1.4197337280706357
2025-10-20,32.47298356936731,24.029687583316722,32.457383217539586,31.522250631707387,2.886832913556805,129.7688580690624,control_1,0.9351325858321999,8.443295986050586
2025-10-21,14.371578401957969,22.205495600300683,18.294527407473254,21.963514675442116,2.0293128589279656,346.0417018445052,control_1,-3.6689872679688627,-7.833917198342714
2025-10-28,29.377878850128685,26.864262172087273,18.319387119679323,15.063771579259962,4.9307952668864194,316.41305611253887,control_1,3.2556155404193614,2.513616678041412
2025-11-03,14.54142017140133,27.683790437946815,20.887741792844572,22.20405775718787,3.3650563540231806,333.8786794011213,control_1,-1.3163159643432962,-13.142370266545486
2025-11-07,17.1213498814589,11.743737909858813,13.896239016604007,22.193187162577566,4.963879452491963,137.1413916156739,control_1,-8.296948145973559,5.377611971600087
2025-11-09,2.0112497863020486,17.95453594440727,3.2496943913263117,4.986860223005412,2.675015940977809,325.2655290126483,control_1,-1.7371658316791008,-15.94328615810522
2025-11-10,24.762585649706203,23.956492976572232,34.52812922751993,21.880805007820083,2.8197421279344383,323.9559346742718,control_1,12.64732421969985,0.8060926731339713
2025-11-12,23.673541195462114,18.989637049716933,31.70881007866506,17.237280627237126,4.17066408319917,324.59836333413443,control_1,14.471529451427934,4.683904145745181
2025-11-21,46.02708540696656,37.859210549688974,42.101225960966566,43.7292133776147,2.5097837379746313,140.31325914300612,control_1,-1.627987416648132,8.167874857277589
2025-11-22,11.627237733818085,12.74575525245694,14.373201997709081,15.19523483675669,3.1285136536269182,322.3778563094879,control_1,-0.8220328390476084,-1.1185175186388552
2025-11-24,17.066302810719446,11.227317083281086,7.915833465341802,15.117803059338957,6.3230693106247235,132.06634836657406,control_1,-7.2019695939971555,5.838985727438359
2025-11-27,24.239086248137312,27.761168436306352,32.57223519737689,16.720788432388296,3.146682510616954,329.18608514395135,control_1,15.851446764988594,-3.5220821881690405
2025-11-28,22.46998129014861,14.498057777578218,22.76017834977525,26.8995858301701,4.1994857562157115,123.55388819302618,control_1,-4.139407480394851,7.971923512570392
2025-11-29,3.9082710986615754,11.587368996920295,10.234531696201966,-0.9625454052215218,4.508365859711115,327.92487188274976,control_1,11.197077101423488,-7.6790978982587195
2025-11-30,-1.4723790101312941,-11.421231953061904,-7.033848115052191,2.041524478852486,4.990012100725106,126.11568026613708,control_1,-9.075372593904676,9.94885294293061
2025-12-02,14.776356736730396,2.1230565600999705,2.657756122745623,10.882815038221795,4.0572082609918505,131.84411012860653,control_1,-8.225058915476172,12.653300176630426
2025-12-03,31.136041129739976,21.480861844682483,25.79356922056504,33.92375186783858,3.0133570861214927,114.8352219557629,control_1,-8.130182647273543,9.655179285057493
2025-12-14,-9.311027482484107,4.438853326959769,5.479691451331428,1.4634152436291423,3.0675170663961078,325.5909833841273,control_1,4.016276207702286,-13.749880809443876
2025-12-26,-2.367250232920346,-7.694087396110395,1.956063200041221,0.6483501609642984,2.931310024088066,31.52001620776116,control_1,1.3077130390769227,5.326837163190049
2025-12-27,-5.966666797877803,6.5369935570196915,7.437666738864219,0.24322005221864376,6.840913300034528,121.8928206163896,control_1,7.194446686645575,-12.503660354897494
2025-12-28,6.6861722404270125,-5.968941356463444,14.83026655724568,9.877536280112981,2.96969792556417,137.39161604281168,control_1,4.9527302771327,12.655113596890455
2025-12-29,-1.0860066189747213,-2.779982250052034,-17.46036678494507,0.30553668842396803,2.956661957947899,329.90944340694654,control_1,-17.765903473369036,1.6939756310773129
2025-12-30,-5.176569729807167,-3.2342443784988433,-9.776893476234344,0.378179936110071,2.6027707836365424,330.79528695471157,control_1,-10.155073412344414,-1.942325351308324
2026-01-03,10.26300079797273,12.280981591737433,9.173284352731049,24.24449500111961,5.654038410886382,300.89051316834303,control_1,-15.071210648388561,-2.0179807937647034
2026-01-10,16.769523609762008,25.83791752358094,16.01904336718822,14.978725441530669,2.3073874932797436,315.8246649796741,control_1,1.0403179256575523,-9.068393913818934
2026-01-11,11.026588726871633,12.072338601193735,15.049610542359792,9.206295658198648,2.728807124525294,328.7300869023228,control_1,5.843314884161144,-1.0457498743221016
2026-01-15,56.66964468077919,21.677839932592008,26.553429991015438,31.053208212694347,2.9215568636576457,137.0589563493038,control_1,-4.499778221678909,34.991804748187185
2026-01-20,57.3841280582133,29.823903581638998,25.121601493209894,45.8279858339442,2.8508858116646323,132.4167268749227,control_1,-20.706384340734303,27.5602244765743
2026-01-24,16.316905163447963,-0.18843683369522923,16.240382960837774,13.265959838932961,3.4536450163582426,130.2709840933544,control_1,2.974423121904813,16.50534199714319
2026-01-25,10.256810574970565,10.768222158230028,6.018511870114448,19.480758467503225,2.2997748261035964,133.06333913244976,control_1,-13.462246597388777,-0.5114115832594628
2026-02-10,4.804341958036219,8.21950624562634,7.733914848682514,7.90444335245933,5.020504171469071,305.864926340646,control_1,-0.17052850377681583,-3.4151642875901205
2026-02-13,14.072253313815128,19.97615667136991,10.240428835297028,19.089184801661247,2.3996373916324694,327.9204874208448,control_1,-8.84875596636422,-5.903903357554782
2026-02-14,16.61393101444451,16.35437866186449,21.61361041479292,11.461353132648219,4.333800953361043,318.9872679065837,control_1,10.152257282144701,0.25955235258001963
2026-02-19,8.992814024455175,14.73927752971639,5.879038844729828,22.08536862691595,4.626008388433414,308.7642327593813,control_1,-16.206329782186124,-5.7464635052612145
2026-02-21,32.02260216294451,29.16314585721059,41.82495828222381,30.199892207220614,6.36787269299762,309.22435224985986,control_1,11.625066075003197,2.859456305733918
2026-02-22,16.910656536164517,26.40778443510516,21.406950274394816,20.05915237916966,6.267063379705524,311.07935824562145,control_1,1.3477978952251561,-9.497127898940644
2026-02-26,25.98172818486769,12.951282078321945,22.039108214434943,22.123955523433775,2.3147526177680424,123.97546823646303,control_1,-0.08484730899883175,13.030446106545746
2026-02-27,33.590521217049115,16.25931029147623,19.078540532293122,37.23658065637816,2.723834584444201,130.3103363380314,control_1,-18.158040124085037,17.331210925572886
2026-03-02,15.083544978284902,14.312847519296904,15.728070959211644,9.726491996178627,3.1297850655328974,113.02290833127194,control_1,6.001578963033017,0.770697458987998
2026-03-03,25.626466629631796,22.4608513087178,16.098286064299113,20.1994086878908,2.288328362670503,348.97089461964964,control_1,-4.101122623591685,3.1656153209139966
2026-03-05,15.115192879831291,13.419719645811275,15.209073286661855,7.3544179210187846,8.081560627277137,132.22899422994936,control_1,7.854655365643071,1.6954732340200156
2026-03-06,22.98986749689388,12.674566696295834,16.431937375409248,17.72215280565375,4.877621759457932,141.32903670974895,control_1,-1.2902154302445012,10.315300800598045
2026-03-08,20.456522631751334,18.217998872560774,13.969017942361102,17.47607631182466,2.062708608148245,85.1492602566276,control_1,-3.5070583694635573,2.23852375919056
2026-03-09,20.138373364195036,11.771501540602651,14.581658990523914,15.448241312091314,5.8282005427697845,133.5199976069665,control_1,-0.8665823215673996,8.366871823592385
2026-03-10,22.65862169760457,16.304269481671163,17.845914169379885,23.045243779149764,4.93262759141428,122.45021030659655,control_1,-5.19932960976988,6.354352215933407
2026-03-14,9.697339938407444,8.416043128130024,11.653543958878686,9.495745265342073,8.198360749706413,116.40862657519625,control_1,2.1577986935366127,1.2812968102774196
2026-03-15,18.58732686416595,18.26954965913706,20.508981864226687,21.542901086242892,2.092353796375502,119.76206174324216,control_1,-1.0339192220162055,0.3177772050288894
2026-03-16,40.34822172689134,37.67072620237,27.264151778543276,38.28555329687231,3.650401006884951,142.9426468336245,control_1,-11.021401518329032,2.6774955245213405
2026-03-21,14.547207972169462,19.449836003751727,14.802356857023447,19.61416017938111,5.840823630348109,128.79576522698085,control_1,-4.811803322357662,-4.902628031582266
2026-03-22,18.710341130140797,23.970126939486914,20.606388238611228,15.29414171817571,3.5005759373551197,131.25066687859953,control_1,5.312246520435517,-5.259785809346116
2026-03-26,36.089846471034896,31.48958402831186,31.779319125359663,34.60406332347151,5.797296876491094,131.61037046405062,control_1,-2.824744198111844,4.600262442723036
2026-03-27,25.454814450688,27.39436293915228,26.532677207695308,22.540020627136826,4.3719986074910455,323.1342217156737,control_1,3.9926565805584815,-1.939548488464279
2026-03-30,17.279439732897913,17.26564368603759,14.624296170020338,33.08829254851041,5.040278021695908,129.93439281079986,control_1,-18.463996378490073,0.013796046860324651
2026-04-03,30.18647166141992,16.51475687237815,26.518512635538553,15.44705378413541,4.007611733696728,134.8707526446977,control_1,11.071458851403143,13.671714789041769
2026-04-05,22.402599705066994,18.237721086736627,17.09487841432594,20.762327431906737,4.551906815634896,321.5259322642163,control_1,-3.6674490175807968,4.164878618330366
2026-04-07,29.014312926383223,35.57134574817567,35.073374771970386,32.69422368545485,5.150671556813039,119.78498802024973,control_1,2.3791510865155345,-6.5570328217924505
2026-04-08,29.085134060823716,25.040255366861004,24.751675062921386,21.202570013571805,3.1872457629942037,122.17104298986823,control_1,3.5491050493495813,4.044878693962712
2026-04-09,30.066147968742275,22.97737584513647,24.749527366123477,31.90057271682678,2.0636541855258534,127.37908760493394,control_1,-7.151045350703303,7.088772123605803
2026-04-10,23.876032137053098,26.936174989297996,41.05347150055564,6.459073300245967,2.6996709881054977,100.93534517279534,control_1,34.59439820030967,-3.0601428522448977
2026-04-11,14.057107815153167,8.47925508120588,7.646097083666218,15.082533270428241,2.439187001837579,25.52535342734211,control_1,-7.436436186762023,5.577852733947287
2026-04-16,11.620144953470538,8.000609323927822,25.418523344704315,10.885451923635289,5.1055954007444715,120.91442670073621,control_1,14.533071421069026,3.6195356295427157
2026-04-17,23.894411309850188,37.46979255177933,30.100033973474474,32.3199833063748,3.0427402502382734,97.973924215225,control_1,-2.2199493329003275,-13.57538124192914
2026-04-19,17.98680873109787,15.167654011184883,21.89937205873932,18.409873501767557,4.9188358740145,317.31417375163807,control_1,3.489498556971764,2.819154719912987
2026-04-20,25.093359967361952,24.237241865307652,21.690440198772468,25.26862040914886,4.469729794439258,324.0531433540724,control_1,-3.5781802103763916,0.8561181020542996
2026-04-21,29.06421146713527,24.583191903128647,20.075884621537536,21.31766610218664,6.030127034367865,339.16926789044584,control_1,-1.2417814806491023,4.481019564006623
2026-04-23,26.71191540721917,28.63285223835664,21.631488109896157,28.53408807610082,5.836254007613311,117.51787331860794,control_1,-6.9025999662046615,-1.920936831137471
2026-04-24,15.901571504279152,10.77618190699323,23.23832554773163,13.620450867926039,6.236819528583287,133.7583722140124,control_1,9.617874679805592,5.125389597285922
2026-04-25,13.788752475555883,15.295066091355741,20.46974698678814,23.26228022229867,2.3833605697762437,352.07010442520937,control_1,-2.792533235510529,-1.5063136157998578
2026-04-26,19.036139156829744,14.701766383878711,19.018130405835485,15.557047876564665,5.379058771021261,119.43640923334436,control_1,3.4610825292708203,4.334372772951033
2026-04-27,26.905952667578145,6.147355591367748,13.758817768591127,19.0061177966609,5.473123377856229,136.23573005092214,control_1,-5.2473000280697715,20.758597076210396
2026-04-28,32.216131897095515,30.26944576418324,28.008038321102536,39.264394969857904,3.019385238164672,120.52641881925967,control_1,-11.256356648755368,1.9466861329122764
2026-05-01,20.815878092132362,19.932839194667157,25.36824102336566,18.1546845117231,2.8024730426375006,341.56120379014726,control_1,7.213556511642558,0.8830388974652053
2026-05-02,30.771817540574567,12.234766292461913,13.093842050619907,9.588344796565783,3.823442697481605,323.66796172597805,control_1,3.5054972540541236,18.537051248112654
2026-05-04,32.85511248979352,30.057165349483757,27.086579463597467,28.938600936747342,3.78244712489128,123.09349103038323,control_1,-1.8520214731498754,2.7979471403097627
2026-05-05,30.548418190205133,34.43287650809952,33.61148814613505,24.579105736171517,3.2736011377770846,125.10803269665314,control_1,9.032382409963535,-3.884458317894385
2026-05-07,20.49420162259789,28.40972231416459,27.287894406916436,23.297518309511297,5.022622810056096,121.59324230037191,control_1,3.9903760974051394,-7.915520691566702
2026-05-09,22.34278585217105,15.59501721590972,22.360745827920585,21.45658411756945,4.153260846744937,122.92945591999666,control_1,0.9041617103511363,6.7477686362613305
2026-05-10,32.90980280881778,24.03033514131472,23.327034200619362,24.422562057152714,4.851007214435271,328.75318657932706,control_1,-1.0955278565333515,8.87946766750306
2026-05-11,17.209784713793155,17.052790109319005,20.08347085170167,18.644305956051404,4.194640093206932,133.66065308519075,control_1,1.439164895650265,0.15699460447414992
2026-05-12,19.941050308679525,19.449931604420954,17.497180619654085,17.99439796428834,3.6630161076174526,325.748448433362,control_1,-0.4972173446342545,0.4911187042585716
2026-05-13,23.599333049860313,22.58406230947968,23.80400654679192,25.236546763942368,9.078945857272684,103.60088161176395,control_1,-1.4325402171504464,1.0152707403806325
2026-05-14,26.960591953360154,24.336559695968436,25.662245320180283,33.364231091495625,3.637634225986886,111.5513034456124,control_1,-7.701985771315343,2.6240322573917183
2026-05-15,19.684718839045416,13.961488162873392,14.592939091416973,13.98343100151459,4.977592057196371,121.31580973447552,control_1,0.6095080899023824,5.723230676172024
2026-05-16,16.931782802929135,4.702740305166326,13.818284056512075,12.648942239028905,6.378506763235787,118.55301809822265,control_1,1.1693418174831702,12.229042497762808
2026-05-19,24.2556610013347,15.045250720055082,24.964214972713616,22.343751208849838,3.775999232999544,116.86476124816312,control_1,2.6204637638637784,9.21041028127962
2026-05-20,32.99764234479894,21.648566710311627,22.24651524970966,29.683979822841643,3.2968774598912467,109.04611103780746,control_1,-7.437464573131983,11.349075634487313
2026-05-21,31.53615998763377,15.757691442074506,32.076084145864954,20.329915322192104,4.666011309574318,146.19505998039995,control_1,11.74616882367285,15.778468545559264
2026-05-24,17.794385061244622,13.80018929361369,11.809951775227997,22.535099739470766,3.624961530979519,113.94411990835818,control_1,-10.725147964242769,3.9941957676309325
2026-05-25,9.018416665638963,-4.573809448829338,13.607475237930553,7.049667772293063,4.626835520089608,353.12967360270386,control_1,6.55780746563749,13.5922261144683
2026-05-26,19.65602084106242,16.440517524523404,12.838289577853422,13.738244296334297,6.621954558723181,137.71187941864264,control_1,-0.8999547184808758,3.215503316539017
2026-05-27,20.16529087896697,32.04226580769737,15.055185174227303,16.503489924061267,2.0687390138818995,127.81671844273035,control_1,-1.448304749833964,-11.876974928730398
2026-05-29,26.646668599069088,22.156915290965955,21.389716264919784,21.90810287744504,4.572675596513842,132.81498939935705,control_1,-0.518386612525255,4.489753308103133
2026-05-30,16.714255071560064,23.918170880735456,19.28101671736566,17.46194671154185,6.837843892840927,122.35831348813787,control_1,1.8190700058238107,-7.203915809175392
2026-05-31,14.57953932975159,1.7228192465530308,14.484169768117974,7.9960833867739005,5.065532687145758,120.7286356296683,control_1,6.488086381344074,12.85672008319856
2026-06-01,19.239701492811445,10.150028305651066,5.646424068572798,16.459455344595348,3.8099204400194355,118.06127494138588,control_1,-10.81303127602255,9.089673187160379
2026-06-04,15.656635139915963,14.792965437589242,16.453323058465205,26.46002383385278,4.575246515351617,120.75179470817267,control_1,-10.006700775387575,0.863669702326721
2026-06-07,14.437108309394493,10.019978816244892,9.399187009295474,8.554079175838893,4.927231101834543,120.70773954845333,control_1,0.8451078334565807,4.4171294931496
2026-06-09,16.53451437961935,22.252820729717733,26.051145223493002,24.08322408282064,6.185570129499965,98.3449319010632,control_1,1.9679211406723631,-5.718306350098384
2026-06-10,21.19041264504144,18.026610528257777,17.45978326659686,19.57683249620591,7.635342171377465,121.14736201303151,control_1,-2.117049229609048,3.163802116783664
2026-06-11,23.05772521642596,26.659617212908948,18.776630518200783,21.033111396658335,2.5711857155114943,352.9275808508353,control_1,-2.256480878457552,-3.601891996482987
2026-06-12,7.2690478943573975,8.5373197663494,8.536131449971931,11.592429261807498,4.1967222165126525,121.23026646532082,control_1,-3.0562978118355666,-1.2682718719920025
2026-06-13,14.084772290420121,10.077229129619104,9.631541556361995,13.353292784134318,2.2207568566135523,90.95038346402316,control_1,-3.721751227772323,4.007543160801017
2026-06-15,29.695303667792103,23.00399463597575,27.5335357718945,26.537562660248494,2.6084674442830957,114.15178531933054,control_1,0.9959731116460055,6.691309031816353
2026-06-16,26.862861461031436,16.97550812871035,15.90356635944453,22.588846850853724,5.231070754853373,125.5073076136805,control_1,-6.685280491409193,9.887353332321087
2026-06-17,27.10045268573237,24.412891487017408,23.01743626269225,23.127847125053147,6.648921144928863,129.20003657865948,control_1,-0.11041086236089726,2.6875611987149632
2026-06-21,28.221635957627022,16.86736805387009,20.867369232854088,21.779657611491405,3.321013727402662,119.51464337328372,control_1,-0.9122883786373173,11.35426790375693
2026-06-22,25.136203760532183,32.318704027346534,17.95759394821561,22.086858239736515,4.466161575498768,131.07639795711248,control_1,-4.129264291520904,-7.182500266814351
2026-06-25,30.47652829864051,13.38107057450732,23.171278903264685,29.813578280643803,3.1160496941625704,112.41708930940496,control_1,-6.642299377379118,17.09545772413319
2026-06-29,24.018513952064453,13.980691486378273,19.069571342127727,22.661670553081038,4.760243335312632,116.42427155321053,control_1,-3.592099210953311,10.03782246568618
2026-07-01,30.101947639133982,31.73961624503771,28.56333200542027,25.0078446147908,3.0536077195429594,119.034219647908,control_1,3.555487390629473,-1.6376686059037269
2026-07-02,10.360788723243651,15.800734572975891,11.950676976389547,13.818835210943147,2.833367977352825,127.9377238602558,control_1,-1.8681582345536007,-5.43994584973224
2026-07-03,19.615242022341224,18.040829335338984,19.886853862669653,17.122942635648215,3.157684810248382,124.92138710555298,control_1,2.7639112270214383,1.5744126870022406
2026-07-05,16.00022987073943,15.342758827063912,19.43919395373175,18.09741662291568,3.3019907773299426,129.47689015174598,control_1,1.3417773308160683,0.6574710436755193
2026-07-06,51.19470335115387,30.89907729818767,25.33548002047671,43.70323021498418,4.655896394544073,111.48525000176289,control_1,-18.367750194507472,20.2956260529662
2026-07-07,31.693498826408955,22.528338005174597,26.747851239560003,29.22167284383877,2.059957652711234,115.14452689010392,control_1,-2.4738216042787684,9.165160821234359
2026-07-08,47.19688646862548,34.976936662271775,26.89011149036429,36.29090006131545,2.0319848364417554,109.32177249655808,control_1,-9.400788570951157,12.219949806353704
2026-07-09,17.260442431660596,14.794409227655875,12.913861805868997,17.764574360105797,4.142217945516632,131.87774083728198,control_1,-4.8507125542368,2.466033204004722
2026-07-10,14.062789769825157,19.522429652769645,18.03566913454361,15.095119589581673,2.231153816626802,17.12917557975834,control_1,2.9405495449619377,-5.459639882944488
2026-07-14,25.47741036415247,23.26075559895081,19.61177024175259,20.235588422753487,3.303037964969458,189.61098498524817,control_1,-0.623818181000896,2.2166547652016604
2026-07-15,20.097721128856865,16.253762091304058,19.739133444828934,22.94381130943213,2.970522846731697,126.69710607869365,control_1,-3.204677864603198,3.843959037552807
2026-07-16,18.016026884227134,25.405860622762813,27.368063969952882,24.300967494904448,3.4613841393146383,341.85574545918564,control_1,3.0670964750484337,-7.389833738535678
2026-07-17,43.434713253143634,33.72722996929575,37.219611650492055,50.36494852201651,2.686763623222567,59.44398677216003,control_1,-13.145336871524457,9.707483283847886
2026-07-18,33.188748225300856,25.713595244197087,24.312291095694277,36.557934282079074,3.7013645502556813,107.54755859056115,control_1,-12.245643186384797,7.4751529811037685
2026-07-20,26.507859049050293,26.012943540594858,19.930757205242518,28.603796810320357,4.018711227912947,124.80830134759469,control_1,-8.67303960507784,0.49491550845543486
2026-07-25,31.48619003401457,26.7732751429038,27.21269778064516,33.770066627325406,2.6231821225851775,124.63416224077622,control_1,-6.5573688466802444,4.7129148911107706
2026-07-26,29.877248712953616,22.532796805446868,37.328470212226044,28.063749392241984,3.1985833292302894,123.03992668554514,control_1,9.26472081998406,7.344451907506748
2026-07-27,27.873649207639364,22.868961733299752,24.283123772326597,24.379102051235026,4.061975430306393,113.48625771745185,control_1,-0.09597827890842936,5.004687474339612
2026-07-28,33.06537111939953,28.607201289268712,29.642948639368505,49.43491457338168,2.352683201914196,105.554542436855,control_1,-19.791965934013177,4.458169830130817
2026-07-29,33.291544774790225,20.63529892193678,21.382852366354857,33.67860728171422,3.415439139564017,109.27981431669161,control_1,-12.295754915359364,12.656245852853445
2026-07-30,20.60323679166566,15.196283157544267,18.032571227488617,24.324590968201182,2.0322696630032806,89.28657693125592,control_1,-6.292019740712565,5.4069536341213915
2026-08-01,16.248104801794348,15.605737051726225,10.732103996470471,19.390168252523036,3.4096848903241166,119.79915358557986,control_1,-8.658064256052565,0.6423677500681233
2026-08-02,16.81902944385222,19.058309084404076,15.92455533976478,21.537531977670714,5.279513903796311,130.16614050924596,control_1,-5.612976637905934,-2.2392796405518567
2026-08-03,17.362920599196592,11.694308400478159,7.076128852083939,18.6940632274325,4.707482605610427,120.572137224669,control_1,-11.617934375348561,5.668612198718433
2026-08-04,25.527232771757006,18.130381686422734,21.881408806533308,27.889519241103283,3.5686021108520816,120.09199417686773,control_1,-6.008110434569975,7.396851085334273
2026-08-07,37.19788273931534,22.43799736463356,32.23599333343241,30.651089205965302,2.9052468315577182,107.46849397092365,control_1,1.5849041274671087,14.75988537468178
2026-08-08,31.82892699760351,23.933360774770833,29.354166685115164,29.653468094522356,3.155130361216355,98.48946285070429,control_1,-0.2993014094071924,7.895566222832677
2026-08-09,16.371686332876717,13.17132196279063,16.582140118467525,20.675288933506106,3.946736103495961,126.87936190636799,control_1,-4.093148815038582,3.2003643700860867
2026-08-10,14.725320254158728,12.915156564388013,14.095248517709086,17.539440310543977,4.517480417429684,132.7329643457375,control_1,-3.444191792834891,1.8101636897707145
2026-08-11,26.294328784464607,18.02936429532494,18.151736519244164,18.877357445053004,3.7582869566504966,121.25647391435359,control_1,-0.7256209258088404,8.264964489139668
2026-08-14,15.741752839797941,10.90816315042913,9.674552682218978,13.56282439862601,2.6213223639937295,10.454747225089761,control_1,-3.888271716407031,4.833589689368811
2026-08-15,17.616590781058463,15.551213109867112,9.31144869767632,11.754434029538787,2.983333126893017,334.5510243043296,control_1,-2.4429853318624666,2.065377671191351
2026-08-16,13.84809367283192,15.523589008711248,15.298455325774098,14.596661491939052,2.4912837718158314,10.267965493840165,control_1,0.7017938338350458,-1.6754953358793276
2026-08-18,25.87862654940052,25.574926577633292,24.290997767823175,24.92531905969838,3.2973198020890937,115.18344813278048,control_1,-0.6343212918752066,0.30369997176722663
2026-08-19,29.664077754781207,23.882281254333815,20.688600106971666,42.33597916671482,2.0520727561404657,110.54559867777209,control_1,-21.647379059743155,5.781796500447392
2026-08-20,18.047237379327612,33.58893470218748,13.878454443583966,21.19615633815835,2.1033314085335264,31.475992001529903,control_1,-7.317701894574384,-15.541697322859868
2026-08-22,11.341546336185841,20.017485465673392,10.335371213610912,19.585479318953148,2.0352736993086857,86.80287335974975,control_1,-9.250108105342235,-8.675939129487551
2026-08-23,14.144096631297968,12.994320128881258,13.904161828504822,15.561207845581139,3.2584989391505634,120.3107642307204,control_1,-1.6570460170763166,1.1497765024167101
2026-08-25,11.956436036093852,36.18922455383081,33.3004622412925,25.080719408333895,2.990802417586812,4.562930155036213,control_1,8.219742832958605,-24.23278851773696
2026-08-26,24.86662943513067,22.880821295117034,22.647984122529326,17.764848567245238,2.8891630126478205,6.06318282401196,control_1,4.883135555284088,1.985808140013635
2026-08-27,24.545812740043058,17.187277038845554,17.706837814902187,19.530463603473546,2.7483706150695735,73.46202689405874,control_1,-1.8236257885713592,7.358535701197503
2026-08-28,23.94181302217014,10.253774904831765,26.669738114835237,4.494133871486045,2.144188201102148,67.45906349205427,control_1,22.17560424334919,13.688038117338376
2026-08-29,8.711479117139355,20.560129466047687,2.971270492503737,18.630707040138095,3.211157363719569,81.02882417364361,control_1,-15.659436547634357,-11.848650348908333
2026-08-30,17.054864435056103,11.286864285896026,14.159751134532359,16.114620961801286,3.343903612054071,114.75281314564921,control_1,-1.9548698272689276,5.768000149160077
2026-09-01,15.706032393469883,34.81955975852786,23.720540825462816,24.386380280436224,4.216837921740124,335.5889230556856,control_1,-0.6658394549734084,-19.113527365057976
2024-04-01,11.27868450326876,34.68781508844425,22.66007361049944,20.99468551137801,4.077866790297681,130.19728266210177,control_2,1.6653880991214294,-23.409130585175493
2024-04-07,9.984875480990977,10.178829636732784,14.406374642417973,15.75489887717404,3.0682302456682184,128.44251282439444,control_2,-1.3485242347560682,-0.19395415574180674
2024-04-08,16.051451699852812,25.84788001935997,17.341818226868675,19.34724566399342,3.1988154786835774,123.75677348111657,control_2,-2.0054274371247445,-9.796428319507157
2024-04-09,6.935178967877534,3.152232247492494,8.115375703822288,17.474838543703545,3.0470385494938643,98.36556363994004,control_2,-9.359462839881257,3.78294672038504
2024-04-11,25.25662070114368,12.392146758608138,17.254841738112475,16.704218200506194,2.8182625674325243,315.53600017266353,control_2,0.5506235376062811,12.864473942535543
2024-04-13,26.96370195785157,21.279038859512088,24.22258756153756,17.393393184491785,2.677004899522575,272.2159279644896,control_2,6.8291943770457735,5.684663098339481
2024-04-14,10.312976870380075,14.6807925627814,17.2939705778959,11.113411115488402,3.5287020791453494,345.00274988411536,control_2,6.1805594624074995,-4.367815692401326
2024-04-16,6.332198197678879,10.640644043962274,7.646396725211176,9.499507892808593,3.069918222718858,117.8932736200004,control_2,-1.853111167597417,-4.308445846283395
2024-04-17,13.92685163379482,14.562506122841892,15.077122895635442,15.943958736017326,5.052328949978663,149.4281237534201,control_2,-0.8668358403818832,-0.6356544890470719
2024-04-18,27.123454689389188,19.461142742841307,21.19574180171621,20.272780688144188,2.71052128009903,303.97191663788635,control_2,0.9229611135720219,7.662311946547881
2024-04-19,22.46358508359856,17.132773254283684,17.189971468106098,17.72878854133,2.02618630068667,270.86537133490236,control_2,-0.5388170732239033,5.330811829314875
2024-04-20,14.181616188013505,10.848646106164276,14.66849009051317,15.585765692784765,2.6239179226130522,303.4080760976806,control_2,-0.9172756022715944,3.332970081849229
2024-04-21,1.659882673540087,2.622750605451425,4.0181019408916105,7.115511048357722,4.266982226107881,130.6418080839976,control_2,-3.0974091074661114,-0.962867931911338
2024-04-22,11.248618436260125,26.313834534247093,8.9149035653414,22.077548185736397,2.2201221301253744,151.71692703763767,control_2,-13.162644620394998,-15.065216097986967
2024-04-24,24.58486704084675,24.136844823230355,23.857073919247046,17.93547961569468,2.831047007773435,161.8296490326968,control_2,5.921594303552368,0.44802221761639416
2024-04-25,14.679097523429187,20.041630293725092,8.123271320922308,10.732758730223118,2.706669856924929,119.71465325603214,control_2,-2.60948740930081,-5.362532770295905
2024-04-26,0.2216223243676784,-0.29271941741595814,5.058220147129644,0.9001029262853396,4.170245495032183,136.33513065149646,control_2,4.1581172208443045,0.5143417417836366
2024-04-27,6.403737224372156,10.811019445718077,11.185489530175088,6.235346880741354,4.2264287171412285,108.42504681404063,control_2,4.950142649433734,-4.4072822213459215
2024-04-28,-1.1888575889808999,14.374099504135947,13.963945053837886,3.6060181372967928,2.679608103492837,92.95368641374228,control_2,10.357926916541093,-15.562957093116847
2024-04-29,2.2570045818213895,16.063176838421164,9.929719920309653,4.702158338735556,6.28153241360318,99.93193844396899,control_2,5.227561581574097,-13.806172256599774
2024-05-01,0.19564577086724846,18.490495179181202,3.467038144097915,10.999180918187788,3.7501272021698813,137.74384931524827,control_2,-7.532142774089873,-18.294849408313954
2024-05-07,11.407533653558946,19.31982663739946,15.131025821040325,-5.172974143230435,5.580672144659937,134.20893161933134,control_2,20.30399996427076,-7.912292983840512
2024-05-08,36.78152394510796,39.36117189968144,39.83500841449304,40.11336425294939,6.225870978835624,157.0677310651946,control_2,-0.27835583845634915,-2.579647954573474
2024-05-09,21.097832802215223,32.5394153376788,27.073166572913085,34.91193891703942,2.095801402443506,159.50562834472225,control_2,-7.838772344126337,-11.441582535463574
2024-05-14,24.086209243882486,36.45638353953881,21.072459939087697,27.480687420053393,3.5481192477797583,143.33195541359908,control_2,-6.408227480965696,-12.370174295656327
2024-05-15,20.229484410394058,27.06338800450085,19.50293508120125,21.62069880861779,3.050563314668759,155.67992305337884,control_2,-2.1177637274165377,-6.833903594106793
2024-05-16,13.784535048088474,26.68728339525372,20.70995125552008,21.548884571721736,2.43603999270712,111.1999262897595,control_2,-0.8389333162016541,-12.902748347165245
2024-05-17,22.3830339293273,19.480326103695457,22.083807542538388,20.334316419527,5.28818786940395,124.35515751127548,control_2,1.7494911230113885,2.9027078256318433
2024-05-19,25.001066400833075,23.49946828511764,23.867946460832403,20.6925756219676,3.5980790693633087,138.11971265886427,control_2,3.1753708388648043,1.501598115715435
2024-05-20,10.39309372770142,14.742284261817899,15.68537732077707,13.289283553595963,5.48365244053653,153.3855849064896,control_2,2.3960937671811067,-4.349190534116479
2024-05-22,14.716960294386551,12.888116701789633,10.908349823643888,13.533291821261022,6.220382765497276,100.33734570509148,control_2,-2.6249419976171335,1.8288435925969182
2024-05-23,19.517002752391548,14.775822068075572,22.76146965865336,25.921791546506064,3.978362806823829,143.44688047266573,control_2,-3.160321887852703,4.741180684315976
2024-05-26,18.682148371966445,19.331244895520374,18.892684454064423,19.665803416757694,2.2472569133472655,134.96423828322713,control_2,-0.7731189626932711,-0.6490965235539292
2024-05-27,24.828738757471406,15.596756597186555,23.356031289285276,24.78874747628053,2.5777274912771193,286.76624603948255,control_2,-1.432716186995254,9.23198216028485
2024-05-29,25.304920094325908,22.96149446035342,21.724167268950534,25.405930350990953,4.784653744417059,126.09783489176101,control_2,-3.681763082040419,2.343425633972487
2024-05-30,28.7543570762709,30.4348249361542,22.88006527843743,22.546389915095826,2.994229711704898,143.26116451865818,control_2,0.3336753633416052,-1.6804678598833007
2024-06-02,34.65916647645433,44.230462872422784,64.26952568322582,33.50081496134635,2.036506342444564,91.62961302118708,control_2,30.768710721879472,-9.571296395968453
2024-06-03,14.547527158438314,5.843483358373701,10.376981002132593,9.09075212108186,3.167785378619255,90.87090715825565,control_2,1.286228881050734,8.704043800064612
2024-06-04,24.36743279380784,29.916041517890644,30.622939360536453,31.81172452051317,2.721417153964868,99.15267223614893,control_2,-1.1887851599767174,-5.548608724082804
2024-06-05,28.568182107998084,23.574284008313473,23.265859619471843,20.975834677858064,2.878305634046893,146.06630081912328,control_2,2.2900249416137797,4.9938980996846105
2024-06-07,18.743461483707645,22.3106401914543,23.224345587191525,22.70286777762206,2.344839970261046,168.33583230116733,control_2,0.5214778095694648,-3.567178707746656
2024-06-08,9.454154644796164,16.18434777760698,16.650120475703368,14.191247687788657,2.4368875146720925,176.74049791831737,control_2,2.4588727879147108,-6.730193132810816
2024-06-10,35.56932546977248,34.960096303272486,34.2195310582643,35.41264494767617,2.99496663861377,140.2155903898685,control_2,-1.193113889411869,0.6092291664999934
2024-06-12,24.283441420813887,25.803178739948446,25.602353949625986,25.639465315781123,2.7536604622373937,158.3949425691278,control_2,-0.03711136615513766,-1.5197373191345598
2024-06-14,35.63944097976188,30.50655395918654,25.711924834902042,24.804320581042113,3.554175530995851,140.2220813468282,control_2,0.9076042538599296,5.132887020575339
2024-06-17,15.254966760359487,14.488398661812573,15.797785779132477,11.827868491353659,4.856332486927669,132.31653814023042,control_2,3.9699172877788182,0.7665680985469141
2024-06-19,25.997625593670683,15.059535871861506,17.133409049262323,13.63137339260863,2.717463851332917,303.1198831975765,control_2,3.5020356566536925,10.938089721809177
2024-06-20,32.69438127300815,11.654739178403096,14.774997389527613,19.480394850838195,2.5179191274532764,273.3522085553844,control_2,-4.705397461310582,21.03964209460505
2024-06-21,22.716391601488702,28.228805614517892,26.584899130427537,28.664077722848756,2.6448495702031174,165.2378789615218,control_2,-2.0791785924212185,-5.51241401302919
2024-06-24,27.757911476377387,25.888097627930705,35.139508532017004,36.987541468531894,2.124176822473401,174.68715074707222,control_2,-1.8480329365148904,1.8698138484466824
2024-06-26,26.425588980239446,12.842632373467662,21.739899445286568,19.584881349178303,2.376906904895317,2.0834006728732675,control_2,2.1550180961082646,13.582956606771784
2024-06-27,25.157393999846175,28.42641362182587,25.04131429347846,23.931046971521848,3.900957557639401,128.70035683153583,control_2,1.1102673219566128,-3.2690196219796945
2024-06-28,16.400905192856165,21.990314018838955,16.815133514105433,17.610136305224657,2.2610195506899564,161.95835244867726,control_2,-0.7950027911192237,-5.58940882598279
2024-06-29,20.2170267173775,17.574087981861325,17.42336134371737,17.1138053216131,2.110474578824646,274.99402119101654,control_2,0.309556022104271,2.642938735516175
2024-06-30,17.69322395461127,17.322574425044234,16.89780750043621,15.152271387745387,3.702370587620703,134.65444603518313,control_2,1.7455361126908215,0.3706495295670358
2024-07-01,25.2947982856018,26.705398108489995,26.72158026035003,22.2062591001602,4.047819802275904,135.61881041879724,control_2,4.515321160189831,-1.4105998228881944
2024-07-02,24.097251891673423,28.71501443286222,28.37089860164915,22.036532317741578,2.5814424251428734,128.94563671571348,control_2,6.3343662839075705,-4.617762541188796
2024-07-03,18.09090728669342,26.061453195141098,19.91214683983735,22.07030539615747,4.315001221197481,136.97267765845004,control_2,-2.1581585563201173,-7.970545908447679
2024-07-04,19.80960228977503,25.044690411182614,19.89182950632078,20.195259116183244,2.2582780798982456,149.16577737452837,control_2,-0.3034296098624658,-5.2350881214075855
2024-07-05,30.308326385640072,27.551048364793,22.370491366650807,28.04325558924691,3.0049054949876033,145.37814522383007,control_2,-5.672764222596104,2.757278020847071
2024-07-06,9.59316011807795,18.93729310692549,13.45399316835676,38.765374850969955,3.1662556203304253,141.00562325898505,control_2,-25.311381682613195,-9.34413298884754
2024-07-07,28.04803066857661,33.19324174975519,28.30412780219595,32.70785523493032,3.162606202662913,151.31853329847644,control_2,-4.403727432734371,-5.1452110811785765
2024-07-08,21.38150636098129,29.728639850314327,22.613372773442972,24.130278903877375,2.0600713119326675,158.71941435946906,control_2,-1.5169061304344034,-8.347133489333036
2024-07-11,27.844933686469002,31.294345603985633,26.330468998607408,33.66385958019225,2.859015023640889,164.72392585905322,control_2,-7.333390581584844,-3.449411917516631
2024-07-15,22.232722473957832,20.744126326423306,19.938624732340365,20.824960895402178,2.4819307018852683,123.52735289895043,control_2,-0.886336163061813,1.4885961475345262
2024-07-16,15.17660096892035,31.587813970853563,17.3000380712349,25.669118781798527,2.350022491176007,171.29015496475358,control_2,-8.369080710563626,-16.411213001933213
2024-07-17,33.31947135650393,26.620229979449004,36.79028338778052,26.50129051300738,2.3263111912052614,299.517496643816,control_2,10.28899287477314,6.699241377054928
2024-07-18,26.61130520785947,39.18957406936027,29.04066927669535,30.782704990522053,2.0492386601458543,147.74437271269926,control_2,-1.7420357138267022,-12.5782688615008
2024-07-19,21.26043671670605,30.16033955395089,18.832178427574288,20.108582461385957,2.369543661329874,146.1208760037115,control_2,-1.2764040338116693,-8.899902837244841
2024-07-21,27.38280726544984,17.78741065302449,23.18368341446333,22.826114321319924,3.639143507730626,297.54942106404087,control_2,0.35756909314340746,9.59539661242535
2024-07-22,32.11085540396598,21.02356792104954,20.67383114183096,24.80790981358365,2.3847155818120878,303.50870869304066,control_2,-4.13407867175269,11.087287482916437
2024-07-25,42.17991054065485,41.91053064287523,41.62137580869926,40.44472327877465,3.0273527710654267,97.49279853175398,control_2,1.1766525299246098,0.269379897779622
2024-07-29,18.146014196317214,19.81349622990625,16.414663152478035,16.030146276937113,2.4525666525077914,116.07344042585805,control_2,0.3845168755409212,-1.6674820335890352
2024-07-30,15.821381386297615,15.515827766406801,17.947990107543763,12.803661356711586,2.4220290238030047,137.29943428247554,control_2,5.144328750832177,0.305553619890814
2024-08-01,32.982180078013684,25.166345781539658,19.68526497872252,24.288398013055765,2.153499833044465,273.76913856574697,control_2,-4.603133034333247,7.815834296474026
2024-08-05,31.063207400937763,25.378120041535386,55.90387034678793,12.996855432290609,2.183918762268866,293.9950466129286,control_2,42.907014914497324,5.685087359402377
2024-08-06,29.35354153358059,41.47986204342491,32.58621720570169,26.63611795012438,2.0233396831485737,112.09559988933745,control_2,5.950099255577314,-12.12632050984432
2024-08-07,19.824599726157423,35.838248992655984,19.636812415766823,26.861168031145642,3.1112291846648654,149.2198778291961,control_2,-7.224355615378819,-16.01364926649856
2024-08-10,13.750427974429243,23.139192036052478,16.92160836785484,18.721553669015556,2.418250812349622,144.71712185966044,control_2,-1.7999453011607152,-9.388764061623235
2024-08-12,21.181618534921885,28.216444268144294,24.851481365138536,26.558061689710346,2.206305346978479,133.98521676928056,control_2,-1.70658032457181,-7.034825733222409
2024-08-14,14.924473110155077,19.319312999932514,16.69021640233543,14.40859356988973,2.274746096853801,144.1135578492357,control_2,2.2816228324457004,-4.394839889777437
2024-08-15,19.870408104155892,25.8228747057493,20.469268228726303,28.464218439709775,2.418605985686793,141.9405220303296,control_2,-7.994950210983472,-5.952466601593407
2024-08-17,23.172999740263396,19.250522241715213,18.51921489847171,19.79642256013464,2.532242675724283,276.9561421997995,control_2,-1.2772076616629313,3.922477498548183
2024-08-20,12.499467758032836,21.491817630899384,12.56687242433169,19.972570101789884,2.574737561813545,156.53410461516398,control_2,-7.405697677458194,-8.992349872866548
2024-08-21,13.325550123015653,16.391122230305548,13.091623176038421,13.51287558949711,2.932870154183737,142.68582205077576,control_2,-0.4212524134586886,-3.0655721072898956
2024-08-23,14.678643589302919,11.60950539416657,19.38600273331277,14.292391331597992,2.6157387230447875,62.85873860068,control_2,5.093611401714776,3.0691381951363486
2024-08-25,11.542665945131878,19.692199606020466,16.401392342617523,13.548485391864196,3.484876543312512,144.4243950908898,control_2,2.8529069507533276,-8.149533660888588
2024-08-28,15.920608064110656,25.774687896009826,18.640711744709723,22.28796111951984,3.19475296112631,147.6454512597848,control_2,-3.647249374810116,-9.85407983189917
2024-09-02,26.237790792568436,22.47647309111525,13.236482787674833,18.30548883547337,2.059601181765724,164.879503506599,control_2,-5.069006047798537,3.761317701453187
2024-09-03,16.947330266790267,23.617210386067622,20.8924456956942,17.512633441280133,2.826574662620901,117.53950360508173,control_2,3.379812254414066,-6.669880119277355
2024-09-04,15.159756325081583,26.793991282616318,17.997107664711127,21.635603394601205,2.473058714500587,158.8667727109612,control_2,-3.638495729890078,-11.634234957534735
2024-09-05,28.5914916879264,20.84238300208277,20.59176853316108,24.174876604490738,3.6901647604330226,302.2416362444925,control_2,-3.583108071329658,7.74910868584363
2024-09-06,26.339843389459343,15.778842308054418,17.98243171439016,17.72446749591744,2.1491045561782016,283.4488343788113,control_2,0.25796421847271844,10.561001081404925
2024-09-15,14.443791457869873,20.06292265227741,19.062132125885228,14.522848943112981,2.8155454796494293,162.8051772355641,control_2,4.539283182772246,-5.619131194407538
2024-09-18,9.766927923514714,25.63451478575129,16.720991748781366,22.76877390167165,2.8832208057374498,131.31191303885748,control_2,-6.047782152890285,-15.867586862236575
2024-09-20,29.412494061305015,30.01426256166899,24.03480653732061,23.27926580430974,3.529086401268153,129.6031101557801,control_2,0.7555407330108679,-0.6017685003639741
2024-09-21,13.841455177949575,19.857454100510935,18.071827870391733,19.227661740578622,3.247191681511716,141.06021563271418,control_2,-1.155833870186889,-6.01599892256136
2024-09-23,13.398907158852115,25.043738635673613,17.744232990825207,18.69020721965446,3.1347392794279862,138.04878278295985,control_2,-0.9459742288292539,-11.644831476821498
2024-09-24,16.12134386226312,15.471965975714133,27.837411624709667,13.641540183153145,2.6510613831811094,307.8771438769785,control_2,14.195871441556521,0.6493778865489883
2024-09-25,22.282616449159413,19.488348157682097,23.763574595483405,15.265180190619766,2.2851909636478154,340.432481492954,control_2,8.498394404863639,2.794268291477316
2024-09-28,32.33807513167887,28.656527789308832,27.911101978145616,32.73924781121489,2.401899650993206,306.6800317182834,control_2,-4.8281458330692715,3.6815473423700382
2024-09-29,20.55033096037389,28.40863001901744,17.288658251469613,18.423906029146007,4.249061757819103,137.70443599538692,control_2,-1.135247777676394,-7.858299058643549
2024-09-30,25.831401064841728,42.808211743959745,26.789467967620343,24.79556950284614,3.3513318412003397,135.92300267498598,control_2,1.9938984647742046,-16.976810679118017
2024-10-02,24.274927739095848,34.81126813930802,26.839936465396818,28.565073263714428,3.2718271071160148,155.14566406523954,control_2,-1.7251367983176102,-10.536340400212172
2024-10-10,15.492458744514554,41.03726300509294,12.765464163337056,36.2628175468979,2.154723297559095,154.78391065293818,control_2,-23.497353383560842,-25.544804260578385
2024-10-17,-6.352911459843997,2.187331396562158,9.234614988904582,4.022190317145479,4.868875410616126,136.60566671187007,control_2,5.212424671759103,-8.540242856406156
2024-10-18,14.461420546461076,29.436435031348648,20.208986981422548,26.14167773323608,4.093243431758121,135.63199335105753,control_2,-5.9326907518135314,-14.975014484887572
2024-10-27,19.8401712590062,28.27851104859406,23.181798306584895,19.345697601036917,2.9913713695585833,46.35023769618914,control_2,3.8361007055479774,-8.438339789587857
2024-10-28,10.743365787351213,19.99798739529207,12.082466194974623,13.63024168475184,3.6213717691014,117.05274351428176,control_2,-1.5477754897772176,-9.254621607940859
2024-10-29,9.751086805706601,14.254170305846522,8.519336808066061,14.73930662528833,5.498877245405969,141.853707885164,control_2,-6.219969817222269,-4.503083500139921
2024-10-30,13.253900832271121,-2.0596468438383035,1.2421366346084557,15.018716583682842,3.8362784028587846,324.3070516985508,control_2,-13.776579949074387,15.313547676109424
2024-10-31,14.84019317953316,12.0856200898546,15.951889430592633,1.4134130523771016,3.0287936098374457,79.32919766260858,control_2,14.538476378215531,2.7545730896785585
2024-11-01,14.67543399347492,16.25923290169743,10.87937814479976,13.912245738524303,5.171230155442504,329.23162772259076,control_2,-3.032867593724543,-1.5837989082225103
2024-11-02,20.951857252183558,26.22044143377751,23.68312757556625,26.20742330275788,3.1653371565701347,89.37010595574554,control_2,-2.5242957271916318,-5.268584181593951
2024-11-03,25.16755457383502,28.137334921079837,19.259402518839675,24.95987566995085,4.193818221188511,141.78291924542316,control_2,-5.700473151111176,-2.969780347244818
2024-11-05,0.49683590925554283,12.681130516925284,23.355565345429756,22.476157260095302,5.907481609926805,140.1130135825531,control_2,0.8794080853344539,-12.184294607669742
2024-11-12,20.367925680606934,26.90485608382359,14.870085200760755,5.458427847489875,4.1442095039486535,98.84991876805555,control_2,9.41165735327088,-6.536930403216655
2024-11-15,27.398423383394483,22.389453633149973,18.346782609071806,18.39129404226593,5.130030945275416,128.074555022928,control_2,-0.044511433194124095,5.0089697502445105
2024-11-16,15.069214123739137,18.111058772398597,20.803909433185574,19.202036830828757,3.680328165039088,104.4654916121205,control_2,1.601872602356817,-3.0418446486594597
2024-11-19,8.229852363420497,15.354766685547107,13.241427304489514,1.6106690057382136,3.650333481388696,322.54970886833746,control_2,11.630758298751301,-7.12491432212661
2024-11-22,22.655308254775235,21.074911713010962,1.5221252048613911,19.162800205773753,4.729678646186685,320.2758913005549,control_2,-17.64067500091236,1.580396541764273
2024-12-09,0.7197189492944314,22.06356480482991,19.22437579999876,6.6512236665947055,2.8154315481914383,121.48153944834542,control_2,12.573152133404054,-21.343845855535477
2024-12-15,19.875634742415645,12.705176305141123,16.057400972139682,13.474911128403372,2.6950948265111574,63.27577741454604,control_2,2.58248984373631,7.170458437274522
2024-12-18,22.7938275928645,20.828503165422866,19.050110682438017,28.86418107868308,2.0576776576934614,338.03181455878513,control_2,-9.814070396245064,1.965324427441633
2024-12-27,19.40542910935716,11.793948436039665,23.775703401363735,17.538528459722723,3.375462416620446,108.69734460735788,control_2,6.237174941641012,7.611480673317496
2024-12-30,6.946447799279521,31.42612346333303,31.099481308632356,14.590133779572428,3.008531259180528,97.13334248444579,control_2,16.50934752905993,-24.47967566405351
2025-01-06,11.849275163183735,16.76465669983839,15.835039695063903,13.839235330392464,3.8538579750430983,134.2405156356141,control_2,1.9958043646714394,-4.915381536654655
2025-01-11,9.391125470806319,22.991614241215675,9.732586584898426,18.70799640785456,5.308577728020335,126.63798200088371,control_2,-8.975409822956133,-13.600488770409356
2025-01-12,1.4475468673526202,1.5730182932069634,3.6523296876638915,1.8111255915412592,3.4162270415172804,139.0055394589537,control_2,1.8412040961226324,-0.12547142585434323
2025-01-13,11.869674682046352,22.010820036771207,31.40307467935128,13.753533288446357,3.329461120556126,116.76581502013266,control_2,17.649541390904922,-10.141145354724856
2025-01-17,8.259056140266999,14.634024841985106,11.96841589349078,8.687637237286019,5.153373594136871,138.9387833249391,control_2,3.2807786562047614,-6.374968701718107
2025-01-18,4.017581646086612,8.839134124256828,1.5336936248468733,7.876959001036282,2.2413198747819716,131.45197877528847,control_2,-6.343265376189409,-4.821552478170217
2025-01-23,36.402835333378256,12.393244732368233,26.690794105102608,31.662075999546158,2.2173531565858298,304.8797098777158,control_2,-4.97128189444355,24.009590601010025
2025-01-24,24.532319587470727,59.68351225977462,32.64140141648387,48.05840460925879,2.983048545771168,137.72653278227483,control_2,-15.417003192774914,-35.15119267230389
2025-01-25,15.931448788492203,41.20265718029356,20.14888058556793,15.391984056210426,2.364133136681492,144.28521495444954,control_2,4.756896529357505,-25.27120839180136
2025-02-05,12.305486172211257,19.555067958550218,18.188512933542974,15.610899709729082,3.822089432875675,77.35135835007947,control_2,2.5776132238138914,-7.249581786338961
2025-02-07,9.73031357264986,13.390141522430177,13.923737556307596,6.38602641149654,5.6111247142700575,83.92562833460153,control_2,7.537711144811056,-3.6598279497803166
2025-02-09,19.452970275064775,18.132081005098247,33.44565554506873,16.695740661576888,2.113142596454039,98.6875928864369,control_2,16.749914883491844,1.3208892699665284
2025-02-10,15.641440522316303,58.08540420044527,28.681987710138156,24.376103017904043,2.3801575278431253,131.3396040703072,control_2,4.3058846922341125,-42.443963678128966
2025-02-11,11.958353747851415,28.56225184948449,9.953369535630904,14.87835569329886,4.053298497783766,136.97359239305234,control_2,-4.924986157667956,-16.603898101633074
2025-02-20,12.54686071462665,17.131016450302273,12.18404834774597,13.921475042583065,4.205031596306246,117.23986741032343,control_2,-1.7374266948370956,-4.584155735675623
2025-02-22,35.58049649601044,31.382403191772056,27.34830218929756,29.164539194924046,2.7032322748972857,307.3164404129043,control_2,-1.816237005626487,4.198093304238384
2025-02-24,19.350301669064926,24.86555539480923,22.942008683870124,30.952301399651585,4.206807312191723,300.10287223058634,control_2,-8.01029271578146,-5.515253725744305
2025-02-25,7.865862613463024,6.195311119503014,24.960048247860126,15.94257443744647,5.505885705584884,97.12542994661266,control_2,9.017473810413655,1.6705514939600103
2025-02-27,34.573999401802816,28.18550322730787,29.012358553057727,32.28815037850686,3.2278822675720464,315.4859832223607,control_2,-3.2757918254491365,6.3884961744949464
2025-03-03,22.913468859833063,24.883428828097184,22.38717307344104,21.06853730078286,7.131229822770836,139.22754347498028,control_2,1.3186357726581797,-1.9699599682641207
2025-03-06,23.633864484604047,29.02823384915442,26.807951246186093,18.752480390957494,6.670246706107795,145.98510682553092,control_2,8.055470855228599,-5.394369364550375
2025-03-07,28.64760410083048,38.602953488513954,32.0002305170584,26.85127047520113,4.682844377740295,142.48770831127013,control_2,5.1489600418572685,-9.955349387683473
2025-03-09,14.882792164220355,17.691921717314873,22.39227880309071,18.07512262575022,4.0180036185754755,327.2503879545589,control_2,4.31715617734049,-2.809129553094518
2025-03-10,19.535491026450288,23.634447634825907,24.916645243268903,21.911903479684323,2.606612050323254,89.66457461539858,control_2,3.0047417635845797,-4.0989566083756195
2025-03-12,7.626669589584088,10.214153700155594,1.9382739565957645,-1.0767689437265928,3.6449808797125223,296.711898613315,control_2,3.0150429003223573,-2.5874841105715056
2025-03-18,10.533315034804707,9.859092574715422,18.711612490559734,34.62998299796812,5.123041813849417,129.40800584659883,control_2,-15.918370507408387,0.6742224600892843
2025-03-19,40.90403131906875,34.06599506891068,33.08213771170803,34.723987426252755,5.305711614621276,317.06691063395084,control_2,-1.6418497145447262,6.838036250158069
2025-03-20,15.994512151629971,17.75277485724351,29.43047100614368,21.38565744839175,4.701816488970807,91.64664832094343,control_2,8.04481355775193,-1.7582627056135376
2025-03-21,27.38751121271602,8.607241262746824,18.813376595410308,17.30330920785364,2.582950731689676,357.494994840809,control_2,1.510067387556667,18.780269949969195
2025-03-22,34.54397894069139,26.15068272854866,24.877985852626956,27.063943726550214,4.13688720079239,129.87710031939685,control_2,-2.1859578739232575,8.39329621214273
2025-03-24,44.7989240909599,43.80711044877859,40.18397941127964,32.21092726221832,2.3258677440015822,112.35286832053441,control_2,7.973052149061317,0.9918136421813131
2025-03-25,46.47941990552469,30.161586066254205,38.52897929577072,33.19988961994301,2.9336209345680038,296.2417538990476,control_2,5.32908967582771,16.317833839270488
2025-03-26,34.32903846551066,31.813617166559442,32.191073895292526,34.61390349665764,4.579266271422181,311.8759670336513,control_2,-2.422829601365116,2.515421298951221
2025-03-27,12.252490997585463,10.227438534803737,12.902184873576573,10.932056506516716,3.1268364834975464,7.742606837900951,control_2,1.970128367059857,2.0250524627817263
2025-03-30,21.727519769569593,20.078734371771095,24.998074030893516,27.977278234684395,3.80145037246315,308.8258353516853,control_2,-2.9792042037908786,1.6487853977984983
2025-04-01,28.448786808057598,11.41456848782863,15.024682753592451,20.1001802109785,2.1829195407818003,114.6971957550054,control_2,-5.075497457386049,17.034218320228966
2025-04-02,11.89950233605434,27.323034322856426,18.436742045196418,23.13702427604166,3.774087508290575,146.44562420407328,control_2,-4.700282230845243,-15.423531986802086
2025-04-03,16.387929845940025,25.076832870812773,12.60576768982332,18.60667159010191,4.10352628709678,130.9867048978511,control_2,-6.00090390027859,-8.688903024872747
2025-04-04,38.70394241362544,47.29309279638776,28.71856989113149,34.65685821423765,2.8509564101498275,153.79096899459387,control_2,-5.9382883231061605,-8.58915038276232
2025-04-10,21.902611215024734,20.43453791415757,25.669993602804517,23.286546209068625,3.946719984219481,323.60650156420115,control_2,2.383447393735892,1.4680733008671645
2025-04-11,5.98563254421139,-6.461427277883808,-11.510102360695003,0.7606582437549523,2.425887810230365,174.96084851376395,control_2,-12.270760604449954,12.447059822095198
2025-04-12,11.003381321139479,12.149907996793072,7.332000098675212,7.40713430890582,5.517687597982181,128.51240001955728,control_2,-0.07513421023060829,-1.1465266756535932
2025-04-13,11.750661998052422,5.755503846783806,9.92113622283651,9.890147344564136,3.852099203255882,157.25163314648262,control_2,0.03098887827237462,5.995158151268616
2025-04-14,17.155977018565153,19.411838242493726,12.508198023461949,6.6437381807201215,3.5790126321759037,300.9426425300764,control_2,5.8644598427418275,-2.255861223928573
2025-04-16,2.2670620017268677,12.510997539835683,1.1931492975396059,1.2714928248197932,4.047724363506465,137.87224766207396,control_2,-0.07834352728018734,-10.243935538108815
2025-04-17,11.089406210544041,10.85365155192029,9.906784772691239,9.155968045546544,7.804284774216886,161.81931700788198,control_2,0.750816727144695,0.2357546586237511
2025-04-18,21.868318230837616,24.277790041992976,18.63283889612179,20.16598058791769,3.4243006878167064,179.71468793611916,control_2,-1.533141691795901,-2.4094718111553597
2025-04-20,14.178170655018095,12.282820149052789,13.53501446703629,15.454481252265966,3.165324437778517,113.92542368334529,control_2,-1.919466785229675,1.8953505059653057
2025-04-21,16.680478689691334,25.738856950997032,14.964581320436992,14.69358825035845,3.5680951690174894,117.12752136660197,control_2,0.270993070078541,-9.058378261305698
2025-04-22,8.631409918273686,18.129339946657755,16.433341861032687,9.511375838761996,2.232565977301861,166.62589655211445,control_2,6.921966022270691,-9.497930028384069
2025-04-23,9.376498424944877,15.661036580498527,13.914890156212289,18.989377600050993,3.443401708592183,146.67621389973544,control_2,-5.074487443838704,-6.2845381555536495
2025-04-28,12.818905054639073,19.576091414805305,15.098730905049468,19.03336360693369,4.560454165561158,146.13093691516497,control_2,-3.9346327018842224,-6.757186360166232
2025-04-30,15.28179634467537,23.97903056244584,18.884801889114467,18.033348803342907,3.2093102283765305,140.44362389032898,control_2,0.8514530857715599,-8.697234217770468
2025-05-02,22.510623362907655,25.445133602938782,34.359883611411036,24.30660836649317,3.13398414520711,309.0494276388596,control_2,10.053275244917867,-2.934510240031127
2025-05-03,10.621288172965746,12.098900144405762,13.093127271717044,10.290319481592586,3.44299679354614,136.53691673138565,control_2,2.802807790124458,-1.477611971440016
2025-05-04,11.953012463143962,22.17434635759789,16.92370708363005,17.658002222488747,5.9068063229100884,145.63981420754146,control_2,-0.7342951388586982,-10.22133389445393
2025-05-05,21.829379220902844,16.12055529775435,17.611565520023692,24.111317026528347,8.564168097482494,158.13763582522847,control_2,-6.499751506504655,5.708823923148493
2025-05-08,19.29162857278708,24.116182617572182,23.792379675207247,21.228196495768035,2.887612112671019,147.16063751943904,control_2,2.564183179439212,-4.824554044785103
2025-05-09,29.63956625582346,11.210054531983037,23.236391914058142,14.909321166874333,2.047939471196762,306.0201231564699,control_2,8.327070747183809,18.429511723840424
2025-05-11,2.168416925176431,-11.384365603961223,-15.476512749910432,-1.9155598330795798,5.54383675536756,36.90922808100248,control_2,-13.560952916830852,13.552782529137655
2025-05-15,17.59904025208029,25.387545514154258,24.462340028269136,17.580503450677003,3.8316014940142176,123.43742699262339,control_2,6.881836577592132,-7.7885052620739685
2025-05-18,9.446025794170488,24.06359088718206,17.105378922004274,19.84497375518576,6.1132856872118975,124.06001607496228,control_2,-2.739594833181485,-14.61756509301157
2025-05-19,38.17047402821669,44.45163315788263,41.11230036771246,36.36156649473311,2.4789211076055597,92.69793566648366,control_2,4.750733872979346,-6.281159129665944
2025-05-20,10.415571257471804,18.346805642113523,9.890637915428659,19.2948184090956,3.285713691442225,125.45119791958012,control_2,-9.404180493666942,-7.931234384641719
2025-05-22,22.15590959578425,25.634437521669913,22.82638844340885,17.13693116229921,3.2898585354417373,105.40799211134913,control_2,5.6894572811096396,-3.478527925885661
2025-05-24,17.85237365608107,23.79802467955191,24.00083289645292,30.908110337534673,2.1423927847354283,151.99196545988576,control_2,-6.907277441081753,-5.945651023470841
2025-05-26,0.3310314691675795,10.78553253310785,11.113473967175771,7.860101583881882,4.055279896237572,133.9631038118148,control_2,3.2533723832938897,-10.45450106394027
2025-05-27,21.514413286514674,30.566273880152014,27.235163995175945,31.314926048712707,2.744175492445703,147.01847080006218,control_2,-4.079762053536761,-9.05186059363734
2025-05-29,37.03311683404317,35.92426540991483,33.599865580285716,32.67187293426379,3.5282035047645444,98.13959906829405,control_2,0.9279926460219272,1.1088514241283391
2025-05-30,24.12484596695665,30.677604192287596,28.095283934272178,30.97523424616275,2.971092566166332,148.27628384150853,control_2,-2.879950311890571,-6.5527582253309475
2025-05-31,28.325384270675297,17.728616914585377,35.534967849331345,19.900916980341755,2.6147188341154997,318.9271261757681,control_2,15.63405086898959,10.59676735608992
2025-06-01,17.82765290646214,13.701626449286932,19.407994002504083,11.18584287060765,5.120419796000769,144.3595822527941,control_2,8.222151131896434,4.126026457175209
2025-06-02,29.446946725243425,19.445600395024456,28.95122075816617,27.914451404708764,4.785683209137543,149.95954682129155,control_2,1.0367693534574052,10.001346330218968
2025-06-03,27.82409927626906,29.40924369246555,29.516084962891682,24.970562356458252,4.907944497332482,148.0157457534316,control_2,4.54552260643343,-1.585144416196492
2025-06-07,25.93782615767111,15.335508054298431,14.152392664034341,20.470736679488244,2.4762974213377174,142.00968788910393,control_2,-6.318344015453903,10.60231810337268
2025-06-08,25.692827048147294,26.73509174277459,23.603558170105813,24.176042048224957,3.925498518132285,149.9127135264589,control_2,-0.5724838781191437,-1.0422646946272955
2025-06-09,22.234403672850178,25.686184131422536,22.376666224026618,24.181291279815557,2.3353238470027162,154.4737708954856,control_2,-1.8046250557889394,-3.451780458572358
2025-06-10,9.547150158865303,26.836017117475237,19.101234939209736,14.500836229020733,2.660245188281957,137.53392664111612,control_2,4.600398710189003,-17.288866958609933
2025-06-12,23.371834048375856,35.17616955870271,26.579454788255816,32.87052073711099,2.148728087670577,151.05786765878855,control_2,-6.291065948855177,-11.804335510326855
2025-06-15,27.901245447995876,24.991707742420836,13.61099888584142,28.09269301396363,2.487880454640265,142.58298497249984,control_2,-14.481694128122209,2.9095377055750404
2025-06-16,16.736138639851646,25.04297457055008,19.946431091510338,20.95344098836305,2.4917804701986066,165.90439683627733,control_2,-1.0070098968527113,-8.306835930698433
2025-06-17,33.6578931495536,42.83633295385689,34.29439994018145,30.40738731013422,2.222483227433138,142.62272853994284,control_2,3.8870126300472307,-9.178439804303288
2025-06-19,28.751716423450663,25.122651762293945,24.748046912138918,24.040642822611755,2.6684265183687597,158.87068143016063,control_2,0.7074040895271629,3.6290646611567183
2025-06-21,11.778257534243966,14.318754682330185,17.23505843536923,11.839808612732078,3.292380181519449,129.22806908949724,control_2,5.395249822637151,-2.540497148086219
2025-06-22,12.056853228390848,10.035148590076636,15.336040055099826,7.900400417200029,3.3757839806540364,122.26039198921728,control_2,7.435639637899797,2.021704638314212
2025-06-26,19.690355327835636,18.707925371939243,15.016725300002314,14.771147750639875,2.6991236869611916,133.92644256690585,control_2,0.24557754936243903,0.9824299558963929
2025-06-27,16.588927241632227,22.894433901245062,14.295996667748966,18.084015711428357,2.9550869201978687,128.293499655,control_2,-3.788019043679391,-6.305506659612835
2025-06-28,21.833228743264257,8.872043913051378,5.134321369745684,15.037185384368565,3.3032443117779,144.68165542020478,control_2,-9.902864014622882,12.96118483021288
2025-06-29,18.113685692298063,30.04124561175922,24.267965540108314,24.031237150399587,2.899806682106706,149.15015009190506,control_2,0.2367283897087269,-11.927559919461157
2025-07-02,21.203331010826734,35.767435146756846,25.124862284961424,26.314187341070184,2.4468825470973385,104.94362116517561,control_2,-1.1893250561087605,-14.564104135930112
2025-07-03,24.483165802061094,23.379733417537857,23.620151974093588,23.99390672057838,2.7944558838930056,150.3946959219092,control_2,-0.3737547464847921,1.1034323845232379
2025-07-05,28.37851682239274,29.91529677928352,26.217047905299086,25.62661986521968,2.410021071617859,138.34666051416116,control_2,0.5904280400794057,-1.5367799568907792
2025-07-06,23.26266933274564,24.43067121660455,19.311221170327602,20.856548903873104,2.373816652307129,132.0892944218201,control_2,-1.545327733545502,-1.16800188385891
2025-07-09,30.571589168725513,27.996177451646346,22.66667654258989,28.028764946822175,3.670341937934081,132.6922759279604,control_2,-5.362088404232285,2.5754117170791666
2025-07-10,25.753143178583638,21.141519828572044,23.700324624822123,23.824203513703075,3.843396940589645,130.4138351920131,control_2,-0.12387888888095233,4.611623350011595
2025-07-11,24.449762590586552,21.56861158387606,22.732441201216282,22.812607338880856,3.8390860249014502,143.52717063423165,control_2,-0.08016613766457326,2.8811510067104926
2025-07-12,22.940062434035656,18.356252749724028,17.404531829645574,16.83200888969609,3.0598719522487845,138.21779465895622,control_2,0.5725229399494829,4.583809684311628
2025-07-13,19.144039176571034,15.060644468445938,13.419112682163025,16.269018379134593,3.2131506257581264,138.97997645218317,control_2,-2.849905696971568,4.0833947081250965
2025-07-14,14.18133229374382,24.52837396978267,16.72544021193099,21.467742884330658,3.1807073418481786,135.67570369434077,control_2,-4.742302672399667,-10.34704167603885
2025-07-17,23.208036385369184,24.684396198250713,23.48365120749187,22.711561546915807,2.401600812053953,167.303874259655,control_2,0.7720896605760643,-1.4763598128815296
2025-07-18,20.686325081288327,23.804327586624993,24.209691010372424,25.5642313049182,2.5749222169666495,145.11745784168977,control_2,-1.3545402945457745,-3.1180025053366656
2025-07-19,10.153613417838649,15.094326620458833,12.73723569252163,12.006096776851681,3.526293454802605,106.35485841414504,control_2,0.7311389156699484,-4.940713202620184
2025-07-22,20.052940137561677,24.504974146168028,17.59370645364366,21.016224973544343,2.1542548037206455,146.7304506018005,control_2,-3.4225185199006845,-4.452034008606351
2025-07-23,15.592462739674025,15.578874402073275,18.883881599643086,16.500528322037145,2.188445612044045,175.18345930125201,control_2,2.3833532776059414,0.013588337600749512
2025-07-25,20.01137670153329,22.228274313456204,20.738644547634465,23.78764076687239,2.5452215812755883,155.374932477804,control_2,-3.0489962192379245,-2.2168976119229136
2025-07-26,24.7904682419418,27.496062499123155,25.674937411562993,25.851579618074226,2.631858018241077,133.36259111474902,control_2,-0.1766422065112323,-2.7055942571813567
2025-07-27,21.396340778516795,25.496098531401778,27.716601238171325,26.165280959062894,2.0425014502894014,162.68377917719738,control_2,1.551320279108431,-4.099757752884983
2025-07-31,15.276181651734051,28.370498830431945,21.070039474321796,18.24006817248816,2.682684343247408,128.63054321811177,control_2,2.829971301833634,-13.094317178697894
2025-08-02,21.4786677990451,20.100518473156814,22.862185205580808,24.42505279916249,2.796798240318222,155.10967077465307,control_2,-1.5628675935816823,1.378149325888284
2025-08-04,17.651853997015145,27.051681501949286,21.12193099542568,18.456298347371057,4.139627885474226,136.58551353884206,control_2,2.665632648054622,-9.39982750493414
2025-08-06,26.053984025821908,28.611107968348172,22.34334961829075,27.11110580124034,3.2498129898560304,136.54896522093668,control_2,-4.76775618294959,-2.557123942526264
2025-08-07,13.641025663718471,18.08273885169789,12.088748058892907,12.605645710786812,3.2215649572751146,116.75650365123732,control_2,-0.5168976518939044,-4.441713187979419
2025-08-08,12.968435133922807,19.817260481588754,12.846375032038905,14.88880264748129,2.8290031375870637,140.62699806716364,control_2,-2.042427615442385,-6.848825347665947
2025-08-09,21.681985964981607,21.84280505264838,21.082056477259133,16.844589768434073,2.9682204500977,144.78942602490383,control_2,4.23746670882506,-0.16081908766677344
2025-08-10,17.802825530968896,26.051401360110592,17.084426899780667,15.016939131605609,3.532210527670026,144.55915849484268,control_2,2.0674877681750576,-8.248575829141696
2025-08-11,13.629726377376633,23.63713655678165,15.590995765924134,15.875531163859645,2.256724228511079,151.59151784320102,control_2,-0.2845353979355103,-10.007410179405015
2025-08-13,18.277546690075113,19.735768390857707,19.613677858633114,18.42333490641763,3.129885578024114,137.4248206806484,control_2,1.1903429522154845,-1.4582217007825946
2025-08-14,20.113615757637437,22.80441161635439,11.587755752132722,15.206500268345133,3.0434198386908777,144.1269668569978,control_2,-3.618744516212411,-2.690795858716953
2025-08-15,19.82862228049624,26.216104743896107,22.157032069174473,17.064526352295253,2.844297523537443,145.9496462756798,control_2,5.09250571687922,-6.387482463399866
2025-08-20,28.487486945177945,23.16759423753751,21.35833899803653,29.165638152219007,4.002535019420365,142.41316595914043,control_2,-7.807299154182477,5.3198927076404345
2025-08-21,13.868448347513377,24.885544378106,15.024147754682996,22.634727534781096,3.0236349425061326,155.66602610330244,control_2,-7.610579780098099,-11.017096030592624
2025-08-30,24.26287318065979,25.771452359575356,30.96029813420096,26.020833888057393,2.360874778408708,300.53954915899857,control_2,4.939464246143569,-1.5085791789155678
2025-08-31,27.263464521048864,21.89232610524153,28.82664979861254,26.57218295851828,5.123673652084061,310.06931174992764,control_2,2.25446684009426,5.371138415807334
2025-09-01,29.1514491156634,22.916849784704752,24.473239217934786,23.231607371724884,4.220149993822779,310.7755647221319,control_2,1.241631846209902,6.234599330958648
2025-09-04,15.956992700851087,24.23775078484766,20.995749373863053,19.426956386473286,3.352237205193503,149.0232293465316,control_2,1.5687929873897666,-8.280758083996572
2025-09-06,28.731598356143873,26.436845813326144,28.83220066519962,26.034283924687458,3.4078770726202334,253.915639839675,control_2,2.7979167405121608,2.2947525428177293
2025-09-12,26.94958880907263,28.099787183001144,28.84822057996576,28.471724924698623,2.266460761041492,146.62773299487696,control_2,0.376495655267135,-1.1501983739285144
2025-09-14,17.51692463516354,18.276371193717385,16.441445048394527,17.696277872097355,2.7174994498364953,112.6340823395243,control_2,-1.2548328237028272,-0.7594465585538437
2025-09-15,29.343528492521877,34.08412232525905,28.08145030662278,30.807013213258806,2.812886331187704,146.79172279469867,control_2,-2.725562906636025,-4.740593832737176
2025-09-17,34.68804377153639,24.131645537703683,24.527969667366136,18.855656997207664,2.6185755548260476,302.6721666650331,control_2,5.6723126701584725,10.55639823383271
2025-09-18,28.84498501717641,15.359157591657002,18.60695242660721,20.932060430157627,2.5198011029004816,293.8402238755864,control_2,-2.3251080035504152,13.485827425519407
2025-09-21,19.446365350913474,21.009752651693802,24.695637933420848,23.927828322605734,3.3399672636852475,122.57390088845386,control_2,0.7678096108151138,-1.5633873007803274
2025-09-22,12.362942283325468,24.8869108492562,20.202810234362612,18.619479073362264,3.5471736889569425,141.23891012145702,control_2,1.5833311610003484,-12.523968565930732
2025-09-23,33.693083095503596,25.364686093072752,23.622295058403868,25.724521329477458,3.1046111839615045,303.2155515947454,control_2,-2.10222627107359,8.328397002430844
2025-09-24,30.041295613391515,20.433394170938996,23.152599394694388,25.265416309946563,3.0535559977093465,303.0420037079836,control_2,-2.112816915252175,9.607901442452519
2025-09-26,24.96386420425901,34.412006490351125,14.833197223806742,19.677224450543363,3.91243587603595,137.70484615912824,control_2,-4.844027226736621,-9.448142286092114
2025-09-27,29.64126756976034,12.021283186184899,16.98878677666123,14.07415215643169,2.597179229084024,300.6824372640955,control_2,2.9146346202295383,17.619984383575442
2025-10-01,30.939748496912554,59.52338349500412,37.75111900374597,16.9674599906883,3.3380575126649745,320.8523951091904,control_2,20.78365901305767,-28.583634998091565
2025-10-04,23.08073044528965,26.111222094617425,20.493398113581407,25.902114152977184,6.114096837075447,132.9829384893136,control_2,-5.408716039395777,-3.030491649327775
2025-10-05,18.322302635860265,21.999977026359137,17.7565180624834,19.521585268737205,3.866978354244213,145.13536201261093,control_2,-1.7650672062538035,-3.677674390498872
2025-10-07,21.142132676615784,11.46039972608158,20.998881775761202,17.419487067425255,3.639140124147808,311.080395314205,control_2,3.579394708335947,9.681732950534204
2025-10-08,12.890695062276876,11.63742250114645,25.352502643029293,17.646950601681617,5.1062267249478195,316.29456395938723,control_2,7.705552041347676,1.2532725611304265
2025-10-09,73.36305954066272,37.22033387178084,46.76310975933446,54.41554114072191,2.2432444658702875,302.62760878090694,control_2,-7.652431381387451,36.14272566888188
2025-10-10,24.34725668351514,25.569099166010073,33.65571211905403,31.1774482266957,3.6184719360326456,332.44595788547565,control_2,2.4782638923583313,-1.2218424824949317
2025-10-11,7.700671270326224,20.435030596438807,20.33919329984684,30.749104136984172,4.196226250864697,104.32156889256385,control_2,-10.409910837137332,-12.734359326112582
2025-10-14,25.951004608976458,30.322354664689218,21.68540767824147,29.80508834665539,2.2610207900567025,164.04905379850777,control_2,-8.119680668413917,-4.37135005571276
2025-10-15,18.586333018650457,32.74562820234018,23.032419194289787,23.299910709911533,2.3960060199026607,141.0456761521571,control_2,-0.2674915156217459,-14.159295183689721
2025-10-16,18.87070603442411,26.737089759021774,23.67361278718105,27.49046176242808,4.243852842160771,124.84175562279552,control_2,-3.81684897524703,-7.866383724597664
2025-10-19,28.039022605152862,22.20881530969685,21.409121736184773,25.909911066883705,3.682945344258018,87.80247782757488,control_2,-4.500789330698932,5.830207295456013
2025-10-28,31.97422147717956,22.030209948922497,23.04135710980971,25.829966302494775,4.277647105090928,310.0277522295618,control_2,-2.7886091926850654,9.944011528257064
2025-11-05,19.43079730593675,17.04209523945899,27.217952713276986,24.887022796172594,2.521110860697943,359.13631823180947,control_2,2.330929917104392,2.3887020664777587
2025-11-06,28.749063891793405,20.23088217855261,26.796279258883388,23.90104019993471,2.0962692854567333,36.856259875039314,control_2,2.895239058948679,8.518181713240796
2025-11-07,22.221732617605173,27.770472898468295,23.714144009748015,28.61827424022692,3.62358250306414,138.88567202315835,control_2,-4.904130230478906,-5.548740280863122
2025-11-09,21.110228709334923,18.600411940922356,14.801815596267,13.1682957500632,2.154075160657011,293.21117425626073,control_2,1.6335198462038,2.5098167684125663
2025-11-24,14.926013462830245,30.19733120197405,21.78260267514219,17.6309797061543,5.147526008332407,128.04316920075178,control_2,4.1516229689878905,-15.271317739143804
2025-11-29,17.79264017342644,7.8343525720751455,10.746258115757174,7.392692582027656,3.694430774543917,313.6619717782525,control_2,3.353565533729518,9.958287601351296
2025-11-30,1.3062937377135588,3.5037934377085356,-6.354449613149765,-4.60166601239401,4.327252737201584,129.9920420461455,control_2,-1.7527836007557553,-2.1974996999949767
2025-12-02,-2.2869593817750484,15.128917017090384,-0.7748406871769556,4.1559518061276055,2.2749467102182943,133.04375821303802,control_2,-4.930792493304561,-17.415876398865432
2025-12-03,1.1960139473715183,12.493404080553479,9.34726868461797,-2.561589192183081,2.77260937554542,107.156814731135,control_2,11.90885787680105,-11.29739013318196
2025-12-06,5.956539161598984,2.355489320275188,0.18721839322909495,4.530883478563528,4.52239704342875,94.98618274704796,control_2,-4.3436650853344325,3.601049841323796
2025-12-17,5.24639314597094,0.9853124966737314,8.674212079336026,-0.2242352178559141,7.374788166698928,111.37917081341823,control_2,8.898447297191941,4.261080649297208
2025-12-23,39.57763746248223,17.461305712423382,24.587802617894035,36.48621047318777,2.157078660568438,317.9498172057707,control_2,-11.898407855293733,22.116331750058848
2025-12-26,1.6555862623738842,-6.571846060890048,3.2541804277999544,-5.650746125490258,3.145045437685377,42.06718555383162,control_2,8.904926553290213,8.227432323263933
2025-12-27,-1.9323270030037565,-0.3918021586526798,3.7013223884669086,-8.718050415706095,5.998188135008398,118.7575868694799,control_2,12.419372804173005,-1.5405248443510766
2025-12-28,5.2821714095554,16.45931809013323,16.054584665199904,9.255226119069325,2.0751712255903216,144.1611991017811,control_2,6.799358546130579,-11.177146680577831
2025-12-29,2.4854349354568024,-4.111092975823135,-10.20448051853633,-1.5892682778481597,2.5178418529655393,304.88523387399874,control_2,-8.615212240688171,6.596527911279938
2026-01-03,-3.127328192199627,9.058868665449909,12.982027325407495,13.679370678511221,4.350956879441356,311.1185850785999,control_2,-0.6973433531037259,-12.186196857649536
2026-01-07,7.450239466168648,11.892115917839504,15.13276612103914,3.904246123611525,3.972697644510984,101.07100807605093,control_2,11.228519997427615,-4.441876451670856
2026-01-08,7.496150003061407,9.210720098695722,10.003877335079126,13.81753638433268,5.345962864195216,111.91588215351658,control_2,-3.8136590492535536,-1.7145700956343148
2026-01-24,17.7103572319446,24.643946950275463,19.747209165389485,14.636179931406042,2.2776530206687853,125.7915288735245,control_2,5.111029233983443,-6.933589718330865
2026-02-09,11.610255768163304,13.798826773196426,12.629796832447012,6.686118631891945,4.225904354439617,108.73759185989127,control_2,5.943678200555066,-2.188571005033122
2026-02-10,23.95866720914341,9.01686260519321,15.427634653992987,9.319984585628251,3.7429132893059993,302.4230511256471,control_2,6.107650068364736,14.9418046039502
2026-02-13,26.661129331059243,16.408630313586006,17.05105326210304,14.925666647263775,2.4553006514644515,310.176474127979,control_2,2.1253866148392646,10.252499017473237
2026-02-14,10.651290771375349,24.006365525388343,27.58622760676411,21.820486829727983,2.934845865895256,319.313295717137,control_2,5.765740777036125,-13.355074754012994
2026-02-19,15.062210136399026,18.129824118606923,18.597049255134664,12.846467665769666,3.8820689109326514,304.0262961302254,control_2,5.750581589364998,-3.067613982207897
2026-02-20,13.70477061914794,28.016632674096158,18.11360706665896,19.030353268091577,3.9292396642227634,103.59756018147323,control_2,-0.9167462014326162,-14.311862054948218
2026-02-22,28.00914780354046,17.92144047309649,24.005015028676667,23.52589653722514,5.932032753616659,319.6736352308441,control_2,0.4791184914515263,10.087707330443973
2026-03-03,18.31423999467228,21.439944640650936,16.386044504024504,13.688077470883282,2.3285632941011514,319.8087945911631,control_2,2.6979670331412215,-3.1257046459786544
2026-03-06,15.072994341353573,24.679927740544876,14.012184251032732,18.626845859711484,4.202472963144949,137.39833899756053,control_2,-4.614661608678752,-9.606933399191304
2026-03-08,15.831053834754528,29.762565969148252,20.720451965723257,20.538359561428436,2.7724128299092854,84.2463406668628,control_2,0.18209240429482065,-13.931512134393724
2026-03-09,12.815997107414342,15.259903932750758,10.838785677954435,12.67139932989672,4.631812282432131,148.3871805629169,control_2,-1.8326136519422853,-2.4439068253364162
2026-03-21,16.29566198677433,22.951734355470567,25.79735283364648,19.08831584742414,5.512864198623381,133.0538179399823,control_2,6.7090369862223405,-6.656072368696236
2026-03-22,6.790203026357151,17.506696230782033,8.241173609293176,17.238552707490282,2.4962880484210657,160.73207674010075,control_2,-8.997379098197106,-10.716493204424882
2026-03-26,27.089783540524127,42.291455858195924,27.918889186730556,32.8467099046891,4.185252480845504,141.923622254321,control_2,-4.927820717958543,-15.201672317671797
2026-03-27,23.708435430470335,16.799029541336623,17.437896940892344,19.151348586009156,3.7799358560635015,303.40024330701004,control_2,-1.7134516451168125,6.909405889133712
2026-04-05,15.807681944609293,6.010773128393756,19.952886831659743,5.167070868464677,3.7865669862086846,303.5631757396006,control_2,14.785815963195066,9.796908816215536
2026-04-07,8.924434866937132,25.19245904823335,19.15611432555643,13.009000688006875,4.279970057927629,109.66668526381989,control_2,6.147113637549555,-16.26802418129622
2026-04-10,8.9977772241439,8.779894396002652,1.8702498472056261,10.814196206291578,3.018465199142133,115.17699774506747,control_2,-8.943946359085952,0.2178828281412475
2026-04-14,12.667376566425752,19.02304291604634,12.325864736765963,13.655215409851674,3.189573086426519,92.46780629548078,control_2,-1.3293506730857114,-6.355666349620588
2026-04-16,6.023700001835705,8.65164769377016,10.26823243107101,12.860450840582066,3.9317154965648275,135.62986629989143,control_2,-2.592218409511057,-2.6279476919344553
2026-04-17,25.087469096794404,25.112373054571385,28.658902268183283,23.593212068202035,2.450661935388023,105.02897898397777,control_2,5.065690199981248,-0.0249039577769814
2026-04-19,23.473815817985162,16.30602099939804,16.291158419475128,13.087567148445656,4.090613208914783,302.72560801857685,control_2,3.203591271029472,7.167794818587122
2026-04-20,38.03705878274971,23.62100866932602,22.549219516658233,28.824796214911157,2.565346273641064,301.6230749120527,control_2,-6.275576698252923,14.41605011342369
2026-04-21,19.373535728444384,18.533092521359805,21.76029070171127,12.822791684725505,2.52306773793518,296.0159497732676,control_2,8.937499016985765,0.8404432070845793
2026-04-23,15.831525567270264,25.92559971398766,20.29161180857641,23.475259088999493,4.364206719100501,120.83612955177506,control_2,-3.1836472804230844,-10.094074146717395
2026-04-24,10.61694544822669,21.43552734075896,16.46111766049589,21.741345185309658,5.148743255590634,151.5370415550276,control_2,-5.280227524813768,-10.818581892532269
2026-04-26,12.828355462686643,14.624823710390954,15.585810193365498,13.879909461707129,4.0112222817189975,129.3435785698008,control_2,1.7059007316583692,-1.7964682477043112
2026-04-27,14.793867669417038,24.115644657322676,18.812113384809514,14.885878854244485,3.5192081700994304,152.34593990629924,control_2,3.9262345305650292,-9.321776987905638
2026-04-28,26.710554385787,38.92616746941051,26.262902418825018,28.762720187888586,2.4199104802632707,133.53910294742138,control_2,-2.4998177690635686,-12.21561308362351
2026-05-01,19.00904281719826,15.515156017071691,17.832527656743476,14.582902178277491,2.825053062650404,300.88398723691984,control_2,3.249625478465985,3.4938868001265693
2026-05-02,17.68261803827094,15.030756430568482,8.967003231705833,14.0279551074362,3.1344900652299956,286.62047369375136,control_2,-5.0609518757303675,2.6518616077024593
2026-05-03,25.55404524382642,28.866554520961497,22.9008031648561,18.415038675377538,2.766004595858196,177.1457708961924,control_2,4.485764489478562,-3.312509277135078
2026-05-04,24.293364394527188,29.91963287899744,31.96395785256058,32.25843878074,3.7959895605713645,156.00982938428592,control_2,-0.2944809281794214,-5.626268484470252
2026-05-05,23.222931620502823,24.579278295008155,22.49219705427216,27.086043464001047,3.78781639157294,174.98885473974315,control_2,-4.5938464097288865,-1.3563466745053319
2026-05-07,18.524119866467405,28.132359027968114,18.78414955556857,20.78985617255641,3.763758452155663,126.6931285649917,control_2,-2.0057066169878404,-9.608239161500709
2026-05-09,22.739503726405314,26.09268252910585,17.480139683029922,21.00143120743721,2.5094040770890884,138.78292802060076,control_2,-3.521291524407289,-3.353178802700537
2026-05-10,23.037824466349512,26.243462264771967,26.015936539927804,23.76136298866327,4.3128504606930385,312.6887542264964,control_2,2.254573551264535,-3.2056377984224547
2026-05-11,11.50249123846614,15.888049814419935,16.63719133896258,21.53137523372865,2.840479686304942,155.36553471837397,control_2,-4.894183894766069,-4.3855585759537945
2026-05-12,24.706496903323924,17.334712686904457,19.807918169152092,19.223025300916674,3.036505894677137,294.0650113602935,control_2,0.5848928682354178,7.371784216419467
2026-05-13,12.079921715514612,18.277449978090583,20.152072481635,19.177218658220692,9.244048425039441,100.62433503095264,control_2,0.9748538234143069,-6.197528262575972
2026-05-14,20.132540424214508,30.914918548621426,24.236635739689063,22.5018138828227,2.353554843799892,109.69706487464276,control_2,1.7348218568663647,-10.782378124406918
2026-05-15,11.6742703672844,19.206151524912197,16.855020115996965,6.39360677298687,3.681183142666979,119.5875770668348,control_2,10.461413343010094,-7.531881157627797
2026-05-17,16.87972294549711,15.3931373505394,18.686402914398467,20.893897916381352,6.648834694808166,161.0768766189617,control_2,-2.2074950019828847,1.4865855949577114
2026-05-19,26.167510608359127,38.89663399523212,31.15118679256705,23.40946378516627,2.58504739537234,132.92497363858263,control_2,7.741723007400779,-12.729123386872995
2026-05-21,30.80012539599345,27.888249562216163,27.646512340172578,34.50577660136634,4.105764650437779,160.03822398756427,control_2,-6.859264261193765,2.9118758337772874
2026-05-24,28.977978716661603,23.139221241135225,21.18888150443525,30.085919717866705,2.2810031880169257,111.37951635375191,control_2,-8.897038213431454,5.8387574755263785
2026-05-30,13.8427628926833,26.29034230073899,20.73661548425483,19.15223253045617,5.080217383672067,114.58157947709606,control_2,1.5843829537986593,-12.447579408055688
2026-05-31,11.286953010500728,21.407468488302502,17.57095350776478,12.50166938431099,3.4884378522574124,129.58934352728352,control_2,5.069284123453791,-10.120515477801774
2026-06-01,15.138223021837543,20.32559061884819,15.753771120443226,18.413317776219735,2.282247875684524,146.254286683261,control_2,-2.6595466557765093,-5.187367597010645
2026-06-04,24.275852797510904,20.401276152132343,17.752650093078895,21.391265983612264,3.0904075184008066,126.7300407508178,control_2,-3.6386158905333694,3.8745766453785606
2026-06-07,11.864837859336152,12.670566378918624,11.738800178980133,9.953521009458075,3.2547945980153656,132.82357383231795,control_2,1.7852791695220578,-0.8057285195824715
2026-06-09,21.110205815623427,22.468402972382712,24.829734132948683,22.093829583224828,5.887759315538074,96.44511008761287,control_2,2.7359045497238554,-1.3581971567592852
2026-06-10,21.013498353913555,23.209233500590337,25.947636145636494,20.226291490459666,5.828303711907541,124.86400136408452,control_2,5.7213446551768286,-2.195735146676782
2026-06-12,25.4287440850812,18.114060417222788,25.863357587111327,18.588233630680186,2.6907659241687703,144.96692752314493,control_2,7.275123956431141,7.314683667858411
2026-06-13,18.428758144334612,18.322193624932556,18.466108131207317,17.936332559781974,3.0492100982005867,153.86770996355267,control_2,0.5297755714253434,0.10656451940205613
2026-06-16,34.16175968865775,35.040782262715375,26.406454461864953,27.562441687022506,3.947071729426091,123.88060365791944,control_2,-1.1559872251575527,-0.8790225740576219
2026-06-17,22.36154715543472,27.060566066602973,26.06191064498423,24.219038038105342,4.649724028219796,138.22210331431393,control_2,1.8428726068788883,-4.6990189111682525
2026-06-21,26.227150353818804,31.771539454692647,24.551737780291926,19.08202384139325,2.2748307856321786,153.86986245924186,control_2,5.469713938898675,-5.544389100873843
2026-06-22,16.019086159970577,32.17893873717962,19.96042675187038,32.00310029006313,3.276648447266623,158.21837509061652,control_2,-12.042673538192751,-16.159852577209044
2026-06-24,12.950338957432054,24.764511324721038,19.041080523074527,20.088002542176916,2.961667043879715,152.3284669525367,control_2,-1.0469220191023894,-11.814172367288984
2026-06-29,19.996931116263312,24.94678239751251,22.56851590430442,21.661479737648055,3.4868419410166953,122.53380614864182,control_2,0.9070361666563649,-4.949851281249199
2026-07-03,16.54270428255734,31.817905771388933,33.822890478453,15.045593518600992,2.055749478810328,176.6572560359192,control_2,18.777296959852006,-15.275201488831591
2026-07-05,18.095053984917485,26.7037904846626,20.327535083237258,26.993838427476806,2.593041814615026,176.44998632827765,control_2,-6.666303344239548,-8.608736499745117
2026-07-06,23.117436134413925,25.245018569275704,20.115606469694946,25.82759533580603,4.711398964358935,143.20191549116078,control_2,-5.711988866111085,-2.127582434861779
2026-07-08,24.33945256727847,34.86895620104164,22.610074058822946,40.61386721026977,2.3555578995293476,159.33957982230345,control_2,-18.00379315144682,-10.52950363376317
2026-07-09,17.81980656898933,19.77500965441689,16.43997986952565,20.78122131942889,2.856289026244328,155.17053835690604,control_2,-4.34124144990324,-1.9552030854275628
2026-07-12,24.95202421136733,39.459740365070914,25.53926365290924,37.392965763154045,3.3665541469094307,151.65038336967945,control_2,-11.853702110244804,-14.507716153703583
2026-07-13,18.939176775503373,21.33116491144039,22.007555066886383,11.965173602637238,3.1636736432273356,140.91437158939436,control_2,10.042381464249145,-2.391988135937016
2026-07-18,32.98361967712115,39.48734694624243,34.10976656498609,33.35867812511371,2.8531928076480115,136.91267495739703,control_2,0.7510884398723761,-6.503727269121285
2026-07-20,15.653550922976907,23.184956214975344,19.872131897329677,23.623034133828536,4.216693269724569,163.31346428686163,control_2,-3.7509022364988596,-7.531405291998437
2026-07-21,19.370736783430395,23.5716569075157,17.207792140353938,15.312025100708846,2.2514138092507445,127.81223227075515,control_2,1.8957670396450919,-4.200920124085304
2026-07-26,22.651949126281878,26.764391129820975,45.57000911374041,25.307184345517804,2.333320169091797,158.2547744247662,control_2,20.262824768222607,-4.112442003539098
2026-07-27,21.145931479244968,29.557547083070737,25.303858424611857,27.488588788563902,2.7900482361434853,148.81484060102832,control_2,-2.1847303639520455,-8.41161560382577
2026-08-01,25.412093400204032,22.773523411006803,24.40946717062268,24.01531518194545,2.249803839095326,148.16067881217322,control_2,0.3941519886772298,2.6385699891972294
2026-08-02,17.755648025159616,21.96077294499863,18.626145864152896,18.753399423945925,3.7155759220046756,142.92346399901015,control_2,-0.12725355979302932,-4.205124919839015
2026-08-03,19.680773530741998,27.04444983358204,20.370010760359452,17.413423383394385,3.5824402026986397,141.96306383624722,control_2,2.956587376965068,-7.363676302840041
2026-08-04,18.101023503585242,27.21638285331124,25.138373044184707,21.37760278317801,2.334230195052747,155.394239573665,control_2,3.760770261006698,-9.115359349725999
2026-08-09,14.853710111896248,21.74950273169485,12.223771909541481,16.51537415768654,2.391993062495705,158.85011880190143,control_2,-4.291602248145059,-6.895792619798602
2026-08-10,17.187055213311346,19.281657135106162,17.862736417438764,17.497798906266432,2.6271489507460686,152.6765892853664,control_2,0.3649375111723323,-2.0946019217948155
2026-08-11,18.4747953958767,22.805400418989414,19.354875397784806,23.924224417566087,2.394512314004107,163.12211308602548,control_2,-4.569349019781281,-4.330605023112714
2026-08-15,27.67622259842262,18.028595084846888,8.252042420390424,20.111884653627573,2.279358096600912,283.69274185020623,control_2,-11.85984223323715,9.647627513575731
2026-08-22,16.145280066919153,22.811539319885384,15.436175423219197,11.841780179816457,2.4988208268570955,155.76394530316975,control_2,3.59439524340274,-6.666259252966231
2026-08-27,17.12643861052568,23.997260165027388,23.127638448888316,20.902512388174916,2.3234623158028693,96.06542289834118,control_2,2.2251260607134,-6.87082155450171
2026-08-29,13.592343461711474,17.308448535181565,17.220709468368558,19.64209690822231,2.5172565712201855,84.90853393667817,control_2,-2.4213874398537527,-3.716105073470091
2026-08-31,30.901001749264154,14.027862469850282,16.818345316319395,12.88544936487011,2.467325414817944,281.8820649190518,control_2,3.932895951449284,16.87313927941387
