d,cross1,cross2,down,up,speed,phi,site,dw_minus_uw,cross_diff
2023-01-19,5.154933123160825,6.024764730136841,18.00684581686773,3.5087093717823272,2.9126086775228224,89.642181812209,epoch_google_the_dalles,14.498136445085404,-0.8698316069760157
2023-01-22,13.074970104641933,-3.8410547306302436,-1.332477629318242,-0.10978051180057559,3.5315618877106436,95.79904060786993,epoch_google_the_dalles,-1.2226971175176664,16.916024835272175
2023-01-26,12.687060906522452,8.999805667916531,27.78015024996656,15.323586202223613,2.5096649890165055,79.45939457228269,epoch_google_the_dalles,12.456564047742948,3.687255238605921
2023-01-27,25.423665693394792,37.40820790189319,33.59292083681294,28.108541431911277,3.013524352269164,92.11729529199232,epoch_google_the_dalles,5.484379404901659,-11.9845422084984
2023-02-13,15.792234382224889,10.031745828219004,12.232297303687389,4.585166677832583,3.679563081181091,83.82339260013396,epoch_google_the_dalles,7.647130625854806,5.760488554005885
2023-02-14,8.051842707187362,11.51161150655552,13.604813370991637,8.906964880530177,2.050734659429221,94.09699179403418,epoch_google_the_dalles,4.69784849046146,-3.459768799368158
2023-02-18,28.427542277182596,41.79468155226459,38.9774422367922,64.20826664557848,4.606736208667672,90.60018872726926,epoch_google_the_dalles,-25.230824408786276,-13.367139275081996
2023-02-20,32.29983878869825,30.76095430268869,27.12487449969538,24.534403736614554,3.1373142230510016,67.23343308320892,epoch_google_the_dalles,2.590470763080827,1.5388844860095645
2023-02-21,-7.269485716933713,-14.619415028512238,-7.511613244089897,-5.934442661412091,4.059649561038703,75.92650265251154,epoch_google_the_dalles,-1.5771705826778062,7.349929311578525
2023-02-24,24.966358076424402,20.680193506325107,28.82658374707557,25.800777559920125,2.742692110645648,287.7567426020221,epoch_google_the_dalles,3.025806187155446,4.286164570099295
2023-03-01,35.201353261349695,36.27796975413128,41.391954794310024,48.122429356988846,2.893364657049747,82.95929872078165,epoch_google_the_dalles,-6.730474562678822,-1.0766164927815822
2023-03-03,35.254567645121035,17.7104676547595,26.290994153747107,10.743306587972727,3.725873092830557,88.38646529982321,epoch_google_the_dalles,15.54768756577438,17.544099990361534
2023-03-15,23.573573305230358,21.946817995288274,20.380574422326866,28.823010970920134,3.4253201937324245,98.99517077473388,epoch_google_the_dalles,-8.442436548593268,1.6267553099420837
2023-03-16,23.642808464851672,27.89174245221344,25.593792239225095,32.901318077680656,3.303378376729712,280.58569377215736,epoch_google_the_dalles,-7.307525838455561,-4.248933987361767
2023-03-17,28.18115534627139,24.411340706940273,27.73625410222352,24.159257082994664,2.2526959570892946,284.37505670582686,epoch_google_the_dalles,3.5769970192288554,3.7698146393311163
2023-03-18,15.28670933448194,25.406030396693325,18.11586541971927,17.07250319697909,2.0012906470028295,280.4009052130044,epoch_google_the_dalles,1.043362222740182,-10.119321062211386
2023-03-20,23.225236687414313,13.581079438227153,25.701656666316385,27.35233690429353,3.8431848735397196,96.03733883735009,epoch_google_the_dalles,-1.650680237977145,9.64415724918716
2023-03-25,28.499356547704735,7.907553696105132,16.00921848404044,23.949700723994187,3.3595619497067903,94.37738430940556,epoch_google_the_dalles,-7.940482239953749,20.591802851599603
2023-03-26,20.367155240389128,16.47328351790943,22.877904250770246,22.781298285757124,3.359566939016445,92.1191556313396,epoch_google_the_dalles,0.09660596501312213,3.893871722479698
2023-03-27,16.161620466306516,16.36173743711351,11.259155578422883,9.029110144745005,3.1564872421721986,277.1464706532895,epoch_google_the_dalles,2.230045433677878,-0.2001169708069952
2023-03-30,32.080230848454455,32.57800604867354,30.30497692964173,26.058395904321447,4.495304663163545,94.47544193006075,epoch_google_the_dalles,4.246581025320282,-0.49777520021908117
2023-04-01,15.679243401326275,14.685082296494393,16.66691819077689,8.860172053274663,3.1033471983343155,78.58220556765525,epoch_google_the_dalles,7.806746137502227,0.9941611048318819
2023-04-03,27.357944317065698,28.437900439387764,36.058470689353605,30.719053921004807,3.3919047295506397,104.90305121121065,epoch_google_the_dalles,5.339416768348798,-1.0799561223220664
2023-04-04,28.511942273237104,16.512935611098612,24.291436149066932,26.590054322699018,2.612830487650313,82.3476655492887,epoch_google_the_dalles,-2.298618173632086,11.999006662138491
2023-04-11,5.804185838059761,8.047405767615608,13.998592302938567,10.007070685218991,3.2914924269200725,92.91570037137944,epoch_google_the_dalles,3.9915216177195756,-2.2432199295558473
2023-04-12,26.985806211813355,8.725070883777292,23.228561658994145,24.528527637815763,3.2077862997948015,92.92018061207636,epoch_google_the_dalles,-1.2999659788216178,18.260735328036063
2023-04-18,15.903979773557408,11.239600874305397,9.271934115299786,7.198103080933344,2.880207031036446,92.09566688158344,epoch_google_the_dalles,2.0738310343664415,4.664378899252011
2023-04-21,32.14664364617504,21.56102267756749,24.742537503634058,22.03619977365527,2.990167441471043,94.68271068492948,epoch_google_the_dalles,2.706337729978788,10.585620968607554
2023-04-23,41.31373175989567,25.65631226095186,27.486193016363355,26.97890008083101,3.0681224687273074,94.3621895047084,epoch_google_the_dalles,0.5072929355323446,15.657419498943806
2023-04-24,30.58372487060419,29.383495109612472,34.48758305198125,35.08107069428498,4.409564462785874,94.69750981019308,epoch_google_the_dalles,-0.5934876423037352,1.2002297609917179
2023-04-27,17.54207109422871,22.605714826320405,22.76032245613197,20.17327291256636,2.1345741032026417,279.84354995000024,epoch_google_the_dalles,2.587049543565609,-5.063643732091695
2023-04-28,24.56268746963536,27.137825895238294,27.88968823420079,28.7235745616335,2.8777143357794785,279.6196998771184,epoch_google_the_dalles,-0.8338863274327117,-2.5751384256029333
2023-04-30,30.362100335898262,27.836437352484218,31.470355334739683,29.145632132976637,4.189397018200379,98.92979842796922,epoch_google_the_dalles,2.324723201763046,2.525662983414044
2023-05-02,32.99775344091446,23.693625511747257,32.00464366977287,33.32536899933208,2.0231340537327234,322.2736248639635,epoch_google_the_dalles,-1.3207253295592096,9.304127929167201
2023-05-06,27.264970534138953,20.314441193553208,21.90779465745631,21.64924230549357,2.7998514940787316,94.43354782640654,epoch_google_the_dalles,0.2585523519627415,6.950529340585746
2023-05-07,33.8882736813972,19.74781368722709,26.38784068227707,22.92661257845847,2.661688757141156,79.22512076398993,epoch_google_the_dalles,3.4612281038185984,14.140459994170111
2023-05-12,25.553442973587178,28.33833660602995,21.741266444596686,29.120470288165794,2.030300850112669,288.4685658607781,epoch_google_the_dalles,-7.379203843569108,-2.784893632442774
2023-05-13,23.051425533147377,22.678698930297244,26.619701115732546,26.194609643586617,2.39287328141485,280.3198134246237,epoch_google_the_dalles,0.42509147214592957,0.3727266028501326
2023-05-14,15.951839226732684,10.920683137753155,16.270360855304435,11.280324137851785,3.598712160571407,256.7131369363426,epoch_google_the_dalles,4.99003671745265,5.031156088979529
2023-05-15,21.495226669457594,19.50296960205163,18.734949287275008,17.958603106528738,2.075469386752984,288.40424465586057,epoch_google_the_dalles,0.7763461807462697,1.9922570674059656
2023-05-20,17.20705975027423,8.771462206841932,13.696273860649114,16.76689759829416,2.3948791892719017,102.20295193613129,epoch_google_the_dalles,-3.0706237376450467,8.435597543432298
2023-05-21,19.306868933089838,17.141892784031537,12.04409720256417,12.427285345371358,4.737064323233082,89.92765315404671,epoch_google_the_dalles,-0.38318814280718705,2.164976149058301
2023-05-22,17.82674697301072,21.97145217530924,26.17494958502919,38.43209741170258,5.285298879771178,94.6095270773884,epoch_google_the_dalles,-12.257147826673389,-4.144705202298518
2023-05-23,14.97239960511474,17.220735686890666,14.20582699150594,14.051160790131876,2.087701669349386,91.94241211888021,epoch_google_the_dalles,0.15466620137406473,-2.2483360817759266
2023-05-27,23.07921386226885,25.679263741059525,19.60237534427287,21.176930743925098,4.122741452261893,92.48695995454102,epoch_google_the_dalles,-1.5745553996522297,-2.6000498787906743
2023-05-28,26.64314738798973,19.267673391638656,20.304710467891233,13.835708192725972,3.269292773489411,89.83660803860772,epoch_google_the_dalles,6.469002275165261,7.375473996351072
2023-05-29,24.074284164389507,17.80763086700528,24.02433267782509,26.32253703248754,3.3770567368982465,88.2880076681572,epoch_google_the_dalles,-2.298204354662449,6.266653297384227
2023-05-31,21.242901484469563,23.711996441355613,20.54814964188845,21.03628983414289,4.591667523607137,95.65795239053114,epoch_google_the_dalles,-0.4881401922544413,-2.4690949568860496
2023-06-02,19.008261652280638,30.81039262775327,27.819235572902716,28.774530810697485,2.2932908093899522,96.01958549361831,epoch_google_the_dalles,-0.9552952377947683,-11.802130975472632
2023-06-04,10.028420378098714,9.055581129890095,12.632270181748762,14.946878954664772,2.6116786142092465,97.32401582801936,epoch_google_the_dalles,-2.31460877291601,0.9728392482086186
2023-06-06,29.9824688434207,35.857764055385786,30.699955551108197,36.835940921038116,2.3439845185990733,278.28932128371855,epoch_google_the_dalles,-6.135985369929919,-5.875295211965085
2023-06-10,14.367125382215924,21.55911188790493,22.34541025365004,20.12844901222922,3.061347570959681,104.65599238532639,epoch_google_the_dalles,2.2169612414208224,-7.191986505689005
2023-06-12,30.186875272139723,40.64119972235116,34.09738422171511,30.48571458170028,2.1119560520218474,107.77346874170917,epoch_google_the_dalles,3.6116696400148314,-10.454324450211438
2023-06-14,31.615516792243238,35.73429371207359,26.713878590590998,28.859908238703934,5.383806747140949,96.16671925576634,epoch_google_the_dalles,-2.146029648112936,-4.118776919830349
2023-06-15,13.236735877635402,14.640489289657745,16.761984080028967,14.69290225131945,2.3502710190611027,92.91910852337685,epoch_google_the_dalles,2.069081828709516,-1.4037534120223434
2023-06-17,19.730569287632417,18.928624278664536,20.985747441193126,18.341236906116322,4.557793402513453,88.5507487089435,epoch_google_the_dalles,2.6445105350768046,0.8019450089678806
2023-06-19,22.048926316016388,20.627550823553083,24.550976095204092,25.937042169040414,4.82630854908909,89.90259460582354,epoch_google_the_dalles,-1.3860660738363215,1.421375492463305
2023-06-20,15.655119094551663,16.170380801911186,14.449682897602669,14.838730187670496,3.0589827093200967,108.80184614052598,epoch_google_the_dalles,-0.38904729006782723,-0.5152617073595227
2023-06-22,19.616808317070237,19.91681808747491,23.34089250723141,22.02241385144481,2.0872028906913536,275.75078472674795,epoch_google_the_dalles,1.318478655786599,-0.3000097704046709
2023-06-24,25.45994883613098,22.539188533434654,25.03625485490385,25.328891950587497,2.2791716694510202,104.12225333605551,epoch_google_the_dalles,-0.2926370956836486,2.9207603026963262
2023-06-25,13.210200785178566,18.709544636308166,19.4803944625574,19.671183250478368,2.1038209364907967,99.93484675169594,epoch_google_the_dalles,-0.19078878792096887,-5.4993438511296
2023-06-26,12.918570860407465,20.88664257530914,17.97743442219856,15.495143044568577,3.3080429903511646,93.20647716838454,epoch_google_the_dalles,2.4822913776299824,-7.968071714901674
2023-06-28,34.31911109912091,36.164856989575306,34.20051440025225,30.701587228367003,2.324378103139825,95.09100973994776,epoch_google_the_dalles,3.4989271718852493,-1.8457458904543955
2023-06-29,28.402337505191387,39.073452273686605,32.67274625003018,30.209072697356895,2.8337341974578503,99.71974023384644,epoch_google_the_dalles,2.463673552673285,-10.671114768495219
2023-06-30,14.671648868968992,14.903362521448699,16.72673952625331,15.453016640873482,2.94078415181896,97.72425182912292,epoch_google_the_dalles,1.2737228853798293,-0.23171365247970677
2023-07-01,14.583216159959882,17.916571202122228,11.229315377695197,20.410509529542153,3.915776815209529,92.4618308906808,epoch_google_the_dalles,-9.181194151846956,-3.3333550421623457
2023-07-06,24.885524968766692,26.543866913819507,27.905028316373507,26.987226828712725,2.0048758297813856,97.20297703679125,epoch_google_the_dalles,0.9178014876607818,-1.6583419450528147
2023-07-07,30.792027566086837,27.958826304666637,28.122845101630137,29.324748255757978,2.9381035610876345,98.35082005660718,epoch_google_the_dalles,-1.2019031541278409,2.8332012614202
2023-07-08,31.339833343732703,28.474609717881883,27.95113990894572,30.234945250285765,3.2296026429309443,95.34915017424908,epoch_google_the_dalles,-2.283805341340045,2.8652236258508204
2023-07-09,25.084069587489083,35.48969685621781,21.21846735888194,32.768793464997366,3.074080094769436,93.5744184225901,epoch_google_the_dalles,-11.550326106115424,-10.405627268728729
2023-07-10,27.214636366774908,27.915724900969924,24.718648292189265,26.952006141066338,4.657651848693952,94.21185530402266,epoch_google_the_dalles,-2.2333578488770733,-0.7010885341950157
2023-07-11,19.290834427627054,25.713129953133983,22.58721083505579,18.85644873757452,3.2373718247025565,95.30535641515564,epoch_google_the_dalles,3.730762097481268,-6.422295525506929
2023-07-12,22.143966455858724,17.67906797492103,22.643563182292596,23.833379369826662,3.5616803850513135,101.1542493157865,epoch_google_the_dalles,-1.189816187534067,4.464898480937695
2023-07-13,21.758767824398067,27.070618462946744,29.373572134079474,26.223598667864042,3.2045424069746975,99.76686451678785,epoch_google_the_dalles,3.1499734662154317,-5.311850638548677
2023-07-16,18.63252616188589,15.504575059196245,16.143772151516835,18.009227255351952,3.093172407842816,97.90777121827176,epoch_google_the_dalles,-1.8654551038351173,3.1279511026896465
2023-07-17,20.452883722215745,18.926041451909217,21.41421804919219,21.985892027916794,4.473706141492352,95.55381524189016,epoch_google_the_dalles,-0.5716739787246041,1.5268422703065276
2023-07-19,27.23030865775174,18.691853517271433,22.293478672461045,16.88515559116192,2.3766726543101857,273.43982856050434,epoch_google_the_dalles,5.408323081299127,8.538455140480306
2023-07-20,16.546652272386936,21.159243671109472,25.555102790508162,20.289836815579203,2.3477160144620486,101.2672455342755,epoch_google_the_dalles,5.265265974928958,-4.612591398722536
2023-07-21,26.205540591431404,14.9218078309688,25.21060416113317,15.626300376105213,3.4219022617525576,97.50277443037783,epoch_google_the_dalles,9.584303785027956,11.283732760462604
2023-07-22,12.331092446400058,17.336777118643617,13.322306854020391,15.485082821239684,3.1655156794406243,102.12599644767187,epoch_google_the_dalles,-2.162775967219293,-5.005684672243559
2023-07-23,12.535138336229876,13.094619005153824,13.32415417846052,11.497927799053894,2.7672479487099864,107.34195315387763,epoch_google_the_dalles,1.8262263794066254,-0.559480668923948
2023-07-25,25.566252175676247,21.587171452396056,25.41022087643177,20.393420827387565,3.2916525194200528,107.37189710991373,epoch_google_the_dalles,5.016800049044203,3.979080723280191
2023-07-27,13.686191594571412,27.318138288483624,19.356138021947302,17.721571845821146,3.280558769844294,96.95758387105963,epoch_google_the_dalles,1.6345661761261567,-13.631946693912212
2023-07-28,13.353148192647515,14.52632425281303,14.479536217364112,17.116536969120272,2.064644495338292,106.4252893602901,epoch_google_the_dalles,-2.63700075175616,-1.173176060165515
2023-07-29,19.29866661397479,19.278532947003754,19.540608423834406,27.44391519388483,3.4189967635573693,99.00609620463763,epoch_google_the_dalles,-7.903306770050424,0.02013366697103791
2023-07-30,18.567919543197096,21.87208992903961,21.59175841925962,20.573563972534583,3.6328841064714283,97.5740219177581,epoch_google_the_dalles,1.0181944467250368,-3.3041703858425144
2023-07-31,19.55714410995152,25.975904226847476,26.051073142054815,22.60074510544553,2.3097785449061816,102.82033840052691,epoch_google_the_dalles,3.450328036609285,-6.418760116895957
2023-08-02,17.305403176047474,19.135131980854748,14.475374962076437,15.818410607160072,3.0018614898680274,99.94572113776678,epoch_google_the_dalles,-1.343035645083635,-1.8297288048072744
2023-08-03,21.85079586071797,22.296434684118505,25.71812990487595,23.476972185141815,2.7648474643934082,98.84445302159867,epoch_google_the_dalles,2.2411577197341366,-0.44563882340053595
2023-08-06,15.544722769081623,22.50359631792257,15.110117303066486,27.252917469035552,3.3119778408889142,91.60145313758164,epoch_google_the_dalles,-12.142800165969065,-6.958873548840948
2023-08-07,16.108935036138572,18.21162294453504,17.564958710191558,14.945812660301634,2.963623654578147,98.97227388146496,epoch_google_the_dalles,2.619146049889924,-2.1026879083964687
2023-08-09,27.7173157558715,36.175823899410446,21.450541076736922,32.284682682651734,4.314603732637268,96.28846464086052,epoch_google_the_dalles,-10.834141605914812,-8.458508143538946
2023-08-10,17.23547975134649,24.90757841813762,19.412265768632647,32.96619169388621,3.4273537657949387,92.29749054174522,epoch_google_the_dalles,-13.553925925253562,-7.672098666791133
2023-08-11,17.160364947429958,27.76191801400015,21.584287352598754,21.02079531285156,3.2080716918357792,93.01844970019306,epoch_google_the_dalles,0.5634920397471923,-10.60155306657019
2023-08-13,9.319853172297227,9.032384159184367,14.920645700991804,10.731172932035916,2.780995242977901,276.0803380949172,epoch_google_the_dalles,4.189472768955888,0.2874690131128599
2023-08-14,19.535622694510252,22.832828087630677,15.198401829163055,25.87393908374917,2.566075323567372,280.11108215330273,epoch_google_the_dalles,-10.675537254586116,-3.297205393120425
2023-08-16,20.472108757837532,19.261011279142604,21.75944932294889,32.96062038962764,2.1967048117019417,100.06993980385448,epoch_google_the_dalles,-11.201171066678754,1.2110974786949278
2023-08-18,11.416837820415958,11.627269859023889,18.40831427052608,12.304125898879752,4.6389389047810345,92.08617108927348,epoch_google_the_dalles,6.1041883716463285,-0.21043203860793014
2023-08-19,20.590748264207367,24.985589401211463,22.245720083961707,21.61848540185423,2.720598540998544,269.0377124950717,epoch_google_the_dalles,0.6272346821074777,-4.3948411370040965
2023-08-22,17.077215362045973,19.35616936538777,20.97719758037162,19.87638127110754,3.241452060306805,93.6026475528493,epoch_google_the_dalles,1.1008163092640793,-2.2789540033417985
2023-08-23,15.359387587616522,20.97751680483851,22.54592079906504,18.267654140981207,2.217401455276606,106.8290413456129,epoch_google_the_dalles,4.278266658083833,-5.618129217221986
2023-08-24,19.66352140368649,14.503969415576154,18.550606149048082,20.14195700670649,3.0886310190242674,274.3310222082371,epoch_google_the_dalles,-1.5913508576584086,5.159551988110337
2023-08-25,19.545847797403127,24.021341253760838,22.723609305430546,28.083845840076858,2.7265513454614942,277.11964719179525,epoch_google_the_dalles,-5.360236534646312,-4.475493456357711
2023-08-28,21.167656985719333,24.729451694160012,25.659589547302474,24.974645105521553,2.3329441532627193,90.23880832403131,epoch_google_the_dalles,0.684944441780921,-3.5617947084406794
2023-08-29,12.788454545732717,14.481846548977932,18.100682404844548,12.74934050566443,6.384653407890756,96.27030714101198,epoch_google_the_dalles,5.3513418991801185,-1.693392003245215
2023-08-30,21.18591041313301,26.91308431666539,29.495828471798884,27.938638505575334,4.568283370014975,91.66453196110035,epoch_google_the_dalles,1.5571899662235502,-5.727173903532382
2023-09-03,32.14120388738921,32.19941882124053,31.943756414678983,51.70674031946347,4.398074718181939,93.0683960517024,epoch_google_the_dalles,-19.762983904784488,-0.058214933851317596
2023-09-04,31.90012470696945,23.950498636510762,26.386864638317622,22.695377574067727,4.453778980471938,92.09102901641666,epoch_google_the_dalles,3.6914870642498947,7.949626070458688
2023-09-05,16.583380847290712,12.119964146438402,12.031377415400534,19.704314246842046,2.206181063352601,93.43185030615746,epoch_google_the_dalles,-7.672936831441511,4.46341670085231
2023-09-06,8.297206485594014,15.265901966121797,16.66547102752381,20.19213518499892,2.923984473041714,95.03436229351217,epoch_google_the_dalles,-3.5266641574751105,-6.968695480527783
2023-09-09,25.108748359026908,28.62006670234097,28.13027414350535,26.304323962768862,2.0633129370816925,276.6372529121848,epoch_google_the_dalles,1.8259501807364877,-3.5113183433140627
2023-09-12,17.64277204427135,13.769134253702846,13.947935081581853,18.995216991521822,3.3184466438668188,94.75569967965879,epoch_google_the_dalles,-5.047281909939969,3.8736377905685035
2023-09-14,27.13190346030137,19.389443606435186,21.117711935047904,19.069811412927812,2.214775403048253,282.37987295802264,epoch_google_the_dalles,2.0479005221200914,7.742459853866183
2023-09-17,38.047509273059376,35.28256935815754,23.77018526966501,31.63580250695421,3.0114514220206727,100.55116454920443,epoch_google_the_dalles,-7.8656172372892,2.764939914901838
2023-09-18,22.190548478697664,17.44836175867348,23.632507692199365,20.55717120913607,4.48290702172367,88.06345572779838,epoch_google_the_dalles,3.075336483063296,4.742186720024183
2023-09-19,9.656618844533154,11.948903322681733,17.17426034965581,19.371727532698436,3.800759973915477,92.04154573482731,epoch_google_the_dalles,-2.197467183042626,-2.292284478148579
2023-09-28,14.81910940306349,23.778117741664243,21.201336515382664,30.322136296543146,2.064175659894831,90.40117656526604,epoch_google_the_dalles,-9.120799781160482,-8.959008338600754
2023-10-03,36.87743985635283,34.823200199999,41.78836698543493,32.44707754433636,3.382436044422032,93.06370399476236,epoch_google_the_dalles,9.341289441098567,2.054239656353829
2023-10-04,12.414210157526865,15.128381277187861,8.04164114348943,5.2153535919354805,2.3608331221240237,75.93398257871081,epoch_google_the_dalles,2.82628755155395,-2.714171119660996
2023-10-06,33.64760259852472,25.736755526251386,29.80985227925764,25.57427816900571,2.90963831178445,280.9747130386083,epoch_google_the_dalles,4.235574110251932,7.910847072273334
2023-10-07,18.18039522892386,16.171590215842873,28.541311784031777,30.09728728967105,2.1434945102675704,284.3395912776207,epoch_google_the_dalles,-1.5559755056392746,2.0088050130809876
2023-10-12,22.325014473685453,24.653289936431676,16.439476442285287,24.44459802069686,2.477816221564262,279.8488189656113,epoch_google_the_dalles,-8.005121578411572,-2.328275462746223
2023-10-13,17.714951994601105,14.898142068511603,21.190516910121776,17.93689517707009,2.6186135481074584,280.25305113355193,epoch_google_the_dalles,3.253621733051684,2.816809926089501
2023-10-22,27.230679713171423,32.374201497352246,26.574537739640082,23.162822077863883,2.4807116841600583,94.79681615797409,epoch_google_the_dalles,3.4117156617761992,-5.143521784180823
2023-10-23,24.50237103094048,32.544234134254005,11.571602553958455,30.704569663229805,4.052336453991357,92.37393575306197,epoch_google_the_dalles,-19.13296710927135,-8.041863103313524
2023-10-27,21.7541582257688,25.192235509324142,36.91545632703371,18.47954807032699,2.2634432892599414,264.98870169838244,epoch_google_the_dalles,18.435908256706718,-3.438077283555341
2023-10-28,24.953024135123883,19.65994348781293,35.55779684176082,23.84905751585979,2.3427980512938604,289.1980637868725,epoch_google_the_dalles,11.708739325901028,5.293080647310951
2023-10-29,26.35941192578046,26.955223123639794,21.59326273869477,29.97944957430163,2.2214116662397134,286.007591896922,epoch_google_the_dalles,-8.38618683560686,-0.5958111978593337
2023-10-30,25.938951163248056,34.2106062807071,40.242713425366766,29.389598086598376,2.288295251254156,286.06405132008734,epoch_google_the_dalles,10.85311533876839,-8.27165511745904
2023-11-19,7.263737399697222,12.217610305845676,14.760531736003252,7.2925423586750595,3.8962599919555796,85.91474292312273,epoch_google_the_dalles,7.467989377328192,-4.9538729061484545
2023-12-08,13.293024249895945,9.580467624818793,17.01400195029829,20.822317058079552,3.4614461919255692,91.86633159001252,epoch_google_the_dalles,-3.8083151077812616,3.712556625077152
2024-01-07,13.393551098517777,16.674717806153826,11.156763681854907,10.054318251682098,2.906252089732042,91.8440368324467,epoch_google_the_dalles,1.1024454301728088,-3.2811667076360482
2024-02-03,14.38583906541792,13.267616706439405,11.131843632666499,12.874381540507025,2.128251190484488,97.42670585662324,epoch_google_the_dalles,-1.7425379078405268,1.1182223589785156
2024-02-08,45.978629978461754,20.294285094845105,28.221572722920463,24.949317312637945,3.2460205154593256,101.36556101188637,epoch_google_the_dalles,3.2722554102825185,25.68434488361665
2024-02-09,30.471251157849736,48.98685248904361,34.44727604969782,33.53526773839793,2.7105781915066194,89.16304484498824,epoch_google_the_dalles,0.9120083112998927,-18.515601331193878
2024-02-24,22.204663555049425,18.808416421174975,21.490535012980462,34.491900613933964,2.8864260450599803,89.59109754100825,epoch_google_the_dalles,-13.001365600953502,3.39624713387445
2024-02-25,14.279209373063306,14.27920959820198,14.7129552215471,38.840163959443906,4.310698597044227,80.8010872667316,epoch_google_the_dalles,-24.127208737896808,-2.251386739260397e-07
2024-02-26,-5.537250842011835,1.7661700362985855,3.8501626579016652,10.7371424485428,3.513141298776766,86.71754388017195,epoch_google_the_dalles,-6.886979790641135,-7.30342087831042
2024-03-12,18.89295965688642,17.442870112654642,18.39636514300639,5.675395969317035,2.6951666696849577,90.74528922403942,epoch_google_the_dalles,12.720969173689355,1.4500895442317763
2024-03-13,20.44834186663364,20.263020796498665,20.692829829829975,20.361145975809286,3.124179483816014,98.9187323126149,epoch_google_the_dalles,0.3316838540206888,0.18532107013497523
2024-03-15,19.797802179084954,22.6895649166168,34.68481869972059,22.012020026669525,2.53619606023387,292.5996079836778,epoch_google_the_dalles,12.672798673051062,-2.8917627375318453
2024-03-20,31.5903385168514,39.6884568320138,29.07130667088745,32.701365532400004,3.0081435707503825,98.66375448302546,epoch_google_the_dalles,-3.6300588615125555,-8.098118315162399
2024-03-24,21.33446101189251,17.87599180587186,22.718727003580597,16.696166497145903,3.8922694870770407,96.97584608509396,epoch_google_the_dalles,6.022560506434694,3.458469206020652
2024-03-26,30.896599115662454,32.30323224550158,37.75736977648898,30.647223131427147,3.5316224278050523,92.05537940753413,epoch_google_the_dalles,7.110146645061832,-1.406633129839129
2024-04-01,23.610892724281474,22.146046999827437,26.835722006684435,24.854757002260147,3.4546954590704004,87.42571096190352,epoch_google_the_dalles,1.980965004424288,1.4648457244540367
2024-04-07,15.508622442920027,18.004447558574714,19.83440417413362,20.84432858479826,2.8969105762974654,94.24133289304893,epoch_google_the_dalles,-1.0099244106646381,-2.4958251156546876
2024-04-09,14.597787826453656,12.091654213417726,15.45430420319806,16.68278277477008,4.364184948500436,86.68969513553282,epoch_google_the_dalles,-1.228478571572019,2.5061336130359297
2024-04-14,20.099993490602525,15.95803045661138,15.982166529415306,12.510151810500483,3.525929488298789,86.95469737539514,epoch_google_the_dalles,3.4720147189148225,4.141963033991145
2024-04-15,16.346248426663223,16.69952389666463,22.83454182232133,17.53257980506809,5.116681649504327,91.03158125243351,epoch_google_the_dalles,5.301962017253242,-0.3532754700014067
2024-04-16,18.373916324357253,18.875568799212807,19.128908388677687,16.28860060588429,4.473202445587321,101.79297135994887,epoch_google_the_dalles,2.8403077827933956,-0.501652474855554
2024-04-18,10.166986667804279,18.244778443574106,16.171223688899335,17.954374087293512,3.0485388049332545,275.8735275127582,epoch_google_the_dalles,-1.7831503983941772,-8.077791775769827
2024-04-19,15.748277429798717,20.711345463115517,17.642155156384412,22.147627021670836,3.833866786296765,263.9589398802942,epoch_google_the_dalles,-4.505471865286424,-4.9630680333168
2024-04-21,26.95852425809823,23.205535512099665,28.07097902706798,22.58450721892299,2.9511425213711733,105.75239091456405,epoch_google_the_dalles,5.486471808144991,3.7529887459985645
2024-04-23,9.93034766956826,11.302187178720223,10.766749670689293,6.492792943435094,2.102171164486257,279.2743051001342,epoch_google_the_dalles,4.273956727254199,-1.3718395091519628
2024-04-24,6.867159256325068,10.306273201792047,12.338004169760515,14.672466519411492,3.606609560511182,93.91924769436014,epoch_google_the_dalles,-2.334462349650977,-3.4391139454669792
2024-04-26,8.976750652515216,4.826774770049778,7.064687000313814,21.145951806491716,2.045598178478303,96.33462101148791,epoch_google_the_dalles,-14.081264806177902,4.149975882465438
2024-04-28,20.304239938789554,18.77266021048147,26.78263391831523,25.387970723745443,3.9558088914156984,86.63720562689724,epoch_google_the_dalles,1.3946631945697874,1.5315797283080848
2024-04-29,13.218591814947846,7.852129608205484,20.18075485682095,8.657997171245341,2.4892677348296632,87.16507801314492,epoch_google_the_dalles,11.522757685575609,5.366462206742362
2024-05-01,20.84802945397087,20.87429185996574,18.476882462230584,20.424497645629696,2.951070046190409,92.80261822169939,epoch_google_the_dalles,-1.9476151833991118,-0.02626240599487062
2024-05-07,29.46839426145467,32.57071812531524,32.271093646637944,41.10881405508827,4.916280677140664,98.5178528721363,epoch_google_the_dalles,-8.837720408450323,-3.102323863860569
2024-05-09,9.911332748943074,18.036031285281176,15.524486357981482,16.660710105162785,2.657282048669992,279.2573334714897,epoch_google_the_dalles,-1.1362237471813028,-8.124698536338101
2024-05-12,16.540256997056215,20.26919567890932,17.87391046704602,21.888240290929183,3.514488936182715,89.70528808239521,epoch_google_the_dalles,-4.014329823883163,-3.728938681853105
2024-05-13,10.729739044729357,11.811101589941703,8.966841129874433,6.184878593150121,4.137955325766799,92.98133374486713,epoch_google_the_dalles,2.781962536724312,-1.0813625452123468
2024-05-15,9.898288767778354,8.368710072152767,13.117793794975647,11.393383446909136,2.5361686962720995,89.6099372562727,epoch_google_the_dalles,1.7244103480665114,1.5295786956255863
2024-05-16,19.00670105610464,15.650942865462548,18.757576745946505,13.742421105083409,4.805402350475148,89.75631056091288,epoch_google_the_dalles,5.015155640863096,3.3557581906420904
2024-05-17,16.31244486772526,22.984176097592048,15.520727269857296,13.406030274373192,4.473276078263607,93.03288631309675,epoch_google_the_dalles,2.1146969954841044,-6.671731229866786
2024-05-18,19.89703009106046,24.313186034654233,27.351122403332873,14.32908195360341,4.176894719616869,97.14126834965077,epoch_google_the_dalles,13.022040449729463,-4.416155943593772
2024-05-19,21.335535679198383,21.775655899496932,26.690480210852254,21.382209583196808,3.4749677711993536,95.64007061696634,epoch_google_the_dalles,5.308270627655446,-0.44012022029854947
2024-05-20,11.044612329976193,10.220736574280705,11.323059664866943,16.320112065903054,3.191551329031095,93.90864216457322,epoch_google_the_dalles,-4.997052401036111,0.8238757556954877
2024-05-23,21.39004270784108,31.910308596881606,25.7151643198456,26.50002722995165,2.8540930691738184,87.70643327589136,epoch_google_the_dalles,-0.7848629101060531,-10.520265889040527
2024-05-26,19.519651666711923,20.01488646676136,17.730886313035004,17.64493431876458,2.8524464439895603,94.54919856688446,epoch_google_the_dalles,0.08595199427042388,-0.4952348000494382
2024-05-29,20.54393067956454,22.012466647451067,32.71991399981831,27.59898424025326,4.323427388641804,95.14622463584902,epoch_google_the_dalles,5.120929759565051,-1.4685359678865275
2024-05-30,23.15165835049144,26.33067045656006,25.248206059784735,28.13811046030305,2.308158459059663,98.08890815119406,epoch_google_the_dalles,-2.889904400518315,-3.179012106068619
2024-06-09,21.52753912213996,27.57455580472515,22.222746028111,24.450361264656383,3.904305308384694,89.63992925801881,epoch_google_the_dalles,-2.2276152365453825,-6.047016682585191
2024-06-10,22.046269154976848,18.017332822139164,22.454042352526372,24.726154658803114,3.5103013784729606,89.63723087001233,epoch_google_the_dalles,-2.2721123062767425,4.028936332837684
2024-06-11,21.282120891968347,19.779867869223235,22.685315710057417,17.18718913729039,4.943864707036642,92.71660063197726,epoch_google_the_dalles,5.498126572767028,1.502253022745112
2024-06-12,16.466699625504337,13.72125256074265,14.560623729423579,14.869243415265625,2.7696263689301315,95.45567879737473,epoch_google_the_dalles,-0.30861968584204647,2.745447064761686
2024-06-16,33.61818037390678,21.53321317241068,28.279198177560644,28.72616387352255,2.32039380666195,95.41774481147354,epoch_google_the_dalles,-0.4469656959619073,12.084967201496102
2024-06-17,26.410223213411545,19.816186718879692,28.108156499332456,22.04075162343174,5.310204930214332,99.23733045580684,epoch_google_the_dalles,6.067404875900717,6.594036494531853
2024-06-19,22.985076106972176,19.288140421367565,20.50222739735298,23.656909914975365,2.506880692967421,273.90758693376034,epoch_google_the_dalles,-3.154682517622387,3.696935685604611
2024-06-20,25.93035473539323,27.20669667109286,31.059181356303405,24.596643003875375,2.4305316426605375,271.9402373004521,epoch_google_the_dalles,6.46253835242803,-1.2763419356996302
2024-06-22,21.11727624621538,18.799749728495893,28.70716574430525,17.129753821665755,3.2172668340882495,101.9931896509787,epoch_google_the_dalles,11.577411922639495,2.317526517719486
2024-06-23,21.48248841382133,22.847098816844458,26.14064553990898,23.796111987353786,4.410316533988197,93.07257593026611,epoch_google_the_dalles,2.3445335525551947,-1.3646104030231285
2024-06-24,12.19914985320948,18.43229521003495,15.839491111480346,13.352964843613272,2.5629231197019355,97.75892853078915,epoch_google_the_dalles,2.486526267867074,-6.233145356825471
2024-06-25,11.311755255406265,20.99329314793835,22.9435433947671,29.745408015191323,2.0244404452841414,278.1766632565231,epoch_google_the_dalles,-6.801864620424222,-9.681537892532084
2024-06-27,23.66883536019321,24.45375891277438,25.152082488374408,21.412540491950573,4.558680269087643,92.25409362343169,epoch_google_the_dalles,3.739541996423835,-0.7849235525811693
2024-06-30,21.166541478980946,18.899140398359254,22.685278925210152,24.196013698778494,4.067368058091167,97.3327841185851,epoch_google_the_dalles,-1.5107347735683412,2.267401080621692
2024-07-01,30.6972912743019,36.97736379461576,29.553330252185525,27.363721367264223,3.9738491047226714,97.63888705061709,epoch_google_the_dalles,2.1896088849213022,-6.280072520313862
2024-07-02,22.038756745417917,18.875742105268003,26.48921114530412,21.690175384899685,4.080654130912548,90.57033252423884,epoch_google_the_dalles,4.799035760404436,3.163014640149914
2024-07-03,15.411902604179106,24.186567267700138,18.779384010565483,15.530598727053825,2.2826100471354422,84.72461955792932,epoch_google_the_dalles,3.2487852835116584,-8.774664663521031
2024-07-10,17.18904822502897,16.742536221276243,13.007000328138785,16.346395598819292,4.307705456068079,93.25621457791453,epoch_google_the_dalles,-3.339395270680507,0.44651200375272637
2024-07-11,25.988420100370288,21.728776206708734,27.72006638507895,34.68686408424957,3.645616097771395,92.73975487837168,epoch_google_the_dalles,-6.96679769917062,4.259643893661554
2024-07-14,19.763139782436784,16.512243692369843,22.480880928536976,21.798666474347574,4.061064632535434,94.69339009374937,epoch_google_the_dalles,0.6822144541894026,3.2508960900669415
2024-07-15,22.314241065055313,26.825597076355542,24.728738017819826,22.27038437224251,3.743405092579925,91.37164076571372,epoch_google_the_dalles,2.458353645577315,-4.511356011300229
2024-07-18,25.571493271883316,23.909761051529518,24.971953185661494,24.29097382902985,3.1046335143354127,100.44922116992933,epoch_google_the_dalles,0.6809793566316458,1.661732220353798
2024-07-19,16.304827039897724,21.08246168183832,18.878844802446785,20.96768244543313,3.1835159530122317,104.94934596523728,epoch_google_the_dalles,-2.088837642986345,-4.7776346419405975
2024-07-22,21.74783012073044,26.937335373350628,23.36580813813473,22.554641318298803,4.8051037774036125,93.06265877350802,epoch_google_the_dalles,0.811166819835929,-5.189505252620187
2024-07-24,18.3228255400909,17.29158270141199,24.194165038488713,22.3712668298946,3.903981294612297,96.66443453274098,epoch_google_the_dalles,1.8228982085941112,1.03124283867891
2024-07-25,8.739578618351784,13.679821622358988,11.044729042203024,17.28762382076087,4.3126913585805084,98.3359375218111,epoch_google_the_dalles,-6.242894778557847,-4.940243004007204
2024-07-28,11.635893198134632,11.689337621427816,19.922195280007422,15.359131036702491,3.7542954584112738,92.97908479682303,epoch_google_the_dalles,4.563064243304931,-0.05344442329318433
2024-07-29,62.33174509375714,48.10155768750765,34.143676674435206,52.77580049344084,3.575095173284164,90.31035705133831,epoch_google_the_dalles,-18.632123819005635,14.230187406249492
2024-07-30,17.105429164520103,20.213941020429857,25.750827497630887,14.067148259565865,3.2035832980837537,95.66265140032755,epoch_google_the_dalles,11.683679238065022,-3.1085118559097538
2024-08-02,31.267768881842123,19.188313750873803,24.83636321419359,24.702847939900437,2.7559660774249735,98.99456895092453,epoch_google_the_dalles,0.13351527429315269,12.07945513096832
2024-08-04,20.285556432835076,15.170896549202572,20.048253976488933,19.24226393216998,2.6509752159806483,102.67495804973078,epoch_google_the_dalles,0.8059900443189534,5.114659883632504
2024-08-05,18.96996530290335,19.07288090721203,25.477367383098112,18.703316699050276,3.1099364147838497,103.89173256557655,epoch_google_the_dalles,6.774050684047836,-0.10291560430868074
2024-08-06,12.32933939054898,16.216636688091494,22.050164289949873,18.97836713778248,4.101345563193789,91.55341865422872,epoch_google_the_dalles,3.0717971521673917,-3.8872972975425135
2024-08-08,20.011660714701065,25.035056704750072,20.927951568290126,22.727905406542426,2.447573209083583,273.2730733790013,epoch_google_the_dalles,-1.7999538382523,-5.023395990049007
2024-08-10,13.61402229680718,19.060688148818855,18.01020590473193,17.487867262475827,2.486979185959271,97.92599632683726,epoch_google_the_dalles,0.522338642256102,-5.446665852011675
2024-08-11,16.551121245977903,16.600276324752357,20.582006023047523,20.42547057673852,3.3138552676821904,95.30377551225905,epoch_google_the_dalles,0.15653544630900385,-0.04915507877445435
2024-08-12,21.932665303392824,14.564893156521197,16.38539925028831,27.790313014360194,4.032109202992582,93.84666364904194,epoch_google_the_dalles,-11.404913764071885,7.367772146871626
2024-08-13,15.334234948619125,20.052372257594445,20.896037720973425,21.46789501175891,3.8047767722968246,93.64479035308023,epoch_google_the_dalles,-0.5718572907854842,-4.7181373089753205
2024-08-16,14.31711361225191,18.071763691420205,21.965535729507142,43.69701559213134,2.713802656651005,95.18684561410595,epoch_google_the_dalles,-21.7314798626242,-3.754650079168295
2024-08-17,23.006684403130446,21.764581710205505,26.738389948351607,21.10041177069053,2.9905263704970646,280.0907584404398,epoch_google_the_dalles,5.637978177661076,1.2421026929249415
2024-08-20,15.352901819564844,3.7193670492273787,7.6598281061485585,8.546219679803636,2.512328144097413,101.34286349024109,epoch_google_the_dalles,-0.8863915736550778,11.633534770337466
2024-08-21,20.15374487752398,18.849483310024382,16.474556663323124,23.221119926735312,2.8995322663999246,93.96028869206901,epoch_google_the_dalles,-6.746563263412188,1.3042615674995979
2024-08-24,25.546021088664684,11.727375865400878,23.528217911293346,25.844464654406657,3.3258422638476652,95.40578948850248,epoch_google_the_dalles,-2.316246743113311,13.818645223263806
2024-08-27,18.884043370569444,16.663277282139273,18.36940144421309,15.853972790412092,4.3131067129667215,92.29770695494813,epoch_google_the_dalles,2.5154286538009973,2.220766088430171
2024-08-29,18.878402665095514,16.934807212709114,20.996294001552446,22.217831212286125,3.1349985581771698,281.02550891481565,epoch_google_the_dalles,-1.221537210733679,1.9435954523864005
2024-08-31,17.086418666931944,22.5897451185258,20.346757076512333,22.100868540497792,2.085371337833415,279.23101904514994,epoch_google_the_dalles,-1.7541114639854598,-5.503326451593857
2024-09-02,26.073361690450216,16.10059764041779,29.79044982427733,27.54854712418436,3.7829848189208826,94.34545976625043,epoch_google_the_dalles,2.2419027000929717,9.972764050032428
2024-09-03,20.969555033209545,20.856120473448726,27.731283252188124,23.37697062641447,3.1187918553830007,86.43219877878255,epoch_google_the_dalles,4.354312625773655,0.11343455976081884
2024-09-05,20.742356278323598,21.71258837620131,20.911350283178642,22.751254852188506,2.3561851715062265,279.7939220338973,epoch_google_the_dalles,-1.8399045690098639,-0.9702320978777124
2024-09-06,22.917178550410068,25.782959741188016,20.668069889955618,28.665717314976295,2.0609962899413254,271.39361781480164,epoch_google_the_dalles,-7.997647425020677,-2.8657811907779482
2024-09-09,16.56558595647299,12.251323260200827,16.19006837008364,10.000242133784713,3.2233420374878046,91.51089585483226,epoch_google_the_dalles,6.189826236298927,4.314262696272163
2024-09-10,11.383045133546078,14.018801122810068,5.684719605196337,15.377330028203223,3.326961375730005,95.24587722822719,epoch_google_the_dalles,-9.692610423006887,-2.6357559892639895
2024-09-11,11.992354954309569,14.88743684159986,17.80822697249018,19.08759736450489,2.877680805361298,88.09081720300651,epoch_google_the_dalles,-1.2793703920147124,-2.8950818872902904
2024-09-12,26.33781022744865,30.08156163581682,33.25923742758819,36.4822176912105,4.550349014432883,92.90671538313904,epoch_google_the_dalles,-3.2229802636223113,-3.743751408368169
2024-09-14,14.390621588460869,10.016033325482786,20.575805826606487,15.593782734873738,3.4896229872086315,100.5806644714952,epoch_google_the_dalles,4.982023091732749,4.374588262978083
2024-09-15,5.545139828895282,10.528222426269812,13.996551047474348,9.535723732115779,2.009222413227047,97.71654567250584,epoch_google_the_dalles,4.46082731535857,-4.98308259737453
2024-09-17,16.11414961429155,19.769313101360886,19.723169470613634,13.587093704460182,4.557326209052519,92.2919614134828,epoch_google_the_dalles,6.136075766153452,-3.6551634870693377
2024-09-18,21.101426225332578,30.114646763239556,22.27005473790621,20.403998195138456,2.705096869401636,94.96135927854283,epoch_google_the_dalles,1.8660565427677547,-9.013220537906978
2024-09-19,22.47066592027381,29.11235749083134,19.1583536682126,32.815689121357,3.5002819258828293,91.47467797612438,epoch_google_the_dalles,-13.657335453144402,-6.64169157055753
2024-09-20,21.078103829355037,23.692209086531324,17.84676597494766,26.072475983973394,3.2685032867802106,89.54915525254177,epoch_google_the_dalles,-8.225710009025732,-2.6141052571762877
2024-09-22,16.579312729347414,12.337472761937775,10.877381132265283,15.39462914184391,2.1622336018879826,93.89401531960698,epoch_google_the_dalles,-4.517248009578626,4.241839967409639
2024-09-23,14.907166386004235,12.876636316553256,16.951882777885334,19.4657515987355,2.370107596530389,89.4051385436245,epoch_google_the_dalles,-2.513868820850167,2.030530069450979
2024-09-29,22.81768110475097,26.61497794783154,20.331615684476024,26.10695839499795,4.014858443492613,101.33288678550082,epoch_google_the_dalles,-5.775342710521926,-3.79729684308057
2024-09-30,23.550508185676,19.791667312193077,25.6062191235434,21.806154003208125,2.7097380420266295,280.446234481266,epoch_google_the_dalles,3.800065120335276,3.7588408734829244
2024-10-02,12.465086625629835,29.273116245706316,18.973146113831188,21.431869145435506,2.7605492546075134,98.5760615169412,epoch_google_the_dalles,-2.4587230316043183,-16.808029620076482
2024-10-03,24.029812171264005,27.56660414954027,28.400554642984567,27.044449690120896,3.0559925667661405,279.6961873767476,epoch_google_the_dalles,1.3561049528636708,-3.5367919782762662
2024-10-08,24.638752220588344,29.980868588555296,24.012665059535117,27.692332723741657,2.3782618431551827,104.4495595905978,epoch_google_the_dalles,-3.6796676642065407,-5.342116367966952
2024-10-14,15.521604418524554,17.766929744727882,20.05487722777675,13.333867095571033,2.1871402020564514,104.40440837411381,epoch_google_the_dalles,6.721010132205716,-2.2453253262033286
2024-10-16,23.903018992764864,19.98455450335241,30.156393779334014,30.4117558018885,2.800140141518507,89.26780092302181,epoch_google_the_dalles,-0.25536202255448615,3.918464489412454
2024-10-17,24.52284896794181,21.208525747533756,20.963130054668234,25.446806285238267,3.5364000844249603,90.02124535708577,epoch_google_the_dalles,-4.483676230570033,3.3143232204080526
2024-10-21,15.91631384101195,0.81461726913228,8.098274722193798,13.446323541045896,3.1496488049355618,93.30052806477954,epoch_google_the_dalles,-5.348048818852098,15.101696571879671
2024-10-23,29.93859485777519,32.566922147227686,31.42103822912419,30.430857155751898,3.426483504941901,91.07499031804258,epoch_google_the_dalles,0.9901810733722911,-2.6283272894524963
2024-10-25,27.309872514215606,29.553423119960318,63.39932592449447,34.96002053554702,2.6087988151100396,286.5995773942447,epoch_google_the_dalles,28.439305388947453,-2.243550605744712
2024-10-27,13.708886768828222,12.683522859888482,14.739237183381759,20.40169427710471,2.8578375475624918,86.03519721660996,epoch_google_the_dalles,-5.662457093722951,1.02536390893974
2024-10-29,25.805313438673068,27.023179154339257,34.42903501709575,25.49549671147147,2.596019350906452,99.61047863897761,epoch_google_the_dalles,8.933538305624278,-1.2178657156661892
2024-11-02,36.672107788649924,34.363667414778625,36.6690737239152,33.78953280523995,3.20837301674298,78.73775490010775,epoch_google_the_dalles,2.8795409186752465,2.3084403738712993
2024-11-03,35.455270894412415,26.968639369777904,17.97142867846111,33.95393920981237,4.036159311119482,91.11668470187698,epoch_google_the_dalles,-15.98251053135126,8.486631524634511
2024-11-15,17.23075514136939,13.80776558107125,13.39381036836476,14.631550137172162,3.4856735363616136,96.92003245053542,epoch_google_the_dalles,-1.237739768807403,3.4229895602981397
2024-11-18,-0.7524271549625956,23.679189422922402,21.304593356130734,4.827825567083144,2.9227525020944225,90.01653592605032,epoch_google_the_dalles,16.476767789047592,-24.431616577885
2024-11-26,35.74705032608578,35.40160174766007,47.10111568912686,30.895001302198573,2.351380977691969,88.848802403543,epoch_google_the_dalles,16.206114386928284,0.3454485784257102
2024-12-08,15.54464376765185,18.53695499688828,10.505389948986261,5.83732313715311,3.1339044988198914,87.72370638971711,epoch_google_the_dalles,4.668066811833151,-2.99231122923643
2024-12-18,4.851258482976884,12.40046630114217,10.566535655724042,13.747823444077419,2.104000251847326,120.50582485272338,epoch_google_the_dalles,-3.1812877883533766,-7.549207818165287
2024-12-26,3.604510225989123,0.041149423472464065,1.1241308883371546,9.142472223367427,3.855277589979645,70.41336330942045,epoch_google_the_dalles,-8.018341335030273,3.5633608025166588
2024-12-28,15.529198040614006,8.795631157845714,17.564011396334482,-0.785615934201599,2.6665912409444323,69.60495216642977,epoch_google_the_dalles,18.34962733053608,6.733566882768292
2024-12-30,4.706585136833014,28.52705580350716,16.888197361651688,14.535535665588565,2.191850199126801,82.33318813617075,epoch_google_the_dalles,2.352661696063123,-23.820470666674147
2025-01-11,12.612907022364842,13.838936245866869,16.15697975554151,8.620996967160991,4.032308556386678,88.38961279286667,epoch_google_the_dalles,7.535982788380519,-1.2260292235020263
2025-01-12,31.582662704687706,17.15012063363202,9.55459175136893,15.533012485941878,2.0342941264007384,93.4776277292504,epoch_google_the_dalles,-5.978420734572948,14.432542071055686
2025-01-16,9.378061918627429,15.892864750234668,5.8709976787121505,19.29118879412525,2.169360452763421,89.19000751016216,epoch_google_the_dalles,-13.4201911154131,-6.5148028316072395
2025-01-21,32.31340060799101,11.573157461016702,24.35256302563545,12.752597866773714,2.0700026761935955,86.1497116639955,epoch_google_the_dalles,11.599965158861737,20.740243146974304
2025-01-25,26.22739351407944,27.174636511195065,25.944134326452215,23.207304287068766,2.249043540662288,275.7794782408406,epoch_google_the_dalles,2.736830039383449,-0.9472429971156231
2025-02-01,16.12043180244725,21.98141931148401,16.95865315822566,16.90037050925012,2.992227294006121,91.40084285786031,epoch_google_the_dalles,0.058282648975538365,-5.860987509036761
2025-02-08,7.109263895859789,8.162811808642578,16.860384058114327,12.459560081833386,2.1785471125030007,80.39068685902328,epoch_google_the_dalles,4.400823976280941,-1.053547912782789
2025-02-12,24.234098040785867,32.813737656343164,35.965886326245084,35.401235494900604,3.549575223109932,287.3092694776334,epoch_google_the_dalles,0.5646508313444798,-8.579639615557298
2025-02-20,12.933849399403252,15.919409594673334,21.562334330183912,36.28511151910079,3.138875357780379,87.03792966071023,epoch_google_the_dalles,-14.722777188916876,-2.9855601952700823
2025-02-26,32.669340918691375,33.15760801205122,32.223664848227756,34.64441847921624,2.0700561985717507,278.03916694038224,epoch_google_the_dalles,-2.420753630988486,-0.48826709335984475
2025-03-03,29.41014097301851,35.88019079402224,53.37168185102814,39.81030601776452,3.7996603637238033,94.77162881065118,epoch_google_the_dalles,13.561375833263625,-6.47004982100373
2025-03-07,20.53028558999719,18.469946403296674,16.36119119825371,20.763797101196154,2.9581768843011984,90.66557456404217,epoch_google_the_dalles,-4.402605902942444,2.060339186700517
2025-03-13,12.421994038752995,4.4331312792192445,2.3875551142147136,2.2244067926727342,2.710876383733657,90.19172805082371,epoch_google_the_dalles,0.16314832154197934,7.988862759533751
2025-03-17,3.6548720121990215,3.0859609188507133,19.366896185017847,7.07045719794181,3.687991586500869,95.555359971381,epoch_google_the_dalles,12.296438987076037,0.5689110933483081
2025-03-18,11.238687398542867,15.20463526571051,20.28815093112053,29.227853703013956,3.8903823331827887,95.44269432551499,epoch_google_the_dalles,-8.939702771893426,-3.9659478671676425
2025-03-22,28.531387069634302,25.85512943298759,29.6437003448903,23.276997313265877,2.387430505778196,82.70308817558464,epoch_google_the_dalles,6.3667030316244215,2.6762576366467137
2025-03-29,20.016842615962055,18.98085130235682,20.20755370940391,26.068833064320202,2.489543791224187,100.11073230236747,epoch_google_the_dalles,-5.861279354916292,1.0359913136052334
2025-04-02,36.83063805233967,31.24296395007686,39.966396154093,37.06669368669155,3.6673250262952,91.46734943980903,epoch_google_the_dalles,2.899702467401447,5.587674102262813
2025-04-04,29.26574610195396,31.67199826761068,22.513580554114643,28.787421359498914,2.1591837859691756,286.88705057418076,epoch_google_the_dalles,-6.273840805384271,-2.406252165656717
2025-04-11,21.207021476257538,20.292658341951935,26.587812905228976,13.716538905518432,2.984867412191266,92.45656292597408,epoch_google_the_dalles,12.871273999710544,0.9143631343056029
2025-04-12,20.642755305809917,22.658394220757057,22.809799862440713,21.098468945185296,4.652483363527964,104.96493473325103,epoch_google_the_dalles,1.7113309172554168,-2.0156389149471394
2025-04-13,16.149053466870534,22.02713919533663,23.722320863754277,21.32618268630655,2.4277470021008676,282.5405451736528,epoch_google_the_dalles,2.396138177447728,-5.878085728466097
2025-04-14,31.509178011854754,25.88617616763452,19.625326517359547,28.54840234952037,3.0652630789707014,277.0900287138473,epoch_google_the_dalles,-8.923075832160823,5.623001844220234
2025-04-16,20.7240508098271,17.369419460529212,25.966238556484313,26.914386261122328,2.0593841497793655,94.66603803762007,epoch_google_the_dalles,-0.9481477046380142,3.3546313492978896
2025-04-19,19.85858906266265,21.70798286907259,24.065051030119616,19.574346182391682,4.6376119164618,90.63276693664028,epoch_google_the_dalles,4.490704847727933,-1.8493938064099424
2025-04-21,19.293439468809574,13.979822397376148,21.730339314110058,27.96348433837798,4.092601709061452,99.50435967584366,epoch_google_the_dalles,-6.233145024267923,5.313617071433425
2025-04-24,22.722238354579588,21.75162708701388,18.454534023070618,23.733922581073124,2.5725218760822077,280.0292950872802,epoch_google_the_dalles,-5.2793885580025055,0.9706112675657081
2025-04-26,25.880791551485615,25.91608515645998,27.711368996475127,24.891353649269245,4.11814656826296,89.27925084849971,epoch_google_the_dalles,2.8200153472058815,-0.03529360497436684
2025-04-27,27.39738217345318,25.773030935020557,33.686871531650226,36.39820597223143,4.753473415777525,92.50055780191042,epoch_google_the_dalles,-2.7113344405812043,1.6243512384326237
2025-05-01,29.967247321680198,17.786121761453845,31.286028754462976,34.15962036135065,2.7652325186056004,278.50899630281765,epoch_google_the_dalles,-2.873591606887672,12.181125560226352
2025-05-04,24.99652768230794,22.925576625024267,23.352602605053793,27.98808894305014,2.1207833872773834,93.21065737749319,epoch_google_the_dalles,-4.635486337996348,2.070951057283672
2025-05-06,18.47408325930808,26.768976176378683,21.775937848249917,22.40095176781438,2.9214544993934073,284.1974809491442,epoch_google_the_dalles,-0.6250139195644628,-8.294892917070602
2025-05-13,21.32523577267355,38.28295002810183,25.79304083669675,38.17719260509822,4.738378660273623,99.20317519740485,epoch_google_the_dalles,-12.38415176840147,-16.95771425542828
2025-05-14,40.181167994786954,27.141942126707818,33.334884581088176,41.86620686555971,5.501345437538448,93.88073082602409,epoch_google_the_dalles,-8.531322284471536,13.039225868079136
2025-05-16,21.301921699980088,20.784366379692457,28.828915102421007,17.83185415553912,2.9830812101468642,96.79126331973117,epoch_google_the_dalles,10.997060946881888,0.5175553202876308
2025-05-17,21.812946697552967,24.227747208296456,13.927991698987396,21.151998061419526,3.6102516018375086,93.90727777895182,epoch_google_the_dalles,-7.22400636243213,-2.41480051074349
2025-05-18,18.207233413884225,17.75658642329736,23.25359441584178,24.698662455745325,5.020796327373981,95.01556048932821,epoch_google_the_dalles,-1.4450680399035463,0.45064699058686486
2025-05-19,52.62177236428252,26.58669384374018,40.08256872533352,35.79915446872596,2.4097361211622594,100.70801185089039,epoch_google_the_dalles,4.283414256607564,26.035078520542342
2025-05-20,22.7108551887909,24.093640698549574,32.37139127465854,22.489648737008128,3.821068667605143,95.79001995494013,epoch_google_the_dalles,9.881742537650414,-1.3827855097586728
2025-05-22,23.2403905892039,17.11700782507436,28.476072032263456,36.67246820831497,2.6099643805899415,87.85702138174588,epoch_google_the_dalles,-8.196396176051511,6.123382764129541
2025-05-23,18.095696581084976,12.506802093872212,16.709350848441225,16.64043677613501,2.007615817825503,90.5521894051405,epoch_google_the_dalles,0.06891407230621382,5.588894487212764
2025-05-25,17.930371636434657,13.561648828123797,14.22218826246119,19.13823055720755,3.5317752799822517,96.48484292396466,epoch_google_the_dalles,-4.91604229474636,4.36872280831086
2025-05-26,18.030690381538722,18.669421085518206,20.49698648129917,21.27754915754265,3.6842392815287672,93.40724040218373,epoch_google_the_dalles,-0.7805626762434805,-0.6387307039794834
2025-05-29,33.7057110476962,26.611853279390292,29.889131519538978,48.38403267775148,4.241450201911255,93.31343298113586,epoch_google_the_dalles,-18.4949011582125,7.093857768305906
2025-05-31,18.509967572230025,24.053606595865762,12.554911479192276,11.921365334977557,5.431090165514009,95.33423600997128,epoch_google_the_dalles,0.6335461442147192,-5.543639023635738
2025-06-04,24.502294420059805,24.30786980214385,20.071357060700997,28.07205241688002,3.222892675080985,89.16378999118865,epoch_google_the_dalles,-8.000695356179023,0.19442461791595633
2025-06-06,12.990135647261408,18.24449354072038,19.536137301440952,18.232160233805377,3.2742740672366177,91.89072450830758,epoch_google_the_dalles,1.303977067635575,-5.254357893458973
2025-06-09,12.075118687847814,12.222847332236594,17.753388320340672,17.192791975444276,2.8076296948797026,99.62997621465684,epoch_google_the_dalles,0.5605963448963962,-0.14772864438877953
2025-06-10,17.887910115592486,15.974883743967665,13.168670265056123,14.81316847957379,3.6646183189484596,92.92517185999691,epoch_google_the_dalles,-1.6444982145176663,1.913026371624822
2025-06-11,16.305351556370436,23.75810312494186,29.097328293967713,19.07737039743607,4.796093133412775,91.58828554664382,epoch_google_the_dalles,10.019957896531643,-7.452751568571426
2025-06-12,17.204723864384704,21.985257168291078,19.112075450384836,21.15665837468268,4.547329095179255,92.8312021426882,epoch_google_the_dalles,-2.0445829242978455,-4.780533303906374
2025-06-13,23.11223553461292,24.166353626639882,21.482071543725056,25.11587401594522,4.260784513677818,96.07335503923389,epoch_google_the_dalles,-3.6338024722201645,-1.054118092026961
2025-06-14,6.617209863811396,14.76427207729744,11.931438431756932,16.004612844303853,2.991003294340955,95.22945324028217,epoch_google_the_dalles,-4.073174412546921,-8.147062213486045
2025-06-15,11.5317594502359,15.631423201818807,15.25394042054867,9.059089665524168,2.1335387742462184,102.37962453574733,epoch_google_the_dalles,6.194850755024502,-4.0996637515829075
2025-06-16,50.75758377230339,17.02623182013639,24.699390125854336,7.205964175170746,4.179470102404152,98.9288753178754,epoch_google_the_dalles,17.49342595068359,33.731351952167
2025-06-17,21.379598311596766,20.88417736276778,22.30515164690708,25.104494759255164,3.419930189279498,95.55494116340446,epoch_google_the_dalles,-2.799343112348083,0.49542094882898624
2025-06-18,22.044740264447594,28.20915133332306,22.599019449045926,22.34145756751244,4.151157948877774,96.85677522560951,epoch_google_the_dalles,0.257561881533487,-6.1644110688754665
2025-06-19,14.007993596038679,9.713538055516356,16.08301214429858,14.480225434689705,2.4702616496787737,101.1870141474227,epoch_google_the_dalles,1.602786709608873,4.294455540522323
2025-06-22,24.671404291727455,25.442104972319836,19.884570782471055,28.018027738719812,2.4192358589527956,96.53939557017134,epoch_google_the_dalles,-8.133456956248757,-0.7707006805923804
2025-06-25,9.73426136819495,18.040980307111038,17.60226504291805,26.79015212938908,4.058692508481584,95.41256779221271,epoch_google_the_dalles,-9.187887086471033,-8.306718938916088
2025-06-27,28.244338183546876,27.734223507735575,24.03004942948279,28.248921447752572,3.6251961584921535,92.89808899220566,epoch_google_the_dalles,-4.218872018269781,0.5101146758113018
2025-06-28,20.460789417701566,27.25516338351751,24.810802041881168,16.572225947378474,2.3839007812101407,97.360304234772,epoch_google_the_dalles,8.238576094502694,-6.794373965815943
2025-06-29,22.21604031205157,18.34687653008194,23.49727304408858,28.94159326711132,2.354414249465799,273.9058866025071,epoch_google_the_dalles,-5.444320223022739,3.8691637819696325
2025-07-02,23.065085896698672,23.922015933361234,24.095396727985648,25.793181484022746,5.075811666820583,90.12806148588788,epoch_google_the_dalles,-1.6977847560370982,-0.8569300366625612
2025-07-03,22.424737756426804,12.919164469876746,23.537354847708002,16.687244466825277,3.526164006885159,93.72680947952779,epoch_google_the_dalles,6.850110380882725,9.505573286550058
2025-07-05,11.202560386765033,13.476908328492705,8.77630991926379,12.663831508829256,2.776193164703181,92.21626338322255,epoch_google_the_dalles,-3.8875215895654662,-2.2743479417276724
2025-07-08,19.366452353976662,19.191673969907047,17.75972858861999,21.047378198724985,3.354399224752186,98.51096407429844,epoch_google_the_dalles,-3.287649610104996,0.1747783840696151
2025-07-09,18.0606569155138,25.05417326240745,22.728718050042477,19.641321536397363,4.470378718378757,94.96825512614788,epoch_google_the_dalles,3.087396513645114,-6.993516346893649
2025-07-10,17.76768058473114,21.876593634229454,19.663818939489722,18.254124347699584,3.9972408699687203,95.54466251159283,epoch_google_the_dalles,1.4096945917901387,-4.108913049498316
2025-07-12,9.382167236831283,12.03474524460562,15.340925589702673,16.62572962741099,2.8413885689472074,88.61068615630853,epoch_google_the_dalles,-1.2848040377083176,-2.6525780077743377
2025-07-14,18.427683807570073,19.371984767949193,26.022400303693406,17.4204763031776,4.940976300053338,91.0201221748573,epoch_google_the_dalles,8.601924000515805,-0.9443009603791204
2025-07-15,27.023206986029376,26.172211335945605,24.21529019597686,25.927721033753922,2.725825231107947,261.454596288817,epoch_google_the_dalles,-1.7124308377770632,0.850995650083771
2025-07-17,19.238921812061953,20.434161821898876,16.863959500773085,16.720720759652664,2.933678147742697,100.4254861274722,epoch_google_the_dalles,0.14323874112042034,-1.1952400098369225
2025-07-18,51.53745272103316,6.8309827933317635,39.58807538056382,10.514490207895829,4.4045761438483,93.88347664592783,epoch_google_the_dalles,29.073585172667993,44.7064699277014
2025-07-19,8.940706442781314,69.81270704935194,19.584940424901077,12.367144848361722,4.199353476369835,91.66954426277266,epoch_google_the_dalles,7.2177955765393556,-60.87200060657063
2025-07-21,23.956554676349146,21.385460166941,22.583787691112466,22.249401992047662,2.295288578434178,98.01808647149409,epoch_google_the_dalles,0.33438569906480353,2.5710945094081445
2025-07-22,19.388170234853128,22.704866481480344,23.26552526465096,20.462055540927466,2.175786550593404,100.3660333913175,epoch_google_the_dalles,2.803469723723495,-3.3166962466272167
2025-07-24,16.27089185838319,9.357192153162574,12.706949487717862,19.5600914032025,3.9879474683091867,95.8683184748545,epoch_google_the_dalles,-6.8531419154846365,6.913699705220617
2025-07-25,11.87670383057722,21.738219877079665,14.194945364037054,14.356127078688052,4.4262747254449,93.9949546680715,epoch_google_the_dalles,-0.16118171465099884,-9.861516046502445
2025-07-26,16.074215461643643,18.39720568668205,23.720721492007044,23.704930653429834,3.5016952985932153,97.58712001538697,epoch_google_the_dalles,0.01579083857721031,-2.3229902250384065
2025-07-27,15.8533738843183,17.581019910537094,15.26127659555142,16.474686927437467,2.851910659615105,104.6019092178401,epoch_google_the_dalles,-1.2134103318860472,-1.7276460262187943
2025-08-01,17.395003772533585,21.73658597691827,28.420751202998254,15.104495367921613,3.5306075994703225,93.18497414867397,epoch_google_the_dalles,13.31625583507664,-4.341582204384686
2025-08-02,14.268281599391202,10.889520891152408,7.307142145225698,13.5396345108998,3.5101775702182008,96.20338330853247,epoch_google_the_dalles,-6.232492365674102,3.3787607082387936
2025-08-03,12.771630534819758,33.0941384538063,7.368680412851164,15.868570158670407,3.8139602372109076,96.45931919724075,epoch_google_the_dalles,-8.499889745819242,-20.322507918986545
2025-08-04,16.499417403279423,19.636041528306464,25.02607259750563,14.61110245330422,3.9493139558636234,94.27836135600398,epoch_google_the_dalles,10.414970144201412,-3.1366241250270406
2025-08-07,24.80912669475511,25.314687527175035,24.070991474608743,21.8734955980566,4.674705543024795,97.47996746649733,epoch_google_the_dalles,2.197495876552143,-0.5055608324199241
2025-08-13,13.414242314771782,17.64052570064907,11.61555801593224,15.484544396293632,4.6225490757466545,90.41315877778061,epoch_google_the_dalles,-3.8689863803613918,-4.22628338587729
2025-08-14,22.399676659410414,21.66266689436913,23.17756076038222,20.989547913072357,3.945603625646037,90.3591201285605,epoch_google_the_dalles,2.1880128473098637,0.7370097650412823
2025-08-16,14.251007987556815,14.64341738952475,17.98044115448798,15.748139498621482,3.333372951756423,91.98379413083569,epoch_google_the_dalles,2.2323016558664985,-0.39240940196793517
2025-08-18,23.694026308053406,16.272357269864994,25.061845026257505,30.735881237252023,2.800861420892632,104.99721663511849,epoch_google_the_dalles,-5.674036210994519,7.421669038188412
2025-08-19,18.084906277095985,16.768550648884126,21.728092259334755,18.573554039344934,2.4349034655844304,103.57484767100016,epoch_google_the_dalles,3.1545382199898206,1.3163556282118591
2025-08-20,17.502450825870213,13.345451861507366,20.898609526436726,12.78416465041933,3.2845672998051385,96.46746388008796,epoch_google_the_dalles,8.114444876017396,4.156998964362847
2025-08-22,23.534543826328637,21.56901896859985,23.370554522838912,24.74881870377548,2.999979300741098,274.6805098616017,epoch_google_the_dalles,-1.3782641809365686,1.9655248577287878
2025-08-23,23.40766338436463,20.308429300276728,28.657109063411273,26.406950850588988,2.789332571702117,277.6151173047757,epoch_google_the_dalles,2.250158212822285,3.0992340840879002
2025-08-31,12.370807986108286,19.47349533195024,18.42475258880077,12.766747821593425,2.0632938212498915,97.56528497173775,epoch_google_the_dalles,5.658004767207347,-7.102687345841954
2025-09-07,22.105413084259112,22.052421145199226,20.839456286870636,21.030607185801223,3.1801465518728667,93.22021540499435,epoch_google_the_dalles,-0.19115089893058723,0.052991939059886306
2025-09-11,22.542288660674277,16.445788697018067,26.741402354311056,29.457123571613156,3.3752946066317118,89.19546166996179,epoch_google_the_dalles,-2.7157212173021,6.0964999636562105
2025-09-12,21.887932292474805,25.88439782362821,18.868508212174685,17.57713302628027,2.547694972265322,86.75180554963083,epoch_google_the_dalles,1.2913751858944167,-3.9964655311534045
2025-09-13,10.233027159826666,14.485954068267409,18.2602601267289,17.578412565417892,2.34891174638018,106.18860091413666,epoch_google_the_dalles,0.6818475613110095,-4.2529269084407435
2025-09-16,21.756361236945015,26.24806543833315,36.99945781797588,29.575525390354976,3.694158545350535,277.414611604794,epoch_google_the_dalles,7.423932427620905,-4.491704201388135
2025-09-20,19.011483179367772,21.09068855527888,26.831592762070656,21.40762000604143,2.8668969049187276,98.7274360070868,epoch_google_the_dalles,5.423972756029226,-2.0792053759111084
2025-09-21,23.49996208521159,25.345536158535726,28.100546896482403,28.199471901677946,3.0703396821191364,88.29312771996581,epoch_google_the_dalles,-0.09892500519554304,-1.845574073324137
2025-09-23,33.87606728770479,31.930747844243278,34.655828418327026,35.84678325606099,2.683920205052541,280.1640795785914,epoch_google_the_dalles,-1.1909548377339618,1.9453194434615142
2025-09-25,23.07789228314154,32.2250170779599,29.694084023379745,27.414133505540416,4.43362257284752,92.06607029266604,epoch_google_the_dalles,2.2799505178393282,-9.147124794818357
2025-10-03,27.671128549974185,25.06198057799612,26.041136683124513,25.932474334951237,2.612351601193457,101.08142124702073,epoch_google_the_dalles,0.1086623481732758,2.6091479719780644
2025-10-04,20.51547476432222,4.484637391487718,15.373968918709245,9.000079519063721,3.1330210565846888,99.12009074337925,epoch_google_the_dalles,6.373889399645524,16.030837372834505
2025-10-05,17.334641365610878,17.083758870184493,19.958147171171735,13.858223158571102,2.2790355004648437,274.53383915795473,epoch_google_the_dalles,6.099924012600633,0.2508824954263851
2025-10-06,19.905357019677986,21.04160746899697,20.711906811248323,23.137624730087843,2.598441879327095,282.76694019052775,epoch_google_the_dalles,-2.4257179188395206,-1.1362504493189824
2025-10-08,23.553600782364974,46.953357645279674,15.504217688684484,32.53497113707806,2.1906538083126645,109.98314061831098,epoch_google_the_dalles,-17.030753448393575,-23.3997568629147
2025-10-14,27.603454599078816,28.2364428305283,23.73660880480845,31.404774234896166,2.830044435022252,276.06838125043305,epoch_google_the_dalles,-7.668165430087715,-0.6329882314494846
2025-10-17,28.549621072763014,31.218756953937287,25.63170152095959,22.70469119960869,4.33544531126412,91.13497594876543,epoch_google_the_dalles,2.9270103213509024,-2.669135881174274
2025-10-19,27.704327978818206,19.319358248419018,21.579306085965566,21.200472691864917,4.258520059182187,80.79450903416097,epoch_google_the_dalles,0.3788333941006492,8.384969730399188
2025-11-07,29.492715376472738,23.666532173779,28.689531035607843,19.359892049067476,3.2321905045830106,90.82271325911739,epoch_google_the_dalles,9.329638986540367,5.826183202693738
2025-11-08,29.758337125083113,32.93012775511356,20.408003203156795,39.4860476669099,2.144052308225022,278.02385207776234,epoch_google_the_dalles,-19.078044463753102,-3.171790630030447
2025-11-19,35.89398777128356,45.70107252548152,32.58737299335049,34.02716495270143,2.4005167298693526,277.293106233656,epoch_google_the_dalles,-1.4397919593509414,-9.807084754197959
2025-12-06,12.263488807352315,4.877144760137908,8.632331282191975,27.737157235333203,4.123951972010436,89.35551643798192,epoch_google_the_dalles,-19.10482595314123,7.386344047214408
2025-12-10,10.287199336295956,15.590199904240661,5.835366112985109,-0.9312169041405018,3.8754148233074757,73.9163532237655,epoch_google_the_dalles,6.766583017125611,-5.303000567944705
2025-12-19,21.62285163042302,21.28085814909332,17.984903317960903,23.3752104416751,2.4255754549626793,87.30348559639879,epoch_google_the_dalles,-5.390307123714198,0.34199348132970186
2025-12-27,24.947884125677717,1.6037723110043687,5.197391723715129,-4.874382934802316,3.042583606670611,92.0604039264332,epoch_google_the_dalles,10.071774658517445,23.344111814673347
2026-01-08,49.591028093656234,51.04298201055327,46.88423950015607,49.59102786121095,2.3747440134814632,55.859279923961196,epoch_google_the_dalles,-2.706788361054876,-1.4519539168970326
2026-02-09,15.267925616507132,3.0300758777580863,8.209537740925901,2.366284940595722,2.1597788569286442,96.12790168897999,epoch_google_the_dalles,5.843252800330179,12.237849738749045
2026-02-25,16.129321650856305,26.007729327548965,24.984801661794698,28.783224701399384,3.641709349894867,91.5297860955115,epoch_google_the_dalles,-3.7984230396046854,-9.87840767669266
2026-02-26,21.21024249645263,31.86875486181678,29.16968610541095,31.858168326803437,2.765329191973911,89.63816168915855,epoch_google_the_dalles,-2.688482221392487,-10.65851236536415
2026-02-27,22.681350093185262,21.653751336623635,32.18023969191094,28.58511998101866,2.3510352441690605,94.22615528786946,epoch_google_the_dalles,3.5951197108922806,1.027598756561627
2026-03-05,13.945230806431217,13.970297769808461,22.402511189631145,15.96265188563394,5.308844184388836,96.48446836265441,epoch_google_the_dalles,6.4398593039972045,-0.025066963377243567
2026-03-07,18.90341481171893,19.923993089438536,24.706857196973022,17.62911962203489,3.5353646819733098,90.48086318494404,epoch_google_the_dalles,7.0777375749381335,-1.0205782777196077
2026-03-08,37.255949156258914,17.218062414312,29.42031369456184,17.450078631063224,4.044065692781448,87.65266094664872,epoch_google_the_dalles,11.970235063498617,20.037886741946913
2026-03-09,13.633890697902673,34.09266606971557,29.651074090943155,27.872367114712702,3.8710583672415524,92.15655087103585,epoch_google_the_dalles,1.7787069762304526,-20.458775371812898
2026-03-10,51.46604969221422,28.436924570194634,41.94258729956125,37.61131115769034,2.7002182346999883,90.66731616685797,epoch_google_the_dalles,4.331276141870909,23.029125122019586
2026-03-14,12.98935188938715,7.199674740795889,13.572726598782205,15.829183465882785,4.136440185412248,99.66878827196757,epoch_google_the_dalles,-2.25645686710058,5.78967714859126
2026-03-21,10.744305078668567,9.494190334161205,17.388368989095618,10.734959227804119,2.9901158130544965,94.83124065200207,epoch_google_the_dalles,6.653409761291499,1.2501147445073624
2026-03-27,25.46870826906385,22.836153716019183,34.19184816989447,29.737238885933905,2.1084865259275496,280.3589187202987,epoch_google_the_dalles,4.454609283960565,2.632554553044667
2026-03-28,26.795409256454814,24.41787821509992,28.417438926639747,32.46892673577018,3.298867480628785,94.50041705202386,epoch_google_the_dalles,-4.051487809130435,2.377531041354896
2026-03-30,5.120830872218048,12.697242935783898,16.650811353148256,11.970673298106131,2.660192823478084,278.37894471575066,epoch_google_the_dalles,4.680138055042125,-7.57641206356585
2026-04-02,36.33993321634047,25.917652447228203,40.9583480468305,40.35529054230778,4.8244946075695765,91.87662150956135,epoch_google_the_dalles,0.6030575045227238,10.422280769112266
2026-04-05,18.193964853825676,13.7837961731732,27.234050553661344,24.842094409358857,2.1910244018035656,280.7157409900076,epoch_google_the_dalles,2.391956144302487,4.410168680652475
2026-04-07,23.829139522086805,22.291569036972284,31.657256421054065,14.979934925945491,3.9659430855708115,90.98035765712541,epoch_google_the_dalles,16.677321495108572,1.5375704851145215
2026-04-09,31.39839440200878,32.040543619636914,25.209016242946152,32.85805257411295,2.4099144473541316,273.8132543584942,epoch_google_the_dalles,-7.649036331166801,-0.642149217628134
2026-04-11,7.692112472681698,12.171421242489037,14.225832611304808,15.313182276168524,2.0100458759856883,97.14647439887352,epoch_google_the_dalles,-1.0873496648637158,-4.479308769807339
2026-04-13,23.051606928916264,26.174662572104946,23.12455762646085,23.95578798438157,4.841613787192108,94.52380626053662,epoch_google_the_dalles,-0.8312303579207203,-3.123055643188682
2026-04-15,12.994804084841158,19.11971682429763,9.181570677758804,18.077637332093,4.97949438629604,89.00058843818448,epoch_google_the_dalles,-8.896066654334197,-6.124912739456471
2026-04-16,20.759402240506486,24.14905737185184,30.071618063514435,30.731333631014234,4.011916251213549,101.62735124513836,epoch_google_the_dalles,-0.6597155674997985,-3.3896551313453536
2026-04-19,18.98969508076899,16.977228194085804,15.633533594555576,12.418442789180641,2.6201818825252254,279.8020366617032,epoch_google_the_dalles,3.2150908053749347,2.0124668866831854
2026-04-23,31.307101054273264,21.275544604725,28.156677137319864,25.479892850048806,3.638485137994997,93.28059676431758,epoch_google_the_dalles,2.676784287271058,10.031556449548265
2026-04-27,21.644784217686,17.18003327029334,22.720528429316516,18.954986583713534,4.026692012837335,94.84847571592331,epoch_google_the_dalles,3.765541845602982,4.464750947392659
2026-04-30,16.912595557710283,22.818962189360214,26.654402944160772,23.270333015726397,2.6392262461112734,282.99744727739215,epoch_google_the_dalles,3.384069928434375,-5.906366631649931
2026-05-03,13.81295227654056,18.860276046637704,18.588862844064924,16.71564188549003,2.0240147831200193,286.672413919155,epoch_google_the_dalles,1.873220958574894,-5.047323770097144
2026-05-04,16.061195236666872,23.96435176461574,22.52327996416113,23.35518816979668,3.36686782282805,92.84807976984621,epoch_google_the_dalles,-0.8319082056355498,-7.903156527948866
2026-05-05,16.44079507982472,18.279915937117583,18.84752645088628,18.688996765630957,2.5251576451198123,93.72294381677722,epoch_google_the_dalles,0.15852968525532418,-1.839120857292862
2026-05-06,13.544012519879528,14.934976023670325,11.870507964731836,17.727455148128563,4.859776416067119,90.97176580932046,epoch_google_the_dalles,-5.856947183396727,-1.3909635037907968
2026-05-07,10.696345604041761,6.637059122709556,14.5994429381495,8.92974418980484,3.4409483607847857,93.38308887825463,epoch_google_the_dalles,5.6696987483446595,4.059286481332205
2026-05-08,23.410634676507023,23.59057829335359,26.287445906792257,25.822812270543537,4.494384158952054,94.51109241124266,epoch_google_the_dalles,0.46463363624872045,-0.17994361684656823
2026-05-10,17.228298264648785,10.636278760966562,22.035698278371314,26.710845591741016,4.053668281371641,95.92710563205486,epoch_google_the_dalles,-4.675147313369703,6.592019503682224
2026-05-11,18.0271611064695,22.161415289429918,19.93456606501014,12.962960734745934,2.2673152437808537,274.94366898265196,epoch_google_the_dalles,6.971605330264207,-4.134254182960419
2026-05-12,12.334065581756125,18.190045444040443,14.973779269057362,24.65633578646932,2.547135495954473,283.3652610169112,epoch_google_the_dalles,-9.682556517411959,-5.855979862284318
2026-05-15,11.007922193760145,20.7906283296947,13.540006093111103,12.828180065532122,3.9445760144636397,86.22722790129359,epoch_google_the_dalles,0.7118260275789812,-9.782706135934557
2026-05-16,17.229711714811582,21.04079910080511,22.533670121260666,20.653677157190586,4.344363029666161,89.19392750588878,epoch_google_the_dalles,1.8799929640700803,-3.8110873859935275
2026-05-17,19.637898002888726,16.469548634729854,21.443688638971516,16.727190028898267,2.454110614011487,92.31350362182246,epoch_google_the_dalles,4.716498610073248,3.1683493681588715
2026-05-19,17.39230450770115,32.127148419663804,22.500947841327456,27.677806993614716,3.3861488037637484,93.53464567921588,epoch_google_the_dalles,-5.1768591522872605,-14.734843911962653
2026-05-21,16.727861987927053,15.035577224508671,15.967221180033082,13.141442418021105,2.205768264049647,287.32939891578377,epoch_google_the_dalles,2.8257787620119768,1.6922847634183817
2026-05-23,15.04134784801905,16.487743340995397,21.495386013818916,14.674446083522502,4.306671808699185,93.27001019712498,epoch_google_the_dalles,6.820939930296413,-1.4463954929763467
2026-05-24,10.649787768900119,10.68588817283255,15.888685561799107,12.760685571668235,2.8472742782379648,99.08717067119585,epoch_google_the_dalles,3.1279999901308724,-0.036100403932431746
2026-05-25,16.531213740862853,13.581619289907193,19.205963695735736,14.48909981387402,3.5131158728038283,114.35674988859569,epoch_google_the_dalles,4.716863881861716,2.9495944509556598
2026-05-26,21.460806141585312,17.656943352884436,22.33978601854023,18.881097705096728,2.1486456719244194,103.14320202987454,epoch_google_the_dalles,3.4586883134435027,3.803862788700876
2026-05-28,36.22277436309206,18.249018808215755,31.40664157107737,16.45930416256667,2.035610652805997,84.41724710737452,epoch_google_the_dalles,14.947337408510698,17.973755554876302
2026-05-29,26.692904261018864,45.479423667012675,25.854603334119936,30.051383627777348,4.83047963871919,90.90154396144413,epoch_google_the_dalles,-4.196780293657412,-18.78651940599381
2026-05-30,4.513048240064581,6.958122434153701,5.850130545383758,7.35140305005116,4.088662730199966,95.02923887233555,epoch_google_the_dalles,-1.5012725046674023,-2.44507419408912
2026-05-31,11.554210024667116,12.048325430129902,12.102708049397796,8.53564132553392,2.051623696829033,93.97047372079237,epoch_google_the_dalles,3.567066723863876,-0.4941154054627859
2026-06-02,17.75518094544235,19.03190049657305,17.433352986890526,13.72271387909003,2.4742016858808853,284.83898306900807,epoch_google_the_dalles,3.710639107800496,-1.2767195511307001
2026-06-04,7.877939673258778,5.878119896621003,8.0290117014048,14.553814047458287,3.537486760535345,90.42012327377381,epoch_google_the_dalles,-6.524802346053487,1.999819776637775
2026-06-05,22.195819621950104,12.166661368564462,18.93245627355645,18.969144084956348,4.134607345623201,90.19855228591035,epoch_google_the_dalles,-0.036687811399897186,10.029158253385642
2026-06-06,9.639378497719843,8.551289103818876,7.467729561836346,12.209539679313085,3.9739778417734826,91.34833637088178,epoch_google_the_dalles,-4.7418101174767395,1.088089393900967
2026-06-07,7.6689908563715665,11.927143442874764,10.566938810119096,7.636423785652964,3.003281078338355,94.58377490961021,epoch_google_the_dalles,2.930515024466132,-4.258152586503197
2026-06-10,34.70645075295365,31.73053514625552,37.10187764594213,35.29523738271075,4.13802418076501,95.6897267694477,epoch_google_the_dalles,1.8066402632313796,2.9759156066981305
2026-06-12,13.442692120806027,12.894014126826207,14.479553662561175,11.541143879548457,2.687545559818106,91.41863491623872,epoch_google_the_dalles,2.938409783012718,0.5486779939798208
2026-06-13,13.566919191039167,17.417163499192842,24.984831301099348,14.386739992481848,3.1043446523269136,271.50123842634576,epoch_google_the_dalles,10.5980913086175,-3.850244308153675
2026-06-14,21.656697163224038,26.064140481969204,17.043047561157643,18.62474098108263,2.9043426817302045,272.24814002678283,epoch_google_the_dalles,-1.5816934199249886,-4.407443318745166
2026-06-16,19.507349962962703,25.049407340213254,23.807139546680904,24.571083143540704,5.074539435615162,95.54556422493783,epoch_google_the_dalles,-0.7639435968598001,-5.542057377250551
2026-06-17,14.256065868767665,17.043297000787074,21.20923760746732,19.63168713877164,4.011022957839994,89.63272578984731,epoch_google_the_dalles,1.57755046869568,-2.787231132019409
2026-06-20,14.41107170478961,23.83664320691486,20.991651831799924,24.155172996252425,4.789351340180797,92.13521882252587,epoch_google_the_dalles,-3.1635211644525008,-9.425571502125251
2026-06-22,20.03867911078129,19.89821998270477,23.40310511275449,18.51929944480467,2.4001734687980805,277.7283459867731,epoch_google_the_dalles,4.883805667949819,0.14045912807651817
2026-06-24,37.80568059096845,19.271468318087376,23.47288949212589,22.1875540578289,2.499320159721653,112.47508762069066,epoch_google_the_dalles,1.2853354342969894,18.534212272881074
2026-06-26,7.468873562348204,17.475465777044786,9.782688668157524,12.912649590353631,4.1299800546248795,92.04494288472779,epoch_google_the_dalles,-3.1299609221961067,-10.006592214696582
2026-06-27,10.530246585825967,13.186300942657502,16.450282914006284,9.590318384083822,4.693901196492759,90.25341287186887,epoch_google_the_dalles,6.859964529922461,-2.6560543568315342
2026-06-28,15.50287951136332,19.565717729609663,14.934394274419223,21.90659170842673,5.674285630381976,98.72106482968223,epoch_google_the_dalles,-6.972197434007509,-4.062838218246343
2026-06-29,29.250487563568846,22.91293347781312,27.351054528549945,17.756487923838257,4.667315427198973,92.37697623925038,epoch_google_the_dalles,9.594566604711687,6.337554085755727
2026-06-30,21.533827982305365,21.45699179716193,26.110727542882646,23.711182693432814,4.5886158149754595,89.81746699045732,epoch_google_the_dalles,2.399544849449832,0.07683618514343493
2026-07-01,16.337547144485914,27.58182632404679,20.35624734019152,21.780960793596282,4.502497320870372,92.1078794334556,epoch_google_the_dalles,-1.4247134534047632,-11.244279179560877
2026-07-02,15.587691190273844,12.823387038330273,17.64857277568064,14.918621194680396,2.8809696796095055,90.89876739712417,epoch_google_the_dalles,2.729951581000245,2.7643041519435716
2026-07-03,11.478158781565869,11.207075827375306,14.85174149435771,15.69664790386135,2.7236229277383144,101.7300892210032,epoch_google_the_dalles,-0.8449064095036398,0.27108295419056283
2026-07-04,13.262725069725496,17.77994270800749,9.376312359020384,19.973480348763427,4.011878229337091,92.54558569535317,epoch_google_the_dalles,-10.597167989743044,-4.517217638281993
2026-07-07,33.354869396357664,36.31597533501733,27.45320722180849,32.841158971775506,2.779820001851312,105.15741677877003,epoch_google_the_dalles,-5.387951749967016,-2.9611059386596637
2026-07-08,14.817230897687889,18.190755582292923,13.015772763533974,14.21739678416884,4.3410193583600325,90.97918497963803,epoch_google_the_dalles,-1.2016240206348652,-3.3735246846050337
2026-07-09,16.49436891309958,16.022169899766997,18.558668512121482,19.95970076489863,3.2938105009394194,89.430451954857,epoch_google_the_dalles,-1.4010322527771493,0.4721990133325846
2026-07-10,18.000415979932303,22.751253810142448,25.664755020671013,19.91684254693515,3.3597761443142202,96.9808729169111,epoch_google_the_dalles,5.7479124737358624,-4.750837830210145
2026-07-11,18.073768605420206,15.87183908661376,14.667481571507325,11.080179821032175,3.0432952056159563,100.19396572362177,epoch_google_the_dalles,3.5873017504751505,2.2019295188064465
2026-07-16,28.381061599389383,26.372082281294766,29.751858004313473,35.31692835255666,4.152592491691725,85.68807814473473,epoch_google_the_dalles,-5.565070348243186,2.0089793180946174
2026-07-17,30.723230091579122,27.360563899985518,27.72084683961748,26.40743367462334,3.2239751713537608,100.247641736216,epoch_google_the_dalles,1.313413164994138,3.362666191593604
2026-07-18,21.926589895551597,22.103752434402974,24.175725650266696,24.945089268320814,3.643063582741492,95.65712815605826,epoch_google_the_dalles,-0.7693636180541183,-0.1771625388513769
2026-07-23,25.761485657653107,23.52518195238778,27.4888549507597,29.45085261865485,3.931905876123426,94.09664272234158,epoch_google_the_dalles,-1.961997667895151,2.2363037052653283
2026-07-24,22.340013979775314,14.810384716326352,24.655357451784415,11.610895603411674,2.0912097541100385,107.72102791041601,epoch_google_the_dalles,13.044461848372741,7.529629263448962
2026-07-25,23.009708169232464,12.91948015631439,22.571974011331314,20.501727831232785,4.1295022117720706,99.28991438844764,epoch_google_the_dalles,2.070246180098529,10.090228012918073
2026-07-26,48.10798576008436,9.13955358967027,34.39087675137437,20.71330274447058,2.6055119468906525,104.82790625424235,epoch_google_the_dalles,13.67757400690379,38.96843217041409
2026-07-27,13.854247666647433,8.321499221971399,28.562144751653882,12.967433698074542,2.158113198231249,111.72960129885286,epoch_google_the_dalles,15.59471105357934,5.532748444676034
2026-07-28,20.96472650417343,17.87830772129811,18.147375955842875,24.427723984589452,4.015732150011333,100.71481663829104,epoch_google_the_dalles,-6.280348028746577,3.0864187828753202
2026-07-30,16.31399604233843,13.279772611655162,17.97376689991093,10.348691461902657,2.8152967051871607,98.74069729176341,epoch_google_the_dalles,7.625075438008274,3.0342234306832694
2026-08-01,48.35659965358591,26.524283757491215,34.51027292630588,30.02819513552496,5.154984006252555,94.3719295950321,epoch_google_the_dalles,4.48207779078092,21.832315896094695
2026-08-02,12.852291311138647,15.965232368032243,14.032688371067003,14.196631082471308,3.370075587899104,97.88712034735113,epoch_google_the_dalles,-0.16394271140430483,-3.1129410568935967
2026-08-03,15.152359271852445,14.190271701005004,16.584573373461915,18.685605258892757,2.4025766795351027,278.9725793210549,epoch_google_the_dalles,-2.1010318854308423,0.9620875708474408
2026-08-04,21.053096614660877,45.53680697054585,19.131988342407542,24.776431975630565,2.612471924624811,282.04593091004915,epoch_google_the_dalles,-5.644443633223023,-24.48371035588497
2026-08-07,27.142135989708848,15.534509852768593,25.020379917967123,19.703581951218595,3.33113004978354,96.17697344099355,epoch_google_the_dalles,5.316797966748528,11.607626136940254
2026-08-08,28.483995279701038,20.83902086260169,32.03440732695683,21.42411468582247,3.650146528472012,94.04196094342439,epoch_google_the_dalles,10.610292641134361,7.644974417099348
2026-08-09,22.35456241459808,16.732710083086314,17.628798408050027,15.62586602247181,3.237148911666268,91.45913041409693,epoch_google_the_dalles,2.0029323855782177,5.621852331511768
2026-08-10,13.718002976263687,15.320799237133025,12.692800777398816,11.218166808778454,3.652681685348108,89.86679490962132,epoch_google_the_dalles,1.4746339686203616,-1.6027962608693382
2026-08-11,18.189490671635763,17.2074881630859,16.241747397380955,17.88019422813777,3.5293047217452616,91.42482180814443,epoch_google_the_dalles,-1.6384468307568163,0.9820025085498649
2026-08-16,18.589970232380765,15.874582388004214,17.230255060162698,15.120589876674252,2.5269711279544738,104.93253148269037,epoch_google_the_dalles,2.1096651834884455,2.7153878443765507
2026-08-18,26.04911784102055,27.77754215046561,27.929420909362634,27.422916592679833,3.4498112706143065,94.4361793474427,epoch_google_the_dalles,0.5065043166828005,-1.7284243094450602
2026-08-19,29.08427876356283,30.62461734730565,23.496833091624065,25.08309199928799,2.070167582502542,98.10751157843106,epoch_google_the_dalles,-1.5862589076639253,-1.5403385837428232
2026-08-22,18.754932385821345,26.62346034797953,26.802662678396374,21.95924610369419,4.055355515923916,99.01596328445169,epoch_google_the_dalles,4.843416574702182,-7.868527962158186
2026-08-23,14.302798052761215,12.782643367593264,13.205714470224102,21.777850362370227,3.1809716815618145,87.65109313339082,epoch_google_the_dalles,-8.572135892146125,1.5201546851679506
2026-08-24,23.08716252527483,26.399040485352025,22.55342512168701,28.370360610827444,2.958094581599113,276.5156866196886,epoch_google_the_dalles,-5.816935489140434,-3.3118779600771937
2026-08-26,19.806883033369346,26.250312195473487,19.034702067194786,28.572324684646905,3.5416991413022543,102.84142846873135,epoch_google_the_dalles,-9.537622617452119,-6.443429162104142
2026-08-27,18.591859068528798,19.370654717888325,18.384614225000682,17.477045944294552,3.7520202186353364,99.58731762452936,epoch_google_the_dalles,0.9075682807061298,-0.7787956493595267
2026-08-28,17.774921536497903,14.067505455461953,15.513107145943907,17.22637847722312,2.8694530540867,98.64792211374572,epoch_google_the_dalles,-1.713271331279211,3.7074160810359498
2026-08-31,16.798826900539645,16.30064003314173,20.57507176111265,17.442312758431413,2.765803879276257,278.17461952578736,epoch_google_the_dalles,3.1327590026812366,0.49818686739791573
2026-09-01,14.696130660051486,16.412317232697955,15.803506048042097,11.714011846801943,3.7286041044270015,98.72196906673418,epoch_google_the_dalles,4.089494201240154,-1.7161865726464693
2023-01-16,28.19547684253454,15.70982973367079,18.87438984024049,24.333790526885686,2.138348419546988,97.26015028505901,control_1,-5.459400686645196,12.485647108863748
2023-01-17,20.293488169518646,12.786588748705997,18.488379094637587,16.976046648666838,2.084004745737443,93.50405719061229,control_1,1.512332445970749,7.506899420812649
2023-01-19,16.92819524446952,13.492063611805076,10.28581954874856,9.074654516626738,3.516618002816428,94.38974721974063,control_1,1.211165032121821,3.436131632664445
2023-01-22,10.834828503380384,1.8072383899671234,8.518601232097753,-1.986272716627098,4.174253652472434,98.65033110564104,control_1,10.504873948724851,9.027590113413261
2023-01-26,24.64741282559284,12.28315765918581,24.00473690042517,16.391922879303287,2.52746764190809,92.5662639094283,control_1,7.612814021121881,12.364255166407032
2023-01-27,35.395744435100966,34.81652687455192,29.91159557383984,31.592445448890608,4.649965248788507,100.47285287208831,control_1,-1.680849875050768,0.579217560549047
2023-01-29,17.85185758230932,13.333657261816446,23.45418110504405,15.94188766053935,3.0215964699254845,242.79448941722873,control_1,7.512293444504699,4.518200320492875
2023-02-08,13.246890208469253,19.44163268551404,19.654923230916076,19.90782839514159,3.1520986508278837,83.4963877295142,control_1,-0.25290516422551335,-6.194742477044787
2023-02-13,13.00830295877818,4.871451580192132,4.187899814980445,17.186043495079655,5.053394888109347,87.43702301073375,control_1,-12.998143680099211,8.136851378586048
2023-02-14,8.730996625393244,15.740114030460017,13.205629476231664,14.283994879767562,2.6454895600052377,90.97891015297995,control_1,-1.0783654035358978,-7.009117405066773
2023-02-15,28.303561908307735,26.92109667506614,16.95797417608644,37.38235246635721,2.2324903627108488,76.71135927160378,control_1,-20.42437829027077,1.3824652332415965
2023-02-17,24.7746709885468,35.085609910786836,28.826208275491716,27.021833504625896,2.376446318757496,94.70486084422623,control_1,1.8043747708658202,-10.310938922240037
2023-02-18,19.558396387165523,31.778527998477383,26.091944305741073,37.00494154411841,5.287768647415657,100.7278888918554,control_1,-10.912997238377336,-12.22013161131186
2023-02-19,28.29614191667388,29.486117555223448,45.19769755375829,29.30516226003572,5.091573390861153,87.99958637019472,control_1,15.89253529372257,-1.1899756385495692
2023-02-21,2.025129385402184,-1.5842439946098323,2.064687185071371,0.7528102300424507,5.660477949501432,83.88090532533295,control_1,1.3118769550289202,3.6093733800120162
2023-02-24,20.710484763283006,23.33496125411968,26.304719392334633,25.49582224183089,2.6568403853637417,275.3576884101342,control_1,0.8088971505037428,-2.624476490836674
2023-02-26,3.1085812060311646,3.2360831830365884,5.606749961926294,9.22233563830223,4.312369055461745,84.42371746041772,control_1,-3.615585676375936,-0.12750197700542376
2023-03-01,36.947064815955144,36.38828499130054,37.972916045514985,43.037997794902566,3.3509946301049025,84.2185013849836,control_1,-5.065081749387581,0.5587798246546072
2023-03-02,39.89343063956014,24.212188075173806,26.8961694729139,28.344661275998785,3.2874035036884437,96.73509931396524,control_1,-1.4484918030848846,15.68124256438633
2023-03-15,14.413678996983105,19.04796923450433,16.584559686551973,21.321780807076536,4.481063496208312,98.93792786387979,control_1,-4.737221120524563,-4.634290237521224
2023-03-16,29.04448289400802,28.073454558703848,33.885611155303195,28.532635834030756,3.4599179953655463,275.42425147424234,control_1,5.352975321272439,0.9710283353041724
2023-03-17,17.585546029595186,25.085264109364747,26.102972859949666,13.721005998559068,2.336580389088343,290.16210595119344,control_1,12.381966861390598,-7.499718079769561
2023-03-18,15.406921599775712,12.270556752534212,19.016527965433827,13.46798713682682,2.0746963121551643,286.05289535005096,control_1,5.548540828607008,3.1363648472415004
2023-03-20,24.913637916951416,21.203376700448644,17.23561836265472,18.646651500797336,5.035765727950468,101.01679567915403,control_1,-1.411033138142617,3.710261216502772
2023-03-24,14.46870616509975,9.10342087948018,15.031256047904765,-3.8802677974466744,4.879514707061012,91.03700484561284,control_1,18.91152384535144,5.365285285619571
2023-03-25,19.695339525348537,7.410688570734159,17.599268436842532,19.1697308927091,3.963188482233243,94.95209488210935,control_1,-1.5704624558665685,12.284650954614378
2023-03-26,18.55513150559866,14.885148286850432,14.494307106757837,18.160493197565216,4.172321951798452,95.76565776049551,control_1,-3.666186090807379,3.669983218748227
2023-03-27,10.671924510787836,12.021302713089142,9.508709679175583,9.44243941304213,3.5908589438509577,283.18329377617357,control_1,0.06627026613345244,-1.3493782023013061
2023-04-01,7.819671622757327,7.217034046825348,10.357643656231955,9.296892820700263,4.184414427745724,84.13846208393181,control_1,1.0607508355316924,0.6026375759319791
2023-04-03,26.808745930700827,23.324190530561754,23.447522404411185,36.24432883789969,4.092909300530568,102.61417777633585,control_1,-12.796806433488502,3.4845554001390724
2023-04-04,21.34301986525888,15.136908072733757,22.264411463970475,22.297252431273645,3.3836542279407773,85.61312771741007,control_1,-0.03284096730316932,6.206111792525125
2023-04-05,18.19776034081936,17.033604098685178,22.150493429184156,13.49948038617527,2.139827176202787,48.11617744571288,control_1,8.651013043008886,1.1641562421341831
2023-04-07,45.132823414791275,11.097430774954253,21.47410088672861,17.644441806941664,3.422080781748808,95.78578832592478,control_1,3.8296590797869463,34.03539263983702
2023-04-11,8.66547070685841,6.867774052541585,16.09030326014548,13.757172794757599,4.616171914267433,97.05952304295533,control_1,2.33313046538788,1.797696654316824
2023-04-18,25.22916740966247,0.12292029333129333,10.946849051076198,8.476990410824177,4.0315147406782845,93.06663631063691,control_1,2.4698586402520206,25.106247116331176
2023-04-23,12.379451762192032,14.80325919905,9.583070567108182,9.251682840771137,4.112549251345849,101.33173308970561,control_1,0.33138772633704505,-2.4238074368579685
2023-04-24,29.59603537941103,30.226024750455732,26.377958292795906,32.47959574112348,5.590268118472831,95.32532824322993,control_1,-6.101637448327576,-0.6299893710447009
2023-04-26,14.0180772440038,14.257960390593853,18.230028890841677,14.32385155600763,2.0510026228297966,79.29101436046267,control_1,3.9061773348340463,-0.23988314659005283
2023-04-28,17.917167135250253,23.16944702221104,28.191249689478028,22.87366173530393,2.808519267920796,277.72202708813984,control_1,5.317587954174098,-5.252279886960785
2023-04-30,23.252470390285357,22.184975087705098,25.281330903630135,26.70487291999494,5.443355900711576,102.036823192106,control_1,-1.4235420163648058,1.0674953025802587
2023-05-02,25.575819619640505,27.47680392789655,25.217194085037676,25.358237031836566,2.1233119566887995,343.0288489755493,control_1,-0.1410429467988905,-1.9009843082560458
2023-05-06,21.674479251868465,23.304878121289157,17.90284778455677,20.501219241541264,3.6178909021725354,93.32900387825714,control_1,-2.598371456984495,-1.6303988694206915
2023-05-09,15.331911880825775,16.23870141232562,14.865977472050286,21.994503967265018,2.6055794801685375,85.87078780238176,control_1,-7.128526495214732,-0.9067895314998466
2023-05-12,28.67535961186352,21.790132739596302,20.01134602684534,27.952962002369226,2.1082465149375,311.557074147395,control_1,-7.941615975523884,6.885226872267218
2023-05-13,23.008817300588376,19.02247762649818,22.09435535145826,25.226889879124805,2.7626139401635696,276.331052985919,control_1,-3.1325345276665466,3.986339674090196
2023-05-14,17.64278314650334,13.386844526430782,15.49115332430652,14.935906389576065,4.195419230366897,253.37103390008915,control_1,0.5552469347304552,4.255938620072559
2023-05-15,21.96442634866967,19.755620900830923,24.30846970077286,15.624062291655783,2.211298565630885,307.0557973524469,control_1,8.684407409117078,2.2088054478387456
2023-05-16,22.918468471358548,11.649880586396176,18.554292662826214,18.832869747188198,2.7071783951599757,82.37044995927636,control_1,-0.27857708436198436,11.268587884962372
2023-05-20,15.612120083232728,15.46880145321644,16.8096008221318,13.602758285577213,2.6731949309913836,98.54785080442662,control_1,3.2068425365545856,0.14331863001628875
2023-05-21,12.806847703741795,12.40349138259442,10.467739689592472,11.627584087458295,5.79005622957734,93.2039519769749,control_1,-1.1598443978658235,0.4033563211473741
2023-05-22,24.81749631911597,19.90663561819843,19.225240854322188,25.23728618933813,6.458441824811017,94.20511280472886,control_1,-6.012045335015941,4.910860700917542
2023-05-23,16.03435112722135,15.714661684665433,13.770299568644422,14.893128380279832,2.710742057022127,74.0230837150956,control_1,-1.1228288116354097,0.3196894425559158
2023-05-27,24.430519343628518,20.156258851330364,21.340644412774637,17.598994362155032,5.053281185431781,94.48551913645065,control_1,3.7416500506196044,4.274260492298154
2023-05-28,8.675881970289868,21.824143285096348,17.901447600724197,15.448743022602974,4.101603763726126,91.6775311530049,control_1,2.4527045781212227,-13.14826131480648
2023-05-29,23.00404472775102,28.038570948685923,24.346442406001046,28.85342143860622,4.101181671082918,89.07478578199982,control_1,-4.506979032605173,-5.034526220934904
2023-05-31,17.78657263313308,27.302291306508998,24.25658785068017,19.956198081485947,5.609694011974447,97.12560593426053,control_1,4.300389769194222,-9.515718673375918
2023-06-01,11.651628703693687,18.018943493940238,14.75731355451779,18.243512593777112,2.192806789893631,88.9041160761974,control_1,-3.486199039259322,-6.367314790246551
2023-06-02,23.643926208175184,26.184493250726337,25.35096903293324,25.392271300977228,3.0521470968550024,87.28150147911106,control_1,-0.04130226804398873,-2.540567042551153
2023-06-04,7.35857245898023,9.807313615704144,11.494491533956976,13.302089804338403,2.9840876884802148,96.46249394778835,control_1,-1.8075982703814262,-2.448741156723914
2023-06-06,30.80338646800984,32.34879635465147,33.08279361339397,27.532084091706096,2.2424438288948734,279.66585448772975,control_1,5.550709521687871,-1.5454098866416288
2023-06-09,23.942366509161147,22.99215176541619,23.38529441457424,25.726528666334655,4.925500979910789,89.58098008569004,control_1,-2.341234251760415,0.950214743744958
2023-06-10,21.500603774149177,18.556126321223147,19.445307570215896,18.588570269035014,3.7322960390288724,98.40523939839505,control_1,0.8567373011808819,2.94447745292603
2023-06-12,29.63301921275673,27.556262292067125,30.500718937762453,31.556038430724126,2.3034169427200104,84.15159590821116,control_1,-1.0553194929616723,2.076756920689604
2023-06-14,17.596785418983714,23.867807662410122,21.481702997138473,28.71989788335584,6.729801309761568,98.63971964629502,control_1,-7.238194886217368,-6.271022243426408
2023-06-15,14.528474257552197,13.67615726221985,14.869425161825902,18.479520528604414,3.160129309921125,91.36458933890515,control_1,-3.6100953667785127,0.8523169953323482
2023-06-17,8.358095647730417,14.846726867728893,9.3653431142269,17.72493047977847,5.6682081494557455,91.32742110506695,control_1,-8.359587365551572,-6.488631219998476
2023-06-19,19.650894410908954,16.774437459602744,19.25462966294175,22.57583250340183,5.893389597836791,89.53571183404136,control_1,-3.3212028404600815,2.87645695130621
2023-06-20,12.696876426695946,14.413147162015505,10.03462704026947,18.111901176173603,3.9829982475290686,106.78852219226144,control_1,-8.077274135904133,-1.7162707353195596
2023-06-22,21.292151140884094,20.124986593041353,16.740188065439416,18.289400891858243,2.222441096252171,294.2763736639716,control_1,-1.5492128264188274,1.1671645478427415
2023-06-23,7.370508982947514,16.030747141769563,14.603909460579565,13.910362111208599,2.578021211566576,84.00274263292664,control_1,0.6935473493709665,-8.66023815882205
2023-06-24,22.160952179089655,27.04453836311688,17.004108719282744,26.789298144006782,3.036880106509658,92.48707696948765,control_1,-9.785189424724038,-4.8835861840272266
2023-06-25,18.984200095492838,20.106288330108207,18.311725950986293,21.282334076610667,2.6045302013754412,84.78706346736726,control_1,-2.9706081256243735,-1.1220882346153687
2023-06-26,11.201836231160945,12.603612227205534,11.30654675333883,11.301550303502989,3.787910492120542,91.41782110040657,control_1,0.0049964498358416876,-1.4017759960445897
2023-06-27,15.51728106512527,13.857049875343568,16.758429324996186,28.945846058988312,4.084708727386372,92.87514035874682,control_1,-12.187416733992126,1.660231189781701
2023-06-28,26.333548263558495,30.078808531192266,29.46557737948079,29.383111965162204,2.8149570544263667,83.29031741769222,control_1,0.08246541431858745,-3.745260267633771
2023-06-29,24.883622755890233,26.22741934110614,30.547804430344492,28.39995905455516,3.6326970791770385,94.41564478012276,control_1,2.1478453757893305,-1.3437965852159053
2023-06-30,12.043264617264791,19.525241886380854,17.01384924567764,19.848468707715515,3.5986795806171914,94.90747007172536,control_1,-2.8346194620378746,-7.481977269116063
2023-07-01,14.838386822510016,7.415469946772274,11.888394665551541,11.671289318042644,4.82740671902215,92.50130179221537,control_1,0.21710534750889643,7.422916875737742
2023-07-06,22.316716544424008,24.90212769128144,27.759868191411776,24.45533608084532,2.1840306348454774,71.79823814285692,control_1,3.3045321105664556,-2.5854111468574317
2023-07-07,24.145538138254395,19.514425450432615,22.42138111701497,31.322065135615283,3.042515198650628,92.43659327225191,control_1,-8.900684018600312,4.63111268782178
2023-07-08,25.30337635070499,29.498567159809625,29.81288761638148,30.391326487016176,3.929347138783634,95.10178732056585,control_1,-0.5784388706346952,-4.195190809104634
2023-07-09,22.528615462261197,25.74777136032926,23.218945528607133,27.050511325868964,3.9341911765906916,96.56013955305087,control_1,-3.831565797261831,-3.2191558980680632
2023-07-10,23.729174524150185,24.629974988917336,21.441110976751254,27.403205621838097,5.8206924500575346,97.48838637780864,control_1,-5.962094645086843,-0.9008004647671513
2023-07-11,17.525324476386473,19.59156320258731,17.556059394088685,24.268421834820657,4.001697108854647,94.54233915316092,control_1,-6.712362440731972,-2.0662387262008366
2023-07-12,17.959217048057507,15.90548284074264,14.757714997480786,18.57549643649286,4.508044092546689,100.20103055461493,control_1,-3.817781439012073,2.053734207314868
2023-07-13,22.217616668506896,18.254254364804247,22.40095238693736,22.68386644711454,4.183481987829483,97.11576262925172,control_1,-0.28291406017718046,3.963362303702649
2023-07-14,24.2887645690497,16.743494438867284,21.97933399914505,25.74824410160593,2.1264350396495604,92.49442112345224,control_1,-3.768910102460879,7.545270130182416
2023-07-16,14.175031346778832,13.76583271600232,13.360142055099297,15.613942952113542,3.6571551028726574,94.6142663083258,control_1,-2.2538008970142442,0.40919863077651186
2023-07-17,17.768971330853855,19.269103938050723,12.999859295316142,19.183608101464916,5.653638387733762,94.79425045878332,control_1,-6.183748806148774,-1.5001326071968677
2023-07-19,16.318235296566748,14.300726244772227,15.920207635359565,12.926911259953313,2.5934215890006453,280.18346993545015,control_1,2.9932963754062527,2.017509051794521
2023-07-20,23.16061054427817,26.163114817826973,19.317333202620667,22.931705170422415,2.6083211850878056,90.69116355051335,control_1,-3.6143719678017483,-3.0025042735488015
2023-07-21,19.124506280420448,19.78008770315098,19.78749951895851,25.134355311099803,4.231465183634677,97.59287656024992,control_1,-5.3468557921412945,-0.6555814227305312
2023-07-22,12.874388586614433,18.00290413313465,11.344624857293985,19.086427909927533,4.081961104498157,99.15656982722271,control_1,-7.741803052633548,-5.128515546520216
2023-07-23,11.2175324403324,12.18286182991483,14.141175470861311,11.119286169844818,3.285033120912511,102.08275870651408,control_1,3.0218893010164933,-0.9653293895824291
2023-07-25,22.430131738116433,18.52269922980796,22.167333068744952,23.485463038309028,4.080834759643829,106.9660122237886,control_1,-1.318129969564076,3.9074325083084744
2023-07-27,15.428322984223696,14.540246858131121,10.33905342656727,13.300907376035154,3.993051153716223,93.18847201916469,control_1,-2.9618539494678835,0.8880761260925745
2023-07-28,15.453339075289614,13.85554784653124,16.82010527016695,9.128275851996284,2.582674499060047,94.92004201817639,control_1,7.691829418170665,1.5977912287583749
2023-07-29,20.291522346480946,17.894666600981378,25.050843371994556,19.600513658900777,4.266570448259997,100.16503263805055,control_1,5.45032971309378,2.3968557454995683
2023-07-30,20.308179935393355,15.317899523854551,15.064953066934107,15.785932257455592,4.511985186106028,98.98194100635288,control_1,-0.7209791905214846,4.990280411538803
2023-07-31,20.90057146079855,23.4285883757433,25.993176742526725,25.527311150996134,2.9322164527614225,96.42174962108328,control_1,0.4658655915305907,-2.5280169149447502
2023-08-01,17.97839975120209,23.662959338901146,24.075481778146628,22.403777215657996,2.4081260346518416,95.68397835250676,control_1,1.6717045624886318,-5.684559587699056
2023-08-02,17.538377773771558,16.542286769804083,18.673963746000524,18.063054872220246,3.720050338218706,97.73054411057825,control_1,0.6109088737802786,0.9960910039674751
2023-08-03,15.73400677305344,23.2514490689719,18.81936360206535,21.689524451389097,3.303262872532168,96.685692889228,control_1,-2.870160849323746,-7.51744229591846
2023-08-06,10.257978855626678,23.69015828499185,13.013837810542551,18.339983726873243,3.6951738866413226,95.8517287984356,control_1,-5.326145916330692,-13.43217942936517
2023-08-07,17.49327067125479,23.22844167616088,19.3228693388533,23.197587862674705,3.6407334721384044,96.50394292738463,control_1,-3.8747185238214037,-5.735171004906089
2023-08-08,12.836846453675545,15.119856769603691,21.324468328891903,19.814005288939867,2.3451763013549307,89.22736405869256,control_1,1.510463039952036,-2.2830103159281467
2023-08-09,24.28423640716627,17.96412394103371,21.65149601188818,22.548324562106213,5.102396172971056,95.0502305335084,control_1,-0.8968285502180322,6.32011246613256
2023-08-10,24.484359833089165,22.192188483085037,19.734889730599278,20.56753497301141,4.238901216439496,93.85983076022836,control_1,-0.8326452424121307,2.2921713500041285
2023-08-11,12.842088543325286,17.883216000235336,21.66027469901232,19.857282182352602,3.877653975802825,93.20479756508655,control_1,1.8029925166597174,-5.041127456910051
2023-08-13,12.208937702555216,12.791269960154287,12.893063870312446,11.454791475661382,2.871187767327062,275.9572232868522,control_1,1.4382723946510634,-0.5823322575990701
2023-08-14,21.798849767962206,18.274954387724367,25.394641283432343,18.979442502068725,2.554955896667039,288.58427600581,control_1,6.4151987813636175,3.523895380237839
2023-08-16,19.531563639953085,25.225411185753217,24.640597062217594,19.141216577453175,2.5580628944669783,91.30840187949372,control_1,5.499380484764419,-5.693847545800132
2023-08-18,11.103795344765997,14.442490688961625,14.723388252070029,20.830337454799945,5.781640175451048,95.6018681983627,control_1,-6.106949202729917,-3.338695344195628
2023-08-19,19.698037540872658,20.767543638257795,20.35946677095409,20.238439701478303,3.0188475658356015,261.90525795162546,control_1,0.12102706947578667,-1.069506097385137
2023-08-22,16.940170721351876,16.7934677029928,17.102628881621495,19.831850693878426,4.223117975274601,93.08949073323328,control_1,-2.729221812256931,0.1467030183590765
2023-08-23,17.815612334606406,16.032794718742377,20.458941753324833,21.530874236207882,2.867937382019951,95.3707729053562,control_1,-1.0719324828830494,1.7828176158640296
2023-08-24,15.755197250127141,11.6032583231161,21.526785269172745,13.708898093135371,3.4540970948255807,271.8121140687684,control_1,7.817887176037374,4.151938927011042
2023-08-25,27.89416341805049,30.508422840055513,32.19295554778951,28.991333614026036,3.2443107873182875,276.77716651897094,control_1,3.201621933763473,-2.6142594220050235
2023-08-28,21.015841310129534,20.755572893511463,25.31153059637003,25.19297057005689,2.5136814646054693,82.48726383448047,control_1,0.11856002631314055,0.26026841661807154
2023-08-29,13.239894368006166,13.59235510128903,12.284943145914035,14.083694145585268,7.28412054133273,96.27342290932427,control_1,-1.798750999671233,-0.3524607332828644
2023-08-30,22.14139873192439,24.300851997380597,21.10847185972698,24.547153047961967,5.550238734984095,92.99175579381415,control_1,-3.4386811882349875,-2.1594532654562073
2023-09-01,25.13560785102042,17.587652076850908,14.665136765331741,31.52374932091413,2.5444750756045815,285.66426943501153,control_1,-16.85861255558239,7.5479557741695125
2023-09-03,25.968407138955623,22.014566775757675,22.90324699986085,24.021250852438406,5.781491159495947,96.83498711986226,control_1,-1.118003852577555,3.9538403631979477
2023-09-04,25.967409064629198,25.981228587093387,23.083833682708196,27.869385195553143,5.579395260005699,92.66258215018303,control_1,-4.785551512844947,-0.013819522464189049
2023-09-05,10.951594973938276,16.660250810015434,16.918167447763185,15.303692398507964,2.698281032535988,87.13165664800567,control_1,1.614475049255221,-5.708655836077158
2023-09-06,13.314420470415595,10.599192096074837,11.081693720360345,18.85079329330713,3.6367666707634347,92.95139987583894,control_1,-7.769099572946786,2.7152283743407573
2023-09-07,8.39485425258295,18.142008492746022,6.48763316735374,35.421953310103184,2.470992119524755,103.07364751559055,control_1,-28.934320142749442,-9.747154240163072
2023-09-09,20.086222837795894,18.912371402923075,30.555498837001704,25.208491030672345,2.1205853733882027,273.609496453976,control_1,5.3470078063293585,1.1738514348728195
2023-09-12,9.953183316715085,16.6646046308313,21.710891571496646,11.872959598029299,4.2109254101715585,96.06014169881104,control_1,9.837931973467347,-6.711421314116214
2023-09-13,16.342143238694586,20.102549636957395,20.44462227008834,24.28922461383457,2.4127656305743863,84.6590284308586,control_1,-3.844602343746228,-3.760406398262809
2023-09-14,14.431509941357277,16.138402449105843,19.612278268132464,15.286233102065522,2.2481434044104573,296.362006556746,control_1,4.326045166066942,-1.7068925077485666
2023-09-17,18.465417924603504,25.099591985184162,15.550883458546657,19.887676192267552,3.741741614493263,105.78318994726544,control_1,-4.336792733720895,-6.6341740605806585
2023-09-18,19.49707498694433,15.538058864874843,19.292273641094333,19.257735865927103,5.505728623649963,92.01643612469547,control_1,0.03453777516723022,3.959016122069487
2023-09-19,10.300144119505884,13.560151647765098,10.536550196574758,15.25642558824923,4.467435553299584,94.00046084373986,control_1,-4.7198753916744725,-3.260007528259214
2023-09-28,25.296387324282588,23.744642909220516,22.26514706054232,19.009073261062387,2.958855288998218,91.23493602369496,control_1,3.256073799479932,1.5517444150620712
2023-10-03,37.411264803673,32.13386456881778,23.81995654772105,35.82943590636069,4.026428015134608,97.35214664708371,control_1,-12.009479358639645,5.277400234855222
2023-10-04,11.641291177181568,9.936351956555662,13.113495986115872,8.777843750480361,2.697878698563207,81.25447831332065,control_1,4.335652235635511,1.7049392206259064
2023-10-06,29.94572169729743,25.9291023010483,25.86276903866177,28.527128639140823,2.93180383154757,273.5275497853669,control_1,-2.6643596004790524,4.01661939624913
2023-10-07,14.6793250958249,17.155492033942323,29.063946778679707,18.75018461763334,2.1884747617793727,287.30537300172455,control_1,10.313762161046366,-2.476166938117423
2023-10-12,20.817429839152673,20.49492329056055,17.263734036752922,19.831769362668343,2.703275568207466,288.44875540423976,control_1,-2.568035325915421,0.32250654859212347
2023-10-13,18.607617827899176,11.922410583586453,8.456051163109674,16.23903541580926,2.788946606430141,279.3867719875603,control_1,-7.782984252699585,6.685207244312723
2023-10-15,41.16248592737445,30.470070364703833,31.838262232922776,32.33275534731665,2.2033476316539464,265.7632937665095,control_1,-0.49449311439387245,10.692415562670615
2023-10-22,23.948344690330117,25.989414703143954,27.322850420672456,28.812156624455273,2.874825374599025,97.9748658666141,control_1,-1.4893062037828173,-2.0410700128138366
2023-10-23,22.326864994247885,22.344161391475403,8.143546025518178,20.84915032366175,5.037724031027671,98.71777974320412,control_1,-12.705604298143571,-0.017296397227518412
2023-10-27,17.360075453096393,26.91115303412791,20.724960135080575,24.804733621160743,2.3380586991738945,262.00585895287304,control_1,-4.0797734860801675,-9.551077581031517
2023-10-28,32.242111400386186,34.43228926474289,40.91417942061215,28.022007099544066,2.1931963208448417,295.585583747176,control_1,12.892172321068085,-2.1901778643567056
2023-10-29,22.223206161923017,17.758044127499524,15.213198824238951,22.912231206935324,2.247197251239754,287.79593175866376,control_1,-7.699032382696373,4.465162034423493
2023-10-30,29.895977741883105,26.11343186044681,28.707843544294974,28.71256683196845,2.477251093406225,282.484998320664,control_1,-0.00472328767347463,3.7825458814362953
2023-11-07,25.071712606604443,21.839297488682583,31.236493856461866,19.92290930206678,5.114673713613505,88.19533763558519,control_1,11.313584554395085,3.2324151179218603
2023-11-08,10.41514120292767,24.522360202663783,12.309364151811277,10.53374781574416,2.2760888623092135,88.23512822099246,control_1,1.7756163360671167,-14.107218999736114
2023-11-11,3.766820678293319,11.811210204309843,18.442517427394357,13.76803003202659,4.328458415823002,84.10845591720772,control_1,4.674487395367766,-8.044389526016523
2023-11-13,12.885143074630548,20.161922282434368,11.801076339114855,17.59263921178658,2.5401422942949403,96.64186451988508,control_1,-5.791562872671724,-7.27677920780382
2023-11-19,7.0223166828132175,15.778078943707925,14.414056239347595,14.894460515944001,5.506419304092316,87.7259493179543,control_1,-0.4804042765964063,-8.755762260894707
2023-12-08,15.950550474298165,8.140880486965033,11.954780538706359,13.732662614036384,4.266297226318806,94.55491590479363,control_1,-1.7778820753300248,7.809669987333132
2024-01-07,12.158939510147215,9.150673315718349,8.340482748213274,11.353198361574659,3.369948272965687,95.75055030565386,control_1,-3.012715613361385,3.0082661944288667
2024-01-09,-10.694770316008004,-13.198784241879151,-17.39102252827823,-12.463973032578227,5.482091984054843,69.36186476692575,control_1,-4.927049495700004,2.5040139258711474
2024-02-03,7.682270068503736,4.827153349075798,11.359545882589444,9.168097668797332,3.0572986176876635,92.9422455496782,control_1,2.1914482137921123,2.8551167194279383
2024-02-04,29.895653956433875,25.074285587658967,25.45581430269314,30.362911596830482,2.1626762498375305,273.85177515253287,control_1,-4.907097294137344,4.821368368774909
2024-02-06,26.683151510023755,52.4795301538993,31.002447128224066,39.205038405126075,2.600068916701488,87.71392565873623,control_1,-8.202591276902009,-25.796378643875542
2024-02-08,24.34172200736947,29.527312031608886,33.58383520099894,27.889428523752855,3.9770695128464344,98.96734213373503,control_1,5.694406677246086,-5.185590024239417
2024-02-09,36.41521191926574,17.352991810738615,24.819329540191795,27.182446131358784,3.2550052966910386,91.8775669185298,control_1,-2.363116591166989,19.06222010852712
2024-02-24,27.13974529485698,25.099349684131745,21.758593376945292,15.449489753704169,3.439308569766101,94.31374144614864,control_1,6.309103623241123,2.040395610725234
2024-02-25,12.600838486250815,15.371060388622883,30.937186260887042,16.76042268290697,5.186579016337155,88.18290989265569,control_1,14.176763577980072,-2.770221902372068
2024-02-26,-2.0133279630541128,3.7035970670301213,-4.628862910524207,4.588574715193675,4.934122939443953,91.79786077859774,control_1,-9.217437625717881,-5.716925030084234
2024-03-02,9.754986322434618,5.805922314731048,15.609835468747274,12.553822048844768,4.1871819035959765,82.42593573244011,control_1,3.0560134199025057,3.94906400770357
2024-03-12,7.904350543330988,30.320867283894334,13.481227356975324,15.46064424908708,3.771679625826122,93.34568937433926,control_1,-1.9794168921117556,-22.416516740563345
2024-03-13,12.615138757674655,14.71017472606218,14.566790846256426,17.6699152210252,3.5033106980191016,97.73732548394474,control_1,-3.1031243747687736,-2.095035968387524
2024-03-15,24.163925489239737,16.37160732225398,24.81718238080925,13.694042619261655,2.4176674159098677,287.8781928574041,control_1,11.123139761547595,7.792318166985758
2024-03-19,20.09642844787566,27.268979742288817,22.01693905415599,28.871526414103613,2.0196895674614974,111.34031799602826,control_1,-6.854587359947622,-7.172551294413157
2024-03-20,15.787208241479128,25.71253614832994,19.93639656985634,23.741323687694436,3.7543297542893592,104.88424431290804,control_1,-3.8049271178380977,-9.92532790685081
2024-03-21,32.40790465077022,15.748959225952113,19.558493863586712,30.263870160223384,2.5051551884662384,115.85319163558665,control_1,-10.705376296636672,16.658945424818107
2024-03-24,23.338678674425744,19.961371648283862,17.106855786336947,10.876487603031658,4.836856415536303,99.76510478127449,control_1,6.2303681833052895,3.3773070261418816
2024-03-26,28.24237420470702,22.997738644353877,26.64133114563358,35.25694481656239,5.138845801564717,93.64132957522304,control_1,-8.61561367092881,5.244635560353142
2024-04-01,16.981311592044225,22.577219085669,11.299706431254283,24.24333082012141,3.916492509015093,92.77422445540867,control_1,-12.943624388867129,-5.595907493624775
2024-04-05,16.93717333310397,22.368244427900105,17.421713182233223,24.641722253328673,5.5786109674363376,97.60681186040256,control_1,-7.2200090710954505,-5.431071094796135
2024-04-07,10.342102232516993,6.796230047305903,19.297041592431032,16.76404201017663,3.6888163246045558,92.47912429381694,control_1,2.5329995822544014,3.54587218521109
2024-04-08,22.341601561450425,25.425396168034975,24.616776285172275,14.068189130645226,3.4067034670815004,94.77912486464277,control_1,10.548587154527048,-3.0837946065845507
2024-04-09,19.986311362175126,21.696241354782597,22.907538902205705,16.329808723648956,5.465885097029009,89.66165538880273,control_1,6.577730178556749,-1.7099299926074707
2024-04-14,15.53829661058739,15.606010898450402,13.395887170322208,20.853643578202906,4.041581317345287,89.55265114780849,control_1,-7.457756407880698,-0.06771428786301215
2024-04-15,21.565723627442228,17.28035538454781,14.243868883001483,28.594648391136566,6.379305822422816,92.07329566588908,control_1,-14.350779508135084,4.2853682428944175
2024-04-16,14.616487624116292,8.267389467222836,25.78316181279404,17.061020990574434,5.357783743850559,101.17354179135128,control_1,8.722140822219608,6.349098156893456
2024-04-18,16.02465756601265,16.986838408013714,19.29247117926455,19.591712296818585,3.332060786120508,280.0845906049957,control_1,-0.29924111755403615,-0.9621808420010645
2024-04-19,21.034381930925864,12.2436566232225,18.943257332368994,15.560173763294424,4.15038983174625,253.2453517605981,control_1,3.3830835690745698,8.790725307703363
2024-04-20,20.035423289981438,17.055153628252878,28.083607337919798,20.964282528548342,2.870395914012397,285.27575480763005,control_1,7.119324809371456,2.98026966172856
2024-04-21,20.693027816574304,19.760832868020323,21.421385027783362,27.643374826309724,3.708133481583684,98.07540344804119,control_1,-6.221989798526362,0.9321949485539811
2024-04-23,20.04661569668116,14.325166855406524,12.517174643724095,12.366820976863442,2.221335583520741,277.1449215160268,control_1,0.15035366686065288,5.721448841274638
2024-04-24,8.005192015466482,14.228625420730552,13.575395926528733,15.463857400124969,4.581445435182604,94.63901816623195,control_1,-1.8884614735962355,-6.223433405264069
2024-04-26,5.186092402891158,13.94405575385037,24.574783016415026,7.199657645126327,3.249579081743675,95.73676120706443,control_1,17.3751253712887,-8.757963350959212
2024-04-29,18.60909671763241,1.951363850578238,13.919604176581794,18.545916388693556,3.8324818430455214,89.65587951896532,control_1,-4.6263122121117615,16.657732867054172
2024-05-01,10.796307523468624,13.35018717752672,13.84490151177089,10.700022152511579,3.7991469408257075,90.2762471759047,control_1,3.1448793592593116,-2.553879654058097
2024-05-03,4.258564645957501,8.638590440835058,15.615653475523885,6.601860271406376,2.6689041732448446,302.70428366296227,control_1,9.013793204117508,-4.380025794877557
2024-05-06,6.227619021362294,8.65413166701948,10.22291048064682,14.16131205723985,2.724708602856181,98.56187044142985,control_1,-3.93840157659303,-2.4265126456571853
2024-05-07,27.604219762658072,24.792842859412847,23.45566675846519,30.874869071511117,5.926475428262396,96.19759925217454,control_1,-7.419202313045929,2.8113769032452254
2024-05-09,21.590823423379415,17.703693477227315,17.704701268867247,14.214442431617822,2.9772719056395602,271.5456284052918,control_1,3.4902588372494243,3.8871299461521005
2024-05-11,-1.9389000068421582,17.084981496301296,7.878429786902883,21.977968291364462,2.682135980779262,85.09026822545462,control_1,-14.099538504461579,-19.023881503143453
2024-05-12,14.602067139691203,16.934958145420705,12.992294581063483,19.95206289720197,4.449996383948357,90.8549019619835,control_1,-6.9597683161384865,-2.3328910057295023
2024-05-13,12.235726900938792,14.273049073536951,14.95102693881933,10.622971545045083,5.227796976052584,91.22968071704912,control_1,4.328055393774248,-2.0373221725981594
2024-05-15,5.548546923385938,6.46630990640518,4.666555318630518,12.87425497684105,3.1438929225785466,87.01438908648862,control_1,-8.207699658210531,-0.9177629830192418
2024-05-16,8.957173717420797,15.700962709628131,17.09432355220957,17.784141615178395,5.944349167558555,93.17204817449783,control_1,-0.6898180629688255,-6.7437889922073335
2024-05-17,16.990307457056673,11.866891757929823,12.15855832331595,18.559367525237036,5.6336088259011134,88.76195563664817,control_1,-6.400809201921087,5.12341569912685
2024-05-18,21.298281908246192,20.797605277744186,18.546223560188263,23.413461690692937,5.198084954597414,96.02250879910184,control_1,-4.867238130504674,0.5006766305020065
2024-05-19,21.653622475856736,24.530531880488038,20.62250011621684,21.45892668751667,4.149934891245065,88.53307393080047,control_1,-0.8364265712998282,-2.876909404631302
2024-05-20,11.194820684197841,14.342605256799386,15.301579230149109,18.82714634869795,3.99741400736849,89.3004810245643,control_1,-3.5255671185488424,-3.1477845726015445
2024-05-23,16.814569129661084,26.38104658996175,22.601749248982063,22.117844675077997,3.5984932148489506,85.35414667851376,control_1,0.4839045739040664,-9.566477460300664
2024-05-24,18.912577410448584,22.552377286922454,12.305335564862267,19.835392819998752,5.079658812215608,95.67049338707301,control_1,-7.5300572551364855,-3.6397998764738695
2024-05-25,28.87931115916376,13.864997120377735,20.314210128663127,19.58432943301447,6.5037133717943,95.58710072513003,control_1,0.7298806956486565,15.014314038786024
2024-05-26,15.858225888171242,18.92778752591158,12.507992344408672,19.215713383748493,3.4893808746870283,88.38298650587672,control_1,-6.7077210393398214,-3.069561637740337
2024-05-27,2.1102317638574775,2.570151040665506,2.782951880822465,-1.2567044808101608,2.4308650856033935,101.7419187259112,control_1,4.039656361632626,-0.4599192768080287
2024-05-29,23.666411253954557,27.7552726260059,19.892979684639588,29.060708509241106,5.499619763853275,97.42855001901023,control_1,-9.167728824601518,-4.088861372051344
2024-05-30,21.379907608622442,28.922270984765824,27.156516028779954,29.00594497382911,2.8365871566551784,90.53406805115003,control_1,-1.849428945049155,-7.542363376143381
2024-06-01,16.02874668274961,18.3475168247612,15.106694340879017,13.052541928562617,4.460818960674626,99.48146499106167,control_1,2.0541524123164,-2.3187701420115907
2024-06-05,11.179521485432122,8.976957203552683,10.501122323935721,6.946967142383718,2.289846354595921,86.88048618722809,control_1,3.5541551815520034,2.2025642818794395
2024-06-09,22.03413725785297,17.95046882102287,14.619610914253093,25.816839971742116,4.582668081838189,92.2822874071519,control_1,-11.197229057489023,4.083668436830099
2024-06-10,22.84903308044806,22.297229232449418,20.743166625826415,19.173553669055483,4.415712741310024,91.32732813379215,control_1,1.569612956770932,0.5518038479986416
2024-06-11,20.05291725950345,20.389077543976168,23.3321558800585,18.833335082863954,6.074423479163345,98.47240368201557,control_1,4.498820797194547,-0.33616028447271873
2024-06-12,14.046909269349413,14.456024400763601,11.231383666217786,7.334989448906453,3.311244582434105,91.68401240256242,control_1,3.8963942173113333,-0.40911513141418787
2024-06-16,30.023886346013633,25.67597476189627,26.34726287110453,27.458205632235643,2.9593219137498514,82.80275981486142,control_1,-1.1109427611311133,4.347911584117362
2024-06-17,24.22534208248351,25.09479428845573,18.650393669894566,28.926323293481012,6.400033525654162,99.39996780433535,control_1,-10.275929623586446,-0.8694522059722196
2024-06-19,21.639109422268987,14.053510092016367,23.133007840332947,17.438190590334383,2.885740087519687,276.31312555748934,control_1,5.6948172499985645,7.58559933025262
2024-06-20,21.84602555246327,21.58357202114445,23.23675187242435,22.958591629621058,2.840433082574931,263.9563723616079,control_1,0.2781602428032919,0.262453531318819
2024-06-22,21.265119527403368,16.989015260454746,18.48908544717707,21.209382784311874,3.851979602000928,99.52297417865913,control_1,-2.7202973371348023,4.276104266948622
2024-06-23,17.669212551961873,14.04625553746216,18.754828391604594,22.554384198595947,5.614344936360415,96.45240670507735,control_1,-3.7995558069913535,3.622957014499713
2024-06-24,16.06921688523201,15.232683872118187,13.747881580635845,18.1527921356229,3.096537251566597,91.73154845615267,control_1,-4.404910554987055,0.8365330131138222
2024-06-25,21.38967720469185,21.787580295508068,21.576111737288016,15.884862109282626,2.431803618403174,294.2772420756487,control_1,5.691249628005391,-0.397903090816218
2024-06-27,23.76770083167452,30.224476495230363,23.18304020285073,28.720716205323463,5.9303582722969885,96.21665888398286,control_1,-5.5376760024727325,-6.456775663555842
2024-06-30,23.35197558726645,18.8407715664517,14.092189749691448,16.167156747710933,4.997993830247358,96.05195166232608,control_1,-2.0749669980194856,4.511204020814748
2024-07-01,29.22525135153803,28.27368015272898,23.17841900404216,27.756805690307047,4.917163034778072,93.1412727267425,control_1,-4.5783866862648885,0.9515711988090523
2024-07-02,19.251006089510494,24.87444983425413,21.605114870064387,23.738297154186053,4.791056922366681,91.49028632871182,control_1,-2.1331822841216663,-5.623443744743636
2024-07-03,15.377701126325453,20.267293825637076,14.222463484244823,19.937818184983744,2.6495127030443695,74.42631784311459,control_1,-5.715354700738921,-4.889592699311622
2024-07-06,17.847342797017788,17.178729729838988,25.422682993789234,22.14561271142568,2.052876223056999,65.51928417467008,control_1,3.277070282363553,0.6686130671788
2024-07-10,29.7663178503451,13.900981662783348,14.579944991833129,15.823786166050526,5.3534226279045,93.78164281044587,control_1,-1.2438411742173976,15.865336187561752
2024-07-11,23.55034910760299,28.092945801338068,24.57802998081619,23.628584113893773,4.381443592872258,92.00780619663715,control_1,0.9494458669224173,-4.542596693735078
2024-07-13,20.97045775651944,26.835380425332602,19.214246930915866,22.420558576370453,2.024473195386445,82.98432148198742,control_1,-3.206311645454587,-5.864922668813161
2024-07-14,20.453880807046488,18.949694539113157,21.968773724871014,21.226771923039966,5.101050933945823,93.7844502978885,control_1,0.7420018018310479,1.5041862679333313
2024-07-15,23.932120425990632,22.11381822464125,21.958669862162346,24.51028194052874,4.595392285017319,94.01227954734827,control_1,-2.551612078366393,1.8183022013493826
2024-07-18,23.943808260337395,23.15260578623278,22.867747154422496,21.159273121207693,3.7009087197529666,97.6589776338293,control_1,1.7084740332148023,0.7912024741046153
2024-07-19,16.926273034607217,17.04413578774381,17.167495596267397,20.82465895699802,4.130417442876276,101.53745427940083,control_1,-3.6571633607306246,-0.11786275313659189
2024-07-22,24.643494834559615,22.617971076126143,21.483879194070337,23.597385430982598,5.737959902685375,99.02696621336776,control_1,-2.1135062369122615,2.025523758433472
2024-07-23,14.742528240836444,24.16458327755267,24.34718282574041,19.980321955233958,2.0977094678682624,90.40812633223203,control_1,4.3668608705064536,-9.422055036716225
2024-07-24,12.084656909533862,14.890866879257342,15.87702772141905,19.617502649215627,4.787648024618459,99.29616536091152,control_1,-3.7404749277965763,-2.8062099697234792
2024-07-25,10.730024976950052,14.178343817755373,12.76092122510575,15.076208488252083,5.330809802592144,95.82748494647484,control_1,-2.315287263146333,-3.448318840805321
2024-07-30,19.684440807902863,21.78732809559204,23.77081648358035,23.280599063080512,4.010530537918492,95.33981491781327,control_1,0.49021742049983885,-2.102887287689178
2024-08-02,22.273650417363804,23.71628497225298,19.78597796548786,19.82912234562409,3.0980644351839044,93.52785581828749,control_1,-0.0431443801362299,-1.4426345548891746
2024-08-04,17.405298918830105,19.20203272533032,20.155396577691768,18.30301378716788,3.422590609601514,98.74975023536399,control_1,1.8523827905238868,-1.7967338065002139
2024-08-05,18.417228982850883,16.29624190638253,13.932265824513589,24.64360332282703,3.7853648336060504,100.28501516833671,control_1,-10.71133749831344,2.120987076468353
2024-08-06,15.608934479503032,22.13035230289681,16.11827524992871,19.969185058470767,5.028759067150814,95.83877888980095,control_1,-3.850909808542056,-6.521417823393778
2024-08-08,23.42468065416765,24.92992367487535,25.486572606112112,27.946063438470002,2.579811113116297,279.33702432538024,control_1,-2.45949083235789,-1.5052430207077023
2024-08-10,16.353997875475436,15.988958740973645,18.588818434007287,20.893750915750253,2.9127888070498438,90.8869316711764,control_1,-2.3049324817429664,0.3650391345017905
2024-08-11,17.200990402725854,13.75770794307027,17.70047130880694,18.35172910768373,4.044065209128809,94.58692859931062,control_1,-0.6512577988767916,3.443282459655583
2024-08-12,14.507687320589191,22.81953997257147,18.800648048269803,19.10574518979927,5.051472777173267,97.00666960655803,control_1,-0.30509714152946543,-8.311852651982278
2024-08-13,23.568478440448608,22.645700575109775,19.714996648209354,18.00830402467831,4.773875990815309,92.52283141865746,control_1,1.706692623531044,0.9227778653388334
2024-08-14,15.095363769393845,14.70490767725368,13.770765336580386,19.518992846615237,2.223471855562055,78.16244718114183,control_1,-5.748227510034852,0.3904560921401661
2024-08-15,16.320574547542172,22.87592488674458,11.835833928686961,24.24196901297747,4.912893108875569,82.68027198063328,control_1,-12.40613508429051,-6.555350339202409
2024-08-16,16.955442031637666,22.70586269315184,19.441889162244344,17.879507876430054,3.3858166463954857,90.20205263210119,control_1,1.5623812858142898,-5.750420661514173
2024-08-17,26.191918535599427,25.171417710201617,26.84457179032053,20.60152655897723,3.1735938667446058,274.1033499510735,control_1,6.243045231343299,1.0205008253978107
2024-08-18,28.184549772727983,17.7730347067128,26.360139686562572,25.720456680319174,2.384636119311506,98.143894035767,control_1,0.6396830062433985,10.411515066015184
2024-08-19,4.431088914271251,13.050715210593493,9.729933185242068,13.050715165687034,3.0046714415404217,90.07015066191076,control_1,-3.3207819804449663,-8.619626296322242
2024-08-20,10.319988045028667,11.411457215258636,13.945605077643146,13.17451870552904,3.3353772583252006,96.51427868431097,control_1,0.7710863721141052,-1.0914691702299688
2024-08-21,13.631138882764043,18.134376076607047,20.63605132900854,18.79943314579146,3.8136749300240687,88.93716128775611,control_1,1.8366181832170803,-4.503237193843004
2024-08-24,15.014179274749468,12.157396804114493,17.203906256848597,19.16401269627624,4.187617787046345,95.82017475529801,control_1,-1.9601064394276442,2.8567824706349754
2024-08-27,13.376703190232606,15.819923557878054,9.435287125452218,13.795922261612954,5.541831943877757,92.89963281950958,control_1,-4.360635136160736,-2.4432203676454485
2024-08-29,27.71098008008223,21.34361116440886,24.910677319702398,17.662188786638122,3.170391866347216,281.35057419631653,control_1,7.248488533064275,6.367368915673371
2024-08-31,13.46282404377048,12.412492295614639,21.355406791192788,5.9042390074465025,2.0168897102671486,284.5271120967917,control_1,15.451167783746286,1.0503317481558412
2024-09-02,17.384879882541842,16.140826916731115,22.33856720049882,27.32739822116374,4.608075327670268,98.67869896728553,control_1,-4.988831020664922,1.2440529658107273
2024-09-03,23.22381686985243,24.915340332290754,15.293302370514285,22.35458271719214,3.9340663629863717,90.22416033499019,control_1,-7.061280346677856,-1.6915234624383224
2024-09-05,21.907302877718315,19.448907292330034,19.97292003147697,22.427670300931617,2.139373923596856,285.2009534587646,control_1,-2.454750269454646,2.4583955853882813
2024-09-09,16.11333951276401,14.531371043644151,11.586964806898282,15.563382322070375,3.994908942818114,92.60644206622032,control_1,-3.976417515172093,1.5819684691198592
2024-09-10,12.34922364400889,14.707722919248729,13.186554804165384,8.64166312147111,4.105216900776861,95.89138214579748,control_1,4.544891682694274,-2.35849927523984
2024-09-11,10.137876873650443,14.438249129369865,9.135867884218886,12.473373346443049,3.697347517474402,85.2552684483714,control_1,-3.337505462224163,-4.300372255719422
2024-09-12,17.938381105435678,31.62074168144138,30.475278799317902,26.28229628375427,5.408172432790421,91.29114562818654,control_1,4.1929825155636316,-13.682360576005703
2024-09-13,12.978229557744843,9.147148848508916,20.614628453673912,11.759547259975303,2.0507502775218525,69.39333495994003,control_1,8.85508119369861,3.831080709235927
2024-09-14,12.012933842602083,16.118370794656215,16.517523288718763,14.883447926583358,4.147007425252386,96.57360879348664,control_1,1.6340753621354054,-4.1054369520541325
2024-09-15,10.769144849142442,14.742013701220735,13.169858646916087,17.950647837627166,2.4178257408555655,91.19785770162656,control_1,-4.780789190711079,-3.9728688520782924
2024-09-17,9.572852199487478,16.20503263924143,13.119166511563597,16.359102550061635,5.774680884346248,96.21948535449076,control_1,-3.2399360384980387,-6.632180439753952
2024-09-18,13.56771971739792,17.9992416409986,14.856556732488698,15.672172015366206,3.5726425737184155,92.41355455101944,control_1,-0.8156152828775074,-4.431521923600682
2024-09-19,24.897090197096027,24.74083885896783,17.352179092469584,28.90242546824082,4.096111295303549,95.20811011114381,control_1,-11.550246375771238,0.1562513381281967
2024-09-20,21.18626208601117,25.763317262966137,22.561804122433074,25.543595184697814,3.656036722828313,93.73173418244892,control_1,-2.9817910622647403,-4.577055176954968
2024-09-22,23.143085171838504,26.16094322832274,14.835299850482208,14.912723230083635,2.5259844046605977,90.48430864718847,control_1,-0.0774233796014272,-3.0178580564842363
2024-09-23,13.92075605272023,7.545818084659914,8.761832659487371,13.754674803379725,2.6909221731677504,88.02014928943356,control_1,-4.992842143892354,6.374937968060316
2024-09-27,14.50333200756497,21.153689388736506,21.057631683910326,14.968091789680795,2.469249472258948,114.07887529572281,control_1,6.089539894229532,-6.650357381171537
2024-09-29,20.36401880639289,15.440660832269877,15.311519951245113,25.72844115836191,5.0283659952474205,99.2524761897813,control_1,-10.416921207116797,4.9233579741230145
2024-09-30,28.80604800151859,24.570147281225623,23.807612753250933,28.120197764133103,2.5347369372521045,282.26986597810895,control_1,-4.31258501088217,4.2359007202929675
2024-10-02,15.958045876874737,14.432416295217957,16.23843980995876,21.500458762519045,2.9169434888216106,101.33438486640102,control_1,-5.262018952560286,1.52562958165678
2024-10-03,25.7072985833626,22.584595474853224,25.622625460365352,24.0834866405374,3.10594546016873,272.632068037213,control_1,1.5391388198279508,3.122703108509377
2024-10-08,23.17680349654092,23.941749128460085,23.604896278386487,23.836155005822132,3.1050024676614107,106.83203040874201,control_1,-0.23125872743564457,-0.764945631919165
2024-10-14,17.04228594975656,15.078583424142593,13.816075562203386,17.449108570418076,2.704741205795092,113.06631772654663,control_1,-3.6330330082146904,1.963702525613968
2024-10-16,17.170570029232266,22.38486025158339,20.48814877190896,21.088978775484613,4.238527327832268,94.54404573761309,control_1,-0.600830003575652,-5.214290222351124
2024-10-17,19.249913491841614,18.42992801511791,22.95333784626603,20.618858489761696,4.769885426772854,94.19554051639,control_1,2.3344793565043354,0.8199854767237049
2024-10-19,9.589649675882088,17.59300912723286,-2.8361144011047723,20.963544897853797,2.436199881646666,116.4771835140985,control_1,-23.79965929895857,-8.003359451350773
2024-10-21,-2.645923443193359,9.682791368159034,7.439916832475159,9.426828582108373,4.621734853621895,94.96608638829565,control_1,-1.9869117496332134,-12.328714811352393
2024-10-23,32.05426726334842,22.96674106324436,25.65548379968195,34.77194220822929,4.269424778597693,91.08883238946237,control_1,-9.116458408547341,9.087526200104062
2024-10-25,36.34179539512193,13.150205000439945,32.82657863974174,12.925952213769984,2.477978780580663,285.2088886824398,control_1,19.90062642597176,23.19159039468198
2024-10-27,20.55426437705268,17.126656035747192,16.384315749867074,17.743651958909375,3.6555830313607913,87.22323814366342,control_1,-1.3593362090423007,3.4276083413054863
2024-10-28,16.397632423140482,19.596532326488134,17.936371613584484,19.12111001275383,4.144860525183739,95.09687638547064,control_1,-1.1847383991693476,-3.1988999033476517
2024-10-29,24.757036505916968,22.599838834082437,22.728323300844906,25.949406787206875,3.145899123176853,96.20707556117685,control_1,-3.2210834863619695,2.157197671834531
2024-11-03,26.404336119103537,28.580357493524257,30.297773889835817,48.56540906188481,5.208019622661349,95.57987920650191,control_1,-18.26763517204899,-2.1760213744207206
2024-11-04,20.96654646038853,21.120960485166457,15.836986190650991,15.194203630874465,2.0196684466573993,109.58083894067556,control_1,0.642782559776526,-0.1544140247779282
2024-11-14,13.717100211164524,23.558151347361342,27.762005740458296,17.042011298989877,3.073061060143854,87.65170676582721,control_1,10.719994441468419,-9.841051136196818
2024-11-15,10.141386612567981,11.806452416142182,8.675200858520524,14.985452671937056,3.9885892404102905,97.28691717094142,control_1,-6.3102518134165315,-1.6650658035742012
2024-11-18,5.3739824922398665,5.678070067449454,1.0622964133599127,17.613663317703896,3.636763894388723,94.01677162651515,control_1,-16.551366904343983,-0.3040875752095875
2024-11-23,3.380265074061513,20.582902408801292,35.69225016723574,25.34466080211267,2.1080354828394925,98.43869918191552,control_1,10.34758936512307,-17.20263733473978
2024-11-26,23.458403015973126,33.000512008950324,34.31744573099718,38.10356970878362,3.0873226651783647,92.73087713413224,control_1,-3.7861239777864384,-9.542108992977198
2024-11-27,3.578124188000341,16.67134011917155,12.77986205741087,19.354055143681567,2.256435734179449,81.81904346819368,control_1,-6.5741930862706965,-13.093215931171208
2024-12-08,6.132731598277301,16.20075479310828,3.4301939692381387,11.866815743269589,4.3446097784971345,93.49924403661151,control_1,-8.436621774031451,-10.06802319483098
2024-12-18,23.116079460567715,20.432264776361414,18.36115556544645,15.652185230602692,3.3778120430144876,123.16977619267846,control_1,2.708970334843757,2.6838146842063004
2024-12-26,2.6390974095408186,-0.6011545517249827,-1.6935934894447446,2.4047947527546647,4.531476695778489,69.83728352402431,control_1,-4.098388242199409,3.2402519612658014
2024-12-28,4.856859618573756,9.400697856183053,11.764864855967701,23.842529676063823,3.3479006781306095,72.85554385647333,control_1,-12.077664820096121,-4.543838237609297
2024-12-29,-7.6523035196947395,-2.1082882967825984,-2.3829366792659026,-14.231399169867892,2.6475719771322934,100.92818439841983,control_1,11.848462490601989,-5.544015222912141
2024-12-30,14.599262359718962,15.988841697911385,19.81677771198319,15.799075009212636,3.089467641882493,85.99537257015737,control_1,4.017702702770553,-1.3895793381924229
2025-01-11,13.301051437355204,9.401823948429334,14.789398419427574,18.299171707790443,4.731154603541698,96.96473500392517,control_1,-3.5097732883628687,3.8992274889258702
2025-01-16,9.986152988415185,11.650326099782777,7.366609875942801,2.1075404351072096,2.3146806634890145,109.17712059847611,control_1,5.259069440835592,-1.6641731113675924
2025-01-18,7.3688874889082285,4.406320293933012,9.881933087743468,7.187502204931973,2.061393682646908,270.492772566804,control_1,2.6944308828114947,2.9625671949752164
2025-01-21,34.62661309578177,30.017500682055456,25.97452962169031,30.327116025182683,2.3481508783862295,92.39937469077734,control_1,-4.352586403492374,4.609112413726315
2025-01-25,27.08819200207712,22.48162378269262,20.226087750059712,30.11982298961035,2.339779044631859,267.89305939148863,control_1,-9.893735239550637,4.606568219384499
2025-02-01,16.93697311581059,16.185097385460306,15.084461803719401,15.568303200271288,4.263464862032923,98.11009249134236,control_1,-0.4838413965518864,0.7518757303502852
2025-02-08,30.912254754967133,6.186871068956325,22.85970825674928,13.592643738862312,2.6099816857056135,77.9293868562242,control_1,9.267064517886967,24.725383686010808
2025-02-09,12.057608092057325,2.2913694554180553,14.471499071962858,9.275626746007847,2.377738414254603,91.44369309503878,control_1,5.195872325955012,9.76623863663927
2025-02-12,26.430811810376238,31.20887535502645,33.51046481270912,33.444956994063105,3.4190141487384147,284.49325852078863,control_1,0.06550781864601163,-4.778063544650212
2025-02-20,20.75449626539509,14.75632694262633,15.82781663321758,15.594834655004814,3.8917691596212336,88.29829301404595,control_1,0.23298197821276645,5.99816932276876
2025-02-25,18.30026259926916,17.89881770100401,23.710007355580355,31.89634997167902,4.514999413015303,73.3054666832137,control_1,-8.186342616098663,0.40144489826515084
2025-03-03,29.723396763743303,31.48067158891549,24.89526818794099,41.340516822275106,4.704018081470267,98.14144054316148,control_1,-16.445248634334117,-1.757274825172189
2025-03-06,32.996793242962966,29.16442956796151,34.13936358482706,30.719028918395132,2.3011190055022506,86.30413769431073,control_1,3.420334666431927,3.8323636750014565
2025-03-07,19.287667249991827,17.78781196267723,29.21795139046227,21.12162695802844,3.681118547800806,90.93008931477868,control_1,8.096324432433832,1.4998552873145954
2025-03-10,13.572216782517687,30.303198047661045,17.600128740261546,25.541306700163457,2.2200164400583056,105.11748984066185,control_1,-7.9411779599019106,-16.730981265143356
2025-03-13,9.910117170845076,3.8898516578865343,15.730355307013511,2.842643634226546,4.232134334826087,93.08579863710975,control_1,12.887711672786965,6.020265512958542
2025-03-17,17.31594062901033,7.693600024822636,11.447638326319181,8.340805922337857,4.533505467195276,98.29310978310394,control_1,3.1068324039813238,9.622340604187695
2025-03-18,21.744629750955493,11.646617191179057,16.075765683053284,23.14633730355415,4.787459625340934,97.81808404907031,control_1,-7.070571620500868,10.098012559776436
2025-03-24,22.357016112834863,24.75947834729519,19.591595882564878,28.339858545280503,2.2399134458931904,93.76291770195121,control_1,-8.748262662715625,-2.4024622344603266
2025-03-28,23.715386784279552,7.317254525242543,20.89408444142354,17.38842915889623,2.0548532774363606,76.52472543863206,control_1,3.505655282527311,16.39813225903701
2025-03-29,12.712695490115395,16.710852730403175,19.040935738203917,17.760812215047768,3.661148180545239,97.41039549317833,control_1,1.2801235231561492,-3.99815724028778
2025-03-31,14.907488392212286,16.311088123782532,18.105939324276065,18.275059303540857,2.8188954233565773,107.42127816745938,control_1,-0.16911997926479216,-1.403599731570246
2025-04-02,32.391864320200014,30.111938562914272,35.57333881027563,35.85444603483894,4.714683925047216,92.25147389865054,control_1,-0.28110722456331416,2.279925757285742
2025-04-03,26.964384809947557,29.154330431585077,25.694218680173304,31.744507037739307,2.502763550841196,87.79804625938084,control_1,-6.050288357566004,-2.18994562163752
2025-04-11,17.451513078330738,18.352788899884253,21.042802672567607,26.13904901303102,3.619881210776545,92.68291004317479,control_1,-5.096246340463413,-0.901275821553515
2025-04-12,19.492605690690166,21.685359078130354,23.277196678493976,20.741038093849408,5.537116654225599,103.64134912652156,control_1,2.536158584644568,-2.192753387440188
2025-04-13,25.08920844115259,22.98564757545505,18.630075325949075,21.366506183360357,2.1864156572537192,292.4170115309149,control_1,-2.736430857411282,2.1035608656975384
2025-04-14,31.14638903683611,23.365399635265007,23.745688449988062,25.049556206181293,3.2161104788571233,269.033022820708,control_1,-1.303867756193231,7.780989401571102
2025-04-16,23.65031780901257,20.034390165235063,29.838377442480635,25.63071575823001,2.083885799057307,85.67425580650428,control_1,4.207661684250624,3.615927643777507
2025-04-19,20.501880214891138,26.371118074955394,26.619443963110907,28.831123315440298,5.553378330734916,94.75043716469821,control_1,-2.2116793523293907,-5.869237860064256
2025-04-20,23.06856006534592,19.345817680558817,16.747908841844684,21.698639462752514,5.330817042776263,97.27759120697146,control_1,-4.95073062090783,3.7227423847871037
2025-04-21,25.089630095870394,16.874885037795437,14.343593096973787,22.247507415276075,4.903049229231268,99.33043825299319,control_1,-7.903914318302288,8.214745058074957
2025-04-24,23.791325205238426,25.240098849840944,19.744960038439583,17.690547793981462,2.442837414011188,289.56695375113895,control_1,2.0544122444581205,-1.4487736446025181
2025-04-26,25.428912126238604,22.433323901280094,18.659681959309065,23.022514766634238,4.817276393094605,92.76492196531268,control_1,-4.362832807325173,2.99558822495851
2025-04-27,22.378129291027776,27.97299607671663,20.89316910767262,26.73194597991869,5.879038318176546,96.98750840213779,control_1,-5.838776872246072,-5.594866785688854
2025-04-28,2.64175826944222,-0.17561780378321715,7.467688313411171,0.8990476159826064,4.996658366439722,97.12897702416461,control_1,6.568640697428564,2.817376073225437
2025-05-01,20.471217586065347,29.39707890645396,36.73520079934572,27.922123402083415,2.7116132736342298,284.9319883135952,control_1,8.813077397262305,-8.925861320388613
2025-05-04,21.04829735774138,23.959497374448613,28.635546666186233,24.345443629559313,2.5536991484420812,87.15878984659435,control_1,4.29010303662692,-2.911200016707234
2025-05-06,25.25156581984625,21.766470191002725,26.53233695826678,16.244660066056664,2.98039940526284,281.064861157901,control_1,10.287676892210115,3.485095628843524
2025-05-07,12.72027397756882,12.908293646621699,9.587671737796118,16.353496082632144,3.2582398563282307,105.56657538379102,control_1,-6.765824344836027,-0.18801966905287948
2025-05-10,13.128004190137272,10.559374669740254,19.07898741077105,10.727368369050001,4.531783873127869,105.7239533497845,control_1,8.351619041721047,2.5686295203970175
2025-05-14,32.412236579345844,25.66956798295279,29.21610752477936,31.074826307843203,6.467175114748687,93.4391400520849,control_1,-1.8587187830638427,6.742668596393056
2025-05-16,20.26630404301997,14.104018526614448,18.48073073392394,22.956019005649292,3.764782393523978,97.43294947379945,control_1,-4.475288271725351,6.1622855164055235
2025-05-17,18.88716093500559,19.548482312061942,6.124959699464326,16.798686210068546,4.9567238070002535,96.47534868432729,control_1,-10.673726510604219,-0.6613213770563533
2025-05-18,22.764278217587666,19.222986374070597,20.658182663973903,22.62125440980958,6.162557074557746,95.43299489628305,control_1,-1.963071745835677,3.541291843517069
2025-05-19,35.19833805605836,25.303606626859178,23.214512754329913,33.477333081628494,3.14884769918621,100.23590895662119,control_1,-10.26282032729858,9.894731429199183
2025-05-20,25.81876566623925,22.9632905735807,23.870526781544452,29.98142126124971,5.140155996425851,95.82812689931359,control_1,-6.110894479705259,2.8554750926585513
2025-05-23,32.666013460072584,11.527177265582791,14.113352349255782,18.538183035883883,2.7221092810099243,80.94514104156167,control_1,-4.4248306866281,21.13883619448979
2025-05-25,12.006444572835466,21.219941287856308,16.63952635907489,10.945078719614129,4.225057926078524,98.85449363863034,control_1,5.69444763946076,-9.213496715020842
2025-05-26,17.881229880851144,19.67960702156269,17.17050024639542,18.072394947231007,4.732180632255199,96.29968341123316,control_1,-0.9018947008355873,-1.798377140711544
2025-05-29,18.816920785219068,18.846643408623137,15.703053496645216,24.993881417458176,5.6902271286131745,98.31885745855868,control_1,-9.29082792081296,-0.02972262340406928
2025-05-31,22.536786875999645,12.307128463748754,10.161600744986815,20.29183972349975,6.764290120754006,97.96258790557283,control_1,-10.130238978512933,10.229658412250892
2025-06-03,16.440727079766013,12.053960806537251,14.878517809043656,17.24470432005139,2.257418033402599,86.41100674040996,control_1,-2.3661865110077347,4.386766273228762
2025-06-04,23.50805049651694,20.341077214431532,23.274486474555452,23.09532058560631,3.828229494981388,87.04388475377982,control_1,0.17916588894914298,3.166973282085408
2025-06-06,12.62331735560477,15.427890427024384,10.222583436294972,13.021723135587564,3.94231622231459,86.71072089886593,control_1,-2.799139699292592,-2.804573071419613
2025-06-09,10.21837121939423,8.75222627289264,11.764583885392527,16.678133317437887,3.486738903499839,96.90818353234596,control_1,-4.913549432045359,1.4661449465015899
2025-06-10,10.20920580385815,11.25227169356335,13.673009152050051,11.424863266188323,4.538146929668886,95.16688003196094,control_1,2.248145885861728,-1.0430658897051988
2025-06-11,11.125497831630598,17.322627768857547,13.855869043348594,25.052258698802742,5.957835448028545,95.54139225315845,control_1,-11.196389655454148,-6.197129937226949
2025-06-12,18.949318591040463,12.111712933347912,13.984160660261063,15.694304482285554,5.807151414058916,95.73285377950464,control_1,-1.7101438220244916,6.837605657692551
2025-06-13,14.459734689831906,18.34180168996811,16.23853903062127,21.546211641545483,5.221340168149011,98.68783851414514,control_1,-5.3076726109242145,-3.882067000136205
2025-06-14,14.848154093946816,13.230754052266704,11.666581656174758,9.47190482411782,3.6402241884467403,92.50093968754948,control_1,2.1946768320569383,1.6174000416801118
2025-06-15,11.050483776107233,10.873757598099548,11.173012525439441,16.222778683360744,2.729100601741891,96.97019113546605,control_1,-5.049766157921303,0.17672617800768542
2025-06-16,19.693885600532614,17.832547418672686,23.230417012177863,48.081112027442465,5.07512073103389,101.61992440025739,control_1,-24.850695015264602,1.861338181859928
2025-06-17,14.563877622167759,22.54421454062595,19.863987973688623,26.602842220308027,4.26191205730372,94.00084304160106,control_1,-6.738854246619404,-7.9803369184581925
2025-06-18,17.423262696062164,12.994033505945056,16.35859877687697,20.082402408138616,5.3243858823101,98.12945215528993,control_1,-3.723803631261646,4.429229190117107
2025-06-19,17.17948679300311,18.009424333643363,7.250011394904487,16.864213805643917,2.6938519663488503,95.77909062700581,control_1,-9.61420241073943,-0.8299375406402518
2025-06-20,11.269511093992625,15.775426043820158,12.47551517048912,14.3002900420721,6.07319011810059,91.85503632290107,control_1,-1.8247748715829815,-4.505914949827533
2025-06-22,19.49699543868777,10.836050025615718,20.827105493957166,17.791458258738015,2.8559985122705904,87.46464503547782,control_1,3.0356472352191517,8.660945413072051
2025-06-25,16.887837143040763,12.071663840915253,15.047732538968337,15.16785094180665,5.095561471696114,99.00310073957905,control_1,-0.12011840283831354,4.8161733021255095
2025-06-26,3.3284042732985695,2.3670716912527334,10.517645393372243,2.3670716068101103,4.536219529525649,96.56300858351034,control_1,8.150573786562132,0.961332582045836
2025-06-27,24.47508110654573,26.023877392294086,29.245398064643403,24.30296749695325,4.504185242610843,94.89651206135682,control_1,4.9424305676901525,-1.548796285748356
2025-06-28,19.524097625264694,13.309190315938752,24.142887138108435,21.02620985119915,2.898450550578952,86.20347008470827,control_1,3.116677286909283,6.214907309325943
2025-06-29,23.882551361783655,25.472975637228547,25.204023106449025,21.794696746420424,2.1355070913615446,281.30639976646904,control_1,3.409326360028601,-1.5904242754448923
2025-07-02,18.040913476541867,17.97473885333158,17.119134762928805,23.358419788599146,6.371456705515926,93.13330519875569,control_1,-6.239285025670341,0.06617462321028711
2025-07-03,13.728325655145525,19.67715669468399,16.116548458434604,17.92033007814826,4.30376371823937,93.84073230921973,control_1,-1.8037816197136571,-5.948831039538465
2025-07-05,7.3620468723455135,7.936792720000453,11.8224406564878,9.550324621253676,3.415008127702952,87.93406807552111,control_1,2.2721160352341236,-0.5747458476549392
2025-07-08,12.773019063621403,15.105871898938354,15.825124345855656,15.750182461400463,4.052875618822081,100.95044779466315,control_1,0.07494188445519256,-2.3328528353169506
2025-07-09,17.408275410115568,18.492513542545325,12.459930880237186,20.684196445491548,5.6189521956917226,96.39822271149376,control_1,-8.224265565254361,-1.084238132429757
2025-07-10,18.668115716647815,17.66075979752516,19.42304200328584,20.30663586414234,4.982159907655508,94.27711418923059,control_1,-0.8835938608565002,1.0073559191226558
2025-07-12,11.058525462648776,10.114563862873435,9.002283160498433,8.158885758335808,3.101278986726927,88.24885435087629,control_1,0.8433974021626245,0.9439615997753403
2025-07-14,14.529998283514255,17.330249859218092,18.41046744876282,22.517072514668936,6.053457569770873,94.42564969830369,control_1,-4.106605065906116,-2.8002515757038378
2025-07-15,21.200751567867258,28.901783151590674,22.947301536771665,19.142508152765206,3.212122999275142,245.677043755697,control_1,3.8047933840064587,-7.701031583723417
2025-07-17,16.30525705171489,18.340896155278546,17.248987255359705,19.59875786842448,3.5484237572147515,95.3945947916784,control_1,-2.349770613064777,-2.035639103563657
2025-07-19,11.165947883707773,29.217928221916125,16.443887789171793,26.27936541407101,5.2370762056491476,93.40254699845173,control_1,-9.835477624899216,-18.051980338208352
2025-07-21,19.89880910870209,33.8331160302964,24.784855127876956,21.752463939175055,2.5722062639836976,89.68118261902907,control_1,3.032391188701901,-13.934306921594313
2025-07-22,20.544503646428332,26.239600517902744,21.716833580612658,21.236934663692338,2.821533828754509,84.13771497216328,control_1,0.4798989169203196,-5.695096871474412
2025-07-23,18.278742887769468,24.040447942362484,18.397781199337473,23.79772638798621,2.028374967960193,82.90783549058222,control_1,-5.399945188648736,-5.7617050545930155
2025-07-24,14.057170556226732,13.343682257378312,11.988550747635658,14.058814307268047,4.915955365128111,96.58209074768604,control_1,-2.070263559632389,0.7134882988484197
2025-07-25,14.571481100634715,16.924871498014063,12.389879338765295,10.475564343079672,5.542966633352131,97.61106442563556,control_1,1.9143149956856238,-2.353390397379348
2025-07-26,13.327036402816393,20.507096426584987,14.434729849038689,21.744493762968446,4.390639650945723,98.73695786356171,control_1,-7.309763913929757,-7.180060023768593
2025-07-27,10.033125780447506,14.290042369407088,17.3803282605648,10.774044272839301,3.5213678700340982,102.2685235963001,control_1,6.606283987725497,-4.256916588959582
2025-07-28,15.888832691670503,13.740548140752576,17.39004231606024,18.70524835830326,2.3626675895661298,106.44445909723458,control_1,-1.3152060422430196,2.1482845509179267
2025-08-01,15.838834073689753,22.019503063386615,17.923542121147438,25.184349755563492,4.313806528331385,94.96576847404839,control_1,-7.260807634416054,-6.180668989696862
2025-08-02,11.127883415325499,14.383607508672455,5.939440798881061,8.67612618760821,4.2204853331109184,97.39037998536958,control_1,-2.7366853887271487,-3.255724093346956
2025-08-03,7.41877939384184,39.11257346087642,6.828153926825365,12.81070645099631,4.723858395401575,100.53426256209929,control_1,-5.982552524170945,-31.69379406703458
2025-08-04,12.067214479984639,16.961414845644004,8.803191698162722,21.417892833502837,4.920677671090064,95.98288353536844,control_1,-12.614701135340114,-4.894200365659366
2025-08-05,14.687248687857114,22.71772463607528,18.51688722895469,13.738572706728265,3.833448633429369,94.59189073049976,control_1,4.778314522226426,-8.030475948218164
2025-08-06,28.731631313553226,32.04052701282503,12.53502051662293,24.40111305550328,3.7850337258491793,94.16296997372046,control_1,-11.86609253888035,-3.3088956992718046
2025-08-07,23.53336159042725,16.640375956495156,22.43235646263449,26.1996119926803,5.746165727369622,96.67702918118255,control_1,-3.7672555300458086,6.892985633932096
2025-08-13,14.961241450063369,15.133807719864594,14.001962886857148,12.666778574667216,5.835178408550424,93.3737191071462,control_1,1.3351843121899325,-0.1725662698012247
2025-08-14,24.195188888094265,22.396077886890637,18.402852229494684,19.780422878997687,4.9006197432542695,93.79709069666262,control_1,-1.377570649503003,1.7991110012036273
2025-08-15,29.746104814613734,19.532044710160417,29.276589990813704,14.960068942317386,3.526128863406137,91.88372131915321,control_1,14.316521048496318,10.214060104453317
2025-08-16,17.55518874103926,19.769453358117392,21.290742381042154,20.735586866723462,4.2875790041726045,93.99209454261279,control_1,0.5551555143186917,-2.2142646170781326
2025-08-17,10.647463355733343,16.566345483078642,16.15656355752363,22.95537751003588,2.6219955919628264,82.63264877572317,control_1,-6.798813952512251,-5.918882127345299
2025-08-18,16.418226263310896,23.90431522559082,16.487575481292577,21.715850639472457,3.6412441691707134,101.01914197274778,control_1,-5.22827515817988,-7.486088962279926
2025-08-19,14.673655394557834,14.657225450204171,13.654627464138446,19.26966638684698,3.0325787284629873,96.61493877569774,control_1,-5.615038922708532,0.016429944353662407
2025-08-20,15.045722239035438,15.500860974335355,16.18157086460526,21.250411011405642,4.024902227502231,94.4648666352112,control_1,-5.068840146800383,-0.4551387352999168
2025-08-22,27.02039562986445,20.55531177289793,23.42580974525951,24.48684846241943,3.1985883252462073,267.9383876256801,control_1,-1.0610387171599207,6.465083856966519
2025-08-23,26.20996788813374,30.668774435158713,24.966264492045124,23.575430082147385,3.146635077924458,269.62671798561996,control_1,1.3908344098977388,-4.458806547024974
2025-08-31,13.829515597874492,17.577795216997405,14.817760896652086,18.607436584521754,2.2518791875199495,89.91711123945691,control_1,-3.789675687869668,-3.748279619122913
2025-09-01,8.296505805285772,11.554469791934803,15.592517968047922,9.86925244248934,2.287645173337092,99.34007455091904,control_1,5.723265525558581,-3.257963986649031
2025-09-07,14.736364037668793,19.596123413861672,15.529478137438025,15.95345609486803,4.074214836324643,93.7990885115122,control_1,-0.4239779574300062,-4.85975937619288
2025-09-09,12.875020500618955,11.813401115721236,15.515907884476174,16.691890236149803,2.367239862894349,82.21073760718389,control_1,-1.1759823516736283,1.0616193848977193
2025-09-12,19.191152180236365,20.787948359806546,16.1425036779412,17.61447401451584,3.2088817851141767,87.65721909109016,control_1,-1.471970336574639,-1.5967961795701804
2025-09-13,14.370045194509073,16.091328444678364,18.031195919125043,17.864890081661013,2.962598575124901,103.93529058011706,control_1,0.16630583746403005,-1.7212832501692912
2025-09-16,21.6396980062957,22.748739915775243,31.42016050191534,25.069130313166962,3.751667281580247,269.8160634177442,control_1,6.351030188748378,-1.1090419094795436
2025-09-18,18.961696053750405,19.32552350901719,20.89133510124573,23.586173635863748,2.411238614119405,99.68978168884348,control_1,-2.694838534618018,-0.3638274552667866
2025-09-20,24.48985669136548,24.762442495708036,21.643509237066258,22.959600717555997,3.5148692006747253,101.40053327187479,control_1,-1.3160914804897388,-0.2725858043425582
2025-09-21,35.34106549114265,28.15809857913513,27.0129199998693,24.354245436706428,4.304314326363473,94.95697069090784,control_1,2.6586745631628723,7.182966912007519
2025-09-23,33.86557389173734,31.328081116842203,38.225340335697915,33.62493367408652,2.52692093074471,278.71332124779786,control_1,4.6004066616113946,2.5374927748951386
2025-09-25,27.12307423901618,29.881689613757935,25.739436130463464,30.418659854464366,5.331046744494886,96.93278282195132,control_1,-4.679223724000902,-2.7586153747417548
2025-09-26,10.883884379101238,15.786143614424418,18.183230529977223,18.017224125342434,2.3922760831177547,89.4138033341473,control_1,0.1660064046347891,-4.90225923532318
2025-10-03,29.89085504521565,22.738396015256104,25.892038726075032,26.64604313666563,3.3402597788182886,94.4376768856165,control_1,-0.7540044105905963,7.1524590299595445
2025-10-04,10.664790382194141,14.989911869420334,14.816621880135159,14.5358287327818,3.604229476598961,94.23445061215108,control_1,0.2807931473533589,-4.325121487226193
2025-10-05,12.946003001765575,8.281734989483436,13.926080204355843,13.249896466958926,2.2222396743513206,272.17788419781226,control_1,0.6761837373969168,4.66426801228214
2025-10-06,16.6835150184084,10.316407875739207,15.069660399148827,13.909998214495026,2.5260727453256377,286.4731564686651,control_1,1.1596621846538007,6.367107142669193
2025-10-08,18.625782102250913,14.51148876209146,17.339206761828805,14.277648464123828,2.8206794417011327,113.43236149929737,control_1,3.061558297704977,4.114293340159453
2025-10-14,27.30379124912858,23.09563749294006,28.15625992368629,21.36351151268235,2.7965233892145176,267.4152745537087,control_1,6.792748411003938,4.208153756188519
2025-10-16,42.74074722519498,23.45690751384546,29.698235349124502,28.047671399807175,2.567680468245285,81.6847909879092,control_1,1.650563949317327,19.28383971134952
2025-10-17,23.645861724987984,25.37686776867474,17.886437484784224,28.346231305839403,5.385874991204112,94.43460043180016,control_1,-10.459793821055179,-1.7310060436867545
2025-10-19,18.997951163200824,19.637240624908827,13.523146058449024,21.50090049917528,5.593733864347542,86.54333861910516,control_1,-7.977754440726256,-0.6392894617080032
2025-10-20,24.12001698977267,24.008960529284998,23.939585305273997,24.894060854362237,2.230671956794745,76.94437322577141,control_1,-0.9544755490882402,0.1110564604876707
2025-11-07,27.531385685527813,20.512912817638647,34.94452818573509,30.171461188874893,4.248322878981928,90.73788200182798,control_1,4.773066996860194,7.018472867889166
2025-11-08,25.85249216354396,23.092719623828977,23.555557001387708,16.21256267595833,2.199532710420204,276.231005306729,control_1,7.342994325429377,2.7597725397149837
2025-11-19,38.25989753594441,28.72809267181399,26.542573113995168,24.065676327393913,2.6837349080297255,275.10530568964697,control_1,2.4768967866012552,9.531804864130422
2025-12-06,12.420765912633932,16.662970439255254,14.184154563747015,16.291063595690673,5.2256390496006775,93.90049883993743,control_1,-2.1069090319436583,-4.242204526621322
2025-12-10,24.550598073503185,-2.846862527623757,0.23302639049666776,6.109669963971176,4.098666568451051,67.5549794193139,control_1,-5.876643573474508,27.39746060112694
2025-12-11,7.9665587719958415,-6.18046923212089,-11.272629980278069,19.836969147640865,2.0202195851552514,58.17222258359578,control_1,-31.109599127918933,14.14702800411673
2025-12-17,12.043643540270574,15.434070490691939,10.946295533997626,14.173484903466246,4.681862209745829,79.09367759667072,control_1,-3.2271893694686202,-3.3904269504213644
2025-12-19,9.09857472539934,13.197452165564878,11.239474360144715,15.900090300567038,3.4378337253954654,93.14519185581935,control_1,-4.660615940422323,-4.098877440165538
2025-12-27,0.2573891707569401,-13.859509240424371,-20.0272954092814,-4.820964552743577,3.6884422977073186,96.96514511835272,control_1,-15.206330856537823,14.116898411181312
2026-01-08,40.73885453388264,36.498282684035615,44.85979206360137,42.65657178574551,3.4228518918730404,62.03221271153171,control_1,2.2032202778558556,4.240571849847022
2026-02-09,8.24614153183189,9.904087283855262,3.481836606990386,3.186128252848663,2.8513105020031837,97.83627752871746,control_1,0.2957083541417229,-1.6579457520233714
2026-02-18,11.568509362583592,19.092956599206754,6.665751103568354,14.396151813058168,3.7808508421673386,94.61785713321677,control_1,-7.730400709489814,-7.524447236623162
2026-02-25,26.72673643259594,27.558402704687158,26.382657040147897,28.392621204090297,4.477120021491265,95.71527588047411,control_1,-2.0099641639423993,-0.8316662720912191
2026-02-26,23.31550989086403,23.054001573100297,22.44565793195227,26.010915648082207,3.195590949446313,93.36579394782967,control_1,-3.5652577161299384,0.26150831776373096
2026-02-27,25.22333279335093,24.925547694229603,23.391442715270728,32.13740462421879,2.824190966534937,100.56839686983636,control_1,-8.745961908948061,0.29778509912132733
2026-03-05,22.935299313412145,23.20478413688488,24.606404155184375,21.398344406826023,6.651049607788279,98.53620075028999,control_1,3.2080597483583517,-0.26948482347273384
2026-03-07,14.259204719665606,16.753000568024422,17.79926041836095,21.298246175212647,4.560166557270892,100.1808767571564,control_1,-3.4989857568516953,-2.4937958483588165
2026-03-08,25.640767099836392,23.752079826674567,21.141182015006546,21.252591177856004,4.824151942413357,90.6134634528741,control_1,-0.11140916284945845,1.8886872731618247
2026-03-09,25.62497593390645,19.19984402630624,25.01458915193424,28.984448339448367,4.656941203819894,93.27783241614037,control_1,-3.9698591875141283,6.425131907600207
2026-03-10,23.90828488476568,26.778015256267736,32.36405396253602,34.080717736723656,3.280996158098207,92.57943407755852,control_1,-1.7166637741876372,-2.8697303715020546
2026-03-14,7.327104943153322,9.805712415556892,5.604825448702522,14.654844775054618,5.0251865453765285,101.77275272375186,control_1,-9.050019326352096,-2.47860747240357
2026-03-20,32.93195447129483,29.433228516917925,31.761912484042384,15.089768631857536,3.246871039363595,120.66904514347823,control_1,16.672143852184846,3.498725954376905
2026-03-21,1.9633721223312395,16.930770174691496,13.788133967261132,20.261221504837508,3.9123615996802448,97.27579728556009,control_1,-6.473087537576376,-14.967398052360256
2026-03-25,23.332886606316233,33.42024246752932,25.829665155602356,22.10837577451764,4.753731655318451,92.3858330137345,control_1,3.7212893810847163,-10.087355861213087
2026-03-28,28.768879263789724,27.656557631806255,24.962833528619566,28.958948358003465,3.916463395867396,96.44343189230977,control_1,-3.996114829383899,1.1123216319834697
2026-03-30,6.216019871420033,9.090210482318598,7.806882539473814,13.046736453302099,2.8761830378225057,280.27696556442254,control_1,-5.239853913828285,-2.874190610898565
2026-04-02,34.3612635495678,30.68586257976169,31.663281175624185,34.83666007668331,6.40184097304855,94.99063936030234,control_1,-3.173378901059124,3.6754009698061125
2026-04-05,21.624518936241987,15.141943123078168,18.342553378379645,14.675258721185036,2.257767774310005,281.0638114295665,control_1,3.667294657194608,6.48257581316382
2026-04-07,22.233803729403075,18.376173427473233,21.549600069758387,21.500701407225396,4.8351754635455535,98.90561372999792,control_1,0.048898662532991466,3.8576303019298415
2026-04-09,26.42265250225203,23.850027756118866,28.951865767301655,22.854648014537897,2.608416027684065,276.01983914783864,control_1,6.097217752763758,2.5726247461331653
2026-04-11,12.011131350729984,12.060374195463115,11.105489182091084,9.222766513405569,3.6790314776551263,93.50112873249924,control_1,1.8827226686855152,-0.04924284473313101
2026-04-13,28.032963629973374,38.35255615121071,32.39019463288636,31.853741070660657,5.949606385287637,93.36910973592757,control_1,0.5364535622257058,-10.31959252123734
2026-04-15,7.071318498722322,6.995792710063934,10.443238191267787,9.267979793915547,6.108295365443731,88.67681303477235,control_1,1.1752583973522395,0.07552578865838822
2026-04-16,26.11081831746895,21.410147289369704,26.603841273306415,25.185262532950656,4.916832051720918,97.40028731205433,control_1,1.418578740355759,4.700671028099247
2026-04-19,21.127665616346,10.25652213807751,13.50135805630903,-1.6260893935702618,2.7198889273538662,271.7288529149053,control_1,15.127447449879291,10.87114347826849
2026-04-23,23.780771257672594,24.434494622424626,26.60621681731128,27.701389117989958,4.641841140720366,94.78151169445312,control_1,-1.0951723006786764,-0.6537233647520324
2026-04-26,15.131247787577273,12.3246875736624,10.986637498069841,18.765839532359198,2.2307040889905987,67.38224540651532,control_1,-7.779202034289357,2.8065602139148726
2026-04-27,14.54735230905541,15.377101267908367,16.273149097778504,22.936128311768172,4.940797368550686,96.5771715052665,control_1,-6.662979213989669,-0.8297489588529565
2026-04-30,18.377881470001363,17.31468210887561,23.16160606577938,12.1283254916155,2.7963360602338168,287.17033144458844,control_1,11.03328057416388,1.0631993611257542
2026-05-01,14.926493819493906,21.26899602707921,14.639136178514015,8.626230916388991,2.0167283743941193,272.4951831832533,control_1,6.012905262125024,-6.342502207585305
2026-05-04,15.405286748849287,19.093153595396384,13.708527661593251,20.56110513635289,3.747958397859884,86.66610143633369,control_1,-6.852577474759638,-3.687866846547097
2026-05-05,12.978970791648658,20.81692259894222,19.144669955832715,15.458633402098545,2.9510415162696937,88.48106490756044,control_1,3.6860365537341693,-7.837951807293562
2026-05-06,14.883664472411699,13.46009461519013,9.79849290702015,13.701594234212914,5.886555963202616,95.82625458474865,control_1,-3.903101327192765,1.423569857221569
2026-05-07,12.677883766608241,10.530282467226215,9.006286287692584,15.165251523857656,4.304376519253377,96.88565922863722,control_1,-6.158965236165072,2.1476012993820266
2026-05-08,21.139185283469562,19.81204681581926,24.37953970450355,23.74433334683598,5.647842515101312,98.59153595523554,control_1,0.6352063576675704,1.3271384676503004
2026-05-10,26.190642958281423,13.494961618874218,25.0783375551886,21.99888690701026,4.934069485627184,99.03740282472069,control_1,3.079450648178341,12.695681339407205
2026-05-11,20.142138387183437,15.640267438710222,17.122038018063225,22.583186554951624,2.0282962705930294,284.35885884641243,control_1,-5.461148536888398,4.501870948473215
2026-05-12,16.23785584887925,16.55149870747079,27.58824320751807,15.387518766955553,2.740115968346,282.1889301009237,control_1,12.200724440562515,-0.3136428585915425
2026-05-13,30.884753277286745,25.649865010787316,35.34287298696758,26.444223788407985,5.341657250428187,81.81457941364806,control_1,8.898649198559593,5.2348882664994285
2026-05-15,13.047039412871445,14.035759916277087,12.482603026199637,10.263433146234398,5.0474801048691695,88.35602999131811,control_1,2.2191698799652393,-0.9887205034056414
2026-05-16,10.321518546683695,9.327630395607565,5.39384359841814,17.736079256879233,6.163785527403048,93.23033552375858,control_1,-12.342235658461092,0.9938881510761295
2026-05-17,16.037496732652496,18.015257527767417,15.742142646225828,20.430038315525024,2.494734716280315,90.61552249816236,control_1,-4.687895669299197,-1.9777607951149214
2026-05-19,18.199468380757718,22.460221199657024,17.394572958854567,17.669376169390507,4.021393896461744,90.37252314082684,control_1,-0.27480321053593926,-4.260752818899306
2026-05-21,18.640031164591807,17.91682945259605,18.534298140918345,16.246667240519756,2.1282344822655026,295.7937118047889,control_1,2.2876309003985895,0.7232017119957561
2026-05-23,13.573282041701642,12.498478561143385,12.823191112275861,19.545139083528532,5.335170202117692,94.82530864370153,control_1,-6.721947971252671,1.0748034805582574
2026-05-24,9.983269569290526,4.6813761338405895,11.26234051120574,17.490846556017352,3.6703772169203486,98.56853166510155,control_1,-6.228506044811612,5.301893435449936
2026-05-25,18.792972749504873,22.350453054335027,18.42332561180478,19.024807973734458,4.405993950182795,121.97431202271741,control_1,-0.6014823619296763,-3.557480304830154
2026-05-29,25.529842515701947,15.916323266523408,23.887400752177243,27.39831604504004,6.1440035356108975,92.43070975523358,control_1,-3.510915292862798,9.61351924917854
2026-05-30,8.37743791550485,10.401010850364612,10.554709316624217,9.02392122495083,4.8224337035237825,90.01776652611295,control_1,1.5307880916733883,-2.0235729348597626
2026-05-31,8.511274977113501,10.861602940354341,16.3203721538681,7.099013449074646,2.5497582112620907,82.45055980293034,control_1,9.221358704793452,-2.35032796324084
2026-06-02,16.767904515670672,15.949908472869993,20.547409333020312,16.220709237474274,2.784641576079105,290.99963092844405,control_1,4.3267000955460375,0.8179960428006794
2026-06-04,2.9162366245212845,8.417758531655554,5.978733178155977,4.250538345022695,4.4262486861188055,90.99947373810477,control_1,1.7281948331332826,-5.50152190713427
2026-06-05,12.842105030600706,13.59523857314824,9.442860779605958,11.061509146675046,5.43665490919546,90.98468330127537,control_1,-1.6186483670690883,-0.7531335425475341
2026-06-06,2.466856732238051,1.9237035118256263,11.335565026144335,9.69837100326244,5.1862622077543366,94.23576865782343,control_1,1.6371940228818946,0.5431532204124248
2026-06-07,7.888888156836374,8.616682718497351,9.504442378548093,6.686801017365277,3.8152888631936874,88.02010029003588,control_1,2.817641361182816,-0.7277945616609776
2026-06-09,12.849435601963428,14.114512736377524,11.052263888712021,19.496316280007132,6.444765190742707,89.30994904752549,control_1,-8.444052391295111,-1.2650771344140956
2026-06-10,28.401362565891343,25.142433496421365,30.521851199494485,29.977460489452064,5.028241647167412,91.77065023936512,control_1,0.5443907100424212,3.2589290694699784
2026-06-12,9.632914389080012,18.458420175540475,17.00756734841696,13.357366650897067,2.8817986910330977,88.021766464216,control_1,3.6502006975198924,-8.825505786460463
2026-06-13,11.467411422313662,10.88830440575405,10.459996797906237,18.138946115558575,3.495355298604359,265.50972236552855,control_1,-7.678949317652338,0.579107016559611
2026-06-14,23.65455523281863,19.644428183204674,19.205678501403842,21.062515928155225,3.055426486199156,268.22639559321334,control_1,-1.8568374267513832,4.010127049613956
2026-06-16,25.85373398721804,19.054836113917542,28.445090916049136,26.859379393167966,6.560794642518348,98.17365013265987,control_1,1.5857115228811693,6.798897873300497
2026-06-17,18.291377764433385,21.411165416255763,18.360437155638472,22.273123627543725,4.392511258786729,89.42258920569941,control_1,-3.9126864719052534,-3.119787651822378
2026-06-20,12.72921022357649,18.922184420576688,20.52219507067004,21.863796329925716,6.039053906491202,96.19400799365104,control_1,-1.3416012592556754,-6.192974197000197
2026-06-22,21.894345427588267,17.405350382731392,23.488252032492344,18.86041368590301,2.449951609496571,294.1904502858076,control_1,4.627838346589336,4.488995044856875
2026-06-24,27.653607919607065,14.068416809120198,20.630589580172998,20.474994404517425,3.0183403570244636,94.08870197463523,control_1,0.15559517565557357,13.585191110486868
2026-06-26,17.579554006234517,16.567890792299213,8.325237660666897,13.24905973409249,4.942646408705776,98.70958391757944,control_1,-4.923822073425594,1.0116632139353037
2026-06-27,7.255211925318244,12.19922675916222,10.148099118522026,14.716369305796716,6.002852206945821,89.33594195772997,control_1,-4.56827018727469,-4.944014833843976
2026-06-28,14.642042912941799,18.544763022386714,16.05235264178665,19.563114294071756,6.604410203829651,95.63033022171697,control_1,-3.5107616522851046,-3.9027201094449158
2026-06-29,17.95861789925302,17.97096993543182,17.533470809956498,19.879598018876283,5.860790267571937,96.51283178881431,control_1,-2.3461272089197855,-0.012352036178800319
2026-06-30,17.351225756891353,20.96487179440744,18.64978456325176,23.267213720122314,5.523948098934725,93.01005413605628,control_1,-4.617429156870553,-3.6136460375160873
2026-07-01,13.853173571475324,19.273246796632275,15.401471250565667,17.941194499647153,5.18628059226192,92.02417060704977,control_1,-2.5397232490814865,-5.420073225156951
2026-07-02,-3.2778560658371294,10.92398343161163,17.140502682909187,9.38332755014531,3.453401357391259,90.24748872214246,control_1,7.7571751327638765,-14.20183949744876
2026-07-03,11.955460839492982,17.03463983796546,17.165206932299533,17.187855028558648,3.4839922623074546,95.81576507720098,control_1,-0.02264809625911468,-5.079178998472479
2026-07-04,13.931691733308101,12.492873359471785,6.9861865856033285,9.033435795586062,4.958684466516628,95.58259586141071,control_1,-2.0472492099827333,1.438818373836316
2026-07-07,27.38919672309538,29.49637674196577,27.28469460986099,29.494149178233002,3.0111004937015173,100.7247889232737,control_1,-2.2094545683720135,-2.1071800188703875
2026-07-08,16.138088927364457,13.829573409762073,21.205917966807178,17.25107966714005,5.272329591676224,92.77058445186356,control_1,3.954838299667127,2.308515517602384
2026-07-09,10.566924597898598,11.732396019665256,16.566989617052602,16.797880096308152,3.7269463141323995,91.09561043771998,control_1,-0.2308904792555495,-1.1654714217666573
2026-07-10,16.763648385694644,16.10989378232263,14.841618382710395,17.66693418313218,3.992412134983774,95.71547397857421,control_1,-2.8253158004217855,0.6537546033720147
2026-07-11,12.313679810826637,18.67982346152192,37.23858451586446,13.497474728056504,3.762288591652342,102.1602261507386,control_1,23.741109787807957,-6.3661436506952835
2026-07-12,9.374086435921997,14.576154210406692,17.00189163096251,19.78031346215449,2.3098776782410115,97.96845215771765,control_1,-2.7784218311919773,-5.202067774484695
2026-07-14,10.211263112428554,12.886844864760072,20.14377051452941,25.24176162488509,2.282736610265035,103.40934899229575,control_1,-5.097991110355679,-2.6755817523315173
2026-07-16,24.856892086882265,21.970699122669696,31.014205866818727,30.135944931383772,4.835011414996797,83.65446676852815,control_1,0.8782609354349553,2.8861929642125688
2026-07-17,16.691768104311564,21.918188876410156,20.061972079991612,27.786370381228053,4.067437221381,100.77012594313351,control_1,-7.724398301236441,-5.226420772098592
2026-07-18,20.117621892151707,32.658582976894415,27.614159643606335,26.33870353572663,4.497151202251996,97.09422423872275,control_1,1.2754561078797053,-12.540961084742708
2026-07-23,20.21827066564382,24.555076101112512,20.202239335423037,21.594379817426997,4.897722175521571,96.50446606068817,control_1,-1.3921404820039598,-4.3368054354686905
2026-07-24,19.277715145828747,12.692873554407937,14.218777983158216,23.971715864499664,2.813025503043912,95.99412926744526,control_1,-9.752937881341449,6.58484159142081
2026-07-25,17.42712328696753,19.224296406769085,13.62385024692001,22.74230751606788,5.1758808175498805,105.86755404936054,control_1,-9.118457269147868,-1.7971731198015561
2026-07-26,36.173469583257436,17.160983005880713,24.177556004221277,24.253053954056668,3.1470616853064155,101.86884201409475,control_1,-0.07549794983539115,19.012486577376723
2026-07-27,20.409902160611324,20.615334032457408,18.915562895338308,30.486992073392816,2.684020564016799,102.34622700271501,control_1,-11.571429178054508,-0.20543187184608414
2026-07-28,17.537649134090287,20.263544491652578,14.68605994809054,22.738516504694616,5.077101699839458,103.13595147485364,control_1,-8.052456556604076,-2.7258953575622904
2026-07-29,18.224075560060474,19.978747150507516,20.09777621748903,22.779558854803298,2.3136178471593545,95.49292493876436,control_1,-2.6817826373142672,-1.7546715904470425
2026-07-30,15.057367639230442,15.302276950915655,16.86977428163441,13.956519547937186,3.5624468703711605,97.04772280497934,control_1,2.913254733697224,-0.24490931168521257
2026-08-01,88.76927101764603,22.8425645074886,54.305340862799206,33.09852164043228,6.491814249113639,97.8170790323004,control_1,21.206819222366924,65.92670651015743
2026-08-02,12.418798957991084,14.865846483553348,16.074427133830998,13.096779174987425,3.9234184677717963,94.56911452674956,control_1,2.9776479588435727,-2.4470475255622635
2026-08-04,14.96347978292699,22.987171165868027,17.287883043560047,18.178982656011712,2.5899223820765904,287.54079909239954,control_1,-0.891099612451665,-8.023691382941037
2026-08-07,28.884229589448513,26.37499981087118,24.25551707464402,23.017173950906066,4.158326437601542,95.17441400458603,control_1,1.2383431237379519,2.509229778577332
2026-08-08,26.082388563205484,16.247098802268347,25.747750931434382,25.912768907837716,4.3708658891570975,94.42036861997514,control_1,-0.16501797640333393,9.835289760937137
2026-08-09,13.931344516256226,17.784669255591623,20.40617419707264,17.613147689044144,3.8991322933016965,93.38009680077221,control_1,2.793026508028497,-3.853324739335397
2026-08-10,14.197845193472142,9.897785363018198,14.32285200638539,12.453806033644689,4.279840394616252,93.50989589455952,control_1,1.8690459727407003,4.300059830453945
2026-08-11,8.269968091751682,15.068260219442239,15.659000365052366,17.797057754671798,4.111185409736297,92.78246171778187,control_1,-2.1380573896194317,-6.798292127690557
2026-08-16,15.861607733558369,17.574445137499747,17.075259363969074,16.16620555956156,3.0440665031006873,99.34735156493412,control_1,0.9090538044075132,-1.7128374039413785
2026-08-18,23.9490330055786,24.27188712002889,20.416978565807995,24.790921134088972,4.244011040562766,96.43068667205273,control_1,-4.373942568280977,-0.32285411445029055
2026-08-19,22.470033602853086,25.8352099051751,23.90464518682933,27.394210114978602,2.7455457960106577,95.6740603627261,control_1,-3.489564928149271,-3.3651763023220127
2026-08-22,23.397560699234102,18.657473385608068,25.620403970367413,21.720534183118552,4.936036460382446,100.62287278884054,control_1,3.8998697872488606,4.740087313626034
2026-08-23,12.277248972901809,11.040053265951306,20.58181466135873,18.434367135025244,4.002059427584883,87.98631727239984,control_1,2.1474475263334867,1.2371957069505033
2026-08-24,23.64070307079828,22.353215116600744,25.111892611120272,21.655045398634247,3.235399567271388,273.45616117970144,control_1,3.456847212486025,1.2874879541975375
2026-08-26,15.571871682534859,22.685178774039805,21.144588293687328,19.838062631070677,4.356479832157431,103.70665666690257,control_1,1.3065256626166502,-7.1133070915049466
2026-08-27,19.24945247282534,18.458939849040068,15.46470282098802,18.564802455588314,4.791233634300407,103.2606799011399,control_1,-3.1000996346002943,0.790512623785272
2026-08-28,12.982000650303064,14.395951957238712,17.191838820014016,16.53400879841213,3.4583771035725768,96.31142362848828,control_1,0.6578300216018853,-1.4139513069356475
2026-08-29,15.767071736749136,19.094956519822748,21.076764459046153,19.637643173222276,5.177096613244774,88.97582408005405,control_1,1.4391212858238767,-3.3278847830736122
2026-08-30,8.002725869772918,12.469355949298192,10.719374147827025,10.706086164131351,2.620562645099457,84.16543788957568,control_1,0.0132879836956743,-4.466630079525274
2026-08-31,22.421108591327073,15.054960358615848,12.0900426535877,16.839943172149308,2.9559774465793693,278.0753861111156,control_1,-4.749900518561608,7.366148232711225
2026-09-01,12.19437577138568,17.01400004781425,18.453110665738567,13.56840289347703,4.719887664276399,100.02051655724534,control_1,4.884707772261537,-4.81962427642857
2023-01-26,-0.15614344293686466,28.968286110578735,-1.784390247554912,-0.1561434420524558,2.580499052878066,74.9280264634848,control_2,-1.6282468055024562,-29.1244295535156
2023-02-13,15.822037089914959,3.5320598097472136,15.845218572428827,15.641978260923892,2.824524848780475,79.19126878353717,control_2,0.20324031150493482,12.289977280167745
2023-02-18,69.99476201954599,36.398768162881424,54.45975699047176,9.047169944370625,3.998699751893129,81.07028155984318,control_2,45.41258704610114,33.59599385666456
2023-03-15,22.090901276141892,18.953344871032513,21.224981259958778,27.476211593338437,2.844636756137123,96.72089700288757,control_2,-6.2512303333796595,3.137556405109379
2023-03-16,28.391595062040842,32.12358348653399,21.006511724206447,35.831183067827865,3.3631878693289488,277.1543715494778,control_2,-14.824671343621418,-3.731988424493146
2023-03-17,26.776088044694138,35.62774896526686,32.83585795517214,33.20915694609849,2.251892097417312,273.921326263967,control_2,-0.3732989909263509,-8.851660920572723
2023-03-18,12.500340342787846,20.715526995704455,15.529551216051766,18.70196185137662,2.0085817430279067,268.57145011300395,control_2,-3.1724106353248533,-8.215186652916609
2023-03-24,17.772074277476797,40.93789764007449,13.247773522848638,25.810717918572475,3.0402414277407055,82.25461699278424,control_2,-12.562944395723838,-23.165823362597692
2023-03-26,4.912551419240651,7.484842984526579,17.288104017560272,8.305751238526,2.8186340869886997,83.69870240077546,control_2,8.982352779034272,-2.572291565285928
2023-03-27,18.100606180973468,31.534495367445846,31.53449498404856,3.315235955941783,3.0200683029717275,271.7346052701828,control_2,28.219259028106777,-13.433889186472378
2023-04-11,13.309448267996101,6.034469344014865,10.371485429721163,9.854897553592048,2.570041679015271,85.36738194822738,control_2,0.5165878761291154,7.274978923981236
2023-04-21,41.27348019169161,22.599387453505457,30.259751352579777,40.47858154429538,2.7630504504338984,87.29494226411907,control_2,-10.218830191715604,18.674092738186154
2023-04-23,43.1717849071926,39.113053523040364,20.238953137958475,57.705736240992636,2.544316128089506,85.17744290147408,control_2,-37.46678310303416,4.058731384152239
2023-04-24,21.139269502696422,32.88585280656628,37.3410908443784,31.530188331108917,3.4869561538134697,92.31594301401981,control_2,5.8109025132694825,-11.746583303869855
2023-04-27,30.28380557591662,22.92738778424875,19.226511302368483,26.48796782791094,2.285961382153734,272.18340530948666,control_2,-7.261456525542457,7.3564177916678695
2023-04-28,31.4794613746908,24.582210913772574,34.96519491295414,25.460749888499777,3.1069768587677173,273.85552499188975,control_2,9.504445024454363,6.897250460918226
2023-04-30,29.41250383312301,34.23459200012828,34.25975628989734,19.56132315403636,3.4288557398413357,91.49986426837944,control_2,14.69843313586098,-4.822088167005269
2023-05-07,12.962792456239445,24.20494486337893,32.66171588911888,34.59638565704546,2.3752804990697625,80.95102498148759,control_2,-1.9346697679265787,-11.242152407139486
2023-05-12,24.31141666193178,10.911236849912624,20.7196773901543,20.987041699991806,2.391737503610162,275.0973931142845,control_2,-0.26736430983750736,13.400179812019156
2023-05-13,28.843359405415534,18.615516621515653,17.187542980469033,20.907195765428074,2.828310653123367,276.1237197625503,control_2,-3.7196527849590417,10.22784278389988
2023-05-14,11.183527512740625,15.823063939806493,7.4656076698541805,14.563657518047595,3.519831046750706,264.21291398832597,control_2,-7.098049848193415,-4.6395364270658686
2023-05-15,14.659117955991057,18.46888478719514,10.120317469447057,5.913461487217433,2.3884277059709467,276.2790122093251,control_2,4.206855982229624,-3.809766831204083
2023-05-20,10.536651198386608,11.58889085150236,12.280084660464869,19.425781861747172,2.2058637563254675,97.60322080647279,control_2,-7.145697201282303,-1.0522396531157518
2023-05-21,14.27494939438909,11.119749349664469,12.339590366141545,9.271336342726446,4.075739789652816,87.71878631724474,control_2,3.068254023415099,3.155200044724621
2023-05-27,18.94804514300162,30.050486180241414,19.437558838131125,23.97433556845986,3.5080659623907917,90.29806301452089,control_2,-4.536776730328736,-11.102441037239792
2023-05-28,27.26557637979376,21.645261944416028,14.431971094654884,21.728300943580663,2.876551307785258,87.71294307250093,control_2,-7.2963298489257795,5.620314435377733
2023-05-29,19.58409063068591,16.434188877368346,29.329543217158637,17.713123218894232,3.0429121374561605,86.79307666495055,control_2,11.616419998264405,3.1499017533175646
2023-05-31,19.36192168742369,24.119298913626686,14.743670617854324,12.686193367353104,3.9353428445355547,94.39134464994902,control_2,2.05747725050122,-4.757377226202998
2023-06-02,25.140834741351732,24.71097595777934,25.247029371338684,28.14808678948342,2.1040810167679918,96.16181676174222,control_2,-2.9010574181447346,0.42985878357239216
2023-06-04,12.597448625584162,14.448504269463548,14.509621955892325,6.894585629770462,2.2905778927772555,98.33291473862556,control_2,7.615036326121863,-1.851055643879386
2023-06-06,38.64148650818839,34.32387399928086,28.82427247438675,26.80356405223385,2.4668609066058806,272.97371729314375,control_2,2.0207084221529,4.31761250890753
2023-06-10,20.12345888564789,18.035160931020425,20.038929767382168,20.644294893068054,2.759714408579896,105.48852535119903,control_2,-0.6053651256858856,2.088297954627464
2023-06-14,27.24533818396513,27.39760059750112,29.227451655655667,27.185825189831153,4.360333301367385,92.38387812555976,control_2,2.041626465824514,-0.1522624135359898
2023-06-15,14.645031994869603,14.98560237117774,14.42722372980257,16.348663391949316,2.1281592185025633,92.25016139357916,control_2,-1.9214396621467458,-0.34057037630813625
2023-06-17,16.75395326068617,9.888466436110892,21.346260060656903,7.611410684512597,3.8314594820996066,86.17775257883966,control_2,13.734849376144306,6.865486824575278
2023-06-19,31.060644440445238,20.160953314954874,24.455295042691247,2.948479278253597,3.6020767492834893,86.90107780449932,control_2,21.50681576443765,10.899691125490364
2023-06-22,22.347373618787465,15.060673987471809,18.39365264365474,18.418890945090467,2.151721397156628,265.0181768673537,control_2,-0.025238301435727806,7.286699631315656
2023-06-23,10.718254841851033,18.639676147670084,18.12559531594942,19.72463946090207,2.330036996102659,78.66818498871919,control_2,-1.59904414495265,-7.921421305819051
2023-06-24,25.772597291405074,25.91998366403961,25.0031894786703,29.801292514941174,2.185102679830816,105.57939892743326,control_2,-4.798103036270874,-0.1473863726345357
2023-06-25,14.795913632525615,15.669960080231203,17.804852578650866,15.30517248504783,2.0908362734827715,99.99717667634593,control_2,2.499680093603036,-0.874046447705588
2023-06-26,13.476103872320847,9.330175876069365,13.37320097350699,9.766469254300887,3.066137586163158,91.82470241524226,control_2,3.6067317192061026,4.145927996251482
2023-06-28,35.459650621355344,47.28644394902933,38.10222635457497,34.184822491304196,2.2993487280939124,95.84942350997676,control_2,3.9174038632707706,-11.826793327673983
2023-06-29,30.39645021166676,36.00039318923126,28.364358158062032,29.714479238245325,2.5542901522687176,98.08579844176643,control_2,-1.3501210801832926,-5.6039429775645
2023-06-30,11.94563624858369,10.005492719493132,11.53162469392349,10.756518880661748,2.6805888720596025,95.71298652946797,control_2,0.7751058132617423,1.9401435290905589
2023-07-01,9.830223666870303,17.91044105396223,13.50488182974024,8.757347646154283,3.3658039923984444,91.9659063811302,control_2,4.747534183585957,-8.080217387091928
2023-07-06,23.5052760177684,22.607351579684185,21.441168313287935,22.18489935769389,2.032430878277153,97.09094289329937,control_2,-0.7437310444059548,0.897924438084214
2023-07-07,35.163804584136635,26.72674605242671,28.743759787395085,28.310208488516597,2.637733807198145,93.5968853091727,control_2,0.43355129887848776,8.437058531709926
2023-07-08,25.114661424532148,30.780848679318872,25.228808019483154,32.47721643504863,2.7888001732357246,90.21677965742629,control_2,-7.248408415565478,-5.666187254786724
2023-07-09,32.1805119028326,50.89276602185806,35.74284517156298,37.109260518090515,2.4877865546518714,86.68641326224918,control_2,-1.366415346527532,-18.71225411902546
2023-07-10,18.27476116298127,21.585321202769823,23.67397228392751,13.834915334473239,3.9376497827512567,89.59912714350867,control_2,9.839056949454273,-3.3105600397885517
2023-07-11,21.923127165963592,20.157534610319935,16.26565007753079,16.055509898859615,2.9234346410758327,92.66178847463823,control_2,0.21014017867117474,1.7655925556436571
2023-07-12,15.293062883734546,13.943098676467152,19.067954743763025,12.065235274440472,3.069594499864668,96.93534610065626,control_2,7.002719469322553,1.3499642072673943
2023-07-13,16.60233767641371,31.329584069020473,30.81619229365599,18.05905911717149,2.783356320333156,96.49023061458007,control_2,12.757133176484501,-14.727246392606762
2023-07-16,30.879719318205357,19.629185612108753,22.725302509863656,18.93113574975367,2.8405164877789764,95.0743445674741,control_2,3.794166760109988,11.250533706096604
2023-07-17,6.869726307550618,21.96741939243633,22.472602385952435,20.386960705230987,3.678583317778259,94.23783443925993,control_2,2.085641680721448,-15.097693084885712
2023-07-19,23.755721707399704,6.688533290626641,7.600105047510199,22.879610521668987,2.295140191673854,268.02549262835976,control_2,-15.279505474158787,17.067188416773064
2023-07-20,20.090697960862016,17.518665120388967,21.08036392658534,14.575651716770286,2.250056798693726,98.50395433766266,control_2,6.504712209815052,2.5720328404730495
2023-07-21,12.867165637100038,18.207284410736975,14.086679529164632,5.2050222082783755,3.0279468388073085,94.73663212690838,control_2,8.881657320886257,-5.340118773636936
2023-07-22,13.816619603595054,17.758588852229277,13.683031147836633,14.262214746356802,2.7678201436210212,99.70765813701968,control_2,-0.579183598520169,-3.941969248634223
2023-07-23,21.55590381896665,22.829568975812542,10.521970748834358,11.67400030491409,2.5887736996140247,101.85611547696777,control_2,-1.1520295560797322,-1.2736651568458903
2023-07-25,17.531712238229705,20.61492987075575,26.015049976520295,13.819924319267823,2.823819265530732,100.6901769648187,control_2,12.195125657252472,-3.0832176325260434
2023-07-27,13.032820006561058,20.17345420639156,12.748110550801307,10.404224091967562,2.950691396435152,96.33554654241425,control_2,2.3438864588337456,-7.140634199830503
2023-07-28,12.237661054365532,9.308152118634567,15.628420219647104,17.230004280901735,2.048360440425735,102.85932719291122,control_2,-1.6015840612546306,2.929508935730965
2023-07-29,27.000386099247304,28.225764020197236,26.961401919567457,21.15052921602147,2.9446837191604383,94.03262202350908,control_2,5.810872703545986,-1.2253779209499314
2023-07-30,21.511874680441203,15.859935563875247,12.04236655145535,7.842219134749499,3.1582946335200446,94.50155452342847,control_2,4.2001474167058515,5.651939116565956
2023-07-31,24.841191885473897,27.74155980871695,24.890710054389324,24.59384903291178,2.2468494533558308,99.79278660368567,control_2,0.2968610214775431,-2.900367923243053
2023-08-02,9.425474274576638,18.376226545213292,9.690461736603561,12.959295105690495,2.737077193520168,97.02757438828354,control_2,-3.2688333690869342,-8.950752270636654
2023-08-03,24.15812251322294,18.25947307203523,25.64028632772533,28.801058530247506,2.557365696539137,96.47477867187763,control_2,-3.1607722025221747,5.8986494411877075
2023-08-07,18.52128078210085,22.298679860717627,14.688882548348582,20.239941030273922,2.645213828543656,97.15307706235194,control_2,-5.55105848192534,-3.777399078616778
2023-08-09,23.601729044934164,33.254481590563245,30.75427879667921,27.751830269095827,3.8622277888609977,94.43663475078387,control_2,3.0024485275833825,-9.652752545629081
2023-08-10,26.211203632474714,27.352117551371308,27.91401504625788,29.271885469612382,3.0505836012882273,89.86598361848735,control_2,-1.3578704233545018,-1.1409139188965938
2023-08-11,21.921531180356023,22.450964936886653,23.580498364953257,24.850278629503546,2.9499540579707966,90.72994911929817,control_2,-1.2697802645502883,-0.5294337565306293
2023-08-13,8.837811091220285,15.81950547156762,11.7496739844308,4.378287370973174,2.836066727355627,274.61449513565077,control_2,7.371386613457625,-6.981694380347335
2023-08-14,27.068598836231956,19.911643915784264,28.360873151020822,19.984190458120406,2.730225590018603,272.3739663051372,control_2,8.376682692900417,7.156954920447692
2023-08-16,15.517729551547406,15.773447507619862,21.965452627181207,32.585529852954856,2.148837865580133,98.22552901514382,control_2,-10.620077225773649,-0.2557179560724556
2023-08-18,12.144196149002948,10.544232890583222,4.3813608997015985,11.521500580738767,3.8578055456851734,88.54832977702779,control_2,-7.1401396810371685,1.5999632584197254
2023-08-19,39.15631818383132,17.85543367034519,21.41118039894913,20.219485227075403,2.5781346224132338,270.1565405918949,control_2,1.1916951718737288,21.300884513486128
2023-08-22,20.53827299649414,17.969204944960463,26.379456666901604,19.71236518004022,2.782643916027617,88.6942923614904,control_2,6.667091486861384,2.5690680515336766
2023-08-23,19.860752368744322,20.871506964952857,13.93518202651242,16.98128132762282,2.044867500736906,108.7877561327972,control_2,-3.0460993011104005,-1.0107545962085354
2023-08-24,27.42498240384217,18.438321171207757,26.024585702781838,22.500671018261166,3.0116845538992063,270.7124553989831,control_2,3.5239146845206726,8.986661232634411
2023-08-25,22.351370247578398,11.306181342078357,18.87635084659906,18.484235829587206,2.4531434746254703,274.59045194415444,control_2,0.3921150170118537,11.04518890550004
2023-08-26,11.619677862605842,19.079618687377458,25.289537303461124,13.469010549406494,2.3971397319224983,273.65448089913406,control_2,11.82052675405463,-7.459940824771616
2023-08-28,14.423164112339101,22.628411086278327,21.276801245950175,16.717593092200293,2.1560894513856907,87.0521338061576,control_2,4.559208153749882,-8.205246973939225
2023-08-30,13.43425974645823,18.351271821412645,14.685621051686908,12.811986831865765,3.7753121875612576,86.62086723932237,control_2,1.8736342198211435,-4.917012074954416
2023-09-02,15.326278983528793,15.828852151248347,16.56519257016134,17.934299172043985,2.130714297272844,269.3681019623749,control_2,-1.3691066018826454,-0.5025731677195537
2023-09-05,11.21122228003943,8.398909582337447,9.502673104028048,8.459341767124787,2.2046466770429367,92.07483395721783,control_2,1.043331336903261,2.812312697701982
2023-09-06,13.774184891624664,5.442620912589152,9.985010194945193,22.887522422301508,2.6762056460980865,91.40611278408505,control_2,-12.902512227356315,8.331563979035511
2023-09-09,29.658709986063396,24.61906293971993,25.173455278673416,26.85194148815674,2.2094409398385126,273.9209448244653,control_2,-1.6784862094833244,5.039647046343465
2023-09-11,49.640613684755884,25.940468535099015,1.2796020327637083,48.11549117458163,2.6573931466965055,92.86326775571229,control_2,-46.83588914181792,23.70014514965687
2023-09-12,9.697726753835907,26.174102068436095,11.340012660829704,15.32740101137518,2.8775581183444534,90.71415108230116,control_2,-3.9873883505454764,-16.47637531460019
2023-09-14,25.44638826987792,21.12381607221711,18.584738289484104,19.19996373437475,2.3203393013898204,270.9580152091652,control_2,-0.6152254448906476,4.322572197660811
2023-09-15,30.273387764551533,20.84937360248509,20.414624850674002,29.586999358058772,2.0446031637969897,266.7191872043326,control_2,-9.17237450738477,9.424014162066442
2023-09-17,46.71848277947526,40.07717430525392,36.42718097472827,42.531281066287235,2.770232431626495,92.46838021048308,control_2,-6.104100091558962,6.64130847422134
2023-09-18,15.569320926412146,15.871966005507483,22.877359451944788,16.059443485087105,3.811455274710827,86.31824267264244,control_2,6.817915966857683,-0.30264507909533656
2023-09-19,8.720442590980156,14.947869156557548,14.266571144308104,4.48858143224957,3.373580577651264,89.72879826194628,control_2,9.777989712058535,-6.227426565577392
2023-09-20,21.224080974777493,29.84984919443502,30.90948842731491,21.971368087055513,2.675955292861022,84.39187517918361,control_2,8.938120340259395,-8.625768219657527
2023-10-03,56.659704378981054,61.67566264664975,41.571830780563445,50.804653853990324,2.8876508119179127,88.00607649580667,control_2,-9.232823073426879,-5.015958267668694
2023-10-04,17.960157364527618,12.640279237805306,16.627548269890386,13.16520794111513,2.3115437442499376,74.1483256306932,control_2,3.462340328775257,5.319878126722312
2023-10-06,24.881278902958424,21.876480269220462,28.39202372341375,27.29389751074543,3.202057424869475,277.4160350911414,control_2,1.0981262126683191,3.0047986337379626
2023-10-07,13.354599913182144,14.005930657546967,26.60215395297428,18.99892763483911,2.281719370364022,272.00184493566474,control_2,7.603226318135171,-0.6513307443648237
2023-10-12,13.212277238745447,36.96134604174079,28.52640729763798,15.88525574753741,2.6528136570699816,274.4231474250021,control_2,12.64115155010057,-23.749068802995343
2023-10-15,79.86989677174887,21.3811469801122,11.30578111090293,36.091048119686974,2.054072715638792,265.2224672475385,control_2,-24.785267008784047,58.48874979163667
2023-10-22,13.175882367912555,35.30216125663003,14.36725606136727,12.032840465609233,2.2186348838251155,91.72582789443726,control_2,2.3344155957580366,-22.126278888717472
2023-10-23,32.895460847611744,15.07807055800335,24.31893468956189,32.671178986089394,3.49632012491261,86.62743646576445,control_2,-8.352244296527505,17.817390289608394
2023-10-27,37.35216291058202,36.02439073929511,36.324074017363564,51.00838080784944,2.2321767093517475,267.1421861994159,control_2,-14.684306790485877,1.3277721712869095
2023-10-28,27.953258483689943,21.495743631764373,22.13586132368585,23.835132864409815,2.44522419561209,275.6814915518616,control_2,-1.699271540723963,6.45751485192557
2023-10-29,20.687507708963373,30.389692720830386,31.731268021409907,24.72064758943267,2.4708002603089776,272.0224299554834,control_2,7.010620431977237,-9.702185011867012
2023-10-30,37.254892667949974,31.541441067528776,44.23487943916558,37.894951532358704,2.5151042812622944,273.0914633192016,control_2,6.339927906806878,5.713451600421198
2023-11-19,26.58204475752041,20.753296425875746,17.69662716719393,9.534216570936568,2.7274392534004055,80.50471575128552,control_2,8.162410596257363,5.828748331644665
2023-11-20,40.68491297874365,43.46891291739833,38.816851875276605,25.81731756244271,2.1239742978332545,265.19215121458694,control_2,12.999534312833894,-2.7839999386546808
2023-11-26,26.326171005399615,20.284987517776816,19.305956874177635,21.958553105081812,2.0922426293069925,270.2674835149847,control_2,-2.6525962309041766,6.041183487622799
2023-12-08,13.639104971304201,21.769089546459384,21.850780898408026,12.917543111267777,2.6653251424947166,84.99601830894971,control_2,8.933237787140248,-8.129984575155182
2024-01-06,17.992913657099017,10.188674498187243,20.35457501504167,1.698069891989259,2.5634353124189064,78.64684259957778,control_2,18.656505123052412,7.804239158911773
2024-02-04,22.07390328119684,24.560250193582643,22.099585093948136,23.726826371802023,2.1591898752064487,267.7647689144748,control_2,-1.6272412778538872,-2.4863469123858017
2024-03-13,19.55011337999986,14.204112201058098,25.494162957312454,14.160289472177729,2.8290557349823793,99.67734231951096,control_2,11.333873485134726,5.346001178941762
2024-03-14,28.80934327141686,21.960785931993712,21.324995118915503,26.34047061048369,2.189465994764327,275.2821829675534,control_2,-5.015475491568186,6.848557339423149
2024-03-15,20.587054126349653,13.731684300101207,11.782385962457534,27.45541738625982,2.7442389508217064,283.19653404976384,control_2,-15.673031423802287,6.855369826248445
2024-03-16,25.541877284337325,17.779283420004997,23.939662507302696,38.855251780069615,2.394653808756365,278.358598278941,control_2,-14.915589272766919,7.762593864332327
2024-03-20,37.232672224196584,36.05174848291519,37.96523438438184,18.842890358643412,2.712826346435837,86.8325716031174,control_2,19.122344025738425,1.180923741281397
2024-03-22,26.275093056136352,46.06402965359391,46.42426938136291,34.267468494986375,2.009195599755898,243.881747384829,control_2,12.156800886376537,-19.78893659745756
2024-03-26,25.057997056530397,34.740747042224605,27.821449529304086,32.886920912835066,2.2571879230258545,85.28986570958938,control_2,-5.06547138353098,-9.682749985694208
2024-04-01,22.668941785888858,32.27018781205391,24.01672396275193,22.31907269433468,3.161668322182489,83.1277762718704,control_2,1.6976512684172498,-9.601246026165054
2024-04-07,16.636109311047015,13.99211692416078,22.610677560593658,20.07709382174341,2.2898673312920503,90.18059022553484,control_2,2.533583738850247,2.643992386886236
2024-04-14,10.857423436622822,15.224458894579598,22.454785325732203,17.113349926443835,3.1244449179489724,82.21627094057607,control_2,5.341435399288368,-4.367035457956776
2024-04-15,17.582878966637413,10.863589911562435,17.013085026928614,14.141893934673881,4.216182401915657,90.60157305444147,control_2,2.8711910922547332,6.719289055074977
2024-04-16,16.42913062765309,11.094365889231018,13.012650537936425,13.425416806485762,3.7359750036674972,100.30949308396202,control_2,-0.41276626854933696,5.3347647384220735
2024-04-18,22.566067295724327,18.32089038092432,16.81655914619884,14.447028220906104,3.0144285130354613,271.4285286131493,control_2,2.3695309252927377,4.245176914800005
2024-04-19,19.70661438066985,16.08125213613018,15.966948405037337,16.300644282458215,3.847073735739053,271.96875088225977,control_2,-0.3336958774208778,3.625362244539673
2024-04-21,21.678265028480137,27.824588928523536,28.782561896045983,22.65302725698265,2.4869988461922166,105.88170548746632,control_2,6.129534639063333,-6.146323900043399
2024-04-23,10.214782053766692,13.797239401257881,20.83862671979064,14.609833603891497,2.1131133569653104,274.211803412494,control_2,6.228793115899142,-3.5824573474911894
2024-04-24,12.571401817463869,12.607140670834436,21.274913754874913,9.719631017603426,3.1475167818501375,90.22984963305368,control_2,11.555282737271487,-0.03573885337056737
2024-05-01,12.025590893865571,21.120907685682987,17.459184530480798,12.02559095935105,2.5068595926626993,91.37854073852094,control_2,5.433593571129748,-9.095316791817416
2024-05-09,17.321154740830895,20.41311896633189,24.315944900888688,11.738433067642788,2.8538526453906887,276.13338532933756,control_2,12.5775118332459,-3.0919642255009947
2024-05-12,14.527411078529056,20.763854693878873,23.462844931638138,17.41065569684579,3.041666579338799,87.33148450539124,control_2,6.052189234792348,-6.236443615349817
2024-05-13,9.389395044916077,12.609108325226314,4.908730060810895,11.02000426489394,3.60177585284601,94.56246694912596,control_2,-6.111274204083045,-3.2197132803102377
2024-05-15,1.7237983439837474,9.82131659301025,10.030527257341154,5.754606011688058,2.4031772413133883,91.00284115225725,control_2,4.2759212456530955,-8.097518249026503
2024-05-16,9.874123701925244,14.288599231753434,10.683322956485016,15.1608339310495,4.097982788871599,87.30335855715498,control_2,-4.477510974564485,-4.41447552982819
2024-05-17,18.539767726158708,18.077965809920034,17.20763186662725,6.7751522926014145,3.8797843132094467,96.82832807627551,control_2,10.432479574025834,0.4618019162386737
2024-05-18,23.30059119788739,30.96439084607809,6.435918456180593,22.12517529566464,3.627365964567163,96.16218132647396,control_2,-15.689256839484047,-7.6637996481907
2024-05-19,18.978799699010793,22.297602095283693,18.022889765148705,23.370262846869217,2.96285174152675,96.87569007231241,control_2,-5.347373081720512,-3.3188023962729005
2024-05-20,12.306402093555787,14.318486192806782,15.214789680989481,14.412783455189338,2.827557131719121,98.30608467552287,control_2,0.8020062258001435,-2.0120840992509947
2024-05-23,18.278507862840176,29.312045490117356,29.607010515530167,12.02928545016158,2.476436138231624,86.93792109536588,control_2,17.577725065368586,-11.03353762727718
2024-05-26,27.861877206068193,18.09223779478735,23.076147159639294,20.15663502627492,2.5757739401967568,92.9049660006786,control_2,2.9195121333643748,9.769639411280842
2024-05-30,23.587277916756634,26.93526761623722,28.31303044879607,23.869794130258914,2.289203847497229,101.50567235991383,control_2,4.443236318537156,-3.3479896994805856
2024-06-01,12.70434114982241,36.41174620627293,54.08548958378864,45.88813057817659,3.0582313764759337,94.61480690793292,control_2,8.19735900561205,-23.70740505645052
2024-06-09,23.058775475178447,32.715247498722384,22.484769882107773,21.70115693072291,3.400257049505818,86.38356129319646,control_2,0.783612951384864,-9.656472023543937
2024-06-10,25.577836638430625,28.365856157565197,21.14630230174315,25.963298486400674,2.938139640560623,87.36612012827385,control_2,-4.816996184657523,-2.788019519134572
2024-06-11,18.019535843559606,21.15135281434162,19.49239785769438,18.496479176243508,4.265069162442908,87.23008264857094,control_2,0.995918681450874,-3.1318169707820154
2024-06-12,10.76869617159515,13.073040868092432,7.403208958270437,12.811964432533955,2.4769234890110012,95.8301523955032,control_2,-5.408755474263518,-2.3043446964972816
2024-06-15,24.59035411060993,12.735217411989582,18.538087832300285,7.188121286037425,3.5801927273298575,83.5459678446864,control_2,11.34996654626286,11.855136698620347
2024-06-19,21.330457834549204,19.141509967705975,6.589537960447533,9.450784428029165,2.350188825637262,269.796144975788,control_2,-2.8612464675816316,2.188947866843229
2024-06-20,33.4874839829829,23.547754455102467,26.804616518025966,22.03202178808414,2.271270508232783,275.1375200090865,control_2,4.772594729941826,9.939729527880434
2024-06-22,26.613393192250587,21.29372233158919,15.904513972454605,14.133339494656362,2.8453988406941075,98.44845857308763,control_2,1.7711744777982439,5.319670860661397
2024-06-23,24.130042160477764,13.928065224186906,21.254599831175906,13.017828686794099,3.602980061059721,89.29447640644054,control_2,8.236771144381807,10.201976936290858
2024-06-24,6.722453821390494,16.977342214190827,8.5540651885708,10.64609412894529,2.4534337609126777,97.6585050573101,control_2,-2.0920289403744903,-10.254888392800332
2024-06-27,16.80640763443712,24.664700384610683,23.457847901389055,23.444994792498296,3.369537579347437,83.53674483601611,control_2,0.012853108890759302,-7.858292750173561
2024-06-30,20.9848025393458,22.370804476644683,32.37008652526694,22.48353337424807,3.507500654524536,94.22459671279381,control_2,9.886553151018873,-1.3860019372988823
2024-07-01,30.90360765452735,36.363750807105134,30.9706542459078,30.39344046033983,3.379945099057564,98.38017567931445,control_2,0.5772137855679702,-5.4601431525777855
2024-07-02,23.407122067575642,24.55084108985739,20.40581378709633,19.016942472170633,3.5127105382556056,89.50769758155553,control_2,1.388871314925698,-1.143719022281747
2024-07-03,15.380970123523403,10.76145966635431,15.914682386496708,15.708406370334192,2.196456845326233,87.78558437707164,control_2,0.20627601616251567,4.619510457169092
2024-07-10,13.117083954401469,19.998761650373847,20.672225749284504,20.520701073230303,3.5434265140743353,90.00086354965629,control_2,0.15152467605420128,-6.881677695972378
2024-07-11,27.286966118497144,38.21764307603268,27.04246845851038,27.18724344947825,3.1628531006485487,91.97185088233329,control_2,-0.14477499096786772,-10.930676957535535
2024-07-14,20.927281359568134,18.98401554073864,25.310298568018077,29.748184075581086,3.4290830996116357,93.14697025961459,control_2,-4.43788550756301,1.9432658188294951
2024-07-15,34.35682654249662,26.76414324256914,27.91494820937578,30.15580598024291,3.266473475487441,87.48557933163426,control_2,-2.2408577708671302,7.592683299927479
2024-07-18,19.429048877289908,21.6163147726445,23.569707157894406,20.34018927163606,2.7305484297971105,95.23428963754287,control_2,3.2295178862583462,-2.1872658953545923
2024-07-19,20.638483207532502,24.36600779129791,18.603099130762736,19.456717059358798,2.6838042640687547,101.70302565611564,control_2,-0.8536179285960621,-3.7275245837654083
2024-07-21,22.46234327406659,1.5315449382205677,-0.3787684658329854,7.156020702879677,2.779247129599614,83.48220404884398,control_2,-7.5347891687126625,20.930798335846024
2024-07-22,22.67501026228428,26.96267592874218,22.491835046181368,22.342393490381045,4.099282266113779,88.59244647988737,control_2,0.1494415558003226,-4.287665666457897
2024-07-24,10.119527357549824,26.744551479992484,25.13683538389967,33.00338961593357,3.374382800165099,92.65314120267067,control_2,-7.866554232033902,-16.62502412244266
2024-07-25,15.63137784531635,15.445614745488417,12.393665011694189,15.78081531959725,3.6394633098909606,100.18882875590577,control_2,-3.3871503079030614,0.18576309982793404
2024-07-28,15.205984160578632,23.764138866761183,19.225634894038187,8.837346679172516,3.336515201525865,86.93466390729918,control_2,10.388288214865671,-8.55815470618255
2024-07-30,12.420801539378324,24.806910193800334,16.14484178793845,10.238388576466226,2.741781484122519,89.46301975646838,control_2,5.906453211472224,-12.38610865442201
2024-08-02,14.032530596758638,25.500503866284163,15.09656770625184,18.960474132092564,2.541559738469814,95.87095158943055,control_2,-3.8639064258407245,-11.467973269525524
2024-08-04,15.839756760999503,20.035621014029072,20.025033465076113,24.41090953031615,2.4043856561406263,99.41210910585323,control_2,-4.385876065240037,-4.195864253029569
2024-08-05,20.003220039915732,24.425014396313852,21.010136960553364,20.87270593331992,2.673872224116754,99.75831338469277,control_2,0.13743102723344336,-4.42179435639812
2024-08-06,18.547171560576118,18.442689021666883,15.756619849144993,20.976281718850636,3.4714552857527754,86.94986539223237,control_2,-5.219661869705643,0.10448253890923453
2024-08-08,17.691772310775953,20.58125588292711,27.558387208566632,20.220290502982245,2.326405927077578,269.8099386130901,control_2,7.3380967055843875,-2.889483572151157
2024-08-10,12.363679356290469,19.256498948730037,15.660798251176553,12.856690582260333,2.3517691749869587,96.83661544981521,control_2,2.8041076689162203,-6.892819592439569
2024-08-11,18.95448321402864,12.367254559198834,16.092949219537235,19.401418161709664,2.9534130136536407,91.76543629358247,control_2,-3.3084689421724285,6.587228654829808
2024-08-12,20.75281956181753,13.00962119983555,41.09236048686471,28.389484289848713,3.3924809331473442,88.14406017261967,control_2,12.702876197016,7.743198361981982
2024-08-13,20.649910268335557,18.749882809263703,16.49012698101035,22.77541014389266,3.1541784728170987,91.16514849881327,control_2,-6.285283162882312,1.900027459071854
2024-08-16,18.180586675531856,24.563748082029008,20.463794302206598,9.834486244050314,2.378616161782629,96.28689800590394,control_2,10.629308058156283,-6.383161406497152
2024-08-17,13.983736175683397,15.740540694059026,18.699634289626854,14.867704903399176,2.896475740894618,278.3659871296896,control_2,3.831929386227678,-1.7568045183756293
2024-08-20,3.7766743256099815,13.311600050407252,8.256976340973067,11.80551304985741,2.3068917597237784,95.50172017628779,control_2,-3.5485367088843436,-9.53492572479727
2024-08-21,16.580111513640883,20.05166877416265,17.86286259819292,16.2120621061492,2.4761161652075367,88.84888555687519,control_2,1.650800492043718,-3.4715572605217666
2024-08-27,1.8799625066761383,9.172082346110384,10.932060012959097,13.457866817233892,3.588755783392319,92.93351812559013,control_2,-2.5258068042747954,-7.292119839434246
2024-08-29,22.92549368390974,13.494642111011593,20.064085947055815,17.12459777043021,3.3126042867093135,275.41221348533634,control_2,2.9394881766256056,9.430851572898145
2024-08-31,18.604810020648316,21.858991405872516,18.464593168097824,23.360144037262025,2.241960463201069,269.9264934185029,control_2,-4.8955508691642,-3.2541813852242
2024-09-02,21.04802205484851,12.015129829151295,16.970476272161243,13.787503182065292,3.238458601604032,87.00123117237587,control_2,3.1829730900959508,9.032892225697214
2024-09-03,13.880871800680893,17.3984177330453,18.37467602488056,22.315548925342366,2.7245930941016954,82.63309770859712,control_2,-3.9408729004618053,-3.5175459323644063
2024-09-04,20.088145008492422,13.376054858077927,17.73069669162983,17.69200409805009,2.2275912748123816,264.3494717364359,control_2,0.03869259357973931,6.712090150414495
2024-09-05,24.504770030988293,14.284819021856492,13.601377773301923,19.105309834271438,2.672243740467466,272.5955502694019,control_2,-5.503932060969515,10.219951009131801
2024-09-06,25.28043768132366,15.526989429618677,27.181538793382384,17.79232601631211,2.2581273229456698,264.67309146503464,control_2,9.389212777070274,9.753448251704985
2024-09-09,14.926262245362274,15.080397349261192,5.920773461263085,22.840280170735234,2.8585918445421408,89.43293958498242,control_2,-16.91950670947215,-0.15413510389891805
2024-09-10,14.269802718512688,10.117870953586687,17.855393037570845,28.315570393079796,2.9412172393895495,91.29342594914107,control_2,-10.46017735550895,4.151931764926001
2024-09-11,10.510381808867693,22.41702748032211,19.04945963471689,11.17124382314976,2.336451683279536,83.49204160688214,control_2,7.878215811567129,-11.906645671454415
2024-09-14,11.194887673115103,15.405781585835598,14.416612384814151,21.95368853696042,2.9735813180405923,99.27743434373804,control_2,-7.53707615214627,-4.210893912720495
2024-09-18,17.64370590444184,31.305262162105535,21.99311267848365,21.015703031991137,2.245569177133938,93.08028166829939,control_2,0.9774096464925144,-13.661556257663694
2024-09-19,22.02800613650296,44.54313804157083,24.50596186721865,28.993222723237558,3.1687748924338126,88.13224173165924,control_2,-4.4872608560189065,-22.515131905067868
2024-09-20,24.67731732281166,35.49400248227695,29.514116076590792,32.49010151138657,3.0659352403313886,87.04520613528894,control_2,-2.9759854347957777,-10.816685159465287
2024-09-23,17.391258174186174,7.257614476084192,14.207277182995846,30.429200297067318,2.2562735994890066,90.42909130515949,control_2,-16.221923114071473,10.13364369810198
2024-09-24,21.258489722433854,24.730683695554042,19.615107442253557,13.159749163896702,2.0641131659488763,261.3808897855082,control_2,6.455358278356854,-3.472193973120188
2024-09-29,21.362631817888047,22.516395341406348,25.28414818544935,27.837525284142988,3.3876697255761017,103.00070027476863,control_2,-2.5533770986936375,-1.1537635235183004
2024-09-30,26.502633557430652,16.34019766457976,28.930257348611782,21.629043273257007,2.8511241725476566,271.68997605173365,control_2,7.301214075354775,10.16243589285089
2024-10-02,4.391511951606347,17.708857837794955,27.876960586699035,19.073071092570355,2.555802861640988,97.6752176369651,control_2,8.80388949412868,-13.317345886188608
2024-10-03,19.026123027508685,21.677988285736227,22.026593138902765,21.773984010734207,3.244822314696491,276.45513139186386,control_2,0.2526091281685581,-2.6518652582275415
2024-10-08,22.302500268673406,33.41587750132583,17.949007067649372,25.748333767448806,2.1441269214924827,94.82521066106926,control_2,-7.799326699799433,-11.113377232652425
2024-10-10,21.60310503605634,13.063825086157145,20.588216610290665,16.877393229825536,2.074561254531996,267.9449200389563,control_2,3.710823380465129,8.539279949899196
2024-10-14,14.96431525134032,19.76521665378091,15.888339439876557,21.527390042446154,2.3118222959261763,84.33066752914596,control_2,-5.639050602569597,-4.800901402440591
2024-10-17,24.165124932301975,22.59623087776581,24.999943948657457,26.759225177506917,2.412014350848744,78.15089544041706,control_2,-1.75928122884946,1.568894054536166
2024-10-20,26.59424897713772,-7.67053140027403,-9.536520234757392,-0.3437069174972581,2.017991706401046,93.93707254532262,control_2,-9.192813317260134,34.26478037741175
2024-10-25,29.462992648852254,32.077377220825035,40.76814064152926,42.65412274504578,2.7981458160523385,277.1406341803835,control_2,-1.8859821035165254,-2.6143845719727814
2024-10-29,16.604797481667397,22.35175571110685,23.19645591203548,26.98723178730533,2.3020348378769904,94.00898814744698,control_2,-3.7907758752698513,-5.7469582294394534
2024-11-02,29.780465581472814,27.59069687529991,24.03524508973634,25.412328113375985,2.229196018523341,71.33256196824402,control_2,-1.3770830236396456,2.189768706172906
2024-11-03,29.005047982805337,27.30367726055616,40.739333960523226,31.551198993165087,3.143246219652693,84.2950942843213,control_2,9.188134967358138,1.7013707222491767
2024-11-07,39.351770318375586,36.09795164603818,45.314515183589954,32.98327235658427,2.095709287947337,268.8554216839093,control_2,12.331242827005681,3.2538186723374025
2024-11-15,23.759387673254682,14.896942161074511,14.781903530424326,9.156685721410348,3.099890236563071,94.76249404335965,control_2,5.625217809013979,8.862445512180171
2025-01-11,13.979905071235672,29.159514075348664,17.326743736843035,9.458711485193422,3.4875529859439283,81.17259896110284,control_2,7.868032251649613,-15.179609004112992
2025-01-16,3.1038527757801377,6.895007394670508,20.415563584986195,1.611527940634001,2.5342709292120253,81.82190641800742,control_2,18.804035644352194,-3.7911546188903706
2025-01-18,14.058381267863023,4.520789884702279,1.3853596607037613,10.950925039130288,2.1572867914250735,265.8570040472835,control_2,-9.565565378426527,9.537591383160745
2025-01-20,-18.49273101195801,1.4903153814661705,-6.339176080594814,-18.77232634049562,2.1774804718086576,270.3627600819864,control_2,12.433150259900806,-19.983046393424182
2025-01-21,5.730599755109488,24.014526317893505,14.619904086331788,15.512959540611003,2.2781881575562286,82.40496356396989,control_2,-0.8930554542792155,-18.283926562784018
2025-01-25,22.347510719168458,22.51105224599713,10.854271730853117,22.96494183120269,2.5644917752116667,273.25079893220556,control_2,-12.110670100349573,-0.1635415268286735
2025-02-01,12.032541087999524,15.384161841544106,16.32451472212865,20.657784278958772,2.2506318846258684,79.041877557009,control_2,-4.333269556830121,-3.351620753544582
2025-02-12,35.13173433725705,22.446074874859885,24.299541488442358,31.353934271573742,3.6843355269387077,280.9431149915396,control_2,-7.054392783131384,12.685659462397165
2025-02-26,40.59667226837982,30.61437487012641,32.67533438117259,33.75058261083417,2.370182618805158,266.6445968542633,control_2,-1.0752482296615824,9.982297398253408
2025-03-03,34.38115403748497,53.45555637185086,36.56956256593531,42.940944043262895,3.1443322495895853,86.82926567260017,control_2,-6.3713814773275885,-19.074402334365892
2025-03-07,13.889489749789025,12.069968527659602,16.01829545525167,11.424580607630094,2.56721392225116,86.7002919193655,control_2,4.593714847621577,1.8195212221294224
2025-03-09,9.117438075790798,14.004518815252423,-0.5067827232788864,46.251181540467044,2.089437303106695,87.95322504261651,control_2,-46.75796426374593,-4.887080739461625
2025-03-17,14.845108279826915,16.926739961856427,1.8949568905890635,10.954335660410695,3.0053749117373796,88.7449561020735,control_2,-9.059378769821631,-2.0816316820295118
2025-03-18,5.215382543186933,25.4575057799242,0.8891675759878652,7.892188780911911,3.2272722952030493,88.63643759455914,control_2,-7.003021204924046,-20.242123236737267
2025-03-22,25.36948683404339,17.771121516458955,27.84703661191183,24.993048191259803,2.14284726965816,81.11240625508799,control_2,2.8539884206520263,7.598365317584435
2025-04-01,19.213091886761887,18.54408886971506,18.45617616480346,19.213091967198615,2.4434530503079914,100.16230725555101,control_2,-0.7569158023951559,0.6690030170468262
2025-04-02,41.79170761127417,33.55085607406028,34.20506350450587,40.817047789735284,3.1243776965131596,86.87635821118488,control_2,-6.611984285229411,8.240851537213892
2025-04-04,31.212187865208765,22.990970635434877,24.790609774230703,20.448585650067795,2.4334192281949236,276.920986727147,control_2,4.342024124162908,8.221217229773888
2025-04-11,12.970823924075512,15.137842880986124,14.422550164464342,17.708566314146882,2.6794925261355194,90.5013352686974,control_2,-3.28601614968254,-2.1670189569106117
2025-04-12,33.691065209811576,19.856966396558686,19.21579437327677,7.793579135879166,3.943257476044848,103.51614525936958,control_2,11.422215237397602,13.83409881325289
2025-04-13,19.136358957439125,10.235282640241547,7.791083386692313,17.29752635500013,2.62960900975589,273.4979207062029,control_2,-9.506442968307816,8.901076317197578
2025-04-14,29.944991124352264,15.468737544464481,25.350948573789537,17.989622730794604,3.2243665012950116,275.1682115057057,control_2,7.361325842994933,14.476253579887782
2025-04-16,19.923691348425866,9.127712530013367,22.887933990866394,12.384800098854923,2.1262306801211137,92.71274762244025,control_2,10.503133892011471,10.795978818412499
2025-04-19,22.20284589805135,16.885723202898866,22.36265808715497,12.163372408431286,3.9985711484790425,86.79311187469989,control_2,10.199285678723683,5.317122695152484
2025-04-21,11.044996355321665,31.594582716179435,24.59712817066392,27.16403215785642,3.5127389137644474,97.4356034588505,control_2,-2.5669039871924966,-20.54958636085777
2025-04-24,25.866329927494796,21.87362654701414,18.113954543566724,23.16278584486113,2.8147405005042416,273.78486607182174,control_2,-5.048831301294406,3.9927033804806555
2025-04-26,21.24506802340439,27.348644976779084,22.24565943234762,27.280238041480803,3.5438320773995335,86.3812311761302,control_2,-5.034578609133185,-6.103576953374695
2025-04-27,37.24854208876321,32.39971008993127,37.634544948445914,16.180068744669168,4.026185598115065,88.51098086549422,control_2,21.454476203776746,4.84883199883194
2025-05-01,32.071905898243635,31.130923918395386,29.04565832069457,25.72885775258151,2.839066365846539,272.5032767917368,control_2,3.3168005681130595,0.9409819798482495
2025-05-02,11.654344712207275,17.5143320639695,14.010263082183897,14.41805381992285,2.0048367561471543,96.38297898187136,control_2,-0.4077907377389529,-5.859987351762227
2025-05-03,11.619588136921292,7.327105003474488,11.84288269488418,10.248441604081835,3.6472109039413922,90.12984672785319,control_2,1.594441090802345,4.2924831334468045
2025-05-04,15.453981828754566,20.572466262263394,18.67761840757143,28.15356734931747,2.0840920333656507,99.09600669468318,control_2,-9.47594894174604,-5.1184844335088275
2025-05-06,25.698807080794772,24.954536429482438,25.885706925278143,13.821060139368408,3.0100387006910205,282.50188782153316,control_2,12.064646785909735,0.744270651312334
2025-05-10,39.896974573127686,36.21664632038826,13.889700621268227,32.712768069360756,3.177556164030418,91.69688219157752,control_2,-18.82306744809253,3.6803282527394288
2025-05-19,32.531137325367496,51.27226136742278,37.49067934488271,29.910583399724114,2.1007231918027607,92.78404408242102,control_2,7.580095945158593,-18.741124042055283
2025-05-20,19.34096146220469,31.32573383118852,17.227958484201135,17.926911629873594,2.94537858852762,90.74531337867222,control_2,-0.6989531456724585,-11.98477236898383
2025-05-25,24.00319689091778,13.617681774111947,22.122147391931367,22.997561798668922,2.997733994601909,89.22450106359838,control_2,-0.8754144067375549,10.385515116805834
2025-05-26,37.89582615806348,27.254255001889078,24.482141309121264,36.406760503217356,3.014897132816113,88.36138149360374,control_2,-11.924619194096092,10.6415711561744
2025-05-29,43.26425081680822,45.46589942890439,41.71576137451498,31.63719024150027,3.175834899482323,85.9626124415355,control_2,10.078571133014712,-2.2016486120961716
2025-05-31,12.78865233496903,17.94646810444708,15.983164954256834,18.346344255750953,4.505767548038052,95.85314721224051,control_2,-2.363179301494119,-5.157815769478052
2025-06-03,22.72588756619355,23.96708927288617,17.844732765627903,21.528205788940138,2.063670757706513,100.31246275651654,control_2,-3.683473023312235,-1.241201706692621
2025-06-04,17.477146177127477,34.53308693340188,27.342874522748883,30.44112724632253,2.721283179181521,89.3078088738987,control_2,-3.0982527235736477,-17.055940756274406
2025-06-06,19.201472384879832,29.639521750114188,15.186310890653077,25.923282407015403,2.970779131080486,94.29586264140528,control_2,-10.736971516362326,-10.438049365234356
2025-06-09,4.810690938974021,17.762627607564717,12.974435918131004,14.881051258947766,2.610524545915135,96.77691561992674,control_2,-1.9066153408167619,-12.951936668590696
2025-06-10,17.134163625059323,25.358504106223062,15.977555124107766,26.974375938441547,3.179969902915814,88.89141930091859,control_2,-10.99682081433378,-8.22434048116374
2025-06-11,25.03091949390253,18.278862332621603,20.87137867472584,12.526874787903278,4.02156625444781,86.36795841405956,control_2,8.344503886822562,6.752057161280927
2025-06-12,22.108623677980138,21.117100562355613,20.23126402548142,25.149601848319417,3.6809659568646627,90.22040931671575,control_2,-4.918337822837998,0.9915231156245241
2025-06-13,26.7148071720246,23.532456232531523,19.870431680693954,26.655361048524753,3.637067164153325,91.90208529290481,control_2,-6.784929367830799,3.1823509394930767
2025-06-14,6.767531597674859,15.269552023784717,12.869883264971172,16.153198666761696,2.709942026598562,94.05347187975474,control_2,-3.2833154017905244,-8.502020426109858
2025-06-16,-2.7212954540919365,23.91559769602615,19.202015667860586,68.96891759908392,3.5434845413172447,95.31724690073304,control_2,-49.76690193122334,-26.636893150118087
2025-06-17,24.421841387207145,22.362560759486005,17.58089888953572,14.817723551849687,3.0221316181324256,92.11102713010632,control_2,2.763175337686034,2.05928062772114
2025-06-18,19.253348549880112,32.90855524638655,21.39015411436876,11.44096783776548,3.3924698258010952,92.38383588112794,control_2,9.949186276603278,-13.655206696506436
2025-06-19,31.415415128853443,15.942160579752281,12.63578076062819,2.3848188040562976,2.4918015061009378,99.98133049310428,control_2,10.250961956571892,15.473254549101162
2025-06-22,19.377990224154207,32.21572545945644,28.615251345589506,23.22044877974242,2.1080962306105397,96.76078461782816,control_2,5.394802565847087,-12.837735235302237
2025-06-25,22.667917712789976,16.970757734818363,23.83172113000988,19.451287420417874,3.428851564237897,88.96424368419048,control_2,4.380433709592005,5.697159977971612
2025-06-27,23.77385663924038,14.083370171274682,25.84157857283072,10.659684713320248,3.0679878539061174,88.13372974167402,control_2,15.181893859510472,9.690486467965696
2025-06-28,10.05212991872143,23.00867624800845,17.08901011548019,26.431462466393587,2.350451354336296,101.01762070015252,control_2,-9.342452350913398,-12.956546329287018
2025-06-29,18.488515404600186,14.93821034627019,18.56360352437538,21.97799965984172,2.472865330417157,268.4776415195573,control_2,-3.4143961354663404,3.5503050583299967
2025-07-02,24.630079341641306,25.421051849684847,26.305714480308627,18.91608990846434,4.115355933849105,88.12499286174642,control_2,7.389624571844287,-0.7909725080435415
2025-07-03,9.714830109177436,20.045676411968735,22.868468910284477,8.977065289199157,3.0820069833263175,92.62788317143827,control_2,13.89140362108532,-10.330846302791299
2025-07-05,5.325329741266282,13.954666917222976,6.985843963025486,9.597949444622271,2.5434456437512325,93.47654592475095,control_2,-2.6121054815967852,-8.629337175956694
2025-07-08,12.762452195698922,18.685955405685313,17.931381568824143,15.600808730432394,2.9192830576562856,94.13133664417467,control_2,2.330572838391749,-5.923503209986391
2025-07-09,23.121722974564317,20.77707667351481,17.962298576842105,14.843426836485772,3.828850292970135,92.34163772306982,control_2,3.118871740356333,2.344646301049508
2025-07-10,13.322485637419753,16.730726555757297,18.660419339349996,20.20170601995061,3.449205142385401,96.09455166553249,control_2,-1.5412866806006136,-3.408240918337544
2025-07-12,18.138579302816044,21.703751863610538,12.322803010060051,18.880727180833823,2.8145082960454073,88.2593241201256,control_2,-6.557924170773772,-3.565172560794494
2025-07-14,20.808503219946815,24.601722428676158,4.728695805797052,9.850572397386633,4.17412792881037,87.83567439679774,control_2,-5.121876591589581,-3.7932192087293437
2025-07-15,20.00560426923972,22.553703807601966,21.157369134068073,26.00768686940643,2.555152619444821,272.61203562262574,control_2,-4.850317735338358,-2.548099538362248
2025-07-17,21.433375929737657,17.619782568679057,21.185492148154275,23.8646976007309,2.7009658632019806,96.59410799074135,control_2,-2.6792054525766247,3.813593361058601
2025-07-18,14.124848905283509,14.81740379843241,16.27853378568286,8.575021230229083,3.72958895383966,90.53965605505022,control_2,7.703512555453777,-0.6925548931489018
2025-07-19,0.2516707227473873,1.0673896882964828,7.898981874847435,1.1623485106744662,3.5963165556264687,89.24981783992945,control_2,6.736633364172969,-0.8157189655490955
2025-07-22,26.108854770551815,23.54794963904105,19.6971723625461,12.832439838473803,2.122872939177329,105.06200307625045,control_2,6.8647325240722985,2.560905131510765
2025-07-24,9.709540170768213,18.631268662874824,14.383864922457162,17.8141464522174,3.4301280090460353,92.24388238668041,control_2,-3.4302815297602383,-8.921728492106611
2025-07-25,12.43323548340768,23.106973781293195,21.073330326984408,14.885645772165669,3.754147597838,90.6598788007949,control_2,6.187684554818739,-10.673738297885516
2025-07-26,16.48432106140131,18.487973084089216,15.8778960771025,10.225647541453883,3.041944994644575,92.34471351638018,control_2,5.652248535648617,-2.0036520226879055
2025-07-27,13.800679430389176,21.537658491589383,10.785125244760584,15.278203963939886,2.6054583720801396,97.01255908619686,control_2,-4.493078719179302,-7.736979061200207
2025-08-01,12.66078928016045,21.12180769368126,18.583463112381995,22.605916398641615,3.0614305628335794,90.55502126814167,control_2,-4.022453286259619,-8.461018413520808
2025-08-02,10.494911055958818,9.149896834432765,14.104903353980674,17.0687440576822,3.109173498771169,93.18525806324152,control_2,-2.963840703701525,1.3450142215260534
2025-08-03,15.824964379244754,22.225550813426327,11.159751104303297,13.055581637879795,3.2185100213797764,90.31917432518992,control_2,-1.8958305335764987,-6.400586434181573
2025-08-04,20.43513091008356,22.109499395824702,21.17676575055149,16.716587929535148,3.3876193594882933,91.0604153369593,control_2,4.460177821016341,-1.674368485741141
2025-08-07,18.254580280833935,20.72605212258071,20.77945114503691,14.010508701233473,3.977433037762826,96.62874452711634,control_2,6.768942443803436,-2.4714718417467765
2025-08-13,16.835511976515722,14.259765514226647,12.928256509664866,21.35439065897967,3.8348274193294904,87.76169236291923,control_2,-8.426134149314805,2.575746462289075
2025-08-14,14.693243530062592,23.729758283846348,17.007604600054915,13.06702650202383,3.4114552770977347,84.84830677692054,control_2,3.940578098031084,-9.036514753783756
2025-08-16,12.395486485072443,7.535784648402396,12.167389473842059,12.452834532883276,2.9498599909794616,86.59628230219028,control_2,-0.2854450590412174,4.859701836670046
2025-08-18,27.609741908449145,31.05126974413018,30.648305211259025,26.969196928725633,2.335778541425673,100.61701112705367,control_2,3.6791082825333916,-3.441527835681036
2025-08-19,11.505953119192668,17.548324185688724,12.958394594376127,14.635059699750391,2.288970827870577,102.3475991573934,control_2,-1.6766651053742638,-6.042371066496056
2025-08-20,13.516773870079852,17.118044419567337,11.94868827235746,18.260751785617373,2.8282644291524384,95.86316206117755,control_2,-6.312063513259913,-3.6012705494874844
2025-08-22,21.759955340622028,16.374564179466184,16.22251963634022,14.44594039041799,3.104621499099299,274.5224176681239,control_2,1.77657924592223,5.3853911611558445
2025-08-23,27.291173348061818,21.19749817335827,20.492494740688226,24.50273246991146,2.8437335332890545,275.4981537243656,control_2,-4.010237729223235,6.093675174703549
2025-08-31,20.926827819040934,19.211693329742822,16.27399798004828,33.3823948880027,2.0737757671817967,94.3525812163723,control_2,-17.108396907954422,1.7151344892981122
2025-09-07,20.545534631684806,23.87560829000445,13.160944113155805,27.365809380412426,2.7252497951861856,88.23255458055371,control_2,-14.20486526725662,-3.3300736583196446
2025-09-12,19.384682647075607,19.841481838914365,17.67562947582307,20.5233507257271,2.2537873085563067,81.52022671818315,control_2,-2.84772124990403,-0.4567991918387584
2025-09-13,15.4170850244879,16.337661841601605,15.841966943731155,15.563085614901185,2.134626118865318,97.2431519664695,control_2,0.27888132882996963,-0.9205768171137052
2025-09-16,35.26044266384434,33.65426842528635,30.899336947766432,29.838937994504263,3.8090516172866082,278.13837342178726,control_2,1.060398953262169,1.6061742385579905
2025-09-20,24.470329176885535,24.156423945935053,17.33255230201763,17.833350998295366,2.6458045161033312,91.62746254816915,control_2,-0.5007986962777373,0.31390523095048195
2025-09-21,42.70539786802684,29.451279279737598,15.005362940537665,25.6428673348164,2.4990100019154533,79.56124349515733,control_2,-10.637504394278736,13.254118588289245
2025-09-23,37.671483401674784,27.869792712504903,22.242911750050304,30.723048806358094,2.9596138165570816,272.5245502193246,control_2,-8.48013705630779,9.801690689169881
2025-09-25,33.876747994503724,41.29535275651766,24.221046106710695,27.807250476049173,3.7640785310672222,87.28131815134759,control_2,-3.5862043693384784,-7.418604762013935
2025-10-03,29.0755492498528,37.86715009427925,29.60207315496744,34.34510726101035,2.154913243811474,97.61475414414235,control_2,-4.743034106042909,-8.791600844426455
2025-10-05,13.887853865300308,5.451200206929038,12.093817340768302,12.783707366188903,2.4085130649913076,272.2418487630749,control_2,-0.6898900254206008,8.43665365837127
2025-10-06,24.684641721998844,17.9101582363847,16.842083770708644,15.81347184781993,2.869476801221806,274.3134279107613,control_2,1.0286119228887145,6.7744834856141445
2025-10-14,29.155020921383926,21.676695407520775,27.244165305493418,19.606244230862718,3.0309273325629835,276.41665663988346,control_2,7.6379210746307,7.478325513863151
2025-10-17,25.313829512908484,18.878877363177498,30.26701873845675,26.96719782372136,3.5760157653842266,88.2463005922342,control_2,3.2998209147353883,6.434952149730986
2025-11-07,17.94254729079722,8.897055563026058,22.084758773778844,22.262563140730194,2.5254547628053645,87.17453805580794,control_2,-0.17780436695134938,9.04549172777116
2025-11-08,39.16220663194212,33.7173094761754,10.931220386796063,35.299064000407164,2.4194823601429145,269.6984574608209,control_2,-24.3678436136111,5.444897155766718
2025-11-19,15.170967022777537,11.162769657820222,17.18120805045859,20.805494977643736,2.5645379787127154,270.92834665896896,control_2,-3.624286927185146,4.008197364957315
2025-12-29,18.19513270481304,-19.723172811859296,-27.410231975662487,7.1699695493939375,2.1309957392484624,275.5383219930681,control_2,-34.580201525056424,37.91830551667233
2025-12-30,18.709773264716123,12.326426471889778,4.2961349644934925,23.915657240677724,2.264094428944408,275.4497407669695,control_2,-19.61952227618423,6.3833467928263445
2026-01-16,17.21590302804076,33.05152819683748,13.27845186109502,26.128365404088886,2.1972561260124026,279.0469488043065,control_2,-12.849913542993866,-15.83562516879672
2026-02-16,25.60631589201384,22.838768877463078,7.745880665125297,25.60631584104144,2.1203242119844146,78.82094558229898,control_2,-17.860435175916145,2.767547014550761
2026-02-25,18.03528506815743,16.548293376964104,20.167801795683324,12.254835839422784,3.184199744170931,88.35774965903136,control_2,7.912965956260541,1.486991691193328
2026-02-26,46.3768901384218,23.274658488805247,23.9572889163222,31.287649333068625,2.6765525879610452,86.32066929423752,control_2,-7.3303604167464265,23.102231649616552
2026-02-27,10.83378087143994,32.5186788632093,13.026975412484166,15.956076083682344,2.3802718311300715,88.85781758136955,control_2,-2.929100671198178,-21.68489799176936
2026-03-07,13.284256223209653,21.520078349234055,17.734100749516397,5.967522197748812,2.963275192569247,81.6316113169571,control_2,11.766578551767585,-8.235822126024402
2026-03-08,10.562486699663179,10.562486733322409,15.063182139186617,6.8983244078186745,3.5211932287300205,80.73358428215033,control_2,8.164857731367942,-3.365923006981575e-08
2026-03-09,-2.7769162579495412,15.069656611234016,26.408678206035106,15.292692273442919,3.024123213347553,87.35628399840283,control_2,11.115985932592187,-17.846572869183557
2026-03-10,41.68823365146782,25.704982980854368,33.110017041105536,17.593527410560718,2.5509671319156255,79.24864729000058,control_2,15.516489630544818,15.983250670613451
2026-03-14,-2.9214240045620308,12.389960178189458,13.992605938252714,8.595490988870473,3.5607283652181674,97.90396738860909,control_2,5.397114949382241,-15.311384182751489
2026-03-18,23.35954582734609,19.26975658890483,13.644316487981966,3.959243661860207,2.3251704451774278,83.72155446151498,control_2,9.68507282612176,4.089789238441259
2026-03-19,46.41763026405299,19.925989073768182,46.38422157238022,8.314331204381972,2.1141854750105566,84.64701838183441,control_2,38.06989036799825,26.491641190284806
2026-03-21,5.913915450226086,3.264548716393578,8.277089730785098,10.811495713986362,2.534207350151773,89.73229045430759,control_2,-2.534405983201264,2.649366733832508
2026-03-27,31.69854558504324,40.695970261281865,34.79075245730832,37.47975462629914,2.293551457644199,268.6028236199021,control_2,-2.689002168990818,-8.997424676238623
2026-03-28,31.73148550900103,33.06670036323186,30.23381533279932,34.59680938025976,2.995728584252995,90.04786126102522,control_2,-4.362994047460436,-1.3352148542308306
2026-03-30,13.892693052377158,9.531860267623893,15.050039864822708,7.5377055087711815,2.53283528379781,273.43600432929935,control_2,7.512334356051526,4.360832784753265
2026-04-05,31.080410180741953,26.272259684754726,25.36436217386246,15.555254010361633,2.326716326184151,270.4489556756941,control_2,9.809108163500827,4.808150495987228
2026-04-07,25.480008174353415,38.99353099081476,18.720358234900353,38.89011512448301,3.562112785255993,85.63662718628757,control_2,-20.169756889582658,-13.513522816461347
2026-04-09,35.207358774535905,27.927048683499965,26.774190989512633,30.40794018404152,2.4326857614260424,268.16234292455596,control_2,-3.633749194528889,7.28031009103594
2026-04-12,21.56157791649966,46.801012133876014,61.25377697899962,18.62241850835523,2.21275925740875,75.65337408923529,control_2,42.631358470644386,-25.239434217376353
2026-04-13,27.583002316051125,31.90964821515754,27.275319545639103,18.219137657837873,3.815694434564725,92.00993745882562,control_2,9.05618188780123,-4.326645899106413
2026-04-15,8.410166208050429,7.25674681471838,14.076059015625733,11.807066769776519,3.923473768501785,87.02612441812676,control_2,2.2689922458492138,1.1534193933320491
2026-04-16,24.04203163390685,25.91970506927317,23.796672221513415,24.21998697875644,3.393767535123928,102.10876061230078,control_2,-0.4233147572430269,-1.8776734353663223
2026-04-19,15.00327734454139,32.56871619060651,18.998608209325063,18.559443784203243,2.774265252977539,278.1865571316924,control_2,0.4391644251218203,-17.56543884606512
2026-04-23,12.9484134606254,24.796087081949803,22.347582363144042,17.584589611235273,2.979905632528884,88.37959348418178,control_2,4.762992751908769,-11.847673621324404
2026-04-30,25.21774555804116,25.386045761235923,21.977297528300074,23.994998018580652,2.7708051325835426,276.17767844327824,control_2,-2.0177004902805784,-0.16830020319476446
2026-05-03,21.63279923361148,22.976381396440832,19.774391938984134,20.843697677841455,2.3127016308157713,275.1997166668698,control_2,-1.0693057388573202,-1.3435821628293532
2026-05-04,15.07518417695218,25.94771808944631,10.783929941369605,19.370980801823354,3.0047997342096577,90.04297055364589,control_2,-8.587050860453749,-10.872533912494132
2026-05-05,10.208846048945732,12.442183646096193,19.51567472670728,17.983080903277752,2.3230531770405567,90.06981159681726,control_2,1.5325938234295293,-2.233337597150461
2026-05-06,14.675345102590576,17.969963484734304,18.37175283363331,15.940177005187044,4.2326926448901006,85.3801441049684,control_2,2.431575828446265,-3.294618382143728
2026-05-07,17.34433682151428,22.69641836990323,14.01266768073751,16.084103766894064,3.0765823794731344,87.94318134806616,control_2,-2.071436086156554,-5.352081548388952
2026-05-08,19.515234729017777,27.777087111369557,20.455645484750576,24.365147192380668,3.7866594472039723,88.3814308523718,control_2,-3.909501707630092,-8.26185238235178
2026-05-10,8.264914052379964,14.287800277376334,23.917689798982945,7.057800601233584,3.4639906446510125,91.26228661925575,control_2,16.85988919774936,-6.02288622499637
2026-05-11,18.920128696661397,12.947607457617785,13.966116556085865,15.830746474471475,2.3738858877185276,267.52620435480765,control_2,-1.86462991838561,5.972521239043612
2026-05-12,33.630634541828286,13.238310108648701,8.404137089416809,16.671329464381415,2.3180137524179387,279.1980564967244,control_2,-8.267192374964607,20.392324433179585
2026-05-17,14.017542683011161,20.708193954805356,21.14243990908585,16.177418034102445,2.2205806180550094,95.21533904185651,control_2,4.965021874983407,-6.690651271794195
2026-05-19,21.50732568777619,23.564994225153413,24.56697118266281,23.169416422049068,3.0852269316753054,94.66192158170094,control_2,1.397554760613744,-2.0576685373772214
2026-05-21,17.011810972621962,14.584427847832094,15.181548955557906,14.536590088832291,2.2895297085149617,279.5951255411156,control_2,0.6449588667256148,2.427383124789868
2026-05-23,16.809910164400687,13.242986495395316,11.323336386508597,19.326659892710595,3.6137559581008682,90.48857698126267,control_2,-8.003323506201998,3.566923669005371
2026-05-24,3.4390381648293835,10.294090859573684,7.24585416637243,13.506347756025434,2.5732541944608034,95.2363426548219,control_2,-6.260493589653004,-6.8550526947443
2026-05-26,18.952742095512182,20.365536251262153,16.761974760553,20.726220110155104,2.0049214237441766,113.33726798409549,control_2,-3.9642453496021055,-1.412794155749971
2026-05-28,16.163141034732273,32.4448477349042,23.81620162653244,19.351813744716498,2.1377064127484324,87.03355670279973,control_2,4.4643878818159415,-16.281706700171927
2026-05-30,5.644213355211097,11.900697788001997,14.217897251050216,13.684964632381051,3.5662511684320313,98.34543423026645,control_2,0.5329326186691645,-6.2564844327909
2026-06-02,18.403214164371484,17.756193724336306,14.657129627270624,15.355139580604305,2.2946045132224784,276.4967754260958,control_2,-0.6980099533336812,0.6470204400351776
2026-06-03,26.147000047824896,29.117576285098334,24.734764255607928,57.343161032339715,3.037609939974997,95.19523668657945,control_2,-32.60839677673179,-2.9705762372734377
2026-06-04,6.3223135782141595,13.019413613180987,6.856399912025433,6.031340114785659,3.027288534580298,89.4281503640421,control_2,0.8250597972397733,-6.6971000349668275
2026-06-06,9.583365983942937,4.790045362809469,15.697592485537983,5.092449871924437,2.9505253636999016,83.81063316520624,control_2,10.605142613613546,4.793320621133468
2026-06-07,7.50485856874998,9.454173914371038,5.4434186804370945,-0.897732067368736,2.5523409224794436,95.84191245916702,control_2,6.34115074780583,-1.9493153456210583
2026-06-10,47.07330072604811,38.797987731951,32.658546885184776,24.479113324473786,3.4665449686063434,95.14121694303776,control_2,8.17943356071099,8.275312994097114
2026-06-12,9.97998273017813,9.515748257705171,6.249366408560112,7.6458034344903005,2.6106690709705784,93.36968632257361,control_2,-1.3964370259301884,0.4642344724729579
2026-06-13,17.15124846091077,17.112227576799082,20.847299452615534,24.65065136059918,2.9931752036763983,274.2057232679609,control_2,-3.8033519079836466,0.03902088411168947
2026-06-14,19.740017290944365,19.500755758691895,10.274709573607792,22.28722470379363,2.9237608955430288,273.68003234591816,control_2,-12.012515130185838,0.2392615322524705
2026-06-16,26.8240348729491,31.37899652022623,18.71690697019778,27.008070651027534,4.123067143353924,92.64939084363948,control_2,-8.291163680829754,-4.554961647277132
2026-06-17,17.560169715515215,20.46045524189796,12.802475434831145,22.740971460580337,3.517070861899172,88.80947732457992,control_2,-9.938496025749192,-2.9002855263827456
2026-06-20,23.504731879202264,16.2949075720956,10.627281968663311,18.58317145992502,3.9671867735692983,86.63391259771026,control_2,-7.955889491261708,7.209824307106665
2026-06-22,27.469048286931205,18.094744797723106,17.413618617372567,17.353689429899156,2.329043929404226,268.8410805627245,control_2,0.05992918747341136,9.3743034892081
2026-06-24,26.058815698028308,19.320157267826815,18.89493531397825,31.44657780162318,2.0990139386539246,111.8189666454362,control_2,-12.55164248764493,6.738658430201493
2026-07-01,22.309624940589543,29.989350932123546,22.57648320042578,12.574746660689422,3.7895202959047336,90.23006474201287,control_2,10.001736539736358,-7.679725991534003
2026-07-02,-1.8834575545107728,-15.131573488754444,-4.389968011197371,-11.908801042526537,2.723016079624851,88.79321937665657,control_2,7.518833031329167,13.248115934243671
2026-07-03,2.4608737215195937,11.375913798321669,13.760229875070761,10.271821245011115,2.475975392264448,99.13460783640949,control_2,3.488408630059647,-8.915040076802075
2026-07-04,10.865374084251261,13.791793569010682,14.769341100349015,8.964752176048567,3.3602486824161586,88.4339211449468,control_2,5.8045889243004485,-2.926419484759421
2026-07-07,33.26690908195669,37.732127421611835,26.357736914342098,36.065446498875346,2.587578644143501,100.11368964625387,control_2,-9.707709584533248,-4.465218339655145
2026-07-08,15.979966581237763,18.26265280033181,10.853827375450237,17.294890869538836,3.6747762495375644,90.85216380162876,control_2,-6.441063494088599,-2.282686219094048
2026-07-09,10.730314247241298,21.548004896119206,11.665869441742275,13.26117252290463,3.00590063055443,86.9546097805545,control_2,-1.5953030811623545,-10.817690648877909
2026-07-10,19.55412320207622,11.424435792970058,25.163502302149908,14.7482501541473,2.998489028752594,94.0178955517992,control_2,10.415252148002608,8.129687409106161
2026-07-11,11.629361929856493,20.927978661688346,13.446506669588889,24.02548368553748,2.7845853780106053,88.66428867841802,control_2,-10.578977015948592,-9.298616731831853
2026-07-16,17.628173747946885,33.32291920302312,31.828746177340335,21.045284963167457,3.4191516603878944,80.60211930390597,control_2,10.783461214172878,-15.694745455076234
2026-07-17,21.229017316932566,27.01296386550991,26.317950119008813,32.34649766186979,2.7950864521261742,94.78634425424724,control_2,-6.028547542860977,-5.783946548577344
2026-07-18,25.932001738272383,24.57765039711071,25.83730856804774,31.266407999858732,3.1615881520473557,93.06731882492693,control_2,-5.429099431810993,1.3543513411616743
2026-07-23,28.18507583284599,31.811622067509575,28.938158036048375,30.435003945778256,3.348800737614355,89.40070781941677,control_2,-1.4968459097298812,-3.6265462346635857
2026-07-25,14.766825188435096,20.302348098348997,18.08335551260016,13.794543578065175,3.5293347186420463,88.14677914254116,control_2,4.288811934534985,-5.535522909913901
2026-07-26,19.280674839644238,19.325286832788187,18.446483160753747,13.381855873844538,2.5633371619173664,95.95444977777805,control_2,5.064627286909209,-0.044611993143949036
2026-07-27,16.1669161644571,15.498453100407772,17.310165352854376,19.30238424705375,2.1293353095816365,103.42308989657636,control_2,-1.9922188941993753,0.6684630640493268
2026-07-28,19.38595934133553,24.603065211840136,25.37823189407515,26.50734509233592,3.384065560508169,94.84246046350768,control_2,-1.1291131982607716,-5.217105870504607
2026-07-29,12.615211549338845,3.3326431928024887,8.676020629156513,8.862411251324145,2.0121923928976853,103.59354732209027,control_2,-0.18639062216763236,9.282568356536355
2026-07-30,5.228935271961343,11.53790872433244,8.813081113487511,11.799933860182392,2.5789781423293885,95.34683339543358,control_2,-2.986852746694881,-6.308973452371096
2026-08-02,15.63654109754522,14.731441421771454,17.093310182560895,5.175139861000504,3.117625572357412,100.76056778627378,control_2,11.91817032156039,0.9050996757737657
2026-08-03,23.32260195334374,14.398954733174389,14.26134688148105,14.651205944537992,2.58633385461459,272.3740035428333,control_2,-0.3898590630569423,8.92364722016935
2026-08-04,31.537519187631567,27.446016164360568,22.549885211771656,17.6101485801184,2.7468682499419903,274.8394206594552,control_2,4.939736631653258,4.091503023270999
2026-08-07,17.557998286738382,20.442126823246788,24.063371851929485,26.858105225451414,2.952326237286798,94.14525083075478,control_2,-2.794733373521929,-2.884128536508406
2026-08-08,19.33811872545921,20.217374854295496,19.18714257069836,16.606220190400272,3.197068824965248,92.38897222963067,control_2,2.5809223802980874,-0.8792561288362855
2026-08-09,7.512646528961617,6.34858768169398,12.134241283695822,11.32432592266743,2.958005571456971,88.74027360931387,control_2,0.8099153610283913,1.1640588472676372
2026-08-10,4.56938514264445,12.791263741106564,6.538647541520718,9.236921399508251,3.278449725541937,86.63254447518369,control_2,-2.698273857987533,-8.221878598462114
2026-08-11,14.453305079291347,16.000700013259884,16.908156178044894,17.321084606779024,3.194745163139934,89.76116520620872,control_2,-0.41292842873412994,-1.547394933968537
2026-08-16,25.13771421852313,20.38302334087098,14.309020213912097,22.242511331656658,2.311591380911288,100.32568453195051,control_2,-7.933491117744561,4.754690877652148
2026-08-18,25.302749963431943,24.99896983916352,27.477454363962277,23.410094006579406,3.0708237549683215,90.01352326080973,control_2,4.067360357382871,0.30378012426842105
2026-08-22,16.383753693510837,20.601703685596082,15.997031602193765,18.377072138166838,3.4207970749396277,92.74514008666586,control_2,-2.380040535973073,-4.217949992085245
2026-08-23,15.955677258647004,19.7998144420997,15.71498602990125,19.47260039137967,2.760282295038213,87.87108456023572,control_2,-3.7576143614784225,-3.8441371834526947
2026-08-24,39.75550098250727,23.55225478494767,26.309191859999544,25.647312540950765,3.0598017262489594,273.60895953208876,control_2,0.6618793190487793,16.2032461975596
2026-08-26,18.240865254367122,11.548275333861014,27.93944257554677,23.811618927438587,3.0186814452035473,96.0360804581154,control_2,4.127823648108183,6.692589920506109
2026-08-27,15.977936711124773,17.06123416360101,18.366884154369885,12.9165768564115,3.1482661989212266,92.82518477685028,control_2,5.450307297958384,-1.0832974524762378
2026-08-28,14.465714471223071,15.085964878745814,7.497048459833309,20.11873787889162,2.7022686046097006,95.1588549800465,control_2,-12.62168941905831,-0.6202504075227431
2026-08-30,4.765609892069977,16.231884962792343,18.53966495025418,13.55251907104726,2.003382083961555,93.30332872871338,control_2,4.9871458792069205,-11.466275070722364
2026-08-31,21.959345814838073,13.928677674764264,13.247409645806208,12.550970480612479,2.670655484008226,272.61369487785146,control_2,0.6964391651937287,8.030668140073809
2026-09-01,10.557386969675692,8.662823610039512,12.443749501950732,8.163903946994267,3.1065667092798237,90.62094030004386,control_2,4.279845554956465,1.8945633596361802
