d,cross1,cross2,down,up,speed,phi,site,dw_minus_uw,cross_diff
2021-07-08,20.848234370426695,26.005757333800414,23.39662069274356,15.990361764977733,3.0448247452544,49.45373637400854,epoch_google_storey_county,7.406258927765828,-5.157522963373719
2021-07-11,18.64859072627855,30.139479409093305,27.907591436582795,18.032754365066904,2.588159826612088,41.62841980202046,epoch_google_storey_county,9.874837071515891,-11.490888682814756
2021-07-12,18.817741842497462,33.54346817029123,25.406381292607474,17.421389434050596,2.77013147057605,59.64892668590494,epoch_google_storey_county,7.984991858556878,-14.725726327793765
2021-07-15,25.509403451530762,29.813728922306733,30.91957360909274,27.159807165409347,3.1149885725733286,64.04785817631404,epoch_google_storey_county,3.759766443683393,-4.3043254707759715
2021-07-20,18.0132062543542,29.984602593403206,28.703227719399326,20.263732005622675,2.2577599895148577,17.218115724702102,epoch_google_storey_county,8.439495713776651,-11.971396339049008
2021-07-21,31.46903682561956,28.421418955812058,33.05500523406171,22.464652902944604,2.4636636623536687,36.6525432547067,epoch_google_storey_county,10.590352331117106,3.047617869807503
2021-07-26,27.314713572725108,26.098680599312267,33.91482851269509,27.408111256771367,2.0790832515729285,158.0081390024701,epoch_google_storey_county,6.506717255923721,1.2160329734128403
2021-07-28,23.108652744808737,18.449829855276473,25.526413290314053,14.015259596248415,2.3853650301097504,299.94049684247653,epoch_google_storey_county,11.511153694065639,4.658822889532264
2021-07-29,32.63664613447743,23.456120603037196,19.981896773935897,22.86372696449437,2.224355493483939,256.535272730306,epoch_google_storey_county,-2.881830190558471,9.180525531440235
2021-08-02,25.566566256550164,10.04362488666057,34.23339522437349,19.357014359339047,2.233579108733765,313.48901565232296,epoch_google_storey_county,14.876380865034442,15.522941369889594
2021-08-04,24.536447275753883,17.968795551146364,32.19017136412788,28.354841158859895,2.3164997427353047,338.2261680966252,epoch_google_storey_county,3.835330205267983,6.567651724607519
2021-08-05,20.74277236231439,18.247040786261007,17.40409136858364,12.698945387723752,5.654881602083585,49.289613917085546,epoch_google_storey_county,4.7051459808598874,2.495731576053384
2021-08-07,24.626274983115334,16.427957524518973,25.163990365609088,17.723272444315004,2.2663943864742846,311.5504538212182,epoch_google_storey_county,7.440717921294084,8.19831745859636
2021-08-08,21.381973452990476,26.828403009919466,19.814574667216505,20.49436600296445,2.6190011267036626,79.76103390243156,epoch_google_storey_county,-0.6797913357479466,-5.44642955692899
2021-08-10,28.837262717809345,23.174177488504228,27.030356017775834,19.824243655629633,3.1313115107085068,256.36721241697217,epoch_google_storey_county,7.2061123621462,5.663085229305118
2021-08-17,29.440235932603446,25.36623215723313,27.257281032600606,31.319080008409237,5.143364457996686,74.13915750851623,epoch_google_storey_county,-4.061798975808632,4.074003775370315
2021-08-18,13.201443192777953,9.298057581407935,10.75745375303953,12.570295575130496,3.272798206908704,187.0018084461092,epoch_google_storey_county,-1.8128418220909666,3.903385611370018
2021-08-19,9.761670423483098,7.703526096058471,14.54632567266816,12.904148274812313,3.1350305075443106,166.74137834022213,epoch_google_storey_county,1.642177397855848,2.0581443274246274
2021-08-20,29.32850708300684,24.673985016630926,28.188355556597227,21.66278071598645,2.1854690620128165,291.1848930882683,epoch_google_storey_county,6.525574840610776,4.654522066375915
2021-08-25,16.34460670759741,22.691131781453656,27.410034925996403,17.326656329225308,2.08601546882016,51.60942366842772,epoch_google_storey_county,10.083378596771094,-6.346525073856245
2021-08-28,15.726264301038356,18.08047803147971,15.856482504166397,13.77083207870415,2.8864634705798617,278.15158375412545,epoch_google_storey_county,2.085650425462248,-2.354213730441355
2021-08-30,28.371446287033038,32.52603290051768,27.246592912340255,18.440381168582437,3.0402354988268745,48.633152059215206,epoch_google_storey_county,8.806211743757817,-4.154586613484639
2021-08-31,31.33363546571608,30.53088890243222,32.93641696157814,23.9428707936999,2.8519003342985045,57.10917240925437,epoch_google_storey_county,8.99354616787824,0.8027465632838577
2021-09-03,28.779043866919714,22.0250027073536,25.630564508412917,15.872347601802126,2.5870058474007527,272.43443922652125,epoch_google_storey_county,9.75821690661079,6.754041159566114
2021-09-04,19.669988003117403,15.724511914750442,22.75339082438608,17.239155112384577,2.096867643086167,303.68451690918295,epoch_google_storey_county,5.514235712001504,3.945476088366961
2021-09-14,40.366208459815816,29.198069053125653,32.47572287146512,19.544431502519426,2.264770838887687,275.053850655211,epoch_google_storey_county,12.931291368945697,11.168139406690162
2021-09-17,14.497421313306221,18.18990536983392,18.018561274268073,19.431546582724565,2.5227905990325623,332.4054367863403,epoch_google_storey_county,-1.4129853084564914,-3.6924840565276984
2021-09-18,11.578222264714123,10.154340699316313,11.193818289811697,4.97807409874368,6.095942749959854,50.05690810428791,epoch_google_storey_county,6.2157441910680165,1.42388156539781
2021-09-19,11.433413001444015,6.665175315136869,10.85742042145323,5.4455482688099295,3.958479047441194,110.39834986464666,epoch_google_storey_county,5.411872152643301,4.768237686307145
2021-09-20,13.79445694733749,9.984172107406593,9.813786358390795,9.870535187439685,3.437296560050774,287.1749293935056,epoch_google_storey_county,-0.05674882904889067,3.8102848399308975
2021-09-21,19.900567463022913,19.75673022086405,21.05304327489972,19.55055186799186,2.239607212108884,304.45988125688746,epoch_google_storey_county,1.5024914069078612,0.14383724215886318
2021-09-22,19.709961032358386,21.31948057058777,28.397329317862404,14.260914203337537,2.5629334097440166,58.644778609319246,epoch_google_storey_county,14.136415114524867,-1.6095195382293852
2021-09-23,18.879265500565875,18.148089176094505,18.728010408622236,22.43212971752583,3.0420752916285423,252.26762378144798,epoch_google_storey_county,-3.704119308903593,0.7311763244713703
2021-09-24,13.013510084991458,7.28310431956247,11.439340627240492,5.978805468172653,2.569656765728204,302.5119195514188,epoch_google_storey_county,5.460535159067839,5.730405765428988
2021-09-26,17.68928138829477,22.949845561540325,17.08403573570225,11.929452439489499,2.645246778648981,50.36122033859101,epoch_google_storey_county,5.154583296212753,-5.260564173245555
2021-09-27,20.769478356098727,23.519814701342582,11.893786188665981,19.223694019316486,4.206824039463501,54.97376742382056,epoch_google_storey_county,-7.329907830650505,-2.7503363452438556
2021-09-28,12.416044519765256,13.271470351021753,14.690350153246928,13.099043038469778,2.8971887653786386,194.91816028466127,epoch_google_storey_county,1.59130711477715,-0.8554258312564968
2021-09-29,21.86223834423095,11.739591820202458,13.557205768276445,12.353652409621576,2.730216440176581,282.73043902531026,epoch_google_storey_county,1.2035533586548688,10.122646524028491
2021-09-30,23.10889574014264,13.785213993445263,28.397600813732215,23.17912656765985,2.9001375703887367,283.46113856092984,epoch_google_storey_county,5.218474246072365,9.323681746697376
2021-10-01,39.22143907823315,18.349745972593997,20.144438700225,10.970645887583183,2.135996733739423,281.7858611666254,epoch_google_storey_county,9.173792812641816,20.871693105639157
2021-10-02,35.586321526902395,22.274433719410236,24.341874106727737,19.387946830886186,2.116409806108251,296.2763033326069,epoch_google_storey_county,4.953927275841551,13.311887807492159
2021-10-03,17.012999402052255,18.461194235939594,18.487467092068634,12.14439923998297,2.2994563797139027,302.7694641519708,epoch_google_storey_county,6.343067852085664,-1.4481948338873387
2021-10-05,11.470483104485208,22.39641961847344,27.253946280397802,9.687368163180329,2.3517866510244416,47.28988511992543,epoch_google_storey_county,17.566578117217475,-10.925936513988233
2021-10-12,23.170206287186517,8.359089847869484,11.832372354726317,18.5600245650263,2.2443518762373804,168.33883919675702,epoch_google_storey_county,-6.727652210299983,14.811116439317033
2021-10-17,10.15072386856196,-1.7143464156508017,5.117694508348755,9.152112974593988,4.633662303983591,26.313432801089675,epoch_google_storey_county,-4.034418466245233,11.865070284212761
2021-10-18,18.8806981492769,15.073101259487144,21.02891844829865,6.700359976490776,4.589505402827954,118.68695317713593,epoch_google_storey_county,14.328558471807874,3.807596889789755
2021-10-19,18.59606591171915,4.663103803046831,26.14126002476173,0.6281386447738159,2.3540456887228145,313.83077493943284,epoch_google_storey_county,25.513121379987915,13.93296210867232
2021-10-22,33.92258082193211,19.93298246500758,28.7294171749908,18.749012260733394,2.4783118534042647,81.72830104293956,epoch_google_storey_county,9.980404914257406,13.989598356924528
2021-10-23,33.23218567113131,32.03390504924887,22.357849530846096,31.32651798462621,2.8254894655483147,73.80298514820868,epoch_google_storey_county,-8.968668453780115,1.1982806218824393
2021-10-30,34.2379075664253,28.64313379362372,39.89046191322794,33.79256437658537,2.5200987135350563,19.452677790441612,epoch_google_storey_county,6.09789753664257,5.594773772801581
2021-11-04,22.08470003282897,25.10090172909176,22.295124158951324,22.651731657669938,5.053940650590093,69.61196093322087,epoch_google_storey_county,-0.3566074987186134,-3.01620169626279
2021-11-17,36.9503010926483,32.41032656036541,35.779228354308934,26.264943257556535,2.071902276516259,293.3490188907966,epoch_google_storey_county,9.514285096752399,4.539974532282891
2021-11-20,16.015886999811958,20.321748780372534,20.670272586724604,23.681818193823055,2.09104654402727,240.6762158148705,epoch_google_storey_county,-3.0115456070984514,-4.305861780560576
2021-11-21,25.266092697483902,12.975891344034538,24.662945299139952,19.909262023379135,2.065008511846671,295.00656686010143,epoch_google_storey_county,4.753683275760817,12.290201353449364
2021-11-23,24.30933650849026,21.01618271753519,22.209915650845165,24.486893255940608,2.890945976791602,103.18180064193336,epoch_google_storey_county,-2.2769776050954427,3.2931537909550705
2021-12-24,11.316334288888193,17.183922577210204,11.0703399917163,10.833170328702193,3.076830080190304,46.63752385175661,epoch_google_storey_county,0.23716966301410736,-5.867588288322011
2022-01-05,20.46576625890739,12.232779921330176,7.768423507970271,36.713836180727796,2.0311110438102276,79.46477246557833,epoch_google_storey_county,-28.945412672757527,8.232986337577215
2022-01-07,30.22160252063379,20.45126765501052,37.441775894287545,32.861985378210804,2.8866832049190916,77.29620570947765,epoch_google_storey_county,4.579790516076741,9.770334865623273
2022-01-25,33.281017783965495,28.675965089206105,26.91437118143782,22.26489621391178,2.2164634108494434,280.43113091008377,epoch_google_storey_county,4.649474967526039,4.60505269475939
2022-02-01,9.16904552299429,13.07235639862316,8.691243487906824,7.516180822084208,2.201808972068573,241.8141972659871,epoch_google_storey_county,1.1750626658226162,-3.90331087562887
2022-02-14,29.480270107606547,37.63030566456525,32.35298534041339,27.427652645755067,2.7828473786177685,42.14969216723807,epoch_google_storey_county,4.925332694658323,-8.150035556958702
2022-02-21,4.258522744647267,5.928534464327141,2.401541290715193,-1.7165102970330306,2.769781826185397,141.8811906785022,epoch_google_storey_county,4.118051587748224,-1.6700117196798745
2022-03-06,23.99065176389469,21.49836266374939,25.63353010557134,20.263595387188698,2.5777980127921327,156.34498818297448,epoch_google_storey_county,5.369934718382641,2.4922891001452996
2022-03-08,30.230736253728615,28.771513871673104,26.047250235643155,44.2535617970468,2.8551761416728905,122.30699573007905,epoch_google_storey_county,-18.206311561403645,1.4592223820555112
2022-03-09,25.81358158533318,18.94119547522712,19.638697801952187,23.637011144433874,3.3935245493710076,122.62521469156957,epoch_google_storey_county,-3.998313342481687,6.87238611010606
2022-03-10,27.655857312793326,20.018453079967298,24.82108110341278,22.62802450749872,2.1581293711639082,272.79429124590183,epoch_google_storey_county,2.1930565959140615,7.637404232826029
2022-03-12,23.487064512904926,28.64188724842796,26.456251056368934,19.94657935199318,2.924054461865859,45.781914618436474,epoch_google_storey_county,6.509671704375755,-5.154822735523034
2022-03-13,21.12983856178653,19.015068849957995,14.842391450473361,11.51630338562271,5.917506537061119,88.8346785553839,epoch_google_storey_county,3.3260880648506514,2.1147697118285365
2022-03-16,16.789744240931952,11.743119221629756,19.791942966880878,20.503803934182912,2.415905429725786,136.0942062068225,epoch_google_storey_county,-0.7118609673020337,5.046625019302196
2022-03-20,28.17897530217183,23.355414420022164,27.678369850921438,26.010545676965126,2.0790435652238477,165.47777164521096,epoch_google_storey_county,1.667824173956312,4.823560882149664
2022-03-22,39.62177561053415,36.170074613803564,27.87146292278862,27.798845278842634,2.483120872516446,256.77042329559305,epoch_google_storey_county,0.07261764394598558,3.4517009967305867
2022-03-25,29.320309390106676,39.26038788522061,36.818387496556376,32.252413264148494,2.7288614576906003,52.99951661077313,epoch_google_storey_county,4.565974232407882,-9.940078495113934
2022-03-26,23.236274090918883,24.126489955762505,21.613502736552444,24.886483372965596,2.233096693465714,19.161636714454517,epoch_google_storey_county,-3.272980636413152,-0.890215864843622
2022-03-27,23.886200010764156,21.6353274482979,24.204152510164825,21.831996235230985,3.0876529123948644,4.072413228323683,epoch_google_storey_county,2.3721562749338396,2.250872562466256
2022-04-01,34.713214002095846,31.181203980911906,33.08687340663355,29.843857166746005,2.568146966847371,305.22417933493796,epoch_google_storey_county,3.2430162398875453,3.5320100211839396
2022-04-02,22.337562943022437,24.599453738416862,22.73122009410039,17.21284210775275,2.586681162192553,182.71420446364908,epoch_google_storey_county,5.518377986347641,-2.261890795394425
2022-04-04,18.94267317603283,22.749913171928913,21.135009460975713,26.570482819158684,6.368887339366956,82.21049704309002,epoch_google_storey_county,-5.435473358182971,-3.807239995896083
2022-04-05,30.271067996675935,19.432490651890248,21.122738616014534,24.668734881622836,2.783383762918008,159.96189751277257,epoch_google_storey_county,-3.545996265608302,10.838577344785687
2022-04-06,27.485603841824137,28.059812278180214,30.443021464869847,19.06548398108875,2.608509775007495,277.2818858270702,epoch_google_storey_county,11.377537483781097,-0.5742084363560771
2022-04-07,26.696110949785712,24.85834411289585,22.071780041995652,23.69821233080735,2.5154903866263907,296.918384819241,epoch_google_storey_county,-1.6264322888116993,1.8377668368898625
2022-04-09,18.158623744139646,20.596440814069062,19.327693161109725,19.013780134260248,2.6879518102316085,170.205841695421,epoch_google_storey_county,0.31391302684947675,-2.437817069929416
2022-04-10,20.793325324923966,22.524484055865724,27.461963834837732,17.898085840110266,2.1566409970144362,292.21378146439537,epoch_google_storey_county,9.563877994727466,-1.7311587309417575
2022-04-13,16.485318122805637,22.36593707052832,29.668942926128363,23.835247945284063,5.093579212214418,82.93325268684396,epoch_google_storey_county,5.8336949808442995,-5.8806189477226845
2022-04-15,21.229551526054507,23.29505840878532,24.44656529244029,18.199360847633674,4.521264290149743,70.81383125467141,epoch_google_storey_county,6.247204444806616,-2.065506882730812
2022-04-16,21.779772635274384,27.367261493413025,16.038850422606984,17.976884583984308,7.574040457628922,63.00852601672278,epoch_google_storey_county,-1.938034161377324,-5.5874888581386415
2022-04-17,31.516262220243934,38.530107766562935,36.07561093921831,33.639041375636765,2.3758039446511146,34.506546028126195,epoch_google_storey_county,2.4365695635815428,-7.013845546319001
2022-04-18,21.787960304925726,32.10216633052982,25.550342908783126,31.015837658322766,5.903885441290118,45.1258619914355,epoch_google_storey_county,-5.465494749539641,-10.314206025604093
2022-04-20,17.790295567100223,20.489968152499223,16.47175454502179,14.315961115401263,4.865071973614347,49.13478055159891,epoch_google_storey_county,2.155793429620525,-2.699672585399
2022-04-22,28.399150536829588,22.08332099076588,18.789700082588396,20.574520135474344,4.244872393171991,128.51217187451175,epoch_google_storey_county,-1.784820052885948,6.315829546063707
2022-04-24,25.25891814469738,27.161400963853136,27.73444776269371,22.1674056008004,3.0065906224188486,307.4332107578295,epoch_google_storey_county,5.567042161893308,-1.9024828191557575
2022-04-25,30.83111839885999,39.78815085600132,37.864959286553336,34.12471481059235,2.7369673427103183,33.535870512591316,epoch_google_storey_county,3.740244475960985,-8.957032457141334
2022-04-26,16.804920340561218,35.063872995872906,33.44455205885138,27.602098707436078,3.903915658994431,65.30396249839873,epoch_google_storey_county,5.842453351415301,-18.25895265531169
2022-04-27,23.769086723636736,41.497319114336044,30.355462538706224,35.20065619081521,3.6399291459976877,76.97496637091012,epoch_google_storey_county,-4.845193652108986,-17.728232390699308
2022-04-28,29.454284595390444,34.89752886388311,36.121043355175836,34.494193089872624,6.225978778047838,79.6906383108319,epoch_google_storey_county,1.6268502653032115,-5.443244268492666
2022-04-30,19.09694914375306,30.676199869397248,19.503100523181224,17.71315266348237,5.160723995072385,73.34502916051986,epoch_google_storey_county,1.7899478596988558,-11.579250725644187
2022-05-02,23.78924505604397,29.63232624812705,24.111268476366973,37.90668921596397,7.078260152410286,77.7445853791512,epoch_google_storey_county,-13.795420739596999,-5.84308119208308
2022-05-04,25.270914623366256,24.25125105782606,29.947927837279074,30.62266845039398,3.0080349246618145,304.2757713151706,epoch_google_storey_county,-0.6747406131149063,1.0196635655401955
2022-05-05,34.49547679926112,45.880139459557824,26.570669004567865,43.06096210246561,6.138554510925077,50.547554436061034,epoch_google_storey_county,-16.490293097897744,-11.384662660296705
2022-05-06,13.557723871085901,28.45138373016595,9.845980686861758,10.076438090686501,6.132579231291485,68.46338603845135,epoch_google_storey_county,-0.23045740382474378,-14.89365985908005
2022-05-07,21.12622730866182,26.67519293726635,22.51966004788867,23.949210942371536,5.988979609678396,82.13428267541269,epoch_google_storey_county,-1.4295508944828654,-5.5489656286045275
2022-05-08,21.71757400907008,23.861566548554322,21.324570934140112,11.693502781779323,7.426423605472169,68.67365210795646,epoch_google_storey_county,9.63106815236079,-2.143992539484241
2022-05-11,22.75957123727125,21.87541722865451,14.431698717546972,19.225691383881294,2.915835633434659,143.78555943567733,epoch_google_storey_county,-4.793992666334322,0.8841540086167399
2022-05-12,23.788289828770665,40.96053827222905,29.194330425819665,28.68659990435514,2.0965396321866625,79.04726668656099,epoch_google_storey_county,0.5077305214645236,-17.172248443458386
2022-05-15,23.709821410467537,34.145427485984065,24.86878085042167,29.980531408886787,2.6303535731265444,40.55216368275353,epoch_google_storey_county,-5.111750558465118,-10.435606075516528
2022-05-16,27.95965722712328,35.573224008988795,32.624323879453016,34.44166764319524,2.732401699850344,69.85327253303387,epoch_google_storey_county,-1.8173437637422225,-7.613566781865515
2022-05-19,27.47018537613201,21.146652969279597,21.471428357388355,26.86901436541759,6.2868950557827326,98.73599138294776,epoch_google_storey_county,-5.397586008029236,6.323532406852415
2022-05-20,29.08446209632729,26.35252700539566,17.967984227233902,18.769569431715702,4.571397477622587,255.09243217153352,epoch_google_storey_county,-0.8015852044817997,2.7319350909316285
2022-05-25,25.020473520250533,24.657216416305978,31.532441140560778,24.414778556255726,2.4012451145695133,323.74287391706775,epoch_google_storey_county,7.117662584305052,0.3632571039445551
2022-05-26,15.229523254823642,14.190929247859238,12.450175501395252,15.933310510737872,4.916038362905755,46.43189033075032,epoch_google_storey_county,-3.48313500934262,1.038594006964404
2022-05-27,24.61043834293696,36.7781458851701,27.194855152704488,28.062593938396947,4.115770302310727,57.025729020982624,epoch_google_storey_county,-0.8677387856924597,-12.167707542233138
2022-05-28,19.74255370269842,21.908789048690526,13.416608662327285,17.179766728009323,5.896396535401253,76.7737687026331,epoch_google_storey_county,-3.7631580656820383,-2.1662353459921064
2022-05-29,13.194469483590282,9.121958683020965,14.022590020050867,11.757784960263692,5.598443430888998,136.66994594339053,epoch_google_storey_county,2.264805059787175,4.072510800569317
2022-05-31,30.434477980066976,15.004379273641774,20.99401787657029,16.135418322683893,3.0120492329357855,268.53346848756763,epoch_google_storey_county,4.858599553886396,15.430098706425202
2022-06-02,13.712249984156749,29.770921006790314,15.834705964699175,16.928634367043337,3.464231423004715,49.98724055013878,epoch_google_storey_county,-1.0939284023441616,-16.058671022633565
2022-06-03,6.841026618279526,6.5884925957133715,7.570889025549479,7.3092709558542035,4.146466575415957,51.45712110743722,epoch_google_storey_county,0.2616180696952757,0.2525340225661541
2022-06-10,19.926212416857503,31.96897850254073,19.129015001161655,25.524597729418954,2.174058102859318,69.05035969084247,epoch_google_storey_county,-6.395582728257299,-12.042766085683226
2022-06-11,11.69717828940918,11.36848404485612,10.382039646236596,5.046984857981248,5.160300907317222,73.36281013937037,epoch_google_storey_county,5.335054788255348,0.32869424455306095
2022-06-12,16.9420964241468,14.385035988620986,11.54826234879251,14.216363854108538,9.110108845492167,53.0016872275844,epoch_google_storey_county,-2.6681015053160273,2.5570604355258144
2022-06-13,17.9027396767205,17.026080539827944,23.049110475074176,17.7569910804111,4.530243136532643,129.87012816544313,epoch_google_storey_county,5.292119394663075,0.876659136892556
2022-06-15,11.546144002888498,17.3802787735494,20.497920480267236,18.360180473098804,2.3889666534653116,320.78682568966195,epoch_google_storey_county,2.137740007168432,-5.834134770660901
2022-06-16,6.80158886856553,11.551897499910742,8.366146210143913,7.038568918359655,5.626168454529331,37.00171719458234,epoch_google_storey_county,1.3275772917842588,-4.750308631345212
2022-06-19,16.47148034302345,12.811750125628272,15.301623218932212,14.926405862607282,3.299196525405678,127.44372323098753,epoch_google_storey_county,0.3752173563249297,3.659730217395179
2022-06-20,15.186896895463441,13.68165478886175,11.729538851530348,12.225787276296408,2.9082314321764406,285.5987331042431,epoch_google_storey_county,-0.4962484247660601,1.5052421066016919
2022-06-21,14.986836850760595,13.818587690973127,18.870498728346874,14.82730025429482,2.985837961392811,269.18334300571524,epoch_google_storey_county,4.043198474052055,1.168249159787468
2022-06-22,16.239940939794952,16.277972891056034,18.89869998132969,18.029293092765062,2.5841598042113905,290.5565203831691,epoch_google_storey_county,0.869406888564626,-0.0380319512610825
2022-06-23,13.481977735887204,14.078349021866899,23.509304451540565,20.62315484420832,2.0064323243627595,164.17128607926657,epoch_google_storey_county,2.8861496073322463,-0.5963712859796946
2022-06-25,20.484966436315865,16.704377660864495,19.530662474042646,20.6174655920792,2.5990387189824964,269.9374543621284,epoch_google_storey_county,-1.0868031180365527,3.7805887754513705
2022-06-26,11.848785317722827,13.283285501974799,17.574495636037945,20.598873640224742,2.3134185883310785,331.790120386823,epoch_google_storey_county,-3.024378004186797,-1.4345001842519718
2022-06-28,20.48544967529413,20.228171056131647,16.36910632636941,16.7859821103273,4.776559712514449,49.41816093183127,epoch_google_storey_county,-0.4168757839578916,0.2572786191624843
2022-06-29,22.083862648628962,27.038256132010243,13.401582332295778,17.722575949928057,4.05021111773256,56.46767873732284,epoch_google_storey_county,-4.320993617632279,-4.954393483381281
2022-06-30,21.638131824372326,26.754747537937252,24.503489330807284,25.160090684450115,2.476195640603006,50.389279811556605,epoch_google_storey_county,-0.6566013536428308,-5.116615713564926
2022-07-02,14.716874063525776,10.881477524289648,17.163697219189757,14.72589020802764,3.7066674071322954,32.82881031306448,epoch_google_storey_county,2.4378070111621177,3.835396539236127
2022-07-04,10.34018795583207,11.244500275308694,7.810116755878083,6.085536582672025,2.12607936952523,49.07259649759078,epoch_google_storey_county,1.724580173206058,-0.9043123194766238
2022-07-05,11.699736047078273,25.43322938973427,21.038365412936045,8.493887220520696,2.3762626783378527,355.3311360267012,epoch_google_storey_county,12.54447819241535,-13.733493342655995
2022-07-06,20.62573551058919,24.792233479591292,27.076611047632376,16.102481902078512,2.0156722022868507,355.77475333146714,epoch_google_storey_county,10.974129145553864,-4.166497969002101
2022-07-09,16.566483878030333,20.491992252865884,15.114556370388922,11.19887290513024,2.421158180637847,54.439622236385105,epoch_google_storey_county,3.915683465258681,-3.9255083748355517
2022-07-11,17.494384419819095,20.707963963357585,21.336363404325823,18.192888813408306,2.87442471308913,253.78475515748391,epoch_google_storey_county,3.143474590917517,-3.21357954353849
2022-07-13,27.390438349929806,26.864705615538888,33.599769031838775,23.733599655948918,2.299821261860344,29.825869252523376,epoch_google_storey_county,9.866169375889857,0.5257327343909175
2022-07-14,19.34954404525393,17.0366621585604,28.29970418194306,21.099528896361555,2.1571986550551387,354.47968839116754,epoch_google_storey_county,7.200175285581505,2.3128818866935283
2022-07-16,20.18818924215856,21.305235066505528,16.334119355095392,18.456385045303573,2.092111235506977,31.71194414345331,epoch_google_storey_county,-2.122265690208181,-1.1170458243469668
2022-07-17,22.59678949846984,23.13405649674741,21.86669630489321,11.926459655771732,3.9620581889414948,30.28713181603615,epoch_google_storey_county,9.940236649121479,-0.5372669982775697
2022-07-18,22.454968361514,20.40281818081936,7.126318458556638,9.329515248196802,4.2002060755751165,50.552761213608505,epoch_google_storey_county,-2.203196789640164,2.052150180694639
2022-07-22,29.37346769198934,34.38289076648382,33.00987560406411,36.272856350047654,2.0430799677565497,82.63203776038091,epoch_google_storey_county,-3.2629807459835405,-5.009423074494478
2022-07-25,26.34449798819264,17.61472703411118,16.67964141091309,17.60700425886094,3.0437186289667983,253.6036885953026,epoch_google_storey_county,-0.9273628479478511,8.72977095408146
2022-07-27,56.6050335034717,24.920242717004204,29.291625990245898,16.547511729246004,2.0817996685187867,198.20520119627946,epoch_google_storey_county,12.744114260999893,31.6847907864675
2022-07-28,23.715501612176382,27.808091136037856,26.302268505577537,21.49952184339462,2.9935066659457368,195.06388072883226,epoch_google_storey_county,4.802746662182916,-4.092589523861474
2022-07-29,18.376682968270696,16.156264640239613,18.536818101029578,20.072219185095765,3.3098907215178883,240.49439774657964,epoch_google_storey_county,-1.5354010840661871,2.2204183280310836
2022-07-30,22.541986790306588,20.334214225559194,18.421395419101945,20.973255076053274,3.608906744217993,278.1978849498214,epoch_google_storey_county,-2.551859656951329,2.207772564747394
2022-08-07,28.391768630420476,26.152823017981692,27.428043260468478,20.4351453947644,2.4834357627590555,318.0710086265701,epoch_google_storey_county,6.992897865704077,2.2389456124387834
2022-08-10,14.968469026074716,13.176017077881177,7.688360128473061,17.511325964190718,2.7510096029249698,350.93889137139166,epoch_google_storey_county,-9.822965835717657,1.7924519481935395
2022-08-15,19.027452917359895,13.410073072645059,18.998172938053564,14.136171535719932,2.067443788684254,295.5819758525289,epoch_google_storey_county,4.862001402333632,5.617379844714836
2022-08-24,20.377436057564022,30.596277743096863,30.438452393567925,25.200035723787334,3.0452717686886657,35.076972504014634,epoch_google_storey_county,5.238416669780591,-10.21884168553284
2022-08-25,22.90624903098549,29.151582771656734,28.981485253734224,20.796562159290055,2.1834086346643025,39.919718419671426,epoch_google_storey_county,8.18492309444417,-6.245333740671246
2022-08-27,17.92262518672811,22.05806338544692,15.533828988074406,14.43122780712623,2.3678577667259693,62.26124918989876,epoch_google_storey_county,1.1026011809481755,-4.135438198718813
2022-08-29,30.00707489856554,24.02610318553333,21.251489033195543,19.63826246398876,3.446534373034612,280.1364985381755,epoch_google_storey_county,1.613226569206784,5.980971713032211
2022-09-01,21.405721524019942,21.31709207848218,30.677550774878224,22.88261594172448,2.38138985281148,291.9726265453762,epoch_google_storey_county,7.794934833153743,0.08862944553776231
2022-09-03,26.750180783593905,22.634658732100707,23.41040311876002,20.27315627218673,4.560276563096687,45.20083484589213,epoch_google_storey_county,3.137246846573291,4.115522051493198
2022-09-04,23.17332732863865,21.547529904675663,27.702814556694857,20.350295233414876,2.1679921252911996,355.1748517298379,epoch_google_storey_county,7.3525193232799815,1.625797423962986
2022-09-05,24.24558359201092,19.38184553378744,20.532116719281998,20.540793942522672,2.062695368859998,275.99094729471926,epoch_google_storey_county,-0.008677223240674437,4.863738058223479
2022-09-06,17.898233495827323,29.792972487285343,36.71968082437494,15.682707331998241,2.057264468650123,2.057057229400584,epoch_google_storey_county,21.0369734923767,-11.89473899145802
2022-09-09,22.80084797894186,22.43768185638134,24.67827797051718,23.346290716551973,2.6627992280023243,266.35915245784724,epoch_google_storey_county,1.331987253965206,0.3631661225605214
2022-09-11,17.708340583184693,17.561346240306335,10.22024700872707,6.409890137988737,3.0393444290358373,305.1371814908166,epoch_google_storey_county,3.8103568707383326,0.146994342878358
2022-09-17,16.69595572523412,9.511297280225033,13.6417776421242,19.025462784115216,3.024839376094224,51.45219770638113,epoch_google_storey_county,-5.383685141991016,7.184658445009088
2022-09-23,29.063655358613907,28.908991199295112,34.20999078387722,23.384253442547852,2.313946101390366,298.3820151412402,epoch_google_storey_county,10.825737341329365,0.15466415931879496
2022-09-25,27.24442944188263,21.077072567979087,25.322710624546275,23.882492261766984,2.2844740034863076,286.8579825727733,epoch_google_storey_county,1.4402183627792908,6.167356873903543
2022-09-26,23.469880732303036,22.77744508528518,29.594383619378707,20.60913196941653,2.603290180262417,302.7506297282119,epoch_google_storey_county,8.985251649962176,0.6924356470178559
2022-09-27,17.713519757074984,22.593542014878587,15.156777726843249,14.400472104145942,2.428838999271859,359.3632327081728,epoch_google_storey_county,0.7563056226973064,-4.880022257803603
2022-09-29,23.429142251346143,28.49133797990977,26.07722198575898,30.23790677191352,2.1997552714260578,97.29417580906443,epoch_google_storey_county,-4.160684786154537,-5.062195728563626
2022-09-30,22.504752925845875,18.694014529738944,18.36669449055194,18.59815730379373,2.2998271680095614,258.129872900485,epoch_google_storey_county,-0.23146281324179085,3.810738396106931
2022-10-01,20.991960558455762,19.33076054076072,22.04326744961754,19.494976082631077,2.2592466465554195,287.2306132627758,epoch_google_storey_county,2.548291366986465,1.661200017695041
2022-10-03,19.332359900305747,10.50954181759286,19.09679126289415,16.54583164255709,2.4495714028229854,285.1727927399147,epoch_google_storey_county,2.5509596203370606,8.822818082712887
2022-10-04,28.187403887127775,13.146309951088565,31.960661312049453,20.888251373401513,2.0167958559837045,293.21609348941774,epoch_google_storey_county,11.07240993864794,15.04109393603921
2022-10-05,29.197778115665525,18.165691834948344,32.86429502564011,20.266818305165316,2.3575908569757074,276.9569706817549,epoch_google_storey_county,12.597476720474795,11.03208628071718
2022-10-12,33.096900494103885,26.355948232862698,32.05345115458393,28.29642408186644,2.306710102037185,266.2973466338427,epoch_google_storey_county,3.7570270727174915,6.740952261241187
2022-10-13,15.871012691186737,19.756926478084758,18.32235157318604,25.905105635054547,2.2729415530372172,254.80679059628955,epoch_google_storey_county,-7.582754061868506,-3.885913786898021
2022-10-14,32.769024646694795,21.689361396030208,22.661680641008665,26.716552104963537,2.014770288042705,265.6837642957654,epoch_google_storey_county,-4.054871463954871,11.079663250664588
2022-10-15,22.563103072259295,21.741665941811455,26.22635781268782,23.39447390841178,2.0774480202962113,272.9435672305251,epoch_google_storey_county,2.83188390427604,0.8214371304478405
2022-10-21,25.479352719337403,43.24031482350502,25.527010169460173,17.289160113811455,3.0933402303371835,56.982820853256044,epoch_google_storey_county,8.237850055648718,-17.760962104167614
2022-10-23,22.21964711144047,13.864823357779402,21.30354586541287,14.612372704198195,3.1809494162830134,184.90011470715135,epoch_google_storey_county,6.691173161214676,8.354823753661067
2022-10-26,5.332948317137312,10.05775639491303,17.13406621017752,10.866579448177,3.0786688568376293,155.01582214215807,epoch_google_storey_county,6.2674867620005195,-4.724808077775718
2022-10-27,12.272859220920534,18.566281639619966,17.47285854907794,16.471096982960333,3.139850597864006,295.94899411379225,epoch_google_storey_county,1.001761566117608,-6.293422418699432
2022-10-30,17.13108519471203,8.657338918354876,21.010543862856025,7.4912547880820926,2.0399700932533498,296.09087628732414,epoch_google_storey_county,13.519289074773933,8.473746276357152
2022-11-01,21.296091133939314,18.54085338931231,17.971461482209534,16.241239818520796,6.305935105782915,33.893576379831416,epoch_google_storey_county,1.730221663688738,2.755237744627003
2022-11-06,13.067965644363243,16.3108972261535,2.4559246271842996,21.0029150803147,4.808294035845246,43.21609242231506,epoch_google_storey_county,-18.5469904531304,-3.2429315817902573
2022-11-18,20.66657352463989,16.8112325766382,20.400072471874104,15.50181261690958,2.520943484130512,233.37033169648583,epoch_google_storey_county,4.8982598549645235,3.8553409480016896
2022-11-28,18.76200643871881,24.505680344560375,14.464499564971868,22.79367118073195,5.228650146119257,82.48249952304366,epoch_google_storey_county,-8.32917161576008,-5.743673905841565
2023-01-08,1.6722657914405579,11.951528139719713,10.14522402308311,6.644062710411941,2.951528257108062,38.46713578969832,epoch_google_storey_county,3.5011613126711687,-10.279262348279154
2023-01-29,1.6229352861804465,0.8184060458983358,2.304744487438496,1.713251541420638,2.482529236318569,192.9877406305888,epoch_google_storey_county,0.5914929460178582,0.8045292402821107
2023-02-21,11.106057375389934,24.615995607242148,6.9500955894564065,7.774265181541904,5.3096864313374725,78.54435435091233,epoch_google_storey_county,-0.8241695920854974,-13.509938231852214
2023-02-28,12.187139769811715,13.464010162624163,11.576737258093099,11.711711067402284,3.1320268929167643,6.612628644027325,epoch_google_storey_county,-0.13497380930918546,-1.276870392812448
2023-03-01,16.296254407476503,11.368846717412694,12.448679254748251,12.970068120003484,3.691641062491358,171.51212565921674,epoch_google_storey_county,-0.5213888652552328,4.927407690063809
2023-03-05,16.04104489770367,12.433780422514237,16.109164754442798,16.86378148330882,3.673028284287944,71.97719701169848,epoch_google_storey_county,-0.7546167288660222,3.6072644751894334
2023-03-08,11.82231048875614,11.077304661370308,20.773338715037188,16.227982646149194,3.449750172172516,72.84244513590005,epoch_google_storey_county,4.545356068887994,0.7450058273858318
2023-03-13,14.043937209501262,16.14339557483445,15.582408105668737,8.429777585783233,2.8046842084608823,21.54598031423501,epoch_google_storey_county,7.152630519885504,-2.099458365333188
2023-03-14,25.734984080751826,23.304665268152284,19.721765147022108,11.151831165800946,2.4672844879750464,319.28208493082747,epoch_google_storey_county,8.569933981221162,2.430318812599541
2023-03-15,29.328973383312462,15.524093091782197,16.1495842703235,20.90934456587161,2.374805744684883,195.27368437991427,epoch_google_storey_county,-4.759760295548109,13.804880291530266
2023-03-17,25.450580986694874,18.76903944367721,24.888974638580503,21.669251987774885,2.169670597017245,302.98916200532716,epoch_google_storey_county,3.2197226508056183,6.681541543017662
2023-03-20,16.20013790743454,13.799218630681194,19.600962948410263,19.01684603995682,4.716485073667456,71.9921099238179,epoch_google_storey_county,0.5841169084534421,2.4009192767533474
2023-03-24,19.194771714946782,11.846431192696528,17.698296832000175,24.771608786132195,3.960007446914932,110.89758174835134,epoch_google_storey_county,-7.07331195413202,7.348340522250254
2023-03-25,8.574187477031261,21.394179131182707,13.609587690593111,11.02293435650587,3.2487878861160215,129.55013564928709,epoch_google_storey_county,2.5866533340872415,-12.819991654151446
2023-03-26,10.308836816052237,14.066618451179504,8.16491413657829,12.138187357328835,2.6537424268014673,144.56930575736862,epoch_google_storey_county,-3.9732732207505457,-3.7577816351272677
2023-03-27,24.83192964879478,25.29486452117412,11.599562921575124,20.03325837140608,3.037466916622615,322.4846300310506,epoch_google_storey_county,-8.433695449830957,-0.46293487237933917
2023-03-28,24.612147609314245,17.5708988602948,19.817454765546735,10.39977384343417,5.618865343146028,357.0751102384882,epoch_google_storey_county,9.417680922112565,7.041248749019445
2023-03-30,28.025478389153548,31.55265444672841,21.14676752719049,39.83739467223082,2.7696894128504734,86.76993555707321,epoch_google_storey_county,-18.69062714504033,-3.527176057574863
2023-03-31,24.33867476391674,32.49630985999826,31.746189477717945,34.78435161370062,2.2911593687278367,73.39744589193896,epoch_google_storey_county,-3.0381621359826774,-8.157635096081524
2023-04-01,14.054855801889937,18.050701977248305,22.967017697189725,22.948348417825773,4.237983838426563,65.05747273317564,epoch_google_storey_county,0.018669279363951574,-3.995846175358368
2023-04-02,10.408086125836874,16.03865630638736,6.841030732277276,13.146997654179865,6.046252054898407,66.40626985782819,epoch_google_storey_county,-6.305966921902589,-5.630570180550485
2023-04-10,16.45006806926087,29.42509510246246,28.510243606403186,21.300186978097127,3.003661587433412,21.943019653610747,epoch_google_storey_county,7.210056628306059,-12.975027033201592
2023-04-12,16.80910664217134,28.59508545612733,15.450741368630606,21.773502357710612,3.969792209904898,75.8949600179576,epoch_google_storey_county,-6.322760989080006,-11.785978813955989
2023-04-16,23.809407985848114,14.509237881562713,17.022870565673884,16.93154448052458,5.100056122833968,48.81220421023835,epoch_google_storey_county,0.09132608514930496,9.300170104285401
2023-04-19,31.56349280260117,30.665572356810696,47.11284137854268,31.771324049839855,3.7383994915850165,97.15386364553245,epoch_google_storey_county,15.341517328702828,0.8979204457904757
2023-04-21,29.45765654875946,21.937287588465562,25.62051025377389,24.804840617555083,3.2043063243853553,149.21847860219782,epoch_google_storey_county,0.8156696362188072,7.520368960293897
2023-04-23,17.79707927328762,15.182633108501289,13.725236485865315,16.151468951940114,4.736214351784994,91.73649171250389,epoch_google_storey_county,-2.426232466074799,2.6144461647863295
2023-04-24,29.230294885607933,23.106330360089526,27.284248497110248,33.26969163684319,4.8157095380191555,103.95573286771537,epoch_google_storey_county,-5.9854431397329435,6.1239645255184065
2023-04-26,34.46664172313232,25.808234236654698,33.386903362654316,32.03275265032326,2.0237000487480143,282.2804576165226,epoch_google_storey_county,1.3541507123310552,8.658407486477621
2023-04-27,36.41613024718376,26.136338729579457,38.55106151703931,26.22843621270558,2.044745577876077,293.4335673328711,epoch_google_storey_county,12.322625304333727,10.279791517604302
2023-04-28,21.964277029039536,20.070781791597508,28.843737471156018,22.796501928067933,2.8697532362796987,311.4280932619957,epoch_google_storey_county,6.047235543088085,1.8934952374420284
2023-04-29,23.08372919296084,23.080024873811908,23.911722440108672,27.968622427083826,2.978591420958815,17.346410654342264,epoch_google_storey_county,-4.056899986975154,0.003704319148930324
2023-04-30,18.45688231326724,19.563340793604667,15.389103794042397,18.47332014656131,4.504318563935207,32.01075109160956,epoch_google_storey_county,-3.0842163525189132,-1.1064584803374267
2023-05-03,20.26305096226848,20.794954147993398,19.539922111479466,18.904286996818495,3.714402807069667,320.39107189982934,epoch_google_storey_county,0.6356351146609711,-0.5319031857249179
2023-05-06,20.451525789747244,15.673166776315181,19.84726863791819,13.239641348060859,2.8705427667017416,71.40393366629439,epoch_google_storey_county,6.607627289857332,4.778359013432063
2023-05-08,20.842937389477445,21.78104153159934,19.67803114441459,17.990897172333007,6.122089194626205,50.07954862855661,epoch_google_storey_county,1.6871339720815826,-0.9381041421218939
2023-05-09,23.45335329680175,18.339505013031918,29.80024253234445,23.564000119240692,2.0116948070245746,296.5765910022774,epoch_google_storey_county,6.236242413103756,5.113848283769833
2023-05-12,32.43630534482239,33.91241048926247,26.65635338351347,29.07875455850122,2.9439527716534024,259.5864328599786,epoch_google_storey_county,-2.422401174987751,-1.4761051444400834
2023-05-13,29.93053052387767,30.894438386170336,32.217705792345114,25.34775199175974,3.338795753741959,250.59267509910063,epoch_google_storey_county,6.869953800585375,-0.9639078622926647
2023-05-14,25.345193536455973,29.319755906676296,27.313641030809954,30.68256521777693,2.7834217161474517,342.78730273786545,epoch_google_storey_county,-3.368924186966975,-3.9745623702203225
2023-05-15,32.09176120644683,37.10263880971428,36.724417138929624,39.212882603486996,3.2063713263505225,21.39837098423476,epoch_google_storey_county,-2.488465464557372,-5.010877603267446
2023-05-16,31.521679331684606,35.09675457731018,40.77945826830106,33.42360920502764,2.583025633166944,5.219240321923849,epoch_google_storey_county,7.355849063273425,-3.575075245625573
2023-05-19,29.91910481245408,27.356210386638654,32.79335929470083,27.621632773158833,2.3611064799829857,302.7614647825669,epoch_google_storey_county,5.171726521541995,2.5628944258154256
2023-06-04,21.558087899704805,13.042762226938821,17.979887064407823,14.683429252922764,2.3497154597241736,288.9677523359183,epoch_google_storey_county,3.296457811485059,8.515325672765984
2023-06-06,5.4587080482049055,13.498899957611362,15.743544262005136,7.812405690009997,3.144657595360827,250.99846543223765,epoch_google_storey_county,7.931138571995139,-8.040191909406456
2023-06-07,15.672115261265441,24.079172320902135,18.869734298096954,15.27454027241425,2.1747438535786303,284.4916277933005,epoch_google_storey_county,3.595194025682705,-8.407057059636694
2023-06-14,18.017461942310472,21.72093636652222,20.137473087858933,24.11781982477568,2.2399319922465835,122.70221848480492,epoch_google_storey_county,-3.980346736916747,-3.7034744242117483
2023-06-17,17.90952620955929,28.947577004426247,21.112545706820168,25.90012147841691,3.543631813172342,74.32266759337068,epoch_google_storey_county,-4.787575771596742,-11.038050794866958
2023-06-18,11.084946834303008,7.603477727351821,15.66457329788327,13.574809670388507,6.507105930586602,68.53548166279063,epoch_google_storey_county,2.0897636274947633,3.4814691069511863
2023-06-19,18.6002011426334,17.004417694426106,20.472559771583818,10.789924899034432,5.449363295279265,76.13814134651045,epoch_google_storey_county,9.682634872549386,1.5957834482072926
2023-06-20,18.463053166238307,18.909057338946347,18.123859004437104,21.27607053946316,2.260538322120757,63.095891077594445,epoch_google_storey_county,-3.152211535026055,-0.44600417270804016
2023-06-21,13.55978420550684,8.813060660417621,11.684295743682444,9.048470865139011,2.6564292565969914,273.6116040186952,epoch_google_storey_county,2.635824878543433,4.746723545089219
2023-06-23,9.555286299713476,14.516497204744867,10.729162754988103,13.586301842033341,2.370397281019994,132.57465647055204,epoch_google_storey_county,-2.8571390870452387,-4.9612109050313915
2023-06-24,6.128501716679647,18.10370762640543,4.063286803784455,14.968000892350647,2.012231861023559,328.85666966680856,epoch_google_storey_county,-10.904714088566191,-11.975205909725783
2023-06-28,18.88620126238727,13.749788969270138,21.76379141013328,16.4821591066528,2.209585573909689,249.09864562184805,epoch_google_storey_county,5.281632303480478,5.136412293117132
2023-06-29,29.40444925813791,23.55241485962759,24.57405876845672,25.347407399494372,2.2245545580246295,245.53453268818836,epoch_google_storey_county,-0.7733486310376527,5.85203439851032
2023-06-30,27.05191374050252,20.557474476847258,27.18057243983392,23.30053136671066,2.6083914533879473,301.17766841935463,epoch_google_storey_county,3.880041073123259,6.494439263655263
2023-07-03,18.729930970194705,21.923877003057928,16.56269090769338,19.63374167721425,2.4626426977376674,86.15247753540274,epoch_google_storey_county,-3.0710507695208697,-3.1939460328632236
2023-07-05,25.339111043368877,25.271852805685572,28.046378931077086,24.462482656281097,2.421901440716431,292.6895623697199,epoch_google_storey_county,3.5838962747959897,0.06725823768330486
2023-07-06,23.642485707975023,27.604340156372178,23.757465740749236,26.350808792177748,2.3651876124613485,118.52041716254934,epoch_google_storey_county,-2.593343051428512,-3.9618544483971547
2023-07-14,23.15811931269528,25.60961532385087,20.016061516109627,18.29732578068118,2.289272901558418,290.44183173315594,epoch_google_storey_county,1.7187357354284458,-2.451496011155591
2023-07-15,22.77879536124668,20.40039901107782,21.9860742558887,17.005433195808955,2.007221530620009,330.29184860916916,epoch_google_storey_county,4.980641060079744,2.3783963501688596
2023-07-17,24.782398358052646,29.298125817524397,24.410492113199666,21.027762138051493,2.4217224460116524,66.37888046560863,epoch_google_storey_county,3.382729975148173,-4.515727459471751
2023-07-19,14.49719593335257,26.816371180410314,22.660153596457477,18.01353237879917,2.1230852407018594,342.9531290906236,epoch_google_storey_county,4.646621217658307,-12.319175247057744
2023-07-24,17.663101369522156,16.09284775522848,11.182682993604976,11.988194959691787,4.974745674942023,52.4127680734519,epoch_google_storey_county,-0.8055119660868115,1.5702536142936765
2023-07-26,17.104093613126494,20.37027275745387,23.169739380207844,8.67974656922912,2.8862888536448987,31.82093774471747,epoch_google_storey_county,14.489992810978723,-3.266179144327374
2023-07-27,18.91490761760434,20.00851141113383,23.90074817731228,22.42507034068838,3.5444733598184905,47.35012280067747,epoch_google_storey_county,1.4756778366239018,-1.0936037935294927
2023-07-28,6.824647543236886,13.568415305707878,10.368790495432622,2.9039100640368827,3.3920442318962505,42.02708911747749,epoch_google_storey_county,7.4648804313957395,-6.743767762470992
2023-08-13,14.713565844797497,7.778401302663559,9.049584388979516,11.958433586107814,2.251498595263757,257.7709431976065,epoch_google_storey_county,-2.9088491971282977,6.935164542133938
2023-08-14,10.559270657677638,8.506308410922992,7.013327878598498,16.20029625882145,3.6238033252535726,316.64833346382915,epoch_google_storey_county,-9.18696838022295,2.052962246754646
2023-08-15,22.322523397409146,11.318434156746868,18.74173660097586,13.53255734718179,2.386111341984858,291.9284709823147,epoch_google_storey_county,5.209179253794069,11.004089240662278
2023-08-16,18.067414669826675,22.18196278402326,25.39617167700319,23.647962156626583,2.1463323563090375,267.80151125986765,epoch_google_storey_county,1.748209520376605,-4.114548114196584
2023-08-17,23.586548959881902,17.97716726868212,19.08144627466116,21.132509318060954,2.233451535824278,349.0015930801496,epoch_google_storey_county,-2.051063043399793,5.609381691199783
2023-08-19,17.074464830217913,9.968055198615426,15.094809476847626,13.472472121226554,2.9214867335179675,333.41107687931867,epoch_google_storey_county,1.622337355621072,7.106409631602487
2023-08-21,10.879256129448741,-0.15570815127086707,9.362568335465456,13.835930543391537,2.4678655738758644,58.25175090541592,epoch_google_storey_county,-4.4733622079260815,11.034964280719608
2023-08-22,12.984257860298385,13.086155424206558,20.790282387733665,8.449573978127079,2.2909265016826126,2.8877989615815522,epoch_google_storey_county,12.340708409606586,-0.10189756390817273
2023-08-23,27.122217250994005,13.880449509753383,24.69728742122602,23.603990414579066,2.2486148828507386,313.900099061399,epoch_google_storey_county,1.093297006646953,13.241767741240622
2023-08-28,16.90382701446292,17.77815651972532,24.33095188996861,16.811906125953804,2.3732839382450135,316.1996731770773,epoch_google_storey_county,7.519045764014805,-0.874329505262402
2023-08-29,18.754127710316723,23.744921944134322,20.10699345884791,19.099471879202152,4.014111316199866,74.28337859090448,epoch_google_storey_county,1.0075215796457577,-4.990794233817599
2023-08-31,25.038345919545712,19.46070920432028,24.6854316674008,23.14112052845715,4.257295537717298,44.47222997675374,epoch_google_storey_county,1.5443111389436481,5.577636715225431
2023-09-05,18.213695793420186,17.918744142039966,16.784230544966633,16.405703097919556,2.0073501555776803,289.2227729550566,epoch_google_storey_county,0.37852744704707675,0.29495165138022017
2023-09-09,15.195650219963449,19.654991050204213,21.611112049501617,19.471296914585718,2.461114238994042,8.312047878943076,epoch_google_storey_county,2.1398151349158994,-4.459340830240764
2023-09-13,22.307060317385034,18.192953433068325,21.796238460625453,20.772481443474657,2.1187630408462512,204.80017012906964,epoch_google_storey_county,1.0237570171507961,4.114106884316708
2023-09-14,19.957891730206597,18.42394122656717,19.325177323138483,19.526062970749543,2.453520204595858,253.28077248836786,epoch_google_storey_county,-0.20088564761105943,1.5339505036394279
2023-09-15,31.031658775620617,24.747485709702598,34.01047773672537,23.213821227532208,2.302169639378805,293.9023956268556,epoch_google_storey_county,10.796656509193163,6.284173065918019
2023-09-16,14.9613744297922,14.327718170484784,20.456480845790768,20.954372339058644,3.188835226430506,312.0777947828532,epoch_google_storey_county,-0.4978914932678755,0.6336562593074149
2023-09-17,13.423382857059984,11.775006106224925,22.413333386328382,18.844603312434074,2.4608732332081473,286.95413403084655,epoch_google_storey_county,3.568730073894308,1.6483767508350589
2023-09-20,19.209743977375965,21.57749386835352,24.14608047241926,23.5433910448716,3.323941859834509,91.12316865105959,epoch_google_storey_county,0.6026894275476593,-2.3677498909775565
2023-09-24,16.704831233887834,15.845795113555242,20.983066027519786,9.330312891674398,2.2822442635081144,12.035179713392722,epoch_google_storey_county,11.652753135845389,0.8590361203325916
2023-09-25,8.055947714809957,16.659775363309855,11.386071211891009,15.487515080872125,3.9771616716849905,20.844529398487452,epoch_google_storey_county,-4.101443868981116,-8.603827648499898
2023-09-26,5.4365142667242585,17.03680455800063,8.042522256702362,11.865112069254161,3.2023281453562142,53.13864753402203,epoch_google_storey_county,-3.822589812551799,-11.60029029127637
2023-09-29,4.7051375639079005,13.502843062724805,14.214331167645133,4.393322078556342,2.5920471724079817,48.96684171038913,epoch_google_storey_county,9.82100908908879,-8.797705498816905
2023-10-04,20.52091153960501,20.33059909762687,20.977069721011016,17.313827354154416,2.7643866599185785,285.93245029906285,epoch_google_storey_county,3.6632423668566005,0.1903124419781399
2023-10-05,18.187530748984447,15.213341575797845,15.191411211583501,8.274656727686732,2.8978270654093006,285.56363675944556,epoch_google_storey_county,6.916754483896769,2.974189173186602
2023-10-06,23.31627212061536,16.728485775987167,17.51825628416448,14.5382640391805,2.8613323917863913,293.91394907868766,epoch_google_storey_county,2.979992244983979,6.587786344628192
2023-10-08,23.18229296178844,22.932601955687463,23.265614198294298,15.526998249978854,2.1039649254886643,337.41270634960864,epoch_google_storey_county,7.738615948315443,0.24969100610097783
2023-10-11,12.07120940364135,11.077269675707544,16.045700292087634,15.721003794024991,3.00461882308012,151.83476096709467,epoch_google_storey_county,0.324696498062643,0.9939397279338049
2023-10-12,18.268434635178536,16.37177422170459,25.026648512897467,17.45556514563321,2.8318701988088404,298.6871849085792,epoch_google_storey_county,7.571083367264258,1.8966604134739455
2023-10-13,6.035738767266901,15.710876970398282,19.7350562038007,15.636909896673005,2.245941442594181,311.0976370123109,epoch_google_storey_county,4.098146307127694,-9.67513820313138
2023-10-14,22.996576821889047,16.047465779670013,21.756523356828673,21.11895297874763,2.212975107342277,354.5150677699194,epoch_google_storey_county,0.637570378081044,6.949111042219034
2023-10-18,29.019415280005255,23.65371891731361,25.9024821674102,21.740687303296053,2.167256594724071,287.51956546397696,epoch_google_storey_county,4.161794864114146,5.365696362691644
2023-10-21,12.914030054637257,10.592866897053904,15.675576648259241,18.134026403677744,2.080815122699596,334.4858322595949,epoch_google_storey_county,-2.4584497554185027,2.321163157583353
2023-10-22,11.349955714832891,11.134805700642076,7.345455696192565,8.645439791728483,3.360024186108272,69.47987482291757,epoch_google_storey_county,-1.299984095535918,0.21515001419081514
2023-10-23,16.601383676736216,8.824474843090526,13.781654183553444,15.824397930311902,2.0939890818275497,182.0437339194318,epoch_google_storey_county,-2.0427437467584575,7.77690883364569
2023-10-28,19.38393406951582,18.726790811362434,13.817826121805258,18.722173815853093,2.853709373305375,211.6672115556586,epoch_google_storey_county,-4.904347694047836,0.6571432581533863
2023-10-29,19.45133902595446,18.993907565273947,18.588884379059866,18.67149828044028,2.5057141726008654,285.1201975648073,epoch_google_storey_county,-0.08261390138041236,0.4574314606805139
2023-11-05,21.98789870435631,23.02312182425035,24.380043215805888,22.54229399524327,4.499499340740209,54.607976008632136,epoch_google_storey_county,1.8377492205626176,-1.035223119894038
2023-11-06,25.80729368526625,15.233427032707075,27.68713680366619,24.814251367806005,6.12737346157974,54.10348109719473,epoch_google_storey_county,2.8728854358601836,10.573866652559174
2023-11-07,21.262266730203816,15.785510194458793,27.15611185073219,20.5453734898446,2.8095331309304266,147.48730430654558,epoch_google_storey_county,6.610738360887591,5.476756535745023
2023-11-08,23.023589242844924,11.629577858664222,17.889325620960307,15.240510986822695,2.4235459403296007,293.6436095608043,epoch_google_storey_county,2.6488146341376115,11.394011384180702
2023-11-16,36.258576079676956,33.39855972777084,37.41199968802717,38.19415630810092,2.207697873865648,290.8562731146747,epoch_google_storey_county,-0.7821566200737493,2.8600163519061184
2023-11-19,13.994564318012133,29.883754141261093,13.614834123381922,12.555103303763053,4.072508170581382,134.10261007390346,epoch_google_storey_county,1.0597308196188688,-15.88918982324896
2023-11-20,30.051466386814198,21.834233800573145,27.79238219340407,14.802766657020678,2.241977605930066,301.4608916229952,epoch_google_storey_county,12.989615536383392,8.217232586241053
2023-11-25,24.742467958232304,12.98490582990687,18.79915966336193,14.6722659115453,2.4048039497207525,290.8354734838623,epoch_google_storey_county,4.126893751816631,11.757562128325434
2023-11-26,22.13069305627014,27.72338120134447,24.568559106469873,17.469731278269567,2.14510781553155,277.06057696733717,epoch_google_storey_county,7.0988278282003066,-5.59268814507433
2023-11-27,10.96727252644328,4.228229135409317,3.8790513806289795,5.341577636440992,2.038446669971244,286.67024177519306,epoch_google_storey_county,-1.462526255812013,6.739043391033962
2023-12-01,-7.026445072513484,-7.026444971874385,21.952409951080877,28.322491355866298,2.9005842943347697,69.48835131212138,epoch_google_storey_county,-6.37008140478542,-1.0063909883228916e-07
2023-12-06,31.18059220219624,32.12246712489078,43.08365092375205,34.90983203204224,2.7966364798974315,14.677426381486157,epoch_google_storey_county,8.173818891709814,-0.9418749226945415
2024-01-07,8.489591011160753,11.506735520256905,8.595012167701396,13.30609441870703,2.8717019749441555,113.36608883455989,epoch_google_storey_county,-4.711082251005633,-3.017144509096152
2024-01-09,7.266808684711151,-0.8501691116694279,11.366793365245686,5.537010766189073,4.1261997572287274,66.60625613439953,epoch_google_storey_county,5.829782599056613,8.11697779638058
2024-01-10,-2.478120979474902,0.47269261964447545,-0.6568819948935312,-4.601966409245652,5.454533144120868,55.86362102518018,epoch_google_storey_county,3.94508441435212,-2.950813599119378
2024-01-17,16.70596619907497,31.13681413182784,40.15323233887426,13.058406106958646,4.128821199400194,65.00496819609344,epoch_google_storey_county,27.094826231915615,-14.430847932752869
2024-01-20,12.743159096319518,4.216391154708449,7.782220157553416,20.109913151430877,3.329565311652216,12.518220129750887,epoch_google_storey_county,-12.327692993877461,8.52676794161107
2024-01-25,28.088478453521756,20.75303916472143,24.291033975616863,16.79576355460502,3.1485009639050654,122.97139665330155,epoch_google_storey_county,7.495270421011842,7.335439288800327
2024-02-01,7.4877054672359815,-5.357213035283757,5.239264780908167,13.602213616930422,2.1413414056413624,84.82576835611752,epoch_google_storey_county,-8.362948836022255,12.84491850251974
2024-02-05,7.926729319689081,11.126266845855428,9.599252664433576,3.744104007548701,2.3857103468058996,0.4542302655358412,epoch_google_storey_county,5.855148656884875,-3.1995375261663463
2024-02-19,13.69438018773496,13.974679825330535,11.33347244012963,3.8744100491459785,4.091029908222824,17.965744433080488,epoch_google_storey_county,7.45906239098365,-0.28029963759557397
2024-02-20,12.884853366539305,15.303194039026074,12.3999858882281,9.25624386217622,3.0254365117846582,15.572375894202821,epoch_google_storey_county,3.1437420260518802,-2.418340672486769
2024-02-21,9.407894107904523,21.156805042991582,23.102490220014914,21.71946087721438,2.6115952290980102,83.02406921009225,epoch_google_storey_county,1.3830293428005334,-11.748910935087059
2024-02-26,11.568528456897608,12.041945395828176,16.127856411986897,15.47596528339889,6.186740455593016,73.42750708986614,epoch_google_storey_county,0.6518911285880069,-0.47341693893056735
2024-02-29,12.661508249414842,11.662838204057996,12.500751212148076,10.993056016340526,7.242095884324703,41.08388252531245,epoch_google_storey_county,1.5076951958075497,0.998670045356846
2024-03-03,10.043293106833566,15.733727315247705,12.39531254697968,11.092525857781048,5.0217150687075645,67.21144176492402,epoch_google_storey_county,1.3027866891986317,-5.690434208414139
2024-03-05,10.275564245773213,13.441100652908194,14.017106718321898,13.371457629282865,3.406042566828632,44.48008491377743,epoch_google_storey_county,0.6456490890390327,-3.165536407134981
2024-03-11,26.66039124280832,33.323176509457916,27.602978404074445,10.459134370907877,4.258810326847388,57.83706856874625,epoch_google_storey_county,17.143844033166566,-6.662785266649596
2024-03-12,15.176923537647639,16.79217831160563,16.04759612997246,16.51427337039016,5.14152463768701,81.24797493822842,epoch_google_storey_county,-0.46667724041769887,-1.6152547739579894
2024-03-13,20.56795028063639,15.526193852092984,17.39573774753864,12.432614254521873,3.554241588743666,158.83239632046684,epoch_google_storey_county,4.9631234930167665,5.041756428543405
2024-03-14,14.81164789869875,17.026342983466925,19.47174833846944,22.35617176642633,4.34890483738751,235.56658217615302,epoch_google_storey_county,-2.8844234279568894,-2.2146950847681754
2024-03-15,18.75252411647709,18.63917460013394,23.71442095103438,21.107018929101375,4.127282456736474,236.8358025079383,epoch_google_storey_county,2.607402021933005,0.11334951634314905
2024-03-17,27.20466511316385,24.584529946004707,26.114373200024506,24.12774353989931,2.38487245801383,238.91223383096164,epoch_google_storey_county,1.986629660125196,2.620135167159141
2024-03-20,23.007043450091793,34.89276150398647,28.87140218324921,27.306384947011754,3.2905028270828076,63.48024956631866,epoch_google_storey_county,1.5650172362374555,-11.885718053894678
2024-03-21,32.81173934772464,36.8572424632508,34.5897014241919,27.721241462697268,2.3314199499185944,59.689685745330905,epoch_google_storey_county,6.868459961494633,-4.045503115526159
2024-03-22,24.512903766861236,27.02453625537099,39.1852692123001,25.908165076178324,4.042712025947057,24.036200515364328,epoch_google_storey_county,13.277104136121775,-2.511632488509754
2024-03-23,13.741789681001395,0.13068934176906122,7.663063956546347,3.945885663293519,5.103645551127068,62.54223167272585,epoch_google_storey_county,3.7171782932528283,13.611100339232333
2024-03-25,17.52291782865825,19.19210116329874,25.267401605072788,24.056694134297274,4.466517852805728,111.70717853202655,epoch_google_storey_county,1.2107074707755139,-1.6691833346404898
2024-03-26,35.955091445025325,20.543059013023324,27.016990587762216,28.02900667168716,3.6323856571261963,121.21565207218151,epoch_google_storey_county,-1.0120160839249444,15.412032432002
2024-03-28,9.852769964403457,18.943036142375366,11.018010227843739,11.624837787988197,5.2308268851251425,66.56167315110633,epoch_google_storey_county,-0.6068275601444579,-9.090266177971909
2024-03-31,2.9327306520175442,12.021283106725464,9.933572781073583,-0.795126297188668,3.854789084847168,130.65634913798277,epoch_google_storey_county,10.72869907826225,-9.08855245470792
2024-04-03,23.760751760700057,21.089094350930814,18.573630584435243,25.61920952871056,3.309134632932616,54.32627616883423,epoch_google_storey_county,-7.0455789442753165,2.6716574097692423
2024-04-06,21.702018253153376,24.06537431809122,24.932883895907413,28.669574849936776,3.8374769192237403,91.22402764793827,epoch_google_storey_county,-3.7366909540293634,-2.363356064937843
2024-04-08,19.660873761978554,20.526715452917422,21.982660793184785,19.432260876705318,2.2541868904115474,270.59224247705794,epoch_google_storey_county,2.550399916479467,-0.8658416909388684
2024-04-11,31.4136442854861,32.477958028589384,30.106458496391785,29.955728453939702,2.562293093350825,50.2247693040033,epoch_google_storey_county,0.1507300424520821,-1.064313743103284
2024-04-12,15.888524450868104,18.6909324717902,20.446136126847353,22.708315140628525,5.314800180107235,11.163712274917373,epoch_google_storey_county,-2.2621790137811715,-2.8024080209220976
2024-04-13,16.592435043475692,14.692692118895778,18.73215256577911,15.390240270761787,5.348784794572421,339.01830697594227,epoch_google_storey_county,3.3419122950173232,1.8997429245799147
2024-04-15,25.156271537629944,25.987677384330297,27.658567306500746,26.493054653335737,2.38803024458113,143.13223947840748,epoch_google_storey_county,1.1655126531650097,-0.8314058467003527
2024-04-24,36.62847636957795,27.57776659861837,31.337994341460057,29.603047675136356,2.5368227202185856,111.97173538710814,epoch_google_storey_county,1.734946666323701,9.050709770959582
2024-04-26,14.282622041850827,10.137846222605228,16.26195399396421,9.046816382553445,4.505792368520765,120.14567703679228,epoch_google_storey_county,7.215137611410764,4.144775819245599
2024-04-27,37.24776999645949,19.019396584650405,27.80133666089297,27.657170976064585,2.3286162029826465,130.00476419196605,epoch_google_storey_county,0.144165684828387,18.228373411809084
2024-04-28,20.658261920304504,20.676671200159472,22.969967489930692,23.808604353423036,2.080763882173967,95.93704666611956,epoch_google_storey_county,-0.8386368634923436,-0.018409279854967764
2024-04-29,28.239572730645,23.693151733773487,27.296822154818983,26.200283242357948,4.364675412811046,88.06940018749009,epoch_google_storey_county,1.0965389124610354,4.546420996871515
2024-05-02,15.40896177410314,19.888860732873063,18.431266854992444,27.197297005594073,4.501416310611635,99.30503709727947,epoch_google_storey_county,-8.76603015060163,-4.4798989587699225
2024-05-03,17.920989644984076,27.020679339139043,22.742713286804904,21.03857418212447,2.0741191666572667,285.13747181314835,epoch_google_storey_county,1.7041391046804328,-9.099689694154968
2024-05-05,11.677759720810709,5.176806541797075,21.659871360601546,23.43431273772485,5.876894722661543,106.19459130589456,epoch_google_storey_county,-1.7744413771233027,6.500953179013634
2024-05-06,25.856746683269574,20.308133091994044,27.867465151784895,20.35199856278384,3.1369053769270465,92.92444361824448,epoch_google_storey_county,7.515466589001054,5.5486135912755294
2024-05-07,31.177578070704296,23.925161529648605,24.57672037199244,26.875702848079477,3.5168188600035433,144.1277900841543,epoch_google_storey_county,-2.298982476087037,7.252416541055691
2024-05-08,18.70474046429032,23.412157512338407,23.344491278170743,22.931107853327834,3.8915562568322555,247.9474543510794,epoch_google_storey_county,0.4133834248429089,-4.707417048048086
2024-05-09,29.275787063229807,27.889681353968367,26.069076081377418,28.41409971799034,4.508407483143742,261.4763036291074,epoch_google_storey_county,-2.345023636612922,1.3861057092614395
2024-05-10,30.29460676202951,26.396457944079366,23.7387045842361,22.924673430952357,3.9348403964771337,250.76535172383768,epoch_google_storey_county,0.814031153283743,3.898148817950144
2024-05-15,27.42007417384891,24.4659350115455,24.808328907989086,18.960723005711,2.3741298644041526,212.32662141858916,epoch_google_storey_county,5.847605902278087,2.9541391623034094
2024-05-17,27.3721073694558,22.467107704238163,27.631841754263913,27.563981985816376,2.0188614690623936,119.68687794852184,epoch_google_storey_county,0.06785976844753705,4.9049996652176375
2024-05-20,15.736722641976616,13.205849788052403,15.038633532488221,10.691257890203849,2.7270526162717292,201.31262755778113,epoch_google_storey_county,4.347375642284373,2.5308728539242136
2024-05-21,22.090614940041355,16.96174296773067,22.192648376611388,13.502889291603001,2.9880254003290845,282.09814934047387,epoch_google_storey_county,8.689759085008387,5.128871972310684
2024-05-22,11.654876784939567,21.126722893527727,15.499852124119007,11.061181839466714,5.173242080273804,91.9661207923545,epoch_google_storey_county,4.438670284652293,-9.47184610858816
2024-05-23,26.898066441744156,15.894446119112562,20.273860777239644,18.528849503322938,2.133341247208525,259.5416626058392,epoch_google_storey_county,1.745011273916706,11.003620322631594
2024-05-25,15.63488645999899,10.693604507062902,13.779074086412807,7.840288522354384,3.4188645698195925,89.31082415691083,epoch_google_storey_county,5.938785564058423,4.941281952936087
2024-05-27,4.735911904817479,5.178315144526157,7.441914063497854,6.7115651223637,2.3014164830681163,303.6667829629567,epoch_google_storey_county,0.7303489411341539,-0.44240323970867745
2024-05-29,18.86834796457498,17.160067801806736,18.2779334875235,15.44856517569717,2.294116921428663,180.4306353585083,epoch_google_storey_county,2.8293683118263324,1.7082801627682436
2024-05-30,16.121892321373373,11.74124688227479,9.56617985175296,17.655308650323125,2.4059653307836633,270.8122466248651,epoch_google_storey_county,-8.089128798570165,4.380645439098583
2024-05-31,17.22125948706826,14.320299213256282,16.336391997763275,15.144584688547303,2.316741506816062,278.1180945763973,epoch_google_storey_county,1.1918073092159727,2.900960273811977
2024-06-01,16.130610593993843,12.511329293074063,14.468875806806459,17.415038861201023,2.844745048875405,91.10565482016045,epoch_google_storey_county,-2.946163054394564,3.6192813009197806
2024-06-02,10.266943917217791,9.008177555629869,13.164590605662234,17.227591417200752,3.613017501564547,115.16639516871186,epoch_google_storey_county,-4.063000811538519,1.2587663615879219
2024-06-10,29.365510866006957,17.22029282424402,20.731621233151447,21.530976543661545,2.3249408764440678,259.45383669540104,epoch_google_storey_county,-0.7993553105100979,12.145218041762938
2024-06-14,13.667453407529553,21.69672150487144,12.809530665156803,11.710288990834165,4.131192569710916,53.159751037858655,epoch_google_storey_county,1.0992416743226379,-8.029268097341888
2024-06-15,21.76093771255024,17.294653230840982,26.108013405515234,20.261162020457157,3.202763676480618,92.54985240816978,epoch_google_storey_county,5.846851385058077,4.466284481709259
2024-06-17,10.47968099263577,12.164024877406186,10.523020074403357,6.614185715680206,4.158107950140118,157.29294780818805,epoch_google_storey_county,3.9088343587231513,-1.684343884770417
2024-06-18,9.23712885046687,5.080093489604593,13.42773277663509,7.97774662695573,2.794505071084148,298.63422943349815,epoch_google_storey_county,5.44998614967936,4.157035360862277
2024-06-19,13.533591228155533,10.724761517720303,19.834580521301824,14.348588705262282,2.2280855178030903,294.2598599376519,epoch_google_storey_county,5.485991816039542,2.80882971043523
2024-06-20,14.027823529436473,13.644950342264941,12.787790148509448,13.33039009199876,2.74335790247547,258.36113311155316,epoch_google_storey_county,-0.5425999434893125,0.3828731871715316
2024-06-22,18.442505965942818,21.94407818532057,23.541170766201457,19.031461049840896,2.3305081219566133,354.01258345840694,epoch_google_storey_county,4.509709716360561,-3.5015722193777528
2024-06-23,10.404346375025291,13.470777988333838,9.79713270472743,11.910239201182593,3.783680236750753,57.34787836463329,epoch_google_storey_county,-2.1131064964551634,-3.0664316133085467
2024-06-24,13.85680885306357,17.75926074403846,13.712498882978009,15.168750272036945,3.8222615097493517,51.41263508214894,epoch_google_storey_county,-1.4562513890589361,-3.9024518909748913
2024-06-26,4.324099830357923,17.101303359856992,18.467647822165212,6.767954849384725,4.357757751326993,52.3162297889545,epoch_google_storey_county,11.699692972780486,-12.777203529499069
2024-06-27,12.071922130536036,17.939248792265897,22.872786619911018,14.009922936021674,3.1545167537980245,81.52796300856585,epoch_google_storey_county,8.862863683889344,-5.8673266617298605
2024-06-29,17.433599693373186,25.07601969870401,17.19935768638123,12.938861198007894,2.2109692588377783,64.41757387797696,epoch_google_storey_county,4.260496488373336,-7.642420005330823
2024-07-02,19.6311292517276,16.86975004245408,20.55894180055258,13.28503910769468,2.0883778143433496,299.4802702837157,epoch_google_storey_county,7.273902692857902,2.761379209273521
2024-07-03,16.84437136384476,12.238452048687082,10.388859581862835,15.163480345047796,2.1742883610330197,245.5624511153469,epoch_google_storey_county,-4.774620763184961,4.60591931515768
2024-07-09,21.49735993498923,19.669676833369316,25.349082303794866,15.622788306606054,2.4369792137183572,4.7660958475062785,epoch_google_storey_county,9.726293997188812,1.8276831016199147
2024-07-11,23.230596550612784,35.02842462179212,28.19956171586929,25.466466864896567,2.22600882166488,37.3484809483291,epoch_google_storey_county,2.733094850972723,-11.797828071179335
2024-07-17,26.81083777020687,27.02585018355003,30.518709589222425,21.974072807844554,2.2534881604112633,355.7265344065357,epoch_google_storey_county,8.544636781377871,-0.21501241334316035
2024-07-20,22.25297200676294,20.753946967466145,22.428924853749724,22.288174502803912,2.2101809768064276,297.98845319080937,epoch_google_storey_county,0.14075035094581168,1.499025039296793
2024-07-24,17.21465619849185,21.91728206258412,25.49756918610652,18.430544562461456,2.4256918871528583,115.27268876856118,epoch_google_storey_county,7.0670246236450645,-4.702625864092273
2024-07-25,14.10621166693347,23.278769447306125,17.31867722555902,11.718774835850933,4.458214200766783,59.16828806820058,epoch_google_storey_county,5.599902389708088,-9.172557780372655
2024-07-26,15.647333642158529,26.031046281684304,11.065410908228607,13.649293990106969,2.750539106140458,61.38597701449254,epoch_google_storey_county,-2.583883081878362,-10.383712639525776
2024-07-27,21.789243522560167,20.45886297495481,18.359468622331185,16.300891645515815,4.5378300273490915,69.59450534906853,epoch_google_storey_county,2.0585769768153703,1.3303805476053583
2024-07-31,27.294731512409488,23.096329876153096,27.263720186332076,16.434607896071693,2.4914769674593695,302.65488697109606,epoch_google_storey_county,10.829112290260383,4.198401636256392
2024-08-02,23.943176499250864,16.685937441076433,21.700681269700652,18.864434608539174,2.1583776547047155,167.02063923111496,epoch_google_storey_county,2.8362466611614785,7.257239058174431
2024-08-04,20.960816127967878,17.484397796968345,20.328163334026666,22.115595712320587,2.1552450427519467,320.069739830837,epoch_google_storey_county,-1.7874323782939214,3.4764183309995325
2024-08-05,18.099097510719304,17.296361991806886,22.808710815298955,15.514007381489128,2.2034207162738273,29.234057898702872,epoch_google_storey_county,7.294703433809827,0.8027355189124172
2024-08-06,12.868595433675027,28.404620847800476,19.169109519709497,21.576591549727304,2.2078868369723366,62.108112122049704,epoch_google_storey_county,-2.407482030017807,-15.536025414125449
2024-08-12,16.03584308193015,19.185359435756794,14.919904537996326,12.61783606432842,3.6715815323259395,53.610769997592,epoch_google_storey_county,2.302068473667905,-3.1495163538266446
2024-08-17,19.95234299618288,11.975148611485972,15.524580311570846,12.876728664872134,4.337712242436718,15.916008305902324,epoch_google_storey_county,2.6478516466987116,7.97719438469691
2024-08-18,12.19084428962207,19.68375472218893,25.232316279242983,18.498871157763446,2.5729177360233417,352.0091589980021,epoch_google_storey_county,6.733445121479537,-7.492910432566859
2024-08-19,11.375898838056758,22.65306554762806,24.79608370277866,13.46769690487969,2.708072569762561,19.392911730494404,epoch_google_storey_county,11.32838679789897,-11.277166709571302
2024-08-20,14.460415115261199,18.63446957323776,18.556185858162866,17.58851937606174,2.189210907633116,38.904518404241685,epoch_google_storey_county,0.9676664821011265,-4.17405445797656
2024-08-22,19.862808188267643,19.004552897369788,20.812165215092463,19.41074784990757,3.1603153736535763,16.89591799875683,epoch_google_storey_county,1.4014173651848942,0.8582552908978549
2024-08-25,13.444255171454973,11.632854426012369,17.866672283338254,13.395196236419382,2.3051313363486106,280.6332381807108,epoch_google_storey_county,4.4714760469188715,1.8114007454426044
2024-08-26,11.423502165887378,12.761171454475281,19.782637738003253,14.496412878499846,2.672036055435975,299.4201347201854,epoch_google_storey_county,5.286224859503406,-1.3376692885879038
2024-08-29,32.00181543412546,16.39958254903667,29.09485402421683,25.290516169033456,2.5448476211331714,278.4725508053702,epoch_google_storey_county,3.8043378551833733,15.602232885088792
2024-08-30,26.867301405604316,22.17130094594553,25.65156334924145,19.136446896420725,2.4519772985695893,281.66397079617497,epoch_google_storey_county,6.515116452820724,4.696000459658787
2024-08-31,17.77730585469853,12.97991722391586,10.840984381328973,11.049625047300749,2.2393153855966803,287.5135863921062,epoch_google_storey_county,-0.20864066597177633,4.7973886307826685
2024-09-01,15.36104714198492,13.981928552236123,19.43169650876416,22.39627760216853,2.846461718873533,346.0037962857944,epoch_google_storey_county,-2.964581093404373,1.3791185897487974
2024-09-02,11.777660312772088,18.852065990602508,11.946361026401767,15.685262012165008,5.919804163525203,29.49053466321095,epoch_google_storey_county,-3.738900985763241,-7.07440567783042
2024-09-04,26.090462608126064,20.949046603975145,24.75246083293832,18.74164233482079,3.2187036110399783,275.8188624690144,epoch_google_storey_county,6.01081849811753,5.141416004150919
2024-09-05,25.737202468536903,17.375822235270252,20.981991278093776,14.636090798771328,2.3858433880293313,289.1742416306281,epoch_google_storey_county,6.345900479322449,8.361380233266651
2024-09-06,21.09002094538944,11.89693230523738,39.65226884254647,28.82884850707473,2.006588696894425,297.4544775280076,epoch_google_storey_county,10.823420335471738,9.19308864015206
2024-09-07,11.449305187757501,21.421675646534858,13.142340144390797,14.985167638922857,3.6308449681040753,4.539819339576638,epoch_google_storey_county,-1.8428274945320595,-9.972370458777357
2024-09-08,19.545957260792363,70.62307373794383,25.128711730582673,27.93775800629681,3.192534288978294,37.75078687199715,epoch_google_storey_county,-2.809046275714138,-51.07711647715146
2024-09-09,24.834216512186455,31.55373257581268,24.552048521935035,30.24826242993465,2.00993079906919,28.341140882702405,epoch_google_storey_county,-5.6962139079996135,-6.7195160636262266
2024-09-11,16.368872929710722,24.87797869173678,17.74527307224734,21.975768810762354,6.09174608104385,74.57001960273885,epoch_google_storey_county,-4.230495738515014,-8.509105762026056
2024-09-13,16.56983106098406,13.252728547112858,18.08861443888076,14.99417652911794,2.152140628910967,292.0990161545292,epoch_google_storey_county,3.0944379097628207,3.3171025138712036
2024-09-18,21.76541686844402,25.180427802564886,16.981115846972855,31.7611386207953,3.219047286020254,272.2069593259873,epoch_google_storey_county,-14.780022773822445,-3.4150109341208648
2024-09-19,31.297050205596978,25.673830092243108,27.890747512324868,17.155136680258416,2.234820326242704,272.9621250103506,epoch_google_storey_county,10.735610832066453,5.62322011335387
2024-09-23,20.701150414569227,19.117717034457982,19.679533117943617,11.861422646026726,2.500038703994675,271.0116043048722,epoch_google_storey_county,7.81811047191689,1.583433380111245
2024-09-24,16.517615508327584,16.886521550129682,20.51692988891159,16.609583439956722,2.4079102566000827,315.1225114829921,epoch_google_storey_county,3.9073464489548684,-0.3689060418020986
2024-09-25,22.793406587616147,21.263553200226117,22.13153100262575,24.357157120811745,3.4166809918823002,356.3009720391599,epoch_google_storey_county,-2.225626118185996,1.5298533873900304
2024-09-26,22.95431072126334,19.097401645494447,25.69124273950968,18.066817503534974,2.3226269017315144,320.51784045285723,epoch_google_storey_county,7.624425235974705,3.8569090757688933
2024-09-27,27.615377709872867,26.959011720349526,29.96658020126891,26.644653876052427,2.4847009699361617,277.84721352145766,epoch_google_storey_county,3.3219263252164843,0.6563659895233407
2024-09-30,24.774012235245415,15.72236670606595,21.474223427250877,13.738239332232068,2.6072854873552207,256.1989521154716,epoch_google_storey_county,7.735984095018809,9.051645529179465
2024-10-04,14.16364632293767,16.396575908797764,16.962071594608368,9.184673728022506,6.362127177039491,63.5339217235574,epoch_google_storey_county,7.777397866585861,-2.232929585860095
2024-10-05,18.627501292825386,16.782571369829046,22.36630663585641,32.529735614230326,2.209405543799221,58.177710235145014,epoch_google_storey_county,-10.163428978373915,1.8449299229963394
2024-10-12,16.037935348195585,23.138243511167865,20.427105167131444,18.028020088820945,2.2969122308323677,32.18308860139956,epoch_google_storey_county,2.399085078310499,-7.100308162972279
2024-10-14,23.891610570607074,11.144263547159309,25.54285514073803,14.913051177381575,2.0011822944308104,304.3533505272581,epoch_google_storey_county,10.629803963356455,12.747347023447766
2024-10-21,14.385719646582372,19.718718335877956,12.960559798702976,10.225823272454187,3.2407877647031897,48.73324671565541,epoch_google_storey_county,2.7347365262487884,-5.332998689295584
2024-10-23,12.025864343859192,36.18336945236476,40.04317168366857,17.367937296173324,2.0283753952039643,59.52442299129382,epoch_google_storey_county,22.675234387495244,-24.157505108505568
2024-10-24,27.585784213763922,22.728079422876785,24.193466815543154,19.93860584535253,2.222505030451606,277.5630210038749,epoch_google_storey_county,4.254860970190624,4.857704790887137
2024-10-27,16.67847348964718,19.04607341839588,11.891499658195125,16.54633728494148,4.498897370965591,57.16649618920479,epoch_google_storey_county,-4.654837626746355,-2.367599928748703
2024-10-28,-0.3185936888078833,8.841928817374011,11.982681681230625,-3.539537905401638,3.6053525859919064,120.71269232031023,epoch_google_storey_county,15.522219586632263,-9.160522506181895
2024-10-29,15.225320792014045,16.763290499050544,18.077387179790374,20.038181869649723,2.1303429854867906,163.10392103343418,epoch_google_storey_county,-1.9607946898593482,-1.537969707036499
2024-10-31,28.444572013698572,21.317029058994027,28.287565272671543,27.050291379268337,4.192292543257927,87.2189544312912,epoch_google_storey_county,1.2372738934032057,7.127542954704545
2024-11-02,38.99257788982943,21.533691366225014,33.00926566465313,39.00091129118847,2.4104395070752878,100.60759042433813,epoch_google_storey_county,-5.991645626535345,17.458886523604413
2024-11-05,10.902606483376927,7.378708334451571,17.595888701350745,17.65035641956502,2.342962562576791,154.87347734814648,epoch_google_storey_county,-0.05446771821427632,3.5238981489253556
2024-11-06,20.064482485581323,17.078875323251623,21.743131520390005,21.56892814505648,3.570499582706917,285.4223159662824,epoch_google_storey_county,0.17420337533352637,2.9856071623297
2024-11-11,19.747120262051578,24.98491384927255,-10.539722737938545,17.55958095835393,5.444136495062105,43.039500669197935,epoch_google_storey_county,-28.099303696292473,-5.237793587220974
2024-11-13,25.973360231605096,21.738117152307748,23.073896671721453,22.322904642755145,3.2070411985243177,32.02052490160361,epoch_google_storey_county,0.7509920289663086,4.235243079297348
2024-11-18,10.689871347913407,10.393792636845957,15.532963012043721,18.63799790148607,4.00263379777746,110.52940073442215,epoch_google_storey_county,-3.105034889442349,0.2960787110674499
2024-11-23,15.77373144468963,14.899416570771615,19.759498669604334,15.7289498854067,4.788438693854094,61.884403140070276,epoch_google_storey_county,4.030548784197634,0.8743148739180153
2024-11-24,21.828155178663177,24.76732314727057,29.023916142011977,23.03993467511701,2.037455558221326,22.920761712472938,epoch_google_storey_county,5.983981466894967,-2.939167968607393
2024-12-12,11.186772024655525,20.500988428291187,19.586170995822325,15.920425467111786,3.7172856423648755,50.25415775504001,epoch_google_storey_county,3.6657455287105396,-9.314216403635662
2024-12-27,25.169330982897836,20.507444156278954,21.415549620579394,29.946263446942883,3.752249558345119,87.83411602546346,epoch_google_storey_county,-8.530713826363488,4.661886826618883
2024-12-28,34.843643711112925,36.961888174100416,33.21970180124281,42.23102598229569,2.3380731108757344,65.69097587840741,epoch_google_storey_county,-9.011324181052878,-2.118244462987491
2024-12-29,19.443293396255218,24.097144090674384,19.00306304927529,15.530583202242209,2.9435571857891047,41.12490354772984,epoch_google_storey_county,3.4724798470330818,-4.653850694419166
2025-01-07,10.704185520324897,9.120038386597331,10.771621402425419,5.334759852612139,3.1358085270927427,242.80092148573857,epoch_google_storey_county,5.43686154981328,1.5841471337275657
2025-01-20,16.03959309271145,5.456058614044153,7.74634838326619,5.250930174728965,2.657819722574257,276.93503065177305,epoch_google_storey_county,2.4954182085372247,10.583534478667296
2025-02-02,21.41028891219015,19.61511797513826,16.74360448615788,18.667528175510842,5.8678860464501055,51.44007199710313,epoch_google_storey_county,-1.9239236893529608,1.7951709370518891
2025-02-04,14.158171260560973,20.506403184444444,19.895887242097977,21.404894648642646,3.8581859426438303,358.286423369273,epoch_google_storey_county,-1.5090074065446686,-6.348231923883471
2025-02-05,37.93917894276466,40.360223064563506,36.86591323278543,28.610205396047146,3.925071802587824,67.72499614567607,epoch_google_storey_county,8.255707836738285,-2.421044121798843
2025-02-07,21.300746047515787,26.446524341372054,33.697394277409046,26.41233630229148,4.033798072434593,83.37549095412885,epoch_google_storey_county,7.285057975117567,-5.145778293856267
2025-02-09,28.383311580614144,12.712108546976312,21.24942117517829,11.214103535786986,2.247424842903988,286.4229966172746,epoch_google_storey_county,10.035317639391305,15.671203033637832
2025-02-11,33.74797283235768,21.446073661078067,43.4559115073356,24.741075120917262,2.268863945768628,159.75140877581384,epoch_google_storey_county,18.714836386418337,12.301899171279615
2025-02-24,20.81748551756593,20.957549678428236,25.82599355449944,18.52228082093614,3.1760482926277778,33.145467180084665,epoch_google_storey_county,7.303712733563302,-0.14006416086230544
2025-03-12,7.895040774760377,7.625563365748843,4.974510567612245,9.645679701670606,5.915181095450277,16.860949123080445,epoch_google_storey_county,-4.671169134058361,0.2694774090115333
2025-03-16,14.436776487299584,11.520097790278635,11.182569808762723,8.373897897338637,5.48621813846389,50.056858164044456,epoch_google_storey_county,2.808671911424087,2.9166786970209486
2025-03-18,27.73044716380741,20.16873876448835,27.504505150529084,30.508942420327546,2.4851271696610535,101.82217201001436,epoch_google_storey_county,-3.004437269798462,7.561708399319059
2025-03-20,55.767312054142195,53.850170147358355,48.916786830835335,49.76721136587227,2.130727616320602,88.10503649972503,epoch_google_storey_county,-0.8504245350369359,1.91714190678384
2025-03-24,32.90842188458929,31.61553543895027,56.635281495474885,32.81205481225481,2.069040305347389,295.93818387693466,epoch_google_storey_county,23.823226683220078,1.2928864456390166
2025-03-25,24.048788609507348,30.544667347187477,38.341313465181095,29.01423700164056,2.1349974932021043,310.4194733885247,epoch_google_storey_county,9.327076463540536,-6.49587873768013
2025-03-26,21.952345585827405,27.792126879523796,31.76360671998976,28.955796254912805,3.094240252384122,1.6952388598193124,epoch_google_storey_county,2.8078104650769546,-5.83978129369639
2025-03-27,20.740716564684178,20.01128513414793,20.5753403622313,20.50721937860094,6.39860277059296,54.254447117839504,epoch_google_storey_county,0.06812098363036156,0.7294314305362484
2025-03-28,16.155649600473456,28.793823513496008,19.234789625974027,15.811937668052877,3.9796096719955836,63.07083244971176,epoch_google_storey_county,3.42285195792115,-12.638173913022552
2025-03-30,26.351370969958637,21.449120075055,23.152751467884674,26.687967901575103,5.794668847146139,45.71586792097435,epoch_google_storey_county,-3.5352164336904295,4.902250894903638
2025-03-31,28.417732805766516,15.863362917368088,23.15793848788569,17.342336198595603,3.594416126065287,71.28838474251802,epoch_google_storey_county,5.815602289290087,12.554369888398428
2025-04-02,22.517726718956272,14.088398632908186,18.59672104094177,7.5074423793760445,2.8300158280920553,157.82880648084574,epoch_google_storey_county,11.089278661565725,8.429328086048086
2025-04-04,26.097269248614094,23.482852236603346,29.297204344705346,27.678880666139385,3.344709828441066,246.70003994992857,epoch_google_storey_county,1.618323678565961,2.6144170120107475
2025-04-05,23.00899889821573,26.622777706834132,31.795791310455755,20.337414751644076,2.057048932098022,307.8051288762548,epoch_google_storey_county,11.458376558811679,-3.6137788086184024
2025-04-07,15.51703916192071,15.035169702048512,15.060830605792654,18.51229871220426,5.446607710628232,53.75135713690628,epoch_google_storey_county,-3.451468106411605,0.48186945987219865
2025-04-08,24.65294985241266,33.757676691334126,29.260653465324555,26.702482933917246,2.764380548330608,79.388999775147,epoch_google_storey_county,2.5581705314073098,-9.104726838921465
2025-04-11,35.3794383058494,66.33864965692403,41.535505449072815,38.69283830948051,2.3908219581865486,35.84620869391205,epoch_google_storey_county,2.842667139592308,-30.959211351074636
2025-04-13,20.445998201011026,21.61130114621403,26.148778346778702,20.108481922401303,2.9929293355043796,229.4062936166028,epoch_google_storey_county,6.040296424377399,-1.1653029452030026
2025-04-14,25.706809881692724,29.804582188372148,31.03041485043812,25.389761042359446,3.103573392953983,302.8180426370775,epoch_google_storey_county,5.640653808078675,-4.097772306679424
2025-04-15,29.502963986753215,32.85240990751723,33.88109236873595,29.894008063301303,2.089739060467515,291.6774976856225,epoch_google_storey_county,3.987084305434646,-3.349445920764012
2025-04-17,12.837734778013631,14.98836908718467,21.98257860912998,18.41870510082559,3.6834796005092403,162.01730946895032,epoch_google_storey_county,3.5638735083043898,-2.150634309171039
2025-04-18,23.019872483903004,20.385585147077933,29.242922239065333,19.02048455129231,3.5347805865781234,197.97530916146204,epoch_google_storey_county,10.222437687773024,2.6342873368250714
2025-04-20,27.801939851252648,28.968288816272977,23.331177893037726,34.62369068698841,2.1074026920518505,67.09189813716995,epoch_google_storey_county,-11.292512793950685,-1.1663489650203296
2025-04-23,23.340974404648744,31.711651813494104,24.10730032019544,29.12960016932851,3.432229136530351,60.62096823852903,epoch_google_storey_county,-5.02229984913307,-8.37067740884536
2025-04-24,23.569209177361927,23.996553627782585,31.972520022499012,24.762620806861353,2.509849112406317,303.5464229608288,epoch_google_storey_county,7.209899215637659,-0.4273444504206587
2025-04-28,18.917340028865627,18.055153837826726,25.94885162236575,18.024325973813628,2.378274119694514,194.48087479520322,epoch_google_storey_county,7.924525648552123,0.8621861910389015
2025-04-30,24.16297847078282,26.732388483482026,18.25753956566784,17.60227404706063,2.058754473206589,213.87780698583742,epoch_google_storey_county,0.6552655186072123,-2.5694100126992048
2025-05-01,44.20754250280604,28.412156994263498,37.95229864759839,30.774793960826866,3.0010522394083607,273.90860206174455,epoch_google_storey_county,7.177504686771524,15.795385508542545
2025-05-02,24.261613260307588,23.421340140566937,31.484509435150375,27.703889700104284,2.616662991476816,347.83201595762336,epoch_google_storey_county,3.7806197350460913,0.840273119740651
2025-05-05,37.47273345506078,28.329216259332973,36.576789413958515,28.68164764564114,3.2492608020877918,207.2866879559389,epoch_google_storey_county,7.895141768317377,9.143517195727803
2025-05-06,29.57134912224216,30.335301934716075,42.87578033823029,31.42075516872609,2.5117420940784547,233.22585669045128,epoch_google_storey_county,11.455025169504204,-0.7639528124739137
2025-05-09,29.122722257176207,27.164659019850973,36.34184453723995,29.419510067003316,2.894750367816377,334.1994460239824,epoch_google_storey_county,6.922334470236635,1.9580632373252342
2025-05-10,28.846270624341354,33.23117520347605,30.641896376660235,29.923490893213195,4.719816475669515,29.52673043670103,epoch_google_storey_county,0.7184054834470395,-4.384904579134695
2025-05-11,25.97869047363275,26.889318803167306,25.580351346659402,29.75924773311945,6.552701544519521,49.47307429491309,epoch_google_storey_county,-4.17889638646005,-0.910628329534557
2025-05-12,30.324166888199382,31.742406351450327,33.295864460274736,28.79464608910807,7.599110082530012,58.67021596992157,epoch_google_storey_county,4.501218371166665,-1.418239463250945
2025-05-14,24.619624079748622,30.67140300948355,31.347158574120236,23.524549072100594,2.6834307267461304,127.72349506610715,epoch_google_storey_county,7.822609502019642,-6.05177892973493
2025-05-18,26.46978678968915,24.732750781664272,28.65675661281012,28.351005371398404,3.717480111643833,144.00767451155468,epoch_google_storey_county,0.3057512414117163,1.7370360080248766
2025-05-19,27.093150634823257,29.789423225682267,28.923667887775682,33.67417064633598,2.2290500520800256,152.38282041112814,epoch_google_storey_county,-4.750502758560298,-2.69627259085901
2025-05-21,21.573566560862766,32.003673969827034,33.971722586748555,21.696949993869282,2.162551928601119,309.8681513902354,epoch_google_storey_county,12.274772592879273,-10.430107408964268
2025-05-22,30.43409051023836,41.33036690547733,27.230613081200573,29.21789770344904,4.806476383690288,74.47420458755346,epoch_google_storey_county,-1.9872846222484668,-10.896276395238967
2025-05-27,36.065040157341144,31.615125536691306,30.544808854838134,32.82034369434243,3.1968437193559684,268.7626924925532,epoch_google_storey_county,-2.2755348395042923,4.449914620649839
2025-05-28,29.229358900778212,30.16823397137778,37.07604610538096,27.39698841291334,2.266514306978035,345.9799880546898,epoch_google_storey_county,9.67905769246762,-0.9388750705995683
2025-05-30,29.07159563697556,25.548077371891967,35.830406811268226,31.23031560833821,2.5774624697409667,296.2696847661294,epoch_google_storey_county,4.600091202930017,3.5235182650835917
2025-06-01,16.123224051137573,24.868433756604798,15.38476240176778,8.970235669305124,4.436245405448725,58.64407570492381,epoch_google_storey_county,6.414526732462656,-8.745209705467225
2025-06-02,22.924586521787692,22.649749966668693,22.19436864706443,22.13823899815737,2.3406160809930774,234.56054798402113,epoch_google_storey_county,0.05612964890705996,0.2748365551189984
2025-06-06,25.92866790510192,18.71989716225704,21.20470938732026,18.452063923169458,2.0769130552029824,240.67455522918348,epoch_google_storey_county,2.7526454641508025,7.20877074284488
2025-06-08,11.518696904363946,2.495058492734862,0.5142136174162826,9.636494743817394,3.0296226673665703,249.0033920044093,epoch_google_storey_county,-9.122281126401111,9.023638411629083
2025-06-11,17.60786925942437,29.25935282995542,12.323008256366085,12.953890872167607,2.290816365070375,62.39787683894002,epoch_google_storey_county,-0.6308826158015215,-11.651483570531052
2025-06-13,24.895549865620154,25.208929748266925,24.986636821053654,20.694727830482424,3.570148471178514,49.97013824326632,epoch_google_storey_county,4.29190899057123,-0.3133798826467711
2025-06-14,17.970574073284936,15.804590900964335,22.618427869924485,18.682585371274644,2.0144922014128204,351.34399784260904,epoch_google_storey_county,3.9358424986498406,2.165983172320601
2025-06-16,20.58742337806661,32.29821188400942,23.377677948917828,21.10167119995961,3.35269868068345,77.01799347053037,epoch_google_storey_county,2.276006748958217,-11.710788505942809
2025-06-19,17.60817830508272,25.228836229392616,15.028243556227238,14.531725138615558,4.686695148285212,49.15492760325367,epoch_google_storey_county,0.49651841761168036,-7.620657924309896
2025-06-20,16.17736659014488,17.921214657455973,8.721070370758383,19.388417671611258,6.248325543808853,65.40291320965673,epoch_google_storey_county,-10.667347300852875,-1.7438480673110917
2025-06-23,18.09087807813686,7.40071298492964,21.819947521529656,-2.1959657868217706,2.6172926354320767,266.5917118850017,epoch_google_storey_county,24.015913308351426,10.69016509320722
2025-06-25,12.424667459925981,21.474337399286732,28.140765987167875,15.226594990380926,2.0192230896278676,5.97042267975047,epoch_google_storey_county,12.914170996786948,-9.04966993936075
2025-06-29,24.684098148125464,20.404284649306994,22.614680265323848,18.50105275411596,2.6710338812078738,234.9753867398567,epoch_google_storey_county,4.113627511207888,4.27981349881847
2025-06-30,19.063533986261284,20.760979400208594,22.573000620855442,20.32221769513842,4.166270555270721,315.60281162757695,epoch_google_storey_county,2.250782925717022,-1.6974454139473103
2025-07-01,22.980946615307825,31.931491258820405,35.276242412648664,16.686730384467843,2.0901029530789046,344.0238524487028,epoch_google_storey_county,18.58951202818082,-8.950544643512579
2025-07-06,18.428479712364723,13.230765682253912,15.514908809824888,16.753779310657375,3.0185623012268987,263.33363151606153,epoch_google_storey_county,-1.238870500832487,5.197714030110811
2025-07-07,17.51395140467201,16.14157027523792,18.587761597135184,18.134064508450265,2.4375292465294334,276.24980562243525,epoch_google_storey_county,0.453697088684919,1.372381129434089
2025-07-08,13.849670134600448,15.43284938295871,32.28268984904056,12.602162186719335,2.2802318017702365,330.94634086831303,epoch_google_storey_county,19.680527662321225,-1.5831792483582614
2025-07-09,19.723812152591254,33.441783074816975,27.098812163280577,25.123928294480038,3.8676479669074726,70.8790324380085,epoch_google_storey_county,1.9748838688005392,-13.717970922225721
2025-07-11,22.176989801830377,18.396123179145825,20.78099403311,17.587939421265435,2.5178814842960664,273.80835835805965,epoch_google_storey_county,3.193054611844566,3.7808666226845524
2025-07-12,18.528979588394645,16.07151751678721,15.06861808351316,14.325389831133624,2.616976374435413,269.84060465538585,epoch_google_storey_county,0.7432282523795362,2.4574620716074342
2025-07-13,25.293008326094917,18.568990092820815,16.99510776163628,17.15275701243051,2.4805005140292566,266.40110847691255,epoch_google_storey_county,-0.1576492507942291,6.724018233274101
2025-07-15,32.65098455538134,31.431072186283846,27.501000972124206,34.58449743312541,3.0340686278618474,91.16668836549104,epoch_google_storey_county,-7.0834964610012,1.2199123690974965
2025-07-21,13.487833790274859,17.557352034232633,11.601360352246644,11.24130119667542,4.711548526358006,59.25195541611879,epoch_google_storey_county,0.36005915557122314,-4.0695182439577735
2025-07-26,21.53904695144717,11.369439121051684,17.103761084472488,13.055794883024006,2.0020687900252585,132.17475630464526,epoch_google_storey_county,4.047966201448482,10.169607830395485
2025-07-30,24.810798278175447,22.60259377641329,20.709486923423256,22.972611302361262,2.825857445242305,146.59017800021417,epoch_google_storey_county,-2.2631243789380058,2.2082045017621574
2025-08-03,22.751390493327236,26.65433832798519,22.30302807311305,20.44850158755814,2.101445924816542,72.8052343405895,epoch_google_storey_county,1.85452648555491,-3.9029478346579545
2025-08-04,16.614376894263486,20.925554085418163,24.215483248468633,14.812329635320843,2.0238219749908084,83.81433372745732,epoch_google_storey_county,9.40315361314779,-4.311177191154677
2025-08-06,20.447020476091723,17.367513005350414,20.933343806023675,23.326219680003803,2.1891935042231743,108.0303654128897,epoch_google_storey_county,-2.3928758739801275,3.0795074707413086
2025-08-10,27.64711446578233,19.845039443202545,18.311294072268577,20.74618374303634,2.32017434249447,261.8135612357411,epoch_google_storey_county,-2.434889670767763,7.8020750225797855
2025-08-21,30.237831568654475,22.02613168794793,28.912228917012666,24.144851303423284,2.1847986898142384,269.663665446501,epoch_google_storey_county,4.767377613589382,8.211699880706544
2025-08-26,18.311180927328092,31.034915427477454,28.669556397018596,30.385759094569025,2.209993899966014,119.97392953358246,epoch_google_storey_county,-1.716202697550429,-12.723734500149362
2025-08-30,20.90706999949671,23.05657400316171,22.90205959824509,28.14504672468531,2.6267685685884032,314.20556582010795,epoch_google_storey_county,-5.242987126440223,-2.149504003665001
2025-09-03,17.678183418771933,13.007822160541776,31.57458296932408,15.575238921927266,2.764922554201509,268.74142897598375,epoch_google_storey_county,15.999344047396814,4.670361258230157
2025-09-06,19.08740679973824,18.407649378059993,19.594431545288046,23.354195386634217,2.0389776132402226,21.270564263069048,epoch_google_storey_county,-3.759763841346171,0.6797574216782465
2025-09-07,18.673520232657367,11.124600511808174,14.667307601271602,12.878940591813235,2.779999413387995,29.52397010721586,epoch_google_storey_county,1.7883670094583675,7.548919720849193
2025-09-08,17.663310838464138,18.665030548652823,20.735516006014628,11.94425453660423,2.623041944031366,28.695939979343905,epoch_google_storey_county,8.791261469410397,-1.0017197101886843
2025-09-16,23.399324648142585,23.650289306811686,27.135536623549648,22.159418395874876,2.332010079683058,293.9314350289677,epoch_google_storey_county,4.976118227674771,-0.2509646586691012
2025-09-17,20.205243368930063,17.35468967052909,20.39385975226413,18.345486423447404,2.403415837459298,290.20503529824975,epoch_google_storey_county,2.0483733288167265,2.8505536984009723
2025-09-21,21.4639151356985,17.65368832629926,22.010629853235336,20.99703384040357,2.3275527460066643,111.19872355369233,epoch_google_storey_county,1.0135960128317656,3.8102268093992393
2025-09-22,18.949609608959246,31.15792745359715,23.261478403841515,17.522627885090774,2.4751032581794457,247.69743311504328,epoch_google_storey_county,5.738850518750741,-12.208317844637904
2025-09-23,23.996301718347752,25.63243346117227,25.077743288385083,23.066198301840537,3.0616869361563257,282.55462306266776,epoch_google_storey_county,2.0115449865445463,-1.6361317428245172
2025-09-24,20.046774565300794,16.755796088933785,16.763623273882327,15.53805136773926,3.3474720258916952,295.58727564524423,epoch_google_storey_county,1.2255719061430668,3.290978476367009
2025-09-26,11.422651524025309,16.40420368231982,9.310168084836254,5.362644932978636,2.317432261573173,218.64448972456498,epoch_google_storey_county,3.9475231518576184,-4.981552158294512
2025-09-27,15.723262846431082,18.14239290744407,11.159239961789778,12.977709607159921,2.4052225718635483,305.2960243667794,epoch_google_storey_county,-1.8184696453701434,-2.4191300610129876
2025-10-01,8.775494807274452,15.94507609935721,14.829494304590694,6.609277844937984,2.2622762290357574,29.593962063327012,epoch_google_storey_county,8.220216459652711,-7.169581292082759
2025-10-05,12.934383793548395,14.406175278263767,14.549250870897692,14.972253158731323,2.79967615267363,289.07643897460844,epoch_google_storey_county,-0.42300228783363103,-1.4717914847153715
2025-10-06,27.702628594537856,19.396348102010922,26.66853079321655,19.47380665386743,2.6981189274519117,278.9116442306886,epoch_google_storey_county,7.19472413934912,8.306280492526934
2025-10-07,16.584012064424954,14.494539336657375,25.547923762423597,17.002436748815896,2.22206647939413,300.7013770825778,epoch_google_storey_county,8.545487013607701,2.0894727277675784
2025-10-10,17.622103769703354,12.87890989035805,14.8208884679893,13.097539873793727,4.213221175541671,26.306184499443702,epoch_google_storey_county,1.7233485941955742,4.743193879345304
2025-10-19,16.321045524956705,11.429872126940246,20.357847944494786,11.590204091140585,3.8884588603035057,72.6958030712151,epoch_google_storey_county,8.767643853354201,4.891173398016459
2025-10-20,21.23719602161562,9.31306953734455,8.737729040174301,13.377106423555384,2.5020106775933217,273.47951422697673,epoch_google_storey_county,-4.639377383381083,11.92412648427107
2025-10-26,17.426018647587533,10.373373141628074,7.49786189129615,16.710838727516318,4.883090530133147,50.047603025957756,epoch_google_storey_county,-9.212976836220168,7.052645505959459
2025-10-28,17.272562015108967,10.104043835646344,16.35333626798735,7.3683539410581,2.0395129898284514,288.0970754944849,epoch_google_storey_county,8.984982326929249,7.168518179462623
2025-11-03,17.47745208209315,21.549892652237975,31.181821831029808,20.876823582682245,2.6344009785037468,43.86638327019426,epoch_google_storey_county,10.304998248347562,-4.072440570144824
2025-11-05,8.209360359077577,13.142832562654572,11.5963254137029,7.515738167629165,5.292027957575309,40.55846849336382,epoch_google_storey_county,4.080587246073735,-4.933472203576995
2025-11-07,31.93073180000303,36.84206437980415,39.03946699556191,37.94359737894907,2.226337054787809,106.93387508855255,epoch_google_storey_county,1.0958696166128377,-4.911332579801119
2025-11-21,26.42113065190512,22.95529157244665,28.18384880757143,30.75331541072929,2.467700606295453,296.50609162762754,epoch_google_storey_county,-2.56946660315786,3.465839079458469
2025-11-30,24.207032535252708,23.127293706905682,21.545527446668643,22.264073651090865,2.2113525651878083,199.48118689365188,epoch_google_storey_county,-0.7185462044222213,1.0797388283470255
2025-12-17,23.44327729829204,28.950906102232587,29.408249433524386,24.81729827302136,5.067948280378935,76.75984062482775,epoch_google_storey_county,4.590951160503025,-5.507628803940548
2025-12-18,35.61762537891637,26.813324242476046,46.29925768420412,24.211456960117236,2.1591913165958685,50.10748237681753,epoch_google_storey_county,22.087800724086886,8.804301136440326
2025-12-21,28.3831127024791,30.120236780876862,26.83335995398511,29.329815978647503,5.217942526826477,41.704550665411716,epoch_google_storey_county,-2.4964560246623932,-1.7371240783977626
2025-12-26,2.7504763405029298,8.87554906940877,9.166006510063621,8.297151154828722,2.151488750836468,26.5502404549664,epoch_google_storey_county,0.8688553552348992,-6.12507272890584
2026-02-18,9.075894838928654,23.07400352294038,16.72661573506372,13.461502676979944,2.3812494499402983,63.124151784267895,epoch_google_storey_county,3.2651130580837773,-13.998108684011726
2026-02-22,20.783017625727787,18.168848952479642,23.432489056927707,19.40368795786838,2.0645413941802446,320.80611595887115,epoch_google_storey_county,4.028801099059326,2.6141686732481446
2026-03-03,31.27131592882718,29.27479786319271,34.002783270136895,30.756689310694377,2.38141216067911,308.9193051939568,epoch_google_storey_county,3.2460939594425184,1.9965180656344685
2026-03-04,18.434248969997437,17.124454077647016,17.254107273454753,18.07077649225544,6.45214420242486,77.03518639928166,epoch_google_storey_county,-0.816669218800687,1.3097948923504212
2026-03-05,18.812988893851585,16.21469272854657,12.904326985408588,15.209863770663759,2.260952267709858,167.97804504516046,epoch_google_storey_county,-2.305536785255171,2.5982961653050154
2026-03-07,15.059266329327533,15.282168815202658,28.1904026918445,14.632566389356874,2.2289165478924167,264.63557730773766,epoch_google_storey_county,13.557836302487626,-0.2229024858751245
2026-03-10,19.064498293235623,24.77803401042025,21.771968524903716,30.95018207393213,4.913311813587099,96.30119641718625,epoch_google_storey_county,-9.178213549028413,-5.713535717184627
2026-03-12,30.7448764575887,43.679192292154625,25.901776408803293,28.10276040601025,2.30874579112216,71.0896480051187,epoch_google_storey_county,-2.200983997206958,-12.934315834565925
2026-03-14,16.254890884713152,10.57744770524384,16.412528854204563,15.59898249617649,4.658940978243968,117.43920590529655,epoch_google_storey_county,0.8135463580280735,5.6774431794693125
2026-03-20,24.17178673791432,22.456043198361968,37.008588248513746,28.861844207352398,2.170555566651825,322.1519351122591,epoch_google_storey_county,8.146744041161348,1.7157435395523528
2026-03-21,19.881551130625,22.254598612914197,22.36241457945932,18.346073941711175,3.6671540794751345,85.78311852788704,epoch_google_storey_county,4.016340637748144,-2.3730474822891985
2026-03-23,7.8943806219446,18.77253624930247,22.73298842633777,13.349031153991163,3.975469609376298,74.33684152494459,epoch_google_storey_county,9.383957272346606,-10.87815562735787
2026-03-24,12.69571799789509,19.978160999304084,15.683731081562922,10.299627387181692,3.5108357377248605,65.42476612411065,epoch_google_storey_county,5.3841036943812295,-7.2824430014089945
2026-03-25,18.370012170792055,39.26396335589206,17.146622380278043,22.83613066089766,3.3389593256739545,80.3887607040379,epoch_google_storey_county,-5.689508280619616,-20.893951185100004
2026-03-26,18.690268556559303,18.26651872948542,11.74972530555613,16.47935191289088,3.543516331576691,218.6540863208148,epoch_google_storey_county,-4.729626607334751,0.423749827073884
2026-04-01,2.20358652157884,13.205825411024733,11.494587308026594,0.3894301587641369,5.99911964044488,45.78498092506686,epoch_google_storey_county,11.105157149262457,-11.002238889445893
2026-04-02,17.065669462218278,16.655672004391036,18.819243583616768,26.0840403959201,4.70556391276878,120.13784557731663,epoch_google_storey_county,-7.264796812303331,0.4099974578272416
2026-04-03,18.983269760390943,14.684613534053309,16.785845071305125,12.477888266381052,3.697302811003668,290.69940471497245,epoch_google_storey_county,4.307956804924073,4.298656226337634
2026-04-04,13.44420276403122,5.124149173213275,17.48799139516578,7.252862383357539,3.4352765892735175,291.97476508900183,epoch_google_storey_county,10.23512901180824,8.320053590817945
2026-04-14,26.620191227473196,19.68546045531307,27.122886127493548,25.34273521671666,2.59838763299658,99.5214532703614,epoch_google_storey_county,1.7801509107768858,6.934730772160126
2026-04-16,17.256609108822683,15.897516271169092,17.92836241022235,20.69178040901679,3.5325536709817675,140.75631309564488,epoch_google_storey_county,-2.7634179987944414,1.3590928376535913
2026-04-17,12.43619894776798,6.225394249384308,14.55621128841388,7.782387036263701,3.70841683971866,299.2460906002755,epoch_google_storey_county,6.773824252150179,6.210804698383672
2026-04-19,20.9397185970563,18.961312389745416,27.944616423962696,15.417825854509557,2.764239149767147,342.2296937445228,epoch_google_storey_county,12.526790569453139,1.9784062073108828
2026-04-20,15.167974606872184,12.809019718532905,13.457373544708384,15.923268555599206,4.478500275341488,15.793088499356315,epoch_google_storey_county,-2.465895010890822,2.3589548883392784
2026-04-25,20.279887728263898,20.115618512065453,25.665386200468124,16.844252440920382,3.354684428916039,70.233816169114,epoch_google_storey_county,8.821133759547742,0.16426921619844492
2026-04-26,1.1191492326921784,8.321661031338037,9.017184850254104,17.23231663679993,3.8803820713169825,102.78074807292677,epoch_google_storey_county,-8.215131786545825,-7.202511798645858
2026-04-30,10.35630782606476,14.629205410263449,14.651834425873476,15.98947634302717,2.5230951218104862,262.1321634673839,epoch_google_storey_county,-1.337641917153693,-4.272897584198688
2026-05-01,17.3700953741152,11.3900348665031,19.910586983368514,11.29866544998817,2.7228298500057417,276.8677800431453,epoch_google_storey_county,8.611921533380345,5.980060507612098
2026-05-04,21.47158401465116,26.820079380221415,31.59552101557877,30.229160109794506,2.919609828762164,128.2479142871333,epoch_google_storey_county,1.366360905784262,-5.348495365570255
2026-05-05,26.486026745387683,23.704811443715563,24.047781568172187,28.68799746881942,2.9301114591962722,181.08270847346316,epoch_google_storey_county,-4.6402159006472345,2.7812153016721197
2026-05-06,16.96371384521733,16.93970880828437,19.0240500177922,16.22848442452719,2.473581118825714,179.64496655636503,epoch_google_storey_county,2.7955655932650103,0.024005036932962298
2026-05-07,24.336446405033662,20.52525503031875,24.361387956798144,23.759818574921688,3.385378884016204,98.29165609758479,epoch_google_storey_county,0.6015693818764554,3.8111913747149124
2026-05-09,18.8310825956308,18.056289902134335,15.000818838592519,23.844201333753613,2.5481324700026917,272.72555264239713,epoch_google_storey_county,-8.843382495161094,0.7747926934964653
2026-05-10,20.599815053577526,19.676932036339803,16.82962398161147,21.760718943675982,2.518981355441194,341.30625191940214,epoch_google_storey_county,-4.931094962064513,0.9228830172377229
2026-05-11,20.880523515611717,25.261965621628942,25.999936750392912,16.780043448066102,2.098988023070772,357.66435882283315,epoch_google_storey_county,9.21989330232681,-4.381442106017225
2026-05-12,19.015933037842597,23.26328527477794,17.474201131321617,14.618136540554982,4.463947246838582,19.999638328469757,epoch_google_storey_county,2.8560645907666355,-4.247352236935342
2026-05-13,22.841981599206864,29.659144892358558,25.21790558793832,27.09530919417153,5.614578774005902,86.26739582586549,epoch_google_storey_county,-1.8774036062332122,-6.817163293151694
2026-05-16,7.823590179579252,8.431580360971937,9.131965145728003,8.755216991681724,2.4212970050129035,159.20661462938938,epoch_google_storey_county,0.3767481540462789,-0.6079901813926849
2026-05-17,22.983613002868164,23.103896842494006,30.384020843565796,25.723735409519833,5.881523102933808,177.44519419278117,epoch_google_storey_county,4.660285434045964,-0.12028383962584144
2026-05-19,16.80668076981624,16.458077349382897,25.514538103931958,14.081046201525883,2.993486851502227,287.5482953613473,epoch_google_storey_county,11.433491902406075,0.34860342043334214
2026-05-23,16.42657466814475,24.967304576994067,19.865784015639814,13.789811552477186,2.0282951305722086,63.04585114098393,epoch_google_storey_county,6.075972463162628,-8.540729908849318
2026-05-25,3.8373388236168258,14.799316340610567,26.96890005724637,9.580167676569692,2.4169016890399537,31.80205461504903,epoch_google_storey_county,17.38873238067668,-10.961977516993741
2026-05-30,17.983767026711202,12.278717103802274,18.935606307110756,15.791465378987525,2.1017933401550346,133.18992383146121,epoch_google_storey_county,3.1441409281232318,5.705049922908929
2026-06-03,23.734061855798824,35.95056192167602,37.9329433970796,23.21868887251737,3.0804966829726173,64.69449741234962,epoch_google_storey_county,14.714254524562229,-12.216500065877195
2026-06-09,25.764489236843993,23.923099964121025,27.47641853997846,30.495899773846983,2.6401493519489345,125.97211851573479,epoch_google_storey_county,-3.0194812338685217,1.8413892727229673
2026-06-10,26.790083661879535,27.909341706445538,27.39112160220578,30.308684920510448,2.0724052830990196,172.41923080126753,epoch_google_storey_county,-2.917563318304669,-1.1192580445660028
2026-06-11,23.486039549329398,19.9146457397309,28.01066574638771,18.51623911827156,2.378046311164511,286.00982657548946,epoch_google_storey_county,9.494426628116148,3.571393809598497
2026-06-13,18.18282796039395,8.770311937058493,16.852896029955758,16.292176193502293,2.594692450573459,236.95803074690974,epoch_google_storey_county,0.5607198364534653,9.412516023335458
2026-06-14,19.292612404013717,17.832376714675217,18.1906985377306,11.660810106144188,2.6439012638532273,239.98390720480415,epoch_google_storey_county,6.5298884315864125,1.4602356893385
2026-06-17,18.78992050366413,22.123315878066816,22.415290095826332,19.661401078918956,2.1222631962141074,155.22465802880185,epoch_google_storey_county,2.753889016907376,-3.3333953744026843
2026-06-24,15.069463215536794,25.32469846498921,21.013241958545468,27.54102316034011,2.576867778084263,80.68462061656112,epoch_google_storey_county,-6.527781201794642,-10.255235249452417
2026-06-26,13.313159338771262,22.785113708062642,16.827741942683662,15.01188821563474,5.461005963865132,71.93484674483915,epoch_google_storey_county,1.815853727048923,-9.47195436929138
2026-06-27,14.712483736031324,23.539877808602704,21.344473702403373,17.177668950401603,5.191419091904991,93.42683436554682,epoch_google_storey_county,4.16680475200177,-8.82739407257138
2026-06-28,17.776921450066506,18.283489494583662,19.689178331354956,17.976285880607698,2.991198714630935,159.87681812120604,epoch_google_storey_county,1.7128924507472583,-0.5065680445171559
2026-06-29,9.877353794282252,7.471775189473511,14.130285826753667,5.386745278934856,2.4041722421857625,273.4997094016977,epoch_google_storey_county,8.74354054781881,2.405578604808741
2026-07-10,21.03333004213845,31.502407420661868,32.051696600917836,19.444589515891398,2.713305095839467,50.56506859949263,epoch_google_storey_county,12.607107085026438,-10.46907737852342
2026-07-11,15.78759791071246,19.94291739469208,19.035934538460378,18.204855356489396,2.001338748471441,18.805868207513242,epoch_google_storey_county,0.8310791819709813,-4.155319483979621
2026-07-16,26.33684684345254,25.93314234214809,35.87149288270475,26.119115072323513,2.1096567086269715,11.527784245002692,epoch_google_storey_county,9.752377810381237,0.4037045013044498
2026-07-20,31.235457244799004,27.766013125426916,31.813578396720875,24.62382841835987,2.1506142912933655,133.20135163867985,epoch_google_storey_county,7.189749978361004,3.4694441193720884
2026-07-25,17.959732406760796,20.94001033957848,20.536513479987363,18.851137610636044,3.4164443064094994,58.16429888641011,epoch_google_storey_county,1.6853758693513186,-2.980277932817682
2026-08-03,22.350260700087546,21.796843683921786,13.83265890690404,21.123291721100454,2.336073790977531,241.89807978496862,epoch_google_storey_county,-7.290632814196414,0.5534170161657599
2026-08-14,21.294492581533145,17.76772302732312,27.87182449777084,13.567037019394125,2.1553533330341756,285.9680726456969,epoch_google_storey_county,14.304787478376717,3.5267695542100235
2026-08-16,17.635884213689394,13.876708858181036,24.75231884714583,10.844699088824523,2.137989916406821,297.0527821183607,epoch_google_storey_county,13.907619758321307,3.759175355508358
2026-08-22,16.36758128109509,19.018581371579913,16.730978799746563,20.64106543985032,3.5199547752392317,38.29846146844841,epoch_google_storey_county,-3.9100866401037564,-2.651000090484821
2026-08-23,20.340839667184095,31.139249040340033,35.1742277507313,18.12850440275106,2.1306536105417377,335.6687548319255,epoch_google_storey_county,17.04572334798024,-10.798409373155938
2026-08-24,14.804571661325616,21.907241743731714,23.629509407179206,24.86898772782394,2.505779570798556,4.290758118732754,epoch_google_storey_county,-1.2394783206447322,-7.102670082406098
2026-08-25,20.211630901524202,21.72219145079186,25.104783389389375,20.51961232319368,3.520827221533736,8.69671861645952,epoch_google_storey_county,4.585171066195695,-1.5105605492676588
2026-08-26,13.403885604535674,11.92386959117874,19.949405827319186,9.036256693489555,3.6964533440923604,36.73551007605914,epoch_google_storey_county,10.91314913382963,1.4800160133569342
2026-08-27,20.158007918067646,18.611575198633215,19.41114681206181,16.374360211568852,3.0159135708149036,44.9515225229585,epoch_google_storey_county,3.036786600492956,1.5464327194344314
2026-08-29,21.165191476920615,28.00346111509529,24.76396133838885,23.23222376469074,3.6989370624597844,59.274162210815575,epoch_google_storey_county,1.5317375736981091,-6.838269638174676
2026-09-01,18.11289427946593,22.88783892124207,18.020835894919095,7.437898539995561,3.789755522708662,36.12627170189501,epoch_google_storey_county,10.582937354923533,-4.774944641776141
2021-07-15,26.934077709228045,31.685044567211026,29.461461261843674,25.34076844435611,2.2922353017364694,60.806421135659036,control_1,4.120692817487562,-4.750966857982981
2021-07-20,22.944300349647136,24.168465955596446,20.686785269320872,23.885581303524805,2.4327162481274796,6.346283644994628,control_1,-3.1987960342039337,-1.2241656059493096
2021-07-27,32.73096610178001,41.96052398874628,23.778139872179715,42.8282401191582,4.691367768375052,112.00691426026924,control_1,-19.050100246978488,-9.229557886966269
2021-07-29,22.635050781458958,23.198935236640516,21.537260814662062,21.125466326585492,2.233850876761532,242.425672616891,control_1,0.4117944880765698,-0.563884455181558
2021-08-05,12.69556703709252,16.218744606998275,9.105253557927114,11.937153373163694,6.046119239620757,44.902047231183246,control_1,-2.8318998152365804,-3.523177569905755
2021-08-07,20.575670459773615,19.990570680548934,19.68586629387826,17.03816985613759,2.1870646571788526,305.8484696990388,control_1,2.64769643774067,0.5850997792246808
2021-08-10,18.027486913238818,20.594533922206693,24.230713337785637,22.07084315433128,3.2278956108210473,238.44490390859238,control_1,2.159870183454359,-2.567047008967876
2021-08-12,19.22339014196712,17.923543058517595,16.250833310233272,19.586408442782005,2.333833622365868,189.9089072743103,control_1,-3.3355751325487333,1.2998470834495244
2021-08-17,39.014726626997295,36.276983438982185,41.75812765746409,37.14975602270459,5.056767525164489,69.67699452349245,control_1,4.6083716347595,2.7377431880151093
2021-08-18,14.137752101192664,12.196176933505342,12.029750380870436,10.625170126278826,4.317534177376491,184.76850939967406,control_1,1.4045802545916093,1.941575167687322
2021-08-19,15.566917507252063,15.18292372512033,15.118912799968472,12.180315838904939,3.354886312144863,160.75626767244887,control_1,2.938596961063533,0.3839937821317321
2021-08-20,19.34530566127156,23.68627634214982,20.47642935469631,22.113005252836,2.0522707388086907,291.4714395169328,control_1,-1.6365758981396894,-4.340970680878261
2021-08-28,16.021577424474213,13.906992290815968,14.970503702403322,17.89840411903804,2.3657296720076935,247.73416977385767,control_1,-2.927900416634719,2.1145851336582453
2021-08-30,34.97570058707146,33.145924426086786,34.726394148466085,31.831981980252564,2.885955259693436,22.248915327445218,control_1,2.8944121682135204,1.8297761609846717
2021-08-31,28.569464392795595,31.13914446037819,28.721476974194427,28.23016882326577,2.510753613340394,30.10887179879785,control_1,0.4913081509286563,-2.5696800675825955
2021-09-03,17.329838008362184,15.877735354345173,14.306839066453705,18.26277315390248,2.316154967072662,237.3383009796528,control_1,-3.9559340874487745,1.4521026540170112
2021-09-10,17.264977934147378,30.996482493952147,27.04214082958156,16.224538725199043,2.977185399270576,64.38940709484325,control_1,10.817602104382516,-13.731504559804769
2021-09-16,18.390045592848352,12.053645384368622,17.41037701650787,15.240197741248348,2.4702878478842036,202.16457124071928,control_1,2.170179275259521,6.336400208479731
2021-09-17,16.482686750340175,16.219774712421845,16.663285944165413,15.651796973149438,2.523491395794209,335.1329223782399,control_1,1.0114889710159751,0.26291203791832984
2021-09-18,10.837466191932927,11.789158233645097,14.51887913308372,11.271791935578989,6.719609916328244,42.03488497956545,control_1,3.2470871975047313,-0.9516920417121693
2021-09-19,13.997582742695133,12.242399059562565,12.505170094518592,10.597187832236086,4.35429225767154,131.45427736399216,control_1,1.9079822622825056,1.755183683132568
2021-09-20,11.96598171113845,12.224999693555693,11.84037566933516,10.437576777459313,2.848203365760786,264.6460134090781,control_1,1.4027988918758467,-0.2590179824172427
2021-09-21,17.457241522215455,15.459574745520706,18.516790487655097,18.232294941449425,2.205479134831281,309.20873299403576,control_1,0.2844955462056724,1.9976667766947482
2021-09-23,14.57075418510625,11.189464951848967,12.580509976275836,14.026738209313896,3.1957981619321467,221.59740558450616,control_1,-1.4462282330380596,3.3812892332572826
2021-09-26,16.91565425358521,20.54079477968606,18.794313658546262,17.865631199582484,2.4669483217656047,22.579259917497097,control_1,0.9286824589637774,-3.62514052610085
2021-09-27,20.53023490658106,20.785818953817586,16.143007330520824,19.479547063666736,3.231991775013932,47.00362794498756,control_1,-3.336539733145912,-0.2555840472365247
2021-09-28,13.527725247841976,3.851891610484154,11.081966185299384,5.249564346815254,3.842316186178549,192.09254017305463,control_1,5.83240183848413,9.675833637357822
2021-09-29,12.771233008197367,8.204965390971465,12.639215174132746,10.543795352950736,2.150176185518989,255.59039645560864,control_1,2.095419821182009,4.566267617225902
2021-09-30,16.97068034487608,16.692014144050795,13.388066518241262,12.823164270357603,2.1747481008656857,263.17388783745525,control_1,0.5649022478836585,0.2786662008252847
2021-10-11,5.813095993997107,5.463147607695691,6.581393000592183,3.936066059847693,7.438485314739477,176.65253165748254,control_1,2.6453269407444897,0.3499483863014161
2021-10-12,19.178427928764588,17.748871880158763,25.36326516886166,12.237069229628755,2.876767477137146,167.79998486243414,control_1,13.126195939232904,1.429556048605825
2021-10-18,21.68919844172708,19.413148666908853,17.25289577503967,22.49697855479276,4.7907489026390415,117.338593692997,control_1,-5.244082779753093,2.276049774818226
2021-10-19,6.524206119704296,10.532027241471583,8.521031894745494,8.80466121746503,2.7514121950083035,318.1858623198051,control_1,-0.2836293227195359,-4.007821121767288
2021-10-22,24.08253193152213,40.41179575575861,27.811490189805667,32.18171300221147,4.55465506878677,78.13921774859142,control_1,-4.3702228124058,-16.32926382423648
2021-10-23,20.272533845971946,16.773549956111335,14.314967137424134,25.089890909733427,3.214161773632961,59.79556536320291,control_1,-10.774923772309293,3.498983889860611
2021-11-04,18.189486996281797,24.523071287817363,21.049905521968274,17.711473087570713,5.417866931938928,66.7676244088425,control_1,3.3384324343975607,-6.333584291535566
2021-11-07,24.767000410729466,14.325669594506628,15.645502657739115,16.069864495603273,2.3125476350843712,201.144435046016,control_1,-0.4243618378641578,10.441330816222838
2021-11-09,18.138258292743174,21.527823838483382,13.788989429960381,25.02887643592979,5.100058681802259,63.06416843898711,control_1,-11.239887005969408,-3.389565545740208
2021-11-16,33.299398601387715,19.0266315116437,30.65093521379579,24.247828238134097,3.1462114624010455,175.77018421532603,control_1,6.403106975661693,14.272767089744015
2021-11-20,22.72544082547581,17.640233704076675,22.781715365686118,17.900462865764805,2.831876740526145,209.98736813580618,control_1,4.881252499921313,5.0852071213991366
2021-12-12,4.6718403018413595,29.397347846966696,7.726291399391281,0.7510293524660809,3.629605202768484,7.427306031478452,control_1,6.9752620469252,-24.725507545125335
2021-12-15,12.922933814488701,10.546063731238048,10.01364511408209,3.8131722079481576,3.857405548314023,8.993468084879282,control_1,6.200472906133932,2.376870083250653
2021-12-24,21.627173188433193,15.755149118819585,24.69629413565284,20.589511303632907,4.612610547307456,21.61108518602822,control_1,4.106782832019931,5.872024069613609
2021-12-25,18.31162453386787,14.313293071852135,17.754152266979148,22.86614645735509,8.01698170629495,20.48081702565804,control_1,-5.111994190375942,3.998331462015736
2021-12-27,3.3858388774974086,14.273788201374586,11.99476805663186,8.736480833572434,3.8328572546307056,51.23659611620417,control_1,3.258287223059426,-10.887949323877177
2021-12-31,22.362912548125973,8.137960789463731,22.705436088433803,8.839269816561195,3.5420815657721283,157.05480271400916,control_1,13.866166271872608,14.224951758662241
2022-01-05,24.557734379382126,27.596430802706156,25.660221326945496,19.726881834500176,2.426240311531311,61.11104652045259,control_1,5.93333949244532,-3.03869642332403
2022-01-07,12.252202046463415,12.249393155980563,10.81370800124622,21.14367901452584,3.1475023780017573,59.066160496090845,control_1,-10.329971013279621,0.0028088904828518224
2022-01-21,8.472730519840612,8.15027949767323,14.895488993397334,11.645497997802153,4.222870846225312,215.3839747438047,control_1,3.249990995595182,0.32245102216738175
2022-01-25,24.25616763791051,18.27859052143544,23.81933531604997,22.074855647549196,2.57317034923758,246.51432446412895,control_1,1.744479668500773,5.9775771164750715
2022-02-01,8.207659182796597,8.085087095491174,7.50957821052217,8.048902778367,3.101949255277675,217.60533206702542,control_1,-0.5393245678448295,0.12257208730542324
2022-02-02,18.066659043125398,15.265990506641707,20.519879618838996,14.916273671002742,2.1009822585663893,217.83600105536354,control_1,5.603605947836254,2.800668536483691
2022-02-14,20.584433330021266,17.909995135174,23.532726241465358,23.272066835804225,3.4300709307671524,20.835420305100797,control_1,0.26065940566113355,2.6744381948472657
2022-02-16,11.26047664708756,15.744545210342103,12.315571350031504,14.2119159019946,3.694884355618572,146.54351756748167,control_1,-1.8963445519630948,-4.484068563254544
2022-03-04,1.320466797419498,42.60610739098304,18.29884183355311,13.78592967508877,2.1491994973264994,34.235218181515904,control_1,4.512912158464339,-41.28564059356354
2022-03-06,24.210974468951125,13.190850054384171,22.62686576055586,16.27257399336786,3.2258841856066023,164.80865520282578,control_1,6.354291767187998,11.020124414566954
2022-03-07,37.74613450077503,28.483244391128334,35.576340190123,36.553423353653514,2.0753260255626564,190.3042247624104,control_1,-0.9770831635305157,9.262890109646694
2022-03-08,22.762097664115217,11.711473384044861,16.53534927401259,19.46092962727951,2.965878253139785,124.10897692202542,control_1,-2.92558035326692,11.050624280070355
2022-03-09,30.246367192623556,15.884084639622756,22.86867225098551,18.26582846295703,4.00923253512172,134.40125520236097,control_1,4.60284378802848,14.3622825530008
2022-03-10,17.246088988083017,17.710209282316956,17.621374073553483,16.933189837774197,2.201071228854801,233.11651813389142,control_1,0.6881842357792856,-0.46412029423393975
2022-03-12,15.24289126732478,17.957536144492465,15.170090410345631,21.496946060216164,2.899236984193969,16.595580464991656,control_1,-6.326855649870533,-2.714644877167686
2022-03-13,20.119999590369726,19.33369305795004,15.779470537740352,15.344393883472138,6.872134224564276,95.82149007337472,control_1,0.4350766542682134,0.7863065324196867
2022-03-16,16.30319241555683,7.016836157509812,11.075348345112173,11.941118676218785,2.8822515639330515,143.7410520717474,control_1,-0.8657703311066118,9.286356258047018
2022-03-20,26.062009177381498,18.94912143663473,19.26224455145838,18.57395275913458,3.1370928363203188,168.54736358149603,control_1,0.688291792323799,7.112887740746768
2022-03-22,25.523705956963703,25.579434874604367,23.017333050174148,21.15540322827478,2.652808215210853,229.53606617310956,control_1,1.8619298218993698,-0.05572891764066412
2022-03-24,15.968914194865626,17.20630118391023,16.355373184981733,16.224178834330665,2.1435781629255564,355.9486865500756,control_1,0.131194350651068,-1.2373869890446052
2022-03-25,16.7593280897354,30.0120403275522,19.816757563935596,24.251472896462417,2.5039762621154362,27.820399562503553,control_1,-4.434715332526821,-13.252712237816798
2022-04-01,19.60748049575787,28.342719229039236,22.10826544054227,24.232136732240264,2.242131340860677,293.358393072564,control_1,-2.123871291697995,-8.735238733281367
2022-04-02,24.75387030104394,15.119488658155028,20.62396967628371,16.756270488430495,3.6614596819529908,182.97252720326043,control_1,3.8676991878532156,9.634381642888911
2022-04-05,22.81971024052968,16.86568132650621,19.627599148413452,14.19241032858612,3.968080779451532,176.04722349276312,control_1,5.4351888198273315,5.954028914023471
2022-04-06,15.828434005115106,19.832701928664598,20.312516382909312,15.711386810905978,2.4381526006117924,251.45815095416862,control_1,4.601129572003334,-4.004267923549492
2022-04-07,20.211927209102203,17.287195711942726,16.648762056154858,20.538034468177923,2.039183975337279,287.5643240148969,control_1,-3.8892724120230646,2.9247314971594776
2022-04-09,20.36277318526436,10.805270121910242,16.774201918043477,10.939038366577192,4.157725648056755,173.7673713769559,control_1,5.835163551466286,9.557503063354117
2022-04-11,26.86457353289416,19.071816784115924,26.486720622862716,21.132585365319763,9.3385701349898,51.71707600407319,control_1,5.3541352575429535,7.792756748778235
2022-04-12,23.93062811064056,22.123377349939002,17.451146773736273,25.00143860146196,4.317123536578176,103.28906836718699,control_1,-7.550291827725687,1.8072507607015567
2022-04-13,13.624642372247417,19.354083795574844,14.966869603301411,27.10620619022112,5.098610081656933,82.9679052038,control_1,-12.139336586919708,-5.729441423327428
2022-04-15,11.244707606874853,34.50258984840225,19.80954865524304,22.167477535080938,4.487646311856292,66.7800297316652,control_1,-2.357928879837896,-23.257882241527398
2022-04-16,14.936264738093035,15.237629225493562,14.824085006211856,21.541449079697646,8.964832324684826,61.73604064593667,control_1,-6.71736407348579,-0.30136448740052657
2022-04-17,27.53748574461148,34.68258764390533,22.062868516817893,28.115160133428123,2.1739326500161282,19.393698926746936,control_1,-6.05229161661023,-7.145101899293849
2022-04-18,19.006525361009974,24.817344927617146,20.358238874792825,23.29463051451623,6.261484704623234,40.231947191483755,control_1,-2.9363916397234036,-5.810819566607172
2022-04-20,15.63814293786084,15.778309324337096,16.34673022749163,19.731307653257094,4.415060267391438,40.62255800085046,control_1,-3.384577425765464,-0.14016638647625612
2022-04-22,10.94619119274329,14.397537277665197,17.618111146195105,20.50670495109043,4.707659920973953,133.28451549196404,control_1,-2.8885938048953257,-3.451346084921907
2022-04-24,17.85954201844225,21.607673563406742,21.83641893088883,20.379334538635234,2.7255959917236354,295.0870801247062,control_1,1.457084392253595,-3.7481315449644903
2022-04-25,19.75320738003915,27.944568591460406,26.501296074788918,20.14844436271514,2.9471012734765174,4.596661166619754,control_1,6.352851712073779,-8.191361211421256
2022-04-26,21.31359326394424,29.32791257451178,21.048125738579973,20.422103739615057,3.8328628513045406,55.886011162143575,control_1,0.6260219989649158,-8.01431931056754
2022-04-27,25.242325374815373,35.07839639083375,31.659278650080612,25.174191382302023,2.9621497531525325,75.00032626090467,control_1,6.485087267778589,-9.83607101601838
2022-04-28,27.66898441948783,30.31988108454775,27.596961894082565,31.81023022816884,7.020762978298812,77.91664065622018,control_1,-4.213268334086276,-2.6508966650599177
2022-04-30,22.438852237649105,18.818873436391698,16.36230242495308,19.68988500702469,4.026028477615403,71.2291852023655,control_1,-3.32758258207161,3.619978801257407
2022-05-02,25.052571564122662,26.181819278227476,24.670725442045097,32.392264143998226,7.999908204453223,78.46531597414565,control_1,-7.721538701953129,-1.1292477141048138
2022-05-04,17.71573841997679,16.439244691818928,14.22573334103553,17.08944029031488,2.9188987185268136,301.286418454079,control_1,-2.863706949279349,1.2764937281578632
2022-05-06,10.606276290006345,13.985254857884268,15.340542489101797,12.701698531101938,6.26181120358139,61.92936506148203,control_1,2.6388439579998586,-3.3789785678779225
2022-05-07,20.507459116655227,21.129037399765593,17.75479782648835,16.015629222850997,6.357960264552694,87.06576144019152,control_1,1.7391686036373528,-0.6215782831103667
2022-05-08,14.418057086473647,12.920051680163407,8.677725409720692,20.48780857517371,8.74351180878543,70.33041258203406,control_1,-11.810083165453017,1.4980054063102397
2022-05-09,14.109952828874171,4.33427334884305,16.220575903776265,12.774660845161803,2.052777748899593,64.67610560381809,control_1,3.445915058614462,9.77567948003112
2022-05-11,21.416962171544803,15.713596406554613,18.49963961639973,15.354618231706452,4.006082469798151,138.2603301826628,control_1,3.145021384693278,5.70336576499019
2022-05-12,22.09997424131155,26.096141529246903,18.077928206224495,26.532860019140184,2.0126784441843055,60.61095332331581,control_1,-8.454931812915689,-3.9961672879353536
2022-05-15,19.449924154158563,25.80831232534565,23.281605583597095,24.72037316233177,2.147777911818013,8.343560492842016,control_1,-1.4387675787346765,-6.358388171187087
2022-05-16,23.512534932106732,33.356473081636274,27.446565314956654,28.36267690535532,2.0530129905231473,63.79926956577418,control_1,-0.9161115903986641,-9.843938149529542
2022-05-19,21.337781805508442,16.325274614719913,11.959416238345527,22.646850053174184,6.89444691076916,103.66428724915198,control_1,-10.687433814828657,5.012507190788529
2022-05-20,14.391751353793811,19.576498125735736,17.59214094145206,11.983462803847848,4.895925461971356,237.7834137145805,control_1,5.608678137604214,-5.184746771941924
2022-05-22,25.91537855665598,17.630840714837117,25.455438937492033,16.47657159491323,2.230888417995492,167.64495914669942,control_1,8.978867342578802,8.284537841818864
2022-05-25,18.28387354588481,22.755315036381926,18.382279040784738,23.53702408440279,2.454209167563067,311.92845690216296,control_1,-5.154745043618053,-4.471441490497117
2022-05-26,18.01118019405265,11.971747521656384,15.525804900071675,16.233348087993182,4.398272716862129,35.63358368827386,control_1,-0.707543187921507,6.039432672396265
2022-05-28,18.225491486758187,22.22317157016508,14.90797450190641,13.965414819310372,5.530448668485122,79.80420987242843,control_1,0.9425596825960376,-3.997680083406891
2022-05-29,14.399869277661796,11.80754713539769,12.206146666668293,13.79061971479712,6.40924424034933,135.65599895188006,control_1,-1.584473048128828,2.5923221422641056
2022-05-30,20.817696963326505,12.066439648476011,18.554022368672896,13.315397107683786,2.3822526795068537,168.0395276878993,control_1,5.23862526098911,8.751257314850493
2022-05-31,10.170878282811245,14.646611451190159,13.998624746220317,15.031619487883201,2.7410013267266615,243.7038306202491,control_1,-1.0329947416628844,-4.475733168378914
2022-06-02,19.813234949033635,12.846048150931862,17.271524635487538,16.528532641442762,2.620678860308536,36.47837906576052,control_1,0.7429919940447753,6.967186798101773
2022-06-03,8.01100121473768,10.163253421146035,12.286714851404312,6.404586058537159,3.676534173227061,40.9103040378576,control_1,5.882128792867153,-2.1522522064083542
2022-06-11,4.187888632178503,13.331612475511527,8.708729357506023,8.670217841680136,4.94556306263364,70.1524894163731,control_1,0.03851151582588663,-9.143723843333024
2022-06-12,9.618697821829711,14.133379800254689,13.36799410998249,16.89053191486225,10.238115542282879,51.19119626493347,control_1,-3.522537804879761,-4.514681978424978
2022-06-13,21.2832993204406,21.61601616388739,22.002211720378916,18.106333778116774,5.091750853405567,135.61699965247578,control_1,3.8958779422621426,-0.3327168434467893
2022-06-15,12.230246050695824,13.358885894514891,12.56702184386858,16.194102237721143,2.3530803552698916,324.6944349785676,control_1,-3.6270803938525624,-1.1286398438190677
2022-06-16,5.711845729081622,2.96905852345662,3.630265742869699,4.338157947789335,6.068833181012885,31.811429386753275,control_1,-0.7078922049196357,2.7427872056250022
2022-06-19,15.337657857338831,14.044018321379003,14.105191205793277,21.68107260618549,3.43609735855048,118.20539952796781,control_1,-7.575881400392214,1.2936395359598283
2022-06-20,23.790232576846947,17.641603093808076,13.864779039949541,8.585676046373804,2.668370922527684,270.404443836082,control_1,5.279102993575737,6.148629483038871
2022-06-21,9.770426734882202,14.36282138594299,13.897693901267097,10.055296796852971,2.385318834529991,253.393506214514,control_1,3.8423971044141254,-4.592394651060788
2022-06-25,16.518011834349185,19.342273470510424,19.205703402085366,15.018479389795656,2.313858634665138,237.145709651208,control_1,4.187224012289709,-2.824261636161239
2022-06-28,13.867794922038282,18.246318148510724,16.38013302870135,16.36707547805032,4.518280195245137,38.6592690368816,control_1,0.013057550651030425,-4.378523226472442
2022-06-29,19.149872592677784,21.472330282103144,19.638503897983334,18.315517319581147,3.1067253771543286,45.195697937276464,control_1,1.3229865784021868,-2.3224576894253595
2022-06-30,24.638988743401647,22.94515143626997,23.480954455525378,22.79071246777548,2.0489818546139107,27.703636396316426,control_1,0.6902419877498964,1.6938373071316768
2022-07-02,9.765401332287688,15.557454003335533,17.414001650855287,14.370579427101337,2.38456620653517,22.190281637513465,control_1,3.04342222375395,-5.792052671047845
2022-07-10,15.284742894364852,19.386557846744676,11.984172142316538,17.138527839655552,2.0275063203095804,223.1722284048686,control_1,-5.154355697339014,-4.101814952379824
2022-07-11,19.993318953521328,15.338277948335021,15.835540465374468,18.6483017803128,2.953077680007837,223.61162396414605,control_1,-2.8127613149383315,4.655041005186307
2022-07-14,17.564005192694946,19.30978652884862,18.5413137758793,18.4847289643519,2.0492421225050643,338.5608789930664,control_1,0.0565848115274008,-1.745781336153673
2022-07-17,28.084144351949448,18.05645231034402,25.785736113883438,22.966579869630497,3.4680623540116,15.363821428338042,control_1,2.819156244252941,10.027692041605427
2022-07-25,18.20929267254086,23.136364348567266,16.88721174794572,15.664645389178137,2.665416747395001,246.0308180343643,control_1,1.2225663587675832,-4.927071676026404
2022-07-27,24.43953026373932,23.559870689290587,24.32945901929911,21.219071965570173,2.615776638808613,194.8947632373548,control_1,3.110387053728939,0.8796595744487341
2022-07-28,27.2452410496204,22.548920250511987,20.586689457588967,14.558589839422162,3.1997791974420626,184.14216780186592,control_1,6.028099618166806,4.696320799108413
2022-07-29,21.16979955240573,19.963391404758145,20.646436235305387,17.535030886953503,3.446796855531509,227.68107099836487,control_1,3.1114053483518838,1.2064081476475863
2022-07-30,17.116259056718963,17.921754861737348,20.26424344835602,21.459848917625475,3.2243340174115636,277.7887652972688,control_1,-1.1956054692694558,-0.8054958050183849
2022-08-06,24.866459950782843,21.53271374543903,24.13976872127168,21.812624238951543,2.0542540218510528,342.469785911271,control_1,2.3271444823201364,3.3337462053438145
2022-08-07,31.118260017080033,28.24463631399021,23.668491794653804,27.23237314564357,3.0362627798605093,308.2759965703127,control_1,-3.5638813509897673,2.873623703089823
2022-08-10,24.873998859252975,22.595853454632795,19.901056742925267,25.703768295642963,2.6459426334794602,329.38946988784136,control_1,-5.802711552717696,2.2781454046201794
2022-08-17,26.181856035095798,18.54809119535527,17.886470889915124,21.82453867699492,2.9781919826110013,264.04204795738247,control_1,-3.9380677870797953,7.633764839740529
2022-08-24,20.69816177862131,23.69042324595701,19.668262949559768,21.743285197831128,3.227049104385901,16.464173877381256,control_1,-2.0750222482713596,-2.9922614673357018
2022-08-29,18.763592839680644,23.163611762070172,24.7834772664146,18.020332822310667,2.946616193263344,271.2082841803085,control_1,6.763144444103933,-4.400018922389528
2022-09-03,19.56230177786049,20.321986614700496,24.466581022534694,23.903494082821368,4.604701178492511,34.48997813320807,control_1,0.563086939713326,-0.7596848368400053
2022-09-09,16.474429065607808,18.071939865126016,18.32356586304904,16.00028709099035,2.542565819192858,237.12753687070028,control_1,2.323278772058689,-1.5975107995182078
2022-09-11,16.17049902546225,17.25215578644039,23.621218272611262,12.401956557003295,2.781669668290891,315.80475735318527,control_1,11.219261715607967,-1.0816567609781416
2022-09-17,15.003172818186858,16.824495494570886,12.671448797598163,16.64540720619419,2.710526853853678,38.08260047664635,control_1,-3.973958408596026,-1.8213226763840282
2022-09-19,33.558600088886244,31.93235391806952,32.9187922170696,31.203077545008085,2.1530839353609164,188.14827718847994,control_1,1.715714672061516,1.6262461708167244
2022-09-20,7.652751440608236,20.299800951453214,20.18495007469366,15.439715514574056,2.000159893458198,171.6456945274383,control_1,4.745234560119604,-12.647049510844978
2022-09-26,20.778018740079045,17.50811541362526,20.752564978603093,19.663546113747948,2.294612289287499,298.11130906935347,control_1,1.089018864855145,3.269903326453786
2022-09-27,19.23604651730416,9.402623045487228,17.903839187653507,10.757247900928995,2.0501107929107136,318.56943941350346,control_1,7.146591286724512,9.833423471816932
2022-09-30,13.41114058909085,18.84474542105452,20.980925392948446,16.274416908600628,2.499413123969568,223.3732912240153,control_1,4.706508484347818,-5.4336048319636685
2022-10-21,20.59090545325136,26.769604046578053,28.432755548316422,21.141439259040293,3.2559841617528846,22.772275518403376,control_1,7.2913162892761285,-6.178698593326693
2022-10-23,3.3438337233466933,11.951496770978489,13.204340881185306,16.847338443762332,3.788134347690104,185.2321276305043,control_1,-3.642997562577026,-8.607663047631796
2022-10-24,13.478219171004254,16.16942173387157,23.86959055523149,17.535604947679996,2.0516367925227126,353.0302980683843,control_1,6.333985607551494,-2.691202562867316
2022-10-25,1.0708504895859525,9.702516198969558,14.859371749643614,9.909330323248463,3.4308278340375034,224.42828393758862,control_1,4.950041426395151,-8.631665709383606
2022-10-26,11.427811831006554,6.420926488521308,10.546511172744697,4.444219157270708,4.1096161552006585,162.66274622844958,control_1,6.1022920154739895,5.006885342485246
2022-10-27,15.671329194587448,19.133054601165536,9.003453899365077,19.031601519984452,2.5996629959739703,288.69753402411357,control_1,-10.028147620619375,-3.461725406578088
2022-11-01,13.196509271268066,20.168048550739787,16.231141514773963,18.10934627337258,6.433306768125316,28.21370358211493,control_1,-1.878204758598617,-6.97153927947172
2022-11-05,20.374367645151228,54.79080943043398,1.3718862469796964,16.8999188360692,3.472255871801908,58.572895394764316,control_1,-15.528032589089504,-34.41644178528276
2022-11-06,11.432145291033908,15.887476330510555,10.126734115028185,19.329690114970052,5.482229273042597,37.06120008560714,control_1,-9.202955999941867,-4.455331039476647
2022-11-09,25.814542409762705,29.38201051656861,20.274576088215014,25.063532017982666,6.795038438226637,90.28834112309124,control_1,-4.788955929767653,-3.5674681068059044
2022-11-15,19.45103698915276,21.59338350160337,16.975948726314087,21.22171370181635,2.8162776772296167,218.17150963613955,control_1,-4.2457649755022615,-2.142346512450608
2022-11-18,14.532072165823585,11.044254839687243,16.2934065198636,12.975705260164414,3.874259581065712,207.61834205553114,control_1,3.3177012596991844,3.4878173261363425
2022-11-28,16.558236773835297,26.163057651515725,21.96806719301667,19.63262135734012,5.407338439248272,80.59085398685471,control_1,2.3354458356765484,-9.604820877680428
2022-11-30,21.61052831702305,28.879766171872518,26.428190018535492,35.09930068320642,2.5531343689597823,2.2518713414706895,control_1,-8.67111066467093,-7.269237854849468
2022-12-02,28.011098141416372,20.314336198356852,19.891680565231287,13.227966870567002,2.1563604161406205,324.8684287818551,control_1,6.663713694664285,7.696761943059521
2022-12-04,19.884253179464892,27.281182131746135,24.640379528653348,14.342272085337438,4.395349334757689,60.39529365060082,control_1,10.29810744331591,-7.396928952281243
2022-12-05,19.639872722152422,19.607114028651985,16.380223644627698,20.44492563423458,2.207143968471937,15.055983785190165,control_1,-4.064701989606881,0.03275869350043692
2022-12-10,10.087971076761951,11.004157639900823,2.0024655285161517,9.378199366681077,6.095750060851096,353.776885065085,control_1,-7.375733838164925,-0.9161865631388721
2022-12-27,15.890090755296647,7.855829333594226,6.589189084440426,20.04554106045533,6.919544393357309,18.753851939619437,control_1,-13.456351976014904,8.034261421702421
2022-12-28,11.69594471977172,7.530191826326169,16.39248124560793,12.055801303997955,2.0221889940926414,120.26014046669655,control_1,4.336679941609974,4.165752893445552
2023-01-08,7.46565563857792,9.136511798055286,8.185651021984585,3.526562422389886,4.7328511315046535,31.55342029950424,control_1,4.659088599594699,-1.670856159477366
2023-01-19,9.187991518166479,2.197805770822888,4.4058261879322815,6.479604902017525,4.172158869685385,137.67918035356945,control_1,-2.0737787140852433,6.990185747343591
2023-01-30,9.571792721017758,11.835670718120497,19.627717813596032,14.917624800309838,2.825533820529551,201.7984217206554,control_1,4.710093013286194,-2.263877997102739
2023-02-05,7.752959301488277,-2.73037743380481,8.198851443275037,5.189113266019095,5.8623641988265,57.641402248955444,control_1,3.009738177255943,10.483336735293086
2023-02-06,40.89181238777974,24.1292236707999,22.878397830687344,38.13058824449461,2.2590297346691246,139.9388234113291,control_1,-15.252190413807266,16.762588716979838
2023-02-11,14.231647987269092,14.493142677980375,15.593610787084831,15.005896807443866,3.3543141505295435,192.85863842789163,control_1,0.5877139796409647,-0.26149469071128273
2023-02-12,21.976971647962706,15.581049602072259,19.385490856975746,14.813690340983534,2.145740998510674,193.53547124820423,control_1,4.571800515992212,6.3959220458904475
2023-02-13,10.178045051392168,17.15043013100574,16.340448395160035,16.92708315387991,2.1354282347596105,25.96861361416711,control_1,-0.5866347587198746,-6.972385079613574
2023-02-15,36.079643160582954,22.737223117205932,29.77669046486134,31.655790884026864,2.0648934439818976,159.5762655738165,control_1,-1.8791004191655247,13.342420043377022
2023-02-28,29.558115644488854,21.803559197995813,20.22511447133855,12.32128329190396,6.818438240930742,18.76743537206221,control_1,7.90383117943459,7.754556446493041
2023-03-01,10.462795923589749,24.640124812218335,20.994486536099764,21.06252487047211,6.963522827257221,192.0574362574005,control_1,-0.0680383343723463,-14.177328888628587
2023-03-02,29.26318399730305,23.113599996260163,27.010408157350252,29.492504789306913,2.262227179009716,5.911171586556748,control_1,-2.4820966319566615,6.149584001042886
2023-03-05,18.072403932407525,23.875657757096977,16.630153915654432,6.333731057418875,5.586722344331621,71.31027284498947,control_1,10.296422858235557,-5.8032538246894525
2023-03-08,17.56221302399417,21.05022701813553,20.441044417134655,17.185334961128266,6.449567104225352,65.26315072822445,control_1,3.2557094560063895,-3.4880139941413617
2023-03-10,20.843216084161774,24.41346738772842,20.409610034114493,21.420231758849038,5.0297040642379836,64.57411019066012,control_1,-1.0106217247345448,-3.5702513035666463
2023-03-13,8.181942809051638,15.438568179074553,10.364939615097947,17.35316942925488,5.706081057440087,34.0574459284843,control_1,-6.988229814156933,-7.256625370022915
2023-03-14,37.81998148190504,29.369125509397215,26.51023256372383,27.779101207164956,4.0271227249027906,340.80068587259217,control_1,-1.2688686434411274,8.450855972507824
2023-03-15,21.619040846674455,15.869123069331307,21.860161797062425,18.403315785383597,3.649336096335519,183.8683682066289,control_1,3.4568460116788273,5.749917777343148
2023-03-18,17.285586678186128,11.287210343465341,15.96986001359941,16.065266373288324,2.055287351834512,310.86387673670237,control_1,-0.09540635968891387,5.998376334720787
2023-03-20,12.912387956823006,15.673506282322696,14.299730417334034,19.14742654270851,6.187373830774664,74.02179354158403,control_1,-4.847696125374474,-2.761118325499691
2023-03-24,21.013797662392104,15.82909106101679,11.48244303288881,27.25229807663195,4.487488985077701,115.93802697736129,control_1,-15.769855043743139,5.184706601375314
2023-03-25,16.43640873102649,12.932937149446204,11.746003730613632,13.830933476332122,3.6354680354562388,131.25542191123145,control_1,-2.0849297457184903,3.5034715815802855
2023-03-26,23.231929980868674,8.459401125689164,11.489019847928871,13.614003427283752,3.723130877180546,147.56418804888597,control_1,-2.124983579354881,14.77252885517951
2023-03-27,14.389660434357532,12.427823063992752,12.085989199046354,12.798447889202711,4.35605018553252,325.9566138684176,control_1,-0.7124586901563568,1.9618373703647798
2023-03-28,1.7814758662552441,22.813206823120623,8.749922952233666,11.80203299677829,8.684779015271415,1.9196620256523715,control_1,-3.0521100445446248,-21.031730956865378
2023-03-30,16.913097732125866,20.92534413747783,18.99762447149974,20.95871549220188,3.2216545444047546,89.20444980657624,control_1,-1.9610910207021384,-4.012246405351963
2023-03-31,19.490167753470903,31.560557620019377,25.359161838749205,22.40446599366878,2.99807500882337,52.58341556820301,control_1,2.954695845080426,-12.070389866548474
2023-04-01,13.727073606383302,21.03726739214446,23.01574085874543,15.484253143446336,5.506160463468029,59.77757751549427,control_1,7.531487715299095,-7.310193785761159
2023-04-02,9.902883153445293,4.839191780337877,2.4502276570198847,5.895090469610875,6.987310147663472,66.10617795649819,control_1,-3.4448628125909906,5.0636913731074165
2023-04-03,0.7979308540858763,-0.833725788749038,7.75484146582325,11.574507032281613,6.7425272462225845,138.32783845258115,control_1,-3.8196655664583625,1.6316566428349142
2023-04-04,12.860303280165237,6.940368567873147,1.7179916328826934,8.739508741822375,5.471029922798693,133.72357532306444,control_1,-7.0215171089396815,5.91993471229209
2023-04-06,15.346083707404881,22.475230627743894,19.17729218252483,11.379928091373344,2.9116265193101274,329.60669688539735,control_1,7.797364091151486,-7.1291469203390125
2023-04-09,16.390615567708583,20.574812140894384,17.95728046924958,20.490529148551694,2.6537287078912954,347.38289454154943,control_1,-2.5332486793021154,-4.184196573185801
2023-04-10,13.711449502582488,16.331722931570415,19.76873010239472,23.75572943342162,4.047254809819977,11.62137189274523,control_1,-3.986999331026901,-2.620273428987927
2023-04-12,11.49990325554649,18.619512426638664,11.537029380793363,15.260126409423401,5.101211073303982,68.75103189767668,control_1,-3.723097028630038,-7.119609171092174
2023-04-13,17.723198051533434,17.607273697978854,16.14495949292197,14.93367388901242,2.464446474398482,217.3581470003131,control_1,1.21128560390955,0.11592435355457908
2023-04-16,15.584403057608379,19.040063556863842,8.811483145219654,18.494282406800284,5.521871356222995,42.03625139167741,control_1,-9.68279926158063,-3.4556604992554636
2023-04-18,9.610641722031417,34.35433313373133,10.462336637865793,12.749074790433852,5.163394455796085,95.16353233508602,control_1,-2.2867381525680592,-24.743691411699913
2023-04-19,35.938668295694804,37.464230113499994,46.918829857930945,52.80259980294367,3.5191878684714246,93.52763661029627,control_1,-5.883769945012723,-1.5255618178051904
2023-04-21,13.536764383198511,20.161012648720916,20.320314683371077,15.38732127915274,3.792723832197143,149.88347488739657,control_1,4.932993404218337,-6.6242482655224055
2023-04-24,25.982723985165162,17.60656662723373,22.491303381823755,26.973679515959006,5.367408239321419,112.35310406226961,control_1,-4.482376134135251,8.376157357931433
2023-04-25,18.3754198441712,13.743227639887513,17.486531140123905,13.427414381688193,2.106181207644377,226.30170925046775,control_1,4.059116758435712,4.6321922042836885
2023-04-28,15.314019492150928,12.884549703264758,13.736414142769725,15.331981811734511,2.396918200432127,301.294508793784,control_1,-1.5955676689647866,2.42946978888617
2023-04-29,16.900738073127435,19.845007905533826,12.405865465410029,17.382179509553485,2.370992506922144,352.54234421535557,control_1,-4.9763140441434555,-2.944269832406391
2023-04-30,16.044632456834346,20.138934436499454,19.619311869858652,22.060550245779762,4.072937812745155,21.26959389971796,control_1,-2.4412383759211096,-4.094301979665108
2023-05-02,20.4937128665257,24.359110534486955,11.001845059228689,28.27681001877471,2.8955516107673795,239.17336016028662,control_1,-17.274964959546022,-3.865397667961254
2023-05-03,22.66510247377445,17.593612529524783,27.640707681205676,18.71307243863692,3.2823910388731283,313.7267555371109,control_1,8.927635242568755,5.071489944249667
2023-05-06,15.269360343035313,31.83288022277131,10.41950276763168,18.466584773702422,2.994367654728224,67.28801861534413,control_1,-8.047082006070742,-16.563519879735995
2023-05-07,24.761488445504746,36.569032539245846,28.056811929968656,24.31983058634482,3.0911274331774314,33.825381802336324,control_1,3.7369813436238353,-11.8075440937411
2023-05-08,14.834335605452358,13.064384014621684,8.572824853078568,15.399257963326798,6.882240555026538,50.111494814725745,control_1,-6.82643311024823,1.769951590830674
2023-05-12,18.426913250970934,20.490190798931994,23.268239955355472,20.37758831588061,3.1449427846607816,240.0885906912414,control_1,2.8906516394748607,-2.0632775479610608
2023-05-13,22.92626782679082,18.288402514701726,25.704810221240898,19.500297339455983,3.5113555889374997,233.83063056549702,control_1,6.204512881784915,4.637865312089094
2023-05-14,18.70065734360689,22.382004707384453,21.069385423365755,20.098656631056887,3.1759496319659446,336.2858763131231,control_1,0.9707287923088685,-3.681347363777565
2023-05-15,26.060362108467935,32.850703728432606,28.935344470343917,29.885119160813204,2.8069163869733287,8.662807006309038,control_1,-0.9497746904692868,-6.790341619964671
2023-05-16,26.466696509903464,29.625863468738928,26.248685740756034,21.786781667462893,2.2667704066923178,340.0261940324829,control_1,4.461904073293141,-3.1591669588354634
2023-05-19,21.44188017044572,24.082559097430536,22.405620433242905,19.82890529729598,2.209951215317275,288.9625922739842,control_1,2.5767151359469267,-2.6406789269848154
2023-05-26,20.350952182914114,28.247449232953592,25.25116496998682,22.191609904710887,2.0232588679547785,172.58183757027507,control_1,3.0595550652759336,-7.896497050039478
2023-05-29,16.5865295554549,22.32629248792214,20.95552270980508,21.023370977871128,2.1134447697327308,241.36326095762206,control_1,-0.06784826806604727,-5.73976293246724
2023-06-04,19.53702103312296,16.29455823253669,16.24629096083079,14.151283584909114,2.1599501073273544,270.48110240509635,control_1,2.0950073759216767,3.242462800586271
2023-06-05,16.541497955620443,12.89678821082347,20.559296672255527,13.815715117424027,3.0379272229591954,229.49846683038695,control_1,6.743581554831501,3.644709744796973
2023-06-15,8.80126793682903,9.304015920487087,12.85796911616721,18.902627752900734,2.8072395135475703,176.43881836878018,control_1,-6.044658636733525,-0.5027479836580575
2023-06-17,19.188670101176754,23.978314866403792,22.661253773907998,21.102073708883562,3.1197670630654533,54.74411226797747,control_1,1.5591800650244352,-4.789644765227038
2023-06-18,10.938653013195976,19.44706287299112,8.090708547523525,3.1678159528360585,7.508738833350599,69.42812310201106,control_1,4.922892594687466,-8.508409859795142
2023-06-19,15.903470330873457,21.93113959158099,14.941122697204813,14.25117497265872,6.582755684192602,79.65341182787495,control_1,0.6899477245460925,-6.027669260707533
2023-06-21,7.419557539489854,6.710008789838936,8.33050901503955,7.010101385075795,2.58424339372364,245.90954097273988,control_1,1.3204076299637544,0.7095487496509181
2023-06-22,6.166498295398886,3.621583549445772,3.422046597638867,5.509670177062365,2.151736043206483,218.39720920988893,control_1,-2.0876235794234974,2.5449147459531134
2023-06-24,13.580514848219504,6.883741795032645,21.542203405833696,28.9628785715505,2.235210833951562,336.6913486903793,control_1,-7.420675165716805,6.69677305318686
2023-06-28,15.528428375300928,15.638271642180383,14.011741568592758,16.938779275728905,2.4800524696697432,228.11664112569196,control_1,-2.9270377071361473,-0.10984326687945511
2023-06-29,24.332439675719844,24.07661373373569,24.639472513757887,21.009807855901553,2.5428032858160936,232.17236052986493,control_1,3.6296646578563347,0.25582594198415265
2023-06-30,19.708687876834183,21.98320771430182,20.882459967744513,16.22850626232964,2.2107973422062375,286.1778636661116,control_1,4.6539537054148745,-2.2745198374676363
2023-07-03,22.17615538757437,24.710285771108545,22.321433206730013,22.048061414755832,2.139673890226248,100.10143545276708,control_1,0.2733717919741814,-2.534130383534176
2023-07-04,27.01534399502996,18.902689617860545,25.168003075100348,20.061851551115925,2.494884030355441,176.3167980225852,control_1,5.106151523984423,8.112654377169413
2023-07-05,23.501111771294422,25.494595802713768,23.270964287122794,23.06038497339701,2.0939978795431267,267.74528378197556,control_1,0.2105793137257841,-1.9934840314193458
2023-07-06,23.143209006669856,24.133321771459816,23.77000963526156,23.656551801095524,2.594831151990911,126.12285417109513,control_1,0.11345783416603439,-0.9901127647899592
2023-07-07,20.401337665553367,25.792772637672012,20.728686934702115,32.67124593500561,2.09285822852111,121.34940453999059,control_1,-11.942559000303493,-5.391434972118645
2023-07-15,14.138123688436227,11.66448990935531,8.679757030726972,15.052907202191628,2.116980437638868,315.88064483745575,control_1,-6.373150171464657,2.4736337790809166
2023-07-17,26.629761215334987,31.325327817686844,27.25327734713131,28.959665276738846,3.2644477645220884,72.5279813355906,control_1,-1.706387929607537,-4.695566602351857
2023-07-19,30.453840083668748,18.385156682044986,21.080789405053622,26.58878533933125,2.9429108580471253,332.3964244215276,control_1,-5.507995934277627,12.068683401623762
2023-07-24,6.959531613367511,10.756113214378791,14.813045746684264,11.095069386472641,5.307680748200723,45.54760682264714,control_1,3.7179763602116225,-3.7965816010112805
2023-07-26,14.198681344020109,15.545897694800797,14.82046033849658,13.33553469626862,2.433344822816709,14.084368932538212,control_1,1.4849256422279602,-1.3472163507806876
2023-07-27,15.276658358876645,20.17728133049238,17.623163269305508,13.112544531912306,2.906030660190166,30.192878219388035,control_1,4.510618737393202,-4.900622971615736
2023-07-28,11.643379899186373,10.884256481088292,17.561622110996208,12.475531212034555,2.692816265413517,26.315533173493804,control_1,5.086090898961652,0.7591234180980813
2023-07-29,12.482113886540581,13.988017210182734,12.297252635727448,12.303065740405001,2.1093179605972376,34.43520718952334,control_1,-0.005813104677553582,-1.505903323642153
2023-08-06,25.073796918081406,21.984210195090846,21.452526800270903,23.53759153640172,2.100229838146556,174.51307805518763,control_1,-2.0850647361308177,3.0895867229905605
2023-08-14,20.605838957079587,17.26761897848968,20.354593661247563,21.88610588606765,3.7798348792556586,313.6019855061702,control_1,-1.5315122248200872,3.3382199785899083
2023-08-16,18.4305579529488,17.666720444137585,25.018109598717697,19.325456361065573,2.425012071984872,263.4952421416905,control_1,5.692653237652124,0.7638375088112141
2023-08-17,23.103204173380732,22.64398299759432,17.949366291161528,20.708463600085025,2.224321110668467,341.0723493004728,control_1,-2.759097308923497,0.45922117578641064
2023-08-19,13.089763032851415,12.26177806495831,14.234300761104995,14.213098296798378,3.119861347295381,341.6456576539292,control_1,0.021202464306616875,0.827984967893105
2023-08-21,8.075211416266297,6.330203976750958,9.78715695636625,12.541471809891728,2.363795556728118,43.32990877426761,control_1,-2.7543148535254787,1.745007439515339
2023-08-22,13.535148982310236,12.041366314678944,16.4638518191415,13.065102495509331,2.102980024201425,2.773145921927096,control_1,3.3987493236321686,1.493782667631292
2023-08-28,22.252783261398054,19.80639356480691,20.823339677209574,17.40535267180415,2.4429338431992673,316.7324930235154,control_1,3.4179870054054255,2.446389696591144
2023-08-29,18.373604461627032,24.847469929720546,21.375435536746735,15.212360400424584,3.7877362693672603,74.76173423177812,control_1,6.163075136322151,-6.473865468093514
2023-08-31,17.895181335028656,26.619222624165218,18.467915683044794,24.607607768450166,3.3342495361359483,33.82507825479331,control_1,-6.139692085405372,-8.724041289136562
2023-09-05,19.625386023183214,15.035188862935902,11.559169660110719,15.945071695888481,2.081122469883409,286.724714620705,control_1,-4.385902035777763,4.590197160247312
2023-09-08,15.18899983550711,12.659426630111417,17.393599061914525,17.688513267836612,2.188798787938907,325.73845933537,control_1,-0.29491420592208684,2.5295732053956925
2023-09-09,20.19853506787854,20.715464599517965,19.147995897042396,18.315860618799373,2.210649670727476,329.5365767853103,control_1,0.8321352782430225,-0.5169295316394233
2023-09-13,25.60422153904493,20.41201586631721,18.89696844148742,19.11382549193431,2.997073650455356,190.14463463864624,control_1,-0.2168570504468903,5.19220567272772
2023-09-14,15.965547741603265,11.881685636987301,14.583182567853331,15.84934892181053,2.5072601851789886,231.22836482883196,control_1,-1.266166353957198,4.083862104615964
2023-09-16,15.495376851456335,16.991587391209016,15.880096597840746,15.459843538991368,2.688711148223138,309.0825183658838,control_1,0.4202530588493776,-1.4962105397526813
2023-09-20,16.72822139343913,24.71285975454925,37.25516672380945,18.74632116563233,2.52373852222393,73.31960238450813,control_1,18.50884555817712,-7.984638361110118
2023-09-24,11.434372405397182,12.731485861795603,11.935462329902155,13.612119006289074,2.46519221554419,350.9814611329037,control_1,-1.6766566763869193,-1.2971134563984208
2023-09-25,12.06032818064701,13.556169263331867,15.266776321194218,11.850379919281753,4.190573784718888,3.235219049982618,control_1,3.416396401912465,-1.4958410826848567
2023-09-26,8.795966428213443,11.264125257737597,13.087052838251564,12.527933123753169,2.0103410736638763,41.633105955237454,control_1,0.5591197144983955,-2.468158829524153
2023-10-04,15.04273366858589,18.036918408091704,15.416280574806843,15.948531989025152,2.054054072486725,254.92763111144401,control_1,-0.5322514142183099,-2.9941847395058137
2023-10-08,14.055023474339745,12.028938004129959,16.204661660727368,17.93973495033023,2.0948675615727974,322.2090015315998,control_1,-1.7350732896028624,2.026085470209786
2023-10-10,32.65595388849785,25.274263431895154,25.768201735625098,19.485081762931312,4.712815078786376,60.39816840022684,control_1,6.283119972693786,7.381690456602694
2023-10-11,16.806054065191958,10.825538599205496,10.354683881359566,15.089582794593023,3.779716156933849,154.48355106452982,control_1,-4.734898913233456,5.980515465986462
2023-10-13,13.863930949979414,12.467336367388434,10.840996146203755,6.8144411367824596,2.412559768738364,318.0131241981592,control_1,4.026555009421296,1.3965945825909802
2023-10-14,14.104672460660453,14.706224490610081,19.791017743725863,18.033321659458394,2.52039137067031,333.4747391143496,control_1,1.7576960842674687,-0.6015520299496284
2023-10-22,15.645625931891384,17.33563644774627,15.963125717554632,14.441086341858828,3.350317146330741,83.90814015183884,control_1,1.5220393756958046,-1.6900105158548868
2023-10-23,14.248969118980101,9.679491458358674,11.391194174145085,10.785868658269715,2.739698813724282,171.5338827530611,control_1,0.6053255158753696,4.569477660621427
2023-10-28,21.331057873583205,19.35821187284838,17.2441961970751,19.83078141096651,4.322155556989498,196.5687282358172,control_1,-2.586585213891407,1.972846000734826
2023-11-05,26.383308292736665,31.731848848328532,24.750275210421748,40.23681459176505,2.7526177760512742,32.791780087413656,control_1,-15.486539381343299,-5.3485405555918675
2023-11-06,20.812604128236888,23.29407684283189,18.847539304047196,23.07973244422179,8.320636997564238,54.24301917300045,control_1,-4.232193140174594,-2.481472714595
2023-11-07,24.816766037853768,15.19909124595735,17.842596799456345,21.31751689497366,3.5782918415164873,149.34342336111467,control_1,-3.474920095517316,9.617674791896418
2023-11-13,9.444436406261456,11.553139162160036,13.01790488262273,7.072975832037854,2.5803532950220887,325.21675351485743,control_1,5.944929050584876,-2.1087027558985803
2023-11-19,20.77940654549975,13.274293780548948,11.680966430925857,19.700620506223057,5.175947645347827,135.39085966262894,control_1,-8.0196540752972,7.505112764950802
2023-12-01,36.12790872813525,40.16958667915611,39.59499188841464,23.110505669444855,3.5465933249332036,47.07697033651988,control_1,16.484486218969785,-4.0416779510208585
2023-12-06,29.664659656782554,29.54648179911474,24.40061279431152,33.68665048374795,2.585803200461371,348.8973773771137,control_1,-9.286037689436426,0.11817785766781341
2024-01-05,5.899584299939888,-1.2505173019988896,4.056500841620467,5.377586701631464,2.9799181067549707,152.81584172779435,control_1,-1.3210858600109967,7.150101601938777
2024-01-07,15.079816007006636,7.703832083023832,12.258998416274224,14.418588776703006,3.8415221853750388,116.87164645469397,control_1,-2.1595903604287816,7.375983923982805
2024-01-09,6.440669805116863,5.535574528067098,13.167265986045658,3.0259679762854788,4.68050864095759,46.41847811353887,control_1,10.14129800976018,0.9050952770497647
2024-01-10,-4.278733857209787,2.503790941630524,-0.9828417530368924,-5.8548761139164345,8.346582135725066,48.271305944119945,control_1,4.8720343608795424,-6.782524798840311
2024-01-14,14.981155290430268,13.361940886637433,11.820011746190234,13.300491474783852,3.1361084085436786,102.68498325613388,control_1,-1.4804797285936182,1.619214403792835
2024-01-17,20.219672949573187,27.980177538683456,21.13696988368185,17.703222798328056,5.30339226028059,55.98515044867429,control_1,3.4337470853537937,-7.760504589110269
2024-01-20,10.942029014820797,10.387257456367461,16.029625827676917,16.146628338756077,3.7378220929239694,359.56968451993544,control_1,-0.1170025110791606,0.5547715584533357
2024-01-21,6.121009480212516,3.7341341632717695,10.386709667740773,4.4874814473431535,2.8897248841133822,3.705938457159789,control_1,5.899228220397619,2.3868753169407464
2024-01-23,11.110761166476214,25.35589968829091,34.29691456280593,22.08556792212276,2.365569804724485,115.39005604194534,control_1,12.211346640683171,-14.245138521814697
2024-01-25,26.513985473418884,16.470880660281892,21.87722687095289,30.994606566370553,3.69795466701568,126.9092140148237,control_1,-9.117379695417664,10.043104813136992
2024-02-02,5.524176357436954,19.061673085695624,5.643342741891207,14.648705693118465,2.8965975641892303,43.552523550146475,control_1,-9.005362951227259,-13.53749672825867
2024-02-05,15.84710782383647,7.441205055046957,11.393749301142353,10.61987808930037,3.7507673459837823,12.210896335068128,control_1,0.7738712118419837,8.405902768789513
2024-02-08,17.897640051194642,4.908748211483647,21.480626967619305,13.917502501916735,2.3563033342400983,117.37043227049435,control_1,7.56312446570257,12.988891839710995
2024-02-14,15.620674722463427,29.273229743069333,29.726912163634633,22.290224255975907,2.2960415497116373,5.1603175608569245,control_1,7.436687907658726,-13.652555020605906
2024-02-18,14.592684900481043,11.302410993857212,12.23981528797022,10.08609292344123,2.1949121813489487,5.3957536457427295,control_1,2.1537223645289902,3.290273906623831
2024-02-19,6.70917433092599,7.422858557847258,4.073326004231192,6.80166391284114,4.940087792687993,17.179521946353645,control_1,-2.728337908609948,-0.7136842269212682
2024-02-20,11.768914745886125,14.896570066357048,16.996354666123576,14.889117256726887,2.753805766004031,9.237854514654487,control_1,2.1072374093966886,-3.1276553204709234
2024-02-25,19.933437229298836,24.54603713757231,24.916370871535854,21.831453848535965,2.06745827386348,15.236783286516356,control_1,3.084917022999889,-4.612599908273474
2024-02-26,12.932494238847003,14.419094902783796,12.035563175864663,10.608847845054736,7.173864124837179,71.01774496463219,control_1,1.4267153308099267,-1.4866006639367928
2024-02-29,10.381384584736479,10.708184249787378,10.415542756220194,14.280020382064128,9.009240074453032,36.21424631733407,control_1,-3.864477625843934,-0.3267996650508991
2024-03-03,15.111161784356913,16.172444412203774,11.684849916325732,7.635869441172807,2.58567536521547,55.13003876356015,control_1,4.048980475152924,-1.061282627846861
2024-03-05,14.904299911638063,23.33621371015047,11.677224306013796,19.691820431880362,4.539622751579478,38.03222912841619,control_1,-8.014596125866566,-8.431913798512408
2024-03-06,11.767380150733818,9.258345192650763,11.935130700287006,20.69663443741453,2.2021208576206854,68.95723539304231,control_1,-8.761503737127525,2.5090349580830544
2024-03-11,15.102512784642057,23.008870399940548,14.13362833183041,19.180728709818716,5.069173601784999,50.32496466891854,control_1,-5.047100377988306,-7.906357615298491
2024-03-12,17.484888694685708,15.050882589500718,13.909264719207632,18.350155795395924,6.34791976679752,83.28038333696969,control_1,-4.440891076188292,2.4340061051849897
2024-03-13,18.685693942388546,12.407748953137073,13.460635609947934,15.241159972471657,4.7691719079822565,164.67481299206077,control_1,-1.7805243625237228,6.277944989251473
2024-03-14,14.03227890969697,15.129124311161407,16.30592936242923,15.634379107060207,5.420874977995317,216.9203179839564,control_1,0.6715502553690218,-1.0968454014644369
2024-03-15,17.93103034857879,14.34114806583237,16.87136422645352,15.707718220189381,5.205859939408596,222.9088972135123,control_1,1.1636460062641376,3.589882282746421
2024-03-16,25.758640260705814,21.96178963087464,28.86683027676558,20.059051178576986,2.5513363711371686,199.31363243438997,control_1,8.807779098188593,3.796850629831173
2024-03-17,22.971818396792223,20.636008633605233,21.540483207073017,14.55654993487643,3.1790923448368673,219.59550359417884,control_1,6.983933272196587,2.3358097631869903
2024-03-20,22.88777941458312,25.111666750958143,18.17074137310894,22.231626382614476,2.870835109856126,61.6823357685883,control_1,-4.060885009505537,-2.2238873363750216
2024-03-21,19.747734308892692,32.09915010912773,19.60689385958268,19.76355248512424,2.1047550637014516,48.774765115972684,control_1,-0.15665862554156007,-12.351415800235035
2024-03-22,10.913485049542894,22.409136716777045,17.193399638208493,13.77838086166075,3.5404701763347455,7.929912664523101,control_1,3.4150187765477433,-11.495651667234151
2024-03-23,13.18179489503176,14.622615723025353,6.201300615356052,13.037524183061452,5.3645284578206525,67.18289550413056,control_1,-6.8362235677053995,-1.4408208279935923
2024-03-25,21.750305568687278,21.27525779349885,18.27496775256231,18.418690574688004,4.47724914512429,114.63607934120307,control_1,-0.14372282212569232,0.475047775188429
2024-03-26,25.23433498102127,21.282774542883843,18.805910895414833,27.389500121279067,3.900233170205648,124.12774816622169,control_1,-8.583589225864234,3.9515604381374274
2024-03-27,14.135842042586672,4.022292122573987,8.01401808958404,9.9928153417848,4.799799698249081,23.754105994415966,control_1,-1.97879725220076,10.113549920012685
2024-03-28,6.684032797996702,11.497228170229553,6.888191096623796,4.5570969980057505,5.861142051829533,67.04185199224946,control_1,2.3310940986180455,-4.813195372232851
2024-03-31,20.839291978116755,14.327477348008895,19.584660857378005,11.02803766395322,4.521820044596523,132.76127808838498,control_1,8.556623193424784,6.51181463010786
2024-04-03,17.72751756466939,15.582036145993591,18.031166824627153,19.307946264064338,3.2052353642289098,29.94185933285513,control_1,-1.2767794394371847,2.1454814186758
2024-04-06,18.79139185187488,22.55281694078975,19.556222029561248,23.80416816828237,3.860645294891602,90.4484571609758,control_1,-4.247946138721122,-3.7614250889148693
2024-04-07,10.854921363548106,10.854921095264771,14.493369246998073,5.3234693372097075,2.020558511073515,225.08413740683372,control_1,9.169899909788366,2.682833351030922e-07
2024-04-08,12.578423863413471,15.560765596881149,15.475542777609556,13.002338807800486,2.0482730313096305,248.92717106815735,control_1,2.47320396980907,-2.9823417334676776
2024-04-09,6.743593413089079,5.138282112142676,10.393821020316459,4.841522438437392,2.04557503457652,329.21684367133594,control_1,5.552298581879067,1.6053113009464033
2024-04-11,17.165328255983106,22.477399462551887,17.826422701550868,25.479022161492896,2.5309918939112803,20.686428112024714,control_1,-7.652599459942028,-5.312071206568781
2024-04-13,11.530104932428545,16.09506675907185,17.000640352716648,18.211767098693283,6.905875853014458,327.7625902481209,control_1,-1.2111267459766353,-4.564961826643307
2024-04-15,25.141035713293626,15.202837159987887,22.87177841039388,27.389060358265,2.3055426467814852,147.55364311036556,control_1,-4.517281947871119,9.938198553305739
2024-04-24,30.371940071168854,24.741999074897304,26.016199282410426,26.855200423511484,2.4255042828021756,120.29535541266836,control_1,-0.8390011411010576,5.62994099627155
2024-04-25,25.87898433031211,15.587424481127702,18.451983535681986,10.957992169506298,3.4606615299788093,100.78053399497486,control_1,7.493991366175688,10.29155984918441
2024-04-26,11.514725951050307,12.22936116919295,15.09227186536219,12.862260429906229,5.431087820414486,131.36945401431586,control_1,2.2300114354559604,-0.714635218142643
2024-04-27,23.770478125739103,16.704185693908087,20.978144743294784,25.350295641092323,2.47319595430273,136.11785734519515,control_1,-4.372150897797539,7.066292431831016
2024-04-29,20.46863538742837,20.069268059177407,18.322285804678245,23.2859793252699,3.9938933215856607,75.24546813131195,control_1,-4.963693520591654,0.399367328250964
2024-05-02,14.217270829635293,20.78335422786427,21.938991002185833,19.02132578832934,3.5297041608536923,79.49161452305157,control_1,2.9176652138564947,-6.566083398228976
2024-05-06,18.072200608978335,27.102108266628623,20.35001276347541,28.621868505145788,2.4805684313916583,90.493605482399,control_1,-8.271855741670379,-9.029907657650288
2024-05-07,20.40176074478868,14.168955417456441,22.933441452573078,14.906186896617493,4.564610251221002,153.10701589928271,control_1,8.027254555955585,6.23280532733224
2024-05-08,12.661366388421362,11.873778689361629,22.059377561961874,12.819950366603276,3.9963283531608544,230.881039014729,control_1,9.239427195358598,0.787587699059733
2024-05-09,18.31320379961671,23.267102880746737,22.80781481042451,20.342572059605928,4.349927157997261,246.84867642888048,control_1,2.4652427508185824,-4.953899081130029
2024-05-10,16.367233124179602,19.042712574903902,18.591435274355486,19.174464778717812,4.319015530476075,239.90182592487434,control_1,-0.5830295043623259,-2.6754794507243
2024-05-14,20.399320844096778,16.085119906648952,20.41223288612143,13.908092904618954,2.0128597039137865,206.2703840497636,control_1,6.504139981502476,4.314200937447826
2024-05-15,18.81314959891367,13.932429630375225,15.65580493374384,15.56233813007851,2.7623027871744665,195.6811386086744,control_1,0.09346680366532922,4.880719968538447
2024-05-19,5.45659451599824,29.253435490107243,17.63038209290652,15.992485771059236,3.3404352012903247,108.02971649579848,control_1,1.6378963218472826,-23.796840974109003
2024-05-20,9.185295954045506,8.509113941834942,11.748665431144977,8.722185005112769,3.73159756844463,187.77522216475828,control_1,3.026480426032208,0.676182012210564
2024-05-21,10.539207851128978,14.753834093122267,15.195233374019784,13.236564096162471,2.4899066728128614,267.27495829969394,control_1,1.9586692778573127,-4.2146262419932885
2024-05-22,17.15815164605931,17.310901716519393,16.709393839669282,21.854376185062335,5.1524050599955284,89.40810042056353,control_1,-5.144982345393053,-0.15275007046008326
2024-05-23,12.985745125873695,17.727144007949157,17.988857640721193,16.729119415819827,2.1365475737635493,224.25390428462887,control_1,1.2597382249013656,-4.741398882075462
2024-05-25,16.585616164495434,15.202358932232936,13.07044959237658,12.976971423521652,2.3681043542261273,80.21530344109311,control_1,0.09347816885492755,1.3832572322624976
2024-05-27,4.834525877867016,6.576714954635444,4.035802618041958,7.266253191159083,2.1334395644116135,289.0190735828895,control_1,-3.2304505731171247,-1.7421890767684287
2024-05-29,14.331590980090853,12.412029984795582,12.631765120505007,10.847174201620515,3.25200326858701,176.57672281428358,control_1,1.7845909188844917,1.9195609952952708
2024-05-30,10.804418863347175,10.024484123738617,11.151809591758564,6.225034201349013,2.0943013005809847,238.6239128898701,control_1,4.926775390409551,0.7799347396085583
2024-05-31,8.798014839530353,12.072564272520944,10.145589527900654,8.960071341249227,2.0010093541818836,246.85195185032032,control_1,1.1855181866514268,-3.2745494329905913
2024-06-01,12.71681738660668,13.855000209804619,13.135038492069178,10.692857905804638,2.598147048189783,79.68169450538016,control_1,2.4421805862645396,-1.1381828231979387
2024-06-02,11.106777771483427,14.463319027373863,13.814543796725419,8.530745242761661,3.050000774809137,112.30370611172566,control_1,5.2837985539637575,-3.356541255890436
2024-06-03,8.816237693058039,15.359315129567142,9.707166850901299,4.751758568943611,5.922527846169111,74.05850736724506,control_1,4.955408281957688,-6.543077436509103
2024-06-10,20.545304582709164,11.262594996046001,18.5075954494707,18.728408281075158,2.401060634192006,230.38440097271553,control_1,-0.22081283160445864,9.282709586663163
2024-06-14,19.064989371860275,12.317398155284524,17.134622557579053,13.329307755205969,3.258931782125115,28.07568247055781,control_1,3.8053148023730845,6.747591216575751
2024-06-15,16.972293329686924,24.396629879537116,21.258700785897915,19.939086885774405,2.527093771614144,101.87290722791977,control_1,1.3196139001235103,-7.424336549850192
2024-06-17,11.593855989250276,8.544928344140972,9.121770835239507,5.051902629937991,5.20911278317245,157.60633984531978,control_1,4.069868205301517,3.0489276451093037
2024-06-18,12.211567263321998,12.086545779163663,13.522679322621459,9.63217847334984,2.5739260749181354,291.60108731827296,control_1,3.8905008492716178,0.12502148415833503
2024-06-20,9.656992307389192,12.056135581328167,9.804224921533342,11.987096325891663,2.5971482368593923,246.5289093745833,control_1,-2.1828714043583215,-2.399143273938975
2024-06-22,19.596054278021153,16.60748296121518,17.190308924179977,16.36530743258876,2.73460751146322,345.7786693203184,control_1,0.825001491591216,2.9885713168059738
2024-06-23,16.240850844837873,17.328085571251634,14.088850617062828,15.331195067947728,3.361874058285555,47.14524369000185,control_1,-1.2423444508849002,-1.0872347264137616
2024-06-24,13.135804016390079,13.826068135616929,11.155864813797722,14.451491569360966,3.218070344584203,33.77370456042286,control_1,-3.2956267555632444,-0.6902641192268497
2024-06-26,20.55303583835195,9.431627480196498,16.107100182404615,12.536995066645185,4.2503732166404005,48.405577808484395,control_1,3.5701051157594303,11.12140835815545
2024-06-27,17.298443135756315,15.437085811535562,16.976626405175697,18.553612916264267,2.330681421994189,94.11117977073707,control_1,-1.5769865110885704,1.8613573242207533
2024-07-03,12.577040982538009,9.083320833639549,14.444618847553233,9.526672410820987,2.499743956824768,216.48378010169708,control_1,4.917946436732246,3.4937201488984595
2024-07-09,12.473724914303872,20.162349934388608,16.85186926222048,16.663115185481296,2.223099288528276,346.5846596670855,control_1,0.18875407673918332,-7.688625020084736
2024-07-25,30.295652038212904,20.885805291787896,16.515562725802816,12.500878543726872,4.725149186862224,52.33219920209126,control_1,4.0146841820759445,9.409846746425007
2024-07-26,16.96208655093863,26.969681268719288,24.178666708939396,21.70318745050873,2.115257168513537,44.199217874643296,control_1,2.475479258430667,-10.007594717780659
2024-07-27,16.222495612732068,19.24723715118795,14.321572925876438,14.018219392814594,4.894601441868408,65.8428941342392,control_1,0.30335353306184487,-3.0247415384558813
2024-08-02,21.15515891052555,19.217348021530793,15.85432454265424,14.041582741022081,2.899238236525921,185.58812637341774,control_1,1.8127418016321588,1.9378108889947576
2024-08-12,13.51283415808349,9.251130032514308,11.428595270015968,15.856031193277737,3.333956838212562,43.351068115184944,control_1,-4.427435923261768,4.261704125569182
2024-08-17,12.205612464466377,11.977350656092618,17.28906317566984,14.086975135217292,3.106942909952315,9.316902758094784,control_1,3.202088040452546,0.22826180837375887
2024-08-22,12.476580839977206,12.111563551569569,15.586376020548164,14.484241421481975,3.061822246708583,358.3283707401974,control_1,1.1021345990661882,0.36501728840763725
2024-08-26,20.001865330266764,16.90927812779974,12.882208969009659,17.723489143160354,2.1768151376688083,292.904216886597,control_1,-4.841280174150695,3.0925872024670227
2024-08-29,17.5250570222066,22.04416310961863,21.098134748935585,15.85405538436047,2.326028810507453,240.20455946195693,control_1,5.244079364575116,-4.51910608741203
2024-09-02,4.95310606671208,14.597084775989527,11.457669624901806,14.912193346512524,6.393536551821105,25.084682268089864,control_1,-3.454523721610718,-9.643978709277448
2024-09-04,19.14168602090268,17.358498797822246,20.069272934107108,17.350431460885897,2.7248961806921383,243.49263893484977,control_1,2.718841473221211,1.7831872230804322
2024-09-06,17.34252874767182,23.391630099907992,20.852481998990314,20.745995988291064,2.233534575220134,274.0825072712728,control_1,0.10648601069924979,-6.049101352236171
2024-09-07,13.655216384094773,21.319587033294738,16.19886985657235,13.804368129479847,3.273416667913131,348.25678185639515,control_1,2.3945017270925035,-7.664370649199965
2024-09-08,18.223668049799254,19.242524424462967,19.417998323073505,22.4221651880415,2.028414016815008,24.7461213163715,control_1,-3.0041668649679956,-1.018856374663713
2024-09-11,16.689423813321838,24.393546536799214,20.589010413051973,21.875271517881117,6.004109833561405,72.96969396677497,control_1,-1.2862611048291441,-7.704122723477376
2024-09-15,18.379902108420627,17.106790873465776,16.712584100737722,18.706698842534873,4.458710781136789,18.56072800328849,control_1,-1.9941147417971514,1.2731112349548503
2024-09-18,15.708778111788055,20.653561915511467,17.296696505368203,12.304865668880652,3.039652676339437,252.48873106774397,control_1,4.991830836487551,-4.944783803723412
2024-09-24,21.07225594418666,24.00151073877396,11.67229062059559,18.58039557069499,2.216009030824224,302.17130128866313,control_1,-6.9081049500994,-2.9292547945872975
2024-09-25,21.959655068460236,20.67282339014709,22.286138205360597,23.1473186925597,3.1924154331318473,335.2768991650661,control_1,-0.8611804871991033,1.2868316783131455
2024-09-30,4.702205010720057,21.160953815346318,5.603829998372269,14.263445835613654,2.829025099560567,215.67097555738633,control_1,-8.659615837241386,-16.45874880462626
2024-10-03,15.631041351871428,21.93284717209478,18.52137367618268,16.22152916381363,2.0579496288747627,327.08447662724905,control_1,2.2998445123690487,-6.301805820223354
2024-10-04,9.865606086097266,16.658601419067583,12.667887038068486,17.354840240066373,7.157486880413583,54.34796114202504,control_1,-4.686953201997888,-6.792995332970317
2024-10-09,16.30101773845276,11.63684105974726,15.488864989961685,12.44374951388565,2.120750335615189,337.19510110180494,control_1,3.0451154760760346,4.6641766787055
2024-10-18,20.5527511125099,10.555560849973874,10.694690841324476,12.660220841716743,2.072620041057817,201.78167051307926,control_1,-1.9655300003922669,9.997190262536025
2024-10-21,18.418806043573937,21.66565374522896,20.142038705074096,15.10822649983556,2.351273354200727,18.42260274874417,control_1,5.033812205238537,-3.246847701655021
2024-10-27,29.874936287217693,16.843013977790946,17.420530138157986,13.625289865857727,2.6292999532597547,51.682406426651426,control_1,3.7952402723002585,13.031922309426747
2024-10-28,9.770706695603874,7.008234071441262,9.607484241576152,6.38557645064629,3.764343025958363,135.5256547570366,control_1,3.221907790929862,2.762472624162612
2024-10-29,18.685636071010787,7.818405135681725,20.628028696268174,15.067643353954725,3.0341826340533204,156.91958535543245,control_1,5.560385342313449,10.867230935329061
2024-10-31,28.108277599001912,25.528289876926177,28.36606882401288,27.324573941623424,4.5969640584409275,85.75074672954486,control_1,1.0414948823894576,2.5799877220757352
2024-11-02,24.575351053220274,39.606507415103216,40.392604310831096,48.98696618458705,2.1469878941515432,102.35378096336501,control_1,-8.59436187375595,-15.031156361882942
2024-11-05,27.500217304179625,9.306567416588999,12.99736926077062,11.444063787545089,2.9659345271604223,162.13440874282503,control_1,1.5533054732255316,18.193649887590624
2024-11-06,10.575756256440936,20.733309400426343,18.716022672472587,18.246300964984087,2.811692073433355,254.6181385773767,control_1,0.4697217074884996,-10.157553143985407
2024-11-11,14.763376219256818,21.854546718310562,31.092047932436586,19.741756685824836,3.4511234983622394,46.36766073799913,control_1,11.35029124661175,-7.091170499053744
2024-11-13,22.808435787890424,18.03498392981704,13.5185616622773,28.65354276062045,3.0628035216221443,352.84311898165885,control_1,-15.13498109834315,4.773451858073383
2024-11-18,14.375860389464139,10.128888652079489,13.296651670365213,15.856359945711805,4.362963306447506,116.07656463543185,control_1,-2.5597082753465923,4.24697173738465
2024-11-20,4.4119365130366415,5.076060812273477,9.479299452508716,4.576891194321003,3.1116028587966924,322.4420206180326,control_1,4.902408258187713,-0.6641242992368355
2024-11-21,18.438652408230144,21.380317873630414,9.094737694335745,15.047053330711124,2.868552212225621,330.89000979076184,control_1,-5.9523156363753795,-2.94166546540027
2024-11-23,19.631200929676787,18.265259722596706,17.029946846143062,20.156969240190595,6.074733145439935,67.68704192454089,control_1,-3.1270223940475326,1.3659412070800805
2024-11-24,11.91266216926709,13.735766486590443,17.196768139645823,19.983178898157913,2.281549153703061,13.302021475432753,control_1,-2.7864107585120905,-1.8231043173233523
2024-12-12,25.30264891005259,17.2075577107651,19.541504489649217,15.648965958475067,2.654395298919382,59.61559776021301,control_1,3.89253853117415,8.095091199287488
2024-12-27,25.56571015903296,24.425989393266114,23.951296263796195,16.64179240848567,5.509825265983955,90.05370608769772,control_1,7.309503855310524,1.139720765766846
2024-12-29,17.160469355874806,13.034147466376165,20.956006536360945,23.221112966247926,5.703399277293938,39.50729522183451,control_1,-2.2651064298869805,4.126321889498641
2025-01-01,33.513298515028325,29.243432766490134,24.369044620196302,7.73017876383776,2.1981778144711783,31.549560983470485,control_1,16.638865856358542,4.269865748538191
2025-01-03,11.443580397762847,3.4724993866792144,12.192645924524006,7.7597050576711855,2.298268561631,21.43698178420408,control_1,4.432940866852821,7.971081011083633
2025-01-07,4.980965133205513,10.491510519148179,12.578598147102447,9.846528377791776,3.9534657792927597,215.99895363206136,control_1,2.7320697693106712,-5.510545385942666
2025-01-11,6.805257686636718,2.545474305552464,7.1392015403938585,4.434183120433414,2.1743082722286435,182.1247201540964,control_1,2.705018419960444,4.2597833810842545
2025-01-20,-1.2679335869035198,1.9212036888192539,4.501796248163513,5.150548206848196,2.3955223537780115,237.4063750950173,control_1,-0.6487519586846826,-3.1891372757227736
2025-02-02,15.051495247393394,15.55278146822845,17.6681041279611,14.120659335859042,8.063690837816756,48.823177693759476,control_1,3.547444792102059,-0.5012862208350555
2025-02-04,24.152260170521775,10.754975312473416,20.40252952561885,19.72524496336758,4.344789185643936,0.8996974936399624,control_1,0.6772845622512698,13.397284858048359
2025-02-05,31.00262773530092,29.571459407889506,27.842880068640085,35.183378037279454,3.5698129781083106,85.9446655134177,control_1,-7.340497968639369,1.431168327411413
2025-02-07,20.631156957564336,35.5520155899286,19.703268446813524,27.769939689987844,6.322600104032037,90.5618246238243,control_1,-8.06667124317432,-14.920858632364265
2025-02-11,26.532236928220602,18.500670195028295,28.638867633982837,18.69007443457564,3.421838052307692,168.63332470936837,control_1,9.948793199407199,8.031566733192307
2025-02-13,15.399335006897298,7.006603893236176,14.281614684160294,10.781088045759402,3.4999505370192896,340.166213264345,control_1,3.500526638400892,8.392731113661121
2025-02-16,4.956366520335699,2.34286663630278,9.106037895481055,-6.688965150647875,2.9654977057947667,20.98841586601941,control_1,15.79500304612893,2.613499884032919
2025-02-19,12.062991346377949,14.008079222668153,13.192222021644335,7.843601044254149,3.005549761966014,36.45721794911219,control_1,5.348620977390186,-1.945087876290204
2025-02-24,21.248975807220734,19.119715027748462,18.088474287689834,15.820680387985073,5.075857225819481,22.28145665202578,control_1,2.2677938997047615,2.129260779472272
2025-03-07,17.218761788346836,15.368855286785825,21.159406228506636,21.307372642968364,4.248540852754082,185.40148800943717,control_1,-0.14796641446172742,1.8499065015610103
2025-03-08,24.068898067220854,24.173921332549753,21.862315535950124,22.976688780335323,2.021234196305313,321.6683918528688,control_1,-1.1143732443851988,-0.10502326532889938
2025-03-12,2.5700203249019515,3.785988299707182,-5.202030898235753,0.6916270415087722,6.814536543525964,5.343748201072572,control_1,-5.893657939744525,-1.2159679748052303
2025-03-16,7.942172075262826,8.576758195864722,5.43111855327627,11.469503224529726,8.258955249241167,44.16305159987303,control_1,-6.038384671253456,-0.6345861206018952
2025-03-18,27.988960907415397,16.085188408254375,19.298529474435345,22.550349604101868,3.3598384588733965,108.38906426123498,control_1,-3.2518201296665232,11.903772499161022
2025-03-20,42.980920419879965,52.56424012224704,45.56965179469845,53.14674056952092,2.582162847356173,91.5463053457022,control_1,-7.577088774822471,-9.583319702367078
2025-03-21,46.27435964397564,46.43885427557911,46.0708029885666,42.986474274220136,2.145887900767164,42.274552282929506,control_1,3.084328714346462,-0.16449463160346767
2025-03-24,19.477045549014683,30.69262484545982,24.985074627851375,26.366116156904436,2.0519819573969373,285.3498414390648,control_1,-1.3810415290530607,-11.215579296445139
2025-03-25,23.261718062559034,24.414080430348175,23.169540490558347,20.836587635687987,2.284454888393808,302.56869555400556,control_1,2.33295285487036,-1.1523623677891415
2025-03-26,16.641535511265708,19.969412510607793,15.474584985392148,16.19709785374558,2.9906820362754356,350.5462021956508,control_1,-0.7225128683534301,-3.3278769993420845
2025-03-27,12.342196052667264,16.209637114824794,16.708346664735345,17.82741800844645,7.626075042720981,51.972738388357186,control_1,-1.1190713437111057,-3.86744106215753
2025-03-28,13.431655455322081,18.365866264046716,12.299565510343337,19.718673387123406,4.279433028522613,65.81453732163436,control_1,-7.419107876780069,-4.934210808724634
2025-03-30,17.28703076033602,25.050562209232112,22.62526570345739,22.87162324502562,5.91100074545735,35.592680001303506,control_1,-0.24635754156822998,-7.763531448896092
2025-04-02,20.680073166781934,9.727128959901608,12.298489023068942,13.202734532280907,3.4883216906576986,169.10567428484978,control_1,-0.9042455092119646,10.952944206880327
2025-04-04,21.18809804674891,22.02429498450902,20.356736458017078,19.266040485384192,3.8824336957809735,231.48420454421733,control_1,1.0906959726328864,-0.8361969377601106
2025-04-08,19.743377439740698,27.675532284886092,20.13131427263172,18.13688112960165,2.6400098452804595,79.82100817048791,control_1,1.9944331430300686,-7.932154845145394
2025-04-11,23.30145147156567,28.66086594001827,32.609720940746435,28.339676121055568,2.565910857492024,15.330992582294755,control_1,4.270044819690867,-5.359414468452599
2025-04-13,18.9020002129776,18.842463715589503,17.291667949726666,16.310778466306683,4.262376697755621,211.91920947725058,control_1,0.9808894834199826,0.0595364973880983
2025-04-14,19.720391832003163,21.858539146995238,21.42035157537108,16.503406688643498,2.3114976072661118,291.62814080666743,control_1,4.916944886727581,-2.138147314992075
2025-04-17,14.255490202580889,7.53206341343898,9.629374993784964,8.672424924021543,4.667830784438079,166.31308638207042,control_1,0.9569500697634208,6.723426789141909
2025-04-18,18.975097584515648,17.21793389835095,18.4965903657667,13.631100010379907,4.730452242998494,192.09576955794216,control_1,4.865490355386793,1.7571636861646986
2025-04-20,18.38823335981873,24.299422885832357,16.668366577950486,23.833483895154867,2.0342073370017215,44.626141827118374,control_1,-7.1651173172043805,-5.911189526013626
2025-04-24,20.44263899792963,23.503331828603546,19.69872227015811,19.0144172821578,2.233206645326918,289.24531529450513,control_1,0.68430498800031,-3.060692830673915
2025-04-30,19.326175185233296,18.84705190690966,15.469136406979208,16.069070139698887,2.7677731677968556,212.07735374910138,control_1,-0.5999337327196788,0.47912327832363744
2025-05-01,23.38190231190913,23.638254908448246,26.403254292647375,23.889933635568905,2.702057148891854,259.3147246626291,control_1,2.51332065707847,-0.25635259653911646
2025-05-02,18.79228347373186,23.885923007440287,21.121877405386453,19.697539583289306,2.4398561677692503,323.43833597633,control_1,1.4243378220971472,-5.093639533708426
2025-05-05,28.548431043612297,22.02101287088874,23.27044352259387,22.01737254479873,4.386256101691403,194.2927467651129,control_1,1.25307097779514,6.527418172723557
2025-05-06,25.48964941282431,21.64621080815302,22.978515282866436,21.08106520566781,3.052397887530094,213.6877240964543,control_1,1.8974500771986271,3.8434386046712916
2025-05-07,24.964208726468186,31.524643989618752,30.6314113839804,30.682573111649727,2.1290803574124046,342.2282881414392,control_1,-0.05116172766932792,-6.560435263150566
2025-05-09,25.280930737047505,26.963785772551986,21.74161279676452,22.99533670356467,2.90248847750954,324.4357281794307,control_1,-1.2537239068001504,-1.6828550355044811
2025-05-11,15.423097520800322,22.6262627152838,19.517679837689343,23.04033499478224,7.964376931582249,45.64371955164569,control_1,-3.5226551570928955,-7.2031651944834785
2025-05-12,18.047163317061038,21.417112185099562,22.309570232223667,22.1324798861773,7.888403147016027,69.74811332351322,control_1,0.17709034604636642,-3.3699488680385237
2025-05-13,20.325300436727478,20.120876533502795,20.322842834854075,27.858457571689172,3.528273910961834,116.5963215600234,control_1,-7.535614736835097,0.20442390322468285
2025-05-14,29.504882249283295,27.475279117679943,22.653987499884398,28.653768828611945,2.579832855490871,123.8697757930205,control_1,-5.999781328727547,2.029603131603352
2025-05-18,22.063689367762528,19.076254922405223,17.100379698830572,20.184315755459203,4.14718666325086,149.24542775253286,control_1,-3.0839360566286302,2.987434445357305
2025-05-22,26.093297315766446,23.235553408578756,21.388761386137517,26.748750378183306,4.9448783192246415,72.88167254378635,control_1,-5.359988992045789,2.8577439071876896
2025-05-24,22.632100940352718,18.348333351691913,18.584513878702122,18.366761922519515,2.5726781632764846,212.17367607033572,control_1,0.21775195618260668,4.283767588660805
2025-05-27,24.928362491950168,27.792529759928673,26.346632566269246,23.47592904685942,2.340946990414535,259.34571401913695,control_1,2.870703519409826,-2.8641672679785053
2025-05-28,19.596355388844465,22.907446418544414,19.93832942655411,23.43642924502531,2.591378746142015,357.1429439063587,control_1,-3.4980998184712,-3.3110910296999485
2025-06-01,11.834934885166746,12.97243667589345,20.479962689840207,17.40910538412233,3.727291655460153,43.831677940969485,control_1,3.070857305717876,-1.137501790726704
2025-06-02,17.609811951380397,16.15909034382746,18.93182533693374,18.340374437404513,3.1214549199519186,197.7175424241715,control_1,0.591450899529228,1.4507216075529357
2025-06-04,16.02430516870417,14.496050924719496,14.629245627665195,12.286037406772552,2.2447409345268516,209.23449965814066,control_1,2.3432082208926435,1.5282542439846747
2025-06-06,18.29177641839225,16.44598025875377,15.79291989989003,16.894589852788588,2.2034949380904902,221.90291761083384,control_1,-1.1016699528985576,1.8457961596384784
2025-06-08,12.99839128263213,9.997446807670174,5.144611809065534,5.495593324611148,3.33007665678739,239.06218884373317,control_1,-0.3509815155456142,3.0009444749619565
2025-06-13,17.926028817842575,20.85863966873098,20.764133166683386,26.548478215951924,3.2732982004300104,33.82944420264607,control_1,-5.784345049268538,-2.9326108508884055
2025-06-19,13.947982948710466,16.120619731804084,15.821881300315287,12.36578720802942,3.743237422787916,40.256710536735625,control_1,3.4560940922858663,-2.1726367830936173
2025-06-20,17.842670453354014,18.524953489841266,14.775965265325508,10.77131585145482,7.212478039694036,61.944026895217576,control_1,4.004649413870688,-0.6822830364872523
2025-06-21,15.759774463639442,19.808940324618707,16.09785041256179,26.681500609508735,5.94446520566294,158.1945622031874,control_1,-10.583650196946945,-4.049165860979265
2025-06-23,5.892001059372831,11.008765721420946,10.154916473046983,14.77027268529389,2.3983475128922027,244.21432896792209,control_1,-4.6153562122469065,-5.116764662048116
2025-06-25,14.064761146565843,10.812836304070618,15.372790085778293,13.630393298101126,2.1917899449632916,356.834662383027,control_1,1.7423967876771673,3.2519248424952245
2025-06-29,10.605971966845871,20.160028901898897,16.41778928401182,14.927408481249284,2.9168247404757626,223.0605707810631,control_1,1.4903808027625374,-9.554056935053026
2025-06-30,20.499411322278537,20.20586179157148,18.849434774927357,21.11516866995588,4.694551807621026,326.84927789042473,control_1,-2.265733895028525,0.29354953070705747
2025-07-01,19.6117740709211,19.0862065521166,18.192607104574133,19.572549265105422,2.769474078468521,349.6279582254897,control_1,-1.3799421605312894,0.5255675188045004
2025-07-03,13.10707479195723,-3.225607080707193,8.465519099301508,20.221222773648734,3.048303715455216,349.0422467558073,control_1,-11.755703674347226,16.332681872664423
2025-07-04,14.412872667864315,16.500140114968232,17.289406459013293,13.662443185459674,4.7595163553554825,57.50123886747775,control_1,3.626963273553619,-2.087267447103917
2025-07-06,16.840796322054636,17.6624430713879,13.844810319086164,14.612205831552235,2.5985573938120634,247.82504543468485,control_1,-0.7673955124660701,-0.8216467493332651
2025-07-07,19.813696820664614,16.90083666754395,14.680444532218829,16.240520121051954,2.1272206579627686,289.6285140440279,control_1,-1.5600755888331257,2.912860153120665
2025-07-09,19.795918505527872,20.985445700485933,20.772316217041194,13.891439569149023,3.101843798839325,69.33723722118697,control_1,6.880876647892171,-1.1895271949580604
2025-07-11,17.365185237805196,15.612433728107384,17.92824087471521,14.790115281432028,2.0884873110459936,255.94827349159914,control_1,3.138125593283183,1.7527515096978128
2025-07-12,10.67941040456288,10.098557779523707,14.751061369823981,13.722074217294846,2.413986387840879,242.75973894616686,control_1,1.028987152529135,0.5808526250391726
2025-07-13,20.35044873985424,16.763048619104037,19.915643200801238,20.652966772828588,2.4102532744850147,253.10099421920233,control_1,-0.7373235720273499,3.5874001207502033
2025-07-15,29.76883496449883,30.831685866867467,33.45637139578637,34.93268540701455,2.7219886158178688,103.4170121851937,control_1,-1.4763140112281832,-1.0628509023686377
2025-07-21,13.00995526138059,12.74282363931974,15.315470186144179,11.46407118226213,4.316140020320596,50.21609740151155,control_1,3.851399003882049,0.26713162206084995
2025-07-30,24.930275331768556,19.073548243886403,18.982944867178905,19.900813950091152,2.935149720876231,139.60392285732553,control_1,-0.9178690829122473,5.8567270878821525
2025-08-06,16.76798856382917,21.02380324154863,19.210258577665748,20.509685418480935,2.098364991229553,104.88222864912723,control_1,-1.2994268408151868,-4.25581467771946
2025-08-10,14.505429544940329,12.508614187267252,18.41728683096367,13.394750511951328,2.458363660371881,232.9694469627413,control_1,5.022536319012341,1.9968153576730767
2025-09-03,19.48326287854365,29.487445035212886,16.023556920945797,19.37792651685502,3.1812609506550475,254.49764967420418,control_1,-3.3543695959092226,-10.004182156669238
2025-09-07,12.491680402302686,14.769275924847253,19.369838619408323,16.249142529620528,2.0853469307133463,5.356062690109127,control_1,3.1206960897877956,-2.2775955225445674
2025-09-17,14.431789478622816,18.33312551762444,17.142715497578493,17.62753935109689,2.0391553822032376,260.615457084884,control_1,-0.48482385351839596,-3.901336039001622
2025-09-20,19.18919357877575,17.96779455112896,19.72580534274,18.445520699621813,2.3473566046785,26.505015601834202,control_1,1.2802846431181862,1.2213990276467896
2025-09-22,19.51442992362629,21.622043358428726,17.3113637081338,16.481311850314704,2.7541182368080106,217.9512181862244,control_1,0.8300518578190967,-2.1076134348024347
2025-09-23,21.180180466520998,20.269661663597944,20.846879580257607,19.39388743498429,2.3187867653460543,249.57823832878995,control_1,1.452992145273317,0.910518802923054
2025-09-24,21.817347374237066,15.820762438874254,15.585094008450284,19.824818914134443,2.5977740803324516,277.0267947987192,control_1,-4.2397249056841595,5.996584935362812
2025-09-26,13.089826305055828,8.165704210827649,6.600909524336475,5.657123446897347,2.835014877568335,197.5822148973078,control_1,0.9437860774391282,4.92412209422818
2025-10-02,23.680455635594146,25.31460517701765,24.81966029859464,21.50583862989118,2.1156042044637866,314.165842265711,control_1,3.3138216687034614,-1.634149541423504
2025-10-03,18.215200578083955,23.690345390857214,24.31524350679533,19.34900363237113,2.442523607649803,175.00729415277885,control_1,4.9662398744242005,-5.475144812773259
2025-10-04,21.193008305383117,15.437204201093909,16.822913500964916,20.468714475961896,2.1896109803235873,152.67728521720562,control_1,-3.6458009749969804,5.755804104289208
2025-10-05,9.108665346143807,13.883974807201424,8.791286263718039,12.974348703123727,2.239071476338564,268.0123634454549,control_1,-4.183062439405688,-4.775309461057617
2025-10-06,17.72010183649587,18.856976110211786,21.220955300718394,16.842203769952324,2.199847061423587,247.22577905445098,control_1,4.3787515307660705,-1.1368742737159145
2025-10-08,23.41905784067505,23.471007487879685,23.438502017188515,25.407617790458463,2.3236794355920223,330.01100292914975,control_1,-1.969115773269948,-0.05194964720463702
2025-10-10,14.295257529135132,12.703468934430251,14.162228783168356,15.944930086875694,3.3812800707296744,47.6153660140144,control_1,-1.7827013037073378,1.5917885947048802
2025-10-11,16.102570241435327,16.122552006870556,20.187307902969774,15.266961146965476,4.313899042587563,98.36846026320734,control_1,4.920346756004298,-0.019981765435229448
2025-10-12,0.43369469430970914,4.701456438099198,3.2823917678899908,1.7364653860735693,2.074775129975101,330.1760932637489,control_1,1.5459263818164215,-4.267761743789489
2025-10-15,26.775629857441857,36.40653744309188,27.78648175273595,18.310355057351725,3.401832454932456,96.43585775414562,control_1,9.476126695384224,-9.630907585650021
2025-10-19,15.138797019309186,17.496050425822485,19.89334643965823,10.70795989837211,3.3251844116723674,58.09437635738209,control_1,9.185386541286121,-2.3572534065132995
2025-10-20,9.355477242947416,12.064647255333988,12.994229353690562,10.222649272338273,2.4442206967077036,240.19638012664296,control_1,2.7715800813522886,-2.709170012386572
2025-10-26,10.45698848749704,8.939966486662623,15.879191784808173,17.00895334270163,5.590044623144726,48.45368833529966,control_1,-1.129761557893458,1.517022000834416
2025-11-05,18.631051581220845,10.850391564626873,10.790302660844537,9.570896242747047,7.0009326129418685,44.00679269345238,control_1,1.2194064180974902,7.780660016593972
2025-11-30,21.604945042467012,17.898289371200754,18.281626348655834,22.285980092534178,2.631058280902336,202.84923246246234,control_1,-4.004353743878344,3.706655671266258
2025-12-16,53.54046552360944,25.831274399879906,80.32634429820565,36.04878937227338,2.0767861438518755,16.820027653519617,control_1,44.27755492593227,27.709191123729536
2025-12-17,27.48995944922593,24.431763436055515,26.981653648050532,35.01950326369101,5.942986782981814,72.64698018835088,control_1,-8.037849615640475,3.058196013170413
2025-12-18,62.43769906630831,38.449864006994574,54.25033497271528,44.29395526915294,2.1228013041312472,21.96009118842079,control_1,9.956379703562341,23.98783505931374
2025-12-19,9.05072907325895,11.129355357814749,5.6707904084467105,14.215678347607588,2.1760187755894185,42.575369621430696,control_1,-8.544887939160876,-2.0786262845557992
2025-12-23,27.097759038546865,23.54871815260879,30.583282056585094,26.30520824607487,2.763170885989974,328.0347201166684,control_1,4.278073810510225,3.5490408859380764
2025-12-25,16.17570764605776,9.611898861065496,15.626894068286516,13.506758385055013,4.9456543093846115,350.43242786417414,control_1,2.120135683231503,6.563808784992263
2025-12-26,1.4793469945701176,-0.5948319461782742,6.457640013152059,1.1044735032974176,3.3173878166369017,22.834133561613214,control_1,5.353166509854641,2.074178940748392
2025-12-27,35.02479288126977,14.885755134980952,22.339241645561625,16.04197442731431,2.3706793852708468,135.0821828038072,control_1,6.297267218247313,20.139037746288814
2026-01-07,30.488783252252873,39.80562664292942,41.19337730736812,46.16694169125521,2.0579809874169483,54.020160512875634,control_1,-4.973564383887094,-9.316843390676546
2026-01-08,13.60180901769937,4.334011405238867,8.190378614873547,8.176777238586592,5.1142558506167815,152.00576636957157,control_1,0.013601376286954903,9.267797612460503
2026-01-24,18.137116381821365,10.492133685099445,10.854268038564392,13.948186814096495,2.346527228051922,199.0845346720768,control_1,-3.093918775532103,7.64498269672192
2026-02-18,8.36280805856874,10.094533297942869,13.603784208281184,5.032673673383662,5.332312411635022,66.79413690085221,control_1,8.571110534897521,-1.7317252393741285
2026-02-21,28.728738746358342,27.184769040943312,32.31691790483356,27.859633809864665,2.4009908144839236,318.92481851569875,control_1,4.4572840949688945,1.54396970541503
2026-02-22,21.48748163937813,25.338695497587143,28.638231822357216,24.781496113639083,2.808419745325652,333.8266419797326,control_1,3.8567357087181335,-3.851213858209011
2026-03-03,23.30742400992039,25.552752570873057,25.618369668470056,23.416111504373603,2.003821652376045,307.0208570725888,control_1,2.2022581640964525,-2.245328560952668
2026-03-04,11.680968807320683,18.874262355351114,10.9946365998705,15.381370054878637,6.887004317830921,77.3301698933887,control_1,-4.386733455008137,-7.1932935480304305
2026-03-05,21.296094450133378,11.220671723927659,13.116002583042443,14.20658679808698,3.0610386786353723,167.73304624781758,control_1,-1.0905842150445366,10.07542272620572
2026-03-06,18.77701267795649,14.556006526129414,15.57669428709227,12.660388872913446,2.6303402557613618,213.7672722795603,control_1,2.916305414178824,4.2210061518270745
2026-03-08,20.014461092187236,18.34509971461129,20.20394076381271,16.220252011922792,2.795469851928801,352.50580694979936,control_1,3.9836887518899182,1.669361377575946
2026-03-10,29.917365872065254,27.71976888563908,28.581629122588875,22.289632530578448,4.835941025609842,98.40350217490862,control_1,6.2919965920104275,2.1975969864261735
2026-03-12,20.95058622991394,21.825856932155645,22.636014698056197,25.496753969771795,3.173372291420916,51.52673077237546,control_1,-2.860739271715598,-0.8752707022417034
2026-03-14,10.682261347578818,7.325622530053635,5.973915031064036,15.357048823007975,5.320153813510404,119.08101190790967,control_1,-9.38313379194394,3.356638817525183
2026-03-21,14.66531817398485,25.58917165250833,24.936900991669884,17.123573570650702,3.0571563017585968,95.61634888035223,control_1,7.813327421019181,-10.92385347852348
2026-03-23,9.501948387113478,19.615265359568383,18.51737648623469,8.58156487509221,3.9987375373786525,66.12103003721916,control_1,9.935811611142478,-10.113316972454905
2026-03-24,9.067907508883398,17.68200968889288,13.396335946953592,11.30002384335831,3.1557088515787597,56.4127413104959,control_1,2.096312103595281,-8.614102180009482
2026-03-25,19.686407293965367,22.073600953478987,21.3093807443961,16.877156609640775,2.095924137992652,90.61777540763256,control_1,4.432224134755327,-2.3871936595136205
2026-03-26,15.492680405935786,14.585459002362995,13.912580959884234,14.869519918764142,5.659079925421592,198.66390198779175,control_1,-0.956938958879908,0.907221403572791
2026-04-01,10.385824986281547,-6.223823740774554,0.7746930638801113,3.969750043819752,7.05422860123748,44.09428620128904,control_1,-3.1950569799396407,16.6096487270561
2026-04-02,22.213473290475008,13.382997475500881,10.36397396265153,11.603464228660561,5.8613382600500366,130.45340742514497,control_1,-1.2394902660090317,8.830475814974127
2026-04-03,13.376240342536699,12.608407236522037,17.65309751258732,13.298438169233172,3.1170687995813857,272.5809400366683,control_1,4.354659343354147,0.7678331060146615
2026-04-04,11.970330795175512,11.854945361109364,11.692255822349283,10.986344193922482,2.537087579266376,271.4408439753846,control_1,0.7059116284268008,0.11538543406614821
2026-04-05,14.314531665232128,13.011090664211062,10.467564242821792,7.195987225610803,2.321241213188915,314.5301523714003,control_1,3.2715770172109897,1.3034410010210653
2026-04-14,20.233879573379845,15.988561641079906,15.659674874409673,25.923416031106093,2.359601580531777,84.3741652071331,control_1,-10.26374115669642,4.245317932299939
2026-04-16,21.37520385990641,16.903745771934997,21.8279664382287,17.95424275526607,4.142500125270086,141.83162842859065,control_1,3.8737236829626305,4.471458087971413
2026-04-17,13.220741181174779,9.360861504619422,10.599446672087279,9.427482247561878,3.3242328299478183,292.89433401202183,control_1,1.1719644245254006,3.859879676555357
2026-04-19,21.557177574726715,13.008053254112909,21.398872708858427,17.241408692576535,2.46070875348451,328.4379903002335,control_1,4.157464016281892,8.549124320613807
2026-04-20,14.620485391130313,15.369126123961019,16.67236226131134,14.103188491456919,4.123330562151927,12.489849541216131,control_1,2.5691737698544195,-0.7486407328307063
2026-04-25,19.825488562313055,28.31356340613003,24.136948988059814,18.897864409634543,2.3314183822942454,58.34999604827959,control_1,5.23908457842527,-8.488074843816975
2026-04-26,7.729831426217866,7.778456611317573,1.5815660085016043,14.806634736975722,4.013515037359176,114.06718123174312,control_1,-13.225068728474117,-0.04862518509970659
2026-04-30,11.314314179762718,12.748589984972483,11.896973369571835,12.422470130886666,2.4829649635987567,243.41967460974416,control_1,-0.5254967613148303,-1.434275805209765
2026-05-01,18.23603370525462,17.267589101600873,16.341092322956126,13.869815422418883,2.4779693971163326,258.6333987200344,control_1,2.4712769005372426,0.9684446036537473
2026-05-05,25.284111897033902,17.427316156880213,21.830169071561915,23.00559632692146,2.067396431848996,191.37934819354183,control_1,-1.1754272553595442,7.856795740153689
2026-05-06,13.052973380822593,17.204548019946436,17.860521001287307,16.345708690420395,2.4088475713258313,186.78227725335245,control_1,1.5148123108669118,-4.151574639123844
2026-05-07,23.412288498296444,26.292150117377744,21.697211933579702,24.316186246043056,2.6162357936646097,92.28749140053958,control_1,-2.6189743124633544,-2.8798616190813
2026-05-09,12.474544234043943,15.31900198526807,17.745278712671947,13.397784849950469,2.0870225194017085,249.54317752032378,control_1,4.347493862721478,-2.8444577512241267
2026-05-10,21.8582666865658,21.650095190683885,21.947413309045853,19.989505137128045,2.931349373978433,325.9261977838344,control_1,1.9579081719178077,0.20817149588191342
2026-05-12,21.33851192006459,19.553670045929138,23.07781816583815,19.254298177539546,4.0834161396687945,8.91340073316809,control_1,3.823519988298603,1.7848418741354521
2026-05-13,27.629132148276565,30.573751823374263,27.257932423132036,26.543896033991636,6.459043392854333,87.10730799778958,control_1,0.7140363891404,-2.944619675097698
2026-05-16,12.816336752936728,9.16779526917636,9.962348494809156,6.963127019734901,3.158489188421917,162.7113170007301,control_1,2.999221475074255,3.6485414837603685
2026-05-19,13.093144121807043,14.283931632800305,13.395323155346377,12.868957774777542,2.4922226462428942,278.7727661886163,control_1,0.5263653805688353,-1.1907875109932622
2026-05-21,24.69100726239324,18.381319094448852,21.803403555002717,17.468777380638446,2.578748695226151,192.28097806712486,control_1,4.334626174364271,6.309688167944387
2026-05-25,14.221940465576383,9.289127554325615,13.111316340112458,16.060990410567705,2.010717890069106,16.629531911947254,control_1,-2.949674070455247,4.9328129112507675
2026-05-28,19.980398677583263,16.207502613596084,21.686329828917163,12.156405718125463,2.1299340156167017,268.1551138569341,control_1,9.5299241107917,3.7728960639871794
2026-05-29,22.887749205873856,27.89154180400811,33.55980196761545,29.78937591864159,2.533906101918235,116.34144997522975,control_1,3.77042604897386,-5.003792598134254
2026-05-30,10.89105576747266,19.00404102519081,20.48655181301677,20.915223019616455,2.29036537872256,131.3848234089303,control_1,-0.4286712065996845,-8.11298525771815
2026-06-03,21.05550335347196,33.4138310745564,39.28014544951299,24.213768997391718,2.606386649479957,46.80504605694989,control_1,15.066376452121276,-12.35832772108444
2026-06-07,7.533082883461476,7.247843990752629,7.818515827477063,3.901729927639349,2.2405589167273012,208.06656508972293,control_1,3.9167858998377145,0.28523889270884695
2026-06-09,26.745908433497863,26.37111156353266,25.321862044776033,30.59322648388099,2.771317347922044,141.24489516506713,control_1,-5.271364439104957,0.374796869965202
2026-06-10,27.832365671313333,22.620762554807076,27.074406977666932,22.201723431474495,2.221707691675518,169.87450472528485,control_1,4.872683546192437,5.211603116506257
2026-06-13,13.960365166034936,10.850503344515984,9.468505534648047,12.358424240242556,3.331302138909106,212.58752310937686,control_1,-2.889918705594509,3.109861821518953
2026-06-14,13.5469360494754,14.413123950245536,17.527618300315442,16.35402551223624,3.2250503397415375,212.89897735957973,control_1,1.1735927880792012,-0.8661879007701359
2026-06-15,17.131103859996337,12.387421942581977,15.483872414799576,16.63940713633949,2.3756558715191756,219.02462342214568,control_1,-1.1555347215399134,4.74368191741436
2026-06-17,21.582004837199328,18.12360322677266,18.102292484749128,16.273947199801764,2.254274581257079,161.66365463622458,control_1,1.828345284947364,3.4584016104266695
2026-06-24,17.587957958100432,27.866120656908148,26.498179256793804,23.455827400146113,2.2296743848098703,85.7519755998506,control_1,3.0423518566476915,-10.278162698807716
2026-06-26,12.998307629413809,17.036884990732165,3.7213517965139498,20.37444941859197,4.796149123402895,75.5974533500808,control_1,-16.65309762207802,-4.038577361318357
2026-06-27,20.093642323199195,17.823072075369055,17.21816612855494,21.860185781460075,5.464051460489494,98.6526187328567,control_1,-4.642019652905134,2.2705702478301397
2026-06-28,23.047167332806783,16.310498396295827,19.064264721942564,18.680455762508206,3.1360736039803125,154.37595851978222,control_1,0.3838089594343579,6.736668936510956
2026-06-29,9.312746877976858,12.389155829461824,7.451973084851641,10.41446019588236,2.2672548749555874,256.84907939321454,control_1,-2.9624871110307183,-3.076408951484966
2026-07-10,15.797925517984671,17.921602298594124,26.467217242898624,16.99232570850476,2.7488658740030107,26.783096789967658,control_1,9.474891534393862,-2.1236767806094523
2026-07-25,21.978701033219682,24.781970706510275,25.635092457268797,19.792570909406727,2.305020180339495,42.78132709581905,control_1,5.84252154786207,-2.8032696732905933
2026-08-03,16.802558356920777,17.120919243154944,19.918363916006598,21.23214705573214,2.882764782987585,212.1680786595931,control_1,-1.3137831397255404,-0.31836088623416714
2026-08-07,29.98253519299219,23.965853086158475,24.452788523032144,23.009275105318096,2.0934579875049177,161.8922369987455,control_1,1.4435134177140476,6.016682106833716
2026-08-22,15.099773561259873,12.932549275193603,18.652819143947035,16.144678186504727,3.5628383845782765,28.26858401978791,control_1,2.5081409574423077,2.1672242860662703
2026-08-24,17.211973437159276,23.1649864120604,28.859210595764026,20.495807388304353,2.2379604573084273,347.8962527347885,control_1,8.363403207459672,-5.9530129749011245
2026-08-25,21.09449336369117,19.551057491941783,15.853331825754365,24.391002194009033,3.0954109060367383,342.5528346719918,control_1,-8.537670368254668,1.543435871749388
2026-08-26,11.625389947728296,9.876696765694255,17.356920943241647,14.444453358096819,3.5085748620259203,18.33168475848248,control_1,2.912467585144828,1.7486931820340406
2026-08-29,29.407353369268264,23.43864789572041,29.096471736656635,30.332412879809105,3.217781241131424,43.09065235405012,control_1,-1.2359411431524698,5.968705473547853
2026-09-01,17.14695737858914,12.86049275254242,20.047398753720262,27.925747176118108,3.4709270625436615,26.473850868979184,control_1,-7.8783484223978455,4.286464626046719
2021-07-08,16.519756927524558,24.53719675309118,36.253005089312616,18.70853902275613,3.7861610224722972,53.404655951365385,control_2,17.544466066556485,-8.017439825566623
2021-07-11,18.517384295269345,18.108840735954296,24.32202026584075,14.45280180361645,3.3726793326759252,51.92132405280199,control_2,9.869218462224298,0.40854355931504927
2021-07-12,21.344884947226408,17.872215156127936,27.025706549409474,14.122607037629098,3.5998740240020153,59.017894000007004,control_2,12.903099511780376,3.472669791098472
2021-07-13,17.304200163429922,18.326237528827676,31.720775256191736,15.53109767812666,2.0646928563363884,33.35310122977211,control_2,16.189677578065076,-1.022037365397754
2021-07-15,26.665499933343696,30.68963502230158,35.314552914599616,28.21691857148715,3.4624474941127263,56.50038103355217,control_2,7.0976343431124675,-4.024135088957884
2021-07-16,25.753155838363792,30.71797516031731,33.82053783762163,32.477392369826376,2.1218643644401713,46.83565247507363,control_2,1.343145467795253,-4.964819321953517
2021-07-20,18.22144798020095,19.865244406642034,22.671332271023015,14.406076576524049,2.5762677279355928,33.91237855828484,control_2,8.265255694498967,-1.6437964264410851
2021-07-21,22.166929880643632,27.833313574616984,31.730162769592727,23.007114136999522,3.1927105926471615,44.684578401169915,control_2,8.723048632593205,-5.666383693973351
2021-07-22,13.866227396509657,9.464698854903382,21.847681104714756,14.080369931574891,2.529411530496479,29.061989821085547,control_2,7.7673111731398645,4.401528541606275
2021-08-04,29.366692727853632,16.71604585280385,26.514996852215695,23.64047038952402,2.4534518447475366,1.9636422712851527,control_2,2.8745264626916764,12.650646875049784
2021-08-05,10.06540637418434,17.092942811110248,25.81237864319514,16.10593781620298,5.055818602685667,48.951378011315114,control_2,9.706440826992157,-7.027536436925908
2021-08-08,22.990992488520174,16.516605837185892,26.37668542660103,16.58229614240211,2.9619495900550166,74.56532395900302,control_2,9.794389284198918,6.474386651334282
2021-08-10,28.89773884661495,30.210622438097367,34.69136270983572,30.111909025622783,2.6678062357462746,261.19308187247725,control_2,4.57945368421294,-1.312883591482418
2021-08-17,26.45662848815463,17.921756836610573,25.277665622151666,13.656676979703397,4.873102213683918,68.89356000184057,control_2,11.62098864244827,8.534871651544059
2021-08-18,15.075621397860418,14.265312012896661,13.333878821850826,13.550810307129936,2.5886960279547475,198.22471386490213,control_2,-0.21693148527911,0.810309384963757
2021-08-19,10.96714629580881,11.546770352306737,20.806850682154874,18.094687726541228,2.5015047528291467,174.60666526890532,control_2,2.712162955613646,-0.5796240564979271
2021-08-28,21.32697046411172,17.30557750605158,23.563937172844504,18.541995448087313,2.6410754306629216,283.7126909451828,control_2,5.021941724757191,4.02139295806014
2021-08-29,31.174561477245376,21.996044499678217,27.14207841165447,20.855958467501157,2.1259518721797863,55.63926871234878,control_2,6.286119944153313,9.17851697756716
2021-08-30,23.97532477326004,20.008779377634838,41.94586735029245,15.47657350179526,3.41723381357202,55.0577579272628,control_2,26.469293848497195,3.9665453956252037
2021-08-31,24.028719185898762,26.03607460475383,38.51874015645268,26.45091701944896,3.4498432029260533,57.08985292027967,control_2,12.067823137003721,-2.0073554188550666
2021-09-03,30.886223907758257,30.7612248130383,34.42203014496499,26.304727227532187,2.3919899701833125,279.8620259817879,control_2,8.117302917432806,0.12499909471995707
2021-09-09,19.725556345754402,21.3664718595481,33.43388696583239,16.03301940470417,2.6416110543298212,350.3421304656399,control_2,17.400867561128223,-1.640915513793697
2021-09-10,26.19773129175052,22.45190983222042,28.72750243875941,-6.228135240427737,3.909975534432908,39.739238056240936,control_2,34.95563767918715,3.7458214595301023
2021-09-18,12.378239056297636,1.9455342415199903,15.01175365201637,5.393177782156914,5.743773609231973,47.86074342084305,control_2,9.618575869859455,10.432704814777646
2021-09-19,10.664363619066952,12.963241145261135,12.092825114941386,6.613005538529692,3.4842821384618823,96.73316705207776,control_2,5.4798195764116935,-2.2988775261941825
2021-09-20,24.46150571618505,16.1766169664796,25.796859434276183,13.963237865204665,3.1486932222062824,281.42828720752595,control_2,11.833621569071518,8.284888749705452
2021-09-22,26.503243165245333,27.68432268720838,30.80968747563209,27.980685831332494,3.3149277235185757,61.28080430361791,control_2,2.829001644299595,-1.1810795219630457
2021-09-23,22.837213525667103,18.97541398545531,19.772553053450252,20.342801851312117,2.894135103101456,262.40367981526737,control_2,-0.5702487978618649,3.8617995402117913
2021-09-24,26.24001940734265,22.22302524707086,42.080928604374016,21.10180431562225,2.0064851246148114,297.8478154128134,control_2,20.979124288751766,4.016994160271789
2021-09-25,24.325093973299026,25.278383054422402,26.779292155469133,17.177035035328757,2.268414872093981,51.68875735156507,control_2,9.602257120140376,-0.9532890811233763
2021-09-26,19.04196192963582,18.951177257951493,30.745442076586592,19.110340241009105,3.2703669110790767,55.74439184052045,control_2,11.635101835577487,0.0907846716843288
2021-09-27,7.938391054984717,13.905942949163336,22.093830955662416,9.255254172527438,4.38232988916365,52.32049427748211,control_2,12.838576783134977,-5.9675518941786185
2021-09-28,12.745414450507988,13.36838815288804,17.049362569986307,12.978503877275722,2.339771326262985,197.68266363813663,control_2,4.070858692710585,-0.622973702380051
2021-09-29,26.378337759085298,10.728698832650517,30.69410302137694,17.123884085095753,2.3516582383861735,277.1224802014128,control_2,13.570218936281186,15.64963892643478
2021-09-30,32.1727901380597,30.520784181997946,35.627260825530335,23.645306395343898,2.507119010771214,280.57859073591226,control_2,11.981954430186438,1.6520059560617568
2021-10-04,22.919902994023808,14.291430230312102,21.266311937148714,15.770546268028495,2.477385639288821,40.90239368225167,control_2,5.495765669120219,8.628472763711706
2021-10-05,25.460545421244692,17.053011435693747,37.062580617336515,22.65624540431178,2.8348863409257867,46.92743092239493,control_2,14.406335213024736,8.407533985550945
2021-10-06,8.604291218427292,19.2897629178199,25.948310402615068,-5.561614541744586,3.981621230684625,41.45347132185401,control_2,31.509924944359653,-10.685471699392608
2021-10-08,33.10360596870897,20.634889874549117,32.30717846689973,-2.249773165693089,3.090502772735457,81.27059210260069,control_2,34.55695163259281,12.468716094159852
2021-10-17,13.609643848761504,14.50088528411275,12.877142524500531,4.592443958461187,4.65077888331152,31.612477559333172,control_2,8.284698566039344,-0.8912414353512457
2021-10-18,11.909128785112369,6.069715466417518,5.169316438029957,22.281826606190027,3.5564638338597754,110.58490305993405,control_2,-17.11251016816007,5.8394133186948505
2021-10-26,35.96266481093622,35.512294197641104,38.10791437399806,35.96266525055816,2.0733330871924016,56.92664244951652,control_2,2.1452491234398963,0.45037061329511374
2021-10-31,28.657183636853393,43.776264464204694,34.59116184389693,10.333852802112032,2.0698716989531727,37.15188758869806,control_2,24.257309041784893,-15.1190808273513
2021-11-04,24.115517399892514,20.883617368421383,36.02283360836316,21.85424656671494,4.283691564314748,60.71866860073743,control_2,14.168587041648216,3.231900031471131
2021-11-05,54.912825339083675,52.65212418884618,59.955485555848014,50.3157799645813,2.052956075516287,15.897933819354762,control_2,9.639705591266711,2.2607011502374945
2021-11-17,54.618331460184706,65.97800572913425,58.19672097683756,57.920853038653455,2.108786232364457,293.72614932086884,control_2,0.27586793818410626,-11.359674268949547
2021-11-21,24.3864154798141,19.193577086890752,21.398194212946233,20.0830861585528,2.1233403959638117,290.21664942113057,control_2,1.3151080543934341,5.192838392923349
2021-11-23,18.012259017678808,17.023080923500775,34.10781744929383,12.316836393976049,2.61261408399685,87.29148401107636,control_2,21.790981055317786,0.9891780941780333
2021-11-24,36.63798312335752,25.179079006516446,41.05120729160122,21.897343204794318,2.123948318959927,282.6938779223793,control_2,19.153864086806905,11.458904116841076
2021-12-15,8.28677079188053,27.57888261660748,66.31473169535806,35.26678117337822,2.1993597846973763,18.04060683440946,control_2,31.047950521979843,-19.292111824726952
2022-01-07,22.430262416732287,26.221074752954205,28.265903034711144,13.67593357612119,2.524807037308918,62.1811787376011,control_2,14.589969458589954,-3.7908123362219186
2022-01-25,42.41378667988599,11.92775538499803,20.508968309526473,28.04476573358605,2.092079772934105,279.1300475454514,control_2,-7.535797424059577,30.486031294887958
2022-02-01,40.82284855896124,10.334649651036774,21.226473624386585,19.253938914640177,2.2060324876132866,249.85608128433296,control_2,1.9725347097464088,30.488198907924467
2022-02-02,38.56231856129931,32.93476086110612,39.231858217530466,26.443320525022354,2.0030516938026173,264.4993371082573,control_2,12.788537692508111,5.6275577001931865
2022-02-14,21.897914822479827,10.467224515016374,33.152280253754945,13.197895863584982,2.8377561414796406,45.05718498500306,control_2,19.954384390169963,11.430690307463452
2022-02-21,1.9103524615130913,3.0115956149071077,21.859367806074008,4.549478705119514,2.212340684523313,142.46192342059078,control_2,17.309889100954493,-1.1012431533940163
2022-03-04,18.434146003529833,8.72194913945978,27.042511516144717,7.581065240800889,2.1466451259585546,63.37919221923863,control_2,19.461446275343828,9.712196864070053
2022-03-09,3.9440925779209572,31.57008912166101,25.41606242419251,12.322870027750179,2.878751320702554,117.67189126349228,control_2,13.093192396442332,-27.62599654374005
2022-03-10,34.953408833678,29.962801092582588,38.46423937201454,24.800224737078274,2.2561472264268025,276.9545336090552,control_2,13.664014634936265,4.99060774109541
2022-03-12,24.43587225784317,25.13829625050069,35.48700115783063,24.491359687008373,3.131587388492394,49.157553274978454,control_2,10.99564147082226,-0.702423992657522
2022-03-13,22.11558424427297,22.464199492543482,22.325398678089464,17.479401401549346,5.211557883690423,77.70693476536678,control_2,4.845997276540118,-0.34861524827051227
2022-03-22,36.44367080972226,37.80031957376083,38.14950536462087,35.977096561380414,2.447853594803301,266.6171346045333,control_2,2.172408803240458,-1.3566487640385674
2022-03-25,28.06844499803289,26.836533293376974,56.95001295952023,20.579995403330656,2.7223673553746255,54.047449159157225,control_2,36.37001755618957,1.2319117046559178
2022-03-26,27.17273518873858,34.106870271848535,35.97578198281906,16.32780194595605,2.2576289492262247,28.61198950419407,control_2,19.647980036863007,-6.934135083109954
2022-03-27,21.29612163346736,28.284977294097768,29.92651995093811,25.852643919330493,3.13028044386028,6.737109753024299,control_2,4.073876031607618,-6.988855660630406
2022-04-04,12.351991084887661,23.619461767890858,36.58026643917754,10.998248299411143,5.512295454447102,75.81823657365686,control_2,25.582018139766397,-11.267470683003197
2022-04-05,27.383059553601893,27.732559487713512,35.85122374742345,24.56961766192778,2.007397293734788,158.50806246358104,control_2,11.281606085495667,-0.34949993411161984
2022-04-06,35.79425835415728,29.579570717433693,51.62376264134327,31.336281206528103,2.2202101971422925,280.19910612881114,control_2,20.287481434815167,6.2146876367235855
2022-04-07,37.56289272647132,33.373138119562604,54.6623237371969,29.693745766573176,2.0005903784851373,302.44801974508033,control_2,24.968577970623723,4.189754606908714
2022-04-08,21.800393847730422,24.925445711781226,34.600041176898486,18.96894602477526,4.397111635445288,66.26852335601893,control_2,15.631095152123226,-3.1250518640508034
2022-04-15,20.66952652555942,18.218005694452547,31.485302798592155,9.51320071713078,4.235045347524849,60.95005332580587,control_2,21.972102081461372,2.4515208311068726
2022-04-16,18.515821143011447,17.876963944704112,22.00486893118417,13.610033097208687,7.194118433918327,56.527582589446126,control_2,8.394835833975483,0.6388571983073348
2022-04-17,30.393243859814348,45.00830152126293,47.042671602537716,26.65900491935682,2.607769024652489,38.0861008182581,control_2,20.383666683180895,-14.615057661448581
2022-04-18,18.88048658225959,24.852540671727088,50.24531416982725,29.665176424932,5.311575197706532,42.78180856016979,control_2,20.580137744895254,-5.972054089467498
2022-04-19,21.670316384378726,16.95958228874187,22.272179662118987,13.431791274796549,6.148028767328021,63.28411363667715,control_2,8.840388387322438,4.710734095636855
2022-04-20,14.290480754887062,18.89294814099247,20.720211149068714,20.373441380705184,4.743975680136437,45.67131892580471,control_2,0.34676976836352935,-4.602467386105408
2022-04-21,12.869962346481254,18.48733792736965,22.728948891973936,12.18772046161038,4.978753350526021,52.09575915985789,control_2,10.541228430363555,-5.617375580888398
2022-04-24,28.267364877537585,17.967282786748388,29.2899515243598,26.244125025437288,2.3587872299237125,308.6746266766761,control_2,3.045826498922512,10.300082090789196
2022-04-25,27.825715809666008,23.97615223671084,41.753115808251394,18.904329189245473,2.9412455189628512,43.52992783029737,control_2,22.84878661900592,3.8495635729551694
2022-04-26,25.91738051049422,27.96939289322352,38.50958298758761,23.544494960434026,3.5664345658599848,63.32998633512341,control_2,14.965088027153588,-2.052012382729302
2022-04-27,32.96999914903427,26.07151886171917,46.08202547771096,23.735522820237325,3.3463439934765122,70.51414395726101,control_2,22.346502657473632,6.8984802873151025
2022-04-28,31.30773749299097,28.0106620191546,28.52093387392626,31.920092831995554,5.483248419176537,75.70421826606963,control_2,-3.399158958069293,3.297075473836369
2022-04-30,26.77784156763947,22.91004471162753,24.108334130896456,22.155523447035403,4.66080025788172,69.7921860047195,control_2,1.9528106838610526,3.867796856011939
2022-05-02,30.545499629513223,18.46891196288836,32.93310056272691,20.291377291819348,6.414179920914846,69.94769858649965,control_2,12.641723270907566,12.076587666624864
2022-05-04,32.03726423386658,32.66997007085416,45.00665572714735,30.25143745706648,2.137015209259213,310.8892880927955,control_2,14.755218270080867,-0.6327058369875829
2022-05-05,41.20545412186874,26.95830980556255,34.854404911607936,26.828210597461368,5.762998597896362,48.739929737492616,control_2,8.026194314146569,14.24714431630619
2022-05-06,12.019903351896934,19.71679143626322,27.95367832473369,19.592477874937376,5.836357682044903,64.36870929361339,control_2,8.361200449796314,-7.696888084366288
2022-05-07,18.285723283095685,21.552127383837043,23.622620425413096,15.155340084101807,5.174478242782716,76.39628434424583,control_2,8.46728034131129,-3.266404100741358
2022-05-09,5.823060426074515,21.459105507755154,11.759803203848277,21.459105870722222,3.1091280585487087,72.99472884185809,control_2,-9.699302666873946,-15.636045081680638
2022-05-12,29.93104048319249,32.46218272372745,47.43447235720128,18.97030873193036,2.5936598367238433,71.33683776647882,control_2,28.46416362527092,-2.5311422405349617
2022-05-15,28.63495597433945,29.94111576097613,29.635096413909412,22.300467107708716,3.1967684081505157,50.42396600739045,control_2,7.334629306200696,-1.3061597866366768
2022-05-16,35.9262428346278,25.104504529327823,40.970454478567916,27.692158953336538,3.078208491369197,67.17607917281725,control_2,13.278295525231378,10.821738305299977
2022-05-19,21.254343982031703,24.55478675395479,33.723098463820726,19.663558963522654,5.288079306509381,93.4650587869383,control_2,14.059539500298072,-3.3004427719230875
2022-05-20,27.82565258114048,19.20570108296447,32.118871084085626,25.552424961350148,4.398213104786276,262.4819755723714,control_2,6.566446122735478,8.619951498176011
2022-05-26,13.576444705433005,19.583640135978495,18.903928999193525,13.3299613253865,4.68872424173085,45.72063335795531,control_2,5.573967673807024,-6.00719543054549
2022-05-27,29.352997682196627,22.35471098831626,28.186041277442094,23.1889074524798,3.8711077191894003,51.71828001050511,control_2,4.997133824962294,6.998286693880367
2022-05-28,17.491578785338888,17.39625424015051,22.4967929725029,23.33839369772315,5.473073141787156,70.69339910726353,control_2,-0.8416007252202498,0.09532454518837952
2022-05-29,20.49232242501983,15.416537898574646,14.676301061377572,12.82230833039372,4.80166160977297,139.24544426513245,control_2,1.853992730983851,5.075784526445183
2022-05-31,22.452051567328,19.106398859647886,28.968766405356842,26.285770983625603,2.9597881072627117,272.94210278187313,control_2,2.6829954217312384,3.345652707680113
2022-06-02,4.359841435774686,9.727413167611093,30.2556135988451,13.57101033019904,3.5227058701987213,50.6373929782157,control_2,16.684603268646057,-5.367571731836407
2022-06-03,7.875582944359686,5.0772311272429205,13.82324943239997,1.929645929150665,4.035337027681994,52.98505362283396,control_2,11.893603503249306,2.7983518171167656
2022-06-08,19.110529791004666,17.409704077880587,31.928328414034482,17.409056022740785,2.1219511735009644,57.052199852567924,control_2,14.519272391293697,1.700825713124079
2022-06-10,24.636754466696974,26.332849537230828,28.719780448182945,23.10139290799618,2.721239773230024,67.64196210426843,control_2,5.618387540186767,-1.696095070533854
2022-06-11,8.492414980591136,5.976594203262163,12.16456040245157,7.705749618221208,4.753894393411644,68.52172210469888,control_2,4.458810784230362,2.5158207773289725
2022-06-12,12.659519826526918,20.490043833637017,18.382257376985418,11.616910726496057,7.816953108333723,50.815267314128846,control_2,6.765346650489361,-7.8305240071101
2022-06-13,15.721786796790887,17.96979264921578,27.926044361645875,16.097853778552352,4.0950718762781655,119.00516974631307,control_2,11.828190583093523,-2.2480058524248925
2022-06-16,3.3072525686375718,10.152433089785097,9.644424957193666,10.956702122814615,5.18037707534878,36.694432827234664,control_2,-1.3122771656209498,-6.845180521147525
2022-06-19,20.663397836278087,23.648654140516864,15.184395503053677,14.24532729535064,2.9722925269905183,130.7061463672493,control_2,0.9390682077030377,-2.985256304238778
2022-06-20,17.716851351054753,14.412742723771318,25.62728420375714,9.39520376552555,2.473405585523931,284.70181880576354,control_2,16.23208043823159,3.3041086272834352
2022-06-21,22.581365124336568,19.61411058347174,31.482048699781107,21.068104186226982,3.0251627901915596,272.94068356147545,control_2,10.413944513554124,2.967254540864829
2022-06-22,18.68355637304335,18.22841636952931,18.558936265908375,21.580950813116793,2.366304433717511,289.67092280921895,control_2,-3.0220145472084177,0.45514000351403894
2022-06-25,21.904677747258322,20.34827795297089,28.179330376580136,20.78719930048966,2.4479224618114106,283.05199151634883,control_2,7.392131076090475,1.556399794287433
2022-06-27,19.51934779563984,24.087738345407555,31.347007870789472,22.235304609202498,2.3321033692516013,36.584097930192115,control_2,9.111703261586975,-4.568390549767717
2022-06-28,13.603679445623895,13.134992510028484,22.531269245470767,10.651468600454043,4.598568296018895,50.399206653815895,control_2,11.879800645016724,0.46868693559541086
2022-06-29,18.623969634054216,20.528432149537064,29.53965046154939,17.86061881806158,4.390998898665666,53.17415903406595,control_2,11.679031643487807,-1.904462515482848
2022-06-30,20.05828239638218,26.498569671825432,46.16994202915757,24.856195884653403,3.0336203247162543,53.21588985200117,control_2,21.313746144504165,-6.440287275443254
2022-07-01,25.949107009745685,30.71498458069874,44.814948086637706,36.75429599359864,2.242442431460267,52.979572825942626,control_2,8.060652093039067,-4.765877570953055
2022-07-02,11.625944001427753,15.016501261930756,19.995162703069663,16.322618898820785,3.851344891421721,42.78339877971496,control_2,3.6725438042488783,-3.3905572605030034
2022-07-04,12.149459212039883,12.029239227881286,18.59943251225973,3.089982990860267,3.0508878387674545,50.03379846045726,control_2,15.509449521399464,0.12021998415859692
2022-07-05,21.545779308161837,7.538323891488981,26.88043413630578,16.25595221456086,2.735882167464957,21.43777255320117,control_2,10.62448192174492,14.007455416672855
2022-07-06,20.576277471596875,21.717254089325262,29.88352220010915,19.065317346113986,2.443346568213663,24.251572247444983,control_2,10.818204853995166,-1.1409766177283878
2022-07-07,22.154006089349213,28.56616896171517,33.14774047513806,19.023388995614972,2.4300183895394762,37.76963293759201,control_2,14.124351479523085,-6.412162872365958
2022-07-08,20.19687394234406,21.042713069262764,27.26228914526312,15.601682093092649,2.4206923205889352,31.994799102649267,control_2,11.660607052170473,-0.8458391269187047
2022-07-09,14.581901790055348,13.552696951785403,25.92507443148464,13.104416883349257,2.926550717620408,53.64173081787948,control_2,12.820657548135381,1.0292048382699441
2022-07-11,24.252785277475216,22.416874695576908,30.34546386065043,26.51872081773446,2.5915149589050346,266.26349117645213,control_2,3.826743042915968,1.8359105818983075
2022-07-13,19.6367876889769,25.32164697670227,33.33651695146228,13.82473232010054,2.8291569110546075,37.380147474915475,control_2,19.51178463136174,-5.68485928772537
2022-07-14,19.287427587090402,15.839692998544429,36.75149226408301,6.004775922141887,2.3108027399076017,20.44359329468068,control_2,30.746716341941124,3.4477345885459734
2022-07-15,18.899492577984354,19.870707273068074,37.9436316797044,18.855567797741365,2.494805243538358,39.172868119193936,control_2,19.088063881963038,-0.9712146950837202
2022-07-16,12.512363233489957,18.92949596395969,21.5511177754059,16.460737737296263,2.734792832196548,40.389156253841065,control_2,5.090380038109636,-6.417132730469731
2022-07-17,20.85359961855716,22.676771800297008,21.1239720278537,17.898061795887465,4.030705277362867,32.812996672399095,control_2,3.2259102319662354,-1.8231721817398494
2022-07-18,16.080337300919314,21.64669838241854,26.80370578782889,13.678379016064293,4.049336859247144,47.380440883665415,control_2,13.125326771764597,-5.566361081499224
2022-07-22,34.665782451638734,25.01509704440009,41.926830008831026,27.288455759423798,2.5084749807909943,73.73247671930869,control_2,14.638374249407228,9.650685407238644
2022-07-25,27.091339333521674,27.061512283169048,27.12075487405151,22.913601412129196,2.6366798820262423,256.4234488141082,control_2,4.207153461922314,0.029827050352626117
2022-07-28,22.40888090179433,23.55030081716585,31.755573330751822,19.16334526739903,2.625887790019371,203.19763283328854,control_2,12.592228063352792,-1.1414199153715217
2022-07-29,24.939359713122276,19.420857549068955,28.240999744654577,16.374255593435635,2.795859701436734,242.72977010552276,control_2,11.866744151218942,5.51850216405332
2022-08-07,33.17639385861723,26.69772499981886,33.542348699964194,23.90286780813558,2.1281760659271165,327.5975250675366,control_2,9.639480891828615,6.478668858798372
2022-08-10,15.534707046765229,8.593795887829062,23.31348963531388,12.511948096606545,3.0960275575292817,22.600151114589835,control_2,10.801541538707333,6.940911158936167
2022-08-24,23.192380366922873,26.493016297589683,36.831391122327815,28.007922387069403,3.1986680347575285,43.268586319631254,control_2,8.823468735258412,-3.300635930666811
2022-08-25,23.83601768759103,26.935363328291874,35.84596452702999,24.914644246847406,2.7036854660539196,48.63168120238794,control_2,10.931320280182586,-3.099345640700843
2022-08-26,23.769342686709553,20.487320192713444,37.19264880846469,19.76479714102845,2.766335568856394,52.143670746829,control_2,17.42785166743624,3.2820224939961093
2022-08-27,16.343712259334858,15.15860344172502,32.14335902764041,13.681081674246041,2.8974921245888132,60.31097811430902,control_2,18.462277353394366,1.1851088176098372
2022-08-29,39.904743834351606,31.01981366765386,39.27711948229932,26.954626948418966,2.990473642210532,281.32082423786886,control_2,12.322492533880354,8.884930166697746
2022-08-31,23.255656394083363,26.171149584173527,40.846687102683156,16.463864406772483,2.3357521269962036,37.33073665927424,control_2,24.382822695910672,-2.9154931900901637
2022-09-01,45.60276487792945,28.06253137648176,35.92324624590246,33.555384410698004,2.0299221795345894,300.1782045025447,control_2,2.367861835204458,17.54023350144769
2022-09-02,24.026236930283602,19.31959147166822,39.46901092997907,19.480165962780948,2.612964836616015,26.269975804155195,control_2,19.988844967198123,4.70664545861538
2022-09-03,19.513597333254275,23.977535924984824,26.565110973895376,23.10733059983224,4.345242393674285,45.37922377200226,control_2,3.4577803740631374,-4.46393859173055
2022-09-04,21.741302712825604,22.51526322576758,27.42140260135353,23.39960967047247,2.2874576695036573,24.517547335978634,control_2,4.0217929308810625,-0.7739605129419758
2022-09-06,27.08564673540496,19.082695507570413,35.829121839697564,16.109809410508564,2.106994512891204,13.744396818040343,control_2,19.719312429189,8.002951227834547
2022-09-09,20.933239406588445,30.468927894185484,32.5100967882367,26.4025188183665,2.4109746016072124,271.73732258110516,control_2,6.107577969870203,-9.535688487597039
2022-09-11,27.64327785252089,9.847959671253777,25.852062653335544,7.674023587975855,2.551628258641287,300.8723838406358,control_2,18.17803906535969,17.795318181267113
2022-09-13,21.986166977067224,23.73948199632907,33.781328846599884,15.025694541259863,2.2733759131402618,46.89555897160466,control_2,18.75563430534002,-1.7533150192618443
2022-09-17,8.213405380588748,14.821237669656322,19.42190023296801,8.37430790969438,3.355913226450587,47.89259088638465,control_2,11.04759232327363,-6.607832289067574
2022-09-25,30.26694904641613,27.45336271125615,27.407360604388195,22.249355600012073,2.0178871359266144,288.65347706413326,control_2,5.158005004376122,2.813586335159979
2022-09-26,29.34235945654427,34.364085192506764,52.65866988436856,29.459994186521257,2.0407549354892245,323.3983206912177,control_2,23.1986756978473,-5.0217257359624945
2022-09-27,13.8915302657103,13.36513324665412,24.836850073958566,15.302093674440394,2.6329825691565225,23.10115938577286,control_2,9.534756399518171,0.52639701905618
2022-09-29,39.88009195767743,39.44029954324214,45.1725197318046,27.9388204511236,2.7327666718033368,76.22093533487987,control_2,17.233699280680998,0.4397924144352885
2022-10-03,41.59071598155375,25.259253686738628,28.12848460707144,15.944245145951223,2.1518858905725295,280.94867138797235,control_2,12.184239461120216,16.331462294815122
2022-10-05,45.698360816593365,53.63015711997271,47.91150272791616,32.99712361944914,2.034251704460053,275.23092622691803,control_2,14.914379108467017,-7.931796303379343
2022-10-12,45.707969427905425,45.311273069110676,48.916055454696895,40.01116954932623,2.010322187386731,268.8298535400909,control_2,8.904885905370662,0.39669635879474896
2022-10-13,34.905506695322686,45.652219250311916,30.44717634013178,36.11182315951896,2.0762053601572155,262.98971884154696,control_2,-5.664646819387183,-10.74671255498923
2022-10-21,36.3082830934033,24.51169521838416,42.16862241410787,22.835363895154824,3.216705259845444,62.155736256832824,control_2,19.33325851895305,11.796587875019139
2022-10-23,17.463882934801042,16.571600855352713,21.569043966997413,16.068539003341435,2.7269859211955914,196.06480070043537,control_2,5.5005049636559775,0.8922820794483286
2022-10-26,24.525157315308356,13.581081912355659,21.192367594381956,15.18375107849378,2.3582900321768316,155.24941816116484,control_2,6.008616515888177,10.944075402952697
2022-10-27,23.073095787075147,27.405617881410137,34.22262632269314,9.247115076435842,2.59763004220476,293.43469667900877,control_2,24.975511246257298,-4.3325220943349905
2022-11-01,16.455412717650255,23.497548142697617,15.369383244830644,13.46470579709242,6.1528906751768675,32.11401441038669,control_2,1.904677447738223,-7.042135425047363
2022-11-05,21.78975079731418,23.9402465224276,26.665297398822922,13.040798860839024,3.0446666942180993,63.63742058924373,control_2,13.624498537983898,-2.1504957251134194
2022-11-06,13.748192787895055,31.953290454675887,6.1753408539849906,3.8953505471464793,4.654447967572068,40.15526261800409,control_2,2.2799903068385112,-18.20509766678083
2022-11-18,22.52874727883571,29.010201088345188,23.849034910819935,20.778535289148106,2.1337098901592637,251.10105286620418,control_2,3.0704996216718285,-6.481453809509478
2022-11-24,38.64205194791508,39.38578768171325,38.53066696476554,24.325044271079275,2.035153112802632,290.22269544810786,control_2,14.205622693686262,-0.7437357337981751
2022-11-28,11.690925511888718,19.518403012636895,19.781995808749798,13.202352484003407,4.696011451999428,75.42035573322823,control_2,6.579643324746391,-7.827477500748177
2022-11-30,19.5791617896954,26.136775961313077,55.2027903320954,24.335178617316302,2.7381048596032094,39.67973747741348,control_2,30.867611714779095,-6.557614171617676
2023-01-08,11.40297593779901,11.16537566333953,12.188780652636124,9.358559303057739,3.1013546072331004,36.42325467044077,control_2,2.8302213495783857,0.23760027445947962
2023-03-01,13.196521344845163,17.591229153336634,24.346640662969467,15.35714809283993,3.4109210462577733,181.64942727973036,control_2,8.989492570129537,-4.3947078084914715
2023-03-07,10.985413882548269,11.87693346466406,43.986314020978874,8.988488536897545,3.3466124644038517,48.20255712198218,control_2,34.99782548408133,-0.8915195821157909
2023-03-08,14.957247890701526,14.812458299682108,24.394414462127543,12.894642000450773,3.558676790683479,69.79488068886042,control_2,11.49977246167677,0.14478959101941768
2023-03-13,12.654420839352007,12.768903277704899,10.64977760808148,6.490858184091439,3.3815013022930227,33.00662996541547,control_2,4.158919423990041,-0.1144824383528924
2023-03-14,28.300205119803255,22.620759719888813,31.36988006054767,29.02525967997281,2.8620362177329506,327.6517594520509,control_2,2.3446203805748596,5.679445399914442
2023-03-20,12.671775954342541,4.056722616326887,20.642018747189358,7.079908021669668,4.04731593810899,63.47156136062364,control_2,13.56211072551969,8.615053338015654
2023-03-23,26.328573553647413,12.75935056530598,20.543409944144813,15.927496880653072,2.8471947077440265,67.16721390243504,control_2,4.615913063491741,13.569222988341433
2023-03-24,14.846447340424335,18.056300987762636,28.791555204990605,13.99728585670765,3.4689236025236676,111.55292232542956,control_2,14.794269348282954,-3.209853647338301
2023-03-25,13.76212118076857,18.898138961598473,30.274564152300343,16.556003087934688,2.4963508655314666,135.4702131168961,control_2,13.718561064365655,-5.136017780829903
2023-03-27,21.663728104422134,11.820072412076629,7.98072820146785,11.649538978926769,2.6582468088026894,321.3082435838004,control_2,-3.668810777458919,9.843655692345505
2023-03-31,41.170974277382726,31.32974700686284,42.87602950813254,29.97273439788059,2.4674549262599177,64.3842224448627,control_2,12.90329511025195,9.841227270519887
2023-04-01,18.646582657717722,24.46332440327022,20.924954070393134,11.442675641216233,4.0728562663116925,59.79696446087138,control_2,9.482278429176901,-5.816741745552498
2023-04-02,18.898121381032578,6.966980787536298,20.87333931627061,9.37661035028903,5.631975769724545,59.21086647395197,control_2,11.49672896598158,11.93114059349628
2023-04-04,4.980005406821411,30.023531616848263,27.67768115267682,4.557474740323686,3.5589088050858653,131.97764000417305,control_2,23.120206412353134,-25.043526210026855
2023-04-10,25.112061163435598,19.252603819413675,31.464412849192836,13.325836008649265,2.5873126455735393,26.359911553342783,control_2,18.13857684054357,5.859457344021923
2023-04-11,19.247334516956215,9.654629376462545,19.247334259562173,12.946603316124635,3.278971759184927,55.48444621931782,control_2,6.300730943437538,9.59270514049367
2023-04-12,14.05522433077004,9.887592971821253,27.934181151427214,17.47290211340148,3.295371594133646,68.44680730419822,control_2,10.461279038025733,4.167631358948787
2023-04-16,14.391904001967898,8.938364703173393,13.100455854042814,7.886939253737241,4.42265996522723,46.991283340586904,control_2,5.213516600305573,5.453539298794505
2023-04-19,19.10446486450506,28.815600884090248,40.72896369168252,23.26112389837712,3.296446988039614,95.62277448255611,control_2,17.4678397933054,-9.711136019585187
2023-04-21,15.54960436394229,29.173871215995597,31.037168932296098,23.350623310852217,2.128042976535785,157.10671568655948,control_2,7.68654562144388,-13.624266852053307
2023-04-23,14.705633432836692,10.46342613398482,19.273833764112652,13.226053937000486,4.178544527738993,85.9522306675886,control_2,6.047779827112166,4.242207298851872
2023-04-24,18.522487673996643,26.010556684680267,29.139326757052896,19.09965551514381,3.900963286369873,93.10382913814254,control_2,10.039671241909087,-7.488069010683624
2023-04-28,30.946642092454283,16.924144458055924,29.251390852221228,19.343964455885203,2.284895444736978,320.0034392742589,control_2,9.907426396336025,14.02249763439836
2023-04-29,24.836972945704474,23.513515598677415,30.500803869465646,13.950122901250623,2.9084742627188738,28.560517276463315,control_2,16.550680968215023,1.323457347027059
2023-05-01,16.464597953414096,29.378484583197615,33.23986189682371,16.22069052818673,3.846045197542321,39.44204071647766,control_2,17.019171368636982,-12.91388662978352
2023-05-03,35.10024514139578,15.72720155597867,27.785823626165804,25.806956008454684,3.0483014376620394,312.36268296255065,control_2,1.9788676177111206,19.37304358541711
2023-05-05,14.78036665021394,25.554282579475544,26.8445177083583,21.1814017252564,3.7591083011535407,67.7234137224109,control_2,5.6631159831019,-10.773915929261603
2023-05-08,16.035535692502126,22.222700715621173,23.48349968439133,18.256901138053514,5.206961707554604,46.16994116254392,control_2,5.226598546337815,-6.1871650231190465
2023-05-12,42.74889036484854,33.08697493642607,43.89220487240064,34.628297321820284,2.316775379638879,268.9156312133403,control_2,9.263907550580356,9.661915428422475
2023-05-13,31.35632445104655,26.2825816012429,30.441979556604608,37.56781049671175,2.8681619060672716,260.43467336475766,control_2,-7.125830940107143,5.073742849803651
2023-05-14,32.110732390678294,30.24828405848309,23.530287049136966,34.803314271756975,2.2206284572237487,358.0232275466217,control_2,-11.273027222620009,1.8624483321952034
2023-05-15,38.03698911196527,33.33826172680838,39.704004940774325,29.667974749682237,3.2967322754690525,28.36689720312694,control_2,10.036030191092088,4.698727385156886
2023-05-16,39.99701944958947,31.46023624708056,48.29316592940741,30.953071026227903,2.414976135949092,20.650196210195872,control_2,17.340094903179505,8.536783202508914
2023-06-06,21.644135234993303,5.679842622734421,22.332929426272894,18.44654971485174,2.762681157666892,259.2854693468266,control_2,3.886379711421153,15.964292612258882
2023-06-14,23.621826757561166,15.948341390148396,23.468214650330307,20.284423622873963,2.095198628126264,121.45950341880547,control_2,3.183791027456344,7.67348536741277
2023-06-16,35.043103960697216,28.95805166000343,32.992561329698276,24.463080039047796,2.0113654368974774,269.6582177738636,control_2,8.52948129065048,6.0850523006937856
2023-06-17,19.349771118216424,20.938785987393597,28.69882737273938,16.80502257260694,3.559731444313503,74.62373395071972,control_2,11.89380480013244,-1.5890148691771735
2023-06-18,9.439671103601519,10.647401057301655,18.807036698717393,15.431267525626792,5.714442579066855,62.4304771913138,control_2,3.3757691730906014,-1.2077299537001362
2023-06-19,14.141501253311015,12.17738701517422,16.794409300758,10.586544194201112,4.8785395161751,71.00623936299468,control_2,6.2078651065568895,1.9641142381367942
2023-06-20,21.915507809412702,13.873813233185654,25.943664320971447,20.443576697504632,2.397175482907359,67.37200281012161,control_2,5.500087623466815,8.041694576227048
2023-06-21,27.19173328467858,13.754921209673158,21.619807887812758,14.46903217845849,2.4212591741075453,283.65581766192275,control_2,7.150775709354269,13.436812075005422
2023-06-23,15.382464932908036,12.981819012973782,16.416948207634633,10.88005919694556,2.001870215222131,131.0487677298554,control_2,5.536889010689073,2.400645919934254
2023-06-30,29.894122084655468,26.576804338770454,32.85393171075869,22.912020905457688,2.0990686103038207,310.8268866231308,control_2,9.941910805301,3.3173177458850134
2023-07-02,23.054474489523912,21.884436012582444,29.372654185857662,20.105236050151873,2.0363843931945564,39.17069336008177,control_2,9.267418135705789,1.1700384769414676
2023-07-03,19.64478504378637,22.58360502016222,21.205714236840496,17.618535491313388,2.371943592616507,79.35394411310341,control_2,3.5871787455271082,-2.93881997637585
2023-07-12,20.01720112182825,22.576425293645503,32.13066866608587,10.312174204350235,2.2157586129266376,64.57969195210188,control_2,21.818494461735632,-2.5592241718172524
2023-07-17,29.0898018392211,19.58529014570269,27.961532223516365,18.94024943927916,2.6057059326823295,54.12500015198839,control_2,9.021282784237204,9.50451169351841
2023-07-18,22.511764038694913,26.195152287116795,34.09445634805388,27.22146917813705,2.625849629517332,51.88013498518416,control_2,6.872987169916833,-3.683388248421881
2023-07-23,22.12827653566227,15.350564881659231,21.705981251232643,12.229870295990278,2.071243311439351,36.45835017890505,control_2,9.476110955242365,6.777711654003038
2023-07-24,14.884222366588574,14.33255021067124,20.43020871178189,6.778809718531837,4.628447371338964,48.98632538517944,control_2,13.651398993250055,0.5516721559173341
2023-07-25,15.96382632727771,22.602327789482096,37.887472209736345,22.62700508973609,2.5080655255894446,37.62521631344782,control_2,15.260467120000254,-6.6385014622043865
2023-07-26,13.975261253163536,17.368650751677364,30.386231386502526,11.980653852885329,3.275762507796565,39.59344716666476,control_2,18.405577533617198,-3.3933894985138284
2023-07-27,12.876602125805984,20.12549444633441,22.850889161063435,27.654907479759462,3.978649899636515,48.30313041348671,control_2,-4.804018318696027,-7.248892320528427
2023-07-28,9.511199278775837,4.551537953304996,19.438607491365346,8.993569156424508,3.6338656581464326,45.617722611343595,control_2,10.445038334940838,4.959661325470841
2023-07-29,14.606622026071928,17.477927447123246,30.00439098235604,17.575004494383823,3.4714905299190084,47.89543788808692,control_2,12.429386487972216,-2.871305421051318
2023-07-30,17.56360272987731,17.991057263390324,25.2356925829457,21.25852309565222,2.149659913482362,20.881808433465267,control_2,3.97716948729348,-0.4274545335130142
2023-07-31,20.832178407134492,28.543332265690406,40.46516721555746,15.873277535914799,2.066807056815854,32.134920756824954,control_2,24.59188967964266,-7.711153858555914
2023-08-09,26.97305418521221,19.915262625065743,32.84335543325151,24.091259515226294,2.30249183489643,47.097004666797716,control_2,8.752095918025216,7.057791560146466
2023-08-13,16.369263473231683,13.91814675521679,11.385874731765742,13.189960975636696,2.0861718168635623,255.2370051698406,control_2,-1.8040862438709535,2.4511167180148927
2023-08-15,39.9919851297254,26.84511999934303,14.141347340398031,25.39733027943769,2.1870660613554853,283.175617534823,control_2,-11.255982939039658,13.14686513038237
2023-08-19,16.26211097496194,20.545160061029545,10.495671367542784,10.858958726138026,2.633467782383995,329.9714264392707,control_2,-0.3632873585952421,-4.2830490860676065
2023-08-22,29.207009211438933,12.008255894048618,22.01455102539451,11.629731840283677,2.230215183704275,14.406329857827018,control_2,10.384819185110834,17.198753317390313
2023-08-25,26.445863344398948,14.675360635588179,25.582602311928536,22.65815211725939,2.3420472513404413,337.36577951586935,control_2,2.924450194669145,11.770502708810769
2023-08-29,19.632357300838297,16.59754851193762,26.519020263860195,14.643412511724806,3.852814631471092,69.41050437746838,control_2,11.875607752135389,3.0348087889006763
2023-08-31,25.911901641424713,17.057560299131076,33.292817281279895,13.871403752587405,4.068601414228996,45.060397612532256,control_2,19.42141352869249,8.854341342293637
2023-09-08,15.02807183807335,15.315624306495014,28.290391531753652,15.32950978433373,2.0347491258141823,16.871065024585107,control_2,12.960881747419922,-0.28755246842166393
2023-09-09,19.17433742291599,21.05094104813271,24.486135905462625,14.905373314512943,2.771808692216026,24.67295304749655,control_2,9.580762590949682,-1.8766036252167204
2023-09-14,30.803175815067267,23.66917262272361,19.7556706888016,28.146756683139493,2.22561938649129,263.6826692689894,control_2,-8.391085994337892,7.1340031923436555
2023-09-16,24.68682683030676,25.19849156130385,25.72226930434036,19.279887512094447,2.4698240801370863,308.32214306112473,control_2,6.442381792245914,-0.5116647309970901
2023-09-17,23.42876305790747,17.602717044342217,18.27442485703908,16.038184368636678,2.2841368573387353,279.4947597853784,control_2,2.2362404884024016,5.826046013565254
2023-09-20,16.010522016012512,15.01444239196751,14.905038580440578,17.49163844466993,3.5476477938798867,85.91508553039819,control_2,-2.5865998642293526,0.9960796240450023
2023-09-24,15.278988927724308,11.683255683483038,17.921342053760863,8.055176603989967,2.7398664878998167,28.327464212992254,control_2,9.866165449770897,3.59573324424127
2023-09-26,14.11294522187579,12.510244028151368,28.25713491517148,15.090591864070324,3.4938079291227453,51.72528159056537,control_2,13.166543051101156,1.6027011937244229
2023-09-29,2.566348911577765,18.05454434541194,21.79299233824882,27.252670817680965,3.274691675613652,50.65357904737715,control_2,-5.459678479432146,-15.488195433834175
2023-10-04,28.759658167477657,14.08463245409962,25.68402451513981,18.989460192411915,2.5922538140207165,280.7373631619439,control_2,6.694564322727896,14.675025713378037
2023-10-05,19.429331725202108,15.746359248181918,15.372198146459327,15.732433001614602,2.635990759224527,283.14102577222684,control_2,-0.36023485515527476,3.68297247702019
2023-10-06,27.3156223180592,18.086378255061494,33.441694624104734,18.861887052821,2.390599293011823,291.34998251270144,control_2,14.579807571283734,9.229244062997708
2023-10-08,19.368232057568548,26.504685974682925,30.978438673037214,24.576394724361997,2.1909811187020027,6.256225207537,control_2,6.402043948675217,-7.136453917114377
2023-10-09,20.592770170329462,21.646331385156518,28.62153712276387,21.318092176418286,3.9934698178407024,41.08122223038441,control_2,7.303444946345582,-1.053561214827056
2023-10-10,10.946103640572861,10.157980783171034,17.426472075501515,19.767732523640696,4.683693913944156,59.64334909951458,control_2,-2.341260448139181,0.7881228574018273
2023-10-11,11.984155606973028,12.604192184044907,17.073284465652037,13.05462902655635,2.417357159390166,153.32504656734045,control_2,4.018655439095687,-0.620036577071879
2023-10-12,25.781073140691134,21.487723622476643,27.416487765101998,16.31611985820092,2.5646622152443563,289.14977890886985,control_2,11.100367906901077,4.293349518214491
2023-10-14,21.162860909734864,34.78100518334819,30.890066403530838,28.536231557706298,2.3805585128410214,21.904284614695428,control_2,2.35383484582454,-13.618144273613328
2023-10-21,16.178270261966134,9.699314108536008,25.676652448209193,13.766601546763527,2.01959581270192,357.4145488275035,control_2,11.910050901445667,6.478956153430126
2023-10-28,28.86132814656173,24.965040755697586,26.372099923125585,24.940771450648587,2.359486356673211,229.42271875696838,control_2,1.4313284724769986,3.896287390864142
2023-10-29,21.98266996634164,15.812553870763741,22.246171767748532,20.440080339141186,2.4881385656999258,280.3966312186596,control_2,1.8060914286073455,6.170116095577898
2023-11-04,28.552110484182403,20.416244243030622,37.53163018071336,30.775218260127517,2.264630632802818,51.513856832480826,control_2,6.75641192058584,8.135866241151781
2023-11-05,48.37280211354841,21.097697695398953,23.917603709590637,30.736093418462545,4.5881903819686904,51.80721011620824,control_2,-6.818489708871908,27.275104418149457
2023-11-06,19.757137251676806,23.74356207280414,13.94801374567177,31.902094655579855,4.562663806704542,48.6394895124015,control_2,-17.954080909908086,-3.9864248211273328
2023-11-08,34.608687522567884,14.389990587084593,31.90281932236132,23.349876269912475,2.1961723110979943,284.17672371351614,control_2,8.552943052448846,20.21869693548329
2023-11-13,19.23579869997573,19.963813523174665,73.0516482522246,16.737944513046607,2.0206511851618782,356.91512558026005,control_2,56.31370373917799,-0.728014823198933
2023-11-19,25.52891239134567,17.63044121729031,16.283944648921675,20.328101238474794,2.816320872089499,134.66470330865144,control_2,-4.044156589553118,7.898471174055359
2023-11-20,30.80627394574432,39.65500037529063,50.53970521470993,26.504312202058117,2.4449515991510697,286.83775520710753,control_2,24.035393012651816,-8.848726429546314
2023-11-25,26.636311565011077,26.177787324961415,24.00860833920424,21.076743774820986,2.1969903015390266,284.0952135032945,control_2,2.931864564383254,0.4585242400496625
2023-11-26,43.78265126671736,38.7403749998041,47.822931485058675,33.31262222892491,2.014764101650077,275.69563347192627,control_2,14.510309256133766,5.042276266913262
2023-12-01,19.36384585000641,6.513871909699075,23.674361103496135,12.252763804293018,2.9408683727152654,76.84232638455774,control_2,11.421597299203118,12.849973940307335
2023-12-06,35.05684773652105,28.039031773350477,36.85113113350262,41.66279484360728,3.6910720597365105,31.17598148502094,control_2,-4.811663710104661,7.017815963170573
2024-01-09,6.054987684865501,1.5540661100564477,7.803222802076266,2.0464535869430645,3.8081891112762927,59.381791740499125,control_2,5.756769215133201,4.500921574809054
2024-01-10,-0.1376992709412855,-3.3882931173431077,-1.0328881373758572,-2.49056567968888,4.857774443716082,52.81650827878286,control_2,1.4576775423130228,3.2505938464018223
2024-01-17,15.78305801268573,14.910362831745541,30.274913817779737,12.40158540343965,3.8470853958904456,60.09646601959497,control_2,17.873328414340087,0.8726951809401893
2024-01-25,19.703811603475323,27.999459215655342,29.53666710772455,18.323583064095818,2.4473066276335294,118.43034442844151,control_2,11.213084043628733,-8.29564761218002
2024-02-05,10.560047603289448,9.655122144806409,19.969337855999104,10.050430310888773,2.7988561558155824,359.43757810021197,control_2,9.918907545110331,0.9049254584830386
2024-02-15,60.1463079313441,25.422815482005664,37.70756751119149,18.63707009588348,2.705574504461347,65.03547536860248,control_2,19.07049741530801,34.72349244933844
2024-02-20,13.918710749909119,20.64674262475258,26.020445573739174,12.409014776068027,3.0195478627080736,18.111125997266527,control_2,13.611430797671147,-6.728031874843461
2024-02-21,21.559554023194316,6.681685417822015,36.88492871007832,15.062599805649445,2.5604821281358916,73.12066806140126,control_2,21.822328904428876,14.877868605372301
2024-02-26,10.727182957255012,12.219708678789468,13.693492417883233,16.36443827074053,5.8578679342730435,65.99276229179065,control_2,-2.6709458528572956,-1.4925257215344558
2024-02-29,14.268096617754454,10.213838361769186,17.931090325701152,10.012559396672405,6.060366626193016,35.974602457086405,control_2,7.918530929028748,4.054258255985268
2024-03-03,16.185126396706497,12.538548447221228,18.04883757069331,15.605071590278708,5.391362292859488,61.26386250759492,control_2,2.4437659804146,3.6465779494852697
2024-03-05,12.690170435000972,10.62463575754316,26.1812282756195,10.83101393201124,3.6665993791618123,45.191448597905264,control_2,15.35021434360826,2.065534677457812
2024-03-13,15.775939246809367,23.238458100802518,23.791644877115306,11.786488547779708,2.598692709257438,169.98051829685653,control_2,12.005156329335598,-7.462518853993151
2024-03-14,18.11717456538722,21.92656921222705,22.048421183046795,17.728276991946146,3.970292939733634,243.67631069701517,control_2,4.320144191100649,-3.8093946468398308
2024-03-15,20.652181252337996,18.26897043921902,20.440096285619322,20.994937743311194,3.5087802338568768,242.5733616727373,control_2,-0.5548414576918717,2.383210813118975
2024-03-20,25.981512628186703,17.1174757712451,55.42008509320184,18.56671730174386,2.97210676739129,54.92302446961412,control_2,36.853367791457984,8.864036856941603
2024-03-21,32.495936584898395,39.11692515030234,48.674717117565216,31.93598143481307,2.4767297579708774,52.87086461245764,control_2,16.738735682752147,-6.620988565403948
2024-03-22,22.206829180666592,20.87831758184825,29.652626594565646,0.7828237518123248,3.9917080467677706,28.201850611546377,control_2,28.869802842753323,1.3285115988183414
2024-03-25,14.513346481615343,22.269397540540417,15.67788189453226,10.289233776487864,3.916669972438509,105.73501426293524,control_2,5.388648118044397,-7.756051058925074
2024-03-26,23.104937605959908,32.33892583186472,37.7952172168935,25.05446078916405,2.7792222483650173,117.75226994860304,control_2,12.740756427729448,-9.233988225904813
2024-03-28,5.914712510228571,3.4569626862418454,19.670522938427627,8.998744240671593,4.69102335214191,60.63492672113017,control_2,10.671778697756034,2.4577498239867257
2024-03-31,3.9557916156157034,12.7499746324377,12.746063119497373,3.9207645087060614,2.668798714503105,137.77635452367474,control_2,8.825298610791311,-8.794183016821997
2024-04-03,8.967361175140699,14.568884182270386,18.668993113724813,11.999028668634416,3.3008994364916697,50.67382699374599,control_2,6.669964445090397,-5.601523007129687
2024-04-04,9.984537668712443,1.9165984627854495,10.605034048802041,7.91995314328468,3.893935216411393,42.04672333979107,control_2,2.6850809055173617,8.067939205926994
2024-04-06,27.864609876703355,28.266507164076188,34.29587591898868,18.742202595096423,3.511546915147316,84.08504233904557,control_2,15.553673323892255,-0.40189728737283303
2024-04-08,24.372768399197728,15.64633341075395,26.3375576375463,21.873353743118052,2.295445360542336,273.0693684909675,control_2,4.464203894428248,8.726434988443778
2024-04-11,29.405750913206987,26.246150716950197,44.30704510895043,19.797877226767312,2.6497230809732857,52.63620081449852,control_2,24.50916788218312,3.1596001962567897
2024-04-20,22.549983425819896,24.117858970323148,26.120696641213033,17.27752206877184,2.0978225393826335,81.77285762189138,control_2,8.843174572441193,-1.5678755445032522
2024-04-24,44.213900259289396,31.519781384363952,34.86231755299797,27.95752568847003,2.3700929297958173,97.88463178408216,control_2,6.90479186452794,12.694118874925444
2024-04-25,21.274758736082763,26.35374300899113,25.36851975522994,19.513882469744946,3.5019422517318084,88.98286743882971,control_2,5.854637285484994,-5.078984272908368
2024-04-27,30.132930238524807,24.399948129259734,35.360328701410204,20.918506675298026,2.1059282201820406,116.96612257881088,control_2,14.441822026112177,5.732982109265073
2024-04-28,19.431920232087123,19.99269233628786,30.3022520396358,28.160401717353288,2.1840154177594977,87.79339409033122,control_2,2.1418503222825116,-0.560772104200737
2024-04-29,19.115579476998224,20.84308957346562,24.80632247132656,21.43269219209457,4.181310830582603,83.71043301449055,control_2,3.373630279231989,-1.7275100964673946
2024-04-30,14.095641362954277,22.4135524663085,52.272663723786195,12.455872051762281,2.7376584240163013,88.24998336065516,control_2,39.81679167202391,-8.317911103354222
2024-05-02,12.586983121097566,20.243328628113854,15.22714581725474,12.816130950046453,4.35486521894112,97.08858664339175,control_2,2.411014867208287,-7.6563455070162885
2024-05-06,15.221436015851625,24.26801148481043,22.82733983934394,14.04424484296049,3.35395317774071,81.76181277006873,control_2,8.783094996383449,-9.046575468958805
2024-05-07,26.173950915623987,25.418253926093545,34.94289709150695,25.84910073348643,2.6001683886627394,144.98546148768628,control_2,9.09379635802052,0.755696989530442
2024-05-08,25.43960432882692,23.866493300862253,26.886418206261062,27.465660666225382,3.7398603115216815,250.2088845993435,control_2,-0.5792424599643198,1.5731110279646678
2024-05-09,29.81452830687729,27.112847900856405,28.401401877364993,28.87173210302113,4.108116200149066,265.5654136085491,control_2,-0.4703302256561379,2.701680406020884
2024-05-10,33.493315566266254,24.33073275028603,40.88938548918,29.135326883069034,3.298212561384675,252.9743078380962,control_2,11.754058606110966,9.162582815980223
2024-05-17,20.372663494508096,23.203597597824185,30.064073416616242,20.834404375491683,2.230025829903853,112.82579309182415,control_2,9.22966904112456,-2.830934103316089
2024-05-19,11.054991227040558,13.190172856391124,25.327034985310473,14.658430562306101,4.568144802561068,85.87128579461694,control_2,10.668604423004371,-2.1351816293505657
2024-05-20,12.673208113425474,16.855905858399787,27.565303175378098,13.193680903239436,2.294980367348476,208.10129879991354,control_2,14.371622272138662,-4.182697744974313
2024-05-21,19.718942371845955,20.28742288548081,23.58925039869904,16.013322141580577,2.613394896212916,283.9861014586376,control_2,7.575928257118463,-0.5684805136348565
2024-05-22,11.234026693840613,14.664537014345262,19.589948275281106,7.899331364328985,4.75596618150703,86.26787922995902,control_2,11.690616910952121,-3.4305103205046485
2024-05-25,12.55037549125699,7.921930000963952,12.998564196339684,10.624424835972489,3.7489269240954877,82.62745395581248,control_2,2.374139360367195,4.628445490293037
2024-05-28,22.585531494547052,20.735833418509127,32.135745260831285,13.449449047698062,2.4886490142889643,51.075993427355684,control_2,18.686296213133225,1.8496980760379245
2024-05-30,26.717707582112943,18.520471800807183,33.64938151973306,17.10398005033191,2.087412437119556,274.12952846236965,control_2,16.545401469401153,8.19723578130576
2024-05-31,27.478339079623737,14.892213758383578,19.1900755658657,19.21737366140324,2.0960957098844455,286.06608149775013,control_2,-0.027298095537538813,12.586125321240159
2024-06-01,6.187564900558401,10.724705212197359,15.815115762789999,9.324427807624666,2.8725457852908343,88.93270999425647,control_2,6.490687955165333,-4.537140311638957
2024-06-02,4.176148422259624,12.05006800796354,7.985669378368641,11.356172136244478,3.440512884443854,109.00516599141781,control_2,-3.370502757875837,-7.873919585703916
2024-06-14,12.640847027880168,16.141002307891846,24.654915857473867,13.404021279701356,4.568790835560224,56.03246822926525,control_2,11.250894577772511,-3.5001552800116773
2024-06-15,17.135286398481206,19.532624422047427,23.128427843481973,12.307795757867696,3.4839021858912544,84.46510753926589,control_2,10.820632085614276,-2.3973380235662205
2024-06-17,12.819403422443205,16.17746040650248,16.61979029144646,13.249335189335962,3.2575464033251746,164.88822703632593,control_2,3.3704551021104976,-3.3580569840592744
2024-06-18,22.617823815166815,15.78097836582437,25.483180739321273,11.203159707817546,2.03290733367076,301.6495377272008,control_2,14.280021031503727,6.836845449342446
2024-06-20,14.63001955676911,20.51073636900547,19.857853250469603,16.287185574261596,2.391119556027328,265.8021075008942,control_2,3.570667676208007,-5.880716812236361
2024-06-22,21.298131154252488,24.727306365165195,25.77297597424669,22.24118881188544,2.1118331580655276,22.185209883469724,control_2,3.531787162361251,-3.4291752109127067
2024-06-23,10.10500106770668,14.192598417611277,25.95999491119078,12.836724426872642,3.849380672570795,54.46545083893102,control_2,13.123270484318137,-4.0875973499045966
2024-06-24,12.23219621064735,14.005236648720619,23.34641577999288,12.04528098222199,4.088942279609013,52.21041543689114,control_2,11.30113479777089,-1.7730404380732683
2024-06-26,7.718516423728369,14.375834384244762,10.392082555034163,1.872436083187454,4.28381226705665,50.17579787659804,control_2,8.519646471846709,-6.657317960516393
2024-06-27,17.103202742288573,11.76473587990085,24.528576107255525,17.61333548356168,3.5286439592414687,71.69432755464516,control_2,6.915240623693844,5.3384668623877225
2024-06-29,14.593332825544799,13.716436448124933,26.495139429882794,23.815664405467682,2.757427522276253,57.62003536271072,control_2,2.6794750244151118,0.8768963774198664
2024-07-09,16.731528910162172,21.195093497038076,35.50248802458906,20.913238705374233,2.311396721030675,22.711919307479604,control_2,14.58924931921483,-4.463564586875904
2024-07-11,26.594181742796138,29.978201310781234,44.32647726500476,25.696708277988233,2.933207945325736,51.353090110672554,control_2,18.62976898701653,-3.3840195679850957
2024-07-17,26.05794418006968,26.983231087369624,36.86047143084762,26.528655218052,2.4389549788331855,23.366858536491748,control_2,10.33181621279562,-0.9252869072999452
2024-07-24,18.551328021755396,13.750169902039648,21.039634681447517,13.353126060136947,2.6497655517282617,91.29764206699883,control_2,7.686508621310569,4.801158119715748
2024-07-25,21.1840381332523,18.290546592902718,26.190006701941297,13.005186524950169,4.401611481692336,58.511595885313625,control_2,13.184820176991128,2.893491540349583
2024-07-26,9.353137137173752,22.875812951139107,25.73347696622827,13.50059338443012,3.21807880052889,63.18863824621485,control_2,12.23288358179815,-13.522675813965355
2024-07-27,16.45746816744504,15.67538086899214,15.618178705406997,12.54728378200596,4.143386930343287,66.17096148273964,control_2,3.0708949234010365,0.7820872984529004
2024-07-29,23.818002465740072,23.266584342010955,26.91866572658589,25.105866560940026,2.37572010210093,70.02193572161025,control_2,1.8127991656458633,0.5514181237291176
2024-07-31,36.92857771497584,23.25940184153635,31.255360207263166,23.100376257967138,2.028211787316629,299.33848747684294,control_2,8.154983949296028,13.669175873439489
2024-08-05,19.15662037499043,17.508927044194333,34.20086892146904,18.985453429270386,2.669143293129104,37.8591978422952,control_2,15.215415492198652,1.6476933307960948
2024-08-06,18.884277317727367,17.605313598152907,35.82461300174238,22.21062945772817,2.712077677240235,60.21263592800824,control_2,13.613983544014207,1.2789637195744596
2024-08-08,27.245536280975248,22.648421440543636,21.733984339993867,16.505472683656286,2.121830923304929,66.78110749490219,control_2,5.228511656337581,4.597114840431612
2024-08-09,20.862656365778918,25.469570468644083,24.211068224135516,23.86646728819112,2.0774568109475555,60.39090382018077,control_2,0.34460093594439556,-4.606914102865165
2024-08-10,17.078418015029733,19.34600712301702,23.19057884730353,20.25550511074884,2.2473498553637032,71.128856366366,control_2,2.935073736554692,-2.2675891079872876
2024-08-12,14.775305003923428,22.55803017881264,31.81627885877477,9.39871110619941,3.9101181845751523,50.63570210365083,control_2,22.41756775257536,-7.782725174889212
2024-08-13,16.216730155874007,18.217097919203717,21.818948647557896,18.445865105143323,2.625994098971609,69.929137885307,control_2,3.373083542414573,-2.0003677633297094
2024-08-15,18.390199323192125,16.67956980547748,19.132124925150162,18.72970375567265,2.6773297589060236,62.25158264985015,control_2,0.4024211694775133,1.7106295177146436
2024-08-16,16.719856167892118,14.355924631368895,34.21368719770106,9.848525428796696,2.1226004768227336,49.26836580394013,control_2,24.365161768904365,2.363931536523223
2024-08-17,14.641472522784799,11.406956411700818,17.58319670385761,15.807334390437513,4.921772892837516,24.963860177919685,control_2,1.775862313420097,3.2345161110839804
2024-08-18,20.75367376898919,20.71920471617173,24.741287813339564,21.558573895153522,2.9587309127034067,19.407622362685004,control_2,3.1827139181860424,0.034469052817460266
2024-08-19,13.585349465779979,20.75673156002719,19.193661525738875,13.305382547982237,3.2464420437231882,32.67603502478954,control_2,5.888278977756638,-7.171382094247212
2024-08-20,12.811211587861575,12.133641642270298,24.539379043530648,9.794920210324177,3.092701251130235,47.20550569994077,control_2,14.74445883320647,0.6775699455912765
2024-08-22,22.048548412517057,15.403573745400248,32.46028532435102,15.056627790716906,3.708650714268198,32.117256186051236,control_2,17.403657533634114,6.644974667116809
2024-08-25,22.239868815650077,18.4034165092044,19.688703279436776,21.02010898750048,2.05593114493165,279.07488341302854,control_2,-1.331405708063702,3.8364523064456755
2024-08-26,38.550370980636636,26.058947807941895,30.55981967095972,23.376393320673866,2.099477053398276,292.1776865938895,control_2,7.183426350285853,12.491423172694741
2024-08-29,30.343925960375863,32.58477437473963,36.22321666860114,24.15046430015241,2.2795038912364776,280.1773547861526,control_2,12.072752368448729,-2.240848414363768
2024-08-30,33.93320126525407,28.506696406336786,37.51033731839268,27.28768338830285,2.4577896555260965,283.52545901824095,control_2,10.22265393008983,5.4265048589172835
2024-08-31,19.474124362350835,13.143218171102674,19.57497830826048,17.308440139622522,2.0488654159884403,290.91767923279053,control_2,2.2665381686379575,6.330906191248161
2024-09-01,18.16896536512083,11.651130514304832,24.82345385167464,17.506666111417296,3.0048430023967097,3.0000644914874783,control_2,7.316787740257343,6.517834850815998
2024-09-02,10.63525318255741,18.637070931165624,18.713406143675034,20.302999568970854,5.365918174971848,33.06234288165183,control_2,-1.5895934252958206,-8.001817748608214
2024-09-04,33.562296304406594,28.946235259912648,35.42308819863588,28.535398266442837,2.935726323664233,283.9144632714641,control_2,6.8876899321930445,4.6160610444939465
2024-09-05,27.095927614039972,29.241118528551585,28.22011625800013,24.279224232638363,2.2497927914583875,292.3599968451235,control_2,3.940892025361766,-2.1451909145116126
2024-09-07,18.230676062688676,8.747722887006084,15.786198399178147,15.709270661399934,3.4713722702003738,18.73586461175597,control_2,0.07692773777821316,9.482953175682592
2024-09-08,170.0353818489275,53.475333628554466,223.83483108241805,115.96459522874444,3.369222506930992,42.19947083484067,control_2,107.8702358536736,116.56004822037303
2024-09-09,58.99309013378907,19.363311199469557,29.858650888254733,35.606067387928825,2.2675383083310385,42.461916689744555,control_2,-5.747416499674092,39.62977893431951
2024-09-10,38.74839643809593,30.611882279750258,40.00763539487322,49.14953066301792,2.2408403181198,20.591891165641073,control_2,-9.141895268144701,8.136514158345673
2024-09-11,20.050686647697646,19.863113104283595,19.59321745969162,17.948582776090074,5.560839379225861,70.61870035755936,control_2,1.644634683601545,0.1875735434140502
2024-09-19,32.64707195862033,30.262791640732203,31.146742726063632,33.91204259146239,2.205866200352462,272.0235178026876,control_2,-2.765299865398756,2.384280317888127
2024-09-23,36.6942002143882,31.095854784396863,31.889758222797,27.534114437134615,2.2661548028131944,274.57751500376224,control_2,4.355643785662384,5.598345429991333
2024-09-25,23.622921300098124,19.985674841330315,27.08174928432533,23.89958829592696,3.4449028118120086,19.444022266385616,control_2,3.182160988398369,3.637246458767809
2024-09-27,48.01552394056601,44.07180826592761,45.985617025801226,41.74110964048144,2.3760738780370776,284.1277588612595,control_2,4.244507385319785,3.9437156746384048
2024-09-30,21.176436928013032,16.623806972578862,28.273386171668964,31.40700523397997,2.485410230870182,267.3223189607728,control_2,-3.1336190623110056,4.5526299554341705
2024-10-03,23.901798275630835,27.894761398730445,38.30274538065673,22.67204452342167,2.2405419436038825,46.57732687818037,control_2,15.630700857235063,-3.99296312309961
2024-10-04,9.676716017534087,7.733591383529817,15.091916616073279,5.1616622466957764,5.543921217944572,64.69056356532985,control_2,9.930254369377502,1.9431246340042696
2024-10-05,30.59103031860512,34.56102710736346,31.917800211210228,48.04101947455552,2.9326823115303333,71.528924795833,control_2,-16.12321926334529,-3.969996788758337
2024-10-12,15.141805786133295,22.639521169329107,27.735410980492183,16.75476187693473,2.8080409124361725,42.59853032010693,control_2,10.980649103557454,-7.497715383195812
2024-10-18,29.654275231127826,24.542947490326643,22.760361740608097,22.91273065547612,2.126493346007402,260.16796187187435,control_2,-0.15236891486802406,5.111327740801183
2024-10-19,21.60587388756116,23.850863226206037,17.40821292287762,19.899676584625638,2.3291660061253983,272.66203723254847,control_2,-2.4914636617480177,-2.244989338644878
2024-10-21,14.091227373016192,16.610998689828183,35.369869919025334,12.826066466718492,3.8267975880531355,49.81922228841614,control_2,22.54380345230684,-2.5197713168119904
2024-10-23,9.818282918131896,14.15400416855081,23.30435273095339,6.299129401955332,3.0749228996223796,60.85649930696093,control_2,17.005223328998056,-4.3357212504189135
2024-10-24,39.70010260302586,23.100846448134142,40.019764222137596,33.23876101926925,2.1049686440871485,279.4806213619502,control_2,6.781003202868348,16.59925615489172
2024-10-27,11.383787746577184,15.406637792382341,15.569607001226723,22.4605990695677,4.876472394382013,53.42014617507948,control_2,-6.890992068340976,-4.022850045805157
2024-10-28,3.465981763150143,1.4363065987212587,-0.427122043875331,-0.6811927881361347,3.155556807747452,108.37408815306952,control_2,0.2540707442608037,2.029675164428884
2024-10-31,23.459498823952988,19.43654579842794,25.856546058319946,13.275242179753532,4.140377393116904,78.72029758391142,control_2,12.581303878566414,4.022953025525048
2024-11-02,44.30324317786802,48.52247922537842,36.226553910060304,43.082764151883005,2.471403476237108,86.73503581212464,control_2,-6.856210241822701,-4.2192360475104
2024-11-03,17.197054690783602,17.388192017836715,25.329019505895165,20.829484308309507,3.414840514432053,188.14228586196802,control_2,4.499535197585658,-0.19113732705311293
2024-11-06,32.00071664856648,10.833054661256806,27.840642140698737,6.694085259778097,3.47579020856422,276.6115304361519,control_2,21.14655688092064,21.167661987309675
2024-11-14,42.75834199376261,25.53714383018226,43.77936840767946,6.275361077435075,2.7470817691541702,42.74160765897892,control_2,37.50400733024439,17.221198163580354
2024-11-18,13.00644490188233,3.7046264051050204,13.413577348461398,6.515475388156552,3.535814950503661,103.58356827116023,control_2,6.898101960304847,9.30181849677731
2024-11-23,11.910211857471237,16.58386072766563,13.604796047178901,24.747106781461795,3.8876428230542674,53.8436965866988,control_2,-11.142310734282894,-4.673648870194393
2024-11-26,36.957153050633835,19.515541402700993,30.157564685483802,25.934535148275142,2.8158321506860364,67.46900448925663,control_2,4.22302953720866,17.44161164793284
2024-12-12,15.622498350949613,11.278539591724039,15.332877199436801,14.311652476334226,4.090601645067053,47.73302491538641,control_2,1.0212247231025753,4.343958759225574
2024-12-26,27.4722034679855,14.236019580346444,14.236019500108467,17.10061883949121,3.401941153963328,53.391230604977125,control_2,-2.8645993393827442,13.236183887639058
2024-12-27,22.7720427461853,22.39444615082584,33.03790610876903,19.308405432768687,3.441349255044308,68.92868831693505,control_2,13.729500676000342,0.37759659535946
2025-01-01,27.22724346216655,39.959139340692296,31.208877792595924,23.783107263412724,2.273967127251184,52.07412451687492,control_2,7.4257705291832,-12.731895878525748
2025-01-07,32.26968713868188,12.289915902937446,21.62370535540448,26.35239958333973,2.899693774077575,253.43148965727684,control_2,-4.72869422793525,19.979771235744437
2025-01-20,20.21265044277106,10.849304959247021,16.224874961194914,12.180921255664744,2.812367968163076,273.5957934137271,control_2,4.0439537055301695,9.36334548352404
2025-02-02,22.509840960783105,2.6130960912509344,28.723411600144406,11.285046469527359,4.475137626952785,40.47422990945745,control_2,17.438365130617047,19.89674486953217
2025-02-05,33.122719485399124,39.107703928897614,45.07347062114813,44.33268776730067,3.7121398598943123,54.014754984810224,control_2,0.7407828538474632,-5.98498444349849
2025-02-07,19.16095897279201,21.552295998892184,24.678226366613508,16.000876998201395,3.3653581612616605,71.57811314276825,control_2,8.677349368412113,-2.3913370261001745
2025-02-11,34.01019793148584,31.382119420525292,41.72837202588777,26.433556963342603,2.025903464946122,134.97362386423788,control_2,15.294815062545169,2.628078510960549
2025-02-16,9.408085276204645,-2.902825242696699,10.179802482176866,4.944798995918297,2.0289633455054807,48.13084263077235,control_2,5.235003486258569,12.310910518901345
2025-02-19,19.568891820993713,21.243363366181978,26.031591603882045,11.480287454708439,2.454359620927213,59.967071312527025,control_2,14.551304149173607,-1.6744715451882648
2025-02-24,29.236329304605107,19.349746000875157,32.529132273152065,15.04056375465198,2.899887505126812,41.42518323710834,control_2,17.488568518500085,9.88658330372995
2025-03-02,14.442953576125937,18.459314594058046,36.80379067554401,12.536113558075927,3.9175162853706027,67.56641466244605,control_2,24.267677117468082,-4.016361017932109
2025-03-07,23.539549597331987,25.301440920947424,25.853773689358153,23.167400292044487,2.0039089504487726,178.99563336237293,control_2,2.686373397313666,-1.761891323615437
2025-03-12,10.522381822583075,6.945160223440243,15.511245732230067,10.832983880309074,6.057046895397387,18.240300475978074,control_2,4.678261851920993,3.577221599142832
2025-03-16,8.651861018807132,7.482346031381672,13.41624805130842,14.895752518117588,4.575709641331784,40.39758709616035,control_2,-1.4795044668091677,1.16951498742546
2025-03-17,13.048933445505972,21.095819572038227,21.058469814495858,15.303120470431624,2.4284726079344146,84.37125996737404,control_2,5.755349344064234,-8.046886126532256
2025-03-26,29.217512421860675,26.099865218662114,30.75343781494329,22.806617921960836,2.966255764721991,8.591011839589044,control_2,7.946819892982454,3.117647203198562
2025-03-27,22.26378315063165,22.68817254242715,31.163357742685232,25.091185642838514,5.577277299876145,47.62159687300857,control_2,6.072172099846718,-0.4243893917955006
2025-03-28,15.221643142512306,12.45803115068428,25.186682867532213,12.993947063118851,3.6238966231840255,53.61006533091046,control_2,12.192735804413362,2.763611991828027
2025-03-30,27.28050892127017,23.628523829954265,26.17770804809523,23.634539430773494,5.629625917019732,42.96388427481713,control_2,2.5431686173217365,3.651985091315904
2025-04-04,34.42733488883965,34.7533990639831,40.866183515890256,39.46532755853008,3.098625871350067,255.37349964928526,control_2,1.4008559573601786,-0.32606417514345054
2025-04-07,40.09743025292353,5.9166181376043765,13.531213593935929,15.115225345435293,4.285679105376576,49.839193872452086,control_2,-1.5840117514993644,34.180812115319156
2025-04-08,22.81849410153039,26.408562272595223,33.40411998248074,21.171425380905365,2.668003485766014,66.65191157637207,control_2,12.232694601575378,-3.590068171064832
2025-04-11,55.90813653640827,50.23603220688513,64.87857560756375,49.2410723912502,2.586790335891717,51.1250763662124,control_2,15.637503216313547,5.672104329523144
2025-04-13,26.445599659836518,21.564874945638312,26.91295706824542,23.496843261913202,2.392875800749199,242.71632079148185,control_2,3.4161138063322163,4.880724714198205
2025-04-14,36.47604796226049,23.309566219798246,39.988988870747846,24.366444740899173,2.609380537247779,303.29819881010695,control_2,15.622544129848674,13.166481742462242
2025-04-17,13.36409834984398,19.43453395475398,23.060387898663322,17.138194816158535,2.804809519395659,165.0282602133559,control_2,5.922193082504787,-6.070435604910001
2025-04-18,25.370280787084628,26.293282173533186,29.6185577429352,23.823187019150524,2.907360734876554,212.49827279773862,control_2,5.795370723784675,-0.9230013864485578
2025-04-20,33.07774931367653,32.05972636508913,38.52036316771541,26.105116655420783,2.345566862741615,71.6161394739213,control_2,12.415246512294626,1.0180229485873937
2025-04-22,32.26423772296714,31.177922449419167,43.10368937652213,33.338889111838036,2.629629977429429,60.35608855387818,control_2,9.76480026468409,1.0863152735479709
2025-04-23,26.704909777929704,29.77186904682459,36.41063937473539,27.134152118684124,3.5149623045093263,62.361201091410464,control_2,9.276487256051265,-3.0669592688948875
2025-04-24,33.522612738994816,29.97776520935701,42.83206000131397,29.93274869698562,2.0159377208365483,317.18398224242094,control_2,12.89931130432835,3.5448475296378064
2025-05-01,50.60238865763236,35.794342138914686,57.58631707564819,36.83312794076056,2.642429258382773,277.6237328841443,control_2,20.753189134887627,14.808046518717674
2025-05-02,21.761224323679308,33.744700172333516,47.22313542815263,26.21504357032527,2.313939578550197,16.46871922779161,control_2,21.00809185782736,-11.983475848654209
2025-05-05,36.89027160239127,34.73272966261535,48.34701027344576,36.39957975603677,2.8626872949621496,224.3552668001965,control_2,11.94743051740899,2.157541939775925
2025-05-06,47.240294406283326,39.56431179572713,45.207419761040484,37.58228698097038,2.3642257591402402,248.57664524388326,control_2,7.625132780070103,7.675982610556197
2025-05-09,33.03061580524287,29.04594681670269,42.555131838680914,30.13108468573905,2.332503472016467,351.0241095038305,control_2,12.424047152941863,3.9846689885401787
2025-05-10,32.70285795336394,24.861822647215842,33.32590821689903,27.03915663294481,4.636478968104228,35.81719049218316,control_2,6.286751583954221,7.841035306148097
2025-05-11,23.831993462027768,24.858499398893066,28.784101813596926,23.083868686152286,6.11480751349824,47.239802140908694,control_2,5.7002331274446405,-1.0265059368652985
2025-05-12,28.726086398287222,11.794153977233265,30.117891860087976,18.275464159117483,6.963536347477194,50.06199181185639,control_2,11.842427700970493,16.931932421053958
2025-05-14,31.110504198200815,35.05736281082006,36.82441517951429,30.14540342676261,2.137962030553686,127.23723668754155,control_2,6.679011752751681,-3.946858612619245
2025-05-18,30.675593516569474,30.069407515986054,28.172440685083565,25.512590010485184,3.100589704811631,144.80144544662403,control_2,2.659850674598381,0.6061860005834205
2025-05-22,30.448708303052243,35.08849645271985,37.2146805305911,29.318626723256127,4.522475148095054,67.5237685645663,control_2,7.896053807334976,-4.639788149667609
2025-05-25,29.73949283533916,32.27941456666831,37.46571809598794,24.087396377661005,2.0035948736411107,20.98928164647623,control_2,13.378321718326934,-2.539921731329148
2025-05-27,42.28052040083655,41.595302577142654,45.695677687546315,40.292314466653146,2.9290051649647713,271.477067563496,control_2,5.403363220893169,0.6852178236938968
2025-05-30,41.64112406577564,27.910864901119755,37.52351848043363,33.07416752247858,2.1618773235365314,299.50138340896126,control_2,4.449350957955048,13.730259164655887
2025-05-31,27.416269378206024,21.18417653765034,33.112337938609,23.488410062755133,2.204875025898265,51.679111791124114,control_2,9.62392787585387,6.2320928405556835
2025-06-01,19.243049173144218,9.685070795869395,21.89803729207427,6.068634718023806,4.383806882739532,55.86768246127417,control_2,15.829402574050466,9.557978377274823
2025-06-02,26.59440676360504,26.855188575850224,30.15872115483815,19.37371097136359,2.0287025503977354,246.33740839860502,control_2,10.785010183474562,-0.2607818122451846
2025-06-08,24.37244637628983,2.3724808839501526,5.127758399354277,9.835004866452902,2.4624853951074734,252.38440752462208,control_2,-4.707246467098625,21.999965492339676
2025-06-10,22.38446696152191,20.66699476168328,30.016322898631973,18.170550817355565,2.101145767055409,56.068856147909116,control_2,11.845772081276408,1.7174721998386282
2025-06-11,16.179053685281136,18.193596942814043,30.644054093507187,20.808945667869864,3.0829645908432637,60.28466457370058,control_2,9.835108425637323,-2.0145432575329068
2025-06-13,18.09141880275145,25.264366300087207,37.65959268738004,18.560233312135217,3.8630685459790866,51.21533820221714,control_2,19.099359375244823,-7.172947497335759
2025-06-14,20.51037512310478,28.438358151542438,27.91722581580989,21.009022648087306,2.49594274747713,27.168937931081985,control_2,6.908203167722583,-7.927983028437659
2025-06-15,14.43705892550489,17.726189726607245,23.890061404949414,12.50309152755536,2.768451736043901,40.93541563292899,control_2,11.386969877394053,-3.289130801102356
2025-06-16,19.342682492862853,18.994061099178307,29.84421199257534,21.9940807522241,3.7683054727323495,69.31152419070912,control_2,7.850131240351239,0.3486213936845459
2025-06-19,16.828727527532237,22.333003179372525,27.453310370898034,17.95643953644237,4.642723398972342,49.60033422851876,control_2,9.496870834455663,-5.504275651840288
2025-06-20,13.15764742899468,13.825163669332994,20.91318105605729,8.278095464555786,5.823192463159854,62.22011835627035,control_2,12.635085591501504,-0.6675162403383137
2025-06-23,25.34426550474756,19.441371987636817,27.062911468650583,20.81830262189644,2.3785238867198557,274.85569273193596,control_2,6.244608846754144,5.902893517110744
2025-06-29,27.18130118339127,19.012509743085104,25.762706275085247,14.633472786984472,2.229629745789876,244.1001833712549,control_2,11.129233488100775,8.168791440306165
2025-06-30,26.82066385515531,26.820061335054273,28.959075401647237,23.736400484482644,3.1171750912760685,311.17006832146296,control_2,5.222674917164593,0.0006025201010366743
2025-07-03,12.357037884854144,13.733632325349333,15.859079249397743,7.602448989054796,2.8711687814454296,32.765056501500396,control_2,8.256630260342947,-1.3765944404951895
2025-07-04,34.220429093799865,19.849440351918133,24.94893843573832,16.994591940964288,4.527722156551497,56.93492579701268,control_2,7.9543464947740325,14.370988741881732
2025-07-06,20.841049282988806,23.12360699288565,20.837965313679973,17.16887436699411,2.6894821371987536,267.860231023193,control_2,3.6690909466858628,-2.282557709896846
2025-07-07,28.349873937040652,24.0503619611736,25.439771076980954,17.64189326026322,2.1488308536980383,276.39869022893356,control_2,7.797877816717733,4.299511975867052
2025-07-08,23.307055151590784,15.39038349729257,29.38549112191967,17.599354315798593,2.256590022200495,355.8326471385212,control_2,11.786136806121078,7.916671654298215
2025-07-09,19.117074237306397,22.84199691907273,29.777812733544028,22.6286649745604,3.896291377166787,67.12293007506707,control_2,7.149147758983627,-3.7249226817663335
2025-07-11,21.122845692269607,21.880312336833985,24.401149875561515,27.44775069730691,2.1771099884852383,277.72714052062855,control_2,-3.0466008217453933,-0.7574666445643778
2025-07-12,27.02741429697537,19.263347440469378,24.689053847529248,18.7592401735324,2.249942572805582,279.20473794892393,control_2,5.929813673996847,7.764066856505991
2025-07-13,28.53261959409826,23.589704293857668,25.647746334345687,17.701058463069113,2.0826796933256766,273.34828804114915,control_2,7.946687871276573,4.942915300240593
2025-07-15,33.27548104142339,26.330127112831512,36.52704762907367,32.01334120895806,3.141805551046955,77.56550105104475,control_2,4.513706420115611,6.945353928591878
2025-07-21,15.66172290716137,15.773953843577846,23.885301026707232,6.647043575761454,4.650610030160442,55.56855006851009,control_2,17.238257450945778,-0.11223093641647708
2025-07-30,20.28157451072612,22.161921695100183,14.72964561131577,13.562131598760027,2.1719423492696834,148.1896299686046,control_2,1.167514012555742,-1.8803471843740631
2025-08-03,19.07699088645617,22.449567892805668,31.89383827231044,20.259222842554564,2.2176294381867527,67.94653677228911,control_2,11.634615429755875,-3.3725770063494984
2025-08-04,17.700277204302804,18.39549542316832,25.85587225685925,16.325830081105995,2.50205431414411,73.63697533123889,control_2,9.530042175753255,-0.6952182188655165
2025-08-07,17.923619042035078,15.14598797953271,24.035105817217634,11.080152364203878,2.054191033628921,77.31677744310872,control_2,12.954953453013756,2.7776310625023672
2025-08-18,21.020692816409305,20.60149687593597,26.643077877689027,8.867432401959851,2.284320981317298,27.66010963982177,control_2,17.775645475729178,0.41919594047333675
2025-08-21,31.819242547252372,38.48209531603281,42.3085299276481,29.419551634105915,2.0343217477637507,278.5127561321636,control_2,12.888978293542188,-6.662852768780439
2025-08-30,26.97159563677598,15.961460765512271,33.36757581475684,20.377146086288217,2.3795053222809472,320.3995114597542,control_2,12.990429728468623,11.010134871263709
2025-09-03,16.51864064088937,23.483661089015378,18.63051262535374,36.68253266134289,2.15744518714434,274.91581062106957,control_2,-18.05202003598915,-6.965020448126008
2025-09-06,18.757712382222447,23.93482471352026,24.592919391243893,14.24038941607911,2.6552849357678885,30.25415008946402,control_2,10.352529975164783,-5.177112331297813
2025-09-07,11.53012320846834,7.693147513046214,23.26758947960751,3.058264996699039,3.1804996506730876,38.03846190853426,control_2,20.20932448290847,3.836975695422125
2025-09-08,17.12928650696801,19.402709714396888,23.80748904938446,9.295403336425128,3.177660182159008,35.179401732920724,control_2,14.512085712959333,-2.273423207428877
2025-09-14,21.544687804093055,18.228205740851624,23.61760157946626,20.17717714526357,2.04810574211696,65.20343840959066,control_2,3.44042443420269,3.3164820632414305
2025-09-21,23.553880705548874,19.03310827929762,25.550003839701947,17.99523302709437,2.1899191798110325,104.28581221637944,control_2,7.554770812607579,4.520772426251256
2025-09-22,29.606111075597262,27.187852658607085,30.69126259956109,25.250199013233907,2.21532867448768,254.4447009315891,control_2,5.441063586327182,2.4182584169901773
2025-09-23,31.64207016462643,27.923607156709316,32.75721665000482,25.758710088893718,2.818443047660818,285.041484535103,control_2,6.998506561111103,3.718463007917112
2025-09-24,26.052253038511022,18.71420193957817,27.579541753279315,20.202913687797288,2.804178743405576,293.6833800648957,control_2,7.376628065482027,7.338051098932851
2025-09-28,11.048236933323162,17.453485907865403,16.2810431357404,11.143658028553604,2.482324751616911,60.45076696767211,control_2,5.137385107186796,-6.405248974542241
2025-10-01,-2.479293007877213,18.370126573182635,12.208237105063208,8.676608250856548,2.5949344206509526,28.650429416486872,control_2,3.5316288542066605,-20.84941958105985
2025-10-05,24.75816009776869,8.674370602566581,16.66920170331041,9.748809572832883,2.423496679692577,282.1655187155591,control_2,6.920392130477527,16.08378949520211
2025-10-06,28.328966263192026,27.28379058530569,30.77374435510539,21.213548751138546,2.5541941720691077,279.10750749000033,control_2,9.560195603966843,1.0451756778863341
2025-10-08,30.406643159410166,50.354430143954424,52.941891032070565,32.925425082493916,2.155098281526331,4.201257651041487,control_2,20.01646594957665,-19.94778698454426
2025-10-10,13.30120782819905,13.267131686329494,17.557218379492227,12.78400896654421,4.119612308323207,26.98971650892696,control_2,4.773209412948017,0.034076141869556764
2025-10-11,14.842688625330144,9.75274363774194,15.410328964933564,7.4025436099213096,4.268303810279977,80.31103861900397,control_2,8.007785355012254,5.089944987588204
2025-10-19,9.975665944432894,12.563006139529469,10.309906420363708,10.148884393520873,4.123223619789425,65.88044607850304,control_2,0.16102202684283462,-2.5873401950965746
2025-10-20,24.638503030121058,16.0246862324929,27.23453293248699,17.577699990321726,2.2200039731529344,277.595912843536,control_2,9.656832942165263,8.613816797628157
2025-10-26,7.1802911512971574,12.086703025495877,26.44273244084002,22.174373402640683,5.011321973095324,45.33295130856828,control_2,4.268359038199339,-4.90641187419872
2025-11-03,21.79028091667308,18.959830263175466,48.75290505606749,24.09183183391059,3.434154940194539,49.209197094964566,control_2,24.6610732221569,2.830450653497614
2025-11-04,11.050874754890891,18.882850944180344,47.30068783799864,34.77531690555354,3.1229209734832013,14.544908326892767,control_2,12.5253709324451,-7.831976189289453
2025-11-05,6.205995769498068,12.585015866021193,11.757115100289452,3.866345955057732,4.162617221596468,29.56365923796409,control_2,7.890769145231721,-6.379020096523125
2025-11-07,36.857637091884655,38.45225904398004,61.68049790944458,16.814009518367378,2.2517706537415125,88.94446545700197,control_2,44.866488391077205,-1.5946219520953875
2025-11-21,38.625083235616785,17.17707326294219,13.336001737113191,22.934478461905773,2.693079410789,286.7063142924781,control_2,-9.598476724792581,21.448009972674594
2025-12-17,24.755991020222254,23.047422949812137,26.95383478837849,23.852209454041667,4.475826663313678,68.87143180147501,control_2,3.1016253343368234,1.7085680704101165
2025-12-18,27.798260874514334,11.629123876477102,22.64793547345873,15.521907176265056,2.5521348407502895,53.74426769155963,control_2,7.126028297193674,16.16913699803723
2025-12-21,9.976172801793115,20.646080964570196,22.54995161592719,17.281378048912533,4.448172120324471,35.890276541165974,control_2,5.268573567014656,-10.66990816277708
2025-12-25,14.436101040005274,11.161250218319042,7.375160632792035,7.193582003190733,2.0009370019624457,344.81350237174235,control_2,0.18157862960130178,3.2748508216862326
2025-12-26,6.369169677303077,5.0140453017086974,7.1149021442753915,5.144747236827805,3.71993791736684,30.76105823836383,control_2,1.9701549074475864,1.3551243755943796
2026-02-15,17.374502358069325,20.942498989479866,39.38818147623319,15.334621792419439,2.109122561680098,20.32955056933531,control_2,24.053559683813752,-3.5679966314105407
2026-02-18,13.981813651216628,11.199875986918087,21.470896030918066,9.596042743912479,2.8217650623160773,58.76018174356153,control_2,11.874853287005587,2.7819376642985407
2026-03-04,12.383371028664175,13.200669776481218,19.359268624466115,11.059104806386069,5.87013659915184,71.61080604914764,control_2,8.300163818080046,-0.817298747817043
2026-03-06,46.22769841356426,32.718726891868485,40.87437245325459,38.20922810715864,2.045612712001055,245.17117444282974,control_2,2.66514434609595,13.508971521695777
2026-03-07,25.945328595019518,15.001767796373183,17.436995270586213,21.687782757216198,2.4566756018417455,262.8208893404336,control_2,-4.250787486629985,10.943560798646335
2026-03-10,24.615507540109974,29.072957157049714,27.28978028639465,15.933635771899077,4.521285948489292,88.56062343331695,control_2,11.356144514495572,-4.457449616939741
2026-03-14,12.84379734038048,13.666702936784201,11.844861776475666,9.62590860022386,3.72428748185765,109.29085494107062,control_2,2.218953176251805,-0.8229055964037215
2026-03-21,15.769472798705488,11.74988361085263,20.939182699089773,6.824119470868163,3.249728578916261,71.37788857896265,control_2,14.115063228221612,4.0195891878528585
2026-03-23,17.07327825898676,11.14216478275607,11.567987987910822,9.42870581896079,3.8951431010685806,67.06113623867691,control_2,2.1392821689500323,5.93111347623069
2026-03-24,14.207461408805306,16.96630263236989,18.067832898236468,16.38232823916252,3.397648611940573,60.72830972342149,control_2,1.685504659073949,-2.7588412235645823
2026-03-25,18.457746200604483,18.05005123244826,36.24197182634163,15.845755089649415,3.3973586637532103,67.93528774124707,control_2,20.396216736692217,0.4076949681562212
2026-03-26,25.923840739268353,23.529602988477887,16.156274145433947,25.938992693105714,2.7838879172076867,230.3986722565647,control_2,-9.782718547671767,2.3942377507904666
2026-03-28,41.885309882293676,18.046872657266128,27.348555318934743,30.11853327643753,2.037325683001368,106.37239481321842,control_2,-2.769977957502789,23.838437225027548
2026-04-01,6.984284556961455,21.238471639496776,15.68617748693221,10.887648067682255,5.4179105849821925,44.664236659745654,control_2,4.798529419249956,-14.25418708253532
2026-04-02,17.32378043129586,20.45581203806248,24.645331997158674,11.387856394494085,3.6765086403750944,112.22148706258531,control_2,13.25747560266459,-3.1320316067666205
2026-04-03,20.97771674328911,15.429757458794327,23.260341964321764,16.56528545804488,3.2869407303374496,286.1414493678094,control_2,6.6950565062768845,5.547959284494784
2026-04-04,15.150171657092043,8.734170999124922,17.830220449882688,12.4372348147203,2.8435452114724407,288.6951782319867,control_2,5.392985635162388,6.416000657967121
2026-04-14,18.14583776995053,20.12927335512422,23.801086045429415,18.13707976286226,2.5755250527754763,89.22076651174046,control_2,5.664006282567154,-1.983435585173691
2026-04-16,14.796269566549633,16.49950319429083,24.926178729548987,18.45615398834856,2.7088357837512387,147.92731423356423,control_2,6.470024741200426,-1.7032336277411986
2026-04-17,16.664166096071042,13.376652940591685,25.84088684411314,8.756965227968829,2.921547101360981,293.1944058031285,control_2,17.08392161614431,3.287513155479358
2026-04-19,16.648996294511846,10.70621451885578,15.726982502626397,14.406741016648695,2.7285265586677863,357.03755357539524,control_2,1.3202414859777019,5.942781775656066
2026-04-20,14.853214651169912,9.037926125930458,17.586627244707852,11.419252060525997,4.284407706581953,16.440065095483362,control_2,6.167375184181855,5.815288525239454
2026-04-25,16.58746821505619,13.01727960830432,23.78664527714866,8.067522274610438,3.418883971222969,65.68136469708901,control_2,15.719123002538224,3.5701886067518718
2026-04-26,2.4708716778037316,-4.623113810605055,11.355576045872352,7.264550795237273,3.7331528954035216,82.91541791278576,control_2,4.091025250635079,7.093985488408787
2026-04-30,19.536137180717912,23.901683063598,23.813458176953052,18.35627750311035,2.03801885029716,268.6224205538347,control_2,5.4571806738427036,-4.365545882880088
2026-05-01,25.84509361249903,15.367324729640822,17.53064937352571,22.248128334667097,2.2348989941092,288.18988985427825,control_2,-4.7174789611413885,10.477768882858209
2026-05-05,19.156768605870564,27.296190437532328,25.163714024515855,21.559577315828843,2.746016123073487,182.86800959295027,control_2,3.6041367086870117,-8.139421831661764
2026-05-06,20.378086542631284,19.803331031226225,20.96721128053777,23.011450617167082,2.3603420236907326,183.71973413173046,control_2,-2.0442393366293103,0.5747555114050584
2026-05-07,17.960837376268568,21.73509019117918,26.732228493318917,17.919790051434003,3.3212382822930855,88.96266812120109,control_2,8.812438441884915,-3.7742528149106107
2026-05-09,33.716179980402565,25.265081527756042,32.657856065708955,21.972225725070665,2.1668737162464717,277.5118472586025,control_2,10.68563034063829,8.451098452646523
2026-05-10,23.26705913570952,22.74475891424883,25.60030771823645,18.97640953317809,2.0529552953556687,7.262826442893754,control_2,6.623898185058362,0.5223002214606893
2026-05-11,26.758573053014906,27.184487866240744,28.366835677403305,20.24438648912101,2.244286621076185,19.25601733920695,control_2,8.122449188282296,-0.42591481322583746
2026-05-12,13.707141201204186,16.325986344527937,19.29359787326441,15.417066233220282,4.399246054081136,24.09187055870251,control_2,3.876531640044128,-2.6188451433237514
2026-05-13,26.123716098942953,24.864198090111334,27.241377438952245,22.097637130714947,4.863683364095122,80.89312676563998,control_2,5.143740308237298,1.2595180088316198
2026-05-16,12.170900976460993,12.058483991841703,8.947670764435385,14.968427636405345,2.032004463221699,161.7771121129656,control_2,-6.02075687196996,0.11241698461929062
2026-05-19,29.33457600792317,19.709951849535127,31.14327440049175,14.102506748875465,2.412828296140931,285.8601128715386,control_2,17.040767651616285,9.624624158388045
2026-05-23,19.12916160402875,18.219036727015997,30.080364933826317,13.526064420382752,2.432707591853026,59.81660305207805,control_2,16.554300513443565,0.9101248770127519
2026-05-25,10.566409702449656,20.22169473677575,15.13411885519509,15.761064169754015,3.0278323053030696,46.80201803098038,control_2,-0.6269453145589239,-9.655285034326093
2026-06-03,22.59194257507271,22.80890603229251,32.8947313202038,18.484626307512904,3.2746733266810697,68.09785104684852,control_2,14.410105012690899,-0.21696345721979782
2026-06-05,24.162409263091313,27.460394532731218,36.73749607444563,21.90963136806901,2.0744118506877993,74.53747723483525,control_2,14.82786470637662,-3.2979852696399057
2026-06-06,24.242668370828287,20.104417000370027,42.3155162554642,22.48081982282313,5.361373156094992,63.73475758955351,control_2,19.834696432641074,4.13825137045826
2026-06-09,26.117124308740618,25.86843082430058,27.737479728432138,21.999895163602467,2.5975545508319726,105.79515129371703,control_2,5.737584564829671,0.24869348444003592
2026-06-11,33.288759662566626,22.319572129518356,36.01998006351522,29.845934709866068,2.0032731956048138,284.8679645375151,control_2,6.174045353649152,10.96918753304827
2026-06-13,25.182177903060115,19.83348981742446,18.20021278602493,20.430830769088065,2.1590343404557863,253.04529392486427,control_2,-2.2306179830631336,5.348688085635654
2026-06-14,26.1618440695002,24.980996480745347,21.60477085382277,25.078703653293505,2.2918706778869757,253.93778269108304,control_2,-3.4739327994707345,1.1808475887548546
2026-06-24,26.888655693274853,20.231083451821796,24.47696512622852,17.393842247051694,2.8233616980045824,68.79736178865619,control_2,7.083122879176827,6.657572241453057
2026-06-26,12.12231629211246,19.064816339586923,15.857429357234388,18.673634379848455,4.756305539220815,65.79898302136121,control_2,-2.816205022614067,-6.9425000474744625
2026-06-27,15.047410101906472,16.777762527811223,19.129402708805173,14.22244734453051,4.651199324840896,84.32782567741822,control_2,4.906955364274664,-1.7303524259047514
2026-06-28,19.152110951904408,18.79713301575603,19.2178898783163,18.098162859855698,2.651823430582492,161.12894709058696,control_2,1.1197270184606012,0.35497793614837647
2026-06-30,14.599820772668311,18.50417206250735,23.456302079455714,15.883155351330815,2.59351162880984,86.13595544915785,control_2,7.5731467281248985,-3.90435128983904
2026-07-10,26.286697066426683,16.163756064205604,23.053318414348972,15.15203826747032,3.065897732569325,55.34176402167088,control_2,7.901280146878651,10.12294100222108
2026-07-11,17.475011265239417,20.542843528805864,28.880727650637013,11.576768923335678,2.528302489025499,38.40001012576613,control_2,17.303958727301335,-3.067832263566448
2026-07-16,22.757895122243887,24.904937313509766,36.54586304505197,21.5203549210923,2.535298137515252,23.115706733073864,control_2,15.025508123959675,-2.1470421912658786
2026-07-25,16.115787315764223,22.179102388778592,27.141085675855773,15.708689915663724,3.753834527072125,55.2708721265293,control_2,11.43239576019205,-6.063315073014369
2026-07-26,14.45804555134577,19.727150498249244,34.37352112074832,18.007787738557603,2.493226740735536,44.42858736464393,control_2,16.36573338219072,-5.269104946903475
2026-08-09,24.103997111448898,22.875596613865294,24.878619209602114,18.436252140209998,2.179778364807495,75.99737756693344,control_2,6.442367069392116,1.2284004975836034
2026-08-10,18.752311419391557,24.912068443831537,25.324668801526915,13.15360782122444,2.5619034484944843,44.96355551716357,control_2,12.171060980302475,-6.15975702443998
2026-08-11,18.328938172388302,24.04754124551274,35.42571478702054,24.60766162357097,2.1058085710964,36.75645293117276,control_2,10.81805316344957,-5.718603073124438
2026-08-22,16.020346384647382,57.397487309844536,30.273449670077106,17.536092582245846,3.6452271110946435,40.64496336488969,control_2,12.73735708783126,-41.37714092519715
2026-08-23,21.65628811355438,24.765460768998423,27.364198257382984,23.555723920729914,2.0433219851940936,6.9471253706698235,control_2,3.8084743366530702,-3.109172655444045
2026-08-24,28.61412706270194,29.54656249829033,30.640900278516767,20.43727406344065,2.7953984844388877,17.28416283821008,control_2,10.203626215076117,-0.9324354355883919
2026-08-26,13.709153780809075,10.765363926008911,17.00885784308457,16.087860803734642,3.993249767061092,42.641643183403744,control_2,0.9209970393499276,2.9437898548001638
2026-08-29,17.65061539616495,22.96188332942454,27.919594127425622,21.281811667557246,3.986143119578328,59.7914618739718,control_2,6.637782459868376,-5.31126793325959
2026-09-01,15.035240540760423,16.618698654117267,21.847320557874173,11.282485132683297,4.046678747829908,38.07478771475422,control_2,10.564835425190877,-1.5834581133568442
