d,cross1,cross2,down,up,speed,phi,site,dw_minus_uw,cross_diff
2021-07-02,35.522840020673954,41.41045612824086,38.705426916609966,23.072948770689628,2.1891237127495207,156.86339296711378,epoch_meta_qts_hillsboro_2,15.632478145920338,-5.887616107566906
2021-07-06,20.721914786609,31.43603056409382,17.60339630370925,24.366107075106434,2.0962631586777394,167.59444444240648,epoch_meta_qts_hillsboro_2,-6.762710771397185,-10.714115777484821
2021-07-10,20.557573076044516,26.883850071463215,27.243026209254506,25.453357592788134,2.3532405333636013,154.93583936110895,epoch_meta_qts_hillsboro_2,1.789668616466372,-6.326276995418699
2021-07-11,17.706093135644874,27.36915473919812,20.88117194967588,21.762275621131746,2.7111468064384177,157.88683235357894,epoch_meta_qts_hillsboro_2,-0.8811036714558647,-9.663061603553246
2021-07-12,19.301060605800913,33.49321688677483,32.865233639335635,24.384062355154654,2.661809427101905,148.9507406681663,epoch_meta_qts_hillsboro_2,8.48117128418098,-14.192156280973919
2021-07-13,26.643037368126322,39.00904548004712,43.81161510572614,33.618921405862785,2.319456062751766,153.11844233459988,epoch_meta_qts_hillsboro_2,10.192693699863355,-12.366008111920799
2021-07-14,35.7523134977099,31.877382753663976,42.32455825316891,29.39054833683336,2.209231252520067,148.50511727044443,epoch_meta_qts_hillsboro_2,12.934009916335551,3.8749307440459226
2021-07-20,23.296146411218068,19.12416473826816,24.523247714372282,21.867953665910342,2.1652427924654494,144.72759061161014,epoch_meta_qts_hillsboro_2,2.65529404846194,4.171981672949908
2021-07-22,15.703884539338997,22.460891787111557,24.632554325138372,19.789880631038812,2.090109655724545,163.53367172904336,epoch_meta_qts_hillsboro_2,4.84267369409956,-6.75700724777256
2021-07-24,20.771640677486257,33.865253847967196,26.639996682268333,29.92523203769787,2.998932524472381,165.6505661507672,epoch_meta_qts_hillsboro_2,-3.2852353554295384,-13.093613170480939
2021-07-25,22.997656397621302,33.14846885349367,26.436576940794478,24.850061202031824,2.6622130194645255,152.70552523980155,epoch_meta_qts_hillsboro_2,1.5865157387626532,-10.150812455872366
2021-07-26,22.82183351885097,30.883912109759063,26.023619908157272,24.75430289685408,2.7613250427952174,160.29826716527805,epoch_meta_qts_hillsboro_2,1.2693170113031904,-8.062078590908094
2021-07-29,28.341770575247804,36.15483937231477,41.98793351219601,25.78810050811528,2.4589117388133657,171.43800982671678,epoch_meta_qts_hillsboro_2,16.199833004080727,-7.813068797066965
2021-07-30,16.08102166745754,34.0173188677955,25.326643964660082,18.53833633172602,2.4201035356941807,173.77587838867703,epoch_meta_qts_hillsboro_2,6.788307632934064,-17.93629720033796
2021-08-02,18.722385876553663,24.940476239259926,19.777430293035383,13.260361055075917,2.268476950832917,162.09564911364293,epoch_meta_qts_hillsboro_2,6.517069237959467,-6.218090362706263
2021-08-03,28.90902687129188,40.05523393086391,40.59048764560726,26.48460457039106,2.0319519416452274,141.40718523526488,epoch_meta_qts_hillsboro_2,14.105883075216202,-11.146207059572035
2021-08-04,23.50442966404899,46.26732686695325,32.38409009389497,21.755540072163956,2.202479040322319,171.68680789342147,epoch_meta_qts_hillsboro_2,10.628550021731012,-22.76289720290426
2021-08-05,16.48505405491613,20.08479541197356,14.99601497112283,15.268034461321475,2.5380207737422444,118.55169667366152,epoch_meta_qts_hillsboro_2,-0.2720194901986446,-3.599741357057429
2021-08-09,20.74428643558898,35.8733385768859,31.19672660315732,34.13347601948895,2.289383400878277,174.85703386174748,epoch_meta_qts_hillsboro_2,-2.936749416331633,-15.12905214129692
2021-08-10,29.510078395321653,33.2326606857232,29.93144577399389,26.375424862395246,2.528744818496352,169.89383469342908,epoch_meta_qts_hillsboro_2,3.556020911598644,-3.7225822904015438
2021-08-11,26.84020108656427,36.39967609476417,35.682138333984454,33.846957720005356,2.3411838123584894,177.02112787425438,epoch_meta_qts_hillsboro_2,1.835180613979098,-9.559475008199897
2021-08-28,38.59699647799587,27.624502228636253,20.484023032549228,28.84591194359866,2.5436521574604782,185.33926558801284,epoch_meta_qts_hillsboro_2,-8.361888911049434,10.97249424935962
2021-08-29,27.535517498581054,33.72016324736549,36.802830703763284,26.43108218149154,2.7665363814757793,158.3625491552565,epoch_meta_qts_hillsboro_2,10.371748522271744,-6.184645748784437
2021-09-01,33.75164069580016,41.38854004680775,39.88109071777141,35.14908621168888,2.7740225359814437,181.58751239261176,epoch_meta_qts_hillsboro_2,4.732004506082525,-7.636899351007585
2021-09-12,22.024701546342364,19.13157618854597,16.887849913812143,21.154383250135265,2.1802124625075203,146.72216282028694,epoch_meta_qts_hillsboro_2,-4.266533336323121,2.893125357796393
2021-09-15,6.160420760883167,15.282642100319363,11.650596596058683,14.104606719357653,2.7985103459378258,146.2768015443158,epoch_meta_qts_hillsboro_2,-2.4540101232989695,-9.122221339436194
2021-09-24,44.20500596167146,54.46218229197002,53.8931030512472,48.66749640582308,2.5495238322627563,241.0369277633883,epoch_meta_qts_hillsboro_2,5.225606645424122,-10.257176330298556
2021-09-26,44.03233342166217,42.972746458643265,35.25937370259609,33.42891411947416,2.6793284585121584,0.510502717844247,epoch_meta_qts_hillsboro_2,1.830459583121936,1.0595869630189085
2021-10-01,21.708234911566983,29.58950472223693,35.39434502838361,23.329062278689616,2.534387497406797,184.0468212945187,epoch_meta_qts_hillsboro_2,12.065282749693996,-7.881269810669949
2021-10-10,0.14943429569079425,8.17060411101055,12.332340655749354,14.163938041329244,2.241108227604147,95.2505320575965,epoch_meta_qts_hillsboro_2,-1.8315973855798902,-8.021169815319755
2021-10-24,9.738006560545275,7.232748737359758,4.2363104117463894,10.334120984914701,4.915833369118456,355.9147823579446,epoch_meta_qts_hillsboro_2,-6.097810573168312,2.5052578231855165
2021-10-29,19.34453151153857,20.875617611969705,29.711367945357292,16.736676213045843,2.539148243134934,157.39250386931042,epoch_meta_qts_hillsboro_2,12.974691732311449,-1.5310861004311356
2021-10-30,22.77409806906997,24.0499220279413,34.77027957746538,24.351063757403477,3.779623116791424,255.6807824967803,epoch_meta_qts_hillsboro_2,10.419215820061904,-1.275823958871328
2021-10-31,21.29886221298035,29.40856334750998,33.421039353857935,33.324391427210294,2.779919771805026,280.05203735550845,epoch_meta_qts_hillsboro_2,0.09664792664764121,-8.10970113452963
2021-11-05,20.544364869430687,9.215347580642673,18.347751775645005,8.51006651059565,2.158615508745038,29.184432561029837,epoch_meta_qts_hillsboro_2,9.837685265049355,11.329017288788014
2021-11-06,17.93325822056744,11.972045723221425,15.589521031006434,19.073153859527554,3.4260028105374087,17.997448206447473,epoch_meta_qts_hillsboro_2,-3.48363282852112,5.961212497346013
2021-11-08,25.720631648747997,33.76612913368005,47.65657316189458,35.47486282344457,2.3000653740896424,283.00625495890915,epoch_meta_qts_hillsboro_2,12.18171033845001,-8.045497484932056
2021-11-09,11.992073241445855,5.74257508202522,13.683940826501622,11.456616217194345,3.509604454428078,37.73368118852733,epoch_meta_qts_hillsboro_2,2.227324609307278,6.249498159420635
2021-11-15,48.33872459858125,29.967809563307515,36.69590221560419,35.76062060158784,5.1468025969162685,14.695474187764205,epoch_meta_qts_hillsboro_2,0.935281614016354,18.370915035273736
2021-11-17,20.987739421473343,24.870278987147454,17.624224055796926,26.986197028901568,3.588815090310588,253.68054493338894,epoch_meta_qts_hillsboro_2,-9.361972973104642,-3.8825395656741115
2021-11-23,15.477722620170926,7.615980295402571,12.703489268414883,12.739668364431278,2.003699975360698,84.21190936568729,epoch_meta_qts_hillsboro_2,-0.03617909601639546,7.861742324768355
2021-12-08,10.375112986833726,12.760951674887341,11.6520939848616,3.884404901679004,2.446801900707751,114.61054842164799,epoch_meta_qts_hillsboro_2,7.767689083182596,-2.3858386880536155
2021-12-11,-7.814199518982978,-6.615050262164805,-9.693864804594982,-6.481686956160258,4.296056670965986,30.678108977694478,epoch_meta_qts_hillsboro_2,-3.212177848434724,-1.1991492568181732
2021-12-14,29.17369498308744,9.722837948414533,11.901223712173103,15.668763235883969,2.3460598055885487,7.5978939407639245,epoch_meta_qts_hillsboro_2,-3.767539523710866,19.450857034672907
2022-01-07,-6.661626319657689,-14.95059482502706,-5.551666530648169,-11.476537800841701,3.376624225715681,78.0396431787205,epoch_meta_qts_hillsboro_2,5.924871270193532,8.288968505369372
2022-02-11,49.086827613345214,59.304021843771075,42.51605301866492,45.399281015186695,2.0671606028325957,205.78860754169742,epoch_meta_qts_hillsboro_2,-2.883227996521775,-10.21719423042586
2022-02-12,54.01857392860074,36.329807830929745,52.249714293819856,59.01227173261726,2.2218241564409666,239.08707283927282,epoch_meta_qts_hillsboro_2,-6.762557438797401,17.688766097670992
2022-02-14,11.344525661705179,18.920856537834013,2.795437770880175,14.060423420958013,2.0061064053855056,95.49735080637566,epoch_meta_qts_hillsboro_2,-11.264985650077838,-7.576330876128834
2022-02-22,32.157247909506204,33.03793696384848,33.19939021097232,23.12671618410949,3.3048284553912857,263.0373392889537,epoch_meta_qts_hillsboro_2,10.072674026862828,-0.8806890543422767
2022-02-23,34.3206582331771,86.70073047955248,78.44120474804734,67.07261561815041,2.0603808216473385,234.39141550253538,epoch_meta_qts_hillsboro_2,11.368589129896932,-52.38007224637538
2022-03-03,2.146034475117667,13.280790724887234,12.821046634378526,-0.023175478536488194,2.348486887592914,128.9877974953382,epoch_meta_qts_hillsboro_2,12.844222112915014,-11.134756249769566
2022-03-05,40.07830882655508,69.162422186669,70.99726106541134,40.54811579262041,2.45184171206575,169.67612936106332,epoch_meta_qts_hillsboro_2,30.44914527279093,-29.084113360113925
2022-03-09,33.941039012771384,62.20846629022018,62.541768634053994,65.95189108948811,2.1665436051858076,241.5615805493946,epoch_meta_qts_hillsboro_2,-3.41012245543412,-28.267427277448796
2022-03-12,86.25064141845766,39.829296249033256,62.471604889261314,34.6836933024148,3.015326059004526,5.061979737568322,epoch_meta_qts_hillsboro_2,27.787911586846512,46.421345169424406
2022-03-15,-0.9032908133290057,11.605546015483464,10.801380511687674,-5.759254830579493,2.626907257883712,45.641413684193026,epoch_meta_qts_hillsboro_2,16.560635342267165,-12.50883682881247
2022-04-06,43.46884551170407,68.31761948782032,73.8053823972494,74.84453415369954,2.1081660748199957,262.870379980526,epoch_meta_qts_hillsboro_2,-1.0391517564501385,-24.848773976116256
2022-04-09,-0.21051945816409418,7.8128024269538585,20.32720288262948,11.064115669745275,2.2502076324560814,103.5879447829617,epoch_meta_qts_hillsboro_2,9.263087212884203,-8.023321885117953
2022-04-13,9.46122512421144,18.808969512190174,10.984004443533923,20.005470936309173,2.3739504713319413,1.4191047747883658,epoch_meta_qts_hillsboro_2,-9.02146649277525,-9.347744387978734
2022-04-30,26.648176477909715,18.17269792379382,18.172697833889153,21.84871672664247,2.3871569349527886,29.639560921834573,epoch_meta_qts_hillsboro_2,-3.6760188927533157,8.475478554115895
2022-05-07,20.673404463660717,30.85737082949067,33.98391313160574,12.311290590960672,3.010473606976618,81.58234604360399,epoch_meta_qts_hillsboro_2,21.672622540645065,-10.183966365829953
2022-05-11,66.70630121370628,28.151900198579586,51.91440022174306,37.035577483137686,2.627145365297767,15.646433217271351,epoch_meta_qts_hillsboro_2,14.878822738605372,38.5544010151267
2022-05-21,19.141505045530835,37.43429690419772,32.40873732099555,26.280194745111096,2.2187699754019983,182.74468766710902,epoch_meta_qts_hillsboro_2,6.1285425758844525,-18.292791858666888
2022-06-05,13.2432129084559,13.867512236293246,29.54320985414083,8.927792246716496,2.6579161951005257,55.91956341417654,epoch_meta_qts_hillsboro_2,20.615417607424334,-0.6242993278373454
2022-06-21,27.978728518526335,39.513553327149516,28.598114722186114,25.01876221632411,2.272680804376756,172.36219237697924,epoch_meta_qts_hillsboro_2,3.579352505862005,-11.534824808623181
2022-06-22,31.593702160755598,39.08231464749849,46.73161827606455,36.31745229030426,2.62292348329322,148.90076621790513,epoch_meta_qts_hillsboro_2,10.414165985760292,-7.488612486742895
2022-06-23,12.024088051730866,17.59140929395522,26.526400699316685,16.74929217798565,2.0708055810135146,155.0223589699424,epoch_meta_qts_hillsboro_2,9.777108521331034,-5.567321242224354
2022-06-24,22.299211110265762,29.700456991149466,28.485306151634095,24.08831199110654,2.248721632924266,201.72891651503804,epoch_meta_qts_hillsboro_2,4.396994160527555,-7.401245880883703
2022-06-25,28.50272499452495,25.202173890719056,24.62765692861303,29.693835447312132,3.7994644912688234,251.26094363105165,epoch_meta_qts_hillsboro_2,-5.066178518699104,3.300551103805894
2022-06-26,38.50007110564188,43.495626243482484,40.739352229658095,40.34535668058859,2.4221897741812217,239.80572239374732,epoch_meta_qts_hillsboro_2,0.3939955490695084,-4.995555137840604
2022-07-11,23.144216364303364,33.701066699340444,22.59974611106826,24.2734609374746,2.3939743345433877,197.22845218514408,epoch_meta_qts_hillsboro_2,-1.6737148264063393,-10.55685033503708
2022-07-12,29.03583617425196,44.264479520657204,34.86853743264796,28.998086532185805,3.1381513532215055,149.69003001300416,epoch_meta_qts_hillsboro_2,5.870450900462156,-15.228643346405246
2022-07-13,26.90288310761133,31.811070664229938,29.662678930389326,26.87951919638335,2.11824042566646,153.69267398308466,epoch_meta_qts_hillsboro_2,2.7831597340059773,-4.908187556618607
2022-07-18,18.22032875639444,32.44818252940708,25.40873978969308,26.484671002488227,2.300333101459666,180.8566273921271,epoch_meta_qts_hillsboro_2,-1.0759312127951475,-14.227853773012637
2022-07-24,22.609185756353877,22.930832633504423,28.244386492936428,29.148654411448135,2.5417735594088855,171.97989942181493,epoch_meta_qts_hillsboro_2,-0.9042679185117066,-0.3216468771505454
2022-07-30,23.920898123070405,42.897842849122185,24.341178378559537,30.541790406648172,2.36019104586427,170.0586577518493,epoch_meta_qts_hillsboro_2,-6.200612028088635,-18.97694472605178
2022-08-05,23.941831398822863,30.730110615402673,25.96300458090088,23.868120430474413,2.793090236050655,174.65370898475203,epoch_meta_qts_hillsboro_2,2.0948841504264664,-6.788279216579809
2022-08-16,27.065542426928772,31.22029171254592,36.953900740379694,32.736538240440176,2.107763227920112,172.1449368617084,epoch_meta_qts_hillsboro_2,4.217362499939519,-4.154749285617147
2022-08-17,31.03302756518727,45.92457138030452,41.80922040513963,23.12953121494815,2.244840723410539,181.82470990167357,epoch_meta_qts_hillsboro_2,18.67968919019148,-14.891543815117252
2022-08-23,26.723575044843297,37.444199704376764,38.9430674699972,34.934431001108955,2.2101810226049943,157.76961474427685,epoch_meta_qts_hillsboro_2,4.008636468888248,-10.720624659533467
2022-08-26,19.519875162840513,13.813409423770507,32.086454542030815,16.819569219304654,2.0552689510399533,131.7934410537825,epoch_meta_qts_hillsboro_2,15.26688532272616,5.706465739070007
2022-08-27,21.510639190518514,22.006265620966165,23.448591428186724,14.301403239430064,2.269615494914937,134.27502392623285,epoch_meta_qts_hillsboro_2,9.14718818875666,-0.49562643044765053
2022-09-05,17.193170507069258,31.904320309540825,25.173677471178536,28.22537268338955,2.8329667640699308,179.03541336388685,epoch_meta_qts_hillsboro_2,-3.0516952122110155,-14.711149802471567
2022-09-07,6.288966083226118,17.219764745776104,24.939291435980117,14.994464293301048,3.183688342308702,155.46594531565665,epoch_meta_qts_hillsboro_2,9.944827142679069,-10.930798662549986
2022-09-08,28.28293944488532,40.664622606374444,41.043369297467315,42.55740644503398,2.166958449411029,175.4800777574709,epoch_meta_qts_hillsboro_2,-1.5140371475666683,-12.381683161489125
2022-09-09,28.899516072330524,35.837444192311885,36.7347778774819,41.01056677341375,4.555905750964728,245.3378715815377,epoch_meta_qts_hillsboro_2,-4.275788895931846,-6.937928119981361
2022-09-18,20.661843652109926,39.728064050534975,38.317733068788435,36.03961241865103,2.4680766832438614,243.50100831067277,epoch_meta_qts_hillsboro_2,2.278120650137403,-19.06622039842505
2022-10-01,28.062201942787866,32.87726378758241,30.96355327012738,39.50205156830422,3.4334545083607027,249.8488076726926,epoch_meta_qts_hillsboro_2,-8.538498298176837,-4.815061844794542
2022-10-15,39.60958259727407,51.4226730900044,54.554977162766974,35.84237621619422,3.178537856290425,256.7364150145661,epoch_meta_qts_hillsboro_2,18.712600946572756,-11.813090492730332
2022-10-16,48.25778195705857,52.317169838892035,50.561169465449545,48.16490726512194,2.2049639187511905,293.2585147654961,epoch_meta_qts_hillsboro_2,2.3962622003276053,-4.059387881833466
2022-10-19,66.25700721962775,83.3586586939503,81.25525884178818,75.5913671895753,2.040030124858987,170.51205017198458,epoch_meta_qts_hillsboro_2,5.663891652212882,-17.10165147432255
2022-10-22,12.760166423437866,22.210638665476754,17.016598193573,19.60314543856665,2.1833915922490514,117.5381715834834,epoch_meta_qts_hillsboro_2,-2.5865472449936497,-9.450472242038888
2022-10-27,51.566002624345856,50.533267898238094,41.02742376608551,44.8330715172725,2.425877457578154,348.69263845550057,epoch_meta_qts_hillsboro_2,-3.8056477511869886,1.032734726107762
2022-11-05,2.7037889979908725,26.0315111924863,10.256587421911732,23.443990430165606,2.768941673806135,85.46007748266749,epoch_meta_qts_hillsboro_2,-13.187403008253874,-23.327722194495426
2022-11-08,39.28580975779657,41.409901988645444,34.777444365707645,34.63757990996784,3.0893303677199007,243.05721070526442,epoch_meta_qts_hillsboro_2,0.13986445573980433,-2.1240922308488734
2022-11-11,26.52952789551322,28.935326595006998,8.289716221532371,24.577353460930823,2.3559902546243303,265.16171654671757,epoch_meta_qts_hillsboro_2,-16.28763723939845,-2.4057986994937792
2022-11-14,47.95040825737521,38.01870911056485,43.669916291479254,41.684221709497976,2.790860906989109,235.93114870838957,epoch_meta_qts_hillsboro_2,1.985694581981278,9.93169914681036
2022-11-15,42.02015915881958,34.84029558026243,44.98425363801102,36.388811218491256,2.4143085462703375,250.38465961822442,epoch_meta_qts_hillsboro_2,8.595442419519763,7.179863578557153
2022-11-17,5.411420958504187,3.868612294176153,9.697873819872777,3.765842242821432,3.7833841404756847,268.9100456825139,epoch_meta_qts_hillsboro_2,5.932031577051346,1.5428086643280339
2022-11-18,21.905091134116176,40.310134528583305,34.499182881014335,34.78015984295503,3.085919537239217,257.5046408256903,epoch_meta_qts_hillsboro_2,-0.280976961940695,-18.40504339446713
2022-12-03,8.618472774866067,-2.7139572494869637,2.019586250054421,9.328691829821155,2.6387127824965764,248.25401300619444,epoch_meta_qts_hillsboro_2,-7.309105579766734,11.33243002435303
2023-01-29,7.69929714945665,21.014922680881067,11.425285290832887,5.99447914180847,2.839716422984954,241.43131056361915,epoch_meta_qts_hillsboro_2,5.430806149024417,-13.315625531424416
2023-03-16,34.148709358480026,41.083902573173845,43.00645847253865,33.56809006715589,2.787775263358286,259.5232491317204,epoch_meta_qts_hillsboro_2,9.438368405382754,-6.935193214693818
2023-03-21,30.369499101412895,45.7183190714237,37.16712979331087,32.841756346852954,2.890339659770915,206.84073715221155,epoch_meta_qts_hillsboro_2,4.325373446457917,-15.348819970010805
2023-04-01,13.846608757582704,6.860555717960617,22.86538621806613,15.62539888818903,2.5465987368684786,46.22511571093145,epoch_meta_qts_hillsboro_2,7.239987329877101,6.986053039622087
2023-04-17,44.50743304650889,17.836548609886247,35.642737114300616,5.071442111782492,4.724145677177531,357.31931095451444,epoch_meta_qts_hillsboro_2,30.571295002518124,26.670884436622647
2023-04-28,38.848348761345584,41.543315511837,41.83547001047742,44.99299296941085,2.1321306252267327,260.1080661720274,epoch_meta_qts_hillsboro_2,-3.157522958933427,-2.6949667504914174
2023-05-13,24.461960191464904,33.17943222452834,27.02952714341754,37.30683754762446,2.715138881375785,234.02989312656015,epoch_meta_qts_hillsboro_2,-10.277310404206922,-8.717472033063437
2023-05-14,24.008290167917437,17.679989369286933,26.61278580543185,21.607171823975346,4.110129722335597,262.21052962135866,epoch_meta_qts_hillsboro_2,5.005613981456506,6.328300798630504
2023-05-19,25.095972924676992,36.86178344483007,32.05500653436105,29.93348667357777,2.249053382183937,162.93548918552494,epoch_meta_qts_hillsboro_2,2.121519860783277,-11.765810520153074
2023-05-20,28.977848666987835,27.88471618326892,24.265718348421018,19.65958704208212,2.029796853839322,148.90564643656523,epoch_meta_qts_hillsboro_2,4.606131306338899,1.0931324837189145
2023-05-24,27.82956228021657,50.942032217305645,39.28568198398779,40.07597879722219,2.2294164531342346,177.8585620936891,epoch_meta_qts_hillsboro_2,-0.7902968132343986,-23.112469937089074
2023-05-25,26.691199286933504,22.85483735921603,29.098239359952064,26.75809392786799,2.539260376500629,185.914880032983,epoch_meta_qts_hillsboro_2,2.340145432084075,3.8363619277174728
2023-05-28,31.312718384112323,31.87032311807144,23.147886184662234,25.911674282430095,2.0318024522072538,156.25598003432833,epoch_meta_qts_hillsboro_2,-2.7637880977678613,-0.557604733959117
2023-06-04,19.793233388689128,18.159223747168415,16.845907938271193,18.685429882887487,3.91678664720269,171.61616153976001,epoch_meta_qts_hillsboro_2,-1.839521944616294,1.6340096415207128
2023-06-05,37.84554177305249,49.49315378602987,37.33826307751379,43.176952469352344,4.272939066189091,170.33545271299204,epoch_meta_qts_hillsboro_2,-5.838689391838557,-11.647612012977383
2023-06-11,32.18658886892219,39.06260317856737,37.16245449912944,33.679776460380324,2.6617928367240675,168.51688962242088,epoch_meta_qts_hillsboro_2,3.482678038749114,-6.8760143096451785
2023-06-13,33.62649890200203,26.768381311510172,19.281716345186094,36.19776103795088,2.60190559797963,117.96876874582244,epoch_meta_qts_hillsboro_2,-16.91604469276479,6.8581175904918545
2023-06-14,21.005014760284052,12.482257329128743,25.235925523920223,17.07890703758436,2.816464370470175,116.56345474193898,epoch_meta_qts_hillsboro_2,8.157018486335861,8.52275743115531
2023-06-22,24.968030671237297,29.618580268290614,36.9155238693341,30.62923354584278,2.2235685216894514,205.341014857598,epoch_meta_qts_hillsboro_2,6.286290323491322,-4.650549597053317
2023-06-30,24.4684166671324,28.283067323289693,25.371099444386424,24.653560928346966,2.2389355514930736,157.02113323952858,epoch_meta_qts_hillsboro_2,0.7175385160394576,-3.814650656157294
2023-07-01,18.83082683494457,11.64613255565864,14.244934388211599,15.195887566724515,2.535824696995938,156.41265128853934,epoch_meta_qts_hillsboro_2,-0.9509531785129166,7.18469427928593
2023-07-02,24.943749686537323,37.77980131337932,28.007106288891563,18.436019222917288,3.0570359556536073,172.05638656929625,epoch_meta_qts_hillsboro_2,9.571087065974275,-12.836051626842
2023-07-03,26.004497269962087,39.202822478285874,32.20008393065355,27.449677456281524,2.761948580400096,174.62234171816954,epoch_meta_qts_hillsboro_2,4.750406474372024,-13.198325208323787
2023-07-15,26.593371934269726,36.61910727745904,22.77205130471012,32.633181010131956,2.401067477906911,169.02986154129758,epoch_meta_qts_hillsboro_2,-9.861129705421835,-10.02573534318931
2023-07-18,20.13617475241051,38.234132485531255,35.654942101456804,32.55084326721358,2.8325230939270254,178.59950594716884,epoch_meta_qts_hillsboro_2,3.1040988342432243,-18.097957733120744
2023-07-26,5.566184132546559,19.771442844074468,22.376040717630378,14.087221935509335,2.084686306434053,172.85908107836542,epoch_meta_qts_hillsboro_2,8.288818782121043,-14.205258711527907
2023-08-12,10.63992878590993,8.713010421877184,18.879923282549896,13.031395075362468,2.758145199282842,166.2991331753883,epoch_meta_qts_hillsboro_2,5.848528207187428,1.9269183640327459
2023-08-13,18.882856425467416,19.370150114993596,16.060776930864744,22.842649436731225,2.366328603982948,219.4211242931119,epoch_meta_qts_hillsboro_2,-6.781872505866481,-0.48729368952617946
2023-08-14,24.851208077270467,32.19107980989739,27.48450730715914,31.347357232441453,2.2636013722785537,214.9801706598456,epoch_meta_qts_hillsboro_2,-3.862849925282312,-7.339871732626921
2023-08-18,10.940498312616448,23.13751589181585,23.584722457916467,11.955267915315904,2.2649002474442925,139.09633190179835,epoch_meta_qts_hillsboro_2,11.629454542600563,-12.1970175791994
2023-08-19,25.72454678200641,39.310757464373225,31.854840073624466,37.73163428703571,2.310122662280521,176.9831224394652,epoch_meta_qts_hillsboro_2,-5.8767942134112445,-13.586210682366815
2023-08-21,13.319792111150203,31.417946378137938,32.009792950968105,11.277424483445605,2.009298772251495,150.33064784192197,epoch_meta_qts_hillsboro_2,20.732368467522498,-18.098154266987734
2023-08-24,23.46186689646893,29.74852077247659,21.107230685811373,25.691966148660654,2.237418552104689,230.65139844078473,epoch_meta_qts_hillsboro_2,-4.584735462849281,-6.286653876007659
2023-09-01,22.253654382833055,34.703142352590234,41.11958543449926,21.051763465947968,2.7305974211299393,209.8157931307159,epoch_meta_qts_hillsboro_2,20.06782196855129,-12.449487969757179
2023-09-18,12.769225351165675,15.831799607039502,18.712384275415424,5.729029512786567,2.421237030910327,148.58344323752146,epoch_meta_qts_hillsboro_2,12.983354762628856,-3.0625742558738267
2023-09-30,22.034953278103924,40.49849273459145,31.002861482185384,21.640044232531423,2.7197302383759268,168.84026336740033,epoch_meta_qts_hillsboro_2,9.362817249653961,-18.463539456487528
2023-10-01,24.008118884772784,50.449804093439425,36.87795940025739,32.112934215679246,2.1183948696263544,167.75078769375966,epoch_meta_qts_hillsboro_2,4.765025184578143,-26.44168520866664
2023-10-03,34.328481199445484,44.51972305602364,34.821064792170795,17.180387135724235,2.1260427714419508,144.19443341007502,epoch_meta_qts_hillsboro_2,17.64067765644656,-10.19124185657816
2023-10-04,34.73005197054836,31.233552161450024,38.10083485766169,22.918156724466943,2.1679340141349965,163.17661065941581,epoch_meta_qts_hillsboro_2,15.182678133194745,3.496499809098335
2023-10-05,37.732906097020795,40.61809869929856,39.91306680532335,42.76015607357738,2.4992095508478616,180.96431412952518,epoch_meta_qts_hillsboro_2,-2.847089268254024,-2.885192602277762
2023-10-06,38.45638718940934,41.0609580094467,43.47303366701399,34.77297337544575,3.073462819414187,255.3913078160291,epoch_meta_qts_hillsboro_2,8.700060291568242,-2.6045708200373596
2023-10-12,62.075331114413125,95.70684893650495,73.21480997614292,96.88545962467991,2.422842385577574,282.3702951588119,epoch_meta_qts_hillsboro_2,-23.670649648536994,-33.63151782209183
2023-10-28,45.99827059638389,51.3904108686203,63.94951043206236,53.06981473493313,2.5618933626729556,225.7180223743777,epoch_meta_qts_hillsboro_2,10.879695697129229,-5.392140272236411
2023-10-29,34.93706725691048,41.97902924897222,51.030998764353626,40.49253699247709,2.3536320634041217,252.5754098783737,epoch_meta_qts_hillsboro_2,10.538461771876534,-7.0419619920617365
2023-11-02,29.22724743144148,33.72073580227386,26.018141078844792,29.600107016208636,2.5738972097513284,38.912348532605904,epoch_meta_qts_hillsboro_2,-3.5819659373638437,-4.493488370832377
2023-11-19,16.077478289529324,17.51005709122855,26.401393658453397,16.6691926327169,2.1293411445688064,67.30605698145462,epoch_meta_qts_hillsboro_2,9.732201025736497,-1.4325788016992256
2023-12-01,-18.15820228606518,-11.71040604322601,-10.544731334172765,-12.593505491894375,2.7226035267014153,67.24171655755288,epoch_meta_qts_hillsboro_2,2.04877415772161,-6.4477962428391695
2023-12-11,46.79614121298526,27.10374124752484,47.19740936359008,42.20279979021406,2.025129168444105,165.14662114775297,epoch_meta_qts_hillsboro_2,4.9946095733760245,19.69239996546042
2023-12-12,38.95510344940043,44.9218229998879,39.13489415563507,34.43050647222449,2.093487464918508,262.40291433783545,epoch_meta_qts_hillsboro_2,4.70438768341058,-5.966719550487468
2024-01-10,-13.212574107238222,-9.848761217512024,1.7422501113617557,-10.977296399021045,2.582814101952146,52.24563607532514,epoch_meta_qts_hillsboro_2,12.7195465103828,-3.363812889726198
2024-01-23,6.300641956637042,6.931214114841933,18.948555098034294,20.319398460167783,2.0793758813130605,13.62588782088028,epoch_meta_qts_hillsboro_2,-1.3708433621334883,-0.6305721582048909
2024-02-01,10.106298994267489,6.805611303423551,3.9988514314990216,4.496461811730977,2.771926972008532,349.1007587113277,epoch_meta_qts_hillsboro_2,-0.49761038023195514,3.3006876908439375
2024-02-04,28.811216041360186,36.36270270713227,40.492472923891754,28.687352751537905,2.0027610912674576,200.95144863839673,epoch_meta_qts_hillsboro_2,11.805120172353849,-7.551486665772085
2024-03-09,7.799170796657595,5.031479393452352,11.166901101808595,22.86112273070509,4.860390933676968,8.699145321615845,epoch_meta_qts_hillsboro_2,-11.694221628896496,2.7676914032052435
2024-03-12,25.735783364295948,17.793256575276562,14.582515954360085,18.61916785467627,2.3629442464573622,60.48349851304545,epoch_meta_qts_hillsboro_2,-4.036651900316185,7.942526789019386
2024-03-15,26.080043847603324,45.54222422357746,37.18160531792113,45.14067211793086,2.725983298516921,243.54684977274985,epoch_meta_qts_hillsboro_2,-7.9590668000097295,-19.46218037597414
2024-03-16,60.1798143562728,37.59219449595586,49.69939340295163,47.80078056584037,2.221702500071622,290.23755962838925,epoch_meta_qts_hillsboro_2,1.8986128371112585,22.58761986031694
2024-03-29,22.90367137797416,42.18479762801999,38.113523543420264,34.42907836205511,2.087011037091597,229.9618392217639,epoch_meta_qts_hillsboro_2,3.684445181365156,-19.281126250045833
2024-03-30,30.556038638404804,28.899394224352207,35.695264087429955,38.34369756836885,2.159625809769768,192.95718907153548,epoch_meta_qts_hillsboro_2,-2.6484334809388983,1.6566444140525967
2024-04-09,11.504251265300931,-8.533965138841994,24.774472163462836,10.37145541308731,2.0915527490119947,102.86713193596097,epoch_meta_qts_hillsboro_2,14.403016750375526,20.038216404142926
2024-04-12,37.09215660507543,41.76080164066246,46.93015982860987,47.32717002153976,2.6447448963872073,192.82792921556884,epoch_meta_qts_hillsboro_2,-0.3970101929298906,-4.668645035587026
2024-04-14,17.067877479055248,18.714269382586078,23.78789552549741,6.447000173571326,2.1217559124791325,129.83210800301538,epoch_meta_qts_hillsboro_2,17.340895351926086,-1.64639190353083
2024-04-16,-0.2781913905409031,15.156274242701668,23.892677379629035,37.62050234982871,2.3787955728554517,141.37968129042508,epoch_meta_qts_hillsboro_2,-13.727824970199677,-15.43446563324257
2024-04-17,20.57968754717678,32.079086724518234,28.875157467837887,30.45566014223724,2.2822606426613414,199.09734168071816,epoch_meta_qts_hillsboro_2,-1.5805026743993515,-11.499399177341456
2024-04-18,34.6437254056578,41.95624563619394,36.067762659444966,31.645707784109845,3.053286703834979,239.80377365867614,epoch_meta_qts_hillsboro_2,4.422054875335121,-7.312520230536144
2024-04-19,23.896107665642273,28.371690741977652,26.20586605921696,28.79524618284965,4.047506158194946,260.2742614706142,epoch_meta_qts_hillsboro_2,-2.58938012363269,-4.475583076335379
2024-04-22,31.69727872225185,31.204920695043022,23.473824438792274,23.231066216440755,2.3027302614669525,195.56682985846382,epoch_meta_qts_hillsboro_2,0.24275822235151878,0.4923580272088266
2024-05-06,11.718945626353477,3.254310291949601,9.510986233912227,9.164200878376692,2.4498984897358698,52.904246770261466,epoch_meta_qts_hillsboro_2,0.3467853555355358,8.464635334403876
2024-05-08,35.31834521799081,48.99362577945475,35.14139085522068,54.065888118360405,2.592705936039946,179.9118217847349,epoch_meta_qts_hillsboro_2,-18.924497263139727,-13.675280561463943
2024-05-09,21.700112947863463,30.67095257559531,24.807437562365436,27.727634115477127,3.014584655390471,219.69475703175502,epoch_meta_qts_hillsboro_2,-2.9201965531116905,-8.970839627731849
2024-05-14,15.007527424670643,23.33338487504735,14.533809563667011,21.188145910684685,3.0579468587707934,173.43124018154617,epoch_meta_qts_hillsboro_2,-6.654336347017674,-8.325857450376708
2024-05-15,20.50687065176693,11.736154365070853,21.088684136094233,21.964928100188214,2.193807763477307,154.3345512395158,epoch_meta_qts_hillsboro_2,-0.8762439640939803,8.770716286696079
2024-05-16,13.964096218927791,33.18498196415262,42.25270942718887,15.77266834191329,2.2078854424244687,134.15117986508903,epoch_meta_qts_hillsboro_2,26.48004108527558,-19.220885745224827
2024-05-17,10.499747435365407,8.647373066156089,19.088689861825475,2.2260065196740495,2.8041338323987626,131.18607181323785,epoch_meta_qts_hillsboro_2,16.862683342151428,1.8523743692093184
2024-05-18,14.37052851935149,30.28794556584977,30.287945617458043,16.207404717239797,2.286059947550609,123.7697045541729,epoch_meta_qts_hillsboro_2,14.080540900218246,-15.917417046498281
2024-05-30,18.872568155464197,34.497912263399016,30.949292201243505,19.778159673359358,2.757795568561043,163.74351665855204,epoch_meta_qts_hillsboro_2,11.171132527884147,-15.625344107934819
2024-06-06,21.304679829556516,36.20329580830843,28.123037889778857,10.139002227285852,2.3096441079325514,164.8114620533703,epoch_meta_qts_hillsboro_2,17.984035662493007,-14.898615978751916
2024-06-07,24.61029023409529,30.43372296655814,31.737250643268542,23.217410416465498,2.428381779275228,182.07542484410817,epoch_meta_qts_hillsboro_2,8.519840226803044,-5.823432732462848
2024-06-09,24.6881395652527,31.52420428567539,29.433765553572186,30.016604318342708,2.425036912987422,136.68796316170005,epoch_meta_qts_hillsboro_2,-0.5828387647705213,-6.836064720422687
2024-06-11,14.34574741082666,10.61934643190018,22.59445667042919,20.98016094385442,2.580978714594713,82.25750218525621,epoch_meta_qts_hillsboro_2,1.6142957265747704,3.7264009789264794
2024-06-12,14.174306871308094,19.100704577957604,21.099797523144954,11.299697864515894,2.439471323532277,166.86300567405624,epoch_meta_qts_hillsboro_2,9.80009965862906,-4.92639770664951
2024-06-13,29.6394970122489,30.890524501552242,34.28804984981027,19.260449640139708,2.2994569457012535,156.66029641125021,epoch_meta_qts_hillsboro_2,15.027600209670563,-1.2510274893033433
2024-06-15,12.374884920268945,19.40858931860034,20.879691783717373,9.946886639344362,2.8397462871187837,55.91638094108089,epoch_meta_qts_hillsboro_2,10.932805144373011,-7.0337043983313965
2024-06-24,21.030017282580342,30.228454151106646,27.311459036286823,22.361443881008753,2.158248910590878,167.4584505223561,epoch_meta_qts_hillsboro_2,4.95001515527807,-9.198436868526304
2024-07-02,28.371269101779244,29.6440634364576,22.902267204720367,18.43883583454461,2.588929069298658,151.10813173600013,epoch_meta_qts_hillsboro_2,4.463431370175758,-1.2727943346783555
2024-07-04,34.35190261186229,33.261024079645296,27.81304455144057,24.050528751757298,2.770023449267618,185.87269017599175,epoch_meta_qts_hillsboro_2,3.762515799683271,1.0908785322169976
2024-07-05,29.772970143407516,29.652045956469518,23.919039666237136,23.274144939305554,2.534631820030216,186.0214397492849,epoch_meta_qts_hillsboro_2,0.6448947269315823,0.120924186937998
2024-07-08,25.04241552096207,40.34479908463928,34.315252881525936,31.242539559443635,2.0263598629642106,175.18652490868135,epoch_meta_qts_hillsboro_2,3.0727133220823006,-15.302383563677207
2024-07-09,20.045084294643168,36.21308671515598,33.76403210908093,32.722467011950656,2.817549049046505,179.86409177690996,epoch_meta_qts_hillsboro_2,1.041565097130274,-16.168002420512813
2024-07-10,26.641924587002027,30.307217687071322,42.98970507017914,21.866941236175062,2.298884762198048,141.0622324976888,epoch_meta_qts_hillsboro_2,21.12276383400408,-3.665293100069295
2024-07-11,25.751226727856178,39.384789438465205,31.388467550876907,31.41687018280929,2.746884535355921,151.69250856647454,epoch_meta_qts_hillsboro_2,-0.02840263193238357,-13.633562710609027
2024-07-12,31.151007956815857,37.4031488030863,31.44142243440545,26.552748568289925,2.521143478576142,162.77243025347843,epoch_meta_qts_hillsboro_2,4.888673866115525,-6.252140846270446
2024-07-14,23.412364908829993,26.189206652986314,25.396296388019703,28.656048139938598,2.0097939365579385,137.66209684816403,epoch_meta_qts_hillsboro_2,-3.2597517519188948,-2.7768417441563216
2024-07-20,22.33731275356259,25.227204662549752,21.73670948476516,31.715128805000884,2.2026907730118763,174.55636589892435,epoch_meta_qts_hillsboro_2,-9.978419320235723,-2.8898919089871633
2024-07-22,29.796419531960762,17.191648144181535,21.635470212286325,28.248019066426945,2.6185379955168293,141.07009256837796,epoch_meta_qts_hillsboro_2,-6.61254885414062,12.604771387779227
2024-07-23,16.62689893693083,28.86666363697001,26.95440689968242,21.148400642488983,2.4145275675369606,170.81883702356288,epoch_meta_qts_hillsboro_2,5.806006257193438,-12.239764700039181
2024-07-26,23.45892435206557,31.823940483478783,35.9750397184295,31.776645888084804,2.2334355354200435,170.80252930827965,epoch_meta_qts_hillsboro_2,4.1983938303446955,-8.365016131413213
2024-08-07,23.77885678743487,27.053475266274912,27.42984401448551,24.89805571652893,2.6472307416205947,175.69750875755528,epoch_meta_qts_hillsboro_2,2.531788297956581,-3.2746184788400434
2024-08-19,27.62731662038296,18.247168981066928,25.12668596329706,23.76804103774088,2.3399366775770494,8.587432661124865,epoch_meta_qts_hillsboro_2,1.358644925556181,9.380147639316032
2024-08-27,13.777432128899974,14.147990331585325,11.036356262440473,5.809442563750204,3.079489492974966,146.78076022977126,epoch_meta_qts_hillsboro_2,5.226913698690269,-0.3705582026853502
2024-08-28,34.940457253056806,34.54858205871367,31.598440197681704,37.02641905282374,2.552017347407898,184.109487462339,epoch_meta_qts_hillsboro_2,-5.427978855142037,0.391875194343136
2024-08-29,33.89622025281555,31.78132121663337,42.845638312227145,41.60533010226146,3.2637980605249757,242.64811827187322,epoch_meta_qts_hillsboro_2,1.2403082099656828,2.114899036182184
2024-09-09,21.599517842725874,24.415493288282192,22.150609149915436,19.706307774302203,2.021365641587884,165.62009391983065,epoch_meta_qts_hillsboro_2,2.4443013756132324,-2.815975445556319
2024-09-16,33.0847504504118,51.3573606259205,47.85161611593191,29.8221679163072,2.258617636502606,167.17668967557415,epoch_meta_qts_hillsboro_2,18.02944819962471,-18.272610175508696
2024-09-20,26.0151594709176,26.038437139424452,33.26156690268897,25.222635482865,2.263976590167281,139.81710102366765,epoch_meta_qts_hillsboro_2,8.038931419823967,-0.023277668506853644
2024-09-23,28.10070320205981,47.994719018119405,48.62147772706929,30.869099254752346,2.2098297125899884,168.80430693340497,epoch_meta_qts_hillsboro_2,17.752378472316945,-19.894015816059593
2024-09-27,24.703192115704503,24.294300012127966,31.805900315092035,34.2054305237451,2.175373867539637,197.53130683972196,epoch_meta_qts_hillsboro_2,-2.399530208653065,0.4088921035765374
2024-09-29,19.865399105178042,39.09563001000215,31.113282288521543,33.182100388142686,2.3288392771606796,153.11025279426372,epoch_meta_qts_hillsboro_2,-2.0688180996211436,-19.230230904824104
2024-09-30,30.263268072966856,50.03313309903705,43.790936006264715,55.509897140481044,2.7878314734817407,232.3342851659748,epoch_meta_qts_hillsboro_2,-11.718961134216329,-19.769865026070196
2024-10-02,26.512735899292615,31.76069274611016,26.922321374466645,26.532946101353232,3.289216639468052,171.83783389871087,epoch_meta_qts_hillsboro_2,0.38937527311341213,-5.247956846817544
2024-10-03,41.93339817338585,77.70734859473387,57.82739735338174,64.26175850944674,2.6164376944674297,253.74513489606144,epoch_meta_qts_hillsboro_2,-6.434361156064995,-35.773950421348026
2024-10-19,33.244339617615886,20.15616479058743,9.102847155651933,22.375797200484225,2.155608958824001,356.740855506449,epoch_meta_qts_hillsboro_2,-13.272950044832292,13.088174827028457
2024-10-21,8.049171234975937,14.381649618928115,14.866601321241415,9.207380827161707,2.821235128095476,17.461910812023234,epoch_meta_qts_hillsboro_2,5.659220494079708,-6.3324783839521785
2024-10-25,24.461629003169314,48.86134716366615,47.78933719249842,40.28220208364403,2.1649392630434714,290.1223888054715,epoch_meta_qts_hillsboro_2,7.507135108854392,-24.39971816049684
2024-11-14,32.88888662264094,25.553280789478457,7.301353005528246,41.0479974702537,2.251728334946565,18.43556272162141,epoch_meta_qts_hillsboro_2,-33.74664446472545,7.335605833162482
2024-11-22,-2.643178861496161,-9.915432910736557,0.03589999574350994,-7.664799356047374,5.614745768503218,358.711947808406,epoch_meta_qts_hillsboro_2,7.700699351790884,7.272254049240397
2024-12-16,17.68886668205344,7.158057888978626,-4.557621797417375,6.331822787965003,2.737952714763974,335.0640298222259,epoch_meta_qts_hillsboro_2,-10.889444585382378,10.530808793074815
2024-12-26,-2.7326454681894927,0.6069375423898341,-1.9135980851136989,-8.164009868351918,3.256281935589486,38.8882245911343,epoch_meta_qts_hillsboro_2,6.25041178323822,-3.339583010579327
2024-12-29,-2.229290039091217,-8.199842505971219,8.767638206188089,-7.074011862510693,2.3222260306636073,49.06543154683936,epoch_meta_qts_hillsboro_2,15.841650068698781,5.970552466880002
2025-01-24,52.23295527546589,69.41218100298278,66.1299129483237,51.535795578443626,2.0176643040549855,173.866122294791,epoch_meta_qts_hillsboro_2,14.594117369880081,-17.179225727516886
2025-01-25,20.39327453120081,46.08185723680984,43.152825074965946,41.96150807094977,2.268463910607,212.03958674407178,epoch_meta_qts_hillsboro_2,1.1913170040161773,-25.68858270560903
2025-02-01,17.246902661965837,23.610853295660487,26.062844784191867,20.289494930646384,2.3136742727981168,25.517606135616916,epoch_meta_qts_hillsboro_2,5.773349853545483,-6.36395063369465
2025-02-11,52.443618555055664,58.32689068445071,66.20228980994715,56.100707428359,2.0913126672429034,249.4638686987459,epoch_meta_qts_hillsboro_2,10.101582381588145,-5.883272129395046
2025-02-12,55.65634463870467,41.535686280098794,57.65515418919429,44.60839991073938,3.7902677248383037,266.08050517188866,epoch_meta_qts_hillsboro_2,13.046754278454912,14.120658358605873
2025-03-04,21.455539775325533,17.478673898540972,22.672378414321468,21.809445411802795,3.5122096765003215,9.713955033320701,epoch_meta_qts_hillsboro_2,0.8629330025186732,3.9768658767845615
2025-03-06,45.162635672510305,70.63581585167941,56.0806464485767,53.65074478062011,2.3790284532783508,159.31668451266512,epoch_meta_qts_hillsboro_2,2.4299016679565923,-25.473180179169105
2025-03-28,26.717632982259428,10.75321130340723,17.96292433981497,23.119249268810734,4.0411925857500375,0.751052991276481,epoch_meta_qts_hillsboro_2,-5.156324928995765,15.964421678852197
2025-04-13,20.333254230171583,30.38047108619505,18.598443372458235,26.084135983308553,2.396337391134211,224.1825744955653,epoch_meta_qts_hillsboro_2,-7.485692610850318,-10.047216856023468
2025-04-14,45.04859186366833,49.81975643117064,39.105673777704794,47.17427676306997,2.917956109080197,248.1496854446974,epoch_meta_qts_hillsboro_2,-8.068602985365175,-4.771164567502311
2025-04-15,17.31114639288056,41.06945866708031,28.57468884182052,36.90881533702346,2.447982545897078,160.16794450049724,epoch_meta_qts_hillsboro_2,-8.334126495202941,-23.758312274199753
2025-04-19,20.237769225183534,27.812842164567552,20.693137213732438,14.985197415090038,2.582907635284415,130.83477402772655,epoch_meta_qts_hillsboro_2,5.7079397986424,-7.575072939384018
2025-04-22,15.089099393038785,32.071214845137426,18.560655633373333,19.03132579513104,2.2185451565850594,185.80295592655696,epoch_meta_qts_hillsboro_2,-0.47067016175770604,-16.98211545209864
2025-04-26,24.269985386959334,31.348409115290234,32.86139209684284,22.779078876266848,2.090583314501363,141.05417936328598,epoch_meta_qts_hillsboro_2,10.082313220575994,-7.0784237283309
2025-05-04,26.691578805592034,30.000064177262804,32.97692116559408,31.2131987214539,2.8941989243034523,165.64507994378152,epoch_meta_qts_hillsboro_2,1.7637224441401784,-3.30848537167077
2025-05-06,54.18770367047752,68.31226677730267,51.87023350755048,76.05398571614418,2.4259600557366956,271.1354472602329,epoch_meta_qts_hillsboro_2,-24.183752208593702,-14.12456310682515
2025-05-19,20.77244948290584,7.172002683525153,30.817242159784364,19.80201899776341,2.8552722006803166,67.06179873763358,epoch_meta_qts_hillsboro_2,11.015223162020956,13.600446799380688
2025-06-01,16.408404124203326,25.057189229400734,17.31748858532963,21.356176744860992,3.3179305620219925,170.78203206249373,epoch_meta_qts_hillsboro_2,-4.038688159531361,-8.648785105197408
2025-06-02,22.06896013024413,32.32065296089637,29.46604772909242,22.627491701495796,2.5775399176105145,157.60074805506497,epoch_meta_qts_hillsboro_2,6.838556027596624,-10.251692830652239
2025-06-03,18.362378908777192,27.04928046930639,27.186769145119488,19.709264935704958,2.2741023559382345,151.2080870161866,epoch_meta_qts_hillsboro_2,7.47750420941453,-8.686901560529197
2025-06-06,23.311099351956152,24.5707396369292,42.073006909664436,21.43007329688028,2.55921340570572,145.3223969624952,epoch_meta_qts_hillsboro_2,20.642933612784155,-1.2596402849730488
2025-06-12,13.66619153570299,23.614762191933693,22.598821167870284,16.355468845582703,2.219407847297904,148.53510413287825,epoch_meta_qts_hillsboro_2,6.243352322287581,-9.948570656230702
2025-06-18,19.515284329458755,16.10271535122287,20.352243734024558,21.863195374474753,2.431045653643886,80.04137240449421,epoch_meta_qts_hillsboro_2,-1.5109516404501946,3.4125689782358855
2025-06-19,4.47999376608822,17.336409143930247,20.252673131941144,2.643156678522336,2.4017380813330087,148.69210459122712,epoch_meta_qts_hillsboro_2,17.60951645341881,-12.856415377842026
2025-06-29,31.802393917769624,26.049757189198033,29.675848826105984,24.011504603141123,2.6496280251978352,188.59141789919263,epoch_meta_qts_hillsboro_2,5.664344222964861,5.752636728571591
2025-06-30,28.716498037504135,35.18919787071914,27.474083312864707,26.51678820662471,2.752416203351564,169.55009112941082,epoch_meta_qts_hillsboro_2,0.9572951062399966,-6.472699833215007
2025-07-01,17.02874048602068,29.556837913860722,28.20585677902885,31.64585102437466,2.916348720007743,150.82188681135074,epoch_meta_qts_hillsboro_2,-3.4399942453458117,-12.528097427840041
2025-07-02,23.817415105584036,24.665608911582822,28.360220828816843,20.088657956372113,2.234206300161529,139.15185654317065,epoch_meta_qts_hillsboro_2,8.27156287244473,-0.8481938059987861
2025-07-03,13.677610130099268,29.48064079124374,22.05032635572251,18.89005972870184,2.0484486529833683,154.13291586754258,epoch_meta_qts_hillsboro_2,3.160266627020672,-15.803030661144472
2025-07-06,10.146595152273305,25.581481723722597,8.304936396810692,12.583355202713667,2.6004946858658364,172.95959181251897,epoch_meta_qts_hillsboro_2,-4.278418805902975,-15.434886571449292
2025-07-07,24.919669412395294,34.8119909368595,28.643433019539312,28.461018889596613,2.5430193066195126,172.7571853685214,epoch_meta_qts_hillsboro_2,0.1824141299426998,-9.892321524464208
2025-07-11,24.59117151138615,21.79177048753081,19.613618275643844,25.82394758113904,3.1039441964016596,172.92682855560497,epoch_meta_qts_hillsboro_2,-6.210329305495197,2.799401023855342
2025-07-12,15.451609614998972,21.265554796016175,22.864265508908115,32.14138460934631,2.285935653858217,150.16019617212248,epoch_meta_qts_hillsboro_2,-9.277119100438195,-5.813945181017203
2025-07-13,9.944181120220565,20.152259466006495,21.84250008046351,22.670308855952555,3.701859656828375,165.4084940828352,epoch_meta_qts_hillsboro_2,-0.8278087754890464,-10.20807834578593
2025-07-14,19.613868317284556,33.63505096658341,25.334810940893828,30.54514215797607,3.209754216830974,137.88337722568787,epoch_meta_qts_hillsboro_2,-5.210331217082242,-14.02118264929885
2025-07-15,30.095243725878827,42.86561207743964,41.659255975418006,32.202663465075354,2.48095578818095,197.24750433526486,epoch_meta_qts_hillsboro_2,9.456592510342652,-12.770368351560816
2025-08-09,23.274097538990535,23.731621822777967,20.618256832684516,22.797424476479414,2.698259350619301,162.89866757938307,epoch_meta_qts_hillsboro_2,-2.179167643794898,-0.45752428378743204
2025-08-10,19.80929937932508,24.667270061412296,26.595849561409484,24.16968139982028,2.6495039358507153,180.8267755249113,epoch_meta_qts_hillsboro_2,2.426168161589203,-4.857970682087217
2025-08-13,18.665351859405845,24.53131686533027,27.38784736283695,26.009935146640597,2.3322758754235364,132.5864251212975,epoch_meta_qts_hillsboro_2,1.3779122161963535,-5.865965005924423
2025-08-21,35.40115125394406,38.711627178063985,33.52294828534483,34.648000291186015,2.670346248167672,183.56848192990736,epoch_meta_qts_hillsboro_2,-1.1250520058411837,-3.3104759241199275
2025-08-22,37.51219572148032,40.22376663245822,31.819008424327922,41.71932592807183,2.6375610543542924,224.75858531056943,epoch_meta_qts_hillsboro_2,-9.90031750374391,-2.7115709109779047
2025-09-16,46.03882472380642,38.60235865010021,47.087864707248265,43.9104908392572,3.33036846849435,281.47022174742557,epoch_meta_qts_hillsboro_2,3.177373867991065,7.436466073706214
2025-09-18,21.54236053729186,33.99753317525358,30.76394514293744,24.399856062561877,3.2788237825397473,168.16017694114043,epoch_meta_qts_hillsboro_2,6.364089080375564,-12.45517263796172
2025-09-23,55.80444885837315,64.17217857180701,58.71721919420222,70.66782184637731,2.2499295599313256,248.20259519314922,epoch_meta_qts_hillsboro_2,-11.950602652175085,-8.36772971343386
2025-09-24,53.625787280255715,63.48899841222428,59.40202810329954,46.58952099043394,2.9558121289798582,165.48003019565226,epoch_meta_qts_hillsboro_2,12.812507112865603,-9.863211131968562
2025-09-25,18.969516758316903,27.995620521264527,35.202775951124835,34.864933221373896,2.410663052249412,151.29636640785395,epoch_meta_qts_hillsboro_2,0.337842729750939,-9.026103762947624
2025-09-28,35.54300220236249,24.642295490078173,23.367022091401342,31.29553224832084,2.740867836571681,3.7646817748194508,epoch_meta_qts_hillsboro_2,-7.928510156919497,10.900706712284315
2025-10-05,22.815481178705678,32.045798416162135,23.347591013171222,28.265919499868943,2.4479542418781937,216.5962910774371,epoch_meta_qts_hillsboro_2,-4.918328486697721,-9.230317237456457
2025-10-06,36.96858030969818,35.03557832453887,56.83620469288937,34.85454764494446,3.0848625191667423,236.38057630213137,epoch_meta_qts_hillsboro_2,21.981657047944907,1.933001985159315
2025-10-13,47.18123483902191,48.745399261888835,50.39452468447674,52.621976932868506,3.565504466899459,219.89957481491498,epoch_meta_qts_hillsboro_2,-2.2274522483917636,-1.5641644228669236
2025-10-14,50.02930100116371,37.7395561613293,54.84524876827183,46.35113090090777,3.0744110688318766,237.24899478924715,epoch_meta_qts_hillsboro_2,8.49411786736406,12.289744839834412
2025-10-17,25.802618544777374,48.596619325598894,41.14639095737495,46.3583828552523,2.0269257965021854,151.01995416568417,epoch_meta_qts_hillsboro_2,-5.211991897877354,-22.79400078082152
2025-10-19,14.52828146366749,16.424074719477495,10.345438511962033,20.626002922515045,3.5430807858990825,55.83708412251417,epoch_meta_qts_hillsboro_2,-10.280564410553012,-1.8957932558100055
2025-10-26,26.11795832612242,17.106033121014633,27.27755032966491,34.68510651056836,2.512961007804714,10.65102856819425,epoch_meta_qts_hillsboro_2,-7.407556180903452,9.011925205107786
2025-12-06,-2.6929465090514957,12.796299655224962,1.1941775364346787,11.855623027027425,2.4744993887396776,44.70275851545796,epoch_meta_qts_hillsboro_2,-10.661445490592747,-15.489246164276457
2025-12-07,5.717825971192497,3.5452636392153374,-0.49927167217129564,12.244671263638429,3.435966836611755,40.833977593567624,epoch_meta_qts_hillsboro_2,-12.743942935809724,2.172562331977159
2025-12-17,8.950089504530176,19.08375795819913,14.25537178307045,12.11789049768048,3.042300771921234,44.92908287935887,epoch_meta_qts_hillsboro_2,2.1374812853899687,-10.133668453668953
2025-12-20,28.517773512905165,19.067234382366617,26.312327791031752,19.75691768315255,3.2198967206597437,8.068774926536264,epoch_meta_qts_hillsboro_2,6.555410107879201,9.450539130538548
2025-12-22,9.981058156909638,14.536980676977118,11.029797194962796,8.295959661605576,2.8040485730280533,344.3492856746295,epoch_meta_qts_hillsboro_2,2.733837533357221,-4.5559225200674796
2026-01-15,31.209257399269276,34.4884661305175,34.65053672106944,31.877654031994084,2.7189263101862147,177.2915204341889,epoch_meta_qts_hillsboro_2,2.7728826890753595,-3.279208731248225
2026-01-16,35.6652164160563,27.574384168891516,49.97268803180269,60.793859468285554,2.0819411397497762,222.54390441097306,epoch_meta_qts_hillsboro_2,-10.821171436482864,8.090832247164787
2026-01-23,48.0512433532895,24.859634260264038,32.97713642875347,31.772180047040013,2.264788124991781,246.9594534042866,epoch_meta_qts_hillsboro_2,1.2049563817134548,23.191609093025463
2026-02-01,-4.8109055777137595,-2.447418165574519,-0.5733132506125775,-8.799473506781613,2.673239037812163,11.167731445775473,epoch_meta_qts_hillsboro_2,8.226160256169035,-2.3634874121392406
2026-02-10,34.75023608055445,56.855473855696346,64.0494060730793,39.1102794540942,2.0526875828107936,195.1902985105982,epoch_meta_qts_hillsboro_2,24.9391266189851,-22.105237775141894
2026-02-11,47.52792375124919,57.01959269750804,60.3461696223173,41.57054740671852,2.1038454619396014,201.67929310828086,epoch_meta_qts_hillsboro_2,18.77562221559878,-9.491668946258848
2026-03-04,10.742353625721702,3.899479930484262,13.500981746476201,8.28167602395816,2.768752899224998,69.35132194203811,epoch_meta_qts_hillsboro_2,5.21930572251804,6.84287369523744
2026-03-05,25.918436781149573,12.869906633742671,16.44622484992861,25.752296447768565,2.4750745525859132,120.03131198953236,epoch_meta_qts_hillsboro_2,-9.306071597839956,13.048530147406902
2026-03-14,8.021339797869768,8.844972707926395,10.127612856693158,10.581340928283621,2.829840562064644,135.4033839704731,epoch_meta_qts_hillsboro_2,-0.45372807159046324,-0.8236329100566273
2026-03-22,26.508999954240814,46.423280690111355,28.823848191016538,37.82376612155783,2.476095800609948,185.80590008139507,epoch_meta_qts_hillsboro_2,-8.999917930541294,-19.91428073587054
2026-03-27,54.46725696802246,91.53037536134579,66.20446513889719,56.179997871164524,2.0360083697075524,217.12710976284635,epoch_meta_qts_hillsboro_2,10.024467267732668,-37.06311839332333
2026-03-30,19.646630894529174,38.67556057266494,39.895355298553426,26.686146931511864,2.6805537196980356,203.4303636844549,epoch_meta_qts_hillsboro_2,13.209208367041562,-19.028929678135768
2026-05-03,22.639258754040075,30.058829339452398,24.58029049572376,23.590145443496613,2.033225744078219,223.8535106324749,epoch_meta_qts_hillsboro_2,0.9901450522271453,-7.419570585412323
2026-05-22,18.52412594618788,30.457544398391065,29.406574515327836,24.566170361078285,2.063530827753505,164.55940351304037,epoch_meta_qts_hillsboro_2,4.840404154249551,-11.933418452203185
2026-05-23,22.187152267184,26.264328526914298,24.140708202034627,22.56299477020586,2.0268930606818234,143.64499051417488,epoch_meta_qts_hillsboro_2,1.5777134318287658,-4.077176259730297
2026-05-27,33.344656763963606,45.03483342070496,37.42408387130687,35.64530701801803,3.052695907996975,177.90128806570033,epoch_meta_qts_hillsboro_2,1.7787768532888393,-11.690176656741357
2026-05-29,24.44403330831104,27.152503891309504,25.89397260781612,25.756349643609855,2.8140526343138097,134.69812737037387,epoch_meta_qts_hillsboro_2,0.1376229642062654,-2.708470582998462
2026-05-31,10.746670002233385,20.540330523502895,16.834374853514472,12.201061073691035,2.963107524541761,169.0987935112347,epoch_meta_qts_hillsboro_2,4.633313779823437,-9.79366052126951
2026-06-01,24.963295736928416,26.03511523479151,21.853285967886205,18.152143730989664,2.068295734349427,192.62085911467145,epoch_meta_qts_hillsboro_2,3.7011422368965405,-1.0718194978630926
2026-06-06,3.700839681638139,14.436799805070029,13.430984815600839,18.352840881791145,3.0210698612743982,47.033376399271674,epoch_meta_qts_hillsboro_2,-4.921856066190307,-10.73596012343189
2026-06-12,10.0643112734308,18.02110910770062,15.774263516996207,15.253641059451851,2.3285581351536795,170.55709195015936,epoch_meta_qts_hillsboro_2,0.5206224575443557,-7.956797834269821
2026-06-13,27.281075934798533,30.373667534902296,23.07847264578716,35.53305170096397,2.7880324291870977,243.08779219071192,epoch_meta_qts_hillsboro_2,-12.454579055176815,-3.0925916001037628
2026-06-14,27.485922538444978,37.09835478168306,28.640826755675835,27.299222883862626,3.4778772760664634,234.0292453991776,epoch_meta_qts_hillsboro_2,1.3416038718132093,-9.612432243238079
2026-06-16,25.429176689122993,33.43141910476381,23.77564894683391,29.626389989478444,2.6926103588482833,141.5108881098019,epoch_meta_qts_hillsboro_2,-5.8507410426445325,-8.002242415640819
2026-06-17,22.23597900100849,27.56776009789855,27.451589449824365,18.488233036925514,2.821916746154039,150.34553858467802,epoch_meta_qts_hillsboro_2,8.96335641289885,-5.331781096890058
2026-06-18,32.514508042226446,25.236824072823865,28.678234292973105,23.17632265633067,2.3809992833436184,185.74835324852782,epoch_meta_qts_hillsboro_2,5.501911636642436,7.277683969402581
2026-06-22,27.03432014166513,33.097031489595224,28.561230292702707,26.664158582163623,2.1476743966686622,190.30603661674036,epoch_meta_qts_hillsboro_2,1.897071710539084,-6.062711347930094
2026-06-24,27.91680598169089,39.68164530961282,32.88449656304886,27.978670053444773,2.2482163010713503,145.59209689075192,epoch_meta_qts_hillsboro_2,4.90582650960409,-11.76483932792193
2026-07-05,26.30303894626486,41.496789322114424,34.86549683578108,32.99223208317973,2.6524831247553067,173.88333183432178,epoch_meta_qts_hillsboro_2,1.8732647526013508,-15.193750375849564
2026-07-08,20.644092281415652,21.67080108135744,24.96752465535596,9.156081862825634,2.4550317898613856,148.1513737787982,epoch_meta_qts_hillsboro_2,15.811442792530325,-1.0267087999417868
2026-07-11,30.639509288457724,26.594742093388895,25.388100646895627,32.488890929135295,2.014645747820777,23.424987271969826,epoch_meta_qts_hillsboro_2,-7.100790282239668,4.044767195068829
2026-07-18,26.36649721417569,25.39819368189142,28.969604000689543,22.42043796676933,2.2023785638992344,149.90577803796776,epoch_meta_qts_hillsboro_2,6.549166033920212,0.9683035322842706
2026-07-19,22.844414412201147,27.115448312140852,21.260759187289256,25.42796011018246,2.4454737972388965,168.3562268431417,epoch_meta_qts_hillsboro_2,-4.167200922893205,-4.271033899939706
2026-07-26,21.63590217406606,14.094425798992368,15.593474117160047,19.673517831078453,2.27249892704936,24.099850209171734,epoch_meta_qts_hillsboro_2,-4.080043713918405,7.541476375073692
2026-08-01,38.13502419403729,16.451884467486966,22.43299024513414,4.425284051121178,2.2874390911655023,85.26505141843558,epoch_meta_qts_hillsboro_2,18.00770619401296,21.683139726550326
2026-08-03,42.44054088035291,34.573944875968316,26.58456374927584,34.079719137605395,2.7592310141821437,204.61006301396608,epoch_meta_qts_hillsboro_2,-7.495155388329554,7.866596004384597
2026-08-10,13.515913324496065,19.454927689628313,15.502831172457176,18.99215968330979,2.3065452099846104,154.7681764723426,epoch_meta_qts_hillsboro_2,-3.489328510852614,-5.939014365132248
2026-08-11,19.705942047280438,21.17554159879269,20.493300120457324,16.03731309724943,2.4110876968690302,153.8301772881465,epoch_meta_qts_hillsboro_2,4.455987023207893,-1.4695995515122533
2026-08-24,31.47555469913789,46.353297139070065,37.60627133639748,48.590999048130946,2.1590478247627876,230.58423630491012,epoch_meta_qts_hillsboro_2,-10.98472771173347,-14.877742439932174
2026-08-25,36.196478103219725,25.112830727748616,32.49991685973666,25.050759797462028,2.065755504640844,19.42897768298303,epoch_meta_qts_hillsboro_2,7.4491570622746295,11.08364737547111
2021-07-02,54.75849992175874,56.82870216866318,63.23392671400838,42.983960221408054,2.184347036665386,138.25413220677683,control_1,20.24996649260033,-2.0702022469044365
2021-07-10,30.00553036321627,32.45039664807071,31.71873532987737,34.39099163883125,2.2445343746639645,137.76798392191165,control_1,-2.6722563089538838,-2.444866284854438
2021-07-11,27.580187502657907,19.040680888182695,27.757363168955273,23.92456372035644,2.39792658777621,143.42749205247287,control_1,3.832799448598834,8.539506614475211
2021-07-12,43.23000259575733,39.95230206646514,43.999597655489374,34.360920419819415,2.427504828349951,133.70942866629275,control_1,9.63867723566996,3.27770052929219
2021-07-20,36.321543982677944,32.53117822124408,37.791150252125306,26.371875652408256,2.280705782199385,131.32508356418998,control_1,11.419274599717049,3.7903657614338613
2021-07-24,45.19531339671844,42.84784219210027,54.098941636195775,50.685463597532824,2.4950904891070333,147.3857976923132,control_1,3.4134780386629515,2.3474712046181665
2021-07-25,26.031796463152027,32.99718540026951,36.608557593207216,32.33211542805434,2.4374865908240166,135.57610222559845,control_1,4.276442165152879,-6.965388937117481
2021-07-26,39.020696319606884,35.66311700549159,45.04402886284272,41.63572818823417,2.532244892448012,142.9520552853245,control_1,3.4083006746085545,3.3575793141152914
2021-07-29,56.57362803096212,48.7970233171987,57.98456048037742,46.111757140147695,2.357419505614064,147.67354739035716,control_1,11.872803340229723,7.776604713763419
2021-08-03,63.04119312917123,49.927085713849024,61.52169422971913,48.03932604845264,2.1577923668582017,121.47825943949056,control_1,13.482368181266494,13.11410741532221
2021-08-05,23.14656358483185,21.153871398861277,21.851774359260112,15.37097924323331,2.5735425765848987,102.29473662692328,control_1,6.480795116026803,1.9926921859705722
2021-08-10,49.9348368997904,53.000642552976416,50.16796062077505,58.55256367455805,2.1094734336841574,144.18994434145247,control_1,-8.384603053783003,-3.0658056531860183
2021-08-28,30.568863254603716,32.96886157675068,42.70580852439836,29.49701929907751,2.2666137286073984,177.28046805076804,control_1,13.208789225320846,-2.399998322146967
2021-08-29,44.6107601497411,43.71661938606106,50.98375121147295,50.27449431440869,2.34581069258944,138.16769703717108,control_1,0.7092568970642574,0.8941407636800349
2021-09-01,45.923766828996435,52.334234765339836,55.84720862084373,47.68732806472218,2.2100532165520255,165.65237640067073,control_1,8.15988055612155,-6.410467936343402
2021-09-18,20.35698355875157,16.70316494226925,20.35698324484098,23.014334718596537,2.896931658683848,30.01318842474933,control_1,-2.6573514737555577,3.6538186164823188
2021-09-21,44.556206588774046,33.95296209570634,61.44954684292242,26.861069642957943,2.905951273050238,258.93992574979825,control_1,34.58847719996448,10.603244493067706
2021-09-24,52.28283229148285,40.314412404281576,73.75257121592007,36.436834921391174,3.1426929719864596,250.57559213258656,control_1,37.3157362945289,11.968419887201271
2021-09-26,34.679262577414114,38.20778156831067,39.713054854451556,36.737391733123765,2.3128642160323793,15.199587668048252,control_1,2.9756631213277913,-3.5285189908965577
2021-10-11,69.55378105674858,55.67507257707829,79.29443608803905,62.30479660221352,2.049862242098985,136.27875025708482,control_1,16.989639485825528,13.878708479670287
2021-10-29,31.453327634093927,37.135630067550814,43.61493276716519,33.765334798335736,2.4390030718529134,145.07737046620906,control_1,9.849597968829457,-5.682302433456886
2021-10-30,23.767819087543685,18.988019075533217,30.012547888434444,18.23453091648611,4.58590224859745,260.3556158571283,control_1,11.778016971948333,4.779800012010469
2021-10-31,29.350668017244114,34.39070495804613,32.1438658493129,27.377087604293045,3.483935491107482,273.0667152481301,control_1,4.766778245019857,-5.040036940802015
2021-11-06,25.813749610845672,26.785484056342522,19.172656129909427,18.557377817987224,3.5124623774889137,9.79596111406164,control_1,0.6152783119222036,-0.9717344454968497
2021-11-08,8.986916609843606,15.702152880172209,44.5117128746848,11.51651922568302,2.705671344199864,262.65030325134944,control_1,32.99519364900178,-6.715236270328603
2021-11-09,15.091449137271372,14.192123868892338,20.036968521851016,20.73618795912325,3.3927180134022583,24.603252882064226,control_1,-0.6992194372722338,0.8993252683790338
2021-11-17,20.190152120313694,24.930452017814783,27.321740605585145,19.479759154384592,4.369776609152022,255.28471627183524,control_1,7.841981451200553,-4.740299897501089
2021-11-23,33.841071146874626,23.90218342484921,36.022475045852694,33.005456940898405,2.3373115169082377,55.89755464384825,control_1,3.017018104954289,9.938887722025417
2021-11-28,12.696062961139267,6.934809636767083,17.445133634198264,11.5859958521119,2.8591659354371943,31.47117400610864,control_1,5.859137782086364,5.761253324372184
2021-12-14,12.3915659772091,39.041890386684976,39.552580653227565,20.588962537953833,2.172070036682316,2.0519952723998927,control_1,18.963618115273732,-26.65032440947588
2021-12-23,10.83780129273023,7.555204967793793,24.231736826846035,5.7959226191847435,2.5918094154086733,35.18017818041733,control_1,18.43581420766129,3.2825963249364367
2022-01-20,22.028249604831885,17.53413657035646,20.450056567370506,16.05857649820624,2.6079005137496334,47.706793564120744,control_1,4.391480069164267,4.494113034475426
2022-02-11,65.40660861361562,45.60287214976121,78.81744230816594,31.776770963925408,2.383158992224038,218.7027776314141,control_1,47.04067134424053,19.803736463854406
2022-02-12,59.04861513845057,41.58314208749388,63.32509855493005,41.36298251662109,3.161766076056691,246.78310699164803,control_1,21.962116038308963,17.46547305095669
2022-02-22,20.456635800964644,9.272247888838418,28.548385481186003,23.95777868690248,3.6644647571968014,261.81493491517506,control_1,4.590606794283524,11.184387912126226
2022-02-25,100.45323910246931,49.41579051397569,118.30714161602853,39.76855820487283,2.1446007041511854,259.6769589609081,control_1,78.5385834111557,51.03744858849362
2022-03-09,34.80563362290044,35.6076613209559,57.834509336184595,34.70373637553618,2.1789013969262876,247.2312745350643,control_1,23.130772960648414,-0.8020276980554613
2022-03-15,16.081565144035,23.42310642440976,28.473149576064916,9.783982733864205,2.8333933629897015,33.936148966545204,control_1,18.689166842200713,-7.341541280374759
2022-04-07,71.62693088062558,34.04305192240362,59.07691230686029,37.83943795611837,2.324559007416769,266.257929339833,control_1,21.23747435074192,37.58387895822196
2022-04-26,29.789268119402887,29.707404564797773,28.927377553286473,28.39422829266167,3.2406344655147215,23.476727141388153,control_1,0.5331492606248034,0.08186355460511408
2022-05-07,17.90022547103367,44.120026150707055,30.84561775013637,18.558121124466044,2.6274436246030133,62.22505540119323,control_1,12.287496625670325,-26.219800679673384
2022-05-19,40.778580052561146,31.147803253236813,28.128247360829107,47.60428185910364,2.4597403797315947,92.38419801715179,control_1,-19.47603449827453,9.630776799324334
2022-06-22,51.82680226136765,36.03750661731528,39.59602267606291,41.13715750251327,2.4991571609373704,134.86592931787902,control_1,-1.5411348264503602,15.789295644052366
2022-06-24,29.24105518891157,41.818417526744064,45.91544661916562,34.74732077537565,2.005546825761315,191.01795083051823,control_1,11.168125843789973,-12.577362337832493
2022-06-25,28.809334613424557,28.814492159519553,38.92652461776525,27.575233336396412,3.990989743886371,257.3079956688249,control_1,11.351291281368841,-0.005157546094995524
2022-06-26,53.61108439334701,38.303041349284335,49.86716563470164,36.23396170415453,2.5413217886174237,246.3254043615106,control_1,13.633203930547111,15.308043044062671
2022-07-11,46.6729833334024,51.901197351463615,56.004757682921486,43.17131634485335,2.235163026398771,193.3522458067751,control_1,12.833441338068134,-5.228214018061216
2022-07-12,43.9471389289785,39.75734075323924,51.855326989428114,35.549164347497836,2.787819142748163,138.65614025016635,control_1,16.30616264193028,4.189798175739256
2022-07-17,16.94502360048952,27.871070535612073,22.41599560826958,25.96719791463626,2.4094770715463203,136.54717338655394,control_1,-3.5512023063666796,-10.926046935122553
2022-07-18,39.37709070729378,42.5186783533449,45.90849473512141,41.67256208830409,2.1636209499990864,159.28221573655162,control_1,4.235932646817318,-3.1415876460511214
2022-07-24,27.902518274224136,37.6260688453036,39.74203776378403,23.88226652299945,2.1923209255663134,155.07349398863153,control_1,15.859771240784582,-9.723550571079464
2022-07-30,35.90566332190303,47.80892028168014,55.02864429370157,33.7378577263977,2.3811161753783283,145.38030507495841,control_1,21.29078656730387,-11.90325695977711
2022-08-05,41.78927826885019,48.639334923372516,51.35617147531906,34.86202534304076,2.1536052868924247,154.09373880866974,control_1,16.494146132278296,-6.8500566545223265
2022-08-12,44.253314837534916,99.30267854906752,71.66122871407528,38.09150017968857,2.0759612862264434,48.424376836442434,control_1,33.569728534386705,-55.04936371153261
2022-08-26,43.140392328004225,29.368160915503758,41.04924951821325,29.978043912295266,2.1723208951952087,114.19281527722586,control_1,11.071205605917985,13.772231412500467
2022-08-31,48.27655861998733,64.89762716546308,54.28054491804645,49.473895617672405,2.03110999350713,31.103681114887706,control_1,4.806649300374048,-16.62106854547575
2022-09-05,35.33799442934372,29.864373121758582,38.000866711717386,35.911633317464265,2.332600058904293,158.15366431100642,control_1,2.089233394253121,5.473621307585141
2022-09-07,50.11151742382739,44.60235627797789,51.50891220736848,37.445597957626,2.700804283066305,141.4453951963622,control_1,14.063314249742483,5.509161145849497
2022-09-09,27.54220738320567,27.93389263362255,35.339494591651345,29.018254233028383,4.805415598405287,251.60094773981763,control_1,6.321240358622962,-0.3916852504168773
2022-09-18,31.941494567900072,39.227991837929935,44.20779886843503,34.868989577971675,2.4359579371311644,249.32637986089725,control_1,9.338809290463352,-7.286497270029862
2022-10-01,27.838649171803098,24.75185725213353,31.41677873095866,22.637883203354544,3.6094835290801126,253.3227926840587,control_1,8.778895527604117,3.086791919669569
2022-10-15,35.91548718042604,31.03901779363415,38.85219235516897,30.229099123160008,3.8207818793249735,256.5390434489175,control_1,8.623093232008959,4.876469386791889
2022-10-16,39.78125924293244,35.01086998561037,48.49336152694024,38.26265933155786,2.5035483371638576,275.4860876884801,control_1,10.230702195382378,4.770389257322073
2022-11-08,34.37325869287069,38.31032204578975,41.06209288271099,31.8282377318186,3.5377036228723164,245.91038383932613,control_1,9.233855150892392,-3.9370633529190613
2022-11-14,32.36167700304223,35.30610952427808,41.88946268949178,29.785889549185228,3.352104974585817,242.5949355455582,control_1,12.103573140306551,-2.9444325212358464
2022-11-15,29.10591068676159,22.28058002818192,30.022243289330216,24.685986733971276,3.4109028848996537,250.3949329975994,control_1,5.33625655535894,6.82533065857967
2022-11-16,62.629243401182606,29.746488114374475,46.86940303911087,38.828789025281935,2.4403601957712318,242.34181417766393,control_1,8.040614013828936,32.882755286808134
2022-11-17,-2.162273988976099,3.222402161053673,3.724375817440435,-2.426125739279345,4.825047432551802,266.02860617816515,control_1,6.15050155671978,-5.384676150029772
2022-11-18,25.398072161499407,22.187932638011482,32.79197987764511,21.689075625477848,3.926213083325761,257.3684119151671,control_1,11.102904252167264,3.210139523487925
2022-11-19,26.43536474561562,20.362880547733187,19.30191305958714,12.956452575699867,2.986453936342757,255.23796831720696,control_1,6.345460483887273,6.0724841978824315
2022-12-03,16.644055112799126,9.488593993588072,14.079982671887066,9.636886531007185,3.8694060501304866,250.12445556441133,control_1,4.443096140879881,7.155461119211054
2022-12-16,106.69322954810828,28.903832014554222,61.80854484670645,42.12801286068791,2.526083947976208,226.34244435530027,control_1,19.680531986018536,77.78939753355405
2023-01-29,8.012554450089205,15.886008526839117,17.020056927931744,8.09556902717289,3.287931419838796,244.6768111084467,control_1,8.924487900758853,-7.873454076749912
2023-02-13,24.302052205076798,6.0645923363110885,10.631194018012183,4.807758627417336,2.5462338853512354,59.8672876866616,control_1,5.823435390594847,18.23745986876571
2023-03-16,26.479968669546793,25.740909525646753,33.9060991111242,23.781003540240224,3.4739559581247783,263.5180881306069,control_1,10.125095570883975,0.7390591439000396
2023-03-21,37.502444658443295,32.70834256264644,47.94985813670799,36.16681954385465,2.5886405898178544,210.39913942016148,control_1,11.783038592853337,4.794102095796852
2023-04-01,22.49804055205309,21.800444967590238,13.424358253815821,24.11215961910396,3.1091191960694946,34.219830347754225,control_1,-10.687801365288138,0.697595584462853
2023-04-17,41.07772163231611,44.50743252194466,34.82821567429699,27.976598797984398,4.543061873523414,357.00273619068594,control_1,6.851616876312594,-3.429710889628545
2023-04-19,35.52056985527582,36.07201397575786,38.18265363304862,28.673347589683917,2.7451142671683724,7.046124709324772,control_1,9.509306043364706,-0.5514441204820457
2023-04-28,25.76235060822391,27.747600543611373,43.56273838299574,32.689102038256955,3.0031901918109956,259.35505836181835,control_1,10.873636344738784,-1.9852499353874613
2023-05-13,28.519649016738313,25.33552730718492,35.175990277618375,29.63986954084808,2.6874887689735067,233.39370114558844,control_1,5.536120736770297,3.184121709553395
2023-05-14,21.571408679997383,22.87782038786346,24.266765276042513,20.955734145763945,4.372565099503945,262.47421417460185,control_1,3.311031130278568,-1.3064117078660757
2023-05-19,44.12806341074796,40.0646134609911,41.6074247306261,33.38077702081293,2.0679576821944865,142.37322704905256,control_1,8.226647709813172,4.0634499497568655
2023-06-04,22.053943250199445,18.70442526881625,26.94906568200779,21.99140288624872,3.280666299945984,155.17311562963266,control_1,4.95766279575907,3.349517981383194
2023-06-05,53.346445856131915,40.559376877524286,55.988468577736604,45.18462866063851,3.354824912453385,156.33228801152256,control_1,10.803839917098095,12.787068978607628
2023-06-11,42.69347889835918,33.43331380692498,41.934429568959814,37.32527417622477,2.008578454500248,145.84913608460602,control_1,4.6091553927350475,9.260165091434203
2023-06-14,33.902666139111304,34.82576779419952,34.825767272686456,22.25703251846352,2.6038253652626917,104.73598350638218,control_1,12.568734754222934,-0.9231016550882174
2023-06-30,33.04907237422158,38.45112255747854,39.90529948888711,36.60969164900039,2.130976558027342,139.65984011046828,control_1,3.2956078398867206,-5.402050183256961
2023-07-01,26.88876780483799,15.60544584737952,23.23519317555873,19.093521141633477,2.316475993282213,137.3521864539738,control_1,4.1416720339252535,11.283321957458469
2023-07-02,40.98028955384627,33.997483555406326,39.48402064268577,32.86616409464748,2.5262555988967117,152.60915701393355,control_1,6.61785654803829,6.982805998439943
2023-07-03,49.85545612793809,52.846611946205634,48.80230754166727,42.64307746713643,2.081126897967469,150.3091786519642,control_1,6.159230074530839,-2.9911558182675435
2023-07-15,34.522587632200356,46.72091110893313,47.92665652933283,32.66831195080926,2.1438933260370967,142.5677241458688,control_1,15.25834457852357,-12.198323476732774
2023-07-18,38.695213473340495,41.13035700714401,45.23221867900335,33.20697114917711,2.286055186946188,159.01363903886795,control_1,12.025247529826245,-2.435143533803519
2023-08-12,30.62182375791208,29.12695246508735,34.73517036233297,20.20114386745574,2.4767091651751496,142.62681867380928,control_1,14.534026494877232,1.4948712928247296
2023-08-13,31.1716754675589,9.494181568053738,29.148963887539338,16.06619291501462,2.2315115230699885,218.2355410658388,control_1,13.082770972524717,21.67749389950516
2023-08-18,37.24866755046514,23.138104127175932,33.35593549728336,24.5288072676014,2.0186470700477854,124.20141962789097,control_1,8.82712822968196,14.11056342328921
2023-08-19,37.03894792699294,56.00676061885721,42.095246731799826,43.35926691173956,2.143644438411418,164.06921161395337,control_1,-1.2640201799397346,-18.967812691864268
2023-08-24,43.15196490520499,45.02518262374626,43.83174403825342,33.05975207385747,2.2779594780246835,232.72760604660004,control_1,10.771991964395951,-1.8732177185412695
2023-09-01,20.610210773483534,29.06250097310386,34.37183178335183,27.319256281106107,2.6148408113191954,214.75134959447368,control_1,7.052575502245723,-8.452290199620325
2023-09-20,36.13102101300923,24.230000186002613,45.512915567229946,38.17782376352108,2.1419325869304986,141.7606564262618,control_1,7.335091803708863,11.901020827006619
2023-09-30,39.80936411672889,40.087207873523205,40.099837508582695,37.37694216243951,2.205468119279942,147.06014769113983,control_1,2.722895346143183,-0.2778437567943186
2023-10-05,37.432064521674036,49.6414806988924,56.98851675714996,45.91331949470914,2.214356687457644,182.78237719544438,control_1,11.075197262440817,-12.209416177218365
2023-10-06,21.273812848789913,24.98917705630835,42.04629447523235,17.135550249040996,3.7394700706114787,257.09373654585306,control_1,24.910744226191355,-3.715364207518437
2023-10-11,30.18886554251677,30.188864918492317,30.188864967421843,30.18886483121328,3.8258269311521267,19.027915358351663,control_1,1.362085626510634e-07,6.240244516675375e-07
2023-10-12,59.034164422398646,35.87451140836092,101.35868175144584,29.01729528191264,2.2316984196382514,271.5797295603831,control_1,72.3413864695332,23.15965301403773
2023-10-28,43.86325969530553,33.95890188199302,48.951097408533776,40.9352258050423,2.6525533074939083,231.87009684937814,control_1,8.015871603491476,9.904357813312508
2023-10-29,40.949423741936705,27.044433990347503,33.52916092454903,30.48380643577437,3.4381894035501825,253.95305059334794,control_1,3.045354488774663,13.904989751589202
2023-10-30,68.01735272831169,42.513737903306854,46.82655621612289,39.99890151528352,3.0617660741595345,253.60201235613937,control_1,6.827654700839368,25.50361482500484
2023-11-17,76.98734932338768,28.29474994522332,64.06824827571232,29.050442204570196,2.1114614425001688,250.87035244455186,control_1,35.017806071142125,48.69259937816436
2023-11-18,-6.0224402872090375,-4.491725341837381,-18.242940987882758,-25.905639604506028,2.5325713848781626,266.9728426566577,control_1,7.6626986166232705,-1.5307149453716562
2023-11-26,52.30223221774544,11.736700340513561,35.116278187304076,13.870994844951827,2.1579225144315717,248.2521610549403,control_1,21.24528334235225,40.56553187723188
2023-12-12,31.693629778767686,35.12132141985767,37.211683849690466,31.52751292139821,3.026738577486543,255.93128572444652,control_1,5.684170928292257,-3.427691641089986
2023-12-13,33.1377459514388,17.543725534664134,27.212479466726624,26.408023131265207,2.485852971219794,264.92419499991706,control_1,0.8044563354614169,15.594020416774669
2023-12-15,54.880005794614945,3.0406030411442475,13.992521299213763,10.660427015537147,2.121501379556982,247.28898234170782,control_1,3.332094283676616,51.8394027534707
2024-02-04,38.83943333868962,33.364505073818854,37.118291569600835,29.02609062130361,2.1697002332243485,209.6044905574719,control_1,8.092200948297226,5.474928264870762
2024-02-19,39.341850512214855,26.14721249444722,38.36425108110316,18.846228722915367,2.0918681373999535,264.1307142787199,control_1,19.518022358187796,13.194638017767634
2024-03-04,10.777531239687146,22.525674014486583,12.244295100445058,34.942521622283536,2.3004850062162263,11.457876561845126,control_1,-22.698226521838478,-11.748142774799437
2024-03-12,28.325620165639013,20.766184834662837,28.835733204969387,28.553821424914737,2.482132014734986,41.890462278055566,control_1,0.28191178005464934,7.559435330976175
2024-03-15,24.066626304999094,30.701447092035494,41.852368339549145,27.533320792357,3.075792794585793,245.10246306522134,control_1,14.319047547192145,-6.6348207870364
2024-03-16,32.243791538116945,46.897939084174986,46.724806827531445,32.97934641115521,2.4197905260459596,275.34828216126004,control_1,13.745460416376233,-14.654147546058041
2024-03-29,44.82819795898476,23.44563134612301,44.45949862955737,27.58132241690348,2.1248585072885784,216.9747958237949,control_1,16.878176212653894,21.382566612861748
2024-04-14,38.357926680779734,25.71808814570421,39.75193942781039,31.328164313142054,2.057886296669655,106.64719927367139,control_1,8.423775114668338,12.639838535075523
2024-04-16,42.714586911499936,28.182664477640493,40.91825717391968,25.211093237688075,2.027476982790159,129.59201629946432,control_1,15.707163936231602,14.531922433859442
2024-04-18,31.632462655261023,29.333476758493084,37.61168491913165,25.18005455904392,3.1347909451192644,244.21102703334537,control_1,12.431630360087727,2.298985896767938
2024-04-19,18.849595304467307,19.634961794331485,21.847323189431076,21.20699490174764,4.419296640351774,262.1616313596169,control_1,0.6403282876834382,-0.7853664898641775
2024-05-09,28.667053682247253,20.728208171777847,24.812462674894498,15.878750448195328,2.9343558026529686,221.59145211264115,control_1,8.93371222669917,7.938845510469406
2024-05-14,35.0046600568313,31.76069585496368,37.928657569071234,27.93740007496132,2.399089381103992,153.48563292032134,control_1,9.991257494109913,3.2439642018676196
2024-05-16,49.27711417680729,31.116737475120182,36.10557262417466,31.402417024849193,2.24769435381888,126.12169150182501,control_1,4.70315559932547,18.160376701687106
2024-05-17,38.631330684351816,24.95377709482902,34.41773420356688,25.33205486972711,2.724763019874336,125.61623433884569,control_1,9.08567933383977,13.677553589522795
2024-05-30,45.414280369904084,48.80490266223212,47.41920556201485,45.84419376092924,2.3545085627307176,149.15862654684804,control_1,1.5750118010856156,-3.3906222923280325
2024-06-09,50.86672301494345,28.432282335204288,45.37844444364069,42.00393250186309,2.318743507025303,126.08181683981104,control_1,3.374511941777598,22.434440679739165
2024-06-11,39.08971162084746,47.24989344839902,47.9158074539839,22.937858406958828,2.6682540747703696,73.35681074446535,control_1,24.977949047025074,-8.160181827551561
2024-06-12,33.124806114373406,21.405755465164795,33.04101196770155,20.536996547979676,2.123053675236716,146.53680718629528,control_1,12.504015419721874,11.719050649208612
2024-06-24,37.46893267401666,33.51824235517179,47.69834681087678,31.181475084649957,2.020957741116546,148.7556553530303,control_1,16.51687172622682,3.9506903188448703
2024-07-02,30.09635520817674,28.629233120725548,28.904296601564827,31.545526409483063,2.3468795416359005,137.47408344372343,control_1,-2.6412298079182364,1.467122087451191
2024-07-09,38.92662088973257,39.96279278283895,43.61577327042299,41.23581702421085,2.0448235193712914,154.5788917424502,control_1,2.3799562462121386,-1.0361718931063848
2024-07-10,52.21757007876612,30.76490790588657,42.440531565568534,41.58795419487042,2.05081184093332,126.5987688645323,control_1,0.8525773706981141,21.452662172879553
2024-07-11,53.24895651745498,39.7083439282957,50.329442679910414,47.816466360271264,2.340469858514033,137.97819123061117,control_1,2.512976319639151,13.54061258915928
2024-07-12,41.091622694274264,48.35805732778255,53.97999252516038,44.19169673969912,2.000377809330548,149.2735769937451,control_1,9.788295785461258,-7.266434633508283
2024-07-20,28.93706682380395,32.01164892896113,35.03703690117297,28.371635617877764,2.0521093515444933,154.64136152891206,control_1,6.665401283295203,-3.0745821051571802
2024-07-22,25.370515641803816,33.05078352588996,25.55349121446286,23.7557029992654,2.23137326181687,129.74405557737919,control_1,1.7977882151974605,-7.680267884086145
2024-08-07,29.36664477693625,32.90565433899312,33.96428159133292,30.80720385684433,2.067786261173515,156.08475444065675,control_1,3.157077734488592,-3.5390095620568722
2024-08-18,5.617096150175966,23.201634645649726,20.37428790426928,11.325299703960399,3.488003693516885,23.089981475183492,control_1,9.048988200308882,-17.58453849547376
2024-08-19,34.308705660314,42.46290245814499,48.51789336672297,31.902013535451086,2.019827222683322,28.66948107880205,control_1,16.615879831271887,-8.154196797830991
2024-08-27,29.642591916108653,15.199302565770719,28.540064090397834,11.875451914200575,2.967826600856197,140.20632867939173,control_1,16.66461217619726,14.443289350337935
2024-08-29,23.52348612524925,28.96901880706229,35.07060282692507,35.09731364127611,3.6720464893776366,252.67010633279025,control_1,-0.02671081435104128,-5.445532681813042
2024-09-05,40.77410419087606,28.41847237444633,42.99376055094129,22.528065227476805,2.51684031539185,256.8898150960705,control_1,20.465695323464484,12.355631816429728
2024-09-20,51.906931302866724,39.853961980174866,61.43616209815078,42.50706734535677,2.077343149336291,124.7718780019448,control_1,18.929094752794015,12.052969322691858
2024-09-29,39.46822467583572,39.36880237579713,50.498782070403976,43.45582713240359,2.391437432850164,144.67194373574182,control_1,7.042954938000385,0.0994223000385901
2024-09-30,42.87517759275838,32.02198412565453,50.81862035044842,28.030581820268583,3.1929335650869812,240.21998477858568,control_1,22.788038530179836,10.85319346710385
2024-10-02,46.16497692175941,45.0687983919967,53.352417351985125,57.06265941771062,2.7425958080535655,157.8977919072297,control_1,-3.7102420657254953,1.0961785297627102
2024-10-03,42.09802321238019,22.818410244987028,50.253572458782216,27.044784712898274,3.3648599909443218,257.1731560282136,control_1,23.208787745883942,19.279612967393163
2024-10-20,22.76604930425265,33.68097142091223,38.14900654164527,17.22666887803344,2.924956928237819,24.562577220575236,control_1,20.92233766361183,-10.914922116659579
2024-10-21,14.157948633132674,17.13113144215894,3.60695626499861,24.378992050598317,2.662904409400102,10.766559607570628,control_1,-20.772035785599705,-2.973182809026264
2024-10-22,59.90057119463585,51.78908560493799,47.19922809744105,50.87978057599116,2.036042315178224,188.60342673715692,control_1,-3.680552478550112,8.111485589697864
2024-10-25,20.346417631359106,37.152033381718496,48.64875164967471,27.03331989877414,3.0668729761760325,271.3715882324161,control_1,21.61543175090057,-16.80561575035939
2024-11-14,22.405413112939446,43.58277489337364,83.69366835922867,30.670864004476975,2.4742450043629423,6.963556880701219,control_1,53.02280435475169,-21.177361780434193
2024-12-21,4.511578436404207,19.94637725256039,11.013213697206613,7.271010559075992,2.6956980861372952,356.12793603874354,control_1,3.7422031381306207,-15.434798816156182
2025-01-09,53.0459270471035,38.67723276041067,48.10603928728705,34.318178270789204,2.170602065006807,254.60147976751966,control_1,13.787861016497843,14.368694286692829
2025-01-18,57.76104572825844,14.655638182781,43.288970427278954,25.398001903778066,2.118353221431146,213.54850281422875,control_1,17.890968523500888,43.10540754547743
2025-01-20,21.265912905610143,0.8705237726612777,10.881041075139636,-1.604153120839492,2.356463413098855,248.99658400881572,control_1,12.485194195979128,20.395389132948864
2025-01-25,39.1959034765904,36.357043573079196,30.75262996824056,33.91173498236581,2.37108765932095,210.70600894821962,control_1,-3.159105014125249,2.8388599035112065
2025-02-11,36.08092368934209,41.20721970209573,44.88845247490916,36.39049426028022,2.008307024591571,247.9743210816374,control_1,8.497958214628937,-5.126296012753635
2025-02-12,36.907233669816456,33.91982764596928,44.93748129678251,40.49188053657495,4.441332443386553,263.66530257039926,control_1,4.4456007602075545,2.9874060238471785
2025-02-24,50.704326746826915,25.030439666944947,46.8743800103386,21.158072333249738,2.0054589512641927,304.26044822752425,control_1,25.71630767708886,25.67388707988197
2025-02-26,67.69586486891401,52.853286943673886,65.02765289731444,49.818963196853254,2.628528095197941,258.69688399862025,control_1,15.208689700461186,14.842577925240128
2025-03-04,48.04517739351464,27.543950836845152,51.51676267593417,34.9805796065413,3.7641938168271616,1.0084002654563733,control_1,16.53618306939287,20.50122655666949
2025-03-08,5.940206173728399,25.350473260776457,4.744255398918829,5.368131586430143,2.676595886735495,19.997771193339133,control_1,-0.6238761875113132,-19.41026708704806
2025-03-09,25.468682003258564,22.136975398285905,42.27116868612046,29.145843996169287,3.12633991397312,21.41177241366762,control_1,13.125324689951174,3.331706604972659
2025-04-12,26.87523909480122,27.06623825640187,34.33017488089349,41.325121894582296,2.055566254472652,117.64739269105019,control_1,-6.994947013688808,-0.19099916160065078
2025-04-13,33.81415388918657,22.1312134733213,40.35854501312856,29.98101635019586,2.4053415450305997,229.63522802755242,control_1,10.377528662932704,11.682940415865271
2025-04-14,37.940890201828175,39.862947864656334,45.93958419265921,36.13552692150031,3.469532593263758,254.9741956172093,control_1,9.804057271158904,-1.9220576628281592
2025-04-15,64.19302804298103,63.62325695762199,68.74033927782222,36.023877147984635,2.1250061741255593,130.91192708213362,control_1,32.71646212983758,0.5697710853590365
2025-04-19,46.04023807669772,31.97544523303626,45.78358291323885,32.37354796500939,2.258293328981733,117.50433435288068,control_1,13.410034948229466,14.064792843661458
2025-04-26,43.3982800920479,40.095462068514784,44.6541930969905,34.71035172618295,2.0613543816806184,122.1244737602018,control_1,9.943841370807547,3.3028180235331135
2025-05-02,41.32344277672092,56.27038420448525,47.591817613233566,35.71501328830922,2.190671055593897,38.81964508860551,control_1,11.876804324924343,-14.94694142776433
2025-05-04,35.82562388950962,36.78211321684614,43.614058799823106,36.8760419125746,2.7059587648408323,149.59751671758397,control_1,6.738016887248506,-0.95648932733652
2025-05-06,40.59164421183833,47.91658869387568,65.57453282687008,40.746367663404975,2.493618162055144,264.73586587632644,control_1,24.82816516346511,-7.324944482037353
2025-05-19,25.27732772009426,31.510533487830227,26.651382051645143,26.671865378556586,2.374993989885974,43.81023794534434,control_1,-0.02048332691144239,-6.233205767735967
2025-05-28,41.183000154485555,52.362036195529754,51.719272529081756,35.45456751954898,2.0918176555608667,42.142059111936874,control_1,16.264705009532776,-11.1790360410442
2025-06-01,30.70307287275861,29.63075806027057,30.585946282218863,23.984264177901096,2.900612253836046,156.4183058987187,control_1,6.601682104317767,1.0723148124880417
2025-06-02,39.974183029862736,53.24677781623699,50.55790332248676,38.64877710854468,2.2737444882288074,141.11042687963902,control_1,11.90912621394208,-13.272594786374256
2025-06-03,33.946634951660755,35.31857796533008,44.736178151139036,31.235491432143448,2.0690455244736063,134.01964113698722,control_1,13.500686718995588,-1.3719430136693234
2025-06-06,45.75591273011647,44.11987464915852,58.27022511135249,46.401511909863096,2.196867103095039,127.39276403995206,control_1,11.868713201489392,1.6360380809579524
2025-06-12,42.19684951591585,28.993458559770385,38.72488255637185,34.44903476903951,2.0287781239136895,133.74630442189152,control_1,4.275847787332346,13.203390956145466
2025-06-19,33.25089028966936,13.768979326571518,39.89986548865866,26.21047673546133,2.291467272897293,136.1358088365988,control_1,13.689388753197331,19.48191096309784
2025-06-29,34.91534635028769,36.140619059954226,45.07204163294715,36.90254443555136,2.270344049767349,182.41150560820876,control_1,8.169497197395785,-1.225272709666534
2025-06-30,40.302884126624576,37.11474079324162,42.84152127408876,41.921237472083014,2.5884560537386605,152.27307835467127,control_1,0.9202838020057484,3.1881433333829534
2025-07-01,36.054886105468576,37.21800401633218,43.39501424802935,29.259783218755057,2.5469714218532227,141.68671532897127,control_1,14.13523102927429,-1.1631179108636047
2025-07-02,39.97515681599735,25.36318699036816,35.77130828131787,29.96339137656773,2.111099205249049,127.97314450827548,control_1,5.80791690475014,14.611969825629192
2025-07-06,26.569693466469104,25.496984599426362,35.57924464333759,27.441731311486084,2.1458182985997603,148.76583338826856,control_1,8.137513331851505,1.072708867042742
2025-07-07,38.92143373613848,45.89534354738914,53.64422557948823,35.630055038266555,2.11249552917629,149.3646481363919,control_1,18.014170541221674,-6.973909811250657
2025-07-11,27.599557331343647,32.574834394338716,34.10365395802036,25.049329628505266,2.873570453174619,157.28226231356075,control_1,9.054324329515094,-4.975277062995069
2025-07-12,22.821304025339696,29.069802185230774,25.6193853197476,24.370776372003828,2.1836436950564275,131.30537532530968,control_1,1.2486089477437723,-6.248498159891078
2025-07-13,27.606263404879574,36.17172033911223,38.52297503635351,19.294079936051546,2.936903610227535,149.37585195478601,control_1,19.228895100301962,-8.565456934232653
2025-07-14,44.73770594696585,25.02975821573765,36.041400326088066,28.077248119738613,2.864133575649423,127.94848567951067,control_1,7.964152206349453,19.707947731228202
2025-07-15,40.86486578586024,38.99970603091908,40.93745975130879,40.550604005125045,2.364165795744316,182.11295101313553,control_1,0.3868557461837483,1.8651597549411605
2025-08-02,21.303924599894582,20.057591176121115,20.948249149837217,14.42074845351238,2.0388443035822488,128.28063320960757,control_1,6.527500696324838,1.2463334237734678
2025-08-09,33.30258212152802,34.57835013417505,35.78647824887631,34.22961623210767,2.233531395909434,144.94944460034014,control_1,1.5568620167686404,-1.2757680126470277
2025-08-10,25.4618906147938,29.893949967941495,38.850464106318825,36.815554312878376,2.371540640833701,165.07764813179108,control_1,2.0349097934404483,-4.432059353147697
2025-08-13,49.18020310406686,32.04694202972227,41.953954080019415,28.681827963132445,2.232385128642658,122.19993177391092,control_1,13.27212611688697,17.133261074344595
2025-08-21,49.83422089294205,57.1285369973869,59.32191891434507,46.87517862436936,2.2536316100058853,169.64499752805773,control_1,12.446740289975708,-7.294316104444853
2025-08-22,44.29707238215485,41.00660900910939,46.47871867354066,34.129954106546364,2.7699471967227245,234.60644321530134,control_1,12.348764566994298,3.290463373045462
2025-09-16,32.677726070782384,36.03420136547666,46.88651087582247,36.05323869638829,4.142986857758857,274.8565258575819,control_1,10.833272179434175,-3.3564752946942775
2025-09-18,55.16359869078327,63.27905364910541,67.85867907886565,45.21840401944877,2.7184921514167013,155.37584403387245,control_1,22.64027505941688,-8.11545495832214
2025-09-23,58.63988117818889,41.56088595030321,57.6477525193281,41.52147836705826,2.973640568776734,254.1821591128068,control_1,16.126274152269843,17.078995227885677
2025-09-24,77.99619385945259,90.66705083165553,89.60429382194106,73.43233247468739,2.3841427346698136,153.64338445122337,control_1,16.17196134725367,-12.670856972202941
2025-09-28,23.569519422050714,32.880910056305986,26.79251231778576,23.012889063176786,2.2203591525563025,16.22502963065739,control_1,3.7796232546089747,-9.311390634255272
2025-10-05,43.00681999692095,30.51361658249436,22.809462144627695,31.39341135071631,2.3038965738285486,215.79710560010216,control_1,-8.583949206088615,12.493203414426592
2025-10-06,20.283827963741174,23.035507975879604,40.077348342495256,25.570168041210245,3.3488462057608723,239.05218795335293,control_1,14.507180301285011,-2.7516800121384293
2025-10-13,36.591629510006356,32.51522786787035,35.16358957465126,36.81081787651307,3.763080500178672,234.89501918250028,control_1,-1.6472283018618086,4.076401642136005
2025-10-14,35.34632716740829,27.166755216007683,35.93360474820349,31.25612531681978,3.296714765376394,243.37001655935083,control_1,4.677479431383713,8.179571951400607
2025-10-19,3.316464508134635,18.24670611411986,20.50124237038847,13.709358017513624,3.612137576055019,32.87146673399735,control_1,6.791884352874847,-14.930241605985225
2025-10-26,35.14739001158635,25.9575673431015,23.878206936737975,18.45029247978141,4.188738002992619,12.13414544196064,control_1,5.4279144569565645,9.189822668484855
2025-11-08,45.855856049982066,18.004706554275046,29.919937381459658,19.666185955072383,2.6352459393046526,252.04109088893125,control_1,10.253751426387275,27.85114949570702
2025-11-09,25.66488295943783,-2.1593194193763154,5.658969012769263,29.09316615245249,2.202624651994615,265.5651101400972,control_1,-23.434197139683228,27.824202378814146
2025-11-19,38.3249324808137,48.41705479961944,38.26274226054772,34.90912327284457,2.9049501454621254,272.06231846126684,control_1,3.3536189877031504,-10.092122318805743
2025-12-07,10.836399497384956,5.163196677111424,8.416613290016594,4.152415659616934,3.930786636770748,22.819995694629426,control_1,4.26419763039966,5.6732028202735325
2025-12-29,20.719582167906466,16.26802112028523,4.933632144542626,6.948724291826278,2.2982819516899107,234.10282938850895,control_1,-2.015092147283652,4.451561047621237
2025-12-30,79.9365026432105,17.649791550989566,33.02837548477515,29.029134997930093,2.591278364640622,254.82569384505098,control_1,3.9992404868450535,62.28671109222094
2026-01-15,47.608418715533695,48.928486977985415,61.78299879777964,42.990143172238085,2.3457130510762596,189.46347107098535,control_1,18.792855625541556,-1.32006826245172
2026-01-16,58.30269365126096,20.372610067266848,33.87012532279324,27.424871919715763,2.984615986867225,232.29465487736246,control_1,6.44525340307748,37.93008358399411
2026-01-17,61.188280393899504,13.53744101508696,40.59797696010007,32.07289175296105,2.900495676233783,245.2261751817363,control_1,8.525085207139021,47.65083937881254
2026-01-18,53.600185378190744,32.088044580093005,33.23484299029137,34.86070266469178,2.244717768959831,238.39487228403115,control_1,-1.6258596744004095,21.51214079809774
2026-01-19,36.82241117515834,1.6042441586791536,18.95986279516283,1.3920019796945542,2.5860899202231025,240.31918117140737,control_1,17.567860815468276,35.218167016479185
2026-01-20,90.28413055249167,35.09565565619582,47.570479778526725,45.449689743985076,2.1474793279072006,238.0208111290479,control_1,2.120790034541649,55.18847489629586
2026-01-23,40.489544321239954,22.062950932197378,28.433042820042978,22.678638266865775,3.1089701368728653,248.0178608368824,control_1,5.754404553177203,18.426593389042576
2026-02-05,57.17869997425335,46.355864536172085,45.549278481293705,37.63548737811371,2.249171793837982,262.3812772865102,control_1,7.913791103179996,10.822835438081263
2026-02-09,18.333152265943806,18.333152117412556,18.333152324079276,18.333152300857744,2.105048889760621,14.123223299633025,control_1,2.3221531364470138e-08,1.4853124952196595e-07
2026-02-10,67.07991905045773,28.2349041693022,46.44675834948806,31.13855865878222,2.202891279141321,213.29396927167957,control_1,15.308199690705838,38.845014881155535
2026-02-11,87.12014929929136,57.94911265864502,91.4750997311387,65.42567540063962,2.1641428958793782,217.10250831037155,control_1,26.04942433049908,29.171036640646335
2026-02-21,35.44179841961521,53.27434266187069,35.40606322837393,27.71208488013393,3.796884976689907,263.96042948599444,control_1,7.693978348240002,-17.83254424225548
2026-03-04,6.28248146815861,20.657675456325077,25.05127254548917,23.205890795403743,3.0614858073354796,47.15578170969928,control_1,1.8453817500854264,-14.375193988166465
2026-03-14,35.22580144486338,20.96703774213275,27.10986684929746,23.62439585076776,2.603103199522856,125.22297570576012,control_1,3.4854709985297028,14.25876370273063
2026-03-22,65.57088760525852,63.48446793062317,58.784159459151056,48.11963127766442,2.120460486928718,176.5937938781192,control_1,10.664528181486638,2.0864196746353514
2026-03-27,101.87219099100278,58.52748028399944,104.3487674167426,76.70263270625279,2.2265981275678883,229.46693199970207,control_1,27.646134710489818,43.344710707003344
2026-03-30,45.510977258883244,37.7197240657729,67.03920270134674,47.64813543468046,2.0531067017427236,205.11902190359854,control_1,19.391067266666276,7.791253193110343
2026-05-04,37.50642959459524,66.05210553005874,56.1526862193248,47.79140379960126,2.1618101242127508,42.09284827586117,control_1,8.361282419723537,-28.5456759354635
2026-05-08,44.28901916090217,54.21725790938114,52.851812283470835,42.17006247805268,2.1070635919315146,49.71781115839127,control_1,10.681749805418157,-9.928238748478968
2026-05-27,50.45026686982782,44.962704911923446,61.1963432598659,40.323895205091944,2.4350390861971034,167.5520400282296,control_1,20.872448054773955,5.487561957904376
2026-05-29,35.74695358760365,43.38686635100279,36.967626651414186,36.43537299516359,2.4073654594530467,129.23858072292364,control_1,0.532253656250596,-7.639912763399138
2026-05-30,45.27858509400261,18.925394860084015,42.79759710270651,27.754472778830518,2.344486985216563,132.60058693286095,control_1,15.043124323875993,26.353190233918593
2026-05-31,22.593751502683205,21.68136054105587,26.724123809833152,21.665289544303405,2.588170942934479,152.71782307908416,control_1,5.058834265529747,0.9123909616273345
2026-06-01,29.493019895088846,35.938446336841956,31.75513120445652,22.178623797422155,2.049424001462689,165.33682094860671,control_1,9.576507407034367,-6.44542644175311
2026-06-12,27.783609816477124,30.606058931511836,40.96465822431974,26.512786750362842,2.0708153701996808,143.88985185824743,control_1,14.4518714739569,-2.8224491150347113
2026-06-13,27.7425379419242,24.482648695614778,33.78094527124062,20.550345058765206,2.7215307276843848,242.4908257230737,control_1,13.230600212475412,3.259889246309424
2026-06-14,27.82334760950193,24.156351275416846,31.904332055403103,22.994895681792432,3.1389128467906984,234.51503330400365,control_1,8.90943637361067,3.666996334085084
2026-06-16,30.555804223502253,31.428251590389692,31.805103372991987,30.341982516537268,2.4648562221711794,139.952461543143,control_1,1.4631208564547187,-0.8724473668874388
2026-06-17,33.78897433584624,29.99185109755814,38.59390308984887,30.34558023208977,2.4291745700256575,138.0384954923041,control_1,8.248322857759103,3.7971232382881013
2026-07-05,45.73399634360964,45.987327814018144,42.97825855744588,42.61053179275425,2.203615365813495,156.7451993773716,control_1,0.367726764691632,-0.25333147040850434
2026-07-08,32.74027440369418,23.452586256275204,29.540196683384647,32.19502617260255,2.2557265247364477,136.8053081055619,control_1,-2.6548294892179065,9.287688147418976
2026-07-11,41.07722104896794,48.94812254711521,44.964072578727745,39.34273496425426,2.4589377888775648,37.58059350637615,control_1,5.621337614473482,-7.870901498147269
2026-07-19,36.62821548975174,28.816906324881767,30.822680190935042,36.579635059152736,2.1063658697683514,149.09258393244187,control_1,-5.756954868217694,7.8113091648699715
2026-07-26,19.729130880783586,28.07647883575249,20.89065586402131,16.829576339325975,2.546098197419364,39.5372984263397,control_1,4.061079524695334,-8.347347954968903
2026-08-02,29.596393207558027,25.66147211224638,18.887194211317418,15.987439018851507,2.2171813409309284,137.00318396788532,control_1,2.8997551924659106,3.9349210953116476
2026-08-03,42.32094906846104,41.96687075522281,44.685671619187346,39.69730028794174,2.46462674483797,205.42754378291767,control_1,4.9883713312456095,0.354078313238233
2026-08-10,30.396653596576257,20.561086492284982,36.98800723613467,23.58075615153782,2.0593183573998117,134.158812540869,control_1,13.40725108459685,9.835567104291275
2026-08-11,31.409155399937525,37.192148572703736,36.67494278452849,33.74775101365553,2.280777405299338,135.57198669226273,control_1,2.927191770872959,-5.782993172766211
2026-08-22,30.478166062435466,30.812553767314004,30.42100636352305,28.844637732694785,2.3489330015397827,45.120299182621125,control_1,1.576368630828263,-0.3343877048785373
2026-08-24,56.85980439466777,69.63177374026266,55.236231111511046,53.51924191229118,2.3496170656464033,242.23651172279932,control_1,1.7169891992198671,-12.77196934559489
2021-07-10,14.305903343931211,17.026156201145355,10.252805766228802,19.24813284831508,2.079523756501351,149.79411580902007,control_2,-8.995327082086279,-2.7202528572141436
2021-07-11,17.402984040403947,14.380149128603753,14.405677356673896,19.190651725537275,2.3939825099494576,153.53279736959075,control_2,-4.784974368863379,3.022834911800194
2021-07-12,26.95273106714668,23.151687257736008,25.92920082238411,28.285549683052,2.452291600887164,142.99720010764838,control_2,-2.3563488606678895,3.8010438094106718
2021-07-13,17.242846804691112,15.827976739579828,23.379937821424548,16.48291057319427,2.135457087802505,145.63211919150717,control_2,6.897027248230277,1.414870065111284
2021-07-14,26.194809089306176,39.26543594204539,28.13116882064718,27.321173082377392,2.1361075917703225,141.6110640489302,control_2,0.8099957382697873,-13.070626852739217
2021-07-24,9.772950387969093,17.84929486164934,23.854738563018355,20.312389450130947,2.6412625461594446,167.31149887638412,control_2,3.5423491128874076,-8.076344473680248
2021-07-25,13.720481719325324,14.71321769309338,18.507540566270453,15.864325217628615,2.4677789642340042,151.63379450079447,control_2,2.6432153486418386,-0.9927359737680561
2021-07-26,17.02349390449515,18.58976163931634,13.18250907024046,13.762639643250221,2.4395036938510613,159.31835049503889,control_2,-0.580130573009761,-1.5662677348211886
2021-07-29,17.969166848618805,19.251315746765762,20.35417395217188,18.043013412560896,2.08103784237731,175.65715972975386,control_2,2.3111605396109844,-1.282148898146957
2021-07-30,23.53172554897711,15.116327375463012,28.205102594971134,30.883578887127012,2.059570274360375,178.85401647185836,control_2,-2.678476292155878,8.415398173514099
2021-08-05,16.291215074650875,14.151563024243488,17.75091279926863,16.079242283650398,2.5420684578835226,121.1665354402403,control_2,1.6716705156182314,2.1396520504073866
2021-08-10,15.527408549814878,21.03748526506464,11.454434619534196,14.175891114692583,2.135131180794059,172.61903646779115,control_2,-2.721456495158387,-5.510076715249761
2021-08-11,13.163943183615391,25.079685670634447,16.404059899682156,20.69809632502953,2.078622912873429,189.5302580231003,control_2,-4.294036425347372,-11.915742487019056
2021-08-28,18.757887143492226,24.140373676564888,16.287661196346523,30.639818689233405,2.1979041334375693,201.33613274987835,control_2,-14.352157492886882,-5.382486533072662
2021-08-29,25.686713304405576,24.178624197191006,24.492635364500547,24.389147221651104,2.4482343627552057,157.5690137649459,control_2,0.10348814284944297,1.5080891072145697
2021-09-01,18.039942958061772,29.818969166154506,14.808803930139259,20.8357835179966,2.5757775279885404,195.34965916641747,control_2,-6.0269795878573404,-11.779026208092734
2021-09-12,12.67261188402328,17.33335460570398,31.38220892417921,2.6634360180536114,2.2795466674176126,136.54409128194095,control_2,28.718772906125597,-4.660742721680702
2021-09-15,11.187766867252275,13.63346554923758,22.683172298037967,16.60500286888552,2.9346230359659082,143.1435345352627,control_2,6.078169429152446,-2.445698681985304
2021-09-16,20.83907937025988,45.59815650604999,17.18078624119352,40.88844359281312,2.117259348795297,250.6280254412801,control_2,-23.7076573516196,-24.759077135790108
2021-09-21,21.044834732548846,15.844450294188302,30.47756197331025,40.74024222316926,2.074422060184882,275.9080180830587,control_2,-10.26268024985901,5.200384438360544
2021-09-24,25.77958921988901,45.231214173928606,11.16798741808453,38.900673641919624,2.5908320482879277,257.6324774793654,control_2,-27.732686223835096,-19.451624954039595
2021-09-26,44.950706506222225,23.143400692597705,25.541294422118135,30.157997177054394,2.421907386952588,356.3575882444329,control_2,-4.616702754936259,21.80730581362452
2021-09-28,20.612781022659863,15.997080944578906,13.532942885911362,12.16812781407506,2.383743952333026,53.621421353800315,control_2,1.3648150718363024,4.615700078080957
2021-10-01,8.118406539656602,25.575624229730998,21.240217489705234,29.65405160703046,2.1627513158717218,194.94517889414732,control_2,-8.413834117325226,-17.457217690074394
2021-10-10,4.364859456301008,4.454416992437783,8.835847291255007,-3.4086786482001683,2.310000567112101,99.08514206395239,control_2,12.244525939455176,-0.08955753613677508
2021-10-29,5.169904837604534,11.658189194838185,6.8795282724698925,2.8930391402951607,2.3663639334211686,155.48963351083955,control_2,3.9864891321747318,-6.488284357233651
2021-10-30,23.306416425023436,31.323735821753143,21.654445724025155,26.902420698477687,3.8402196885381077,261.441316880339,control_2,-5.247974974452532,-8.017319396729707
2021-10-31,24.02740821935577,32.09553778757124,28.120415264024583,33.786657261844496,2.6896721203133147,286.23152883945573,control_2,-5.666241997819913,-8.068129568215468
2021-11-05,2.816982263428671,-4.776176817961238,4.222847593217153,-18.768910089665937,2.1620498242368646,42.36451574597527,control_2,22.99175768288309,7.593159081389909
2021-11-06,9.504046841651867,10.278988323984592,7.842131687873189,16.50693939972436,2.8237792505612496,32.49587609008938,control_2,-8.664807711851171,-0.774941482332725
2021-11-08,50.39414681509815,3.442133127542805,46.49976260815634,50.86186846155323,2.5989199952507214,296.2742484279865,control_2,-4.362105853396891,46.95201368755535
2021-11-09,4.598530939822012,4.0160612246343526,4.260547961160237,4.222524625870429,3.5995699800679293,53.10758736065668,control_2,0.03802333528980739,0.5824697151876599
2021-11-17,0.20845310374394266,30.140238377142808,-20.294756288322276,18.925117039493657,3.512615811713914,260.8233458809474,control_2,-39.21987332781593,-29.931785273398866
2021-12-02,42.420520103559326,51.86026478851053,71.28519652408727,50.64663295715515,2.1844672309223907,142.03928093953914,control_2,20.63856356693212,-9.4397446849512
2021-12-11,-3.0973902467463335,-6.052851038010805,-3.31027997873078,-23.125111445193387,3.570874964997687,58.03145584696887,control_2,19.814831466462607,2.9554607912644713
2022-02-11,26.927104744797525,50.19807633281703,31.25458622956036,49.696351009538425,2.2202002517194668,241.05053702242867,control_2,-18.441764779978065,-23.270971588019506
2022-02-12,38.05501878472464,46.78634715332365,45.344255287677235,66.97892691304507,2.5527773538707077,257.48787464426965,control_2,-21.634671625367837,-8.731328368599016
2022-02-22,12.112982479359507,20.138565743269304,19.063486541309707,23.331539373609697,3.296390942580871,268.1200584350013,control_2,-4.26805283229999,-8.025583263909796
2022-02-23,23.744970589019974,72.80476689664901,41.354222121223586,50.012912451346466,2.0745196934736274,243.27145166393797,control_2,-8.65869033012288,-49.05979630762904
2022-03-03,0.2977253147487762,-4.8077313022427175,11.231318168977872,1.5687548474552238,2.384021823585373,122.39840217622765,control_2,9.662563321522647,5.105456616991494
2022-03-05,19.331158847307528,27.668551098775865,16.049880855201987,25.555391688521773,2.1810886135114025,177.9743416876754,control_2,-9.505510833319786,-8.337392251468337
2022-03-09,-1.2953638670540488,47.7422245339475,23.662208230413864,34.54904901703976,2.146514784380146,245.82924922030463,control_2,-10.8868407866259,-49.03758840100155
2022-03-12,21.43753951074457,-34.82908512530684,28.803090150372526,8.290396470572535,3.226391874878248,5.58328314360341,control_2,20.51269367979999,56.26662463605141
2022-03-19,17.226000384967087,3.9699318764340203,7.846615707717745,-6.824736621204291,2.267027965769706,104.7389513120225,control_2,14.671352328922037,13.256068508533065
2022-03-30,6.931659424330401,9.98151803445545,11.823164741913649,14.058539010570438,3.002834001049791,104.62838239257144,control_2,-2.2353742686567895,-3.0498586101250487
2022-04-06,33.42935967484997,50.621462735027755,28.170454330107773,51.76485955204136,2.3322559631766278,276.1309649769471,control_2,-23.594405221933584,-17.192103060177786
2022-04-08,5.672150766280944,5.087072570091297,1.6895170810758604,4.942656809771616,3.9856302688792593,88.51044550940134,control_2,-3.253139728695756,0.585078196189647
2022-04-09,0.8681993196780996,-0.6170378062702622,6.669363859638397,-7.882804926684118,2.2337439030140644,104.47771273966907,control_2,14.552168786322515,1.4852371259483617
2022-04-26,11.607424891073162,5.987863086727629,18.142537424757236,5.980200497270192,2.5524561260547807,52.62177209480359,control_2,12.162336927487043,5.619561804345533
2022-05-06,16.481890257628283,3.697853015287613,10.00330709282442,12.039858573887532,2.4433894233343443,39.169610200382635,control_2,-2.0365514810631122,12.78403724234067
2022-05-21,25.393292063985133,31.41494323479347,23.736562427022143,27.332675239966274,2.021157423893079,190.8135361816105,control_2,-3.5961128129441313,-6.021651170808337
2022-06-16,0.5693427681287218,-0.028811827339193324,-2.538101793332035,-1.5934495501393804,2.3378971844022836,48.0615134159969,control_2,-0.9446522431926545,0.598154595467915
2022-06-21,15.262603567605414,21.134912211561065,11.381525184477042,10.79952875068468,2.079890933646941,179.15760553653195,control_2,0.5819964337923622,-5.872308643955652
2022-06-22,21.788380138839017,30.474645572978616,44.202495009933706,34.2134779129998,2.2850800650278402,146.10789243293004,control_2,9.989017096933907,-8.6862654341396
2022-06-24,4.10966159956933,13.290294440462425,17.993021322091668,15.99173279682467,2.2942579706842325,230.77683319636233,control_2,2.0012885252669985,-9.180632840893095
2022-06-25,20.68517687486821,28.009309320359435,18.723786892131134,28.897428300810102,3.839392431396208,259.59722300511027,control_2,-10.173641408678968,-7.324132445491227
2022-06-26,33.086183487324995,32.40808298205504,33.85375813982514,40.84731607179607,2.409523881560603,253.18073455742402,control_2,-6.993557931970933,0.6781005052699527
2022-07-11,19.012060436663916,21.3703310868296,32.292568791744465,17.070805811765293,2.2095515177151928,226.02756347286928,control_2,15.221762979979172,-2.358270650165686
2022-07-12,18.680525322442666,29.757580856038384,34.69005739286564,21.257085627703557,2.8366397544182727,143.9411070797088,control_2,13.432971765162083,-11.077055533595718
2022-07-13,20.125863376496866,23.538216022820876,21.407589974929127,16.83847221582646,2.1225919083861045,150.83245562442346,control_2,4.569117759102667,-3.4123526463240097
2022-07-24,17.141788749023537,24.417655024043988,22.008733380174128,29.184888423501313,2.2290089458550164,186.613007347665,control_2,-7.176155043327185,-7.2758662750204515
2022-08-05,19.527157012693113,29.060106158320107,26.357937940105487,20.526227680273895,2.5126730564541604,184.87166120211006,control_2,5.831710259831592,-9.532949145626993
2022-08-23,14.890392074698626,22.43476156901783,36.71880708444962,17.570001112383977,2.009561882405484,155.36536147685547,control_2,19.148805972065645,-7.544369494319204
2022-08-27,14.72588903119005,15.595070892608812,18.174586349057392,9.325085002177037,2.6192399979533842,130.33351219071278,control_2,8.849501346880356,-0.8691818614187614
2022-09-05,17.83460740802322,17.263846967270062,17.45311596935163,24.090411762703784,2.624710032544512,188.51931879863693,control_2,-6.6372957933521555,0.5707604407531583
2022-09-09,27.86438559612685,36.53475552496422,23.97239507535913,36.79254665842442,4.498761532497574,251.52080049533834,control_2,-12.82015158306529,-8.670369928837367
2022-09-18,28.28037064974143,25.506298776662334,36.44833047551111,32.71624990814836,2.688017204624517,256.57330086999184,control_2,3.7320805673627504,2.7740718730790945
2022-09-20,37.43273836116973,46.77768084168382,34.25888370463037,44.49028767027895,2.1727224325803376,268.84287214542013,control_2,-10.231403965648582,-9.344942480514085
2022-09-22,27.988736410253257,18.760872310607695,26.23783415718732,35.24752780110858,2.5997803603206773,52.571643694620434,control_2,-9.009693643921263,9.227864099645561
2022-10-01,22.627158085395717,30.77231808892285,24.854313406738918,19.97168060538725,3.64258191739461,260.76342119765525,control_2,4.882632801351669,-8.145160003527135
2022-10-15,46.811061784643634,59.48507543908172,38.97815747624025,58.349048864038316,3.3267675377217705,265.58471666166855,control_2,-19.370891387798068,-12.674013654438085
2022-10-22,4.00347343727755,12.514490421423034,10.440899453505947,10.183111705940481,2.597128681035687,119.89968246851214,control_2,0.25778774756546596,-8.511016984145485
2022-10-27,40.04890933162399,6.709246365094046,15.133346224362382,22.670654962253813,2.3125477159527605,3.3999299423267075,control_2,-7.537308737891431,33.33966296652994
2022-11-05,12.194888909077665,14.857783611751564,17.35154208977821,7.8009369876141195,2.6103645505658815,89.81925783910037,control_2,9.550605102164091,-2.662894702673899
2022-11-14,46.590176093669555,39.74976335582406,35.96656929898922,46.35219813934888,3.1753787832449576,252.69095405276,control_2,-10.385628840359658,6.840412737845497
2022-11-15,9.114013957364945,28.25515546051141,13.824396943985432,43.80454059567795,2.3781968691554995,262.0351670602636,control_2,-29.980143651692515,-19.141141503146464
2022-11-17,-7.106518100318831,-4.518284763158954,-15.077845408710626,5.5217001820366,3.6059997059295954,271.91362713774146,control_2,-20.599545590747226,-2.5882333371598767
2022-11-18,15.927749402262902,23.707910752125922,25.074332602287488,25.158867096382437,3.1748189654662853,265.0999354979211,control_2,-0.08453449409494951,-7.78016134986302
2022-12-03,-1.4531779389577577,-17.785236849120402,-6.48880242390352,-2.2726679708994237,2.2147846157933215,257.106007784944,control_2,-4.216134453004097,16.332058910162644
2022-12-10,8.454840021230675,8.454840098749695,1.7309262947152757,8.454840001669483,2.3609733402769963,342.073499873121,control_2,-6.723913706954208,-7.751902053598769e-08
2023-01-27,7.4418230239439485,7.441823287533999,7.4418230807484465,7.441823010152229,2.1550153544344335,108.16630887073404,control_2,7.059621776051017e-08,-2.635900502312438e-07
2023-01-29,11.394794919142468,12.005606904973899,19.080334630199957,10.292522224841695,2.976277479049884,251.89550942826634,control_2,8.787812405358261,-0.6108119858314307
2023-03-16,31.926652275423148,45.453754976377056,31.62453577475,43.053731029571786,2.8241491132613907,267.95720665490063,control_2,-11.429195254821785,-13.527102700953908
2023-03-18,20.242670333068297,-6.962002720156309,13.17047899558869,34.758895166348914,2.129367133717325,298.860686863076,control_2,-21.588416170760226,27.204673053224607
2023-03-21,27.391135616305487,26.237289184336603,6.415945313574434,30.680666795249472,2.751373319618344,225.6111605627522,control_2,-24.26472148167504,1.1538464319688835
2023-04-01,10.69931779334776,4.396212725173043,7.490409568832188,4.22056180086389,2.135390054892256,65.60638878704674,control_2,3.2698477679682982,6.303105068174717
2023-04-17,22.01229960210161,11.157903123350025,3.5896340894336314,8.520430747590034,3.1892096520641315,2.250653680989558,control_2,-4.930796658156402,10.854396478751585
2023-04-28,31.156727211353665,21.12779052092219,19.246855908779306,37.196636711769315,2.3272715414846803,276.1650220195572,control_2,-17.94978080299001,10.028936690431475
2023-05-13,18.884321609688236,29.389936933918882,19.59938705038464,26.73270213744772,3.185156078126413,256.2895918799574,control_2,-7.133315087063082,-10.505615324230646
2023-05-14,23.33831783659067,24.64763731789627,24.666157850161888,24.09172081430775,4.072041572731036,268.5511625060477,control_2,0.5744370358541389,-1.3093194813056002
2023-05-24,25.63413357847843,27.568981577276464,29.788818651761915,27.14520919673721,2.1323887848895122,194.2555045258302,control_2,2.6436094550247056,-1.934847998798034
2023-05-25,19.71091501895383,20.610817583964575,13.156220961742315,17.90533697515335,2.454081374444743,185.85731301530058,control_2,-4.749116013411035,-0.8999025650107448
2023-06-04,4.509292720568035,13.48803899629428,10.616954604358186,6.654585476493233,3.3836306663335187,176.79790319616393,control_2,3.962369127864953,-8.978746275726245
2023-06-05,25.765831024138375,29.615869460564006,28.4780112633199,43.690117591297124,3.6280646050464034,183.57944588695148,control_2,-15.212106327977224,-3.8500384364256313
2023-06-11,24.161875655531,31.668440207293493,23.883291082619778,24.193615370359424,2.4562386775753975,170.9847118537416,control_2,-0.3103242877396468,-7.506564551762494
2023-06-13,21.572781501262025,34.35808269503963,40.36205499215388,29.46825718067859,2.6651188579900644,116.74292971956379,control_2,10.893797811475288,-12.785301193777602
2023-07-01,13.879697752576355,10.098427263410624,13.976447288705812,9.46564386622617,2.486484700078752,154.6892208641085,control_2,4.510803422479642,3.781270489165731
2023-07-02,20.798904826648734,23.548854086810312,31.722034545500993,29.468211702914306,2.6506264300091016,173.51367513747505,control_2,2.253822842586686,-2.7499492601615785
2023-07-03,16.945122906312342,25.312976903356663,24.65164800988938,19.714584836600647,2.4952698267870104,176.84649209622944,control_2,4.937063173288735,-8.367853997044321
2023-07-15,8.366225625202164,12.557074372546692,18.53371639306575,17.198029372693625,2.1335471629414227,166.0988100470288,control_2,1.3356870203721236,-4.190848747344528
2023-07-18,18.931661178527914,21.642313695899922,27.105113363912213,22.17612543114585,2.4600045999927134,187.8168919761786,control_2,4.928987932766365,-2.710652517372008
2023-08-12,11.065516864814539,12.431355224452853,12.196934401699538,5.280176057502525,2.481577004609198,168.204581893213,control_2,6.916758344197013,-1.365838359638314
2023-08-13,14.177155590765883,19.326146205050488,19.998858521674734,19.74350066931736,2.5047677304134934,248.21576651729998,control_2,0.25535785235737407,-5.148990614284605
2023-08-14,22.031558565986295,19.69189061998251,17.04485396419655,28.04107096165348,2.3452426952478995,234.96401820173386,control_2,-10.99621699745693,2.339667946003786
2023-08-18,17.652941092597203,12.092121388453334,10.763325462500879,16.604149211379564,2.4945945816250856,135.14745013494803,control_2,-5.840823748878686,5.560819704143869
2023-08-21,17.8193181554198,20.153202087521027,17.07224130092837,1.4950919122476416,2.3658108135062372,145.67800371554654,control_2,15.577149388680727,-2.3338839321012266
2023-08-24,21.89027169193122,23.073817916900417,18.832293689723294,22.88392786531804,2.412507400797188,249.09094867690095,control_2,-4.051634175594746,-1.1835462249691986
2023-09-01,16.011000983290955,16.27796764349915,20.86927448938364,21.107661860354167,2.536937433693308,223.06220810129656,control_2,-0.23838737097052842,-0.26696666020819393
2023-09-18,4.256136765585868,11.879532845801263,14.521103968932893,3.2398159060697362,2.6455366570303807,145.10219375389806,control_2,11.281288062863156,-7.623396080215395
2023-09-19,12.987866462496065,14.74662007869246,20.986916788327697,14.659330631273543,2.106889273535389,138.09324243876443,control_2,6.327586157054155,-1.7587536161963957
2023-09-20,24.366776238203244,16.273420095716347,31.13508653750562,13.026427909738501,2.8891809963037525,155.76185148649108,control_2,18.10865862776712,8.093356142486897
2023-09-26,13.87577403856597,15.409651094304348,19.67126535463884,15.40965077577157,2.928088080406187,21.45353381793393,control_2,4.26161457886727,-1.5338770557383778
2023-09-30,14.105888594811356,15.976216536304706,29.779502795974196,19.72310544121747,2.5209806820117397,180.59875295725516,control_2,10.056397354756726,-1.8703279414933505
2023-10-01,26.213534974456714,28.094995804675577,26.56806381817889,21.606409301210267,2.155920456761356,181.2916837416392,control_2,4.961654516968622,-1.8814608302188631
2023-10-05,12.996603134446664,30.862161654915038,28.75754366619057,17.130733664084232,2.115297135902377,208.81693210018352,control_2,11.626810002106339,-17.865558520468376
2023-10-06,29.608283544438137,39.95628271127223,29.138049441764764,27.983928527916436,2.926621531741621,263.4802374678369,control_2,1.1541209138483275,-10.347999166834093
2023-10-12,49.55909874446317,35.386368229725456,30.383034605012593,71.43739896891633,2.7476114248416854,289.9395020018592,control_2,-41.05436436390373,14.172730514737715
2023-10-28,31.18923782767871,45.136182072893504,23.317239696156065,31.358068525625786,2.5121714720721013,239.11165353644617,control_2,-8.04082882946972,-13.946944245214794
2023-10-29,17.249231429056493,39.09872613947617,44.274325866217154,39.849282493842715,2.2737735745116345,264.1031038251012,control_2,4.425043372374439,-21.849494710419677
2023-11-02,18.416843138055334,12.133033379912494,26.62437410326046,20.20581583280875,2.4334464274890384,55.94696592299664,control_2,6.418558270451712,6.283809758142841
2023-11-19,17.25523758722185,10.813069989281722,19.733530173390893,16.150445206378937,2.6819185115603656,88.01272525081737,control_2,3.5830849670119562,6.442167597940127
2023-12-01,-8.338470254323695,-9.670038069180357,-11.099624214420613,-11.917192307618445,2.571836812767987,77.03173369178626,control_2,0.8175680931978313,1.3315678148566619
2023-12-12,37.78797962754642,23.71572273618045,18.695754782500195,36.35571459319554,2.227418918690319,274.47808819017484,control_2,-17.659959810695348,14.07225689136597
2024-01-09,-0.3155433899746495,-17.339933941986637,-5.3339312688924485,-7.999214187566453,3.746905645473847,81.77926915935961,control_2,2.665282918674005,17.024390552011987
2024-02-04,18.551579979443027,37.32588379312846,30.182253181139274,30.517716812314223,2.0301724066328495,228.5656214681619,control_2,-0.3354636311749495,-18.774303813685435
2024-03-09,30.353811780681443,4.9802796585440445,12.80564107745307,8.044220338642171,3.212943268742952,11.097340901906762,control_2,4.761420738810898,25.373532122137398
2024-03-14,20.16292245808142,34.22381895151409,12.115608097708524,33.03327403985626,2.029331391802366,249.504273252115,control_2,-20.917665942147735,-14.060896493432669
2024-03-15,30.73307972652805,37.06316549010373,14.240833367238391,33.45832551179797,3.1828558319899103,258.64011410572596,control_2,-19.217492144559582,-6.330085763575678
2024-03-16,58.45581722962207,20.399500850484134,26.893630020323926,49.36359876855932,2.5515198550666325,298.4566245177899,control_2,-22.469968748235395,38.05631637913794
2024-04-09,4.301051400576185,9.327756921203251,9.911135109878149,7.161155606825399,2.5752968648314156,100.49722047603183,control_2,2.7499795030527503,-5.0267055206270665
2024-04-12,31.18633831208569,32.45921812956576,23.609476206506685,32.69100232630872,2.497104642592986,221.0066229883978,control_2,-9.081526119802035,-1.2728798174800708
2024-04-14,16.08372521921229,16.900927985814423,15.987189904235333,11.919218708541433,2.265774377931968,128.35368248401073,control_2,4.0679711956939,-0.8172027666021329
2024-04-17,4.630939200622587,27.82615507821616,14.463232415120295,25.050699518867845,2.503129448367518,215.43568642871531,control_2,-10.58746710374755,-23.195215877593576
2024-04-18,23.194910022178153,20.824880758474563,18.919351849412163,28.1364869036059,2.9931418433825216,248.50544568563342,control_2,-9.217135054193736,2.3700292637035894
2024-04-19,11.231328733662538,27.633171555272703,8.598548371890331,21.82546638698434,3.9031947807210168,265.88709435387545,control_2,-13.226918015094007,-16.401842821610167
2024-04-22,17.451193933237583,20.953904730331892,13.163243092883015,33.48058466389169,2.159389834624319,215.73069071153705,control_2,-20.317341571008676,-3.502710797094309
2024-05-06,5.615865672447802,8.20800387252251,3.3393648652218677,7.794975080287445,2.2686751695606335,68.77304943120953,control_2,-4.455610215065578,-2.592138200074709
2024-05-08,34.32742376359172,35.98214978565129,29.04913011193867,30.14281334997491,2.4473583855577825,189.47193155621855,control_2,-1.0936832380362418,-1.6547260220595703
2024-05-09,11.36514483242191,23.31384123527153,16.42836699174319,18.964616673197767,3.3185091016955615,243.4619735168628,control_2,-2.536249681454578,-11.948696402849619
2024-05-14,11.489915311305696,15.551521530195288,11.602678644700836,20.608049799536765,2.841453352966347,179.08999205612497,control_2,-9.00537115483593,-4.061606218889592
2024-05-15,8.938643383579763,16.085096939063153,11.137458469078995,14.216857263936657,2.061865711486489,153.33624264276386,control_2,-3.0793987948576618,-7.14645355548339
2024-05-16,14.834932459169039,24.410670141512636,23.211990196741674,-2.517719202404948,2.2002967695318976,127.55510560591517,control_2,25.72970939914662,-9.575737682343597
2024-05-17,14.651909318372978,21.12629408441257,12.851975001315079,17.67356496467385,2.852891397088076,128.80809420231083,control_2,-4.821589963358772,-6.474384766039593
2024-05-29,22.320169465164486,11.004008744083716,15.204658623082631,8.507864468258102,3.133042615606295,85.98038892384108,control_2,6.696794154824529,11.31616072108077
2024-05-30,17.316293231963662,15.868527618680755,13.856182669874807,12.371819420575553,2.5615572953100023,161.54058162164472,control_2,1.4843632492992533,1.4477656132829075
2024-06-07,19.63809098605679,27.93061897292972,11.36825226846308,12.20353912563115,2.0991739092272073,196.7795422330906,control_2,-0.8352868571680698,-8.292527986872933
2024-06-09,39.13961682309659,31.93493652073961,19.82745157076938,27.617519173710214,2.403553025098381,132.8669185961303,control_2,-7.790067602940834,7.20468030235698
2024-06-11,12.71375991264185,10.394193696998961,19.104563367553254,15.038785368946455,2.6542553167986944,85.56746979530521,control_2,4.0657779986068,2.3195662156428885
2024-06-12,18.590604699136456,16.87511833805934,15.948882452797125,17.70072225611179,2.1319268372043076,166.42935298186012,control_2,-1.7518398033146632,1.7154863610771152
2024-06-13,9.443843666698417,16.070068783543853,22.12865501930113,47.51293108989028,2.15779682637172,150.99586014064857,control_2,-25.38427607058915,-6.626225116845436
2024-07-02,17.941733417278456,22.354411924098727,21.817175642471227,19.93521152697468,2.40089625174508,146.7529491693366,control_2,1.8819641154965474,-4.412678506820271
2024-07-04,14.247057508408524,34.8589387550982,24.060047958974902,30.499154063119178,2.600740220206787,198.6632883800418,control_2,-6.439106104144276,-20.611881246689677
2024-07-05,19.990410784205245,15.516798164192927,21.09993554403169,18.254150588224892,2.292113321499716,201.34375999741374,control_2,2.845784955806799,4.473612620012318
2024-07-09,33.49209856807409,24.924877873521183,29.222070511009058,28.41347041590443,2.573540915228847,176.0868668324356,control_2,0.8086000951046266,8.567220694552908
2024-07-10,23.939135419984044,23.906869591797857,24.822109711367812,18.607277664131168,2.3283383468631764,136.22502577668268,control_2,6.214832047236644,0.03226582818618695
2024-07-11,26.991891916268486,21.547899775145922,32.68817232860379,22.445592763024802,2.7055756807339497,148.73602877877727,control_2,10.242579565578989,5.443992141122564
2024-07-12,19.132423513330483,27.47305355815947,21.25085102749044,21.923543713699882,2.324775096726667,155.75378249457924,control_2,-0.6726926862094409,-8.340630044828988
2024-07-14,28.581343999439497,27.73928067345897,32.56820206530969,26.23956439465219,2.209686767954973,133.8751232115834,control_2,6.3286376706575,0.8420633259805257
2024-07-22,22.467108655633734,18.89405018748673,29.548715026351715,17.959833531490027,2.776408271883729,136.75292255892424,control_2,11.588881494861688,3.5730584681470035
2024-07-23,15.839780908789214,21.938938314968475,18.124284330849484,16.971913930869597,2.1282905302077118,174.62896248403285,control_2,1.1523703999798869,-6.099157406179261
2024-07-24,12.838826992718184,20.080926179969715,23.711271802541063,16.381066969291734,2.062814819088142,128.01624036707562,control_2,7.330204833249329,-7.242099187251531
2024-07-26,24.80431752251379,21.849430613254466,14.793661029817331,9.230680758742974,2.096640633245913,175.778185732716,control_2,5.562980271074357,2.9548869092593257
2024-08-07,26.80835379212219,27.140848985609267,22.72803425476196,26.986540971433858,2.414576278656523,187.1823217874619,control_2,-4.258506716671899,-0.3324951934870768
2024-08-19,10.388249724274187,4.443791607061696,6.201268399262098,5.4276811032869565,2.2737775893267256,23.46926724877062,control_2,0.7735872959751413,5.944458117212491
2024-08-27,8.087997631986049,16.62195063873035,11.571336624584667,9.947505188561005,2.9845930130522884,142.89924692826673,control_2,1.6238314360236625,-8.533953006744301
2024-08-28,22.93460686649242,25.586015829784046,27.507876836728112,35.58869095291448,2.267304057845104,198.51512195225246,control_2,-8.080814116186371,-2.651408963291626
2024-08-29,26.493984405659187,41.659920938991796,23.998643107154113,33.31489290968489,3.2669597040681873,253.13491527987492,control_2,-9.31624980253078,-15.165936533332609
2024-09-16,17.668992170827554,28.781301767020416,15.621306848878282,13.719534330993817,2.246590325011793,178.02408027696538,control_2,1.9017725178844653,-11.112309596192862
2024-09-20,20.591767493657247,14.181698387798248,20.076136115566566,10.526319282664824,2.391836664288952,137.47903335549353,control_2,9.549816832901742,6.410069105859
2024-09-30,29.20941981542021,41.71992372725674,23.299209799739373,41.74093521688203,2.7726243014916268,246.50477235899615,control_2,-18.441725417142656,-12.510503911836533
2024-10-02,14.708113430936285,21.072620058247683,20.833743399142744,15.203016685641591,3.057726961427369,175.63708283391304,control_2,5.6307267135011525,-6.364506627311398
2024-10-03,32.492133795728584,47.4446285508771,24.851700642352757,50.45152880648038,2.6873059655170257,265.32158434275544,control_2,-25.599828164127626,-14.952494755148514
2024-10-17,8.85844489619219,12.550983362103693,10.883251084849077,13.3630577815107,2.3460983884864266,109.87751209514545,control_2,-2.4798066966616226,-3.692538465911504
2024-10-24,43.98771352021289,39.261557467258335,54.04884376125271,39.99450581232667,2.0705063575754674,227.29529986636916,control_2,14.05433794892604,4.726156052954558
2024-10-25,16.46080703131782,34.52121250396072,13.948356847122138,39.14328119001969,2.0562899084234925,296.36749538663594,control_2,-25.194924342897554,-18.0604054726429
2024-11-04,0.0818459231718054,14.246011113717767,-3.7976918580101735,-13.477781525125394,2.8770202889492387,85.2708429287701,control_2,9.68008966711522,-14.164165190545962
2024-12-14,5.661686376026824,5.749464926119687,5.015348261599341,5.632788977113891,2.4257006904757437,31.818285237881526,control_2,-0.61744071551455,-0.08777855009286295
2024-12-26,2.6512283551870803,-0.21188792898419814,-0.08700869501282185,0.6892630092386364,2.985892450414279,56.66046741897077,control_2,-0.7762717042514582,2.8631162841712783
2024-12-29,-12.28586741276053,-25.42202958072152,-16.069069925381267,11.15541332267086,2.1404656294420437,63.90709111083078,control_2,-27.224483248052127,13.136162167960991
2025-01-10,22.453389211224007,18.055053783449893,18.2059170100453,17.792449171209544,2.182592269034502,110.99791209217386,control_2,0.4134678388357571,4.398335427774114
2025-01-25,23.138258688473847,30.517814573757708,20.265124418947806,23.560603916300295,2.495072418714952,241.33484317630132,control_2,-3.2954794973524884,-7.37955588528386
2025-02-11,23.4045637216067,44.60660536159249,17.991576140111594,59.46106577002375,2.1721914037072683,259.908818931695,control_2,-41.46948962991216,-21.202041639985794
2025-02-14,0.49129920505375485,14.086161921164914,19.891831769419255,2.0687907333530915,2.2481413739384064,99.59517300186354,control_2,17.823041036066165,-13.594862716111159
2025-03-06,31.25698043703493,43.11395183419104,36.98102262084236,30.897243386323954,2.286512063818482,166.49096374270846,control_2,6.083779234518406,-11.856971397156112
2025-04-04,53.42171463197668,17.604249673096,36.554971081632,53.60559142757496,2.1068271304651587,292.361163923052,control_2,-17.05062034594296,35.81746495888068
2025-04-08,12.979317823794345,21.966215968126683,41.321308022988276,10.691609277907922,2.162059421759669,27.836990409547468,control_2,30.629698745080354,-8.986898144332338
2025-04-12,7.48594486962812,14.03351735254012,35.68337352176048,-0.27434706953559185,2.6158604681271322,130.9684824154541,control_2,35.957720591296074,-6.547572482912
2025-04-13,10.593785941475815,14.64385018211304,12.662856816144158,13.81589498597735,2.34321853171288,241.02916252793244,control_2,-1.1530381698331915,-4.050064240637225
2025-04-14,25.98798405955232,34.601710469222894,9.371588544043693,25.520466115634616,2.895059015654941,260.67067959306746,control_2,-16.148877571590923,-8.613726409670573
2025-04-15,11.937975219116025,8.984785175367294,17.60997527323122,14.07066119763055,2.1702609615008397,163.38529533503743,control_2,3.5393140756006716,2.95319004374873
2025-04-19,18.402251810894892,20.450093514447044,19.750665498686264,10.90155696333391,2.787294561283129,126.64268138200475,control_2,8.849108535352354,-2.0478417035521517
2025-04-22,5.144281987376625,5.659286341110131,5.4049500835753435,4.410462448719789,2.0281382580559,195.92103030362554,control_2,0.9944876348555542,-0.5150043537335058
2025-04-24,10.968078942893133,15.677614337533678,11.471842209639666,46.93853238007493,2.1394973027364554,291.7761103491418,control_2,-35.466690170435264,-4.709535394640545
2025-04-26,25.941586067734022,23.49176434634336,27.42054090439283,24.168681274333654,2.230006750021632,138.28060621244674,control_2,3.251859630059176,2.449821721390663
2025-04-29,13.051428729615454,20.749311594809242,14.644326003139415,11.339632947790657,2.314110204196917,110.62626312026606,control_2,3.304693055348759,-7.6978828651937885
2025-05-03,5.304019658426655,22.31308949595072,6.367626546016807,-4.862203341713324,2.3657680197278426,116.32911153577157,control_2,11.229829887730132,-17.009069837524066
2025-05-04,16.264335897464267,32.68061866835983,21.88995137869002,25.200088911268814,2.562856640260621,163.18293042780886,control_2,-3.3101375325787927,-16.41628277089556
2025-05-06,28.085290307479053,21.30908514302298,10.716415226383885,39.697212353592086,2.6847102640488183,282.71790025592907,control_2,-28.9807971272082,6.776205164456073
2025-05-14,10.670524687659393,11.627858795522618,13.754440246330974,1.7274194422250595,2.7074545357700845,99.36764313908458,control_2,12.027020804105915,-0.9573341078632254
2025-05-20,24.240496232687935,-1.6112626661695142,24.862010815453793,14.1110364957902,2.0837732193601384,70.29346328354154,control_2,10.750974319663593,25.851758898857447
2025-06-01,12.02390380364941,17.020790473218668,12.031266984701782,10.301082243153363,2.7707463053792893,172.37933841362405,control_2,1.7301847415484186,-4.996886669569257
2025-06-02,21.653149476346687,22.044362078380065,23.022284364154718,21.993577628260716,2.4429579705187483,149.177469937497,control_2,1.0287067358940014,-0.39121260203337727
2025-06-03,11.780735984335331,15.984141197061016,18.168784473361637,10.024176476450512,2.1837662333251426,143.89951230240945,control_2,8.144607996911125,-4.203405212725684
2025-06-06,21.091533858754065,18.93962107289698,13.723618503438644,-0.6067006178586437,2.642391068388842,145.488579111675,control_2,14.330319121297288,2.1519127858570855
2025-06-12,23.868538548393847,0.2715788125527507,6.797235768805898,24.959582418466766,2.2091796311867578,141.23969765935306,control_2,-18.16234664966087,23.596959735841097
2025-06-18,15.536386943804457,12.923853265407038,22.2142099720783,14.852281341860353,2.5083629291768745,93.26950863025814,control_2,7.361928630217948,2.612533678397419
2025-06-19,-1.9203851441113855,3.912255016098372,-0.031586635802232955,-0.5486961624083433,2.2639658484244713,143.8831794403501,control_2,0.5171095266061103,-5.832640160209758
2025-06-29,23.899174690034638,15.585911801314912,20.72471406100294,29.95011984798847,2.3687435907197996,207.2820043761963,control_2,-9.225405786985533,8.313262888719725
2025-06-30,16.079374340300046,27.709432349052157,23.4440783228278,18.19092393329945,2.38264461434248,172.82576232261897,control_2,5.253154389528348,-11.630058008752112
2025-07-01,24.295267666567945,22.174287602219213,26.16693895257003,27.75593103598345,2.636880569659428,143.45909122505827,control_2,-1.5889920834134195,2.120980064348732
2025-07-02,13.135338195498294,21.24277423218078,15.333583562873754,30.293689187073507,2.221469200949336,133.94467202492024,control_2,-14.960105624199754,-8.107436036682484
2025-07-06,9.202487538667066,15.099406967394897,10.345905972464687,4.580544150215947,2.2777137608094966,173.93600552793555,control_2,5.76536182224874,-5.896919428727831
2025-07-07,22.758240184511077,18.784307289989115,20.64516796130724,16.72200137121873,2.284179174502463,176.99041106223603,control_2,3.9231665900885098,3.973932894521962
2025-07-11,11.623563034847454,20.139189447075733,16.629382432525368,16.628369256066854,2.7224463579745626,181.12258817565453,control_2,0.0010131764585139535,-8.51562641222828
2025-07-12,13.680637716909025,15.878476423237554,18.48217889111727,3.965941628708774,2.092424843092112,147.64303031135682,control_2,14.516237262408499,-2.197838706328529
2025-07-13,11.765407239070596,14.213660304671428,13.746551642838977,10.447563449925475,3.1739898677308176,166.09644713596185,control_2,3.2989881929135016,-2.4482530656008326
2025-07-14,21.83442765737581,17.037108545248586,30.216483274560872,23.709102454646324,3.059479152039824,134.1279766915294,control_2,6.507380819914548,4.797319112127223
2025-07-15,25.003672018251663,32.615051013689246,31.530796842854496,27.466959455980362,2.3329735265107354,222.39587811645768,control_2,4.063837386874134,-7.611378995437583
2025-07-18,13.086913032893715,16.523727278687822,19.795732448575897,17.746190330460653,2.2240907869967463,116.00263171383034,control_2,2.0495421181152444,-3.436814245794107
2025-08-09,7.422894084270685,15.764994293831094,13.759752382098227,19.976335709453526,2.537849394116063,164.71696281139987,control_2,-6.216583327355298,-8.34210020956041
2025-08-10,35.025547828696936,21.96285839552936,14.152710165391936,18.66919189605079,2.2432571897901257,204.39200725695727,control_2,-4.516481730658855,13.062689433167577
2025-08-13,27.62588105248614,43.42565208350998,12.862036655137636,30.57914699570625,2.375088468139352,128.44345474931174,control_2,-17.717110340568613,-15.799771031023841
2025-08-21,20.95840771504186,30.987046194790032,32.229661829779054,34.539912854922186,2.329587424507276,197.4965340320797,control_2,-2.310251025143131,-10.028638479748171
2025-08-22,22.429962254906222,24.242833041021665,26.71835000613844,33.75657624957821,2.5585571123550315,243.79757839835432,control_2,-7.0382262434397695,-1.8128707861154432
2025-09-16,40.27534223073534,24.819045715332972,46.86665387529317,45.67366021801858,3.1051708848655424,286.8495859765983,control_2,1.1929936572745845,15.456296515402368
2025-09-17,27.105619799249837,30.707384052212166,23.524126450489,32.07114907674162,2.1187333693097132,149.40171887923174,control_2,-8.54702262625262,-3.6017642529623295
2025-09-18,10.650887413864327,22.011718779226722,13.159275530211847,16.88197442853553,2.824518964349066,171.24207864935738,control_2,-3.7226988983236815,-11.360831365362396
2025-09-21,22.14985221637623,16.263753551570236,19.591959892084237,2.130427367054872,2.6167084014528226,125.23391412035227,control_2,17.461532525029366,5.886098664805996
2025-09-23,33.32312972404878,36.18816765355989,37.06823158363828,39.738620948323415,2.2545545136447296,263.69580081772915,control_2,-2.6703893646851355,-2.8650379295111037
2025-09-24,35.00904281776026,45.32046087277068,42.55575372787048,28.012578449538182,2.5130355748570223,166.0617172672719,control_2,14.5431752783323,-10.31141805501042
2025-09-25,13.49024303236408,9.866934258809167,20.313381829801994,13.575944762893373,2.338704968491803,148.05613751563578,control_2,6.737437066908621,3.623308773554914
2025-09-28,18.56812858812774,24.15779312933434,27.487518591570733,18.256157405985917,2.224029347073815,9.663312785189248,control_2,9.231361185584817,-5.589664541206602
2025-10-05,8.823625893118141,23.03054486817083,11.364950920835222,32.92560736491253,2.480545758686169,238.01365143123462,control_2,-21.56065644407731,-14.206918975052687
2025-10-06,25.186247542510962,18.10678219447571,24.946226195946792,21.17248706243275,3.1563692587438794,250.48880148525848,control_2,3.7737391335140416,7.079465348035253
2025-10-13,25.759697939594403,46.03822208647177,32.934818543802265,42.73813565583131,3.5181828732478344,232.22162723375516,control_2,-9.803317112029042,-20.278524146877366
2025-10-14,39.36344097285399,43.905305278347846,45.79739170413213,47.20440836093712,3.073937102775525,247.7448082319184,control_2,-1.4070166568049913,-4.54186430549386
2025-10-17,14.959398976131281,20.236730379328176,17.61139139551254,5.262230764979583,2.1505136579459485,146.0717829663003,control_2,12.349160630532957,-5.277331403196895
2025-10-19,6.822540430942125,6.7769686948795576,11.97523980552822,5.013563038481632,3.6434743735456987,72.59334122589223,control_2,6.961676767046589,0.04557173606256715
2025-12-06,21.049548224616597,4.915067152476362,7.194638370945494,21.42190337275497,2.8863356418329937,62.16615699405469,control_2,-14.227265001809474,16.134481072140236
2025-12-07,6.4152096381021195,-4.4209473287198415,8.964520687449554,9.330233094942043,3.1986911741079065,60.45664417101506,control_2,-0.3657124074924898,10.83615696682196
2026-01-15,5.74025674821646,20.221361961948954,-14.876466004220754,28.81706617969171,2.2040136385483113,202.73386163398993,control_2,-43.69353218391247,-14.481105213732494
2026-01-16,6.845691017889241,49.86109331443033,22.99883005450013,25.991311942729908,2.1776620643845783,248.4466223190763,control_2,-2.9924818882297792,-43.01540229654108
2026-01-23,57.385958075076964,32.268240183060485,18.405520716070132,47.198688355513525,2.3303399307636505,260.735476014867,control_2,-28.793167639443393,25.11771789201648
2026-02-11,19.02298530522295,29.923758793362918,23.222913935920825,28.44841676906225,2.0380837527329865,228.55252256832856,control_2,-5.225502833141423,-10.900773488139968
2026-03-09,2.3387032021310583,0.8045538678690439,15.843081895924914,3.7584511033798425,2.2972357858600567,86.37243589519886,control_2,12.084630792545072,1.5341493342620143
2026-03-14,6.669992512304035,6.439236568212777,7.383568316545924,3.1887314952916253,2.8034577962633214,134.2005051243666,control_2,4.194836821254299,0.23075594409125877
2026-03-16,43.26302940189891,24.524073996265916,54.607920491420174,19.139013539468863,2.0111335832266346,3.5516989438708606,control_2,35.46890695195131,18.738955405632996
2026-03-30,14.905969401933438,26.018179103572905,16.034824501355363,25.948991456810802,2.6118138696471367,219.28575632770992,control_2,-9.914166955455439,-11.112209701639467
2026-04-15,6.74988247789546,4.879658693407184,9.068866903990948,5.3806571728651695,2.202880710677161,88.27413455149008,control_2,3.688209731125778,1.8702237844882754
2026-04-24,10.8538861422629,16.03171702728894,6.434627078919672,20.540001474942848,2.2680845919682455,246.61636805704904,control_2,-14.105374396023176,-5.177830885026042
2026-04-30,26.10852401595415,33.66724715054443,15.534172311329069,31.19201315322063,2.072202984571418,274.5228319620869,control_2,-15.65784084189156,-7.558723134590284
2026-05-03,17.411119310195556,20.58426222096889,26.63201932294792,21.448951558468956,2.3238934444650234,248.85605575305172,control_2,5.183067764478963,-3.1731429107733327
2026-05-10,4.275222009280361,20.93767632359672,16.963748216093624,15.692199391705476,2.001156293063547,115.12711011861057,control_2,1.271548824388148,-16.662454314316356
2026-05-17,20.644644886058355,17.018074067700116,28.582428067678784,29.019356797286953,2.73880658162024,183.85469769490797,control_2,-0.4369287296081694,3.626570818358239
2026-05-27,16.736982639511993,30.217671209516812,26.754508120781857,25.158947988192953,2.700468319197515,178.16647871146984,control_2,1.5955601325889042,-13.48068857000482
2026-05-29,13.785890618375635,23.618887415091855,35.38293826985672,17.431790973161156,2.9457817218801003,129.26925338344415,control_2,17.951147296695567,-9.83299679671622
2026-05-31,4.7923373700549305,10.187165900390955,7.92479257371393,6.997590673928027,2.5117880725012443,166.83464653226542,control_2,0.9272018997859028,-5.394828530336024
2026-06-12,1.129954492149839,14.159912882696906,7.5579996146809005,20.101024726782523,2.011234083389021,176.4868043312373,control_2,-12.543025112101622,-13.029958390547067
2026-06-13,21.64131914761919,31.54298342551183,14.136284562395991,25.25360526309835,2.8276489679565775,257.58075358261567,control_2,-11.11732070070236,-9.901664277892642
2026-06-14,22.035723562190636,31.85551768612086,18.030505499961897,26.144658237523945,3.412434601149579,243.01026927757755,control_2,-8.114152737562048,-9.819794123930222
2026-06-16,24.492840533817173,27.052608717532408,24.316941453602773,32.414327870670014,2.5898464524370057,134.23844775838154,control_2,-8.097386417067241,-2.559768183715235
2026-06-17,16.289381170404063,17.041340996747643,20.437151242555867,10.968308765829958,2.7213777239268895,147.34347012316607,control_2,9.468842476725909,-0.7519598263435796
2026-06-18,35.84253869702196,11.827589901145787,8.317717576704574,24.262895188742938,2.2436772824152924,195.27280435183363,control_2,-15.945177612038364,24.014948795876172
2026-06-22,14.870817122544748,23.14183538590048,21.97466907333546,23.030962241807973,2.00386173678663,194.1738934125303,control_2,-1.0562931684725143,-8.271018263355733
2026-06-24,8.906169177310845,15.934790378421416,17.527647344968493,16.572691682742054,2.4755158949734937,140.92340915417708,control_2,0.954955662226439,-7.028621201110571
2026-07-01,8.38832079725636,12.888613292744248,11.136733245661075,18.20575073990239,2.301248175930255,130.7778471092828,control_2,-7.069017494241313,-4.500292495487887
2026-07-05,18.438173316376922,29.315136111645675,22.817658405269235,21.288360584194283,2.2028147179291064,179.91328058502324,control_2,1.5292978210749517,-10.876962795268753
2026-07-08,9.014685073174075,23.627209329619745,16.503442630410298,14.620474736850507,2.1972627386133787,145.21702813505055,control_2,1.8829678935597904,-14.61252425644567
2026-07-18,16.83892984139786,24.35862818189111,21.78004006393077,19.932195354827538,2.076006477802396,147.89475825512955,control_2,1.8478447091032315,-7.51969834049325
2026-07-19,15.837162692308437,18.744733279260053,19.583469916281487,9.829609118834876,2.0150487863177404,170.0113099839889,control_2,9.753860797446611,-2.907570586951616
2026-07-26,20.66289043928721,19.964707468085976,36.184282822403304,22.76635209166124,2.1851727898688496,27.254288312001336,control_2,13.417930730742064,0.6981829712012342
2026-08-03,19.785967526142965,26.536507192659368,18.46873676984612,36.79495228532726,2.5709375495996745,221.08557301295224,control_2,-18.32621551548114,-6.750539666516403
2026-08-04,21.949038596780625,26.616897190229842,22.129081244300938,24.494700787338278,2.4132766189983053,230.78996720916416,control_2,-2.36561954303734,-4.667858593449218
2026-08-10,7.029769693000671,5.0428785816696475,18.666251834870547,8.853440896806031,2.174058636461566,154.30261475072086,control_2,9.812810938064516,1.9868911113310235
2026-08-11,18.420631244677516,17.337212058404134,3.2695102218980194,11.360624029190536,2.375571893275287,157.13033890112808,control_2,-8.091113807292516,1.0834191862733817
2026-08-24,21.75091550090695,49.06615043358353,24.63478832605571,41.372494183802765,2.199293121179098,250.09424303317158,control_2,-16.737705857747056,-27.31523493267658
2026-08-29,1.7516862749541768,18.01517463047311,10.020456382593165,3.257867099267902,2.1652838009993576,97.93895677235611,control_2,6.762589283325264,-16.26348835551893
