d,-11000.0,-9000.0,-7000.0,-5000.0,-3000.0,-1000.0,1000.0,3000.0,5000.0,7000.0,9000.0,11000.0,13000.0,15000.0,17000.0,19000.0,21000.0,23000.0,25000.0,27000.0,29000.0,speed,phi,cloud
2023-01-01,4.482471339114725e-05,4.53807092189657e-05,3.593471934321681e-05,2.8884380631224066e-05,2.8209319305198724e-05,3.309458571372562e-05,3.9949072244654364e-05,4.2680199555580554e-05,3.909858632746702e-05,3.069199517496466e-05,2.6803666043496296e-05,2.5914713712076882e-05,2.827474715524777e-05,2.952871034406957e-05,2.8537995875832945e-05,2.6920029934637315e-05,2.298810150520465e-05,1.8603266903929443e-05,1.8001931256709092e-05,1.963230584561759e-05,2.1626908909875673e-05,5.467760627903893,19.664453171207697,0.08273351711491442
2023-01-06,8.026804095284338e-05,8.409589015648013e-05,8.785190321089283e-05,8.872884042778976e-05,8.685793047915321e-05,8.774944653594688e-05,8.648571006541548e-05,9.186220507338272e-05,9.174316618336112e-05,9.174211449901306e-05,9.535477808430447e-05,9.694071495459641e-05,9.9769482544545e-05,9.017225287089807e-05,9.592057740537796e-05,0.00010231687065608651,0.00010592364058213227,9.957199155876947e-05,9.387275478356719e-05,9.419054852327276e-05,9.342390548457152e-05,8.429210070619398,0.057033787304703765,0.12073837385366537
2023-01-09,0.00010517632809996619,0.00010352703551370802,0.00010437325421288311,0.00010640129922546537,0.00011118374037814621,0.00011801293385936707,0.00012211223694064716,0.00011752728347377489,0.00011233306217158412,0.00011032902803048116,0.00010800091345043156,0.00010788752429476135,0.00010953517646511025,0.00011136945208269997,0.00011368242827789812,0.00011818608691573712,0.0001194930432729097,0.00011394833229994746,0.00010994542236514841,0.00010821746965645206,0.00011512559289543985,6.960050425399061,5.087618090393846,0.013339282076226255
2023-01-10,5.185734639926843e-05,5.2391887332364954e-05,5.1304121653687993e-05,5.121126470900361e-05,5.057143582297852e-05,5.010170122601631e-05,5.1356600466862404e-05,5.377700860864064e-05,5.591777055448996e-05,5.812002536170283e-05,5.9708848903242465e-05,5.9591563351956724e-05,5.94090536574466e-05,6.139852152974465e-05,6.404810091733194e-05,6.639004705484378e-05,6.758533523276735e-05,6.795182399769237e-05,6.479255739915292e-05,6.07947597347816e-05,5.9976651756938136e-05,7.393245600831191,38.816922277906144,0.02313388902077368
2023-01-12,1.1034293096311027e-05,1.0990181803857589e-05,1.3933056143123013e-05,1.5706659354106563e-05,1.6826157943268603e-05,2.0002410724606885e-05,2.255538312358749e-05,2.1349482090830416e-05,1.7797909812308095e-05,1.6610693353329387e-05,1.783178855105993e-05,1.8568925617925744e-05,1.997516178892983e-05,2.285369680587045e-05,2.6094943993878527e-05,2.7935862533029185e-05,2.8660312375436807e-05,2.8092608418942046e-05,2.6029703650770518e-05,2.5179414672857776e-05,2.6629761167849828e-05,9.244412972579504,151.93319852061478,0.002107443500428736
2023-01-13,4.1240817755803345e-05,4.0469351210356684e-05,4.3543259436127224e-05,4.790807530592811e-05,5.254286657484309e-05,5.389570017792138e-05,5.4393418697955836e-05,5.273912098139437e-05,5.364717355726031e-05,5.710668493293358e-05,5.968585997850358e-05,6.213334700971061e-05,6.889308924151222e-05,7.064329056631165e-05,6.679625737422245e-05,6.484350483848632e-05,6.357901982533058e-05,6.932376915505375e-05,7.942821343742772e-05,8.362003260132367e-05,8.12406001704961e-05,2.0809298076007168,133.14582239890547,0.001229506370913514
2023-01-14,0.00010406311032072518,0.00011235023569597465,0.00011547463411266918,0.00011653097919391616,0.00011473358184256672,0.0001109332977197067,0.00010527355398884519,9.69781652861567e-05,9.761858818978544e-05,9.929514584277609e-05,0.00010286316380230537,0.00010444733440091166,0.00011166178025004185,0.00011643325411687006,0.00011942563821189977,0.00011807606831081157,0.00011413022110194118,0.00011281725794482934,0.00010929428891747871,0.00010731713732219953,0.00010579493931398313,7.842581738412693,345.5054205404595,0.06527334341595478
2023-01-16,2.0304276960347435e-05,1.4092775801484433e-05,1.2287094399594278e-05,1.5133968401858143e-05,1.8193384480164743e-05,1.782783841834881e-05,2.314110034232987e-05,2.9484036079267633e-05,3.4455079940891886e-05,3.3631867018486706e-05,3.08907470173e-05,2.8352817721835058e-05,2.821630734225985e-05,3.219282642337506e-05,3.3446608658524357e-05,2.588933061364607e-05,1.9941725302537764e-05,1.8593110000913394e-05,2.3430838151345597e-05,2.5068818526252306e-05,2.1592836925188853e-05,5.719575907638906,47.776909321008645,0.1995457768433297
2023-01-18,3.374880508143473e-05,3.15369280048092e-05,3.1298200549669154e-05,2.9429287972460984e-05,2.9017108892001675e-05,2.7963947227063648e-05,2.7374064194185404e-05,3.7193353347183376e-05,3.94149621285538e-05,3.765727331681647e-05,3.853969489265002e-05,3.7063114906221955e-05,3.721602463102172e-05,4.1384293648542564e-05,4.317109564207032e-05,4.6860306171553376e-05,4.721102311364738e-05,4.748039123151885e-05,4.91622175237937e-05,5.101876447102641e-05,4.8077428562640976e-05,7.752204191293417,75.96219147058923,0.0014191318286294614
2023-01-19,3.4082684306759576e-05,3.811310536454726e-05,4.0997047327624676e-05,4.016222675868833e-05,3.462080628900337e-05,3.3536266730035356e-05,3.649960596756819e-05,3.998591777425632e-05,4.4804717641001176e-05,4.5933778693991e-05,4.4513326123309685e-05,3.973742287008302e-05,3.426708159835406e-05,3.2465669752535294e-05,3.487048028122016e-05,3.824024299363185e-05,4.2082004065291114e-05,4.3271412227800966e-05,4.374035708267928e-05,4.3799053601973e-05,4.350097608451994e-05,3.7723082975796642,117.47738728475923,0.045267477138076676
2023-01-21,9.883323202378736e-05,9.935373993120348e-05,9.92772625364071e-05,9.920866065319752e-05,0.00010227798876863474,0.00010411178110885943,0.00010723841976022175,0.00011176784573579016,0.00011443444535213536,0.00011821390383944882,0.00011644147917091666,0.00011481240486892514,0.00011455621546204699,0.00011427960617908395,0.0001119493093170195,0.00011154200379607372,0.00011342109270110341,0.00011892425314209747,0.00012560467636169357,0.0001264247855003722,0.00012267987469202768,4.101901910299562,8.812036797237795,0.015467056895379437
2023-01-22,2.615291565564366e-05,2.6604025466947586e-05,2.7773897453823912e-05,2.8051273649932758e-05,2.88822799372893e-05,3.0010935832443127e-05,3.130203493935148e-05,3.315992175422278e-05,3.340922020070801e-05,3.191829479967203e-05,3.331178290215446e-05,3.620385519512773e-05,3.541518288484405e-05,3.337850662050479e-05,3.206555438038022e-05,2.9011793882396363e-05,2.618356478662182e-05,2.5311341666067504e-05,2.763638989516864e-05,3.161509242859151e-05,3.586137285681481e-05,6.496368523130989,130.96074636930655,0.004121829969410216
2023-01-23,0.00010143556229165147,0.00010104766499628159,0.00010350424304505979,0.00010968446882325236,0.00011404897743273636,0.00011718329362438824,0.00012371421882877438,0.00012583868003022082,0.00012454456591754143,0.0001234048228023798,0.00011817703303584608,0.00011652163963802109,0.00011060727403968297,0.00011155185955156831,0.00011164023127300457,0.00011724242184698539,0.00011748638646409093,0.00013018059772652336,0.00013475527714891059,0.0001516396366934291,0.00015435340854816918,3.153624648896684,255.86033653567773,0.002234336216896477
2023-01-26,3.59466115879377e-05,3.671154215299063e-05,3.943333725282947e-05,4.183078074517938e-05,4.3374209204486296e-05,4.389816524377051e-05,4.4672933350039666e-05,4.366620029080607e-05,4.343859191452e-05,4.390071671206652e-05,4.5598292708806194e-05,4.7276873681367554e-05,4.901647116893162e-05,5.170433100852572e-05,5.242745902316151e-05,5.070969214523367e-05,4.965755602464584e-05,5.1171320795111336e-05,5.230960285059074e-05,5.3443969403942044e-05,5.358442999164764e-05,4.606191699941009,100.25377003451706,0.0009134456504289245
2023-01-27,6.372271338753001e-05,6.125525604767871e-05,5.493717150725665e-05,5.407641928276082e-05,5.637907354362263e-05,5.824346755736765e-05,6.018312956881264e-05,6.033261042747562e-05,5.966767168212718e-05,6.195653384398975e-05,6.35952231161356e-05,6.389620436177471e-05,6.382157351232485e-05,6.402327658012337e-05,6.560973585217382e-05,6.620213678022824e-05,6.43837888007344e-05,6.235568720907595e-05,6.311789702982439e-05,6.305632769457461e-05,6.198046705008232e-05,6.604773753741447,38.803058435136336,0.002141724375101392
2023-02-04,6.372632628105459e-05,6.33618633543118e-05,6.359102261367923e-05,6.372836508499993e-05,6.277460993166422e-05,6.375090324690867e-05,6.780688691363872e-05,6.872754135481881e-05,6.43290169500334e-05,6.236544226525707e-05,6.802116727953948e-05,7.378687374632425e-05,7.060144757853802e-05,6.531960655270019e-05,6.428786314020547e-05,6.62388497491176e-05,6.671165537563376e-05,6.423358320682373e-05,6.153140757785228e-05,6.173778497579144e-05,6.262343657037254e-05,7.531451005554415,19.163330710504056,0.022174629869727285
2023-02-05,9.6377245955188e-05,9.312580182711026e-05,9.435146856878834e-05,9.495874053979335e-05,9.27111354867407e-05,8.892563130448322e-05,8.424624108068903e-05,8.353699143298366e-05,8.48602004318314e-05,8.283422328399161e-05,7.980020837651807e-05,7.785630291123277e-05,7.68394889258427e-05,7.62592654147541e-05,7.694201950920302e-05,7.799511391454171e-05,7.728695481256635e-05,7.382482631372997e-05,7.019852858817483e-05,6.837304255070877e-05,6.372004935494195e-05,2.4847398105223943,327.3775297037327,0.010452064940788368
2023-02-11,2.846608680010812e-05,2.8054629100766187e-05,2.8601067184648262e-05,2.987541972098074e-05,3.2178902590365325e-05,3.0689769329243415e-05,2.859254247612595e-05,2.8873393790571643e-05,3.14610032590083e-05,3.35082657561167e-05,3.4437078478490426e-05,3.458586376829377e-05,3.484810409306603e-05,3.428486179653074e-05,3.396107312462459e-05,3.289748796746749e-05,3.181650623926658e-05,3.17726620373935e-05,3.170360153275323e-05,3.3197443732303974e-05,3.73873523589285e-05,3.226949185239821,139.98663397343535,0.010967929758898239
2023-02-12,4.645363509327932e-05,4.912474493360728e-05,5.116376846626544e-05,4.894004547432583e-05,4.756931757543674e-05,4.7210583975863384e-05,4.488853041547312e-05,4.4220608508432994e-05,4.677717565634586e-05,4.996795213011165e-05,4.9373157329356685e-05,4.601865952931361e-05,4.4865770413484396e-05,4.322216349504082e-05,4.5128705883356235e-05,4.635873421588273e-05,4.878004890620813e-05,4.757597689229938e-05,4.5034687374403324e-05,4.355589675005669e-05,4.837297921754021e-05,4.854933358846816,21.854218903827075,0.0017114523475344754
2023-02-15,6.202881061003095e-05,6.296923669146608e-05,7.095291765571043e-05,7.257361906117499e-05,7.247520960856652e-05,7.629016172469703e-05,7.664456409952049e-05,7.321214813759567e-05,6.765460929543567e-05,6.56238983632753e-05,6.237142054931372e-05,6.406418206820657e-05,6.418446282892893e-05,6.0289155912526675e-05,5.432512161519706e-05,5.5565825013204665e-05,5.269019905331151e-05,5.172590332001353e-05,5.011323779974133e-05,5.163193403104281e-05,5.2677377028521295e-05,8.749581185289601,340.3501659289648,0.014818030734890221
2023-02-16,1.819768832421964e-05,1.7958249838261546e-05,1.4427916481452257e-05,1.6014090731436076e-05,1.919376434133802e-05,1.8659717142698675e-05,2.1533205593697542e-05,2.689569610607339e-05,2.738648310047185e-05,2.7548895227119534e-05,4.117985611741861e-05,4.224614781326871e-05,3.5475837004516154e-05,3.2839530710911214e-05,3.4984999903155584e-05,3.246338035994265e-05,2.8772141640748316e-05,3.0806215867999246e-05,3.7054846360646086e-05,4.081145591088039e-05,3.861570896654254e-05,9.703511892702181,142.22808339080376,0.1779519307248264
2023-02-20,3.760393011222746e-05,3.501776390916215e-05,3.4557247629877624e-05,2.6899468521543835e-05,2.0471671980989405e-05,2.000330708550443e-05,3.671343173741387e-05,5.325421994831167e-05,5.7290281591228784e-05,5.495853500065699e-05,5.012033670238505e-05,5.4151532129263956e-05,5.356641179701097e-05,4.8656411266553334e-05,3.811823177040678e-05,3.6439835680282e-05,3.63007034738506e-05,4.16881265600752e-05,5.157749841671449e-05,4.8309590771798195e-05,4.5989933218261534e-05,9.43815699899363,52.102547437122325,0.1968098450489502
2023-02-21,5.615639910700628e-05,5.607149816306883e-05,5.138059092572642e-05,4.999218204160412e-05,5.4661132427428375e-05,5.792496088124675e-05,5.988408752000727e-05,6.093014670728961e-05,5.561581977184998e-05,5.7894925723521525e-05,6.38444585113009e-05,6.363873902835967e-05,5.983955251087964e-05,5.821626128143382e-05,5.605122465282998e-05,5.265171760766403e-05,5.254292221329565e-05,5.394670765792979e-05,5.0691229335417166e-05,5.042359833090487e-05,5.625751505964565e-05,6.828992422665443,18.231919896957493,0.2112654896723151
2023-02-22,3.074441026105984e-05,3.2001563408030896e-05,3.351422375085011e-05,3.4655024065309e-05,3.3158292897338826e-05,3.2033619316904085e-05,3.2513089354731864e-05,3.4789477574586263e-05,3.700684391773782e-05,3.6258436246503464e-05,3.5484931868914276e-05,3.6977793544845145e-05,3.749018878760157e-05,3.822962754988532e-05,3.67094552913042e-05,3.674106152815982e-05,3.891500110068752e-05,3.9048698827492526e-05,3.991075376068194e-05,3.694515941914892e-05,3.5244906200108086e-05,10.427071281357819,56.19349666274917,0.0008422744687805699
2023-02-23,2.9455379900917025e-05,3.4264966581596964e-05,3.424124491299581e-05,2.9900930665907226e-05,2.8235604068195445e-05,3.060732759304074e-05,3.434168615274704e-05,3.5971926059788205e-05,3.624091558175528e-05,3.631667021728962e-05,3.526065916411804e-05,3.516893210299805e-05,3.664688646850753e-05,3.835210667706098e-05,4.029147008764402e-05,4.322467824295646e-05,4.382771985226785e-05,4.536592058288793e-05,4.5490608172130786e-05,4.420792934307345e-05,4.353100067623703e-05,7.173617685047622,195.445768769244,0.015783067938886636
2023-02-27,3.1034373506282396e-05,3.4536006469796896e-05,3.521839121885511e-05,3.4858728026156684e-05,3.507901064995339e-05,3.506498269991069e-05,3.611496006955924e-05,3.974328448480126e-05,4.0824345810832587e-05,4.0514736466563995e-05,4.02865466037075e-05,3.97228141086015e-05,3.547631685175043e-05,3.452665305839541e-05,3.411058255383737e-05,3.370225253014039e-05,3.578803874012768e-05,3.752089824311334e-05,3.700547215585875e-05,3.627387515214119e-05,3.574936421692884e-05,2.603667571359693,67.94084231804857,0.002421161420655343
2023-02-28,5.877383597248157e-05,5.698934773853822e-05,5.4708013549673684e-05,5.271658642716785e-05,5.2070121881850784e-05,5.087416737729434e-05,4.7797821578983275e-05,4.7716091493972875e-05,5.158485997538941e-05,5.418552246242181e-05,5.4874329660370186e-05,5.2510265272805645e-05,4.849804812345332e-05,4.8933886853240104e-05,5.166476504290317e-05,5.4220715313491246e-05,5.6520261750761515e-05,5.792536655709065e-05,5.6983534671340195e-05,5.2563879375591074e-05,4.690142252808354e-05,4.289710582204546,29.806996286085166,0.0029624926042099136
2023-03-03,1.8492094367064275e-05,1.5132743005894566e-05,1.4579652349563085e-05,1.6864255823505707e-05,2.0902923049570444e-05,2.3372877123426827e-05,2.7097133478305965e-05,2.7669428260749907e-05,2.6218611097218386e-05,2.53243476329064e-05,2.528487314800778e-05,2.357256240055162e-05,2.484451274397286e-05,3.157504254590462e-05,3.586493415274578e-05,3.453189795327442e-05,2.996828512275454e-05,2.644237816131524e-05,2.907427271362339e-05,3.404843590467286e-05,3.652741608924621e-05,5.355973376625634,133.21608734663982,0.007885185967673267
2023-03-04,4.9973265057211074e-05,4.8412108626011814e-05,4.722557623535955e-05,4.67730223537363e-05,4.751814361315373e-05,4.968498782016665e-05,5.145943345567626e-05,4.994774386343033e-05,4.751875575540834e-05,4.7151552344859774e-05,5.0190941913675724e-05,5.2203195288016655e-05,5.3151742711172206e-05,5.2872431816586386e-05,5.519096165819676e-05,5.5922289190914716e-05,5.231828614869212e-05,4.899390908614494e-05,4.773435521331671e-05,4.703522173890086e-05,4.812083686063742e-05,5.272116575926534,19.267690789629796,0.005247525424918807
2023-03-05,3.9607322265643264e-05,3.161634685065892e-05,3.168569588587572e-05,3.787352646923014e-05,3.999107802662083e-05,4.006438917468505e-05,3.84077712664828e-05,3.809069703720388e-05,3.7225895866682206e-05,3.078807180335405e-05,2.9206484211889315e-05,2.8025053700464076e-05,2.5398783668094576e-05,2.5386916216022736e-05,2.5083021196543517e-05,2.457079958900078e-05,2.461732391102757e-05,2.43367713995774e-05,2.454417486480028e-05,2.454942849767063e-05,2.4025710845157728e-05,9.63449307976324,355.7585633658957,0.0218475493414118
2023-03-11,3.7998474920646576e-05,3.708349617089958e-05,3.6441789971346976e-05,3.775927769093257e-05,3.442022282102805e-05,2.919620716769857e-05,2.667410011771677e-05,3.033336158317646e-05,3.254069607305407e-05,3.231113929118494e-05,3.0146519286023188e-05,2.8134085350088652e-05,3.0336778566220584e-05,3.434110895911046e-05,3.702730002249166e-05,3.6569596265078966e-05,3.70919516298849e-05,3.9202953941508145e-05,3.9074261045350916e-05,3.799380801715714e-05,3.730807931066689e-05,7.145723765641716,30.41838716005026,0.004905459889387173
2023-03-12,2.003289134646996e-05,2.4429428836858808e-05,2.7961145979025318e-05,2.8552134345262173e-05,2.8292229810872307e-05,2.964871173028297e-05,3.045669753677191e-05,3.09913861953706e-05,2.9356889273197633e-05,2.4205523358813782e-05,2.0282715731736594e-05,1.6761708612457138e-05,1.9361706322070876e-05,1.7891971178793336e-05,1.5702485840375322e-05,2.1156921658195793e-05,2.8986956317630123e-05,2.9080807421239585e-05,2.639307939894939e-05,2.817088418791346e-05,3.08042517100279e-05,7.541855505265272,197.89453331787152,0.0022100243050005696
2023-03-13,1.3833717855649127e-05,1.6450741132446073e-05,1.647959635962867e-05,1.5056054144274065e-05,1.6564947327704528e-05,2.0446562807114623e-05,1.952046064016907e-05,1.7133878648267093e-05,2.0418105944265157e-05,2.5675101047816772e-05,2.557769897590062e-05,2.272160704891367e-05,2.21936903198798e-05,2.7442250391043358e-05,3.360480322259434e-05,3.555892984786585e-05,3.8640930934288366e-05,3.953886409580922e-05,3.8895739737007394e-05,3.62286384431534e-05,3.346321279295389e-05,4.532298604278885,207.01253045627286,0.2097741120402294
2023-03-17,2.331756639510714e-05,2.7386393285819444e-05,2.9856411482470307e-05,3.088585543959205e-05,3.110612300908044e-05,2.7888611767326963e-05,2.495250303867278e-05,2.453111436582734e-05,2.580316769085186e-05,2.5686770922438972e-05,2.7358911817925554e-05,3.092435235428261e-05,3.362997690718453e-05,3.3156921964580675e-05,2.9760218911233877e-05,3.0282548347316127e-05,2.917252074028748e-05,2.7000817435203415e-05,2.6025256769333083e-05,3.3854667545498647e-05,3.769252669250114e-05,6.047035316702508,181.94166337351345,0.002530721035273851
2023-03-18,1.4785201973415577e-05,1.5121451649520458e-05,1.3754610326674293e-05,1.3601641651788362e-05,1.656518084364949e-05,1.9064295967500588e-05,1.9070132407895614e-05,1.7205957952981878e-05,1.8809921873885225e-05,1.7458974131558246e-05,1.436265472691213e-05,1.6967399757832443e-05,2.2203794334440984e-05,2.819970633501397e-05,3.191017722271978e-05,2.293937960543549e-05,1.9105400738275813e-05,1.882334325640851e-05,2.0930080998529547e-05,1.9709889295764185e-05,1.8106663241951203e-05,6.564605909918912,182.17371504442139,0.10596421733995193
2023-03-21,7.428463656846836e-05,7.687385985373384e-05,7.01460147103075e-05,6.408581134945051e-05,5.968215604251345e-05,6.335663653626717e-05,7.331128648915799e-05,8.245756550466225e-05,7.728613548007118e-05,7.246667807300782e-05,7.119494827102015e-05,7.458368475067322e-05,7.271933964888524e-05,6.879307653518672e-05,6.501876842471484e-05,4.509857599926034e-05,3.5069246094734495e-05,3.918925552776408e-05,5.171557246088848e-05,5.414621426374846e-05,5.414621412661912e-05,9.835484078190085,13.873223121088643,0.14567336728317543
2023-03-25,2.3258708902816216e-05,2.337838890672304e-05,2.4041101276624835e-05,2.624205823507538e-05,2.4998601843525666e-05,2.296228406550154e-05,2.3021170964937972e-05,2.5437366439231495e-05,2.5628993290957998e-05,2.5759880542750966e-05,2.389545735410299e-05,2.2704907869415718e-05,2.3473754529861036e-05,2.354043972238587e-05,2.443596311372832e-05,2.5065220274789516e-05,2.5325845235952686e-05,2.6723119571235042e-05,3.014255928022839e-05,3.0895674522439024e-05,3.110643938446993e-05,5.48261135617654,80.74004496165696,0.0036177035372512707
2023-03-27,2.9005869399816337e-05,2.960748876334292e-05,3.062801138654599e-05,3.093209891338394e-05,3.3510210994516796e-05,3.5806509981898436e-05,3.49056270926161e-05,3.216113332459514e-05,3.311673101507193e-05,3.335725129907571e-05,3.303191965651888e-05,3.349559504255882e-05,3.085861985631219e-05,3.3727752999853325e-05,3.7821812915896404e-05,3.734582638155771e-05,3.4531473789744754e-05,3.325146131133061e-05,3.314663883779838e-05,3.250090454241168e-05,2.5947481999577896e-05,2.6003740954269796,248.71327807217727,0.03856390515537465
2023-03-28,2.0739344470283148e-05,2.449755717200524e-05,2.460432781295835e-05,2.2246418338206002e-05,2.0712155213401045e-05,2.3327774823860575e-05,2.855862867848968e-05,3.0211606898247497e-05,3.153424038637583e-05,3.08134578516091e-05,2.94378019941676e-05,2.7128951183587808e-05,2.6299191320583894e-05,2.508138323299693e-05,2.8554091974320624e-05,3.695565450806685e-05,4.55743677965521e-05,4.7063759753597776e-05,4.678171634375621e-05,4.3947671133501954e-05,4.066516430803933e-05,6.539102426631539,189.078552749752,0.03382468322954286
2023-03-31,2.172636355236384e-05,2.16613111568316e-05,1.9404991881681647e-05,1.9898202080291057e-05,2.2381058857509457e-05,2.2474931092916393e-05,2.0857979741354774e-05,2.0037229800175997e-05,2.0387592612630327e-05,1.9753029415972095e-05,2.11452773774682e-05,2.3904044244475566e-05,2.523898704405324e-05,2.5150458877629333e-05,2.7306951176305335e-05,2.8603193195003232e-05,2.6566248891712646e-05,2.624426157879541e-05,2.789257044183343e-05,2.9509408849343996e-05,3.0407878080549964e-05,10.144195005182214,98.21643456148718,0.010381202952788018
2023-04-01,1.726912522266559e-05,1.836394702887315e-05,1.9739764196481756e-05,2.222262035426483e-05,2.5005354466351587e-05,2.5300767977731632e-05,2.4088331816228045e-05,2.464505964757284e-05,2.5133384227816452e-05,2.4298802327082207e-05,2.4669602496034888e-05,2.545197579161346e-05,2.5980661101238262e-05,2.8492132915336334e-05,3.35598324352629e-05,3.86283009845787e-05,3.770811161460317e-05,3.384901939122529e-05,3.2404868473587056e-05,3.2433798084314245e-05,3.567376986479451e-05,2.701869481756084,217.90258749397017,0.009606642824004617
2023-04-03,5.133809770581432e-05,4.879895333424968e-05,4.716217631521176e-05,4.490900643029277e-05,4.5704593987272476e-05,4.824551405173282e-05,5.075486098461689e-05,5.2020677604819626e-05,5.5904987925531114e-05,5.7017795299273106e-05,4.854770022364704e-05,4.2466720941661516e-05,4.085214871394808e-05,3.9419470553720334e-05,3.713347657791864e-05,3.702940453476103e-05,4.112321421063366e-05,4.3078819951245366e-05,4.040164497064617e-05,4.0942119005280316e-05,4.451287601407001e-05,6.782010767080751,21.72814167737829,0.00107456875253117
2023-04-05,2.8513150141793945e-05,3.521811626833501e-05,3.377619174431234e-05,2.7230367014267815e-05,2.3490487142288517e-05,2.5250288508440622e-05,3.218018136334128e-05,3.49913167067002e-05,3.448790553581732e-05,3.402107291587144e-05,3.278717730632039e-05,3.0755672218694215e-05,3.068613398235121e-05,3.383444084135379e-05,3.5959382736334703e-05,3.377654060888156e-05,3.0780630405684414e-05,3.41770499307438e-05,4.210454711181017e-05,4.385192636585601e-05,4.023344901082187e-05,5.698613427733004,160.59303607036634,0.041454918423680216
2023-04-11,4.543101352796102e-05,4.588125860559456e-05,4.544730582446793e-05,4.4009449992837675e-05,4.215784607551488e-05,4.0310564096377e-05,3.9649999914368406e-05,3.976095049560255e-05,4.046427901546261e-05,4.037925279051358e-05,3.9765091709444546e-05,4.063329582786504e-05,4.137713177199164e-05,4.133450813351752e-05,4.061359812466619e-05,3.9936743602604654e-05,4.1751473954953755e-05,4.539608680757001e-05,4.798886538101063e-05,4.843499552274433e-05,4.772065577151065e-05,4.1430384080643945,296.9196747414474,0.018619928518449628
2023-04-12,5.6522388919652456e-05,5.868253493589092e-05,6.250392087312235e-05,6.521225933766046e-05,6.751562340917261e-05,6.727709461028009e-05,6.938731115322462e-05,7.024514955632407e-05,7.37518729490417e-05,7.770476916420024e-05,8.129760181303546e-05,7.938422546359126e-05,7.915462117415604e-05,7.914606193881247e-05,7.794683864013798e-05,7.040277261623184e-05,6.535792410708369e-05,6.336909953589507e-05,6.383952247534272e-05,6.671270697100518e-05,6.546368564627616e-05,4.881721166764349,332.448547096072,0.014779061244492348
2023-04-13,4.6982073209819526e-05,4.8148827639292373e-05,4.6316287204918365e-05,4.330429223563633e-05,4.6236130101002904e-05,4.891912133213006e-05,4.8184811438565596e-05,4.557430755939658e-05,4.3798736600217206e-05,4.2937177517357834e-05,4.161356981471137e-05,4.200578470600419e-05,4.260017792642339e-05,4.014768284251721e-05,3.711594278283447e-05,3.680201516487123e-05,3.512994653110556e-05,3.612566220396811e-05,3.6634115542776134e-05,4.054137977230227e-05,4.15958787314156e-05,4.7723429946834495,338.2506602464407,0.01408720960857151
2023-04-15,8.894293684078094e-06,9.281848795786193e-06,1.3905676035664823e-05,1.8489353562988594e-05,2.0254755536528465e-05,2.1029786782753692e-05,2.1260324647604088e-05,2.0412701992421234e-05,1.865699426603739e-05,1.8006592896967914e-05,1.977148332917286e-05,2.1580597944866923e-05,2.1434366261746594e-05,2.0888565924319133e-05,1.957224400155086e-05,1.706636490308849e-05,1.9521902474281458e-05,2.2679628100946502e-05,2.3964292770564725e-05,2.440208368992439e-05,2.8448953990019007e-05,9.461331324051478,135.26283293002302,0.0007596578991337222
2023-04-16,1.976649019240374e-05,1.883136535079415e-05,1.8643770219683393e-05,1.8609250185679253e-05,1.9185363745332337e-05,2.0752277915881335e-05,2.23559521477847e-05,2.25917391747615e-05,2.2193445004338262e-05,2.0699983757306834e-05,1.984308280164655e-05,2.4033516209492705e-05,2.7112623600110146e-05,2.768533871475075e-05,2.355691854903579e-05,2.2923218366100966e-05,2.535567940434481e-05,2.836463898268891e-05,2.7863984833992136e-05,2.7408841070749233e-05,2.6553289377216987e-05,5.391472451779229,144.12263099435393,0.0010440794127813185
2023-04-17,4.913635529938505e-05,5.064299998309852e-05,4.931485230025527e-05,4.2767706901065366e-05,4.275799416888743e-05,4.323536338484213e-05,4.465959769311218e-05,4.47858507834021e-05,4.039855238453198e-05,3.655052939146613e-05,3.681437932913834e-05,4.2563746090343145e-05,4.534756561626335e-05,4.5370434639126164e-05,3.900088023586186e-05,3.600334600585299e-05,3.671870116023637e-05,3.930888329344108e-05,3.939536515014598e-05,3.797936158485716e-05,3.266377045501277e-05,7.555735995849659,354.31572173839163,0.01020459231201334
2023-04-20,3.182245523733128e-05,2.893317547797971e-05,2.5410311215651234e-05,2.353757848772542e-05,2.3681772041867044e-05,2.6016887811778002e-05,3.027580565590415e-05,3.220567692715585e-05,3.1745483714863224e-05,3.175130938484103e-05,3.393628429625884e-05,3.3586587411456086e-05,3.155331604231688e-05,3.121802580430763e-05,3.276600529178855e-05,3.247368406352819e-05,2.7924282221767036e-05,2.499142455856919e-05,2.584967398251076e-05,2.792112017966523e-05,2.9250751805266122e-05,4.8676738426029695,177.0813325584062,0.09092073103359744
2023-04-21,1.6784977799620454e-05,1.744056198866621e-05,1.70170013664865e-05,1.5905177805254818e-05,1.5501546522674877e-05,1.5110571769310291e-05,1.417973345661362e-05,1.4612095388560474e-05,1.753851458740689e-05,2.051231884900998e-05,1.9938693141334102e-05,1.9384475112920675e-05,1.9516799931514404e-05,1.918338918780379e-05,1.8378738860797095e-05,1.8031410450926465e-05,1.8837589522063144e-05,2.0568436780953166e-05,2.3657167153484743e-05,2.5653771528250765e-05,2.559997908275195e-05,4.630433963435056,206.46345946866674,0.02007310825693888
2023-04-23,3.953710855318531e-05,4.505739673034501e-05,4.657235089660767e-05,4.859450074443855e-05,4.65823010635349e-05,4.0122388013116415e-05,4.075681714982026e-05,4.1155451891800504e-05,4.199836230814417e-05,4.733370626358399e-05,4.653932617156234e-05,3.9181467659186634e-05,3.8827744570656316e-05,3.914096176154594e-05,3.814513216662747e-05,3.757673043621541e-05,3.933263161897676e-05,4.187637390027886e-05,4.549102613095408e-05,4.8789819295101485e-05,4.0073014347723524e-05,5.447320737240985,246.79499642269795,0.2911373819209929
2023-04-24,4.266785097842285e-05,4.058552514967976e-05,4.7563838352672905e-05,5.0919170547540234e-05,4.442008556862433e-05,4.5084150364601484e-05,5.0753882745004914e-05,5.126476940130918e-05,4.513160806992751e-05,4.1117045513454956e-05,4.31178799911986e-05,4.559015795584628e-05,4.429829197767516e-05,4.4366765744433846e-05,4.5401213248475256e-05,4.791106276153146e-05,4.861078756825032e-05,4.587121587943382e-05,4.220780926364368e-05,4.297649433225854e-05,4.335887401012721e-05,5.01739129009405,299.77524572302076,0.07855796392828121
2023-04-29,2.131662329209159e-05,2.1394742877931342e-05,2.357888962774624e-05,2.8034982889354683e-05,2.781043491228097e-05,2.6295673620182642e-05,2.30664177180306e-05,2.2961065943174955e-05,2.251278313537701e-05,2.3272705765875758e-05,2.4240443779291115e-05,2.588386086230061e-05,2.7992162050131925e-05,2.9733807471766397e-05,2.76735931563294e-05,2.5044852746108362e-05,2.4490653602730885e-05,2.664061485074586e-05,2.7541305477252007e-05,2.702985452327783e-05,2.8464450238659076e-05,8.380835276386943,148.37540283271062,0.002987552942710919
2023-04-30,3.141147971346425e-05,3.068864531699311e-05,3.0066380371800466e-05,3.0502261379130478e-05,3.0918822786441475e-05,3.403956137381463e-05,3.431918602667629e-05,3.219295589940031e-05,2.9492153190864262e-05,2.9626259339081172e-05,2.7935526050152514e-05,2.7747883744794765e-05,2.8905468606195086e-05,2.9872667147075124e-05,2.9356724776754012e-05,2.725308720742758e-05,2.8268855803850303e-05,2.805034197193221e-05,3.0394902743839955e-05,3.034350139563395e-05,3.178369008680639e-05,4.749116862791909,257.2479979607772,0.0010080536196766731
2023-05-01,2.5260373288610216e-05,2.4047657156172725e-05,2.4877492136868373e-05,3.0571536303854146e-05,3.182663022830997e-05,3.086712402219646e-05,2.963019799356504e-05,2.7901731692293654e-05,3.0407743495729564e-05,3.420672204284007e-05,3.458660742175305e-05,3.437672023824663e-05,3.209499910212895e-05,3.139281478436234e-05,3.2110059353658994e-05,3.215738013017004e-05,3.282812411881815e-05,3.4442171054499646e-05,3.4120507428449335e-05,3.4405018597543813e-05,3.4455252791280673e-05,2.8912536400039115,265.6266833657089,0.0006982960531913784
2023-05-03,4.349361007227469e-05,4.243896858657066e-05,3.781360073903671e-05,3.745822200602852e-05,4.304901965848115e-05,4.420782335256462e-05,4.40061348845295e-05,4.628998320879029e-05,4.707925088085889e-05,4.037859420488261e-05,3.5756647115221164e-05,3.541239465685716e-05,3.949359033912163e-05,4.1805151304953806e-05,4.0700875450297386e-05,3.798263553394821e-05,3.802146104523894e-05,3.8277452084320066e-05,4.042862122254929e-05,4.153953042325278e-05,4.718747901262275e-05,3.4266137667266077,254.92218248086203,0.11110156444122307
2023-05-05,3.557077954568923e-05,3.658978256866125e-05,4.1789784576986674e-05,4.1720431208094866e-05,4.224631294065033e-05,4.267353536849859e-05,4.244605371230158e-05,4.1455833397899305e-05,4.1296325367072185e-05,4.383505240844228e-05,4.8910254017226616e-05,4.7784942114510064e-05,4.232206400726135e-05,3.85579506461992e-05,4.435177766001013e-05,4.589227787743666e-05,4.012916275252051e-05,3.911676242151589e-05,4.18168577395369e-05,4.191597031207378e-05,3.9205217851995044e-05,4.243051761213169,23.204126679195724,0.03518624883443623
2023-05-06,4.312110711570038e-05,4.9010003563623185e-05,4.884535321274062e-05,3.985336803847225e-05,3.6159848097107954e-05,3.530443394678566e-05,3.3935143945431746e-05,3.285791808884201e-05,3.297027648835302e-05,3.095123812022758e-05,2.1511819201049624e-05,1.847232257016873e-05,2.287372688295045e-05,2.590773178146116e-05,2.741827261535164e-05,2.8854359158529118e-05,3.05267354734071e-05,3.123670803488925e-05,3.173126084720901e-05,2.9992616084166078e-05,2.9365685559612376e-05,7.137355660297697,357.62553738523803,0.09068371352357342
2023-05-08,3.75471175389146e-05,3.689158288965597e-05,3.5151526161519576e-05,3.5244420164834216e-05,3.6791985368740244e-05,4.08349173687294e-05,4.093131538546032e-05,3.7210702470301144e-05,3.5885510568528014e-05,3.584891351039774e-05,3.871704551453875e-05,3.915019145763605e-05,3.926766180236299e-05,3.9513043732107175e-05,4.0180230445135066e-05,3.828713914341384e-05,3.475674618574489e-05,3.4790771041930726e-05,3.613683618208897e-05,3.864572762134498e-05,3.841450087275376e-05,6.01460312905827,357.8360604098066,0.015535645741613166
2023-05-09,7.751401400116205e-05,7.742716428211855e-05,7.686479369489769e-05,7.503394820546353e-05,7.462024135226359e-05,7.345900070336764e-05,6.93749720928202e-05,6.585008190873376e-05,6.544336494417554e-05,6.520484939860291e-05,6.022895707672349e-05,5.7042551954120735e-05,5.633928578320634e-05,5.7554532693473857e-05,5.4167516434908e-05,5.095010059480335e-05,4.872966035225909e-05,5.113552969133693e-05,5.074199962025382e-05,4.6862177160792404e-05,3.9655475654163964e-05,6.039889815563477,323.953513714114,0.11865863189530507
2023-05-18,4.3950193573282204e-05,4.434725036682742e-05,4.471805093606944e-05,4.5953640746914164e-05,4.7070316698174895e-05,4.837051722981702e-05,5.009679531074007e-05,5.0746232192492445e-05,4.85096165738344e-05,4.5465368996374965e-05,4.433919928451454e-05,4.345918857355619e-05,4.235582041020364e-05,4.1906257816893345e-05,4.120244204840995e-05,4.074931415734872e-05,3.9965699451200675e-05,3.847079926661255e-05,3.480449192686458e-05,3.083749209506573e-05,2.814863047613434e-05,3.24383003577191,329.2110654572874,0.043263359242782275
2023-05-20,2.3777523390877662e-05,2.3135078509831145e-05,2.5068627928922574e-05,2.804847572546503e-05,2.669332410470821e-05,2.2871566276386807e-05,2.1806976011170793e-05,2.5634736782934053e-05,2.7582547501214502e-05,2.836442925262466e-05,2.842405676871596e-05,2.6945726627262036e-05,2.671685467956699e-05,2.806055384360825e-05,2.9131106962937798e-05,3.2913069213275195e-05,3.7145998103547875e-05,3.8707184299568114e-05,3.7429838048258824e-05,3.472605601800497e-05,3.0303983411822554e-05,4.1374116333215705,191.68885688091288,0.01685436566473506
2023-05-23,4.990393519183851e-05,5.1922250114601456e-05,5.24438511687426e-05,5.112372890760777e-05,5.0140941956645894e-05,5.099912166225788e-05,5.198740146454987e-05,5.1326419824471455e-05,4.863242248381034e-05,4.7959792957376796e-05,4.774546529502449e-05,4.6521348142898425e-05,4.437433081341892e-05,4.173977778158356e-05,4.1001819838606646e-05,4.099560621519766e-05,4.13314972860612e-05,4.111324053162234e-05,4.0285412068018784e-05,3.817984945229289e-05,3.6518145044934076e-05,4.1153381435526635,305.9947564181138,0.08171482638509284
2023-06-04,3.9174298959836055e-05,4.031832986989221e-05,4.135025905691596e-05,4.119490265397859e-05,4.039079592894556e-05,4.095654072272517e-05,4.130619716484306e-05,4.141322376537784e-05,4.336309542166503e-05,4.405467732718004e-05,4.254889887015389e-05,3.932911900743311e-05,3.7481647365924304e-05,3.9324506369511234e-05,4.3349405572493695e-05,4.344499051158093e-05,4.05839089064566e-05,4.0179975792986204e-05,4.2097506512939766e-05,4.318378276427529e-05,4.3972500276652155e-05,2.916214498645651,232.3994859446891,0.0231924640889291
2023-06-06,2.985638447601614e-05,3.135429491131296e-05,3.072892816098482e-05,2.8192570344737297e-05,2.7607342235932107e-05,3.280953100704851e-05,3.538991467764716e-05,3.51249443105506e-05,3.3817034395564066e-05,3.0015997663411468e-05,2.449158009920354e-05,2.4728807926621205e-05,3.2448208387735966e-05,3.52010789799015e-05,3.315135007684566e-05,3.194152938583002e-05,3.1245323075370286e-05,3.49220899443867e-05,2.506621295201059e-05,2.347147307413243e-05,2.231815681950505e-05,2.557489806768587,263.5848814513833,0.07114406014757746
2023-06-08,3.8713303803184446e-05,3.762966959078626e-05,3.895168460124924e-05,4.1838287874882625e-05,4.369340180525564e-05,4.430358708613867e-05,4.328662560998348e-05,4.221440253868566e-05,4.135522873556617e-05,4.0662639394609014e-05,4.0324190845406036e-05,4.0187608377507775e-05,3.9399938998492385e-05,3.721154873358181e-05,3.538978930650315e-05,3.33910199185916e-05,3.2241343297439905e-05,2.827737152396421e-05,2.7649145313918988e-05,3.003138980963512e-05,3.2093367712070366e-05,2.3637481714295756,25.508520109202834,0.16613013610461602
2023-06-10,4.9879429783690266e-05,4.778654548682017e-05,4.7348925867133464e-05,4.429181615620198e-05,4.3007527100259785e-05,4.082074084072464e-05,4.0266094344267604e-05,4.277478782442695e-05,4.373823407218943e-05,4.2186834866716184e-05,3.969653338194184e-05,3.6817999099848125e-05,3.767634172670869e-05,4.1467480022043044e-05,4.204958370669572e-05,3.881622520176189e-05,3.834338292077618e-05,3.692018652991775e-05,3.4208702887043106e-05,3.1713097323356154e-05,3.299718924620471e-05,5.703999087970601,332.8630458585585,0.03635351527003553
2023-06-16,4.090612228837569e-06,-1.3404155575141535e-07,1.1790226229942996e-05,2.488385861424929e-05,2.4883858562799447e-05,1.053583697914708e-06,2.636883199923805e-07,1.4849485794591697e-06,1.7146884587233224e-06,5.454242588285274e-06,1.0246093375155423e-05,1.6469638684588985e-05,1.820430948294694e-05,1.7986273095358018e-05,1.508874503991975e-05,1.8589029833068068e-05,2.5824170367384966e-05,2.8292954355318276e-05,2.751864463820543e-05,2.4880983303454413e-05,2.3526910274407556e-05,2.040453102404275,189.6123069756798,0.18597297463496357
2023-06-17,3.728897548446466e-05,3.728897693258764e-05,3.728897724847254e-05,3.5663194598224444e-05,2.256659202407555e-05,2.0334257298817905e-05,2.2747451102274707e-05,2.125929586075879e-05,2.4483711508602723e-05,2.7206187857678544e-05,2.720618798757227e-05,2.7206187687438728e-05,3.6102406798626585e-05,3.6102407074288436e-05,3.610240669807021e-05,2.6337516090878643e-05,2.5530718519625394e-05,2.5530718420267938e-05,2.4799203217190343e-05,1.885118589955164e-05,1.855467311300296e-05,4.857281972356833,319.57977078555444,0.19495886093986572
2023-06-18,1.3024882451295953e-05,1.6538022173011677e-05,1.6101485660774584e-05,1.4855189029189954e-05,1.5766218347628248e-05,1.7898729099298514e-05,2.1070266782141927e-05,2.378421547940635e-05,2.4858632857996668e-05,2.2328500035673682e-05,1.966537306789526e-05,2.0203230501126503e-05,2.260613406769964e-05,2.1072013162906353e-05,1.6013274816267545e-05,1.3958873422480924e-05,1.6628433666737887e-05,1.9526961200931297e-05,1.9679084205217207e-05,1.9681113220193054e-05,2.148471312452367e-05,2.015360400811548,124.66633420971993,0.023755553071301356
2023-06-19,2.213818753799101e-05,2.0920426900531306e-05,2.172176839211977e-05,2.3756341977391555e-05,2.6805878950554407e-05,2.9744475916815822e-05,3.046796698446669e-05,2.8585016544200287e-05,2.7132058395020218e-05,2.5016108130082222e-05,2.1985548191694645e-05,1.8218192073904918e-05,1.75929524555573e-05,1.7873577886978704e-05,1.8713965820399482e-05,1.897089531341687e-05,1.6184552610213492e-05,1.4166757984054869e-05,1.3932898629075247e-05,1.4780755021195244e-05,1.6429352739121964e-05,5.023152106363422,344.33870517260794,0.05265775428110642
2023-06-20,2.6700533810100135e-05,2.9257024440235227e-05,3.1530598335075e-05,3.366342652141608e-05,3.741725561050972e-05,3.578439223415582e-05,3.259834091704583e-05,3.32197813269908e-05,3.279250242743675e-05,3.2138788144065544e-05,2.9691587245040414e-05,2.682786351328076e-05,2.5548295021973773e-05,2.734312211922e-05,2.4491608586877433e-05,1.7903574905499953e-05,1.4398580886428453e-05,1.5993907399156492e-05,1.7373013670266174e-05,1.9875496392866687e-05,2.3474389666851126e-05,3.8337513038855318,334.2990715353991,0.013445003852517423
2023-06-22,3.187501112296959e-05,3.189578678350368e-05,2.8950572407527927e-05,2.3515170500170627e-05,2.3951602441502017e-05,2.89804322258621e-05,3.4200183498005654e-05,2.9838909691281574e-05,2.1511375154526643e-05,1.7109537774954466e-05,2.0464797240674853e-05,2.6501689506147195e-05,2.5636449136748822e-05,2.031846882911382e-05,2.2376618428615393e-05,2.323912967533505e-05,2.2834035615649517e-05,2.3564949559941104e-05,2.3606727228324706e-05,2.230769414329158e-05,2.1363598684548038e-05,4.7865804391710505,288.12393118561147,0.10280882141791381
2023-06-24,2.3099601821382175e-05,2.0671883749575425e-05,1.8918612693676265e-05,1.844593114944255e-05,1.800449965225917e-05,1.872503541174521e-05,2.017042924710241e-05,2.0982888614957737e-05,1.991472797702867e-05,2.035370869281045e-05,2.1002298844699654e-05,1.935353907095226e-05,1.8597342201149522e-05,1.8470231203489704e-05,2.0375675588947684e-05,2.0423989718965055e-05,1.8892646379412137e-05,1.8610751537856727e-05,1.849232530251009e-05,1.6195781887296102e-05,1.4646098704677805e-05,7.971988357087314,359.32845575767016,0.019695589444461734
2023-06-25,3.3772753590621615e-05,3.318039206798649e-05,3.396939739558829e-05,3.487214095172524e-05,3.479430578377934e-05,3.3734536002456706e-05,3.5224117366584286e-05,3.435702161667298e-05,3.344014660358485e-05,3.172431983255543e-05,2.923998984570584e-05,2.7642695577756262e-05,2.5647317924496157e-05,2.3658811501861293e-05,2.2020865453251408e-05,2.2676539439401888e-05,2.76195028236419e-05,2.859150671392158e-05,2.392900391590935e-05,2.1857823679937977e-05,2.0446683399194036e-05,4.457195845917422,343.82075976877456,0.0029880995998993777
2023-06-26,4.4651693686426724e-05,4.75642000291201e-05,4.6349327245979304e-05,4.485625791816909e-05,4.7926371865072225e-05,4.9990416665011664e-05,5.171715856460869e-05,4.856343025890393e-05,4.31390909757233e-05,3.909525298342331e-05,4.4145128115594866e-05,4.5481708952584695e-05,4.600741190088975e-05,4.359286986896938e-05,4.4735839423168146e-05,4.570384246448928e-05,4.3899509416656855e-05,4.2652775781447434e-05,4.1922964468686355e-05,3.995230445147153e-05,4.194866410864073e-05,3.6237114215285926,332.1755057723617,0.11049985999493005
2023-06-27,5.1321558508980626e-05,5.083934994679791e-05,5.257448392768245e-05,5.6026659586805545e-05,5.483678035488409e-05,5.2054226369126e-05,4.8780980256108636e-05,5.136897181280969e-05,5.403417664197886e-05,5.885973614254277e-05,5.639030256079126e-05,5.129144328915939e-05,5.046898413146267e-05,5.028135622743847e-05,4.7621201803976596e-05,4.720172474306628e-05,4.811941824753177e-05,4.8043702126353044e-05,4.630970962473722e-05,4.701063394426713e-05,4.54873774855797e-05,5.204332139032106,352.16368764594364,0.00537783749368405
2023-06-28,4.4934490010767e-05,3.980753867079234e-05,3.972761623701865e-05,3.9942905793138484e-05,4.025552290612246e-05,3.994128012829033e-05,4.261566606728216e-05,4.7064682225729206e-05,4.884008720722202e-05,4.6469296924725386e-05,3.951879432242107e-05,3.6138938070324895e-05,3.539278571200605e-05,3.6918159054752856e-05,4.034034383626204e-05,4.310855676878423e-05,4.083221028049827e-05,3.592542200525366e-05,3.186950696737736e-05,2.871002383297208e-05,2.9540311087921423e-05,6.814041207005249,357.77981301678153,0.003763757323411667
2023-06-29,2.9509674419804743e-05,3.085728099753953e-05,3.7830417303596215e-05,3.926424344760472e-05,3.793372580379776e-05,3.355817203930797e-05,3.3369909830385665e-05,3.487968404516919e-05,3.58143416091766e-05,3.496609276514854e-05,3.1154069867646343e-05,2.957923795790428e-05,3.213560749214373e-05,3.617527650017327e-05,3.543661181441782e-05,3.239293969561598e-05,2.884866662868844e-05,2.892558038531626e-05,2.975896241107921e-05,3.1741592253795024e-05,3.2584644073355174e-05,4.746742558242778,0.3664943259968254,0.0123598807820736
2023-06-30,3.115967538817328e-05,3.2246581338698394e-05,3.546794998861266e-05,3.5780504955893274e-05,3.4762265156711085e-05,3.127535907988281e-05,3.093184129372153e-05,2.975372936072327e-05,2.9459886384034907e-05,2.9573347106358324e-05,3.1667394087348644e-05,3.2897264685675945e-05,3.254968477022565e-05,2.935116512947939e-05,2.9318388121938634e-05,2.9738707060724696e-05,2.313705405363331e-05,2.222486210619311e-05,1.6409268863632738e-05,1.0672735178571782e-05,9.291392987340415e-06,6.096230074584017,353.35384838256556,0.07710554343427503
2023-07-02,3.6596178098668375e-05,3.500308412287705e-05,3.381493553867927e-05,3.4067384986886836e-05,3.392587326273445e-05,3.5618286311763865e-05,3.927890499236632e-05,4.146995612915225e-05,3.8661577505887676e-05,3.2292349489518246e-05,2.865413565869844e-05,2.9872914510469937e-05,3.387368483223812e-05,3.390004450068602e-05,3.147931485997547e-05,2.622376647530831e-05,2.7182862192579808e-05,2.8814778869020758e-05,2.8628124668502624e-05,2.723983887650971e-05,2.7190788703133625e-05,2.1071004827119824,9.953547941193676,0.082602807480536
2023-07-05,3.5688213846252285e-05,3.908996239156943e-05,3.881536968885122e-05,3.9496517632493654e-05,4.145236758943789e-05,4.152562859925562e-05,3.9490757880508015e-05,3.862505981359496e-05,3.8030599357785e-05,3.732457451512436e-05,3.6041625086563215e-05,3.3621385268748174e-05,2.662338346429826e-05,2.4607395478974442e-05,2.334244441650333e-05,2.6983461559964737e-05,2.996413693865284e-05,3.1708960769884944e-05,2.788019127952048e-05,2.481289697271051e-05,2.5753135293803066e-05,2.9415821905921686,324.57587676096733,0.11080251818213094
2023-07-06,5.1335605048452816e-05,5.151372541993991e-05,5.061870555606785e-05,4.693444942389556e-05,4.708185500699141e-05,5.3584156175276644e-05,5.865680372225396e-05,5.71426912906763e-05,4.3520022866786044e-05,4.133549111052022e-05,4.1214976237180974e-05,4.046473798190106e-05,3.983050387070937e-05,3.9628249811392534e-05,3.618640445950111e-05,3.601986325860931e-05,3.38053352825059e-05,2.9819991109976706e-05,2.9880356963163288e-05,2.8590278333560354e-05,2.7437780616864665e-05,2.3168409441680313,351.4458210336224,0.007475771786204594
2023-07-07,3.586240780233194e-05,3.464610752535807e-05,3.534651967626847e-05,3.707315707331907e-05,3.754378897433594e-05,4.009991179896063e-05,4.037624051891877e-05,3.8794063253755425e-05,3.864984311820285e-05,3.882780920722609e-05,3.730750357259593e-05,3.53097376501405e-05,3.53305676042924e-05,3.669994534522108e-05,3.6681715804006166e-05,3.798240332794504e-05,3.931771899938479e-05,3.9502941008572376e-05,3.9417340904318066e-05,3.8324234282766995e-05,3.7074263129368274e-05,6.11324226114944,355.14227553075193,0.02916025746335714
2023-07-08,1.3708188028667623e-05,1.2147422437007208e-05,1.1013190896909535e-05,1.0114368398432977e-05,1.0245920120511307e-05,1.2652888462645988e-05,1.5785327683423892e-05,2.108638633806596e-05,2.3930174400886344e-05,2.1096324997064728e-05,1.913619344382527e-05,2.0935765569220592e-05,1.869029272633955e-05,1.961023885207218e-05,2.212804881233682e-05,1.8782906457786728e-05,1.5841808818762826e-05,2.0331528263310546e-05,2.5882796363683602e-05,2.6832306023178603e-05,2.3411960147959938e-05,3.5048573945642936,25.547736875112037,0.08004904717987452
2023-07-09,1.4101209914549135e-05,1.553018931161921e-05,2.0041230440707908e-05,2.5608414497792734e-05,3.0036279668875025e-05,3.542608930122557e-05,3.96830766849091e-05,3.946281085718382e-05,3.719088930360218e-05,3.3796122167154525e-05,3.197439796826081e-05,3.411589338513801e-05,3.619531546334726e-05,3.8098238604832005e-05,3.7346127762990364e-05,3.631241582804449e-05,2.4272816904274535e-05,1.4193152350618113e-05,1.4193152481343256e-05,1.4193152191296425e-05,1.4193151957085965e-05,2.921466651879447,204.81891977911823,0.07692351828575597
2023-07-11,6.050615724992752e-05,5.6274682175775006e-05,5.579123654566766e-05,5.6895248834923454e-05,5.6456902286309466e-05,5.68771026092249e-05,5.811435659974195e-05,5.636449780019552e-05,5.573078635356777e-05,5.529499490931235e-05,5.489510992080059e-05,5.5069224265885645e-05,5.4382277630744216e-05,5.33943585829469e-05,5.324393270550989e-05,5.48732775703569e-05,5.702824548417253e-05,5.59605482479291e-05,5.081309443008651e-05,4.67420964242945e-05,4.686822792151686e-05,5.340784729605618,20.015046298228242,0.01695105136208794
2023-07-12,3.768195488779531e-05,3.828993771864658e-05,4.059973464666939e-05,4.3204459747534065e-05,4.2123078582310496e-05,3.948731883316085e-05,3.908102338631634e-05,4.067871785918453e-05,3.9997138891339744e-05,4.1872475934161075e-05,4.278604279084764e-05,4.11860427472859e-05,3.7930038414069314e-05,3.795041712985557e-05,3.8623532807117714e-05,3.652418497779822e-05,3.32434547838157e-05,3.1938197997112e-05,3.1087858488334365e-05,3.2576631423379993e-05,3.0442994391006587e-05,6.812481188815694,7.286226198460895,0.004096287809722257
2023-07-13,4.660156126947406e-05,4.4226863254737556e-05,3.822786093247229e-05,3.825188874579038e-05,3.975254851175509e-05,4.259833449650564e-05,4.355961002775221e-05,4.566300426766891e-05,4.838749844749211e-05,4.790605557751607e-05,4.7230656330807235e-05,4.734575964479167e-05,4.982216875396172e-05,4.9198507557791395e-05,4.597448329334205e-05,4.406407581732865e-05,4.431963019182694e-05,4.740028483317292e-05,4.627550162214132e-05,4.545364396328864e-05,4.415967133525153e-05,6.749959499491101,3.805817555386568,0.0023773679117475408
2023-07-16,3.780051805517225e-05,3.819568922879076e-05,3.745237797097652e-05,3.7166882697142446e-05,3.866348488661578e-05,4.2463769067657394e-05,4.461492010775265e-05,4.361390609844979e-05,4.196260574189652e-05,3.927324393127847e-05,3.675781089997569e-05,3.595298076445521e-05,3.582299865740049e-05,3.470135177170428e-05,3.296324650975203e-05,3.454361059071685e-05,3.7683456623720726e-05,3.726243111028321e-05,3.4946682752249065e-05,3.449528618011824e-05,3.5569688500465114e-05,5.5767987987002545,308.34274634503896,0.005580150807659827
2023-07-17,3.347089718950702e-05,3.423235054848425e-05,3.0049877880237613e-05,2.7935900826183527e-05,2.826141123921833e-05,3.3050718783449634e-05,4.1437783226277925e-05,4.2144488762163956e-05,4.2732908659162775e-05,4.383381975998574e-05,4.1978929443990654e-05,4.195206528029467e-05,4.0399301038902117e-05,3.556209296282234e-05,3.429774895818207e-05,3.402292436515225e-05,3.4604685939430225e-05,3.603464166460347e-05,3.812149279358314e-05,4.0172332800657706e-05,4.010865580890316e-05,2.4542789331493124,66.60966191775816,0.005105739482230509
2023-07-19,4.536112350850071e-05,4.6225968741296645e-05,4.840757370269045e-05,4.794074022909929e-05,4.487284629865021e-05,4.428904070464788e-05,4.6544240544125526e-05,4.819980490249108e-05,4.509461964772676e-05,4.1451800249896487e-05,4.301236481414008e-05,4.3975456920008216e-05,4.135588078239029e-05,3.936566839738467e-05,4.019031277495397e-05,4.2376451804198575e-05,4.399741971670967e-05,4.541049882258233e-05,4.2721660958473865e-05,3.786318136680447e-05,3.720769001547102e-05,6.10766540586083,15.25210898302015,0.002712415375725208
2023-07-22,1.2841041099964992e-05,1.3308697712999603e-05,1.2019664727255046e-05,1.055810116821722e-05,1.118752446761333e-05,1.1975971807938137e-05,1.277585009047147e-05,1.558639451167488e-05,2.117404105310608e-05,2.3683447475106553e-05,2.2494028847594064e-05,2.026990344115736e-05,1.7457146698852172e-05,1.4402009840470248e-05,1.338648242799617e-05,1.4642250338508869e-05,1.584841309798717e-05,1.66854222994134e-05,1.722155758088832e-05,1.7399542425802043e-05,1.7410365270891968e-05,3.4672710424916127,216.82956820327294,0.004425380700956353
2023-07-24,4.648076649763089e-05,4.591170295992042e-05,4.3822941197274714e-05,4.377063076859468e-05,4.351659516146272e-05,4.708174002232968e-05,4.8194265710288434e-05,4.9494527346935275e-05,5.477081248991609e-05,5.6721534630852726e-05,5.165189118644501e-05,4.705765165381772e-05,4.8695883596942054e-05,5.403523762338561e-05,4.972632521577907e-05,4.452953159824678e-05,3.951416199847639e-05,3.7913297218152536e-05,3.716687652217175e-05,3.51253708363519e-05,3.576485014860304e-05,4.337943097838543,327.27792120908396,0.004120613980370204
2023-07-25,3.965681122877888e-05,3.7467787189931335e-05,3.743892322257936e-05,3.721176589475103e-05,3.5662421837577807e-05,3.261998366929981e-05,3.6199282900823525e-05,4.038115217555181e-05,4.086638948091062e-05,3.909302270058472e-05,3.589230809966502e-05,3.352993448631458e-05,3.36428593643767e-05,3.441090762320771e-05,3.5862255927191145e-05,3.5071308862199946e-05,3.454207129962945e-05,3.641030125332923e-05,3.59786482934475e-05,3.220578971552917e-05,2.647182720166677e-05,5.138902401234795,356.1698174529516,0.012171195081552132
2023-07-26,4.250414778499515e-05,3.931021228943419e-05,3.9534856596701765e-05,4.0610332571000814e-05,4.467657213201562e-05,4.49750273669328e-05,4.1205187562397664e-05,3.730919585962515e-05,3.675052988237353e-05,3.793422387942257e-05,4.0728720361503135e-05,4.129426782466608e-05,3.85490975164219e-05,3.643787416493896e-05,3.4453625357118286e-05,3.402134035937595e-05,3.5067472995237034e-05,3.559918061719526e-05,3.474350010566061e-05,3.5094226222256924e-05,3.4537367928442174e-05,5.946330743419131,355.1809241434099,0.023510624181230635
2023-07-27,4.835748404521243e-05,4.9293469382763665e-05,4.959788346698465e-05,4.910868504199537e-05,5.2392418182784776e-05,5.6241621282077595e-05,5.414740814964733e-05,5.334194254579043e-05,5.505260584023905e-05,5.6656122306008834e-05,5.21983063559876e-05,4.827694903557543e-05,4.8145039265223696e-05,4.9096415815000954e-05,4.8445051970037365e-05,4.847413774627327e-05,4.650651055624219e-05,4.394055024867824e-05,4.216689562449286e-05,4.084749597810237e-05,3.919034716006953e-05,4.504045467443993,340.99443899393964,0.036634185753503336
2023-07-28,4.727276913318211e-05,4.3470351337967395e-05,4.30884045727942e-05,4.2313796813444564e-05,4.205265152460597e-05,4.214944288598164e-05,4.172923658096471e-05,4.156483985437315e-05,4.184785214360576e-05,4.439734122431012e-05,4.5522493881759574e-05,4.4873533958370976e-05,4.0032102752737436e-05,3.990957769123007e-05,4.015315005988772e-05,4.050863163015785e-05,4.040378057344587e-05,3.9308123454545994e-05,3.876616556273422e-05,3.888939693202661e-05,3.7540710654908696e-05,4.629775724671601,351.0191344858006,0.014284902874629395
2023-07-29,3.711692044934643e-05,3.682908041107398e-05,3.695578939751045e-05,4.016639897331596e-05,4.290585779537132e-05,4.452627305733624e-05,4.3357028655054544e-05,4.219582558180712e-05,4.12785044528694e-05,4.021846033271042e-05,3.9782157403571717e-05,4.0482534012046744e-05,3.719153298864601e-05,3.411549347735959e-05,3.4689056820606074e-05,3.432734104705692e-05,3.1462036835158124e-05,3.0513373374061504e-05,3.3011375189959904e-05,3.202733044232797e-05,2.9045466606182187e-05,2.295461602700798,319.9165308653463,0.03408456968696845
2023-07-31,6.136996034544054e-05,5.8759024341187836e-05,5.765728801360209e-05,5.822337630182699e-05,5.9451705077913505e-05,6.155217910030682e-05,6.61148199603445e-05,6.690420389852526e-05,6.542379254385003e-05,6.0587266285654254e-05,5.717006218775278e-05,5.6183545985637974e-05,5.758718763853178e-05,5.872334612395644e-05,5.894348593024872e-05,5.634747364100463e-05,5.432477016093307e-05,5.259477517845116e-05,5.2275553361637196e-05,5.1156812530524156e-05,4.9298289960644486e-05,4.00991765688541,0.4665830864069562,0.022359352785307453
2023-08-01,5.8327098941396884e-05,5.758728431212948e-05,5.669737052555667e-05,5.751919140905491e-05,5.8604655763785514e-05,6.006447783600051e-05,6.105154743060192e-05,6.024984652606912e-05,5.716098148430481e-05,5.513619613151139e-05,5.5502956473824125e-05,5.554193315994433e-05,5.361342474617322e-05,5.047117215074756e-05,4.756247376048395e-05,4.6409285563037344e-05,4.520729003353042e-05,4.396052809353438e-05,4.232674410450091e-05,4.1056127480682783e-05,4.063300527020212e-05,2.5556770901627655,322.11754981479805,0.020066067395639358
2023-08-02,5.1090452168429496e-05,5.313163770110584e-05,5.0433941122509564e-05,4.675000183860351e-05,4.81842445704563e-05,5.479073426786622e-05,5.354645139741657e-05,5.0354679468801576e-05,4.842922013541453e-05,4.940930022730848e-05,5.194063746504836e-05,5.221174392461512e-05,4.87890633160483e-05,4.98749350234017e-05,4.9738858413938426e-05,4.733647928825245e-05,4.636659902461173e-05,4.819325313361193e-05,4.762845382871644e-05,4.6031892176714946e-05,4.211874792292531e-05,5.215119739114551,3.7604825144865686,0.009501913131001271
2023-08-03,4.8632745085257535e-05,4.833005223968013e-05,4.9038087854721904e-05,4.9728817354977275e-05,4.926520327957132e-05,5.021250987269298e-05,5.466467013819014e-05,5.212985822762903e-05,4.630839706390893e-05,4.762308159358581e-05,4.832620481833416e-05,4.607102232982861e-05,4.51108007317855e-05,4.457042348518848e-05,4.420244517280381e-05,4.5541519744296466e-05,4.6841609479892114e-05,4.242739588859921e-05,4.14531138761826e-05,4.2912346765447986e-05,3.980667936518237e-05,3.6053529782090026,356.7165322905086,0.0032213808098280053
2023-08-04,3.748375425874684e-05,3.540557794435726e-05,3.5088732810215145e-05,3.595464088005448e-05,3.751018540682973e-05,3.7142827826326265e-05,3.8017042843808076e-05,3.856591960918351e-05,3.821703920356387e-05,3.655219507511575e-05,3.611503373789708e-05,3.360562395131703e-05,2.9595674885978042e-05,2.973124499027623e-05,2.9674391877361555e-05,2.8106961724528195e-05,2.7986783133240032e-05,2.8023200643305304e-05,2.771485479063582e-05,2.873374317514928e-05,2.5429162129808246e-05,2.7968279741582434,342.7014264494793,0.003505634052591389
2023-08-06,2.730782234594427e-05,2.6273517288516645e-05,2.704756832314835e-05,2.720111608648015e-05,2.8248879364187158e-05,2.7418611100771946e-05,2.6958778843155847e-05,2.4959424899245728e-05,2.4333851621223325e-05,2.422034550361456e-05,2.337894687624791e-05,2.3343827886752046e-05,2.4348376215919198e-05,2.605561802199336e-05,2.631314294987603e-05,2.3951087803108823e-05,2.3113768328061056e-05,2.3123673607451965e-05,2.238692944192788e-05,2.276738115148586e-05,2.209015272874769e-05,5.666697180983034,355.5684115616606,0.010564663187262922
2023-08-07,3.982895273516482e-05,4.4121326655864094e-05,4.810435145676203e-05,4.968842495663757e-05,4.6708643215418754e-05,4.346931025261708e-05,4.475426405360256e-05,4.4963611756724206e-05,4.068317107493907e-05,3.78986247188598e-05,3.817412831684606e-05,3.600042611888418e-05,3.138811111223003e-05,3.001945156274172e-05,3.2347434191041276e-05,3.21135106950236e-05,2.852092278533924e-05,2.5623575338231065e-05,2.5686556825154342e-05,2.7026595762175705e-05,2.6470203985903197e-05,2.6243695846550303,297.3139076795161,0.03945746090644333
2023-08-11,4.6191822889462766e-05,4.5949546923169964e-05,4.231154275282674e-05,4.060868705199785e-05,3.856206916250072e-05,3.92038422014568e-05,4.023755851529789e-05,4.07805463936939e-05,3.857145755250743e-05,3.850275871354662e-05,3.8508379581769565e-05,3.947980360613431e-05,3.5790666538844654e-05,3.5240858973575694e-05,3.6912888005922486e-05,3.9820526813745176e-05,4.13994252756745e-05,3.8265631475647665e-05,3.626888303718467e-05,3.2495277954718235e-05,2.801191621625761e-05,5.557018012653969,8.120909926432375,0.02502463644753401
2023-08-12,3.6182625921876545e-05,3.5163376450562246e-05,3.205668799943111e-05,3.226628712880533e-05,3.385510918710089e-05,3.73268220202546e-05,3.783065987122712e-05,3.533594084903969e-05,3.450619158897318e-05,3.4462497972525184e-05,3.3627823705681756e-05,3.1099667616675615e-05,3.1287751053561845e-05,3.230159901083266e-05,3.3542564631173764e-05,3.269169637145886e-05,2.989391789336619e-05,2.9762194583943665e-05,3.076679916240077e-05,3.6637830914439604e-05,3.755515912591656e-05,4.780346178107895,2.296047317992759,0.0027805617466586836
2023-08-13,3.1355667953581843e-05,3.249338734129477e-05,2.979059682265115e-05,2.5527158216998132e-05,2.6035517400340132e-05,2.7237109881773758e-05,2.8311269024229062e-05,3.060511273720629e-05,3.142805485421352e-05,2.9932396764550336e-05,2.9816741675223953e-05,3.047630494036373e-05,2.9754917486306692e-05,2.9882760811188493e-05,3.118038607875774e-05,3.055300081364023e-05,2.8575335995480977e-05,2.6827144736369387e-05,2.672601179673295e-05,2.796509232982593e-05,3.065313964590631e-05,4.595348847059281,16.20655187784746,0.0033716644695105783
2023-08-14,3.5962554138941614e-05,3.163760434438004e-05,2.959359362846547e-05,3.3530407072592105e-05,3.588534524761662e-05,3.412449666473413e-05,3.3009540064592956e-05,3.611545165694134e-05,3.589674343113352e-05,3.63325556666153e-05,3.8098378164231897e-05,4.2618928036821135e-05,4.615594339383606e-05,4.965115915840484e-05,4.869725983933309e-05,4.425263236271654e-05,4.0779535064801206e-05,4.3942169707343766e-05,4.6005558730747816e-05,4.598022750587866e-05,4.787232063499948e-05,6.656084214337592,186.24237236059074,0.008340236509109335
2023-08-15,2.614602082815367e-05,2.81783564918056e-05,2.9817320638930997e-05,3.0729252719519116e-05,3.0258370279417432e-05,2.9612260895947492e-05,2.889515902794771e-05,2.921027243178891e-05,3.2235264371449244e-05,3.563987784986115e-05,3.489792623254667e-05,3.363500481164872e-05,3.4272125865678773e-05,3.493742937784368e-05,3.4179645587066064e-05,3.2627048499129366e-05,3.2652739002300474e-05,3.707261437915913e-05,4.047743752677871e-05,4.041087103968514e-05,3.65658179111493e-05,3.416541183998826,192.39787372215818,0.0006160944264225444
2023-08-17,4.031365569099546e-05,4.118791536359542e-05,4.225007867307163e-05,4.049832733713501e-05,3.79895012792754e-05,3.839421861045109e-05,4.033854673696296e-05,4.348266300906147e-05,4.5685396828544356e-05,4.62581090777156e-05,4.461947660603575e-05,4.394315924195187e-05,4.399133334893016e-05,4.2617530317145316e-05,3.803590471534988e-05,3.419201670793454e-05,3.458802788227466e-05,3.453605424341633e-05,3.3606038711493914e-05,3.237891726866124e-05,3.2415920343459694e-05,2.9029663454173433,22.584233673285496,0.010817888297677694
2023-08-18,3.968619525999912e-05,4.145969240023221e-05,4.219816737799627e-05,4.147343173682468e-05,4.217453628692922e-05,4.192912143631534e-05,4.0716536388894673e-05,4.0767882422861315e-05,4.30711945450241e-05,4.164192602734239e-05,3.9617425724435255e-05,3.931999070563345e-05,3.9443834878653077e-05,3.814608196136119e-05,3.766986365491952e-05,3.8553341069356434e-05,3.818417916556015e-05,3.418414084504634e-05,3.128227837557384e-05,3.020370830544464e-05,3.08055703504097e-05,3.9297517708190615,25.416498428740226,0.027715892676680023
2023-08-19,4.374662613581075e-05,4.300698419253961e-05,4.541079349330727e-05,4.6028999212948365e-05,4.604153835681601e-05,4.4672508646192726e-05,4.3100983979747926e-05,4.31164897853772e-05,4.837872483460411e-05,4.964416784698268e-05,5.254002122458086e-05,4.873046468251559e-05,4.319273724162446e-05,3.8288194215154806e-05,3.972569458175992e-05,3.948264069010837e-05,3.881850096995005e-05,4.0222193386490614e-05,4.033685177504832e-05,3.571479404626887e-05,3.2742363637116606e-05,3.112325392568711,355.5643671344206,0.005910773916050258
2023-08-20,3.294881565840674e-05,3.2858960402375374e-05,3.5480147155816814e-05,3.7471232463520236e-05,3.8901176262321585e-05,3.889290502615258e-05,4.088555260082321e-05,4.212058432875397e-05,3.953955794252003e-05,4.000602928660179e-05,4.324965368331928e-05,4.536719632249547e-05,4.44588717819243e-05,4.7503938361262745e-05,4.845592915093192e-05,4.50983160340728e-05,3.9423687981645555e-05,4.07095667263674e-05,4.5307334130801015e-05,4.6572494054897525e-05,4.509645328340773e-05,4.256381876279192,265.0703423805954,0.013927467542653954
2023-08-21,3.302347343684503e-05,3.2806298442549655e-05,3.3065736692441624e-05,3.528068033465608e-05,3.8308680083244474e-05,3.907205830083297e-05,3.930575070487701e-05,3.9538402324139905e-05,3.9955899775355066e-05,4.32171528089888e-05,4.376912104868172e-05,4.357158300276426e-05,4.347472364484131e-05,4.208830188035796e-05,4.0707733581355344e-05,3.995940626068918e-05,3.989915292045675e-05,3.983511320682498e-05,3.805295681796228e-05,3.656907312689379e-05,3.733809060629313e-05,6.484549447177379,261.4219227016637,0.04972424302639513
2023-08-22,5.328246748256871e-05,5.1672921432212583e-05,5.249544240617357e-05,5.433946172035642e-05,5.807734992675438e-05,6.041482511670754e-05,6.007792403036016e-05,6.046620757175059e-05,6.085001146564735e-05,5.870414976054106e-05,5.960082799870356e-05,6.25631744627687e-05,6.1021098851936874e-05,6.19495395626e-05,6.23773581741442e-05,6.038332720822278e-05,5.80077426288066e-05,5.7966001944503146e-05,5.708326682307264e-05,5.9104637563778595e-05,6.037023594342762e-05,4.81678833938244,285.34869124610213,0.08148023086038404
2023-08-23,5.529602802656721e-05,5.325936205516862e-05,4.935110764861881e-05,5.00264749184384e-05,5.307742019224624e-05,5.4534315209022624e-05,5.2066435912355934e-05,4.815223265063041e-05,4.554204385439986e-05,4.572320858641137e-05,4.582392622044181e-05,4.5670437123031295e-05,4.327859782653114e-05,4.040378368253194e-05,3.933179435046071e-05,4.004213360140094e-05,3.939665709715992e-05,3.8596861789491556e-05,3.864743536400337e-05,3.7757249368948035e-05,3.413742651711122e-05,3.2715056858653044,317.9676576316524,0.06524635727835708
2023-08-28,2.4152425711029693e-05,2.3048227227608884e-05,2.3077143522011115e-05,2.3964762357956856e-05,2.4307794783611e-05,2.3876821761900724e-05,2.4095313948574232e-05,2.5753277645932635e-05,2.7184644574150608e-05,2.7589519687304183e-05,2.763678226846726e-05,2.5853609283564158e-05,2.4929137739782235e-05,2.71885331611887e-05,2.9488213020175863e-05,3.0017141997070746e-05,2.9126024791635787e-05,2.767803727644425e-05,2.9979924919639026e-05,3.5578519652648654e-05,3.897841697489458e-05,5.15315597609869,203.42551927149677,0.010030342680452586
2023-08-29,2.5190554457756615e-05,2.9559375040720484e-05,2.9874511972818163e-05,2.9387439411515358e-05,2.7216521088178817e-05,2.7205479975524994e-05,2.9314131921454427e-05,3.071483427337612e-05,3.1614751243568166e-05,3.2162731430958825e-05,3.4315290780596195e-05,3.337037026157166e-05,3.0782875092661005e-05,3.0040969583717785e-05,3.117933428660983e-05,3.29267929684662e-05,3.277058590158553e-05,3.2874891450038445e-05,3.578452544889661e-05,3.834051605719234e-05,3.591948177765416e-05,3.425320085113393,207.69135940909877,0.04918283626159056
2023-08-30,1.880206887068361e-05,2.067894199051382e-05,2.2091087459554145e-05,2.519314750178057e-05,2.7129538128330142e-05,2.7913273915880038e-05,2.8019482132800132e-05,2.995083281924068e-05,3.134557656888056e-05,3.127673613607199e-05,2.9852453852335682e-05,2.7599213308222144e-05,2.6882908883892214e-05,2.9211530287924532e-05,2.8751387512794927e-05,3.0349093929412104e-05,3.339599535022497e-05,3.269390602321461e-05,3.319973759408136e-05,3.713665880756556e-05,4.074994886547405e-05,4.706427705649168,204.96064963668812,0.09581383755946209
2023-09-01,5.079365344066368e-05,5.1252117538461e-05,5.104475632862552e-05,5.0157150715059195e-05,4.965439857830735e-05,5.05077482117819e-05,5.2435348888531836e-05,5.3846793375172266e-05,5.361002072000924e-05,5.294676726870173e-05,5.203939115002736e-05,5.293125911537679e-05,5.4647689392243026e-05,5.4209723486797926e-05,5.244649449533981e-05,4.999250953545108e-05,4.922317508235701e-05,4.8737994192393624e-05,4.746054432583336e-05,4.614053739493861e-05,4.532944907700642e-05,2.95339538886627,301.2014626686291,0.04427088526771591
2023-09-03,4.8667248227572815e-05,4.6672356743464e-05,4.7069939906977796e-05,4.6069496186224936e-05,4.153892181973208e-05,3.844416042599437e-05,3.982149977351157e-05,4.8050463549245744e-05,4.897901892883748e-05,4.8632212564172276e-05,4.233259437968062e-05,4.210905297490631e-05,4.2611404696792925e-05,4.301210652169486e-05,4.343706559322269e-05,4.801484049795869e-05,4.851626188058415e-05,4.5022223427680644e-05,3.760729903985624e-05,3.700186221156201e-05,3.744557745475748e-05,5.141736992859975,356.75916089809294,0.08008437065909253
2023-09-04,4.794128800794802e-05,4.323562271706826e-05,4.069121999822807e-05,4.033552612975079e-05,4.232549833931876e-05,4.4704248052426755e-05,4.4003252444161785e-05,4.1247544002326896e-05,4.238944676989586e-05,4.3436221453357255e-05,4.364543058291246e-05,3.9173887968305127e-05,3.8905471843717406e-05,3.953510847112234e-05,4.150163498883958e-05,4.0613166490838245e-05,3.678101013029205e-05,3.596283933428579e-05,3.764559945521881e-05,4.0098068675453204e-05,3.874091610185626e-05,6.458734293705657,358.09353673652726,0.016056990184857345
2023-09-05,5.317564481398537e-05,5.01122346020417e-05,4.6836266129234315e-05,4.6309745571118725e-05,4.729692379465954e-05,5.000729518530532e-05,5.171287606282064e-05,4.891296802741813e-05,4.683116174595089e-05,4.743552795136076e-05,5.1101130397781444e-05,5.176203237322337e-05,4.8612841706424965e-05,4.578599696323066e-05,4.346154880639458e-05,4.4195647289721713e-05,4.4334580739159486e-05,4.298869262995387e-05,4.347197240235166e-05,4.448250690876244e-05,4.323977164154883e-05,6.300793401779326,0.2935995632784625,0.01581418997835735
2023-09-07,4.603174783956725e-05,4.859128512284364e-05,5.10732596614773e-05,5.22504227697437e-05,5.232670810824529e-05,5.208267537473574e-05,5.2976943086217866e-05,5.126752614099523e-05,4.800671411383552e-05,4.6903929398341356e-05,4.814287081983525e-05,5.0497068563966334e-05,5.185912025053951e-05,5.220567063084376e-05,5.023553611897509e-05,4.583340790375582e-05,4.23963145608615e-05,4.126303721323973e-05,4.153659583825414e-05,4.181569127714994e-05,4.2536471461837934e-05,2.2173859164130687,42.38422961769243,0.14611406889481868
2023-09-09,3.978188341808515e-05,4.813134469302605e-05,5.107458839711633e-05,4.9841821618763645e-05,5.147804524872712e-05,5.520020287701916e-05,5.396800314811807e-05,5.3660382200174075e-05,6.163599566593516e-05,6.210204687497278e-05,6.234298187988207e-05,6.72479022526856e-05,7.126407021505423e-05,6.932185256358556e-05,7.132618357364079e-05,7.268408859249744e-05,6.585291654394297e-05,6.95520793376427e-05,7.720481605161615e-05,7.688146114527985e-05,7.627254294746794e-05,3.368154422378901,267.8856887579622,0.013080601849415781
2023-09-10,4.01419582639401e-05,3.994205609675157e-05,3.93557278838385e-05,4.035841420843553e-05,4.034141542159478e-05,3.9168351098730975e-05,4.118262672629378e-05,4.538484593738242e-05,4.2953481628182954e-05,4.0152025762973214e-05,4.028885687468443e-05,4.159911789103387e-05,4.2964891600338716e-05,4.2005644607347916e-05,3.890012352276104e-05,3.838617504949766e-05,4.0541852997965193e-05,4.515869172261305e-05,4.539224423085242e-05,4.4423018693677836e-05,4.400260851974601e-05,4.078822448861984,292.6936793580745,0.03033851106706388
2023-09-18,5.533904751009584e-05,4.98288242562077e-05,5.0279863924873376e-05,4.926408100538959e-05,4.8755051766085975e-05,4.9187392391386726e-05,5.355197233557492e-05,5.5174372193972986e-05,5.2049136111653845e-05,4.513056316609587e-05,4.31136993008796e-05,4.615927601931925e-05,5.0492746747634435e-05,5.0657262499491503e-05,4.7400603865683294e-05,4.390958776938732e-05,4.332566080009531e-05,3.841482674089915e-05,3.778249341530118e-05,3.757040662841557e-05,3.511177132940573e-05,3.2122395594594644,359.52951652794326,0.009990748883870259
2023-09-20,4.943125545217611e-05,5.0204335937871646e-05,5.625464039741912e-05,5.708719944798024e-05,5.682039397615266e-05,5.3387870107581894e-05,5.046317236061466e-05,5.2803846334126746e-05,5.624534656940099e-05,5.643589060058387e-05,5.429525341817628e-05,4.6721532710998864e-05,4.582886001383511e-05,4.585073710712611e-05,4.401933516220428e-05,4.408285544329098e-05,3.9405965952981434e-05,3.6323204156603946e-05,3.6165146856533936e-05,3.289356464300724e-05,2.9901433902383435e-05,6.73440509219415,344.49953832201584,0.08039497395668825
2023-09-21,5.03652245830707e-05,3.9031409346316195e-05,3.806377908135627e-05,3.747809322618247e-05,3.4816142002756884e-05,3.438041416368586e-05,3.674192217051493e-05,4.135715604205577e-05,4.197802013647275e-05,4.568452855141883e-05,4.74304669978422e-05,4.728655844459805e-05,4.679068347089208e-05,5.0796073266213415e-05,5.3519544348278286e-05,5.291150077152512e-05,5.2635213405753565e-05,4.445178070149748e-05,3.8804634207735465e-05,3.847764538871192e-05,3.283169677322931e-05,6.604159537988494,338.60095796799055,0.12644665532265145
2023-09-22,4.1073055551197687e-05,4.469085547233995e-05,5.6749550752213266e-05,6.576192920642149e-05,6.494328453273546e-05,6.007256732769168e-05,4.539506211891018e-05,3.803228358594896e-05,3.609954461492908e-05,3.183881994778351e-05,2.99050207113697e-05,3.237794803188225e-05,4.1365180720710655e-05,4.573070023735666e-05,4.894334425281714e-05,5.197049034693625e-05,5.215624444032924e-05,4.982265402865785e-05,4.880445206218429e-05,5.0375684375017016e-05,5.0001389911861985e-05,5.765518888532919,349.28490526452254,0.13731942208921377
2023-09-23,4.8282080694320817e-05,4.8807438282297996e-05,4.7800228653700035e-05,4.4130819601044415e-05,4.4692222883662764e-05,4.708498322725853e-05,5.277551758177144e-05,5.3880421692052593e-05,5.448181314782334e-05,5.361432138052898e-05,5.3595659433073045e-05,4.989815618253436e-05,4.7239359188803246e-05,4.6792074156065744e-05,4.857123869932614e-05,5.16603900809381e-05,4.981949198891646e-05,4.4930400358662745e-05,4.4249054252419495e-05,4.7903380292809185e-05,5.009026320270858e-05,7.438664144324708,352.9976110288666,0.0312211688598865
2023-09-25,3.204192717074142e-05,2.951917337214965e-05,3.127818466271634e-05,3.677589208077197e-05,4.306964043807561e-05,3.615320952787146e-05,3.222402239890262e-05,3.571487558180883e-05,3.584142783486042e-05,3.6018463090214565e-05,3.478249277807363e-05,2.5963068071348416e-05,2.10436135982468e-05,2.54208022389172e-05,3.314762470411343e-05,4.157483250824222e-05,4.328258235752036e-05,4.3195785128478936e-05,4.0423084385033225e-05,3.794417543450404e-05,3.5582901588450204e-05,2.8291905019538404,229.4854451600556,0.07410628018584389
2023-09-28,7.108082466086377e-05,6.500581731967158e-05,6.064116559305737e-05,6.138178319268402e-05,6.417883585479236e-05,6.516086375725239e-05,6.56123362004158e-05,6.390566118567044e-05,6.38834653224386e-05,6.246278483024718e-05,5.823554099194323e-05,5.6017029019828244e-05,5.101398058589275e-05,4.6828160366298345e-05,4.57324426706271e-05,4.762223061419565e-05,5.119200657148466e-05,5.167175524172588e-05,4.657923606711183e-05,4.121107887370842e-05,3.9597680680951485e-05,3.3332621488584335,336.11523069019375,0.08736119159366941
2023-09-29,5.185886483076035e-05,5.228946290351522e-05,5.192074480416213e-05,5.4388195868009625e-05,5.649483353634156e-05,5.614553860968827e-05,5.561389887983364e-05,5.719017240501696e-05,5.5258766689310216e-05,5.201061482061334e-05,5.033644481148092e-05,5.092131964142211e-05,5.333458742481312e-05,5.228214334046664e-05,5.382464219768901e-05,5.1420385864837585e-05,4.4446502546257735e-05,4.012707863858477e-05,4.01056451215922e-05,4.051810490256057e-05,3.9991508205279756e-05,4.929604790941059,343.7044552466641,0.03776051972015768
2023-09-30,5.826132394216548e-05,5.83651740335894e-05,5.8583303656748405e-05,5.510110951914415e-05,5.282684032722544e-05,5.240786023078524e-05,5.106898137602334e-05,5.179485937151742e-05,5.3893193565698606e-05,5.3416520492243074e-05,4.8254708640838984e-05,4.7326431184464544e-05,4.7908951883573905e-05,4.8508529757063294e-05,4.625931650953525e-05,4.344343841666725e-05,4.050077617500802e-05,4.055116340624636e-05,4.22294902826602e-05,4.4089590012839554e-05,4.388282294763487e-05,4.479514638948744,324.70149784344005,0.013343091493505365
2023-10-02,5.297602177689508e-05,5.458191873361174e-05,5.779459427343001e-05,6.175067783472446e-05,7.288761528444347e-05,8.08909569869123e-05,8.417357240133425e-05,7.878255407756462e-05,7.574144182557209e-05,7.565247473429964e-05,7.723423011376494e-05,7.801338545154613e-05,7.731890564669646e-05,7.239670333095983e-05,6.703608959366787e-05,6.360340482878549e-05,4.88687687978813e-05,4.5276310826336307e-05,4.634898218377543e-05,4.742358678202349e-05,4.6784436624505605e-05,3.504512562800528,303.90006400622605,0.13013776839414934
2023-10-03,5.216882900502983e-05,4.9379985492692926e-05,5.035830356055343e-05,5.3778216952136214e-05,5.431614601777834e-05,5.323162581005676e-05,4.946546910438667e-05,4.776865554386675e-05,4.637753356302976e-05,4.535164880435916e-05,4.440746393068566e-05,4.423784009311326e-05,4.476578306774324e-05,4.57410567222359e-05,4.6216255517629956e-05,4.500579597094905e-05,4.392927171061032e-05,4.5253347550358564e-05,4.6217633692608005e-05,4.268828802974699e-05,3.084672437049091e-05,6.043573366020943,331.4734302130602,0.05058324640777944
2023-10-04,3.914690655304646e-05,3.4534520420116566e-05,3.076855749913517e-05,3.079836759262507e-05,3.840902090091894e-05,4.5343954884035276e-05,4.4908916123481524e-05,3.8810314046330576e-05,3.666202079464616e-05,3.557714315507499e-05,2.9688516895440022e-05,2.951351757334987e-05,3.836587377752079e-05,5.132985011143977e-05,5.337317798229412e-05,3.736466448989736e-05,2.9410066939387682e-05,2.940882588829807e-05,3.332758875621213e-05,3.4491857298505744e-05,3.4488393684953024e-05,4.422670135299507,352.5631856343979,0.17458508289868377
2023-10-07,1.7543006262810804e-05,1.8001426819111548e-05,1.9007410922251503e-05,1.980548351673144e-05,2.1260933937773095e-05,2.056331422844103e-05,1.9589829363873773e-05,2.1911069800629223e-05,2.3375121135458522e-05,2.1607689700081994e-05,2.0195232129382592e-05,2.5227900840925507e-05,2.8734968287476976e-05,2.7693522992907618e-05,2.704029583678239e-05,2.636521698085299e-05,2.5483048738244363e-05,2.716479446334904e-05,2.9312568008526597e-05,2.789399385606134e-05,2.4297401510867432e-05,3.3084167429009743,202.66231846350175,0.009284639500376468
2023-10-08,8.110843913804725e-05,8.001326405696833e-05,7.822028067153317e-05,7.931446705315088e-05,8.127666998217694e-05,8.277661985176121e-05,8.290552848175927e-05,8.247444873618616e-05,8.500790124234984e-05,8.860536332710362e-05,9.455334665312698e-05,9.483422422957682e-05,9.094606923029232e-05,8.941140311883057e-05,9.164891556199082e-05,9.500220538352832e-05,9.350260000017587e-05,8.718170502573848e-05,8.340303273981794e-05,8.28357796172191e-05,8.245837347364001e-05,3.4318295033595136,8.211319789401841,0.006826107411999713
2023-10-09,4.436238154503864e-05,4.478160173205781e-05,4.2364274714128686e-05,4.0835606723411025e-05,4.2246749590576115e-05,4.4485223956310106e-05,4.643466531290146e-05,4.754126976304519e-05,4.776954160943318e-05,4.651116161861897e-05,4.289590393185007e-05,4.061330616476012e-05,3.987548891573793e-05,3.7921158479403854e-05,3.74147827380258e-05,3.788300361319104e-05,3.759882007271825e-05,3.778780974368451e-05,3.70222606826205e-05,3.695053679418916e-05,3.7049984045384075e-05,2.6941606979489254,23.9117817535369,0.02173160192816896
2023-10-12,5.178440240292318e-05,5.458942533242104e-05,5.263678923108108e-05,5.329233465710542e-05,5.2172714623629404e-05,5.4749284241477984e-05,5.572386579433077e-05,5.397031037445385e-05,5.1522045000860174e-05,5.037288281610736e-05,5.2155248469041374e-05,5.6124808330867024e-05,5.798967600456257e-05,5.574114203927099e-05,5.506690013544671e-05,5.415707683821527e-05,5.37444831667599e-05,5.294346585321066e-05,5.0512377201494364e-05,4.6622015158607925e-05,4.674145414574806e-05,9.83110968023072,352.311437387142,0.05920519871048129
2023-10-13,2.6790946001967126e-05,2.3300631028534632e-05,1.9309115682234494e-05,1.960267954293318e-05,2.4917333871209903e-05,3.1636791676503514e-05,3.2085427574816667e-05,3.1604648855271126e-05,3.214283064918197e-05,3.125421199050472e-05,3.149057872037236e-05,3.112402810347559e-05,3.180993162811766e-05,3.234925873432222e-05,3.086550211933343e-05,2.9331194717374963e-05,3.166520386773056e-05,3.3039831645648363e-05,3.6261898227280556e-05,3.9462077671240156e-05,4.0893938928571885e-05,7.701541095979798,145.6161934687205,0.005942204906123427
2023-10-14,1.527188175818792e-05,1.480961963448912e-05,1.678080933178267e-05,2.0435685355504804e-05,2.054484981508395e-05,2.0031063355089223e-05,1.9826202226306335e-05,1.8190738811592685e-05,1.716977563894586e-05,1.729016628483208e-05,1.8068074865318806e-05,1.737731423900957e-05,1.6841381428591643e-05,1.8398490892374285e-05,2.2774184881154706e-05,2.4583023597335662e-05,2.405820403210499e-05,2.54080082982392e-05,2.49296086369138e-05,2.525302845741359e-05,2.647063636844393e-05,7.127438418085293,147.2863057360309,0.0015874061934153208
2023-10-16,1.839660384759501e-05,1.90257631893143e-05,1.928198731524156e-05,2.3531330638975307e-05,2.9550595812304706e-05,3.0229944667583434e-05,2.578466291332492e-05,2.3439905358285202e-05,2.3679192324609023e-05,2.573349922216144e-05,2.503256932651363e-05,2.4481608415339375e-05,2.397766696496105e-05,2.7170605867678895e-05,2.8979819587970243e-05,3.236830630096174e-05,3.235069783796297e-05,2.7911523893940983e-05,2.546535809210314e-05,2.608834833921785e-05,3.1530879957150004e-05,4.7832500693411,162.28996723238026,0.0044030723348947
2023-10-17,0.0001364574542854238,0.00013538387737603325,0.0001336081734466743,0.00012956153197304248,0.00012610268863800402,0.00011624683916594074,0.00010956383182974463,0.00010923884096286505,0.00010306543502541169,0.00010163028778994488,9.985432030976574e-05,8.021286370070302e-05,7.520989242126901e-05,7.433254349403493e-05,7.070527976028362e-05,7.496309988921751e-05,7.456925344052125e-05,7.331356592658302e-05,7.115737906985038e-05,7.062737425638e-05,5.053996767899465e-05,2.5696402273061825,349.73527369816355,0.003579780867104418
2023-10-18,4.677767951735767e-05,4.66283307654772e-05,4.6183467482768175e-05,4.8165551430351194e-05,5.026980263475434e-05,5.312267608968695e-05,5.49172573207203e-05,5.404653215069598e-05,4.946131062671155e-05,4.6517373061743954e-05,4.668516546368776e-05,5.227098817208346e-05,5.137071421946105e-05,4.6169100542451004e-05,4.523545861035288e-05,4.742658854902961e-05,4.7982567778005746e-05,4.602799539129876e-05,4.365022665261635e-05,4.036505894567753e-05,4.024426437606045e-05,8.45045120417244,357.17331265339334,0.007837427510716635
2023-10-19,1.3535439077002438e-05,1.3083127718627906e-05,1.5079725620792606e-05,1.71088318871461e-05,1.7098011370688314e-05,1.8148502810385528e-05,2.030315468596241e-05,2.1563182600394772e-05,2.3662346522437865e-05,2.5375872393105465e-05,2.8246330699983335e-05,3.0668608791324744e-05,3.357413555207002e-05,3.561066187192743e-05,3.9444747188065696e-05,4.4095444712347585e-05,4.474900682754539e-05,4.175148402796146e-05,4.03557200104196e-05,4.079179673274284e-05,4.210636834112461e-05,4.4790007376595495,137.93711232037685,0.001758909780468822
2023-10-26,3.813579334218636e-05,3.906966128823672e-05,3.878433863411944e-05,3.644020829010921e-05,3.717844758264033e-05,3.9281500598842475e-05,4.120867903487176e-05,4.1681783193994145e-05,4.131250883949444e-05,4.054351391033381e-05,3.94756591376232e-05,3.984914749372659e-05,4.328913158360706e-05,4.4478364887188156e-05,4.383077774232891e-05,4.242055965697943e-05,4.352525133739674e-05,4.449718935960238e-05,4.203660807509126e-05,4.394979818130261e-05,4.588142315280464e-05,6.090220712039501,15.80820744681182,0.002943890884415521
2023-10-31,2.9842490200845285e-06,3.4084431278185046e-06,5.271018259816017e-06,7.821048032925519e-06,1.223817377550979e-05,1.55362274379833e-05,1.746103817409578e-05,1.8073479984969744e-05,1.542727457843263e-05,1.3703865990675122e-05,1.2547230240474993e-05,1.192748681989562e-05,1.1773906888015998e-05,1.4614616228455639e-05,1.745550349843968e-05,1.824461091461226e-05,1.8005895125526003e-05,2.220618352045473e-05,2.600552262717304e-05,2.9251063702413497e-05,3.379812438747276e-05,5.031732035953311,151.36461004410796,0.0012147413785239254
2023-11-02,9.969416422666239e-05,9.802281664230215e-05,9.633426433089485e-05,9.019402049533152e-05,9.078003729149363e-05,9.269596993136472e-05,9.858825710363162e-05,9.905761396028976e-05,9.911374815626e-05,9.53315066070627e-05,9.518183706516463e-05,9.721764816354293e-05,9.7610279095942e-05,9.661972548981677e-05,9.26144632959708e-05,9.033295412883929e-05,8.957664907174897e-05,8.660436973129879e-05,8.660829047370345e-05,8.921863802306377e-05,9.287908940686345e-05,5.307655008559575,346.52845108388215,0.001994901032569242
2023-11-03,6.173567831690559e-05,6.180516550118721e-05,6.0814567149951925e-05,6.0439440999742314e-05,5.863568734541335e-05,5.900988972662859e-05,6.090919833636544e-05,5.921499492113924e-05,5.5699503745980764e-05,5.41697826839983e-05,5.5487901945550195e-05,5.953326688658689e-05,6.138326228667459e-05,6.198068176770783e-05,5.9006214456750675e-05,6.085289243704435e-05,5.937429020190473e-05,5.553939744628408e-05,5.6186826944575974e-05,5.842512703915363e-05,6.188549116952726e-05,7.423367810370125,6.9382935419960745,0.005579891162522001
2023-11-04,4.904150522644727e-05,4.3068106757643404e-05,4.30634057666834e-05,4.348655005569112e-05,4.46003596504414e-05,4.5744211689177934e-05,4.7605412619215124e-05,4.810976662434956e-05,4.9337533064142725e-05,5.1938829400279186e-05,5.2011389018248455e-05,5.045071320831912e-05,4.9580931212446905e-05,4.9691722457585085e-05,4.507092698983727e-05,4.2279458552253805e-05,4.297048247431819e-05,4.8020783910031266e-05,4.802042181113833e-05,4.601767055966564e-05,4.119312560635852e-05,6.512704792471083,2.180758804025629,0.0186611997316878
2023-11-05,3.427369955377058e-05,2.982335224175069e-05,3.129742052646066e-05,3.8010917659671155e-05,4.315537109854579e-05,4.243303391573616e-05,3.8570302389343395e-05,3.84982970136771e-05,4.023974893553731e-05,4.021419033662586e-05,3.723850432253252e-05,3.5289200149681754e-05,3.471104493299892e-05,3.402561432982229e-05,3.252867616305921e-05,3.048054448537763e-05,2.8112981921843715e-05,2.8965403315292643e-05,3.138799207529551e-05,2.993945037961893e-05,2.559842163902151e-05,6.809069477672554,18.97018713579729,0.08235404215758019
2023-11-06,5.211152850716668e-05,5.2455545172553435e-05,5.151348511337383e-05,5.132802120950053e-05,4.783150342845914e-05,4.6943812686672326e-05,5.0460376173977555e-05,5.1506732170081194e-05,5.173845115923458e-05,5.1464098769089086e-05,4.868468804328333e-05,4.4113369625948375e-05,4.506524838665174e-05,4.5653674125879804e-05,4.724849191157428e-05,4.5757561668394394e-05,4.281984998118058e-05,4.136287478342542e-05,4.017951835611155e-05,3.771553898757323e-05,3.792269486099751e-05,8.720887876652016,10.468011047068273,0.0027853941182977315
2023-11-07,5.951853230177881e-05,6.460489440860941e-05,6.48848422648115e-05,6.344030980984343e-05,6.17672882943489e-05,6.120110061817681e-05,6.335085173933308e-05,6.437991831660146e-05,6.470094100522167e-05,6.285473307526467e-05,5.784401833868482e-05,5.8415434948065393e-05,5.838070348496309e-05,6.057580145982531e-05,6.027314463825838e-05,6.292870262190311e-05,5.871306214672331e-05,5.703158856439816e-05,5.684220033203232e-05,5.104129177174894e-05,4.598965161616166e-05,6.585470900441637,3.1727783928724875,0.0021777840818203624
2023-11-08,4.969006935492542e-05,5.05524388796584e-05,5.282280651631708e-05,5.1109930077622166e-05,4.787023291585188e-05,4.4783649899971764e-05,4.48802200103424e-05,4.7763936622961234e-05,4.6438322475009516e-05,4.324909507980419e-05,3.998733774424165e-05,4.056377517808765e-05,4.035463587337334e-05,4.178897204043046e-05,4.207537142193146e-05,3.9085238583678126e-05,3.8040955639586e-05,4.002307716532268e-05,4.091597680989727e-05,4.0367996125422316e-05,4.107453451313663e-05,6.3836417675436135,14.27260115934564,0.008081381711095247
2023-11-11,5.458699116485042e-05,5.544848320863092e-05,5.902337156708138e-05,5.982449996383069e-05,5.678990800426866e-05,5.375370981023694e-05,5.363305347028228e-05,5.360528885638466e-05,5.444729854603857e-05,5.689008838583915e-05,5.9182302052832145e-05,5.9338000794e-05,5.494641598083973e-05,5.3767887450884964e-05,5.6714584810827944e-05,5.985739685842648e-05,5.9790416439007195e-05,6.188356793192405e-05,6.331053283771349e-05,6.110391018489734e-05,4.999825161158858e-05,2.8550053691760082,261.3041292620111,0.010671197584181674
2023-11-15,8.251390171072994e-05,8.484312418405152e-05,8.7715755992796e-05,8.580252032501332e-05,8.205137759875129e-05,8.041424716285275e-05,7.899043238683452e-05,7.6845709501733e-05,7.564340426178816e-05,7.474706702139235e-05,6.845465566549816e-05,6.114391943136264e-05,5.774586136454956e-05,5.923614382867905e-05,5.778762820327417e-05,5.497427419419006e-05,5.382643752848523e-05,5.1944216797643954e-05,5.159582486862424e-05,5.275495082284431e-05,5.311464959667694e-05,2.123847873482749,305.3991869219409,0.016666204432895
2023-11-22,3.712253892524999e-05,3.892656625206392e-05,4.2354138304793116e-05,4.466816313293126e-05,4.6156016973093995e-05,4.6794212732305526e-05,4.551739657329896e-05,4.633466100272711e-05,5.128617125209859e-05,5.6229431508190785e-05,5.7062429459671855e-05,5.381662156869671e-05,5.1158657659130476e-05,5.2925694259512685e-05,5.8003132602539626e-05,5.9244808944781865e-05,6.0500145069944915e-05,6.361879615369377e-05,6.372465048662934e-05,6.392891341506363e-05,6.702594198407417e-05,3.8054995001539136,138.69656440595497,0.0007061283274073048
2023-11-23,6.278082572419198e-05,6.196818523002908e-05,5.922591098649244e-05,5.7160495246649444e-05,5.722519352486824e-05,5.7349622262640276e-05,5.728453617402292e-05,5.64789769404111e-05,5.784286652297432e-05,5.8310316064495704e-05,5.8626241650104465e-05,5.5864227562659254e-05,5.564282098209004e-05,5.84356491806743e-05,5.94321640570118e-05,5.900103149237704e-05,5.6760684068479886e-05,5.255853450250191e-05,5.2596778773755664e-05,5.081547866022356e-05,5.4695720744490685e-05,4.153357184433713,345.8817339138098,0.13044951560938817
2023-11-24,6.148770606349401e-05,6.387369051541392e-05,7.502214612721058e-05,7.606033613348331e-05,8.162284083313528e-05,8.003357869436517e-05,7.95043427148795e-05,7.746675817837993e-05,7.641421350948145e-05,7.864832899058689e-05,8.503659041195287e-05,8.510043356105496e-05,8.731117551276278e-05,9.390586003492743e-05,9.47363937667824e-05,9.391445238218977e-05,9.193590823440377e-05,9.171108582699237e-05,8.400129751718137e-05,8.071600791276597e-05,8.293966432943399e-05,2.5591386593977155,249.84914527753426,0.002236782458824422
2023-11-25,8.501483114384858e-05,8.350951326960705e-05,8.29099738772352e-05,8.310695923131791e-05,8.142179468500826e-05,7.975246344014228e-05,7.742651550159577e-05,7.110504523969561e-05,6.636268045421091e-05,6.518906162644589e-05,6.660161216578252e-05,6.898201906689947e-05,7.263462953756273e-05,7.629615396206825e-05,8.082160419336068e-05,9.075842595064416e-05,9.075842584220609e-05,9.07584250821931e-05,8.702320538779222e-05,6.288296219239339e-05,5.683588570428297e-05,4.965413345972479,313.1200812489657,0.10297821734918491
2023-11-26,4.2685799425935784e-05,4.778024721491725e-05,4.7920796422429154e-05,4.803289599741491e-05,4.799781495591688e-05,4.744565780599888e-05,4.4526569345722125e-05,3.982621947423063e-05,3.640627480475971e-05,3.687002393982861e-05,3.6673987880241544e-05,3.591708687064559e-05,3.7336094483838914e-05,3.8492380464595535e-05,4.284558540708998e-05,4.456761176655785e-05,4.6191017771582266e-05,4.855427842728272e-05,4.9353935740258675e-05,5.0161624703477204e-05,4.780430156952121e-05,7.285034980396218,144.25195254181511,0.13636849908734436
2023-11-28,0.00023626702757346174,0.0002476857847013405,0.00025121601648968344,0.0002548048797560573,0.000265302567926976,0.0002717798249706531,0.0002640490184197038,0.00024407134232642226,0.00022935389965741466,0.00022097859295721765,0.00020811450890895956,0.0002029153259444067,0.00020080465163110686,0.0001959776870289818,0.0001853988233307379,0.00018038567094507728,0.0001780662143160568,0.00017588766334998823,0.00017515794276308258,0.00016940773982566533,0.00016115330158025727,3.3939516855046183,9.138862699815832,0.0016720890772562243
2023-12-01,3.104716750956073e-05,3.5034597501476956e-05,3.6158005242761786e-05,3.520883548198408e-05,3.3599682098272356e-05,3.369613265051301e-05,3.598056389370375e-05,3.903933597864297e-05,4.0664895652291105e-05,3.943651702776412e-05,3.8286189171928446e-05,4.0412587409526746e-05,4.319434270592489e-05,4.489529238200042e-05,4.380369121308163e-05,4.260835003792657e-05,4.352826542882944e-05,4.478772452014182e-05,4.686328662515631e-05,5.011358700059748e-05,5.0807359966122844e-05,3.4606724789309204,127.16121657184999,0.014167105174850743
2023-12-03,4.787787551666533e-05,4.438478634774902e-05,4.027120714970837e-05,3.8386234808092154e-05,3.876268521687382e-05,4.387964845164631e-05,4.5178740709715053e-05,4.166998782360493e-05,4.039517116954986e-05,4.467229557020768e-05,4.5772059978340065e-05,4.751555681838714e-05,5.2575061026853124e-05,5.400011846188558e-05,4.7614612666611524e-05,4.5243505976297454e-05,5.049655568478059e-05,4.628359257495356e-05,4.318641520626948e-05,4.13932670616559e-05,3.740118920244342e-05,6.726471722956768,47.65333991781495,0.0006354235787134857
2023-12-06,0.00016095947751931255,0.00016421454647923853,0.00016995104973820861,0.00017210109436980293,0.00017302836950126093,0.00017487900995978158,0.0001731998801777591,0.00017102861419016752,0.00016861069546787312,0.00016790494796605594,0.00016544037355343668,0.00016685756765452564,0.00017212125378922544,0.00018152692224391556,0.00018128750345993168,0.0001763408753341161,0.00016755570223101688,0.00016280897472939498,0.00016005940140312807,0.00015358066313885338,0.00015497297159284133,4.070805204247301,356.538038659781,0.014215925571169375
2023-12-07,2.8507433698391944e-05,3.5391437153392526e-05,3.4011183037264887e-05,3.0578336424177644e-05,2.947837208781641e-05,2.886110418413617e-05,2.8151603078280804e-05,2.50372355734885e-05,2.5365905829170382e-05,2.5142501871712212e-05,2.4074182357051114e-05,2.237930439661707e-05,2.078936217229205e-05,1.62629655606461e-05,1.6713361100279694e-05,2.0377740837031862e-05,2.476035218054369e-05,2.7380035166441288e-05,2.3682843366444363e-05,2.1187218533072916e-05,2.082809489116615e-05,11.332677364076313,13.271453058628254,0.15399200986239522
2023-12-08,3.451875993725544e-05,3.3828440950035385e-05,3.148479882529681e-05,3.0295205327075824e-05,3.1741999131928816e-05,3.496073390547791e-05,3.677476805170795e-05,3.6218495059554404e-05,3.7314551101845435e-05,3.7052561934420806e-05,3.552141173963613e-05,3.691287588408588e-05,3.627205362248449e-05,3.852138207249333e-05,4.318123540983407e-05,4.16024162184287e-05,4.0425865658118565e-05,4.2270864603732725e-05,4.1734879636741394e-05,4.144133100308165e-05,4.479098449383127e-05,7.774631532052769,33.410685843015585,0.001885351813154395
2023-12-09,1.3923034928355198e-05,1.4405996352979896e-05,1.5506403969450302e-05,1.5382417566324433e-05,1.4479807521511158e-05,1.3364850413991686e-05,1.3503433999396716e-05,1.826287265979415e-05,1.9978531450206587e-05,1.998587610716011e-05,1.965293011422533e-05,1.938922416088124e-05,2.0091151275920035e-05,2.394982622111734e-05,2.534157422615192e-05,2.61236096377848e-05,2.9758552395549006e-05,2.9791272293727486e-05,2.8046675297268986e-05,2.386004615275365e-05,2.3732996544345114e-05,8.443081582003602,166.76009467736014,0.005414323681472911
2023-12-10,1.4779869530778391e-05,1.3639690992318136e-05,1.4425003555792803e-05,1.5377575909721603e-05,1.9957927892955294e-05,2.472358244635488e-05,2.7081644318419257e-05,2.2429415324017777e-05,2.0293243013955917e-05,1.961770429450632e-05,2.3027403234905856e-05,2.635927530175683e-05,2.3532963667407402e-05,2.0566530022849394e-05,1.9089517162825676e-05,1.4049825675735017e-05,8.66014088320446e-06,9.660092512776891e-06,1.7217839571219077e-05,2.057407556371102e-05,2.195563642568294e-05,4.0025710916367565,111.35423291821638,0.0064670605647547605
2023-12-12,0.00021945037798519462,0.00021886849857002236,0.00021789083537429075,0.00021678361724212865,0.00021796259030890062,0.0002190799386427958,0.00021655893519210057,0.00020885649388354354,0.00020171971473653534,0.000199889205664237,0.00020686347047300642,0.00020942866961885353,0.00020869375013883286,0.0002074755131125075,0.0002023972590450402,0.00019317497299202005,0.00019339643633213462,0.0001950169445834126,0.00019458954642422922,0.00018858533571519302,0.00018461684974979792,4.572079777662617,330.32671054181293,0.0705519001764825
2023-12-13,0.00010696934708126759,0.00011092544938386073,0.00011121733758664237,0.00010864167412332839,0.00010952693734191797,0.00011104356230857203,0.00011036386488638972,0.00011466043394186512,0.00012248518888462943,0.0001260575513378794,0.0001267571928547538,0.00012431032050733157,0.00011994130145163252,0.0001187780644197367,0.00011923634431340646,0.00012447329105672378,0.00013439676098325753,0.0001418878969216817,0.00014581441648383914,0.0001515098336439496,0.0001607473867076616,6.069172573068887,295.0813718564101,0.012425297020464895
2023-12-16,2.5878262818402223e-05,2.0721364099430002e-05,1.4283546283706519e-05,1.2401810906728385e-05,1.2274649766438282e-05,1.311524157887301e-05,1.4962463868140624e-05,1.768089537670404e-05,1.8490285506773982e-05,1.8305327042097883e-05,1.9274745636247192e-05,2.1282566219962055e-05,2.242398655887281e-05,1.992372692004146e-05,2.13013239396124e-05,2.5615860804889986e-05,2.6713234940453956e-05,2.3470833290618833e-05,2.4478203577948927e-05,3.0016365055171732e-05,3.332077626177218e-05,6.184910096336305,138.06314294008325,0.003188733360677771
2023-12-17,6.394401139617511e-05,6.471080742314077e-05,6.509237983945236e-05,6.42357333048473e-05,6.684596357290224e-05,6.981166446322804e-05,7.347249797005258e-05,7.64539642181915e-05,8.310097770148774e-05,8.328550622445144e-05,8.625962179682292e-05,9.456809430629273e-05,9.965876401603945e-05,0.00010035461329551594,0.00010007023773339904,0.0001048585109361717,0.0001077379708500323,0.00011368965739041161,0.0001174936224717584,0.00011070760031672371,0.00011043844576636814,2.0265780365663666,66.7122348378868,4.514088643551778e-05
2023-12-18,4.2692071490490554e-05,4.1523632794402024e-05,3.4478804468031345e-05,3.130139239314105e-05,3.0534701062931736e-05,3.076082446987335e-05,3.560415569320353e-05,4.178916694007216e-05,4.215509859006665e-05,4.3943137939393315e-05,4.505606165354104e-05,4.207397570626858e-05,4.052435670112826e-05,4.377968787919489e-05,4.736962263026807e-05,5.219516000186826e-05,5.202485332251801e-05,5.1733109169603046e-05,5.447810958007912e-05,5.760368298783162e-05,6.050982340438511e-05,4.338061915015109,192.2551487968488,0.00031884623898630917
2023-12-19,0.00011497661244890059,0.00012005957929706167,0.00011919167213723875,0.00010647417596711283,9.895234677505566e-05,0.00010925527915793999,0.00010669155717154145,0.00010590013923571009,0.0001024585975327371,0.00010019740220606219,0.00010006206068266364,9.197743656224061e-05,8.7951541986508e-05,8.730039565681197e-05,8.969204821590796e-05,8.769394174827642e-05,8.28056638117102e-05,6.341741312390526e-05,5.345556926490437e-05,5.751375513829195e-05,7.016112980956558e-05,6.147464641232473,342.851611319916,0.19742401861214798
2023-12-25,1.4975840035395158e-05,1.667009783313649e-05,1.760532967235822e-05,1.5480101016328573e-05,1.5557063496382452e-05,1.670575724132368e-05,1.6833853123246536e-05,1.6968100105023826e-05,1.85945658226355e-05,1.7487853093397922e-05,1.3885146126535909e-05,1.753069309928909e-05,2.0568221445295962e-05,1.7657033800304546e-05,1.4080358802736709e-05,1.1850065961522728e-05,1.2600106158769892e-05,1.6362111255752627e-05,2.292231905353203e-05,2.7824837195739173e-05,2.4028257040043758e-05,6.719056500562677,122.28944718326659,0.0003655149437863186
2023-12-26,5.5552154541423034e-05,5.8052490731643444e-05,5.634233212558503e-05,5.11274419902739e-05,4.80747870227774e-05,5.040669800845392e-05,5.376715296107072e-05,5.630674011284472e-05,5.849859060105329e-05,5.816450012784515e-05,5.7015117795485275e-05,5.436562788523809e-05,5.366984137965465e-05,5.7781748000832275e-05,6.118939850907342e-05,5.6766299946118444e-05,5.199178577080334e-05,5.6319744731744203e-05,6.118793719590563e-05,6.211252327737573e-05,6.214868788393878e-05,7.670775022053522,21.729691500962304,0.0008165469225405707
2023-12-27,1.5891498091118854e-05,1.6162534555064197e-05,1.725235651994982e-05,1.835824664500699e-05,1.9310925998721664e-05,2.4254552304256622e-05,2.5040929685876003e-05,2.3750516233401958e-05,2.4605860916008092e-05,2.6289354822231796e-05,1.943360568435861e-05,1.364043101527976e-05,1.5204984558924413e-05,2.5535226713585976e-05,2.336076897380661e-05,2.2383244951000153e-05,2.2429602397454932e-05,2.397658135932233e-05,2.5920025844497152e-05,2.9363936702858446e-05,3.1200441693592996e-05,7.3765559904700115,142.3265507499575,0.0003234287755804871
2023-12-28,9.734286484395587e-06,1.2150275492997246e-05,9.252283933467848e-06,4.296591375511426e-06,3.2466922206616847e-06,3.0323282713088332e-06,4.751083503865415e-06,6.434815724770464e-06,8.59801799394173e-06,1.0270312964723537e-05,1.452041082789165e-05,2.3949127202796924e-05,2.5274306594537876e-05,1.984700990940696e-05,8.13040735521322e-06,8.262399427869342e-06,4.866483874039054e-06,4.806985465205417e-06,8.623666620759468e-06,2.6095033731238617e-05,2.8861813234828105e-05,6.097712674721604,143.44039859564919,0.26453901504687144
2023-12-29,2.4120098021500435e-05,2.762816714635009e-05,3.129632209575293e-05,2.8613873528975166e-05,2.2667298967950136e-05,2.287496740614357e-05,2.6166596428285764e-05,2.7540163353997532e-05,2.8871682318269897e-05,2.7664516676235265e-05,2.7658141727177966e-05,3.225985292877495e-05,3.7876279962532135e-05,3.667830353528883e-05,3.1538350599189236e-05,2.5488298637519096e-05,2.1228781116163742e-05,2.159315565200938e-05,2.4093701923416585e-05,2.7865910321590886e-05,3.162731303261529e-05,6.760730551578064,122.92889371489497,0.0005326163787521652
2023-12-30,4.123223874942671e-05,4.163697265146523e-05,4.1934939587847354e-05,3.393587751898537e-05,3.5674624695327786e-05,3.831301486781607e-05,3.817587342295453e-05,4.1611100207824886e-05,4.224492506393493e-05,4.195183227457882e-05,3.7425000874181324e-05,3.7688252305790934e-05,4.1348154085883854e-05,4.260116470148655e-05,4.282100918117708e-05,4.084257942364538e-05,3.61319804294651e-05,3.803944429750799e-05,4.454114441453687e-05,5.045395387071833e-05,5.169605598243778e-05,2.9142874359539706,50.42170324611442,0.0007322060054268242
2023-12-31,5.536635037835725e-05,5.3468446234955065e-05,5.377942152321196e-05,5.7986494656172594e-05,5.9304983559824596e-05,5.9561164151430256e-05,5.5002209327685285e-05,5.494447561932037e-05,7.080081375624415e-05,8.036079310806404e-05,8.266268326014119e-05,8.183977198988979e-05,7.235960650834081e-05,7.238733287581659e-05,8.217179515025914e-05,9.050575615480675e-05,9.157337623810506e-05,0.00010248239607087206,0.00010096691497181782,0.00010168540470005903,0.00013202259314509313,2.029491264437843,153.50839239395623,0.12751300409286137
