d,cross1,cross2,down,up,speed,phi,site,dw_minus_uw,cross_diff
2023-01-17,34.86536553987677,39.87522441426949,47.44873326540953,18.429125512455308,5.995434508138408,61.41088994366163,prometheus_oh,29.019607752954222,-5.0098588743927195
2023-01-19,20.322418960351833,27.04875418684871,15.003787864217813,27.813948488861225,5.631436768773368,45.30089129311489,prometheus_oh,-12.810160624643412,-6.726335226496879
2023-02-03,21.619344478034705,8.001687115021364,12.43253672777445,15.392138018127255,5.008483174795517,139.3255848121234,prometheus_oh,-2.959601290352806,13.617657363013342
2023-02-04,28.016422714582504,40.73430301044023,38.2741292611965,34.77806308031344,5.07149168525696,17.63359612069047,prometheus_oh,3.496066180883062,-12.717880295857725
2023-02-05,23.562857928581607,24.11406185372818,22.68541755153009,21.994969810191822,6.092830634150548,43.62280870471386,prometheus_oh,0.6904477413382679,-0.5512039251465737
2023-02-09,40.60485044638423,39.30830426474367,48.7056036613895,30.212197790345048,8.019775705717258,30.981143504933925,prometheus_oh,18.493405871044455,1.296546181640565
2023-02-12,35.24275230640809,27.904222964608206,24.620832516468308,33.167877775004534,2.3528126148676636,189.96114095731855,prometheus_oh,-8.547045258536226,7.338529341799887
2023-02-13,102.75157180668724,52.51167188268236,76.47675325900548,66.36864706852589,5.089956592149413,90.88057567033707,prometheus_oh,10.108106190479589,50.23989992400488
2023-02-15,39.0444809176539,38.68892934462821,49.8482663272906,50.13360823092751,6.870977411947676,53.02375497362766,prometheus_oh,-0.2853419036369047,0.35555157302569285
2023-02-18,17.556457005982562,28.838878430203216,24.989678516560936,28.801458966278343,4.837281052908016,32.67286677766924,prometheus_oh,-3.811780449717407,-11.282421424220654
2023-02-19,15.50419156452486,27.241029881168444,27.590100497076147,19.72578967931495,6.270370109240507,42.327456672835524,prometheus_oh,7.864310817761197,-11.736838316643585
2023-02-21,30.82353093760849,27.99722753246684,17.164562286936317,0.9789300658242255,5.751804419950935,98.84503221466593,prometheus_oh,16.18563222111209,2.8263034051416476
2023-02-23,40.18853229195872,44.224898300640426,31.976121764645026,42.58397183167831,7.050303707406724,62.44628261443455,prometheus_oh,-10.607850067033286,-4.0363660086817035
2023-02-24,56.07158372757533,52.42743194133259,57.481727472816914,39.72368956159151,2.7628243514986766,164.1796998695795,prometheus_oh,17.7580379112254,3.6441517862427375
2023-02-25,85.06203100088511,75.36802640169114,61.29427785290907,75.78477051441408,2.360717614950221,96.6807317898789,prometheus_oh,-14.490492661505009,9.694004599193974
2023-02-26,48.2247570952672,37.6600564698835,42.66534756469636,45.755660389414246,3.5265995660561287,89.30039266626454,prometheus_oh,-3.090312824717884,10.5647006253837
2023-03-01,54.1964249498821,73.13565669173238,70.0282461885291,55.275370372388736,3.6098019234539787,24.740006213327263,prometheus_oh,14.75287581614036,-18.93923174185028
2023-03-02,47.54920352545159,37.26389458362785,40.779166694395315,45.52882223609619,3.345836563159584,139.1035659766979,prometheus_oh,-4.749655541700875,10.285308941823736
2023-03-04,44.65606857555125,32.796330181107194,35.650194991836,39.69966441079602,2.6484896748348516,88.40300043646471,prometheus_oh,-4.049469418960015,11.859738394444058
2023-03-07,50.71941413801083,39.78724360226194,47.66313355306163,39.828845003840314,5.452254088874674,183.37007641714098,prometheus_oh,7.834288549221313,10.932170535748895
2023-03-08,30.567637145913395,24.533869883321465,34.67036892363525,25.047809424481585,3.328763427935621,189.85081600736436,prometheus_oh,9.622559499153667,6.03376726259193
2023-03-09,21.02500607550579,26.95813997950338,31.469990750565923,25.41391930155856,2.554240237377752,243.3509887620404,prometheus_oh,6.056071449007362,-5.933133903997589
2023-03-18,22.18616584943029,8.499974528883621,16.291375814407957,7.15967292120936,6.456713757262507,91.14636357283945,prometheus_oh,9.131702893198597,13.686191320546667
2023-03-20,39.22950090154184,74.61603676729251,55.30527425363103,45.19833594759943,4.566928553891679,35.513788422582536,prometheus_oh,10.106938306031601,-35.38653586575067
2023-03-21,25.93966413215828,40.91193047632047,40.19511387298634,33.141641502698704,3.2742125181499713,9.921050900789908,prometheus_oh,7.053472370287636,-14.97226634416219
2023-04-03,51.7816680347723,53.487865511414874,41.421187792151066,46.52866134585095,4.231556201963675,27.264233283858744,prometheus_oh,-5.107473553699883,-1.706197476642572
2023-04-04,35.97377095813368,50.35225043501837,41.17962904097832,41.04473387984556,3.592565625421045,357.5885044516075,prometheus_oh,0.13489516113276068,-14.378479476884692
2023-04-09,13.561547516038296,19.676057099910242,16.789694294048154,17.450794316782336,2.4638822528054964,225.74470433045278,prometheus_oh,-0.6611000227341819,-6.114509583871946
2023-04-11,86.19000706505065,53.52340639806188,57.35607166309362,68.88182560104208,3.330423861125266,75.66184320012644,prometheus_oh,-11.525753937948458,32.66660066698877
2023-04-12,53.67258832258633,51.143734748916,58.103760745049,59.859798392391454,4.3826741688970605,65.04919048503757,prometheus_oh,-1.7560376473424526,2.5288535736703253
2023-04-13,45.089310148933144,60.59087237648494,52.699397833787515,56.60579418405404,2.3033617460911993,33.59832378337785,prometheus_oh,-3.906396350266526,-15.501562227551794
2023-04-15,37.4718943806142,34.61828574907505,38.8095532635117,34.0946613663261,2.4716224613845537,64.75632751692649,prometheus_oh,4.714891897185602,2.853608631539153
2023-04-18,67.12531697478882,29.734465177045,43.10649599796692,41.94498900950377,5.245558857971468,92.49521788854497,prometheus_oh,1.1615069884631453,37.39085179774382
2023-04-19,35.1296733490071,46.26363256345006,38.57887765764887,34.86370181189862,2.4262030484298758,351.7574094492828,prometheus_oh,3.7151758457502453,-11.13395921444296
2023-04-20,30.099702303867314,47.662915128377335,41.58413587271388,33.08686638041728,5.139719614534148,29.830181584948605,prometheus_oh,8.497269492296603,-17.56321282451002
2023-05-05,21.680288254153,32.65951505338047,33.09622807317,26.889310300008052,2.223943491786878,292.53277495488555,prometheus_oh,6.206917773161951,-10.979226799227465
2023-05-07,57.38875551948075,51.230734333987364,49.8873110027783,54.65957164915056,4.015449422041161,89.30260921562927,prometheus_oh,-4.77226064637226,6.158021185493389
2023-05-09,23.844741450527714,19.448336647468505,22.079887118880954,21.143896274468275,4.151090812050281,176.99700135200465,prometheus_oh,0.9359908444126788,4.396404803059209
2023-05-13,33.312607984652594,32.59933493626613,26.695544927672273,30.53150623145843,3.191462721408554,240.40370412835017,prometheus_oh,-3.8359613037861564,0.713273048386462
2023-05-17,0.5501168401340812,0.5253302437569066,9.309370453370978,0.8263995606856596,3.5075504007611245,200.45305077469172,prometheus_oh,8.482970892685318,0.02478659637717462
2023-05-19,27.765578324938556,42.31890789049148,29.54526621340535,45.25475383530057,4.086013914381168,41.92864538839666,prometheus_oh,-15.70948762189522,-14.553329565552925
2023-05-20,18.6864623382414,14.827884209739517,15.488464310832798,13.868269493682757,4.756036958485275,126.78550493628904,prometheus_oh,1.6201948171500415,3.8585781285018843
2023-05-21,20.763502291497293,17.892922301026378,16.562988218395606,21.73813198114042,2.6967117796136493,137.79051319673022,prometheus_oh,-5.175143762744813,2.8705799904709153
2023-05-23,24.185906607094548,39.84332137870838,30.296018012263048,26.145455349494412,2.548466999555296,335.0473634904322,prometheus_oh,4.150562662768635,-15.657414771613833
2023-05-24,19.617002027167047,25.755821466892165,31.312914488017174,28.535733142839025,3.4962400594007383,181.82786189062298,prometheus_oh,2.7771813451781497,-6.138819439725118
2023-05-25,22.114502104432855,26.54665223411615,26.445360227719984,25.293135296426268,4.081019438424545,216.78553505532602,prometheus_oh,1.1522249312937163,-4.4321501296832935
2023-05-26,30.145863598943556,34.936936129385096,28.053511493149855,22.23880042362198,3.377169636964487,237.72807081406023,prometheus_oh,5.814711069527874,-4.791072530441539
2023-05-30,32.89069876809835,32.10554776199764,36.287569720409245,35.11374995973352,2.5771765539339517,301.7731199538069,prometheus_oh,1.1738197606757268,0.7851510061007119
2023-06-01,39.5424272586459,37.06436886865988,39.04120283443419,36.75226997058607,2.750715103769504,257.08499798340705,prometheus_oh,2.2889328638481174,2.4780583899860247
2023-06-02,32.335862842704536,30.167765616430437,37.19976848423042,31.126108571120263,3.0914453746247967,216.30040458380446,prometheus_oh,6.073659913110156,2.1680972262740994
2023-06-04,33.1466402810841,28.69546334183149,32.631275300778874,26.9267693892735,3.5819090237920705,220.18983468562246,prometheus_oh,5.704505911505375,4.451176939252612
2023-06-07,20.766422820582346,15.950054074969472,26.447864023975928,15.366464416251855,3.7728589287434944,170.04456628322555,prometheus_oh,11.081399607724073,4.816368745612873
2023-06-10,44.95363337374465,40.071898771186504,34.73892002363757,38.56547764872101,2.6484203777741735,90.62655708449927,prometheus_oh,-3.8265576250834386,4.881734602558147
2023-06-14,28.69235887820173,15.399638006843668,26.37752073431758,27.84780001331609,3.7682474399916788,120.82431558509268,prometheus_oh,-1.4702792789985075,13.292720871358062
2023-06-17,22.25069429448638,19.657484935132526,15.42242793601876,22.424504212093495,2.847759134366489,138.64628242586662,prometheus_oh,-7.002076276074735,2.593209359353853
2023-06-21,29.914246037118918,27.081802016046737,31.03435592906876,29.534594384808223,4.891232608906118,266.79358837710754,prometheus_oh,1.4997615442605365,2.832444021072181
2023-06-24,20.768679568042398,21.987434575287164,15.040430691490617,21.61092291070335,2.133029032164299,132.8498876532633,prometheus_oh,-6.570492219212735,-1.2187550072447664
2023-06-29,29.137814860112577,32.26103045482319,28.694990929970473,27.099106554695567,2.6711006950841205,10.705408153671158,prometheus_oh,1.5958843752749061,-3.123215594710615
2023-07-07,14.246207535302572,13.937737884374837,21.891115668890063,12.33141144029538,2.2845268204381886,170.16176543326787,prometheus_oh,9.559704228594683,0.3084696509277354
2023-07-10,34.109323887219595,25.46649901929696,26.040512779183874,28.048538056481146,2.3234800801068394,118.03551251867287,prometheus_oh,-2.0080252772972713,8.642824867922634
2023-07-11,38.74000183864577,29.50656376805966,37.27121364112251,35.06549574739487,3.787291036332203,67.09388143419051,prometheus_oh,2.2057178937276376,9.233438070586107
2023-07-13,34.12399386684444,33.27392270507245,29.362394398721957,31.67171427597041,2.2496837072062315,110.56373203609917,prometheus_oh,-2.309319877248452,0.8500711617719858
2023-07-20,19.87911477803677,26.390935883009767,34.17593631778696,27.543238280946657,3.8037807352376416,39.12273458779492,prometheus_oh,6.632698036840306,-6.511821104972999
2023-07-21,42.48808542392999,22.557662828597852,16.85493408295727,30.133446140818936,3.4336294477919007,150.69361419004252,prometheus_oh,-13.278512057861665,19.930422595332136
2023-07-23,14.178992703563742,19.6877575856649,15.202071771593006,17.04703106110185,2.8709019517109033,24.55858956049849,prometheus_oh,-1.8449592895088447,-5.508764882101159
2023-07-26,27.702586456394137,36.58490572907303,33.88404339346082,34.854455870266804,4.208623785748633,12.229046583597324,prometheus_oh,-0.9704124768059827,-8.882319272678892
2023-07-31,38.08493488325526,27.275999237537327,18.95743996105605,19.13801034486991,2.8505245877535237,176.29244184880235,prometheus_oh,-0.18057038381386192,10.80893564571793
2023-08-04,24.251906451035136,27.418060441787265,20.783756550095788,24.361384354343503,2.416762658175805,130.2181002089432,prometheus_oh,-3.577627804247715,-3.1661539907521288
2023-08-08,28.9107383970629,9.538720047794376,11.943441802825932,22.128985784718065,3.649857391045515,101.3981542693511,prometheus_oh,-10.185543981892133,19.372018349268522
2023-08-12,27.391598855275305,20.997927809877375,25.531790984685266,26.34748410486136,4.169296589729321,47.286908377664076,prometheus_oh,-0.8156931201760926,6.39367104539793
2023-08-13,16.570801433423146,25.25917285472547,26.71591718970694,28.249404035888755,3.40992579894733,78.592168749991,prometheus_oh,-1.533486846181816,-8.688371421302325
2023-08-20,28.065148727448975,32.04494976310582,27.1446381750831,31.031393730627855,2.0285472548488377,33.797646812891,prometheus_oh,-3.886755555544756,-3.9798010356568447
2023-08-22,24.392832950138562,23.592891742756326,31.218404169512127,15.988959873654078,2.5022649639659784,197.65969630024802,prometheus_oh,15.229444295858048,0.7999412073822363
2023-08-24,32.97110559010846,46.58888340047726,39.38413349152755,44.4361302025978,4.745697521222099,68.73677526054195,prometheus_oh,-5.051996711070252,-13.6177778103688
2023-08-25,27.94055825279016,24.371148797217067,31.879790583152666,29.470221622328022,3.7704180807740664,158.69108898579339,prometheus_oh,2.409568960824643,3.569409455573094
2023-08-27,18.452821722298502,17.315339757085223,23.83631101583996,14.077802197588563,2.7127677712951965,210.83414792491658,prometheus_oh,9.758508818251398,1.1374819652132793
2023-08-28,36.49306535995387,24.795577629217647,35.38883722020443,26.10195164501812,2.866063604752165,184.20279686647848,prometheus_oh,9.28688557518631,11.69748773073622
2023-08-31,21.981720844964876,14.407768512599699,16.423578562913665,19.20908727421738,3.1780565422618707,211.79018261607206,prometheus_oh,-2.7855087113037165,7.573952332365177
2023-09-02,18.654037238729533,14.566572711768742,17.484840120192178,38.39763265928249,2.4789553052005004,79.05567699678966,prometheus_oh,-20.912792539090315,4.08746452696079
2023-09-03,26.62310465032715,28.310691552727715,26.63159665392113,29.214997796209577,3.5157444143296845,79.93090640994996,prometheus_oh,-2.583401142288448,-1.6875869024005645
2023-09-04,31.803333694851876,28.97153867339239,27.51669647134011,32.2614421127294,2.65088693387133,55.932249115684385,prometheus_oh,-4.744745641389287,2.8317950214594845
2023-09-05,24.828276875126967,34.302485036159105,27.830119781379505,27.83893602901542,2.348620881131611,26.926134315543948,prometheus_oh,-0.008816247635916596,-9.474208161032138
2023-09-06,27.623602250129295,20.575860324322484,21.22652532523957,25.256913828260682,3.804316725837103,32.34308450422532,prometheus_oh,-4.030388503021111,7.047741925806811
2023-09-10,35.583239350529816,29.689425534307222,33.01656742352086,30.30171808484173,2.3158044950381873,161.1378964974947,prometheus_oh,2.71484933867913,5.893813816222593
2023-09-13,24.392232558877623,22.198865741871785,27.34956263123542,19.0855074290873,2.55917094680213,163.83816142924047,prometheus_oh,8.264055202148118,2.1933668170058382
2023-09-18,28.06933043110721,12.490127431325437,32.416925394052264,22.25277898659531,3.3729930712147786,133.64507676090477,prometheus_oh,10.164146407456954,15.579202999781774
2023-09-21,26.674066705691192,35.40055682071411,35.365655990751506,32.414339656904126,2.8453029503461096,280.6661637407092,prometheus_oh,2.9513163338473802,-8.726490115022916
2023-09-22,20.361524127955043,18.554311661205524,24.07748678459929,16.16812059599178,3.4204481177614015,248.55326306299082,prometheus_oh,7.90936618860751,1.8072124667495189
2023-09-23,36.25328180532204,35.803285830921546,37.5411190833582,34.768505645634015,3.80369908254616,227.39738199697624,prometheus_oh,2.772613437724182,0.449995974400494
2023-10-04,27.70127903004274,38.23533317837817,30.40729283253587,29.367464497805134,2.338150201677125,10.711509461208607,prometheus_oh,1.0398283347307355,-10.534054148335429
2023-10-06,58.3178610505223,34.77236215219174,34.68626860096572,44.61151541043254,3.5623450221280955,81.11017766776752,prometheus_oh,-9.92524680946682,23.545498898330564
2023-10-10,69.16273300981989,53.66695240314192,63.74778211388498,73.85847166429541,4.147446772460751,72.59522885965248,prometheus_oh,-10.110689550410427,15.495780606677968
2023-10-11,56.129502447824,51.016580806237975,62.141695894529825,59.78057387795085,3.6062055033154228,56.99319667825927,prometheus_oh,2.3611220165789746,5.112921641586027
2023-10-13,30.566319723009393,34.97282178791441,38.39019365138482,22.99654155884134,3.460326132397572,275.4865450366421,prometheus_oh,15.39365209254348,-4.40650206490502
2023-10-18,33.06923459237777,45.46654209309145,53.342060080032915,40.159989488117716,2.9991505302025536,8.0895576779767,prometheus_oh,13.182070591915199,-12.39730750071368
2023-10-22,37.18422196118491,34.201685719652566,36.26508526551752,39.40917471190274,3.2583237912323666,132.0428060089081,prometheus_oh,-3.144089446385223,2.982536241532344
2023-10-24,36.831377193809054,62.96638763576151,51.25890691860333,42.78124350588225,3.337576666406161,8.423183023981608,prometheus_oh,8.477663412721078,-26.135010441952453
2023-10-25,43.26834325148822,20.070964940610615,23.71513392104384,36.438908710218634,4.412344867656761,26.619092894928485,prometheus_oh,-12.723774789174794,23.197378310877603
2023-11-01,47.841347165608695,38.126845895566184,39.64452427467438,38.66614234625646,3.2614576898463135,136.98031491604206,prometheus_oh,0.9783819284179245,9.714501270042511
2023-11-02,51.58231884262338,72.64251829390926,66.27415409878898,55.960503354403464,4.525423253727472,22.482310183313643,prometheus_oh,10.31365074438552,-21.060199451285882
2023-11-03,45.32550399166792,61.41907335703474,53.84463974245861,53.49217158528853,5.093801581188185,20.61258323648292,prometheus_oh,0.3524681571700796,-16.093569365366818
2023-11-04,48.74220243708954,72.57313348975849,63.43115199376562,51.17474388210503,2.833056030063132,35.22283169511854,prometheus_oh,12.25640811166059,-23.83093105266895
2023-11-07,75.42265632559837,64.42706653835255,67.84024332705852,68.2870720375507,3.1488452395107256,119.84323554524917,prometheus_oh,-0.4468287104921842,10.99558978724582
2023-11-08,49.806145071727656,68.1428335840583,64.81464512444467,65.77053515375773,4.600611581697494,331.3132390664551,prometheus_oh,-0.9558900293130677,-18.33668851233064
2023-11-09,72.389197739137,47.570126627829374,65.58158654537715,53.46005192556656,3.707915130506619,136.50227129885104,prometheus_oh,12.121534619810589,24.81907111130763
2023-11-10,70.46878260603333,84.35253803148709,92.71517329478885,75.98662537607416,3.9854975243035673,60.41155716577259,prometheus_oh,16.728547918714696,-13.883755425453757
2023-11-13,84.95147408777788,63.74349876627914,97.31552493400395,65.63177053785634,4.220307907249427,118.15756126727376,prometheus_oh,31.683754396147606,21.207975321498743
2023-11-15,115.29118872862628,106.13004998576665,121.3819164268985,104.7949993110897,3.377580786056831,44.60062560132167,prometheus_oh,16.586917115808802,9.161138742859634
2023-11-16,82.41033492051115,90.65331002301323,85.86052697859142,72.30894832183183,3.1630962390667867,1.1489131120093816,prometheus_oh,13.551578656759588,-8.242975102502086
2023-11-18,53.24321852190094,30.40942770941622,40.075150291257,42.43799302123196,2.0980283618687983,112.60983191287573,prometheus_oh,-2.3628427299749575,22.83379081248472
2023-11-23,68.29529166698907,69.3794481383134,74.0503340009267,77.14860907076134,3.2513098794112096,65.83670255081961,prometheus_oh,-3.098275069834642,-1.0841564713243343
2023-11-24,43.34638237032108,43.95350745261414,39.78274349665664,43.84416951599181,3.8774159071925367,184.97110314781824,prometheus_oh,-4.0614260193351654,-0.6071250822930594
2023-11-29,79.28088309869696,96.91082838044338,87.50261597978134,95.41583029570833,4.6537147954248566,44.063371863135785,prometheus_oh,-7.913214315926993,-17.629945281746416
2023-11-30,47.39811631501958,62.82864469272885,57.11645954213162,66.33690295785844,4.548135472601187,20.225223440037325,prometheus_oh,-9.22044341572682,-15.430528377709273
2023-12-04,82.80827142272271,41.52720032502725,47.059985296372254,38.63355011533345,2.9146036314274704,106.09819615045092,prometheus_oh,8.426435181038805,41.28107109769546
2023-12-07,65.33671320187649,94.1489794589181,79.735781605823,88.16750629390215,3.8860108230216293,55.16058748915225,prometheus_oh,-8.431724688079157,-28.812266257041614
2023-12-08,25.372957018506906,35.309430025148124,28.825199047768823,31.2979981563321,4.126620100977142,14.30919369555619,prometheus_oh,-2.472799108563276,-9.936473006641219
2023-12-12,83.62098881227334,111.55910552387955,107.52676309296817,120.84628288817002,4.520542702457299,50.86545960532749,prometheus_oh,-13.319519795201856,-27.938116711606213
2023-12-14,65.14871196702018,131.79917832350583,78.31914588889637,94.09551436058698,2.257326448037394,45.36752664324797,prometheus_oh,-15.776368471690603,-66.65046635648565
2023-12-20,26.7618024873316,37.76547546134996,38.13532498695638,22.71550286599186,2.635154825194405,354.69937988797864,prometheus_oh,15.419822120964518,-11.003672974018357
2024-01-03,54.98287572228281,90.79310423384628,70.63920914066497,71.43658212150305,3.1982543337252403,52.05412085323803,prometheus_oh,-0.7973729808380767,-35.810228511563466
2024-01-16,47.052254515202144,32.79003463313256,41.628360238123214,35.87578352667929,3.83027346806983,86.47553479683637,prometheus_oh,5.752576711443922,14.262219882069587
2024-01-19,51.1603370106817,29.336976772563833,45.1921150890034,28.12957330417717,5.154913504172775,124.9092191411425,prometheus_oh,17.06254178482623,21.823360238117868
2024-01-20,43.303466540988005,19.08007186207558,32.732464055416145,32.08396851725316,4.823838408556886,114.64227332705957,prometheus_oh,0.6484955381629831,24.223394678912424
2024-02-01,53.80257261872202,85.29662258413833,65.66981678754372,77.51857108847533,4.30086316653522,41.709898787474685,prometheus_oh,-11.848754300931603,-31.494049965416316
2024-02-02,18.453608615675275,16.007065412923907,20.58504005978292,16.194210858405757,3.373901997078648,202.6107158227804,prometheus_oh,4.390829201377162,2.446543202751368
2024-02-04,39.36346736965101,38.65801749179007,33.54147015286503,29.247054536072813,2.862036600788012,217.17335223130303,prometheus_oh,4.294415616792218,0.7054498778609428
2024-02-05,42.49888063738044,25.471513127594328,40.18853682022091,33.98844848985521,3.588028228468719,189.0295347227315,prometheus_oh,6.200088330365702,17.02736750978611
2024-02-08,58.20243154135993,56.944909115036985,67.49670432021676,48.514426030490256,4.208954677141161,10.078624478776362,prometheus_oh,18.98227828972651,1.257522426322943
2024-02-09,18.213970833794445,36.017081236682166,26.136404033183226,24.983029660159303,5.9558155022295844,36.38505542657691,prometheus_oh,1.1533743730239223,-17.80311040288772
2024-02-13,39.555076542907265,38.41901005635145,50.27938358458748,46.74289496600855,5.884602876522749,104.51059702756203,prometheus_oh,3.536488618578929,1.136066486555812
2024-02-14,72.83757569703033,43.15936049700153,52.452200886362334,50.61445130190231,2.030651967123359,134.53558185935793,prometheus_oh,1.8377495844600276,29.678215200028802
2024-02-18,46.65009601075668,58.17336257400069,52.24675083405349,61.81914048692615,5.48404306503957,58.08676988215768,prometheus_oh,-9.572389652872658,-11.523266563244015
2024-02-21,44.90459356372544,75.61950569663031,67.16781730187172,49.23614200177593,4.229273092030527,20.165713328528,prometheus_oh,17.93167530009579,-30.71491213290487
2024-02-23,78.80544065676175,81.45901062988872,70.291459948405,97.98504184637156,3.847053216318696,97.61156805727921,prometheus_oh,-27.693581897966553,-2.6535699731269773
2024-02-24,15.902748496148462,12.156839320623448,13.438990620930253,9.858465960972884,4.216760356160989,170.15735490076122,prometheus_oh,3.5805246599573692,3.7459091755250142
2024-02-25,16.477162884843164,32.066721118164786,31.020276811606802,20.851702584490464,4.410887955046209,8.125251316484537,prometheus_oh,10.168574227116338,-15.589558233321622
2024-02-26,53.18409336153301,70.02263665975822,65.07460002635904,56.14912606753354,2.5399552909152456,355.5247498945973,prometheus_oh,8.9254739588255,-16.83854329822521
2024-02-29,81.92045324686838,54.546509212219064,71.46169881720101,76.57310312738862,2.800847901020265,96.44167263957314,prometheus_oh,-5.111404310187609,27.373944034649313
2024-03-03,23.945134243680464,30.94210868323816,30.263286758939405,30.96909851657985,3.2221225463575784,350.9909308751494,prometheus_oh,-0.705811757640447,-6.996974439557697
2024-03-04,27.21269588570111,40.95297395968782,35.006320356451596,27.660153828729197,3.4035426657255514,358.64283476593727,prometheus_oh,7.346166527722399,-13.740278073986708
2024-03-11,77.26591344561979,63.47845877333779,64.89025626290469,85.69823618305038,4.224421477294704,75.30288890275051,prometheus_oh,-20.807979920145698,13.787454672281996
2024-03-12,67.12845134547585,64.77900827898732,64.52517008625038,62.14472944138897,4.476112712677628,58.99410459557379,prometheus_oh,2.380440644861416,2.349443066488533
2024-03-13,49.34715320666432,57.59269743607223,54.86865367082177,59.285268505603455,3.326096848600009,51.4723429036103,prometheus_oh,-4.416614834781683,-8.245544229407905
2024-03-16,26.76659296245065,45.2794432271457,33.94686745852862,41.32822244913366,5.90549523837819,45.72666852784232,prometheus_oh,-7.38135499060504,-18.51285026469505
2024-03-19,50.22839030362809,76.04041201483403,66.01534882088458,59.17491629690474,7.128724382742339,45.40225630538771,prometheus_oh,6.8404325239798425,-25.812021711205944
2024-03-20,33.36561774147596,21.796648063938008,29.336964241055657,27.513988703037317,6.373328802877124,119.77079387992211,prometheus_oh,1.8229755380183406,11.56896967753795
2024-03-24,21.356458574163387,25.53213582036295,27.928457120237447,25.0020716998593,3.7276397572775446,281.6980845626345,prometheus_oh,2.9263854203781463,-4.175677246199562
2024-03-25,37.238016547955,36.35763995697192,39.93738286241699,37.08302764004562,4.5370744652296455,334.6572198718811,prometheus_oh,2.8543552223713675,0.8803765909830759
2024-03-28,33.74485102637944,20.599590452407767,35.008547640762984,43.28772103095359,4.648211614686163,101.87488262043621,prometheus_oh,-8.279173390190607,13.145260573971676
2024-03-29,69.54430923008867,34.54017690268663,48.09829922184037,52.11112930663745,3.1694375174639924,109.48912893727174,prometheus_oh,-4.012830084797081,35.00413232740204
2024-04-07,25.39218193966275,26.343663686693553,22.25476544272549,25.642468857866646,2.797213922817397,314.949389857335,prometheus_oh,-3.387703415141157,-0.9514817470308046
2024-04-13,17.268520691880685,6.000001321829173,10.370949049548456,15.29664698692253,5.172665838277531,107.53092518542451,prometheus_oh,-4.925697937374075,11.26851937005151
2024-04-14,27.20031830327091,28.785432750976145,30.62823218712677,36.61292186838962,6.690006318312351,53.25574024576662,prometheus_oh,-5.98468968126285,-1.5851144477052337
2024-04-15,41.5151837357083,36.08442518443663,41.1613401206399,36.90275106137601,2.221237149644871,173.15389217390918,prometheus_oh,4.25858905926389,5.430758551271666
2024-04-16,43.95038832453843,48.590729985565446,47.65002044536244,45.95491506500639,2.3524318322651947,336.4848970268169,prometheus_oh,1.695105380356054,-4.640341661027016
2024-04-20,30.826845351096136,22.78253208512339,24.849238664610972,24.497031451746736,4.696073632125263,112.17617637706331,prometheus_oh,0.3522072128642364,8.044313265972747
2024-04-22,16.402132427600648,91.60394670581516,63.36293526329784,38.67935267718074,2.0866261307818976,40.32475916124889,prometheus_oh,24.683582586117105,-75.20181427821451
2024-04-26,38.044327983025376,48.639258631801326,48.747133370622684,40.36615137548526,3.503464453950543,324.60200041989873,prometheus_oh,8.380981995137425,-10.59493064877595
2024-04-27,31.662381457278574,31.464418035072576,30.022256930065918,36.10301563486348,6.130211782310813,35.34028063278555,prometheus_oh,-6.080758704797564,0.19796342220599783
2024-04-29,38.774310483211316,50.04937321969859,47.33546805468074,50.049373082536796,5.324606793959744,30.038738688262356,prometheus_oh,-2.7139050278560575,-11.275062736487271
2024-05-01,28.571171996320132,32.39483699298908,26.779638965168896,27.82435555035768,4.568072681836139,52.443843476321376,prometheus_oh,-1.0447165851887839,-3.8236649966689455
2024-05-08,41.29285677013775,29.34832783016622,32.26183428598157,31.515966938082485,3.2568960492979486,89.03234723786585,prometheus_oh,0.745867347899086,11.944528939971534
2024-05-10,24.29565815922457,19.1757990556871,23.36251524825976,13.220747507357238,4.780242693215103,151.4537549667249,prometheus_oh,10.141767740902523,5.119859103537468
2024-05-12,13.314647079884795,11.802736255654628,10.213675354350883,15.898599514760127,2.617843472808189,117.6613786159221,prometheus_oh,-5.684924160409244,1.511910824230167
2024-05-13,27.747877006920042,36.685591607443406,31.933753433004597,33.863039267064686,4.346316220086176,20.395423576470137,prometheus_oh,-1.9292858340600887,-8.937714600523364
2024-05-20,37.97384651457354,42.4054224369133,44.27161821809009,42.944546446661725,2.511516653978095,17.796766644867205,prometheus_oh,1.3270717714283649,-4.431575922339761
2024-05-21,24.816685393499327,40.81808922737363,32.758667654669935,39.50048914343398,3.236987528792721,40.54569289138294,prometheus_oh,-6.741821488764046,-16.001403833874306
2024-05-25,20.129843691327142,18.388228205739612,25.93947808760712,20.68865977630893,2.02500608940843,87.21897216407007,prometheus_oh,5.25081831129819,1.7416154855875305
2024-05-28,37.670575368096344,25.945934490529417,34.342817200293574,41.26423649978466,3.9832249774121364,109.04380492349435,prometheus_oh,-6.921419299491085,11.724640877566927
2024-05-30,17.777714660971263,11.953907557493666,19.805267433779886,15.617039241446754,3.097136444756128,154.0651245374811,prometheus_oh,4.188228192333131,5.823807103477597
2024-06-01,16.022243831552416,22.834669845094222,22.192325434537054,24.54830042155777,3.314669610458211,352.2276910049542,prometheus_oh,-2.3559749870207156,-6.812426013541806
2024-06-04,39.214962843942715,44.49979645393346,44.18272219441913,43.09616432861099,2.3718654786989553,346.0079750613071,prometheus_oh,1.086557865808139,-5.2848336099907485
2024-06-07,32.019269925106606,15.256918665536999,20.116732239904483,24.502627736980287,5.921814115083128,108.84325025802974,prometheus_oh,-4.385895497075804,16.762351259569606
2024-06-08,39.059028835514916,42.410722050916775,34.078175349970586,33.68482779724525,3.1684706853596474,33.735716584631064,prometheus_oh,0.39334755272533783,-3.351693215401859
2024-06-09,35.38564285000777,24.546217499342177,33.371248887052914,44.33411937475524,4.651166266934154,114.77496990273403,prometheus_oh,-10.962870487702325,10.839425350665593
2024-06-13,41.389991215816444,51.765802789715195,43.68402339519136,51.91148583427311,3.4340795881579154,42.03006807554681,prometheus_oh,-8.227462439081748,-10.375811573898751
2024-06-14,25.709587412432747,38.493588843700934,18.87543113086871,33.65370411512975,2.3916611938185257,116.32449329854228,prometheus_oh,-14.77827298426104,-12.784001431268187
2024-06-15,29.57098596438482,33.790031615345725,32.17656649264635,32.64259270062506,2.156175893537756,214.7376074452566,prometheus_oh,-0.4660262079787074,-4.219045650960904
2024-06-22,8.340743713307964,19.409919282665957,19.532210162272694,44.703008625376775,3.561230798778322,59.93517991745017,prometheus_oh,-25.17079846310408,-11.069175569357993
2024-06-27,14.617895830680256,1.1264573647430944,11.635203783392264,7.8495292478888485,2.091728525248298,166.0882906717561,prometheus_oh,3.785674535503415,13.491438465937161
2024-06-28,40.146307716117136,45.696756564558335,38.93638133359632,39.432115566433765,2.901857285121498,14.172775861662899,prometheus_oh,-0.49573423283744233,-5.550448848441199
2024-06-30,20.254012562789704,18.755266236690616,18.92188701743183,19.09381507003644,4.8956782303363084,152.1761690298256,prometheus_oh,-0.1719280526046134,1.4987463260990879
2024-07-01,32.69624272095567,29.43269656742565,33.201098379368766,26.48089455105655,2.8262941619955715,225.40558534778873,prometheus_oh,6.720203828312215,3.263546153530015
2024-07-02,26.995281120108643,29.60131357254461,26.101826341259503,23.579054201699492,3.5207631592680997,341.5979922605614,prometheus_oh,2.5227721395600113,-2.606032452435965
2024-07-13,41.82307121294974,27.308787952951096,42.49646338984887,23.49620233074079,2.0172802094535465,100.7356774663732,prometheus_oh,19.00026105910808,14.514283259998646
2024-07-14,44.868006073720416,51.39237224527928,46.81238544547428,47.79807428045174,4.452841854276261,41.95849204480987,prometheus_oh,-0.9856888349774664,-6.524366171558867
2024-07-15,35.86943990035318,30.919926496403644,30.296747179379434,39.04164924643625,3.5279069287523446,71.96840236276933,prometheus_oh,-8.744902067056817,4.949513403949535
2024-07-16,38.54079762566941,42.65821549764792,41.16014893146579,42.345650889566244,3.9959401979396376,70.05459591030439,prometheus_oh,-1.1855019581004527,-4.11741787197851
2024-07-18,18.798184438854026,8.394114085471339,12.690663350655955,14.236654100879926,3.7961848812140544,168.56135789719804,prometheus_oh,-1.5459907502239716,10.404070353382687
2024-07-23,23.593722925345723,53.07425104494705,19.752813524786422,44.79627755619001,2.2291614465601697,47.002473049530295,prometheus_oh,-25.04346403140359,-29.480528119601324
2024-07-24,27.558874041596994,23.987319889787752,21.656135008103426,31.415669014736245,3.96180264304892,79.43903481004213,prometheus_oh,-9.75953400663282,3.5715541518092415
2024-07-25,28.67929138060588,24.74182670475376,24.746424029507246,27.167453437216423,3.378690661401732,136.67134540317852,prometheus_oh,-2.4210294077091774,3.9374646758521195
2024-07-26,23.949081185485046,21.440366232635398,20.68379041650939,21.131549056683504,2.430916034222997,201.83756061239754,prometheus_oh,-0.44775864017411493,2.5087149528496475
2024-07-31,24.29487874859617,41.03465112582863,23.879036658448243,27.849379771684827,2.726677249388928,42.102275903857844,prometheus_oh,-3.9703431132365843,-16.739772377232462
2024-08-03,21.93317600630393,7.733244269880458,8.733899254617645,23.30429540249474,2.7002168323236386,149.91087012218833,prometheus_oh,-14.570396147877096,14.199931736423473
2024-08-05,30.673553288770588,28.90187479037772,28.49155004152104,36.82129233095077,3.305916649384214,68.97727013596557,prometheus_oh,-8.329742289429728,1.7716784983928697
2024-08-06,29.922623960554347,37.93883479072591,34.628178363276064,38.97662612381494,3.5117484886551984,56.89335895449102,prometheus_oh,-4.348447760538875,-8.016210830171566
2024-08-10,15.13468847501926,16.94520876876851,14.464892624204882,16.21539191203535,3.6168508739040632,99.50220350009442,prometheus_oh,-1.7504992878304684,-1.8105202937492493
2024-08-12,23.74595475940724,22.473670765566318,16.78886949239073,18.00912695335892,2.7175437671049765,151.28288487939858,prometheus_oh,-1.2202574609681882,1.2722839938409223
2024-08-17,22.100887460132824,16.80820561497049,24.81393915195008,28.388282327409506,4.4631167121465944,27.23562438526966,prometheus_oh,-3.5743431754594255,5.292681845162335
2024-08-21,19.956932037562712,14.018423198466119,30.716250962368225,13.325690609159643,3.2658129421536746,185.36132228884907,prometheus_oh,17.39056035320858,5.938508839096594
2024-08-27,52.51536308129926,59.59911627295806,44.682079782209804,57.26838792199597,3.2080097846057063,58.90780809498534,prometheus_oh,-12.58630813978617,-7.0837531916587935
2024-08-28,60.44122956613709,36.731461174187636,37.39330823223745,44.41846161586415,2.0870314113049018,97.62431837215871,prometheus_oh,-7.0251533836267015,23.709768391949453
2024-08-30,27.21082695553666,21.0729611264654,27.7932144673712,57.912773396108086,2.630421789473705,72.2287948237987,prometheus_oh,-30.119558928736886,6.137865829071259
2024-09-01,37.51905867366274,30.278623567166953,31.363425394826567,33.69658413002482,3.467714502776595,118.45219774659773,prometheus_oh,-2.33315873519825,7.240435106495788
2024-09-02,22.694650080755597,18.10157608796718,23.942466339842245,15.587161337105586,3.9724155384630584,189.70694641069,prometheus_oh,8.355305002736658,4.593073992788415
2024-09-03,36.1522798086806,36.57178661419945,30.209385422451405,31.71743593734578,2.647925335083006,259.49712943506233,prometheus_oh,-1.508050514894375,-0.41950680551885
2024-09-07,13.81676255504284,11.411445330310276,13.312694494151042,14.689366797872141,4.914300614229076,141.67233566726088,prometheus_oh,-1.376672303721099,2.405317224732565
2024-09-08,16.45305294388433,20.202163151880395,12.50530409789686,13.68168161739089,2.329715532125652,97.36081946492845,prometheus_oh,-1.1763775194940305,-3.7491102079960648
2024-09-09,57.21611459735189,39.13320436660966,49.40827491278403,46.34033502676415,3.2061685269692846,80.33894926281454,prometheus_oh,3.0679398860198788,18.08291023074223
2024-09-12,38.26777381107791,41.69788386352383,43.26595364945617,33.952275711410266,3.496522700489567,284.2066965070202,prometheus_oh,9.313677938045906,-3.4301100524459187
2024-09-13,25.38273209321134,22.917720758064263,21.29110818860729,27.480999849803876,3.1785425417900646,289.53924344539473,prometheus_oh,-6.189891661196587,2.4650113351470786
2024-09-14,26.24507898621235,27.81836602718882,28.882114914962212,28.553306406698947,3.311209848939593,276.1943443587101,prometheus_oh,0.3288085082632648,-1.5732870409764708
2024-09-15,33.92216048768295,31.847312260522198,28.039558308623636,25.559824300413084,2.423675681411166,275.3114259228797,prometheus_oh,2.479734008210553,2.0748482271607536
2024-09-16,34.9375849559033,26.395694816959,38.22285217934272,34.350229932897804,2.477749001286861,258.3201626391146,prometheus_oh,3.8726222464449194,8.541890138944296
2024-09-21,43.92095346450299,36.75057355917388,37.12134848865165,34.44160510071304,2.8132539449921348,138.44701951130833,prometheus_oh,2.6797433879386077,7.1703799053291135
2024-09-22,49.54603393840964,51.77981741803012,54.02208745543858,42.363790833236536,3.025560289116582,51.689321543596975,prometheus_oh,11.658296622202045,-2.2337834796204774
2024-10-06,36.73986768149869,32.152070597948565,26.897636978860767,33.63640415239228,5.336796348926509,59.23611138090121,prometheus_oh,-6.738767173531514,4.587797083550122
2024-10-07,43.77155319916162,25.8991496153158,36.10876444016401,29.894171316926215,2.8530451583285785,155.78569933021038,prometheus_oh,6.214593123237794,17.872403583845824
2024-10-08,43.43172149850875,25.230945024559265,24.80412890675471,28.465193204746463,2.5576806249806454,116.20858407614236,prometheus_oh,-3.6610642979917536,18.200776473949485
2024-10-09,35.618125837426675,25.06255730603484,32.46791996340548,30.28522940244144,2.909910380654758,136.81310234909245,prometheus_oh,2.182690560964037,10.555568531391835
2024-10-11,53.38379576583569,63.466828831113894,60.830303524076484,72.51543253896465,3.018371770498255,51.57227239076167,prometheus_oh,-11.685129014888162,-10.083033065278201
2024-10-21,40.130880661271654,83.26739065198213,57.922145568569995,60.81972282178803,2.516401369573985,39.639825751959734,prometheus_oh,-2.8975772532180315,-43.13650999071047
2024-10-22,36.67961719820317,45.02262798912931,49.258542536544574,35.020363374569705,3.397142232658562,12.663469407463879,prometheus_oh,14.23817916197487,-8.343010790926144
2024-10-23,88.69077896839333,69.8666088532963,75.10944306202944,91.1261879039105,4.186400182974629,94.75789690482833,prometheus_oh,-16.016744841881064,18.824170115097033
2024-10-25,90.02142357858327,91.20827959263808,80.03861150828266,96.9115439795046,3.2335731629221813,74.87141450172129,prometheus_oh,-16.872932471221944,-1.1868560140548112
2024-10-26,45.046338467080474,33.07590376006371,39.060827635195686,39.55065809570602,3.561741968553502,158.78426747616186,prometheus_oh,-0.4898304605103334,11.970434707016764
2024-10-28,52.226278855907445,80.23944386464225,51.20951490218799,78.86491866930372,2.8438052044419986,354.7700063651526,prometheus_oh,-27.65540376711573,-28.01316500873481
2024-10-29,40.927669321246576,57.17603961867586,33.122524913733216,47.93792534635154,5.701108127715949,30.392303012335105,prometheus_oh,-14.815400432618326,-16.248370297429283
2024-10-30,31.94371690932186,49.57466730517016,46.11372553889984,40.75280223905889,4.825377691750872,34.04144580458063,prometheus_oh,5.360923299840955,-17.6309503958483
2024-11-01,65.88209873976956,33.843701290904846,46.1997703243471,46.25753245030157,2.91875316990812,122.57701250196271,prometheus_oh,-0.0577621259544685,32.038397448864714
2024-11-03,65.94137380343793,68.4462549692893,55.17041636404409,65.5637271448798,3.3281465368391845,316.14363644333685,prometheus_oh,-10.39331078083572,-2.5048811658513728
2024-11-04,59.6776234417079,68.20119795657573,23.527583809699586,80.40596046810909,5.225960828540641,3.755813480639631,prometheus_oh,-56.8783766584095,-8.523574514867825
2024-11-05,28.114926530044997,39.08998765650727,41.322345848562485,20.120787585856572,6.338343825687387,24.958645283645467,prometheus_oh,21.201558262705912,-10.975061126462272
2024-11-07,61.0479410031718,48.75852945235947,61.68024141257823,52.871812430895766,2.100924561754243,168.66268723177132,prometheus_oh,8.808428981682468,12.289411550812332
2024-11-08,113.81256763447631,60.901853933773445,80.59997595104639,87.98967440569115,3.731823387057261,107.10806843043667,prometheus_oh,-7.389698454644758,52.910713700702864
2024-11-09,30.83856589164098,41.531063385905014,46.24811974363891,40.305575856816816,3.2798526244359367,271.2286755056866,prometheus_oh,5.942543886822094,-10.692497494264035
2024-11-12,34.41118856949432,27.291821304068787,46.53023958691567,31.88750031610248,3.7404447409932717,215.26394378665267,prometheus_oh,14.642739270813191,7.119367265425534
2024-11-17,46.06758450637218,45.05834031713882,49.60875862820268,57.526408100312594,3.6495770861592076,13.778511255426451,prometheus_oh,-7.917649472109915,1.0092441892333568
2024-11-24,88.36653017066726,55.68315603462554,78.00365333428802,63.26142418802973,2.0359550861052345,28.24255972714485,prometheus_oh,14.742229146258289,32.68337413604172
2024-11-26,61.01607627187831,45.82704902368621,59.624965414322574,57.23817107190281,3.9594661998907834,81.20579224040591,prometheus_oh,2.386794342419762,15.189027248192104
2024-11-30,29.74749040193219,34.233146268154314,48.46949242178584,48.55154735029677,4.488842072790799,67.04274965842683,prometheus_oh,-0.0820549285109351,-4.485655866222125
2024-12-01,35.784262917785554,25.40593293967614,24.655783238460074,19.527327467022026,3.3886962324450223,106.28214970153056,prometheus_oh,5.128455771438048,10.378329978109413
2024-12-06,92.79649376732968,85.24781893946036,108.03265400472392,103.73627898167045,4.179713186027466,69.83814382754366,prometheus_oh,4.296375023053471,7.54867482786932
2024-12-07,81.0070714447997,100.51395337382623,95.47301745431865,81.86184132402357,4.577595762781669,35.97592462386308,prometheus_oh,13.611176130295078,-19.50688192902652
2024-12-08,98.27085740153967,79.20206761240662,83.13670336816048,93.10440452799187,4.0057715003556265,62.2333934958595,prometheus_oh,-9.967701159831392,19.06878978913305
2024-12-12,73.6549669718265,43.246857331520765,56.25731614527384,55.31502941955609,3.60749520656393,77.13007451879241,prometheus_oh,0.9422867257177501,30.40810964030573
2024-12-17,73.62558300490436,53.997857239861915,73.79320722302046,77.64535898552083,3.541702491426256,76.26220770549372,prometheus_oh,-3.8521517625003696,19.62772576504244
2024-12-23,96.96488294801203,61.98078418509257,53.748643983307986,71.87504285172297,4.425134413956995,0.1584496034626568,prometheus_oh,-18.12639886841498,34.984098762919466
2024-12-30,40.57050921844869,26.3364462813296,35.85781819095701,36.83208120989027,3.3015777281885796,74.887364777063,prometheus_oh,-0.9742630189332573,14.234062937119091
2025-01-09,127.6834971137053,39.679529601677615,68.93333247881878,74.60527697728438,2.124728967949237,109.28849698586919,prometheus_oh,-5.671944498465592,88.00396751202769
2025-01-13,63.013035971845376,30.22741253459345,46.18382624161635,46.785711880095235,4.516547427249392,77.40053315795342,prometheus_oh,-0.6018856384788833,32.78562343725193
2025-01-15,83.31804004369805,168.39843506351434,170.23592665431,173.20264743237257,3.1372993968989036,62.01848378472744,prometheus_oh,-2.96672077806258,-85.0803950198163
2025-01-17,14.805404619164282,34.31066690775109,20.63397810955836,12.958126259727637,4.319232695781838,359.64132372242335,prometheus_oh,7.675851849830723,-19.50526228858681
2025-01-20,75.23006195013818,65.0832256431578,85.49771216275202,80.83733872303239,4.072541306347058,71.39323264673237,prometheus_oh,4.660373439719635,10.146836306980376
2025-01-27,51.750139427478764,68.65471459979277,72.53497258537374,76.97479013529437,5.412468720887144,58.2541136548121,prometheus_oh,-4.439817549920633,-16.904575172314004
2025-01-28,54.750424315135646,77.43793130174349,67.65103346917003,60.55603838444484,5.015522575294681,49.70835228001812,prometheus_oh,7.094995084725191,-22.687506986607843
2025-02-01,17.94720091022338,17.685397347608166,28.949343604179017,18.63799478921368,2.472562169105159,221.64927830541492,prometheus_oh,10.311348814965339,0.26180356261521354
2025-02-04,50.04971402663568,35.91982486645256,43.00249910054983,41.305298586917935,3.327517956190796,175.1116179966216,prometheus_oh,1.6972005136318913,14.129889160183119
2025-02-10,93.03543391131153,41.44470754235376,82.83621436864732,42.568502678299616,3.060825635406244,106.38925825076029,prometheus_oh,40.2677116903477,51.59072636895777
2025-02-17,55.406967689266274,23.079284594040175,49.521481765906074,43.710811415263755,5.361279447571026,82.38481223743247,prometheus_oh,5.810670350642319,32.3276830952261
2025-02-19,36.79013780075688,24.047242522138546,35.35931050178636,19.181600286814227,2.279912413644668,179.8078842023831,prometheus_oh,16.177710214972134,12.742895278618334
2025-02-22,67.73704248038973,92.95919110251232,102.87867358096675,83.29299103355471,3.7220440746240633,41.78224656566397,prometheus_oh,19.585682547412034,-25.22214862212259
2025-02-23,45.07095056854519,86.9324886864643,50.970966121924256,57.268603803308345,3.116922733406764,45.800082651752575,prometheus_oh,-6.297637681384089,-41.8615381179191
2025-02-25,96.49066649406366,109.3296606158235,80.04340923832264,114.51989354973449,4.332356921279563,91.86464688932904,prometheus_oh,-34.47648431141185,-12.83899412175984
2025-02-28,40.42499223590081,59.121913544266334,40.016718903148565,55.4983308170037,7.1749704243078725,23.09671313255393,prometheus_oh,-15.481611913855133,-18.696921308365525
2025-03-02,52.5461974488036,16.426282268740792,35.58441850377259,31.903611397610018,2.4295139372483785,107.34421089032014,prometheus_oh,3.680807106162572,36.11991518006281
2025-03-04,55.83527247815533,56.960811335451524,61.092036118982236,52.04571559511046,4.660506254472134,356.4961683901064,prometheus_oh,9.046320523871778,-1.125538857296192
2025-03-08,42.0540717427208,24.38921779174742,29.512770238670324,29.601933980967864,3.9467206952675173,121.81268836240866,prometheus_oh,-0.08916374229753998,17.66485395097338
2025-03-09,41.36775823996393,25.6938474637187,31.112052448081165,33.70682369398199,3.6269621538531895,76.75533078465725,prometheus_oh,-2.594771245900823,15.673910776245233
2025-03-10,75.24220259043129,131.04088089670702,85.16999130789954,111.39629855330267,3.051796363015021,58.450587065024706,prometheus_oh,-26.226307245403135,-55.79867830627573
2025-03-11,110.7453018979177,101.30909352073995,111.24277171159609,107.60818611197428,3.862129463321473,86.55826211839269,prometheus_oh,3.634585599621815,9.43620837717775
2025-03-14,43.479754864783715,37.027413770989654,30.59393927268461,36.64784446007226,5.30089079366751,356.46583064023406,prometheus_oh,-6.053905187387645,6.452341093794061
2025-03-17,55.72518423481158,37.07642738064364,41.50665859281062,40.537807006018014,2.4709281640322236,124.85674204950419,prometheus_oh,0.96885158679261,18.648756854167935
2025-03-18,33.064926403281085,49.108673682906336,46.37581090970299,35.937862329005085,4.65637857534161,8.093389863216089,prometheus_oh,10.437948580697906,-16.04374727962525
2025-03-21,18.377260381070872,46.77831294569499,41.6784348473699,42.49003520728482,4.59581310893306,44.633986722651684,prometheus_oh,-0.8116003599149195,-28.40105256462412
2025-03-25,62.54128999422411,49.24598289001598,55.366086859759214,49.76188652929207,5.113985271573286,109.76935315208368,prometheus_oh,5.604200330467144,13.295307104208128
2025-03-26,34.9092672845872,29.815709533858914,27.306636533287534,27.377589280730266,5.251854752949597,126.67564610740476,prometheus_oh,-0.07095274744273183,5.093557750728287
2025-03-27,42.620695768727664,57.914732684251376,54.963875612133556,58.48495285892735,3.9475196231872673,55.33854012527837,prometheus_oh,-3.5210772467937943,-15.294036915523712
2025-04-07,40.17257918275208,20.69356959744642,26.55582301001927,38.85907759027404,3.8110135963222316,77.76800365030817,prometheus_oh,-12.30325458025477,19.47900958530566
2025-04-08,24.946682135388194,13.904149727613435,15.900397738197173,18.122048661252766,3.849440727364903,134.86566276341836,prometheus_oh,-2.221650923055593,11.04253240777476
2025-04-13,32.81692749075496,17.99331580634126,21.91208025083375,28.067236601363366,2.7140415707712973,5.9335367173139275,prometheus_oh,-6.155156350529616,14.823611684413702
2025-04-16,52.69812656552675,29.006524718986334,41.718625185001414,39.967197795595894,4.3012622339207,125.27413956243123,prometheus_oh,1.7514273894055208,23.691601846540415
2025-04-17,37.06957565159076,50.897148038484616,33.72595799981999,37.13701069644323,2.7219207070297897,352.9000001763786,prometheus_oh,-3.411052696623237,-13.827572386893856
2025-04-18,22.112463161801216,37.347584628114525,31.458570261240155,22.628640512985427,6.610092398163851,23.527087458427786,prometheus_oh,8.829929748254727,-15.23512146631331
2025-04-20,15.1275796293492,17.034274519838856,17.546467372894124,19.201368880378872,2.981454094226421,267.55021684464856,prometheus_oh,-1.6549015074847482,-1.906694890489657
2025-04-24,50.03390283088613,64.0919071077968,52.27719599975146,53.981437243782715,2.7039735635551754,358.7995654214034,prometheus_oh,-1.7042412440312518,-14.058004276910673
2025-04-28,23.752596845399715,43.71427201034725,39.20775672735246,39.0436398436505,3.0767176251193162,347.63834978810047,prometheus_oh,0.16411688370195776,-19.961675164947536
2025-05-08,12.073219950183224,9.716505296442847,6.237445676355518,2.599127552228523,3.285552870393381,192.79351548205187,prometheus_oh,3.6383181241269953,2.3567146537403776
2025-05-09,40.42552638099002,34.02027434625498,31.807941756154285,31.493771370903612,3.6251211401531673,182.24862727471594,prometheus_oh,0.314170385250673,6.405252034735042
2025-05-11,28.176214391131005,30.761157370341184,35.38487976739419,29.088054316880704,2.2607937236889217,240.84514746033466,prometheus_oh,6.296825450513484,-2.5849429792101795
2025-05-16,49.62451225583339,49.203910208558014,48.38806888991246,49.24894742350946,3.740056495327435,32.03084047368088,prometheus_oh,-0.8608785335970026,0.42060204727537354
2025-05-19,45.95736388180046,34.628968357729306,52.784687957708904,34.728185689689006,2.5746410040222254,178.94371569458644,prometheus_oh,18.056502268019898,11.328395524071155
2025-05-24,36.80674317244955,22.790708806999906,35.56258838969932,20.775238219116705,4.244633523800737,132.9831659973603,prometheus_oh,14.787350170582616,14.016034365449645
2025-05-26,39.661402666266326,41.572344542806825,40.64316094520469,41.58696558475115,3.1727304199292687,240.8358895224535,prometheus_oh,-0.9438046395464568,-1.9109418765404982
2025-05-31,16.54516466055962,27.93286358176678,20.418165219008852,22.148898531267193,5.592149305642609,142.42600864204547,prometheus_oh,-1.7307333122583408,-11.38769892120716
2025-06-01,18.66389711876636,3.9468697229394345,12.320610526575424,12.50808842170653,2.9313173919017834,132.49448233170085,prometheus_oh,-0.18747789513110646,14.717027395826927
2025-06-02,33.538820562682716,50.475545391841955,46.6128463188924,50.21911373783368,2.5100276283086727,52.10391293480052,prometheus_oh,-3.606267418941279,-16.93672482915924
2025-06-03,34.990005168690274,43.64763441060085,38.279622604602864,36.025888980292564,3.626876133630299,2.192175751404534,prometheus_oh,2.2537336243103,-8.657629241910577
2025-06-04,25.179702110603632,30.06641809656016,24.602752233449532,33.56887754450894,4.832343474561941,31.532606797941128,prometheus_oh,-8.966125311059411,-4.886715985956528
2025-06-11,27.68206285609351,29.647226528213437,27.861564969398554,38.71964346738468,3.993462135588362,42.39780331704759,prometheus_oh,-10.858078497986124,-1.9651636721199282
2025-06-21,18.37421504702598,29.340893938148653,18.55323105955796,20.26956964779646,4.159147256303002,21.690768474967513,prometheus_oh,-1.7163385882385,-10.966678891122672
2025-06-22,19.996893772974815,22.71824469881142,20.218431015451134,22.872761248174147,3.4731295391660497,55.49111401028273,prometheus_oh,-2.6543302327230123,-2.7213509258366066
2025-06-23,13.85899757632025,18.057186468014645,19.036342697895858,26.19459559266815,2.091221538399835,64.55143909076367,prometheus_oh,-7.158252894772293,-4.198188891694395
2025-06-24,36.0444417019552,35.52273749091081,39.09980111545227,23.92091440439542,2.2141130409314016,59.93069776331089,prometheus_oh,15.178886711056855,0.5217042110443941
2025-06-27,26.056114423747538,25.34307102744829,36.30082520719514,28.66384095996997,3.027837969869958,28.921810387229698,prometheus_oh,7.636984247225168,0.7130433962992484
2025-07-03,33.03219629661193,24.69012006171842,27.108672508128915,27.367575719760453,2.6778414583969967,131.35987473645002,prometheus_oh,-0.2589032116315373,8.342076234893508
2025-07-05,36.42148204291931,45.62409577667751,36.20032248387863,43.60033307638576,2.5739862264374818,12.916975043811988,prometheus_oh,-7.40001059250713,-9.202613733758199
2025-07-06,27.786931096943057,40.24812754676206,30.001628156301905,35.92386121810281,3.4965652289757285,29.698330713455334,prometheus_oh,-5.9222330618009025,-12.461196449819006
2025-07-08,33.44765338790713,25.36207996249188,26.797660022515796,32.61568871098607,2.0008046670596356,135.2824427020148,prometheus_oh,-5.8180286884702745,8.085573425415252
2025-07-11,37.582580371119576,51.35472604722037,63.43581461878466,54.18581552075063,2.2761974684793933,59.81996641653518,prometheus_oh,9.249999098034031,-13.772145676100791
2025-07-19,33.54003809299726,33.01923776366138,37.942944416145444,32.242147087579006,2.4136955304244294,52.04317227708759,prometheus_oh,5.700797328566438,0.5208003293358772
2025-07-24,29.394024541702933,43.70875969566181,34.03421834196697,36.619696716861064,2.9967955417388494,56.95251003548691,prometheus_oh,-2.5854783748940946,-14.314735153958878
2025-07-25,34.59451744955139,36.10020819760303,47.6210809098822,35.28584437274191,2.779051822276646,81.10082280471897,prometheus_oh,12.33523653714029,-1.5056907480516415
2025-08-01,34.25258683795767,21.50982217871365,37.59435918233183,25.744103936618913,4.201722694446354,207.68841226612005,prometheus_oh,11.850255245712916,12.74276465924402
2025-08-03,23.777615878945966,25.89538083516426,26.984603048660883,26.145367100788174,2.4076915513364243,277.7774150065711,prometheus_oh,0.8392359478727087,-2.117764956218295
2025-08-08,24.848814213640612,20.109513616307964,25.253414461315145,17.944551334024236,2.2899753337665425,328.2538107034234,prometheus_oh,7.308863127290909,4.739300597332647
2025-08-19,29.643305475532866,28.617555774150357,25.27175852280304,28.230180062157576,2.9403843247666117,24.365511620503923,prometheus_oh,-2.9584215393545357,1.0257497013825088
2025-08-27,36.08144448712464,24.076187407366337,22.937987898707362,22.118898794254957,2.3016760362564246,128.6259361082283,prometheus_oh,0.8190891044524058,12.005257079758305
2025-08-30,8.454899779029082,11.927516027200275,11.184804739479993,11.46266887427667,2.400419164312661,197.4762507251076,prometheus_oh,-0.27786413479667615,-3.4726162481711924
2025-08-31,14.11986886532236,21.71631218992749,20.722627231984625,20.650250667042553,3.100331712319696,222.89917654542774,prometheus_oh,0.07237656494207201,-7.596443324605129
2025-09-01,16.71532522068462,55.14556078986767,7.4307401179117605,21.575975080924525,2.426167054649772,272.23341630696626,prometheus_oh,-14.145234963012765,-38.430235569183054
2025-09-14,26.408608184243725,19.546301489635635,28.254260674667577,30.829117600173124,2.084444607028578,244.72283085598428,prometheus_oh,-2.5748569255055465,6.86230669460809
2025-09-18,49.89612936432443,29.85073246545915,44.24910440827936,36.47102738397764,2.070651693801334,146.35130604571054,prometheus_oh,7.778077024301716,20.04539689886528
2025-09-25,34.0047477223902,19.25385107206125,24.22978295194436,18.256588729757084,2.5472648915370293,114.25862538156326,prometheus_oh,5.973194222187278,14.75089665032895
2025-09-30,43.82752314375692,35.476483749012246,50.307433126645016,43.583201841141815,2.555351053905153,203.8562076473138,prometheus_oh,6.724231285503201,8.351039394744674
2025-10-01,34.88541736586538,29.684956533982913,44.06247325577213,31.427586148415507,2.9126370403548014,222.89170039188147,prometheus_oh,12.634887107356626,5.2004608318824666
2025-10-05,32.23206939831694,38.89143684935233,25.19273549381959,26.566066089138097,2.1400888368499205,10.891397979937778,prometheus_oh,-1.3733305953185067,-6.6593674510353935
2025-10-08,29.972676045167997,29.408131821199415,19.70099104086047,29.026033699124806,3.899379082641556,172.64491642451503,prometheus_oh,-9.325042658264337,0.5645442239685821
2025-10-09,18.45638729731834,27.59960858690944,34.51531708437098,16.20679773523846,2.4390374919720386,245.63254817604786,prometheus_oh,18.308519349132517,-9.1432212895911
2025-10-10,28.69261136848823,51.32477695650931,44.17498278424247,42.650108139967614,2.9405261505284392,3.32183498208866,prometheus_oh,1.5248746442748526,-22.63216558802108
2025-10-12,34.08307408622063,30.678947998521554,36.9984240389358,27.03958641945415,2.7519465602745017,263.0228295693574,prometheus_oh,9.958837619481653,3.4041260876990727
2025-10-13,32.59611997655042,34.02485301551571,41.77673423777767,32.14984032669465,3.4470252574052074,187.5693521503686,prometheus_oh,9.626893911083016,-1.4287330389652908
2025-10-14,28.679808820464654,21.57647966078233,37.10505896983926,25.92810543454405,3.044528078207227,188.5263212891234,prometheus_oh,11.176953535295212,7.103329159682325
2025-10-16,37.1158766194446,26.275266045334646,22.696032628081607,28.495763358453832,2.0947914529346945,190.4844788030829,prometheus_oh,-5.799730730372225,10.840610574109952
2025-10-17,35.8889117237086,54.78984408269285,40.75168380416676,37.22387818076979,2.3507380005721297,358.08653657400583,prometheus_oh,3.527805623396972,-18.90093235898425
2025-10-18,14.381583152394715,15.320215954629994,8.703546728816475,17.402124379502364,4.433413157862871,10.266298603443374,prometheus_oh,-8.69857765068589,-0.9386328022352792
2025-10-20,61.13048682513461,43.63271804068648,37.142711553501854,69.63141664938439,3.105844681418365,68.01743884259469,prometheus_oh,-32.48870509588254,17.497768784448134
2025-10-21,56.15186890818069,43.280994031261876,38.872955133460984,50.776289186766064,4.042769246298013,60.04381263355651,prometheus_oh,-11.90333405330508,12.870874876918812
2025-11-04,74.45946457481287,166.08230056398745,126.35858469290108,111.6895923074793,2.8682413396520965,58.94478968309443,prometheus_oh,14.668992385421774,-91.62283598917458
2025-11-05,30.238758680851276,50.23277903014256,49.9541319205011,42.53047169329234,6.852430952817031,81.2694863796649,prometheus_oh,7.423660227208757,-19.994020349291283
2025-11-12,88.50593366897091,68.27834888750101,92.3598974523097,65.60822305091,6.389674313493934,95.16785459814241,prometheus_oh,26.751674401399697,20.2275847814699
2025-11-13,74.96375423199366,55.67899054458368,63.27501743803955,68.95959282906887,3.7928010129397487,99.7510192954341,prometheus_oh,-5.68457539102932,19.284763687409985
2025-11-16,42.60101858644318,29.781683915288895,39.751133924581765,35.140380001689834,6.068720323879159,119.1745261706215,prometheus_oh,4.610753922891931,12.819334671154287
2025-11-17,58.14634725460665,36.73018342800258,48.19739902742867,39.31035317887799,3.2322269274666855,110.95825966499251,prometheus_oh,8.887045848550684,21.41616382660407
2025-11-22,58.1157018276456,32.26679538586591,42.47368335065759,38.72371034313027,2.3215192911122564,146.12996885409694,prometheus_oh,3.7499730075273163,25.84890644177969
2025-11-23,58.12316345817373,34.01259583818278,57.48659091090762,51.45551032118761,3.7434289633472546,105.37879867293168,prometheus_oh,6.031080589720013,24.110567619990945
2025-11-24,76.32763397063883,100.99360191104529,108.98861223000077,72.91724459083449,2.1609268252486364,330.9109209186245,prometheus_oh,36.07136763916628,-24.66596794040646
2025-12-04,34.90455468345959,36.82937333644137,34.498953640825704,29.07070495498654,2.638400076141582,171.7909592672836,prometheus_oh,5.428248685839165,-1.9248186529817843
2025-12-09,28.69947260744493,40.03421452035941,43.839474363562545,22.63001440032346,5.315295681254663,21.972742507840792,prometheus_oh,21.209459963239084,-11.334741912914485
2025-12-14,53.68212958968138,29.669689356546115,39.685456257104896,38.13998673483099,4.693104845648791,119.74721500830486,prometheus_oh,1.5454695222739048,24.012440233135266
2025-12-21,36.66997763700988,18.423877433065876,26.77014412935694,24.24701720492768,2.8388142517929893,140.8512845269213,prometheus_oh,2.52312692442926,18.246100203944003
2025-12-25,35.96225761887723,47.1270788984926,78.67307967398031,37.72683493547217,3.355458814050734,205.56499896602767,prometheus_oh,40.94624473850814,-11.164821279615367
2026-01-08,61.78177911430272,68.1063483392048,55.329830999096224,39.72886597947538,3.298804308050186,326.2675203204384,prometheus_oh,15.600965019620844,-6.324569224902078
2026-01-09,59.19757474419676,76.98285191937599,75.02569991033826,67.38915979067838,6.502141598336711,93.7283241492247,prometheus_oh,7.636540119659884,-17.785277175179232
2026-01-13,22.49067924393151,49.81069507343096,45.2010111964402,18.474933469146425,5.9444191499466985,31.10666923698028,prometheus_oh,26.726077727293774,-27.320015829499454
2026-01-18,37.030057007356405,39.5509821361109,39.753348218268656,36.99585666491642,2.991669770154396,64.16721133799626,prometheus_oh,2.7574915533522386,-2.5209251287544987
2026-01-20,84.80959508889437,48.01977516969447,67.49110203497064,65.08636920400815,3.6989454495552927,70.16252677365117,prometheus_oh,2.4047328309624874,36.7898199191999
2026-01-22,27.1142804224985,31.38120088148943,29.62742736460017,36.415821442341105,4.336709170960122,81.93485594039169,prometheus_oh,-6.788394077740936,-4.266920458990931
2026-01-23,84.03400327951292,98.94114259598848,94.34668158120863,84.63115696239359,4.9610399328098325,138.48975871753566,prometheus_oh,9.715524618815039,-14.907139316475565
2026-01-28,116.35175486896105,52.1016529736453,83.44576608481665,78.45608237681785,4.29885225480032,77.54050087167167,prometheus_oh,4.9896837079988074,64.25010189531575
2026-01-30,28.973454733651717,23.80828361886382,29.062886897862295,23.83359840637516,2.479235966475885,199.3993120082136,prometheus_oh,5.229288491487136,5.165171114787899
2026-02-01,61.41520526902489,22.75407222185958,37.86861732056249,36.505633952307704,2.5891692432416082,110.49837142740637,prometheus_oh,1.3629833682547883,38.66113304716531
2026-02-04,35.98427886417671,36.13786373109352,39.728708543392706,26.247491153364003,2.368254194658246,199.6097714213026,prometheus_oh,13.481217390028704,-0.15358486691680895
2026-02-07,27.977824543079294,20.518983414696734,21.64423304040224,22.448664542784478,4.802653574713272,143.57537570485863,prometheus_oh,-0.8044315023822364,7.458841128382559
2026-02-10,38.49656463786747,68.45139838162952,54.4515212120631,65.79152654374616,3.422079652332763,41.64807246672035,prometheus_oh,-11.34000533168306,-29.954833743762045
2026-02-11,39.32852997685901,24.702404449869007,30.176283608709632,30.29760505801049,5.061056241546123,121.59850539151591,prometheus_oh,-0.12132144930085786,14.626125526990002
2026-02-13,32.41073591209647,87.54587835437462,45.833634007071694,81.53037520177999,2.116206561711386,54.21830565216072,prometheus_oh,-35.696741194708295,-55.13514244227815
2026-02-16,34.50344658185446,31.79591304757093,59.015881320335446,27.78681567111225,3.3421084554861564,26.22877045844831,prometheus_oh,31.229065649223195,2.707533534283531
2026-02-20,45.743372043074814,30.221588128343956,31.12383956361994,36.0478009327059,8.108697361982568,71.56631269473678,prometheus_oh,-4.9239613690859585,15.521783914730857
2026-02-21,44.537008468418385,29.6757902257502,34.19044354416755,28.688868140469218,2.2645146994012313,109.6317885393409,prometheus_oh,5.501575403698332,14.861218242668183
2026-02-24,48.68897165847249,85.2244318886437,65.48723325460497,60.222641201263535,4.7447101704216195,19.64287099492816,prometheus_oh,5.264592053341438,-36.5354602301712
2026-02-25,71.00184947661445,41.76704890783881,55.945548129317245,45.143679895659446,6.16056200147868,79.95849165192669,prometheus_oh,10.8018682336578,29.23480056877564
2026-02-27,47.867452823041816,77.1837743524431,66.97114197581865,60.71759739086265,3.7417508528482184,35.67321324953241,prometheus_oh,6.253544584956003,-29.31632152940128
2026-03-01,33.697928289460584,29.268724925245188,33.106996176204696,21.025836296792065,3.799289744288733,195.70540851114617,prometheus_oh,12.081159879412631,4.429203364215397
2026-03-06,30.93259357300811,40.491663543305684,34.61388417762311,31.005200891914903,3.9386198961158954,15.870405159497238,prometheus_oh,3.60868328570821,-9.559069970297575
2026-03-08,32.1005232542098,29.052361081227108,32.3537225431601,33.12392906525011,3.384501759337764,72.13657718495858,prometheus_oh,-0.7702065220900067,3.048162172982689
2026-03-09,28.825319592675445,39.22570872353382,34.37158474462634,24.48494679286657,5.075473886074474,26.086704481092,prometheus_oh,9.88663795175977,-10.400389130858375
2026-03-13,58.53351680546324,41.546069620710966,56.85793053088848,45.2401923260888,11.48684050506036,69.21913830897228,prometheus_oh,11.617738204799679,16.987447184752277
2026-03-15,15.140079242190989,7.3176596019191695,18.17015658161412,16.25543191654712,7.373079356400677,359.6998848464046,prometheus_oh,1.9147246650669985,7.82241964027182
2026-03-19,57.57783929336967,99.9019421360683,95.34356715771136,82.61286616423553,2.4322926457663576,39.22403184290607,prometheus_oh,12.730700993475836,-42.32410284269863
2026-03-22,33.55047714121556,25.550344384876492,23.027188581667847,23.237876620127857,5.1786258535453955,68.29709819946106,prometheus_oh,-0.2106880384600096,8.000132756339067
2026-03-26,23.768483092884626,30.80377826396561,29.16796192544094,26.819642822775133,6.677668291553376,42.27763008166761,prometheus_oh,2.3483191026658083,-7.0352951710809855
2026-03-29,58.236617007994056,56.99943343778874,58.69539418215304,51.25690935633113,4.312970050739823,35.43280581686628,prometheus_oh,7.438484825821909,1.2371835702053176
2026-04-03,17.980437633629784,17.986199793161212,17.04366809114107,15.003034058425174,4.852132345253438,45.71453582552999,prometheus_oh,2.0406340327158947,-0.005762159531428779
2026-04-07,25.333749464079236,2.8979170330532535,27.439118399150185,20.823454668232802,2.7742687674120248,192.40903741392216,prometheus_oh,6.615663730917383,22.435832431025982
2026-04-08,25.71425584496529,54.97390830925827,40.30776758425548,32.47876270374316,2.9250506873356126,340.83384886614095,prometheus_oh,7.829004880512322,-29.25965246429298
2026-04-09,34.072767910408615,49.89912802202192,41.771063924695795,44.63083106082594,5.1628360059734275,57.44792072204075,prometheus_oh,-2.859767136130145,-15.826360111613305
2026-04-20,24.67661899872834,16.563215261175042,19.681496340572146,19.132318186323396,2.975179033829092,144.59279520153768,prometheus_oh,0.5491781542487502,8.113403737553298
2026-04-21,35.93068129167767,38.06212376284726,41.68178250563668,34.126896050669814,5.970767752003342,38.041359142290844,prometheus_oh,7.554886454966869,-2.131442471169585
2026-04-22,40.51787194053154,39.871991361167815,39.91383988256818,44.233860100156676,3.7867366959202498,63.64046958639665,prometheus_oh,-4.3200202175884925,0.6458805793637268
2026-04-23,31.009601791493516,28.582296990155275,30.511355873744858,47.01912293567481,2.804123856154393,56.799962578337045,prometheus_oh,-16.50776706192995,2.4273048013382414
2026-04-24,40.692691165282106,49.844003916948225,54.67634076505223,50.80308012091289,3.7022238431464953,42.736589323153,prometheus_oh,3.873260644139343,-9.151312751666119
2026-04-30,24.994153793303767,13.091425247708685,8.734011630051825,40.23064080909893,4.601214635004459,125.03985452751158,prometheus_oh,-31.496629179047105,11.902728545595082
2026-05-03,44.550056451015436,35.49639724089515,34.44702608783676,37.60827373151866,5.1818475449700205,57.67779233832971,prometheus_oh,-3.1612476436818966,9.053659210120287
2026-05-04,22.215163514382848,29.686765971818183,23.25393049535869,31.03638484613509,6.0582166714016825,42.6105016352783,prometheus_oh,-7.782454350776398,-7.471602457435335
2026-05-07,31.146271670684467,20.04869973541148,26.205750637853143,25.39120948303324,5.2214811019876235,119.395905949363,prometheus_oh,0.8145411548199029,11.097571935272988
2026-05-09,20.05682304325811,21.127832371198217,24.339345947197508,29.822519072009335,4.591520034398588,51.44253008188292,prometheus_oh,-5.483173124811827,-1.0710093279401072
2026-05-10,32.63914960857406,26.386300686604542,29.656724833998403,26.348173385488995,2.9306949429059306,149.60791754754564,prometheus_oh,3.3085514485094087,6.252848921969516
2026-05-17,45.80205711737277,46.05337781706952,42.80613476495957,41.19524072063427,4.4156660900410785,18.596538652686775,prometheus_oh,1.6108940443253061,-0.2513206996967483
2026-05-19,17.295972513589035,14.33612706223984,17.02588346628411,14.34675778545032,5.516953530331708,40.34485236362309,prometheus_oh,2.67912568083379,2.959845451349196
2026-05-28,35.67899433174248,37.29811059439248,48.4392077782781,35.29741924241918,4.182141747949034,180.6746102773191,prometheus_oh,13.141788535858922,-1.619116262650003
2026-05-30,23.716864347841423,24.707876589271564,27.331867069759415,25.654451114817,3.651092353578279,227.22523756585244,prometheus_oh,1.6774159549424148,-0.9910122414301412
2026-06-02,32.57784692236167,31.611388219850493,31.255848294030606,25.585908362669382,4.045207567939455,228.79712879225042,prometheus_oh,5.669939931361224,0.9664587025111793
2026-06-05,27.001622234673373,37.19377376880573,33.995179253757264,30.2340597841879,4.612071590345744,33.55305830059592,prometheus_oh,3.7611194695693655,-10.192151534132353
2026-06-11,62.89000352411129,41.382722362438344,48.047541425478094,60.72059232377539,4.663715763791894,75.44255054927834,prometheus_oh,-12.673050898297298,21.50728116167295
2026-06-13,30.064585576355224,32.08921774009424,29.546051372000584,38.3474217599996,3.073980722861732,44.66485375424361,prometheus_oh,-8.801370387999015,-2.0246321637390174
2026-06-16,25.64612255845569,35.90897493744149,35.908975708344606,40.349441713435304,4.294127497844346,36.987191530087216,prometheus_oh,-4.440466005090698,-10.262852378985801
2026-06-18,27.58327308752697,39.40355157099756,36.76848508506686,29.986616800026177,6.685432810365636,85.77703062055014,prometheus_oh,6.78186828504068,-11.820278483470588
2026-06-19,29.828845113905324,20.70380151822675,16.03356427520785,20.95161012900553,5.003954730919284,112.01604329058989,prometheus_oh,-4.918045853797679,9.125043595678573
2026-06-23,15.322415092858211,17.242770419033757,5.933842008521536,20.084899911594366,4.364145001255994,162.20052353522635,prometheus_oh,-14.15105790307283,-1.920355326175546
2026-06-30,24.606147140996534,22.752131942657673,24.778557566062958,26.084841912903325,4.212045534830581,46.04035199686513,prometheus_oh,-1.3062843468403678,1.8540151983388604
2026-07-01,53.5922269306112,53.45469587585119,45.67263893338493,59.27851357102744,2.7190777002570328,41.513215219425774,prometheus_oh,-13.605874637642508,0.1375310547600037
2026-07-02,26.020888206430506,29.834942657189337,26.22876807589364,34.710967281351316,2.0671479674214,65.47265366397795,prometheus_oh,-8.482199205457675,-3.8140544507588316
2026-07-03,20.470424284172843,22.87540291400163,22.06630916664324,29.340427314939518,2.6825624144703513,73.2753711659185,prometheus_oh,-7.274118148296278,-2.4049786298287863
2026-07-04,15.413123793970628,8.671158798786902,14.382366008984626,27.467614235545362,3.083481033936661,59.62639440519325,prometheus_oh,-13.085248226560736,6.741964995183727
2026-07-05,23.984194990833014,24.27150943527211,28.05150038176922,30.602239495228325,2.7406084740331385,71.56797663397452,prometheus_oh,-2.5507391134591053,-0.28731444443909737
2026-07-09,37.35335618515803,30.100115052813756,31.418376021682597,37.746468058431816,3.3392924678960245,89.32091126521442,prometheus_oh,-6.328092036749219,7.253241132344272
2026-07-12,15.771585323057687,21.343000639828677,23.248996738726653,13.705130171427983,2.400549071540938,228.62216464038448,prometheus_oh,9.54386656729867,-5.57141531677099
2026-07-15,22.4429551443178,16.88307503253918,14.016345143303514,17.924974242492677,2.3392415551679067,82.32873316243143,prometheus_oh,-3.908629099189163,5.559880111778622
2026-07-19,20.187468383148527,17.870410838096188,20.233929349257924,13.21138142553028,2.485843800635908,181.49910434582682,prometheus_oh,7.022547923727643,2.3170575450523394
2026-07-28,21.346006413400126,12.450289602154207,20.04089269508369,13.36257068374384,4.540558226250372,165.5539066877975,prometheus_oh,6.678322011339851,8.895716811245919
2026-07-29,0.7201524722700572,9.127905368740214,8.327703109073404,11.010476393367782,4.267642498758394,174.21129452782543,prometheus_oh,-2.6827732842943774,-8.407752896470157
2026-08-03,28.510314916939112,21.590062676039523,27.502541485356787,29.403969145305098,2.602590647773533,182.35765325629703,prometheus_oh,-1.901427659948311,6.92025224089959
2026-08-08,21.403745592318074,21.32236157229807,28.28063658455066,25.36842262192194,3.985567482871489,58.94998661290276,prometheus_oh,2.9122139626287193,0.08138402002000333
2026-08-09,22.99615976031052,27.862874222550822,24.20747490738392,27.97954034432983,2.1109439763914994,68.43275676356575,prometheus_oh,-3.772065436945912,-4.866714462240303
2026-08-18,39.56010775967052,40.889443719196464,39.30240976559012,38.20398018112105,2.0840575833285593,123.0621795228626,prometheus_oh,1.0984295844690735,-1.3293359595259417
2026-08-22,14.098314254466016,9.98615854907128,13.249857999908528,16.26965382731244,3.5220169614188035,75.32389862660602,prometheus_oh,-3.019795827403911,4.112155705394736
2026-08-23,-4.316931089824614,5.211168089641318,-1.369855678132654,-3.4744983565946153,4.287286412210464,110.68857907596578,prometheus_oh,2.1046426784619614,-9.528099179465933
2026-08-26,27.719480846442632,37.84276017739915,28.5918977794829,32.38640888502562,2.7128648039755,35.04059816062954,prometheus_oh,-3.7945111055427176,-10.123279330956517
2026-08-28,23.12962752123965,21.436411321882098,21.45220266377343,14.75524541086363,3.019125890782616,204.93919437647335,prometheus_oh,6.696957252909801,1.693216199357554
2026-08-31,14.166012117829075,24.055739368866742,23.99646309241497,58.28976353480806,2.8073733968511236,82.8018539283812,prometheus_oh,-34.29330044239309,-9.889727251037668
2023-01-19,29.54752051141517,27.214779897906443,25.1544805790376,29.293582304982316,5.005871377961158,47.320967295454295,control_1,-4.139101725944716,2.332740613508726
2023-02-02,88.34184869584308,113.050672659027,116.35472795008782,134.4725095690724,4.23834872823526,48.119534728750125,control_1,-18.11778161898458,-24.708823963183917
2023-02-03,8.182667296911434,22.085996138508484,21.404166883906793,17.990191218071512,4.581582530646027,136.70625405195386,control_1,3.413975665835281,-13.90332884159705
2023-02-04,38.72279731115801,40.132148470947385,41.179858900287286,34.46293738665996,4.677269937370307,19.485987247862568,control_1,6.716921513627327,-1.4093511597893738
2023-02-13,66.9413675149031,42.718851006099285,60.69815933459976,50.68088151614244,4.954021236882369,90.73530606021961,control_1,10.017277818457316,24.22251650880382
2023-02-14,51.86415643346115,74.40523029796962,52.88130517391796,64.41436412004961,3.3520130297822988,340.9750358946057,control_1,-11.533058946131653,-22.541073864508476
2023-02-15,47.04112722992199,40.08261600691813,31.170695592771217,42.26334213119349,6.529447127986749,53.82029728479432,control_1,-11.092646538422272,6.95851122300386
2023-02-18,21.51937103529987,32.312597442767505,27.879448607919947,25.06689254641259,4.583139240178122,34.675259155768856,control_1,2.812556061507358,-10.793226407467635
2023-02-19,14.194943458161946,20.426096359388616,21.512920500035165,24.269389583505447,5.968455167511331,43.33323076020753,control_1,-2.7564690834702823,-6.23115290122667
2023-02-21,15.338381470771802,11.531027833714827,20.11641799654509,14.19645643361735,5.434516625724196,98.87585357938701,control_1,5.919961562927739,3.807353637056975
2023-02-23,37.094648307079524,46.39246764374101,38.1814010602872,36.44785505987062,6.792312922440406,60.86247777196189,control_1,1.733546000416581,-9.297819336661483
2023-02-24,46.331065410953336,50.368835018515085,45.80568819964427,45.53105241281532,2.5668108463705352,159.2836191517316,control_1,0.2746357868289522,-4.037769607561749
2023-02-25,45.54261488917755,40.41511953793301,35.11420424443634,57.333517379876355,2.3957058241223597,90.80531232800274,control_1,-22.219313135440018,5.127495351244541
2023-02-26,34.39087255797106,33.82322545025966,24.44128809790344,32.79084260940683,3.348163772412005,87.0475433518506,control_1,-8.349554511503392,0.5676471077113945
2023-03-01,60.41919443340937,59.54076541134198,64.06042010498697,70.16598446309199,3.557079532008257,33.134088824699916,control_1,-6.105564358105013,0.8784290220673938
2023-03-02,36.858946858558475,32.950193632216276,31.85114219450586,47.35856387297929,3.3429740479074317,135.61220455268386,control_1,-15.507421678473428,3.908753226342199
2023-03-04,21.132641684951672,21.552475050683302,12.59582733508861,18.093058651380915,2.599136924741245,91.12847954677574,control_1,-5.497231316292305,-0.41983336573163044
2023-03-06,42.84399964594455,39.516657185392276,33.565475890441135,51.15148662897399,3.4066052422172426,19.95213047844078,control_1,-17.586010738532856,3.3273424605522735
2023-03-07,36.59448717228771,33.44780956941718,35.749233995422955,29.600995551663747,5.088958655638707,180.89835960563747,control_1,6.148238443759208,3.1466776028705254
2023-03-08,29.046322031560763,24.92990809166655,27.18973718765964,27.397208661281816,3.189457573645953,185.9519096502242,control_1,-0.20747147362217433,4.116413939894212
2023-03-09,32.242377596521685,35.34318203973488,32.41336848852395,32.23899486435606,2.472863087945686,237.81932479029388,control_1,0.1743736241678917,-3.1008044432131925
2023-03-18,7.231720659239058,13.943298595545157,9.697902071476404,13.943298309033322,5.929166923656975,88.16445931294999,control_1,-4.245396237556918,-6.711577936306099
2023-03-19,20.628197938985952,-0.21793426793065374,-7.182673520227153,-0.4383636373668155,3.8473358835192926,93.36028909800052,control_1,-6.744309882860338,20.846132206916607
2023-03-20,33.189814811535136,66.68159468887458,58.872523545840444,49.558646588927196,4.352870900328284,37.96544814394031,control_1,9.313876956913248,-33.49177987733945
2023-03-21,33.9606207427132,49.42544554775041,38.36038819651598,22.69469925945596,3.0787366731919974,12.645296065575906,control_1,15.665688937060018,-15.464824805037203
2023-03-28,1.8893737368151549,-8.315232819528207,-6.681691412490248,4.357451419278634,2.900643414062449,171.4536938213064,control_1,-11.039142831768881,10.204606556343363
2023-04-04,30.138476038379423,33.01404860261541,33.03675620967363,37.90724098260538,3.66885419529384,6.115134409296104,control_1,-4.8704847729317535,-2.8755725642359877
2023-04-09,16.860961236997536,14.253693770135758,7.209739073551852,19.21901054485428,2.295632886213716,221.5142743100534,control_1,-12.00927147130243,2.607267466861778
2023-04-11,44.170191457971654,33.77864609779828,34.277634874298634,39.625836403183385,3.343858426759065,80.05158030941169,control_1,-5.348201528884751,10.391545360173374
2023-04-12,42.06264272114699,35.71211666436607,25.398246264563312,40.23623008418098,4.241507604344505,65.79655872069827,control_1,-14.83798381961767,6.350526056780922
2023-04-13,35.35854929473683,59.07974544079989,34.772158625968096,43.95383614378788,2.4674504414830043,35.65197659405811,control_1,-9.181677517819786,-23.721196146063058
2023-04-14,43.196740701884515,53.55382440648905,48.54872444735888,42.95264636008895,2.455614807649993,25.897615947319196,control_1,5.59607808726993,-10.357083704604534
2023-04-15,32.35229844174944,29.252451637444082,22.40922099311137,31.154061105764946,2.4224968045642123,63.589960396575975,control_1,-8.744840112653577,3.0998468043053578
2023-04-18,20.45440015249788,15.203476429399478,17.507533203734717,19.745956980862797,5.380529445046881,93.58850727735324,control_1,-2.23842377712808,5.250923723098401
2023-04-19,26.231617346790618,31.094425165497398,33.204416595978806,32.87303738152622,2.144332242110667,358.7427274522058,control_1,0.3313792144525891,-4.862807818706781
2023-04-20,28.231246682291356,35.870447705984944,30.58113405667996,34.83911674458654,4.925371839026649,32.393675316412214,control_1,-4.25798268790658,-7.6392010236935874
2023-05-09,21.859045241767838,16.29853733755657,12.908894809091825,24.24402800887075,3.840026004645273,178.26305629167928,control_1,-11.335133199778925,5.560507904211267
2023-05-14,17.118440458099723,20.508644342297877,19.693038442462406,22.360995436882998,3.2460599559360817,193.2160608732805,control_1,-2.6679569944205923,-3.3902038841981543
2023-05-17,2.8004835548175135,6.487319806259048,1.2809304508152544,1.1268861453574501,3.3719758341809016,198.29839517815242,control_1,0.15404430545780423,-3.6868362514415347
2023-05-19,19.96937752123975,30.628751740446504,27.214231320503888,24.34913550567729,3.863132416809947,41.987169390812255,control_1,2.8650958148265993,-10.659374219206754
2023-05-20,18.26169808962203,19.0263025159065,16.25126691308461,17.111136371803962,4.47499282609294,122.35556118136697,control_1,-0.859869458719352,-0.7646044262844711
2023-05-21,19.71697012638203,21.479682434562914,18.0748044224822,25.602782124801315,2.642858398754326,136.6787977671114,control_1,-7.527977702319117,-1.762712308180884
2023-05-23,28.392543261063736,26.959864226059498,28.312801912624245,26.01666493249027,2.5089711085379065,337.1196102287953,control_1,2.2961369801339764,1.432679035004238
2023-05-24,41.955550164633976,31.03415293616486,39.843769250319596,25.927067302411754,3.7072932013764297,179.12753988476993,control_1,13.916701947907843,10.921397228469118
2023-05-25,17.96202184601008,24.99087411497508,23.490284059689355,15.323655693584168,3.7341646558311505,217.33361222865292,control_1,8.166628366105186,-7.028852268965
2023-05-26,32.97930645314472,22.58392399786886,22.353940771462366,31.113102590982745,2.9247509527325275,238.6429925503078,control_1,-8.75916181952038,10.395382455275861
2023-05-30,34.22447061439125,35.630530802507295,39.85150480266789,30.641222596185102,2.6407050450904364,300.5780790643475,control_1,9.210282206482788,-1.4060601881160437
2023-06-01,35.472693164271604,32.71057481225756,37.63879002991668,34.220987738262615,2.7111641220950644,263.70193566323866,control_1,3.4178022916540627,2.762118352014042
2023-06-02,27.935843937135914,28.11880652822008,27.008400322332943,32.67041921382188,3.2304948713836557,216.33704260360477,control_1,-5.6620188914889376,-0.18296259108416635
2023-06-04,28.693672955134556,22.198714933683803,17.92434625240825,31.941427922389902,3.2706997753750175,222.54704006333958,control_1,-14.017081669981653,6.494958021450753
2023-06-07,18.15735819132572,18.96051819903351,17.30377630826339,20.19663397641442,3.590105345035694,169.00080841122485,control_1,-2.8928576681510307,-0.8031600077077883
2023-06-10,27.709242539425162,36.278173658984834,27.630463950479577,34.583415534482484,2.695307741655507,87.2515722760765,control_1,-6.952951584002907,-8.568931119559672
2023-06-14,24.737236895689247,29.801411100231633,20.69141786069234,33.84627426804164,3.830751729322768,124.42706142543216,control_1,-13.1548564073493,-5.064174204542386
2023-06-17,18.937010020594606,14.951982280373386,21.17004794408868,27.29368349123767,2.813178644101059,138.3036816733956,control_1,-6.123635547148989,3.98502774022122
2023-06-21,29.298957674071282,22.70404710798197,23.979192612523946,25.21334204839834,4.589682142736525,267.6202572153196,control_1,-1.234149435874393,6.594910566089311
2023-06-29,20.47351271528426,33.634686744967546,44.904453006766246,28.95840206348268,2.451260894448517,13.755336257470844,control_1,15.946050943283566,-13.161174029683284
2023-07-07,9.21385569207773,9.468630251956357,8.205674537227717,7.2454592032519765,2.3295941268351417,181.23178375138082,control_1,0.9602153339757402,-0.2547745598786264
2023-07-08,52.46700289530232,55.67338301072133,62.72267416230443,60.18933666680842,2.0729957279153717,37.583878949742086,control_1,2.5333374954960064,-3.206380115419009
2023-07-10,21.73963938071922,31.194065428455996,27.506459118188587,22.435349273096975,2.0116037504012985,112.319664694513,control_1,5.0711098450916126,-9.454426047736778
2023-07-11,25.76863264868699,26.65599975660098,22.44622971835454,25.58775892582823,3.6855134081350758,67.19166628423767,control_1,-3.1415292074736882,-0.8873671079139918
2023-07-12,49.2539874604463,49.224116104061835,42.186763489653906,49.22411603864805,3.472419729977415,43.926766724813604,control_1,-7.037352548994143,0.029871356384461478
2023-07-13,31.443172269556996,33.765568253852784,26.573376473064194,28.850573836036798,2.0904080190243244,113.81006255728289,control_1,-2.277197362972604,-2.322395984295788
2023-07-20,22.72263701843784,16.337830311278147,21.13441357828378,26.997758768901836,3.8380714730081604,35.6964373009493,control_1,-5.863345190618055,6.384806707159694
2023-07-26,31.412504098155157,27.196250189648485,24.83104590379647,26.00082036225225,3.070424549074225,9.46191407885658,control_1,-1.1697744584557803,4.216253908506673
2023-07-31,14.971573683577983,18.992059519247587,18.872118703234392,27.012552089398408,2.373591233883717,177.046160602486,control_1,-8.140433386164016,-4.020485835669604
2023-08-04,18.39763119296824,26.563576206144614,17.808937898444086,25.328908923419995,2.5682029545607907,128.09301266880107,control_1,-7.519971024975909,-8.165945013176373
2023-08-08,8.136373447353035,8.938372497546954,10.210934605121809,7.76602810675906,3.2670967197367236,105.69682435353684,control_1,2.444906498362749,-0.8019990501939187
2023-08-10,9.76049789753121,23.82556171666919,10.461935698293997,10.896524191472299,3.7058445206015596,115.2826702088829,control_1,-0.4345884931783015,-14.065063819137979
2023-08-12,18.55392008287784,13.760797009233537,4.616662343043987,13.78219238585303,3.4619597306703445,52.10297696833629,control_1,-9.165530042809042,4.7931230736443045
2023-08-13,31.4563438876634,31.346978376834823,34.07661556512601,30.161575816392848,3.5405313932466425,80.2634163913288,control_1,3.9150397487331645,0.10936551082857804
2023-08-20,22.159295475827772,22.35454213193831,24.18085958805225,22.528656336846414,2.0442019726817366,37.09353206369826,control_1,1.6522032512058367,-0.1952466561105375
2023-08-22,27.423789185338183,22.002307736739017,18.59759908784423,25.04941813046784,2.2666583863675904,197.91089305918865,control_1,-6.451819042623608,5.421481448599167
2023-08-24,40.43211890818071,49.82367769486403,44.77812997266786,45.27757405949568,4.264713469532136,69.41638038855513,control_1,-0.4994440868278147,-9.39155878668332
2023-08-27,18.574010361436365,12.85678547167441,19.06778006626012,16.545455125830753,2.440144106630889,216.08816969898302,control_1,2.5223249404293675,5.717224889761955
2023-08-28,30.217425845056514,32.92392297403537,29.890810238121766,30.99092673756883,2.3733028001992293,185.14851283169395,control_1,-1.100116499447065,-2.7064971289788566
2023-08-31,16.092062578925816,20.254188543038616,19.19016784447738,18.256265115497644,2.923066420256305,213.63428159321475,control_1,0.933902728979735,-4.1621259641128
2023-09-02,24.674400771723715,24.255830872348117,19.912230737204602,23.46215384662201,2.549241386358958,68.80131034826871,control_1,-3.5499231094174064,0.41856989937559774
2023-09-03,15.128873642627251,24.251474816057396,18.91879957208352,19.188846777181364,3.235729889048831,79.38368085842552,control_1,-0.2700472050978462,-9.122601173430144
2023-09-04,23.065151837440304,22.76303370478,25.652264596528322,26.256011819957564,2.511618178184061,61.894956594079076,control_1,-0.6037472234292416,0.3021181326603042
2023-09-05,26.9438718806051,27.43766597598421,23.77595857626921,27.84384838214304,2.0483185137296274,34.41894478872274,control_1,-4.067889805873829,-0.49379409537910846
2023-09-06,25.943703430011006,24.218178657594567,26.499700799835807,16.751476279273035,3.3395724102355246,33.6334792187717,control_1,9.748224520562772,1.7255247724164384
2023-09-13,26.084573210473085,13.329255278569372,18.67319753985765,21.551900518377156,2.235606195210249,164.1317144696925,control_1,-2.878702978519506,12.755317931903713
2023-09-21,35.32932972082415,24.49014414098155,33.581630328683545,27.148665899351553,2.5834971276780294,278.15494038076645,control_1,6.432964429331992,10.8391855798426
2023-09-22,18.166117893480383,21.62082663155798,12.791153447077795,14.736946113159794,3.1848668625670618,249.46206720339433,control_1,-1.9457926660819993,-3.4547087380775956
2023-09-23,37.011960179478365,46.00276375689279,30.935298343512834,41.71929619717099,3.520259190755352,228.18134487270572,control_1,-10.783997853658157,-8.990803577414425
2023-10-04,29.12239389393086,25.32391520769097,25.417323391531127,30.078610866293996,2.001431208780089,3.763065611565935,control_1,-4.661287474762869,3.798478686239889
2023-10-06,16.21567154697786,34.24309605405245,20.040394400910497,34.773309082770126,3.4296988148099943,77.4067341404484,control_1,-14.73291468185963,-18.027424507074592
2023-10-10,49.498017247821494,34.448660087562075,39.807453139826734,38.48440982831585,3.7957629163917477,70.3294817742651,control_1,1.3230433115108866,15.049357160259419
2023-10-11,103.0999922780594,44.378035117572075,85.1999955597359,73.20122299462008,3.4514470230640244,60.113279947356716,control_1,11.998772565115814,58.72195716048733
2023-10-13,28.151338320211092,29.810965609835918,24.879014325420474,21.904132103831262,2.9784096511080818,275.4428158302257,control_1,2.974882221589212,-1.6596272896248259
2023-10-18,41.96055984982991,39.69699465865527,39.206078261501645,31.82869484329942,2.6986728872772967,10.164370998163406,control_1,7.377383418202225,2.263565191174642
2023-10-22,23.80896377695311,28.541824481932643,21.847747722143843,31.093388306158918,3.078710110237862,130.51129416384987,control_1,-9.245640584015074,-4.732860704979533
2023-10-24,36.23241395347084,42.94955019134748,55.5936298221456,40.71300284566635,3.008278905646662,11.006631346914276,control_1,14.880626976479249,-6.7171362378766375
2023-10-25,11.555253989474812,47.6099370476768,-7.787439742859289,13.31047751692769,4.155631641479496,29.34521469438249,control_1,-21.09791725978698,-36.05468305820199
2023-11-01,28.946239792260485,39.19823898497053,40.40617915768536,44.42395122491736,3.058091152264827,134.31702713128777,control_1,-4.017772067232002,-10.251999192710045
2023-11-02,54.33499832759438,65.31773915459928,64.0233458674968,54.241410940873834,4.135980960357631,23.385665132700865,control_1,9.781934926622966,-10.982740827004903
2023-11-03,38.806638428705995,63.431697583142004,59.55686780897948,52.31231920542795,4.677035282702696,21.513094766165068,control_1,7.244548603551536,-24.62505915443601
2023-11-04,49.335658898727516,65.30625089567638,58.62808300000725,53.00090558419665,2.564066438261628,32.16341431618031,control_1,5.6271774158106,-15.970591996948869
2023-11-06,53.902665580716096,43.387855975688375,28.062533244731302,47.19113604943265,4.726878117589151,14.107299201184048,control_1,-19.128602804701348,10.514809605027722
2023-11-07,47.32603465050329,48.17740162409516,37.43995660493966,52.65004567683438,3.1122342797222187,118.47733418873275,control_1,-15.210089071894721,-0.8513669735918725
2023-11-08,52.54429365013148,48.26879434315316,51.25145896206999,46.16300930208367,4.075037187036783,328.93237522547525,control_1,5.088449659986317,4.275499306978318
2023-11-09,43.30331383021895,50.77223858669274,47.34916034267262,42.298214411460314,3.4003553636627935,131.7435011490794,control_1,5.050945931212304,-7.46892475647379
2023-11-10,92.08353869923528,89.85728661648123,137.48976982888033,95.66498865614967,4.009794138931515,62.66220710407589,control_1,41.82478117273065,2.226252082754044
2023-11-13,66.30511415252641,62.85143683142426,72.17771999821373,56.08736265602163,3.981365073591165,114.84304411268477,control_1,16.0903573421921,3.4536773211021554
2023-11-15,108.9491540921971,129.63174306766007,126.99905530599672,145.52551865245246,3.125351293402565,45.71408072306423,control_1,-18.526463346455742,-20.682588975462963
2023-11-16,82.16477464344295,83.03157414721146,78.75641606235855,55.934002951318824,2.9278611414837705,6.241316046497502,control_1,22.82241311103973,-0.8667995037685046
2023-11-18,37.75534451206151,47.166050763780255,34.94333760992373,43.09783296258146,2.0677580446735275,108.51704283905883,control_1,-8.154495352657726,-9.410706251718743
2023-11-23,60.178459337805585,54.335821180080224,57.2047142457119,66.52606105807816,3.1284851560456435,66.3554449167446,control_1,-9.321346812366258,5.842638157725361
2023-11-24,32.23539308694045,39.761691832569134,39.52576167387985,34.92267695254415,3.4268443721799375,184.00037708098276,control_1,4.603084721335698,-7.5262987456286865
2023-11-29,78.84195871943668,93.89386517649368,83.71591837165037,90.29053750855635,4.228304749693103,40.87778429772152,control_1,-6.57461913690598,-15.051906457057001
2023-11-30,41.18759898440211,55.78622776008203,49.86117205197157,69.91868797052449,4.00554499575066,20.59159780293146,control_1,-20.057515918552916,-14.59862877567992
2023-12-07,67.728427039062,66.07117604929319,75.66139079851706,88.16921161535276,3.6570638649473235,57.43329043065171,control_1,-12.507820816835704,1.6572509897688121
2023-12-08,26.987448100174916,31.520811958986535,24.28572121740172,24.50498725676958,3.865429573114255,16.759859145995676,control_1,-0.21926603936786293,-4.533363858811619
2023-12-12,88.67387312895644,91.78056280602765,94.92929238535147,106.08781035781091,4.265381308195802,49.698803198119094,control_1,-11.158517972459435,-3.106689677071202
2023-12-14,40.457943207639495,56.267779290768004,69.82201467723611,63.064924842753136,2.212676683250548,49.151444819611015,control_1,6.757089834482976,-15.80983608312851
2023-12-20,36.67982366603566,33.46013649002558,19.651458691227685,26.2852642337997,2.400848031312233,1.2753405255713233,control_1,-6.633805542572016,3.2196871760100763
2023-12-25,38.273669188070556,16.421947555707167,18.815388477701173,32.524908065297716,3.226989458833418,316.79042819640466,control_1,-13.709519587596542,21.85172163236339
2024-01-03,46.08108853668218,64.17287132070639,58.384470827615694,75.62399127309773,2.9624820266760485,54.401328127345096,control_1,-17.239520445482036,-18.09178278402421
2024-01-16,24.591816085251235,23.110683542241695,23.607663427543873,23.578546233755233,3.4853684911614184,86.16647766875889,control_1,0.02911719378863964,1.4811325430095401
2024-01-19,27.899247200725533,34.97798863408922,39.197187010701576,23.92002422314561,4.328393782692727,120.10762257505661,control_1,15.277162787555966,-7.078741433363689
2024-01-20,13.526947170904286,17.281752913587034,14.430799486242227,12.844522756247208,4.54200710816903,115.81110601068747,control_1,1.586276729995019,-3.7548057426827484
2024-02-01,59.083152260283946,84.55061928897818,67.9962538498915,74.49319029792908,4.0724829489585925,43.49444247602662,control_1,-6.496936448037573,-25.467467028694237
2024-02-04,33.60879593981605,28.699041082545452,29.858390564856606,27.275927469373144,2.1816254563389115,215.7855110784091,control_1,2.5824630954834618,4.909754857270595
2024-02-05,29.29346670789659,35.29878256378085,33.953542366483646,23.080645941540098,3.2961207604924114,191.05376941442276,control_1,10.872896424943548,-6.005315855884255
2024-02-08,45.036180213212056,66.78976109015926,26.10300479414309,50.687840477011115,3.7369085241486037,12.408235806687117,control_1,-24.584835682868025,-21.753580876947204
2024-02-09,20.90053790104846,30.636015199702996,24.8671416728381,21.272414322849464,5.737987844176716,38.71996872752243,control_1,3.5947273499886343,-9.735477298654537
2024-02-14,33.27169602656597,40.25591186668971,32.39244560364097,34.012536247819796,2.0147484582707356,132.5969199619069,control_1,-1.6200906441788234,-6.984215840123738
2024-02-17,21.825065602347117,17.66384616448335,20.357310126241796,17.726105994843323,4.684929758386969,97.11390608999216,control_1,2.631204131398473,4.1612194378637675
2024-02-18,46.99002243702154,47.320600214599054,51.512386701096986,50.51530871862812,5.4872740332724605,60.976670571187526,control_1,0.9970779824688663,-0.33057777757751694
2024-02-21,50.26774826294391,72.68127992984917,59.805330285370765,56.47434461098501,4.011385779739193,22.74243434066659,control_1,3.330985674385758,-22.413531666905257
2024-02-23,83.44079836536993,33.01963951333421,59.03534303417455,30.964212832152526,3.4906968065644857,91.00663243984735,control_1,28.071130202022026,50.42115885203572
2024-02-24,13.095305417871705,13.60449621979419,12.400996304031453,12.512217119416663,3.701513107719239,173.42323534789512,control_1,-0.11122081538520945,-0.5091908019224842
2024-02-25,20.295932555762615,19.025393666925634,18.338982527007133,23.47824098608319,4.105180136572721,12.619225361756207,control_1,-5.139258459076057,1.270538888836981
2024-02-26,38.107256114559895,57.52647104682314,41.23082678383217,57.710844415945054,2.5249156112987174,358.3832948229382,control_1,-16.480017632112883,-19.419214932263245
2024-02-29,37.13327210358217,39.768818425260626,42.4566663230027,41.7140010728276,2.8155953669359706,100.10325821141635,control_1,0.7426652501751008,-2.6355463216784543
2024-03-03,31.433901398611773,17.82481690263425,28.52941427371243,23.355801961460838,2.837315495786555,349.0746130023036,control_1,5.173612312251592,13.609084495977523
2024-03-04,37.21582537977256,37.11814371906001,34.4007590333597,33.953568335564476,3.1787752350443834,3.2749361814938425,control_1,0.4471906977952216,0.0976816607125528
2024-03-11,57.81515910202796,38.98024160851504,34.06224901421377,50.82009144971565,4.065353369746678,77.35932647129147,control_1,-16.75784243550188,18.834917493512926
2024-03-12,58.249544464779696,37.406415109413814,42.57117512753808,53.24710006872808,4.384037208016245,61.08506857998725,control_1,-10.675924941189997,20.843129355365882
2024-03-13,40.16833635488108,85.49115439847748,52.137678959607655,72.43692653401598,3.146122693206419,51.30630833392877,control_1,-20.299247574408326,-45.3228180435964
2024-03-16,26.13205534691153,33.04387650917474,25.734953795377404,34.74395555111429,5.5289039802200035,46.22348465524556,control_1,-9.009001755736886,-6.911821162263205
2024-03-24,24.512100516916377,27.985817266485327,20.485462219361747,27.15002548323717,3.3173694126583255,280.61810111102074,control_1,-6.664563263875422,-3.4737167495689505
2024-03-25,33.70274199801729,32.49689261194586,34.187206332089715,32.28290072016913,4.240908052915083,336.94551067547576,control_1,1.9043056119205843,1.2058493860714279
2024-03-28,16.24601866130799,14.93267553874367,11.008847225397751,7.170100551960909,4.66046856841254,103.08508345534642,control_1,3.8387466734368427,1.3133431225643193
2024-03-29,31.15445017528106,32.74943824411631,26.31755721135968,34.480505948020905,3.2631767633010473,109.8073012098319,control_1,-8.162948736661225,-1.594988068835253
2024-04-07,15.555364556796842,26.187419759189826,23.718157308061997,20.781519427804962,2.47094169645659,312.1233893731849,control_1,2.9366378802570345,-10.632055202392984
2024-04-13,7.617668297315778,9.880841247268345,8.91267232181255,10.909628932270337,4.913429135508714,107.75153509011432,control_1,-1.9969566104577865,-2.2631729499525663
2024-04-14,21.88138432351874,29.32736681717996,35.22778695427116,26.37415990470149,6.430528658022089,54.86295319252531,control_1,8.85362704956967,-7.445982493661219
2024-04-15,27.748216273628593,22.637225099636233,34.850715178537975,32.76650661940382,2.113619451415941,179.7714667800915,control_1,2.0842085591341544,5.11099117399236
2024-04-20,28.19987119295133,11.120143389778281,23.39487331493334,20.94772815471488,4.340834993541691,114.32000038899008,control_1,2.447145160218458,17.07972780317305
2024-04-22,31.03311943661911,45.15165695060357,28.034159071363803,79.65570924890227,2.0914225724823603,44.97546624530435,control_1,-51.62155017753847,-14.118537513984457
2024-04-26,45.55220661562906,38.29983853407659,31.081132861658446,49.64043985617362,3.375370967234509,329.54132992817745,control_1,-18.559306994515175,7.2523680815524685
2024-04-27,33.49183728973317,19.432396375375962,32.81572104379841,34.42019018107835,5.547728619122078,35.7557045621669,control_1,-1.604469137279935,14.059440914357207
2024-05-01,20.680296634785652,23.15072390008985,13.55005022383265,28.914473109546336,4.329041986331728,52.391730639801324,control_1,-15.364422885713685,-2.470427265304199
2024-05-12,17.519434313338156,17.856919719173703,9.066455968700202,16.90994046028947,2.475333684975442,121.10554925933013,control_1,-7.843484491589267,-0.3374854058355474
2024-05-13,29.290573591431585,27.70662927147673,30.508049359273485,28.803783859556436,3.968341872003484,21.45035442197093,control_1,1.7042654997170494,1.5839443199548562
2024-05-20,26.684263015582374,36.982845816419186,34.698389141624,33.80480809067216,2.518305068522903,16.700407023815046,control_1,0.8935810509518376,-10.298582800836812
2024-05-21,25.03576301742766,21.747298316689342,26.9175745325615,33.80355396329776,3.0907197140417475,42.47656306971976,control_1,-6.88597943073626,3.2884647007383165
2024-05-25,21.534321015783945,20.28124401841221,14.526481594522718,15.474191982759692,2.1338817584621177,91.1378284191644,control_1,-0.947710388236974,1.2530769973717355
2024-05-27,24.018824241156292,24.94366948706874,20.576737590399397,21.32395324655611,6.768611646980172,74.64413145768162,control_1,-0.7472156561567118,-0.9248452459124472
2024-05-29,11.154872231335455,14.364407423106123,14.356905368781305,8.335459090975975,3.3391541763597186,152.4151548310606,control_1,6.02144627780533,-3.2095351917706676
2024-05-30,20.451449446816188,23.37398468973081,18.649787504793828,19.143601983917836,2.924462814407737,161.24110163299792,control_1,-0.49381447912400844,-2.9225352429146234
2024-06-01,15.385400638874339,15.63666438317199,26.23368386681046,19.443226282811167,2.953318039685305,352.94337273137495,control_1,6.790457583999292,-0.25126374429765086
2024-06-05,56.24764478988103,46.92739403290397,50.21977864153209,65.2609485867862,3.747129953431767,4.429242314927535,control_1,-15.041169945254111,9.32025075697706
2024-06-07,15.837319589431637,13.534485353823174,13.554101999335511,0.43352184800145,5.60704427540226,104.94311292705174,control_1,13.120580151334062,2.3028342356084632
2024-06-08,33.01454812790674,24.76980532714864,31.817689218212834,37.610646715104785,2.9452084821490176,49.400041535999094,control_1,-5.792957496891951,8.244742800758104
2024-06-13,42.123152723285905,44.28873830772821,41.48468274683498,41.14785832355341,3.1630968875986953,46.98714559321877,control_1,0.3368244232815698,-2.1655855844423044
2024-06-14,17.75264048292457,33.47876786378276,14.593024388856096,33.47876921685666,2.4997384086877723,157.45107894669104,control_1,-18.88574482800057,-15.726127380858188
2024-06-15,30.748579700565273,29.188288186067158,26.918104707566577,37.859525777380625,2.315496104887986,212.28946370443362,control_1,-10.941421069814048,1.5602915144981147
2024-06-17,27.972124418783096,29.105141780138645,23.357906894147817,33.62221892321074,2.786918934089436,45.46151819852372,control_1,-10.264312029062921,-1.1330173613555488
2024-06-22,11.887870439457744,29.015632786211228,29.456673537973074,18.60820886605428,3.431499767521744,59.08266807703512,control_1,10.848464671918794,-17.127762346753485
2024-06-28,28.076131253845357,25.667755350148152,26.184539556022102,19.28037367556034,2.785781074517839,13.306469483728222,control_1,6.904165880461761,2.4083759036972054
2024-06-30,21.001079046453928,19.697754226554913,20.107184059328194,19.72031446997861,4.4859094285091325,154.21168102862157,control_1,0.38686958934958326,1.3033248198990144
2024-07-01,24.01820657074862,27.594096104246564,28.758293843524672,27.04154479271144,2.6392318065033336,223.89768476346526,control_1,1.716749050813231,-3.575889533497943
2024-07-02,27.345664367964833,25.31973227272491,20.33675878265255,19.232259963267072,3.347717551537894,339.9795324523237,control_1,1.1044988193854763,2.0259320952399236
2024-07-06,28.826399290619914,32.71445145335243,24.04382303491001,23.298522206324385,3.565080147308965,82.90194834419583,control_1,0.7453008285856235,-3.8880521627325173
2024-07-11,19.30088942341692,16.025655084215565,15.47551494363129,20.149416217860285,2.0915588133190197,149.66068622860325,control_1,-4.673901274228994,3.2752343392013543
2024-07-15,30.560010947706985,29.968952336663076,32.2546712688938,28.795282151557192,3.3910902318624285,73.3363520597228,control_1,3.4593891173366096,0.5910586110439091
2024-07-16,31.95430133221356,39.92392937796337,22.14804201174802,36.83111182492125,3.3487082166197473,73.41428515018515,control_1,-14.68306981317323,-7.969628045749808
2024-07-18,13.942321813716854,7.210477933717082,10.278627463860731,15.506529159090721,3.4150118463650356,172.5665042713631,control_1,-5.22790169522999,6.731843879999771
2024-07-26,20.10307616605418,18.950895723157966,18.509912757539038,19.37144292913361,2.136108853834924,200.66536919711152,control_1,-0.8615301715945733,1.1521804428962135
2024-07-31,26.556299658390806,27.747150250770986,18.869487831348028,27.692861964951536,3.262120876009982,42.808847679226574,control_1,-8.823374133603508,-1.1908505923801798
2024-08-06,35.56063732564405,33.017803984461004,35.00162494807833,40.270990060591664,3.243056212922205,57.25754963701587,control_1,-5.269365112513334,2.542833341183048
2024-08-09,5.743919876841797,5.019036447950457,32.91951968900387,1.5910486685570793,4.116869836864826,117.42118042535446,control_1,31.32847102044679,0.7248834288913404
2024-08-10,15.550545595708378,8.945576565006995,17.99168041998855,16.078828283240952,3.625361741431598,95.61017396845477,control_1,1.912852136747599,6.604969030701383
2024-08-11,18.125723689738585,33.11306441032054,19.456569326652666,21.039886820009905,3.4744680035094593,96.86337963710724,control_1,-1.5833174933572387,-14.987340720581955
2024-08-12,14.751012185224626,29.4179101033302,28.69059022900891,26.295316505635437,2.6750520962766293,150.87887696588024,control_1,2.3952737233734744,-14.666897918105574
2024-08-17,16.590416189926028,19.44134430117418,21.63765503619818,20.06262160344916,4.599352977132833,33.08654571740476,control_1,1.57503343274902,-2.8509281112481517
2024-08-18,22.379640587123756,14.432262517374479,13.877550426532038,13.948107033944282,2.918311292329983,112.10256597724396,control_1,-0.07055660741224479,7.947378069749277
2024-08-20,1.8999332947308618,-1.248406791016012,1.4436874284106886,-0.6087665825730482,4.132778525584552,186.47346924062796,control_1,2.0524540109837366,3.1483400857468737
2024-08-27,37.896785594762925,35.26554700606542,32.73107350917723,32.105523002747574,3.130468944192581,60.6658648299765,control_1,0.6255505064296543,2.6312385886975065
2024-08-30,24.826659711774443,17.977679703334534,27.50164670575615,29.45500891523275,2.390767130379251,65.77264651481153,control_1,-1.953362209476598,6.848980008439909
2024-08-31,-0.5635642901284231,10.072406579373638,12.266837450285024,16.50504952341062,2.0649522890935987,106.32745476553248,control_1,-4.238212073125595,-10.635970869502062
2024-09-01,21.639559362520906,20.91566681899438,29.056997227472873,25.8969884783793,3.1786999817445523,112.20742031034916,control_1,3.160008749093574,0.7238925435265244
2024-09-02,17.55601319797529,15.979852894471348,21.76559185181049,22.393606889278782,3.626644401334772,189.42843755792103,control_1,-0.6280150374682911,1.5761603035039418
2024-09-03,24.78267265592444,21.318389282840187,24.212210729920123,27.615283287701306,2.3325299166080575,262.4032683467158,control_1,-3.403072557781183,3.4642833730842533
2024-09-08,16.92017408343575,13.12950082793885,17.862050861845315,14.138805296528442,2.3748820436452323,98.76656578470892,control_1,3.723245565316873,3.7906732554969
2024-09-09,25.75581787031872,36.02372479249577,34.603218349411925,30.17020856706799,3.104226053555417,84.04163447242769,control_1,4.433009782343934,-10.267906922177051
2024-09-12,31.07162896766906,33.46743181264925,34.79881788499415,33.344417808280134,2.9385773851011976,288.68907044986383,control_1,1.4544000767140162,-2.3958028449801922
2024-09-13,12.523097524409353,21.331117723360595,16.826234807710332,20.114857783385045,2.828175364923398,286.66641900159766,control_1,-3.2886229756747127,-8.808020198951242
2024-09-14,29.593249989591104,29.979851320974937,28.61703903707493,30.469542662846155,3.1255101122992444,280.30633039740565,control_1,-1.8525036257712237,-0.386601331383833
2024-09-15,29.002885265282536,26.318933338689565,28.38036986485659,28.550003935991043,2.2654260778374726,277.2621075419783,control_1,-0.16963407113445328,2.6839519265929717
2024-09-16,29.784377514030915,29.12016997050407,30.836904062494938,30.246851618512682,2.4716863397202977,265.35102038958087,control_1,0.5900524439822554,0.664207543526846
2024-09-18,29.28826992341662,36.853215699007485,31.23248634253216,27.39719027677989,2.0166265748640506,233.07644241025454,control_1,3.8352960657522672,-7.564945775590864
2024-09-21,24.152801506746467,30.040070155680453,35.565983406896855,32.191228367461775,2.8500329588553965,140.37268358830522,control_1,3.3747550394350796,-5.887268648933986
2024-09-22,56.404395515661236,47.777457156868394,36.51538091442054,44.55862230003788,2.337194402371956,46.95355321632701,control_1,-8.043241385617343,8.626938358792842
2024-10-06,23.78476119361803,22.179710756171783,20.10714707147664,24.868060309110778,5.18129222539076,56.17026920145389,control_1,-4.7609132376341385,1.6050504374462484
2024-10-07,21.566222223435798,23.93245654243491,23.96781257432825,28.93936039434601,2.493394214473144,157.30112815985672,control_1,-4.971547820017761,-2.366234318999112
2024-10-08,20.167844262795906,22.631265272577878,18.129179917874378,21.78917813146078,2.5997864553888017,115.50204987152887,control_1,-3.6599982135864018,-2.463421009781971
2024-10-09,25.652247762907788,31.36456462051782,25.96612633361218,24.778487349998368,2.807879716167668,136.94950103479903,control_1,1.1876389836138124,-5.712316857610034
2024-10-11,58.511248837869054,65.10589773810264,86.11291638858242,82.15738742136705,2.975074198496693,53.60731198877107,control_1,3.955528967215372,-6.594648900233587
2024-10-21,50.34236257917328,66.44734206547602,40.87257777202257,65.79652307887415,2.5288045249787645,44.15632904600295,control_1,-24.92394530685158,-16.10497948630274
2024-10-22,37.2703144311499,35.90874491463808,31.802631529853443,34.75695943426032,3.222150233906917,12.597325840455596,control_1,-2.954327904406874,1.3615695165118211
2024-10-23,65.81342423144854,58.79525621687659,64.00532240299088,53.920051174605916,3.958537711311064,91.52782367495598,control_1,10.085271228384968,7.018168014571948
2024-10-25,85.06684135860161,81.68689896345506,72.84506082658307,93.6240904321675,3.15632756128769,69.40015674853214,control_1,-20.77902960558444,3.379942395146543
2024-10-26,43.54848980939303,45.655456618566944,46.08358922827005,52.42985985769355,3.2182167253299374,156.25709985008666,control_1,-6.3462706294235005,-2.1069668091739118
2024-10-28,67.8437706139608,68.34198506463098,59.18285041539047,71.84568066116732,2.6413173795283043,355.65433197210143,control_1,-12.662830245776853,-0.4982144506701758
2024-10-30,45.76651371420748,37.67757967184913,35.74649562923256,44.50927366632496,4.4759262664969,33.918057935995364,control_1,-8.762778037092396,8.088934042358346
2024-11-01,38.46874392408726,37.72976717659732,33.25873978818282,36.49571593231223,2.8575946320606267,118.6230283153975,control_1,-3.2369761441294074,0.7389767474899429
2024-11-03,51.54192392505979,38.771618827646385,39.4380128946267,41.47520956935264,3.1346064468197152,314.0052853290162,control_1,-2.0371966747259407,12.770305097413406
2024-11-04,42.77127514289961,54.55427844564407,42.02535537953259,56.80312623409606,4.555243529120755,3.2880368655825123,control_1,-14.777770854563471,-11.783003302744461
2024-11-05,34.61441235675747,42.0614400132418,37.456887571943994,33.64936493359304,5.811998193188875,27.78420469472121,control_1,3.807522638350953,-7.44702765648433
2024-11-08,57.74358930204306,45.23537152647554,64.57383949563739,48.63575803870082,3.6995015790569425,104.30706204633532,control_1,15.938081456936565,12.508217775567523
2024-11-09,41.14865788537912,43.15171238379909,44.58961937879913,53.05502105828677,2.8328751682137367,272.41070487333366,control_1,-8.465401679487641,-2.0030544984199636
2024-11-12,30.739082045113175,37.84983684298317,29.424616971037903,42.61364530439791,3.525345612151726,213.16536331872248,control_1,-13.18902833336001,-7.110754797869998
2024-11-17,46.54778405569005,61.47474569674547,53.805616262000186,55.63276153503417,3.3842771398678817,14.728717943325591,control_1,-1.8271452730339846,-14.92696164105542
2024-11-24,80.24843311227292,88.41445639809493,79.98268560834914,78.71147864517705,2.0113565772270072,40.11422421844486,control_1,1.2712069631720908,-8.166023285822007
2024-11-26,40.31833819316474,32.85854000436268,30.497253357093104,34.063541981900045,3.753183545162253,79.57585377695204,control_1,-3.5662886248069405,7.459798188802061
2024-11-30,33.72664990259651,20.644078196344122,21.01166947844155,24.209494271417334,4.13250455472124,66.37463798518883,control_1,-3.1978247929757835,13.082571706252391
2024-12-01,25.427884103376822,16.52003989845227,13.53331078029148,16.329653719582254,3.08212652963035,104.29681196974462,control_1,-2.796342939290774,8.907844204924551
2024-12-06,83.63203693267117,48.36400867652801,54.30832801236737,68.55711802275225,3.905494449218748,73.91987793077789,control_1,-14.24879001038488,35.26802825614316
2024-12-07,85.48898414377605,125.11425800920648,115.05616548189899,85.62416992735452,4.229403999809022,37.053333276180126,control_1,29.43199555454447,-39.62527386543043
2024-12-08,75.68944710574958,51.74465646317657,64.09485542803615,65.64882847274158,3.7791530159281757,65.99270597721653,control_1,-1.5539730447054296,23.94479064257301
2024-12-12,37.17059614525682,25.715167453929514,33.50266813074712,33.856315932023335,3.510751272802906,78.14060959492872,control_1,-0.3536478012762174,11.45542869132731
2024-12-14,45.12425690749305,48.84527590266003,45.9708899569589,46.689627192994195,2.3566434753943395,286.6178762762137,control_1,-0.7187372360352953,-3.721018995166979
2024-12-17,47.36654708281907,33.71402337438589,44.08843738771506,37.31457053631875,3.5257980716849446,76.11729321007829,control_1,6.773866851396313,13.65252370843318
2024-12-23,35.22906978897753,52.85788363604704,48.707151155680855,58.27888941746615,3.981229066772961,1.5325275376614513,control_1,-9.571738261785292,-17.62881384706951
2024-12-30,16.74217995264412,11.161698616812624,15.346185346531094,14.930806488522059,3.420961051138398,75.92464547946196,control_1,0.41537885800903496,5.580481335831495
2025-01-09,36.034060614077035,26.354496889064492,26.225913633278903,33.71945575555739,2.1034817664045593,116.77082008943427,control_1,-7.4935421222784875,9.679563725012542
2025-01-13,25.86483496057928,25.29684712790575,26.01570053812773,24.677597836240416,4.200442259392606,76.33896778231178,control_1,1.3381027018873155,0.5679878326735306
2025-01-15,85.22758810061346,50.32469369214965,60.62135215568715,74.27738274956171,3.356968919304274,68.76050137111304,control_1,-13.656030593874561,34.90289440846381
2025-01-17,25.331961210796415,18.798964335660333,19.967020067525368,22.10819898878677,3.993507107132935,3.6496983854655696,control_1,-2.141178921261403,6.532996875136082
2025-01-20,76.78150333328871,40.14809844553878,57.6186468022846,41.68482737914035,3.7513770919169205,70.80307162505716,control_1,15.93381942314425,36.63340488774993
2025-01-21,53.87632614485858,48.37516612754363,71.15890081130723,42.14353002843227,4.58678598999981,80.75804358160559,control_1,29.015370782874967,5.501160017314952
2025-01-27,79.62077202813907,45.20605858297914,53.000748064507995,50.77735119562186,5.093976296959052,57.939089498815235,control_1,2.223396868886134,34.41471344515993
2025-02-01,12.625676913783927,23.163521392919847,12.754748054360897,22.211049707286623,2.3159089207899757,220.9771818647395,control_1,-9.456301652925726,-10.53784447913592
2025-02-04,40.1213027515419,48.08069771699205,48.17085698360511,38.33947658316604,3.1121749067613123,169.498190273678,control_1,9.831380400439073,-7.9593949654501515
2025-02-10,33.60246097353018,24.825123411178566,20.751486305732474,19.699342451073683,2.921838540386257,104.59392273644244,control_1,1.052143854658791,8.777337562351612
2025-02-17,23.657016956659188,18.184086904851643,20.882846917479654,16.548766220477123,4.95444827062776,82.25140426776096,control_1,4.3340806970025305,5.472930051807545
2025-02-22,76.73338511243698,70.0785945979486,88.30582396394476,84.04656415201397,3.5399521923854724,44.74516361192383,control_1,4.259259811930789,6.654790514488383
2025-02-25,76.53008494069208,78.33528856583216,59.46640588662165,66.21222182625789,3.529382325560894,94.06747399288184,control_1,-6.745815939636238,-1.8052036251400807
2025-02-28,48.77136733461578,53.18246119840406,52.01394568897924,44.552895587368006,6.49041870567902,23.298213007583797,control_1,7.461050101611235,-4.411093863788281
2025-03-02,19.527103803905458,20.497955819771672,15.030158733400874,15.150086962180053,2.495193580358631,107.89595242768473,control_1,-0.11992822877917853,-0.970852015866214
2025-03-04,58.95560174531086,59.287218573370026,60.80715126019454,55.855883381988114,4.27044842035198,0.05025980198740854,control_1,4.951267878206423,-0.33161682805916826
2025-03-08,15.240088174823722,8.36588953202682,13.682674651888558,20.36398472538057,3.550582068025928,120.66686907907274,control_1,-6.681310073492011,6.874198642796902
2025-03-09,22.01853128014576,22.615836390022107,24.18704584463071,27.40766199077134,3.456684780030485,76.45667685730535,control_1,-3.2206161461406317,-0.5973051098763484
2025-03-10,64.28578864508013,89.63334095745216,78.45147846845263,103.03530168589201,3.060020941758017,58.28751655982052,control_1,-24.583823217439374,-25.34755231237203
2025-03-11,101.62841877532044,60.46942081135982,95.14188511356623,56.12879904896577,3.6880204444484295,90.7749568906745,control_1,39.013086064600465,41.15899796396062
2025-03-14,35.56630553728996,37.41732786422986,32.831689490534494,41.412157935374076,4.936800157336824,357.20953237407684,control_1,-8.580468444839582,-1.8510223269398978
2025-03-16,24.29319628593459,20.80851812392786,23.169841062845663,27.525710700914054,4.65126001329717,78.82797046984575,control_1,-4.355869638068391,3.4846781620067304
2025-03-17,34.31154598823623,39.56270746346947,32.657281455106094,40.11218524177481,2.221471118830854,127.82745403085795,control_1,-7.454903786668716,-5.251161475233239
2025-03-18,33.17508918133863,38.73326910445225,33.314919989887024,26.93536697605197,4.310430435602268,8.866074238612612,control_1,6.379553013835054,-5.55817992311362
2025-03-21,49.58844877419291,39.85279339385036,43.570095318603116,37.06603336344307,4.328101072232887,47.276652080659176,control_1,6.504061955160047,9.73565538034255
2025-03-25,35.94515551872883,35.117023063152864,34.55858494584409,33.870065139528826,5.029674912045031,105.45797272188975,control_1,0.6885198063152629,0.8281324555759682
2025-03-26,22.69797758727699,26.701081832841925,23.56479057047259,27.043750840495,5.450036448467659,123.18801973004526,control_1,-3.4789602700224123,-4.003104245564934
2025-03-27,48.32586290909394,87.65906988465727,83.27178996180153,62.22460246476969,4.100173832820267,65.89203684115733,control_1,21.047187497031842,-39.33320697556333
2025-04-07,13.281154109130423,9.557374387250283,4.1519116017235485,15.814881067010187,3.836789388022498,75.39288712936082,control_1,-11.66296946528664,3.72377972188014
2025-04-08,14.786209886066635,16.67202613075149,10.069586374043528,13.75697150914126,3.659223433715189,136.5942621558093,control_1,-3.687385135097733,-1.8858162446848556
2025-04-16,21.298320588250775,29.399870233473248,27.620567177070054,25.426118994338637,4.176342555695434,126.32923421484054,control_1,2.194448182731417,-8.101549645222473
2025-04-17,30.436678779361994,33.81197259466909,29.572777951582037,28.583506044461764,2.4513776303964425,354.9260227151675,control_1,0.9892719071202727,-3.3752938153070993
2025-04-18,21.52625561651087,32.0983441201672,21.825181382678917,22.480949685962507,5.997994152679902,24.910096851132096,control_1,-0.6557683032835904,-10.572088503656328
2025-04-20,20.40078749252701,12.933136003924558,9.741856140925572,19.435858194595834,2.7762941682307347,265.0258987419548,control_1,-9.694002053670262,7.467651488602451
2025-04-24,47.53183378658523,49.37325948395474,51.62880479607251,45.809391912590115,3.007163065760958,2.1028660979782217,control_1,5.819412883482393,-1.841425697369509
2025-04-28,39.93026527225145,30.141472143700074,37.24166913361742,26.510684306979257,2.9355813747132053,345.67071375681826,control_1,10.730984826638164,9.788793128551372
2025-05-08,4.867754418217465,4.362571729753073,7.879949525546455,14.509731427788862,3.364154776187786,192.09819660634435,control_1,-6.629781902242407,0.5051826884643917
2025-05-09,38.32269541267834,37.32324350153784,34.28033312638699,39.074938009756565,3.476738330436065,183.69841633510467,control_1,-4.794604883369573,0.999451911140504
2025-05-10,26.23092218014185,26.237817890194457,26.249371870542994,23.621989813785262,2.0874306969780534,76.15096792876341,control_1,2.6273820567577317,-0.006895710052607029
2025-05-11,26.688169643445512,26.542452127801365,27.745330305608856,29.610722742177266,2.1772546689420076,235.9037686906576,control_1,-1.8653924365684098,0.14571751564414726
2025-05-14,28.530027581919917,28.6375814235099,24.14888285630449,31.47859377815566,2.441142941163697,344.2378272196238,control_1,-7.32971092185117,-0.10755384158998282
2025-05-19,30.56329115411131,26.206062216075907,29.749048449978183,40.16022419732743,2.314981626136789,182.07661256595398,control_1,-10.411175747349247,4.357228938035405
2025-05-24,25.812460801650467,24.951834161689145,21.36053466794861,21.20525217990163,4.19840673116772,129.3665764106035,control_1,0.15528248804697853,0.8606266399613212
2025-05-26,42.418829807936085,45.61991311611591,46.83762416571283,45.108075879195624,2.9987960874996147,241.2028664771471,control_1,1.7295482865172076,-3.2010833081798253
2025-06-01,7.64662554628234,11.5721143557606,16.661907142491902,12.658346871705577,2.657110067827978,131.19914956672744,control_1,4.003560270786325,-3.925488809478261
2025-06-02,27.027969011713317,36.41377948025611,36.26648828480273,37.29644242188899,2.414370203134886,54.64054174065103,control_1,-1.029954137086257,-9.385810468542793
2025-06-03,33.36383822011261,36.463226091191196,36.61907485096873,40.091402190482754,3.34954228434784,0.6608921128906218,control_1,-3.472327339514024,-3.0993878710785836
2025-06-04,20.6559345799865,26.374328864575226,33.07797324644529,26.60045678273509,4.658641224360126,32.48192246142554,control_1,6.477516463710199,-5.718394284588726
2025-06-11,22.70607389044583,28.496785708975153,29.571739668498818,28.8063309656303,3.8186789361839324,42.600118716397276,control_1,0.7654087028685197,-5.790711818529324
2025-06-18,32.90076263451746,23.922651153939672,30.971216209018333,35.986342290737426,3.733109963962547,45.528598546517856,control_1,-5.015126081719092,8.978111480577791
2025-06-21,11.598984006562723,6.144514126740839,18.6024148153198,21.48412991937954,3.750505049432365,21.99868877069082,control_1,-2.88171510405974,5.454469879821884
2025-06-22,19.684287723359123,24.21574780276433,23.588130747832512,21.804491354468848,3.166865901353409,56.86980132017777,control_1,1.7836393933636643,-4.531460079405207
2025-07-03,22.34322430579847,21.684772954913416,21.277391235307192,16.705232555337563,2.627406937758505,134.29663938249007,control_1,4.572158679969629,0.658451350885052
2025-07-05,38.45588592592151,39.40579190701795,41.90398934873267,36.56909618427112,2.379720155233782,13.544202271498534,control_1,5.334893164461555,-0.9499059810964425
2025-07-06,28.51686280020742,39.5997355884084,34.50389236657848,32.79464982228221,3.333263197773515,31.06721396733917,control_1,1.7092425442962664,-11.08287278820098
2025-07-07,32.942739180641084,34.837615703800445,33.330908197872276,38.36662514397296,3.379163733856958,96.30939212849842,control_1,-5.035716946100685,-1.8948765231593612
2025-07-11,53.99960446023899,37.08245319844818,48.934509069318,38.62205625582863,2.2146493899761315,58.41618721839296,control_1,10.312452813489365,16.917151261790814
2025-07-16,17.64373924797532,23.520801546751073,33.71663640477444,22.317322588067793,3.094016053045341,25.14504141999987,control_1,11.399313816706648,-5.877062298775755
2025-07-19,39.776870865141156,31.672094821349468,33.077019836500746,38.12902824608749,2.3078564962298547,47.033586238587645,control_1,-5.0520084095867475,8.104776043791688
2025-07-21,59.40788911903835,69.01625017496669,54.65320049451846,61.755255529191686,2.336029496574686,207.4205144998193,control_1,-7.102055034673228,-9.608361055928334
2025-07-24,34.89572189440623,28.861857099066675,29.839142983923626,30.336011456119156,2.839618572372347,51.80532690833701,control_1,-0.4968684721955299,6.033864795339554
2025-08-01,27.38310176346147,18.906023619388126,24.50171040391609,22.977908467462125,3.726870896681676,209.61215721116403,control_1,1.523801936453964,8.477078144073346
2025-08-02,19.312294056091343,13.866925363149077,15.736777862502853,23.376466107218896,2.726563739400598,235.1631738027575,control_1,-7.639688244716043,5.4453686929422656
2025-08-03,18.460788684480317,22.3680337069104,20.126608379679343,24.66684827743594,2.3071439935301905,279.7635295946417,control_1,-4.540239897756596,-3.9072450224300823
2025-08-08,11.058263727122057,25.862349964605723,17.421047154219423,5.582391410818878,2.168528582878932,334.49075876828357,control_1,11.838655743400544,-14.804086237483666
2025-08-13,27.256011975406242,24.80690220140114,22.940257467967925,21.062159686568837,2.20510445354483,78.14530962515767,control_1,1.878097781399088,2.4491097740051018
2025-08-19,25.863018529822718,20.516742966751295,24.42204501093,21.08000028552004,2.868259832615033,25.41863689014002,control_1,3.3420447254099592,5.346275563071423
2025-08-23,11.060484494053226,7.92009240212926,19.352144253532046,0.8468568237202858,2.653030491934399,64.41966440719733,control_1,18.50528742981176,3.1403920919239656
2025-08-27,14.661117073438335,20.206744181654408,17.945944999761526,17.15732543846871,2.1646496006179388,126.34839728885834,control_1,0.7886195612928155,-5.545627108216072
2025-08-30,14.50125461144374,13.373006456604447,9.393895117321955,13.286191402384928,2.1173590513420337,196.24871774270997,control_1,-3.8922962850629723,1.1282481548392926
2025-08-31,18.10855040089444,11.615549017239273,8.449339668703185,16.101589999111376,2.7407897666797556,226.18255474072853,control_1,-7.65225033040819,6.493001383655168
2025-09-01,22.31124386627401,22.3731522123545,21.477916943986834,24.207342148498054,2.2997649065549073,274.0742614640833,control_1,-2.7294252045112195,-0.061908346080493004
2025-09-03,25.381381441297766,30.905539643360058,32.76250521759056,23.145298458176285,3.723252503097788,43.210119211993344,control_1,9.617206759414273,-5.524158202062292
2025-09-14,24.506384788733385,20.958773938025395,28.128776826018214,23.820807466886716,2.311194923540537,251.02806625651166,control_1,4.307969359131498,3.54761085070799
2025-09-30,48.84297828988046,43.19724842045008,42.3214190863428,48.14220010223933,2.52884875396309,211.0021837721651,control_1,-5.820781015896529,5.645729869430383
2025-10-01,34.78256701347346,25.430314167053734,34.1899428099076,33.531422959589776,2.802476172503729,230.94475130152424,control_1,0.6585198503178233,9.352252846419727
2025-10-05,25.066004946734566,29.294930707468176,27.075146603712263,25.881392414029932,2.0985946522276944,7.313801294508892,control_1,1.1937541896823305,-4.22892576073361
2025-10-06,38.0574154262837,45.52277347826826,33.848057228471,35.690218474029706,3.110181099320086,26.649183050106217,control_1,-1.8421612455587066,-7.465358051984566
2025-10-08,34.67799171574291,35.60681268212123,32.04053377973199,19.46305950789746,3.653474118052419,171.00114893282102,control_1,12.577474271834529,-0.9288209663783178
2025-10-09,20.472062404331705,19.08220953911307,20.711576243549565,14.940765823567613,2.290381038543738,247.58088621885332,control_1,5.770810419981952,1.3898528652186357
2025-10-10,35.999090357042355,26.94359831928212,36.22483332399766,28.194461415502325,2.9427126594753372,4.253101178298607,control_1,8.030371908495333,9.055492037760235
2025-10-12,34.3849996007822,34.24604896270278,30.279400823409976,36.36250301507507,2.626412168628107,266.94543331738043,control_1,-6.083102191665095,0.13895063807942165
2025-10-13,39.00544384394993,24.82945136067238,35.316334310647505,37.39878616359009,3.2455118551735467,190.80381035425955,control_1,-2.082451852942583,14.175992483277547
2025-10-14,22.678065130692882,20.110624195996042,18.91407079114446,19.66346121688224,2.7817224895524726,189.28778486719298,control_1,-0.7493904257377793,2.5674409346968403
2025-10-16,35.6969404271156,31.727572641268928,22.509913397675117,36.519962914586195,2.0164511190532295,188.29334349441712,control_1,-14.010049516911078,3.9693677858466714
2025-10-17,31.364993296039493,27.112945488565416,30.673970211466923,31.264145340525825,2.177232281817081,1.6481820750192924,control_1,-0.5901751290589026,4.252047807474078
2025-10-18,14.608588169302001,13.993517656165508,12.481199383019948,7.5254834961355845,3.915470719492931,9.613796947602737,control_1,4.955715886884364,0.6150705131364926
2025-10-20,36.998189669086294,25.239998215003205,32.39459414653143,33.58595955511149,2.9683346268886677,72.14432219911902,control_1,-1.1913654085800545,11.75819145408309
2025-10-21,38.07246845992975,31.901853608647098,41.63356080458197,25.08250839970993,3.8224961564293873,59.07382656397158,control_1,16.55105240487204,6.170614851282654
2025-11-05,81.32736073797966,58.49436137487677,72.84992658755115,59.510422971380464,6.116338884841927,79.51666054249296,control_1,13.339503616170688,22.832999363102893
2025-11-08,66.30193014916009,66.62268424506897,85.89946434228862,74.96845723184377,2.52593012610014,80.62223282707555,control_1,10.931007110444853,-0.3207540959088817
2025-11-11,81.9881934124131,61.568671776072854,57.842314127667926,65.87731738611403,4.581949213039365,52.589349619965674,control_1,-8.035003258446103,20.419521636340242
2025-11-12,73.17028117283463,62.41662891391434,46.33720980129115,52.19261434142761,5.945817167669841,94.03435740436208,control_1,-5.855404540136455,10.753652258920297
2025-11-13,56.26765566195734,57.902542489371406,54.9836322006057,54.908497384772325,3.69532687346175,99.89554621614371,control_1,0.07513481583337267,-1.6348868274140642
2025-11-16,32.54183195251215,36.05281640391505,28.3351858546889,37.80226130359207,6.085652551474201,120.39865006374998,control_1,-9.46707544890317,-3.510984451402905
2025-11-17,38.315840577205826,35.924816055515436,36.97453488074307,38.9513307841579,3.080279687517811,111.69252045624603,control_1,-1.976795903414832,2.3910245216903903
2025-11-22,35.79113789093732,30.23192093203304,32.17422128776645,35.75797239829347,2.1522683604869792,145.0557998447129,control_1,-3.583751110527018,5.55921695890428
2025-11-23,35.62352779665875,38.2665159290223,40.81912666809184,40.37971703496697,3.7345653233771796,102.84358327752568,control_1,0.4394096331248676,-2.6429881323635485
2025-12-04,36.78425623653967,33.368316836778405,35.29015486361954,33.100176325249265,2.2509339967398834,167.75749513076175,control_1,2.1899785383702763,3.415939399761264
2025-12-14,31.467335012554443,31.838010922961182,30.616552056036937,30.437276878919036,4.544663693080772,119.71064110428733,control_1,0.1792751771179013,-0.37067591040673875
2025-12-21,24.42666032834986,19.42455204728662,19.291746494499993,19.957160368994543,2.7385901439221527,136.1357235479071,control_1,-0.6654138744945506,5.00210828106324
2025-12-25,51.61511001169564,36.87389280572563,30.43698689894993,36.37306613222056,3.153793258809988,204.24686603227056,control_1,-5.936079233270629,14.74121720597001
2026-01-09,82.3020873569547,82.04436605152415,79.55065983921892,77.30997029215112,6.120535465140859,91.17895105369746,control_1,2.2406895470678023,0.2577213054305503
2026-01-18,45.21915582765415,24.77984719798575,35.86149814081126,33.23848140175301,2.775500225038481,65.36055475278829,control_1,2.6230167390582437,20.4393086296684
2026-01-19,36.528475500832805,28.358891786230938,33.09942066442041,31.239382836135395,5.942665692983869,89.97440632447564,control_1,1.8600378282850123,8.169583714601867
2026-01-20,41.95922909904286,31.630086522040305,33.44036979880401,32.518347573147,3.449954076865222,70.68712345249207,control_1,0.9220222256570096,10.329142577002553
2026-01-26,39.47554729824223,43.13544149948916,45.435605625745126,38.58772999893375,3.9642014394342606,98.56577063496127,control_1,6.847875626811373,-3.659894201246928
2026-01-28,65.27175683121948,52.2424256942619,55.407785963421595,63.8278826559929,3.9093269835483855,77.3417100577268,control_1,-8.420096692571306,13.02933113695758
2026-01-29,31.520455220019755,37.82539894019052,30.959334465274214,43.748365322372756,2.152159448563661,117.16511821130086,control_1,-12.789030857098542,-6.304943720170762
2026-01-30,24.478550908339006,24.505325385522568,27.998063080146206,25.792075890722014,2.2687115510052642,196.44670970864487,control_1,2.2059871894241923,-0.02677447718356163
2026-02-01,21.805892535998016,36.121187550255534,26.59421351809949,27.37077905866647,2.489632241660236,123.7520532490754,control_1,-0.7765655405669811,-14.315295014257519
2026-02-04,33.937623373020415,39.87166766069776,31.653601914834283,34.746158701679136,2.0311724428468767,210.04550744187037,control_1,-3.0925567868448525,-5.934044287677345
2026-02-07,17.185930582335136,23.686323696755135,20.87623154289776,24.066864989363285,4.39793145006168,141.97633246977966,control_1,-3.190633446465526,-6.50039311442
2026-02-10,43.709774564674554,64.42729456529516,59.84370193325382,57.45565355011532,3.59894312608778,43.82082986564376,control_1,2.3880483831384964,-20.717520000620603
2026-02-16,25.805788712485736,38.61771997701152,30.592896004058343,47.31425159615455,3.1410338344623288,28.74907308449366,control_1,-16.721355592096206,-12.811931264525782
2026-02-18,54.65266400320686,37.30735395860007,32.8876789986402,42.95610314780865,4.330936337868071,62.95784198779177,control_1,-10.06842414916845,17.34531004460679
2026-02-24,46.61008283433053,69.9105273688299,70.62086645005341,54.78776804320479,4.243722345324486,22.975559493985884,control_1,15.83309840684862,-23.300444534499377
2026-02-25,44.24580519185306,31.107581767934832,29.189755061898364,31.174326231204414,5.92593033156573,77.32530908347366,control_1,-1.9845711693060508,13.138223423918227
2026-02-27,53.093330488900065,61.28895868494957,64.56875812734314,66.01547789464422,3.738684928299136,41.15384097648956,control_1,-1.4467197673010759,-8.195628196049505
2026-03-01,29.418466580389026,31.489217887393547,37.04549868117047,27.076451004340424,3.3950870872349213,194.9286055818294,control_1,9.969047676830048,-2.070751307004521
2026-03-06,31.01850329620209,28.23015358762366,27.48689264639815,29.509833184400176,3.728840409536815,17.708107589834924,control_1,-2.0229405380020253,2.78834970857843
2026-03-08,26.621446902024164,17.609640266550535,20.923446449225775,20.699746979043084,3.4126345207433357,74.35984059515579,control_1,0.22369947018269087,9.01180663547363
2026-03-09,33.89041848714707,33.14755770895671,42.65281072804286,27.091547575130754,4.656200081098684,28.508036076504766,control_1,15.561263152912105,0.7428607781903622
2026-03-13,55.04571089586372,29.250840056991205,38.369937495397124,35.38296814013495,11.255179689015433,68.8136062800163,control_1,2.9869693552621754,25.794870838872516
2026-03-19,73.79850929489636,63.47805737659022,71.79850503441702,95.87911307918459,2.6642646155725984,47.54786935024697,control_1,-24.080608044767573,10.32045191830614
2026-03-26,28.801109075017337,28.98430337619101,24.948901286578508,27.9509813214351,6.383906852122346,44.96402506573827,control_1,-3.0020800348565935,-0.18319430117367475
2026-03-29,59.392749749309665,72.1856885873451,76.2201972285389,67.85512911034083,4.022529368556206,38.05284329430384,control_1,8.365068118198067,-12.792938838035433
2026-04-02,17.572939987645558,21.55597966020333,14.331014661763065,26.57140128850593,5.541065457457685,19.87102718515422,control_1,-12.240386626742863,-3.983039672557773
2026-04-03,18.376711743388665,20.478195610779867,25.742536339808094,14.873327079359225,4.633197245732646,48.70121393798581,control_1,10.86920926044887,-2.1014838673912024
2026-04-07,15.262481152078704,8.132148238405977,11.599306045701475,17.24747068313739,2.623340474022392,190.76973734965284,control_1,-5.648164637435915,7.130332913672728
2026-04-08,37.543100727315036,28.44861333294185,30.661558077907205,30.44249114103412,2.799304716375101,344.4620048482434,control_1,0.21906693687308376,9.094487394373186
2026-04-09,32.48474338445725,33.0526745310834,35.058376192242854,34.28046389573989,4.883269723048795,58.07734884816705,control_1,0.7779122965029615,-0.5679311466261439
2026-04-12,21.837478215900582,21.269344293962575,23.637079436917567,29.293655919711487,4.87212213182638,35.74081026483964,control_1,-5.65657648279392,0.5681339219380064
2026-04-13,31.449832133229723,22.797021831296114,29.33087616889863,33.312109016418034,4.7917050414585765,59.7217418526821,control_1,-3.9812328475194043,8.65281030193361
2026-04-14,49.00830755778699,42.93095705014398,38.99643900415707,49.74249910886556,4.4653336533889725,49.33889324020902,control_1,-10.74606010470849,6.077350507643011
2026-04-20,17.26503113401242,17.011331390768337,15.204876096576916,19.21226417369646,3.1145167367705717,142.04255309098897,control_1,-4.007388077119545,0.2536997432440842
2026-04-21,27.805520013349827,27.70387873579358,30.07707780401857,28.04571707654323,5.483925284054225,35.70971460626026,control_1,2.031360727475338,0.10164127755624719
2026-04-22,31.64808789530863,35.021070063188425,37.54991380513787,38.13091691291115,3.1977278610802844,68.2539291900539,control_1,-0.5810031077732773,-3.372982167879794
2026-04-23,45.19396999885841,30.980943673560727,37.27761263264657,43.79654357975971,2.9836264222967963,61.35146565876573,control_1,-6.518930947113134,14.21302632529768
2026-04-24,38.17342358752271,37.609297134188886,44.73855573725626,51.19953752354377,3.3615890008201537,44.0702613290494,control_1,-6.460981786287505,0.5641264533338273
2026-04-27,74.66913038338838,79.60699580151622,68.94999493384715,69.64786248086953,4.423082466347035,325.6528350228555,control_1,-0.6978675470223834,-4.937865418127842
2026-04-28,12.116168446977403,11.899163843835161,7.606717641699787,10.657149597154897,4.60039525704988,70.09253033913922,control_1,-3.0504319554551094,0.21700460314224124
2026-04-30,20.048840514319302,17.885002014530333,17.74161026353458,14.813791637008531,4.315682739416505,123.64034366539295,control_1,2.9278186265260473,2.1638384997889695
2026-05-04,16.980478671319016,25.52851123119899,19.52446021433415,29.146703205438865,5.440200778976143,41.44664478336614,control_1,-9.622242991104713,-8.548032559879974
2026-05-06,15.921114524080433,21.5353208942552,12.855090041850065,24.053127058109688,3.0064051000769307,136.57550722304165,control_1,-11.198037016259622,-5.614206370174767
2026-05-07,15.768301922848636,15.752453959401764,14.726355234767322,10.016563626860323,4.882386294390296,113.2547733514441,control_1,4.709791607906999,0.01584796344687156
2026-05-09,25.430394715722453,21.285973888930183,21.096980208919856,25.261087691982805,4.3864957166554825,48.38512832573463,control_1,-4.164107483062949,4.14442082679227
2026-05-10,25.99396648470275,30.050561484373244,29.671090241164777,26.61687814918045,2.79783909388788,150.70708243763426,control_1,3.0542120919843256,-4.056594999670494
2026-05-12,27.054043664104668,24.26049989838142,23.07073327474341,27.575390027536837,2.078766890003249,43.87610262631864,control_1,-4.5046567527934265,2.79354376572325
2026-05-15,35.67078869722065,53.5505600209037,48.01098110594797,39.984381710719504,3.013667006044061,36.10540395301928,control_1,8.026599395228466,-17.87977132368305
2026-05-17,35.95426958793301,36.40589909593934,35.94477673041653,38.189179074727285,4.079916114230157,18.222774479780014,control_1,-2.244402344310757,-0.4516295080063273
2026-05-19,15.805720451704014,19.553365315272117,18.944676536031437,19.730814844667673,5.014190426855463,40.66469640162529,control_1,-0.7861383086362359,-3.7476448635681034
2026-05-21,43.106303350466796,46.67438621133016,40.65437228138766,39.39537227886879,3.0348496961347875,234.52109371839458,control_1,1.2590000025188672,-3.5680828608633632
2026-05-28,41.70939962568745,43.905304559932745,30.3913928155191,38.71088311707925,4.10677153549843,179.01791997190082,control_1,-8.319490301560148,-2.1959049342452914
2026-05-30,25.35900311072952,19.611141848071554,22.619098618166447,28.244607147928637,3.583781102942315,224.88735817197713,control_1,-5.62550852976219,5.747861262657967
2026-06-02,26.335207428868273,25.03404070841679,21.312410591250888,22.348980098612856,3.834324836166307,229.20802782566855,control_1,-1.0365695073619676,1.3011667204514836
2026-06-05,28.990023586877232,38.456155725566546,33.04474298888199,33.61384015935885,4.342815854703075,37.63204994095702,control_1,-0.5690971704768586,-9.466132138689314
2026-06-06,84.48146091393501,56.27208751477951,72.24477010707412,58.17697062015107,4.373335788159544,62.97283856014974,control_1,14.06779948692305,28.209373399155503
2026-06-13,20.42865367408571,13.050752319529932,24.876708313111603,25.95350899586867,3.0193751772667654,47.450608284345435,control_1,-1.0768006827570673,7.377901354555776
2026-06-16,29.70374324984897,17.8104284694241,25.31468947624012,22.688016467629662,3.8854719965890268,34.35045600081281,control_1,2.6266730086104566,11.89331478042487
2026-06-18,38.27712322792461,24.554210654889967,34.910145232779506,41.41899841443955,6.367307536063847,85.944533157558,control_1,-6.508853181660044,13.722912573034645
2026-06-19,21.97276916268594,23.841450386877828,19.842148790248633,19.634205289844864,4.801707788958819,112.12462209609737,control_1,0.2079435004037684,-1.8686812241918886
2026-06-23,11.830635194131412,15.52385281878812,13.218340174757941,15.909751574764886,4.016528017752461,166.12815079011068,control_1,-2.6914114000069453,-3.6932176246567074
2026-06-30,22.975374838720224,23.477772890899892,25.201141864597254,23.593455943444756,4.08242451327935,48.61974268099681,control_1,1.6076859211524983,-0.502398052179668
2026-07-01,40.43832314629666,40.69968603051572,41.62654729988067,47.18176339357548,2.5579705604715004,50.8026811508571,control_1,-5.55521609369481,-0.26136288421906073
2026-07-02,22.601230913110438,16.306249981738404,19.989599318870614,22.39781493499624,2.084306622262997,68.09577313192415,control_1,-2.408215616125627,6.294980931372034
2026-07-03,25.43835651521733,20.122422500332945,20.300524208294117,19.575913221845358,2.8162942911650126,79.0359658195718,control_1,0.7246109864487593,5.315934014884384
2026-07-05,21.79575134032825,18.86728744934675,20.970368648659676,18.596363866691366,2.722228353305324,61.50676454250083,control_1,2.37400478196831,2.9284638909814973
2026-07-09,31.845978588640524,22.608740071216047,25.699806015944496,21.081626014814333,3.247856763640814,91.78287745876912,control_1,4.618180001130163,9.237238517424476
2026-07-15,17.270664755950367,15.436832117301911,10.324054831154184,16.220740934248504,2.429296885137294,90.63898665447601,control_1,-5.89668610309432,1.833832638648456
2026-07-19,9.316092347649052,17.218908372610986,13.332880052858394,17.6018430374024,2.172558137404017,185.31544021683402,control_1,-4.268962984544006,-7.902816024961934
2026-07-21,40.47879330556085,29.023897457749566,33.305169585362215,24.45476706595148,3.4477272713122926,70.93688529329432,control_1,8.850402519410736,11.454895847811283
2026-07-25,15.572813346778378,22.100439436301077,15.865855718267769,16.674061310580832,2.0848761473311685,76.01679516910582,control_1,-0.8082055923130635,-6.527626089522698
2026-07-28,14.484127971877804,12.38084229015123,14.339077423016962,9.816955822712643,4.146788257067962,166.7062212232412,control_1,4.5221216003043185,2.1032856817265735
2026-07-30,4.707285780238981,11.847210260816293,2.6844081334009,15.59264384490715,3.647216758133159,170.98230494444613,control_1,-12.908235711506249,-7.139924480577313
2026-08-03,24.818281093814985,21.695063343094194,21.28856367538618,21.622380479824432,2.4832284271979774,178.83123062526693,control_1,-0.33381680443825346,3.1232177507207908
2026-08-07,34.7988174035871,22.627563675604485,22.20911487578541,28.46538768501936,2.4074542925521665,37.5889512075135,control_1,-6.256272809233948,12.171253727982617
2026-08-08,29.81002595788067,13.92948731464586,13.117321325906966,22.881625019618046,3.670639227287858,57.3829766808949,control_1,-9.76430369371108,15.880538643234809
2026-08-09,22.691960305586615,25.15112191832193,19.503680724086365,24.166651057521985,2.0823840938651745,66.18276244238109,control_1,-4.66297033343562,-2.459161612735315
2026-08-22,17.850289350316384,16.510883375257006,6.680114057872477,20.754348804579248,3.4100769951625747,62.678443002513404,control_1,-14.074234746706772,1.3394059750593783
2026-08-23,0.5866591614591912,10.25119870327227,-1.5525235544578033,0.32612292844808216,3.95064778869235,107.2700502612862,control_1,-1.8786464829058855,-9.664539541813078
2026-08-24,15.487717743750697,12.819988005393608,6.119883890630573,10.657759273382018,3.9467066564327316,109.54839287078136,control_1,-4.537875382751445,2.667729738357089
2026-08-26,31.484273422503456,34.951036685999235,22.909863525051723,27.624174000098296,2.597548003973145,31.745477892541714,control_1,-4.714310475046574,-3.4667632634957783
2026-08-28,16.786236177084803,12.301606967078786,15.948337151009975,17.655847871185404,2.8537509573717226,206.91017300116005,control_1,-1.7075107201754296,4.484629210006016
