file,name,rank,area_ha,rise_db,lat,lon,A00_r,A01_r,A02_r,A03_r,A04_r,A05_r,A06_r,A07_r,A08_r,A09_r,A10_r,A11_r,A12_r,A13_r,A14_r,A15_r,A16_r,A17_r,A18_r,A19_r,A20_r,A21_r,A22_r,A23_r,A24_r,A25_r,A26_r,A27_r,A28_r,A29_r,A30_r,A31_r,A32_r,A33_r,A34_r,A35_r,A36_r,A37_r,A38_r,A39_r,A40_r,A41_r,A42_r,A43_r,A44_r,A45_r,A46_r,A47_r,A48_r,A49_r,A50_r,A51_r,A52_r,A53_r,A54_r,A55_r,A56_r,A57_r,A58_r,A59_r,A60_r,A61_r,A62_r,A63_r,A00_m,A01_m,A02_m,A03_m,A04_m,A05_m,A06_m,A07_m,A08_m,A09_m,A10_m,A11_m,A12_m,A13_m,A14_m,A15_m,A16_m,A17_m,A18_m,A19_m,A20_m,A21_m,A22_m,A23_m,A24_m,A25_m,A26_m,A27_m,A28_m,A29_m,A30_m,A31_m,A32_m,A33_m,A34_m,A35_m,A36_m,A37_m,A38_m,A39_m,A40_m,A41_m,A42_m,A43_m,A44_m,A45_m,A46_m,A47_m,A48_m,A49_m,A50_m,A51_m,A52_m,A53_m,A54_m,A55_m,A56_m,A57_m,A58_m,A59_m,A60_m,A61_m,A62_m,A63_m,bright,ndvi,bright_frac
results_s1/wuhu_candidates.geojson,cand01,1,14.3,9.3,31.38004,118.31675,-0.12580508728974396,-0.09032657934850209,0.20337327334513675,-0.08770890379108677,0.013727829862215225,0.11213818895431915,-0.10752164584230778,0.039960447168215285,-0.03670319790481188,0.05684284221370706,0.03958776195315512,0.05644363594483928,-0.030703410724243825,-0.002128542625902572,-0.1328678866275399,-0.1065906197425217,-0.11821251373076669,-0.029103517234167015,-0.17700797060431162,-0.1334555294895809,-0.13848361334430706,0.14520281935470938,-0.06639064273144327,0.13774658568470913,-0.07446841556969548,0.05604845731568354,-0.06173835397144511,0.08746151770109824,0.20920702335915303,0.07070950816164598,0.1201331809423188,-0.021766299350140548,0.1811199668390076,-0.059057021250481595,-0.02963938958383471,0.28115416964113704,-0.2333486377422633,-0.11924031652147944,0.1201218471586404,0.06505646012452686,0.12246248081355422,0.0843324590597732,0.04723205350209339,-0.07941544075642086,0.11931890387177084,0.06982103074439137,0.1809483622967657,0.14803342077105563,0.12463561220305039,0.0047283826778804095,-0.11487588928088927,0.13512876914608216,-0.10340054111560684,-0.1417573048870568,0.12539001095938873,-0.23662354282916798,-0.03422098041271663,0.013415056133414392,-0.21529496526203964,0.03536044308736208,-0.23700155768689438,-0.2213717033051094,0.10526565896544708,0.016507459659720766,-0.11045039439677488,-0.11826958726005674,0.17160115128539902,-0.08599071524467906,-0.015077016041800414,0.1146575472183069,-0.1415486321639925,0.07225448384295619,-0.06574308289994808,0.07767879378992631,0.08364378698222,0.016088587487473695,-0.05160601844191008,-0.02792847249175872,-0.11100762004799258,-0.09718984103588109,-0.16198871761782208,-0.02209469345958959,-0.18667598365814767,-0.06917303594315334,-0.1742422088683153,0.13263054742004207,-0.07909587024196699,0.09140093184043244,-0.10301670428782157,0.0993141652102554,-0.06661551033613199,0.009486577442340967,0.1722073241961482,0.10282960710471706,0.08073578328527406,-0.01951648310482855,0.11797253330542169,-0.056030759457474454,-0.014130999603512254,0.24549062997335658,-0.17873317427628033,-0.1150277376449754,0.10677992595612938,0.08853518282161674,0.06282285761343034,0.09863154834016798,0.038632188979481,-0.04279872638134305,0.09133814413901332,0.1069650784229758,0.13271305919438195,0.14984942941459417,0.133745128666276,0.007241768616956749,-0.09943211537567745,0.14663294939652682,-0.09385770215593298,-0.1090942928825883,0.09722778525936047,-0.23324699013332487,-0.024145732926613234,0.023118718152167823,-0.16707699575724563,0.04473962256677953,-0.22351301048369757,-0.23603413785084704,0.046136862659231226,0.04451236143676135,0.12253594040968332,0.27229791235685935,0.0
results_s1/wuhu_candidates.geojson,cand02,2,8.4,7.2,31.3177,118.41556,0.04015833602432931,-0.16688416414657023,0.23335793939244331,-0.08972137187441213,0.007507638434842754,-0.04742148092155608,-0.06669242692359711,-0.04595762614080336,-0.2427501913088077,0.1024564185725713,0.04330465300432543,0.0721195909381848,-0.09638918582339416,-0.11602695235171957,-0.1162680572917796,-0.14396071661092946,0.0436429180264711,0.19456722474447993,-0.09074007005199326,0.06299647112142079,-0.02610937376331319,0.09268062720451185,-0.029359312673468974,-0.022533401976638112,-0.02095329478699881,0.20581385831976262,-0.0804285649230569,-0.009278143314094746,0.14817539616076744,0.11749457469971411,0.1306846256804728,-0.0019547698988389515,0.060692122433902394,-0.14302494917190123,0.08890425790768142,0.021355661010094593,-0.28877753127459443,-0.02777784727860521,0.08483059934021243,-0.05012160950500235,-0.042845380471906495,-0.05128264814334765,-0.1131366473748276,-0.009639293126101926,0.08928834783359182,0.19124054862224296,0.007603368390449706,0.18355748041727749,0.22789746200612784,0.05201383004226169,-0.03225328010192349,0.162599015598579,-0.17531909990965253,-0.04543317635482271,0.18657477896575794,-0.31757864096422356,-0.01556761550510212,-0.042095291581731295,0.08228303233423999,-0.02200050420948532,-0.0601678220228344,-0.2093654460350453,-0.08363296108206082,-0.025915446399838133,-0.016198178905679164,-0.17558921993587798,0.2333016239467616,-0.05511522687127936,-0.023379884420027326,0.019403574089595553,-0.147213563022537,-0.00676224699406832,-0.13305443106615844,0.05262698228391913,0.06094759163636313,0.04629648398975038,-0.15196641659194807,-0.10486535396144597,-0.0692890214923871,-0.11603655495781999,-0.06620744709350936,0.18037748430560596,-0.13870124483305263,0.053307923069829705,-0.12855158679088302,0.13768997548844344,-0.015382274886043478,-0.012118491641674679,-0.07694539309893292,0.23440850494913978,-0.04478538269010945,-0.05543544835139767,0.16442439398812328,0.13610984686995947,0.10005367071755988,-0.003943861010254681,0.005699487612740849,-0.0924291384875295,0.08311331035476469,0.11799241871108279,-0.18781917478763402,-0.025648286056096994,0.06896730641735706,0.01598520721042891,-0.028440421292027767,0.012999502729940647,-0.07203411764040754,0.04174884646769097,0.11246330280476043,0.1637168169149188,0.04540276967415372,0.1556607293895015,0.2174794492282004,0.03880829654493253,-0.04408866197926675,0.1639612236146707,-0.13491911919249996,0.004746581253711265,0.16011308048654466,-0.3013767296398551,-0.03471335518773901,-0.022013007658253352,-0.013995931452275233,0.010669336918548369,-0.12014113448287106,-0.21230552885514453,-0.0659985234562678,0.016511913082150196,0.14437710317460326,0.13972074641590201,0.0
results_s1/wuhu_candidates.geojson,cand03,3,8.4,7.1,31.27709,118.38448,0.07811959440943486,-0.27148030371169085,0.2871521004059069,-0.0823867278202844,-0.005685998086207692,-0.09515893163214163,-0.11446165432153355,-0.0725062566353339,-0.10214768956405447,-0.06136222724489783,0.13563612524971105,0.08580493150074531,-0.1600888457958687,-0.12243608828713651,-0.07103589621598243,-0.0990860287315171,0.05367206329249285,0.17326029246308422,-0.08481609752639632,0.020346525865689337,0.013931367307696098,0.1519117445535989,0.0058478750653911315,0.05456358232249307,-0.11678308113226293,0.17962155568501464,-0.04722721289629901,-0.029580078653064987,0.18894550971317584,0.12496157175771469,0.1286948000846777,-0.059409811750687505,-0.001839272098829704,-0.08689079534679801,0.07556446338378535,-0.0020883010441858103,-0.24118360778321685,0.022239441440283874,0.07714735553779387,-0.07811488932694595,-0.14732355568757463,-0.08720554599143752,-0.06781519529223287,0.0061201914013718,0.1106269318298935,0.14274640715922585,-0.058000479018912844,0.19295708241709644,0.196181456072883,0.08352206422486035,-0.09242158660017417,0.10686419710033375,-0.23818699609993652,-0.0035006644026224906,0.17249305126778983,-0.3057597993808183,-0.01563779555399458,-0.04161603946014299,0.051014261831544026,0.050934159186018,-0.020806757660886233,-0.13877661282011125,-0.10706990330674929,0.041945373092802614,0.05674518078262974,-0.2722843102530411,0.26748577380035354,-0.07051594662174289,-0.02731234790325914,-0.06003822182592,-0.1368263177528629,-0.053057416849045747,-0.07988553587010472,-0.04878897382902908,0.13685387062945767,0.07308751770623886,-0.15346506762698295,-0.1147070429014895,-0.04276062844523529,-0.08664626331953103,0.0018135939981867738,0.14581278634160363,-0.10674121126071583,0.037745186811951215,-0.024262185041641727,0.14136154380691424,0.0037308183463700658,0.04376277674278396,-0.1259707040076698,0.1832096525175807,-0.029335606391670325,-0.04560587787467814,0.19748484278148762,0.13245983703209854,0.10740694736895397,-0.04785250118746337,-0.010880522558381223,-0.07452653566700636,0.0599552236382746,0.06160800671618588,-0.19463787153541245,-0.003990811916707518,0.061744011918460115,-0.030856863721406263,-0.1385946152825754,-0.04522013029890004,-0.045631567628610474,0.012229877661670947,0.1112681099968968,0.13546740221165804,-0.03345680143587765,0.17820325574043183,0.19950260483576696,0.07224670617792396,-0.09237440261205147,0.11471398700796692,-0.2227471615306526,-0.002804062055665415,0.1719506372573194,-0.29952784741168614,-0.017935816982905854,-0.037651519648518164,0.013870202099100316,0.04457375004730549,-0.03873089820147762,-0.15932072539800196,-0.09194144336830831,0.04509202563852926,0.1046433612440191,0.23032038352791803,0.0
results_s1/wuhu_candidates.geojson,cand04,4,7.9,6.8,31.35093,118.35591,0.05379868298058737,-0.20859056339033202,0.2610601428542126,-0.08693077875608148,-0.017519129146779888,-0.14533489000594785,-0.05616993522810305,-0.06421420323951253,-0.21404690171842505,0.054042013051641226,0.04362336548381773,0.11524085177898619,-0.03908100046303045,-0.13859619465472472,-0.07463262683561121,-0.08220863080226104,0.08266147121392177,0.24006494488748878,-0.04146061155652281,0.047198490637956,-0.009531841201212903,0.12379096131342966,-0.013740521533023553,-0.0037186108423363996,-0.06432196128997827,0.17160924531085556,-0.06817208777610888,0.022014825096315187,0.18276690279265967,0.05551681432296418,0.13383614847299927,0.009526313800251133,0.01586531640058705,-0.13448718727062242,0.08789298893671274,0.009745465985357131,-0.2997123812485411,-0.021257784075945637,0.05259588016109445,-0.046686582522770845,-0.07016419460467672,-0.049431989214378906,-0.09828265013921243,-0.025086992709011807,0.10761869028144351,0.19694414153824036,0.0023594370477609487,0.17416441982068898,0.2588394549074325,0.009549360767242795,-0.038058953885794514,0.17920222412217995,-0.19647740934947508,-0.017301088525048896,0.16152175238104335,-0.3106293907898232,0.013149327427254267,-0.02512920170134869,0.1024455379310892,-0.031034835604667584,-0.07772478599855968,-0.1719964454166476,-0.10017166914253929,-0.06321588383969176,0.042309283628959304,-0.2632398169022608,0.23250716447799166,-0.07276162854323372,-0.018723138390384964,-0.11408320501031198,-0.11679453540545769,-0.07963585126796982,-0.17585676710458498,0.021172316097166913,0.11853032086948316,0.07629471247529415,-0.11097210238412178,-0.12739820486009729,-0.08386029213829016,-0.0994293200106285,0.05525433903561364,0.19795139127126468,-0.09834736555506296,0.038023328062403786,-0.05192495686857899,0.10856741590994709,-0.028050058226313453,-0.006685256852775962,-0.1228870835613957,0.2005585234566506,-0.05151330246997019,0.017215590680998507,0.15400393097065385,0.08390092583883114,0.1293239421285229,-0.02621700696271757,0.0009001168688086384,-0.11443520753483633,0.07124935053686858,0.04779328915266378,-0.2708059670565248,-0.017466311650871653,0.06680316275720512,0.027919913980673183,-0.06273018213574262,-0.028851065087872975,-0.057662613132008204,0.0011267933345935398,0.10025526074614315,0.14610731132290705,-0.0005111250612566369,0.16003260716129056,0.22279036642603647,0.005058910312778073,-0.0531799505056389,0.1653406571656805,-0.1840403485130767,0.008211583920489231,0.16443531481263016,-0.2982193701439982,0.004700915091616753,0.0033310660364179235,0.043584895966878194,-0.0019048765794292871,-0.05391203961076717,-0.17923160486080253,-0.1104481719409392,-0.005590656824759034,0.15349564297800328,0.07928176405148976,0.0
results_s1/wuhu_candidates.geojson,cand05,5,7.0,6.5,31.36387,118.35618,0.12718873726181384,-0.2467683589285021,0.17039990807338587,-0.03997103551356654,0.05487552462536022,-0.0816394980323039,-0.022307777561784804,0.006442496360518213,-0.19778312127142123,0.02320306537243671,0.07158996997697513,0.029332206713925935,-0.1429766784598837,-0.17195250849932395,-0.10843468225272045,-0.13569480502313294,0.08704855401336568,0.16980573867440793,-0.10638095598494968,0.07483078262898021,-0.02065212532776935,0.06104338020381101,-0.08530236304964817,0.021565662990466063,0.039670486632194184,0.2752016671202523,-0.0036577862447027716,-0.06528616806846113,0.2222544642726005,0.08442667979904017,-0.0093509742579561,-0.011897407824993848,-0.08945298929970756,0.01353830203594988,0.1979857662351128,-0.0377835940368657,-0.17067415350189435,-0.08409915287551457,0.11002854874313686,-0.1584368162634079,-0.12657901360323814,-0.09465689825434476,-0.015077908323937647,0.053893872797411584,0.1316975096008882,0.14816424797722577,-0.09197620483046713,0.211405534085853,0.14686397435731285,0.11745785588084101,-0.11293111845487265,0.03933018674753447,-0.1875854323963558,0.030621783670066405,0.21191869194648572,-0.31995133557102085,0.027268967078349308,0.008244017469512593,0.04244862779656918,0.020670424944597792,0.007042333415410671,-0.13460637732246467,-0.11161928558160436,0.07696447537463984,0.08541580514217716,-0.30328979540901,0.19614611000631058,-0.04314589629016765,0.031457958596939714,-0.06426613548918288,-0.10562433941890935,-0.032858732854610516,-0.1497732707104323,-0.008049772558142624,0.12074839119273251,0.017636196718420503,-0.1654565424579935,-0.15207481695942623,-0.09851400220512735,-0.12938737803589995,0.03862064423021409,0.16599627012144216,-0.1121291244446686,0.06264070385582485,-0.04220392517416307,0.08478939805920396,-0.06718543268086245,-0.013905990337643524,-0.061600961659063695,0.2492047771504492,0.0013776090494001052,-0.029819059529974237,0.16297428797849497,0.08078868843124454,0.07288204193532509,-0.032116279770943126,-0.05524204140081354,-0.031540402635915975,0.11485874096825507,0.02468082467478384,-0.23250378293383325,-0.045722279408346125,0.08537979949016854,-0.02667422893223512,-0.09831951140696153,-0.05763151290634417,-0.007061144576325281,0.05598287619708446,0.1390839023152059,0.12423876596433352,-0.05233038599846446,0.17547508721146457,0.15965513082636246,0.05292716202030964,-0.06840141761627012,0.08490891888872583,-0.18957457979923967,0.028376001155875682,0.1770531958617591,-0.2865843817016513,0.02198411702949395,0.03313691659550677,0.024622906736746598,0.03605021788591951,-0.004616610374193803,-0.12950470635724687,-0.139012469461953,0.04388772037472213,0.07818932291666664,0.2541324076528676,0.0
results_s1/wuhu_candidates.geojson,cand06,6,6.6,6.7,31.3053,118.41305,0.06314448089252483,-0.1972040703658711,0.15295736432158422,-0.04653217029360597,0.06513149724291475,-0.0942863597783599,-0.01389308912341458,-0.009824583606918708,-0.29244504791856674,0.13557537593901448,0.0034423226201634734,0.051718658994882614,-0.1151202948309271,-0.10772119585458373,-0.1688503415125136,-0.209373184825171,0.09121870011805475,0.18093079797436448,-0.10915606727062836,0.07252264579694646,0.0156499941379813,0.014876955267653586,-0.09671665781701537,-0.06901007508207735,0.017715648851299354,0.2287161279963359,-0.04347823161265582,0.036770849807023685,0.0801959292226379,0.07437003735076728,0.10245229828738292,-0.01914457266540588,0.039274549552575234,-0.12055086758309198,0.08130744473610176,-0.02714085237123543,-0.2838842356684018,-0.05913720524640041,0.08447862033339525,-0.03399477755597028,0.0217999417930329,-0.056325347795964806,-0.07375076197166257,-0.012536399626428366,0.05133587133414411,0.1640511910790397,0.0005386148315176629,0.1555204902926406,0.19375518048663737,0.027531701107344948,-0.09108072958472238,0.1601532655524561,-0.1296907162273421,-0.007170381869067449,0.20942250012738092,-0.270057007245891,-0.014672833569136736,0.003389792846580548,0.08387281419793556,-0.0025082918475130994,-0.022974648502344576,-0.2303176429197077,-0.1207444993715858,0.08110003110907026,-0.04539100430539349,-0.19365734927141362,0.1839919422308434,-0.04731866854746788,-0.01479782241387996,0.01630966688524243,-0.1484320854610705,0.0036993140514190235,-0.15831785341227064,0.06782791786990054,0.03636843986025567,0.030630027644360232,-0.14008466340329964,-0.10226648378411551,-0.10267916195109515,-0.16765019702138814,-0.06512234143578088,0.16722013443197667,-0.15625811748254206,0.05744227304299362,-0.1409188948471615,0.09688915135406269,-0.058551020974225466,-0.0223419060288272,-0.0945363258053279,0.2403218418535966,-0.06022326415615726,-0.034298758940012615,0.1494554469519194,0.1169589931651021,0.10481555629211066,-0.009505230220975956,0.02664908040492499,-0.07499200234549497,0.061881099873536,0.14719694041021913,-0.17998242904153886,-0.06884033654863861,0.09113114458851555,0.07374148883160281,0.03126617055027157,0.04244139224124189,-0.04160720936578918,0.007545954715614082,0.08129777549781399,0.13496848649188056,0.07268518631882334,0.13109517055398778,0.19396495714174025,-0.0071733901407559355,-0.06076660595013552,0.18663727045092743,-0.10237029691020934,0.010495002264578229,0.1525641593946154,-0.28317376964363195,-0.019263209922066503,0.015985852720338124,-0.043378590197138,0.01512196015656175,-0.12172942573989627,-0.2507709075016335,-0.05628428605492145,0.025934115835901404,0.15928696646341475,0.08014761420428222,0.007621951219512195
results_s1/wuhu_candidates.geojson,cand07,7,6.0,7.1,31.34797,118.3896,0.10537288432048794,-0.26217264082727704,0.18960305902517316,-0.0756737829016149,0.026690644084095383,-0.16385756455946093,-0.03602180938495793,-0.062077175644657964,-0.22761138147574464,0.040656644312180176,0.044474952987972056,0.06166663270799079,-0.08119612099636939,-0.15529794037433728,-0.13334743110912306,-0.14256004624048343,0.14593958601211554,0.18857127106044938,-0.047272467669137154,0.04440976062555307,0.010378368603436236,0.08611860474532838,-0.09938056782949994,-0.004396216557638579,-0.011360487381828783,0.19695337415045205,-0.017386430047452106,0.03580699285003106,0.15323042973174889,0.038733835994319635,0.10673707121058292,0.0014237523085634948,-0.06305976172208129,-0.06918374317134666,0.12098094569192037,-0.07844257943050942,-0.31719814690357295,-0.05232675463052471,0.08408958405841159,-0.08893953138444409,-0.04459269298814868,-0.061752306040356704,-0.049338496227225685,-0.029997224375098587,0.093658778766174,0.16711868688557585,-0.0663254021938549,0.1786869564311226,0.1657315276857308,0.05575721064093119,-0.09656449944125454,0.09937053057812856,-0.21193686133386894,0.016989322649190786,0.19249054674280405,-0.27679782855265184,0.06063733055290416,0.0031281245978208344,0.0746523861188892,0.0017349430471529442,0.0029330148095945687,-0.13704104283585403,-0.14868191240123665,0.08753515401261856,0.06863794393142923,-0.30286237723269116,0.17549663994577497,-0.049366055639936436,0.011622132143501213,-0.11929063109346805,-0.11420231796286655,-0.07700787927860962,-0.19701740026763842,0.02605490864792306,0.09984363707159284,0.03864194716498643,-0.12408323667274522,-0.17847325459637203,-0.10741880748067602,-0.13879754716727516,0.09698044697738756,0.17256209890036955,-0.08411589510910895,0.07038544946290268,-0.03206152728254275,0.06098520387581365,-0.07945795999080835,-0.030411410924113383,-0.07880137011382629,0.22497163010784565,-0.01082523504200477,0.03582943854928803,0.11442525178100539,0.07624681106821077,0.11373377740932472,-0.01063906414616401,-0.03473626772400393,-0.0807386988982266,0.09994875000892899,0.0026092057409403775,-0.2655248358936594,-0.04921656939857759,0.06268984159529338,0.04265975456078684,-0.02916202314254394,-0.0429641192730001,-0.03456993306591194,0.014317254687848053,0.11006757379528884,0.12349468574911383,-0.022726596399949475,0.1318069899645087,0.18301661790016358,0.012977133353363717,-0.06284692214174478,0.13219946086364723,-0.19388076410449986,0.036184867511938675,0.16798604344688106,-0.275190574904912,0.05373695591559606,0.02772547363688236,0.037437571310516796,0.010231602950565808,-0.020159596579115983,-0.1413087998895895,-0.160062767721669,0.060173514474279544,0.1588794463087249,0.05371047678403809,0.010067114093959731
results_s1/wuhu_candidates.geojson,cand08,8,5.6,10.0,31.33575,118.39876,-0.012064554240594041,-0.2142576235883449,0.21739397959589224,-0.1068417491717769,0.034939342691411926,0.017871528316358153,-0.11072907476227568,-0.0012858974996577714,-0.21366938708417704,0.024612237953047334,0.10901512097709964,0.09204373169723491,-0.11941735116179776,-0.07001231917507218,-0.07404816148347727,-0.14334392905123197,-0.045468568678843586,0.2368938509934885,-0.15644508556359846,-0.0013032447789230568,-0.11503927624064236,0.10262834064385148,-0.021578574409122586,0.027725125901830964,-0.10747176075662432,0.20382371083285852,-0.08837000831183467,-0.08317477198894967,0.21565551503443284,0.16039825447842604,0.09021415243219832,-0.03994890338425278,0.03925032413354663,-0.07693475207221526,0.09256837902768013,0.10661124775170523,-0.11572203218384276,-0.0498289754845737,0.10602486435294362,0.04094267126285212,-8.586516020260367e-05,-0.007902291421880002,-0.06162305931073021,-0.0060399149569824616,0.09453888834177339,0.16293132234058086,0.005739941444980717,0.20332568184036748,0.2090629542603974,0.05737924602499818,-0.10400825973332818,0.2279857548053558,-0.17127144448753942,-0.04745597720790987,0.18258235182274457,-0.2918986909348802,-0.012738492721055553,-0.06494866993100175,-0.015904017160862403,-0.04944033226179933,-0.11038643004100983,-0.21659831421687448,-0.01731634623414496,0.02202990237954811,-0.014090543992023558,-0.24786437557334634,0.20633006333177473,-0.07018978645722443,-0.00818868012092589,0.0009454218282362048,-0.1515447380715345,-0.04055190215355696,-0.16828942258104126,0.0077444370160576325,0.11115125182386981,0.05094801719517842,-0.1494455695450896,-0.099221580826857,-0.07770379181720603,-0.12625076387766776,-0.04383531381578451,0.1753393228432562,-0.1505824827801312,0.05743348858343171,-0.12336036577763253,0.10792554639974129,-0.03548876520920347,0.016544993646705666,-0.12401633146029813,0.24413636717806728,-0.030113657333203005,-0.061321752110814705,0.16549001810074002,0.11959596393300821,0.0850494501690657,-0.036071523616747724,-0.002093689563905117,-0.06612638473733827,0.09068321627525198,0.10873688242771197,-0.13760037749676415,-0.04643518959661199,0.07945209517776743,0.05663576888014474,-0.03769451312353618,0.02039113003989799,-0.03854222398327582,0.012901566914131461,0.09824755964984129,0.14036544280810276,0.034898006321019186,0.14271649646901993,0.20904295796075922,0.024036140959034114,-0.07751772753991307,0.18453702137804015,-0.15576068164016754,-0.0022483781462315387,0.17744790995965296,-0.28213691730367163,-0.006214649004398674,-0.027373837773781946,-0.016685296765693317,-0.007378403179216801,-0.09119622414168187,-0.19475209560895745,-0.06668370836108678,0.022945111694838163,0.11454961309523815,0.19372432668871856,0.0
results_s1/wuhu_candidates.geojson,cand09,9,5.4,6.7,31.3238,118.41502,0.008635532439787822,-0.21929276165479625,0.28039757931038506,-0.09868963416597058,-0.04131268321982744,-0.07064983584838157,-0.11888031746594871,-0.0975080371137185,-0.17656568058132013,0.06734526721321984,0.025924704878221596,0.09313612387108271,-0.04462674546055002,-0.14171461307454422,-0.07785341058367594,-0.07128184663629311,0.024032990555944034,0.19447845731952476,-0.04547066115929663,0.019674006541860474,-0.06397567623181316,0.18545499546533037,-0.049037565335532204,0.0672490338088331,-0.131283265006413,0.14143007046312006,-0.09481208272922076,0.003220166277098973,0.21071473025778006,0.0640137059780981,0.1511008236055516,0.00032011597025627386,0.05427445060719693,-0.1363806285772396,0.06558628633186013,0.05322537676450414,-0.27501595251454547,-0.01209020349876847,0.03790065039980787,-0.017970651218257878,-0.06911203771965509,-0.020518375897749283,-0.1042343507044255,-0.054370567831095985,0.12932682985391794,0.18149889218793075,0.02014426366276484,0.1667948988052393,0.22118247048056097,0.04468039041761321,-0.01018612425316434,0.17826406503977343,-0.2283049263396692,-0.054518767107879375,0.1291717925255768,-0.3086834727965985,0.016680018778362872,-0.07496031174267657,0.05908447217008796,-0.007998749953277118,-0.10808969507082504,-0.17419627911933394,-0.06589375245997486,-0.07633085146224382,-0.019117065184886536,-0.2269143266974684,0.20909186806836982,-0.03777932721111848,-0.03252820819727032,-0.02503039089731825,-0.16098368733764418,-0.027773692526962587,-0.12532864516481984,0.06001991258424759,0.07014962074238243,0.063368984648488,-0.1069263919280384,-0.12469613803244003,-0.06392907341996548,-0.1004416125173338,-0.036395704899263075,0.15233787722652012,-0.12279097714049708,0.04758863869612229,-0.11445122712638398,0.1538073812512358,-0.03797510144489833,0.03477373957490287,-0.12004291456660739,0.19913032221198068,-0.0587389029983127,-0.03692619640739277,0.1916633772053746,0.10313215369757234,0.0899979359446839,0.0008128021084078939,0.004476696239425588,-0.09872362078199455,0.06322416305523158,0.09749036970235107,-0.19243132929776302,-0.048866243406059925,0.061542444082573616,0.014862502298028771,-0.05157144415168212,0.006648222451062621,-0.04152929369589119,0.014851173235419136,0.1147170574455225,0.15636863669579337,0.023585432892805548,0.16693074442787056,0.192526790556877,0.0453235214527456,-0.06378715534466026,0.145746126692044,-0.14824461706040898,0.012408605924058153,0.1290830054884544,-0.29910491637701286,-0.0209273884736915,-0.029339946488227353,-0.016476576126140386,0.010067889409804298,-0.11584991874401346,-0.19968584068010678,-0.06762802114292728,0.0157053278082545,0.14516085199004952,0.09101961198707335,0.0
results_s1/wuhu_candidates.geojson,cand10,10,5.3,6.9,31.35956,118.3242,-0.11852509145165198,-0.11812319234906708,0.17497962152837657,-0.0765365485455079,-0.008421674719333444,0.12007993482041,-0.1160946554211864,-0.01110188589531621,-0.06723923416228085,0.06814324102777954,0.0795494052504103,0.08728323615717806,-0.09260291590847568,0.007724377937733821,-0.06626657369219573,-0.1005072016248103,-0.17090758991816246,0.11165237653333615,-0.187992906609819,-0.0390901392887315,-0.137167654153216,0.1652911300706178,-0.06964281812042787,0.06937446328730974,-0.12767721055297915,0.1286863115413056,-0.07564903115275508,-0.03783825542124856,0.2140600507184691,0.10918401803335637,0.16420652421790227,-0.03960025677708881,0.10201823895631372,-0.11394551088429794,0.024043348871875828,0.24823152184662484,-0.15437420607130342,-0.02330021666452478,0.12426060783606965,0.15454084540930954,0.03167319711927061,0.06316397046057769,-0.01240324924037469,-0.013908198406387438,0.10463467093087087,0.08743947142309437,0.12012339248852195,0.17951468273118446,0.24931386053507953,-0.02180989347282891,-0.058563650869905906,0.19396976262980278,-0.0832001313849338,-0.06854998965001498,0.1695342054001399,-0.2712682940240402,-0.0636408850518516,-0.02522497553078298,-0.15345990572709364,-0.034573561004318513,-0.22394095530111136,-0.23719125305218297,0.00913259384033935,-0.007728859734400675,-0.10156367996702853,-0.14741405122746948,0.15548962909523137,-0.06417556300928824,-0.029926629576783277,0.11377710981866557,-0.14782837052241932,-0.004075075967797487,-0.08572948469457439,0.08022877721214225,0.08970176177401754,0.06788576358881855,-0.12088449553646367,-0.01164800513859608,-0.06283593601570532,-0.09415067318577229,-0.15444579434590064,0.11462098302016703,-0.19605902489827137,-0.008229378832197067,-0.15696552452778254,0.14752698138952192,-0.06583854029296851,0.048872976874402424,-0.1441889250468735,0.15925907236670558,-0.06379907283976835,-0.05479774110012077,0.19342143338283505,0.11409007396956929,0.1267016223422317,-0.023141132320957204,0.06991581952541069,-0.10126001100408251,0.033827643830558,0.21914155729595577,-0.13295643537901533,-0.03773192395832463,0.10124741641833103,0.1296899611313049,0.019045938582060287,0.07827197162909251,-0.005835344189728433,-0.008326876095172268,0.08057998451271799,0.11260133638274637,0.11441884654958347,0.15400824146981987,0.226558645415045,0.006348499161655764,-0.059981587421851446,0.1851795608535533,-0.08940544806014969,-0.036470813304794805,0.15844325626096353,-0.263194028544734,-0.046078783940894784,-0.02928334662659165,-0.11235874302826779,-0.026141262710833498,-0.18915442487068093,-0.2575936108053755,-0.003915767370517003,0.01562120544451238,0.11474577067669163,0.1915485356076892,0.0
results_s1/wuhu_candidates.geojson,cand11,11,5.2,7.7,31.37977,118.3587,-0.06556253844480762,-0.14714151557532268,0.15906696699120162,-0.06392397740202484,0.026905755597701333,0.1512466258453495,-0.03545958052249883,-0.07102289004469292,-0.08341964717965962,0.006319587855249543,0.07501182073900312,0.05752988512294553,-0.14353891486588646,-0.05357289358390879,0.0020624058516325134,-0.08739502156295542,-0.13904504475833845,0.16526737320022838,-0.20166559833661526,-0.04884738305267274,-0.13573239817178462,0.1253076613457835,-0.06441181109492072,0.01625422699595662,-0.13116471472477748,0.15213966441945034,-0.026066895273921056,-0.03198567354456292,0.20260521599729703,0.11452210660553477,0.16956006035447138,-0.018810666949458394,0.08793076675309888,-0.1283033185888755,0.03255978773896423,0.2221211013749418,-0.18041222733503715,-0.0885279438151171,0.0915043944413804,0.15133484967610522,0.07643843726266113,0.12163037100190632,-0.02563299656964723,-0.016218307194708348,0.12470791068556897,0.1134204932397004,0.03292310737863353,0.12500535339869165,0.18768225246787526,-0.04205657793713492,-0.1066233494983151,0.2232863000315498,-0.131908315978909,-0.0677400098441513,0.21805111477696817,-0.30380546610764203,-0.010287492998667437,0.02891881802527028,-0.12703818913227327,0.004670859579205981,-0.14963933222383194,-0.2857960838425633,-0.013935180052443971,-0.022562124467992453,-0.019316547924715467,-0.25879463448085704,0.1857124327317564,-0.03721493837751991,0.012752492905876692,0.02913698223618054,-0.13701511311281975,-0.07135076221664578,-0.08714931623554632,-0.01983542278800313,0.10596619679296626,0.04260413996663888,-0.17976217352569984,-0.10351385540792667,-0.05562719019691256,-0.12207417407544861,-0.07166105354037286,0.15396407097605197,-0.15818607519332087,0.023188071219516153,-0.10397997050603147,0.10609410614261933,-0.031880948162668316,0.01254733138417231,-0.12898518977382417,0.2340840985827707,-0.006681600195578939,-0.021517203464890357,0.19000396433737302,0.11580014926444933,0.12642381569953312,-0.024607908667998137,0.019292792998907647,-0.08304854766655316,0.048933341048865625,0.13481911189756343,-0.19284776479326723,-0.049705212200067996,0.09127200231875199,0.10961672963205304,-0.006609700920113246,0.03103005509633114,-0.00689774748892837,0.019763062626523657,0.14120314889954189,0.08613711052682742,0.021237191791886805,0.1386744807093679,0.20771993781879616,-0.02135807133461203,-0.07983197162775119,0.15299947450707654,-0.1503207734870007,0.010530623709758812,0.19375462817853853,-0.30703559130322056,0.0003535080311115915,0.0220633770751656,-0.0769018839845169,0.0345502837547924,-0.07593334117244024,-0.19531791018704334,-0.0777719003841326,0.021554181241094865,0.11333998708010341,0.26909811956307905,0.0
results_s1/wuhu_candidates.geojson,cand12,12,4.9,7.4,31.27898,118.36975,-0.10480154705879932,-0.2181135034033836,0.16119847861157716,-0.12393063559817677,-0.028933041244580113,0.034219857364732424,-0.0854188545732693,-0.0320150750842945,-0.0987720696478139,-0.0034186382086671564,0.036573682819941396,0.06698591066508319,-0.06601540713857192,-0.08703580322141087,0.003037191635899405,-0.05107850558138681,-0.12901723108455646,0.1953099668558076,-0.12872035698567932,-0.0009662274368374681,-0.10366271782239932,0.1346924213195177,-0.07117931266563575,0.03616040774798389,-0.15960287996715306,0.08069935515806599,-0.06039781541636192,-0.08079953743503744,0.2177784766209124,0.0978971263466526,0.1788304126706765,-0.038040984935675155,0.04710868356531639,-0.135473584023588,0.09454787149852346,0.18301532061348888,-0.1673890220669407,-0.060432630259084345,0.07250499733384429,0.14104543680861456,-0.03865180704747324,0.04321004944730333,-0.040450120019389114,-0.026406506049680895,0.07231621005051977,0.18851044180620785,0.0667723220616509,0.15094094488366047,0.23710926651119843,-0.08070688605774391,-0.062425667221347486,0.27376176223052473,-0.23244930576334896,-0.06333009755123632,0.16146827634457855,-0.2643774419940309,0.03901410393451108,-0.037290665431167366,0.020120161579451904,-0.034909124272403114,-0.20879373689863753,-0.2421445018706683,-0.021946345245875677,-0.059075811783277116,-0.03356310987447489,-0.2974244323011507,0.22140118865410324,-0.036098475176628196,-0.0331331859949143,-0.031162304682360212,-0.1769062007363359,-0.040328953997117487,-0.07470074123944656,-0.047796195146284304,0.10001967805784212,0.06202915827335083,-0.14813038152145905,-0.10858117013631499,-0.03911595001162901,-0.08282540540259524,-0.07532103098154083,0.17534224907924703,-0.11339769974935685,0.05388699290664818,-0.07787081105683616,0.13101313446285184,-0.003604958764307975,0.03253876246603719,-0.1554539254140957,0.17852136332320045,-0.0159535518684302,-0.056270656872912946,0.1828775194519659,0.11378417534682271,0.13231418639078574,-0.030093024520411415,-0.003611567387613008,-0.06628602840243712,0.03635930564259625,0.11054656657836469,-0.1723673301499748,-0.031857798963645795,0.06852110392439119,0.06873558310665762,-0.07942364648390214,0.009180861501211524,-0.012751414187252109,0.023854314980675504,0.12040826869631234,0.12992259391825148,0.04148450772156012,0.14890335494376872,0.2346701886478719,-0.03461467809614389,-0.058822626874312674,0.15038356325506552,-0.20023467243901144,0.014009795685530685,0.15327333121035344,-0.2699385306847464,0.0023858778132635292,-0.004319678670417448,-0.0165590447381448,0.052870700912231804,-0.11002998724876104,-0.1721121017245521,-0.06593620861157792,-0.008327131457842649,0.13119942411924113,0.15760847670632336,0.0
results_s1/wuhu_candidates.geojson,cand13,13,4.8,10.2,31.28338,118.37738,0.03866074393650659,-0.20613238171656156,0.29726075148539644,-0.054426855393060684,-0.004885425533022707,-0.11169498832257338,-0.08563573673444375,-0.03975545333763848,-0.15078890706226997,-0.045026576623842476,0.05470704028758018,0.09770382218413882,-0.08491897000347315,-0.130686558371582,-0.08727601428864364,-0.06544750368215953,0.05635899751713488,0.23300064179400934,-0.015443154594514783,0.009311405296393738,0.033789107062871984,0.15062587041863781,0.012430551166163345,0.06479416699853069,-0.0882758443175387,0.11461058402078568,-0.022848071537181245,-0.03716344553605817,0.17496522338607276,0.0726378743987225,0.13673004585760218,-0.010216405771572467,0.053797791399683534,-0.05876031386083051,0.05466761999940985,-0.011066201790678291,-0.24082598553401652,0.005778530452591228,0.025051782719429042,-0.11502168091632034,-0.09349018556118818,-0.06667431796110233,-0.08676645939048493,-0.037042884716518655,0.11305127263313343,0.19911710649328027,-0.018046739666713402,0.19653668703310073,0.2217433112495444,0.05840653870848876,-0.05705514768371733,0.1461212604237902,-0.27393888367697233,-0.05515371037442664,0.18278399938446457,-0.2823712826950907,-0.0052006024027818395,-0.06647984029566185,0.11758940218917112,0.04072824851609138,-0.05429600151365274,-0.14475306671914223,-0.05930828437366341,-0.039305655754784646,-0.01589320376275417,-0.26279074123907686,0.2589829576373964,-0.04017003032080701,-0.03028959595983618,-0.02328811826040753,-0.18932877095023726,-0.018864774493795436,-0.06352402032888535,-0.04576228762668224,0.07775662259181944,0.06339965532871239,-0.14277484561102383,-0.11559202710165255,-0.025205506061647565,-0.06442491042542021,-0.06810393143830304,0.17431376518057853,-0.1004037732324358,0.04841422969036477,-0.07129072808832909,0.1432119817328983,0.0031317439716261396,0.0309469998436199,-0.1353958253654879,0.1851862873430274,-0.017853493375542814,-0.07827554810434816,0.19880572621097192,0.11691698777509794,0.11366321672563431,-0.015794888143238952,-0.0077893964759702655,-0.052658170172783396,0.026347549211444637,0.11296071154802288,-0.17975806975611403,-0.026982190184144786,0.029363384457192908,-0.008242212733574615,-0.07335066480068998,0.011522786434250374,-0.04188721739454866,0.03792803223282493,0.13003899955890824,0.14062336414100898,0.03178431843541588,0.15098530730808304,0.2114161335057485,0.0019588414959252525,-0.0810919933648272,0.12961380547954784,-0.19709389183523904,0.014583914863598764,0.1344649039373657,-0.27598825969047475,-0.01597098389549471,-0.013019937220397805,-0.004512743444273277,0.09086574251578348,-0.1096783354805835,-0.17822254048617256,-0.054895126206158294,-0.002369099713620658,0.1431317226890756,0.2502827947868932,0.0273109243697479
results_s1/wuhu_candidates.geojson,cand14,14,4.7,10.1,31.35156,118.39113,0.08395236197291422,-0.24431204716024243,0.18489789491248987,-0.11344924316858197,-0.00362555490993769,-0.20534986612761047,-0.008087609376583373,-0.020322980360083346,-0.2821691571341261,0.03804105991375264,0.007359557031490531,0.060131717104352715,-0.03832992068301118,-0.13768207426098533,-0.17031399009674725,-0.1260605462369534,0.16394097034291435,0.12681062424335182,0.021313333280799106,-0.020315008984042187,0.03427789300743318,0.06685765066156478,-0.13387498875007414,0.05774378814001363,-0.009311996699745254,0.0980794679555799,-0.10475589492659106,0.050143054817657226,0.15590573757970172,0.029642995440168303,0.09837429274083591,-0.0009615697002549736,0.015125601706864325,-0.00866245812297182,0.1086416103340886,-0.03756724275964451,-0.29824428991090074,-0.0740837376048628,0.07217566722947405,-0.12362061392867321,0.00028311242004257605,-0.035144895588936895,-0.07129021960823023,-0.08863007769119308,0.06706914512038005,0.1879122529284715,-0.034527375234347554,0.16148732383929454,0.10136708407866257,0.1269352713482118,-0.07766766053108501,0.1326547267453491,-0.3055444473338261,-0.08709467398440651,0.1867423269975688,-0.2832604946428233,0.07885318912414546,0.02478269290667811,0.08702538135347777,0.00542612368959965,-0.015623686903814406,-0.14412152491345334,-0.0851106612523245,-0.005298874758567269,0.05781920307528111,-0.2965471428456766,0.19709020331449273,-0.05682446362841678,-0.00698119290946022,-0.12113422177786795,-0.11239610331258981,-0.07995473440993969,-0.2060355346494793,0.02432512923499244,0.08438494832047637,0.055473927597738476,-0.11139498602029418,-0.162477066620659,-0.10075371373997097,-0.12369427632720431,0.08678570617758742,0.1700854164461781,-0.07487039129288918,0.04431316672936089,-0.03471678749640029,0.0693155007175927,-0.07979571650982409,-0.006547555791947113,-0.10031985906731078,0.2029990692292491,-0.04071882878001844,0.027664887471824374,0.1355829099821016,0.07967788855738533,0.11165613775969024,-0.014701296805766017,-0.007470998598955323,-0.08585910083581162,0.0879888798489685,0.0227063517265851,-0.25333199471344575,-0.04824677225371827,0.05420771803630321,0.03784329388376734,-0.04492061623735605,-0.03236362186372586,-0.04879064489228142,-0.008838344545808468,0.10151957142254721,0.13972841400849106,-0.02205210639194731,0.1479775636894193,0.1817749711709514,0.025890508535798162,-0.062240085276647414,0.14470805017047186,-0.2120066642762953,0.010526457842135831,0.1652649279559079,-0.2849114056800696,0.04415701913996208,0.019119142753766936,0.04659546152530215,0.013427438441093191,-0.03284050465054948,-0.157760157542713,-0.13446688391073722,0.029367551685593633,0.20698354519774018,0.02167870424453961,0.1016949152542373
results_s1/wuhu_candidates.geojson,cand15,15,4.6,5.5,31.32075,118.41763,-0.08997075882351906,-0.1079478248644155,0.21057366778237985,-0.12028098665864195,-0.0540629246660477,0.16421992703519606,-0.1237314973496846,-0.0164284852564368,-0.12655518388172785,0.050163390221316564,0.09867359849247526,0.04391630454488041,-0.20983742926605173,-0.04636933659454732,-0.04736179457913604,-0.07936303771035368,-0.18216500748136655,0.18026523521241103,-0.19150656321209192,0.02479858677501605,-0.2082268661914402,0.1864444714840699,-0.026563929921174647,-0.017142522234818824,-0.12429690075755566,0.22942488411082826,-0.05356428907793808,-0.059196107787692215,0.08722984812271183,0.10209182760516858,0.13557020052095195,0.04666039084568294,0.05547242357580099,-0.09618541354669334,0.06822900515720345,0.1572625774800238,-0.14876382820100853,-0.06132545270020916,0.1375554235385611,0.11717368142667159,0.05018116583592434,0.10402052328314025,-0.06018372215242748,-0.005649334301365753,0.07240127329665146,0.1382259758201436,0.11948256945181379,0.11769534841335325,0.19739986547267716,0.0014883467340264553,-0.0034990769010749775,0.22716349454171275,-0.0973197721659145,-0.0186554024151503,0.16391835015132347,-0.22886223307403325,-0.08445613303136092,-0.012856590851637205,-0.08118893025398335,0.009662836272059987,-0.2014423544750357,-0.26734729622245057,0.013534149923104782,0.06198309235045196,-0.047030373999399286,-0.20705403015310145,0.23208236053507042,-0.057837046653342994,-0.03309427367459448,0.04741074920403214,-0.1720991957260304,-0.024374430252119585,-0.11473740100805309,0.021285153759874397,0.05760508181468964,0.042341829667428,-0.16804717414619288,-0.10484939611050882,-0.060978690784406014,-0.11555726450577389,-0.09776010490709316,0.17949518556928737,-0.13786569275547852,0.05297803313533427,-0.1436171723835647,0.16954710884454854,-0.020346187233923764,0.006854085887065952,-0.11563893874175672,0.24751331970206822,-0.0337373155750892,-0.06447206433535843,0.15221988368312786,0.12060303381326636,0.10871305472802993,0.005701988734478567,-0.0006135229673492131,-0.09191279414724156,0.06552431596832242,0.12200488050335798,-0.1795996774064186,-0.038094924601544775,0.08970271609894395,0.04219835465826835,-0.010501181377432613,0.03249146621550391,-0.05757451760028662,0.015373122104579123,0.12176189006339304,0.1345772089310614,0.061270959253010175,0.14492949792820084,0.19871349411909245,0.024370519334410968,-0.028997890379352357,0.16648714180600557,-0.13724663984824545,0.015662636341708485,0.14473801774250744,-0.281958252283868,-0.04326459052517167,-0.022100468273968842,-0.048432863198912136,0.03017189760043415,-0.1304740896021781,-0.1990616092780212,-0.0465715505421943,0.02193012879590921,0.12179385775862069,0.2209810592053296,0.0
results_s1/wuhu_candidates.geojson,cand16,16,3.8,8.2,31.37195,118.31791,0.04713773785342178,-0.23170957836913772,0.14833300954575543,-0.009645519294802406,0.05517872210407607,-0.09656462416486478,-0.044977833509325896,-0.026128602897031478,-0.29015897106182215,0.11760319234509498,0.004662425014839979,0.022056677961566108,-0.03822493637073037,-0.1719197230728125,-0.1948324166032742,-0.1728220737844508,0.06555487204239749,0.15810021491616463,-0.03741823879876399,0.08459748504478053,-0.06578559678128197,0.07195077212452274,-0.11750520323527723,-0.07130319143973378,0.009830923448392297,0.2551059144759864,0.05295908603578471,0.01222603095934493,0.09595987052090686,0.019385688229675357,0.05275385792726329,-0.014405308651113393,-0.037037016764317816,-0.06530906163595454,0.11743697079131964,-0.015561066509976986,-0.28218856628311856,-0.10738520279019886,0.06951416174989879,-0.01194647476879253,0.014455724139341875,0.005443125588873542,-0.006728923726635377,-0.027207541893862222,0.09701064794628488,0.18096066564920657,-0.006534526779098712,0.1681213941484501,0.2074989811230808,0.0018373110136223677,-0.08272562378869062,0.1430444284243889,-0.11978829199322745,0.0007410416063236511,0.15625992934174104,-0.2787856217305491,0.07790927631022877,-0.0027598422957527567,0.05654525634611561,-0.03816774795130928,-0.024351070603453675,-0.15199951511341586,-0.12711162751255872,0.05596457839920116,-0.007837089040256045,-0.2391039044316327,0.17143331174680254,-0.029465168784262134,-0.005375600286215611,-0.035013181518588475,-0.09541105869665262,-0.019663780584235225,-0.18031526801279962,0.05590564360078133,0.09013625916813957,0.0035232066849674466,-0.11145003286778347,-0.13882221495947814,-0.1170252146149873,-0.1361621562520174,-0.05191676562662552,0.11433373868975673,-0.15251446598701246,0.06230066756300785,-0.13499949661214566,0.10473564490040337,-0.08467141549167254,-0.03163329401475689,-0.07050363303810372,0.24885562016605148,0.0036051684050261096,-0.018592571019897357,0.11489880926045169,0.09306150225332095,0.059832593858757686,-0.02497959946208964,-0.016717687183402035,-0.06574273476112173,0.07286395781799916,0.07094667620725795,-0.2185250457523838,-0.08923190298989031,0.06433563087823999,0.02536936803133135,-0.011321515311824017,0.03906239117137255,0.003551303247956781,0.007238097860443914,0.09741381491730984,0.15355979889112484,0.04128958871868136,0.14534235826269237,0.2157655715852176,0.00221773573254024,-0.09697678961545957,0.16006854576296772,-0.10990766411516656,0.020128091212816338,0.1292673554524591,-0.2521930492009541,0.013923235008448238,-0.003143696786131119,-0.010834024601104282,0.037970205037981784,-0.0919209771397838,-0.2089518110885162,-0.11386360887908163,0.07378741505728202,0.14040576241134756,0.1661711050149815,0.0
results_s1/wuhu_candidates.geojson,cand17,17,3.6,6.4,31.34833,118.35807,0.022616791965539743,-0.16137875334745713,0.24446849997546882,-0.055315734720492525,-0.003944963303632711,-0.06673660045519836,-0.026815437811062156,-0.016045444968997968,-0.1573255398085807,0.061216192388393494,0.13971039038876498,0.07643179446612533,-0.06262546948733477,-0.1399427983818804,-0.035032576047948766,-0.11878586241392754,0.0284818621009201,0.22834757930029134,-0.12066320447165084,0.05045457221772121,-0.11044322535390347,0.08170111363891545,0.04031197394835557,-0.030181351253559908,-0.06280378692636608,0.1539903353781295,-0.05219802342533409,0.011453775752838354,0.18399201153689426,0.10428247659568926,0.09008334945290325,-0.018325623677004996,0.024104846279789045,-0.11486926609702162,0.07740222523858216,0.13333383243081887,-0.19343971126173568,-0.022933106402969698,0.06387276249265807,0.03242666779482054,-0.03444142618350783,-0.02114780289872986,-0.069017968148905,0.037192371336409756,0.10107233687034121,0.23173665860835088,-0.025603206058462814,0.18675584750684665,0.27814586459281315,-0.020766157844729776,-0.09151040050551253,0.2576995521965328,-0.15898498502889005,0.004987786714698927,0.20564079217762177,-0.31897040751119615,-0.010226042944815493,0.02101069349198136,0.045152542112776126,-0.0841714609317877,-0.10758799509481189,-0.24261109416633692,-0.09062816758622101,-0.017953999283878055,0.016541048473753473,-0.24908665710313002,0.22303867339358135,-0.06388857944174947,-0.029422661645092746,-0.07972903800502211,-0.11950672460126378,-0.06881289260593595,-0.14895591731282604,0.0024670455454628044,0.1288982914493465,0.07051428454057723,-0.1157778043358147,-0.12892024122799295,-0.05706063536713752,-0.10723511040604913,0.025082005924621023,0.1960541736571226,-0.135378206992038,0.04861368903080228,-0.10437643376447613,0.11244378071563027,-0.02065426818829311,-0.0014595637149121678,-0.13619907879149204,0.20876636358086925,-0.03739842853101898,-0.022575424441668074,0.17624819836215805,0.09558803822417627,0.10725618094550174,-0.030055304335669223,-0.012742859326789905,-0.09405995900448168,0.07585197053627533,0.09839230854287653,-0.21134719799303728,-0.023684159660847585,0.07131883070960128,0.048485588756116395,-0.051294696952834576,-0.001036530780846896,-0.051087103745640114,0.021225516650992794,0.10325100072158894,0.14692009062668301,-0.004275626711633644,0.15665744702984433,0.22159140696996932,-0.0058012507671991245,-0.07162439144905099,0.1863428189577243,-0.16267080481285995,0.028457017025504978,0.16540031007962427,-0.29834688721323743,0.0014565799284457072,0.0029943799608219785,0.006129029404067521,-0.01709298529845543,-0.08485609740244265,-0.20464029077063006,-0.09920798285727946,0.018923951262014713,0.1280827247191012,0.1333375846523675,0.0
results_s1/wuhu_candidates.geojson,cand18,18,3.3,5.8,31.35938,118.32798,-0.10115704278766241,-0.09786610456199589,0.1862932025041314,-0.09252987174675978,-0.046242373441732855,0.10909067722183699,-0.09589215376094647,-0.05096488489156034,-0.033592611560509036,0.09084252368629374,0.09764040006532615,0.06376943050060663,-0.06266413815642809,-0.019079027764623207,-0.05589933749209369,-0.0622243276436669,-0.1453795138795468,0.1278416905552685,-0.1739663898773603,-0.033722373536428395,-0.15262051304302887,0.20438926802545498,-0.05774772333594078,0.04105806275064847,-0.1678854018969426,0.09672284274611725,-0.0692833149895207,-0.0206965278120142,0.21910927159762114,0.07250145512373853,0.21022573404583814,-0.029991420200250397,0.08136680006474556,-0.13796527018852323,0.011668464068271787,0.248710247404473,-0.19661248818011676,0.0015169098399058912,0.11320652592864358,0.1232844996174074,0.0061834499808353744,0.087451589692552,-0.014433262589859506,-0.001945207581957167,0.09879699944266124,0.14287762070234786,0.07221667993873611,0.1803091302661953,0.24245642685684876,-0.03223258672261863,-0.04861473688910747,0.19950247564141976,-0.08773897764612333,-0.03942404558216693,0.15783541662746228,-0.25825668166744903,-0.04712671127485155,-0.017141357121416102,-0.10243650034925912,-0.050096961880657015,-0.19727597933071972,-0.25825711021679126,-0.014342448837040644,-0.022278132013553425,-0.10119794702509935,-0.14708899989523805,0.16259709127267868,-0.03152383093998948,-0.049330341788738304,0.07586377407915385,-0.15082610908948285,0.032578430848409286,-0.044255612375888584,0.07590392575897145,0.07952814899605248,0.05593868436322662,-0.11136894103362999,-0.031135946061873383,-0.045475130883645055,-0.09902563563689971,-0.1493556648175055,0.10414390115302924,-0.19579526861264265,0.02596493618373469,-0.14871506916489716,0.1504780963851632,-0.043635668865900694,0.03790835380641566,-0.12076969417518874,0.1747488001033444,-0.046608354683242884,-0.06026812921180098,0.20558374747357483,0.12366959706865945,0.1060752607955165,-0.010872298940108155,0.03512746664972917,-0.09369868350112513,0.02945701261169511,0.21678254741240788,-0.13227992558207552,-0.033451162650070414,0.10174135580072188,0.09806052915727295,0.0014645973824883353,0.07553417493120039,0.00907289099186768,0.021805598932592644,0.08762023844674123,0.11797601562582412,0.10228349860336447,0.15803979339021618,0.23897848057573565,-0.008138005426654946,-0.0640147963910008,0.17166760641048565,-0.07115595622897149,-0.0039089199488765835,0.15275715654817573,-0.25844757054691997,-0.057335981391149315,0.006887786201677271,-0.12765968364151176,0.005480127463576276,-0.1868103711502491,-0.25707466541623086,-0.018290309439644024,0.016155016366178682,0.10953594377510037,0.22849707542120035,0.0
results_s1/wuhu_candidates.geojson,cand19,19,3.2,9.4,31.2876,118.35969,0.07270217814136429,-0.26724793741074354,0.23510941828496773,-0.02657089134912816,0.002112104127174264,-0.08149635703585666,-0.13072717245546145,-0.02035953998862491,-0.15807821239330183,0.004726506732262905,0.09711893075591543,0.08227956047326707,-0.12664012524741303,-0.13811541257812163,-0.06372369004208736,-0.07566798242721803,0.05751469622786197,0.19555687544942238,-0.055494251396995736,0.019374099479840413,-0.010135506509530805,0.08042774384394982,-0.0007400536995499183,0.06227825406888155,-0.06588873934588226,0.21917249952704662,-0.02080526289001658,-0.04115964782146346,0.2035376012634179,0.1021681529221563,0.05280843063529698,-0.016607524456905266,0.006740418503549228,-0.04895770530502043,0.09096471668777337,0.005978515994832565,-0.17339268359240312,-0.029945107322745915,0.057888541638509546,-0.0679849300356809,-0.13907149720842965,-0.07531219216852252,-0.040161373627659286,0.030734926831929056,0.10989947690385485,0.1623886924526404,-0.0769948603865487,0.24369728144234246,0.20697352850122477,0.08732401220549026,-0.09303159853933822,0.07734067811380595,-0.20718883999297785,0.000988063694079594,0.2030198265456771,-0.31505222980175446,0.0003537592270430328,-0.002060094221260108,0.05570765914245879,0.023624777555426146,-0.022062571097565247,-0.13602034532,-0.0724763185669688,0.0381380150688229,0.04251081962907168,-0.3144227082586329,0.2039315693323262,-0.01579509258025018,-0.023613482339830155,-0.0408023373041347,-0.19232926883180146,-0.007485447059929102,-0.10040445459493183,-0.009700701827555773,0.12341773779578122,0.028241876057632072,-0.18987661421733187,-0.1322173466285605,-0.0519823988033394,-0.0975919138828393,-0.021455332471237643,0.14557917248274735,-0.10403859765241859,0.06884994723006746,-0.05709608187409633,0.0824704012777083,0.0073245060277212235,0.00525984699099606,-0.10867303069782935,0.2535475889948874,-0.009188507811976157,-0.03360510769274448,0.1705974164579822,0.1186058700799346,0.0933015098900456,-0.026307612585269917,-0.02616827465887547,-0.039956076946305964,0.0507157352456872,0.07468465007061673,-0.16566336083820074,-0.03831625874095208,0.06742626813965208,0.013957530105271655,-0.11024113855539037,-0.022822235701408837,0.002387936632015865,0.07972316359999275,0.1137168916102622,0.13561691434458978,-0.023662424875509264,0.17456366802928894,0.18797118561327333,0.014626776695613644,-0.08927779675816534,0.07848360483759766,-0.16428031110625402,0.04496400330912878,0.17162207087403505,-0.2891104393901702,-0.006564586125832935,0.055146856714773394,0.005285632138560126,0.0629645534714588,-0.043550223216842494,-0.1632520897573138,-0.0913640287379327,0.04696163823434241,0.10841728395061727,0.2717576099326567,0.0
results_s1/wuhu_candidates.geojson,cand20,20,3.0,7.4,31.35022,118.35088,-0.0005985188106956278,-0.24730467604745296,0.24523312838365174,-0.08111751521620868,-0.0558876949087581,-0.09378347848031801,-0.1323058270996697,-0.05745445731123985,-0.1461816496751451,0.019226590033773246,0.08775942989656507,0.09309298471304847,-0.06184389388530749,-0.1178719775892787,-0.06281019638881197,-0.09415606235725373,0.043988937110208626,0.21516135184010327,-0.07089250917752658,0.007778731558602817,-0.01308010357378858,0.16874127354919694,-0.02613959068856218,0.06459732761292959,-0.11670906938763287,0.11322233011230551,-0.07033984097350832,-0.019223045197338532,0.20418984251244993,0.08802277363853488,0.15356011334559208,-0.013537409594530477,0.023769942189199526,-0.11318841913411885,0.040239932475290056,0.04344156957034431,-0.22852200073734402,0.020467385093993904,0.06387559946783905,0.0005578776204324783,-0.09026993449017155,-0.010632338713960236,-0.06636418801341006,-0.028930242433665702,0.11170921861570719,0.16790738534146898,-0.003622338946745657,0.18307457081547865,0.25963299778878063,0.00461374010884438,-0.04578692958043824,0.2088807450281174,-0.20346706640089385,-0.0270372417107866,0.17908210891568718,-0.2865117449407231,0.003926130323167178,-0.04003866761225596,0.0616490246593042,-0.008471141528406903,-0.05731090802613222,-0.16539800613665243,-0.053049646875567624,-0.07164929028009207,0.0005789423053151434,-0.269773239736558,0.17873951294259943,-0.054944683883002776,-0.0386930494859053,-0.043660937995031984,-0.14802506005623006,-0.01718500884357769,-0.11577879437424107,0.017547808776355513,0.12663009232208988,0.010530004342919834,-0.12227659529752956,-0.1394043617071468,-0.03916720470694441,-0.0912830152120312,0.008190833184738785,0.14548305363782604,-0.11840104875715121,0.02758975162847653,-0.05721927856051135,0.13402228914210604,-0.03245398156346426,0.024388055201694625,-0.158960408212204,0.1515908259103704,-0.05348435876720389,-0.037455582594253904,0.14984590989299043,0.08539792220963799,0.11898259826990652,0.012896678995950527,0.012132044525311969,-0.09003171069195791,0.022579503798600947,0.08318721199388676,-0.16674184562963654,-0.017890202136373136,0.049099450768222946,0.09245161516919297,-0.058686548614419416,0.00735920730634639,0.0096948053074078,0.0222359129698138,0.08623554833518028,0.16145357965005014,-0.01904746009071857,0.16406049697734096,0.1723186396045083,-0.014045893856539428,-0.06470758689769882,0.18720634840045638,-0.17720680611734801,0.014578457250875622,0.144471610933063,-0.2473358445552757,0.00026931497799960767,0.053372777142326605,0.023161638825144243,0.04254175324397543,-0.06861575838057038,-0.20635270035272302,-0.08323182992138098,0.028962361046380586,0.1252195945945946,0.10370583353178596,0.0
results_s1/wuhu_candidates.geojson,cand21,21,2.9,10.3,31.33997,118.41763,0.10928303411445718,-0.20344068625895426,0.21479969975444843,-0.06852365373975026,0.04644036525865552,-0.11163089791381621,0.029294972587763653,-0.02803847108726184,-0.27870437835972656,0.06661339015792207,-0.03572978481088536,0.07318102169908096,-0.05913287054810854,-0.14715159213175247,-0.1387079195260617,-0.15119814830600967,0.10889512637476864,0.21543351460205695,0.007252919820237075,0.06187049770809379,0.03692382848891132,0.09429380107148978,-0.09708691710497422,-0.016923683302474304,0.04037619050285738,0.20240289084171567,-2.7223148304280637e-05,-0.0133189778515325,0.17874411104798957,0.021997916090674054,0.08051985870455952,0.01887511346147212,-0.018986088443014432,-0.03594362922260062,0.12862974907428099,-0.05634705531831401,-0.2702075564562648,-0.08374416739415441,0.07872845718462346,-0.13896585083642257,-0.051862182673436806,-0.03849246423625953,-0.06591715343876496,-0.04437077546357514,0.11234385457960543,0.19059514063760777,-0.07070066490548607,0.19809422475316768,0.19325071671976,0.07128720151829065,-0.07240091699753619,0.11540562359614226,-0.20759969693368327,-0.050608883570917126,0.2074563716485182,-0.2940913365109805,0.057014459393807955,-0.01375820415715783,0.10754538476168789,-0.03977240574133544,-0.0073565414544265705,-0.13305886459643249,-0.11907913912186131,0.01410960511294088,0.033915060100479,-0.30138297517487594,0.20489670206714758,-0.03322560173509827,0.008373448464452473,-0.03814761751491784,-0.12476062448261423,-0.04426972869170284,-0.15156587258451257,-0.003301725239512186,0.08202441448665275,0.01682383446113882,-0.16103003166998742,-0.13553917772385132,-0.07705750551318277,-0.12608460998061893,-0.016054836022752587,0.15489820253572326,-0.11874376388800571,0.07636154661361551,-0.07909855075790666,0.08228696932242363,-0.07171139627927588,-0.012821303084582925,-0.10366396853839867,0.2626521893487165,0.006440718165673176,-0.03778749606580909,0.16007947576050185,0.08983338165266196,0.08292554190179649,-0.035022601557031054,-0.06125271459264586,-0.024176628399134887,0.08905104439949194,0.08841073157459828,-0.16857498702588755,-0.056011237990857866,0.07239950926520246,0.03316406990297953,-0.06251416929921408,0.0026526208533401005,-0.01049207119311157,0.04987434033334032,0.12299365383895577,0.12636258997949693,-0.02798090866201336,0.15975913624782626,0.15350702602279157,0.010351997295310273,-0.07828409110262288,0.11674109057042688,-0.17201242380813833,0.022285737613729383,0.18358012370598167,-0.2711834010337789,0.005721060532376304,0.04385998718585322,-0.02033515900910003,0.025181799161946287,-0.046446942647967254,-0.16525263894612172,-0.12309368220369121,0.07262803601789168,0.1652203703703704,0.13878572118529192,0.020833333333333332
results_s1/wuhu_candidates.geojson,cand22,22,2.9,10.2,31.3424,118.39059,0.10461539993037909,-0.22975388652480963,0.20425534574199397,-0.08933474538645035,0.029246782067754988,-0.1343575440023121,0.0005301759643133381,-0.04762005277190778,-0.2577658403777856,0.07365437735947798,-0.01960823717929774,0.08429829632466275,-0.0314432609011472,-0.1582609832392836,-0.13796300104217207,-0.14682859029419848,0.13177964629749292,0.19287667247947818,0.015549579251239249,0.055771624016281836,0.024860480254985304,0.13146726635717781,-0.1118188700719988,0.0024074199084488258,0.03737413562643682,0.19297281597272248,0.0028731886639081668,0.0049808186209613714,0.17646412179798082,-0.00015138127463130014,0.08900277395228631,0.010378931913095203,-0.061081778828833096,-0.045404596320691215,0.12260674019975097,-0.09092301963542614,-0.3021823700543534,-0.10689727666137723,0.0946066463209626,-0.11369459591731665,-0.0483683012809512,-0.03232480069854669,-0.06134478599248289,-0.057839869125502846,0.11251042353539847,0.1764015313303347,-0.051326332035794404,0.15527226974403832,0.18209966685127893,0.04637871249389454,-0.05915698161444767,0.11103730634518645,-0.2034187405635142,-0.05136743960778574,0.17071723290681048,-0.3031440344990034,0.08017404491381076,-0.017393201039593523,0.07523605105858532,-0.05959985168810549,-0.006287738555731533,-0.11285927102982518,-0.1394081896384709,0.016951461935728784,0.05851211715901743,-0.32963703691623286,0.17805221674890528,-0.024564011289696923,0.022121235759868355,-0.05493259136244716,-0.14077811520500638,-0.06420138682113413,-0.13784603685374716,0.004154688650527329,0.09851363794923204,0.022700232916500966,-0.1576832892552804,-0.17855258869973417,-0.08171092979394577,-0.14934191387865509,0.04513492117479274,0.15691951023031864,-0.10235859469710479,0.07878199800367873,-0.07441673431583151,0.07713757834125827,-0.07517628492468971,-0.033786868311798085,-0.0773536966696203,0.2858953682700582,0.03374090068162517,-0.01067286526912432,0.14880391805759602,0.07367648267785817,0.0843248642584636,-0.030643137933705617,-0.06930637835476577,-0.052002677779147764,0.103196959212346,0.04006767726681537,-0.21377719601886505,-0.0762948143735709,0.07847054304473212,0.06650406507580088,-0.0456836776886521,-0.012735121957126415,-0.011473339998633838,0.04748474633247477,0.1385249345717735,0.09213574360428982,-0.023273647116890617,0.12638474597938787,0.17170102099725562,0.004478432734652002,-0.05799560644312534,0.10696092226598643,-0.16031210652596514,0.03835362846596996,0.16165614945539047,-0.28587393509986175,0.05229342644591031,0.035269001563033066,-0.017050983431568956,0.023526381396306077,-0.023250154529504304,-0.12220969945579388,-0.16565695003398875,0.05960742924411394,0.14401950231481486,0.13809928431802865,0.0
results_s1/wuhu_candidates.geojson,cand23,23,2.8,7.2,31.35686,118.36265,0.035889508851176886,-0.2059436054295061,0.3026466464311889,-0.1116480689212406,-0.04056872852296029,-0.08885663433002686,-0.08772477192664505,-0.11038343640204214,-0.10436381945223137,-0.061532649005699026,0.15136785225706148,0.1275651407527977,-0.07587416885835961,-0.09387531208285023,-0.07391804570993683,-0.04691683822032517,0.0319793444746831,0.19051164039374077,-0.054653317838509845,-0.013871113681715964,0.02521668379222414,0.17767408542602356,0.019745659767177785,0.05229005069652315,-0.1307577421110676,0.06641835757462433,-0.04038960042767844,-0.02699912003959106,0.18139692120821396,0.08209189449205061,0.18342656683471523,0.0062242257595168755,0.028328195320486572,-0.11366989283104167,0.01771789975778148,0.015799027224098088,-0.3003152301822328,0.02380289674817279,0.042554239096905554,-0.060663022856765544,-0.11716712088576865,-0.0713885124825969,-0.05748496452777865,-0.04988923986734392,0.12116313890205216,0.1691951731036075,-0.0021227541919253746,0.15175485443155196,0.26214022068805043,0.03500134725199389,-0.03260300265515695,0.15986738195007902,-0.258545186614144,-0.03609258594258972,0.12868162238205386,-0.3044666954866102,-0.020218142328805217,-0.10224266333462646,0.10218297608820821,-0.01809220581241127,-0.06718533647923114,-0.1212330836843334,-0.08948903491707721,-0.05798699764016197,0.04329489309935635,-0.3021833109599861,0.21981260954214543,-0.06703335347382063,-0.03625060972354734,-0.0812741483729184,-0.1596591096937186,-0.06897234812686937,-0.08740950782866658,-0.029643843082372136,0.16457396979925912,0.06951072875953163,-0.1428426529078767,-0.13046572429578726,-0.06429496050487413,-0.07363705527843764,0.009113597142497824,0.15520518154720722,-0.1162312935329755,0.02550046642716969,-0.04815117231234372,0.1321399357892147,-0.010444830475837953,0.02511525221769329,-0.14196887413912462,0.17948540434448548,-0.025784337130826333,-0.017869800500119614,0.18388786385943118,0.09249386746153208,0.11282444945232703,-0.03170224283705525,-0.03297913179570664,-0.07999230047064376,0.046919898126281834,0.03819424573208327,-0.2260317694342501,-0.01650390976654785,0.0724746690577686,0.02050636919212859,-0.12732020681444137,-0.050713437225291334,-0.011527814057370793,0.03693080567389385,0.1297758025128239,0.14284458128019417,-0.029801950258984872,0.17023403634753617,0.18744316860179122,0.032313374948192815,-0.05174959511709857,0.11481406414313478,-0.19808918180233986,0.02310953846288637,0.14544231792192852,-0.2880331519922829,0.0024943118390372845,0.0003011678881998532,0.015022390406450242,0.016534102742678265,-0.03638186066171912,-0.13688955149851462,-0.11769471163840033,0.03792348836207058,0.11089464285714286,0.1961300745382698,0.0
results_s1/wuhu_candidates.geojson,cand24,24,2.4,7.2,31.32632,118.37846,0.060026997440813606,-0.22277819841338276,0.2667043976631264,-0.07213081065384756,0.01575950694384151,-0.09989703711748746,-0.07414083267316195,-0.0413489591939896,-0.14229767591653533,-0.06238210040421475,0.07198174832201322,0.12753669877086235,-0.061540854090481566,-0.15206960566648212,-0.08420889265507309,-0.07780960224123228,0.049603057261870045,0.23079275997778612,-0.009098337412271201,0.02875113548273461,-0.011968200155744098,0.2163716909782983,-0.025227010621766507,0.07832154602757997,-0.01418459468172062,0.20124152820355684,0.020319580018602016,-0.06255963248792322,0.22145702433625097,0.004693553390241717,0.06070856750530653,0.05059456090673898,-0.08547404284134735,-0.028921768658439376,0.1293381436204518,-0.07774620365561212,-0.2662352497892587,-0.0331366556734338,0.07720186211042755,-0.17569366580177917,-0.11017929242556129,-0.0701629012950978,-0.026746324988151153,-0.02656517194591149,0.17449320878370136,0.17164405382904782,-0.03803481673340651,0.17349860422629346,0.2407296909159897,0.02869704793333758,-0.0524223759608187,0.07643602523177405,-0.21631373351218233,-0.0037893372522118324,0.13442733306411275,-0.30112808418133863,0.06300044338761693,-0.0850025436957062,0.06083442693403949,-0.01930130783614224,-0.04133040904279765,-0.06054110439719291,-0.06744578546463852,-0.042111509824564373,0.06597989333176463,-0.30038005895732806,0.19776933191502813,-0.056729698685639526,0.013491393613068562,-0.10153303557965139,-0.12488417667081013,-0.052564881985472114,-0.15150141274093928,-0.006552156344474258,0.10459644508656543,0.07969837325097226,-0.10360056879510023,-0.16005862141409996,-0.09441813359085922,-0.10542045053998288,0.05847102182824909,0.17817557174829163,-0.07550656626679436,0.059326730561320505,-0.04171033696825245,0.11796911045792176,-0.03463707522164646,0.020398238266888535,-0.046797349387446896,0.24971556990623173,-0.0031377287405127256,-0.002497385818083277,0.17966072723292115,0.03595421881193357,0.06507711684744874,-0.0037145000694432852,-0.07483710284979878,-0.07482064248770641,0.12686435665426835,-0.03669875554183146,-0.2575048220167294,-0.04553123204158108,0.0778484543312255,-0.044183571936738365,-0.09886101512977849,-0.07109700502522677,-0.0068144760750852825,0.031165669986441817,0.1440966211078272,0.14070006861097983,-0.04441966403172516,0.15082665437119563,0.19662104834671568,0.029690471776245935,-0.06268533831236199,0.09028320447687255,-0.16863885362638423,0.020419666052336152,0.15044350316505958,-0.2916026629361647,0.05654265284794676,-0.005918882492346221,0.01984772059820444,0.007121849610855924,-0.01866673508180206,-0.09927567559460283,-0.12473269020011601,0.02559705235816956,0.08966632513661207,0.25877049825947485,0.0
results_s1/wuhu_candidates.geojson,cand25,25,2.4,11.5,31.29021,118.37613,0.04951801565931303,-0.24908873591114372,0.27833140200399703,-0.08746759096571556,-0.03863936058525662,-0.11630878955952657,-0.11691620188704839,-0.10446199154586482,-0.09760757040982822,-0.048511291091845925,0.1296667008699923,0.11628841004924827,-0.07454714468459747,-0.14028516720048412,-0.05965738642948304,-0.020543542372369644,0.05450776417218601,0.19481184176538696,-0.06543770555930621,-0.02376700487150115,0.030892462980779366,0.16997765440371973,0.005086480635851236,0.10461140439857536,-0.12760030263545102,0.09979755435501544,-0.04669197851090483,-0.03355592055241865,0.19188457107352483,0.097813661873394,0.11574151651181977,-0.028239792771422852,0.028799509962142224,-0.11547262096417624,0.060153118155336166,-0.007209809250924002,-0.2387278548597618,0.019577698560247502,0.04059434105460439,-0.07909653696689549,-0.17997293821817698,-0.08467877976229699,-0.04539615318759953,-0.03135933526165389,0.09795793419798929,0.18111519510576357,-0.06478377670907082,0.19824505330513942,0.22725808608634668,0.05496286137897091,-0.061087440957330666,0.13295253308134244,-0.2577108623778879,-0.029328953924316337,0.14512820039289218,-0.294270126798195,0.000470574125125449,-0.06383087275162848,0.08197968156461852,0.026766436625958505,-0.03984290540546385,-0.12768843308894048,-0.09117698830692403,-0.0029820541133960205,0.03658674372894253,-0.2995380922242192,0.2551032916500244,-0.04960648650085828,-0.03820149233284418,-0.08389530884357148,-0.18018856701550334,-0.05410539443676942,-0.06446237970901397,-0.06268319864866047,0.1339546283674725,0.08889396166909548,-0.14199627200051307,-0.13606294145727263,-0.040460449098802226,-0.04406362509941378,-0.007944247163227966,0.17723109107152155,-0.08554553124398888,0.033213821447303025,-0.020316477740415624,0.14267717355141232,0.009549281466587201,0.05956892762240198,-0.1407449539732844,0.1842937628412285,-0.02866821161281797,-0.033513226813296305,0.19417050082652462,0.10303493099710209,0.10472638046527424,-0.03267843491377459,-0.020997401939074067,-0.06966129109771624,0.07070275140496404,0.030987228221096567,-0.2043463278500213,-0.005871908978037884,0.04749900217082276,-0.03594668571554743,-0.16613552982874832,-0.05767371141106983,-0.026022807904477675,0.03458053001106454,0.12856807575649953,0.15432169114441036,-0.025614894062828665,0.17319010290850667,0.2078086072825157,0.025330432406935,-0.06972186072624366,0.09901593401835676,-0.22857118668793508,0.01570329906200444,0.1567104016759247,-0.2909171467857338,0.007445565659914848,-0.008712579112299813,0.018976775145939637,0.06683007841302606,-0.051548156332076,-0.1360930946182165,-0.08046136630652712,0.006468162524200281,0.11902951977401124,0.13450296994914807,0.0
results_s1/wuhu_candidates.geojson,cand26,26,2.4,7.8,31.30853,118.4029,0.06563378467505958,-0.28714735565900595,0.2170474834926817,-0.041719514654242854,0.019539482368792223,-0.11952519947937051,-0.11904904829983562,-0.018698770853714464,-0.22779027725109532,0.04344556129689326,0.05319846385198827,0.03939876037798188,-0.10731532319934578,-0.14772339992520891,-0.15100473064304978,-0.1336668983637992,0.09675955524178503,0.205927719658123,-0.048388339401356936,0.04784296090158868,-0.012779573555903662,0.07107719871475779,-0.05920434675646581,-0.0191162565475274,-0.05083278719997225,0.23670991247567777,-0.015388036851687404,0.013407532433838078,0.11650923416205047,0.07445316546157704,0.08195688967182849,-0.05384497648164318,0.023196997526056955,-0.08536194710794139,0.1120200755079188,-0.017016576018470217,-0.26172393005710054,-0.03906617047760125,0.06390506022837375,-0.049522552623612576,-0.0766445995074176,-0.0611000688002686,-0.0542857269811769,-0.0108586585768215,0.10423058977198855,0.15013018972141318,-0.04020503112834812,0.21214601494158647,0.1846338164359457,0.05372918912037681,-0.049595442560109324,0.12461644632616882,-0.20422897665785822,-0.01706124665851534,0.19397551009201727,-0.281942606436616,0.04925530058843051,0.02570592286233463,0.06335764017966118,0.038018529442626556,-0.007291115422085145,-0.15137390797749262,-0.11613029999410261,0.007882301522082974,0.040792680628210294,-0.2870857862768267,0.21931232974110232,-0.0441342679388518,0.004772499193286936,-0.03772608735433178,-0.15995572741908948,-0.039208690136566894,-0.13529770189803728,-0.003167456484560281,0.09433795916715007,0.032809417671426984,-0.16953685177966754,-0.14545916552966864,-0.10393036802735589,-0.13945461173903584,0.008180520505097438,0.1811540856978699,-0.11708490580778717,0.06101589144641311,-0.08786319232129078,0.08128348203075939,-0.03340835257555611,-0.01671432322722857,-0.08336146853167842,0.2682551030706519,-0.010526594525660177,-0.021290319401234045,0.14461473802853284,0.10903211804243339,0.07811096625497498,-0.033123721813758264,-0.025888612326117413,-0.07023604429261165,0.09524601216235559,0.07581552969254135,-0.2107150124134762,-0.04780988941078713,0.07759036481767145,0.03913028260294513,-0.05704332941697275,-0.024103492603106468,-0.025552338173288856,0.04414780819566208,0.12306055862875913,0.1137287015207395,-0.011840075725045855,0.15558671133010776,0.18639038185726653,0.023109244902953855,-0.05802417092121555,0.12654918090945283,-0.14250745588774022,0.024831132109153636,0.15686476236013663,-0.2845777849929428,0.017449855291071268,0.024176311162101862,-0.01033930647391438,0.054578904591922786,-0.052131915725540504,-0.151188486788449,-0.12260782131664826,0.03782751654114596,0.1742886299435029,0.08489469760638983,0.11440677966101695
results_s1/wuhu_candidates.geojson,cand27,27,2.2,9.0,31.27907,118.37514,-0.03906220925141688,-0.1642855330510769,0.3153793516001934,-0.08797272076203796,-0.048119672942796954,-0.02049899821528611,-0.07464275986577093,-0.01966546517541845,-0.14192721078247153,-0.00710437564714345,0.019684736639753935,0.07905275341946194,-0.06707485056260161,-0.08436586818303177,-0.04059893070773126,-0.06553743718239181,-0.027113577543028775,0.2279806730433683,-0.06037717671040906,0.02321635218206677,-0.04683485329985255,0.18963760797342658,-0.0067606057143296035,0.04631898528807197,-0.1137451588247299,0.11283342731389646,-0.04793212281939754,-0.08847077311735904,0.18659062146286354,0.1254303252876077,0.1435157047523375,-0.029362814549900234,0.06390669987486212,-0.07788691977727108,0.04410749411354397,0.07685949859112186,-0.20715053389020774,0.018081629237216523,-0.001266292688720431,-0.0651502614797699,-0.06532397589295635,-0.01158714575615571,-0.10857870148233967,-0.05981824058768143,0.09321789966985897,0.21177538365190718,0.035267117392811395,0.17876366415633227,0.2734537066414973,0.008020078801136681,-0.0446977079640406,0.216324855224439,-0.23412993631913037,-0.059426077497621285,0.15710396360646378,-0.2832136917346887,-0.011470667287599167,-0.0882196684003166,0.09456920489606734,0.014936752101623697,-0.13904016939957584,-0.20527051577702388,-0.01947326255574616,-0.06404011110498761,-0.07075276024030955,-0.22808779513246433,0.2034281465227265,-0.019352351793687952,-0.03542897031174913,0.007962895835394813,-0.15311738021119162,0.03438574603665632,-0.08238116698478944,0.01116370537772527,0.07540921334671091,0.04208830802924808,-0.1311842217782305,-0.08711187594465618,-0.039531856776451234,-0.1079476976529705,-0.11748031696084503,0.13852825296408958,-0.154368435353498,0.0520376774722296,-0.1329552280377646,0.12175555812493505,-0.032801268029662746,0.014968429010757782,-0.1129370684274778,0.165706366446742,-0.013187429003864585,-0.0781301361999884,0.16831000833143034,0.12247372539176106,0.08085300691262282,-0.008955276144164581,0.007831413688194509,-0.042080020392033214,0.023323443128517404,0.1695053346703098,-0.14261119776481404,-0.04808841384745088,0.05167805710052437,0.06022994673936193,-0.005012659352615134,0.054007515685617166,-0.014655570917585495,0.006615190754775534,0.08505439866676,0.14174815825984,0.0890755535752015,0.13642377896172864,0.22272770130434624,-0.01045130939706527,-0.08772511696133173,0.19527234010737837,-0.14120206541573257,0.012568055453183947,0.13403947738720576,-0.2543497053463152,-0.03459955236439185,-0.028699825921249696,-0.04229634836305113,0.05190112652990031,-0.1567541954674962,-0.22889767034438524,-0.021334278314496073,0.030718348975653176,0.15286890432098763,0.23663324148167705,0.018518518518518517
results_s1/wuhu_candidates.geojson,cand28,28,2.1,8.6,31.34123,118.4249,0.05259115962550476,-0.20696182239675034,0.19449254194557156,-0.02815081220404005,0.03679982820987683,-0.08843422857364495,-0.053841715395728795,0.011964830867134285,-0.2330426355182304,0.07846709670889312,-0.002329586901030761,0.10877573887624738,-0.07810769805452253,-0.11172009216435025,-0.14153002306874216,-0.15877011877840685,0.053225156993205514,0.190904315846595,-0.03370135053115077,0.0693246348682098,-0.025803648065034678,0.12053010471882888,-0.0396547162327632,0.04824987221865133,0.012561555419633396,0.2278812410896147,-0.003749421760446391,-0.04942940001843177,0.23040507361609175,0.04969605634229322,0.035293910237863095,0.008459231060826833,-0.006546036095698873,-0.05683751169528604,0.12475399022452811,-0.05301662778781294,-0.20176800023174538,-0.09730748434008728,0.12758690393449032,-0.11203302286250835,-0.0774126753705244,-0.051862780011920524,-0.03615892273323008,-0.024297406534675596,0.08200077142393539,0.19510148704788344,-0.0431826139103402,0.25676208388443705,0.18290292814080267,0.09482328079727546,-0.09606197552695935,0.08391036299996947,-0.16077649578153894,-0.02485407898875021,0.21345739168694275,-0.32414142790584294,-0.00010720289963586916,-0.06338866664993564,0.026782721790776537,-0.07229521574047747,-0.024410073975255128,-0.16719783470330582,-0.011627254425611003,0.03445931775787066,-0.028983106481819773,-0.24615212183192375,0.2073009383824368,-0.016779308371820404,0.008794402917983866,0.035688084084456104,-0.1474423514677807,-0.029522459527030035,-0.11394272012521586,0.019176775540608405,0.05882370166658033,0.03762648418371251,-0.1613649310807984,-0.09492245403016124,-0.06676939257387009,-0.13924160686923512,-0.07886742633288106,0.1399090382716541,-0.123932320881988,0.0735279202162349,-0.13139633189875405,0.11075136314307138,-0.04275516415686262,-0.007815038512047477,-0.09814215229755649,0.2833245220129517,0.016336013433421642,-0.045088698080849636,0.17423915783758528,0.10309204023415086,0.09959916359947535,-0.027967118385616385,-0.03544255629076282,-0.052620722829995255,0.06260294037621603,0.12852025369358128,-0.16748452568207747,-0.06842085444097798,0.0833808217303337,0.07493061852233977,-0.002620327561518432,0.043503562726861705,-0.019666572298053242,0.04546511160974303,0.11733200259745223,0.112034621853432,0.05284332957393989,0.14449347489754508,0.18465122323442476,-0.0009564524528495239,-0.06251164839144005,0.12868081242304594,-0.1334003457982349,0.01435758738651872,0.1931509112261893,-0.2942702752442762,-0.033319749293191044,0.00760931675948481,-0.0691504099102021,-0.005698673114729775,-0.09839860137445929,-0.18674301907643578,-0.06773937345558162,0.028484825711941646,0.10455304487179491,0.22192206276781087,0.0
results_s1/wuhu_candidates.geojson,cand29,29,2.0,8.8,31.32821,118.37109,-0.004976137530588578,-0.27686245879612337,0.22450085076274054,-0.1076983106700126,-0.001461500742777129,-0.011802432729509458,-0.08905715696180977,-0.07808638565580382,-0.1392730137381006,0.018315837278023956,0.09351389302522548,0.04714171000873123,-0.10676762751041921,-0.15040561063236804,-0.012486544933719902,-0.10806771482904577,-0.03807447024031623,0.19728473614183775,-0.09006007672268956,0.01568845704325016,-0.09046853688898181,0.09830515973797016,-0.05866348664074805,-0.05203962764292027,-0.10892708806505168,0.18279750788704738,-0.016449262200308373,0.004461200713583326,0.17799045722519707,0.09763740961910126,0.19044590174885884,-0.028494099984858516,-0.01918360040495816,-0.1214803482606934,0.10040933497770214,0.13790338686522188,-0.24723512327009092,-0.025210850469177287,0.04402067058340136,0.14365479402357897,-0.04197737668539077,0.031806626983423104,-0.06641785923689685,0.04822980389805592,0.12622326452716853,0.1571542862007422,0.005872768742497329,0.10091707966928261,0.23207394030515163,-0.07475136943427607,-0.0608520587061387,0.2363083290448559,-0.22054852888359325,-0.020657963987437435,0.1675718309204618,-0.2975325166190831,0.08568934188214258,0.033251469657235425,0.007761703031677961,-0.0002658624487340697,-0.1138635333619013,-0.17083277378251757,-0.13264487265944308,-0.035207628189521785,0.049130634816317235,-0.29328940340780113,0.18952129450073885,-0.06639225046217721,0.014224938861680973,-0.09448517220413057,-0.12193412425156991,-0.05251731142852271,-0.1774328913651515,0.007197679744387142,0.10430993427816979,0.0706216755032657,-0.11683147848185756,-0.16034931495026705,-0.09163384752469696,-0.13016233450210626,0.057692808663071464,0.18953341304981378,-0.07706613877021196,0.053156584410364874,-0.05315921189088437,0.09767773632741383,-0.03436070442560206,0.012035461365504386,-0.05292129261478569,0.23753173747955783,-0.020502355428989136,0.005356472744029278,0.16600151693705792,0.056825445046274264,0.09834507131322076,-0.0006912993600086351,-0.04411036236458753,-0.07317966113581034,0.11778519763063987,-0.011892772786594912,-0.24686734756596643,-0.029656724581403997,0.08433718220960322,0.0010159195690626688,-0.07154530689519589,-0.05645876325059571,-0.028175997287084215,0.03596299329045523,0.13658169796189207,0.1437954890482548,-0.025868498448081912,0.14623294751476362,0.20579174181005638,0.013887987256153528,-0.06669555186746141,0.1187100093100499,-0.18078055427660114,0.02452675944625995,0.1686511835180767,-0.2988728424616684,0.06619670262858153,0.003978098812111232,0.02382699866168898,-0.0030430343835968544,-0.021920557636695606,-0.12245839002977123,-0.11293550575891856,0.015447911025841969,0.13390620915032675,0.1808053689849591,0.0
results_s1/wuhu_candidates.geojson,cand30,30,2.0,6.9,31.33899,118.42005,0.1241161728316896,-0.24593409867656107,0.13950954196926224,-0.04608457873894832,0.06378010815942459,-0.11287108836974465,0.022767946572031284,0.013268302787412803,-0.23100098847024417,0.04125476105446946,0.010475495377220227,0.014841884775451218,-0.10216981655024526,-0.15959673691257847,-0.14511238635474458,-0.17993369417587637,0.10502420513636368,0.15013105721928555,-0.06969126496483577,0.09885426192254199,-0.01240452633535051,0.05975477288596757,-0.125327837157379,0.00270090717774037,0.06867248326966542,0.2787484912679311,0.015276183204689785,-0.05864159917051953,0.21201823907103617,0.04540534116172317,0.005737129901189448,-0.01099676024370501,-0.11566710661863344,0.020048897187703897,0.19229714611302107,-0.03368610902439439,-0.18302944048352868,-0.09404975759429643,0.13082711609282008,-0.15282289882489286,-0.08264274564182147,-0.0627221630820166,0.0038292694600444797,0.011988616249343201,0.09557220953425856,0.15224261094423436,-0.12651014208289652,0.20667268214945697,0.12384934411584693,0.08637913308841702,-0.14410174929347647,0.04990563442558373,-0.15206717082849344,0.043914339400618924,0.21948797459150812,-0.27214949593064763,0.05204712002582085,0.018537717752932163,0.031653443476716066,-0.0061418310903526676,0.03010814231254331,-0.13042373685102698,-0.12600308953343162,0.12749974414061266,0.05896755912240971,-0.2877273735591242,0.18436765752636822,-0.04302818398346862,0.02565788836433436,-0.04777201568045595,-0.08203420334380584,-0.03344861538280986,-0.1807277576180685,0.007615064251192794,0.07306397820261387,0.01779593983777172,-0.15127624575426912,-0.14982115481960412,-0.0974065468052822,-0.15584024809373867,0.022376511434094668,0.16064133967797156,-0.11072603103898082,0.08879936823269109,-0.0666515268654829,0.0773442851454212,-0.09127157112615651,-0.01804594561803634,-0.04817405895266546,0.2692128353692375,0.019622905561928458,-0.04373943563951768,0.16330461548168912,0.08274594654960879,0.05841705428487262,-0.02640028800616209,-0.07965482359736692,-0.0039657200716956865,0.1150853597614419,0.05335006168010006,-0.172313220958853,-0.07332607587412078,0.09308576427848893,-0.002802192714652805,-0.05952350009615658,-0.010356081499248078,-0.010181519456463428,0.0382850833173298,0.11723007543230715,0.12628507349585363,-0.03982946748577642,0.15923233341031667,0.1483789602168685,0.028542712951510212,-0.08366372907048013,0.10202724005284411,-0.16279911225157143,0.025785661471060664,0.19446049324112835,-0.26830555532135825,0.01872392251848628,0.029222923563205976,-0.00300339935624926,0.00823761471218938,-0.02374040735468291,-0.150951357705449,-0.11957602397767986,0.08554817618073773,0.0811113333333333,0.24803865260068642,0.0
results_s1/wuhu_candidates.geojson,cand31,31,2.0,9.8,31.34644,118.34971,-0.01884749715140283,-0.2724948754802757,0.10639858633747942,-0.07622930467131227,-0.058262995237818464,-0.0586828509741051,-0.06768916326116448,0.02965058527216203,-0.17812214674755314,0.0560628269721475,0.08609415035107831,-0.06778545727741946,-0.038881378059311626,-0.16285383112708215,-0.05218863320339002,-0.045378045693584536,0.05427922675904946,0.06295441205892797,-0.09820145624134285,0.012530366357774048,-0.03531866536286091,0.12612319270933325,-0.08937144288270832,0.11316031483027918,-0.2162601488267919,0.053662978236014264,-0.11704793860727648,-0.06972885163838165,0.14473324941651994,0.021549724306533173,0.0821007289674781,0.015608022660270128,0.0724371343253311,-0.08063770418474753,0.04290694076796414,0.08566418823634482,-0.09318908517349177,-0.027292179600368453,-0.026900547066491455,0.08030072075172513,-0.09399217035635025,-0.039635125865801486,0.043024708418971006,0.014562735560230968,0.024111418882133282,0.25527709614160854,-0.12319396053331327,0.20969425180888726,0.020560883611313186,0.007291966343340337,-0.11115778363871691,0.23149528068591085,-0.24727729896044817,-0.019242151921023295,0.12250615166165857,-0.1844954363773667,0.007831049694469561,0.12187024616341706,0.0722534443299873,0.06643896691866773,-0.12912667842483663,-0.2868267487288009,-0.0748009153185202,0.14729639842578998,0.0007859624406441892,-0.2622473258883083,0.0938532916394969,-0.056222465594917385,-0.03639043389829442,-0.015081419853859902,-0.08515849474887217,0.043238249387734864,-0.11393685044425324,0.029897639517548757,0.14493502393270452,-0.058911987823962196,-0.06946090917312026,-0.16498868406871192,-0.007219575160754386,-0.05724680836436347,0.048725608444958574,0.037208231412423354,-0.10827814262528418,0.030197557494287108,-0.030570078591082697,0.0996163698545746,-0.04412149522429995,0.06811823121675287,-0.18757087925657556,0.08578697125801237,-0.059022643814383415,-0.10392184214409173,0.14961298199243098,0.0614574730806636,0.049185783480800896,0.06599350688842047,0.04930021952195966,-0.07219387549069917,0.010398937135066478,0.09986416249807721,-0.07826272119441895,-0.05417624265770177,0.0036205943434093795,0.12919172141494484,-0.07480587775202364,-0.04216771445962767,0.078630969572067,0.03491158886620162,0.02314934928741291,0.201586551992752,-0.09151648508905944,0.19370044364483263,0.03877395171786082,-0.022333525408437173,-0.06895685216827584,0.18301600897337733,-0.2227671581187424,0.0065913719567175615,0.1195766654133129,-0.18736384492896702,-0.01395129817280095,0.12308433366280107,0.053880490151127135,0.041750566679729297,-0.09089211947367719,-0.24711786948941042,-0.06397862159670951,0.1517427247059254,0.12171360544217688,-0.2763555309326195,0.05102040816326531
results_s1/wuhu_candidates.geojson,cand32,32,2.0,6.8,31.38139,118.36373,0.007505530100326619,-0.26462905139357795,0.16160823902493668,-0.06016218678998106,0.004656559661408744,-0.014517822227978969,-0.11978734020855172,-0.08826519630173807,-0.19103580848483334,0.08239843180516787,0.11485049884111198,-0.027242291571502195,-0.16529851346196944,-0.14448841503306845,-0.09641342104507064,-0.10564242987130651,-0.027102540490071773,0.1289754865981205,-0.10101600148845759,0.017000998945180652,-0.09055300346736035,0.1334420616373658,-0.12480765074627698,-0.03954487049277584,-0.16683847611542446,0.20039368243149347,-0.03926490115688046,0.0058375205703422575,0.11410005861604866,0.11132422978258161,0.18499729846480975,-0.04028431141899612,0.03749661252037901,-0.1295185213462055,0.09570836018412081,0.12400306267860542,-0.24507559037653284,-0.049420380454731135,0.03648629139990596,0.14928419225877362,-0.004230793638008592,0.07869762247798909,-0.025480289038436105,-0.01067544841398124,0.07142107350869219,0.14614088622206353,0.032919082503258965,0.09226374136181258,0.18394114739321346,-0.03285900792108813,-0.04032582071063413,0.2270152503143009,-0.21513517826253561,-0.01893661016516347,0.16485109438306836,-0.30343561710283856,0.07418360035019317,0.028730483712584035,0.022452703697420605,0.0316535715680841,-0.09097039354818841,-0.22838428015952245,-0.14842971066387942,-0.0062118699165669405,0.04675742423900144,-0.2870281490204877,0.1909861338605044,-0.027378737198582838,0.03209571239333805,-0.041703006079829866,-0.13935992964196633,-0.05228718510728221,-0.1403203712672658,0.0037225639947645554,0.0907555772153404,0.014658477045818913,-0.1936481553778562,-0.16686836026967508,-0.09179123060670101,-0.12424772706212663,-0.00041579437360141124,0.17712184304991616,-0.08860709833238889,0.05838583926534412,-0.07868934432111209,0.11825725129298402,-0.03271641122201893,-0.008317073970602603,-0.0853442284183367,0.2791328260227234,-0.0139952850320834,-0.026165624559165004,0.1575131710976255,0.10626748052412266,0.09698615506459549,-0.018044795782087498,-0.027836361303437963,-0.065482604105226,0.1095974955575889,0.04134433967768848,-0.2101524750845799,-0.020002454250413228,0.0642339874361361,0.0304068265135159,-0.05014066602985187,-0.027058193539057904,-0.02567336657998109,0.047662075584870595,0.15413887837340953,0.12264917017934424,-0.0025602839696454217,0.13494350419956894,0.20568390989173402,0.011959082197889685,-0.05278275496325374,0.1078784898267938,-0.18559074527729252,0.04597843569504315,0.17698012022538814,-0.3180785440116719,0.04806276647235333,0.019802684874884006,0.006715088485454536,0.05324716004173344,-0.021771548892872226,-0.15145918688746102,-0.13296397343041452,0.010496035780280232,0.17177695578231295,0.14896191143671575,0.0
results_s1/wuhu_candidates.geojson,cand33,33,1.9,6.8,31.30332,118.4073,-0.09827932798391492,-0.14762928396560934,0.1662546807756925,-0.11457188443733374,0.02696917138338301,0.11021921909819249,-0.12440863158179748,0.054158401272150575,-0.1340825416841746,0.06345637867081368,-0.006132721740042875,0.06338597842815151,-0.11652406167199857,-0.04238159616934324,-0.09716135586444018,-0.16820029075128723,-0.12128467164491326,0.19956683684242724,-0.1641262968430493,-0.041235822468715745,-0.1287438496998113,0.11168388938311047,-0.04955034590578581,0.011398213959343333,-0.0598650395756718,0.17277068811524085,-0.1073907166613095,-0.050815796422714575,0.18709213182921944,0.15233913461389015,0.12461883089959712,-0.02987975072701221,0.08708646397204689,-0.13569456588185472,0.09040006112198368,0.13415122127176435,-0.17175422634605433,-0.07974843165281251,0.13935073937077525,0.10357161207520187,0.03694634555909594,0.029936358065830858,-0.023803752511500277,-0.04777215400893358,0.09438971250208586,0.144230572482448,0.04723356130802777,0.19644677189323093,0.18207718579947105,-0.007651573295454026,-0.06308086368239864,0.24780823451366799,-0.11797931261524239,-0.09805132182254518,0.16421364913439834,-0.282421239011006,0.005455660567037809,-0.006027996918381459,-0.11035825743354723,-0.0067430397539961166,-0.1744399282435658,-0.2724322221916198,-0.00448154848997735,0.002227966153373059,-0.07564412926122688,-0.17292100152730494,0.20270780893834295,-0.07722878816339965,-0.0198221205687683,0.07687994665940942,-0.1901554213221039,0.027236789517898468,-0.1026873576044122,0.03389494393195272,0.0414051992851865,0.03257251182088679,-0.161167775565429,-0.07759869514250442,-0.07920075840186487,-0.14189609988134164,-0.11987171534950485,0.17841119837289962,-0.17130258952833075,0.02577707675395608,-0.15287382564090826,0.12130284093985678,-0.01984035896542254,-0.014548420983211631,-0.1165882236583572,0.2270718957515424,-0.06259247696467475,-0.07172802180928566,0.15442959018646882,0.13686160751296725,0.11471564231171788,-0.004759906619192199,0.03600444042156911,-0.09533455243750999,0.05716915321725941,0.17185327038205644,-0.14565922246431293,-0.052013614866281026,0.10116048117233621,0.11125353327022278,0.028061992631378478,0.05637775928291038,-0.021321954207615748,0.007567954757993679,0.09239467865757713,0.11636200521438843,0.05762705686248645,0.1498018605165822,0.19702196571355232,-0.014343027918499701,-0.046665611273950976,0.21177607985484517,-0.09033190858888085,-0.003915520174722066,0.13265259253240594,-0.2680878792291979,-0.01337495602422883,0.01746851198612868,-0.09411056883400926,0.030212614292851766,-0.16053457644259794,-0.24522802333270127,-0.05477423640157591,0.025554137538997913,0.12884397163120564,0.1641315540668851,0.0
results_s1/wuhu_candidates.geojson,cand34,34,1.8,6.7,31.34743,118.35286,0.014867519601457529,-0.19860045668456847,0.2814590064258285,-0.10641540357242157,-0.040253843607975764,-0.10053015939130981,-0.0772133147664921,-0.06197109599958676,-0.1737878099828726,0.019753125438146855,0.13495336920786624,0.09755598632092691,-0.0704608465367344,-0.1063369802877405,-0.04505510611723294,-0.08556834492862263,0.0491514577163418,0.22171787799164488,-0.09697013159047395,-0.0024898715440933895,-0.01026822981648818,0.12009441030344589,0.028205237665193613,0.030324012947017358,-0.12329286478794142,0.1027056741767532,-0.10977736294619744,0.012394338098487319,0.16889737907630922,0.10853942698182197,0.16502394570538276,0.0008875308183624386,0.07956014580075395,-0.14264385590689221,0.021702323708373123,0.06214376713908629,-0.2607385111621305,0.023089687524361892,0.059599691672504854,0.016564788392430328,-0.04319186874800687,-0.03511224085490701,-0.10229202052168589,-0.03196607409036502,0.09531344315793773,0.169556779484992,0.01717521918078644,0.17984276389956694,0.26558619665025057,-0.0011588656502670796,-0.052049906223073435,0.24889245584598804,-0.22175531721576824,-0.027512341040777613,0.16248687695918015,-0.29455499540158053,-0.027453942487344615,-0.0372774584711749,0.09576606512803977,-0.029487785479052456,-0.10158577407643761,-0.20416732367631557,-0.06968183693175191,-0.05688904483957137,0.003980374026928542,-0.24887658533618964,0.23881069831539486,-0.08528775453329372,-0.042693006545850315,-0.04568202027506283,-0.14239186404176468,-0.04834696359186258,-0.1480785925204676,-0.01542334310616517,0.13701222441586017,0.051061381837249745,-0.13935658247717664,-0.11618461088638979,-0.04191506792555745,-0.09007038501080365,0.0020507321885583248,0.19554752417847035,-0.13359567243692624,0.029291178947737737,-0.0766258648484654,0.12008474285308753,-0.002097513526920028,0.004671899983960434,-0.1453254774092722,0.18066257726585438,-0.05349113962298137,-0.03426796411102241,0.16090684035040465,0.1141242032650487,0.1396736742200694,-0.003505420572027751,0.016510291429457636,-0.08332937080636504,0.04057974175112506,0.10008797620317209,-0.1990906001201374,-0.0004129570918107933,0.06052775798233053,0.05816304711646037,-0.036364673273326736,0.01197759993678047,-0.05855877250765535,0.012078496134212826,0.1124790115140504,0.14254230201307683,0.027875671106525304,0.14993368197515358,0.22493201217159095,-0.0005159308874215648,-0.06034120271767725,0.19912868120543586,-0.1914268062422247,0.016663342607416705,0.16386466260729732,-0.28449234078764446,-0.00430751001514927,-0.007217132269303576,0.03514978052487066,0.006190227940075227,-0.08295176080630143,-0.204250795646368,-0.06433047235091796,-0.018828205832161472,0.1526044444444444,0.05981746133418851,0.0
results_s1/wuhu_candidates.geojson,cand35,35,1.8,7.3,31.35866,118.35412,0.07142575756766731,-0.22043269555687137,0.24503824863358004,-0.08934250974979996,-0.013404229909879014,-0.10368256424019438,-0.04078268800282512,-0.0666725066882642,-0.13938532511230542,0.012936527747040603,0.12832401316275485,0.12861379269813789,-0.0987546255896593,-0.09791125983846907,-0.061319499622332234,-0.08049844020999676,0.0677606487642598,0.2123756444418733,-0.11974141125341889,-0.0017073848158297978,0.023818053570706807,0.12560879088794893,-0.03317843935773654,0.047641365856565004,-0.09498894316777352,0.08896051469052453,-0.07239638864925549,-0.04059174300504226,0.20549228491086935,0.11992628467471791,0.09513190722826058,-0.01756040649218384,0.03929736363184093,-0.14780138721767622,0.053339894285517477,-0.002460390247053339,-0.2755286136261169,-0.021972692455763825,0.07469734471691718,-0.09346361993659237,-0.1595943600763848,-0.09069607040471256,-0.07279796150137352,-0.043136781424058766,0.06805807030210259,0.19405295926367216,-0.06307210883549681,0.22521434958072759,0.21677354497173498,0.1041887584284468,-0.07429761324455239,0.15252781643793975,-0.22976484408951584,-0.042885789751377267,0.1754796971379592,-0.28745109409597436,-0.04595589788353477,-0.071728780660135,0.09732574531426653,0.02241889250097232,-0.03122132363374106,-0.19767437262320361,-0.0574397926622987,0.008709847885892658,0.031000119120035478,-0.22683770517056623,0.2284002060781511,-0.06334319607464234,-0.026863505403534115,-0.047629366819368725,-0.10189567302812857,-0.037663693406203014,-0.11626741131474645,-0.005760780548617072,0.12440449839164495,0.05515714614346934,-0.14772603672505713,-0.12288874309900515,-0.05706455974784334,-0.10259301478477711,0.00543042278118552,0.181324938111839,-0.15409165744679693,0.02474485591797103,-0.07585550538623283,0.13117340846661296,-0.04282472922314365,0.02147729881201877,-0.11457280953835539,0.1767485900827625,-0.049972901649335974,-0.06033540041117132,0.1921068638713116,0.12322846358939502,0.07548697315778202,-0.003943372626526746,-0.011466680140789668,-0.07613302176975227,0.06348900203329255,0.07570050940098029,-0.20060654096256805,-0.020701722855952658,0.06354889795235469,-0.013669792633328865,-0.09412444852454191,-0.017453366137339468,-0.03898921948410069,0.023048013530606152,0.11944515732585995,0.16512989251942525,-0.025416175834047965,0.1957366374683302,0.20649020189622483,0.05586887626685304,-0.07840274027557594,0.1476984784897015,-0.17162337041161113,0.015147419573714254,0.1612085467686269,-0.2846305676525965,-0.024088396031675143,-0.013207103876286484,0.019719118972189986,0.03391468920778216,-0.06743209409433533,-0.20438682392943602,-0.07453611029340158,0.027420468816437223,0.1091902777777777,0.07738212014025556,0.0
results_s1/wuhu_candidates.geojson,cand36,36,1.8,5.7,31.28895,118.39751,0.07415654754883029,-0.23004817273834502,0.1621335875377054,-0.03461494957845354,0.03161712804324437,-0.08337947116402013,-0.07770912558212661,0.02278717262549813,-0.25220779699562024,0.07638201995157104,0.04752854827771733,0.05455553400988136,-0.10186448102920681,-0.15819518769239163,-0.14576658039059381,-0.15888893211857238,0.08322853662645306,0.1767137299584162,-0.10218463245621695,0.07994000411615754,-0.03653421472086924,0.04828030486402763,-0.04729906436785736,0.0373505101119936,0.015986749168269546,0.27920693243653527,0.013367500691761394,-0.05195130041285733,0.2070234595733468,0.08053810373235756,-0.017369188793607222,-0.006554870555283903,0.0007833356971324241,-0.034547378470725414,0.15371725096425548,-0.01416754172191854,-0.1378326068498575,-0.0862648291215345,0.10829916614782409,-0.1031171707368797,-0.08370204898670146,-0.08345091011798353,-0.02791415497883009,0.0014754145700702497,0.09305199732031309,0.18339651887613762,-0.06431601355088035,0.24124819658729668,0.17968015498498602,0.10575996106146798,-0.11745617867512921,0.10733708228064733,-0.1357413304512623,0.028379389373459078,0.20927520732350965,-0.3051583408198503,0.02554076374123793,-0.009934751190865386,0.03382827724143578,-0.02843922478871666,-0.013088288120790794,-0.16243258754521017,-0.05574062770952846,0.09520716234928364,0.010732769488570035,-0.2766720455923772,0.1791567031923496,-0.05006142177542387,-0.009384199735656386,0.016430876682447478,-0.15214200844355338,-0.026507272773223112,-0.15927794655909863,0.031215360565079852,0.09299880966199593,0.002483389411742788,-0.1417508345510381,-0.13853550601080694,-0.07733077344094039,-0.13588891570678704,-0.025702514473411063,0.12502205290750454,-0.16308235990917275,0.08923869431835678,-0.09837665186200119,0.07446113715855268,-0.051471730165612524,0.0018527219343160586,-0.11010427030292785,0.2541091266076682,0.013522800104579256,-0.06371011054308841,0.16722304094075197,0.0886591566386352,0.06341903991324849,-0.013636076840501722,-0.0025959940068449004,-0.058699999115242284,0.05076894751319985,0.12439692479752795,-0.12986045135266677,-0.0731226136407992,0.0645120416393307,0.06638909113437903,-0.04562055583791635,-0.0050438413401380595,-0.01219908008887549,0.036359833482641206,0.09945429647736904,0.1433003685884361,-0.01677220992027776,0.15973988647667328,0.14713764942354013,0.01421541100474534,-0.08429994157634796,0.146503608542138,-0.1205185086478948,0.027728475703575034,0.14693316875566678,-0.2595455293015316,-0.004395432033196453,0.03956515028903655,-0.027287130113000786,0.03164900759799574,-0.07281354443232946,-0.1923352600946861,-0.0878311033836616,0.10037272848999113,0.0978137310606061,0.163414750439416,0.0
results_s1/wuhu_candidates.geojson,cand37,37,1.8,10.0,31.3583,118.35178,0.03879111691173384,-0.16924531061178555,0.2837803560895975,-0.12561005718213367,-0.032223128223915785,-0.09477859732655376,-0.025558710404481624,-0.05845765817587726,-0.18109088721101463,0.037046315591096834,0.0482965569741057,0.09085418852289914,-0.03579252675266788,-0.12295973663154587,-0.051852042855832774,-0.07512755572441783,0.0790588821439024,0.22540035105448808,-0.05368631698457342,-0.0012853079513234994,0.010050093098024498,0.16966632301502296,-0.046908726196006494,0.05573161710381208,-0.0706753151379923,0.10236184981871928,-0.08028566407928274,-0.0367505640132706,0.198363690092539,0.08566235195240254,0.13797211038898824,0.012061717533486338,0.027792475464988566,-0.11964602722923036,0.07516511323578272,0.015702650624336782,-0.28300935711567915,0.01421508120776748,0.04335527246761079,-0.09943831385602497,-0.09620395520283873,-0.041902363015887664,-0.115294603566716,-0.06048947143259846,0.10259141125946704,0.22154048178173666,-0.013028046532647884,0.20919341674251404,0.2445431469611992,0.028668997111076316,-0.04152465345003216,0.18745145801731064,-0.23975136811353404,-0.052442011528357466,0.17107240999509096,-0.29116641505809027,0.003387334179268999,-0.0548716070491459,0.12286395723602887,0.0075218538132138975,-0.07762179307498476,-0.17060507279040177,-0.0620846454416891,-0.0726101075885219,0.01425173793954701,-0.2213973467101664,0.23345729267722518,-0.0777343726252775,-0.04301185893729125,-0.036325945443959985,-0.12140947964920235,-0.04121044371644692,-0.10423096991501503,0.00543358563718062,0.12484293774127658,0.05884795772860967,-0.14034514257662672,-0.12418446129360756,-0.046023897445570845,-0.09601769275504018,0.009430553245813135,0.17713780010295632,-0.15131691754692644,0.01601928816606386,-0.06843864726266825,0.14669121004430882,-0.030602022496506308,0.03149497836157709,-0.13118425842227882,0.15086379384865617,-0.05418736575915316,-0.057345991935237414,0.17080689929818288,0.13135214259584038,0.10205068497408781,-0.005663441577545529,0.014513611661966061,-0.09950421957318577,0.05060121532597477,0.08466793185425923,-0.19395373073783476,0.0012355567930936481,0.06395554217868073,0.001890625199157063,-0.08813081537054424,-0.009230219600697307,-0.051733436101238844,0.017105356659403645,0.10582432919799527,0.1731208416325097,0.008864494942227977,0.188388524008413,0.21408320771229625,0.04555814466145213,-0.05988624320702764,0.16908780066596635,-0.18082406823576755,0.017897226220201515,0.16235287053252453,-0.2687976865503757,-0.030091961787367852,-0.02307129529500027,0.02946616302926881,0.03812175145091535,-0.09015020586986225,-0.20581914210283173,-0.061709012675536266,0.01931936350894234,0.14836183712121215,0.07219419155558407,0.0
results_s1/wuhu_candidates.geojson,cand38,38,1.7,5.9,31.28751,118.43065,-0.19832482580702154,-0.06845287135520552,0.14754450480838643,-0.0020226744337786665,-0.028890061887525686,0.17829072859421477,-0.022724745077318895,0.058359700637326366,0.05458750029337938,0.16269463557559585,0.02798492895652985,0.11695629511199775,-0.018715044852496452,0.036204260122807856,0.03337692868726941,0.04185137097199195,-0.22349182115371766,-0.08635880105010876,-0.26292912703148047,-0.05642003479596162,-0.2207666675504801,0.08775397967287794,-0.1903618012423166,0.17092904587976102,-0.08009614091923414,0.22476819033862488,-0.07950343034647785,0.029038340537969824,0.1483568494308198,-0.06938908684754262,0.005294183198000042,-0.10826438005612445,-0.03480041701467902,-0.059115198930070265,0.05308872973673826,0.16879301916721626,-0.1665612929233055,-0.10389433575700587,0.08992847769665543,0.12465107484777695,-0.03173171974935187,0.12571265279660634,0.016316961043144812,-0.07303410937172812,-0.005354665788872108,0.09139264565829912,0.0987008554086505,0.12045325760418163,0.10007569144698061,0.06623717897529142,-0.08538068276718849,0.10752604192745438,-0.063361563304507,-0.13005567696316292,0.17675429478438137,-0.19818481314756087,-0.12934585608828753,-0.015313408303201088,-0.18422463639939296,-0.0853794485415512,-0.25893823906199975,-0.26838813469850176,-0.06731963083439481,0.08008768675035081,-0.1654447771112761,-0.15432209622919976,0.12378353413028875,-0.012272190827882971,-0.044189088631071495,0.14120386033650856,-0.11404153826597682,0.0819428416145223,-0.012920865301857614,0.14363584165596333,0.088113621576096,0.02467391764526436,-0.056081315203011184,0.005322601273920467,-0.006560707791701978,-0.034849905096514096,-0.19707559154541152,-0.026765791228036524,-0.24173012185100407,0.01576681051713817,-0.2175232266238541,0.10481060529300648,-0.13910711984995708,0.10722227422663391,-0.13459861158038697,0.20605545140253345,-0.05531109989847872,-0.07025443560914561,0.15699829216773514,0.030666948091096668,-0.00410707475124622,-0.06255369852315122,-0.030440125355739818,-0.047662902216713016,0.0018425318129609031,0.21312598107062097,-0.08705121276125369,-0.07669319542509755,0.08280118930106009,0.1499350814821805,-0.04315622710593775,0.09580917922913239,0.05296428463260107,-0.033046896741748225,-0.024197523161800242,0.12804374828543166,0.07570757406661816,0.13717708653424615,0.09902933627959586,0.033236110881913423,-0.08133417574393725,0.14020882203886575,-0.04800987522357164,-0.05097590149461287,0.13226883915616183,-0.18768727552393893,-0.1079733942417044,0.00203477091384904,-0.13704537532895636,-0.03698196825961374,-0.20953643929499258,-0.27539708950296005,-0.022593275427751185,0.11324082316153675,0.08289067460317463,0.4914520628024067,0.0
results_s1/wuhu_candidates.geojson,cand39,39,1.6,7.6,31.33225,118.36517,0.09294599489037304,-0.3416791897351928,0.07422435308600223,-0.059465640806874595,0.0381243053771812,-0.14347622141643263,-0.07157164099450147,-0.01588605586756701,-0.26196827832730485,0.08736930096836346,0.045488233722781074,0.01650652257665802,-0.10033834212858309,-0.16502447404261747,-0.1699664848946586,-0.22866511984224563,0.09981757802200401,0.1468010161171596,-0.08322045795178504,0.12420239845427504,0.02341035803984389,0.03797670691449118,-0.15511592773310715,-0.04859011920394396,0.037254922358772966,0.22578397517073864,0.026064475172458516,0.032976621951682654,0.09287522009300071,0.02418475695995363,0.08592439872736607,-0.012069579751822518,-0.08698846014909795,-0.058351094709053905,0.09187746942069244,-0.06849939413652215,-0.27937730749005,-0.1255970732412773,0.1335319599575038,0.0029910393537529913,-0.03996800696491051,-0.029180336387378977,0.014643236154031172,-0.030259897514627824,0.09830198949016114,0.1201858450370683,-0.04213464397670475,0.10830491971308467,0.10552046842217638,0.028984015081650473,-0.06022476681944242,0.08285557043398674,-0.1556344376890801,-0.014383657574055813,0.16827178681073324,-0.24018011493091115,0.08336821130089712,0.06110027614900705,0.020063071617977622,-0.0016448965675906991,0.08117530167976923,-0.08514700164865881,-0.15871608559970987,0.048415197116913715,0.08260797466277907,-0.3118083712348467,0.11708781895927056,-0.039508377899750716,0.015661048436306297,-0.09267472974529083,-0.07697778832134695,-0.04642772760746149,-0.1893099663585944,0.05673376077617801,0.1116602480263422,0.016994902169934056,-0.11419196746554175,-0.18114185249232673,-0.10134561212191137,-0.15683439022808388,0.08779530507956898,0.12444245018975987,-0.10324213510370893,0.08441191120788692,-0.025896321847904726,0.04478954396570512,-0.09315544720655217,-0.01851280777562095,-0.0444054668254962,0.22995404162354424,0.005078727635389108,0.011094236521251567,0.12856866045384827,0.06134362688537973,0.06235058152793109,-0.009821381465678316,-0.07220022434981782,-0.06505338362508459,0.08833479772858083,-0.00012770497394805184,-0.19588832094164144,-0.08923274136626348,0.07991201641779293,0.04761000941650515,-0.06828188794989265,-0.03565060571978623,0.020070376750096236,0.03305286547007152,0.09502310279113355,0.1367719414125874,-0.06626676869846848,0.1255328959993477,0.13075075220135945,0.009782051424733667,-0.090880469016713,0.10747941219409342,-0.15841527713018458,0.021638747514306444,0.17441007252955693,-0.2539723731369391,0.04767957676757567,0.07100629151082066,0.028591922751901477,0.00876535030141843,0.011856463786194546,-0.13351751431571546,-0.14270822373906022,0.0966304316569995,0.1158479674796748,0.16044452880021565,0.0
results_s1/wuhu_candidates.geojson,cand40,40,1.6,8.2,31.37258,118.41745,0.01478753971408417,-0.2830583101688722,0.12144976112631921,-0.03191625782005747,0.06824278857334633,0.0274929974457065,-0.1308907074900257,-0.013262109741804117,-0.2357213099153019,0.086742284370086,0.07848947324080545,-0.05512467411315899,-0.15210473605507038,-0.1280235874931053,-0.13558073565505274,-0.19237831547940318,0.008815340385060487,0.10638431284086255,-0.1453489694052185,0.06017530695718953,-0.10182012850185601,0.013792698406972035,-0.10568386182584552,-0.053223083835826135,-0.04258235279604224,0.2817621840021569,0.03255656244162235,0.005025481771381368,0.10890706937133317,0.10738900116059022,0.09575251930579118,-0.03867343158092035,0.02551697403679761,-0.062055901147825276,0.07895884013691551,0.10234006016712689,-0.22762847542079095,-0.07419414662552877,0.07456571515967918,0.12012353550049171,0.015737154427599893,0.03348862005880979,0.0032767772845286977,0.05471111893453779,0.13229667954283816,0.12340222855698628,0.001275506046810769,0.12744144161702214,0.16977343370264478,-0.031718891840642895,-0.08870720293630074,0.15347939228561763,-0.14217389113812418,0.010743602188983714,0.21717135716340813,-0.31162839442206275,0.059147618316024,0.06623021068722933,-0.0238579210432415,0.01460007327205767,-0.038031965885436725,-0.1912192817334116,-0.08051018140881534,0.03597616287600223,0.01908892742928544,-0.27119625167077804,0.12153581451107018,0.007152096525214216,0.017524891533951443,0.01060245970849888,-0.13105404248690836,0.0001541952102458155,-0.1456454203269977,0.0692009847329068,0.09242851383416585,-0.03694734564884636,-0.1416317245968336,-0.15503350828260254,-0.08138678150319394,-0.13187788442205894,-0.02398355154903503,0.08051973388959294,-0.17342461938837378,0.07443445494803132,-0.13124034691786407,0.052775120772543344,-0.07182296597313562,-0.0003853190018900268,-0.07045125359320709,0.28279291812614676,0.03328649204550496,-0.024641054471820065,0.16405137073241,0.07812248578985936,0.028195906884452063,-0.002444449970626739,-0.022217444803921755,-0.04880783027596155,0.07095193136638106,0.11845152647373566,-0.1256110825652267,-0.09870148238703483,0.08074445666767031,0.06853218265079851,-0.026886640549527316,0.0256162818158834,0.035317515484401533,0.06823257945494196,0.11804740581623029,0.14268777076430503,-0.029306689669489565,0.1587992652947895,0.13247771340475892,0.003804495959830417,-0.12604021365849155,0.1012000830756633,-0.0969775950931094,0.050736592193879555,0.1825200913784681,-0.28433261650845165,0.0036535009391512963,0.07707040113245527,-0.03461649252124435,0.043830260816619636,-0.05196007430966583,-0.1905346779567147,-0.052011763107506374,0.08495709760401264,0.14003916666666677,0.18553858843693408,0.05
results_s1/wuhu_candidates.geojson,cand41,41,1.6,5.9,31.34716,118.41826,0.08223528896767995,-0.284065340501742,0.1914929739153993,-0.026612970136913265,0.07900530977164613,-0.12510597396705442,-0.11870352930185266,-0.09380786651257556,-0.19023512658817956,0.005715183279985383,0.12345240178308459,0.03908944226149782,-0.16409536446446993,-0.16390435529436587,-0.16303062224028525,-0.13820631794856697,0.09277350425555786,0.218532947528212,-0.06209833682502835,0.05206332517098106,9.744982095828025e-05,0.05254081906286949,-0.014713388343623155,-0.05810767222920144,-0.057574486800159023,0.24112620587214822,0.012524064733566015,0.057903645048227995,0.0732309620102306,0.07737057056814177,0.12589734625823007,-0.02565168625909447,-0.011601627507128853,-0.12361527346835273,0.07829165843406402,-0.04383505747492931,-0.32402742360952685,-0.002673022348247794,0.06864255282695439,0.03850592679128172,-0.030259268528047993,-0.11230856971639253,-0.01932976910675393,0.02907809142287321,0.14180641180239748,0.1161174522241611,-0.026888582552253546,0.14940774669461557,0.23555078371352992,0.0052319352503273735,-0.0415646201544102,0.10818965227473792,-0.1818522520400135,0.03566608974937582,0.18659005865898984,-0.27021210035931065,0.025889541465763943,0.01461860682778149,0.07815934091619339,-0.00578157292335309,0.028124306450211134,-0.09672361890886126,-0.16364731041152097,0.0377827718633516,0.05653026119252059,-0.34869422770307446,0.18427318160976972,-0.01400286329043412,0.027836306582542967,-0.08891876328534722,-0.16290820742666898,-0.0722604985084329,-0.11979090897205806,-0.035280208963762535,0.14345173293445582,0.029013840126431115,-0.17770602959991152,-0.16311347729304562,-0.09158433828298036,-0.10290203642962173,0.025506582259243377,0.16348519729674987,-0.09996737250093822,0.05026420786127363,-0.052106216046238295,0.06187134513431237,-0.039761413172325344,-0.019958308443715524,-0.10098583248841067,0.2631952548598793,0.018702171894823906,0.01147167029860593,0.12671172140887252,0.10253647064550911,0.08733574794249074,-0.04742385444450959,-0.06441467797105795,-0.05852823546867515,0.08328143235103445,0.01848626789744995,-0.2190764084112328,-0.032279349150848256,0.07174186890834489,0.06252500404065375,-0.09224587574538731,-0.059571330315085456,0.017771684163276492,0.0641146532611963,0.13906888253872085,0.10637994736560277,-0.03159396490722342,0.15182487900345182,0.19661540131066693,-0.008888068604799102,-0.05679016977438086,0.08854653739307328,-0.18309930457304072,0.04780713500153762,0.1770793941123154,-0.27676635341469874,0.029614184639006204,0.03340202027983182,0.014969950362414287,0.02739466924586807,-0.0035164263703563385,-0.09767543455286459,-0.14266055674008887,0.05083246848288555,0.1314880341880342,0.17187687228596163,0.0
results_s1/wuhu_candidates.geojson,cand42,42,1.6,6.1,31.38291,118.39086,0.045345660895231295,-0.2595956792167826,0.21320318035175106,-0.02961414727113239,0.06615790077628438,-0.0984535449946715,-0.09274702296822813,-0.047708079176880906,-0.21937239850819568,0.04769111243586033,-0.014608728894843008,-0.01150529967060599,-0.1329212388913612,-0.21402792760677516,-0.14847393003092085,-0.21388141324687715,0.024376281018489588,0.21545335222534912,-0.05442888779771575,0.08983188642317613,-0.052902928742693825,0.12359679015409354,-0.08626206531580259,-0.056010332905605906,-0.04800642347878521,0.24099658457264275,-0.011388193775634412,-0.01672557723424362,0.09590090461297791,0.06924946323297478,0.1361410857214668,0.0009638673444379387,0.040196523124181566,-0.04670643885817678,0.04073778648781381,0.01663763655343102,-0.2918911492897337,-0.06137227363486135,0.043671951876982015,-0.03471229636429596,0.051109150592852925,-0.03620025301535069,-0.0771170941816179,0.010297100751461756,0.14608295189781728,0.15886138185716225,0.01764950446121562,0.10294321887866448,0.1853509343230877,-0.006024063789473098,-0.06654331779603609,0.12794161926300068,-0.20085863789175948,0.03693029555970258,0.12401246148803069,-0.2769361335781184,0.04047192445598645,0.03527529750104411,0.04728946672002984,0.03852453068236991,-0.029030033073466206,-0.18693967971821054,-0.15207476008270118,0.028245737315362236,0.00913355269083654,-0.2841980875047128,0.17841411698086146,-0.0002670817539743953,0.02296326440400929,-0.03170810526633763,-0.17573465401357857,-0.026599233812068294,-0.10327878518696114,0.032731144494149704,0.0593497012649673,-0.00045207540078913243,-0.1794078558534967,-0.16845087359437647,-0.07858179357834118,-0.16103761571256509,-0.047879890577614215,0.15769116409009812,-0.10980075795748968,0.0833404223433828,-0.1026179311165471,0.11586909054396233,-0.039759502274902284,-0.029449812701720913,-0.08900928511067308,0.2582721654466931,-0.012584631643193409,-0.03868881328210365,0.15747486568532681,0.12470134897493879,0.10192454298175478,-0.009327896234844603,-0.013530769914640108,-0.04599173110636499,0.03121111022444462,0.0914446943300233,-0.1876800247495845,-0.07756567418160354,0.060314649922915346,0.04306194278211671,0.008528440852373463,0.013677055686997954,-0.007116462373836846,0.050246172218653413,0.13452486747154643,0.10506952918178715,0.033224259507917575,0.10186268107276514,0.19277879024145014,-0.014051974796855429,-0.08773665206207253,0.11397800069886337,-0.13626769040179884,0.07263026180691523,0.12313540724182956,-0.2795142308506981,0.011157610311051593,0.03365453853511325,-0.027370340079567207,0.05814428908512396,-0.06229751250911098,-0.182818322019228,-0.13095048106043308,0.05776172674911732,0.15035673076923073,0.33657088202291785,0.0
results_s1/wuhu_candidates.geojson,cand43,43,1.5,5.8,31.33944,118.42607,-0.04439646300950827,-0.21417665555370108,0.2023268437782301,-0.024783601035454017,0.011060426667156183,0.018849182934371597,-0.09772790192035515,-0.015323574188237814,-0.21329222021700386,0.0684863044057267,0.01661701672258238,0.016024745582603448,-0.13804939302167704,-0.12607555326772935,-0.09213032873087199,-0.17386444020861272,-0.03175267526247043,0.18947034972128055,-0.12408619117595641,0.10717486140078404,-0.1545714590767667,0.12249610143927199,-0.053689888535534164,-0.009521688224969864,-0.0639032871047578,0.2989020739656867,-0.03613713219662108,-0.05042221439908706,0.17000286047424548,0.11315546192683554,0.07679345763268441,-0.01253661044916083,-0.013621240610617317,-0.07070637950056492,0.1280254726536571,0.1033605675579147,-0.17369753190801215,-0.06417823832986055,0.060899452091878886,0.02823292678093388,0.024960365864145406,0.021259704183508844,-0.04730297725260101,0.055586670062107865,0.11982329255709943,0.16563051125052752,0.05644391144798644,0.1487226909967209,0.21532835103676348,-0.010241643440545723,-0.07373635201259837,0.1748949147771748,-0.11409393393647534,0.0035257027758630465,0.20983139518875124,-0.32682353279960097,-0.011583710407239814,-0.010605090468785393,-0.021198490829759307,-0.01390427839243664,-0.1155257384518486,-0.23273630712377372,-0.04975712829611582,-0.012599112563317312,-0.03919022188316261,-0.22165474259929493,0.21116426022033288,-0.03800665451127677,0.0011972282427575624,0.021798138321709595,-0.12396126942606178,-0.023177109342661577,-0.13521647751276028,0.03551001191487799,0.05452283345831899,0.04693201311356693,-0.15342256014384917,-0.09095938111189295,-0.08423950229250363,-0.1527452198157758,-0.0600788394417081,0.15634339485133392,-0.13319430210403943,0.07090723403469486,-0.13287638261319767,0.12204243310500756,-0.040204425427943516,-0.002688743019872562,-0.08730659125860082,0.26306902929909043,-0.015367308666087952,-0.03392859636471659,0.1713286531308407,0.11513805525824763,0.10266974349627726,-0.026045666496171523,-0.0028948847965564375,-0.06697320617088948,0.07686151469199093,0.12032213949164214,-0.18566029659423297,-0.05359371885962778,0.09090041830235716,0.042952257979020726,-0.003606709496633676,0.02056941815769764,-0.0324165930844024,0.0377456013162255,0.10453974828882635,0.1320174420952514,0.07003463814631593,0.1542916679072395,0.20623473432626235,-0.0014509624681278744,-0.05632863320496911,0.1485933665009311,-0.12773156009523753,0.00852293416396531,0.1956755563212794,-0.29514368405916436,-0.04431225015591461,-0.010956112792936694,-0.04460524006739136,-0.010810338765020192,-0.11545672725155046,-0.21141899108306503,-0.04410508572055804,0.01496314069415757,0.1383707236842106,0.1872168023461393,0.0
results_s1/wuhu_candidates.geojson,cand44,44,1.5,6.1,31.29425,118.39346,0.015836273902859178,-0.24207282527803536,0.26660649371404105,-0.09317486645572659,-0.006764290358635876,-0.07059682036340813,-0.13791434069355013,-0.09392209672126371,-0.18559553056257358,0.015130696301894255,0.09936663533725056,0.05919274964199773,-0.11178595482802423,-0.14205541512825198,-0.09657756129735674,-0.11504454611374319,0.04334577137784796,0.22036715004715335,-0.07036011813392885,0.03758364606550915,-0.02043235147655481,0.11621372575649103,0.02182410104651456,0.0016979927973814015,-0.10752938727941323,0.19353795637101287,-0.05138925366095765,0.021682423886274536,0.12617745812712347,0.11325361710542554,0.18126648931429679,-0.01692248852053049,0.08390575278839245,-0.14517245652191887,0.02644214898283841,0.022334183643914405,-0.31505543722726626,0.013893834883428753,0.04914235316873754,0.01821194213433664,-0.03357167690743285,-0.06379214448868059,-0.09268840317399948,-0.01699157024631617,0.11078880580835418,0.15062271667296617,0.03468867382640143,0.13368980876121828,0.2600358917040405,-0.003246860478825116,-0.018200894702278387,0.17764597496890663,-0.21365565938633854,-0.018544983615431235,0.13608588416997128,-0.28963767265632967,0.004334646581948247,-0.039450858519033405,0.08280037877502777,0.024894246879603642,-0.08021065651813539,-0.15308069698838175,-0.10115915243121841,-0.041788733632074686,0.001580764751216919,-0.29559804936109985,0.22830477884132117,-0.03921281828160966,-0.02182875039092318,-0.017839001452199868,-0.19486487151725027,-0.04458426674426172,-0.12285673210450723,-0.013642787820058773,0.12618602696868644,0.03084883040362327,-0.13871023744846953,-0.12854202329149875,-0.06012754247829286,-0.09955449234198209,-0.02098882415493651,0.17117135152886134,-0.1331792492744967,0.05377861883592991,-0.08568021947156729,0.11032692892745251,-0.007839171422130661,0.025119903097799722,-0.13268391046471892,0.24519478926454294,0.004937324755382556,-0.03781738888059663,0.1721112550597286,0.113162286860085,0.08837182535830758,-0.033239927865179306,-0.02094928382331617,-0.07405485951288121,0.04963854689765471,0.09261790318640567,-0.17329994144470198,-0.02290790518401817,0.0575406459001035,0.06616125908634599,-0.06902371516539292,-0.02116946315486112,-0.01694759325679907,0.042876162938956436,0.1177658715752685,0.14100006452613512,0.005603265912760798,0.16472822742629073,0.202930206313084,-0.006811489593232166,-0.05117639599406945,0.1475434918679476,-0.15762951545033121,0.01783040763280417,0.1437177903029026,-0.2864670483657714,-0.0019102083579354138,-0.000899508759384977,-0.002261894386695883,0.03393868198955456,-0.07607494477323273,-0.14423500156670918,-0.08514609994985183,0.03215873031104414,0.15808659909909908,0.10683471277963937,0.013513513513513514
results_s1/wuhu_candidates.geojson,cand45,45,1.5,6.6,31.38166,118.39804,0.03990110513547736,-0.296294716938148,0.21768366798143762,-0.11264642898651116,0.028092212009550175,-0.1324376561991054,-0.0868689266749635,-0.06174379142327327,-0.18051602267883216,-0.019578129964739323,0.06478436362178178,0.07902702093241006,-0.05908477796314387,-0.1996522954116854,-0.11099159428896864,-0.17104930847247155,0.048653976180706035,0.25115750878804494,-0.03266716842847398,0.03846076367621848,-0.012890846523585598,0.18975551110846442,-0.05846541432849075,0.008997791346182766,-0.04559279584626505,0.18196597573951784,0.01662482790055497,0.005960845958451352,0.14252505815777333,0.05299893972108146,0.11841734837388625,0.01910129280634903,-0.022509306271713346,-0.08188305425359578,0.055084272987794274,-0.0692799724976064,-0.31302235884269164,-0.07611104848159009,0.11756627797144555,-0.07106648641113024,-0.025253676944628944,-0.10052178494031443,-0.04418211296385648,-0.04981355217487451,0.16048125733402488,0.13450598879030062,0.008105938672861966,0.15279176610290954,0.21355514100859593,-0.013792769678355335,-0.03401738695712669,0.11434478541337893,-0.2226367857679746,0.016219064623178566,0.09013627129885322,-0.25500904914513484,0.025179941006619338,-0.06107439880886078,0.08014108763860325,-0.03961471700794747,-0.03934434268745402,-0.05730550384948683,-0.11142003342671446,0.024482846966294255,0.05939216842164354,-0.32799066093883367,0.2167348852860481,-0.06482246048989249,0.019924304996394453,-0.09872153631540136,-0.11958429539090512,-0.09232463921534374,-0.17047632892921769,-0.015756575131796128,0.08616057105007016,0.04518290500108417,-0.11296190572774616,-0.19638007405270314,-0.10841596363626184,-0.14503247845566572,0.05515996364093464,0.18956903312522466,-0.036868005150082574,0.04693007891851672,-0.034323165961992835,0.11959841728258842,-0.06252825479907813,-0.02214753709574392,-0.07772700315621409,0.22416805567063633,0.027775149205539355,0.01641506946970564,0.10578020220184627,0.07887563865919776,0.1264279988626549,-0.032011822968756154,-0.03177299746891305,-0.08995516825924553,0.08329128371075896,0.004483786567567903,-0.2835101855079481,-0.06038607645404264,0.0644810376485113,0.01879591567161743,-0.04743245660345415,-0.05670301032223405,-0.03389918906200543,0.0033652784223654223,0.1516233397369321,0.10551662294995169,-0.010308612037653457,0.12698278982074596,0.17783840624779035,-0.016844330951024014,-0.037424337752773394,0.11309642666875726,-0.22622292190958512,0.011321228092739053,0.1379610581853392,-0.27069952118433743,0.04572168457221432,0.002275065550887521,0.04531973412694259,0.0129744586437038,-0.021929120280640067,-0.08001032534999974,-0.1731880399114665,0.0439783789869242,0.10622759009009,0.18000109232504524,0.0
results_s1/wuhu_candidates.geojson,cand46,46,1.4,4.9,31.29668,118.38861,0.059550594202528694,-0.2448921834552546,0.25846494481380045,-0.058941067610745725,0.00900431075293872,-0.03812952509236664,-0.10737188479474907,-0.031672991119208516,-0.13980125955125822,-0.05517341877793556,0.11811967652719674,0.059833887073059706,-0.16257612183560388,-0.1327234941325998,-0.06501316173591748,-0.1052612404530645,0.03398819790553387,0.1965622283042646,-0.12338219093089624,0.06267175665965996,-0.04076857815282557,0.10468013361127868,0.014325249832992815,0.09719377999481155,-0.0722430127922764,0.23639753871630756,-0.030787751732334275,-0.08911984050857331,0.21546418383232172,0.10783078643490175,0.02949995777704331,0.007183388513654412,-0.04366675083593504,-0.05066455752450784,0.15607133819246616,0.015891702853573348,-0.15572721383330573,-0.006101329978181696,0.08529059388023723,-0.08824109674838976,-0.14738256052873525,-0.09871654798938158,-0.03987611556267643,0.07120978488147041,0.1597458738212067,0.16337653353882542,-0.07992636261019899,0.2079737580001439,0.2021582521950579,0.07542726692841446,-0.13144102836172375,0.11283882885344652,-0.17971955519066077,0.02033613346576334,0.18971645192437456,-0.3285500595167331,-0.0051945814356344775,-0.0402151966818635,0.02546030872623681,0.030140543312972966,-0.07300930862311737,-0.14218786566861422,-0.06327720550283049,0.045969738208677405,0.029188286184178708,-0.30457169033830467,0.25518760511338373,-0.05793945338312931,-0.021018307805989508,-0.03779021857432764,-0.17936118209156263,-0.042975424319897815,-0.0885050090868164,-0.05649061224235915,0.14931724360772186,0.06287566758564951,-0.15817686930603908,-0.12376481627085187,-0.03370377813864626,-0.07953196181152457,-0.014398765554668869,0.18000330971048858,-0.12336928321477784,0.04753572576145454,-0.05751706538675244,0.12292858119336816,0.015579738258712337,0.05489602314975407,-0.126331451364321,0.20889484898422536,-0.0016253190327262875,-0.055649095152178044,0.19678011719264474,0.1124299785112745,0.07762763199798024,-0.02089713368964266,-0.03439872535543451,-0.06100543645831414,0.06920723569838776,0.06671943417351751,-0.17620531739132975,-0.01789687238073147,0.06912548080025174,-0.0006092028191398927,-0.12032124463326391,-0.04772317340138153,-0.030384611159610497,0.05386363178877778,0.14346475586677349,0.13837123347619062,-0.0064849187596130444,0.16125035750813219,0.20509160639904872,0.01949853325805695,-0.07342448981247517,0.12594416239205372,-0.19476057020987808,0.017920262065037693,0.15198333766480338,-0.29516782579386175,-0.005667122471615744,-0.019673432810881998,0.00784027216990028,0.03954491940434835,-0.07306201679704627,-0.12469537687371643,-0.06310740057497129,0.01469543606143381,0.08077256944444448,0.28127540770138465,0.0
results_s1/wuhu_candidates.geojson,cand47,47,1.4,10.3,31.33773,118.39742,0.10159446397204762,-0.2191932999699473,0.19091538357851134,-0.09011849350272035,0.03751012602244212,-0.12463235747866064,0.01253781850416105,-0.02137416177111021,-0.2852351510961475,0.11681567971978993,-0.04169124081643464,0.061459014971485086,-0.045983282491039744,-0.14628057015415452,-0.1621641693909722,-0.14274098543645644,0.11428357481564598,0.19195281597302294,0.010810168569350444,0.07675068151283077,0.0465710832238201,0.11005344620450433,-0.11221130978895916,-0.012641244793863568,0.05002001367571789,0.18378160253982964,-0.0012981857911164953,0.020316398681989648,0.13697143798075084,-0.0046449040976368405,0.07969020236349514,-0.0011803003976979377,-0.023670830538675254,-0.05656189520738314,0.12590035283822315,-0.09249291175836208,-0.281824572670116,-0.09257469640946897,0.08187266965618595,-0.13374029847000185,-0.06052836366637155,-0.028767542907573516,-0.06443974205517641,-0.049997423400440055,0.1077905411588531,0.20324243326553573,-0.03469235148883585,0.14785354805849102,0.1896197809555033,0.06385146562120267,-0.05504808125612495,0.12304606270661334,-0.21015885481298813,-0.07437716211118812,0.20053263460572002,-0.28353630320917506,0.0742279495816198,-0.005060282507737661,0.10264261900334316,-0.049758956051605456,-0.0007759931031624113,-0.13269137180711937,-0.12439689368503559,-0.013258586017613882,0.06292802603137183,-0.28750718331353525,0.1926135066633844,-0.061707813934295,0.010300502377939414,-0.06422023640186045,-0.1153527489311444,-0.05166860266959595,-0.17206161567051573,0.013868950296285217,0.10457177803722417,0.04108377731741721,-0.14071205196900652,-0.1509492642505606,-0.09476392519326209,-0.13709420172165376,0.0321363328559929,0.16103738216235258,-0.11315511314252644,0.08316787489562001,-0.0715901534044747,0.08972287592356681,-0.05737715818570433,0.0044392919600424055,-0.06347637303345297,0.2530129635423582,-0.005698301374269308,-0.030070871505446708,0.15530110696296753,0.08429442225779407,0.07385466214094359,-0.03517319482340133,-0.036854998164169914,-0.05743307176096645,0.1146600501752726,0.02436705490303028,-0.20298364420464957,-0.055333561950218935,0.08500047216253917,-0.011607638210971582,-0.09017342496945978,-0.03037410158174478,-0.02728030061431217,0.028952175825116833,0.12081888425954285,0.15277635570369066,-0.020575734181277755,0.1523045123279674,0.17866582153747176,0.045743008079770844,-0.08437055999347126,0.10778099450717184,-0.17376245251963568,0.015763005773265556,0.18737380276639454,-0.2816956337493141,0.028768504944772448,0.0008981364822864803,0.01836519828682264,0.008238467219680846,-0.01585291608264,-0.15225233181081013,-0.1122377929452507,0.046274469211106194,0.18497141203703704,0.06320943953601729,0.0
results_s1/wuhu_candidates.geojson,cand48,48,1.4,6.0,31.31877,118.39975,0.028140420184591088,-0.2836868665728295,0.23780704862408397,-0.07232036647186718,-0.027748168920954767,-0.1316990969171592,-0.12229362837035174,-0.12786728106086276,-0.1443914509653849,-0.017910143733655872,0.08441177758659006,0.1406799869090516,-0.05040989333788533,-0.14852495685524836,-0.07215596092266457,-0.042820009122998985,0.07870152092802925,0.19325018758719234,-0.033353202819087255,0.0052408636146236065,-0.00907268776989946,0.15833285121449606,-0.02865757385525477,0.10989252423954682,-0.11805990677099389,0.14162460994580484,-0.048978731565654215,-0.0021011937096432963,0.21254070887150708,0.046504457234900744,0.10704267406119575,-0.035477337674252866,0.0037523143995056444,-0.13259955001896062,0.10160670697238937,-0.03256306528476905,-0.27605794119229077,-0.003060370390022817,0.05199535803500362,-0.03830230751221717,-0.14434969879977924,-0.07214136578414111,-0.04645524705309723,-0.03552825467949628,0.12038515356146298,0.16484320141638684,-0.03543763812289743,0.1765966836206173,0.2247579850748735,0.0441581614662236,-0.03469374526839306,0.14521724368174063,-0.2564627726713986,-0.037931204814542305,0.14890727700681125,-0.2981738251329304,0.031927070228401924,-0.07747881015526065,0.05537798886232009,-0.02771845304187595,-0.06181424300936766,-0.11599161298221122,-0.10320730070904241,-0.03146072014359587,0.036941949961628535,-0.3150170903901352,0.1927439531436637,-0.030843350326311324,0.0174496947428461,-0.07765427118741836,-0.14220611765393562,-0.053372486974483185,-0.15624162974285605,-0.006723525485590483,0.08993711285876331,0.04819274999443328,-0.138340408577032,-0.1627170151447997,-0.07711729206324223,-0.117199833331838,0.05071513375516848,0.1679765319324336,-0.11168638242586919,0.06448148603859934,-0.07152969911767895,0.08384073312038143,-0.05523404650015264,0.009925605356141495,-0.08393724055282792,0.2562111995682308,-0.012648769494839607,-0.013194432476638793,0.16468935781130095,0.08034325259515653,0.07270620788651273,-0.03498445569925685,-0.04004286952453488,-0.06540632671486206,0.112874610985152,0.02042854409673085,-0.21970883966640023,-0.03739153336643892,0.059525443614294585,0.022331053854430998,-0.06823351231232583,-0.03656260404506367,-0.008668148641220551,0.054928570399619125,0.13979531762311512,0.12548308864175656,-0.02711607449627141,0.15501933250508235,0.19009517988630906,0.012172148460566978,-0.07324139200680893,0.11674433390486938,-0.1738414486395972,0.03719009501788008,0.1677390047589689,-0.2816962743549074,0.0423259237019204,0.015945484771510882,-0.005804606967889669,0.036674760788122505,-0.05994378955031649,-0.14022102004916256,-0.12800996097019082,0.035500432664400866,0.12210238095238087,0.10657864380743112,0.0
results_s1/wuhu_candidates.geojson,cand49,49,1.4,8.8,31.36333,118.39885,0.019686754878201564,-0.2934472919231585,0.29873117564981505,-0.058754636980590885,0.016031586814060285,-0.07443542077593318,-0.08295195849478809,-0.05653070409393104,-0.17302676153078553,-0.04853707260388183,0.06568158521571223,0.019129262124766188,-0.12431681712737976,-0.1841335728263547,-0.0727554695039505,-0.10956513631317255,0.016362353977942796,0.20626999088509612,-0.0193238203111163,0.014271118886858569,-0.043396248806638775,0.1269361699260009,-0.05278967518974984,-0.022278748104661555,-0.10287365844597374,0.22856309889454815,0.018184516413306907,-0.01843375227332617,0.1255244757202287,0.0954913845582296,0.16883256897735965,-0.023332133103516794,-0.03153173273892065,-0.037029444682036734,0.0687324954533477,0.028845009482092038,-0.26076025037906786,-0.025813855863561556,-0.004109163891156815,0.045012349096501356,0.014556472920959535,-0.02045486878426189,-0.08381356107633628,-0.021028095503458064,0.11396926437109323,0.14268505406304408,0.008300649793294717,0.10990499107948984,0.21087437243238352,-0.042742038196199414,-0.06959065044127373,0.18596232909555108,-0.27170744942524283,-0.0004938104186376047,0.12653705359649922,-0.30467449252448287,0.05620316058214436,-0.024686539749188968,0.09121830929331418,0.020063510231587686,-0.0762018521830411,-0.13251200705001112,-0.125870567672762,-0.01840616323021828,0.05016050523441302,-0.3250508324364632,0.19436233890785168,-0.032072571669444376,0.035109037855933924,-0.09923164981141752,-0.1293821275925107,-0.09654904773466434,-0.16153009246468664,0.009495260886241221,0.11710168366533923,0.05689548907634019,-0.127566500341362,-0.18358714722516753,-0.10830104911909347,-0.13169646316821562,0.06464060397935416,0.16994940685234725,-0.04413444670042571,0.04449933861754425,-0.03871809112590224,0.0922776128446715,-0.05493118100528116,-0.028135168982576335,-0.1001979155114118,0.239966479778039,0.02162983905489902,0.046599908244411584,0.10841573844276889,0.07143425033793203,0.1296306542620983,-0.046908551597038425,-0.014833164866198298,-0.09400316574513246,0.08701006435539574,-0.0005516437457900276,-0.27586329173297003,-0.03153282478342397,0.04693867359997727,0.080184973168824,-0.03872366065402214,-0.052878364950530866,-0.026702109844167578,-0.0004243040945592433,0.12027151904309143,0.11001159103777113,-0.0068094619910799474,0.11557697725275679,0.19859143927179185,0.0015619554276468679,-0.0406031016034759,0.14316153323347058,-0.211494693959894,0.006243201922001634,0.16698212825503372,-0.28776641422118227,0.05335256468646359,0.002059143703650314,0.0441158226687683,-0.007160348819127395,-0.009745207353511708,-0.10489607585061335,-0.15884982724844143,0.015466368935325357,0.17090686274509806,0.18385029142550355,0.014705882352941176
results_s1/wuhu_candidates.geojson,cand50,50,1.3,8.3,31.28509,118.41924,-0.1176421018807426,-0.22834477170022976,0.10452256057646675,-0.0777475192539068,-0.08031407255922206,0.15752543382503872,-0.15333011104375238,0.005269916570930347,-0.03235023748384921,0.08319156539236082,0.12062025026679729,-0.004640766778990132,-0.07038133621090648,-0.012034228229643866,-0.011878966042900733,-0.023444518238127897,-0.1744756650884921,0.023162265875008876,-0.18131419527192486,-0.0039762928883404726,-0.16786770055318972,0.22680162088707917,-0.1283008656694452,0.1671445127684697,-0.29873974157957167,0.04604905747337833,-0.06402056840648512,-0.14869626350371648,0.18247286611795033,-0.018392491269563764,0.0879794213530413,0.005307067348723727,0.03784281239663307,-0.10252502057349223,-0.03618459187197691,0.22053473331678958,-0.10043213899311863,-0.06083780428607413,0.04692578870588542,0.1638196883692403,-0.08826643138486535,0.0968320506621141,0.09346286010270993,-0.0670499828177999,-0.004463731131105637,0.16444573557443332,-0.0172570829049027,0.19435763878618162,0.05425157446417502,0.01023597061163962,-0.04929556715842738,0.16435484721922533,-0.10889687853410947,-0.07732583869046761,0.06199778148441409,-0.18456547092876577,-0.04401979691134169,-0.027746765402822688,-0.11289583884926413,0.026551707662984498,-0.18427425953504864,-0.29575173466185506,0.025236756118241915,0.12958338258966565,-0.11508949302437833,-0.2408616539154192,0.0843551372013698,-0.038016496052779146,-0.06657223445132258,0.11284714847535347,-0.15970268027388176,0.0811229411376879,-0.034332037458884586,0.07912789187354749,0.12338830125526176,-0.019974432886274884,-0.08392804898199999,-0.02149094100023644,-0.005478827774834194,-0.06594448435281275,-0.15916051995345634,-0.0041851280498797485,-0.1913960639033145,0.031121045315742,-0.17187394297339423,0.13565296390991546,-0.10489604976308618,0.11463252209854084,-0.21942314198582774,0.13600608215130477,-0.04632756736446892,-0.13899858354878628,0.16821582692535397,0.03862901400935358,0.03093942721249833,0.003676832680033378,0.003138485581132736,-0.05477568667693071,-0.029045414295279348,0.20282722760373392,-0.0762975021874296,-0.07966137478393208,0.07960207579713299,0.15253022458990628,-0.0714236109070845,0.07318973564118061,0.10196615350616947,-0.03141258154827971,-0.016255627569218795,0.1496442157831857,0.005297634503564879,0.17979914386924442,0.042899007485043404,0.005150608137439158,-0.06968263952799475,0.15155911838922193,-0.09180676136372762,-0.03223790952520846,0.08390579716375866,-0.1692402151415953,-0.05572876905830443,0.027526238968915477,-0.10914839217935882,0.025109688650307736,-0.16960794902112097,-0.27528908975429317,0.011508137454250384,0.15706674308297386,0.07250871212121211,0.1695444826952457,0.0
results_s1/wuhu_candidates.geojson,cand51,51,1.3,6.0,31.32964,118.41053,0.052276094695178105,-0.2835396070686703,0.26634120247054976,-0.10520294629348428,-0.05019479226307535,-0.10906296139558938,-0.14467490644162873,-0.10215675487291832,-0.09910738260602595,-0.04145039124409816,0.08660503016272103,0.1113544928762873,-0.10654217940526477,-0.12852602900378657,-0.06578370521575824,-0.05288000741275495,0.05050330116529616,0.20372210466920593,-0.06850722605306758,0.03277172310594434,-0.007235003692547692,0.15963228586680836,0.004493963306863161,0.07926544577486799,-0.13703054442259346,0.1840609505475205,-0.059438190623971404,-0.03166400028765915,0.2188515153275305,0.0780753666962624,0.11550628562893633,-0.0391383391556651,-0.038677362608183365,-0.11370010980834719,0.10716201571614684,0.006028068894365471,-0.235173076763503,0.015093948370715196,0.07613103427292772,-0.029696500239254985,-0.16765938667750926,-0.06905485991829374,-0.054264831733229345,0.006993848519800076,0.12120327544193024,0.16506202097145817,-0.0520290120844501,0.18185230915613534,0.2203736719966588,0.03591785948403911,-0.02985666000071916,0.12077412948533917,-0.21084202534166457,0.004434782969472171,0.15211809514326266,-0.3112009133177889,0.02787608529093681,-0.02362056928851383,0.021104384312619122,0.03307728073596488,-0.04127571852552559,-0.11012046833121747,-0.12016004082547115,-0.0074459767825877715,0.050126692455590885,-0.32049227381891515,0.21648847300623705,-0.04740979684631917,0.0010507760463086,-0.08309385940342699,-0.18849572233031484,-0.05360879437185958,-0.10534136231671908,-0.02240558597859961,0.10229930307568956,0.06641308967049368,-0.15217762209980726,-0.1465457608144215,-0.09116267449298716,-0.10448860820360469,0.029317074686277204,0.2024747741039303,-0.08222329552322938,0.07996779150175275,-0.04466721849778151,0.11072629206430418,-0.005654112994756636,0.022458051443219648,-0.10676230208930045,0.27461701733781513,-0.023516761713100104,-0.018977891164255103,0.17755052877622088,0.08271116400258531,0.08574997607367676,-0.0324869593352462,-0.061658991472205354,-0.08655016422334592,0.11733899342717233,0.017041433040783222,-0.22255003119463695,-0.02746069730620633,0.09224987427563978,0.020719587113270918,-0.11768901581361604,-0.06596319588882646,-0.010388346489456093,0.04667488077946693,0.14423986498934888,0.12476076946899146,-0.031056363952898815,0.15243914278759965,0.20878206863462762,0.008285278768765584,-0.037764013643799985,0.0997422789876622,-0.16784596973495086,0.031737419525648375,0.16381261494181218,-0.3117344576136946,0.044567568517338625,0.028666244188118254,-0.01027179070241603,0.036395770588924986,-0.019273551831928654,-0.09852848855737313,-0.12909860005202542,-0.007759258079059266,0.10596199494949497,0.14975974193145636,0.0
results_s1/wuhu_candidates.geojson,cand52,52,1.3,5.4,31.36333,118.32429,-0.05111078556648482,-0.21568034282406523,0.1606204811459725,-0.04781378294432999,-0.028769646246689894,0.1039604798500146,-0.20259827879510484,-0.031035362198635785,-0.18020822898712255,0.10878970974862738,0.11283763530880517,-0.011128558506019728,-0.13797200834596893,-0.10047206251700948,-0.06714575915054283,-0.115261456743085,-0.043843565093805756,0.10631361593855435,-0.21288812375534052,0.062335293340072324,-0.12005382476057176,0.11786284998423255,-0.05199736453999976,0.0206597918691601,-0.16712093965588,0.2580128693804028,-0.03835653875562124,-0.05073569733335061,0.14661025966676608,0.14776504594170783,0.09966265766407921,-0.03165048533623631,0.07289032653819405,-0.11337304908656569,0.058588209720548304,0.14664560095728096,-0.12387868244279433,-0.05017123474549548,0.06776646700275177,0.092784495505186,-0.04442004864162015,0.03571496045168454,-0.005969800033694905,0.033671908730004474,0.11008995295672802,0.15384087537636784,0.06376296204139292,0.14691537584939243,0.21088438068331572,0.013548324110432901,-0.04320877933724713,0.19531581647508095,-0.10680848524119939,0.0001199248344413773,0.17032891860952368,-0.30128846346910654,-0.02088597834022351,0.021170444902349584,-0.05632003317652246,0.05500233358820506,-0.13998652825836227,-0.24143759124623643,-0.04950009581448797,0.032064337571115695,-0.07874960582812028,-0.21343789869371943,0.14180228845231777,-0.0111966148336813,-0.02785521408772239,0.06032142143923795,-0.1778023102658715,0.06384474879295167,-0.08949665345333356,0.06795628671514323,0.1065283311445134,0.014004600823669442,-0.1347134013732061,-0.07166987309178885,-0.04521549161148072,-0.12663982115144068,-0.1351364177516641,0.07251206956086555,-0.22586795023261497,0.059308065853277886,-0.13576884720303176,0.11993904411247273,-0.06489426617961809,0.02190649571722534,-0.09008034564734548,0.22103123345979178,-0.02967310861596808,-0.06977150270506786,0.1660516957909155,0.15476734611080428,0.05474500593637126,-0.017762473234370624,-0.019093052611223238,-0.06325904491926534,0.04666382515458562,0.16235827210645734,-0.11548138127863815,-0.0674773212558107,0.09191990916885087,0.07224274622865069,-0.01931741416774724,0.059704373094178274,0.03793906285795816,0.029883836371196144,0.0955737002362964,0.12222067495629674,0.1088831899625913,0.12487963887156182,0.21636434420155704,0.013692704922456184,-0.08075206062484325,0.16117108933453106,-0.08130188219471622,0.0048290984468259066,0.13382001625915982,-0.24966138107495134,-0.03508635355822431,0.011984032449885312,-0.13713838853125535,0.06704257975536396,-0.16316989724142206,-0.22682729037397414,-0.045879398884802226,0.04555446339078206,0.1064406565656566,0.16883659655704794,0.0
results_s1/wuhu_candidates.geojson,cand53,53,1.2,9.0,31.29075,118.37298,-0.018307017004171196,-0.23655471458258617,0.3076349935918047,-0.05617114278913148,-0.04577861345943401,-0.06035021784474993,-0.1316272617727138,-0.021426318791524925,-0.10069126200483988,-0.04618677360514502,0.011086730261335198,0.06592183097975378,-0.06302141387555947,-0.11295880864802559,-0.04096573729418221,-0.034635071785656044,-0.005195469238673752,0.24204402116705162,-0.03442209400643956,-0.0037430680770333606,-0.03594955849870157,0.19790459983544373,-0.02648747305796441,0.08816940585503524,-0.161087279797071,0.15656220957217942,-0.0208685576575211,-0.07366345802122806,0.22882228128434512,0.06974970117049037,0.10369507067828448,-0.016055377155298006,-0.017984488982085173,-0.05353715333641339,0.08431578045642732,0.0543138517208717,-0.16394228982514703,0.010473203527390002,0.003168767611989175,-0.07533276844241414,-0.10856181172075685,-0.029865934376579733,-0.08416153971267205,-0.01595580363168767,0.1448815352776524,0.18437179160097067,-0.05257779743517945,0.2240460417570384,0.19568237000479732,0.029676429277949834,-0.06833379277840879,0.1525788674563036,-0.2405074016653529,-0.021052360587988726,0.14977514374129128,-0.2809073848299848,-0.0045593662348574655,-0.03873740135721149,0.05813453679238585,0.057458352609449224,-0.10169683839191525,-0.1542589597063729,-0.04845948463923119,-0.01504539064883847,0.014387271417328769,-0.3225183452375962,0.2459955482194553,-0.0503162390724727,-0.03494696744796294,-0.04129342346286288,-0.2027258517975567,-0.061888499735725314,-0.060853124584612846,-0.0566195528024722,0.1272597939624086,0.06327392010962667,-0.15012610727153944,-0.13549194079579513,-0.03233540404016556,-0.07618625483291144,-0.02996968320503875,0.18518721349118972,-0.10074757108571078,0.049156758231385385,-0.04817692818736812,0.13285276045841055,-0.003258204087181144,0.031613051483868955,-0.16649104162756567,0.19537393048784166,-0.006537006098220257,-0.03747789160994484,0.1884088970109659,0.11314539447560981,0.11480591049350787,-0.03443137156214874,-0.028061134555145004,-0.07649952750553576,0.04042441355323393,0.0877585076646954,-0.19822903232355252,-0.02421826188478763,0.05146803047070887,0.04089417545757666,-0.11248716036678841,-0.02693434829206018,-0.02699714142239485,0.03138532796390715,0.13690332915203676,0.12555017411366456,-0.003788389256272366,0.15143711050061082,0.18852371256961492,-0.00037441558574438346,-0.04686153340993667,0.13014767133656507,-0.21375319693619407,0.014843652730167297,0.14527433362037365,-0.27987111502465,-0.004442954534196078,0.0011590400564597853,-0.00029690628119198923,0.0597877423188442,-0.06293074689380292,-0.12660018511353574,-0.08574286930474534,0.007801885158199308,0.1183897849462365,0.24648791782063914,0.008064516129032258
results_s1/wuhu_candidates.geojson,cand54,54,1.2,5.3,31.33782,118.42535,0.034782658836824965,-0.21644333067612945,0.18870441673367588,-0.04407498919306298,0.02581849776687171,-0.08281984787130613,-0.07562285664287978,-0.04290208724047169,-0.21713205695926915,0.10314903385403858,0.043350122306923325,0.05855189480880363,-0.13474399637031426,-0.13555116969094114,-0.12129109939645885,-0.17608134318287852,0.05314717659403684,0.2005043789247366,-0.107286646155395,0.08611078330342449,-0.05035849266403041,0.07921603681180933,-0.03198654932378714,-0.01635845985733444,-0.03879302955542797,0.22927429013042375,-0.04939959684407884,0.024821414814518685,0.164293018553604,0.09203515958253781,0.11512054222381667,-0.022289550965349136,0.059209278770716176,-0.10051565108422938,0.08511480658318037,0.03001317505156901,-0.2517551888292409,-0.06259854440942013,0.10854132355106112,-0.031605291958593136,-0.05067661459718561,-0.04918711454616925,-0.069399969160323,0.021325054845345904,0.08247540591069842,0.1769607258044179,0.019372278614996713,0.18881861860544483,0.20333972372509918,0.0436530639699632,-0.07416094602066105,0.1290864266824015,-0.1440841380783017,-0.005509547534992516,0.212567483313137,-0.3113309042204711,-0.041754769670980504,-0.004053524833173717,0.062181638714514736,-0.028342399510436978,-0.03495054891842217,-0.23797808011447036,-0.06943506437397994,0.0217642815386299,-0.011284444990793719,-0.26120299798714286,0.19655095642392453,-0.00893410175004054,0.00023761009906257254,-0.0018968053337333885,-0.1544157836124734,-0.02027452051405972,-0.12018527523408677,0.03625702972143982,0.08544454888812437,0.02381705254170285,-0.17635378214709044,-0.11377837267967056,-0.07964514990669613,-0.14138216627404795,-0.04998892733035127,0.1344842757653231,-0.1372085127297984,0.08088281081941365,-0.1381903094485476,0.10127278408333881,-0.04284303191209923,-0.018460065405623307,-0.09498028558437797,0.2760733829572381,-0.004534590275139074,-0.028496479002436948,0.16683044816096712,0.11508557777168786,0.08905697987830885,-0.039699209077458275,-0.024726569526771987,-0.056782859473851977,0.07298833661995756,0.11923923990440888,-0.17717708140988786,-0.062306330708411156,0.07529882799223436,0.054638779952901395,-0.030150090685119202,0.021810987509506278,-0.013574367185871676,0.06348857995826189,0.10331684720455592,0.12760639380434702,0.04034386926639532,0.1493139406317474,0.1936840795661714,0.012045649041441972,-0.07744731945540155,0.12034625574960914,-0.12228228536417173,0.03568460653140965,0.18405973792397848,-0.2987542142443069,-0.027078354325666697,0.012521320599164215,-0.0426348601481408,0.010882363664536862,-0.0795681352870795,-0.20768678552883624,-0.08227362342760527,0.039531472025046845,0.12741102150537637,0.11227061551806966,0.0
results_s1/wuhu_candidates.geojson,cand55,55,1.2,5.0,31.33944,118.42248,0.15405332761273063,-0.25989567712666173,0.1281620978502747,-0.06559028830534798,0.08117069363674381,-0.10086685212302282,0.014960185237183864,-0.014914464664120363,-0.21108282026201702,0.0484212894161952,0.05391563455643026,0.026857050595409555,-0.13983268066503154,-0.1669904715215841,-0.14270185404328622,-0.1958790869637237,0.10712014162951418,0.14761521161105381,-0.07017738207163846,0.0919028735813675,0.006815305198290121,0.05855930379835341,-0.10008228742112295,-0.001412376313959597,0.06802261615493321,0.25890601146059955,0.007012308543415022,-0.028541728708570985,0.20092976388875716,0.05249556439815281,0.011769897567919331,-0.010396087270858504,-0.07698421353197393,-0.006709046073063558,0.17039451089010332,-0.07229616778899968,-0.2208861911344729,-0.09408856421667897,0.15060610923941817,-0.14554384729862357,-0.09928159108949398,-0.10156565064951478,-0.005081554628775039,0.02904931224944815,0.11188786374013657,0.13986524813831944,-0.10382302235990665,0.17925000401441263,0.13755329217009085,0.11016424072557911,-0.11014225436241344,0.04266108627879299,-0.16909837468057334,0.02478635002224477,0.22584786338959947,-0.2918846546299281,0.03228438572564413,0.005488180661807855,0.06419807030599402,-0.020318770807426556,0.05550764084024344,-0.10883531303075916,-0.12791112973729435,0.11012105618962534,0.06763239980796441,-0.31639396959611255,0.16953573858728752,-0.017495307880328995,0.03890622593103086,-0.04386452663492355,-0.11675610542922261,-0.033128770341508594,-0.14476585803671244,0.007102954826419922,0.09664166693025152,0.005886348746170993,-0.17834472946427105,-0.15800579083646676,-0.09417340914134588,-0.16201917037042654,0.015327132185220664,0.14445364493472274,-0.10524355303049435,0.09406188423585896,-0.06948956308360088,0.07311709100403747,-0.07599740555895214,-0.029509928990460586,-0.052681296931857205,0.28619880249240004,0.03542710008513065,-0.028436236815264162,0.1560350294126868,0.08594061312243045,0.07096403834476057,-0.04340195256142108,-0.07833412086143189,-0.02261043764970362,0.10310945615574019,0.04548664586194118,-0.1925304999976096,-0.07354540347334389,0.09607992616992593,0.014019971731600925,-0.07088641984199931,-0.021229260211990023,0.00551845141403572,0.05767267960718668,0.12011538219460202,0.11377732316643749,-0.03132751025582775,0.14845984565443393,0.15173488604187724,0.025565399941055767,-0.08187677445870487,0.07547761199796367,-0.157532545592623,0.04170666204291243,0.19687619959664368,-0.28294282578272145,0.019219491256557964,0.03615356177257036,-0.001442742061003203,0.02062066533122873,0.0026460434238505487,-0.13447223798111435,-0.13225378699785745,0.07028514890246954,0.08249623655913976,0.21845825982696088,0.0
results_s1/wuhu_candidates.geojson,cand56,56,1.2,7.5,31.3495,118.42562,0.0965753275063702,-0.24040798661741306,0.21906561035656322,-0.1067251509376734,0.026548305905351524,-0.12139329422780104,-0.00040419430604772023,-0.09382045317049348,-0.18713929262989426,0.03684658940921012,0.0067060037746494005,0.041147880666689875,-0.11919654083966294,-0.14638055039219516,-0.11062780294089744,-0.17140868001382611,0.10968062375157595,0.2192901212725667,-0.01784944043446921,0.03181794306268928,0.022837578314711976,0.14338188698148288,-0.08903762823482968,-0.011368389989106789,-0.010122695201770447,0.2040307589909225,-0.02263321102852672,-0.0022596064903203893,0.1903975918062434,0.07460979831017828,0.13364696425769007,-0.02912832745122409,-0.044057005158970965,-0.0656354116716954,0.08421590964137271,-0.09114303157515707,-0.3283457920197527,-0.0421824834859305,0.09814357475843503,-0.10575837560497212,-0.04713348630118248,-0.051649826360562985,-0.08822543210341231,-0.04506104551556503,0.09777394675525033,0.1366334060014433,-0.03579686435092003,0.1419662723122543,0.19626857368912554,0.05720011944467387,-0.049758998992939514,0.09451307052152426,-0.22163342129580887,-0.01692986783404325,0.19663782840610244,-0.2803361781025923,0.03420346313860048,-0.03599445165353437,0.0900213562915412,-0.003516386495493511,0.024490204840288198,-0.13739204800488292,-0.13917464449284386,0.03104800846018628,0.039701862182499804,-0.32167320762768126,0.1808075675804216,-0.004293337255607553,0.016344125180463916,-0.0406516170156714,-0.1474744927785252,-0.059763451906393934,-0.1038480278367664,-0.0058017471758050445,0.08390939769986874,0.027015200993354513,-0.18133513744514884,-0.15061096670533988,-0.06954235393829789,-0.11216838432315307,-0.006740674440086214,0.13629997673686337,-0.09419634278521993,0.08612023585288202,-0.061879711261542236,0.07220186136116188,-0.05652093098898133,-0.020397528023546746,-0.09056699664909258,0.26341307830338295,0.017501933104197055,-0.030467581588067557,0.1564573775367129,0.09722082292991457,0.08976986143018476,-0.04219615264199188,-0.06312411964088457,-0.05933916103381351,0.06679099214048413,0.06213622077158922,-0.19996081689357875,-0.07364206128857888,0.05689108020953847,0.059780022032920245,-0.07013820370704343,0.004553363480663616,-0.00559285292931979,0.04181231604932239,0.11770144971281392,0.10537023914467943,-0.0006185477579546049,0.12321527957038536,0.16985922528342798,0.010481147184007032,-0.07217717031999471,0.09127001283435147,-0.1839572927009221,0.03731707133450101,0.19231378324893447,-0.2827225908648501,0.02324713636788856,0.038584642332496664,-0.012911445804943172,0.03967947757754847,-0.0120451729208531,-0.1465971018924795,-0.1231749161433525,0.025689836671082843,0.137810752688172,0.15451780159054593,0.0
results_s1/wuhu_candidates.geojson,cand57,57,1.2,6.1,31.29362,118.35717,0.06042204690337649,-0.3132918127786741,0.24648452721441744,-0.06558605323261717,-0.0290659071799213,-0.1141678481339147,-0.13908335986771306,-0.08301029381763314,-0.10901365805534842,0.05278070719404529,0.09931122664157557,0.08793462648187471,-0.10206954328046974,-0.13978070653695415,-0.07080040243031059,-0.06457598095846577,0.030657180068266256,0.20035254809760544,-0.08992589775170028,0.061578048755267005,0.006935762108366305,0.1378494007172738,-0.03067537111905086,-0.028640825898605945,-0.15607421353879675,0.14851860002088177,-0.02088670720780962,0.04310830277254097,0.1445795859682259,0.10950175922332106,0.14564801070657474,-0.06914335678906788,-0.01170600896403799,-0.15416436900899277,0.030455556824779066,0.06365104833538575,-0.26167947458435276,0.0009016342445770196,0.04214331110393845,0.06779038528265145,-0.16940092754300434,-0.03952949919241765,-0.043694417045471126,0.02740030136968584,0.09923785376449445,0.17513106703965933,-0.024922588951731012,0.15729486209679114,0.2199855502189378,-0.03875964838981363,0.00139049902167768,0.18216823422686335,-0.20575602612276409,-0.025253785044099645,0.145818254041621,-0.25096207660459013,0.008448563092011061,0.03276554360445022,0.05400444892234797,0.0005066823234204839,-0.07610399982818798,-0.14228688829522443,-0.1785713751642427,0.004269222433217662,0.05523912131327854,-0.33798748937445405,0.21420721696790082,-0.024350409555484395,-0.013592033045727259,-0.08075772465499889,-0.19033685507601292,-0.03202227816837635,-0.08095758905336112,-0.019739050474928372,0.14176705865915137,0.04733113106789537,-0.17407632399258022,-0.15173133004296732,-0.0697986964916886,-0.08280268038830128,-0.006276130772836599,0.17444096823628494,-0.08859856316495833,0.06894908220225084,-0.03273965411639182,0.10605464808924112,-0.00020082140181598482,-0.010448150659382708,-0.1268533037306214,0.23856421717959264,-0.0077703091650891025,-0.0031987302300809746,0.14738991567704116,0.1100562170145454,0.11152207972449563,-0.04632994480838026,-0.03841341423581568,-0.06717000907802041,0.07180125304577366,0.03967287925002372,-0.19834221193009527,-0.022993067417851457,0.08594604506360944,0.028606970109054997,-0.12436121668075313,-0.05009556290773789,0.004664510076633943,0.06176388598580984,0.13788211419828852,0.12132568109699571,-0.023904817720199478,0.1723647060129182,0.20214671783251223,-0.003211351606049926,-0.04844179945378991,0.09227231369503344,-0.1927180075089137,0.04172094548266354,0.1642730593650744,-0.28758599332131707,0.025567196639275928,0.048316286911051,0.004782441518034386,0.04690227848554341,-0.03641146248928709,-0.11798983194545624,-0.13405277012473507,0.034643177904266416,0.14730972222222224,0.054823224647828836,0.0
results_s1/wuhu_candidates.geojson,cand58,58,1.2,6.9,31.32857,118.40478,0.062339428970828635,-0.23622019784638051,0.25138115121654653,-0.06362762991908967,0.009173871326444732,-0.115757424685221,-0.06744009262074449,-0.06323001049877425,-0.1612135134919259,0.004691852175958531,0.0740286521137467,0.07036302495124659,-0.10771470594977917,-0.17412157506578632,-0.07558522722223623,-0.1238438826080542,0.06209649557118947,0.24269192126185601,-0.07382759071509061,0.07956545454803213,-0.046043494585972004,0.10982408994804004,0.0039897734891963755,-0.02112119772124422,-0.06533848994895289,0.2345178964457728,-0.02795464078635657,-0.004509515199225856,0.16869366417663537,0.09424825052413481,0.10193787462804531,-0.01679635417331204,-0.023120730302246664,-0.10443535954524191,0.12803209237012664,0.030646622904658107,-0.23988036175975985,-0.002400429950790304,0.06276115307612569,-0.022052262616725524,-0.09846109331578737,-0.05469308486476335,-0.0651878315185146,0.04599127975538754,0.1340190775967748,0.19235809979758672,-0.029423914556996732,0.1634716749032063,0.2746310271956045,-0.01794476233293048,-0.047415558482888955,0.16796260675681515,-0.17652426500368137,0.017693342225289937,0.19152857111589197,-0.3085627391403318,0.02876061525728499,0.005295860700148572,0.07450634755206159,0.00369914523318202,-0.05321344890110723,-0.16181975434119975,-0.14790046056918973,-0.025385818283551565,0.06100136255789968,-0.3110475106796709,0.2067299321966916,-0.048631777114319756,0.013803234003829525,-0.09242439883202522,-0.1553546259728468,-0.04828429622733432,-0.12855355188743733,-0.023155959263700423,0.11302861126159283,0.06731458974769068,-0.14098660108311575,-0.148069558619334,-0.08915500790618523,-0.1292934301748269,0.04339842579911025,0.19558957929663243,-0.09792856079933122,0.07625720948654703,-0.04272536837082885,0.09380107125423298,-0.021976448697324843,0.013121690396367913,-0.09573285973835398,0.2517190658253103,-0.010964719521724186,-0.01953949886415912,0.1698413741151856,0.08405381779262888,0.0836951701398838,-0.026846918262260804,-0.04953291184814624,-0.06606427642557108,0.10429589788095024,0.010641999388267369,-0.2155588228741802,-0.027782731253490275,0.09246410555629284,0.005274123969086687,-0.1068550613678285,-0.06183004761337842,-0.005045084195539586,0.048462972731031215,0.1429464186708335,0.13529220897610833,-0.03355895567371366,0.168499092415974,0.20571077876476268,0.014494375738280522,-0.06428293402515023,0.09940871662166287,-0.17606857287246946,0.03248475040501403,0.18021345444075182,-0.2910667665721794,0.027073134105181043,0.009300612557909423,0.009438081932450432,0.021512987454011895,-0.018677838224666683,-0.11614776503693848,-0.11528752345062075,0.025672412360232957,0.13425555555555554,0.17619361729285524,0.0
results_s1/wuhu_candidates.geojson,cand59,59,1.2,6.7,31.34608,118.35313,0.03149353522725275,-0.20905604852665421,0.24900784552559554,-0.10792782656334729,-0.040705644348420035,-0.05060010959752196,-0.10048769877641797,-0.08340405361516726,-0.14344709593439994,-0.06260150727786272,0.2122950695441712,0.041688531819892787,-0.1448891337369906,-0.12411980434203408,-0.03617756651160947,-0.08367154774675371,0.031788077400964364,0.1600070813776205,-0.1576604051880078,-0.02021761790966394,-0.06115487943745494,0.1042685018660941,0.014176121652039646,0.021178240932640386,-0.14307276729007715,0.1720144626976216,-0.05530550667839271,-0.009895413672578603,0.16535745619412914,0.15861317537520064,0.1408789393597766,0.004960003160489897,0.008083938657531802,-0.07391084891902623,0.03704791786915377,0.11038827209391634,-0.19434471463971664,0.035481761019853876,0.06176335531211417,0.06414618496224463,-0.04499188802409194,-0.01192454219773326,-0.04278946068559164,0.04920357676623094,0.1095691660200261,0.14733973004183384,-0.0003923431602137301,0.1600990978104397,0.23181886452660666,-0.013191138247635894,-0.10528130477078616,0.19252984410271834,-0.18663499955335272,0.025657479108026404,0.17361016722409883,-0.2995783632046116,-0.027830317293104,-0.0302246856346869,0.06874960854633246,-0.002573327279875333,-0.093175279113961,-0.18510530032370318,-0.06052049749995882,0.01875010263210501,0.03908161048209984,-0.26592675750802214,0.226027227635453,-0.06848241484385825,-0.016502282770856257,-0.07725626160048567,-0.1408581286136317,-0.04051117738123456,-0.14207801947466095,-0.015352892161405783,0.14164754426351592,0.06307325860116883,-0.14165567870045928,-0.131909736585034,-0.05804398473103683,-0.10278288679196039,0.03616984431297769,0.1910523727034546,-0.11827120990354001,0.04164799149202108,-0.05374747568070064,0.10992027411861573,-0.0026111811241801763,0.009317927394823539,-0.10525778690524808,0.20673919805514038,-0.042740004853937336,-0.021321825603307407,0.16525457909477712,0.10249438790332961,0.11273819060177531,-0.009486032110949815,-0.009450570289686848,-0.07268619017073481,0.06722046041466644,0.041275354467145677,-0.2222445744191464,-0.0018991673262202927,0.07321100995823601,0.014637123796396614,-0.07640356830649898,-0.03006878698180525,-0.035660397329387715,0.02998386986121462,0.12332056559877097,0.1422633902492517,-0.0024245944359367446,0.16679329761894893,0.21960557726058855,0.017622641538046335,-0.0667398436787447,0.1462448508475317,-0.18549118145660917,0.030896017588556948,0.1755920970475356,-0.2885206175873867,0.005356124701852853,-0.001027490506311696,0.036792495015196124,0.01612795154757564,-0.04744169618648191,-0.17086041413017017,-0.07841570676661132,6.16307241775396e-05,0.12972959770114942,0.10282530563782179,0.0
results_s1/wuhu_candidates.geojson,cand60,60,1.2,6.3,31.35255,118.38861,0.03686195431984019,-0.21881438292826005,0.24357244005258422,-0.036215816642314304,0.006063479858174209,-0.11591397715674046,-0.07373370765344725,-0.057939093765418975,-0.2537916418338811,0.03940054035588613,0.03226560580729815,0.037835720253087755,-0.10910124877978922,-0.15377846680549523,-0.14153193368357073,-0.07813369432634612,0.09630738931075256,0.20606855355745807,0.016626542967942675,0.0589186301675524,-0.028565535259375947,0.10129668822919742,-0.019491441139351025,-0.0028212173532681344,-0.07447686773308361,0.20348393925330358,-0.044926647718404426,0.03951394790347693,0.10627958903312301,0.054445114946938364,0.1212214454070649,-0.014658409393892012,0.03487420336354466,-0.049462051010447275,0.10828930758659058,-0.021456090865392,-0.25943632998178856,-0.010431622501289511,-0.0067774806829614,-0.04656042036220683,-0.031925214502042686,-0.038285269364353974,-0.09318829465778176,-0.0017117030058281177,0.1281377325485828,0.19183472016751235,0.008171805135109017,0.14841660905183904,0.22926634446602506,0.007354989319655638,-0.03732181949215727,0.158765647765547,-0.2517269337810355,-0.03385421285011811,0.19866184568461145,-0.32803053509831737,0.06814790206682048,0.025061550055223144,0.11614565028442443,0.002206014034101066,-0.07329883217820272,-0.17617936342631485,-0.1028568963808212,-0.05961959421189069,0.03181849682917537,-0.30617509755324424,0.21766451444300328,-0.022489288003280105,-0.010452550591736954,-0.09972758128851346,-0.13889754195117016,-0.09363646837041506,-0.1705916344789048,-0.0035080064019436708,0.08040858280760743,0.050150283280856196,-0.12105000806129677,-0.16511867417993795,-0.08823747489512955,-0.10489035451011765,0.054366740928871546,0.16945603190948805,-0.06180112541626619,0.06006594165191906,-0.06833377511868582,0.10055442869537194,-0.052292489066728835,0.008653685591911143,-0.1288758800026331,0.23288782601022487,-0.006817651726176786,0.014030244043042837,0.1459337246695733,0.07199764955610805,0.11543255530057586,-0.031445433895697955,-0.03213201531096242,-0.062255785495133255,0.08992340021903958,0.040677113765691414,-0.22151521986579287,-0.03468645222538074,0.03386653806138376,0.059861151288364105,-0.04104793242468953,-0.013239634794486201,-0.044116164358318,0.016492170313519166,0.12953715822788092,0.13073406936295243,-0.0069720975769745844,0.13711238320729108,0.1931280671587332,0.0032481278781781816,-0.05449484828320169,0.1387576873746423,-0.21426198957617648,0.018606406643605647,0.1679802416433302,-0.2937851495187703,0.04126721866498546,0.016354036699967784,0.017218868293750585,0.0030565080848847645,-0.05205742585182216,-0.14393970657193755,-0.13728113583196622,0.021693945471968405,0.2046813218390805,0.1337455966183684,0.02586206896551724
results_s1/wuhu_candidates.geojson,cand61,61,1.2,8.8,31.35363,118.38556,0.045529679689207576,-0.2267186561858141,0.22298556650064483,-0.014491911873576143,0.02188909722852979,-0.10123383518716912,-0.07799683716369979,-0.054613409690433774,-0.2671219862468189,0.06204191096805212,-0.0069984257707426155,0.0443630993583775,-0.09887954194587567,-0.17633064261373765,-0.14709780391769775,-0.1306499768227334,0.0830668120481971,0.22751174036042077,-0.016750996525691106,0.10636292212452243,-0.05514767990238591,0.10677482079265559,-0.07235188910967084,-0.0014633958863773371,-0.03923352578828631,0.2283360989833108,-0.006367453891893707,0.0003371203590686015,0.14068096786274625,0.019184782330697082,0.10994977314204794,0.027364039029604548,-0.013164576841728653,-0.031766057947175755,0.11103073652556111,-0.0025921322269627403,-0.23200920841858055,-0.07210076449726627,0.02823039184580489,-0.014403117988669481,-0.0037436352377954387,-0.0017426373641869477,-0.05625371593173373,-0.0025050415566385932,0.13661000851469043,0.18586382495267437,-0.010164588316307408,0.133552765988685,0.2129129102974115,0.004984714616857593,-0.06851068953785235,0.15399558242542466,-0.17115257166738496,0.005621321481614198,0.17663038073067094,-0.3141909046405824,0.07463667405325396,0.007279677373554638,0.06675745408682329,-0.04180122130992408,-0.07731961029012574,-0.17398875574230083,-0.11979804188387153,-0.026962611260211513,0.02809521916702262,-0.31435680353335266,0.1483623507733592,0.005946326862547027,0.018035169915031936,-0.0840124023087439,-0.16233253041297824,-0.07635107127936677,-0.18059220532133508,0.050838249094977604,0.08007843593345135,0.03766971706732038,-0.12951805812630976,-0.17341680257245654,-0.11607821752573629,-0.13294443772702969,0.03959122808859657,0.16675530787610257,-0.09153191313521646,0.0993882542674707,-0.11589783022986913,0.08658065420249565,-0.07220439966484841,-0.007241142135919791,-0.10721624388113336,0.28212475033977774,-0.0013312573297289748,0.019209406784994176,0.15011048385158168,0.05216963185612135,0.0773498683084177,-0.018284231439216887,-0.054340603328475894,-0.06543449224894463,0.11799118874057153,0.04086240482831117,-0.18388537591362217,-0.0789998136541045,0.06898362393930113,0.10919472805074966,-0.019708155086756194,-0.0021055717865828827,0.003089376800302431,0.03313373489695729,0.1321377549850339,0.12042203348086074,-0.006941252968151565,0.12739660054624638,0.18709274359204806,-0.00673834079191185,-0.052779137154615255,0.13842095583226127,-0.13421554265567032,0.04467774153480146,0.17106027351286318,-0.29861986509651683,0.06698814867796259,0.03888126703337846,-0.024579187727086057,-0.027347773472914175,-0.047189021337813594,-0.14806705878327345,-0.13891822772378032,0.02913244537793546,0.16816767241379316,0.1258054954573113,0.0
results_s1/wuhu_candidates.geojson,cand62,62,1.2,5.6,31.35776,118.41835,0.08626161127140959,-0.3391312831440789,0.12747527331962755,-0.0337673599662454,0.03087381405735441,-0.09752498866021299,-0.13215183605011266,-0.0471707324693667,-0.13239207778492526,-0.005704002042751515,0.11754313784936807,-0.0048298354531580755,-0.16880620556279285,-0.1879037976846513,-0.12225866437838684,-0.13504127876023675,0.0757156107220123,0.1524140011427574,-0.13581292067983147,0.09329023315652814,-0.021639960621457646,0.03223926681036158,-0.07858752359373856,-0.00676772590853434,-0.07703844163607584,0.2902583093576849,-0.01156467217750593,-0.02920108037997721,0.15393607498346906,0.0965389960794268,0.05998860837000019,-0.08688766428866397,-0.06246080774675078,-0.05284443332931033,0.13370111708480442,0.007685089448488888,-0.19116362873737755,-0.05146320372174509,0.11501708813623948,-0.0023448564371211767,-0.12990575776390054,-0.0843575086118096,0.022478509012590384,0.06956539410823236,0.12378961650160561,0.12020488897239064,-0.08853454836680111,0.20986557185360497,0.13304683107387816,0.043111070742713545,-0.08542769971608023,0.06330881506172562,-0.18099071789526924,0.09546019765860528,0.20893862773162378,-0.2588590370118761,0.05288471324820302,0.0682904965188478,0.017852558851801117,0.037924702155188575,0.026917094509469358,-0.12245619856053482,-0.16209100281044234,0.12725060936234384,0.05831096141605822,-0.36088023296607175,0.1612897046118135,-0.014175044527719569,0.026180067904124114,-0.0559286405971787,-0.18609871471093795,-0.047206295703983395,-0.11786083753718991,-0.021720275269694164,0.12781031500064255,0.012629707915053228,-0.1824923329955938,-0.1818635909286816,-0.08466065181091187,-0.11085258656015241,0.015942289240470663,0.167363785400492,-0.12502437042867312,0.09477039725196727,-0.047752078148896586,0.043127245417454295,-0.05211317355247978,-0.018924155732013236,-0.09513337994237481,0.27547645067530124,0.014071044389692533,-0.021565383699471714,0.13691634055761776,0.10393973175609299,0.06522238883567331,-0.052313606057660285,-0.06216459727285369,-0.04691905533903322,0.07824282909764999,0.0427126581842851,-0.1741450893364467,-0.06973470651032374,0.07267200544220928,0.06398122830292868,-0.1011638827273155,-0.04000759915387239,0.025313201478060696,0.08343690543184644,0.1424938460685804,0.11335169856108399,-0.04457948678352371,0.1477524264948931,0.1697564881489518,-0.011433196162330647,-0.05805723227719842,0.0898835919377368,-0.17046594094328185,0.05305587209057529,0.18019727362260565,-0.26734038017418943,0.04206511688152054,0.07095918175755181,-0.00011556198375607512,0.05539359478640488,-0.010761986843611049,-0.1105681136098983,-0.13755839779371756,0.049625139776541954,0.0702294540229885,0.17170944153061263,0.0
results_s1/wuhu_candidates.geojson,cand63,63,1.0,6.7,31.31949,118.3781,0.05922758666524826,-0.2643693487083686,0.147331013111575,-0.06911951095773909,0.03306975947500104,-0.1197812644902559,-0.06894310508425396,-0.020822814420106146,-0.2951209570203291,0.10623482650473424,0.0016310011973525512,0.03655890493721331,-0.011527680805067402,-0.1722121916952909,-0.16197340879042085,-0.17415053176488846,0.1155708021639658,0.19957336537292686,-0.0519743394863869,0.10416220341500594,-0.058713155059843695,0.10776592458748499,-0.1498439606865586,-0.009558540456409633,-0.0013513255899359783,0.2330221115760789,0.0011054268288750618,0.019569931324389014,0.14318373921480634,-0.038576245758508355,0.04800453926512572,0.021654820305742367,-0.08448328712617183,-0.04638356046862057,0.11367965285783925,-0.044933078672233166,-0.2303880044337991,-0.11725706903179285,0.07090523832793065,-0.010632837813373151,-0.0180095433768378,-0.021231104844690048,0.00417472415445805,-0.020863435158180368,0.1257234527274657,0.20065272787368044,-0.05901225581182286,0.13684280714570501,0.170972744647301,-0.0019895143432039825,-0.08536225140385453,0.14808991052092238,-0.1067613026956451,-0.01040977507742819,0.14199704601284444,-0.2625210636310937,0.10466690031751733,0.02693642914313195,0.026397084001422804,-0.06473774109767182,-0.022917427039046725,-0.1294864119512774,-0.14090800413572727,0.03304371727749145,0.05260542900110716,-0.32181744319828764,0.1282280944579379,-0.052726034221665434,-0.010203819080898908,-0.09855867274174175,-0.122930908686984,-0.051518621970296566,-0.17670268216415544,0.03621925006857298,0.1273354019849222,0.04134308115598916,-0.07790789267279663,-0.1749884215291378,-0.08602752765859409,-0.11144679529958271,0.07570451217624624,0.11932306471920587,-0.1305251913663514,0.07491170398355516,-0.08373036155765148,0.07093724637072889,-0.08310090697749059,0.02675381523705692,-0.09338052308679336,0.24054267535398194,-0.022015746456403636,0.0014920364541915988,0.1768382977196432,0.03647334946943544,0.024944376154183698,-0.005152668501573935,-0.08038182970608009,-0.07796597821272172,0.10842234072222832,0.011904468360791296,-0.16863232918583523,-0.08470320997671239,0.06880016056792611,0.06431603312447072,-0.09634031005278787,-0.05838251700397335,0.036153504048292436,0.043147519015664,0.1079563837469984,0.16680510624798298,-0.07074826390946048,0.14545130142723334,0.1333941848286783,0.01464880196276086,-0.08427453116341233,0.1253444482612071,-0.14173353941623776,0.02907588334780194,0.1476535215206633,-0.26499946107656963,0.05749345332989315,0.0397975658607047,0.0009227257329524452,-0.020503615074494313,-0.024165199630020135,-0.14238423261100255,-0.13172443614869442,0.09375445315394156,0.11721538461538458,0.09389284151512324,0.0
results_s1/zhangjiakou_huailai_candidates.geojson,cand01,1,14.2,10.6,40.38691,115.53978,0.17592255128496798,-0.16174814453501588,0.1902873390390986,-0.14484865216578557,0.013535524865594234,-0.05412864340598362,0.12419210966722738,0.097588637663801,-0.31575185899024033,0.036152396766549126,-0.010916930187235246,-0.004536321818742848,0.08826062568945586,-0.10469537525004027,-0.16281916030112675,-0.2397700380316907,0.15276324851076317,0.1296061504011649,0.04566418310830856,0.02311836075461573,0.07302980202590038,-0.057903313685700765,-0.12851349753179955,-0.010953364783523815,0.13384122773087948,0.15707237461445184,0.07012678354209281,-0.08812849050182543,0.12627214818877538,-0.02141817932347083,-0.020150869932083933,0.017721341797136397,-0.02523996174085368,0.016994273328505873,0.1671316706508193,-0.014479670644197959,-0.21979357938641056,-0.13024927730714067,0.07255650786521459,-0.31527654163900876,-0.04459868268224303,-0.10141422858411421,-0.03825433234068246,-0.09178340997240425,-0.004384435386681677,0.20591066902558428,-0.14990005622630445,0.13564777258063043,0.02656051905505229,0.04945811416202115,-0.06959238902692565,0.10347561696735869,-0.12539703612394454,-0.018110505564049886,0.14759960519582307,-0.18402731037477993,0.0304621059169679,-0.053983422467138616,-0.0445793336235692,-0.09375623656149329,-0.017441366558536325,-0.05555314611954198,-0.21216522894454873,0.14519930419411686,0.12669360476787475,-0.21036575710719377,0.22196286167632642,-0.16436530246363412,-0.040017974685470546,0.006761147430396711,0.011272921832011605,0.1288750916310067,-0.25751102897086203,0.04097445478796043,0.03954400018664,-0.07150137767044555,0.06408430835639971,-0.10041999912654763,-0.10640943600030447,-0.23047065209635578,0.052046590681471945,0.12913771529176538,-0.01892451914292752,0.052579857220803355,-0.01732001721062307,-0.07099334921447767,-0.07868943076919495,-0.03966400170671094,0.0011814523726961016,0.25573729327299943,0.05144946487124117,-0.08997386289976092,0.0868415492052764,0.004355477699556611,0.008412978469921712,-0.06333801844422783,0.0015313510737155693,-0.008783311862562714,0.13526829629604323,0.11879105612008857,-0.1886218110151127,-0.10560279485411195,0.04148081457139155,-0.21623473700013118,0.017729730012841127,-0.10944557268124533,-0.047042145187913186,-0.0245866655017797,-0.023613721176153794,0.21139325215988813,0.0048323219308111865,0.0978091383463431,0.0028867503593691603,-0.08083353725740568,0.0260843836958244,0.14311850388434771,-0.04797135718032819,-0.013301209785587577,0.09137249355890137,-0.1433667892450719,0.00198415121643539,0.008644648321063335,-0.1278871278395388,-0.06018348985186678,-0.10139094168569426,-0.0928539300909135,-0.26376437704157596,0.10407579811704168,0.2109723046139364,0.060422816147723754,0.10522598870056497
results_s1/zhangjiakou_huailai_candidates.geojson,cand02,2,5.5,5.0,40.32995,115.54284,0.030248658885184136,-0.21260967598100336,0.08874200735791322,-0.1563723447669275,-0.11814175068523591,-0.06127307236513696,-0.08938800972798071,0.2928713268093046,-0.05007187316643337,0.06201899609753895,0.2678128869957433,-0.0894804672387061,0.04223486088413601,-0.03594541110496128,-0.01868775898116218,-0.1291367060658813,-0.09927803281367252,-0.018282097050841346,-0.27178325352905763,0.01661612904645998,-0.0009362998093708125,-0.06828696245246675,0.013843385487487335,0.09893198842875973,0.03521509985532346,0.14745450982938604,-0.005602164283797988,-0.043298316155629214,0.24475082990786332,0.06392445040803976,-0.0676165215521553,-0.1460802652747603,-0.025436293312862353,-0.004483246777904377,0.16369057150145408,0.17019223667085584,-0.09530234758044488,-0.03095299023699798,0.09734362386409473,-0.21320240299328433,-0.1455138004171051,-0.13919527573291166,0.08408948994861287,0.11485591089385933,-0.10016691593470502,0.24017852006407908,0.11609327562593015,0.040981596503685,0.10425941621347198,-0.002925061601396544,-0.005884956146573688,0.11600617117681597,0.03817761570714926,-0.01945886247471443,0.09969172310920661,-0.016333872244404697,-0.011939811252728862,-0.020620062049555916,-0.277740889574957,-0.01813803317907232,-0.23872188597613697,-0.09640011546144012,-0.137672156668847,0.05668543474979766,0.02144458393523862,-0.20671733836534234,0.09339965946964604,-0.15193838422755687,-0.12352663908443014,-0.056547624833075565,-0.10059034224898974,0.2945375561448687,-0.05475499624934441,0.07180818845143885,0.24729327990443853,-0.10308257047782472,0.06569457855576041,-0.04658626553841771,-0.012627906568333958,-0.1277738059526753,-0.09525374760659629,-0.03368859285018237,-0.24666053222543946,0.007940831475076026,-0.028653192397963264,-0.05902598448686295,0.010949959648857055,0.10289381236243203,0.008636059678348126,0.1497161232204078,-0.018902962920336042,-0.043394628866738116,0.23457578678005536,0.05226479233202085,-0.08466526884308072,-0.12683060114477043,-0.02627434333868862,-0.0019464763529587065,0.1355524216368872,0.19231042769431284,-0.07925653805651811,-0.030589818628915966,0.09472243659261378,-0.17812603478287492,-0.10287590987222489,-0.11462367934019287,0.07970451430040999,0.08366259739782844,-0.10134660300595431,0.24541510707084552,0.09065890818237511,0.06730128726515791,0.08685242519052384,-0.024698068032968867,0.007080855370915545,0.13391286960221502,0.03852842289935096,-0.022448528082326124,0.07651195037318982,-0.0316925440112022,-0.02415036491350476,0.004378579861716851,-0.2654730339430841,-0.015305009470189536,-0.22789834357258687,-0.09886130538767603,-0.12784588524528914,0.06172044436793801,0.05543535628019324,0.41248967068102027,0.0
results_s1/zhangjiakou_huailai_candidates.geojson,cand03,3,5.3,12.4,40.33139,115.56826,0.1390987389977947,-0.1698760354203449,0.2253106552878521,-0.19998509990886026,-0.024242246409482558,0.04236323864093166,0.050071782353375296,0.10734631895635306,-0.28143794316523063,0.01362725286372918,0.017179106191804572,-0.05824329839899188,0.019693609320966355,-0.11492351507956206,-0.10758728281547114,-0.2285666593080478,0.05886069956458667,0.12323246318930281,-0.024068319768056092,0.08093741042852676,-0.02854669209370933,-0.022448420982584098,-0.09865786798582452,-0.031003219675728975,0.04526144903002832,0.2626388179220122,0.062327448785231894,-0.14581250174588875,0.14235576405129202,-0.0034989903106608833,0.010103760208242937,-0.06638593098333374,0.015170336074123577,0.0026599979201968847,0.17493260466899074,0.12167168370462302,-0.2081951869600795,-0.08970353601657384,0.04754826664180348,-0.26814712077429537,-0.022811788571922155,-0.08487971572690257,-0.05147634374294884,-0.034882802603874226,0.012718484137390157,0.20354660887397297,-0.00866257906661141,0.09268778809656487,0.03767647979993149,-0.019548391877919413,0.0037904192315794854,0.13091508345528283,-0.0672210625916271,-0.019916759094264318,0.10841197828530927,-0.17143293203319096,0.011656928576895098,-0.0385088673812274,-0.09558989362953,-0.05318560748635852,-0.08614064031152076,-0.10475090875568732,-0.28098650899924443,0.09000813528531706,0.08397577704295385,-0.21881664822628327,0.2340682833893485,-0.22095902863421965,-0.06789216990868566,0.05335424021271352,-0.10239138887051624,0.19866644177209736,-0.18520875458344221,-0.0324850496706676,0.0770645940540149,-0.07075015683765781,0.02364618563411795,-0.0250949655120256,-0.031247564999411625,-0.18751918169225446,-0.05828351299702607,0.07419003418479464,-0.09576324145611513,0.046810459279368825,-0.05291425021559079,-0.034377252171811847,-0.048206361026991634,-0.006168517750061148,-0.040997231955530775,0.26596997046582965,0.06299736442780277,-0.1509362530859417,0.12134960310808465,0.013914857380956356,-0.010203906655479652,-0.0893088457900053,-0.005272412360849941,0.02944034575649548,0.06812086573623183,0.21753743455363353,-0.1316922028867465,-0.08136469472719056,0.05508875498450984,-0.1664528243079413,0.045062639486969494,-0.06559354255231518,-0.017313267729719205,-0.01902624262887291,-0.07300172933778497,0.17000312475606547,0.13190873032860115,0.07624971818058612,0.03850283215224308,-0.13724920370149862,0.0731931867957706,0.15693775725103548,-0.0199677110268279,-0.00810513282725837,-0.00025440549852990597,-0.1087587554109835,-0.032980794268802925,-0.026807047677605812,-0.16633737384133732,-0.027073429702833586,-0.14653569796574326,-0.08661385990604292,-0.23907306329457997,0.07423352404636019,0.1868440025252527,0.16329963714154686,0.043560606060606064
results_s1/zhangjiakou_huailai_candidates.geojson,cand04,4,5.3,6.9,40.3923,115.53745,0.1701622967876156,-0.2942468361128488,0.14855451204466902,-0.1065497897689953,0.006143534895618638,-0.01419017616152754,-0.024422982620336525,0.18662350331058183,-0.24975821307899154,0.042781817177229856,0.11027922732835237,-0.10498785819869492,0.003416892829661728,-0.12287674271950562,-0.108419160475299,-0.2547349211833937,0.11881762898111045,0.15957371480603008,-0.0992227674656648,0.06496400573306428,0.021086830267287297,-0.1372187134293191,-0.056081121189110426,-0.04616355203534433,0.05173210683828768,0.30277071551496126,0.05662910931744025,-0.08136984035134061,0.1031624367960162,0.06168385796634388,-0.08409931477114681,-0.06973959709613227,-0.018161300559259595,0.0177059782207622,0.18114603259337322,0.023558739501381563,-0.12282268277092791,-0.12050626608477732,0.10006530322853849,-0.21722446028754056,-0.05033116086582055,-0.15132933845762542,0.018169390546574567,0.030462573808068334,-0.030317103623918592,0.15047537273692357,-0.09397826827464052,0.15543905691812776,0.00013523937873054115,-0.015196951663843118,0.007988929910507278,0.07898948848808322,-0.03999660791908052,0.044983990686950755,0.1501185648150383,-0.134670127104178,0.007345115036404102,0.009756799354321414,-0.13416454090693708,-0.009131011002422595,0.022544609688075538,-0.08522499273328045,-0.22648832952965692,0.175890991160619,0.131366902288237,-0.2987185496288842,0.18820375505734604,-0.13201643323881926,-0.021491961765644187,0.019797939387109765,-0.05846832601404619,0.1684994495720581,-0.210634224725587,-0.0140073925003304,0.14539131694222793,-0.10719827354787474,0.013453421883576823,-0.10193672185736753,-0.07028530117642996,-0.2515530917957681,0.05066989847488716,0.12912649417156202,-0.10121143386447443,0.06318691549945346,-0.024323393985122854,-0.11405322865649778,-0.03740802329319281,-0.05660756968307121,-0.0026961323023193167,0.29678830224603714,0.06409769999959257,-0.10756779225600134,0.09304512148622829,0.05601240778290433,-0.041857046333953256,-0.0703747494309243,-0.03543623931597294,0.0229673706581407,0.13473561886248242,0.12496126860681224,-0.14030170703221198,-0.11272206310313819,0.07800954591824921,-0.17042648563833798,0.008687685018768496,-0.12816730453500122,0.017221221096543032,0.04125109191212567,-0.03455583210161915,0.1530695940699953,-0.010946665138128663,0.10608778590507202,0.008277836797540922,-0.08626831620068302,0.037171430560024366,0.1128479986505093,-0.02682388690656823,0.0364138868876883,0.08958174817008799,-0.12063473582183674,-0.0038272191661560583,0.007051603765802271,-0.16689688486392013,-0.023761235749758462,-0.03101193690405569,-0.06958606146048957,-0.24629202623452134,0.1310258558156623,0.11674062499999989,0.1969901312808565,0.0
results_s1/zhangjiakou_huailai_candidates.geojson,cand05,5,4.0,6.4,40.39445,115.51221,0.08994716173391863,-0.2315184428307077,0.28506300355032776,-0.1361716743617643,-0.04753138276419188,-0.04980100798385065,-0.0581726391706108,0.08845904302150846,-0.2530806695911334,0.01919142642811441,0.10462903207142618,0.06289009003375454,0.12568399284033668,-0.11630567443241999,-0.0798901549418635,-0.12141547374068495,0.11478382741278641,0.23050716498928653,0.01568955072170229,-0.0026214820398802446,-0.024602833411383997,0.0015931389599851064,0.006039338605527058,0.09112911648262113,-0.035013259109722826,0.19688091569019045,-0.01845736123477753,-0.09303673500103501,0.19470951306886836,-0.0023735983545985916,-0.03604549882188334,-0.04052525756909398,0.035847175198327995,-0.06830281878215373,0.19810454895492965,0.052685165707643596,-0.17767514847825733,-0.11572033356484145,0.037828236284215375,-0.20244047807619414,-0.07712793311659998,-0.14168400877999043,-0.060690839611296184,-0.04823656775728383,0.0558329947306417,0.2425608782503961,-0.07459899425383153,0.21642128320802703,0.11561221611994041,0.011908368141935249,0.005312281955308121,0.17309278495407038,-0.11169069592451403,-0.0463346335646039,0.11587725087260016,-0.251422746974014,0.04274530310899114,-0.09180213035004321,-0.0644740992505528,-0.12215255520695224,-0.11161260878717853,-0.043638468116516095,-0.13965737745030984,-0.021755846960012988,0.12310711809884577,-0.2723514951221765,0.23677232703571338,-0.15483222982440425,-0.03924547323043231,-0.0020911770861528297,-0.04242239638181584,0.07528900149979581,-0.2282160735736259,-0.009490254620203326,0.125151520165554,-0.043607783599418415,0.028499116906930185,-0.1138237995178388,-0.0797130295571926,-0.20865806050225016,0.08991221206117761,0.17790071978457775,-0.03276177811734886,0.05035278039793767,-0.031579320036988844,-0.04085187508885301,-0.025427518364771508,-0.0158739124155268,-0.032935349891218074,0.26531283992904076,0.010274336283764143,-0.08877137348135367,0.13287576593630612,0.03166591909699837,0.010752330734916106,-0.08192183828200053,-0.015246747567140393,-0.04072285826352782,0.17697366517838317,0.08932700325610654,-0.2174377715884354,-0.10759787102524129,0.056637005861304844,-0.17399168120619546,-0.043072082940529915,-0.1245196158378516,-0.045947426179153185,0.0200386270554801,0.03631883429766202,0.18669310590261057,-0.05153046772772419,0.1282384850457049,0.0500114681861916,-0.030996565272104457,0.02828075009284431,0.13762651317174546,-0.06755172173706818,-0.0023490917741581753,0.1082161035968578,-0.19317949608945748,0.023829409794534233,-0.01680244242225484,-0.12395842025022522,-0.05636258974517605,-0.06786909476513261,-0.06895395864181596,-0.25998516031660623,0.05640116105163368,0.10874447194719486,0.05914950554672139,0.0
results_s1/zhangjiakou_huailai_candidates.geojson,cand06,6,3.6,8.1,40.39068,115.50035,0.11528803581366069,-0.3314728637115701,0.2975673071045684,-0.13364826930456383,-0.04934553648299956,-0.05908724310308136,-0.10604150078803268,0.030286475811132346,-0.19633544523771904,-0.006480958619561147,0.12277045168219407,-0.012848373333343136,0.03244183587743413,-0.10605747786246364,-0.08570968650294634,-0.12311216733919357,0.08454252136504545,0.1820376729115202,-0.024427313538314396,0.005366241937662309,-0.01147191710362984,-0.0315831472151303,0.010060399594846892,-0.02242549278944084,-0.16204187011227053,0.16706530264386235,0.01915657845617195,-0.05473605180250643,0.11061061546008177,0.09376755416678849,0.05457871624390875,-0.1678897515650757,0.09026264017415132,-0.07428398397608563,0.08474758705405736,0.12073283394859778,-0.23368396451667103,-0.052971118464489125,0.0011728668567116958,-0.08380958687000835,-0.09261441893569017,-0.07232834101869846,-0.08754026440402841,-0.030372752013059254,-0.012367418024457429,0.18434069891178712,-0.01000433637173637,0.14087741604970086,0.07780815138566169,-0.08094241196561482,0.07462521897205855,0.1485981294315919,-0.18648946705543804,-0.06882010899356625,0.10760684944415295,-0.19148042553950675,-0.006279157011296331,-0.01766459682012076,-0.08426351480555516,0.01141495631962266,-0.09142598945206538,-0.10684490852757036,-0.23925177508914156,-0.009674811357406984,0.1134755654368595,-0.31225923327972704,0.2569664180043419,-0.15111962347171365,-0.060936075172228946,-0.015882143956502004,-0.08195059477722474,0.074639914725587,-0.1597681182633343,-0.045599415668065135,0.14016118632704852,-0.04544672622999566,0.020662810348967598,-0.07655352633897598,-0.05329122159680725,-0.17849842437930388,0.04160126730360051,0.14665033602560812,-0.05540440426070332,0.02376876443561269,-0.03635229871785439,-0.025952265891635892,-0.018182491453308,-0.0217535573288509,-0.12609553833827378,0.2054734476328684,0.025576612306902197,-0.09324759514821548,0.1379327183489764,0.0667156925944451,0.03583776194159293,-0.14073089863679444,0.013112174868889968,-0.03256201457138077,0.10741160235273114,0.16015265157144387,-0.1981004884762718,-0.07146781273301751,0.03944074589610433,-0.11554735922113107,-0.07575692541200663,-0.0869629193802373,-0.039105796483306185,0.0033725857982730514,-0.017442710714696996,0.1682003274692946,-0.017252429891914528,0.13453954356284567,0.03527317669740644,-0.08546833983030322,0.05479724214220389,0.13522320897864318,-0.11353767357683411,-0.02538915546768621,0.08897562757238864,-0.14833873325405958,-0.007599435102968437,-0.01746400409712161,-0.1432143820330534,-0.023152804072916193,-0.0900778247789013,-0.08656350411203263,-0.2555273167324957,0.07285145805112705,0.32610908239700387,0.05993602972383771,0.42696629213483145
results_s1/zhangjiakou_huailai_candidates.geojson,cand07,7,3.5,6.1,40.35798,115.56943,0.11486197947501006,-0.20943401763766567,0.22249214006663307,-0.17203479668654448,-0.033644217499132205,0.021104998945528003,-0.04731433541875601,0.06628103872897613,-0.2830479917084799,0.07843215025470011,0.11166538832828758,-0.13565951971706236,-0.025985335157261688,-0.12299976168963546,-0.10069757194214542,-0.16786549935988018,0.1289782330422671,0.19537963951195028,-0.046566135940806296,0.010608369161921236,-0.02679061872282878,-0.10107237701355923,-0.05334582078416592,-0.0655827620677244,-0.10676820509791597,0.3242261876011942,-0.0037195258436412307,-0.044834180483592494,0.04552270515720987,0.08912799535903522,0.052395040016422555,-0.09917086699800733,0.08113304848329453,-0.10508054697119974,0.10932499716257021,0.06618595746287258,-0.26611549413888685,-0.03880826417778768,0.013622847152896472,-0.12075900026425429,0.09093244427099403,-0.11981134258588423,-0.06708214917983484,0.008852012882314329,-0.0018372867369870838,0.1706083200953168,0.021877861752204616,0.08662271341573273,0.03807098201932813,-0.05427568691176234,0.07819068858754019,0.16022287278406389,-0.08534292389183917,-0.08601205008338719,0.13333688820882575,-0.16505262868660006,-0.013905453621218136,0.06817307398320888,-0.04192353969428501,0.03512716239209141,-0.12347537655322254,-0.16722008215160242,-0.33582113652546575,0.06057128063561614,0.11526976815377289,-0.23424099497663917,0.21888172037242082,-0.16708825539444289,-0.04661244137007067,0.03188935344317308,-0.08442747838040235,0.11193253192737808,-0.2009159232068486,-0.0018247229978728646,0.11400464058807301,-0.10461201754419389,-0.00441466548647293,-0.08269999418109295,-0.07245869864816679,-0.20314075445733548,0.03862832552760914,0.14408068909997143,-0.07168702613141335,0.061421104151800236,-0.05319587595322647,-0.05035240200439063,-0.05091897915968255,-0.05123002984783151,-0.08756565138701061,0.2963411098932745,0.047895312330614115,-0.09202961707629448,0.10257299005429367,0.03281770067828592,0.05130385971089141,-0.08259289607705435,0.003411681677585143,-0.030218105368226812,0.0902988611749779,0.16954667510423624,-0.20416676448534643,-0.06991719141016409,0.04498016967410538,-0.1277429955935906,0.04405863160518173,-0.10743944228492973,-0.009534557856938826,0.028373570742642372,-0.023363981926162392,0.16975851526466706,0.03531355987005949,0.07763497425461095,0.00808040449412962,-0.10303178990413045,0.0677275619618404,0.14341235961851445,-0.046242869945274996,-0.01889685536335331,0.06329030037630279,-0.12557193924584895,-0.005792922072740988,0.02171300010188196,-0.1314955840778565,-0.020614265197157932,-0.11420127623060441,-0.09991050137163424,-0.31786003744974073,0.10629758030496037,0.2453839559386974,0.07486557497746775,0.33620689655172414
results_s1/zhangjiakou_huailai_candidates.geojson,cand08,8,3.5,5.4,40.35771,115.54679,0.04181048287764106,-0.14034952657013358,0.20206725087205932,-0.21205252322406726,-0.04122668841789242,0.04406657516358271,-0.08896623503081401,0.14777856867010833,-0.25378783851702075,0.12083324785010839,0.011406798122846637,-0.10268142062662529,0.08138920314515707,-0.07661034893807758,-0.16116305025858554,-0.20362232612689052,0.015905472205194573,0.17255868327558954,-0.0079676682969966,0.05902357518477332,-0.13243718822964537,-0.02969248394993036,-0.04315626453118991,-0.011067244953400066,-0.1124735987168102,0.2970834571115094,-0.05393149204153479,-0.05297302989686478,0.12739594544860786,-0.05099298878089021,0.05445909051920655,-0.09858650581897731,0.11368450363471608,-0.04232374409349248,0.16207448451622025,0.19967248654862046,-0.18995100852878796,-0.087205126650566,-0.002134142147241093,-0.10406926462683917,0.06159803122702971,-0.11005201704070906,-0.024354790558125568,-0.03608401515213546,0.011499656671768676,0.2486297313508342,0.07498293724163559,0.09660956080574358,-0.021475655435535562,-0.1230562716979808,0.07412814792550841,0.1804223401844727,0.04376508295920815,-0.0350723083816463,0.06531172305140183,-0.13003233090567112,-0.0012017024762412615,0.028477626717035995,-0.16707004383518428,-0.11861612426142105,-0.18335739896948483,-0.12478140935050627,-0.22810851950506403,0.02566279583290822,0.05073511645491192,-0.20442128824190053,0.2552315788682749,-0.18743818505869791,-0.09568089964183435,0.011100538185308356,-0.14811003575642542,0.24917116150838667,-0.1101516366278293,-0.03835621795637663,0.14158148395940343,-0.05920666287887298,0.05092760481822926,-0.009346907604447542,-0.009273383142606778,-0.17829152336382573,-0.08031317053560881,0.1278638597234464,-0.10592942053252903,0.018932076158005712,-0.07228157372409294,-0.025014276941506926,0.03799803155267655,0.017046025963591598,-0.09692688974026295,0.28920389080950704,-0.006830039740325508,-0.11256289423825645,0.11685315847570527,0.01268192579384796,-0.008569456901863781,-0.08488138242975472,0.029159383696122962,0.015416102116898157,0.08280450573888531,0.2201578910994337,-0.12611562318884348,-0.060654350310917135,0.0649921135569255,-0.14593897596069486,0.05870584571982255,-0.09143496363430217,0.006465746442408234,-0.00861224870128086,-0.09826690989422696,0.17454142504050377,0.14216326421096523,0.11006758210860403,0.0270245433433934,-0.15659888730914648,0.10532992746046914,0.17600721517300358,0.021680320578914482,0.02286025801942598,0.0005936184848516091,-0.0709982385538909,-0.032182633061198,-0.010046560150144724,-0.22528009216434405,-0.06371573609947488,-0.16537255668031914,-0.06573560106889337,-0.20926793351701536,0.06635721118193505,0.16491029693486584,0.12705810779035717,0.0
results_s1/zhangjiakou_huailai_candidates.geojson,cand09,9,3.2,6.1,40.39769,115.53422,0.012943788832854746,-0.2334327965056076,0.10931229111235764,-0.21474401263533688,-0.03927300192561721,0.060600696504269747,-0.07685089061921489,0.2381505872826692,-0.08430473777475068,-0.1442360859487722,0.1071726245031765,-0.07891643148739723,0.06054303388682586,-0.055468934428833584,-0.016783225133934907,-0.22283702082381904,-0.14434575673580197,0.13949348769166814,-0.09289714454214523,0.016638183397056975,-0.13862819288146755,-0.03282834130152865,-0.0608870136155322,0.0028485200606081494,-0.016628181448742924,0.15875057544841975,0.019169931774679017,-0.1916924887627121,0.19391349507022,0.05118179630694483,0.04591423185262229,-0.14443319225259116,-0.060209708354104885,0.039700949959806914,0.14332135763084639,0.29788080532419237,-0.18170720954515432,-0.11536166757906237,0.11284054397271887,-0.10432097316333394,0.07253756205605565,-0.0670227785698694,0.007886790033735271,0.01633261026713541,-0.031813488061928935,0.19192490716696517,0.11852208708159266,0.08315812805347426,0.07121473512085674,-0.1414096834595768,0.044966028026389736,0.20735553982253274,-0.08459786180156116,-0.061978670244465774,0.02466940460500035,-0.14063087767142435,0.07461266350194745,-0.040246856740158994,-0.23114414770087222,-0.04258448051760266,-0.13024627330339092,-0.1143172498651253,-0.2341995234515453,0.010517932619474615,0.0872077187895821,-0.27794406111156406,0.17899161502991207,-0.14116380970688577,-0.023334222831922505,0.016811875988362094,-0.06730841013349034,0.18272455109096006,-0.181504493029221,-0.05648344323144455,0.14126711485464638,-0.08140329353495492,0.015203646904305252,-0.10021963580141477,-0.060819299304322255,-0.23318071943491434,-0.00012531612756133432,0.16477825981364375,-0.10619187994293354,0.06647410537112279,-0.062353950966666086,-0.07051760100506321,-0.03466525050923513,-0.03329688986850938,0.0009577759987334986,0.2640306978432633,0.039832301457693585,-0.13121427974982358,0.14300391236041732,0.04944738036902557,-0.010127135017874812,-0.099226872234196,-0.03846524998521476,0.019423553807149503,0.1484543218504382,0.16684455029069692,-0.1560773225117531,-0.1210411374516646,0.09322249243890507,-0.13657362406171453,0.01705259567360775,-0.1136302576481551,-0.0002617712048372292,0.04368859309621563,-0.006649892889640549,0.17198113143133795,0.038595329695683946,0.11062193914778894,0.06705305667860526,-0.08974911301629165,0.043428261882265,0.15119299219143623,-0.062469469523949654,0.004977511735953129,0.07156118978008516,-0.16172294311506927,0.033962765991810924,-0.009275666117945681,-0.16142827618539676,-0.02660091661120466,-0.07571346260250233,-0.09150994270694274,-0.24062896384203236,0.06461196894507663,0.09271998945147683,0.3513439098487261,0.0
results_s1/zhangjiakou_huailai_candidates.geojson,cand10,10,2.5,5.1,40.39984,115.48723,0.11144660632906557,-0.2336402916191217,0.22736058141283091,-0.1454773014220854,-0.03104111347455421,-0.01871139834078415,-0.03547710818459755,0.11765396694878885,-0.21467201890067975,0.005637135641790347,0.08047637377487468,-0.039004103944360234,0.07458779218109637,-0.10914049635738138,-0.09910481086409664,-0.23781194602731381,0.024052442049096436,0.19447822637224643,-0.034240150431629854,0.06869409600016942,-0.07022647877975778,0.026662737555494292,-0.053031060252107645,0.007193632498371156,-0.05188333316553395,0.2429689307985908,0.01510261577204988,-0.12930986832589167,0.17297084555070083,-0.03991649382178683,0.009871535687431791,-0.0652017843007153,-0.015197495531823674,-0.03215649803041043,0.20515001596239743,0.16214267365809407,-0.20389532142926048,-0.10955300031541697,0.07246229137457877,-0.25556541603088706,-0.049607104053667375,-0.14851293639165905,-0.008396803573051557,0.00826331431959203,0.018245654619880012,0.21566216227170912,-0.031092347613123957,0.1431517187509122,0.032609916233771026,-0.070720901947391,0.03492217547897804,0.15209324792205717,-0.029510630889136576,0.020477828649347028,0.07321568281125268,-0.1673157769796656,0.017615954790335103,-0.061454660240761655,-0.18429742243717712,-0.12909666653993596,-0.11812449670713966,-0.06972427584941016,-0.25176062904640806,0.09835612945710266,0.09915195552587515,-0.2671985061030003,0.23688234816203585,-0.16649046819990532,-0.06286388211234088,0.0021047086980027214,-0.07935025760913877,0.14112869447408075,-0.16033726192863468,-0.04551884032054656,0.1327860752398373,-0.07203258306498143,0.023594597258462302,-0.0653539665893635,-0.05022317135661986,-0.22963096692601945,-0.00395015407652599,0.1635248921763266,-0.06811522123610517,0.055036413944226474,-0.050107561589643045,-0.003286343219960453,-0.014490072311077073,-0.025528322893828087,-0.07624531425050181,0.2789058208193277,0.014171804796025091,-0.11601625174064437,0.1417020385472324,0.033929072692507195,0.010997631161439939,-0.09887336994568095,-0.029236304271896652,-0.018963325556929627,0.14650776862284323,0.16034467583219897,-0.2146168646460773,-0.09631986819264536,0.07752469298989013,-0.2066123733428721,0.00230663408776451,-0.12572037367822392,-0.008714747483932446,0.02305801632946534,-0.023371511836924017,0.16696675209864031,0.04629834599032762,0.10185079480346224,0.02354813234446765,-0.10788503579566958,0.07915459107634076,0.13754955014321388,-0.022597649262962153,0.012300963555585654,0.055076489747714744,-0.1126153698842517,-0.010220725382509115,-0.021232216161329767,-0.2031316141371432,-0.0654598873010539,-0.10275965646261531,-0.058737741654882845,-0.25769167599495796,0.08077389841016837,0.10373478835978835,0.12393778200482707,0.0
results_s1/zhangjiakou_huailai_candidates.geojson,cand11,11,2.2,9.7,40.30121,115.50511,0.06146856706841857,-0.17629014002809235,0.12624639869589502,-0.11831460602254483,0.00025849083065777005,0.011583517376073146,-0.06924613690563855,0.14606638294366878,-0.294019639686433,0.2578826903113036,0.01210557677700207,-0.007348802852447237,0.10590377557594045,-0.12030282590604191,-0.18761156697666384,-0.17057855462528632,0.07219558419273019,0.2533142322666568,-0.029720009957206764,-0.0011827671204021712,-0.11023203787593526,-0.08135759187830525,-0.002620481948511374,0.02299255988684229,-0.10303373303805471,0.24926605346760997,-0.09510616608514676,-0.04162201062620753,0.02952261651281599,-0.02638648863333226,-0.024575952805504078,-0.04861043392314329,0.20927009319251264,-0.12723021320137712,0.1661671455668155,0.06869653052176831,-0.1630406771784532,-0.11004199831459198,0.02976868308697286,-0.07098955228372217,0.08449207219334,-0.11912539679623915,-0.028054631677959227,-0.08842555251532651,0.03362668727841,0.21184132745077944,0.046725308359350085,0.18263058187461498,-0.05225722329867907,-0.11630845199488117,0.06117330191175022,0.18484951479948256,0.08541812863841307,-0.03242911908721982,0.11613634166693104,-0.14955501595364457,-0.06266843350152272,0.014733176891441513,-0.1198774792748869,-0.06671793329859266,-0.14033771787125407,-0.11783077944730265,-0.1846838375845822,0.012708239155827026,0.08732822732411645,-0.19428871880506723,0.21079909098533497,-0.20956124647457644,-0.03686675180991259,0.09271006372754384,-0.15994848920904464,0.22561720910892782,-0.05866211888044526,0.03732650150039885,0.07273667349003143,-0.04251423043518756,0.017642274851666247,-0.09669974829609838,0.020442016337292868,-0.12914528890290472,-0.1027400042362531,0.185517400673241,-0.07824332026877019,0.011711488243788827,-0.08220950912557193,0.0076795428028112985,0.02878550557601695,0.025976515398025223,-0.10371399229546023,0.1887965655995409,0.04448979624728661,-0.17399327286873129,0.043598099347077465,0.05408054063745457,0.07545393621315524,0.01255420657589435,0.09919051813034595,0.004688698994458218,0.011049295414880679,0.2047347189874058,-0.10303224022147145,-0.06924837678034863,0.07129368355811361,-0.11057314016824404,0.10139037284385917,-0.0747687460620936,0.034061734977913045,-0.057214219282789885,-0.042149862930864174,0.18081141357736913,0.21763685366219895,0.029634271645188816,-0.09520987937072985,-0.2818302631967537,0.13622348900214554,0.08578894944613773,0.04502310009319764,0.015070134143679132,-0.030789271524166474,-0.09368656712623114,-0.12049706904041506,-0.04550307059285314,-0.1736535291495107,0.03842467874000945,-0.174744763078773,0.010768664059837445,-0.19712019555962548,-0.025391386862487684,0.20875280303030314,0.029804077574929873,0.05
results_s1/zhangjiakou_huailai_candidates.geojson,cand12,12,2.0,5.7,40.35547,115.55003,-0.01452007172188239,-0.17935615476306252,0.1303181389699331,-0.22468149686386207,-0.015867398973471426,0.07637053100216668,-0.10244437495386594,0.28734581409884136,-0.0843950233337771,-0.0211064488636895,0.12984886105831075,-0.07343176278185813,0.13213908652763826,0.003475355699915636,-0.03382738313354484,-0.20492151413285353,-0.155486473456485,0.10755044943936351,-0.11039251228896114,-0.057338856147663694,-0.11451656284633151,-0.04325157395700425,0.029599998307202155,0.055001752444444565,-0.0011817470882113617,0.16811780965328416,-0.002669716401466271,-0.1472089765390177,0.1376075473269633,0.03086784011291211,-0.003636500242251025,-0.12491604320645713,0.04910716045212051,0.006677822572520977,0.046222031843796946,0.23292054028342143,-0.1494304768688219,-0.09127429866418929,0.14169163804166962,-0.11093835127683728,0.15335431850672415,-0.13349266486463426,0.04791523940347642,-0.016099569879078734,-0.10529137881053176,0.1595000113006523,0.2297213878599469,0.07510588343240643,0.07038748173533983,-0.21239048663552976,0.08042146741224597,0.19430341751660007,0.042048632549000584,-0.05903147245475955,-0.021675636195293307,-0.07279508678916327,0.00376775095582512,-0.09512113026640687,-0.26277065806013905,-0.10999942009406859,-0.1827970166400495,-0.06150152457606677,-0.17636922276382558,0.05480973764791934,0.024534422774011327,-0.2003367206869181,0.24271380795159794,-0.18659223426422714,-0.0997253241157078,0.022591739732849864,-0.15405429712273713,0.29521879553297503,-0.05317184699985737,-0.06563136206139478,0.16370121524499562,-0.041063349294629584,0.0762466827565788,0.03207538755100022,0.03296359673755955,-0.16163146032161774,-0.14278182098372127,0.08592276803056549,-0.10592768899371945,-0.008145506611395553,-0.06144182761981078,-0.025823257818399135,0.05395745756521597,0.03834448248711861,-0.07107324228425889,0.24407951677764114,0.022067288463108563,-0.1283042443021801,0.09983181987725279,0.017749678520350524,-0.03180215457512123,-0.09773991908230273,-0.002771230855191878,0.025886735280253738,0.03465237624574168,0.22890220374534748,-0.11410087094686192,-0.06387678533579144,0.08989809801113278,-0.1367834026177883,0.09285931829864402,-0.08343804008801031,0.015938480400911476,-0.035164314840283484,-0.14855749361913523,0.16288892522872775,0.21299450067833095,0.08909438328694481,0.0479491637923049,-0.18611639796130178,0.12346987379470925,0.19297869748489663,0.013424447896876182,-0.00834894155959925,-0.030195024355798808,-0.045905797855604204,-0.03735013765057738,-0.024416906806964952,-0.24208268157137072,-0.08499103312723745,-0.17968416730346665,-0.03445602553360113,-0.19011218210902772,0.0646606440681901,0.09848308823529418,0.2787925732027711,0.0
results_s1/zhangjiakou_huailai_candidates.geojson,cand13,13,1.9,6.3,40.3923,115.50152,0.13900311352014452,-0.29951961960629525,0.22388204656264044,-0.1703102658190142,-0.05531055418880684,-0.017839076781388498,-0.03729109938167171,0.1395510967439655,-0.18272290574982378,-0.02436345414441341,0.13133413169541128,-0.06836529732013803,0.006144216622345993,-0.07187485593963223,-0.07706070701406836,-0.23642014628157385,0.050255422988214525,0.15150890478716078,-0.09208969396401333,0.04668735357837944,-0.017357630576608538,-0.05690245966482125,-0.03450116462926474,0.0004336493139779922,-0.06427139835286665,0.21592541284277822,0.010276956847295885,-0.09213356479549689,0.13549997980721754,0.01916676900997201,0.005805317514453165,-0.10902763100651942,0.006257858996443984,0.04207187481057293,0.12873257422265258,0.12964706893907885,-0.17113127569263348,-0.058181825315649166,0.07037201389171469,-0.22583960524221497,-0.09222717960778798,-0.14917660239691005,-0.0095428426088707,0.05077571780743627,-0.04616364522101212,0.19739866752158391,-0.059523564057521634,0.148066074462552,-0.01712060547387632,-0.0547035599147443,0.0177980113289556,0.11647298929889816,-0.07175157375342898,0.02297202046682188,0.11225982739040967,-0.1235554163901175,-0.02394086204559246,-0.0042268675584136535,-0.14123942241132167,-0.030653221875304854,-0.07864321790341901,-0.10841623248352751,-0.2649153303221182,0.16422670816187673,0.12628913552568846,-0.30062123966880955,0.23570470478048436,-0.15708362529626682,-0.06301420608259378,0.0030207943168322382,-0.0644350294786847,0.10439938317911235,-0.16346961975242627,-0.051306533017369045,0.16466949635584832,-0.07053181746299797,0.0050605138602295005,-0.0778545755802037,-0.0422926611503302,-0.21381720223338668,0.0317421886721875,0.12766884773352288,-0.08364740044265279,0.03978905282895599,-0.03776560540653419,-0.058319794551533084,-0.021617487519452822,-0.0315948585022127,-0.09474079554850075,0.24302670351383376,0.03181533310544282,-0.10484197011902752,0.12442979046478056,0.06710816172148303,0.016747817315378034,-0.12015159296776494,-0.007129231938991695,-0.005143444850576421,0.12119560231408376,0.17320207616035968,-0.17572715501943278,-0.07945684688205783,0.0539044967138283,-0.14007821860943062,-0.05141878364697105,-0.1076122220184828,-0.02201340108107359,0.035477960221115136,-0.034004829104864194,0.16650752582651598,-0.00836399677682903,0.11156899348492483,0.017378250408041713,-0.08722380499406913,0.044044631387381114,0.13383387203715189,-0.07406508228600493,0.009051599360644409,0.08523321933815622,-0.13390859024682084,-0.01592383741623659,-0.00654196570231795,-0.15612913442099208,-0.029957733723152812,-0.09122952356330358,-0.0861701816522109,-0.2727532831271541,0.11148119629651627,0.07470277777777788,0.2002667394798645,0.0
results_s1/zhangjiakou_huailai_candidates.geojson,cand14,14,1.9,7.3,40.30786,115.51598,0.10213294105524552,-0.19658750901803054,0.1973870565877716,-0.2093535871217885,-0.06021000565384379,-0.022276482549617293,-0.09138581288025245,0.1453332335912128,-0.19009621815473854,0.07188779840061212,0.07801142200730098,-0.026314564091256064,0.04137509888855822,-0.09040903491749144,-0.07368361814695867,-0.19783980356633332,0.06898573357759412,0.26298752663402325,-0.11666457131488735,-0.010433860577855213,-0.06576541957558808,-0.03779769213612406,-0.005961053157102814,0.04251745245427382,-0.13771985430591718,0.2873535384783237,-0.09560118619467778,-0.08398765806344838,0.1842174998164362,0.03459933490419503,0.005523093791889295,-0.11566731460682697,0.14347922337102126,-0.0722692073593419,0.18968824894344347,0.12288085627229473,-0.16448670134470023,-0.03998569667300952,0.09374279836953854,-0.19128150809472536,-0.0140262562692718,-0.15195194148421337,-0.028130408372629805,-0.015169513345150468,0.0035988651188070585,0.15517633601309722,0.011403953056447676,0.21542127903004024,-0.011976054218589155,-0.08256271696308876,0.08740463283736179,0.11587736844378742,0.030276161533438442,0.017757146810657456,0.11265863067418547,-0.1399653422217374,-0.07235252916478789,-0.05615375570131714,-0.14941800058326124,-0.055165718234186964,-0.13258160673968247,-0.12247311048334952,-0.21938381189986417,0.0957418047845682,0.09813602162709582,-0.17063451281556696,0.22580880541867687,-0.22261323192820232,-0.0853362081901433,0.0534990199854429,-0.1413684892673257,0.23586331196380633,-0.1050796454739066,-0.036346892745626615,0.11436960539799589,-0.04020883892940297,0.010919797456922722,-0.04625917184594854,0.014716286527693917,-0.15934868761189402,-0.061616285597077054,0.1470181453703369,-0.13804138616893086,0.03169674569752487,-0.056862789943112155,-0.045268691410381263,0.04472452903790748,-0.013433509586493772,-0.10851611707509295,0.23386670992353822,-0.0017325083226336583,-0.1499310095809705,0.08174561864524053,0.055150180572269246,0.0586128646135772,-0.049141735594333706,0.11940385016357714,0.03154364056397923,0.0681019943789795,0.22860018729820447,-0.13547731684234174,-0.04828863414859942,0.05355402032150943,-0.1634640935252423,0.044792145504822814,-0.07782215077473174,0.02248965956207295,-0.010765270484647399,-0.07897505166985933,0.1763946088932349,0.17149613265594868,0.07823970074727396,-0.04084949818422598,-0.2034717236007743,0.13684885609332345,0.09769422287217931,0.030178529201061156,0.048145742091323405,-0.002946831688894966,-0.0719141686623144,-0.0904889342979442,-0.0307848217574467,-0.17979799209275563,0.004274037034999138,-0.1588395752239809,-0.057796201982142074,-0.2158814562990792,0.03944239646051387,0.12588218085106379,0.11757776928156312,0.0
results_s1/zhangjiakou_huailai_candidates.geojson,cand15,15,1.7,9.9,40.37954,115.61929,0.0982814812648311,-0.19798146968067987,0.20382135843726373,-0.12818494467774472,-0.010997986209418132,-0.023094428952155802,-0.03171605919159484,0.23271533258003385,-0.3194348761377995,0.15559556126960639,-0.05405626776548864,-0.06640508037311664,0.12447297361699959,-0.07890634452026335,-0.18954793773058037,-0.17435459591507915,0.1401862198694607,0.193715124702998,0.020562450172015526,0.024131375588767122,-0.0011845615591872189,-0.06840195321943528,-0.09345774806888277,-0.03198133487715106,0.040532726254517044,0.21056318795844262,0.058342893668880354,-0.009026677287234884,0.013744875599597113,-0.03297997364356478,-0.007345810646170771,-0.061444945749857344,0.05051567040436043,-0.020775722414854536,0.11846809784970286,0.01119897069825944,-0.1965793486543048,-0.10493671768368602,0.005546191814875051,-0.1270068188603718,-0.006728717678290197,-0.06514770222142698,-0.005874775186297214,-0.0975783421345751,-0.0029140249183571792,0.2555180365174698,-0.028708973544707844,0.1772186383706181,0.022390240089622114,-0.11357934747396907,0.03623270890664881,0.16671103165152815,-0.058941008065816,-0.10370443745348497,0.1435719792669904,-0.1656986580702667,0.05948867890257789,0.03896367572218648,-0.06692030270980082,-0.049617531240303936,-0.06058448167345719,-0.12594103156522574,-0.231718511223942,0.029731297508797366,0.06944903691577088,-0.26232426421259536,0.23271940983418463,-0.13393486432354937,-0.06386220407368823,0.010570948187659069,-0.1637163101053437,0.23819308498547961,-0.14699206568669881,-0.004587957721928172,0.14907169644902982,-0.0728570322219392,0.05655538876493591,-0.0656023207814299,-0.03505931743597214,-0.17846279532247136,-0.011343062303344942,0.17323375131324162,-0.11302603607117143,0.04759287675569878,-0.06381219689414334,-0.04920465538847441,0.01554257120665833,-0.003918008920159732,-0.06333754105451088,0.2774865268967651,0.027214222831962336,-0.10491468131597798,0.10427545307830642,0.025031168365645135,-0.01574084418947372,-0.05067057053049902,-0.015297845946775331,0.026373889880529244,0.06291153753124035,0.16541266918846256,-0.10041207177821382,-0.09350265853979632,0.066656830836662,-0.09818745661756892,0.0452169892975259,-0.09845224772059068,0.05128296454446903,0.020928816653229113,-0.06022755130207123,0.18085915119178086,0.08061166349389996,0.10977282085899562,0.02976292718280478,-0.17156304739028624,0.07113904233967525,0.1480850782195941,0.019988989298891466,0.028099239512261082,0.020507555386633382,-0.10969477844080691,-0.00505829365740951,0.003765489538007415,-0.18424018235585898,-0.040677681159809576,-0.11159304398204986,-0.040470764317575986,-0.2056367050157898,0.06202955410141632,0.2215293650793651,0.0937152338518618,0.2916666666666667
results_s1/zhangjiakou_huailai_candidates.geojson,cand16,16,1.6,8.7,40.38538,115.52101,0.1919927811710308,-0.177746843793342,0.18324509281222334,-0.17892225181527605,0.003685909448075285,0.002584151434275966,0.11497207973686363,0.09131137082978365,-0.2519004163843555,0.01582758295198515,-0.017842890467287275,-0.07643707355751643,0.014436233008097904,-0.1302079193317813,-0.1349109003207657,-0.26060577622200404,0.12789364134389677,0.12287180217284074,0.031836335604300554,0.04705959608194463,0.07219940463790878,-0.03246508054887159,-0.15421677229329855,-0.05810924082887402,0.09396639108307604,0.2030015223270288,0.06894987210116903,-0.10562523887431613,0.1207795582354544,0.010645764092929359,0.03803553747782626,-0.03919266666157762,-0.036586550209890566,0.03370138778332635,0.1775880168027724,0.021914786781172438,-0.21967032914815277,-0.10230351559533714,0.07867215632686339,-0.31363733091561175,-0.055321189481966994,-0.07562295769836487,-0.052806967540929395,-0.037023017865491906,0.018563578973462235,0.15615990378164762,-0.12558317216262693,0.10457197999174776,-0.020119394315135382,0.038269571844335194,-0.01386682745569541,0.07000235107356133,-0.13509763730442806,-0.029865235261713342,0.16112662194261945,-0.14131938299662758,0.036534595438917294,-0.0010736591745319085,-0.08881427993459413,-0.01410441065876013,0.003609775009096651,-0.08179621406952435,-0.32211048598735315,0.16403192469108852,0.1705993335084727,-0.2714042631559157,0.17939380714872102,-0.17609798344930366,-0.0388884189289373,0.022516326292136814,0.027448985058309196,0.07821632556370513,-0.15885020293026156,-0.07225298251999362,0.10626431500543952,-0.09931379135053246,-0.03291965991177954,-0.11940568461814602,-0.05274179319982167,-0.2599646569862641,0.051658520415487706,0.08859912583115666,-0.07018800124346411,0.09245794690372972,0.0029460996396254114,-0.05967526782400582,-0.09686566697482947,-0.0671177318494434,0.007486220535180235,0.24408411867221014,0.05035330011235763,-0.12889283773003093,0.12938912862734187,0.057988698535914714,0.029045656742348804,-0.07259034871732625,-0.07160905585295439,0.037195358894543326,0.1517552658459121,0.1318496998882379,-0.19244664539725162,-0.0948173276737585,0.0922390669481306,-0.22462833210760957,-0.05641530888689494,-0.08202043053329107,-0.020081462441136313,0.04549713090215027,0.01010708000401562,0.11784187164839584,-0.060224383680024016,0.061210614809616114,-0.04134198245225814,-0.01970334832558557,0.01458197587503268,0.06725037779257444,-0.08892263962037418,0.029741302884751686,0.1154093506496119,-0.10312355524554954,-0.002916498968917752,0.007188042615483253,-0.16582593235903467,0.009451004042058285,-0.02306611325708876,-0.0716607930386602,-0.3365698768426318,0.17170429081725613,0.18478678861788617,0.06824860555904874,0.0
results_s1/zhangjiakou_huailai_candidates.geojson,cand17,17,1.4,4.4,40.33085,115.54068,0.023951283825889094,-0.1911754405043084,0.08279020298298499,-0.15493505140594335,-0.11865160464602677,-0.08118151838297899,-0.12098980772221785,0.3374206861070734,-0.05920338632075855,0.03184731232388578,0.2602919507892019,-0.11807387160595213,0.00594455651113289,-0.060942638008581296,-0.025529440511947582,-0.13714186976999435,-0.05557592498583692,-0.010279746097120913,-0.2833174912101167,0.007934950483796593,-0.003970570249093008,-0.07702571158512157,0.0211627486124432,0.10252650916767794,0.024646614867327863,0.20475801088906867,-0.02395181397779556,-0.05176503845449797,0.22113508805944368,0.0775891599766052,-0.08938138282914984,-0.12272678908358936,-0.0010590496109741945,0.04328603675753632,0.177387350351547,0.1605260162307172,-0.05054957439585966,-0.0028727459167373413,0.09733953973088938,-0.24685012837238804,-0.06815421585125672,-0.12629710200651914,0.09790394043227908,0.12891192656635228,-0.09875651305653234,0.21801488392273385,0.11022960900545237,0.0459013497443574,0.10634497736216081,-0.01054873928388658,-0.01576532850404217,0.1142911862107489,0.039311379920830954,0.05570387076700507,0.10917208358120926,-0.034177229322131304,-0.018993155932172035,-0.02816994553195382,-0.2382063500632003,-0.006968937623593773,-0.23588680538882847,-0.09288155370956538,-0.1327186283337999,0.06496171224830231,0.04040685378893639,-0.19932064083963597,0.12108030915689975,-0.1724754076399098,-0.10522578654563736,-0.032228860662353025,-0.12180625847142479,0.2888565671227913,-0.06140593957367671,0.03565576081091737,0.23660081257289448,-0.0984876589925969,0.03649662825210617,-0.06875334772283613,-0.002974408858108294,-0.14979542823356903,-0.053906783272477464,0.02742304453341909,-0.2545520731626726,0.03545870318117902,-0.02224846240733944,-0.05774487147544636,0.02416329874359607,0.0597158186704941,-0.0007678500974551186,0.17310601702042536,0.014068861806111319,-0.07645090872695429,0.18764279546254006,0.07071548463690931,-0.0617323456441084,-0.10132229354630903,0.0038843439694067304,0.009115416242869833,0.11305485066643249,0.206866427858984,-0.07486517355029063,-0.02931243949574888,0.08596982872974678,-0.18684604344237055,-0.05337563452358487,-0.1188183815213545,0.07273195551390074,0.10406317159924626,-0.08163750052709229,0.23390456018454056,0.12899020181684354,0.04886981898348843,0.09950656891125519,-0.07797751504653619,0.026190711007536786,0.12594402642826358,0.04524797053247262,0.02638550487928681,0.06634782970408237,-0.04482371234214408,-0.040406331383246924,-0.016434998675945937,-0.22717743954307462,-0.013970566947156248,-0.21257372774234515,-0.08189046518217964,-0.16215413604266082,0.041847443621728986,0.05326107142857141,0.4990957460503802,0.0
results_s1/zhangjiakou_huailai_candidates.geojson,cand18,18,1.4,4.9,40.35062,115.58479,0.1674465861272244,-0.17729633219955906,0.17857490626917585,-0.20953023320518563,-0.020231428832904335,0.04692898048391871,0.018045558050791412,0.07271301082716457,-0.1949153177794511,-0.038931904105411336,0.07977801724190808,-0.08688863225007705,-0.04318937024614018,-0.09459697033711693,-0.08372892758589975,-0.25337864505012214,0.0640788003828482,0.0944676229038608,-0.07745980081785833,0.11514477397751141,-0.07312816458840748,-0.047359341198846744,-0.07831412099857524,-0.011282350046015873,-0.005793770841169278,0.31222884919574656,0.04566779209900861,-0.11699183245754727,0.13646554378599166,-0.03132042631485068,-0.0043374535394196945,-0.07548354702317381,-0.049959219945595525,0.02487823764214195,0.1901672961187428,0.13285588454884684,-0.17241090081940408,-0.05866373126824961,0.11089538484412872,-0.21533296677656014,-0.0686717763797587,-0.10782704457835793,-0.0017283323605103047,0.030753823758816436,-0.005147053303096081,0.11693982997556042,-0.06934034256619671,0.06084436867956388,-0.013510779688829116,-0.0230000291969585,0.04498075086235298,0.06896208247429254,-0.027133835177526086,0.013025069882552162,0.1338655987940429,-0.1631622244353026,0.009198337392691974,0.013163635212709657,-0.1889220384776657,-0.06954170589241239,-0.08230920216980019,-0.10769508413999135,-0.38278648411452393,0.23610940223030416,0.10560411587058693,-0.19754777670394996,0.23502787918018106,-0.21943435129524733,-0.08294428650342069,0.055302738875535336,-0.08253136001709821,0.14969127719466588,-0.12834444803647974,-0.06359823656089406,0.09352993737178365,-0.07477217705426903,0.014376455901044588,-0.023214184750726424,-0.023566003230480848,-0.20276107504521573,-0.03488572616162793,0.10104721720736563,-0.07827421972654548,0.08784834199319728,-0.05676391959831874,-0.02427378816499168,-0.0430928679925382,-0.006807935581422298,-0.06898654817416128,0.2994463091110251,0.07179682117281551,-0.14488787680617293,0.1195957148297962,-0.004178042519508918,0.020527293107819287,-0.07805392181000352,-0.04680244061494658,0.022600215645759404,0.06143483794996583,0.21100202651527122,-0.15979958849863926,-0.07320371167111625,0.09993356174564579,-0.1576139791022488,0.024440527542159186,-0.08430669284688934,-0.004052379584292006,-0.002405831250855716,-0.06905946484132476,0.1398880542637308,0.07865030577810941,0.05581922656219739,-0.0028518880015622346,-0.13288282440645305,0.1001631978605414,0.1173973921336719,-0.02707733716317663,0.003985138448559336,0.03765347801018503,-0.09742395402087255,-0.008248859569456974,0.02144541946162464,-0.20066863914499425,-0.06648887682263571,-0.1371134451411307,-0.0684579291992958,-0.3071104398350322,0.1506126697877751,0.12758809523809528,0.16173327632137977,0.0
results_s1/zhangjiakou_huailai_candidates.geojson,cand19,19,1.3,7.1,40.32259,115.57563,0.07213005357278106,-0.11118604952244096,0.1724091563375062,-0.2147062761632858,-0.11175242949302895,0.04385037532641808,-0.1319769259354733,0.16902161785604522,-0.12595822256746206,0.14243929011596934,0.1482729557028102,-0.10093974684852386,0.07677967029191564,-0.09928334157236123,-0.06601945969251406,-0.09805289580160284,-0.013629398324221158,0.06811217798889818,-0.21579981155093456,0.08510991489109519,-0.06308262556777842,0.03662542611713692,0.0405265730625348,0.05529373135393546,-0.09355796324480767,0.19208774174252033,0.03305976692533426,-0.07910850665475815,0.28005362877669604,0.005539366069052181,-0.01226871869010243,-0.11351529089475351,0.09134408820639885,-0.0871770120429412,0.051886281134163374,0.29798482414174327,-0.06105733275705396,0.014193586334465007,0.047849372559789195,-0.12727347486665402,-0.08402396177164706,-0.13234265439616832,0.02906716147778198,0.07157958924706606,0.0017286319649950307,0.30836649079897505,0.03738163279905378,0.18970507839380185,0.1521345049950478,-0.054505735110521016,0.05463969015180047,0.1796492529009685,0.025591100199174138,-0.047979071319728415,0.05231998245695339,-0.12968842115204304,-0.03624831811763382,0.04938643750003547,-0.11072488119377029,-0.02342840608477022,-0.22343599755773152,-0.11306729641957358,-0.16372460209008516,-0.00787127804926452,0.04749189042846662,-0.13186033243011933,0.14484421001417844,-0.17532141695848075,-0.12604673264240118,0.034707074451750114,-0.11914114578253868,0.22505260172385588,-0.0820448391782381,0.11975331492863645,0.19406156024839974,-0.11368077941294338,0.10186690971192464,-0.09934300571810596,-0.020779713240791076,-0.08876098598976905,-0.07067933129830187,-0.03808251017950577,-0.21948303839144853,0.06253467942800443,-0.07834973648730169,-0.011016330810763265,0.024728393797822323,0.07316058285691253,-0.06893326670328298,0.16893723863729007,0.05342335770856654,-0.08374182354447646,0.25799334652552064,-0.007079639391389103,-0.08858694053014367,-0.05193528629836254,0.02830745137849301,-0.021564365238948335,-0.0037078755839683847,0.3164786415056419,0.0021540858329506017,-0.033997804124786715,0.07464173690931052,-0.055914779794400696,-0.036974626602166,-0.08145372893183252,0.07678342937466065,0.049588245492979514,-0.04152244740939365,0.2841694492746466,0.05654418854140771,0.18319964461615612,0.11253109457457479,-0.09462502437729,0.05046327423569622,0.15562389130175466,0.029466276886505067,-0.04955750968485567,0.010777940845240468,-0.09873991246302524,-0.045420232898892646,0.0752577358206051,-0.15978090944483936,0.00692647009349677,-0.21617278221983513,-0.10286227394668286,-0.12038913883408296,0.04584543508809,0.11647994791666663,0.20048574253787138,0.0
results_s1/zhangjiakou_huailai_candidates.geojson,cand20,20,1.3,7.4,40.38691,115.53619,0.08182376526673525,-0.20918709491357018,0.2775009574902527,-0.19187830496605604,-0.10353860072831177,0.01320044772593689,-0.05965664249321814,0.21566214336438563,-0.13922087177318734,-0.07967032048748342,0.09493185495734716,-0.042073343600105714,0.05550315737277303,-0.039901059851432774,-0.028266372776781803,-0.20119303745336478,-0.055100086316665686,0.10148025326176627,-0.04388694631942094,0.05667996025472826,-0.057455683390543605,-0.014121274087692804,-0.007178635647354452,0.0023920341225186557,-0.08010469827147797,0.25619607928969573,0.07217810992435655,-0.1559101926561738,0.08671042030802645,-0.0037141977273929773,0.002382001549763957,-0.08719358763857549,-0.028360935476713662,0.04193620561403495,0.09762486381015448,0.24866218119191774,-0.13947921726558926,-0.08246223270357539,0.05045565745691934,-0.2030617273596241,0.05073249368473331,-0.09005818757318346,-0.03728370606327522,-0.027383042879806967,-0.07148169340558211,0.20181502017887323,0.1450602092310092,0.10923111586131724,0.01956777905974486,-0.15971495329709856,0.10624192417437421,0.17820903862215573,-0.05086422913895892,0.011965914021391012,0.014011320425500264,-0.08800574046597505,-0.0248031046288086,-0.010888365189081558,-0.22767386487208455,-0.08916742214440909,-0.18349086078848892,-0.07150678096834925,-0.25122211560621144,0.08160023581818532,0.08247014689709488,-0.2424049430099749,0.2561010970217529,-0.17281088850777762,-0.08304148879755015,0.024172531673032578,-0.08506075845630023,0.17855173487392,-0.17130362593849172,-0.012679738432565568,0.0969524931597997,-0.07677067495539448,0.06322462013520389,-0.05123596428625391,-0.04791930748495431,-0.21312220145857816,-0.028876149678300947,0.10773674806288351,-0.055552929300832624,0.03996382302473488,-0.05944020680255494,-0.05169269943795114,-0.02395481423214855,-0.021998017490018104,-0.08115932947635135,0.2826187253372399,0.05541172321403697,-0.1151408447655558,0.08076509644346935,0.017174496305500952,0.0036148084873584047,-0.09613632315939674,-0.012050800758971443,0.0009619116591908887,0.08535063414590317,0.21449326884944508,-0.14832598999083324,-0.09820324901168175,0.04922147069370762,-0.15923965988770253,0.058482262685549916,-0.09645861809043503,-0.02883257482131383,-0.01832749356832091,-0.07133158806528632,0.18963130348064478,0.10999439279573998,0.09477541455300158,0.002300017401388236,-0.15772444047369974,0.09077793210961613,0.16677734401271987,-0.01778233934914401,0.0008577559994632034,0.02484822187350671,-0.10095666620301749,-0.018494242344673513,0.017402845135424026,-0.21170253907068445,-0.06213031872049395,-0.1466711421622065,-0.07621252434613118,-0.24444300239763053,0.08277293890624778,0.14468906249999997,0.20166508708923936,0.0
results_s1/zhangjiakou_huailai_candidates.geojson,cand21,21,1.1,6.9,40.38799,115.53134,0.073348043767865,-0.23297794458677284,0.2517415066307619,-0.13158017619046827,-0.039676672079621,0.06719555074649296,-0.08470589706705418,0.1891606082838863,-0.21173722237150927,0.0465465247073562,0.09668301833789253,-0.0991011651063883,0.06833416560035324,-0.08699670544877705,-0.04921290346787732,-0.20193942064773854,-0.011813757830590414,0.2033635162708356,-0.07640434407212218,0.055653305087140933,-0.06398659642394325,-0.07624949274627946,0.016307214985637485,-0.05458777278049713,-0.060634172142002674,0.302394065896297,0.05940483742407136,-0.09798806452457384,0.057787263475997074,0.0422832772081883,0.017327506299326365,-0.11361458502124135,0.012801459836203715,-0.06357311513284603,0.12275053122546303,0.17286358282154263,-0.15060972280388946,-0.09633481866173785,0.019090894655472413,-0.10973263904790863,0.05237459115457413,-0.13763858962528727,-0.010970702913412775,0.013530693731806221,-0.04637267010449656,0.2636869778444081,0.08493184453485042,0.10324016663487798,0.05864345319143286,-0.17719296044950625,0.07811998267903653,0.20975730848462965,0.015640771115166065,-0.010011534025374857,0.04975064789611787,-0.15348716570684665,-0.0165044478617972,0.01195086884078722,-0.15899481517571926,-0.07393067605034699,-0.14700154026109327,-0.08994720882778118,-0.24096971400239753,0.0072100233028634655,0.07373651742237904,-0.28201301021125247,0.22811325542149943,-0.1358643163965391,-0.05258668359676273,0.03074836971893823,-0.12154870136491654,0.20397312296512882,-0.19487148620546976,0.0021994597310266597,0.14328736001441783,-0.08539760475115421,0.054419318694427565,-0.0625175866140811,-0.04884441879934363,-0.20366331435513588,-0.00866223943607022,0.16663493188721515,-0.09688757336022052,0.03788088491061909,-0.05278790809258712,-0.07488159279672908,0.009258280128305837,-0.033722665554104934,-0.057306442898588376,0.29367982835362144,0.05903100566784341,-0.09971147558525605,0.07301046345950302,0.0435409991599722,-0.01774846393666646,-0.07953342400774908,-0.010556945677846749,-0.012791099358925653,0.09100770972265372,0.16189567414140385,-0.12645146217950412,-0.10878520047462382,0.05736344733541904,-0.11611153768461273,0.059298014556972,-0.12974415384900684,0.014467007438809673,0.014075492557276642,-0.05056275196877208,0.20172140183514678,0.08315458021110728,0.11536134529410234,0.029157036190474092,-0.15753564380311916,0.0747229404358342,0.16955017397592245,0.012967037983284675,0.012509822169184845,0.03228550039722255,-0.11115410754403515,-0.017664565454894404,-0.004625074885714204,-0.18048383881181643,-0.05949492641233159,-0.10343340808491706,-0.04595058881699983,-0.1976930967456238,0.0536337780442967,0.17849226190476183,0.11478887470448505,0.0
results_s1/zhangjiakou_huailai_candidates.geojson,cand22,22,1.1,8.8,40.35798,115.57141,0.1676494909937788,-0.19814168208968044,0.1469620439454616,-0.15845749315589866,0.03939411943492323,0.011795996882675953,0.006817839034980101,0.05926387642673803,-0.23204442416767018,-0.005088655840917725,0.08084520906160823,-0.06645981044896039,-0.015364922597278143,-0.10942183010645276,-0.15960084317279757,-0.2939012915464955,0.09557509694411039,0.15152608946491852,-0.052848373734928775,0.11245392546175584,-0.04627806590607909,-0.022458861868829828,-0.11217078662077594,-0.043226341455665694,-0.011890636549339528,0.25007606029022234,0.08480904734212799,-0.1004442533300201,0.12842788728677224,-0.049754896057458475,0.07119755174817104,-0.007276491573408681,-0.01959056065250242,-0.01728510736248386,0.15385928010643282,0.13984271515943725,-0.24665694963898785,-0.09745855780921533,0.09335232333592067,-0.19170764694137044,-0.013794496855244654,-0.14558589497041846,0.047725518470709244,0.028204127010500298,0.039579927305985516,0.14720502177069897,-0.0838235274184339,0.06723439058679272,-0.020480042511306095,-0.027928407040113203,-0.02360805081165823,0.08153212925726008,-0.017581822932915183,0.035924440741142476,0.08793854726725539,-0.13568331947355086,0.0022733637307081225,-0.050866872887471874,-0.1257514389471754,-0.09818037172062193,-0.06120708324275179,-0.06074643369352207,-0.3594135449036251,0.19313301217400733,0.1234545833497508,-0.23310859413009366,0.20409742581455717,-0.16583175369615263,-0.029016176330418093,0.04659577148477819,-0.07141640899059476,0.10075286662688261,-0.213983643102679,0.016900378376717033,0.11040673030738922,-0.10543458116137215,0.006978300629751573,-0.09207523025301807,-0.08879351165069387,-0.21531955453879567,0.05183428717892983,0.1359466489926329,-0.06862702452398821,0.07890492549802487,-0.05310447789102674,-0.051252949196633736,-0.0681328214770342,-0.07179890013252029,-0.08716353201212311,0.2922753098481995,0.07412997207418602,-0.09477717651382946,0.09416742374871108,0.02609063709532821,0.06823293776371224,-0.07759887508101908,0.0037124539665028874,-0.04432832055746824,0.09730237368213601,0.1758244110913255,-0.21462818479617068,-0.0796148120788157,0.045104464569933195,-0.11401821293040111,0.033030227862209216,-0.10749873514551268,0.008644089082602167,0.02522082859706648,-0.017273850379758305,0.17573767847468116,0.020538149873636974,0.06735199769424513,-0.006388734763614353,-0.11575893632690067,0.05794287496595417,0.1320103441117548,-0.036663367934902776,-0.018520669664630014,0.06684179133499975,-0.12909984277487363,-0.003192820966372378,0.017805936693825512,-0.12209204395734774,-0.03561198101190753,-0.10612999190268234,-0.09409854554387324,-0.3325711870947193,0.10554817969511543,0.13154444444444444,0.08405982929221108,0.0
results_s1/zhangjiakou_huailai_candidates.geojson,cand23,23,1.0,7.8,40.37191,115.52236,0.10436941012136786,-0.237144999438935,0.21366786299221194,-0.15273770179179033,-0.004347749945273162,0.04295608792348911,-0.033726010177658326,0.1375587208207861,-0.24078996484605658,0.04539241991946419,0.0579697711651818,-0.10860123115450017,0.06678678731710966,-0.11640036864731818,-0.1035002829852584,-0.2618082506605546,0.039831099190778645,0.16233114364675097,-0.043756109017081525,0.07200468473970568,-0.07715647827758548,-0.03376320602982413,-0.06024853402598804,-0.05783331524435147,-0.040941277033063585,0.28638879047256394,0.0595124068953972,-0.1277092321871051,0.09322319289538374,0.002087024558705491,0.013885092655444135,-0.07979269658890856,0.008097830119319834,-0.016472037806585245,0.15464256110550037,0.17368110044780963,-0.1956893477971607,-0.1003541000976805,0.02906191766508649,-0.17133371718766008,0.0248363756548058,-0.11149051861417554,-0.030189080754733658,0.01661970521704631,-0.011705295534106314,0.19678095591991068,0.014457673315440563,0.10599999632088503,0.01779551356459023,-0.13506783490830113,0.05178067078850177,0.14627794119180024,-0.03701861693484348,0.013005919082772113,0.07858026633113142,-0.1625680173310842,0.01240932851859822,-0.019920538475264375,-0.16315584669618544,-0.07579455822107434,-0.10765250514003018,-0.11030894386713005,-0.27422377971421874,0.1096252735575263,0.0778437269445371,-0.2651725468704956,0.24574914922849833,-0.1385147465895462,-0.059376814310364144,0.006231257896300307,-0.11378734116268596,0.19495365870111198,-0.1419168816775403,-0.02408676137890734,0.14061338537592957,-0.087503322724568,0.03829301291077329,-0.04909976769679393,-0.038140280875165106,-0.21636958677658155,-0.03381990435016842,0.11602766893842002,-0.08798877956454726,0.04595230531938232,-0.06091063351910065,-0.0428642197266952,-0.009977877496129271,-0.034773039442690674,-0.07803094408412978,0.2712462292848868,0.03418229041063713,-0.11608233654481788,0.1013195174979274,0.016819982502963085,0.007934833566067685,-0.07565133453183188,-0.012005883318787249,0.033256629560905006,0.08394727272366165,0.20477722036486906,-0.14951542418760166,-0.08336400491472004,0.04961112921049333,-0.11905454633120596,0.029311731401712175,-0.07764279289441198,0.002110267900573567,0.01901326711458239,-0.06461985774481258,0.15251996004894156,0.07844888448497024,0.10213351196014953,0.022685099263986912,-0.14767583034817977,0.07995574155368358,0.14504131101987822,-0.03528795919905774,0.019736811884895542,0.02961713809103692,-0.1111904918689546,-0.00818790109123487,-0.005104398700534951,-0.20959499321506023,-0.04049265127140777,-0.12526739999841752,-0.07469503994897192,-0.2534470851851618,0.09926567437109453,0.15941041666666675,0.15283942728858235,0.0
results_s1/zhangjiakou_huailai_candidates.geojson,cand24,24,1.0,8.6,40.38134,115.57536,0.061188089996331935,-0.1753952656675723,0.2621439932542437,-0.16801831868667086,-0.057893343368332385,-0.0007971833696347852,-0.060828188794411486,0.19926899329831482,-0.23414696383716777,-0.022060229278514008,0.007149152624006486,-0.056266753772371905,0.07400867632546064,-0.0719944387489417,-0.10934795269478367,-0.1792239556754225,0.007688783688791414,0.22581419392249483,-0.012541629786925964,0.058476494175020564,-0.03630218744861421,0.010295192902178797,0.007110346866770656,0.02232521309925468,-0.04030303600264402,0.2928149801946577,0.013801060802906304,-0.13993792630140553,0.13836245229048807,0.0057731351037785626,-0.007221986385027541,-0.07287069295712574,0.008153974509747202,-0.005598786345159788,0.15142238738950234,0.1186580552443378,-0.158092820399928,-0.09038391367448126,0.05887603993894074,-0.2343459886622476,0.010038194895213862,-0.13997250369778466,-0.04793859973654604,-0.030148762300802826,-0.004894891800087135,0.2460690406527681,0.06378803894144981,0.1459247015448494,0.04972004691726908,-0.12135965162991089,0.0827096987000105,0.1606611571970866,-0.0665397649485716,-0.031550441850986426,0.06057653510200958,-0.15614861321061402,0.022648564977807165,-0.014429009179807587,-0.1473420927421605,-0.08457173981214358,-0.11933075949647863,-0.07249944336443728,-0.21016362502600383,0.017333353506342634,0.08047205114761057,-0.22781450387619467,0.2624406807517493,-0.19148997061877368,-0.06845793940851962,0.04453756038711231,-0.10770303419338723,0.15659844157415534,-0.12128321766999992,-0.07273487642187991,0.10205669441392418,-0.10067073292708568,0.016360243507309934,-0.03720102530620923,-0.04008086066166145,-0.1916835089165747,-0.021870723300294683,0.14153135892998536,-0.06275044037345091,0.05449806318892536,-0.047816865588880125,-0.01696298810196472,0.00957632220414131,-0.027612151014247115,-0.10052142218901813,0.30141496901830295,0.03288776264339775,-0.13546186166157623,0.11652049424495772,0.045418494975856614,0.04625999943175242,-0.09730069057079604,-0.02908928801209154,-0.002697259078688796,0.06814293340488765,0.19294959615590088,-0.2013610139343777,-0.05876178525690488,0.0722077796455158,-0.1458707017781488,0.047710950729681616,-0.10233523514972695,0.0010754716007264087,0.0042361488515565765,-0.06429804630871488,0.15857484550544976,0.08892539174628027,0.07434466124142634,0.008588878388894494,-0.17593371275545705,0.10697124406306424,0.13801180630004922,-0.04217926608942752,-0.0010223829844935618,0.031952269206031995,-0.0949012592537821,-0.021593976783115032,0.02232738599672826,-0.1948210997693667,-0.01816952056651885,-0.11668307664248465,-0.06113862618853895,-0.2814812849920089,0.07289078992216647,0.15133413461538459,0.1916268284455474,0.0
results_s1/zhangjiakou_huailai_candidates.geojson,cand25,25,1.0,5.5,40.39912,115.61623,0.05226227991196476,-0.14491552012962045,0.2782781372352864,-0.24107897570793024,-0.08994213616819276,0.008783537924973916,-0.16472614290814364,0.3196306488281587,-0.0465676711861215,0.021644719162174673,0.05779711639557781,-0.043661006069094295,0.05441361103264833,-0.0957096122762831,0.010251970886393772,-0.11768017746314212,0.009324769123335606,0.3037231485731548,-0.18355471845600987,-0.02695363194297328,-0.039828124877401935,0.038309031946111766,-0.01693125044135302,0.004217959242520534,-0.06675648690848886,0.16051751828182256,-0.08258483050082774,-0.11475341852427244,0.15863311501071026,0.10634821575689103,0.08901919591365955,-0.05663984466335553,0.1528336310014202,0.08861364889092888,-0.05335957176988443,0.1289059422788723,-0.06296632378441572,-0.023536583751147516,0.10272968010733702,-0.09554591444420907,0.08381711017740426,-0.06065570590981488,0.040882090581330556,-0.01667248026661644,0.004792934330594981,0.15646656456700336,0.12129850224403484,0.21379052601432733,-0.030060200550808547,-0.1944343889516591,0.15205615334369033,0.06281702877229321,0.05440337654669707,0.018694637168592928,0.0006453341140377759,-0.03494966859292735,-0.07992451392321638,-0.05146371538811602,-0.12353479381948854,0.06901194056053794,-0.1282111766275137,-0.044888254321336404,-0.15373255674818948,0.017899500486469076,0.04030636896529213,-0.1529038608188131,0.23720219653026534,-0.21900088138746063,-0.09909909527388011,0.018242472344014726,-0.17734129885565153,0.3118851065751026,-0.0010639344609622364,0.004052146013257551,0.09674252050347922,-0.038212376824043486,0.021151272488703965,-0.07775068915973736,0.036947955172565515,-0.10306438068351338,-0.025390801481774423,0.24168890946169863,-0.20078895156650473,-0.017872099538627957,-0.07781156512016282,0.0018630269428531747,0.00024023202725015195,-0.0007736068188869266,-0.07296057112342529,0.17050786125642423,-0.07549801048571061,-0.10231871016271074,0.12532809834073608,0.0913576711947305,0.08635803826904413,-0.014973947130231131,0.16101519837408926,0.07852175191425903,-0.04754195408584852,0.15901874894946053,-0.052805711600621724,-0.030673454692735802,0.11207980508207106,-0.05357358768189498,0.07758533787904309,-0.02509032338831142,0.061395831294902385,-0.01948652942518046,0.004595232364680428,0.12196132799540531,0.13303195009657923,0.15424904295156636,-0.05283353365503354,-0.18647690081626037,0.1491294218653344,0.07457197623687181,0.05999064947800262,0.0460819874835099,-0.018322018338766406,-0.010217144827970717,-0.06566360635311252,-0.03517801421873759,-0.14525097615075383,0.0660424806583507,-0.15180053508314809,-0.04348889431157858,-0.1896591621683059,0.023770742104061427,0.10513333333333333,0.2506260100941384,0.0
results_s1/zhongwei_candidates.geojson,cand01,1,71.9,12.2,37.62369,105.2397,0.17310215675934462,-0.17096424570397073,0.15858255136937127,-0.13789920475459275,-0.00400791552077145,-0.08285205118939534,0.10786363931222749,0.037313333926887134,-0.2765125330224224,-0.023130276409879212,0.02770484561552575,0.03486492616048676,0.07143527777813734,-0.08689020630980283,-0.17728694299775688,-0.2407180396257722,0.11544801013011252,0.09188162223395584,0.05050378796468859,0.01927080750819009,0.08664695984995402,-0.013983081351852143,-0.09041988560521323,0.024889384443971707,0.0733113475513597,0.03300565360779619,0.03839904704092742,-0.0959877256784905,0.16866788998836987,-0.028266321286764515,0.009478605830056604,0.01825635920404788,-0.03589068426922814,-0.013286256239726183,0.17710299694000162,-0.04602556305424626,-0.27474026644108446,-0.10096970099704099,0.05229815763238333,-0.3450734174412155,-0.11270471384786392,-0.1122574076239571,-0.013652314954852912,-0.10514448919430865,-0.013948673770869415,0.24971518224122896,-0.22645349935195744,0.14360263463087167,-0.029670810819561775,0.1087614429506674,-0.08905932352735817,0.08143918222416047,-0.12397662050131895,0.021063348889588558,0.15995678084618237,-0.10348193513300954,-0.022817672694785494,-0.07747659030423017,-0.12277864038051244,-0.12592078690720715,-0.005104925654192083,0.00359888568507286,-0.17785847807919097,0.1430834550206493,0.15774739657398013,-0.1578372684940464,0.17492055363059636,-0.11224094190689902,-0.004514986533812875,-0.05956664119566308,0.05207046984372916,0.016187484474523468,-0.29224742680382737,0.010943023112413295,0.06299157275335235,0.004235927024634645,0.05802267741495594,-0.08949941577503273,-0.17797456932523667,-0.25728525135239677,0.12003120448658602,0.14402040147885065,0.024044623845344653,-0.0025672995444389946,0.031698591199545705,-0.041813126036536585,-0.035067156115504525,-0.014969324741697824,-0.031481981087190726,0.08341745171220141,0.024441414471267815,-0.07823371059459555,0.12906520051601367,0.04904798900715303,0.037357788054976804,0.0005968113616635566,0.014207303043093833,-0.08648364222671606,0.16458687693570495,0.0035045558615950565,-0.26374146591103914,-0.04857438599552543,-0.0017093968642171978,-0.2817923159897136,-0.06387033158785907,-0.1468999483013961,-0.0418266394917566,-0.08046965193042777,0.02276149414177719,0.24118215274494245,-0.16429044074417265,0.13893970892176732,0.01842241056422206,0.04541400474700988,-0.0536242870977455,0.11621251922166728,-0.08889824493079224,0.012284526332766874,0.15726498924204424,-0.11680316364904685,-0.058918330689899476,-0.09486953079960835,-0.13745770220230696,-0.14233006772272896,-0.044074074374188886,-0.06247428632690897,-0.21821826301464373,0.11763632960243271,0.1819181706525772,0.034947997945067116,0.030728587319243605
results_s1/zhongwei_candidates.geojson,cand02,2,23.9,11.4,37.62405,105.25066,0.08212315052020577,-0.11914407882074644,0.24277941580403606,-0.11175381830960657,-0.026137996588488085,-0.0024156929483940453,-0.03258288221887219,-0.020989509136613044,-0.2679637603610816,0.04567380844197454,0.02880548930814497,-0.044826664954725884,0.057956396874097135,-0.06797906490731194,-0.12984017245853868,-0.204177554279367,0.05277166076972421,0.24336050911508614,0.09941803569591552,-0.014565662862376857,-0.034802447352985856,0.022056491905030697,0.012712279181490932,-0.04660200510267674,-0.22608123213455472,0.13578345815462592,-0.011769640337570055,-0.08868337672396889,0.14253832908728223,0.09261938050276818,0.13735654892550864,-0.03563592344127848,0.06560444575301157,-0.18346773459042726,0.11856584428463238,0.06881275834432504,-0.3299090330080311,0.01603653836555712,-0.11451559434718811,-0.23246601189405722,0.0677976758933276,-0.17722406784847153,-0.10341166757018222,-0.10553958058441149,0.04806468016648337,0.24154529186952642,0.00893647163790176,0.07853196920801499,0.00043568701701138924,-0.060148026305012474,0.01939725843675415,0.12000044812192096,-0.072574576301443,-0.042727424072300936,0.09242554379970667,-0.0829834832392254,-0.1594418791701888,-0.09371552379835048,-0.1239739586187534,-0.11152216548621544,-0.13698676459760759,-0.10362335499580912,-0.20899436502666036,0.009325827578826192,0.10020628372330558,-0.13386508194207805,0.22190667527258942,-0.11304802941374706,-0.04353801544604229,0.021480875173555018,-0.040387957115970825,-0.003719678193847621,-0.2613830600971179,0.01349992609385707,0.05654579607689434,-0.0675768530192602,0.044528599408080294,-0.04713014689096635,-0.1284155483261754,-0.23698889691694094,0.018883301347455382,0.1949496964201096,0.06722319021553584,-0.015192110614560283,-0.03607542351946779,-0.007990619366306457,-0.006719648540743753,-0.06377107703377552,-0.22878064690774155,0.1472051417740982,0.023457527128662527,-0.11394715909989565,0.10959992506948843,0.1303369475484419,0.13969001622131602,-0.043336460625674374,0.04603777208877947,-0.16774177235618734,0.10996948171638703,0.10753625141250792,-0.2908436129448321,0.0018954839713152855,-0.08175438191675825,-0.2002508709056575,0.07142236292670572,-0.15142104217997093,-0.06114564841160329,-0.10689487092715581,0.017570498300612046,0.21451347274824434,0.006988500833788792,0.06306624171132189,-0.013292549502240264,-0.08865154528638876,0.011624045424157552,0.11113756061403905,-0.04644202760164064,-0.027947088021868603,0.09241406045879955,-0.06441984360720941,-0.14170598923947209,-0.08762663954860851,-0.19731494327637988,-0.10843120703919305,-0.1149415657062386,-0.11136812247237193,-0.24039913221108802,0.058287496130098974,0.19734361761427027,0.10340458136914982,0.013795986622073578
results_s1/zhongwei_candidates.geojson,cand03,3,15.1,7.5,37.62998,105.19613,0.15625566610195,-0.20220344435591797,0.21443285800620845,-0.1473616100719622,-0.005778924468912301,-0.09775180400913644,-0.04768984114109192,-0.046663919465721224,-0.2587599820134401,-0.012592560633530876,0.1291358276102644,0.05649777389155587,0.06893108635562191,-0.09497792619566046,-0.1453771082993529,-0.21781177454927347,0.12725505728182437,0.21148531465134424,0.01620768532340813,-0.01474904562251938,-0.030275350966426046,0.03862272551352618,0.0053494816080393685,0.029097127743246007,-0.08522699658645265,0.09029903518788575,-0.013432830841005909,-0.08471052280870296,0.22323674346109623,0.03084821075595008,0.03897510868477915,-0.024819386878184507,0.02377393693774024,-0.12217405224603496,0.13488074763750635,0.003174102421761824,-0.28556802278553284,-0.016788115575472443,0.01464198787920626,-0.2488668908275257,-0.0986369575228915,-0.18069309105807826,-0.04373041253076458,-0.06785571506323258,0.08296689264919212,0.21758234683699576,-0.12996239632879866,0.15312900882485578,0.08524470957682048,0.030618655207425488,-0.03227974405905013,0.08454389337434322,-0.04425063958072267,0.0389536245251283,0.08731412785478318,-0.126260102658898,-0.07593124327461492,-0.18448364031610057,-0.13609665954299185,-0.21336880533511807,-0.06387170098590515,-0.02325820972367237,-0.16641402517031784,0.07490897771590506,0.14739397984917826,-0.20625797884980593,0.22019205159454538,-0.12126038985891985,-0.027980364937945493,-0.08117801357331576,-0.0634905041218096,-0.0026795326135383777,-0.22611000695788777,-0.017018648912181734,0.12524256728131739,0.05342469031830659,0.07700825878685316,-0.07354625033104747,-0.11799580559204291,-0.18382328405935167,0.07964232603415888,0.19971941933639453,0.003566471382510385,-0.027304374027089337,-0.026267207118589146,0.04285037510820786,-0.0015728063913613725,0.0546193350885682,-0.11742835316978943,0.06861022474474554,0.0058497096912987915,-0.09876474389966738,0.22776448225167026,0.034013573001791426,0.01223068776848817,-0.02285022425401596,0.028830604052005715,-0.08820772346857932,0.13949590658326547,0.059936883713438756,-0.21536388553049668,-0.014748140267049698,-0.003764863605579379,-0.25400435619773126,-0.10224086278328504,-0.16861486545867582,-0.027946924105934617,-0.06714971227355644,0.05054438042744247,0.22837745902958428,-0.10709191008189713,0.17314924222482925,0.046908622532859524,0.023843898316504113,-0.029116987237091062,0.08123254067588719,-0.04949324086378047,0.019777995396830558,0.09202240344960078,-0.10604598794690746,-0.08750913980301588,-0.17127909227559096,-0.16926567817289168,-0.18478761578117314,-0.07827939775410502,-0.02959786904907116,-0.14431451557616368,0.09323449703770857,0.08180455349248467,0.11506374374970103,0.0
results_s1/zhongwei_candidates.geojson,cand04,4,9.9,7.5,37.63878,105.19883,0.09057684298951062,-0.18751567855895643,0.33123712308247355,-0.08544582389719872,-0.0734260672871991,-0.03718317847024111,-0.07644066326405809,-0.007273039502882536,-0.26169725590407217,-0.018782422400330238,0.06266609997532586,0.013855141211643536,0.08196392453917145,-0.04353503489965779,-0.1259659049231318,-0.10873936756715923,0.032613198504636585,0.20965275008670614,0.041756100859363085,-0.06424625809639802,0.005149340855430707,0.028957200216278352,0.07084474636879678,0.010945069014418978,-0.19522694999188586,0.10628494920812354,0.01871643388750947,-0.08990254228683288,0.12580664593069749,0.12552817404869693,0.08389382970305283,-0.04821697523048517,0.07469693093691342,-0.1665982147369371,0.12987602021177808,0.05436638729780562,-0.2482182489598663,0.033602732210237,-0.09675133084508737,-0.24091010744367491,-0.05920465953598703,-0.16047902961633304,-0.09928355342632492,-0.12341732901153694,0.02030330768762627,0.25357912220137635,0.0019671545583845873,0.14069860924952807,0.09259277377788086,-0.04746047073056321,0.061115008192562846,0.13199239475551358,-0.13262691266516008,-0.05292884596491177,0.11141986937627184,-0.13941955743080733,-0.09692448901794266,-0.15771132112307457,-0.13090941162186667,-0.06535429656705159,-0.10811657077986518,-0.06928330369739578,-0.133402311563186,-0.055464647514806495,0.10917871097812104,-0.17081953285088597,0.3100287925075764,-0.08674068895439059,-0.05961035674685361,-0.01400047880441727,-0.07303387872078823,0.0028667259421222367,-0.24401702203339976,-0.005741750470069592,0.08794744044290145,0.0005211447037141672,0.07752942534804541,-0.040206765307607265,-0.12203003311916405,-0.13630603655389953,0.04005054772883819,0.21124835486875687,0.04368181906453337,-0.07120715010334436,-0.0029608080322113066,0.004541857593879294,0.052284222447010704,0.004641705456629667,-0.18013648886645345,0.11019055117238778,0.03887406527309292,-0.10527659578329931,0.12922697219667323,0.13894367198988788,0.08695813543717391,-0.03591505502776565,0.07850168189832518,-0.17084802496594845,0.10557045511606591,0.051324968670341205,-0.24261396709009905,0.022725324318542676,-0.06879511365169685,-0.24153603890180045,-0.03158681437292599,-0.16135434196331003,-0.07476532502527855,-0.13346008544079202,0.011937821153881166,0.2245374068123315,-0.026720058311333696,0.12828006601889466,0.07602478354153776,-0.04664773308975142,0.02876828115092243,0.12179479845173896,-0.09858585897776882,-0.03397655430892388,0.11423330270174677,-0.12538309005161713,-0.10941880062051344,-0.15949925879104104,-0.13671739672527872,-0.07739956907235068,-0.09577390062560247,-0.07008456382676757,-0.14449409488421971,-0.0203543318636807,0.14977284075573558,0.11207666047935849,0.0
results_s1/zhongwei_candidates.geojson,cand05,5,9.1,12.0,37.62899,105.26153,0.1302448845038594,-0.11931777031726405,0.16016605851637414,-0.10617784144926695,-0.05644697845593253,0.0190046169819711,-0.012436641762651308,0.019063015006729505,-0.2726075509074283,0.09320604980141488,0.0409727368444283,-0.019217833693119437,0.09643051310216999,-0.006356502267054342,-0.12942664993795927,-0.25113923785240316,-0.035980204309670034,0.1490671176022025,0.01180487433981619,0.02967722419026315,-0.038478126125255446,-0.044538000176708996,-0.05729851574829848,-0.10514079071187607,-0.23780266309630774,0.0920715965792092,0.05657412967183602,-0.11292260876236611,0.12553666648561107,0.06693522790690494,0.12674935618590713,-0.012146190851245657,0.032948554207034846,-0.20367295770190993,0.1311556149954891,0.17932917346484134,-0.22860322788114504,-0.012631410936644135,-0.07328434348860348,-0.15537136335305665,0.02270970829927755,-0.13871340605248933,-0.018033522262385242,-0.13342135608286698,-0.014213644564890375,0.2226488742535872,-0.056090170104222396,0.09040766196658773,-0.06710782935433669,-0.09584762973517355,0.009173340195868301,0.110025593720576,0.048444700191485876,0.01132432047136973,0.09703861705218814,-0.0021096286443973386,-0.14089164726231543,-0.07096742998145705,-0.2567778969740527,-0.1847477686813714,-0.1234679880498183,-0.1315264015434057,-0.2661826917580659,0.15429369223828668,0.11479666811709383,-0.12467733077723725,0.15525423523408344,-0.10389077642780203,-0.0735285771666747,0.04140642804078595,-0.043166181827831815,0.026593182451960535,-0.23987638250582344,0.10336111858544167,0.05619954925557436,-0.04103409615630158,0.10029536972783815,-0.025895209774575614,-0.12210508365851779,-0.222127972583799,-0.032166500317544984,0.14494040133158012,0.03053240667235566,0.01707889428462101,-0.0459613936097908,-0.04606183684445736,-0.052989839081457935,-0.0905854533251763,-0.2614723179309136,0.09958248446323158,0.05316197904875464,-0.12387274610937307,0.11221145517574967,0.12025505553478431,0.13199881238491315,-0.05889867795978817,0.05445260254757461,-0.20874380850364968,0.11028651919159294,0.1877621382098901,-0.20635160472458144,-0.005926708015681674,-0.06496463035397217,-0.14708698548517185,0.025223682405296904,-0.13363154034538993,0.0006100299114851402,-0.1486997938704229,-0.015807120801676587,0.2181977992950408,-0.016405685115332594,0.07293439544961787,-0.07429555361928884,-0.12214312763468547,0.03349729103687392,0.10349258903619402,0.03668926867150615,-0.018113973548715707,0.11376050743687785,0.004237999328680017,-0.1313060141602073,-0.05446529213677606,-0.2546214724216779,-0.1437427567876418,-0.12690977443225251,-0.12443416873751453,-0.2608255651425855,0.10612410777298252,0.17736483918128665,0.03646696824649301,0.0
results_s1/zhongwei_candidates.geojson,cand06,6,7.2,7.5,37.59701,105.23467,0.12340462737219399,-0.12813025749091334,0.24291470883684393,-0.08900247179612324,-0.016837763662729648,-0.016726442028156936,-0.016679771304501087,-0.018559331420460377,-0.29960571743863307,0.00370640495249409,0.015575684463445275,-0.0254493831764895,0.08158712179639183,-0.07467539098401943,-0.20896954265248835,-0.24614188513911572,0.06692923776949498,0.2202344765806081,0.08136931314866105,0.020669306011838924,-0.02625302259763442,0.02450836120914649,0.0032998081755238715,-0.02450049535684494,-0.11764117286380724,0.12590170165883796,0.020636694060296685,-0.10697823883183273,0.15951942839938482,0.0811133621517698,0.0868050186951485,0.006013053989419596,0.015746262185356314,-0.138546592576733,0.1621738120580575,0.03615185366803238,-0.2797999771314735,-0.024343510850911288,-0.032209048518367596,-0.24813454214216718,-0.0545695843990604,-0.14940776143471104,-0.07035615044420959,-0.09692054056695024,0.06864525466560153,0.2114529930271459,-0.101412799161385,0.10483279500207583,0.04778626778226196,-0.027724428114167674,0.009267567645690294,0.08141175805508041,-0.07838695286602237,-0.005964104087096852,0.12956379948036784,-0.12401670579128812,-0.08886010370646637,-0.13378630666387334,-0.20744120371329647,-0.14280059386545377,-0.05282598458088309,-0.08132118692257931,-0.22640697587268127,0.05347994770423269,0.11556326245334245,-0.1594398411569507,0.24810197930431888,-0.08723080576161973,-0.04378268810795303,-0.005915905792235063,-0.046441627251124835,-0.014976402533201668,-0.281459984964605,0.017922749743332973,0.042925709640280654,-0.027468169233817254,0.08129188965885376,-0.048027729696056586,-0.1733024968213708,-0.21310824549050947,0.05278117724542502,0.20804404478801966,0.06705912801348743,-0.02137674533168607,-0.01540564616407568,0.0031696755937848835,0.006430147044731608,-0.03435700771520101,-0.17328759974684038,0.1324715846805054,0.026291403866569352,-0.0988978647970922,0.14177945698882533,0.13877558218879507,0.08310936088645679,-0.03004491973369425,0.030764465696766267,-0.17473276204239155,0.13514410002942887,0.057290928132259486,-0.27106702983597974,-0.006582153415879488,-0.048911735487763196,-0.2103790027781863,-0.03489436681816061,-0.14120875403675368,-0.07284597304469027,-0.12203022648507773,0.03114710228554297,0.20194742338389982,-0.05735483998660992,0.10626418136295003,0.04549107600407771,-0.05191151220270949,0.039364876118948434,0.09235821073119393,-0.0843175326194746,-0.03164598895314913,0.1283041501620558,-0.11136067580720911,-0.10678132864439684,-0.1170236959094607,-0.20403560379540037,-0.10735810971031814,-0.05161136178110604,-0.09906719578274113,-0.20535255908130537,0.03195463169636652,0.14735118715083806,0.06552909573800746,0.00558659217877095
results_s1/zhongwei_candidates.geojson,cand07,7,6.5,10.6,37.59243,105.23296,0.15343381804124437,-0.14111385063800091,0.22046379579470005,-0.12882616533100744,-0.03603547896775957,0.008862360214817025,0.010639735329788735,-0.03858463895756891,-0.29779751055766757,0.03014203297326159,0.0121787054115777,-0.053572748860851505,0.05051296689674922,-0.05011466840292615,-0.18549927453861584,-0.27886646199039944,0.06172302522945336,0.16532188481624507,0.05683849771086257,0.012670913365044313,-0.031437663228012,0.0005895223952885639,-0.04807894186405441,-0.04193537933493676,-0.12828995354699987,0.13766132661981362,0.009982381903351142,-0.11249880507445958,0.17653442461605143,0.10118635168790777,0.08133479650354893,-0.0406001760754402,0.007878033845356569,-0.13042392571741024,0.17051465403855726,0.07293899047714618,-0.26468444260508917,-0.015989412577578223,-0.013073801293899623,-0.24255936726170402,-0.07186369659357561,-0.10153003488156101,-0.07409607300476218,-0.110112641658275,0.018850099017252684,0.1781054260891665,-0.10599786267656998,0.09504959912314673,0.009277473846024264,-0.009230922034829888,0.010436480150197833,0.06954563793738539,-0.05645292888745244,-0.011045444968142727,0.144156459314828,-0.10757618575674341,-0.08901149382944515,-0.10550139785582699,-0.23992696556257717,-0.12347195237066934,-0.04447324992853794,-0.14197029447243936,-0.276183701858379,0.11007785507100118,0.1270552073529917,-0.16085972952297323,0.22912301141086616,-0.1031473385009927,-0.054689235378020014,0.04088097110365895,-0.03709391725886693,0.005680144357456838,-0.25235768058222974,0.00675115324751718,0.05999516233710434,-0.06333353923461146,0.04406218069570161,-0.010112782455481802,-0.15031117408391295,-0.24935290247899297,-0.0034643194617071794,0.14444927102920865,0.028293773217675847,-0.016947289226348194,-0.03011162106541549,-0.020906683788555095,-0.015609270814215485,-0.061928371761543505,-0.1603962097430047,0.1507441286145284,0.05563972018435527,-0.11983841242227718,0.1258941754146094,0.1440208004946087,0.06707016719230355,-0.0537697033595416,0.009857052333337835,-0.12843445827414313,0.12757030171438957,0.10579678457594405,-0.22989068235249682,0.0013443341231721587,-0.02598140829351567,-0.20422813707648788,-0.030317038238573055,-0.10941886064085604,-0.049555136209087434,-0.11979581916585517,-0.03512123517963384,0.16305172467294757,-0.030595069716577078,0.07373288372101995,0.01880222900914613,-0.06878833156748682,0.0414790869385901,0.0834296074620945,-0.03813552322099186,-0.013719262668921777,0.11545768272016076,-0.07871875926345963,-0.1263208180576115,-0.09939529488301893,-0.2676763200641354,-0.089221129974889,-0.05805008696001892,-0.13607785084907692,-0.2467723060070824,0.10687563697873952,0.14767847222222222,0.06829024740945722,0.0
results_s1/zhongwei_candidates.geojson,cand08,8,5.8,11.0,37.61794,105.24976,0.12058048329369112,-0.1843974823834737,0.07643805361499831,-0.030314546079652397,-0.010614939612261894,-0.06265915989693153,-0.03748844391920584,0.0076235956930944294,-0.3144991789630426,0.08915231881728747,0.029290747578986226,-0.021232761132648697,0.09689745329589153,-0.11360538085745586,-0.22232562058516037,-0.25365966403906726,0.06765797657573827,0.13626205264737273,-0.00602050041636796,0.07359170521890034,-0.0824909889228095,-0.056602102463213115,-0.06829647649013766,-0.003267298768591597,-0.13953868757085702,0.14249155661012433,-0.0044436593993740356,-0.06494583252942933,0.14928895757393967,0.01452616456769396,0.009379636672447107,-0.02596207209449897,0.036341385671035176,-0.13719697228317834,0.21988735753957167,0.11245333616665561,-0.17180445933728639,-0.07835523340579022,-0.03476324562180749,-0.14952392642209836,-0.0671222792083115,-0.14242538523785403,0.00614043075448585,-0.07324226554801579,0.017407804191859392,0.22186605213236274,-0.16612388855070576,0.14177212801042094,-0.07279831105352409,0.023098613807306212,-0.04812652318241929,0.0973539020256081,0.030631100800682043,0.043777966751167706,0.1413020394422498,-0.08644252479188956,-0.05302441937670235,-0.05849921885458348,-0.2658190148911799,-0.17136689004651073,-0.07215116797190001,-0.09964650213196,-0.2876744037077654,0.20419940298217407,0.12309981408577023,-0.1688625038274911,0.20303189562030385,-0.08306661310810452,-0.06442806010289644,0.06443159774450262,-0.08342557656397205,0.005382391015023433,-0.23746841713479713,0.024852121133098877,0.10663941064588348,-0.0804324815619812,0.04042383013335206,-0.02989034206531749,-0.13352296080217432,-0.20477050215896225,0.00043648981762591015,0.11745622051827243,0.031635930097590526,-0.04325759650792269,-0.04984200301087388,-0.0635895444687265,-0.03960198670226468,-0.07036883222591019,-0.2456619924987719,0.15107428227937916,0.08068535751927917,-0.12977413148920816,0.07036575686802492,0.18151188967059476,0.12899180033071336,-0.05833632377708896,0.05105290949761397,-0.19107044058111836,0.09017302672274959,0.1481672919079706,-0.21290871696484243,-0.0032976625507429172,-0.057411500742564216,-0.1424997638630095,0.041101870006129256,-0.11578755494860832,0.010206568998499357,-0.15711922024330177,-0.03200408669785228,0.17270913687149267,-0.010798336164251413,0.050060862746254875,-0.031403570442727936,-0.13150200916460306,0.01673373425126647,0.08153716942112453,-0.020710963475311827,-0.020776037577746986,0.11469716681760488,-0.05465600938044955,-0.10770902756667977,-0.08175577032858375,-0.24807958337240735,-0.05124986598139405,-0.08130820843854071,-0.11103972120557717,-0.23588378743441374,0.08825491493525708,0.1600370370370371,0.022576637052596063,0.010416666666666666
results_s1/zhongwei_candidates.geojson,cand09,9,5.5,9.8,37.64741,105.2026,0.13121882815612246,-0.1252831776172009,0.2398738863482721,-0.08125321359482876,-0.02720250749823482,-0.03558266143381858,-0.0053065099144769465,-0.028106265126975324,-0.3222315980212826,0.034674957041966235,0.019397348891606433,-0.02076299538934545,0.05548684474869541,-0.0865855487345124,-0.2001823556651206,-0.19620322602831491,0.07360893415268928,0.1705773072464179,0.061019028226210026,-0.009569998209865592,0.016569165929164825,-0.07107145432165687,-0.015583783922388196,-0.02686603827436794,-0.13366673895902065,0.12751904192581076,0.00024727340001644103,-0.09223436366313113,0.08897160987403317,0.06348842639356292,0.12652273730324598,-0.024538659674198764,0.0850630848641139,-0.14148781754017004,0.1703823003395025,0.04325390360737249,-0.2954401622607873,-0.0015490636223038467,-0.08695950198316704,-0.26818329474679026,-0.015718444207836753,-0.1432390019565266,-0.0769018740334892,-0.09088627310389741,0.02161914390995233,0.2621725534609947,-0.07803259865929241,0.10146663244562323,0.015970937355440265,0.009722720560177077,-0.020364418326535055,0.1390047360678056,-0.08636861735401516,-0.03323870336114711,0.13493381607051835,-0.1551720121070921,-0.07179184339351335,-0.08853228963943532,-0.12043876873580166,-0.07549496545663648,-0.12080090470086419,-0.10944396348061877,-0.2558294609794234,0.02427216369736808,0.11986182127915458,-0.21162934552495957,0.2455403885170311,-0.07989418603514205,-0.072474810585817,0.010507802556556145,-0.08737195694653373,0.006809294434135201,-0.2651200162052665,0.007411975772710985,0.10834821072577709,-0.05298992605159905,0.05009993504728456,-0.03138252226677516,-0.13332375964107598,-0.16701949666258684,0.02591271615091145,0.1677606631356067,-0.004321148103132475,-0.05643301753402566,-0.02410939694425321,-0.07050201926005975,0.02900524255339473,-0.0480335064093209,-0.21003706596133573,0.15975513881995515,0.04712107983714092,-0.09068301603039834,0.08089688977881879,0.16880270165687453,0.08358149290480366,-0.05980412114402812,0.06518409906722325,-0.17086458104109636,0.1276942385399728,0.10269406201416895,-0.24599210422651702,-0.007801764928504306,-0.09087902658960283,-0.18509044664373897,0.007422193249470424,-0.15278152166104952,-0.04032680566988297,-0.09400446608906012,-0.016277681316946624,0.21330979246124393,-0.012447170577671269,0.0950438786278882,0.008494222537692856,-0.08755644453216849,0.02328770524138678,0.11454416970948125,-0.04449130120937721,-0.019921224261766495,0.10487379466737158,-0.10063646923646247,-0.11522546250931544,-0.09159388905549647,-0.18184751948494376,-0.0419692322403057,-0.09439490064579786,-0.09020523466540639,-0.2005814856044881,0.051274289775028195,0.19868339416058395,0.06720852366744223,0.0364963503649635
results_s1/zhongwei_candidates.geojson,cand10,10,4.2,7.9,37.58443,105.20718,0.018149135725154242,-0.24086315147025503,0.17191072231382232,-0.07431457769507076,-0.11733939783427402,0.046136917569532164,-0.12382492187935454,0.16084453279234798,-0.13451886319515177,-0.03639298674720691,0.17311843956139056,-0.06308357782659488,0.09763254799696203,0.12086213713859918,-0.021050953121600866,-0.21643181850958926,-0.18072965941256444,0.03139698507503066,-0.10294544836736895,-0.031426742214548865,-0.017430428664168367,-0.09213077983972986,0.05950298964022662,-0.06044871256786019,-0.1304887022416314,0.16440305127078775,0.08895323563324091,-0.11983653911062374,0.12790300328829576,0.17459857584893604,-0.06492104281864218,-0.09586639320643385,-0.04434682557521511,-0.06587606229416174,0.07813292624481792,0.1855887327067565,-0.18913155654532848,0.005224053615294509,-0.008741062521363077,-0.1581358170260814,-0.039034838487030335,-0.09050318812561711,-0.0023389260037702322,-0.08052765711803886,-0.20269216284576713,0.11791745687483587,0.13591752038248625,0.06036733323797596,0.0330528859798164,-0.12135982990182574,0.08321509878077786,0.10541904896302347,0.022586034718858592,-0.01009380233445297,0.06851094290217745,0.011745374741984184,-0.16561879619234218,-0.06864455839366956,-0.3819842802256842,-0.08332282259336149,-0.058144145929708055,-0.1405431132044972,-0.191521713332798,0.1292017059574685,0.01190044696684656,-0.1447929436328357,0.16375137095891498,-0.11211489175427714,-0.13745593488102378,0.02579044994072621,-0.09789952568858473,0.1594947918804789,-0.08553476614537912,-0.010092639701950443,0.08486351316288214,-0.0009979913060055381,0.09983581887207885,0.11750093197476627,-0.012880197480467167,-0.1688207947219675,-0.18981462917789937,0.016923383368772176,-0.08707046500395539,-0.042028223343446296,-0.03986188015490915,-0.02705234160042981,0.02507926317520347,-0.015276400851678345,-0.1677999988467007,0.07660694964968404,0.07068844434691121,-0.11373596989104445,0.1307381900394125,0.09589667015370949,-0.03876505306682997,-0.12473916524448347,-0.014269474069413196,-0.08847294875882572,0.10325644994211165,0.2197271860104006,-0.179869644904645,0.060767908822315676,-0.03694914491659038,-0.16830858200011403,-0.07569894346165656,-0.04085567164097994,-0.02776029971883468,-0.13537071261564224,-0.1980926944866841,0.15853514910539196,0.12937222963807632,0.06371271335383928,0.022770649395037156,-0.09243135611359918,0.13363072909922988,0.1353312601539035,-0.025946323324964878,-0.034561570325164916,0.05808862597853354,-0.010009507308795561,-0.1475884459089489,-0.08346789723234184,-0.3662127094349509,-0.11146014557211356,-0.14447896851053643,-0.19802444687347806,-0.22587865032642762,0.13437472719085736,0.09156059523809523,0.25030258884005785,0.0
results_s1/zhongwei_candidates.geojson,cand11,11,4.2,7.7,37.6271,105.23782,0.1323922315222164,-0.177369510641204,0.26602693982828557,-0.06992316898006358,-0.029114486096343425,-0.05405775264860151,-0.05630392886358652,-0.03693012846686539,-0.24117163338319644,-0.007434352360008737,0.11513204075608124,0.04208071152265868,0.08336079993276813,-0.07492268933450945,-0.12839099267357593,-0.15922594747734967,0.06964541273559861,0.20580915437937503,0.006378915449411264,-0.060773430893063266,-0.01877890503671618,0.0369112641662232,0.031795111399457746,0.025758087748497437,-0.21344022933241844,0.065680261002608,0.013906410613444697,-0.09151135906620946,0.15493212020641492,0.10519051085151934,0.05886692970387304,-0.026207023842243275,0.05201140046290471,-0.18560563157414248,0.14181770595702842,0.08389765778121486,-0.2100402037736944,0.010618724547444473,-0.04209806729288899,-0.1787805848748189,-0.09878233246894862,-0.1429213314653764,-0.06871577447719637,-0.10318634893756243,0.046911915678775,0.2414756048180223,-0.12193308392403733,0.18536872837869633,0.08137061621501764,-0.003965177301302696,-0.00612694229083351,0.14602085520922162,-0.10142288455656226,-0.016041323761643952,0.1258046914305038,-0.1404704502303298,-0.09455748594713641,-0.16461755534049413,-0.17888253596235038,-0.15592831022429338,-0.09376534640053064,-0.0878945244484919,-0.1942590810534509,0.0808471101391318,0.12210082323892953,-0.21909160298533994,0.2173220340570243,-0.0752965552303134,-0.052647322734788886,-0.02716967816450495,-0.09834257071737575,-0.013533546401995607,-0.2435868007671863,0.007319327169818331,0.136469791206816,-0.011738460607195439,0.0409483992870018,-0.06058941229772826,-0.13067815023161855,-0.19163278648572182,0.05246225622050668,0.1896912640161146,-0.01935895861102763,-0.030971127809352572,-0.04362693649414877,-0.016962193582885036,0.03557414929362666,-0.020855378476462662,-0.223362962727371,0.12929731924117516,0.010802050187579213,-0.08001743913205389,0.12581889636525703,0.16340412259452652,0.040607294616714806,-0.06392686172312019,0.05482667787514003,-0.182691382450201,0.14089531145529524,0.09305262955074416,-0.21768655432353717,-0.002901450104497446,-0.05408533692954035,-0.15549672834220826,-0.05389341921392405,-0.14406179197603902,-0.046925478171075966,-0.07323338838994879,0.028018791941762607,0.20130102875291916,-0.051968038298132485,0.13724376039243794,0.04959210331308317,-0.04882937278266628,0.026819457275824604,0.1161091792192023,-0.05784195317127582,-0.0068541138913432356,0.13713112768122687,-0.09713874913437165,-0.10798946230309556,-0.11549753906525015,-0.22476499897724142,-0.114167544351284,-0.0811962722284286,-0.0954886775436842,-0.20157024740266427,0.07930823430414093,0.1275488095238095,0.10166564144854434,0.0
results_s1/zhongwei_candidates.geojson,cand12,12,3.9,9.5,37.62261,105.20386,0.09796268144842532,-0.12878640193528584,0.2274652013910895,-0.053651263370602095,0.014948904911644788,-0.02124692673304081,-0.04706619037251603,0.04950268742903102,-0.34967602718885465,0.0553886084051595,-0.0010475338934953237,-0.0431444497838715,0.07870473075631584,-0.07553517016335212,-0.23191648784540428,-0.21210874205800187,0.06894963178329973,0.21838562735558686,0.039039092996118074,-0.011828991880539005,-0.03929897046865355,-0.005502625228941326,0.032671243423423264,-0.00851344454460066,-0.09872168107984348,0.1881049897241203,0.0311711536951592,-0.10106928506670305,0.07790994785436622,0.0573810236699629,0.02400019804304007,0.01084189627361531,0.06399210691728767,-0.14330287238959596,0.21017865729216084,0.005380488033218938,-0.22451019466981997,-0.026488843450221067,-0.06302054279422911,-0.24502745362054,0.016276762399668594,-0.1835440879174296,-0.04754576137472554,-0.1074158114513914,0.05330684491690946,0.2610596705821242,-0.03830287662469968,0.145104419679156,0.058867591750765814,-0.05368685230580704,0.01701301712674357,0.13251217324636397,-0.023836631624139765,0.004865739779851636,0.11127852012753839,-0.14659240180516425,-0.06715018382667577,-0.12855742889376676,-0.16693505046493698,-0.11034352428744909,-0.07551969749149373,-0.08508354748974456,-0.14387454299434976,0.021463334461469082,0.09685454659928514,-0.2119136127839441,0.22833602273783354,-0.04803984592965827,-0.018030657057193016,0.006728510925624813,-0.1106428215164357,0.049021783729036116,-0.3118587523510282,0.02993405029329213,0.05535913365963802,-0.06674132630521261,0.05079498367817636,-0.049613086194555386,-0.1834909049774435,-0.20235276022320095,0.00807991365324488,0.19400316024498218,-0.015606899085964627,-0.019200008447425844,-0.04591903548379154,-0.03326011133740364,0.04141030424198671,-0.04072810414213492,-0.1539341947300645,0.21570011057510083,0.04902167083536309,-0.09968313726372215,0.05937229146866716,0.1330452336289144,0.021093674079414523,-0.013104395621912106,0.04230575637408789,-0.1512323297614379,0.18677802574022956,0.0568795710449573,-0.20532683976668434,-0.027663210623968322,-0.06830615608947412,-0.17128763851061185,0.026092649819840073,-0.1715631398397208,-0.026370999264240302,-0.08856285274545216,0.010761122117662392,0.224662951924613,0.017246840401956776,0.10827370908080224,0.03883660838141876,-0.12854023611014698,0.055261120685973254,0.11929973002812187,-0.004125741318352031,0.002199121219651744,0.09826793873312102,-0.11409357087835503,-0.10090446139264461,-0.10345854981737924,-0.22870657475766917,-0.050151607928040326,-0.058184681094805235,-0.08720988832202364,-0.14912697947689235,0.03561324040050147,0.17416313775510187,0.11195062127665568,0.0
results_s1/zhongwei_candidates.geojson,cand13,13,3.5,7.5,37.60267,105.21545,0.08969206502216887,-0.21091069371207785,0.14329852151859065,-0.11128146107246455,-0.02405560247497964,0.04434931775000981,-0.14167744150858338,0.05323142082726857,-0.3511240113150148,0.08204076954249964,0.03269487427272896,-0.10321247880832657,0.061187880880614436,-0.04376912957674203,-0.22488200204463196,-0.2458009430244727,0.00726814139132478,0.1124216641448475,-0.02297817519409217,-0.04049316327240203,-0.1106362641587556,-0.03448124366048244,-0.041873864921615794,-0.020072354068201806,-0.20144249908678985,0.18946062549107529,0.019242743195684375,-0.1139194357519617,0.04293088105406445,0.13439318605270162,0.030821601479040922,-0.047121013587449585,0.08262392986545236,-0.14183637478308758,0.17936733305037805,0.13255549720601628,-0.16895705138196493,-0.042461752036838545,-0.046461590256745955,-0.1316404817913468,0.03668244022569281,-0.11991573239462519,0.008949480329411124,-0.15030849769119664,0.0009468880112478724,0.18374024511602355,0.0159678486045268,0.07997977045451092,-0.05704841045463883,-0.11486861554127993,0.06493368470946331,0.07923699648543939,0.002374565995327242,-0.031119131055463246,0.08018798207310318,-0.10982939202177955,-0.08779449324224414,-0.05341198275731147,-0.3119398932603086,-0.06397053172416493,-0.057177962418100824,-0.131666269410214,-0.1782085220701137,0.10456782254706129,0.10038187961195708,-0.18120875263336755,0.1595027320779233,-0.08701767142010829,-0.025821994898431427,0.0802477070440623,-0.13551306452124653,0.06443027623272184,-0.2681169024803658,0.05878943396766899,0.08117087312374423,-0.08843125382331643,0.027932477516873434,-0.02336863298653033,-0.1622884696945809,-0.23525692784806493,-0.048318786500017544,0.14603353936375127,-0.04546635928502942,-0.0282827095086693,-0.0820319306687575,-0.048086480383446,-0.01999708717369458,-0.05111278873428461,-0.1985963632561676,0.18215845847516512,0.07870377841142993,-0.12867377418561204,0.01967472748519283,0.15301325722919523,0.0648604299155702,-0.019352355739712664,0.07424795244890982,-0.14530138130877535,0.11477559839376617,0.14174188376823144,-0.13980385417085248,-0.03174587600655933,-0.026854030200073264,-0.12880060301213242,0.052106419814933344,-0.13730072565911036,0.03794790317709878,-0.13348807823095823,-0.028434524707572215,0.17846257807996985,0.06858673271401046,0.0356775276743235,-0.05145675403802074,-0.16180405951075222,0.05991562897757981,0.06354020253985138,0.05991197090992783,-0.003607971495063129,0.0736304880186949,-0.05228585431663166,-0.1374721947131043,-0.08379086051713197,-0.2881000131654497,-0.046039311997516444,-0.07152734888431288,-0.09850692487195797,-0.19554874248052145,0.10302064922911647,0.1704730113636363,0.08635366820270965,0.005681818181818182
results_s1/zhongwei_candidates.geojson,cand14,14,3.4,9.9,37.61686,105.24033,0.12313713727305776,-0.1684050096104092,0.22689607115628058,-0.08168327983136107,-0.03872804287113233,-0.008276372176314988,-0.07668763913293686,0.0038951174671633193,-0.3239346254356907,0.06679864885304793,0.03794342995908432,-0.027290260953328573,0.06398570706541842,-0.04847423933415906,-0.19105520925350783,-0.20409192596487996,0.0792426130647099,0.19555283219073472,0.04531709747613126,-0.03342691479716623,-0.02190648834636393,-0.030806303937486894,-0.015611413941607727,-0.03492753228497852,-0.18137334045755346,0.13914839998481063,0.006234909777992069,-0.09042024843480043,0.11403538098403485,0.15228011226400218,0.0443282705597742,-0.06812186149784809,0.07063603354316031,-0.1850540818060435,0.1452152052745823,0.07323736349133837,-0.2468178735072476,-0.005242252250835453,-0.07158398953000482,-0.20430687744231818,-0.03656152560595824,-0.12867726170653715,-0.07742040327023694,-0.1312132948277676,0.026598735975150643,0.21776239907727804,-0.05571249808373567,0.13706358877856073,0.036478078127838834,-0.03240901819885345,0.0474962163768329,0.11740015064171051,-0.06745157109382222,-0.07497637129409822,0.13638501576546944,-0.11071166125637652,-0.0782009528708293,-0.07950436038836464,-0.18850828011584403,-0.09664831527921457,-0.06659623763953569,-0.1235509634254662,-0.21631913079400664,0.03880549638949589,0.10825532387361923,-0.18794710523466776,0.21642202128726057,-0.07916068315598314,-0.06732709299797873,0.03867079957619805,-0.1081155623383459,0.014103536618623257,-0.2586746842190537,0.00949530244383485,0.0963435160898748,-0.07624713728683008,0.04120970542497223,-0.017184559784845236,-0.14241640749400486,-0.20500053862105602,-0.008538883201006174,0.1491028376978726,-0.003266323388028497,-0.025254332849709044,-0.037770750844417375,-0.05121492235612443,0.002421927573500514,-0.05765271219004425,-0.21667064323223928,0.17580204438142957,0.05779925019423576,-0.11935972328497209,0.09426920890562272,0.18787818467260703,0.07339899594654928,-0.061700405351004295,0.043322190226048295,-0.17702796507896432,0.11890011504329837,0.13767124491716531,-0.23756050916643892,-0.0010189892664066722,-0.07157301335961287,-0.18772561935095447,0.014438621069600924,-0.14514931064066353,-0.03425238219110505,-0.10184055564825356,-0.023767827305108933,0.19536969298012957,0.025254677827879147,0.0697868974104614,0.0064218136204486145,-0.11120405937821817,0.04300395590057046,0.09504449912434268,-0.017147501778991266,-0.02550575058794106,0.0997238299678093,-0.06393707896113451,-0.11750501812921191,-0.08378591279792674,-0.2610998606636728,-0.0628786141955436,-0.07725705823360637,-0.11221921448667982,-0.20969529949522622,0.0723455418908742,0.15854141865079371,0.05596001878121017,0.011904761904761904
results_s1/zhongwei_candidates.geojson,cand15,15,3.3,9.6,37.60878,105.23063,0.10521304570585352,-0.036926421051197984,0.21212986114348056,-0.08839624616995102,-0.06980817737398774,0.04970317228217501,-0.009172720927034106,0.026922347473080404,-0.2285623415062572,0.10693532716791432,0.032427891561107564,-0.038085376084739664,0.10829921559803816,-0.03493223863993772,-0.11437204012605527,-0.19764826344151312,-0.037942392277963935,0.15908089693911306,0.06833308812579793,0.014152849525758406,-0.009331525894842867,-0.060409121259953666,-0.05155262150512925,-0.07374549043521172,-0.20497269884237107,0.11404369860432474,0.10255265839815354,-0.1339249363147757,0.09704480226202196,0.12546513951285737,0.18310147314421207,-0.03980761918317055,0.05672378563605586,-0.21876521669408716,0.08818329221711287,0.1502975284934673,-0.22973562407683526,0.0005354053785681451,-0.07619210792354103,-0.20223819555898787,0.04933506046395823,-0.15894551424623812,-0.040564242040489876,-0.17654434359285487,-0.034292558357315414,0.27626267142708155,0.037002350347795046,0.025857227321068352,-0.02164800308034372,-0.10968797389073642,-0.016081136008467625,0.1339459672567696,0.0034871618989306325,-0.016835748611572277,0.12096929803444585,-0.043657851919329214,-0.12515467032758,-0.10643661788027774,-0.21044440876626874,-0.1814311667281445,-0.17955770443035352,-0.12477512103245747,-0.23890815318571917,0.05122415977735795,0.10427604195837203,-0.12199945446957922,0.2500769543280002,-0.0909735122654253,-0.0769392107330612,0.061200851707693155,-0.07158763085258647,0.028085995739231553,-0.25015362506300337,0.07252101808163788,0.07184278258140912,-0.06164261423095739,0.07606794483345973,-0.02067569241972912,-0.12299341622625376,-0.18016555451232052,-0.03385232502959908,0.1518619138274421,0.05769812510467367,-0.06058370630302589,-0.026613840605624085,-0.05662867253824213,-0.01912750895268631,-0.058459140329858425,-0.24373423782670328,0.1284476757738306,0.09022958801928764,-0.12842597075581266,0.05611578663413402,0.16924350126877494,0.14313745469678707,-0.03720070931390598,0.09121999461159298,-0.19675437901555787,0.05443528353858079,0.12936998779988995,-0.2219456037050105,0.002457097980013593,-0.0760969546453894,-0.17475268154366136,0.06737049146492037,-0.13638530178178696,-0.04135929880726912,-0.1875429891017133,-0.038714308856295364,0.23205720287505494,0.055894169561001246,0.03791804642732779,-0.011771922779771044,-0.12508455693038964,0.02129434777193412,0.11326248850374974,-0.03665700518942473,-0.04200137731254037,0.09756398464410146,-0.05769563734235899,-0.1318827647645416,-0.10431915059300509,-0.20370547107172998,-0.08742906259209543,-0.1295357325014001,-0.11012159551527444,-0.18143787776849038,0.023768826174362247,0.2167317581300811,0.03196739973045842,0.0
results_s1/zhongwei_candidates.geojson,cand16,16,3.1,7.1,37.62243,105.2,0.1418689129273378,-0.09417939966589352,0.23003793773972406,-0.08194343125580406,0.0243651291018638,-0.02453706728207042,-0.004645049003106922,-0.021801375647996838,-0.3014332335814577,0.020498278014807744,0.03943618910853734,0.0071488781362002,0.04955804742667343,-0.08522843214685387,-0.1817462202138561,-0.2297494980882664,0.07534213637203463,0.22276335533174085,0.037619023395624035,0.010088182051671878,-0.020119822751479145,-0.022125598569986055,0.03916688381561816,-0.003317979084564585,-0.11183618324651456,0.14665756295158094,-0.021159309628227093,-0.11941721967932213,0.1484483834425215,0.06509953188998761,0.09003515535647055,0.011540623826306922,0.07466923496143026,-0.18184644610150474,0.19074716259635638,0.0535698445398893,-0.2620386373468997,-0.01919119906446718,-0.05836469539527717,-0.24252918861469236,-0.018402913610739643,-0.18948501857620395,-0.07537866118525975,-0.08716915677182625,0.062065295167473354,0.24324085225182168,-0.09333960512244269,0.12329145295174505,0.0549687648313533,-0.012052615586489073,-0.020348813692304568,0.12990044965135275,-0.027384667936782278,0.021175641466792544,0.12246818202514256,-0.1426022219399885,-0.0844837366182908,-0.14796117710761178,-0.15787967373463924,-0.14326717605855266,-0.09192861814142336,-0.08398917366845184,-0.20607489354267672,0.04416551571729306,0.1132350404215065,-0.18143308889172224,0.24937141719200784,-0.08125943646916316,-0.034025902760375065,0.018481787807197357,-0.09571237904988777,0.010033751144703468,-0.2770958886456146,0.026136169032496475,0.08917092562191602,-0.05103618388309676,0.04975243712458209,-0.040536304645473115,-0.1524439868144691,-0.177581690152939,0.028887107414684,0.199690572719798,0.0025635656474784717,-0.05662062783459726,-0.03269893542305327,-0.03306561827897659,0.03866627447995101,-0.037953553480335106,-0.2018156898919947,0.1740827634397302,0.03304860714742462,-0.1080901191045709,0.08341275588388483,0.16063545630408527,0.08033923916917687,-0.02436260074196117,0.07321804901211064,-0.1951869786866383,0.1297603927729414,0.073843012345054,-0.22265412455858377,-0.0028147362504006147,-0.06150874384280501,-0.15431831469509535,0.03323903517489029,-0.16537484647809453,-0.03761784661060221,-0.12683387957244546,0.008156411874555281,0.20821489321291609,-0.0035989736597206493,0.10744500702875344,0.04038243644888984,-0.11529178496920982,0.038604487438696024,0.1181894942176645,-0.02558512924130846,-0.0009047374814000297,0.10239596341898488,-0.0979374996573509,-0.1136798876952806,-0.1298696049117331,-0.1901501127366537,-0.05817559064870744,-0.08010409638294273,-0.08610001360381707,-0.14719130628142266,0.032892227548606975,0.1714920405982907,0.043453663731247656,0.0
results_s1/zhongwei_candidates.geojson,cand17,17,3.1,7.1,37.61057,105.23377,0.09826441681642643,-0.14548604370781662,0.24467239485377787,-0.09994693731338168,-0.04192890130667967,0.005007020492183957,-0.10193357667970611,0.010824809808622519,-0.28394219589371816,0.042153493119840936,0.04107948401080768,-0.03722320692771043,0.07900012296630665,-0.028219900711700472,-0.18298522200101727,-0.216815677758138,-0.00481484971361062,0.19741383299500428,0.012028290786080137,-0.015597162059761886,-0.012451874147653523,-0.038711694808656015,0.03735504701243423,-0.044538133485272566,-0.22301223079182142,0.12663516216503373,0.012850279226863697,-0.09175290635972694,0.09701504461512674,0.12738945951616878,0.15042896635430542,-0.05537975098020193,0.08985614668414639,-0.1961183777596869,0.10181292552188309,0.13140698246261984,-0.27462756897561846,0.010292802548543437,-0.07071866237721573,-0.17197998019655844,-0.010661789061778587,-0.16791780128379516,-0.05522409318662604,-0.10634372994035197,0.0061247955683154075,0.2468495656610428,0.008012857291806876,0.08963283616295704,0.013547690794900206,-0.10542818161092514,0.037120649863104274,0.12708117197232,-0.024192810273698236,-0.02162262808935663,0.08598147884142751,-0.07686745979215164,-0.12678311174702575,-0.09950524707124644,-0.22671509809659907,-0.09527452072111739,-0.11053466207274906,-0.09936367070201713,-0.2040720347589449,0.024204073367200298,0.09761473376086893,-0.17204191433018962,0.24694479700536917,-0.0851390384694956,-0.07313397311383235,0.05615921771834318,-0.1215388050870852,0.044864328027963446,-0.23089938630682774,0.03943890395631305,0.07953677542878335,-0.06582255771159522,0.06944907938568805,0.0038387194980126775,-0.11514606291767485,-0.16993425233508758,-0.0672965237497473,0.15723337872198506,0.018138105238926096,-0.06576195209528626,-0.038799499810894804,-0.034579900707250956,0.015156659731240498,-0.04797024885859194,-0.24848548370791218,0.1565661103287175,0.08180426425057502,-0.1381836127222249,0.07360583009736928,0.1875860260524052,0.093876708244276,-0.04816848466405889,0.06566920897997104,-0.18034276242929273,0.08554756188759388,0.15323941811976033,-0.19142905967376242,0.013547104270990987,-0.06263399566551588,-0.1611974247038421,0.045699662473695515,-0.14273051994846175,-0.021217130600418042,-0.14509882536824295,-0.04933098315056456,0.21571564977898938,0.07569738913578894,0.06298282059468373,0.0038008005934519664,-0.1665473285344663,0.05988180756330811,0.11006664526034786,-0.017512175488113745,-0.027602282206289554,0.07015474283962861,-0.054914942115248354,-0.13528639313398383,-0.1117703622087163,-0.24411696026268748,-0.06165240788070825,-0.11770825943894614,-0.08868193446704739,-0.16220476824118465,0.042219525870628334,0.17817591991341983,0.06501701027620327,0.0
results_s1/zhongwei_candidates.geojson,cand18,18,3.1,9.9,37.64031,105.20781,0.0946168927352576,-0.12949781781173775,0.27209140404745896,-0.09956734263318755,-0.05682732704901586,-0.002609080933151522,-0.09065463698608796,-0.01813492561648893,-0.2722165963710887,0.041530280719122806,0.062456277824983364,0.005368591031778798,0.08014330062683239,-0.03851905408561401,-0.13752425578102892,-0.14894719635977982,0.04618610991718955,0.25151913686524174,0.04884209579100025,-0.04677405777538689,-0.027208822899097866,-0.022679124225730467,0.06722088977538664,0.003141294023731085,-0.22819300157284478,0.13835494463199677,-0.039009899411328354,-0.10407139032690738,0.12344517850050263,0.143280883707437,0.10938227048908832,-0.024436152421436732,0.10164532762526184,-0.23191986855342886,0.12762825661582344,0.06953246638249973,-0.27783671732009774,0.016683155326776385,-0.09778783340150154,-0.18725812830516367,0.0030576356313683386,-0.1688369670010941,-0.09248620742970563,-0.124785430683262,0.0271852093751787,0.23735088446780828,-0.005284336996775236,0.1179724088039242,0.04277356330252082,-0.06612024954422871,0.04180899545971076,0.1229724529818185,-0.04286742431196285,-0.020738880955242067,0.10526605006469074,-0.12729190514141697,-0.1335244694326758,-0.13514104100342908,-0.14892848346651494,-0.06850097438220572,-0.1161459920751728,-0.10673454947646964,-0.17189279269688432,-0.030505960556601843,0.11560531324807959,-0.15057343433067033,0.2832700113915346,-0.07979252780743405,-0.06989386129329549,0.060309123578321494,-0.09099675112677551,0.01517448780529802,-0.2092668908019202,0.04562803737419414,0.08076397942399553,-0.05112663752193042,0.043688416124504977,-0.02997839228026182,-0.10974067730303112,-0.1361699687715141,-0.01409335947023403,0.1737783939922606,0.06861786732275987,-0.08212316723631292,-0.025373592577521236,-0.034740736103641943,0.008755461487559594,-0.04083201897816885,-0.2633215615336588,0.1324059323361848,0.07105257545026404,-0.1275499835980121,0.060085121595551925,0.18489852513242372,0.1415856959472448,-0.02535320475690733,0.08608456229381482,-0.18945928347443428,0.05789838741132062,0.09955302508342741,-0.216684699786881,0.027152337559677598,-0.08205070543529479,-0.17195860285850925,0.05369443949316075,-0.11627522301047978,-0.02673195798345735,-0.16977443053775715,-0.029520327014260373,0.2076391369467909,0.03236593666569851,0.04033095275331649,-0.007024399713593383,-0.14213615250546952,0.04455300576082085,0.08992024635372274,-0.06645453390184188,-0.03541409715114678,0.11009888280008505,-0.10051651677813823,-0.13828439722970592,-0.11108962030676645,-0.16187694876913286,-0.0012725982375411103,-0.12215485234286606,-0.10427046869281022,-0.182009344794578,-0.01544072673393817,0.17796082251082243,0.10579619754713786,0.0
results_s1/zhongwei_candidates.geojson,cand19,19,2.9,11.0,37.60914,105.22793,0.08219473468129063,-0.032037899685884996,0.2896420718073803,-0.08846123671683294,-0.019612628360709934,-0.010326844700764648,-0.002025336236437099,0.050916736664306676,-0.32802222379513113,0.03941770147763277,-0.07842945948266779,-0.003186094360591139,0.08782885319664628,-0.07063434581986373,-0.21285986219911987,-0.19030463088017738,0.036054957946108426,0.23306214722644072,0.1045372447867504,-0.021907804140624963,0.022503780575893074,0.017850006262862605,-0.012427363421800508,0.027054090736251157,-0.09632068618723263,0.08837348886460474,0.03111879662499803,-0.14877037212657215,0.09058114185892122,0.05285767802978209,0.11170459646800128,0.011279945610602889,0.10568173161661212,-0.1059020513864201,0.11195601379632869,0.013797413050910519,-0.23632752642247087,-0.012394700627175015,-0.07860962020453828,-0.3013285926116892,0.008476889077893708,-0.14067306814985575,-0.09217784637194837,-0.17014848706950644,0.03828736826968455,0.31204495859381454,-0.003077891020819747,0.1043146845809474,0.04865283491560926,-0.04440575088717494,0.0038648799701121775,0.12573449055944602,-0.07956739124694144,-0.055003542561538304,0.10702622339538205,-0.12910715748327678,-0.08856335558487811,-0.12207975632445227,-0.12410450687613725,-0.11562435433211384,-0.13311326164833312,-0.08923448637141636,-0.1551750369393803,-0.03797135937622783,0.11028010062938935,-0.1351033555114678,0.22873868139971343,-0.09028502081574093,-0.0603914169357222,0.09772395688379906,-0.10964501055183835,0.035547833810832125,-0.2122045021756118,0.05606906966372548,0.0943570397683996,-0.0705894357029482,0.03733557689322197,-0.015321841582501498,-0.10762393718222496,-0.17476644289020124,-0.06637158476943149,0.16311378660058026,0.012886622853802675,-0.07319579801334143,-0.043878497013750385,-0.046566369210661346,-0.003565190701181538,-0.04429549632105993,-0.2457187470781104,0.14753472946702326,0.09723256065383158,-0.14980094392350232,0.04518008118510889,0.19242493970737815,0.13618371551914263,-0.02035163416972886,0.09803710244920695,-0.19334318541901294,0.050412792755039466,0.13154618893610212,-0.18097274012641634,0.0029549606621679385,-0.04175054266072978,-0.16316765150399612,0.07792149872694071,-0.14548129240099952,0.0012781997721560984,-0.1731992819630135,-0.04329608770153376,0.19837962235291987,0.0859339482221,0.017206153913951097,-0.023862458906832206,-0.16846339595643173,0.044046820168884906,0.07376919881941359,0.005588783292461524,-0.02155161339315849,0.08604662845339152,-0.047545270609134216,-0.1617501228557956,-0.11567154315968574,-0.2187866749885664,-0.03854470233606466,-0.11934684448997888,-0.08318179107912595,-0.17204170774265004,0.040320072493833216,0.20495873842592605,0.145624758927583,0.013888888888888888
results_s1/zhongwei_candidates.geojson,cand20,20,2.8,8.1,37.63124,105.24509,0.10625454817397108,-0.16362411157803297,0.2222320042518336,-0.08903169731700482,-0.034617355112794734,-0.05369455765942058,-0.11398970470785746,0.022681476495867856,-0.31177991967409424,0.014677874070430735,0.08061104958991733,0.015641388646798995,0.07861505022526348,-0.05188852551435715,-0.1861137646720057,-0.20164981625137474,0.09210545851186464,0.25601330519657545,0.024265618153769753,-0.023291260506941042,-0.029026349926797763,-0.015185026029057826,0.05291683261409465,0.043164368969924295,-0.18831885044533364,0.1338788157122253,-0.06412978958473353,-0.09075790595279074,0.16240252118646104,0.08286954790391705,0.0341811522711867,-0.026410411239618493,0.0719177680558312,-0.15426169677689675,0.16129937363434924,0.023833513742236734,-0.20710962054047258,0.017908290915668666,-0.04323369200988301,-0.21582533477916135,-0.027594663220201453,-0.18706184174320062,-0.04369118470004664,-0.07894860823080069,0.04976950932932949,0.21668238732912704,-0.09194944971289581,0.17743754672015344,0.051336053049485735,-0.010916737376090722,0.007215918936479129,0.10461115952908967,-0.015878698742059372,0.011592390291731897,0.13468567208149054,-0.11902038828342447,-0.09427205279125654,-0.13961335799294539,-0.19021628295019213,-0.12746630667979544,-0.0704844424885499,-0.08106842978418365,-0.16989614135876507,0.056374984619701564,0.10372064339511607,-0.21032785386977643,0.1997557422594732,-0.09201309867651174,-0.08340883018349862,0.055756577942054915,-0.15532432749640673,-0.011482870303017085,-0.18924056014703,0.028507893706841807,0.16018200418963796,-0.05354692325752336,0.035068084959441366,-0.027301361388937292,-0.10701454284950403,-0.1592361781843971,-0.00017092293181413554,0.1770186987315071,0.0009564064512385148,-0.06438852033049342,-0.06171858724092186,-0.009315374352018135,-0.004591141032805037,-0.022746612943550126,-0.3122746174610697,0.12067272572670268,0.024221311426441343,-0.11542844092031507,0.10403591683577952,0.1874377487839594,0.10593620081971293,-0.07579302509601274,0.07521708728114422,-0.23213565481931936,0.08151561978692685,0.1482056707942999,-0.17372686327640122,0.005994532573540497,-0.04366616537409047,-0.11531298444167372,0.009043663113444872,-0.1282136606708403,0.02647165709643958,-0.14922243550635234,-0.008978926399159485,0.151316435386446,-0.003602310371803691,0.08807448723444163,-0.006814369079876797,-0.11219194032176973,0.04448037732560369,0.07610162757811603,0.005706772133561249,-0.0231357329548069,0.1256058619554035,-0.04511041859373894,-0.1378704173097409,-0.10359580857564189,-0.2471612965030753,-0.05442661917258756,-0.07074097903096428,-0.09543327002849197,-0.20932575830947717,0.058919776680035285,0.1248346244131454,0.06947701456196767,0.0
results_s1/zhongwei_candidates.geojson,cand21,21,2.6,11.1,37.63267,105.24886,0.09847445208585609,-0.1576921006467556,0.21721347278989506,-0.1304583370485742,-0.07511634344869596,-0.022663535956980545,-0.07404565607639241,0.08109187750858664,-0.2730640501143655,0.05685059426277315,0.02560318925868719,-0.05720724460794698,0.08472755826696238,-0.044027751970835444,-0.145635618757796,-0.17481679116319163,0.10521002888140411,0.2574944798710644,0.022148501615370783,-0.09037126266737364,0.014778274102006297,-0.04992410937285777,-0.02730474850934948,-0.030890598698690933,-0.21557006624793926,0.10740419232579837,0.007073343170332531,-0.08910953425100586,0.11195127904958864,0.19187867061808522,0.0879804666214766,-0.09764176512454613,0.10897354077321122,-0.16968945571480762,0.04714117563965263,0.0621929784023857,-0.18739202487182025,0.02673775896028225,-0.050409447354316995,-0.20288058784219778,0.01994317039644896,-0.14900601117991902,-0.05200731095495916,-0.1657311725172523,0.006505134063470056,0.20577122105667536,-0.052909553618197255,0.2055452679335879,-0.01322341717153994,-0.07345147575761356,0.03848893465426528,0.0913058018800238,-0.051814081354348375,-0.044897800353658986,0.17368608978642716,-0.05362951713373236,-0.11194917742168994,-0.07749597172006546,-0.13781133479258412,-0.027647001936399542,-0.04525320046033832,-0.1327974667969318,-0.1915940125337049,0.04588501065674913,0.10562668388258155,-0.1513172731001709,0.20841757772239175,-0.10851285825200928,-0.07523837208689989,0.06990056888698863,-0.10321062565810595,0.04338404644769293,-0.17924056410288217,0.05722718306569475,0.10060828095744274,-0.07100723869406508,0.05253605387885337,-0.041603596920781444,-0.08443831501080608,-0.17240942813794757,-0.005310198946933762,0.1901577706224432,0.02197775791137741,-0.05387735856243754,-0.049386754010239085,-0.05482749720467999,-0.03514485998535875,-0.07187529564131008,-0.2689564881495485,0.12787326608397528,0.07972470587745402,-0.11719713370222189,0.07290080980689853,0.18771730362240793,0.1514140571072047,-0.05613708933229479,0.061531916302929465,-0.19835487980399122,0.03826991187132582,0.1457592724831114,-0.16722480659348699,0.013535326170895933,-0.041910900786927795,-0.11666189701586278,0.06700041631254412,-0.13460203546090999,0.039357564707572665,-0.16099788884589816,-0.022433613459375893,0.18521964304414396,0.012955836355243135,0.05391383425322604,-0.05299638438863539,-0.1683769174965068,0.03323552724777223,0.068332562169157,0.032840463668555024,-0.0163617509329063,0.12084610788190142,-0.028937715650571367,-0.14184544131640495,-0.07931518641775182,-0.21348378033346552,-0.03876139750205159,-0.08982534475002275,-0.09676540483179873,-0.2369221154066387,0.0438680333084331,0.25226512820512803,0.1284531369538194,0.2846153846153846
results_s1/zhongwei_candidates.geojson,cand22,22,2.6,6.6,37.61812,105.17062,0.1167163866139843,-0.09583125468997304,0.24125692364362716,-0.09647302264215742,-0.05151505899281275,0.053598379380573866,-0.04029510790342208,0.06102826072753219,-0.2902218314896921,0.08928947156110306,-0.027763691716636587,-0.02780793041278667,0.11425371301386096,-0.029141686187310997,-0.17870334080149003,-0.1979603506210744,-0.04758365556620609,0.1743932336786381,0.07771837006743337,-0.007022611727320345,-0.06323900390310601,-0.01787807176053517,-0.03238761740994709,-0.06284531786462116,-0.17816286923488933,0.10408430821483186,0.1088749421924264,-0.15718642148200399,0.07488594791059743,0.037879508878872536,0.10012482472334519,0.0011038475263472742,0.08380182751843802,-0.10494428545363907,0.12592289399833045,0.1689355236346514,-0.1871454751165646,0.004210112326652401,-0.09475196091856415,-0.23270945264586415,0.011528992903524998,-0.12532284083518058,-0.031874382048704276,-0.17283191967684788,-0.02067200369457041,0.2975707099939943,0.002118570701427539,0.08642885938193424,-0.020409980198708468,-0.09205467391414142,0.01548871932426798,0.12983932019699776,-0.022216749921079974,-0.0033074485817853935,0.057305548875001014,-0.050494963245442746,-0.08516597757865252,-0.1155124292196844,-0.17253904927973396,-0.15538741015293417,-0.15425400197181846,-0.10724829556358767,-0.17996804840991937,0.08275510928172598,0.11070163280727698,-0.14430754080653377,0.22277016194825203,-0.09375209919799656,-0.05370167330339591,0.1044863891234876,-0.12218604154839496,0.07332368205838094,-0.2022707521237242,0.03999433811404753,0.09568966120404249,-0.07053474528258954,0.05173226860966523,-0.0035367637881749394,-0.09245351457552382,-0.16726915505856155,-0.1016623765366804,0.14909942335802187,0.023874289392917154,-0.07375336777504014,-0.06389304586937028,-0.06342756833081299,0.0289958990724103,-0.03734994664789088,-0.2178216700975676,0.16023291679196913,0.11328894822929596,-0.16743754433424177,0.06031284660300766,0.17363295002801452,0.09510290037929854,-0.0434568674697068,0.1170449035687823,-0.15796482707033252,0.06433532704657792,0.15179405475783783,-0.1521883513474645,0.022938091148232045,-0.026675268205569997,-0.2031520694964308,0.08924562215200428,-0.16636875667203085,0.026015387929944674,-0.17976867191230553,-0.0888041077513036,0.18456506976209877,0.11284969162475364,0.01590149183810128,0.000454882713949187,-0.19950940881581647,0.0601272156362834,0.0753489080621492,0.014473714292652234,-0.014768015640457028,0.05962513667195325,-0.04382672991842698,-0.16757214536406176,-0.13386080128309005,-0.21355367632344557,-0.03645675374564656,-0.12212275269369814,-0.07463845630827123,-0.14756903124103438,0.047028373564238043,0.1864776692708333,0.10196276147276495,0.0
results_s1/zhongwei_candidates.geojson,cand23,23,2.6,8.2,37.62603,105.22497,0.16263704667202936,-0.11818269067141263,0.07240957482789458,-0.07198420760421098,-0.023214086720906968,0.0012477617539568037,-0.09220223019921604,0.018619092858979776,-0.2500019081950901,0.11726512576996778,0.06445141724274872,0.02607071150012659,0.05693359712800101,-0.08613095268058107,-0.16244138772077665,-0.18043321829350736,0.0511557492291274,0.18241765169787424,-0.05599570541846387,0.06026385187675961,-0.11015168640835994,-0.03512608206095426,-0.047844821567459304,0.08294469355171484,-0.1573142124546797,0.10280241260675028,-0.08714256039063524,-0.11425686555921041,0.2225512007446644,0.044925303854220104,-0.015101841703096319,0.010816779249537766,0.08657479556656335,-0.15751290380774335,0.2195575246991094,0.1361292269793186,-0.08966559795916294,-0.05066760412882856,0.0018510256225009079,-0.12146159146538689,-0.10925042897635087,-0.1038593350362788,0.021939889889105287,-0.08173907093287384,0.0596237542978535,0.16297561458991158,-0.16175900271054472,0.1651409847114439,-0.0890528073375431,0.035676286568299305,-0.005105365495904856,0.053352422635121695,0.09265300976826181,0.028399296941731055,0.17410704260139426,-0.04571282065000438,-0.09581743100179252,-0.1060191056974685,-0.2933261857116955,-0.15761575489985946,-0.08754720449738942,-0.07808344918575234,-0.2357196664057583,0.1945299159558398,0.12676798161611363,-0.17157596889775834,0.08786019175211578,-0.06950113074753242,-0.061951743674149094,0.07846972409902365,-0.17584183667750886,0.02475329556225115,-0.16774968637914175,0.0994610872072939,0.139903791521912,-0.03348843615380269,0.018535917285257372,-0.03192941280834266,-0.09110266789242569,-0.135723414461036,-0.02878893899693538,0.17906875655205148,-0.09127345432196635,-0.021262586509324378,-0.12067278206054734,-0.03121784714190528,0.010910919059868915,0.02742337340274387,-0.25495198480082615,0.14679338692359695,-0.01267852456246658,-0.14191074471615495,0.136263764189894,0.16828320366695648,0.009304326057554862,-0.004994460799043536,0.10326498640877321,-0.21102467303449296,0.13726475438329552,0.16158426671773068,-0.06888374483680007,-0.017872605078344605,-0.006739727767798907,-0.09337796365784343,-0.005993750403230347,-0.13354682518972394,0.05911653248643951,-0.10527216969310992,0.009210834416259793,0.12638236551504073,0.012559654611055472,0.09995302531418529,-0.07335722923804744,-0.12137298198193869,0.08139593425268743,0.02308223637232197,0.12218024690024211,0.03177427044726336,0.12380814616678927,-0.0039035328175488528,-0.17126787816499128,-0.10511573420218849,-0.3054594428421801,-0.06736559825071786,-0.08606449154358359,-0.0778679594241322,-0.17482363019867214,0.150460711877728,0.08929401041666671,0.024190646450004856,0.0
results_s1/zhongwei_candidates.geojson,cand24,24,2.6,8.7,37.62836,105.25884,0.08932201875711812,-0.1387528134702279,0.18695097254555498,-0.12819859375469936,-0.09699571032186767,0.02502268371108412,-0.045794717105071214,0.04394680815735932,-0.24195109671683188,0.11559363858244799,0.05227153435969443,-0.03861530201155232,0.13445368361842722,-0.038581435374571704,-0.11009199637336779,-0.1941070913816536,-0.01816748573364721,0.14809701621696053,0.07110773339669425,-0.009330891330188872,-0.03003689437057932,-0.04954437643310357,-0.04571470541730996,-0.07905631108263964,-0.27839881378556225,0.08089324821160603,0.027076285494726987,-0.11840353389215848,0.10201539538451698,0.16320813832290285,0.14837343905758452,-0.10175790666596486,0.08187250668631169,-0.20426123731675122,0.07288458249477772,0.1814056604011791,-0.24228805249546084,-0.004758974602866859,-0.07362759017367648,-0.15365345871020591,0.051479806793968304,-0.13227589649504282,-0.020300004835808013,-0.17133339016126894,-0.01839534466063031,0.24657991297399343,0.03891277867542265,0.06174208561528019,-0.06686719832428548,-0.14530566126094924,0.0628275158051498,0.12218036323789987,-0.031897892281273744,-0.0676265525045219,0.11011020176825659,-0.032715391219904966,-0.12967139485957768,-0.03527540214314189,-0.22021935519214453,-0.10659271236380594,-0.14929742932856518,-0.12648684939884325,-0.2165247237157137,-0.0027707537106995864,0.1023979603561243,-0.14320257294128919,0.16507805248070212,-0.0971944660357644,-0.07601408900155289,0.03921984450744332,-0.06216444243157004,0.036439641540869865,-0.2161522048774746,0.08560002257018541,0.07096067773787763,-0.04683658966835056,0.1124661542860883,-0.03075971583257382,-0.1049894310905926,-0.20972652637853373,-0.03362664286993295,0.14840118703365998,0.036321857375988476,0.003656708003786672,-0.04288965983762138,-0.041615328076573976,-0.03828142202467889,-0.08390302757292226,-0.26966484638881083,0.1139585673587212,0.06593902083200388,-0.12547184644862402,0.10433612100666628,0.1504046194474523,0.12779033906355966,-0.07814912490662893,0.04624344936685872,-0.20842558525839364,0.10654872228708483,0.187908759604174,-0.21233043153764816,0.00039163871272283575,-0.06278291556804949,-0.13790215597799949,0.0321192989630344,-0.1431412314847397,0.008785635854441148,-0.14522291011286106,-0.022693049182320818,0.2229458285396161,0.009690533092505189,0.07079800405946159,-0.05904134257195534,-0.152510649730252,0.048785483038033366,0.10635810118734551,0.014250320509938512,-0.02387917819378053,0.11411149282998558,-0.010464395576976317,-0.133141489604341,-0.051921680718947545,-0.24848758496709009,-0.12812560307345947,-0.12557377964710148,-0.10827947790257203,-0.24581605411350194,0.0777750701248302,0.19502298177083335,0.03863222297624137,0.02734375
results_s1/zhongwei_candidates.geojson,cand25,25,2.3,10.2,37.61004,105.24078,0.12454387628192531,-0.12437389154697845,0.2289062019950081,-0.08268454068967557,-0.03361276911027555,0.012708362714256568,-0.013463565409419703,-0.001735720967216234,-0.3128597818226389,0.007326263817665374,0.011494587924050146,-0.04757993341405667,0.053301290804158234,-0.06158356211092408,-0.15820523474584425,-0.23092127530174034,0.04987736408638666,0.20394084427134865,0.05720448721363798,0.0008123902596043622,-0.00717850604584874,-0.007736307938321452,-0.013692044575469972,-0.02476336114916543,-0.1281554035811567,0.1584823058230069,0.04774470091223164,-0.14277211130559064,0.15249027614319544,0.1025439115430292,0.07542340793518375,-0.02322568802429814,0.03290666982002594,-0.15809252964422274,0.1494544632493542,0.09074020234023444,-0.2544392283265651,0.0015937302880079307,-0.07521137840977953,-0.2915877776190551,-0.011961008891472568,-0.16960451858738906,-0.08638631084024957,-0.09199621117360451,0.026857542087188494,0.236861518791651,-0.04829832645781766,0.11255818014213873,0.03324617127309193,-0.030950686834675428,0.0023580682624601934,0.09616781907019287,-0.05447150166731795,-0.0147863651033482,0.11127439208042644,-0.10542419195927584,-0.09979742767529608,-0.12960369572173638,-0.19017817518928035,-0.11281113172910659,-0.0722690000886003,-0.10685559968947855,-0.21782508520008212,0.06496923420730522,0.11491337149378071,-0.16761749577967047,0.2229656004572342,-0.0641140761903463,-0.057262134582728365,0.05069082895894833,-0.08326713246558452,0.015753315824777785,-0.2510153570745788,0.0022213383908317795,0.08110952628422634,-0.08128635617446274,0.029102638299920644,-0.020494647684681504,-0.1232140330400689,-0.20609985983018336,-0.01776039833334187,0.15332742267261804,0.027655305380352952,-0.021711548909414978,-0.03544238789163689,-0.03744127560787898,0.006732111723683026,-0.06398142507859529,-0.1949123687939411,0.1782681567104823,0.08501014951179688,-0.13726112590393566,0.09495681468950806,0.17233500935272997,0.07969975853887724,-0.04923746641220455,0.03350507702128415,-0.16883276524028484,0.09349920365551899,0.14441452113190587,-0.22938886288963356,0.010415446269530955,-0.07836816384099762,-0.19930267367106347,0.04199723688808595,-0.14667282885997443,-0.04586883514082099,-0.10304531357520678,-0.025998683422275813,0.19325077038657468,0.039774681633275404,0.053678071927690564,0.013387120730516457,-0.11451426676898543,0.03753010638428448,0.08688106734251642,-0.02014319100140194,-0.011332524265811085,0.08276927376453884,-0.05870314735680933,-0.13983495798335469,-0.09926001435529558,-0.2435778130808005,-0.060292870906692816,-0.07624329193777034,-0.09301425135786746,-0.21811249834217325,0.08157167113017,0.16122169540229886,0.1346142714196223,0.0
results_s1/zhongwei_candidates.geojson,cand26,26,2.3,12.0,37.6316,105.24895,0.11355136700092662,-0.0911231008727061,0.16300630967755542,-0.06952924238167878,-0.033409361384440985,-0.00790781983909891,0.011390928036821955,0.022635455446990627,-0.253344582923059,0.080611678544252,0.03294175429042417,-0.025381620918867764,0.11268769764682231,-0.11360502243046751,-0.1463957995566,-0.25274547068187564,0.05554660318318645,0.2084939004532756,0.017479021912091487,0.058044045339681695,-0.051839029876289675,-0.04351345396600771,-0.0279380416062241,-0.06916409603953722,-0.1674763111444763,0.10653312125299987,0.020321731874338247,-0.09603410159721806,0.14307463175970106,0.07131053821297069,0.09416723729571375,-0.05260810040770173,0.06057961593517168,-0.18439667331734744,0.15377805901752098,0.17076603122464248,-0.1800523425512855,-0.01363587059520237,-0.05951605415526929,-0.18677267103930556,-0.02597136787660479,-0.17976172474107568,-0.023700497570631935,-0.10677923670894536,0.04159119310527987,0.24397925856894365,-0.11241404114984865,0.13823542642816267,-0.0016003743045308698,-0.05128291919183205,-0.02769515785059971,0.13382614973523516,0.032603226011608186,0.03463350083077582,0.15430417676173527,-0.051761083003116326,-0.11496530747973077,-0.07182522995343886,-0.21950727180510857,-0.16669234257685275,-0.11369204823389441,-0.12125942736392394,-0.27740249274289625,0.13721758144686985,0.10567744270946798,-0.14929613411788345,0.19925295037667612,-0.1024629718311577,-0.06996034666644438,0.05681621357167766,-0.0859128246622889,0.036826783433556116,-0.21366301497857015,0.05954371562096374,0.10364007614762862,-0.06712042010121616,0.06602103472623369,-0.04111940863959543,-0.10011604222964142,-0.1913187724141705,0.005498788228078909,0.17939250154770342,0.016478563363418228,-0.03826949449776815,-0.045498878473723504,-0.06884779943945186,-0.02809678488696665,-0.08115773276063487,-0.25918135064840536,0.13261617500758624,0.06969284505412998,-0.11445849755793093,0.07076899349848563,0.18138740052778596,0.13946925845690472,-0.06507282491578052,0.06510749413721213,-0.20841569511191982,0.06987414394847141,0.1483799963944352,-0.1923351767720975,0.009036048277274987,-0.05805369065650465,-0.12775088543311106,0.0564730804260884,-0.14441329945750825,0.020329689631143136,-0.1524812515469778,-0.01668233224738976,0.1980391349943206,0.0045211704878703116,0.06415281172492394,-0.03528663215789825,-0.14254770788593107,0.026089434163655164,0.09244100311639813,0.020649236523930064,-0.014655022538665971,0.13147473829785813,-0.03371754368003692,-0.13231625179012013,-0.07716156263488595,-0.21613992731212955,-0.0715320517780619,-0.0939171670945663,-0.10904257570260419,-0.23867717101471633,0.058451883737830335,0.16905387931034468,0.045644854360254054,0.0
results_s1/zhongwei_candidates.geojson,cand27,27,2.2,6.6,37.64022,105.22829,0.13262401881336008,-0.16702946000888388,0.1735882217291873,-0.06193927790760328,-0.015629448156745655,-0.007357165717576903,-0.07933840335785233,0.01728204460344012,-0.2787621670354843,0.027888793710691164,0.1377813842278014,-0.020160248641178245,0.05438291957659584,-0.06915733422628606,-0.1459793033674915,-0.2328798016318278,0.06063095523807868,0.20055602409687645,-0.030297368037633755,0.011944337514767048,-0.06061004894830809,-0.042012117269445676,0.01554914376929597,-0.06431212390172199,-0.20827294007465957,0.10724672034256873,0.036626357413736946,-0.07995501364218173,0.1065537681003744,0.11251399844087984,0.08314443968154014,-0.024492965992464064,0.08160417683537144,-0.1551602910615434,0.14922518252460545,0.14365358983418228,-0.22563947390247224,-0.0043666459741563595,-0.0690285910544669,-0.1590532400826657,-0.022901089305445693,-0.14348467529559203,-0.005596530432745403,-0.02291216621343981,0.050805328822298976,0.20375549169972454,-0.054249378030369895,0.13967873100252684,0.006128147880684154,-0.07009843426032934,-0.003952950430660982,0.04959129152564292,-0.00018861931745456782,0.03411058019347937,0.14098806345249396,-0.0674156240164327,-0.15759833052615968,-0.139350570253533,-0.23703893644683163,-0.11444291938838036,-0.0797641830333782,-0.10974814078569836,-0.23196686041189812,0.12171171270059176,0.11408790254083215,-0.19600208469583014,0.2151218961468248,-0.06975961417991185,-0.07080910465710888,0.005276008718298761,-0.13779303067773033,0.043146630398388806,-0.24132098123577037,0.028244558583334748,0.127032177376513,-0.03184775049519446,0.06284144283897991,-0.03830957917543723,-0.1243383692074948,-0.1754806220652604,0.011764159203534214,0.18720384533964415,-0.02591925597813717,-0.02752279646112157,-0.06038809888882486,-0.022779882257925772,0.013623265653624886,-0.03798652621150699,-0.22978533020236225,0.12664179192312766,0.02418448935846066,-0.09442828897577865,0.09545283018681987,0.16015407510196786,0.06674979337073361,-0.031808824239581056,0.04632451309654179,-0.16253555950652795,0.11985777853787145,0.1334205611695306,-0.18049050021582588,-0.008627991829668426,-0.06029115967167827,-0.11821291228120352,-0.013712608242089176,-0.10722843185149644,0.003661022540979887,-0.08564886767667834,0.006919896101705246,0.19038058574139347,0.004710002369849852,0.10848728402784359,-0.005226710873801985,-0.11678288406448524,0.04464459904256421,0.0681928239165957,0.01405463063526135,0.006786244483434888,0.11750208265763543,-0.05155116459718841,-0.12961057794587047,-0.10989841747265429,-0.2717539692734848,-0.04646065779948836,-0.07469538473694268,-0.09792007568529394,-0.19980277092593707,0.07059415747244836,0.1505494047619047,0.08526534231373037,0.0
results_s1/zhongwei_candidates.geojson,cand28,28,2.2,6.0,37.59027,105.20601,0.06882741949517941,-0.10631239758551977,0.26371915190233713,-0.055404752067060505,-0.03231187641347291,0.021085775523863773,-0.08278748571837338,0.06933110615265378,-0.2805219893960132,0.02637987046677772,0.05167433187377659,-0.03752059865521751,0.07119524563694289,0.006919522408399407,-0.17929240389983025,-0.22431966310374682,-0.04085823074657337,0.21102649244337318,0.0004998237550781709,0.01693334219754312,-0.06031232908935304,0.014966088801410782,0.0940533438041013,-0.002474015026242635,-0.15790087325577415,0.18050184538330252,0.010456175835991397,-0.11436140451421715,0.11541237490375918,0.07211709787433883,0.05803018519259334,-0.04043090420408176,0.0626230482309906,-0.13150657190660106,0.17567819567154763,0.09550395063313064,-0.23646111836844316,0.021190068772133936,-0.06451761254852335,-0.22523197064654668,4.564364539924661e-05,-0.16512828433443116,-0.054472973961255805,-0.0915692698823474,-0.015196141267491829,0.24124969241479796,0.04351145374543723,0.09566837980631965,0.05838280934245502,-0.07076656324129234,0.03894816621339922,0.1317104180335122,0.013235073631620383,0.000220855688521901,0.09175968283013121,-0.12107788151653336,-0.150572325764315,-0.1390469343600468,-0.26214807368281673,-0.14124109873607313,-0.12016191572841793,-0.1116291045776258,-0.1784074538922787,0.03478328206193801,0.058401532440560566,-0.17030963657627973,0.24787509447699554,-0.07982619231629981,-0.07714884546736127,0.040245548269311565,-0.12415540373892113,0.10111549349001142,-0.217046133041407,0.015848514478922333,0.07850434996605846,-0.052017386165506295,0.07964520188273651,0.05153481455281805,-0.10883649968318612,-0.20169158220096475,-0.09612400253949277,0.14386339845665477,-0.026817921576600547,-0.020293150249634507,-0.04362661803342153,-0.012903173500200184,0.06350882681322159,-0.03300377305277639,-0.1855957512411495,0.15395866637654934,0.05605766448218579,-0.11501323769559116,0.1067706509980806,0.13440212676769378,0.021845392073938687,-0.06820936291317381,0.0416980112145506,-0.11746619015641561,0.1077437717886162,0.14773798881368966,-0.1917214602879098,0.025582819389396595,-0.055513237964591525,-0.18109550673336064,-0.00018373400224190947,-0.12945046334799207,-0.032518871406739265,-0.11144347611318335,-0.09874757440309102,0.18922733655154764,0.11047833004462831,0.06948491038513312,0.036102985743591186,-0.1361138648943966,0.08491121931143493,0.11066552919450495,0.009546258591610473,-0.021345122756971462,0.06335016709142377,-0.05767440781790369,-0.171118179423059,-0.10389500876201957,-0.29834430966077585,-0.0894069451270985,-0.10769181986858417,-0.13117971799990757,-0.16967077968754216,0.055501268577593306,0.1615694444444444,0.1383414051833109,0.0
results_s1/zhongwei_candidates.geojson,cand29,29,2.2,9.4,37.61848,105.2344,0.10914714825985303,-0.09743882497931591,0.22907649676066624,-0.08737350897374281,-0.008655505473771506,0.015205241339348256,-0.03964772189254167,-0.022945197589067764,-0.3376701703458303,0.054659650358314285,0.04175749855489056,-0.04798094718628467,0.0321929569182864,-0.051958128713381464,-0.1983411844233251,-0.21784597185575091,0.05889171581828738,0.2018555806028406,0.029192261501325832,-0.03988206679608403,-0.028484708306531204,-0.056234463555305446,0.04834073308633819,-0.008518056100548165,-0.1772435405430389,0.16704046063478437,-0.02414795312283641,-0.09578277368186268,0.07206000812918009,0.1244313032502529,0.08192169316065928,-0.029055502558620418,0.12688150307235188,-0.17509889458238356,0.15167811566680184,0.0379029298163314,-0.26433206281332294,-0.0042873612730106765,-0.08419022537058538,-0.224032809769643,0.03133596898790687,-0.16488523063000382,-0.10374596146093568,-0.10010963525195027,0.043176466241080194,0.2508838878705039,-0.013849491517102162,0.10980779309382817,0.04712718893643911,-0.04707700486638449,0.012164754110203202,0.14105416465770562,-0.0606859836339839,-0.02867229827825808,0.12861610234839724,-0.1361356220337859,-0.10509031662248551,-0.09468606827565113,-0.1646174356464419,-0.0968577305267589,-0.12589005507717677,-0.11928621758764348,-0.1980526560670241,0.05125710903700673,0.11138457890408089,-0.20543026784913787,0.20531168621529636,-0.08139824900572419,-0.05245325579825358,0.045912336631948526,-0.13199112937879545,0.016156998842047576,-0.24273156260612513,0.001665450429420994,0.11528466921408888,-0.06969525858678352,0.017849777542874094,-0.01694356355247882,-0.11591625010527226,-0.20801083046333985,-0.04604429922144329,0.16747337182928157,-0.021192487975147258,-0.05871995984870512,-0.05274558032487926,-0.03224880070841449,0.028764041008278493,-0.035669375119203074,-0.24117466318997224,0.17881404868676276,0.04419844188225816,-0.12718226925470824,0.06997770949385095,0.2094680312931489,0.0718730779173994,-0.037258553140975016,0.07691723287945713,-0.16474912907709555,0.11119907053927505,0.12947199502982853,-0.2077044026979769,-0.023435700189705075,-0.051076311791433,-0.15282396310747434,0.0418444050797713,-0.1311030443998009,-0.02672970845546795,-0.10284668784100387,-0.019524200061041032,0.18306063485270105,0.07337533029704739,0.06050842155553866,0.0033742831213293386,-0.14908842201642125,0.05555422268845763,0.09371091230367289,-0.02574150739678442,-0.016019698119947526,0.07819334175760946,-0.0587490936318146,-0.14374024957803286,-0.10218407180794394,-0.25593969149895474,-0.04835980295642162,-0.09393813432963781,-0.08002806025680019,-0.16757679561268246,0.07448900192374205,0.20913279320987657,0.06873097318510436,0.0
results_s1/zhongwei_candidates.geojson,cand30,30,2.2,6.6,37.63213,105.20413,0.11840065861234396,-0.2112381534948993,0.3689924413623127,-0.1065044782635236,-0.12704226362199084,0.017572697757081094,-0.12976044062597578,0.06238958032318921,-0.19977893533499344,-0.07852997008951415,0.10489910044828975,0.0018313053710718786,0.07154755172813826,0.008241326710137383,-0.037985331429851624,-0.11647988320880492,-0.022993320236509848,0.21788633887535439,0.007311975092385657,-0.06347932296645292,-0.018563860756924812,0.03782028460822825,0.07593253697743339,0.016411717086880395,-0.184567736112749,0.1683487168276924,0.06236249182247513,-0.1578596274915684,0.15710295451937892,0.20704686061342892,0.011825448553421011,-0.05468367272258929,0.02303804758256863,-0.139123842322938,0.09359087734975008,0.13636099422084297,-0.16159560089907224,0.003124862456188124,-0.07063303422847475,-0.2491968617479755,-0.03867218535744456,-0.13888720464633622,-0.0714330104509328,-0.13367885169812868,-0.037232506328693196,0.2004067826077508,0.07168705431090995,0.12368170180725309,0.0722898456792787,-0.10441564932983449,0.07225933116714808,0.1119422461403841,-0.07140844543773206,-0.03582852173679604,0.06352997680091713,-0.0965923931680475,-0.1201605239752087,-0.17444708618048618,-0.20086643317376188,-0.037030248932327633,-0.077620555812826,-0.049801793095116856,-0.07840718081765984,-0.022920752712605276,0.12434455642918855,-0.2154579635816866,0.3013607259374899,-0.09682504626885985,-0.08467645157540639,0.013801202632330006,-0.12253825133786804,0.021777092968063023,-0.22276118958303545,-0.02685353557879016,0.1281557606452324,-0.003382592251987403,0.06105083966953719,-0.017681390484622875,-0.08994489204268458,-0.1446679840256152,0.015167469983521233,0.19176710520028203,0.01563317096501769,-0.055066794558107486,-0.025426834693782475,0.005317875245114323,0.04530734574090817,0.0061441059215210925,-0.19552565846580597,0.15343151713863062,0.05362151486951117,-0.12982786188483642,0.14722241871956387,0.16434189553940542,0.04678968309163761,-0.05604000108283632,0.05217540093376483,-0.16360876817761827,0.10368295929354283,0.11378875099877979,-0.18783254048376175,-0.003307681580747638,-0.05162165317091403,-0.20486913062601228,-0.041388574986741034,-0.150100792248431,-0.03457450863618131,-0.12704418961544975,-0.01170224650171469,0.1949638720839742,-0.003109213850445721,0.12980576726940873,0.04968741293773287,-0.07943063112092866,0.03249630530980397,0.10525424538064557,-0.04440486610954229,-0.02384454877286106,0.08521837015655373,-0.10271039702239869,-0.10787780000844535,-0.15505327106296532,-0.19047827379840948,-0.06813189763945254,-0.08426679605042425,-0.051030903401599964,-0.1296789449470088,0.014450771235108207,0.12755486111111106,0.1624397040007153,0.0
results_s1/zhongwei_candidates.geojson,cand31,31,2.1,13.0,37.62603,105.20727,0.12207728920408872,-0.1119046294289451,0.19773671922345085,-0.05469012859726376,0.030603487431472717,-0.02587822301957003,-0.03564709522641375,0.037502275699625325,-0.36404827751155594,0.08149815862609569,0.021752711946964796,0.006177572662386306,0.07168070918315814,-0.0855075051864922,-0.2179450335303644,-0.2191822355714381,0.08876091948699938,0.23994599844650144,0.028477809557591657,-0.0226733092502206,-0.022055330818082596,-0.03219154552120757,0.007163407513878124,0.0179970848608602,-0.08601930864594551,0.16399934679354747,-0.011624932229990358,-0.11936599982431376,0.11234325893609712,0.06673247119222275,0.0015563815079164523,0.024189722372715727,0.10383230421676283,-0.1551302720680941,0.2037595396770585,0.004139606883047136,-0.17874385599453632,-0.03477845529010694,-0.032394984909821935,-0.22650318224010993,-0.006814083007109638,-0.17586918765749174,-0.055828798034129185,-0.13434938609444025,0.05669408852155538,0.22968902460548934,-0.09022937412655253,0.18481456845347471,0.06123545540575563,0.019092745839999686,0.0034432590175960958,0.12698605994851928,-0.017559232630394914,0.0034171767824577206,0.1384986347879673,-0.1320277577905489,-0.07254038231242342,-0.14369006066545467,-0.14496163418843838,-0.13982994867209306,-0.07490131422562236,-0.07897834266488833,-0.16225409472123192,0.05993709651905174,0.13002167474646303,-0.22209621849798292,0.19906918179735036,-0.06845553080837705,-0.02097244348978609,0.049633990872366446,-0.13818920120703806,0.0032355096433705523,-0.24411849693696047,0.02677831367063798,0.16568547808744097,-0.056361385203607485,0.00042719733987236976,-0.026926222598911427,-0.1477009659288408,-0.20409278956272928,0.00022732323041336054,0.16561799965988402,-0.045000613651160724,-0.06631081959833077,-0.06106372663856447,-0.03883316257252918,0.011795535994957897,-0.046597083669315614,-0.23299363191614172,0.17569373754272893,0.040359029034016135,-0.1169002377299571,0.0648573190189956,0.17419650348068275,0.06142307199746177,-0.025627132854869904,0.08092815531159754,-0.19040917385272607,0.11873161934587724,0.10608519186144037,-0.18218063010607716,-0.014219905740232196,-0.019692661028797846,-0.10028923211559428,0.026206090878212525,-0.14283146364921084,0.02634412455135399,-0.12021089795316986,-0.00010085609218216297,0.1458344110048206,-0.010076093503351627,0.10676186781463819,0.015272601822491396,-0.1237920123239315,0.04019741661399166,0.08631547897171495,0.020556551530608022,0.017217331325581772,0.09951298977026435,-0.0689746907879587,-0.13911424295282102,-0.1264971386280691,-0.23483419694901309,-0.062273019412002625,-0.057432043992187216,-0.07171878130106993,-0.1789481500475992,0.096727586032155,0.16580526729559752,0.046474105817819134,0.0
results_s1/zhongwei_candidates.geojson,cand32,32,2.0,10.1,37.61722,105.23611,0.10409650837779906,-0.24819295282684653,0.226258870274115,-0.0690120744790414,-0.05735832845237317,0.05461814781273535,-0.15647767154097822,-0.024676986557189955,-0.23847608687508223,0.06309880303641113,0.11595337650569794,-0.06739210712617634,0.04288096197939784,-0.010355593452519542,-0.12827021200180486,-0.15372553366762956,-0.021644377907399703,0.16628922364540424,-0.014091259827287528,-0.10767868181982657,-0.05676341004655679,-0.0202077275285004,0.01083241243966565,-0.05986179626750703,-0.3104733604416813,0.1607817591325739,0.05940954893534978,-0.0910055263848662,0.05230001200581957,0.21515553289920614,0.07880604361961017,-0.10076887621053889,0.0969201556741818,-0.2520114299493674,0.09294961762295771,0.1445843154387807,-0.21221663612790212,-0.004251852687187539,-0.06172792255722166,-0.06907075084446687,0.02291048683406539,-0.10910273823464853,-0.013966706161849439,-0.146990130807176,-0.03219853661973146,0.18567595768786072,0.026821747589598384,0.10930713635376231,0.01566163892606346,-0.15216692768775972,0.0812882461747912,0.11635150431384828,-0.03403206947469874,-0.07322989149884412,0.09584765880764956,-0.0729163849006937,-0.13595304663333935,-0.07171619163129168,-0.24193409533848187,-0.03186010292273304,-0.08720285244975619,-0.09410167254235825,-0.17489389553300402,0.041872046092118524,0.10774736981251376,-0.2179082616187652,0.21740631235196325,-0.07252252531300794,-0.04563993509756754,0.03894027289671517,-0.13153658986367173,0.00636818661018812,-0.24418689673425184,-0.000322049009216876,0.11124621058114635,-0.08458171569848896,0.017085026015272436,-0.017024637777225352,-0.13928813791028455,-0.20325890048367715,-0.029794706285299146,0.16023596305848334,-0.020414499286743968,-0.05686849709150739,-0.051501634529628824,-0.03282675775497292,0.024663461903387623,-0.04395795286992503,-0.23663264771846837,0.18934407668624176,0.0501685903689445,-0.11394701392904963,0.06825693806219527,0.19863317969774397,0.07795017773616719,-0.0665827978761148,0.06236780368624997,-0.1722696804560393,0.12610433670817964,0.12722908580942593,-0.23522936624005522,-0.013146104480775059,-0.05965778270290565,-0.15288890929346632,0.03164619106057144,-0.13531218755644397,-0.02055524167102337,-0.0931380060589349,-0.020347876088099,0.1891153358876389,0.05111052141687027,0.0734892951604858,0.008078415260577423,-0.14129124251276645,0.0504958147120127,0.09503395869981343,-0.027817943384344783,-0.021152940053336865,0.0883651252473773,-0.06889378343929355,-0.131215953298098,-0.09047973312185126,-0.26012333302652885,-0.04386796603837477,-0.0852821165313152,-0.07903265466896235,-0.18535200573637173,0.07414704062650791,0.16844741666666668,0.06863443173308355,0.0
results_s1/zhongwei_candidates.geojson,cand33,33,2.0,10.0,37.63249,105.25578,0.06454613690047596,-0.16997586004232015,0.19499033781687014,-0.1509547111332269,-0.09974730481242752,0.03008869726235481,-0.0895464887697456,0.09483407462377,-0.22543944892350695,0.03252316472691143,-0.007768759569741537,-0.09916149265436947,0.040859253890136935,-0.05818342775638116,-0.0977252703177339,-0.18478952944436317,0.03743608043840164,0.25593944652657724,0.02396031707224315,-0.042354518675757104,-0.002311304910861376,-0.045682584516537714,-0.0489478955437243,-0.02902417415387585,-0.2150671584527085,0.08090658398218223,0.09220906211978706,-0.06258206847356813,0.07056770990631839,0.1813277034250207,0.17054286748846206,-0.07721581602830042,0.0664949135555319,-0.12230674371357263,-0.03533266794566832,0.0669272659693839,-0.2250084566873219,-0.06120326250885667,-0.06420582402765357,-0.16770098079164517,0.09462021225291253,-0.12587243157005612,0.00958062104766279,-0.14717720628583608,0.007649166204059249,0.2572317993942479,0.07262196936212584,0.05243968382261057,-0.11811559400869867,-0.16637218692343858,0.04884868694596971,0.025132012976657417,-0.0013969126907196982,-0.09977652817846458,0.12896169163148777,0.029443083308005782,-0.12488350826125771,-0.023531725600774437,-0.19125113270904515,-0.03260559865235029,-0.07260400069926426,-0.100988633120518,-0.2288706581617212,-0.010160182013248297,0.11063288922751488,-0.17250804948903634,0.1636479727075691,-0.07631448630105145,-0.06419861203467338,0.07903040284214317,-0.10909876543298368,0.04338895953261031,-0.1987186502429641,0.0749226893483617,0.09284112126830212,-0.06722450693844684,0.04703497352267299,-0.03939028448154245,-0.09759012602666138,-0.17585074818541155,-0.004420932705965334,0.17456993281334934,0.027429919451190388,-0.04064978520532008,-0.05162934365793578,-0.0838050898262835,-0.03935028941015694,-0.06656298620799594,-0.26059981158771534,0.15053783579753402,0.11787426148062673,-0.12458521567852487,0.055529980831422784,0.20055447052318437,0.12414713199770941,-0.0329552336246806,0.05203693258618875,-0.19580856120478107,0.04136818262405455,0.12253534608288091,-0.16109632662146645,-0.03210290803905988,-0.027439438975048674,-0.0941467826632844,0.09677775622049525,-0.13726259791276157,0.049755643701640644,-0.1628559582778339,-0.022771098691320876,0.179621966259656,0.035847984240510666,0.028485268604990236,-0.0890237646674312,-0.1864113157986225,0.047513321733260123,0.039611651600847446,0.03790502329094479,-0.028105060176246106,0.12069559239611448,-0.016218614734167455,-0.13363021832108377,-0.07122289989107979,-0.21376410704905813,-0.05894013505434428,-0.07399707647081906,-0.06427914501361147,-0.22943115810362458,0.060544480880179725,0.30484515306122434,0.16229631164003652,0.5102040816326531
results_s1/zhongwei_candidates.geojson,cand34,34,1.9,8.3,37.61309,105.17215,0.09722495399872512,-0.15228082966148726,0.21112516855918584,-0.05965388525176835,-0.053123429064673044,0.01947678627741413,-0.12508888059949247,0.07943044781617964,-0.257576107280582,0.045293827214484855,0.043156061889663,-0.0327022947993564,0.09008357473043521,-0.02229327062930825,-0.1618306363144327,-0.18642207160967558,-0.07227885401668013,0.18655261505761345,-0.022546091785356794,-0.009610382863819588,-0.049197824111763454,-0.03168249124590346,0.03428597167670209,-0.018649322295488917,-0.18746975413276204,0.14718625166041685,0.07798346254226197,-0.13907747137860516,0.09805186812481403,0.11799923125678519,0.04643170655447179,-0.07151421170341618,0.09969879121067594,-0.15547114693038272,0.1582633941485078,0.16990738941188333,-0.15411512059912924,0.00904151991789629,-0.06299357405542316,-0.21466053698889012,-0.030109665709549874,-0.17904813145480197,-0.00786778486244645,-0.127147359270193,-0.06373458791254151,0.25906319878345035,0.06450052686259151,0.10610677787948512,0.034114380851219366,-0.13209960900614634,0.04506220491902629,0.12933522029790268,0.03130299609252301,0.0068340661201323465,0.0631801490918116,-0.06423106169825239,-0.1330868406343399,-0.14238396423456315,-0.2351471092136611,-0.10170774960901499,-0.13241275318363738,-0.10906810704599826,-0.17121492613078457,0.07683647605514496,0.11208016261972328,-0.15481711709787266,0.22351857772066053,-0.09857662068718251,-0.062370539585155496,0.11289750234999532,-0.14109782480769686,0.06620780379890366,-0.19371423465262827,0.021887604450807046,0.11718490058120107,-0.0749372854947271,0.047107708443116555,-0.007381611678229307,-0.07940667512264095,-0.16489771329326947,-0.09584677031904772,0.15484575298618067,0.0040172567594299,-0.07232430243969848,-0.06858064010495311,-0.06424312583482196,0.04255645129140612,-0.03170993329434407,-0.21923807579012042,0.17075635358511349,0.11049845829799851,-0.1650650470371994,0.06490361152833692,0.18635829596840042,0.10095859090147312,-0.04468154562623179,0.11557816563429088,-0.168908008084181,0.06861901032130073,0.15837014516638998,-0.16180528944224787,0.007612677151260956,-0.02712348581854048,-0.1952121801183895,0.0844667783506551,-0.17622247830356869,0.02723222002108103,-0.16326663987993983,-0.08078732996267526,0.1828361895195209,0.12371303884225912,0.014460684110524384,0.0019856731527068063,-0.20050553987144484,0.05962954116792663,0.07145765085666848,0.022751519644617423,-0.009401971570809872,0.06322938041816946,-0.044662748938505914,-0.1617412270216028,-0.13736386622133465,-0.2262694200430332,-0.034420043513932734,-0.10981716530432614,-0.0681629661971055,-0.146390128582476,0.04835471577545427,0.15433706597222227,0.10817181183370038,0.0
results_s1/zhongwei_candidates.geojson,cand35,35,1.9,7.9,37.651,105.19488,0.09238555014335981,-0.16576602987178066,0.2753319618006781,-0.08034292214416253,-0.044708506176769504,-0.023693791196342566,-0.08219481010075039,-0.0069002860357776225,-0.28261820426992496,-0.009921594252228261,0.0488311788231473,-0.011362918320894613,0.06324005371234483,-0.06477635688068242,-0.13703171590186453,-0.15949677282769062,0.035820233304970354,0.2780318190080445,0.04816485537513093,-0.03343972089058051,-0.03189809083587351,0.009716803077069267,0.06997913753325989,0.028969798643886942,-0.18010790203909638,0.19462367250793366,-0.006762714849938657,-0.09677442141122047,0.15092920969959803,0.12974898038468036,0.07659541157370225,-0.026026632578683637,0.06850593905335234,-0.18306820667104973,0.18276769257475448,0.0362110130755698,-0.24353782959989595,-0.022179961149386904,-0.05229697532094316,-0.23935183499765,0.012492755009588036,-0.20084840761978637,-0.09234664393538049,-0.10114861562460258,0.05089202437753439,0.22285042673721214,-0.005888458795214351,0.13714542089862897,0.05397776389183235,-0.052231102389740505,0.026711625689868058,0.11144596752113801,-0.06292776883306905,-0.04534431760818713,0.1167615125302765,-0.1379003230031933,-0.10857245995273868,-0.14189967209550897,-0.155876442947344,-0.11885201125585917,-0.11361034228791492,-0.05665761204617588,-0.14514349539790822,-0.009587311683847253,0.11172203838372353,-0.1652666445842986,0.2892332209985236,-0.08236815853521415,-0.04217624805024598,-0.020393615306021285,-0.07486944253445046,0.003953775165432347,-0.2659175299503744,-0.005989360828711493,0.06440551092501692,-0.010834509722418006,0.06630819398553431,-0.05482172553843249,-0.14742879016987248,-0.1594612891801974,0.05164188895167249,0.22455262982312518,0.042893401187778984,-0.04889055030734448,-0.010114270029891008,-0.008449361126317128,0.05744789687395407,-0.009580080795680727,-0.16315072355900137,0.15006653922137192,0.033274979536683104,-0.09562218245201871,0.11293685844794135,0.13671881434047306,0.0806700207727269,-0.04006071279534274,0.06744226881893675,-0.16566897420644736,0.13416292649143158,0.03385880785957124,-0.2672337525740608,-0.0042372078640303635,-0.06847588073472415,-0.22252426966479152,-0.0018913534797366253,-0.16800879458536547,-0.07480062023415562,-0.10726077511420845,0.02788998856961723,0.2363184576527408,-0.016056382018174154,0.11842236288049485,0.06753851020548403,-0.0742572314830138,0.03371770601958646,0.11625480808476356,-0.07780110464147426,-0.04150086489271651,0.10827369355373713,-0.13067347683658911,-0.0989290587740207,-0.12205194358187267,-0.13829442738992426,-0.08974219419127241,-0.0944437788974528,-0.05598433797671417,-0.1550265906791078,-0.007290082202694524,0.16761879432624108,0.09204680050132003,0.0
results_s1/zhongwei_candidates.geojson,cand36,36,1.7,9.9,37.57302,105.21123,0.07775172891243988,-0.11732430696620533,0.23419989515336512,-0.05995382487925381,-0.02982538087502324,-0.006046471091327708,-0.021119455153148788,0.052587643544852535,-0.3234764332225092,0.05770962714519104,0.016033655827407754,-0.05038402071013687,0.09111759662164963,-0.013725921966431865,-0.21874033653972394,-0.2397983357395738,0.021315193605346748,0.19018178139556557,0.04387969138078594,-0.024093443292129348,0.008468327933485365,-0.0327194857416796,0.07373186120751583,-0.031780055798162524,-0.07825864649717029,0.18015081578530678,0.029616516604080764,-0.08622308883329607,0.12997235102571536,0.1198157204131525,-0.012812554321108123,-0.021301750515349903,0.058757801810435474,-0.13298735414997365,0.14642040404685885,-0.003276135275378805,-0.2483322006557729,-0.0010544100688078845,-0.029616370761650256,-0.26639305347386305,-0.024418618180710987,-0.18073291898091587,-0.09740510687099838,-0.12241402612709575,-0.015684616511646716,0.20125406195955745,-0.026382875207397682,0.14867676810999175,0.08144475349606857,-0.00911381629629886,0.05620613241194182,0.10563488008505952,-0.03716889778399785,-0.04131030340630668,0.14681600547753473,-0.12045826378232553,-0.13483776452850474,-0.11277744147664699,-0.21007837847268515,-0.129938584665097,-0.04029911642834703,-0.1410115714134892,-0.1712000743540533,0.03506539193985818,0.07101906999791878,-0.12505257278675055,0.24181690145348844,-0.11658959898261652,-0.10378178487770548,0.0433503584628917,-0.05744185059805421,0.0762189358130953,-0.2165381353000634,-0.016731734498943822,0.0437264200775777,-0.07430617465041035,0.04225762847297353,0.05568105356200911,-0.13479921236302808,-0.2323317192270616,-0.11536277620328854,0.05495283658038555,0.014010313958969222,-0.013286234038932981,-0.02443402067859191,-0.0412041381498621,0.04683745518598312,-0.06289540575257065,-0.14174421612184393,0.12716415414514423,0.045622042153226405,-0.10830717108851888,0.10460452872019563,0.11140604174331047,0.014361848575442064,-0.06293096847803883,0.028990742431695256,-0.08171387786224844,0.10979356258686258,0.13879160084684447,-0.22276311451241596,0.02770749117964805,-0.06320342301566269,-0.21568709749449497,-0.04430805306411557,-0.11102884806806129,-0.08607681014615651,-0.12197993751782446,-0.0972519803148786,0.15217160468604699,0.06759119267301518,0.06339913720355823,0.02929124076897924,-0.03997534289425501,0.0964728917049392,0.10158457947533503,-0.04472332865261895,-0.02794694130746156,0.08693418460776985,-0.05319812976343186,-0.15052028557509867,-0.08085077239306782,-0.32157444921756156,-0.08160081664773997,-0.09048224108584144,-0.1973741537760108,-0.24237362116439057,0.1127765759042399,0.168526453488372,0.11649518959743452,0.0
results_s1/zhongwei_candidates.geojson,cand37,37,1.7,11.1,37.59593,105.23207,0.13953723720059555,-0.15418657494699178,0.24594289058688998,-0.1275603093441465,-0.09185555072093421,0.07914457129570159,-0.032091710466034505,-0.016020832869695707,-0.2253602777784174,-0.0022164385825299286,0.09609875468849569,-0.09306045348748875,0.04330402631875814,-6.160944802692316e-05,-0.10868975620462266,-0.2203281454520156,-0.022898823652195793,0.12266454915364715,0.048081568504666945,-0.04549625854020525,-0.018162055998217585,-0.044209425567677915,-0.05153650663558187,-0.10543169460131388,-0.23917413411035182,0.12891731083520516,0.09419388059712946,-0.1370344534562812,0.09242208649470254,0.2338765017702645,0.16056654600577142,-0.05097151333626478,0.004472101548536913,-0.19404424778534698,0.07067945104280737,0.16763386465566887,-0.25786000726983815,-0.013143360849747397,-0.0543649954991977,-0.15431131585349106,0.02059109258095369,-0.08114127505593711,-0.02488886637848233,-0.17646677169817743,-0.040170557257905054,0.1503140969119048,0.007485275508191613,-0.002599949402745195,-0.015968992426527183,-0.13950469431507362,0.03488068845008945,0.07537140252367236,-0.06274351463675236,-0.03787132642315011,0.10426001514848045,-0.051326067588007396,-0.14694632521449483,-0.09474610435671021,-0.2608302937889441,-0.049220799718006004,-0.05929301463713605,-0.12503870638832554,-0.22827315252872463,0.04747816426611085,0.11377778171868975,-0.14950676271898208,0.2392043482347851,-0.09627681501106519,-0.07225123211157478,0.03149777582940344,-0.05617294238395142,-0.003183911385277643,-0.2409934418527956,0.006156105086278673,0.05304018071049639,-0.06006801320259451,0.06602076357395084,-0.015053867939712716,-0.1444213208336889,-0.21355476968048898,0.005426145245286635,0.16814875703302481,0.055409261369851366,-0.03741997059997147,-0.022635958215820356,-0.00851172017681786,-0.007992158010462264,-0.051344630533882094,-0.20349837892871983,0.1418446022168424,0.05288883633603606,-0.11933896478340801,0.12843270108137259,0.16642982420663097,0.0999255203677102,-0.045923639747329194,0.0245291375104007,-0.17400764878801475,0.11294002105776839,0.11353532001487142,-0.23612029731883882,0.01396794566257033,-0.04775960463819261,-0.2045217126522422,-0.0166766058356117,-0.13216764389809857,-0.047638654208680395,-0.14428128089826422,-0.019843024176690274,0.16891741163561874,-0.01944834119635135,0.0773410246859005,0.01884452575076413,-0.08890729883246884,0.04350458116042376,0.08014111304983584,-0.05321596678146034,-0.01820808101973113,0.11197450081549108,-0.0696026823247805,-0.13272894542608196,-0.11212206985454662,-0.2499701375574494,-0.07984904309959165,-0.06263642002312943,-0.11933079474230929,-0.217567676431335,0.07247465852153627,0.16236974206349203,0.08424538425798873,0.0
results_s1/zhongwei_candidates.geojson,cand38,38,1.5,6.7,37.59926,105.23737,0.09097190506330234,-0.14902656147901552,0.3069404502523993,-0.048228126577851124,-0.01258954944433022,-0.024997424440159646,-0.044265569611345035,-0.0028490927524316796,-0.25554470400837576,-0.037590971873409366,0.0460290766405747,-0.00197321855805451,0.05412983606502866,-0.07924475994153234,-0.16322799108938305,-0.19861825806785066,0.026065143271101526,0.25126184750732167,0.06249519175806783,-0.016181979093721714,0.021173108875543394,0.04993907655120832,0.06289495228160098,-0.0052030257524489955,-0.13270370123640135,0.09920964996350448,0.06117651279349261,-0.10967245091316748,0.12345389728701574,0.1193413581834052,0.09006957456732936,-0.0170418945850479,0.05666835439735375,-0.11549136903287403,0.0994222186603543,0.016634918241462335,-0.2881801596634476,0.009002772741523541,-0.07918592581284568,-0.26994499455959864,-0.048560049184472105,-0.17034594354480917,-0.110802316346021,-0.08420745616940067,0.0652835038241879,0.25005237784339746,-0.017661685183344034,0.11937371810523535,0.09981987659470526,-0.03037128172682299,0.026983675470091825,0.10299425933362477,-0.13215204271287143,-0.03952437680540381,0.10705320031834914,-0.14210864148007196,-0.13824648442596435,-0.15206037257426278,-0.15553013839855248,-0.09711219959109182,-0.0651627865567111,-0.059136172528952924,-0.1847224942782701,-0.0032732146620616247,0.09184744884877363,-0.20637009662308506,0.2708079680178341,-0.06349222410490414,-0.07153036281846877,0.0021383650506088315,-0.10199856830594019,0.016603913659435848,-0.24970906125158773,0.00918641413529264,0.08112302085555984,-0.030748457361318676,0.08364019248822689,-0.027271712301428545,-0.13171651316556895,-0.16164535898574414,0.006028572543489076,0.1957045766556378,0.02750185156857986,-0.03606739977432553,-0.015239377956183475,0.0014895176446249056,0.0538803713839311,-0.01374576497120533,-0.196813680147378,0.12771349878401306,0.05873886724163382,-0.10528751588111471,0.12184870485844743,0.17147130388994242,0.04287072185953385,-0.05056041981684203,0.0504120697224489,-0.16241538198102654,0.10740695837520335,0.08675010917734956,-0.2282026032742829,0.012239423856232091,-0.07971135192851016,-0.2050832322056621,-0.05296916163535082,-0.1474662713815774,-0.07563441379604556,-0.10624891381643219,-0.0027560550499366693,0.2132450158486757,0.010278868843629305,0.10794595612094977,0.06169804458557001,-0.0813901225863373,0.07396339514098997,0.09645778435370783,-0.09071826547499472,-0.043558062249500436,0.11164755504057056,-0.10964260317419718,-0.12792753724757275,-0.12259366606078118,-0.21358132605721417,-0.06774693129942484,-0.0632887583187299,-0.08739619727461727,-0.16597032777915421,0.012175140530828648,0.16564133771929815,0.23969074864602788,0.0
results_s1/zhongwei_candidates.geojson,cand39,39,1.5,10.0,37.60608,105.22353,0.07905421887077552,-0.09977695001852015,0.1879538227215377,-0.1006535052561051,-0.03265149525764792,0.05157660388906181,-0.09101921103532379,0.0770942491447948,-0.33305644255465217,0.10798891009758235,-0.04009827994746486,-0.05797189007311021,0.07069079918027155,-0.06485400049220541,-0.16871177168166918,-0.21055068880938668,-0.030138961380164836,0.2926761285445037,0.007655692558472405,-0.025685649822027926,-0.03439942664276103,-0.049405086876678134,0.013223206696908716,0.0020822039240494753,-0.13049490297614175,0.1970452511164935,0.05207496790402801,-0.13460396233637834,0.06758810990898681,0.11884874838337264,0.04507416297113014,0.021944584631542592,0.09053652751474721,-0.17451633213261564,0.12803260499342287,0.028903176783507574,-0.12250754916315185,-0.046154917581175695,-0.026522820957002514,-0.2106975754761263,0.08498690873094196,-0.219115586612193,-0.04119136974335947,-0.14824220980135755,0.0020900480076072514,0.2545868061210196,0.05167598870907219,0.07750280901696206,-0.0018280397598104277,-0.10186362202668285,0.046578702699322544,0.09222635590336027,0.0711181163099585,-0.025119760703021198,0.09703368959718386,-0.07835037413810514,-0.12665876759523934,-0.1120137843080349,-0.2391647675071308,-0.10368242382437699,-0.08928987066533343,-0.11021140470157798,-0.15457603489248875,0.030782478025792266,0.11115354440327971,-0.16314757809049948,0.205444499131725,-0.10055354822226777,-0.050006257404454316,0.09964343040782016,-0.12063486205387584,0.052778593467804044,-0.20470151901029787,0.08657290888246946,0.07495869238659435,-0.07973513841906588,0.045547740917170405,-0.032537271046982626,-0.11792569105983411,-0.1754239980633967,-0.08346077664395554,0.15208919595319267,0.02672163739814575,-0.08719162581626275,-0.07095792531272704,-0.05417629165918408,-0.03256163268195517,-0.05220569919156333,-0.2436573026414766,0.13932334096403495,0.1186071536346993,-0.16051062854184245,0.03873301636421442,0.1675914822233524,0.10647659137546918,-0.005304591167884341,0.07806752075780386,-0.17724306980098387,0.04117926495903345,0.11827749450780256,-0.13396306748736378,0.00823777516702322,-0.0016349339191895043,-0.1418478444387652,0.08111186382625159,-0.129861250750775,0.04502268478888544,-0.18305552308791173,-0.058991093075869354,0.19268696987641337,0.034741337620989896,0.010631823324960706,-0.03218863629652718,-0.19961371293938987,0.049006497708824974,0.07280417019736136,0.016562524694760973,-0.008318938010837404,0.07706178467537574,-0.06051037330961553,-0.131490566546827,-0.1028620588969259,-0.23527019808298064,-0.01972109319699059,-0.10554983365970781,-0.09305409584708335,-0.17468070966858362,0.050908076048517444,0.1563616228070177,0.09415234826788924,0.0
results_s1/zhongwei_candidates.geojson,cand40,40,1.5,7.3,37.59207,105.20637,0.07061647029659894,-0.13973464866439037,0.23825808428245457,-0.056043934502954924,-0.01513772190383657,-0.017330054598991566,-0.08222471967815886,0.07578821867852094,-0.31999786900814847,0.08721007662393078,0.02388852610223587,-0.0141452834393441,0.11246045233755646,-0.019982226172103885,-0.19417070504652076,-0.22724922944210849,0.009956697439736727,0.24514632229787203,0.011277874014572154,-0.0015946521569912958,-0.06640367336435744,0.026559014484061248,0.0567029558845994,0.014362048544467657,-0.12047542991017826,0.17767654415286246,0.0050026837258576205,-0.08736076307415785,0.15268118651093668,0.05675041330337542,-0.0033647849695235235,-0.012186293072840682,0.07341555751322845,-0.14134770460935395,0.1927559208812355,0.050831032140339266,-0.22127626393894614,-0.01841361151219102,-0.04099314325231378,-0.21776634640072004,0.0007416286540122729,-0.16075091496904423,-0.06315475755922512,-0.11135046396239848,0.009212781742848827,0.2274771304506298,0.0009133436192702958,0.14036972516760532,0.06333430321602934,-0.0437819617999245,0.04422774841108561,0.1283508236791952,0.009193925151085695,-0.029161717882580762,0.10329256979997614,-0.12149243745719585,-0.12449164348365624,-0.1412264094741135,-0.23657103968642965,-0.1815848011163277,-0.09583835262817911,-0.0957961728038689,-0.1340437978303983,0.022485491811590264,0.07162912771520814,-0.1718386202309828,0.2346730069076563,-0.08279593767056852,-0.06030236068680028,0.04734787449238898,-0.11740949306674486,0.09134132329499305,-0.21607825725851443,0.02322530954541505,0.0916712200770859,-0.05112705734885454,0.06884502068150812,0.030249607614759685,-0.10506537626599176,-0.20132810401046886,-0.08140176307027942,0.1622513303437182,-0.01873941870608145,-0.031233882681248108,-0.0504543081711448,-0.01477506557425214,0.053044737262878276,-0.030473460812942884,-0.20017057528409324,0.1532655666022374,0.057130199254248296,-0.120855974591469,0.09815102601326939,0.14386062469595853,0.04293415352807918,-0.05058072711657904,0.06136085901707768,-0.1262150866251867,0.10611883764196237,0.14186654675935106,-0.19462405272737449,0.01615045977992037,-0.044393215507445266,-0.16771232143991713,0.017520754483560157,-0.13721929338593647,-0.01981901326527864,-0.1248739730807443,-0.08262253038641613,0.19008991749695495,0.09867808811594682,0.06811673020529985,0.017202406383400818,-0.14597734518577354,0.0772639016760016,0.10253263940851733,0.0019789424663555853,-0.017676965751980217,0.06742571699480472,-0.06037130278566413,-0.1778439392480657,-0.11004008647212775,-0.26559525811408136,-0.090600876110253,-0.10675252194399353,-0.11480324234252529,-0.16058482110025593,0.0539986470770931,0.1463713963963964,0.08804846574669091,0.0
results_s1/zhongwei_candidates.geojson,cand41,41,1.4,8.7,37.60518,105.22982,0.09085810424971201,-0.22694792322644797,0.18186908500760207,-0.07013419150216185,-0.051007095800953625,-0.00205121889884489,-0.11861335426452986,-0.0183168225860501,-0.2526636117708057,0.009716031770968109,0.1052300663697194,-0.05125759240215981,0.08013969476489265,-0.02721853260010207,-0.17887720524535697,-0.20620014318585544,-0.027856215416386384,0.12211796394240773,0.008079285858469024,-0.06475083301827204,-0.09537578997907455,0.04798467858918773,-0.05829891700111761,-0.01501104648757631,-0.29779651713227023,0.07960829454930186,0.05610081655068383,-0.1097918881766681,0.12870786882170523,0.08143153885535591,0.1072981575930608,-0.05282856003457333,0.06594905194838328,-0.16588297826834636,0.12045339928297094,0.18365314470192204,-0.23203165408691298,-0.009849966876202421,-0.060681431421206924,-0.13825748683823788,-0.01798874705215465,-0.12159629530097335,-0.006916614667963105,-0.14292572679737284,0.00916187680760633,0.20949921332179627,-0.02696001288506455,0.12837684440344654,-0.03871308179963533,-0.07093649521257069,0.013087657761636923,0.09709947554999546,-0.054433627818951544,0.0040759566626531974,0.05355991660514102,-0.07257404420372546,-0.11421093078286805,-0.14135600981929902,-0.2762178294587027,-0.1535208458055093,-0.09827273510239548,-0.10744042527874217,-0.17858236284538692,0.12060967736634709,0.09142522807923308,-0.18425032570008879,0.2477069509382446,-0.05565146382442468,-0.04221253457040111,0.016477878942208375,-0.10499287152873261,0.009969204903404187,-0.27657256198473706,0.04610435598736945,0.08434742716660257,-0.04477034774051469,0.07993015200231209,-0.031278468261178874,-0.17226857711501425,-0.172994804089377,0.004279334155305609,0.1812957553341645,0.036745323211742724,-0.06439089024415276,-0.04225586354156425,-0.016099905217538634,0.013134621338004585,-0.02751574381570701,-0.23766110310115002,0.12507526383420572,0.06054437470661149,-0.09200827437512105,0.06472237486549483,0.14062367457638458,0.09731732983797622,-0.04252070935740808,0.08638694749063719,-0.18730642718473717,0.08820552724149526,0.09259159973972271,-0.23934537101059247,0.009923685041890156,-0.08105699843644079,-0.15836181802928204,0.022228110282924853,-0.14692496605685573,-0.039013205258682515,-0.15400271374352437,8.221528994510589e-05,0.22851605643184747,0.01495841899746405,0.09271397641899176,0.021924944029467826,-0.09771299536245982,0.03635789222377651,0.1164443283912644,-0.05660803295875095,-0.03842860619584719,0.09806206768422211,-0.0883202522232259,-0.12515721024972798,-0.12217918615313127,-0.2035556440645459,-0.09127669324153555,-0.08694080243445779,-0.08823379738254161,-0.16613160456734327,0.02230272572898444,0.14422843137254907,0.07912644939322633,0.0
results_s1/zhongwei_candidates.geojson,cand42,42,1.3,6.3,37.59324,105.24833,0.05952790919800232,-0.09747676558542816,0.2884780973594028,-0.14688957787974183,-0.07240116957684242,-0.018045620173790324,-0.02676140754570018,0.11777529439201548,-0.2847973551142192,-0.018560713905294245,-0.06008459948113672,-0.06702005955968736,0.14334416257088695,-0.03990127214521522,-0.07693264316570225,-0.16770005125700546,-0.012315357502503137,0.27998515340790986,0.08836049500535995,-0.06963260696378339,-0.009331562154211473,0.011462837967585075,0.008156810045899784,-0.026633660595994032,-0.11084947877838786,0.11178843267308082,0.08100621956065693,-0.15699432169336597,0.12239348886056317,0.12691536403234313,0.03879477061506776,0.021003232206833616,0.013142236063436407,-0.07412003579068613,0.014558782837828162,0.03494196804580277,-0.23579602634614572,-0.007671020650123282,-0.08740310918234606,-0.25422086841563424,0.14784210309709164,-0.13743350491591105,-0.10624136878748648,-0.15285193958791593,-0.00803015289514782,0.27129294764811135,0.07570874010127263,0.10484475049631745,0.03893970620133019,-0.12349954781977378,0.05351809518747918,0.06929240294050014,-0.05182789887241306,-0.06307711577927518,0.024624452498340117,-0.050234981184179746,-0.151894553764902,-0.12449326027459293,-0.1774138821392025,-0.06570685181992746,-0.07229945756600122,-0.09167473990883106,-0.09180981102380889,-0.05260063540267545,0.09204040760400499,-0.12326095774213669,0.22953916078654657,-0.10054268285473407,-0.08681729845151136,0.08893949397571196,-0.08869456070859386,0.045602575811075886,-0.23518913211570971,0.048559320381154604,0.06435426431263551,-0.09598733124851633,0.05215904032799257,-0.007338994800092398,-0.08937777535948072,-0.1585062695774644,-0.04593859715608198,0.16796507508348704,0.039119965957223966,-0.069861230366271,-0.03833125677324179,-0.06735342817837582,0.007622789840660201,-0.06275470946662082,-0.23416574381455732,0.1563822073540678,0.10198206792954918,-0.14360821250419403,0.04743516218502251,0.1611546636942065,0.11500247217120728,-0.02385949434753699,0.07528495071385968,-0.17788863986760212,0.05604895234580443,0.12113470187023272,-0.17844708125019149,0.028201090416022347,-0.07301364522640795,-0.1869756956746203,0.1012842891819277,-0.14540155505927516,-0.016544899475473253,-0.15594647646902626,-0.06042494799139393,0.19377878751685143,0.07364646105774335,0.029091052321176702,-0.006098445492482402,-0.15644708615565858,0.04639955666555827,0.057055998377332,0.01379388895992501,-0.0036765960724957974,0.09313388177891539,-0.04569092418118812,-0.17483538937055365,-0.10534565341813287,-0.2338448276257273,-0.023021415425535634,-0.1116267310307805,-0.1285779801674868,-0.18903476155153212,0.045172915105167556,0.17933502604166657,0.2755371887265542,0.0
results_s1/zhongwei_candidates.geojson,cand43,43,1.2,5.7,37.60968,105.24294,0.10950255479397358,-0.1578831920816444,0.1979117755436079,-0.04343426356824089,-0.02119912303299279,0.0035318708733921562,-0.05934012382373112,-0.01766996574703291,-0.31854366545175467,0.05815616337612223,0.056995458961050224,-0.07253303348320084,0.04536475979604107,-0.06713325536564918,-0.19085561956527236,-0.22258870230737426,0.0818579352579216,0.1859852979060555,0.04241146105775051,0.012481896043130443,-0.031104295172838706,-0.07465685171555442,0.02482176992781181,-0.07726888806151325,-0.1677292867887871,0.2108836723303535,0.024374040789362377,-0.07519319316669582,0.09908455555063227,0.12499406994188489,0.07414233149718605,-0.07321990103078596,0.05297308094412637,-0.21289299814518267,0.15654309165972763,0.07190383414430854,-0.3020698418836592,0.004771788511793586,-0.09364573604556521,-0.18822794364612935,0.01568537935843607,-0.17576375625463037,-0.07348881728956735,-0.06380472707697979,0.027219287084826415,0.21606885964685132,-0.03386468111862972,0.09697470679476797,0.034823886960796795,-0.03740324005152749,0.029426801970074714,0.10438720718719598,-0.03201403750799321,-0.021910724891659513,0.13922882837537764,-0.10143615911520178,-0.0938070627826561,-0.0659976868009867,-0.2025344932193244,-0.09782644076370997,-0.05990585948821765,-0.1100288884528224,-0.2575603557408265,0.06226524831211217,0.10192984450506799,-0.1768901226154851,0.21915957871769995,-0.06921940039240755,-0.0716525738862514,0.02870957569145947,-0.07694825723988635,0.037785925450548645,-0.27996596435797544,0.0006938894169497466,0.07204465449259792,-0.07783523726840429,0.042541873853979055,-0.01776558430117932,-0.12865761518894048,-0.20532770143561416,-0.024283895614007338,0.1391519822865575,0.003025185440026693,0.005185869630472572,-0.02916088977887359,-0.0576962301845475,0.016800726592140325,-0.054071844407542036,-0.1477048386302371,0.17091214395404478,0.06336348303552446,-0.13081035724603654,0.10618284255528564,0.1581888161365586,0.027047107880505822,-0.046920029336170066,0.004400922722030033,-0.14055812597449088,0.1107984448791453,0.1352349833581194,-0.21937081247125473,-0.0023889794801185806,-0.08882364242414038,-0.20896907268837384,0.013170758415464572,-0.14487526261532513,-0.0694890366479144,-0.07708848521025304,-0.025009144445841104,0.20893970280097662,0.035480666086902625,0.05823048800419755,0.028180049003067625,-0.08300384256778232,0.044230106232122895,0.10269682666053156,-0.014430407778152741,-0.01782794919539944,0.07845097877489449,-0.06434155593928892,-0.11472761317226438,-0.08575425414895398,-0.26685875457520125,-0.063611884138302,-0.06819100198996897,-0.10593323419021389,-0.21947605845572477,0.08660508737018142,0.18329717741935492,0.11491879855532615,0.0
results_s1/zhongwei_candidates.geojson,cand44,44,1.2,6.2,37.54958,105.16559,0.03724607098263447,-0.05100661120300447,0.210407916959113,-0.09575447525815893,-0.140632551446207,-0.024656766756205095,-0.07832660643171659,0.18341320377136516,-0.18041075055123224,-0.06306800723474686,0.08216373299012827,-0.0017515490047615614,0.055665228625065316,0.09979169386351971,-0.056627853877772076,-0.1536905425599393,-0.17112262977826298,0.041622225089090484,-0.08246564237558941,-0.0012427336408049553,-0.022654197837459845,-0.009286761570245187,0.09339673207733797,-0.016043071624096236,-0.11494679911598077,0.08166705574164602,0.05077002033940649,-0.13584170228494521,0.15133149648987806,0.10027689851951854,-0.06270338510590259,-0.08661842648863416,0.0050984871638532926,-0.049093493693657744,0.13894706583711797,0.17468740641082942,-0.14527501713721705,0.06556328074165885,-0.06277250222822216,-0.2642937649198738,-0.06524123416631214,-0.07730289384754714,-0.09330485150902225,-0.11163395365195507,-0.15129807443721077,0.18810750090485537,0.11422382613263066,0.11213714534663764,0.07834111227321662,-0.003473968580147658,0.08846148234495492,0.15717966202694753,-0.023795672155183575,-0.005460861872750981,0.04819746169531233,-0.06971409644247244,-0.12649583459398747,-0.10553336036380562,-0.3854787644412094,-0.13416541881105848,-0.16832156637491158,-0.23303240943383974,-0.20562718630701818,0.12037187376974243,0.037075957487654417,-0.10129796226332764,0.20668035813810737,-0.0853328037003609,-0.11599642752789445,0.012369301069334926,-0.09050934026709964,0.1515871502341672,-0.1689724717641339,-0.038714668215699743,0.10166589287104895,-0.017797495207423533,0.06641874944671543,0.10201434804878177,-0.07324659396641951,-0.16950231014765219,-0.1411832086159612,0.03589936575244905,-0.08356073399506193,-0.015653566004967354,-0.024031814136102506,-0.04326808568418154,0.07977523833128261,-0.03151857732139405,-0.13846501403266817,0.11630051691940747,0.0671144123317183,-0.10885065706315511,0.11436124477619297,0.1270845518106746,-0.05076906426477481,-0.090815750089045,0.01897302457688978,-0.08355947622465484,0.12667606629823414,0.17106080333576232,-0.19640379995962953,0.04579116380190143,-0.05892974793626755,-0.22197664946590612,-0.04007728009376214,-0.10398996555830936,-0.05953146286629364,-0.11088568014216788,-0.15203208636855087,0.17029291350993636,0.12988611915033976,0.08177037874864042,0.049136070594683924,-0.0678277668924534,0.11166307622851392,0.13712220041429485,-0.013316186083257004,-0.019754548096369808,0.06428866798057734,-0.0507799713177927,-0.14650446009437704,-0.08319366387416073,-0.36313201389764654,-0.10783624561085656,-0.1436272858624684,-0.2025990880811408,-0.1981005429311811,0.10559219329316014,0.11776194444444447,0.344569730031493,0.0
results_s1/zhongwei_candidates.geojson,cand45,45,1.2,8.5,37.6042,105.23395,0.10203576474987275,-0.15021818994894637,0.28546084790144244,-0.08014822939379133,-0.04261279850340923,-0.012723162354946317,-0.08648186010919698,0.01262743998281821,-0.3140321588244056,0.029437410792571506,0.043680187224744975,-0.03105145566638169,0.09091479034947546,-0.04310303965910592,-0.20741370501041168,-0.19399733999377114,0.04391680130702333,0.20584751748630256,0.07000420017809679,-0.06273729743443864,-0.04226588642715869,0.0019348568937493057,0.027279602383992695,0.0009647097442916945,-0.20149148074852313,0.08953959999393853,0.030938541272840032,-0.09312555591297676,0.10643906803745032,0.09505973760683718,0.08494567805893843,-0.008919132217245829,0.09206152528805811,-0.14086573285754764,0.09652824621368558,0.08141017542856814,-0.24301931998803322,0.003998518396607428,-0.08071941780889583,-0.21821105661557477,-0.019166126858422155,-0.14801659585060267,-0.09395397246757368,-0.13630113352378317,0.03332853915836463,0.2479962183691071,-0.0407198909603331,0.1276371322342537,0.030308659061332763,-0.025177697457124323,0.01754122763488285,0.11634962387338006,-0.09226947918111296,-0.03223790719236862,0.08258657824105703,-0.10306480262903402,-0.11647133121092942,-0.13080389644044976,-0.1859494739483139,-0.11226048802501669,-0.08157674519509925,-0.11568602258863331,-0.16473403869982337,0.031897874993773896,0.09789548021721503,-0.1891496648717513,0.2681290436214745,-0.05022409559601053,-0.0469319954314314,0.03185974442036995,-0.11914016602693166,0.018619258636747113,-0.2514971853450981,0.004136924102107301,0.1102865378192685,-0.04619806171848698,0.07497971936536636,-0.020414186677097466,-0.14885589295836887,-0.1774393047233704,-0.0188348433384731,0.17468854018805124,0.04659734694515748,-0.06786790282105894,-0.04377996040716239,-0.017448542324319853,0.030016382959632448,-0.020569035174478455,-0.226934134565507,0.1154972742422654,0.08349884024005094,-0.10849766211853216,0.07878354737337483,0.15711357538542933,0.09281013252068089,-0.02961818490740273,0.0703519895729087,-0.1570490571549868,0.06825304233106366,0.11244137294384464,-0.21754819748179816,0.011441685535903183,-0.06721810598016587,-0.17185981090455082,0.021909119071022286,-0.14453061429153005,-0.03568090801346478,-0.1399043500427607,-0.0063032089154156125,0.20974676328173503,0.028872381084558106,0.07271521989336374,0.030992343797493858,-0.11434295768818349,0.03716917503117259,0.09258781960991753,-0.0659329364987341,-0.03740390139399886,0.08636159756402416,-0.08860875556955329,-0.13632702749244702,-0.13567630590142604,-0.2247432588877495,-0.07969476835051584,-0.06803422717934533,-0.07390107528877031,-0.14826161386490042,0.021030592039669463,0.19263902777777772,0.08624588406427791,0.0
results_s1/zhongwei_candidates.geojson,cand46,46,1.2,6.3,37.60626,105.23871,0.09611203919126153,-0.18598875063276019,0.2522125808025968,-0.058711402751426764,-0.03850509465810109,-0.002904451606934179,-0.13086050325537793,-0.001809970490056364,-0.2693450951107922,0.027924029526440006,0.11605661525492669,-0.0036186059257869644,0.07729076556094376,-0.039570079258620314,-0.1764026743798024,-0.17580046513343858,0.03240265852283529,0.2406450946696104,0.017973258375915364,-0.006456120671008026,-0.03163405598263868,0.018066420615131407,0.08054635435858475,0.022267082093628605,-0.2096681207121851,0.12243407258130269,0.019304394496276914,-0.09403418826043516,0.1262849651718982,0.13600384608179142,0.05361925235295332,-0.05417971941224618,0.09703011154928781,-0.1837099254319729,0.12913509132110473,0.08683730169919557,-0.23063989064319387,0.023865538545761397,-0.07434294003387383,-0.21199046049975162,-0.07899138180232719,-0.1882220151864988,-0.06789502150697073,-0.0876361066465437,0.03118304291745689,0.22865175689760495,-0.016060496375500145,0.13302668516560914,0.08330149471736013,-0.04241677569930025,0.052498394961627746,0.11889061333405984,-0.045483520806802485,-0.027160140597588995,0.11916680589467417,-0.10561539834267848,-0.13392576241160947,-0.15519792723864417,-0.20780651021850455,-0.11048208824491708,-0.07714318067613725,-0.06359760695348471,-0.1743452559183413,0.02115218385283763,0.08874821698768777,-0.25315841048145904,0.21086371254774833,-0.04117456972620735,-0.07125395473992095,0.02526389800128809,-0.1515629791004997,0.04441786386492892,-0.2168544686334442,0.01206237216929994,0.12366999683258045,-0.0697840264569032,0.06505941922661976,-0.01860016836439329,-0.10927110854911788,-0.16339611608937077,-0.03932880376907143,0.13862142786330023,-0.01935083851915722,-0.015709083726909823,-0.045435484392537945,-0.013606411686121641,0.03632594700836001,-0.010696715335202686,-0.22814469734329323,0.12888115161918934,0.08930914062742827,-0.11471876678541958,0.12634779411783678,0.14937145021105755,-0.009945697896140516,-0.033530860847158186,0.019037711979202353,-0.14160535209163533,0.09463096844078164,0.15787317792869285,-0.16399793684161962,-0.0094078887072917,-0.08431995912327614,-0.14199685363047793,-0.054881125637805284,-0.1473951568181921,-0.015278171938533699,-0.06738865462299966,-0.039644514798185884,0.21280115342397876,0.014861230820139853,0.09735353217178945,0.0034360808371470047,-0.12492554631243753,0.06869852346433504,0.0940355476980407,-0.02570775105527161,-0.015346756617637337,0.07238029956180772,-0.06442868467955896,-0.1486493663668155,-0.09031026108304653,-0.26002003747329233,-0.06626478862488351,-0.06527659188932095,-0.073853875163125,-0.1625331216656124,0.09746537937821548,0.1481647222222223,0.11307388965536048,0.0
results_s1/zhongwei_candidates.geojson,cand47,47,1.2,11.0,37.61111,105.2017,0.0892821688002112,-0.14074494372792956,0.1873407323788828,-0.054589961074202824,0.0169131333114446,0.00329201758138462,-0.057218433092127256,0.044059047931332855,-0.3182881325462019,0.0874217763338947,0.019389302935128853,-0.042415429095426574,0.07063648322564865,-0.06188131799740651,-0.2297264973913099,-0.2380514502983152,0.04682937764007726,0.21241342963418955,-0.0021858508570710084,-0.018794141535417763,-0.03519858147424117,-0.029746855483964007,0.009328769721702457,-0.03831224116715342,-0.14670589248691215,0.15356159735230349,0.05380217878137338,-0.09991046013295038,0.04549338140607823,0.09451141544672598,0.0554209799380463,-0.04045690398588418,0.09030258614622558,-0.15618010547098093,0.14541899198541963,0.05101003897694653,-0.23568618276060332,-0.03229356777523838,-0.056949842582188215,-0.16981335127653593,0.024953383653773805,-0.1650905627747311,-0.013077561497419196,-0.12860052594669794,0.014231499185294285,0.2492616502263769,-0.015085154207309041,0.1325883771377424,0.0062519938467935155,-0.09048378282529451,0.0220106140398367,0.1260850352370477,0.022337213061767842,-0.009160874438933259,0.09768341868007013,-0.0997527844963288,-0.1270508327175028,-0.09855757181616732,-0.17983985480736975,-0.10031236638722969,-0.08254485173257257,-0.0798690997851359,-0.18197086074160898,0.07539137052094669,0.08279616673864969,-0.18199653760544135,0.1844369052032094,-0.06882866290241287,-0.042973246712884536,0.033490323668644316,-0.12885719373535487,0.09674814107927018,-0.22951703550180577,0.03369805925595043,0.07921946193526337,-0.07385626224961513,0.02076075668102283,-0.011251701338118569,-0.13293846615258254,-0.2097850729877218,-0.08644682848484776,0.16320929242926316,-0.058004079885122066,-0.04248811211516455,-0.0701353737916955,-0.0285092925193143,0.02738002567866348,-0.03376531917055008,-0.18558271059746884,0.1771510783716136,0.07299459455009137,-0.11459759804379495,0.01933395436466614,0.1574336496251083,0.04244861624254677,-0.025554925188353464,0.06815713720985261,-0.11702838532447632,0.11056432689261843,0.11826440834440236,-0.15414665228134072,-0.01983976117425284,-0.04110384980188956,-0.16216795291237404,0.062395929962872965,-0.14537828157411625,0.023246749872417392,-0.12355107566151581,-0.06806488647200164,0.19742682650140314,0.12270992981980884,0.0354523412237418,-0.023039667746950536,-0.18805543146629328,0.06786684705477353,0.09375701277080202,0.05514580300515934,0.00538853767581617,0.050845459932180155,-0.05049870751812761,-0.1715911024780036,-0.08731705254528044,-0.2734602158089103,-0.02966637623169528,-0.0931068782255503,-0.09468134997967904,-0.16707166659802514,0.08345232426725525,0.1702695833333333,0.09836777293803257,0.0
results_s1/zhongwei_candidates.geojson,cand48,48,1.2,8.2,37.62746,105.24365,0.09506815277151737,-0.16933181694155824,0.23320680519962203,-0.07475260175580425,-0.06412662158977651,-0.013096876704058997,-0.08310045801462305,-0.01893956834868089,-0.2774152980099453,0.07871820212520503,0.06615012054841578,-0.04179130474415142,0.05449020435651651,-0.07191404317689384,-0.18200145496135214,-0.1445669620217118,0.07569712423478452,0.20476120297388464,0.05751586939278394,-0.03458774704690503,-0.006432341884019932,-0.029702702641370753,0.00676958915352233,-0.0012234920293386848,-0.256312632143728,0.09789316725257294,0.004388622663754187,-0.08167835586618515,0.07791316314293513,0.13265935529570042,0.1272836294730385,-0.09073774901734506,0.12733943463363517,-0.2216840405774474,0.09459886269338405,0.06436800415911452,-0.23161201516430158,0.025812248107698464,-0.08581646769378211,-0.187805352750461,-0.015675504689119706,-0.12800280649458293,-0.052367102455110656,-0.17523900477728613,0.0024808148985332097,0.22526446132726352,-0.04873113479538378,0.1169351383905658,0.02353480690279793,-0.016692795051968,0.01920783200179215,0.13960699679094754,-0.07765661793431476,-0.07020951449861862,0.1766039593729482,-0.09156920883464098,-0.09749370713713815,-0.090476307273442,-0.15540888578604534,-0.04739137881863034,-0.11105989693176777,-0.13395756870914519,-0.2369884211323342,-0.006043068607522852,0.11013086432025346,-0.23227434204414157,0.19674652821409325,-0.06752238329173696,-0.07656691663672605,0.06904894743715946,-0.1500560284678848,-0.026539185500550455,-0.17998859996122968,0.028972800687818354,0.18698338657774266,-0.06515142432511431,0.023047492475034036,-0.026455964733696418,-0.10276376640271899,-0.1640715619196368,0.004658728524046146,0.15389931371377,-0.0036603107804894014,-0.07144274271411083,-0.05593318034999114,-0.026632184760180956,-0.005734638578823685,-0.047353761090345815,-0.313444684256396,0.13860403476780078,0.06817315527381362,-0.11370202175951977,0.08497978686470145,0.208327727702327,0.10706368015648941,-0.07948068102303106,0.063609956082202,-0.2420857451695581,0.06967226422430155,0.15293607612348614,-0.1868565159549695,-0.004638489901465294,-0.044961496066963966,-0.08907470631769197,0.024955099852514907,-0.1290249021054866,0.02885651503751541,-0.14395241621845595,-0.01807196216703333,0.13958961135560138,-0.005128162126382297,0.07959113669729231,-0.005115205241282139,-0.12331796360528705,0.04036596468311382,0.07872121429501354,-0.004807345484653758,-0.028043415842067054,0.12887808193851907,-0.04528265342921355,-0.1398715481307225,-0.10153351994702708,-0.24781994464321752,-0.0665617461329953,-0.06807717684096212,-0.07662480923758899,-0.21556535260569562,0.07773233339430301,0.23082555555555564,0.021314567322811603,0.14166666666666666
results_s1/zhongwei_candidates.geojson,cand49,49,1.2,12.0,37.6307,105.25165,0.10642557517522362,-0.13970104854485602,0.14623766100575816,-0.08843874678292094,-0.02902533746372248,0.035635414858982244,-0.09137110319165564,0.026134486927625187,-0.2965667006391494,0.09448011906668043,0.029416562400227827,-0.03881515741595647,0.0776245417470038,-0.03749703531763953,-0.1446722499147492,-0.20218507173051622,0.028067762159384318,0.23000000191754388,0.015179846104334196,-0.01826559066897669,-0.04554189561339509,-0.050263542732301617,-0.020436308945692927,-0.027495262868076506,-0.24050452108866632,0.13300714636579125,0.0006271620704742029,-0.1011119004999357,0.13516721076969246,0.14344223511450768,0.08470432019400434,-0.07193200645700887,0.07282864477918366,-0.19754553638970632,0.14024360347369438,0.11811616671508468,-0.15488899946724244,-0.024245616894582708,-0.078805503222592,-0.16821805795648007,0.05244186470898241,-0.20806839239208166,-0.01622068626971594,-0.09372008400119788,0.041569693605279394,0.22659116402253388,-0.024479846136293275,0.10565758869518503,-0.0684448893145836,-0.0785719847504141,0.023316899344615522,0.08166345382219198,0.030646620664793216,-0.030723296845672574,0.13625293679807918,-0.04084259427044335,-0.120768745827345,-0.06857821229318092,-0.24357779650578806,-0.14898187825323275,-0.12702378361414166,-0.11168958802532315,-0.22660238037483513,0.1122304861964019,0.1018535325862561,-0.15673780973777804,0.1805642723063899,-0.0987624807846556,-0.07038784638018401,0.05315139098181483,-0.09401778127597642,0.03401630300184134,-0.23666543543705354,0.07675074656864403,0.07335158692188243,-0.06820052146389272,0.0714093224283763,-0.03659446776944877,-0.12338938832221956,-0.19211849420001367,0.008018793178021389,0.17637252872703663,0.03306355225389334,-0.033589726276600944,-0.05297171174647988,-0.06548309930677182,-0.04227236601920081,-0.0681703394936949,-0.2623278607102114,0.14150739655512182,0.06030307476090034,-0.11013839448215564,0.07532060559158221,0.18006047771597383,0.13028060375328926,-0.06017189035441971,0.05053565570272148,-0.2011678972204732,0.08008759203248204,0.12764148261367597,-0.1975294029446181,-0.019312888503558553,-0.056781632369837104,-0.11806758291822346,0.07417033034534956,-0.14006816303649428,0.01997431762185363,-0.15620211839827636,-0.011091968752664673,0.19779278416303478,0.010837943563837842,0.05138317732939504,-0.06823630282408018,-0.14653638670806118,0.0373632049089554,0.08259123211764456,0.021277968081182878,-0.0369227704185991,0.12062358627542394,-0.03196549849198257,-0.12094111149026689,-0.06281923361383485,-0.22319902411590517,-0.0845350309952998,-0.10175051807741928,-0.10561354020962395,-0.23569775709793733,0.05887694225096874,0.16100125,0.08585176276263488,0.0
results_s1/zhongwei_candidates.geojson,cand50,50,1.2,14.1,37.61983,105.2547,0.12895189892223327,-0.12449454716009369,0.21486005211542886,-0.09782079876070324,-0.06387692232357865,0.07747393097870836,-0.10393664655567726,0.025684735009638547,-0.22129145445400836,0.04397463751387457,0.07019153680200477,-0.04733853599047899,0.07754371526026309,-0.01896967724849688,-0.12086702514182922,-0.19737432197786972,-0.012455055920389771,0.23365449259725454,0.059791055323447896,-0.0461246357151541,-0.06481804228349955,-0.0012583340249337667,-0.0156214329938586,-0.035782569901545984,-0.2659671438733625,0.15893640020049146,0.06412364124886849,-0.15918477353310104,0.11885986596264217,0.20038855238991957,0.1325763678302351,-0.05007649060828987,0.06995066583581924,-0.21914962345053352,0.0926638884066465,0.1622153818105043,-0.19597540424344945,-0.0015509800133947553,-0.04615191937219081,-0.1727241975625077,0.05403046529071182,-0.14736559047246767,0.013293336693928109,-0.17895011842069258,-0.036123119548013116,0.1770381554240565,0.01343909074591955,0.07084373127215149,-0.04601680006524299,-0.1706815108171662,0.033723177989248516,0.05491207772799374,0.03614105465302299,-0.022463110448453213,0.10698360201390852,-0.035941093830129854,-0.1556598196545795,-0.1259075721049986,-0.24138245420810078,-0.054815142755678455,-0.09044418774921291,-0.08927325603741612,-0.1986648159423114,0.046913363537454,0.12260359812816277,-0.14696107073556472,0.1911274831555313,-0.08679039732490283,-0.05201880200317057,0.12435499488268943,-0.12960487787922606,0.03477168381714978,-0.15183569346718542,0.0058158177637074,0.13495448296217316,-0.08809843614899926,0.03985004495442283,-0.007677187078944686,-0.07391924606372459,-0.1734682062311625,-0.0432950773176412,0.16433431978529325,0.03251746658109062,-0.07765535348048194,-0.07564090678962136,-0.03927578475780733,-0.03249608998845275,-0.06092501786378768,-0.2667863977337966,0.17604914228008442,0.12028085593974189,-0.1676575811786884,0.07999455336669842,0.22148496032490983,0.1478397502716139,-0.015385258274920034,0.04661543090642666,-0.19083665731998745,0.05467062043224038,0.1657208271931369,-0.15923769919134512,0.012265420310129331,-0.015432660948720853,-0.12351653038923475,0.10322200190734135,-0.13521996529749766,0.07595820539748958,-0.17508748657804166,-0.042461864532364814,0.12250891910458626,0.039437832119207816,0.031388038461882636,-0.05732012279018645,-0.21621123589822652,0.036816366344650214,0.021018371024112675,0.04328026526222394,0.0028382066366208197,0.0953096399688616,-0.009323122285064048,-0.1614944296776908,-0.13639256193263852,-0.2492641723801778,-0.019344333083544364,-0.06863761467430306,-0.061025921359134615,-0.2062113877761595,0.07806670380387272,0.15597097701149418,0.09243166253420855,0.0
results_s1/zhongwei_candidates.geojson,cand51,51,1.1,9.3,37.60527,105.23701,0.08471244253367992,-0.22261029335836696,0.2564974095278507,-0.03939594418424314,-0.051623005978396294,-0.017453029649395428,-0.15460183571248587,0.023871576981131428,-0.2917391096683832,0.018937466835441074,0.09541667026325705,-0.009222281621909419,0.10289520980845496,-0.021154994628132695,-0.16643698744991392,-0.16159686819784874,0.01801396218739957,0.22285685385112997,0.021336943095163607,-0.038555445643755466,-0.05286770116752671,0.009172240102870797,0.0755351179710397,0.020173732256261658,-0.20252222964558458,0.1406240138548972,0.028116840015926025,-0.0810509230513178,0.12638732956717577,0.14331984915676427,0.004046102085747447,-0.037751962891116424,0.05094410016283444,-0.1824292067942244,0.14614628192805118,0.07100500498311585,-0.21102079417445735,0.010599781467975357,-0.07030108608076072,-0.16510686924453644,-0.045977588095202936,-0.17485353565288791,-0.06061839230430698,-0.1106484124842158,0.01827271975694338,0.21211931626036715,-0.0031937440684233227,0.1281830032110997,0.08510520937814287,-0.06812939515325409,0.06412406081837428,0.11099348310622392,-0.04435079626591445,-0.03642222576446407,0.10669467211660395,-0.1145000339837823,-0.10986218057722309,-0.14883300714656877,-0.24953791966694241,-0.11836596255978263,-0.0467458607081811,-0.06029282319424155,-0.13708877976993714,0.011489569600352639,0.087790191048493,-0.23147893279234857,0.23455166783099238,-0.035070703708551365,-0.06336387042369859,0.008989187919727777,-0.1445780301264223,0.04072202425540257,-0.24033473713926712,-0.002952281355523936,0.12355070958663873,-0.049641526550931604,0.08025722327985867,-0.01191530994055887,-0.13339566568805852,-0.1699971813704546,-0.031845764083519676,0.15757317405817295,-0.006404772355354061,-0.02976037542966097,-0.04551992503231163,-0.014571664165447782,0.05419326206000938,-0.002395298626807397,-0.20627041040017693,0.12934022619579197,0.07836368677023946,-0.10575995477057876,0.11113213749779521,0.15375896658110516,0.010771762513276537,-0.03365908005146652,0.03418993108770217,-0.14469593180604085,0.10843304576666131,0.12855852424273528,-0.19367808024931069,0.0019121564800180868,-0.08008971059333798,-0.17398461710048088,-0.03863687163858766,-0.15617809563723964,-0.03009153246138438,-0.08416949287607203,-0.025573386062665904,0.21521206930087905,0.028254226974359437,0.09349332319677808,0.04328602369373375,-0.11169145893408113,0.053677081490615036,0.10092829354080493,-0.03807640844171801,-0.015984445266640977,0.08249253172465086,-0.08379309671792365,-0.1331819476719816,-0.12480999652364341,-0.2593578533194455,-0.0873410214742365,-0.05942906458299605,-0.06803699905901507,-0.14814725850022095,0.05866515715684015,0.13836830357142854,0.11461502465483385,0.0
results_s1/zhongwei_candidates.geojson,cand52,52,1.1,11.5,37.60303,105.22596,0.11125131242501494,-0.14006887419759392,0.17558968987619522,-0.03277423987735406,-0.008956381241502349,0.09444341973061696,-0.06935222004010932,0.009177537825288693,-0.2996705600996258,0.16884872394353373,0.04044433254121836,-0.06629114373889458,0.026828167960347895,-0.044701798844359424,-0.1817199327621473,-0.18144213140476118,-0.049745089246819356,0.15257171038485923,0.019843109758680692,-0.03162150364364899,-0.07596271064783175,-0.09067216079534426,-0.04601017647938065,-0.06127888442075296,-0.22901609855796715,0.14668510192385617,0.12350227299431447,-0.12233817506620276,-0.03283152665574811,0.12247836742784837,0.11370139199620166,-0.030998027465847545,0.10904936642791313,-0.21195044221757042,0.08309985236767246,0.10719643060681126,-0.17959657991768704,-0.017054673198617833,-0.07138072498902949,-0.12489453840318893,0.0752969414450383,-0.1048097688319142,0.010114430000935192,-0.20187450948419813,-0.033473019892397066,0.2562981255410323,0.042054032952302846,0.007307035116031654,-0.051413923159251855,-0.13908219212025444,0.018109026673732563,0.1041275274742403,0.016963122291842013,-0.040608808542372574,0.1343207367068959,-0.09043009941003025,-0.1004345215058018,-0.06699447150104595,-0.22750368105662233,-0.058693382762586926,-0.15106522183615606,-0.14096912605978357,-0.22225858373678456,0.05283800489336822,0.10771137522996962,-0.1667725402281013,0.2260372421251802,-0.07761629049288261,-0.05161601934694665,0.12056755969669054,-0.13033240544667601,0.03301012284489042,-0.20451268612603382,0.08246632705727139,0.0883071039371208,-0.08751207342248245,0.03895867085436391,-0.01588150017134244,-0.12632198785050736,-0.16428631199776053,-0.09321608786554643,0.1462496353715746,0.03450745772320053,-0.0915954993989771,-0.07173758567696718,-0.04951864612297279,-0.016515680677966542,-0.05856272797145321,-0.2654622988878225,0.1453729707790289,0.13094362977215168,-0.15227963278221615,0.01422191168299386,0.18355462425644734,0.12601027978703389,-0.02633484354230742,0.08523346213347355,-0.19512106951503905,0.036128910857235796,0.12923509685098342,-0.15777629494806067,0.010178639663820188,-0.02779586562181918,-0.12884641466048083,0.0846851413124118,-0.11465615455110052,0.031743960406248384,-0.20249025244821062,-0.06464792843506882,0.19213730842905247,0.0622417507090105,0.0033346136582428523,-0.02697538618216226,-0.2021205882368255,0.054369263085963564,0.07696636158919944,0.0005087033477039188,-0.03379497378952228,0.08706937808926075,-0.06320164942107385,-0.13727675552182228,-0.09671872461548833,-0.23935657222722004,-0.009471510963450478,-0.11016768690700844,-0.10158829731251705,-0.17883697924999567,0.03364543150681072,0.25100030864197526,0.0410588040552462,0.1111111111111111
results_s1/zhongwei_candidates.geojson,cand53,53,1.1,11.7,37.63698,105.23791,0.1515164050256836,-0.16675445972648095,0.26879547557007977,-0.12889496610548914,-0.06507988937088327,-0.058069673987750654,-0.046345351014780586,0.027161194495488688,-0.27954611199938234,0.012478910168254196,0.05209718823600032,0.04728601390336653,0.12413860112143468,-0.05504053205970622,-0.1492081108441106,-0.15038328309755528,0.12191308337209089,0.22257154362340192,0.08017325403808717,-0.04409506935873493,0.009652332753396619,0.031404928460331064,0.016582995332497612,0.05100277796671217,-0.13919239006450823,0.0458956817234677,-0.05337727795563176,-0.0887794286889137,0.18600163677101422,0.08696306886208914,0.037002729426949765,-0.02811004810948729,0.043657806306631707,-0.13655682220688703,0.1440533785280382,0.02512251424848936,-0.2228616318151012,-0.027036978719020964,-0.038701686299786264,-0.23040646331062645,-0.10672963095097217,-0.11236427739991701,-0.06755594515185792,-0.1334794051044688,0.05999678244326696,0.24290985618090213,-0.1319006785708597,0.20368393277782945,0.06305574740585086,0.004039914256219296,0.022016951113988326,0.1109832888846197,-0.12142669641876094,-0.055540751726896306,0.16161370839582753,-0.1345357274780256,-0.028031175309500507,-0.1207161816660844,-0.15855873398329637,-0.10100518562201105,-0.04509604553841373,-0.06469952936402382,-0.1676088975908955,0.0006612937080149208,0.15796566321494032,-0.21582976014799157,0.2195079105736154,-0.13482413890393338,-0.07311868310059165,-0.06267569012687095,-0.0817689704230562,-0.013712668300831963,-0.22934233454000014,-0.018109138798007848,0.13191469575053283,0.05484662979566679,0.08381787397907176,-0.058379911826452746,-0.11897244632143326,-0.15566027193154675,0.09892308813557779,0.18804101802068898,0.021012471377543782,-0.037726832842474044,-0.007154972011967179,0.018435515123928478,0.009682989786088898,0.05225992274513812,-0.19037485209228583,0.04896221192956332,-0.04572650689000671,-0.09971861889295279,0.21634047100835715,0.09845881326669777,0.03341836172222371,-0.038304485085563396,0.019236972058219545,-0.15192367355240635,0.1421581826909262,0.0652844181116637,-0.19772040334615373,-0.01659116029926634,-0.006886019756407239,-0.18105764911950994,-0.1199310063194259,-0.13523469821703848,-0.030240663631581746,-0.0891619498062903,0.05015732097567599,0.2080285105408525,-0.1349459562106788,0.18489139451223255,0.03653037256453397,0.009658726694682306,-0.001648797061144345,0.07871578651799876,-0.07277942309126052,0.008208463614733734,0.13969880937483953,-0.10762177573751971,-0.07613738683408218,-0.14745761309744013,-0.2027299897736915,-0.13760451467805213,-0.05041175574384298,-0.045062093727703034,-0.17395659195310995,0.08217347550036716,0.14538333333333334,0.016702272616428537,0.0
results_s1/zhongwei_candidates.geojson,cand54,54,1.0,6.6,37.60474,105.25138,0.08581981894540557,-0.08313582265977228,0.2540924012326745,-0.10991534745332314,-0.06145340484569734,0.03308405797435048,-0.09375563505778496,0.025353899052373594,-0.3178400611311661,0.06379821549017242,0.04161155635300754,-0.012585787310884085,0.08483696576167508,-0.04723828347564001,-0.16777310061188078,-0.14045549521595949,0.05781997777083398,0.26983109580658043,0.04375012923747874,-0.05808155123082355,-0.021783347409588583,-0.045334419279821334,0.028287801139310294,0.012023778033663187,-0.18199445223545826,0.1353267101083626,-0.04697833407598928,-0.11873368818412344,0.12523307791467844,0.12703405596985087,0.08979962100569877,-0.012474494420105906,0.1458875857403155,-0.1943184742682026,0.12019156750787245,0.05313135649384045,-0.17345124522908303,0.02409308346589567,-0.07255455803723486,-0.21021777178537898,0.026075483127579582,-0.1847877797515866,-0.06810303166668297,-0.17397091128902878,0.030453663352624477,0.21222557840045794,-0.025519734794783033,0.16686011782877455,0.04322180578501804,-0.03718982573512869,0.04188216061151116,0.09011475520839031,0.00325019487125581,-0.05095512075496045,0.15031251588494063,-0.08460420338785382,-0.1087674667209896,-0.13813693296716537,-0.16750504625598783,-0.07592110979843562,-0.0882608455740488,-0.1122047712463059,-0.1254825872918046,-0.009757024588465349,0.09918696536439701,-0.11669483996184907,0.23048452200332373,-0.13422135069440047,-0.08816883993753277,0.09282779901931454,-0.12436231649160849,0.031646025512028435,-0.24012608447511039,0.031815460044223434,0.09415279175073225,-0.06765809732067843,0.030959579162661396,-0.006516907969688331,-0.11791298082014998,-0.1405302886457795,-0.00393058762836334,0.1884744988084927,0.020184423372719834,-0.08633248815028446,-0.05426571704873416,-0.059126025415329825,0.005414862800012658,-0.039120460751707026,-0.23886864032047664,0.15816285530877405,0.01817658887320734,-0.13237574646566413,0.08483870744306037,0.1606780702289983,0.1380035072669869,-0.00894271117941271,0.12741557405369797,-0.1902235385271209,0.0746255504050496,0.11536463694264078,-0.1580439955817867,0.03284626324746011,-0.040795965659676144,-0.1682186769274068,0.07369905705752246,-0.1432436191866722,0.012236005251256338,-0.189355366702716,-0.023544977443118082,0.13554053912169697,0.015342772804196044,0.08838435994260745,-0.021575847910617355,-0.1159481299696311,0.047386347960143835,0.048084612195783714,0.040961144937266145,-0.010274738299262556,0.11473455558736254,-0.0366168674767175,-0.12482302546095485,-0.12316578733931773,-0.23141313106842087,-0.006450776602160798,-0.08065817460283996,-0.11945527844828427,-0.16512921230558864,0.032160893381152314,0.22172916666666678,0.044911674249152114,0.028846153846153848
results_s1/zhongwei_candidates.geojson,cand55,55,1.0,12.4,37.63681,105.21446,0.10962874894769939,-0.05222332387351205,0.28022198744826937,-0.12302008905464631,-0.06610399591371253,0.0658358698075376,-0.026714843419402244,0.04646748587661476,-0.25743283294398467,0.039167601552396826,-0.0383180847698858,-0.019831154803927397,0.06029198089092769,-0.07102006726128351,-0.10892110248276088,-0.14857660949376075,0.002215627013818957,0.2923310086493927,0.07805058562232746,-0.044839648223809765,0.020124448728981198,-0.03283150792350907,0.015279284419728464,0.01963452882230536,-0.16324335854061675,0.13759433710014993,0.028547477327992496,-0.1900242978418995,0.11979782086504535,0.16986241310076364,0.12618646653585208,0.001270866206120508,0.11233118727827472,-0.17896017443509774,0.0943210526296448,0.032222262645395,-0.17785024166746194,-0.01614418054184083,-0.053471282123820116,-0.25233483239394205,0.04150024550287011,-0.17675189197624455,-0.0766434220641149,-0.20443137737423636,0.0010806337963640007,0.24688695953718712,0.04239614827558501,0.07493061713898108,0.005860060120601977,-0.10064651416521447,0.03407454764831961,0.07447802843180634,-0.04107770990679137,-0.03334729099154574,0.12393577329841092,-0.11479870721900184,-0.12571071423224656,-0.15449215129776842,-0.12522646187808015,-0.025537999276313353,-0.13882137372225023,-0.10370122782431486,-0.13261646207668096,-0.05554284286715465,0.13047847761295073,-0.16214136704493654,0.24085409607870908,-0.08808647351724451,-0.06903475555718934,0.11938342936803187,-0.13307682785506988,0.03442182948720735,-0.1581324624659187,0.03234526905834858,0.11956166341042548,-0.06180145583850771,0.018141011046569407,-0.0174455043354375,-0.08720500689164505,-0.1524016763409117,-0.06831532550858364,0.15947377906812493,0.02242174949192194,-0.07765545894088109,-0.05920773228188634,-0.043948248125599144,0.0003857598118624638,-0.03120023646055739,-0.25973853262420066,0.14956455783228603,0.10910651954387841,-0.16510219640837115,0.047209794312360935,0.20949684507355737,0.14251846687357378,9.434662296958806e-05,0.08816268924720677,-0.1813123811037497,0.04649419231912361,0.134074885857941,-0.15473500277527036,-0.008010806765889958,-0.018503465085149728,-0.13437735778636173,0.0624562812065865,-0.11397222707863239,0.04496348270206757,-0.1937136373824613,-0.05213869199896792,0.15812709378238105,0.07908895260808148,-0.0012109490265976258,-0.053898479131459315,-0.20782685616407873,0.05347357468553727,0.0378734881515958,0.006119947291929762,-0.0035669443681031823,0.09800344717757659,-0.06694464976947441,-0.1518497952886268,-0.12590390657324543,-0.22522078874555335,0.016954376001334925,-0.09628999666143837,-0.07364409664645995,-0.18244025956522658,0.019026207062275407,0.18425560897435908,0.06895665280272659,0.0
results_s1/zhongwei_candidates.geojson,cand56,56,1.0,5.9,37.58955,105.24949,0.07958678456321526,-0.1309198251729681,0.16017038213602064,-0.10210094371536964,-0.059694162377421985,0.022144121242947686,-0.05399197098295167,0.12058479865404707,-0.255482121397272,0.044060627997286904,0.05150888453161172,-0.10035595046697474,0.0737152726913299,-0.025599295570328615,-0.11871996589389751,-0.19198377274007974,0.07618317358728975,0.2648743362355308,-0.040458786173099025,-0.07342250306290107,-0.022125707222121333,-0.07807022443175123,-0.05447323745724706,-0.06296917963497041,-0.14857948767489515,0.16749364691658697,0.02916026225909504,-0.09241635065534881,0.1550379867524832,0.20766486175110424,0.02806741903086366,-0.041828781136296414,0.051967705240593125,-0.09713253749229778,0.14367451491395306,0.05674744833392026,-0.12680222703997784,0.0006593769733219644,-0.038397991700068176,-0.16592455642896173,0.0353525920123045,-0.13012106393669468,0.00104736075028309,-0.1256372114922754,0.01168043449209853,0.14102058328994763,-0.08776066556784998,0.2322138418345487,-0.03259680255928795,-0.07339352873671613,0.030041781702333126,0.038957644394444185,0.04645572981146638,0.017740407394861508,0.19140869146004064,-0.00039583493421537814,-0.14361487272424128,-0.10884739786356556,-0.20508643579877006,-0.011510407947755397,-0.03500847136414144,-0.13426095434218846,-0.2123073004090618,0.14118966585350656,0.09195197435282747,-0.15605388185024385,0.17523364553092924,-0.10206428023395166,-0.06748055844939527,0.10485575152531412,-0.10511871586974633,0.05105442921406331,-0.1868212497703685,0.04023617584353505,0.09091551952424591,-0.10516584824661922,0.034509735096286215,-0.010517990821255268,-0.08884577475161042,-0.1843855811683065,-0.021621992057659193,0.15689514494282983,-0.011775211076377743,-0.05670856115891241,-0.048144707460028094,-0.06871684297523221,-0.024479671113682506,-0.08688556051367875,-0.23254582471029683,0.15160988082395502,0.08066524424686107,-0.12747216116444687,0.07193505964507048,0.19035638823730222,0.1074376425769694,-0.020932123703260818,0.047992042983619615,-0.15035190986344077,0.08030748307630821,0.14909013929634793,-0.15784746409916905,0.020873365540097208,-0.047107207996998086,-0.11767837780745898,0.047275248061082166,-0.11747005818809278,0.03420910989071852,-0.12688707910627692,-0.04389252367202604,0.13923450505036775,0.007248774617228507,0.06294720936320934,-0.062422950912962974,-0.15520733587801164,0.06677262012497326,0.03391411982867065,0.03668216101349409,0.02370383988364252,0.12240807875722534,-0.015472294158031115,-0.18763765703383167,-0.08180758902722914,-0.2541848599471235,0.017964813423694787,-0.06886209598837036,-0.1244146386853274,-0.2529730084945464,0.10430401463012731,0.12066866666666665,0.02931890082191563,0.0
results_s1/zhongwei_candidates.geojson,cand57,57,1.0,5.7,37.6289,105.20125,0.11275581902606041,-0.22584268791049428,0.26284051757061294,-0.13493023049194902,-0.010421098349857768,-0.021537623326024297,-0.043833167306007705,0.04121280037123647,-0.2641570723965429,-0.04304547614687489,0.04446464512817662,-0.054665034197794,0.06874873306289578,-0.09048087202217453,-0.0944104841062793,-0.24099854682146374,-0.004988254725227169,0.26839063561140725,0.03931767658899657,0.014766165452701702,-0.06509655120177257,0.10396904828790518,-0.05025770061581919,-0.05195560630654557,-0.14626417935681113,0.0876276002292104,0.05941608109675834,-0.1345256185436703,0.1830333176414341,0.06258361273543042,0.09592204801337681,-0.006550861088979462,0.04317725230688498,-0.017246784359107356,0.06613114017468187,0.12630957784316607,-0.26831181945175525,-0.06337206579859467,-0.06271667237135924,-0.2726456753157476,0.026705774331312587,-0.11703860430942382,-0.0767646921399564,-0.08586165241771901,0.09016987711421179,0.24021602024670494,0.003986660287637948,0.0978010209641857,-0.020876006830290665,-0.04950502636143207,0.002725029026817808,0.07572812681867032,-0.09035485616344892,-0.018433769478648637,0.006528216176206926,-0.06853087708768578,-0.11662219818900778,-0.14273007216675726,-0.16455727015921692,-0.12666351294645617,-0.07614613344889733,-0.062349380936994964,-0.1584020980484838,0.025459319789722164,0.13063247215625026,-0.2683977139865475,0.25302525557874306,-0.12986908461769583,-0.040693803930392465,-0.04466477335939872,-0.10020502178425582,-0.008565866237682952,-0.2074624877947419,-0.04047746876471623,0.13149680743655898,0.020931925455748308,0.058283097006706155,-0.07406339838616194,-0.0729885144744048,-0.1769921999015133,0.0520675157418647,0.22915113567210882,0.001147042342448188,-0.04609411433963526,-0.03418586941988709,0.07043270376448309,-0.009436853112241269,0.008768544665187426,-0.19788680058483757,0.06748783897484016,0.038993060952496626,-0.11143532187247189,0.2156457520383206,0.1033324516700527,0.043368620362961165,-0.05506543297305183,0.05258036208554252,-0.10969071198327901,0.07796225014851928,0.09995859854160066,-0.22833117675563744,-0.02022007072226994,-0.02736588733968922,-0.20401833717293347,-0.07155548699406222,-0.14944618948659535,-0.04875648147281052,-0.0926054140639382,0.05347347070447003,0.2036911812339968,-0.056006287260718594,0.16376439842740087,0.03166887470161793,-0.026690961007115342,0.016764924195971056,0.07569999884916319,-0.08837806771460327,-0.01873501088135058,0.06165792455255945,-0.09050771221173701,-0.1213166370992924,-0.16886502756840205,-0.16371225866925007,-0.12935244672811033,-0.06532564977922137,-0.044823712263237864,-0.13710840601145363,0.06326529131763652,0.14139966666666662,0.3050255769290455,0.0
results_s1/zhongwei_candidates.geojson,cand58,58,1.0,8.0,37.64246,105.22874,0.11878014879658061,-0.1855869467855133,0.20687913885156947,-0.12119823039812049,-0.10221251235243486,-0.029388626993064132,-0.11290560152213533,-0.01489929253535945,-0.23911134336061307,0.020901913203203625,0.0577541009828056,0.04970811673183343,0.07489286924527203,-0.05759745719389716,-0.13967203577473164,-0.16544489975636326,0.051927545121647614,0.23183674700636453,0.014268471189054655,0.021845127385160912,-0.04293716051624899,0.07731791961006881,-0.037670733701197,0.045546624910328064,-0.2713517820539742,0.028486287189578584,-0.08192940794287863,-0.1093951650018791,0.20801442349932936,0.09894972256841553,0.10054668394733345,-0.0502362140084572,0.07755277408976238,-0.19051811371159935,0.14110313752044867,0.13420186083042968,-0.182181195098481,-0.03898286285952917,-0.027260531326976287,-0.15604670445450428,-0.11681477349689989,-0.0784045993070573,-0.0499812380556914,-0.13777682104276354,0.059774198713255317,0.2005785409225428,-0.08468560749549803,0.16729619798650097,-0.03304892771302958,-0.010422797787487965,0.031481434028191695,0.07980916555658725,-0.03186952972016315,-0.035961622782998685,0.14088573051295905,-0.05478880274279377,-0.10722640969543888,-0.13741923350218865,-0.2450503274093255,-0.08840331487272549,-0.09328888318171212,-0.10785410711338715,-0.20556766157681416,0.05170556470349529,0.1286973371619546,-0.16863161134451274,0.22586224328993837,-0.10884588283314937,-0.09598107174913419,0.03725846004447744,-0.12625229924962603,0.01362258596776093,-0.21435208262192237,0.028461834933029603,0.11660305715831579,-0.019414122710917133,0.047485832761234956,-0.03900041425087971,-0.11781126050384406,-0.1561063278067964,0.024896519270030764,0.20670103907286053,0.005951929287545535,-0.033073653476267124,-0.05759280112106778,0.007278603520412148,-0.020452490617069767,-0.024928829716881772,-0.28147141640150186,0.08721855701882865,-5.485586808421518e-05,-0.10681253482293536,0.10379842630712312,0.17796901011728414,0.13037947647164275,-0.04620918361264972,0.06711913254590712,-0.19902329120801757,0.08208577859126584,0.14126706453767385,-0.17811774560845822,-0.024006689540243792,-0.04460033587947607,-0.09029033651876556,-0.018031683531461652,-0.07211146868052067,0.002337991689563673,-0.14367908023945547,0.020517902043636377,0.17411774571622637,-0.008500710310042344,0.10331265556926139,-0.045454531279836174,-0.11527289807552943,0.041585447117817614,0.052353924737886824,0.006647658559146674,-0.027294982266049893,0.13408772035904648,-0.03297964335500226,-0.13602305943904455,-0.10545853209720336,-0.24661782708776817,-0.019802702483477944,-0.08510247149999418,-0.1052296520138554,-0.21613895866977548,0.042366005493792,0.12729999999999994,0.045215000482102946,0.0
results_s1/zhongwei_candidates.geojson,cand59,59,1.0,8.6,37.64453,105.19712,0.14446770166139047,-0.11545006728181474,0.29031058277503735,-0.12338044338511374,-0.10487368043796581,0.11341168648310389,-0.06573166672801785,0.031917447360671425,-0.19431603382905102,0.014773031240030422,0.16509062850213088,-0.09555185403322786,-0.01733568870810736,-0.012571578954902775,-0.05308418355869673,-0.12256133074840274,-0.03861264744738112,0.06624126767937046,0.07954842961381467,-0.18112430417515357,-0.018546707690168255,-0.13257487658183845,-0.024335725007566655,-0.027492341325349504,-0.27293352290853784,0.112806712536913,0.11993112816674441,-0.15249679184356268,-0.0004953598043305762,0.2085518867538672,0.17581489218549315,-0.03833659517206969,0.1495963934697784,-0.1596690281765605,-0.037134139794841585,0.08421237075347447,-0.19644638518736665,0.03916101724377697,-0.04554618671623844,-0.2256715425531915,0.16322618346462486,-0.08993772342061561,0.016287807676262,-0.24104224183415557,-0.11956539833288339,0.1449247195227695,0.04264033064206073,-0.0633299845803987,-0.008668208626796564,-0.13726087347746774,-0.01330248390553552,0.08249404126481627,-0.0713947913854737,-0.057858273106906506,0.10080437301119867,-0.11226341699591806,-0.11926444513975802,-0.09521335390643534,-0.1669015931883809,0.040144893637471674,-0.1529824683836823,-0.14004619745269822,-0.1778786595990085,-0.010468707821050817,0.13707618008516442,-0.12479681537150343,0.28440378504348335,-0.11445907323056091,-0.09394071835503513,0.0897093064174172,-0.06393884368541365,0.02641894483025858,-0.20075610380705303,0.006084139977465761,0.11150069279061621,-0.06712160714976113,0.017422131460012334,-0.012193540130934677,-0.06932318923288305,-0.1442256385140963,-0.030526848390379672,0.14140056215547323,0.046344022141506104,-0.11332317443469588,-0.014901301699248823,-0.08816820663018786,0.005328865035397701,-0.04318874245089061,-0.232469636350895,0.13709485058614398,0.10180344300086401,-0.15516680288798804,0.05626045839689564,0.20238661638207575,0.15205976920381542,-0.054758533979333175,0.10053127196311229,-0.18365897735682882,0.03133570746256398,0.11299055930692208,-0.2072254533616472,0.03144415059071905,-0.05902022924695487,-0.22350588666503793,0.0812320402764022,-0.13258535216801437,-0.019865994780509145,-0.1818587335514414,-0.07518923891755423,0.18851486012289262,0.034246143933859594,0.009862275187042498,0.007316284394696087,-0.12791822676001935,0.0075122484352549805,0.09286797651410325,-0.03971865806543273,-0.026519986709896158,0.09828321955794798,-0.0879317048659065,-0.13323724201281795,-0.11723913763061616,-0.1803671646313958,-0.006277560454213225,-0.13746698955858663,-0.11687164002778135,-0.18195444896569118,0.012800252449908405,0.2511333333333335,0.05798738896858474,0.0
results_s1/zhongwei_candidates.geojson,cand60,60,1.0,7.4,37.64911,105.19056,0.10503298934466171,-0.11685744249450111,0.3007439166794712,-0.09329694870568196,-0.014573714416585963,-0.031175242068676123,-0.037087871227378576,0.04271638103507041,-0.2610612792265842,-0.021195599069111275,0.022261357200033624,0.01418694003511361,0.09061067199125263,-0.059463817830454936,-0.16627207896470034,-0.17823974969768674,0.06835302623028244,0.25695889424676804,0.05430695728998233,-0.04822999470921837,0.03704608942095129,0.02727593312930003,0.06665902779914509,0.030331211748749524,-0.09226968014047486,0.10695608223099669,0.051735114057257545,-0.1185403577301982,0.13215329764204448,0.0908129249715148,0.0747025572026025,-0.025113685027330815,0.08739628714869815,-0.12611012398206614,0.11470949825823405,-0.0034694159177090637,-0.26268647289414593,-0.0056667258720436,-0.044239893541511296,-0.3149182679836012,-0.038526544633297785,-0.19419682634257787,-0.07933120992753717,-0.12264441183515806,0.04809775040974882,0.2716950045710833,-0.048616861109841064,0.17332442920249466,0.08308548646163456,-0.0437043216378591,0.0175876457644847,0.12361751690604264,-0.09526988529844865,-0.042653319800128014,0.11008546693951629,-0.12151020168073623,-0.08616964631385182,-0.1469609860848833,-0.10523774217850798,-0.1120552212033338,-0.0768946246214554,-0.03347760721964362,-0.12762676316919452,-0.012058215020829096,0.10882228175289296,-0.17585483389380457,0.2832021559888161,-0.09128540657271887,-0.07246425287733169,0.029464510010471883,-0.10483572798577773,0.02410917781386571,-0.2162392782379001,-0.015207222778793501,0.08069728265102144,-0.047221854530984556,0.04771999506618361,-0.015933621449926456,-0.11730405709367843,-0.14206323966628098,-0.017368744583050516,0.1805774911006376,0.018888744594561146,-0.07660850519088143,-0.02830267811760043,-0.00905461452748765,0.050331458899993874,-0.0047756734666203025,-0.20045292152037006,0.1530856659173866,0.07386000941730676,-0.12748870471049803,0.08568343326405921,0.16616527132606573,0.08261630142559155,-0.053377263758854133,0.07409461785066011,-0.16710477012023775,0.1014857876408926,0.09531864168249624,-0.21208579667130348,0.013643044983556236,-0.06360222243633464,-0.22764069086204056,0.015823936551738492,-0.16084792972523948,-0.0369011798854787,-0.12831740534760747,-0.028953897919438264,0.21629802556690197,0.03572179212354974,0.08611659980295806,0.03858123133427122,-0.1320686530822491,0.045268329335666845,0.10785033847679551,-0.04532300852834502,-0.029111350479157135,0.08258528113914837,-0.08757417835892675,-0.11788492939731005,-0.1226966310519528,-0.19368743281358383,-0.03903565020447909,-0.10834582086642638,-0.06560407505745634,-0.1474517204095375,0.024046099022259362,0.1474506666666666,0.19164937726051354,0.0
