file,name,rank,area_ha,rise_db,lat,lon,A00_r,A01_r,A02_r,A03_r,A04_r,A05_r,A06_r,A07_r,A08_r,A09_r,A10_r,A11_r,A12_r,A13_r,A14_r,A15_r,A16_r,A17_r,A18_r,A19_r,A20_r,A21_r,A22_r,A23_r,A24_r,A25_r,A26_r,A27_r,A28_r,A29_r,A30_r,A31_r,A32_r,A33_r,A34_r,A35_r,A36_r,A37_r,A38_r,A39_r,A40_r,A41_r,A42_r,A43_r,A44_r,A45_r,A46_r,A47_r,A48_r,A49_r,A50_r,A51_r,A52_r,A53_r,A54_r,A55_r,A56_r,A57_r,A58_r,A59_r,A60_r,A61_r,A62_r,A63_r,A00_m,A01_m,A02_m,A03_m,A04_m,A05_m,A06_m,A07_m,A08_m,A09_m,A10_m,A11_m,A12_m,A13_m,A14_m,A15_m,A16_m,A17_m,A18_m,A19_m,A20_m,A21_m,A22_m,A23_m,A24_m,A25_m,A26_m,A27_m,A28_m,A29_m,A30_m,A31_m,A32_m,A33_m,A34_m,A35_m,A36_m,A37_m,A38_m,A39_m,A40_m,A41_m,A42_m,A43_m,A44_m,A45_m,A46_m,A47_m,A48_m,A49_m,A50_m,A51_m,A52_m,A53_m,A54_m,A55_m,A56_m,A57_m,A58_m,A59_m,A60_m,A61_m,A62_m,A63_m,bright,ndvi,bright_frac
results_s1/chengdu_tianfu_candidates.geojson,cand01,1,39.6,8.1,30.42279,104.06183,0.056324656472418945,-0.14597451617940826,0.2047407573648527,-0.01301619347406866,0.051652420483790644,-0.03847856616755389,-0.13714619633421926,-0.06441431254311777,-0.14858324446331078,0.0805785093155359,0.12046741205203056,0.06168763408974614,-0.07709308683686932,-0.06545680640996417,-0.13467743469068333,-0.18592279912605356,0.07118637782551622,0.10751943052218726,-0.09006398170146283,0.020547650982428264,-0.14016254504815648,0.13985790191099928,-0.04606209765872959,-0.003165501922363755,-0.1522826122773223,0.17885250845188544,0.04889271173613579,-0.05586922006739158,0.19870907973543986,0.08645652706551231,0.07209829278577981,-0.027448051614794095,-0.06757517368398895,-0.0851042379838012,0.13562761304802098,0.08072818499605101,-0.30081253664791596,-0.017478948888836148,0.04755362415505812,-0.02029946835845642,-0.08821306984535052,-0.0009962676598665446,-0.1050602270445069,0.015853289558135128,-0.011318826944688868,0.16923168506136863,-0.062003020035355225,0.16995283624200286,0.06560425529767404,0.05953972339398637,-0.06432034300432314,0.10093668733173,-0.12481916589671012,0.020784280547115588,0.2211468866539588,-0.3525151451858608,-0.06536016583739065,-0.08397724613099557,-0.0910706345418277,-0.08729944218246512,-0.11072130991296321,-0.2298042463674527,-0.0020372248440996203,0.05948233248932784,0.04226492641387303,-0.10680690182363342,0.1928607034351453,0.006613419959386885,0.04938104431077975,-0.005038432086394385,-0.158261746913081,-0.00723221944153349,-0.10869396870739939,0.07888730699356938,0.08317403588052598,0.0360252002312419,-0.10697084606640997,-0.06816098654241234,-0.12497347968749259,-0.1943056974398645,0.009855708171641572,0.100564389892572,-0.09563472086238556,0.033961229457827195,-0.16887202114155986,0.15359621156155726,-0.05586801057935602,-0.02551096714695575,-0.11442150507329299,0.1882068605588523,0.07115014779403914,-0.08549555296244657,0.1843178981854884,0.0967032160112755,0.05949304731875683,-0.0007924799605423087,-0.08142170036751245,-0.025329772068381756,0.11485375285984954,0.09230014367966886,-0.25493428839948,-0.03344042639829166,0.056468074183843524,-0.037976609957892024,-0.0400453079810685,0.05714675604333177,-0.11008439615452514,0.03616448273999478,-0.00020869329061304074,0.14796280292669464,-0.02389263677062976,0.11192526130872875,0.03851840054108295,0.07088877327082442,-0.06541933237454708,0.07842857676147202,-0.10883364146016306,0.01822404220216639,0.20173974256094296,-0.32162350319204475,-0.0586690496542292,-0.07052873397606163,-0.1407613961013107,-0.0850019373294905,-0.13031276384682686,-0.23944605920052198,-0.0010324840852312443,0.07169969615902047,0.13072502721327012,0.19036602425526908,0.0002525252525252525
results_s1/chengdu_tianfu_candidates.geojson,cand02,2,32.4,8.8,30.45136,104.05788,0.05581723819660736,-0.0925633237194635,0.10545742670351622,0.038650136920183945,0.0659813882812033,0.012415876719030177,-0.055383154562486,-0.012913100654118447,-0.12062697966948019,0.07092844356990088,0.12542976494241062,0.0299359011922857,-0.055477712797967794,-0.09627977015737858,-0.16762422415896094,-0.18386240584146232,0.029844728016509846,-0.07398583396502088,-0.1091433182295642,0.11905861335965694,-0.1441368672923755,0.13406113094544533,-0.15639615148456387,0.06598467558753492,-0.13576055939368473,0.0630098169698985,0.0729900622348603,-0.07145369200093732,0.17171194629150316,-0.11362252866159488,0.11975818677964167,0.10644857609554703,-0.09814035481856498,0.034042662889196995,0.17035042612179643,0.19290320766351546,-0.17399359104439444,-0.07900953907102003,0.007605718048720458,0.022550826474232163,-0.15887191768118522,0.053837296665344356,0.06814593007753504,0.051707197572225104,-0.025417100643644885,0.26148494183456034,-0.17656087115712504,0.10620537966494165,-0.14529928059626065,0.11328081079441638,-0.19069291728798982,0.07928420929521125,-0.07074372879373644,0.05937704462747021,0.16212522259621617,-0.2345716615586165,-0.04139693132956373,-0.053100973562512616,-0.1681655097292972,-0.07660184832429334,-0.16004599156615307,-0.20642594304731304,-0.07699758749908905,0.2081283599558539,0.058923793315979335,-0.10793353021085642,0.19540082360869998,-0.0015588820207441403,0.043351175330056065,-0.002032536034771605,-0.11483338557011788,-0.002531964257466197,-0.11207733604662097,0.06909423759037424,0.09046323494370538,0.038356430481443056,-0.0717572080188239,-0.07662148426859623,-0.12910724484768732,-0.17452705458226014,0.04651786847261772,0.032803460470392766,-0.09878277711929527,0.049843752581490194,-0.13286511979495227,0.15073749062467617,-0.09426434094086761,0.02930708410200514,-0.12036857918613071,0.1360190288633928,0.06576940673854052,-0.07528791352002293,0.2027326405521813,0.025743503421806486,0.06851910778593694,0.027561884701480088,-0.10435842061008307,-0.0002297553442382928,0.14300228627176706,0.09134901300883816,-0.23708309303655017,-0.03091468104910234,0.042950944168429386,-0.05987161895073644,-0.10935476952699111,0.04182466038387759,-0.0584938316923108,0.04564367121684971,-0.004278059647151188,0.20111513028364728,-0.09920692495629489,0.1377686774608044,-0.02695569977609853,0.09853860405816472,-0.1233991835118614,0.06973928305608851,-0.11316905218075148,0.021984173666593564,0.19527576126666432,-0.29659670837197066,-0.05465575172874929,-0.0679516575225258,-0.13059861485395569,-0.04951627228039458,-0.14134651965768863,-0.22545107434583303,-0.017813670620936063,0.11553348205330732,0.11557701403511897,0.19296152801105138,0.0
results_s1/chengdu_tianfu_candidates.geojson,cand03,3,31.3,8.8,30.4316,104.06147,0.08591295250446888,-0.15493811958720555,0.18650182822857556,-0.005635658191969064,0.06799289171599969,-0.06877782841155555,-0.07632515266083996,-0.05640796437896275,-0.21477375745582383,0.12083001402730248,0.09650667021452312,0.045716767218365345,-0.0667507424832411,-0.08580111401295037,-0.1869442822417564,-0.20983650178562646,0.11628694196775433,0.11545806772424914,-0.058005731743642236,0.03916758069365483,-0.06808453815534514,0.11199858085742893,-0.050503146801988065,-0.020460747822485668,-0.08497580718098713,0.19795213815967533,0.05711587906698361,-0.005715409534724471,0.1594295745261115,0.07913804129690916,0.07663929718919679,-0.017222138763788544,-0.0660189370328816,-0.1138932423461807,0.1365128663921269,0.027591363763186185,-0.3383267289427215,-0.03890610926210523,0.06749940444201405,-0.04776390272587817,-0.08143083652937227,-0.03447671946198294,-0.11087064187217871,0.014555083788426236,-0.004774409060163754,0.19380284464055436,-0.08567430189115416,0.18372950248646772,0.06504010020599217,0.053736445250394504,-0.07171941763473212,0.12103451582410317,-0.12458208730590242,0.006956145212087436,0.22942084805641386,-0.33940967999103266,-0.042668250630914326,-0.05813744381833159,-0.046110925686724966,-0.08915834718778254,-0.057468058292398566,-0.21241724886781135,-0.04457136551616246,0.07224564575701165,0.048502897725166104,-0.1303763588991959,0.22120367888995346,-0.0019581475844454204,0.046678556576409735,-0.009694255388632363,-0.11528004453668425,-0.04551173404397645,-0.15353143386228327,0.07267673963460254,0.06359556271446369,0.025746869560081403,-0.10106956271566192,-0.07759587453276269,-0.15318396310683582,-0.19163396679856542,0.03244009458998329,0.12025155713493962,-0.06858394279816318,0.04275024316529315,-0.13540186554076095,0.15919353636031341,-0.05425119351911906,-0.03733305211780628,-0.11370024481803791,0.21123604888323913,0.07638285817991408,-0.03318854756920242,0.1633568609062071,0.09097054203146256,0.09642611514336645,-0.009680510918337186,-0.09956552961911275,-0.059718637292229586,0.12692493753665954,0.07794191582400167,-0.3096139308142927,-0.044175741160766654,0.04292290452267655,-0.03467586962473233,-0.043248286927211804,0.024592469462465398,-0.13574585714307075,0.020038448513251556,0.00985595741362782,0.17688656760602753,-0.03216511323960718,0.11407768178217094,0.048810771595875324,0.025325048405032777,-0.051751929445305184,0.10430089304284151,-0.12726443507264856,-0.0048183830869919005,0.20560542503238097,-0.33932485829301823,-0.05294290667651091,-0.04670845743083775,-0.09675530251123775,-0.07611492953641089,-0.1108442116369873,-0.23204879392675073,-0.027835351475085222,0.052931228554074235,0.15436549978911956,0.1530781988314894,0.0006385696040868455
results_s1/chengdu_tianfu_candidates.geojson,cand04,4,27.3,8.8,30.45082,104.08393,0.0483133233048845,-0.14277408191470928,0.2150081418960053,0.05641063748728447,0.113425639400894,-0.049663766620801145,-0.17298432096971345,-0.04086365036410947,-0.13346303949279967,0.03894495271835113,0.12805137917355627,0.10804702530808682,-0.08852344208832631,-0.06658625264621439,-0.23017269268215632,-0.16390721354442822,0.04125368074184337,0.10061140930254278,-0.0291882331121227,0.06712911623530808,-0.11006553194200605,0.15383683687536567,0.0229599857908488,0.03267758170371039,-0.07836261003255098,0.16390127572517518,0.09401806709285396,-0.05787447192448899,0.1659561801297937,-0.035598977604440106,0.07486930103282548,0.022880087768565396,-0.10429902128797922,-0.04171809864450107,0.1619699287927764,0.017234322082530906,-0.3190330319998291,-0.004056298612120285,0.0474626929919995,-0.08013404920224083,-0.12228767264489646,-0.054815154391417625,-0.04160972925370099,0.04807598090492569,0.024613422672935096,0.20395814514717764,-0.11420130404746977,0.18573983759847887,0.09202595666296164,0.08777669568283568,-0.10717936915034428,0.08003534622368676,-0.06484801052245247,0.03881547139164583,0.210108700879475,-0.36207396282142446,-0.049531291247887306,-0.10159002671198236,-0.13147976596794825,-0.13888718431442365,-0.08768828194516998,-0.11893276845847732,-0.008312114654234527,0.021826429283070634,0.05381013390636812,-0.1591702723491576,0.22078516546413893,0.024620180468819173,0.061944795543074166,-0.01638761890812711,-0.1649427880529979,-0.031220536278836152,-0.11484873216353261,0.05047097247592536,0.10527636344720098,0.05561746694586128,-0.10948286932167912,-0.06458807256425782,-0.15284002066818084,-0.1564894560480666,0.028282478356823057,0.10939497277584677,-0.057634151312863494,0.032594783570820414,-0.12503599148313643,0.14336113041536253,-0.005831393986355121,-0.0068895387780231266,-0.10159028862486769,0.2097696817817114,0.08599740065166059,-0.060788529177850534,0.17359173776035106,0.06602530847839859,0.04796378626138829,-0.019239242253260087,-0.11672891968664781,-0.03679928413595326,0.14185230895070308,0.03797473685513148,-0.2734347766075432,-0.017202434966784662,0.05328368447053205,-0.057373070221735996,-0.07512067653918575,-0.0003035377670779804,-0.10576253501380604,0.03176766841675067,0.011702143369747562,0.16066966473866465,-0.05906869241240171,0.15164635723751602,0.057043303495282104,0.06662451630700414,-0.054712650805820086,0.07584234842373279,-0.11051555612291906,0.008460974430813775,0.21959834872032183,-0.34374748387100673,-0.051462702045599586,-0.06566183446850984,-0.13720235852117046,-0.09652584229111667,-0.07943720184993436,-0.16294375578932185,-0.004165995572149488,0.03676871699484365,0.11929197214076258,0.24654173154627185,0.0
results_s1/chengdu_tianfu_candidates.geojson,cand05,5,22.5,11.0,30.44777,104.0568,0.14001654301301206,-0.08834344740366605,0.16799121546283827,-0.013031823523738578,0.12039515614574149,-0.0755499912938401,0.06304157843770036,0.01833052004358752,-0.21748720936372593,0.053141044067133866,0.011715155395135284,0.07495561726237311,0.0006855555861034843,-0.08835338193945318,-0.20735593234244593,-0.23509772273913682,0.11204395410653632,0.04869560323650952,0.03290991354499559,0.07224510890555061,-0.0060857201085237,0.11715918988636609,-0.1400087031923897,0.0018173916344931486,0.0936548686199013,0.1286810952392798,0.14170831597556335,-0.0743829165504754,0.18779567764253774,-0.10379083780315007,0.056740289795115036,0.11578052377479901,-0.15832330898663352,0.056660274468782426,0.1722826193191215,-0.034427205113199716,-0.2905558764833748,-0.08084013020400344,0.10631707267046946,-0.2142338262459955,-0.06913191809140026,-0.016860485249495853,-0.022177657157096218,-0.036553687331468146,0.006695335287528023,0.23333399491420606,-0.18165067430190335,0.143982590124029,0.01664157075707806,0.14309644740672076,-0.16636378656423506,0.06183436895178273,-0.13140168895138116,0.03599768010295523,0.18134549943900916,-0.28292218421187015,0.023197529283463397,-0.11286545949977335,-0.02043713877618885,-0.15043298338498118,-0.04426061922398659,-0.06924510253412533,-0.047690179058870664,0.10983237059351578,0.09378963491831704,-0.10071457235147344,0.18596262715575934,-0.006824254930750424,0.06320195168723282,-0.06005804683075052,-0.02536760004758115,0.015170402488718947,-0.17515627883607152,0.07949327852646373,0.04575091205013269,0.05930323588549299,-0.011824150861716875,-0.09161826888047535,-0.1634029059680369,-0.1917320527232677,0.1041686788692917,0.07400167685209262,-0.03655791794997727,0.06398227241837116,-0.05673815083497354,0.13761652673749208,-0.10803442698923509,0.01763248125772759,-0.014167613007529226,0.130350500300852,0.10929093878952878,-0.07111412687755221,0.20927679872073357,-0.00828060692932236,0.03610972893153856,0.05594453638755088,-0.12507558494200757,0.008664579608411016,0.14912400172955823,0.00426651256948989,-0.273538319580159,-0.06506492712517775,0.07319104854909302,-0.16818094142728027,-0.1107671825678638,-0.0024803091812442713,-0.06486632398372215,-0.016607861556706547,-0.010476643314002625,0.23988636320851914,-0.1333439273273842,0.1679009563683244,0.022209465193847793,0.10387893679957642,-0.13035931163473286,0.07028435985553304,-0.14128188617297607,0.019389451731191967,0.20724582304369477,-0.2978732193382956,-0.015324288791390674,-0.081560774926893,-0.055990730946551236,-0.10213605485087177,-0.09074941551807846,-0.17320279741245617,-0.010120804335126096,0.0894970104773746,0.12621842443401268,0.16166319393961512,0.0
results_s1/chengdu_tianfu_candidates.geojson,cand06,6,20.6,9.4,30.39746,104.10423,0.11782882768434423,-0.15695870125728284,0.1671341377942186,-0.06118953493686056,0.0734719764271522,-0.10637322753279334,-0.03385646350542411,-0.03602104774454811,-0.19196824027221013,0.06148026281310306,0.07433895555927308,0.045843883829039284,-0.10474930719680976,-0.046381364100796726,-0.21390255209003714,-0.24337200788612606,0.12250219451149222,0.09938754367186182,-0.07120097392846281,0.0366051672377777,-0.013219329142623474,0.13137458945060845,-0.10803911086961357,0.03267938358299964,-0.06391599238108656,0.10710286329769146,0.03475111144093422,-0.02484685377418942,0.1892437086594355,0.01905297727532863,0.11574677748163573,-0.008073856893952512,-0.10036688346944835,-0.023091227809788787,0.13933053179361846,-0.00046689533469427235,-0.3263877677000053,-0.05048222232564135,0.09554861249993189,-0.12371684352032483,-0.11556527974658407,-0.04588076252304045,-0.061864420068281765,-0.0023466074550360966,-0.049426889051284846,0.19477556027649798,-0.145062627954939,0.17453405430425428,-0.010450237870930437,0.09238139680359495,-0.12934474912551458,0.08828010254144064,-0.13828965483314518,0.009655244026463545,0.21872962765907647,-0.30043578015949185,-0.021757951496719018,-0.05874647938305194,-0.07314452358801124,-0.05968750379960395,-0.07919934046561795,-0.1984020210888328,-0.08132630530633646,0.14287085846662165,0.08973228920894447,-0.14117246200690378,0.16842899653331395,-0.021509778106124224,0.06736361283647857,-0.05554049513314489,-0.0735863324191238,-0.040324124550728764,-0.17019872355129897,0.05053834241619366,0.09395581613096861,0.03049811872912409,-0.11117881326052077,-0.07973365052712737,-0.17961212837415075,-0.22356565401788916,0.09173937778342962,0.08623254986881715,-0.09164950497124609,0.05451405271706078,-0.07842121264773053,0.10469445415987179,-0.09894637244217679,-0.010510090138164101,-0.08488050871427832,0.16479137797677215,0.07019398554095467,-0.05423972993406485,0.16464782741470418,0.060883846020612864,0.08764225171605898,0.013003732182815789,-0.09459813039765244,-0.028257750676535295,0.13640401789264947,0.046851429227022984,-0.29725243705823035,-0.04153631018689474,0.07917419010269583,-0.0804134457343057,-0.09521024025398829,-0.019245621680782945,-0.07935153574869751,0.02085235858969446,0.0019231950905775085,0.1751573304309466,-0.1023321654757501,0.1446462773930678,0.017080830192507137,0.07290222150260849,-0.10464017956679639,0.07203943120333883,-0.13786977396617137,0.03338168397464849,0.21273418075358463,-0.3164321819715272,-0.03352362230162887,-0.0666430188517147,-0.07036596023920158,-0.06607083211095581,-0.0871648270516966,-0.20208873262616456,-0.05333847246620988,0.10231259121973103,0.14347622168284782,0.14297593743575204,0.021844660194174758
results_s1/chengdu_tianfu_candidates.geojson,cand07,7,18.2,10.4,30.44346,104.08842,0.14206900500561906,-0.11332783096501066,0.17636970775860475,-0.047903451032343454,0.08702337654647632,-0.02936872892359013,0.04174206377635917,-0.0659956570393376,-0.20916768579186568,0.04123789601166282,0.028495606414755965,0.004912726712587697,-0.11261593622727178,-0.0949760221033208,-0.21524087594910635,-0.2876494594761048,0.1053779756954526,0.06274108438272855,-0.008369429009184066,0.06801317440147427,-0.03507404805187532,0.11730809059021004,-0.13985693283744988,-0.06335686084580336,0.020156468362150237,0.1682764445706917,0.1010765788619958,-0.04996075582430574,0.15144641761606967,-0.000525392382403977,0.14148109510536408,0.049607704879776726,-0.15329782210954934,0.027995600339806154,0.17140728935321062,0.013426675286112681,-0.3455903587334668,-0.05239888874504528,0.07264776058497165,-0.16063815182989355,-0.07392605291797993,0.0062432440622951875,-0.08917717109279136,0.0024210113380907874,0.020908907454494103,0.1669025199590031,-0.14822159405844776,0.08065554992749867,0.015869260376956924,0.09626760111963423,-0.11312457012747484,0.08535786830989169,-0.14391254697786618,0.01646581765402755,0.20219693646566125,-0.2936956517185197,-0.0004700447018547317,-0.0644706742621694,-0.047519310310251174,-0.08504132571883768,-0.03811662032248069,-0.1570920681684781,-0.15867789540835753,0.11773369459034798,0.13203353110019164,-0.15998812134367832,0.1680260331555198,-0.024806555510834088,0.06871324509326379,-0.05443596710509991,-0.023098465294906226,-0.030441478221201423,-0.1759766118739757,0.05782806584065273,0.043909077187117514,0.019233646243577308,-0.102503890118068,-0.08913581692830518,-0.18142971305778624,-0.24353419650378694,0.10974039533166967,0.07275794534860604,-0.0421651858206857,0.05058718571864325,-0.04515375736815168,0.11034100844374946,-0.12063725378415616,-0.03384100030279225,-0.020373152443422107,0.18862873519480472,0.0955144935010805,-0.068364756886025,0.19644296503926353,0.053084203691974086,0.07713865529067729,0.005644688495100417,-0.14503369951035264,0.013016686244002793,0.16942913076348812,0.004077486495691581,-0.30514062813166903,-0.05047178041198297,0.09334399309509195,-0.1497695524363818,-0.10090364209376529,-0.003191424624289098,-0.09931714150881031,0.0011848068372377373,0.009268600785292779,0.15233046085755494,-0.13475780022215353,0.14609579055648933,-0.0038221112409406515,0.10266471137955148,-0.0926237136972942,0.0537066257859969,-0.1582149035801398,0.020794815860065843,0.2238241907185227,-0.3009608848654566,-0.01279324622967362,-0.05240017827914588,-0.06681182146795181,-0.05668792859820218,-0.024015370414728926,-0.16670828251174608,-0.09228602357934282,0.12762335904948077,0.13002750915750935,0.16778058294926185,0.0005494505494505495
results_s1/chengdu_tianfu_candidates.geojson,cand08,8,15.3,9.7,30.44166,104.06354,0.06905837755896842,-0.07166376670658686,0.1378990274104929,0.07158516306298424,0.147467599974952,-0.007481655742695196,-0.1003587808300026,0.014214525260482704,-0.20912145062143014,0.10568612804100184,0.029519786756786702,0.04593345990402576,-0.07663653861016259,-0.09927005849656707,-0.22867705449947026,-0.26349847699504975,0.059767826872409426,0.08054454831159961,-0.021201436972423177,0.09088672195366411,-0.18205806613382403,0.13455810580609492,-0.12630830691264844,-0.01425029507178918,-0.03188075351582298,0.21748260351281062,0.13208903913550385,-0.07071417960982142,0.14966982597603432,-0.06209306571824712,0.05241025097961704,0.09396656527499132,-0.13184669209986566,0.044462358678773226,0.1961448915478826,0.08473197928774022,-0.2200438823324461,-0.07473988668272653,0.044317100731937245,-0.07013583488779679,0.005584492658342943,0.030285801483657393,-0.024995243604589882,0.05669524309657536,0.04325874894030523,0.1795227250361776,-0.1153217431644939,0.1165823594685525,0.0006794560291839883,0.09445510838577885,-0.1647805545574204,0.0449342710339369,-0.03133015092763372,0.06785678172288617,0.18231461383482853,-0.3338093286591106,-0.012596822555734653,-0.09347347761610174,-0.1288938922212724,-0.15573238721819316,-0.10668957655205918,-0.17776524745031255,-0.043231707901475125,0.12818861019838698,0.05591738458218616,-0.14233273165953367,0.15205834385930167,0.028981166644304623,0.08479681450142788,0.004637335201123733,-0.13720139427813596,0.010991910859701979,-0.17186278388487505,0.09908956429451592,0.054459268704063375,0.03974161026171704,-0.07967131068163966,-0.08269607916546676,-0.16624117661527085,-0.21385835857641008,0.03911308892479495,0.07389843453497118,-0.07152773096262639,0.06787026091923841,-0.14667388085814403,0.12791589986585242,-0.11756421067401714,-0.016762213354264702,-0.08578696988971708,0.19545903981100585,0.09958975186744501,-0.06302537561928237,0.16506444848030424,0.024044006365141243,0.04720034620601995,0.044375834721157636,-0.12832557011991938,-0.0044057932147572865,0.12654725392852612,0.07436763769846286,-0.23702462838139493,-0.08892482487983505,0.05763928896323185,-0.004813925876395286,-0.038584138016047674,0.04834830128843899,-0.04703823975820788,0.03224823545652592,0.010873485597587959,0.18434041681343835,-0.07406248539654298,0.12724779993880916,-0.014181626066244958,0.04738099762018612,-0.10160566516961221,0.0627163359847251,-0.07866854030846358,0.013956475018743853,0.18104198164954996,-0.30823734306633443,-0.02262395529603774,-0.0497229785388457,-0.12253594959169797,-0.0926208247471744,-0.1037221555958874,-0.20263927868591836,-0.0029302632481567085,0.10253525393790136,0.11776736474694577,0.252664955063519,0.0
results_s1/chengdu_tianfu_candidates.geojson,cand09,9,14.8,10.9,30.42585,104.11259,0.15327213633080394,-0.08017585835279506,0.14304982512473016,-0.005419569162401779,0.13447765728288644,-0.04183103761631678,0.050858132256195676,-0.021447728849580936,-0.22942265859232508,0.03511957379668636,-0.01425647583646654,0.025860419888533413,-0.11436416096452347,-0.0961751353066166,-0.22924970583468302,-0.2662316599584786,0.06314446091763232,0.0176148325603647,0.004446527253277691,0.13775171822124913,-0.025685299109892576,0.11109937557991854,-0.1496287183716626,-0.0324234916110893,0.06765610982227707,0.15507619242289927,0.1049082591507302,-0.0790768756568365,0.1407352531704077,-0.08018252445859804,0.14383265671730816,0.10512710075489956,-0.10750460398885826,0.05062593608968843,0.1997521960379907,0.05763081473062702,-0.2913056106728099,-0.08851889487224963,0.08096132174405977,-0.17012724516158162,-0.1016839062402161,0.007276993214701931,-0.04823222298738555,0.011241605161119264,0.03554871623157998,0.18117304952932675,-0.154494330230458,0.07563297988793828,-0.01726967858844232,0.1256857370445466,-0.1462821293081341,0.04948891524179875,-0.12675191445369088,0.03589180555463882,0.20255333783910118,-0.29417318723078933,0.021778933170927325,-0.07492842894016072,-0.06065779112116475,-0.09384804135472116,-0.030559923901345418,-0.11579455193225745,-0.1346476457747041,0.10068934057622772,0.08354340264428256,-0.0727348013584526,0.16484957078474147,0.009673007710709612,0.09961081581870324,-0.018621663996753336,-0.06858984770814631,-0.0005894064248792568,-0.19106429909436487,0.0882712432184209,0.0025892508223332848,0.04407554327395438,-0.11215755190311404,-0.0675585437225002,-0.1956585951984266,-0.21522524936990015,0.038049646717074725,0.0848908338673163,-0.04358938656072469,0.06509067281814752,-0.09084044875902378,0.14211104521764897,-0.09582920863770417,-0.03070180293904037,-0.021641066576957507,0.18679978096031444,0.08514750053398325,-0.07025289717630029,0.16393781825366205,0.017575375496603856,0.07279040230253325,0.051728332051775426,-0.08355578933316332,0.0006670454739630025,0.15147258501003807,0.04577242833952743,-0.26752337904225043,-0.07088166485112585,0.06094377910205535,-0.10569119184928813,-0.03977342656670516,0.029205146952026848,-0.07952276432141536,0.025353790849673163,0.012902500213593118,0.16881992588320577,-0.06879268550557474,0.11463840563458483,0.03842110235379563,0.0649951049809905,-0.08827592966380518,0.04933001527190381,-0.09122449378444213,0.010829997223290217,0.20681985198000724,-0.3188958418770595,-0.028921960891110092,-0.06140003225255286,-0.09376837081891556,-0.0883741669870573,-0.08490259067025506,-0.19341235443632795,-0.016564281472937738,0.06436164893844339,0.15268652890695572,0.1802354278890501,0.008130081300813009
results_s1/chengdu_tianfu_candidates.geojson,cand10,10,14.2,13.4,30.39028,104.09722,0.0850864171443162,-0.10778104106982317,0.18541163668980037,0.0556168215926794,0.13829153873793204,-0.057979422672626395,-0.05678896534914922,-0.029959441542420487,-0.1970973024244372,0.03822642942323863,0.09691473695699902,0.06352399763477708,-0.09984022866243739,-0.08646484008960567,-0.22240565696916914,-0.20979727199965453,0.11733759252341364,0.06889776895640758,-0.016837645001621868,0.03975784276690269,-0.0739903660910555,0.09531316632824861,-0.057231112771406974,0.00893349885980436,-0.026503320382186692,0.17802578238300273,0.10919873532409535,-0.0739075665190988,0.14656922909861445,-0.02482872747961632,0.06351933818480743,0.062011892917622116,-0.08871381990904428,0.012150733066763604,0.17048226145719472,0.03211833214051973,-0.2815296496286485,-0.021015720961836806,0.05167948853941616,-0.11973867669105258,-0.057007727503514516,-0.055300783986697515,-0.039682735340306856,0.07231081186653175,0.024857774272708633,0.2008518939182718,-0.13431113022967006,0.17839092729343395,0.05926766695302579,0.11430191195372526,-0.15056988818577874,0.05162012038263394,-0.11721826364632562,0.0761629834790774,0.22361631176444044,-0.34786695439538873,-0.03867705441703698,-0.10840813259894591,-0.021865339659787483,-0.1279360914649751,-0.08317446621416619,-0.12152103230156006,-0.026377867416986257,0.08688169175767897,0.04026255691110545,-0.13054501023933704,0.1791381782233403,0.032396647087740066,0.06385925145870187,0.0007548297588610942,-0.1528049621547834,-0.018505231181616146,-0.117086481144148,0.06852007499320678,0.07002183739093269,0.00824932163371448,-0.12604860476879534,-0.07601879320224117,-0.15188674594253387,-0.18420211950968732,0.013016514945139732,0.08812091314635288,-0.0861946889354708,0.03110181021655125,-0.1505998637760693,0.15994072598095896,-0.08845632664640282,-0.015296345369289959,-0.11394803149269547,0.2026911346619014,0.10026210662313174,-0.10269302825384297,0.1665586466173046,0.06691921857907918,0.06329278101372053,0.02488315962544582,-0.0931308237218567,-0.0014031779901118135,0.11325162896896472,0.09421617911668825,-0.24854934670296888,-0.0330306045864714,0.050392739881373425,-0.0586568382468843,-0.04468665893725305,0.03471015816564758,-0.08472017468929871,0.0645782372371084,0.01896420675740361,0.1606916864522977,-0.04750598430087375,0.1344907954870708,0.029536740304989616,0.05392349417677767,-0.07078132552966367,0.05054275642235844,-0.11923534766529822,0.038067301246860454,0.19206720519842274,-0.32519836796503426,-0.042395933996009556,-0.05752201276593289,-0.1104005945072619,-0.07512181603130047,-0.1283441426819252,-0.19611941823514822,0.0037202278042626465,0.0712344852619318,0.1591984272300469,0.1846336308440374,0.008450704225352112
results_s1/chengdu_tianfu_candidates.geojson,cand11,11,13.4,11.1,30.4104,104.09201,0.14658749566616056,-0.128868617060769,0.20119369888259211,-0.04369180959844201,0.0849307901714713,-0.07054020803092954,0.03058104999749109,-0.03624432684241163,-0.22365789129568395,0.06032436357160803,0.015322226932660978,0.05317767822107427,-0.05543689476560224,-0.10660111384672859,-0.18143854424004077,-0.2258975884247771,0.1413197629383064,0.10460348261931066,0.01911693263354761,0.03661629396477173,0.0016678634883762796,0.14326237652061632,-0.14434917341929973,-0.01721778992117359,0.009302034013559462,0.1535703101447534,0.08856009921647608,-0.07901479208757367,0.18131862768239798,0.021275299330742185,0.07648422353202809,0.031890974633440275,-0.12280298875504571,0.009189656952386655,0.15073956455740134,-0.02694070836091352,-0.31755479709981604,-0.058241783065764864,0.08636827425714838,-0.18543705667056024,-0.08230405531050622,-0.013463989761179353,-0.11000555140139225,-0.02854074991477283,0.02400158740213855,0.19885689370963955,-0.12336384848818753,0.15875093066969467,0.06705588199402564,0.09240531507254988,-0.09953475571117995,0.07543872619536467,-0.19710973696242862,0.007906659887966312,0.2134053441874976,-0.3149848152536059,0.004193203579171955,-0.08177844230419004,0.021106624754415756,-0.09362845166481179,-0.03523547347061512,-0.1489602126512465,-0.06158551621649314,0.07877021115742432,0.08587292947828695,-0.11391062864380387,0.19588199374166543,-0.003736847926232316,0.054578183742786585,-0.04334426292939497,-0.08694117640383006,-0.006338274305977611,-0.13431484290335308,0.03979421039097566,0.0366440484998515,0.02654804246714739,-0.11621593737236476,-0.10411825190203852,-0.15957730419599428,-0.21390183911737845,0.04387021891923732,0.1010656196674548,-0.06262919020671562,0.059526591601940314,-0.11880369155303212,0.1654983735383965,-0.10385988044089156,-0.018831681610403748,-0.0567772049852057,0.18096392835420344,0.09260319773014485,-0.09984784331189529,0.17828310738698605,0.058879991895013195,0.06488767233971096,0.030038774788002286,-0.1289742503299082,0.03048342220426954,0.13996820605680174,0.05394703723858061,-0.2591906742231412,-0.04265410917036151,0.06863646935414255,-0.1260135975232835,-0.06793672964260704,0.04253585774898318,-0.10299399223031329,0.04004362385454609,0.027932940603818148,0.16667976450435124,-0.07302529781011384,0.10701844030787588,0.033645166707432506,0.085973779957863,-0.09341869894006823,0.05556522046973098,-0.14021502022064297,0.026076481323631533,0.18614948655785785,-0.315384916575304,-0.03295973366550639,-0.06645398664358118,-0.08930594078911883,-0.05943870279989741,-0.10196432677419386,-0.20584080898036886,-0.05016889275766404,0.08579414126947095,0.14331247519841264,0.18669632362922525,0.011160714285714286
results_s1/chengdu_tianfu_candidates.geojson,cand12,12,12.0,9.6,30.39423,104.10603,0.11073201859699126,-0.08550951309027333,0.16604983319476563,0.003081668530306899,0.08000797445156779,-0.04528469393045846,-0.019965240000106223,-0.013570903789345912,-0.23250315742721783,0.03798821050148344,-0.009138833301119679,-5.463044370569424e-05,-0.16117275309065898,-0.09029620489616795,-0.2414268733986636,-0.28806229351991264,0.07246021893265615,0.056990484464004634,-0.05723334326995278,0.13651183009750323,-0.056185813945395555,0.11742787740252003,-0.15467093368305765,-0.05265454902212341,0.01567684101031521,0.1793626336429896,0.10690456974088344,-0.06353427525777561,0.08487903668177843,0.0011536652779157882,0.1295216712639254,0.06639595178489494,-0.09457638625973765,0.05321182147458594,0.13316604594240034,0.04653675829459658,-0.2887048252419763,-0.08738971715014403,0.05334155654977651,-0.13965043224294663,-0.08644907007357151,0.056900898362637946,-0.09220972947378825,0.032519858215201466,0.025059785327092965,0.17997040536515962,-0.09402454750298066,0.05726485255580056,-0.006684583327917804,0.08650098087431352,-0.10364214977015102,0.050985769950349036,-0.11939784924596995,-0.0027902949834326773,0.20462993359794646,-0.31448528520823094,-0.027393238989953116,-0.03385913283639056,-0.0759030996522742,-0.04345271671508498,-0.06412206752680616,-0.18426532814393035,-0.15736928069636275,0.08376622754075938,0.06855112254628537,-0.11823919980653742,0.1671593298531905,0.02291276474773659,0.048183049789085775,-0.019452517794821895,-0.10441729679086827,-0.003805919619211614,-0.14012254906551116,0.058997495027049165,0.0378672660357711,0.0040731439402091965,-0.12906820801138924,-0.077088861391298,-0.16493419156291766,-0.2041674173786862,0.026122686202929683,0.06092179103925118,-0.09401181615227813,0.06811679865500511,-0.11377228945003674,0.12599803486666888,-0.1249148054772424,-0.03311186475597164,-0.08186819737370854,0.191323930516511,0.09382219931101277,-0.08924451380971171,0.14178643667134486,0.06291164967410305,0.07797610190698313,0.02099445350620372,-0.1027613243890416,0.0005643562570522816,0.11995031999893803,0.09236736727301802,-0.2558072613478339,-0.05682560635692693,0.05563477982662335,-0.07515719031183267,-0.0798113755638533,0.05901810130790947,-0.08330325780022191,0.030733662545262854,-0.001469125043342027,0.1587344216852339,-0.07639842604382706,0.11449428594035693,-0.01398772520955811,0.0712158997759505,-0.09016820767988096,0.04944654308628307,-0.12108606881970178,0.014223404305502674,0.20201639437471083,-0.30232139233252214,-0.045554720465530996,-0.02340707949903662,-0.11775245145654056,-0.020227810910862922,-0.10556400239657676,-0.2103969994714838,-0.05479578956811721,0.09214682183432706,0.15994873188405814,0.24805476665923715,0.03177257525083612
results_s1/chengdu_tianfu_candidates.geojson,cand13,13,12.0,7.4,30.41489,104.11187,0.04911155872517726,-0.10802509991684772,0.24266606425972145,0.020493314288779808,0.08218082770043722,-0.0015167578659370684,-0.15332139695823607,-0.033494172634854213,-0.16191992625823703,0.07665542043310714,0.048024038160635905,0.07799509692157754,-0.09028289656035694,-0.05031286602648355,-0.21060753131622018,-0.19330141358869127,0.039486347491572996,0.1332802064054076,-0.045227414210098106,0.07511603318938159,-0.10631334772851235,0.18368486125640415,-0.05748053353808464,0.006755161252827624,-0.10327514071063905,0.14054998412953867,0.08523401106908794,-0.06024645317543341,0.15428249029890112,0.017580249210947474,0.08833665830673355,0.003351830244181582,-0.0944445282673033,-0.03646468431193725,0.1065528659594253,0.056622763047307366,-0.2945205667766422,-0.06716025198268996,0.027360479645574608,-0.042182241512656135,-0.07157099125559936,0.03031072854358341,-0.09358415647380701,0.019575202516026916,0.0007874012007903955,0.20752521112184052,-0.04727546091395974,0.1234284080139124,0.06801703615782838,0.018650345797233625,-0.06977489930080563,0.09062557558363062,-0.07607809049292313,-0.018473177802812872,0.20660566877229694,-0.35796131351537436,-0.0502366207540928,-0.07884172735441647,-0.1158626378047799,-0.12566092647729407,-0.1168573720527883,-0.1803662472170811,0.007045587900002683,0.013964712252890208,0.021296038022030648,-0.09895458667926717,0.20263680762486885,0.033222308429352386,0.05672456947402228,0.03626643121986745,-0.19913630746463795,0.0021965152746898525,-0.10722638279434307,0.08123468850488114,0.08398358745478417,0.04938876634712902,-0.1160239147150471,-0.037014514720010994,-0.14000394285806347,-0.16814012491716168,-0.01727461982915928,0.08860188902425464,-0.11521622250235217,0.0582244998421053,-0.1787806295822733,0.13365173667848446,-0.03464867342153006,-0.025022767801074743,-0.11891013060880859,0.19250967748800502,0.08706868337146507,-0.08171554437386248,0.15054526935068577,0.08039643573769828,0.05411140126746295,0.007198182528865397,-0.09340830931796597,-0.03388885218710773,0.09686953042828028,0.11176048425630451,-0.24318338502223194,-0.042246664139864706,0.03738160249055159,-0.0036163931970091077,-0.030144591426466503,0.05694797520519043,-0.09893142298226068,0.05122541597143245,-0.0033623524664164275,0.1655452221016489,-0.000751470691371364,0.10140666052816387,0.0234672738468354,0.03957250502286369,-0.061859687875717065,0.06570903231101222,-0.0649673524639471,0.004449536072263503,0.21291403712556614,-0.3360948287510765,-0.07549247046738293,-0.05300531708543235,-0.16253947594315624,-0.103291165857245,-0.1394983378392128,-0.21464587361901064,0.04041193726700346,0.045400517912999226,0.137144843924192,0.20974560152833158,0.0
results_s1/chengdu_tianfu_candidates.geojson,cand14,14,10.7,9.0,30.39243,104.11663,0.10035383309637784,-0.1330668698153312,0.11587026268872065,0.019245370352900925,0.12526369705692986,-0.0675608701795342,-0.049106801329522436,0.005538017631839443,-0.24029935358866408,0.10319350091980116,0.018227938783156834,0.0071196255781162945,-0.10798669415378784,-0.08291026394093036,-0.24759886971303022,-0.2612642901794756,0.10379439387389941,0.09671022986852783,-0.033438306520532673,0.06779156186747516,-0.037590714976805474,0.07800690140847041,-0.1151418819286433,-0.06562291633212682,0.004429828809236615,0.2206907613616721,0.1192909586126523,-0.07264275924409579,0.1240974677552506,0.025672932047638194,0.03506465860305105,0.0403967855664942,-0.11637704705191955,0.009832261198646997,0.18788234427633246,-0.017568158431361374,-0.2952445100177476,-0.06530906729802631,0.07376042628796269,-0.13579093743968676,-0.03994303284353205,-0.028325251968771344,-0.07004314673032815,0.015456530364478294,-0.008350625986062734,0.1661540433166732,-0.11936858443422273,0.14440815272374477,0.03232828131002938,0.0436144530156522,-0.07100356083160701,0.067213219868599,-0.11798054630723216,0.04293147324289195,0.22853886273363838,-0.33343569309178556,0.0007257421753314419,-0.0437191522819775,-0.056291882816091106,-0.11042755275038221,-0.038907748900088905,-0.16937092254454036,-0.0485882802954041,0.10235925812723931,0.08100089940113214,-0.12212503411369464,0.13182035425664285,0.03360764878886794,0.10023760909813739,-0.02535978528470749,-0.09944950006783984,-0.00442126638215022,-0.17243670110600814,0.09130254655586012,0.03371958514814827,-0.0032792914240548526,-0.13745852438240852,-0.08579220541124884,-0.21240467725018589,-0.23082296643790173,0.04924472978965933,0.09109384362536875,-0.07611514136227748,0.05714249793892985,-0.10199063053389178,0.09485425337929759,-0.09164244350137758,-0.06353305857128842,-0.04701060839935018,0.24467967829211157,0.1092355726038998,-0.08084088433785702,0.1318625325599545,0.05024869177971694,0.033344654907426115,0.03288015897739194,-0.12033612193902885,0.012190587947218301,0.1780561190041579,0.044347840046114875,-0.25746717429716537,-0.059472648964655754,0.056074419329775985,-0.09697340455954541,-0.028952225278013832,0.006816541357735063,-0.07664788226888825,0.04508217145925285,0.003161820140656898,0.1387212335251816,-0.09895176393195636,0.11400531154379362,0.004700683098911323,0.04975379025059283,-0.05872400980098501,0.04970133277196712,-0.09546291298836976,0.04149303485702979,0.21993238899866802,-0.33077705909310706,-0.014750064888182191,-0.015189474233235061,-0.11392432894503599,-0.07999099288825647,-0.07901009213832817,-0.18210940646500068,-0.03780328354974417,0.09909574086646421,0.14999567786069634,0.20212281250870728,0.0018656716417910447
results_s1/chengdu_tianfu_candidates.geojson,cand15,15,10.6,7.5,30.39513,104.05842,0.05313363942593457,-0.033565640595408924,0.11204273277439498,0.003974678530794639,0.1392759824081307,0.031618384618728,-0.08909720850870907,-0.02871076205765447,-0.19577305990998908,0.10053188725472727,0.08295030670053782,0.007866238846983188,-0.13879560904838914,-0.049794468503362034,-0.22562578691108254,-0.32804704898473896,0.02876783822344983,0.04786551491324466,-0.13716410557637207,0.10315845861370042,-0.14938966096841366,0.07572819837908723,-0.14322006565436138,-0.10106008496298789,-0.06964890471480716,0.16107376982624616,0.10957843158218236,-0.05608786207692678,0.08444903122152919,0.01057617718543786,0.14168812123961486,0.07695944475679808,-0.06913056536290114,-0.00047122216645975823,0.09603581152063681,0.14990952924601467,-0.3023997229486017,-0.06849229898016182,0.0803752883681038,0.023586999435806853,-0.0018085513904209593,0.04056707490659787,-0.05360230127075528,0.059115070665296456,0.014117292079731657,0.17383629118962857,-0.040776875935226664,0.0735820702576296,-0.021016089916483474,-0.010038400631918682,-0.084582556467181,0.04874942682755884,-0.017644557199220555,0.06971283169756452,0.19462297516921254,-0.2955837051180299,-0.06717759058919681,-0.04371126168373852,-0.12888364246561768,-0.13516633914954,-0.10761840474352687,-0.23256142431028198,-0.03778327576103532,0.11543553069583873,0.037759881755110865,-0.016483293080549372,0.13301221089272383,0.04316290298425582,0.09821173607643459,0.00620720287744066,-0.1775629669627779,0.07273623511820573,-0.129424606934886,0.14344036856053635,0.021477560480567943,0.024512688940228622,-0.1547359808915016,-0.042866801265082376,-0.1781575669249438,-0.2444178352100609,-0.009832755517023457,0.10185035363275308,-0.12777858767153497,0.053429474288333,-0.18430542066395764,0.12824694777958956,-0.06908820228823313,-0.07387687266498517,-0.0637908776627376,0.16541823033656475,0.07039270232483494,-0.07450199094196981,0.13110759353697035,0.08009420903609626,0.041759241473129455,0.04632941218508302,-0.05065338406185497,0.007491508998617504,0.06874872736584907,0.09645305166983432,-0.21704957537838696,-0.08625465806590463,0.057424807359187056,-0.026584243254624534,0.01703604110278719,0.08988331444580541,-0.07193389490356103,0.07979064447358798,-0.014520888445158649,0.15772825566363471,0.0028558721528521673,0.09637123783140805,0.020022014063141663,0.03646904445752927,-0.06521445971058573,0.030204793138713625,-0.011575126618360545,0.00900977590465821,0.18544547929741176,-0.31456101670512077,-0.09800261568348344,-0.02752870642307981,-0.168159390584707,-0.0925028254440828,-0.1343167398803332,-0.2866304618558126,0.010252479320964914,0.07924041326607364,0.13938973406414693,0.18452681761061854,0.0
results_s1/chengdu_tianfu_candidates.geojson,cand16,16,10.6,8.6,30.43052,104.08447,0.13644785122469144,-0.08780504947967685,0.1411138830485445,-0.012552218265803588,0.12725392769706056,-0.08860735670378993,0.054215841667827745,-0.030010144215474998,-0.1952104049968905,0.035665377076726935,0.08179281566057356,0.06287537700339524,-0.04726977851388814,-0.09690168910790617,-0.21667001408317416,-0.2402959834144698,0.1604396604254424,0.03204488736778039,-0.017190758392723264,0.06192633937691119,-0.010276002976567732,0.060191666657936696,-0.10758001900338064,0.014885118243839,0.05847512991055978,0.13423780764821458,0.09985362578006578,-0.04701481055459353,0.16751888273252,-0.08925734635005547,0.08640983398755667,0.10508399026294993,-0.13551847486871,0.011686437934686615,0.17403696265776347,-0.03273942635770982,-0.29760935237303054,-0.04882832949389621,0.10567415243421016,-0.16354619983021967,-0.07558398310438132,-0.07258492978142617,0.001447106384360658,0.0018103789466847166,0.01722826510169882,0.216614340673136,-0.1899745511141003,0.13259572280765342,0.02022825148295859,0.1498080812207699,-0.18780395579007736,0.07081979857534006,-0.12087270842870819,0.09141296804380068,0.208727221172881,-0.27953714720915357,0.019617995035096192,-0.11240261186485599,-0.014722442042657387,-0.1614856970053786,-0.04138052960137948,-0.08828264123943114,-0.08941613667069298,0.13966910372276992,0.10177305887356092,-0.14150687536356663,0.17416228501582282,-0.00040558869088317686,0.09093306439562601,-0.0762313459104757,-0.0427818200394636,-0.01669497405838758,-0.19774645834566332,0.07998692634255553,0.06492817137175537,0.05976575156137069,-0.04961135826117041,-0.08795119150088966,-0.18369764765737423,-0.20076230598386707,0.12733033058359358,0.09192221267260622,-0.040141620414298515,0.04961957813974498,-0.05666505890314124,0.10629857985694112,-0.09192927495717071,0.018532534518713856,-0.03256693978249887,0.15868891083939127,0.08078479758697271,-0.052564468895948055,0.19786087572787647,-0.004738074145337966,0.036775304354985563,0.049804888010121534,-0.13337061373386422,-0.015043302265442964,0.17267394931056987,-0.016500320994731997,-0.2720043407639605,-0.05675944467631047,0.06990268334616603,-0.12262182901402052,-0.0931083644416711,-0.03524187438284222,-0.052235185833484465,0.008711979477481403,0.009794599199225802,0.21370239160364116,-0.13974336866958406,0.16940833987216253,0.0342278808706547,0.0967043302799394,-0.13225562580410444,0.07303942982514862,-0.13165739617007763,0.04559334112199763,0.2138400757711485,-0.3219864864247931,0.001630215403523606,-0.08126572247468593,-0.05936816724862766,-0.10818836702917056,-0.0763385546002474,-0.1640585102902398,-0.02682452372521751,0.0801383121942947,0.13337435776942352,0.14907798066304928,0.0009398496240601503
results_s1/chengdu_tianfu_candidates.geojson,cand17,17,10.0,9.6,30.43717,104.05132,0.1518256319892054,-0.09484350887307796,0.18240213947039982,0.007519705487619933,0.12398884328421914,-0.07115948327650116,0.05280799658905978,0.027144670365809073,-0.21999032319258816,0.04559563047137761,0.01319484681548224,0.07379864202764483,-0.026778654221246218,-0.09272645218540154,-0.20475770288919098,-0.21509768131976387,0.12013640269066508,0.063293465822563,0.03161134276579388,0.08583685860817036,0.015532076884703509,0.11190223777829948,-0.11319063795943318,0.005723801206657448,0.09719249329189568,0.13756427348122852,0.13350787760350516,-0.09521379323203796,0.1828836879104259,-0.05139170640271618,0.03191052001369711,0.09988770587701075,-0.13771756885943742,0.05376802080167921,0.19097369164685946,-0.04717407369813787,-0.27638960040344135,-0.08228610646981205,0.08457609846725925,-0.24730148185322787,-0.10923270710625224,-0.04059779722566762,-0.045792859407203554,-0.025494404934480436,0.016656268131574833,0.21920552203030988,-0.1838466255704381,0.15183794221227376,0.033078088944713674,0.15270410481483151,-0.1465728148332741,0.0557044856510097,-0.1484998773202611,0.020312454662879318,0.20295073979880532,-0.3054560734082598,0.011156011860635959,-0.0960996404595021,-0.013182260052344994,-0.11227628755153134,-0.030853363196867455,-0.061506458310484735,-0.048184598596677855,0.08020191894366166,0.07281681451305412,-0.1165379070868679,0.21178013271512097,0.01707660225622018,0.07052727004891014,-0.031323273855910355,-0.08674876054985282,0.0037470092246675185,-0.1689182675126052,0.0506475822886531,0.045056241678984914,0.034619816402956,-0.058309965440303424,-0.08763999932393315,-0.17585777872814284,-0.20167697783407887,0.06196147522402001,0.0868387608990655,-0.04061966505860395,0.06654077312590974,-0.10768894214004976,0.14054525135570886,-0.08608401178593308,-0.016056251005779662,-0.04727184483323008,0.18997780335555417,0.117184744987152,-0.07621520953346016,0.1754354826957655,0.03762949372204066,0.05381833714322111,0.03740947612726708,-0.13665738538098723,0.01229785704452419,0.15365273919212474,0.027422940155194725,-0.2724195530536384,-0.05488004445093833,0.0460408279037288,-0.1094756246812887,-0.07395045230701687,0.0147167192212383,-0.08894631797400447,0.01706863232126928,0.019043013520532632,0.19289829699895802,-0.09686670012633572,0.13285528603787158,0.03587166074999144,0.06019096993046313,-0.10022000159072801,0.06584536322552859,-0.11901142979551971,0.0151463382994096,0.193046094833351,-0.33346506313197355,-0.01895869443422089,-0.06347594631723734,-0.09744328157162307,-0.08828567938019011,-0.09810383783603176,-0.17502632178080318,-0.02751947261128218,0.06702177760605833,0.12392016914682559,0.28096054557507444,0.0
results_s1/chengdu_tianfu_candidates.geojson,cand18,18,9.6,8.0,30.40716,104.10037,-0.02586302546658867,-0.09612102810930498,0.2091376840132569,-0.012220449745247478,0.07913113835429877,0.06893027556253092,-0.18822987538236285,-0.03350993966941102,-0.11272761849588463,0.06478386994252831,0.11708503900182929,0.05712730877003022,-0.10939375488662542,0.002597566753110725,-0.13910167904640874,-0.16570050672440872,-0.041090574272060074,0.16318403935136427,-0.124061812986143,-0.004714310875693756,-0.19425666039487882,0.1671982937830632,-0.004771379464264816,-0.020355553152196955,-0.17610536435929566,0.17355435010353645,0.04654575676906999,-0.06483939311562117,0.14510658511176625,0.09211384961248983,0.12328257146516076,-0.016887464759182416,-0.0782643335364311,-0.10017372789495196,0.10207311897191024,0.1281648435724445,-0.2961843398410555,-0.004836706104803342,0.06314162705840852,0.051004526348670184,0.015086762293790603,0.01430462835866745,-0.08521798776983905,0.026791985050550526,-0.004888677337439165,0.18022627481581288,0.006612690306353464,0.1156475091738085,0.0749639129416879,-0.008937084612824867,-0.047770812928364575,0.13407918214265432,-0.08386401377795193,-0.007290035011485467,0.20463667121418455,-0.33569124890320573,-0.07298392830781261,-0.07710845218605375,-0.14597993768454426,-0.11957468936415307,-0.18081088061923942,-0.23782389571435758,0.06614077267839576,0.003211225249685555,-0.01378142241277753,-0.12179485846833951,0.19306876088694913,0.018683661924454673,0.052776132832358304,0.04285468952607042,-0.2148798652283556,0.0007976339426280799,-0.07754269224299973,0.06551952343113975,0.10600112121436735,0.02297096042878841,-0.1342624485078237,-0.02353122061516758,-0.12122008838299808,-0.15912634242458665,-0.05283011688164653,0.13380775889736707,-0.13329144467634374,-0.01129741504451049,-0.2038354805267703,0.16728237342319727,-0.035667086237136554,-0.02904608714295446,-0.17246121825851568,0.18428599375317012,0.06782308626930511,-0.08409144467046992,0.1446993808686154,0.10673930749059025,0.0931622454438234,-0.015727079181055124,-0.07639666455783262,-0.05496166556085759,0.08093680722188672,0.13484512352818182,-0.251559833058559,-0.016809636125826498,0.06384303021291327,0.039548406339547135,0.01252244807096585,0.054513899444644714,-0.0876236468065234,0.04172482015018415,-0.010043058110217025,0.13969719302237485,-0.0009500874358059245,0.1230787160937192,0.035315549277774194,0.03128333201567057,-0.05143224773424802,0.10339207767212923,-0.09045774824103595,-0.0037117154296884437,0.18754234160063615,-0.3153374854083555,-0.08287066202601108,-0.05191466838741432,-0.16834345873403517,-0.06851271397944803,-0.15942669545312102,-0.2403890715143956,0.03708304196643489,0.05362595169422085,0.14079106154910093,0.19969897137045906,0.0
results_s1/chengdu_tianfu_candidates.geojson,cand19,19,9.0,9.1,30.43878,104.09219,0.12261020724059422,-0.1068086602153919,0.1346321275103911,0.04150444361831592,0.1094249471475014,-0.039463002482820045,-0.07049513626424608,0.028003874773299124,-0.18093266141079933,0.057723574527600935,0.010005275560481594,0.027466035065909247,-0.1410083733330038,-0.09964357686282824,-0.22257911813117862,-0.28143225828032375,0.03925216442360198,0.0286899120242939,-0.07739830823819499,0.1523318707087189,-0.09987728953441445,0.12301644180851486,-0.16636969266097923,-0.05068272749933647,0.01427793694544245,0.19349087388093375,0.13557184139128145,-0.09336654467827799,0.1282394066036721,-0.027610721388638973,0.07233953003062786,0.09050589409192748,-0.1619281490939245,0.06594971139796554,0.17926483428842668,0.0630960245933508,-0.23891469475615437,-0.10375334218052053,0.06908219528540385,-0.10413343952192651,-0.09749258116669253,0.07265046442146154,-0.03757646009926605,0.0483501287779363,0.03192509563066342,0.1693889766868692,-0.11307532633735846,0.08008372460086834,-0.0313566856756539,0.07968920527586777,-0.12175510903412758,0.014687987207647486,-0.06119483955281378,0.04492704597139952,0.18720974666869608,-0.2920711932854115,-0.010895907769138341,-0.05569647157567887,-0.14200916066911667,-0.06316770713121765,-0.05132278647220455,-0.14894034978338216,-0.10419460795050604,0.10671347456500027,0.0697151890230624,-0.08829690064385344,0.1471501448545726,0.04741103797039904,0.08625427847643329,-0.029821504106038357,-0.11620351072960391,0.04452430366070753,-0.14680918077731095,0.07708288650483965,0.029282897427387405,0.016957737740641996,-0.12789062017528563,-0.07848174398107059,-0.18910038077772068,-0.2312005914385405,0.02745892249118168,0.06987217345489667,-0.08808107860363616,0.06989887972122037,-0.14268454447273446,0.13704892473628885,-0.11341829557619564,-0.03475801475095014,-0.033915286800639294,0.20383845261455075,0.11190702864284918,-0.09195140831654912,0.15079974074403765,0.029044797082909614,0.03600968413285102,0.05962181212532223,-0.12776244184275468,0.04783638372647928,0.15983326717497848,0.0529524555581938,-0.2261213862244148,-0.05980009088171159,0.061121371034929844,-0.09725281611601323,-0.036527434179058786,0.06041257825902189,-0.05647124856416016,0.0462525912422145,0.01297038235502613,0.15143478384061448,-0.06964834001529237,0.10754847051726914,0.0030654699786323717,0.08207683561694396,-0.09793174000911327,0.037685407443758874,-0.06572978889001087,0.04429529543819804,0.18909274908878965,-0.3008509761882197,-0.03749893768365772,-0.06117015507226558,-0.14561761392225125,-0.06855727843835022,-0.09854534633632332,-0.19424248658750898,-0.0302656139226368,0.10454247605204077,0.1054997953869047,0.32383143752340865,0.0
results_s1/chengdu_tianfu_candidates.geojson,cand20,20,7.8,8.0,30.37734,104.12831,0.13125465682955312,-0.017575059560320662,0.11401873646729559,-0.05087795972552566,0.0901551915482553,0.00010221720779315906,-0.016172528783004497,-0.08088909684514425,-0.19114551333680205,0.0827003007958659,0.04206497207474519,-0.012189140686459687,-0.20456540007611085,-0.05791748021865037,-0.21218798630563346,-0.29293199732619696,0.07436296276730524,0.031570350636887,-0.11865192636951004,0.0861433631976964,-0.08661004610395769,0.09864237547536106,-0.1373608366661538,-0.08791530701987925,-0.03760759185677963,0.18836931409793872,0.07062329716599505,-0.07571573497931826,0.1093599796851336,0.07503794293249907,0.14415750673866318,0.04637408004163597,-0.04795069312462799,0.005860042365496815,0.15143752696408608,0.07398820547028374,-0.34334387788942855,-0.04141160091238011,0.0732797957780129,-0.12877497134661878,-0.045181193766734865,0.030287157121991638,-0.1258796416835457,0.05724756479451537,-0.003293068362404585,0.1247748628963135,-0.07794196818576754,0.03578621649727596,-0.024987853146547227,0.04960348416171339,-0.05659281564244716,0.02332061138580064,-0.0816052629703281,0.05077543505552697,0.22482524197624973,-0.3090930996955983,-0.047591683482752986,-0.03265048493078815,-0.07388531464074928,-0.08600781429170981,-0.05181878009897767,-0.2501206300012397,-0.1068093459007112,0.14476963603881915,0.05230917403968459,-0.01411646290035422,0.12698967599398855,0.024819871549458413,0.05620091199768932,0.026490175980727036,-0.1411878353040573,0.01713163670043538,-0.09227810236788904,0.10170977739086322,0.05331717225481845,-0.005873949142417202,-0.1825329025846704,-0.046033934240665896,-0.1410037497093809,-0.2057957638306787,-0.025093297239339046,0.02560739553844249,-0.151889441510643,0.044117697111089364,-0.1829774771850397,0.12913458216440482,-0.08597059811051617,-0.07360261792782152,-0.07895392765754061,0.19539895237435947,0.08422799328517051,-0.11390380397318399,0.12733032277804554,0.1261648996029853,0.06721694938132955,0.04583684582202291,-0.05402430959402492,0.015679210909705706,0.09746447338106536,0.12368861401747348,-0.2568182740708,-0.038641047372806374,0.03832725857434135,-0.07824149379360464,0.004404633453419046,0.09307982706945638,-0.11296251130387393,0.0824903025705537,-0.016676954040029723,0.100991654758051,-0.013305318676280296,0.05038553555905789,-0.026627819590785938,0.060411745750131585,-0.04951580399283054,0.005478208884719205,-0.05969545066944757,0.023356859227081476,0.19964687291225253,-0.30272022547574096,-0.08299076859587892,-0.02024326879586201,-0.1611301199197844,-0.0657800369480554,-0.12288427813028191,-0.2679692107445239,-0.025999152450529264,0.12192531727167763,0.144510161564626,0.2132656680895053,0.0
results_s1/chengdu_tianfu_candidates.geojson,cand21,21,7.8,8.0,30.40968,104.09731,0.12224328374799302,-0.08717948610463983,0.14387498399216447,-0.00934133512020251,0.12219676199127488,-0.018665489020947848,-0.046836361949439645,-0.025999365764841277,-0.20653158254247825,0.04935474642016589,0.03803378158067359,0.005059662329512621,-0.11862856812295526,-0.09782933261456143,-0.22413862684245575,-0.31194021114483483,0.0760302803622616,0.05854089164464692,-0.05220160014777861,0.13394745852861495,-0.0899656606165607,0.10911337795336266,-0.13824905404433907,-0.015317671958736566,-0.005509830959352988,0.19354493648321425,0.10989609596052012,-0.08085201857321123,0.13503076962738791,-0.04809102972248963,0.14025535824959467,0.09481054652444652,-0.10489889859803848,0.03469685229188541,0.16955258754740252,0.07466492954142026,-0.28711909193845764,-0.051838374412949945,0.09248620811003577,-0.11183859378928826,-0.08603242731604296,-0.0018834199206151105,-0.04606088196414205,0.05051607724646089,0.02962514801789634,0.1802726540477764,-0.13966394479317593,0.07964888886932667,-0.012837277321663624,0.11527883955226825,-0.14766238931712683,0.06447093588391162,-0.07896817946214091,0.06251150555535646,0.18579135787176457,-0.29101584169635764,-0.017206667112405847,-0.07998325194401318,-0.10025657949112098,-0.10288020591753004,-0.08586455551175008,-0.16445356882335263,-0.12659512063707454,0.12853479032757148,0.07071074663856958,-0.12140681863842834,0.15949481091159726,0.00360292338866964,0.0647900796086244,-0.008745578695037887,-0.14124045524091494,0.0071349224456017275,-0.146311666140168,0.08503785814160113,0.03541079782390918,-0.0026088412274893067,-0.1343489637480734,-0.08249189775513582,-0.16542205167723198,-0.24058077871738903,0.03546568954233813,0.08999417510769828,-0.10904589947467985,0.06272693417431145,-0.1454132450568125,0.12411278055147328,-0.11659900407487768,-0.04667461738977558,-0.07930003258856072,0.22687068927881532,0.08786125486952213,-0.09103506864590512,0.1603495933020414,0.07948675641908355,0.0604269818321326,0.01296495248182407,-0.11061555287020905,0.01626564189920368,0.13070909385845667,0.08161444898645236,-0.2413434047975818,-0.04685156628126378,0.08385388566096943,-0.05561887150174597,-0.03225015961088252,0.054831577142978156,-0.08979117256535056,0.061704967790936274,0.0066536683604658696,0.13911366834599212,-0.06393406416207582,0.11466320159102476,0.0010320058996778397,0.07701855953182263,-0.08385551937485486,0.05445032546728968,-0.08716224514874535,0.02788416611791837,0.19441251094568957,-0.2999711149878577,-0.04457499917279528,-0.03348998310281077,-0.1395613839246397,-0.04117089016554118,-0.10407776401190927,-0.23360468968492598,-0.04963111015502291,0.1213019327115652,0.12406947278911565,0.2827208185873261,0.0
results_s1/chengdu_tianfu_candidates.geojson,cand22,22,7.7,7.9,30.40932,104.10468,0.0855416111850633,-0.12458554395166514,0.18696118149668176,0.02259550293876962,0.11120983325791395,-0.06160594518260393,-0.07590649062623772,-0.08198769494364784,-0.16589065989869703,0.027866076753912075,0.07658696528676852,0.07868420308016949,-0.07411859023734771,-0.08895969295137539,-0.22946108246293687,-0.21460424054461785,0.0683105276259435,0.034644447895779175,-0.0190355335871811,0.1000427867697624,-0.10973090418053753,0.15053745456237466,-0.10950827771898625,0.0006486469265689415,-0.0804783997096966,0.15072745682809893,0.10099951073487369,-0.039454018405115844,0.14475444556717618,-0.09329856008777293,0.15059509324996473,0.06983476280771812,-0.1340459766693963,-0.010195153417768074,0.19214453854571525,0.07903461556008425,-0.33423237948641227,-0.035530353825388876,0.03740207553770084,-0.06528599303738629,-0.1050079971059091,-0.012727248210982468,-0.028148502131199203,0.028610640045837094,0.03712094965082483,0.1918366347725609,-0.1280802956522334,0.10595994229983122,0.025314959097840647,0.0722965286209619,-0.14631467523603742,0.07539672429207987,-0.11613937607552917,0.06070243045927276,0.1842398864888139,-0.3424964230827785,0.0007804012812416522,-0.1006946167491878,-0.09613621957140153,-0.11864441631676492,-0.08719363238520136,-0.14754382548877784,-0.11494951235225023,0.08551752170690446,0.08555749649547023,-0.11560187214626173,0.22398789656842832,-0.0018103063709822697,0.08990266399859659,-0.07030238658756707,-0.05983215487787153,-0.03929470796880062,-0.1724931469427781,0.03826236044226679,0.046331832123902045,0.07765039406860313,-0.06302021133639917,-0.0725962679517164,-0.19180657122041425,-0.19024541269533748,0.09002714157518775,0.10688948065929807,-1.594243887026372e-05,0.03903404662586435,-0.06897193487297114,0.1765864067360383,-0.086976186309724,0.012802746149023717,-0.05572299793493934,0.15059796360628835,0.09591734518268175,-0.06534397983327549,0.1840099946265471,-0.01156642942276354,0.09148116273248653,0.044220718632837996,-0.11689476864724777,-0.006990950321504034,0.14777432583157185,0.010558654597829438,-0.31513813892255543,-0.03465217756779981,0.054017194894840664,-0.1262019359189816,-0.08291919141516332,-0.02038652439249119,-0.08589162856163797,-0.006853334177432132,0.02178094410962722,0.19753187130066113,-0.10667233775023578,0.16181632962079665,0.06582315109274209,0.07449149627031258,-0.11106718494093074,0.06901087535926849,-0.1483306660405222,0.014700696092115316,0.19685905624472697,-0.3382235159952364,-0.0149748586365653,-0.10723069386260436,-0.048235931677945834,-0.1132968497460171,-0.0779047701466185,-0.14976133292520788,-0.03396183270794162,0.05464184136295849,0.13571515544041454,0.1721909030807524,0.0
results_s1/chengdu_tianfu_candidates.geojson,cand23,23,7.7,8.2,30.38165,104.07405,0.08990870748339252,-0.12752969910211256,0.13840785728051633,0.02958748494658053,0.11798681574111464,-0.010963286077789895,-0.13322476004321804,-0.053210815234640496,-0.2390446953615554,0.13055348647466766,0.0820959307237339,0.03199928836474968,-0.16657386339258548,-0.03933179518377224,-0.2542709001976284,-0.2457452080268321,0.07202801931030356,0.0439681407662601,-0.12565302806249473,0.10844593647467468,-0.0819764816568747,0.06696274997550783,-0.13009064405086485,-0.09839043535390506,-0.12304380875235885,0.15306018390991577,0.08989911745769011,-0.024822667679055856,0.044454914930099156,0.05083844244677863,0.11996274676113027,0.013634400325015504,-0.041644235202438,-0.06474265762783682,0.10487457847979784,0.1088858729641635,-0.321092748629662,-0.08624963890660285,0.007869098245494876,0.06054287204079861,-0.07234426654960743,0.06266267860234946,-0.05677654387604465,0.038110211504648765,-0.029666519504074645,0.17743082344947156,-0.06902453562375904,0.09195006366563989,0.010389502904888943,-0.006531581749099374,-0.06731369572226434,0.08422617143449701,-0.0675586312956555,0.02385725871449213,0.22282502144199498,-0.3192038909062603,-0.03644499060912594,-0.0135103560957387,-0.08853909752295872,-0.049731304585896634,-0.07635479517357015,-0.21294806641910377,-0.057934052431529895,0.07328029051265268,0.038696916850698836,-0.0493778548283434,0.16217742510855454,0.038944068340263635,0.06937146290302591,0.015918824172514775,-0.1919089269027019,0.014994855255516833,-0.0909596114546223,0.11184823758905241,0.06548899545552457,0.03296546907763745,-0.18269026001264185,-0.02695757064142452,-0.1583462150811586,-0.1740644107531717,0.010703028498895456,0.05195614588336582,-0.1556005049240623,0.02724652457892355,-0.1496534847043465,0.13033218453583667,-0.0744206488292491,-0.05610890702195997,-0.1231531570385758,0.17262837600600967,0.06340278285627841,-0.09160200144490438,0.14308047955274347,0.10827623742089885,0.08511877205114222,0.023271400925689027,-0.03120616888319522,-0.02965900455667742,0.08638281096914624,0.1067940659311645,-0.24251017907749461,-0.0196047860737487,0.03633251435721746,-0.018846171790034047,-0.04765914192793977,0.07624972640205879,-0.07746339161910451,0.07517960405696035,-0.014430137564599025,0.12723460211672538,-0.032146969172139696,0.12966558869705325,0.012542786027559419,0.062011051810255055,-0.06747766046195103,0.017339843707574878,-0.06789675072517547,0.04005884270283724,0.22009588764109916,-0.3070435362886623,-0.08314525314255769,-0.04114580368537623,-0.14050296451660266,-0.040236754994828365,-0.12628305562771572,-0.26602771592625424,0.004500089261403595,0.09687447352880588,0.16001358506944438,0.1305062283159219,0.00390625
results_s1/chengdu_tianfu_candidates.geojson,cand24,24,7.3,6.5,30.37024,104.13199,0.10444361911293075,-0.0015893858314060163,0.15839599161432427,-0.06994911981468964,0.08617446648624687,0.016720212931337495,-0.007159516769446988,-0.05403958229839314,-0.19601135938494704,0.1301997375641461,-0.030914198612709262,-0.01958319780180883,-0.13003765950658386,-0.06040694574123171,-0.193412718204881,-0.2898178599573153,0.05326456735454657,0.10231055715363083,-0.07179171539774044,0.0452673356044975,-0.09398268963240701,0.14876365024770605,-0.1457687521032938,-0.08006395795100167,-0.04804406948816131,0.21970436149967562,0.04857302522401094,-0.0724611410197694,0.1670118152740351,0.09424850088943272,0.11397057242401092,0.024297483021913948,-0.07330370036790147,-0.0032442363155440203,0.13622722375914878,0.056701927051246714,-0.31633848557537475,-0.05562583732100882,0.07442466968307512,-0.115962035169675,0.009290937849497055,0.03142598242141714,-0.15525681629661453,0.01930199526514089,-0.028178992671356665,0.13232991470677513,-0.07987382001965632,0.06421161919315774,-0.0010583195949879526,0.013677919373497206,-0.032498343134756545,0.06828688118087956,-0.0745000746537163,0.007501976934534961,0.21048365719558568,-0.3200985450020394,-0.045815886848936345,-0.0010084894186524855,-0.09432156054884615,-0.09878558512737234,-0.07680319823299388,-0.27085911594555506,-0.06958755332988589,0.12529555481408508,0.03295709365120769,0.023329834100805413,0.15571362376735537,0.015826553857071757,0.0712707838638372,0.04557930776617486,-0.16004423236042756,0.044407774314275755,-0.08129373111920636,0.11633096890484831,0.01048173552310897,-0.0009210449063134234,-0.16613228640370464,-0.015977529075270093,-0.14080812988346011,-0.19351117769970555,-0.05428054671183775,0.059241536352331065,-0.14084397609122895,0.01079293380858683,-0.1996850816682778,0.13997778344080752,-0.05827449594187222,-0.079529836623571,-0.08898083405544333,0.197351084162046,0.06453171593107661,-0.11008949838389649,0.14141869415721903,0.12699439446456276,0.08358350844673068,0.03770578924759933,-0.0430115907071061,0.009870850998338739,0.07456114151074807,0.1299624814971673,-0.24680382889605804,-0.032498847897446934,0.030785171154301152,-0.06608717488906318,0.037079402308411925,0.10046232132724883,-0.10611988470458655,0.09688957847576854,-0.025109491101271104,0.10635470884024761,-0.02952089912117579,0.0612078645375458,-0.023858690234143866,0.05285345444730865,-0.055951015427626205,0.006666272430403046,-0.02916836366411017,0.0033110017089784684,0.1940502922306189,-0.3074236842559877,-0.09205818374533258,0.007016812649924097,-0.19197077224906003,-0.0679862792129236,-0.1451406923603429,-0.2947679673115403,-0.008251497208048896,0.10749520241415207,0.13230393897996365,0.26141051221878614,0.0
results_s1/chengdu_tianfu_candidates.geojson,cand25,25,7.2,10.0,30.428,104.08555,0.13994805200973415,-0.0670208880511555,0.18258990154118424,0.008761813802408144,0.12455894724420535,-0.04488882449084246,0.09862352947462613,0.05681866177157701,-0.25211643795407135,0.04834041449921315,-0.05025755411959087,0.04596340856904011,-0.022065053272096524,-0.10084052372095409,-0.2073941264162289,-0.20188923333462214,0.10976672715682732,0.053418609757233,0.07448875931052046,0.06962063858206397,0.0230008365110661,0.12386807215053754,-0.16252021545127743,0.0011275916328498323,0.12011303463605627,0.12098995442860372,0.14693267250600497,-0.09539745555775218,0.1484852856575458,-0.10447060388080646,0.00807144998173351,0.13737511397563687,-0.1494583331543529,0.10499692729820272,0.1909153843545365,-0.050808826541522134,-0.21157114574985636,-0.09069858574695917,0.037581085050506884,-0.2462865847868557,-0.06692168991509478,-0.015784279675546995,-0.029991835347466057,-0.029187301194168173,0.04282239036258789,0.24750950787913956,-0.1927450152716614,0.13260278569046074,0.046147374649848714,0.1330758389321044,-0.16516905657106448,0.06534898624937568,-0.1621596087420558,0.022342269400426596,0.1789985496121117,-0.2832099771991102,0.04715500431665972,-0.08658825540977638,-0.014602817191023566,-0.13271931961298733,-0.0422517007422783,-0.06685741200385871,-0.04520931722390359,0.08610431177399194,0.08204523936149814,-0.11758780820136285,0.19661282635061345,0.03089313591874991,0.08977728603164432,-0.0561154831619795,-0.07236880082762913,0.014894602480190753,-0.1873810155373167,0.05884183697409043,0.013118377403393434,0.06254033230683663,-0.064887654629747,-0.09472523421435114,-0.1894592387281873,-0.1994776073429525,0.06976851136697788,0.09978323009106799,-0.02081557920934122,0.07323751125165896,-0.08361028554989813,0.15534573243580665,-0.10409598321419544,0.007496146182360567,-0.02750824489775254,0.15692130994651976,0.11326400901183459,-0.07903155646710992,0.18093542231248635,-0.023883701737552925,0.035830775763720846,0.07576933227300113,-0.14168751150953066,0.029473435199279294,0.16977749091474106,0.0062556790341322215,-0.24196742297731322,-0.0687590516474796,0.03805616727971318,-0.13860504054324757,-0.07891334655511513,0.012422749892714855,-0.05588866790735631,0.018411344985875232,0.03388102297914715,0.2162390169375214,-0.12113552634031757,0.13252855204262634,0.043177643170196386,0.08558235804396482,-0.12703128957977483,0.0558781955349893,-0.12230868770875737,0.02882547918521377,0.18026087218391862,-0.3226645850554554,0.005443810347407677,-0.08528590250628096,-0.09520854751621613,-0.09794830443140447,-0.08648785825321746,-0.1596763307326252,-0.020838097447726554,0.05181064705923694,0.1190748848987108,0.26219961077032977,0.004143646408839779
results_s1/chengdu_tianfu_candidates.geojson,cand26,26,6.7,8.2,30.38165,104.04584,-0.0840649019174601,-0.13275620720772466,0.04980315291311354,-0.020061774747318482,0.09889987786762668,0.14864793355350417,-0.16181583265447072,0.018787067189296514,-0.07223247329166661,0.08366836791095227,0.0792057552452703,0.0541590454472464,-0.15815676407768112,0.10267934864411264,-0.10334859883183925,-0.10474435146507838,-0.10741741949486475,-0.014895523643773712,-0.1661871821522102,-0.14991910809127315,-0.15971773012952123,0.09810080036604779,-0.16454777690151046,0.09462040366712973,-0.2238287346071494,0.035858162653376456,-0.011222968656603985,-0.11865037508292742,0.13342103273480233,0.06409849915119467,0.08179929118781179,0.004341989652219718,-0.04796701657263215,-0.03231063018431939,0.14438774841373958,0.13986056029955762,-0.19047149189466747,-0.05498875736494268,0.06810746810324189,0.18966637974852665,-0.002587031719338437,0.051402277819774335,0.03228004608019929,0.003692908985177666,-0.1316185495302747,0.11720583099277725,-0.0013398867504892471,0.1339016269083096,-0.13042323989417154,-0.0016430277145034545,-0.07902521064305579,0.07388360123773102,-0.10432433852650977,-0.0495630137501291,0.15866947407611448,-0.21673935771983782,-0.05419530083150362,-0.08992381785324018,-0.22882318701067222,-0.06771793864479884,-0.24155245773407902,-0.2828063892323382,0.12992209886000006,0.1890622193097166,-0.014688481441045858,-0.06706784663206504,0.11105098027890109,0.015497996387735182,0.0926987819564689,0.08627193386571141,-0.20988114821540113,0.030928092458883446,-0.09783221748431915,0.10888766326413477,0.05784206981491357,0.0190762584502305,-0.182967431776088,0.02952770874356318,-0.12807301599375126,-0.19847736099003507,-0.06851472480869866,0.06533065982381102,-0.17852430772835748,-0.011602752782474586,-0.18561493360778006,0.09932699482008264,-0.08461754687246754,-0.03308086008299952,-0.146086273565288,0.14806641368963902,0.05317819804494441,-0.08250256377117918,0.12589826811294205,0.1053684714853959,0.0802238941085858,0.004485394585808262,-0.02483363805403411,-0.019344737904697838,0.07186210731052621,0.14655559478388094,-0.2135964361084448,-0.06142727683504581,0.06378318105098048,0.06648665144150327,0.007289451255230815,0.07710369057346063,-0.05487718865465139,0.06497207296306277,-0.061649055402689196,0.11390008397361992,0.04299793531217521,0.08336032822339935,-0.0439777576085524,0.012201173818576038,-0.04696020993901779,0.030722157690209993,-0.0289628893357274,-0.011529816089455004,0.20159645472092966,-0.27162327310222684,-0.11594408202183097,-0.025194111913194935,-0.22055032100742764,-0.06662822600561132,-0.18457969578489083,-0.2853684367606089,0.07802717857885348,0.0913227132857529,0.09464547264739227,0.27865538179090016,0.0
results_s1/chengdu_tianfu_candidates.geojson,cand27,27,6.6,10.0,30.42854,104.06309,0.07441304801024967,-0.0642365582160987,0.18341523783383804,0.04121975583344769,0.114773275561939,-0.025177608975238668,-0.02590811540729985,-0.05499923071577653,-0.19165369568959892,0.0025032529583221158,0.09722365847551825,0.028347224797560924,-0.10333368742057918,-0.09895355974663556,-0.2109135527766342,-0.260640554303679,0.07040696217936164,0.0288218637350757,-0.037567860611146205,0.10889053850244847,-0.1167709031075521,0.09573367890013658,-0.091504413344829,-0.01932591426269712,-0.0269813280087551,0.16784207569156143,0.13095949332699183,-0.04181010796867412,0.07820134853464102,-0.04560603778117895,0.164919876760877,0.10090059262471887,-0.08133694683907296,0.011840778070056901,0.16990703987602065,0.10050070171432005,-0.3238113867334613,-0.02513329708653243,0.02822610042040002,-0.09200741837223926,-0.06665178801837202,-0.0018972818740504002,-0.057385046832752404,0.03682403993992389,0.037957331439280866,0.22392636102721633,-0.10167220670035035,0.06298632434042518,0.034918894116389945,0.08283270914107302,-0.16693810701606063,0.09440528602671863,-0.1125291697701681,0.06849631298798307,0.2161204371545773,-0.3406929256930106,-0.0483073309678629,-0.10872712758769164,-0.04191764433507548,-0.11654097966233207,-0.09031957735811108,-0.1658367909219573,-0.1198194196950031,0.07777351336609513,0.041531340294239036,-0.11274559237566174,0.22814598404874023,-0.004511836445772362,0.037742515209212124,-0.0007321742758586512,-0.14549145381537157,-0.046888910035166265,-0.1191314777166068,0.0617063245565588,0.07459982624397374,0.029395720753994554,-0.11951757613956761,-0.06384444686903819,-0.1445754631389283,-0.18679616699677562,0.02136134121904317,0.10150238455178422,-0.08063603126691175,0.02155577654556562,-0.15000938886830908,0.17778874260506694,-0.063549407324522,-0.00901296970621718,-0.1396709814543291,0.17841845906311796,0.06319586794775588,-0.03491956321456054,0.17026801878453854,0.08816043441418957,0.10090826806028869,-0.00879450945356167,-0.07703904046692173,-0.039745507671078414,0.10204612439302192,0.09454001557214252,-0.2882063669689204,-0.03214423379483168,0.045480840989966576,-0.02567425715429951,-0.05011340170706629,0.05126740732927546,-0.12181965227635026,0.01449041247435572,0.0013926193542936327,0.16849427989364224,-0.0200564338619268,0.10749607061995811,0.03550223505944485,0.04295252497045323,-0.06197444915257847,0.09195614687680405,-0.12320866513647362,-0.00858907736875041,0.20415193230788908,-0.3282567183894158,-0.08369500310726967,-0.05651386285476329,-0.11530999619049949,-0.05688514945924385,-0.11902293891241986,-0.24487481730624813,-0.010406942763987199,0.06058934693205721,0.16187389558232923,0.17511515367707187,0.004518072289156626
results_s1/chengdu_tianfu_candidates.geojson,cand28,28,6.6,9.0,30.4395,104.08492,0.10824891239931378,-0.10592346126972951,0.18955213768248963,0.004447481358964426,0.08869643132691504,-0.04863888776724161,-0.019838580905499458,-0.047499750837189665,-0.18167689390751418,0.02109289014771754,0.03919327218339402,0.05646451859606494,-0.08972002444824427,-0.10397261832955285,-0.2106980820076205,-0.2500870043888095,0.07675688114884192,0.05842602041488799,-0.004677596940306875,0.08525006335779506,-0.06168500328629553,0.13828698992348762,-0.11917707577148873,-0.027979860906312284,-0.005872131548606615,0.15565452098128932,0.1341683332948395,-0.07941305638963343,0.15690076344113563,-0.0285709370667201,0.11558435212510619,0.0895379045460896,-0.1383362174070472,0.02994182919073649,0.17293567489987188,0.040090536923030544,-0.334676937917985,-0.05676190577943026,0.06551499033122604,-0.1595466959911524,-0.0894500162817793,0.009618406173979488,-0.07794517573227377,-0.00025638848819459003,0.040905435568976224,0.178159014247853,-0.12203790371685631,0.10479913671741907,0.024680482672487562,0.1042337887884609,-0.1146472199392118,0.06109022053994335,-0.14944359574589652,0.022481834769818684,0.18593364111334243,-0.3243522357869094,-0.011197906183956472,-0.09701258006401088,-0.06018617110003638,-0.09645155043337221,-0.06621004921578698,-0.14363165781228723,-0.11314839054615981,0.08910387646007707,0.09370770730311062,-0.1668999036883488,0.18869698983465144,-0.001426554215520226,0.04247556496295669,-0.031086702397013794,-0.09689727128693006,-0.04121642016165866,-0.13151721817108306,0.055391033460058095,0.05772117750006812,0.02151976751098579,-0.12285204322013404,-0.08641958067522747,-0.1624243213589526,-0.22245088915195574,0.060867948852063286,0.07625175824251405,-0.06483416170379334,0.04581092853841181,-0.09756372850055907,0.13729830032903562,-0.10170391261305389,-0.03203256654305202,-0.09153108102224652,0.1902914447593226,0.09015638164632847,-0.059991707209092915,0.18764954029137282,0.06819747420522954,0.0881461294404949,-0.0015114060071278984,-0.13965226101455946,-0.0013303722082504891,0.1431927872592204,0.05672431467672753,-0.29059400249700923,-0.04963161173842757,0.07012256965568393,-0.07575953187190733,-0.08698891461560282,0.03731755881527101,-0.10260418200566064,0.023611062664676608,0.018213635289699246,0.13852941409050634,-0.09246271267134637,0.1197873341381835,-0.011487687806130567,0.08358602025113149,-0.07496370370850534,0.06068158737025668,-0.14748187537922722,0.004708792375770099,0.20263683313718425,-0.3087214696108619,-0.03869218376550724,-0.03927095973023405,-0.1175669789781727,-0.04201497271080457,-0.0683444340686957,-0.19453100039864915,-0.08710326172161921,0.10855121816599554,0.1337260606060606,0.20552366823341928,0.0015151515151515152
results_s1/chengdu_tianfu_candidates.geojson,cand29,29,6.1,9.1,30.43501,104.0913,0.0540309489538807,0.0038600300821124973,0.13764767684868337,0.02375714949480284,0.13385396889643517,-0.0006823500500757498,-0.02533730503532329,-0.014091470725632407,-0.17259602862622675,0.13527245743666,0.08091341184766791,0.052869329824347146,-0.0775470169619273,-0.06174357605625301,-0.1866174285677275,-0.25809589103706765,0.043302183119735806,0.1040402762453722,-0.08857499635731786,0.08306028737611003,-0.1544052480321747,0.13836974531532573,-0.07914673142732281,-0.04217106999113921,-0.06261655439384285,0.13601412952152178,0.10953199050084862,-0.055711139372668174,0.17017854607033592,-0.017917924932709457,0.08482106548165058,0.06680691577829047,-0.09805497428020236,-0.051059559433261875,0.18201507555392413,0.1256932993957215,-0.27388488202580685,-0.054131078805504745,0.06992154467461169,-0.03545113234952808,-0.0218727691517877,0.01691910969042143,-0.03466289538639333,0.0369912650000728,-0.011522000071858522,0.24171671326122426,-0.09376483500421848,0.1273490090350739,0.06612390091471569,0.030177926648514885,-0.1226165397288392,0.13446615877569001,-0.0349723940035359,0.07894834325787455,0.21675931562059278,-0.3357673203033381,-0.05857093240547157,-0.0907867666219349,-0.10812287918296105,-0.22351841859863258,-0.16647272199332588,-0.23707679269805745,-0.029716844966923613,0.08116728680427958,0.04754480994272921,-0.08977448883141353,0.14274899450490394,0.0345228851499732,0.09958788967486723,0.008987734115236285,-0.1334645005696099,0.011224607300457493,-0.16632446847611862,0.10585315085884174,0.05684112643556525,0.027337916040000812,-0.12486311967729173,-0.04473621560524636,-0.18628059460777488,-0.22800946846821793,0.01641850444145193,0.0791217671316034,-0.10802790943259305,0.06230964522674074,-0.16078921599595014,0.11877158497191215,-0.09474707549902342,-0.043867775851809725,-0.08302572579295203,0.18580968117045857,0.09890801455654483,-0.06936738959031531,0.1337184681432072,0.02485100719937944,0.07065667027641616,0.04024945474681562,-0.10924226305582485,-0.013172063392845296,0.14092590837764574,0.09657332640343613,-0.24202579834245572,-0.06424491120876405,0.060558439702607686,-0.011877016121195643,-0.01855967859694854,0.057823296663906634,-0.047060595620949344,0.04984468704212095,-0.0020238354267185787,0.1711587904646049,-0.053332942074316346,0.10889349077408256,0.002946130851965212,0.04384377194024448,-0.09017679472241197,0.06608803099369474,-0.05082346803193866,0.038082735349880714,0.20217295487395145,-0.3127454637766974,-0.04486333516874826,-0.054052620536289155,-0.15567782698842264,-0.1126716386247997,-0.12425358810360718,-0.21381718330583202,-0.011880859194550659,0.0862629655272193,0.13451023965141623,0.1578348576614148,0.0
results_s1/chengdu_tianfu_candidates.geojson,cand30,30,5.8,8.3,30.43627,104.05644,0.1298165648967788,-0.1209110417037438,0.21476553155697553,0.014489241491443452,0.10730525913916918,-0.08163216462681708,0.002969504020148876,0.03399516285329434,-0.21509923162015024,0.040599448086079126,0.003810655109805785,0.07816912597032133,-0.019552352160090446,-0.09393753567393077,-0.20779536705299523,-0.2154951867188421,0.08551476484788849,0.09118601785478157,0.033314924563744956,0.10269066573564851,-0.022201371380358492,0.14615394322220374,-0.097667840530376,-0.0025779540092217028,0.07627526784494389,0.15484926244284533,0.13553002518085883,-0.0931407650753357,0.18776960064157303,-0.045034432904832424,0.03657331798256617,0.07722107957402075,-0.17608134691494232,0.041985673618262484,0.17447735306181358,-0.0431446055604596,-0.28942205953844824,-0.10568259743472076,0.07472635015887613,-0.22090916248827563,-0.11339675249080722,-0.009760057146027575,-0.0653004651494743,-0.02470274893049349,0.016286059192633578,0.22186869786743973,-0.15754522922814837,0.1528269193321097,0.04819640043295283,0.11610606861943769,-0.13753573678078243,0.04877924633822719,-0.13004441436023692,0.009387088393065119,0.18583573917955806,-0.3137790467894276,0.025722151044579478,-0.0742567432218266,-0.060648647776675474,-0.10655054218438938,-0.04571660697486432,-0.09320531343809108,-0.04344096712766107,0.054415040762948924,0.09214004326249293,-0.13736141817829733,0.21284691824676352,-0.0027165882796575144,0.07341282782528168,-0.051794915161466656,-0.04246083362520756,-0.012091152776436584,-0.1905523340046748,0.054349924306348545,0.055740586736074765,0.05319596403642375,-0.027149814592272663,-0.08259700288437037,-0.1836197713608271,-0.19315035272452108,0.09220895989902511,0.08676459484041953,-0.01734337457817041,0.06340720183411487,-0.07342687535737462,0.12799487924095523,-0.07615712856232272,-0.007378619386738462,-0.01351275136345254,0.18127721513461226,0.1082791967265758,-0.05450463552621609,0.18573480809728646,0.015752033225326936,0.050539103422999575,0.025737088361217606,-0.15967836724559867,-0.0076636500287994595,0.16738710368991594,-0.01082952708039936,-0.30274528960957886,-0.0620006152516011,0.06014681940729657,-0.13041902308421954,-0.0881050851634244,-0.013395498983354338,-0.08166700929623867,-0.0076650910778648055,0.008705293364847079,0.20834494129322864,-0.12000214411442617,0.1531527022912199,0.051880202200807767,0.07246825406683878,-0.1108314384592619,0.0773996650300414,-0.12687962750307222,0.012374965547835189,0.20412218422770015,-0.3277668880866049,0.001739336824895372,-0.06967981547588328,-0.06928423506711698,-0.10430072988654715,-0.07425660738282142,-0.1504642361988635,-0.03300467894856389,0.06549114522734775,0.1109316329089506,0.27177314056670715,0.003472222222222222
results_s1/chengdu_tianfu_candidates.geojson,cand31,31,5.5,10.4,30.43555,104.08671,0.16949387475968158,-0.15070015301534645,0.13868182217977756,-0.029622178876661423,0.12022428656590345,-0.08180498540989262,0.036224673582333215,-0.030539498598636694,-0.19266391851481515,0.04160625226369172,0.0579698823423265,0.012275585726356416,-0.10193487055393315,-0.09621511130161645,-0.21768542037809105,-0.28782214674633666,0.13089476669218733,0.03584673828146617,-0.031919196109192985,0.10294321665193003,-0.01774864330384934,0.07540858009558858,-0.13498120487739862,-0.033274929607109545,0.04406135823562684,0.16875758822282888,0.09249813064849248,-0.05620501758910064,0.15452962402317552,-0.04357724272162774,0.10263701137560845,0.06814278029125465,-0.1829530799143885,0.036727588234351384,0.17140328896226964,-0.014074959328183617,-0.2988128546857707,-0.05050297645453353,0.11555384324179549,-0.15694184114442064,-0.09038455724835087,-0.034363838251853344,-0.025823537896516827,0.03456603373558392,0.01901069675841617,0.1632587844855853,-0.1772493320527293,0.09027849994191611,-0.020740678356280753,0.12553748443021806,-0.14828441349989016,0.04193206674490098,-0.1200507311359781,0.0781628325887527,0.20459281796809328,-0.2738374288673124,-0.0019529985934515668,-0.06453940732644724,-0.061848259042345234,-0.07865710745861734,-0.002365205309527428,-0.09626861202828493,-0.13770883689726096,0.14452830661701385,0.13406169691256814,-0.16587483412603807,0.14499266004917813,-0.01654011861469883,0.0844869222100625,-0.06166826747559951,-0.01956816099420106,-0.016244397275521644,-0.1756496293226574,0.06904281738357036,0.046546817430384455,0.015292002776743089,-0.09179895300624762,-0.09694355343318989,-0.17522436803873184,-0.24292034630609105,0.1147257443008708,0.059454071295679915,-0.05832744725574332,0.07240518151663441,-0.0477443200061372,0.0879769492270099,-0.13422293086662418,-0.022359267847593962,-0.013228599039424941,0.1939002552623384,0.09548291528631547,-0.06650774940594661,0.18463766457065395,0.021292141447310616,0.05332610817602806,0.032751725415959276,-0.16242134081304302,0.018367797977592328,0.17590235381595495,-6.769421706787562e-05,-0.2596094889025321,-0.061436274477768726,0.1069585848699548,-0.12271838574815928,-0.08809004369244175,-0.00703004783824914,-0.05892104239261596,0.017008255437122803,0.012405040347304743,0.15716917095930058,-0.13825329929379704,0.13601516914626988,-0.01880560549874394,0.10745551521658074,-0.11398666904497483,0.04166344529363881,-0.14014044554236055,0.0526887652835023,0.22355494024095215,-0.28827505538814036,-0.0059078147837903425,-0.05265496815019197,-0.0783997656759998,-0.06170268929920744,-0.034353095394885624,-0.1438987069914612,-0.0738464985799139,0.1307032281773468,0.11141865942028989,0.21637691902312578,0.0
results_s1/chengdu_tianfu_candidates.geojson,cand32,32,5.5,11.0,30.38309,104.12202,0.11955538169965384,0.007010775572015959,0.1388773241172935,-0.11028307066976871,0.08525356757481219,0.035065374151456725,0.09452496180830264,-0.07995286883899896,-0.1488755562096115,0.05307466537979756,-0.020594780046429586,-0.035346906112642136,-0.17660266002324684,-0.05032289261561034,-0.17264933054996173,-0.31635346470075343,0.015238807991389944,0.024393008812565592,-0.048523419745586195,0.03485595884814037,-0.04663792174555798,0.1493462640756547,-0.18575847921366817,-0.07689237886443304,-0.013686708031513756,0.1715791775972975,0.06396624288591848,-0.12489952205000145,0.15171530788636373,0.039186471774759896,0.2136659096108634,0.05481356540021588,-0.0708103711474112,0.043269617381453414,0.17469047989399802,0.10388790431105338,-0.3240836431364444,-0.015142661764601068,0.10374403156462912,-0.16902090756973345,-0.024362511356885223,0.02815201658171625,-0.1331258103201366,-0.001976822660411768,-0.023343371974344797,0.10350396507452954,-0.11632548564004756,0.031604755657688915,-0.04330116020863266,0.07905171388517486,-0.059950437092464094,0.07720320917869714,-0.14456412830062437,0.03830682240465913,0.19978101144164698,-0.2716198129204286,-0.015599086613640623,-0.04341018910183439,-0.09374892161125294,-0.10554466999592338,-0.0716845029684777,-0.23752480626037778,-0.1702090952631115,0.1770116853806334,0.01725747127890674,0.0292038262430252,0.12373861090026674,0.014324184603578627,0.053037725149881046,0.060173813035444355,-0.1506205635610978,0.05405369181862639,-0.040573748876747216,0.09745353143337018,0.02430374067496895,-0.010393518495842193,-0.203670220561302,-0.010905080284824153,-0.11994489823633478,-0.20710129487349696,-0.08440643848924834,0.056772466206710864,-0.151016980045581,-0.0015222120339636895,-0.1929646636014558,0.13565572612132282,-0.04755224757249625,-0.0808183669000136,-0.07361829666272474,0.20303202939844145,0.06486312145680154,-0.13516125116596092,0.1291784734784219,0.1436614767195173,0.09577579485262791,0.05647673120007033,-0.023508436523599074,0.02279015753258275,0.09775539765200596,0.14538867081771303,-0.24316959807360505,-0.021702522941449597,0.054853789822393986,-0.0793251536771067,0.05247355150395433,0.08902973250309883,-0.11115977598363995,0.09220154944827574,-0.01964053389738785,0.0742728818862035,0.007980224092766736,0.04114729205312155,-0.019529071807511393,0.06672531493874705,-0.0309656361266966,0.015522000124650303,-0.06466011353919399,0.014957305937382597,0.19060768478389356,-0.2951078620228385,-0.08168507442936185,-0.014076046969739669,-0.1966028222298154,-0.08703326766874511,-0.16976804961122777,-0.2893651280427704,-0.012914469758939107,0.12214965664114298,0.16230270681265216,0.16883229509288772,0.009124087591240875
results_s1/chengdu_tianfu_candidates.geojson,cand33,33,5.3,9.4,30.39171,104.05473,0.21086020518071028,-0.1105121635542408,0.1153624637002434,-0.0845960987797803,0.0771605893267849,-0.0026079335590944454,0.09013787863097147,-0.0771369343027337,-0.11633842979890158,0.021203401482331193,-0.015077935380109233,-0.0438716367652684,-0.2194658403200625,-0.10820148445547953,-0.14715692912898337,-0.30677964225654347,0.048206015330345076,-0.01961352000761388,-0.04672060951307629,0.11291198992194794,0.004015190869043322,0.10412727202341301,-0.19220192552398896,-0.09290313221531685,0.03616882526098301,0.18716537315919235,0.0929579722923446,-0.09433496414082275,0.1349826276866082,0.013761818253220552,0.16952483812464267,0.03845940192172264,-0.13711445602039649,0.05642519283819897,0.17676335654253722,0.07200412111159885,-0.2658420921629142,-0.05674992603437626,0.13427969641181825,-0.1339879343445207,-0.11524825546643347,0.04983142825558103,-0.1032045667640903,0.055292007338284294,0.01826976202844556,0.06501979008437184,-0.14018044677333097,0.022940040257983147,-0.07883373156676732,0.11281529585341099,-0.07738303543739504,0.024430267641657257,-0.13387780697271176,0.038761880444439414,0.20990181194465515,-0.24169678608358977,-0.03719443532539494,-0.007228701988204348,-0.10718044439748667,0.019447890117479914,0.041944444095055586,-0.13992349501792437,-0.2542468762189305,0.17950141369724568,0.09894408880007738,-0.12408033302838452,0.14646688607672037,-0.013057888846781574,0.053701926542415165,0.009384046625273002,-0.11115819226615103,-0.023978992301647493,-0.08228100690812869,0.07097773634381462,0.017523440964833024,-0.03973410818215423,-0.21857605534772442,-0.08353268235399278,-0.13269798065409494,-0.24625110525278943,-0.0038720652251894696,0.05493028130183457,-0.12067821079319642,0.057690977131369975,-0.12303855027739946,0.13307047779110848,-0.13792373176750736,-0.08607369351178992,-0.0957511130242947,0.22334619525187813,0.08169988679829654,-0.08980746405043728,0.14850090667142246,0.1012689090783512,0.10884939580546993,-0.006045011040685956,-0.11075635530845042,0.01903032926241985,0.12271482798820328,0.1207962152464617,-0.22344930971676472,-0.04114904136004633,0.08953638442709771,-0.018611885600836226,-0.05622224245925264,0.08647638097494381,-0.11443247619228816,0.06507848672457897,0.009983801255090867,0.08810126571324703,-0.048611825653609886,0.07613274892839865,-0.05597846351609498,0.05849120650503059,-0.04107110531798429,0.02405583596608703,-0.09532902066120041,0.03357279615629007,0.20592988987675656,-0.2757887927608606,-0.07820123438431033,0.004780007839986181,-0.16878567859390617,0.005310332550610041,-0.0467986666139602,-0.23271009106224105,-0.10441023018908428,0.13676713612209224,0.13794497240124107,0.25214278771356335,0.0
results_s1/chengdu_tianfu_candidates.geojson,cand34,34,5.1,9.0,30.45226,104.01961,0.19852287599155316,-0.07973444178677457,0.1297443391413675,-0.10500707132199658,0.08187677960236198,-0.018840731212696072,0.12346203978998738,-0.06887563388044676,-0.17993853791499914,0.0460510365130673,-0.007109446510793674,-0.0461413075648456,-0.16634857893214033,-0.08819868024216654,-0.1764252537114642,-0.3131266362671132,0.10501724884474277,-0.013324033496241077,-0.010001608566686781,0.05265803905858265,0.0376062174637276,0.10813070778243418,-0.19606879987222253,-0.0876951665756775,0.03948475523035104,0.14436499294561034,0.10365244974756502,-0.06656622716924121,0.1330476099954571,-0.007121989665199056,0.1849684601356067,0.036495281086773135,-0.09213283182361104,0.050700309886924685,0.15561270287643675,0.024802653654994285,-0.31713512510031727,-0.03824558876988289,0.13319088292680586,-0.18675237822177013,-0.050248189358759694,0.02944751695519187,-0.10479623963716042,0.006737226797865662,-0.022309939816214933,0.10293366080713741,-0.14758842722239462,0.06109918258104689,-0.04544401319495992,0.1416211897894856,-0.08358218776415775,0.053969615632859264,-0.1534257057335409,0.0433429049597182,0.23221313238032534,-0.22509155048634485,-0.04219726054896375,-0.0331416867955702,-0.05376831629849867,-0.011292170958432558,0.027670871720079728,-0.15959534013155682,-0.19398080455391079,0.19757127761478288,0.10726888250964177,-0.11387472812849667,0.1322357003688245,-0.008748941467843864,0.05184863952916021,0.01674759640975646,-0.0966871688625553,-0.03467962578616464,-0.11309141739248767,0.06626400729465416,0.06820980667540616,-0.04606851180070406,-0.19265677934625663,-0.08791473592209172,-0.14274150476540237,-0.27546389181380304,0.002988781282920694,0.02193815070846888,-0.12333005359883413,0.059629128604216076,-0.11877601094001915,0.10734747575861253,-0.13390867838957704,-0.08451996311706908,-0.09834480306870264,0.19252638980613648,0.09572684277451968,-0.07086477687307988,0.13451724608110102,0.10576163485465186,0.10611728637817949,-0.010304600708174464,-0.09682441931302853,0.013517583357901135,0.11774678790646706,0.13302454127980015,-0.24673315681911806,-0.04892857699877042,0.08802708174096045,-0.017676168700132243,-0.050084036255912054,0.08399056329083882,-0.10879373838607317,0.06374289184471324,-0.022937791144200175,0.10637680305347816,-0.04852109875569277,0.05135472188717815,-0.04651281182501941,0.06933274555272415,-0.05120209495160655,0.04715780092408827,-0.09417614742060483,0.03202710683638246,0.21559476779461398,-0.26575825068267533,-0.1032256990653623,-0.002935831488473087,-0.1662788960845586,-0.014060153343270895,-0.06154789560741544,-0.2486602915257104,-0.08488913211056848,0.15598220974999288,0.17972012889013875,0.13693463148904955,0.01968503937007874
results_s1/chengdu_tianfu_candidates.geojson,cand35,35,5.0,8.7,30.43852,104.05815,0.16383954097700557,-0.10280322592370411,0.1756236395808587,-0.0035080057477037655,0.13688274187802352,-0.07836884097343359,0.056419358489191745,-0.0008249916522958355,-0.19134139775851014,0.006860417203292321,0.04116779938107401,0.07309486710556226,-0.03112571605808472,-0.08140037376904316,-0.21907947841889341,-0.2105295354744869,0.10779753956853674,0.036866503528976,0.049712543930851595,0.07197680443355177,0.013623358222288703,0.11149667919721398,-0.10731307209444998,0.01451290103067392,0.09097570773569512,0.12816342233139968,0.1215522990169105,-0.072751669706687,0.1733659860114721,-0.12200365989607895,0.09057165755498567,0.10948555132260705,-0.19095324164842883,0.04652141120212843,0.20048606386448486,-0.03644471567717872,-0.3116748813382976,-0.057803899640955295,0.09039640657130436,-0.22221023602590143,-0.09604477658582729,-0.047312005739184114,0.001660514173883158,-0.011636378720367394,0.024831890349348653,0.20906517200949437,-0.21068868009415356,0.13268427423822204,0.01965736475959816,0.146384451939658,-0.17412351026695147,0.052212119780537546,-0.1329878537805559,0.048972855113150804,0.18702316312885678,-0.2846991993012754,0.033899949269562364,-0.10025224714120602,-0.03129216524623886,-0.11654783998288246,-0.018491329368963846,-0.03131522701198702,-0.10124674388908425,0.10862821565558275,0.12904758249713275,-0.164313696592649,0.18273550317271217,-0.008227766033060585,0.09719901984459647,-0.052447755636150416,-0.03681431710740408,-0.03750894280470378,-0.19233226300623713,0.0327736103677751,0.07111164992689506,0.04438456600441121,-0.07667682263276739,-0.0966036575544997,-0.19618671311016153,-0.22590907760608714,0.10608451241080817,0.0666431510042616,-0.02040806917346615,0.0779262247430231,-0.05131199346934104,0.10588455943238895,-0.09504993023928701,-0.01692234973882107,-0.013106354915259273,0.18459595676535845,0.10569881726645308,-0.054601441085958824,0.17243547384503866,0.001453879496835837,0.08039751903281414,0.037518471707384746,-0.16173127672628945,0.011488799819708746,0.18262160396554683,-0.0033369581201501187,-0.31465395521641787,-0.05255408323221598,0.07418725420171304,-0.12554462618965873,-0.10396230176862715,-0.022171813341454866,-0.06009244269185183,0.0252569197169788,0.03305016712575896,0.18068308647303508,-0.13711482734231292,0.12559092697380744,0.025836660513791746,0.08715004717190891,-0.12196577331168561,0.05341484817424087,-0.1377698284029971,0.039159622791177434,0.20439535652193214,-0.31803197620342455,0.004147696162929992,-0.07353526873685866,-0.057787905159999965,-0.08641863079972649,-0.04705530232661911,-0.12194026883067548,-0.08221916721094044,0.0899450211090079,0.10804623455901179,0.2573686505526598,0.0
results_s1/chengdu_tianfu_candidates.geojson,cand36,36,5.0,7.3,30.45235,104.07575,-0.05597238118055528,-0.08412656234112352,0.25583041744618457,0.03390481108069409,0.04348971935617183,0.03975827755063208,-0.233704848872847,0.059833762357182935,-0.06164342588919567,0.05306146723450905,0.07649988317598964,0.05399921814756486,-0.12278451394534798,0.03158777960628956,-0.127978131173682,-0.12603422432915654,-0.07655708565770349,0.06947059443215983,-0.13027177445503585,-0.04230716606421785,-0.22644694850186403,0.19148224506334552,0.014028533686292841,0.02419547113853443,-0.14012163068338773,0.20926372909048785,0.06082634453438631,-0.036313066004038455,0.16989382569613282,0.10771321149946264,0.043971992610892255,-0.023312160476128753,-0.09074751848258834,0.005465491706018952,0.09935362780664558,0.11146196123816864,-0.2475945839393826,-0.02502584695225489,0.04904607701307584,-0.020491928146033074,0.0486271982180956,0.08493777570051858,-0.08972419147267646,0.04462823614945968,-0.006379873976698912,0.13615035516332016,0.07020104953957722,0.12161848097365854,0.03617007795395206,0.028947338075244786,-0.07547989095261975,0.08039298671906947,-0.09888044840869285,-0.04445663429022539,0.20656527232824543,-0.32211387203297787,-0.10726577475440564,-0.02756115891862074,-0.2485021206809047,-0.05328708481545342,-0.21461333277474265,-0.22916869570378276,0.10561466998853582,0.04216843168239229,0.008392429407793873,-0.08515370577251309,0.22883290633045475,0.022786067024612597,0.055940572367410936,0.020677206756343592,-0.17368090101841005,0.0010070852510757674,-0.10194726401444643,0.048612480901282604,0.09373953286291446,0.0634049675870709,-0.12059231879214972,-0.020662379370417712,-0.14029599406843146,-0.1390393404140227,-0.016518719532358627,0.09686434212196786,-0.09648704169893338,-0.0036548781897974857,-0.1700770801900781,0.16142611678417565,-0.004702871169095223,0.02261087417363024,-0.11520685339827456,0.1932914000478965,0.07766727579987322,-0.061456522109896806,0.1686996527972018,0.07249954045274494,0.06258432771628246,0.006576025038911612,-0.07622712960123079,-0.014364542941070417,0.12157445414270394,0.08866959813210638,-0.248005458678901,-0.0255693754611416,0.04572578572791533,-0.03548956404184828,-0.010217399851890933,0.03369736882877517,-0.09400834098379172,0.04339244756807723,0.011124983485669558,0.1593467351233343,-0.0036124532054321668,0.13018696053444312,0.04033116437491873,0.06657487814177948,-0.08183436806877906,0.07451186976974535,-0.1045785382820014,-0.009896481119825027,0.2142603677616658,-0.33093008434833293,-0.07690652585449287,-0.06591502001792088,-0.15899642842844408,-0.08544883926438548,-0.15789888007624092,-0.19698259821723765,0.05689048745826005,0.05269717872000268,0.08167348790322586,0.49137114952569155,0.0
results_s1/chengdu_tianfu_candidates.geojson,cand37,37,4.8,8.7,30.39261,104.07216,0.11309209848685266,-0.10511806339060097,0.18033007465322107,0.00032213933320671514,0.11448365845365238,-0.05920004483357976,-0.014349333806266107,-0.04766122304831731,-0.19345092644651538,0.06463569152652332,0.03232276096588415,0.05895206538435362,-0.11219778316954683,-0.08565014909820635,-0.2193788089501131,-0.2235341382973385,0.07971884258368318,0.10461285546998325,-0.024675085820388135,0.05651562585818645,-0.05788002293668056,0.15376432826286224,-0.1054083999513092,-0.023388415187459006,-0.015449358109755895,0.16520455530413528,0.09389073156578903,-0.07552439006835583,0.17516231698486906,-0.003945997897238026,0.08063062175426479,0.07133426717990494,-0.13659709216221547,0.011322326465885463,0.18073418620554044,0.006878580799180932,-0.3081216756522498,-0.04979366351140569,0.07782887240611958,-0.18201752786131672,-0.08174475298276772,-0.03290746743241525,-0.0837518271290954,0.03243346692566167,0.03877980549102344,0.20058392663057337,-0.1348248604436037,0.12837696431663523,0.048188093078872035,0.0837216203649548,-0.11641114740562693,0.05394901521951892,-0.13754823767555222,0.048412509742708644,0.19620024230816915,-0.35223370593559994,-0.0136081402575499,-0.0842624379991981,-0.027097563767312035,-0.10235649376250026,-0.057375362857810905,-0.15283116928855062,-0.0393922170973863,0.0618593832783325,0.08065714701805514,-0.13328156639101063,0.15486159349830642,0.034061701508489306,0.06994787556813958,-0.052515106363447445,-0.10403694969136057,-0.005618150785219969,-0.11234127061866911,0.05879095745422868,0.054479687998621726,0.009963731651382052,-0.1578457244001454,-0.0966454728119119,-0.16934298473359868,-0.2150317685074771,0.03018930805759152,0.08316466383987445,-0.08354143115858166,0.05339762119650552,-0.1246095642817874,0.15439452023583136,-0.09837560637109878,-0.04484516754175221,-0.0712998344990365,0.19655244770416017,0.09647394065119794,-0.08506100970947829,0.1562821772801379,0.06842711640704172,0.06304731512790475,0.023738190783131184,-0.1378581389688606,0.018040973514549523,0.13951638489400056,0.05403711087547535,-0.25699868508216667,-0.048215729330832666,0.0693429084015044,-0.08681955558102412,-0.048948387754365566,0.033414103427281516,-0.07963410057692717,0.05930593650492811,0.023044891623928268,0.13852097056467988,-0.06515210733833193,0.1042572963608121,0.020733120636005208,0.06946604676137881,-0.0837848267022793,0.043060282449960546,-0.12693889528403926,0.0599564816780766,0.19228646096897506,-0.31286152123120137,-0.04334666134991454,-0.04592637658264206,-0.10391246213899331,-0.04682831972350517,-0.07852752449503783,-0.19587799867319194,-0.04679308912281514,0.10613600444174885,0.12093536501377415,0.2862095658696651,0.0
results_s1/chengdu_tianfu_candidates.geojson,cand38,38,4.7,7.9,30.39495,104.11816,0.16448340549611049,-0.10373931062221833,0.08977487198042422,0.002006422885474101,0.14417733246069966,-0.0810780938629006,0.018132427046555787,-0.015923101466301243,-0.22041009029466205,0.12801910626047558,0.0094551029013112,0.0023283134538054106,-0.11619291632234396,-0.10585006661448204,-0.2468342167980299,-0.2901228269584538,0.1255984535210082,0.07899869901560384,-0.027733373247517838,0.11218346381610075,-0.007505040633226793,0.07207101091197346,-0.10768225625828845,-0.07463406616950029,0.051135163040918606,0.20819999466133818,0.10248135136906637,-0.06606898809017193,0.14970716041742746,-0.0022473055479738185,0.06598107626027015,0.04492910270928705,-0.1123961130627973,-0.0123238846004899,0.18612430892628465,-0.02613668847272481,-0.3203136282203349,-0.07135544294053493,0.11045714179500073,-0.1893492073274952,-0.0675822807294848,-0.04715024042845697,-0.07784514554212647,0.03345584025158235,-0.007506309613602462,0.16299000007127534,-0.15148194966256728,0.12789850560790103,0.009150368724050015,0.08980836299994228,-0.09044655391468569,0.04735490404314198,-0.09617782272316208,0.06970583553483263,0.23844354246213775,-0.29327933737981554,0.0002676374646051603,-0.02760783363387763,-0.046420719263108146,-0.08144676061314111,-0.010727828725662792,-0.15593109548364567,-0.0996505496376069,0.12227496037580828,0.07891405153132244,-0.12270557424985334,0.12774811269832587,0.03287253057432513,0.0821265786498295,-0.00964766786138049,-0.1277741830726033,-0.0038076180378383293,-0.14530618655925231,0.09254138341910786,0.059734895335853175,-0.01711499319559677,-0.1625078230068553,-0.08030128527400617,-0.1868331137235991,-0.2341579181006323,0.03964724628830672,0.07019950778300663,-0.11638426757125502,0.06030866000851536,-0.12516138363641355,0.08465345091866998,-0.07789266675290513,-0.08426905244536785,-0.06652711062899107,0.24633473852728133,0.1043906448456699,-0.07880366007901331,0.12745037008302376,0.08855716050913325,0.05932104071011737,0.022736479624410662,-0.09689828122636666,0.001164226734464945,0.14958413579292917,0.06722148038808543,-0.26337463406732525,-0.046078647644163,0.0660621223455598,-0.07291838453654793,-0.026993475556594006,0.02276627710020243,-0.09392846674448625,0.07543566236068266,0.009008702628598552,0.11938224566368552,-0.06644451721335673,0.10298692128545311,-0.012955862095045994,0.05532809851066503,-0.0494941585354874,0.035233457408713975,-0.09020905360649431,0.04939756787089657,0.23030649988969132,-0.3180681605347121,-0.0367451581593993,-0.010418857596901554,-0.12687231381663316,-0.05704394032867298,-0.07471566226202478,-0.20843158473436824,-0.037214094256099624,0.10963066380201594,0.15124565527065517,0.11801414555521964,0.0
results_s1/chengdu_tianfu_candidates.geojson,cand39,39,4.6,7.5,30.43304,104.04297,0.0329613354810159,0.0025328812605757583,0.18816818680696965,-0.0047323294438057035,0.13727634945504208,-0.04553929813701826,-0.039883693557970196,0.011041690465643912,-0.22894312288429167,0.12741132896090368,0.026968470783218873,0.050691498718124464,-0.06251117641873463,-0.033497319613180386,-0.24062480082405713,-0.2456378954338107,0.0623032423648036,0.1705777357222243,-0.056028718593577644,0.03820522024160608,-0.11900848131386811,0.13771558486315033,-0.040135526849602386,-0.04284885450906749,-0.029646215338017236,0.17408252627193213,0.06328587016332547,-0.02604472075962721,0.14085319732810347,0.0081325607528419,0.0675321513816257,0.06683427781118581,-0.09980016942689417,-0.025816531320868242,0.16457960535067168,-0.008226021573444426,-0.3353715240988117,-0.05447501241387824,0.05524682610030366,-0.07831945253893387,0.051397573889702744,-0.017725679732399018,-0.09020168420898994,0.014326110473590965,-0.032002379469976076,0.2364641503555178,-0.05279510605208364,0.1169106536504659,0.11769579773220207,-0.012911549373696476,-0.09224996146333428,0.1392606871833449,-0.03226921923344604,0.02242087849421146,0.19172927397375636,-0.3580245755069945,-0.049182716976268574,-0.0767205146406943,-0.06468948648349909,-0.18180178331399827,-0.15490848456301223,-0.24239405323858057,0.009009151569887477,0.035283466879095414,0.013064088369145084,-0.03941337642148056,0.18001151919539662,0.0361824662175139,0.09216187180708925,-0.006919338496432216,-0.17838326119056117,0.046844232386705355,-0.12267124680458101,0.10755966861991159,0.040609862461004675,0.04219973348834343,-0.11478234330329254,-0.0351784027595014,-0.1756477080241672,-0.21055317789361996,-0.017973216224187544,0.13969204591008166,-0.12202786293368727,0.0287353430345496,-0.1912697400838919,0.14723574425886848,-0.02604851751831577,-0.05663920468432654,-0.08820311653602138,0.2035482129464747,0.08393127717731182,-0.06237620817050755,0.15168176449859647,0.0867670820626259,0.049849393858422235,0.04130726333196881,-0.08489466917380688,-0.004931775353779852,0.10126070256717666,0.06099085788989189,-0.2669083901283779,-0.05693016292538178,0.04859776208531198,-0.04367211734564605,0.043933707798686605,0.05383282247529861,-0.0945424567566026,0.06809182156922419,-0.015371586168271601,0.15745822410890944,-0.0037153364665646095,0.0906444233976227,0.04753871403457224,0.018962192562292902,-0.0676155228286648,0.06048183538135292,-0.0271680179519673,0.005378688259402903,0.17960234336450734,-0.33076929453515536,-0.07649731917046733,-0.03197802666592081,-0.17122015694022305,-0.0896864963080761,-0.16328561223956095,-0.2606526323577327,0.04056488686201134,0.04454034450588748,0.16128532416109725,0.13102775004851985,0.0
results_s1/chengdu_tianfu_candidates.geojson,cand40,40,4.5,9.4,30.43447,104.08447,0.1393728008386706,-0.15474428895001402,0.19229911467722108,-0.06373182652515776,0.08219546278055247,-0.06697799072759754,0.05363360556817617,-0.010335492336121467,-0.2345448812136452,0.08578879650285753,-0.043108557584807965,0.04000789535863457,-0.025784623960150858,-0.09084472830304857,-0.1724552138644621,-0.21794305516230666,0.11291267608348451,0.1054328957191493,0.018078840526150997,0.04896017616999058,0.015136535199448065,0.14798752678589105,-0.18091204381232687,-0.0009130766475843553,0.033006945520314517,0.14158152078252742,0.09266381166978842,-0.08576519841697569,0.20207228093984939,-0.012605763395319861,0.03992725459853491,0.056850537529996505,-0.16083965944928516,0.041347064385755805,0.17499670927792985,-0.04527447527132963,-0.2693065265446518,-0.09008517888039752,0.09437937687072637,-0.20921861822774063,-0.09369830058096812,-0.008787817683696887,-0.09321605101410077,-0.05951202898670659,0.00903207519124474,0.20461544118039884,-0.14541211191730233,0.16911559308539498,0.02323565079148596,0.10724889245178655,-0.09500771501400634,0.06707401996486614,-0.18967473266309381,-0.0178887792854449,0.20365879690195512,-0.29864429094375644,0.029014109165100038,-0.07377050198063098,-0.027129689715408495,-0.07923025211480708,-0.03347006354241334,-0.11870187203310828,-0.04695761824418635,0.07130552995290337,0.12630609185236863,-0.16589420076773037,0.1657869649910622,-0.03212716790860917,0.0717112722782978,-0.07451952536437761,-0.01086855180939902,-0.00947619313761685,-0.18745184946217955,0.0803761610782133,0.029512974309251254,0.026191967239482566,-0.06474963439840081,-0.0953030230119182,-0.16074120743584566,-0.2283125058395569,0.12550407535683353,0.0915200916360854,-0.045710009019317925,0.04581036719889057,-0.03540067752783407,0.10835873964936547,-0.13655528254492344,-0.00915718522656618,-0.01397211421683244,0.17761879674857795,0.090381749045764,-0.06598895121117337,0.2032292817663366,0.03937796952419374,0.032031459042763874,0.02592982812704004,-0.15707516477688618,0.010054953195177227,0.16320113851643592,-0.02594529177503701,-0.2618005195148124,-0.06683747088177353,0.10349419437985034,-0.14299030189906467,-0.08581561659113358,-0.010669879956572844,-0.07920132149793713,-0.007866016696580026,0.00207224682903201,0.18061928607365618,-0.13162623921983094,0.15877460475250316,0.006563566647787177,0.10025651925621033,-0.10226895162138798,0.057113905293773276,-0.16047545717380476,0.026338593773822794,0.2227851474469981,-0.2957899233236864,-0.0021617473196098268,-0.06111870906671782,-0.0575915261460008,-0.06890673947612316,-0.039905134362199675,-0.15848463329479717,-0.04499669105873193,0.11124019718866267,0.1409374255952381,0.11795558768429118,0.0
results_s1/chengdu_tianfu_candidates.geojson,cand41,41,4.4,10.4,30.41947,104.05689,0.139829152249135,-0.07066620172920968,0.15274724390440172,-0.01821559015763167,0.13433931660899653,-0.08183989498672245,0.015919656907450612,-0.03683185358046547,-0.19617437222266934,0.09950452308146246,0.01789944665736792,0.09251402915247266,-0.05532448108062193,-0.05902472941981169,-0.22045547106211388,-0.23153210303729352,0.0932871134089751,0.06534515179760912,0.004740738691737526,0.09054782149978093,-0.013844292333896625,0.1380160135189508,-0.1015577304793327,0.011233271751473047,0.029638388187012164,0.130340298454083,0.07785662994107805,-0.07657697620771976,0.202115591163506,-0.06802744416279966,0.09910872271845353,0.07610132618939044,-0.08000354850102369,-0.023955424680131978,0.17212940796473622,-0.0017076085450139925,-0.34904973657269556,-0.054508473932208555,0.11157658224028323,-0.18732944562914083,-0.10734359213361584,-0.031947470449648144,-0.06278397508114052,-0.025572756006187244,-0.00868095790527793,0.2074911427179171,-0.16067566532997143,0.17085253994438634,0.018671692685282043,0.1426970870997738,-0.12983590278336593,0.06216453253668088,-0.10792056163550698,0.03522794788229928,0.21387083903328785,-0.3144519801194533,-0.00651877240864426,-0.10559634934685225,-0.037815668504063746,-0.13921183321709907,-0.0487164485037061,-0.12886707538692632,-0.05594723742210064,0.09494709380560257,0.05041234371678663,-0.08912875645840183,0.18097057703423014,0.006540299012071499,0.04746406302137865,0.026066570633896655,-0.1659500873642937,-0.030774760699746304,-0.09693447580448711,0.10618467625547204,0.08352642680796225,0.03397192546077677,-0.13637639697895504,-0.042651808101394434,-0.12937674497291857,-0.17902593976860712,-0.019214850747223084,0.07475390722886309,-0.11836899402349166,0.030612886179379538,-0.16617262588640852,0.14668797106382,-0.05887384368371738,-0.030936448847223505,-0.13186189704798978,0.19453882885572438,0.05662368742286591,-0.06255961215641506,0.17021849946380357,0.10574834058038188,0.06929298419015902,-0.010418918033817283,-0.05564721993728525,-0.04883929201905625,0.10530578304129026,0.11887322678411273,-0.2553939832903623,-0.04831506523892213,0.06418833113998107,0.001047614935667049,-0.04415676074732766,0.0702425930460645,-0.11594771594283128,0.0334032360902076,-0.01691371973880351,0.13312365560863962,-0.0067456398556448634,0.11330932679629066,0.011773007219225935,0.05937659122863497,-0.042279369169956275,0.05860399475069255,-0.08922111901754119,-0.005641084103863755,0.21706127345177706,-0.32696653135407444,-0.08363626430869225,-0.04059058588881138,-0.15586095962973615,-0.07511043653737491,-0.12711869098731413,-0.2394517139216735,0.014928854979703405,0.08202227049226697,0.13317515800203858,0.1338300027254826,0.0
results_s1/chengdu_tianfu_candidates.geojson,cand42,42,4.2,7.3,30.41049,104.08528,0.12075395872904644,-0.08584964744103803,0.20989896973430464,0.019662095794535293,0.11426756057066208,-0.050757689878580564,0.006929655160079554,0.007480317849997171,-0.2054394833237282,0.018240671562903148,-0.010853580229486917,0.04951929544690948,-0.06359571979180524,-0.12166055663204013,-0.21230727437229832,-0.22284539178580887,0.07818211646038456,0.07991533715537319,0.0430011240954696,0.09917451141598498,-0.03396564677197055,0.15286153879257638,-0.13526313284556798,0.028877526199828814,0.04936031770258858,0.1573457535220048,0.1230567160054125,-0.11281923950673801,0.16524134169573315,-0.08102505155240744,0.08099011501242677,0.11488803206759111,-0.13961020586678252,0.06995959973531421,0.1824164208444652,0.02218126288766523,-0.2436953299396868,-0.07785425734850714,0.0634181979042023,-0.19580662525916806,-0.1108497123252796,-0.0075997537577538205,-0.04474883135446875,0.01579407980810612,0.053916126909245,0.23035242482715246,-0.16406690443815727,0.1300226155202792,0.0354269118491078,0.13066528354072973,-0.1721411294954453,0.050522160256461654,-0.14107065495690374,0.03006902652836314,0.18984197255220184,-0.32810814440797487,0.0284389136173824,-0.08710560515488618,-0.04349924784056425,-0.111158147033909,-0.06291800624680675,-0.10012639100941599,-0.07765996580993445,0.07069276127473725,0.05398197691124148,-0.14324415675104382,0.21588559412160332,0.024734850979635115,0.047941274091196334,-0.03687728328530458,-0.14866725046767695,0.006073278395688919,-0.1303284000378883,0.043443884950118056,0.05960607452394494,0.03631546774734404,-0.10620906472935275,-0.09207692076657444,-0.15837405785648712,-0.16991990531862308,0.03734572142387029,0.13111309610130292,-0.0587701483831241,0.035200034052054824,-0.1167462357468857,0.16424985932865685,-0.05800531915152875,-0.0019718740628600277,-0.0841877803392261,0.18825994692944995,0.08653017707475855,-0.07997752019636112,0.17475151430938962,0.07000611167892393,0.05303408263675613,0.014447382569061053,-0.11427433471034933,-0.00574621577948908,0.11487099240049929,0.047070044471884884,-0.24784448983071847,-0.03448640755368129,0.053026096532675475,-0.07760307351304448,-0.07842771376895474,0.024657699362987964,-0.08185268407371055,0.04226542023916029,0.029922131012410005,0.18826527989993738,-0.06335709282611669,0.15382918500491044,0.07768021978903099,0.057063154872274535,-0.09013548046065505,0.05931550806265923,-0.12411450481414231,0.016985661720353325,0.19792374640215507,-0.33869330540327597,-0.029901831480233995,-0.057014604631764915,-0.08286641844475798,-0.048621618551283316,-0.09983866025886226,-0.19521447690852034,0.004475751452871759,0.04291721213675113,0.11932087264150934,0.30141418691960475,0.0
results_s1/chengdu_tianfu_candidates.geojson,cand43,43,4.0,12.7,30.40618,104.11097,0.11190449653017678,-0.0982297289368668,0.20402168703492096,-0.005051622593163238,0.1004378590824122,-0.0981602323859915,-0.019866483521023028,-0.04970132179025998,-0.18988243811057315,0.02788790638409082,0.0376031088995714,0.04955088985862526,-0.11173767630183021,-0.06326815132156406,-0.2509297795965882,-0.2511873642710993,0.08838336974255177,0.062082914713346884,0.000649199010295278,0.0862525054972776,-0.024760027801275338,0.14841315283080556,-0.10706958289056515,-0.034464727721421166,-0.040731932101126384,0.12163706829259867,0.08822655744233013,-0.03662109667266259,0.1032402382570205,-0.04302316354318035,0.19474266920924208,0.05421851096052056,-0.08642127644716313,-0.016394730180259557,0.1293551791089181,0.049355099459113164,-0.38230125299448764,-0.039182047506881645,0.0638558131720201,-0.12368345343947515,-0.08609263296770758,-0.002409602231144749,-0.07789412762773833,-0.006633350341012081,0.006166177684985752,0.19417272035751726,-0.11292365071876696,0.10326331434261898,0.011770486082672553,0.07615154081062993,-0.09942582586585844,0.09405883196600293,-0.14594437219194048,0.013025535046254786,0.19005684044140592,-0.31535545498370315,-0.022597158308057183,-0.07367572863108832,-0.05843576132314114,-0.0757426494539945,-0.053762900102498484,-0.14711532493513485,-0.14915074076676668,0.062470638784972964,0.04530669363808298,-0.1268106943299918,0.21877031511140277,0.022276760703953014,0.051144839508198564,-0.009510766984717494,-0.1618013398956422,-0.034835605307078424,-0.10264540082286257,0.031046439781824378,0.07589936621894627,0.03632493510769218,-0.1465817037386677,-0.056673806947378814,-0.15466747563877467,-0.18514332383646434,0.001994997882577664,0.10846867482178922,-0.08449672610837337,0.03910661849747987,-0.14935954912284022,0.16892639788974512,-0.05121323355872706,-0.0168178563617172,-0.13386915539593078,0.1821113634916251,0.09013979831973538,-0.0789380798727496,0.15022758389897578,0.0756628863225995,0.10918589798194508,0.008445565325278667,-0.09355970615220176,-0.018652296572251592,0.1003475551356455,0.10622761944031817,-0.2764334640898365,-0.028390414169989314,0.048764131995430546,-0.038272964047961266,-0.040924478267389944,0.0377446341077356,-0.11662107943441957,0.03826952116571819,0.015790213320548745,0.14659921200886927,-0.023446068239006742,0.1005883924982616,0.013531205836051314,0.05419708819377305,-0.05785608337365974,0.059442992624419655,-0.12060534211860106,0.01059666343107333,0.19665468569736516,-0.32852703476554634,-0.07283776542567307,-0.06357295328681825,-0.13714838958728456,-0.06158050431851786,-0.11442816191525347,-0.19508323721078108,-0.013193121657563034,0.05650500381217235,0.14384327557755777,0.1970441288588062,0.0
results_s1/chengdu_tianfu_candidates.geojson,cand44,44,4.0,6.9,30.40932,104.05518,0.15624027275623525,-0.0838152828255185,0.1371623510087963,-0.08041932091681242,0.0710482186324033,0.007551962627794662,0.00465684348941129,-0.10752389456071475,-0.1454292775477662,0.10045338662818393,0.01728582703034887,-0.01601195672481325,-0.15586582413911407,-0.10333920016121333,-0.14926956674250696,-0.28159357304034777,0.07467532563025521,0.007974850693326107,-0.05719011552591177,0.07121540095850182,-0.0716032015823441,0.13094829131148655,-0.18383723308583533,-0.06231921708980009,-0.07051306528474233,0.2055305189710605,0.03733268305874898,-0.0849560745910638,0.18981886223500144,0.02841548193543248,0.1333085225774368,0.004354397343026111,-0.08520016928237485,-0.010488685926091033,0.1733451378989239,0.09844417788635712,-0.28351461606177863,-0.04039912314230871,0.10585756244523162,-0.06832893910702133,-0.0987078786218615,0.05908820192632667,-0.11396529606522222,0.046753504661613994,-0.0020769831702503287,0.10288756811469955,-0.11120748630361776,0.08764988526143185,-0.029279064468091635,0.09682235898038853,-0.06417934612158942,0.04168583127096631,-0.11222530435468613,0.06302557680911806,0.2071321505818108,-0.29265483873226983,-0.02832839208832821,-0.047348278156490384,-0.11447653149209493,-0.05218625679107901,-0.03759350268941251,-0.23515045922062094,-0.15206397016840892,0.17095564287944007,0.05874551083584342,-0.0540281971793584,0.15309874183915273,0.010117638313415155,0.06237939000182432,0.024398557794036244,-0.15969532802359407,0.014328424111690415,-0.08824632883361079,0.12216044680705289,0.02202303645378953,-0.004926226749059226,-0.17044666455648608,-0.0548831922033045,-0.13589476347009907,-0.22487962230757513,-0.013602576365264818,0.036695535640257904,-0.130865864077841,0.039478202498535814,-0.16383818803469616,0.1332051920848671,-0.10891683637014872,-0.08226141536403633,-0.09596894068881083,0.2243370159413539,0.05121741982807938,-0.0881546953258112,0.15484426692467015,0.10036258696803824,0.06175813755326408,0.006516610800029843,-0.0673382749630569,-0.0066319042825333544,0.10229314299799841,0.11875426368115914,-0.22375395531872685,-0.040120005668760304,0.056725702399074096,-0.0358447945965767,-0.014320662782056341,0.1023891131602141,-0.10025202674088254,0.0807644766024465,-0.004656703570320671,0.10578005048911214,-0.01150432287038351,0.0891240683281965,0.0031575359179012593,0.07623953661539168,-0.050456942080305066,0.025005776145297014,-0.05712654257112476,0.027364606920379668,0.19681723818527888,-0.3040282962962112,-0.08256070967533721,-0.01987355382530648,-0.18575821196266953,-0.042002465317270817,-0.10667359463231713,-0.2829193423168529,-0.04119796839089643,0.1143345995049082,0.1445803641574476,0.15124799570371666,0.0
results_s1/chengdu_tianfu_candidates.geojson,cand45,45,3.9,7.9,30.42297,104.10729,0.023708100278933632,-0.024359003882357056,0.10187739652667538,-0.041861401085665856,0.09783102839663992,0.1465230199093685,-0.11751822920459093,-0.045098954897235734,-0.1547051646849076,0.1256638025949828,0.10880020607374853,0.015327184856513014,-0.20792953820000273,0.030182752505909932,-0.14220973375074714,-0.21128216754883958,-0.0327472866647955,0.13615336988446314,-0.19259296044838917,-0.055632338002855185,-0.1981095122305475,0.10648228150963408,-0.06338079196954961,-0.01262073472513436,-0.11195996536893782,0.1590801444513836,0.04039935030612996,-0.006145258314917552,0.14658444810228136,0.10747955719987097,0.11141162648057443,-0.0005544657827580795,0.018146810712943294,-0.08725856503621225,0.08703652168969156,0.14982854509062848,-0.26247439295848574,-0.11995044144267131,0.11752987114209339,0.07213553176529675,0.06140306789638998,0.07742315338165351,-0.05145329034030351,0.037585714445861264,-0.04995699544558436,0.12609195321614627,0.008976827843731645,0.06838782249705241,-0.01271502128784987,0.004290334750753891,-0.0797322242620757,0.09446653919066399,0.006570251895193642,-0.03452876292994208,0.2509968115633189,-0.3137572924937965,-0.10837503648145838,-0.0138555623760211,-0.1951359987908255,-0.10483738497972842,-0.17400759484856135,-0.3018059929227103,0.09632236795947147,0.07684856076477778,0.012435794860234566,-0.11046800715012989,0.14851077849457153,0.041658599613258754,0.08620431393349444,0.052148972426638,-0.20669518892042726,0.01973618289969195,-0.14556431998694322,0.10881187530474744,0.08999294805699556,0.021584254097712217,-0.15898209780212585,-0.012330506634818208,-0.15618307279912041,-0.18509597031377253,-0.004873012664577027,0.11364090329833434,-0.14821133762293562,0.013203671351190362,-0.17251111636787048,0.10339135335902552,-0.03627914267919862,-0.04283683850548036,-0.11263870721867998,0.23125246136914065,0.09051833732495335,-0.058982321558483174,0.1471419541351936,0.10468386266366266,0.039726961844339714,0.001688943890686848,-0.06408856136917808,-0.04175075417763202,0.08130516616346159,0.09058691033769892,-0.23765184572237025,-0.049524132261462225,0.07062633317448648,0.02305452172035919,0.009219627989486173,0.03413379370779653,-0.06000831364129608,0.06942221015345006,-0.011253221975211208,0.1439565605250341,-0.0016771862224298267,0.14319480284459463,0.02256460303452818,0.015647613640769747,-0.059788371703393295,0.05175843226730759,-0.02681146539714717,0.014643784183773633,0.23337078763216448,-0.32454677923548525,-0.0932722219896355,-0.024114513875777253,-0.16395812932928897,-0.08430678826888162,-0.12078064428679484,-0.23835531722840628,0.08764126285841738,0.06408696579853021,0.10688839285714291,0.25156568740641494,0.0
results_s1/chengdu_tianfu_candidates.geojson,cand46,46,3.8,8.0,30.4298,104.04827,0.07764383781686705,-0.09789375357273682,0.18898152006791213,0.011866085181378917,0.1000073066287298,0.006295620946460548,-0.13778929294643538,-0.0067344293276427976,-0.16948096746133764,0.09808323704185593,0.024880879672842936,0.01662617989797119,-0.13590241998029826,-0.06979590955899376,-0.20262061437279955,-0.2694986075711116,-0.009675018446409032,0.07781246994710693,-0.10594137306932531,0.11929127517153498,-0.15845912125602504,0.14900357264951894,-0.11010921321744133,-0.06217825673839552,-0.10181776938304662,0.23296437721675586,0.09305585185045503,-0.10958529259863378,0.1564950474927376,0.05318528156396216,0.06997921361203566,0.03265052601511121,-0.12459599099207634,0.03251861000851694,0.14285444465047162,0.10714463556076557,-0.2570711202042392,-0.057544272953077166,0.042686300001292046,-0.08251430439141517,-0.05321825148645055,0.07220119977609392,-0.11538275818599783,0.07660764025294543,0.027306680411118344,0.15387858997849288,-0.06370037374711957,0.05699476027699823,-0.024320977643964934,0.04595053184672564,-0.05835717066830649,0.045093805533468756,-0.07942254027218625,0.014587251951233742,0.18056482572726687,-0.3378180836616673,-0.058000996612425644,-0.013462081411432273,-0.17643514878124503,-0.08242291216855392,-0.12383603735166489,-0.21699828299113644,-0.05939443538274423,0.08080530195016868,0.07395839573136447,-0.09648283723459268,0.1778716939095415,0.01926159787625309,0.06593307103757952,-0.0074449603867457435,-0.15012254404218117,0.02319339001275389,-0.10627416003922883,0.10503356974166887,0.04150575870907976,0.010826598958031458,-0.1440259802896715,-0.0568185654736038,-0.16001698402459685,-0.22528082035484048,-0.009826289876410382,0.07777505764379719,-0.10796818580824696,0.06042565145746544,-0.1546329722994662,0.13590829133971127,-0.07013338794905989,-0.06651579914630808,-0.09921354045837305,0.2260379569818979,0.07725837747544197,-0.08428735906308095,0.17468844029170874,0.09363876134030988,0.057939554026682966,0.006638725137087481,-0.10710345578422849,0.010781714064234383,0.1305818385861783,0.08817870589591847,-0.24317355119169948,-0.04172240532541388,0.06642009203563647,-0.06541977953672799,-0.034039884630939606,0.07200222184544033,-0.11298917579458534,0.07456458394446584,-0.009738147144724893,0.12652120905914752,-0.0512197710487737,0.08989799022353376,-0.015555614210088086,0.06410088103312794,-0.05839617900187048,0.04212024452287058,-0.07860887552777639,0.012685101113466117,0.19957687410472047,-0.3153011165717882,-0.07125716639683724,-0.003549524556090475,-0.17632436705094834,-0.042112744965552756,-0.10783710187169855,-0.24444640591395156,-0.032856594338673314,0.09770785367251177,0.13270548404431218,0.28209428940121795,0.0
results_s1/chengdu_tianfu_candidates.geojson,cand47,47,3.8,7.9,30.38983,104.05195,0.14448329089656117,-0.12133353625838898,0.10686743669178488,-0.03989440629816762,0.056864075570855974,0.029723332929439777,-0.034588802142620265,-0.07274052104501931,-0.10733584697661938,0.07470030191391032,0.03051389093281377,-0.03738968780147892,-0.19685032082982384,-0.102442407088066,-0.13687887568338714,-0.2895788704146029,0.013620380048442068,-0.017596769187144,-0.09088117130801829,0.09434765953480133,-0.07793574906388237,0.11096990769565322,-0.2049748950121386,-0.07437048720600849,-0.08370469037787244,0.19707202344091848,0.1056376018451087,-0.12734255524292237,0.15719532976090198,0.060400679156060934,0.14424643039873236,0.001376525064947899,-0.08280208476146037,0.008776883202515144,0.15765927066331195,0.15465624537496483,-0.2276512584777464,-0.0764241893933645,0.11373077295579212,-0.017586821387238702,-0.12762769289724585,0.08534650221910853,-0.09398297861278924,0.033200051262334995,0.010705160375780311,0.07343746798724479,-0.09611493831679255,0.07571692849169806,-0.07069696790555766,0.0881065009948499,-0.04186165011332081,0.024497003710929065,-0.1353586427835615,0.039373886759713136,0.21297681972554533,-0.26760511119580305,-0.04649978736193375,-0.02675048086390171,-0.14542239786699498,-0.033536501563654966,-0.0245162704107737,-0.20933032635296303,-0.15407723534456938,0.19409508771826847,0.054538824971147606,-0.08244498712587767,0.12460332505320909,0.021814602965714348,0.04433864745288897,0.03106361647311062,-0.1755367743840415,0.03329811981028193,-0.051521400552629305,0.09825524465110988,0.029638327069482755,-0.03336351065067834,-0.2138472235894814,-0.058998486525461594,-0.118421811324893,-0.23122448972137818,-0.051133413382527325,0.036047331880178245,-0.1550207688531194,0.041603652260213835,-0.1647802291603924,0.12521913140144333,-0.11942095819113292,-0.09389131771959644,-0.10404132618143619,0.20375989509156958,0.08076718835046631,-0.10834160798554725,0.13942558498494162,0.12088173941427087,0.09002844236148014,0.011626351744102396,-0.0730352431308624,0.013917305499365866,0.07557532818574664,0.1643299914033835,-0.20413707443928003,-0.05400069975286807,0.07532171433532571,0.005543961501264641,-0.02728327605356126,0.11900872056756821,-0.09010548888095811,0.07715851861169837,-0.01326775272410539,0.07792858231385665,-0.001582159878366796,0.06989574316079532,-0.03605650082635616,0.057725218702452195,-0.03421107727904103,0.013923291884688941,-0.06239811760323489,0.030906615764335964,0.18500568138300644,-0.2631771837197397,-0.10394519198907712,0.00196781554940738,-0.20689030934131009,-0.009000493634670296,-0.09805057091362035,-0.26828430287321026,-0.05176968965790929,0.1337403919905436,0.11541175723643478,0.25948376953551927,0.0
results_s1/chengdu_tianfu_candidates.geojson,cand48,48,3.6,6.4,30.37653,104.07549,0.10846415780302048,-0.02635471830801871,0.20196684690939695,-0.0023183908098987752,0.08077875145468055,0.011183241744534965,-0.11685457778381521,-0.09817444035938983,-0.17450612835065682,0.08634679975867017,0.12328860736531311,0.034525688537152134,-0.2160369183845769,-0.020357617676617125,-0.20962304155309786,-0.22437047462800913,0.06682052354943872,0.02840082058867553,-0.12756578118949016,0.04555455350827652,-0.079430306074433,0.09197550476559432,-0.07267306663223087,-0.04016313665115795,-0.13690001510757474,0.1268377274573952,0.04001291061752249,-0.04101586910271768,0.0705253844290797,0.06215064222565741,0.18180393945733755,0.03793307134758309,0.03680142315869622,-0.09331804128127327,0.08729591322633933,0.13065832270143005,-0.3374805512685541,-0.02833076672269466,0.02393790605100993,-0.03931842337294145,-0.08098024541353734,0.040202097702824076,-0.11609677568577709,0.04521846098115941,-0.03462881136089621,0.16516551598936247,-0.06598996471312168,0.09689315031505794,0.021454651211380137,0.051233662751135466,-0.07855448041612494,0.06317632775806528,-0.0845269840710819,0.03583700925363411,0.255404027000213,-0.34466161897578473,-0.09917313630037165,-0.055350925482202044,-0.06220085639404694,-0.05630270548572669,-0.0748687380954477,-0.2590213058730452,-0.06266413765027043,0.0896797264033588,0.02764450510957545,-0.017041237843066128,0.17116804055408724,0.03982139677211842,0.04959146197046589,0.024789487849140427,-0.22477423854393674,0.04882800546328084,-0.06201401888521722,0.13832681815725165,0.04992185678041306,0.02642790456273033,-0.17707610672352958,0.00029738501187028524,-0.14555433586330407,-0.14038319332676685,-0.03232762607114144,0.05699745799680185,-0.12887916746617167,-0.01595474709886874,-0.15949851009489466,0.15722699317961675,-0.023384047207507332,-0.041687417141866016,-0.13119705961315023,0.16733675394235165,0.02720926837462899,-0.07241277768620787,0.14300751447961055,0.10784967850237269,0.06992367355021913,0.023919698753216964,-0.01756745250749165,-0.03913653225433701,0.060373285023477004,0.10180212163837524,-0.24198445467767943,-0.009916575400776562,0.03335995820542585,-0.0396823139238465,-0.022672631437253035,0.08984574905249272,-0.08840620201168162,0.07549146759291081,-0.04090391536919313,0.13218563797255886,-0.013952619545280421,0.13456439078610505,0.025835917339249725,0.05316628133366989,-0.05207722640422309,0.014575010603255435,-0.03739946236521224,0.012123298929998121,0.2076584940126944,-0.3063745753221759,-0.11207445375470927,-0.016015729574386198,-0.16223192505304593,-0.036260935478632614,-0.13278896592984324,-0.297991571504493,0.05003652174243822,0.06646047713078694,0.19452967032967042,0.11037497305026747,0.054945054945054944
results_s1/chengdu_tianfu_candidates.geojson,cand49,49,3.4,8.8,30.42818,104.08213,0.1509783188714078,-0.11503199527848267,0.16835840299329755,-0.013147243304727612,0.13702423123128837,-0.07380165104692102,0.08143815259754611,0.027054195391945847,-0.25609749393497694,0.05987180726218779,-0.025151706473345806,0.06922209907179008,-0.006663093156466051,-0.08341288418224801,-0.21011894397098851,-0.2257764376328794,0.11861530582994632,0.08371679283867582,0.06149022569180621,0.06320449088226711,0.024872348980911396,0.12051989003450395,-0.14515639921546203,-0.0006814735985500895,0.12307456045396752,0.12644311816335474,0.13258067448966118,-0.06872320589786682,0.165359068194207,-0.10413332346453648,0.025163247308400027,0.12213153649990756,-0.17692990494962246,0.057286922819216296,0.16198591203057142,-0.08264170440756845,-0.280037208786463,-0.10236819311216996,0.08030630426670587,-0.21174179881940777,-0.04657649708312625,-0.03373480793273169,-0.023324949570395666,-0.05029168772647314,0.03513561834394221,0.23858879557358284,-0.17278131977138528,0.13960258955693064,0.054966907664711455,0.11660282277971844,-0.14642581005370234,0.059130131907505205,-0.14018793422946277,0.01783167691374994,0.1616011365110405,-0.2783228122914157,0.04922581855357907,-0.1061927856196474,-0.0024787931306538783,-0.14267766195910045,-0.018617945541038537,-0.03713552129728091,-0.025341704210262377,0.07457243411412595,0.10881196049171454,-0.13756657592168667,0.17237073125394067,0.008515588046530461,0.11088087400895592,-0.08609301477078499,-0.01764219826479778,0.01906706317431083,-0.22045410049281292,0.08221756686661341,0.015435593933131474,0.07477687079252632,-0.010470233166613017,-0.0867550223627692,-0.19022688178014163,-0.19428717748977528,0.12029509848247534,0.10358817066154227,0.011155812793127436,0.04988836227963541,-0.03179357050748097,0.1351529271395719,-0.11602527762329182,0.02757901726203709,0.022892495767608986,0.14285187307833344,0.10876362535816156,-0.06426595198205083,0.20115769295405334,-0.04876102075225546,0.011639093645148282,0.0764235765630962,-0.15454904897863905,0.012801619365004242,0.16653555113589213,-0.049209177536368436,-0.2603354055711633,-0.07391231485035488,0.07059308092850117,-0.15374886722623474,-0.07175462553928429,-0.0384054597678675,-0.035837063482769674,-0.028389314572567045,0.021996331175887996,0.23108142602057272,-0.1476529928540964,0.18273589262608597,0.05289788077436689,0.09821991099857943,-0.1288353395242438,0.06274806229790077,-0.1299179273346238,0.025445767039439054,0.18585208684226626,-0.3009227131928506,0.027791572561671946,-0.102787687538744,-0.04687342670014008,-0.1286960621901302,-0.05247985184537535,-0.10989442826654343,0.008428591534106508,0.06821685248155178,0.11850238095238091,0.15098377796665324,0.0
results_s1/chengdu_tianfu_candidates.geojson,cand50,50,3.2,8.4,30.39099,104.08761,0.19194511352413057,-0.11134895828310876,0.12760263193238186,-0.06893560916857887,0.07739415718390334,-0.03811043790863648,0.09402022346632614,-0.04870251089010172,-0.18579815581373996,0.0528889023054215,-0.04443601438979023,-0.03196782380067727,-0.15207512531530604,-0.1289529248809737,-0.181445938850519,-0.279188688297751,0.08803995499312334,0.01905672551912548,-0.004677031217616013,0.08406267700913628,-0.0065391229584684345,0.1240782010554059,-0.20026785548326007,-0.07374488826613822,0.07405357193518529,0.1989791583948851,0.10520094122566458,-0.08846336399150788,0.1544241253853235,0.013204324986992252,0.13124655380288122,0.06115245499487028,-0.1499717568013086,0.07090457756719414,0.164336156255647,0.021410670140430563,-0.274468106456273,-0.07276505373391184,0.10888688758944183,-0.19881629286949026,-0.06669324258167068,0.031135641004892703,-0.09039695746581827,0.031973028297284094,0.056243672742259596,0.12367202391608745,-0.13474360936311852,0.06419842995822288,-0.025800755266932412,0.1085924561911778,-0.09279976342180837,0.03342623164118712,-0.18844790143767925,0.040863351078095266,0.2006566190813002,-0.26766249482380405,0.01711219757074111,-0.03340321390243469,-0.01834185632542695,-0.0324924689229082,0.004244730971268914,-0.11454372259306363,-0.18301038481550386,0.15148234097810157,0.15354732638806123,-0.14210807539263998,0.13826680284730614,-0.04445640811907865,0.045800918080861966,-0.02393951827924836,-0.00286440357115576,-0.06446470776277823,-0.11569843943437878,0.04126795715526838,0.0114749939463764,-0.033313045870348806,-0.18913743689226759,-0.1304714912318909,-0.14381647387863658,-0.24872690787304044,0.03958180636276391,0.03642218080052407,-0.065911281438271,0.06908067490074384,-0.059094393669832594,0.13843719346650957,-0.17395146498051212,-0.060882066203413424,-0.021803473151175277,0.1991091904147972,0.09682632030107027,-0.10352381138082632,0.1670146657936174,0.0724216510444435,0.12643446774372563,0.028433386450630857,-0.1351923819427076,0.04899837136716161,0.14204858970284703,0.08030598559108924,-0.25932372314521485,-0.06347559948033832,0.10476795074585228,-0.12761057175526003,-0.07572890875550368,0.05235035597608969,-0.10714155808775032,0.06215196449248135,0.04303738274268018,0.09868816082269308,-0.09468377598845369,0.06210143678876194,-0.043379419289277014,0.09815384802633095,-0.0696541582270068,0.021616718868590973,-0.18300803216823835,0.04335357885032848,0.19150410734769469,-0.26949713001626563,-0.020365251815617273,-0.023568638169175534,-0.06686515872182883,-0.0008253655617365169,-0.029871101710027933,-0.1604894648547336,-0.14968894917359515,0.1539394552868147,0.13002124485596714,0.27243904047001777,0.0
results_s1/chengdu_tianfu_candidates.geojson,cand51,51,3.1,8.5,30.43789,104.0824,0.10810299623133851,-0.08330695832425934,0.13282711416715826,0.01955911761511006,0.12426446993291919,-0.056179927862847014,-0.017323553731229107,-0.028386765448734613,-0.17775859315966258,0.031882170466631006,0.0674185358174034,0.03564143940362878,-0.08672946011731797,-0.09575666094068108,-0.2312990717646272,-0.2827241585089964,0.07826978934874503,0.03304900195746373,-0.029810326683557244,0.1099833122733406,-0.0920045233854608,0.11360876654365172,-0.12575827513858343,-0.006171282144858742,0.016455284954813097,0.1695042240622612,0.13630870894161237,-0.07218365640510972,0.15589232688949584,-0.08901039612584123,0.12526512877566673,0.13672072012430608,-0.15149423083993704,0.04195476537722528,0.17494618903867093,0.0494864011944855,-0.3059514879584083,-0.050205081346949856,0.09860456833718863,-0.13832963862532915,-0.07439703004345972,-0.012782659652744577,-0.00531737110535475,0.026555226605556887,0.040347145776526074,0.1819295408726047,-0.15923863491022977,0.08521557642664906,-0.025166540146093465,0.12337357235752963,-0.16787979138403808,0.05253434762085281,-0.08806429389002528,0.08101755292695842,0.17469842310358202,-0.29411141652727063,-0.004915320951810415,-0.11364039546486858,-0.09731050606797698,-0.14238163220862185,-0.07166136718826246,-0.10726909384348829,-0.1100909953001806,0.12673844487622404,0.10305060332112073,-0.13887655621925296,0.18051007911574163,-0.00035130064418066386,0.07732019492648819,-0.05877325521339419,-0.056303298090462486,-0.00956393461442285,-0.17294454694317526,0.06244811470828453,0.03848288615828501,0.03069547936075,-0.09679543385842285,-0.09274193417515476,-0.18299949307832777,-0.2368471082536753,0.09247429947913952,0.08626862166783754,-0.050402165009613774,0.0563094285133843,-0.08807226660341302,0.1289529671368799,-0.1145582456989309,-0.017729067979278437,-0.033354445203512904,0.19106170109404097,0.0991851385119563,-0.06202580052891803,0.18813795460664398,0.03286095987971699,0.049430261848336286,0.03405118430365277,-0.1564629445874523,0.029422583336390744,0.16263318018047518,0.011127781678833423,-0.2704420575800678,-0.05543874017112728,0.0725984697479978,-0.13060778249747204,-0.06843698755181091,0.018067557213079368,-0.07829355522579128,0.02324176325762046,0.023690703575120743,0.1691262461659808,-0.11249007735494507,0.1247573348832857,0.010888782852358947,0.09699053520058526,-0.11456528472418741,0.05369136397760244,-0.13104373361367913,0.02451480888262244,0.2068861064370575,-0.31088714047542126,-0.024301857012348625,-0.06558756973276379,-0.08546815155342326,-0.07136139159863576,-0.06768930169109495,-0.1765598832146472,-0.0620872296922908,0.10117014747840491,0.10927808441558436,0.24178039590503014,0.0
results_s1/chengdu_tianfu_candidates.geojson,cand52,52,3.1,6.5,30.44274,104.09345,0.04391710807810515,-0.042923031223985074,0.18780688027866008,0.03985648594459114,0.062266148997151466,0.02957292823612925,-0.14645782525455783,-0.0202706383152251,-0.12855312152566983,0.048371825472138835,0.05883895559463074,0.03313429284023177,-0.1465569265390536,-0.08106976374590064,-0.18644903822372377,-0.21521557343406303,-0.03542382829929476,0.03288024821546603,-0.09304672139149031,0.09139302509177714,-0.22842656705424857,0.17425918640641316,-0.12035414862511318,-0.01606140196155241,-0.10807127605926534,0.20432204049044816,0.11075454367840028,-0.11535497886825227,0.13303945379637583,-0.010708251164400296,0.07498209426003835,0.07942232115312885,-0.1363171084691364,0.06317212371726044,0.1683566311149433,0.1583645592735645,-0.19963967028803514,-0.04316435336767983,0.013049374817838794,-0.045977798083472056,-0.05782382729378585,0.11802289571769109,-0.06927934755877097,0.0714627208261708,0.036269913790177966,0.1670436403445376,-0.06063169422808549,0.05061690905716363,-0.015383138704510671,0.07490179599257209,-0.10452659452419397,0.051656038297600765,-0.04800158870411266,0.07038795746641353,0.15830904121511288,-0.33629320808043744,-0.043097707677046744,-0.07721139135482971,-0.2029094261295184,-0.12554517507237226,-0.17206085340056837,-0.22108013445330277,-0.06916455195569393,0.09910530653149277,0.047384370846720925,-0.11747013118670073,0.17502567583774156,0.04462290239691135,0.06559770344810457,0.006421880523892598,-0.17281029228026254,0.0027087341701285995,-0.11188400512843183,0.07378786401212445,0.08263020459022503,0.010109356291965297,-0.14626067906381696,-0.06117160309111932,-0.159591910348669,-0.1898316416155488,-0.008467404811457023,0.06788801128912123,-0.11109477462863608,0.04193282543527263,-0.16493299552298968,0.13914419358925142,-0.0812142255902628,-0.04488027336240095,-0.11535992244742194,0.21039603148857627,0.09870943707745862,-0.08941850858010766,0.14565063761271826,0.06091652599744443,0.06319384857852753,0.02287531832219628,-0.11327342666008487,0.009723994048805196,0.13965419220376504,0.10796429243045756,-0.22108540922666445,-0.022069445693224762,0.04719243539631451,-0.030272820872327452,-0.048475694110143706,0.06605278346344103,-0.07060690510219239,0.055541451308368836,0.005692255775489702,0.14114752966292782,-0.05681907096069339,0.11478742914627346,-0.0008657264213374079,0.059115539998539336,-0.06618744867696444,0.06388040527764852,-0.07761723106899279,0.04063981773953571,0.19984219773164488,-0.3084372481063259,-0.06256997566658558,-0.03926298810451741,-0.17218092306651464,-0.06492385172154978,-0.11158834199684921,-0.21142417488287307,-0.020877638500982777,0.09380465661557556,0.10413982683982677,0.3407358344908276,0.0
results_s1/chengdu_tianfu_candidates.geojson,cand53,53,3.0,6.7,30.45172,104.10423,0.05375497994528429,-0.11829557286313962,0.09705599339466484,0.07518853841685796,0.1536880646184716,-0.02117546721967147,-0.1644044011711204,-0.0005664975620570257,-0.21063255004078152,0.146384845783142,0.07428414654103613,0.02767728154848328,-0.12927274614103287,-0.04971534688701327,-0.24894963562866124,-0.22768069663243992,0.0763366992787634,0.05822513282894341,-0.08751376703538014,0.08299024360228163,-0.1255328388932747,0.07244470453824406,-0.06851827826632646,-0.025988248473367226,-0.06665463532099984,0.23511542447875414,0.08859213478095608,-0.061759204985771206,0.11045512661898574,-0.008432812142016455,0.03040973134841615,0.024333015722146512,-0.08935221753966105,-0.043630042928568896,0.17298108393654585,0.06190408107245924,-0.2668937673059477,-0.018740539589898405,0.06395930108082941,-0.013047952830505687,-0.040563296139047196,-0.012981111866081353,-0.007794426748465292,0.08215164254034839,-0.009279970813635373,0.17053952024913147,-0.09709122091782561,0.18341265932381715,0.024038716620386553,0.051690188485088905,-0.09666898778562862,0.05982438361915289,-0.00163363204844378,0.0811602389895443,0.2438011916310894,-0.3397275609965784,-0.06520739382085211,-0.052066424465225775,-0.1252823193384541,-0.1154874479866951,-0.07418871690404588,-0.18470236707177595,0.0033583562770103745,0.11186453197735442,-0.005502920496458665,-0.08320838434454944,0.15579212335884066,0.04359251927765488,0.07716308270368848,0.044557723706922125,-0.23208282704977823,0.027446830062960472,-0.11531350881378959,0.14212685841887526,0.06471016551370516,0.007428832433230624,-0.142977283775403,-0.018547501757951383,-0.1601336727850496,-0.16084052046968608,-0.01882029426310711,0.10414672566125947,-0.14290032896192037,0.009527920433082327,-0.19857514653883912,0.14573009836377748,-0.06366673638355451,-0.0470080983928703,-0.11921920190023155,0.2235528303450567,0.07376574153750748,-0.06924198408885396,0.1102137089158783,0.08421390689803969,0.0423466436816407,0.0007714333207896032,-0.07378528172436087,-0.05385647249127845,0.09666524671149163,0.10670662210319086,-0.22651586372089477,-0.01662351664629477,0.046371130495778456,0.03681321428451237,0.017578683797569408,0.06909661422510958,-0.06785259157140588,0.04438425841187921,-0.022552284711333595,0.14147974434139132,0.0033353947049620577,0.15345274979324686,0.029927462533455376,0.02173999729568379,-0.033106522824773,0.07827179134910889,-0.01188753543157445,0.019482879634823307,0.2320500568227965,-0.30105704629428737,-0.0898218492392425,-0.03346987194643851,-0.17059319933510747,-0.06923961076389756,-0.13107650997587159,-0.23517682271533835,0.05958783136030176,0.07826221050029414,0.1195431666666667,0.2999575292336197,0.0
results_s1/chengdu_tianfu_candidates.geojson,cand54,54,2.8,6.9,30.39459,104.05276,0.015662929743069216,-0.00382386272874664,0.13738141706814944,0.06750015757438035,0.0891141357006805,0.0421760805305009,-0.24797573731882633,0.1272894425444678,-0.060397565402451954,0.10883618986685621,-0.03274539851364383,0.045590048622352726,-0.22246017560843626,0.018069070266434173,-0.14202643867505593,-0.21067241565088846,-0.10683383107271753,0.00022782110898543067,-0.18758830419360292,0.060016404506221976,-0.18744418547741404,0.11284906358891407,-0.05310128881168793,-0.028449455519372852,-0.051403787179692496,0.08999843893052904,0.050804191157079515,-0.07350684264126249,0.11361357395325546,0.07592880069754793,0.12224914473098521,0.07673511474140128,0.04310849041507538,0.03536839772081063,-0.012924098342624979,0.18607819518567303,-0.22403222707034223,-0.13766396644972417,0.03487087356022087,-0.025897127897709017,-0.019318289207615393,0.15406079450190485,-0.07069101990943562,0.08641436318078602,-0.016362205012724052,0.11948850028461216,0.08254532027848804,0.02681825391933954,-0.06172855810986768,0.10452432312544835,-0.11871404212036561,-0.07874354172143336,-0.025155721920559856,-0.04886966691081959,0.13975010869487747,-0.279348090680667,-0.14452128204472428,-0.01019162302450292,-0.27079773445076266,-0.0032273972304084045,-0.17244368585133002,-0.2688282098250668,0.011454761618263025,0.06390582376741546,0.024469353721579733,-0.01934132938371844,0.12149307456640562,0.042394518493313736,0.054964529470751304,0.01926533646366389,-0.23075403230848668,0.11357870070599019,-0.024131022844737247,0.11985530834353789,0.018341260461919553,-0.003434958079676628,-0.19532270232614135,-0.01931653580418538,-0.13545400681922404,-0.19636452761296586,-0.06247555264527533,0.028565669635901878,-0.16319718113207926,0.005815173764044172,-0.18363273923148746,0.1253445398479607,-0.0674324022202899,-0.09377070669927695,-0.08333764090569842,0.16850507325706524,0.050900008817268555,-0.07640904736661484,0.12754395842531158,0.11818438316648608,0.08316411063367987,0.043747516380838944,-0.020692306783014404,0.02130279880245186,0.027566035087557283,0.13545343719815758,-0.21934223488037283,-0.06509503246682499,0.06394607087978071,-0.007101101014385403,0.014985367538351951,0.13469842391715692,-0.05319138391302391,0.09238268427379123,-0.028560093716553332,0.08557440149846748,0.02625186213180989,0.10286351234514017,-0.011537765409351579,0.06362027700794327,-0.05424730668027044,-0.02484249237697817,-0.01560878745617056,0.01380095280874813,0.16316565401618996,-0.2601518516608046,-0.11633967249897426,-0.004182542784062606,-0.21813053495980753,0.007375607944562278,-0.12063048281309184,-0.29631826075074175,-0.01052726682410195,0.10748379257402745,0.0666007523846784,0.6108689122110434,0.0
results_s1/chengdu_tianfu_candidates.geojson,cand55,55,2.8,8.1,30.38201,104.05294,0.0917417412507088,-0.11381106531321801,0.12279164781713717,0.01461670294021914,0.10231194528402592,-0.003819602979644183,-0.038428898875820336,-0.023092821023035774,-0.20652027273015694,0.11621706049081315,-0.04102309725965926,-0.037160916354767225,-0.1342838331760384,-0.09970368749206013,-0.21618144798207675,-0.2877516532731936,0.05169639616561087,0.09240326854685399,-0.04982065310283173,0.09588682092604547,-0.09544058146134272,0.11905635935958978,-0.14369371677224496,-0.07465518602791113,-0.015505212812061903,0.25908573318066436,0.11788255530720994,-0.10349478313502725,0.16165517526673392,0.05859406198242411,0.05211554261978203,0.028153634950961876,-0.1159734581853497,-2.4012798254060854e-05,0.1741169343055288,0.057435399046112445,-0.2607229135230403,-0.07809922392346651,0.06476064137175094,-0.12886467484264577,-0.03458585330055785,0.011751728182167433,-0.11147560476068887,0.03409579767645222,0.029203087311859346,0.14996282642179257,-0.09578165767130088,0.09256825556146724,0.00315869899324296,0.05429556705184693,-0.05947484896268538,0.044820361712514176,-0.09656293031606698,0.02392267549139098,0.2077081837075499,-0.33586103882255397,-0.024425901678338347,-0.024386431916477606,-0.10471254869257993,-0.07994933302363504,-0.04367563799455819,-0.21030826020973667,-0.07151784168239966,0.10553008231182509,0.05063119444362019,-0.1258280261177799,0.14536501684015182,0.04346069797903725,0.06494369610752765,0.006593049776133782,-0.16639109684902317,0.02407129461559144,-0.10089422450092302,0.09174058536516908,0.026940515326460728,-0.03751653861492562,-0.1800400874946411,-0.07089797425734054,-0.15207796928525072,-0.22073029250641008,-0.014460797300439915,0.0835702781884163,-0.12927577447116437,0.057319684974037034,-0.15106888450645298,0.12489054949749555,-0.07637718981588124,-0.0827845580313135,-0.08652373083194809,0.25511071102348204,0.10097602420680112,-0.09817739673078509,0.15358753654511278,0.12078274272537906,0.046362058295343164,-0.00983070027708605,-0.10714787029935148,-0.0072981953157588075,0.12873010304562285,0.0984323188646326,-0.221343427881174,-0.03700464548144003,0.06432331907774455,-0.04877190130740607,-0.0195856228640248,0.05379984594868669,-0.10549263066916983,0.07814020613321083,0.005934674919054324,0.10648725756711766,-0.039951761022403554,0.10093750914132639,-0.008659904043276333,0.059510467414290044,-0.04019093298129727,0.035555866795962406,-0.07413501178671149,0.026864742230662136,0.21367012141715458,-0.30732833756820577,-0.07334066098547584,-0.0006228482551088398,-0.1755775065118088,-0.015542837022968202,-0.08015510654465764,-0.2500439149676715,-0.024725423546637686,0.11304760263293522,0.1476318308603635,0.2973411663778008,0.007246376811594203
results_s1/chengdu_tianfu_candidates.geojson,cand56,56,2.7,7.2,30.39926,104.11726,0.1065492859819176,-0.1118581715977316,0.14265615760848074,0.03044016429103199,0.13132127270905378,-0.0781374219098406,-0.027067918820474348,-0.0368239182116992,-0.2277104756985368,0.09472198358962404,0.04371300862808828,0.0050141858868977904,-0.08842129477645477,-0.08711393193709156,-0.24635710533277833,-0.25007811915865485,0.1266622000793533,0.07955427763082484,-0.004776101130468652,0.0567035830946658,-0.06618634082381142,0.11959479835440645,-0.09864617403115515,-0.03241907769444156,-0.030236968109600772,0.1988583844454312,0.11722783410625137,-0.044004770695385866,0.12085493499899592,-0.04414139012887,0.09180833197421066,0.06511098896476217,-0.0995694550833355,0.004695272111738471,0.17898209046628177,0.004314695393699054,-0.31203661986672643,-0.036625317192685594,0.06616251250288069,-0.13514955450822747,-0.03536173138117192,-0.04158406764392132,-0.061615568544436186,0.019870762454560237,0.0030135852175525698,0.17436849429189435,-0.13470693191710656,0.14787521394827455,0.026821476682275972,0.08281016822235558,-0.10334390584053808,0.0649785174759421,-0.09831351949051842,0.07773859311723491,0.21212959084746522,-0.32633303663230506,-0.0013490575095477496,-0.07262247791897276,-0.05719484620670599,-0.1294583508202463,-0.049343119575825156,-0.14305125492795526,-0.08409624629176127,0.11709314329932949,0.0590013566777648,-0.16943038533571955,0.16277745130076812,0.017784387530919602,0.06555325712029988,-0.011468184920254657,-0.1356917688123545,-0.04487881501095823,-0.14157095450893262,0.08496070140137862,0.07400574115478234,-0.02024955774678835,-0.1438393649771053,-0.07298865115552805,-0.16871332443834203,-0.21107440100375738,0.03615297910918858,0.09118602188262541,-0.09339314113565783,0.023657324225824918,-0.14142042938303367,0.1256969579463499,-0.10149251988086223,-0.058932252528023164,-0.12942804854324647,0.23040541853192398,0.1008945822804227,-0.059235071605057275,0.130013033595625,0.08196365426151082,0.07448546615010308,-0.009772888463024315,-0.11672052679013649,-0.020469769437889085,0.13317602566320397,0.08633388055429303,-0.28154966334878334,-0.04329717353354299,0.054977803038659755,-0.015343040692525907,-0.019986453379090927,0.027454343996331967,-0.11030553874063999,0.04546274131065633,-0.008475854255982096,0.12442595691982535,-0.05225977969359457,0.11898093663039053,-0.010984326292102565,0.03129119064349667,-0.03681167208545347,0.06239880354964821,-0.11130801194927355,0.03455749949600988,0.21491482600210218,-0.32092993535014,-0.04570231404273849,-0.02153167220461758,-0.13063579863129984,-0.05954916242955802,-0.08210016349315084,-0.2027814992324273,-0.020113651441203365,0.09523779318752508,0.19361403186274495,0.06901853170499703,0.04411764705882353
results_s1/chengdu_tianfu_candidates.geojson,cand57,57,2.7,13.5,30.40815,104.08366,0.09026813168141555,-0.1148670575897122,0.1982318798113894,0.023648875455232095,0.10111855523494476,-0.09505542082075683,-0.005124108670095224,-0.01139985368855812,-0.2332173056072384,0.07803544716408224,-0.00396287844950952,0.08938211117308145,-0.0005035371639935272,-0.10525158309022033,-0.22509689063383914,-0.1891844475031374,0.0963179945257919,0.12379959817800275,0.0499640173899763,0.06158256273901279,-0.03597364214255789,0.1727970042973309,-0.13312736270586886,0.043188513510822764,0.01335715732420392,0.12967613135835943,0.10932896760447262,-0.0635132701375776,0.18528550118725215,-0.0948353877508218,0.04835795343674342,0.08354804478043956,-0.13414141515763345,0.022083758025663265,0.16343798213452196,0.0017242169749358339,-0.2542147623088816,-0.10085888072096288,0.07411924137985484,-0.14579577613916228,-0.09097219838076506,-0.018196188538732113,-0.03276260692587867,-0.023273898414642658,0.024946035167424312,0.2639978654822022,-0.15285124335032949,0.18877248109678108,0.06697973207162593,0.09360849553733337,-0.14989165254169493,0.09587992093788554,-0.12175642198030742,0.0195746208963787,0.17569177428857616,-0.34171985599690025,0.024353903498025572,-0.09579048246236385,-0.015205069018660474,-0.16026021107776448,-0.07711748434306183,-0.10699924957922018,-0.029507978696461597,0.05474321615353215,0.025952553875391558,-0.16193716519825918,0.22812555613264346,0.028559254051391505,0.04776010363744571,-0.01994064397987224,-0.15901502602949524,-0.02181625891315826,-0.1307413355511357,0.034900581119720185,0.07753433692830297,0.03876084542647139,-0.09634812224691397,-0.09289565992968629,-0.1634895452660869,-0.15425735384761047,0.024523911175625874,0.13429658046385265,-0.049227063547128636,0.034687358383014066,-0.12135054164025703,0.16594923304020492,-0.06550893262592607,0.003622381877975674,-0.10794569278587762,0.1743288716919094,0.09392669261336102,-0.06801944664015178,0.14052228798080435,0.04778000402742454,0.06972432882104826,0.008746235442023333,-0.11774912916867372,-0.02332051583134266,0.07900663615197917,0.07488205134166288,-0.2567322789777091,-0.050156739524613615,0.04071983210385834,-0.021764187837191213,-0.05148796372424008,0.027470527914857216,-0.07752811595349131,0.02650217368873808,0.02979848953818278,0.19715518661885,-0.03801638722423519,0.13679365988561526,0.08541449154692586,0.029805997113984007,-0.08455028171588083,0.09176624387524232,-0.12542618882749232,0.015617687194338764,0.18141486941987273,-0.335717968261508,-0.039185148701225594,-0.04981936070038605,-0.07263592085255328,-0.06185251964440866,-0.11474288485586015,-0.17277520705259858,0.008652224164661246,0.017408516137189568,0.16008621323529396,0.159125098445221,0.0
results_s1/chengdu_tianfu_candidates.geojson,cand58,58,2.7,7.6,30.39477,104.0718,0.18029340000231991,-0.08770651782141782,0.1600917970341357,-0.02425928790914659,0.1233260003597308,-0.0930161860683005,0.06996388576884624,-0.028597794853110613,-0.20565175628700827,0.02978836957124812,0.02530276711792335,0.05594022431603984,-0.09188035918852902,-0.10837169553247626,-0.20732668180778283,-0.23696424396231572,0.1388485121135218,0.06324398900906468,0.028331255867112586,0.06570509538945052,0.04206128811850041,0.10924685036415409,-0.11989115558412164,-0.0003095641289994021,0.06998127974434798,0.13103115975722224,0.09701122139221405,-0.08987294124355331,0.18142307484286932,-0.03436325345884498,0.09408902512259705,0.07985466261543284,-0.11197428050699407,0.04244716436691926,0.1657311933404804,-0.03435196121056815,-0.28822414162491816,-0.06349888635791585,0.11273602930170716,-0.23519996712949537,-0.09524385596178307,-0.056676297221478045,-0.050596813489652726,5.435931794261061e-05,0.024633508544863833,0.19741730629287088,-0.16399658940560705,0.14100261468654715,0.023813252487543932,0.14881747100875972,-0.14242242483981568,0.040166490784309526,-0.18005596371163338,0.0587048490004194,0.2198731494793198,-0.2984569981262974,0.0060657457614588005,-0.0939564306488948,0.02999190116599451,-0.10832992818940677,0.00014974247943951493,-0.0754009831243778,-0.08002809925047706,0.11271376344780287,0.11075533847710459,-0.15547423526536372,0.16401000847421168,0.0034940514793357557,0.07686287452315717,-0.05514155787046422,-0.06908376915642392,-0.02866153231805697,-0.15884560092116212,0.0624952454948131,0.051559073621884395,0.017959060222137942,-0.1181513453905503,-0.1009158091770264,-0.17182145591175402,-0.21349432012458872,0.08807841716142562,0.0857578139160833,-0.04533760151516403,0.045760756588146635,-0.0635249742672606,0.1370322180880361,-0.11016608915482251,-0.03217642193563515,-0.04994281008945219,0.19015960267562645,0.0953300205778129,-0.07488458516856689,0.16895204070762748,0.05755259385832026,0.07367005559698876,0.007246931399347122,-0.1278428146001677,-0.0038306229117175896,0.14486333493845446,0.022743020426900226,-0.2748716439121205,-0.050035107237366566,0.08117100635647582,-0.09911607915805952,-0.08164507832812634,0.0009098435097367226,-0.08336308965936315,0.028992914780743964,0.020961650827036098,0.1584691584336141,-0.09936152772307856,0.14843755082897775,0.03431143447733563,0.07025479532995223,-0.08570363815386185,0.05020591890665646,-0.152134105878158,0.047909804303621385,0.21454696520845362,-0.3121102733886138,-0.015350204432827957,-0.056946737311815446,-0.05628805544708792,-0.059210030068391525,-0.04020016801535472,-0.16383952135589677,-0.051441917450415875,0.10266723921657056,0.16412046019900503,0.13145981611193244,0.0
results_s1/chengdu_tianfu_candidates.geojson,cand59,59,2.5,8.0,30.38704,104.10423,0.12532953310047268,-0.13525499727406806,0.1382108103431963,-0.014089681973672568,0.0858036370263318,-0.06446531274286899,-0.037240020790035334,-0.0458868977915968,-0.12533662429697723,0.06372132967341501,-0.017721229887953792,-0.042902546639570875,-0.16333933862923014,-0.11800417338017376,-0.21896412908325552,-0.29606242936230537,0.04848707771288927,0.06568213355291723,-0.046610185859505715,0.08031180580798904,-0.09088332633856815,0.16882265314447883,-0.17531165417321948,-0.07753566526645582,-0.03248780667782754,0.22831275502767098,0.08631267145385321,-0.06999311983437288,0.15890209718572848,0.004088017485096125,0.12636701400113007,0.027710903350513495,-0.16921063411145035,0.055838336931339896,0.16506030242262065,0.04970653990279441,-0.2866613000536243,-0.039824760518386855,0.09943299497117612,-0.12603205628906258,-0.053024630098509475,0.03474879988417059,-0.0771613244409673,0.05212994303144597,0.03713583302901562,0.10050937263594753,-0.12920187143859183,0.08372738667886453,-0.037738185031034814,0.08695793399932444,-0.06910499568784259,0.051196026582064284,-0.11674356156672129,0.043385214785410235,0.16557194189355634,-0.28288053514076394,-0.01811840117976044,-0.015814251460200903,-0.11182367992848995,-0.018936672708299004,-0.035504240113447945,-0.1808840265138635,-0.1876023300603982,0.15180064541907168,0.1031836873358313,-0.12600485290231161,0.15032485186724986,-0.0011072933595094462,0.06469892178080072,-0.033173905169096664,-0.08057258294458261,-0.03230271935685371,-0.11007429603021171,0.07391193618275115,0.013989886767413398,-0.03869437148767236,-0.17294483493135307,-0.09556969827135314,-0.17322644109625981,-0.26113614227533977,0.0383586345107196,0.06336688078460063,-0.08035641418945094,0.05300775282819912,-0.10398159490316769,0.14052154242148604,-0.14825604117638747,-0.081474115093318,-0.06170819815455996,0.2287059135393559,0.08222757534249761,-0.0784168303207229,0.15258679268339262,0.07528092544114583,0.10278667167190501,0.0034032744836463035,-0.13275979834305007,0.029052026356080618,0.13592566963829014,0.0763149350001015,-0.2741901963252976,-0.03542442442834065,0.08188752835818491,-0.08339448924182845,-0.042836708225362015,0.05073216093101528,-0.10415568240501545,0.06001874311258735,0.010327955110479037,0.09777479530311374,-0.08496834899110203,0.09066405817256241,-0.02294408021130856,0.07610387744082618,-0.0564652823780899,0.04981038026278837,-0.12173434566341974,0.037845343521451025,0.1903228333241676,-0.28859268416462536,-0.04075423010702953,-0.005232507484237009,-0.12177303989473338,-0.010154766661999874,-0.06506826989196768,-0.21570288426703804,-0.12415104257113802,0.14361330426145705,0.13593075396825402,0.25842064978803503,0.0
results_s1/chengdu_tianfu_candidates.geojson,cand60,60,2.5,5.6,30.44822,104.03075,0.06053865076777857,-0.07277088799776217,0.17445644768601615,0.043477849303572666,0.12586597680713918,-0.0392302920251139,-0.08684090542317392,0.02625611506270399,-0.2380657051051264,0.13640073227750968,-0.014317908810939303,-0.0030800747638754173,-0.06831342350209321,-0.10437611518489576,-0.22287666849517854,-0.26465397496204407,0.07894172895171293,0.10511639310995813,-0.025575544898692154,0.07791759477822423,-0.1183804339638863,0.14630178334448324,-0.1106051948063284,-0.04681844239598758,-0.03226816822832045,0.21124100614406152,0.11132898871952247,-0.0790428226985081,0.13023150844366593,0.014288906781247593,0.01933952199472742,0.04266668621734155,-0.091719522178015,0.02285760728541933,0.1327438483670604,0.01842266237424617,-0.2818326893393399,-0.05591180760390334,0.03874856618928982,-0.1398421286495502,0.018413920429626078,0.020240886308898046,-0.11910266103013731,0.046865827645963455,0.021789238313562272,0.20034275056175474,-0.06321168327383035,0.1266573183020065,0.05956180129793787,0.06667456304459868,-0.0963810705827367,0.06785579526952218,-0.10142347171981793,0.02252913639694154,0.19050270877218697,-0.3384288683170404,-0.05542759883237088,-0.0464978532224356,-0.08686755020006716,-0.11213898714412214,-0.10092201925305075,-0.24499951952470905,-0.015789088715987613,0.07646275644441301,0.02258400081492536,-0.12215713561875588,0.1444983498677741,0.07400070876148218,0.0703949827944229,0.017224327245198453,-0.22242110743319862,0.05734163944171222,-0.11420390317543068,0.12578001159276878,0.052332442339547515,-0.020669435683989483,-0.12601428273349377,-0.06021586674642488,-0.13725011666531436,-0.1982646615119386,-0.03728225655233228,0.06303398795457625,-0.11797956875187555,0.046298912533911024,-0.1939819071385169,0.12031781797979295,-0.06393496721719476,-0.05958954566090273,-0.10071137853597095,0.2293291633118765,0.09934875227187118,-0.08968262017558366,0.1406308926118283,0.09650009878966063,0.010023710445962805,0.005738708967212609,-0.10582276426377867,-0.012440357982077977,0.09396733390612251,0.11424916452770584,-0.22772942675577365,-0.047616412190910104,0.044974488448426456,-0.014843445797459581,0.01998766695950176,0.07382714042826864,-0.08917884566144067,0.09074259169623825,-0.01269017435958078,0.13807807226518112,-0.007210784294206342,0.10669297069696848,0.004511385115341686,0.04864858339056331,-0.05845564473794925,0.04680975519048799,-0.05690437288174465,0.01561164906646936,0.19398291580543914,-0.30865411342805277,-0.09453020015810329,-0.006635205657226998,-0.18552619905191983,-0.040517805602749715,-0.11779867399684942,-0.26032917032740877,0.03648365938465563,0.09225140237998126,0.1681608727009321,0.23715098413565094,0.023809523809523808
results_s1/chengdu_tianfu_candidates.geojson,cand61,61,2.4,6.8,30.40519,104.12175,0.08119709313913265,-0.07375902289005333,0.2419201925097484,0.03764893137770205,0.10248127332286312,-0.054439504185385616,-0.09329962037108365,0.014955782742491834,-0.1699314683602102,0.04324841335096189,-0.0031568105162083364,0.0460910400204304,-0.09650762428248602,-0.06668170439461563,-0.18458308122850034,-0.1867648779407354,0.05372964964197009,0.12885490203065578,0.009744590248639202,0.022475289534081625,-0.09576833989513349,0.2035145368371756,-0.07551803599810723,0.014022018232598828,-0.04622254922048817,0.17789928138986844,0.10721886053331818,-0.11355716015281576,0.19325225243637292,0.008073785621543868,0.06259584429222953,0.06203718871625402,-0.11860681829813823,0.019050415900919514,0.16223023437845255,0.011193072388018374,-0.2746784400016699,-0.011966043186479315,0.03802334439223301,-0.1570932649012603,-0.061209296183395705,0.010177963565895128,-0.10517244389804989,0.022186046990978366,0.024689039846101185,0.19137978210945675,-0.11589003285878417,0.1719131281593892,0.05530214238014561,0.0762408474984545,-0.07665152098736708,0.04636885718822368,-0.11825983121509376,0.024627094636127965,0.19857643820283002,-0.36595261354936176,-0.020938056711490936,-0.11034758832665104,-0.07729161031099598,-0.10063021998493922,-0.0834420508241247,-0.175832205171848,-0.0049661422292233345,0.044054545127420144,0.03810387759729411,-0.10549470305580363,0.21648880601682016,0.0332642963272295,0.062230745634140786,-0.0016794283876891414,-0.18405213461587122,-0.0022028935824469284,-0.11123239050082388,0.07259916749723208,0.0354620015694153,0.028933962120895284,-0.13719579789276398,-0.048455706727146726,-0.1494902116474016,-0.16763989261614418,-0.0188404298925952,0.12477384193536588,-0.07779506172802464,0.021616292129214766,-0.1743833607200716,0.1851022676740085,-0.057648915950995375,-0.025850885856711102,-0.12236893871027046,0.19940410209394122,0.08649751651679012,-0.09386359164760051,0.16560814600452062,0.07872158921027464,0.060675262295387535,0.01265693934985349,-0.10018512466402982,-0.01930618050344963,0.11330356330699497,0.0935626237959105,-0.2580262670808281,-0.018651318730244074,0.028608766383368987,-0.04228023781072333,-0.025039013099351335,0.05672653884185923,-0.11687275151473264,0.04328377803297718,0.0032035997709050964,0.14894732214246476,-0.036086874776502825,0.12028738292121352,0.025066045002644123,0.046978656510115166,-0.03806416202814555,0.05912028229111937,-0.08387860619302386,0.005105303423479987,0.191606834238421,-0.3318584238634548,-0.067813748628348,-0.05144756269545233,-0.15107986874861679,-0.061779601550788765,-0.11731378746232074,-0.21659082482426759,0.02082426059937369,0.038063075885308,0.1391736338797814,0.2398842701343645,0.0
results_s1/chengdu_tianfu_candidates.geojson,cand62,62,2.4,5.8,30.44633,104.06255,0.07872014354198623,-0.1308734032134111,0.17719247102842473,0.01333851170433345,0.0425392787400638,0.02869030925404785,-0.20576030091530656,-0.023883482183568783,-0.07757381587706981,0.10269628337364452,0.08736213809184849,-0.004395372815479472,-0.1774235984287806,-0.06680191599727006,-0.13927013737626137,-0.2318938746769979,-0.011989146648310547,0.08522457972170588,-0.1304457714369267,0.048997059305335794,-0.21693535122217536,0.15642189925833938,-0.08069414471200759,-0.04953394242036897,-0.1538426291935833,0.22679775989368425,0.0706230063516044,-0.0542229545678944,0.18997755061655153,0.07255943221145071,0.0859945621518338,-0.011912529660767819,-0.11617231518291954,-0.019586115765081277,0.12075604495909752,0.15289319414296632,-0.22430209510354876,-0.028936804182581977,0.07063744378402062,-0.007856893175708632,-0.030478584545076317,0.08716659453536625,-0.09133961301592221,0.08372167065867683,-0.0031139131293351245,0.1168008280924671,-0.06742657166283106,0.07597865695568487,-0.0324462705603883,0.09668694582667015,-0.08390343874278988,0.07398329430701793,-0.05557010471118642,0.0380299342802155,0.21348219893072518,-0.30144139426103,-0.0880765410157567,-0.022753471694155467,-0.18289615899777584,-0.041700896564832356,-0.09614587029800632,-0.2582134312810759,-0.05080445043839494,0.13999690806003398,0.06612934930058069,-0.09319126013366781,0.17604114663779244,0.011261359587431886,0.06451808226138808,0.01845761177406408,-0.14528127020030232,-0.0013861641681536942,-0.11073462032986316,0.07107810142894791,0.08855037158515135,0.02823765541460083,-0.13243728600429244,-0.07049100634282682,-0.1391155104267547,-0.2137721055506363,0.026213738412731245,0.05535399246078972,-0.11124043768494261,0.043425362599823505,-0.16247672022398238,0.13194702107027192,-0.08641026916353556,-0.017915147816321832,-0.09816551747234133,0.19796533453242168,0.08638818711308963,-0.07566858688477444,0.1871325799717636,0.06284035563054068,0.06977786690165613,0.02887078420639133,-0.10261081290194266,0.005937515518033312,0.13030459227866484,0.10204367069500042,-0.23698606427189375,-0.024793965883145478,0.06408884940616762,-0.04199618022446599,-0.04083147880364569,0.053361114314985136,-0.07172155650384923,0.06706162446643851,0.014568422864859711,0.14481455673425672,-0.06257116521524186,0.10725237326960536,-0.0013029035456026982,0.0967983283512403,-0.11477699414804393,0.053151128762806976,-0.08500915435002507,0.04210060667367035,0.21390972116833348,-0.3071885957226328,-0.07191446907291067,-0.06966789484805669,-0.13674954810966478,-0.06951787972531918,-0.1233713954061932,-0.22622257669971393,-0.017605926610842596,0.1258323282005442,0.09148625000000003,0.376486722742012,0.0
results_s1/chengdu_tianfu_candidates.geojson,cand63,63,2.4,6.3,30.41489,104.09776,0.10328020081721699,-0.16078247241669116,0.17847670395107432,0.011133405197464303,0.10705469106247151,-0.07142104333753566,-0.14175116010836622,-0.0656803817628282,-0.16162231878615568,0.05451326301154296,0.0809886962080774,0.05170943029514586,-0.15334283325733397,-0.08902056062963265,-0.21259900317856278,-0.24492943512334245,0.06027186267803976,0.13143522057705895,-0.060222485425998944,0.11217985814937012,-0.09852684119703514,0.15263114365673308,-0.03751877911447297,-0.02591608884775981,-0.10203402313957961,0.1883688295199521,0.06693192689752597,-0.04855397186234277,0.16287611596166057,0.029123995243332167,0.09584683998998599,0.012631154833114278,-0.08729328165374678,-0.04072842902550897,0.14234842871257036,0.033712458535625836,-0.34912185776043214,-0.027202160618009168,0.0673601275895675,-0.1068875231351091,-0.0989315239889845,-0.03133489020323131,-0.09005625631465544,0.05948353942580219,0.025130506603005986,0.16755210987723865,-0.07431882471410814,0.11325977877471095,0.059888646920236384,0.048415312089268005,-0.06365275430737731,0.05266364457319635,-0.10683368650697855,0.03360678026340494,0.20876584810850937,-0.34756696608191834,-0.05458354568457571,-0.0672434992578883,-0.08416376360165591,-0.07841408548143379,-0.06105467318026157,-0.17324419331115942,-0.04043583974857612,0.029780789253685953,0.056695300224108174,-0.17430850475862153,0.19825870878594584,0.02568497858579892,0.06803578617251299,-0.02902373467739007,-0.18931112834185482,-0.031224890210740472,-0.11455435809485952,0.041629595290967915,0.10575232487225804,0.01504995795983867,-0.14826256147164454,-0.06318525890917095,-0.15764043375817563,-0.1885016668603218,0.03066157541267436,0.11540605976179506,-0.09234498002743605,0.03225915446759667,-0.123281491273073,0.144476782972595,-0.05391059710460211,-0.042577901493086906,-0.1471095570062964,0.20635824145304701,0.08711090956506284,-0.053371963526733984,0.14471520596715115,0.08272611997407742,0.0944091539929708,-0.009886799877977623,-0.10001151893879383,-0.03401519464420482,0.10890995205310855,0.07397371856078257,-0.3007241934576642,-2.6095460384843824e-05,0.06289746546364466,-0.006886316987209117,-0.055631441488022244,0.01634755660195011,-0.08505737620555377,0.05262652650671687,0.007662276324572827,0.13486336872124594,-0.055139461494751796,0.15258340969746928,0.03993634947209039,0.02255376440449782,-0.04481920517025957,0.062291174254997125,-0.1079944578040802,0.026790718526750617,0.2134253150195044,-0.3194296433731028,-0.06414318314080711,-0.050697388821139486,-0.11406726262936168,-0.03545144276250416,-0.0708373841272104,-0.1907092462333971,0.0003701642582941976,0.0595278481540111,0.11645579096045201,0.18796617767024626,0.0
results_s1/chengdu_tianfu_candidates.geojson,cand64,64,2.3,7.0,30.39441,104.07486,0.1538397711027734,-0.08682228167423232,0.17378911810196304,-0.015856790253895303,0.10626012895803438,-0.05321889310531374,-0.0012176425726704342,-0.0389358146092344,-0.19049595750089687,0.06288918880429484,0.004796927502228746,0.038459077688851324,-0.12846543237361804,-0.09160944026365725,-0.22387120352306975,-0.2597915937317401,0.08995960365885614,0.08494590691637631,-0.0032591776420192353,0.09801679889637839,-0.03534855802321927,0.16970013630358585,-0.12584443446589832,-0.0352620800852397,-0.00739583844314555,0.14864630400381482,0.08622159835345602,-0.08222950069116106,0.15232337868540619,-0.026697555437881392,0.13610125065842332,0.07354743883283989,-0.1011571060595071,0.020399633784562058,0.15403298594296772,0.027530238558527733,-0.32219549257611546,-0.058170105142291414,0.07719909477536463,-0.17410923097972414,-0.09712752316413267,0.00827900406283353,-0.07756456950888922,0.016898679044536034,0.03919812738746148,0.1821372508490499,-0.13781285642032093,0.11083321838439508,0.02662433750629426,0.10644524077155684,-0.10378844028755549,0.06600415828657462,-0.1539347238171823,0.02756952943328707,0.2036725354213929,-0.3160653111217045,-0.011903810169480163,-0.06144051913036832,-0.01763793558135723,-0.07333889560414292,-0.04531878030861101,-0.1461771029820899,-0.1182715732603474,0.08890844348516237,0.0731917940171277,-0.13895744996620027,0.1534702929982428,0.039569992742480194,0.05243584132993105,-0.009905775202940822,-0.1510106399613852,-0.002483047389063809,-0.09182164840438482,0.061207008131359486,0.053901320663916674,-0.00811524422617436,-0.17807860937276174,-0.0977424522899219,-0.13694420915785774,-0.19897956762305885,0.011398537211334268,0.07806553694986307,-0.10083248486107653,0.052698031995256904,-0.1522093726150738,0.13654498945434285,-0.09464356856974303,-0.06183648419721632,-0.08373479970951234,0.22630602088316604,0.09573629650310386,-0.09767701273640396,0.14881708930800985,0.09622704940725865,0.07562286082962809,0.019383391829396097,-0.12165195339879707,0.01231174349762306,0.12064458555263184,0.09897306668581848,-0.2409170419943001,-0.04189709487643507,0.06496349615792768,-0.04238471635491369,-0.030007056090395764,0.07203510133004051,-0.09080573654786986,0.07886682436034274,0.035741095945504675,0.11322812935023747,-0.03757225533293987,0.09805374486790908,0.005688805539465006,0.06769610509735297,-0.06980559333778599,0.038090603819043174,-0.12798643835860443,0.058253288404420706,0.20253294030399613,-0.3085362105096171,-0.0456412034517194,-0.025425223629421387,-0.11262087388611294,-0.017682253590495304,-0.08841002988983526,-0.20603759512914885,-0.04423183039463248,0.09951379302865569,0.13027697368421054,0.2747015989824561,0.0
results_s1/chengdu_tianfu_candidates.geojson,cand65,65,2.2,7.4,30.36539,104.03901,0.05776234316743748,-0.08181629965787543,0.17192604980116627,-0.006420244394143058,0.08799167013264003,0.047678298971058006,-0.15462639061532357,-0.01688233695445645,-0.07622784552914781,0.08876148713536414,0.049907642359776135,-0.024103288538194406,-0.15415107869738098,-0.0483233783241567,-0.15274721055759496,-0.252820178140982,-0.07273908546002579,0.044776388156164235,-0.11855465025293528,0.0484002124224502,-0.15771762053659288,0.13787708273983731,-0.0986658650593287,-0.08836309597596786,-0.13916478979952915,0.2194003365597681,0.0814817603318109,-0.13898987306806385,0.17782662340992197,0.08699498217917513,0.08652195138272466,-0.01585301163160552,-0.14499908508787593,-0.0042118755820847766,0.14136512157201694,0.1585643303429431,-0.22377930988212555,0.011952981571330347,0.049891699668760406,-0.015751454201847277,-0.062048341220551986,0.056173388296200874,-0.11587533608147672,0.06643130930101257,-0.02636112637711833,0.1218605376202903,-0.07181977113481514,0.07311451165244072,-0.045796379331145345,0.05415050597095257,-0.038286636648323866,0.0598764088515411,-0.07603343862728762,0.023072386557841655,0.2013164048819426,-0.31535763821458584,-0.09969616321340413,-0.011761775507838258,-0.2231387424531544,-0.08767367452837646,-0.1044497045121251,-0.2609893214825439,-0.045863202772499105,0.1195687065983484,0.04096201757282868,-0.06475061386478785,0.16381794477532374,0.022949363444978423,0.07493346604414695,0.042503880370937615,-0.18306825550054445,0.029184133740851024,-0.05468955808242003,0.11274234941154913,0.024926203894863844,-0.025169728937266045,-0.16750919099551126,-0.013492648236828794,-0.13366236803057058,-0.1978868589182159,-0.07728939582406368,0.02760052442769143,-0.13534147041840822,0.027427942877707053,-0.18169641796604027,0.11687479905535007,-0.06647540080159495,-0.09320079964658193,-0.1233361724211154,0.22319547506961612,0.05939179392559514,-0.11530506631320246,0.15537063322610986,0.08975618296591774,0.0701280490316911,-0.014934029883702208,-0.09851534638558748,-0.0017279724366051539,0.08439482138067174,0.16023021420777495,-0.20948450195880475,-0.0036331917714011344,0.03127803310652939,-0.03503047011800034,-0.01201510605381896,0.09142417836905319,-0.11547290439762152,0.08203879349988676,-0.04016878644625455,0.09423801148234148,-0.030693169722562787,0.06578602258947018,-0.05863893472640025,0.07188599897807119,-0.05883032663719734,0.015475457451373516,-0.04049336556871278,0.021631508318271757,0.2113778346313989,-0.2797521155067109,-0.10696299744075256,0.02186168875712171,-0.25195230130019325,-0.04623954576711378,-0.0983974348043955,-0.2834371887457222,-0.018283983713711444,0.10803681896074628,0.10411324440192746,0.35125947440784555,0.0
results_s1/chengdu_tianfu_candidates.geojson,cand66,66,2.2,11.4,30.37932,104.12175,0.1044217621190073,0.03647515265149116,0.15092935622585113,-0.05200352016274254,0.09714596810135524,0.036256804173547895,0.05795838387243336,-0.03911528588884041,-0.13325906444002533,0.07598884247607146,-0.028762278747751138,-0.043040258961440175,-0.17786991302033947,-0.06684332885975826,-0.18751687792814076,-0.29607720431883766,0.02229001484343674,0.0505909661175252,-0.042026407928835344,0.06189208607656006,-0.0826439765149187,0.1598762967742603,-0.15844218124310042,-0.07531532415390943,0.0015412633146857518,0.1753795697793163,0.0888216133632019,-0.1336903975779804,0.1522363081839032,0.011452377388614479,0.16456872625815272,0.07636098634434561,-0.07355671860122581,0.05305475021421034,0.16645499291369498,0.10735161419754252,-0.2908206487704098,0.012687072933249537,0.07206499303807734,-0.18818038136773452,-0.04424433686062359,0.020824745005521044,-0.1136711476488016,0.04977557355327502,0.007569937519487163,0.14743475477303625,-0.15348205000705065,0.07756641707723351,0.0020578641075748765,0.10744023598562807,-0.07481654498849882,0.0696515628653297,-0.0872540815957177,0.05027520243241734,0.212496292634701,-0.2984879008730671,-0.044743451439349366,-0.05032425942486959,-0.08490204044497603,-0.10325562785110061,-0.08752978854566323,-0.2256519435594424,-0.15099269064508505,0.17169545421321752,-0.027794161334727507,0.004485223056735569,0.13221937497757885,0.06074334203801196,0.04387893224078624,0.04395268226125475,-0.21863175841624732,0.0834663818513812,0.0008711753355903836,0.10826085451584344,0.045187596826418854,-0.021853354907108363,-0.1892714993749478,-0.010475801959884101,-0.11182191661422455,-0.16074457015434115,-0.1090646223562326,0.059466075944207525,-0.1720861296980695,-0.01473925161140183,-0.24094635733927358,0.1597076654669449,-0.04713635876383035,-0.07851669105349508,-0.1008886598057658,0.20441038820373494,0.07091284650658908,-0.13298462522617963,0.13424138763255092,0.14159709615772073,0.04640526946743758,0.04364384615711298,-0.06602576015141341,0.02356648391036977,0.06790309602261156,0.1565500472764411,-0.21565659456879036,0.007561467908876318,0.026859466506116113,-0.038420343542945073,0.060358547782890834,0.11051893775630475,-0.08120646797605806,0.11205060044433494,-0.03543196788199051,0.07451291940930044,0.006498362053000459,0.05918405421192298,-0.012713915434723866,0.05947858736597542,-0.03639054494670425,0.028601484451156598,-0.01469954618515826,0.022569912063440778,0.17202022598825573,-0.2767800761151126,-0.10715278158759406,-0.006980047036299866,-0.21968100559797818,-0.057969139116255675,-0.18899714722594677,-0.2906135232287122,0.013417767346161487,0.11305830045272022,0.14140022727272736,0.28142955565550953,0.0
results_s1/chengdu_tianfu_candidates.geojson,cand67,67,2.2,9.7,30.43555,104.08016,0.183645706640359,-0.12310315527679483,0.13152687024973905,-0.03791834183781338,0.12030786870673625,-0.057308839844228306,0.09674735875427917,-0.011274566543519047,-0.22786290498149586,0.050217779843448294,0.07372257954201959,0.006318110954789157,-0.11026675467065522,-0.10000347560586631,-0.21714195210263165,-0.278660955276243,0.15283345573373894,0.018399004092618437,-0.03713658540962726,0.07171353828793278,-0.0002849256576843922,0.03833707657551633,-0.1432238531452121,-0.026821738605318352,0.09392113321650916,0.16326935725488728,0.10014729599504689,-0.031084100967712167,0.10926506229431673,-0.02325632146330479,0.07878070410942385,0.06731419920473083,-0.1426055067577559,0.066869880320651,0.16649135073796914,-0.01571983083150117,-0.27305428973878176,-0.06666084396188204,0.10497441183820554,-0.1797947353405045,-0.07268749565069163,-0.03230161750451151,-0.023103260725154406,0.02619953462356733,0.014934954249204017,0.1812319001120512,-0.18221224862306964,0.0795778769481192,0.008766968238500164,0.12863680306272324,-0.17312835429224233,0.07684740131421484,-0.1363264661660383,0.06198929168416427,0.23448370999173146,-0.2742084394931204,-0.009784040712005481,-0.0593489681127303,0.004820579441529426,-0.08306853609149933,-0.01861395114619399,-0.10585870317861514,-0.12642082883039163,0.1647761598437911,0.12102828753573887,-0.15309748305978516,0.15272011074765832,-0.020841773379787206,0.07452244402251758,-0.06560094533902283,-0.010509626295954682,0.006399398315390718,-0.19446045232019693,0.08721645969449134,0.020192315766871253,0.023772051514119017,-0.06840821864339867,-0.10384031104921108,-0.1746824362844711,-0.23642281832840104,0.1064982262426225,0.08388273980066592,-0.043141605416050194,0.055795369996268315,-0.05404628959377915,0.11614993086119998,-0.1473769412437859,-2.6402295169835008e-05,0.0025123507145025756,0.1861445616213944,0.09434448524045927,-0.06944500282146465,0.19551080007300609,0.030556248481255037,0.022989252956258685,0.03731724605250212,-0.1501082047955628,0.031211765696844012,0.1616028730798882,-0.002983334629699166,-0.23826258507481005,-0.08340271688382261,0.10261615993284745,-0.14438883355307447,-0.07943730119097867,-0.00019246013974017813,-0.06842279688604004,-0.005454331914335937,0.009195874942512474,0.18148261485833383,-0.12737235345416933,0.1440649110242386,0.0029817136384649697,0.10278298470489072,-0.11332581708102762,0.059708210258666246,-0.14627038535296977,0.02287754209974783,0.2106250291255178,-0.28769526270330714,-0.0060401098797130395,-0.06074807688291005,-0.05667022206213094,-0.07175677156807952,-0.04691098774065069,-0.15870766975739858,-0.042134764299118395,0.12844035858547212,0.13883688271604935,0.13063594521771882,0.009259259259259259
results_s1/chengdu_tianfu_candidates.geojson,cand68,68,2.2,7.5,30.45154,104.03183,0.007228473812351051,-0.021714325713370522,0.15522302999675755,0.020570105708927987,0.07509295237446871,0.052553266991958475,-0.21126484958854128,0.05876623127139172,-0.09963327228111432,0.1112043001011136,0.04463269649628341,0.016276157471958094,-0.17792378501065464,-0.004407691270405478,-0.09589986423627343,-0.21629553987137579,-0.06226954742369672,0.06744027081175884,-0.17556550440522975,0.011268802316056724,-0.18722600169933773,0.13170449259670933,-0.019552082517812708,-0.03256413193039786,-0.09546244581561007,0.20871570133027503,0.09198060747612577,-0.07791276576153153,0.1411784787218397,0.14410338257223174,0.07080300923289351,0.0003561211286499861,0.014982363632951792,-0.02110692255357998,0.07111461068191267,0.1296594724547138,-0.23762254995786572,-0.05032184233689914,0.10147303547356498,-0.037908331249528145,0.04539596601499205,0.1007204992753595,-0.11274387664571518,0.07896937081302445,-0.0008955605566880092,0.09525761060205168,0.07491125119518775,0.0775721231814709,-0.008213439605216017,0.06987247251886446,-0.03600613716631297,0.017522323074029414,-0.07146131676413636,-0.0293928895766537,0.23252725586640274,-0.3190624138712039,-0.15182414796369684,-0.0042919401033654665,-0.24514818564936824,-0.06271487548882144,-0.18894298106770246,-0.2956856914807501,0.05098565757254807,0.09358627926655298,-0.0013737211417472464,-0.07996402531989165,0.16895230462499145,0.031593534517612404,0.04233720216383778,0.05235300492307807,-0.25479397292397826,0.05493613120789148,-0.06891774470183741,0.10450253414584275,0.09024363538889478,-0.013471735231808089,-0.15686907905381958,-0.014987590661573628,-0.10592155740489899,-0.17953475411875533,-0.07628132644690408,0.08412112429511513,-0.16432577053608072,-0.01572212197696223,-0.21803562035894314,0.14612364953758428,-0.039632730952451116,-0.05370222825634939,-0.1472895130453793,0.1946535280778626,0.0791817771366182,-0.07364920347746884,0.12462302345454944,0.13611283226616971,0.05467739885674762,-0.01304379502886957,-0.05549805221884683,-0.030473281256859396,0.05301793927686165,0.14752447840856703,-0.21525411842269493,-0.028720625671995466,0.07331500315090683,0.04401597654531669,0.042757000844686074,0.10474278992357579,-0.08683789069425957,0.06802043515371954,-0.03751058052046659,0.11191845566568562,0.035813705812693365,0.09484106573840116,0.007218758742199397,0.04321707419556379,-0.027225708436955716,0.06875924377102956,-0.04667176144392212,-0.01147457496732772,0.19370444739632622,-0.2839512894270773,-0.12536072425685407,-0.01078846197940181,-0.22639583960960952,-0.03190209921914986,-0.15395411028617698,-0.2807023125135775,0.04794288243135969,0.10029584379347802,0.10771679140946494,0.4256434978612084,0.0
results_s1/chengdu_tianfu_candidates.geojson,cand69,69,2.1,7.1,30.37033,104.04027,0.04249586818847735,-0.030806490404228296,0.1673620521445289,-0.007421162932635588,0.0994791487261015,0.0515658939334395,-0.16181103311693368,0.004005059191329562,-0.1120721086762434,0.13736225655559384,0.007177096819877478,-0.005934470424916093,-0.16776185922241396,-0.03030842345153289,-0.17112612291995574,-0.2350086913138889,-0.051385061772150284,0.053715096330199386,-0.11644813796020746,0.03356753110883077,-0.17239128554747726,0.15239920970838644,-0.10005317692707136,-0.048554623336273,-0.11958866343920811,0.2007715053631,0.04347352193591046,-0.12199109515516773,0.17976634452531082,0.05669458921814443,0.07573546105335015,0.005738163123034877,-0.07749965223912407,0.006468952597353561,0.1471254880925662,0.13739663674962224,-0.22615515540604555,0.016592789013572647,0.036766664210239657,-0.07590507261956413,-0.06167227609065268,0.05788829672575756,-0.11921215013779579,0.08708031010241764,-0.012218959681856717,0.15913958945103315,-0.05891473238765435,0.09801026828410671,-0.022689113866851796,0.08108646332972068,-0.04425928226278368,0.03489567051424198,-0.0597496631847251,0.008145749492038506,0.2100249881170782,-0.3335315428810913,-0.10049068229722954,-0.028371255080095435,-0.20374399306637664,-0.08953506266491996,-0.13417459842747445,-0.284201468524033,-0.014128848086343796,0.10328391722043719,0.0299498743519851,-0.024072754118413645,0.16193832577535652,0.035180328342658086,0.07266728576679365,0.047474714642931626,-0.22560001492365012,0.055757380850390885,-0.046063295437817266,0.13701656717884966,0.019810693805237464,0.0076408429379385325,-0.18267869500989586,-0.010584572422837007,-0.12302939349015442,-0.18765524050409316,-0.08765154263714238,0.05590528302617056,-0.14257150818638722,0.003023539596039123,-0.20886475688961145,0.12086562784903747,-0.04465879244577628,-0.07859300937678211,-0.11722629930466397,0.22149585358004892,0.04166602339414885,-0.11113649365796947,0.16584449764347375,0.11382015978951118,0.04379674329141045,0.00281571777969615,-0.059060258132848306,-0.001968620699220256,0.0833305674598609,0.1578626396876059,-0.18703755527127058,-0.015531921483227398,0.02750038193700491,-0.04253029175488518,0.011746013866564313,0.1003251952384091,-0.12082711946800777,0.10325179511728107,-0.03861229284611643,0.09825556250139533,2.020398904241313e-05,0.06897446075668812,-0.0275645067214575,0.07873983197619566,-0.05022751661837864,0.007752900143646142,-0.021991618865485837,0.00910394588647776,0.20981559492218504,-0.3028104742261057,-0.12205397139972389,0.010455294568930958,-0.2379124242614042,-0.05540598125458032,-0.1408366736333552,-0.30026337028394173,0.02206044343492339,0.08714500846258838,0.10495230314714982,0.35256952218743454,0.0
results_s1/chengdu_tianfu_candidates.geojson,cand70,70,2.1,9.6,30.43339,104.01916,0.11235741857048448,-0.0709119261766507,0.159195421810934,-0.09628767451208407,0.08763897437315651,-0.020303231225878345,0.02895672215021203,-0.06644712927461276,-0.21278269749886264,0.1413090538284373,-0.03758219745539806,-0.016852927130600114,-0.1068020266069816,-0.036373374749184305,-0.18412732832127088,-0.2948166233479451,0.07997360877835302,0.07093235196259225,-0.02150099462047525,0.04996989469752415,-0.033206791301463125,0.16406790756738251,-0.14826927168067408,-0.064438270546721,-0.05348611888260659,0.15124398068105302,0.04054357326700541,-0.0645035397601405,0.19312925879478826,0.014003069070712117,0.160573385779863,0.004535563646465803,-0.0700329832655456,-0.05836108243885403,0.13361614191591373,0.04004670876097946,-0.35093404829171065,-0.029230738314678168,0.09828838192113319,-0.1313668220756249,-0.053003917252730404,0.012476012507790915,-0.1351565735695197,-0.028189914345680404,-0.048331230992135536,0.165162530799434,-0.08334651724653942,0.11073801857131199,0.014548612426001877,0.047990194114279155,-0.04417029000366485,0.08720945462198268,-0.12852615170856532,0.01885517932351491,0.22288174297153465,-0.27571904425018373,-0.047187576934749696,-0.04937129234631354,-0.0837587566487206,-0.08481018180175125,-0.03081363336709405,-0.25580158159120475,-0.08020704154318042,0.10606763970940258,0.04479178242847667,-0.07128226846183992,0.14546615624533882,-0.014950203032691218,0.07641853599732895,0.05408733231387788,-0.12340975961224775,-0.00568157216688404,-0.08993289595452707,0.13477611127357517,0.008772531882403393,-0.0028525474769458253,-0.15354561876008474,-0.009041943126058698,-0.09761497159895653,-0.2123452520865123,-0.05583565740609234,0.03492528007661217,-0.12714609460799978,0.013858638459350033,-0.15628940851986844,0.11688618862288999,-0.10887221058534872,-0.05036895344029431,-0.11797399645297812,0.2234290471063926,0.04525470225699009,-0.075678611455689,0.17833065078385418,0.0778469235712954,0.0858487175016273,-0.03253575227340322,-0.07701641752130078,-0.04159192361068898,0.128737344049862,0.14308687736738332,-0.22845797120293615,-0.015608999966966302,0.07413770162590688,-0.011603488550707931,-0.013968908804940778,0.07834913116018599,-0.12024071527275644,0.05131883433198439,-0.03639776912534812,0.11658726633494,-0.013335472343705926,0.08577161637979784,-0.04623893951612335,0.06645640712351514,-0.04229941885108036,0.054652958064395775,-0.08011993680478234,0.0002721733789870228,0.23987401556472907,-0.2655620348631294,-0.10603883168261578,-0.0016761113673482576,-0.21516359867691692,-0.061935626654631634,-0.09771379487661944,-0.2755831702347282,-0.011869594223374535,0.11489150254449715,0.1736023199311171,0.051974667209816416,0.0
results_s1/chengdu_tianfu_candidates.geojson,cand71,71,2.1,6.3,30.44382,104.05177,0.06287325294568727,-0.06568325379338723,0.17871836993595333,0.06678250129564019,0.12001624734849387,-0.023940011337113206,-0.10136292266812354,0.06422385812939306,-0.23289277238783088,0.07593106565931433,-0.015191064153843989,0.06109172015066433,-0.047102755890501766,-0.0804082226610151,-0.2386554613868511,-0.2512238956963242,0.04117089001366238,0.10054939052891587,-0.05428185783975067,0.16303263728374054,-0.126306803399123,0.17077845523942084,-0.14915309753310957,0.011884478754643673,-0.00120147703675959,0.14284236706299092,0.14950225492360725,-0.08695781457102549,0.12517854696418,-0.08650302567413444,0.06962034915459746,0.14751928796560823,-0.11353733992332717,0.06225523643215823,0.1405912057350878,0.06361793565385242,-0.22902240930274534,-0.12474147457605586,0.019017332879178464,-0.07473290400895014,-0.09931553610454388,0.06222117761016504,-0.00042513196955598203,0.007583623778777986,0.04129361796498122,0.24203991507359854,-0.13739074063134513,0.10995739295554405,-0.01150575660846307,0.06565973884977881,-0.12540472502612576,0.06803386833391215,-0.027079631978144714,-0.0024738033501043835,0.1415941869294174,-0.2955755847348663,0.011044873210211557,-0.0870478746543738,-0.16053669877172888,-0.12030308273676629,-0.14982654831267925,-0.11534574215147915,-0.06675447832031965,0.04924762933812514,0.04539409726533921,-0.13439206215980445,0.1634763975376384,0.049785569912517806,0.04932947200794878,-0.003389566225796148,-0.18852576252492562,0.04324169432736973,-0.11165514035246402,0.08455392349975782,0.08355755123767925,0.026331489822572,-0.09203403191650625,-0.07027973783869017,-0.13813515107990101,-0.17984755826925933,0.024882955390286794,0.07469813791335513,-0.13084495465912344,0.04960892324194538,-0.1573199501547945,0.11298224307181803,-0.07711624456306132,-0.030886153861820843,-0.10229470259838112,0.21033138077838553,0.10867755101825692,-0.08881487006876387,0.1845037274175868,0.09925013007640153,0.01516402807930515,0.01998455684731194,-0.11538347229743645,0.0030046541813942883,0.11887707804877352,0.06383313938450062,-0.22182706600369492,-0.05101350088152789,0.06059049916221041,-0.021111185580149128,-0.05919220481682853,0.05310393330088823,-0.053905598719268866,0.051087925767789866,-0.0017282079722758814,0.14668894779743832,-0.061588793912003156,0.15207797353378005,-0.003215354136861973,0.051994126255476864,-0.07070284081427743,0.04351843838260889,-0.0712668995640958,0.02759911565164688,0.18995779153796596,-0.3066918899884425,-0.043100184603332814,-0.042862529031721754,-0.16433136215278316,-0.04300868176913311,-0.1320466841653231,-0.2073646154610976,0.010222033857399096,0.10401859076585357,0.0943595135145253,0.3311957661502508,0.0
results_s1/chengdu_tianfu_candidates.geojson,cand72,72,2.1,6.1,30.44867,104.10001,0.05324836889330529,-0.019678988741342402,0.13890601161432267,-0.019539882896694314,0.055885520325064886,0.06953503345652873,-0.1201847545757525,-0.08074000840504461,-0.14817291699123836,0.15738858004932182,0.12231105245908652,-0.004008064304264357,-0.16221299116161117,-0.025783555700440008,-0.16098094114679556,-0.23269301486680463,0.01591348407427336,0.036404929039341796,-0.12487733269444515,0.03917697733474555,-0.17816462418846155,0.13400406531845566,-0.10501083063747864,-0.05860448853819867,-0.17734568551953955,0.18103482804352297,0.01777213601160123,-0.04019915923370085,0.1086485018204384,0.07289275573308265,0.15487473472396243,-0.015715041931397195,-0.00452032270832706,-0.08004394852062924,0.120134956213907,0.17275732366971416,-0.28791481770959476,-0.04358923508420974,0.05003218512394387,0.04507455850604916,0.007966031400653115,0.09528685561870252,-0.10055949388190438,-0.00021299063793241136,-0.06494052990184077,0.11301235489187997,0.013303122652991667,0.07311535971714365,-0.009348872977781617,0.03926160662034726,-0.04410771339583439,0.12157954161522619,-0.05572423563625446,0.014703981573488935,0.23009642829244495,-0.29169730912017167,-0.09356525111925434,-0.032193018227076715,-0.15435685969030508,-0.1115475429209319,-0.1614173485182727,-0.2950832346417011,-0.05924638746731917,0.13746362147449614,-0.006770117915611303,-0.060396285554779786,0.14014639290260764,0.03271681409643988,0.041821482484730096,0.06448139162698761,-0.23624755431635489,0.03197954391718436,-0.05031412055937839,0.14070050125050487,0.09612475081279964,-0.006150467158901087,-0.15388928156840812,-0.016908627231926886,-0.10842754625181275,-0.17839912255945026,-0.07889923093878552,0.07417410363585243,-0.15679750303539178,-0.004220908983181648,-0.2351900943070079,0.14457378245230695,-0.07047914840390371,-0.06863223496465301,-0.14307494939571153,0.21536800914267887,0.06476480181121484,-0.08939104087401904,0.1254155955581975,0.12085274412334902,0.05448814671302021,0.0030957096497534007,-0.06757920829102489,-0.03325947683183128,0.06631493779349407,0.16564433134297302,-0.20438610665995469,-0.0206681183446817,0.0722321093352343,0.05502874183253992,0.05905969708243718,0.11607067148686191,-0.09426707680227234,0.042595893195038245,-0.03982784060239665,0.08596583109020155,0.044083023962204745,0.08716433250458681,-0.012319877266684917,0.05252938192828312,-0.022440434893903793,0.09109686838482395,-0.026854553798401678,0.01270299212704611,0.19730021911716505,-0.26427335383555184,-0.10890093792972473,-0.02863118420685758,-0.22165215949254893,-0.08297071904049283,-0.1628839737193921,-0.2574992888182839,0.02554684575038856,0.1186222320453992,0.17731522435897423,0.08795566431450477,0.0
results_s1/chengdu_tianfu_candidates.geojson,cand73,73,2.0,8.7,30.41435,104.12076,0.09728534501178504,-0.11421351158375376,0.11483887528015355,0.01350360694793831,0.11587540598084052,-0.013236660928905988,-0.07208125109203882,-0.0761271199960392,-0.19175522892844288,0.06826141241121904,0.0993900006837113,0.008287685434846027,-0.13479810513313467,-0.08183752104289455,-0.22580292158635334,-0.28032737037581335,0.06916188125551039,0.004397627949836376,-0.10365457894869658,0.13079241435032196,-0.12330949285478082,0.07956625148890564,-0.13628083679620426,-0.0668497070825587,-0.06619493419737671,0.18749524995321865,0.10773173196458363,-0.03753426724971606,0.09066526815844946,-0.024241367010347268,0.1602899284967268,0.05783527239256936,-0.08982794314770705,-0.0054792825450264895,0.15560191100349866,0.12465594471212221,-0.3163696514984933,-0.03994505511297696,0.06757186263638534,0.005380992984493901,-0.07414021564235286,0.0305516372701392,-0.0367420773103655,0.051606344735593675,0.016655296801846756,0.15457899375342898,-0.10975763248346194,0.08454776011218106,-0.0157216912763422,0.05700760421379188,-0.10937187334174918,0.06851777391651198,-0.05716178660123297,0.07665138314436096,0.21475011576375305,-0.30643694038605507,-0.03426682394644942,-0.06269453099984346,-0.10879342463629049,-0.0971144364101824,-0.07230210641568265,-0.17681410083282675,-0.12286378646972984,0.1347359253062489,0.046343929175094535,-0.12152358186323281,0.16214141141488678,0.028036814526659893,0.06063357439134503,0.007789585980312474,-0.1550955710872057,-0.016014064786300564,-0.10825748516463407,0.09439633858245362,0.07737154442253215,-0.0019096487246927656,-0.13502089482025878,-0.06828530554828288,-0.1412684445821826,-0.1984505702906275,0.00500571595827282,0.07596189166048174,-0.12162049702733059,0.04439228103818959,-0.17206852482947113,0.13849598639671115,-0.08964642275815335,-0.051115684860366856,-0.10930282964500426,0.22700523957145258,0.09329516674051452,-0.0674198578132422,0.15431311796402336,0.08382288610477907,0.06671957228448544,-0.0008556683580417533,-0.1058493361153081,-0.02189138577019045,0.12414730561501544,0.10629270108998848,-0.2509846836115208,-0.026674804719000092,0.06591544912568585,0.005175281874841109,-0.022396955529126922,0.06509972636115498,-0.08540096609905758,0.05315446558011807,-0.008045844535932236,0.13007437506726144,-0.04679619598896892,0.12319000831781067,0.008971522274742084,0.043535201527582196,-0.05725032094855794,0.07041560525820378,-0.06845366132569233,0.034985852586722016,0.21929777963709726,-0.3098789723058222,-0.06774160572499911,-0.03333798804335493,-0.15182770446662922,-0.059998908631781055,-0.10796474427783617,-0.21932303939619355,-0.005638880632599633,0.10049982934154104,0.15732949999999998,0.1286618873380547,0.01
results_s1/chengdu_tianfu_candidates.geojson,cand74,74,2.0,8.8,30.40088,104.12166,0.1394889039922835,-0.05473482773090151,0.14346356403882105,-0.020635293915010715,0.1295753502259019,-0.055057352110105436,0.054928221056119976,0.003741119571702248,-0.2515033504258832,0.11420007358144657,-0.06229489879266995,0.025431254408541302,-0.08663965070107194,-0.09229205017995415,-0.21549512485796027,-0.27177410576278715,0.11070832247875105,0.10936874536087256,0.035508130267704094,0.06170808352509104,-0.006189874894596346,0.1530241476657106,-0.16362012751101132,-0.03536831399003541,0.06363485882335122,0.17999757919451673,0.11540188314489991,-0.10130925817998786,0.18117740620911632,-0.027179164708212675,0.057441529328578954,0.1008970874852165,-0.09570505540453036,0.04996267211576739,0.16795649481690297,-0.033636480438108136,-0.28050763407070783,-0.06437897019829134,0.09282772003602946,-0.22427409401512005,-0.028254344728325716,-0.013890284896034194,-0.09161648858164331,-0.025223411016244104,0.012476411514502402,0.17728717144810685,-0.13865980274505507,0.14734857497480716,0.039258884149120155,0.11070200022503118,-0.08264244351892044,0.05108212188683989,-0.1319566681757833,0.025050658647578175,0.20569883743864942,-0.30561358029602,0.006379713000216315,-0.08178692967325989,-0.014246083559294676,-0.12116058145378952,-0.01979546272435577,-0.13844534921568996,-0.05003343831467776,0.1011481049947604,0.046926384885675805,-0.1003263535127297,0.1628158784032442,0.0377403679116806,0.0596228512393095,-0.0029487824782497294,-0.16595998028307798,0.032623532234983994,-0.10180558210710977,0.08371321541446092,0.027428252214659308,-0.022470766124951615,-0.1629201144972408,-0.0648608733822702,-0.14602238670322176,-0.19551416956097808,0.004775389230468241,0.09135430192666238,-0.11263622872355704,0.021341945318017752,-0.1631012587018882,0.1401833069191131,-0.09422696198326078,-0.07354114955646748,-0.08352912255263795,0.24342885966282019,0.09318842245087347,-0.10177134155608634,0.15261992076287617,0.0996158618386133,0.05889578702868274,0.027743746461182228,-0.09261110404772203,0.006781325678377684,0.12585795792526275,0.0842351310457849,-0.24207422553419058,-0.015310973680564856,0.04595004019555702,-0.058818354520026796,0.00015086841872202932,0.0610018701421221,-0.09398805591012921,0.06285746192836951,0.006469747271655677,0.10361794486787118,-0.053463295267415833,0.1313497602863723,0.004681361004538908,0.0676237664361373,-0.044626049967645236,0.03635262994401257,-0.08244695874672714,0.04609037728376608,0.2124876264514387,-0.2997298416245875,-0.04559714213183431,-0.026919739123770995,-0.13811264497326536,-0.018617774821082088,-0.0862935751270674,-0.23413232343293955,-0.00754131907113908,0.09819070595300525,0.14696403061224494,0.21593626856387285,0.0
results_s1/chengdu_tianfu_candidates.geojson,cand75,75,1.9,8.1,30.39153,104.07908,0.1934024592224756,-0.14359370770210997,0.09018104352952082,-0.022506879117460493,0.11407923384890553,-0.07969038555900329,0.06958129098069404,-0.04164185376790041,-0.20291132049287308,0.07634861518323839,-0.016026403177146722,-0.002936032068867062,-0.11681855718887868,-0.13119050903302992,-0.20801720278991223,-0.2667144658591872,0.11053067277901532,0.0346269777681067,0.0018291960799686835,0.11046560818609741,-0.0077054361134764725,0.10923617863051024,-0.1783610587377195,-0.05880617177270547,0.05777661780672954,0.19164486549995935,0.10507238568729901,-0.0751173632153056,0.15226548634721065,-0.0380833812345474,0.10255012507422766,0.05788011797045315,-0.14571534226622837,0.049296497125018754,0.18449061967749744,-0.011437750572962806,-0.2792932310378626,-0.08633621467346607,0.1289539758426945,-0.18601210478703284,-0.08186209453596342,-0.008889626798182228,-0.060245505776026935,0.011693743605310208,0.036616565700271025,0.14067170988537112,-0.14114188947544298,0.09888644176924373,-0.0334862706245997,0.11662829398585761,-0.10773009178725132,0.026067565378693522,-0.1641181571665737,0.06680212333399162,0.20574173090879827,-0.25829117257839623,0.032247418749967685,-0.036707513020674994,-0.016418199470578033,-0.06320858613365019,0.024133192068425437,-0.09814512244053437,-0.14675469589122883,0.15061396149539,0.1842337431978004,-0.1590286137176979,0.11830608433685263,-0.051783626696894416,0.06703973454451258,-0.042144396738374626,0.0476700455000177,-0.06179788309762652,-0.1513870767858399,0.055536653316807745,-0.00781897985605227,-0.029314941567006987,-0.15820230878991987,-0.129089584780448,-0.1525872058439369,-0.2656953465147257,0.08781439608201932,0.041462738990996804,-0.033706124016536804,0.07331287120868123,-0.013125221974306133,0.11560426109927921,-0.18528384650855964,-0.06841535274326604,0.01973563725201573,0.20762018021782125,0.10050853913705123,-0.0949227401664269,0.1722229967233074,0.05579550046966122,0.10770164418014497,0.01963110620045114,-0.15085858058273632,0.03989340638099226,0.1650893124253945,0.029517337537626955,-0.2611783726907371,-0.0758305329339688,0.12362948712306795,-0.1448179171303622,-0.08194037194709453,0.018777161453379876,-0.10419227737931612,0.02827212456118944,0.035679781702402276,0.09610411074452267,-0.12359641809743623,0.08941859103624888,-0.04152134042482896,0.10166798563147329,-0.07293114936139466,0.023484963349502053,-0.1884259771089586,0.050022185820744816,0.2116745595727587,-0.26014295256323877,-0.0015872363097080952,-0.02250946224181407,-0.0397011132917103,-0.008896443294211508,0.02232880585223393,-0.1275352715608781,-0.15154341290785855,0.1618219623339157,0.1421071180555555,0.11273828022588184,0.0
results_s1/chengdu_tianfu_candidates.geojson,cand76,76,1.9,7.5,30.38767,104.08312,0.19652163255163874,-0.14901398687499742,0.11888344820540607,-0.07323041455268933,0.07118595300216576,-0.033069407776082534,0.09026820906479642,-0.06564339611012793,-0.14911084585508108,0.0340335477602706,-0.050974522423847535,-0.03123664792964034,-0.1622894670016887,-0.14590686885940332,-0.14976265175530876,-0.28311339303969857,0.04848737119954003,0.022819825330721032,-0.021524277425384163,0.1067396553991551,0.011344466539796578,0.14588623535029932,-0.21049485902228982,-0.07275886815335823,0.0695154493469293,0.19648802134234933,0.11836088544083999,-0.11811763811446836,0.16610920973688073,0.025305626516435028,0.1253034519201085,0.06814382690660452,-0.18580642375195855,0.0750341527620378,0.1557202127470756,0.02726668195592362,-0.26382218566217086,-0.0848665341504561,0.1308906187830618,-0.19042095349340668,-0.07603710845212205,0.03183711043665084,-0.09527958586517982,0.03100150922016264,0.058950748887091634,0.0992382875417293,-0.12519816288537067,0.04187744808046454,-0.04587784163208763,0.10737015975875956,-0.06819986049601201,0.017806223622013794,-0.19491207908598754,0.03221400040333452,0.1671693561923098,-0.2419262591031525,0.0042873871596236166,-0.025396048355978626,-0.04906745175743299,0.0026076233017779285,0.02365431968326921,-0.09808782266586227,-0.19224850325302004,0.1551767649134194,0.1642256162412957,-0.15147932240396944,0.11692159216600582,-0.050059137902766435,0.04754634937979617,-0.018708156612296644,0.006768469583807878,-0.060946514687077874,-0.09328953480777186,0.04653265895210402,0.005169261122415975,-0.05429084095483558,-0.19870270018953856,-0.13390246098477912,-0.1412169232215209,-0.26439519125896643,0.04642227765371286,0.01428511026394621,-0.07578621683209824,0.07075671784666743,-0.04434962990926199,0.12572199222167546,-0.18118939216036256,-0.08222338781838723,-0.008243314667668776,0.2190542163295802,0.09772838665026369,-0.10161088794089289,0.1643346329966277,0.08073260689724925,0.12342386751878735,0.021702649989403848,-0.15198530227828166,0.05524270696216186,0.14097447409103792,0.06327438369359928,-0.25922911446209795,-0.05721145637665703,0.12047031171553677,-0.12802566420022435,-0.06581748126923301,0.04536923727429608,-0.09869298899823269,0.07085938293824655,0.043480584785253996,0.06982051256713123,-0.10694078073894557,0.055410110177390635,-0.059681594488757844,0.10059593414632932,-0.05832110499371162,0.012490234532995283,-0.17562879778089174,0.05252959172303704,0.19348708808641818,-0.24199091485238367,-0.02327347121151792,-0.0049467560943176545,-0.08235481002460306,0.023430520160332726,0.0010227946820638868,-0.15681269824839228,-0.16287957229139133,0.18431110898528896,0.11767216312056725,0.3178996276258455,0.0
results_s1/chengdu_tianfu_candidates.geojson,cand77,77,1.7,6.1,30.3989,104.12076,0.09477969145049632,-0.03506285575648212,0.1897440530869835,0.008345030173921584,0.13210052448859605,-0.06806237457813041,0.010980937203499873,-0.004728064353516688,-0.2655018377155782,0.11520547349808558,-0.00693563739919956,0.08354963159738775,-0.03342000133885815,-0.07862875489965479,-0.23827610972543486,-0.205315462511902,0.10506351959533498,0.1342574836650222,0.042857064594036,0.02933908064048849,-0.041251726155712,0.16643782813729197,-0.11009947939660826,0.010120115700823057,0.02724324495052725,0.1355305896244643,0.08990552664712047,-0.06753973634556847,0.15139729134182234,-0.06124044788298999,0.03528028743803065,0.12473414931007577,-0.06617893936999034,0.019905360338018367,0.16487105943509966,-0.029109154812950472,-0.2983363080301722,-0.06690315541473783,0.04224939629097159,-0.18720859955018282,-0.027658536946685065,-0.03326661962494921,-0.08156792028790767,-0.04192362331351741,0.013238964797114769,0.24281198224936845,-0.12270805722877894,0.16958288698905194,0.09402121293560585,0.10446983243729077,-0.09396453088045577,0.09773817105548005,-0.12336826243744016,0.002613336508579385,0.1791473821479896,-0.33764207514068845,0.008186471914515443,-0.11779364282758459,0.001821168521292666,-0.17362364753315374,-0.10363355200883928,-0.13660929561666507,0.010469429102779164,0.028367972444678112,0.04635876025415713,-0.11695155867511832,0.19481706450402164,0.02978744125150618,0.06498815313796531,-0.03199829097597192,-0.1657730050128813,0.017804397539970016,-0.12378434681284647,0.089908607342358,0.03882982465575136,0.01274117707695942,-0.13272979831652704,-0.055619493799284624,-0.17045691843463587,-0.17130039489353172,0.02627096188480256,0.11053912750640357,-0.08422433853780975,0.0011572002291917395,-0.14711004472303946,0.16077686637623334,-0.06865967145720468,-0.04866059658388797,-0.10677360880623127,0.2171412815124803,0.0736165178814234,-0.07126452801736431,0.1553595707505122,0.07684389035897869,0.057306598944151604,0.014184731288771868,-0.0876244326652871,-0.0097708876116756,0.12883585316184368,0.050161985120843744,-0.26500954032135565,-0.011991923944900137,0.040064953932170355,-0.06952963788467724,-0.02101632660716448,0.03454882447542947,-0.09337709511971995,0.04714609109362781,0.0007535026711221932,0.13915386155687334,-0.06734626199643116,0.16389494643496538,0.03364095030074254,0.05871040330086668,-0.04700449299088816,0.057448709598133314,-0.09913964197210155,0.025000018223851252,0.20811262290158988,-0.3244789105510754,-0.039186294857823885,-0.04055465637090306,-0.11706955175276708,-0.035885162538936984,-0.09512420454666803,-0.22334694621975726,0.008902382884629955,0.0627230713685659,0.1669572674418605,0.13254456700006634,0.0
results_s1/chengdu_tianfu_candidates.geojson,cand78,78,1.7,6.0,30.45307,104.08267,0.04884781641218061,-0.145440676662822,0.1991090638761569,0.08099435430623252,0.1296588021458612,-0.02591365147692693,-0.195579882181,-0.011042081518459024,-0.1720327449365716,0.04230404912805298,0.1447748030204047,0.07647861204173198,-0.0974973359150698,-0.06330186215814139,-0.2257743717709203,-0.2047915401436889,0.03927314710442722,0.09496433930719919,-0.06670260988417531,0.09078377660561009,-0.1676834822544896,0.1261318212981038,0.00012797592474037364,0.007082938588624562,-0.06661297841876065,0.19033554770910172,0.12126672243845793,-0.033705888549806884,0.11776712091437806,-0.03133544183870605,0.054245978386903496,0.04994106780723908,-0.1428176380253643,-0.015238374134457144,0.1598106796434271,0.05145721147153306,-0.27613277386982493,-0.050154097546521226,0.00781837911813364,-0.01943928350267796,-0.0824127362173197,-0.025420522011747,-0.017559206818646984,0.07335498396015502,0.025853826411827117,0.20640003002425075,-0.10387970399929133,0.11094558881352277,0.06092436044636634,0.05971660074859881,-0.13000824252961296,0.0842009805885364,-0.008373735588468767,0.03552536931355748,0.19118668354657975,-0.3586756086565851,-0.03738525852930923,-0.09896868060437766,-0.15451538773395898,-0.14522111699813348,-0.10289251501539837,-0.11904396990417992,-0.011999690331274833,0.022526019460776668,0.045453391175865804,-0.14396137372572393,0.19362240772236197,0.06237124600431865,0.09289611654902008,-0.034575083478263324,-0.17787314889426276,0.002071525255854343,-0.15006813670704675,0.06543380807489861,0.10739813655305772,0.06440119421981062,-0.08402802867184204,-0.06923271226204694,-0.18618838603564417,-0.16516412294125918,0.05362341162225079,0.10999259170248259,-0.059295387608508526,0.05617579487458328,-0.1436860069348438,0.12859980103409568,-0.0030483602696376308,-0.001443370778166517,-0.07142479561414498,0.2077658671381384,0.10245188926100171,-0.05838840490519446,0.15876009092762833,0.02881845827133529,0.014324585520170867,0.013211980717117454,-0.12515287973763203,-0.027744128047291018,0.1531478368352636,0.014505290649359305,-0.2728878097755842,-0.026289746253129864,0.03478280661049242,-0.06292327336684739,-0.06110345626604163,-0.016291085309017024,-0.06641108114632224,0.04759317730002852,0.01924092883890237,0.18648801916991117,-0.06920610381033664,0.16165882296395628,0.06833253445267069,0.06542430554450006,-0.0870653920184924,0.06500546863062832,-0.0687817805528224,0.03035502429108956,0.21171630350251505,-0.35146194737016984,-0.03577553533343794,-0.0847452444423396,-0.12425083001389722,-0.11999217808740141,-0.08743489230359164,-0.1556567830905783,0.022034311269056313,0.03233366670034906,0.09449505813953488,0.31793592030774714,0.0
results_s1/chengdu_tianfu_candidates.geojson,cand79,79,1.6,7.0,30.43834,104.08878,0.15196151651640805,-0.12808211117113297,0.15471901486371445,-0.053419733948202104,0.07011653056321189,-0.049461442754931244,0.01848525945411758,-0.023603183716426876,-0.18846642854192402,0.08223233478974279,-0.04447125765779431,-0.01415708614198705,-0.12087776192211547,-0.1007338263079062,-0.20274386827390914,-0.29251928037709735,0.08533876245735321,0.07480656633220337,-0.02168092855730478,0.08251601462045,-0.03645980247427244,0.16359773601673566,-0.16134887865620803,-0.04200803984383727,0.018119343869579793,0.19248863121779142,0.10054994671540762,-0.08857597961089625,0.20072141063647833,0.016463352103490522,0.09008308108654133,0.0409521875139994,-0.14435771770782782,0.056396495050159715,0.16446445449276528,-0.004069546894334564,-0.27956526923497654,-0.08219702425427496,0.11719513089755308,-0.21442579230562875,-0.0744764557032566,0.026107460747284594,-0.11426338716681596,-0.010555864044382446,0.027992276850408348,0.14008328814242624,-0.13063240279345972,0.09453202140210637,-0.032214568836147955,0.12616240073931165,-0.07924626629879858,0.042747334801439864,-0.14839345967373646,0.007105018290925811,0.18504205521506564,-0.283837408266474,-0.0018421004391435333,-0.03934836126091238,-0.09634033925949624,-0.047795671526404473,-0.018147162683180302,-0.16558006182416374,-0.1366657501039382,0.1375955867557,0.12569309204175305,-0.16361048582792667,0.1518863087216964,-0.0025825583610235114,0.06191262039194415,-0.026228844191858485,-0.06172312381400586,-0.030223488909149693,-0.13924510751433966,0.05866827056727786,0.040612666728459396,-0.018795131598911247,-0.14535708438060607,-0.10785045679663804,-0.1697297020035237,-0.25695672647414486,0.07326114230928361,0.049011895241374115,-0.07470352706939568,0.07202963687025635,-0.08999102525616616,0.10497288782432494,-0.13009178335394145,-0.05859112722446366,-0.04852649792761719,0.23012384800521696,0.10256606466903319,-0.07758383358040287,0.17481064920784942,0.06330089452890299,0.07240419755621795,0.00689528730630171,-0.15636895075780177,0.03252077549256565,0.1723432199549416,0.0458060125497376,-0.260704534512626,-0.05728272862997461,0.09047664979940932,-0.10406577394002305,-0.07078987770454775,0.04096951387221912,-0.09650747050138604,0.04268675309122076,0.0279956230694349,0.11023650521850847,-0.10715749997604958,0.10031957733019753,-0.03446346320141157,0.09483734936657366,-0.08481241432740819,0.0376412399120489,-0.1355121786292052,0.042227121657808064,0.21419472443781465,-0.29385597732926794,-0.024126186924609525,-0.022664295132421446,-0.11707093549237661,-0.023662520672882832,-0.03499361692898636,-0.1885603804948657,-0.11306910763244049,0.14293268585743446,0.10552784552845523,0.328653496513881,0.0
results_s1/chengdu_tianfu_candidates.geojson,cand80,80,1.6,8.1,30.40186,104.05339,0.09538360709415142,0.042839102084151405,0.17227124012687195,-0.02655278085269685,0.08009718578480242,0.04433025677220684,-0.09123151587579709,-0.020289906567005227,-0.15337425574162633,0.13811886434421314,0.0028840628948952037,0.026361218241972895,-0.15833154270939,-0.041384005484177776,-0.18330606599386867,-0.21460329578569348,0.0368193802231372,0.019623764064643154,-0.08641154367505698,0.05157556512523123,-0.13572890430392417,0.13330632680080945,-0.10534730566777849,0.0011100027252840493,-0.0783631134507223,0.1822500679486804,0.019278139143000958,-0.13262888976826076,0.20248741763728165,0.01146212301496527,0.08931881052679698,0.08054424626435981,0.003716110055218576,0.016326988248088148,0.1612732633284182,0.10813202365276134,-0.22192670437554227,-0.010630875220054754,0.07767382009621067,-0.12368284485485984,-0.09007212019395301,0.055745929948723065,-0.09334244987226839,0.07076692281122492,0.009954008364234062,0.15272775918152665,-0.1070632217860475,0.1309781666508837,-0.02689065248883101,0.14153533255391706,-0.09060152649097154,0.027456239853225605,-0.05901091282272089,0.045890609673170456,0.21425012720234046,-0.34421900557999335,-0.04545427075208776,-0.07210393972379511,-0.15419436552545193,-0.12934708947576914,-0.12364789358042667,-0.27148368736434403,-0.04571797748881486,0.138469618061424,0.007041063377483007,0.006216264630528649,0.14590931429139917,0.04399202427416725,0.035315324272541304,0.0428378620404831,-0.2789346410362947,0.11866990569858665,-0.012508806637040626,0.14025555140462564,0.03964723777956045,0.021962926322115887,-0.16398598011337248,0.010687849753771652,-0.11865648300148472,-0.13550536183459305,-0.07594013891724831,0.02177700155344012,-0.1632005405035352,-0.011755679392552077,-0.20412522628156574,0.1244834119696143,-0.021439636727469295,-0.07729179396133042,-0.11435321944421213,0.18056151925550296,0.04088017041694606,-0.09404468342921408,0.1247826177044613,0.12041153605927898,0.049011145924556125,0.05361318461445047,-0.014425783329998838,-0.011488620341076386,0.015272955553281176,0.14053666960273423,-0.19876045944512338,-0.03794800341797062,0.056961845660482964,-0.0024815438532417096,0.009105483784434265,0.13320191446352941,-0.05213433024985772,0.10255499097565732,-0.03822126843989546,0.10250005025506424,0.025371298041895692,0.11739940576772745,-0.0021729700897782996,0.06159960606839903,-0.045710279909546486,-0.013101500956871799,0.009241049350463396,0.012750923660834402,0.16605722221670327,-0.28001296023501215,-0.11141847556171405,-0.00246769867243825,-0.23046869318358326,-0.031981329446435204,-0.14588619124032262,-0.29603996459204546,0.03778699781692294,0.08588295687655423,0.10719436109607978,0.27952695307019093,0.0
results_s1/chengdu_tianfu_candidates.geojson,cand81,81,1.6,6.7,30.41633,104.12435,0.052849845877703576,-0.09238582208989393,0.1417749769766548,0.025960587609416774,0.1122540553499102,0.0060744497867546475,-0.16501590119631973,-0.046580303975215245,-0.16744605999034357,0.08646070552023818,0.09486775267562567,0.052238601208837374,-0.1376001543458241,-0.04464204286365709,-0.22133030509285342,-0.22983189325661868,0.027708841858676874,0.04276400009388158,-0.12917148089285874,0.10671927389286773,-0.1363022970816233,0.11092974359146307,-0.08507030502579509,-0.04699008319698149,-0.09016586308485999,0.17434687184267234,0.1015766297399033,-0.07187023047933265,0.10779645071662956,0.006140977195711849,0.13891595529000467,0.06418770061604215,-0.05425563066083706,-0.04196900454208131,0.10660131557182838,0.11750051690762942,-0.3292840969036956,-0.028475977486297765,0.06996632276941787,-0.011834563852900942,-0.07297948072297775,0.024056509459689037,-0.0496084243090761,0.06310688588020709,0.020033607378199796,0.17549446266194577,-0.07455451503446797,0.136044916199494,0.005213963435351341,0.04635337593769838,-0.08120362919449584,0.040819251093050075,-0.040932775184857335,0.06276942622694315,0.20718316915229384,-0.3255262287313466,-0.05694255284193022,-0.07490030109170893,-0.134013757007591,-0.11102836956716118,-0.10205703251432813,-0.17685163018695857,-0.022731292414366548,0.08594506641005696,0.008747106790982995,-0.0692811665494165,0.16048947848780312,0.06281316924498004,0.06574755105393192,0.011830441664327807,-0.2216108459554401,0.030710310371343707,-0.09250383632421717,0.12171477952347438,0.074557477177517,0.019942796162177544,-0.13945211386199183,-0.035646605148286555,-0.16925512747133808,-0.16270828510200014,-0.013422793222978516,0.06816204740513518,-0.1406831694006762,0.028259414262608484,-0.20290029696842313,0.14374122720458776,-0.04059962043168668,-0.05510429685588258,-0.1151945137342824,0.21186913123941142,0.07732692291224705,-0.061134116386532954,0.13500890473774924,0.07338644499942588,0.06047650169793663,0.02184046705250232,-0.06485812136266458,-0.024603289095577907,0.0950332930730139,0.10145319513031055,-0.2574194823704488,-0.020052147313151712,0.03680619507420769,-0.0020456934593344515,0.004273763372957301,0.07597048696568576,-0.05714411245107232,0.08140232564621837,-0.022468737492579893,0.138459240255593,-0.03249576001520082,0.13919665720601535,0.026495523765285387,0.0415168954536344,-0.06815431164760315,0.05120507581813799,-0.017202984227502487,0.04529070222594525,0.207185845441369,-0.3171936959888345,-0.07217388946485497,-0.024694516306975563,-0.17699025345871156,-0.06111564393841231,-0.14002449893305569,-0.2432508844946312,0.030838479488409717,0.08389486975423795,0.1256604166666667,0.19490222719792644,0.0
results_s1/chengdu_tianfu_candidates.geojson,cand82,82,1.6,5.9,30.42531,104.04863,0.11007784655167847,-0.00654813025824978,0.15979872886498195,-0.06421967361016599,0.05365089812050948,0.08072526448860877,-0.038507704489378465,-0.08516520386364533,-0.07952462786991692,0.07559773837134198,-0.007630897498181293,-0.013519767773101236,-0.1908847694394531,-0.06394252732787321,-0.12681917339380036,-0.27896248041997307,-0.0405848641751258,0.020092196070818146,-0.10913234353815367,0.08815260548943053,-0.1493521979098643,0.13734531765611085,-0.16600507173030868,-0.08080525496440313,-0.10211462160787045,0.1991245735157307,0.09367379225462626,-0.11336911755363983,0.15672541661327813,0.05005600080658205,0.17285739824418944,0.02407311008234883,-0.07842612012701221,0.03568798084849594,0.1235819520493683,0.2037324898167098,-0.23594696017647881,-0.04756263417205502,0.07560768724089958,-0.05046435426692411,-0.04269793310558637,0.1309987490923944,-0.14004557104705737,0.04335058565378459,0.015860708003437408,0.09417596849999596,-0.04755167672571833,-0.00816180002178498,-0.091253378409172,0.0876367031008044,-0.06805199716187611,0.011639682872449014,-0.0933953188976242,0.027577369590550994,0.20790493842565433,-0.2644916219503605,-0.0667694842243819,0.0037399619457834806,-0.2222966194273471,-0.07332329995007059,-0.112921692220014,-0.2513002842140029,-0.12971650715752506,0.1513179475783837,0.055374668669462196,-0.043630921955821064,0.1529856168479307,0.005366034398606316,0.05934555013117848,0.042097860124313005,-0.15943344465481188,0.010293059184462217,-0.08725323211489865,0.11074295194106346,0.024340808670897128,0.002644892668216242,-0.16315662896160094,-0.04681939610015647,-0.14074349319537618,-0.2348877319814055,-0.04643596817721009,0.04932281584135124,-0.14695173252299354,0.06923303819137204,-0.1822822023233732,0.12285232425074641,-0.09193772765689058,-0.07528267166920828,-0.1059415661324446,0.22513970660665425,0.07755727523296302,-0.08791067509224462,0.15655303461230707,0.0865864140620259,0.08695143572053851,0.021383215518891382,-0.07017551597379193,0.010307908358302975,0.10155080871737437,0.15187857682177122,-0.21345922808959522,-0.05520128039402002,0.064874354931992,-0.01581326543137135,-0.005491252702115662,0.11234344481282627,-0.11265995506911736,0.07179901785086466,-0.00240679005683097,0.1000422647204284,-0.016645061061858826,0.053160806162808064,-0.05375212860695923,0.07104671428290964,-0.05838044631780476,0.022860996828382125,-0.046428254650769545,0.020486673299740247,0.19838827471786152,-0.28502151054538843,-0.08380514493060008,0.004156437342929387,-0.23156628286109573,-0.055973549463885997,-0.13507926990122782,-0.2614245599287695,-0.04413368964339345,0.11609069627046698,0.11819045685795693,0.3079451590629042,0.0
results_s1/chengdu_tianfu_candidates.geojson,cand83,83,1.6,5.7,30.44256,104.07701,0.06698317015459557,-0.10533178093926544,0.16947173214135838,-0.015058870453161925,0.07753009579008774,-0.04454140343629887,-0.10126614243341268,-0.05044592226326653,-0.1984612640951056,0.12402742916643454,-0.005991338937090475,0.029489423512401903,-0.10510136298132286,-0.06647180741487424,-0.20692560756131553,-0.26323702931882514,0.07656434356396778,0.13941636351270636,-0.045409006818328136,0.06535720634984479,-0.13533658364095624,0.1749313020935673,-0.09384267388286917,-0.029223823914158592,-0.08844851787285145,0.23062229970227172,0.05132366452702747,-0.046691430117199076,0.19766730586310863,0.056352276144035277,0.10069913594662316,0.011000787229701403,-0.09569154784553657,-0.05255245788977472,0.1586792305007728,0.036436018279593765,-0.3328250066719708,-0.03684898359107182,0.07898407567125058,-0.08628711218253675,-0.03276191377956425,0.003018998672309249,-0.12208591431415985,-0.0017707542978873253,0.005933430001844829,0.1517855366757288,-0.06126917851177136,0.12330607426549313,0.04094925908655381,0.03756855371365871,-0.047386725578317766,0.08879135172939853,-0.08123589616612013,0.01776847402707585,0.19593530555531122,-0.3288210952422251,-0.03754773129952394,-0.07119848704422693,-0.10693419349036316,-0.10004727009212845,-0.09185200081613809,-0.24237154867787464,-0.048113066127713884,0.09400822254929196,0.0516629693626357,-0.14560355606188777,0.15390032480701113,0.0019097726268166402,0.03932502258598985,0.00969099541662749,-0.1444273739560871,-0.02868939339413783,-0.11749482060644077,0.10032054701736913,0.05801701489802809,-0.005343186101649233,-0.15088089406544855,-0.061605332256283216,-0.133143212650201,-0.22365638615980812,0.01541796785238698,0.08255369201160564,-0.11524862081430955,0.03666003492073619,-0.1525412393377076,0.13287357289267687,-0.10186737836167332,-0.04167905485444687,-0.1268208718337229,0.22898948405175293,0.05895341569897974,-0.06027233230475211,0.17197897628522657,0.11927672816498526,0.0728878117311895,-0.022595058823342534,-0.10729685506695988,-0.04012810088337828,0.12280584488052244,0.10339581292449293,-0.2617576666252863,-0.04854646949998618,0.07961260249683666,-0.0014594871804933284,-0.030641039779110455,0.05113427958482044,-0.11302688258163622,0.029638366124586094,-0.018829638395060858,0.11380540578366748,-0.02447836783807628,0.10308397448901846,-0.015136608345739285,0.04394984882200353,-0.04413180283884527,0.07313900473599647,-0.09925451197428062,0.009438118124988848,0.21119542131098776,-0.29742714111069696,-0.07231808297108111,-0.028524407707579528,-0.14788039110311255,-0.044102198620157226,-0.09287403667484184,-0.24972061084681021,-0.023603098939885745,0.12978886103433074,0.14277040598290602,0.1498902896597365,0.0
results_s1/chengdu_tianfu_candidates.geojson,cand84,84,1.6,5.9,30.44328,104.05437,0.14979107898510083,-0.10902538393333593,0.18721687556813002,-0.03630764271977318,0.10831803074427354,-0.050869917449113226,-0.03121268427173152,-0.032116360286698536,-0.17167285543448946,0.0527288353287798,0.031913568686664284,0.06311824799006444,-0.09740996540351003,-0.08383214257334592,-0.2032666750738386,-0.2728765781078641,0.07550529128127394,0.10197067461130446,-0.022252999174784405,0.10125167148403205,-0.04439599287932093,0.15199508194409023,-0.1040044365288547,-0.0024211342336269296,-0.006068053682446036,0.17034547750711432,0.09361979724191702,-0.09858424621673784,0.220466536592914,-0.008441127382200788,0.0995235535579445,0.0734675603965225,-0.13919050665500282,0.02697645558939373,0.17468381282842257,-0.004039674030762705,-0.32631958453488186,-0.05252220603632148,0.10631023330181344,-0.1912635630236939,-0.12846051973918773,-0.018420077332016116,-0.07953177080038372,0.019810064948894316,0.028664517949940453,0.1789348643882672,-0.1499214488043032,0.11350382854508591,0.00773901121882626,0.12126003396665039,-0.10600727066750298,0.03802924718244528,-0.11670272673074276,0.015165479537683752,0.17856207195170537,-0.3179307519963892,-0.007668463594920671,-0.09277071477580016,-0.09414935410714784,-0.09307711289896192,-0.06943634102003016,-0.12700440873770508,-0.09503285849570567,0.08202388279229274,0.10428168240215915,-0.14959431486083574,0.16920053554027736,0.0036791702267042373,0.049892043824577244,-0.01940706134002063,-0.11677212055193562,0.0019012102681089367,-0.10961544994983556,0.06197394816444326,0.0806457390643433,0.02405542476057691,-0.11667108675641233,-0.08241168525403308,-0.141901728878018,-0.20867604580752921,0.048787623817049035,0.0565439925192046,-0.10740108578357839,0.05553042619857982,-0.10712308150769968,0.10905262889044642,-0.0994208390446364,-0.02730787875871914,-0.07678458192486727,0.19242433231002515,0.09544990146571915,-0.08885203224239635,0.20659131457917151,0.0886380070464963,0.05089073820250293,0.0130121507515406,-0.13681076003344758,0.025108524703006573,0.14078793502570397,0.04916845262487792,-0.25178078738096643,-0.04752103063560193,0.08632649049070557,-0.07497037041806365,-0.10010938398101095,0.04059422445379314,-0.0672778475397275,0.056890947675207325,0.0035373448840371273,0.13732739715579345,-0.09595176370453938,0.13067658914670968,-0.021464041759490744,0.08403386182107182,-0.09228030130029334,0.02998874166966138,-0.11003086075994453,0.032128665079615606,0.19692716986007766,-0.2996946925192601,-0.03963725495001016,-0.04470038158563434,-0.1382710579141415,-0.027965629029350327,-0.09888499520368609,-0.18933644475789585,-0.04753968126600035,0.13203697480455934,0.0947517548076923,0.2558671268280405,0.0
results_s1/chengdu_tianfu_candidates.geojson,cand85,85,1.5,6.2,30.41848,104.1239,0.03232833916740431,-0.058261181410548694,0.14644711783482206,0.08827831480289336,0.13369870320449195,-0.0005153848475094503,-0.19786190798708914,-0.017876121549851125,-0.1732578033493379,0.09721070775551449,0.13369992981232617,0.09799698852409182,-0.13598123597364167,-0.024773974455263182,-0.25264442119757163,-0.2126372739018088,0.009658030676931056,0.061698480235687525,-0.12108969437068033,0.105784975926075,-0.1765657774737803,0.12370976223366684,-0.0374831488112801,0.0030545832103931387,-0.08528711005606072,0.1314766206870345,0.10157097728512295,-0.050411220974938095,0.09299567250520818,-0.042006353213880174,0.11180516997040499,0.08908661024829449,-0.04541987149396923,-0.038027055783553726,0.09525147416467729,0.13704005279722464,-0.269421130513309,-0.04297137505252899,0.04205672795794102,0.024912310113283802,-0.056461747717783,0.024917311543860586,0.011690575740099966,0.06989740082079342,-0.0073625305115206105,0.21743367655999932,-0.07090266042577542,0.13542913671396514,0.029155370139391828,0.05081334437559793,-0.11479267533506787,0.06704577789848268,0.032990173725669016,0.07247096934989226,0.20356189312250217,-0.3526271564827483,-0.08385812869379401,-0.09883246772261119,-0.1503920367166475,-0.15531843745250046,-0.14576337477535475,-0.1528307370599859,0.03037426906467101,0.049999100301315234,-0.001346753417387632,-0.04292392866131344,0.16975466639636522,0.05844379655117506,0.07507440138861728,0.03501416172781089,-0.22648569167340765,0.03796378321853154,-0.08798678796080166,0.12397089594628186,0.08016107097804778,0.04379761537649383,-0.13998308539465718,-0.007785126287560841,-0.1678371562990672,-0.14664010850565865,-0.03633715366499932,0.07448010645031271,-0.15152566988375513,0.016217686264422153,-0.2090221931040598,0.14183334431686015,-0.029300277965346618,-0.036094895208698546,-0.11025112263143969,0.1897928028799892,0.07247055655702447,-0.06329561053097398,0.1288131579554403,0.06645103397874062,0.05296498126008946,0.030758724416528545,-0.06414412295351683,-0.018296658351734673,0.07530097482856822,0.11825413326339994,-0.23418775424472668,-0.02240728569901298,0.03781082854248203,0.010905728629484997,0.009111610524501027,0.07759296961759868,-0.04737299710800444,0.0816277495075116,-0.027430892779682227,0.1499634829691844,-0.01823269975162483,0.13305148547580695,0.01471382859517153,0.04098649340147666,-0.07300315416411442,0.04801785306611281,0.006464409931096335,0.03197828274020544,0.20547156827245824,-0.31501438932860415,-0.09556082097336789,-0.02893597731440616,-0.18602571174985835,-0.08267114129187413,-0.168425242894359,-0.23308327145937427,0.05541274097017189,0.07441741861240345,0.1327081140350877,0.1996955914901691,0.0
results_s1/chengdu_tianfu_candidates.geojson,cand86,86,1.4,5.8,30.38974,104.07728,0.22171771587445538,-0.13934781675979274,0.12639660304574862,-0.077530321014301,0.08624692485386112,-0.06934069621462313,0.14507512769115036,-0.017656154114592,-0.1818900875722239,0.0500697114648883,-0.02465397714242111,0.024963527295865713,-0.11130730833469947,-0.11121773900399859,-0.1402305351617272,-0.22799704165456042,0.12977771740338104,0.0566000829309422,0.012039535167457193,0.044336924911160897,0.059966109279614654,0.1022900483847683,-0.18112420201329038,-0.020722253876853836,0.11969979390249343,0.15870681675853496,0.09587747407499651,-0.1089431923046123,0.21280723475340346,0.01943249185120339,0.03127079859534493,0.04427240815999103,-0.15608728628406907,0.07402424004077507,0.18378695328852498,-0.05716409160081738,-0.22865726922410942,-0.09291864228603187,0.1504088869993939,-0.25340330614109646,-0.0924128725481112,-0.037691850476657275,-0.08817897822203273,-0.021610456286491046,0.014719258356438416,0.13796325854594707,-0.1695970665869501,0.1428246468971264,-0.02163100035204422,0.16508974891658013,-0.08807587216895446,0.027872678782634136,-0.21031528152846732,0.03385152733946945,0.23354270391487428,-0.2453864024280572,0.013453520309485866,-0.053772917638841185,0.027046907971390935,-0.03891048810882932,0.060479034501591894,-0.05551338292139687,-0.08446275242122993,0.16119178220607208,0.18290360155723503,-0.16331165490673744,0.12984972590070773,-0.0542904810713415,0.05436540970507538,-0.02549347844959535,0.039162378649079864,-0.06127550162995774,-0.10645503444873519,0.039388610804803936,-0.010223866160196413,-0.047745459172159006,-0.1853147467325043,-0.12390567782977448,-0.12852792939588803,-0.25526691406371715,0.05744701740824167,0.03655745064563792,-0.04413786385970283,0.06138385800587767,-0.02358975397554733,0.12627815703731346,-0.1868101740146078,-0.07177876745438394,0.007343986977843904,0.21224820782864998,0.0976890838714991,-0.10543380525299802,0.17474407393032979,0.06979194707370875,0.11235068187119349,0.009020879085049786,-0.1681371334915533,0.05177907553266488,0.1592796521077314,0.05023874972391727,-0.2455917889415035,-0.063213858435076,0.12057710590109988,-0.13153905043357156,-0.07262058811967706,0.037106808561334456,-0.11205001969072179,0.03782355422536094,0.038884273210104396,0.07408564651408278,-0.1207809472334242,0.07563187945578122,-0.05622045660875171,0.1083412194676013,-0.06340325517082616,0.02369155332812389,-0.188229481962923,0.046992731610162625,0.20711087277345022,-0.24818609498165672,-0.013846143461377275,-0.0038506306017135014,-0.07080239522563875,0.024570716676186384,0.02378897428055222,-0.13116325203478205,-0.16312403893262914,0.17430986637870008,0.12373071428571435,0.15828836342245647,0.0
results_s1/chengdu_tianfu_candidates.geojson,cand87,87,1.4,7.5,30.41166,104.12022,0.15050349386205492,-0.1720982296156509,0.14279392649611286,-0.021689327266382206,0.09228572764869106,-0.03256778156656592,-0.014909453831536442,-0.06487855566519889,-0.16521007515157515,0.0803946738727342,0.02668058252539092,-0.00861484986293892,-0.13176782158164563,-0.11646302323358103,-0.16520729756852848,-0.2534581247744654,0.08586354767004199,0.05183212514408797,-0.05157410891611494,0.09523870360782263,-0.06759234092652304,0.13905236006013022,-0.1639582542401541,-0.051353469902257524,-0.042300292844297094,0.21307080702584616,0.10158052928256105,-0.08659356579453979,0.19083439090716,0.0367101666490448,0.09268805524372363,0.004737969864132107,-0.13756340788621912,0.022701309190995056,0.19664256575461556,0.05531298998257267,-0.27796718504986884,-0.036872672023364104,0.10501355765809373,-0.09947378563436979,-0.11549222722096351,0.022576116760761135,-0.10115815223243878,0.03441382361725912,0.020236327188524635,0.11478920809787012,-0.135119394679706,0.1301337253246309,-0.027175939592039698,0.08627272142047107,-0.0684129155236469,0.03819401075272536,-0.14170099786557133,0.048917241752452344,0.22706649192204312,-0.28973713732273476,-0.02043140349643634,-0.04671663871094995,-0.09346223526205248,-0.034116890488793496,-0.023246841590827155,-0.16981856325954128,-0.10770324165807316,0.14809054822929596,0.09813865263185513,-0.1602434443407802,0.15055076913142507,0.015452386007454702,0.08909062609222977,-0.022115894827553925,-0.11117619439882709,-0.01831431593150735,-0.14838088115711198,0.0757990569340023,0.04991647124924235,-0.017504224065056823,-0.13720650742407292,-0.08984249008568083,-0.1704658263218722,-0.2342788351281929,0.06129947370283155,0.08023625268154819,-0.07990685343308523,0.06653572965550053,-0.11112626390400306,0.114817257340695,-0.10713238219768098,-0.06544010467116626,-0.06714023587835893,0.2421926394873808,0.11224146519786929,-0.07806822366516386,0.15486121928173419,0.07210354449064368,0.07157672442293783,1.6815002916279794e-05,-0.12643482772845188,-0.005298741676729898,0.15948273758653006,0.053787666752493225,-0.2762077826511616,-0.028370311458152133,0.0805880917653482,-0.04976104061952584,-0.051591989421948585,0.01825431348214555,-0.0929421316378647,0.04961918313843578,0.015226177082047564,0.11738556857709992,-0.09192897233008078,0.13768565276186312,-0.0009328857361265779,0.054559113250579536,-0.054747518166597064,0.04451107704178715,-0.10010826202897509,0.046339429775924285,0.2266418903164672,-0.308471364898177,-0.030553859312522642,-0.03298258998154378,-0.115769212669714,-0.04016584983041669,-0.041371999177578715,-0.1813595657675497,-0.04998854058288268,0.11467421371114518,0.12895428571428574,0.16364029537171282,0.0
results_s1/chengdu_tianfu_candidates.geojson,cand88,88,1.4,8.0,30.44328,104.09857,0.043809015867908536,-0.14297770018600525,0.16798662337950715,0.016554983951658483,0.0699808408652237,0.05739650275614187,-0.22775730030906843,-0.0061723361310222795,-0.1256574261792351,0.13601008190289213,0.10690571244986252,-0.016803791550736365,-0.17264667966286965,-0.012348306059601823,-0.15378313658176962,-0.20075164585751976,-0.04265211080764295,0.12859271064678948,-0.11865668196297137,-0.019210231388553396,-0.17968002750625547,0.15554991911937538,-0.06121167178009858,-0.08567758384024252,-0.18771312774306675,0.19796683021548755,0.06647212023987535,-0.06721563823352752,0.1208339020743231,0.12415860618586311,0.09268587216657713,-0.03233657791514147,-0.07806417185935224,-0.07345191356030745,0.10206976193039839,0.13307194849336362,-0.26002282784583824,-0.030448396932471554,0.07016916989511846,0.08261649344680504,-0.014046099512146623,0.07895894353410975,-0.1037297817640621,0.01749894735783675,-0.03453069895579295,0.1100032469559265,-0.017645924832900468,0.12173484924977167,0.020067469649341335,0.005396686540830016,0.02335593075004123,0.1182365244695487,-0.08663197381543021,-0.022948451048403658,0.20357706171576426,-0.3256369920032713,-0.08565067251090798,-0.014494053741380042,-0.18304958848848693,-0.06213584062571703,-0.11208566712654738,-0.2463707816980058,0.018482016682231123,0.08749648805057378,0.00822252960830687,-0.1256010958482623,0.14823853604355494,0.06393796137743243,0.048060945836634915,0.03656839601450052,-0.2801633746148756,0.04409382549147008,-0.05629631950223014,0.13003000986383834,0.10079714870683831,-0.020074134096293217,-0.17061553134500368,-0.0339088234445248,-0.12597950522393464,-0.17104865315874104,-0.06522873724188427,0.06738373461429281,-0.1593773674256829,-0.005426090255614468,-0.20716234167675926,0.13781361097852182,-0.053521793313566775,-0.08883944145723273,-0.16519875855656885,0.2132575986682576,0.07949220188261341,-0.07282621783343987,0.11854562401024904,0.13419494267886953,0.05071606425539472,-0.006289432892213794,-0.07940162720079472,-0.03668394245225969,0.06141113244384274,0.14711814099285445,-0.20491850355425045,-0.02663341444981747,0.06223766552206282,0.07328815095300523,0.008034077636256094,0.10989682097249588,-0.061760402284972114,0.06419316326067499,-0.029478882993478204,0.09837642894141485,0.012117831289735937,0.11903657216381133,-0.00027590805397561705,0.01904409889456433,-0.006553048492525271,0.07726807243160015,-0.03625540409519465,0.014732178662299809,0.18592718958156207,-0.29368399766601233,-0.10842413528737761,0.005112628522923686,-0.2123399346064619,-0.02594776719427024,-0.12612504753790674,-0.2525948054848209,0.018855121372177073,0.1026811140475523,0.13141595238095244,0.2125538344524074,0.0
results_s1/chengdu_tianfu_candidates.geojson,cand89,89,1.4,6.5,30.44633,104.04135,0.03509201035171445,-0.07585962704277169,0.1562043741593702,0.01421048905021722,0.058592631043998956,0.06697210397018215,-0.1529598956952068,0.014937251354748724,-0.0872114458198969,0.07474834415721802,0.03173666894163063,-0.09225195875234779,-0.1331645139698009,-0.055478600605288426,-0.12295386403815459,-0.2511172698533203,-0.02734639908398136,0.04059642041613266,-0.13901947517181987,0.023939310273941132,-0.16462838275200248,0.12168420511656013,-0.12344218107176924,-0.05999346977810237,-0.11327274024785516,0.24453258847466117,0.08647770081444826,-0.13282262417441784,0.17730227260380593,0.09472173727364355,0.12276879453304801,-0.00397305068477253,-0.09128108680991541,0.01865214041429481,0.12543890674365515,0.1638934562735587,-0.2411938658927601,0.030345125578988108,0.05672920233953997,-0.027523614447096466,-0.018031383888925896,0.04866185614435087,-0.10478055535654858,0.08236828356692565,0.006440010987978169,0.11668592355925586,-0.084738072604169,0.11383199593662668,-0.0558994591618832,0.06935431383581689,-0.06581705072219982,0.06578814792656378,-0.0845917040206253,0.06073525606192712,0.1883018001542619,-0.27568724091561086,-0.043118488194976004,0.004779700673956329,-0.23038048318335216,-0.03491713279686639,-0.14996203505511377,-0.283278137875664,-0.06271035491253263,0.18508769085292717,-0.016524962663226547,-0.10921002799733137,0.12263423149024054,0.06301498803478377,0.03779262031491991,0.06617389041886072,-0.22168655023646658,0.09011177730062328,-0.03959588743645646,0.09052966301086675,0.1000504196959746,-0.047487402503440974,-0.10586986161088838,-0.0497046568195354,-0.07023079462172419,-0.14211396324338324,-0.041464246380532276,0.029487445207520082,-0.14787776717222775,0.0039266803041575786,-0.18192610843038626,0.10648098779175044,-0.04896359588272791,-0.029797557758555183,-0.15802719901778062,0.17925115521835427,0.10142861599508726,-0.14173622342520134,0.14667620698971204,0.11249734329401356,0.006412461865060844,0.052420176931719416,-0.06494581644312701,-0.006387159951583614,0.051563669875193306,0.14653351375606632,-0.16377847808944546,-0.04115640500957877,0.0345687270093033,0.060732849357147456,0.011849402288767477,0.06140104023218962,-0.03768513384268115,0.06943777095105182,-0.04799532276349446,0.12484720440071588,-0.034003406145497087,0.13202278127836112,-0.05501124393499888,0.024919141635403878,-0.03471343185654018,0.059302260347105215,-0.07605036893583265,0.018728789565360834,0.16139045294114515,-0.25116587584973626,-0.07604835593418363,0.015261878496184614,-0.20178231996710072,-0.025280867664037966,-0.15516703022124193,-0.26731414165877615,0.04571376311879544,0.14837746490833315,0.11389156122448972,0.3860738946179119,0.0
results_s1/chengdu_tianfu_candidates.geojson,cand90,90,1.4,5.5,30.3883,104.08716,0.17297314135952238,-0.13343055567784165,0.12194830973351274,-0.09649849462311498,0.028967040191319748,0.007355955004862795,0.01615830166822005,-0.12023621482719717,-0.07397975864496377,0.02125101899263921,0.029664395219745333,-0.06785248131083994,-0.21841581216630748,-0.13358457467704946,-0.12948593297519578,-0.27561239972714124,0.04388311628597956,0.005034517524018039,-0.10113836204541199,0.04367322301868912,-0.047355189144459846,0.13071502432235682,-0.2084343535348581,-0.10222108181695073,-0.05652336831554459,0.2062184957802909,0.09674288514986898,-0.08605472743405598,0.16088794525942887,0.09400931414825076,0.20022888604626105,0.016920905766886908,-0.12326459177194805,0.029070378238607728,0.13298713088987524,0.10970217952969741,-0.28740991462193827,-0.04195551552956662,0.13100241204100266,-0.0913113137287046,-0.06737873236407273,0.06349126688544,-0.09707564590472229,0.07391064114115435,0.05183382059105137,0.040392696319160294,-0.11851938500291599,0.0411542662267721,-0.07239318937673353,0.08433968927589997,-0.06399071687748095,0.015827600910144034,-0.18174882825454683,0.06287170538524245,0.1783402267757375,-0.23345925028695327,-0.026148106500994854,-0.024172239768531275,-0.08415113388567522,0.0316660384654785,-0.018385594221723006,-0.17364777213584628,-0.20313952453206,0.209918361796647,0.16216365798594073,-0.15522498105665491,0.12285387759550034,-0.05701158163183861,0.04381590718599352,-0.01930454519526539,0.01518554695958249,-0.07227740194914128,-0.11024663444524817,0.04126440311439567,0.0034811873624154537,-0.04884914513445771,-0.189342108734609,-0.14059981714296949,-0.13745348397996204,-0.2624467997540936,0.05394186507325449,0.028513006405237698,-0.07242837317824712,0.07139139350000386,-0.04413953813250521,0.13256484905898328,-0.1961428754126758,-0.07122864645049735,-0.014420030064621621,0.21642133857294904,0.10236152369461622,-0.10523068645371474,0.17202876992882032,0.0813400483720261,0.12784028384523083,0.023450608768606912,-0.13881030056425095,0.052378710786329746,0.14851282133465324,0.06800776037098685,-0.26093578061737416,-0.0648529585660684,0.120025582395832,-0.13186551398194912,-0.07215143878006382,0.04630989583920232,-0.10655501822251874,0.05519491392433345,0.04843296863924651,0.07596542231638687,-0.10541418063956819,0.06456132535939306,-0.05545837473524799,0.09473418621986428,-0.0597988369419546,0.016857817623776594,-0.19010415466801928,0.050759463098321925,0.1927545961011933,-0.25043036291406295,-0.011907669182858082,-0.018438321269707337,-0.06569304643319576,0.013969196731997818,-0.008732974734035745,-0.1492446534067344,-0.16128068662815953,0.17267763268640554,0.11637328431372544,0.3116132611878073,0.0
results_s1/chengdu_tianfu_candidates.geojson,cand91,91,1.4,6.7,30.39063,104.08177,0.19268154699888243,-0.19182865802110904,0.10146474156194436,-0.08458739759936303,0.05143830400493279,-0.050726481482180286,0.0515593518752609,-0.059219789497398534,-0.15298874366889895,0.07310964339834622,-0.005198707932007798,-0.0362255939645728,-0.14890717450478672,-0.13241621550081886,-0.14344859672153054,-0.2525741197042605,0.11086362639652483,0.0353015386666566,-0.054898606651162134,0.06141124034306631,0.020199945467385162,0.10820078288262872,-0.2096403321094941,-0.055545261161891284,0.017859995966654895,0.19481691394314551,0.09186389039475494,-0.09143085223911455,0.19315522606787566,0.06827186814455366,0.10077412834115329,0.0037557179235512017,-0.14165010214034224,0.025580053305561106,0.15657141347782935,0.004832802751395428,-0.26501667912587407,-0.07342289427870133,0.15403489220864217,-0.16028481621656293,-0.11191019420291191,-0.006049553683669744,-0.08860671405218276,0.022792765861520983,0.020197063707985817,0.10360678602628999,-0.14857214691494516,0.12025540605904593,-0.05701852781226244,0.11864567370629346,-0.06033997214112906,0.019012185425983995,-0.21155281970094836,0.04421929825664736,0.2221160247764226,-0.23949769619966932,0.004171448752129702,-0.022839843915413795,-0.033052365984561745,0.006981287151392013,0.041165533319050304,-0.12106766250879929,-0.14262396911066977,0.1874146719007915,0.18728593568363933,-0.1703893007445345,0.10932638729508765,-0.06546490850540534,0.0628846068235686,-0.038229058423481996,0.04818911598995929,-0.0717172788009741,-0.15187563331952245,0.06285317363825071,0.0009089001547252179,-0.03711637342693204,-0.1600161546158511,-0.13473257529266533,-0.15509758214249078,-0.261202300201611,0.10113273431965786,0.03152577295113337,-0.04931891530049251,0.06966350311159747,-0.006201322859020976,0.10893252218195427,-0.19294238215613416,-0.06933649102116332,0.01565378793212494,0.21285060495940536,0.09576902366125413,-0.08672202095290281,0.17346858178125238,0.06504174594394053,0.10864324931512391,0.008954152154485891,-0.14897522685249556,0.035502532420738954,0.16787915681013477,0.023533059910308986,-0.2696995280352875,-0.06694396806584486,0.12846509896603517,-0.1500403313126496,-0.091532660451854,0.009558446493937616,-0.09840044361119414,0.042566480848214266,0.03644020140458625,0.09473459481996381,-0.13295919929542072,0.09143182227798179,-0.043912812436994034,0.10249601377360786,-0.06825481763931682,0.022646036877360935,-0.19405244350059386,0.051714966906549836,0.2184633439820435,-0.2524788452475782,0.0016745175813705634,-0.01745544559123525,-0.032051683040250606,0.0007465282690724456,0.02296873443934714,-0.12768247459450494,-0.15799154186963463,0.17401320667836492,0.14518186274509803,0.15204570558032832,0.0
results_s1/chengdu_tianfu_candidates.geojson,cand92,92,1.4,7.7,30.39872,104.06884,0.11738786259402234,-0.12848638452537128,0.16893795147156304,0.041080617848097196,0.08852447909263991,-0.03278413036621123,-0.06607328697082789,0.011976810082412446,-0.18686168714854104,0.07508371007935181,-0.027496722383010985,-0.008604187271875266,-0.1653393187839422,-0.10761329248558185,-0.17531845467818422,-0.26861855414220775,0.04269084214037856,0.09988520479288863,-0.037783479804135406,0.11525117635738617,-0.07074932592405324,0.1286649390085825,-0.105022266552682,-0.08831748715052552,-0.04345562083537202,0.2016623587019002,0.1148138896330872,-0.12958894678961244,0.12443198943000845,0.051722010562444784,0.09498373455054832,0.023987547221652715,-0.06458690286472318,0.009588809829175395,0.12148770339847764,0.060117352733639495,-0.25615341301915173,-0.06823504814788262,0.04531159687344477,-0.14829067365108994,-0.06649664286210416,0.04501767698048634,-0.14366755453366292,0.048926421638854585,0.03811838440909469,0.16506530846634923,-0.07949438399318215,0.0969968629072145,0.006799009580382576,0.10271768918114571,-0.06320079336429477,0.03517267846119638,-0.16739410826946163,0.02238640983510103,0.20739717450618428,-0.32510993520793036,-0.03728846565318738,-0.030800082343968856,-0.10086101157022206,-0.048967280570862276,-0.04064939651458051,-0.21229651766908428,-0.11205252684319753,0.08132082968396658,0.07359616773832553,-0.14953302432291352,0.1557048529567167,0.020711605386023884,0.043825570386298654,0.011714352129357489,-0.15048313333956748,-0.004583743197229786,-0.07338086107074439,0.0589746351103756,0.06484575223768778,-0.021834686345963673,-0.17351868601170292,-0.08165135127727607,-0.10800148021604764,-0.2001938248897491,0.00582849856628231,0.06256090637273531,-0.09669968344465965,0.032351370840657936,-0.13688004943101698,0.12619516918437623,-0.10404433668129384,-0.07309642835408828,-0.10493993846918684,0.20839800871999398,0.10354692321998259,-0.11482508772564445,0.15349356065204986,0.10643185004263331,0.08035294830844346,-0.012669164375180113,-0.1060420727695365,-0.004035563554367433,0.09035871279402756,0.1173089832608501,-0.233845273517578,-0.04240136920351589,0.07294272878618724,-0.013378139504300567,-0.03867374917034672,0.07895912417261684,-0.10254503157220032,0.05283572544866638,0.0020366607123378996,0.10073734709174806,-0.04381468801967389,0.11315998468144274,-0.010916704032906139,0.07184495458983181,-0.05127848773449153,0.034977084540204414,-0.1219309630157829,0.042414974672208415,0.20029944281397463,-0.2851789721438235,-0.05843072359430397,-0.031511879205949445,-0.15444265065530552,-0.022347934094042416,-0.05637289263551568,-0.21719394043744739,-0.04712041182771269,0.11725816900759099,0.14032352941176468,0.3136241488168943,0.0
results_s1/chengdu_tianfu_candidates.geojson,cand93,93,1.4,6.7,30.41857,104.11187,0.09429356888674306,-0.05482483816600053,0.16992690926119647,-0.03141154061943975,0.04735309205761646,0.05750154513469776,-0.11424696617132948,-0.0449516481809322,-0.09360613482739197,0.0804906375454879,0.013942633311874682,-0.00515150702323793,-0.1718253517207156,-0.05778279038473572,-0.12556267211627017,-0.26843441252469985,-0.019016573455647657,0.02168023758751107,-0.13505919849700027,0.09100563401375142,-0.17710360449469345,0.11644926928819861,-0.12391301031356458,-0.08229076137979131,-0.1069555789141922,0.23365240225137038,0.08870629196731131,-0.1205821218136138,0.18076860532174566,0.09745904135708093,0.10758707239165621,0.013422093358547249,-0.09530049656661568,0.03567292432248779,0.09994615778367896,0.15735958832917565,-0.22594812315030885,-0.03976043426946701,0.0818450472984451,-0.05287169011471435,-0.022940405300287004,0.11559904564881135,-0.132757081913933,0.058925449625814766,0.016119459867850468,0.09529253618912231,-0.036203970074121766,0.0250722580984058,-0.0771691791171553,0.09415051120767501,-0.07210126863102743,0.01979005167958657,-0.06073431339019879,0.027530721077760802,0.19088955891294043,-0.30430399645038153,-0.08594868196936778,-0.022817646723532096,-0.19949586418014534,-0.08077381910356482,-0.1034161391414751,-0.26677687696145475,-0.09773669619466568,0.15745866136012088,0.014536275164348661,-0.059882037321850407,0.18053941619003686,0.03113029269279824,0.03575976619538059,0.08273637086959575,-0.2089633702116527,0.021785785773926567,-0.06345469445738838,0.1067791747453178,0.052896683302730195,0.021107750300443123,-0.1463657581922912,-0.01259557270082932,-0.10620470813387269,-0.17456514837368076,-0.07841161798786742,0.06381091738516305,-0.1555134041165106,0.04151743682630569,-0.23243709159780665,0.12091134289117123,-0.05183866912316798,-0.05207633990538115,-0.1262654590033016,0.22646630785119387,0.08175927893854583,-0.08623325619024265,0.15479877272038636,0.1030212595360831,0.05112501274536539,0.005392501651049129,-0.08355219899971306,0.003838996489654375,0.061682681805196336,0.17548446034944878,-0.18549411976886362,-0.05933906297979784,0.05251667971120157,0.028050000905268185,0.02415900568135672,0.1292202342439464,-0.10899063421086917,0.06042398986520862,-0.027254817017826876,0.10970314778047306,0.027711278536383745,0.053986280535514145,-0.044360569638807676,0.05398286428663305,-0.05833253530008885,0.04863077094501214,-0.02141244432697553,0.0018505491016831063,0.20395368249905915,-0.30231269578396475,-0.10272007264906535,0.0020132687548174138,-0.2422720352957492,-0.08589660550833193,-0.1677269475715783,-0.2601959649983134,0.01897238167483897,0.09197414217287163,0.11831654411764708,0.31557862682715504,0.0
results_s1/chengdu_tianfu_candidates.geojson,cand94,94,1.3,6.2,30.44148,104.05357,0.19590374279813005,-0.13105303858782574,0.19131773512166342,-0.055948247317478016,0.07226243759735088,-0.05639471355511853,0.04111800701594292,0.014690392797030919,-0.151576748526317,0.041622166948143385,-0.02232837038025135,0.042482723358856785,-0.09111419795420969,-0.11230068568173893,-0.12236789880098616,-0.2222797888258549,0.0909528567203596,0.08401994328986358,0.00236370968849926,0.06925296354482294,0.013006613982938358,0.13920753604507308,-0.1531032083249166,0.0037352777686562107,0.06244826670408167,0.1694631904435025,0.10928754694137455,-0.1389258494793366,0.2597216921675138,0.06071873515617691,0.015609617731614444,0.043861059380041055,-0.17276319994215278,0.08279928102148566,0.19746729638824528,-0.044038330274509596,-0.23016244018630483,-0.07382793525967217,0.12610776301585233,-0.2546810006378466,-0.13140528715365782,0.007139811873654927,-0.11519125569729166,-0.008353904518716183,0.024120760262814966,0.15229804400603664,-0.15008683505062334,0.14854927504664092,-0.004850853996039897,0.14728557224863464,-0.09140336472880763,0.0056386864642907755,-0.19226712669392537,-0.0048541276348694415,0.21454967451018456,-0.2930982081348913,-0.0020754926043467575,-0.06983404281668901,-0.04979811065021448,-0.025610710050202153,-0.010680998054129667,-0.11190890764771931,-0.06442980140488894,0.11888477781162797,0.12759357404460267,-0.16391993408127611,0.1813428406517197,-0.026573851074232303,0.05051893611011449,-0.0400048608208437,-0.06925688729158697,-0.011497650102295493,-0.13380995890394487,0.06048679450220822,0.041491373682033074,0.02943559664109298,-0.0853132091527778,-0.09727298693073765,-0.13584447248308307,-0.2139980140392112,0.08421701113995939,0.07722766468545264,-0.06666850355573335,0.0583596867866568,-0.06981418553197857,0.12268097370795501,-0.1217356186377404,-0.013192091801229938,-0.05326629814740476,0.19985079875764483,0.09358937792283137,-0.09252236715152051,0.23333832773251978,0.08774256013079593,0.044817638094339494,0.0046596692650430266,-0.15048666492801174,0.019752429146446163,0.1703661465114272,0.009864809694934487,-0.26629996945156265,-0.045816312278572954,0.09912765473007575,-0.1241667715886634,-0.12009498487908635,0.014548699457608349,-0.09687448237391351,0.02130539675242213,0.016906073064587784,0.14827969487524628,-0.11389280128748624,0.15084455899935123,-0.008396140166776308,0.08853640767678717,-0.07789075013918585,0.031109232045030046,-0.1538960732628176,0.018359024340584635,0.2076954733914201,-0.30501489102209506,-0.012466293077620608,-0.057521403033017796,-0.10474964725200511,-0.03370899428519086,-0.06632542771109835,-0.1725728691612999,-0.05660591366697236,0.12051244795056115,0.06958118546576883,0.43317967140156505,0.0
results_s1/chengdu_tianfu_candidates.geojson,cand95,95,1.3,6.2,30.44453,104.07962,0.09278518293210042,-0.12698877865997227,0.13619276611736547,-0.00394503608869315,0.09639717211785183,-0.04405058659575596,-0.09056386846099738,-0.05413262914191127,-0.20054422612331765,0.10597841814731346,0.10693539730800122,0.04975810946445058,-0.12159347469392379,-0.07229898026032348,-0.20000218139576656,-0.24041707672577817,0.1142007020966119,0.07663155345683502,-0.06906279165868898,0.06372379060667524,-0.11507234147977123,0.0837422724194626,-0.0689643383688383,-0.015280009798125932,-0.08045976337302442,0.2163852875608911,0.061842162190545905,-0.025531299049109748,0.17606900193323066,0.0235224039260655,0.08276592603951118,0.024447575487535664,-0.07645640776627169,-0.03601563454666142,0.20624336416475103,0.055677141137004386,-0.30604625369018296,-0.017444325878182877,0.07837310889256738,-0.07055072422479106,-0.07481801196080809,-0.04150148179896162,-0.08237726052722467,0.03760266281109853,0.01879481654559362,0.16073770838648913,-0.09472388794552604,0.15191514677707152,0.020070843690424466,0.09869924012852092,-0.09708748751667651,0.09360914164031751,-0.10403683067494932,0.07229446664245069,0.24427567256327834,-0.34195448312441806,-0.03181503719056336,-0.08391610536225345,-0.06913176677834798,-0.13450821465884,-0.07707457789922095,-0.2023355598373479,-0.06410505166290925,0.12053066851121698,0.08011926451603428,-0.16843639764467336,0.17592062801212344,-0.0009605483403982245,0.056842436211208415,-0.02536519250465012,-0.14074438216585694,-0.03681246902275333,-0.13689918032151965,0.0780954547791523,0.09851376064868851,0.02076003047236609,-0.14094325092600155,-0.06668270171098556,-0.1551114464956475,-0.21842606048312532,0.06980692060181427,0.08899180396262661,-0.09456225342169751,0.03405187378986208,-0.12308456048746251,0.1181158933171105,-0.06989294840930643,-0.03066091493476728,-0.11493907466751677,0.22914976593680467,0.07202823580001629,-0.04235230704178092,0.1849619176506338,0.09637606260654118,0.0698678178191955,-0.025961614705573805,-0.11952071819346535,-0.034192217651960004,0.14574409919299358,0.056602935209435955,-0.28561871187109683,-0.015640984544076156,0.07891903194855177,-0.02663890899288851,-0.06759891155462686,0.008983680653475419,-0.10111013688579193,0.03923842521907219,0.003178313708344843,0.12674033576137148,-0.07732887530987596,0.1494987538856947,0.008794661428366057,0.06864553404271818,-0.06557009536761414,0.07289564086976197,-0.1074111878798215,0.028675960709216398,0.232491685327306,-0.32131831348643924,-0.06316419550936808,-0.04876921216929092,-0.11594335235525229,-0.054679205358816374,-0.061790676215102966,-0.20835945385131097,-0.04191455251543972,0.11910494258967584,0.1532786458333334,0.07461978107280204,0.0
results_s1/chengdu_tianfu_candidates.geojson,cand96,96,1.3,6.8,30.45334,104.10163,0.038265709207276885,-0.03643351771190771,0.1583914933617167,0.04247412324169392,0.1423847078810603,-0.019498703589512653,-0.1266338546992098,0.010949729716283921,-0.24423743142535354,0.13012849873073354,0.06089187001768727,0.04914207920554438,-0.10647874557982374,-0.040273580274067314,-0.24571960160263176,-0.24198354863077645,0.04195131864501605,0.10347278183847036,-0.055593908044622685,0.07345642124023724,-0.1487317255521647,0.1238961010804803,-0.046495135678628806,-0.008328336128468878,-0.053500245823552534,0.17951840787682727,0.07932265430086481,-0.06012977633242431,0.08656196477300054,-0.019813304670647493,0.07682775357945365,0.08833162483127724,-0.05511929865445096,-0.02237942850060725,0.16610398602475862,0.0678710392100131,-0.277374294790138,-0.047624011196252564,0.03147678204619631,-0.07195262522359994,0.014367517251943164,-0.002292461862001037,-0.07345521189134888,0.033450026074839816,0.0035973632772866096,0.20643834376108738,-0.033757658736860555,0.12492857222032391,0.05342849763973601,0.058250205172986375,-0.10636004505383208,0.10029102122164661,-0.05244028643484276,0.03322325500407814,0.21837097527756064,-0.3772720904951865,-0.06062071612201888,-0.10340619503281936,-0.09214479962958459,-0.18575124402078835,-0.14295425814135052,-0.20197919790737956,0.0020057316643690253,0.06422758661319909,0.015899752506499863,-0.0714273079830419,0.16971049250190648,0.03398641515292325,0.08806321641460864,0.008517377315865344,-0.19434549209247412,0.01285879233286031,-0.15906793860926582,0.14111962076895548,0.06597404888097654,0.031095940121598623,-0.11997697645684118,-0.02867389719370166,-0.1839314453756491,-0.1846900570417892,0.008061373920460631,0.11823384652660768,-0.10992586516072017,0.03350813345960226,-0.19101060811334436,0.14888843992940926,-0.037224884506822334,-0.028059319084400933,-0.1073562904193863,0.21132128936707414,0.06516648681896645,-0.05857123366936205,0.12948603478284437,0.0626554842272374,0.04309685778404309,0.009329084522611353,-0.07117003131407997,-0.053985212940839855,0.12877864952533724,0.07639172271955699,-0.2560399561417802,-0.025575183649980144,0.04146358609358949,-0.012396618677321114,0.005183449522601092,0.039429291695037026,-0.09393949893411774,0.040718552031866764,-0.017048729401335665,0.16842498313404,-0.009488124731189923,0.139417136531867,0.04340438342956875,0.033550953205092084,-0.051751254847648365,0.09349883006526169,-0.03476142365572449,0.01243923951992257,0.22382439315596517,-0.33891928241530817,-0.0741239365085519,-0.058207168783462805,-0.14968433526402666,-0.11883414313093081,-0.1370914199346833,-0.23889223929620895,0.042459734144443005,0.0610393761584935,0.15470546874999994,0.15708503769560803,0.0
results_s1/chengdu_tianfu_candidates.geojson,cand97,97,1.2,6.4,30.38498,104.05644,0.14936365246093453,-0.0991900914434526,0.13714032477232782,-0.07038936594445191,0.0581148849301732,0.002382935512178228,0.017643757797486094,-0.10329642529066714,-0.1232615003792266,0.0707342714564247,0.005832633507426815,-0.00722982562281012,-0.1829544322843142,-0.09353493071129565,-0.1715827190028833,-0.28167273694889294,0.032189224539788466,0.010741390604038855,-0.07203881402882961,0.11056163981333686,-0.052124173922425354,0.157405256569524,-0.18894910396429193,-0.05261358108078837,-0.0516321840815356,0.1490985753179683,0.07654389561043198,-0.09192223274581506,0.16846991852670826,0.02410836030266019,0.17951609641511648,0.0071883322006146165,-0.0776968341594983,0.0024959697993851035,0.1590881481565334,0.14031260800483442,-0.27736120282568943,-0.05634318987286581,0.10950339962358238,-0.11124078748897158,-0.1328533261331275,0.05661015651084063,-0.10939757392754035,0.019766460093991196,0.020072030009429302,0.10447124676343622,-0.10704452374174236,0.05587341277877213,-0.05623570388091371,0.1258717818315272,-0.062239216496856715,0.04021368902797363,-0.13631092590705893,0.016938777706362696,0.2084148855870244,-0.26533660193608966,-0.051756074579709675,-0.044973108936235275,-0.1233939662778249,-0.03860619276398879,-0.037016107246171444,-0.1974260046781772,-0.1779121834833819,0.15742020202782503,0.05574152455239822,-0.12656048354488106,0.13200436685860514,0.006755366220889573,0.03956315534551885,0.02851285536179643,-0.15767916406276852,0.005546236858491202,-0.08136988983634043,0.10271240516910778,0.05037569165280147,-0.034218324159497174,-0.17306613658889816,-0.06403424776809949,-0.12148105188770107,-0.21361468543764128,-0.02973114396628738,0.042092505151895145,-0.14540986689856958,0.05722313738718606,-0.14165216803354183,0.1263726026776515,-0.11684994839415654,-0.07462254296049983,-0.11626338551752512,0.2058194181425368,0.08709591043605468,-0.10119332872957985,0.1440437370984754,0.12491469166686127,0.07338577347201986,-0.012368975279040493,-0.09023913534711903,-0.0213801041563027,0.08997547926564348,0.1506844695715404,-0.21638621651564618,-0.05026071878854343,0.08233455428671092,0.008291603725474184,-0.046329590181457735,0.08499865522345064,-0.09672745571115533,0.04734152056051495,-0.01419381881706298,0.10071611840189136,-0.020653654682879996,0.09126741543326537,-0.04355663447254174,0.05514018030204557,-0.032692530351242755,0.0470460276001335,-0.08469675238555067,0.015782469576221418,0.19442617624944167,-0.27015543519606827,-0.09002107792529287,0.0016431147386232416,-0.1800718809978305,-0.017202906725442335,-0.08836801235237526,-0.24108082331398553,-0.0439849332914259,0.1327458001712944,0.16611464253712235,0.11267852414279031,0.0
results_s1/chengdu_tianfu_candidates.geojson,cand98,98,1.2,7.0,30.40429,104.11088,0.08575973348243897,-0.08358701446565565,0.23840117411941486,0.0015068303684267822,0.11072476265987247,-0.08808488679344488,-0.07018296426373595,-0.04666573248572311,-0.206542892931999,0.06130101500471369,0.024982399213527247,0.09500065976092444,-0.050925882663869056,-0.0657824368043535,-0.23771908927489363,-0.20741936287392354,0.09141322047700871,0.16578280223190292,0.02619595685509417,0.05027297053644308,-0.05843539504691951,0.21971411757369397,-0.05442799775922345,0.025892516438562663,-0.05238978123431716,0.1171118325335676,0.08681260361713884,-0.03757262339773908,0.17328292110066365,-0.05004290908976575,0.127542602092195,0.06878995165072115,-0.0916392517399295,-0.033763641391202935,0.11792970550417384,-0.009283248797643796,-0.3551409832411643,-0.04572968457768225,0.05465446222497517,-0.13759558244906678,-0.06107778139362396,-0.038706737229818114,-0.08051268017875207,-0.03395443509739465,0.030533015907452495,0.22616189174086573,-0.09158418746782632,0.1526426424254747,0.09289040579751155,0.06342487712673331,-0.0949293098572335,0.08470714562829344,-0.1134852959954416,-0.005746773730650207,0.1661592023897424,-0.33606830630444623,-0.019767025613641416,-0.13513188528299933,-0.04839388478306934,-0.14383319734607372,-0.08499688565593806,-0.13286717913862856,-0.024693047671002017,0.007216762294444819,0.041040594262324634,-0.13271677854136318,0.2373990374573078,0.018987521562301303,0.05041620494443183,-0.015643041067221922,-0.1698041925053572,-0.04059414265886802,-0.10798091204734192,0.03184065740202576,0.07092262438941722,0.04313791625410038,-0.13082012966920256,-0.055235067286414884,-0.16018446172696454,-0.17627115388578674,0.0040908177063136595,0.12261883170868045,-0.07288063787401901,0.028488138881380163,-0.1513987185087877,0.18269587386519398,-0.05261106116820959,-0.00792838409024398,-0.13697717019424746,0.18209431212517807,0.08266706560367819,-0.07204819771490899,0.15355236083749654,0.06705198083808528,0.10030963240009816,0.006719112665770661,-0.11114769575484426,-0.024677417652710677,0.09918734540589191,0.09679678673871286,-0.2801937341430003,-0.02718771371747769,0.04221803009353983,-0.03760607544700267,-0.04429748647110794,0.03280714932691926,-0.11874370009595026,0.031614047635116854,0.019080372785574187,0.1580195808182282,-0.032775866102231925,0.1089528483971647,0.02423315362534352,0.04750757219992363,-0.05692854258576147,0.0706508702688145,-0.11857822111150602,0.00020148249819858076,0.1896838441081215,-0.330450273485765,-0.06690867404129622,-0.06485824184944264,-0.1348006610244675,-0.06432569018226283,-0.11403411251531115,-0.18732622748046887,-0.0038798497653893395,0.03663273237861394,0.15049905913978504,0.12370164514061557,0.0
results_s1/chengdu_tianfu_candidates.geojson,cand99,99,1.2,5.5,30.40959,104.12849,0.024469155721778532,0.012728103359511075,0.20492018089744907,-0.010417000185072583,0.07487563422642558,0.050554030750274745,-0.14094941747547718,-0.022937498074343848,-0.09708813123008715,0.09522791489846895,0.00824155542574624,0.03172289442904968,-0.18513866994920747,0.005614287631583009,-0.15667346383989772,-0.18177325247708376,-0.07334248426097036,0.10295345246306882,-0.1346738569008146,0.029530693229927435,-0.20973953810661325,0.17013748119494154,-0.012689677567784316,-0.03021087725174266,-0.13793950704460045,0.21294354489666023,0.029086365320429523,-0.09570409848795906,0.17345618687734057,0.08209656708867269,0.0935450049509886,0.013170326932923873,-0.055585939877050045,-0.035424069482774184,0.12843221442318384,0.13703272822492477,-0.24940472230623503,-0.0014172186531648215,0.03790106867716,-0.04866822982787412,0.005712227289536177,0.06567445683222109,-0.1350137644679219,0.059965848553614746,-0.019899409661068453,0.13697420923737869,-0.032448493544781375,0.05360504420258557,-0.027856214599802732,0.060346048707276,-0.04376159716593716,0.07537960455388946,-0.0369646195570652,0.008353638569657889,0.20068786359095464,-0.34839741183429157,-0.10228261918300767,-0.018486802102910833,-0.23513095195427647,-0.11354986895757044,-0.1874128899527943,-0.28982063189747315,-0.018275868260456726,0.0825368623859915,0.009542628352743696,-0.023505476025588504,0.18745856750827047,0.03694724347444208,0.06272649236098891,0.051172205534138676,-0.21727558973326605,0.039967149769959895,-0.044573695577118065,0.11711129891510018,0.02115884794390353,0.015240047244614894,-0.1791671252999914,0.015502037941112231,-0.12392566135754558,-0.14867193503325365,-0.09135559755299785,0.08976574412161441,-0.15096330172552686,-0.00888770341618236,-0.2229500851067805,0.15148234116549014,-0.0054435198730674135,-0.058214648716854556,-0.13961915412878725,0.2140430315203444,0.04742781514086976,-0.07946817222715191,0.15932756903304882,0.11817914423120923,0.07162551846481213,0.002825992719050909,-0.05421291242419101,-0.024551417681285242,0.08313654143933655,0.14476827878250562,-0.22295342816438013,-0.010175576461455152,0.03893353645361657,-0.002243293549627434,0.024074569042441832,0.10009372760747266,-0.10327585860891339,0.0845759833413027,-0.04097064138749863,0.10737788566823839,-0.004617127207184946,0.07647172928682139,-0.03924708530586919,0.04987282661559705,-0.04810976171997937,0.04902152252014926,-0.01704375574378988,-0.0031025339087228524,0.19800141331584056,-0.31106389595013145,-0.11085468479822844,0.016118892204381913,-0.24870170906656702,-0.05687619913443938,-0.1701003376912888,-0.2900674200083518,0.019159349577451048,0.08032610913772388,0.11555336021505375,0.37722183560488576,0.0
results_s1/chengdu_tianfu_candidates.geojson,cand100,100,1.2,8.6,30.42181,104.09938,0.1510748409600959,-0.11860738378798857,0.1819424662249761,-0.020759859803474515,0.1120743139937234,-0.06046189468719547,-0.00842905344992534,-0.04307911536707705,-0.18713006178303523,0.08178238132918465,0.04312074738696208,0.04832174342605257,-0.11406586409073438,-0.07254957842690196,-0.2158689524601449,-0.22286636736317883,0.10001651030909398,0.07957163166224086,-0.0015788203106139923,0.0600806320020028,-0.026047707500692917,0.14357689182604183,-0.10731090960095856,0.009053374484768823,-0.02701777268134796,0.13122920634281993,0.08892929150684444,-0.07656241617714116,0.20369821423781562,-0.030413028754593494,0.08806446033725848,0.035557117454825066,-0.11344258525343566,0.007010312446912191,0.17148460621138556,0.019414005570308375,-0.30063294361292164,-0.033326334124621125,0.07319811588566114,-0.18140938916606322,-0.1356218007608881,-0.03482614021440769,-0.07759601349659788,0.02862636128322739,0.004306393784143844,0.21494984319537228,-0.15896295756104534,0.15310983923893315,0.017725762899779153,0.12127889094534307,-0.12987414556565907,0.05471719843888309,-0.13960461875128535,0.03980099056266376,0.23282959986320123,-0.3206499177418346,-0.031887422547678464,-0.08520208573625532,-0.03437222546337276,-0.10725936971915986,-0.020414288891571215,-0.15957289738740926,-0.05399796757508291,0.09679919060647516,0.07298975483080697,-0.14386551486493424,0.15838943859034163,0.0038130160079639067,0.061909848227324434,0.007047360506294457,-0.12814845310341097,-0.015983778948528114,-0.10187529009289986,0.0671986650822641,0.09173099366069445,0.009827268341786296,-0.16401860436970556,-0.059873537816991444,-0.13417688778607298,-0.18712502552171076,0.02861423900686505,0.0636822959056114,-0.10960636075403084,0.03219393912674424,-0.09968404985962075,0.12614465818927512,-0.07890607469930552,-0.02324155925419185,-0.11928123791897374,0.1777929212236411,0.07664607197358514,-0.09386908573047,0.18181365743663153,0.08168458515803641,0.0659482087532511,0.0049291203927208675,-0.09642850013690459,-0.009721631934604427,0.11427174892482482,0.08679132437639447,-0.23855736105879133,-0.012190349070507457,0.07776892315479113,-0.03771682972558401,-0.08640880466335099,0.016248923499275418,-0.07378657817017967,0.061945681905925566,-0.005798732280156568,0.14117604381373627,-0.07834342870024581,0.1406804370822609,-0.014414300137959656,0.06336151281904986,-0.07167778540860188,0.047400993935085185,-0.10841027812339954,0.044393385884656196,0.2187390535062905,-0.29528381011109117,-0.08250466546476097,-0.0417820010030043,-0.11120779724217524,-0.053450437115750135,-0.07652393607554268,-0.21424440397095534,-0.0017883423583396607,0.11266360697199579,0.12328212365591396,0.15153485598840916,0.0
results_s1/chengdu_tianfu_candidates.geojson,cand101,101,1.2,6.3,30.45298,104.10432,0.041442182763025304,-0.108091885728051,0.12775768055681022,0.08495912783042932,0.12037821688244413,-0.0076431547981414575,-0.2210134137703957,0.01663633955507376,-0.14888985141050698,0.10501110434692669,0.07582976983007933,0.011737270001365926,-0.172250762890899,-0.039459275115089336,-0.2102204022638634,-0.22846972556176576,0.01859988644898211,0.06648868360680273,-0.13637350935923098,0.0985714583712455,-0.14671645595141308,0.10658005996994956,-0.04784898081197268,-0.04314332329179251,-0.08728157204881913,0.22174578763690383,0.10225106575179985,-0.08043493408847815,0.1038612928494716,0.03682866757350378,0.08686592190814589,0.030354615203006252,-0.06370408657108653,-0.05930425746493207,0.1303948152308485,0.09412258500070478,-0.2691515769932198,-0.004594696268483133,0.05895695369064808,-0.018656284560072737,-0.060329075912041175,0.02090384410780625,-0.02735040822943763,0.08274383527509069,0.006947983072955873,0.14749217645705992,-0.05743378295521544,0.1490066024549189,0.011834987067315856,0.05063554967289716,-0.06689123479531357,0.04764102307634235,-0.016829100830423646,0.05867638754150698,0.23867769429465055,-0.3351451341730522,-0.07562589818549663,-0.053497620447212964,-0.1668360247368405,-0.07016390605027929,-0.08955071274865468,-0.2028140256890631,-0.01302259560520031,0.08234634212546381,0.005095288103202659,-0.0699902617920827,0.1550579539187996,0.04915233270207663,0.07432330194882737,0.03288191211898453,-0.22372825675615354,0.03269108127088985,-0.12482376776909052,0.1308933868149344,0.06369936128696443,0.005530390802979821,-0.14861132333531754,-0.02907675757637879,-0.1698897350238313,-0.17127539824724727,-0.004665552917393978,0.09036825416832499,-0.14323647096715703,0.027189271727097435,-0.2022735033256556,0.13674216961241129,-0.05759177343766176,-0.047238163451910585,-0.10770032842225233,0.23149051536378357,0.07733178765607811,-0.07418865490246423,0.10798045299101029,0.07903376693132486,0.041053850388765085,0.012985715671555277,-0.06225916399778217,-0.041016187467621354,0.10960518838704256,0.0982257107192778,-0.23246614318338185,-0.016369770091451668,0.04078426856380784,0.003869871233134103,0.009991131114426607,0.06866668734041473,-0.07418713531328675,0.054772839638102346,-0.010685232004285986,0.14075742174542824,-0.0015477666507546421,0.1462589524185026,0.026671320401850038,0.03630504036222241,-0.03914472227133254,0.06360278756719646,-0.01918730355856861,0.02950986248562041,0.23713319914134737,-0.3175720933405028,-0.08048889234514624,-0.03897005663631934,-0.16434588475838705,-0.07254504982391569,-0.12391596489546398,-0.24361425413698115,0.04078053626573542,0.08115362212682375,0.11732903225806454,0.29848193150075475,0.0
results_s1/chengdu_tianfu_candidates.geojson,cand102,102,1.2,7.6,30.38641,104.07513,0.13690244685410968,-0.08699667703233566,0.15065024483075676,-0.026643156988385323,0.026477496352030803,0.051528362480051645,-0.11918507421928014,-0.06780794680792039,-0.010323775870673567,0.06940012306873557,0.045402667178730996,-0.056898930604522384,-0.2715982402540421,-0.08424813821152875,-0.12667455726490567,-0.2345640374595182,-0.03198623240145731,0.019196651568874817,-0.13113330708724147,0.06844037420386505,-0.13197251120175657,0.14359653914951195,-0.11884687138338847,-0.09968028123288439,-0.12077439387669456,0.2230968739339272,0.05123048750508538,-0.10732789768105018,0.16789588099870995,0.129012706714178,0.13742490899468104,-0.0021483558248924497,-0.12385614905544119,0.018777650460473572,0.1382361536142672,0.1592965013176852,-0.2250603862759494,-0.015815774795673893,0.07754131698081614,-0.033516639505175916,-0.08824716215878163,0.10199169265071688,-0.12181667677798053,0.10925323160247485,0.027884370731778203,0.05349655383782009,-0.06211478374715648,0.008247382972547396,-0.07169108265967662,0.08792490822602554,-0.0323374995859742,0.010253699643805026,-0.12433123686035809,0.047211148691377935,0.2057522740673379,-0.2857686478273393,-0.06814545366118308,0.02825670466759773,-0.17208100343365404,0.023107408707133993,-0.05417625215031381,-0.24927164020325496,-0.1374762523878983,0.1671371481287222,0.07649155735845606,-0.11430703563595143,0.15288201906913576,0.04990663828819496,0.044633616790522974,0.0018761864499396192,-0.19692822032975532,0.025463059235371132,-0.03539145607502323,0.10171927334308023,0.030917183284557257,-0.0324177483970117,-0.22522638323424987,-0.06934260903233856,-0.1317093215664693,-0.19263424889674088,-0.03832567158456074,0.05245534098820783,-0.1186157209835263,0.029047053707890805,-0.15901925085690596,0.14035508384840895,-0.05703545889716504,-0.10095805927966055,-0.11669922001670473,0.22682924242011024,0.06290812228077564,-0.09110069402574464,0.15392080408622444,0.12335125066861488,0.08415537388795391,0.002177236267975385,-0.10115352798114255,0.0026920392988813353,0.09609398693351423,0.11878275803317292,-0.2039294362270857,-0.0382929322459053,0.05598400157338159,-0.016853955615068077,-0.015260068328330375,0.10391925961212141,-0.09666452717322142,0.11711468524034094,0.009734790254630471,0.06899256372394769,-0.04014138428263583,0.0759406378795246,-0.02012122265710489,0.07401506501122887,-0.043462978991763226,0.010752166221004817,-0.09621129044125223,0.041412358630112445,0.18765222409596388,-0.30097665573749033,-0.07480240500984356,0.026765563491339277,-0.18099249807069143,0.02969664014497558,-0.07403790774951943,-0.25924096332488367,-0.06824255590708966,0.12610024600839173,0.1037125,0.3005337184231677,0.0
results_s1/chengdu_tianfu_candidates.geojson,cand103,103,1.2,6.1,30.44903,104.06605,-0.019302152276191684,0.007633267742564746,0.15202533557991535,0.0582561318204253,0.036108554773092154,0.07093267768748684,-0.2231709173237746,0.08036421650452265,-0.032118348613844064,0.15557555659418518,0.08211704063878339,0.019148411354927224,-0.11430482487090224,-0.04807128595000349,-0.060959403634592665,-0.19126221059655305,-0.06148427222394599,0.04506529427911469,-0.22416741242890537,0.04480509993318732,-0.2487136617759433,0.14964606872149497,-0.05139943643434093,-0.04230507972791395,-0.09267627076113655,0.17442394887847643,0.10093702858544325,-0.06908456356391347,0.17435248278296875,0.1299764140309259,-0.013053622526217763,0.04707067961724318,-0.06817748486677391,-0.015108225291852741,0.03307411128436151,0.1753201937087849,-0.16775003833765145,-0.04824933394603751,0.048825590087807805,0.0038071364327262607,0.035326762386421726,0.12406880615636784,-0.07898227984434524,0.10307023064995952,-0.025981623587540123,0.1416798809154429,0.05037491683326198,0.06741276301221785,0.0039167961680677274,0.06466718633058709,-0.09266621612834676,0.04056663651149628,0.02310471385099855,-0.004337213880455474,0.1876728742677771,-0.26717752580099957,-0.188229780827334,-0.007523605214269724,-0.23703724464658457,-0.05362137901208871,-0.22028187220404638,-0.29055842086406136,0.08273618537530968,0.10029542291644576,-0.013428830755244276,-0.019536375075011353,0.16944325177702582,0.04620465248264917,0.03733019417150894,0.05775358271017075,-0.239094212104323,0.09090714796601997,-0.03983093903644085,0.125593120568662,0.07146961938570454,0.008660556800300326,-0.13563836526928033,-0.027446474993989747,-0.08043646211572376,-0.17381740071373628,-0.059336639457652635,0.054510056487376314,-0.17641525694466825,0.009999716657573137,-0.24722540784259722,0.1529251746569818,-0.03564187743412713,-0.03391771311511189,-0.11093156858647794,0.1982420851803128,0.07424269991192979,-0.08616236652826718,0.17195306157097656,0.1314374447654093,0.01500419692461504,0.028806992170393154,-0.0629966420519112,0.0009729322832820529,0.05241150176998303,0.14505593637284764,-0.17563289317028116,-0.020820058647211093,0.05617810336398451,0.005677843130715217,0.050837285199447864,0.12219783715636795,-0.07818201861446375,0.09456529510113809,-0.023837461224094983,0.11774073933047935,0.044929480554321714,0.07957984132477132,0.005209063268735671,0.08118669926319146,-0.07742639147457253,0.048180233116745165,-0.011681879672572544,0.006660709562307744,0.19102805096698944,-0.2743383113648207,-0.1444880427694112,-0.024687512848337756,-0.22371631313125828,-0.036873962201639604,-0.19693879479264417,-0.2824667537033766,0.05593226837420619,0.10872472981604653,0.07157859195402298,0.470876020803518,0.0
results_s1/chengdu_tianfu_candidates.geojson,cand104,104,1.1,11.7,30.38318,104.10908,0.11969055326566089,0.017528367231740276,0.1547777460532683,-0.062117704638109325,0.06398104299844964,0.035258373768107254,0.03502537611362461,-0.0721689655755531,-0.12373633941926807,0.09403363440871033,-0.04382030175738408,-0.054836029706998295,-0.20399914972724603,-0.08033352661525617,-0.18355523579486188,-0.29011776501250586,0.02503905119399454,0.05672354298202841,-0.04864492601411164,0.05284309043679339,-0.07491531023425688,0.18947263104213896,-0.1775985049510499,-0.0715666023930901,-0.04702216285406543,0.15843011474908777,0.057905041974880056,-0.12885444194142257,0.15878532304005766,0.03135415159927165,0.18758467334446619,0.06951926187827817,-0.04062860927437381,0.05895082435508755,0.13336519200805103,0.11792532889022501,-0.2818214983443858,0.005685906952712733,0.08390816048017771,-0.18202707596035472,-0.047942629229509474,0.04706480227175439,-0.12849737769677555,0.042670957721011864,0.0021297767223438825,0.13270067114806802,-0.12423540927621861,0.06136548717176837,-0.03265660063356781,0.09786378054689425,-0.04952528254728527,0.05314628171280486,-0.10245370213145374,0.05369632880343675,0.19086834174871378,-0.2758805486970521,-0.04813305175385526,-0.04495026728947329,-0.0994267786444019,-0.08544316554142489,-0.09112879018793071,-0.2532321307508187,-0.1293181536447339,0.1707204132962869,0.02368333264432767,-0.04867199137757685,0.11856351460227195,0.058616386477790876,0.03812918237165999,0.024308383219593634,-0.22633233023257318,0.07955634879208368,-0.013496006066155189,0.10985018662996053,0.04045215379575561,-0.04378109493559996,-0.21005451643391942,-0.04099149010140987,-0.11518951882855934,-0.18263287648724683,-0.06656362092201516,0.03521064366724138,-0.16284243391897676,0.008289354090385403,-0.19190006386476738,0.12531817477271756,-0.0639586500284875,-0.11039641870743849,-0.10252619956704688,0.21158094089804882,0.07021717020206197,-0.12236641325872444,0.12082153899099676,0.15226369341277363,0.05543763482302496,0.04754194403214322,-0.06101120038855084,0.021536842912154786,0.05196594134479995,0.14438104957475253,-0.21328968700067466,-0.018510154025612673,0.05727300986590575,-0.03477214273256155,0.03318494025766116,0.10443895777515619,-0.08017625048307543,0.11427588723810983,-0.013688301844924004,0.07179357979667675,-0.004195071812797578,0.08035267747124136,-0.027506430021953805,0.05659793430761025,-0.020081314410117835,0.005035929563752509,-0.03874821435839156,0.04950081056250095,0.1721225196303616,-0.2723520232057632,-0.09533884112019615,0.007471728875402391,-0.20360684904605458,-0.02360853230843277,-0.12067449721564706,-0.2857317884896235,-0.004272835446929709,0.1309284899374881,0.14999687500000006,0.22735195551945794,0.0
results_s1/chengdu_tianfu_candidates.geojson,cand105,105,1.1,7.6,30.38668,104.08644,0.1871946239953848,-0.11887491473164631,0.16671119278425325,-0.07571267712792848,0.06890190013040588,-0.04821532025472966,0.10785991630599259,-0.010071072683925633,-0.1629368873728207,0.06647339871936399,-0.078592057887866,-0.0056556554667968086,-0.10765996524838553,-0.1164762930567627,-0.145007597810366,-0.2328560038494268,0.09115808574589847,0.08203390441642908,0.032936561742393906,0.02756439760956522,0.036300625923172736,0.1756039864431528,-0.2151270650454464,-0.022717359358052452,0.0749303535214415,0.17295643218620582,0.1066207429936002,-0.1347505999356286,0.23059156706638148,0.025438810758549785,0.07481781955909639,0.04328044843642192,-0.14453156525794478,0.09368020939853271,0.16198483065331098,-0.02312505424262206,-0.2309326907932261,-0.07102728293832122,0.13093028699780068,-0.2632428793500139,-0.0846909927968593,0.00853896615274359,-0.11237578142567704,-0.023540399345888124,0.019645951680078308,0.13713546686947997,-0.1647643560742163,0.15637284040992536,-0.021627936910432476,0.13477589009959118,-0.060183476673611146,0.024276788098864754,-0.2138748273844288,0.011749290845410657,0.20895373266804107,-0.25653643545928095,0.022974283162349406,-0.04949147568022868,-0.004084666147055545,-0.019172912691494796,0.027270310009949193,-0.09486228138913101,-0.10608697742430812,0.14721956756558835,0.1315547793434079,-0.1319371001515282,0.12422521248384501,-0.02837905918021114,0.045728884145016774,-0.009696369558671872,-0.04273514333904911,-0.026893029592920444,-0.07829134880080109,0.059404125269828134,0.010728020482531499,-0.04872265999442314,-0.20007488860118125,-0.11293647253010172,-0.1333918069952851,-0.24536823014426917,0.020705241613596045,0.019474556997442723,-0.09515174557450277,0.0518589647704923,-0.07299510113640048,0.1361301900093459,-0.16204316041815964,-0.08723030167444613,-0.034639620520648284,0.21952963911167925,0.0917126564144039,-0.1049969552975155,0.16661073064908657,0.10683595948475656,0.11287721984611607,0.022070922206201046,-0.1292554354757563,0.04796265960373659,0.12273872989601724,0.07857148476055205,-0.24932173442818506,-0.05469107605307634,0.10715452741180753,-0.10893403329047924,-0.05051336577718681,0.06269580111044021,-0.09843398458056943,0.07534349481248682,0.03468862075544001,0.06677474060215345,-0.08422826251830151,0.06720647938848552,-0.0516312733453745,0.08756276955973484,-0.053454497301627574,0.008453941330942875,-0.15940704462591543,0.043991292461596304,0.1885144361472096,-0.2512000933576429,-0.03967154675184495,-0.0011188684848939623,-0.10513083191391308,0.021796513604896532,-0.031071119149920657,-0.18787157646037186,-0.12456459642663187,0.17039173841818972,0.11978209876543208,0.19012983632542552,0.0
results_s1/chengdu_tianfu_candidates.geojson,cand106,106,1.1,8.5,30.43286,104.08878,0.06783973377200447,-0.11220797679388247,0.1376152688895527,0.07522252403821102,0.11779915299123526,-0.034596951520586394,-0.10720249995194382,0.013534692278722234,-0.18627020892171697,0.0847849931650123,0.025517988569891348,0.04156357198515606,-0.06728903089447265,-0.1103792264561138,-0.22639868507606292,-0.24396694211413075,0.08491324095393131,0.08268917399998163,-0.03618672686714532,0.1249101115793825,-0.13528640804421752,0.11383225417574827,-0.09374698832181459,-0.03237223927717385,-0.022880156984120974,0.23363148884079613,0.14756873035509552,-0.09539454920010036,0.15088180009780952,-0.04215491692500507,0.02867179193409471,0.09195948902083456,-0.13139392702652622,0.012367268662723654,0.1970320085746679,0.0077269642006290865,-0.25788480783459633,-0.0638555127056116,0.06123717109638856,-0.13567230231685626,-0.047690997693456826,0.0001610933019250601,-0.035955486969107324,0.04549626487218931,0.056742269066466094,0.17537866697827728,-0.09858603355808998,0.13132750970068574,0.03190329541262569,0.08023737014793524,-0.11447572788904571,0.034843834799542374,-0.08048806929445085,0.07577721877133782,0.2027066980784359,-0.32995773546068646,0.01449085203542297,-0.08948851644024187,-0.1043767829809653,-0.1331690931977289,-0.07933026356425599,-0.15125605681242957,-0.032698604898497775,0.06868551830248507,0.07547791838785872,-0.1421098941782719,0.1547739629783377,0.04302426106728774,0.08907838725413633,-0.022631596805750512,-0.12958184552322766,0.0120514125497097,-0.15872818001903072,0.08471029607637282,0.054043714922126895,0.026674059696128585,-0.10403214364141085,-0.08312597994870745,-0.18853528250768983,-0.22847232055393213,0.05236863447837127,0.07208356591141436,-0.0887254874696711,0.08758295417464057,-0.13309854502068036,0.1065687676924457,-0.09900158089656565,-0.044304314865762535,-0.05991264548868948,0.2041473182150085,0.11451420253462888,-0.07293087213176665,0.14316418311863527,0.024302136556241197,0.04772944583365451,0.042415149400348885,-0.1479099095984595,-0.0005437721790207732,0.1432693110439763,0.05182955313524403,-0.2429264523548436,-0.0803612837979943,0.06867450618490817,-0.04843550190514123,-0.05030074236686809,0.04819529334747246,-0.04709783220760467,0.045381474607797616,0.019462312508532715,0.15926832357320442,-0.08232461256742783,0.11335434698761583,-0.002741629715118026,0.05760124210882674,-0.09872325437170601,0.04791671993089194,-0.07790343272869549,0.04017099753100209,0.19857922200570471,-0.3147731553476829,-0.018346237740570696,-0.0433974788015824,-0.1379995577426566,-0.07445313343518892,-0.08447998529243075,-0.17641559072863797,-0.04156974836822194,0.08325157094751424,0.11677206790123457,0.3545086593182689,0.0
results_s1/chengdu_tianfu_candidates.geojson,cand107,107,1.0,7.2,30.39135,104.10998,0.19111516122689168,-0.13522340693000243,0.12374609435651732,-0.06834955266345426,0.0764315321498554,-0.016898625937427806,0.06258739508376313,-0.06676974756374635,-0.1121897695864256,0.026809329130045467,0.010363307124975421,-0.046619789860762935,-0.17589363261145405,-0.12153920052279757,-0.16416936080424283,-0.279494333681185,0.09519823416070013,0.006339199851970924,-0.041105871675617314,0.08278836635687055,-0.006821764578704805,0.104050996240436,-0.17419416322134293,-0.06538477287836753,0.03751154345887433,0.20580148758600383,0.09541910941895099,-0.1107075278347631,0.1740340900117968,0.02951007714366493,0.13378815658379303,0.03234823281205911,-0.13885780585746246,0.062266074718067645,0.1798312312002584,0.03465365430710527,-0.2987097600103755,-0.03072302392992321,0.12503359513740134,-0.201630947244936,-0.10673413785012086,0.0007615671125008406,-0.10192493981077941,0.04063938163201218,0.03472402961084646,0.07135120555232018,-0.16156357389036535,0.07562107295644896,-0.06161344985032877,0.1422875132191279,-0.07819300548638353,0.02158954326629119,-0.17500499136939607,0.057406313121466726,0.22355375718116427,-0.24431301832712335,-0.001944441299944615,-0.026442663679252066,-0.06436532603362154,0.016278955427902843,0.020094007966904772,-0.1273578417047605,-0.18927581050880665,0.17872568096240132,0.11422694347868187,-0.1588981317978151,0.12746091166162818,-0.013222451972202507,0.057025931551023,-0.007691823038195352,-0.07616156026296078,-0.04092642469552926,-0.09681505557140607,0.04776213575726869,0.05555891907539412,-0.052116815080837875,-0.17629923221157404,-0.0981662489082303,-0.1506123838142525,-0.2566494746931407,0.06088951571817932,0.05055534692138855,-0.11197536290493182,0.053666071644639435,-0.07520515923249978,0.09475814398991483,-0.13689706911101043,-0.08650711322321657,-0.06327183527762191,0.24081155339124088,0.10118177576930298,-0.09342009448543798,0.15871873445801926,0.11418083515411849,0.10739896295184213,-0.0049382403736912195,-0.11548271844719128,0.00950968908797691,0.13818500197225472,0.07270337993947974,-0.2901137385127735,-0.026962310910078724,0.10281646478616811,-0.08102349814187945,-0.06266129331458965,0.019947495448381754,-0.10028681219275828,0.050615814212405554,0.010389268408634734,0.06765698846377693,-0.09956349266538962,0.10476153360404693,-0.03930717548842248,0.07184475917154998,-0.05042246868430287,0.031458726001385294,-0.13874821577590513,0.05519118802138697,0.2199099659236022,-0.27453271220152065,-0.03117966106310524,-0.002692123950548301,-0.11401104809993359,0.012929654544205615,-0.033936750993090105,-0.18839956616806489,-0.10563404892943065,0.16177817793658814,0.13218383333333336,0.2730325407482519,0.0
results_s1/chengdu_tianfu_candidates.geojson,cand108,108,1.0,6.8,30.39549,104.06614,0.1611184077482712,-0.14017873616542365,0.1230587625959928,-0.027135686285690245,0.10381949956053874,-0.061275638329971495,0.033224924954764576,0.0032492997198879468,-0.1751791798892885,0.08296206573234494,-0.003577792340305878,0.004959684018296236,-0.09839491312166239,-0.10424613132185973,-0.16611294959534476,-0.2685110429942571,0.11691539939829652,0.06464258427014975,-0.010397695375111576,0.06957508583436371,0.001626570101173232,0.10730818935367394,-0.1605171877661907,-0.005800333205177499,0.026144235272315776,0.17149003871368437,0.09606764783446685,-0.11423371683653258,0.2108079841226517,-0.0022602860432702687,0.04492920053817066,0.02775075324746471,-0.12830622564846933,0.031178177003476137,0.18257991257172437,-0.0005986876115511335,-0.24047784098921218,-0.07178079174592553,0.13662952662979072,-0.18095668542325882,-0.10887047749299797,-0.033523417649253,-0.07014324803912488,0.004366801852208237,-0.009703728021169051,0.1587094329823932,-0.18344102476594099,0.1669170638868729,-0.03659066620211922,0.14214691075252628,-0.10681896108241237,0.04016844177175935,-0.13982971625011828,0.05494131594662512,0.2214654431347953,-0.27382906862290907,-0.019071545197433364,-0.06048094635748826,-0.06456520721345468,-0.07223471776576718,0.00477807168369518,-0.13258689615645697,-0.0763526764794627,0.16971532773165152,0.07473397285914579,-0.130584267211052,0.14292203742338755,0.021514765436882827,0.06722762632222379,-0.01628073235368797,-0.11983736103419107,0.008476278704078112,-0.1085148484426274,0.08556534131847104,0.022693021798037203,-0.0407583293000076,-0.15298612933010697,-0.09768785688897165,-0.13914095733512874,-0.25142688086922754,0.03245014787430042,0.0828290039677313,-0.09427036966950354,0.045484018296843336,-0.14680881009945845,0.13231917504007978,-0.1425954344338187,-0.07254813467349469,-0.07095299917292816,0.24261064294179563,0.1018446328645935,-0.11267117135493786,0.17224739812973114,0.09500241817267913,0.04494173548458747,0.002612159865277706,-0.13184260777387904,0.020150326014192886,0.13007182215925908,0.08287352253919873,-0.22644635875578425,-0.03678271594019409,0.07632309215752951,-0.05649910056389944,-0.0240717010401379,0.06088999254566808,-0.10345607170046904,0.04970719982935004,0.007873904056885171,0.10758989570879358,-0.07681446522508555,0.10887721982452757,-0.011292684552573486,0.0743998316695136,-0.06043636250431273,0.04602635815597653,-0.09260540077840981,0.06068051277849345,0.19211779361935663,-0.28308735776605043,-0.04709222618558475,-0.033951901588730155,-0.15816183507888731,-0.03492184753687387,-0.068212789044266,-0.23268943754618146,-0.05540267399614382,0.13592842416387,0.11308533333333338,0.17162734594911602,0.0
results_s1/chengdu_tianfu_candidates.geojson,cand109,109,1.0,5.7,30.45325,104.01665,0.08904981887259818,-0.08801100493523621,0.11049214442537383,0.08659504730783274,0.1151530336930571,-0.04463335563332185,-0.1253659208171484,0.06668012102216864,-0.17054208138753943,0.09251825103502932,0.033028052687323194,-0.010935843151219668,-0.14407089214355262,-0.1004217398267758,-0.22981109736454272,-0.2417457509793884,0.07129715254021303,0.04950532236575383,-0.09127332829728897,0.10358243040199767,-0.1385535995279909,0.08980462015613483,-0.099409458948165,-0.038244348698505466,-0.036876614207143756,0.21462065310600434,0.11074930562374291,-0.1067915088975209,0.16923989472310708,0.06353274445653276,-0.004149829040694643,0.014188815704777822,-0.09078213434892113,0.052121655121731315,0.18786365254610454,0.0442101254167065,-0.2219149344899651,-0.034948057435344224,0.04365643354668882,-0.11229162205577967,-0.07894519780002539,0.029450985803504384,-0.0708167812868621,0.08424341113890972,0.0006116819646333539,0.15374536764651334,-0.09684973377479457,0.14210461932697674,0.0028740022718931556,0.08370611111329312,-0.09429967780662377,0.004112342018109685,-0.05863809335534531,0.08811688580442077,0.24552693249474913,-0.3234281801158292,-0.07163043848061582,-0.04486045347964918,-0.13229431690683885,-0.06635312481316669,-0.07964867856203045,-0.23259778911542364,-0.0074962677848954395,0.1290409086525265,0.07071129740823522,-0.10188607568867906,0.13245488213014553,0.03874109049186912,0.07606330309070992,-0.001348250435531663,-0.16751904474180154,0.009302584625720775,-0.14414013779473422,0.10140232769389412,0.05335522241185733,-0.01521323392793537,-0.1593742456740915,-0.06514895670677104,-0.18486692921696363,-0.2403424454089617,0.0025924659308058846,0.05805348378455503,-0.11695904580646754,0.06399405798318532,-0.15745875741696388,0.1223986576625625,-0.09659643348777165,-0.0641740172347286,-0.10786080878619754,0.19943747964209757,0.09816743620591871,-0.06948753147121452,0.1319851395369393,0.08423162603145185,0.057693067326819496,0.0006865753651896356,-0.0903659676871841,0.002747720695568896,0.122967825378722,0.10274071608634504,-0.24788420260541305,-0.04983010866893331,0.055504084524993925,-0.017675543332204852,-0.04724937702235991,0.07610622370664603,-0.09125791379234548,0.061919434779941565,-0.02809214240541822,0.14344670274124474,-0.031512837279071004,0.093658443188923,-0.01726931056256331,0.03635448364678235,-0.041007787850168995,0.04013671857909915,-0.04833590734128414,0.022999138267672192,0.21122175963166742,-0.3056378690058818,-0.09805806394771906,-0.014241875053037084,-0.17436383999070543,-0.04902545078950494,-0.08339774182277553,-0.2525240341674485,-0.01742372273339539,0.10311835094892313,0.09346569166666667,0.36654102215620377,0.0
results_s1/shaoguan_candidates.geojson,cand01,1,5.6,7.4,24.7476,113.64766,0.10816011985380862,-0.2847775340222021,0.022658553188355763,0.010730690819239727,0.08915694549729368,-0.18688697418828787,0.0034400504614993618,-0.057056853045788065,-0.3084834592085356,0.17679861749599818,-0.00692451778583754,0.015307135899285966,-0.17675993536400514,-0.165152040280655,-0.18727723693702367,-0.2606083529689942,0.10708300576487291,0.1596077686123173,-0.023791695272990195,0.09035144890682799,-0.04056892337401251,0.11050939676453302,-0.16144924292809068,-0.09775385896214578,0.046024328850363214,0.18445041308029234,0.0006058980732757983,0.052180658336328165,0.034898759163477476,-0.01338131411150724,0.10873483551257894,0.033046320089550905,-0.09372822548265133,-0.001112041934961054,0.10539500559693353,-0.031325443356048296,-0.21807691497453557,-0.12554005547533062,0.14429328942412553,-0.006650797282171448,0.09022232153961439,-0.06125377877405078,-0.042163364492504934,0.07419335037593217,0.0679677112222123,0.1026558171639122,-0.011766737978177547,0.11605888960573027,0.09418770050021356,0.015688257906164318,-0.05457224770274113,0.06720005418922197,-0.11444895615465489,0.09754975508043325,0.17673259873143057,-0.2800518914927239,0.039848664201366964,-0.017603510434468946,0.04142014278461543,-0.17651938657417007,0.05075436908903335,-0.1061691411344046,-0.10608065863516582,0.1361470555584517,0.07963917245130833,-0.28824701061922753,0.0833195905461265,0.023071506621025962,0.036370804916909055,-0.11818709639303361,-0.057374893581776484,-0.052761488366759,-0.2486042368670866,0.15900399274581153,0.02122957267653351,-0.004974613316948664,-0.22548256856878776,-0.15725343670702155,-0.14141462511519545,-0.20719490335789464,0.0581865472974192,0.13720060937050854,-0.04764807772345546,0.07113431557413248,-0.05963925355028096,0.1160043219070615,-0.15151612796392408,-0.11073211719550069,-0.02986694581031669,0.17123546675717324,-8.429712833571251e-05,0.035695352797783256,0.0018443917005702302,0.04468951324617915,0.13729751005297547,0.014339383102197567,-0.0589824225994271,-3.3568363151315816e-05,0.0680216001945061,0.06719085050529365,-0.17261756657002617,-0.10024215023749421,0.08847020008562181,0.044607665545978246,0.05834532561010915,-0.019711001846950012,-0.05815044802733844,0.11309914224612538,0.07874688567722232,0.11578339856965021,0.013171753033538573,0.1046222796372009,0.08071749815956207,0.005095182351375123,-0.03207729051467921,0.08756020394049571,-0.1463952686507415,0.08780631975599797,0.19743586882590633,-0.271132921740924,0.012533706433625488,0.005952991778572267,0.02780679623532382,-0.14247128657974556,0.02961823516529466,-0.1374146417851503,-0.08809090121536413,0.10768041424033173,0.11760353717026374,0.04476366199912897,0.007194244604316547
results_s1/shaoguan_candidates.geojson,cand02,2,5.0,6.7,24.80572,113.63033,-0.10685252975271875,-0.07211718729084486,0.1638514750299303,-0.13434338325363368,0.01609032161854259,0.19713685059524627,-0.1910222491858369,0.08215272601331675,-0.1460614102221158,0.11893263322337702,0.04016158993283657,-0.03381178261279049,-0.2679388566114661,-0.00497508778846956,0.010124512750301224,-0.07765601522765707,-0.02088160251782338,0.051244871584679504,-0.16585165306648805,-0.10155440960193791,-0.15716997395016882,0.09932032663439447,-0.03701093287542389,-0.05509501318421926,-0.04712012592657002,0.08121346295633763,-0.12151421641088485,-0.05492729301166688,-0.07841083418092455,0.1820847107381637,0.17549656453607648,0.11027479655045704,0.25411198882986563,-0.01118900026130221,-0.105641055141698,0.16366295393329883,-0.1335906529479691,0.029218371573211124,0.09543474292708477,0.011717976817339147,0.11897564225360659,0.010403854616851537,-0.08121249828435154,0.2063835501890883,0.181278991324811,0.10580297548206499,0.17371507498370278,0.1329522642982938,0.029713035897229397,0.04794215036153445,0.05599629412553849,0.021599256524055258,-0.126914287935265,0.026176341891552136,0.2469461427612764,-0.1779606996467959,-0.09490074535661261,0.03164108773994096,-0.02139907381164102,-0.16209057694686188,-0.0973748074435802,-0.21326975053420202,0.13570625826525867,-0.03195036393873211,-0.07432213875813874,-0.11373740901869343,0.17670067452974342,-0.05960615628086818,0.007165745572816971,0.10390422110761455,-0.22155126142701756,0.09377897138109206,-0.07442888574351124,0.16046877082076735,0.01680542453182464,-0.049695670841787734,-0.2769615714456485,-0.037476938636959195,-0.016724072069237785,-0.09363999729465776,-0.0907439125743433,0.07666251442371892,-0.13490869876094652,-0.0787440784449926,-0.1981213960678978,0.17206179224296803,-0.06735358451473986,-0.08766211526961125,-0.05634431270385458,0.11766400663455598,-0.08626970193700612,-0.03826435928397081,-0.05146984173230399,0.13650767236012998,0.13699258519066046,0.062014557501161555,0.10478659311886787,-0.0024308917763888748,-0.11284952041562019,0.16345248478323568,-0.10948573642654866,0.004631158360806688,0.09422859667433099,0.046741453918728006,0.10108549960776131,0.0756885928827704,-0.047438190961655725,0.20319367153598866,0.115276732064404,0.10701152216009661,0.08650264481295947,0.14335534865256847,0.06171650676061047,0.05452140082019617,0.010344973232259493,0.04338495706825872,-0.03951818661059822,0.05256458711792223,0.18993589687711063,-0.1767048174292322,-0.11898505917025913,0.030849795419836543,-0.08117170528362225,-0.12933064500720431,-0.07097511242066978,-0.22498564951234504,0.06348894771218473,0.03162245787325294,0.11891656666666656,0.31855380220040447,0.0
results_s1/shaoguan_candidates.geojson,cand03,3,4.7,9.5,24.79611,113.63724,0.02820666529223818,-0.1808010071127505,0.33044546178704365,-0.050242783185602595,-0.03879772282977163,-0.1220354751166398,-0.09008860896571018,-0.1039445916875178,-0.11238343361184971,0.10421871033064085,0.05873145413519784,0.07889454646727165,-0.16865975650341708,-0.07303847361658765,-0.07092011164843628,-0.04363284645116904,0.043798716035975675,0.18718994666225472,0.014452833547324873,-0.07022640252046657,0.03168338301023846,0.23206668961560278,-0.005683066710986176,-0.012371939229904426,-0.17930079647706734,0.010982373222017533,-0.11647573893094143,0.04266084708494765,0.028628896213888384,0.06428486802361152,0.22881480140365787,-0.05934280228636018,0.0974702760478953,-0.17307407120376692,-0.05122823255337376,0.036359428427300354,-0.3026316934911632,0.0548156745548057,-0.01749550770796423,-0.023849130308893688,-0.017190403022665845,-0.034683609567829295,-0.16106530561737623,0.006872697073988525,0.00895644719344893,0.19279869466540128,0.04335197183007956,0.19527042378328477,0.1943402878787856,0.04219064576952702,0.055483235982899226,0.1631445271664531,-0.24856883549601186,-0.024340747189405303,0.17688331579710834,-0.2386558155777328,-0.06709670015282637,-0.0663739757221056,0.10322219177975607,-0.06361212602900747,-0.046046338448939995,-0.1702451455652342,-0.029321153839168376,-0.09235236902036721,-0.0034803727899845108,-0.1731345323737824,0.2449186513139708,-0.018081480127686633,-0.017864155081304563,-0.0008823721006403567,-0.1900628755106385,0.024626515092962906,-0.09805043822446893,0.14487863743810234,0.02460358470911315,-0.021688111829969863,-0.2750578580161784,-0.08805328146078359,-0.06455240428990414,-0.09062306513232435,-0.06839851103812064,0.1562319575557219,-0.06697157277932476,-0.03384805041078944,-0.1317892070469385,0.21235373650866665,-0.030323721859263218,-0.11360995366504854,-0.09532473811238196,0.10587000893101096,-0.07397308744849472,-0.008569211441282617,-0.045898974806126404,0.125321701917416,0.15544661601112397,0.02478656384667603,0.05953707700707755,-0.04939251659521405,-0.1031990655401443,0.11745268036041165,-0.16984563722674506,-0.027533696009258243,0.04012860124640251,0.011744145169118939,0.044370095206251826,0.03822490690395424,-0.1122201748383981,0.17547613311632165,0.06376661444900784,0.15779027756668926,0.051908498073540484,0.13838775914073057,0.10753986494882786,0.03410911365157592,-0.0007622358920813385,0.07451827694662398,-0.09308238319583306,0.05031240833998232,0.1501714525931664,-0.22525302548359602,-0.11324540170160205,0.008228218038984958,0.007248156156124369,-0.10139774632309974,-0.05051121678051163,-0.21766502990847186,0.003883713351701885,0.01606286803809659,0.21035974576271207,0.12196424469738865,0.07415254237288135
results_s1/shaoguan_candidates.geojson,cand04,4,4.5,6.8,24.75622,113.65224,0.08249120192807367,-0.2737192671527246,0.12216411478545487,0.02989817393147958,0.07223923562435945,-0.1815532992873472,-0.049694572700187546,-0.06098808538037617,-0.23471197425865978,0.19148917187689776,-0.05743664064848022,0.017895206273875332,-0.2009269619624314,-0.17039659470050872,-0.14645717918150386,-0.24732979778152384,0.05915367532590059,0.20086534682446347,-0.02162956052569039,0.06807649400303534,-0.03337872539935881,0.15018165034039982,-0.11058259656022852,-0.15841120059271996,-0.027563795646986716,0.17553436880421933,-0.03406522999945867,0.06305753244157897,0.002526713483355894,0.03784279364109733,0.18935255283569466,-0.00047981840665190434,0.0021175670113778963,-0.04256371015852807,0.006957455428189742,0.03818479174153823,-0.2579421502274759,-0.03477741175437719,0.09417646459389896,-0.034767360451157726,0.10940009880510741,-0.08780939485883298,-0.12218889776972877,0.0943640662958847,0.0840941014900168,0.1094079633744204,0.02762152424169569,0.11057193438802301,0.10949636231392083,0.015710703367129396,-0.011262308193916597,0.08966349437164092,-0.16110886000725408,0.0944353313931972,0.15969179741467043,-0.2726391061835824,-0.038737952790266754,0.014581832236231456,0.054292412396693364,-0.1281255114436954,0.04998865447344874,-0.16619004757566438,-0.11672574887474783,0.1067365742773436,0.03143636995992395,-0.23352603562063495,0.17451944200539646,0.010410148733725706,-0.010255329463720948,-0.05368597871405824,-0.15963360466483167,0.018930661031836653,-0.13116479302704676,0.15565852868822658,-0.026437501246918092,0.018697773021177536,-0.2513894060939728,-0.10445226039429503,-0.06731022470600541,-0.12542544426532184,-0.04791462174728294,0.15748123647280451,-0.04689059798067841,0.010536516515982019,-0.06407289704008057,0.13960417197391461,-0.048223592516601514,-0.1482407830824451,-0.08934939870443856,0.1179664312410662,-0.05145747521047293,0.040343738226720854,-0.04231309279884759,0.10321214810264398,0.2202892560887783,0.052770118044801216,0.06025604479366193,0.0033048708595528778,-0.09074767182034116,0.1426729586611687,-0.1394992250690771,-0.06010130317141182,0.06246708554226303,0.04032466625015127,0.07372719878428297,0.007427537887923042,-0.07492615258938179,0.1452264512157519,0.08931958207913457,0.12012419448912023,0.043641819183983244,0.10354062443809575,0.07990305542775754,0.007607977878616032,-0.018130719457833424,0.0685364493028477,-0.1395672349369645,0.06251234968198278,0.14308801640692537,-0.24222992029377843,-0.0792034227119061,0.05121763907615635,0.018196261364981575,-0.09423897482659711,0.002429155767513668,-0.18614022738039288,-0.05577367195299811,0.0518813313471097,0.17007395833333327,0.18913238905397842,0.10267857142857142
results_s1/shaoguan_candidates.geojson,cand05,5,4.4,7.7,24.7538,113.65431,0.0012902143196580377,-0.16612204339733533,0.28737826521876697,-0.025283947010435393,-0.038041361474252626,-0.16411771142877407,-0.014331381854074053,-0.03407282897356028,-0.14475080372523108,0.08773376219582318,0.008659401346549273,0.06843955380373377,-0.161610215234486,-0.09966622612905399,-0.08995527136867945,-0.03754772326343846,0.05336424566487288,0.21162133316069645,0.004876776640606058,-0.05323292063710759,0.0811524309016708,0.16759101509844226,-0.01065997956945725,-0.060091376925807335,-0.11305929551423523,0.009397401907065832,-0.10400757462787398,0.057360403018600244,-0.02366848184393902,0.10683675383999502,0.21004689065011717,-0.015145321987622347,0.09162732897259199,-0.056568799442323826,-0.04987001899466863,0.013565387558284542,-0.2469630727669092,0.0980339045198126,-0.0231591292497885,-0.09121333686353632,0.031711852804182816,-0.10825136410346078,-0.1485430695373451,0.031674011388685766,0.01865824065858758,0.22016101303915725,0.03909252829949253,0.15913690114389473,0.21870807443564025,0.0273105004450103,0.018986126800133802,0.1967402193871778,-0.27769954191281493,-0.00859668546398331,0.1995540530982004,-0.2610135670276088,-0.08946202564856645,-0.03875896432253992,0.1934089501344069,-0.04524983388771722,-0.05980080396039349,-0.18094356645860782,0.001540198434666667,-0.05686503253679669,-0.011536926303029897,-0.23142817463806978,0.22336324770623928,-0.008445495555447019,-0.05621859854340265,-0.05797697086949278,-0.15558251501160406,0.013123744592540267,-0.08366328338800509,0.12737852363974414,0.006485808964736396,0.007603698370574542,-0.2415796085073193,-0.09844539874718256,-0.04936646777815117,-0.06674243234302918,-0.062171964299936926,0.18096950031267384,-0.05203716862331792,-0.04920506924088125,-0.06055307465033893,0.1871225637680268,-0.02060586236024793,-0.10921896613628665,-0.11832532920851911,0.11710478444199363,-0.06939693579530457,0.039028341434125625,-0.007355392288036404,0.11486390542992196,0.20426407632619087,0.019743511663751535,0.02791204442718939,-0.007340943352009277,-0.060256328086356725,0.12400234222547818,-0.11994090548903294,0.016186561393966046,0.043621143630726514,0.020757081540780337,0.04856535673548964,-0.012135027628209586,-0.07604641661758563,0.1398226565421925,0.08826545120049428,0.13810548430582537,0.019554870194675514,0.15997979275868374,0.14232463754567515,-5.698099044371469e-06,-0.00908405840290441,0.11730072785945485,-0.14167074236215377,0.07647365858496638,0.16729970466276828,-0.25046567524255914,-0.09242811151435579,0.017905801574166512,0.04711399900772806,-0.07954417942246428,-0.02297848850292967,-0.18745308367199087,-0.010583855599294754,0.034722382155609494,0.2062770259938835,0.09375177742923838,0.19724770642201836
results_s1/shaoguan_candidates.geojson,cand06,6,3.6,7.4,24.75029,113.64685,0.06760567636659533,-0.25500226615230226,0.10604360943206302,0.04412222658261947,0.07481785897708032,-0.19083660529130891,-0.054824193726768056,-0.04547815813574502,-0.2725774765488467,0.18489334697082624,-0.026566650516227502,0.018092859639255703,-0.19312482961434235,-0.1656590223959889,-0.19260928162566238,-0.21790053882262342,0.1018928683600502,0.1663988113748967,0.0013122095328022534,0.04650038575866227,-0.04112723130048071,0.14336798115304983,-0.12553616986395932,-0.11132504651274837,-0.029174029356023923,0.12826863824499254,-0.020439075032107203,0.0756853256991705,-0.03218526508891115,0.014101200024111304,0.1330356546951998,0.0033630954423077013,-0.0015442180800661906,-0.0034669894688659883,0.0398233648086136,0.0067018287328929164,-0.26204216363943705,-0.07288547258036872,0.05345748439313487,-0.03273261225200794,0.10944433857016306,-0.05516843048792696,-0.09588746958327814,0.10644965906636888,0.059742385370432,0.15374392633924142,0.0355976603185628,0.12497344400036275,0.11081172963087653,0.016454961634037833,-0.023614338432194466,0.08955907382801785,-0.1666141426938888,0.04778347285497783,0.18644964726157087,-0.2861725635690215,-0.01821923295226708,0.005452211189900759,0.07105174773353415,-0.1564148208942857,0.0279373351155627,-0.17012768438338122,-0.07584722850274361,0.06451568197313656,0.05795181361188688,-0.20694971131161374,0.12328848797599937,0.03598385577292374,0.005874657682761441,-0.06372532688454853,-0.15167872749287756,0.01392001471673277,-0.14725067378947723,0.14865206815202617,-0.009017596239530579,0.005862805678535246,-0.26838040872406105,-0.1485034898416318,-0.09764922426450148,-0.15259761731818766,-0.009176945303672796,0.14002963902755028,-0.056568302758624775,0.03496118109413549,-0.12159942651861054,0.15351999532416516,-0.08686219582859236,-0.11740558283239386,-0.04201095266755743,0.12010210156097673,-0.016801802698767007,0.013229481773859708,-0.04590602348409384,0.09615240763413711,0.15853510152813483,0.05688614696011622,0.02637363175064402,0.034923077818282945,-0.033072279272695154,0.1253780769984863,-0.12991426610305537,-0.1046931872676258,0.04739872127937311,0.007609328036384815,0.06588829542988449,0.035602702487832115,-0.07656865098868883,0.18030268299180213,0.09789633782675869,0.13081061127070961,0.03737938248352328,0.08525508658531655,0.055723814850061136,0.015059630438464465,-0.03291298872752129,0.030340798273889774,-0.10687833990374407,0.06797981208969887,0.15986133874163252,-0.2658963364706943,-0.046886375444333585,0.03558244569676584,0.010978074636908378,-0.1310714420167751,-0.010669004341904188,-0.17556157081316193,-0.07259074432161695,0.07641736988970907,0.1629584269662922,0.21258614020291644,0.0056179775280898875
results_s1/shaoguan_candidates.geojson,cand07,7,3.4,6.8,24.83024,113.60023,0.03844202002236014,-0.1593289768951709,0.3248408093414454,-0.05842880894066246,-0.04835660149891633,-0.054111714589606515,-0.12820672572036035,-0.02731120050372526,-0.09366283867545916,0.0586195682441818,0.06525454505399736,0.07509807258352119,-0.20728784854984966,-0.08409930009583572,-0.05503002100422248,-0.045463169975658996,0.05808135575909933,0.19274241921043417,-0.04814587606282777,-0.060691547826016434,-0.012701097294799572,0.2373938828647042,0.010640662615147834,-0.010228488369788616,-0.11164762828895554,0.07760336650114559,-0.04935819992882145,-0.01996364307072201,0.06563890711676004,0.1277864517556874,0.15598590181320995,0.02123170043869485,0.06350444819970848,-0.04943943604303196,-0.010849538625158545,0.041520355808044994,-0.22029581783964297,0.06772739584972345,0.010736818022981593,-0.12938303444694338,-0.07080359609397228,-0.0629045822794121,-0.1438590085457606,0.09513176377305775,0.10886148412571345,0.18348370557365432,-0.04135226156031869,0.2647637311175615,0.18779677366219638,0.0744186164497343,0.007400736544259252,0.07231075151277504,-0.22999583049545444,0.04446025600503505,0.20815295520570948,-0.28988835546441194,-0.05559032336473875,-0.09695155773865993,0.09273970664511215,-0.07063022493515621,-0.03267212332161864,-0.1424476368797903,0.030063308737920628,0.0025247409130490436,0.05673751293573591,-0.20540867157609208,0.223414792838717,0.005887246079715038,-0.0054017659428067044,-0.053662667933921576,-0.2196461583763282,0.04234998523826763,-0.05684311416119591,0.07153701239519882,0.06651552101094162,0.05076267061020451,-0.2916728074522773,-0.09125304609275123,-0.06184447534031686,-0.06466345857794453,0.010602584994443406,0.14907064311403775,-0.0793854123301172,-0.035698982465845915,-0.06917822533036642,0.15913418637359197,0.030792490219045558,-0.08575058200199706,-0.057313956704906494,0.15302417523072911,-0.03753802621980924,0.011906989290421064,0.0023800569765424873,0.13571055976863525,0.1357813035622389,0.03223257178049248,0.03778480384556794,-0.012750650952754258,-0.040252298156796235,0.04412306467859777,-0.17528705421322183,-0.019567477320432215,0.06754335628663677,-0.0023458197816838217,-0.0018545924151460638,-0.0072053764510511655,-0.061430112151382825,0.16640152995541957,0.11850440061982313,0.0886072079461053,-0.01851565152500093,0.24053912051567325,0.13898487917512298,0.07426785360094361,-0.005232259500581615,-0.003608971513116994,-0.13357171515440033,0.08294869335081088,0.18198490461650693,-0.2736523395399029,-0.064454408568718,-0.022582996400161693,0.005656811333397192,-0.029828187455597597,0.0056507386339803975,-0.1524141404828005,-0.025040681969700107,0.06054537820372687,0.13577529069767438,0.18671365240242965,0.005813953488372093
results_s1/shaoguan_candidates.geojson,cand08,8,3.4,8.3,24.75137,113.6562,-0.017228317355660293,-0.19618550903304996,0.2724696092218349,-0.03782187359161917,-0.033276117116052835,-0.16721675898405772,-0.06792055420129661,-0.0319409139186554,-0.15500414227087042,0.09880641770251111,-0.012319055469652099,0.04632671918258649,-0.16745504510553674,-0.09912226057675291,-0.08573926315219646,-0.09608517933532774,0.04565480166170381,0.24589860257264018,0.022993663433137194,-0.05266636473655494,0.037256321050753674,0.19966187590082207,-0.017265648238140054,-0.06848309961415837,-0.12099658184496266,0.04282644579473788,-0.1093152204776859,0.07191078583075373,-0.021979110383306456,0.09041439990836965,0.2449256712434809,0.0028043873746734123,0.0808944258112804,-0.05083843520523549,-0.059095666380690734,0.033368880670192634,-0.27258824470061466,0.07416818281877482,0.00420729669355173,-0.04459598569437792,0.08038778819040115,-0.10232488731339283,-0.1532506000561255,0.03769225427532209,0.038087616355832674,0.18124965313542069,0.0722991834146119,0.14302288554626255,0.20012957431266412,0.005452159155348211,0.038073823111191535,0.1924170700624491,-0.25419381386331397,0.026220757390855352,0.1713999278281902,-0.26135560054074464,-0.09174467483906819,-0.021610549810675818,0.15052590304907923,-0.06939773279443325,-0.05288905451701374,-0.16120105105616062,0.002874171040918354,-0.043591413122376944,-0.02335718753722071,-0.21712264074755494,0.23032902279853956,-0.01655545608719441,-0.0588407911885917,-0.020315411345985003,-0.19404588809878362,0.03631870495710451,-0.06480356953981432,0.13925089241941718,-0.007445939255145807,0.005099262883315576,-0.25360035609982945,-0.06448296018068174,-0.056676795052594965,-0.06027917329595689,-0.0883256099266704,0.18730206217423867,-0.038892190349441955,-0.05756542521964884,-0.08124871120528236,0.1998555772849828,-0.0015839041932448616,-0.11773893703559943,-0.12592276559575216,0.11818653571448012,-0.07423595119120938,0.039228952773994887,-0.028465855223722813,0.11425916615859934,0.20939278753238535,0.02477807289116345,0.03191131366588779,0.00036187667355225804,-0.09829372651174817,0.13485104637522732,-0.11949695269651349,0.003999607978462635,0.0626526736866209,0.030378836036176016,0.07583876469832893,0.014559463827973827,-0.0688032038518607,0.14426640494010187,0.07278728761989219,0.13341978007490435,0.029444490767356703,0.15535326456469795,0.12650938421600727,0.00110379164080609,0.0012734433922405209,0.10064457236770605,-0.10686056669731979,0.06657316061146873,0.15896963325602778,-0.23422357654494091,-0.11405828480224116,0.03355993432978099,0.026350576330601016,-0.08055779144845361,-0.013073302696065317,-0.18870521433518758,0.01028332001954035,0.013917869237184632,0.20982240196078428,0.0795149215653624,0.14705882352941177
results_s1/shaoguan_candidates.geojson,cand09,9,3.4,7.7,24.7988,113.58595,0.1616947916517429,-0.27412874463769615,0.1238906755168503,-0.04551427715709997,0.01929261849849829,-0.16887720753746624,0.014809286615376916,-0.025901378099652924,-0.23804316638452544,0.13623091770427814,0.007174562430113463,0.06920500190924603,-0.13221607306531172,-0.1650030052485505,-0.1250463725791671,-0.1094964124632232,0.11776115372042252,0.1487119733538624,-0.030724978205794066,0.0347012193636728,0.06281496783230703,0.11486148207680907,-0.12000551910296109,0.01966802370736099,0.06709596850106408,0.14639258416360051,-0.01708715456812807,-0.004038924242530686,0.15736859083520235,0.055386938220103314,0.04828365283264014,0.02648685292034983,-0.12315416181057708,-0.025163501396951487,0.11754055776387907,-0.07059563294248047,-0.20127118372017314,-0.09896124072945314,0.12445681171939439,-0.17608150807146686,-0.0894233752522959,-0.10350833252340888,-0.05217971026774602,0.027940358801802977,0.07546686416838934,0.1812450135249553,-0.12572989463643025,0.20218276576203878,0.05214804567756536,0.1120672626936464,-0.08191697924589018,0.03404749736467996,-0.22646761239663715,0.03475183904487288,0.2030370990037128,-0.29797980733330054,0.04795254205748408,-0.02808462105795186,0.0948239653788582,-0.06505591392294034,0.0928347930505105,-0.07831194514986702,-0.03648444057155796,0.09008683884047874,0.10882712338068112,-0.3188804158444439,0.08814631422475289,-0.020920826216324434,0.004982838566584293,-0.09090247960231515,-0.04664395789258121,-0.023272574819257996,-0.17193573234567366,0.11690156972959442,0.06937064277075002,-0.0013311768774567647,-0.18710905303657435,-0.1721445843842524,-0.07167968697600945,-0.10002218688782037,0.05212981123718727,0.09934820928977184,-0.07523887031748526,0.04898419006836885,0.017856833605510714,0.11536738519728557,-0.08511152103383327,-0.01618866348552987,-0.022709918033883704,0.14149661947833442,-0.015852518670277708,-0.005937335221598652,0.10629922273713918,0.07883688579946724,0.07239443138073093,0.05530754799934984,-0.10488616891565096,-0.03804215088521831,0.0476838045087537,0.015815601734531184,-0.15727957959911185,-0.10164210667211204,0.08157826635874631,-0.03556680751007955,-0.06685039192187099,-0.08455594864992702,-0.004553969155032534,0.08894061134175484,0.08409919565695952,0.16800263376371088,-0.10050492569396112,0.16299964285579305,0.021996217682929496,0.04773164750485717,-0.05296632385436578,0.05325746636371227,-0.21225356721282362,0.05506570111689024,0.17322541356995888,-0.26160149735657995,0.018388432125560687,0.028677634308903206,0.05887207692761086,-0.03602504924429808,0.06523332283971366,-0.11862365491659521,-0.04891952825590397,0.1180000381480103,0.1069645337301588,0.2309286378893638,0.0
results_s1/shaoguan_candidates.geojson,cand10,10,3.3,9.4,24.79233,113.63769,0.03524559766258505,-0.26456517646321265,0.08383422203413743,0.02428906793826761,0.07608747862148578,-0.1356134465899023,-0.05550747886120171,-0.014657546396562112,-0.31339144269359615,0.2792436939491086,-0.051438881005921915,-0.07531387319210377,-0.16456014980403227,-0.1254760461987965,-0.20320277480437812,-0.21577627641831193,0.06005625506515206,0.14381421349656154,0.02973419299162747,0.06457955499498905,-0.03900239955670989,0.11983298805015972,-0.1483369174556549,-0.1664261607553635,0.015914041546462945,0.1669788321591862,0.012727964249131259,0.08796102144812412,-0.05615168488046936,-0.022512732881745354,0.13574193139144974,-0.001658704593418691,-0.01231943220510098,-0.05686980602369317,0.00014214787339678333,0.032672384814178654,-0.28776329045183713,-0.08356241511980725,0.08706445132244844,0.031151969036074496,0.14127656121930607,-0.027541410101445955,-0.10266178162429687,0.0626383366663071,0.02860332375391498,0.15367110639055076,0.04056750723988286,0.14674224431296953,0.09087918039271008,0.01321498445995221,0.0034533465730299277,0.14175979318045004,-0.11701677255657997,0.04250163882734642,0.2069422787951878,-0.2316446347420336,-0.021730385564673996,0.04340093802697176,0.06291310573225393,-0.1483183745045487,0.037331253336431225,-0.16298502863222689,-0.03233860874391607,0.0742677704664412,0.010017298316987245,-0.2830778084544915,0.18130870066021787,0.030164813011991243,0.014630885404588173,-0.01192900352132565,-0.17606207806312563,-0.009279241854663368,-0.16072531007497196,0.1648182232929376,0.03690898357383485,-0.06372368583504896,-0.27526987715749784,-0.10961810907135056,-0.09895610547511825,-0.1381245060747826,-0.05648386370650686,0.12109781543222521,-0.05441045121413357,0.024738334976658716,-0.11311819974080488,0.16721755301917351,-0.07391223126197134,-0.1342285176901827,-0.07107375506798648,0.20125272810448155,-0.001956038111987303,0.01926031688323663,-0.04730223113064249,0.07910785390975941,0.14504246679157426,-0.006522690184832441,-0.02058643931427999,-0.04212204697669316,-0.0410116019875639,0.12945523401321946,-0.1927803727763392,-0.04035065283251867,0.08345643770713075,0.06094743701316335,0.05996684504361269,0.017297671241685342,-0.09493798039287903,0.16546242885061999,0.07331095630908238,0.12314537886484746,0.03911721738912183,0.13066932678962492,0.08069879119482853,0.026039639290861605,0.008671956743102482,0.09254228956662239,-0.11767739468992831,0.07799360880926151,0.18994356933335158,-0.2516850288114956,-0.07201491403369582,0.02576448609542677,-0.00789157525932257,-0.10751096143595364,0.010215493941613637,-0.1637442992651776,-0.012972756719054684,0.05652364737043844,0.1985669207317072,0.09599640676255225,0.20121951219512196
results_s1/shaoguan_candidates.geojson,cand11,11,3.0,6.5,24.83599,113.63069,-0.0045977978727310765,-0.21858505927096886,0.20286887091757663,-0.03134996468709402,0.001051895445483109,-0.05109081264221206,-0.09219257530851419,-0.04810766919040759,-0.2338950452357663,0.22499759394420166,-0.017413452410605407,-0.007749304765642202,-0.20583434095676229,-0.11915500028241484,-0.1170383613631829,-0.1663613224797579,0.016845425625592936,0.19684372081376153,-0.014316711860402452,0.06223077282689216,-0.09053929126724888,0.18683131963496374,-0.06832678765226616,-0.05175273975501737,-0.08396993750153928,0.12854775840102803,-0.08630841137345452,0.007038719727607642,0.03473573868125135,0.04012746270466038,0.16182536090468289,3.708408158497936e-05,0.05891957107760185,-0.09821794957443855,0.03745467169320702,0.09137674321065323,-0.21620292687876244,-0.05249994875241253,0.0775400804063587,-0.003967601496400063,0.016719593995228,-0.014662216458896406,-0.15976647912261774,0.10711383468073936,0.0611720758310921,0.20734588375690405,0.03316192600674227,0.18360934620318797,0.1151684275927629,0.026294896757863766,0.014437325822722872,0.15051764487619243,-0.16637870979073735,0.04614713558430431,0.23115295863751925,-0.27427187943853887,-0.05878508855951808,-0.024993966057432385,0.03344963512455082,-0.17257607833403898,-0.04193113002626383,-0.22816308442343228,0.01634854081527463,-0.01298106552804115,-0.001668860997688089,-0.2449117801502163,0.1849705735978449,0.008732192373417649,0.005360421278437254,0.03302914907116276,-0.14841113200585684,0.021425583280916177,-0.09786196268423364,0.14598851121924478,0.059409911519378446,-0.044105036136715056,-0.24774403272915949,-0.10282256794461953,-0.03516190863985426,-0.12527636224047262,-0.04490676483767933,0.1258018791871898,-0.08921775972384484,0.006209894313039968,-0.11463520464390256,0.16683348330963138,-0.06245998693001836,-0.06548587129949784,-0.10240563302459721,0.11139340922681833,-0.026127668549504792,-0.04530998259437954,0.00033874609945699685,0.09571874610638763,0.09391737609196456,0.03532442310792178,-0.006014909879028507,-0.04961441868349837,-0.07737685684692124,0.14091385859127503,-0.11266211334659604,-0.06708756153817769,0.07821160149687505,0.0736833250669407,0.015139955440375344,0.006540692113903211,-0.0630535856570923,0.16101518029456283,0.04470453867798321,0.1702785030626243,0.004877825571466361,0.14983783417247018,0.029605311211168696,0.01038708902534632,-0.016288032281553993,0.10146098193140358,-0.11880806545412911,0.06154659418148546,0.1846036496001899,-0.21965687792515598,-0.1079122226797365,0.02851287808304088,-0.007429368305566008,-0.12337975389003179,-0.02847342841829081,-0.19843840428771298,0.04260970508212013,0.07440416460853823,0.13306951754385946,0.20578100794477297,0.0
results_s1/shaoguan_candidates.geojson,cand12,12,2.1,6.2,24.7502,113.64919,0.12078268326599846,-0.3233115237243384,0.03793519716617287,-0.011245687835803878,0.03955680643522441,-0.18886755827347998,-0.0072234431302092535,-0.08989550359295913,-0.2853514255315755,0.18373871111992746,0.018203730524516414,0.0016416410501007561,-0.17577685723215297,-0.15758093520684932,-0.1691044680953292,-0.21148915822825504,0.12193018442544154,0.12412882289954537,-0.047627026120274606,0.06733001505316191,-0.020567147218780092,0.10427238190673198,-0.1669639890703881,-0.07463157563713567,-0.006069375866930897,0.1840701178735525,-0.03353102359564458,0.06744780357832368,0.06865523187061383,0.012302281656528401,0.10526480792440207,-0.023442522291323088,-0.08727556914148835,-0.03402893788936096,0.12082477715593455,-0.01849488484833729,-0.20648525296422238,-0.09709140745081254,0.14246706264330503,0.0028961475691259954,-0.00455766104314917,-0.07656137273622736,-0.03275026810822156,0.06397147802536234,0.06427854445339905,0.10682823118476953,-0.05975039694034314,0.16857731471990456,0.08305036837963592,0.04623947705778421,-0.04404015393824671,0.08229147728022018,-0.15087439052584994,0.08806747667672887,0.2107650246888272,-0.27541244252699476,0.04636972494941473,-0.0015040479753483374,0.04978057538067033,-0.13322972316586912,0.07757175594124038,-0.12032684810692872,-0.1260096353884962,0.15035912696271858,0.0819061764463903,-0.3035372118094597,0.08362766539560293,0.037003774340014936,0.03268173562090498,-0.12569570798424934,-0.06982824563412965,-0.06158820332860113,-0.24414738561040086,0.15206641353384148,0.030254415981812586,-0.02240717488541458,-0.24598129212117734,-0.15680327633671343,-0.15002412136472087,-0.20623015769999004,0.06600713497603061,0.12778970913016208,-0.05224011267791688,0.06481917344310585,-0.04360805118496376,0.09595810706680312,-0.13748904501596648,-0.1251695901364132,-0.03542815241441838,0.18091730075650708,-0.011636414681237368,0.05701420023168575,-0.020752107477072738,0.04957353153397205,0.14782483527139695,-0.00010468996269968455,-0.054290326460210085,-0.01223859502800636,0.06011299843691329,0.06319760737651144,-0.17792427410998138,-0.07874035158722245,0.08901288136203746,0.06019918535415208,0.04360992144237346,-0.034248598993419456,-0.050514722060469364,0.11904088984954697,0.07635368120910394,0.09687266744155555,-0.006128865716698921,0.10697294739799712,0.08210049539222525,0.00019111647185358828,-0.028620469799244708,0.09586416666711932,-0.14342070824355896,0.09694082025626914,0.2032788449173082,-0.2721442817219072,0.006889085796811607,0.02752630405557201,0.03509341707661554,-0.11486952732308583,0.05630814176630819,-0.1388890431423614,-0.11345252098420343,0.11270742895588608,0.11850495283018866,0.02720608836274803,0.0
results_s1/shaoguan_candidates.geojson,cand13,13,2.0,7.0,24.78829,113.62,0.04022704550169048,-0.18049185250292712,0.110540927847403,0.01315144510751215,0.04314223164387996,-0.1255505159312816,0.0010923162944095795,0.02242363385179559,-0.3080575601841764,0.2535372971382501,-0.1059569288324247,0.006917560624168412,-0.1630305533191751,-0.1158891779817564,-0.15933289972169304,-0.17936057496527316,0.11779243397661616,0.16945179992811504,0.028697494547537408,0.03415163487945187,0.0017747119218250989,0.08999784890712592,-0.14388996701700632,-0.10676987781774043,0.028517175245691615,0.1739178854917482,-0.028401129455609016,0.026053048476634397,-0.0062950068699433774,0.0321446277935325,0.07923945322298717,0.014089294308580764,0.03435026198245864,-0.043638418787964206,0.08110476884473998,-0.022835578556113817,-0.17819494190195972,-0.07512656807340397,0.09244893745324514,-0.07462303125442982,0.07574037952064433,-0.032874449624954706,-0.12228076034688123,0.07691473128700878,0.04763693107627358,0.19992257835948202,0.015540234020832946,0.19289317049495755,0.13281543204539029,0.04869011499891876,-0.009570262170921287,0.14411346381477305,-0.1650219759077967,0.028642960608962317,0.28225688201734117,-0.2759285670463012,-0.011639087959487685,0.010201003539686488,0.10500194022491864,-0.16238300890002927,0.010826023904994613,-0.20118044084366443,-0.02606674760971906,0.036097442865986686,-0.009949926380162935,-0.23383354321391076,0.1703537211719587,0.014286829555414441,-0.017179892013907374,-0.0008472313009615965,-0.1722463544471618,-0.01796594275968572,-0.15082997831931666,0.19230646488658246,0.003491561814464973,-0.03135973727502752,-0.2612405337831371,-0.10422302104651851,-0.07794460376962761,-0.13371363235152167,-0.04697272982986586,0.13381573052213336,-0.08385135601115781,0.011424738647639621,-0.13809806945160633,0.1565669283407317,-0.10766483622447844,-0.10975596418199231,-0.09844184896757445,0.18713199532974428,-0.047121591841348245,-0.010525843094226665,-0.01684811261677509,0.08373595006964084,0.13519367455226391,0.009403786996033009,0.008287981009538196,-0.04856985291880782,-0.02325287360097006,0.1481649941426677,-0.12338037324986731,-0.04329445882406793,0.07542389372659118,0.06027222140435957,0.04638244455283178,0.027904521736081357,-0.09112716093500418,0.160080080631952,0.07122353459450362,0.14432130640148455,0.04859039790392393,0.13554357224187671,0.0959644933578836,0.047348680770618205,-0.002155597879375822,0.10199403984685175,-0.10176896719877837,0.09566914720119364,0.2103058134273327,-0.23792679767334787,-0.08146249975556143,0.019099358974500998,-0.013783236269600716,-0.12631709536271335,-0.022952973992369497,-0.2050646391863439,-0.004103147985183846,0.05468729090742942,0.20951183333333348,0.08931799383518861,0.23
results_s1/shaoguan_candidates.geojson,cand14,14,1.9,6.0,24.78883,113.61793,0.07340211187715101,-0.20778261750623758,0.1869725898765421,0.06766844786008122,0.055468105562471746,-0.079966941215454,-0.17780623527047693,0.08913222774351429,-0.14016200596851286,0.21297099524640778,-0.07246136824369902,-0.026403534438296176,-0.29569847848120634,-0.11557778308497484,-0.08432322127900534,-0.14741594330290847,-0.03319266015762377,0.21511949906403963,-0.0249270287152366,0.010222860782394061,-0.11539100515674038,0.1977260346355643,-0.03260254705992814,-0.16018029274742032,-0.03918310842011515,0.1507994255908945,-0.03573177662439369,-0.02866398286251139,0.031794068069577554,0.12239562003928993,0.0914731154236605,0.03289306132676348,0.019288644927480517,0.0225556152476913,-0.10093804208946527,0.05831967910304464,-0.10683691003926767,-0.09250146505744644,0.055338189510784334,-0.08971371065291085,0.061840497929409474,0.033752144200709905,-0.09117534589767044,0.2011908737824082,0.11777918331827386,0.12849719857264805,-0.00011919986573787445,0.17484492409113203,0.10579552808352717,0.08556683288815024,-0.06911723371337326,-0.002048924721873279,-0.11148436527980096,0.08486344451210293,0.15669305936837466,-0.27539404711371024,-0.1133729750337321,0.027868362115103535,0.0122284663847435,-0.072841344370164,0.013310293681066489,-0.22972098398382745,0.018116491277452098,0.06547428223249475,0.02131904071361782,-0.23530259631786435,0.16068543546295203,0.03849747094538712,0.006117541891084707,-0.006867871069032357,-0.2005824983197128,0.032056649072783494,-0.10670234382078894,0.1709867259593098,0.013766012738886762,-0.018811809644052713,-0.29197629925527147,-0.0871531138099671,-0.06338891968094117,-0.12761080565440613,-0.06761591474996037,0.12436944785384542,-0.06393975551358339,0.008472288514573656,-0.1241505813915161,0.1577567669556026,-0.046600374090242445,-0.1419134697440352,-0.07241884336772872,0.17792539590962322,-0.03775578795510775,-0.002062376934451318,-0.009537689010266075,0.10044092575780948,0.14298706720319668,0.02696615734115251,0.012419927220954662,-0.021399181050672518,-0.07823205020816798,0.1407809731759937,-0.12515615766673555,-0.05934965543840198,0.08086933882725712,0.03211399046609674,0.04192889850833946,0.033350578682445405,-0.06223176820832413,0.1922582653483754,0.10144176892226785,0.1075848979172042,0.04101668447700571,0.15100223966332543,0.10340488519672338,0.052222968116647665,-0.02012431224990183,0.036171602923969384,-0.09427230179892009,0.10670845329239569,0.18893562159342445,-0.2535229989852025,-0.10786124628900697,0.025180981663214946,-0.01958533501358708,-0.10655885432146468,0.00808517887077078,-0.19925349412161952,0.004206752529352752,0.05446733507807413,0.08066909722222228,0.48866211050837666,0.0
results_s1/shaoguan_candidates.geojson,cand15,15,1.7,5.0,24.79215,113.61901,-0.007182577444388203,-0.21776289768646465,0.16067349119550967,-0.012927484632824312,-0.011975503979745854,-0.03007599991517745,-0.1067671673964174,-0.010732630596791312,-0.21331188133691456,0.20246924988267767,-0.03179787445706641,-0.08753546588334873,-0.24914824827565882,-0.0915543798409946,-0.13044376328233845,-0.2115243290488719,-0.01502826675222683,0.13399079527612048,-0.03316892285479577,0.0011694922723873974,-0.08921252755581004,0.14451396575934186,-0.15557967614374482,-0.13239244304671613,-0.08381426291492763,0.20646634600047778,-0.07736764443116788,0.017449123515489804,0.0021590751389661067,0.08041170072016211,0.1917691734501674,-0.029481011638209615,0.007728194560844992,0.00982578735166423,-0.030661370050441776,0.17826312809037673,-0.15492746582434175,-0.0425384769001408,0.1274069058478708,0.050518085554624385,0.10065008532966024,0.055294676000837206,-0.10245803633909484,0.12946946322987743,0.02204425857238086,0.10363169155563676,0.054011784067555656,0.13664350236074121,0.05089891085977818,-0.006034861706943562,-0.011678294550057767,0.12164188907236392,-0.11432508839525847,0.12971866751120445,0.24796657400723038,-0.22130197848641517,-0.07183425965110268,0.060934763146806695,-0.010880587709762992,-0.13558457741304084,0.0001716189217023183,-0.22311489788561314,0.017592867528353328,0.09758802010294887,0.01855367965486128,-0.25588226256211105,0.14349856892054305,0.03594294034174044,0.007481304868008461,0.005863225907076726,-0.18566068317171713,0.01430067767523068,-0.1441881751160314,0.17017645603505355,0.024856987910753005,-0.031014243370963035,-0.290150735505669,-0.08389458675674025,-0.08960795986926519,-0.16050511095165151,-0.06366404290767816,0.09354518057033614,-0.07504259772661255,0.01629541878358046,-0.11223124548986262,0.11953097469395893,-0.08796716315204987,-0.13338309590364653,-0.0761276931525555,0.18088170242142992,-0.03386662131935348,0.009760988629476795,-0.03534593057202205,0.0988884040031614,0.14969718359635079,0.00874592070949619,-0.008933100634870995,-0.004407944464183157,-0.0636198392616398,0.18061701727901205,-0.12148350395507443,-0.07595749588540096,0.10095966888530256,0.09236136741071606,0.04813072538357925,0.05452958373242973,-0.04881587514721117,0.17571288586431327,0.07116426530810184,0.09796849445383313,0.03644391863431011,0.12123366229808741,0.06241651806116558,0.019870240214155947,-0.020964035655274188,0.06390279450342475,-0.09295469260577176,0.10240342635743963,0.2024634563665223,-0.2492253225504353,-0.09456003417929063,0.053290104043095955,-0.04966618232515391,-0.11210260543694406,0.011549750179225696,-0.1766011480312604,-0.00884053267140589,0.07319389996400928,0.12118184523809526,0.24165191516775547,0.0
results_s1/shaoguan_candidates.geojson,cand16,16,1.5,5.3,24.78982,113.62089,0.05968776310664211,-0.2415593422535184,0.1479594356808387,-0.021187826293266456,0.03687932022293401,-0.09148952015765811,-0.07636572739053406,-0.06844819791249394,-0.27881753216851973,0.22299139328655102,-0.012753668664463057,-0.013247389197464224,-0.24376219707923824,-0.12148201502873536,-0.15165785935666126,-0.21192146108202783,0.07941603720230762,0.17430186838597736,-0.05147159075706098,0.06104696022916027,-0.04022555255287703,0.12608210012460486,-0.09200842903852574,-0.0863662096115256,-0.0346638874509852,0.21442733730901042,-0.0726945898621953,0.023767609387498397,0.03035983699197075,0.05329768844278931,0.12533699769653273,-0.014336132446393394,0.009006446805981146,-0.07789101654379442,0.06269724106341698,0.021970612401665406,-0.1991409665467901,-0.04904408844180091,0.11584104661022718,-0.027365518661685,0.02226969194598189,-0.053476488241396135,-0.12533816019027288,0.1248510074518542,0.06463568462260327,0.13146972457104422,-0.006514172345856125,0.18045700719564092,0.13743044072841074,0.06103073252466629,-0.01056964387693949,0.10337620748182381,-0.11420576312541467,0.07653714505884199,0.2463910320984182,-0.2927394421309824,-0.048468769109620356,-0.017466940523932467,0.049809743995237625,-0.13920972591241154,0.030400444609598218,-0.1888422633745745,-0.04762791142306664,0.052106392002441396,-0.005247508377491482,-0.24361928000335364,0.16255010967895603,0.01158963271283237,-0.004995682107587619,-0.0024244756607117402,-0.1751864669404371,0.00024342914336312435,-0.1585089926437175,0.18405659414659606,-0.0020306892390349663,-0.038893523494667764,-0.2624377595515201,-0.10148605190973131,-0.08570651236946696,-0.14727001601510867,-0.040651560487461186,0.1343748159779885,-0.08604715535279714,0.012249148588927502,-0.1316863592517062,0.14958379844522454,-0.10981066413273531,-0.11645876967906936,-0.08070275421517724,0.1985263464239812,-0.039577688267209976,-0.005067828544800642,-0.014624445033531488,0.08514398071737866,0.1332832914542257,0.006869547133355145,-0.008493314140262845,-0.02614321967856587,-0.02291737104153901,0.14403017362970275,-0.12002615670041929,-0.05248930848927464,0.08846881363355238,0.0634822562853452,0.055275193146251025,0.03264256749569095,-0.07475757838666429,0.1611592476193175,0.07716387523592995,0.12667569990591881,0.027587299315169008,0.1485503514591626,0.08843060738280206,0.03588647265482114,-0.01211384820001403,0.08707620802263878,-0.08631529931860117,0.10276973034166387,0.2076038043545173,-0.23629484722758454,-0.07428032448217164,0.027892864944899946,-0.03074819903594617,-0.11571473420430421,-0.014297309566253205,-0.19313681039369832,-0.006300721461418962,0.0711233214826161,0.11538626126126121,0.12446030594232779,0.0
results_s1/shaoguan_candidates.geojson,cand17,17,1.4,9.4,24.75443,113.64874,-0.045822362729466624,-0.12069387412944946,0.17946953074213856,-0.058493423336910544,-0.05570315382324773,0.1305245267494493,-0.2088317394392936,-0.020222623012773753,-0.058666656337964036,0.157077759176891,0.06273051686211431,0.02733554902449555,-0.25698643537012594,-0.0784214245328268,-0.03381060091930986,-0.1158629569286644,-0.112770018063241,0.09467268793143659,-0.1435025386936718,-0.05118475365444718,-0.11683684735164229,0.17196203353342437,-0.060146966003536334,-0.09423566576650176,-0.1162570707116817,-0.01794743114559422,-0.0992986423565894,0.02966903018738572,-0.045559922199047184,0.15129679905204646,0.2740748076578849,0.07402522472075389,0.14640401292231373,-0.014328746559366204,-0.16476220476855916,0.26575292765693687,-0.11937380100592343,-0.0633294488189267,0.11839295198840899,0.10825736950629446,0.0752926273628176,0.10491700214200697,-0.052688657027958274,0.18757761840220688,0.09394282343756008,0.1380240147870134,0.14667537450077556,0.05345404340581962,0.05647241494013641,-0.0748723672067748,0.014057202015314327,0.10562729226880935,-0.07695564587637145,0.0336041390062626,0.17960858459055304,-0.21383211228701565,-0.0993059403227849,0.059535196944843535,-0.019788035470609346,-0.17138296809841855,-0.10265480083171885,-0.20161375281514796,0.08883466910202722,0.00942878345681205,0.012980497389204725,-0.16667044302636444,0.1296599044220851,0.01198349634074048,-0.012342977526712706,0.01683520017489877,-0.21635238489492484,0.07717231349927597,-0.08113966526402151,0.1701718786641718,0.003622481372531096,0.016191707548117693,-0.2643143789494361,-0.0946646694423725,-0.04718395145018714,-0.09774976081495097,-0.07982288776090504,0.13221926874936177,-0.09940198181453536,-0.011392511598664029,-0.1294920731778604,0.14489465156829753,-0.023316693522900223,-0.13887862826079952,-0.04990927276093945,0.10693475561253013,-0.045507903538064914,0.012952533823958704,-0.051191297947449456,0.13401859541668698,0.18987378355488857,0.09949336043797977,0.10674811874154456,0.03320190797240333,-0.13184316870545856,0.16683649836492223,-0.07952933925315363,-0.10462108914522952,0.09946838657464435,0.05019764997453405,0.07490550377576222,0.058145770532666,-0.04649719305293154,0.19510864615438217,0.1142245861680557,0.09814763795694856,0.04625351934954923,0.12271145625445525,0.04496822481309796,-0.0033442642164226853,-0.0138927932178061,0.013861871910425132,-0.05300441863371891,0.07634058623782992,0.13877340846648722,-0.23869158667384213,-0.08140648999822193,0.06476689613764079,-0.028333872243082404,-0.13690099598313218,-0.02655429244039954,-0.19061881002362308,-0.02201633332856957,0.06673085897196433,0.11088368055555556,0.20950827855255477,0.0
results_s1/shaoguan_candidates.geojson,cand18,18,1.4,7.5,24.83977,113.57589,0.10236566213491971,-0.06418221500145155,0.09080917885816889,0.018211038765153096,0.01272682472618832,-0.030525127100366,-0.2711982462662903,0.21341138814634159,0.12788037218785203,0.22173366515845622,-0.05752697526152391,0.1015448640886053,-0.27488799593327506,0.019852732186662708,-0.08953342728151019,0.010494445276716976,-0.15589502763154023,0.19572184342301105,0.05176061364532105,-0.16772963260909768,-0.11409058336258271,0.14047219880706868,0.021120520491259412,-0.10178401294606833,0.0019707623673532234,0.17071851405638253,-0.1462602116752002,0.04829700615809782,0.009930465703763294,0.12246569521014902,0.11157473797194292,0.16775809688267948,0.004151923230665558,0.1250375990867455,-0.12967937562490717,0.055849647672216694,-0.19536220730988926,-0.12341722069012183,0.20460408592908824,0.006608802066365873,0.040207994030200374,0.10889696681732189,0.03792190968407064,0.08004745962680979,0.022280884255739236,0.009105043060932832,-0.10873625913902979,0.3173407124846431,0.047647132373194984,-0.019483159679623566,-0.005837025332993343,-0.12242438647366707,0.054145985247264314,0.06277690688706354,0.0534547319412391,-0.2538028825090915,-0.12509305295389744,0.12373516170059873,-0.009199165987346103,-0.04933056808710978,-0.039368264041898464,-0.1549525478387579,0.044285115591963194,0.07347481966368555,0.08045053415074856,-0.03561683544075723,0.10800552328018534,0.03430809360878573,0.015558904511537793,-0.03141679614378228,-0.2836124080575547,0.23201781381720846,0.09380780777167856,0.19157845342375882,-0.07038607274682095,0.08901807502228112,-0.2750393012660222,-0.010872459471284268,-0.09200818800585371,0.0057138123263355605,-0.1078536039705571,0.18525940062869645,-0.01970952131772971,-0.12866215985285295,-0.10509240486731265,0.13700856068957132,-0.018708790942542786,-0.07408492689649622,0.02922340375939174,0.12559728204020668,-0.09935743113691693,0.017984664581711243,-0.025209110328951317,0.14733757574205092,0.10411856926047237,0.13540973608435308,0.05572448461527344,0.12361110864941932,-0.15135116689608782,0.05713215993025644,-0.14656404173438636,-0.13780973143830771,0.13229384534135194,-0.008697194476980457,0.03864219865124837,0.12675980632720957,0.028239995939673117,0.07706236640561243,0.04378710580622818,0.042456209374813425,-0.07566922129617187,0.319525162981245,0.052688442755155315,-0.005028139449947968,-0.013727300188393646,-0.1439412493331707,0.04105517965248324,0.05035036602618593,0.07738977294853654,-0.2275393079271733,-0.09010446917392233,0.08488301704008343,-0.016569115336986382,-0.035818298579236615,-0.04557748768547414,-0.14795908495805674,0.019494852571579905,0.08570468998643399,0.03842999999999999,0.735342766508712,0.0
results_s1/shaoguan_candidates.geojson,cand19,19,1.3,6.9,24.79934,113.62467,0.07448530907612722,-0.2962146266517321,0.12882364871082988,0.022606508296881205,0.025922938224971152,-0.1221746748146269,-0.1135256305190684,-0.023399763367446418,-0.22364133899574282,0.18257638666586062,-0.003553842074331564,-0.023577106313961108,-0.22158384868408995,-0.1138015369886752,-0.1378311079632385,-0.1629599503081595,0.08977187160743288,0.15506331249324343,-0.0500191573647047,0.03580293350684986,-0.03869317923360622,0.11209958813058023,-0.103452346412549,-0.07755091225893039,-0.05225792620130337,0.20269744737431533,-0.033518389231767684,0.019646372125572468,0.06457159290859071,0.06922105104467721,0.10125640280571489,-0.06072256770088264,-0.01539077570409451,-0.04170587337324338,0.04423346469322046,0.02489877326818093,-0.14125188087330096,-0.04942836036747878,0.10875841480196427,0.005854612497368096,-0.015843435078472138,-0.06227846647634506,-0.07177169824579299,0.10034471750654407,0.050926892334400786,0.1300131138621439,-0.03695134650383952,0.24951310290027465,0.06432884973519389,0.080792527844116,-0.035428230447662294,0.054938972627797567,-0.1276929251653192,0.11104718082572326,0.26431035266407826,-0.2448904592112349,-0.005378729079954732,-0.010142900181660943,0.029348168900407978,-0.12016388925720412,0.07207141584997055,-0.15492276750008044,-0.036666388793882954,0.1327937386835295,0.03406448002892231,-0.27580290213406994,0.13971392937485855,0.032629577346607576,0.021784676099366705,-0.038584405738059234,-0.154242000818567,-0.04096511728745248,-0.17054750628377482,0.17477177290977539,0.04432619827011112,-0.03252701821623644,-0.24678666728267978,-0.12831647383051042,-0.09096937604951151,-0.15128459283762968,-0.01731275691374724,0.13712849149052467,-0.06829514649728663,0.03175392308559618,-0.12693987078620222,0.13584241093224597,-0.10379217079163561,-0.10930878147669579,-0.06739727519548334,0.2129940345945625,-0.01650788800735961,0.011681773640193347,0.003725477821842431,0.06256193617285911,0.10590350658512437,0.00016384894626124473,-0.05206859315747324,-0.05234773927264283,0.009805549905591916,0.12334014163798,-0.13811890250380976,-0.05463606882581597,0.08934326059791207,0.08637053713757428,0.044963146544128745,-0.0012227452811778277,-0.07166652554413055,0.14732658590992734,0.07902399068503563,0.11544357018217298,0.014730288396081665,0.14293941415439504,0.08743227515954201,0.03580275026844502,-0.016288618232849533,0.08161586114721374,-0.08717290172358222,0.12013094585273994,0.21926542001638533,-0.2500967125288483,-0.04574959808762744,0.007541700528482257,-0.01954824589186332,-0.14024531607887833,0.02155739704435973,-0.1435889722248681,-0.023125570698358057,0.09257685173945304,0.12052436868686872,0.12049598512299964,0.0
results_s1/shaoguan_candidates.geojson,cand20,20,1.2,5.9,24.74957,113.59996,-0.03084782713877279,0.01691777469694661,0.1515947665565761,-0.10458248862723782,0.053398920986014266,0.08672387066611012,-0.15281233641385095,0.11547693920770478,-0.02512659344057436,0.18726111250469749,-0.07125714346743804,0.03233545060697371,-0.24718077663175364,-0.008896008999229196,-0.06626087719058449,-0.11462122147411263,-0.0985210686001788,0.12380160399115761,-0.1594288505727345,-0.15363566613050023,-0.10252742851884206,0.1331274610610666,-0.05691335727719453,-0.06396537722759614,-0.002750407870724918,0.020828965671347198,-0.16407885075811565,0.05907227802931507,0.007598268913028275,0.13853165579844542,0.21456603471629315,0.09401253209514246,0.20845019491117603,0.004814221656745271,-0.08935745265177347,0.22012809373636347,-0.17771541003820837,-0.07966469371360481,0.11359127427157532,-0.017148911924474874,0.15530499776592704,0.011761085324690772,-0.025220812053011327,0.1943997926830463,0.10685745611037631,0.09153863536961296,0.09502451153322297,0.16626241225686048,0.04399964930689692,-0.02817519595936321,0.0357001830735314,0.023246075643277523,-0.0683944990470212,-0.03358535830839311,0.1839190965103841,-0.247294105177643,-0.11523609206804403,0.08539458959785454,-0.07710733011116984,-0.18187027553701815,-0.12785329060603084,-0.25632243755391176,0.0953579658530945,0.013778117403351841,0.00827819637315704,-0.03125626904063057,0.13955565218535498,-0.0031764693939374967,0.03233840418860206,0.05415253504194968,-0.24501372611386282,0.14836297360524822,-0.02002539188124938,0.14459719623666256,-0.03268548404858207,0.02012923090709272,-0.29608142109789154,-0.03843681075353341,-0.05658602992698156,-0.055536194216738076,-0.07985792437148186,0.07880093120252889,-0.1320264087308223,-0.05757982102835081,-0.1556822495576151,0.11536520610291905,-0.000834407918198518,-0.13142522361285724,-0.015200337069928816,0.08667586772495345,-0.06673335341089957,-0.03684976455865464,-0.08897790568101734,0.19624308764048226,0.13937032013366701,0.10262015544876754,0.17534132317255138,0.01657599374650512,-0.15584912567196227,0.16674406322312785,-0.12001215755711173,-0.09389819843625392,0.031886858809915,-0.023428779871407655,0.11656580748402001,0.051077241825976526,-0.011378436991867665,0.22039465875473904,0.12761427472458592,0.09059581196680744,0.051965200197967756,0.1577286412880658,0.09462056969143104,0.07115956319366279,-0.012722417009862517,-0.08418163161650069,-0.03766170459940183,0.04624267899793586,0.13180517932451308,-0.23393380458760712,-0.11519918853250229,0.03972700038908742,-0.06270950757269199,-0.10114649804763769,-0.04995660229380051,-0.2141183265284283,0.0038986833225426805,0.05402464834580042,0.09917190860215055,0.42381839567365076,0.0
results_s1/shaoguan_candidates.geojson,cand21,21,1.2,8.7,24.81515,113.62727,-0.023419182502443212,-0.25904429769335,0.2447434013080453,-0.04613598054666664,-0.05036038832620044,-0.09436670943526648,-0.11479768623276641,-0.022192821852151046,-0.2378855245584617,0.15139668646973062,-0.0021224406230748497,-0.019519872132285735,-0.18171635649291004,-0.07258099686164475,-0.11808076590825613,-0.11755876036109712,0.06203832683101638,0.171198983288828,-0.016120624709187903,-0.020618881330079133,-0.03477263721186787,0.17223607352541084,-0.05195805328898202,-0.0015109683868582491,-0.14124905699257026,0.09810725898706639,-0.14506087426865072,0.027612493623245297,0.030979541062465255,0.08114066414716177,0.1685268094366456,-0.04792289822275417,0.08103680703012824,-0.08168918489863534,-0.010913511182561736,0.05483679084900945,-0.20758195305218755,-0.014571983963729515,0.061492384438306874,-0.01832959375435369,0.02982148921901617,-0.04049718958157206,-0.13804518367229243,0.038231331439832685,0.03660122163759266,0.16026680703086577,0.03526210941755128,0.20838328276549345,0.10639913096919375,0.03653043772433879,-0.007871372348415038,0.13907599911586488,-0.2306663501244525,0.021637032135008647,0.2377379267945243,-0.2616158978533323,-0.055067241251262174,-0.014504996787008038,0.053258091868486304,-0.09384139981280351,-0.01617287334999974,-0.2111665148488317,0.04963535620181207,-0.01569676789896139,-0.007987346979822825,-0.22592993385120896,0.22674182665762668,-0.009731520424952152,-0.042405825932199125,-0.01344105200485062,-0.15327253933278764,-0.03182768173190138,-0.14531201082927192,0.1228451799439659,0.046882533211839016,-0.02433431625431284,-0.23999778513869321,-0.09575044868632243,-0.06076871480704982,-0.0973537906281978,-0.01804755343024085,0.11801222232067576,-0.05043578521715279,-0.004330043115187417,-0.0854340967847034,0.15566114805469836,-0.0591733069535779,-0.07048447627137155,-0.1344622787303451,0.12645544459280664,-0.0561374060126918,0.005309742358119873,-0.012667381485695106,0.08853603526954246,0.18014361115897598,-0.0021065900598426,0.05049676023704234,-0.07152022343368838,-0.04296216076021469,0.13771795017448527,-0.16658195727612324,-0.02556125729934578,0.05117625143180639,0.06154379141417245,0.01589693114250156,0.02347077465709919,-0.10438040407461431,0.12054318077441321,0.06477681484274035,0.15013795544682237,0.04981757948166623,0.1525581071725964,0.1080264033339257,0.010670620944610921,-0.00684412525145301,0.11096600114008501,-0.17664294432413222,0.07082681791813575,0.22599153638607758,-0.2627742874119931,-0.07370435022981664,-0.0021438603329819003,0.028821878901988392,-0.10293268404822961,-0.020249991651141736,-0.19634963903916577,0.015630522970052605,0.011134430437800307,0.17376962365591403,0.06402911856579216,0.0
results_s1/shaoguan_candidates.geojson,cand22,22,1.2,6.9,24.81407,113.58496,0.07900519307710674,-0.3083852666857094,0.24827132181376355,-0.04614316396038565,-0.019480302880453024,-0.15400040696177528,-0.15555934934202076,-0.011637640586376011,-0.1257670333378986,0.0830163139455652,0.03284460306955972,0.08023673404546484,-0.17303322004337643,-0.09348223207692188,-0.085726927173829,-0.07349693668705828,0.09518219947130373,0.23401023658580475,-0.034331082948294254,-0.015229866657698456,0.042962366066025603,0.22284721461658027,-0.039375700871442494,0.02358421221367664,-0.08365203573445949,0.0944170552827112,-0.054279720802686775,0.015745815716822455,0.14329671341121958,0.07107911763193972,0.13402979995667832,-0.013970801562031104,-0.08377262268278676,-0.0463947928953236,0.0019265119076145156,-0.07226456674980697,-0.22226770045872826,0.021992347083080458,0.07302114984328142,-0.10089204870590512,-0.0813108741764611,-0.09613921898297467,-0.061676681038656735,0.019708348977908654,0.10914369062113886,0.17399388583815065,-0.0826659256097771,0.28131469746359855,0.1514464246033248,0.07479486891855622,-0.046609100529662474,0.06524017935523772,-0.2070412470288216,0.043514061089844826,0.19149024785211138,-0.27489796196817584,-0.011202072009223681,-0.05606977440024582,0.06325479590586722,-0.008521623218445178,0.04931773721287828,-0.1065236267566084,0.028046908724108477,0.04519187937942093,0.08380634836030952,-0.3192714416631613,0.23737879818470942,-0.02167008941326265,-0.016228511390357164,-0.08968784367985254,-0.17445335445524918,-0.026951794998437025,-0.10336106259801298,0.060445794728216325,0.09164638367883224,0.07203129978432787,-0.2331348585863724,-0.12820044364646996,-0.048027108413428776,-0.07226656081637868,0.04317124634552136,0.18999162853699908,-0.047487353711859304,0.010831990742399192,0.0022178460432675227,0.17851830125662055,0.015019973671530512,-0.00559251054456819,-0.08456501464638772,0.14089571970080317,-0.03957323725091585,0.009156073388167082,0.0899440637597302,0.09781684926360372,0.1256359272495983,0.008592015985759066,-0.0498346637006497,-0.05041749075384349,0.002519275119321584,-0.005352141294349371,-0.19010595341779862,0.009505340873941847,0.06878227045509522,-0.057510948654814105,-0.08237525081176214,-0.08317652671227335,-0.06500377675910683,0.10408622745379575,0.1408160737893501,0.15070390092049873,-0.05043808694552613,0.21773830299973143,0.1515102677174662,0.07959844917297183,-0.04393001746170684,0.05591140003391061,-0.20803947397944847,0.0750786653436202,0.19492443196707387,-0.30540257984504593,-0.03008181808520151,-0.04334308167568321,0.0483451979405088,-0.0231750524826464,0.03961111635050735,-0.10416817006693019,0.012843542831846286,0.02497570394243213,0.08677341954022995,0.20587272197942277,0.0
results_s1/shaoguan_candidates.geojson,cand23,23,1.1,5.2,24.75982,113.6005,-0.050097851279201945,-0.003295179091665906,0.20688656968996544,-0.06010981761382042,-0.060331077320905806,0.047206339837189845,-0.24552419506102932,0.21487976399161318,0.044144415927526715,0.1777788725677395,-0.14169628335406903,-0.055275216290179535,-0.24040913864854602,-0.04549366045421317,-0.02034270835765534,-0.10037510351722309,-0.06202311799500877,0.22049478530663516,-0.09110599200899233,-0.10304365257342225,-0.18976321367773338,0.2625798304942016,-0.12962870869782223,-0.14788266404153155,0.008410751914508413,0.1156071788859871,-0.04489276240922106,-0.025554377771071835,-0.027673501615977137,0.194733126319175,0.15183723129094145,0.07293565678157646,0.0178578656472136,0.09245800449520468,-0.196336491957296,0.10434534308330845,-0.07993606544660295,-0.029358516158277267,0.06568153128065381,-0.013286553932072046,0.09808448421837038,0.11886394294875406,-0.05668599037344696,0.1409356226984928,0.06933643592677202,0.11748043238154107,0.038988288661439656,0.2297777749744074,0.07941555331359686,-0.026091143551272147,0.031879681697933676,-0.025194177119088997,0.07611229461299529,0.026675283342376045,0.12157864138557625,-0.16562829158579778,-0.11460808419023338,0.04514773928639392,0.014237469016761671,-0.08950373296449833,-0.05618323095313531,-0.27628525814782123,0.011590219674696147,0.07234815294584633,0.011720020545922267,-0.07172478602926076,0.15804667595799002,-0.008510202859456976,0.00830402779103233,0.050084843206986585,-0.27808942052691127,0.1734030274176949,-0.013173616139742524,0.18215284062764897,-0.04393497823155788,0.016353900446696355,-0.28042378653729877,-0.029475311662058218,-0.03438147594461967,-0.08304559575058923,-0.08690249404245512,0.10943720855674023,-0.09771108202562104,-0.020536223488594896,-0.1733335179633714,0.15533362690015887,-0.03863049085646591,-0.1518615661404311,0.002220514738971686,0.10413833091910928,-0.06372224888112105,-0.03307830429275881,-0.07081985217383414,0.17394626025085363,0.12480850359995128,0.08895243313033119,0.06073170123937002,0.039728940174207555,-0.19788093239264337,0.1448636169327329,-0.09953440457677006,-0.07967774161435728,0.07190746348600435,0.00784316285498367,0.05136922304855584,0.09435457080734162,-0.010094091616276854,0.21603284202971662,0.07753636083514395,0.12076555629245166,0.036609146665985755,0.1718404505319547,0.0834823777051771,0.04702599330949068,-0.022752928372772502,-0.07245719637682696,0.03592184557532363,0.04633869413180175,0.11712463041719494,-0.19990181848232233,-0.1487756184158103,0.04212016604778455,-0.048428353743782904,-0.10356427615023908,-0.032923555343592474,-0.22426430917427428,0.008722892839219213,0.050498251780619556,0.06866327160493826,0.5524612012650743,0.0
results_s1/shaoguan_candidates.geojson,cand24,24,1.1,6.4,24.82072,113.57715,0.007425216846738431,-0.23799460359017408,0.2525321563572017,-0.04744213983337677,-0.04448334069063257,0.03460363516033482,-0.16463774349263433,-0.0583412187614615,-0.030228715303825864,0.0416811737562878,0.16693978591245623,-0.029515325906047128,-0.23458539208191634,-0.10611020741978977,-0.03579039324593847,-0.09261694902342071,-0.02895296090778656,0.13576048357985596,-0.13157177483740237,-0.06544731558875547,-0.060375074580115415,0.2211154705482824,-0.07088109359942996,-0.11367648381680864,-0.16746661315501338,0.06903069661409185,0.009224119927904555,-0.0036066352901499986,0.010549624821988113,0.16526453486962522,0.23156183911868192,0.01251012778654367,-0.017160290466653,-0.011750949641024458,-0.13617308379690035,0.16276709231698658,-0.24874754319580925,0.015601947931855908,0.04397075273974816,0.07002523163692873,0.034864396798349725,0.0170637570958851,-0.060851012653282535,0.12415391215559865,0.0970285718563107,0.12229186886333633,0.01402899736466538,0.14656829475466512,0.11428230417152878,-0.026847958779507318,-0.0032079764222758284,0.10206374409777468,-0.1773540061918574,0.09193097623571152,0.12798326389115894,-0.25610587342572844,-0.05632233086614451,-0.04087018606453963,0.03313351015557116,-0.10136141987154441,-0.05329108744643785,-0.13784434654009572,0.027379175511604233,0.07346875373177135,0.05222264726511036,-0.22526049691282093,0.15557368321117554,0.03086593664466416,0.010926867725315714,-0.015236048613234446,-0.20145440373178572,0.047390821748661785,-0.09228616698453247,0.09707946067788846,0.06203185390269154,-0.002486817770921019,-0.2825684864315023,-0.13587861580439792,-0.06308132772156384,-0.11574567913361383,-0.006923056262092284,0.13405239441005828,-0.09895300872964467,0.022550923601745366,-0.09167108836044603,0.11675375497729748,-0.02812670369819687,-0.14310935011410494,-0.02126196204089137,0.17732466874567468,0.011508698400237286,-0.0038231933807942845,-0.027617409177155203,0.1448377627606911,0.13944124803265392,0.07371789719310091,0.009983616317172964,0.014186186199789305,-0.07250777185454331,0.09919800236745929,-0.16795792972245863,-0.07610168735179576,0.07674564063336778,0.023379433436410076,0.04669281051937661,0.009780742619397743,-0.05694179553942101,0.1793945082317698,0.13936307169005474,0.0956452213209147,0.011733667889078508,0.15591407282372816,0.08065182994171696,0.04492215466222991,-0.021983726352421896,0.009186666772756952,-0.11514101383180946,0.10970037714249108,0.15191106925480852,-0.2840352338895658,-0.03130557016176942,0.015098858982930428,-0.010341697049113979,-0.07285778477830157,0.0009100823026222185,-0.1408188170291396,-0.03811487270165175,0.08111332541830638,0.11127746913580247,0.33039092193763725,0.0
results_s1/tianjin_wuqing_candidates.geojson,cand01,1,36.5,8.7,39.39175,116.99461,0.1624605746515637,-0.2024380478150483,0.1462621141617511,-0.1298571071489187,0.02910199876267656,-0.008589495025489585,0.01164878769023007,0.1118863471271227,-0.2873098436085376,-0.011397046822049306,0.12458605023890373,-0.011159549940683505,-0.08785065885674914,-0.15800173123198427,-0.17597313361501057,-0.255307362301553,0.09837339975921103,0.12543618544987392,-0.07604047915230473,0.13253036312222846,-0.03684491397191228,-0.036609202257221266,-0.09876523513011946,-0.0570046219664479,0.12625184976459278,0.3109678707811958,0.080381245124812,-0.08231404035301416,0.07126049993349973,-0.03938434966846426,0.033011399250892894,0.011541851973798815,-0.037087509906764723,0.053570795357888175,0.19676579399061422,0.06346725646880551,-0.23034354919549468,-0.15608811720889,0.1040073210506957,-0.1981534635524658,0.0008797336230058801,-0.07762151189332285,0.052860692405340456,0.053682466621063386,0.07070568158393455,0.1556096950298249,-0.08889605943285449,0.11468760975907916,0.06131428072496005,0.056377171981964624,-0.0888052922971567,0.09990862567110448,-0.03709133419687971,0.011402716033372102,0.10280390708126542,-0.2106237490937035,0.06609390888588343,0.002251687742666233,-0.04137518895620457,-0.03206537544278847,-0.020210407226053433,-0.06337041926845915,-0.2703393694903969,0.1413970843242432,0.14650274339688,-0.19700881643879312,0.17128399684084392,-0.15584049642463518,0.006395228747761426,0.007866153705369416,0.030996149171798253,0.08385073886316242,-0.22030285816484654,-0.026954004666412575,0.10336719032432723,-0.014778469191684072,-0.054909738636576784,-0.14776790870398251,-0.11386503786540002,-0.2420389292007449,0.06702316505760762,0.10071950867057404,-0.06595835215031838,0.11029007959037583,-0.04042844500617293,0.01147948375707776,-0.13086326477430196,-0.05636768804716975,0.08643449142399225,0.27299524869071007,0.09168043021738936,-0.10124673621493233,0.12236429438575615,-0.03126697766245177,0.06380043580585046,-0.022232143003851002,-0.06433192024203932,0.04363387069243428,0.17213920371364574,0.12201923911621944,-0.25119798473915067,-0.13390286593906395,0.10280566376886444,-0.1973009000392969,-0.007076030012765185,-0.04575033281853421,0.031359238202209386,0.030638926082498835,0.05972277596626513,0.1490952639426686,-0.08001207633024032,0.12128646424970538,0.056864551490317716,0.02263813717895342,-0.07004390809978317,0.12086136176593316,-0.08109249245542195,-0.011888303686957629,0.09926417526761759,-0.20416821367431612,0.07093936300149584,-0.0030235245339964843,-0.06335765089244562,-0.04522094919976265,-0.046573545221968854,-0.07578197391320447,-0.2865221007683282,0.14632558507296062,0.130047724131654,0.14020256539205436,0.0
results_s1/tianjin_wuqing_candidates.geojson,cand02,2,14.3,7.5,39.39337,117.00575,0.10699111137315956,-0.1302891349126176,0.2070727562947005,-0.10896929016921073,-0.01316192434307399,0.013754375599597442,0.07017860925588065,0.13775347697856238,-0.14419084776230237,0.008001281361268016,0.12842274190926348,0.021432840565398004,-0.005263029884409058,-0.14046720668892237,-0.0261185619878665,-0.17366057343157532,0.029370704938698148,0.16671064320199522,-0.1396264952657681,0.11538034904023237,-0.05910912682490383,0.005151015032668845,-0.036425706045324094,-0.06770510521722897,0.07652976918706778,0.2566867160242222,0.1521870400291726,-0.08993661491223855,0.151877033511727,0.00289309041061588,0.040264312350513504,-0.08002204319826367,-0.04206198515109191,-0.02856616492621474,0.14932858483977388,0.21213492131627357,-0.185051395823099,-0.07374926129625599,0.07083100426813868,-0.1687123403863445,-0.010421222930360121,-0.10358045458478869,0.013060050333546217,0.08064843005001311,0.04718713145049601,0.2558697445790931,-0.039772816377572205,0.16317324206948805,0.16397595458916905,-0.05585002247097226,-0.061752647448706316,0.23000395422510223,-0.03898290128705196,-0.0002509690387955888,0.13004525425530472,-0.20363300651805244,0.028719221183069105,-0.02094275878307216,-0.06080321265267382,-0.13273047109431263,-0.15170823691495933,-0.109343741950547,-0.2649445659219867,0.12164049534827302,0.05754967855459807,-0.21043604308766595,0.20061233364430844,-0.12036727864352706,-0.06380593988340645,0.019944567668530255,-0.04101950078553791,0.16791496586582952,-0.16301456706013895,-0.06585085336656506,0.12467334327162098,-0.005027658612864673,-0.039871262465749235,-0.09095391959318898,-0.03546869289813862,-0.1572574984810008,-0.044696898046681637,0.12589026345696386,-0.13511426019863135,0.11316370179164745,-0.08816051950479961,0.026863025002457495,-0.07052303600905184,-0.015390481496154787,0.020344872607625446,0.28780658239629986,0.09674014990244795,-0.1454460086307779,0.13421038938795984,0.009606114579444576,0.020938033226483296,-0.08217465027743827,-0.0698166647330522,0.044465727433102356,0.1441113362230429,0.20652142616580027,-0.17686125392751978,-0.11990286609857892,0.0700481483338677,-0.1280709954281981,0.033482131650166655,-0.040246017646848535,0.01029430687994,0.05400633160440227,0.023554145643176608,0.19252020419274482,0.052358097035334304,0.14872802940241994,0.12477227486599395,-0.06723421699021434,-0.011463499953298843,0.20522098590053114,-0.062154890341169215,-0.019942230875616657,0.050628962053180855,-0.20081723025086975,0.063796513652361,-0.016223632295922278,-0.11875102154253335,-0.05283819517365807,-0.15245596387322732,-0.0911832409626949,-0.23470644118787562,0.09088744555910035,0.1281151718591475,0.2567036557440068,0.0007002801120448179
results_s1/tianjin_wuqing_candidates.geojson,cand03,3,14.1,6.3,39.41026,116.98859,0.13360436877536463,-0.2658313539898063,0.11634437251893791,-0.06864407836816051,0.03628245455333625,-0.02891597613234141,-0.033955105555292686,0.16430519497144244,-0.24528685603597045,-0.020371824476130736,0.13194665958890558,-0.04744043281105914,-0.0797397404740078,-0.15125570250184475,-0.1403236377153204,-0.2014019130797315,0.06263316787760402,0.11179140116119199,-0.11938458693726907,0.14461324867146547,-0.01902238612564723,-0.040143955537027445,-0.09752618378057266,-0.05493154353580514,0.13198493275582643,0.363034563906237,0.11132424155858314,-0.09716154718885317,0.10599489158118806,-0.010406003479339218,-0.03034620896647671,-0.044150951296561367,-0.08909334260858484,0.054032625579007156,0.2157731873744217,0.059770016940648374,-0.20591444613269208,-0.18464490323591373,0.09046908862845635,-0.17228622911034705,-0.018239400102514285,-0.0766027070631619,0.09403507566892408,0.06018167684265906,0.05167522596060026,0.13022333428182542,-0.045400111411275125,0.14794896458969897,0.09928102304257301,-0.012429518929697686,-0.07274504111102177,0.0816590804404401,-0.0339148762983011,0.019751706593706477,0.10978174508183178,-0.22412836231367253,0.07962761619658756,0.031999149872305066,-0.05687577512168866,0.02268186730324208,-0.014478592961516316,-0.04391811933885276,-0.21907644115667016,0.1160493264445863,0.10492468578343403,-0.2756746502743349,0.14177833331712714,-0.10056962686676313,-0.00521653910456394,0.00777037308332357,-0.04927472445042445,0.13737499824934737,-0.19580341088941353,-0.04968919007472005,0.14460198529324034,-0.054916754809670364,-0.06807259974095344,-0.12662136562080786,-0.08910384032088421,-0.19663142147177715,0.010871539742360404,0.09138548701797408,-0.13486649348694033,0.12497062856222782,-0.0553386662372716,-0.015942025705857874,-0.10978235744953076,-0.05470969006474634,0.06354424578786384,0.343469537684926,0.11350666863038153,-0.10681495012716855,0.10929751375903099,0.002469363210648894,0.00384518816723551,-0.0677931784483965,-0.0927709492941778,0.05591344371691843,0.16806065189125494,0.12310654734290388,-0.20672251857809096,-0.16138941809216903,0.09062346716835318,-0.12377096261841344,-0.00014435698581192853,-0.047253031920227395,0.0764581132939084,0.051706561982243174,0.027856805583485612,0.13063802899619922,-0.013070452732349714,0.13112206183521943,0.07907515478925035,-0.046061490452083624,-0.04776538549612412,0.12080838829199042,-0.05350844045650641,0.005079353624115031,0.08395634688265935,-0.20189003711608294,0.07942193973787302,0.023599683456829473,-0.07848722228613192,0.0045365116885802475,-0.049926864271788995,-0.06665496050021857,-0.2427222675381305,0.13581936258111277,0.11163694118923607,0.27291157286707934,0.0007102272727272727
results_s1/tianjin_wuqing_candidates.geojson,cand04,4,13.3,8.9,39.4293,116.98562,0.022912717352712487,-0.18082757880032796,0.1769109920930444,-0.19915012447880223,-0.03556670749272177,0.028638831517341316,-0.03620850122782185,0.1398454936054809,-0.1941961140120734,-0.02940275911851487,0.08490711236595286,-0.038433454517654966,0.01904710062152237,-0.11789652059156089,-0.08981539043528862,-0.19843297430260073,-0.037652903513489995,0.10151537241011797,4.1179062940875595e-05,0.06141439226599971,-0.10593248005276391,0.07521225964151848,-0.13894917593899264,-0.06691619126076088,-0.04160216474974861,0.18465084205663107,0.060780968704176465,-0.11173481653848827,0.1765834779615734,-0.01360007351271386,0.1517107914788512,-0.10883716406698167,-0.015066978725586683,0.04783938448622034,0.132171933224666,0.2919662966786954,-0.27079967609743394,-0.09748999584368266,0.0678996567628687,-0.0775515016260986,0.0483199329540163,0.025528774702208712,0.004495778314069755,-0.021180429874271812,0.06739972552164018,0.21700654307007286,0.018991622097873265,0.15423698143286124,0.07370368022168514,-0.06893579414312735,-0.015922794108899612,0.20442468471463496,-0.19261839606523481,-0.10853945312680412,0.08134299853215608,-0.23735534248500664,0.08348113242360884,0.034649608706373555,-0.07393618641724463,-0.1253608813799925,-0.15489501290601274,-0.13638603928373744,-0.20334966733210982,-0.013872494785475656,0.08943144211784171,-0.2146664930781338,0.22805061716320854,-0.15675459942505765,-0.0348530044872217,0.0011329832698924092,-0.024742384208431455,0.07033188546377007,-0.2083589335424075,-0.020294564854723782,0.10351053193653299,0.007986469343411028,-0.03973205243192812,-0.12163257515822383,-0.07878125370894677,-0.17763454080692506,0.031703223387393877,0.12989167923002948,-0.0632269305624664,0.08558934644430245,-0.054179221506427164,0.0424087968360633,-0.11114395739813797,-0.05602416489685793,-0.022220125596837243,0.2350689400854907,0.055887291779909865,-0.08872598515964074,0.14569115808617825,0.0025176682171281165,0.12520244084310206,-0.07421990438259184,-0.009045265616668859,0.005557206373645402,0.1308113113454278,0.18350689353081065,-0.2826216790905975,-0.1026294840534706,0.060453812716923815,-0.11891340330970171,0.0009869231534167674,-0.021638159737654872,-0.011168978943933192,0.022546720463298784,0.06095446172027333,0.18038051127954682,-0.009368933381690696,0.14824423367271605,0.09629629510991394,-0.03320271854988136,-0.03895179018842173,0.17918937075113686,-0.14955823478137736,-0.06900656014634308,0.09167686620526008,-0.23868605951630603,0.06271101505541349,0.003908199054600094,-0.03378397582788932,-0.05514210449563134,-0.1266315041260981,-0.12974904659789607,-0.2604117126903541,0.05975971216703712,0.17925596968501706,0.16180152781743495,0.06551204819277108
results_s1/tianjin_wuqing_candidates.geojson,cand05,5,12.8,6.9,39.37954,117.08264,0.04051702912192003,-0.1786609549336345,0.17471017524148738,-0.15450388750440744,0.030363257057369326,0.15356564732974365,-0.009448812035227587,0.12964614546417977,-0.13926921042723706,-0.04218154685423901,0.21244361226152578,0.008400602697647174,-0.05019992061642294,-0.07338921558667154,0.050473288472150026,-0.12908978561454043,-0.10684781212088618,0.23617904034518414,-0.16256471952796156,0.04112955758347229,-0.08729589356823697,0.0394659761191889,-0.017478724802935497,-0.09083870442416529,-0.02843341690023566,0.26507966993563675,0.15380228907574411,-0.15334387381895764,0.1457426522879801,0.12525115390055244,0.13065858986081474,-0.12189467283408333,-0.006297470781465078,-0.03982563999896414,0.06975486460966585,0.2705679386963564,-0.19138408802513185,-0.05322289354632436,0.08474338785600591,-0.015750787361576743,0.1146267726840812,-0.06700118328343224,-0.015838487787678303,0.02974945367764091,0.045856137436179355,0.19586968095172658,0.06798623187972742,0.15054396425846575,0.14543097712517902,-0.11912832698862336,-0.005757664947519185,0.24031938692372234,-0.09210973559392259,-0.11073467657915552,0.07936341243802203,-0.20011054437014078,0.035519925078636556,-0.022118249158852805,-0.09251083182434816,-0.10793792941335838,-0.1519438269059529,-0.11115919694099315,-0.17763509650532971,0.03304265945939486,0.05830541295786108,-0.21108333411187258,0.1966325706489183,-0.1457087285434563,-0.023403211993030852,0.0714818137640651,-0.06322836700736789,0.12497646234823317,-0.1780053702773829,-0.05677386670131571,0.17533969255444046,-0.015234613703993132,-0.06340167132376354,-0.08353283033604955,-0.034894454088388344,-0.16211364362073227,-0.0631027253102724,0.17581970152178517,-0.1309424351730692,0.09755149232871063,-0.0832826431068507,0.04985853314393609,-0.040468571354815824,-0.046376806480717896,-0.030440265761229504,0.31384868598419813,0.10927917455477262,-0.12491181347435998,0.13941136335521567,0.0643155350134342,0.08623659233427543,-0.08971242347717491,-0.020116450570208253,-0.011430292587098385,0.11200412875746095,0.21155154419790095,-0.201718259398781,-0.08581671314189573,0.07676500899446773,-0.07601307222411177,0.0513151064576472,-0.06914756751229743,-0.002065346289008636,0.030069852830879592,0.045582430607929575,0.1801228416787311,0.06827706649952309,0.14376104223724184,0.14145168210532255,-0.08299381042020253,-0.0055729381049927015,0.2056269965420019,-0.08222484656637892,-0.06379630802793074,0.06536577734777677,-0.21477766170765888,0.05299855303220969,-0.014918074452731824,-0.0902298290349968,-0.05593871700955006,-0.12087466132896281,-0.09494597172748874,-0.20369647118448453,0.05294560761286857,0.1470967372617801,0.18454344044518806,0.0
results_s1/tianjin_wuqing_candidates.geojson,cand06,6,12.3,6.7,39.39948,117.01275,0.11982249739709218,-0.25935966111968306,0.14201822339602205,-0.09601508906239481,0.029652974933872624,-0.023769363305400578,-0.045304682063135045,0.14410164617161222,-0.2736814352072199,0.004159220613358472,0.09807411601994483,-0.03936774565729155,-0.06210675905586999,-0.16044746162213416,-0.1303443265899278,-0.1784867152712889,0.10240148356446112,0.17640717840100054,-0.10415200797730798,0.11302518023382985,-0.016991829159073494,-0.03276927930474903,-0.08502686908412106,-0.04805809864066282,0.11933918885865387,0.37365923158992076,0.09846033916005976,-0.09159838801520581,0.1197794910550041,0.028493618447632155,-0.06736229039141922,-0.03864790472673796,-0.07530832696638262,0.005630430335228877,0.22170372271626076,0.008541441407927466,-0.21631343684783877,-0.16626279981126216,0.09624852218987126,-0.15814994562828721,0.020474018523800628,-0.10697160692406209,0.05659331662562086,0.04004056240388798,0.06662694815893332,0.15374399616662032,-0.034350232867262735,0.1791666864649309,0.12902457506818027,-0.023916009554883506,-0.017759353956419015,0.08928612250892133,-0.049299176138599736,0.002316016985650544,0.10782281435602403,-0.23884896671963904,0.09415230405665584,0.025774253951224,-0.026390026802882417,0.01767937052441564,-0.0073489539071668435,-0.05011371765179485,-0.18963355038610036,0.08756177381308389,0.11659465895063613,-0.2612557010590271,0.14847352360244045,-0.09202201337527732,0.016921974980144038,-0.015316525462206612,-0.055516003217948744,0.13783571371471953,-0.25502352968754066,-0.000372687464045109,0.10626957916215209,-0.026662821011750878,-0.05572399741074337,-0.15185832250168615,-0.12168033172503923,-0.18060184356047074,0.07638727413991428,0.16583048095326883,-0.10301864453673995,0.12512871321498217,-0.029349423581795184,-0.028553954101863368,-0.08085213780657975,-0.03263634950717221,0.1034438661838751,0.3469134424123877,0.09059565307504051,-0.09052415128951424,0.12056809913584149,0.010364115417891395,-0.041882172544966,-0.03942027509690888,-0.06235791311283749,0.01542196194295219,0.2060323461484766,0.045571374660062725,-0.20869417807816426,-0.1702803099454852,0.0913376067649042,-0.14299679568028253,-0.009527531909437828,-0.09597501464685716,0.05683879284585402,0.043145888435960754,0.06208794223033126,0.1616391514531017,-0.03837511277123051,0.16954895357711283,0.11780056823707144,-0.02309535077971259,-0.03781625894119147,0.10575993568251911,-0.05323555441938063,0.002977648800031228,0.1070820558026554,-0.23279841913768579,0.08970064115334102,0.025035670418483882,-0.04081221061535796,0.0030144486902602976,-0.025723263021706824,-0.05278423669003789,-0.19389201333414877,0.09088709514050254,0.11746065804528169,0.23410099225121617,0.0
results_s1/tianjin_wuqing_candidates.geojson,cand07,7,11.2,9.0,39.3613,117.11768,0.10927175626938873,-0.2025480053607535,0.2967312640575797,-0.2030512064030184,-0.04718042608962297,-0.02668685198934699,0.004447796627581731,0.12928621722881425,-0.20286976762285466,-0.10797701662549601,0.02741606887416393,-0.01644396004650968,-0.0026880499091753904,-0.14107300617794152,-0.02630306686777274,-0.13645028087920094,0.05156073574940812,0.22058458363102337,-0.061115351772208455,0.05700143358129152,0.030302759293762745,0.0885927636054025,-0.11226757444582985,-0.034684553278324905,0.021171651513665714,0.26897072723508714,0.09471178540797923,-0.17149688487921963,0.1893489511197032,0.06848321122209307,0.06861792863847138,-0.022713598475827573,-0.027993974288929677,0.051878777237655424,0.05007964610310266,0.08324535658194371,-0.2591087513833825,-0.08282647813749618,0.061475203401992716,-0.2597915955713078,0.05029231796552865,-0.04346186627068071,-0.0596387524574012,-0.017810634651574373,0.07460714922787402,0.1655558749593352,0.016539156070461847,0.1670368649865281,0.09303423690981512,-0.046604585280964804,0.008084815712424531,0.10107109598145843,-0.18964123110544537,-0.0605774235073088,0.009151273178954847,-0.17069822102056667,0.06164580362271132,-0.020186607766866368,-0.006837773699620358,0.05688482193861905,-0.05665343413542287,-0.09034700387736268,-0.21068303906781422,0.039795188085554156,0.07663671418864926,-0.22902586909246286,0.23962528275860007,-0.1649644000268025,-0.07885719957531367,0.0007399412753705168,-0.05585856629693701,0.142588470732968,-0.15336854226836233,-0.11294794864321551,0.11853454613082297,-0.010945665201260911,-0.05047383229100352,-0.09998257924417775,-0.022938924784400908,-0.14203569437792032,-0.02100161371172182,0.13289992619270724,-0.1223476982349665,0.10640021165299038,-0.03080723782799933,0.056612081566798846,-0.07783830622857243,-0.018780077116146734,0.005793660775930561,0.2937959411465583,0.07603005464952818,-0.14468071303208174,0.14676937016460317,0.04282681876026994,0.02764758885743716,-0.06412127329797855,-0.06358245293436399,0.05174707372029865,0.10604197140111978,0.14691821210728373,-0.21576969777850916,-0.11535345253673822,0.06945836796219293,-0.17762835021484666,0.023444661955669594,-0.032316750678347245,-0.006438054803162825,0.031355862620387795,0.02879050869203436,0.15279573096754256,0.06750641800920543,0.11634584902999716,0.10841871811724116,-0.06273711244765996,0.01695850709990399,0.16153232191262115,-0.11535966175643676,-0.03457496988362334,0.01700830328014051,-0.1661480875620853,0.07288248630834598,0.005369014458762989,-0.0997648172678409,0.022390806898320285,-0.11849301424497034,-0.0771008745219955,-0.2522049918133054,0.09125721799537996,0.16965014827995262,0.2856484516180123,0.04092526690391459
results_s1/tianjin_wuqing_candidates.geojson,cand08,8,8.4,8.6,39.42158,117.01832,0.09492989774084822,-0.211172872873069,0.20333902429852713,-0.10996089354840745,-0.011125256255948296,-0.08994252333546106,0.007026783429583953,0.09264247622333895,-0.3128350956601265,0.05285320833800268,0.07820957389111939,0.007631304084503096,-0.024517522819924403,-0.15444121125959503,-0.13431878692521818,-0.1680794822898139,0.15439427518200777,0.20093608275037247,-0.06505343588330065,0.045730786087544925,0.03800341271292013,-0.05737973928679765,-0.15090094756421113,-0.06662420323921264,0.03123928270759931,0.20846241952145675,0.03740017102443684,-0.023519038202310657,0.04662517179502036,0.0391087308401139,0.06253241139510568,-0.0004043176189974531,0.05614245123186205,-0.002944494256330315,0.05922470062403424,0.000766262632087418,-0.32026719201332726,-0.09983721730743914,0.034838149938970726,-0.1197567910956066,0.1104952800633237,-0.0407425955323699,-0.0336341050583216,-0.019759834861545804,0.04077333053901559,0.16569003209577457,0.008292298323524445,0.15179788125151214,0.10591624928411938,-0.007457496527086699,-0.057854089027074465,0.16966493785364606,-0.1750122044563457,-0.08541037886861294,0.09825157014746774,-0.21689481941146324,0.036568248146610596,0.0326978070733251,0.07824669377689832,0.042913173264089964,-0.09539811889293144,-0.17903097080053057,-0.21454804787950194,0.05960738529712997,0.1015462828005271,-0.26438971348214974,0.20292406983097538,-0.11329644248637569,-0.02989915426362652,-0.04243104800672066,-0.07114149846255553,0.0862600008512697,-0.24161442013980594,-0.004615350266766336,0.12416056010394923,-0.014370571701377333,-0.06108207307286547,-0.1307376392424993,-0.0945613000200658,-0.16427754600318645,0.09060633670170853,0.15955978188220815,-0.11437173931642167,0.0865848164471283,-0.023249939208042754,-0.020403815024336854,-0.12747713294570293,-0.06696414811853187,-0.01897167078403216,0.26273083765761807,0.05466448725156907,-0.0538887605630375,0.07650684615178617,0.034051883722419775,0.07600712091208774,-0.027052074783495996,0.00304701574978507,0.004439873866590416,0.08584538777374416,0.09155825810223168,-0.2795827606217725,-0.10859968743318776,0.04438727998228461,-0.0720522972999797,0.04487238011820505,-0.030081455820531594,0.007732704099540659,0.02688023686152951,0.0506850104555216,0.15658936175578128,0.006502343557696837,0.15027716920124218,0.07875529582138048,-0.039069674275841654,-0.03838289345331866,0.15297586774442187,-0.12965515786092044,-0.03575083842219128,0.07418502767184475,-0.2096325568394658,0.052801390418322096,0.03887401395388208,0.008948190512650786,0.06224627181209776,-0.0917450948565276,-0.1263339013241621,-0.23193784883221408,0.07746552476708071,0.28011110409762185,0.0022093153646458048,0.4523809523809524
results_s1/tianjin_wuqing_candidates.geojson,cand09,9,7.3,8.3,39.37469,117.08201,0.056074326629734564,-0.24860794232405242,0.31969944330417754,-0.12106577700171468,-0.061863702959556274,-0.07168987019851975,-0.15578976090627944,0.06863391703199483,-0.1738747142659953,-0.057012281062420275,0.1315051449435363,0.08804507802598756,0.020463125615511033,-0.06685197493395705,-0.0895725864562817,-0.03283668746725712,0.04684375704398629,0.20885646618311512,-0.05616774804866358,0.02601952362851919,0.019733178021095917,0.08870444658008102,0.03995210458960642,0.06341816753815803,-0.09390007545698263,0.182152146819868,0.040289227020463336,-0.04848811446302718,0.1895182100532334,0.028687649413439983,0.0834115912962955,-0.06557217420775033,0.053804628902939376,-0.10307471819424685,0.08069953134744025,0.08409182751993335,-0.2728046077831397,-0.024043669084767023,0.022579321462387236,-0.12192541292904965,-0.10122511056106254,-0.11865218698172737,-0.011583932224399114,-0.013210704025024509,0.07624340735799816,0.22768535694243688,-0.013936234048345165,0.23662308439563834,0.2008637926525601,-0.028837430971366197,-0.0063952086037799985,0.18150425548402374,-0.16348706975664434,-0.09823546578411119,0.07804128408818563,-0.2510994324999294,0.02993350655926977,-0.051686592816469715,0.03692292578858756,0.005921669386171619,-0.10877128319810365,-0.04656232489495392,-0.11653909389335382,-0.053687289349646054,0.06091782970466406,-0.24697672626628292,0.2940213155945441,-0.12893969268306296,-0.07358197703003719,-0.014569202601049137,-0.12540051561960786,0.09329641724686856,-0.17494607835950438,-0.07745760405513649,0.16751906280356074,0.03862158332049182,-0.0285335303516944,-0.07277402221522529,-0.0633964185019925,-0.08380848881669274,0.010155213887896088,0.17598925168448307,-0.1026024750127721,0.0708450418231411,-0.027965938233949564,0.06864422611353348,0.01166011040364253,0.021041337691460077,-0.08012549216019517,0.25244670000344166,0.06317333945436733,-0.07409698772797718,0.16273427628688378,0.04946886715510328,0.0777867065580691,-0.07159396978031343,0.004540675646996735,-0.046832875954040655,0.08799755255717208,0.14197531291716314,-0.22799333940106806,-0.06364305212315605,0.036875262203530705,-0.08594531401980919,-0.054956992137951195,-0.09218117089525715,-0.004643632250451887,0.0352920943156465,0.06522929030535538,0.20898750624408802,0.03256783234427363,0.18794450001003574,0.16338290397876276,-0.07342727695959511,-0.0014963596861408577,0.18077095098140386,-0.1246042954910871,-0.06991718229993098,0.06210367064076142,-0.236393493575829,0.040487740679091555,-0.025062401788994288,-0.017722733371468943,0.0019832549298387683,-0.12782773464841024,-0.05257512660019988,-0.16086340954356126,0.002167231520723584,0.1401258397274023,0.17413780806936288,0.013736263736263736
results_s1/tianjin_wuqing_candidates.geojson,cand10,10,7.0,7.9,39.42553,116.98751,0.12087594893353265,-0.21111519248211577,0.21070249439822333,-0.18202076385834934,-0.03129970516277878,-0.03143798283354578,0.010482916513755209,0.051646764773220874,-0.250928362607886,-0.020357843735992823,0.12292034443387238,-0.006219952181211621,-0.04251463090014634,-0.13621484222508923,-0.10080959259662557,-0.2063296932244109,0.08789346234471802,0.1468559997320142,-0.07034561486358056,0.09759361158753539,-0.0361875988714614,0.05077105844518922,-0.11376755301342306,-0.048901677309116785,0.005350961671099029,0.23733084930182946,0.05740783922446356,-0.09592264940385449,0.14166752651654788,0.02111606928327896,0.10421384045098989,-0.029146134698741954,0.014224124747002123,0.006229984851774722,0.10737090937966047,0.1204167950065318,-0.30451165176680106,-0.11709544358565199,0.0802856499374933,-0.18362093251271708,0.01056413088243303,-0.05373799930894753,-0.020905552403239207,-0.004063597352502154,0.06792058501766084,0.15413231349445497,-0.00806155685361938,0.13764692134707887,0.10908637909765738,-0.003196667122951616,-0.04135662881118854,0.15016319045642204,-0.1533598426498044,-0.03686242037990713,0.06616470095559503,-0.22692851762658048,0.05459284405215755,-0.03575503948388976,0.015625364355360934,-0.048557349187789436,-0.09611789582277179,-0.11990814209254898,-0.24010396454401461,0.09081067530143183,0.0875246915377161,-0.28273379348179534,0.2149118862407674,-0.1414486280852532,-0.054767334902860135,-0.006098246405707967,-0.07003478716020826,0.06254579649800615,-0.17169701001727433,-0.04314112379949949,0.1515794789489374,-0.01573699949261453,-0.0685023396821051,-0.10730369053601109,-0.04619195838514847,-0.17257352217967564,0.015860184941806525,0.11516901523509952,-0.11099844994230222,0.07906026944028731,-0.06112958860839114,0.03240966935244485,-0.10858263970636536,-0.0458977479810563,-0.053958211883847994,0.2757804318567769,0.0583315128541257,-0.0836152002916743,0.14050693316901763,0.03822146961702175,0.08972168078917052,-0.0878114867300378,-0.0290443731827724,0.00044632181049230517,0.10792507914793106,0.16932923660177904,-0.2554889046463582,-0.11998529608721097,0.07564889163371415,-0.0819971984843767,-0.007884619213123828,-0.023066347727710396,0.005438716235394722,0.028766881977168784,0.03159015620795648,0.1350547770772802,0.00973443076059624,0.14422603939750175,0.08938853412130478,-0.0477192858087766,-0.02793874020698444,0.16463097805046564,-0.13609554739819013,-0.05220895488488541,0.07677729597151743,-0.21636873647381932,0.05756199333799549,0.015056528926317848,-0.05193778262378972,0.007903401282172116,-0.0994683657022422,-0.11580329160432438,-0.2532554779095829,0.09862098283155037,0.1732484492807541,0.08418438035175863,0.05965909090909091
results_s1/tianjin_wuqing_candidates.geojson,cand11,11,6.7,7.2,39.40792,116.99595,0.1325798317638858,-0.226718614269326,0.12652220917434429,-0.05452718242557247,0.05138825500593311,-0.02213425326783384,-0.034642179215869186,0.17478942921538693,-0.265518727189158,0.020753087173326263,0.09820749784448685,-0.018904556920013887,-0.04863499970973603,-0.15511419008673633,-0.16642921768918909,-0.19434664882647823,0.0745939051788253,0.12428698636269647,-0.07599000695575707,0.14814371133041743,-0.04931853677849576,-0.029297651462871173,-0.08483999238656016,-0.02483104864805131,0.16550008434143273,0.3658031335937807,0.09203534014921623,-0.0921550023180672,0.12519194287008134,-0.05080899393892785,-0.0695432925414485,-0.014602824028678199,-0.07314524602716381,0.05376547755513008,0.2381452874045543,0.03880543411447002,-0.19587166388567057,-0.20639299473934708,0.09607110041894451,-0.1631354106525563,-0.010217062057188036,-0.09488300309509097,0.0860700768729693,0.04033222871256146,0.06144430737017188,0.13954675393127206,-0.05760327345558267,0.15604972479679796,0.11050533367007687,0.0027940726919240474,-0.06882320648145396,0.08847472672100237,-0.013773377214522603,0.031097683681236287,0.09545919041308884,-0.2454384376295572,0.09025753101173196,0.011966201951905288,-0.0711988436232681,-0.03407466808332895,-0.029771357251207213,-0.022556292695322583,-0.19559149726358566,0.12352342728738715,0.07627742374571456,-0.2683831934553595,0.17794592290712663,-0.09503866714093176,-0.0342144685101088,0.007434567782453014,-0.08242597784161286,0.18090551134846808,-0.16808619380132517,-0.07005396138679637,0.16013584310097298,-0.019470198783416978,-0.06090538403928989,-0.09627863858305515,-0.05051700939179727,-0.15808879912349116,-0.04250764352683037,0.10473328837799548,-0.14889557238191958,0.13478050792171792,-0.07375534869104024,0.007691684538278302,-0.07397595074623856,-0.019042688247274092,0.06761880390334464,0.32823466430995757,0.10344725242189307,-0.13438818575775222,0.11652565466481961,-0.001987542705892079,-0.02624178259920195,-0.05232894666947917,-0.10036884618860696,0.08824832815961817,0.13447509453584655,0.14312007490080872,-0.17253319025960287,-0.16947190300125953,0.10045101403781381,-0.10906681833089642,0.025525673142333567,-0.03679841964959132,0.06202297609089445,0.04870223069172327,0.024105059626442136,0.12662058987098165,0.04870411700853001,0.13898819657281766,0.10779552854364431,-0.06377761181229302,-0.006250213248253516,0.1450819636599036,-0.03887579953146159,0.014705547568983235,0.04253277724549551,-0.19008762042399033,0.06733231561973126,-0.003786089581033143,-0.11864421170711041,-0.011169522847413838,-0.10483265892800336,-0.02830287818411261,-0.1888589845645316,0.11465163064960184,0.08633019339332958,0.31702185198120136,0.0
results_s1/tianjin_wuqing_candidates.geojson,cand12,12,5.5,7.9,39.41062,117.03476,0.048791127936969825,-0.20682340336092245,0.13963008184065578,-0.18024882224743852,0.014323651216323738,0.05824642933458186,-0.004401951747351803,0.13604116922546447,-0.19908816463160814,-0.05177612636242309,0.09949578729810055,-0.044161888975774354,-0.03604011589833667,-0.14979674550537123,-0.08325449836166564,-0.2249989343850926,-0.054499862330206574,0.175861210183278,-0.09114001507943861,0.14085244650779583,-0.0866734576091359,0.07183149478598402,-0.12295245043055286,-0.07072174715177826,0.02575801305547023,0.27842658560340716,0.13740094050975737,-0.16655508180721443,0.10804448823249126,-0.002551789180028381,0.10817683290663628,-0.06476456443290078,-0.04411840454599313,0.057656655734898,0.14553748878662348,0.22116561503494125,-0.22953639389880331,-0.0987207177158268,0.08709868321976773,-0.10784006686543002,0.08808427139642273,-0.022474907498684357,0.021963048998158662,0.06223299067226874,0.08587558439668509,0.1996952170269178,0.028992696672677693,0.0993247911800744,0.0891932599880438,-0.09727383571811128,-0.025926943582200056,0.20367867748899632,-0.10862023572067461,-0.00793402576059878,0.05201076260168566,-0.19174279008313352,0.09174343153633419,0.026664242707723888,-0.08426131982137981,-0.0860214474948312,-0.150638979157406,-0.08768844686479477,-0.27017911507393544,0.04791281860851379,0.0669887242403705,-0.28180641543636237,0.17067937703568445,-0.13077356695887596,-0.030763293648995268,0.03187450543432353,-0.08519751143513471,0.09609455026210308,-0.18915067566275828,-0.025856295772922627,0.1370926394936503,-0.0473458393075276,-0.04769422098489581,-0.1302696730881425,-0.07235179488575974,-0.1773509184275164,0.004595992795090236,0.14413655043212356,-0.11256417794087963,0.11963005060085351,-0.07277202787265982,0.015595339182040665,-0.11049070155809755,-0.05251422094998823,-0.013026544312238153,0.32277542046356156,0.1115663966933473,-0.10763158828931549,0.09805629099881286,0.022642277777832107,0.038991034464569446,-0.06855730877907057,-0.07483814159762647,0.007264923328268697,0.12542424353495174,0.15809355025543476,-0.22065944097213988,-0.1452455917544408,0.08389795248939427,-0.03924013002702964,0.04631728383814668,-0.024344854048972044,0.0404780933160058,0.04424439962572152,0.04876162210336852,0.15341782758990188,0.02902041261565089,0.12673200503410142,0.09260761408101106,-0.09629299719570575,-0.01292447272201261,0.17097443327538858,-0.07828075608298858,-0.02119061094927069,0.06833189171605489,-0.1921010430908564,0.08396582843965819,0.05085517216288135,-0.07003123398775134,-0.005645684713049897,-0.08896104861251651,-0.07467447721782709,-0.2462896347102991,0.0791822560309831,0.1538271136767397,0.21118691684108612,0.0
results_s1/tianjin_wuqing_candidates.geojson,cand13,13,5.4,9.0,39.4232,116.99838,0.14388193497544285,-0.2434057557408625,0.19989426505789348,-0.13804311728038232,-0.0059921692542876034,-0.052542322451885656,0.01430594376323617,0.017127348697290875,-0.27827547176583606,0.06684472044241534,0.05131974002270103,-0.021734675986823517,-0.024746520018484028,-0.15780111829316698,-0.13483653443516036,-0.18265158543783488,0.11965875607886178,0.06611019309811608,-0.014460131378343545,0.07167125610957627,-0.015607334412181326,-0.038810808796663945,-0.18257190135000936,-0.07535916826871827,-0.012529208069394874,0.24332669123016257,0.03838648057829436,-0.03775299407069043,0.10935780613214012,-0.02467776437537901,0.12447826489541004,-0.06068673841506629,0.012563225093022878,-0.032474791655527795,0.13566699172693455,0.11243459876673667,-0.32362860693339757,-0.10294566311719267,0.027526346102065165,-0.1269737523553339,0.017626103306834263,-0.010663128856397162,-0.011355288571312057,-0.004902502292233188,0.03407636617767037,0.14873801874849082,-0.049846865852625655,0.11094998249041453,0.028766331432519204,-0.007210481826655191,-0.06310978014000883,0.1459570331350281,-0.1779170408001178,-0.10205827937771433,0.10363676532094951,-0.23894696024793757,0.10217713119057309,0.05263037953982148,-0.005983263766205929,0.019687593164011478,-0.06553276961145885,-0.1711612962362151,-0.3291782712187048,0.10059028966505842,0.11188379835488699,-0.2678198689428014,0.21230875507896188,-0.1405732366733196,-0.03171733814846369,-0.020958476803328168,-0.04592475518257428,0.04755730568400425,-0.22029914465069864,-0.008001530151519332,0.1177481531326642,-0.010642985440649259,-0.05510477744396581,-0.12835854864837046,-0.08307179043872574,-0.1627835681777791,0.0639650595137266,0.10188191975506858,-0.08319864992459577,0.07961681597093416,-0.04724462889152696,0.01011059029364061,-0.11952487689981248,-0.04188702281227208,-0.04767870233263061,0.2711755764653796,0.048636376621384085,-0.0737430893537274,0.1307183237703059,0.016008716258826824,0.08453150643620312,-0.08197889542424035,-0.007038249404952137,-0.008891682992204058,0.14262871984495737,0.14966020876306735,-0.24873951890920568,-0.10959319120533538,0.048784045514314506,-0.09157542498366232,-0.005791753767319773,-0.03136514066352907,-0.0043840617652732014,0.027305216191788044,0.041076009492447586,0.1406915442852382,-0.022041007152220127,0.14081251771662986,0.0787845464244978,-0.029429538814503265,-0.029128656777741783,0.16550529226780886,-0.14668660515304602,-0.06641884495333976,0.09003470736682082,-0.23033961074371517,0.07871695760949528,0.023392960899645546,-0.0408348799195778,0.009595326223533434,-0.09792663189874765,-0.12250816309716539,-0.28045839006153234,0.10388180017039852,0.23892483290393307,0.059531498275824296,0.27611940298507465
results_s1/tianjin_wuqing_candidates.geojson,cand14,14,5.1,7.9,39.38654,117.02748,0.09428555346008703,-0.20085359475567952,0.173992753709458,-0.13406033720002908,0.0009845904082631026,0.019144892896501668,0.014451683265065247,0.11645295828725918,-0.1681873350441009,-0.01431543439031941,0.14266749178172486,-0.012685679328261102,-0.04059271024385326,-0.18463377862623628,-0.05599269005950336,-0.20838479930150033,0.020130563953381156,0.20829228183608503,-0.13062788594768515,0.12251646273392429,-0.07095300524660815,-0.0034395949870914292,-0.06317248709707263,-0.05523000362368997,0.08458465051000505,0.30373379316923915,0.10856062288561351,-0.07913707344512229,0.12645742140961932,0.02920673995437591,0.006350732880982909,-0.0723398758172269,-0.08374076353956311,-0.001971882438067152,0.19324118469528284,0.13962354117689077,-0.19523217021211708,-0.11641181894062361,0.09043455504674497,-0.12343633872389313,-0.00278568803538813,-0.11603038981862178,0.03987419594272779,0.09876532004994582,0.07686773625046209,0.22406124339485844,-0.04281990214247459,0.13170701319009134,0.17883346689708268,-0.08087860591971034,-0.06001565353135476,0.20727725896839932,-0.017446367248876986,0.023163237467008827,0.11324322024884022,-0.2209003063523666,0.06473144473491546,0.012767497376384664,-0.03833806140446504,-0.06963187745345091,-0.11327085148777088,-0.07986223597621488,-0.26896976043573306,0.10925447897649009,0.11145048216742547,-0.2536115854062652,0.154393616147503,-0.1181323403812247,-0.004947644060712649,-0.02325791480492376,-0.03760708248191412,0.10888755395714628,-0.19635925502356963,-0.008886139957288978,0.12047720657112036,-0.0015209805461580178,-0.037287167344660206,-0.16300782412696618,-0.1013585627353786,-0.1866833316820572,0.06123602608808983,0.16033963302322368,-0.10850802279994572,0.12078107872098098,-0.043430821044139346,-0.008760390964674299,-0.1051331562623462,-0.013260967460385102,0.0738638075770256,0.3143569487156562,0.08169011699549886,-0.07517231030034988,0.13713023152609158,-0.0008353650528364933,-0.01879706884173192,-0.053782699132121047,-0.07654675105089358,0.008425491798235516,0.1978230797441307,0.075243813307839,-0.21972979896374908,-0.1569695445134748,0.10914629026018188,-0.12757731799764618,-0.037165779623047734,-0.08801551884323633,0.0614992944186608,0.044102515673251914,0.05754450140766747,0.1722847996872538,-0.05659792461352906,0.15515627429236623,0.11511939852990341,-0.03600193521839896,-0.054059442696329334,0.1307683838666874,-0.04618164062231526,0.010977099978554826,0.11407855217849328,-0.20738082923909035,0.09364248277790517,0.027680705198475816,-0.05765626471360444,-0.012198790309952093,-0.04872483889997111,-0.057284986374530465,-0.23513754987287652,0.12083512622314838,0.11297034613715279,0.19981647688597684,0.0
results_s1/tianjin_wuqing_candidates.geojson,cand15,15,4.4,8.0,39.3587,117.07959,0.0645680197964889,-0.11751196361127617,0.23051004980394568,-0.17108894527247617,-0.036267534782759826,0.11220725524550502,-0.04747881976894936,0.12989889137962318,-0.13299663076077275,0.017131161296582167,0.14570089062625435,0.034681885472017344,0.007287976066909026,-0.08617560518998617,0.002539428856457507,-0.08055393582329869,-0.0635958323839948,0.2217433897980202,-0.13937704494991668,0.0841493002898302,-0.08221917157470218,0.050401690642144246,0.0006668798290666063,-0.056608182743219534,-0.028535010352012308,0.248795606756249,0.11145410675326792,-0.12193674805052689,0.1798377553012395,0.050177476299459026,0.10553208605466026,-0.11562560183470974,0.03577938883970774,-0.11807147957603319,0.10717654041783407,0.2561814849791881,-0.19106939329613132,-0.05090544006041895,0.05006234182977116,-0.038923253737397336,0.019410063173683025,-0.08892918396081678,0.0031626687664735244,0.05425186870061643,0.04687140001449828,0.25577497273244454,0.0694540344953548,0.17128387041027424,0.2046129233728807,-0.10388387091772958,0.014571476563989601,0.24488799346360096,-0.03007187918937705,-0.08121728899300129,0.060324967899943634,-0.19243211340277058,0.06381952868632139,-0.05960187072965973,-0.050672755259755786,-0.11349638373428622,-0.2262106635089866,-0.08564950282835558,-0.23668858515970975,0.01855872859945003,0.043408927423431366,-0.19045432027399653,0.2832454079977563,-0.171811155226356,-0.07940835602367327,0.07383264548298457,-0.10429995876909708,0.14137424626194478,-0.14138434032228858,-0.055150174192094725,0.1614930318006447,0.02080086310409068,-0.005225796187077962,-0.04647292853340549,-0.007164002495234754,-0.0661653379406864,-0.04919110924973352,0.1657233891255698,-0.11949681630451867,0.0715030388883752,-0.05398540484932083,0.06366868060135915,0.010114189165260162,-0.006511829880827298,-0.06831712867392419,0.2498024606988449,0.07747062737446749,-0.12934634759572372,0.15220538582620913,0.06648407218329973,0.087770249406677,-0.10026906910563499,0.010929272080189286,-0.0597252033866994,0.05019477543820404,0.21076935190652582,-0.2113246424882164,-0.05107390501538175,0.04589450477761092,-0.06513728359951763,0.02611702769709398,-0.05525934393914986,0.00041605271061209286,0.01654683048032515,0.02434118717355861,0.19900399789913062,0.09775908533026316,0.16975648583354339,0.17427176940068156,-0.11741557170462949,0.04169597336929888,0.21305891137958677,-0.08910514147057659,-0.09083372819075351,0.029567970911430676,-0.18920329523198903,0.05671341621535132,-0.04299924553928939,-0.058617241504531195,-0.029541149797032547,-0.18827024318157728,-0.05754612210571746,-0.1967087301433616,-0.005799451292030167,0.17235949549335342,0.16733493017482046,0.04090909090909091
results_s1/tianjin_wuqing_candidates.geojson,cand16,16,4.3,5.9,39.37936,117.05857,0.15483079445330916,-0.2901004720185341,0.13686343982884222,-0.18611401204797687,0.0016294699328476677,0.015257075297862712,-0.02956710551740761,0.0345863189327341,-0.21876841410139194,0.0032366611685820347,0.13134977479765658,-0.048351553208909284,-0.10799041022484387,-0.14882343229885675,-0.08792941584842817,-0.23962007438350744,0.11348632600454585,0.11885549698900186,-0.13121093820033347,0.10001718151448327,-0.03489448060032709,-0.01809163922604499,-0.16806009994163265,-0.10465364058861382,0.024431035392923794,0.32084114220716226,0.076140015896636,-0.0651304500261956,0.10965214405380155,0.05385411997776859,0.05609028910761703,-0.09168932385511351,-0.061043002591669594,-0.017411490299665527,0.14015616502620554,0.10328762054450961,-0.2724380668654743,-0.12066375676553258,0.10508611175853048,-0.12129872079889562,-0.0074292594717456206,-0.04538360843677102,0.030840141197188017,0.06448289368576852,0.04789361853651349,0.09755004053841383,-0.07211728300992244,0.11895595157701397,0.03973292456269308,-0.0013268860322753465,-0.02491135583563913,0.08990533483534632,-0.07004597922680197,-0.006082134113423895,0.10527914731878736,-0.18949484604366995,0.04722768544581299,0.048119082337801496,-0.03128228132663204,0.02864103931728132,-0.009805589918584521,-0.1153899033452657,-0.30776059875336925,0.1682038145950241,0.14827333639271606,-0.2674127681560575,0.14191153211653798,-0.1805538147607577,-0.011363639941977857,0.010711358854774053,0.004738240399611988,0.04717027627713834,-0.2051504711303975,-0.018935886705969456,0.11043846503484893,-0.049194283357810155,-0.10053623916451306,-0.1535876114958937,-0.08587328745636924,-0.22921775706801434,0.08674268427223727,0.10122454032516455,-0.10285877326050828,0.11360505258148816,-0.021866489646155927,-0.006411462634808977,-0.1616437398526982,-0.08306684174350282,0.055048428899132404,0.31336542026705644,0.08652056054972394,-0.08651419095525673,0.11302107833116837,0.03008073741267976,0.06024050809183693,-0.07191806190107443,-0.07158933058719348,0.01666829242999677,0.1506138584376709,0.09698714836248024,-0.2668514009700565,-0.1285784201628306,0.10855622237949858,-0.1480006775899339,-0.01517252681937428,-0.04171494116659927,0.022064944657463774,0.04940637579374271,0.049420831708626434,0.1046139326814798,-0.059781096967335814,0.10127675044192425,0.034643905996778634,-0.0005408465069014623,-0.02833788470033485,0.09992796914000592,-0.08614121048980743,-0.004094498575389795,0.10028075173279395,-0.1867809658194488,0.06208510440243988,0.04147290738166744,-0.0370943729888881,0.018058429482168795,-0.017222485587120567,-0.0913213106568438,-0.3053525615508156,0.1502536890659082,0.13139704185260906,0.10302985462708165,0.0
results_s1/tianjin_wuqing_candidates.geojson,cand17,17,4.3,7.1,39.41358,116.98976,0.05188345781868811,-0.201563782413784,0.2619753915907375,-0.1844595742986577,-0.10428606871392498,0.053041595901003935,-0.09853222497197366,0.20827468150785922,-0.11029911074779555,-0.14819257716412285,0.16028407296670807,-0.03866296632238781,-0.12393802234390792,-0.059393718373192204,0.018496535437577514,-0.1383005416139423,-0.13621707608101935,0.11708228226883106,-0.10741567656950457,0.08826380443668043,-0.1618068081855497,0.04598702266616398,-0.06630294049214326,-0.019259821651866522,0.036956102270846794,0.27772377813362775,0.09274817377931571,-0.21390987285198987,0.1080490749761418,0.0013029865287062874,-0.007603657542717571,-0.033492978179913355,-0.09812448784323677,0.2013388303477999,0.015067144949229117,0.2842067439832078,-0.11429266065205189,-0.1333401990023752,0.07750511192483847,-0.03769451629880962,0.13258499531546858,0.074568862610721,-0.06018028913450014,0.015616729438142404,-0.00663891781726968,0.08782104717005776,0.14859694989106748,0.10620791604921682,0.11407004525269716,-0.059779497305616776,0.0804612067302966,0.20246472541678653,-0.07454062104567685,-0.0031404575536668105,-0.07110226711409225,-0.15033253080405964,0.04799866867236773,-0.03061982633017672,-0.1504950174752304,-0.012191609152068726,-0.1700988293026455,-0.05436009799566756,-0.19070695985736108,0.10938295328284237,0.055066682271723774,-0.24739731841194249,0.19657140714202753,-0.14694001615957425,-0.06720581714770157,0.056001170047151126,-0.0809183620563657,0.1468028206791098,-0.13606747125363258,-0.08744982588937661,0.14946218420598698,-0.04411448587247269,-0.08200685645537494,-0.06942997290703048,-0.007221437662787672,-0.17513599224323848,-0.09210721687964582,0.07611099709079157,-0.15389570405945774,0.10991347301388264,-0.10002136290072287,0.030686635457676102,-0.10256112728880838,-0.03538829899306352,-0.011119772832673073,0.32009128688202654,0.10533542492318787,-0.16397441695330678,0.13212634763653244,0.020770798796402704,0.021783030021182846,-0.08380473158895689,-0.07727543460195943,0.09003378445563547,0.09138695365243824,0.24296389126083268,-0.17207671761171375,-0.1307053364626635,0.086789739491947,-0.07734584997745424,0.03807228388476246,0.010198707403433814,0.017341807174924513,0.03366892517452839,-0.00588652079632386,0.1188684702501157,0.08151953591219803,0.1255063211285076,0.0835505496471722,-0.07156495807410916,0.01702630099661261,0.17825579167289027,-0.07356332213308454,-0.0188003063234838,0.025279647250504703,-0.17976364938125858,0.04065703969132708,0.0002897017593377785,-0.13280404394649561,-0.013145792299621775,-0.1374265896483508,-0.09701467726736883,-0.22502734740557367,0.12596705014276516,0.11172357221632102,0.3567029109295855,0.0
results_s1/tianjin_wuqing_candidates.geojson,cand18,18,4.1,7.0,39.33372,117.06432,0.05751784509292419,-0.22852629571501593,0.14579378398707463,-0.01221963480757404,0.02014149476059437,-0.04995969103291051,-0.12414931095833334,0.17380280112400845,-0.2846272094966655,0.05921180234893389,0.12169696770329601,-0.022248197298435073,0.011158624093509277,-0.11180877728552734,-0.22549364139579348,-0.15552152354550441,0.0364196411499485,0.1701108588490859,-0.10417703423717159,0.12969384959762992,-0.08949481118383665,-0.045812904563899165,-0.033576156559706714,-0.030376143301776605,0.07516015523491053,0.358998931577804,0.10027817604525044,-0.033093493141232916,0.06851665131849428,-0.0685968593035188,-0.04404396773214196,-0.03897893752268973,-0.015534668085414713,-0.030818855991403802,0.21585079495558193,0.06684079163549213,-0.19392839135266465,-0.168533912794594,0.06246543047682881,-0.059025737766740326,0.0157657224067305,-0.09989738436863874,0.11525460303433405,0.030900282609477133,0.05261552856245972,0.19215510582015038,-0.011146360508164995,0.16803918266605386,0.19957294512519064,-0.06565572457547367,-0.0490515876153239,0.17038586869129213,0.023275253257304583,-0.004829794157551684,0.08432357548431786,-0.24136437807255498,0.09423207894499273,0.03839176323679408,-0.050219848006055286,-0.05178868977695839,-0.05910274341338497,-0.049258234386373105,-0.2007075672564265,0.045881322461083056,0.0419963614413794,-0.2088143053226324,0.18679256546369474,-0.1140012335008829,-0.04710494762291732,-0.005358939658796406,-0.11080341238063159,0.17315254073186664,-0.23542309814513027,-0.011948797763975526,0.15822012934841592,0.011932097753536663,0.003806424065737112,-0.05873062403823022,-0.11641510300125446,-0.14254918899949806,-0.011490096687162136,0.16808399944123467,-0.13313977183258408,0.11022682915860585,-0.08073754268335259,-0.023776169541359776,-0.026609336770284337,-0.009325018189569852,0.0150185421910514,0.31429188537646574,0.0877259855401963,-0.09256088484575405,0.08706425434815948,-0.01786160257206543,-0.007790886787951552,-0.059000666607538395,-0.02035850854907653,0.006239836648603557,0.13092338197930745,0.12951739558726355,-0.17027516600014345,-0.12061580233607985,0.09406988882559983,-0.057715193403154515,0.03185872955417858,-0.0673198642890459,0.055773282283714254,0.03282558895262231,0.027517528170351184,0.18217890077545157,0.0686586424632098,0.16032254037223573,0.18493188263701632,-0.08973368123650344,0.008572990516242765,0.18536327791750315,-0.026168916166459163,-0.018341117952187506,0.06045610019787194,-0.1972141447948832,0.05999795139311586,0.0021851623703947574,-0.06474710797414009,-0.07326093266256867,-0.12937699783080034,-0.06188198665907822,-0.19104204155842924,0.05679155493834957,0.14184250446222257,0.18247226255551136,0.0
results_s1/tianjin_wuqing_candidates.geojson,cand19,19,4.0,7.5,39.4249,117.05623,0.03363208956646737,-0.16381423870969192,0.1978089650259598,-0.16191067632472925,0.0027274680840799746,0.04212783810723417,0.02584818537772478,0.09607302002574664,-0.13727747422542044,-0.053353577829290996,0.16340426527219495,0.018101027835528756,-0.028088277672322113,-0.14641143697073314,-0.021350209718459082,-0.1992035485346768,-0.0420005087872801,0.22186478842731946,-0.12624001627820697,0.08414229360049295,-0.05978409665577333,0.0723966963227008,-0.027252799068743203,-0.03846944917136376,0.004284216574428363,0.220643285903647,0.11741750674264446,-0.11776786889822663,0.15775327151185295,0.09192409520822724,0.10261135024859747,-0.08677509577396451,-0.013045711448562909,-0.035545241711437484,0.13320475241782037,0.208948200335287,-0.21170251427321254,-0.07350616735841892,0.11328607938033328,-0.052760102567385135,0.01753171359325774,-0.07408133150359014,-0.016065642330255668,0.06486262603472405,0.08412086220377668,0.2261227861898125,0.0222637450868109,0.15499606870226984,0.23026915556272182,-0.10572575544475946,-0.04300673438657087,0.27043687807652156,-0.12555582895329304,-0.036512262261771886,0.11936341436263743,-0.2511673626178702,0.015634852096644947,-0.03223801366310635,-0.046878407149322815,-0.09691473670102742,-0.17614453266264715,-0.10674714202166458,-0.20744460359987377,0.02648263484254792,0.05537073736684628,-0.23051078648641773,0.2512769946012028,-0.1294767013020652,-0.03463495288706796,-0.019510379597436126,-0.05437487299910782,0.04375581936518069,-0.19404942652728144,-0.04318349486937349,0.154181367625958,0.02405013735663818,-0.056674998358790966,-0.1138354979098303,-0.079613471556552,-0.1232805769145654,0.03996748944367431,0.1773555701987856,-0.08486490584346633,0.06099756226964881,-0.024614941081254414,0.047423715661645514,-0.0421891516069422,-0.007068279866258379,-0.05893094133766627,0.22667014273485167,0.0535273650830674,-0.07636688110713706,0.11480370718990791,0.0652337274181182,0.101601770877508,-0.06518016700599741,0.025129712872656574,-0.046425448427194815,0.10548242068286917,0.11517780430729982,-0.27509555979922296,-0.06648016338012636,0.04401422619496472,-0.04268318805465005,-0.005131065637787824,-0.0383355213674499,-0.022044891528435213,0.01586856816917611,0.0669266269463879,0.17667092909871102,0.02282679918619432,0.15465163311249996,0.19227697058280604,-0.06612610674633691,-0.03639276641328093,0.21627630250617022,-0.17176072863963535,-0.06726220385630169,0.10820777528830439,-0.2513697304264742,0.04133803456541719,-0.005958138054876145,0.010239441303438197,0.018527874755825666,-0.12609485134793633,-0.11614518294673248,-0.20573777772947485,0.0043396907979372365,0.1488826353471351,0.15611256748799418,0.0
results_s1/tianjin_wuqing_candidates.geojson,cand20,20,4.0,7.0,39.42589,116.99847,0.04555433101984107,-0.22508644516100157,0.20485505985342084,-0.18474306133493176,-0.04526911901638028,0.08324593718987121,-0.05175441443258878,0.14788313170483447,-0.22780905118201591,-0.026599712524922645,0.10953166594304907,-0.04940722487268729,-0.036264725026415215,-0.10841261758863126,-0.08528404485327826,-0.21194888700216455,-0.05313486212744927,0.15119108134901457,-0.05154029952635009,0.08762558108294177,-0.12649417228928245,0.04678921043759778,-0.11413986163586207,-0.05463553266728171,-0.020592944640130655,0.25273425077402806,0.08511754034350628,-0.12459278215665157,0.10632348812217457,-0.023712933495207165,0.11581945311059282,-0.07788902857367147,-0.004881802444412161,0.07253294357204436,0.11706003313555687,0.24890379855208655,-0.22647773421142833,-0.1262852354553258,0.06120882545314893,-0.08482951909275742,0.0892751740764451,-0.002739864603114041,-0.008450482086678519,0.012645932418629716,0.0635309184070734,0.1968237503071837,0.04825892700376827,0.11527853242085048,0.0951453961205078,-0.0763835656420969,-0.02202893779753581,0.2131123981021904,-0.12059696504872741,-0.0716466198319857,0.05565987778716779,-0.22267517540144444,0.11119593470316486,0.01586163225416496,-0.09215284109237039,-0.08289666489284718,-0.13089177645420913,-0.12659421533309692,-0.21884529796792068,0.0336503310118786,0.06636208962425195,-0.26215111960830373,0.21068206331170783,-0.12907984593599198,-0.04737450956098295,0.011600399726582805,-0.07020754377922629,0.13136150390651927,-0.17713660119228714,-0.06285669014857476,0.1408675195879694,-0.020375500736465484,-0.06085778902235431,-0.10305088992128841,-0.046121455582101865,-0.17514588078905208,-0.01836361752829684,0.128092261749681,-0.1250555329660263,0.10355672559119176,-0.07258661566556951,0.015218599940437613,-0.0828857679004556,-0.0374700040177189,-0.008519901552409783,0.2935526921544081,0.08113682820314823,-0.12942204144292083,0.12750679617818717,0.029152914184174223,0.042028086038921955,-0.06494757768375471,-0.05547910163696745,0.05688551216208803,0.10521856642580735,0.18527390001203173,-0.1914708184065091,-0.11658519618362004,0.08065870213335372,-0.07509149101112679,0.05370947794246119,-0.02893679732430108,0.0024275321784821987,0.04548517552470631,0.03678859984299895,0.136629667350905,0.05600192566513746,0.14558053733230036,0.11764810014196396,-0.07244112127416637,0.006630352907838624,0.18787421585170871,-0.10328127756394745,-0.023979171796728156,0.046139086331984616,-0.20435406081355467,0.06481939652515262,0.00022705901639978333,-0.09584407056210931,-0.009492709202723599,-0.1264775361310831,-0.08876997764292384,-0.2301028530560449,0.09979655081041204,0.15038902850093788,0.2060676378574656,0.0049504950495049506
results_s1/tianjin_wuqing_candidates.geojson,cand21,21,4.0,8.6,39.40173,117.07536,0.11763847900955796,-0.1240358591171895,0.11877872309431353,-0.10934581376421058,0.06014528995250453,0.1055208495608834,0.11285429807579245,0.10901800363945148,-0.18236356762578806,0.1108407075832568,0.12959712925945868,0.03101121862947178,-0.05740282099031447,-0.09899205169344141,-0.015577437565876645,-0.10575816218741943,-0.018566391366521738,0.07828042805854293,-0.07539408106710778,0.0789367153780191,-0.03584948450022196,-0.05328886366219476,-0.17974267216339773,-0.1584625232226062,0.050716512473632624,0.22494019129786708,0.1907140414523619,-0.10194888159530036,0.044679994811539815,-0.023415676336909767,0.10344800931732447,-0.040573855642887575,-0.059868433518435855,-0.06679868055802518,0.16383392235548358,0.15122804996814454,-0.20638084150190675,-0.05390012127045588,0.024764123409560065,0.014612677683215015,-0.00962361915507562,0.012453820262044616,0.06967288836966948,0.009748530493731016,-0.014738619495611097,0.2457105419797174,-0.06468035261492197,0.07658995579945913,0.14762551874878832,-0.1002562139791167,-0.09402684091629154,0.2757929951245089,-0.06652404686079329,-0.05418081335678157,0.12995871602349637,-0.2082951779584902,0.09296716046333606,-0.031944593866248164,0.049016703724207376,-0.14038409353017736,-0.1765432826817529,-0.15876074829692582,-0.3529096449697498,0.14461238615124178,0.05459797165681992,-0.27308317448471714,0.1699707326159731,-0.10012080628193284,-0.041772914184586965,0.04318354231716071,-0.06865323206761942,0.11982678170641914,-0.17667511231060445,0.04200606718470475,0.18105320101389777,-0.01992116071133329,-0.039687536588412266,-0.1096587814294573,-0.01734964402777016,-0.09352159056459221,-0.009760369294323357,0.07786876240442403,-0.11048568566006632,0.06949065408196482,-0.0579510479749204,-0.04096425926558261,-0.11559734461423327,-0.05906040508256988,-0.04954550493972571,0.28332268506184266,0.11342564193095762,-0.08735191066254717,0.07230159176599729,0.028525466191875584,0.04376543649907146,-0.06370676475531897,-0.03425131835077958,-0.03664752841097227,0.08855760470078557,0.14192040664003422,-0.1894095124210541,-0.11939714533394588,0.047820191913541164,0.03382306941883397,0.013374112757800554,-0.00435035260578677,0.06308751396424261,0.020806534639369736,-0.0035682406714652314,0.1744990308019363,-0.0027372796469601925,0.12218516525337263,0.10484893576339796,-0.12813854045307013,-0.046204996835035775,0.21418195714963173,-0.0818004202527735,-0.05597943744316933,0.07090237802013212,-0.21704027915370158,0.08537534616040786,0.04532488017389366,-0.009143226284924592,0.002750830491347433,-0.13567038814849408,-0.11363988234356166,-0.23344451346399397,0.07704210832413247,0.30397888551587293,0.04250682415455805,0.765
results_s1/tianjin_wuqing_candidates.geojson,cand22,22,3.8,6.6,39.34127,117.04707,0.040001948500290145,-0.24774297138320867,0.17930804070322418,-0.13700162183994744,-0.05204487879555771,-0.011866441517707308,-0.15239212048409517,0.14634801710195217,-0.2906314237282983,0.046754386555049,0.18945952040480973,-0.03912876621808803,-4.0330467642561924e-05,-0.0943162844541322,-0.15037478730325315,-0.16553189448297848,0.04405910982440323,0.19519476904914443,-0.17065870771573724,0.093895804569906,-0.099321677713567,-0.010742777280685952,-0.021886317715679938,0.029432924123355516,-0.020205477079830957,0.3501342745935249,0.04721535886666054,-0.06690866193096374,0.09195108915435338,0.00020896046014507087,-0.02458340590375655,-0.05843584263792056,0.030033199255583207,-0.005589342849589485,0.12518646923524848,0.08773155945056273,-0.16057689063705746,-0.10334874442578167,0.10962890288719403,-0.048344307974673505,0.022753173601159922,-0.0829351017343895,0.06871556953891057,0.07294482679402188,0.0432385694419839,0.19937039769588602,0.01552735462680364,0.18942971732044842,0.175549538128189,-0.08252057200194456,-0.03639406350267097,0.2038622539862654,0.01308110719666871,-0.013253138343769774,0.07597213096413642,-0.2069027217459361,0.05878733265509579,0.03885986071960457,-0.05555422748566472,-0.0170608891390544,-0.12322751880414906,-0.08669477789463796,-0.14422602553532055,0.0672239676499118,0.021432090102998354,-0.25825312888357743,0.12277367159327834,-0.10848291495546587,-0.0788859129259614,0.03743593054709499,-0.11652188324974655,0.16046514258345534,-0.1550301673829922,0.023590047354668756,0.2316512101083059,-0.04430682145137165,0.03152417578436884,-0.08809853792336153,-0.032502770926065,-0.0989740335786982,0.021846906359886804,0.04085063721460335,-0.17831494160355818,0.05707003844578293,-0.06565017475959718,-0.02202661385596817,-0.054904242239093966,0.0530893792593573,-0.12151475543160713,0.22179301702415252,0.0734310082177589,-0.1285145626423637,0.130262193837116,0.01689009937921878,-0.06213715716615854,0.028803166648136945,-0.00041953664011701075,-0.010947928567891972,0.03918336159912777,0.16854693606187146,-0.07347679593507606,-0.1571051318976315,0.08349683913526598,0.057385695657622256,-0.032102992543464985,-0.05919605628723629,0.12844092035882426,0.04802662282747085,-0.03385091189780828,0.2016288652907753,-0.03952695737590237,0.19384121483004033,0.03973746475069097,-0.13677573221419895,-0.01693639740306547,0.174668717550722,-0.06460818412491046,-0.026223148298460393,0.03760447004123471,-0.1774395554311692,0.013280025961342364,0.06635747702084242,-0.02177590094709163,-0.016410720353381886,-0.13823248419089923,-0.12911335827518752,-0.12141420983378047,0.1700557439923885,0.12446823845473586,0.11319986806248285,0.0
results_s1/tianjin_wuqing_candidates.geojson,cand23,23,3.6,5.3,39.33318,117.10483,0.09835443761381055,-0.2035972620330598,0.2554114416865058,-0.19264668273601632,-0.02325665244605713,-0.03897028126719857,-0.044915991052590656,0.021359378246422235,-0.1841484239300818,-0.1165331868297626,0.16242477428090388,0.0459079736206969,-0.09542150017781018,-0.11960783285695843,-0.12738832759248875,-0.1599578046788215,0.07504024292153694,0.23146271968078497,-0.06015977169517557,0.09305338092238344,-0.025694757467790385,0.0629776370997084,0.010727709945733584,0.017778869358350463,0.0233708397489782,0.29294575369471904,0.02003942306789188,-0.07161568800035352,0.15461763800125924,-0.017033476835368978,0.09244106652593255,-0.01350423983570341,-0.03524421334960986,-0.01913124547676689,0.18279538987268992,0.03619869588831599,-0.3528881513243444,-0.08078736977726478,0.1204027203346741,-0.17620933350298942,-0.03178647238526226,-0.12137402517672644,0.008181725361785824,0.07635487726782367,0.13119116004158404,0.14275978328698868,-0.026316754034389437,0.11250910993925081,0.18137359620799115,-0.03622622216097659,-0.010076482446401526,0.10967349015115668,-0.08204482573752603,-0.0015383136603504988,0.07871601090602386,-0.23658233723880245,0.07384703569909279,-0.01730525049165128,-0.02202484862925408,-0.013573520311365885,-0.08868587234772053,-0.012892680573758314,-0.2515024143977236,0.03995889189805627,0.09511715856108555,-0.25400155640723615,0.23673850411241454,-0.14224184563819525,-0.031915766584995064,-0.049873502157681694,-0.09072208096782206,0.07750049056895417,-0.18403670720751883,-0.09731733263063606,0.18800931128408893,0.04435402751491492,-0.07444710283054001,-0.10791364543284963,-0.11812936414414656,-0.1388851959892931,0.06574026023483963,0.21547294090492553,-0.10948559089547154,0.09282815573924544,-0.013031407262798488,0.02692682035563354,0.005573909744171524,0.017867480967624954,0.010202172631558946,0.29163089043219365,0.03553159085707079,-0.06716425773274652,0.14766157258888732,0.006930064034341584,0.03985957596336281,-0.037284840168606385,-0.02491736036142413,-0.012411956233087095,0.17377972258326027,0.047886726445786065,-0.2740385234606854,-0.10361699406792567,0.10752405991550418,-0.15265481245113374,-0.062024854853003054,-0.13159211445122976,0.042867650728377144,0.08018403045027682,0.0995807652104735,0.15757645607590953,-0.024166375705259896,0.1522791270368304,0.17173143905414945,-0.03581482299024135,-0.022767704556005186,0.11712312495527087,-0.08207624720784443,0.00040068596583676486,0.08628654903609802,-0.22722783094104504,0.062369779852326286,-0.00280723887640826,-0.024797862092027355,-0.0024203842182729213,-0.08250831418194429,-0.013706409906865221,-0.20601805271624513,0.045904674457247344,0.12052205290262175,0.14278574630333543,0.0
results_s1/tianjin_wuqing_candidates.geojson,cand24,24,3.3,7.5,39.37585,117.05354,0.0695584793015768,-0.13550011833780237,0.09645811307926792,-0.1579320886534179,-0.0058713728241839855,0.0856832363402247,0.0914353895287161,0.09720593017208996,-0.09533115184633352,-0.02273660093833231,0.14238929057752034,-0.017386989577666722,-0.051968582764783486,-0.16403312039065618,0.016269050250073525,-0.1881411505478627,-0.031403061138334146,0.17463550766263541,-0.13780441207091962,0.13165567604424694,-0.09007816177993878,-0.006452059307323795,-0.08387983142073073,-0.10302755178269092,0.08705962349824724,0.2816533139572788,0.17592549569625315,-0.1181352664191153,0.15153727100716988,0.05693613398998636,0.05536975143209597,-0.13750930387879212,-0.07679976731801409,-0.039201007935830916,0.202152874262346,0.2453963855696021,-0.18425014695536462,-0.0845563971258832,0.08306509833554657,-0.06853553020339143,-0.016723083924061292,-0.0757542198784069,0.024907100039355663,0.07903515540865387,0.02212215265761707,0.21840635593604824,-0.04168501513474115,0.11769807878146014,0.15843433959296493,-0.06558084997871605,-0.04587921002859611,0.23082186977213953,-0.011641084239161844,0.0044099411971546066,0.12932025511908857,-0.20412165421789114,0.038443195279100645,0.00785320378880804,-0.04160452021612294,-0.1108687130834421,-0.13818697522180584,-0.1284893458547444,-0.2980553694538563,0.10266204882321862,0.09314542759847383,-0.2295493794917834,0.13980260561771138,-0.17963243189843953,-0.037751168769661156,0.05412233219764677,0.00942483211776636,0.06261880500078272,-0.14636934111545688,-0.05125970035234295,0.11090451655320423,-0.03831746539079247,-0.08784495639392874,-0.13265566498377565,-0.039993909866974584,-0.2036351019468236,-0.005135529494158609,0.10546051007754899,-0.11207752214488934,0.13930053749425153,-0.06940405357741034,0.025423837988505248,-0.13580041016007874,-0.06423982511876676,0.03783481665293909,0.3189819931048693,0.10915719851999439,-0.12719018637558568,0.14014862538686562,0.020836457138222388,0.05693836161017197,-0.10835774113625248,-0.08586902123824597,0.027279028173790854,0.16582668451627366,0.18402940184885927,-0.22478897130565875,-0.12405160374310849,0.09965178152679892,-0.09560869416853074,-0.010097689990167502,-0.03208753587220403,0.013207047633993255,0.04737948493657672,0.02410941853021481,0.12239897713639178,-0.013659248455890107,0.1080586831525088,0.07378638492832312,-0.04795504851429987,-0.011440148133560018,0.15206168942461765,-0.052416845755945046,-0.00447296978079184,0.07874836287931526,-0.18994941209863225,0.0647963159456047,0.034893912392208334,-0.08959564572473863,-0.01769447987604137,-0.08445160001307961,-0.09964648733881519,-0.3053775568263478,0.136459225262203,0.14022204034391547,0.21809199278492672,0.0
results_s1/tianjin_wuqing_candidates.geojson,cand25,25,3.2,10.2,39.41978,116.98212,0.03273242403290697,-0.24864659954962817,0.3393925133361828,-0.07759485733916219,-0.10119892121411354,-0.06278054475878522,-0.11428493685026625,0.1492191433872217,-0.10196130064888237,-0.12612058282854963,0.09681851041630743,0.08592835747052444,0.011947156953648064,-0.06759274363099418,0.025930082838666352,-0.026508748980413,-0.009116025346519596,0.21905191067258703,-0.08520911628289202,0.025251630884251478,-0.02482511316099276,0.06965311748781915,0.012104511025862926,0.05997742713332851,-0.03135258986638446,0.22072161912876173,0.06254212233438668,-0.13902217598845248,0.23242470756417463,0.05916660177484609,0.020600862021544514,-0.07126161969890789,-0.053288702068875635,-0.012512226684322208,0.08739740688708048,0.12905983128499898,-0.1649436341637262,-0.08737199822063435,0.040107608601341195,-0.14067558069547886,-0.09631197691807662,-0.046446564497936105,-0.03597395872967304,-0.007579541314285419,0.06601015273551643,0.2056910952450026,-0.0049894996558361784,0.2875864496298491,0.17858603016974317,-0.03732951145782704,-0.05543685787910571,0.1454299450533855,-0.1745448652560421,-0.032124566914166944,0.09885380655885935,-0.23255700631737622,0.04849971712765053,-0.05085296872730582,-0.028270526838067217,0.05105523027218278,-0.1172363459327976,-0.0848152184997412,-0.09626772388467358,0.007819889731028417,0.040894168207183376,-0.2444171045271366,0.2810536187029469,-0.09270688160080512,-0.0771286119029471,-0.011508355807947188,-0.1103601429481943,0.13194796767482683,-0.13803986712245112,-0.09524219982252234,0.1338613849001117,0.04084104887612931,-0.03172535393392026,-0.06497966756670515,-0.02121017531508564,-0.1008436877564583,-0.03796593649828206,0.15201459346045595,-0.11386508765589415,0.07937546898647753,-0.07069471562882344,0.04907508262196871,-0.02389575426243922,0.019963096073614246,-0.030383694415808783,0.26680140797891255,0.08153142850532862,-0.12798876343785195,0.1664362648375836,0.011403993190294106,0.03244272181765305,-0.051986609680144596,-0.061525587630318866,0.024441023926706273,0.10469525881641431,0.18901617325410924,-0.1680442615095617,-0.11820273503023412,0.05499640345378133,-0.10154689261305733,-0.032827593312316966,-0.019567897447318038,0.003253067774233348,0.02620116405801509,0.052559567149853464,0.17603290745573663,0.030622949809158608,0.19243724084751293,0.14570818602721336,-0.05783974099759527,-0.03998286269894508,0.18132969880299496,-0.11927177677376664,-0.028458318267169398,0.07530696881914575,-0.23508796614368302,0.05605316423495048,-0.028091781017062473,-0.08121439801574855,-0.006521963526829458,-0.13677790948766855,-0.07516796158898419,-0.16848897740804603,0.03952148419637245,0.1009251400049603,0.3570566803025291,0.00625
results_s1/tianjin_wuqing_candidates.geojson,cand26,26,3.0,8.1,39.37199,117.06971,0.006070796027977309,-0.2103215409367011,0.21620138284729545,-0.16856157650387565,-0.05822796973372381,0.0967549843155527,-0.03925957437020001,0.12111064996176103,-0.09268604773264635,-0.06539539416853532,0.14878072407544968,0.006648865336810305,-0.004127181784653586,-0.07017100765708692,0.012126872629382229,-0.11174761051721203,-0.1127753830850761,0.15852837608520884,-0.10845639803324084,0.07528256572354848,-0.07429709874493134,0.04865554638392842,-0.08318527917892943,-0.033658435376439734,-0.03136360430970292,0.2510308231883202,0.11354451109865712,-0.13678327333022344,0.16189928165133113,0.053371271154992975,0.16042844463195466,-0.14214212573166216,-0.05602947110091574,-0.03502755620275213,0.11956230125385159,0.2676199481287134,-0.21546993865748712,-0.10724012666090219,0.07016331301521439,-0.03396815093724831,0.02006200816799308,-0.04109637503149098,-0.004931192174723527,0.038599488645601886,0.023688263786392882,0.18879325526042154,0.09219739315058281,0.12341248340161931,0.14794994679039983,-0.14708121674263805,-0.020667974911420965,0.2450318487981709,-0.10253791109118345,-0.06819139045836084,0.06623267828180945,-0.23218228494538187,0.0914191336639446,-0.04553069504545216,-0.05617171987836807,-0.09010147729186518,-0.21488473250606302,-0.0875498568514911,-0.2418572686576897,0.005302527124896595,0.05296660356064432,-0.2604194201238434,0.2553210308869319,-0.1499280695861884,-0.06156498568584488,0.03254032023800825,-0.08290688150276741,0.08623318334454119,-0.12104790397405549,-0.08430389073288404,0.17720659372428474,0.01750824273868499,-0.05339663790304376,-0.07516871016510138,-0.03451179249923155,-0.11055307122605483,-0.031358998576960985,0.15471656574616935,-0.11176084522545167,0.0693866942114561,-0.04197421959673529,0.04724852073746763,-0.041717568379713375,-0.009906478552813977,-0.03836671986805222,0.26901293843384266,0.07518469356725367,-0.09267124316610416,0.15226573849577163,0.04644017333679393,0.11493390313183703,-0.11619726617261439,-0.029735711203164282,-0.024260848306455935,0.12271097074258205,0.1782174188771821,-0.24396567407510766,-0.09692889255922342,0.07108529804382138,-0.0925735541330153,-0.0458458234771527,-0.07091560786829681,0.008635160340734683,0.06944950342976912,0.054015419966235906,0.16563044005192526,0.042586444852232674,0.1461839162731724,0.15152398305765646,-0.08065199613936247,-0.026088245032004027,0.17149328291373117,-0.10979257696973804,-0.055766190516472365,0.08082007240648487,-0.22817717395494483,0.06928381575090742,-0.019075717015438864,-0.042085857074886976,-0.010277646693143294,-0.13639712896195014,-0.0597853392092679,-0.23012863975740264,0.020707348000183715,0.14099671362354751,0.232803957189678,0.0
results_s1/tianjin_wuqing_candidates.geojson,cand27,27,2.9,10.2,39.36579,117.05309,0.14378153279570147,-0.2613436588543491,0.14754015195027767,-0.1577764540888198,0.010470205324330259,-0.03007112991421861,-0.006302609865093933,0.07790905459905641,-0.2569823639926718,0.02698441427853195,0.10897686128194235,-0.01488314771490879,-0.06136461373467382,-0.1387199653823584,-0.13279825666553047,-0.20509355760086068,0.11493277173058637,0.13334107622885624,-0.09258620493208,0.11280125395557926,-0.002472292344738164,-0.03092762515818427,-0.14864427042230724,-0.06425622284795478,0.045601191693633865,0.2825696177272211,0.07407667994402649,-0.06354134364391152,0.11025236945615752,0.007444269799687757,0.032931647902472896,-0.06350694267387036,-0.030282185456543504,0.003223853796499946,0.17328801659903478,0.06213053528150967,-0.2547030039832083,-0.13152078599479805,0.10271180035084604,-0.16035538371258645,-0.04477673893721973,-0.0689873511744938,0.033477792253680055,0.030206885859845246,0.04390351266330141,0.14519852750499265,-0.09021606700630556,0.15839542748273402,0.0676309423189773,0.013350124134753531,-0.06675478475267223,0.11771668760224584,-0.0911563817715703,-0.012588705371804983,0.13293573353132646,-0.20690623444424208,0.0614918696795222,0.0383718899769164,0.00574432692502261,0.010155438814408042,-0.02445140408469492,-0.11839403779611396,-0.2763503342688191,0.14449206611595994,0.14001080965659196,-0.2894319234704887,0.14158126719253583,-0.15162359591683705,-0.016542205419984236,-0.03051314653311993,-0.033370372900731825,0.06771597747927269,-0.20766081389265506,-0.005796426502324364,0.1158937832974405,-0.015162133910533188,-0.06223161498793843,-0.1458636664883421,-0.09981534135714573,-0.19708376018240764,0.08644136667208578,0.12115004467203762,-0.10401339703293304,0.12018114790372184,-0.02602383163017481,-0.014577778963660564,-0.1394643590630327,-0.04701005036881855,0.04183637234334297,0.3120883286644583,0.07115392568873424,-0.08117964746310011,0.14260381502088176,0.017153343052073368,0.008487511835068667,-0.07795985157863689,-0.07103981124571052,0.001854505543589696,0.17145183202816258,0.0761441941215576,-0.2403167448052274,-0.1524351025091073,0.12224900141673527,-0.12720286267329886,-0.05814484150359419,-0.0574787306477706,0.04346139655561538,0.03646840951034505,0.046544593563231214,0.12470827974894234,-0.07239110903007845,0.1560030740664737,0.06489009734173279,-0.006265009830574029,-0.039674720090113684,0.0930170361032348,-0.0757027163446851,-0.0027619712867884036,0.11361320182131941,-0.20192803266906173,0.07583026435348317,0.04426457394691238,-0.03848754466202644,0.014661321634599402,-0.010261597691860849,-0.0791629951101106,-0.25873830097014927,0.13833660152834604,0.1707715780151484,0.11640951618585753,0.0273972602739726
results_s1/tianjin_wuqing_candidates.geojson,cand28,28,2.8,6.4,39.333,117.06297,0.07806870087424457,-0.21947431185704422,0.15838445642268525,-0.08720274683378136,0.003954396957005986,-0.032870722534138704,-0.09859213367382783,0.09464356322820879,-0.3245164185570899,0.06413802053496367,0.17564205482714818,0.0020736474279023738,0.0004561276215329465,-0.11964109886060924,-0.21072216157093016,-0.1709536569925519,0.07842306640596895,0.17965010652759306,-0.10743113087838589,0.09951220411779602,-0.08743878284725387,-0.06797400573467784,-0.046203505115112564,-0.018351539623859818,0.03735550647380117,0.3328421569281625,0.05877984802100786,-0.028406834786939523,0.06282981920307752,-0.03097994981051066,0.012565472400048572,-0.03287174429190972,0.03353929104091011,-0.051232679103078604,0.17105411571817952,0.06598372128042942,-0.22122809427659276,-0.14561087688560256,0.07955308813514317,-0.061277916182344135,0.047555442663782324,-0.10929585127094514,0.07412369661245559,0.04388906177778004,0.07009349021302463,0.18811561388546397,-0.00936385174269821,0.15742822073780752,0.18486248168390176,-0.04049134088325101,-0.06238344064593534,0.17533598354870303,0.003903015001584658,-0.031845131925438336,0.09333752004810236,-0.24575613221321277,0.07321793077728167,0.00297722271409891,0.003263317382074667,-0.0825499859165644,-0.08442716926183799,-0.07868229632084338,-0.21399394708204372,0.05206368466661198,0.047139249645287915,-0.2192937162312265,0.17956009718153942,-0.11546298214476709,-0.03401916743259285,-0.0030682713332278663,-0.11309105480696237,0.16349885982942194,-0.25914910178324807,0.0008661918915952396,0.17052109644369284,0.0035052917830654226,0.0006522984797904554,-0.06635679444027598,-0.13943843246122123,-0.15274156576670553,0.004359792640658736,0.1654049315253798,-0.1257865738274508,0.09554208702003965,-0.08772067820428796,-0.028995509760776687,-0.035671075153761195,-0.016416920121079745,0.006848724661201905,0.3206593562911686,0.08316510279645514,-0.0764633158683826,0.07481079195338719,-0.019517571865834124,-0.0035874042032912144,-0.05795482349241136,-0.013229462357962624,0.0018232561067189938,0.1393568195024509,0.1142426764820943,-0.1828428735276507,-0.13025567724372908,0.0924250436583409,-0.04873116994055453,0.04290421711818644,-0.06925193970703501,0.06746387324332813,0.03202390541175505,0.03530796246506737,0.18184627253688257,0.04442879010724191,0.16558545708461866,0.18095587303064709,-0.0872300513792208,-0.010881773444490407,0.18638660336683968,-0.02127090528232735,-0.025286930849998408,0.06270224281103841,-0.21011492197272053,0.06280213538932987,0.008112036730041516,-0.05110117808336119,-0.0760147615905154,-0.11430096344267075,-0.06768390983967983,-0.19319860679891163,0.06220406464543801,0.1620849841269843,0.07619224149219159,0.0035714285714285713
results_s1/tianjin_wuqing_candidates.geojson,cand29,29,2.6,6.2,39.37235,117.04958,0.15566241084802562,-0.2885613343343216,0.14786056443591,-0.12654096790595074,0.01698633530276635,0.003703418682381914,-0.031826732104117406,0.08641647096611936,-0.21908104404897658,-0.03158412925952472,0.11433057977523461,-0.06051284756953356,-0.1312015552141213,-0.16083095408750067,-0.10245512521123104,-0.1925684432869488,0.08404950200928363,0.10629269462078383,-0.09142732136053905,0.12711527954016047,-0.013955019931285794,-0.039828420069487426,-0.11434285384960022,-0.07179195991788836,0.08884725066663941,0.37410224968200867,0.07371386730257029,-0.10013809423113058,0.11322741465807176,0.04852032986170203,-0.01220632914487394,-0.09027182271794143,-0.0650489634621705,0.015810723513759457,0.1985127085243669,0.07077013637896723,-0.23940449074801015,-0.14183955697414619,0.08296440809473211,-0.13974466457750295,-0.025549839202373182,-0.07823228053854961,0.028404177810785046,0.0636376491045026,0.06166039259202091,0.09206188776801429,-0.05632200196154226,0.14144331279981417,0.08053290624335678,-0.00027188232651418953,-0.026835554095067705,0.07736003934352563,-0.06536209305340208,-0.005383888624541213,0.11561367749362242,-0.22654698572598814,0.07636370274944775,0.07870998083919001,-0.0497887006829913,0.07762424445939485,0.02218582644165629,-0.07490113311227735,-0.2829731218408723,0.11250718123774887,0.11990862956324574,-0.3005043237695236,0.13526361112450436,-0.1427964155193393,-0.014375565688281147,-0.007013787429727129,-0.06200259012033007,0.05489030667484986,-0.20488207131613506,-0.011554986610863108,0.14563540583290535,-0.025580971378152052,-0.07705565144950316,-0.15424693781806892,-0.08728843807844376,-0.19072463398910983,0.07676316151203212,0.13389473570262853,-0.10833435835132495,0.12525949281161633,-0.04649443165679207,-0.014375872652188435,-0.11841521333779842,-0.04843733235846974,0.02713417537501636,0.34782495050403983,0.08539789604786398,-0.08010752362344938,0.130993720606218,0.03595392040472275,0.00867749728568244,-0.10469458115634359,-0.05648055681646256,-0.019360360133116025,0.17615384461093397,0.10071085664090083,-0.2399167621942432,-0.1446259491905535,0.1059392170009121,-0.07795294548830944,-0.03612938164351403,-0.0779414481121306,0.03726626608020217,0.04695971310770734,0.04899648002527151,0.11024618311718207,-0.047826889301468674,0.15336406018138282,0.08602185201944712,-0.024720301384814233,-0.011742965952546,0.11029298402026501,-0.049104722575403936,-0.011616940533816279,0.10908407657507305,-0.21177133515521976,0.0783556902629852,0.04842956617161551,-0.05402415713669862,0.005609225684524035,-0.012969810513307737,-0.06515001432534125,-0.25626764473782754,0.12147767739221231,0.12257888027096356,0.19216515243237042,0.0
results_s1/tianjin_wuqing_candidates.geojson,cand30,30,2.6,8.5,39.4196,117.04967,0.08555500658285141,-0.2926071565947904,0.2199717090882602,-0.16439133125756336,-0.05571188991831377,0.0535522953730683,-0.06839368067411729,0.02947847188766768,-0.24861913645442824,0.006097858163555356,0.17969732475492714,-0.04223350213388643,-0.07107634512075699,-0.14404657577731497,-0.03660143906740454,-0.13464651585375614,0.05738566881406744,0.15094944627005083,-0.10753788168260348,0.047681341780110416,-0.06469349640901864,-0.0349177743085191,-0.15085968472295433,-0.11086074596650469,-0.07549440279561158,0.29131027467577086,0.10666100587164408,-0.0860790245118955,0.04497430481160421,0.07033691838946893,0.09516779545096642,-0.0012328415315486189,0.000994866685322407,-0.04518965140730938,0.04120003255890234,0.1486027867098591,-0.25911640774905603,-0.13544418283484586,0.020812294848667184,0.06390542416445961,0.10725099756738204,0.024674688884105195,-0.030423660431176516,0.014065945960371126,0.04139976531339142,0.12262801351412164,0.0448000493671091,0.10015156934189312,0.09904296670945544,-0.12544873915277358,-0.03016785719095612,0.1855537568534889,-0.14064609515093496,-0.04366721604371326,0.06161820917265891,-0.2009891250217995,0.06949743368479712,0.03727194095380228,0.03905324260758486,0.05688986777098197,-0.09144896415382424,-0.1464077369258107,-0.21677296177865404,0.06266687207265748,0.09936224553443099,-0.2533085064670182,0.1547605972463288,-0.14387561941847118,-0.007852167056689258,-0.003136452671255806,-0.02978289739052525,0.0379622047637661,-0.2598303944054637,0.03466298899074643,0.12495860074471309,-0.05229147435780638,-0.06531660293382137,-0.16922086227514044,-0.09820842964984411,-0.19645938708310098,0.0935015213589815,0.14973691170130918,-0.09491890715541731,0.0955427782278744,-0.03146151664368955,-0.020218276821513642,-0.17007132429414915,-0.08824337841959545,-0.014691741698918669,0.2837050376252734,0.08740614303002084,-0.06730240353873695,0.06909709453766819,0.046100355265049055,0.09319631849258016,-0.02404252903525976,0.002729281934249613,-0.028435141874661247,0.08608497245544647,0.10342786674947559,-0.2717769372249079,-0.12521928558839907,0.060971664290536715,-0.023392755132624107,0.06546862254669462,-0.01836027591590315,0.0026839711413247504,0.011066716767622666,0.05850802669626495,0.13017706303130905,0.005640313033240098,0.11273679551283673,0.08568022513364926,-0.06465357898941969,-0.047943552027886,0.1616510081828333,-0.11317146933676746,-0.03794801813318045,0.09552847568235787,-0.19284610921745293,0.06702890784950928,0.04975439533764075,0.013421128572971572,0.03037698883739319,-0.0742855307480527,-0.1367511603733799,-0.26068181948355895,0.09024553640824659,0.18010194161811127,0.0969723176511811,0.0
results_s1/tianjin_wuqing_candidates.geojson,cand31,31,2.5,7.0,39.37154,117.08686,0.042372243770799095,-0.16298357123924023,0.2969443777155265,-0.16127722588488094,-0.07224189974357885,0.007674827547185208,-0.09465910082911481,0.10684361354763097,-0.21784762283891113,-0.06674000668892231,0.10150627875150643,0.07361820223563893,0.0010235143679927922,-0.08589197030970137,-0.07374605530931612,-0.08094767732239164,0.020492161060246938,0.22907942185536334,-0.06866122180485328,0.10775924853853552,-0.08308413572619883,0.1227811492417657,0.038530341456114156,0.07725719012067121,-0.007662837352810989,0.3021689499006755,0.012790282738090375,-0.11166117902052783,0.19477092121998735,0.004804641462761381,0.031201195072509468,-0.028061203467824418,-0.014034107900823708,-0.022759450787465833,0.1663504452114495,0.10076400229886762,-0.21856555533719846,-0.07364196597913075,0.05296582080234291,-0.14995290938315653,-0.009980829540601706,-0.08559953407573863,-0.04625232296397851,0.03252268133429759,0.1103888089776051,0.22959271921282204,0.06916570643170115,0.18156131785247337,0.20438140690021073,-0.06221442921842283,0.04671033344802149,0.1860234830073469,-0.09903545454096936,-0.059946638965955944,0.05637459446521483,-0.26783067174830555,0.07892125727771264,-0.055903874126117706,-0.04884192106881813,-0.05481203432650714,-0.1624801374663956,-0.026953727857107767,-0.12901848072751348,-0.04852364428511058,0.04125828735625305,-0.20266356588618487,0.2567596128788395,-0.144089425737544,-0.08729469562467228,0.01888828507119908,-0.11167017376940915,0.15306749754352247,-0.18601410319143777,-0.07902566710019218,0.14511376973425727,0.023008912512745693,-0.02732386010216566,-0.06482603031685069,-0.04943916742735911,-0.10092748301356476,-0.032579061048544404,0.16466721970789414,-0.12581630322190346,0.11241128509137618,-0.07998517367491408,0.08097858350093408,0.0025323598111738283,0.039463814935894896,-0.023893434788523474,0.3055480723629034,0.05317766373347241,-0.1276286357407827,0.154333420446915,0.01652389883395035,0.02405696286998509,-0.03979570226192318,-0.04724994001942367,0.016158985937047197,0.11735385929290139,0.15137324861543847,-0.17820232885861165,-0.08798688357864685,0.06695024291151119,-0.09968675148914116,0.012494229800186444,-0.06736544857972566,0.003932862929546698,0.0544746128023919,0.05700901189609268,0.20798676727021223,0.08663992020925819,0.1671730897889198,0.15461499491960112,-0.09215328638624108,0.03337205085731301,0.1919102090850479,-0.06632549816661358,-0.028973591373170668,0.027361810552294377,-0.21581475975637987,0.06391026279014086,-0.021093543008919944,-0.0930964481951923,-0.02394773650717604,-0.16969840004186654,-0.03548763410723372,-0.1606067111758709,0.038808726527669445,0.1268665497525175,0.193968925992246,0.0
results_s1/tianjin_wuqing_candidates.geojson,cand32,32,2.4,5.1,39.34684,117.0353,0.07603907460585073,-0.20347285439799542,0.2872287279606607,-0.15961075755360316,-0.05229832748067579,-0.05350558723636373,-0.10238787493173722,0.042769148981394674,-0.1888354658122114,-0.0683368159643244,0.1582288695082382,0.08548169886367966,-0.01489260151522866,-0.08705416071240321,-0.10568828981095699,-0.07637555982534058,0.09543761418988778,0.22775259476641457,-0.07282683094282988,0.04902618599040249,-0.03347074192886838,0.06205728332359322,0.030071021380224352,0.09730219784925545,-0.01923790846558844,0.28635744266972746,-0.014948896652983738,-0.06840247909136732,0.20206905622023763,-0.0009204198964507039,0.020605609986749956,-0.05551596521199671,0.003326577979089888,-0.05052247811345888,0.19835385866637895,0.04621567210418027,-0.2554060694791503,-0.04324480863748549,0.0808082182928365,-0.16824425910899152,-0.10896512775330677,-0.12648297372618475,-0.0018350396122997835,0.04647748498139716,0.11069452086300739,0.17834091103384384,-0.03279746503704763,0.20443983768588256,0.23607748087044453,-0.016947876077820955,-0.003288824483962535,0.14948353010626658,-0.0993009032105763,-0.035361167286346085,0.10329108862233102,-0.2752276161348043,0.06955215561077314,-0.05616634534276546,0.0018265461347778981,-0.019303145548437692,-0.10715587751790016,-0.02065848680500957,-0.176659234873835,-0.016636417840351476,0.05995704010941986,-0.23046579692564956,0.24366721722276857,-0.14518573920841252,-0.08297482660776642,-0.028532863758587757,-0.12685960461068907,0.1385909898198414,-0.16623980421614018,-0.06528569312070646,0.1673058843844292,0.034733966225952456,-0.030364430213466003,-0.06493939335091346,-0.07442010422209935,-0.10531446743613974,0.0002723714610339601,0.1639651596085075,-0.1504535007476439,0.09252136393337401,-0.05791897179123981,0.02927706537477758,-0.019732852143854236,0.04604419457963314,-0.005728008241940931,0.28951135063252814,0.03201185844082025,-0.1107075304429059,0.16045990691327439,0.01189447973744734,-0.005856690767412512,-0.06735878806646071,-0.03714304835128495,0.006982791984317721,0.14310454757404048,0.12399448938209222,-0.1850976242363578,-0.09035387946213864,0.09132477850653384,-0.13415007564126347,-0.07077159182418477,-0.06385026135844454,0.03159139407851144,0.06159649428612142,0.04770990619536673,0.1750677648511477,0.042025490106336126,0.16970022661244344,0.189370345323214,-0.055948378652399725,0.0006655434231917634,0.15691322009155403,-0.061112510631999795,-0.0101395619156973,0.05197967765738279,-0.20571137924642036,0.06051376185266444,-0.017169721618638816,-0.07022273794739499,0.007972096289765846,-0.13137927924434342,-0.044431043281147595,-0.18759359086456062,0.03975146662843471,0.11073651154780256,0.19414867142906544,0.0
results_s1/tianjin_wuqing_candidates.geojson,cand33,33,2.4,7.1,39.36579,117.05964,0.15479636577025038,-0.2510406816437779,0.17878878475578536,-0.1429339708956537,-0.011823757601794391,-0.017681358929219074,-0.021303920790353134,0.15154584891827658,-0.23226033960778092,0.00021980210040672228,0.10682466756012561,-0.035902020867091,-0.07501108480543925,-0.14158787261828604,-0.08789614209421165,-0.17365697092522817,0.12137947068007175,0.16635986595003183,-0.12887381900763797,0.0859791366447349,-0.003709554251167801,-0.01892389566765818,-0.10230848241177878,-0.05311829551698432,0.08551535986626134,0.33088174433066087,0.0715364124978403,-0.09375431623153353,0.1416299019218706,0.06307206041899181,-0.038539175371664916,-0.06567756095055313,-0.03962029677156248,0.03285582281495597,0.16516221260275163,0.033466136817511795,-0.19537465969955498,-0.11951754961887906,0.09402724271418497,-0.22722959683833843,-0.042284480431848875,-0.0747298401268899,0.020048109805166813,0.05599181628990406,0.0651351473351109,0.1582839387529244,-0.08439895835765447,0.20329628436275682,0.09435277805017385,0.03659033414429516,-0.03731985486740543,0.0905610728978422,-0.09053156820718286,0.000980139995984105,0.13390376233370224,-0.2112288596569057,0.05711961920594228,0.029785962733112622,-0.011989750438557581,0.05062891102301045,-0.008645432230207323,-0.10440736247503683,-0.20807123513690634,0.12084851575305054,0.10534885677848177,-0.28206583483442654,0.17778078532961503,-0.12258894581963159,-0.043119115581028884,-0.01013081958692519,-0.06195086430833599,0.1323994747160752,-0.18821270333691217,-0.04204350753007525,0.1627516724683471,-0.017495954639312805,-0.05892405708060481,-0.12639453568150966,-0.05319192790129013,-0.15807094202047822,0.03369130521119844,0.12205152801897277,-0.15745225720062475,0.10111204061849559,-0.0455482320358095,-0.013687953609890117,-0.10036289204828687,-0.026896208439753422,0.01521001918918581,0.3104550118796876,0.06349716273352304,-0.11106020154437085,0.14217134287636457,0.03468028337482782,-0.012641031203529692,-0.059499704204723634,-0.0675442469196427,0.037141005232457044,0.13768528570827818,0.13415115398651262,-0.16728991785262748,-0.14385104384166678,0.09020843504340686,-0.1227943997305642,-0.0396969598877886,-0.05509706232080841,0.04621783856813946,0.07760560217736748,0.04117273051466911,0.15682025070877653,-0.03655461391439085,0.17300352899359545,0.07274261885077166,-0.027938462388883523,-0.04259059821344614,0.12979049646661345,-0.0725017383165235,0.012973581722705435,0.07747938991254423,-0.2064823361499363,0.052592590759575036,0.030193078100030593,-0.0620878881902822,0.030914612719422835,-0.08021766467850816,-0.0822316267033132,-0.21094307452863434,0.12425677504595493,0.1076052404805273,0.20636937419884555,0.0
results_s1/tianjin_wuqing_candidates.geojson,cand34,34,2.4,6.2,39.41583,117.03359,0.13509675765731124,-0.18850014370873036,0.16362811415574532,-0.13685922143462367,0.009246784594921793,-0.02616280768288025,0.06416541559196175,0.08233469078982568,-0.30657780863471723,0.05588986312210015,0.03734733840233216,-0.02479244851059276,-0.056134372017732775,-0.14594385778932417,-0.1544677314799262,-0.22131733749404328,0.12221307214427113,0.17763055533781505,-0.053738440156822886,0.11630071829480575,0.01751631996157813,0.0019646488965533583,-0.1635273015481971,-0.06894706666218745,0.10064870494171395,0.2552887351018839,0.10215849019981109,-0.05287755642900601,0.06091572944934046,0.005816732175451559,0.047612046151032254,-0.010710192370621702,-0.021106116766142956,0.009000078386580219,0.12394060536836085,0.017039189557414434,-0.3017552671427096,-0.13780404101484495,0.06373652901734331,-0.1871038024956794,0.06285565795580235,-0.05661187320286321,-0.013352989701496428,-0.003312442687589657,0.06913177281827128,0.18189452898997027,0.003385951880593595,0.1084978841844498,0.10238622934420294,-0.02059012403743144,-0.05795987851324296,0.1478723816704802,-0.1015145183144645,-0.05374213054725033,0.09291623211883904,-0.19747130366836757,0.056573292074619023,0.023640394719979488,0.02804593702447029,-0.032639335879030826,-0.08399662315589347,-0.12397488394431323,-0.2687591678082492,0.1029346268363301,0.09241272537802218,-0.2612343373947508,0.17387155856001993,-0.11972821870991823,-0.025074927957413833,-0.004760757889643591,-0.037972942502046574,0.08739675444955808,-0.23320323326084832,-0.007293068006484981,0.10244481880173145,-0.02491586531032099,-0.0518919512121994,-0.13281387608310372,-0.09309299866217506,-0.1883921309501766,0.058416074398236824,0.1383372607711096,-0.10849591544338742,0.11030712184811035,-0.04758192234835005,-0.005939967323537544,-0.13128587670028058,-0.046193984432604654,0.028270231120759434,0.3065549474947875,0.09694780558683633,-0.09696353699546698,0.09819100429855558,0.03225298382212809,0.021708716333393666,-0.04457128084979101,-0.06169149302885425,0.011439955872707786,0.13340029311937818,0.10475724689915523,-0.2329736183796333,-0.1444730788473431,0.07799530306993094,-0.0753524936978882,0.05176553992969335,-0.027904070051452134,0.00820532198977826,0.02457915406793926,0.049603127395129315,0.140112165498298,0.018304834152538366,0.1368367619670194,0.09460601491372843,-0.05508606745283364,-0.02739650979009684,0.158440066566748,-0.09052989506838188,-0.02989950482727687,0.07702346967584195,-0.20356897698992268,0.07727920077488959,0.025826081265132545,-0.04894793726644975,0.00610442291929763,-0.0910285477710409,-0.09489230745684973,-0.24259482123629278,0.10914380217477469,0.22813680479659987,0.04936363688489076,0.21311475409836064
results_s1/tianjin_wuqing_candidates.geojson,cand35,35,2.4,7.6,39.34253,117.05048,0.03063556491433701,-0.1750703540664229,0.27301450685874573,-0.20134295523706802,-0.07071025825602249,0.03151310515946433,-0.11247759785296212,0.09819659072249742,-0.23334559742339514,-0.022223383348993587,0.22757840782609426,0.07671273050920392,-0.007247491679629679,-0.02097137224503363,-0.08110363604605939,-0.10319482286961273,0.013360921306750997,0.20925434980264596,-0.14398098044448232,0.009491491258036005,-0.07786623022253521,0.042117379451494685,0.022950981264247803,0.08626283873568741,-0.0817009560359032,0.21080786267209167,0.0011693393761759228,-0.09629328218395486,0.14720452500571224,0.018794807720147508,0.05055725114947813,-0.05961496189087249,0.09237711055347123,-0.02669923303340882,0.10440933157220797,0.15817551602242816,-0.1812959545197109,-0.05534679941385521,0.10073168926752583,-0.0886286395157354,-0.003535952446626173,-0.06651678413731393,-0.00026072030225176456,0.02744319137437292,0.057096223771554044,0.1986494999306066,0.0385790275089869,0.1943871256456277,0.2294230570374873,-0.05674292728032467,-0.041010833113441836,0.24655171013292437,-0.09562516086962916,-0.07532101043942668,0.09336281498989751,-0.2642294790153746,0.03198231250107456,-0.07727283215015512,-0.009728428394981442,-0.11407152839914257,-0.19083705280111882,-0.10906865423663013,-0.13122211831881803,0.009369211652231067,0.02588994690999924,-0.24985914110077376,0.17954775733462752,-0.14572628367005427,-0.08732312029767259,0.016838901463308468,-0.12904342966546475,0.13972645238133646,-0.1763670438035838,-0.006661756675713332,0.21812338506006043,-0.00024836701759047675,0.009381101059946427,-0.05869130320136504,-0.049697127375940967,-0.11076666620028298,0.0026116224947577127,0.10643330304231553,-0.18743526522577905,0.06381859313590993,-0.06950932192008967,0.006828239934036646,-0.03709744272301064,0.05224838682095638,-0.11207298783874743,0.2246797473635866,0.0442268510914873,-0.11724059991282249,0.1413665507524016,0.02217285319738853,-0.020372699816974253,-0.01885927219044234,0.008986755973148254,-0.009042047830628652,0.059573361172847825,0.17850382952363772,-0.11162392739244258,-0.11563028082870411,0.09193478617806507,0.005178786720982421,-0.03491490338385231,-0.05195217697703365,0.0796223568994579,0.055346165962009336,-0.0035191985855421936,0.19767479673746857,0.007667615147422088,0.18112233746680662,0.10714955212225406,-0.1172257625999814,-0.01754970260869874,0.2004681949937907,-0.06465931392579649,-0.02935872937971595,0.043653601635452614,-0.19836026727368194,0.01841982039447672,0.01883643776200432,-0.03667952139475016,-0.02627675408967587,-0.16009357759875897,-0.11933612976944485,-0.13973502102014745,0.10673401083325317,0.12851005865838494,0.12230166225906125,0.0
results_s1/tianjin_wuqing_candidates.geojson,cand36,36,2.4,5.1,39.35007,117.04195,0.06567094501217706,-0.23181954777826305,0.21518980132814133,-0.12419273998530017,-0.018467360402262753,-0.0495677490239925,-0.10393622610102794,0.05702882534742682,-0.23024585305418752,-0.012174731484663059,0.16311065296385333,0.055626042719429114,-0.006755624215362096,-0.11873057085982891,-0.14411749446763525,-0.14750628193009552,0.08331602451000637,0.22490369907821864,-0.10874816244397022,0.11126637046537138,-0.06750653853242031,0.020173887935661074,-0.0067138727749479895,0.06777475024403694,0.0040833302347979775,0.3079402562522996,0.034115837140483454,-0.07387253080208839,0.1653268325750174,-0.014513873435138424,0.024463337102024266,-0.04377389523512529,0.017484404090614736,-0.05757731157121403,0.20413268756742442,0.08233347926033509,-0.2510399861783526,-0.1065408219109487,0.09802063817621018,-0.12441902586657316,-0.04915174433838423,-0.11771611225305366,0.019980105845967724,0.0631371315833678,0.09897866420178955,0.18345561243781378,-0.010918219655700721,0.15864901367235723,0.20276769772844053,-0.026523310670739157,-0.030583770911921677,0.18499291447488125,-0.05883668588630535,-0.01735763008570081,0.10606573889978521,-0.27523849473339307,0.07775257718731837,-0.041959059099065506,-0.02837538154803824,-0.06082319894284823,-0.11860098170319544,-0.05099946792386859,-0.18885878046755566,-0.0062997166225927225,0.045190983718333334,-0.2757973840288,0.15879039201620157,-0.10192563274548673,-0.056218111205234,-0.00418618765819543,-0.11062310871145636,0.1316270972587065,-0.16458138654382232,-0.013115763296732733,0.178459957893043,-0.010936094969776485,0.0005823333402189456,-0.100325286143301,-0.07413675496870271,-0.1269215226868753,0.012005259395663073,0.11737284728150402,-0.14932306160390632,0.10351290455738243,-0.0728161016646978,0.002779521419349305,-0.06735932164689336,0.041000172025606685,-0.05599929198865559,0.26386721863251034,0.05909117378494743,-0.12130167722344812,0.13967249290629108,-0.007767666600323346,-0.02550783539172915,-0.02224963844044781,-0.04543946193758891,-2.4108037622050332e-05,0.1253480213892814,0.15092641857798017,-0.15082209469980193,-0.16121812560482116,0.08364421257645713,-0.035256353096108584,-0.05122421962896081,-0.05933447764652336,0.08532410053136207,0.06604159769205613,0.01635537199078787,0.1874662035041632,-0.015706564339802324,0.1508729337301505,0.08474077138652442,-0.09446259521366053,-0.019046141869106966,0.16288013279250635,-0.06502552141834415,-0.009065766508077076,0.05396583666859942,-0.20413716204927798,0.061398027597906704,0.03579875180135871,-0.06404254039068258,-0.005194641195821163,-0.1242419413095774,-0.08612924434194576,-0.1849427258363948,0.09392644683250184,0.12698448597659406,0.15128821630635503,0.0
results_s1/tianjin_wuqing_candidates.geojson,cand37,37,2.3,5.8,39.34432,117.04779,0.033684707270167154,-0.24216815570938954,0.30285700395114373,-0.14606532390971372,-0.09854548694175383,-0.07815512775933772,-0.17833318749760665,0.04770073618155102,-0.18686317442969788,-0.026970133294788475,0.15324083408443023,0.12053567946188685,0.027189076556811163,-0.03214687210241036,-0.10515049086841773,-0.03969115465751893,0.06734616802963511,0.23732738005891338,-0.09529298366333089,0.03532551725471789,0.011368096864323211,0.10186426146257517,0.037680142121392673,0.13403704109105738,-0.09949305508157001,0.15714457851832117,-0.008655034721905907,-0.041693364415263626,0.1864295958603148,0.015600755754527504,0.039259850907457164,-0.07636884644282835,0.05142724403536942,-0.09575061601773972,0.08718855238910614,0.057640303818564845,-0.2091715027989328,-0.038270070293443155,0.056896617294771704,-0.0801494840335107,-0.1619815843970192,-0.09213111187758569,-0.01344323289448536,-0.003210980973942525,0.07360534709611484,0.22237170874732048,-0.01633767014369249,0.21272976122852955,0.24189227967464683,-0.01564627705682918,-0.010107582852017039,0.2010245775011306,-0.12390006996533223,-0.09521919281007603,0.1002209349747226,-0.23476797162156685,0.03418226482151539,-0.048024592715386345,-0.004238648666380165,-0.015112384686024714,-0.12316706986001595,-0.05446261543582953,-0.1268332563822129,-0.040529661032455595,0.02110283691659235,-0.2723847612751553,0.18940059912749393,-0.10794559852202784,-0.09285593093703792,-0.023000372356152536,-0.1514324428031496,0.11849175250894943,-0.16085837196439115,-0.010161388425914564,0.21780587799808948,0.02207174532074676,0.027880608639885906,-0.06558084733472272,-0.061616571287735046,-0.0717339581675714,0.024576856406078238,0.11358072046200884,-0.1592027703128421,0.05727398620166246,-0.06247147697328893,0.027639191928493134,-0.013964450697866757,0.09059544291646576,-0.11819683190432233,0.2122822792962643,0.02873893468442992,-0.09253268850100284,0.16060504192250483,0.006065052923874143,-0.03034088789089282,-0.02093252488906261,-0.0007860538485527783,-0.033536897716338845,0.07989429394555157,0.1389087254140629,-0.11888832865478736,-0.1122620867846446,0.0700707682611877,0.010036900388419123,-0.08285052764183094,-0.07397648684003508,0.088405996535632,0.05150548021035356,0.01228182244161236,0.21034968041764932,-0.024532292341865384,0.19602235204552362,0.1203774276171734,-0.09271965718795967,-0.028463961852985747,0.18976417660109757,-0.07307603182253629,-0.028953749836707825,0.05124840827487835,-0.20799193138529226,0.03353387083304341,0.015788742258324783,-0.03608888559987992,-0.01614805712639996,-0.15267810745083174,-0.08912363363774216,-0.1226133435445678,0.09181009014201212,0.11774822322672537,0.12203943904544703,0.0
results_s1/tianjin_wuqing_candidates.geojson,cand38,38,2.2,10.5,39.33139,117.06432,0.07786955530048997,-0.22887298809508924,0.17210261612977973,-0.10605391105511382,0.006592084579613028,0.006922658107825479,-0.10887577425408416,0.16591151914135466,-0.3554202872871342,0.07009710374660506,0.17233230976879554,0.001519186835323987,0.00414141351839112,-0.070918165862562,-0.1880843904632371,-0.15969971535946784,0.07047422457151749,0.18120486548590106,-0.08037624859266884,0.04735529028480939,-0.06796686589074132,-0.07787694435363886,-0.04160898439084329,-0.016675672464581286,0.030403025499522732,0.307080461119282,0.06617968694463339,-0.03476003239968971,0.04067333587900544,-0.00665834930920141,-0.027254780471293247,-0.038240994155358685,0.030725262979578997,-0.01935605211737181,0.13949534760666638,0.04886422465313348,-0.17580958073602815,-0.16336347456455533,0.07704697550042926,-0.039701978179116755,0.07706551168165074,-0.08983698041670399,0.06744451092100193,0.01292137056842939,0.046071366914399316,0.1903129463375935,-0.0061918720290757385,0.17947917143668682,0.17483154921343033,-0.05581702461520387,-0.05932061456736256,0.19904971543111546,-0.014203920796078889,-0.07312286244691928,0.09182125394474826,-0.24035957400426464,0.07029222209948666,0.0010167785709483972,0.015576714663737959,-0.10332337057204297,-0.06933027453945984,-0.07214974532999069,-0.17378241082624638,0.05504182197852054,0.04476558469906988,-0.2480918316141332,0.17812283236474513,-0.0968457834409515,-0.04555682713084778,0.00507233524822664,-0.12970134189598503,0.16898733121142637,-0.2557394203623655,-0.011345163684047936,0.18308723817188183,-0.014283919360612001,-0.001686787766266384,-0.07321909660896679,-0.11732995080957677,-0.14302728867268122,-0.00997397498710899,0.1545404389420878,-0.13558206528221944,0.10701447964651087,-0.0961085102268908,-0.03931664797003445,-0.03285250238766914,-0.014775229242548866,0.014268327570722229,0.3432420322562815,0.08495590060296664,-0.08460552461800488,0.07369106559078802,-0.011616281993791323,-0.019232854227387894,-0.059127322448594644,-0.04322151534577478,0.010511383366535464,0.13842259325658693,0.12236709071383428,-0.15195909320972675,-0.14737360272606861,0.08859127573142042,-0.03279072923750977,0.04116565120649796,-0.07058838513605098,0.073030939921583,0.051739693378959645,0.03509147413443455,0.18230062141607203,0.05009760816895741,0.15714864494129452,0.17424405432580545,-0.09929301203175511,-0.009512201476219092,0.18624009529334348,-0.008880023336876361,-0.01515746166072044,0.0551913777985591,-0.21361794937760298,0.07590862266718638,0.013482422707618758,-0.0719261622395403,-0.062993445924859,-0.1100245227661817,-0.04452897634519499,-0.18370107167816305,0.06067613229926055,0.17712877881708236,0.09533591560736898,0.06696428571428571
results_s1/tianjin_wuqing_candidates.geojson,cand39,39,2.1,6.0,39.36858,117.06953,-0.011828942043806636,-0.19134893526500063,0.2266818560985153,-0.1657810590362387,-0.07090392917828561,0.05834385229661245,-0.04753659488357341,0.12190552253704792,-0.09659536546134444,-0.05987871148081381,0.11393800464863105,0.031359947712044735,0.028758768870306328,-0.06930338879138284,0.0038511463695572188,-0.05094783359070598,-0.10075392894714749,0.1669879007057432,-0.08637600387290982,0.06934665411080848,-0.06251066889175627,0.07741136394196543,-0.06590609868576423,-0.012323794893734136,-0.04839944825075216,0.1940465888209062,0.08207891565748422,-0.14322349821356709,0.1895881640226412,0.05107032278289791,0.14641594485035264,-0.15215496632302117,-0.015729051715339767,-0.05018405738164785,0.12444975392818443,0.2693405196896909,-0.2244371323863083,-0.07748017803891871,0.04448482217175163,-0.052535690487605084,-0.021521506716679042,-0.027197820496770754,-0.029270282342288585,0.02170736106097281,0.05016787491197489,0.22588674596618474,0.09472014894446701,0.16167343123098663,0.1745428527806949,-0.12569881993953333,0.011275630084445105,0.24119312342786214,-0.15547054217888462,-0.103435250610761,0.0655579688865062,-0.22089303455720283,0.10072096382694735,-0.04907832003713278,-0.054004116375254416,-0.083438282956042,-0.22960757339829754,-0.09773308173677207,-0.19231018093662797,-0.05301302602579364,0.04106507187944717,-0.25616855974394487,0.23498320519902305,-0.1493529908414625,-0.06872684894688846,0.04155536495622013,-0.103824375661554,0.10070239596172426,-0.12208886564945227,-0.07320607427051248,0.190738477509856,0.024226928563707173,-0.03910634116797773,-0.06419542362667054,-0.026407098160105925,-0.09756388645583178,-0.047098259635654206,0.15268341955606235,-0.12839912740976767,0.06593405239680047,-0.06528073023820738,0.041895394945440506,-0.037362560287762595,-0.006658208884658291,-0.056863887584714924,0.2532699088202632,0.07795577188938208,-0.10064729141214605,0.14917246233476217,0.04538824557055657,0.10278524629743796,-0.1184158887483052,-0.020160568921521793,-0.040698865433675444,0.11912917445267582,0.20386685531079327,-0.2195903619782005,-0.09728123439408813,0.06679050639823274,-0.055746401563400355,-0.04695007292286791,-0.054434782438948566,0.02128430319365252,0.062028445207028896,0.04429948126714215,0.18345099662817904,0.036031489016602344,0.1603652238209211,0.15445285397383549,-0.08069610487946192,-0.023734467113617614,0.19130553955159096,-0.09846566035852694,-0.0594982364277767,0.07393944310541216,-0.21821149726887018,0.07911106568085044,-0.02539150168089114,-0.05541108693023187,-0.026231855075319437,-0.15119914583410418,-0.07000859541523541,-0.2128696707766438,0.020957571011525917,0.16097304544773894,0.16821555790088658,0.0
results_s1/tianjin_wuqing_candidates.geojson,cand40,40,2.1,5.7,39.40658,116.98284,0.05720908939872171,-0.19377625291152442,0.13832567750363567,-0.18604108449983692,0.0009756281942033637,0.10271233531589903,0.00011629002865299065,0.12346702185074918,-0.15056696382052911,-0.12430218913160414,0.17013759556721103,-0.022583478268890404,-0.060648619730209526,-0.1234988282661536,-0.03988863461489014,-0.22925665523343627,-0.07704105888111318,0.11844463704373802,-0.10876149492454512,0.0898577127998594,-0.11365253018650155,0.03022641803096481,-0.1073779457196331,-0.047333008269528014,0.04592152018986417,0.23743884315238956,0.1054160498612847,-0.18823149128488195,0.15842147099787043,0.035171912446433015,0.07884698882079468,-0.09120395044141122,-0.07010241220893486,0.07306887810849257,0.1718182236605414,0.23749170203007153,-0.2207255748296397,-0.12992445338595446,0.10347473608864802,-0.10416189403221718,0.03759875189684717,-0.029148382138712958,0.046704079958292025,0.0414449215251207,0.045476255261851756,0.14867376285091252,-0.01750853572475018,0.10490500936576674,0.12753188671695928,-0.06303678377409905,-0.029430774825464846,0.19778463276959546,-0.09598033577078297,-0.052298457601953334,0.05783605407445265,-0.2183929077542245,0.11011995240174909,-0.058760363936446444,-0.12462164201646136,-0.09299915380437968,-0.13215845088819902,-0.09997919112558709,-0.27553439234324006,0.10992174716522292,0.08138697452626971,-0.25029212087669755,0.18252077483354345,-0.15351117687577184,-0.06291029785045826,0.03621813124741021,-0.04018581838967051,0.13346005767158473,-0.12293881911333579,-0.1179485833943603,0.14930867989023752,-0.033679297989213396,-0.06999666423972804,-0.10175808585544695,-0.008335075502899561,-0.18117037756466253,-0.0623325291938649,0.07039674175593331,-0.1303639805713989,0.11927060081073339,-0.06719542054817346,0.007275862882300559,-0.10333869901822502,-0.03322021597989808,0.03119926143355756,0.29846224316433706,0.09752987569490731,-0.15862069556464384,0.15048100455959004,0.024124108757727518,0.019342238425680936,-0.08121910163367302,-0.10523995768976807,0.08786713763919075,0.11847441205489763,0.19666272918351715,-0.1903462819092582,-0.1480584620488499,0.09933284120708037,-0.13265939166935442,0.007996530853283184,-0.015128379100054669,0.02849153477682364,0.04003664655277365,0.005565759491892169,0.11363664625074069,0.030065665906087558,0.11616433623784041,0.07023901619251315,-0.053031785345441035,-0.0017575549572306235,0.14982363844685403,-0.09306498892125772,-0.01843351549679768,0.04617905957127924,-0.17399128449026321,0.07624215848963474,0.002528362200105407,-0.12683613062905172,-0.002076969015350693,-0.10009983634366007,-0.06927746647782766,-0.27694051831737826,0.14112703631323228,0.12392783405830275,0.21694620428830017,0.0
results_s1/tianjin_wuqing_candidates.geojson,cand41,41,2.0,5.5,39.34846,117.03332,0.06513442862194793,-0.2619503325278047,0.26200948041761696,-0.15552108210242224,-0.08683093099532244,-0.007735295752685082,-0.1353180863701828,0.1280216659667147,-0.16562534302708445,-0.08420503376820677,0.18405530228037975,-0.006280910432772765,-0.07568076894748244,-0.05021997926148916,-0.05277263176810362,-0.13028757079909295,0.01247313889461153,0.16871340103636495,-0.18108696019803586,0.07655176273449364,-0.06196636898074378,0.013945846606338437,0.007104840039558577,0.04452796405532409,-0.04375608658476218,0.34241660426271553,0.009193687382909868,-0.10664854608525957,0.18415315790465375,0.03540231418610376,0.015088312763776408,-0.10708736413028667,-0.019829260297897704,0.008887812566715392,0.13780232265715797,0.12800610414195623,-0.1887355746434567,-0.04745228157098814,0.09174923250536571,-0.13603467277205442,-0.06389619221444723,-0.09858487490168365,0.0500833262092391,0.09538718151989707,0.04277785921824316,0.15272786162408494,0.00034692454797816716,0.21196232810105597,0.19016861290692805,-0.04227441201307594,-0.019901239343250384,0.15519626202278497,-0.038908418717354724,0.010636534628781748,0.07869275190758332,-0.2235208796691431,0.020330684416016587,-0.01133190104002433,-0.05698522470639001,0.060971077423099096,-0.1375941116207758,-0.06925950062201516,-0.19872245665553145,0.0667726657146074,0.044974746404557,-0.22736543630486183,0.2206059028635357,-0.14719467298994884,-0.09809684460781702,-0.0032642016670749578,-0.1299746915318727,0.16690527701241137,-0.14774692096263486,-0.058150486154165806,0.1841943075108506,0.01091125673596883,-0.03262354835952134,-0.048758173713191216,-0.03387680440284363,-0.11073766376503862,-0.035419724318151886,0.13498127102857402,-0.19648718147671299,0.09506471491141526,-0.07567782370988553,0.010178376161469455,-0.027268286232326317,0.03230093801439777,-0.017717074742347322,0.30814704018786065,0.044219205240974196,-0.12470493522817049,0.1574471299774598,0.03382262525007042,-0.024081205737374982,-0.07972837186695604,-0.052310181066346224,0.0176586981461056,0.1157085849372653,0.16871385007235276,-0.15037885710637458,-0.08293851682542555,0.09428292975365046,-0.1040205654545806,-0.04013320174889986,-0.050257675978845104,0.03887950031491729,0.07034605555739165,0.011814201163068878,0.17204913325731333,0.06785683325685994,0.17559929878233735,0.18143311739036708,-0.08069109162359607,0.010481686244640073,0.1745281544281138,-0.037677864245600885,0.0008795856192816398,0.04035983078933469,-0.19432641871746434,0.03691990777514846,-0.007147975319321277,-0.08977182823479578,0.01692643285354951,-0.16187116776210322,-0.06408247121698162,-0.18476397268810987,0.06664582858249385,0.093393111477756,0.31949646916628993,0.0
results_s1/tianjin_wuqing_candidates.geojson,cand42,42,2.0,8.1,39.34477,117.09603,0.06128055090232757,-0.1884758491860776,0.2935663510445035,-0.1579588412951497,-0.08265465971884291,0.04732348568263416,-0.04553992021115565,0.08168363631017835,-0.178066155820721,0.1164208018103611,0.15959233736064923,0.0579380008137854,0.03208664447569022,-0.0872894342696351,-0.0045381095012312685,0.03271900009543168,0.0284059648029087,0.15576907331369388,-0.03365225200038968,-0.023166078752800332,-0.011178391679953596,0.034785090633917916,-0.06782025358909019,-0.01761403647781912,-0.1280395022304348,0.13715988640891147,0.08579171528573569,-0.08419968838945484,0.12545233736563255,0.0470659123827692,0.0899752351094835,-0.0651602242818518,0.12142391268326684,-0.14201285810856434,0.018622614613303667,0.1245543353757703,-0.23520227899783305,-0.067252063927753,0.011154072801651892,-0.04268619950998457,-0.007083536094472857,0.0069713029760974845,-0.008692244844260759,-0.08500772049635431,-0.0069459201468700755,0.21394246641764741,0.0074867012363508435,0.1787703891743119,0.17669889167210484,-0.10538135663958954,-0.02318301725020762,0.2513601802786357,-0.16649582654659714,-0.18759270264216157,0.08659266103096593,-0.24532404033246122,0.06746413401495956,-0.040602445392781066,0.09843154198382748,-0.03974438267549024,-0.215004441434485,-0.16879977614671868,-0.18161171870931547,-0.055678495458773396,0.057623698060853996,-0.23190854822746376,0.26065006775875343,-0.15927599968765413,-0.0811083891162085,0.06641674901372034,-0.09950861704693624,0.11676595966889032,-0.18276559904296413,0.042937698671919496,0.19575357805546223,0.002745691152166972,-0.0019449980670555565,-0.07912546013720227,-0.03186572922485481,-0.0485167338363585,-0.015303009151484985,0.11752962540088314,-0.08988283794993948,0.04043510837376563,-0.056167612856652296,0.013463538146342007,-0.0678354432409689,-0.04441803397937428,-0.10653037976428906,0.23473961770137522,0.10954018341171735,-0.10036466533186239,0.09703759524809602,0.03725918517165994,0.07909552770598567,-0.07252431730663757,0.04576643123368655,-0.0652077058828897,0.045828057868430534,0.16510539507667213,-0.2261396030769007,-0.09350777182361118,0.036093823490108055,-0.01738643922411888,0.023960144479033475,0.0009634795647939332,0.03593539896580796,-0.01924046513187824,-0.0026566273244343066,0.18458974561375405,0.04571007040015371,0.1419326087998032,0.15518241821164197,-0.14384540793316833,-0.004617840661191558,0.22392175033174555,-0.10745540704120314,-0.11919750938766917,0.052995797427206115,-0.2153500729194752,0.08265023626003745,-0.0068854219554073705,0.008922099244050345,-0.022742188020128753,-0.1849614023696119,-0.11809167955761257,-0.21251124173647015,0.008937703308099324,0.2936253555555554,0.023019530354408665,0.575
results_s1/tianjin_wuqing_candidates.geojson,cand43,43,2.0,6.5,39.36732,117.07186,0.0298094952579746,-0.1755699916102029,0.18010658373375557,-0.15522221755257642,-0.06582604572828571,0.07094377590680633,-0.05749498402202831,0.14321396037338496,-0.12358580489908126,-0.0746918752830973,0.1659228319223221,0.010642489108050943,-0.030647979366391333,-0.0751295070254823,-0.03039757676508724,-0.16963337240270407,-0.105509655426829,0.13673031767601077,-0.16249661186058928,0.09479921363163037,-0.11886772169533054,0.03937868555694091,-0.04948315923336869,0.004336285483471789,0.01158998143037479,0.2715374485366108,0.09107613857641182,-0.13418335831593903,0.1870309413850482,0.03421081956955206,0.07992840872476638,-0.10948117058683444,-0.009673426757382326,0.004301035260496196,0.15068997629376438,0.308108528796928,-0.13981775555026335,-0.13255012039903682,0.11028824977002001,-0.07493180791567244,-0.010184856338343866,-0.036110135155117865,0.018176142156473608,0.07492906091864392,0.04079991158803763,0.17639637448692277,0.06594106346515745,0.16485103487135913,0.17547503467212092,-0.07749807595023402,-0.03574113600032376,0.2181314281178059,-0.039935807934351024,-0.027061771009904315,0.07666574581249508,-0.23779746625013432,0.0787701223602881,-0.04741849086383779,-0.1387788776350424,-0.07195594593795285,-0.19679863770863595,-0.0829780710315404,-0.22239037928420544,0.055357426838322864,0.020233637817485318,-0.27772056266902984,0.23089747633913452,-0.1500833789766527,-0.1031780478533028,0.05942989390299154,-0.13610259064912994,0.11758015674847387,-0.12127458101201215,-0.049434619410290856,0.18754283398350172,-0.0024539867710863658,-0.01026921334681066,-0.05288194244342564,-0.003942913231381292,-0.08897622339182576,-0.07474312936424377,0.11441247041223329,-0.13821684196627063,0.059276555849368966,-0.08358850105059533,0.05364347127694925,-0.05515623533865935,0.013129754876117342,-0.10712261783910444,0.26122699162827867,0.0659428273465391,-0.11598564700444451,0.16103502021857466,0.03893330886550699,0.06899359687523828,-0.09919619458122397,-0.025817607998822576,-0.03632181795947583,0.07484770696629608,0.2374908362011373,-0.17646800151699707,-0.12490987748523062,0.0648763753674734,-0.013691859690370376,-0.02816464689203587,-0.026152569142505838,0.03578607288842592,0.034436810424140346,0.007886315341116258,0.1811976777190374,0.04608921594224381,0.1806998073317086,0.10663356954474314,-0.10774213583100051,0.003929193078430014,0.1978512510325162,-0.08878262622490601,-0.07443944926268378,0.03659111304302683,-0.20144131124356338,0.07763696664621367,-0.005166286268059924,-0.08712744746137949,-0.007731526336323475,-0.16163578601502915,-0.08042152029817556,-0.17753471926150585,0.04396176691785506,0.10189856069023563,0.2758192429155594,0.0
results_s1/tianjin_wuqing_candidates.geojson,cand44,44,2.0,6.4,39.40307,116.9885,0.16251513528737402,-0.26267428508137686,0.17497060958595811,-0.172134268220186,-0.03215945313677031,0.02032703181513387,-0.019603130901815473,0.13883452006468508,-0.21181197259679227,0.008907910813804083,0.04344088203365344,-0.024215476656879557,-0.05796582727056147,-0.13355919582432343,-0.04154018541087738,-0.16001959314268002,0.007422657511315261,0.1376203475483643,-0.10679279254473699,0.12737330068742916,-0.03009844717281817,-0.04641660302302065,-0.13180623179603101,-0.11328260540013901,0.04531869012237391,0.32706185944605093,0.1455076900891617,-0.10795260105922619,0.137457250564937,0.015524628593727044,0.011977971092678738,-0.07144265884446784,-0.0741576033681314,0.00478182195910737,0.13897180397865921,0.15029072168588883,-0.19397896465691203,-0.14641417659200306,0.07343818010517905,-0.13139363087525358,-0.043973963856942626,-0.01807707597484059,-0.0004514138611933075,0.032005844092862376,0.014136718763064628,0.18923748137455967,-0.04512377668278814,0.14516139025257016,0.03151551773260147,-0.054390618837134676,-0.029824011260083536,0.12340914646889958,-0.0804355280338107,-0.023311715572132064,0.10303055571694938,-0.16529567900672823,0.07084999863495749,0.04985716086881407,-0.023910473749066914,0.011987349517681104,-0.04135240037076265,-0.13664573554904236,-0.26366155098534677,0.14465419367875662,0.12080106196201444,-0.27280436911241013,0.15957094485638518,-0.14341205501062268,-0.03366986627244896,0.021897806685138965,-0.041212748620690236,0.1340200320595016,-0.18970365409689266,-0.05868252961782418,0.1379220724681702,-0.045179589073764584,-0.07424238729246314,-0.1256690053133574,-0.05552655294427799,-0.18884449084980687,0.006710167931111038,0.08857107365901348,-0.1427836176737161,0.1246999521893035,-0.05255052745477328,-0.02553256934911216,-0.11553224457656633,-0.052364213491234456,0.04527978734225423,0.3281075072207385,0.1050770809558308,-0.11318509812036608,0.12361214591587076,0.013604452336003901,0.0026253548724320917,-0.06835185751962018,-0.08884844121759512,0.06920632995288185,0.1449172003375437,0.14780540193976552,-0.1723497122572819,-0.15434896889113697,0.09679692139045096,-0.1262517084819738,-0.009773239536078181,-0.041727171701094246,0.05739717102251523,0.06098057092394522,0.015448025327603612,0.14033586422931205,-0.028160152776293475,0.12591876851985806,0.04326114983326555,-0.03807769340693178,-0.045538780579240636,0.12716601916350032,-0.05540053202049089,0.009543653950075929,0.07463597032510451,-0.17140419875056037,0.06356109117467508,0.02794306898575809,-0.07920852612835066,0.010520690585960344,-0.06614081377198869,-0.07295087247595913,-0.2593468034341672,0.16495715933261415,0.10403637329931972,0.20556607490797985,0.0
results_s1/tianjin_wuqing_candidates.geojson,cand45,45,2.0,7.2,39.41798,117.04734,0.09489265244340596,-0.253675940372683,0.20908393231710795,-0.14612917980891266,-0.04568543173263057,-0.051676459849397116,-0.05375130353242765,0.1295034042427913,-0.2623310165281527,0.0506843697462995,0.05721989381505284,-0.002512078782293828,0.016514570659307583,-0.14073563234050324,-0.07997989527758773,-0.1556910524762773,0.13561063389767372,0.21728756731350238,-0.08474886632162101,0.024447018966187818,0.019332578644181933,-0.023808107087165045,-0.1495193468683751,-0.05946921150224895,0.03471943599528835,0.2948136587632081,0.08870491431783542,-0.052716353878760225,0.10522468814250774,0.0914922208898597,0.020701073344149314,-0.04890853513056534,-0.010904045471957623,-0.04032650733590172,0.08770069096064007,0.025057429144547245,-0.22582206490174275,-0.1310969538854073,0.08722206693286855,-0.056417984258340714,0.03269762428750996,-0.022080230676152855,-0.020296259116017706,-0.057973437075641836,0.04097846072122594,0.15685819886029587,-0.01139801025270546,0.22754133406789773,0.13457703542468188,-0.09446190450440371,-0.00588492684082931,0.1759392613181716,-0.11404324471793405,-0.06576698002767398,0.129527737936766,-0.19973721837591418,0.09128186470273919,0.04602661107416667,0.04256718294116975,0.05565962104016619,-0.049767858668367554,-0.11973322082203633,-0.17774657869248728,0.05827178423859248,0.0684116051465284,-0.2520636495952947,0.15860846626082173,-0.11041303929155968,-0.02770866607652964,-0.03426017639998597,-0.06291651976654213,0.10808515407438903,-0.23972122817686414,0.02251648092290608,0.1007129423292206,-0.01755881099545943,-0.034213674316993424,-0.14315814156540035,-0.11584186642065926,-0.18559658948347124,0.05249165999425069,0.15463039187306987,-0.11343665640234714,0.10966124139358827,-0.04903649252917136,-0.00556268389863019,-0.11755108365901076,-0.03277068232322554,0.04219044037645363,0.31756315985375255,0.06953468483079067,-0.07075463247468773,0.09866339273895214,0.02435197785483939,0.0031474411280384626,-0.027478252213033016,-0.04396204394920631,-0.0036115160777322733,0.1385025740108055,0.07902699098042999,-0.22136864505973533,-0.15980597901700563,0.08526037907606494,-0.08045395509195541,0.04168012203216775,-0.034581524922263074,0.021232183129819067,0.01943598131951286,0.05500041914723968,0.14917692981031655,0.028203615061575645,0.13672546841194821,0.12871643052059406,-0.06275185451771513,-0.03715587424685948,0.16722087511276762,-0.06367745365582156,-0.018674949860651855,0.07815551992939937,-0.19711343807276233,0.09153105499748138,0.03750356235136537,-0.046941061344932804,0.01576464037168952,-0.08679619768020391,-0.09002308720511164,-0.2147054101116287,0.08185614713726093,0.17555052572616364,0.07114356950082935,0.0
results_s1/tianjin_wuqing_candidates.geojson,cand46,46,1.9,7.6,39.34863,117.07303,0.022103880350097454,-0.18919953427888372,0.32017674356172654,-0.1392202226485779,-0.08443364758764153,-0.028001664935862133,-0.09408789372688854,0.1354672566506729,-0.18034309451033653,-0.1170163913340493,0.11084109003157809,0.10815984194009566,0.022847252723467264,-0.05105089001348361,-0.053548054623973204,-0.07001749552972816,-0.0017836925667589945,0.24399177996312302,-0.045799773243583766,0.06785635023075057,-0.053496124570588416,0.1306385265722487,0.03976906037790556,0.10161151029396585,-0.03378232972363654,0.23842933202156597,0.015125804652819921,-0.12505419092167716,0.1992415005662683,-0.0002483787819402725,0.015533489082383957,-0.04482464279480011,-0.03474151465873875,0.01603455193495851,0.15589392558459225,0.10683234055381703,-0.15986660082913565,-0.07232685188688838,0.07951823121898004,-0.14720810530392328,-0.04636913770741821,-0.07395110177426543,-0.041677090579082206,0.021977083618491745,0.09667067079692847,0.20978806512558895,0.059461480762064776,0.20095133799833056,0.21998644693624245,-0.06700152619120697,0.03277181020042607,0.2002592429088792,-0.13972925576650672,-0.06752890412432892,0.06922731061627073,-0.25577933900551414,0.07346500777265932,-0.07721653867433297,-0.07127271889227263,-0.10212806271819003,-0.17379841538343432,-0.016361387627184556,-0.11118977855200719,-0.03496069820172289,0.038697045877808464,-0.24825323328831883,0.2899271902735599,-0.14485281415858328,-0.08096510770489203,-0.011896478669550393,-0.12881921710514377,0.10030450922290989,-0.161642642558939,-0.09026427591080942,0.17271916936267914,0.06256117111533056,-0.0063137498116255086,-0.04719369654554256,-0.04779350106773378,-0.10025237039174291,0.002520608280145775,0.19878330607216735,-0.0895445432571275,0.07800970668966012,-0.061177819865569305,0.07726379872532076,0.011979870035321048,0.03468350847931238,-0.08614486467545938,0.25562631723588586,0.030285094145634624,-0.09423977191521357,0.17346209848999788,0.012600067538002854,0.07205515095769623,-0.07731557051096294,-0.009770008982308061,-0.02324583432445543,0.09922966179354516,0.1472512554921557,-0.23080864455346592,-0.07898287877789484,0.08800722171875483,-0.07156980982639109,-0.027880483826171646,-0.06941183018481496,-0.008264266847070906,0.02509284825258712,0.06679369560329752,0.1678197648634338,0.07240683308766221,0.17328285161178983,0.18018766524955449,-0.08471469355004956,0.03231966498893065,0.19263440982682248,-0.12257456292005718,-0.055905858036295386,0.056966770936724545,-0.21791456934096298,0.05884453891777339,-0.042173084755888976,-0.0751343129895102,-0.06328862291719847,-0.15412736984319547,-0.03731761312839668,-0.15890356480290987,0.004981828364772648,0.11150947482638884,0.23834055687599406,0.0
results_s1/tianjin_wuqing_candidates.geojson,cand47,47,1.9,11.2,39.43308,116.98194,0.12296694966486132,-0.24861391344448852,0.25401203885280255,-0.12603837546832292,-0.02792304255435213,-0.06332937918355666,-0.013831358404396966,0.052468948852385254,-0.2428820122635246,-0.030803955095239515,0.1048351308635727,0.017883358615135687,-0.03272607370841214,-0.13495495646796454,-0.09551470533808969,-0.1488327271485503,0.1157937077080293,0.14880743850401393,-0.07679075058620252,0.0608053365907018,0.04136119537860221,-0.000495007053961856,-0.11373471343548179,-0.050617630482122,0.010228415750640624,0.2069408148310287,0.07562249184087284,-0.07679211653128813,0.11307955740642353,0.04445242116565496,0.09040973811859472,-0.05072071330697354,-0.0018733128230085342,0.004797089666146474,0.09520247119121661,0.05731632968067421,-0.32918238545390394,-0.11247999210787286,0.060664800994676714,-0.16782956239809446,-0.022308030444651822,-0.04718847137371591,-0.01163717040121402,0.00610797895424463,0.05114036696774059,0.1633067689358958,-0.03663779708139335,0.1587074402518763,0.11269544071042575,0.004444874878870338,-0.05474987063641659,0.1321379472669311,-0.1913748703798354,-0.0743185666334573,0.0978855331798075,-0.24132399141345526,0.04226834463939016,-0.015258333120293156,0.04440752909428819,0.01541616571128262,-0.0674302871949303,-0.11615595933041564,-0.23067049554260893,0.07195423014097159,0.09631023741064224,-0.27685575449300526,0.25865211570241614,-0.1201673677992339,-0.0620247784263617,-0.022464993644568953,-0.07362813430754377,0.07771042971677118,-0.1824579071155322,-0.056558058314547285,0.1500277954846639,0.00026405881213366887,-0.06864008270980315,-0.1105723729608455,-0.047794968118680954,-0.13293794128071806,0.05170436366530367,0.13701280926763706,-0.10216094082892788,0.06616638525177278,-0.019795945712297737,0.013273845833545886,-0.08049018503140674,-0.043139148827769966,-0.020618473592438336,0.2588863820860889,0.06200883679336623,-0.07295206030988646,0.12660977231561243,0.05131396749527791,0.07475565093114879,-0.07340473571213897,-0.03131943931952073,0.010871604687686623,0.09167520936076526,0.1171737941556824,-0.2777395083521754,-0.11831005505471566,0.05417807688773697,-0.10959616613352285,-0.007241438945746667,-0.031000783412001614,-0.002231116355020271,0.03889433150121592,0.04577236742515181,0.1468053722018137,0.011484794291130728,0.15905273461000416,0.11143940117071653,-0.03546805643158485,-0.030349882872755547,0.14836040557824362,-0.14848343585103435,-0.056490375140551594,0.08030616495900372,-0.22498728090952483,0.0524908827829871,0.011101250668186794,-0.018662121607783723,0.03284542415622405,-0.09548158243257834,-0.10385184950470773,-0.22534596712644941,0.07004842315807733,0.2709775546690308,0.10004087012891305,0.4734042553191489
results_s1/tianjin_wuqing_candidates.geojson,cand48,48,1.6,5.8,39.34468,117.04653,0.03990915609949401,-0.23745196441346667,0.281607834447844,-0.13414948144848873,-0.0831063106319041,-0.081689245198349,-0.16221471226626705,0.031193929608512912,-0.16823192829448086,-0.05286346230148025,0.21332670321918867,0.1265734809854272,0.00796204203591408,-0.04498270830539061,-0.09342991660547875,-0.047799644727663196,0.07825590001284569,0.2128521604609089,-0.11857681834220701,0.028222417593821394,-0.021802169858086504,0.0693878320742953,0.0646699938390829,0.13458748258555575,-0.10128943978509808,0.19725722256302478,-0.02308361071319681,-0.05401638956866405,0.20229746722818961,0.02026047023822954,0.02648172236088686,-0.08105864933630573,0.05667467914466107,-0.10057868208074779,0.12105804076607656,0.07377883134552154,-0.21036946800045714,-0.010359420051258493,0.07542813515161292,-0.08053816668903652,-0.13802525283033046,-0.12779199929164178,0.010081647918483481,0.02427567085251797,0.0735321841228917,0.19684625514954684,-0.02534870536883679,0.2291090433738499,0.24982420340173658,0.006136221718516668,-0.032352403149310455,0.1938604364398462,-0.10663930654512452,-0.040662968434592765,0.10254473143015613,-0.2501208443261005,0.01818249878157482,-0.07861557062436492,-0.009293954977544646,-0.03862594870889754,-0.13216664627458086,-0.04397229485588884,-0.1148037601604795,-0.0029110735784609976,0.016190862650481242,-0.2710364469042196,0.1839248220592374,-0.11098723594274144,-0.09984954910578933,-0.010553530359529759,-0.1485546915115785,0.12773604039875833,-0.14699308213725096,-0.011854698063058876,0.22058008752026623,0.009660482939384915,0.03374072219337207,-0.06373707881063981,-0.044967037665239656,-0.06369412141413151,0.013736594067037125,0.09173060403570041,-0.15919732596408184,0.0466437291277195,-0.06401110442342792,0.030423990483869567,-0.024067335111789136,0.09220668860921194,-0.13404508759091643,0.20264504046161438,0.03137856265523652,-0.10807998191590072,0.15735854912714994,0.0050934096102470796,-0.03614396924809032,-0.00952628160163881,-0.007731004585199298,-0.027207132422882505,0.06088369915654629,0.15551396299632433,-0.10541218789225434,-0.11553430731574481,0.06566642878158303,0.022042376073693748,-0.07609488391947093,-0.06253636468052703,0.09832431667362944,0.04796274927689254,-0.005544290123326417,0.21199477195358038,-0.028949842145741866,0.19603835528058022,0.09475537350103742,-0.10563660974059083,-0.02160073743210191,0.18811275221690438,-0.07477416360115755,-0.030040185910104055,0.03425279081040821,-0.1938191278103474,0.028364974585872806,0.0267512000005066,-0.04028735788248758,-0.0048123040729907566,-0.15746179240528912,-0.09525220976203495,-0.12110802207468706,0.10939554490141994,0.12067164796190714,0.13140855605245988,0.0
results_s1/tianjin_wuqing_candidates.geojson,cand49,49,1.6,5.9,39.41834,117.03377,0.06646778991647513,-0.24161620991300983,0.20714907891484582,-0.15318108382513085,-0.057465166700593935,0.062314499401945486,-0.08621597979238381,0.16184265460594827,-0.18148992397602462,-0.11136358718313676,0.16092256526316964,-0.06380766602496467,-0.11120755691961341,-0.09002486604796331,-0.042580610143612536,-0.1709374392927104,-0.04287153203375196,0.13567347002000216,-0.1485701237809338,0.12526134389506224,-0.12772125914051247,0.034132194957393086,-0.06506483388837024,-0.03868365577297463,0.0043757426303148664,0.3267635277206116,0.09582932672026183,-0.18129225594777265,0.08594313087691849,0.04809132961139665,0.007141955355951577,-0.06501899825660674,-0.08008160459423824,0.11039825443879882,0.116660068618765,0.2152947101883081,-0.15322562799691145,-0.11547710371622738,0.0629585223769314,-0.04347115018524066,0.08416255593118938,0.00905616281702259,-0.009944916214589573,0.06937117858522948,0.03754989574462223,0.1316427437857391,0.08125705464292535,0.11734257411520722,0.1198275546331196,-0.08837719203908853,0.03116756271811951,0.19791759107378454,-0.07493791108618389,0.019472954621091554,0.009543734995273119,-0.19683593983830708,0.07318116967362687,0.028314020920998512,-0.12255792498959663,0.028719890214703826,-0.15445128572975128,-0.07596927500991807,-0.2149039029510125,0.11310085467309983,0.06268678544488145,-0.269062754077102,0.18050517513607453,-0.12006837409537452,-0.0560202596375093,0.030720148207677316,-0.0783512876374315,0.13734428865062412,-0.18360249021648775,-0.052537147577499416,0.11810993613053455,-0.049300014739577805,-0.06565838159818825,-0.10335651386128132,-0.053683780077090966,-0.17023851635523296,-0.023305024437654098,0.12375919513037333,-0.145870180270845,0.13487931684044902,-0.07733614900933343,0.003773956783068829,-0.0939568392596305,-0.03264643479965372,0.017506402886327384,0.33547040907450076,0.10588313340105257,-0.1430353170182712,0.10328632990554071,0.03252402998403172,0.00681356924532059,-0.05340428427462178,-0.08809817867976717,0.038401562842472564,0.11708557561453085,0.16549544074586428,-0.18953144722928994,-0.14483420077430154,0.08177551477860609,-0.06277302344212124,0.05236365441454632,-0.017303211825086075,0.019496793740480477,0.04828568265994937,0.028176175739342994,0.1463760984062526,0.061294932872614685,0.1326250042143098,0.09244433668804038,-0.09185546332234264,-0.004782463556814517,0.17532423783654083,-0.060798902505415045,-0.00259850642131079,0.044350172307039734,-0.19227340450760283,0.07324846293267664,0.03443494915189702,-0.09838198196710533,0.028390849126584294,-0.11326126459613811,-0.08017187031862714,-0.22091952947414772,0.09793126786973154,0.1201960503016066,0.3193484231674645,0.0
results_s1/tianjin_wuqing_candidates.geojson,cand50,50,1.6,6.3,39.3905,117.0035,0.13369612375667633,-0.21220934423350482,0.1709192570758635,-0.17091170249544385,-0.024579711335784557,0.041927517952905405,0.07062384316402212,0.05662486701011185,-0.19489813774083597,-0.08283436328764002,0.12944140846611316,-0.05769299105842637,-0.12847197701816457,-0.1216211453552535,-0.07138847426935029,-0.2414130613597234,0.04311646548845777,0.034453391075825054,-0.1268076113206969,0.09549325547807849,-0.008620886787039777,-0.026116363788591584,-0.12889239414946424,-0.08563428152312631,0.04468011174691032,0.24894420863614722,0.08977343464102862,-0.12001982081370635,0.10257857544087516,0.02482607930052901,0.1204196010423964,-0.06417930052123709,-0.025815318489821566,0.04765425344711581,0.12613063725198403,0.13470005628118836,-0.25386704115872194,-0.07323823594384515,0.10866640942125146,-0.18060939337936213,0.010858205408985582,-0.02906310083747933,0.017216993355115933,0.056246102160044456,0.031962523404780806,0.11648139129774406,-0.0658701694995176,0.07493918433594848,0.048248398538354276,0.03999993961813607,-0.07475198810788532,0.14827920542758255,-0.120603288897417,-0.00961784489502076,0.09795382514828371,-0.1789623827990745,0.046167482638852404,0.0036663494284459737,-0.06327574630933362,0.028703526215260882,-0.05071705564336603,-0.1484516734607936,-0.3489100048002025,0.1923306759866385,0.05891900567302705,-0.23374392802090094,0.17354880452470325,-0.14361487027993114,-0.06343889786566986,0.054141233169539546,-0.041207802669997094,0.13682779040867812,-0.127160219496072,-0.08746796446788904,0.12707331716250395,-0.03252771985155464,-0.05760012287262406,-0.08589093309500713,-0.008471709494356385,-0.1834836906035323,-0.06345950850456862,0.07448477678889376,-0.143566392649202,0.11268810890348789,-0.07701830209444999,0.009367029162430363,-0.10104072229000645,-0.039098313826545834,0.01652018444342557,0.28722025446134986,0.10076544770739389,-0.15896392308897547,0.13608827271935217,0.02283096301001465,0.04619999643030861,-0.09277930649445185,-0.10829731996475236,0.053874862177194296,0.12092240646883806,0.2178137207975893,-0.19035476676811633,-0.11911164607605403,0.08997123892421681,-0.08021221144443959,0.03678993077851354,-0.00462621959400152,0.016225421981941674,0.04255957801794776,0.013557232681931286,0.13943868280941854,0.040023616082213526,0.12256335457005751,0.08715290819539527,-0.05868216898644933,-0.004558880952375356,0.19105992172906286,-0.07963932400097293,-0.020713923834827626,0.05237596406084248,-0.17306524065292123,0.0729643901125488,0.013633159424375424,-0.14794713344018987,-0.01382171876822257,-0.12760045729741468,-0.08855896178220679,-0.2746845358886802,0.12978418568397818,0.1679983418125085,0.2141411845938004,0.08974358974358974
results_s1/tianjin_wuqing_candidates.geojson,cand51,51,1.6,5.7,39.41906,117.01994,0.15069133062851464,-0.2583551960058801,0.14193021540616257,-0.1316068616027842,0.02625731988678385,-0.02788603506404056,-0.05176197739319827,0.009053383316442789,-0.2112197632693508,0.016938348695781723,0.09835472819378603,-0.021683356811808312,-0.0763806709560743,-0.15635235463839497,-0.15503710591282907,-0.23378225844717704,0.12094282861867231,0.11168298837867978,-0.060314306584979306,0.12481075126749783,-0.045525656483993,0.030288153120621573,-0.14119571558150668,-0.03651416723358556,0.007723226812923887,0.3054314256288956,0.05552591387395832,-0.06744781146289242,0.14691083160893714,-0.05015511003607643,0.07476747569387233,-0.04931930898617108,-0.044133915504333224,-0.01892820983288454,0.1938226775365169,0.08571776240063252,-0.2937056806556324,-0.11439136659001413,0.11587762054283589,-0.11619383414639782,-0.04440895666689857,-0.07323625205933354,0.048120667401759944,0.04963281276329495,0.07842357153351587,0.10541995738959667,-0.0950023095889302,0.14944955826205378,0.047643685693041726,0.024947311652015726,-0.040832234604779104,0.09214688410162214,-0.08259240186999793,0.0034200050106283383,0.11989518334104952,-0.21947561903491952,0.08462975837645317,0.03223771523186067,-0.06144429923295764,-0.0014258564254512086,-0.024146419835444275,-0.068333372291754,-0.3150245247535351,0.17201799564881867,0.09672512531375933,-0.29253163441652236,0.17622995038450406,-0.12470731710329504,-0.007883315425113677,-0.0020537659125720105,-0.09857656161136315,0.0678701532103674,-0.22268700488842227,-0.008178463468805066,0.1212047508135277,-0.024410266108945856,-0.07476829330054735,-0.1236116821408437,-0.10279506230770631,-0.1833888848765265,0.05484506701754177,0.14735637621813666,-0.11069210523767703,0.11602644102326543,-0.061211251769252385,0.008655063378799698,-0.1128892382019597,-0.048226720829687215,-0.012381487897037672,0.3341436337763308,0.07867643457971962,-0.07640104140189627,0.11916390434340463,0.006595718051401555,0.047915133360243785,-0.0476009919319641,-0.04873754088304515,-0.009073597372837775,0.14905783227210612,0.11692143598184673,-0.25985104908988516,-0.140626867075029,0.07433938417125317,-0.0644853841867193,0.02700998444195558,-0.05661346754451088,0.03250996938992983,0.05588799339548542,0.05963564703957332,0.1354870621847857,0.009939358839031085,0.13589521607440416,0.08008569933774783,-0.06223476926410345,-0.02157776263664147,0.13688809323027584,-0.07120998857448446,-0.011811294177716602,0.07086642253215006,-0.2217183568952052,0.0740087241928513,0.028321008840688573,-0.043623883061386454,0.017636342201634254,-0.08318151915785335,-0.08042585127818333,-0.23395205690525286,0.09364289529535015,0.1299081323113616,0.09538509862224383,0.0
results_s1/tianjin_wuqing_candidates.geojson,cand52,52,1.6,7.7,39.4276,117.09755,0.04241230745153024,-0.20735100079974159,0.2906791461620825,-0.15559150637039942,-0.06852781288806073,-0.05226607901282462,-0.08707125749148313,0.040451268412332334,-0.1827108006072916,-0.06694991330547613,0.1432651647225499,0.08897738779587866,0.01012794201117081,-0.08723170405913751,-0.07989676993638535,-0.05774151345466006,0.0240376298258211,0.1719905842393077,-0.04116812747370818,0.006518595900322589,-0.014741392918815361,0.11262954924648139,-0.02442541219067902,0.061969326792144876,-0.092693060486585,0.18440368059335407,0.01637856795858667,-0.06687524857310573,0.21536110484794357,0.027494551199765523,0.08967996978999435,-0.07756008826937408,0.03428093541724895,-0.04915206602185663,0.12221682384612347,0.11680001296331824,-0.25573874609100167,-0.07368670349984556,0.04691802348024567,-0.11186804013770528,-0.07048440309556449,-0.055543631355449104,-0.03424478492749261,-0.023337623078239753,0.09070883925225602,0.18546092255439015,-0.013702891785699108,0.22918941238394697,0.20742912158760599,-0.020294654545528604,-0.02641368166279687,0.20406493645866883,-0.19080716919399285,-0.1032597647913506,0.07630284793497341,-0.26239895069278407,0.06537586290780818,-0.05504820617361547,-0.014977895100784736,-0.043287712125630706,-0.14456536813125875,-0.09421193591623403,-0.16917871609124596,0.006146292384440827,0.04794741577947635,-0.24143693215794396,0.2638115761471475,-0.15486621049340224,-0.05527369675300269,-0.0037434500105125354,-0.08190058889783036,0.04740620851345841,-0.16692528467655368,-0.0616132837384286,0.1484528557945105,0.04374548361868789,-0.024013052963445927,-0.09129036981513924,-0.06036370987740539,-0.10534483047771817,-0.0014319403071349377,0.14990618547552853,-0.06465566610005065,0.04755901551294771,-0.045411197544355006,0.07543255960893964,-0.044491413572125084,0.022407602425342527,-0.06246220728794768,0.2580847120347525,0.05454303296640452,-0.07412528777427613,0.16663762035776905,0.017941782820033437,0.08889910726057106,-0.06905998666906113,-0.008155733978259359,-0.0428694171700361,0.10759137546158981,0.14909001273264771,-0.268516936559845,-0.10847380599808142,0.06571971445074608,-0.06865984095552828,-0.015408221248801302,-0.04788702865504942,-0.004610581988816005,-0.006007582636760617,0.07706735403354018,0.14569313562927183,0.011183693303604463,0.17563669730525588,0.15579313413039614,-0.06287629953139871,-0.013368985960505623,0.1787527917704198,-0.13179385102547142,-0.08694499032137996,0.06894721824301087,-0.22208464713500586,0.06868979960880192,-0.013810648592451761,-0.06373683026750339,-0.02365161529376371,-0.1208859794196016,-0.06557685952592131,-0.2018755956519838,0.036914342916001736,0.16862001537814045,0.06364793566004036,0.0
results_s1/tianjin_wuqing_candidates.geojson,cand53,53,1.5,5.5,39.35672,117.03647,0.08574190001736857,-0.297695759494734,0.1330814419631758,-0.11060604250544667,0.0018749598069782271,-0.03663967766064416,-0.10084711034532069,0.1650189273619489,-0.2822903403942441,0.06415460323371476,0.15204051216857506,-0.024932439684936837,0.0019924324800433667,-0.12349277954693239,-0.14708645219895974,-0.18162587648030384,0.11192601410992808,0.1948305093255051,-0.15632592464732534,0.07652688703191877,-0.03348809329940081,-0.08884384810804297,-0.08748793952484972,-0.035122416327177226,0.03459717053269245,0.33364331156905047,0.08419891639535455,-0.03859817076780655,0.07908448504291857,0.033554181174099966,-0.06371911021791729,-0.07121238374886013,-0.05339543845027259,-0.015116401404009288,0.11377934148967378,0.02129472723441171,-0.19497596591566382,-0.17766589939735108,0.13107055529161069,-0.027808162651443136,0.04902856749135938,-0.07483039910847501,0.0794427813037109,0.04166306102861726,0.02126989664522556,0.18264310867942443,-0.03296108652321735,0.1905763287414086,0.10808962207498904,-0.09121748704642445,-0.03381917280344349,0.1485726584831767,-0.011362745619546352,-0.022419254778137856,0.10722892545696909,-0.19799328725358586,0.06185399646561385,0.05394749002275127,-0.01599797823359992,-0.011425485885471712,-0.024677451029429406,-0.09397395145036348,-0.15280239703981957,0.09344375398456749,0.06704097828556431,-0.29125900906751206,0.15909309330726712,-0.0897340255886314,-0.0351943425611399,-0.017684948324888577,-0.10437536473128008,0.1462260883178943,-0.20988174434701315,-0.010569037289336282,0.17926705699553672,-0.025648633575755423,-0.021183282982491607,-0.11332609860181449,-0.10355188425822234,-0.15612353398879653,0.040412703706859524,0.13931743301690164,-0.16129512315981517,0.10009836660956198,-0.05539380487955849,-0.05675118603252697,-0.07136501524212639,-0.013605375441338776,0.021074376784183262,0.32077089046899104,0.08078773087440605,-0.07339877772267747,0.09329996357239533,0.02066429595863051,-0.02597092363138689,-0.05978517830213869,-0.06010927918079151,0.013107918196452633,0.1421383344971039,0.09898201726818052,-0.17815037728321126,-0.16514299419801765,0.10004759574996386,-0.04493558418194944,-0.008956126071455753,-0.06758133478101672,0.08787408604914447,0.07206695077181027,0.027677131642177912,0.176599279865469,-0.007571787931131879,0.1584151026886785,0.11846523891851109,-0.08980190352248814,-0.043856942848335245,0.15690138692500954,-0.027521357437776936,0.004636129224422692,0.0877970706900785,-0.2098809386971959,0.07102397773537089,0.04139876130934332,-0.051255647012304915,0.014656169010352743,-0.07900883207359984,-0.06348529853961148,-0.18211903668280266,0.08368377414504184,0.13078921626984127,0.10059099897471403,0.039473684210526314
results_s1/tianjin_wuqing_candidates.geojson,cand54,54,1.5,6.9,39.40882,117.08435,0.09711674813249693,-0.25932885694745783,0.20376392279247754,-0.1429650040612754,-0.004310112736850116,-0.05149049998773506,-0.06598576361147906,0.03819153089793065,-0.27035306754350813,0.03192918368806866,0.10167996079324212,0.03688668888293761,-0.009635118911709147,-0.13963387686247689,-0.129925767453821,-0.17830372348627366,0.10216100171667224,0.17702876904894824,-0.06936751975461027,0.09012614600429499,-0.04689768097975578,0.051056245355634196,-0.0984212989619968,0.003038032822982537,0.00109173405425386,0.2853209202450866,0.0394192585325399,-0.055395394512556484,0.16306190505589008,-0.00807854081598543,0.02727573587839409,-0.04970760356719026,0.0011061390254870818,-0.06089411647733929,0.15833312233273428,0.07076296276697269,-0.2657002344587638,-0.13204792732781603,0.08661762710981734,-0.12504320892510912,-0.022541400720749415,-0.08289070167413146,0.006745140223780714,0.0058303050897559805,0.07815762085399566,0.17155975298199533,-0.03614879995567507,0.19143742365422015,0.1458374842432016,-0.007831379085138417,-0.03911972572193117,0.16353942188822376,-0.09297794206114873,-0.06225018474024063,0.09002459195260666,-0.25050405748785604,0.06715502020356003,-0.023320491150908618,-0.013868366144665335,-0.0482180503989513,-0.07031748131641413,-0.06655247777777933,-0.21829625656938656,0.0556665504257911,0.0667528386471816,-0.27110259433058476,0.20767006055608564,-0.1377996955405919,-0.041284064313049804,-0.006585130795027174,-0.10653067668837736,0.06021415108896686,-0.21214063673439443,-0.0168228754027885,0.1446790277495692,-0.002532966292058273,-0.03455373110512845,-0.12551820010955056,-0.08255320252845612,-0.16194323447192624,0.03502401065676892,0.13927673903546633,-0.09778994668247841,0.08418961708953784,-0.07489384716966185,0.04883681308575738,-0.09340322671213683,-0.008597837009709453,-0.047973301888927844,0.30862710630738,0.05419604407637377,-0.07571999136766781,0.13391645201930857,0.003984057880388155,0.05554891448914557,-0.06347469001976026,-0.026156364138848816,-0.03191788867615811,0.12635585421179374,0.14172428806740978,-0.23476319399598872,-0.1204868762799719,0.06559748285908566,-0.06006708349927401,0.010045544613937668,-0.05467407010916015,0.02652953990063154,0.029605314025852824,0.06092967372025761,0.16174662209008814,0.007864508654242906,0.16538742894659914,0.11725506737993624,-0.06307365254037405,-0.02479330688832331,0.1771173904990479,-0.08022982151305814,-0.036674515307220455,0.05811881319335563,-0.21995005658186736,0.07099650734653122,0.010990600881651573,-0.053356454166244904,-0.012872912744017482,-0.09578707185627977,-0.06724254423261952,-0.2216380469372452,0.07569945970408626,0.1372337096024596,0.07752939723232632,0.0
results_s1/tianjin_wuqing_candidates.geojson,cand55,55,1.4,5.0,39.3763,117.04383,0.1475253245776277,-0.29835031578458504,0.17019211344965038,-0.15420214960341705,-0.02893598215154357,-0.04321230442960332,-0.052413335555192266,0.08398149781028763,-0.24792232483145465,0.02504308353559395,0.16695673318749946,0.005983883927447928,-0.039992002179276974,-0.1576407729983687,-0.09988469647633808,-0.17480035976186023,0.11813192460377767,0.17641422498357776,-0.1218890987017268,0.09039225008868526,-0.007651382546139874,-0.04153651103677626,-0.09457815518875587,-0.025230690857288476,0.015353148810405098,0.30466701911986205,0.07902895736217466,-0.042387568309984754,0.12171708983850799,0.04690034378894159,-0.03464303577403046,-0.06677567347065064,-0.015950741094086247,-0.03290241564597103,0.15469532385376486,0.07007509606279463,-0.23401760395233187,-0.16162770063603588,0.09509446067805331,-0.14212936856327604,-0.035718477768873845,-0.09808509156444842,0.02263969078371937,0.04219352388497615,0.03271492536251857,0.15950948774711535,-0.06365869108632233,0.1813731278297439,0.09850074167538656,-0.02253308637641711,-0.044636624973193643,0.13402997607735223,-0.08491121474287158,-0.02516264183513598,0.130024658494627,-0.22354542795009863,0.056582123189815633,0.04301695266252897,0.015716405631699674,0.017377883006363195,-0.02964980088013069,-0.104727960558984,-0.20945496489062854,0.11757594066024175,0.11817176428674209,-0.29226928777114264,0.15985739354480247,-0.14046675231084801,-0.02254765887779302,-0.0026003294693549466,-0.05946183490175638,0.08086234413500072,-0.20228998758635283,-0.02982094916439335,0.14604480193545538,-0.03417670369803947,-0.07324310450541609,-0.15520347227437126,-0.09118529140097482,-0.18361270011215344,0.06717268220384945,0.16031084067531334,-0.11341992204117561,0.1279260493984389,-0.03296066099799431,-0.0038749738234888256,-0.097725133183659,-0.03578995796450802,0.035784637321933224,0.34761876951215204,0.09383059503555621,-0.07803300260827246,0.11452576082909702,0.02761151795883571,-0.0023596763906956917,-0.07308841008807251,-0.06652725723950195,-0.0015711297556282755,0.16936538249525956,0.08293693412423844,-0.24388331657613002,-0.15621064489885422,0.09516361709523423,-0.12548147126498302,-0.01332329282218799,-0.08648547961223953,0.040733700302594794,0.05178457089279031,0.05099604596409293,0.13970993340891213,-0.0326332863795017,0.14154596512767326,0.08704471307380775,-0.043238826300523996,-0.020418408805346434,0.11769673786845608,-0.05776431287154347,-0.0029448149232410934,0.09640677822367728,-0.20618768597162102,0.085271498826141,0.05098295205032846,-0.041590836486463126,0.027561401391891185,-0.02531394760577143,-0.06688911448334078,-0.2483139629645835,0.1079549893809801,0.13161779569003532,0.10414538282979424,0.0
results_s1/tianjin_wuqing_candidates.geojson,cand56,56,1.4,6.3,39.41852,117.01374,0.10147514932544933,-0.25666001418584194,0.19197785059036632,-0.09811133402170764,-0.004213135625491279,-0.037880875289491786,-0.023714791016222384,0.06291361241590715,-0.29746387897315424,0.07826886010195967,0.12590853704349378,0.004412214555111706,-0.04282546747266583,-0.1434400117537789,-0.11837551068385299,-0.14088561588387527,0.1550798186500289,0.18228248475594314,-0.06272852554694937,0.03759166290418522,-0.03337000214978941,-0.03657216597979313,-0.1161837637445658,-0.04136895193652199,0.0020539538823434846,0.31563016722991494,0.048974292590119255,-0.002205490163729721,0.03132758680297728,0.04343455881905814,0.009919985313686274,-0.053288473139553046,0.011981063377014507,-0.07400501414315085,0.12231258242991398,0.010818326370818128,-0.28203679973541257,-0.11326236431019239,0.032184374699695484,-0.07366657200003711,0.09879900784644365,-0.05324808950937444,-0.023673138321320685,-0.009331607094264652,0.0488830269296312,0.16081117124082847,0.01706293850288091,0.17440285193680335,0.13701579710305178,-0.06542455401667456,-0.03156093794520783,0.18710816806292557,-0.12418280560069982,-0.09685015740679437,0.14790464365867875,-0.24977919751283245,0.07950617332335431,0.02527029360076757,0.060400553218905674,-0.014132837265886511,-0.07793437445474731,-0.13985454309851877,-0.21969061352918487,0.05696136044733656,0.09179036458768475,-0.2704638075916897,0.1535847063832788,-0.09450241676279013,0.015453332834140457,-0.018932866294730906,-0.07045659768878819,0.04759115871110543,-0.270161867449404,0.05311032200052315,0.11866084199714107,-0.026777058699328546,-0.054333202798396325,-0.16186003716777123,-0.1317120675635998,-0.19104289403245553,0.09897827490532429,0.16199290757286794,-0.07074705135385315,0.10580027509541548,-0.07881048573704375,-0.004912354024343792,-0.12674597061738507,-0.05266073362366847,0.005292885163839678,0.33315830211742603,0.06637951283498955,-0.03319455492849761,0.06989598288980887,-0.013586231519668764,0.0470137352909925,-0.039427342862548224,-0.027987064597216543,-0.04027771171594856,0.15664777493955126,0.08155223901670638,-0.2766282564380838,-0.1441195015920393,0.055550972931439416,-0.03538502897309123,0.08008859181716184,-0.05837350510418341,0.02437835306263591,0.030857803297535777,0.07433950785894795,0.14294531306424907,0.004328374370461442,0.13363318615893116,0.09533135207273505,-0.05667131915270196,-0.03204881783877414,0.16521158564805796,-0.06183733932486662,-0.03973636779296514,0.09362214736658332,-0.2352975196602983,0.09226047216915673,0.03809216476125703,-0.022910634723542135,-0.02398004640397395,-0.07011675090068802,-0.08966044943670841,-0.24989489822334815,0.08410039184580843,0.2381923006134078,0.03846431336684552,0.12857142857142856
results_s1/tianjin_wuqing_candidates.geojson,cand57,57,1.4,7.2,39.35618,117.06845,0.14086340440759465,-0.2364332112741998,0.26214452544306444,-0.15862023472273265,0.008949911761771429,-0.037302997372366864,-0.11052770248226654,0.0682124206591112,-0.24087198607990065,-0.036944960152729675,0.20084932309230324,0.04617533128974148,-0.06750105130389471,-0.07792485991345445,-0.13875922555848247,-0.18267592720115367,0.12851699981709885,0.20240629991825426,-0.0896062386076962,0.057139574472284994,-0.003486716364895397,-0.00048331848906089047,-0.009786950948144338,0.013240226096226286,-0.035975045307683536,0.24210109152688394,0.012117858059052885,-0.04472185884072204,0.14174717312388238,0.00462801433263503,0.075759749104942,-0.0288276141358447,0.06436186355639191,-0.03229830980160825,0.10673119780365485,0.06686194197705408,-0.2798751502582697,-0.06367708079049957,0.09088950109156117,-0.15974097877112592,-0.04478431266690856,-0.14090651732445922,0.019174736911716023,0.04628520210121606,0.08326214636426169,0.1567383057123696,-0.07919593002756657,0.18945760969742986,0.1488128992283049,0.04112170237612816,-0.06610073459806129,0.14107382553052028,-0.09913506749866823,-0.03920181138263886,0.10681244705826927,-0.22961840139943268,0.011570165352165127,-0.03103230095314225,0.018502876314215495,-0.03792166984653696,-0.05760855104816161,-0.06644259170862504,-0.22120191017321392,0.0896125626989735,0.0741719172570241,-0.27855092522048497,0.27271717835084935,-0.12451047658293793,-0.056329076557544044,-0.01691763847690757,-0.14871355097832628,0.09374182777126576,-0.16877311626334654,-0.0758002273908809,0.2088597320155618,0.0363071297585319,-0.03943718330224225,-0.06836601349036267,-0.06595371601115937,-0.11322053233575982,0.03134463771850899,0.17926144189409213,-0.11878282255752307,0.07044483028153939,-0.0347347045903724,0.032129412259572734,-0.0010542905554112821,0.009538640186603112,-0.06884665568319451,0.28394132709649605,0.048638070040197164,-0.06296425342272355,0.147752264870971,0.043765568148612766,0.056719524198869935,-0.07824169616257937,-0.0027396133630483233,-0.03680240126162652,0.1083414192435898,0.11789890774603448,-0.23992479129241873,-0.08465924880209481,0.07681180755699646,-0.08429868609448514,-0.05224812578566456,-0.09405800478787793,0.024412122683254493,0.05764066925488517,0.05946601715511496,0.16471675364058241,0.017477816897303964,0.18036958371467351,0.17006983086597038,-0.06043213145997311,-0.013953465340017368,0.16607366748142569,-0.09772242428875158,-0.0510831731118343,0.07779391714320454,-0.22782859153038487,0.04655850125233397,-0.018030777029480898,-0.037931257042335784,-0.005436058940698297,-0.10350443116552664,-0.04633956997569955,-0.1879679482957222,0.03005235541994029,0.12295694356909437,0.11802110543907982,0.0
results_s1/tianjin_wuqing_candidates.geojson,cand58,58,1.4,6.6,39.36786,117.06144,0.051400798299682665,-0.2196576880326848,0.2717496556003185,-0.18029693854376871,-0.10758715482849622,-0.002924703716347555,-0.05656072494002513,0.07589697814698863,-0.16779516138740205,-0.006730256263994654,0.23614176726272146,0.015593194179472226,-0.009082295301401073,-0.14165396551055112,-0.007487328378199107,-0.09682196735392823,0.05847791427067108,0.2020240582557703,-0.1531844707375333,0.030279525049620382,-0.06099980698021851,0.04363960814478418,-0.008435126014087342,-0.0026642650716175607,-0.05273089121673767,0.277385954002955,0.02873274194039684,-0.0346594755785928,0.11518667219966178,0.11136026523511075,0.030106386570231174,-0.09939524401188467,0.00688255277836496,-0.08779535688199573,0.09632385958127643,0.16681947401961686,-0.1900211185525133,-0.08540032895700943,0.07560203283870245,-0.07256421868990266,-0.022444303457977172,-0.0825601062992514,-0.01733937928380835,0.08156723533024368,0.048649056245958104,0.22240389148798645,0.004181370358266094,0.1809079898936143,0.19487354838454626,-0.09054926307332349,-0.017246416001195135,0.24354124012151124,-0.07566479033881907,-0.04867604446138525,0.10672743933632323,-0.2374453177418302,0.008027523521960872,0.01783753686399992,0.01507636873337293,-0.03694289227807408,-0.14769647179420042,-0.11800590596015861,-0.17873077283044161,0.0137545015315118,0.05850271304431108,-0.2928743754771338,0.21914473304459103,-0.12101550225878542,-0.06779292481358891,-0.021863509697905868,-0.11725958176801819,0.09635214463462284,-0.17399141351405803,-0.04783157129412071,0.19151484329470508,0.015384464580749472,-0.019152055822034404,-0.10670912785934543,-0.05371469633935657,-0.11580370678075048,0.029408991172874953,0.15428223989856174,-0.13832787083368492,0.06792210906323534,-0.06100605943175455,0.027088295660284964,-0.05943361943232137,0.008101908512095435,-0.04440602417155041,0.292616591007874,0.058144660171733975,-0.07912425996829697,0.13649358512322168,0.035867799606276875,0.02169837092588258,-0.06525495100132889,-0.04369066713626262,-0.019266934730786424,0.12062640188284994,0.1337217234916398,-0.2048652633318853,-0.12134913441320948,0.07682018908535511,-0.06192146487652856,-0.041603338052499335,-0.06080244248112429,0.04472325519038128,0.05235312532356982,0.05156466794466763,0.17283952180881562,-0.012917528502017505,0.18657550304008155,0.12683694686586502,-0.0620943358542889,-0.031668829933354396,0.17035503527846538,-0.07841152480421344,-0.014604234116503868,0.07745691092811419,-0.22062791734133375,0.05801072440214354,0.007794660992772322,-0.04416658438502839,0.006350373172880113,-0.10165902052753928,-0.06110147953464746,-0.17448486218349768,0.06218789474995322,0.15536114962651731,0.12052717556138581,0.0
results_s1/tianjin_wuqing_candidates.geojson,cand59,59,1.3,6.9,39.35546,117.09567,0.014302883929793519,-0.21221580944858515,0.23830945885979687,-0.1884275478009443,-0.1287148286018423,0.03789718813139948,-0.15375498472031207,0.22319124475186897,-0.09696636077400145,-0.16188179099837882,0.20810278421981954,0.020943060074948127,-0.03531247295058701,-0.014835601218389628,0.046915558006582675,-0.10400214863411904,-0.13148100696861387,0.16222620015949119,-0.17160937702189483,0.11552656668020464,-0.07794228802632161,0.08396427478554444,0.009681596884007255,0.026432655851011434,-0.03489683205993258,0.29251490449899215,0.0803246714185207,-0.19101015071450314,0.13742045837943012,0.051834527773138524,-0.0021204547801068727,-0.06444115149950426,-0.07612637834467742,0.08514453649495902,0.018869456279243732,0.21984646955576495,-0.14274287368230834,-0.08559658410516398,0.12665648145345915,-0.08740937769443295,0.0857952667528263,-0.019825735460695323,0.023427053983747236,0.023732448472697495,-0.013891295702843857,0.1436989859747199,0.1821115972065764,0.1547619184617514,0.15999764113550805,-0.11585430437347678,0.08477883528138926,0.20724012978985576,-0.056310628826694076,0.0007247941193284043,-0.04132705930177862,-0.1034541946252513,0.02127362242749573,-0.03238350055241519,-0.15731930618497006,-0.024053552949346566,-0.20653624910904314,0.004516797070524445,-0.14695756920882272,0.09098062131793275,0.010179553833342356,-0.2536585176744885,0.2423389564918837,-0.1492318527436922,-0.10185182983222356,0.023210430717832985,-0.15511121862748029,0.1843208651109304,-0.12198964039046428,-0.10069454860376825,0.18004097934739724,0.030206546822260854,-0.017628360009281585,-0.029034927909648206,-0.005500907207337857,-0.09225584153339085,-0.08504456097662812,0.13487464155415926,-0.16710822993446403,0.08641529278496773,-0.06276185817753593,0.05846459437100451,-0.008199177756587983,0.03480409546790361,-0.04102650404673369,0.2614555022324635,0.06677328951451857,-0.12313301283330277,0.14033351278275097,0.049406532268023044,0.006471808106823052,-0.09583471702193846,-0.03684294493565801,0.011733361997988755,0.06773046317375502,0.19281440117816748,-0.18448479388297984,-0.11589157020661073,0.07489131362193309,-0.07865407945576738,0.012883488349392395,-0.040754995678917806,0.044853722886268106,0.017690854371932557,0.00040241271738033,0.1635096866165274,0.13928961094111347,0.16200722135680226,0.15632306944761046,-0.11457990367690996,0.045337029465034706,0.19972810295483556,-0.06760144687689121,-0.060081058643937854,0.0041057613729920455,-0.1425655767391269,0.04987720900907527,-0.011421333335255968,-0.12727841900871573,0.015891303412396855,-0.18463628651034253,-0.03477500573997913,-0.16383292929266138,0.060166916594642704,0.0793133333333333,0.3093294543391541,0.0
results_s1/tianjin_wuqing_candidates.geojson,cand60,60,1.3,6.9,39.39876,117.04177,0.13254781164144466,-0.2434075369168395,0.15411887276197733,-0.13738290594676222,0.013642679151848885,-0.06799211822151184,-0.038418661207604475,0.08497729080737727,-0.2455577046590926,0.029178077973919837,0.09202436638124957,0.02611114775151383,-0.007680463201903505,-0.15884836055824156,-0.1408957693186212,-0.20808791381542488,0.12238627880863322,0.21699311180654748,-0.05475843246973843,0.09752659420330777,0.005571407391786612,0.05598306519482091,-0.1306056705247377,-0.009678582763536173,0.08686437454575818,0.28016165403397364,0.08881407089795013,-0.06782929107230833,0.15518027008130938,5.558014585556277e-05,0.02183231543805172,-0.013652074031163575,-0.03310836374992412,-0.020364503705122657,0.15089645156136416,0.009248641321745502,-0.29409024719451593,-0.1633827067038758,0.12673526403517618,-0.19007168185251885,0.0009648645609683958,-0.0999874949650564,0.03314477077429539,-0.010736793690307937,0.08874793084800005,0.14986211617447237,-0.04373471657621617,0.18009963482354277,0.11266395782846787,-0.006391659517898488,-0.035984541079578096,0.10052089210092197,-0.09161805403178934,-0.024907993303783568,0.09426985206970274,-0.20723833443091172,0.08731040975934784,-0.016890606429159984,0.0015608145657845423,-0.03093004373152644,-0.03424664025788244,-0.03985076045016568,-0.20567040773735779,0.0996344028394616,0.10968932050796536,-0.29019361165837976,0.1564389310244643,-0.10311600668836046,-0.006156483527322609,-0.019706208858863858,-0.08051017588637921,0.063479070520477,-0.22586669513891888,0.008668309790748051,0.1264280498735244,-0.017805728388674676,-0.04593826382960802,-0.16173764735633778,-0.11297572429285785,-0.17772637353797083,0.0780658806343595,0.14441278775936517,-0.09077589982549678,0.11033105620268538,-0.053486068025046324,0.007482936635462966,-0.12498306366541675,-0.03922863698805673,0.03568707975625725,0.3220105422976501,0.09834025253993045,-0.060214852923711946,0.10789542617726497,-0.003631808211355973,0.022482610493980745,-0.04365872259214974,-0.061343338740670335,0.0019531489962761194,0.15625788046872777,0.08767851142784319,-0.2503838445162183,-0.16226593214104765,0.08434673777483617,-0.07957294285909856,0.013280078189309888,-0.04990270044639416,0.04690054064172321,0.042345797519269736,0.07549362108526407,0.1363772580313459,-0.030089320718027016,0.14616994217548024,0.09703779133349912,-0.03826100775028888,-0.03865148599960716,0.12211960388501264,-0.0695335537899082,-0.02053614311591157,0.0908336919324341,-0.22560049003663524,0.09660610983563245,0.0349998170418547,-0.043936248820774196,0.006558978614124036,-0.04372051078434656,-0.05849173319749527,-0.24754286945456655,0.10781788172410113,0.12366091209716211,0.1972251207579784,0.0
results_s1/tianjin_wuqing_candidates.geojson,cand61,61,1.3,7.3,39.42571,117.01051,0.15194133699456133,-0.1926201583834459,0.1874014950906132,-0.09036275587532201,0.029972063354498157,-0.047688545297292974,0.021936317237920184,0.07842744607229622,-0.26865402872405575,0.007246656173045648,0.09687877634513002,0.04408127769493421,-0.043748512525022154,-0.14745216978117687,-0.16390341053880153,-0.21274203778854392,0.1553519199628278,0.1374132263107158,-0.029688697641106262,0.07793167986487243,0.026430237030862,-0.00036672496352441853,-0.09697269826553549,-0.0011633294569328694,0.08194981916714715,0.2474645681664071,0.08294007510382034,-0.06382306270720796,0.11546472654425476,-0.047672727418629844,0.04141841483369655,0.02486086310141707,0.005816863763419074,0.01603994107672239,0.1824919709242906,0.020129152593603636,-0.24591325652754187,-0.1235402301038529,0.09244571694140023,-0.21015238704684447,-0.016329880777125123,-0.09920767967091239,0.030425805312631216,0.012224921052904134,0.06956648045450334,0.16072836889696696,-0.10463309759232385,0.1800138515299745,0.09458102605393348,0.06670922215979795,-0.11004094589894216,0.125728245572504,-0.1266627669387549,-0.015527540840847636,0.14798751676505087,-0.2483280745480672,0.06665549063992203,-0.026551815978377753,0.01433439952230354,-0.04597149304495127,-0.04619911921139771,-0.06614227674252095,-0.2427221855048127,0.1448582043939526,0.10298039435215847,-0.3095042944081794,0.17768631236371704,-0.09311789811257976,-0.013268580649924169,-0.019211045900389717,-0.0935685732709016,0.06854756737342065,-0.21801717946014745,-0.007783556462675949,0.12878626222564496,-0.02999904586470358,-0.060493179025501526,-0.14876461404603133,-0.10007049034686201,-0.18686222209102826,0.07772908167291445,0.13097602834456323,-0.10595424609129071,0.11373277731042038,-0.0502986529473948,-0.00645126265541533,-0.1203593359438812,-0.051117572433713294,-0.012585563941028218,0.3147154085191888,0.09299064704410259,-0.06808144994897548,0.09782160442384338,0.024355949140709827,0.03671852153034094,-0.06736618719476471,-0.05485757038450449,-0.012754783035916734,0.13461804474797337,0.10882801166609757,-0.23772837420974133,-0.1442739995793116,0.06881432561232789,-0.04248057851181413,0.006507253721786512,-0.04398573861403473,0.03557656742201823,0.038126006805437984,0.05735081995447076,0.13270622556430756,-0.022521115690612766,0.1526964338903505,0.08004353464073644,-0.0528841221192687,-0.0323171055187683,0.1402543504370325,-0.0965391780751215,-0.02805245071913341,0.09371911654196184,-0.21747241093535352,0.08034821468299465,0.04247935984821172,-0.05030013753077209,0.018438407729935224,-0.05347811704770751,-0.07756926264617943,-0.255469229270466,0.11245904337557526,0.16119030272967771,0.05356516571160271,0.0
results_s1/tianjin_wuqing_candidates.geojson,cand62,62,1.3,6.7,39.40667,116.98481,0.1110004824004112,-0.17163382111414313,0.20457750003783698,-0.2305515222787156,-0.008725398189551078,0.07926264989033799,0.05383585478660342,0.11003305468654884,-0.15993604371963516,-0.1366484142204479,0.10567934376620466,-0.037333815407094184,-0.09133906299899246,-0.1254962263557806,-0.062024433853816494,-0.2119677754098736,-0.05353958474677676,0.08077976115229941,-0.04251663844329495,0.08485373240927362,-0.07433965390955326,0.07044678758548695,-0.11865464151464862,-0.041650943972193516,0.06457850394337795,0.20445995069414538,0.07490089030431163,-0.18398326915353075,0.1458638352859483,-0.000864890600039195,0.1050607488068278,-0.053870438663634654,-0.06002761564641069,0.11576951094074266,0.14777951478012918,0.19436144864596186,-0.26165443104291203,-0.10021522061104245,0.08387958503018493,-0.22086792720431112,0.018271028581800488,-0.009300382521609439,0.007089042735002048,0.007139522353440794,0.03366535603640671,0.14541586507049106,-0.02888355764338041,0.07503030110151022,0.08664996860967496,-0.0259325345300186,-0.030568394238154578,0.16714125204504532,-0.16308591417086699,-0.07051009429821319,0.04139613924434282,-0.20801592038017996,0.10484784243604531,-0.03676198185139748,-0.09139675008057764,-0.025511666964307383,-0.10698294388751325,-0.10226724211266457,-0.31767220094872634,0.11832149046778928,0.06944293286124023,-0.27429800263059223,0.1893301947208157,-0.14322775796992948,-0.062334323131860936,0.03704406530933104,-0.07291383490187218,0.1294625454140731,-0.11656259850174404,-0.1089675174999931,0.16970239432203782,-0.035817793562883574,-0.05669862768068311,-0.09403452681656038,-0.0078073133578017515,-0.1643177462950665,-0.056034002279183134,0.0823126531274152,-0.1361470399668202,0.10180993227884101,-0.07391216928219875,0.007789609964460124,-0.09401485275809988,-0.03243655726304402,-0.00470557257868326,0.3071550387352955,0.10386233058500498,-0.1415656944402535,0.1414768150347946,0.028012580667621776,0.024718997483905943,-0.10040825288993642,-0.10460293670154205,0.058715468470757363,0.11497629623579396,0.20165484858995777,-0.19881488435870426,-0.14460143227487612,0.09349590842661996,-0.09859200894864335,0.009317629365083737,-0.02091756315597349,0.0452290473945275,0.041802366322162894,-0.0035920094384899745,0.12046563343379108,0.030971938932540174,0.13145823687087388,0.08122921331156974,-0.08046575711410504,0.003914338012637878,0.15761757750895777,-0.08789034987212743,-0.027651925533871528,0.04964841866657156,-0.17614115243990439,0.07555815360673805,0.008789430037802868,-0.1210065125736629,-0.0011778459343271949,-0.0975881415470222,-0.0625471092774991,-0.2669204953686105,0.12709406773478749,0.1560052043030754,0.223264574210592,0.0
results_s1/tianjin_wuqing_candidates.geojson,cand63,63,1.3,5.6,39.42355,117.00098,0.0604290515608538,-0.24148712942048606,0.24324488465523622,-0.13785105334798536,-0.044697704681362395,0.031429706875635836,-0.05344126416625616,0.1487175677268246,-0.16401665878665336,-0.07206487669217722,0.12018025091069581,-0.022584118714211985,-0.07618532335627537,-0.09480307104972685,-0.047113065142905024,-0.1907885988229092,-0.0574218356956733,0.16110240188465896,-0.15045848489567687,0.1375843938226294,-0.07965133981531683,0.09346675018516552,-0.07013552347626556,-0.0298630053390939,5.934503792911237e-06,0.29895769771858444,0.06329925379213386,-0.1346379139335835,0.12878212131823982,0.035312295641800565,0.04888817102543216,-0.06777554176374383,-0.08152513263911455,0.06178175762771131,0.13255770239651612,0.20088168935292472,-0.16313197481095507,-0.10912720649314335,0.06613775308302601,-0.13567113965893587,0.04609630424421838,-0.04631755797283943,0.0017688951817023428,0.10203483497740545,0.06457405238991142,0.16875702346813198,0.05801080969243809,0.1173726807108503,0.13479680436301733,-0.09996690798760258,-0.0005067668117292051,0.215759492849996,-0.07603812029133436,-0.007237982093287962,0.040571146846901385,-0.20825489850832135,0.0661350906431692,0.001227053835187071,-0.12159908252820181,-0.016842290966046072,-0.1721764497179416,-0.07506600129308727,-0.25651234748473,0.07590067121166297,0.08331674902491146,-0.28737416684546335,0.22141217314222017,-0.11879745935130073,-0.03722228407629274,0.013792940098321318,-0.0839502069487185,0.0992557008953627,-0.18704186470435522,-0.04504131266050759,0.14944693668512068,-0.023153961174642433,-0.07269738110844105,-0.1074051246495928,-0.059385329684305474,-0.18754228887325833,0.018188133819758368,0.12842321666248455,-0.13130339063829466,0.09679989851943023,-0.053225520607116,0.01389276460153487,-0.08146130970066161,-0.04939313378439739,-0.0316419905832723,0.30946922493382933,0.07892164789645609,-0.09490783279424218,0.11145503789975165,0.046727002007033044,0.0664279624851895,-0.07987903993036637,-0.038284153864638834,0.005979060887889478,0.11798700205951651,0.1588119519684966,-0.2294113170536937,-0.12024160829489575,0.0750156891175163,-0.06565380431780762,0.03123161285026284,-0.041264878276462226,0.0171600433653831,0.04953139163724464,0.042328537526902896,0.1341554623096922,0.016930907364244106,0.1468583204267829,0.1055747084592255,-0.07175236461865467,-0.014154744642417758,0.17566405840526345,-0.10654523761214675,-0.0416352954011923,0.07674093382274842,-0.22158896343543702,0.0634684724438557,0.021381627061529563,-0.07542360114433184,0.008592267128420879,-0.09609088109139209,-0.08985518743120649,-0.24568927313925334,0.09301128514829225,0.1306079799862319,0.24009042324624755,0.0
results_s1/tianjin_wuqing_candidates.geojson,cand64,64,1.2,8.9,39.40945,117.10043,0.06446787585486931,-0.15287846395048155,0.3541743507671779,-0.15429892900513464,-0.06882530747873693,-0.015318019434049573,-0.08177809683743774,0.0830781405137062,-0.1763542415872396,-0.09744993153329985,0.15655135581145338,0.11917978584084718,-0.0004701003129357418,-0.07009509772889777,-0.061471950445206584,-0.03672203468600971,0.06694042396141153,0.2399300121979034,-0.060584882461155766,0.024228793277074487,0.013285071826610484,0.12244043619524649,0.07059371182127704,0.08685883571502688,-0.03696859911328104,0.1813091062025511,0.009022126162119039,-0.10091976008866346,0.1804465550415167,0.06332864372252527,0.048552418451846054,-0.02592615333681853,0.054765134712099754,-0.03985999888596657,0.1087065579281729,0.06350982829590984,-0.21734422684395202,-0.03606982149038221,0.029437175928784105,-0.19394050392853868,-0.10330318801295092,-0.10969406001970747,-0.03437907159020891,0.004632390369867324,0.09589219865066316,0.23086892442129647,-0.015682304929790614,0.2019918873419505,0.24728472809706847,-0.011179569256081877,-0.008983941042279486,0.19203076760493565,-0.15286469610306225,-0.08096868329575377,0.07183621027555963,-0.26415522414228887,0.037250501513347925,-0.09755704050824185,0.04038241303707135,-0.03702931751051272,-0.14791230780882486,-0.043988770257243535,-0.1077837512801779,-0.05763108437493197,0.023735135168121743,-0.2459387554000096,0.23232248010787065,-0.09583388092225045,-0.08765601287897617,-0.046606050371643094,-0.13055217707470554,0.17281530846002227,-0.12407640553130174,-0.07170481730056345,0.17994536607356634,0.050468011409805724,-0.025237315825244782,-0.0586860354798054,-0.04962711267593403,-0.08916202009963288,-0.02972067371698824,0.13928187769014627,-0.15474485013501657,0.08143407629423366,-0.047994319631446285,0.03932692700058046,0.013468294987629515,0.04916926798581304,-0.004020680417321483,0.26844841144688425,0.025702808672497218,-0.08620621945075697,0.1546879642543899,0.041580605759907775,-0.002091073846439903,-0.06575736202863214,-0.030772732581304654,-0.016472183297831407,0.1208001416316874,0.1207225207982596,-0.20240817426684868,-0.1304703770990567,0.06907517152979414,-0.13048529111059773,-0.03243642017789398,-0.06545742986777224,0.03683622877230071,0.03540219835439394,0.022036157685020978,0.16688146173140234,0.06155989135587377,0.16041853011168658,0.17808680568502866,-0.05449170007168172,-0.03552113884846384,0.1895130078334346,-0.0736315543072041,-0.0287916566903575,0.04193530096994599,-0.19881665713800725,0.06910014765343603,-0.02191251276478923,-0.10346457733258334,0.0003551910566701309,-0.1427891069127857,-0.06105819979296172,-0.1819236468537264,0.04555939927492421,0.10704828538359784,0.2021966744440903,0.0
results_s1/tianjin_wuqing_candidates.geojson,cand65,65,1.2,7.7,39.36157,117.09486,0.04757403863665021,-0.18043889316939768,0.3304660985264156,-0.2058512281946994,-0.11364010416423459,0.02868927833735702,-0.14104826577133983,0.06668689930842549,-0.19948944457675113,0.04665361780816161,0.15451556688722962,0.06894800660599237,0.041478262953986864,-0.053795962001534775,-0.05578258377733883,-0.0011919750578646983,0.05090120741477507,0.19247317086078702,-0.08078620897910647,-0.00926855974111483,-0.03813313035939154,0.10273237667854314,0.0022619042504673542,0.07337510985341979,-0.12873134126239208,0.19529939247906847,3.786024372438624e-05,-0.058941197017030204,0.17771367038837435,0.04489682230596452,0.0709495189486448,-0.07407782556382088,0.1358849249821386,-0.14060472412510294,0.03179738219650806,0.13999805120111075,-0.25849701033703976,-0.046405040727095004,0.024529331135486655,-0.07862253913552399,-0.02464583817809096,-0.04836086027329881,-0.026202157687715888,-0.08211738929436985,0.03631476277420551,0.19586728368254502,0.05740894050404158,0.22366721239261764,0.20863570940482254,-0.07868052991141682,0.04852076887276305,0.22379139508784382,-0.10870644769140493,-0.16195316220637654,0.0422172474927893,-0.22575165266551162,0.057246790474544985,-0.05357580376280069,0.02363246524616036,0.006485410936622009,-0.17493766676472924,-0.09180974368313655,-0.1192865030111434,-0.08426377522192491,0.011316802407887667,-0.21308425509135162,0.24630012099819343,-0.15883431717882135,-0.11668310860683541,0.034766190834904336,-0.14735495108619914,0.19788182587270298,-0.12595646582117756,-0.0683926522498214,0.17724520692698523,0.026118992420744225,-0.00825126290510515,-0.01997949108888892,-0.0004931692341648287,-0.0765266868094132,-0.08916741136781342,0.10115575870098309,-0.17046550655580117,0.07175116171412302,-0.06129792276945341,0.05082609055032051,-0.0009798221905810115,0.04924054470681065,-0.048381892649319025,0.26571549507607817,0.05465794171488146,-0.12450792803610815,0.14267081264503517,0.0477373227726011,0.007697493779892454,-0.07303051920829583,-0.006775683982880722,-0.00763447013039474,0.04550052560096746,0.20339893612359414,-0.17467113164921466,-0.10301470797900399,0.07683165084607112,-0.08800685218186305,0.03576906971875265,-0.040473700309773125,0.033410540039327814,-0.0011121092664300358,-0.01213387116009219,0.15877982393102508,0.15653182928610343,0.16921360365896182,0.1670029647535874,-0.12433513745265565,0.040390382871834336,0.2013817262837203,-0.05585359030858865,-0.06594044739554411,-0.012284496815875493,-0.15072400201561031,0.03883147694747477,-0.021262881708705314,-0.1224537827074462,0.010033171822403463,-0.1962920466292923,-0.05154947341577442,-0.15801500026679663,0.05756837588394359,0.2025842029282977,0.05614855740649907,0.0
results_s1/tianjin_wuqing_candidates.geojson,cand66,66,1.2,9.9,39.40451,117.01239,0.06028654442264266,-0.21323122349105067,0.20793910619509157,-0.12737027908234608,-0.0325983151409342,0.0077770639111320785,-0.021742375032307946,0.10775498958017592,-0.26289087990636517,-0.02800214766679243,0.07315235468267506,-0.001675238588809001,-0.04498564652027342,-0.1538075962162423,-0.10417353633031325,-0.18044761725422992,0.02868162550966446,0.17932629811453796,-0.07581229554016908,0.10608677485425351,-0.06849537927296204,0.06765487028868815,-0.07518039677700633,0.01663458062434629,0.034359676941508425,0.3151968650225022,0.070494534424465,-0.13195545777029213,0.13577304671953067,-0.01790473248162462,0.031900615575811045,-0.027446463540571654,-0.008456469573981528,0.03545998671669799,0.18970732105324034,0.12408496553131693,-0.18244399223038052,-0.13301533179904118,0.07497490523066376,-0.17930414133657324,0.03290422154351221,-0.08201460540978373,-0.015491069861161558,0.03683201445342727,0.08790239705343722,0.19032771581418392,0.014139419291495519,0.17912997094209626,0.1173797425988836,-0.023290362730280897,-0.026878670593322107,0.17908066700874398,-0.10009528789678689,-0.00822504797676985,0.08601355786609403,-0.25489230546181096,0.07668823993759538,-0.03338209311642927,-0.05219422804049203,-0.04329103630678469,-0.11663361023861171,-0.07801145157836631,-0.18339018521253792,0.07211609347717378,0.06496153655453805,-0.27406130306000137,0.17202328131132688,-0.11046361291465776,-0.036502582113224914,0.030330772119685795,-0.07420483319320326,0.11946579859484037,-0.2141806013685353,-0.027447126260263566,0.1321661258258442,-0.05032496853146892,-0.07559463560560785,-0.13203517150977917,-0.07233541522802323,-0.18706615348662317,-0.002455413092477962,0.12360889281344052,-0.13283211553486324,0.12155814385570433,-0.07234485789775891,0.0018628862834674303,-0.1011131943063311,-0.053958678079357635,0.021738583641942796,0.3465242663036381,0.10839422311941677,-0.10899264512124691,0.08491781833899814,0.020929550629133747,0.031202156957056006,-0.05823358237090399,-0.05876273146028051,0.02651987788524715,0.1256132293145924,0.15130935082922176,-0.20351864535052716,-0.14966802901539156,0.08086065317965382,-0.06835331054720571,0.06784811433471623,-0.03952468079504624,0.021865388593336737,0.04618210160984714,0.0338554132405123,0.1506347978164107,0.04835935357147591,0.12567760205590836,0.08962799634678212,-0.09085660543790362,-0.021121404955703582,0.17457986994802516,-0.05866115752505556,0.0011075632219921024,0.06495678836077624,-0.21502792981235258,0.06946135503088556,0.03166694142969331,-0.07045515181326185,0.009562443869144377,-0.08869742368174914,-0.08978089189455483,-0.20311425601764438,0.09077636042805699,0.14640143184880258,0.1638349269118172,0.0
results_s1/tianjin_wuqing_candidates.geojson,cand67,67,1.1,5.0,39.37091,117.0857,0.049618297005340185,-0.16984924646266392,0.27056723105974556,-0.13070071795595894,-0.055058140944713056,0.010737410930214335,-0.06541718927446767,0.1133550703314692,-0.24029470924329205,-0.0635191530720156,0.10772515606327306,0.04000755176249141,-0.015450310881408037,-0.09997370828674572,-0.10396974986825666,-0.1189145371770372,-0.0023574423506513703,0.17967031046988996,-0.06297309527413754,0.1003325745150553,-0.11400467879312877,0.10026997146236893,-0.01041402864707872,0.06493686978697649,0.004492000003361865,0.31467481086585936,0.026589522891412337,-0.11246651240028353,0.16924907247329338,-0.048785252310579404,0.027069558487419952,-0.004182545834855898,-0.04353522469186024,0.012351132302116189,0.18608515978748114,0.12139177924349215,-0.19661451312408237,-0.09793990969822806,0.04525973097982312,-0.13372609969117152,-0.014489193773400624,-0.07195985699713596,-0.0012693634925699936,0.05736463224488654,0.11673807813745771,0.23439136514169326,0.00328052049013242,0.18088709178108936,0.16433326730988634,-0.06584920736532796,-0.029825218410449866,0.19994806404529616,-0.05201736183192934,-0.02822673752872027,0.05086929969169446,-0.2641997144213544,0.10090136106355464,-0.03634843209566296,-0.07596331462108687,-0.03889614648750749,-0.17633894103060269,-0.04738132425478253,-0.1789705329044704,0.030970434165020225,0.052199948974348286,-0.2252386880299253,0.252047567822511,-0.14259075054817008,-0.07752772808317354,0.03096787589427422,-0.11823876684080491,0.12751401690277506,-0.18486239035942878,-0.06591703804784409,0.1498624618068151,0.012313828531266797,-0.027786770633433502,-0.07256709760187738,-0.049382634540947684,-0.10900548313573302,-0.019065473766645892,0.15764696204620784,-0.12301738117580437,0.10212898922698481,-0.07632151697303449,0.06354556439688624,-0.006799054551556524,0.02509771292693133,-0.048570983134818425,0.30883969918558085,0.06148739632583064,-0.11392976656069383,0.16158854101051853,0.01544136448468113,0.041178241221131,-0.0526970834583543,-0.035042243097482426,-0.006862002078680271,0.1126325247131514,0.1655205564246487,-0.19033865738895306,-0.08884008194371067,0.06268540182843906,-0.07797705313606895,-0.001249084515350097,-0.06884385860216598,0.013119763859511052,0.05690345856158502,0.05286037577500683,0.20345182451608448,0.0567985008791306,0.17739517820146222,0.13452000393564317,-0.09590451817523211,0.022126807433918323,0.18631189755116265,-0.072509436966257,-0.038045848040742715,0.041107997334272554,-0.2233297546045833,0.060983440475128325,-0.0036273268410047304,-0.0753072719036184,-0.011924071736524045,-0.15278769729780134,-0.047712865035096065,-0.17809705036806334,0.04332833579358844,0.12567385204081633,0.19553486895904704,0.0
results_s1/tianjin_wuqing_candidates.geojson,cand68,68,1.1,6.9,39.38816,116.99595,0.0944025473676659,-0.2343783899533917,0.218001722906226,-0.20662807798691218,-0.07881969889836554,0.09965022684828223,-0.06631813321063987,0.09823339691325725,-0.11965303522744856,-0.10779276228430507,0.14628041384297802,-0.05118158763995695,-0.10521079892286843,-0.08518322775455488,0.013314220917164719,-0.20035168576282014,-0.07720369347146777,0.09817003953066794,-0.10753696727886575,0.0865230627206496,-0.13649703300172336,0.03296392362596827,-0.09857104731642687,-0.08573387549399715,-0.06136259239261656,0.33316347292515364,0.12194292217563638,-0.1704541025858299,0.1175983736113825,-0.001536714702151283,0.07727664970294222,-0.08769691603520546,-0.08572438371398419,0.06610111705670163,0.12747041245870827,0.28538154109301006,-0.20180332055120867,-0.12121013036491117,0.08463513721817487,-0.05810291793023112,0.056019526996801364,0.026845216460811967,-0.01501312255082873,0.03739243659573588,0.003844280464109323,0.12894185747841436,0.031320555877306866,0.11987446112493434,0.044404715667949866,-0.05196527202457666,0.029879436248151106,0.1855715525476673,-0.0991839493800783,-0.029027459352928987,0.03836987828930398,-0.15875133293353688,0.07245591606485166,0.01727732790954797,-0.13714614924389226,-0.030109049179394127,-0.10541884619128561,-0.08827099940777532,-0.26779271497480334,0.13911221510323163,0.09549922113157508,-0.26053464426678374,0.19875035295119514,-0.16353562162155583,-0.07643706076374555,0.0497147640936066,-0.06371493258854487,0.10691443826279143,-0.11799138507485558,-0.09018611214317161,0.12627559138769015,-0.050474905048073476,-0.09284649090074776,-0.09399957411623316,-0.006254760311839539,-0.1953880550091225,-0.06295798695739886,0.06959890307730303,-0.1228216324478723,0.10142549165119295,-0.10965278331093989,0.02089514398620978,-0.1131750742906464,-0.059689537273166955,-0.02306556128097982,0.32047853747923405,0.09382412140033546,-0.15223190666573647,0.1397439253626317,0.001156445943842842,0.044058012145593864,-0.08583022601477364,-0.10014054957840272,0.06551778492561947,0.12971049062831036,0.23982750627090207,-0.19111043604145728,-0.1449754409832035,0.09343126719188079,-0.09516664765075511,0.021445148214836084,0.021230465548339815,0.0001436941352614115,0.039867878514690466,0.01031568201624576,0.11421483423928107,0.02642801419938875,0.11619762356743249,0.03169827065338836,-0.027990021550793175,-0.000372732333381287,0.15899411734303465,-0.09365789125831626,-0.019362401635678206,0.04362452870606298,-0.16172872058745572,0.08165665410545742,0.026308649149961994,-0.14913026066025406,-0.000384148286100358,-0.08960820318715156,-0.08841033917216493,-0.2817138242161449,0.140004190193002,0.12268805815381714,0.2433626114416056,0.0
results_s1/tianjin_wuqing_candidates.geojson,cand69,69,1.1,6.6,39.38906,117.04806,0.11108759766630322,-0.3002278005415849,0.14054322045893167,-0.11170882371226926,-0.011445381063640537,-0.06825849258077302,-0.05230357729084783,0.06706481907500428,-0.2602219024162162,0.07235351838351525,0.06704953312602745,-0.00294935152134674,-0.002981594191700432,-0.1608595638453007,-0.14122734324233954,-0.16944120615574426,0.11703873208668124,0.16977055498636326,-0.051883678074092436,0.10146038797993172,-0.04641756813443616,0.030982758565684818,-0.1338489981862876,-0.016364956700523303,0.0134328233477993,0.29713930181602355,0.06341499062252533,-0.04697915432865213,0.13607862776923016,-0.00919570470187194,-0.012171903120411783,-0.08582890534294679,-0.027723654307292796,-0.037957588432391116,0.1883585204295735,0.04376712302439061,-0.24090171785624775,-0.17194208352134582,0.10226710711190198,-0.11355320455344607,-0.023014419204669685,-0.06420363752486957,0.020135496591420433,-0.019584052060371584,0.0544069826334445,0.1541354120879356,-0.04967898557846099,0.20036747717647257,0.08325102055854626,-0.02101948707940939,-0.009685900858114993,0.13657638099586653,-0.10560969023092255,-0.048028259957307834,0.11724428938132792,-0.22774430552725156,0.1050307090799461,0.0382232561838304,-0.02463658482667564,-0.02075124469509143,-0.05030906099120723,-0.09247721996918505,-0.21890672877283754,0.1003092432261625,0.1114212783173767,-0.3104282315685119,0.1553846516673855,-0.10311042407913791,0.0031330121721527375,-0.02201394214835393,-0.06919486380859026,0.04640440621420113,-0.23437500936586453,0.021413508020118287,0.12095381139319027,-0.03058501947452534,-0.05241748171869014,-0.15416742349907753,-0.12078543253538698,-0.18303822209716178,0.08898971180147261,0.13805907796783948,-0.0871703254717004,0.10909706794481226,-0.05858864551564916,-0.014868966982476944,-0.12466516658782183,-0.05286158342393281,0.016278015908194422,0.33036208952796353,0.09641034327416283,-0.05274581649992457,0.07753140339809354,-0.005028143628882771,0.031238756756000036,-0.0740693355879136,-0.04879841082100791,-0.027646263771786375,0.16526821685736848,0.08476012185517673,-0.26161797794995684,-0.15748885147974365,0.07975426369569277,-0.06258317065849994,0.01906898631236175,-0.06031455622267743,0.04285842407663451,0.03879506609687644,0.06466796995830022,0.12857743958050036,-0.03805113251743883,0.1445256841565092,0.07589017204445432,-0.04727086632755183,-0.031376927507591745,0.13190686276168023,-0.06828826392242197,-0.022270161326142932,0.10303908201048176,-0.22051995786469936,0.09124951180311379,0.045993722148776214,-0.03692737624330539,-0.0025700255982616786,-0.037321889693505216,-0.061921346491940685,-0.26349252273096924,0.10487098237593592,0.1582395148337113,0.07074551145721111,0.0
results_s1/tianjin_wuqing_candidates.geojson,cand70,70,1.1,6.5,39.35744,117.07671,0.010956875454304705,-0.22354136564224142,0.23857415653187625,-0.12068340598706066,-0.04088549918592739,0.04112643984033039,-0.10023374323326976,0.15112806709825977,-0.1724979984634065,-0.1026373636945758,0.15833099783758237,0.025603017530563474,0.010443012525963084,-0.04905253128898799,-0.04704466344319219,-0.10789933143875242,-0.049660007705540306,0.14812749127654776,-0.12095788499871031,0.11080674709427514,-0.06719304140733946,0.03528889510338585,0.009738933684794894,0.0039601813269404965,-0.0499552897145701,0.2424551684057841,0.09448182405199304,-0.13161567004084898,0.14600311219889714,0.01468240285641444,0.10670828760610906,-0.0822034899973453,-0.01844470912099008,-0.013465160996179506,0.11949747074488977,0.23926389595064057,-0.21200981485765127,-0.06722538668080436,0.04971345985158656,-0.04276553769401406,0.004679807618976367,-0.07072738896463195,0.03500762871531605,0.060504277471559696,0.07142137765465228,0.207526365415814,0.07189583145649146,0.19163103722148986,0.16899671601509655,-0.12013543680355544,-0.011662946919743029,0.22089116539984802,-0.0990837599144928,-0.04239302904061511,0.054945939247345685,-0.23303218024370043,0.05866119218056252,-0.04786391596717383,-0.07496581038153202,-0.05367330243240111,-0.1970577651034421,-0.05253935973899863,-0.20027089913760937,0.004961641904963125,0.0322754705294351,-0.25147657722848815,0.31047219859319075,-0.15213690062805285,-0.08509478067598684,0.05298192854795952,-0.14027389781012414,0.12197430107523115,-0.15771012959930686,-0.07237409678023392,0.18111507670891094,0.012968571793192652,0.005784675934574354,-0.043072729036874126,-0.026549095536618293,-0.06320813284211242,-0.03141124418003512,0.15807765935288262,-0.08809223184442876,0.05719859907673331,-0.040065091956329214,0.05657582439163909,0.0032266040617193515,-0.003139290955737888,-0.10168728065604604,0.2572372401244426,0.07851360628093167,-0.1044804221923511,0.13373186658958253,0.06087091766314275,0.10031333172990702,-0.09205539851778315,0.010240942082953048,-0.045439466278254015,0.03210409232396287,0.19371912887904885,-0.23081669431075139,-0.072806974037031,0.04144572293033451,-0.030268968561185848,0.021617812408386793,-0.04480830749347959,0.007588688543126908,0.0019029424214157685,0.030914369009850843,0.17057445155581302,0.09033799170005745,0.17842609863936937,0.16008664462381625,-0.13097124385552503,0.04141603597119363,0.20326660742041433,-0.12466942298271598,-0.10083057097682863,0.03189808293555797,-0.2106842340651964,0.05814331712546865,-0.028688623447117357,-0.04191261367685741,-0.004712851009307254,-0.1645170606271301,-0.039640245763345634,-0.16841808151023852,-0.03247530384660213,0.13032398758306168,0.25772561042802394,0.0
results_s1/tianjin_wuqing_candidates.geojson,cand71,71,1.1,5.4,39.36876,117.08875,0.07893033452097858,-0.19942080243962326,0.23853932790110519,-0.17149181473008498,-0.023010667483136762,0.05960853048130378,-0.05477259690644438,0.07073331843154007,-0.2459170373553904,0.005258054964830352,0.08932900574298058,-0.023057561281835,-0.08255914501373372,-0.11404112617898146,-0.10660144618370815,-0.2001429270935444,0.006659011559100364,0.19660085643130754,-0.09397144200656775,0.1181275608760592,-0.07909051556889525,0.06878641641304124,-0.05589386673223827,-0.04094359574731397,-0.03219334490020057,0.3216795326546093,0.043840003800315316,-0.0914590077488236,0.1476832902287989,0.00919402855537854,0.10385239124675444,-0.08233941656163889,0.02171961869651147,-0.022723347709190145,0.09328154781163493,0.15226692620130458,-0.2617410346934263,-0.08082680889583208,0.0662678383952658,-0.10443681050508258,0.044549071407684514,-0.06556692179178082,-0.025329925688240214,0.05617729404695146,0.0936578612072747,0.1790331444429081,0.04444803183249679,0.1439965062501225,0.11772789770577292,-0.07242923278598115,0.004125917133857501,0.17841109807865713,-0.049774113935151895,-0.08038272487119733,0.049468669197481156,-0.2134313570619878,0.05202943171106907,0.03445731922653062,-0.06310664349931216,-0.019841847052843503,-0.14272501937474388,-0.12047432031424953,-0.2750042172199576,0.06101384025455021,0.04076230822987204,-0.2049464950558904,0.2392203943571176,-0.17580751761252011,-0.08922844348090493,0.08347571369477329,-0.11688907758276677,0.16968854100599223,-0.14466257417318207,-0.04865320874074426,0.1348016900647825,-0.0060893609080896315,-0.03468762568528212,-0.03985190876484229,0.0003559719276943487,-0.11970075269162982,-0.09061320632591703,0.13116545859400675,-0.1402121208119337,0.10519459324558621,-0.08358905692536023,0.06350631685332014,-0.04251392687981914,-0.017803964782334702,-0.04390023246015938,0.314216217262191,0.10194027474157456,-0.14429719110095435,0.11343030935136057,0.030515628687014885,0.06106502015389026,-0.07857141145074087,-0.06119523984935994,0.005798095117667265,0.05413385967031186,0.21659359546140614,-0.18457139889306196,-0.07111511331006151,0.08184919116058341,-0.047343280321859596,0.0670851900710841,-0.030035805772125387,0.006314313943740342,0.0337906049449529,0.00011847140063499326,0.1852148401166495,0.142709301119026,0.13886131746179253,0.11834873768412778,-0.1478056504815136,0.07851465749630006,0.19717683898658286,-0.058315682473437304,-0.05519656781316003,0.01099856983847184,-0.16885208285989708,0.05553351461632988,0.02098517434828711,-0.12180866000243774,-0.029884477130981787,-0.18200890174278234,-0.04016220656529239,-0.21309734838211475,0.06773856487678555,0.1750734104938271,0.15805396747805925,0.037037037037037035
results_s1/tianjin_wuqing_candidates.geojson,cand72,72,1.0,7.8,39.33363,117.07501,0.024976479946041203,-0.1846073437842955,0.2281190878618853,-0.11090532161975275,-0.046593973585443337,-0.03950306686202177,-0.07444746672916833,0.16611177120401258,-0.2854316568344287,0.03478076909825702,0.11432406580344336,0.033326409055365644,0.05098912943185094,-0.047542887503659495,-0.14799115132849383,-0.09606525941962538,0.0667421272161942,0.2067165446444911,-0.0628520910303935,0.05342553824984483,-0.05881522825289829,-0.026688091182660318,-0.0041695592068443305,0.022095392177734013,-0.02791982017561649,0.263970624214874,0.06790975461552598,-0.05014889814327299,0.1016106578307048,-0.04749182204393792,0.0029154063689526217,-0.07652115403054471,0.05232888563421656,-0.022022760152767742,0.13973331000735098,0.1012356228869006,-0.18918455692876066,-0.09972447055658581,0.07618732084583353,-0.10972615084970067,0.03463139060422704,-0.09205181732391549,0.0197857760228465,-0.011491819302636612,0.027666743236197205,0.24060971276706905,0.03667367505274357,0.21757077712964706,0.18458163286984774,-0.048730581228777145,-0.013643957664089774,0.23601819999799406,-0.07163590833113252,-0.07568345221547305,0.1097883783900475,-0.22193731628218988,0.0518454795722897,-0.017538519489188397,-0.01797924598139241,-0.11310890174683826,-0.16189649705923784,-0.1024641071759108,-0.16967260451226926,0.01962254398869687,0.02234354264583912,-0.22515844456818362,0.2515049735422658,-0.1476534312810674,-0.09351545133133816,0.011022379776920685,-0.13009685822940298,0.18295397654,-0.1597520357757588,-0.10367972520078537,0.19296806269870012,0.03150494267306115,-0.00622141190141303,-0.023268907108453012,-0.025455407824284924,-0.09793467662824445,-0.03992987222344572,0.17991438256842782,-0.1397087982339744,0.07667604790887,-0.07433447982767592,0.01613968693781385,0.01292569987607825,0.02321540102918462,-0.04194135045700877,0.29280838926766595,0.07875948600209973,-0.12446102765389505,0.10127974095902993,0.004075648871953333,0.002161518594988512,-0.0718926513444078,-0.04589777545178787,0.04224475591639468,0.08475110118098719,0.16243595498617533,-0.14789869729043867,-0.09152833941326641,0.11319826267039539,-0.051998880649867095,0.03825258167958523,-0.06427016831280781,0.02557604204497596,0.03851959424830811,-0.0023290450153514086,0.17469143015316918,0.1176867224385883,0.15477801080917578,0.17849482397799643,-0.1216784695537242,0.059129534223235844,0.20498911801032574,-0.07279357390324147,-0.02095360576628806,0.03103143284993576,-0.1705556372106414,0.04090295145854056,-0.015444270087258787,-0.11219513297616475,-0.07891096368919079,-0.17156384557675272,-0.02972257388268306,-0.15368375809314136,0.05932715626434506,0.2413299061355312,0.08340102155453336,0.3173076923076923
results_s1/tianjin_wuqing_candidates.geojson,cand73,73,1.0,4.9,39.38825,116.99191,0.16876291240093302,-0.14364372334804051,0.17901671900669347,-0.15287517660333502,0.043573221296963546,0.04069267771078971,0.12848600304041363,0.03143324960018416,-0.12298357683331515,-0.0020553762385382432,0.050126060368947185,-0.0004847331537906632,-0.03174428467372122,-0.16537569650207704,-0.00966673055005621,-0.23079237205872827,0.013003009055489923,0.08272076819425775,-0.09548111436597373,0.13718399933517703,-0.01642481815993895,0.039341827100734465,-0.14455513342718979,-0.12064689580805918,0.09212612370765494,0.2188263125799468,0.15860055257186662,-0.11311765834151723,0.18556174454098556,-0.026430317111387644,0.12421945788446695,-0.05497678076115545,-0.09082653916755974,-0.006554606953360688,0.14452119259472462,0.24028870374377687,-0.22660492589954778,-0.07523182846321695,0.08561571378872002,-0.18435151270964312,-0.058794640113586386,-0.036967779039105114,0.0060479495805211185,0.0613210397103351,0.08958936333004737,0.18225768380616778,-0.11849753799952861,0.101586186434763,0.044682014086870996,-0.008918543231508189,-0.05926636315442638,0.15202131977791616,-0.097913024438081,-0.02527935910565121,0.12248780811577377,-0.17661252483262502,0.04993235783942175,0.021522887566557188,-0.09780131674481679,-0.0847784526384813,-0.09009898128169999,-0.0881979809269565,-0.36848406957578084,0.15857379282375555,0.12674335553809865,-0.23542448198951704,0.1847848739243976,-0.15637042791874953,-0.046421408953254806,0.025941103532752526,0.0007125617294283534,0.08387662046886993,-0.13532270357817758,-0.06943952489453686,0.1001133280980505,-0.039275284621656616,-0.08169811241643653,-0.11789721180013077,-0.03278421757051932,-0.20840711603549664,-0.015683069917740867,0.06092409010513093,-0.10441140691820786,0.11426915573118322,-0.0641257154420254,0.02166046922723497,-0.1301486145881917,-0.07060119558835004,0.028122645999920752,0.29012558768354657,0.10126903933479016,-0.1295698135773995,0.14463491139194282,-0.007658576165789787,0.05547887402182568,-0.067439778278301,-0.10678836047424294,0.05296776136011727,0.1418491133054609,0.19391629719946685,-0.20972431475354417,-0.12858713195586294,0.09558634958531338,-0.14788423074163506,-0.01321555974694909,-0.004395338509550486,0.005235491551432096,0.04461708939196059,0.0314806371497736,0.12923608895272992,-0.02268138644389689,0.10735148346842836,0.02904663814553204,-0.0030959825019703908,-0.022310300438423233,0.14198851798387638,-0.1018879637617904,-0.012857296985595144,0.07266984776971719,-0.16547619380658193,0.07171879073651548,0.021774783648701404,-0.1155760094841599,-0.003799743960202393,-0.07310377012843279,-0.08230124410054086,-0.30346618197199765,0.1550879868683814,0.1391765918803419,0.19050315049059366,0.0
results_s1/tianjin_wuqing_candidates.geojson,cand74,74,1.0,7.2,39.41529,117.03799,0.07910014196680629,-0.25276191755971383,0.14879855519846105,-0.17171365257823412,0.009388403016514679,-0.018276846470550903,-0.039306062268806216,0.03870740280375109,-0.28206592933512,0.05114186602364787,0.07859940102698863,-0.027717751076571224,-0.02006263709875091,-0.17155171585735632,-0.14526518677780145,-0.24847136712417067,0.06942128058787442,0.23040689602828898,-0.05691181758571817,0.13781783207603748,-0.06577661068869449,0.03932682600294385,-0.14454603594086912,-0.06111252206955498,0.021312405360646682,0.31120534671130956,0.07681965487508537,-0.05269184244546221,0.11189252328890177,-0.020889764827817035,0.0682816716000443,-0.025737827994958364,-0.01354678372395979,-0.01675225485841268,0.09833199329608101,0.07438913338036524,-0.31204622319769965,-0.17281014894694474,0.10939492030075557,-0.07414539590822047,0.12212084473360382,-0.07316993588475429,0.003140484926758315,0.018988636434331324,0.1013464350903125,0.14775705883597168,0.059025736927171335,0.10107772340486419,0.0966104074982363,-0.07781663761386268,-0.01307168141703028,0.1378070620087619,-0.0581994154600732,-0.036420617412521186,0.04046056221841487,-0.17474712364798692,0.0751565703507115,0.019650933360208723,-0.023510598985453678,-0.08015994595058655,-0.08246238377323135,-0.08009912294126358,-0.24114102243473712,0.07512751256984801,0.05645892727335475,-0.30987331164603316,0.17631594485645333,-0.1304446986377215,-0.0431435317275392,0.01873457366245083,-0.10268679256055056,0.09035096359414686,-0.19115274792898776,-0.03404007670466257,0.13503679355360704,-0.053494914095279636,-0.04074533547963884,-0.12453025251099191,-0.07178406211968248,-0.17350232568070664,-0.0028900730710944124,0.1356652786811516,-0.1215502679272986,0.11638750931683353,-0.07774301722805443,0.009917436305899315,-0.1209229184197043,-0.036129000529896364,-0.025365536439787992,0.3309096302184462,0.10171137185883711,-0.10913969809993193,0.09925368835356996,0.024643344556432176,0.016129291291799668,-0.059803630018298255,-0.08088927155735728,0.01886709314246503,0.10236514691679344,0.1533343355898525,-0.21063389026470342,-0.1603692786076054,0.08585002599929888,-0.027768951971368153,0.06364657146644123,-0.021079367102650015,0.03236106456710673,0.03774445990404206,0.040134477069770025,0.13503423427545527,0.05953351225774443,0.12335973702279691,0.08910487705644207,-0.11202784005326727,-0.0024979504690370584,0.1659362862878111,-0.0790431007120802,-0.019965368847685034,0.04821719840603895,-0.17995054634579744,0.08754500954247428,0.048673225361660154,-0.07808087481899463,0.012927667486197275,-0.09427745859312238,-0.06279917048328718,-0.23117728622674266,0.0853142452276965,0.12217677655677657,0.040031871614980646,0.0
results_s1/tianjin_wuqing_candidates.geojson,cand75,75,1.0,7.3,39.41664,117.10986,0.02648293349956264,-0.23323054239780824,0.33076483652665356,-0.15649621940279368,-0.10492494173886312,-0.04621029750817771,-0.1383392820038098,0.04774945160499633,-0.1401131852449083,-0.07596879965261052,0.15327915949678295,0.12144469204649945,0.028157718776323278,-0.0303485166894983,-0.0498101253065475,-0.014943664933452285,0.03435570337024966,0.1763538967462104,-0.062315445018035126,-0.03224187112499672,0.01753948506237954,0.09913902171059426,0.0312903326950426,0.09250947793293347,-0.1317153298022045,0.17792110328489535,0.015459754712215501,-0.049748224792804344,0.19265346785963583,0.05161007777690679,0.08190681950805573,-0.10613854019303005,0.05972502236505999,-0.11232811627093878,0.07624215729822606,0.09171480473654016,-0.2832303209246132,-0.057819929850231856,0.04328804330920769,-0.08242192883245052,-0.0840929739495265,-0.0652627704803604,-0.026748519675653733,-0.053541523113465196,0.040798672156215736,0.18220368068542223,0.009666212522193976,0.23312451646055973,0.1920230929353782,-0.0492464362101208,-0.002018023936524288,0.19983564698168124,-0.1736331234314908,-0.14481107714359293,0.06098897984220656,-0.229822418313096,0.048470212477401645,-0.05473697569642741,-0.022829534072655658,-0.012124803878020523,-0.14094526999199955,-0.0637054530930971,-0.12410434373635233,-0.03488975736242844,0.01289051399940529,-0.23290859260073607,0.2990963192840808,-0.15648555789755367,-0.07470108736451997,0.018014875175648398,-0.08015460895181878,0.11089514088101994,-0.09673551299109047,-0.10704587858372591,0.13717829266591614,0.09785898566489676,-0.01812158806972827,-0.013982288634779867,0.020141168076237753,-0.06984446688361229,-0.04700990264226989,0.14021301493420205,-0.10986542566744723,0.017489013362800884,-0.012464049839946248,0.04913455604516801,0.009295287454368587,0.055101903338105995,-0.052682228078557485,0.22340833085604442,0.04733919244711657,-0.09479013946351175,0.16977583258008827,0.031697039882067735,0.07983653110938667,-0.0903514291995139,0.002974637487473304,-0.03991569359030006,0.08774895195419541,0.17066228985002174,-0.2642703781402505,-0.10825268162330137,0.05641474908073062,-0.08361504931064008,-0.00751466242069634,-0.06347256675021336,-0.0046685036977411505,-0.010634098727350131,0.04104963722249206,0.13551123103879828,0.06815464599724218,0.18102529673575574,0.14518485896120234,-0.08607494979322046,0.0017988549368636606,0.18915383464489527,-0.13496499562887876,-0.11295892568635887,0.05298410857063161,-0.17658064582507196,0.035375739947895314,-0.02474708617624428,-0.11267286812450072,-0.010051139467440243,-0.17330234404604616,-0.046642434406274136,-0.16183808505092973,0.0416434662297754,0.15596608402014653,0.07961096565904874,0.0
results_s1/tianjin_wuqing_candidates.geojson,cand76,76,1.0,6.8,39.4267,116.99299,0.11913332979378113,-0.2694464156141397,0.2226650332473732,-0.15718608473320592,-0.025518796778733924,-0.021460178437590075,-0.04039502271798344,0.039567145753434854,-0.23641840130377423,0.002155464031075162,0.05844882583758537,0.004821320270955505,-0.06524024460730736,-0.13298131897208293,-0.09487858729945887,-0.15798879293219256,0.05566740229009016,0.1435259219778842,-0.06144328687406885,0.09043007081499055,-0.04459375506691697,0.04430239456917009,-0.15060399594276508,-0.03500209402760931,-0.020566136110208324,0.31336275391581564,0.05276035637006302,-0.09147878845674315,0.17556193856849242,0.021081708879557286,0.05078980749595633,-0.07246798252780057,-0.036394189274777784,0.005950149981520002,0.16785802701200747,0.11908644348142497,-0.2424471405380386,-0.1389885745561384,0.049151931726084286,-0.1290111807233382,-0.01673340712895019,-0.034548931834417006,-0.029504327413416964,0.014373858373937886,0.062132545276018365,0.14812465730029026,0.008297722733699922,0.15470909998615587,0.09067997438707967,-0.03521371818403809,-0.009522552063062737,0.15138684034981095,-0.13242337857334965,-0.07296997187735692,0.08056195396461086,-0.22907288152288824,0.08652022065530171,-0.004632209905016521,-0.023982103676465517,-0.007205127087803067,-0.10248498886238577,-0.1112075076076264,-0.2708725801384288,0.09167667492116323,0.09934942977309007,-0.2682803305325133,0.20804830023587303,-0.1506760590645048,-0.031049202451408676,-0.03782645403214182,-0.04466392771694518,0.02953942060909014,-0.19830904437864558,-0.019282488104980136,0.11023621794901463,0.005953502685504935,-0.060806929059646686,-0.12233503593900236,-0.08215198555509202,-0.16097278361814893,0.048599673406255955,0.10782874076213114,-0.083379356805098,0.09266841658637938,-0.05524309926750835,0.032870616796188364,-0.1286531591294602,-0.030986787280380713,-0.04476641413503515,0.2680044030176288,0.036193833590567395,-0.08426694294418172,0.15615425700661265,0.003326125627483473,0.08364152443006234,-0.06370197083810002,-0.026999130916477786,-0.006194805598318364,0.1375624314444124,0.1551311367114305,-0.25833909188983184,-0.11224240640234384,0.06185739475565265,-0.09376463818985174,-0.003478715293598046,-0.03242970504130846,-0.004206490468709269,0.019531979760883347,0.05084274108727424,0.12161745395795005,0.005749860098461742,0.13474043880387104,0.09173488640158996,-0.03142203090503076,-0.01657773730942441,0.16570619931905226,-0.13234035366295782,-0.04567841218990159,0.07104969052155692,-0.2151793850922392,0.07354799175342053,-0.005327973428765595,-0.04774950269791691,-0.006287232019253446,-0.11101319504761964,-0.1018665065131561,-0.2866950026836329,0.10552726107901515,0.1759052007020756,0.1310831193560954,0.0
results_s1/tianjin_wuqing_candidates.geojson,cand77,77,1.0,7.0,39.34307,117.09468,0.045499516616239875,-0.20736431440356834,0.26264894300556857,-0.15963141203765033,-0.10016906198476903,0.013906262344577173,-0.09721548185434656,0.16689825698872524,-0.19552828541365586,-0.08107620503669417,0.14900193731944558,0.02598793939725519,-0.010114788166685816,-0.09041518706944507,-0.05389043512200667,-0.08951784640508081,-0.035894127424217014,0.2192423798786646,-0.12066134766211847,0.10757633172081868,-0.08502173408693141,0.0930145593534629,-0.004196517017433506,0.03532216958784577,-0.016761506502783564,0.3090756693642933,0.07307899671281604,-0.134500927233726,0.13068948634831978,0.016080799506787678,-0.02100805615720587,-0.05290604629087276,-0.03529571176925184,0.035519843231569134,0.13999744560451255,0.1257562768133074,-0.1701963444298784,-0.11981732381301634,0.06783212572659213,-0.16734915622642002,0.007222638117427035,-0.07063958982532044,0.00179118784015552,0.03979649619230459,0.06207937915574971,0.22785547130037334,0.0958970412603084,0.16295106342324783,0.19011693889230977,-0.11440024119274354,0.03238170125262404,0.19288265804520044,-0.07728371919235438,-0.04069718332967431,0.03569180908527241,-0.20120026811029737,0.08232177325318682,-0.03301821138212901,-0.06396607727907576,-0.05866936303184849,-0.16970260136727294,-0.03827423221859557,-0.12268141382317314,0.011607519453827195,0.05763759531875714,-0.26761721513124265,0.23743798626487472,-0.1338137972426447,-0.07967234699978053,0.023235122723270444,-0.13086016307658382,0.12673703561904207,-0.15327957183533386,-0.06215035887112469,0.20572476925028063,-0.007032831854733542,-0.04259403753518116,-0.08019587488672379,-0.0493206652434186,-0.09447742627120125,-0.01874635335518726,0.13939153117670594,-0.14566008462393878,0.08837390698326265,-0.05290715357770741,0.03300175870541068,-0.03360537524717683,-0.012897322924834167,-0.05656012492066445,0.2986836261106255,0.09147548525933495,-0.09371586013411957,0.11464895733269992,0.03837926784538896,0.0412811149718825,-0.0836180286784333,-0.024007640306285667,-0.0171532982503006,0.10514064800716522,0.1454520899992898,-0.22787333354186498,-0.11704950138538626,0.06653610214374464,-0.07719732155810399,-0.013159219702684787,-0.05772177395223437,0.052121121041366264,0.04645789486284008,0.028149138992800866,0.17250521879881822,0.06284719281118133,0.1412701958854927,0.15135686695733883,-0.11809428993425218,0.008814180672164268,0.17686559496229529,-0.08061089818087877,-0.04732918057046385,0.05185453885009368,-0.19644026638468498,0.0713517521880003,0.00768431038824765,-0.05766230203487677,0.0054823912813780264,-0.13639222044817503,-0.05212917576986681,-0.20234080766241702,0.04680047974831675,0.12204539444444441,0.24453496565210375,0.0
results_s1/tianjin_wuqing_candidates.geojson,cand78,78,1.0,5.8,39.42751,117.06207,0.009990698567299427,-0.22244859181658677,0.341890851722908,-0.09725075154052153,-0.06597545871179399,-0.03939067077963859,-0.09190157146469115,0.09283093217649077,-0.1386914213855069,-0.12158215737314976,0.09240674827729092,0.08533967491671553,0.02021534846190134,-0.08601859459193152,-0.04070556522400682,-0.015270279479359874,-0.04022311370412846,0.2493626140755171,-0.04360979194369957,0.031843746132502834,-0.00016149066275188262,0.1673357881899703,0.024665606729453567,0.10529612971755341,-0.050564903487643795,0.17964808454714615,0.059207255422318424,-0.12979002898233738,0.19195577015567278,0.01925400861268189,0.057959335025786596,-0.012923191938181856,0.011186527208315793,-0.0012943961457326262,0.06881108157233619,0.06951927564466888,-0.23067930069026546,-0.07483381663148418,0.014858131301269666,-0.1863537951478339,-0.05979710279888674,-0.05549628703166909,-0.051247879029183575,-0.01694102269602453,0.12370943935392781,0.22707370271140564,0.07444470975533203,0.20980737216532955,0.2226228870732665,-0.05268521584782488,-0.03285064605067324,0.14335378902048984,-0.22618757056748626,-0.07013057681230735,0.05598816408629275,-0.241699920571581,0.04329545235055337,-0.08323007203423871,0.02176640629808856,0.0422706195314037,-0.14769742528069368,-0.060703671034903095,-0.048627881449640004,-0.0978609653378634,0.008622097736727449,-0.2501242494452298,0.29865604996739226,-0.10494053303412425,-0.07864917837925853,-0.008881654199947768,-0.12428886659917349,0.11736374875239848,-0.1426561101660903,-0.07741938387965512,0.13753236551291906,0.03052176215536828,7.736754845337198e-06,-0.0786212535969219,-0.036127493038683345,-0.04617292511206996,-0.03771549237938321,0.19559521087914195,-0.1016162164692905,0.035037627158759126,-0.030590033085630745,0.10469714186042996,-0.0020498962461925835,0.061465044779048204,-0.06473657959346045,0.2229372450482776,0.07311822478755049,-0.10391989702126199,0.14341345553786464,0.04034568269445964,0.040423754921958696,-0.02745478348524617,0.010600186376022077,-0.013244775457751545,0.046650882106868165,0.10673904460973077,-0.21598890527990275,-0.0941050582901585,0.02270178590913135,-0.09959503023287784,-0.010026609451123434,-0.04255026081637571,-0.012218841022866014,-0.0028307542973064837,0.0804594067369587,0.2069024985810287,0.08705538223526571,0.1897568963532713,0.1958032210495756,-0.08522999262429769,-0.018198523146914124,0.172126329420091,-0.16493608370257387,-0.06462474554793673,0.0418600156043768,-0.22922686097329042,0.05111238582772953,-0.03450443335952071,-0.011150953962930381,0.048321283605320786,-0.1451656605751943,-0.0736117836152879,-0.08743073996759876,-0.05102517656451666,0.12727400502645506,0.3581371513336482,0.0
